2009.07.02 09:00:00.774,0.8617,0.8618,1.60,1.40
2009.07.02 09:00:00.943,0.8617,0.8618,5.40,1.40
2009.07.02 09:00:01.283,0.86175,0.86185,1.00,5.00
2009.07.02 09:00:01.573,0.8617,0.86185,3.80,4.80
2009.07.02 09:00:01.853,0.8617,0.86185,2.20,2.20
2009.07.02 09:00:02.134,0.86165,0.86185,4.80,4.80
2009.07.02 09:00:02.423,0.86165,0.86185,4.80,4.00
2009.07.02 09:00:02.713,0.86165,0.86185,4.80,4.80
2009.07.02 09:00:03.003,0.86165,0.86185,1.40,4.80
2009.07.02 09:00:03.463,0.86175,0.86185,1.40,1.00
2009.07.02 09:00:03.933,0.86175,0.8619,2.20,7.00
2009.07.02 09:00:04.283,0.86175,0.8619,3.00,3.00
2009.07.02 09:00:04.693,0.86175,0.8619,1.60,3.00
2009.07.02 09:00:05.043,0.86175,0.8619,1.60,7.00
2009.07.02 09:00:05.392,0.8617,0.8619,4.80,7.00
2009.07.02 09:00:05.802,0.86175,0.8619,3.20,7.00
2009.07.02 09:00:06.212,0.86175,0.8619,4.80,7.80
2009.07.02 09:00:06.272,0.86175,0.8618,3.00,3.20
2009.07.02 09:00:06.442,0.8617,0.8618,4.80,3.20
2009.07.02 09:00:08.342,0.8617,0.86175,3.80,3.20
2009.07.02 09:00:08.681,0.8617,0.8618,2.40,3.20
2009.07.02 09:00:09.022,0.8617,0.8618,5.20,3.20
2009.07.02 09:00:09.312,0.8617,0.8618,11.00,3.20
2009.07.02 09:00:09.551,0.8618,0.86185,1.60,4.80
2009.07.02 09:00:09.881,0.8618,0.86195,4.80,1.00
2009.07.02 09:00:10.181,0.8618,0.86195,5.40,1.00
2009.07.02 09:00:10.641,0.8618,0.862,4.80,10.20
2009.07.02 09:00:11.121,0.8618,0.862,4.80,7.00
2009.07.02 09:00:11.471,0.86185,0.862,1.20,1.60
2009.07.02 09:00:11.971,0.86185,0.862,4.60,1.60
2009.07.02 09:00:12.201,0.86185,0.862,6.20,1.60
2009.07.02 09:00:12.541,0.8619,0.862,1.40,1.00
2009.07.02 09:00:12.881,0.8619,0.862,2.20,1.00
2009.07.02 09:00:13.180,0.8619,0.86205,1.40,14.40
2009.07.02 09:00:13.750,0.8619,0.862,1.40,3.20
2009.07.02 09:00:18.279,0.86185,0.8619,8.00,1.00
2009.07.02 09:00:18.619,0.8619,0.862,1.60,3.60
2009.07.02 09:00:19.159,0.86185,0.8619,7.10,1.00
2009.07.02 09:00:19.849,0.86185,0.8619,5.80,1.00
2009.07.02 09:00:21.638,0.8619,0.862,1.00,1.20
2009.07.02 09:00:29.227,0.8619,0.862,1.40,1.20
2009.07.02 09:00:29.576,0.86185,0.8619,16.20,1.00
2009.07.02 09:00:32.476,0.8619,0.862,3.80,3.20
2009.07.02 09:00:32.706,0.8619,0.862,2.20,3.20
2009.07.02 09:00:32.876,0.8619,0.862,3.00,5.00
2009.07.02 09:00:33.046,0.8619,0.862,4.60,1.00
2009.07.02 09:00:36.045,0.8619,0.862,3.80,1.00
2009.07.02 09:00:36.385,0.8619,0.862,1.00,1.80
2009.07.02 09:00:36.675,0.86185,0.8619,9.30,1.00
2009.07.02 09:00:38.684,0.86185,0.8619,10.60,1.00
2009.07.02 09:00:44.443,0.86185,0.8619,9.70,1.00
2009.07.02 09:00:44.793,0.86185,0.8619,14.20,1.00
2009.07.02 09:00:45.243,0.8619,0.862,1.40,1.40
2009.07.02 09:00:45.533,0.86185,0.8619,14.70,1.00
2009.07.02 09:00:45.823,0.86185,0.8619,7.40,1.00
2009.07.02 09:00:46.382,0.86185,0.8619,20.60,1.00
2009.07.02 09:00:49.461,0.86185,0.8619,20.40,1.00
2009.07.02 09:00:50.381,0.8619,0.862,1.00,3.70
2009.07.02 09:00:50.672,0.8619,0.862,2.20,2.10
2009.07.02 09:00:51.011,0.8619,0.86195,2.20,1.60
2009.07.02 09:00:51.411,0.8619,0.862,2.20,5.60
2009.07.02 09:00:51.761,0.8619,0.862,1.40,5.60
2009.07.02 09:00:55.790,0.86185,0.862,4.60,6.60
2009.07.02 09:00:56.240,0.8619,0.862,1.40,5.80
2009.07.02 09:00:56.520,0.8619,0.862,2.20,5.60
2009.07.02 09:00:59.739,0.86185,0.8619,13.60,1.00
2009.07.02 09:01:01.429,0.86185,0.8619,15.20,1.00
2009.07.02 09:01:01.659,0.8619,0.862,2.20,1.60
2009.07.02 09:01:03.469,0.8619,0.862,2.20,3.00
2009.07.02 09:01:04.038,0.8619,0.862,2.20,1.60
2009.07.02 09:01:07.038,0.8619,0.862,2.20,3.00
2009.07.02 09:01:08.197,0.8619,0.862,1.40,7.80
2009.07.02 09:01:08.587,0.8619,0.862,2.20,7.80
2009.07.02 09:01:08.927,0.8619,0.862,2.20,8.60
2009.07.02 09:01:09.387,0.8619,0.862,2.20,4.00
2009.07.02 09:01:12.826,0.8619,0.86205,2.20,6.40
2009.07.02 09:01:12.936,0.8619,0.86205,2.20,4.00
2009.07.02 09:01:13.996,0.8619,0.862,2.20,1.60
2009.07.02 09:01:14.226,0.8619,0.862,1.40,3.20
2009.07.02 09:01:14.346,0.8619,0.862,1.40,4.00
2009.07.02 09:01:14.455,0.86185,0.862,2.40,5.40
2009.07.02 09:01:14.796,0.86185,0.862,1.00,10.20
2009.07.02 09:01:15.076,0.86185,0.862,1.00,6.20
2009.07.02 09:01:15.415,0.8618,0.862,1.60,7.20
2009.07.02 09:01:15.585,0.8618,0.86195,3.80,2.20
2009.07.02 09:01:15.816,0.8618,0.86195,1.00,2.20
2009.07.02 09:01:15.985,0.8618,0.86195,1.00,9.40
2009.07.02 09:01:17.505,0.8618,0.86195,1.40,9.40
2009.07.02 09:01:17.715,0.8618,0.86195,1.40,9.40
2009.07.02 09:01:17.955,0.8618,0.86195,7.80,8.00
2009.07.02 09:01:18.065,0.8618,0.86195,7.80,3.80
2009.07.02 09:01:18.355,0.8618,0.86195,4.60,3.80
2009.07.02 09:01:18.695,0.8618,0.86195,4.60,4.40
2009.07.02 09:01:19.025,0.8618,0.86195,4.60,3.60
2009.07.02 09:01:19.544,0.8618,0.862,7.80,8.60
2009.07.02 09:01:19.994,0.8618,0.862,12.80,5.40
2009.07.02 09:01:20.274,0.8618,0.862,12.80,7.00
2009.07.02 09:01:20.854,0.8618,0.862,12.80,7.80
2009.07.02 09:01:21.314,0.8618,0.862,9.60,7.80
2009.07.02 09:01:21.544,0.8618,0.86195,8.00,1.40
2009.07.02 09:01:21.824,0.8618,0.862,4.60,7.80
2009.07.02 09:01:21.934,0.8618,0.862,7.80,7.80
2009.07.02 09:01:22.224,0.8618,0.862,9.60,7.80
2009.07.02 09:01:22.444,0.86185,0.862,1.40,7.80
2009.07.02 09:01:22.624,0.86185,0.862,3.80,7.80
2009.07.02 09:01:22.854,0.86185,0.862,1.00,6.20
2009.07.02 09:01:23.654,0.8618,0.862,6.40,7.80
2009.07.02 09:01:23.953,0.86185,0.862,1.40,7.80
2009.07.02 09:01:24.773,0.86185,0.862,4.60,6.20
2009.07.02 09:01:25.183,0.86185,0.862,3.80,5.40
2009.07.02 09:01:25.703,0.86185,0.862,1.00,7.80
2009.07.02 09:01:27.672,0.86185,0.862,1.00,7.00
2009.07.02 09:01:29.562,0.86185,0.862,1.00,10.20
2009.07.02 09:01:31.641,0.8618,0.862,20.80,10.20
2009.07.02 09:01:31.692,0.8618,0.86195,20.80,3.20
2009.07.02 09:01:31.801,0.8618,0.86195,19.00,3.20
2009.07.02 09:01:32.091,0.8618,0.86195,14.20,3.20
2009.07.02 09:01:32.541,0.8618,0.86195,14.20,3.20
2009.07.02 09:01:33.641,0.8618,0.86195,14.40,3.20
2009.07.02 09:01:33.811,0.8618,0.86195,12.60,3.20
2009.07.02 09:01:34.211,0.8618,0.86195,9.40,3.20
2009.07.02 09:01:37.940,0.8618,0.86195,7.80,3.20
2009.07.02 09:01:39.130,0.8618,0.86195,14.20,3.20
2009.07.02 09:01:39.630,0.8618,0.86195,14.20,3.20
2009.07.02 09:01:40.159,0.8618,0.86195,11.00,3.20
2009.07.02 09:01:41.089,0.8618,0.86195,12.80,3.20
2009.07.02 09:01:41.259,0.86185,0.86195,1.40,3.20
2009.07.02 09:01:41.429,0.86185,0.86195,1.00,3.20
2009.07.02 09:01:41.779,0.86185,0.86195,5.60,3.20
2009.07.02 09:01:42.239,0.86185,0.862,2.40,3.20
2009.07.02 09:01:42.749,0.8618,0.86195,7.00,3.20
2009.07.02 09:01:43.099,0.86185,0.86195,2.40,3.20
2009.07.02 09:01:44.129,0.86185,0.86195,6.40,3.20
2009.07.02 09:01:44.459,0.8619,0.86195,1.60,3.20
2009.07.02 09:01:45.098,0.86185,0.862,6.40,1.60
2009.07.02 09:01:46.359,0.86185,0.862,6.40,3.20
2009.07.02 09:01:46.688,0.8619,0.862,3.80,3.20
2009.07.02 09:01:46.978,0.8619,0.862,1.40,3.20
2009.07.02 09:01:47.498,0.8619,0.862,1.60,1.00
2009.07.02 09:01:47.798,0.8619,0.862,3.20,1.00
2009.07.02 09:01:48.038,0.8619,0.862,2.40,3.20
2009.07.02 09:01:48.278,0.8619,0.862,1.60,3.20
2009.07.02 09:01:49.087,0.8619,0.86195,1.40,3.20
2009.07.02 09:01:49.378,0.8619,0.86195,1.60,3.20
2009.07.02 09:01:49.607,0.8619,0.862,1.60,3.20
2009.07.02 09:01:50.007,0.8619,0.862,1.40,3.20
2009.07.02 09:01:50.367,0.8619,0.862,1.40,3.80
2009.07.02 09:01:50.547,0.86185,0.862,9.60,3.20
2009.07.02 09:01:50.767,0.86185,0.862,6.40,3.20
2009.07.02 09:01:50.947,0.86185,0.86195,6.40,3.20
2009.07.02 09:01:51.337,0.86185,0.862,6.40,3.20
2009.07.02 09:01:51.757,0.86185,0.86195,3.80,3.20
2009.07.02 09:01:52.037,0.8618,0.86195,11.20,3.20
2009.07.02 09:01:52.377,0.8618,0.86195,12.80,3.20
2009.07.02 09:01:53.027,0.8618,0.8619,1.60,3.20
2009.07.02 09:01:53.876,0.86175,0.86185,1.60,1.40
2009.07.02 09:01:54.226,0.86175,0.8618,1.60,1.60
2009.07.02 09:01:54.926,0.86165,0.8618,8.00,3.20
2009.07.02 09:01:55.166,0.86165,0.8618,6.40,3.20
2009.07.02 09:01:55.576,0.8617,0.8618,1.40,3.20
2009.07.02 09:01:55.876,0.86165,0.8618,8.00,3.20
2009.07.02 09:01:56.286,0.8617,0.8618,1.00,3.20
2009.07.02 09:01:56.925,0.8617,0.8618,1.00,1.60
2009.07.02 09:01:57.396,0.86175,0.86185,2.20,2.40
2009.07.02 09:01:57.695,0.8617,0.8618,3.20,1.60
2009.07.02 09:02:00.035,0.8616,0.8618,9.60,8.60
2009.07.02 09:02:00.384,0.8617,0.8618,1.60,7.20
2009.07.02 09:02:00.605,0.86175,0.8618,1.00,6.40
2009.07.02 09:02:00.834,0.8617,0.8618,11.20,3.20
2009.07.02 09:02:01.235,0.8617,0.8618,8.00,3.20
2009.07.02 09:02:01.594,0.8617,0.86185,6.40,3.20
2009.07.02 09:02:05.533,0.8617,0.8618,1.60,1.60
2009.07.02 09:02:05.833,0.86165,0.8618,11.20,1.60
2009.07.02 09:02:08.173,0.8617,0.86185,2.40,1.40
2009.07.02 09:02:08.633,0.86175,0.86185,1.60,1.40
2009.07.02 09:02:09.913,0.8617,0.86185,1.60,7.00
2009.07.02 09:02:10.082,0.8617,0.86185,1.60,8.60
2009.07.02 09:02:11.632,0.8617,0.86185,2.40,2.20
2009.07.02 09:02:11.902,0.86175,0.86185,1.60,1.00
2009.07.02 09:02:12.252,0.86175,0.8619,1.60,11.80
2009.07.02 09:02:12.672,0.86175,0.86185,1.60,1.40
2009.07.02 09:02:13.072,0.8617,0.86185,2.40,1.40
2009.07.02 09:02:14.471,0.8617,0.86185,2.40,2.20
2009.07.02 09:02:14.711,0.8617,0.86185,1.00,8.60
2009.07.02 09:02:16.461,0.8617,0.86185,1.40,8.60
2009.07.02 09:02:16.881,0.8617,0.8619,9.60,14.20
2009.07.02 09:02:17.221,0.86175,0.8619,1.60,8.60
2009.07.02 09:02:18.180,0.8617,0.8619,9.60,8.60
2009.07.02 09:02:18.360,0.8617,0.8619,9.60,8.60
2009.07.02 09:02:18.760,0.8617,0.8619,9.60,10.20
2009.07.02 09:02:19.170,0.8617,0.8618,4.80,3.20
2009.07.02 09:02:19.460,0.8617,0.86185,7.20,3.20
2009.07.02 09:02:19.750,0.8617,0.86185,9.60,3.20
2009.07.02 09:02:20.270,0.8617,0.86185,6.40,3.20
2009.07.02 09:02:20.440,0.8617,0.86185,4.00,3.20
2009.07.02 09:02:20.680,0.86175,0.86185,1.60,3.20
2009.07.02 09:02:21.320,0.86175,0.86185,2.40,3.20
2009.07.02 09:02:21.849,0.86175,0.86185,1.00,3.20
2009.07.02 09:02:21.960,0.86175,0.86185,1.40,3.20
2009.07.02 09:02:22.499,0.86175,0.86185,4.60,3.20
2009.07.02 09:02:22.859,0.86175,0.86185,2.40,3.20
2009.07.02 09:02:24.499,0.86185,0.8619,1.40,4.80
2009.07.02 09:02:25.029,0.8618,0.86195,1.60,1.40
2009.07.02 09:02:25.439,0.8618,0.86195,8.00,1.40
2009.07.02 09:02:25.548,0.8618,0.86195,4.80,1.00
2009.07.02 09:02:25.938,0.8618,0.86195,8.80,1.40
2009.07.02 09:02:26.178,0.8618,0.86195,7.20,1.40
2009.07.02 09:02:26.348,0.8618,0.86195,7.20,3.80
2009.07.02 09:02:26.578,0.8618,0.86195,8.00,2.40
2009.07.02 09:02:26.799,0.8618,0.86195,8.00,1.00
2009.07.02 09:02:26.968,0.8618,0.862,8.00,12.80
2009.07.02 09:02:27.148,0.8618,0.862,9.60,12.80
2009.07.02 09:02:27.368,0.8618,0.862,12.60,12.80
2009.07.02 09:02:27.538,0.8618,0.862,9.60,12.80
2009.07.02 09:02:27.768,0.8618,0.862,9.60,11.20
2009.07.02 09:02:28.118,0.8618,0.86195,9.60,2.40
2009.07.02 09:02:28.508,0.8618,0.86195,9.60,3.20
2009.07.02 09:02:29.158,0.86185,0.862,1.60,7.00
2009.07.02 09:02:29.857,0.86185,0.862,1.60,4.60
2009.07.02 09:02:31.867,0.8619,0.862,1.40,3.20
2009.07.02 09:02:32.037,0.86185,0.862,9.60,3.20
2009.07.02 09:02:32.437,0.86185,0.862,6.40,3.20
2009.07.02 09:02:36.586,0.86185,0.862,4.60,3.20
2009.07.02 09:02:37.216,0.86185,0.862,4.60,7.80
2009.07.02 09:02:37.506,0.86185,0.862,4.60,6.40
2009.07.02 09:02:38.195,0.86185,0.862,4.60,4.80
2009.07.02 09:02:38.355,0.86185,0.862,4.60,1.60
2009.07.02 09:02:38.655,0.86185,0.862,3.80,3.00
2009.07.02 09:02:38.955,0.86185,0.862,2.20,3.00
2009.07.02 09:02:39.115,0.86185,0.862,1.00,7.00
2009.07.02 09:02:39.455,0.86185,0.862,1.00,10.20
2009.07.02 09:02:39.855,0.86185,0.862,1.00,4.00
2009.07.02 09:02:40.245,0.86185,0.862,1.00,8.60
2009.07.02 09:02:40.595,0.86185,0.862,1.00,7.80
2009.07.02 09:02:40.885,0.8618,0.862,15.80,4.60
2009.07.02 09:02:41.485,0.8618,0.862,12.80,7.80
2009.07.02 09:02:41.775,0.8618,0.862,11.20,7.80
2009.07.02 09:02:42.005,0.8618,0.862,12.80,7.80
2009.07.02 09:02:42.235,0.86185,0.86205,1.00,8.60
2009.07.02 09:02:42.634,0.86185,0.862,3.80,4.60
2009.07.02 09:02:43.274,0.86185,0.862,4.60,4.60
2009.07.02 09:02:43.624,0.8619,0.86205,3.80,4.60
2009.07.02 09:02:44.024,0.8619,0.862,3.80,3.20
2009.07.02 09:02:44.824,0.8619,0.86205,3.80,3.80
2009.07.02 09:02:45.564,0.8619,0.86205,2.20,16.80
2009.07.02 09:02:45.684,0.86185,0.862,1.00,3.80
2009.07.02 09:02:46.043,0.86185,0.862,1.00,6.80
2009.07.02 09:02:46.284,0.86185,0.862,1.00,7.00
2009.07.02 09:02:46.574,0.8619,0.86195,1.00,3.20
2009.07.02 09:02:46.913,0.86185,0.86195,6.00,3.20
2009.07.02 09:02:47.143,0.86185,0.86195,1.00,3.20
2009.07.02 09:02:47.953,0.8618,0.86195,11.00,3.20
2009.07.02 09:02:48.253,0.8618,0.86195,10.20,1.40
2009.07.02 09:02:48.643,0.8618,0.86195,6.20,3.20
2009.07.02 09:02:48.763,0.8618,0.86195,4.60,3.20
2009.07.02 09:02:49.103,0.8618,0.86195,4.60,1.40
2009.07.02 09:02:49.463,0.86185,0.86195,5.40,3.20
2009.07.02 09:02:49.853,0.86185,0.86195,1.40,3.20
2009.07.02 09:02:49.913,0.8618,0.86195,2.20,3.20
2009.07.02 09:02:50.093,0.8618,0.8619,2.20,3.20
2009.07.02 09:02:50.213,0.8618,0.8619,1.40,3.20
2009.07.02 09:02:50.323,0.86185,0.86195,1.00,3.80
2009.07.02 09:02:50.492,0.86185,0.86195,1.40,3.80
2009.07.02 09:02:50.593,0.86185,0.8619,1.60,3.20
2009.07.02 09:02:51.062,0.8618,0.86195,3.00,3.20
2009.07.02 09:02:51.352,0.86185,0.862,1.40,11.80
2009.07.02 09:02:51.643,0.86185,0.86195,2.40,1.00
2009.07.02 09:02:52.042,0.8618,0.862,12.80,7.80
2009.07.02 09:02:54.211,0.8618,0.862,17.40,4.60
2009.07.02 09:02:54.971,0.86185,0.862,1.00,14.20
2009.07.02 09:02:55.022,0.8618,0.862,6.40,14.20
2009.07.02 09:02:55.371,0.8618,0.86195,6.20,3.80
2009.07.02 09:02:55.831,0.8618,0.8619,2.20,3.20
2009.07.02 09:02:56.281,0.8618,0.8619,1.00,3.20
2009.07.02 09:02:58.590,0.8618,0.8619,2.20,3.20
2009.07.02 09:02:59.151,0.8618,0.8619,1.00,3.20
2009.07.02 09:02:59.890,0.8618,0.862,6.20,4.00
2009.07.02 09:03:00.041,0.8618,0.862,1.40,4.00
2009.07.02 09:03:00.270,0.8618,0.86195,1.00,2.20
2009.07.02 09:03:00.390,0.86185,0.86195,1.00,3.20
2009.07.02 09:03:00.910,0.8618,0.86195,4.60,3.20
2009.07.02 09:03:01.310,0.8618,0.86195,4.80,3.20
2009.07.02 09:03:01.490,0.8618,0.8619,2.20,3.20
2009.07.02 09:03:01.770,0.8618,0.8619,1.40,3.20
2009.07.02 09:03:02.120,0.8618,0.862,3.00,6.20
2009.07.02 09:03:02.410,0.8618,0.862,8.00,4.00
2009.07.02 09:03:02.650,0.8618,0.86195,4.80,3.20
2009.07.02 09:03:03.040,0.8618,0.8619,6.40,3.20
2009.07.02 09:03:03.659,0.8618,0.8619,5.60,3.20
2009.07.02 09:03:03.939,0.8618,0.8619,1.00,3.20
2009.07.02 09:03:04.219,0.8618,0.8619,1.40,3.20
2009.07.02 09:03:04.549,0.8618,0.8619,1.00,3.20
2009.07.02 09:03:04.779,0.8618,0.86185,1.40,3.20
2009.07.02 09:03:04.899,0.8618,0.86185,1.00,3.20
2009.07.02 09:03:05.729,0.8617,0.86185,9.60,1.40
2009.07.02 09:03:06.069,0.8617,0.8619,3.00,9.40
2009.07.02 09:03:06.519,0.8617,0.8619,3.00,11.00
2009.07.02 09:03:06.819,0.86175,0.8619,1.60,10.20
2009.07.02 09:03:07.269,0.86175,0.8619,7.20,10.20
2009.07.02 09:03:07.609,0.86175,0.8619,8.00,5.40
2009.07.02 09:03:07.958,0.86175,0.86185,7.80,3.20
2009.07.02 09:03:08.418,0.86175,0.8619,4.60,3.00
2009.07.02 09:03:08.868,0.8618,0.86195,3.00,7.00
2009.07.02 09:03:09.108,0.8618,0.86195,4.60,3.80
2009.07.02 09:03:09.838,0.86185,0.86195,1.00,3.00
2009.07.02 09:03:10.128,0.86185,0.86195,1.00,2.40
2009.07.02 09:03:10.298,0.8618,0.86195,3.80,3.80
2009.07.02 09:03:10.538,0.8618,0.86195,2.20,3.80
2009.07.02 09:03:10.718,0.8618,0.86195,1.00,4.40
2009.07.02 09:03:11.068,0.8618,0.86195,1.60,4.40
2009.07.02 09:03:11.547,0.8618,0.86195,3.20,4.40
2009.07.02 09:03:11.937,0.8618,0.86195,5.40,3.80
2009.07.02 09:03:12.217,0.8618,0.86195,1.00,3.80
2009.07.02 09:03:12.507,0.86185,0.86195,1.00,3.20
2009.07.02 09:03:13.537,0.86185,0.86195,1.40,3.20
2009.07.02 09:03:14.007,0.86185,0.86195,1.00,3.20
2009.07.02 09:03:14.237,0.8618,0.86195,11.00,3.20
2009.07.02 09:03:14.517,0.8618,0.86195,4.60,3.20
2009.07.02 09:03:15.806,0.8618,0.86195,4.60,1.40
2009.07.02 09:03:18.086,0.86175,0.8619,3.00,8.60
2009.07.02 09:03:18.496,0.8617,0.8619,8.00,9.20
2009.07.02 09:03:22.185,0.8617,0.8619,9.20,9.20
2009.07.02 09:03:22.465,0.86175,0.8619,1.40,3.80
2009.07.02 09:03:23.485,0.8618,0.8619,1.00,3.80
2009.07.02 09:03:23.655,0.8618,0.8619,4.60,1.60
2009.07.02 09:03:23.775,0.86185,0.862,1.00,7.20
2009.07.02 09:03:24.174,0.86185,0.862,1.00,4.00
2009.07.02 09:03:24.335,0.86185,0.862,1.00,3.20
2009.07.02 09:03:24.504,0.86185,0.862,1.00,17.60
2009.07.02 09:03:24.684,0.86185,0.86195,1.00,3.20
2009.07.02 09:03:24.804,0.86185,0.86195,1.00,3.20
2009.07.02 09:03:25.044,0.86185,0.86195,1.00,4.00
2009.07.02 09:03:25.224,0.8618,0.86195,4.60,3.80
2009.07.02 09:03:25.394,0.8618,0.86185,4.60,3.20
2009.07.02 09:03:25.554,0.8618,0.86195,1.40,2.20
2009.07.02 09:03:25.674,0.8618,0.86185,1.00,3.20
2009.07.02 09:03:26.064,0.86175,0.86185,5.40,3.20
2009.07.02 09:03:26.184,0.8618,0.86185,1.00,3.20
2009.07.02 09:03:26.704,0.8618,0.8619,1.00,5.40
2009.07.02 09:03:26.874,0.8618,0.86195,4.60,3.80
2009.07.02 09:03:27.334,0.8618,0.8619,4.60,3.20
2009.07.02 09:03:27.453,0.8618,0.8619,3.80,4.60
2009.07.02 09:03:27.623,0.8618,0.8619,1.40,8.60
2009.07.02 09:03:27.734,0.86175,0.8619,2.20,9.40
2009.07.02 09:03:27.963,0.86165,0.86185,6.40,1.40
2009.07.02 09:03:28.243,0.8617,0.86185,2.20,6.20
2009.07.02 09:03:28.663,0.8617,0.86185,1.40,2.40
2009.07.02 09:03:29.063,0.8617,0.86185,6.40,2.40
2009.07.02 09:03:29.303,0.8617,0.8618,2.20,3.20
2009.07.02 09:03:29.583,0.8617,0.86185,4.80,3.20
2009.07.02 09:03:29.873,0.8617,0.86185,6.40,3.20
2009.07.02 09:03:30.153,0.86175,0.86185,1.00,1.00
2009.07.02 09:03:30.323,0.8617,0.8619,13.60,6.20
2009.07.02 09:03:30.503,0.8617,0.86185,13.60,3.20
2009.07.02 09:03:30.903,0.86175,0.86185,1.40,3.20
2009.07.02 09:03:31.113,0.86175,0.8619,3.80,3.20
2009.07.02 09:03:31.283,0.86175,0.8619,3.80,6.00
2009.07.02 09:03:31.813,0.86175,0.8619,1.40,6.00
2009.07.02 09:03:32.113,0.8617,0.8619,15.20,6.00
2009.07.02 09:03:32.463,0.8617,0.8619,7.00,13.60
2009.07.02 09:03:32.822,0.8617,0.8619,4.60,13.60
2009.07.02 09:03:33.002,0.86175,0.8619,1.00,15.20
2009.07.02 09:03:33.542,0.86175,0.8619,1.40,12.00
2009.07.02 09:03:34.012,0.86175,0.86185,1.00,3.20
2009.07.02 09:03:36.881,0.86175,0.8618,1.00,3.20
2009.07.02 09:03:37.322,0.86175,0.86185,1.00,3.20
2009.07.02 09:03:38.631,0.86175,0.8619,1.00,4.00
2009.07.02 09:03:39.661,0.86175,0.86185,1.00,3.20
2009.07.02 09:03:47.769,0.8617,0.86185,4.00,3.20
2009.07.02 09:03:48.109,0.8617,0.8618,2.40,3.20
2009.07.02 09:03:48.229,0.8617,0.8619,3.00,8.80
2009.07.02 09:03:48.469,0.86175,0.86185,1.00,3.20
2009.07.02 09:03:49.828,0.86175,0.8619,1.00,3.60
2009.07.02 09:03:50.118,0.86175,0.8619,1.00,3.00
2009.07.02 09:03:52.068,0.8617,0.8619,9.60,3.00
2009.07.02 09:03:52.178,0.8617,0.8619,4.60,10.80
2009.07.02 09:03:52.288,0.8617,0.8619,3.00,12.60
2009.07.02 09:03:53.158,0.8617,0.8619,3.00,14.20
2009.07.02 09:03:58.506,0.86175,0.8619,5.40,5.40
2009.07.02 09:03:58.746,0.86175,0.8619,1.00,5.40
2009.07.02 09:03:59.126,0.86175,0.8618,1.00,3.20
2009.07.02 09:03:59.476,0.86175,0.8619,1.00,3.80
2009.07.02 09:03:59.826,0.8617,0.8618,2.20,3.20
2009.07.02 09:04:02.245,0.8617,0.8618,1.00,1.60
2009.07.02 09:04:02.535,0.8617,0.86185,2.40,1.40
2009.07.02 09:04:02.825,0.8618,0.8619,1.00,5.00
2009.07.02 09:04:03.115,0.8618,0.8619,5.40,1.60
2009.07.02 09:04:03.405,0.86175,0.8619,7.00,1.40
2009.07.02 09:04:03.925,0.86175,0.8619,1.00,6.20
2009.07.02 09:04:04.205,0.86175,0.8619,1.00,1.40
2009.07.02 09:04:04.855,0.86175,0.8619,1.60,1.40
2009.07.02 09:04:05.215,0.8618,0.86195,1.40,1.60
2009.07.02 09:04:05.495,0.8618,0.862,1.40,16.80
2009.07.02 09:04:05.904,0.8618,0.862,3.20,13.60
2009.07.02 09:04:07.534,0.8618,0.862,8.60,4.00
2009.07.02 09:04:07.654,0.8618,0.862,3.80,13.60
2009.07.02 09:04:10.803,0.8618,0.862,3.80,16.80
2009.07.02 09:04:10.913,0.8618,0.86195,1.00,1.40
2009.07.02 09:04:11.423,0.86175,0.8619,1.80,1.40
2009.07.02 09:04:11.533,0.86175,0.8619,1.60,1.40
2009.07.02 09:04:11.883,0.86175,0.8619,5.60,1.00
2009.07.02 09:04:12.183,0.86175,0.86195,12.00,1.40
2009.07.02 09:04:12.423,0.86175,0.86195,1.60,7.00
2009.07.02 09:04:13.003,0.86175,0.86195,4.80,7.00
2009.07.02 09:04:13.352,0.86185,0.86195,1.40,3.20
2009.07.02 09:04:13.682,0.8618,0.86185,5.30,3.20
2009.07.02 09:04:14.203,0.86185,0.86195,1.40,7.20
2009.07.02 09:04:14.493,0.8618,0.86195,4.60,3.20
2009.07.02 09:04:14.772,0.8618,0.862,4.60,4.00
2009.07.02 09:04:17.002,0.8618,0.862,4.80,4.00
2009.07.02 09:04:17.412,0.86185,0.862,1.00,4.00
2009.07.02 09:04:17.582,0.8618,0.862,8.00,4.00
2009.07.02 09:04:17.821,0.8618,0.862,7.80,4.00
2009.07.02 09:04:17.881,0.8618,0.862,6.20,12.60
2009.07.02 09:04:18.001,0.8618,0.862,1.40,15.80
2009.07.02 09:04:18.571,0.8618,0.862,1.40,12.60
2009.07.02 09:04:19.421,0.86185,0.862,1.00,12.60
2009.07.02 09:04:19.591,0.86185,0.862,4.60,8.60
2009.07.02 09:04:19.711,0.86185,0.86195,4.60,3.20
2009.07.02 09:04:21.151,0.86185,0.86195,3.80,3.20
2009.07.02 09:04:21.451,0.86185,0.86195,3.00,3.20
2009.07.02 09:04:21.801,0.8618,0.8619,6.60,3.20
2009.07.02 09:04:22.221,0.86185,0.86195,1.00,3.20
2009.07.02 09:04:22.450,0.86185,0.86195,4.00,3.20
2009.07.02 09:04:22.730,0.86185,0.862,2.40,3.80
2009.07.02 09:04:23.090,0.86185,0.862,1.00,4.00
2009.07.02 09:04:23.610,0.8618,0.862,9.60,14.20
2009.07.02 09:04:23.850,0.8618,0.862,6.40,15.80
2009.07.02 09:04:24.150,0.8618,0.862,8.00,15.80
2009.07.02 09:04:25.470,0.8618,0.862,6.40,15.80
2009.07.02 09:04:28.489,0.8618,0.862,9.60,11.80
2009.07.02 09:04:29.129,0.8618,0.862,9.60,8.60
2009.07.02 09:04:29.999,0.8618,0.862,10.20,8.60
2009.07.02 09:04:33.868,0.8618,0.862,10.20,7.80
2009.07.02 09:04:34.168,0.8618,0.86195,10.40,3.20
2009.07.02 09:04:34.448,0.8618,0.862,11.80,3.80
2009.07.02 09:04:35.078,0.86185,0.86195,1.00,3.20
2009.07.02 09:04:35.417,0.86185,0.86195,4.60,3.20
2009.07.02 09:04:37.477,0.86185,0.86195,5.40,3.20
2009.07.02 09:04:38.217,0.86185,0.86195,3.80,3.20
2009.07.02 09:04:38.556,0.86185,0.86195,2.20,3.20
2009.07.02 09:04:38.826,0.86185,0.86195,2.20,3.20
2009.07.02 09:04:39.356,0.86185,0.86195,5.40,3.20
2009.07.02 09:04:39.706,0.86185,0.86195,5.40,3.20
2009.07.02 09:04:42.846,0.86185,0.8619,3.00,3.20
2009.07.02 09:04:43.485,0.8618,0.86195,13.60,3.20
2009.07.02 09:04:43.825,0.8618,0.86195,8.60,3.20
2009.07.02 09:04:44.205,0.8618,0.86185,8.60,3.20
2009.07.02 09:04:44.555,0.8618,0.8619,4.60,3.20
2009.07.02 09:04:45.615,0.8618,0.8619,1.00,3.20
2009.07.02 09:04:45.895,0.8618,0.86195,1.00,3.20
2009.07.02 09:04:46.195,0.8618,0.86195,1.00,3.20
2009.07.02 09:04:46.415,0.8618,0.8619,1.00,3.20
2009.07.02 09:04:46.535,0.8618,0.86195,3.00,7.80
2009.07.02 09:04:46.755,0.8618,0.86195,2.20,7.80
2009.07.02 09:04:47.034,0.8618,0.86185,1.40,3.20
2009.07.02 09:04:47.315,0.8618,0.8619,4.60,3.20
2009.07.02 09:04:48.514,0.8618,0.86185,4.60,3.20
2009.07.02 09:04:48.684,0.8618,0.862,7.00,23.20
2009.07.02 09:04:49.034,0.8618,0.862,7.00,14.20
2009.07.02 09:04:49.484,0.8618,0.862,8.60,15.00
2009.07.02 09:04:49.954,0.8618,0.862,13.40,11.00
2009.07.02 09:04:50.454,0.86185,0.862,1.00,3.20
2009.07.02 09:04:50.794,0.86185,0.862,1.60,7.80
2009.07.02 09:04:51.313,0.8618,0.862,13.40,11.00
2009.07.02 09:04:52.583,0.8618,0.862,10.20,11.00
2009.07.02 09:04:52.993,0.8618,0.862,13.40,11.00
2009.07.02 09:05:00.231,0.86175,0.86185,5.40,3.20
2009.07.02 09:05:00.821,0.86175,0.86185,5.40,3.20
2009.07.02 09:05:03.120,0.86175,0.86185,5.40,3.20
2009.07.02 09:05:03.530,0.86175,0.8618,1.00,3.20
2009.07.02 09:05:04.690,0.86175,0.8618,2.20,3.20
2009.07.02 09:05:04.980,0.86175,0.86185,5.40,3.20
2009.07.02 09:05:05.260,0.86175,0.86185,1.40,3.20
2009.07.02 09:05:05.770,0.86175,0.86185,2.20,3.20
2009.07.02 09:05:05.940,0.86175,0.86185,5.40,3.20
2009.07.02 09:05:07.290,0.86175,0.8619,5.40,3.20
2009.07.02 09:05:07.839,0.86175,0.8618,5.70,3.20
2009.07.02 09:05:08.409,0.86175,0.8619,5.20,5.40
2009.07.02 09:05:08.909,0.86175,0.8619,4.60,3.20
2009.07.02 09:05:10.039,0.86175,0.8619,9.80,3.20
2009.07.02 09:05:10.489,0.8618,0.8619,4.60,3.20
2009.07.02 09:05:10.839,0.8618,0.8619,6.20,3.20
2009.07.02 09:05:10.939,0.8618,0.8619,9.40,3.20
2009.07.02 09:05:11.279,0.8618,0.86195,12.60,3.20
2009.07.02 09:05:11.799,0.8618,0.86195,17.00,3.20
2009.07.02 09:05:12.038,0.8618,0.86195,18.60,3.20
2009.07.02 09:05:12.449,0.8618,0.86195,13.60,3.20
2009.07.02 09:05:13.198,0.8618,0.86195,16.00,3.20
2009.07.02 09:05:13.498,0.8618,0.8619,16.00,3.20
2009.07.02 09:05:13.668,0.8618,0.8619,13.00,3.20
2009.07.02 09:05:13.838,0.8618,0.8619,9.40,3.20
2009.07.02 09:05:15.268,0.8618,0.8619,11.00,3.20
2009.07.02 09:05:15.498,0.86185,0.8619,1.00,3.20
2009.07.02 09:05:15.727,0.86185,0.86195,1.40,3.20
2009.07.02 09:05:16.127,0.86185,0.86195,1.60,3.20
2009.07.02 09:05:16.567,0.86185,0.862,7.80,3.20
2009.07.02 09:05:16.907,0.86185,0.86195,7.80,3.20
2009.07.02 09:05:17.307,0.86185,0.86195,4.60,3.20
2009.07.02 09:05:20.157,0.86185,0.86195,4.60,3.20
2009.07.02 09:05:21.356,0.86185,0.86195,1.40,3.20
2009.07.02 09:05:22.056,0.86185,0.862,1.40,3.20
2009.07.02 09:05:23.106,0.86185,0.862,4.60,3.20
2009.07.02 09:05:23.496,0.86185,0.862,2.20,3.20
2009.07.02 09:05:23.666,0.86185,0.862,1.00,3.20
2009.07.02 09:05:24.006,0.86185,0.862,4.60,3.20
2009.07.02 09:05:24.235,0.86185,0.862,2.20,3.20
2009.07.02 09:05:24.755,0.86185,0.862,4.60,3.20
2009.07.02 09:05:25.345,0.86185,0.862,2.20,3.20
2009.07.02 09:05:25.685,0.86185,0.862,1.00,3.20
2009.07.02 09:05:26.015,0.86185,0.862,1.40,3.80
2009.07.02 09:05:26.585,0.86185,0.86195,8.00,3.20
2009.07.02 09:05:26.805,0.86185,0.86195,4.80,3.20
2009.07.02 09:05:27.195,0.86185,0.862,4.80,3.20
2009.07.02 09:05:27.375,0.86185,0.86195,8.00,3.20
2009.07.02 09:05:27.725,0.86185,0.86195,4.80,3.20
2009.07.02 09:05:28.195,0.86185,0.86195,7.80,3.20
2009.07.02 09:05:28.534,0.86185,0.86195,10.00,3.20
2009.07.02 09:05:29.214,0.86185,0.86195,6.80,3.20
2009.07.02 09:05:29.624,0.86185,0.86195,5.20,3.20
2009.07.02 09:05:29.684,0.86185,0.86195,4.60,3.20
2009.07.02 09:05:29.984,0.86185,0.86195,6.20,3.20
2009.07.02 09:05:30.084,0.8619,0.86195,1.00,3.20
2009.07.02 09:05:30.324,0.8619,0.86195,3.80,3.20
2009.07.02 09:05:30.434,0.8619,0.86195,1.40,3.20
2009.07.02 09:05:30.664,0.86185,0.862,6.80,3.20
2009.07.02 09:05:30.894,0.86185,0.86195,10.00,3.20
2009.07.02 09:05:31.484,0.86185,0.862,10.00,3.20
2009.07.02 09:05:31.814,0.86185,0.86195,10.00,3.20
2009.07.02 09:05:32.403,0.8619,0.86195,1.00,3.20
2009.07.02 09:05:32.514,0.8619,0.862,1.20,1.60
2009.07.02 09:05:32.754,0.86185,0.86195,10.00,3.20
2009.07.02 09:05:32.863,0.8619,0.86195,1.40,3.20
2009.07.02 09:05:33.143,0.86185,0.86195,10.00,3.20
2009.07.02 09:05:33.253,0.86185,0.862,7.00,3.20
2009.07.02 09:05:33.583,0.86185,0.86195,10.00,3.20
2009.07.02 09:05:33.863,0.86185,0.86195,7.00,3.20
2009.07.02 09:05:35.293,0.86185,0.86195,6.80,3.20
2009.07.02 09:05:38.392,0.86185,0.862,6.80,3.20
2009.07.02 09:05:38.832,0.86185,0.8619,10.00,3.20
2009.07.02 09:05:39.113,0.86185,0.8619,7.80,3.20
2009.07.02 09:05:39.172,0.86185,0.8619,1.00,3.20
2009.07.02 09:05:40.672,0.8618,0.8619,14.80,3.20
2009.07.02 09:05:41.011,0.8618,0.8619,9.40,3.20
2009.07.02 09:05:41.131,0.8618,0.8619,10.00,3.20
2009.07.02 09:05:41.421,0.8618,0.8619,11.60,3.20
2009.07.02 09:05:58.227,0.8618,0.8619,2.20,3.20
2009.07.02 09:06:00.837,0.8618,0.8619,4.60,3.80
2009.07.02 09:06:01.486,0.8618,0.8619,4.60,3.20
2009.07.02 09:06:01.656,0.8618,0.86185,4.60,3.20
2009.07.02 09:06:01.826,0.8618,0.8619,4.60,3.20
2009.07.02 09:06:01.997,0.8618,0.86185,3.80,3.20
2009.07.02 09:06:02.116,0.8618,0.86185,1.40,3.20
2009.07.02 09:06:06.855,0.8618,0.86185,2.00,3.20
2009.07.02 09:06:07.085,0.8618,0.86185,2.80,3.20
2009.07.02 09:06:07.925,0.8618,0.86185,1.40,3.20
2009.07.02 09:06:08.785,0.8618,0.86185,2.20,3.20
2009.07.02 09:06:08.905,0.8618,0.86185,2.80,3.20
2009.07.02 09:06:12.534,0.86175,0.8619,8.60,5.40
2009.07.02 09:06:12.874,0.86175,0.86185,10.80,3.20
2009.07.02 09:06:13.334,0.8618,0.86185,1.20,3.20
2009.07.02 09:06:15.093,0.8618,0.86185,1.00,3.20
2009.07.02 09:06:15.203,0.86175,0.86185,2.20,3.20
2009.07.02 09:06:15.543,0.86175,0.86185,7.80,3.20
2009.07.02 09:06:15.713,0.86175,0.86185,6.20,3.20
2009.07.02 09:06:16.013,0.86175,0.86185,4.60,3.20
2009.07.02 09:06:16.523,0.86175,0.86185,4.80,3.20
2009.07.02 09:06:16.763,0.86175,0.86185,4.60,3.20
2009.07.02 09:06:17.273,0.86175,0.86185,4.80,3.20
2009.07.02 09:06:17.502,0.86175,0.86185,4.60,3.20
2009.07.02 09:06:20.692,0.86175,0.86185,8.40,3.20
2009.07.02 09:06:20.802,0.86175,0.86185,11.60,3.20
2009.07.02 09:06:21.142,0.86175,0.8619,7.60,3.20
2009.07.02 09:06:21.372,0.86175,0.8619,8.00,3.20
2009.07.02 09:06:21.772,0.8618,0.8619,15.00,3.20
2009.07.02 09:06:22.112,0.8618,0.86195,15.00,3.80
2009.07.02 09:06:22.452,0.8618,0.86195,19.20,3.20
2009.07.02 09:06:22.691,0.8618,0.8619,4.20,3.20
2009.07.02 09:06:22.922,0.86185,0.8619,1.00,3.20
2009.07.02 09:06:23.101,0.8618,0.8619,17.40,3.20
2009.07.02 09:06:23.341,0.8618,0.8619,16.40,3.20
2009.07.02 09:06:25.541,0.8618,0.8619,17.40,3.20
2009.07.02 09:06:25.890,0.8618,0.86195,7.40,18.80
2009.07.02 09:06:26.050,0.8618,0.862,7.40,10.60
2009.07.02 09:06:26.401,0.8618,0.8619,13.20,3.20
2009.07.02 09:06:26.790,0.8618,0.8619,11.00,3.20
2009.07.02 09:06:27.140,0.8618,0.8619,1.40,3.20
2009.07.02 09:06:27.660,0.86175,0.8619,1.60,3.20
2009.07.02 09:06:28.000,0.86175,0.8619,4.60,3.20
2009.07.02 09:06:31.279,0.86175,0.8619,7.80,3.20
2009.07.02 09:06:31.779,0.8617,0.8619,4.00,3.20
2009.07.02 09:06:32.299,0.8617,0.86185,6.40,3.20
2009.07.02 09:06:32.649,0.86175,0.86185,1.00,3.20
2009.07.02 09:06:33.749,0.8617,0.86185,9.40,3.20
2009.07.02 09:06:34.039,0.8617,0.86185,1.40,3.20
2009.07.02 09:06:34.439,0.86175,0.86185,1.00,3.20
2009.07.02 09:06:39.278,0.86175,0.8619,1.00,3.80
2009.07.02 09:06:39.667,0.86175,0.8619,1.00,3.20
2009.07.02 09:06:43.386,0.86175,0.86185,1.00,3.20
2009.07.02 09:06:43.616,0.86175,0.86185,1.60,3.20
2009.07.02 09:06:44.006,0.86175,0.86185,2.20,3.20
2009.07.02 09:06:44.456,0.8617,0.86185,7.00,3.20
2009.07.02 09:06:45.026,0.8617,0.8618,1.40,3.20
2009.07.02 09:06:45.316,0.86165,0.8618,10.00,3.20
2009.07.02 09:06:47.176,0.86165,0.8618,8.00,3.20
2009.07.02 09:06:49.415,0.8617,0.8618,1.00,3.20
2009.07.02 09:06:49.655,0.8617,0.8618,3.00,3.20
2009.07.02 09:06:49.835,0.8617,0.86185,1.60,3.00
2009.07.02 09:06:50.125,0.8617,0.8618,1.40,3.20
2009.07.02 09:06:50.605,0.8617,0.8618,1.60,3.20
2009.07.02 09:06:50.965,0.86165,0.8618,9.60,3.20
2009.07.02 09:06:56.294,0.86165,0.8618,5.40,3.20
2009.07.02 09:06:56.643,0.8616,0.8617,11.20,3.20
2009.07.02 09:06:56.983,0.8616,0.8617,4.60,1.60
2009.07.02 09:06:58.053,0.8616,0.8617,3.80,1.60
2009.07.02 09:06:58.283,0.8616,0.8617,1.00,1.60
2009.07.02 09:07:00.672,0.8616,0.86175,1.40,3.80
2009.07.02 09:07:00.993,0.86165,0.86175,1.40,3.80
2009.07.02 09:07:01.332,0.86165,0.86175,4.60,3.20
2009.07.02 09:07:01.573,0.86165,0.86175,3.80,3.20
2009.07.02 09:07:01.922,0.86165,0.86175,1.00,3.20
2009.07.02 09:07:02.272,0.86165,0.8618,9.60,3.20
2009.07.02 09:07:03.012,0.86165,0.8618,14.80,3.20
2009.07.02 09:07:03.411,0.8617,0.8618,1.00,3.20
2009.07.02 09:07:03.641,0.8617,0.8618,1.00,3.20
2009.07.02 09:07:03.872,0.86165,0.8618,10.00,3.20
2009.07.02 09:07:04.392,0.86165,0.8618,6.40,3.20
2009.07.02 09:07:04.871,0.86165,0.8618,4.60,3.20
2009.07.02 09:07:05.741,0.86165,0.86175,3.80,3.20
2009.07.02 09:07:06.021,0.86165,0.86175,2.20,3.20
2009.07.02 09:07:06.361,0.8616,0.8617,11.20,3.20
2009.07.02 09:07:06.711,0.8616,0.86175,4.60,3.20
2009.07.02 09:07:08.031,0.8616,0.8617,4.60,3.20
2009.07.02 09:07:08.260,0.8616,0.8617,3.00,3.20
2009.07.02 09:07:08.370,0.86155,0.8617,11.60,3.20
2009.07.02 09:07:08.720,0.86155,0.8617,6.80,3.20
2009.07.02 09:07:09.290,0.8616,0.8617,1.00,3.20
2009.07.02 09:07:09.800,0.86155,0.8617,6.40,1.60
2009.07.02 09:07:10.130,0.86155,0.8617,1.40,3.20
2009.07.02 09:07:10.770,0.86155,0.86165,1.40,3.20
2009.07.02 09:07:11.050,0.86155,0.8617,1.40,3.20
2009.07.02 09:07:11.510,0.86155,0.8617,3.00,3.20
2009.07.02 09:07:11.670,0.86155,0.8617,6.40,3.20
2009.07.02 09:07:16.099,0.86155,0.8617,14.20,3.20
2009.07.02 09:07:16.399,0.86155,0.8617,8.00,3.20
2009.07.02 09:07:16.789,0.86155,0.8617,7.80,10.40
2009.07.02 09:07:16.968,0.8616,0.86165,2.80,3.20
2009.07.02 09:07:17.258,0.8616,0.86165,1.60,3.20
2009.07.02 09:07:17.438,0.86155,0.86165,2.40,3.20
2009.07.02 09:07:17.668,0.86155,0.86165,1.00,3.20
2009.07.02 09:07:19.098,0.86155,0.86165,1.40,3.20
2009.07.02 09:07:19.268,0.86155,0.86165,4.60,3.20
2009.07.02 09:07:19.618,0.86155,0.8617,4.60,3.80
2009.07.02 09:07:19.797,0.86155,0.86165,4.60,3.20
2009.07.02 09:07:22.337,0.86155,0.8617,4.60,3.80
2009.07.02 09:07:23.107,0.86155,0.86165,3.80,3.20
2009.07.02 09:07:23.217,0.8615,0.86165,11.20,3.20
2009.07.02 09:07:23.437,0.8615,0.86165,9.40,3.20
2009.07.02 09:07:23.547,0.8615,0.86165,7.00,3.20
2009.07.02 09:07:23.777,0.8615,0.86165,7.00,1.40
2009.07.02 09:07:24.237,0.8615,0.86165,1.60,3.20
2009.07.02 09:07:24.577,0.86155,0.8617,1.00,3.80
2009.07.02 09:07:25.026,0.86155,0.8617,1.40,3.20
2009.07.02 09:07:25.427,0.8616,0.8617,1.40,3.20
2009.07.02 09:07:27.586,0.86155,0.8617,8.40,3.20
2009.07.02 09:07:27.886,0.86155,0.8617,7.80,3.20
2009.07.02 09:07:28.766,0.86155,0.8617,6.20,3.20
2009.07.02 09:07:29.055,0.8615,0.86165,13.20,3.20
2009.07.02 09:07:29.335,0.8615,0.8616,11.60,3.20
2009.07.02 09:07:29.745,0.8615,0.86165,11.60,3.20
2009.07.02 09:07:30.035,0.8615,0.8616,10.00,3.20
2009.07.02 09:07:30.615,0.8615,0.8616,5.20,3.20
2009.07.02 09:07:30.905,0.8615,0.8616,8.40,3.20
2009.07.02 09:07:31.085,0.86155,0.8616,1.00,3.20
2009.07.02 09:07:31.435,0.86155,0.8617,3.60,4.00
2009.07.02 09:07:31.595,0.8616,0.8617,1.00,3.80
2009.07.02 09:07:31.945,0.8616,0.8617,2.20,3.20
2009.07.02 09:07:33.544,0.8616,0.8617,1.00,3.20
2009.07.02 09:07:33.894,0.8616,0.8617,2.20,3.20
2009.07.02 09:07:34.414,0.8616,0.8617,3.00,3.20
2009.07.02 09:07:34.824,0.8616,0.86175,3.20,3.20
2009.07.02 09:07:35.365,0.8616,0.86175,3.00,3.20
2009.07.02 09:07:35.484,0.8616,0.86175,3.20,3.20
2009.07.02 09:07:35.714,0.8616,0.86175,4.80,3.20
2009.07.02 09:07:35.834,0.8616,0.86175,9.60,3.20
2009.07.02 09:07:36.534,0.8616,0.86175,8.00,3.20
2009.07.02 09:07:36.773,0.8616,0.86175,8.00,3.20
2009.07.02 09:07:37.004,0.8616,0.8617,8.00,3.20
2009.07.02 09:07:37.183,0.8616,0.8617,3.00,3.20
2009.07.02 09:07:39.373,0.8616,0.86175,6.40,3.20
2009.07.02 09:07:39.483,0.8616,0.86175,8.00,3.20
2009.07.02 09:07:39.723,0.8616,0.8617,4.80,3.20
2009.07.02 09:07:40.123,0.8616,0.8617,3.00,3.20
2009.07.02 09:07:40.463,0.8616,0.86175,2.20,3.20
2009.07.02 09:07:40.792,0.8616,0.8617,2.20,3.20
2009.07.02 09:07:41.183,0.8616,0.86175,3.00,3.20
2009.07.02 09:07:41.542,0.8616,0.8617,3.00,3.20
2009.07.02 09:07:43.712,0.8616,0.86175,3.00,3.20
2009.07.02 09:07:43.942,0.8616,0.8617,3.00,3.20
2009.07.02 09:07:46.691,0.8616,0.86165,1.40,3.20
2009.07.02 09:07:47.151,0.8616,0.8617,1.00,3.80
2009.07.02 09:07:47.511,0.8616,0.86175,2.20,3.20
2009.07.02 09:07:47.801,0.8616,0.86175,3.00,3.20
2009.07.02 09:07:48.661,0.8616,0.8617,3.00,3.20
2009.07.02 09:07:49.110,0.8616,0.86175,3.00,3.20
2009.07.02 09:07:49.620,0.86165,0.86175,1.00,3.20
2009.07.02 09:07:50.200,0.86165,0.8618,1.00,3.20
2009.07.02 09:07:51.300,0.86165,0.86175,1.00,3.20
2009.07.02 09:07:51.660,0.86165,0.8618,1.00,4.00
2009.07.02 09:07:51.830,0.86165,0.86175,1.00,3.20
2009.07.02 09:07:52.180,0.86165,0.8617,1.00,3.20
2009.07.02 09:07:52.480,0.8616,0.86175,9.40,3.20
2009.07.02 09:07:52.819,0.8616,0.86175,3.00,3.20
2009.07.02 09:07:53.510,0.8616,0.86175,8.00,3.20
2009.07.02 09:07:53.959,0.8616,0.86175,9.60,3.20
2009.07.02 09:07:54.369,0.8616,0.86175,9.60,3.20
2009.07.02 09:07:54.609,0.8616,0.86175,3.00,3.80
2009.07.02 09:07:55.369,0.8616,0.86175,2.20,3.80
2009.07.02 09:07:55.649,0.8616,0.8617,2.20,3.20
2009.07.02 09:07:56.119,0.8616,0.8617,3.00,3.20
2009.07.02 09:07:56.749,0.8616,0.8617,2.20,3.20
2009.07.02 09:07:56.869,0.8616,0.8617,1.40,3.20
2009.07.02 09:07:57.678,0.8616,0.8617,2.20,3.20
2009.07.02 09:07:58.308,0.86155,0.8617,17.40,3.20
2009.07.02 09:07:58.598,0.86155,0.8617,10.80,3.20
2009.07.02 09:07:58.768,0.86155,0.8617,5.40,6.20
2009.07.02 09:07:59.058,0.86155,0.8616,3.80,3.20
2009.07.02 09:07:59.398,0.8615,0.86165,4.40,1.40
2009.07.02 09:07:59.928,0.8615,0.86165,8.60,3.20
2009.07.02 09:08:00.088,0.8615,0.86165,5.20,3.20
2009.07.02 09:08:01.547,0.8615,0.86165,8.40,3.20
2009.07.02 09:08:05.457,0.8615,0.86155,7.00,3.20
2009.07.02 09:08:05.697,0.86155,0.8616,1.00,4.40
2009.07.02 09:08:05.986,0.8615,0.86155,7.80,3.20
2009.07.02 09:08:06.276,0.8615,0.86165,4.60,3.20
2009.07.02 09:08:06.506,0.8615,0.8617,7.80,3.80
2009.07.02 09:08:06.786,0.8615,0.8617,9.60,3.80
2009.07.02 09:08:07.016,0.8615,0.8617,7.80,3.80
2009.07.02 09:08:07.186,0.8615,0.86155,5.40,3.20
2009.07.02 09:08:07.406,0.86145,0.86155,1.60,3.20
2009.07.02 09:08:07.686,0.86145,0.8616,1.60,3.20
2009.07.02 09:08:07.906,0.8614,0.8616,14.80,3.20
2009.07.02 09:08:07.966,0.8614,0.8616,12.40,3.20
2009.07.02 09:08:08.186,0.8614,0.8616,10.80,3.20
2009.07.02 09:08:08.296,0.8614,0.86155,9.20,3.20
2009.07.02 09:08:08.526,0.8614,0.8615,7.60,3.20
2009.07.02 09:08:08.806,0.86135,0.86145,7.20,3.20
2009.07.02 09:08:08.866,0.8614,0.86145,1.40,3.20
2009.07.02 09:08:09.616,0.8614,0.8615,1.40,3.20
2009.07.02 09:08:09.736,0.8614,0.86145,1.40,3.20
2009.07.02 09:08:10.186,0.8614,0.86145,2.20,3.20
2009.07.02 09:08:10.705,0.86145,0.86155,1.00,3.20
2009.07.02 09:08:11.085,0.8614,0.8616,6.40,8.60
2009.07.02 09:08:11.425,0.86145,0.8616,1.00,8.60
2009.07.02 09:08:11.775,0.86145,0.86155,1.00,3.20
2009.07.02 09:08:12.285,0.8614,0.8615,7.20,3.20
2009.07.02 09:08:12.575,0.8614,0.8615,6.20,3.20
2009.07.02 09:08:13.924,0.8614,0.8615,7.00,3.20
2009.07.02 09:08:14.034,0.8614,0.8615,7.80,3.20
2009.07.02 09:08:15.584,0.8614,0.86155,7.80,3.80
2009.07.02 09:08:15.695,0.8614,0.86155,7.80,3.20
2009.07.02 09:08:15.754,0.8614,0.86155,12.60,3.20
2009.07.02 09:08:17.634,0.8614,0.86155,14.20,3.20
2009.07.02 09:08:18.833,0.8614,0.8615,14.20,3.20
2009.07.02 09:08:19.073,0.8614,0.8615,9.40,3.20
2009.07.02 09:08:19.313,0.8614,0.8615,7.80,3.20
2009.07.02 09:08:22.043,0.8614,0.8615,3.00,3.20
2009.07.02 09:08:22.673,0.86135,0.8615,1.60,5.60
2009.07.02 09:08:22.793,0.8614,0.8615,2.20,5.60
2009.07.02 09:08:23.073,0.8614,0.8615,1.40,3.20
2009.07.02 09:08:23.312,0.8614,0.8615,1.00,3.20
2009.07.02 09:08:23.762,0.86135,0.86145,1.40,3.20
2009.07.02 09:08:24.062,0.8613,0.86145,14.20,3.20
2009.07.02 09:08:24.402,0.86135,0.86145,1.40,3.20
2009.07.02 09:08:24.692,0.8613,0.8614,9.40,3.20
2009.07.02 09:08:28.121,0.8613,0.8614,4.60,3.20
2009.07.02 09:08:41.038,0.8613,0.8614,4.60,4.00
2009.07.02 09:08:41.258,0.8613,0.8614,4.60,4.80
2009.07.02 09:08:44.837,0.86135,0.8614,1.00,4.80
2009.07.02 09:08:45.777,0.8613,0.8614,7.00,4.80
2009.07.02 09:08:46.117,0.8613,0.8614,1.00,4.80
2009.07.02 09:08:50.906,0.8613,0.86135,1.00,1.60
2009.07.02 09:08:52.575,0.8613,0.86135,5.60,1.60
2009.07.02 09:08:52.745,0.8613,0.86135,4.60,1.60
2009.07.02 09:08:56.634,0.8613,0.86135,5.40,1.60
2009.07.02 09:08:56.864,0.8613,0.8614,4.60,4.80
2009.07.02 09:08:56.984,0.8613,0.8614,1.00,4.80
2009.07.02 09:08:58.504,0.86125,0.8614,17.20,4.80
2009.07.02 09:08:58.564,0.86125,0.8614,16.40,4.80
2009.07.02 09:08:59.074,0.8613,0.8614,1.40,4.80
2009.07.02 09:09:06.062,0.8613,0.8614,2.20,4.80
2009.07.02 09:09:06.282,0.8613,0.8614,1.00,4.80
2009.07.02 09:09:07.232,0.8613,0.8614,2.20,4.80
2009.07.02 09:09:10.921,0.8613,0.8614,1.00,4.80
2009.07.02 09:09:12.170,0.8613,0.8614,2.20,4.80
2009.07.02 09:09:12.980,0.8613,0.8614,3.00,4.80
2009.07.02 09:09:13.150,0.8613,0.8614,3.80,4.80
2009.07.02 09:09:13.440,0.8613,0.86135,6.80,1.60
2009.07.02 09:09:14.370,0.8613,0.8614,3.00,4.80
2009.07.02 09:09:15.070,0.8613,0.8614,4.60,4.80
2009.07.02 09:09:17.399,0.8613,0.8614,3.80,4.80
2009.07.02 09:09:17.799,0.8613,0.8614,3.00,4.80
2009.07.02 09:09:17.859,0.8613,0.8614,4.60,4.80
2009.07.02 09:09:17.979,0.8613,0.8614,3.80,4.80
2009.07.02 09:09:18.389,0.8613,0.8614,2.20,4.80
2009.07.02 09:09:23.278,0.8613,0.86135,3.80,1.60
2009.07.02 09:09:23.678,0.8613,0.8614,1.20,4.80
2009.07.02 09:09:23.908,0.8613,0.8614,1.00,4.80
2009.07.02 09:09:24.078,0.8613,0.8614,1.40,4.80
2009.07.02 09:09:24.377,0.8613,0.8614,3.00,4.80
2009.07.02 09:09:25.068,0.8613,0.8614,2.20,4.80
2009.07.02 09:09:26.337,0.8613,0.8614,1.40,4.80
2009.07.02 09:09:26.567,0.8613,0.8614,2.20,4.80
2009.07.02 09:09:30.106,0.8613,0.8614,8.60,4.80
2009.07.02 09:09:30.336,0.8613,0.8614,2.20,4.80
2009.07.02 09:09:31.176,0.8613,0.8614,1.00,4.80
2009.07.02 09:09:34.445,0.8613,0.86135,12.20,1.00
2009.07.02 09:09:34.905,0.86135,0.86145,4.60,2.90
2009.07.02 09:09:40.104,0.86135,0.8614,3.00,3.80
2009.07.02 09:09:40.384,0.86135,0.8614,1.60,3.80
2009.07.02 09:09:40.623,0.8613,0.8614,4.60,3.80
2009.07.02 09:09:44.823,0.8613,0.8614,2.20,3.80
2009.07.02 09:09:45.423,0.8613,0.8614,14.40,3.80
2009.07.02 09:09:45.703,0.8613,0.8614,13.20,3.80
2009.07.02 09:09:46.102,0.8613,0.8614,4.60,3.80
2009.07.02 09:09:46.382,0.8613,0.8614,2.20,3.80
2009.07.02 09:09:49.021,0.8613,0.86135,6.20,1.00
2009.07.02 09:09:49.082,0.8613,0.86135,6.80,1.00
2009.07.02 09:09:49.132,0.8613,0.86135,10.00,1.00
2009.07.02 09:09:49.362,0.86135,0.8614,1.00,1.60
2009.07.02 09:09:49.541,0.8613,0.86135,16.00,1.00
2009.07.02 09:09:49.942,0.8613,0.86135,16.20,1.00
2009.07.02 09:09:50.531,0.8613,0.86135,17.80,1.00
2009.07.02 09:09:50.811,0.8613,0.86135,16.20,1.00
2009.07.02 09:09:50.981,0.8613,0.86135,16.20,1.00
2009.07.02 09:09:51.961,0.8613,0.86135,15.10,1.00
2009.07.02 09:09:53.851,0.8613,0.86135,15.70,1.00
2009.07.02 09:09:56.600,0.8613,0.86135,15.10,1.00
2009.07.02 09:10:04.638,0.8613,0.86135,15.40,1.00
2009.07.02 09:10:06.717,0.86135,0.8614,2.40,3.20
2009.07.02 09:10:06.887,0.86135,0.8614,3.20,3.20
2009.07.02 09:10:07.287,0.86135,0.8614,3.00,3.20
2009.07.02 09:10:07.517,0.86135,0.8615,1.40,3.20
2009.07.02 09:10:07.697,0.86135,0.86145,1.40,3.20
2009.07.02 09:10:07.918,0.86135,0.8615,1.00,3.20
2009.07.02 09:10:08.207,0.86135,0.8615,1.40,3.20
2009.07.02 09:10:08.547,0.86135,0.8615,1.00,3.20
2009.07.02 09:10:10.057,0.86135,0.86145,1.40,3.20
2009.07.02 09:10:11.406,0.86135,0.8614,1.40,3.20
2009.07.02 09:10:11.576,0.8613,0.8614,2.80,3.20
2009.07.02 09:10:11.926,0.8613,0.8614,2.20,3.20
2009.07.02 09:10:14.006,0.8613,0.8614,3.80,3.20
2009.07.02 09:10:14.116,0.8613,0.8614,4.40,3.20
2009.07.02 09:10:14.235,0.8613,0.8614,2.20,3.20
2009.07.02 09:10:14.535,0.8613,0.8614,4.40,3.20
2009.07.02 09:10:14.595,0.8613,0.8614,2.80,3.20
2009.07.02 09:10:14.715,0.8613,0.8614,2.20,3.20
2009.07.02 09:10:18.744,0.8612,0.8613,6.80,3.20
2009.07.02 09:10:19.024,0.8612,0.8613,5.20,3.20
2009.07.02 09:10:24.043,0.8612,0.8613,3.00,3.20
2009.07.02 09:10:29.482,0.8612,0.8613,3.20,3.20
2009.07.02 09:10:29.772,0.86125,0.8613,1.00,3.20
2009.07.02 09:10:30.422,0.86125,0.8613,1.60,3.20
2009.07.02 09:10:30.652,0.86125,0.8613,1.00,3.20
2009.07.02 09:10:34.591,0.8613,0.86135,1.00,3.20
2009.07.02 09:10:35.890,0.8613,0.8614,2.20,3.20
2009.07.02 09:10:36.300,0.8613,0.86135,2.20,3.20
2009.07.02 09:10:36.760,0.8613,0.86145,2.20,3.80
2009.07.02 09:10:37.120,0.86135,0.8614,1.00,3.20
2009.07.02 09:10:38.590,0.8613,0.8614,3.00,3.20
2009.07.02 09:10:40.149,0.8613,0.86145,3.00,3.80
2009.07.02 09:10:40.429,0.8613,0.8614,3.00,3.20
2009.07.02 09:10:40.959,0.8613,0.8614,3.60,3.20
2009.07.02 09:10:41.229,0.8613,0.86135,4.40,3.20
2009.07.02 09:10:41.569,0.8613,0.8614,4.40,3.20
2009.07.02 09:10:41.909,0.8613,0.86145,4.40,6.20
2009.07.02 09:10:42.199,0.8613,0.8614,2.20,3.20
2009.07.02 09:10:42.599,0.8613,0.8614,3.00,3.20
2009.07.02 09:10:45.008,0.8614,0.86145,1.00,3.20
2009.07.02 09:10:45.298,0.86135,0.86145,1.00,3.20
2009.07.02 09:10:45.538,0.86135,0.8615,1.40,5.40
2009.07.02 09:10:45.928,0.86135,0.8615,1.40,3.80
2009.07.02 09:10:46.158,0.8614,0.86155,1.00,4.40
2009.07.02 09:10:46.388,0.8614,0.8615,1.40,2.20
2009.07.02 09:10:46.618,0.86145,0.8615,1.00,2.20
2009.07.02 09:10:46.738,0.86145,0.8615,1.00,1.60
2009.07.02 09:10:47.088,0.8614,0.86155,4.60,2.20
2009.07.02 09:10:47.610,0.8614,0.86155,3.00,4.40
2009.07.02 09:10:47.898,0.86145,0.8615,1.00,3.80
2009.07.02 09:10:48.697,0.86145,0.8615,1.00,1.60
2009.07.02 09:10:49.437,0.8614,0.8615,3.00,1.60
2009.07.02 09:10:49.777,0.8614,0.8615,1.40,1.60
2009.07.02 09:10:51.347,0.8614,0.8615,1.40,3.00
2009.07.02 09:10:51.586,0.8614,0.86155,1.40,4.40
2009.07.02 09:10:53.046,0.86145,0.86155,1.00,4.40
2009.07.02 09:10:53.216,0.86145,0.8615,1.00,2.20
2009.07.02 09:10:53.506,0.8614,0.8615,1.00,1.60
2009.07.02 09:10:53.796,0.8614,0.86155,1.00,2.20
2009.07.02 09:10:54.025,0.8614,0.86155,1.00,2.20
2009.07.02 09:10:54.465,0.8614,0.8615,1.40,1.60
2009.07.02 09:10:55.675,0.86135,0.86155,2.20,2.20
2009.07.02 09:10:55.895,0.86145,0.86155,1.00,2.20
2009.07.02 09:10:56.185,0.8614,0.8615,1.00,1.60
2009.07.02 09:10:56.355,0.8614,0.8615,2.20,1.60
2009.07.02 09:10:56.875,0.8614,0.8615,1.00,1.60
2009.07.02 09:10:58.584,0.8614,0.8615,1.00,5.20
2009.07.02 09:10:59.054,0.8614,0.8615,1.00,6.60
2009.07.02 09:10:59.394,0.8614,0.8615,1.00,7.00
2009.07.02 09:10:59.754,0.8614,0.8615,1.00,6.60
2009.07.02 09:11:00.144,0.8614,0.8615,1.00,5.20
2009.07.02 09:11:00.804,0.8614,0.8615,1.00,4.40
2009.07.02 09:11:00.924,0.8614,0.8615,1.00,1.60
2009.07.02 09:11:01.704,0.8614,0.8615,1.40,1.60
2009.07.02 09:11:04.413,0.86155,0.8616,1.00,7.40
2009.07.02 09:11:04.753,0.86155,0.8616,1.00,7.40
2009.07.02 09:11:04.993,0.8616,0.8617,1.00,1.00
2009.07.02 09:11:05.343,0.86165,0.86175,1.00,5.80
2009.07.02 09:11:05.803,0.86165,0.86175,1.00,3.20
2009.07.02 09:11:06.733,0.8616,0.86175,2.20,4.00
2009.07.02 09:11:07.143,0.8616,0.8617,1.00,1.60
2009.07.02 09:11:07.942,0.8616,0.8617,1.00,3.40
2009.07.02 09:11:08.292,0.8616,0.8617,1.00,6.40
2009.07.02 09:11:08.692,0.8616,0.86175,1.00,5.60
2009.07.02 09:11:09.382,0.8616,0.8617,1.00,5.60
2009.07.02 09:11:09.782,0.8616,0.8617,1.00,2.20
2009.07.02 09:11:10.112,0.8616,0.8617,1.40,4.40
2009.07.02 09:11:10.642,0.86165,0.8618,1.00,5.60
2009.07.02 09:11:11.351,0.86165,0.8618,1.00,4.80
2009.07.02 09:11:11.791,0.86165,0.86175,3.00,4.80
2009.07.02 09:11:12.171,0.86165,0.86175,4.60,1.40
2009.07.02 09:11:12.511,0.86165,0.86175,1.00,3.20
2009.07.02 09:11:12.691,0.8616,0.86175,12.80,3.20
2009.07.02 09:11:12.921,0.86165,0.86175,1.00,3.00
2009.07.02 09:11:13.271,0.8617,0.86175,1.00,4.80
2009.07.02 09:11:13.671,0.8617,0.86175,1.00,3.00
2009.07.02 09:11:20.369,0.8617,0.86175,1.00,3.00
2009.07.02 09:11:20.889,0.8617,0.86175,1.00,1.40
2009.07.02 09:11:21.289,0.86165,0.8618,3.20,8.60
2009.07.02 09:11:21.749,0.8616,0.8618,1.40,19.60
2009.07.02 09:11:21.979,0.86165,0.8618,1.00,9.40
2009.07.02 09:11:22.259,0.86165,0.8618,1.00,9.60
2009.07.02 09:11:22.428,0.86165,0.8618,1.00,11.00
2009.07.02 09:11:22.788,0.86165,0.86175,1.00,1.40
2009.07.02 09:11:23.019,0.86165,0.86175,1.00,3.00
2009.07.02 09:11:23.538,0.8617,0.86175,1.00,3.20
2009.07.02 09:11:23.938,0.86165,0.8618,1.00,8.80
2009.07.02 09:11:24.168,0.86165,0.8618,1.00,8.80
2009.07.02 09:11:24.758,0.86165,0.86175,1.00,6.20
2009.07.02 09:11:25.048,0.86165,0.8617,1.00,4.60
2009.07.02 09:11:25.378,0.86165,0.86175,1.00,3.60
2009.07.02 09:11:29.977,0.86165,0.8617,1.00,3.20
2009.07.02 09:11:36.455,0.86155,0.86165,8.00,3.20
2009.07.02 09:11:36.855,0.86155,0.86165,1.00,3.20
2009.07.02 09:11:37.135,0.8616,0.8617,1.00,3.20
2009.07.02 09:11:37.375,0.8616,0.86165,1.00,3.20
2009.07.02 09:11:37.725,0.8616,0.8617,1.00,3.20
2009.07.02 09:11:38.005,0.8616,0.86165,1.00,3.20
2009.07.02 09:11:38.295,0.86155,0.86165,1.00,3.20
2009.07.02 09:11:40.284,0.8616,0.86165,1.00,3.20
2009.07.02 09:11:40.574,0.8616,0.8617,1.00,3.20
2009.07.02 09:11:42.004,0.86155,0.86165,1.00,3.20
2009.07.02 09:11:42.464,0.8616,0.86165,1.00,3.20
2009.07.02 09:11:42.813,0.8616,0.8617,1.00,8.40
2009.07.02 09:11:43.084,0.8616,0.86175,1.00,3.60
2009.07.02 09:11:43.434,0.8616,0.8617,1.00,6.00
2009.07.02 09:11:43.714,0.8616,0.8617,1.00,6.40
2009.07.02 09:11:44.004,0.8616,0.86175,1.00,3.60
2009.07.02 09:11:44.303,0.8616,0.8617,1.00,4.60
2009.07.02 09:11:44.583,0.86155,0.8617,3.00,6.40
2009.07.02 09:11:45.043,0.86155,0.86165,1.00,3.20
2009.07.02 09:11:45.743,0.8615,0.86165,11.20,3.20
2009.07.02 09:11:46.203,0.86155,0.8616,1.00,3.20
2009.07.02 09:11:47.063,0.8616,0.8617,1.00,5.80
2009.07.02 09:11:47.413,0.8616,0.8617,1.00,3.80
2009.07.02 09:11:47.633,0.8616,0.8617,1.00,5.40
2009.07.02 09:11:48.032,0.8616,0.86165,1.00,3.20
2009.07.02 09:11:48.382,0.8615,0.8616,7.90,3.20
2009.07.02 09:11:49.342,0.8616,0.8617,1.00,3.20
2009.07.02 09:11:49.743,0.86155,0.8617,1.00,3.20
2009.07.02 09:11:49.862,0.86155,0.8616,1.00,3.20
2009.07.02 09:11:50.092,0.8616,0.8617,1.00,3.80
2009.07.02 09:11:50.422,0.86155,0.8617,1.00,11.80
2009.07.02 09:11:51.042,0.8616,0.8617,1.00,11.80
2009.07.02 09:11:51.571,0.86155,0.8617,1.00,11.80
2009.07.02 09:11:52.052,0.86155,0.86165,1.00,3.20
2009.07.02 09:11:55.561,0.86155,0.8616,1.00,3.20
2009.07.02 09:11:56.900,0.86155,0.86165,1.00,3.20
2009.07.02 09:12:03.109,0.8615,0.86165,6.40,3.20
2009.07.02 09:12:03.469,0.8615,0.86165,4.00,3.20
2009.07.02 09:12:03.579,0.8615,0.86165,3.00,3.20
2009.07.02 09:12:03.878,0.8615,0.8616,2.20,3.20
2009.07.02 09:12:04.328,0.86155,0.86165,1.00,3.80
2009.07.02 09:12:04.858,0.8615,0.8616,3.00,3.20
2009.07.02 09:12:07.138,0.8615,0.86165,3.00,3.20
2009.07.02 09:12:07.308,0.8615,0.86165,4.60,3.20
2009.07.02 09:12:07.418,0.8615,0.8616,6.20,3.20
2009.07.02 09:12:07.878,0.8615,0.8616,3.00,3.20
2009.07.02 09:12:13.936,0.8615,0.86165,3.00,3.20
2009.07.02 09:12:14.116,0.8615,0.8616,3.00,3.20
2009.07.02 09:12:14.346,0.8615,0.8616,2.20,3.20
2009.07.02 09:12:14.746,0.8615,0.8616,3.00,3.20
2009.07.02 09:12:15.206,0.8615,0.8616,2.20,3.20
2009.07.02 09:12:15.726,0.8615,0.8616,4.60,3.20
2009.07.02 09:12:16.066,0.8615,0.8616,3.00,3.20
2009.07.02 09:12:27.983,0.8615,0.8616,3.00,3.20
2009.07.02 09:12:28.803,0.86155,0.86165,1.00,3.20
2009.07.02 09:12:29.202,0.86155,0.8616,1.00,3.20
2009.07.02 09:12:29.253,0.86155,0.86165,1.00,3.20
2009.07.02 09:12:29.592,0.86155,0.86165,1.40,3.20
2009.07.02 09:12:30.862,0.86155,0.8617,1.40,4.80
2009.07.02 09:12:34.121,0.86155,0.8616,1.00,3.20
2009.07.02 09:12:34.811,0.86155,0.8616,1.40,3.20
2009.07.02 09:12:34.871,0.86155,0.8616,1.00,3.20
2009.07.02 09:12:35.931,0.86155,0.8616,1.40,3.20
2009.07.02 09:12:36.511,0.86155,0.8616,1.00,3.20
2009.07.02 09:12:37.810,0.86155,0.86165,1.60,3.20
2009.07.02 09:12:38.091,0.8615,0.86165,8.00,3.20
2009.07.02 09:12:38.610,0.86155,0.86165,1.00,3.20
2009.07.02 09:12:40.310,0.86155,0.86165,4.60,3.20
2009.07.02 09:12:40.830,0.86155,0.86165,6.20,3.20
2009.07.02 09:12:41.600,0.86155,0.8617,8.00,3.20
2009.07.02 09:12:41.780,0.8616,0.8617,1.00,3.20
2009.07.02 09:12:42.049,0.8616,0.8617,2.20,3.20
2009.07.02 09:12:47.478,0.8616,0.8617,3.00,3.20
2009.07.02 09:12:47.888,0.8616,0.8617,2.20,3.20
2009.07.02 09:12:48.918,0.8616,0.86165,3.00,3.20
2009.07.02 09:12:49.198,0.8616,0.8617,2.20,3.20
2009.07.02 09:12:50.107,0.8616,0.86165,2.20,3.20
2009.07.02 09:12:50.217,0.8616,0.8617,2.20,3.20
2009.07.02 09:12:50.957,0.8616,0.8617,6.40,3.20
2009.07.02 09:12:51.307,0.8616,0.8617,3.00,3.20
2009.07.02 09:12:51.637,0.8616,0.8617,2.20,3.20
2009.07.02 09:12:58.205,0.8616,0.8617,3.00,3.20
2009.07.02 09:12:59.705,0.86165,0.86175,1.00,3.20
2009.07.02 09:12:59.875,0.86165,0.8618,1.00,2.20
2009.07.02 09:13:03.874,0.86165,0.8617,1.00,3.20
2009.07.02 09:13:05.654,0.8616,0.8617,6.40,3.20
2009.07.02 09:13:06.064,0.86165,0.86175,1.00,3.20
2009.07.02 09:13:06.573,0.86165,0.8617,1.00,3.20
2009.07.02 09:13:10.882,0.8616,0.8617,6.40,3.20
2009.07.02 09:13:11.112,0.8616,0.8617,5.40,3.20
2009.07.02 09:13:11.402,0.8616,0.86165,2.20,3.20
2009.07.02 09:13:11.523,0.86165,0.8617,1.00,3.20
2009.07.02 09:13:11.742,0.8616,0.8617,3.20,3.20
2009.07.02 09:13:11.982,0.8616,0.86175,6.40,3.20
2009.07.02 09:13:14.602,0.8616,0.8617,5.40,3.20
2009.07.02 09:13:14.841,0.8616,0.8617,2.20,3.20
2009.07.02 09:13:15.851,0.8616,0.86175,3.20,3.20
2009.07.02 09:13:20.720,0.8616,0.8617,3.00,3.20
2009.07.02 09:13:22.639,0.8616,0.8617,2.20,3.20
2009.07.02 09:13:27.528,0.8616,0.8617,3.00,3.20
2009.07.02 09:13:28.668,0.8616,0.8617,2.20,3.20
2009.07.02 09:13:30.548,0.8616,0.8617,3.00,3.20
2009.07.02 09:13:31.368,0.8616,0.8617,2.20,3.20
2009.07.02 09:13:40.305,0.8616,0.8617,2.20,3.20
2009.07.02 09:13:41.655,0.8616,0.8617,3.00,3.20
2009.07.02 09:13:48.123,0.8616,0.8617,2.20,3.20
2009.07.02 09:13:48.293,0.8616,0.8617,1.40,3.20
2009.07.02 09:13:48.633,0.86155,0.8617,1.40,3.20
2009.07.02 09:13:49.723,0.86155,0.8617,6.20,3.20
2009.07.02 09:13:50.243,0.8616,0.8617,1.00,3.20
2009.07.02 09:13:51.562,0.86155,0.8617,4.60,3.20
2009.07.02 09:13:51.783,0.86155,0.8617,1.40,3.20
2009.07.02 09:13:52.173,0.8616,0.8617,1.00,3.20
2009.07.02 09:13:52.293,0.86155,0.8617,6.20,3.20
2009.07.02 09:13:52.572,0.86155,0.8617,1.40,3.20
2009.07.02 09:13:53.262,0.8616,0.8617,1.00,3.20
2009.07.02 09:13:58.231,0.8616,0.8617,2.20,3.20
2009.07.02 09:13:59.031,0.8616,0.8617,3.00,3.20
2009.07.02 09:13:59.731,0.86155,0.8617,4.80,3.20
2009.07.02 09:14:00.071,0.8616,0.8617,2.20,3.20
2009.07.02 09:14:00.421,0.8616,0.8617,3.00,3.20
2009.07.02 09:14:00.590,0.8616,0.86175,3.00,9.60
2009.07.02 09:14:01.150,0.8616,0.8617,2.20,3.20
2009.07.02 09:14:01.902,0.8616,0.8617,3.00,3.20
2009.07.02 09:14:02.600,0.8616,0.8617,6.20,3.20
2009.07.02 09:14:03.640,0.86165,0.8617,1.00,3.20
2009.07.02 09:14:04.030,0.8616,0.8617,2.20,3.20
2009.07.02 09:14:05.240,0.8616,0.8617,5.40,3.20
2009.07.02 09:14:05.749,0.86155,0.8617,6.20,3.20
2009.07.02 09:14:06.099,0.86155,0.86165,1.40,3.20
2009.07.02 09:14:09.679,0.8616,0.8617,1.00,3.20
2009.07.02 09:14:10.188,0.86155,0.86165,5.40,3.20
2009.07.02 09:14:10.778,0.86155,0.8617,1.00,3.20
2009.07.02 09:14:11.138,0.86155,0.86165,1.00,3.20
2009.07.02 09:14:19.386,0.8615,0.86165,20.60,7.60
2009.07.02 09:14:19.736,0.8615,0.86165,25.40,7.80
2009.07.02 09:14:20.026,0.86155,0.86165,1.00,4.60
2009.07.02 09:14:20.326,0.86155,0.86165,1.00,3.20
2009.07.02 09:14:24.146,0.8615,0.86165,22.00,3.20
2009.07.02 09:14:24.675,0.86155,0.8616,1.40,3.20
2009.07.02 09:14:28.504,0.86155,0.8616,2.20,3.20
2009.07.02 09:14:28.974,0.86155,0.8616,1.40,3.20
2009.07.02 09:14:29.254,0.86155,0.8616,2.20,3.20
2009.07.02 09:14:29.603,0.8615,0.8616,4.00,3.20
2009.07.02 09:14:30.054,0.8615,0.8616,5.60,3.20
2009.07.02 09:14:31.383,0.86155,0.8616,2.20,3.20
2009.07.02 09:14:38.591,0.86155,0.8616,2.20,3.20
2009.07.02 09:14:38.821,0.86155,0.8616,1.40,3.20
2009.07.02 09:14:39.001,0.86155,0.8617,2.20,5.40
2009.07.02 09:14:39.361,0.86155,0.8617,6.20,3.80
2009.07.02 09:14:39.591,0.86155,0.8617,9.60,3.20
2009.07.02 09:14:40.501,0.8616,0.8617,1.00,3.20
2009.07.02 09:14:41.141,0.86155,0.8617,11.00,3.20
2009.07.02 09:14:42.001,0.86155,0.8617,9.60,3.20
2009.07.02 09:14:42.500,0.86155,0.8617,7.80,3.20
2009.07.02 09:14:43.060,0.8616,0.8617,1.00,3.20
2009.07.02 09:14:43.690,0.8616,0.86175,1.00,4.00
2009.07.02 09:14:43.980,0.8616,0.8617,1.00,3.20
2009.07.02 09:14:44.780,0.8616,0.86175,1.00,3.80
2009.07.02 09:14:45.010,0.8616,0.86175,5.40,3.80
2009.07.02 09:14:45.440,0.8616,0.8617,2.20,3.20
2009.07.02 09:14:47.179,0.8616,0.86175,2.20,3.80
2009.07.02 09:14:47.409,0.8616,0.8617,2.20,3.20
2009.07.02 09:14:47.579,0.8616,0.8617,1.00,3.20
2009.07.02 09:14:50.009,0.86155,0.8617,7.80,3.20
2009.07.02 09:14:50.069,0.86155,0.8617,1.40,3.20
2009.07.02 09:14:50.459,0.8616,0.8617,1.00,3.20
2009.07.02 09:14:50.808,0.8616,0.8617,1.40,3.20
2009.07.02 09:14:51.148,0.8616,0.8617,3.00,3.20
2009.07.02 09:14:52.578,0.86165,0.8617,1.00,3.20
2009.07.02 09:14:59.116,0.8617,0.86175,1.00,3.20
2009.07.02 09:15:00.106,0.8617,0.8618,1.00,3.20
2009.07.02 09:15:01.456,0.8617,0.8618,1.40,3.20
2009.07.02 09:15:01.815,0.8617,0.8618,3.00,3.20
2009.07.02 09:15:03.456,0.8617,0.8618,7.80,3.20
2009.07.02 09:15:03.795,0.8617,0.8618,3.00,3.20
2009.07.02 09:15:05.895,0.86165,0.8618,6.20,3.20
2009.07.02 09:15:06.655,0.8616,0.8618,11.20,3.20
2009.07.02 09:15:06.945,0.8616,0.8618,8.00,3.20
2009.07.02 09:15:07.414,0.8616,0.86175,8.00,1.40
2009.07.02 09:15:07.804,0.86165,0.8618,1.00,2.80
2009.07.02 09:15:08.034,0.86165,0.86175,1.00,2.20
2009.07.02 09:15:08.324,0.86165,0.8618,1.00,2.80
2009.07.02 09:15:08.914,0.86165,0.86175,1.00,2.20
2009.07.02 09:15:09.624,0.8616,0.86175,11.20,2.20
2009.07.02 09:15:09.954,0.86165,0.86175,1.00,2.20
2009.07.02 09:15:10.643,0.86165,0.8618,8.00,2.20
2009.07.02 09:15:10.933,0.86165,0.8618,8.00,2.20
2009.07.02 09:15:11.343,0.86165,0.8618,9.60,2.80
2009.07.02 09:15:11.684,0.86165,0.8618,1.60,3.60
2009.07.02 09:15:12.024,0.86165,0.86185,1.40,5.20
2009.07.02 09:15:12.373,0.86165,0.8618,1.00,5.80
2009.07.02 09:15:12.603,0.86165,0.8618,1.00,7.40
2009.07.02 09:15:18.122,0.8616,0.8618,14.40,7.40
2009.07.02 09:15:18.412,0.86165,0.8618,1.00,9.20
2009.07.02 09:15:18.652,0.86165,0.8618,1.00,4.00
2009.07.02 09:15:18.711,0.86165,0.8618,1.00,3.00
2009.07.02 09:15:18.771,0.86165,0.8618,1.00,3.20
2009.07.02 09:15:19.001,0.86165,0.8618,1.00,4.40
2009.07.02 09:15:19.121,0.86165,0.8618,1.00,3.60
2009.07.02 09:15:19.231,0.86165,0.8618,1.00,2.20
2009.07.02 09:15:19.951,0.86165,0.8618,1.60,2.20
2009.07.02 09:15:20.401,0.86165,0.8618,1.60,3.60
2009.07.02 09:15:20.521,0.8616,0.8618,15.40,5.00
2009.07.02 09:15:20.691,0.86165,0.8618,1.00,5.40
2009.07.02 09:15:20.861,0.86165,0.8618,1.60,7.00
2009.07.02 09:15:21.041,0.86165,0.8618,3.20,2.60
2009.07.02 09:15:21.281,0.8617,0.86185,1.00,9.40
2009.07.02 09:15:21.581,0.8617,0.86185,1.60,4.80
2009.07.02 09:15:21.971,0.86165,0.8618,9.60,3.60
2009.07.02 09:15:22.321,0.86165,0.8618,9.60,4.40
2009.07.02 09:15:22.671,0.86165,0.8618,9.60,3.00
2009.07.02 09:15:22.900,0.86165,0.8618,16.00,3.00
2009.07.02 09:15:23.121,0.8617,0.86185,1.60,5.80
2009.07.02 09:15:23.521,0.8617,0.8618,8.00,1.80
2009.07.02 09:15:23.861,0.8617,0.8618,11.20,2.80
2009.07.02 09:15:24.140,0.86165,0.8618,10.00,2.20
2009.07.02 09:15:24.420,0.8617,0.8618,1.40,4.40
2009.07.02 09:15:24.760,0.86175,0.8618,2.40,3.60
2009.07.02 09:15:25.260,0.86175,0.8619,6.40,7.40
2009.07.02 09:15:25.540,0.86175,0.8619,8.00,9.00
2009.07.02 09:15:25.890,0.86175,0.8619,8.00,4.60
2009.07.02 09:15:26.230,0.86175,0.8619,11.20,4.40
2009.07.02 09:15:26.630,0.86175,0.8619,9.60,4.40
2009.07.02 09:15:26.990,0.86175,0.8619,3.20,5.40
2009.07.02 09:15:27.231,0.8617,0.8619,3.20,2.20
2009.07.02 09:15:27.759,0.8617,0.8619,1.60,4.20
2009.07.02 09:15:27.999,0.8617,0.86185,10.40,5.80
2009.07.02 09:15:28.689,0.8617,0.86185,4.80,4.40
2009.07.02 09:15:29.159,0.8617,0.8619,8.00,4.40
2009.07.02 09:15:29.579,0.86175,0.8619,1.40,5.20
2009.07.02 09:15:30.039,0.8617,0.86185,12.80,4.40
2009.07.02 09:15:30.209,0.8617,0.86185,14.40,3.00
2009.07.02 09:15:30.609,0.8617,0.8619,12.80,3.00
2009.07.02 09:15:31.119,0.8617,0.8619,11.20,3.00
2009.07.02 09:15:31.409,0.8617,0.8619,11.20,4.40
2009.07.02 09:15:36.368,0.8615,0.86165,2.20,3.80
2009.07.02 09:15:36.657,0.8616,0.86165,1.60,1.60
2009.07.02 09:15:36.948,0.86155,0.86165,3.80,1.60
2009.07.02 09:15:37.297,0.8616,0.8617,1.00,6.00
2009.07.02 09:15:37.697,0.86155,0.8617,1.00,7.00
2009.07.02 09:15:37.977,0.86155,0.8617,1.00,3.00
2009.07.02 09:15:38.267,0.86155,0.8617,1.00,1.40
2009.07.02 09:15:39.027,0.86155,0.8617,1.00,3.00
2009.07.02 09:15:39.256,0.86155,0.8617,1.00,3.80
2009.07.02 09:15:39.487,0.8615,0.8617,4.60,12.60
2009.07.02 09:15:39.887,0.86155,0.8617,1.00,7.00
2009.07.02 09:15:40.306,0.8615,0.8617,4.80,6.20
2009.07.02 09:15:40.586,0.8614,0.8615,1.60,1.60
2009.07.02 09:15:40.856,0.86135,0.8615,1.60,1.60
2009.07.02 09:15:41.266,0.8613,0.8615,7.20,1.60
2009.07.02 09:15:41.676,0.86125,0.8614,10.20,7.00
2009.07.02 09:15:41.906,0.86125,0.8614,1.40,10.20
2009.07.02 09:15:42.316,0.86125,0.8614,3.00,7.80
2009.07.02 09:15:43.665,0.86125,0.86135,3.00,3.20
2009.07.02 09:15:44.055,0.86125,0.86135,1.00,3.20
2009.07.02 09:15:44.515,0.86125,0.86135,1.40,3.20
2009.07.02 09:15:44.795,0.86125,0.8614,1.40,3.80
2009.07.02 09:15:44.965,0.86125,0.86135,1.40,3.20
2009.07.02 09:15:45.475,0.86125,0.8614,1.40,3.80
2009.07.02 09:15:45.825,0.8613,0.86135,2.20,3.20
2009.07.02 09:15:46.595,0.8613,0.86135,4.60,3.20
2009.07.02 09:15:46.975,0.86135,0.8614,1.00,3.60
2009.07.02 09:15:47.275,0.8613,0.86135,1.60,3.20
2009.07.02 09:15:47.615,0.8613,0.86135,1.40,3.20
2009.07.02 09:15:48.265,0.86125,0.86135,1.00,3.20
2009.07.02 09:15:48.584,0.8612,0.86135,6.40,3.20
2009.07.02 09:15:48.994,0.8612,0.86135,4.20,3.20
2009.07.02 09:15:49.534,0.8612,0.8613,4.20,3.20
2009.07.02 09:15:50.294,0.8612,0.8614,2.20,3.80
2009.07.02 09:15:50.514,0.8612,0.8614,6.60,15.00
2009.07.02 09:15:50.694,0.8612,0.8614,9.20,15.60
2009.07.02 09:15:50.994,0.86125,0.8614,3.00,7.00
2009.07.02 09:15:51.274,0.86125,0.8614,1.80,7.00
2009.07.02 09:15:51.624,0.8613,0.8614,1.00,3.80
2009.07.02 09:15:52.034,0.8613,0.8614,1.00,4.60
2009.07.02 09:15:52.424,0.86125,0.86135,3.00,3.20
2009.07.02 09:15:52.813,0.86125,0.86135,3.20,3.20
2009.07.02 09:15:53.103,0.86135,0.8614,1.00,3.80
2009.07.02 09:15:53.403,0.8613,0.8614,4.20,3.80
2009.07.02 09:15:53.913,0.8613,0.8614,3.00,3.20
2009.07.02 09:15:54.193,0.8613,0.86135,1.40,3.20
2009.07.02 09:15:54.473,0.86125,0.86135,1.40,3.20
2009.07.02 09:15:54.763,0.8613,0.86135,1.00,3.20
2009.07.02 09:15:54.883,0.8613,0.8614,1.40,3.80
2009.07.02 09:15:55.403,0.8613,0.86135,1.40,3.20
2009.07.02 09:15:56.113,0.8613,0.86135,1.00,3.20
2009.07.02 09:15:56.992,0.86125,0.86135,3.00,3.20
2009.07.02 09:15:57.282,0.86125,0.86135,1.00,3.20
2009.07.02 09:15:58.742,0.8612,0.86135,7.80,3.20
2009.07.02 09:15:58.802,0.8612,0.8613,7.80,1.40
2009.07.02 09:15:59.092,0.86125,0.86135,1.00,3.20
2009.07.02 09:15:59.422,0.86125,0.8614,1.00,10.20
2009.07.02 09:15:59.602,0.86125,0.86135,1.00,3.20
2009.07.02 09:16:00.382,0.86115,0.8613,8.00,3.20
2009.07.02 09:16:00.792,0.86115,0.8613,4.80,4.60
2009.07.02 09:16:01.071,0.86115,0.8613,3.20,4.60
2009.07.02 09:16:01.311,0.86115,0.8613,1.60,4.60
2009.07.02 09:16:01.531,0.86115,0.8613,1.40,4.60
2009.07.02 09:16:01.761,0.8612,0.8613,1.00,4.60
2009.07.02 09:16:02.161,0.86115,0.8613,6.40,3.00
2009.07.02 09:16:02.391,0.86115,0.8613,1.40,4.60
2009.07.02 09:16:02.631,0.86115,0.86125,1.00,1.40
2009.07.02 09:16:03.042,0.86115,0.8613,1.40,6.40
2009.07.02 09:16:03.401,0.8612,0.86135,5.40,7.00
2009.07.02 09:16:03.791,0.86125,0.86135,1.00,3.80
2009.07.02 09:16:04.131,0.86125,0.8614,1.00,10.00
2009.07.02 09:16:04.310,0.86125,0.86135,1.00,3.20
2009.07.02 09:16:04.821,0.86125,0.86135,1.00,3.20
2009.07.02 09:16:05.650,0.86125,0.86135,1.40,3.20
2009.07.02 09:16:06.220,0.86125,0.86135,1.00,3.20
2009.07.02 09:16:06.520,0.8612,0.86135,10.60,3.20
2009.07.02 09:16:06.820,0.86125,0.86135,1.00,4.60
2009.07.02 09:16:07.330,0.86125,0.8614,5.60,3.80
2009.07.02 09:16:07.620,0.8612,0.86135,4.20,3.80
2009.07.02 09:16:07.950,0.86125,0.86135,1.00,3.20
2009.07.02 09:16:08.420,0.8612,0.86135,1.60,3.80
2009.07.02 09:16:08.990,0.86115,0.86135,7.40,10.20
2009.07.02 09:16:09.570,0.86115,0.86135,7.40,8.60
2009.07.02 09:16:09.929,0.8612,0.86135,1.00,7.00
2009.07.02 09:16:10.269,0.8612,0.86135,1.00,7.60
2009.07.02 09:16:10.549,0.8612,0.86135,1.00,4.40
2009.07.02 09:16:10.880,0.8612,0.86135,1.40,1.00
2009.07.02 09:16:12.099,0.86125,0.86135,1.40,1.00
2009.07.02 09:16:12.449,0.86125,0.8614,3.20,2.40
2009.07.02 09:16:12.858,0.86125,0.86145,3.20,2.40
2009.07.02 09:16:13.158,0.86125,0.86145,8.00,3.80
2009.07.02 09:16:13.628,0.8614,0.86155,1.00,4.60
2009.07.02 09:16:13.968,0.8614,0.86155,1.00,3.80
2009.07.02 09:16:14.028,0.8614,0.86155,1.00,3.80
2009.07.02 09:16:14.378,0.86145,0.86155,1.00,3.80
2009.07.02 09:16:14.438,0.8614,0.8615,1.00,2.40
2009.07.02 09:16:14.768,0.86135,0.8615,11.20,2.40
2009.07.02 09:16:14.948,0.86135,0.8615,9.60,2.40
2009.07.02 09:16:15.349,0.8614,0.86155,1.00,3.00
2009.07.02 09:16:15.898,0.86145,0.8615,1.00,2.40
2009.07.02 09:16:16.418,0.8614,0.86155,1.00,3.80
2009.07.02 09:16:16.988,0.8614,0.86155,3.00,3.80
2009.07.02 09:16:17.168,0.8614,0.86155,3.00,7.00
2009.07.02 09:16:17.338,0.86145,0.86155,1.00,7.00
2009.07.02 09:16:17.448,0.86145,0.86155,1.00,5.40
2009.07.02 09:16:17.508,0.86145,0.86155,1.00,3.80
2009.07.02 09:16:17.867,0.86145,0.86155,1.00,2.40
2009.07.02 09:16:18.537,0.86145,0.8616,1.00,7.00
2009.07.02 09:16:20.507,0.86145,0.8616,1.00,7.00
2009.07.02 09:16:20.967,0.86145,0.8616,1.00,8.60
2009.07.02 09:16:21.147,0.86145,0.8616,1.00,9.40
2009.07.02 09:16:22.006,0.86145,0.8616,1.00,12.60
2009.07.02 09:16:22.756,0.8614,0.86155,3.00,1.60
2009.07.02 09:16:23.026,0.8614,0.86155,3.00,5.40
2009.07.02 09:16:23.136,0.86145,0.86155,1.00,3.00
2009.07.02 09:16:23.486,0.86145,0.86155,1.00,2.40
2009.07.02 09:16:24.126,0.86145,0.8616,1.00,3.00
2009.07.02 09:16:24.426,0.86145,0.86155,1.00,2.40
2009.07.02 09:16:24.596,0.86145,0.8616,1.00,3.00
2009.07.02 09:16:24.996,0.86145,0.8616,1.00,9.20
2009.07.02 09:16:25.226,0.86145,0.8616,1.00,8.60
2009.07.02 09:16:25.395,0.86145,0.8616,1.00,5.40
2009.07.02 09:16:26.215,0.86145,0.8616,1.00,7.00
2009.07.02 09:16:26.445,0.86145,0.8616,1.00,10.20
2009.07.02 09:16:27.635,0.8614,0.86155,2.40,5.40
2009.07.02 09:16:27.855,0.8614,0.86155,2.20,5.60
2009.07.02 09:16:28.085,0.8614,0.86155,2.20,9.60
2009.07.02 09:16:31.014,0.8614,0.86155,2.20,8.80
2009.07.02 09:16:31.364,0.8614,0.86155,2.20,8.80
2009.07.02 09:16:32.214,0.8614,0.86155,2.20,8.80
2009.07.02 09:16:32.674,0.86145,0.86155,1.00,7.40
2009.07.02 09:16:32.914,0.8614,0.86155,2.20,11.20
2009.07.02 09:16:33.314,0.8614,0.8616,2.20,10.40
2009.07.02 09:16:33.604,0.8614,0.86155,2.20,8.80
2009.07.02 09:16:33.844,0.8614,0.8615,2.20,4.00
2009.07.02 09:16:35.353,0.8614,0.86155,2.20,4.60
2009.07.02 09:16:35.773,0.8614,0.8615,2.20,4.00
2009.07.02 09:16:36.573,0.8614,0.8615,2.20,5.40
2009.07.02 09:16:36.863,0.8614,0.86155,3.00,14.60
2009.07.02 09:16:37.093,0.8614,0.86155,3.00,11.40
2009.07.02 09:16:37.533,0.8614,0.8616,3.00,9.00
2009.07.02 09:16:37.642,0.8614,0.8615,3.00,3.20
2009.07.02 09:16:38.962,0.86135,0.8615,13.00,3.20
2009.07.02 09:16:39.232,0.8614,0.8615,1.40,3.20
2009.07.02 09:16:39.702,0.86135,0.8615,11.40,3.20
2009.07.02 09:16:39.932,0.86135,0.8615,9.80,3.20
2009.07.02 09:16:40.792,0.86135,0.8615,5.00,3.20
2009.07.02 09:16:41.832,0.86135,0.8615,6.60,3.20
2009.07.02 09:16:42.062,0.86135,0.8615,9.80,3.20
2009.07.02 09:16:43.083,0.8614,0.8615,1.00,3.20
2009.07.02 09:16:43.611,0.8614,0.8615,1.40,3.20
2009.07.02 09:16:43.961,0.86135,0.8615,11.40,3.20
2009.07.02 09:16:46.141,0.8614,0.8615,2.00,3.20
2009.07.02 09:16:46.320,0.8614,0.86155,3.40,3.20
2009.07.02 09:16:46.650,0.8614,0.86155,5.00,3.20
2009.07.02 09:16:47.040,0.8614,0.86155,6.60,3.20
2009.07.02 09:16:47.440,0.86145,0.8615,2.20,3.20
2009.07.02 09:16:47.660,0.8614,0.86155,9.00,3.20
2009.07.02 09:16:48.060,0.8614,0.8615,1.40,3.20
2009.07.02 09:16:48.930,0.86145,0.8615,1.00,3.20
2009.07.02 09:16:49.110,0.86145,0.8615,2.00,3.20
2009.07.02 09:16:49.290,0.86145,0.8615,1.00,3.20
2009.07.02 09:16:49.679,0.8614,0.8615,3.40,3.20
2009.07.02 09:16:50.020,0.8614,0.8615,4.80,3.20
2009.07.02 09:16:50.189,0.86135,0.8615,5.60,3.20
2009.07.02 09:16:50.619,0.8614,0.8615,3.40,3.20
2009.07.02 09:16:50.959,0.8614,0.8615,4.20,3.20
2009.07.02 09:16:51.019,0.8614,0.86155,6.60,10.60
2009.07.02 09:16:51.129,0.8614,0.86155,10.60,8.80
2009.07.02 09:16:51.369,0.86145,0.8616,2.40,9.40
2009.07.02 09:16:51.479,0.86145,0.8616,3.20,4.80
2009.07.02 09:16:51.649,0.86145,0.86165,3.20,10.20
2009.07.02 09:16:51.759,0.86145,0.86165,3.20,8.60
2009.07.02 09:16:52.109,0.86145,0.8616,3.20,3.00
2009.07.02 09:16:52.229,0.86145,0.8616,3.20,4.60
2009.07.02 09:16:52.799,0.86145,0.8616,2.40,4.60
2009.07.02 09:16:53.089,0.8614,0.8615,9.60,1.40
2009.07.02 09:16:53.439,0.8613,0.86135,3.80,19.80
2009.07.02 09:16:53.619,0.8614,0.86145,1.00,3.80
2009.07.02 09:16:54.239,0.8614,0.8615,6.40,1.00
2009.07.02 09:16:54.579,0.8614,0.86155,1.00,7.80
2009.07.02 09:16:54.929,0.86145,0.86155,1.00,6.20
2009.07.02 09:16:55.378,0.86135,0.8615,3.80,1.40
2009.07.02 09:16:55.668,0.86135,0.8615,1.00,7.00
2009.07.02 09:16:56.348,0.8613,0.8615,8.00,9.40
2009.07.02 09:16:56.859,0.8613,0.8615,8.00,5.40
2009.07.02 09:16:57.209,0.8613,0.8615,9.60,7.00
2009.07.02 09:16:57.378,0.8613,0.8615,8.00,7.00
2009.07.02 09:16:57.798,0.86135,0.8615,1.00,7.00
2009.07.02 09:16:58.477,0.8613,0.8614,3.00,1.60
2009.07.02 09:17:00.697,0.8613,0.8614,2.20,1.60
2009.07.02 09:17:00.917,0.8613,0.86145,1.40,2.00
2009.07.02 09:17:02.716,0.86125,0.8614,1.60,4.60
2009.07.02 09:17:02.826,0.8612,0.8614,7.80,2.20
2009.07.02 09:17:02.987,0.8612,0.8613,6.20,3.20
2009.07.02 09:17:03.046,0.8612,0.8613,5.20,3.20
2009.07.02 09:17:03.386,0.86125,0.8613,1.40,3.20
2009.07.02 09:17:03.836,0.86115,0.8613,8.80,3.20
2009.07.02 09:17:04.006,0.8612,0.8613,8.60,3.20
2009.07.02 09:17:04.406,0.86115,0.8613,3.20,3.20
2009.07.02 09:17:04.756,0.86115,0.8613,1.40,3.20
2009.07.02 09:17:05.157,0.8612,0.86125,1.40,3.20
2009.07.02 09:17:05.496,0.8612,0.8613,9.40,3.20
2009.07.02 09:17:07.605,0.8612,0.8613,10.60,3.20
2009.07.02 09:17:07.665,0.8612,0.8613,10.60,1.60
2009.07.02 09:17:07.905,0.8612,0.8613,13.80,1.60
2009.07.02 09:17:07.955,0.86125,0.86135,3.00,12.60
2009.07.02 09:17:10.525,0.8613,0.8614,3.00,3.20
2009.07.02 09:17:10.765,0.8613,0.8614,1.40,3.20
2009.07.02 09:17:11.804,0.86125,0.8614,2.00,3.20
2009.07.02 09:17:12.044,0.86125,0.8614,5.20,3.20
2009.07.02 09:17:12.285,0.8613,0.8614,2.20,3.20
2009.07.02 09:17:12.574,0.8613,0.8614,3.00,3.20
2009.07.02 09:17:15.263,0.8613,0.8614,1.40,3.20
2009.07.02 09:17:15.483,0.8613,0.86135,1.40,3.20
2009.07.02 09:17:15.653,0.86125,0.8614,1.40,3.20
2009.07.02 09:17:16.043,0.86125,0.86135,1.40,3.20
2009.07.02 09:17:16.803,0.86125,0.8613,1.00,3.20
2009.07.02 09:17:17.083,0.86115,0.86125,5.80,3.20
2009.07.02 09:17:17.193,0.86115,0.8613,4.20,3.20
2009.07.02 09:17:17.413,0.86115,0.8613,3.00,3.20
2009.07.02 09:17:17.713,0.86115,0.86125,1.40,3.20
2009.07.02 09:17:17.933,0.86115,0.86125,5.20,3.20
2009.07.02 09:17:18.283,0.86115,0.86125,3.60,3.20
2009.07.02 09:17:18.633,0.86115,0.86125,5.20,3.20
2009.07.02 09:17:18.973,0.8611,0.86125,3.00,6.20
2009.07.02 09:17:19.773,0.8611,0.8612,1.00,3.20
2009.07.02 09:17:20.053,0.8611,0.8612,1.40,3.20
2009.07.02 09:17:20.812,0.8611,0.86125,1.40,6.20
2009.07.02 09:17:21.102,0.8611,0.8612,1.40,3.20
2009.07.02 09:17:21.602,0.8611,0.86125,3.00,6.20
2009.07.02 09:17:21.772,0.8611,0.8612,1.40,3.20
2009.07.02 09:17:21.952,0.8611,0.86125,1.40,6.80
2009.07.02 09:17:22.122,0.8611,0.86125,3.00,6.80
2009.07.02 09:17:23.941,0.8611,0.86125,3.00,6.20
2009.07.02 09:17:25.211,0.8611,0.8612,3.00,3.20
2009.07.02 09:17:26.071,0.86115,0.8612,1.00,3.20
2009.07.02 09:17:28.880,0.86115,0.8612,1.40,3.20
2009.07.02 09:17:29.160,0.86115,0.8612,1.00,3.20
2009.07.02 09:17:34.229,0.86115,0.86125,1.00,3.20
2009.07.02 09:17:34.349,0.86115,0.8612,1.00,3.20
2009.07.02 09:17:34.679,0.86115,0.8613,1.40,3.00
2009.07.02 09:17:34.789,0.86115,0.86135,3.00,5.20
2009.07.02 09:17:34.849,0.86115,0.86135,4.80,3.60
2009.07.02 09:17:35.529,0.8612,0.86135,8.00,9.40
2009.07.02 09:17:35.879,0.8612,0.86135,13.20,3.00
2009.07.02 09:17:36.398,0.8612,0.86135,6.80,3.20
2009.07.02 09:17:36.688,0.8612,0.86135,4.80,3.20
2009.07.02 09:17:36.968,0.86125,0.86135,1.40,3.20
2009.07.02 09:17:37.608,0.86125,0.8614,1.40,3.20
2009.07.02 09:17:37.948,0.86125,0.8613,2.20,3.20
2009.07.02 09:17:38.288,0.86125,0.8614,1.40,3.20
2009.07.02 09:17:38.528,0.86125,0.86135,1.40,3.20
2009.07.02 09:17:39.398,0.86125,0.86135,1.00,4.60
2009.07.02 09:17:39.688,0.86125,0.8613,1.00,3.20
2009.07.02 09:17:39.928,0.8612,0.8614,4.00,6.20
2009.07.02 09:17:40.208,0.86125,0.8614,1.00,6.80
2009.07.02 09:17:40.627,0.86125,0.86135,1.00,4.60
2009.07.02 09:17:41.008,0.86125,0.86135,1.00,6.80
2009.07.02 09:17:41.348,0.86125,0.86135,1.00,3.60
2009.07.02 09:17:42.147,0.86125,0.8613,1.00,3.00
2009.07.02 09:17:42.547,0.8612,0.8613,4.80,3.20
2009.07.02 09:17:43.107,0.8612,0.8613,2.20,3.20
2009.07.02 09:17:43.437,0.8612,0.8613,3.00,3.80
2009.07.02 09:17:43.737,0.8612,0.86125,3.00,3.20
2009.07.02 09:17:44.247,0.8612,0.86125,1.40,3.20
2009.07.02 09:17:44.597,0.86115,0.86125,1.40,3.20
2009.07.02 09:17:44.996,0.86115,0.86125,3.00,3.20
2009.07.02 09:17:46.236,0.86115,0.86125,1.40,3.20
2009.07.02 09:17:47.706,0.86115,0.8613,1.40,6.80
2009.07.02 09:17:47.815,0.86115,0.8613,12.60,4.60
2009.07.02 09:17:48.206,0.86115,0.8613,14.80,3.20
2009.07.02 09:17:48.445,0.86115,0.86125,16.40,3.20
2009.07.02 09:17:48.726,0.86115,0.86125,15.60,3.20
2009.07.02 09:17:49.075,0.86115,0.8613,15.60,3.20
2009.07.02 09:17:49.245,0.86115,0.8613,14.00,6.20
2009.07.02 09:17:49.585,0.8612,0.8613,1.40,6.20
2009.07.02 09:17:50.825,0.8612,0.86125,1.40,3.20
2009.07.02 09:17:51.055,0.8611,0.86125,15.60,3.20
2009.07.02 09:17:51.455,0.8611,0.86125,15.60,17.40
2009.07.02 09:17:51.745,0.86115,0.86125,14.00,3.20
2009.07.02 09:17:52.264,0.86115,0.8613,14.00,3.20
2009.07.02 09:17:52.495,0.86115,0.8613,14.80,3.20
2009.07.02 09:17:52.895,0.86115,0.8613,17.20,3.20
2009.07.02 09:17:53.345,0.86115,0.8613,7.60,3.20
2009.07.02 09:17:53.644,0.8612,0.8613,1.40,3.20
2009.07.02 09:17:53.974,0.8612,0.8613,1.40,3.20
2009.07.02 09:17:55.274,0.86125,0.8613,1.60,3.20
2009.07.02 09:17:55.574,0.86125,0.8613,5.20,3.20
2009.07.02 09:17:55.844,0.8613,0.86135,1.00,5.80
2009.07.02 09:17:56.194,0.8613,0.86135,1.00,7.20
2009.07.02 09:17:56.654,0.8613,0.8614,1.40,3.20
2009.07.02 09:17:56.993,0.8613,0.8614,1.00,3.20
2009.07.02 09:17:57.393,0.86135,0.8614,1.00,3.20
2009.07.02 09:17:58.203,0.8613,0.8614,1.40,3.20
2009.07.02 09:17:58.553,0.8613,0.8614,1.00,3.20
2009.07.02 09:17:59.143,0.8613,0.8614,1.40,3.20
2009.07.02 09:18:00.543,0.8613,0.86145,1.40,3.80
2009.07.02 09:18:01.652,0.8613,0.86145,3.00,3.80
2009.07.02 09:18:02.422,0.8613,0.8614,3.00,3.20
2009.07.02 09:18:02.702,0.8613,0.8614,1.40,3.20
2009.07.02 09:18:03.432,0.8613,0.8614,1.00,3.20
2009.07.02 09:18:04.112,0.8613,0.8614,2.40,3.20
2009.07.02 09:18:04.393,0.8613,0.8614,4.00,3.20
2009.07.02 09:18:04.802,0.8613,0.8614,2.20,3.20
2009.07.02 09:18:05.092,0.8613,0.8614,3.00,3.20
2009.07.02 09:18:05.561,0.8613,0.8614,2.20,3.20
2009.07.02 09:18:06.901,0.8613,0.8614,3.00,3.20
2009.07.02 09:18:07.191,0.8613,0.8614,2.20,3.20
2009.07.02 09:18:07.771,0.8613,0.8614,3.00,3.20
2009.07.02 09:18:09.381,0.8613,0.8614,2.20,3.20
2009.07.02 09:18:09.670,0.8613,0.8614,1.00,3.20
2009.07.02 09:18:10.680,0.8613,0.8614,2.20,3.20
2009.07.02 09:18:12.790,0.8613,0.8614,1.00,3.20
2009.07.02 09:18:13.020,0.8613,0.8614,2.20,3.20
2009.07.02 09:18:13.309,0.8613,0.8614,1.00,3.20
2009.07.02 09:18:16.619,0.8613,0.8614,3.00,3.20
2009.07.02 09:18:18.448,0.8613,0.8614,2.20,3.20
2009.07.02 09:18:18.968,0.8613,0.8614,4.60,3.20
2009.07.02 09:18:19.128,0.8613,0.8614,2.20,3.20
2009.07.02 09:18:19.478,0.8613,0.8614,1.00,3.20
2009.07.02 09:18:21.798,0.8613,0.8614,1.40,3.20
2009.07.02 09:18:22.017,0.8613,0.8614,2.20,3.20
2009.07.02 09:18:23.127,0.8614,0.86145,1.20,3.60
2009.07.02 09:18:23.187,0.8614,0.86145,1.20,24.00
2009.07.02 09:18:23.487,0.8614,0.86145,1.60,20.00
2009.07.02 09:18:23.777,0.8614,0.8615,2.20,4.80
2009.07.02 09:18:24.297,0.86135,0.8615,3.20,3.20
2009.07.02 09:18:24.647,0.8614,0.8615,1.00,3.20
2009.07.02 09:18:25.207,0.86135,0.8615,5.00,3.80
2009.07.02 09:18:25.497,0.8614,0.8615,7.80,1.60
2009.07.02 09:18:25.857,0.86145,0.86155,1.40,3.80
2009.07.02 09:18:26.197,0.86155,0.8616,1.00,2.50
2009.07.02 09:18:26.736,0.86155,0.8616,3.20,1.00
2009.07.02 09:18:27.036,0.8617,0.8618,1.00,3.80
2009.07.02 09:18:27.266,0.8617,0.8618,2.20,3.80
2009.07.02 09:18:27.556,0.8617,0.86185,4.00,1.40
2009.07.02 09:18:28.746,0.86175,0.8619,1.00,7.80
2009.07.02 09:18:29.036,0.86175,0.8619,1.00,1.40
2009.07.02 09:18:29.266,0.86175,0.8619,1.00,3.00
2009.07.02 09:18:29.676,0.86175,0.8619,1.00,1.40
2009.07.02 09:18:29.915,0.86175,0.8619,2.40,1.40
2009.07.02 09:18:31.625,0.8617,0.86175,1.60,3.20
2009.07.02 09:18:31.915,0.8617,0.86175,3.00,3.20
2009.07.02 09:18:32.215,0.8617,0.8618,1.20,1.60
2009.07.02 09:18:32.675,0.8617,0.86185,2.20,4.60
2009.07.02 09:18:33.175,0.8617,0.86185,2.20,1.40
2009.07.02 09:18:33.355,0.8617,0.86185,4.00,1.40
2009.07.02 09:18:33.694,0.8617,0.86185,5.40,1.40
2009.07.02 09:18:34.044,0.8617,0.86185,2.20,1.40
2009.07.02 09:18:34.836,0.8617,0.86185,4.00,1.40
2009.07.02 09:18:35.174,0.8617,0.86185,8.80,1.40
2009.07.02 09:18:36.604,0.86175,0.8619,1.00,11.00
2009.07.02 09:18:36.904,0.86175,0.86185,1.00,3.20
2009.07.02 09:18:37.244,0.8617,0.86185,9.60,3.20
2009.07.02 09:18:38.173,0.8617,0.8618,9.60,5.00
2009.07.02 09:18:38.584,0.8617,0.8618,4.80,8.20
2009.07.02 09:18:38.754,0.8617,0.86175,2.20,5.00
2009.07.02 09:18:39.153,0.8617,0.8618,2.20,8.20
2009.07.02 09:18:40.843,0.8617,0.8618,3.00,8.20
2009.07.02 09:18:41.063,0.8617,0.86175,2.20,3.20
2009.07.02 09:18:41.473,0.8617,0.8618,2.20,8.20
2009.07.02 09:18:44.062,0.86175,0.86185,1.00,3.20
2009.07.02 09:18:44.472,0.86175,0.8618,1.00,3.20
2009.07.02 09:18:44.752,0.86175,0.86185,2.40,3.20
2009.07.02 09:18:45.572,0.86175,0.86185,1.00,3.20
2009.07.02 09:18:48.781,0.86175,0.86185,1.40,3.20
2009.07.02 09:18:50.470,0.86175,0.86185,1.00,3.20
2009.07.02 09:18:54.270,0.86175,0.86185,1.40,3.20
2009.07.02 09:18:54.680,0.86175,0.86185,2.00,3.20
2009.07.02 09:18:54.970,0.86175,0.86185,2.40,3.20
2009.07.02 09:18:55.259,0.86175,0.86185,1.40,3.20
2009.07.02 09:18:57.339,0.86175,0.86185,2.60,3.20
2009.07.02 09:18:57.449,0.86175,0.86185,3.20,3.20
2009.07.02 09:18:57.669,0.86175,0.86185,1.40,3.20
2009.07.02 09:18:57.779,0.86175,0.86185,2.00,3.20
2009.07.02 09:18:58.289,0.86175,0.86185,3.20,3.20
2009.07.02 09:18:58.908,0.86175,0.86185,1.40,3.20
2009.07.02 09:18:59.648,0.86175,0.86185,2.40,3.20
2009.07.02 09:19:00.278,0.86175,0.86185,3.20,3.20
2009.07.02 09:19:03.777,0.86175,0.86185,4.20,3.20
2009.07.02 09:19:04.127,0.86175,0.86185,3.00,3.20
2009.07.02 09:19:04.178,0.86175,0.86185,4.20,3.20
2009.07.02 09:19:04.357,0.86175,0.86185,4.80,3.20
2009.07.02 09:19:05.007,0.86175,0.86185,5.80,3.20
2009.07.02 09:19:05.417,0.86175,0.86185,4.80,3.20
2009.07.02 09:19:05.657,0.86175,0.86185,2.20,3.20
2009.07.02 09:19:05.937,0.86175,0.86185,4.80,3.20
2009.07.02 09:19:06.627,0.86175,0.86185,2.20,3.20
2009.07.02 09:19:06.797,0.86175,0.86185,4.80,3.20
2009.07.02 09:19:07.786,0.8618,0.86185,1.40,3.20
2009.07.02 09:19:08.876,0.86175,0.86185,1.00,3.20
2009.07.02 09:19:09.166,0.86175,0.86185,2.40,3.20
2009.07.02 09:19:09.396,0.86175,0.86185,3.20,3.20
2009.07.02 09:19:09.506,0.86175,0.8618,1.60,3.20
2009.07.02 09:19:10.026,0.8617,0.8618,14.40,3.20
2009.07.02 09:19:10.486,0.86175,0.86185,1.60,3.20
2009.07.02 09:19:10.836,0.8617,0.86185,11.20,3.20
2009.07.02 09:19:11.076,0.86175,0.86185,1.00,3.20
2009.07.02 09:19:22.513,0.8617,0.86185,15.60,3.20
2009.07.02 09:19:22.803,0.8617,0.86185,10.80,3.20
2009.07.02 09:19:22.863,0.8617,0.8618,8.40,3.20
2009.07.02 09:19:23.093,0.8617,0.8618,7.80,3.20
2009.07.02 09:19:25.792,0.8617,0.8618,7.00,3.20
2009.07.02 09:19:26.072,0.8617,0.8618,5.40,3.20
2009.07.02 09:19:26.592,0.8617,0.8618,1.00,3.20
2009.07.02 09:19:27.052,0.86165,0.8617,2.40,3.20
2009.07.02 09:19:27.692,0.86165,0.8618,1.00,3.20
2009.07.02 09:19:28.042,0.86165,0.8617,1.00,3.20
2009.07.02 09:19:28.821,0.86165,0.86175,1.00,3.20
2009.07.02 09:19:31.820,0.86165,0.86175,1.80,3.20
2009.07.02 09:19:31.931,0.86165,0.86175,2.40,3.20
2009.07.02 09:19:32.260,0.8617,0.86175,2.20,3.20
2009.07.02 09:19:33.441,0.86165,0.86175,1.40,3.20
2009.07.02 09:19:34.440,0.8616,0.86175,1.60,3.20
2009.07.02 09:19:34.740,0.8616,0.86175,2.20,3.20
2009.07.02 09:19:35.100,0.8616,0.86175,1.40,9.20
2009.07.02 09:19:35.620,0.86165,0.86175,1.00,4.20
2009.07.02 09:19:35.900,0.8617,0.86175,1.00,6.60
2009.07.02 09:19:36.199,0.86165,0.86175,2.20,3.20
2009.07.02 09:19:36.849,0.8616,0.86175,1.40,9.20
2009.07.02 09:19:37.129,0.8616,0.8617,1.40,2.80
2009.07.02 09:19:37.539,0.8615,0.86165,3.80,2.40
2009.07.02 09:19:37.999,0.8615,0.86165,3.00,5.80
2009.07.02 09:19:38.359,0.8615,0.86165,1.60,4.60
2009.07.02 09:19:38.579,0.86145,0.8616,3.20,3.20
2009.07.02 09:19:38.969,0.86145,0.8616,1.20,3.80
2009.07.02 09:19:39.089,0.8614,0.86155,6.40,3.20
2009.07.02 09:19:39.209,0.8614,0.86155,2.20,3.20
2009.07.02 09:19:39.429,0.8614,0.86155,1.40,3.20
2009.07.02 09:19:39.589,0.8614,0.8615,1.40,3.20
2009.07.02 09:19:40.858,0.86135,0.8615,1.00,3.20
2009.07.02 09:19:41.308,0.8614,0.8615,1.00,5.40
2009.07.02 09:19:41.718,0.86135,0.86145,1.60,3.20
2009.07.02 09:19:42.128,0.86135,0.86145,1.00,1.40
2009.07.02 09:19:42.578,0.86135,0.8615,2.40,4.60
2009.07.02 09:19:43.098,0.86145,0.8616,1.00,9.40
2009.07.02 09:19:43.548,0.8615,0.8616,1.00,2.40
2009.07.02 09:19:44.008,0.86145,0.86155,1.00,3.20
2009.07.02 09:19:44.328,0.8614,0.86155,5.80,3.20
2009.07.02 09:19:44.668,0.86145,0.86155,1.40,3.20
2009.07.02 09:19:45.118,0.86145,0.86155,1.00,3.20
2009.07.02 09:19:45.297,0.86145,0.8616,3.20,3.20
2009.07.02 09:19:45.467,0.86145,0.8616,9.00,3.20
2009.07.02 09:19:45.697,0.8615,0.86165,1.00,9.20
2009.07.02 09:19:45.867,0.8615,0.8617,1.40,3.20
2009.07.02 09:19:46.207,0.8615,0.86165,1.40,1.60
2009.07.02 09:19:46.727,0.8615,0.86165,3.00,1.60
2009.07.02 09:19:47.237,0.8615,0.86165,2.20,3.00
2009.07.02 09:19:47.357,0.8615,0.86165,2.20,4.60
2009.07.02 09:19:47.407,0.8615,0.86165,2.20,7.80
2009.07.02 09:19:47.867,0.86155,0.86165,1.00,7.80
2009.07.02 09:19:47.917,0.86155,0.8617,1.00,3.60
2009.07.02 09:19:48.157,0.86155,0.8617,1.00,2.20
2009.07.02 09:19:48.267,0.86155,0.8617,1.00,5.40
2009.07.02 09:19:48.566,0.86155,0.8617,1.00,4.80
2009.07.02 09:19:49.036,0.8615,0.8617,6.40,4.80
2009.07.02 09:19:49.317,0.8615,0.8617,4.60,5.60
2009.07.02 09:19:50.026,0.86155,0.8617,1.40,3.20
2009.07.02 09:19:50.086,0.86155,0.8617,2.40,3.80
2009.07.02 09:19:50.516,0.86155,0.86165,1.00,3.20
2009.07.02 09:19:52.106,0.86155,0.8617,1.00,3.20
2009.07.02 09:19:52.786,0.8615,0.8617,9.20,3.20
2009.07.02 09:19:53.066,0.8615,0.86165,7.40,3.20
2009.07.02 09:19:53.345,0.8615,0.86165,9.20,3.20
2009.07.02 09:19:53.455,0.86155,0.8617,1.60,4.00
2009.07.02 09:19:53.925,0.86155,0.8617,2.20,3.20
2009.07.02 09:19:54.205,0.8616,0.86175,2.20,4.80
2009.07.02 09:19:54.435,0.8616,0.8617,6.20,1.60
2009.07.02 09:19:54.665,0.8616,0.8617,7.80,1.60
2009.07.02 09:19:55.005,0.8616,0.8617,3.80,1.60
2009.07.02 09:19:55.655,0.8616,0.86175,2.20,4.80
2009.07.02 09:19:56.115,0.8616,0.86175,2.20,3.00
2009.07.02 09:19:56.405,0.8616,0.86175,3.00,3.20
2009.07.02 09:19:57.454,0.8616,0.86175,3.00,1.60
2009.07.02 09:19:57.854,0.86155,0.8617,4.00,1.40
2009.07.02 09:19:58.024,0.8616,0.8617,1.40,1.40
2009.07.02 09:19:58.144,0.8616,0.86165,2.20,3.20
2009.07.02 09:19:58.254,0.8616,0.86175,1.00,4.60
2009.07.02 09:19:58.474,0.8616,0.86175,1.40,3.20
2009.07.02 09:19:58.594,0.8616,0.86175,2.20,3.60
2009.07.02 09:19:58.654,0.8616,0.86175,2.20,8.40
2009.07.02 09:19:58.984,0.8616,0.86175,2.20,7.80
2009.07.02 09:20:01.454,0.8616,0.86175,3.00,1.60
2009.07.02 09:20:01.753,0.8616,0.86175,3.00,3.20
2009.07.02 09:20:02.083,0.8616,0.86175,4.80,3.20
2009.07.02 09:20:02.433,0.86165,0.8618,1.00,4.00
2009.07.02 09:20:02.613,0.86165,0.8618,1.00,3.20
2009.07.02 09:20:04.153,0.86165,0.8618,1.00,3.20
2009.07.02 09:20:04.213,0.86165,0.86175,1.00,3.20
2009.07.02 09:20:05.802,0.8616,0.86175,14.00,3.20
2009.07.02 09:20:06.302,0.8617,0.8618,2.20,3.20
2009.07.02 09:20:06.362,0.86175,0.8618,1.00,3.20
2009.07.02 09:20:06.972,0.86175,0.86185,2.40,3.20
2009.07.02 09:20:07.832,0.8617,0.86185,20.00,3.20
2009.07.02 09:20:12.161,0.8617,0.8619,6.40,11.80
2009.07.02 09:20:12.501,0.8617,0.8619,6.40,10.20
2009.07.02 09:20:12.731,0.8617,0.8619,7.60,10.20
2009.07.02 09:20:13.071,0.86175,0.8619,1.00,10.20
2009.07.02 09:20:13.231,0.86175,0.8619,4.00,1.40
2009.07.02 09:20:21.259,0.8618,0.8619,1.00,3.20
2009.07.02 09:20:21.489,0.8618,0.8619,2.20,3.20
2009.07.02 09:20:21.850,0.8618,0.86195,2.20,3.80
2009.07.02 09:20:42.364,0.8618,0.86195,2.20,3.20
2009.07.02 09:20:43.253,0.8618,0.8619,2.20,3.20
2009.07.02 09:20:45.183,0.86185,0.86195,1.00,3.20
2009.07.02 09:20:45.833,0.86185,0.86195,2.40,3.20
2009.07.02 09:20:46.183,0.86185,0.86195,3.20,3.20
2009.07.02 09:20:47.173,0.8619,0.86195,1.60,3.20
2009.07.02 09:20:47.582,0.86185,0.86195,5.00,3.20
2009.07.02 09:20:47.912,0.86185,0.86195,3.20,3.20
2009.07.02 09:20:48.552,0.86185,0.86195,4.20,3.20
2009.07.02 09:20:49.192,0.8619,0.86195,1.60,3.20
2009.07.02 09:20:49.702,0.8619,0.86195,1.00,3.20
2009.07.02 09:20:50.172,0.8619,0.86195,2.20,3.20
2009.07.02 09:20:50.572,0.8619,0.86195,3.00,3.20
2009.07.02 09:20:50.982,0.8619,0.862,3.00,3.20
2009.07.02 09:20:52.411,0.8619,0.862,4.80,3.20
2009.07.02 09:20:53.501,0.8619,0.862,3.20,3.20
2009.07.02 09:20:54.071,0.8619,0.862,4.00,3.20
2009.07.02 09:20:54.181,0.8619,0.86205,4.00,16.80
2009.07.02 09:20:54.361,0.8619,0.86205,4.00,16.80
2009.07.02 09:20:54.691,0.8619,0.86205,3.40,4.00
2009.07.02 09:20:54.870,0.8619,0.86205,2.20,15.20
2009.07.02 09:20:54.990,0.8619,0.86205,2.20,10.40
2009.07.02 09:20:55.860,0.8619,0.86205,3.20,9.00
2009.07.02 09:20:56.100,0.86195,0.86205,1.40,9.80
2009.07.02 09:20:56.490,0.86195,0.86205,1.40,6.60
2009.07.02 09:20:57.720,0.86185,0.86205,9.20,5.40
2009.07.02 09:20:57.900,0.86195,0.862,1.40,1.40
2009.07.02 09:20:58.080,0.8619,0.862,1.40,1.40
2009.07.02 09:20:58.810,0.8619,0.86205,1.40,16.80
2009.07.02 09:20:58.980,0.8619,0.86205,1.40,4.00
2009.07.02 09:20:59.270,0.8619,0.862,1.40,3.20
2009.07.02 09:20:59.620,0.86185,0.862,4.00,3.20
2009.07.02 09:21:02.479,0.8619,0.86205,3.20,4.00
2009.07.02 09:21:03.189,0.8619,0.86205,3.20,10.40
2009.07.02 09:21:03.759,0.8619,0.86205,2.20,4.00
2009.07.02 09:21:04.109,0.8619,0.862,1.40,3.20
2009.07.02 09:21:04.688,0.8619,0.862,1.40,3.20
2009.07.02 09:21:05.148,0.86185,0.86195,1.00,3.20
2009.07.02 09:21:06.768,0.86185,0.86195,1.40,3.20
2009.07.02 09:21:07.168,0.8619,0.862,4.00,3.20
2009.07.02 09:21:07.287,0.8619,0.862,4.80,4.80
2009.07.02 09:21:07.638,0.8619,0.86205,4.00,8.80
2009.07.02 09:21:07.978,0.8619,0.862,4.80,4.80
2009.07.02 09:21:08.317,0.8619,0.86205,5.80,3.20
2009.07.02 09:21:08.548,0.8619,0.86205,5.00,3.20
2009.07.02 09:21:08.717,0.8619,0.86205,3.20,4.00
2009.07.02 09:21:09.117,0.8619,0.86205,2.60,4.00
2009.07.02 09:21:09.517,0.86185,0.86205,3.40,4.00
2009.07.02 09:21:09.567,0.8619,0.86205,3.60,18.20
2009.07.02 09:21:09.928,0.86195,0.86205,1.00,3.20
2009.07.02 09:21:10.267,0.8619,0.86205,12.20,3.20
2009.07.02 09:21:10.327,0.86195,0.86205,1.40,3.20
2009.07.02 09:21:10.727,0.862,0.8621,1.00,3.80
2009.07.02 09:21:11.177,0.862,0.8621,1.00,3.20
2009.07.02 09:21:12.266,0.862,0.8621,1.60,1.60
2009.07.02 09:21:12.427,0.862,0.8621,6.40,1.60
2009.07.02 09:21:12.596,0.862,0.8621,5.60,1.60
2009.07.02 09:21:12.766,0.862,0.8621,1.40,3.20
2009.07.02 09:21:13.066,0.86195,0.8621,1.60,3.20
2009.07.02 09:21:13.516,0.8619,0.8621,10.80,3.20
2009.07.02 09:21:13.876,0.8619,0.8621,9.60,11.00
2009.07.02 09:21:14.396,0.8619,0.8621,9.60,3.20
2009.07.02 09:21:14.676,0.86195,0.8621,2.40,3.20
2009.07.02 09:21:14.906,0.86195,0.8621,2.40,3.20
2009.07.02 09:21:15.026,0.86195,0.8621,4.20,3.20
2009.07.02 09:21:15.146,0.86195,0.8621,3.20,3.20
2009.07.02 09:21:27.233,0.86195,0.8621,1.40,3.20
2009.07.02 09:21:34.211,0.8619,0.86205,5.20,3.20
2009.07.02 09:21:34.671,0.8619,0.86205,4.80,3.20
2009.07.02 09:21:34.951,0.8619,0.86205,3.00,3.80
2009.07.02 09:21:35.251,0.8619,0.86205,1.40,3.80
2009.07.02 09:21:35.481,0.8619,0.86205,1.40,3.20
2009.07.02 09:21:40.010,0.86185,0.862,2.00,3.20
2009.07.02 09:21:40.290,0.86185,0.862,1.40,3.20
2009.07.02 09:21:40.460,0.86185,0.862,1.00,3.20
2009.07.02 09:21:43.639,0.86185,0.86195,1.00,3.20
2009.07.02 09:21:51.637,0.86185,0.86195,1.40,5.60
2009.07.02 09:21:53.347,0.86185,0.86195,2.20,5.60
2009.07.02 09:21:53.466,0.86185,0.86195,1.40,5.60
2009.07.02 09:21:53.526,0.86185,0.86195,3.80,5.60
2009.07.02 09:21:53.996,0.86185,0.86195,1.40,5.60
2009.07.02 09:21:54.456,0.86185,0.8619,1.40,3.20
2009.07.02 09:21:58.665,0.86175,0.86185,8.60,3.20
2009.07.02 09:21:58.905,0.86175,0.86185,2.40,3.20
2009.07.02 09:21:59.125,0.86175,0.86185,1.00,3.20
2009.07.02 09:21:59.405,0.8617,0.86185,5.80,3.20
2009.07.02 09:21:59.516,0.8617,0.86185,4.80,3.20
2009.07.02 09:21:59.865,0.8617,0.86185,2.20,3.20
2009.07.02 09:22:02.064,0.8617,0.86185,3.60,3.20
2009.07.02 09:22:02.404,0.8617,0.86185,4.00,3.20
2009.07.02 09:22:02.644,0.8617,0.86185,2.40,3.20
2009.07.02 09:22:03.214,0.8617,0.86185,4.80,3.20
2009.07.02 09:22:03.544,0.86175,0.86185,1.00,3.20
2009.07.02 09:22:03.944,0.86175,0.8619,1.00,3.80
2009.07.02 09:22:04.384,0.86175,0.8619,1.60,3.20
2009.07.02 09:22:04.554,0.86175,0.86185,1.60,3.20
2009.07.02 09:22:04.954,0.86175,0.8619,1.60,3.20
2009.07.02 09:22:05.983,0.86175,0.8619,2.40,3.20
2009.07.02 09:22:06.263,0.86175,0.8619,2.40,4.00
2009.07.02 09:22:06.553,0.86175,0.86185,1.00,3.20
2009.07.02 09:22:07.343,0.86175,0.8619,1.00,3.20
2009.07.02 09:22:08.003,0.86175,0.8619,1.00,4.00
2009.07.02 09:22:08.123,0.86175,0.86185,1.00,3.20
2009.07.02 09:22:08.513,0.8617,0.86185,9.60,3.20
2009.07.02 09:22:08.863,0.8617,0.8618,2.00,1.60
2009.07.02 09:22:09.263,0.86165,0.86185,8.60,6.20
2009.07.02 09:22:09.963,0.8617,0.86185,3.00,6.20
2009.07.02 09:22:10.942,0.8617,0.86185,6.00,4.80
2009.07.02 09:22:11.302,0.86175,0.8619,1.60,9.60
2009.07.02 09:22:11.522,0.86175,0.8619,1.60,9.20
2009.07.02 09:22:11.922,0.86175,0.8619,1.60,14.40
2009.07.02 09:22:12.092,0.86175,0.8619,1.60,9.60
2009.07.02 09:22:13.012,0.86175,0.86185,1.00,2.00
2009.07.02 09:22:13.122,0.8617,0.8618,3.00,1.40
2009.07.02 09:22:13.592,0.86165,0.8618,7.00,4.80
2009.07.02 09:22:13.652,0.86165,0.8618,12.20,4.80
2009.07.02 09:22:14.062,0.8617,0.86185,1.60,9.20
2009.07.02 09:22:14.291,0.8617,0.86185,1.60,8.20
2009.07.02 09:22:14.591,0.8617,0.86185,1.60,7.20
2009.07.02 09:22:15.791,0.8617,0.86185,1.60,6.60
2009.07.02 09:22:16.241,0.86165,0.86185,9.00,7.00
2009.07.02 09:22:16.651,0.8617,0.86185,3.20,6.20
2009.07.02 09:22:17.071,0.8617,0.86185,6.80,1.40
2009.07.02 09:22:17.481,0.86175,0.8619,1.60,8.60
2009.07.02 09:22:19.410,0.86175,0.86185,1.60,1.40
2009.07.02 09:22:19.770,0.86175,0.8619,1.60,8.60
2009.07.02 09:22:20.090,0.86175,0.8619,1.60,11.80
2009.07.02 09:22:20.320,0.86175,0.86185,1.60,3.20
2009.07.02 09:22:26.049,0.8617,0.86185,8.00,3.20
2009.07.02 09:22:26.339,0.86175,0.86185,1.60,3.20
2009.07.02 09:22:26.578,0.86175,0.86185,2.40,3.20
2009.07.02 09:22:27.308,0.86175,0.86185,3.40,3.20
2009.07.02 09:22:27.668,0.86175,0.86185,1.00,3.20
2009.07.02 09:22:28.189,0.8617,0.86185,4.20,6.80
2009.07.02 09:22:28.698,0.8617,0.8618,4.00,3.20
2009.07.02 09:22:28.928,0.8617,0.86185,4.00,9.40
2009.07.02 09:22:29.268,0.8618,0.86185,1.00,3.25
2009.07.02 09:22:29.498,0.8618,0.86185,1.20,3.25
2009.07.02 09:22:29.858,0.86175,0.8618,2.80,1.00
2009.07.02 09:22:30.278,0.86175,0.8619,8.00,3.20
2009.07.02 09:22:30.628,0.8619,0.86195,1.00,1.60
2009.07.02 09:22:31.033,0.8619,0.86205,1.00,9.00
2009.07.02 09:22:31.377,0.8619,0.86205,2.20,9.00
2009.07.02 09:22:31.737,0.8619,0.86205,2.20,7.40
2009.07.02 09:22:32.667,0.8619,0.86205,1.40,8.00
2009.07.02 09:22:32.847,0.8619,0.86205,1.40,9.00
2009.07.02 09:22:33.247,0.86195,0.86205,1.00,6.80
2009.07.02 09:22:33.427,0.86195,0.86205,3.00,3.20
2009.07.02 09:22:33.657,0.86195,0.8621,4.60,5.20
2009.07.02 09:22:33.707,0.86195,0.8621,3.00,4.80
2009.07.02 09:22:38.386,0.8621,0.8622,1.40,3.20
2009.07.02 09:22:38.556,0.8621,0.8622,4.60,3.20
2009.07.02 09:22:41.835,0.8621,0.86225,4.60,7.00
2009.07.02 09:22:41.895,0.8621,0.86225,4.60,7.40
2009.07.02 09:22:42.175,0.8621,0.86225,3.80,6.00
2009.07.02 09:22:42.455,0.8621,0.86225,3.00,2.60
2009.07.02 09:22:42.745,0.86205,0.86225,11.20,3.80
2009.07.02 09:22:42.805,0.86205,0.8622,9.60,1.00
2009.07.02 09:22:43.275,0.86205,0.8622,9.60,1.00
2009.07.02 09:22:43.854,0.86205,0.8622,3.20,1.00
2009.07.02 09:22:44.364,0.86205,0.8622,5.60,2.40
2009.07.02 09:22:44.775,0.86205,0.8622,1.60,6.20
2009.07.02 09:22:45.114,0.86205,0.8622,1.60,7.40
2009.07.02 09:22:45.394,0.862,0.8622,6.40,7.40
2009.07.02 09:22:45.674,0.862,0.8622,4.80,9.00
2009.07.02 09:22:46.423,0.8621,0.8622,1.00,4.40
2009.07.02 09:22:46.744,0.86205,0.8622,1.60,3.20
2009.07.02 09:22:47.154,0.862,0.86215,4.80,3.20
2009.07.02 09:22:47.504,0.862,0.86215,6.40,3.20
2009.07.02 09:22:51.183,0.86205,0.8622,4.60,3.20
2009.07.02 09:22:51.472,0.86205,0.86215,4.60,3.20
2009.07.02 09:22:51.742,0.8621,0.8622,1.40,3.20
2009.07.02 09:22:52.493,0.86205,0.8622,4.60,3.20
2009.07.02 09:22:54.252,0.86205,0.86215,4.60,3.20
2009.07.02 09:22:54.542,0.86205,0.86215,1.40,3.20
2009.07.02 09:22:54.972,0.86205,0.86215,4.60,3.20
2009.07.02 09:22:59.351,0.86205,0.86215,2.20,3.20
2009.07.02 09:22:59.641,0.86205,0.86215,6.20,3.20
2009.07.02 09:22:59.931,0.86205,0.86215,4.60,3.20
2009.07.02 09:23:06.129,0.8618,0.86195,1.60,10.80
2009.07.02 09:23:06.459,0.8618,0.8619,1.00,4.60
2009.07.02 09:23:06.809,0.8618,0.8619,1.00,6.20
2009.07.02 09:23:07.159,0.8618,0.8619,1.00,1.00
2009.07.02 09:23:07.849,0.8618,0.8619,1.00,1.00
2009.07.02 09:23:08.028,0.8618,0.8619,2.20,3.20
2009.07.02 09:23:08.428,0.8618,0.86195,3.80,3.20
2009.07.02 09:23:08.598,0.8618,0.86195,2.40,3.20
2009.07.02 09:23:08.988,0.8618,0.86195,1.00,3.20
2009.07.02 09:23:09.738,0.8618,0.86195,3.20,3.20
2009.07.02 09:23:16.597,0.8619,0.862,3.00,3.20
2009.07.02 09:23:17.057,0.8619,0.862,2.20,3.20
2009.07.02 09:23:17.636,0.8619,0.86205,1.40,3.20
2009.07.02 09:23:17.926,0.8619,0.86205,3.00,3.20
2009.07.02 09:23:18.556,0.8619,0.86205,7.80,3.20
2009.07.02 09:23:18.786,0.8619,0.86205,9.40,3.20
2009.07.02 09:23:20.105,0.8619,0.86205,11.00,3.20
2009.07.02 09:23:21.105,0.8619,0.86205,11.20,3.20
2009.07.02 09:23:22.545,0.86195,0.86205,1.00,3.20
2009.07.02 09:23:22.775,0.86195,0.86205,1.00,3.20
2009.07.02 09:23:22.895,0.86195,0.8621,3.00,8.60
2009.07.02 09:23:23.185,0.86195,0.8621,3.00,7.00
2009.07.02 09:23:23.365,0.8619,0.86205,6.40,3.20
2009.07.02 09:23:23.975,0.8619,0.862,6.40,3.20
2009.07.02 09:23:24.505,0.8619,0.86205,4.60,3.20
2009.07.02 09:23:26.584,0.86185,0.86195,2.40,3.20
2009.07.02 09:23:26.854,0.86185,0.86195,4.80,3.20
2009.07.02 09:23:27.544,0.8619,0.862,1.00,3.20
2009.07.02 09:23:27.884,0.8619,0.862,2.20,3.20
2009.07.02 09:23:28.283,0.8619,0.862,3.00,3.20
2009.07.02 09:23:28.583,0.86195,0.8621,3.00,6.60
2009.07.02 09:23:29.313,0.86195,0.8621,4.60,3.20
2009.07.02 09:23:29.424,0.86195,0.86205,4.60,1.40
2009.07.02 09:23:29.663,0.8619,0.862,4.00,3.20
2009.07.02 09:23:29.943,0.86195,0.86205,3.00,2.40
2009.07.02 09:23:30.223,0.86195,0.86205,4.80,3.20
2009.07.02 09:23:30.523,0.86195,0.86205,4.20,3.20
2009.07.02 09:23:30.863,0.862,0.8621,1.00,3.80
2009.07.02 09:23:31.223,0.862,0.8621,2.20,3.20
2009.07.02 09:23:31.753,0.86195,0.8621,2.40,3.20
2009.07.02 09:23:32.453,0.86195,0.8621,4.80,3.20
2009.07.02 09:23:32.802,0.86195,0.8621,4.60,3.20
2009.07.02 09:23:33.433,0.8619,0.862,8.00,3.20
2009.07.02 09:23:33.723,0.8619,0.862,2.20,3.20
2009.07.02 09:23:33.832,0.8619,0.862,4.80,3.20
2009.07.02 09:23:36.232,0.8619,0.862,3.00,3.20
2009.07.02 09:23:36.702,0.8619,0.862,3.20,3.20
2009.07.02 09:23:36.932,0.8619,0.862,3.00,3.20
2009.07.02 09:23:37.161,0.8619,0.862,4.60,3.20
2009.07.02 09:23:37.901,0.8619,0.862,2.20,3.20
2009.07.02 09:23:38.251,0.8619,0.862,4.80,3.20
2009.07.02 09:23:38.711,0.8619,0.862,4.60,3.20
2009.07.02 09:23:40.151,0.86195,0.86205,1.00,12.80
2009.07.02 09:23:40.371,0.86195,0.86205,1.00,3.20
2009.07.02 09:23:40.601,0.86195,0.86205,1.40,3.20
2009.07.02 09:23:40.891,0.86195,0.8621,1.00,3.80
2009.07.02 09:23:41.301,0.86195,0.8621,4.60,3.80
2009.07.02 09:23:42.120,0.86195,0.86205,4.60,3.20
2009.07.02 09:23:45.369,0.86195,0.8621,6.40,3.80
2009.07.02 09:23:45.889,0.86195,0.86205,2.40,3.20
2009.07.02 09:23:46.349,0.862,0.86205,1.00,3.20
2009.07.02 09:23:46.869,0.862,0.86205,3.80,3.20
2009.07.02 09:23:47.929,0.862,0.86205,1.60,3.20
2009.07.02 09:23:48.209,0.86195,0.86205,3.80,3.20
2009.07.02 09:23:48.599,0.86195,0.86205,1.00,3.20
2009.07.02 09:23:49.049,0.86195,0.86205,1.00,4.60
2009.07.02 09:23:49.229,0.8619,0.86195,1.60,1.80
2009.07.02 09:23:49.629,0.8619,0.86195,1.60,3.80
2009.07.02 09:23:50.099,0.8619,0.86195,1.60,6.60
2009.07.02 09:23:50.460,0.86165,0.86185,2.40,3.20
2009.07.02 09:23:50.848,0.86165,0.86185,2.20,1.80
2009.07.02 09:23:51.138,0.86165,0.86185,1.00,1.80
2009.07.02 09:23:51.309,0.86165,0.86185,1.60,1.00
2009.07.02 09:23:53.017,0.8617,0.8619,1.60,6.80
2009.07.02 09:23:53.607,0.8617,0.8619,1.60,6.20
2009.07.02 09:23:54.167,0.86175,0.8619,4.80,3.20
2009.07.02 09:23:54.347,0.86175,0.86195,9.60,7.80
2009.07.02 09:23:54.517,0.86175,0.8619,9.60,3.20
2009.07.02 09:23:55.147,0.86175,0.8619,9.60,3.20
2009.07.02 09:23:55.257,0.86175,0.8619,6.40,3.20
2009.07.02 09:23:55.837,0.86175,0.8619,6.40,3.20
2009.07.02 09:23:56.117,0.86175,0.86185,1.00,13.20
2009.07.02 09:23:56.397,0.8617,0.86185,2.20,13.20
2009.07.02 09:23:56.807,0.86165,0.86185,11.20,10.20
2009.07.02 09:23:57.217,0.8617,0.86185,1.60,8.20
2009.07.02 09:23:57.647,0.8617,0.86185,1.60,3.00
2009.07.02 09:23:57.986,0.8617,0.86185,1.60,7.20
2009.07.02 09:23:58.446,0.86175,0.8619,3.00,8.60
2009.07.02 09:23:58.746,0.86175,0.8619,2.40,6.40
2009.07.02 09:23:59.106,0.86175,0.8619,2.40,10.20
2009.07.02 09:23:59.336,0.86175,0.8619,1.60,10.20
2009.07.02 09:23:59.626,0.8617,0.86185,1.60,1.40
2009.07.02 09:23:59.686,0.8617,0.86185,1.60,1.40
2009.07.02 09:24:00.386,0.8617,0.86185,1.60,1.40
2009.07.02 09:24:00.566,0.8617,0.86185,1.60,1.40
2009.07.02 09:24:00.736,0.8617,0.86185,9.60,1.40
2009.07.02 09:24:00.916,0.8617,0.86185,11.20,1.40
2009.07.02 09:24:01.096,0.86175,0.8619,1.00,11.40
2009.07.02 09:24:01.256,0.86175,0.8619,4.00,6.20
2009.07.02 09:24:01.646,0.86175,0.8619,3.80,6.20
2009.07.02 09:24:02.785,0.86175,0.8619,3.80,6.60
2009.07.02 09:24:03.355,0.86175,0.8619,3.80,6.20
2009.07.02 09:24:03.465,0.86175,0.8619,3.80,3.00
2009.07.02 09:24:03.685,0.86175,0.8619,3.80,1.60
2009.07.02 09:24:03.745,0.86175,0.8619,6.20,1.60
2009.07.02 09:24:03.795,0.86175,0.8619,10.20,1.60
2009.07.02 09:24:03.855,0.8618,0.8619,1.60,1.60
2009.07.02 09:24:04.145,0.8618,0.86195,1.60,1.00
2009.07.02 09:24:04.435,0.8618,0.86195,1.60,1.40
2009.07.02 09:24:04.895,0.8618,0.862,1.60,7.80
2009.07.02 09:24:05.185,0.8618,0.862,1.60,3.40
2009.07.02 09:24:09.414,0.86185,0.862,1.00,3.40
2009.07.02 09:24:09.594,0.8618,0.862,2.40,3.40
2009.07.02 09:24:09.814,0.8618,0.86195,2.40,1.00
2009.07.02 09:24:10.104,0.8618,0.86195,1.60,6.80
2009.07.02 09:24:10.434,0.8618,0.86195,1.60,1.60
2009.07.02 09:24:10.773,0.8618,0.862,1.60,6.60
2009.07.02 09:24:11.063,0.8618,0.86195,1.60,2.00
2009.07.02 09:24:11.633,0.8618,0.8619,1.60,1.00
2009.07.02 09:24:11.973,0.8618,0.8619,1.60,1.00
2009.07.02 09:24:12.273,0.86175,0.8619,1.60,1.00
2009.07.02 09:24:12.383,0.86175,0.86195,1.60,7.60
2009.07.02 09:24:12.943,0.86175,0.8619,1.60,1.00
2009.07.02 09:24:13.283,0.86175,0.8619,1.60,1.00
2009.07.02 09:24:13.573,0.86175,0.86185,1.60,1.00
2009.07.02 09:24:13.683,0.86175,0.86185,1.60,1.40
2009.07.02 09:24:13.903,0.8617,0.86185,1.60,1.40
2009.07.02 09:24:14.013,0.8617,0.8619,1.60,13.80
2009.07.02 09:24:14.302,0.86175,0.8619,1.40,14.00
2009.07.02 09:24:14.413,0.86175,0.8619,4.60,10.80
2009.07.02 09:24:14.872,0.86175,0.8619,4.60,9.40
2009.07.02 09:24:15.162,0.86175,0.8619,3.20,9.40
2009.07.02 09:24:15.272,0.86175,0.8619,6.40,7.00
2009.07.02 09:24:17.912,0.86175,0.8619,6.40,6.80
2009.07.02 09:24:17.972,0.86175,0.8619,6.40,6.40
2009.07.02 09:24:20.051,0.86175,0.86185,4.60,3.20
2009.07.02 09:24:21.421,0.8618,0.86185,1.00,3.20
2009.07.02 09:24:21.771,0.8618,0.8619,3.00,1.60
2009.07.02 09:24:22.001,0.8618,0.86195,6.40,5.40
2009.07.02 09:24:22.221,0.86185,0.86195,1.00,5.20
2009.07.02 09:24:22.451,0.86185,0.862,2.40,5.00
2009.07.02 09:24:22.861,0.86185,0.862,2.40,3.60
2009.07.02 09:24:24.950,0.86185,0.862,2.40,6.80
2009.07.02 09:24:25.180,0.86185,0.862,1.00,6.80
2009.07.02 09:24:25.240,0.86185,0.862,1.00,2.20
2009.07.02 09:24:25.530,0.86185,0.862,1.00,6.80
2009.07.02 09:24:26.100,0.86185,0.862,1.00,3.60
2009.07.02 09:24:26.600,0.86185,0.862,2.40,3.60
2009.07.02 09:24:27.119,0.86185,0.862,2.40,3.00
2009.07.02 09:24:27.419,0.86185,0.862,2.40,1.40
2009.07.02 09:24:27.579,0.86185,0.862,2.40,2.00
2009.07.02 09:24:27.759,0.86185,0.862,2.40,2.00
2009.07.02 09:24:28.159,0.86185,0.862,6.40,2.00
2009.07.02 09:24:28.279,0.86185,0.86205,6.40,11.60
2009.07.02 09:24:28.629,0.8619,0.862,2.20,3.20
2009.07.02 09:24:28.849,0.8619,0.862,3.80,3.20
2009.07.02 09:24:31.199,0.8619,0.86205,3.80,11.80
2009.07.02 09:24:31.438,0.8619,0.86205,3.80,7.60
2009.07.02 09:24:31.908,0.8619,0.862,3.80,3.20
2009.07.02 09:24:32.609,0.86185,0.86195,2.40,3.20
2009.07.02 09:24:32.888,0.8619,0.86195,3.80,3.20
2009.07.02 09:24:35.227,0.8619,0.862,3.80,12.80
2009.07.02 09:24:35.527,0.8619,0.862,3.80,3.20
2009.07.02 09:24:35.697,0.8619,0.862,4.60,3.20
2009.07.02 09:24:36.837,0.8619,0.86205,4.60,3.20
2009.07.02 09:24:38.617,0.8619,0.86205,3.80,3.20
2009.07.02 09:24:38.957,0.862,0.86205,1.00,3.25
2009.07.02 09:24:39.307,0.862,0.86205,1.00,5.60
2009.07.02 09:24:39.426,0.8619,0.862,3.20,3.20
2009.07.02 09:24:39.657,0.8619,0.862,2.40,3.20
2009.07.02 09:24:39.836,0.8619,0.86205,4.80,3.20
2009.07.02 09:24:40.456,0.8619,0.86205,2.40,3.20
2009.07.02 09:24:40.866,0.8619,0.862,4.00,3.20
2009.07.02 09:24:41.686,0.86185,0.8619,8.00,3.20
2009.07.02 09:24:42.036,0.8619,0.86195,1.00,4.80
2009.07.02 09:24:42.446,0.8619,0.862,3.80,5.40
2009.07.02 09:24:42.676,0.86185,0.862,6.40,3.20
2009.07.02 09:24:42.976,0.86185,0.862,1.60,3.20
2009.07.02 09:24:43.215,0.86185,0.862,1.60,2.00
2009.07.02 09:24:43.495,0.86185,0.862,1.60,1.40
2009.07.02 09:24:43.615,0.86185,0.862,1.60,3.00
2009.07.02 09:24:46.665,0.86185,0.862,1.60,6.60
2009.07.02 09:24:47.065,0.8618,0.862,2.40,7.80
2009.07.02 09:24:47.575,0.8618,0.862,7.20,7.80
2009.07.02 09:24:47.865,0.86185,0.862,2.40,4.60
2009.07.02 09:24:52.244,0.86185,0.862,6.40,3.00
2009.07.02 09:24:52.535,0.86185,0.862,1.60,7.00
2009.07.02 09:24:53.003,0.86185,0.862,2.40,3.00
2009.07.02 09:24:53.354,0.86185,0.862,2.40,7.00
2009.07.02 09:24:53.863,0.86185,0.862,6.40,2.00
2009.07.02 09:24:54.143,0.8619,0.862,2.20,5.60
2009.07.02 09:24:54.433,0.8619,0.862,1.60,5.40
2009.07.02 09:24:54.723,0.86185,0.862,3.20,7.00
2009.07.02 09:24:55.353,0.86185,0.862,6.40,7.00
2009.07.02 09:24:55.703,0.86185,0.862,9.60,7.00
2009.07.02 09:24:56.043,0.86185,0.862,6.40,8.60
2009.07.02 09:24:56.442,0.86185,0.862,4.60,6.40
2009.07.02 09:24:59.252,0.8618,0.862,3.20,6.40
2009.07.02 09:24:59.542,0.86185,0.862,3.80,6.40
2009.07.02 09:24:59.712,0.8618,0.862,6.40,10.40
2009.07.02 09:25:00.221,0.8618,0.862,6.40,9.60
2009.07.02 09:25:00.562,0.8618,0.862,6.40,9.60
2009.07.02 09:25:00.921,0.8618,0.86195,6.40,1.00
2009.07.02 09:25:01.631,0.8618,0.86195,6.40,1.00
2009.07.02 09:25:01.961,0.86185,0.862,1.00,6.40
2009.07.02 09:25:02.301,0.86185,0.862,1.40,6.40
2009.07.02 09:25:02.721,0.86185,0.862,1.40,10.00
2009.07.02 09:25:02.891,0.86185,0.862,3.00,10.40
2009.07.02 09:25:03.071,0.86185,0.862,4.60,10.40
2009.07.02 09:25:03.301,0.86185,0.862,4.60,6.40
2009.07.02 09:25:04.271,0.8618,0.86195,2.40,1.40
2009.07.02 09:25:04.740,0.8618,0.86195,4.60,6.20
2009.07.02 09:25:05.080,0.8618,0.86195,4.60,4.60
2009.07.02 09:25:05.140,0.8618,0.86195,4.60,1.40
2009.07.02 09:25:05.820,0.86185,0.862,4.60,7.20
2009.07.02 09:25:06.180,0.86185,0.862,4.60,6.40
2009.07.02 09:25:06.451,0.86185,0.862,4.80,6.40
2009.07.02 09:25:14.568,0.8618,0.862,3.20,6.40
2009.07.02 09:25:14.798,0.86185,0.862,1.60,6.40
2009.07.02 09:25:15.138,0.8618,0.862,2.40,6.40
2009.07.02 09:25:15.358,0.86185,0.862,2.20,6.40
2009.07.02 09:25:15.518,0.86185,0.862,4.80,6.40
2009.07.02 09:25:15.848,0.8618,0.862,2.40,6.40
2009.07.02 09:25:16.198,0.8618,0.862,2.40,9.60
2009.07.02 09:25:24.156,0.86185,0.862,6.40,6.40
2009.07.02 09:25:24.326,0.86185,0.862,6.40,6.40
2009.07.02 09:25:25.546,0.86185,0.862,6.40,6.40
2009.07.02 09:25:25.895,0.86185,0.862,1.60,6.40
2009.07.02 09:25:26.235,0.86185,0.862,4.80,6.40
2009.07.02 09:25:29.214,0.8618,0.86195,2.40,1.40
2009.07.02 09:25:29.654,0.8618,0.86195,12.80,4.80
2009.07.02 09:25:30.124,0.86185,0.862,1.40,6.40
2009.07.02 09:25:30.424,0.86185,0.862,1.60,8.40
2009.07.02 09:25:30.924,0.86185,0.862,4.80,8.40
2009.07.02 09:25:31.224,0.86185,0.862,4.80,6.40
2009.07.02 09:25:31.574,0.86185,0.862,6.40,6.40
2009.07.02 09:25:47.860,0.86185,0.862,6.40,8.40
2009.07.02 09:25:48.080,0.86185,0.862,6.40,8.60
2009.07.02 09:25:48.430,0.86185,0.862,9.60,8.80
2009.07.02 09:25:48.720,0.86185,0.862,9.60,12.40
2009.07.02 09:25:49.170,0.86185,0.862,9.60,12.40
2009.07.02 09:25:49.340,0.86185,0.862,9.60,12.40
2009.07.02 09:25:49.740,0.86185,0.862,6.40,12.40
2009.07.02 09:25:57.438,0.8619,0.862,2.20,2.00
2009.07.02 09:25:57.668,0.8619,0.862,3.20,1.00
2009.07.02 09:25:57.839,0.8619,0.862,3.80,2.00
2009.07.02 09:25:58.407,0.86185,0.862,9.60,2.00
2009.07.02 09:25:58.867,0.86185,0.862,8.00,2.00
2009.07.02 09:26:00.767,0.8619,0.862,1.60,2.00
2009.07.02 09:26:00.827,0.8619,0.862,3.80,2.00
2009.07.02 09:26:02.556,0.8619,0.86195,3.00,3.20
2009.07.02 09:26:02.776,0.86185,0.86195,11.20,3.20
2009.07.02 09:26:03.226,0.8619,0.86195,3.00,3.20
2009.07.02 09:26:03.626,0.8619,0.86195,4.60,3.20
2009.07.02 09:26:04.206,0.8619,0.86195,3.80,3.20
2009.07.02 09:26:04.496,0.8619,0.86195,3.00,3.20
2009.07.02 09:26:05.006,0.8619,0.86195,4.60,3.20
2009.07.02 09:26:05.176,0.8619,0.86195,4.80,3.20
2009.07.02 09:26:06.155,0.8619,0.862,4.80,3.20
2009.07.02 09:26:06.445,0.8619,0.862,4.60,3.20
2009.07.02 09:26:07.015,0.8619,0.862,4.80,3.20
2009.07.02 09:26:19.122,0.8619,0.862,4.60,3.20
2009.07.02 09:26:22.072,0.86185,0.86195,6.40,3.20
2009.07.02 09:26:29.690,0.86185,0.862,5.60,3.20
2009.07.02 09:26:29.980,0.86185,0.86195,4.60,3.20
2009.07.02 09:26:32.389,0.86185,0.86195,1.00,3.20
2009.07.02 09:26:33.949,0.86185,0.86195,4.60,3.20
2009.07.02 09:26:34.009,0.86185,0.862,4.60,3.80
2009.07.02 09:26:35.178,0.86185,0.862,4.80,3.80
2009.07.02 09:26:35.799,0.86185,0.86195,4.80,3.20
2009.07.02 09:26:36.438,0.86185,0.862,4.80,3.20
2009.07.02 09:26:37.528,0.86185,0.862,4.80,3.20
2009.07.02 09:26:38.278,0.86185,0.86195,4.80,3.20
2009.07.02 09:26:38.688,0.86185,0.862,4.80,3.20
2009.07.02 09:26:39.068,0.86185,0.86195,4.80,3.20
2009.07.02 09:26:39.897,0.86185,0.862,4.80,3.20
2009.07.02 09:26:40.007,0.86185,0.862,4.60,3.20
2009.07.02 09:27:02.222,0.8618,0.86195,9.20,3.20
2009.07.02 09:27:02.282,0.8618,0.862,10.60,3.80
2009.07.02 09:27:02.342,0.86185,0.862,1.40,3.80
2009.07.02 09:27:02.562,0.86185,0.862,4.60,3.20
2009.07.02 09:27:03.132,0.86185,0.86195,1.00,3.20
2009.07.02 09:27:05.111,0.8618,0.86195,2.40,3.20
2009.07.02 09:27:05.222,0.8618,0.8619,2.40,3.20
2009.07.02 09:27:05.451,0.8618,0.8619,9.40,3.20
2009.07.02 09:27:05.561,0.8618,0.8619,23.80,3.20
2009.07.02 09:27:08.940,0.8618,0.8619,22.80,3.20
2009.07.02 09:27:09.000,0.8618,0.8619,21.20,3.20
2009.07.02 09:27:15.719,0.8618,0.8619,20.40,3.20
2009.07.02 09:27:15.829,0.86175,0.8619,22.00,4.80
2009.07.02 09:27:16.049,0.86175,0.86185,2.40,3.20
2009.07.02 09:27:18.078,0.8618,0.8619,3.80,3.20
2009.07.02 09:27:22.837,0.8618,0.8619,6.80,3.20
2009.07.02 09:27:23.007,0.8618,0.8619,7.00,3.20
2009.07.02 09:27:25.766,0.8618,0.8619,5.40,3.20
2009.07.02 09:27:25.986,0.8618,0.8619,4.80,3.20
2009.07.02 09:27:28.426,0.86175,0.86185,4.60,3.20
2009.07.02 09:27:29.435,0.86175,0.86185,4.80,3.20
2009.07.02 09:27:29.835,0.86175,0.86185,4.60,3.20
2009.07.02 09:27:34.884,0.86175,0.86185,4.80,3.20
2009.07.02 09:27:35.684,0.86175,0.86185,4.60,3.20
2009.07.02 09:27:35.804,0.86175,0.86185,4.80,3.20
2009.07.02 09:27:39.973,0.86175,0.86185,3.80,3.20
2009.07.02 09:27:40.033,0.86175,0.86185,2.20,3.20
2009.07.02 09:27:40.263,0.86175,0.86185,3.00,3.20
2009.07.02 09:27:40.443,0.86175,0.86185,3.00,3.20
2009.07.02 09:27:40.774,0.86175,0.86185,4.80,3.20
2009.07.02 09:27:40.993,0.86175,0.86185,4.60,3.20
2009.07.02 09:27:41.163,0.86175,0.86185,3.80,3.20
2009.07.02 09:27:41.574,0.86175,0.86185,3.00,3.20
2009.07.02 09:27:42.082,0.86175,0.86185,3.20,3.20
2009.07.02 09:27:42.413,0.86175,0.86185,4.60,3.20
2009.07.02 09:27:43.222,0.86175,0.86185,8.40,3.20
2009.07.02 09:27:44.142,0.86175,0.86185,6.00,3.20
2009.07.02 09:27:45.302,0.86175,0.86185,8.40,3.20
2009.07.02 09:27:47.951,0.86175,0.86185,9.20,3.20
2009.07.02 09:27:48.421,0.86175,0.86185,11.00,3.20
2009.07.02 09:27:48.531,0.86175,0.86185,10.80,3.20
2009.07.02 09:27:56.538,0.86175,0.86185,10.00,3.20
2009.07.02 09:27:57.007,0.86175,0.86185,8.40,3.20
2009.07.02 09:28:02.226,0.86175,0.86185,10.80,3.20
2009.07.02 09:28:02.725,0.86175,0.86185,9.20,3.20
2009.07.02 09:28:03.235,0.86175,0.86185,10.00,3.20
2009.07.02 09:28:03.645,0.86175,0.86185,7.60,3.20
2009.07.02 09:28:04.835,0.86175,0.86185,9.20,3.20
2009.07.02 09:28:05.115,0.86175,0.86185,7.60,6.80
2009.07.02 09:28:05.225,0.86175,0.86185,8.40,6.80
2009.07.02 09:28:05.335,0.86175,0.86185,8.40,3.20
2009.07.02 09:28:05.735,0.86175,0.86185,9.20,3.20
2009.07.02 09:28:05.975,0.86175,0.86185,10.80,3.20
2009.07.02 09:28:06.845,0.86175,0.86185,10.80,1.40
2009.07.02 09:28:07.184,0.86175,0.86185,9.20,3.20
2009.07.02 09:28:07.604,0.86175,0.86185,8.40,3.20
2009.07.02 09:28:08.084,0.86175,0.86185,9.20,3.20
2009.07.02 09:28:08.194,0.86175,0.86185,10.80,3.20
2009.07.02 09:28:08.614,0.86175,0.8619,8.40,5.20
2009.07.02 09:28:08.784,0.86175,0.86185,9.20,3.20
2009.07.02 09:28:09.124,0.86175,0.86185,10.80,3.20
2009.07.02 09:28:16.312,0.86175,0.86185,7.60,3.20
2009.07.02 09:28:16.482,0.86175,0.86185,4.60,3.20
2009.07.02 09:28:21.431,0.86175,0.86185,1.40,3.20
2009.07.02 09:28:21.761,0.86175,0.86185,4.60,3.20
2009.07.02 09:28:23.020,0.86175,0.8619,7.80,3.20
2009.07.02 09:28:23.251,0.8618,0.8619,1.00,3.20
2009.07.02 09:28:23.470,0.8618,0.8619,2.20,3.20
2009.07.02 09:28:23.930,0.8618,0.8619,4.60,3.20
2009.07.02 09:28:23.990,0.8618,0.8619,6.20,3.20
2009.07.02 09:28:24.041,0.8618,0.8619,5.20,3.20
2009.07.02 09:28:24.160,0.8618,0.8619,3.00,3.20
2009.07.02 09:28:24.330,0.8618,0.8619,3.80,3.20
2009.07.02 09:28:24.450,0.8618,0.8619,1.00,3.20
2009.07.02 09:28:25.320,0.8618,0.8619,1.40,3.20
2009.07.02 09:28:25.430,0.86185,0.8619,1.40,3.20
2009.07.02 09:28:25.550,0.8618,0.8619,2.20,3.20
2009.07.02 09:28:25.890,0.86185,0.8619,1.40,3.20
2009.07.02 09:28:26.240,0.8618,0.8619,2.20,3.20
2009.07.02 09:28:26.659,0.8618,0.86185,1.40,3.20
2009.07.02 09:28:27.419,0.8617,0.8618,2.20,3.20
2009.07.02 09:28:27.699,0.8617,0.8618,7.60,3.20
2009.07.02 09:28:27.999,0.8617,0.8618,5.20,3.20
2009.07.02 09:28:30.259,0.8617,0.8618,7.80,3.20
2009.07.02 09:28:30.489,0.86175,0.8618,3.00,3.20
2009.07.02 09:28:30.759,0.86165,0.8618,14.20,3.20
2009.07.02 09:28:31.209,0.8617,0.8618,6.20,3.20
2009.07.02 09:28:31.499,0.8617,0.8618,6.00,3.20
2009.07.02 09:28:32.488,0.8617,0.8618,8.40,3.20
2009.07.02 09:28:34.328,0.86175,0.8619,1.40,8.00
2009.07.02 09:28:34.788,0.86175,0.8619,4.60,3.20
2009.07.02 09:28:35.537,0.86175,0.8619,5.20,3.20
2009.07.02 09:28:35.647,0.8618,0.8619,1.40,3.20
2009.07.02 09:28:36.057,0.8618,0.8619,4.60,3.20
2009.07.02 09:28:41.146,0.8619,0.862,4.60,2.20
2009.07.02 09:28:41.326,0.86195,0.862,1.40,1.00
2009.07.02 09:28:41.556,0.86195,0.862,3.00,1.00
2009.07.02 09:28:41.976,0.86195,0.862,5.70,1.00
2009.07.02 09:28:42.446,0.862,0.86215,4.80,2.00
2009.07.02 09:28:42.726,0.862,0.8622,9.20,2.00
2009.07.02 09:28:43.016,0.862,0.86215,10.00,1.40
2009.07.02 09:28:43.196,0.862,0.86215,10.60,1.40
2009.07.02 09:28:43.465,0.86205,0.8622,8.00,1.00
2009.07.02 09:28:43.636,0.86205,0.86225,8.00,2.00
2009.07.02 09:28:43.965,0.86205,0.86225,8.00,3.60
2009.07.02 09:28:44.375,0.86205,0.86225,8.00,2.00
2009.07.02 09:28:44.595,0.86215,0.86225,1.00,4.40
2009.07.02 09:28:44.985,0.86215,0.8622,1.00,1.00
2009.07.02 09:28:45.285,0.86215,0.8622,1.00,1.00
2009.07.02 09:28:45.515,0.86215,0.86225,1.00,3.20
2009.07.02 09:28:45.925,0.86215,0.8622,1.00,3.20
2009.07.02 09:28:46.275,0.86205,0.8621,10.40,2.80
2009.07.02 09:28:46.665,0.86195,0.86205,8.80,1.40
2009.07.02 09:28:46.895,0.86205,0.8621,1.00,3.50
2009.07.02 09:28:47.175,0.862,0.8621,9.60,3.00
2009.07.02 09:28:47.524,0.862,0.8621,6.40,1.60
2009.07.02 09:28:47.924,0.862,0.8621,6.40,1.00
2009.07.02 09:28:48.314,0.862,0.8621,4.60,1.60
2009.07.02 09:28:48.824,0.862,0.8621,3.80,1.60
2009.07.02 09:28:49.054,0.86195,0.8621,1.60,3.00
2009.07.02 09:28:49.224,0.86195,0.86215,1.60,9.40
2009.07.02 09:28:49.454,0.8619,0.86205,4.00,4.40
2009.07.02 09:28:50.014,0.86195,0.8621,1.00,5.20
2009.07.02 09:28:50.374,0.86195,0.86205,2.20,1.40
2009.07.02 09:28:50.734,0.86195,0.8621,1.00,7.00
2009.07.02 09:28:51.244,0.86195,0.8621,1.00,7.40
2009.07.02 09:28:51.883,0.86195,0.8621,1.00,8.20
2009.07.02 09:28:52.763,0.862,0.8621,1.00,3.20
2009.07.02 09:28:52.933,0.86195,0.8621,1.60,3.00
2009.07.02 09:28:53.293,0.8619,0.862,3.20,3.00
2009.07.02 09:28:53.503,0.8619,0.862,1.60,3.00
2009.07.02 09:28:53.843,0.8619,0.86195,1.60,1.40
2009.07.02 09:28:54.483,0.86185,0.86195,2.40,3.00
2009.07.02 09:28:55.003,0.86185,0.86195,3.80,3.00
2009.07.02 09:28:55.173,0.86185,0.86195,1.00,3.00
2009.07.02 09:28:55.462,0.86185,0.86195,1.40,3.00
2009.07.02 09:28:55.623,0.8619,0.86195,1.00,3.00
2009.07.02 09:28:56.252,0.86185,0.86195,3.80,3.00
2009.07.02 09:28:56.542,0.8619,0.86195,1.00,3.00
2009.07.02 09:28:57.402,0.8618,0.86195,7.40,4.00
2009.07.02 09:28:57.812,0.8618,0.8619,1.60,7.80
2009.07.02 09:28:58.162,0.86175,0.8619,1.00,8.40
2009.07.02 09:28:58.512,0.86175,0.8619,2.40,4.40
2009.07.02 09:28:59.112,0.86175,0.86185,2.40,3.00
2009.07.02 09:28:59.751,0.86175,0.86185,4.60,3.00
2009.07.02 09:29:00.031,0.86175,0.86185,3.80,3.00
2009.07.02 09:29:00.391,0.86175,0.86185,1.00,3.00
2009.07.02 09:29:00.951,0.86175,0.86185,2.40,3.00
2009.07.02 09:29:01.131,0.86175,0.86185,4.60,3.00
2009.07.02 09:29:01.661,0.86175,0.86185,4.60,1.40
2009.07.02 09:29:01.841,0.86175,0.8619,2.40,6.20
2009.07.02 09:29:07.410,0.86175,0.8619,2.40,2.80
2009.07.02 09:29:07.750,0.86175,0.8619,2.40,1.40
2009.07.02 09:29:11.868,0.86175,0.8619,6.40,1.40
2009.07.02 09:29:12.219,0.86175,0.8619,2.40,1.40
2009.07.02 09:29:12.278,0.86175,0.8619,9.60,1.40
2009.07.02 09:29:12.608,0.86175,0.8619,6.40,1.40
2009.07.02 09:29:12.788,0.86175,0.8619,6.40,3.00
2009.07.02 09:29:13.118,0.86175,0.8619,8.00,3.00
2009.07.02 09:29:16.708,0.86175,0.8618,8.00,3.20
2009.07.02 09:29:16.877,0.86175,0.86185,6.40,1.60
2009.07.02 09:29:16.997,0.86175,0.8619,9.60,6.80
2009.07.02 09:29:17.157,0.86175,0.8619,9.60,5.40
2009.07.02 09:29:19.467,0.86175,0.8619,6.40,5.40
2009.07.02 09:29:19.587,0.86175,0.8619,6.40,6.80
2009.07.02 09:29:19.747,0.86175,0.8619,6.40,7.80
2009.07.02 09:29:19.857,0.86175,0.8619,4.60,7.80
2009.07.02 09:29:27.265,0.8617,0.8618,10.20,1.60
2009.07.02 09:29:27.435,0.8617,0.86175,6.80,3.20
2009.07.02 09:29:27.555,0.8617,0.86175,6.20,3.20
2009.07.02 09:29:27.795,0.8617,0.86175,4.60,3.20
2009.07.02 09:29:36.153,0.8617,0.86185,4.60,3.80
2009.07.02 09:29:41.002,0.8617,0.86185,3.80,3.80
2009.07.02 09:29:41.341,0.8617,0.86185,2.20,3.80
2009.07.02 09:29:41.452,0.8617,0.86185,1.00,3.80
2009.07.02 09:29:43.461,0.86165,0.8618,6.40,6.20
2009.07.02 09:29:43.701,0.86165,0.8618,6.40,6.20
2009.07.02 09:29:43.821,0.86165,0.8618,3.00,3.80
2009.07.02 09:29:43.981,0.86165,0.8618,1.60,4.00
2009.07.02 09:29:44.101,0.8616,0.8617,4.60,1.40
2009.07.02 09:29:44.401,0.8616,0.8617,1.40,3.00
2009.07.02 09:29:44.631,0.8616,0.8617,1.00,3.00
2009.07.02 09:29:44.871,0.8616,0.86175,1.00,6.20
2009.07.02 09:29:45.091,0.8616,0.8617,1.00,3.00
2009.07.02 09:29:49.970,0.8615,0.8617,1.60,5.60
2009.07.02 09:29:50.309,0.86145,0.8616,5.40,1.80
2009.07.02 09:29:50.659,0.86145,0.8616,2.40,4.80
2009.07.02 09:29:51.169,0.86145,0.8616,6.20,6.00
2009.07.02 09:29:51.549,0.8614,0.86155,4.60,4.80
2009.07.02 09:29:53.479,0.8615,0.86155,1.00,4.60
2009.07.02 09:29:53.699,0.86145,0.86155,13.20,3.00
2009.07.02 09:29:54.058,0.86145,0.86155,6.20,4.80
2009.07.02 09:29:54.118,0.86145,0.86155,1.00,4.80
2009.07.02 09:29:54.698,0.86145,0.86155,1.00,3.00
2009.07.02 09:29:54.758,0.86145,0.86155,1.00,1.40
2009.07.02 09:29:54.818,0.8615,0.86155,1.00,1.40
2009.07.02 09:29:55.338,0.8615,0.8616,1.00,5.00
2009.07.02 09:29:55.788,0.86145,0.8616,2.40,4.80
2009.07.02 09:29:56.118,0.86145,0.8616,3.80,6.20
2009.07.02 09:29:56.340,0.86145,0.86155,1.00,3.20
2009.07.02 09:29:56.568,0.86145,0.86155,1.00,4.80
2009.07.02 09:29:57.258,0.86155,0.8616,1.00,3.20
2009.07.02 09:29:57.827,0.86155,0.86165,1.00,4.60
2009.07.02 09:29:58.047,0.86155,0.86165,1.00,3.20
2009.07.02 09:29:58.378,0.86155,0.86165,1.40,3.20
2009.07.02 09:29:58.497,0.86155,0.8617,4.60,3.20
2009.07.02 09:29:58.837,0.86155,0.8617,4.60,6.60
2009.07.02 09:29:58.947,0.86155,0.8617,4.60,3.20
2009.07.02 09:29:59.447,0.86155,0.8617,4.60,9.80
2009.07.02 09:30:00.207,0.86155,0.8617,4.60,11.20
2009.07.02 09:30:00.317,0.86155,0.8617,3.80,6.20
2009.07.02 09:30:00.547,0.86155,0.8617,2.20,5.40
2009.07.02 09:30:00.847,0.86155,0.86165,1.00,3.20
2009.07.02 09:30:01.417,0.86155,0.86165,3.00,3.20
2009.07.02 09:30:01.707,0.86155,0.86165,4.60,3.20
2009.07.02 09:30:02.056,0.8616,0.8617,3.80,3.20
2009.07.02 09:30:02.447,0.86155,0.8617,3.20,3.20
2009.07.02 09:30:03.486,0.86155,0.86165,1.40,3.20
2009.07.02 09:30:04.826,0.86155,0.86165,4.60,3.20
2009.07.02 09:30:05.666,0.86155,0.86165,3.80,3.20
2009.07.02 09:30:05.776,0.86155,0.86165,3.80,3.20
2009.07.02 09:30:06.126,0.86155,0.86165,1.00,3.20
2009.07.02 09:30:06.185,0.86155,0.86165,3.00,3.20
2009.07.02 09:30:06.406,0.86155,0.86165,4.60,3.20
2009.07.02 09:30:06.705,0.86155,0.86165,3.80,3.20
2009.07.02 09:30:07.045,0.86155,0.86165,4.60,3.20
2009.07.02 09:30:07.395,0.86155,0.86165,1.00,3.20
2009.07.02 09:30:08.325,0.86155,0.86165,4.60,3.20
2009.07.02 09:30:09.575,0.86155,0.8617,4.60,3.20
2009.07.02 09:30:09.805,0.86155,0.86165,4.60,3.20
2009.07.02 09:30:10.324,0.86155,0.8617,4.60,3.20
2009.07.02 09:30:10.885,0.86155,0.86165,4.60,3.20
2009.07.02 09:30:11.458,0.86155,0.86165,1.40,3.20
2009.07.02 09:30:11.744,0.86155,0.86165,3.80,3.20
2009.07.02 09:30:12.044,0.86155,0.86165,1.00,3.20
2009.07.02 09:30:13.634,0.86155,0.86165,3.00,3.20
2009.07.02 09:30:14.224,0.86155,0.86165,4.60,3.20
2009.07.02 09:30:15.033,0.8616,0.86165,1.00,3.20
2009.07.02 09:30:15.383,0.86155,0.86165,4.60,3.20
2009.07.02 09:30:20.142,0.8615,0.8616,4.60,3.20
2009.07.02 09:30:21.332,0.8615,0.8616,2.20,3.20
2009.07.02 09:30:21.622,0.8615,0.8616,1.00,3.20
2009.07.02 09:30:24.032,0.86145,0.8616,10.80,3.80
2009.07.02 09:30:24.442,0.86145,0.8616,12.40,3.20
2009.07.02 09:30:25.011,0.8614,0.8615,2.20,3.20
2009.07.02 09:30:25.311,0.86135,0.8615,4.80,3.20
2009.07.02 09:30:25.661,0.86135,0.86145,3.80,3.20
2009.07.02 09:30:25.961,0.86135,0.86145,1.00,3.20
2009.07.02 09:30:26.751,0.8614,0.8615,1.00,2.20
2009.07.02 09:30:27.270,0.8614,0.86145,1.00,3.20
2009.07.02 09:30:27.600,0.8614,0.8615,1.00,3.20
2009.07.02 09:30:29.200,0.8614,0.86145,1.00,3.20
2009.07.02 09:30:31.859,0.8614,0.8615,1.00,3.20
2009.07.02 09:30:32.549,0.8614,0.86145,1.90,1.00
2009.07.02 09:30:33.069,0.86145,0.8615,1.00,3.20
2009.07.02 09:30:34.089,0.86145,0.8615,1.00,3.20
2009.07.02 09:30:36.029,0.86145,0.86155,1.00,3.20
2009.07.02 09:30:38.388,0.86145,0.86155,1.00,3.80
2009.07.02 09:30:38.568,0.86145,0.86155,1.00,4.60
2009.07.02 09:30:42.457,0.86135,0.8615,7.40,3.20
2009.07.02 09:30:42.897,0.8614,0.8615,5.60,3.20
2009.07.02 09:30:43.286,0.86145,0.8615,1.00,3.20
2009.07.02 09:30:47.486,0.8614,0.8615,6.20,3.00
2009.07.02 09:30:47.716,0.8614,0.8615,2.20,3.00
2009.07.02 09:30:48.065,0.8614,0.8615,1.00,3.00
2009.07.02 09:30:49.765,0.8614,0.8615,1.00,1.60
2009.07.02 09:30:49.875,0.8614,0.8615,1.40,1.60
2009.07.02 09:30:49.995,0.8614,0.8615,6.20,3.20
2009.07.02 09:30:50.055,0.8614,0.86155,7.80,3.20
2009.07.02 09:30:50.355,0.8614,0.86155,13.40,3.20
2009.07.02 09:30:50.415,0.8614,0.8615,4.60,3.20
2009.07.02 09:30:50.875,0.86145,0.8615,1.00,3.20
2009.07.02 09:30:51.225,0.86145,0.8615,3.00,3.20
2009.07.02 09:30:51.335,0.86145,0.8615,4.60,3.20
2009.07.02 09:30:51.675,0.86145,0.86155,4.60,4.60
2009.07.02 09:30:53.054,0.86145,0.86155,4.60,3.20
2009.07.02 09:30:57.603,0.86145,0.8615,3.80,3.20
2009.07.02 09:30:57.893,0.86145,0.8615,2.20,3.20
2009.07.02 09:30:58.183,0.86145,0.8615,1.00,3.20
2009.07.02 09:30:58.414,0.86145,0.8615,1.40,3.20
2009.07.02 09:30:58.743,0.86145,0.8615,4.60,3.20
2009.07.02 09:31:00.373,0.86145,0.8616,4.60,3.20
2009.07.02 09:31:00.722,0.86145,0.86155,4.60,3.20
2009.07.02 09:31:01.482,0.86145,0.8615,2.40,3.20
2009.07.02 09:31:02.062,0.86145,0.8615,1.40,3.20
2009.07.02 09:31:02.582,0.86145,0.8615,4.60,3.20
2009.07.02 09:31:03.912,0.86145,0.8615,3.80,3.20
2009.07.02 09:31:04.132,0.86145,0.8615,1.40,3.20
2009.07.02 09:31:04.581,0.86145,0.8615,4.60,3.20
2009.07.02 09:31:12.650,0.86145,0.8615,3.80,3.20
2009.07.02 09:31:12.879,0.86145,0.8615,1.00,3.20
2009.07.02 09:31:20.858,0.86145,0.86155,1.00,3.20
2009.07.02 09:31:22.387,0.86145,0.86155,3.00,3.20
2009.07.02 09:31:22.727,0.86145,0.86155,4.60,3.20
2009.07.02 09:31:22.907,0.86145,0.86155,1.40,3.20
2009.07.02 09:31:22.967,0.86145,0.86155,4.60,3.20
2009.07.02 09:31:23.257,0.86145,0.8615,4.60,3.20
2009.07.02 09:31:32.915,0.86145,0.8615,4.60,4.80
2009.07.02 09:31:38.803,0.8615,0.8616,3.00,3.20
2009.07.02 09:31:39.163,0.86145,0.8616,9.60,3.20
2009.07.02 09:31:39.223,0.86145,0.8616,6.20,3.20
2009.07.02 09:31:39.463,0.86145,0.8616,6.40,3.20
2009.07.02 09:31:39.573,0.86145,0.8616,8.00,3.20
2009.07.02 09:31:39.863,0.86145,0.8616,8.00,3.20
2009.07.02 09:31:40.093,0.8615,0.8616,1.00,4.80
2009.07.02 09:31:40.153,0.8615,0.8616,1.00,3.20
2009.07.02 09:31:40.433,0.8615,0.8616,3.00,3.20
2009.07.02 09:31:40.733,0.8615,0.8616,4.60,3.20
2009.07.02 09:31:41.722,0.8615,0.86155,4.60,3.20
2009.07.02 09:31:42.942,0.8615,0.8616,2.20,3.20
2009.07.02 09:31:46.962,0.8615,0.86155,1.00,3.20
2009.07.02 09:31:47.141,0.8615,0.86155,2.20,3.20
2009.07.02 09:31:47.551,0.8615,0.8616,3.00,3.20
2009.07.02 09:31:48.111,0.86145,0.8615,11.30,4.80
2009.07.02 09:31:49.151,0.8615,0.8616,4.60,9.40
2009.07.02 09:31:49.501,0.8615,0.8616,6.40,3.20
2009.07.02 09:31:50.460,0.8615,0.8616,4.60,3.20
2009.07.02 09:31:51.720,0.8615,0.86165,4.60,8.00
2009.07.02 09:31:51.950,0.8615,0.8616,4.60,3.20
2009.07.02 09:31:52.170,0.86155,0.86165,1.00,8.00
2009.07.02 09:31:52.910,0.86155,0.86165,1.00,3.20
2009.07.02 09:31:56.209,0.86155,0.86165,1.00,3.20
2009.07.02 09:31:57.709,0.86155,0.8616,1.00,3.20
2009.07.02 09:31:58.358,0.8615,0.86155,3.50,3.20
2009.07.02 09:31:58.648,0.8615,0.8616,2.20,9.00
2009.07.02 09:31:58.928,0.8615,0.8616,1.40,9.00
2009.07.02 09:31:59.269,0.8615,0.8616,4.60,3.20
2009.07.02 09:31:59.568,0.8615,0.8616,3.80,3.20
2009.07.02 09:31:59.748,0.8615,0.8616,1.00,3.20
2009.07.02 09:32:00.538,0.8615,0.8616,1.00,11.00
2009.07.02 09:32:00.818,0.8615,0.86155,1.00,3.20
2009.07.02 09:32:01.218,0.8615,0.8616,2.20,3.20
2009.07.02 09:32:01.438,0.8615,0.8616,3.80,3.20
2009.07.02 09:32:01.738,0.8615,0.8616,1.00,3.20
2009.07.02 09:32:02.368,0.8615,0.86165,1.00,3.20
2009.07.02 09:32:02.707,0.8615,0.86165,4.60,3.20
2009.07.02 09:32:03.067,0.8615,0.8616,4.60,3.20
2009.07.02 09:32:06.337,0.8615,0.86165,4.60,3.20
2009.07.02 09:32:06.447,0.8615,0.8616,4.60,3.20
2009.07.02 09:32:06.687,0.8615,0.8616,3.80,3.20
2009.07.02 09:32:06.737,0.8615,0.8616,5.40,3.20
2009.07.02 09:32:06.967,0.8615,0.8616,3.00,3.20
2009.07.02 09:32:07.247,0.86155,0.8616,1.00,3.20
2009.07.02 09:32:15.064,0.8616,0.86165,1.00,3.20
2009.07.02 09:32:15.305,0.8616,0.86165,3.00,3.20
2009.07.02 09:32:15.634,0.8616,0.86175,1.00,4.60
2009.07.02 09:32:16.504,0.8616,0.86175,4.80,3.20
2009.07.02 09:32:16.684,0.8616,0.86175,6.40,3.20
2009.07.02 09:32:17.084,0.8616,0.8618,9.60,4.80
2009.07.02 09:32:17.604,0.8616,0.8618,4.60,5.60
2009.07.02 09:32:18.104,0.8616,0.86175,4.60,4.80
2009.07.02 09:32:18.214,0.8616,0.86165,3.00,1.00
2009.07.02 09:32:18.274,0.86155,0.8616,5.40,1.80
2009.07.02 09:32:18.374,0.8616,0.86165,1.40,8.30
2009.07.02 09:32:18.674,0.86155,0.8616,2.20,9.80
2009.07.02 09:32:19.693,0.8616,0.86165,1.40,14.60
2009.07.02 09:32:19.863,0.86145,0.86155,1.60,1.00
2009.07.02 09:32:19.983,0.86145,0.86155,1.60,1.00
2009.07.02 09:32:20.333,0.86145,0.86155,1.60,1.80
2009.07.02 09:32:20.453,0.86145,0.86155,1.60,2.80
2009.07.02 09:32:20.963,0.8614,0.86155,7.80,2.80
2009.07.02 09:32:21.083,0.8614,0.86155,7.80,3.60
2009.07.02 09:32:21.363,0.8614,0.86155,4.60,2.60
2009.07.02 09:32:21.813,0.8614,0.86155,4.60,1.40
2009.07.02 09:32:22.443,0.8614,0.86155,4.60,1.00
2009.07.02 09:32:24.892,0.86145,0.86155,1.60,1.00
2009.07.02 09:32:25.192,0.86145,0.8616,1.60,5.80
2009.07.02 09:32:25.472,0.8615,0.8616,1.00,6.80
2009.07.02 09:32:25.702,0.8615,0.8616,1.00,5.60
2009.07.02 09:32:25.872,0.86155,0.86165,1.60,1.40
2009.07.02 09:32:26.212,0.8615,0.86165,8.00,2.20
2009.07.02 09:32:26.542,0.86155,0.86165,1.60,2.20
2009.07.02 09:32:26.762,0.86155,0.86165,3.20,1.00
2009.07.02 09:32:27.002,0.86155,0.8617,2.40,4.20
2009.07.02 09:32:27.232,0.8616,0.8617,1.60,1.40
2009.07.02 09:32:27.452,0.8616,0.86175,1.60,1.80
2009.07.02 09:32:27.831,0.8616,0.8617,1.60,1.40
2009.07.02 09:32:31.111,0.8616,0.8617,1.60,1.00
2009.07.02 09:32:31.521,0.8616,0.86175,1.60,4.20
2009.07.02 09:32:33.290,0.86165,0.86175,1.60,3.20
2009.07.02 09:32:33.520,0.86165,0.86175,3.20,3.20
2009.07.02 09:32:33.750,0.86165,0.8618,6.40,4.80
2009.07.02 09:32:33.970,0.86165,0.8618,3.20,4.80
2009.07.02 09:32:34.380,0.86165,0.8618,9.60,4.80
2009.07.02 09:32:34.560,0.8617,0.8618,1.60,1.40
2009.07.02 09:32:37.799,0.8617,0.86175,1.60,6.80
2009.07.02 09:32:38.039,0.8616,0.86165,2.90,6.40
2009.07.02 09:32:40.129,0.86145,0.8616,10.00,3.00
2009.07.02 09:32:40.488,0.8615,0.8616,1.60,1.40
2009.07.02 09:32:41.068,0.8615,0.8616,1.60,1.40
2009.07.02 09:32:42.258,0.8615,0.8616,4.80,1.40
2009.07.02 09:32:42.378,0.8616,0.86165,1.00,1.40
2009.07.02 09:32:42.648,0.86155,0.8616,3.00,1.00
2009.07.02 09:32:43.108,0.86155,0.8616,1.60,2.80
2009.07.02 09:32:43.578,0.86155,0.86165,1.60,6.20
2009.07.02 09:32:43.868,0.8615,0.86165,1.60,3.80
2009.07.02 09:32:44.438,0.86155,0.86165,1.60,1.00
2009.07.02 09:32:44.768,0.86155,0.8617,1.60,2.80
2009.07.02 09:32:45.237,0.86155,0.86165,2.40,1.00
2009.07.02 09:32:45.577,0.86155,0.8617,8.00,2.80
2009.07.02 09:32:46.097,0.8616,0.8617,1.60,1.40
2009.07.02 09:32:47.827,0.8616,0.8617,1.60,3.20
2009.07.02 09:32:48.007,0.86165,0.8617,1.00,3.20
2009.07.02 09:32:48.416,0.86165,0.86175,1.00,3.20
2009.07.02 09:32:48.636,0.86165,0.86175,1.00,3.80
2009.07.02 09:32:48.976,0.86165,0.8617,1.00,3.20
2009.07.02 09:32:49.976,0.86165,0.86175,1.00,4.60
2009.07.02 09:32:50.316,0.8616,0.86175,5.60,4.60
2009.07.02 09:32:50.496,0.8616,0.8617,2.40,3.20
2009.07.02 09:32:51.706,0.8616,0.8617,1.00,3.20
2009.07.02 09:32:52.346,0.8616,0.8617,2.40,3.20
2009.07.02 09:32:52.746,0.8615,0.8616,3.80,3.20
2009.07.02 09:32:53.125,0.86145,0.8616,7.00,3.20
2009.07.02 09:32:53.515,0.86145,0.8616,6.00,3.20
2009.07.02 09:32:53.635,0.8615,0.8616,3.20,3.20
2009.07.02 09:32:53.805,0.8615,0.8616,3.20,2.20
2009.07.02 09:32:56.354,0.8615,0.86165,5.80,1.40
2009.07.02 09:32:56.594,0.8615,0.86165,5.80,1.00
2009.07.02 09:32:57.005,0.8615,0.8616,5.80,1.00
2009.07.02 09:32:57.234,0.8615,0.8616,5.80,1.40
2009.07.02 09:32:57.535,0.8615,0.86165,5.80,1.40
2009.07.02 09:32:57.824,0.8615,0.86165,5.80,1.40
2009.07.02 09:32:58.354,0.8615,0.8616,5.80,1.40
2009.07.02 09:32:59.963,0.8615,0.86165,5.80,1.40
2009.07.02 09:33:00.314,0.8615,0.8617,5.80,1.40
2009.07.02 09:33:00.824,0.8615,0.86165,5.80,1.00
2009.07.02 09:33:01.004,0.86155,0.86165,1.60,1.00
2009.07.02 09:33:01.523,0.86155,0.86165,1.60,1.40
2009.07.02 09:33:02.253,0.86155,0.8617,1.60,1.40
2009.07.02 09:33:02.953,0.8615,0.86165,5.80,3.20
2009.07.02 09:33:03.763,0.86155,0.86165,1.00,3.20
2009.07.02 09:33:03.993,0.8615,0.86165,8.00,3.20
2009.07.02 09:33:04.452,0.8615,0.86165,8.20,3.20
2009.07.02 09:33:04.983,0.8615,0.8616,1.00,3.20
2009.07.02 09:33:05.042,0.8615,0.8616,1.00,3.20
2009.07.02 09:33:05.312,0.86145,0.8616,4.80,3.20
2009.07.02 09:33:05.432,0.86145,0.8616,1.40,3.20
2009.07.02 09:33:05.542,0.86145,0.8616,3.40,3.20
2009.07.02 09:33:05.712,0.86145,0.8616,3.80,3.20
2009.07.02 09:33:06.222,0.86145,0.8616,2.60,3.20
2009.07.02 09:33:06.452,0.86145,0.8616,1.00,3.20
2009.07.02 09:33:06.962,0.8615,0.8616,1.00,3.20
2009.07.02 09:33:07.192,0.86145,0.8616,5.40,3.20
2009.07.02 09:33:07.592,0.86145,0.86155,1.40,3.20
2009.07.02 09:33:07.992,0.86145,0.8616,1.00,3.20
2009.07.02 09:33:08.522,0.86145,0.8616,2.40,3.20
2009.07.02 09:33:12.340,0.86145,0.86155,2.40,3.20
2009.07.02 09:33:13.720,0.86145,0.8616,4.00,3.20
2009.07.02 09:33:13.950,0.86145,0.8616,4.00,3.20
2009.07.02 09:33:17.239,0.8615,0.86165,3.20,4.80
2009.07.02 09:33:17.469,0.8615,0.86165,5.40,3.20
2009.07.02 09:33:17.709,0.86145,0.8616,6.40,3.20
2009.07.02 09:33:18.279,0.86145,0.8616,5.40,3.20
2009.07.02 09:33:18.579,0.8615,0.8616,1.40,3.20
2009.07.02 09:33:26.637,0.86145,0.8616,1.80,3.20
2009.07.02 09:33:26.987,0.86145,0.8616,2.20,3.20
2009.07.02 09:33:27.217,0.86145,0.8616,1.40,3.20
2009.07.02 09:33:27.937,0.86145,0.8616,3.20,3.20
2009.07.02 09:33:43.183,0.86145,0.8616,3.00,3.20
2009.07.02 09:33:44.163,0.86145,0.8616,1.40,3.20
2009.07.02 09:33:44.383,0.8614,0.86155,14.00,3.20
2009.07.02 09:33:44.603,0.8614,0.86155,8.40,3.20
2009.07.02 09:33:44.953,0.86145,0.86155,1.60,3.20
2009.07.02 09:33:45.133,0.86145,0.8616,1.40,3.20
2009.07.02 09:33:45.363,0.86145,0.8616,1.40,3.20
2009.07.02 09:33:45.533,0.86145,0.86155,1.00,3.20
2009.07.02 09:33:45.753,0.86145,0.8616,1.40,3.20
2009.07.02 09:33:46.293,0.86145,0.8616,2.40,3.20
2009.07.02 09:33:46.912,0.86145,0.8616,2.40,7.80
2009.07.02 09:33:47.143,0.86145,0.8616,2.40,3.20
2009.07.02 09:33:48.522,0.86145,0.86155,2.40,3.20
2009.07.02 09:33:48.752,0.86145,0.8616,2.40,3.20
2009.07.02 09:33:50.322,0.86145,0.8616,2.40,12.40
2009.07.02 09:33:50.552,0.86145,0.86155,1.00,3.20
2009.07.02 09:33:50.782,0.86145,0.8616,1.40,3.20
2009.07.02 09:33:51.022,0.86145,0.86155,1.40,3.20
2009.07.02 09:33:51.601,0.86145,0.8616,1.40,3.20
2009.07.02 09:33:51.991,0.86145,0.8616,2.40,3.20
2009.07.02 09:33:52.561,0.86145,0.86155,2.40,3.20
2009.07.02 09:34:01.969,0.86145,0.8616,2.40,3.20
2009.07.02 09:34:02.209,0.86145,0.8616,2.40,4.60
2009.07.02 09:34:02.379,0.86145,0.8616,1.00,4.60
2009.07.02 09:34:04.068,0.8614,0.8616,16.80,4.60
2009.07.02 09:34:04.418,0.8614,0.86155,16.80,3.20
2009.07.02 09:34:04.598,0.8614,0.8615,6.00,3.20
2009.07.02 09:34:05.268,0.8614,0.8615,10.00,3.20
2009.07.02 09:34:05.848,0.8614,0.8616,10.00,3.20
2009.07.02 09:34:06.028,0.8614,0.86155,10.00,1.40
2009.07.02 09:34:09.048,0.86145,0.86155,1.60,1.40
2009.07.02 09:34:09.407,0.86145,0.86155,2.40,1.40
2009.07.02 09:34:09.817,0.86145,0.86155,1.40,3.20
2009.07.02 09:34:10.057,0.86145,0.86155,1.40,1.40
2009.07.02 09:34:10.287,0.86145,0.8616,1.40,4.60
2009.07.02 09:34:11.217,0.86145,0.8616,1.00,4.00
2009.07.02 09:34:11.396,0.86145,0.86155,1.40,3.20
2009.07.02 09:34:12.896,0.86145,0.8616,2.40,3.20
2009.07.02 09:34:13.726,0.86145,0.86155,1.00,3.20
2009.07.02 09:34:16.595,0.86145,0.8616,1.00,4.60
2009.07.02 09:34:17.555,0.86145,0.8616,2.20,4.60
2009.07.02 09:34:17.855,0.86145,0.8616,3.00,4.60
2009.07.02 09:34:18.075,0.86145,0.8616,2.40,3.80
2009.07.02 09:34:18.255,0.86145,0.8616,2.40,3.20
2009.07.02 09:34:23.383,0.8614,0.86155,5.80,3.20
2009.07.02 09:34:27.453,0.86145,0.86155,1.40,3.20
2009.07.02 09:34:27.982,0.86145,0.86155,3.00,3.20
2009.07.02 09:34:29.082,0.86145,0.86155,1.40,3.20
2009.07.02 09:34:29.432,0.86145,0.8616,1.40,3.20
2009.07.02 09:34:29.772,0.86145,0.8616,3.00,3.80
2009.07.02 09:34:30.172,0.86145,0.8616,5.80,3.20
2009.07.02 09:34:30.942,0.86145,0.8616,4.00,3.20
2009.07.02 09:34:31.242,0.86145,0.8616,4.80,3.20
2009.07.02 09:34:31.462,0.8615,0.8616,1.00,3.20
2009.07.02 09:34:31.801,0.86145,0.8616,5.80,3.20
2009.07.02 09:34:38.580,0.86145,0.8616,5.80,5.00
2009.07.02 09:34:38.750,0.86145,0.8616,4.80,11.40
2009.07.02 09:34:39.160,0.8615,0.86155,1.40,3.20
2009.07.02 09:34:39.330,0.86145,0.86155,3.00,3.20
2009.07.02 09:34:40.429,0.86145,0.86155,3.00,12.00
2009.07.02 09:34:40.540,0.86145,0.8615,3.00,3.20
2009.07.02 09:34:40.719,0.86135,0.8615,7.80,3.20
2009.07.02 09:34:40.779,0.86135,0.86145,18.20,3.20
2009.07.02 09:34:41.069,0.86135,0.86145,7.80,3.20
2009.07.02 09:34:41.129,0.86135,0.86145,4.40,3.20
2009.07.02 09:34:41.189,0.8614,0.86145,3.60,3.20
2009.07.02 09:34:41.769,0.86135,0.86145,2.80,3.20
2009.07.02 09:34:43.779,0.86135,0.86145,2.40,3.20
2009.07.02 09:34:45.088,0.86135,0.86145,1.80,3.20
2009.07.02 09:34:45.308,0.8613,0.8614,3.80,3.20
2009.07.02 09:34:45.368,0.8614,0.86145,1.00,3.20
2009.07.02 09:34:45.828,0.8613,0.86145,3.00,3.20
2009.07.02 09:34:46.618,0.8613,0.8614,2.20,3.20
2009.07.02 09:34:48.138,0.8613,0.8614,1.00,3.20
2009.07.02 09:34:48.587,0.8613,0.8614,2.20,3.20
2009.07.02 09:34:51.087,0.8613,0.86145,3.00,3.20
2009.07.02 09:34:51.197,0.86135,0.86145,1.00,3.20
2009.07.02 09:34:51.417,0.86135,0.8614,1.00,3.20
2009.07.02 09:34:51.577,0.86135,0.86145,1.00,3.20
2009.07.02 09:34:53.016,0.86135,0.86145,1.40,3.20
2009.07.02 09:34:56.186,0.86135,0.86155,9.00,9.80
2009.07.02 09:34:56.476,0.86135,0.8615,9.00,8.20
2009.07.02 09:34:56.706,0.86135,0.8615,9.00,5.00
2009.07.02 09:34:56.986,0.86135,0.8615,9.00,6.60
2009.07.02 09:34:58.145,0.86135,0.86155,9.00,8.20
2009.07.02 09:34:58.265,0.8614,0.8615,3.60,6.60
2009.07.02 09:34:58.325,0.86145,0.8615,1.40,6.60
2009.07.02 09:34:58.645,0.86145,0.8615,3.20,1.60
2009.07.02 09:34:58.815,0.8615,0.8616,1.00,1.60
2009.07.02 09:34:59.165,0.8615,0.8616,1.60,1.60
2009.07.02 09:34:59.495,0.8614,0.86145,8.70,1.40
2009.07.02 09:34:59.945,0.86115,0.86145,4.00,1.40
2009.07.02 09:35:00.345,0.8612,0.8614,3.00,7.80
2009.07.02 09:35:00.525,0.86125,0.86145,1.60,4.60
2009.07.02 09:35:00.875,0.86125,0.86145,1.60,4.60
2009.07.02 09:35:01.384,0.8613,0.8614,1.60,1.40
2009.07.02 09:35:01.894,0.86125,0.8614,2.40,1.40
2009.07.02 09:35:03.684,0.8613,0.8614,1.60,1.40
2009.07.02 09:35:03.794,0.8613,0.86145,1.60,9.00
2009.07.02 09:35:04.034,0.8613,0.86145,4.00,9.00
2009.07.02 09:35:04.094,0.86135,0.86145,1.60,5.40
2009.07.02 09:35:04.384,0.86135,0.86145,1.60,7.80
2009.07.02 09:35:05.133,0.8613,0.86145,1.60,9.40
2009.07.02 09:35:05.753,0.8613,0.86145,1.60,9.40
2009.07.02 09:35:05.924,0.8613,0.86145,4.60,5.40
2009.07.02 09:35:06.165,0.8613,0.86145,4.60,3.80
2009.07.02 09:35:06.523,0.86125,0.8614,10.40,1.40
2009.07.02 09:35:06.863,0.8613,0.86145,1.60,6.20
2009.07.02 09:35:07.343,0.8613,0.86145,1.60,4.60
2009.07.02 09:35:08.043,0.8613,0.86145,1.60,4.60
2009.07.02 09:35:08.443,0.8613,0.8614,1.60,1.00
2009.07.02 09:35:08.682,0.86125,0.8614,7.20,3.20
2009.07.02 09:35:08.973,0.86125,0.8614,7.20,3.00
2009.07.02 09:35:09.612,0.86125,0.8614,8.00,1.60
2009.07.02 09:35:09.772,0.86125,0.8614,8.00,1.00
2009.07.02 09:35:10.122,0.86125,0.86145,8.00,12.20
2009.07.02 09:35:12.482,0.86125,0.8614,7.20,3.60
2009.07.02 09:35:12.662,0.86125,0.8614,5.40,3.60
2009.07.02 09:35:12.962,0.86125,0.8614,1.00,3.60
2009.07.02 09:35:13.472,0.86125,0.8614,7.20,1.40
2009.07.02 09:35:13.871,0.86125,0.8614,7.20,4.60
2009.07.02 09:35:22.069,0.86125,0.8614,3.20,1.60
2009.07.02 09:35:24.779,0.86125,0.8613,1.00,3.20
2009.07.02 09:35:24.999,0.86125,0.86135,1.40,3.20
2009.07.02 09:35:25.469,0.86125,0.8614,1.00,1.60
2009.07.02 09:35:25.689,0.86125,0.8614,1.00,11.80
2009.07.02 09:35:25.799,0.86125,0.8614,1.40,9.60
2009.07.02 09:35:26.018,0.86125,0.8614,1.40,2.40
2009.07.02 09:35:26.139,0.86125,0.86145,3.20,7.00
2009.07.02 09:35:26.438,0.86125,0.86135,3.20,3.20
2009.07.02 09:35:26.559,0.86125,0.8614,6.40,1.00
2009.07.02 09:35:26.788,0.86125,0.8614,8.00,1.00
2009.07.02 09:35:27.188,0.8613,0.86145,1.60,9.40
2009.07.02 09:35:27.548,0.8612,0.8614,4.00,1.60
2009.07.02 09:35:27.788,0.86125,0.8614,4.00,2.40
2009.07.02 09:35:28.118,0.8612,0.86135,9.60,3.20
2009.07.02 09:35:28.418,0.8612,0.86135,11.20,3.20
2009.07.02 09:35:29.108,0.8612,0.8613,5.60,3.20
2009.07.02 09:35:29.667,0.8612,0.8613,3.80,3.20
2009.07.02 09:35:29.837,0.8612,0.8613,2.20,3.20
2009.07.02 09:35:30.628,0.86125,0.86135,1.00,3.20
2009.07.02 09:35:34.107,0.86125,0.86135,1.40,3.20
2009.07.02 09:35:35.196,0.86125,0.86135,3.20,3.20
2009.07.02 09:35:35.496,0.8613,0.86135,1.40,3.20
2009.07.02 09:35:36.496,0.8613,0.8614,1.40,1.60
2009.07.02 09:35:36.836,0.8613,0.8614,3.00,1.60
2009.07.02 09:35:37.186,0.8613,0.86145,3.00,4.00
2009.07.02 09:35:37.536,0.8613,0.86145,3.00,1.60
2009.07.02 09:35:38.066,0.86135,0.8615,1.00,2.40
2009.07.02 09:35:38.465,0.86135,0.8615,1.00,1.60
2009.07.02 09:35:38.995,0.86135,0.8615,1.00,6.20
2009.07.02 09:35:39.985,0.86135,0.8615,1.00,5.40
2009.07.02 09:35:42.255,0.8612,0.8613,4.60,3.20
2009.07.02 09:35:43.104,0.8612,0.8613,6.40,3.20
2009.07.02 09:35:43.554,0.86125,0.86135,1.00,3.20
2009.07.02 09:35:45.424,0.8612,0.8613,3.00,3.20
2009.07.02 09:35:45.534,0.8612,0.8613,1.40,3.20
2009.07.02 09:35:46.214,0.86115,0.8613,9.40,3.20
2009.07.02 09:35:46.484,0.86115,0.8613,10.80,3.20
2009.07.02 09:35:46.864,0.86115,0.8613,11.00,3.20
2009.07.02 09:35:47.713,0.86115,0.8613,10.80,3.20
2009.07.02 09:35:51.213,0.8612,0.8613,2.20,3.20
2009.07.02 09:35:51.502,0.8612,0.8613,3.00,3.20
2009.07.02 09:35:51.663,0.8612,0.8613,4.60,3.20
2009.07.02 09:35:52.002,0.8612,0.8613,3.80,3.20
2009.07.02 09:35:52.352,0.8612,0.8613,3.00,3.20
2009.07.02 09:35:52.692,0.8612,0.86135,3.00,3.20
2009.07.02 09:35:53.212,0.86125,0.8613,1.00,3.20
2009.07.02 09:35:53.622,0.86125,0.86135,1.00,3.20
2009.07.02 09:35:55.472,0.8612,0.86135,11.00,3.20
2009.07.02 09:35:55.931,0.8612,0.86135,11.00,3.20
2009.07.02 09:35:56.811,0.86125,0.86135,1.40,3.20
2009.07.02 09:35:57.281,0.86125,0.86135,3.00,3.20
2009.07.02 09:35:57.581,0.86125,0.86135,1.40,3.20
2009.07.02 09:36:01.830,0.8612,0.8613,20.00,3.20
2009.07.02 09:36:02.070,0.8612,0.8613,1.60,3.20
2009.07.02 09:36:02.460,0.86115,0.8613,12.20,3.80
2009.07.02 09:36:03.029,0.8612,0.8613,3.00,3.20
2009.07.02 09:36:03.549,0.8612,0.8613,4.60,3.20
2009.07.02 09:36:03.849,0.86125,0.8613,1.40,3.20
2009.07.02 09:36:04.139,0.8612,0.86135,8.00,3.20
2009.07.02 09:36:04.609,0.86125,0.86135,3.20,3.20
2009.07.02 09:36:04.899,0.8613,0.86135,1.40,3.20
2009.07.02 09:36:05.529,0.86125,0.86135,5.60,3.20
2009.07.02 09:36:05.819,0.8613,0.8615,5.80,2.20
2009.07.02 09:36:06.229,0.8613,0.8615,5.80,1.00
2009.07.02 09:36:06.409,0.86135,0.86155,1.60,12.80
2009.07.02 09:36:06.798,0.86135,0.86155,2.60,4.20
2009.07.02 09:36:07.079,0.86135,0.86155,3.40,4.40
2009.07.02 09:36:07.429,0.86135,0.8615,1.60,1.00
2009.07.02 09:36:07.849,0.86135,0.86155,2.60,6.60
2009.07.02 09:36:08.138,0.8614,0.86155,1.60,3.20
2009.07.02 09:36:08.428,0.8614,0.8616,1.60,9.20
2009.07.02 09:36:08.779,0.86135,0.86155,4.80,6.40
2009.07.02 09:36:09.058,0.8614,0.86155,1.60,5.40
2009.07.02 09:36:09.358,0.86135,0.86155,8.20,2.00
2009.07.02 09:36:09.588,0.86135,0.86155,4.20,2.00
2009.07.02 09:36:09.868,0.86125,0.8614,9.40,10.40
2009.07.02 09:36:10.278,0.8612,0.8614,21.20,12.20
2009.07.02 09:36:10.678,0.8613,0.86135,1.00,7.60
2009.07.02 09:36:11.018,0.86125,0.8613,1.60,1.60
2009.07.02 09:36:11.359,0.8612,0.8613,5.80,1.60
2009.07.02 09:36:13.097,0.86125,0.8613,1.80,1.60
2009.07.02 09:36:13.337,0.86135,0.8614,1.60,3.60
2009.07.02 09:36:13.457,0.86135,0.8614,1.60,2.40
2009.07.02 09:36:13.677,0.86135,0.8614,1.60,1.60
2009.07.02 09:36:13.737,0.86135,0.86145,1.60,6.60
2009.07.02 09:36:13.857,0.86135,0.86145,1.60,3.40
2009.07.02 09:36:14.088,0.86135,0.8615,1.60,5.00
2009.07.02 09:36:14.147,0.86135,0.8615,1.60,3.40
2009.07.02 09:36:14.197,0.86135,0.86155,1.60,4.60
2009.07.02 09:36:14.367,0.86135,0.86155,1.60,3.40
2009.07.02 09:36:14.606,0.86135,0.86155,1.60,2.40
2009.07.02 09:36:15.647,0.8614,0.8615,1.60,2.40
2009.07.02 09:36:16.047,0.8614,0.8615,6.40,2.40
2009.07.02 09:36:16.396,0.8614,0.86155,2.40,5.00
2009.07.02 09:36:16.626,0.86145,0.86155,8.00,1.60
2009.07.02 09:36:16.856,0.86145,0.8616,8.00,2.40
2009.07.02 09:36:17.276,0.86145,0.8616,11.20,2.40
2009.07.02 09:36:19.346,0.86145,0.8616,9.40,2.40
2009.07.02 09:36:19.695,0.86145,0.8616,8.60,3.80
2009.07.02 09:36:19.965,0.86145,0.8616,6.40,3.80
2009.07.02 09:36:20.196,0.86145,0.8616,1.00,3.80
2009.07.02 09:36:20.486,0.8614,0.8616,14.40,3.80
2009.07.02 09:36:20.765,0.8614,0.86155,12.80,2.40
2009.07.02 09:36:21.275,0.8614,0.8615,7.80,1.60
2009.07.02 09:36:21.625,0.8614,0.86155,1.00,3.80
2009.07.02 09:36:22.155,0.8614,0.86155,1.00,5.40
2009.07.02 09:36:23.535,0.8614,0.86155,1.00,3.80
2009.07.02 09:36:24.454,0.8614,0.86155,2.40,3.80
2009.07.02 09:36:24.754,0.8614,0.86155,9.60,1.60
2009.07.02 09:36:24.864,0.86145,0.8616,1.20,11.00
2009.07.02 09:36:24.974,0.86145,0.8616,1.20,7.80
2009.07.02 09:36:25.254,0.86145,0.8616,2.40,7.80
2009.07.02 09:36:25.374,0.86145,0.8616,5.60,4.00
2009.07.02 09:36:25.494,0.86145,0.8616,1.60,2.40
2009.07.02 09:36:25.884,0.8615,0.8616,3.20,2.40
2009.07.02 09:36:26.004,0.8615,0.8616,6.40,2.40
2009.07.02 09:36:26.484,0.86155,0.86165,1.00,7.60
2009.07.02 09:36:26.884,0.86155,0.8617,1.00,6.60
2009.07.02 09:36:28.553,0.86155,0.8616,1.00,3.20
2009.07.02 09:36:29.743,0.8615,0.8616,4.00,3.20
2009.07.02 09:36:30.093,0.8615,0.86165,2.40,8.20
2009.07.02 09:36:30.263,0.86155,0.8617,3.20,11.40
2009.07.02 09:36:30.483,0.86155,0.86165,3.20,8.20
2009.07.02 09:36:30.773,0.86155,0.86165,8.00,6.60
2009.07.02 09:36:31.063,0.8615,0.8616,1.60,3.20
2009.07.02 09:36:31.483,0.86145,0.8616,8.20,3.20
2009.07.02 09:36:31.773,0.86145,0.8616,1.60,2.40
2009.07.02 09:36:32.003,0.86145,0.8616,1.60,2.40
2009.07.02 09:36:32.682,0.8614,0.8615,1.60,1.00
2009.07.02 09:36:33.272,0.86135,0.86155,4.80,6.20
2009.07.02 09:36:33.563,0.8614,0.86155,1.60,4.60
2009.07.02 09:36:33.732,0.8614,0.86155,1.60,8.00
2009.07.02 09:36:33.902,0.8614,0.86155,1.60,7.00
2009.07.02 09:36:34.072,0.8614,0.86155,1.60,3.80
2009.07.02 09:36:34.422,0.8614,0.8615,1.60,3.20
2009.07.02 09:36:35.042,0.8614,0.86155,1.60,9.20
2009.07.02 09:36:35.452,0.8614,0.8615,1.60,1.60
2009.07.02 09:36:35.682,0.8614,0.8615,1.60,4.40
2009.07.02 09:36:35.912,0.86145,0.86155,1.00,6.60
2009.07.02 09:36:36.262,0.86145,0.86155,1.00,5.60
2009.07.02 09:36:36.501,0.86145,0.8615,1.00,3.80
2009.07.02 09:36:36.732,0.86145,0.8615,1.00,7.00
2009.07.02 09:36:37.241,0.86145,0.8615,1.00,5.40
2009.07.02 09:36:37.471,0.86145,0.8615,1.00,4.60
2009.07.02 09:36:37.711,0.86145,0.8615,1.00,1.40
2009.07.02 09:36:38.121,0.86145,0.8616,1.00,3.20
2009.07.02 09:36:38.411,0.86145,0.8616,2.40,3.20
2009.07.02 09:36:38.641,0.8615,0.8616,1.60,4.80
2009.07.02 09:36:38.991,0.8615,0.8616,1.60,3.20
2009.07.02 09:36:39.441,0.86145,0.8616,8.00,3.20
2009.07.02 09:36:39.781,0.86145,0.8616,3.20,3.20
2009.07.02 09:36:40.222,0.86145,0.8616,8.00,3.20
2009.07.02 09:36:40.550,0.86145,0.8616,8.00,1.60
2009.07.02 09:36:40.771,0.8615,0.86165,2.20,8.80
2009.07.02 09:36:40.940,0.8615,0.86165,5.40,6.40
2009.07.02 09:36:41.120,0.8615,0.86165,5.40,9.80
2009.07.02 09:36:41.300,0.8615,0.86165,6.40,9.80
2009.07.02 09:36:41.470,0.8615,0.86165,6.40,8.20
2009.07.02 09:36:44.140,0.8615,0.86165,1.40,9.20
2009.07.02 09:36:44.199,0.86145,0.86165,3.00,9.20
2009.07.02 09:36:44.360,0.86145,0.8616,3.00,1.60
2009.07.02 09:36:44.599,0.86145,0.8616,1.40,1.60
2009.07.02 09:36:45.259,0.86145,0.8616,3.20,1.60
2009.07.02 09:36:45.729,0.86145,0.8616,1.40,1.60
2009.07.02 09:36:46.139,0.86145,0.8616,1.40,1.80
2009.07.02 09:36:46.409,0.86155,0.8616,1.20,1.60
2009.07.02 09:36:46.859,0.86155,0.8616,1.20,3.80
2009.07.02 09:36:47.139,0.86155,0.86165,1.20,4.30
2009.07.02 09:36:47.549,0.86155,0.8616,1.20,3.20
2009.07.02 09:36:48.179,0.86155,0.8616,1.20,3.20
2009.07.02 09:36:48.519,0.86155,0.8616,1.20,3.00
2009.07.02 09:36:48.758,0.86155,0.86165,2.00,3.20
2009.07.02 09:36:48.979,0.86155,0.86165,1.20,3.20
2009.07.02 09:36:49.398,0.86155,0.8616,1.20,3.20
2009.07.02 09:36:49.568,0.86155,0.86165,1.20,3.20
2009.07.02 09:36:49.738,0.86155,0.8616,2.00,3.20
2009.07.02 09:36:51.028,0.86155,0.8616,9.20,3.20
2009.07.02 09:36:51.418,0.86155,0.8616,2.00,3.20
2009.07.02 09:36:52.397,0.86155,0.86165,2.00,4.00
2009.07.02 09:36:53.607,0.86155,0.8617,2.00,3.00
2009.07.02 09:36:56.147,0.86155,0.86175,1.60,3.80
2009.07.02 09:36:57.136,0.8616,0.86175,2.40,3.80
2009.07.02 09:36:57.376,0.8616,0.86175,4.00,3.80
2009.07.02 09:36:57.606,0.8616,0.86175,4.80,2.40
2009.07.02 09:36:58.066,0.8616,0.86175,5.20,2.40
2009.07.02 09:36:59.976,0.8616,0.86175,3.60,4.20
2009.07.02 09:37:01.245,0.8616,0.86175,2.80,6.40
2009.07.02 09:37:01.545,0.8616,0.86175,2.80,11.20
2009.07.02 09:37:01.815,0.8616,0.8617,1.20,1.40
2009.07.02 09:37:02.835,0.8616,0.8617,2.00,1.40
2009.07.02 09:37:03.005,0.8616,0.86175,6.80,8.40
2009.07.02 09:37:03.246,0.8616,0.8618,8.40,3.00
2009.07.02 09:37:03.605,0.86165,0.86175,1.60,1.60
2009.07.02 09:37:03.885,0.86165,0.86175,1.60,1.40
2009.07.02 09:37:04.235,0.86165,0.8617,1.60,4.80
2009.07.02 09:37:04.575,0.8616,0.86165,1.00,15.80
2009.07.02 09:37:04.875,0.8616,0.86165,1.00,5.10
2009.07.02 09:37:05.335,0.8616,0.86165,1.00,7.00
2009.07.02 09:37:05.814,0.8616,0.86165,1.00,5.40
2009.07.02 09:37:06.155,0.8615,0.86165,4.40,7.80
2009.07.02 09:37:06.504,0.86155,0.86165,1.80,16.00
2009.07.02 09:37:06.904,0.8616,0.86165,3.40,1.00
2009.07.02 09:37:07.424,0.8616,0.8618,8.20,4.60
2009.07.02 09:37:07.724,0.8616,0.8618,5.00,4.60
2009.07.02 09:37:09.204,0.8616,0.8618,5.00,6.80
2009.07.02 09:37:09.324,0.8616,0.8618,5.00,8.40
2009.07.02 09:37:09.663,0.8616,0.8618,8.20,7.40
2009.07.02 09:37:09.833,0.8616,0.8618,12.20,6.20
2009.07.02 09:37:10.013,0.8616,0.8618,9.80,4.60
2009.07.02 09:37:10.293,0.8616,0.8618,9.80,5.80
2009.07.02 09:37:10.533,0.8616,0.8618,9.80,6.80
2009.07.02 09:37:11.113,0.8616,0.8618,9.80,4.60
2009.07.02 09:37:11.283,0.8616,0.8618,13.00,4.60
2009.07.02 09:37:11.463,0.8616,0.8618,13.00,5.80
2009.07.02 09:37:11.993,0.8616,0.8618,9.80,6.80
2009.07.02 09:37:12.273,0.8616,0.8618,9.80,5.40
2009.07.02 09:37:12.553,0.8616,0.8618,9.80,6.40
2009.07.02 09:37:12.823,0.8616,0.8618,9.80,7.60
2009.07.02 09:37:13.063,0.8616,0.8618,9.80,6.40
2009.07.02 09:37:13.353,0.8616,0.8618,9.80,5.40
2009.07.02 09:37:13.863,0.8616,0.8618,9.80,6.40
2009.07.02 09:37:14.032,0.8616,0.8618,9.80,7.60
2009.07.02 09:37:14.192,0.8616,0.8618,9.80,4.00
2009.07.02 09:37:15.152,0.8616,0.8618,9.80,11.60
2009.07.02 09:37:15.212,0.8616,0.86175,9.80,3.00
2009.07.02 09:37:15.492,0.8616,0.86175,13.80,3.00
2009.07.02 09:37:16.592,0.8616,0.86175,12.20,3.00
2009.07.02 09:37:18.461,0.8616,0.8617,7.80,3.20
2009.07.02 09:37:18.802,0.86165,0.8617,1.40,5.80
2009.07.02 09:37:18.921,0.8616,0.86175,3.40,3.20
2009.07.02 09:37:19.081,0.8616,0.86175,5.00,3.20
2009.07.02 09:37:20.051,0.8616,0.86175,6.60,3.20
2009.07.02 09:37:20.281,0.8616,0.86175,11.40,3.20
2009.07.02 09:37:20.791,0.8616,0.86175,5.00,3.20
2009.07.02 09:37:20.961,0.8616,0.86175,5.00,3.20
2009.07.02 09:37:21.371,0.8616,0.86175,3.40,3.20
2009.07.02 09:37:21.721,0.8616,0.86175,3.60,3.20
2009.07.02 09:37:21.831,0.8616,0.86175,6.60,3.20
2009.07.02 09:37:22.051,0.8616,0.86175,12.40,3.20
2009.07.02 09:37:22.341,0.86165,0.86175,1.80,3.20
2009.07.02 09:37:24.810,0.8616,0.8617,1.60,1.80
2009.07.02 09:37:24.870,0.8616,0.8617,1.60,14.60
2009.07.02 09:37:25.200,0.8616,0.86165,7.00,3.20
2009.07.02 09:37:25.520,0.8616,0.86165,1.40,3.20
2009.07.02 09:37:25.970,0.86155,0.86165,5.60,3.20
2009.07.02 09:37:26.440,0.8615,0.8616,3.60,3.20
2009.07.02 09:37:26.559,0.8615,0.8616,4.80,3.20
2009.07.02 09:37:26.970,0.86155,0.8616,1.80,5.60
2009.07.02 09:37:27.669,0.86155,0.86165,1.80,3.80
2009.07.02 09:37:28.019,0.8616,0.86175,2.60,3.20
2009.07.02 09:37:28.319,0.86165,0.8618,2.60,6.20
2009.07.02 09:37:28.779,0.86165,0.8618,2.60,4.60
2009.07.02 09:37:29.239,0.86165,0.8618,7.40,4.60
2009.07.02 09:37:29.868,0.86165,0.8618,7.40,4.80
2009.07.02 09:37:30.328,0.86165,0.8618,4.20,4.00
2009.07.02 09:37:30.498,0.86165,0.8618,1.20,4.00
2009.07.02 09:37:30.678,0.8616,0.8618,6.80,4.00
2009.07.02 09:37:30.848,0.8616,0.8618,6.80,9.80
2009.07.02 09:37:31.198,0.8616,0.86175,4.60,1.40
2009.07.02 09:37:31.318,0.86155,0.86175,11.40,4.20
2009.07.02 09:37:31.598,0.86155,0.86175,7.60,5.00
2009.07.02 09:37:31.718,0.8616,0.86175,4.20,4.60
2009.07.02 09:37:31.948,0.8616,0.8617,5.80,1.40
2009.07.02 09:37:32.238,0.8616,0.86175,2.60,8.20
2009.07.02 09:37:32.738,0.8616,0.86175,1.80,1.20
2009.07.02 09:37:32.958,0.8616,0.86175,6.80,1.00
2009.07.02 09:37:38.246,0.8616,0.86175,6.80,1.20
2009.07.02 09:37:38.366,0.8616,0.86175,6.80,1.40
2009.07.02 09:37:45.125,0.86155,0.8616,2.10,1.80
2009.07.02 09:37:45.355,0.86155,0.8616,3.20,1.80
2009.07.02 09:37:45.695,0.8614,0.86155,7.20,1.60
2009.07.02 09:37:45.855,0.8614,0.86155,16.80,1.60
2009.07.02 09:37:46.495,0.8614,0.8615,19.20,1.60
2009.07.02 09:37:48.544,0.8614,0.8615,17.60,1.60
2009.07.02 09:37:48.724,0.8614,0.8615,12.80,1.60
2009.07.02 09:37:49.934,0.8614,0.8615,12.80,1.60
2009.07.02 09:37:50.394,0.8614,0.8615,3.20,1.60
2009.07.02 09:37:50.624,0.8614,0.8615,3.40,1.60
2009.07.02 09:37:50.683,0.8614,0.8615,2.60,1.60
2009.07.02 09:37:50.803,0.8614,0.8615,2.60,1.60
2009.07.02 09:37:51.433,0.8614,0.8615,1.40,1.60
2009.07.02 09:37:51.493,0.8614,0.8615,1.40,3.00
2009.07.02 09:37:51.713,0.86135,0.8615,1.20,10.20
2009.07.02 09:37:51.933,0.86135,0.8615,1.20,14.40
2009.07.02 09:37:52.103,0.86135,0.86145,1.20,1.40
2009.07.02 09:37:52.553,0.8613,0.86145,8.40,1.40
2009.07.02 09:37:52.933,0.8613,0.86145,4.20,4.20
2009.07.02 09:37:53.213,0.8613,0.86145,2.60,3.00
2009.07.02 09:37:53.503,0.86135,0.8615,1.20,11.20
2009.07.02 09:37:53.733,0.86135,0.8615,1.20,20.40
2009.07.02 09:37:56.692,0.86135,0.8615,1.20,17.00
2009.07.02 09:37:57.152,0.86135,0.8615,1.20,12.60
2009.07.02 09:37:57.322,0.86135,0.86145,1.20,3.20
2009.07.02 09:37:57.622,0.86135,0.86145,3.40,3.20
2009.07.02 09:37:57.782,0.86135,0.8615,5.00,1.00
2009.07.02 09:37:58.072,0.8614,0.8615,1.60,1.00
2009.07.02 09:37:58.392,0.86135,0.8614,2.80,3.20
2009.07.02 09:37:58.682,0.86135,0.8614,1.60,3.20
2009.07.02 09:37:59.082,0.8614,0.8615,3.40,9.60
2009.07.02 09:37:59.371,0.86145,0.86155,1.60,1.60
2009.07.02 09:37:59.661,0.8614,0.8616,6.40,7.80
2009.07.02 09:37:59.941,0.86145,0.8616,1.60,3.00
2009.07.02 09:38:02.591,0.8614,0.8616,1.60,4.20
2009.07.02 09:38:03.280,0.86145,0.8616,1.60,4.20
2009.07.02 09:38:03.510,0.86145,0.8616,1.60,4.00
2009.07.02 09:38:03.751,0.86145,0.8616,1.60,2.60
2009.07.02 09:38:04.160,0.86145,0.8616,1.60,1.60
2009.07.02 09:38:04.390,0.86145,0.8616,1.60,3.60
2009.07.02 09:38:04.900,0.86145,0.8615,1.60,1.00
2009.07.02 09:38:05.540,0.8615,0.8616,1.20,5.70
2009.07.02 09:38:06.070,0.86145,0.8615,1.60,1.00
2009.07.02 09:38:06.520,0.8614,0.8615,5.00,1.00
2009.07.02 09:38:06.870,0.8614,0.8615,6.60,1.00
2009.07.02 09:38:07.090,0.8614,0.8616,14.60,3.60
2009.07.02 09:38:07.270,0.8614,0.8616,13.00,3.60
2009.07.02 09:38:08.709,0.8614,0.8616,11.40,3.60
2009.07.02 09:38:08.879,0.86135,0.86145,4.20,3.20
2009.07.02 09:38:09.109,0.86135,0.86145,2.60,3.20
2009.07.02 09:38:09.289,0.86135,0.86145,3.40,3.20
2009.07.02 09:38:09.769,0.86135,0.8615,1.80,3.20
2009.07.02 09:38:11.888,0.86135,0.8615,1.20,3.20
2009.07.02 09:38:15.008,0.86135,0.86145,2.60,3.20
2009.07.02 09:38:16.457,0.86135,0.86145,1.20,3.20
2009.07.02 09:38:20.106,0.86135,0.8614,2.20,3.20
2009.07.02 09:38:20.697,0.86135,0.86145,2.20,3.20
2009.07.02 09:38:20.866,0.86135,0.8614,2.20,3.20
2009.07.02 09:38:21.676,0.86135,0.86145,1.20,3.20
2009.07.02 09:38:24.235,0.86135,0.86145,2.00,3.20
2009.07.02 09:38:24.356,0.86135,0.86145,3.40,3.20
2009.07.02 09:38:24.526,0.86135,0.8615,3.40,3.20
2009.07.02 09:38:24.645,0.86135,0.8615,6.60,3.20
2009.07.02 09:38:24.755,0.86135,0.86145,6.60,3.20
2009.07.02 09:38:25.095,0.86135,0.86145,9.40,3.20
2009.07.02 09:38:26.915,0.86135,0.86145,6.20,3.20
2009.07.02 09:38:26.975,0.86135,0.86145,3.00,3.20
2009.07.02 09:38:30.414,0.86135,0.86145,2.40,3.20
2009.07.02 09:38:30.534,0.86135,0.86145,1.80,3.20
2009.07.02 09:38:35.623,0.86135,0.8615,1.80,4.00
2009.07.02 09:38:41.641,0.86135,0.86145,1.80,3.20
2009.07.02 09:38:42.261,0.8614,0.8615,1.20,4.00
2009.07.02 09:38:42.651,0.8614,0.8615,3.40,4.00
2009.07.02 09:38:49.140,0.8614,0.8615,9.40,3.20
2009.07.02 09:38:49.310,0.86145,0.8615,1.00,3.20
2009.07.02 09:38:49.599,0.8614,0.8615,11.00,3.20
2009.07.02 09:38:49.659,0.8614,0.8615,12.00,3.20
2009.07.02 09:38:49.940,0.8615,0.8616,1.40,3.80
2009.07.02 09:38:50.679,0.8615,0.8616,3.40,4.70
2009.07.02 09:38:51.919,0.86155,0.8616,1.20,1.10
2009.07.02 09:38:52.199,0.8615,0.86155,3.50,3.20
2009.07.02 09:38:52.710,0.8615,0.86165,3.40,7.20
2009.07.02 09:38:53.079,0.8615,0.86165,5.00,8.60
2009.07.02 09:38:53.419,0.86155,0.86165,1.20,1.40
2009.07.02 09:38:53.999,0.8616,0.8617,1.40,3.20
2009.07.02 09:38:54.288,0.8616,0.86175,1.40,12.60
2009.07.02 09:38:54.968,0.8616,0.86175,1.40,12.00
2009.07.02 09:38:55.248,0.8616,0.86175,1.40,10.40
2009.07.02 09:38:55.808,0.86165,0.86175,1.20,3.20
2009.07.02 09:38:55.918,0.86165,0.86175,1.20,1.60
2009.07.02 09:38:56.218,0.86165,0.8618,1.20,16.80
2009.07.02 09:38:56.328,0.86165,0.86175,1.20,3.20
2009.07.02 09:38:56.797,0.86155,0.8616,11.40,3.20
2009.07.02 09:38:56.978,0.86155,0.8616,6.30,3.20
2009.07.02 09:38:57.218,0.8615,0.8616,2.60,3.20
2009.07.02 09:38:57.548,0.8615,0.86155,5.00,3.20
2009.07.02 09:38:57.718,0.8615,0.86155,1.40,3.20
2009.07.02 09:38:57.997,0.8615,0.8616,1.40,3.20
2009.07.02 09:38:59.517,0.8615,0.8616,3.60,3.20
2009.07.02 09:38:59.747,0.8615,0.86165,14.80,1.60
2009.07.02 09:39:00.167,0.8616,0.8617,2.60,4.80
2009.07.02 09:39:00.467,0.86155,0.86175,4.80,8.00
2009.07.02 09:39:00.787,0.86155,0.86175,4.80,1.60
2009.07.02 09:39:01.187,0.8616,0.86165,1.20,7.80
2009.07.02 09:39:01.567,0.8616,0.86165,3.60,6.60
2009.07.02 09:39:01.907,0.8616,0.86165,5.20,4.00
2009.07.02 09:39:02.267,0.8617,0.8619,1.80,6.00
2009.07.02 09:39:02.616,0.8617,0.8619,2.60,2.80
2009.07.02 09:39:02.736,0.86175,0.8619,1.20,5.40
2009.07.02 09:39:02.976,0.86175,0.86185,1.20,1.00
2009.07.02 09:39:03.646,0.86165,0.8618,14.60,1.00
2009.07.02 09:39:04.156,0.86165,0.86175,9.00,3.20
2009.07.02 09:39:04.276,0.86165,0.86175,1.20,3.20
2009.07.02 09:39:04.556,0.86165,0.8618,1.20,4.00
2009.07.02 09:39:04.786,0.8617,0.8618,1.20,4.00
2009.07.02 09:39:05.136,0.8617,0.8618,1.20,10.20
2009.07.02 09:39:05.485,0.86165,0.8618,1.80,11.00
2009.07.02 09:39:06.015,0.86165,0.8618,1.80,4.00
2009.07.02 09:39:06.366,0.86165,0.86175,1.80,3.20
2009.07.02 09:39:06.945,0.86165,0.86175,1.20,3.20
2009.07.02 09:39:07.855,0.86165,0.8618,1.20,4.00
2009.07.02 09:39:08.085,0.86165,0.86175,1.80,3.20
2009.07.02 09:39:08.265,0.86165,0.86175,1.20,3.20
2009.07.02 09:39:10.794,0.8617,0.8618,1.20,3.20
2009.07.02 09:39:11.194,0.8617,0.86175,1.20,3.20
2009.07.02 09:39:11.364,0.86165,0.86175,1.80,3.20
2009.07.02 09:39:12.484,0.86165,0.8617,1.80,3.20
2009.07.02 09:39:18.163,0.86165,0.8618,1.60,2.60
2009.07.02 09:39:18.503,0.8616,0.86175,9.40,2.60
2009.07.02 09:39:18.962,0.86165,0.8618,3.40,1.20
2009.07.02 09:39:19.472,0.86165,0.8618,9.80,1.00
2009.07.02 09:39:19.942,0.8617,0.8618,4.60,1.00
2009.07.02 09:39:22.121,0.86175,0.8619,1.20,7.00
2009.07.02 09:39:22.462,0.86175,0.8619,1.20,7.20
2009.07.02 09:39:22.751,0.86175,0.8619,1.20,6.20
2009.07.02 09:39:23.661,0.86175,0.8619,1.20,9.40
2009.07.02 09:39:23.901,0.86175,0.8619,1.20,10.20
2009.07.02 09:39:26.201,0.86175,0.8619,1.20,6.60
2009.07.02 09:39:26.721,0.8618,0.86195,1.20,6.00
2009.07.02 09:39:27.172,0.8618,0.86195,1.20,4.60
2009.07.02 09:39:27.631,0.86175,0.86195,9.80,9.00
2009.07.02 09:39:27.990,0.86175,0.86195,3.40,15.20
2009.07.02 09:39:30.300,0.8616,0.86175,3.60,3.20
2009.07.02 09:39:30.470,0.8616,0.86185,5.80,6.80
2009.07.02 09:39:30.589,0.8616,0.86185,6.60,6.80
2009.07.02 09:39:30.820,0.8616,0.8618,6.60,7.60
2009.07.02 09:39:30.939,0.8616,0.8618,11.40,4.60
2009.07.02 09:39:31.109,0.8616,0.8618,11.40,3.80
2009.07.02 09:39:31.529,0.8616,0.8618,11.40,3.00
2009.07.02 09:39:31.869,0.8616,0.8618,11.40,4.60
2009.07.02 09:39:32.229,0.8616,0.8618,11.40,3.80
2009.07.02 09:39:32.509,0.8616,0.8618,11.40,3.00
2009.07.02 09:39:32.899,0.8616,0.8618,11.40,4.60
2009.07.02 09:39:33.419,0.8616,0.86165,8.20,3.20
2009.07.02 09:39:34.059,0.8616,0.86165,6.60,3.20
2009.07.02 09:39:34.229,0.8616,0.86165,2.60,3.20
2009.07.02 09:39:35.549,0.8616,0.86165,1.40,3.20
2009.07.02 09:39:35.938,0.8616,0.8617,1.40,3.25
2009.07.02 09:39:38.887,0.86155,0.86165,1.20,3.20
2009.07.02 09:39:40.087,0.86155,0.86165,1.80,3.20
2009.07.02 09:39:40.417,0.86155,0.8617,1.80,10.40
2009.07.02 09:39:40.707,0.86155,0.86165,1.80,3.20
2009.07.02 09:39:41.267,0.86155,0.8616,1.80,3.20
2009.07.02 09:39:43.396,0.86155,0.86165,1.80,3.20
2009.07.02 09:39:43.626,0.86155,0.8616,1.80,3.20
2009.07.02 09:39:45.466,0.86155,0.86165,1.80,3.20
2009.07.02 09:39:45.806,0.86155,0.8616,1.80,3.20
2009.07.02 09:39:46.216,0.86155,0.86165,1.80,3.20
2009.07.02 09:39:46.386,0.86155,0.8616,1.80,3.20
2009.07.02 09:39:46.906,0.86155,0.86165,1.80,3.20
2009.07.02 09:39:47.425,0.8616,0.8617,1.20,3.20
2009.07.02 09:39:47.776,0.8616,0.8617,2.60,3.20
2009.07.02 09:39:48.355,0.8616,0.86165,2.60,3.20
2009.07.02 09:39:48.525,0.8616,0.8617,2.60,3.20
2009.07.02 09:39:50.665,0.8616,0.8617,3.40,3.20
2009.07.02 09:39:50.785,0.8616,0.8617,3.40,4.80
2009.07.02 09:39:51.354,0.8616,0.8617,3.40,3.20
2009.07.02 09:39:52.334,0.8616,0.8617,5.00,3.20
2009.07.02 09:39:52.724,0.8616,0.8617,9.80,3.20
2009.07.02 09:39:53.404,0.8616,0.8617,7.40,3.20
2009.07.02 09:39:54.064,0.86155,0.86165,1.80,3.20
2009.07.02 09:39:54.394,0.86155,0.86165,1.20,3.20
2009.07.02 09:39:54.734,0.8615,0.86165,8.20,3.20
2009.07.02 09:39:54.954,0.8615,0.86165,6.60,3.20
2009.07.02 09:39:55.424,0.8615,0.86165,3.20,3.20
2009.07.02 09:39:55.833,0.86145,0.86165,4.80,8.00
2009.07.02 09:39:56.003,0.86145,0.86165,11.40,7.40
2009.07.02 09:39:56.353,0.86145,0.86165,12.60,7.40
2009.07.02 09:39:56.583,0.8615,0.86165,5.00,1.60
2009.07.02 09:39:56.933,0.8615,0.86165,2.20,1.60
2009.07.02 09:39:57.323,0.86145,0.86165,11.40,4.80
2009.07.02 09:39:57.673,0.8615,0.86165,1.60,4.00
2009.07.02 09:39:58.513,0.86145,0.86165,11.40,4.00
2009.07.02 09:39:59.033,0.8615,0.86165,1.60,4.00
2009.07.02 09:40:00.412,0.8615,0.86165,2.60,4.00
2009.07.02 09:40:00.752,0.8615,0.86165,4.20,4.00
2009.07.02 09:40:01.112,0.86155,0.86165,1.20,2.60
2009.07.02 09:40:01.332,0.86155,0.86165,1.20,1.40
2009.07.02 09:40:01.672,0.86155,0.8617,1.20,10.20
2009.07.02 09:40:02.022,0.86155,0.8617,1.20,9.40
2009.07.02 09:40:02.192,0.86155,0.86165,1.20,3.20
2009.07.02 09:40:02.542,0.86155,0.86165,1.80,3.20
2009.07.02 09:40:07.291,0.86155,0.8617,1.80,3.20
2009.07.02 09:40:07.571,0.86155,0.86165,1.80,3.20
2009.07.02 09:40:19.828,0.8615,0.86165,3.40,3.20
2009.07.02 09:40:19.888,0.8615,0.86165,6.60,3.20
2009.07.02 09:40:20.388,0.8615,0.86165,5.00,3.20
2009.07.02 09:40:20.837,0.8615,0.86165,8.20,3.20
2009.07.02 09:40:21.058,0.86155,0.86165,1.20,3.20
2009.07.02 09:40:21.937,0.86155,0.8617,5.20,8.20
2009.07.02 09:40:22.227,0.8616,0.8617,1.40,8.20
2009.07.02 09:40:22.727,0.8616,0.8617,2.60,5.60
2009.07.02 09:40:23.027,0.8616,0.8617,1.40,1.60
2009.07.02 09:40:23.377,0.8616,0.86175,2.60,13.40
2009.07.02 09:40:23.717,0.8616,0.8617,1.40,3.20
2009.07.02 09:40:24.127,0.8616,0.8617,1.60,3.20
2009.07.02 09:40:24.476,0.86155,0.8616,4.70,3.20
2009.07.02 09:40:24.816,0.8616,0.8617,1.60,3.20
2009.07.02 09:40:25.206,0.86155,0.86165,1.60,3.20
2009.07.02 09:40:25.606,0.86155,0.86165,1.80,1.60
2009.07.02 09:40:25.896,0.86155,0.8617,1.80,1.00
2009.07.02 09:40:26.296,0.8616,0.8617,1.20,1.00
2009.07.02 09:40:26.736,0.86165,0.8617,1.20,1.60
2009.07.02 09:40:26.966,0.86165,0.86175,1.20,3.20
2009.07.02 09:40:27.206,0.86165,0.8617,1.20,3.20
2009.07.02 09:40:27.626,0.8616,0.8617,1.40,3.20
2009.07.02 09:40:27.846,0.8616,0.8617,1.40,3.20
2009.07.02 09:40:28.246,0.86155,0.86165,1.60,1.00
2009.07.02 09:40:28.656,0.86145,0.8616,10.80,3.20
2009.07.02 09:40:29.166,0.8614,0.86155,5.80,3.20
2009.07.02 09:40:29.515,0.8614,0.8615,5.00,3.20
2009.07.02 09:40:29.685,0.8614,0.86145,1.60,3.20
2009.07.02 09:40:29.985,0.8614,0.8615,1.40,3.20
2009.07.02 09:40:30.785,0.8614,0.8615,1.40,1.60
2009.07.02 09:40:31.045,0.8614,0.86155,3.40,12.20
2009.07.02 09:40:31.165,0.8614,0.86155,3.40,9.40
2009.07.02 09:40:33.424,0.8614,0.86155,3.40,3.20
2009.07.02 09:40:34.824,0.8614,0.86145,2.60,3.20
2009.07.02 09:40:36.553,0.8614,0.8615,2.60,3.20
2009.07.02 09:40:38.563,0.8614,0.86155,2.60,7.00
2009.07.02 09:40:39.023,0.8614,0.86155,4.20,4.60
2009.07.02 09:40:39.363,0.8614,0.86155,4.20,3.00
2009.07.02 09:40:39.643,0.8614,0.86155,4.20,2.20
2009.07.02 09:40:39.863,0.8614,0.86155,4.20,1.40
2009.07.02 09:40:40.373,0.8614,0.86155,4.20,2.20
2009.07.02 09:40:40.423,0.8614,0.86155,4.20,3.00
2009.07.02 09:40:40.973,0.8614,0.86155,5.00,1.60
2009.07.02 09:40:41.203,0.8614,0.86155,8.20,1.00
2009.07.02 09:40:41.543,0.86145,0.86155,1.80,3.20
2009.07.02 09:40:43.072,0.86145,0.86155,5.00,3.20
2009.07.02 09:40:43.412,0.86155,0.8616,1.20,3.25
2009.07.02 09:40:43.582,0.86155,0.8616,1.20,1.60
2009.07.02 09:40:43.972,0.86145,0.86165,15.40,6.20
2009.07.02 09:40:44.192,0.86145,0.86165,15.40,7.80
2009.07.02 09:40:44.542,0.86145,0.8616,5.00,6.20
2009.07.02 09:40:44.902,0.86155,0.8616,1.20,4.40
2009.07.02 09:40:45.182,0.8615,0.8616,1.80,3.20
2009.07.02 09:40:45.512,0.8615,0.86165,5.00,5.40
2009.07.02 09:40:45.781,0.8615,0.86165,2.80,3.20
2009.07.02 09:40:46.002,0.86155,0.86165,1.00,1.60
2009.07.02 09:40:46.291,0.86155,0.8617,1.00,2.40
2009.07.02 09:40:46.631,0.86155,0.8617,1.80,2.20
2009.07.02 09:40:46.981,0.8617,0.86175,1.00,5.60
2009.07.02 09:40:47.311,0.86165,0.8617,2.40,3.20
2009.07.02 09:40:47.821,0.86165,0.86175,2.60,3.20
2009.07.02 09:40:48.341,0.86165,0.86175,2.60,1.00
2009.07.02 09:40:48.803,0.8616,0.86165,1.60,3.20
2009.07.02 09:40:49.601,0.86155,0.8616,3.50,3.20
2009.07.02 09:40:49.901,0.86145,0.8616,17.60,3.20
2009.07.02 09:40:50.260,0.8616,0.86165,1.60,4.70
2009.07.02 09:40:50.640,0.86155,0.8616,1.60,3.25
2009.07.02 09:40:50.980,0.86155,0.8616,2.40,3.25
2009.07.02 09:40:51.550,0.86145,0.86155,1.00,3.20
2009.07.02 09:40:51.940,0.8615,0.86155,1.60,3.20
2009.07.02 09:40:52.120,0.86145,0.86155,1.60,3.20
2009.07.02 09:40:52.350,0.86145,0.86155,1.00,3.20
2009.07.02 09:40:54.369,0.8615,0.86155,1.20,3.20
2009.07.02 09:40:54.710,0.8615,0.8616,2.60,3.20
2009.07.02 09:40:54.999,0.8615,0.86155,3.40,3.20
2009.07.02 09:40:56.069,0.8615,0.8616,6.60,3.20
2009.07.02 09:40:56.339,0.8615,0.8616,2.60,3.20
2009.07.02 09:40:56.619,0.8615,0.8616,13.00,3.20
2009.07.02 09:40:58.218,0.86155,0.8616,1.00,3.20
2009.07.02 09:40:58.439,0.8615,0.8616,14.00,3.20
2009.07.02 09:40:58.838,0.8615,0.8616,2.60,3.20
2009.07.02 09:40:59.698,0.8615,0.8616,3.40,3.20
2009.07.02 09:41:01.748,0.8615,0.86155,3.40,3.20
2009.07.02 09:41:01.807,0.86145,0.86155,6.00,3.20
2009.07.02 09:41:02.148,0.8615,0.8616,2.20,3.20
2009.07.02 09:41:02.507,0.8615,0.8616,3.40,3.20
2009.07.02 09:41:02.917,0.8615,0.86155,3.40,3.20
2009.07.02 09:41:03.327,0.8615,0.86155,1.40,3.20
2009.07.02 09:41:03.677,0.86145,0.86155,3.40,3.20
2009.07.02 09:41:03.967,0.86145,0.8615,1.00,3.20
2009.07.02 09:41:04.427,0.8614,0.86155,6.00,3.20
2009.07.02 09:41:05.127,0.8614,0.86145,4.00,3.20
2009.07.02 09:41:05.417,0.8614,0.86155,1.40,5.40
2009.07.02 09:41:05.697,0.8614,0.86145,2.60,3.20
2009.07.02 09:41:06.207,0.8614,0.8615,2.60,3.20
2009.07.02 09:41:06.536,0.8614,0.86145,1.40,3.20
2009.07.02 09:41:06.926,0.86135,0.86145,2.60,3.20
2009.07.02 09:41:10.105,0.86135,0.86145,1.80,3.20
2009.07.02 09:41:10.325,0.86135,0.8614,1.00,3.20
2009.07.02 09:41:10.445,0.8613,0.86145,11.40,3.20
2009.07.02 09:41:10.625,0.8613,0.86145,6.60,3.20
2009.07.02 09:41:11.035,0.8613,0.86145,5.00,3.20
2009.07.02 09:41:11.365,0.8613,0.86145,8.20,3.20
2009.07.02 09:41:12.115,0.8613,0.86145,1.40,3.70
2009.07.02 09:41:12.465,0.8613,0.8614,2.40,3.20
2009.07.02 09:41:12.686,0.8613,0.86145,3.60,12.80
2009.07.02 09:41:12.795,0.8613,0.86145,8.20,2.60
2009.07.02 09:41:13.155,0.86135,0.8615,1.20,1.80
2009.07.02 09:41:13.665,0.86135,0.8615,10.00,6.20
2009.07.02 09:41:14.175,0.8614,0.86155,1.40,3.80
2009.07.02 09:41:14.405,0.8614,0.86155,6.80,3.20
2009.07.02 09:41:14.584,0.8614,0.8615,2.40,3.20
2009.07.02 09:41:15.084,0.8614,0.8615,1.40,3.20
2009.07.02 09:41:16.444,0.8614,0.8615,1.40,3.20
2009.07.02 09:41:17.095,0.8614,0.86145,1.40,3.20
2009.07.02 09:41:17.374,0.86135,0.8614,1.60,3.20
2009.07.02 09:41:17.904,0.8613,0.8614,8.20,3.20
2009.07.02 09:41:18.204,0.8613,0.8614,6.60,3.20
2009.07.02 09:41:18.324,0.86135,0.8615,1.80,12.20
2009.07.02 09:41:18.713,0.8614,0.8615,2.60,1.40
2009.07.02 09:41:19.064,0.8614,0.86155,2.60,9.20
2009.07.02 09:41:19.463,0.8614,0.8615,2.60,3.20
2009.07.02 09:41:19.803,0.8614,0.86155,6.60,3.20
2009.07.02 09:41:19.973,0.8614,0.86155,5.00,4.80
2009.07.02 09:41:20.473,0.86145,0.86155,1.80,1.60
2009.07.02 09:41:20.643,0.86145,0.8615,1.80,1.00
2009.07.02 09:41:20.813,0.86145,0.86155,1.80,1.60
2009.07.02 09:41:21.253,0.86145,0.86155,2.60,1.60
2009.07.02 09:41:21.423,0.86145,0.8616,2.60,1.60
2009.07.02 09:41:22.062,0.8615,0.8616,1.20,1.60
2009.07.02 09:41:22.463,0.8615,0.86165,2.60,3.00
2009.07.02 09:41:27.632,0.86155,0.8617,5.20,3.00
2009.07.02 09:41:28.151,0.86155,0.8617,5.20,3.00
2009.07.02 09:41:28.421,0.86155,0.86165,4.60,6.20
2009.07.02 09:41:28.721,0.8615,0.86165,1.80,3.00
2009.07.02 09:41:29.291,0.8615,0.86165,2.60,3.00
2009.07.02 09:41:29.741,0.8615,0.86165,1.60,3.00
2009.07.02 09:41:30.101,0.8615,0.86165,3.40,1.60
2009.07.02 09:41:30.481,0.8615,0.86165,6.60,1.60
2009.07.02 09:41:30.900,0.8615,0.8617,1.80,16.40
2009.07.02 09:41:31.120,0.8615,0.8617,2.00,16.80
2009.07.02 09:41:31.350,0.8615,0.86165,6.80,7.20
2009.07.02 09:41:31.800,0.8615,0.86165,5.80,8.60
2009.07.02 09:41:32.080,0.8615,0.86165,2.60,9.20
2009.07.02 09:41:32.590,0.8615,0.86165,5.80,7.00
2009.07.02 09:41:32.880,0.8615,0.86165,1.20,11.00
2009.07.02 09:41:33.170,0.8615,0.86165,8.40,3.00
2009.07.02 09:41:33.410,0.8615,0.86165,1.60,3.20
2009.07.02 09:41:33.972,0.8615,0.86165,5.40,4.80
2009.07.02 09:41:36.989,0.8615,0.8617,8.40,12.60
2009.07.02 09:41:37.339,0.86155,0.8617,1.20,7.00
2009.07.02 09:41:37.449,0.86155,0.8617,1.20,8.60
2009.07.02 09:41:37.739,0.86155,0.8617,1.80,7.20
2009.07.02 09:41:37.849,0.86155,0.8617,1.80,5.60
2009.07.02 09:41:38.718,0.86155,0.8617,6.60,5.60
2009.07.02 09:41:39.069,0.86155,0.8617,1.80,4.80
2009.07.02 09:41:39.418,0.86155,0.8617,1.20,6.20
2009.07.02 09:41:39.709,0.86155,0.8617,1.20,7.00
2009.07.02 09:41:40.238,0.86155,0.8617,1.20,6.20
2009.07.02 09:41:40.358,0.86155,0.86165,1.20,1.40
2009.07.02 09:41:40.708,0.8615,0.86165,11.60,1.40
2009.07.02 09:41:41.008,0.8615,0.86155,1.20,3.20
2009.07.02 09:41:41.309,0.8615,0.8616,2.60,1.00
2009.07.02 09:41:41.608,0.8615,0.8616,8.40,3.20
2009.07.02 09:41:41.848,0.8615,0.86165,2.60,4.40
2009.07.02 09:41:42.138,0.8615,0.86165,2.60,4.40
2009.07.02 09:41:42.938,0.8615,0.86165,8.40,3.00
2009.07.02 09:41:44.027,0.8615,0.86165,8.40,1.40
2009.07.02 09:41:44.607,0.86155,0.86165,1.20,3.20
2009.07.02 09:41:45.467,0.86155,0.8616,1.20,1.40
2009.07.02 09:41:45.967,0.86155,0.8616,1.20,3.20
2009.07.02 09:41:46.257,0.8615,0.8616,1.40,4.40
2009.07.02 09:41:46.547,0.86145,0.8616,2.60,7.60
2009.07.02 09:41:47.057,0.86145,0.86155,2.60,3.20
2009.07.02 09:41:47.288,0.8614,0.86155,1.80,3.20
2009.07.02 09:41:47.687,0.8614,0.86155,2.00,3.20
2009.07.02 09:41:48.077,0.86135,0.8615,4.40,3.20
2009.07.02 09:41:48.366,0.86145,0.8615,1.20,1.00
2009.07.02 09:41:48.777,0.86135,0.86155,12.20,6.00
2009.07.02 09:41:49.116,0.8614,0.86155,2.00,3.00
2009.07.02 09:41:49.346,0.8614,0.86155,1.20,3.00
2009.07.02 09:41:49.736,0.86135,0.86155,15.80,2.00
2009.07.02 09:41:50.097,0.8614,0.86155,1.00,3.00
2009.07.02 09:41:50.436,0.86135,0.86155,6.00,3.00
2009.07.02 09:41:50.846,0.8614,0.8616,1.60,6.80
2009.07.02 09:41:51.076,0.8615,0.86155,1.20,1.00
2009.07.02 09:41:51.656,0.86145,0.8615,3.20,3.20
2009.07.02 09:41:52.226,0.86135,0.86145,3.00,1.60
2009.07.02 09:41:52.576,0.8613,0.86145,1.60,1.40
2009.07.02 09:41:52.865,0.86125,0.8614,4.40,3.20
2009.07.02 09:41:53.505,0.8613,0.8614,3.40,3.20
2009.07.02 09:41:56.325,0.8613,0.8614,9.80,3.20
2009.07.02 09:41:56.625,0.86135,0.86145,5.00,3.20
2009.07.02 09:41:56.914,0.8614,0.86145,1.40,3.20
2009.07.02 09:41:57.464,0.86135,0.8615,6.00,3.20
2009.07.02 09:41:57.804,0.8614,0.8615,3.40,3.20
2009.07.02 09:42:00.194,0.86155,0.8616,1.20,3.20
2009.07.02 09:42:00.484,0.8615,0.8616,8.20,3.20
2009.07.02 09:42:01.154,0.86155,0.86165,1.20,3.20
2009.07.02 09:42:02.273,0.86155,0.86165,1.80,3.20
2009.07.02 09:42:03.733,0.8616,0.8617,2.60,3.20
2009.07.02 09:42:04.133,0.8616,0.86175,3.40,3.20
2009.07.02 09:42:04.473,0.8616,0.86175,3.40,3.20
2009.07.02 09:42:04.933,0.86165,0.86175,1.20,3.20
2009.07.02 09:42:05.222,0.86165,0.8617,1.20,3.20
2009.07.02 09:42:05.722,0.8616,0.8617,1.60,3.20
2009.07.02 09:42:06.012,0.8616,0.8617,1.40,3.20
2009.07.02 09:42:06.412,0.8616,0.8617,2.60,3.20
2009.07.02 09:42:07.552,0.8616,0.8617,3.40,3.20
2009.07.02 09:42:07.952,0.8616,0.86165,1.40,3.20
2009.07.02 09:42:08.242,0.86155,0.86165,2.60,3.20
2009.07.02 09:42:08.582,0.86155,0.86165,1.20,3.20
2009.07.02 09:42:11.981,0.86155,0.86165,1.80,3.20
2009.07.02 09:42:12.040,0.86155,0.86165,3.40,3.20
2009.07.02 09:42:12.100,0.86155,0.8617,3.40,3.20
2009.07.02 09:42:12.341,0.8616,0.86165,1.40,3.20
2009.07.02 09:42:12.641,0.8616,0.86165,2.60,3.20
2009.07.02 09:42:13.200,0.8616,0.86165,3.40,3.20
2009.07.02 09:42:13.540,0.8616,0.8617,1.40,3.20
2009.07.02 09:42:14.050,0.8616,0.8617,2.20,3.20
2009.07.02 09:42:14.390,0.8616,0.8617,3.40,3.20
2009.07.02 09:42:14.570,0.8616,0.8617,8.20,3.20
2009.07.02 09:42:15.300,0.8616,0.8617,7.40,3.20
2009.07.02 09:42:16.869,0.8616,0.8617,8.20,3.20
2009.07.02 09:42:17.259,0.8616,0.86175,8.20,3.20
2009.07.02 09:42:17.720,0.8616,0.86175,7.40,3.20
2009.07.02 09:42:18.129,0.8616,0.8617,3.40,3.20
2009.07.02 09:42:18.569,0.8616,0.8617,8.20,3.20
2009.07.02 09:42:19.139,0.8616,0.8617,7.00,3.20
2009.07.02 09:42:19.619,0.8616,0.8617,8.20,3.20
2009.07.02 09:42:19.899,0.8616,0.86165,6.20,3.20
2009.07.02 09:42:20.179,0.8616,0.86165,2.60,3.20
2009.07.02 09:42:20.709,0.8616,0.86165,1.40,3.20
2009.07.02 09:42:22.958,0.86155,0.8617,1.20,3.20
2009.07.02 09:42:23.238,0.86155,0.86165,1.20,3.20
2009.07.02 09:42:23.827,0.86155,0.8616,1.20,3.20
2009.07.02 09:42:24.767,0.86155,0.86165,1.20,3.20
2009.07.02 09:42:28.627,0.8616,0.8617,1.40,1.60
2009.07.02 09:42:29.067,0.8616,0.86165,1.40,3.20
2009.07.02 09:42:29.916,0.86155,0.86165,1.60,3.20
2009.07.02 09:42:30.196,0.8615,0.86165,6.60,1.40
2009.07.02 09:42:30.586,0.8615,0.86165,5.00,3.20
2009.07.02 09:42:31.046,0.8615,0.86165,6.60,3.20
2009.07.02 09:42:31.726,0.8615,0.86165,2.60,3.20
2009.07.02 09:42:32.116,0.8615,0.8616,1.20,3.20
2009.07.02 09:42:32.466,0.86145,0.8616,12.80,3.20
2009.07.02 09:42:32.746,0.86145,0.86155,12.20,3.20
2009.07.02 09:42:32.985,0.86145,0.8616,3.60,3.20
2009.07.02 09:42:33.396,0.86145,0.8616,2.60,3.20
2009.07.02 09:42:33.755,0.8615,0.8616,2.60,3.20
2009.07.02 09:42:34.265,0.86145,0.8615,1.20,3.20
2009.07.02 09:42:34.725,0.86145,0.8616,5.80,1.40
2009.07.02 09:42:35.125,0.86145,0.8616,2.60,4.40
2009.07.02 09:42:35.515,0.86145,0.8616,1.20,6.80
2009.07.02 09:42:35.875,0.86145,0.8616,1.20,7.80
2009.07.02 09:42:36.115,0.86145,0.8616,1.20,7.60
2009.07.02 09:42:36.515,0.8614,0.86155,7.40,3.20
2009.07.02 09:42:37.045,0.8614,0.86155,6.20,3.20
2009.07.02 09:42:37.575,0.8615,0.8616,3.60,3.20
2009.07.02 09:42:38.434,0.86155,0.86165,1.20,3.20
2009.07.02 09:42:39.054,0.8615,0.8616,2.60,3.20
2009.07.02 09:42:39.524,0.8615,0.8616,2.60,3.20
2009.07.02 09:42:39.814,0.8615,0.86155,1.40,3.20
2009.07.02 09:42:40.044,0.8615,0.8616,1.40,3.20
2009.07.02 09:42:40.334,0.86145,0.8616,2.60,3.20
2009.07.02 09:42:40.754,0.86145,0.86155,2.60,3.20
2009.07.02 09:42:41.164,0.86145,0.8616,4.20,3.20
2009.07.02 09:42:41.624,0.86145,0.8616,2.60,3.20
2009.07.02 09:42:42.443,0.86145,0.8616,1.20,3.20
2009.07.02 09:42:42.843,0.86145,0.86155,1.20,3.20
2009.07.02 09:42:43.893,0.8615,0.8616,1.40,3.20
2009.07.02 09:42:44.283,0.86145,0.8616,2.60,3.20
2009.07.02 09:42:44.573,0.86145,0.86155,1.20,3.20
2009.07.02 09:42:45.992,0.8614,0.8615,15.60,3.20
2009.07.02 09:42:46.342,0.86145,0.86155,1.80,3.20
2009.07.02 09:42:46.682,0.86145,0.86155,1.20,3.20
2009.07.02 09:42:46.862,0.8614,0.8616,7.40,3.20
2009.07.02 09:42:47.082,0.86145,0.8616,1.20,3.20
2009.07.02 09:42:47.382,0.86145,0.8616,2.00,3.20
2009.07.02 09:42:48.123,0.86145,0.86155,1.20,3.20
2009.07.02 09:42:48.412,0.8614,0.86155,10.00,3.20
2009.07.02 09:42:49.062,0.86145,0.86155,1.20,3.20
2009.07.02 09:42:49.522,0.86145,0.8616,3.60,3.20
2009.07.02 09:42:49.872,0.8615,0.8616,1.80,3.20
2009.07.02 09:42:50.151,0.8615,0.8616,3.60,1.00
2009.07.02 09:42:50.431,0.8615,0.86165,3.40,3.20
2009.07.02 09:42:51.081,0.8615,0.86165,5.00,3.20
2009.07.02 09:42:51.951,0.86145,0.8616,4.20,3.20
2009.07.02 09:42:52.381,0.8615,0.8616,3.40,3.20
2009.07.02 09:42:53.471,0.8615,0.8616,2.60,3.20
2009.07.02 09:42:55.400,0.8615,0.8616,3.60,3.20
2009.07.02 09:42:56.230,0.8615,0.8616,3.40,3.20
2009.07.02 09:42:56.400,0.8615,0.8616,2.60,3.20
2009.07.02 09:42:56.570,0.8615,0.8616,1.40,3.20
2009.07.02 09:42:57.020,0.8615,0.8616,1.40,3.20
2009.07.02 09:42:57.309,0.8615,0.86155,1.40,3.20
2009.07.02 09:42:57.660,0.86145,0.86155,1.20,3.20
2009.07.02 09:42:58.220,0.8614,0.86155,8.20,3.20
2009.07.02 09:42:58.560,0.8614,0.86155,5.00,3.20
2009.07.02 09:42:58.959,0.8614,0.86155,2.60,3.20
2009.07.02 09:42:59.289,0.8614,0.86155,2.60,4.60
2009.07.02 09:43:01.089,0.8614,0.86155,6.40,4.60
2009.07.02 09:43:01.379,0.8614,0.86155,9.60,4.60
2009.07.02 09:43:01.889,0.8614,0.86155,1.60,4.60
2009.07.02 09:43:02.228,0.86135,0.8615,8.20,3.20
2009.07.02 09:43:02.578,0.86135,0.8615,3.40,3.20
2009.07.02 09:43:03.258,0.86135,0.8615,2.60,3.20
2009.07.02 09:43:03.479,0.86135,0.8615,1.20,3.20
2009.07.02 09:43:03.838,0.8614,0.8615,1.20,6.40
2009.07.02 09:43:04.228,0.8614,0.8615,2.60,3.20
2009.07.02 09:43:04.908,0.8614,0.8615,1.40,3.20
2009.07.02 09:43:05.468,0.86135,0.8615,2.60,3.20
2009.07.02 09:43:05.768,0.86135,0.8615,3.40,6.40
2009.07.02 09:43:05.988,0.8614,0.8615,1.40,6.40
2009.07.02 09:43:06.508,0.86135,0.8615,2.60,3.20
2009.07.02 09:43:06.858,0.86135,0.8615,1.20,3.20
2009.07.02 09:43:07.317,0.8613,0.86145,9.80,3.20
2009.07.02 09:43:07.677,0.8613,0.86145,6.60,3.20
2009.07.02 09:43:08.187,0.8613,0.86145,3.40,6.40
2009.07.02 09:43:08.647,0.8613,0.86145,3.40,7.80
2009.07.02 09:43:08.997,0.8613,0.86145,1.40,3.20
2009.07.02 09:43:09.507,0.8613,0.8614,1.40,3.20
2009.07.02 09:43:14.276,0.8613,0.8614,1.40,3.20
2009.07.02 09:43:14.757,0.86125,0.8614,3.40,4.80
2009.07.02 09:43:15.116,0.8613,0.8614,1.40,3.20
2009.07.02 09:43:33.671,0.8613,0.8614,13.00,3.20
2009.07.02 09:43:33.951,0.8613,0.8614,14.60,3.20
2009.07.02 09:43:34.231,0.86135,0.8614,1.20,1.60
2009.07.02 09:43:34.591,0.86135,0.86145,1.20,3.20
2009.07.02 09:43:37.050,0.86135,0.86145,1.80,3.20
2009.07.02 09:43:37.270,0.86135,0.86145,1.20,3.20
2009.07.02 09:43:37.560,0.8613,0.8614,10.40,3.20
2009.07.02 09:43:37.860,0.86135,0.86145,1.20,3.20
2009.07.02 09:43:38.970,0.86135,0.86145,6.40,3.20
2009.07.02 09:43:39.269,0.86135,0.86145,7.20,3.20
2009.07.02 09:43:41.459,0.8614,0.86145,1.40,3.20
2009.07.02 09:43:41.689,0.8614,0.86145,3.40,3.20
2009.07.02 09:43:41.739,0.8614,0.8615,3.40,3.20
2009.07.02 09:43:41.979,0.8614,0.8615,3.40,3.80
2009.07.02 09:43:42.259,0.8614,0.8615,3.40,3.20
2009.07.02 09:43:46.768,0.8614,0.8615,1.40,3.20
2009.07.02 09:43:47.108,0.86135,0.8615,1.20,5.20
2009.07.02 09:43:47.278,0.86135,0.8615,1.80,3.80
2009.07.02 09:43:47.398,0.86135,0.8615,1.80,3.60
2009.07.02 09:43:47.688,0.86135,0.8615,1.20,3.20
2009.07.02 09:43:47.977,0.86135,0.86145,1.80,3.20
2009.07.02 09:43:49.097,0.86135,0.8615,1.80,3.20
2009.07.02 09:43:49.477,0.86135,0.8615,3.40,3.20
2009.07.02 09:43:49.647,0.86135,0.8615,8.20,3.20
2009.07.02 09:43:49.997,0.86135,0.8615,9.80,3.20
2009.07.02 09:43:51.417,0.86135,0.86155,9.80,4.60
2009.07.02 09:43:51.597,0.86135,0.86155,9.80,3.00
2009.07.02 09:43:52.066,0.86135,0.86155,9.80,1.40
2009.07.02 09:43:52.296,0.86135,0.86155,9.80,3.80
2009.07.02 09:43:52.526,0.86135,0.86145,9.80,3.20
2009.07.02 09:43:53.446,0.86135,0.86145,5.00,3.20
2009.07.02 09:43:53.956,0.86135,0.86145,1.80,3.20
2009.07.02 09:43:54.766,0.86135,0.86145,3.40,3.20
2009.07.02 09:43:54.886,0.86135,0.86145,5.00,3.20
2009.07.02 09:43:55.056,0.86135,0.86145,8.20,3.20
2009.07.02 09:43:55.166,0.86135,0.86145,9.80,3.20
2009.07.02 09:43:55.396,0.86135,0.86145,9.00,3.20
2009.07.02 09:43:55.566,0.86135,0.86145,6.60,3.20
2009.07.02 09:43:55.746,0.86135,0.86145,3.40,3.20
2009.07.02 09:43:56.035,0.86135,0.8615,2.60,3.20
2009.07.02 09:43:56.436,0.86135,0.8614,1.80,3.20
2009.07.02 09:43:57.455,0.86135,0.8615,1.80,1.60
2009.07.02 09:43:57.685,0.86135,0.86155,5.00,13.40
2009.07.02 09:43:57.865,0.86135,0.86155,5.00,11.80
2009.07.02 09:43:58.185,0.86135,0.86155,13.00,8.60
2009.07.02 09:43:58.705,0.86135,0.8615,3.40,3.20
2009.07.02 09:43:59.235,0.86135,0.8615,1.80,3.20
2009.07.02 09:43:59.405,0.86135,0.8615,3.40,3.20
2009.07.02 09:43:59.525,0.86135,0.8615,3.40,2.40
2009.07.02 09:43:59.745,0.86135,0.86155,3.40,6.00
2009.07.02 09:44:00.045,0.86135,0.86155,1.80,7.00
2009.07.02 09:44:00.225,0.86135,0.86145,3.40,3.20
2009.07.02 09:44:00.814,0.86135,0.86145,1.20,3.20
2009.07.02 09:44:05.663,0.86135,0.86145,1.80,3.20
2009.07.02 09:44:09.262,0.86135,0.8615,1.80,4.80
2009.07.02 09:44:09.502,0.86135,0.8615,10.60,1.60
2009.07.02 09:44:09.772,0.86135,0.8615,15.40,1.60
2009.07.02 09:44:09.832,0.86135,0.8615,11.40,1.60
2009.07.02 09:44:10.582,0.86135,0.8615,9.80,1.60
2009.07.02 09:44:18.380,0.86135,0.86155,3.40,2.40
2009.07.02 09:44:18.670,0.86135,0.86155,9.00,2.40
2009.07.02 09:44:19.530,0.86135,0.86155,7.40,2.40
2009.07.02 09:44:19.830,0.86135,0.8615,7.40,1.60
2009.07.02 09:44:20.000,0.86135,0.8615,1.80,1.60
2009.07.02 09:44:22.419,0.8614,0.86155,1.20,6.20
2009.07.02 09:44:22.709,0.8614,0.86155,1.80,3.20
2009.07.02 09:44:22.989,0.8614,0.86155,1.20,3.20
2009.07.02 09:44:23.269,0.8614,0.86155,2.60,3.20
2009.07.02 09:44:25.968,0.8614,0.86155,2.60,11.00
2009.07.02 09:44:26.550,0.8614,0.8615,1.20,1.60
2009.07.02 09:44:26.608,0.8614,0.86145,1.20,3.20
2009.07.02 09:44:27.248,0.8614,0.8615,1.20,3.20
2009.07.02 09:44:43.604,0.86135,0.8615,8.40,3.20
2009.07.02 09:44:44.004,0.86135,0.8615,10.00,3.20
2009.07.02 09:44:44.284,0.86135,0.8615,5.20,3.20
2009.07.02 09:44:45.134,0.86135,0.8615,5.00,3.20
2009.07.02 09:44:45.364,0.86135,0.8615,3.40,3.20
2009.07.02 09:44:45.474,0.86135,0.8615,3.60,3.20
2009.07.02 09:44:55.141,0.86135,0.86155,3.60,4.00
2009.07.02 09:44:56.931,0.86135,0.8615,3.60,3.20
2009.07.02 09:44:58.691,0.86135,0.86155,3.60,3.20
2009.07.02 09:44:58.870,0.8614,0.86155,1.20,3.20
2009.07.02 09:44:59.100,0.86145,0.86155,1.20,3.20
2009.07.02 09:44:59.340,0.86145,0.86155,1.20,3.20
2009.07.02 09:44:59.570,0.8614,0.86155,1.20,3.20
2009.07.02 09:44:59.790,0.8614,0.8615,1.20,3.20
2009.07.02 09:45:03.972,0.8614,0.86145,1.20,3.20
2009.07.02 09:45:04.382,0.8614,0.8615,1.20,3.20
2009.07.02 09:45:09.251,0.8614,0.86155,1.20,5.60
2009.07.02 09:45:09.661,0.8614,0.8615,1.20,3.20
2009.07.02 09:45:15.290,0.86135,0.8615,2.60,4.60
2009.07.02 09:45:15.690,0.8614,0.8615,1.20,3.20
2009.07.02 09:45:19.878,0.86135,0.8615,1.20,4.60
2009.07.02 09:45:20.108,0.86135,0.8615,1.20,3.20
2009.07.02 09:45:25.368,0.8613,0.8614,1.60,3.20
2009.07.02 09:45:25.477,0.8613,0.8614,4.80,3.20
2009.07.02 09:45:25.897,0.86125,0.8614,11.40,3.20
2009.07.02 09:45:26.127,0.86125,0.86135,4.00,3.20
2009.07.02 09:45:26.537,0.8612,0.8613,10.40,3.20
2009.07.02 09:45:27.137,0.8612,0.8613,2.60,3.20
2009.07.02 09:45:29.806,0.8612,0.8613,1.20,3.20
2009.07.02 09:45:30.096,0.86115,0.8613,9.80,3.20
2009.07.02 09:45:30.266,0.8612,0.8613,1.40,3.20
2009.07.02 09:45:31.505,0.8612,0.8613,1.40,5.20
2009.07.02 09:45:31.616,0.8611,0.8612,18.40,1.60
2009.07.02 09:45:31.855,0.8611,0.8612,16.80,3.20
2009.07.02 09:45:34.315,0.8609,0.861,1.40,3.20
2009.07.02 09:45:34.615,0.86085,0.86095,1.80,3.20
2009.07.02 09:45:34.895,0.86085,0.86095,5.00,3.20
2009.07.02 09:45:35.185,0.86085,0.86095,3.40,3.20
2009.07.02 09:45:35.525,0.86085,0.86095,1.20,3.20
2009.07.02 09:45:35.754,0.86085,0.86095,1.80,3.20
2009.07.02 09:45:36.324,0.8608,0.8609,9.00,3.20
2009.07.02 09:45:36.724,0.86075,0.86085,7.20,3.20
2009.07.02 09:45:37.024,0.86075,0.8609,2.40,3.20
2009.07.02 09:45:37.304,0.8608,0.86085,1.40,3.20
2009.07.02 09:45:38.154,0.8608,0.8609,1.40,3.20
2009.07.02 09:45:38.494,0.86075,0.86085,2.40,3.20
2009.07.02 09:45:38.874,0.86075,0.86085,1.80,3.20
2009.07.02 09:45:39.813,0.86075,0.86085,1.20,3.20
2009.07.02 09:45:41.263,0.86075,0.86085,1.40,3.20
2009.07.02 09:45:41.423,0.8607,0.86075,1.00,3.20
2009.07.02 09:45:42.333,0.86065,0.86075,3.20,3.20
2009.07.02 09:45:43.223,0.86065,0.8608,2.40,3.20
2009.07.02 09:45:43.692,0.86065,0.8608,7.00,3.20
2009.07.02 09:45:44.183,0.86065,0.8608,4.80,3.20
2009.07.02 09:45:44.702,0.8606,0.86075,2.60,3.20
2009.07.02 09:45:45.112,0.86055,0.8606,2.10,3.20
2009.07.02 09:45:45.502,0.8606,0.8607,2.80,3.20
2009.07.02 09:45:45.782,0.8606,0.8607,1.60,3.20
2009.07.02 09:45:46.242,0.8606,0.8607,1.20,3.20
2009.07.02 09:45:46.522,0.86055,0.8607,3.60,3.20
2009.07.02 09:45:47.102,0.86055,0.86065,1.80,3.20
2009.07.02 09:45:48.142,0.86055,0.86065,1.20,3.20
2009.07.02 09:45:48.732,0.86055,0.86065,1.80,3.20
2009.07.02 09:45:49.661,0.86055,0.86065,4.40,3.20
2009.07.02 09:45:50.351,0.8606,0.86065,1.60,3.20
2009.07.02 09:45:51.031,0.86065,0.8607,1.00,10.60
2009.07.02 09:45:51.331,0.86065,0.8607,2.80,5.60
2009.07.02 09:45:51.611,0.86075,0.8608,1.20,2.40
2009.07.02 09:45:52.581,0.86075,0.8608,1.20,1.00
2009.07.02 09:45:53.450,0.8607,0.86085,1.60,1.40
2009.07.02 09:45:54.080,0.8607,0.86085,8.40,1.40
2009.07.02 09:45:54.440,0.86075,0.86085,1.20,3.20
2009.07.02 09:45:55.410,0.8607,0.86085,2.60,3.00
2009.07.02 09:45:55.580,0.8607,0.86085,2.60,4.60
2009.07.02 09:45:55.800,0.8607,0.86085,2.60,4.60
2009.07.02 09:45:56.140,0.8607,0.86085,2.60,1.40
2009.07.02 09:45:56.379,0.8607,0.86085,2.60,1.40
2009.07.02 09:45:57.139,0.86065,0.8607,1.60,3.20
2009.07.02 09:45:57.579,0.8606,0.86075,16.40,3.00
2009.07.02 09:45:57.859,0.86065,0.86075,4.20,5.40
2009.07.02 09:45:58.259,0.86065,0.86075,1.80,3.20
2009.07.02 09:45:58.599,0.86065,0.8608,3.40,3.20
2009.07.02 09:45:58.999,0.86065,0.8608,6.00,3.20
2009.07.02 09:45:59.409,0.86065,0.8608,8.20,3.20
2009.07.02 09:46:00.459,0.8607,0.86085,5.00,1.60
2009.07.02 09:46:00.879,0.8607,0.8609,8.80,3.20
2009.07.02 09:46:01.288,0.86075,0.86085,1.00,3.20
2009.07.02 09:46:01.578,0.86075,0.8609,2.60,3.20
2009.07.02 09:46:01.878,0.86075,0.8609,4.20,3.20
2009.07.02 09:46:02.388,0.86075,0.8609,6.00,3.20
2009.07.02 09:46:02.568,0.86075,0.8609,4.20,3.20
2009.07.02 09:46:03.828,0.8608,0.8609,2.00,3.20
2009.07.02 09:46:04.048,0.8608,0.8609,3.60,3.20
2009.07.02 09:46:04.518,0.8608,0.8609,5.80,5.00
2009.07.02 09:46:05.087,0.8608,0.8609,1.60,5.00
2009.07.02 09:46:05.377,0.8608,0.8609,3.40,5.00
2009.07.02 09:46:05.777,0.8608,0.8609,5.00,5.00
2009.07.02 09:46:05.957,0.8608,0.8609,8.40,5.00
2009.07.02 09:46:06.369,0.8608,0.8609,5.20,5.00
2009.07.02 09:46:07.187,0.8608,0.8609,2.60,5.00
2009.07.02 09:46:08.087,0.86085,0.8609,1.20,5.00
2009.07.02 09:46:08.606,0.86085,0.86095,1.20,8.20
2009.07.02 09:46:08.896,0.8608,0.86095,5.00,8.20
2009.07.02 09:46:09.176,0.8608,0.86085,3.40,3.20
2009.07.02 09:46:09.586,0.8608,0.8609,8.00,3.20
2009.07.02 09:46:09.696,0.8608,0.86095,9.60,8.20
2009.07.02 09:46:10.036,0.8608,0.86095,8.00,8.20
2009.07.02 09:46:10.316,0.8608,0.86095,10.40,8.20
2009.07.02 09:46:10.426,0.86075,0.86095,8.00,10.40
2009.07.02 09:46:10.946,0.8608,0.8609,9.60,6.60
2009.07.02 09:46:11.246,0.8608,0.8609,8.40,5.00
2009.07.02 09:46:11.546,0.8608,0.8609,9.60,5.00
2009.07.02 09:46:12.285,0.8608,0.8609,8.00,5.00
2009.07.02 09:46:13.545,0.8608,0.8609,6.80,5.00
2009.07.02 09:46:13.765,0.8608,0.8609,8.00,5.00
2009.07.02 09:46:18.084,0.8608,0.8609,2.60,9.60
2009.07.02 09:46:18.544,0.8608,0.8609,1.40,9.60
2009.07.02 09:46:18.774,0.86075,0.8609,2.60,9.60
2009.07.02 09:46:18.944,0.86075,0.86085,1.20,1.60
2009.07.02 09:46:19.354,0.86075,0.8609,1.20,8.00
2009.07.02 09:46:19.744,0.86075,0.8609,1.20,9.60
2009.07.02 09:46:20.144,0.8607,0.8609,11.40,9.60
2009.07.02 09:46:20.204,0.8607,0.86085,5.00,4.60
2009.07.02 09:46:20.314,0.86075,0.86085,1.20,3.00
2009.07.02 09:46:20.484,0.8607,0.8608,2.20,3.20
2009.07.02 09:46:20.603,0.8607,0.8608,2.60,3.20
2009.07.02 09:46:21.153,0.8607,0.8608,1.40,3.20
2009.07.02 09:46:22.103,0.86065,0.86075,1.60,1.40
2009.07.02 09:46:22.163,0.8606,0.8608,6.60,5.40
2009.07.02 09:46:22.223,0.8606,0.86075,4.20,1.40
2009.07.02 09:46:22.513,0.8606,0.86075,4.20,4.60
2009.07.02 09:46:22.573,0.8606,0.8607,1.40,1.40
2009.07.02 09:46:22.743,0.86055,0.8607,1.20,4.60
2009.07.02 09:46:23.093,0.86055,0.86065,1.20,3.20
2009.07.02 09:46:24.783,0.8605,0.86065,5.00,3.20
2009.07.02 09:46:24.902,0.8605,0.86065,4.20,3.20
2009.07.02 09:46:25.243,0.86055,0.86065,1.20,3.20
2009.07.02 09:46:25.882,0.8605,0.86065,5.00,3.20
2009.07.02 09:46:26.222,0.8605,0.86065,3.40,3.20
2009.07.02 09:46:27.972,0.8605,0.86065,5.00,3.20
2009.07.02 09:46:28.082,0.8605,0.86065,6.40,3.20
2009.07.02 09:46:28.262,0.8606,0.86065,1.20,1.60
2009.07.02 09:46:28.592,0.8606,0.8607,1.20,3.20
2009.07.02 09:46:28.942,0.8606,0.86075,1.20,3.20
2009.07.02 09:46:29.002,0.8606,0.86075,1.20,9.40
2009.07.02 09:46:29.351,0.8606,0.8607,1.20,3.20
2009.07.02 09:46:40.159,0.8607,0.8608,1.20,1.60
2009.07.02 09:46:40.439,0.8607,0.86085,1.80,6.20
2009.07.02 09:46:40.549,0.8607,0.86085,1.80,4.60
2009.07.02 09:46:40.659,0.8607,0.86085,1.20,4.60
2009.07.02 09:46:40.769,0.8607,0.86085,1.80,3.20
2009.07.02 09:46:41.059,0.8607,0.86085,3.40,3.20
2009.07.02 09:46:43.258,0.8607,0.8608,3.40,3.20
2009.07.02 09:46:43.428,0.8607,0.8608,2.60,3.20
2009.07.02 09:46:43.538,0.8607,0.86085,1.20,3.20
2009.07.02 09:46:49.827,0.86065,0.86075,2.60,3.20
2009.07.02 09:46:50.046,0.86075,0.8608,1.20,2.40
2009.07.02 09:46:50.516,0.8607,0.86075,1.70,1.60
2009.07.02 09:46:50.626,0.8607,0.86085,2.60,3.20
2009.07.02 09:46:50.857,0.86075,0.8608,1.20,3.20
2009.07.02 09:46:51.156,0.86075,0.86085,1.20,3.20
2009.07.02 09:46:53.336,0.8607,0.8608,2.60,3.20
2009.07.02 09:46:53.505,0.8607,0.8608,5.00,3.20
2009.07.02 09:46:53.626,0.86075,0.86085,1.20,3.80
2009.07.02 09:46:53.975,0.86075,0.86085,1.20,3.20
2009.07.02 09:46:59.154,0.8607,0.86085,3.40,3.20
2009.07.02 09:46:59.614,0.8607,0.86085,2.60,3.20
2009.07.02 09:47:00.414,0.8607,0.8608,2.60,3.20
2009.07.02 09:47:03.073,0.8607,0.8608,3.40,3.20
2009.07.02 09:47:03.533,0.8607,0.86085,3.40,3.20
2009.07.02 09:47:03.823,0.8607,0.8608,2.60,3.20
2009.07.02 09:47:04.113,0.8607,0.8608,3.40,3.20
2009.07.02 09:47:04.473,0.8607,0.86085,3.40,3.20
2009.07.02 09:47:04.863,0.8607,0.8608,3.40,3.20
2009.07.02 09:47:05.213,0.8607,0.8608,3.60,3.20
2009.07.02 09:47:05.563,0.8607,0.86085,4.00,3.20
2009.07.02 09:47:06.033,0.8607,0.86085,6.40,3.20
2009.07.02 09:47:06.262,0.8607,0.8608,4.20,3.20
2009.07.02 09:47:06.673,0.8607,0.8608,1.20,3.20
2009.07.02 09:47:06.903,0.86065,0.8608,7.00,12.80
2009.07.02 09:47:07.292,0.8606,0.8607,1.60,1.40
2009.07.02 09:47:07.762,0.86055,0.86075,1.80,4.00
2009.07.02 09:47:07.813,0.86055,0.8607,1.20,3.20
2009.07.02 09:47:08.112,0.86055,0.86065,1.20,3.20
2009.07.02 09:47:08.992,0.8605,0.86065,9.00,3.20
2009.07.02 09:47:09.412,0.8605,0.86065,7.40,3.20
2009.07.02 09:47:09.932,0.8605,0.86065,5.80,3.20
2009.07.02 09:47:10.881,0.8605,0.8606,5.80,3.20
2009.07.02 09:47:11.161,0.8605,0.8606,1.20,3.20
2009.07.02 09:47:13.811,0.86045,0.8606,12.80,3.20
2009.07.02 09:47:14.041,0.86045,0.8606,16.00,3.20
2009.07.02 09:47:18.200,0.86055,0.8607,6.80,1.60
2009.07.02 09:47:18.480,0.8606,0.86075,1.00,3.20
2009.07.02 09:47:18.990,0.86055,0.8608,9.40,10.20
2009.07.02 09:47:19.370,0.86065,0.8608,1.00,6.80
2009.07.02 09:47:20.179,0.86065,0.8608,1.00,2.00
2009.07.02 09:47:26.258,0.86055,0.8607,8.40,1.40
2009.07.02 09:47:26.308,0.86055,0.8607,2.60,1.40
2009.07.02 09:47:26.548,0.86055,0.8607,2.60,3.00
2009.07.02 09:47:26.608,0.86055,0.8607,1.20,4.60
2009.07.02 09:47:26.897,0.86055,0.8607,1.20,8.40
2009.07.02 09:47:27.408,0.86055,0.8607,1.80,8.40
2009.07.02 09:47:27.708,0.86055,0.8607,3.40,3.20
2009.07.02 09:47:28.117,0.86055,0.8607,3.40,1.60
2009.07.02 09:47:28.397,0.8606,0.86075,1.80,1.00
2009.07.02 09:47:28.687,0.8606,0.86075,1.80,2.00
2009.07.02 09:47:28.987,0.86055,0.8607,2.00,3.00
2009.07.02 09:47:29.507,0.86055,0.86075,4.00,6.80
2009.07.02 09:47:30.027,0.86065,0.8608,1.20,7.00
2009.07.02 09:47:30.327,0.8606,0.8608,1.60,1.40
2009.07.02 09:47:30.497,0.8606,0.8608,11.60,1.40
2009.07.02 09:47:30.677,0.86065,0.86085,1.00,8.60
2009.07.02 09:47:30.857,0.86065,0.86085,2.80,8.60
2009.07.02 09:47:31.197,0.86065,0.86075,1.60,6.20
2009.07.02 09:47:31.377,0.8606,0.8607,7.60,1.60
2009.07.02 09:47:31.657,0.86065,0.86075,1.00,1.40
2009.07.02 09:47:31.886,0.8606,0.8608,8.20,2.20
2009.07.02 09:47:32.116,0.86065,0.86085,1.00,10.20
2009.07.02 09:47:33.466,0.8606,0.86075,4.00,3.20
2009.07.02 09:47:33.806,0.8606,0.86075,1.60,3.20
2009.07.02 09:47:33.926,0.8606,0.86075,2.60,3.20
2009.07.02 09:47:34.636,0.8606,0.8607,2.60,3.20
2009.07.02 09:47:34.926,0.8606,0.86075,2.60,3.20
2009.07.02 09:47:35.266,0.8606,0.86075,2.60,9.40
2009.07.02 09:47:35.446,0.8606,0.86075,4.80,3.20
2009.07.02 09:47:35.565,0.8606,0.86075,4.20,3.20
2009.07.02 09:47:35.915,0.8606,0.86075,4.80,3.20
2009.07.02 09:47:37.345,0.8606,0.86075,4.80,9.40
2009.07.02 09:47:37.585,0.8606,0.86075,3.20,9.40
2009.07.02 09:47:37.705,0.8606,0.86075,4.80,9.40
2009.07.02 09:47:37.985,0.8606,0.86075,4.80,3.20
2009.07.02 09:47:38.675,0.8606,0.86075,5.60,3.20
2009.07.02 09:47:38.955,0.8606,0.86075,2.60,3.20
2009.07.02 09:47:39.355,0.8606,0.86075,2.60,3.20
2009.07.02 09:47:39.685,0.8606,0.86075,2.00,3.20
2009.07.02 09:47:40.214,0.8606,0.86075,5.60,3.20
2009.07.02 09:47:40.844,0.8606,0.86065,4.20,3.20
2009.07.02 09:47:41.414,0.8606,0.86065,1.20,3.20
2009.07.02 09:47:41.894,0.86055,0.86065,5.80,3.20
2009.07.02 09:47:42.174,0.8606,0.8607,2.20,3.20
2009.07.02 09:47:42.534,0.8606,0.86075,3.40,3.80
2009.07.02 09:47:43.064,0.8606,0.86075,4.80,6.20
2009.07.02 09:47:43.364,0.8606,0.86075,4.80,4.60
2009.07.02 09:47:43.844,0.8606,0.86075,7.20,4.60
2009.07.02 09:47:44.254,0.8606,0.86075,8.80,3.20
2009.07.02 09:47:44.793,0.86065,0.86075,1.00,3.20
2009.07.02 09:47:45.153,0.86065,0.86075,1.00,3.20
2009.07.02 09:47:45.503,0.8606,0.86065,2.60,3.20
2009.07.02 09:47:46.073,0.8606,0.8607,1.60,3.20
2009.07.02 09:47:46.394,0.8606,0.86075,2.60,3.80
2009.07.02 09:47:46.963,0.8606,0.86075,1.20,7.00
2009.07.02 09:47:47.303,0.8606,0.86075,3.20,6.20
2009.07.02 09:47:47.633,0.8606,0.86075,3.20,6.20
2009.07.02 09:47:48.712,0.8606,0.86075,1.20,6.20
2009.07.02 09:47:48.982,0.8606,0.86075,2.60,6.20
2009.07.02 09:47:51.841,0.8606,0.86075,2.60,3.20
2009.07.02 09:47:52.532,0.8606,0.86075,5.00,3.20
2009.07.02 09:47:52.942,0.8606,0.86075,6.40,3.20
2009.07.02 09:47:55.491,0.8606,0.86075,5.00,3.20
2009.07.02 09:47:55.671,0.86065,0.86075,1.20,3.20
2009.07.02 09:48:01.809,0.86065,0.86075,1.20,3.20
2009.07.02 09:48:02.039,0.8606,0.86075,8.40,3.20
2009.07.02 09:48:02.339,0.8606,0.86075,6.80,3.20
2009.07.02 09:48:03.419,0.8606,0.86075,5.20,3.20
2009.07.02 09:48:04.558,0.8606,0.86075,5.00,3.20
2009.07.02 09:48:04.728,0.8606,0.86075,2.60,3.20
2009.07.02 09:48:05.179,0.8606,0.8607,2.60,3.20
2009.07.02 09:48:06.868,0.86065,0.8608,1.20,2.20
2009.07.02 09:48:07.038,0.86065,0.8608,2.00,2.20
2009.07.02 09:48:07.278,0.86065,0.8608,2.80,7.20
2009.07.02 09:48:07.579,0.8607,0.86085,3.60,3.80
2009.07.02 09:48:07.908,0.86065,0.86085,3.40,5.40
2009.07.02 09:48:08.208,0.86065,0.8608,1.20,3.80
2009.07.02 09:48:08.508,0.86065,0.8608,1.20,7.00
2009.07.02 09:48:09.187,0.86065,0.8608,1.20,3.80
2009.07.02 09:48:12.926,0.86065,0.8608,1.20,7.00
2009.07.02 09:48:13.316,0.86065,0.8608,1.20,3.80
2009.07.02 09:48:15.236,0.86065,0.86075,1.20,1.40
2009.07.02 09:48:15.356,0.86065,0.8608,1.20,8.60
2009.07.02 09:48:15.806,0.86065,0.8608,1.20,7.00
2009.07.02 09:48:18.285,0.86065,0.8608,1.20,2.20
2009.07.02 09:48:22.974,0.86065,0.86075,1.20,1.40
2009.07.02 09:48:23.084,0.86065,0.8608,1.20,2.20
2009.07.02 09:48:23.354,0.86065,0.8608,1.20,5.40
2009.07.02 09:48:23.754,0.86065,0.8608,1.20,3.80
2009.07.02 09:48:23.975,0.86065,0.8608,1.20,3.00
2009.07.02 09:48:24.494,0.86065,0.8608,1.20,3.80
2009.07.02 09:48:24.844,0.86065,0.8608,1.20,3.00
2009.07.02 09:48:28.293,0.86065,0.8608,1.20,3.80
2009.07.02 09:48:28.683,0.86065,0.8608,2.60,3.00
2009.07.02 09:48:29.282,0.8607,0.86075,1.20,3.20
2009.07.02 09:48:29.673,0.86075,0.86085,1.20,3.20
2009.07.02 09:48:30.062,0.86075,0.86085,1.20,4.60
2009.07.02 09:48:34.751,0.86075,0.86085,1.20,3.20
2009.07.02 09:48:35.132,0.8608,0.86085,1.20,3.20
2009.07.02 09:48:35.581,0.8608,0.8609,1.20,3.20
2009.07.02 09:48:36.051,0.86075,0.8608,4.20,3.20
2009.07.02 09:48:36.281,0.86075,0.8609,1.80,3.20
2009.07.02 09:48:36.841,0.8608,0.8609,1.20,3.20
2009.07.02 09:48:37.081,0.8608,0.8609,2.60,3.20
2009.07.02 09:48:37.491,0.8608,0.86085,2.60,3.20
2009.07.02 09:48:41.010,0.8608,0.86085,1.20,3.20
2009.07.02 09:48:43.769,0.8608,0.86085,2.60,3.20
2009.07.02 09:48:43.939,0.8608,0.8609,2.60,3.20
2009.07.02 09:48:45.609,0.86085,0.8609,1.20,3.20
2009.07.02 09:48:46.368,0.86085,0.86095,1.20,3.20
2009.07.02 09:48:46.768,0.86085,0.8609,1.20,3.20
2009.07.02 09:48:47.518,0.8608,0.86095,8.60,4.60
2009.07.02 09:48:47.688,0.8608,0.8609,7.00,3.20
2009.07.02 09:48:47.968,0.8608,0.8609,6.00,3.20
2009.07.02 09:48:48.148,0.8608,0.8609,2.60,3.20
2009.07.02 09:48:49.997,0.8608,0.86095,2.60,7.80
2009.07.02 09:48:50.118,0.8608,0.86095,2.60,7.80
2009.07.02 09:48:51.447,0.8608,0.86095,2.60,7.80
2009.07.02 09:48:51.797,0.86085,0.86095,1.20,4.60
2009.07.02 09:48:57.756,0.86085,0.8609,1.20,6.20
2009.07.02 09:48:57.817,0.86075,0.8609,10.20,7.80
2009.07.02 09:48:58.046,0.8609,0.86095,1.20,1.00
2009.07.02 09:48:58.336,0.86085,0.86095,4.20,3.20
2009.07.02 09:48:58.666,0.8608,0.861,10.00,4.00
2009.07.02 09:48:58.956,0.86085,0.86095,1.20,3.20
2009.07.02 09:48:59.355,0.86085,0.8609,1.20,3.20
2009.07.02 09:48:59.765,0.8608,0.86095,5.00,4.60
2009.07.02 09:49:02.335,0.8608,0.861,6.80,13.40
2009.07.02 09:49:02.625,0.8608,0.86095,2.80,1.40
2009.07.02 09:49:02.964,0.8608,0.861,8.40,13.40
2009.07.02 09:49:03.294,0.8608,0.861,8.20,13.40
2009.07.02 09:49:05.754,0.8608,0.861,8.40,13.40
2009.07.02 09:49:06.265,0.86085,0.861,1.20,13.40
2009.07.02 09:49:06.554,0.8608,0.86095,5.80,1.40
2009.07.02 09:49:06.854,0.8608,0.86095,4.20,6.20
2009.07.02 09:49:07.244,0.8608,0.86095,2.60,4.60
2009.07.02 09:49:08.253,0.8608,0.8609,2.60,4.60
2009.07.02 09:49:09.063,0.8608,0.8609,1.20,1.40
2009.07.02 09:49:09.453,0.8608,0.8609,1.20,4.60
2009.07.02 09:49:10.982,0.86075,0.8609,1.00,4.60
2009.07.02 09:49:11.322,0.8607,0.8608,5.00,3.00
2009.07.02 09:49:11.432,0.8607,0.8608,5.00,4.60
2009.07.02 09:49:11.712,0.86075,0.86085,1.20,3.20
2009.07.02 09:49:19.550,0.86075,0.8608,1.20,3.20
2009.07.02 09:49:48.383,0.86075,0.8608,1.20,3.20
2009.07.02 09:49:49.803,0.86075,0.86085,1.20,3.20
2009.07.02 09:49:53.172,0.86075,0.8609,1.20,3.20
2009.07.02 09:49:53.402,0.86075,0.86085,1.20,3.20
2009.07.02 09:49:54.102,0.86075,0.86085,1.80,3.20
2009.07.02 09:49:54.272,0.86075,0.86085,8.60,3.20
2009.07.02 09:49:54.502,0.8608,0.86085,1.20,3.20
2009.07.02 09:49:54.852,0.86085,0.8609,1.20,3.80
2009.07.02 09:49:55.202,0.86085,0.86095,1.20,6.20
2009.07.02 09:49:55.562,0.8608,0.86095,1.20,14.20
2009.07.02 09:49:55.792,0.8608,0.8609,1.20,4.60
2009.07.02 09:49:56.781,0.8608,0.8609,1.20,3.20
2009.07.02 09:49:57.201,0.86085,0.86095,1.20,8.60
2009.07.02 09:49:57.601,0.8608,0.86085,4.40,3.20
2009.07.02 09:49:57.991,0.8608,0.86095,1.20,7.80
2009.07.02 09:49:58.511,0.8608,0.86095,1.20,8.60
2009.07.02 09:49:59.181,0.8608,0.8609,1.20,6.40
2009.07.02 09:49:59.591,0.8608,0.8609,1.20,5.40
2009.07.02 09:49:59.811,0.8608,0.86095,1.20,4.00
2009.07.02 09:50:00.481,0.8608,0.86095,1.20,3.20
2009.07.02 09:50:05.549,0.8608,0.86085,1.20,3.20
2009.07.02 09:50:05.899,0.86075,0.8608,1.20,3.20
2009.07.02 09:50:08.160,0.86075,0.8608,1.20,3.20
2009.07.02 09:50:08.449,0.86075,0.86085,1.20,3.20
2009.07.02 09:50:09.299,0.8607,0.8608,15.40,3.20
2009.07.02 09:50:09.578,0.86075,0.86085,1.20,3.20
2009.07.02 09:50:09.988,0.86075,0.8608,1.20,3.20
2009.07.02 09:50:14.627,0.86075,0.86085,1.20,3.20
2009.07.02 09:50:15.348,0.86075,0.8608,1.20,3.20
2009.07.02 09:50:16.037,0.86075,0.86085,1.20,3.20
2009.07.02 09:50:17.017,0.86075,0.8609,1.20,5.20
2009.07.02 09:50:17.357,0.86075,0.86085,1.20,3.20
2009.07.02 09:50:19.496,0.86075,0.8608,1.20,3.20
2009.07.02 09:50:20.986,0.8607,0.8608,1.20,3.20
2009.07.02 09:50:22.855,0.86075,0.8608,1.20,3.20
2009.07.02 09:50:23.645,0.8607,0.8608,1.20,3.20
2009.07.02 09:50:27.274,0.8607,0.8608,2.60,3.20
2009.07.02 09:50:35.842,0.8607,0.8608,3.40,3.20
2009.07.02 09:50:36.542,0.86075,0.8608,1.00,3.20
2009.07.02 09:50:36.772,0.86075,0.86085,1.00,13.80
2009.07.02 09:50:36.992,0.8607,0.86085,5.00,12.20
2009.07.02 09:50:37.342,0.86075,0.8609,2.60,3.20
2009.07.02 09:50:37.742,0.8608,0.86085,1.20,3.20
2009.07.02 09:50:38.262,0.8608,0.8609,1.20,3.20
2009.07.02 09:50:39.981,0.86075,0.86085,1.80,3.20
2009.07.02 09:50:40.261,0.86075,0.8609,1.20,3.20
2009.07.02 09:50:40.481,0.86075,0.8609,1.20,3.20
2009.07.02 09:50:41.341,0.86085,0.8609,1.20,3.20
2009.07.02 09:50:41.861,0.8608,0.8609,1.20,3.20
2009.07.02 09:50:42.930,0.8608,0.86085,1.20,3.20
2009.07.02 09:50:43.270,0.8608,0.8609,1.20,3.20
2009.07.02 09:50:47.979,0.8608,0.86095,2.60,4.60
2009.07.02 09:50:48.089,0.86075,0.8609,8.20,4.60
2009.07.02 09:50:48.319,0.86075,0.86085,7.40,3.20
2009.07.02 09:50:48.619,0.8607,0.86085,11.40,3.20
2009.07.02 09:50:48.979,0.8607,0.86085,7.40,3.20
2009.07.02 09:50:49.449,0.8607,0.86085,1.20,3.20
2009.07.02 09:50:50.019,0.86075,0.86085,1.20,3.20
2009.07.02 09:50:50.649,0.86075,0.8609,1.20,14.80
2009.07.02 09:50:50.990,0.86075,0.86085,1.20,3.20
2009.07.02 09:50:51.748,0.86075,0.86085,1.80,3.20
2009.07.02 09:50:52.148,0.8608,0.8609,1.00,3.20
2009.07.02 09:50:52.308,0.8608,0.8609,2.00,3.20
2009.07.02 09:50:52.548,0.8608,0.8609,5.20,3.20
2009.07.02 09:50:53.008,0.8608,0.8609,4.60,3.20
2009.07.02 09:50:53.128,0.86075,0.86085,4.20,3.20
2009.07.02 09:50:53.238,0.86075,0.86085,1.20,3.20
2009.07.02 09:50:53.458,0.8608,0.86085,1.20,3.20
2009.07.02 09:50:53.568,0.8608,0.8609,1.20,3.80
2009.07.02 09:50:53.688,0.8608,0.8609,1.20,3.20
2009.07.02 09:50:53.868,0.86075,0.8609,6.60,3.20
2009.07.02 09:50:54.048,0.86075,0.8609,1.80,3.20
2009.07.02 09:50:54.728,0.86075,0.86085,1.20,3.20
2009.07.02 09:50:55.027,0.86075,0.8609,1.80,3.20
2009.07.02 09:50:55.947,0.8607,0.86085,11.40,3.20
2009.07.02 09:50:56.167,0.8607,0.86085,5.00,3.20
2009.07.02 09:50:56.227,0.86075,0.86085,1.20,3.20
2009.07.02 09:51:02.106,0.8607,0.86085,8.20,3.20
2009.07.02 09:51:02.326,0.8607,0.86085,5.00,3.20
2009.07.02 09:51:02.725,0.8607,0.86085,9.00,3.20
2009.07.02 09:51:03.006,0.8607,0.86085,5.00,3.20
2009.07.02 09:51:06.225,0.8607,0.86085,8.20,3.20
2009.07.02 09:51:06.405,0.8607,0.86085,3.40,3.20
2009.07.02 09:51:06.864,0.8607,0.86085,5.00,3.20
2009.07.02 09:51:06.985,0.86075,0.86085,1.20,3.20
2009.07.02 09:51:10.404,0.86075,0.8608,1.20,3.20
2009.07.02 09:51:10.584,0.86075,0.86085,1.20,3.20
2009.07.02 09:51:15.113,0.86075,0.8608,1.20,3.20
2009.07.02 09:51:15.283,0.8608,0.8609,1.20,3.20
2009.07.02 09:51:15.622,0.8608,0.8609,1.20,4.60
2009.07.02 09:51:17.582,0.8608,0.8609,1.20,3.20
2009.07.02 09:51:17.812,0.8608,0.8609,2.60,4.60
2009.07.02 09:51:18.042,0.8608,0.86095,2.60,16.60
2009.07.02 09:51:18.332,0.8608,0.8609,2.60,3.20
2009.07.02 09:51:18.612,0.8608,0.8609,1.20,3.20
2009.07.02 09:51:18.732,0.86085,0.8609,1.20,3.20
2009.07.02 09:51:18.791,0.86085,0.86095,1.20,9.40
2009.07.02 09:51:19.072,0.8608,0.86095,2.60,9.40
2009.07.02 09:51:19.182,0.8608,0.86095,2.60,11.80
2009.07.02 09:51:19.471,0.8608,0.86095,2.60,2.20
2009.07.02 09:51:20.561,0.8608,0.8609,2.60,4.60
2009.07.02 09:51:20.791,0.8608,0.8609,2.60,3.20
2009.07.02 09:51:24.230,0.86075,0.86085,1.20,3.20
2009.07.02 09:51:25.780,0.86075,0.86085,1.20,9.40
2009.07.02 09:51:26.120,0.86075,0.86085,1.20,3.20
2009.07.02 09:51:26.710,0.86075,0.86085,1.20,3.20
2009.07.02 09:51:36.888,0.86075,0.86085,1.20,4.60
2009.07.02 09:51:37.287,0.86075,0.86085,1.20,4.60
2009.07.02 09:51:38.767,0.8608,0.86085,1.20,3.20
2009.07.02 09:51:39.187,0.8608,0.8609,1.40,3.80
2009.07.02 09:51:39.527,0.86075,0.86085,1.20,3.20
2009.07.02 09:51:40.157,0.86075,0.8608,1.20,3.20
2009.07.02 09:51:45.116,0.8607,0.8608,5.80,3.20
2009.07.02 09:51:56.843,0.8607,0.8608,5.80,3.20
2009.07.02 09:51:57.132,0.86075,0.8608,1.20,3.20
2009.07.02 09:51:59.452,0.86075,0.86085,1.20,3.20
2009.07.02 09:52:01.172,0.86075,0.8608,1.20,3.20
2009.07.02 09:52:12.609,0.86075,0.86085,1.20,3.20
2009.07.02 09:52:25.476,0.86075,0.8608,1.20,3.20
2009.07.02 09:52:27.836,0.86075,0.86085,1.20,3.20
2009.07.02 09:52:31.304,0.8608,0.86085,1.00,3.20
2009.07.02 09:52:31.644,0.8608,0.86085,1.20,3.20
2009.07.02 09:52:34.323,0.86075,0.86085,2.00,4.60
2009.07.02 09:52:34.424,0.86075,0.86085,2.00,3.20
2009.07.02 09:52:34.644,0.8608,0.86085,2.00,3.20
2009.07.02 09:52:34.994,0.8608,0.8609,2.00,5.40
2009.07.02 09:52:39.992,0.8608,0.8609,2.00,5.20
2009.07.02 09:52:40.273,0.8608,0.8609,2.00,3.80
2009.07.02 09:52:40.432,0.8608,0.8609,2.00,5.40
2009.07.02 09:52:40.782,0.8608,0.8609,2.00,4.00
2009.07.02 09:52:40.892,0.8608,0.8609,2.00,5.40
2009.07.02 09:52:41.842,0.8608,0.8609,2.00,4.00
2009.07.02 09:52:42.141,0.8608,0.86085,2.00,3.20
2009.07.02 09:52:44.731,0.8608,0.86085,2.00,3.20
2009.07.02 09:52:44.901,0.8608,0.86085,2.00,3.20
2009.07.02 09:52:45.191,0.86075,0.8609,5.20,3.80
2009.07.02 09:52:45.781,0.86075,0.8609,7.80,3.20
2009.07.02 09:52:49.580,0.86085,0.8609,1.20,3.20
2009.07.02 09:52:57.738,0.8609,0.86095,1.20,4.30
2009.07.02 09:52:58.078,0.86085,0.8609,1.20,3.20
2009.07.02 09:52:59.577,0.86085,0.86095,1.20,3.20
2009.07.02 09:53:01.407,0.86085,0.8609,1.20,3.20
2009.07.02 09:53:01.967,0.86085,0.86095,1.20,3.20
2009.07.02 09:53:02.977,0.86085,0.8609,1.20,3.20
2009.07.02 09:53:03.786,0.8608,0.8609,9.40,3.20
2009.07.02 09:53:03.966,0.8608,0.8609,9.20,3.20
2009.07.02 09:53:04.616,0.8608,0.8609,8.40,3.20
2009.07.02 09:53:08.835,0.8608,0.8609,3.60,3.20
2009.07.02 09:53:12.994,0.8608,0.8609,3.60,3.80
2009.07.02 09:53:13.734,0.8608,0.8609,3.60,3.20
2009.07.02 09:53:17.873,0.8608,0.8609,2.40,3.20
2009.07.02 09:53:18.163,0.8608,0.8609,1.20,4.60
2009.07.02 09:53:18.443,0.8608,0.8609,1.20,3.20
2009.07.02 09:53:18.733,0.8608,0.8609,1.20,11.00
2009.07.02 09:53:19.003,0.8608,0.8609,1.20,11.80
2009.07.02 09:53:19.233,0.8607,0.8608,3.10,3.20
2009.07.02 09:53:36.089,0.8607,0.8608,10.40,3.20
2009.07.02 09:53:36.499,0.8607,0.8608,9.20,3.20
2009.07.02 09:53:36.779,0.8607,0.8608,10.40,3.20
2009.07.02 09:53:38.038,0.86065,0.8607,1.60,3.20
2009.07.02 09:53:38.378,0.8606,0.86075,1.60,3.20
2009.07.02 09:53:38.828,0.8606,0.8607,1.40,3.20
2009.07.02 09:53:40.348,0.8606,0.8607,1.20,3.20
2009.07.02 09:53:40.688,0.86055,0.8607,1.20,3.20
2009.07.02 09:53:41.028,0.86055,0.8607,2.60,3.20
2009.07.02 09:53:41.497,0.8606,0.8607,1.20,3.20
2009.07.02 09:53:41.787,0.8606,0.8607,4.60,3.20
2009.07.02 09:53:44.797,0.8606,0.86075,3.60,3.20
2009.07.02 09:53:45.317,0.86065,0.86075,1.20,3.20
2009.07.02 09:53:50.475,0.8606,0.8607,2.60,3.20
2009.07.02 09:53:52.645,0.86065,0.86075,1.20,3.20
2009.07.02 09:53:53.204,0.86065,0.86075,6.60,3.20
2009.07.02 09:53:53.424,0.86065,0.86075,3.40,3.20
2009.07.02 09:53:53.664,0.86065,0.86075,1.80,3.20
2009.07.02 09:53:55.074,0.8607,0.86075,1.20,3.20
2009.07.02 09:53:55.924,0.86065,0.86075,1.20,3.20
2009.07.02 09:53:56.104,0.8606,0.86075,12.20,3.20
2009.07.02 09:53:56.434,0.8606,0.8607,7.40,3.20
2009.07.02 09:53:56.774,0.8606,0.8607,1.40,3.20
2009.07.02 09:53:57.293,0.8606,0.8607,2.60,3.20
2009.07.02 09:53:57.634,0.86055,0.8607,5.00,3.20
2009.07.02 09:53:57.983,0.86055,0.8607,1.80,3.20
2009.07.02 09:53:58.643,0.86055,0.8607,1.20,3.20
2009.07.02 09:53:58.933,0.86055,0.8607,1.80,3.20
2009.07.02 09:54:06.182,0.86055,0.8607,1.20,3.20
2009.07.02 09:54:06.761,0.86055,0.8607,1.80,3.20
2009.07.02 09:54:11.330,0.8606,0.8607,1.20,3.20
2009.07.02 09:54:11.680,0.8606,0.8607,2.60,3.20
2009.07.02 09:54:11.960,0.8606,0.86075,1.40,3.20
2009.07.02 09:54:12.250,0.86055,0.8607,9.80,3.20
2009.07.02 09:54:13.180,0.86055,0.86065,9.00,3.20
2009.07.02 09:54:13.530,0.86055,0.86065,1.20,3.20
2009.07.02 09:54:16.199,0.86055,0.8607,1.20,3.20
2009.07.02 09:54:16.939,0.86055,0.8607,1.20,5.40
2009.07.02 09:54:23.657,0.86055,0.8607,1.20,4.00
2009.07.02 09:54:23.707,0.86055,0.8607,1.20,3.80
2009.07.02 09:54:31.025,0.86055,0.86065,1.20,3.20
2009.07.02 09:54:31.245,0.86055,0.8607,1.20,3.20
2009.07.02 09:54:31.355,0.86055,0.8607,1.80,3.20
2009.07.02 09:54:34.115,0.86055,0.8607,1.20,3.20
2009.07.02 09:54:37.624,0.86055,0.8607,5.80,3.20
2009.07.02 09:54:37.984,0.86055,0.8607,6.60,3.20
2009.07.02 09:54:38.264,0.86055,0.8607,1.80,3.20
2009.07.02 09:54:38.894,0.86055,0.8607,6.60,3.20
2009.07.02 09:54:39.233,0.86055,0.8607,5.00,3.20
2009.07.02 09:54:39.474,0.86055,0.8607,1.80,3.20
2009.07.02 09:54:44.002,0.86055,0.86065,1.20,3.20
2009.07.02 09:54:45.552,0.8605,0.86065,4.20,3.20
2009.07.02 09:54:45.852,0.8605,0.86065,5.00,3.20
2009.07.02 09:54:48.301,0.86055,0.86065,1.20,3.20
2009.07.02 09:54:50.751,0.8605,0.86065,5.80,3.20
2009.07.02 09:54:51.091,0.86055,0.86065,1.20,3.20
2009.07.02 09:54:51.741,0.8605,0.86065,4.20,3.20
2009.07.02 09:54:52.210,0.86055,0.86065,1.20,3.20
2009.07.02 09:54:53.790,0.86055,0.8606,1.20,3.20
2009.07.02 09:54:55.489,0.86055,0.86065,1.20,3.20
2009.07.02 09:54:55.829,0.8605,0.8606,2.60,3.20
2009.07.02 09:54:59.239,0.8605,0.86065,2.60,4.00
2009.07.02 09:54:59.699,0.8605,0.86065,2.60,3.80
2009.07.02 09:55:00.388,0.8605,0.8607,4.20,7.20
2009.07.02 09:55:00.618,0.8605,0.8607,5.60,7.20
2009.07.02 09:55:00.958,0.86055,0.8607,1.20,7.20
2009.07.02 09:55:01.338,0.86055,0.8607,1.20,5.80
2009.07.02 09:55:01.458,0.86055,0.8606,1.20,4.60
2009.07.02 09:55:01.678,0.86055,0.8607,1.20,9.00
2009.07.02 09:55:02.018,0.86055,0.8607,1.20,4.00
2009.07.02 09:55:02.258,0.8606,0.8607,1.20,3.80
2009.07.02 09:55:02.678,0.86055,0.8607,3.40,3.20
2009.07.02 09:55:03.028,0.86055,0.8607,8.20,3.20
2009.07.02 09:55:03.548,0.86055,0.8607,5.00,3.20
2009.07.02 09:55:05.278,0.86055,0.8607,3.40,3.20
2009.07.02 09:55:06.607,0.86055,0.8607,2.60,3.20
2009.07.02 09:55:06.897,0.86055,0.8607,1.20,3.20
2009.07.02 09:55:08.036,0.86055,0.8607,1.60,3.20
2009.07.02 09:55:08.216,0.86055,0.8607,5.60,3.20
2009.07.02 09:55:08.736,0.86055,0.8607,4.80,3.20
2009.07.02 09:55:10.986,0.86055,0.8607,5.60,3.20
2009.07.02 09:55:11.336,0.86055,0.8607,7.20,3.20
2009.07.02 09:55:11.786,0.86055,0.8607,7.20,3.20
2009.07.02 09:55:12.146,0.86055,0.8607,10.40,3.20
2009.07.02 09:55:12.565,0.86055,0.8607,11.20,3.20
2009.07.02 09:55:12.745,0.86055,0.8607,9.60,3.20
2009.07.02 09:55:13.095,0.86055,0.8607,8.80,3.20
2009.07.02 09:55:13.505,0.86055,0.8607,4.80,3.20
2009.07.02 09:55:15.305,0.8606,0.8607,1.80,3.20
2009.07.02 09:55:15.835,0.8606,0.8607,8.20,3.20
2009.07.02 09:55:15.955,0.8606,0.86075,8.20,3.20
2009.07.02 09:55:16.974,0.8606,0.86075,6.60,3.20
2009.07.02 09:55:17.314,0.8606,0.86075,3.40,3.20
2009.07.02 09:55:20.633,0.8606,0.86075,8.20,3.20
2009.07.02 09:55:20.863,0.8606,0.86075,9.80,3.20
2009.07.02 09:55:21.163,0.86065,0.86075,1.80,3.20
2009.07.02 09:55:21.743,0.86065,0.8608,1.80,3.20
2009.07.02 09:55:22.104,0.86065,0.8608,3.40,3.80
2009.07.02 09:55:22.623,0.8606,0.86075,6.80,3.20
2009.07.02 09:55:23.133,0.8606,0.86075,8.20,3.20
2009.07.02 09:55:23.313,0.8606,0.86075,6.60,3.20
2009.07.02 09:55:24.253,0.8606,0.86075,7.20,3.20
2009.07.02 09:55:24.553,0.8606,0.86075,8.80,3.20
2009.07.02 09:55:24.843,0.8606,0.8607,8.80,3.20
2009.07.02 09:55:25.072,0.86065,0.8607,1.20,3.20
2009.07.02 09:55:25.592,0.8606,0.8607,5.60,3.20
2009.07.02 09:55:25.652,0.8606,0.8607,3.40,3.20
2009.07.02 09:55:25.973,0.8606,0.8607,1.40,3.80
2009.07.02 09:55:26.192,0.8606,0.8607,1.20,8.80
2009.07.02 09:55:26.492,0.8606,0.8607,1.20,4.80
2009.07.02 09:55:26.782,0.86055,0.8606,4.20,3.20
2009.07.02 09:55:27.072,0.8605,0.8606,1.60,3.20
2009.07.02 09:55:27.712,0.8605,0.86055,1.40,3.20
2009.07.02 09:55:28.222,0.86045,0.86055,1.40,3.20
2009.07.02 09:55:28.572,0.8604,0.8605,2.60,3.20
2009.07.02 09:55:29.142,0.8604,0.86045,1.40,3.80
2009.07.02 09:55:29.491,0.8603,0.8604,1.40,3.20
2009.07.02 09:55:30.301,0.86025,0.8604,1.80,3.20
2009.07.02 09:55:30.841,0.86025,0.8604,1.20,3.20
2009.07.02 09:55:31.121,0.8603,0.86045,1.80,13.60
2009.07.02 09:55:31.421,0.8603,0.86045,1.80,8.00
2009.07.02 09:55:31.541,0.8603,0.86045,1.20,9.40
2009.07.02 09:55:31.871,0.8603,0.86045,1.20,10.40
2009.07.02 09:55:32.391,0.8603,0.8604,1.20,3.20
2009.07.02 09:55:32.621,0.86025,0.8604,4.20,5.60
2009.07.02 09:55:32.961,0.86025,0.8604,1.20,8.80
2009.07.02 09:55:33.310,0.86025,0.8604,1.20,4.00
2009.07.02 09:55:34.290,0.86025,0.8604,2.60,4.00
2009.07.02 09:55:35.120,0.8603,0.8604,1.20,2.60
2009.07.02 09:55:35.460,0.8603,0.8604,1.20,1.60
2009.07.02 09:55:35.860,0.8603,0.8604,1.80,1.60
2009.07.02 09:55:38.119,0.86025,0.8603,1.20,1.80
2009.07.02 09:55:38.479,0.86025,0.8603,1.20,6.60
2009.07.02 09:55:38.779,0.86025,0.86035,1.20,9.80
2009.07.02 09:55:39.179,0.8602,0.86035,12.20,10.80
2009.07.02 09:55:39.529,0.8602,0.86035,7.40,10.80
2009.07.02 09:55:42.238,0.86015,0.86025,10.60,1.40
2009.07.02 09:55:42.758,0.8601,0.86025,5.80,1.60
2009.07.02 09:55:43.038,0.86015,0.86035,3.20,13.60
2009.07.02 09:55:43.318,0.8602,0.8603,2.60,4.80
2009.07.02 09:55:43.728,0.86025,0.8603,1.00,3.00
2009.07.02 09:55:44.288,0.8602,0.86035,6.00,1.00
2009.07.02 09:55:44.648,0.8602,0.8604,7.60,4.00
2009.07.02 09:55:45.008,0.86025,0.8604,6.60,1.00
2009.07.02 09:55:45.288,0.86025,0.8604,8.20,1.00
2009.07.02 09:55:45.577,0.86025,0.8604,5.00,5.40
2009.07.02 09:55:46.077,0.86025,0.86035,5.00,1.00
2009.07.02 09:55:46.187,0.86025,0.86035,2.60,5.40
2009.07.02 09:55:46.627,0.86025,0.86035,1.20,3.20
2009.07.02 09:55:47.537,0.86025,0.86035,1.20,3.20
2009.07.02 09:55:47.937,0.8602,0.86025,6.00,2.20
2009.07.02 09:55:48.337,0.86025,0.8603,1.20,5.30
2009.07.02 09:55:48.867,0.86015,0.86025,2.60,1.00
2009.07.02 09:55:49.216,0.86015,0.8603,2.60,3.80
2009.07.02 09:55:49.436,0.8602,0.8603,1.20,1.60
2009.07.02 09:55:49.736,0.86025,0.86035,1.20,3.80
2009.07.02 09:55:50.636,0.8603,0.86035,1.20,5.40
2009.07.02 09:55:50.746,0.86025,0.8604,9.60,5.40
2009.07.02 09:55:51.086,0.8603,0.8604,2.00,3.20
2009.07.02 09:55:51.376,0.8603,0.8604,1.00,3.20
2009.07.02 09:55:51.596,0.8603,0.8604,1.20,3.20
2009.07.02 09:55:51.816,0.8603,0.8604,1.20,3.80
2009.07.02 09:55:52.816,0.8603,0.8604,1.20,3.20
2009.07.02 09:55:53.505,0.86025,0.8604,9.00,3.20
2009.07.02 09:55:53.736,0.8603,0.8604,1.20,3.20
2009.07.02 09:55:56.285,0.8603,0.8604,1.20,3.20
2009.07.02 09:55:56.755,0.8603,0.8604,2.60,3.20
2009.07.02 09:55:57.035,0.8603,0.86045,2.60,16.00
2009.07.02 09:55:57.315,0.8603,0.86045,2.60,14.40
2009.07.02 09:55:57.605,0.8603,0.86045,2.60,17.60
2009.07.02 09:55:57.895,0.8603,0.8604,1.40,3.20
2009.07.02 09:56:00.804,0.86025,0.8604,4.20,3.80
2009.07.02 09:56:01.154,0.86025,0.86035,1.20,3.20
2009.07.02 09:56:02.843,0.86025,0.8604,1.20,4.00
2009.07.02 09:56:03.493,0.86025,0.8604,1.20,3.20
2009.07.02 09:56:04.893,0.8603,0.8604,1.40,1.60
2009.07.02 09:56:05.273,0.86025,0.8604,1.80,3.20
2009.07.02 09:56:06.223,0.86025,0.8604,1.20,3.00
2009.07.02 09:56:08.552,0.8602,0.86025,1.60,6.60
2009.07.02 09:56:09.062,0.8602,0.86025,2.70,1.80
2009.07.02 09:56:09.352,0.8602,0.86035,7.40,3.20
2009.07.02 09:56:09.582,0.8602,0.86035,2.60,3.20
2009.07.02 09:56:10.731,0.8602,0.86035,5.00,3.20
2009.07.02 09:56:12.141,0.8602,0.86035,2.60,3.20
2009.07.02 09:56:12.301,0.8602,0.86035,2.60,3.80
2009.07.02 09:56:12.591,0.8602,0.86035,2.60,3.20
2009.07.02 09:56:15.640,0.86015,0.8603,3.20,2.40
2009.07.02 09:56:15.800,0.8601,0.86025,5.80,3.20
2009.07.02 09:56:15.980,0.8602,0.86025,1.40,3.20
2009.07.02 09:56:18.060,0.8602,0.8603,1.20,3.20
2009.07.02 09:56:18.180,0.86015,0.8603,1.20,3.20
2009.07.02 09:56:18.460,0.86015,0.86025,1.20,3.20
2009.07.02 09:56:19.949,0.8601,0.86025,16.20,3.20
2009.07.02 09:56:20.219,0.8602,0.86025,1.40,3.20
2009.07.02 09:56:20.709,0.8601,0.86025,3.40,3.20
2009.07.02 09:56:21.049,0.86025,0.8603,1.20,6.90
2009.07.02 09:56:21.449,0.8602,0.8603,2.60,1.60
2009.07.02 09:56:21.849,0.8602,0.86025,2.60,1.00
2009.07.02 09:56:21.969,0.8601,0.8603,5.80,2.80
2009.07.02 09:56:22.199,0.8601,0.8602,5.80,1.00
2009.07.02 09:56:22.309,0.86015,0.86025,1.60,3.20
2009.07.02 09:56:22.648,0.8601,0.86025,8.20,3.20
2009.07.02 09:56:22.879,0.8601,0.86025,9.80,6.40
2009.07.02 09:56:23.408,0.8601,0.86025,17.80,6.40
2009.07.02 09:56:23.998,0.86015,0.86025,1.20,3.20
2009.07.02 09:56:25.528,0.86015,0.86025,1.40,3.20
2009.07.02 09:56:26.538,0.8602,0.8603,1.20,6.70
2009.07.02 09:56:26.827,0.86015,0.8603,1.20,3.20
2009.07.02 09:56:27.547,0.86015,0.86025,1.20,3.20
2009.07.02 09:56:28.407,0.8602,0.8603,4.20,3.20
2009.07.02 09:56:28.697,0.8602,0.8603,1.20,3.20
2009.07.02 09:56:29.647,0.86015,0.86025,1.60,3.20
2009.07.02 09:56:30.058,0.8602,0.86025,1.40,3.20
2009.07.02 09:56:30.296,0.86015,0.8603,3.40,8.00
2009.07.02 09:56:30.577,0.86015,0.86035,3.40,4.00
2009.07.02 09:56:31.526,0.86015,0.86035,1.80,4.00
2009.07.02 09:56:32.566,0.8602,0.86035,1.20,4.00
2009.07.02 09:56:33.156,0.8602,0.86035,1.20,4.00
2009.07.02 09:56:33.686,0.8602,0.8603,1.20,3.20
2009.07.02 09:56:34.266,0.8601,0.86025,19.20,3.20
2009.07.02 09:56:34.626,0.8602,0.86025,1.40,3.20
2009.07.02 09:56:36.345,0.86015,0.86025,1.80,3.20
2009.07.02 09:56:36.995,0.86015,0.8603,1.80,3.20
2009.07.02 09:56:37.105,0.86015,0.8603,6.60,3.20
2009.07.02 09:56:37.285,0.86015,0.8603,8.20,3.20
2009.07.02 09:56:37.465,0.86015,0.8603,9.80,3.20
2009.07.02 09:56:37.885,0.86015,0.8603,8.20,3.20
2009.07.02 09:56:38.465,0.8602,0.8603,1.20,1.60
2009.07.02 09:56:38.854,0.8602,0.86035,2.60,3.20
2009.07.02 09:56:39.255,0.8602,0.86035,3.60,3.20
2009.07.02 09:56:39.635,0.8602,0.86035,5.80,3.20
2009.07.02 09:56:39.804,0.8602,0.86035,2.60,3.20
2009.07.02 09:56:42.544,0.86025,0.86035,1.20,3.20
2009.07.02 09:56:42.843,0.8602,0.8604,8.20,4.00
2009.07.02 09:56:43.014,0.8602,0.86035,8.20,3.20
2009.07.02 09:56:43.133,0.86025,0.86035,1.20,3.20
2009.07.02 09:56:43.303,0.86025,0.8604,1.20,4.80
2009.07.02 09:56:43.423,0.86025,0.8604,1.20,3.20
2009.07.02 09:56:43.753,0.8602,0.86025,1.60,1.00
2009.07.02 09:56:43.923,0.86015,0.8602,2.80,1.60
2009.07.02 09:56:44.393,0.86015,0.8602,1.20,1.60
2009.07.02 09:56:45.653,0.8602,0.8603,1.20,3.00
2009.07.02 09:56:46.173,0.8602,0.8603,2.60,9.60
2009.07.02 09:56:46.233,0.8602,0.8603,2.60,4.80
2009.07.02 09:56:46.333,0.8602,0.86035,2.60,1.40
2009.07.02 09:56:46.623,0.8602,0.86035,1.40,1.40
2009.07.02 09:56:46.743,0.8602,0.86035,1.40,4.60
2009.07.02 09:56:46.973,0.86015,0.8602,3.20,3.20
2009.07.02 09:56:47.353,0.8602,0.86025,2.60,2.90
2009.07.02 09:56:47.523,0.86015,0.8603,5.00,1.60
2009.07.02 09:56:47.743,0.86015,0.8603,3.40,1.60
2009.07.02 09:56:47.912,0.86015,0.86035,3.40,7.00
2009.07.02 09:56:48.442,0.8602,0.86035,2.60,2.20
2009.07.02 09:56:48.902,0.8602,0.86035,2.60,1.40
2009.07.02 09:56:50.292,0.8602,0.8603,2.60,1.00
2009.07.02 09:56:50.472,0.8602,0.86035,3.60,1.00
2009.07.02 09:56:50.882,0.86025,0.86035,1.20,3.20
2009.07.02 09:56:51.572,0.8602,0.8603,5.80,3.20
2009.07.02 09:56:52.151,0.8602,0.86025,2.60,3.20
2009.07.02 09:56:52.661,0.8602,0.8603,1.20,3.20
2009.07.02 09:56:53.011,0.8602,0.8603,1.40,3.20
2009.07.02 09:56:55.021,0.8602,0.86025,1.40,3.20
2009.07.02 09:56:55.261,0.8602,0.8603,1.40,3.20
2009.07.02 09:56:55.551,0.86015,0.8603,1.20,3.20
2009.07.02 09:56:55.850,0.86015,0.8603,1.80,3.20
2009.07.02 09:56:56.410,0.86015,0.8603,3.40,3.20
2009.07.02 09:56:56.701,0.8602,0.86035,2.00,8.20
2009.07.02 09:56:57.000,0.8602,0.86035,3.60,4.80
2009.07.02 09:56:57.290,0.8602,0.8604,2.60,13.40
2009.07.02 09:56:57.580,0.8602,0.86035,2.60,3.20
2009.07.02 09:56:57.990,0.8602,0.8603,2.60,4.60
2009.07.02 09:56:58.330,0.86015,0.8602,1.60,3.20
2009.07.02 09:56:58.790,0.8601,0.8602,14.60,3.20
2009.07.02 09:57:00.359,0.8601,0.8602,13.20,3.20
2009.07.02 09:57:00.579,0.8601,0.8602,14.60,3.20
2009.07.02 09:57:00.999,0.8601,0.86025,13.00,3.20
2009.07.02 09:57:01.059,0.8601,0.86025,15.20,3.20
2009.07.02 09:57:01.709,0.8601,0.86025,6.00,3.20
2009.07.02 09:57:02.109,0.8601,0.8602,6.00,3.20
2009.07.02 09:57:02.279,0.8601,0.8602,5.00,3.20
2009.07.02 09:57:02.779,0.8601,0.8602,4.20,3.20
2009.07.02 09:57:03.179,0.8601,0.86025,9.60,3.20
2009.07.02 09:57:04.029,0.8602,0.8603,1.20,7.80
2009.07.02 09:57:04.448,0.8602,0.86035,3.60,4.80
2009.07.02 09:57:04.908,0.8602,0.86035,1.60,1.40
2009.07.02 09:57:05.248,0.8602,0.8604,8.20,11.80
2009.07.02 09:57:05.648,0.8602,0.8604,11.40,11.80
2009.07.02 09:57:08.128,0.8603,0.86035,1.20,3.20
2009.07.02 09:57:09.007,0.86025,0.8603,2.00,1.60
2009.07.02 09:57:09.478,0.86025,0.8603,1.80,1.60
2009.07.02 09:57:10.107,0.8602,0.8603,8.20,1.60
2009.07.02 09:57:10.337,0.8602,0.8603,2.60,3.20
2009.07.02 09:57:11.568,0.8602,0.8603,2.60,3.20
2009.07.02 09:57:11.807,0.8602,0.8603,3.40,3.20
2009.07.02 09:57:12.216,0.8602,0.8603,2.60,3.20
2009.07.02 09:57:12.376,0.8602,0.8603,1.40,3.20
2009.07.02 09:57:13.176,0.86015,0.8603,7.60,3.80
2009.07.02 09:57:13.286,0.8602,0.8603,1.00,3.20
2009.07.02 09:57:13.586,0.86015,0.8603,2.60,3.20
2009.07.02 09:57:13.696,0.8602,0.86025,1.40,3.20
2009.07.02 09:57:13.976,0.8602,0.8603,2.20,3.20
2009.07.02 09:57:14.196,0.8602,0.86025,2.20,3.20
2009.07.02 09:57:14.546,0.8602,0.86025,1.40,3.20
2009.07.02 09:57:15.826,0.8602,0.8603,2.60,3.20
2009.07.02 09:57:16.396,0.8602,0.8603,1.20,3.20
2009.07.02 09:57:17.176,0.8602,0.86025,1.20,3.20
2009.07.02 09:57:20.065,0.8602,0.86025,1.80,3.20
2009.07.02 09:57:20.574,0.8602,0.8603,1.80,3.20
2009.07.02 09:57:22.164,0.8602,0.8603,2.80,3.20
2009.07.02 09:57:22.944,0.8602,0.86025,3.40,3.20
2009.07.02 09:57:23.404,0.8602,0.8603,3.40,3.20
2009.07.02 09:57:26.013,0.8602,0.86025,2.20,3.20
2009.07.02 09:57:26.413,0.8602,0.86025,1.40,3.20
2009.07.02 09:57:26.473,0.8602,0.86025,1.20,3.20
2009.07.02 09:57:27.343,0.8602,0.86025,1.80,3.20
2009.07.02 09:57:27.563,0.8602,0.86025,1.20,3.20
2009.07.02 09:57:28.133,0.8602,0.86025,1.80,3.20
2009.07.02 09:57:29.672,0.8602,0.86025,1.20,3.20
2009.07.02 09:57:30.252,0.86015,0.86025,2.60,3.20
2009.07.02 09:57:31.242,0.86015,0.86025,3.40,3.20
2009.07.02 09:57:32.232,0.86015,0.8602,2.60,3.20
2009.07.02 09:57:32.642,0.86015,0.86025,3.40,3.20
2009.07.02 09:57:33.561,0.86015,0.86025,2.60,3.20
2009.07.02 09:57:40.110,0.8602,0.86025,1.90,3.20
2009.07.02 09:57:40.450,0.8602,0.8603,3.40,3.20
2009.07.02 09:57:40.950,0.8602,0.86025,4.20,3.20
2009.07.02 09:57:41.300,0.86015,0.86025,1.20,3.20
2009.07.02 09:57:41.540,0.8602,0.86025,1.20,3.20
2009.07.02 09:57:42.649,0.8603,0.86035,1.00,4.00
2009.07.02 09:57:42.939,0.8603,0.86035,1.20,3.80
2009.07.02 09:57:43.399,0.86025,0.8603,1.60,3.20
2009.07.02 09:57:43.509,0.8603,0.86035,1.20,4.80
2009.07.02 09:57:43.739,0.86025,0.8603,1.20,3.20
2009.07.02 09:58:00.196,0.86015,0.8603,1.80,3.20
2009.07.02 09:58:00.525,0.86015,0.8603,1.20,3.20
2009.07.02 09:58:00.625,0.86015,0.8603,1.80,3.20
2009.07.02 09:58:02.225,0.86015,0.8603,1.20,3.20
2009.07.02 09:58:02.795,0.86015,0.8603,1.20,3.20
2009.07.02 09:58:03.214,0.86015,0.8603,1.20,3.20
2009.07.02 09:58:03.485,0.86015,0.8603,1.20,3.20
2009.07.02 09:58:03.774,0.86015,0.86025,1.20,3.20
2009.07.02 09:58:04.064,0.8602,0.8603,1.20,6.80
2009.07.02 09:58:05.184,0.86025,0.86035,2.40,3.20
2009.07.02 09:58:05.454,0.86015,0.8603,1.80,3.20
2009.07.02 09:58:05.914,0.86015,0.8603,3.40,3.20
2009.07.02 09:58:06.204,0.86015,0.8603,4.80,3.20
2009.07.02 09:58:06.434,0.8602,0.8603,1.20,3.20
2009.07.02 09:58:06.774,0.86015,0.8603,1.20,3.20
2009.07.02 09:58:09.493,0.86015,0.8603,1.20,3.20
2009.07.02 09:58:09.663,0.86015,0.8603,1.20,4.00
2009.07.02 09:58:09.893,0.86015,0.86025,1.20,3.20
2009.07.02 09:58:10.713,0.86015,0.86025,3.20,3.20
2009.07.02 09:58:11.122,0.8602,0.8603,1.20,7.80
2009.07.02 09:58:11.352,0.8602,0.8603,1.20,3.20
2009.07.02 09:58:11.632,0.86025,0.8603,1.20,3.20
2009.07.02 09:58:13.642,0.8602,0.8603,3.60,3.20
2009.07.02 09:58:13.752,0.8602,0.8603,2.60,3.20
2009.07.02 09:58:14.032,0.8602,0.8603,2.60,3.80
2009.07.02 09:58:14.822,0.8602,0.86025,2.60,3.20
2009.07.02 09:58:15.061,0.8602,0.86025,1.20,3.20
2009.07.02 09:58:20.580,0.86025,0.8603,1.20,3.80
2009.07.02 09:58:21.090,0.86025,0.8603,1.20,3.20
2009.07.02 09:58:32.487,0.8603,0.86035,1.20,3.70
2009.07.02 09:58:32.547,0.8603,0.86035,1.20,4.00
2009.07.02 09:58:33.177,0.86025,0.86035,1.20,3.20
2009.07.02 09:58:41.395,0.86025,0.86035,1.20,4.60
2009.07.02 09:58:41.735,0.86025,0.86035,1.20,3.20
2009.07.02 09:58:42.035,0.86025,0.8603,1.20,3.20
2009.07.02 09:58:42.435,0.86025,0.8603,1.20,1.60
2009.07.02 09:58:42.955,0.86025,0.86035,1.20,3.20
2009.07.02 09:58:48.973,0.8602,0.86035,2.60,3.20
2009.07.02 09:58:49.033,0.8602,0.8603,2.60,3.20
2009.07.02 09:58:51.692,0.8602,0.8603,1.20,3.20
2009.07.02 09:58:51.752,0.8602,0.8603,1.20,3.80
2009.07.02 09:58:52.752,0.8602,0.86025,1.20,3.20
2009.07.02 09:58:53.242,0.86015,0.86025,1.20,3.20
2009.07.02 09:58:56.792,0.8602,0.86025,1.20,3.20
2009.07.02 09:58:57.361,0.8602,0.8603,1.20,8.80
2009.07.02 09:58:57.641,0.86025,0.8603,1.20,3.20
2009.07.02 09:58:58.321,0.86025,0.86035,1.20,4.00
2009.07.02 09:58:58.671,0.8603,0.86035,1.20,1.00
2009.07.02 09:58:59.211,0.8603,0.8604,1.20,3.80
2009.07.02 09:58:59.561,0.8603,0.8604,1.20,3.20
2009.07.02 09:58:59.891,0.8603,0.8604,1.20,5.40
2009.07.02 09:59:00.231,0.8603,0.8604,1.20,4.00
2009.07.02 09:59:00.751,0.8603,0.8604,1.20,3.20
2009.07.02 09:59:01.040,0.8603,0.8604,1.20,3.80
2009.07.02 09:59:01.390,0.8603,0.86035,1.20,3.20
2009.07.02 09:59:01.560,0.8603,0.8604,1.20,4.00
2009.07.02 09:59:06.299,0.8603,0.8604,1.20,3.20
2009.07.02 09:59:06.829,0.8603,0.86035,1.20,3.20
2009.07.02 09:59:06.939,0.8603,0.8604,1.20,3.20
2009.07.02 09:59:06.999,0.8603,0.8604,1.20,4.00
2009.07.02 09:59:07.389,0.8603,0.86035,1.20,3.20
2009.07.02 09:59:10.068,0.86025,0.86035,1.20,3.20
2009.07.02 09:59:10.298,0.86025,0.86035,1.60,3.20
2009.07.02 09:59:10.758,0.86025,0.86035,2.60,3.20
2009.07.02 09:59:11.208,0.8603,0.86035,1.20,3.20
2009.07.02 09:59:17.577,0.8602,0.8603,1.20,3.20
2009.07.02 09:59:17.876,0.86015,0.8603,5.20,3.20
2009.07.02 09:59:18.166,0.86015,0.8603,6.80,3.20
2009.07.02 09:59:18.466,0.86015,0.8603,2.60,3.20
2009.07.02 09:59:18.766,0.86015,0.86025,2.60,3.20
2009.07.02 09:59:19.226,0.86015,0.86025,3.40,3.20
2009.07.02 09:59:19.516,0.86015,0.8603,3.60,3.20
2009.07.02 09:59:19.956,0.86015,0.86025,2.60,3.20
2009.07.02 09:59:20.246,0.86015,0.86025,1.20,3.80
2009.07.02 09:59:21.016,0.86015,0.86025,1.20,3.20
2009.07.02 09:59:21.575,0.86015,0.8603,1.20,5.40
2009.07.02 09:59:22.155,0.86015,0.86025,1.20,3.20
2009.07.02 09:59:22.435,0.86015,0.86025,1.20,1.40
2009.07.02 09:59:22.795,0.8601,0.86025,5.20,3.20
2009.07.02 09:59:23.365,0.8601,0.86025,6.60,3.20
2009.07.02 09:59:23.655,0.8601,0.86025,5.00,3.20
2009.07.02 09:59:23.885,0.8601,0.86025,5.20,3.20
2009.07.02 09:59:24.175,0.8601,0.86025,5.00,3.20
2009.07.02 09:59:24.455,0.8601,0.86025,2.60,4.00
2009.07.02 09:59:24.975,0.8601,0.86025,3.60,3.20
2009.07.02 09:59:25.325,0.8601,0.86025,4.20,3.20
2009.07.02 09:59:25.714,0.8601,0.86025,3.60,3.20
2009.07.02 09:59:30.253,0.8601,0.86025,5.20,3.20
2009.07.02 09:59:30.703,0.8601,0.86025,5.00,3.20
2009.07.02 09:59:31.244,0.8601,0.86025,5.00,5.00
2009.07.02 09:59:31.533,0.8601,0.8602,5.00,3.20
2009.07.02 09:59:31.773,0.8601,0.8602,4.20,3.20
2009.07.02 09:59:32.063,0.8601,0.8602,2.60,3.20
2009.07.02 09:59:32.353,0.8601,0.8602,5.80,3.20
2009.07.02 09:59:32.463,0.8601,0.8602,10.00,3.20
2009.07.02 09:59:32.583,0.8601,0.8602,7.00,3.20
2009.07.02 09:59:32.762,0.8601,0.8602,2.60,3.20
2009.07.02 09:59:33.333,0.8601,0.8602,3.60,3.20
2009.07.02 09:59:33.622,0.8601,0.8602,5.20,3.20
2009.07.02 09:59:35.182,0.8601,0.8602,1.40,3.20
2009.07.02 09:59:35.592,0.8601,0.86015,1.40,3.20
2009.07.02 09:59:35.992,0.86005,0.86015,1.00,3.20
2009.07.02 09:59:36.452,0.86005,0.86015,2.00,3.20
2009.07.02 09:59:37.132,0.86005,0.86015,1.00,3.20
2009.07.02 09:59:37.422,0.86,0.86015,16.20,3.20
2009.07.02 09:59:37.652,0.8601,0.86015,1.00,3.20
2009.07.02 09:59:37.891,0.86005,0.8602,2.40,3.20
2009.07.02 09:59:38.282,0.86005,0.8602,2.40,3.20
2009.07.02 09:59:38.521,0.8601,0.86015,1.20,3.20
2009.07.02 09:59:41.200,0.86005,0.86015,2.40,3.20
2009.07.02 09:59:42.740,0.8601,0.8602,1.20,4.00
2009.07.02 09:59:42.860,0.8601,0.8602,2.80,3.20
2009.07.02 09:59:43.030,0.8601,0.86015,2.80,3.20
2009.07.02 09:59:43.140,0.8601,0.86015,1.20,3.20
2009.07.02 09:59:43.790,0.8601,0.86015,2.00,3.20
2009.07.02 09:59:46.709,0.8601,0.8602,4.00,3.20
2009.07.02 09:59:46.939,0.8601,0.8602,4.80,3.20
2009.07.02 09:59:47.059,0.8601,0.8602,5.60,3.20
2009.07.02 09:59:48.139,0.8601,0.8602,4.80,3.20
2009.07.02 09:59:48.359,0.8601,0.8602,5.80,3.20
2009.07.02 09:59:48.529,0.8601,0.8602,7.40,3.20
2009.07.02 09:59:49.729,0.8601,0.8602,7.20,3.20
2009.07.02 09:59:49.789,0.8601,0.8602,6.40,3.20
2009.07.02 09:59:50.069,0.8601,0.8602,4.80,3.20
2009.07.02 09:59:50.368,0.8601,0.8602,2.80,3.20
2009.07.02 09:59:50.718,0.8601,0.86015,2.80,3.20
2009.07.02 09:59:51.009,0.8601,0.8602,1.20,3.20
2009.07.02 09:59:51.298,0.8601,0.8602,4.00,3.20
2009.07.02 09:59:51.778,0.8601,0.8602,2.40,3.20
2009.07.02 09:59:52.058,0.8601,0.86015,4.00,3.20
2009.07.02 09:59:52.348,0.8601,0.8602,4.00,3.20
2009.07.02 09:59:52.648,0.8601,0.86015,3.60,3.20
2009.07.02 09:59:54.908,0.8601,0.86015,2.20,3.20
2009.07.02 09:59:55.877,0.86005,0.86015,5.00,3.20
2009.07.02 09:59:56.257,0.8601,0.8602,1.80,3.20
2009.07.02 09:59:56.597,0.86005,0.8602,2.00,3.20
2009.07.02 09:59:58.386,0.86005,0.8602,3.60,3.20
2009.07.02 09:59:58.556,0.86005,0.8602,5.20,3.20
