2011.06.29 14:00:00.136,0.89734,0.89748,3.75,2.25
2011.06.29 14:00:00.471,0.89739,0.89752,2.25,1.50
2011.06.29 14:00:00.591,0.89736,0.89751,1.50,2.25
2011.06.29 14:00:01.097,0.89738,0.89752,3.00,2.25
2011.06.29 14:00:01.644,0.89738,0.89752,3.00,2.25
2011.06.29 14:00:01.978,0.89738,0.89751,3.00,1.50
2011.06.29 14:00:02.381,0.89738,0.89751,2.25,2.25
2011.06.29 14:00:02.611,0.89736,0.8975,2.25,3.00
2011.06.29 14:00:02.726,0.89734,0.89748,3.75,2.25
2011.06.29 14:00:03.168,0.89736,0.89748,1.50,2.25
2011.06.29 14:00:03.288,0.8974,0.89752,2.25,1.50
2011.06.29 14:00:03.846,0.89737,0.89753,6.00,2.25
2011.06.29 14:00:04.579,0.89738,0.89753,1.88,2.25
2011.06.29 14:00:04.908,0.89739,0.89753,3.00,2.25
2011.06.29 14:00:05.359,0.89745,0.89755,1.50,2.25
2011.06.29 14:00:05.588,0.8975,0.89758,2.25,3.75
2011.06.29 14:00:05.698,0.89745,0.89755,1.50,2.25
2011.06.29 14:00:06.468,0.8975,0.89758,2.25,3.00
2011.06.29 14:00:06.854,0.89747,0.89755,1.50,2.25
2011.06.29 14:00:07.190,0.8975,0.89755,1.50,2.25
2011.06.29 14:00:07.309,0.89752,0.89765,2.25,1.50
2011.06.29 14:00:07.759,0.89754,0.89768,2.25,3.75
2011.06.29 14:00:08.095,0.89756,0.89769,2.25,1.50
2011.06.29 14:00:09.086,0.89756,0.8977,3.00,3.75
2011.06.29 14:00:10.025,0.89754,0.89768,3.75,3.75
2011.06.29 14:00:10.140,0.89754,0.89768,3.00,3.00
2011.06.29 14:00:10.915,0.89757,0.89768,1.50,3.00
2011.06.29 14:00:11.575,0.89757,0.89768,1.50,4.50
2011.06.29 14:00:12.193,0.89757,0.89768,1.50,2.25
2011.06.29 14:00:12.747,0.89757,0.89767,1.50,4.50
2011.06.29 14:00:12.856,0.89757,0.89767,1.50,6.00
2011.06.29 14:00:13.627,0.89755,0.89768,1.50,3.00
2011.06.29 14:00:13.737,0.89755,0.89764,1.50,2.25
2011.06.29 14:00:14.397,0.89757,0.89768,3.00,4.50
2011.06.29 14:00:14.618,0.89759,0.8977,1.50,3.00
2011.06.29 14:00:14.948,0.89757,0.89767,1.50,1.50
2011.06.29 14:00:15.068,0.89756,0.89764,1.50,2.25
2011.06.29 14:00:15.619,0.89756,0.89768,1.50,3.00
2011.06.29 14:00:16.727,0.89756,0.8977,1.50,3.75
2011.06.29 14:00:16.948,0.89756,0.8977,1.50,3.00
2011.06.29 14:00:17.068,0.89756,0.89768,2.25,2.25
2011.06.29 14:00:17.618,0.89756,0.89768,2.25,3.00
2011.06.29 14:00:18.272,0.89756,0.89768,2.25,2.25
2011.06.29 14:00:19.159,0.89757,0.89768,1.50,2.25
2011.06.29 14:00:19.940,0.89757,0.89768,1.50,2.25
2011.06.29 14:00:20.275,0.89755,0.89767,1.50,3.75
2011.06.29 14:00:20.497,0.89756,0.89767,1.50,3.00
2011.06.29 14:00:21.047,0.89757,0.89768,1.50,2.25
2011.06.29 14:00:21.606,0.89755,0.89768,1.50,3.75
2011.06.29 14:00:21.827,0.8976,0.89768,2.25,1.50
2011.06.29 14:00:22.047,0.89755,0.89768,2.25,3.75
2011.06.29 14:00:22.267,0.89752,0.89768,3.00,4.50
2011.06.29 14:00:22.378,0.89752,0.89766,3.00,1.50
2011.06.29 14:00:22.706,0.89751,0.89763,1.50,2.25
2011.06.29 14:00:23.258,0.89752,0.89764,3.75,3.00
2011.06.29 14:00:23.588,0.89756,0.89766,1.50,2.25
2011.06.29 14:00:24.111,0.89754,0.89768,1.50,4.50
2011.06.29 14:00:24.227,0.89753,0.89768,1.50,4.50
2011.06.29 14:00:24.556,0.8975,0.89765,3.75,1.50
2011.06.29 14:00:24.888,0.8975,0.89763,3.00,1.50
2011.06.29 14:00:25.435,0.89749,0.89764,3.00,1.50
2011.06.29 14:00:25.879,0.89752,0.89765,1.50,3.00
2011.06.29 14:00:26.107,0.89749,0.89765,3.75,3.00
2011.06.29 14:00:26.435,0.8975,0.89765,1.50,3.00
2011.06.29 14:00:27.001,0.89753,0.89765,1.88,3.00
2011.06.29 14:00:27.123,0.89753,0.89764,1.50,3.00
2011.06.29 14:00:27.679,0.89753,0.89764,1.50,2.25
2011.06.29 14:00:27.909,0.89753,0.89766,3.00,1.50
2011.06.29 14:00:28.356,0.89753,0.89765,2.25,1.50
2011.06.29 14:00:28.906,0.8975,0.89762,1.50,2.25
2011.06.29 14:00:29.235,0.89745,0.89761,3.75,3.00
2011.06.29 14:00:29.568,0.89747,0.89761,2.25,3.00
2011.06.29 14:00:30.188,0.89747,0.89761,2.25,2.25
2011.06.29 14:00:30.638,0.89744,0.89758,3.00,2.25
2011.06.29 14:00:31.638,0.89746,0.89758,2.25,2.25
2011.06.29 14:00:31.967,0.89744,0.89756,3.75,1.50
2011.06.29 14:00:32.526,0.89744,0.89756,2.25,2.25
2011.06.29 14:00:33.248,0.89744,0.89758,2.25,3.75
2011.06.29 14:00:33.379,0.89744,0.8976,2.25,3.00
2011.06.29 14:00:33.830,0.89743,0.89759,2.25,4.50
2011.06.29 14:00:34.279,0.89743,0.89757,3.00,2.25
2011.06.29 14:00:34.837,0.89741,0.89755,3.00,3.00
2011.06.29 14:00:35.165,0.89739,0.89752,1.50,5.10
2011.06.29 14:00:35.551,0.89736,0.8975,3.75,2.85
2011.06.29 14:00:35.687,0.89733,0.89747,3.00,3.00
2011.06.29 14:00:35.913,0.8974,0.89745,1.13,2.25
2011.06.29 14:00:36.033,0.89742,0.89751,1.88,4.35
2011.06.29 14:00:36.153,0.89742,0.8975,1.88,2.85
2011.06.29 14:00:36.270,0.89739,0.8975,4.50,2.85
2011.06.29 14:00:36.501,0.89736,0.8975,3.75,4.35
2011.06.29 14:00:36.617,0.89736,0.8975,2.25,5.85
2011.06.29 14:00:36.839,0.89739,0.8975,2.25,5.10
2011.06.29 14:00:36.960,0.89735,0.89749,3.00,5.25
2011.06.29 14:00:37.077,0.89733,0.89746,1.50,2.25
2011.06.29 14:00:37.186,0.89731,0.89746,2.25,2.25
2011.06.29 14:00:37.927,0.89734,0.89746,1.13,2.25
2011.06.29 14:00:38.055,0.89733,0.89748,1.50,3.00
2011.06.29 14:00:38.496,0.89731,0.89747,3.00,2.25
2011.06.29 14:00:38.608,0.89733,0.89745,1.50,2.25
2011.06.29 14:00:38.951,0.89732,0.89743,1.50,2.25
2011.06.29 14:00:39.511,0.8973,0.89743,1.50,2.25
2011.06.29 14:00:40.617,0.89729,0.89743,3.75,2.25
2011.06.29 14:00:41.047,0.89731,0.89743,1.50,2.25
2011.06.29 14:00:41.378,0.8973,0.89743,1.50,2.25
2011.06.29 14:00:41.499,0.8973,0.89743,2.25,2.25
2011.06.29 14:00:42.014,0.89729,0.89743,3.00,2.25
2011.06.29 14:00:42.238,0.89733,0.89743,2.25,2.25
2011.06.29 14:00:42.362,0.89735,0.89749,2.25,3.00
2011.06.29 14:00:42.478,0.89737,0.89751,3.00,2.25
2011.06.29 14:00:42.713,0.89737,0.89753,2.25,2.25
2011.06.29 14:00:42.827,0.89736,0.8975,2.25,5.25
2011.06.29 14:00:43.168,0.89732,0.89746,2.25,1.13
2011.06.29 14:00:43.642,0.8973,0.89744,2.25,1.50
2011.06.29 14:00:44.195,0.8973,0.89743,2.25,1.50
2011.06.29 14:00:44.418,0.89731,0.89746,1.50,3.75
2011.06.29 14:00:44.529,0.89733,0.89746,1.13,3.00
2011.06.29 14:00:44.869,0.89738,0.89747,2.25,2.25
2011.06.29 14:00:45.097,0.89738,0.8975,1.50,2.25
2011.06.29 14:00:45.428,0.89737,0.8975,1.50,2.25
2011.06.29 14:00:46.449,0.89734,0.8975,6.00,2.25
2011.06.29 14:00:46.680,0.89737,0.8975,1.50,2.25
2011.06.29 14:00:47.020,0.89741,0.89755,3.75,3.38
2011.06.29 14:00:47.356,0.89745,0.89756,1.13,2.25
2011.06.29 14:00:47.580,0.89749,0.89761,1.50,2.25
2011.06.29 14:00:47.696,0.89752,0.89761,1.50,2.25
2011.06.29 14:00:48.029,0.89755,0.89762,1.50,2.25
2011.06.29 14:00:48.149,0.89754,0.89762,1.50,2.25
2011.06.29 14:00:48.843,0.89753,0.89764,1.88,2.25
2011.06.29 14:00:48.957,0.89753,0.89767,6.00,2.25
2011.06.29 14:00:49.507,0.8975,0.89763,2.25,2.25
2011.06.29 14:00:50.057,0.89749,0.89764,4.13,2.25
2011.06.29 14:00:50.276,0.89749,0.89764,3.00,2.25
2011.06.29 14:00:51.155,0.89748,0.89762,2.25,2.25
2011.06.29 14:00:51.953,0.89749,0.89762,2.25,2.25
2011.06.29 14:00:52.290,0.89748,0.8976,1.50,2.25
2011.06.29 14:00:52.824,0.89747,0.89759,1.50,2.25
2011.06.29 14:00:53.377,0.89747,0.89759,1.50,2.25
2011.06.29 14:00:53.602,0.89747,0.89762,1.50,2.25
2011.06.29 14:00:53.829,0.89747,0.8976,1.50,2.25
2011.06.29 14:00:54.170,0.89747,0.89761,1.50,2.25
2011.06.29 14:00:54.838,0.89746,0.89761,3.00,2.25
2011.06.29 14:00:55.578,0.89747,0.89761,1.50,2.25
2011.06.29 14:00:55.701,0.89747,0.89763,3.75,2.25
2011.06.29 14:00:56.257,0.89747,0.89763,3.00,3.00
2011.06.29 14:00:56.697,0.89746,0.8976,3.00,2.25
2011.06.29 14:00:57.246,0.89749,0.89763,2.25,3.00
2011.06.29 14:00:57.578,0.89747,0.89763,4.50,2.25
2011.06.29 14:00:57.698,0.89747,0.89761,1.50,2.25
2011.06.29 14:00:58.255,0.89748,0.89762,3.00,5.25
2011.06.29 14:00:58.637,0.89749,0.89762,1.50,4.50
2011.06.29 14:00:59.315,0.89756,0.89769,1.13,2.85
2011.06.29 14:00:59.758,0.89755,0.89768,1.50,2.85
2011.06.29 14:01:00.207,0.89756,0.8977,3.00,2.85
2011.06.29 14:01:00.428,0.89754,0.89768,1.50,2.85
2011.06.29 14:01:00.989,0.89752,0.89768,2.25,4.35
2011.06.29 14:01:01.218,0.89753,0.89766,1.13,1.35
2011.06.29 14:01:01.728,0.89754,0.89768,3.00,2.85
2011.06.29 14:01:01.837,0.89754,0.89768,6.00,2.25
2011.06.29 14:01:01.946,0.89755,0.89771,3.00,3.00
2011.06.29 14:01:02.058,0.89754,0.89768,3.00,2.25
2011.06.29 14:01:02.626,0.89755,0.89768,1.50,2.25
2011.06.29 14:01:02.737,0.89752,0.89768,3.00,2.25
2011.06.29 14:01:02.959,0.89752,0.89765,2.25,1.88
2011.06.29 14:01:03.296,0.89749,0.89763,2.25,3.00
2011.06.29 14:01:03.409,0.89746,0.89758,2.25,3.00
2011.06.29 14:01:04.085,0.89745,0.89758,2.25,1.50
2011.06.29 14:01:04.437,0.89743,0.89759,4.50,3.75
2011.06.29 14:01:04.657,0.89744,0.89759,1.50,3.00
2011.06.29 14:01:05.097,0.89746,0.89759,1.50,2.25
2011.06.29 14:01:05.537,0.89749,0.89765,3.38,4.50
2011.06.29 14:01:05.648,0.89751,0.89765,2.25,3.00
2011.06.29 14:01:05.987,0.89753,0.89765,1.50,3.00
2011.06.29 14:01:06.534,0.89754,0.89764,1.50,2.25
2011.06.29 14:01:06.646,0.8975,0.89764,2.25,2.25
2011.06.29 14:01:07.447,0.89748,0.89763,3.75,2.25
2011.06.29 14:01:07.559,0.89747,0.8976,1.50,2.25
2011.06.29 14:01:07.678,0.89746,0.8976,1.13,2.25
2011.06.29 14:01:08.129,0.89744,0.8976,3.00,3.00
2011.06.29 14:01:08.686,0.89744,0.8976,2.25,4.50
2011.06.29 14:01:09.216,0.89755,0.89761,2.25,3.00
2011.06.29 14:01:09.331,0.89755,0.89767,2.25,1.50
2011.06.29 14:01:09.448,0.89755,0.89763,2.25,1.13
2011.06.29 14:01:09.906,0.89744,0.89758,3.00,2.25
2011.06.29 14:01:10.520,0.89745,0.89759,2.25,2.25
2011.06.29 14:01:10.749,0.89741,0.89757,3.00,2.25
2011.06.29 14:01:11.305,0.8974,0.89756,3.75,2.25
2011.06.29 14:01:11.855,0.8974,0.89756,3.75,2.25
2011.06.29 14:01:12.296,0.89742,0.89756,1.50,2.25
2011.06.29 14:01:12.626,0.89747,0.89756,1.50,2.25
2011.06.29 14:01:12.737,0.89753,0.89765,2.25,1.13
2011.06.29 14:01:12.958,0.89749,0.89763,2.25,1.13
2011.06.29 14:01:13.517,0.89748,0.89762,2.25,3.00
2011.06.29 14:01:14.053,0.89748,0.89762,2.25,3.38
2011.06.29 14:01:14.607,0.89748,0.8976,2.25,1.50
2011.06.29 14:01:14.826,0.89742,0.89756,2.25,2.25
2011.06.29 14:01:15.376,0.89742,0.89757,1.50,2.25
2011.06.29 14:01:16.037,0.89741,0.89755,3.00,2.25
2011.06.29 14:01:16.587,0.89748,0.89756,2.25,2.25
2011.06.29 14:01:16.698,0.89741,0.89755,9.00,3.75
2011.06.29 14:01:16.820,0.89741,0.89755,4.50,1.50
2011.06.29 14:01:17.047,0.89738,0.89754,2.25,2.25
2011.06.29 14:01:17.504,0.89742,0.89756,2.25,3.75
2011.06.29 14:01:17.836,0.8974,0.89754,2.25,2.25
2011.06.29 14:01:18.606,0.8974,0.89754,5.25,2.25
2011.06.29 14:01:19.156,0.89742,0.89756,3.00,2.25
2011.06.29 14:01:19.925,0.89741,0.89757,3.38,2.25
2011.06.29 14:01:20.829,0.89741,0.89757,3.00,3.00
2011.06.29 14:01:21.498,0.8974,0.89756,2.25,2.25
2011.06.29 14:01:24.091,0.8974,0.89756,2.25,3.00
2011.06.29 14:01:24.320,0.89742,0.89754,2.25,1.50
2011.06.29 14:01:24.441,0.8974,0.89756,2.25,4.50
2011.06.29 14:01:24.787,0.89738,0.89754,3.00,2.25
2011.06.29 14:01:25.338,0.89739,0.89754,2.25,2.10
2011.06.29 14:01:25.556,0.89742,0.89754,2.25,2.10
2011.06.29 14:01:25.775,0.89739,0.89754,3.00,2.10
2011.06.29 14:01:26.439,0.89738,0.89754,2.25,10.35
2011.06.29 14:01:26.778,0.89735,0.89749,1.50,2.25
2011.06.29 14:01:26.896,0.89733,0.89749,5.25,2.25
2011.06.29 14:01:27.507,0.89738,0.89751,2.25,3.60
2011.06.29 14:01:28.069,0.89738,0.89751,2.25,3.60
2011.06.29 14:01:28.516,0.89737,0.8975,2.25,1.50
2011.06.29 14:01:28.846,0.89737,0.89748,2.25,1.50
2011.06.29 14:01:29.177,0.89734,0.89744,3.00,2.10
2011.06.29 14:01:29.291,0.8973,0.89744,5.25,2.10
2011.06.29 14:01:29.848,0.8973,0.89744,3.75,2.10
2011.06.29 14:01:30.287,0.8973,0.89746,2.25,3.00
2011.06.29 14:01:30.701,0.89743,0.89748,2.25,1.35
2011.06.29 14:01:30.929,0.89743,0.89756,4.50,4.35
2011.06.29 14:01:31.052,0.89743,0.89754,2.25,2.25
2011.06.29 14:01:31.609,0.89746,0.89754,2.25,2.25
2011.06.29 14:01:31.948,0.89747,0.89759,3.00,2.25
2011.06.29 14:01:32.055,0.89747,0.89756,2.25,2.25
2011.06.29 14:01:32.165,0.89747,0.89761,2.25,2.25
2011.06.29 14:01:32.277,0.89749,0.89762,3.00,2.10
2011.06.29 14:01:32.388,0.89749,0.89762,2.25,2.10
2011.06.29 14:01:32.496,0.89746,0.89762,4.50,4.35
2011.06.29 14:01:32.611,0.89746,0.8976,3.75,2.25
2011.06.29 14:01:34.936,0.89746,0.8976,3.75,2.25
2011.06.29 14:01:35.487,0.89745,0.89759,3.75,2.25
2011.06.29 14:01:35.598,0.89746,0.89762,3.75,6.60
2011.06.29 14:01:35.715,0.89746,0.8976,3.75,2.25
2011.06.29 14:01:36.046,0.89747,0.8976,1.13,2.25
2011.06.29 14:01:36.155,0.89747,0.89762,1.13,4.35
2011.06.29 14:01:36.376,0.89746,0.89761,1.50,2.25
2011.06.29 14:01:36.982,0.89747,0.89761,2.25,2.25
2011.06.29 14:01:37.537,0.89745,0.89761,3.00,2.25
2011.06.29 14:01:38.087,0.89745,0.89761,2.25,2.25
2011.06.29 14:01:39.766,0.89743,0.89757,4.50,2.25
2011.06.29 14:01:40.510,0.8974,0.89756,5.25,2.25
2011.06.29 14:01:41.070,0.89743,0.89756,1.50,2.25
2011.06.29 14:01:41.295,0.89742,0.89756,1.50,2.25
2011.06.29 14:01:41.845,0.89742,0.89755,1.50,2.25
2011.06.29 14:01:41.955,0.89742,0.89755,1.50,2.25
2011.06.29 14:01:43.385,0.89741,0.89755,3.00,2.25
2011.06.29 14:01:44.168,0.89741,0.89755,3.75,2.25
2011.06.29 14:01:44.406,0.89741,0.89755,4.88,2.25
2011.06.29 14:01:46.168,0.89741,0.89755,3.75,2.85
2011.06.29 14:01:46.276,0.89738,0.89749,1.88,2.25
2011.06.29 14:01:46.497,0.89738,0.89749,2.25,2.25
2011.06.29 14:01:46.715,0.89738,0.89753,3.75,2.63
2011.06.29 14:01:46.935,0.89742,0.89754,2.25,1.88
2011.06.29 14:01:47.597,0.89739,0.89754,3.00,1.88
2011.06.29 14:01:48.146,0.89738,0.89754,3.75,2.63
2011.06.29 14:01:48.747,0.89739,0.89754,2.25,2.63
2011.06.29 14:01:49.736,0.89738,0.89754,3.00,2.25
2011.06.29 14:01:50.287,0.89738,0.89754,3.75,2.25
2011.06.29 14:01:50.507,0.89742,0.89755,1.50,2.63
2011.06.29 14:01:50.727,0.89742,0.89757,1.50,2.63
2011.06.29 14:01:52.318,0.89742,0.89757,1.50,2.25
2011.06.29 14:01:52.559,0.89745,0.89761,3.75,3.00
2011.06.29 14:01:53.238,0.89746,0.89762,4.13,2.25
2011.06.29 14:01:53.457,0.89746,0.89762,3.75,2.25
2011.06.29 14:01:53.898,0.89746,0.8976,3.75,2.25
2011.06.29 14:01:54.117,0.89746,0.8976,3.00,2.25
2011.06.29 14:01:54.667,0.89743,0.89758,3.75,2.25
2011.06.29 14:01:54.995,0.89742,0.89756,2.25,2.25
2011.06.29 14:01:55.393,0.89744,0.89756,1.50,2.25
2011.06.29 14:01:55.621,0.89745,0.89759,3.00,2.25
2011.06.29 14:01:56.287,0.89745,0.89759,2.25,2.25
2011.06.29 14:01:56.838,0.89745,0.89758,2.25,3.00
2011.06.29 14:01:57.167,0.89742,0.89756,3.75,2.25
2011.06.29 14:01:58.446,0.89742,0.89756,3.00,2.25
2011.06.29 14:01:58.988,0.89742,0.89755,1.50,2.25
2011.06.29 14:01:59.227,0.89747,0.89762,3.00,2.48
2011.06.29 14:01:59.997,0.89747,0.89761,2.25,1.73
2011.06.29 14:02:00.547,0.89747,0.89761,2.25,1.73
2011.06.29 14:02:01.315,0.89747,0.89761,2.25,2.48
2011.06.29 14:02:01.535,0.89747,0.8976,2.25,1.50
2011.06.29 14:02:02.085,0.89747,0.89759,2.25,1.50
2011.06.29 14:02:02.628,0.89747,0.89757,2.25,1.50
2011.06.29 14:02:02.973,0.89745,0.89751,2.25,2.10
2011.06.29 14:02:03.093,0.89742,0.89751,2.25,2.10
2011.06.29 14:02:03.212,0.89736,0.8975,2.25,2.25
2011.06.29 14:02:03.328,0.89734,0.89748,3.00,2.25
2011.06.29 14:02:03.556,0.89736,0.89751,2.25,2.10
2011.06.29 14:02:03.669,0.89735,0.89748,2.25,2.10
2011.06.29 14:02:04.009,0.89733,0.89747,2.25,2.10
2011.06.29 14:02:04.236,0.89731,0.89745,2.25,2.25
2011.06.29 14:02:05.026,0.89729,0.89743,2.25,2.25
2011.06.29 14:02:05.475,0.89729,0.89745,3.75,3.75
2011.06.29 14:02:05.809,0.89731,0.89744,1.13,3.00
2011.06.29 14:02:06.257,0.8973,0.89744,4.50,2.25
2011.06.29 14:02:06.367,0.8973,0.89744,3.00,2.25
2011.06.29 14:02:07.027,0.8973,0.89744,4.50,2.25
2011.06.29 14:02:08.865,0.89732,0.89746,4.50,2.85
2011.06.29 14:02:09.526,0.89731,0.89745,6.00,2.25
2011.06.29 14:02:10.297,0.89731,0.89745,2.25,3.00
2011.06.29 14:02:10.928,0.89728,0.89744,3.75,3.00
2011.06.29 14:02:11.475,0.89729,0.89745,3.00,2.25
2011.06.29 14:02:12.425,0.89729,0.89745,3.75,2.25
2011.06.29 14:02:12.646,0.89729,0.89743,4.50,4.35
2011.06.29 14:02:13.195,0.89729,0.89743,3.75,2.10
2011.06.29 14:02:15.148,0.8973,0.89743,2.25,1.50
2011.06.29 14:02:15.268,0.89728,0.89742,2.25,3.00
2011.06.29 14:02:17.550,0.89728,0.89742,2.25,3.00
2011.06.29 14:02:18.328,0.89727,0.8974,2.25,2.25
2011.06.29 14:02:19.095,0.89725,0.89739,2.25,3.00
2011.06.29 14:02:20.250,0.89727,0.8974,2.25,2.85
2011.06.29 14:02:20.818,0.89727,0.89742,2.25,1.50
2011.06.29 14:02:21.588,0.89727,0.89743,3.00,3.60
2011.06.29 14:02:22.027,0.89731,0.89743,1.50,2.85
2011.06.29 14:02:22.470,0.89728,0.89743,1.13,2.85
2011.06.29 14:02:22.590,0.89728,0.89743,1.88,2.85
2011.06.29 14:02:23.292,0.89727,0.89743,5.25,3.60
2011.06.29 14:02:23.957,0.89729,0.89743,1.50,3.60
2011.06.29 14:02:24.947,0.89727,0.89743,5.25,3.60
2011.06.29 14:02:25.495,0.8973,0.89743,1.50,3.60
2011.06.29 14:02:26.375,0.89728,0.89743,4.13,3.60
2011.06.29 14:02:26.707,0.89734,0.89744,1.50,2.10
2011.06.29 14:02:26.817,0.89734,0.89747,3.00,3.34
2011.06.29 14:02:27.147,0.89735,0.89746,1.50,1.24
2011.06.29 14:02:27.257,0.89735,0.89748,2.25,2.25
2011.06.29 14:02:27.366,0.89736,0.8975,3.75,2.25
2011.06.29 14:02:27.588,0.89736,0.89752,4.88,3.38
2011.06.29 14:02:27.707,0.89736,0.8975,4.88,2.25
2011.06.29 14:02:28.258,0.89737,0.8975,1.50,2.25
2011.06.29 14:02:28.488,0.89741,0.89754,1.13,4.13
2011.06.29 14:02:29.039,0.8974,0.89754,3.00,2.25
2011.06.29 14:02:29.158,0.8974,0.89754,3.00,2.25
2011.06.29 14:02:29.769,0.89738,0.89753,1.50,2.25
2011.06.29 14:02:30.328,0.89739,0.89753,1.50,3.00
2011.06.29 14:02:30.437,0.89737,0.89753,3.75,3.00
2011.06.29 14:02:30.769,0.89737,0.89752,3.75,3.00
2011.06.29 14:02:31.328,0.89738,0.89748,1.88,2.25
2011.06.29 14:02:31.546,0.8974,0.89754,3.00,2.25
2011.06.29 14:02:32.866,0.8974,0.89754,3.00,2.25
2011.06.29 14:02:33.525,0.89739,0.89755,3.38,3.00
2011.06.29 14:02:35.745,0.8974,0.89753,1.50,2.25
2011.06.29 14:02:37.284,0.8974,0.89753,1.50,2.25
2011.06.29 14:02:37.835,0.89742,0.89756,1.13,2.25
2011.06.29 14:02:38.480,0.89745,0.89758,1.88,2.25
2011.06.29 14:02:38.603,0.89747,0.89761,3.00,2.25
2011.06.29 14:02:39.157,0.89748,0.89761,1.50,2.25
2011.06.29 14:02:39.598,0.8975,0.89764,4.13,2.25
2011.06.29 14:02:39.818,0.89755,0.89767,1.13,2.25
2011.06.29 14:02:40.377,0.89754,0.89768,2.25,6.38
2011.06.29 14:02:40.709,0.89752,0.89761,2.25,2.25
2011.06.29 14:02:41.095,0.89747,0.89761,2.25,2.25
2011.06.29 14:02:41.327,0.89745,0.89759,3.75,2.25
2011.06.29 14:02:42.099,0.89745,0.89759,3.75,2.25
2011.06.29 14:02:43.207,0.89743,0.89756,3.38,2.25
2011.06.29 14:02:43.318,0.89743,0.89759,3.60,2.85
2011.06.29 14:02:43.428,0.89743,0.89756,1.35,2.25
2011.06.29 14:02:43.867,0.89742,0.89754,1.13,2.25
2011.06.29 14:02:44.088,0.89744,0.89757,2.25,3.00
2011.06.29 14:02:44.197,0.89744,0.8976,4.50,3.00
2011.06.29 14:02:44.620,0.89746,0.89761,2.63,2.25
2011.06.29 14:02:45.179,0.89745,0.89761,4.50,2.25
2011.06.29 14:02:45.297,0.89745,0.89759,2.25,2.25
2011.06.29 14:02:45.849,0.89744,0.8976,3.75,3.00
2011.06.29 14:02:46.077,0.89746,0.8976,2.25,3.00
2011.06.29 14:02:48.703,0.89746,0.89762,3.38,5.25
2011.06.29 14:02:49.258,0.89747,0.89762,1.50,2.25
2011.06.29 14:02:49.805,0.89748,0.89762,3.75,2.25
2011.06.29 14:02:51.566,0.89749,0.89762,1.50,2.25
2011.06.29 14:02:52.666,0.89748,0.89762,2.25,2.25
2011.06.29 14:02:54.608,0.89748,0.89762,2.25,4.35
2011.06.29 14:02:55.166,0.89748,0.89761,3.00,2.10
2011.06.29 14:02:55.716,0.89746,0.8976,3.00,2.85
2011.06.29 14:02:56.336,0.89747,0.89761,2.63,4.35
2011.06.29 14:02:56.447,0.89747,0.89761,3.00,4.35
2011.06.29 14:02:57.000,0.89746,0.89762,2.25,3.00
2011.06.29 14:02:57.119,0.89746,0.8976,2.25,3.00
2011.06.29 14:02:57.350,0.89744,0.89758,4.50,3.00
2011.06.29 14:02:57.470,0.89744,0.89756,2.25,2.25
2011.06.29 14:02:57.696,0.89742,0.89756,2.25,2.25
2011.06.29 14:02:58.355,0.8974,0.89756,3.00,2.25
2011.06.29 14:03:02.936,0.89741,0.89756,1.13,2.25
2011.06.29 14:03:03.485,0.89742,0.89756,2.25,2.25
2011.06.29 14:03:04.036,0.89741,0.89755,3.00,2.25
2011.06.29 14:03:06.306,0.89742,0.89755,1.50,2.25
2011.06.29 14:03:07.244,0.89742,0.89755,1.50,2.25
2011.06.29 14:03:07.798,0.89743,0.89756,1.50,2.25
2011.06.29 14:03:08.027,0.89746,0.89756,1.50,2.25
2011.06.29 14:03:08.358,0.89748,0.89756,2.25,2.25
2011.06.29 14:03:08.478,0.89748,0.89761,2.25,2.25
2011.06.29 14:03:08.589,0.89749,0.89763,3.00,2.85
2011.06.29 14:03:08.953,0.8975,0.89763,1.50,2.85
2011.06.29 14:03:09.081,0.89749,0.89763,3.75,2.25
2011.06.29 14:03:09.417,0.89749,0.89761,3.00,2.10
2011.06.29 14:03:09.640,0.89746,0.8976,3.75,2.85
2011.06.29 14:03:09.870,0.89746,0.89759,2.25,1.35
2011.06.29 14:03:09.993,0.89743,0.89758,3.00,3.60
2011.06.29 14:03:10.217,0.89742,0.89757,1.50,2.25
2011.06.29 14:03:10.327,0.89742,0.89757,1.88,2.25
2011.06.29 14:03:10.657,0.89742,0.89757,2.25,2.25
2011.06.29 14:03:10.876,0.89744,0.89758,2.25,2.25
2011.06.29 14:03:11.206,0.89744,0.89758,3.75,2.25
2011.06.29 14:03:11.651,0.89746,0.8976,3.00,2.85
2011.06.29 14:03:12.226,0.89748,0.89761,1.50,4.35
2011.06.29 14:03:14.758,0.89748,0.89761,1.50,2.25
2011.06.29 14:03:15.445,0.89749,0.89764,1.50,2.25
2011.06.29 14:03:15.995,0.89749,0.89764,1.50,4.35
2011.06.29 14:03:16.548,0.89748,0.89762,1.50,3.00
2011.06.29 14:03:17.096,0.89747,0.89762,1.50,5.10
2011.06.29 14:03:17.206,0.89746,0.89762,3.75,5.10
2011.06.29 14:03:18.198,0.89747,0.89762,1.35,3.00
2011.06.29 14:03:18.829,0.89747,0.89761,2.25,2.10
2011.06.29 14:03:18.947,0.89743,0.89758,1.88,2.25
2011.06.29 14:03:19.495,0.89743,0.89758,2.25,2.25
2011.06.29 14:03:20.048,0.89742,0.89758,4.50,2.25
2011.06.29 14:03:22.919,0.89741,0.89755,3.38,2.25
2011.06.29 14:03:23.256,0.89743,0.89756,1.50,2.25
2011.06.29 14:03:23.698,0.89745,0.89758,1.50,2.25
2011.06.29 14:03:23.808,0.89745,0.89761,4.50,2.25
2011.06.29 14:03:24.027,0.89746,0.89758,1.13,2.25
2011.06.29 14:03:24.246,0.89746,0.8976,1.13,2.25
2011.06.29 14:03:24.797,0.89746,0.89759,1.13,2.25
2011.06.29 14:03:26.767,0.89749,0.89759,1.50,2.25
2011.06.29 14:03:26.878,0.8975,0.89761,1.50,2.25
2011.06.29 14:03:27.097,0.89749,0.89764,2.63,4.50
2011.06.29 14:03:27.207,0.89752,0.89766,2.25,2.25
2011.06.29 14:03:27.756,0.89749,0.89765,5.25,2.25
2011.06.29 14:03:28.085,0.89749,0.89763,5.25,2.25
2011.06.29 14:03:28.638,0.89751,0.89764,1.50,2.25
2011.06.29 14:03:29.139,0.8975,0.89762,1.50,2.25
2011.06.29 14:03:29.480,0.89754,0.89764,1.88,2.25
2011.06.29 14:03:29.707,0.89755,0.89766,1.50,2.25
2011.06.29 14:03:30.256,0.89752,0.89765,3.00,3.00
2011.06.29 14:03:30.368,0.89751,0.89763,2.25,2.25
2011.06.29 14:03:30.481,0.89749,0.89763,3.00,2.25
2011.06.29 14:03:31.039,0.89748,0.8976,1.50,2.25
2011.06.29 14:03:31.156,0.89748,0.89762,1.88,2.25
2011.06.29 14:03:31.377,0.89748,0.89764,4.13,2.25
2011.06.29 14:03:31.931,0.8975,0.89764,3.00,2.25
2011.06.29 14:03:32.486,0.89754,0.89768,3.00,2.25
2011.06.29 14:03:32.820,0.89755,0.89768,1.13,2.25
2011.06.29 14:03:33.155,0.89755,0.8977,2.63,2.25
2011.06.29 14:03:33.267,0.89756,0.89768,1.13,2.25
2011.06.29 14:03:33.817,0.89755,0.89769,3.00,2.25
2011.06.29 14:03:34.256,0.89755,0.89769,3.00,2.25
2011.06.29 14:03:34.590,0.89752,0.89766,4.13,2.25
2011.06.29 14:03:34.707,0.89752,0.89765,1.88,2.25
2011.06.29 14:03:34.815,0.89753,0.89767,3.00,2.25
2011.06.29 14:03:38.115,0.89754,0.89767,1.50,2.25
2011.06.29 14:03:38.447,0.89757,0.89767,1.88,2.25
2011.06.29 14:03:38.556,0.89757,0.89771,4.13,2.25
2011.06.29 14:03:40.618,0.89757,0.89771,3.38,2.25
2011.06.29 14:03:40.732,0.89755,0.89769,3.00,2.25
2011.06.29 14:03:40.848,0.89755,0.89769,2.25,2.25
2011.06.29 14:03:40.968,0.89753,0.89767,3.75,2.25
2011.06.29 14:03:41.515,0.89753,0.89767,4.13,2.25
2011.06.29 14:03:43.166,0.89753,0.89767,3.00,2.25
2011.06.29 14:03:43.387,0.8975,0.89766,4.50,2.25
2011.06.29 14:03:43.992,0.8975,0.89762,1.88,2.25
2011.06.29 14:03:44.216,0.89751,0.89765,1.13,2.25
2011.06.29 14:03:44.547,0.89749,0.89765,3.00,2.25
2011.06.29 14:03:45.099,0.89748,0.89764,3.00,3.00
2011.06.29 14:03:45.436,0.89745,0.89761,3.75,2.25
2011.06.29 14:03:45.985,0.89747,0.89761,2.25,2.25
2011.06.29 14:03:46.537,0.89747,0.89761,4.13,2.25
2011.06.29 14:03:46.645,0.8975,0.89764,2.25,2.25
2011.06.29 14:03:48.889,0.89753,0.89764,1.13,2.25
2011.06.29 14:03:49.117,0.89752,0.89764,1.50,2.25
2011.06.29 14:03:49.228,0.89753,0.89767,1.13,2.25
2011.06.29 14:03:49.448,0.89754,0.89768,3.38,3.00
2011.06.29 14:03:49.570,0.89752,0.89763,1.50,2.25
2011.06.29 14:03:49.906,0.89755,0.89769,2.25,3.00
2011.06.29 14:03:50.016,0.89755,0.89769,3.00,2.25
2011.06.29 14:03:50.235,0.89757,0.89771,2.25,2.63
2011.06.29 14:03:50.566,0.89754,0.89768,3.00,2.25
2011.06.29 14:03:51.117,0.89755,0.89769,4.13,2.25
2011.06.29 14:03:51.635,0.89755,0.89768,1.50,2.25
2011.06.29 14:03:52.295,0.89759,0.89768,1.13,2.25
2011.06.29 14:03:52.738,0.8976,0.89772,1.50,2.25
2011.06.29 14:03:53.286,0.89759,0.89773,3.75,2.25
2011.06.29 14:03:54.277,0.89759,0.89773,3.00,2.25
2011.06.29 14:03:54.386,0.89762,0.89775,1.50,2.25
2011.06.29 14:03:55.030,0.89762,0.89775,1.50,2.25
2011.06.29 14:03:55.589,0.89762,0.89774,1.50,2.25
2011.06.29 14:03:55.929,0.89762,0.89771,1.50,2.25
2011.06.29 14:03:56.271,0.89763,0.89775,1.50,2.25
2011.06.29 14:03:56.497,0.89759,0.89775,3.75,3.00
2011.06.29 14:03:57.047,0.8976,0.89775,1.50,3.00
2011.06.29 14:03:57.596,0.89762,0.89776,3.00,3.00
2011.06.29 14:03:58.297,0.89762,0.89776,2.25,2.25
2011.06.29 14:03:58.627,0.89764,0.89778,2.25,3.00
2011.06.29 14:03:58.736,0.89764,0.89778,2.25,2.25
2011.06.29 14:03:59.181,0.89767,0.89779,1.50,2.25
2011.06.29 14:03:59.412,0.89769,0.89783,3.00,3.00
2011.06.29 14:03:59.966,0.89768,0.89782,3.00,3.00
2011.06.29 14:04:00.516,0.89766,0.89781,1.50,2.25
2011.06.29 14:04:00.737,0.89765,0.8978,2.25,1.50
2011.06.29 14:04:00.846,0.89764,0.89778,2.25,2.25
2011.06.29 14:04:01.362,0.89764,0.89778,3.75,2.25
2011.06.29 14:04:01.915,0.89763,0.89778,3.00,2.25
2011.06.29 14:04:02.469,0.89765,0.89779,1.88,2.25
2011.06.29 14:04:03.247,0.89766,0.8978,3.75,5.25
2011.06.29 14:04:04.459,0.89765,0.89778,1.88,2.25
2011.06.29 14:04:04.960,0.89767,0.89781,2.25,3.00
2011.06.29 14:04:05.082,0.89764,0.8978,3.00,3.75
2011.06.29 14:04:05.966,0.89764,0.8978,3.38,3.75
2011.06.29 14:04:06.405,0.89767,0.8978,1.13,1.50
2011.06.29 14:04:06.956,0.89767,0.89781,1.13,1.50
2011.06.29 14:04:07.506,0.89768,0.89781,1.50,1.50
2011.06.29 14:04:07.615,0.89768,0.89782,1.50,4.50
2011.06.29 14:04:07.726,0.89768,0.8978,1.50,2.25
2011.06.29 14:04:07.946,0.89768,0.89782,1.50,4.50
2011.06.29 14:04:08.610,0.8977,0.89782,1.13,1.50
2011.06.29 14:04:08.995,0.89769,0.89782,1.88,1.50
2011.06.29 14:04:09.113,0.89767,0.89782,4.13,1.50
2011.06.29 14:04:09.340,0.89765,0.8978,2.25,2.25
2011.06.29 14:04:09.895,0.89764,0.89776,1.50,2.25
2011.06.29 14:04:10.445,0.89764,0.89776,1.50,2.25
2011.06.29 14:04:10.778,0.89769,0.89776,1.50,2.25
2011.06.29 14:04:11.006,0.89769,0.89779,1.50,2.25
2011.06.29 14:04:11.340,0.89771,0.89782,1.50,3.75
2011.06.29 14:04:11.458,0.89772,0.89782,1.50,3.75
2011.06.29 14:04:12.006,0.89772,0.89782,1.50,2.25
2011.06.29 14:04:12.337,0.89771,0.8978,1.88,2.25
2011.06.29 14:04:12.450,0.89771,0.8978,1.13,3.00
2011.06.29 14:04:12.676,0.89767,0.8978,1.88,3.00
2011.06.29 14:04:12.898,0.89767,0.89777,1.50,2.25
2011.06.29 14:04:13.007,0.89767,0.89779,1.50,2.25
2011.06.29 14:04:13.336,0.89768,0.89776,1.50,2.25
2011.06.29 14:04:13.776,0.89762,0.89776,3.75,2.25
2011.06.29 14:04:13.888,0.89762,0.89774,3.75,1.50
2011.06.29 14:04:14.397,0.89763,0.89774,2.25,1.50
2011.06.29 14:04:14.540,0.89757,0.89771,2.25,2.25
2011.06.29 14:04:14.660,0.89755,0.89771,2.63,2.25
2011.06.29 14:04:15.217,0.89755,0.89771,3.00,2.25
2011.06.29 14:04:15.435,0.89755,0.89771,3.75,2.25
2011.06.29 14:04:15.989,0.89762,0.89771,1.50,2.25
2011.06.29 14:04:16.436,0.8976,0.89771,1.50,2.25
2011.06.29 14:04:16.985,0.89763,0.89771,1.50,2.25
2011.06.29 14:04:17.535,0.89762,0.89771,1.50,2.25
2011.06.29 14:04:18.086,0.89762,0.89771,1.50,2.25
2011.06.29 14:04:18.636,0.89763,0.89771,1.50,2.25
2011.06.29 14:04:19.077,0.8976,0.89771,1.50,2.25
2011.06.29 14:04:19.628,0.89759,0.89771,1.50,2.25
2011.06.29 14:04:20.178,0.89759,0.89772,2.25,2.25
2011.06.29 14:04:20.286,0.89759,0.8977,2.25,2.25
2011.06.29 14:04:20.836,0.8976,0.89771,1.50,2.25
2011.06.29 14:04:21.264,0.8976,0.89768,1.50,2.25
2011.06.29 14:04:21.382,0.8976,0.8977,1.50,2.25
2011.06.29 14:04:22.486,0.8976,0.8977,1.50,2.25
2011.06.29 14:04:22.929,0.89758,0.89772,1.50,2.25
2011.06.29 14:04:23.048,0.89759,0.8977,1.50,2.25
2011.06.29 14:04:25.905,0.89759,0.8977,1.50,2.25
2011.06.29 14:04:26.236,0.8976,0.89771,1.50,2.25
2011.06.29 14:04:26.567,0.89765,0.89773,1.50,2.25
2011.06.29 14:04:26.895,0.89761,0.89771,1.50,2.25
2011.06.29 14:04:27.119,0.89758,0.89771,2.25,2.25
2011.06.29 14:04:28.007,0.8976,0.89771,1.13,2.25
2011.06.29 14:04:28.337,0.89759,0.89772,1.88,2.25
2011.06.29 14:04:29.512,0.8976,0.89773,1.50,2.25
2011.06.29 14:04:30.065,0.89761,0.89774,1.13,2.25
2011.06.29 14:04:30.837,0.89761,0.89772,1.50,2.25
2011.06.29 14:04:31.387,0.89761,0.89772,1.50,2.25
2011.06.29 14:04:31.935,0.89761,0.89772,1.50,2.25
2011.06.29 14:04:33.573,0.8976,0.89772,2.25,2.25
2011.06.29 14:04:33.798,0.89761,0.89772,2.55,2.25
2011.06.29 14:04:34.355,0.89761,0.89773,2.18,2.25
2011.06.29 14:04:34.904,0.89761,0.89772,1.50,2.25
2011.06.29 14:04:35.235,0.8976,0.89772,1.50,2.25
2011.06.29 14:04:35.456,0.89762,0.89772,1.50,2.25
2011.06.29 14:04:35.566,0.89761,0.89772,2.18,2.25
2011.06.29 14:04:35.786,0.89762,0.89774,2.85,2.25
2011.06.29 14:04:36.400,0.89763,0.89773,1.50,2.25
2011.06.29 14:04:36.955,0.89763,0.89773,1.50,2.25
2011.06.29 14:04:37.507,0.89766,0.89773,1.13,2.25
2011.06.29 14:04:37.615,0.89766,0.89775,1.13,2.25
2011.06.29 14:04:38.385,0.89763,0.89775,4.13,2.25
2011.06.29 14:04:38.826,0.89767,0.89775,1.13,2.25
2011.06.29 14:04:39.157,0.89773,0.89779,1.50,3.00
2011.06.29 14:04:43.289,0.89766,0.89781,2.25,2.25
2011.06.29 14:04:43.737,0.89763,0.89779,3.00,3.00
2011.06.29 14:04:43.859,0.89763,0.89777,3.00,2.25
2011.06.29 14:04:44.198,0.8976,0.89776,3.00,2.25
2011.06.29 14:04:44.865,0.89761,0.89777,2.25,4.13
2011.06.29 14:04:45.307,0.89764,0.89778,2.25,2.25
2011.06.29 14:04:46.086,0.89764,0.8978,3.38,4.88
2011.06.29 14:04:46.200,0.89764,0.8978,4.88,2.25
2011.06.29 14:04:46.540,0.8977,0.89781,2.25,2.25
2011.06.29 14:04:46.658,0.8977,0.89784,5.25,2.25
2011.06.29 14:04:47.215,0.8977,0.89784,4.50,2.25
2011.06.29 14:04:47.766,0.8977,0.89784,2.25,6.00
2011.06.29 14:04:48.293,0.89768,0.89781,2.25,2.25
2011.06.29 14:04:48.413,0.89766,0.8978,3.00,3.00
2011.06.29 14:04:48.860,0.89765,0.89778,3.00,2.10
2011.06.29 14:04:49.198,0.89765,0.89781,2.25,4.50
2011.06.29 14:04:49.316,0.89763,0.89779,2.25,2.25
2011.06.29 14:04:49.648,0.89766,0.8978,2.25,1.50
2011.06.29 14:04:49.986,0.89763,0.89777,3.75,2.25
2011.06.29 14:04:50.314,0.89763,0.89775,1.88,2.25
2011.06.29 14:04:51.140,0.89764,0.89775,1.50,2.25
2011.06.29 14:04:51.475,0.89763,0.89779,3.75,2.25
2011.06.29 14:04:52.024,0.89764,0.89778,3.75,2.25
2011.06.29 14:04:52.796,0.89764,0.89778,4.13,2.25
2011.06.29 14:04:53.127,0.89768,0.89778,1.13,2.25
2011.06.29 14:04:53.247,0.89767,0.89782,1.13,2.25
2011.06.29 14:04:53.465,0.89768,0.89781,1.13,2.25
2011.06.29 14:04:54.297,0.89769,0.89782,1.50,2.25
2011.06.29 14:04:55.176,0.89767,0.89782,1.50,2.25
2011.06.29 14:04:55.506,0.89765,0.89779,5.25,1.35
2011.06.29 14:04:55.839,0.89765,0.89778,2.25,5.85
2011.06.29 14:04:56.070,0.89764,0.8978,3.00,2.85
2011.06.29 14:04:56.735,0.89764,0.8978,3.00,5.85
2011.06.29 14:04:57.368,0.89765,0.8978,2.25,5.48
2011.06.29 14:04:57.925,0.89765,0.8978,1.50,2.85
2011.06.29 14:04:58.366,0.89766,0.8978,1.50,2.85
2011.06.29 14:05:00.966,0.89766,0.89779,3.00,1.50
2011.06.29 14:05:01.077,0.89766,0.89779,3.00,1.50
2011.06.29 14:05:01.861,0.89763,0.89776,2.25,2.25
2011.06.29 14:05:03.526,0.89763,0.89776,2.25,1.50
2011.06.29 14:05:04.075,0.89763,0.89776,2.25,1.50
2011.06.29 14:05:04.737,0.89763,0.89776,2.25,1.50
2011.06.29 14:05:06.194,0.89763,0.89776,2.25,1.50
2011.06.29 14:05:07.858,0.89761,0.89776,1.50,4.50
2011.06.29 14:05:08.416,0.89761,0.89775,2.25,3.75
2011.06.29 14:05:08.968,0.89761,0.89773,2.25,1.50
2011.06.29 14:05:09.089,0.89761,0.89773,2.25,1.50
2011.06.29 14:05:09.208,0.89759,0.89773,5.25,3.75
2011.06.29 14:05:09.655,0.8976,0.89775,1.50,2.25
2011.06.29 14:05:10.427,0.8976,0.89775,1.50,2.25
2011.06.29 14:05:11.282,0.89761,0.89775,2.25,3.75
2011.06.29 14:05:11.511,0.89761,0.89771,2.25,1.50
2011.06.29 14:05:11.633,0.89759,0.89771,1.50,1.50
2011.06.29 14:05:11.750,0.89758,0.89765,2.25,1.50
2011.06.29 14:05:12.307,0.89756,0.89769,3.00,1.50
2011.06.29 14:05:12.859,0.89756,0.8977,2.25,2.25
2011.06.29 14:05:13.418,0.89753,0.89769,4.50,4.50
2011.06.29 14:05:13.866,0.89756,0.89768,1.13,2.25
2011.06.29 14:05:13.977,0.89756,0.89769,2.25,2.25
2011.06.29 14:05:14.335,0.89756,0.89772,4.50,4.50
2011.06.29 14:05:14.678,0.89759,0.89772,1.13,2.25
2011.06.29 14:05:14.909,0.8976,0.89774,2.25,2.25
2011.06.29 14:05:15.357,0.89757,0.89773,7.73,2.25
2011.06.29 14:05:15.465,0.8976,0.89774,2.25,2.25
2011.06.29 14:05:15.905,0.89757,0.89773,6.98,2.25
2011.06.29 14:05:16.457,0.8976,0.89774,2.25,3.00
2011.06.29 14:05:17.972,0.8976,0.89774,3.00,2.25
2011.06.29 14:05:19.275,0.8976,0.89774,2.25,2.25
2011.06.29 14:05:20.487,0.8976,0.89773,2.25,1.13
2011.06.29 14:05:20.597,0.89757,0.89771,4.50,3.00
2011.06.29 14:05:21.147,0.89753,0.89768,5.25,1.13
2011.06.29 14:05:21.476,0.89753,0.89767,3.00,3.00
2011.06.29 14:05:21.908,0.89756,0.89767,2.25,2.25
2011.06.29 14:05:22.137,0.8976,0.89774,2.25,5.25
2011.06.29 14:05:22.468,0.8976,0.89774,2.25,3.38
2011.06.29 14:05:22.589,0.89757,0.89773,3.00,3.00
2011.06.29 14:05:22.817,0.89759,0.89774,2.25,2.25
2011.06.29 14:05:23.476,0.89757,0.89772,2.25,2.25
2011.06.29 14:05:23.916,0.89756,0.8977,3.75,2.25
2011.06.29 14:05:24.245,0.89758,0.89772,2.85,2.25
2011.06.29 14:05:25.216,0.89758,0.89774,2.85,2.85
2011.06.29 14:05:27.786,0.89759,0.89775,2.25,2.25
2011.06.29 14:05:28.336,0.89759,0.89774,2.25,1.50
2011.06.29 14:05:28.448,0.89759,0.89774,2.25,1.13
2011.06.29 14:05:28.566,0.89757,0.89773,3.00,2.25
2011.06.29 14:05:28.790,0.89756,0.8977,5.63,2.25
2011.06.29 14:05:29.310,0.89756,0.8977,3.00,2.25
2011.06.29 14:05:30.308,0.89757,0.89771,2.25,2.25
2011.06.29 14:05:30.536,0.89756,0.89772,3.00,3.75
2011.06.29 14:05:31.087,0.89756,0.8977,2.25,3.00
2011.06.29 14:05:31.636,0.89756,0.8977,4.50,2.25
2011.06.29 14:05:32.083,0.89758,0.89772,2.25,2.25
2011.06.29 14:05:33.087,0.89756,0.89771,3.00,2.25
2011.06.29 14:05:33.745,0.89756,0.89772,3.00,2.25
2011.06.29 14:05:34.079,0.89756,0.8977,3.00,2.25
2011.06.29 14:05:34.525,0.89757,0.89772,1.50,2.25
2011.06.29 14:05:34.858,0.89756,0.89769,2.25,1.50
2011.06.29 14:05:35.087,0.89753,0.89769,2.25,3.00
2011.06.29 14:05:35.511,0.89751,0.89766,1.50,2.25
2011.06.29 14:05:36.066,0.89752,0.89766,2.25,2.25
2011.06.29 14:05:36.675,0.89751,0.89766,2.25,2.25
2011.06.29 14:05:37.226,0.89751,0.89767,3.00,3.00
2011.06.29 14:05:37.556,0.8975,0.89765,1.50,2.25
2011.06.29 14:05:38.324,0.89749,0.89765,3.00,2.25
2011.06.29 14:05:38.768,0.89749,0.89764,2.25,1.13
2011.06.29 14:05:38.997,0.89749,0.89765,2.25,3.38
2011.06.29 14:05:39.502,0.89749,0.89765,2.25,5.25
2011.06.29 14:05:39.619,0.89749,0.89761,2.25,1.50
2011.06.29 14:05:39.850,0.89748,0.89762,2.25,1.50
2011.06.29 14:05:40.405,0.89748,0.89762,2.25,1.50
2011.06.29 14:05:40.515,0.89748,0.89763,2.25,1.88
2011.06.29 14:05:41.175,0.89748,0.89763,2.25,3.38
2011.06.29 14:05:41.728,0.89748,0.89761,2.25,1.50
2011.06.29 14:05:42.287,0.89747,0.89761,2.25,2.25
2011.06.29 14:05:43.596,0.89747,0.89761,3.00,4.13
2011.06.29 14:05:43.706,0.89747,0.89761,3.00,5.10
2011.06.29 14:05:44.038,0.89746,0.8976,3.00,3.75
2011.06.29 14:05:44.376,0.89742,0.89755,1.50,2.25
2011.06.29 14:05:44.926,0.8974,0.89755,1.50,4.35
2011.06.29 14:05:45.366,0.8974,0.89751,1.50,2.10
2011.06.29 14:05:45.476,0.89739,0.89751,2.25,2.10
2011.06.29 14:05:46.010,0.89736,0.8975,3.00,3.23
2011.06.29 14:05:46.567,0.89736,0.8975,3.75,3.23
2011.06.29 14:05:46.685,0.89737,0.8975,1.50,3.23
2011.06.29 14:05:46.907,0.89737,0.89751,3.00,6.98
2011.06.29 14:05:47.356,0.89739,0.8975,1.50,2.63
2011.06.29 14:05:47.795,0.8974,0.8975,1.50,2.25
2011.06.29 14:05:48.125,0.8974,0.89753,1.50,4.13
2011.06.29 14:05:48.674,0.8974,0.89753,1.50,2.63
2011.06.29 14:05:49.307,0.89735,0.8975,3.38,2.25
2011.06.29 14:05:49.422,0.89736,0.89746,1.88,2.25
2011.06.29 14:05:49.538,0.89736,0.89749,1.50,2.25
2011.06.29 14:05:49.660,0.89734,0.89749,1.88,3.00
2011.06.29 14:05:50.109,0.89733,0.89746,1.50,1.50
2011.06.29 14:05:50.558,0.89732,0.89743,1.50,3.00
2011.06.29 14:05:50.677,0.89729,0.89743,1.50,3.00
2011.06.29 14:05:51.461,0.8973,0.89743,1.50,3.00
2011.06.29 14:05:52.017,0.89729,0.89743,1.50,3.00
2011.06.29 14:05:52.678,0.89727,0.89743,4.50,3.75
2011.06.29 14:05:53.019,0.89726,0.89737,3.00,1.13
2011.06.29 14:05:53.141,0.89726,0.89739,2.25,2.25
2011.06.29 14:05:53.259,0.89726,0.89734,2.25,2.10
2011.06.29 14:05:53.595,0.89726,0.89734,2.25,1.13
2011.06.29 14:05:54.162,0.8972,0.89733,3.00,2.10
2011.06.29 14:05:54.279,0.89718,0.89733,3.00,1.73
2011.06.29 14:05:54.396,0.89718,0.89731,3.00,2.10
2011.06.29 14:05:54.615,0.89718,0.89733,3.00,1.73
2011.06.29 14:05:55.608,0.8972,0.89734,3.00,4.13
2011.06.29 14:05:55.835,0.89721,0.89736,2.25,6.98
2011.06.29 14:05:58.328,0.89723,0.89736,2.25,1.88
2011.06.29 14:05:58.444,0.89723,0.89737,2.25,2.63
2011.06.29 14:05:58.886,0.89721,0.89737,3.00,4.13
2011.06.29 14:05:59.106,0.89722,0.89737,1.13,4.13
2011.06.29 14:06:00.102,0.89725,0.89738,2.25,1.50
2011.06.29 14:06:00.217,0.89723,0.89739,2.25,3.75
2011.06.29 14:06:00.340,0.89723,0.89737,2.25,1.50
2011.06.29 14:06:00.897,0.89724,0.89735,2.25,1.50
2011.06.29 14:06:01.448,0.89725,0.89736,2.25,1.50
2011.06.29 14:06:01.789,0.89723,0.89735,2.25,1.50
2011.06.29 14:06:01.908,0.89725,0.89737,3.00,2.25
2011.06.29 14:06:02.513,0.89727,0.89739,2.25,1.50
2011.06.29 14:06:02.633,0.89728,0.89741,3.00,1.88
2011.06.29 14:06:02.862,0.8973,0.89742,2.25,1.50
2011.06.29 14:06:03.529,0.89729,0.89741,3.00,1.50
2011.06.29 14:06:03.650,0.89729,0.89743,2.25,3.00
2011.06.29 14:06:03.986,0.8973,0.89743,2.25,1.50
2011.06.29 14:06:04.207,0.89728,0.89741,3.00,1.50
2011.06.29 14:06:04.316,0.89728,0.89742,3.00,3.00
2011.06.29 14:06:04.867,0.89728,0.89742,2.25,3.00
2011.06.29 14:06:05.085,0.89726,0.89742,3.00,3.00
2011.06.29 14:06:05.195,0.89726,0.89742,3.75,3.00
2011.06.29 14:06:05.751,0.8973,0.89744,2.25,2.63
2011.06.29 14:06:06.416,0.89727,0.89743,3.75,3.00
2011.06.29 14:06:06.747,0.89729,0.89745,2.25,4.13
2011.06.29 14:06:07.078,0.89726,0.89742,3.00,3.00
2011.06.29 14:06:07.636,0.89727,0.89741,2.25,2.25
2011.06.29 14:06:09.241,0.89725,0.89739,3.00,2.25
2011.06.29 14:06:10.676,0.89725,0.89739,4.50,2.25
2011.06.29 14:06:11.227,0.89725,0.89739,2.25,2.25
2011.06.29 14:06:11.337,0.89722,0.89737,3.00,1.50
2011.06.29 14:06:11.446,0.89721,0.89735,3.00,2.25
2011.06.29 14:06:11.776,0.89723,0.89737,2.25,2.25
2011.06.29 14:06:12.327,0.89722,0.89736,2.25,2.25
2011.06.29 14:06:12.876,0.89722,0.89736,4.50,2.25
2011.06.29 14:06:13.209,0.89726,0.8974,1.50,3.38
2011.06.29 14:06:13.767,0.89726,0.8974,1.50,2.25
2011.06.29 14:06:14.210,0.89724,0.8974,2.25,2.25
2011.06.29 14:06:14.819,0.89724,0.89738,2.25,2.25
2011.06.29 14:06:15.489,0.89724,0.89738,3.75,2.25
2011.06.29 14:06:16.045,0.89726,0.89739,1.50,2.25
2011.06.29 14:06:16.818,0.89725,0.89739,2.25,3.00
2011.06.29 14:06:17.771,0.89725,0.89739,3.00,2.25
2011.06.29 14:06:18.548,0.89725,0.89739,2.25,2.25
2011.06.29 14:06:19.108,0.89724,0.89738,2.25,2.25
2011.06.29 14:06:19.448,0.89721,0.89735,3.00,2.25
2011.06.29 14:06:20.226,0.89721,0.89735,2.25,2.25
2011.06.29 14:06:21.183,0.89719,0.89735,2.25,4.50
2011.06.29 14:06:21.300,0.89719,0.89732,1.50,2.25
2011.06.29 14:06:21.635,0.8972,0.89732,1.50,2.25
2011.06.29 14:06:21.858,0.8972,0.89735,1.50,2.63
2011.06.29 14:06:24.036,0.89719,0.89735,3.38,2.25
2011.06.29 14:06:24.589,0.89719,0.89735,3.38,2.25
2011.06.29 14:06:24.710,0.89719,0.89733,3.38,1.88
2011.06.29 14:06:24.830,0.89718,0.89732,3.75,3.00
2011.06.29 14:06:25.060,0.89717,0.89731,2.25,4.13
2011.06.29 14:06:25.178,0.89715,0.89729,1.50,3.60
2011.06.29 14:06:25.519,0.89711,0.89727,2.63,5.10
2011.06.29 14:06:25.859,0.89711,0.89727,2.63,5.85
2011.06.29 14:06:26.555,0.89712,0.89726,2.63,3.00
2011.06.29 14:06:26.675,0.89712,0.89726,3.38,2.25
2011.06.29 14:06:27.227,0.89715,0.89729,2.63,4.13
2011.06.29 14:06:27.886,0.89715,0.89729,2.25,2.25
2011.06.29 14:06:28.109,0.89715,0.89731,2.25,3.75
2011.06.29 14:06:28.337,0.89715,0.89729,2.25,1.50
2011.06.29 14:06:29.063,0.89715,0.89731,5.25,2.25
2011.06.29 14:06:29.181,0.89719,0.89731,3.00,2.25
2011.06.29 14:06:29.408,0.89719,0.89735,3.75,2.63
2011.06.29 14:06:29.857,0.89719,0.89735,3.00,4.50
2011.06.29 14:06:30.190,0.89716,0.8973,2.25,4.50
2011.06.29 14:06:30.748,0.89715,0.89729,2.25,2.25
2011.06.29 14:06:31.884,0.89715,0.89729,7.13,2.25
2011.06.29 14:06:32.437,0.89715,0.89729,6.00,3.00
2011.06.29 14:06:32.546,0.89717,0.89732,2.25,1.50
2011.06.29 14:06:32.768,0.89718,0.89732,2.25,2.25
2011.06.29 14:06:33.537,0.89718,0.89732,2.25,3.00
2011.06.29 14:06:33.648,0.89718,0.89732,2.25,2.25
2011.06.29 14:06:34.458,0.89718,0.89732,2.25,3.75
2011.06.29 14:06:34.910,0.89716,0.89732,4.50,4.50
2011.06.29 14:06:35.027,0.89716,0.89728,4.50,1.13
2011.06.29 14:06:35.467,0.89716,0.8973,2.25,3.75
2011.06.29 14:06:35.578,0.89714,0.8973,2.25,3.75
2011.06.29 14:06:35.694,0.89717,0.8973,2.25,1.50
2011.06.29 14:06:36.248,0.89717,0.89731,2.25,3.00
2011.06.29 14:06:36.806,0.89717,0.89731,5.10,2.25
2011.06.29 14:06:36.915,0.89717,0.89733,5.10,2.25
2011.06.29 14:06:37.828,0.89717,0.89731,4.35,2.25
2011.06.29 14:06:40.496,0.89717,0.89733,4.35,2.25
2011.06.29 14:06:41.845,0.89717,0.89733,4.35,3.00
2011.06.29 14:06:42.394,0.89717,0.89732,2.10,3.75
2011.06.29 14:06:42.505,0.89716,0.89732,3.60,4.35
2011.06.29 14:06:42.835,0.89717,0.89732,2.10,3.75
2011.06.29 14:06:43.606,0.89717,0.89733,4.35,3.00
2011.06.29 14:06:44.049,0.89717,0.89731,4.35,2.25
2011.06.29 14:06:44.607,0.89718,0.89732,3.60,2.25
2011.06.29 14:06:46.366,0.89718,0.89732,3.60,2.25
2011.06.29 14:06:46.805,0.89718,0.89732,4.35,2.25
2011.06.29 14:06:47.244,0.89719,0.89732,2.25,2.25
2011.06.29 14:06:47.465,0.89718,0.89732,5.10,2.25
2011.06.29 14:06:47.684,0.89718,0.89732,5.48,2.25
2011.06.29 14:06:49.016,0.89718,0.89732,4.35,2.25
2011.06.29 14:06:49.676,0.89718,0.89732,2.85,2.25
2011.06.29 14:06:50.335,0.89718,0.89732,3.60,2.63
2011.06.29 14:06:50.447,0.89718,0.89732,4.35,2.25
2011.06.29 14:06:53.116,0.8972,0.89732,2.85,2.25
2011.06.29 14:06:53.666,0.89721,0.89732,1.50,2.25
2011.06.29 14:06:54.389,0.89721,0.89732,2.25,2.25
2011.06.29 14:06:54.715,0.89719,0.89732,2.25,2.25
2011.06.29 14:06:55.377,0.89718,0.89732,2.25,2.25
2011.06.29 14:06:55.816,0.89718,0.89732,3.75,2.25
2011.06.29 14:06:56.367,0.89726,0.89734,1.50,2.25
2011.06.29 14:06:56.477,0.89726,0.89737,1.50,2.25
2011.06.29 14:06:56.589,0.89728,0.89741,1.50,3.75
2011.06.29 14:06:57.125,0.89728,0.89746,6.00,4.50
2011.06.29 14:06:57.686,0.89728,0.89747,3.75,2.63
2011.06.29 14:06:58.348,0.89728,0.89744,1.50,1.88
2011.06.29 14:06:58.576,0.89726,0.89741,1.50,2.25
2011.06.29 14:07:00.152,0.89726,0.89741,2.25,2.25
2011.06.29 14:07:00.706,0.89725,0.89741,3.75,3.00
2011.06.29 14:07:00.926,0.89725,0.89741,3.75,3.38
2011.06.29 14:07:01.145,0.89723,0.89739,4.50,2.25
2011.06.29 14:07:01.368,0.89725,0.89739,2.25,2.25
2011.06.29 14:07:01.925,0.89727,0.89741,2.25,3.00
2011.06.29 14:07:02.806,0.89727,0.89743,3.75,2.25
2011.06.29 14:07:03.025,0.89729,0.89745,2.25,3.38
2011.06.29 14:07:04.095,0.89729,0.89745,2.25,3.38
2011.06.29 14:07:04.535,0.89727,0.89741,2.25,3.00
2011.06.29 14:07:04.864,0.89725,0.89741,3.00,3.00
2011.06.29 14:07:06.406,0.89725,0.89739,3.00,2.10
2011.06.29 14:07:07.535,0.89725,0.89739,3.00,2.10
2011.06.29 14:07:08.525,0.89725,0.89738,2.25,1.73
2011.06.29 14:07:08.855,0.89724,0.89738,2.25,3.60
2011.06.29 14:07:08.966,0.89724,0.89735,2.25,1.35
2011.06.29 14:07:09.185,0.8972,0.89735,1.50,2.85
2011.06.29 14:07:09.406,0.89721,0.89737,2.85,3.00
2011.06.29 14:07:09.627,0.89723,0.89737,2.25,2.25
2011.06.29 14:07:10.146,0.89724,0.8974,3.75,3.23
2011.06.29 14:07:11.686,0.89724,0.8974,3.75,2.85
2011.06.29 14:07:12.234,0.89724,0.8974,3.75,2.85
2011.06.29 14:07:13.116,0.89724,0.8974,3.75,2.85
2011.06.29 14:07:13.900,0.89724,0.8974,3.75,2.85
2011.06.29 14:07:16.636,0.89724,0.8974,4.88,2.85
2011.06.29 14:07:17.184,0.89727,0.89741,3.75,2.25
2011.06.29 14:07:17.685,0.89729,0.89743,2.25,2.63
2011.06.29 14:07:17.935,0.8973,0.89744,2.25,2.85
2011.06.29 14:07:18.595,0.8973,0.89744,2.25,3.60
2011.06.29 14:07:19.107,0.89727,0.89741,2.25,2.25
2011.06.29 14:07:20.316,0.89724,0.8974,3.00,2.25
2011.06.29 14:07:22.924,0.89724,0.8974,2.25,3.75
2011.06.29 14:07:23.474,0.89724,0.8974,2.25,3.75
2011.06.29 14:07:24.025,0.89723,0.89739,4.50,3.00
2011.06.29 14:07:24.575,0.89723,0.89739,3.00,2.25
2011.06.29 14:07:25.707,0.89724,0.89739,3.23,2.25
2011.06.29 14:07:26.058,0.89731,0.89745,3.38,2.85
2011.06.29 14:07:27.708,0.89732,0.89748,3.00,2.85
2011.06.29 14:07:28.716,0.89736,0.89748,1.13,3.60
2011.06.29 14:07:29.049,0.89735,0.89749,3.00,3.00
2011.06.29 14:07:29.467,0.89735,0.89748,2.25,1.50
2011.06.29 14:07:29.690,0.89735,0.89748,3.75,1.50
2011.06.29 14:07:29.919,0.89737,0.89749,1.50,3.75
2011.06.29 14:07:30.259,0.89735,0.89748,3.75,1.50
2011.06.29 14:07:30.379,0.89735,0.89748,2.25,1.50
2011.06.29 14:07:30.607,0.89732,0.89746,2.25,3.00
2011.06.29 14:07:30.828,0.89731,0.89744,2.25,1.88
2011.06.29 14:07:30.948,0.89729,0.89743,4.50,3.00
2011.06.29 14:07:31.178,0.89727,0.89741,2.25,3.00
2011.06.29 14:07:31.407,0.89724,0.89737,5.25,1.50
2011.06.29 14:07:31.933,0.89724,0.89737,3.00,1.50
2011.06.29 14:07:32.266,0.89724,0.8974,3.00,3.75
2011.06.29 14:07:32.705,0.89726,0.8974,1.50,3.75
2011.06.29 14:07:33.257,0.89728,0.8974,1.13,3.75
2011.06.29 14:07:33.380,0.89727,0.8974,3.75,1.50
2011.06.29 14:07:33.827,0.89728,0.89742,3.75,1.50
2011.06.29 14:07:34.267,0.89729,0.89741,3.00,1.50
2011.06.29 14:07:34.815,0.89729,0.89741,1.50,3.75
2011.06.29 14:07:35.146,0.89729,0.89741,1.88,1.50
2011.06.29 14:07:35.475,0.8973,0.89743,3.38,1.50
2011.06.29 14:07:35.807,0.89729,0.8974,1.50,1.50
2011.06.29 14:07:36.347,0.89732,0.89745,2.25,1.50
2011.06.29 14:07:36.457,0.89729,0.89745,3.00,3.00
2011.06.29 14:07:36.575,0.89728,0.89743,2.25,2.25
2011.06.29 14:07:37.785,0.89729,0.89745,6.00,2.25
2011.06.29 14:07:38.335,0.89729,0.89745,4.50,3.75
2011.06.29 14:07:38.886,0.89731,0.89745,3.75,1.50
2011.06.29 14:07:39.434,0.89731,0.89747,2.25,3.00
2011.06.29 14:07:39.984,0.89731,0.89745,2.25,2.25
2011.06.29 14:07:41.052,0.89733,0.89745,1.50,3.00
2011.06.29 14:07:41.606,0.89736,0.89747,3.75,1.50
2011.06.29 14:07:43.357,0.89736,0.89744,2.25,1.50
2011.06.29 14:07:43.689,0.89732,0.89744,2.25,1.50
2011.06.29 14:07:43.809,0.8973,0.89744,2.25,2.25
2011.06.29 14:07:43.927,0.8973,0.89744,3.00,1.50
2011.06.29 14:07:46.006,0.89732,0.89746,1.88,3.75
2011.06.29 14:07:46.335,0.89737,0.89746,1.50,1.50
2011.06.29 14:07:46.885,0.89736,0.89747,1.50,1.50
2011.06.29 14:07:47.218,0.89738,0.89747,2.25,1.50
2011.06.29 14:07:47.436,0.89738,0.89753,2.25,4.88
2011.06.29 14:07:47.546,0.89738,0.89753,1.50,3.75
2011.06.29 14:07:47.768,0.89737,0.89751,3.00,1.50
2011.06.29 14:07:48.105,0.89735,0.89747,2.25,1.50
2011.06.29 14:07:48.769,0.89735,0.89747,3.00,1.50
2011.06.29 14:07:49.326,0.89734,0.89745,1.50,1.50
2011.06.29 14:07:49.656,0.89732,0.89745,4.13,1.50
2011.06.29 14:07:50.205,0.89732,0.89745,3.00,1.50
2011.06.29 14:07:50.866,0.8973,0.89745,5.25,1.50
2011.06.29 14:07:51.416,0.89729,0.89744,1.50,3.00
2011.06.29 14:07:52.075,0.8973,0.89744,2.25,3.75
2011.06.29 14:07:52.632,0.8973,0.89743,2.25,1.50
2011.06.29 14:07:53.071,0.89727,0.89741,5.63,2.25
2011.06.29 14:07:53.192,0.89727,0.89737,3.38,1.50
2011.06.29 14:07:53.418,0.89727,0.8974,3.38,1.50
2011.06.29 14:07:53.973,0.89727,0.89741,3.00,3.75
2011.06.29 14:07:54.089,0.89727,0.89741,3.00,3.75
2011.06.29 14:07:55.061,0.89724,0.89738,3.75,1.35
2011.06.29 14:07:55.287,0.89724,0.89736,3.75,1.50
2011.06.29 14:07:55.814,0.89724,0.89737,3.00,1.50
2011.06.29 14:07:56.376,0.89724,0.89737,4.50,1.50
2011.06.29 14:07:56.929,0.89724,0.89737,2.25,1.50
2011.06.29 14:07:57.488,0.89723,0.89737,3.00,3.75
2011.06.29 14:07:58.048,0.89719,0.89731,2.25,1.50
2011.06.29 14:07:58.568,0.89717,0.8973,3.00,1.50
2011.06.29 14:07:59.128,0.89718,0.89732,2.25,3.75
2011.06.29 14:08:00.008,0.89718,0.89732,3.00,3.75
2011.06.29 14:08:00.556,0.89718,0.89732,2.25,4.35
2011.06.29 14:08:01.487,0.89718,0.8973,2.25,1.50
2011.06.29 14:08:01.708,0.89716,0.89729,3.60,1.50
2011.06.29 14:08:02.039,0.89715,0.89726,5.63,3.75
2011.06.29 14:08:02.381,0.89718,0.89726,1.13,1.50
2011.06.29 14:08:02.717,0.8972,0.8973,1.88,1.50
2011.06.29 14:08:02.830,0.8972,0.89731,3.00,1.50
2011.06.29 14:08:02.951,0.8972,0.89734,2.25,3.75
2011.06.29 14:08:03.178,0.89716,0.89728,3.75,2.25
2011.06.29 14:08:03.297,0.89716,0.8973,3.00,3.00
2011.06.29 14:08:03.520,0.89716,0.89729,3.00,1.35
2011.06.29 14:08:03.873,0.89718,0.89729,1.50,1.35
2011.06.29 14:08:03.993,0.89716,0.8973,1.50,2.10
2011.06.29 14:08:04.549,0.89716,0.89729,1.50,1.50
2011.06.29 14:08:04.775,0.89716,0.8973,1.50,1.35
2011.06.29 14:08:05.326,0.89717,0.8973,1.50,1.35
2011.06.29 14:08:06.208,0.89718,0.89731,2.25,1.50
2011.06.29 14:08:06.442,0.89718,0.89732,3.38,2.25
2011.06.29 14:08:06.769,0.89718,0.89732,3.38,3.75
2011.06.29 14:08:06.895,0.89718,0.8973,2.25,1.50
2011.06.29 14:08:07.996,0.89718,0.8973,5.25,1.50
2011.06.29 14:08:08.326,0.89725,0.89732,1.50,3.00
2011.06.29 14:08:08.440,0.89725,0.89736,1.50,1.50
2011.06.29 14:08:08.666,0.89725,0.89738,1.50,1.88
2011.06.29 14:08:09.409,0.89723,0.89738,5.10,1.88
2011.06.29 14:08:09.531,0.89721,0.89734,2.10,2.25
2011.06.29 14:08:09.867,0.89723,0.89736,1.35,3.00
2011.06.29 14:08:10.417,0.89722,0.89736,3.00,3.00
2011.06.29 14:08:10.746,0.89721,0.89734,1.13,2.25
2011.06.29 14:08:11.296,0.89722,0.89734,1.13,2.25
2011.06.29 14:08:11.736,0.89724,0.89737,1.50,1.50
2011.06.29 14:08:13.546,0.89726,0.89737,1.13,3.75
2011.06.29 14:08:13.880,0.89726,0.89738,1.50,2.25
2011.06.29 14:08:13.996,0.89725,0.89741,3.00,2.25
2011.06.29 14:08:14.217,0.89723,0.89737,3.00,2.25
2011.06.29 14:08:14.546,0.89723,0.89734,3.00,2.25
2011.06.29 14:08:15.095,0.89723,0.89734,2.25,2.25
2011.06.29 14:08:15.426,0.89724,0.8974,3.00,2.63
2011.06.29 14:08:16.172,0.89727,0.8974,1.50,3.38
2011.06.29 14:08:16.508,0.89726,0.89742,2.25,4.88
2011.06.29 14:08:16.738,0.89726,0.8974,2.25,3.75
2011.06.29 14:08:16.857,0.89722,0.89736,2.63,2.25
2011.06.29 14:08:16.967,0.89722,0.89736,3.38,2.25
2011.06.29 14:08:17.624,0.89723,0.89738,1.50,2.25
2011.06.29 14:08:18.175,0.89723,0.89739,3.75,2.25
2011.06.29 14:08:18.395,0.89725,0.89739,1.50,2.25
2011.06.29 14:08:18.728,0.89735,0.89745,1.13,3.00
2011.06.29 14:08:18.848,0.89732,0.89746,4.13,3.00
2011.06.29 14:08:19.193,0.89731,0.89747,3.00,3.00
2011.06.29 14:08:19.314,0.8973,0.89746,4.50,3.00
2011.06.29 14:08:19.650,0.8973,0.89742,1.50,2.25
2011.06.29 14:08:20.425,0.89733,0.89743,2.25,2.25
2011.06.29 14:08:20.536,0.89733,0.89745,2.25,3.00
2011.06.29 14:08:21.280,0.89732,0.89745,2.25,3.00
2011.06.29 14:08:21.409,0.89746,0.89754,1.13,6.00
2011.06.29 14:08:21.531,0.89742,0.89749,1.88,1.50
2011.06.29 14:08:21.650,0.89742,0.89754,1.13,3.75
2011.06.29 14:08:21.878,0.89744,0.89758,3.75,3.00
2011.06.29 14:08:22.109,0.89746,0.89759,2.25,1.88
2011.06.29 14:08:22.338,0.89741,0.89756,2.25,1.50
2011.06.29 14:08:22.569,0.89741,0.89751,2.25,1.50
2011.06.29 14:08:22.908,0.89737,0.89746,3.00,1.50
2011.06.29 14:08:23.030,0.89741,0.89747,2.25,1.50
2011.06.29 14:08:23.148,0.89736,0.89747,3.75,1.50
2011.06.29 14:08:23.614,0.89737,0.89751,3.00,1.50
2011.06.29 14:08:23.729,0.89739,0.89751,1.50,1.50
2011.06.29 14:08:23.850,0.89741,0.89751,1.50,1.50
2011.06.29 14:08:23.967,0.89739,0.89751,1.50,1.50
2011.06.29 14:08:24.088,0.89739,0.89755,3.75,3.75
2011.06.29 14:08:24.209,0.89739,0.89755,3.75,2.25
2011.06.29 14:08:24.770,0.89739,0.89755,4.50,3.00
2011.06.29 14:08:25.106,0.89741,0.89755,1.13,2.25
2011.06.29 14:08:25.436,0.89741,0.89754,1.13,3.00
2011.06.29 14:08:26.126,0.89743,0.89757,5.25,3.00
2011.06.29 14:08:26.456,0.89744,0.89757,2.63,3.00
2011.06.29 14:08:28.217,0.89743,0.89757,3.38,3.00
2011.06.29 14:08:29.715,0.89743,0.89755,1.13,2.25
2011.06.29 14:08:30.266,0.89742,0.89755,2.63,2.25
2011.06.29 14:08:30.901,0.89743,0.89754,1.50,2.25
2011.06.29 14:08:31.566,0.89744,0.89754,1.50,2.25
2011.06.29 14:08:31.787,0.89742,0.89758,3.75,2.25
2011.06.29 14:08:32.336,0.89741,0.89754,1.50,2.25
2011.06.29 14:08:33.435,0.8974,0.89754,2.25,2.25
2011.06.29 14:08:33.884,0.89745,0.89754,1.88,2.25
2011.06.29 14:08:33.997,0.89748,0.8976,1.13,3.00
2011.06.29 14:08:34.221,0.89748,0.89761,1.50,2.25
2011.06.29 14:08:34.885,0.89748,0.89761,1.50,2.25
2011.06.29 14:08:35.219,0.89747,0.89758,3.38,1.50
2011.06.29 14:08:38.316,0.89747,0.89761,3.38,2.25
2011.06.29 14:08:38.427,0.89747,0.89761,3.00,2.25
2011.06.29 14:08:39.527,0.89745,0.89761,2.25,4.50
2011.06.29 14:08:39.637,0.89745,0.8976,2.25,3.75
2011.06.29 14:08:39.747,0.89745,0.8976,2.25,3.75
2011.06.29 14:08:39.856,0.89745,0.89758,2.25,2.25
2011.06.29 14:08:40.186,0.89744,0.89756,2.63,2.25
2011.06.29 14:08:40.405,0.89745,0.89759,3.00,2.25
2011.06.29 14:08:40.775,0.89744,0.89757,3.00,2.25
2011.06.29 14:08:42.547,0.89746,0.89759,3.00,2.25
2011.06.29 14:08:43.094,0.89746,0.8976,3.00,2.25
2011.06.29 14:08:43.864,0.89747,0.89761,2.25,2.25
2011.06.29 14:08:44.527,0.89747,0.89761,3.00,2.25
2011.06.29 14:08:44.857,0.89749,0.89763,1.13,4.50
2011.06.29 14:08:45.274,0.89747,0.89763,3.38,3.75
2011.06.29 14:08:45.826,0.89746,0.89761,1.13,2.25
2011.06.29 14:08:46.379,0.89746,0.89761,1.13,3.00
2011.06.29 14:08:46.607,0.89745,0.8976,5.25,2.10
2011.06.29 14:08:47.048,0.89745,0.8976,3.00,1.35
2011.06.29 14:08:47.166,0.89745,0.8976,2.25,2.10
2011.06.29 14:08:47.497,0.89744,0.89755,3.00,2.25
2011.06.29 14:08:49.166,0.89744,0.89755,1.50,2.25
2011.06.29 14:08:49.387,0.89742,0.89754,1.50,2.25
2011.06.29 14:08:49.935,0.89742,0.89753,1.50,2.25
2011.06.29 14:08:50.927,0.89741,0.89753,1.50,2.25
2011.06.29 14:08:51.588,0.89741,0.89754,1.88,2.25
2011.06.29 14:08:52.828,0.89742,0.89754,1.50,2.25
2011.06.29 14:08:53.162,0.89746,0.89759,1.88,2.25
2011.06.29 14:08:53.277,0.89745,0.89759,2.63,2.25
2011.06.29 14:08:53.716,0.89744,0.89753,2.25,2.25
2011.06.29 14:08:54.155,0.89743,0.89754,3.00,2.25
2011.06.29 14:08:54.843,0.89743,0.89758,2.25,2.25
2011.06.29 14:08:54.959,0.89742,0.89753,2.25,2.25
2011.06.29 14:08:56.509,0.89744,0.89753,3.00,2.25
2011.06.29 14:08:56.738,0.89747,0.89761,2.25,2.25
2011.06.29 14:08:58.958,0.89747,0.89761,2.25,3.11
2011.06.29 14:08:59.297,0.89747,0.89761,2.25,2.25
2011.06.29 14:09:00.505,0.89747,0.8976,3.00,2.10
2011.06.29 14:09:01.056,0.89746,0.8976,3.00,2.25
2011.06.29 14:09:01.495,0.89745,0.89761,3.75,2.25
2011.06.29 14:09:03.216,0.89744,0.89758,4.50,2.25
2011.06.29 14:09:03.765,0.89744,0.89757,2.25,2.25
2011.06.29 14:09:04.426,0.89744,0.89757,1.50,2.25
2011.06.29 14:09:04.975,0.89745,0.89757,3.75,2.25
2011.06.29 14:09:05.197,0.89746,0.89761,2.25,1.50
2011.06.29 14:09:05.962,0.89749,0.89762,1.13,2.25
2011.06.29 14:09:06.088,0.89749,0.89762,2.48,2.25
2011.06.29 14:09:06.211,0.89751,0.89762,1.13,2.25
2011.06.29 14:09:06.440,0.8975,0.89763,1.50,2.25
2011.06.29 14:09:06.996,0.89749,0.89763,1.13,1.35
2011.06.29 14:09:07.546,0.89749,0.89764,1.13,6.23
2011.06.29 14:09:08.205,0.89751,0.89763,1.13,1.35
2011.06.29 14:09:08.538,0.89749,0.89764,2.10,3.38
2011.06.29 14:09:08.877,0.89748,0.89764,2.25,5.48
2011.06.29 14:09:09.426,0.89748,0.89763,2.25,1.35
2011.06.29 14:09:09.977,0.89748,0.89764,3.00,6.60
2011.06.29 14:09:10.197,0.89749,0.89764,1.88,5.10
2011.06.29 14:09:10.745,0.89748,0.89764,4.13,5.10
2011.06.29 14:09:11.187,0.89748,0.89764,3.75,5.10
2011.06.29 14:09:11.625,0.8975,0.89764,1.35,3.00
2011.06.29 14:09:11.957,0.8975,0.89764,3.60,2.25
2011.06.29 14:09:12.067,0.8975,0.89764,2.25,2.25
2011.06.29 14:09:12.687,0.8975,0.89763,2.25,1.13
2011.06.29 14:09:13.237,0.89749,0.89762,2.25,1.13
2011.06.29 14:09:13.785,0.8975,0.89762,2.25,1.13
2011.06.29 14:09:14.006,0.89748,0.89763,2.25,2.63
2011.06.29 14:09:14.337,0.8975,0.89763,2.25,1.88
2011.06.29 14:09:14.885,0.8975,0.89764,3.00,2.25
2011.06.29 14:09:15.495,0.89754,0.89767,1.13,4.50
2011.06.29 14:09:15.715,0.89753,0.89767,3.00,2.25
2011.06.29 14:09:16.266,0.89753,0.89767,2.25,3.00
2011.06.29 14:09:16.485,0.89751,0.89765,3.00,2.25
2011.06.29 14:09:18.026,0.89751,0.89765,3.00,4.35
2011.06.29 14:09:18.578,0.89751,0.89765,3.75,2.25
2011.06.29 14:09:19.243,0.89751,0.89765,2.25,5.10
2011.06.29 14:09:21.338,0.89748,0.89764,5.10,2.85
2011.06.29 14:09:21.885,0.8975,0.89764,2.25,2.85
2011.06.29 14:09:22.658,0.8975,0.89763,1.50,2.25
2011.06.29 14:09:23.273,0.89752,0.89766,3.00,2.85
2011.06.29 14:09:23.719,0.8975,0.89765,2.25,1.35
2011.06.29 14:09:23.840,0.89748,0.8976,3.75,1.50
2011.06.29 14:09:24.180,0.89746,0.89759,2.25,2.63
2011.06.29 14:09:24.625,0.89745,0.89757,2.25,2.85
2011.06.29 14:09:24.737,0.89742,0.89756,3.75,2.85
2011.06.29 14:09:24.956,0.89741,0.89757,2.25,6.23
2011.06.29 14:09:25.504,0.8974,0.89756,2.25,3.60
2011.06.29 14:09:26.055,0.8974,0.89756,3.00,2.85
2011.06.29 14:09:26.278,0.89743,0.89756,1.88,2.85
2011.06.29 14:09:26.893,0.89746,0.89758,1.50,2.10
2011.06.29 14:09:27.230,0.89747,0.89757,1.13,2.25
2011.06.29 14:09:27.349,0.89743,0.89757,3.98,2.25
2011.06.29 14:09:27.471,0.89743,0.89756,2.25,2.10
2011.06.29 14:09:28.028,0.8974,0.89756,4.35,2.25
2011.06.29 14:09:28.796,0.89741,0.89756,1.50,2.25
2011.06.29 14:09:30.118,0.8974,0.89756,3.60,3.00
2011.06.29 14:09:30.236,0.8974,0.89755,3.00,2.10
2011.06.29 14:09:30.558,0.8974,0.89753,1.73,2.25
2011.06.29 14:09:30.679,0.89742,0.89757,1.50,2.25
2011.06.29 14:09:30.907,0.89741,0.89755,3.00,2.25
2011.06.29 14:09:31.237,0.89741,0.89757,3.38,2.25
2011.06.29 14:09:31.349,0.89743,0.89756,1.13,2.25
2011.06.29 14:09:31.468,0.89742,0.89756,1.50,2.25
2011.06.29 14:09:31.588,0.89744,0.89756,1.50,2.25
2011.06.29 14:09:31.817,0.89746,0.8976,1.13,2.25
2011.06.29 14:09:31.926,0.89746,0.89762,3.38,6.98
2011.06.29 14:09:32.366,0.89748,0.89764,3.00,3.38
2011.06.29 14:09:32.917,0.89747,0.89761,4.50,2.25
2011.06.29 14:09:33.306,0.89747,0.89761,4.50,2.25
2011.06.29 14:09:33.637,0.89748,0.89764,3.00,3.00
2011.06.29 14:09:34.076,0.89747,0.89761,4.50,2.25
2011.06.29 14:09:34.629,0.89746,0.8976,3.75,2.25
2011.06.29 14:09:35.185,0.89746,0.8976,3.00,2.25
2011.06.29 14:09:35.736,0.89744,0.89759,2.25,2.25
2011.06.29 14:09:36.609,0.89744,0.8976,4.88,2.25
2011.06.29 14:09:36.731,0.89744,0.8976,2.25,2.25
2011.06.29 14:09:36.957,0.89744,0.8976,2.25,3.75
2011.06.29 14:09:37.508,0.89743,0.89757,3.00,3.00
2011.06.29 14:09:37.955,0.89747,0.8976,2.25,2.25
2011.06.29 14:09:38.287,0.89744,0.8976,2.25,2.25
2011.06.29 14:09:38.837,0.89744,0.8976,2.25,4.35
2011.06.29 14:09:39.385,0.89746,0.8976,2.10,2.25
2011.06.29 14:09:40.112,0.89747,0.89762,1.35,2.25
2011.06.29 14:09:41.688,0.89746,0.8976,2.10,3.00
2011.06.29 14:09:41.797,0.89745,0.8976,1.50,3.75
2011.06.29 14:09:42.349,0.89744,0.8976,2.85,4.50
2011.06.29 14:09:42.797,0.8974,0.89756,3.75,2.25
2011.06.29 14:09:43.127,0.8974,0.89753,1.50,2.25
2011.06.29 14:09:43.674,0.8974,0.89752,1.50,2.25
2011.06.29 14:09:45.476,0.8974,0.89752,1.13,2.25
2011.06.29 14:09:45.916,0.89738,0.89752,3.60,2.25
2011.06.29 14:09:46.468,0.89742,0.89754,1.50,1.35
2011.06.29 14:09:47.016,0.89743,0.89754,1.50,1.35
2011.06.29 14:09:47.497,0.89742,0.89754,1.50,2.10
2011.06.29 14:09:47.717,0.89739,0.89754,1.50,4.35
2011.06.29 14:09:48.223,0.89739,0.89754,1.50,2.85
2011.06.29 14:09:48.889,0.89742,0.89755,1.50,7.35
2011.06.29 14:09:49.555,0.89742,0.89755,1.50,5.10
2011.06.29 14:09:53.751,0.89742,0.89753,1.50,2.25
2011.06.29 14:09:54.417,0.89742,0.89754,1.50,2.85
2011.06.29 14:09:54.638,0.8974,0.89754,3.75,2.85
2011.06.29 14:09:55.085,0.8974,0.89755,1.50,6.23
2011.06.29 14:09:55.855,0.89742,0.89753,1.50,2.25
2011.06.29 14:09:56.186,0.89739,0.89753,3.75,2.25
2011.06.29 14:09:56.955,0.89739,0.89753,3.00,2.25
2011.06.29 14:09:57.754,0.89738,0.89751,1.50,2.25
2011.06.29 14:09:58.307,0.89737,0.89753,3.00,2.85
2011.06.29 14:09:58.636,0.89739,0.89753,2.10,2.25
2011.06.29 14:09:59.076,0.89737,0.89753,4.35,3.60
2011.06.29 14:09:59.735,0.89737,0.89753,4.35,3.60
2011.06.29 14:10:00.288,0.89737,0.89751,2.25,1.50
2011.06.29 14:10:01.408,0.89737,0.89751,2.25,2.25
2011.06.29 14:10:01.546,0.89733,0.89747,1.50,1.35
2011.06.29 14:10:02.097,0.89733,0.89746,1.50,3.75
2011.06.29 14:10:02.645,0.89731,0.89745,1.50,2.10
2011.06.29 14:10:02.976,0.8973,0.89745,3.75,2.85
2011.06.29 14:10:03.524,0.89729,0.89744,3.75,1.35
2011.06.29 14:10:03.747,0.89729,0.89744,3.75,2.10
2011.06.29 14:10:04.078,0.89729,0.89743,2.25,3.75
2011.06.29 14:10:04.307,0.89728,0.89743,1.35,6.00
2011.06.29 14:10:05.017,0.89728,0.89743,1.35,3.00
2011.06.29 14:10:05.236,0.89728,0.89743,2.10,3.00
2011.06.29 14:10:05.894,0.89729,0.89743,3.75,1.50
2011.06.29 14:10:06.445,0.89729,0.89744,2.25,4.35
2011.06.29 14:10:07.215,0.89728,0.89744,2.85,4.35
2011.06.29 14:10:07.988,0.89728,0.89744,3.98,2.85
2011.06.29 14:10:08.097,0.89728,0.89743,1.35,2.25
2011.06.29 14:10:08.646,0.8973,0.89744,2.25,2.85
2011.06.29 14:10:10.546,0.89729,0.89743,3.00,3.00
2011.06.29 14:10:11.311,0.89729,0.89745,3.75,5.10
2011.06.29 14:10:11.761,0.89729,0.89742,3.00,1.50
2011.06.29 14:10:12.096,0.89729,0.8974,2.25,1.50
2011.06.29 14:10:12.206,0.89728,0.89744,2.85,7.35
2011.06.29 14:10:12.757,0.89728,0.89742,3.60,3.00
2011.06.29 14:10:13.085,0.8973,0.89744,2.25,2.85
2011.06.29 14:10:13.414,0.89728,0.89744,2.85,2.85
2011.06.29 14:10:13.635,0.8973,0.89744,2.10,2.25
2011.06.29 14:10:14.260,0.8973,0.89744,2.25,2.25
2011.06.29 14:10:15.255,0.89729,0.89743,2.85,2.25
2011.06.29 14:10:15.807,0.89729,0.89745,2.85,5.10
2011.06.29 14:10:16.357,0.89729,0.89745,2.85,5.10
2011.06.29 14:10:18.517,0.89729,0.89743,5.10,2.25
2011.06.29 14:10:19.182,0.89732,0.89746,4.50,2.25
2011.06.29 14:10:19.408,0.89732,0.89746,3.75,2.25
2011.06.29 14:10:19.956,0.89734,0.89749,2.25,2.48
2011.06.29 14:10:20.397,0.89734,0.89745,3.00,1.35
2011.06.29 14:10:20.864,0.89731,0.89745,2.25,1.35
2011.06.29 14:10:20.983,0.89729,0.89745,2.85,4.35
2011.06.29 14:10:21.535,0.89729,0.89745,3.60,2.85
2011.06.29 14:10:22.638,0.89732,0.89746,2.25,7.35
2011.06.29 14:10:22.755,0.8973,0.89744,3.00,2.25
2011.06.29 14:10:23.416,0.8973,0.89744,5.85,2.25
2011.06.29 14:10:24.055,0.8973,0.89744,3.75,2.25
2011.06.29 14:10:24.182,0.8973,0.89744,3.60,2.25
2011.06.29 14:10:24.295,0.8973,0.89744,2.85,2.25
2011.06.29 14:10:24.517,0.8973,0.89744,3.60,2.25
2011.06.29 14:10:24.625,0.89733,0.89747,2.25,2.25
2011.06.29 14:10:24.956,0.89731,0.89747,3.00,3.00
2011.06.29 14:10:25.176,0.89731,0.89747,3.38,4.50
2011.06.29 14:10:25.507,0.89733,0.89745,1.35,2.25
2011.06.29 14:10:25.618,0.89735,0.89749,2.25,2.85
2011.06.29 14:10:26.288,0.89735,0.89748,2.25,2.10
2011.06.29 14:10:26.407,0.89733,0.89748,3.00,2.10
2011.06.29 14:10:26.520,0.89733,0.89746,3.00,2.10
2011.06.29 14:10:27.076,0.89733,0.89749,3.00,3.23
2011.06.29 14:10:27.568,0.89735,0.89749,2.25,2.85
2011.06.29 14:10:28.128,0.89735,0.89749,3.00,2.85
2011.06.29 14:10:28.246,0.89735,0.89749,2.25,2.85
2011.06.29 14:10:28.579,0.89733,0.89747,3.00,2.25
2011.06.29 14:10:29.138,0.89735,0.89747,1.13,2.25
2011.06.29 14:10:29.257,0.89733,0.89747,3.38,2.25
2011.06.29 14:10:29.695,0.89734,0.8975,4.50,4.35
2011.06.29 14:10:30.795,0.89734,0.8975,3.00,5.10
2011.06.29 14:10:31.339,0.8973,0.89744,6.60,2.25
2011.06.29 14:10:31.896,0.8973,0.89744,4.35,2.25
2011.06.29 14:10:32.005,0.89732,0.89746,2.25,2.25
2011.06.29 14:10:32.447,0.89734,0.89748,1.13,2.25
2011.06.29 14:10:32.777,0.89734,0.8975,6.23,2.25
2011.06.29 14:10:32.995,0.89734,0.8975,4.35,2.25
2011.06.29 14:10:33.875,0.89733,0.89749,3.75,2.25
2011.06.29 14:10:34.430,0.89733,0.89747,3.75,2.25
2011.06.29 14:10:34.548,0.89734,0.8975,3.00,2.85
2011.06.29 14:10:35.316,0.89734,0.89748,3.00,2.25
2011.06.29 14:10:35.865,0.89735,0.89749,2.25,2.25
2011.06.29 14:10:36.808,0.89735,0.89749,3.00,2.25
2011.06.29 14:10:38.166,0.89735,0.89749,3.00,2.85
2011.06.29 14:10:38.729,0.89735,0.89749,2.25,2.85
2011.06.29 14:10:41.176,0.89733,0.89749,5.48,2.85
2011.06.29 14:10:41.397,0.89733,0.89749,5.10,3.60
2011.06.29 14:10:42.012,0.89735,0.89749,2.25,3.60
2011.06.29 14:10:42.125,0.89733,0.89749,2.85,1.35
2011.06.29 14:10:42.245,0.89732,0.89749,3.60,2.10
2011.06.29 14:10:42.361,0.89731,0.89748,2.25,1.35
2011.06.29 14:10:42.481,0.89731,0.89749,3.00,2.10
2011.06.29 14:10:42.929,0.89732,0.89747,1.50,2.10
2011.06.29 14:10:43.052,0.8973,0.89747,1.35,2.85
2011.06.29 14:10:44.046,0.89731,0.89747,1.50,2.85
2011.06.29 14:10:44.859,0.89732,0.89748,2.25,1.13
2011.06.29 14:10:44.980,0.89731,0.89748,1.35,2.63
2011.06.29 14:10:45.646,0.8973,0.89748,3.60,1.88
2011.06.29 14:10:45.867,0.89732,0.89748,1.50,1.13
2011.06.29 14:10:46.308,0.89735,0.8975,1.50,1.73
2011.06.29 14:10:46.657,0.89738,0.89752,1.50,1.35
2011.06.29 14:10:47.205,0.89738,0.89753,1.50,1.35
2011.06.29 14:10:47.756,0.89738,0.89754,2.51,2.10
2011.06.29 14:10:48.363,0.89741,0.89755,2.85,1.50
2011.06.29 14:10:48.588,0.89741,0.89758,4.35,2.10
2011.06.29 14:10:48.808,0.89744,0.89761,2.85,4.73
2011.06.29 14:10:52.282,0.89744,0.89761,3.60,1.73
2011.06.29 14:10:52.625,0.89744,0.89762,3.60,6.23
2011.06.29 14:10:52.737,0.89746,0.89762,1.50,5.48
2011.06.29 14:10:53.945,0.89745,0.89761,1.50,2.10
2011.06.29 14:10:54.496,0.89748,0.89761,2.25,2.10
2011.06.29 14:10:55.044,0.89749,0.89763,2.25,1.50
2011.06.29 14:10:55.690,0.89749,0.89762,2.25,1.50
2011.06.29 14:10:56.895,0.89749,0.89764,2.25,1.13
2011.06.29 14:10:57.776,0.89749,0.89765,2.25,1.50
2011.06.29 14:10:59.914,0.89751,0.89768,1.88,3.00
2011.06.29 14:11:00.470,0.89751,0.89767,1.50,1.50
2011.06.29 14:11:01.026,0.89751,0.89766,1.50,1.50
2011.06.29 14:11:01.466,0.89749,0.89766,1.50,1.50
2011.06.29 14:11:03.455,0.89749,0.89766,1.88,1.50
2011.06.29 14:11:04.846,0.89749,0.89765,1.50,1.35
2011.06.29 14:11:05.066,0.89748,0.89765,5.25,1.35
2011.06.29 14:11:05.415,0.89748,0.89764,4.50,1.50
2011.06.29 14:11:05.968,0.89748,0.89764,2.25,2.25
2011.06.29 14:11:06.526,0.89747,0.89763,1.35,1.50
2011.06.29 14:11:07.190,0.89746,0.89759,1.50,1.50
2011.06.29 14:11:07.526,0.89743,0.89757,2.25,1.47
2011.06.29 14:11:07.861,0.8974,0.89757,1.50,1.47
2011.06.29 14:11:08.417,0.8974,0.89756,1.50,1.47
2011.06.29 14:11:09.050,0.89742,0.89757,1.13,4.47
2011.06.29 14:11:09.172,0.89742,0.89759,1.13,3.75
2011.06.29 14:11:09.288,0.8974,0.89758,1.50,3.00
2011.06.29 14:11:09.507,0.8974,0.89758,1.50,4.13
2011.06.29 14:11:10.057,0.89739,0.89758,4.50,7.50
2011.06.29 14:11:10.386,0.89737,0.89756,3.75,4.50
2011.06.29 14:11:10.607,0.89737,0.89755,2.25,2.63
2011.06.29 14:11:11.157,0.89735,0.89753,3.60,2.10
2011.06.29 14:11:11.379,0.89735,0.89749,3.00,2.10
2011.06.29 14:11:11.720,0.89736,0.89753,2.10,1.35
2011.06.29 14:11:12.305,0.89738,0.89753,2.25,1.35
2011.06.29 14:11:12.857,0.89736,0.89753,4.35,1.35
2011.06.29 14:11:13.515,0.89736,0.89753,4.35,2.10
2011.06.29 14:11:14.175,0.89736,0.89753,2.25,3.38
2011.06.29 14:11:15.056,0.89736,0.89752,2.25,3.38
2011.06.29 14:11:15.167,0.89736,0.89752,2.25,2.25
2011.06.29 14:11:15.278,0.89734,0.89749,1.50,1.50
2011.06.29 14:11:15.397,0.89731,0.89748,3.00,2.25
2011.06.29 14:11:15.794,0.89731,0.89748,2.25,3.75
2011.06.29 14:11:16.022,0.8973,0.89747,1.13,1.50
2011.06.29 14:11:16.249,0.89732,0.89748,1.50,3.75
2011.06.29 14:11:16.367,0.89732,0.89748,1.50,1.50
2011.06.29 14:11:16.926,0.89733,0.89749,1.50,1.13
2011.06.29 14:11:18.594,0.89733,0.89749,1.50,1.13
2011.06.29 14:11:21.584,0.89733,0.89752,1.50,4.58
2011.06.29 14:11:21.807,0.89734,0.89752,2.63,4.13
2011.06.29 14:11:24.546,0.89736,0.89752,1.50,1.88
2011.06.29 14:11:25.095,0.89737,0.89752,1.50,1.50
2011.06.29 14:11:25.644,0.89738,0.89752,1.50,1.50
2011.06.29 14:11:26.537,0.89736,0.89752,4.50,1.50
2011.06.29 14:11:26.758,0.89735,0.89751,1.50,2.10
2011.06.29 14:11:26.870,0.89733,0.89751,2.85,2.10
2011.06.29 14:11:27.776,0.89733,0.89751,1.35,2.10
2011.06.29 14:11:29.385,0.89733,0.89751,2.10,2.10
2011.06.29 14:11:29.824,0.89733,0.89751,2.10,2.10
2011.06.29 14:11:32.235,0.89733,0.89751,1.35,2.85
2011.06.29 14:11:32.786,0.89733,0.89751,2.10,1.35
2011.06.29 14:11:34.335,0.89734,0.89751,1.50,1.35
2011.06.29 14:11:34.884,0.89733,0.89747,1.50,1.50
2011.06.29 14:11:35.437,0.89732,0.89745,2.10,1.50
2011.06.29 14:11:36.779,0.8973,0.89745,1.50,2.10
2011.06.29 14:11:37.339,0.89732,0.89746,2.25,1.50
2011.06.29 14:11:37.567,0.89732,0.89746,2.25,2.85
2011.06.29 14:11:38.004,0.89729,0.89745,2.63,1.50
2011.06.29 14:11:38.336,0.89729,0.89742,1.50,1.50
2011.06.29 14:11:41.097,0.89727,0.89741,1.50,1.50
2011.06.29 14:11:42.685,0.89726,0.89741,5.10,2.25
2011.06.29 14:11:43.234,0.89729,0.89743,1.50,2.25
2011.06.29 14:11:43.458,0.89732,0.89743,1.13,2.25
2011.06.29 14:11:43.796,0.89731,0.89743,1.50,1.50
2011.06.29 14:11:44.236,0.89731,0.89744,2.25,1.50
2011.06.29 14:11:44.784,0.89732,0.89745,1.50,1.50
2011.06.29 14:11:45.008,0.89732,0.89743,1.50,1.50
2011.06.29 14:11:45.237,0.8973,0.89745,2.10,3.75
2011.06.29 14:11:45.455,0.8973,0.89743,2.10,1.50
2011.06.29 14:11:47.236,0.8973,0.89744,1.35,1.50
2011.06.29 14:11:47.785,0.8973,0.89745,1.35,1.50
2011.06.29 14:11:50.157,0.89733,0.89745,1.13,1.50
2011.06.29 14:11:50.486,0.89734,0.89746,1.50,1.88
2011.06.29 14:11:50.597,0.89733,0.89746,2.25,1.13
2011.06.29 14:11:51.321,0.89734,0.89748,1.50,2.25
2011.06.29 14:11:51.769,0.89734,0.89749,3.60,1.13
2011.06.29 14:11:51.886,0.89734,0.89748,3.60,1.50
2011.06.29 14:11:52.657,0.89735,0.89747,2.10,1.50
2011.06.29 14:11:55.027,0.89737,0.89747,1.50,2.25
2011.06.29 14:11:55.422,0.89735,0.89747,2.10,2.25
2011.06.29 14:11:57.385,0.89734,0.89747,1.50,2.25
2011.06.29 14:11:57.607,0.89731,0.89746,1.50,1.35
2011.06.29 14:11:57.827,0.89733,0.89746,1.50,1.35
2011.06.29 14:11:58.269,0.89736,0.89747,1.50,2.25
2011.06.29 14:11:58.607,0.89739,0.89747,1.50,1.50
2011.06.29 14:11:59.294,0.8974,0.89753,2.85,1.50
2011.06.29 14:11:59.416,0.89736,0.89753,4.35,2.25
2011.06.29 14:11:59.639,0.89737,0.89751,1.35,1.50
2011.06.29 14:12:00.086,0.89737,0.89751,2.10,1.50
2011.06.29 14:12:00.856,0.89736,0.89749,2.10,1.50
2011.06.29 14:12:00.965,0.89734,0.89749,2.25,2.25
2011.06.29 14:12:01.076,0.89734,0.89747,2.25,1.50
2011.06.29 14:12:01.407,0.89731,0.89745,3.75,1.50
2011.06.29 14:12:01.515,0.89731,0.89748,3.75,1.50
2011.06.29 14:12:01.735,0.89731,0.89748,3.00,1.50
2011.06.29 14:12:02.066,0.8973,0.89746,4.50,2.25
2011.06.29 14:12:02.684,0.89729,0.89744,1.50,1.50
2011.06.29 14:12:03.896,0.8973,0.89744,1.50,1.50
2011.06.29 14:12:04.447,0.89733,0.89744,1.50,1.50
2011.06.29 14:12:05.437,0.89733,0.89744,1.50,1.50
2011.06.29 14:12:06.096,0.89732,0.89743,1.50,1.50
2011.06.29 14:12:07.856,0.89731,0.89743,1.35,1.50
2011.06.29 14:12:08.186,0.89731,0.89741,1.35,1.50
2011.06.29 14:12:08.297,0.89727,0.89739,2.25,1.50
2011.06.29 14:12:08.627,0.8973,0.89743,2.10,4.50
2011.06.29 14:12:17.408,0.8973,0.89741,2.10,2.63
2011.06.29 14:12:17.517,0.89727,0.8974,2.25,1.13
2011.06.29 14:12:17.736,0.89725,0.89739,2.25,1.13
2011.06.29 14:12:18.950,0.89725,0.89741,3.75,1.50
2011.06.29 14:12:19.506,0.89726,0.89741,3.00,1.50
2011.06.29 14:12:20.054,0.89726,0.89743,2.25,2.25
2011.06.29 14:12:20.839,0.89727,0.89743,1.50,2.25
2011.06.29 14:12:21.179,0.89728,0.89744,1.50,1.88
2011.06.29 14:12:21.628,0.89727,0.89744,3.38,1.13
2011.06.29 14:12:22.188,0.8973,0.89744,2.10,1.88
2011.06.29 14:12:22.298,0.89727,0.89743,3.00,2.10
2011.06.29 14:12:22.526,0.89724,0.89742,5.85,1.35
2011.06.29 14:12:23.406,0.89724,0.89742,3.60,1.35
2011.06.29 14:12:25.958,0.89722,0.89739,4.88,2.85
2011.06.29 14:12:26.523,0.89722,0.89736,2.25,2.10
2011.06.29 14:12:26.750,0.89718,0.89735,2.85,1.35
2011.06.29 14:12:26.870,0.8972,0.89735,1.13,1.35
2011.06.29 14:12:27.207,0.89725,0.89737,1.13,4.13
2011.06.29 14:12:27.425,0.89725,0.89739,1.88,1.88
2011.06.29 14:12:27.827,0.89725,0.89738,1.50,1.13
2011.06.29 14:12:27.939,0.89727,0.89742,1.50,2.25
2011.06.29 14:12:28.168,0.89726,0.89744,4.35,5.85
2011.06.29 14:12:28.606,0.89727,0.89744,1.50,3.60
2011.06.29 14:12:28.826,0.89727,0.89744,1.50,1.35
2011.06.29 14:12:29.378,0.89726,0.89743,2.10,2.63
2011.06.29 14:12:29.498,0.89725,0.89743,1.50,3.38
2011.06.29 14:12:30.048,0.89723,0.89741,3.00,2.63
2011.06.29 14:12:30.705,0.89724,0.89741,2.25,2.63
2011.06.29 14:12:31.257,0.89723,0.89741,3.00,1.88
2011.06.29 14:12:33.558,0.89725,0.8974,1.88,1.13
2011.06.29 14:12:33.667,0.89725,0.8974,1.50,1.13
2011.06.29 14:12:33.888,0.89725,0.89743,3.75,2.63
2011.06.29 14:12:34.442,0.89728,0.89743,2.25,1.50
2011.06.29 14:12:34.667,0.89724,0.8974,2.25,1.50
2011.06.29 14:12:34.889,0.89721,0.89737,3.00,1.50
2011.06.29 14:12:35.117,0.89721,0.89738,3.38,1.50
2011.06.29 14:12:35.337,0.89721,0.8974,3.75,4.50
2011.06.29 14:12:35.735,0.89721,0.89738,2.85,2.63
2011.06.29 14:12:36.396,0.8972,0.89737,2.10,4.13
2011.06.29 14:12:36.509,0.89718,0.89736,5.10,2.85
2011.06.29 14:12:37.615,0.89719,0.89737,2.10,4.13
2011.06.29 14:12:38.166,0.89719,0.89737,2.10,3.75
2011.06.29 14:12:38.715,0.89721,0.89737,2.10,3.75
2011.06.29 14:12:40.564,0.8972,0.89737,2.85,1.50
2011.06.29 14:12:41.444,0.89722,0.89738,1.50,5.85
2011.06.29 14:12:42.946,0.89722,0.89738,1.50,2.10
2011.06.29 14:12:43.278,0.8972,0.89737,2.10,1.50
2011.06.29 14:12:43.399,0.89724,0.89737,1.50,1.50
2011.06.29 14:12:43.631,0.89724,0.89739,1.50,1.50
2011.06.29 14:12:44.479,0.89723,0.8974,8.10,1.50
2011.06.29 14:12:44.602,0.89724,0.8974,1.50,1.50
2011.06.29 14:12:45.157,0.89723,0.89739,5.10,1.50
2011.06.29 14:12:45.759,0.8972,0.89737,1.50,1.50
2011.06.29 14:12:46.210,0.89718,0.89737,2.25,2.25
2011.06.29 14:12:46.438,0.89719,0.89736,2.25,1.88
2011.06.29 14:12:46.657,0.89718,0.89737,3.00,2.63
2011.06.29 14:12:47.282,0.89718,0.89734,1.50,2.10
2011.06.29 14:12:47.618,0.89718,0.89736,4.50,3.23
2011.06.29 14:12:48.951,0.89719,0.89735,1.50,1.73
2011.06.29 14:12:49.397,0.89718,0.89735,4.50,2.10
2011.06.29 14:12:49.945,0.89717,0.89732,2.25,1.50
2011.06.29 14:12:50.496,0.89716,0.89733,1.50,1.13
2011.06.29 14:12:51.678,0.89713,0.89731,4.50,1.88
2011.06.29 14:12:52.032,0.89708,0.89726,1.50,2.63
2011.06.29 14:12:52.147,0.89709,0.89726,1.50,2.63
2011.06.29 14:12:52.697,0.89711,0.89727,1.50,1.88
2011.06.29 14:12:52.917,0.89712,0.89729,2.25,1.88
2011.06.29 14:12:53.465,0.89711,0.89729,5.25,1.88
2011.06.29 14:12:54.192,0.89711,0.89727,1.50,1.88
2011.06.29 14:12:54.419,0.89708,0.89727,1.50,4.88
2011.06.29 14:12:55.410,0.89708,0.89725,1.50,1.88
2011.06.29 14:12:55.641,0.8971,0.89727,1.50,4.13
2011.06.29 14:12:55.979,0.89712,0.89728,4.50,1.88
2011.06.29 14:12:56.422,0.89715,0.89728,1.13,1.88
2011.06.29 14:12:56.553,0.89714,0.8973,3.00,1.88
2011.06.29 14:12:56.777,0.89715,0.8973,2.25,1.88
2011.06.29 14:12:56.995,0.89715,0.89734,2.25,3.75
2011.06.29 14:12:57.106,0.89715,0.8973,3.00,1.88
2011.06.29 14:12:58.761,0.89719,0.8973,1.50,1.88
2011.06.29 14:12:59.096,0.89718,0.89731,1.50,1.50
2011.06.29 14:12:59.207,0.89718,0.89734,1.50,1.88
2011.06.29 14:12:59.427,0.89719,0.89736,4.50,1.13
2011.06.29 14:12:59.537,0.89719,0.89738,4.50,3.75
2011.06.29 14:12:59.758,0.89719,0.89736,2.25,1.50
2011.06.29 14:13:01.077,0.89719,0.89738,3.75,6.00
2011.06.29 14:13:01.625,0.89719,0.89736,2.85,1.50
2011.06.29 14:13:02.166,0.89719,0.89735,2.25,2.10
2011.06.29 14:13:02.704,0.89719,0.89735,3.00,1.35
2011.06.29 14:13:03.256,0.8972,0.89738,3.60,3.75
2011.06.29 14:13:03.366,0.89721,0.89738,2.10,3.00
2011.06.29 14:13:03.808,0.89721,0.89737,1.50,2.48
2011.06.29 14:13:04.695,0.8972,0.89736,1.35,1.88
2011.06.29 14:13:05.356,0.89719,0.89736,5.10,3.38
2011.06.29 14:13:05.906,0.89719,0.89733,1.50,2.85
2011.06.29 14:13:07.336,0.89717,0.89733,1.50,3.60
2011.06.29 14:13:07.888,0.89717,0.89733,1.50,1.50
2011.06.29 14:13:08.434,0.89715,0.89733,1.50,5.25
2011.06.29 14:13:08.655,0.89715,0.89732,1.50,1.88
2011.06.29 14:13:09.576,0.89716,0.89733,1.50,7.13
2011.06.29 14:13:10.237,0.89716,0.8973,1.50,2.63
2011.06.29 14:13:10.346,0.89715,0.8973,1.50,2.63
2011.06.29 14:13:12.215,0.89715,0.8973,1.50,1.88
2011.06.29 14:13:13.259,0.89716,0.8973,2.25,1.88
2011.06.29 14:13:13.821,0.89716,0.89731,3.00,1.88
2011.06.29 14:13:14.155,0.89715,0.89732,1.50,1.50
2011.06.29 14:13:14.708,0.89716,0.89733,1.50,1.50
2011.06.29 14:13:15.376,0.89716,0.89732,1.50,1.88
2011.06.29 14:13:15.596,0.89716,0.89733,1.50,3.38
2011.06.29 14:13:15.707,0.89714,0.89733,1.88,4.13
2011.06.29 14:13:15.930,0.89716,0.89731,1.50,1.13
2011.06.29 14:13:16.155,0.89714,0.89731,1.50,4.13
2011.06.29 14:13:16.268,0.89714,0.89728,1.50,1.50
2011.06.29 14:13:16.774,0.89712,0.89728,1.50,1.50
2011.06.29 14:13:17.106,0.89712,0.89728,1.50,2.63
2011.06.29 14:13:17.215,0.89712,0.89728,1.50,1.88
2011.06.29 14:13:17.767,0.89714,0.89728,1.50,1.88
2011.06.29 14:13:19.415,0.89712,0.89728,3.00,1.13
2011.06.29 14:13:19.965,0.89712,0.89728,1.50,5.63
2011.06.29 14:13:20.515,0.89715,0.89728,1.50,4.13
2011.06.29 14:13:21.615,0.89715,0.89729,1.50,1.88
2011.06.29 14:13:22.146,0.89715,0.8973,1.50,1.88
2011.06.29 14:13:22.591,0.89713,0.89729,1.50,2.63
2011.06.29 14:13:22.817,0.89712,0.89728,2.25,1.88
2011.06.29 14:13:23.364,0.89712,0.89728,2.25,1.13
2011.06.29 14:13:23.586,0.89712,0.89731,3.00,3.00
2011.06.29 14:13:23.696,0.89712,0.89731,3.38,3.00
2011.06.29 14:13:23.918,0.89714,0.89732,2.25,1.50
2011.06.29 14:13:24.475,0.89714,0.89731,2.25,1.88
2011.06.29 14:13:28.629,0.89714,0.89731,3.00,1.88
2011.06.29 14:13:29.188,0.89715,0.89732,3.75,2.63
2011.06.29 14:13:29.738,0.89715,0.89734,4.50,1.50
2011.06.29 14:13:29.849,0.89716,0.89734,3.00,1.50
2011.06.29 14:13:30.186,0.89715,0.89733,5.25,3.00
2011.06.29 14:13:30.296,0.89715,0.8973,2.25,1.50
2011.06.29 14:13:30.406,0.89713,0.8973,3.00,1.50
2011.06.29 14:13:30.517,0.89713,0.8973,3.00,6.00
2011.06.29 14:13:31.176,0.89713,0.89726,3.00,1.50
2011.06.29 14:13:31.287,0.89711,0.89726,3.00,1.50
2011.06.29 14:13:31.875,0.89711,0.89726,5.85,2.25
2011.06.29 14:13:32.001,0.89713,0.89728,2.10,3.00
2011.06.29 14:13:32.338,0.89711,0.89727,2.10,4.50
2011.06.29 14:13:33.115,0.89711,0.89725,1.13,4.50
2011.06.29 14:13:33.665,0.89709,0.89725,2.85,4.50
2011.06.29 14:13:34.988,0.89706,0.89722,2.85,2.25
2011.06.29 14:13:35.538,0.89708,0.89721,1.35,1.50
2011.06.29 14:13:36.085,0.89709,0.89724,1.13,4.50
2011.06.29 14:13:36.511,0.89711,0.89726,1.50,2.63
2011.06.29 14:13:36.847,0.8971,0.89723,1.88,5.85
2011.06.29 14:13:37.176,0.89707,0.89723,3.23,7.73
2011.06.29 14:13:39.128,0.89708,0.89723,3.23,6.38
2011.06.29 14:13:39.687,0.89707,0.89723,2.10,6.98
2011.06.29 14:13:40.235,0.89707,0.89723,1.35,6.98
2011.06.29 14:13:42.155,0.89707,0.89723,2.48,6.98
2011.06.29 14:13:42.705,0.89709,0.89723,1.50,7.73
2011.06.29 14:13:43.586,0.89709,0.89723,3.38,7.73
2011.06.29 14:13:44.136,0.89709,0.89723,1.13,3.98
2011.06.29 14:13:44.796,0.8971,0.89723,2.63,1.88
2011.06.29 14:13:45.234,0.89712,0.89725,2.85,1.88
2011.06.29 14:13:45.566,0.89712,0.89726,3.60,1.13
2011.06.29 14:13:45.900,0.89714,0.89729,3.75,1.50
2011.06.29 14:13:46.456,0.89716,0.8973,3.00,1.13
2011.06.29 14:13:46.789,0.89718,0.89734,4.50,1.88
2011.06.29 14:13:47.347,0.8972,0.89735,2.85,1.88
2011.06.29 14:13:47.675,0.8972,0.89734,2.85,1.50
2011.06.29 14:13:47.787,0.8972,0.89736,2.85,1.50
2011.06.29 14:13:48.118,0.89728,0.89742,1.50,1.35
2011.06.29 14:13:48.655,0.89728,0.8974,1.50,2.10
2011.06.29 14:13:49.008,0.89726,0.8974,1.50,1.35
2011.06.29 14:13:49.227,0.89727,0.89741,3.75,1.13
2011.06.29 14:13:49.887,0.89728,0.89741,1.50,1.13
2011.06.29 14:13:50.327,0.89725,0.8974,3.75,1.88
2011.06.29 14:13:50.770,0.89728,0.8974,1.50,1.13
2011.06.29 14:13:51.327,0.89728,0.89745,4.50,1.50
2011.06.29 14:13:51.439,0.8973,0.89745,2.25,1.88
2011.06.29 14:13:51.963,0.89729,0.89745,2.25,1.50
2011.06.29 14:13:52.297,0.89729,0.89745,4.13,1.50
2011.06.29 14:13:52.629,0.89733,0.89746,2.25,1.50
2011.06.29 14:13:52.751,0.89733,0.89746,3.00,1.50
2011.06.29 14:13:52.978,0.89732,0.89745,3.00,1.50
2011.06.29 14:13:53.207,0.89729,0.89745,3.00,2.25
2011.06.29 14:13:53.538,0.89729,0.89743,3.00,1.50
2011.06.29 14:13:53.871,0.89729,0.89744,4.88,1.88
2011.06.29 14:13:54.320,0.89733,0.89744,2.25,1.13
2011.06.29 14:13:55.057,0.8973,0.89746,3.38,1.50
2011.06.29 14:13:55.277,0.89729,0.89744,2.25,1.50
2011.06.29 14:13:55.606,0.89728,0.89742,5.63,1.50
2011.06.29 14:13:56.157,0.89729,0.89743,1.50,1.50
2011.06.29 14:13:56.267,0.89729,0.89743,1.50,1.50
2011.06.29 14:13:56.487,0.8973,0.89745,1.88,1.50
2011.06.29 14:13:56.819,0.89734,0.89745,1.13,1.50
2011.06.29 14:13:57.376,0.89732,0.89748,5.10,1.50
2011.06.29 14:13:57.926,0.89732,0.89746,4.13,1.35
2011.06.29 14:13:58.266,0.89732,0.89746,1.13,1.35
2011.06.29 14:13:58.718,0.89729,0.89744,1.88,2.10
2011.06.29 14:13:58.936,0.89728,0.89743,2.63,1.50
2011.06.29 14:13:59.597,0.89728,0.89743,1.88,1.50
2011.06.29 14:13:59.926,0.8973,0.89744,1.13,2.85
2011.06.29 14:14:00.478,0.89728,0.89741,1.50,1.35
2011.06.29 14:14:00.696,0.89727,0.8974,1.50,1.50
2011.06.29 14:14:00.920,0.89725,0.8974,3.98,1.50
2011.06.29 14:14:01.040,0.89725,0.8974,3.98,1.50
2011.06.29 14:14:01.269,0.89726,0.89739,1.50,2.10
2011.06.29 14:14:02.522,0.89726,0.89739,1.50,2.48
2011.06.29 14:14:03.407,0.89724,0.89739,1.50,3.60
2011.06.29 14:14:03.846,0.89722,0.89738,1.35,2.10
2011.06.29 14:14:04.067,0.89721,0.89736,5.10,1.13
2011.06.29 14:14:04.286,0.89719,0.89735,5.10,2.25
2011.06.29 14:14:04.947,0.89717,0.89732,1.13,1.35
2011.06.29 14:14:05.074,0.89719,0.89733,1.50,2.63
2011.06.29 14:14:05.516,0.89719,0.89736,1.50,1.50
2011.06.29 14:14:05.627,0.89717,0.89735,4.50,1.13
2011.06.29 14:14:05.739,0.89717,0.89734,2.25,1.50
2011.06.29 14:14:06.296,0.89716,0.89734,2.25,1.13
2011.06.29 14:14:07.068,0.89716,0.89735,4.50,4.88
2011.06.29 14:14:07.616,0.89717,0.89736,5.25,3.38
2011.06.29 14:14:08.165,0.89717,0.89736,5.25,3.38
2011.06.29 14:14:08.940,0.89717,0.89736,5.25,1.50
2011.06.29 14:14:09.280,0.89717,0.89734,4.50,2.25
2011.06.29 14:14:09.837,0.89717,0.89734,3.00,1.73
2011.06.29 14:14:10.388,0.89717,0.89734,3.60,1.13
2011.06.29 14:14:11.378,0.89717,0.8973,3.60,1.20
2011.06.29 14:14:11.929,0.89717,0.89734,1.35,4.28
2011.06.29 14:14:12.616,0.89716,0.89734,4.35,4.28
2011.06.29 14:14:12.946,0.89716,0.89734,4.35,3.75
2011.06.29 14:14:14.707,0.89717,0.89735,1.35,4.73
2011.06.29 14:14:14.927,0.89717,0.89734,1.35,1.50
2011.06.29 14:14:15.587,0.89717,0.89733,2.10,1.50
2011.06.29 14:14:16.136,0.89717,0.89733,2.85,1.13
2011.06.29 14:14:16.718,0.89717,0.89735,2.85,3.23
2011.06.29 14:14:17.265,0.89717,0.89735,2.85,3.23
2011.06.29 14:14:18.335,0.89717,0.89735,2.85,3.98
2011.06.29 14:14:18.886,0.89717,0.89735,2.85,3.98
2011.06.29 14:14:19.217,0.89716,0.89734,4.35,2.25
2011.06.29 14:14:20.314,0.89717,0.89734,3.60,1.88
2011.06.29 14:14:20.947,0.89717,0.89735,4.35,2.10
2011.06.29 14:14:22.134,0.89717,0.89735,4.35,2.10
2011.06.29 14:14:23.555,0.89717,0.89734,5.85,1.50
2011.06.29 14:14:24.106,0.89717,0.89733,1.35,1.50
2011.06.29 14:14:28.727,0.89717,0.89734,4.73,1.13
2011.06.29 14:14:29.058,0.8972,0.89735,2.48,1.88
2011.06.29 14:14:29.605,0.89722,0.89736,1.13,1.88
2011.06.29 14:14:30.268,0.89722,0.89736,1.88,1.88
2011.06.29 14:14:30.378,0.89722,0.89736,1.50,1.88
2011.06.29 14:14:30.892,0.89723,0.8974,1.50,1.13
2011.06.29 14:14:31.448,0.89724,0.89741,2.63,1.13
2011.06.29 14:14:31.776,0.89727,0.89742,2.25,1.88
2011.06.29 14:14:32.108,0.89727,0.89743,3.00,1.13
2011.06.29 14:14:32.326,0.89727,0.89744,3.75,3.38
2011.06.29 14:14:32.545,0.89727,0.89744,3.75,3.38
2011.06.29 14:14:33.456,0.89727,0.89744,3.75,3.38
2011.06.29 14:14:34.736,0.8973,0.89744,1.13,3.38
2011.06.29 14:14:34.849,0.89729,0.89744,4.50,2.63
2011.06.29 14:14:34.971,0.89729,0.89744,5.25,2.63
2011.06.29 14:14:35.748,0.89728,0.89743,1.88,1.88
2011.06.29 14:14:35.971,0.89727,0.89741,3.00,1.50
2011.06.29 14:14:36.417,0.89723,0.89741,4.73,2.10
2011.06.29 14:14:37.185,0.89723,0.89741,3.23,2.85
2011.06.29 14:14:37.895,0.89724,0.89741,3.00,2.85
2011.06.29 14:14:38.707,0.89725,0.89741,1.13,1.35
2011.06.29 14:14:39.040,0.89728,0.89742,1.13,1.88
2011.06.29 14:14:39.596,0.89728,0.89744,1.88,3.23
2011.06.29 14:14:40.365,0.89728,0.89744,1.88,3.98
2011.06.29 14:14:41.025,0.89728,0.89744,1.88,4.73
2011.06.29 14:14:41.248,0.89729,0.89744,1.50,4.73
2011.06.29 14:14:41.466,0.89728,0.89744,1.50,4.73
2011.06.29 14:14:41.797,0.8973,0.89744,1.88,4.73
2011.06.29 14:14:41.906,0.8973,0.89744,1.50,2.85
2011.06.29 14:14:42.125,0.89731,0.89744,1.13,2.10
2011.06.29 14:14:42.952,0.89731,0.89744,1.13,1.35
2011.06.29 14:14:43.727,0.89733,0.89744,1.13,1.35
2011.06.29 14:14:44.170,0.89735,0.89745,1.13,3.60
2011.06.29 14:14:44.508,0.89731,0.89745,1.13,2.10
2011.06.29 14:14:44.618,0.8973,0.89745,2.25,3.60
2011.06.29 14:14:45.506,0.89729,0.89743,3.38,1.88
2011.06.29 14:14:45.946,0.89727,0.89743,4.13,1.88
2011.06.29 14:14:46.055,0.89728,0.89743,1.13,1.88
2011.06.29 14:14:46.675,0.89728,0.89744,1.13,2.10
2011.06.29 14:14:48.359,0.89733,0.89744,1.13,1.73
2011.06.29 14:14:48.468,0.8973,0.89744,1.88,1.35
2011.06.29 14:14:48.799,0.89727,0.89744,3.60,1.35
2011.06.29 14:14:48.920,0.89727,0.8974,5.25,2.10
2011.06.29 14:14:49.149,0.89725,0.8974,1.13,2.10
2011.06.29 14:14:49.708,0.89724,0.8974,1.88,2.10
2011.06.29 14:14:50.325,0.89727,0.8974,1.50,2.10
2011.06.29 14:14:50.876,0.89727,0.8974,2.25,2.10
2011.06.29 14:14:51.427,0.89727,0.89742,1.50,4.13
2011.06.29 14:14:52.306,0.89727,0.89742,1.50,3.38
2011.06.29 14:14:53.187,0.8973,0.89742,1.13,3.38
2011.06.29 14:14:53.409,0.89733,0.89744,1.50,3.23
2011.06.29 14:14:55.207,0.89734,0.89743,1.50,2.48
2011.06.29 14:14:56.195,0.89734,0.89744,1.50,2.85
2011.06.29 14:14:56.745,0.89734,0.89744,1.50,2.85
2011.06.29 14:14:58.229,0.89731,0.89744,1.88,2.10
2011.06.29 14:14:58.790,0.8973,0.89743,1.50,3.98
2011.06.29 14:14:59.346,0.89732,0.89743,1.50,2.48
2011.06.29 14:14:59.456,0.89733,0.89744,1.50,2.85
2011.06.29 14:15:00.336,0.89734,0.89744,1.50,2.85
2011.06.29 14:15:00.887,0.89732,0.89744,2.25,2.85
2011.06.29 14:15:01.538,0.89734,0.89743,1.50,2.48
2011.06.29 14:15:01.977,0.89736,0.89744,1.50,2.10
2011.06.29 14:15:02.636,0.89735,0.89744,1.50,2.10
2011.06.29 14:15:03.736,0.89735,0.89744,1.50,2.10
2011.06.29 14:15:05.065,0.89737,0.89748,1.50,3.00
2011.06.29 14:15:05.179,0.89737,0.8975,1.50,2.10
2011.06.29 14:15:05.738,0.89733,0.8975,5.10,2.10
2011.06.29 14:15:06.296,0.89733,0.8975,5.10,3.23
2011.06.29 14:15:07.397,0.89733,0.8975,5.85,2.48
2011.06.29 14:15:07.618,0.89735,0.8975,1.50,2.85
2011.06.29 14:15:07.726,0.89734,0.8975,1.50,2.85
2011.06.29 14:15:08.276,0.89735,0.8975,1.88,2.85
2011.06.29 14:15:08.858,0.89737,0.8975,1.50,2.85
2011.06.29 14:15:08.969,0.89737,0.8975,1.50,2.85
2011.06.29 14:15:10.417,0.89735,0.8975,1.50,2.85
2011.06.29 14:15:11.405,0.89736,0.8975,1.50,2.85
2011.06.29 14:15:12.065,0.89736,0.8975,1.50,2.10
2011.06.29 14:15:14.218,0.89736,0.89746,1.50,2.10
2011.06.29 14:15:14.440,0.89737,0.89749,4.50,2.85
2011.06.29 14:15:14.998,0.89736,0.89749,1.50,2.85
2011.06.29 14:15:15.109,0.89736,0.89749,2.25,2.85
2011.06.29 14:15:15.666,0.89735,0.8975,2.63,2.85
2011.06.29 14:15:16.498,0.89736,0.8975,1.50,2.10
2011.06.29 14:15:17.056,0.89735,0.89748,1.50,1.35
2011.06.29 14:15:17.166,0.89735,0.89747,1.50,2.10
2011.06.29 14:15:17.606,0.89734,0.89748,1.13,2.25
2011.06.29 14:15:17.937,0.89735,0.89749,1.13,3.98
2011.06.29 14:15:18.047,0.89735,0.89749,1.88,2.48
2011.06.29 14:15:18.376,0.89739,0.89749,1.50,2.10
2011.06.29 14:15:19.366,0.89736,0.89748,1.50,2.10
2011.06.29 14:15:19.476,0.89733,0.89748,2.63,3.60
2011.06.29 14:15:20.025,0.89734,0.89748,1.13,1.73
2011.06.29 14:15:20.969,0.89734,0.89748,1.88,1.35
2011.06.29 14:15:21.527,0.89735,0.89749,1.13,1.13
2011.06.29 14:15:22.076,0.89734,0.8975,2.10,1.73
2011.06.29 14:15:22.187,0.89734,0.8975,4.73,1.73
2011.06.29 14:15:22.734,0.89736,0.89751,1.88,3.98
2011.06.29 14:15:23.067,0.89739,0.89751,1.50,3.98
2011.06.29 14:15:24.559,0.89737,0.89751,1.88,3.98
2011.06.29 14:15:24.896,0.89738,0.89751,1.13,4.73
2011.06.29 14:15:25.446,0.89737,0.89751,1.50,1.88
2011.06.29 14:15:26.986,0.89736,0.89751,1.13,4.73
2011.06.29 14:15:27.317,0.89741,0.89751,1.13,1.88
2011.06.29 14:15:27.646,0.89745,0.89751,2.25,1.88
2011.06.29 14:15:27.756,0.89741,0.89751,1.13,1.88
2011.06.29 14:15:28.308,0.8974,0.89753,3.00,2.48
2011.06.29 14:15:28.718,0.89739,0.89752,6.38,3.75
2011.06.29 14:15:29.264,0.89739,0.89752,1.13,5.63
2011.06.29 14:15:30.146,0.89741,0.89752,2.25,2.63
2011.06.29 14:15:30.256,0.89738,0.89751,3.00,2.48
2011.06.29 14:15:30.367,0.8974,0.89752,2.63,1.88
2011.06.29 14:15:30.916,0.89744,0.89752,2.25,2.63
2011.06.29 14:15:31.027,0.89738,0.89752,2.63,2.63
2011.06.29 14:15:31.138,0.89743,0.89751,2.25,1.13
2011.06.29 14:15:31.257,0.8974,0.89751,2.25,3.98
2011.06.29 14:15:31.367,0.89736,0.89751,1.13,4.73
2011.06.29 14:15:31.915,0.89738,0.89752,2.25,4.13
2011.06.29 14:15:32.465,0.8974,0.89752,2.63,1.88
2011.06.29 14:15:33.078,0.8974,0.89752,3.38,1.88
2011.06.29 14:15:34.161,0.89741,0.89752,1.13,2.10
2011.06.29 14:15:34.608,0.89739,0.89753,1.13,2.10
2011.06.29 14:15:34.935,0.89738,0.89752,1.50,2.10
2011.06.29 14:15:35.047,0.8974,0.89752,1.13,2.10
2011.06.29 14:15:35.158,0.89739,0.89754,1.88,3.60
2011.06.29 14:15:35.268,0.89739,0.89754,3.38,3.60
2011.06.29 14:15:35.816,0.89739,0.89754,1.50,2.10
2011.06.29 14:15:36.478,0.8974,0.89754,1.13,2.10
2011.06.29 14:15:36.893,0.89742,0.89757,1.13,6.23
2011.06.29 14:15:37.338,0.89739,0.89753,3.75,2.10
2011.06.29 14:15:37.890,0.89739,0.89751,1.88,1.13
2011.06.29 14:15:38.118,0.89739,0.89754,1.13,2.10
2011.06.29 14:15:38.447,0.89739,0.89754,6.00,2.10
2011.06.29 14:15:39.437,0.8974,0.89754,1.13,3.98
2011.06.29 14:15:40.164,0.89743,0.89755,1.13,1.35
2011.06.29 14:15:40.717,0.89743,0.89756,1.50,3.60
2011.06.29 14:15:40.828,0.89744,0.89756,1.13,2.85
2011.06.29 14:15:41.596,0.89746,0.89756,1.13,3.60
2011.06.29 14:15:41.821,0.89745,0.89756,1.13,2.85
2011.06.29 14:15:41.940,0.89747,0.89756,1.13,2.10
2011.06.29 14:15:42.059,0.89745,0.89756,2.25,2.10
2011.06.29 14:15:42.179,0.89745,0.89756,1.13,2.10
2011.06.29 14:15:42.943,0.89746,0.89756,1.13,3.98
2011.06.29 14:15:43.289,0.89749,0.89759,3.60,2.25
2011.06.29 14:15:43.411,0.89749,0.89764,4.73,2.25
2011.06.29 14:15:43.641,0.8975,0.89766,1.73,2.63
2011.06.29 14:15:44.196,0.89751,0.89767,1.88,2.48
2011.06.29 14:15:44.418,0.89751,0.89767,1.88,2.48
2011.06.29 14:15:44.966,0.89754,0.89768,1.13,3.23
2011.06.29 14:15:45.519,0.89754,0.89768,1.50,3.23
2011.06.29 14:15:46.042,0.89752,0.89768,1.88,3.23
2011.06.29 14:15:46.162,0.89753,0.89767,1.13,1.35
2011.06.29 14:15:46.388,0.89754,0.89768,1.13,3.23
2011.06.29 14:15:46.717,0.89754,0.89765,1.50,2.10
2011.06.29 14:15:47.265,0.89754,0.89765,1.88,2.10
2011.06.29 14:15:47.819,0.89753,0.89765,1.13,3.98
2011.06.29 14:15:47.938,0.89754,0.89765,1.13,4.73
2011.06.29 14:15:48.490,0.89754,0.89766,1.50,3.38
2011.06.29 14:15:49.034,0.89755,0.89766,1.13,2.25
2011.06.29 14:15:49.154,0.89757,0.89773,2.48,1.50
2011.06.29 14:15:49.489,0.89758,0.89776,3.75,2.85
2011.06.29 14:15:49.718,0.89758,0.89775,1.50,3.60
2011.06.29 14:15:50.267,0.8976,0.89775,1.50,2.10
2011.06.29 14:15:54.196,0.89761,0.89775,1.13,2.10
2011.06.29 14:15:55.656,0.89758,0.89774,3.38,1.35
2011.06.29 14:15:56.425,0.89759,0.89776,1.13,2.85
2011.06.29 14:15:57.126,0.89758,0.89776,5.48,4.35
2011.06.29 14:15:57.567,0.89758,0.89773,4.73,1.50
2011.06.29 14:15:58.318,0.89753,0.89769,2.25,2.85
2011.06.29 14:15:58.433,0.89754,0.89769,2.85,1.50
2011.06.29 14:15:58.988,0.89752,0.89769,1.13,3.60
2011.06.29 14:15:59.206,0.89752,0.89769,1.13,4.35
2011.06.29 14:15:59.758,0.89751,0.89766,2.10,1.50
2011.06.29 14:16:00.209,0.8975,0.89766,2.25,2.25
2011.06.29 14:16:00.328,0.8975,0.89766,2.25,3.00
2011.06.29 14:16:00.439,0.89748,0.89764,3.00,3.75
2011.06.29 14:16:00.561,0.89745,0.89762,1.13,2.10
2011.06.29 14:16:00.678,0.89743,0.8976,4.35,1.35
2011.06.29 14:16:01.671,0.89741,0.89758,3.75,1.13
2011.06.29 14:16:02.888,0.89741,0.89759,2.25,3.23
2011.06.29 14:16:03.879,0.89741,0.89758,1.50,2.63
2011.06.29 14:16:04.438,0.8974,0.89758,4.35,3.38
2011.06.29 14:16:05.096,0.8974,0.89758,4.35,3.38
2011.06.29 14:16:05.739,0.8974,0.89758,4.35,3.38
2011.06.29 14:16:06.079,0.8974,0.89756,2.85,1.88
2011.06.29 14:16:06.419,0.89738,0.89753,1.35,1.50
2011.06.29 14:16:07.086,0.89738,0.89752,1.35,2.25
2011.06.29 14:16:07.307,0.89738,0.89752,1.35,1.50
2011.06.29 14:16:07.860,0.89738,0.89752,1.35,3.00
2011.06.29 14:16:08.728,0.89737,0.89751,2.10,1.50
2011.06.29 14:16:09.277,0.89737,0.89752,2.10,2.25
2011.06.29 14:16:09.498,0.89738,0.89753,1.35,2.63
2011.06.29 14:16:09.717,0.89738,0.89754,1.35,2.10
2011.06.29 14:16:09.936,0.89737,0.89754,3.98,2.85
2011.06.29 14:16:10.375,0.89737,0.89753,2.85,1.50
2011.06.29 14:16:12.466,0.89738,0.89754,1.35,2.48
2011.06.29 14:16:12.697,0.89737,0.89755,2.85,6.23
2011.06.29 14:16:13.466,0.89738,0.89754,1.35,2.48
2011.06.29 14:16:14.016,0.89738,0.89754,2.10,2.48
2011.06.29 14:16:14.127,0.89738,0.89754,3.60,1.73
2011.06.29 14:16:14.236,0.89738,0.89754,1.35,1.73
2011.06.29 14:16:14.786,0.8974,0.89755,1.50,5.48
2011.06.29 14:16:15.446,0.89742,0.89755,1.50,5.48
2011.06.29 14:16:16.215,0.89742,0.89754,1.50,3.98
2011.06.29 14:16:16.638,0.89739,0.89752,2.25,1.50
2011.06.29 14:16:16.761,0.89736,0.8975,4.50,2.85
2011.06.29 14:16:17.319,0.89737,0.89749,1.50,2.25
2011.06.29 14:16:17.546,0.89737,0.89752,1.50,5.48
2011.06.29 14:16:17.878,0.89737,0.89751,1.50,2.63
2011.06.29 14:16:18.427,0.89739,0.89752,1.50,2.48
2011.06.29 14:16:18.756,0.8974,0.89754,4.13,2.25
2011.06.29 14:16:19.086,0.89742,0.89754,1.50,2.25
2011.06.29 14:16:19.197,0.89742,0.89756,4.50,2.25
2011.06.29 14:16:19.919,0.89745,0.89758,1.50,2.25
2011.06.29 14:16:20.476,0.89745,0.89759,3.00,2.25
2011.06.29 14:16:21.028,0.89743,0.89756,2.25,2.25
2011.06.29 14:16:22.678,0.89742,0.89756,2.25,3.23
2011.06.29 14:16:23.226,0.89741,0.89753,1.50,2.25
2011.06.29 14:16:24.217,0.89739,0.89753,2.25,2.25
2011.06.29 14:16:24.817,0.89739,0.89753,2.25,4.88
2011.06.29 14:16:26.027,0.89739,0.89753,2.25,2.63
2011.06.29 14:16:26.928,0.8974,0.89754,2.25,2.63
2011.06.29 14:16:27.767,0.89738,0.89754,3.00,2.25
2011.06.29 14:16:27.985,0.89739,0.89755,3.00,4.13
2011.06.29 14:16:28.316,0.89741,0.89755,1.88,4.13
2011.06.29 14:16:28.427,0.89742,0.89756,2.25,4.13
2011.06.29 14:16:28.966,0.89743,0.89756,1.50,2.85
2011.06.29 14:16:29.519,0.89744,0.89759,1.13,3.23
2011.06.29 14:16:30.065,0.89745,0.89759,3.00,4.73
2011.06.29 14:16:30.665,0.89745,0.89759,3.75,3.23
2011.06.29 14:16:31.327,0.89745,0.89759,3.00,2.85
2011.06.29 14:16:31.875,0.89745,0.89759,3.00,2.85
2011.06.29 14:16:32.857,0.89746,0.89759,1.50,2.85
2011.06.29 14:16:33.787,0.89748,0.89761,1.50,2.25
2011.06.29 14:16:33.896,0.89748,0.89761,1.88,2.25
2011.06.29 14:16:34.666,0.89749,0.89763,3.75,1.13
2011.06.29 14:16:35.545,0.89748,0.89763,1.50,3.38
2011.06.29 14:16:36.153,0.89748,0.89763,1.50,4.88
2011.06.29 14:16:36.485,0.89748,0.89763,1.50,4.88
2011.06.29 14:16:37.805,0.89748,0.89763,1.50,3.38
2011.06.29 14:16:39.970,0.89747,0.89763,4.50,3.38
2011.06.29 14:16:40.559,0.89747,0.89763,4.50,4.88
2011.06.29 14:16:40.788,0.89747,0.89763,3.75,4.88
2011.06.29 14:16:41.365,0.89747,0.89763,3.75,4.88
2011.06.29 14:16:42.196,0.89747,0.8976,3.00,2.10
2011.06.29 14:16:42.418,0.89746,0.8976,3.00,4.35
2011.06.29 14:16:42.640,0.89749,0.8976,1.13,4.35
2011.06.29 14:16:42.758,0.89746,0.8976,2.25,4.35
2011.06.29 14:16:43.269,0.89746,0.89761,1.50,2.85
2011.06.29 14:16:43.937,0.89745,0.89758,3.00,2.10
2011.06.29 14:16:44.158,0.89744,0.89757,2.25,2.85
2011.06.29 14:16:44.266,0.89741,0.89757,3.00,4.73
2011.06.29 14:16:44.707,0.89741,0.89757,3.38,4.73
2011.06.29 14:16:45.476,0.89744,0.89757,2.25,1.88
2011.06.29 14:16:45.587,0.89745,0.89759,2.25,3.60
2011.06.29 14:16:45.969,0.89748,0.89759,1.13,2.85
2011.06.29 14:16:46.093,0.89747,0.89761,2.85,2.25
2011.06.29 14:16:46.537,0.89745,0.89758,1.50,2.25
2011.06.29 14:16:46.647,0.89745,0.8976,1.50,5.25
2011.06.29 14:16:47.308,0.89745,0.89759,1.50,1.50
2011.06.29 14:16:47.416,0.89745,0.89757,1.50,2.10
2011.06.29 14:16:47.745,0.89741,0.89757,3.75,4.35
2011.06.29 14:16:48.738,0.8974,0.89756,3.60,3.60
2011.06.29 14:16:48.956,0.8974,0.89755,3.00,2.10
2011.06.29 14:16:50.848,0.8974,0.89755,3.75,2.10
2011.06.29 14:16:52.499,0.89741,0.89756,1.88,2.25
2011.06.29 14:16:52.617,0.89742,0.89756,1.50,2.25
2011.06.29 14:16:53.164,0.89742,0.89757,1.50,2.85
2011.06.29 14:16:54.047,0.89745,0.89759,3.75,4.73
2011.06.29 14:16:54.596,0.89745,0.89759,3.75,3.23
2011.06.29 14:16:55.157,0.89745,0.89759,4.50,3.23
2011.06.29 14:16:56.806,0.89747,0.89758,1.13,2.10
2011.06.29 14:16:57.139,0.89746,0.89758,1.13,4.35
2011.06.29 14:16:58.016,0.89744,0.89758,3.00,4.73
2011.06.29 14:16:58.786,0.89742,0.89756,4.13,2.25
2011.06.29 14:16:59.415,0.89745,0.89758,2.25,2.25
2011.06.29 14:16:59.531,0.89743,0.89757,2.10,3.00
2011.06.29 14:16:59.869,0.89742,0.89755,1.50,2.10
2011.06.29 14:17:01.146,0.89741,0.89755,1.50,2.10
2011.06.29 14:17:02.026,0.89741,0.89755,1.50,2.10
2011.06.29 14:17:03.291,0.89739,0.89753,1.50,2.25
2011.06.29 14:17:03.637,0.89743,0.89755,1.13,3.98
2011.06.29 14:17:05.217,0.89743,0.89755,1.13,1.88
2011.06.29 14:17:05.439,0.89745,0.89758,1.88,3.23
2011.06.29 14:17:05.777,0.89747,0.89759,1.50,3.98
2011.06.29 14:17:06.878,0.89748,0.8976,1.13,2.25
2011.06.29 14:17:07.318,0.89749,0.89761,2.25,2.85
2011.06.29 14:17:07.929,0.89746,0.89761,2.25,4.73
2011.06.29 14:17:08.817,0.89748,0.89761,1.50,4.73
2011.06.29 14:17:09.151,0.89748,0.89757,1.50,1.50
2011.06.29 14:17:09.379,0.89742,0.89757,2.25,3.00
2011.06.29 14:17:09.817,0.89742,0.89756,3.75,3.60
2011.06.29 14:17:10.148,0.89741,0.89748,1.50,2.25
2011.06.29 14:17:10.478,0.8974,0.8975,2.25,2.25
2011.06.29 14:17:10.587,0.8974,0.89753,3.00,1.88
2011.06.29 14:17:10.993,0.89739,0.89753,5.25,4.13
2011.06.29 14:17:11.107,0.89741,0.89755,3.00,2.63
2011.06.29 14:17:13.019,0.89742,0.89756,3.00,3.00
2011.06.29 14:17:13.248,0.89744,0.89758,2.25,2.63
2011.06.29 14:17:13.578,0.89746,0.89758,3.75,1.88
2011.06.29 14:17:14.346,0.89746,0.89759,3.75,1.88
2011.06.29 14:17:15.175,0.8975,0.89759,1.50,1.88
2011.06.29 14:17:15.305,0.89752,0.89765,1.88,2.25
2011.06.29 14:17:15.419,0.8975,0.89766,3.75,6.98
2011.06.29 14:17:15.649,0.8975,0.89762,3.00,2.85
2011.06.29 14:17:15.876,0.89749,0.89763,2.25,4.35
2011.06.29 14:17:16.426,0.89749,0.89762,2.25,1.88
2011.06.29 14:17:16.757,0.8975,0.89761,1.50,1.13
2011.06.29 14:17:17.088,0.89749,0.8976,2.25,1.35
2011.06.29 14:17:17.197,0.89749,0.89759,2.25,1.35
2011.06.29 14:17:17.418,0.89746,0.89757,2.25,2.10
2011.06.29 14:17:17.842,0.89749,0.89758,1.13,3.00
2011.06.29 14:17:17.963,0.89745,0.89759,1.50,2.63
2011.06.29 14:17:18.297,0.89744,0.89758,3.75,2.10
2011.06.29 14:17:18.848,0.89744,0.89758,2.10,2.63
2011.06.29 14:17:19.395,0.89745,0.89759,1.50,1.88
2011.06.29 14:17:20.167,0.89746,0.8976,1.50,2.63
2011.06.29 14:17:21.950,0.89746,0.8976,1.88,2.25
2011.06.29 14:17:22.065,0.89748,0.89762,3.00,3.00
2011.06.29 14:17:22.511,0.89747,0.89761,1.50,2.25
2011.06.29 14:17:23.508,0.89748,0.89763,2.25,4.73
2011.06.29 14:17:23.622,0.89749,0.89763,1.50,2.48
2011.06.29 14:17:23.960,0.89752,0.89764,1.13,6.23
2011.06.29 14:17:24.188,0.89753,0.89764,1.50,3.60
2011.06.29 14:17:24.728,0.89753,0.89767,5.25,2.25
2011.06.29 14:17:24.961,0.89754,0.89768,3.38,1.88
2011.06.29 14:17:25.408,0.89756,0.89769,3.38,1.88
2011.06.29 14:17:25.518,0.89756,0.8977,3.38,2.25
2011.06.29 14:17:26.068,0.89757,0.89771,5.10,2.25
2011.06.29 14:17:26.617,0.89759,0.89772,1.50,2.25
2011.06.29 14:17:26.838,0.89759,0.89772,1.50,3.00
2011.06.29 14:17:27.386,0.89758,0.89772,3.00,2.25
2011.06.29 14:17:28.227,0.89758,0.89772,3.75,2.25
2011.06.29 14:17:28.787,0.89758,0.89772,3.75,2.25
2011.06.29 14:17:29.777,0.89759,0.89773,1.50,1.73
2011.06.29 14:17:29.887,0.89759,0.89773,1.50,1.73
2011.06.29 14:17:30.327,0.89758,0.89772,3.00,2.25
2011.06.29 14:17:31.096,0.89759,0.89772,1.13,2.25
2011.06.29 14:17:31.832,0.89763,0.89773,1.50,3.23
2011.06.29 14:17:32.168,0.89761,0.89773,1.50,5.48
2011.06.29 14:17:32.499,0.89761,0.89772,1.50,1.88
2011.06.29 14:17:33.167,0.8976,0.89772,1.50,2.63
2011.06.29 14:17:33.279,0.89759,0.89772,1.50,3.38
2011.06.29 14:17:33.396,0.89759,0.89771,1.50,1.88
2011.06.29 14:17:34.606,0.89762,0.89772,1.50,3.00
2011.06.29 14:17:35.158,0.8976,0.89773,1.50,2.63
2011.06.29 14:17:36.002,0.89763,0.89773,1.50,1.88
2011.06.29 14:17:36.337,0.89761,0.89773,1.50,1.88
2011.06.29 14:17:36.888,0.89762,0.89773,1.50,1.88
2011.06.29 14:17:37.218,0.89763,0.89773,1.50,4.13
2011.06.29 14:17:37.436,0.89763,0.89773,1.50,4.13
2011.06.29 14:17:37.987,0.89763,0.89773,1.50,4.88
2011.06.29 14:17:41.087,0.89761,0.89772,1.50,1.13
2011.06.29 14:17:43.879,0.89759,0.89771,5.25,1.50
2011.06.29 14:17:43.999,0.89759,0.8977,1.50,1.50
2011.06.29 14:17:44.118,0.89758,0.89769,3.00,1.50
2011.06.29 14:17:44.449,0.89754,0.89768,1.50,3.75
2011.06.29 14:17:44.569,0.89754,0.89765,1.50,2.25
2011.06.29 14:17:45.010,0.89756,0.89765,2.25,2.25
2011.06.29 14:17:45.569,0.89758,0.89765,1.50,2.25
2011.06.29 14:17:45.788,0.89757,0.89767,1.50,2.25
2011.06.29 14:17:46.231,0.89757,0.8977,1.73,4.50
2011.06.29 14:17:46.787,0.89757,0.89771,3.38,3.00
2011.06.29 14:17:46.898,0.89757,0.89771,2.25,3.00
2011.06.29 14:17:47.011,0.89757,0.89771,3.38,3.00
2011.06.29 14:17:47.567,0.89758,0.89771,1.13,2.25
2011.06.29 14:17:48.073,0.89761,0.89773,2.25,1.13
2011.06.29 14:17:48.189,0.89763,0.89774,1.35,1.88
2011.06.29 14:17:48.310,0.89764,0.89777,2.78,1.13
2011.06.29 14:17:48.430,0.89768,0.89778,1.13,4.13
2011.06.29 14:17:48.548,0.89767,0.8978,1.13,3.38
2011.06.29 14:17:48.767,0.89765,0.8978,4.13,2.63
2011.06.29 14:17:49.315,0.89764,0.89778,1.13,3.60
2011.06.29 14:17:50.197,0.89767,0.89778,1.13,3.98
2011.06.29 14:17:51.106,0.89765,0.89778,1.50,3.98
2011.06.29 14:17:52.107,0.89765,0.89778,1.50,3.23
2011.06.29 14:17:52.879,0.89767,0.89778,1.13,2.48
2011.06.29 14:17:53.218,0.89767,0.8978,1.13,4.13
2011.06.29 14:17:53.330,0.89766,0.8978,3.00,4.88
2011.06.29 14:17:53.448,0.89768,0.8978,1.13,5.63
2011.06.29 14:17:53.982,0.89768,0.8978,1.13,3.00
2011.06.29 14:17:54.430,0.89766,0.8978,4.88,2.25
2011.06.29 14:17:54.768,0.89766,0.8978,4.13,2.25
2011.06.29 14:17:55.097,0.89768,0.89781,1.13,4.73
2011.06.29 14:17:56.401,0.89767,0.89781,1.50,3.23
2011.06.29 14:17:57.835,0.89768,0.89781,1.13,4.73
2011.06.29 14:17:58.056,0.89771,0.89781,2.25,2.48
2011.06.29 14:17:58.276,0.89769,0.8978,2.63,2.25
2011.06.29 14:17:58.385,0.89771,0.89781,2.25,2.48
2011.06.29 14:17:58.605,0.89768,0.89781,4.13,4.73
2011.06.29 14:17:59.668,0.89769,0.89783,4.88,3.23
2011.06.29 14:18:00.440,0.89771,0.89784,1.13,7.13
2011.06.29 14:18:00.887,0.8977,0.89781,1.13,1.50
2011.06.29 14:18:01.219,0.8977,0.89784,3.75,4.13
2011.06.29 14:18:01.337,0.8977,0.89784,1.50,4.73
2011.06.29 14:18:01.886,0.89769,0.89782,3.38,2.63
2011.06.29 14:18:03.139,0.89769,0.8978,1.13,2.25
2011.06.29 14:18:03.701,0.89768,0.8978,1.13,2.25
2011.06.29 14:18:04.039,0.89769,0.89783,3.38,3.98
2011.06.29 14:18:04.816,0.8977,0.89785,1.50,4.13
2011.06.29 14:18:05.366,0.8977,0.89784,1.50,3.75
2011.06.29 14:18:05.916,0.89771,0.89785,1.35,5.63
2011.06.29 14:18:06.539,0.89771,0.89785,2.48,5.63
2011.06.29 14:18:07.085,0.89771,0.89785,2.10,4.88
2011.06.29 14:18:07.636,0.89771,0.89785,2.10,5.63
2011.06.29 14:18:08.186,0.8977,0.89784,1.88,1.50
2011.06.29 14:18:08.518,0.89768,0.89782,5.10,3.75
2011.06.29 14:18:09.069,0.89768,0.89781,1.50,3.75
2011.06.29 14:18:09.410,0.89766,0.89782,4.13,3.23
2011.06.29 14:18:09.955,0.89766,0.8978,3.00,2.25
2011.06.29 14:18:10.178,0.89766,0.89782,3.75,3.98
2011.06.29 14:18:10.617,0.89766,0.89781,3.60,1.88
2011.06.29 14:18:11.276,0.89766,0.8978,4.13,1.73
2011.06.29 14:18:11.824,0.89769,0.89781,1.88,3.23
2011.06.29 14:18:12.171,0.89774,0.89786,1.88,2.85
2011.06.29 14:18:12.509,0.89778,0.8979,1.50,3.75
2011.06.29 14:18:12.739,0.89779,0.89791,1.13,2.25
2011.06.29 14:18:13.266,0.89781,0.89794,3.00,3.38
2011.06.29 14:18:13.728,0.89781,0.89795,3.60,1.88
2011.06.29 14:18:13.953,0.89782,0.89794,1.13,3.75
2011.06.29 14:18:14.071,0.89778,0.89793,3.00,1.50
2011.06.29 14:18:14.190,0.89777,0.89792,2.25,1.50
2011.06.29 14:18:14.527,0.89778,0.89792,1.50,1.13
2011.06.29 14:18:15.077,0.89778,0.89794,3.00,4.13
2011.06.29 14:18:15.408,0.89781,0.89793,1.13,3.75
2011.06.29 14:18:15.888,0.89781,0.89794,1.13,2.25
2011.06.29 14:18:16.013,0.89778,0.89792,3.00,2.25
2011.06.29 14:18:16.347,0.8978,0.89794,3.00,2.63
2011.06.29 14:18:16.680,0.89781,0.89795,5.85,4.88
2011.06.29 14:18:17.020,0.89784,0.89795,1.13,2.25
2011.06.29 14:18:17.137,0.89783,0.89795,1.50,2.25
2011.06.29 14:18:18.127,0.89782,0.89795,2.10,3.00
2011.06.29 14:18:18.679,0.89781,0.89795,3.60,3.00
2011.06.29 14:18:19.412,0.89779,0.8979,1.13,2.25
2011.06.29 14:18:19.970,0.89778,0.89792,2.25,4.13
2011.06.29 14:18:20.308,0.89781,0.89793,1.50,3.00
2011.06.29 14:18:20.419,0.89779,0.89793,2.85,3.00
2011.06.29 14:18:20.537,0.89781,0.89794,2.25,1.50
2011.06.29 14:18:21.747,0.89781,0.89794,2.25,1.50
2011.06.29 14:18:22.188,0.89778,0.89792,6.00,2.25
2011.06.29 14:18:22.840,0.89778,0.89792,2.25,2.25
2011.06.29 14:18:22.955,0.89781,0.89794,3.00,2.63
2011.06.29 14:18:23.181,0.89782,0.89796,2.85,2.25
2011.06.29 14:18:23.736,0.89782,0.89797,2.25,2.10
2011.06.29 14:18:25.056,0.8978,0.89796,3.00,3.00
2011.06.29 14:18:25.606,0.8978,0.89796,3.00,4.13
2011.06.29 14:18:26.156,0.8978,0.89795,2.25,3.38
2011.06.29 14:18:26.705,0.8978,0.89794,2.25,3.75
2011.06.29 14:18:26.928,0.89778,0.89792,2.25,1.50
2011.06.29 14:18:27.523,0.89777,0.89788,2.25,1.35
2011.06.29 14:18:27.646,0.89773,0.89787,5.25,4.50
2011.06.29 14:18:28.000,0.89771,0.89785,2.25,3.00
2011.06.29 14:18:28.340,0.89769,0.89783,2.25,5.10
2011.06.29 14:18:28.677,0.89771,0.89784,3.75,1.88
2011.06.29 14:18:28.786,0.89771,0.89784,3.75,1.88
2011.06.29 14:18:29.336,0.89771,0.89785,3.75,2.25
2011.06.29 14:18:29.556,0.89771,0.89786,3.75,1.73
2011.06.29 14:18:30.128,0.89775,0.89786,1.50,3.23
2011.06.29 14:18:30.685,0.89776,0.89786,1.50,2.10
2011.06.29 14:18:31.239,0.89777,0.89786,1.50,2.85
2011.06.29 14:18:32.678,0.89778,0.89786,1.50,2.25
2011.06.29 14:18:33.007,0.89779,0.89788,1.50,4.13
2011.06.29 14:18:33.340,0.8978,0.89788,1.13,2.25
2011.06.29 14:18:33.462,0.89777,0.8979,1.88,4.50
2011.06.29 14:18:33.908,0.89778,0.89792,1.50,2.85
2011.06.29 14:18:34.132,0.89778,0.8979,1.50,1.50
2011.06.29 14:18:34.471,0.89776,0.89786,3.75,1.50
2011.06.29 14:18:34.921,0.89773,0.89784,1.13,2.25
2011.06.29 14:18:35.041,0.8977,0.89784,4.13,2.25
2011.06.29 14:18:35.158,0.8977,0.89784,3.75,2.25
2011.06.29 14:18:35.267,0.8977,0.89784,3.75,3.00
2011.06.29 14:18:35.817,0.89771,0.89786,3.75,2.10
2011.06.29 14:18:36.366,0.89772,0.89784,1.50,2.25
2011.06.29 14:18:37.628,0.8977,0.89784,3.75,2.25
2011.06.29 14:18:38.617,0.8977,0.89781,3.75,4.50
2011.06.29 14:18:38.948,0.89768,0.89781,1.13,3.00
2011.06.29 14:18:39.282,0.89771,0.89781,1.13,2.25
2011.06.29 14:18:39.511,0.89771,0.89785,4.13,2.25
2011.06.29 14:18:39.848,0.89775,0.89786,1.13,3.75
2011.06.29 14:18:39.960,0.89775,0.89786,1.50,3.00
2011.06.29 14:18:40.186,0.89774,0.89789,2.25,4.13
2011.06.29 14:18:40.772,0.89778,0.89788,1.13,1.88
2011.06.29 14:18:41.220,0.89778,0.89792,1.13,5.85
2011.06.29 14:18:41.776,0.89778,0.89791,1.13,1.88
2011.06.29 14:18:42.108,0.89781,0.89792,1.13,2.48
2011.06.29 14:18:42.658,0.89781,0.89793,1.13,2.85
2011.06.29 14:18:43.207,0.8978,0.89792,1.13,3.60
2011.06.29 14:18:43.319,0.89778,0.89791,4.50,1.50
2011.06.29 14:18:43.924,0.89775,0.89788,1.88,2.25
2011.06.29 14:18:44.258,0.89775,0.89786,1.13,2.10
2011.06.29 14:18:44.477,0.89774,0.89787,1.50,2.25
2011.06.29 14:18:45.027,0.89775,0.89788,1.50,2.85
2011.06.29 14:18:45.576,0.89775,0.89787,1.50,2.25
2011.06.29 14:18:45.797,0.89777,0.89787,1.13,2.25
2011.06.29 14:18:46.021,0.89774,0.89787,3.38,2.25
2011.06.29 14:18:46.140,0.89774,0.89787,2.25,2.25
2011.06.29 14:18:46.477,0.89773,0.89784,1.50,2.85
2011.06.29 14:18:46.589,0.89772,0.89784,1.50,2.85
2011.06.29 14:18:46.709,0.89776,0.89784,1.88,2.85
2011.06.29 14:18:47.256,0.89778,0.89785,1.50,2.25
2011.06.29 14:18:47.743,0.89774,0.89784,2.25,2.25
2011.06.29 14:18:49.067,0.89776,0.89785,1.50,4.13
2011.06.29 14:18:49.949,0.89778,0.89785,1.88,2.85
2011.06.29 14:18:50.510,0.89777,0.89784,1.50,2.25
2011.06.29 14:18:51.298,0.89779,0.89786,1.88,2.63
2011.06.29 14:18:51.628,0.89779,0.89785,1.50,2.85
2011.06.29 14:18:51.958,0.89777,0.89785,1.50,2.25
2011.06.29 14:18:52.179,0.89778,0.89785,1.88,2.25
2011.06.29 14:18:52.407,0.89779,0.89785,1.50,2.25
2011.06.29 14:18:52.956,0.89777,0.89785,1.88,2.25
2011.06.29 14:18:54.359,0.89778,0.89785,1.50,2.25
2011.06.29 14:18:55.466,0.89776,0.89785,1.50,2.25
2011.06.29 14:18:56.407,0.89776,0.89785,1.88,4.50
2011.06.29 14:18:56.737,0.89777,0.89783,1.50,2.25
2011.06.29 14:18:57.398,0.89777,0.89783,1.50,2.25
2011.06.29 14:18:57.727,0.89776,0.89785,1.50,3.00
2011.06.29 14:18:58.333,0.89777,0.89785,1.50,5.10
2011.06.29 14:18:58.779,0.89777,0.89782,1.50,2.25
2011.06.29 14:18:58.998,0.89776,0.89785,1.50,1.50
2011.06.29 14:18:59.220,0.89772,0.89783,1.50,2.25
2011.06.29 14:18:59.777,0.89773,0.89782,1.50,3.00
2011.06.29 14:19:00.108,0.89772,0.8978,1.50,2.25
2011.06.29 14:19:00.658,0.89771,0.89782,2.25,5.10
2011.06.29 14:19:00.989,0.89773,0.89782,1.50,4.35
2011.06.29 14:19:01.527,0.89772,0.89782,1.88,2.25
2011.06.29 14:19:01.645,0.8977,0.89784,1.50,3.60
2011.06.29 14:19:02.198,0.89769,0.8978,2.25,2.25
2011.06.29 14:19:04.501,0.89769,0.8978,1.50,2.25
2011.06.29 14:19:06.299,0.8977,0.8978,1.13,2.25
2011.06.29 14:19:11.529,0.89768,0.89779,1.13,1.50
2011.06.29 14:19:12.044,0.89769,0.89777,1.13,2.25
2011.06.29 14:19:12.597,0.89769,0.89778,1.13,2.25
2011.06.29 14:19:13.186,0.89768,0.89778,1.13,2.25
2011.06.29 14:19:15.276,0.89768,0.89778,1.13,3.00
2011.06.29 14:19:15.826,0.89768,0.89778,1.13,2.25
2011.06.29 14:19:16.569,0.89766,0.89778,1.88,3.00
2011.06.29 14:19:17.158,0.89767,0.89779,1.50,3.00
2011.06.29 14:19:17.935,0.89767,0.89778,1.50,1.50
2011.06.29 14:19:18.485,0.89767,0.89779,1.50,3.00
2011.06.29 14:19:19.456,0.89767,0.89779,1.50,3.00
2011.06.29 14:19:19.565,0.89767,0.89777,1.50,2.25
2011.06.29 14:19:19.897,0.89767,0.89779,1.50,3.00
2011.06.29 14:19:20.009,0.89768,0.89778,1.13,2.25
2011.06.29 14:19:20.337,0.89767,0.89779,2.25,2.25
2011.06.29 14:19:20.668,0.89768,0.89777,1.50,2.25
2011.06.29 14:19:21.216,0.89766,0.89779,1.50,2.25
2011.06.29 14:19:21.777,0.89766,0.8978,3.75,3.00
2011.06.29 14:19:21.886,0.89767,0.8978,1.13,2.25
2011.06.29 14:19:24.577,0.89768,0.8978,1.88,3.00
2011.06.29 14:19:24.910,0.89771,0.8978,1.13,2.25
2011.06.29 14:19:27.578,0.89771,0.89779,1.13,2.10
2011.06.29 14:19:28.018,0.89771,0.8978,1.13,2.25
2011.06.29 14:19:30.215,0.89774,0.8978,1.50,2.25
2011.06.29 14:19:30.769,0.89774,0.89781,1.50,1.73
2011.06.29 14:19:31.318,0.89773,0.89781,1.50,1.35
2011.06.29 14:19:32.195,0.89774,0.89782,1.50,2.10
2011.06.29 14:19:34.378,0.89774,0.89781,1.50,2.85
2011.06.29 14:19:34.598,0.89773,0.89779,1.50,1.50
2011.06.29 14:19:35.037,0.89772,0.89781,1.50,1.35
2011.06.29 14:19:35.698,0.89774,0.89782,1.50,3.75
2011.06.29 14:19:36.246,0.89774,0.89782,1.50,2.25
2011.06.29 14:19:36.686,0.89774,0.89784,1.50,3.60
2011.06.29 14:19:36.797,0.89773,0.89784,2.25,3.60
2011.06.29 14:19:37.019,0.8977,0.89784,2.25,3.60
2011.06.29 14:19:37.671,0.89769,0.89782,2.25,3.60
2011.06.29 14:19:38.226,0.89769,0.89781,1.50,5.85
2011.06.29 14:19:38.776,0.89769,0.89782,1.50,3.00
2011.06.29 14:19:39.329,0.89769,0.89782,1.50,4.50
2011.06.29 14:19:40.106,0.89769,0.89782,1.50,3.75
2011.06.29 14:19:40.437,0.89769,0.89782,1.88,3.00
2011.06.29 14:19:41.122,0.89772,0.89783,1.50,2.85
2011.06.29 14:19:41.456,0.89771,0.89783,1.88,2.85
2011.06.29 14:19:41.566,0.89771,0.89783,1.50,2.85
2011.06.29 14:19:41.681,0.89771,0.89783,1.13,3.60
2011.06.29 14:19:42.238,0.89774,0.89784,1.13,5.85
2011.06.29 14:19:42.678,0.8977,0.89784,1.50,5.10
2011.06.29 14:19:42.801,0.89772,0.89784,1.13,5.10
2011.06.29 14:19:43.138,0.89775,0.89783,1.13,2.85
2011.06.29 14:19:45.048,0.89774,0.89783,1.13,2.85
2011.06.29 14:19:45.269,0.89772,0.89783,1.88,2.85
2011.06.29 14:19:45.389,0.89771,0.8978,1.13,2.25
2011.06.29 14:19:45.618,0.89773,0.89783,1.50,2.85
2011.06.29 14:19:45.729,0.89773,0.89783,1.88,2.85
2011.06.29 14:19:45.957,0.8977,0.89784,2.10,3.00
2011.06.29 14:19:46.180,0.89773,0.89786,1.13,2.85
2011.06.29 14:19:46.736,0.89773,0.89786,3.75,1.35
2011.06.29 14:19:47.067,0.89775,0.89787,1.88,6.98
2011.06.29 14:19:47.177,0.89775,0.89787,1.50,6.23
2011.06.29 14:19:49.645,0.89773,0.89786,3.00,3.98
2011.06.29 14:19:50.155,0.89773,0.89786,3.00,3.98
2011.06.29 14:19:50.668,0.89773,0.89786,3.00,3.98
2011.06.29 14:19:51.216,0.89773,0.89786,3.00,4.73
2011.06.29 14:19:51.876,0.89773,0.89786,3.00,3.98
2011.06.29 14:19:52.755,0.89773,0.89786,3.00,2.10
2011.06.29 14:19:53.305,0.89773,0.89786,3.00,2.48
2011.06.29 14:19:54.006,0.89773,0.89786,3.00,1.73
2011.06.29 14:19:54.336,0.89775,0.89787,1.13,9.23
2011.06.29 14:19:54.889,0.89775,0.89787,1.50,4.35
2011.06.29 14:19:55.548,0.89778,0.89787,1.50,2.85
2011.06.29 14:19:55.657,0.89778,0.89789,1.50,4.50
2011.06.29 14:19:56.205,0.89778,0.89789,1.50,3.75
2011.06.29 14:19:56.646,0.89778,0.89789,1.88,3.75
2011.06.29 14:19:57.856,0.8978,0.89791,1.50,4.50
2011.06.29 14:19:59.169,0.89781,0.89791,1.50,2.25
2011.06.29 14:20:00.167,0.89779,0.8979,1.50,1.50
2011.06.29 14:20:00.278,0.89779,0.89788,1.50,2.25
2011.06.29 14:20:00.498,0.89776,0.89788,1.88,2.25
2011.06.29 14:20:00.718,0.89779,0.8979,1.50,2.85
2011.06.29 14:20:00.937,0.8978,0.89792,2.63,5.10
2011.06.29 14:20:01.486,0.89782,0.89791,1.50,1.50
2011.06.29 14:20:01.927,0.89781,0.89789,1.50,2.10
2011.06.29 14:20:02.367,0.89781,0.89791,1.50,3.60
2011.06.29 14:20:02.587,0.89782,0.89793,1.50,1.13
2011.06.29 14:20:03.137,0.89783,0.89795,2.63,4.73
2011.06.29 14:20:03.729,0.89784,0.89795,1.50,4.88
2011.06.29 14:20:04.288,0.89784,0.89795,1.88,2.25
2011.06.29 14:20:05.276,0.89784,0.89795,1.88,2.25
2011.06.29 14:20:05.827,0.89784,0.89795,1.13,3.00
2011.06.29 14:20:06.160,0.8978,0.89794,3.23,3.00
2011.06.29 14:20:06.280,0.89781,0.89793,1.13,1.50
2011.06.29 14:20:06.397,0.8978,0.89794,4.13,3.75
2011.06.29 14:20:06.947,0.8978,0.89793,2.63,1.73
2011.06.29 14:20:07.498,0.89783,0.89794,1.88,2.25
2011.06.29 14:20:07.609,0.89783,0.89794,1.50,2.25
2011.06.29 14:20:07.916,0.89783,0.89792,1.50,2.25
2011.06.29 14:20:08.059,0.89788,0.89799,1.13,1.88
2011.06.29 14:20:08.174,0.89787,0.89801,1.13,4.13
2011.06.29 14:20:08.619,0.89785,0.898,3.75,1.88
2011.06.29 14:20:09.727,0.89788,0.898,1.13,4.13
2011.06.29 14:20:10.056,0.89788,0.89802,1.13,2.63
2011.06.29 14:20:10.719,0.89789,0.89802,1.50,2.63
2011.06.29 14:20:11.070,0.89793,0.89802,1.13,2.63
2011.06.29 14:20:11.206,0.8979,0.89802,1.13,2.25
2011.06.29 14:20:11.977,0.89788,0.89801,4.13,2.10
2011.06.29 14:20:12.749,0.89789,0.898,1.13,2.85
2011.06.29 14:20:15.427,0.89791,0.89801,1.50,2.10
2011.06.29 14:20:16.967,0.89791,0.89804,1.50,5.85
2011.06.29 14:20:17.520,0.89791,0.89803,1.50,2.85
2011.06.29 14:20:17.747,0.89794,0.89803,1.50,2.85
2011.06.29 14:20:18.402,0.89791,0.89801,1.50,2.10
2011.06.29 14:20:18.956,0.89792,0.89801,1.50,2.10
2011.06.29 14:20:19.068,0.89792,0.89803,1.50,1.35
2011.06.29 14:20:19.506,0.89793,0.89803,1.50,2.85
2011.06.29 14:20:20.056,0.89793,0.89803,1.50,2.85
2011.06.29 14:20:21.928,0.89793,0.89803,1.50,2.85
2011.06.29 14:20:23.417,0.89795,0.89803,1.50,2.85
2011.06.29 14:20:24.150,0.89793,0.89803,2.25,3.60
2011.06.29 14:20:24.490,0.89793,0.89801,1.50,2.10
2011.06.29 14:20:25.047,0.8979,0.89801,2.25,2.10
2011.06.29 14:20:25.157,0.89792,0.89801,1.50,2.10
2011.06.29 14:20:25.488,0.89794,0.89804,1.50,5.48
2011.06.29 14:20:25.597,0.89794,0.89804,1.50,5.48
2011.06.29 14:20:25.928,0.89793,0.89802,1.50,4.35
2011.06.29 14:20:26.267,0.89793,0.89801,1.50,1.35
2011.06.29 14:20:26.488,0.8979,0.89801,1.50,1.35
2011.06.29 14:20:26.708,0.8979,0.898,1.50,2.85
2011.06.29 14:20:27.037,0.89792,0.89798,1.50,2.25
2011.06.29 14:20:27.589,0.89793,0.89802,1.50,2.85
2011.06.29 14:20:28.349,0.8979,0.89802,1.50,3.23
2011.06.29 14:20:28.472,0.8979,0.89802,1.50,3.23
2011.06.29 14:20:29.028,0.89791,0.89802,1.50,2.85
2011.06.29 14:20:29.578,0.89789,0.89802,1.50,4.73
2011.06.29 14:20:30.128,0.8979,0.89802,1.50,4.73
2011.06.29 14:20:30.680,0.89791,0.89802,2.25,4.13
2011.06.29 14:20:31.235,0.89791,0.89802,3.00,2.25
2011.06.29 14:20:31.674,0.89789,0.89802,1.50,3.00
2011.06.29 14:20:31.789,0.89789,0.89798,1.50,2.25
2011.06.29 14:20:31.909,0.89786,0.89798,1.50,2.25
2011.06.29 14:20:33.258,0.89786,0.89798,1.13,2.25
2011.06.29 14:20:33.587,0.89785,0.898,1.50,4.88
2011.06.29 14:20:33.697,0.89785,0.89799,1.13,2.25
2011.06.29 14:20:33.808,0.89784,0.89799,3.75,1.50
2011.06.29 14:20:33.918,0.89784,0.89798,3.75,1.35
2011.06.29 14:20:34.368,0.89786,0.89798,1.13,3.60
2011.06.29 14:20:34.918,0.89786,0.89799,3.00,2.85
2011.06.29 14:20:36.275,0.89787,0.89798,1.13,1.35
2011.06.29 14:20:36.392,0.89787,0.89798,1.13,1.35
2011.06.29 14:20:36.727,0.89787,0.89798,1.50,1.35
2011.06.29 14:20:37.061,0.89789,0.898,1.13,3.00
2011.06.29 14:20:37.398,0.89789,0.89798,1.13,2.25
2011.06.29 14:20:37.840,0.89792,0.89801,1.13,3.60
2011.06.29 14:20:37.961,0.89788,0.89801,1.88,6.00
2011.06.29 14:20:38.188,0.89791,0.89801,1.88,2.25
2011.06.29 14:20:38.736,0.89793,0.89801,1.50,2.25
2011.06.29 14:20:39.261,0.89794,0.89803,1.50,2.63
2011.06.29 14:20:39.383,0.89792,0.89803,1.50,1.88
2011.06.29 14:20:40.047,0.89792,0.89803,1.50,2.63
2011.06.29 14:20:40.158,0.89793,0.898,1.50,2.25
2011.06.29 14:20:40.598,0.89794,0.89804,2.25,3.23
2011.06.29 14:20:41.149,0.89797,0.89806,1.13,5.48
2011.06.29 14:20:41.268,0.89795,0.89803,1.13,2.25
2011.06.29 14:20:41.382,0.89794,0.89806,3.00,2.10
2011.06.29 14:20:41.608,0.89793,0.89804,3.00,1.50
2011.06.29 14:20:42.159,0.89791,0.89799,2.25,1.50
2011.06.29 14:20:42.400,0.89787,0.89796,1.50,2.25
2011.06.29 14:20:42.629,0.89786,0.89798,1.50,1.35
2011.06.29 14:20:43.180,0.89785,0.89797,1.88,1.50
2011.06.29 14:20:43.411,0.89786,0.89798,2.25,1.35
2011.06.29 14:20:43.975,0.89789,0.89798,1.50,2.85
2011.06.29 14:20:44.199,0.89789,0.89803,5.10,2.25
2011.06.29 14:20:44.787,0.8979,0.89802,1.50,3.00
2011.06.29 14:20:46.247,0.89791,0.89802,1.50,3.00
2011.06.29 14:20:47.017,0.89791,0.89802,1.50,2.25
2011.06.29 14:20:47.568,0.89791,0.89802,1.50,2.85
2011.06.29 14:20:47.949,0.89791,0.89802,1.50,2.25
2011.06.29 14:20:48.064,0.89792,0.89804,2.25,2.25
2011.06.29 14:20:48.177,0.89792,0.89803,3.00,4.35
2011.06.29 14:20:48.509,0.89792,0.89802,2.25,2.25
2011.06.29 14:20:49.831,0.89791,0.89802,1.50,2.25
2011.06.29 14:20:49.951,0.89791,0.89802,1.50,2.85
2011.06.29 14:20:50.177,0.89791,0.89804,1.50,2.25
2011.06.29 14:20:50.509,0.89792,0.89804,1.50,3.75
2011.06.29 14:20:51.119,0.89792,0.89802,1.50,1.35
2011.06.29 14:20:51.677,0.89789,0.89802,1.50,5.10
2011.06.29 14:20:52.227,0.89789,0.89802,1.50,4.35
2011.06.29 14:20:52.669,0.89788,0.89801,2.25,3.75
2011.06.29 14:20:53.009,0.89785,0.89798,2.25,4.50
2011.06.29 14:20:53.236,0.89784,0.89798,1.88,3.75
2011.06.29 14:20:53.680,0.89785,0.89797,1.50,1.50
2011.06.29 14:20:54.126,0.89787,0.898,1.50,3.00
2011.06.29 14:20:56.347,0.89786,0.89799,3.75,1.50
2011.06.29 14:20:56.569,0.89785,0.89797,3.60,1.50
2011.06.29 14:20:57.127,0.89785,0.89796,1.35,1.50
2011.06.29 14:20:57.676,0.89783,0.89796,3.60,3.00
2011.06.29 14:20:58.116,0.89783,0.89797,4.35,3.75
2011.06.29 14:20:58.667,0.89783,0.89796,3.60,1.50
2011.06.29 14:20:59.748,0.89783,0.89796,3.60,3.00
2011.06.29 14:21:00.080,0.89782,0.89795,3.60,5.25
2011.06.29 14:21:00.637,0.89782,0.89795,3.60,3.00
2011.06.29 14:21:01.295,0.89783,0.89796,3.00,1.50
2011.06.29 14:21:01.846,0.89783,0.89796,3.00,3.00
2011.06.29 14:21:02.179,0.89783,0.89795,3.00,1.50
2011.06.29 14:21:02.408,0.89783,0.89796,3.00,1.50
2011.06.29 14:21:03.177,0.89783,0.89797,3.00,4.88
2011.06.29 14:21:03.718,0.89783,0.89796,3.38,1.50
2011.06.29 14:21:04.486,0.89783,0.89796,3.00,1.50
2011.06.29 14:21:06.356,0.89781,0.89795,3.75,3.75
2011.06.29 14:21:07.447,0.89783,0.89796,1.50,2.10
2011.06.29 14:21:07.889,0.89783,0.89797,1.88,3.38
2011.06.29 14:21:08.228,0.89785,0.89798,2.25,2.63
2011.06.29 14:21:08.778,0.89785,0.898,4.50,2.85
2011.06.29 14:21:10.007,0.89786,0.898,2.10,1.50
2011.06.29 14:21:10.557,0.89786,0.898,1.35,3.75
2011.06.29 14:21:11.107,0.89786,0.89799,1.35,3.75
2011.06.29 14:21:13.379,0.89786,0.89798,1.35,1.50
2011.06.29 14:21:13.497,0.89785,0.89798,3.00,1.50
2011.06.29 14:21:13.608,0.89785,0.89797,2.25,1.50
2011.06.29 14:21:14.156,0.89783,0.89797,4.50,4.50
2011.06.29 14:21:15.976,0.89783,0.89797,4.50,4.50
2011.06.29 14:21:16.589,0.89783,0.89796,4.50,2.25
2011.06.29 14:21:17.358,0.89783,0.89796,3.75,1.50
2011.06.29 14:21:17.799,0.89781,0.89795,1.35,3.75
2011.06.29 14:21:18.018,0.89781,0.89795,1.35,3.75
2011.06.29 14:21:20.276,0.8978,0.89795,2.10,4.50
2011.06.29 14:21:20.826,0.89781,0.89795,3.00,3.75
2011.06.29 14:21:21.316,0.89783,0.89797,3.00,3.90
2011.06.29 14:21:21.432,0.89783,0.89797,3.00,2.40
2011.06.29 14:21:22.099,0.89783,0.89797,3.38,2.40
2011.06.29 14:21:22.657,0.89783,0.89797,3.38,3.90
2011.06.29 14:21:23.096,0.89783,0.89797,2.63,2.40
2011.06.29 14:21:23.536,0.89783,0.89797,3.38,3.15
2011.06.29 14:21:24.797,0.89783,0.89797,3.75,3.15
2011.06.29 14:21:26.667,0.89783,0.89797,3.75,3.00
2011.06.29 14:21:27.769,0.89785,0.89799,1.88,2.25
2011.06.29 14:21:28.438,0.89785,0.89799,1.88,3.00
2011.06.29 14:21:28.989,0.89784,0.89797,1.50,1.50
2011.06.29 14:21:29.221,0.89783,0.89796,2.25,3.00
2011.06.29 14:21:29.776,0.8978,0.89796,4.35,6.00
2011.06.29 14:21:30.328,0.89783,0.89797,1.35,4.13
2011.06.29 14:21:30.729,0.89782,0.89796,2.85,1.50
2011.06.29 14:21:31.610,0.89783,0.89796,2.10,1.50
2011.06.29 14:21:31.728,0.89783,0.89797,2.10,2.25
2011.06.29 14:21:32.611,0.89782,0.89796,1.50,1.50
2011.06.29 14:21:33.167,0.89783,0.89797,2.10,2.25
2011.06.29 14:21:33.718,0.89785,0.89797,1.50,2.25
2011.06.29 14:21:34.259,0.89784,0.89797,1.50,3.00
2011.06.29 14:21:35.368,0.89783,0.89797,2.10,3.75
2011.06.29 14:21:35.741,0.89782,0.89796,2.25,3.00
2011.06.29 14:21:37.292,0.89781,0.89791,3.75,1.13
2011.06.29 14:21:37.409,0.89781,0.89793,3.75,1.50
2011.06.29 14:21:38.043,0.89781,0.89792,1.50,5.25
2011.06.29 14:21:38.173,0.89778,0.89792,3.00,3.75
2011.06.29 14:21:38.729,0.89778,0.89792,2.25,3.75
2011.06.29 14:21:38.839,0.89777,0.8979,1.35,2.25
2011.06.29 14:21:39.939,0.89777,0.8979,2.10,2.25
2011.06.29 14:21:40.379,0.89779,0.89791,1.13,2.25
2011.06.29 14:21:40.820,0.89781,0.89794,1.13,3.75
2011.06.29 14:21:41.039,0.89781,0.89792,1.88,2.25
2011.06.29 14:21:41.631,0.89781,0.89792,1.13,2.25
2011.06.29 14:21:41.959,0.89781,0.89792,1.13,2.25
2011.06.29 14:21:42.507,0.89782,0.89793,1.13,2.25
2011.06.29 14:21:43.279,0.8978,0.89793,1.88,2.25
2011.06.29 14:21:43.498,0.8978,0.89792,1.50,2.25
2011.06.29 14:21:44.929,0.89778,0.89792,3.75,2.25
2011.06.29 14:21:45.234,0.89778,0.89792,4.13,2.25
2011.06.29 14:21:45.793,0.89781,0.89792,1.13,2.25
2011.06.29 14:21:46.352,0.8978,0.89794,1.50,4.88
2011.06.29 14:21:46.471,0.89781,0.89794,2.25,4.88
2011.06.29 14:21:50.019,0.89786,0.89794,1.50,2.25
2011.06.29 14:21:50.354,0.89789,0.89798,1.13,2.85
2011.06.29 14:21:50.473,0.89786,0.89798,1.50,2.85
2011.06.29 14:21:50.702,0.89784,0.89796,4.50,2.85
2011.06.29 14:21:51.258,0.89784,0.89796,1.50,2.85
2011.06.29 14:21:51.590,0.89786,0.89797,1.13,2.10
2011.06.29 14:21:51.700,0.89784,0.89797,1.50,2.10
2011.06.29 14:21:51.921,0.89787,0.89797,1.13,1.35
2011.06.29 14:21:52.478,0.89787,0.89798,1.13,2.85
2011.06.29 14:21:54.277,0.89784,0.89797,3.00,1.35
2011.06.29 14:21:54.620,0.89787,0.89796,1.13,2.85
2011.06.29 14:21:54.951,0.8979,0.89797,1.13,2.25
2011.06.29 14:21:55.070,0.8979,0.898,1.50,4.35
2011.06.29 14:21:55.620,0.89789,0.898,1.13,2.25
2011.06.29 14:21:55.729,0.89788,0.898,1.13,2.25
2011.06.29 14:21:55.950,0.89787,0.89797,1.50,2.25
2011.06.29 14:21:56.280,0.89787,0.89801,1.13,4.13
2011.06.29 14:21:56.500,0.89787,0.89797,1.88,2.25
2011.06.29 14:21:56.720,0.89788,0.898,1.13,2.25
2011.06.29 14:21:57.245,0.89787,0.898,2.63,2.25
2011.06.29 14:21:57.474,0.89787,0.89799,2.25,2.85
2011.06.29 14:21:57.813,0.89792,0.898,1.50,3.60
2011.06.29 14:21:57.930,0.89791,0.898,2.25,1.35
2011.06.29 14:21:58.478,0.8979,0.89801,1.50,2.25
2011.06.29 14:21:59.029,0.89789,0.89801,1.50,3.00
2011.06.29 14:21:59.470,0.89791,0.89799,1.50,2.25
2011.06.29 14:22:00.101,0.89791,0.898,1.50,2.85
2011.06.29 14:22:00.552,0.89792,0.898,1.50,2.85
2011.06.29 14:22:01.112,0.89793,0.898,1.50,2.25
2011.06.29 14:22:01.448,0.89796,0.89803,1.13,4.50
2011.06.29 14:22:01.562,0.89793,0.898,1.50,2.25
2011.06.29 14:22:01.682,0.89793,0.89804,1.13,2.25
2011.06.29 14:22:01.908,0.89794,0.89802,1.50,2.25
2011.06.29 14:22:02.349,0.89791,0.89802,1.50,2.25
2011.06.29 14:22:02.460,0.8979,0.89802,1.50,2.25
2011.06.29 14:22:02.681,0.89791,0.89802,1.50,2.25
2011.06.29 14:22:02.799,0.89789,0.89802,3.75,2.25
2011.06.29 14:22:03.353,0.89792,0.89802,1.50,2.25
2011.06.29 14:22:03.688,0.89792,0.89802,1.88,2.25
2011.06.29 14:22:05.121,0.89797,0.89805,1.13,2.85
2011.06.29 14:22:05.351,0.89799,0.89806,1.13,2.85
2011.06.29 14:22:05.471,0.89797,0.89806,1.50,2.85
2011.06.29 14:22:05.594,0.89799,0.89806,1.88,2.85
2011.06.29 14:22:05.709,0.89795,0.89805,1.13,2.10
2011.06.29 14:22:05.821,0.89793,0.89803,4.50,2.25
2011.06.29 14:22:06.459,0.89794,0.89804,1.50,2.85
2011.06.29 14:22:07.009,0.89794,0.89804,2.25,2.85
2011.06.29 14:22:07.668,0.89795,0.89804,1.50,2.85
2011.06.29 14:22:08.329,0.89793,0.89804,2.25,2.85
2011.06.29 14:22:08.548,0.8979,0.89804,1.50,3.60
2011.06.29 14:22:08.772,0.89792,0.89802,1.50,2.10
2011.06.29 14:22:09.120,0.89793,0.89802,1.13,2.25
2011.06.29 14:22:09.667,0.89793,0.89803,1.88,2.85
2011.06.29 14:22:09.999,0.89792,0.89803,1.50,2.85
2011.06.29 14:22:10.551,0.89794,0.89804,1.50,4.50
2011.06.29 14:22:11.108,0.89793,0.89803,2.25,2.25
2011.06.29 14:22:11.658,0.89796,0.89803,1.50,2.25
2011.06.29 14:22:12.208,0.89793,0.89803,2.25,2.25
2011.06.29 14:22:12.787,0.89799,0.89804,1.13,2.25
2011.06.29 14:22:12.906,0.89799,0.89804,1.50,2.25
2011.06.29 14:22:13.133,0.89796,0.89804,2.25,2.25
2011.06.29 14:22:13.253,0.89796,0.89802,2.25,2.25
2011.06.29 14:22:13.808,0.89796,0.89802,1.50,2.25
2011.06.29 14:22:13.918,0.89796,0.89802,1.50,2.25
2011.06.29 14:22:14.250,0.8979,0.89802,2.25,1.50
2011.06.29 14:22:14.359,0.8979,0.89802,1.50,5.25
2011.06.29 14:22:14.578,0.89788,0.89798,1.50,2.25
2011.06.29 14:22:14.690,0.89787,0.89798,2.63,2.25
2011.06.29 14:22:14.799,0.8979,0.89801,2.25,5.85
2011.06.29 14:22:15.022,0.89792,0.89803,1.13,3.60
2011.06.29 14:22:15.249,0.89792,0.89803,2.25,2.85
2011.06.29 14:22:15.579,0.89795,0.89803,1.50,2.85
2011.06.29 14:22:16.111,0.89795,0.89803,1.50,2.25
2011.06.29 14:22:16.235,0.89792,0.89802,1.50,1.50
2011.06.29 14:22:16.352,0.89791,0.898,1.50,1.35
2011.06.29 14:22:16.587,0.8979,0.89799,2.25,3.00
2011.06.29 14:22:16.920,0.89788,0.89797,1.50,1.35
2011.06.29 14:22:17.579,0.89787,0.89797,1.50,2.85
2011.06.29 14:22:17.802,0.89788,0.89797,1.50,2.25
2011.06.29 14:22:18.715,0.89788,0.89798,1.50,1.13
2011.06.29 14:22:19.270,0.89787,0.89797,1.50,2.25
2011.06.29 14:22:20.040,0.89787,0.89797,1.50,3.00
2011.06.29 14:22:20.591,0.89789,0.89797,1.50,2.25
2011.06.29 14:22:20.930,0.8979,0.89801,1.50,3.23
2011.06.29 14:22:21.592,0.8979,0.89801,1.50,2.48
2011.06.29 14:22:22.114,0.89791,0.898,2.25,2.25
2011.06.29 14:22:22.672,0.89791,0.89802,2.25,4.35
2011.06.29 14:22:23.230,0.89792,0.89801,1.50,2.85
2011.06.29 14:22:23.669,0.89795,0.89801,1.50,2.25
2011.06.29 14:22:24.001,0.89798,0.89805,2.63,2.25
2011.06.29 14:22:24.559,0.89798,0.89802,1.13,2.25
2011.06.29 14:22:24.780,0.89795,0.89802,1.50,2.25
2011.06.29 14:22:25.317,0.89793,0.89802,1.50,2.85
2011.06.29 14:22:25.869,0.89792,0.89803,3.00,4.35
2011.06.29 14:22:25.980,0.89795,0.89803,1.50,4.35
2011.06.29 14:22:26.529,0.89792,0.89803,3.00,2.25
2011.06.29 14:22:27.524,0.89796,0.89804,1.50,2.25
2011.06.29 14:22:28.078,0.89794,0.89803,1.50,2.25
2011.06.29 14:22:28.659,0.89797,0.89804,1.50,2.25
2011.06.29 14:22:28.991,0.89793,0.89802,1.50,2.85
2011.06.29 14:22:30.288,0.89793,0.89803,2.25,3.60
2011.06.29 14:22:32.162,0.89789,0.89801,2.25,1.50
2011.06.29 14:22:33.111,0.8979,0.89801,1.88,2.25
2011.06.29 14:22:33.881,0.89793,0.89801,1.50,2.25
2011.06.29 14:22:37.640,0.89792,0.89801,2.25,2.25
2011.06.29 14:22:38.189,0.89791,0.89801,1.50,2.25
2011.06.29 14:22:38.409,0.89791,0.89803,1.50,3.75
2011.06.29 14:22:38.518,0.89791,0.89803,1.50,2.25
2011.06.29 14:22:38.849,0.89789,0.89798,1.50,2.25
2011.06.29 14:22:38.959,0.89789,0.89801,3.00,4.13
2011.06.29 14:22:39.399,0.89791,0.89802,1.50,2.10
2011.06.29 14:22:39.619,0.89792,0.89804,1.50,5.85
2011.06.29 14:22:39.840,0.8979,0.89803,4.50,1.35
2011.06.29 14:22:40.395,0.89788,0.89801,1.50,3.00
2011.06.29 14:22:40.516,0.89788,0.89798,1.50,2.25
2011.06.29 14:22:40.853,0.89796,0.89804,1.13,1.50
2011.06.29 14:22:40.974,0.89798,0.89804,1.50,3.75
2011.06.29 14:22:41.090,0.89796,0.89806,1.50,3.00
2011.06.29 14:22:41.200,0.89794,0.89806,1.50,2.25
2011.06.29 14:22:41.313,0.89794,0.89806,1.50,3.00
2011.06.29 14:22:41.758,0.89792,0.89805,1.50,2.10
2011.06.29 14:22:41.981,0.89793,0.89805,1.88,2.10
2011.06.29 14:22:42.210,0.89789,0.89803,3.75,3.00
2011.06.29 14:22:42.761,0.89792,0.89802,1.50,2.85
2011.06.29 14:22:42.884,0.89792,0.89802,1.88,2.85
2011.06.29 14:22:43.329,0.89791,0.89802,1.50,2.85
2011.06.29 14:22:43.881,0.89789,0.89802,1.50,3.60
2011.06.29 14:22:44.100,0.89789,0.898,1.50,2.25
2011.06.29 14:22:44.428,0.89792,0.898,1.13,2.25
2011.06.29 14:22:44.650,0.8979,0.89803,1.50,5.10
2011.06.29 14:22:44.761,0.89789,0.89803,1.50,4.35
2011.06.29 14:22:44.992,0.89788,0.898,1.50,2.25
2011.06.29 14:22:45.549,0.89787,0.898,2.25,3.00
2011.06.29 14:22:46.538,0.89789,0.898,1.50,2.25
2011.06.29 14:22:47.200,0.89788,0.898,1.50,3.00
2011.06.29 14:22:47.530,0.89786,0.89798,1.50,2.25
2011.06.29 14:22:48.408,0.89787,0.89798,1.50,2.25
2011.06.29 14:22:48.959,0.89786,0.89798,1.50,2.25
2011.06.29 14:22:49.838,0.89787,0.89799,1.50,2.25
2011.06.29 14:22:50.371,0.89788,0.89799,1.88,2.25
2011.06.29 14:22:50.710,0.8979,0.89802,1.50,5.10
2011.06.29 14:22:50.930,0.89788,0.89801,3.00,3.60
2011.06.29 14:22:51.039,0.89786,0.89799,4.50,2.25
2011.06.29 14:22:51.590,0.89785,0.89798,1.50,2.25
2011.06.29 14:22:51.919,0.89787,0.89801,3.00,6.23
2011.06.29 14:22:52.249,0.89786,0.89799,1.50,3.00
2011.06.29 14:22:52.799,0.89786,0.89799,1.50,3.00
2011.06.29 14:22:53.354,0.89787,0.89801,3.00,3.23
2011.06.29 14:22:53.983,0.89786,0.89798,1.50,2.25
2011.06.29 14:22:54.535,0.89787,0.89802,3.00,3.23
2011.06.29 14:22:55.089,0.89787,0.89802,3.00,2.85
2011.06.29 14:22:55.640,0.89789,0.89802,1.50,2.10
2011.06.29 14:22:55.751,0.89789,0.89803,1.50,2.85
2011.06.29 14:22:55.971,0.89789,0.89802,1.50,2.10
2011.06.29 14:22:56.200,0.89789,0.89803,1.50,3.60
2011.06.29 14:22:56.532,0.89788,0.89802,2.25,1.88
2011.06.29 14:22:57.127,0.89785,0.89798,1.13,3.00
2011.06.29 14:22:57.256,0.89787,0.898,1.50,1.35
2011.06.29 14:22:57.482,0.89789,0.89801,1.13,3.98
2011.06.29 14:22:58.038,0.89789,0.89801,1.88,2.10
2011.06.29 14:22:58.809,0.89788,0.898,1.13,1.35
2011.06.29 14:22:58.921,0.89788,0.898,1.13,1.35
2011.06.29 14:22:59.468,0.89787,0.89801,1.13,2.48
2011.06.29 14:23:00.018,0.89788,0.89801,1.13,3.98
2011.06.29 14:23:00.524,0.89791,0.89801,1.13,2.10
2011.06.29 14:23:00.755,0.89793,0.89802,1.50,2.85
2011.06.29 14:23:01.748,0.89792,0.89802,1.88,2.85
2011.06.29 14:23:02.298,0.8979,0.89802,1.13,2.85
2011.06.29 14:23:03.839,0.89791,0.89802,1.88,2.85
2011.06.29 14:23:03.950,0.89792,0.89802,1.13,2.85
2011.06.29 14:23:05.257,0.89792,0.89802,1.88,2.25
2011.06.29 14:23:05.698,0.89791,0.89802,1.13,2.25
2011.06.29 14:23:06.248,0.8979,0.89802,1.88,2.25
2011.06.29 14:23:08.205,0.89788,0.89801,2.25,2.25
2011.06.29 14:23:08.431,0.89786,0.898,3.00,3.60
2011.06.29 14:23:08.992,0.89789,0.89798,1.50,2.25
2011.06.29 14:23:09.111,0.89789,0.89801,1.50,4.13
2011.06.29 14:23:09.660,0.8979,0.89802,1.88,2.85
2011.06.29 14:23:09.881,0.8979,0.89801,2.25,2.25
2011.06.29 14:23:10.000,0.89792,0.89801,1.13,2.25
2011.06.29 14:23:10.549,0.89792,0.89802,1.13,2.85
2011.06.29 14:23:10.659,0.89789,0.89803,5.25,5.10
2011.06.29 14:23:11.359,0.8979,0.89802,1.50,2.10
2011.06.29 14:23:11.474,0.8979,0.89804,1.50,4.73
2011.06.29 14:23:12.032,0.89791,0.89802,1.13,2.25
2011.06.29 14:23:12.700,0.8979,0.89802,3.00,2.25
2011.06.29 14:23:13.031,0.8979,0.89802,1.50,2.25
2011.06.29 14:23:13.370,0.89788,0.89801,2.25,2.25
2011.06.29 14:23:13.699,0.89788,0.89801,3.00,2.25
2011.06.29 14:23:14.249,0.89788,0.89801,3.00,2.25
2011.06.29 14:23:17.628,0.89786,0.898,2.85,2.25
2011.06.29 14:23:17.957,0.89786,0.898,2.10,2.25
2011.06.29 14:23:19.280,0.89784,0.89797,1.13,2.25
2011.06.29 14:23:19.610,0.89787,0.89797,1.50,2.25
2011.06.29 14:23:20.114,0.89783,0.89797,4.50,2.25
2011.06.29 14:23:20.234,0.89783,0.89797,5.10,2.25
2011.06.29 14:23:20.901,0.89783,0.89795,3.00,2.10
2011.06.29 14:23:21.241,0.89783,0.8979,3.00,1.50
2011.06.29 14:23:21.360,0.89776,0.89789,1.13,3.00
2011.06.29 14:23:21.470,0.89775,0.89789,5.48,2.25
2011.06.29 14:23:22.018,0.89776,0.8979,4.50,2.25
2011.06.29 14:23:22.568,0.89775,0.89789,5.10,2.25
2011.06.29 14:23:23.227,0.89776,0.89789,1.88,2.25
2011.06.29 14:23:23.449,0.89778,0.89791,1.50,2.85
2011.06.29 14:23:23.781,0.8978,0.89791,1.50,2.85
2011.06.29 14:23:24.373,0.89779,0.8979,1.50,2.25
2011.06.29 14:23:24.927,0.89779,0.89791,1.50,3.75
2011.06.29 14:23:25.480,0.89779,0.89791,1.50,3.75
2011.06.29 14:23:26.032,0.89778,0.89791,1.50,3.75
2011.06.29 14:23:27.032,0.89777,0.8979,2.25,1.50
2011.06.29 14:23:27.820,0.89776,0.8979,2.25,1.50
2011.06.29 14:23:28.368,0.89776,0.89791,2.25,2.25
2011.06.29 14:23:29.057,0.89776,0.89791,2.25,2.25
2011.06.29 14:23:29.649,0.89776,0.89791,2.25,1.43
2011.06.29 14:23:30.209,0.89776,0.89791,2.25,2.18
2011.06.29 14:23:30.648,0.89776,0.89791,3.00,1.13
2011.06.29 14:23:30.980,0.89783,0.89793,1.35,2.25
2011.06.29 14:23:31.091,0.89784,0.89796,2.25,1.50
2011.06.29 14:23:31.209,0.89784,0.89797,2.25,1.50
2011.06.29 14:23:31.651,0.89784,0.89796,2.25,1.50
2011.06.29 14:23:31.868,0.89784,0.89796,3.00,1.50
2011.06.29 14:23:32.258,0.89784,0.89798,3.00,3.75
2011.06.29 14:23:32.600,0.89782,0.89796,2.85,1.50
2011.06.29 14:23:33.259,0.89781,0.89794,2.10,1.50
2011.06.29 14:23:33.809,0.89781,0.89794,2.10,3.00
2011.06.29 14:23:33.920,0.8978,0.89794,2.25,3.00
2011.06.29 14:23:34.362,0.8978,0.89793,2.25,2.25
2011.06.29 14:23:37.528,0.8978,0.89793,2.25,2.25
2011.06.29 14:23:39.388,0.8978,0.8979,2.25,1.50
2011.06.29 14:23:39.829,0.89778,0.8979,2.85,1.50
2011.06.29 14:23:40.050,0.89778,0.89788,2.85,1.50
2011.06.29 14:23:40.268,0.89778,0.89791,3.60,1.50
2011.06.29 14:23:40.817,0.89779,0.89791,2.25,1.50
2011.06.29 14:23:42.908,0.89779,0.89791,3.00,1.50
2011.06.29 14:23:43.239,0.89781,0.89791,1.50,1.50
2011.06.29 14:23:43.898,0.89784,0.89792,4.35,1.50
2011.06.29 14:23:44.408,0.89787,0.89792,2.25,1.50
2011.06.29 14:23:44.520,0.89785,0.89792,2.25,1.50
2011.06.29 14:23:45.401,0.89784,0.89791,1.50,1.50
2011.06.29 14:23:45.619,0.89787,0.89792,2.25,1.50
2011.06.29 14:23:47.158,0.89785,0.89792,4.13,1.50
2011.06.29 14:23:47.708,0.89785,0.89792,2.63,1.50
2011.06.29 14:23:48.258,0.89785,0.89792,2.25,1.50
2011.06.29 14:23:50.640,0.89785,0.89799,3.00,2.25
2011.06.29 14:23:51.188,0.89785,0.89799,2.25,1.50
2011.06.29 14:23:51.737,0.89785,0.89799,3.00,1.50
2011.06.29 14:23:52.400,0.89785,0.89798,5.25,1.50
2011.06.29 14:23:52.620,0.89784,0.89798,3.00,1.50
2011.06.29 14:23:52.728,0.89784,0.89798,6.00,1.50
2011.06.29 14:23:52.839,0.89786,0.89799,3.00,1.50
2011.06.29 14:23:53.390,0.89787,0.89799,2.25,1.50
2011.06.29 14:23:54.048,0.89787,0.898,3.00,1.50
2011.06.29 14:23:54.489,0.89788,0.89802,1.50,2.10
2011.06.29 14:23:56.368,0.89788,0.89803,2.25,3.75
2011.06.29 14:23:56.917,0.89788,0.89803,2.25,3.00
2011.06.29 14:23:57.142,0.8979,0.89803,2.25,3.00
2011.06.29 14:23:57.261,0.8979,0.89803,2.25,3.00
2011.06.29 14:23:57.492,0.89791,0.89804,1.50,5.10
2011.06.29 14:23:57.722,0.89791,0.89805,3.00,3.23
2011.06.29 14:23:57.839,0.8979,0.89805,1.50,3.23
2011.06.29 14:23:58.171,0.89789,0.89802,1.50,2.10
2011.06.29 14:23:58.770,0.89787,0.89803,3.75,3.00
2011.06.29 14:23:58.990,0.89787,0.89803,3.75,3.00
2011.06.29 14:23:59.867,0.89787,0.89803,3.75,4.13
2011.06.29 14:24:00.529,0.89787,0.898,3.00,2.10
2011.06.29 14:24:00.970,0.89787,0.89803,3.00,6.98
2011.06.29 14:24:01.517,0.89787,0.89803,3.75,6.98
2011.06.29 14:24:02.068,0.89787,0.89802,3.00,2.85
2011.06.29 14:24:02.772,0.89787,0.89802,2.25,3.00
2011.06.29 14:24:03.328,0.89788,0.89802,2.25,2.63
2011.06.29 14:24:06.419,0.89788,0.89802,2.25,3.38
2011.06.29 14:24:06.968,0.89788,0.89801,2.25,2.10
2011.06.29 14:24:07.451,0.89788,0.89802,3.00,3.23
2011.06.29 14:24:07.998,0.89786,0.898,3.60,2.25
2011.06.29 14:24:10.198,0.89787,0.898,1.50,2.25
2011.06.29 14:24:13.436,0.89787,0.898,2.25,2.85
2011.06.29 14:24:13.991,0.89787,0.898,1.50,2.85
2011.06.29 14:24:14.333,0.8979,0.898,1.13,2.85
2011.06.29 14:24:14.451,0.8979,0.898,1.50,2.25
2011.06.29 14:24:15.227,0.89788,0.89803,4.13,3.00
2011.06.29 14:24:15.448,0.8979,0.89803,1.13,3.00
2011.06.29 14:24:15.779,0.8979,0.89803,1.50,3.00
2011.06.29 14:24:18.207,0.8979,0.89803,2.25,3.00
2011.06.29 14:24:18.537,0.8979,0.89803,2.25,3.00
2011.06.29 14:24:20.928,0.89787,0.89802,3.75,2.10
2011.06.29 14:24:21.040,0.89787,0.89802,3.00,2.10
2011.06.29 14:24:22.629,0.89787,0.89802,3.38,2.10
2011.06.29 14:24:23.911,0.89787,0.898,2.25,2.10
2011.06.29 14:24:25.011,0.89788,0.89799,1.13,2.85
2011.06.29 14:24:25.120,0.89787,0.898,1.50,2.10
2011.06.29 14:24:25.229,0.89787,0.89801,1.50,2.25
2011.06.29 14:24:26.056,0.89786,0.89801,1.50,2.25
2011.06.29 14:24:26.187,0.89786,0.89801,3.23,2.25
2011.06.29 14:24:26.741,0.89786,0.89801,2.25,4.35
2011.06.29 14:24:28.468,0.89786,0.89801,2.25,4.35
2011.06.29 14:24:28.909,0.89785,0.89798,3.00,2.10
2011.06.29 14:24:29.757,0.89785,0.898,3.00,1.88
2011.06.29 14:24:30.198,0.89785,0.89801,3.00,2.25
2011.06.29 14:24:32.737,0.89785,0.89801,3.38,2.25
2011.06.29 14:24:32.850,0.89785,0.89801,3.38,2.25
2011.06.29 14:24:33.839,0.89787,0.89801,1.35,2.25
2011.06.29 14:24:35.297,0.89786,0.89801,2.85,2.25
2011.06.29 14:24:35.847,0.89787,0.89803,2.85,4.73
2011.06.29 14:24:36.397,0.89787,0.89803,2.85,3.60
2011.06.29 14:24:37.819,0.89787,0.89803,2.85,3.60
2011.06.29 14:24:38.369,0.89787,0.89803,2.85,2.85
2011.06.29 14:24:38.702,0.89787,0.89803,3.38,5.10
2011.06.29 14:24:39.040,0.89786,0.898,2.63,2.25
2011.06.29 14:24:39.369,0.89786,0.898,2.25,2.25
2011.06.29 14:24:40.325,0.89783,0.89797,3.00,2.85
2011.06.29 14:24:41.650,0.89783,0.89797,3.75,2.85
2011.06.29 14:24:42.419,0.89784,0.89799,2.63,4.35
2011.06.29 14:24:44.138,0.89784,0.89799,2.63,4.35
2011.06.29 14:24:44.469,0.89786,0.89799,1.50,2.25
2011.06.29 14:24:45.105,0.89788,0.898,2.25,2.25
2011.06.29 14:24:45.658,0.89788,0.89801,2.25,2.25
2011.06.29 14:24:45.987,0.89788,0.89801,2.25,2.25
2011.06.29 14:24:46.648,0.89788,0.89802,3.75,2.25
2011.06.29 14:24:46.977,0.89789,0.89802,1.13,2.25
2011.06.29 14:24:48.408,0.89788,0.89802,4.13,2.25
2011.06.29 14:24:48.957,0.89788,0.89802,4.50,2.25
2011.06.29 14:24:50.777,0.89788,0.89802,5.25,2.25
2011.06.29 14:24:51.438,0.89789,0.89802,1.50,2.25
2011.06.29 14:24:51.987,0.89788,0.89802,4.50,2.25
2011.06.29 14:24:52.208,0.89791,0.89802,1.13,2.25
2011.06.29 14:24:52.430,0.8979,0.89802,1.50,2.25
2011.06.29 14:24:53.969,0.89788,0.89802,5.25,2.25
2011.06.29 14:24:54.518,0.89788,0.89802,5.25,2.25
2011.06.29 14:24:55.022,0.89791,0.89802,1.13,2.25
2011.06.29 14:24:55.144,0.89791,0.89802,1.50,2.25
2011.06.29 14:24:55.372,0.89788,0.89802,4.50,2.25
2011.06.29 14:24:56.278,0.89788,0.898,2.25,2.25
2011.06.29 14:24:56.498,0.89788,0.898,2.25,2.25
2011.06.29 14:24:58.497,0.89788,0.898,2.63,2.25
2011.06.29 14:24:58.828,0.89791,0.89802,1.13,2.25
2011.06.29 14:25:00.542,0.89789,0.89802,2.25,2.25
2011.06.29 14:25:00.774,0.89788,0.89802,3.75,2.25
2011.06.29 14:25:00.999,0.89789,0.89801,1.50,2.25
2011.06.29 14:25:02.098,0.89787,0.89801,2.25,2.25
2011.06.29 14:25:03.199,0.89789,0.89801,1.50,2.25
2011.06.29 14:25:04.268,0.89788,0.89801,1.50,2.25
2011.06.29 14:25:04.785,0.89788,0.89801,1.50,2.25
2011.06.29 14:25:04.905,0.89785,0.89799,3.00,2.25
2011.06.29 14:25:05.237,0.89784,0.89797,2.25,2.25
2011.06.29 14:25:05.348,0.89783,0.89797,3.75,2.25
2011.06.29 14:25:06.011,0.89784,0.89798,3.00,2.25
2011.06.29 14:25:06.130,0.89785,0.89798,1.13,2.25
2011.06.29 14:25:06.460,0.89784,0.89798,3.75,2.25
2011.06.29 14:25:07.010,0.89784,0.89797,1.50,2.25
2011.06.29 14:25:07.890,0.89783,0.89797,3.75,2.25
2011.06.29 14:25:08.548,0.89783,0.89797,2.25,2.25
2011.06.29 14:25:09.097,0.89783,0.89797,2.25,4.35
2011.06.29 14:25:10.209,0.89783,0.89797,3.00,2.25
2011.06.29 14:25:11.419,0.89783,0.89797,2.25,4.35
2011.06.29 14:25:11.968,0.89783,0.89797,2.25,2.25
2011.06.29 14:25:12.628,0.89783,0.89797,2.25,5.10
2011.06.29 14:25:13.934,0.89783,0.89794,2.25,1.50
2011.06.29 14:25:14.380,0.8978,0.89794,4.35,2.25
2011.06.29 14:25:15.588,0.8978,0.89794,4.35,3.00
2011.06.29 14:25:16.197,0.8978,0.89794,4.35,2.25
2011.06.29 14:25:22.609,0.89781,0.89795,3.60,2.25
2011.06.29 14:25:24.224,0.8978,0.89794,2.25,2.85
2011.06.29 14:25:24.340,0.89778,0.89793,1.35,2.25
2011.06.29 14:25:26.539,0.89777,0.89793,5.10,3.38
2011.06.29 14:25:27.091,0.89777,0.89791,4.35,1.50
2011.06.29 14:25:27.429,0.89777,0.89793,5.10,3.75
2011.06.29 14:25:27.760,0.89778,0.89793,1.35,2.25
2011.06.29 14:25:28.207,0.89777,0.89793,6.98,2.25
2011.06.29 14:25:28.649,0.89778,0.89793,2.85,2.25
2011.06.29 14:25:31.617,0.89778,0.89792,2.10,1.50
2011.06.29 14:25:31.948,0.89778,0.8979,2.10,1.50
2011.06.29 14:25:34.157,0.89778,0.8979,4.35,1.50
2011.06.29 14:25:35.329,0.89778,0.8979,4.73,1.50
2011.06.29 14:25:40.982,0.89776,0.8979,4.73,3.75
2011.06.29 14:25:41.543,0.89778,0.8979,3.75,1.50
2011.06.29 14:25:42.759,0.89778,0.89792,5.25,3.75
2011.06.29 14:25:42.869,0.89781,0.89794,2.25,2.25
2011.06.29 14:25:42.983,0.89778,0.89792,3.75,1.50
2011.06.29 14:25:43.537,0.89778,0.8979,1.50,1.50
2011.06.29 14:25:44.067,0.89778,0.8979,1.50,1.50
2011.06.29 14:25:47.089,0.89778,0.8979,1.88,1.50
2011.06.29 14:25:47.529,0.89777,0.8979,3.00,1.50
2011.06.29 14:25:47.640,0.89777,0.89793,3.00,3.00
2011.06.29 14:25:48.628,0.89777,0.89793,3.00,2.25
2011.06.29 14:25:49.269,0.89777,0.89793,2.25,3.75
2011.06.29 14:25:49.819,0.89777,0.89791,2.25,2.63
2011.06.29 14:25:50.601,0.89775,0.8979,1.50,2.25
2011.06.29 14:25:50.717,0.89776,0.8979,2.85,2.25
2011.06.29 14:25:51.160,0.89781,0.89792,1.13,1.88
2011.06.29 14:25:51.273,0.89779,0.89792,2.48,1.88
2011.06.29 14:25:51.392,0.89779,0.89793,4.73,2.25
2011.06.29 14:25:51.954,0.89793,0.89801,1.13,4.88
2011.06.29 14:25:52.073,0.8979,0.89798,1.13,3.75
2011.06.29 14:25:52.192,0.89793,0.89801,1.13,2.25
2011.06.29 14:25:52.312,0.89791,0.89804,1.50,4.35
2011.06.29 14:25:52.430,0.8979,0.89802,3.00,1.50
2011.06.29 14:25:52.648,0.89788,0.89801,3.75,3.60
2011.06.29 14:25:53.278,0.89787,0.89801,3.75,5.10
2011.06.29 14:25:53.395,0.89787,0.89801,3.75,4.35
2011.06.29 14:25:54.060,0.89787,0.89799,3.00,1.50
2011.06.29 14:25:54.829,0.89785,0.89798,3.00,2.85
2011.06.29 14:25:55.050,0.89783,0.89794,1.50,1.50
2011.06.29 14:25:55.159,0.89781,0.89794,5.25,1.50
2011.06.29 14:25:56.621,0.89781,0.89794,3.75,1.50
2011.06.29 14:25:57.169,0.89781,0.89794,3.38,1.50
2011.06.29 14:25:57.723,0.89783,0.89798,3.00,1.50
2011.06.29 14:25:58.278,0.89783,0.89798,3.00,1.50
2011.06.29 14:25:59.198,0.89783,0.89798,3.75,1.50
2011.06.29 14:26:01.730,0.89783,0.89798,2.25,1.50
2011.06.29 14:26:02.281,0.89789,0.89798,1.13,1.50
2011.06.29 14:26:02.511,0.89787,0.89798,1.50,1.50
2011.06.29 14:26:03.163,0.89786,0.89798,3.00,1.50
2011.06.29 14:26:03.828,0.89786,0.89798,3.38,1.50
2011.06.29 14:26:04.929,0.89785,0.89798,3.00,1.50
2011.06.29 14:26:05.528,0.89785,0.89799,3.00,3.75
2011.06.29 14:26:06.081,0.89785,0.89799,2.25,3.75
2011.06.29 14:26:06.302,0.89781,0.89794,1.13,1.50
2011.06.29 14:26:06.754,0.89781,0.89791,1.13,1.50
2011.06.29 14:26:07.300,0.8978,0.89791,1.88,1.50
2011.06.29 14:26:07.523,0.89782,0.89795,1.50,1.13
2011.06.29 14:26:07.749,0.89785,0.89796,2.25,1.50
2011.06.29 14:26:07.970,0.89785,0.89798,2.25,1.13
2011.06.29 14:26:09.403,0.89785,0.89797,2.25,1.50
2011.06.29 14:26:09.633,0.89785,0.89792,2.25,1.13
2011.06.29 14:26:09.751,0.89781,0.89792,3.60,1.13
2011.06.29 14:26:09.872,0.89781,0.89795,3.60,2.25
2011.06.29 14:26:10.098,0.89779,0.89794,2.85,3.00
2011.06.29 14:26:10.319,0.89781,0.89794,2.25,1.50
2011.06.29 14:26:11.060,0.89781,0.89794,2.25,2.25
2011.06.29 14:26:11.279,0.89779,0.89794,2.85,2.25
2011.06.29 14:26:11.942,0.89781,0.89792,2.25,2.25
2011.06.29 14:26:12.281,0.8978,0.89794,3.60,1.50
2011.06.29 14:26:12.838,0.89781,0.89792,2.85,1.50
2011.06.29 14:26:13.500,0.89781,0.89795,2.85,1.50
2011.06.29 14:26:13.610,0.89781,0.89792,2.85,1.50
2011.06.29 14:26:14.270,0.89779,0.8979,2.25,2.25
2011.06.29 14:26:14.600,0.8978,0.89792,2.48,1.13
2011.06.29 14:26:15.012,0.8978,0.89794,2.48,2.25
2011.06.29 14:26:15.348,0.8978,0.89794,1.35,2.25
2011.06.29 14:26:16.119,0.8978,0.89793,2.10,2.25
2011.06.29 14:26:16.667,0.8978,0.89793,2.10,2.25
2011.06.29 14:26:17.658,0.8978,0.89792,1.50,1.35
2011.06.29 14:26:18.210,0.89778,0.89793,4.35,4.50
2011.06.29 14:26:18.429,0.89781,0.89793,2.10,2.25
2011.06.29 14:26:18.868,0.89778,0.89793,3.60,2.25
2011.06.29 14:26:19.419,0.89777,0.89793,3.75,2.85
2011.06.29 14:26:19.876,0.89774,0.89789,4.35,1.13
2011.06.29 14:26:20.212,0.89773,0.89787,2.25,3.00
2011.06.29 14:26:20.549,0.89773,0.89786,2.25,2.25
2011.06.29 14:26:20.989,0.89774,0.89786,2.25,2.25
2011.06.29 14:26:21.210,0.89776,0.89786,2.10,1.50
2011.06.29 14:26:21.429,0.89776,0.89789,2.10,3.00
2011.06.29 14:26:22.317,0.89774,0.89789,1.50,3.00
2011.06.29 14:26:22.540,0.89774,0.89785,1.50,2.25
2011.06.29 14:26:22.868,0.89777,0.8979,1.35,1.50
2011.06.29 14:26:22.979,0.89776,0.8979,4.35,1.50
2011.06.29 14:26:23.419,0.89777,0.89791,1.35,1.50
2011.06.29 14:26:23.639,0.89777,0.89792,2.10,3.00
2011.06.29 14:26:23.947,0.89777,0.89792,1.35,3.00
2011.06.29 14:26:24.171,0.89777,0.89792,2.10,3.00
2011.06.29 14:26:24.999,0.89776,0.89791,6.00,2.10
2011.06.29 14:26:25.218,0.89776,0.8979,3.00,1.50
2011.06.29 14:26:25.767,0.89776,0.8979,3.00,1.50
2011.06.29 14:26:26.218,0.89776,0.8979,3.00,3.75
2011.06.29 14:26:27.169,0.89775,0.89786,1.50,1.50
2011.06.29 14:26:29.252,0.89774,0.89786,2.25,1.50
2011.06.29 14:26:29.480,0.89775,0.89786,1.13,1.50
2011.06.29 14:26:31.242,0.89775,0.89786,1.50,1.50
2011.06.29 14:26:32.240,0.89776,0.89786,1.13,1.50
2011.06.29 14:26:32.351,0.89776,0.89788,3.38,1.50
2011.06.29 14:26:32.461,0.89778,0.89792,1.73,3.75
2011.06.29 14:26:32.689,0.89778,0.89792,2.10,3.00
2011.06.29 14:26:37.183,0.8978,0.89793,3.00,1.50
2011.06.29 14:26:37.739,0.8978,0.89793,5.85,1.50
2011.06.29 14:26:38.509,0.89781,0.89795,3.60,4.50
2011.06.29 14:26:39.060,0.89781,0.89795,3.60,4.50
2011.06.29 14:26:39.168,0.89781,0.89795,2.85,4.50
2011.06.29 14:26:40.158,0.89781,0.89794,1.35,1.50
2011.06.29 14:26:40.848,0.89781,0.89793,1.35,1.50
2011.06.29 14:26:42.508,0.8978,0.89792,1.50,1.74
2011.06.29 14:26:43.057,0.8978,0.89793,1.50,2.49
2011.06.29 14:26:43.389,0.89783,0.89793,1.13,2.49
2011.06.29 14:26:43.839,0.89781,0.89793,3.38,1.25
2011.06.29 14:26:45.048,0.89784,0.89794,1.50,1.50
2011.06.29 14:26:48.350,0.89785,0.89794,2.25,1.50
2011.06.29 14:26:49.558,0.89785,0.89794,2.25,1.50
2011.06.29 14:26:59.490,0.89786,0.89794,1.50,1.50
2011.06.29 14:27:01.989,0.89786,0.89794,1.50,1.50
2011.06.29 14:27:04.312,0.89786,0.89794,2.25,2.25
2011.06.29 14:27:04.431,0.89786,0.89794,2.25,1.50
2011.06.29 14:27:04.555,0.89784,0.89795,3.75,3.00
2011.06.29 14:27:05.000,0.89783,0.89795,3.00,1.50
2011.06.29 14:27:05.563,0.89783,0.89795,3.00,2.25
2011.06.29 14:27:06.119,0.89783,0.89795,2.25,2.25
2011.06.29 14:27:16.492,0.89783,0.89794,2.25,2.25
2011.06.29 14:27:16.939,0.89779,0.89792,1.35,2.25
2011.06.29 14:27:17.049,0.89778,0.89792,4.35,3.00
2011.06.29 14:27:20.210,0.89775,0.8979,5.85,1.50
2011.06.29 14:27:20.757,0.89775,0.89789,2.85,4.50
2011.06.29 14:27:22.489,0.89773,0.89787,2.25,3.00
2011.06.29 14:27:22.819,0.89773,0.89786,3.00,2.25
2011.06.29 14:27:23.368,0.89773,0.89786,3.75,2.25
2011.06.29 14:27:24.481,0.89776,0.89786,1.50,2.25
2011.06.29 14:27:29.799,0.89775,0.89786,1.50,2.25
2011.06.29 14:27:30.349,0.89773,0.89785,3.75,1.50
2011.06.29 14:27:30.898,0.89773,0.89785,3.75,1.50
2011.06.29 14:27:31.009,0.89773,0.89786,4.50,1.50
2011.06.29 14:27:31.230,0.89774,0.89785,3.00,1.50
2011.06.29 14:27:31.671,0.89772,0.89785,2.85,2.25
2011.06.29 14:27:32.963,0.89773,0.89785,1.50,1.50
2011.06.29 14:27:33.519,0.89772,0.89785,4.35,1.50
2011.06.29 14:27:34.289,0.89772,0.89785,4.35,1.50
2011.06.29 14:27:35.060,0.89772,0.89785,3.60,1.50
2011.06.29 14:27:35.649,0.89772,0.89785,3.60,1.50
2011.06.29 14:27:36.200,0.89772,0.89785,3.60,1.50
2011.06.29 14:27:37.950,0.89772,0.89785,3.60,1.50
2011.06.29 14:27:38.499,0.89772,0.89785,2.85,1.50
2011.06.29 14:27:40.718,0.89772,0.89785,3.60,1.50
2011.06.29 14:27:44.321,0.89772,0.89785,3.60,1.50
2011.06.29 14:27:46.800,0.89774,0.89785,2.10,2.25
2011.06.29 14:27:47.349,0.89772,0.89785,4.35,1.50
2011.06.29 14:27:48.717,0.89774,0.89785,2.10,1.50
2011.06.29 14:27:52.682,0.89775,0.89785,2.85,1.50
2011.06.29 14:27:55.879,0.89775,0.89786,2.10,1.50
2011.06.29 14:27:57.672,0.89772,0.89785,4.35,1.50
2011.06.29 14:27:58.231,0.89772,0.89785,4.35,1.50
2011.06.29 14:27:58.448,0.89772,0.89784,4.35,1.50
2011.06.29 14:28:01.231,0.89773,0.89784,1.35,1.50
2011.06.29 14:28:01.650,0.89773,0.89785,1.35,2.25
2011.06.29 14:28:01.779,0.89779,0.89788,2.10,3.00
2011.06.29 14:28:01.894,0.89778,0.89789,2.10,1.50
2011.06.29 14:28:02.120,0.89778,0.8979,2.10,2.25
2011.06.29 14:28:02.670,0.89776,0.89789,4.35,1.50
2011.06.29 14:28:03.439,0.89776,0.89787,2.10,2.25
2011.06.29 14:28:03.659,0.89775,0.89786,3.75,2.25
2011.06.29 14:28:04.376,0.89773,0.89785,4.35,1.50
2011.06.29 14:28:05.040,0.89773,0.89785,4.35,1.50
2011.06.29 14:28:08.560,0.89773,0.89785,4.35,2.25
2011.06.29 14:28:09.919,0.89773,0.89785,4.35,1.50
2011.06.29 14:28:10.469,0.89773,0.89785,4.35,1.50
2011.06.29 14:28:10.800,0.89773,0.89783,4.35,1.50
2011.06.29 14:28:11.130,0.89767,0.8978,7.35,1.50
2011.06.29 14:28:11.458,0.89767,0.8978,5.10,1.50
2011.06.29 14:28:11.788,0.89767,0.8978,3.38,1.50
2011.06.29 14:28:13.189,0.89768,0.89781,2.85,1.50
2011.06.29 14:28:13.740,0.89768,0.8978,1.35,1.50
2011.06.29 14:28:14.288,0.89767,0.89779,4.35,1.50
2011.06.29 14:28:15.829,0.89767,0.89778,4.35,1.50
2011.06.29 14:28:16.380,0.89767,0.89779,2.25,2.25
2011.06.29 14:28:16.987,0.89767,0.8978,5.10,3.00
2011.06.29 14:28:17.540,0.89767,0.89781,5.10,2.25
2011.06.29 14:28:18.201,0.89767,0.8978,4.35,2.25
2011.06.29 14:28:19.839,0.89767,0.89778,2.25,1.50
2011.06.29 14:28:19.950,0.89765,0.89778,2.25,1.50
2011.06.29 14:28:20.500,0.89765,0.89778,2.25,1.50
2011.06.29 14:28:21.328,0.89764,0.89776,2.10,2.25
2011.06.29 14:28:25.049,0.89764,0.89777,4.35,2.25
2011.06.29 14:28:26.937,0.89765,0.89778,1.35,4.50
2011.06.29 14:28:27.821,0.89764,0.89777,4.35,2.25
2011.06.29 14:28:29.210,0.89764,0.89777,4.35,1.50
2011.06.29 14:28:29.760,0.89764,0.89777,2.85,1.50
2011.06.29 14:28:29.868,0.89764,0.89777,2.85,2.25
2011.06.29 14:28:30.089,0.89764,0.89777,2.85,2.25
2011.06.29 14:28:30.419,0.89764,0.89778,3.60,4.50
2011.06.29 14:28:30.969,0.89765,0.89778,3.60,1.50
2011.06.29 14:28:34.489,0.89765,0.89778,3.98,1.50
2011.06.29 14:28:35.044,0.89765,0.89778,2.85,1.50
2011.06.29 14:28:35.489,0.89763,0.89776,2.85,2.25
2011.06.29 14:28:36.041,0.89762,0.89776,4.35,1.50
2011.06.29 14:28:37.962,0.89765,0.89776,2.10,1.50
2011.06.29 14:28:38.079,0.89763,0.89776,2.85,1.50
2011.06.29 14:28:38.414,0.89766,0.89776,1.35,1.50
2011.06.29 14:28:38.751,0.89765,0.89779,5.10,1.50
2011.06.29 14:28:39.301,0.89765,0.89778,2.25,1.50
2011.06.29 14:28:39.705,0.89763,0.89776,2.85,1.50
2011.06.29 14:28:40.261,0.89764,0.89777,2.25,1.13
2011.06.29 14:28:40.380,0.89764,0.89777,2.25,1.13
2011.06.29 14:28:40.490,0.89763,0.89775,2.85,1.50
2011.06.29 14:28:43.584,0.89763,0.89775,3.60,2.25
2011.06.29 14:28:43.819,0.89763,0.89776,2.85,2.63
2011.06.29 14:28:47.618,0.89763,0.89775,2.85,1.88
2011.06.29 14:28:48.167,0.89763,0.89776,2.85,2.25
2011.06.29 14:28:49.374,0.89763,0.89776,2.85,1.50
2011.06.29 14:28:49.716,0.89765,0.89777,1.13,1.50
2011.06.29 14:28:49.835,0.89766,0.8978,3.38,5.25
2011.06.29 14:28:50.062,0.89766,0.89778,3.98,1.50
2011.06.29 14:28:50.399,0.89766,0.89778,3.00,2.25
2011.06.29 14:28:51.062,0.89762,0.89776,4.50,1.50
2011.06.29 14:28:51.179,0.89762,0.89775,3.75,1.50
2011.06.29 14:28:51.859,0.89763,0.89775,2.10,1.50
2011.06.29 14:28:51.969,0.89764,0.89778,1.35,5.63
2011.06.29 14:28:52.519,0.89764,0.89777,2.85,1.50
2011.06.29 14:28:52.740,0.89762,0.89777,3.00,2.63
2011.06.29 14:28:52.849,0.89762,0.89776,3.00,1.13
2011.06.29 14:28:54.700,0.89762,0.89774,3.00,1.50
2011.06.29 14:28:54.809,0.8976,0.89771,3.00,1.50
2011.06.29 14:28:55.359,0.89758,0.89772,3.00,3.00
2011.06.29 14:28:57.994,0.89758,0.89773,5.25,1.50
2011.06.29 14:28:58.980,0.89759,0.89773,2.25,1.50
2011.06.29 14:29:00.298,0.89759,0.89772,2.25,1.50
2011.06.29 14:29:00.804,0.89759,0.89773,2.25,1.50
2011.06.29 14:29:01.991,0.89759,0.89773,2.25,1.50
2011.06.29 14:29:02.214,0.8976,0.89773,3.00,1.50
2011.06.29 14:29:02.441,0.89758,0.89772,3.00,4.50
2011.06.29 14:29:02.882,0.89758,0.89774,3.00,3.75
2011.06.29 14:29:03.449,0.89759,0.89774,2.25,1.50
2011.06.29 14:29:03.999,0.89759,0.89774,2.25,1.50
2011.06.29 14:29:04.738,0.89759,0.89774,3.00,1.50
2011.06.29 14:29:06.459,0.89759,0.89772,3.00,1.88
2011.06.29 14:29:06.966,0.89759,0.89769,3.00,1.13
2011.06.29 14:29:07.086,0.89757,0.89773,5.10,3.75
2011.06.29 14:29:07.309,0.8976,0.89774,2.25,6.75
2011.06.29 14:29:07.748,0.8976,0.89774,2.25,3.75
2011.06.29 14:29:09.287,0.8976,0.89774,2.25,3.75
2011.06.29 14:29:09.848,0.8976,0.89774,2.25,3.00
2011.06.29 14:29:15.587,0.89757,0.89773,3.60,3.75
2011.06.29 14:29:15.705,0.89759,0.89773,2.25,3.38
2011.06.29 14:29:16.260,0.89759,0.89773,2.25,3.00
2011.06.29 14:29:16.589,0.89759,0.89773,2.25,3.00
2011.06.29 14:29:17.030,0.89759,0.89773,2.25,3.00
2011.06.29 14:29:17.850,0.8976,0.89774,2.25,3.75
2011.06.29 14:29:21.549,0.8976,0.89774,2.25,3.75
2011.06.29 14:29:22.318,0.8976,0.89774,2.25,3.75
2011.06.29 14:29:23.868,0.8976,0.89774,2.25,3.75
2011.06.29 14:29:25.089,0.8976,0.89774,2.25,3.75
2011.06.29 14:29:27.098,0.8976,0.89774,2.25,3.75
2011.06.29 14:29:29.149,0.8976,0.89773,2.25,1.50
2011.06.29 14:29:29.699,0.8976,0.89773,2.25,2.25
2011.06.29 14:29:32.033,0.89758,0.89773,2.25,3.75
2011.06.29 14:29:32.370,0.89759,0.89773,3.00,1.50
2011.06.29 14:29:42.640,0.89758,0.89772,3.75,2.25
2011.06.29 14:29:43.190,0.89758,0.89772,3.00,3.00
2011.06.29 14:29:43.748,0.89758,0.89772,3.00,3.00
2011.06.29 14:29:44.408,0.89758,0.89772,3.00,2.25
2011.06.29 14:29:44.740,0.89758,0.89772,4.13,2.25
2011.06.29 14:29:45.289,0.89758,0.89772,4.13,2.25
2011.06.29 14:29:46.950,0.89758,0.89772,2.25,2.25
2011.06.29 14:29:47.511,0.89759,0.89772,3.38,2.25
2011.06.29 14:29:50.409,0.89761,0.89774,1.50,3.00
2011.06.29 14:29:50.518,0.89761,0.89774,1.50,3.00
2011.06.29 14:29:52.342,0.89763,0.89774,1.88,2.25
2011.06.29 14:29:52.463,0.89764,0.89777,3.75,5.85
2011.06.29 14:29:53.018,0.89764,0.89778,3.00,4.88
2011.06.29 14:29:53.242,0.89762,0.89774,1.13,2.25
2011.06.29 14:29:53.581,0.89761,0.89774,1.50,3.75
2011.06.29 14:29:53.689,0.89762,0.89774,1.13,3.75
2011.06.29 14:29:54.349,0.89761,0.89773,1.50,3.00
2011.06.29 14:29:54.460,0.8976,0.89773,4.35,3.00
2011.06.29 14:29:54.799,0.89761,0.89773,1.88,3.00
2011.06.29 14:29:55.348,0.89765,0.89773,1.50,3.00
2011.06.29 14:29:56.612,0.89765,0.89774,1.50,1.50
2011.06.29 14:29:57.390,0.89762,0.89774,4.50,1.50
2011.06.29 14:29:57.610,0.89763,0.89774,3.75,1.50
2011.06.29 14:29:57.939,0.89762,0.89774,5.25,1.50
2011.06.29 14:29:58.930,0.89762,0.89775,2.25,1.50
2011.06.29 14:29:59.371,0.89761,0.89776,1.50,3.00
2011.06.29 14:29:59.479,0.89761,0.89775,1.50,1.88
2011.06.29 14:30:00.391,0.8976,0.89774,1.35,3.38
2011.06.29 14:30:00.500,0.8976,0.89775,1.35,4.13
2011.06.29 14:30:01.048,0.89761,0.89775,1.50,2.63
2011.06.29 14:30:01.600,0.89762,0.89775,2.25,2.63
2011.06.29 14:30:01.930,0.89765,0.89775,1.50,2.25
2011.06.29 14:30:02.478,0.89765,0.89776,1.50,2.25
2011.06.29 14:30:03.479,0.89766,0.89779,1.50,5.48
2011.06.29 14:30:03.589,0.89766,0.89777,1.50,2.25
2011.06.29 14:30:04.139,0.89768,0.89778,1.50,2.25
2011.06.29 14:30:05.350,0.89766,0.89778,1.50,2.25
2011.06.29 14:30:05.898,0.89765,0.89777,2.25,2.25
2011.06.29 14:30:06.860,0.89765,0.89777,1.50,2.25
2011.06.29 14:30:07.189,0.89764,0.89775,2.25,1.50
2011.06.29 14:30:07.299,0.89764,0.89777,2.25,2.25
2011.06.29 14:30:08.441,0.89766,0.89777,1.50,2.25
2011.06.29 14:30:08.660,0.89763,0.89777,4.50,2.25
2011.06.29 14:30:09.208,0.89763,0.89778,2.25,2.25
2011.06.29 14:30:09.539,0.89763,0.89778,2.25,3.00
2011.06.29 14:30:10.356,0.89763,0.89778,2.25,3.00
2011.06.29 14:30:10.477,0.89766,0.89777,1.50,1.50
2011.06.29 14:30:11.031,0.89765,0.89777,1.50,1.50
2011.06.29 14:30:11.590,0.89767,0.89777,1.50,1.50
2011.06.29 14:30:11.924,0.89763,0.89774,3.00,1.50
2011.06.29 14:30:12.152,0.89763,0.89776,3.00,1.50
2011.06.29 14:30:12.709,0.89763,0.89774,3.00,1.50
2011.06.29 14:30:13.854,0.89763,0.89774,3.00,1.50
2011.06.29 14:30:14.411,0.89764,0.89776,3.75,1.50
2011.06.29 14:30:14.958,0.89764,0.89776,3.00,1.50
2011.06.29 14:30:15.952,0.89764,0.89775,3.75,1.50
2011.06.29 14:30:16.282,0.89763,0.89776,3.75,1.50
2011.06.29 14:30:17.164,0.89763,0.89774,3.75,1.50
2011.06.29 14:30:17.277,0.89764,0.89777,2.25,1.50
2011.06.29 14:30:17.725,0.89766,0.89777,1.50,1.50
2011.06.29 14:30:18.282,0.89767,0.89777,1.88,1.50
2011.06.29 14:30:18.510,0.89769,0.89779,1.13,2.85
2011.06.29 14:30:18.966,0.89771,0.89779,1.50,2.25
2011.06.29 14:30:19.082,0.89771,0.89784,1.50,3.00
2011.06.29 14:30:19.314,0.89767,0.89783,3.00,3.00
2011.06.29 14:30:19.433,0.89767,0.89783,3.75,4.13
2011.06.29 14:30:19.831,0.89772,0.89783,1.13,3.75
2011.06.29 14:30:20.172,0.89776,0.89784,1.50,2.25
2011.06.29 14:30:20.513,0.89781,0.89791,1.88,3.00
2011.06.29 14:30:20.850,0.89783,0.89794,1.50,1.50
2011.06.29 14:30:21.400,0.89781,0.89794,3.00,1.50
2011.06.29 14:30:21.731,0.89781,0.89792,1.50,3.75
2011.06.29 14:30:22.310,0.89783,0.89792,1.50,1.50
2011.06.29 14:30:22.428,0.89779,0.89792,1.50,1.50
2011.06.29 14:30:22.652,0.89778,0.89794,4.50,3.75
2011.06.29 14:30:22.771,0.89778,0.89794,4.50,4.50
2011.06.29 14:30:23.212,0.89778,0.89794,3.75,5.25
2011.06.29 14:30:23.990,0.89777,0.89791,3.00,3.00
2011.06.29 14:30:24.322,0.89781,0.89791,1.13,3.00
2011.06.29 14:30:24.772,0.89781,0.89795,2.25,3.75
2011.06.29 14:30:25.571,0.89779,0.89793,3.38,1.50
2011.06.29 14:30:26.233,0.89779,0.89793,2.25,1.50
2011.06.29 14:30:26.789,0.89778,0.8979,3.00,1.50
2011.06.29 14:30:27.481,0.89778,0.89789,3.00,1.13
2011.06.29 14:30:27.813,0.89774,0.89785,5.10,1.13
2011.06.29 14:30:28.042,0.89773,0.89786,2.85,1.13
2011.06.29 14:30:28.161,0.89777,0.89787,1.13,3.00
2011.06.29 14:30:28.580,0.89777,0.89787,1.13,3.00
2011.06.29 14:30:29.141,0.89777,0.89789,3.38,1.50
2011.06.29 14:30:29.692,0.89775,0.89789,5.25,5.25
2011.06.29 14:30:30.473,0.89775,0.89784,3.00,1.13
2011.06.29 14:30:30.701,0.89771,0.89783,2.25,1.88
2011.06.29 14:30:30.919,0.89771,0.89784,2.25,1.50
2011.06.29 14:30:31.313,0.89771,0.89781,2.25,1.35
2011.06.29 14:30:31.437,0.89769,0.8978,1.50,3.38
2011.06.29 14:30:31.552,0.89767,0.8978,4.50,1.50
2011.06.29 14:30:32.002,0.89772,0.89781,1.13,3.00
2011.06.29 14:30:32.122,0.8977,0.89781,1.88,2.25
2011.06.29 14:30:32.349,0.89768,0.89781,1.88,3.00
2011.06.29 14:30:32.569,0.89767,0.89781,3.75,3.75
2011.06.29 14:30:33.010,0.89768,0.89781,1.13,3.00
2011.06.29 14:30:33.122,0.89767,0.89781,3.00,3.75
2011.06.29 14:30:34.120,0.89766,0.89778,2.63,2.25
2011.06.29 14:30:34.230,0.89768,0.89778,1.13,2.25
2011.06.29 14:30:34.779,0.89766,0.89778,2.25,3.00
2011.06.29 14:30:34.891,0.89769,0.89778,1.13,2.25
2011.06.29 14:30:36.430,0.89767,0.89778,1.50,2.25
2011.06.29 14:30:36.761,0.89771,0.8978,1.50,2.25
2011.06.29 14:30:36.870,0.89769,0.89783,3.00,3.00
2011.06.29 14:30:37.089,0.89769,0.89783,3.00,3.75
2011.06.29 14:30:37.530,0.89772,0.89785,1.50,7.73
2011.06.29 14:30:38.268,0.8977,0.89782,3.38,2.25
2011.06.29 14:30:38.709,0.89774,0.89782,1.13,2.25
2011.06.29 14:30:39.042,0.89777,0.89784,1.13,3.38
2011.06.29 14:30:39.261,0.89776,0.89786,1.50,3.38
2011.06.29 14:30:40.468,0.89775,0.89787,1.50,3.75
2011.06.29 14:30:42.409,0.89775,0.89787,1.50,3.00
2011.06.29 14:30:42.519,0.89775,0.89787,1.88,3.00
2011.06.29 14:30:42.632,0.89774,0.89787,1.50,3.75
2011.06.29 14:30:43.188,0.89773,0.89785,1.88,4.50
2011.06.29 14:30:43.519,0.89772,0.89784,1.50,1.50
2011.06.29 14:30:44.289,0.89772,0.89785,1.50,3.75
2011.06.29 14:30:46.438,0.89771,0.89784,1.50,2.25
2011.06.29 14:30:46.664,0.89769,0.89781,3.00,1.13
2011.06.29 14:30:47.004,0.89767,0.89779,5.10,1.50
2011.06.29 14:30:47.243,0.89767,0.89781,3.00,7.50
2011.06.29 14:30:47.360,0.89766,0.89777,1.50,2.25
2011.06.29 14:30:47.919,0.89771,0.89779,1.50,2.25
2011.06.29 14:30:48.033,0.89775,0.89781,1.50,3.00
2011.06.29 14:30:48.261,0.89774,0.89786,1.50,5.85
2011.06.29 14:30:48.482,0.89772,0.89783,1.50,1.13
2011.06.29 14:30:49.165,0.89771,0.89781,1.13,3.00
2011.06.29 14:30:49.279,0.89769,0.8978,1.88,2.25
2011.06.29 14:30:49.390,0.89768,0.89782,1.50,4.50
2011.06.29 14:30:50.270,0.89771,0.89782,1.50,3.75
2011.06.29 14:30:50.713,0.89775,0.89781,1.13,2.25
2011.06.29 14:30:50.941,0.89772,0.89782,1.13,2.25
2011.06.29 14:30:51.379,0.8977,0.89783,1.88,4.13
2011.06.29 14:30:52.678,0.89771,0.89783,1.13,4.88
2011.06.29 14:30:53.120,0.89771,0.89783,1.88,3.75
2011.06.29 14:30:53.451,0.89776,0.89782,1.13,2.25
2011.06.29 14:30:53.562,0.89773,0.89782,1.13,3.00
2011.06.29 14:30:54.121,0.89775,0.89782,1.13,2.85
2011.06.29 14:30:54.341,0.89775,0.89784,1.13,3.60
2011.06.29 14:30:54.891,0.89776,0.89787,1.50,3.00
2011.06.29 14:30:56.541,0.89778,0.89787,1.13,3.00
2011.06.29 14:30:56.894,0.89783,0.89789,1.13,2.25
2011.06.29 14:30:57.232,0.89781,0.89793,1.50,1.50
2011.06.29 14:30:57.570,0.89783,0.89794,1.50,1.35
2011.06.29 14:30:57.899,0.89782,0.89792,1.88,2.85
2011.06.29 14:30:58.340,0.89782,0.89793,1.13,2.85
2011.06.29 14:30:59.839,0.89785,0.89793,1.88,2.85
2011.06.29 14:31:00.060,0.89785,0.89792,1.50,2.25
2011.06.29 14:31:00.722,0.89785,0.89794,1.50,1.88
2011.06.29 14:31:01.170,0.89785,0.89795,1.88,3.98
2011.06.29 14:31:01.501,0.89787,0.89796,2.25,1.35
2011.06.29 14:31:01.610,0.89787,0.89801,2.25,2.25
2011.06.29 14:31:01.722,0.8979,0.89801,1.13,1.50
2011.06.29 14:31:02.064,0.8979,0.898,1.13,2.10
2011.06.29 14:31:04.233,0.89789,0.898,1.50,2.10
2011.06.29 14:31:04.572,0.89787,0.89799,1.50,2.85
2011.06.29 14:31:05.241,0.89785,0.89798,2.25,4.50
2011.06.29 14:31:05.940,0.89786,0.89798,1.50,3.00
2011.06.29 14:31:06.379,0.89785,0.89798,2.25,5.25
2011.06.29 14:31:06.964,0.89784,0.89796,1.50,1.50
2011.06.29 14:31:07.518,0.89784,0.89797,1.50,4.35
2011.06.29 14:31:08.070,0.89784,0.89796,1.50,1.50
2011.06.29 14:31:09.398,0.89784,0.89797,1.50,2.10
2011.06.29 14:31:09.951,0.89785,0.89797,2.25,2.10
2011.06.29 14:31:12.442,0.89788,0.89798,1.13,2.85
2011.06.29 14:31:13.000,0.89787,0.89799,2.25,2.10
2011.06.29 14:31:14.211,0.89784,0.89798,1.50,5.10
2011.06.29 14:31:14.790,0.89784,0.89798,1.50,5.10
2011.06.29 14:31:15.119,0.89783,0.89797,3.75,1.35
2011.06.29 14:31:15.647,0.89783,0.89797,2.25,2.10
2011.06.29 14:31:16.200,0.89783,0.89796,1.50,1.50
2011.06.29 14:31:16.752,0.89782,0.89794,1.88,2.25
2011.06.29 14:31:17.312,0.89783,0.89795,1.50,3.60
2011.06.29 14:31:17.877,0.89784,0.89795,1.50,2.85
2011.06.29 14:31:18.209,0.89784,0.89793,1.50,1.35
2011.06.29 14:31:18.758,0.89783,0.89793,1.50,3.38
2011.06.29 14:31:19.309,0.89783,0.89793,1.13,2.63
2011.06.29 14:31:19.777,0.89779,0.89792,1.88,2.25
2011.06.29 14:31:20.659,0.89779,0.89792,1.50,3.75
2011.06.29 14:31:21.869,0.89779,0.89791,1.50,2.10
2011.06.29 14:31:22.309,0.89779,0.89789,1.50,1.50
2011.06.29 14:31:22.861,0.89774,0.89788,4.35,4.13
2011.06.29 14:31:23.301,0.89775,0.89788,1.13,2.63
2011.06.29 14:31:25.479,0.89774,0.89788,8.10,2.25
2011.06.29 14:31:27.433,0.89775,0.89788,2.63,2.25
2011.06.29 14:31:28.104,0.89777,0.89788,2.63,2.25
2011.06.29 14:31:28.657,0.89777,0.89787,1.88,2.25
2011.06.29 14:31:29.100,0.89776,0.89787,2.25,2.25
2011.06.29 14:31:29.651,0.89775,0.89786,1.50,2.25
2011.06.29 14:31:30.200,0.89775,0.89787,1.50,2.25
2011.06.29 14:31:31.890,0.89777,0.89787,1.50,2.25
2011.06.29 14:31:33.102,0.89775,0.89787,3.00,3.00
2011.06.29 14:31:35.011,0.89778,0.89787,1.13,3.00
2011.06.29 14:31:35.556,0.89778,0.89788,1.13,2.63
2011.06.29 14:31:35.678,0.89777,0.8979,1.50,3.00
2011.06.29 14:31:36.010,0.89776,0.89788,3.75,1.13
2011.06.29 14:31:36.229,0.89776,0.8979,1.50,4.50
2011.06.29 14:31:38.049,0.89776,0.89788,1.50,1.50
2011.06.29 14:31:38.271,0.89775,0.89786,1.50,1.50
2011.06.29 14:31:38.819,0.89774,0.89786,1.50,2.85
2011.06.29 14:31:39.702,0.89774,0.89786,1.50,3.00
2011.06.29 14:31:41.300,0.89774,0.89786,1.50,1.50
2011.06.29 14:31:42.289,0.89774,0.89785,1.50,2.00
2011.06.29 14:31:42.839,0.89774,0.89783,1.50,1.74
2011.06.29 14:31:44.049,0.89774,0.89785,1.50,2.25
2011.06.29 14:31:44.159,0.89774,0.89785,1.50,1.50
2011.06.29 14:31:50.473,0.89774,0.89785,2.10,1.88
2011.06.29 14:31:50.812,0.89774,0.89786,2.10,2.63
2011.06.29 14:31:51.371,0.89774,0.89785,1.50,3.00
2011.06.29 14:31:51.919,0.89771,0.89785,2.25,3.75
2011.06.29 14:31:52.469,0.89771,0.89785,3.00,3.75
2011.06.29 14:31:53.128,0.89771,0.89785,3.00,3.75
2011.06.29 14:31:53.681,0.89771,0.89779,1.50,3.00
2011.06.29 14:31:53.792,0.8977,0.89779,1.50,3.00
2011.06.29 14:31:54.023,0.89769,0.8978,1.50,2.85
2011.06.29 14:31:54.141,0.89768,0.8978,1.88,3.60
2011.06.29 14:31:54.658,0.89769,0.89781,1.88,3.60
2011.06.29 14:31:55.320,0.8977,0.89781,1.50,5.85
2011.06.29 14:31:56.530,0.8977,0.89781,1.13,4.35
2011.06.29 14:31:57.298,0.89769,0.8978,1.50,1.35
2011.06.29 14:31:57.520,0.89767,0.8978,3.00,1.35
2011.06.29 14:31:57.741,0.89768,0.8978,1.50,1.35
2011.06.29 14:31:58.182,0.89768,0.8978,1.50,5.10
2011.06.29 14:31:58.292,0.89766,0.89778,3.75,1.50
2011.06.29 14:31:58.827,0.89764,0.89777,4.50,2.25
2011.06.29 14:31:59.059,0.89764,0.89776,1.50,1.35
2011.06.29 14:31:59.609,0.89763,0.89776,3.75,2.10
2011.06.29 14:32:01.791,0.89766,0.89777,1.13,3.00
2011.06.29 14:32:02.947,0.89766,0.89778,1.13,1.50
2011.06.29 14:32:03.170,0.89765,0.89777,1.50,3.00
2011.06.29 14:32:03.721,0.89766,0.89778,1.13,1.50
2011.06.29 14:32:04.163,0.89767,0.8978,5.25,1.13
2011.06.29 14:32:04.718,0.89767,0.8978,4.13,1.13
2011.06.29 14:32:05.272,0.89767,0.89779,1.50,3.00
2011.06.29 14:32:05.609,0.89766,0.89777,1.13,3.00
2011.06.29 14:32:06.119,0.89768,0.89778,1.50,3.60
2011.06.29 14:32:06.233,0.89768,0.89778,1.50,2.85
2011.06.29 14:32:07.011,0.89766,0.89778,1.13,3.60
2011.06.29 14:32:07.122,0.89764,0.89778,2.25,3.60
2011.06.29 14:32:07.241,0.89765,0.89779,1.50,5.10
2011.06.29 14:32:07.790,0.89765,0.89777,3.75,1.50
2011.06.29 14:32:08.340,0.89764,0.89777,1.50,3.00
2011.06.29 14:32:09.000,0.89764,0.89776,1.50,3.75
2011.06.29 14:32:09.550,0.89764,0.89776,1.88,3.00
2011.06.29 14:32:10.334,0.89766,0.89776,1.13,3.00
2011.06.29 14:32:11.001,0.89766,0.89779,3.38,1.73
2011.06.29 14:32:11.333,0.89767,0.89779,3.00,1.35
2011.06.29 14:32:11.889,0.89766,0.89776,1.13,1.50
2011.06.29 14:32:13.759,0.8977,0.89778,1.13,1.88
2011.06.29 14:32:13.979,0.8977,0.89778,1.13,1.13
2011.06.29 14:32:14.198,0.89766,0.89779,1.50,3.00
2011.06.29 14:32:14.824,0.8977,0.89779,1.13,5.25
2011.06.29 14:32:15.160,0.89773,0.89779,1.13,2.25
2011.06.29 14:32:15.384,0.89773,0.89782,1.13,2.25
2011.06.29 14:32:15.502,0.89769,0.89782,1.50,3.00
2011.06.29 14:32:15.833,0.89768,0.89781,4.13,1.50
2011.06.29 14:32:17.050,0.89766,0.8978,5.25,3.75
2011.06.29 14:32:17.269,0.89771,0.8978,1.13,3.00
2011.06.29 14:32:17.693,0.89768,0.89781,1.50,2.48
2011.06.29 14:32:18.248,0.89768,0.89781,1.50,3.98
2011.06.29 14:32:18.798,0.89768,0.8978,1.50,1.50
2011.06.29 14:32:19.243,0.89767,0.89775,1.50,2.85
2011.06.29 14:32:19.802,0.89769,0.89782,4.50,2.25
2011.06.29 14:32:19.913,0.89768,0.89781,4.50,2.10
2011.06.29 14:32:20.469,0.89769,0.89782,1.50,3.00
2011.06.29 14:32:21.148,0.89768,0.89781,4.50,1.50
2011.06.29 14:32:21.482,0.89768,0.89781,2.25,2.63
2011.06.29 14:32:22.040,0.89768,0.89781,2.25,2.63
2011.06.29 14:32:22.395,0.89768,0.89779,2.25,1.50
2011.06.29 14:32:22.731,0.89771,0.89781,1.50,2.85
2011.06.29 14:32:22.951,0.89768,0.89779,1.50,1.50
2011.06.29 14:32:23.072,0.89771,0.89779,1.50,1.50
2011.06.29 14:32:23.302,0.89771,0.8978,1.50,1.50
2011.06.29 14:32:23.536,0.89771,0.89782,3.00,3.00
2011.06.29 14:32:23.764,0.89771,0.89783,3.00,3.38
2011.06.29 14:32:25.283,0.89778,0.89783,1.50,2.25
2011.06.29 14:32:25.623,0.89778,0.89789,1.50,6.23
2011.06.29 14:32:25.963,0.89776,0.89787,1.50,1.50
2011.06.29 14:32:26.408,0.89775,0.89786,1.50,3.00
2011.06.29 14:32:27.502,0.89773,0.89784,2.25,2.85
2011.06.29 14:32:28.521,0.89774,0.89784,1.50,2.85
2011.06.29 14:32:28.861,0.89773,0.89786,1.50,3.75
2011.06.29 14:32:29.743,0.89771,0.89784,1.50,1.50
2011.06.29 14:32:30.191,0.89771,0.89782,1.50,1.13
2011.06.29 14:32:30.409,0.89771,0.89784,1.50,5.10
2011.06.29 14:32:31.292,0.89771,0.89784,3.00,4.35
2011.06.29 14:32:33.889,0.89771,0.89784,2.25,4.73
2011.06.29 14:32:34.001,0.89771,0.89784,2.25,3.60
2011.06.29 14:32:34.112,0.89773,0.89784,1.50,4.35
2011.06.29 14:32:34.780,0.89773,0.89784,1.50,3.00
2011.06.29 14:32:35.222,0.89774,0.89787,1.50,2.85
2011.06.29 14:32:35.341,0.89776,0.89788,1.13,6.23
2011.06.29 14:32:35.870,0.89778,0.89789,1.50,1.50
2011.06.29 14:32:36.090,0.89776,0.89788,1.50,3.00
2011.06.29 14:32:36.421,0.89774,0.89787,2.25,2.25
2011.06.29 14:32:37.628,0.89775,0.89787,1.50,2.25
2011.06.29 14:32:38.321,0.89774,0.89787,2.25,3.00
2011.06.29 14:32:38.870,0.89774,0.89787,2.25,3.60
2011.06.29 14:32:39.412,0.89774,0.89787,2.25,2.85
2011.06.29 14:32:39.969,0.89774,0.89787,3.00,2.85
2011.06.29 14:32:40.459,0.89774,0.89785,1.50,1.13
2011.06.29 14:32:40.683,0.89774,0.89786,1.50,2.25
2011.06.29 14:32:40.801,0.89773,0.89782,1.50,2.25
2011.06.29 14:32:41.023,0.89774,0.89785,1.50,2.25
2011.06.29 14:32:41.579,0.89774,0.89785,1.50,2.25
2011.06.29 14:32:42.195,0.89773,0.89784,2.25,2.25
2011.06.29 14:32:43.439,0.89773,0.89784,1.50,2.25
2011.06.29 14:32:43.770,0.89771,0.89782,1.50,2.25
2011.06.29 14:32:44.321,0.89772,0.89783,1.50,1.50
2011.06.29 14:32:44.870,0.89772,0.89784,1.50,5.25
2011.06.29 14:32:45.863,0.89774,0.89784,1.50,2.25
2011.06.29 14:32:46.366,0.89774,0.89786,1.50,6.38
2011.06.29 14:32:46.484,0.89774,0.89785,2.25,3.00
2011.06.29 14:32:47.038,0.89773,0.89784,2.25,2.25
2011.06.29 14:32:48.472,0.89773,0.89784,1.50,2.25
2011.06.29 14:32:49.028,0.89773,0.89784,1.50,3.00
2011.06.29 14:32:49.579,0.89773,0.89784,1.50,2.25
2011.06.29 14:32:51.309,0.89774,0.89786,3.00,3.00
2011.06.29 14:32:51.421,0.89776,0.89786,1.50,3.00
2011.06.29 14:32:51.752,0.89774,0.89784,2.25,1.13
2011.06.29 14:32:51.872,0.89774,0.89786,1.50,1.13
2011.06.29 14:32:51.989,0.89772,0.89785,3.75,1.35
2011.06.29 14:32:52.322,0.89774,0.89783,1.50,2.63
2011.06.29 14:32:52.879,0.89771,0.89782,1.50,2.25
2011.06.29 14:32:55.650,0.89772,0.89782,1.50,4.35
2011.06.29 14:32:56.201,0.89772,0.89782,1.50,4.35
2011.06.29 14:32:56.421,0.89771,0.89782,3.00,4.35
2011.06.29 14:32:57.438,0.89772,0.89782,1.50,4.35
2011.06.29 14:32:58.078,0.8977,0.89782,1.50,2.25
2011.06.29 14:32:58.870,0.8977,0.89782,3.00,4.35
2011.06.29 14:32:59.639,0.89772,0.89782,1.50,2.25
2011.06.29 14:32:59.859,0.89772,0.89781,1.50,2.10
2011.06.29 14:33:00.188,0.89772,0.89783,1.50,4.73
2011.06.29 14:33:00.849,0.89771,0.89782,1.50,2.48
2011.06.29 14:33:04.380,0.8977,0.89782,2.25,2.48
2011.06.29 14:33:04.821,0.89769,0.8978,2.25,2.25
2011.06.29 14:33:05.043,0.89769,0.89781,1.88,2.63
2011.06.29 14:33:05.382,0.89768,0.89779,1.50,2.85
2011.06.29 14:33:05.501,0.89767,0.89779,2.25,3.60
2011.06.29 14:33:06.490,0.89767,0.89778,1.50,2.85
2011.06.29 14:33:07.040,0.89768,0.89778,3.00,2.25
2011.06.29 14:33:07.149,0.89769,0.89782,1.50,4.73
2011.06.29 14:33:07.871,0.8977,0.89781,1.50,1.13
2011.06.29 14:33:07.984,0.89771,0.89783,1.50,3.38
2011.06.29 14:33:08.216,0.89772,0.89784,2.25,1.88
2011.06.29 14:33:08.773,0.89771,0.89782,2.25,2.25
2011.06.29 14:33:09.330,0.89773,0.89783,1.50,2.25
2011.06.29 14:33:09.660,0.89773,0.89786,1.50,2.85
2011.06.29 14:33:09.881,0.89772,0.89785,2.25,1.88
2011.06.29 14:33:10.541,0.89774,0.89785,1.50,1.88
2011.06.29 14:33:10.869,0.89775,0.89786,2.63,4.73
2011.06.29 14:33:15.870,0.89775,0.89786,2.25,2.25
2011.06.29 14:33:16.619,0.89772,0.89785,3.75,1.50
2011.06.29 14:33:16.736,0.89771,0.89782,1.50,2.25
2011.06.29 14:33:16.961,0.89772,0.89785,1.50,2.63
2011.06.29 14:33:17.509,0.89772,0.89786,1.50,4.88
2011.06.29 14:33:18.058,0.89773,0.89786,1.50,2.25
2011.06.29 14:33:18.719,0.89773,0.89785,1.50,2.25
2011.06.29 14:33:18.828,0.89773,0.89787,1.88,6.75
2011.06.29 14:33:20.292,0.89773,0.89787,1.88,3.75
2011.06.29 14:33:20.808,0.89773,0.89787,1.88,4.88
2011.06.29 14:33:21.358,0.89774,0.89787,1.13,3.75
2011.06.29 14:33:22.419,0.89774,0.89787,1.13,3.00
2011.06.29 14:33:22.924,0.89773,0.89787,2.63,3.00
2011.06.29 14:33:23.040,0.89774,0.89787,1.50,3.00
2011.06.29 14:33:24.139,0.89773,0.89787,1.88,3.00
2011.06.29 14:33:26.098,0.89774,0.89787,1.13,3.00
2011.06.29 14:33:26.759,0.89776,0.89789,3.00,4.73
2011.06.29 14:33:27.310,0.89774,0.89788,2.25,3.75
2011.06.29 14:33:27.854,0.89775,0.89788,2.25,2.25
2011.06.29 14:33:28.410,0.89776,0.8979,3.38,3.98
2011.06.29 14:33:28.959,0.89776,0.8979,3.38,4.73
2011.06.29 14:33:29.625,0.89775,0.89788,1.50,2.25
2011.06.29 14:33:29.741,0.89775,0.89788,1.50,2.25
2011.06.29 14:33:30.986,0.89774,0.89788,1.13,3.00
2011.06.29 14:33:31.099,0.89773,0.89787,2.63,1.50
2011.06.29 14:33:31.781,0.89772,0.89783,3.00,1.50
2011.06.29 14:33:32.329,0.89771,0.89783,1.13,2.25
2011.06.29 14:33:32.772,0.89772,0.89783,1.13,1.50
2011.06.29 14:33:33.329,0.89771,0.89783,4.13,1.50
2011.06.29 14:33:33.881,0.8977,0.89784,1.35,1.13
2011.06.29 14:33:34.430,0.89769,0.89784,5.10,1.50
2011.06.29 14:33:34.981,0.89769,0.89785,6.23,5.25
2011.06.29 14:33:35.934,0.89772,0.89785,1.13,3.38
2011.06.29 14:33:36.160,0.89772,0.89785,1.13,3.38
2011.06.29 14:33:36.709,0.89774,0.89785,2.25,3.38
2011.06.29 14:33:36.930,0.89774,0.89785,1.50,3.38
2011.06.29 14:33:37.443,0.89774,0.89785,1.50,3.38
2011.06.29 14:33:38.969,0.89775,0.89785,1.50,2.63
2011.06.29 14:33:39.300,0.89778,0.89787,1.50,3.00
2011.06.29 14:33:39.808,0.89777,0.89787,1.50,2.25
2011.06.29 14:33:40.360,0.89777,0.89787,1.50,2.25
2011.06.29 14:33:40.689,0.89777,0.89787,1.50,2.25
2011.06.29 14:33:41.242,0.89777,0.89787,1.50,2.25
2011.06.29 14:33:42.791,0.89778,0.89786,1.50,2.25
2011.06.29 14:33:43.208,0.8978,0.89788,1.50,4.13
2011.06.29 14:33:43.760,0.8978,0.89787,1.50,2.25
2011.06.29 14:33:44.311,0.8978,0.89788,1.50,4.13
2011.06.29 14:33:45.680,0.89778,0.89788,1.50,4.13
2011.06.29 14:33:47.718,0.89778,0.89789,2.25,1.35
2011.06.29 14:33:48.381,0.89778,0.89789,1.50,2.48
2011.06.29 14:33:52.213,0.89776,0.89788,1.50,5.63
2011.06.29 14:33:53.175,0.89775,0.89788,1.50,6.38
2011.06.29 14:33:53.954,0.89777,0.89788,1.50,1.88
2011.06.29 14:33:54.509,0.89775,0.89788,1.50,1.88
2011.06.29 14:33:55.028,0.89775,0.8979,1.50,6.23
2011.06.29 14:33:55.920,0.89775,0.89789,1.50,1.35
2011.06.29 14:33:56.139,0.89773,0.89788,1.88,3.75
2011.06.29 14:33:56.358,0.89775,0.89788,1.13,5.25
2011.06.29 14:33:56.689,0.89773,0.89788,1.50,4.13
2011.06.29 14:33:57.238,0.89773,0.89788,1.50,4.88
2011.06.29 14:33:57.879,0.89773,0.89788,1.88,5.63
2011.06.29 14:33:59.800,0.89776,0.89788,1.13,4.13
2011.06.29 14:34:00.350,0.89776,0.89789,1.88,3.23
2011.06.29 14:34:01.338,0.89775,0.8979,3.00,3.60
2011.06.29 14:34:02.411,0.89776,0.8979,1.50,2.10
2011.06.29 14:34:02.960,0.89777,0.8979,1.13,2.10
2011.06.29 14:34:07.979,0.89776,0.8979,1.50,2.10
2011.06.29 14:34:08.423,0.89781,0.89791,1.13,2.25
2011.06.29 14:34:08.649,0.89779,0.89791,1.50,2.25
2011.06.29 14:34:09.969,0.89779,0.89791,1.88,2.25
2011.06.29 14:34:10.795,0.89783,0.89791,1.13,2.25
2011.06.29 14:34:10.914,0.89781,0.89794,1.50,7.73
2011.06.29 14:34:11.146,0.89782,0.89793,1.13,2.85
2011.06.29 14:34:11.262,0.89779,0.89791,1.50,1.50
2011.06.29 14:34:11.383,0.89778,0.89791,1.50,2.25
2011.06.29 14:34:11.613,0.8978,0.89792,3.00,1.20
2011.06.29 14:34:12.064,0.89782,0.89789,1.13,1.50
2011.06.29 14:34:12.402,0.89782,0.89792,2.25,1.35
2011.06.29 14:34:13.792,0.89787,0.89798,1.13,2.25
2011.06.29 14:34:14.350,0.89786,0.89798,4.88,1.50
2011.06.29 14:34:14.682,0.89789,0.89798,1.13,1.50
2011.06.29 14:34:15.331,0.89785,0.89798,4.50,1.50
2011.06.29 14:34:15.882,0.89786,0.89797,3.00,1.50
2011.06.29 14:34:17.419,0.89785,0.89798,3.00,1.50
2011.06.29 14:34:17.640,0.89784,0.89798,5.10,1.50
2011.06.29 14:34:18.080,0.89785,0.89798,4.50,1.50
2011.06.29 14:34:18.650,0.89787,0.89798,1.13,1.50
2011.06.29 14:34:18.775,0.89785,0.89798,4.50,1.50
2011.06.29 14:34:18.891,0.89787,0.89798,1.13,1.50
2011.06.29 14:34:19.882,0.89791,0.89798,1.50,1.50
2011.06.29 14:34:20.114,0.89786,0.89798,2.25,1.50
2011.06.29 14:34:20.339,0.89785,0.89798,3.75,1.50
2011.06.29 14:34:20.780,0.89788,0.89798,1.13,1.50
2011.06.29 14:34:21.848,0.89789,0.89798,1.88,1.50
2011.06.29 14:34:22.621,0.89793,0.89803,1.13,3.00
2011.06.29 14:34:22.733,0.89794,0.89801,1.13,1.50
2011.06.29 14:34:22.960,0.89794,0.898,1.13,1.50
2011.06.29 14:34:23.186,0.89795,0.89803,1.13,3.00
2011.06.29 14:34:23.412,0.89792,0.89804,3.75,1.50
2011.06.29 14:34:23.742,0.89792,0.89803,3.00,1.50
2011.06.29 14:34:24.300,0.89792,0.89803,1.50,1.50
2011.06.29 14:34:24.845,0.89792,0.89801,3.00,1.50
2011.06.29 14:34:25.290,0.89793,0.89801,1.50,1.50
2011.06.29 14:34:25.839,0.89793,0.89801,1.50,1.50
2011.06.29 14:34:26.172,0.89793,0.89801,1.88,1.50
2011.06.29 14:34:26.391,0.89792,0.89801,1.50,1.50
2011.06.29 14:34:27.052,0.89793,0.89801,1.50,1.50
2011.06.29 14:34:27.382,0.89793,0.89804,1.50,1.50
2011.06.29 14:34:28.268,0.89792,0.89801,1.88,1.50
2011.06.29 14:34:28.385,0.89792,0.898,1.13,1.50
2011.06.29 14:34:28.942,0.89795,0.89802,1.13,1.50
2011.06.29 14:34:30.040,0.89794,0.89801,1.13,1.50
2011.06.29 14:34:30.484,0.8979,0.898,1.50,1.50
2011.06.29 14:34:30.712,0.89788,0.898,1.50,2.10
2011.06.29 14:34:30.829,0.89788,0.898,1.50,2.10
2011.06.29 14:34:33.891,0.89786,0.89799,2.10,3.75
2011.06.29 14:34:35.759,0.89786,0.89799,1.50,3.75
2011.06.29 14:34:36.309,0.89786,0.89799,1.50,1.50
2011.06.29 14:34:36.753,0.89783,0.89796,5.25,3.00
2011.06.29 14:34:36.982,0.89783,0.89796,3.00,3.75
2011.06.29 14:34:37.517,0.89783,0.89794,3.00,1.50
2011.06.29 14:34:39.281,0.89782,0.89794,1.50,1.50
2011.06.29 14:34:39.610,0.89783,0.89794,1.50,1.50
2011.06.29 14:34:40.489,0.89785,0.89794,1.50,1.50
2011.06.29 14:34:42.785,0.89787,0.89795,1.13,3.00
2011.06.29 14:34:43.012,0.89787,0.89798,1.13,6.75
2011.06.29 14:34:43.571,0.89787,0.89798,1.50,1.50
2011.06.29 14:34:44.672,0.89784,0.89797,4.50,1.50
2011.06.29 14:34:44.793,0.89784,0.89797,3.00,1.50
2011.06.29 14:34:45.024,0.89783,0.89795,3.75,1.50
2011.06.29 14:34:45.580,0.89786,0.89795,1.13,1.50
2011.06.29 14:34:46.189,0.89787,0.89795,1.13,1.50
2011.06.29 14:34:46.301,0.89789,0.89798,1.50,1.50
2011.06.29 14:34:46.410,0.8979,0.89798,1.88,1.50
2011.06.29 14:34:47.703,0.8979,0.89801,1.50,1.50
2011.06.29 14:34:47.825,0.89789,0.89801,1.50,1.50
2011.06.29 14:34:48.051,0.89789,0.89799,1.50,1.50
2011.06.29 14:34:50.099,0.89785,0.89796,1.13,2.25
2011.06.29 14:34:50.542,0.89785,0.89797,1.13,2.25
2011.06.29 14:34:52.204,0.89789,0.89797,1.13,2.25
2011.06.29 14:34:52.872,0.89789,0.89799,1.88,2.25
2011.06.29 14:34:52.981,0.89787,0.89801,3.75,2.10
2011.06.29 14:34:53.091,0.89787,0.898,3.00,1.35
2011.06.29 14:34:53.309,0.89786,0.898,1.13,1.35
2011.06.29 14:34:53.420,0.89788,0.898,1.13,1.35
2011.06.29 14:34:53.968,0.89788,0.89801,1.50,4.35
2011.06.29 14:34:54.500,0.89785,0.898,1.50,2.85
2011.06.29 14:34:54.829,0.89784,0.89798,3.38,2.10
2011.06.29 14:34:55.601,0.89784,0.89796,1.50,2.25
2011.06.29 14:34:56.920,0.89786,0.89796,1.13,2.25
2011.06.29 14:34:57.672,0.89784,0.89796,1.50,2.25
2011.06.29 14:34:58.012,0.89783,0.89794,1.13,2.25
2011.06.29 14:34:58.670,0.89783,0.89794,1.13,3.00
2011.06.29 14:34:58.779,0.89781,0.89794,1.13,3.00
2011.06.29 14:35:00.779,0.89784,0.89793,1.13,2.25
2011.06.29 14:35:01.773,0.89782,0.89793,1.13,2.25
2011.06.29 14:35:02.440,0.89779,0.89793,3.38,4.50
2011.06.29 14:35:02.551,0.89779,0.89793,3.38,3.00
2011.06.29 14:35:03.099,0.89778,0.89793,1.73,4.50
2011.06.29 14:35:03.650,0.8978,0.89793,1.13,3.00
2011.06.29 14:35:04.211,0.89783,0.89793,1.13,3.00
2011.06.29 14:35:04.326,0.89781,0.89793,1.13,3.00
2011.06.29 14:35:04.442,0.89782,0.89794,1.13,3.00
2011.06.29 14:35:04.991,0.89784,0.89794,1.13,3.00
2011.06.29 14:35:05.539,0.89784,0.89794,1.13,3.00
2011.06.29 14:35:05.899,0.89782,0.89794,2.25,4.88
2011.06.29 14:35:06.560,0.89782,0.89794,1.50,4.50
2011.06.29 14:35:06.783,0.89784,0.89794,1.50,3.00
2011.06.29 14:35:07.013,0.89784,0.89794,1.13,3.00
2011.06.29 14:35:07.463,0.89781,0.89794,1.13,3.00
2011.06.29 14:35:08.019,0.89781,0.89794,1.88,3.00
2011.06.29 14:35:10.009,0.89782,0.89794,1.88,2.25
2011.06.29 14:35:10.633,0.89782,0.89794,2.25,3.00
2011.06.29 14:35:10.754,0.89785,0.89794,1.13,3.00
2011.06.29 14:35:11.312,0.89784,0.89796,2.25,1.13
2011.06.29 14:35:11.529,0.89784,0.89796,2.25,1.13
2011.06.29 14:35:11.750,0.89784,0.89796,2.25,1.13
2011.06.29 14:35:11.970,0.89784,0.89796,1.50,3.38
2011.06.29 14:35:12.740,0.89782,0.89796,1.88,3.00
2011.06.29 14:35:14.468,0.89783,0.89796,1.50,3.00
2011.06.29 14:35:14.581,0.89782,0.89795,2.25,4.50
2011.06.29 14:35:14.691,0.8978,0.89795,3.00,4.50
2011.06.29 14:35:14.800,0.8978,0.89795,2.63,4.50
2011.06.29 14:35:15.129,0.89783,0.89793,1.13,3.00
2011.06.29 14:35:16.450,0.89782,0.89793,1.13,3.00
2011.06.29 14:35:16.890,0.8978,0.89793,1.88,2.25
2011.06.29 14:35:17.439,0.8978,0.89793,1.88,3.00
2011.06.29 14:35:18.174,0.89781,0.89793,1.50,3.00
2011.06.29 14:35:18.509,0.89781,0.89793,1.13,3.00
2011.06.29 14:35:19.222,0.89783,0.89793,1.13,3.00
2011.06.29 14:35:19.451,0.89782,0.89794,1.88,3.00
2011.06.29 14:35:19.999,0.89779,0.89793,3.75,3.00
2011.06.29 14:35:20.550,0.89781,0.89793,1.13,3.00
2011.06.29 14:35:22.343,0.89779,0.89793,1.50,3.00
2011.06.29 14:35:22.790,0.89779,0.89793,1.13,3.00
2011.06.29 14:35:23.342,0.8978,0.89793,1.13,3.00
2011.06.29 14:35:24.340,0.8978,0.89793,1.13,2.25
2011.06.29 14:35:24.889,0.8978,0.89793,1.13,3.00
2011.06.29 14:35:25.221,0.89778,0.89793,2.85,3.00
2011.06.29 14:35:25.771,0.89778,0.89791,1.13,1.50
2011.06.29 14:35:25.884,0.89778,0.89789,1.13,2.10
2011.06.29 14:35:26.113,0.89777,0.89788,3.00,2.85
2011.06.29 14:35:26.645,0.89775,0.89787,1.13,3.60
2011.06.29 14:35:26.764,0.89772,0.89786,3.00,2.85
2011.06.29 14:35:27.103,0.8977,0.89784,4.35,1.50
2011.06.29 14:35:27.770,0.89773,0.89785,1.13,5.10
2011.06.29 14:35:28.104,0.89776,0.89786,1.13,2.25
2011.06.29 14:35:28.659,0.89775,0.89786,1.13,2.25
2011.06.29 14:35:28.990,0.89773,0.89786,1.50,2.25
2011.06.29 14:35:29.819,0.89773,0.89786,1.13,2.25
2011.06.29 14:35:32.603,0.89772,0.89786,3.75,2.25
2011.06.29 14:35:33.052,0.89776,0.89786,1.13,2.25
2011.06.29 14:35:33.160,0.89776,0.89788,1.13,5.63
2011.06.29 14:35:33.380,0.89775,0.89788,1.50,3.00
2011.06.29 14:35:33.773,0.89774,0.89788,1.50,4.13
2011.06.29 14:35:34.334,0.89777,0.89785,1.13,2.25
2011.06.29 14:35:34.889,0.89776,0.89785,1.13,2.25
2011.06.29 14:35:35.441,0.89777,0.89785,1.13,2.25
2011.06.29 14:35:36.431,0.8978,0.89791,1.13,1.73
2011.06.29 14:35:36.651,0.89777,0.89785,1.50,2.25
2011.06.29 14:35:37.090,0.89776,0.89785,1.50,2.25
2011.06.29 14:35:37.610,0.89774,0.89785,1.50,2.25
2011.06.29 14:35:37.831,0.89775,0.89785,1.13,2.25
2011.06.29 14:35:38.378,0.89774,0.89785,2.25,2.25
2011.06.29 14:35:39.469,0.89775,0.89785,1.50,2.25
2011.06.29 14:35:40.238,0.89774,0.89787,1.88,2.63
2011.06.29 14:35:40.461,0.89777,0.89787,1.13,4.13
2011.06.29 14:35:40.571,0.89773,0.89786,3.00,2.25
2011.06.29 14:35:40.791,0.89771,0.89785,4.50,2.25
2011.06.29 14:35:41.304,0.89772,0.89784,1.50,2.25
2011.06.29 14:35:42.269,0.8977,0.89784,3.75,2.25
2011.06.29 14:35:42.709,0.8977,0.89784,3.75,2.25
2011.06.29 14:35:43.041,0.8977,0.89783,3.00,1.13
2011.06.29 14:35:43.590,0.8977,0.89778,3.00,1.13
2011.06.29 14:35:43.811,0.89768,0.89782,1.35,3.00
2011.06.29 14:35:43.921,0.89768,0.89782,1.35,1.50
2011.06.29 14:35:44.252,0.89769,0.89783,1.50,2.63
2011.06.29 14:35:44.711,0.89769,0.89783,1.50,2.63
2011.06.29 14:35:44.826,0.8977,0.89783,3.00,1.50
2011.06.29 14:35:45.053,0.8977,0.89782,2.25,1.13
2011.06.29 14:35:45.171,0.8977,0.89783,2.25,2.25
2011.06.29 14:35:45.389,0.89768,0.89781,3.60,1.13
2011.06.29 14:35:45.502,0.89768,0.89782,4.35,3.00
2011.06.29 14:35:45.731,0.89769,0.89782,2.25,3.00
2011.06.29 14:35:46.066,0.8977,0.89784,1.88,2.63
2011.06.29 14:35:46.729,0.89771,0.89785,1.50,4.88
2011.06.29 14:35:47.171,0.89769,0.89785,3.75,4.13
2011.06.29 14:35:47.734,0.89771,0.89784,1.50,1.50
2011.06.29 14:35:48.292,0.89771,0.89785,1.50,4.88
2011.06.29 14:35:48.732,0.89772,0.89786,1.88,3.23
2011.06.29 14:35:48.961,0.89772,0.89787,1.88,4.13
2011.06.29 14:35:49.180,0.89771,0.89787,4.35,4.88
2011.06.29 14:35:49.401,0.89771,0.89787,4.35,3.00
2011.06.29 14:35:49.729,0.89771,0.89787,3.60,4.50
2011.06.29 14:35:49.842,0.89772,0.89787,1.50,7.13
2011.06.29 14:35:49.963,0.89774,0.89786,1.13,2.25
2011.06.29 14:35:50.298,0.89774,0.89784,1.88,2.25
2011.06.29 14:35:51.180,0.89773,0.89784,1.50,2.25
2011.06.29 14:35:52.106,0.89775,0.89784,1.50,2.25
2011.06.29 14:35:52.682,0.89775,0.89787,1.50,3.00
2011.06.29 14:35:52.911,0.89776,0.89785,1.50,2.25
2011.06.29 14:35:53.459,0.89774,0.89786,2.25,2.25
2011.06.29 14:35:53.792,0.89776,0.89786,1.88,2.25
2011.06.29 14:35:54.340,0.8978,0.89786,1.13,2.25
2011.06.29 14:35:54.564,0.8978,0.89788,1.13,2.85
2011.06.29 14:35:54.682,0.89778,0.89788,1.50,2.85
2011.06.29 14:35:55.202,0.89774,0.89788,3.75,2.85
2011.06.29 14:35:55.318,0.89778,0.89787,1.13,2.25
2011.06.29 14:35:55.430,0.89775,0.89787,1.88,2.25
2011.06.29 14:35:55.980,0.89775,0.89785,1.13,2.25
2011.06.29 14:35:56.201,0.89772,0.89784,1.50,2.85
2011.06.29 14:35:56.419,0.89772,0.89784,1.88,2.85
2011.06.29 14:35:56.751,0.89772,0.89783,1.13,1.88
2011.06.29 14:35:57.190,0.89772,0.89785,1.13,6.98
2011.06.29 14:35:57.739,0.89773,0.89785,1.50,2.63
2011.06.29 14:35:58.839,0.89773,0.89786,1.50,2.85
2011.06.29 14:35:59.584,0.89774,0.89787,1.50,4.73
2011.06.29 14:36:00.129,0.89774,0.89786,1.50,3.60
2011.06.29 14:36:00.461,0.89775,0.89784,1.13,2.25
2011.06.29 14:36:00.793,0.89773,0.89784,1.50,2.25
2011.06.29 14:36:00.916,0.89771,0.89785,5.10,2.25
2011.06.29 14:36:01.473,0.89771,0.89784,1.50,2.85
2011.06.29 14:36:01.590,0.89769,0.89782,1.88,2.25
2011.06.29 14:36:03.767,0.8977,0.89784,4.50,1.73
2011.06.29 14:36:04.319,0.89771,0.89785,1.50,4.73
2011.06.29 14:36:04.869,0.89772,0.89785,1.50,4.73
2011.06.29 14:36:04.980,0.89775,0.89785,1.13,4.35
2011.06.29 14:36:05.201,0.89772,0.89785,1.88,4.35
2011.06.29 14:36:05.750,0.89771,0.89784,1.13,3.60
2011.06.29 14:36:06.301,0.8977,0.89785,1.50,4.13
2011.06.29 14:36:06.740,0.89772,0.89785,1.50,2.25
2011.06.29 14:36:07.070,0.89774,0.89786,1.13,4.88
2011.06.29 14:36:08.355,0.8977,0.89776,2.25,1.13
2011.06.29 14:36:08.474,0.89768,0.89775,1.50,1.13
2011.06.29 14:36:08.596,0.89765,0.89777,3.75,1.88
2011.06.29 14:36:08.720,0.89763,0.89772,1.50,1.13
2011.06.29 14:36:08.836,0.89763,0.8977,5.25,1.13
2011.06.29 14:36:08.954,0.89762,0.8977,2.25,1.13
2011.06.29 14:36:09.072,0.89756,0.8977,3.75,3.38
2011.06.29 14:36:09.401,0.89757,0.8977,1.50,2.25
2011.06.29 14:36:10.207,0.89757,0.8977,1.50,2.25
2011.06.29 14:36:10.772,0.89758,0.89771,1.50,3.00
2011.06.29 14:36:11.329,0.89758,0.89771,1.88,3.75
2011.06.29 14:36:11.881,0.89758,0.89772,1.13,2.85
2011.06.29 14:36:12.286,0.89762,0.89772,1.13,3.98
2011.06.29 14:36:12.513,0.89759,0.89772,1.88,3.38
2011.06.29 14:36:12.961,0.89758,0.89772,2.25,4.35
2011.06.29 14:36:13.181,0.89758,0.89771,2.25,1.50
2011.06.29 14:36:13.920,0.89758,0.89771,2.25,1.13
2011.06.29 14:36:14.470,0.89757,0.8977,2.25,2.25
2011.06.29 14:36:14.801,0.89758,0.89771,1.50,3.38
2011.06.29 14:36:15.573,0.89758,0.89771,1.50,3.38
2011.06.29 14:36:16.129,0.89758,0.89771,1.50,3.38
2011.06.29 14:36:17.875,0.89757,0.89771,3.00,3.00
2011.06.29 14:36:18.429,0.89757,0.89771,2.25,3.00
2011.06.29 14:36:18.910,0.89757,0.89771,3.38,2.25
2011.06.29 14:36:19.790,0.89757,0.89771,2.25,3.00
2011.06.29 14:36:19.899,0.89758,0.89771,1.50,2.25
2011.06.29 14:36:23.589,0.89758,0.89771,1.50,2.25
2011.06.29 14:36:25.569,0.89757,0.89771,2.25,3.00
2011.06.29 14:36:25.903,0.89755,0.89765,3.75,1.13
2011.06.29 14:36:26.242,0.89752,0.89762,1.35,1.50
2011.06.29 14:36:26.464,0.89751,0.89764,3.00,1.88
2011.06.29 14:36:26.582,0.89751,0.89764,3.60,1.50
2011.06.29 14:36:27.263,0.8975,0.89763,2.85,1.50
2011.06.29 14:36:27.385,0.89751,0.89765,1.35,3.75
2011.06.29 14:36:27.941,0.89751,0.89766,2.85,2.25
2011.06.29 14:36:28.161,0.89751,0.89766,5.10,1.50
2011.06.29 14:36:28.274,0.89752,0.89767,2.25,3.00
2011.06.29 14:36:28.395,0.89756,0.89768,1.13,2.63
2011.06.29 14:36:28.620,0.89754,0.8977,4.88,3.75
2011.06.29 14:36:29.170,0.89754,0.8977,3.00,4.13
2011.06.29 14:36:29.499,0.89755,0.8977,1.13,3.38
2011.06.29 14:36:29.841,0.89755,0.8977,1.13,3.38
2011.06.29 14:36:29.955,0.89756,0.8977,1.50,2.63
2011.06.29 14:36:30.290,0.89757,0.8977,1.13,2.63
2011.06.29 14:36:30.624,0.89755,0.8977,2.25,2.63
2011.06.29 14:36:30.855,0.89757,0.8977,1.13,2.63
2011.06.29 14:36:31.302,0.89759,0.89771,1.13,6.38
2011.06.29 14:36:31.532,0.89757,0.89771,1.50,6.38
2011.06.29 14:36:32.090,0.89757,0.8977,1.50,2.63
2011.06.29 14:36:32.639,0.89757,0.89771,1.50,4.88
2011.06.29 14:36:33.519,0.89758,0.89771,1.50,4.88
2011.06.29 14:36:34.029,0.8976,0.89771,1.50,2.25
2011.06.29 14:36:34.689,0.8976,0.89771,1.88,2.25
2011.06.29 14:36:35.680,0.89761,0.89771,1.50,3.00
2011.06.29 14:36:36.233,0.89759,0.89767,1.88,2.25
2011.06.29 14:36:36.572,0.89759,0.89772,2.25,2.25
2011.06.29 14:36:36.681,0.89759,0.89772,3.75,2.25
2011.06.29 14:36:37.011,0.89759,0.89772,1.50,2.10
2011.06.29 14:36:37.543,0.89761,0.89771,1.13,2.85
2011.06.29 14:36:38.102,0.89762,0.89771,1.13,2.25
2011.06.29 14:36:38.660,0.89761,0.89771,1.13,2.25
2011.06.29 14:36:39.220,0.89759,0.89771,3.00,2.25
2011.06.29 14:36:40.250,0.8976,0.89771,1.50,2.25
2011.06.29 14:36:40.911,0.89759,0.89771,1.50,3.60
2011.06.29 14:36:41.461,0.8976,0.8977,1.50,2.25
2011.06.29 14:36:42.285,0.89761,0.89771,1.50,2.85
2011.06.29 14:36:42.840,0.89759,0.89771,1.50,2.85
2011.06.29 14:36:43.391,0.89758,0.8977,1.13,3.00
2011.06.29 14:36:43.940,0.89758,0.8977,1.13,3.00
2011.06.29 14:36:44.379,0.89756,0.8977,3.38,3.00
2011.06.29 14:36:45.480,0.89756,0.8977,3.00,3.75
2011.06.29 14:36:45.701,0.89756,0.89769,3.00,1.50
2011.06.29 14:36:45.919,0.89756,0.8977,3.00,3.75
2011.06.29 14:36:46.456,0.89758,0.89772,2.25,4.13
2011.06.29 14:36:48.442,0.89758,0.89771,3.00,2.63
2011.06.29 14:36:48.784,0.89758,0.89768,2.25,1.13
2011.06.29 14:36:48.902,0.89755,0.8977,3.00,1.50
2011.06.29 14:36:49.024,0.89756,0.89767,3.00,1.13
2011.06.29 14:36:49.251,0.89756,0.89771,3.75,3.00
2011.06.29 14:36:49.799,0.89756,0.89772,4.50,5.10
2011.06.29 14:36:50.348,0.89756,0.89772,4.50,5.10
2011.06.29 14:36:51.403,0.89756,0.89771,4.50,1.50
2011.06.29 14:36:54.329,0.89756,0.89772,4.50,5.10
2011.06.29 14:36:54.881,0.89756,0.8977,3.75,1.13
2011.06.29 14:36:55.319,0.89756,0.89772,4.50,5.48
2011.06.29 14:36:56.199,0.89756,0.89772,4.50,5.10
2011.06.29 14:36:56.920,0.89756,0.89772,5.10,3.75
2011.06.29 14:36:57.469,0.89756,0.89772,5.85,4.88
2011.06.29 14:36:58.021,0.89756,0.89772,5.85,3.75
2011.06.29 14:36:58.350,0.89757,0.89772,1.88,3.00
2011.06.29 14:36:58.899,0.89759,0.89772,1.13,3.00
2011.06.29 14:36:59.671,0.89759,0.8977,1.13,2.10
2011.06.29 14:37:00.001,0.89761,0.89772,1.13,3.00
2011.06.29 14:37:00.110,0.89759,0.89772,1.13,3.00
2011.06.29 14:37:00.331,0.89758,0.89772,3.75,3.00
2011.06.29 14:37:00.440,0.89758,0.89772,3.00,4.13
2011.06.29 14:37:01.011,0.89755,0.8977,3.38,1.35
2011.06.29 14:37:01.339,0.89755,0.8977,3.38,1.35
2011.06.29 14:37:01.780,0.89755,0.8977,3.38,1.35
2011.06.29 14:37:02.120,0.89757,0.8977,1.13,1.35
2011.06.29 14:37:03.341,0.89758,0.89772,3.00,3.75
2011.06.29 14:37:04.000,0.89758,0.89772,3.38,3.00
2011.06.29 14:37:04.550,0.89758,0.89772,3.75,3.75
2011.06.29 14:37:06.091,0.89759,0.89772,2.25,1.50
2011.06.29 14:37:06.750,0.89759,0.89772,3.00,1.50
2011.06.29 14:37:06.971,0.89757,0.89772,3.00,2.63
2011.06.29 14:37:09.609,0.89757,0.8977,3.00,1.88
2011.06.29 14:37:10.459,0.89756,0.8977,3.00,5.48
2011.06.29 14:37:14.451,0.89756,0.8977,3.75,3.60
2011.06.29 14:37:14.999,0.89756,0.8977,4.13,3.60
2011.06.29 14:37:15.219,0.89756,0.8977,3.00,3.60
2011.06.29 14:37:15.991,0.89755,0.8977,2.25,2.85
2011.06.29 14:37:16.543,0.89756,0.8977,1.50,2.10
2011.06.29 14:37:16.652,0.89757,0.8977,1.13,1.35
2011.06.29 14:37:16.761,0.89757,0.89771,1.50,6.98
2011.06.29 14:37:16.980,0.89757,0.89771,1.88,6.23
2011.06.29 14:37:18.239,0.89756,0.8977,1.50,1.35
2011.06.29 14:37:19.589,0.89756,0.8977,1.50,1.35
2011.06.29 14:37:20.361,0.89757,0.89772,1.50,3.60
2011.06.29 14:37:20.689,0.89758,0.89772,2.25,3.60
2011.06.29 14:37:21.345,0.89759,0.89772,1.50,3.60
2011.06.29 14:37:21.681,0.89759,0.8977,1.50,2.25
2011.06.29 14:37:21.900,0.89757,0.8977,1.50,3.00
2011.06.29 14:37:22.010,0.89756,0.8977,5.85,3.00
2011.06.29 14:37:22.230,0.89757,0.8977,1.50,2.25
2011.06.29 14:37:22.562,0.89756,0.89768,2.10,1.13
2011.06.29 14:37:22.901,0.89755,0.89768,3.00,1.13
2011.06.29 14:37:23.012,0.89756,0.89768,1.50,3.00
2011.06.29 14:37:23.560,0.89755,0.89769,3.00,3.98
2011.06.29 14:37:24.109,0.89755,0.89769,3.75,3.98
2011.06.29 14:37:25.639,0.89755,0.89769,3.75,3.60
2011.06.29 14:37:27.178,0.89755,0.89769,3.00,3.00
2011.06.29 14:37:28.060,0.89753,0.89767,3.60,2.25
2011.06.29 14:37:28.280,0.89757,0.89767,1.13,2.25
2011.06.29 14:37:28.500,0.89755,0.89767,2.10,2.25
2011.06.29 14:37:28.830,0.89756,0.89769,1.50,2.25
2011.06.29 14:37:29.379,0.89756,0.8977,1.50,3.23
2011.06.29 14:37:30.941,0.89758,0.8977,1.13,3.98
2011.06.29 14:37:31.271,0.89757,0.89771,3.75,2.25
2011.06.29 14:37:31.821,0.89757,0.89771,4.13,3.00
2011.06.29 14:37:32.371,0.89758,0.89771,1.50,2.25
2011.06.29 14:37:34.350,0.89757,0.89771,2.25,4.13
2011.06.29 14:37:34.982,0.89756,0.89769,1.50,2.25
2011.06.29 14:37:35.529,0.89754,0.89769,2.48,2.25
2011.06.29 14:37:36.080,0.89756,0.89769,1.50,1.88
2011.06.29 14:37:36.299,0.89756,0.8977,4.50,2.10
2011.06.29 14:37:36.630,0.89756,0.89763,4.50,2.10
2011.06.29 14:37:37.182,0.89756,0.8977,3.38,3.23
2011.06.29 14:37:37.300,0.89758,0.8977,1.50,2.25
2011.06.29 14:37:37.411,0.89758,0.89773,1.50,3.98
2011.06.29 14:37:37.963,0.8976,0.89773,1.13,2.85
2011.06.29 14:37:39.370,0.89759,0.89773,3.75,2.85
2011.06.29 14:37:39.701,0.89758,0.89766,3.75,2.10
2011.06.29 14:37:39.923,0.89758,0.8977,3.75,1.50
2011.06.29 14:37:40.044,0.89758,0.89765,1.50,2.25
2011.06.29 14:37:40.162,0.89758,0.89768,1.50,2.25
2011.06.29 14:37:40.710,0.89758,0.8977,1.50,1.88
2011.06.29 14:37:41.260,0.89758,0.89771,1.50,2.63
2011.06.29 14:37:41.480,0.89759,0.89773,3.00,2.25
2011.06.29 14:37:42.028,0.89759,0.89773,3.00,2.25
2011.06.29 14:37:42.141,0.89759,0.89773,3.00,3.38
2011.06.29 14:37:42.250,0.89759,0.89773,3.00,2.25
2011.06.29 14:37:42.799,0.89759,0.89773,3.75,2.25
2011.06.29 14:37:43.356,0.8976,0.89774,4.50,1.88
2011.06.29 14:37:43.909,0.89762,0.89775,2.25,1.73
2011.06.29 14:37:44.439,0.89762,0.89776,3.00,6.98
2011.06.29 14:37:47.201,0.89762,0.89771,3.00,2.85
2011.06.29 14:37:47.752,0.89761,0.89775,1.13,4.13
2011.06.29 14:37:47.872,0.89762,0.89776,3.00,4.13
2011.06.29 14:37:50.633,0.89764,0.89777,3.00,2.48
2011.06.29 14:37:51.300,0.89764,0.89777,2.25,3.23
2011.06.29 14:37:51.630,0.89762,0.89776,3.00,1.50
2011.06.29 14:37:52.749,0.89763,0.89777,3.00,1.88
2011.06.29 14:37:53.300,0.89763,0.89778,3.00,1.88
2011.06.29 14:37:54.330,0.89763,0.89778,2.63,3.38
2011.06.29 14:37:54.556,0.89763,0.89777,4.35,3.75
2011.06.29 14:37:54.782,0.89763,0.89779,5.48,3.00
2011.06.29 14:37:55.318,0.89764,0.89778,1.50,2.25
2011.06.29 14:37:55.841,0.89763,0.89778,3.23,3.00
2011.06.29 14:38:04.340,0.89766,0.89778,1.13,3.00
2011.06.29 14:38:04.783,0.89767,0.8978,1.50,3.00
2011.06.29 14:38:05.231,0.89769,0.89783,1.88,3.38
2011.06.29 14:38:05.341,0.89769,0.89784,2.25,2.25
2011.06.29 14:38:05.672,0.89771,0.89784,1.13,3.00
2011.06.29 14:38:06.011,0.89769,0.89781,1.50,1.13
2011.06.29 14:38:06.451,0.8977,0.89782,1.50,4.50
2011.06.29 14:38:07.126,0.8977,0.89782,2.25,2.25
2011.06.29 14:38:07.583,0.89772,0.89783,1.50,2.25
2011.06.29 14:38:08.142,0.89773,0.89785,1.50,1.13
2011.06.29 14:38:09.689,0.89773,0.89786,1.50,4.35
2011.06.29 14:38:10.240,0.89775,0.89786,1.50,2.25
2011.06.29 14:38:10.352,0.89775,0.89786,1.50,2.25
2011.06.29 14:38:10.764,0.89775,0.89788,4.50,3.75
2011.06.29 14:38:10.890,0.8978,0.89792,1.50,2.63
2011.06.29 14:38:12.690,0.89779,0.8979,1.50,1.50
2011.06.29 14:38:13.130,0.89779,0.89792,1.50,3.75
2011.06.29 14:38:13.240,0.89779,0.8979,1.50,1.13
2011.06.29 14:38:13.791,0.89775,0.89788,2.25,1.50
2011.06.29 14:38:14.119,0.89775,0.89787,1.50,3.00
2011.06.29 14:38:14.728,0.89775,0.89784,1.50,1.50
2011.06.29 14:38:14.966,0.89772,0.89784,1.50,3.00
2011.06.29 14:38:15.081,0.89772,0.89784,1.50,3.00
2011.06.29 14:38:15.740,0.89772,0.89784,1.50,3.00
2011.06.29 14:38:16.289,0.89771,0.89782,1.50,2.25
2011.06.29 14:38:16.619,0.89771,0.89781,1.50,1.50
2011.06.29 14:38:17.170,0.89771,0.89781,1.50,2.25
2011.06.29 14:38:17.502,0.89767,0.89778,2.25,2.10
2011.06.29 14:38:18.050,0.89766,0.89779,2.25,1.50
2011.06.29 14:38:18.381,0.89766,0.89777,2.25,1.50
2011.06.29 14:38:18.601,0.89765,0.89775,1.50,1.50
2011.06.29 14:38:19.243,0.89762,0.89775,1.50,1.50
2011.06.29 14:38:19.469,0.89762,0.89775,1.50,2.25
2011.06.29 14:38:21.140,0.89763,0.89775,1.50,2.25
2011.06.29 14:38:21.693,0.89763,0.89776,2.25,3.75
2011.06.29 14:38:22.251,0.89765,0.89776,2.25,2.25
2011.06.29 14:38:22.801,0.89765,0.89776,2.25,1.50
2011.06.29 14:38:26.319,0.89765,0.89776,3.00,1.50
2011.06.29 14:38:27.270,0.89765,0.89776,3.00,1.50
2011.06.29 14:38:29.211,0.89765,0.89776,3.00,1.50
2011.06.29 14:38:29.843,0.89765,0.89779,4.50,4.13
2011.06.29 14:38:30.294,0.89769,0.89779,1.13,3.00
2011.06.29 14:38:30.524,0.89766,0.89779,3.00,3.00
2011.06.29 14:38:30.752,0.89768,0.89779,1.50,3.00
2011.06.29 14:38:31.299,0.89768,0.89779,1.50,3.00
2011.06.29 14:38:33.211,0.89768,0.89779,1.50,3.00
2011.06.29 14:38:33.721,0.89766,0.89777,1.50,1.50
2011.06.29 14:38:34.049,0.89765,0.89777,2.25,3.38
2011.06.29 14:38:34.272,0.89766,0.89777,1.50,3.00
2011.06.29 14:38:34.501,0.89766,0.89779,1.50,4.50
2011.06.29 14:38:34.941,0.89767,0.89778,1.50,1.13
2011.06.29 14:38:35.271,0.89767,0.89779,1.50,3.00
2011.06.29 14:38:37.490,0.89767,0.89778,1.50,1.13
2011.06.29 14:38:37.821,0.89765,0.89772,2.25,1.13
2011.06.29 14:38:38.041,0.89764,0.89776,1.50,1.13
2011.06.29 14:38:38.625,0.89764,0.89778,1.50,4.13
2011.06.29 14:38:38.741,0.89766,0.89778,1.50,3.38
2011.06.29 14:38:40.499,0.89766,0.89776,1.50,1.13
2011.06.29 14:38:40.721,0.89766,0.89778,1.50,3.00
2011.06.29 14:38:42.149,0.89766,0.89778,1.50,3.98
2011.06.29 14:38:42.259,0.89764,0.89778,3.75,3.98
2011.06.29 14:38:47.197,0.89764,0.89778,2.25,4.35
2011.06.29 14:38:47.749,0.89765,0.89778,1.50,2.25
2011.06.29 14:38:49.569,0.89764,0.89777,1.50,2.25
2011.06.29 14:38:50.119,0.89764,0.89777,1.50,2.25
2011.06.29 14:38:52.228,0.89764,0.89777,1.50,2.25
2011.06.29 14:38:53.228,0.89767,0.89777,1.50,2.25
2011.06.29 14:38:53.777,0.89767,0.89778,1.50,2.85
2011.06.29 14:38:54.548,0.89765,0.89778,2.25,3.60
2011.06.29 14:38:55.209,0.89765,0.89778,1.50,3.00
2011.06.29 14:38:55.931,0.89765,0.89775,1.50,1.13
2011.06.29 14:38:55.971,0.89765,0.89778,1.50,4.13
2011.06.29 14:38:56.092,0.89766,0.89778,1.50,1.88
2011.06.29 14:38:56.870,0.89766,0.89777,1.50,1.13
2011.06.29 14:38:56.979,0.89765,0.89777,1.50,1.13
2011.06.29 14:38:57.311,0.89764,0.89775,1.50,1.13
2011.06.29 14:38:57.871,0.89763,0.8977,2.25,1.13
2011.06.29 14:38:58.428,0.89763,0.89772,1.50,1.13
2011.06.29 14:38:58.979,0.89763,0.89773,1.50,1.13
2011.06.29 14:38:59.311,0.89763,0.89775,1.50,2.63
2011.06.29 14:38:59.942,0.89764,0.89776,1.50,1.50
2011.06.29 14:39:02.029,0.89765,0.89777,1.50,1.50
2011.06.29 14:39:02.250,0.89765,0.89778,1.50,2.25
2011.06.29 14:39:02.364,0.89766,0.89779,3.00,1.13
2011.06.29 14:39:02.918,0.89766,0.89778,4.50,1.88
2011.06.29 14:39:03.247,0.89766,0.89777,4.50,1.50
2011.06.29 14:39:03.719,0.89766,0.89776,4.50,1.50
2011.06.29 14:39:06.887,0.89766,0.89776,4.50,1.50
2011.06.29 14:39:09.138,0.89766,0.89778,2.25,3.60
2011.06.29 14:39:10.447,0.89766,0.89779,4.50,1.50
2011.06.29 14:39:11.001,0.89766,0.89778,4.50,1.35
2011.06.29 14:39:11.230,0.89766,0.89777,4.50,1.13
2011.06.29 14:39:11.563,0.89762,0.89775,1.50,1.20
2011.06.29 14:39:12.118,0.89765,0.89775,1.50,1.20
2011.06.29 14:39:13.339,0.89766,0.89776,2.25,1.13
2011.06.29 14:39:14.217,0.89766,0.89777,2.25,1.50
2011.06.29 14:39:14.768,0.89767,0.8978,1.50,4.13
2011.06.29 14:39:15.319,0.89767,0.89778,1.50,1.13
2011.06.29 14:39:15.649,0.89765,0.89776,1.50,1.88
2011.06.29 14:39:15.758,0.89765,0.89776,1.50,1.88
2011.06.29 14:39:18.368,0.89764,0.89775,1.50,1.13
2011.06.29 14:39:19.577,0.89764,0.89777,1.50,3.75
2011.06.29 14:39:20.567,0.89765,0.89777,1.50,4.13
2011.06.29 14:39:21.373,0.89765,0.89777,1.50,3.00
2011.06.29 14:39:21.708,0.89765,0.89777,2.25,3.00
2011.06.29 14:39:22.038,0.89767,0.89779,1.50,2.25
2011.06.29 14:39:22.589,0.89767,0.8978,1.50,1.13
2011.06.29 14:39:23.138,0.89767,0.8978,1.50,1.13
2011.06.29 14:39:23.531,0.89769,0.89781,1.13,2.85
2011.06.29 14:39:24.087,0.89769,0.89781,1.50,2.25
2011.06.29 14:39:24.749,0.89772,0.89782,1.50,1.50
2011.06.29 14:39:25.187,0.89771,0.89782,2.25,1.13
2011.06.29 14:39:26.520,0.89768,0.89782,4.50,4.88
2011.06.29 14:39:26.961,0.89769,0.89781,3.00,1.50
2011.06.29 14:39:27.519,0.8977,0.89779,1.50,1.13
2011.06.29 14:39:27.629,0.8977,0.8978,1.50,1.50
2011.06.29 14:39:27.960,0.8977,0.89778,1.50,1.13
2011.06.29 14:39:28.397,0.89768,0.89777,3.75,1.50
2011.06.29 14:39:30.478,0.89769,0.89782,1.50,4.13
2011.06.29 14:39:30.596,0.89771,0.89778,1.50,1.13
2011.06.29 14:39:30.711,0.89771,0.8978,1.50,1.50
2011.06.29 14:39:30.833,0.89769,0.8978,1.50,2.25
2011.06.29 14:39:31.169,0.89771,0.89779,1.50,1.50
2011.06.29 14:39:31.608,0.89769,0.89779,1.50,2.25
2011.06.29 14:39:32.161,0.89768,0.89778,4.50,1.13
2011.06.29 14:39:32.279,0.89768,0.89779,4.50,1.50
2011.06.29 14:39:33.048,0.89769,0.89776,1.50,1.50
2011.06.29 14:39:34.237,0.89769,0.89779,1.50,2.25
2011.06.29 14:39:34.680,0.8977,0.89782,1.50,3.75
2011.06.29 14:39:34.790,0.8977,0.89782,2.25,3.00
2011.06.29 14:39:35.339,0.89772,0.89783,3.75,1.13
2011.06.29 14:39:35.891,0.89771,0.89782,1.50,1.13
2011.06.29 14:39:37.001,0.8977,0.89784,2.25,1.50
2011.06.29 14:39:37.734,0.8977,0.89781,1.50,1.13
2011.06.29 14:39:37.853,0.8977,0.89783,1.50,1.50
2011.06.29 14:39:39.220,0.89771,0.89783,1.50,1.13
2011.06.29 14:39:39.330,0.89771,0.8978,1.50,1.13
2011.06.29 14:39:39.988,0.8977,0.89783,1.50,1.50
2011.06.29 14:39:40.430,0.89771,0.89781,1.50,1.13
2011.06.29 14:39:41.036,0.8977,0.89782,1.50,1.88
2011.06.29 14:39:41.259,0.8977,0.89784,1.50,2.25
2011.06.29 14:39:41.810,0.8977,0.89783,2.25,1.88
2011.06.29 14:39:42.579,0.8977,0.89785,2.25,6.60
2011.06.29 14:39:43.128,0.8977,0.89785,2.25,6.60
2011.06.29 14:39:44.008,0.8977,0.89783,2.25,1.13
2011.06.29 14:39:44.525,0.8977,0.89784,2.25,2.63
2011.06.29 14:39:44.969,0.8977,0.89782,2.25,1.13
2011.06.29 14:39:46.869,0.8977,0.89784,2.25,1.50
2011.06.29 14:39:47.420,0.89772,0.89785,1.50,4.35
2011.06.29 14:39:48.954,0.89774,0.89785,1.13,2.85
2011.06.29 14:39:49.181,0.89773,0.89785,1.13,1.35
2011.06.29 14:39:49.302,0.89773,0.89786,1.50,3.75
2011.06.29 14:39:49.641,0.89773,0.89786,1.50,3.60
2011.06.29 14:39:50.967,0.89772,0.89785,1.50,1.35
2011.06.29 14:39:52.290,0.89772,0.89786,2.25,1.35
2011.06.29 14:39:53.011,0.89773,0.89787,1.50,5.10
2011.06.29 14:39:55.079,0.89778,0.89785,1.13,2.85
2011.06.29 14:39:55.190,0.89776,0.89787,1.50,4.35
2011.06.29 14:39:55.299,0.89776,0.89788,2.25,2.63
2011.06.29 14:39:55.849,0.89777,0.89788,1.50,5.10
2011.06.29 14:39:56.390,0.89777,0.89788,1.50,2.85
2011.06.29 14:39:57.060,0.89777,0.89788,1.50,2.85
2011.06.29 14:39:58.490,0.89775,0.89788,1.88,2.85
2011.06.29 14:39:58.612,0.89775,0.89787,1.88,2.10
2011.06.29 14:39:58.949,0.89777,0.89787,1.50,2.10
2011.06.29 14:39:59.170,0.89777,0.89788,1.50,3.00
2011.06.29 14:40:00.217,0.89777,0.89788,1.13,2.25
2011.06.29 14:40:00.329,0.89777,0.89787,1.13,2.10
2011.06.29 14:40:01.498,0.89775,0.89787,1.13,4.35
2011.06.29 14:40:01.612,0.89774,0.89787,1.50,4.35
2011.06.29 14:40:01.730,0.89775,0.89787,1.13,4.35
2011.06.29 14:40:01.841,0.89773,0.89787,4.88,4.35
2011.06.29 14:40:02.398,0.89773,0.89786,3.75,1.35
2011.06.29 14:40:02.508,0.89773,0.89784,3.75,1.13
2011.06.29 14:40:03.738,0.89773,0.89785,3.00,1.35
2011.06.29 14:40:04.067,0.89771,0.89782,2.25,1.13
2011.06.29 14:40:04.401,0.8977,0.89778,3.00,1.13
2011.06.29 14:40:04.523,0.89768,0.8978,3.00,1.35
2011.06.29 14:40:04.750,0.89768,0.89782,4.13,2.25
2011.06.29 14:40:05.525,0.89772,0.89784,1.50,5.63
2011.06.29 14:40:06.079,0.89771,0.89784,1.50,3.75
2011.06.29 14:40:06.518,0.89771,0.89784,1.50,4.13
2011.06.29 14:40:07.068,0.89768,0.89782,3.00,4.35
2011.06.29 14:40:07.618,0.89768,0.89782,3.75,3.60
2011.06.29 14:40:08.168,0.89768,0.89782,3.75,3.60
2011.06.29 14:40:09.349,0.89768,0.89782,3.00,5.10
2011.06.29 14:40:11.757,0.89768,0.89782,3.75,3.23
2011.06.29 14:40:13.466,0.89768,0.89782,3.00,4.35
2011.06.29 14:40:16.671,0.89768,0.8978,3.00,1.50
2011.06.29 14:40:17.219,0.89768,0.8978,2.25,1.50
2011.06.29 14:40:17.660,0.89768,0.89782,3.00,3.38
2011.06.29 14:40:17.768,0.89768,0.89782,2.25,3.75
2011.06.29 14:40:18.318,0.89768,0.89782,2.25,3.38
2011.06.29 14:40:19.369,0.89768,0.89782,3.00,4.50
2011.06.29 14:40:20.299,0.89768,0.89779,2.25,1.13
2011.06.29 14:40:20.412,0.89768,0.8978,2.25,1.50
2011.06.29 14:40:24.777,0.89768,0.89782,3.00,6.23
2011.06.29 14:40:25.327,0.89768,0.89782,3.00,3.98
2011.06.29 14:40:25.548,0.89768,0.8978,3.00,1.13
2011.06.29 14:40:25.768,0.89768,0.89782,3.00,4.73
2011.06.29 14:40:26.265,0.89768,0.89778,3.00,2.25
2011.06.29 14:40:27.591,0.89768,0.89782,3.00,3.60
2011.06.29 14:40:29.910,0.89768,0.8978,3.00,1.13
2011.06.29 14:40:30.682,0.89768,0.89782,3.00,3.98
2011.06.29 14:40:31.650,0.89768,0.89782,3.00,2.85
2011.06.29 14:40:31.763,0.89771,0.89782,1.50,2.25
2011.06.29 14:40:32.317,0.89771,0.89784,1.50,3.75
2011.06.29 14:40:32.649,0.89771,0.89783,1.50,1.13
2011.06.29 14:40:32.760,0.89768,0.89783,1.50,4.13
2011.06.29 14:40:33.089,0.89768,0.89781,1.50,1.50
2011.06.29 14:40:33.748,0.89768,0.8978,1.50,1.50
2011.06.29 14:40:35.028,0.89767,0.89775,3.75,1.13
2011.06.29 14:40:35.359,0.89767,0.89773,3.00,1.13
2011.06.29 14:40:35.470,0.89764,0.89772,3.00,1.13
2011.06.29 14:40:35.875,0.89764,0.89773,3.00,1.50
2011.06.29 14:40:36.438,0.89763,0.89775,2.25,4.13
2011.06.29 14:40:36.881,0.89763,0.8977,2.25,1.13
2011.06.29 14:40:37.329,0.89759,0.8977,3.00,1.13
2011.06.29 14:40:37.440,0.89759,0.89772,3.00,2.25
2011.06.29 14:40:37.550,0.89764,0.89773,1.13,3.00
2011.06.29 14:40:37.664,0.89762,0.89773,1.50,1.50
2011.06.29 14:40:37.782,0.89762,0.89776,4.50,3.00
2011.06.29 14:40:38.339,0.89763,0.89776,1.50,3.00
2011.06.29 14:40:40.529,0.89762,0.89776,2.25,3.75
2011.06.29 14:40:41.078,0.89761,0.89776,1.50,3.00
2011.06.29 14:40:41.188,0.89761,0.89775,1.50,1.50
2011.06.29 14:40:43.989,0.8976,0.89772,3.00,1.13
2011.06.29 14:40:44.539,0.8976,0.89772,2.25,1.13
2011.06.29 14:40:44.647,0.8976,0.89774,3.00,1.35
2011.06.29 14:40:46.190,0.8976,0.89774,3.75,3.60
2011.06.29 14:40:46.410,0.89762,0.89774,1.50,3.60
2011.06.29 14:40:46.960,0.89765,0.89774,1.50,3.60
2011.06.29 14:40:47.629,0.89765,0.89777,1.50,3.00
2011.06.29 14:40:47.961,0.89763,0.89772,1.50,1.50
2011.06.29 14:40:48.301,0.89761,0.89772,1.50,2.25
2011.06.29 14:40:48.858,0.89763,0.89773,1.50,4.13
2011.06.29 14:40:49.958,0.89763,0.89772,1.50,2.25
2011.06.29 14:40:50.459,0.89763,0.89773,1.50,1.50
2011.06.29 14:40:50.898,0.89763,0.89772,1.50,2.10
2011.06.29 14:40:53.430,0.89761,0.89771,1.50,1.35
2011.06.29 14:40:53.869,0.89758,0.89771,3.00,1.35
2011.06.29 14:40:54.088,0.89756,0.89771,2.63,3.60
2011.06.29 14:40:54.529,0.89759,0.89771,1.13,1.35
2011.06.29 14:40:56.219,0.89757,0.89771,1.50,1.35
2011.06.29 14:40:56.438,0.89757,0.89771,1.13,3.60
2011.06.29 14:40:56.768,0.89756,0.89771,3.75,1.35
2011.06.29 14:40:56.879,0.89759,0.89771,1.13,1.35
2011.06.29 14:40:57.427,0.89759,0.89771,1.13,1.35
2011.06.29 14:40:58.091,0.89765,0.89772,1.13,4.35
2011.06.29 14:40:58.212,0.89761,0.89774,1.50,4.35
2011.06.29 14:40:58.330,0.89762,0.89774,1.50,3.60
2011.06.29 14:40:58.440,0.8976,0.89774,1.50,4.73
2011.06.29 14:40:58.895,0.89758,0.89771,3.75,1.35
2011.06.29 14:40:59.011,0.89758,0.89771,3.38,1.35
2011.06.29 14:40:59.569,0.89758,0.89771,3.00,1.35
2011.06.29 14:41:00.158,0.89758,0.89771,3.00,1.35
2011.06.29 14:41:00.709,0.89756,0.89771,4.13,1.35
2011.06.29 14:41:01.038,0.89756,0.89771,3.00,1.35
2011.06.29 14:41:01.669,0.89756,0.8977,3.00,3.00
2011.06.29 14:41:01.784,0.89758,0.8977,1.13,3.00
2011.06.29 14:41:02.337,0.89758,0.89771,1.88,1.35
2011.06.29 14:41:03.768,0.89756,0.89771,4.88,1.35
2011.06.29 14:41:04.318,0.89756,0.89769,2.63,3.00
2011.06.29 14:41:04.758,0.89759,0.89769,1.13,3.00
2011.06.29 14:41:05.198,0.89757,0.89769,1.13,3.00
2011.06.29 14:41:05.638,0.89756,0.89769,3.00,3.00
2011.06.29 14:41:06.389,0.89756,0.89769,2.25,3.00
2011.06.29 14:41:07.050,0.89755,0.89769,2.85,3.75
2011.06.29 14:41:07.159,0.89755,0.89767,2.25,1.35
2011.06.29 14:41:07.269,0.89753,0.89767,2.25,1.35
2011.06.29 14:41:07.821,0.89754,0.89767,3.00,1.50
2011.06.29 14:41:08.272,0.89755,0.8977,2.25,3.75
2011.06.29 14:41:08.828,0.89756,0.89771,3.00,2.25
2011.06.29 14:41:09.469,0.89756,0.89771,3.00,2.25
2011.06.29 14:41:10.518,0.89757,0.89771,1.50,2.25
2011.06.29 14:41:11.619,0.89756,0.8977,3.00,1.50
2011.06.29 14:41:11.952,0.89756,0.89767,2.25,1.50
2011.06.29 14:41:12.288,0.89756,0.8977,3.00,3.38
2011.06.29 14:41:12.508,0.89756,0.89769,3.00,1.13
2011.06.29 14:41:13.311,0.89756,0.89769,2.25,1.13
2011.06.29 14:41:13.869,0.89756,0.8977,3.00,5.25
2011.06.29 14:41:13.982,0.89756,0.8977,3.75,4.13
2011.06.29 14:41:14.542,0.89757,0.8977,1.50,2.25
2011.06.29 14:41:15.538,0.89758,0.8977,1.50,2.25
2011.06.29 14:41:16.088,0.89757,0.8977,1.50,2.25
2011.06.29 14:41:16.638,0.89757,0.8977,1.50,2.25
2011.06.29 14:41:17.160,0.89757,0.8977,1.50,2.25
2011.06.29 14:41:17.719,0.89756,0.8977,3.75,2.25
2011.06.29 14:41:18.297,0.89757,0.89771,3.00,3.60
2011.06.29 14:41:18.848,0.89757,0.89771,3.75,3.60
2011.06.29 14:41:19.622,0.89757,0.8977,3.00,1.50
2011.06.29 14:41:19.739,0.89757,0.89767,3.00,1.13
2011.06.29 14:41:19.963,0.89754,0.89767,3.00,1.35
2011.06.29 14:41:20.304,0.89751,0.89764,4.35,1.13
2011.06.29 14:41:20.859,0.89751,0.89764,1.35,3.00
2011.06.29 14:41:21.427,0.89751,0.89764,1.35,2.25
2011.06.29 14:41:22.308,0.89751,0.89764,1.35,2.25
2011.06.29 14:41:23.519,0.89751,0.89763,1.35,1.13
2011.06.29 14:41:24.068,0.89751,0.89763,1.35,1.13
2011.06.29 14:41:25.241,0.89751,0.89764,1.35,4.13
2011.06.29 14:41:27.368,0.89751,0.89764,1.35,3.38
2011.06.29 14:41:30.739,0.89752,0.89764,3.00,1.13
2011.06.29 14:41:31.372,0.89755,0.89767,2.85,2.25
2011.06.29 14:41:31.490,0.89755,0.89769,2.85,4.88
2011.06.29 14:41:31.710,0.89757,0.8977,1.50,4.13
2011.06.29 14:41:32.260,0.89755,0.8977,2.85,3.00
2011.06.29 14:41:33.659,0.89755,0.8977,1.35,3.75
2011.06.29 14:41:33.770,0.89757,0.8977,1.50,3.00
2011.06.29 14:41:35.238,0.89757,0.89768,1.50,2.25
2011.06.29 14:41:35.568,0.89757,0.89767,1.50,3.00
2011.06.29 14:41:35.678,0.89757,0.89767,1.50,3.00
2011.06.29 14:41:36.227,0.89756,0.89767,1.50,3.00
2011.06.29 14:41:36.778,0.89756,0.89767,1.50,3.00
2011.06.29 14:41:36.888,0.89756,0.89767,1.50,3.00
2011.06.29 14:41:37.439,0.89755,0.89766,1.50,1.50
2011.06.29 14:41:38.208,0.89754,0.89766,1.50,1.50
2011.06.29 14:41:39.307,0.89754,0.89766,1.50,1.50
2011.06.29 14:41:39.868,0.89754,0.89766,1.50,1.50
2011.06.29 14:41:40.309,0.89754,0.89766,1.50,1.50
2011.06.29 14:41:40.859,0.89754,0.89766,1.50,1.50
2011.06.29 14:41:41.555,0.89754,0.89766,1.50,1.50
2011.06.29 14:41:42.229,0.89756,0.89767,1.50,3.00
2011.06.29 14:41:43.329,0.89755,0.89767,1.50,3.00
2011.06.29 14:41:43.878,0.89755,0.89767,1.50,3.00
2011.06.29 14:41:45.647,0.89756,0.89766,1.50,3.00
2011.06.29 14:41:46.308,0.89756,0.89766,1.50,3.00
2011.06.29 14:41:47.300,0.89756,0.89768,1.50,3.98
2011.06.29 14:41:47.520,0.89756,0.89768,1.50,3.98
2011.06.29 14:41:48.068,0.89756,0.89768,1.50,3.98
2011.06.29 14:41:48.618,0.89755,0.89768,1.13,3.98
2011.06.29 14:41:49.168,0.89754,0.89768,1.13,3.98
2011.06.29 14:41:49.719,0.89756,0.89768,1.13,3.60
2011.06.29 14:41:50.523,0.89756,0.89768,1.13,3.60
2011.06.29 14:41:50.709,0.89756,0.89768,1.13,3.60
2011.06.29 14:41:51.428,0.89756,0.89768,1.13,3.60
2011.06.29 14:41:51.988,0.89756,0.89768,1.13,3.60
2011.06.29 14:41:52.209,0.89754,0.89768,1.13,3.00
2011.06.29 14:41:52.540,0.89755,0.89769,3.00,3.00
2011.06.29 14:41:53.089,0.89755,0.89769,3.00,3.75
2011.06.29 14:41:54.860,0.89755,0.89768,2.25,1.88
2011.06.29 14:41:55.300,0.89753,0.89767,3.00,4.35
2011.06.29 14:41:55.738,0.89753,0.89767,3.00,4.35
2011.06.29 14:41:56.288,0.89753,0.89767,3.00,4.35
2011.06.29 14:41:56.839,0.89753,0.89767,3.00,4.35
2011.06.29 14:41:57.278,0.89753,0.89767,3.00,4.35
2011.06.29 14:41:57.828,0.89753,0.89767,3.75,3.60
2011.06.29 14:41:58.379,0.89755,0.89769,3.00,3.00
2011.06.29 14:41:59.455,0.89756,0.89771,3.75,1.73
2011.06.29 14:42:00.009,0.89756,0.89771,3.75,1.35
2011.06.29 14:42:00.452,0.89759,0.89771,1.50,1.35
2011.06.29 14:42:01.009,0.89759,0.89771,1.50,3.60
2011.06.29 14:42:02.552,0.89757,0.8977,3.75,1.35
2011.06.29 14:42:02.670,0.89756,0.89769,3.75,1.88
2011.06.29 14:42:03.410,0.89756,0.89768,3.75,1.13
2011.06.29 14:42:03.749,0.89756,0.89766,3.00,1.13
2011.06.29 14:42:04.192,0.89753,0.89764,3.00,1.50
2011.06.29 14:42:04.748,0.89752,0.89767,3.00,1.50
2011.06.29 14:42:04.973,0.89755,0.89769,2.25,4.50
2011.06.29 14:42:05.209,0.89756,0.89769,1.88,2.25
2011.06.29 14:42:05.540,0.89758,0.89771,2.25,2.25
2011.06.29 14:42:05.650,0.8976,0.89771,1.88,2.25
2011.06.29 14:42:05.982,0.89763,0.89774,1.50,2.25
2011.06.29 14:42:06.409,0.89763,0.89774,1.50,2.25
2011.06.29 14:42:06.528,0.89763,0.89777,3.00,1.13
2011.06.29 14:42:06.651,0.89764,0.89777,1.88,2.63
2011.06.29 14:42:06.770,0.89763,0.89777,3.75,3.38
2011.06.29 14:42:07.105,0.89764,0.89775,2.25,2.25
2011.06.29 14:42:07.660,0.89764,0.89775,2.25,2.48
2011.06.29 14:42:08.218,0.89763,0.89775,3.75,2.48
2011.06.29 14:42:08.768,0.89762,0.89773,2.25,2.25
2011.06.29 14:42:09.429,0.89762,0.89773,1.50,3.00
2011.06.29 14:42:09.966,0.89762,0.89772,1.50,2.10
2011.06.29 14:42:10.078,0.89758,0.89771,2.25,2.85
2011.06.29 14:42:10.193,0.89759,0.89772,1.50,1.35
2011.06.29 14:42:10.749,0.8976,0.89771,3.75,2.10
2011.06.29 14:42:10.969,0.8976,0.89773,3.75,3.23
2011.06.29 14:42:12.948,0.8976,0.89771,3.00,2.10
2011.06.29 14:42:13.388,0.8976,0.89773,3.75,1.73
2011.06.29 14:42:13.609,0.8976,0.89773,3.00,2.85
2011.06.29 14:42:14.050,0.8976,0.89773,3.00,1.73
2011.06.29 14:42:14.161,0.8976,0.89773,3.00,2.85
2011.06.29 14:42:14.892,0.89758,0.89771,1.13,1.35
2011.06.29 14:42:15.011,0.89757,0.89771,3.38,1.35
2011.06.29 14:42:15.457,0.89756,0.8977,3.00,2.25
2011.06.29 14:42:15.679,0.89756,0.8977,3.75,2.25
2011.06.29 14:42:15.901,0.89756,0.8977,3.75,2.25
2011.06.29 14:42:16.240,0.89757,0.8977,1.13,3.00
2011.06.29 14:42:17.010,0.89756,0.89771,3.75,1.73
2011.06.29 14:42:17.232,0.89756,0.8977,3.00,2.25
2011.06.29 14:42:17.681,0.89756,0.89768,3.00,1.13
2011.06.29 14:42:18.125,0.89756,0.8977,3.00,4.13
2011.06.29 14:42:18.680,0.89756,0.89768,3.00,1.50
2011.06.29 14:42:18.791,0.89756,0.89766,3.00,1.13
2011.06.29 14:42:18.910,0.89756,0.89766,3.00,1.13
2011.06.29 14:42:19.019,0.89756,0.89767,2.25,1.50
2011.06.29 14:42:19.128,0.89753,0.89766,1.50,2.25
2011.06.29 14:42:19.678,0.89753,0.89766,1.50,2.25
2011.06.29 14:42:20.009,0.89752,0.89766,3.00,3.38
2011.06.29 14:42:21.262,0.89752,0.89766,3.00,2.25
2011.06.29 14:42:24.160,0.89754,0.89766,1.50,2.25
2011.06.29 14:42:24.269,0.89755,0.89766,1.13,2.25
2011.06.29 14:42:24.382,0.89754,0.89766,1.50,2.25
2011.06.29 14:42:24.501,0.89754,0.89768,3.75,2.25
2011.06.29 14:42:24.829,0.89756,0.8977,3.00,4.13
2011.06.29 14:42:25.602,0.89754,0.89769,3.00,1.13
2011.06.29 14:42:26.022,0.89754,0.89768,3.00,1.13
2011.06.29 14:42:28.926,0.8975,0.89764,3.00,1.13
2011.06.29 14:42:29.045,0.8975,0.89766,3.00,3.75
2011.06.29 14:42:29.599,0.89751,0.89764,1.13,2.25
2011.06.29 14:42:29.709,0.8975,0.89764,1.50,2.25
2011.06.29 14:42:29.928,0.89752,0.89764,1.50,2.25
2011.06.29 14:42:30.979,0.89751,0.89764,1.50,2.25
2011.06.29 14:42:32.688,0.89752,0.89764,1.88,2.25
2011.06.29 14:42:35.129,0.89753,0.89764,1.88,2.25
2011.06.29 14:42:35.460,0.89756,0.89766,1.50,1.88
2011.06.29 14:42:35.570,0.89756,0.89769,4.13,2.10
2011.06.29 14:42:36.118,0.8976,0.89769,1.50,2.10
2011.06.29 14:42:36.228,0.8976,0.89771,1.50,2.48
2011.06.29 14:42:37.897,0.89757,0.89772,1.88,6.23
2011.06.29 14:42:38.009,0.89756,0.89764,2.25,2.25
2011.06.29 14:42:38.341,0.8976,0.89773,1.50,1.50
2011.06.29 14:42:38.559,0.89762,0.89773,1.50,3.38
2011.06.29 14:42:39.138,0.89762,0.89773,1.50,1.13
2011.06.29 14:42:39.688,0.89762,0.89774,1.50,1.50
2011.06.29 14:42:41.230,0.8976,0.89768,1.13,3.00
2011.06.29 14:42:41.451,0.89759,0.89765,1.50,2.25
2011.06.29 14:42:41.574,0.89759,0.89771,1.88,1.13
2011.06.29 14:42:41.798,0.89759,0.89771,1.50,2.63
2011.06.29 14:42:42.349,0.89759,0.89773,1.50,4.73
2011.06.29 14:42:43.399,0.8976,0.89767,1.50,2.10
2011.06.29 14:42:43.960,0.8976,0.89771,1.50,2.63
2011.06.29 14:42:44.180,0.89759,0.89774,2.63,4.35
2011.06.29 14:42:44.618,0.89763,0.89774,1.50,4.73
2011.06.29 14:42:45.388,0.89762,0.89774,1.50,4.35
2011.06.29 14:42:45.940,0.89762,0.89767,1.50,3.75
2011.06.29 14:42:46.269,0.89763,0.89772,1.13,4.35
2011.06.29 14:42:46.380,0.89761,0.89773,1.50,3.00
2011.06.29 14:42:47.308,0.89766,0.89776,1.13,2.25
2011.06.29 14:42:47.970,0.89767,0.89778,1.50,5.10
2011.06.29 14:42:48.958,0.89767,0.89776,1.50,2.85
2011.06.29 14:42:49.290,0.89767,0.89777,2.25,3.60
2011.06.29 14:42:49.840,0.89769,0.89778,1.13,2.25
2011.06.29 14:42:51.702,0.8977,0.89778,1.13,2.25
2011.06.29 14:42:52.371,0.8977,0.8978,1.13,3.60
2011.06.29 14:42:52.603,0.89773,0.89783,1.50,5.10
2011.06.29 14:42:53.491,0.89774,0.89783,1.50,5.10
2011.06.29 14:42:54.289,0.89774,0.89783,1.50,3.60
2011.06.29 14:42:54.859,0.89774,0.89783,1.50,2.85
2011.06.29 14:42:56.020,0.89771,0.89783,2.25,2.85
2011.06.29 14:42:57.638,0.89773,0.89783,1.13,2.25
2011.06.29 14:42:57.858,0.89771,0.89785,5.10,3.38
2011.06.29 14:42:58.302,0.8977,0.89783,1.50,2.25
2011.06.29 14:42:58.749,0.89773,0.89782,1.13,2.25
2011.06.29 14:42:58.971,0.8977,0.89783,1.50,3.00
2011.06.29 14:42:59.193,0.89771,0.89784,1.13,3.38
2011.06.29 14:42:59.771,0.89772,0.89783,1.50,2.25
2011.06.29 14:43:00.101,0.89775,0.89785,1.50,2.25
2011.06.29 14:43:00.440,0.89772,0.89787,3.00,3.98
2011.06.29 14:43:00.987,0.89772,0.89787,3.00,1.50
2011.06.29 14:43:01.099,0.89772,0.89787,3.00,1.88
2011.06.29 14:43:01.429,0.89769,0.8978,3.00,2.25
2011.06.29 14:43:02.423,0.89773,0.8978,1.13,3.75
2011.06.29 14:43:02.763,0.8977,0.89782,1.73,3.38
2011.06.29 14:43:03.150,0.8977,0.89782,1.35,3.38
2011.06.29 14:43:03.719,0.89767,0.89782,4.73,1.50
2011.06.29 14:43:04.161,0.89767,0.89782,4.35,1.50
2011.06.29 14:43:04.819,0.89767,0.89783,4.35,6.75
2011.06.29 14:43:05.147,0.89767,0.89783,4.73,7.50
2011.06.29 14:43:05.702,0.89767,0.89782,4.35,1.50
2011.06.29 14:43:06.587,0.89767,0.89782,4.35,2.25
2011.06.29 14:43:07.409,0.89768,0.89782,2.25,4.50
2011.06.29 14:43:09.829,0.89768,0.89782,3.00,4.50
2011.06.29 14:43:10.159,0.89769,0.89782,1.13,3.75
2011.06.29 14:43:11.548,0.89769,0.89782,1.13,2.25
2011.06.29 14:43:12.099,0.89768,0.89782,3.00,2.25
2011.06.29 14:43:12.909,0.8977,0.89782,1.88,2.25
2011.06.29 14:43:13.242,0.89768,0.89782,4.50,2.25
2011.06.29 14:43:13.799,0.8977,0.89782,1.50,2.25
2011.06.29 14:43:14.349,0.8977,0.89782,1.50,2.25
2011.06.29 14:43:18.512,0.89768,0.89782,3.00,2.25
2011.06.29 14:43:20.689,0.89772,0.89782,1.88,2.25
2011.06.29 14:43:21.128,0.89772,0.89784,1.88,4.88
2011.06.29 14:43:22.230,0.8977,0.89784,1.50,5.63
2011.06.29 14:43:22.338,0.8977,0.89784,2.25,4.50
2011.06.29 14:43:22.559,0.89772,0.89783,1.13,3.00
2011.06.29 14:43:23.072,0.89773,0.89784,1.13,5.25
2011.06.29 14:43:23.629,0.89773,0.89784,1.13,4.50
2011.06.29 14:43:24.218,0.89773,0.89782,1.13,3.00
2011.06.29 14:43:24.767,0.89773,0.89782,1.13,3.00
2011.06.29 14:43:25.208,0.89775,0.89782,1.13,3.00
2011.06.29 14:43:25.537,0.89775,0.89783,1.13,2.25
2011.06.29 14:43:25.758,0.89769,0.89783,3.75,2.25
2011.06.29 14:43:28.098,0.8977,0.89783,1.50,2.25
2011.06.29 14:43:30.199,0.89769,0.89782,1.13,2.25
2011.06.29 14:43:30.308,0.89769,0.8978,1.13,2.25
2011.06.29 14:43:30.749,0.89769,0.89782,1.13,2.25
2011.06.29 14:43:31.083,0.89773,0.89783,1.13,3.00
2011.06.29 14:43:31.203,0.8977,0.89783,1.88,2.25
2011.06.29 14:43:37.893,0.89774,0.89783,1.13,2.25
2011.06.29 14:43:38.014,0.89773,0.89784,1.50,3.38
2011.06.29 14:43:38.348,0.8977,0.89783,1.50,2.25
2011.06.29 14:43:39.928,0.89771,0.89783,1.88,2.25
2011.06.29 14:43:41.140,0.89769,0.89782,1.50,1.50
2011.06.29 14:43:41.359,0.89769,0.89783,1.88,3.00
2011.06.29 14:43:42.238,0.89769,0.89783,1.50,2.25
2011.06.29 14:43:42.652,0.89772,0.89783,1.13,2.25
2011.06.29 14:43:43.321,0.89769,0.89783,1.50,3.00
2011.06.29 14:43:43.553,0.89772,0.89783,1.13,2.25
2011.06.29 14:43:45.068,0.89773,0.89783,1.13,2.25
2011.06.29 14:43:48.710,0.89774,0.89783,1.13,2.25
2011.06.29 14:43:49.041,0.89778,0.89785,1.13,3.00
2011.06.29 14:43:49.149,0.89775,0.89785,1.50,3.00
2011.06.29 14:43:49.699,0.89774,0.89785,1.50,2.25
2011.06.29 14:43:50.139,0.89771,0.89785,1.50,3.75
2011.06.29 14:43:50.249,0.89773,0.89785,1.13,3.75
2011.06.29 14:43:50.770,0.89771,0.89785,1.50,4.50
2011.06.29 14:43:51.318,0.8977,0.89785,1.88,4.88
2011.06.29 14:43:51.921,0.8977,0.89783,1.88,2.25
2011.06.29 14:43:52.467,0.8977,0.89784,1.88,3.00
2011.06.29 14:43:53.098,0.89771,0.89784,1.13,3.00
2011.06.29 14:43:53.541,0.89771,0.89786,1.50,4.73
2011.06.29 14:43:53.771,0.8977,0.89784,1.50,2.25
2011.06.29 14:43:54.098,0.89769,0.89782,3.75,2.25
2011.06.29 14:43:54.538,0.89771,0.89783,1.13,2.25
2011.06.29 14:43:55.407,0.89771,0.89782,1.13,2.25
2011.06.29 14:43:55.957,0.89771,0.89783,1.13,2.25
2011.06.29 14:43:56.630,0.89771,0.89784,1.13,2.25
2011.06.29 14:43:58.751,0.89773,0.89784,1.13,3.00
2011.06.29 14:43:59.428,0.89773,0.89783,1.13,1.35
2011.06.29 14:43:59.761,0.89771,0.8978,1.13,2.25
2011.06.29 14:44:00.210,0.89768,0.8978,1.50,2.25
2011.06.29 14:44:00.541,0.89768,0.89783,1.88,3.60
2011.06.29 14:44:01.098,0.89771,0.89783,1.50,2.25
2011.06.29 14:44:01.758,0.89771,0.89783,1.88,2.25
2011.06.29 14:44:02.090,0.89774,0.89783,1.13,2.25
2011.06.29 14:44:02.968,0.89772,0.89783,1.13,2.25
2011.06.29 14:44:06.468,0.89771,0.89783,1.50,2.25
2011.06.29 14:44:07.460,0.89774,0.89783,1.13,2.25
2011.06.29 14:44:08.010,0.89771,0.89783,1.50,2.25
2011.06.29 14:44:09.189,0.89771,0.89783,1.88,2.25
2011.06.29 14:44:10.178,0.89772,0.89783,1.50,2.25
2011.06.29 14:44:10.728,0.89773,0.89783,1.13,2.25
2011.06.29 14:44:11.060,0.89771,0.89783,1.50,2.25
2011.06.29 14:44:11.608,0.8977,0.89782,1.50,2.25
2011.06.29 14:44:12.942,0.8977,0.89782,1.88,2.25
2011.06.29 14:44:13.391,0.89771,0.89782,1.50,2.25
2011.06.29 14:44:13.620,0.8977,0.89782,1.50,2.25
2011.06.29 14:44:14.168,0.8977,0.89782,1.50,2.25
2011.06.29 14:44:14.279,0.8977,0.89784,1.50,3.00
2011.06.29 14:44:14.827,0.89769,0.89783,1.88,2.25
2011.06.29 14:44:17.588,0.89771,0.89783,2.25,3.00
2011.06.29 14:44:18.579,0.89772,0.89783,2.25,3.60
2011.06.29 14:44:19.459,0.89771,0.89783,1.50,3.00
2011.06.29 14:44:19.677,0.89769,0.89783,1.50,3.75
2011.06.29 14:44:20.120,0.89769,0.89783,1.88,3.00
2011.06.29 14:44:20.448,0.89772,0.89783,1.13,3.00
2011.06.29 14:44:22.648,0.8977,0.89783,1.13,3.00
2011.06.29 14:44:23.777,0.8977,0.89783,1.13,2.25
2011.06.29 14:44:26.748,0.89773,0.89783,1.13,2.25
2011.06.29 14:44:29.540,0.89774,0.89783,1.13,2.25
2011.06.29 14:44:29.761,0.8977,0.89784,1.88,2.85
2011.06.29 14:44:29.879,0.8977,0.89782,1.88,2.25
2011.06.29 14:44:31.710,0.8977,0.8978,1.13,2.25
2011.06.29 14:44:34.789,0.89771,0.8978,1.13,2.25
2011.06.29 14:44:35.229,0.89768,0.8978,1.13,2.25
2011.06.29 14:44:35.449,0.89767,0.8978,1.88,2.25
2011.06.29 14:44:36.046,0.89768,0.8978,1.13,2.25
2011.06.29 14:44:37.480,0.8977,0.8978,1.13,2.25
2011.06.29 14:44:37.810,0.89772,0.8978,1.13,2.25
2011.06.29 14:44:38.249,0.8977,0.8978,1.13,2.25
2011.06.29 14:44:39.789,0.89772,0.8978,1.13,2.25
2011.06.29 14:44:40.339,0.89772,0.89782,1.13,4.13
2011.06.29 14:44:46.890,0.89773,0.89781,1.13,2.63
2011.06.29 14:44:47.899,0.89771,0.89781,1.13,2.63
2011.06.29 14:44:48.461,0.89771,0.89781,1.13,3.38
2011.06.29 14:44:48.908,0.89771,0.89781,1.13,3.38
2011.06.29 14:44:49.458,0.8977,0.89781,1.13,3.38
2011.06.29 14:44:50.013,0.89766,0.89781,1.35,5.63
2011.06.29 14:44:50.130,0.89766,0.89781,1.35,4.13
2011.06.29 14:44:50.678,0.89766,0.89781,2.10,4.13
2011.06.29 14:44:50.790,0.89766,0.89781,2.10,4.13
2011.06.29 14:44:51.339,0.89766,0.89781,2.48,3.38
2011.06.29 14:44:53.409,0.89768,0.89781,1.13,4.13
2011.06.29 14:44:53.738,0.89766,0.89781,1.73,3.38
2011.06.29 14:44:55.899,0.89766,0.89781,1.73,3.38
2011.06.29 14:44:56.229,0.89768,0.89782,3.00,3.00
2011.06.29 14:44:57.544,0.89768,0.89782,3.00,4.50
2011.06.29 14:44:57.773,0.89768,0.89782,3.38,3.75
2011.06.29 14:44:58.327,0.89768,0.89782,3.00,3.75
2011.06.29 14:44:59.728,0.89768,0.89782,4.13,3.00
2011.06.29 14:45:00.499,0.89768,0.89782,4.13,3.00
2011.06.29 14:45:00.719,0.89768,0.89782,3.38,3.75
2011.06.29 14:45:01.162,0.89771,0.89782,1.13,3.00
2011.06.29 14:45:01.499,0.89771,0.89782,1.13,3.00
2011.06.29 14:45:02.211,0.89773,0.89783,1.13,3.98
2011.06.29 14:45:02.334,0.89771,0.89783,1.13,3.98
2011.06.29 14:45:02.560,0.89773,0.89783,1.13,3.98
2011.06.29 14:45:03.489,0.89771,0.89783,1.13,3.98
2011.06.29 14:45:04.587,0.89771,0.89783,1.13,3.98
2011.06.29 14:45:06.348,0.89773,0.89783,1.50,3.98
2011.06.29 14:45:08.832,0.89772,0.89783,2.25,3.38
2011.06.29 14:45:10.049,0.89772,0.89783,1.50,3.38
2011.06.29 14:45:10.159,0.89772,0.89783,1.50,3.38
2011.06.29 14:45:10.488,0.89772,0.89783,1.50,3.38
2011.06.29 14:45:15.492,0.89772,0.89782,1.50,3.00
2011.06.29 14:45:19.392,0.8977,0.8978,1.50,1.13
2011.06.29 14:45:19.501,0.89768,0.8978,3.00,1.13
2011.06.29 14:45:20.028,0.89769,0.8978,2.25,3.00
2011.06.29 14:45:20.141,0.89769,0.89782,2.25,1.50
2011.06.29 14:45:20.595,0.89769,0.89779,2.63,2.10
2011.06.29 14:45:21.150,0.8977,0.8978,1.50,2.85
2011.06.29 14:45:24.579,0.89769,0.8978,2.25,2.85
2011.06.29 14:45:24.688,0.89769,0.8978,1.50,2.85
2011.06.29 14:45:27.196,0.89767,0.89777,1.50,2.25
2011.06.29 14:45:27.871,0.89765,0.89777,1.50,2.25
2011.06.29 14:45:28.631,0.89766,0.89777,1.50,3.60
2011.06.29 14:45:28.960,0.89767,0.89777,1.50,3.60
2011.06.29 14:45:30.519,0.89766,0.89777,1.50,2.85
2011.06.29 14:45:31.731,0.89767,0.89777,1.88,3.60
2011.06.29 14:45:32.465,0.89766,0.89778,1.50,2.85
2011.06.29 14:45:33.019,0.89766,0.89778,1.50,4.35
2011.06.29 14:45:34.918,0.89767,0.89778,1.50,4.35
2011.06.29 14:45:35.469,0.89767,0.89778,1.50,7.35
2011.06.29 14:45:35.581,0.89765,0.89778,2.25,6.60
2011.06.29 14:45:36.079,0.89766,0.89778,1.88,5.85
2011.06.29 14:45:36.197,0.89764,0.89777,1.50,1.35
2011.06.29 14:45:36.750,0.89763,0.89777,3.00,1.35
2011.06.29 14:45:37.299,0.89764,0.89777,1.50,1.35
2011.06.29 14:45:37.850,0.89765,0.89778,1.50,3.00
2011.06.29 14:45:39.036,0.89765,0.89776,1.50,2.25
2011.06.29 14:45:39.593,0.89765,0.89776,1.50,2.25
2011.06.29 14:45:40.808,0.89765,0.89776,1.50,2.25
2011.06.29 14:45:41.359,0.89765,0.89776,1.50,2.25
2011.06.29 14:45:42.361,0.89763,0.89775,1.50,2.25
2011.06.29 14:45:42.591,0.89761,0.89774,3.75,2.25
2011.06.29 14:45:43.401,0.89762,0.89774,1.50,3.00
2011.06.29 14:45:45.487,0.89762,0.89774,1.13,3.60
2011.06.29 14:45:46.720,0.89763,0.89774,1.13,3.60
2011.06.29 14:45:47.478,0.89759,0.89772,1.88,2.10
2011.06.29 14:45:49.403,0.89759,0.89772,1.13,2.85
2011.06.29 14:45:49.959,0.89759,0.89772,1.50,1.50
2011.06.29 14:45:50.508,0.8976,0.89772,1.50,1.35
2011.06.29 14:45:51.168,0.8976,0.89772,1.50,4.35
2011.06.29 14:45:51.901,0.8976,0.89772,1.50,3.75
2011.06.29 14:45:52.448,0.8976,0.89772,1.50,3.75
2011.06.29 14:45:53.576,0.89761,0.89772,1.13,3.00
2011.06.29 14:45:53.913,0.89763,0.89774,1.13,2.25
2011.06.29 14:45:54.141,0.89763,0.89776,2.25,1.50
2011.06.29 14:45:54.259,0.89763,0.89776,1.13,1.50
2011.06.29 14:45:54.808,0.89762,0.89776,4.88,1.50
2011.06.29 14:45:55.690,0.89762,0.89776,4.88,1.50
2011.06.29 14:45:56.207,0.89762,0.89777,4.88,2.85
2011.06.29 14:45:56.977,0.89762,0.89776,4.88,1.50
2011.06.29 14:45:58.749,0.89763,0.89777,3.38,1.35
2011.06.29 14:45:59.192,0.89763,0.89772,1.13,2.25
2011.06.29 14:45:59.748,0.89762,0.89773,1.88,4.35
2011.06.29 14:46:00.411,0.89761,0.89773,1.13,5.10
2011.06.29 14:46:00.630,0.89758,0.89772,2.63,2.85
2011.06.29 14:46:00.960,0.89757,0.89768,3.00,2.10
2011.06.29 14:46:01.071,0.89756,0.89767,1.13,1.35
2011.06.29 14:46:01.592,0.89755,0.89767,1.50,3.60
2011.06.29 14:46:03.280,0.89756,0.89767,1.13,3.60
2011.06.29 14:46:03.392,0.89754,0.89767,1.88,3.60
2011.06.29 14:46:03.949,0.89755,0.89767,1.88,2.85
2011.06.29 14:46:04.718,0.89756,0.89767,1.50,2.85
2011.06.29 14:46:05.049,0.89758,0.89767,1.50,2.85
2011.06.29 14:46:05.821,0.89757,0.8977,2.25,4.35
2011.06.29 14:46:06.411,0.8976,0.8977,1.50,1.35
2011.06.29 14:46:07.070,0.89761,0.89771,1.50,2.85
2011.06.29 14:46:07.400,0.89761,0.89771,2.25,2.85
2011.06.29 14:46:07.948,0.89761,0.89771,1.50,2.85
2011.06.29 14:46:08.719,0.89762,0.89771,1.88,2.85
2011.06.29 14:46:09.051,0.89761,0.89772,1.50,3.00
2011.06.29 14:46:09.655,0.89761,0.89772,1.50,3.00
2011.06.29 14:46:09.770,0.89761,0.89771,1.50,2.10
2011.06.29 14:46:10.759,0.89761,0.89771,1.50,2.10
2011.06.29 14:46:11.308,0.89761,0.89771,1.50,2.10
2011.06.29 14:46:17.669,0.8976,0.89771,1.50,2.85
2011.06.29 14:46:20.061,0.89762,0.89772,1.50,2.25
2011.06.29 14:46:20.704,0.89758,0.89772,4.50,3.75
2011.06.29 14:46:22.578,0.89758,0.89771,1.50,4.35
2011.06.29 14:46:27.373,0.89758,0.89769,1.50,1.88
2011.06.29 14:46:27.495,0.89758,0.8977,1.50,4.50
2011.06.29 14:46:27.721,0.89754,0.89767,1.50,2.25
2011.06.29 14:46:27.840,0.89755,0.89769,2.25,3.00
2011.06.29 14:46:27.951,0.89757,0.89769,1.50,3.00
2011.06.29 14:46:28.281,0.89757,0.89769,1.50,2.25
2011.06.29 14:46:28.500,0.89757,0.89771,3.75,3.60
2011.06.29 14:46:30.849,0.89759,0.89771,1.13,3.60
2011.06.29 14:46:31.178,0.89759,0.89771,1.88,3.60
2011.06.29 14:46:31.618,0.89759,0.89769,1.88,1.50
2011.06.29 14:46:32.060,0.89761,0.8977,1.50,1.50
2011.06.29 14:46:32.696,0.89757,0.89769,3.75,1.50
2011.06.29 14:46:32.815,0.89757,0.89769,3.75,1.50
2011.06.29 14:46:33.811,0.89756,0.8977,1.50,2.85
2011.06.29 14:46:34.140,0.89756,0.8977,3.00,7.35
2011.06.29 14:46:34.690,0.89754,0.89768,3.60,3.00
2011.06.29 14:46:35.128,0.89754,0.89766,2.85,1.50
2011.06.29 14:46:37.819,0.89755,0.89768,1.50,2.25
2011.06.29 14:46:38.369,0.89755,0.89768,2.25,2.25
2011.06.29 14:46:39.858,0.89755,0.89768,1.50,2.25
2011.06.29 14:46:42.638,0.89754,0.89768,1.50,3.00
2011.06.29 14:46:43.738,0.89754,0.89768,1.88,3.00
2011.06.29 14:46:43.959,0.89754,0.89768,1.50,3.75
2011.06.29 14:46:44.967,0.89752,0.89768,5.10,4.13
2011.06.29 14:46:45.519,0.89754,0.89768,1.50,3.00
2011.06.29 14:46:47.476,0.89752,0.89768,4.35,4.13
2011.06.29 14:46:49.569,0.89753,0.89768,1.50,2.25
2011.06.29 14:46:52.081,0.89754,0.89767,2.25,1.13
2011.06.29 14:46:52.520,0.89753,0.89768,1.50,3.00
2011.06.29 14:46:54.181,0.89752,0.89766,3.60,1.13
2011.06.29 14:46:54.520,0.89752,0.89763,3.00,1.13
2011.06.29 14:46:54.741,0.89752,0.89765,3.00,1.13
2011.06.29 14:46:55.288,0.89752,0.89762,3.00,1.13
2011.06.29 14:46:56.174,0.89752,0.89758,5.25,1.13
2011.06.29 14:46:56.296,0.89754,0.89763,2.25,1.50
2011.06.29 14:46:56.856,0.89752,0.89763,1.13,2.25
2011.06.29 14:46:56.971,0.8975,0.89763,1.50,2.25
2011.06.29 14:46:57.091,0.8975,0.89764,4.50,3.00
2011.06.29 14:46:57.422,0.89751,0.89763,2.25,1.13
2011.06.29 14:46:58.091,0.89751,0.89763,1.50,1.13
2011.06.29 14:46:58.531,0.89752,0.89764,1.50,2.25
2011.06.29 14:46:58.859,0.89752,0.89767,1.50,3.00
2011.06.29 14:46:59.408,0.89753,0.89767,1.50,2.25
2011.06.29 14:46:59.629,0.89751,0.89767,4.50,3.38
2011.06.29 14:46:59.739,0.89751,0.89766,3.00,1.13
2011.06.29 14:47:01.509,0.89752,0.89765,1.50,1.35
2011.06.29 14:47:02.168,0.8975,0.89765,3.75,1.35
2011.06.29 14:47:02.940,0.8975,0.89762,1.50,2.25
2011.06.29 14:47:03.050,0.8975,0.89762,1.50,2.25
2011.06.29 14:47:03.709,0.89749,0.89765,3.00,4.50
2011.06.29 14:47:07.018,0.89749,0.89765,3.00,3.75
2011.06.29 14:47:07.568,0.89749,0.89765,3.00,4.50
2011.06.29 14:47:08.119,0.89749,0.89765,3.00,3.00
2011.06.29 14:47:10.506,0.89752,0.89765,1.50,3.00
2011.06.29 14:47:10.841,0.89754,0.89765,1.13,2.25
2011.06.29 14:47:10.963,0.89752,0.89766,3.75,3.60
2011.06.29 14:47:11.519,0.89751,0.89765,3.00,3.00
2011.06.29 14:47:14.718,0.8975,0.89766,3.75,3.98
2011.06.29 14:47:15.312,0.89754,0.89768,3.00,1.88
2011.06.29 14:47:15.430,0.89753,0.89767,3.60,3.75
2011.06.29 14:47:15.979,0.89753,0.89767,3.60,3.00
2011.06.29 14:47:19.579,0.89754,0.89768,3.00,1.13
2011.06.29 14:47:19.691,0.89754,0.89769,3.00,1.50
2011.06.29 14:47:20.020,0.89754,0.89768,1.50,3.00
2011.06.29 14:47:20.568,0.89755,0.89769,3.00,3.75
2011.06.29 14:47:20.789,0.89755,0.89769,3.00,4.88
2011.06.29 14:47:21.948,0.89755,0.89769,3.00,4.13
2011.06.29 14:47:22.167,0.89755,0.89769,3.00,3.75
2011.06.29 14:47:22.610,0.89757,0.89769,1.13,3.00
2011.06.29 14:47:22.941,0.89757,0.89767,1.50,3.00
2011.06.29 14:47:23.270,0.89756,0.89769,1.50,2.25
2011.06.29 14:47:24.259,0.89755,0.89768,3.00,1.13
2011.06.29 14:47:24.901,0.89755,0.89768,3.00,1.13
2011.06.29 14:47:25.119,0.89755,0.89769,2.25,3.38
2011.06.29 14:47:25.668,0.89754,0.89768,3.00,3.00
2011.06.29 14:47:26.219,0.89756,0.89769,2.25,3.00
2011.06.29 14:47:26.659,0.89756,0.89769,2.25,3.00
2011.06.29 14:47:30.368,0.89758,0.89772,2.25,3.00
2011.06.29 14:47:30.700,0.89758,0.89772,2.25,3.00
2011.06.29 14:47:31.250,0.8976,0.89772,1.88,3.00
2011.06.29 14:47:31.471,0.89759,0.89772,1.50,3.00
2011.06.29 14:47:31.581,0.8976,0.89772,2.63,3.00
2011.06.29 14:47:31.911,0.8976,0.89772,1.50,3.00
2011.06.29 14:47:32.983,0.89758,0.89771,1.50,1.50
2011.06.29 14:47:34.308,0.89758,0.89772,2.25,3.75
2011.06.29 14:47:38.659,0.89757,0.8977,1.35,1.50
2011.06.29 14:47:39.210,0.89757,0.8977,1.73,1.13
2011.06.29 14:47:40.968,0.89757,0.8977,1.35,1.13
2011.06.29 14:47:41.802,0.89757,0.8977,1.35,1.13
2011.06.29 14:47:42.358,0.89757,0.8977,1.35,1.13
2011.06.29 14:47:42.619,0.89757,0.89772,1.73,4.13
2011.06.29 14:47:42.949,0.8976,0.89772,1.13,3.00
2011.06.29 14:47:43.169,0.89758,0.89772,1.50,3.75
2011.06.29 14:47:43.720,0.89758,0.89771,1.13,1.50
2011.06.29 14:47:45.325,0.89756,0.8977,5.10,1.50
2011.06.29 14:47:45.880,0.89757,0.89771,1.35,1.50
2011.06.29 14:47:46.428,0.89758,0.89771,1.50,1.50
2011.06.29 14:47:46.542,0.89759,0.89771,2.78,1.50
2011.06.29 14:47:46.649,0.89759,0.89772,2.63,1.50
2011.06.29 14:47:46.981,0.8976,0.89773,3.38,1.50
2011.06.29 14:47:47.540,0.8976,0.89771,3.38,1.50
2011.06.29 14:47:48.200,0.89758,0.89772,5.48,4.50
2011.06.29 14:47:49.838,0.8976,0.89774,1.88,3.75
2011.06.29 14:47:49.948,0.8976,0.89774,1.88,3.75
2011.06.29 14:47:50.460,0.8976,0.89774,1.88,4.50
2011.06.29 14:47:51.339,0.8976,0.89773,1.13,1.13
2011.06.29 14:47:51.451,0.89758,0.89774,6.98,4.50
2011.06.29 14:47:51.559,0.89758,0.89772,6.23,1.13
2011.06.29 14:47:53.222,0.89758,0.89772,6.98,3.75
2011.06.29 14:47:53.780,0.89758,0.8977,3.38,1.88
2011.06.29 14:47:54.362,0.89758,0.8977,2.63,1.13
2011.06.29 14:47:54.700,0.89758,0.89771,2.63,1.50
2011.06.29 14:47:54.810,0.89758,0.89771,2.63,1.50
2011.06.29 14:47:55.359,0.89758,0.89771,2.63,1.50
2011.06.29 14:47:56.679,0.89758,0.89772,3.75,3.00
2011.06.29 14:47:57.899,0.89758,0.89772,3.75,3.00
2011.06.29 14:48:00.749,0.89758,0.89772,3.75,3.38
2011.06.29 14:48:01.299,0.89758,0.8977,2.25,1.50
2011.06.29 14:48:01.633,0.89755,0.89767,3.00,1.13
2011.06.29 14:48:01.755,0.89754,0.89768,3.00,1.50
2011.06.29 14:48:02.310,0.89754,0.89768,2.25,2.25
2011.06.29 14:48:03.189,0.89754,0.89768,3.00,1.50
2011.06.29 14:48:03.630,0.89755,0.89769,4.50,3.75
2011.06.29 14:48:03.999,0.89758,0.89772,3.75,3.75
2011.06.29 14:48:09.508,0.89758,0.8977,3.00,1.50
2011.06.29 14:48:10.022,0.89758,0.8977,2.25,1.50
2011.06.29 14:48:11.229,0.89756,0.8977,1.50,2.25
2011.06.29 14:48:11.778,0.89756,0.8977,1.50,2.25
2011.06.29 14:48:14.539,0.89754,0.89768,6.60,3.75
2011.06.29 14:48:14.873,0.89756,0.89768,1.13,3.75
2011.06.29 14:48:15.339,0.89757,0.8977,4.13,2.25
2011.06.29 14:48:16.000,0.89759,0.8977,1.13,1.50
2011.06.29 14:48:16.109,0.89757,0.8977,4.13,1.50
2011.06.29 14:48:16.329,0.89757,0.8977,1.13,3.75
2011.06.29 14:48:16.658,0.89756,0.89769,1.35,1.50
2011.06.29 14:48:17.539,0.89757,0.89769,1.13,3.75
2011.06.29 14:48:19.791,0.89756,0.89769,1.35,1.50
2011.06.29 14:48:20.780,0.89756,0.89771,3.60,5.25
2011.06.29 14:48:21.000,0.89756,0.8977,1.35,3.00
2011.06.29 14:48:25.948,0.89755,0.8977,5.10,3.00
2011.06.29 14:48:28.939,0.89755,0.89768,4.35,3.00
2011.06.29 14:48:30.481,0.89757,0.8977,2.25,3.00
2011.06.29 14:48:30.919,0.89757,0.89771,3.38,3.75
2011.06.29 14:48:32.019,0.89757,0.89768,1.13,3.00
2011.06.29 14:48:32.348,0.89757,0.89771,3.38,6.00
2011.06.29 14:48:32.929,0.89757,0.89771,3.38,3.00
2011.06.29 14:48:33.149,0.89757,0.8977,2.25,1.50
2011.06.29 14:48:33.262,0.89758,0.89771,1.13,4.50
2011.06.29 14:48:33.821,0.89758,0.89771,1.13,2.25
2011.06.29 14:48:34.261,0.89757,0.89772,1.50,6.23
2011.06.29 14:48:34.482,0.89757,0.89771,1.50,3.00
2011.06.29 14:48:35.038,0.89757,0.89771,1.50,3.00
2011.06.29 14:48:35.878,0.89757,0.89771,3.00,3.00
2011.06.29 14:48:36.429,0.89758,0.89771,1.35,3.38
2011.06.29 14:48:36.763,0.89756,0.8977,3.75,2.25
2011.06.29 14:48:36.989,0.89756,0.89769,3.00,3.00
2011.06.29 14:48:38.899,0.89754,0.89769,1.50,3.75
2011.06.29 14:48:39.448,0.89753,0.89769,5.25,3.75
2011.06.29 14:48:40.001,0.89753,0.89769,5.25,3.75
2011.06.29 14:48:40.548,0.89755,0.89769,1.35,3.00
2011.06.29 14:48:41.099,0.89755,0.89769,4.50,1.35
2011.06.29 14:48:41.649,0.89755,0.89769,3.75,1.35
2011.06.29 14:48:46.110,0.89753,0.89768,5.10,2.25
2011.06.29 14:48:46.441,0.89752,0.89763,2.10,1.13
2011.06.29 14:48:46.770,0.89747,0.8976,3.75,1.50
2011.06.29 14:48:46.993,0.89746,0.89759,3.75,1.88
2011.06.29 14:48:47.110,0.89744,0.89759,5.25,3.00
2011.06.29 14:48:47.220,0.89744,0.89756,3.00,2.25
2011.06.29 14:48:47.911,0.89744,0.89758,3.00,3.00
2011.06.29 14:48:48.469,0.89744,0.89758,2.25,3.38
2011.06.29 14:48:49.021,0.89742,0.89757,1.35,3.00
2011.06.29 14:48:49.240,0.89742,0.89755,1.35,3.00
2011.06.29 14:48:50.010,0.89742,0.89752,1.35,3.00
2011.06.29 14:48:50.339,0.89741,0.89752,2.25,3.00
2011.06.29 14:48:50.779,0.8974,0.89752,1.50,3.00
2011.06.29 14:48:50.999,0.8974,0.89752,1.50,3.00
2011.06.29 14:48:51.329,0.89739,0.89752,2.25,3.00
2011.06.29 14:48:52.000,0.89738,0.89751,3.75,1.50
2011.06.29 14:48:52.549,0.89738,0.89749,3.00,1.50
2011.06.29 14:48:53.649,0.89738,0.89752,2.25,3.75
2011.06.29 14:48:54.199,0.89738,0.8975,3.00,1.50
2011.06.29 14:48:54.751,0.89743,0.89751,1.50,1.50
2011.06.29 14:48:55.079,0.89741,0.89754,3.00,3.75
2011.06.29 14:48:55.629,0.89741,0.89754,1.50,3.00
2011.06.29 14:48:56.053,0.8974,0.89754,1.13,3.00
2011.06.29 14:48:56.171,0.8974,0.89754,1.13,3.00
2011.06.29 14:48:58.158,0.8974,0.89754,1.13,3.00
2011.06.29 14:48:59.150,0.89738,0.89752,4.50,1.50
2011.06.29 14:48:59.259,0.89738,0.89751,3.00,1.13
2011.06.29 14:48:59.808,0.89737,0.89749,1.50,1.50
2011.06.29 14:49:00.140,0.89734,0.89748,3.00,3.00
2011.06.29 14:49:00.759,0.89738,0.89747,1.13,3.00
2011.06.29 14:49:00.876,0.89738,0.8975,1.13,3.00
2011.06.29 14:49:01.210,0.89738,0.89751,1.13,4.50
2011.06.29 14:49:02.089,0.89739,0.8975,1.13,1.50
2011.06.29 14:49:02.639,0.8974,0.89751,1.13,3.75
2011.06.29 14:49:03.189,0.8974,0.89753,1.13,3.75
2011.06.29 14:49:03.300,0.89741,0.89753,1.35,3.00
2011.06.29 14:49:04.509,0.89741,0.89755,2.48,3.00
2011.06.29 14:49:08.951,0.89743,0.89754,1.50,3.00
2011.06.29 14:49:09.170,0.89747,0.89758,2.25,1.88
2011.06.29 14:49:09.280,0.89747,0.89759,2.25,4.88
2011.06.29 14:49:09.393,0.89745,0.89756,2.25,2.25
2011.06.29 14:49:09.730,0.89746,0.89756,1.13,2.25
2011.06.29 14:49:11.053,0.89749,0.89756,1.13,2.25
2011.06.29 14:49:11.170,0.89747,0.89756,1.50,2.25
2011.06.29 14:49:11.281,0.89747,0.8976,1.50,2.25
2011.06.29 14:49:11.680,0.89745,0.89754,1.13,4.20
2011.06.29 14:49:12.229,0.89745,0.89759,1.13,3.00
2011.06.29 14:49:12.560,0.89748,0.89759,1.13,3.00
2011.06.29 14:49:13.108,0.89747,0.89759,1.13,3.00
2011.06.29 14:49:13.220,0.89744,0.89759,2.25,3.00
2011.06.29 14:49:13.770,0.89743,0.89755,1.50,1.13
2011.06.29 14:49:13.991,0.89742,0.89756,3.75,3.00
2011.06.29 14:49:14.099,0.89742,0.89756,1.50,3.00
2011.06.29 14:49:14.648,0.8974,0.89756,3.00,3.75
2011.06.29 14:49:15.199,0.8974,0.89756,3.38,3.75
2011.06.29 14:49:15.751,0.8974,0.89755,3.00,1.50
2011.06.29 14:49:16.361,0.8974,0.89753,2.25,1.50
2011.06.29 14:49:17.042,0.8974,0.89753,2.25,1.50
2011.06.29 14:49:17.380,0.8974,0.89753,3.00,1.50
2011.06.29 14:49:18.260,0.89743,0.89754,1.13,3.00
2011.06.29 14:49:20.185,0.89745,0.89756,1.13,5.25
2011.06.29 14:49:20.303,0.89745,0.89756,1.13,5.25
2011.06.29 14:49:20.530,0.89745,0.89759,1.88,5.25
2011.06.29 14:49:20.751,0.89747,0.89759,1.13,5.10
2011.06.29 14:49:20.981,0.89745,0.89758,1.50,1.35
2011.06.29 14:49:22.429,0.89743,0.89755,2.25,1.50
2011.06.29 14:49:22.979,0.89742,0.89755,1.13,3.00
2011.06.29 14:49:23.200,0.89741,0.89755,3.00,3.00
2011.06.29 14:49:24.190,0.89739,0.89755,6.00,3.75
2011.06.29 14:49:25.359,0.89739,0.89753,4.50,1.50
2011.06.29 14:49:25.909,0.89739,0.89755,4.50,3.00
2011.06.29 14:49:26.459,0.8974,0.89755,1.50,3.00
2011.06.29 14:49:27.709,0.89739,0.89753,6.75,1.50
2011.06.29 14:49:28.260,0.89739,0.89752,1.50,1.50
2011.06.29 14:49:28.840,0.89738,0.89752,5.25,1.50
2011.06.29 14:49:30.219,0.89739,0.89753,3.75,3.00
2011.06.29 14:49:30.551,0.89739,0.89753,2.25,4.13
2011.06.29 14:49:31.098,0.8974,0.89753,2.25,1.88
2011.06.29 14:49:32.090,0.8974,0.89753,2.25,1.50
2011.06.29 14:49:32.640,0.89739,0.89753,4.88,3.00
2011.06.29 14:49:36.128,0.89739,0.89753,3.75,1.50
2011.06.29 14:49:36.679,0.89739,0.89754,3.00,4.35
2011.06.29 14:49:37.230,0.89739,0.89753,3.00,1.50
2011.06.29 14:49:38.329,0.89739,0.89754,3.75,3.60
2011.06.29 14:49:38.439,0.89739,0.89753,3.00,3.75
2011.06.29 14:49:39.186,0.8974,0.89753,2.25,1.50
2011.06.29 14:49:39.738,0.89739,0.89753,3.00,3.83
2011.06.29 14:49:40.290,0.89739,0.89753,3.00,3.83
2011.06.29 14:49:40.842,0.8974,0.89754,1.13,2.93
2011.06.29 14:49:40.961,0.89739,0.89753,1.50,1.58
2011.06.29 14:49:41.511,0.89738,0.89752,3.00,1.95
2011.06.29 14:49:42.060,0.89738,0.89752,2.25,1.58
2011.06.29 14:49:43.011,0.89735,0.89749,3.75,2.85
2011.06.29 14:49:43.119,0.89734,0.89749,3.75,5.85
2011.06.29 14:49:43.779,0.89734,0.89746,2.25,1.50
2011.06.29 14:49:44.329,0.89734,0.89748,3.00,3.00
2011.06.29 14:49:44.879,0.89735,0.89749,1.13,2.85
2011.06.29 14:49:45.100,0.89736,0.89751,3.75,2.85
2011.06.29 14:49:45.210,0.89736,0.89748,3.00,1.13
2011.06.29 14:49:45.872,0.89735,0.89748,5.25,3.23
2011.06.29 14:49:46.663,0.89734,0.89746,2.25,1.50
2011.06.29 14:49:46.992,0.89732,0.89742,2.25,1.13
2011.06.29 14:49:47.552,0.8973,0.89742,2.25,1.13
2011.06.29 14:49:48.098,0.89731,0.89742,2.25,1.13
2011.06.29 14:49:51.489,0.89731,0.89743,2.25,1.35
2011.06.29 14:49:51.599,0.89731,0.89742,2.25,1.13
2011.06.29 14:49:52.841,0.89731,0.89745,3.00,3.60
2011.06.29 14:49:54.049,0.89731,0.89745,3.00,3.98
2011.06.29 14:49:54.600,0.89731,0.89745,3.75,2.85
2011.06.29 14:49:54.930,0.89733,0.89745,2.25,2.85
2011.06.29 14:49:55.813,0.89733,0.89742,2.25,1.13
2011.06.29 14:49:57.067,0.89732,0.89742,2.25,1.50
2011.06.29 14:49:57.950,0.89732,0.89744,2.25,1.50
2011.06.29 14:49:58.389,0.89732,0.89746,2.25,2.85
2011.06.29 14:49:58.499,0.89732,0.89745,2.25,1.13
2011.06.29 14:50:00.039,0.89732,0.89744,3.00,1.50
2011.06.29 14:50:00.369,0.89732,0.89744,2.25,2.63
2011.06.29 14:50:00.902,0.89731,0.89743,2.25,1.50
2011.06.29 14:50:04.010,0.89731,0.89742,2.25,1.13
2011.06.29 14:50:04.341,0.89731,0.89739,3.00,1.13
2011.06.29 14:50:04.834,0.89731,0.89744,2.25,2.25
2011.06.29 14:50:05.059,0.89733,0.89744,2.25,2.25
2011.06.29 14:50:06.489,0.89733,0.89746,3.38,2.85
2011.06.29 14:50:06.820,0.89733,0.89746,3.38,2.85
2011.06.29 14:50:06.929,0.89733,0.89746,3.00,2.85
2011.06.29 14:50:09.789,0.89733,0.89746,3.00,2.85
2011.06.29 14:50:15.089,0.89735,0.89745,1.13,2.85
2011.06.29 14:50:15.541,0.89733,0.89745,3.38,2.10
2011.06.29 14:50:15.656,0.89733,0.89747,4.13,3.00
2011.06.29 14:50:15.769,0.89733,0.89747,4.13,4.13
2011.06.29 14:50:16.319,0.89733,0.89746,3.00,1.50
2011.06.29 14:50:18.118,0.89733,0.89746,2.25,1.50
2011.06.29 14:50:18.780,0.89733,0.89745,2.25,2.25
2011.06.29 14:50:19.550,0.89733,0.89745,2.25,1.50
2011.06.29 14:50:19.988,0.89733,0.89745,2.25,1.50
2011.06.29 14:50:21.551,0.89733,0.89743,3.00,1.50
2011.06.29 14:50:22.431,0.89733,0.89744,3.00,1.50
2011.06.29 14:50:22.979,0.89733,0.89744,3.00,1.50
2011.06.29 14:50:23.531,0.89735,0.89744,2.25,1.50
2011.06.29 14:50:24.098,0.89735,0.89747,2.25,1.50
2011.06.29 14:50:24.430,0.89735,0.89745,2.25,1.50
2011.06.29 14:50:24.650,0.89733,0.89745,3.00,1.50
2011.06.29 14:50:24.873,0.89733,0.89744,2.25,1.13
2011.06.29 14:50:25.430,0.89731,0.89744,4.50,1.88
2011.06.29 14:50:26.640,0.89731,0.89742,2.25,1.50
2011.06.29 14:50:27.081,0.89731,0.8974,2.25,1.13
2011.06.29 14:50:28.520,0.89731,0.89739,2.25,1.13
2011.06.29 14:50:29.509,0.8973,0.89739,3.00,1.13
2011.06.29 14:50:30.498,0.8973,0.89739,3.75,1.13
2011.06.29 14:50:31.560,0.8973,0.89738,3.00,1.13
2011.06.29 14:50:31.889,0.89729,0.89738,3.00,1.13
2011.06.29 14:50:32.441,0.89729,0.8974,1.50,1.50
2011.06.29 14:50:32.960,0.89728,0.8974,3.00,1.50
2011.06.29 14:50:33.950,0.89728,0.89741,3.75,1.50
2011.06.29 14:50:34.500,0.89727,0.89739,1.50,2.25
2011.06.29 14:50:35.050,0.8973,0.89738,2.25,1.50
2011.06.29 14:50:35.601,0.89728,0.89741,3.75,2.25
2011.06.29 14:50:36.150,0.89728,0.89739,2.25,1.50
2011.06.29 14:50:37.201,0.89726,0.89738,2.25,2.63
2011.06.29 14:50:37.653,0.89722,0.89735,3.00,1.35
2011.06.29 14:50:38.208,0.89722,0.89737,4.50,1.50
2011.06.29 14:50:38.430,0.89725,0.89737,2.10,1.50
2011.06.29 14:50:38.760,0.89724,0.89737,4.50,1.50
2011.06.29 14:50:39.567,0.89724,0.89737,6.00,1.50
2011.06.29 14:50:40.119,0.89724,0.89736,4.50,1.50
2011.06.29 14:50:40.230,0.89726,0.89736,2.25,1.50
2011.06.29 14:50:40.780,0.89726,0.89738,3.75,1.50
2011.06.29 14:50:41.439,0.89726,0.89738,3.75,1.50
2011.06.29 14:50:42.099,0.89726,0.89737,4.50,1.50
2011.06.29 14:50:42.979,0.89726,0.89739,5.25,2.25
2011.06.29 14:50:43.639,0.89726,0.89739,5.25,2.25
2011.06.29 14:50:48.128,0.89734,0.89741,1.50,3.60
2011.06.29 14:50:48.352,0.89729,0.8974,1.50,1.50
2011.06.29 14:50:48.909,0.89728,0.8974,3.00,1.50
2011.06.29 14:50:49.129,0.8973,0.8974,2.25,1.50
2011.06.29 14:50:51.349,0.8973,0.89742,2.25,3.00
2011.06.29 14:50:52.340,0.89729,0.89742,1.50,3.00
2011.06.29 14:50:53.149,0.89729,0.8974,1.50,1.13
2011.06.29 14:50:53.700,0.89729,0.89741,1.50,1.50
2011.06.29 14:50:54.299,0.8973,0.89741,2.25,1.50
2011.06.29 14:50:54.849,0.89729,0.89741,6.00,1.50
2011.06.29 14:50:55.752,0.89729,0.89741,6.00,1.50
2011.06.29 14:50:56.092,0.89731,0.89743,1.50,1.35
2011.06.29 14:50:56.750,0.89731,0.89741,1.50,1.88
2011.06.29 14:51:00.832,0.8973,0.89739,3.00,1.50
2011.06.29 14:51:00.951,0.89733,0.89742,1.50,1.50
2011.06.29 14:51:01.063,0.89733,0.89744,3.00,4.35
2011.06.29 14:51:01.509,0.89733,0.89744,1.50,1.50
2011.06.29 14:51:01.728,0.89732,0.89744,3.75,1.50
2011.06.29 14:51:02.278,0.89733,0.89745,2.25,1.50
2011.06.29 14:51:04.169,0.89733,0.89745,2.25,1.50
2011.06.29 14:51:05.158,0.89733,0.89746,2.25,3.60
2011.06.29 14:51:05.979,0.89734,0.89746,1.50,3.60
2011.06.29 14:51:06.971,0.89734,0.89746,2.25,2.85
2011.06.29 14:51:07.959,0.89733,0.89745,1.50,1.50
2011.06.29 14:51:08.290,0.89735,0.89746,1.50,2.25
2011.06.29 14:51:08.619,0.89733,0.89744,2.25,1.35
2011.06.29 14:51:09.819,0.89732,0.89744,1.50,1.35
2011.06.29 14:51:15.470,0.8973,0.89742,3.75,1.88
2011.06.29 14:51:17.449,0.8973,0.89743,3.75,3.60
2011.06.29 14:51:21.439,0.8973,0.89742,2.25,1.50
2011.06.29 14:51:21.661,0.89731,0.89741,1.50,1.50
2011.06.29 14:51:23.292,0.8973,0.89742,1.50,1.50
2011.06.29 14:51:23.849,0.89728,0.89742,3.00,1.50
2011.06.29 14:51:24.181,0.89728,0.89741,3.00,1.50
2011.06.29 14:51:24.523,0.89728,0.89737,2.25,1.50
2011.06.29 14:51:25.080,0.89727,0.89737,2.25,1.50
2011.06.29 14:51:26.949,0.89727,0.89739,3.75,2.25
2011.06.29 14:51:27.534,0.89727,0.89741,3.75,1.35
2011.06.29 14:51:28.202,0.89727,0.89741,3.00,2.10
2011.06.29 14:51:28.750,0.89727,0.8974,3.00,1.13
2011.06.29 14:51:29.519,0.89726,0.8974,3.75,4.73
2011.06.29 14:51:29.630,0.89727,0.8974,2.25,3.60
2011.06.29 14:51:30.180,0.89727,0.8974,3.00,2.10
2011.06.29 14:51:30.951,0.8973,0.8974,1.13,2.10
2011.06.29 14:51:31.501,0.8973,0.89742,1.13,2.10
2011.06.29 14:51:32.044,0.89732,0.89742,1.13,2.10
2011.06.29 14:51:32.165,0.8973,0.89742,1.13,2.10
2011.06.29 14:51:33.790,0.89732,0.89742,1.50,2.85
2011.06.29 14:51:34.341,0.89734,0.89742,1.13,2.85
2011.06.29 14:51:34.452,0.8973,0.89742,3.00,2.85
2011.06.29 14:51:34.570,0.8973,0.89742,1.50,2.85
2011.06.29 14:51:37.168,0.8973,0.89741,2.63,1.35
2011.06.29 14:51:38.448,0.8973,0.89741,2.25,1.35
2011.06.29 14:51:39.001,0.89729,0.89741,3.00,1.35
2011.06.29 14:51:40.035,0.89729,0.8974,2.25,2.10
2011.06.29 14:51:40.591,0.89728,0.8974,4.50,2.85
2011.06.29 14:51:42.370,0.89729,0.89741,2.25,1.50
2011.06.29 14:51:43.250,0.89733,0.89742,1.13,2.85
2011.06.29 14:51:43.582,0.89731,0.89742,3.75,2.10
2011.06.29 14:51:44.139,0.89731,0.89741,1.50,1.35
2011.06.29 14:51:45.408,0.89729,0.89741,1.50,1.35
2011.06.29 14:51:48.540,0.89729,0.89741,3.75,1.35
2011.06.29 14:51:49.309,0.89732,0.89741,1.13,1.35
2011.06.29 14:51:49.824,0.89735,0.89743,1.13,2.10
2011.06.29 14:51:49.944,0.89732,0.89744,1.13,2.10
2011.06.29 14:51:50.170,0.89732,0.89746,1.13,6.23
2011.06.29 14:51:50.720,0.89734,0.89746,1.50,1.35
2011.06.29 14:51:51.490,0.89736,0.89746,1.13,1.35
2011.06.29 14:51:51.819,0.89739,0.89747,1.13,5.10
2011.06.29 14:51:52.039,0.89737,0.89747,1.13,3.00
2011.06.29 14:51:53.034,0.89741,0.89747,1.13,2.25
2011.06.29 14:51:53.262,0.89739,0.89749,1.13,2.10
2011.06.29 14:51:53.482,0.89741,0.89749,1.13,2.10
2011.06.29 14:51:54.074,0.89737,0.89749,3.00,2.85
2011.06.29 14:51:54.740,0.89737,0.89749,1.50,3.60
2011.06.29 14:51:55.718,0.89736,0.89748,1.50,1.35
2011.06.29 14:51:56.269,0.89735,0.89748,3.00,1.35
2011.06.29 14:51:57.039,0.89738,0.89749,1.13,3.60
2011.06.29 14:51:57.479,0.8974,0.89752,1.50,1.35
2011.06.29 14:51:58.249,0.89743,0.89752,1.13,1.35
2011.06.29 14:51:58.691,0.89741,0.89752,1.50,1.35
2011.06.29 14:52:00.649,0.89745,0.89752,2.25,1.35
2011.06.29 14:52:00.872,0.89742,0.89755,6.00,2.85
2011.06.29 14:52:00.990,0.89742,0.89755,3.75,2.85
2011.06.29 14:52:01.540,0.89742,0.89755,2.25,3.60
2011.06.29 14:52:02.091,0.89742,0.89755,3.75,1.50
2011.06.29 14:52:02.738,0.89742,0.89756,3.75,2.10
2011.06.29 14:52:03.795,0.89742,0.89756,2.25,5.10
2011.06.29 14:52:04.349,0.89742,0.89756,3.00,4.35
2011.06.29 14:52:04.460,0.89745,0.89756,1.13,3.60
2011.06.29 14:52:04.821,0.89743,0.89756,1.13,3.60
2011.06.29 14:52:06.469,0.89743,0.89756,1.13,2.10
2011.06.29 14:52:06.910,0.89742,0.89756,3.00,2.10
2011.06.29 14:52:07.462,0.89742,0.89756,3.00,2.10
2011.06.29 14:52:09.480,0.89743,0.89755,1.13,2.85
2011.06.29 14:52:10.202,0.89742,0.89755,3.75,2.10
2011.06.29 14:52:10.656,0.89742,0.89755,2.25,3.98
2011.06.29 14:52:11.211,0.89742,0.89754,1.50,1.50
2011.06.29 14:52:11.539,0.89743,0.89755,3.00,1.73
2011.06.29 14:52:11.980,0.89743,0.89754,2.25,1.88
2011.06.29 14:52:12.530,0.89743,0.89755,2.25,2.10
2011.06.29 14:52:13.201,0.89743,0.89755,2.25,1.35
2011.06.29 14:52:13.640,0.89743,0.89755,2.25,3.23
2011.06.29 14:52:13.749,0.89743,0.89755,2.25,2.10
2011.06.29 14:52:14.299,0.89743,0.89754,2.25,1.50
2011.06.29 14:52:18.822,0.89743,0.89753,2.25,1.50
2011.06.29 14:52:18.947,0.8974,0.89754,6.00,2.25
2011.06.29 14:52:19.285,0.8974,0.89752,2.25,2.10
2011.06.29 14:52:19.838,0.8974,0.89753,3.00,2.85
2011.06.29 14:52:20.729,0.8974,0.89752,3.75,1.35
2011.06.29 14:52:21.059,0.8974,0.89751,2.25,1.13
2011.06.29 14:52:21.609,0.8974,0.89752,3.00,2.10
2011.06.29 14:52:22.489,0.8974,0.89752,2.25,2.10
2011.06.29 14:52:23.113,0.8974,0.89752,2.25,2.10
2011.06.29 14:52:23.670,0.8974,0.89752,3.00,2.10
2011.06.29 14:52:24.001,0.8974,0.89751,3.00,1.35
2011.06.29 14:52:24.220,0.89741,0.89751,1.13,2.10
2011.06.29 14:52:24.551,0.89739,0.89751,3.75,2.10
2011.06.29 14:52:24.881,0.89737,0.89749,1.50,2.10
2011.06.29 14:52:25.430,0.89736,0.89749,3.75,2.10
2011.06.29 14:52:25.979,0.89736,0.89749,3.75,2.10
2011.06.29 14:52:27.688,0.89737,0.89749,2.25,2.10
2011.06.29 14:52:28.679,0.89736,0.89749,3.75,2.10
2011.06.29 14:52:29.229,0.89736,0.89749,4.50,2.10
2011.06.29 14:52:29.780,0.89736,0.89749,3.75,1.35
2011.06.29 14:52:30.113,0.89736,0.89746,2.25,1.50
2011.06.29 14:52:30.672,0.89735,0.89747,2.25,1.50
2011.06.29 14:52:30.780,0.89736,0.89748,1.50,3.75
2011.06.29 14:52:31.001,0.89736,0.89749,2.25,2.10
2011.06.29 14:52:31.550,0.89736,0.89749,2.25,1.35
2011.06.29 14:52:31.663,0.89736,0.8975,5.25,3.60
2011.06.29 14:52:32.308,0.89738,0.89749,3.00,1.35
2011.06.29 14:52:34.400,0.89738,0.89749,3.00,1.35
2011.06.29 14:52:36.181,0.89738,0.89748,3.00,1.13
2011.06.29 14:52:36.514,0.89736,0.89744,3.00,2.25
2011.06.29 14:52:36.631,0.89733,0.89744,6.00,2.25
2011.06.29 14:52:37.056,0.89735,0.89747,1.50,1.50
2011.06.29 14:52:37.272,0.89736,0.89749,5.25,2.10
2011.06.29 14:52:37.602,0.89738,0.8975,1.13,5.85
2011.06.29 14:52:37.712,0.89736,0.89749,4.50,1.35
2011.06.29 14:52:38.258,0.89738,0.89749,3.00,1.35
2011.06.29 14:52:38.810,0.89738,0.89749,4.50,1.35
2011.06.29 14:52:40.031,0.89738,0.8975,3.75,2.10
2011.06.29 14:52:40.580,0.89738,0.89749,3.00,2.10
2011.06.29 14:52:41.021,0.89743,0.8975,1.50,2.10
2011.06.29 14:52:41.525,0.89741,0.8975,1.13,2.10
2011.06.29 14:52:41.641,0.8974,0.8975,1.50,2.10
2011.06.29 14:52:42.189,0.89739,0.89751,1.88,1.35
2011.06.29 14:52:42.740,0.89739,0.8975,1.50,2.10
2011.06.29 14:52:43.292,0.89739,0.89752,1.50,1.35
2011.06.29 14:52:43.749,0.89742,0.89752,1.13,1.35
2011.06.29 14:52:44.520,0.89742,0.8975,1.13,2.10
2011.06.29 14:52:44.850,0.89742,0.89754,1.13,2.85
2011.06.29 14:52:45.179,0.89741,0.89754,3.00,2.85
2011.06.29 14:52:45.619,0.89743,0.89754,1.13,3.60
2011.06.29 14:52:46.166,0.89742,0.89753,3.00,1.50
2011.06.29 14:52:46.280,0.89743,0.89753,1.13,1.50
2011.06.29 14:52:46.831,0.89743,0.89752,1.13,1.50
2011.06.29 14:52:47.162,0.89746,0.89754,1.13,2.85
2011.06.29 14:52:47.492,0.89746,0.89756,1.13,3.60
2011.06.29 14:52:47.710,0.89746,0.89754,1.13,2.10
2011.06.29 14:52:48.592,0.89743,0.89754,4.50,2.85
2011.06.29 14:52:49.151,0.89739,0.89751,3.00,1.50
2011.06.29 14:52:49.806,0.89739,0.8975,4.13,1.50
2011.06.29 14:52:50.252,0.89743,0.89752,1.13,2.25
2011.06.29 14:52:50.582,0.89745,0.89752,1.13,1.50
2011.06.29 14:52:50.704,0.89741,0.89753,1.50,1.50
2011.06.29 14:52:51.259,0.8974,0.89753,1.88,1.50
2011.06.29 14:52:51.370,0.8974,0.89753,1.13,1.50
2011.06.29 14:52:51.479,0.89739,0.89753,4.50,2.25
2011.06.29 14:52:52.029,0.89739,0.89752,3.75,1.50
2011.06.29 14:52:54.561,0.89739,0.8975,3.00,1.50
2011.06.29 14:52:55.112,0.89737,0.89749,3.75,1.50
2011.06.29 14:52:55.443,0.89737,0.89748,3.00,1.50
2011.06.29 14:52:55.780,0.89739,0.89748,1.13,1.50
2011.06.29 14:52:56.111,0.89742,0.89748,1.13,1.50
2011.06.29 14:52:56.810,0.89742,0.89754,1.13,4.35
2011.06.29 14:52:56.933,0.89741,0.89754,3.00,2.10
2011.06.29 14:52:57.491,0.89741,0.89754,3.75,3.60
2011.06.29 14:52:57.710,0.89742,0.89754,3.00,2.85
2011.06.29 14:52:59.252,0.89743,0.89754,1.50,2.85
2011.06.29 14:52:59.802,0.89743,0.89754,1.50,2.85
2011.06.29 14:53:00.810,0.89742,0.89754,1.88,2.85
2011.06.29 14:53:02.353,0.89742,0.89754,3.75,2.85
2011.06.29 14:53:04.018,0.89743,0.89754,2.63,2.10
2011.06.29 14:53:04.463,0.89745,0.89754,1.13,2.10
2011.06.29 14:53:04.692,0.89744,0.89754,1.13,2.10
2011.06.29 14:53:05.142,0.89746,0.89754,1.88,2.10
2011.06.29 14:53:05.701,0.89746,0.89754,1.13,2.10
2011.06.29 14:53:06.470,0.89746,0.89754,1.50,2.10
2011.06.29 14:53:07.020,0.89746,0.89754,1.13,2.10
2011.06.29 14:53:07.628,0.89745,0.89754,1.88,2.10
2011.06.29 14:53:10.169,0.89744,0.89754,1.50,2.10
2011.06.29 14:53:11.240,0.89744,0.89754,1.13,2.85
2011.06.29 14:53:11.350,0.89742,0.89754,1.50,2.85
2011.06.29 14:53:11.900,0.89742,0.89754,1.88,2.85
2011.06.29 14:53:12.561,0.89744,0.89754,4.13,2.85
2011.06.29 14:53:13.314,0.89744,0.89755,3.00,2.85
2011.06.29 14:53:13.871,0.89744,0.89754,1.50,2.10
2011.06.29 14:53:14.419,0.89742,0.89754,3.75,1.35
2011.06.29 14:53:16.621,0.89744,0.89754,1.50,1.35
2011.06.29 14:53:17.138,0.89747,0.89754,1.50,1.35
2011.06.29 14:53:17.909,0.89748,0.89755,1.50,2.10
2011.06.29 14:53:18.245,0.89748,0.89758,1.88,2.85
2011.06.29 14:53:18.584,0.8975,0.89759,1.13,2.10
2011.06.29 14:53:18.922,0.8975,0.8976,1.88,2.10
2011.06.29 14:53:19.033,0.89752,0.8976,1.13,2.85
2011.06.29 14:53:19.151,0.89753,0.8976,1.13,2.85
2011.06.29 14:53:21.263,0.8975,0.8976,1.88,2.85
2011.06.29 14:53:21.821,0.89747,0.8976,1.50,2.85
2011.06.29 14:53:22.372,0.89748,0.89758,1.50,2.85
2011.06.29 14:53:22.480,0.89748,0.89758,1.88,2.85
2011.06.29 14:53:23.030,0.89749,0.89758,1.50,2.10
2011.06.29 14:53:24.481,0.89751,0.89758,1.13,2.10
2011.06.29 14:53:24.699,0.89749,0.89758,1.50,2.10
2011.06.29 14:53:25.248,0.89748,0.89758,1.50,2.10
2011.06.29 14:53:26.049,0.89748,0.89758,1.50,2.10
2011.06.29 14:53:27.821,0.89746,0.89758,1.50,2.85
2011.06.29 14:53:28.480,0.89745,0.89758,3.00,3.60
2011.06.29 14:53:28.700,0.89745,0.89755,2.25,2.10
2011.06.29 14:53:28.811,0.89743,0.89755,3.00,2.10
2011.06.29 14:53:29.361,0.89742,0.89755,3.00,2.85
2011.06.29 14:53:29.473,0.89743,0.89755,1.50,2.85
2011.06.29 14:53:29.811,0.89745,0.89755,1.13,2.85
2011.06.29 14:53:30.471,0.89745,0.89757,1.88,2.85
2011.06.29 14:53:31.022,0.89745,0.89756,3.00,1.35
2011.06.29 14:53:31.250,0.89743,0.89756,3.75,3.60
2011.06.29 14:53:31.742,0.89748,0.89756,1.13,2.10
2011.06.29 14:53:31.861,0.89747,0.8976,3.00,2.85
2011.06.29 14:53:32.410,0.89749,0.8976,1.50,2.85
2011.06.29 14:53:32.961,0.89749,0.8976,1.50,2.85
2011.06.29 14:53:33.510,0.89749,0.8976,1.50,2.85
2011.06.29 14:53:34.279,0.89749,0.8976,1.50,2.85
2011.06.29 14:53:35.420,0.89748,0.8976,2.25,5.10
2011.06.29 14:53:36.612,0.89748,0.8976,3.00,2.85
2011.06.29 14:53:37.163,0.89748,0.8976,1.50,5.10
2011.06.29 14:53:37.719,0.89748,0.8976,3.75,2.85
2011.06.29 14:53:37.829,0.89748,0.8976,4.13,2.85
2011.06.29 14:53:38.379,0.89749,0.89761,1.50,1.35
2011.06.29 14:53:38.818,0.89749,0.89761,2.25,1.35
2011.06.29 14:53:40.767,0.89751,0.89761,1.88,1.35
2011.06.29 14:53:41.320,0.89749,0.89761,3.00,1.35
2011.06.29 14:53:41.873,0.89752,0.89761,1.13,1.35
2011.06.29 14:53:42.210,0.8975,0.89761,1.50,1.35
2011.06.29 14:53:42.650,0.89753,0.89761,1.13,1.35
2011.06.29 14:53:42.870,0.89751,0.89762,1.13,5.10
2011.06.29 14:53:43.550,0.8975,0.89761,1.50,1.35
2011.06.29 14:53:44.159,0.89748,0.8976,3.75,1.50
2011.06.29 14:53:44.600,0.89748,0.89756,3.75,1.88
2011.06.29 14:53:44.709,0.89748,0.89757,3.75,1.50
2011.06.29 14:53:45.044,0.89745,0.89758,2.25,2.85
2011.06.29 14:53:45.164,0.89747,0.89758,1.13,2.10
2011.06.29 14:53:45.721,0.89748,0.89759,3.38,2.85
2011.06.29 14:53:46.269,0.89749,0.89761,1.50,2.10
2011.06.29 14:53:46.601,0.89753,0.89761,1.13,1.35
2011.06.29 14:53:46.957,0.89751,0.89761,1.50,1.35
2011.06.29 14:53:47.076,0.89751,0.89761,1.50,1.35
2011.06.29 14:53:48.183,0.89751,0.89761,1.88,1.35
2011.06.29 14:53:49.790,0.89751,0.89761,1.50,1.35
2011.06.29 14:53:50.274,0.89753,0.89761,1.13,1.35
2011.06.29 14:53:50.830,0.89749,0.89761,3.75,1.35
2011.06.29 14:53:51.380,0.89749,0.89761,1.50,1.35
2011.06.29 14:53:51.490,0.89748,0.89761,3.00,2.10
2011.06.29 14:53:52.039,0.89748,0.89761,3.75,1.35
2011.06.29 14:53:53.051,0.89749,0.89761,1.50,1.35
2011.06.29 14:53:53.271,0.89748,0.89761,3.00,2.10
2011.06.29 14:53:55.040,0.89748,0.89759,3.00,1.13
2011.06.29 14:53:56.607,0.89748,0.89761,3.00,2.10
2011.06.29 14:53:56.724,0.89748,0.89761,3.75,1.35
2011.06.29 14:53:57.170,0.89748,0.89761,3.00,1.35
2011.06.29 14:53:57.865,0.89748,0.89761,3.00,2.10
2011.06.29 14:53:57.996,0.8975,0.89761,1.88,1.35
2011.06.29 14:53:58.771,0.89755,0.89761,1.13,1.35
2011.06.29 14:53:58.989,0.89754,0.89766,1.50,5.85
2011.06.29 14:53:59.101,0.89754,0.89766,1.50,5.10
2011.06.29 14:53:59.430,0.89755,0.89768,1.50,3.00
2011.06.29 14:53:59.980,0.89756,0.89769,2.25,3.00
2011.06.29 14:54:00.421,0.89757,0.89769,1.88,3.00
2011.06.29 14:54:01.373,0.89759,0.89771,1.50,3.08
2011.06.29 14:54:01.709,0.89759,0.8977,1.13,2.25
2011.06.29 14:54:01.930,0.89759,0.8977,1.88,1.58
2011.06.29 14:54:02.480,0.89759,0.8977,1.88,1.58
2011.06.29 14:54:03.249,0.89758,0.89771,2.25,3.08
2011.06.29 14:54:04.352,0.89757,0.89771,4.50,3.08
2011.06.29 14:54:04.998,0.89758,0.89771,1.50,3.08
2011.06.29 14:54:05.114,0.89758,0.8977,2.25,3.00
2011.06.29 14:54:05.670,0.89758,0.8977,2.25,3.00
2011.06.29 14:54:06.219,0.89758,0.8977,1.50,3.00
2011.06.29 14:54:06.549,0.89759,0.8977,1.88,3.00
2011.06.29 14:54:08.629,0.89759,0.8977,1.88,3.00
2011.06.29 14:54:09.193,0.89759,0.8977,1.50,3.08
2011.06.29 14:54:09.420,0.89761,0.8977,1.13,3.00
2011.06.29 14:54:09.539,0.89761,0.89771,1.13,3.00
2011.06.29 14:54:10.092,0.89762,0.89773,1.13,3.00
2011.06.29 14:54:10.650,0.89762,0.89773,1.50,3.00
2011.06.29 14:54:12.411,0.89762,0.89773,1.50,3.75
2011.06.29 14:54:15.119,0.89762,0.89772,2.25,1.13
2011.06.29 14:54:15.560,0.89762,0.89772,2.25,1.13
2011.06.29 14:54:15.890,0.89762,0.89772,1.50,1.13
2011.06.29 14:54:16.332,0.89761,0.89772,2.25,1.13
2011.06.29 14:54:16.879,0.89762,0.89772,1.50,1.13
2011.06.29 14:54:17.321,0.89758,0.89772,1.50,1.13
2011.06.29 14:54:17.434,0.89761,0.89772,1.13,1.13
2011.06.29 14:54:17.857,0.89756,0.89771,4.13,3.75
2011.06.29 14:54:17.973,0.89759,0.89771,1.13,3.00
2011.06.29 14:54:18.201,0.89757,0.89771,1.50,3.00
2011.06.29 14:54:19.301,0.89757,0.89771,1.50,1.50
2011.06.29 14:54:19.741,0.89756,0.8977,3.75,3.75
2011.06.29 14:54:20.288,0.89756,0.8977,3.00,4.50
2011.06.29 14:54:21.400,0.89754,0.89768,3.75,5.85
2011.06.29 14:54:21.730,0.89755,0.89768,1.50,5.85
2011.06.29 14:54:22.456,0.89755,0.89768,3.75,3.60
2011.06.29 14:54:23.710,0.89755,0.89768,1.88,5.85
2011.06.29 14:54:24.260,0.89756,0.89768,1.50,3.60
2011.06.29 14:54:24.590,0.89754,0.89767,3.00,1.13
2011.06.29 14:54:24.811,0.89752,0.89764,3.00,3.60
2011.06.29 14:54:24.921,0.89751,0.89763,4.50,2.85
2011.06.29 14:54:25.473,0.8975,0.89762,1.13,2.25
2011.06.29 14:54:26.079,0.8975,0.89762,1.13,1.50
2011.06.29 14:54:26.629,0.8975,0.89763,1.13,3.60
2011.06.29 14:54:26.850,0.89752,0.89763,1.13,2.85
2011.06.29 14:54:26.960,0.89752,0.89763,1.13,2.85
2011.06.29 14:54:27.729,0.89751,0.89763,1.88,2.85
2011.06.29 14:54:28.278,0.89751,0.89763,1.13,2.85
2011.06.29 14:54:29.819,0.89751,0.89763,1.13,3.60
2011.06.29 14:54:30.041,0.89753,0.89763,1.13,2.85
2011.06.29 14:54:30.531,0.8975,0.89764,3.75,3.00
2011.06.29 14:54:30.749,0.89753,0.89763,1.13,1.35
2011.06.29 14:54:32.529,0.89754,0.89763,1.13,1.35
2011.06.29 14:54:32.755,0.89755,0.89766,1.13,2.10
2011.06.29 14:54:33.860,0.89756,0.89767,1.13,2.10
2011.06.29 14:54:34.900,0.89758,0.89767,1.13,1.35
2011.06.29 14:54:35.231,0.89755,0.89767,1.13,1.35
2011.06.29 14:54:36.021,0.89751,0.89763,1.50,1.35
2011.06.29 14:54:36.147,0.89752,0.89763,1.13,2.10
2011.06.29 14:54:36.592,0.8975,0.89762,3.00,1.50
2011.06.29 14:54:37.151,0.8975,0.89762,2.25,1.50
2011.06.29 14:54:38.470,0.89749,0.89762,2.25,1.50
2011.06.29 14:54:39.020,0.89749,0.89763,3.00,3.75
2011.06.29 14:54:41.771,0.89749,0.89761,2.25,1.50
2011.06.29 14:54:41.994,0.89748,0.89761,1.50,2.25
2011.06.29 14:54:42.223,0.89749,0.89763,3.38,3.75
2011.06.29 14:54:42.780,0.89748,0.89762,3.00,2.25
2011.06.29 14:54:43.599,0.89748,0.89761,3.00,1.50
2011.06.29 14:54:44.109,0.89748,0.89762,3.00,1.50
2011.06.29 14:54:44.219,0.89748,0.89762,4.13,1.50
2011.06.29 14:54:44.439,0.89748,0.89761,3.00,1.50
2011.06.29 14:54:44.992,0.89748,0.89761,3.00,1.50
2011.06.29 14:54:45.431,0.89751,0.89764,1.88,5.85
2011.06.29 14:54:45.761,0.89749,0.89764,4.50,3.60
2011.06.29 14:54:46.200,0.89749,0.89763,4.50,3.00
2011.06.29 14:54:46.641,0.89749,0.89764,1.50,5.85
2011.06.29 14:54:47.080,0.8975,0.89764,3.00,5.85
2011.06.29 14:54:47.788,0.8975,0.89764,3.00,5.85
2011.06.29 14:54:48.010,0.8975,0.89764,3.75,5.10
2011.06.29 14:54:50.789,0.89751,0.89763,1.50,1.35
2011.06.29 14:54:54.337,0.89752,0.89763,1.88,1.35
2011.06.29 14:54:54.459,0.89754,0.89768,2.48,3.75
2011.06.29 14:54:54.683,0.89754,0.89768,2.10,3.75
2011.06.29 14:54:55.350,0.89753,0.89766,1.50,5.10
2011.06.29 14:54:55.939,0.89753,0.89766,1.50,5.10
2011.06.29 14:54:56.510,0.89752,0.89766,1.50,5.10
2011.06.29 14:54:56.839,0.89753,0.89766,1.13,5.10
2011.06.29 14:54:57.060,0.89751,0.89766,1.50,5.10
2011.06.29 14:54:57.172,0.89753,0.89766,1.13,5.10
2011.06.29 14:54:57.729,0.89753,0.89766,1.13,5.85
2011.06.29 14:54:59.420,0.89752,0.89764,1.50,2.85
2011.06.29 14:54:59.530,0.89759,0.89766,1.13,3.75
2011.06.29 14:54:59.645,0.89759,0.89766,1.13,4.35
2011.06.29 14:54:59.764,0.89761,0.89768,1.13,3.75
2011.06.29 14:54:59.882,0.89761,0.89768,1.13,3.00
2011.06.29 14:55:00.004,0.89759,0.89771,4.13,1.50
2011.06.29 14:55:00.232,0.89757,0.89773,3.75,6.75
2011.06.29 14:55:00.342,0.89757,0.8977,2.25,1.50
2011.06.29 14:55:00.889,0.89757,0.8977,2.25,1.50
2011.06.29 14:55:01.439,0.89757,0.89771,2.25,2.25
2011.06.29 14:55:01.772,0.89758,0.89772,3.75,1.50
2011.06.29 14:55:02.351,0.89759,0.89773,3.00,3.00
2011.06.29 14:55:02.681,0.89758,0.8977,3.75,2.85
2011.06.29 14:55:03.229,0.89758,0.89771,3.75,1.35
2011.06.29 14:55:03.781,0.89758,0.89771,4.13,1.35
2011.06.29 14:55:04.769,0.89758,0.8977,3.38,3.60
2011.06.29 14:55:04.988,0.89758,0.8977,3.00,3.60
2011.06.29 14:55:05.538,0.89758,0.8977,3.00,3.60
2011.06.29 14:55:05.869,0.89758,0.8977,3.75,3.60
2011.06.29 14:55:06.391,0.89765,0.89772,1.13,1.35
2011.06.29 14:55:06.516,0.89763,0.89772,1.13,1.35
2011.06.29 14:55:07.071,0.89762,0.89772,1.50,1.35
2011.06.29 14:55:07.181,0.89763,0.89772,1.13,1.35
2011.06.29 14:55:07.731,0.89764,0.89772,1.13,1.35
2011.06.29 14:55:08.390,0.89766,0.89773,1.13,2.85
2011.06.29 14:55:10.371,0.89769,0.89775,1.13,2.25
2011.06.29 14:55:10.891,0.89767,0.89775,1.13,2.85
2011.06.29 14:55:11.009,0.89763,0.89774,3.75,1.50
2011.06.29 14:55:11.233,0.89761,0.89774,3.00,1.50
2011.06.29 14:55:11.572,0.89762,0.8977,1.13,1.35
2011.06.29 14:55:11.795,0.89756,0.89766,1.13,1.50
2011.06.29 14:55:12.350,0.89756,0.89768,2.25,2.25
2011.06.29 14:55:12.466,0.89754,0.89766,4.50,1.50
2011.06.29 14:55:12.690,0.89756,0.89766,2.25,1.50
2011.06.29 14:55:13.022,0.89756,0.89767,2.25,1.50
2011.06.29 14:55:13.874,0.89757,0.89766,2.25,1.50
2011.06.29 14:55:13.993,0.89753,0.89765,4.50,1.50
2011.06.29 14:55:14.551,0.89752,0.89763,5.25,1.50
2011.06.29 14:55:14.989,0.89752,0.89764,3.75,2.25
2011.06.29 14:55:16.310,0.89752,0.89764,4.50,1.50
2011.06.29 14:55:16.860,0.89753,0.89766,1.50,1.50
2011.06.29 14:55:22.710,0.89753,0.89764,1.50,1.50
2011.06.29 14:55:22.932,0.89753,0.89766,2.63,1.50
2011.06.29 14:55:23.051,0.89755,0.89766,1.13,1.50
2011.06.29 14:55:23.382,0.89756,0.89769,1.50,4.35
2011.06.29 14:55:23.930,0.89755,0.89768,3.75,1.50
2011.06.29 14:55:24.479,0.89755,0.89768,3.00,1.50
2011.06.29 14:55:26.030,0.89755,0.89768,3.00,1.88
2011.06.29 14:55:26.360,0.89755,0.89768,3.00,1.88
2011.06.29 14:55:26.909,0.89753,0.89766,3.75,1.50
2011.06.29 14:55:27.460,0.89753,0.89766,3.75,2.25
2011.06.29 14:55:31.042,0.89753,0.89767,4.50,1.50
2011.06.29 14:55:31.686,0.89753,0.89766,5.25,1.50
2011.06.29 14:55:32.239,0.89753,0.89767,2.25,2.25
2011.06.29 14:55:32.571,0.89753,0.89765,2.25,1.13
2011.06.29 14:55:32.901,0.89753,0.89766,3.75,1.50
2011.06.29 14:55:33.233,0.89764,0.89773,1.50,2.10
2011.06.29 14:55:33.353,0.89766,0.89773,1.88,2.85
2011.06.29 14:55:34.202,0.89767,0.89773,1.50,2.10
2011.06.29 14:55:34.329,0.8976,0.89772,1.50,3.60
2011.06.29 14:55:34.551,0.89759,0.89772,1.50,4.35
2011.06.29 14:55:35.099,0.89763,0.89772,1.50,3.60
2011.06.29 14:55:35.649,0.89763,0.89772,1.50,3.60
2011.06.29 14:55:36.309,0.89762,0.89772,1.50,3.60
2011.06.29 14:55:38.929,0.89767,0.89773,1.13,4.50
2011.06.29 14:55:39.042,0.89765,0.89773,1.88,2.85
2011.06.29 14:55:39.592,0.89761,0.89772,1.50,1.35
2011.06.29 14:55:40.482,0.89763,0.89771,1.50,1.50
2011.06.29 14:55:40.814,0.89759,0.89765,1.50,2.10
2011.06.29 14:55:41.191,0.89759,0.89771,1.50,3.00
2011.06.29 14:55:41.740,0.89761,0.89771,1.50,3.00
2011.06.29 14:55:42.425,0.89763,0.89772,1.50,3.00
2011.06.29 14:55:42.871,0.89765,0.89774,1.50,2.63
2011.06.29 14:55:43.419,0.89763,0.89774,2.25,2.25
2011.06.29 14:55:43.968,0.89763,0.89774,2.25,2.25
2011.06.29 14:55:44.411,0.89764,0.89772,1.50,2.25
2011.06.29 14:55:47.209,0.89762,0.89772,1.50,3.00
2011.06.29 14:55:48.312,0.89766,0.89772,1.13,2.25
2011.06.29 14:55:48.763,0.89763,0.89773,1.88,3.00
2011.06.29 14:55:48.881,0.89762,0.89775,3.75,1.35
2011.06.29 14:55:48.990,0.89762,0.89775,4.50,1.35
2011.06.29 14:55:49.350,0.89765,0.89775,1.13,1.35
2011.06.29 14:55:49.465,0.89763,0.89776,1.50,5.10
2011.06.29 14:55:49.691,0.89764,0.89776,1.50,5.10
2011.06.29 14:55:49.916,0.89762,0.89775,3.75,1.35
2011.06.29 14:55:50.143,0.89762,0.89773,3.00,2.10
2011.06.29 14:55:50.376,0.89761,0.89773,1.50,2.85
2011.06.29 14:55:50.716,0.8976,0.89768,1.13,2.10
2011.06.29 14:55:51.271,0.89759,0.89768,1.13,2.10
2011.06.29 14:55:51.602,0.89759,0.89768,1.50,2.10
2011.06.29 14:55:52.277,0.89759,0.89768,1.88,2.10
2011.06.29 14:55:52.940,0.89759,0.89768,1.50,2.10
2011.06.29 14:55:55.469,0.8976,0.89768,1.13,2.10
2011.06.29 14:55:56.949,0.89758,0.89768,1.88,2.10
2011.06.29 14:55:57.869,0.89758,0.89768,1.50,2.10
2011.06.29 14:55:58.090,0.89756,0.89768,3.00,2.10
2011.06.29 14:55:58.205,0.89756,0.89764,2.25,2.10
2011.06.29 14:55:58.327,0.89753,0.89764,5.25,2.10
2011.06.29 14:55:58.666,0.8975,0.89762,3.00,2.10
2011.06.29 14:55:59.231,0.89751,0.89764,1.50,5.10
2011.06.29 14:55:59.659,0.89754,0.89766,1.50,2.85
2011.06.29 14:55:59.883,0.89756,0.89766,1.88,2.10
2011.06.29 14:56:00.223,0.89758,0.89766,1.88,2.10
2011.06.29 14:56:00.564,0.89761,0.89772,1.13,3.75
2011.06.29 14:56:01.121,0.89758,0.89772,1.50,1.50
2011.06.29 14:56:01.673,0.89758,0.89771,1.50,1.35
2011.06.29 14:56:02.073,0.89756,0.89768,4.13,3.00
2011.06.29 14:56:02.631,0.89756,0.89769,2.25,2.25
2011.06.29 14:56:03.073,0.89754,0.89767,1.50,3.75
2011.06.29 14:56:03.519,0.89753,0.89766,3.75,1.88
2011.06.29 14:56:03.739,0.89753,0.89766,4.13,1.50
2011.06.29 14:56:04.871,0.89753,0.89767,4.50,3.75
2011.06.29 14:56:05.419,0.89753,0.89766,4.13,2.85
2011.06.29 14:56:06.197,0.89753,0.89766,3.75,3.60
2011.06.29 14:56:06.534,0.89753,0.89766,4.88,2.85
2011.06.29 14:56:08.211,0.89754,0.89766,1.50,2.85
2011.06.29 14:56:08.760,0.89754,0.89766,2.25,2.85
2011.06.29 14:56:09.281,0.89754,0.89766,2.25,2.10
2011.06.29 14:56:09.832,0.89754,0.89766,2.25,2.85
2011.06.29 14:56:10.062,0.89756,0.89769,1.13,1.73
2011.06.29 14:56:10.391,0.89756,0.89769,3.75,1.35
2011.06.29 14:56:11.051,0.89756,0.89768,1.50,2.25
2011.06.29 14:56:11.162,0.89759,0.89767,1.13,2.25
2011.06.29 14:56:11.392,0.89755,0.89767,1.50,3.00
2011.06.29 14:56:11.501,0.89758,0.89767,1.13,3.00
2011.06.29 14:56:11.611,0.89756,0.8977,3.00,5.10
2011.06.29 14:56:11.830,0.89759,0.8977,1.50,2.85
2011.06.29 14:56:12.364,0.89758,0.89769,3.75,1.35
2011.06.29 14:56:12.700,0.89761,0.89769,1.13,1.35
2011.06.29 14:56:12.920,0.89759,0.89769,1.50,1.35
2011.06.29 14:56:13.911,0.89761,0.89769,1.13,1.35
2011.06.29 14:56:14.239,0.89759,0.89769,2.25,1.35
2011.06.29 14:56:14.572,0.89757,0.89766,1.88,2.10
2011.06.29 14:56:16.651,0.89758,0.89767,1.13,1.50
2011.06.29 14:56:16.981,0.89759,0.89769,1.50,2.10
2011.06.29 14:56:17.529,0.89758,0.89769,1.50,2.10
2011.06.29 14:56:17.971,0.89758,0.89767,1.88,2.10
2011.06.29 14:56:18.629,0.89758,0.89766,1.13,1.35
2011.06.29 14:56:19.001,0.89756,0.89766,1.88,1.35
2011.06.29 14:56:20.495,0.89759,0.89769,1.13,2.10
2011.06.29 14:56:20.612,0.89759,0.89769,1.13,2.10
2011.06.29 14:56:20.736,0.8976,0.89769,1.50,1.35
2011.06.29 14:56:21.071,0.89758,0.8977,1.13,3.60
2011.06.29 14:56:21.401,0.89758,0.89769,1.13,4.35
2011.06.29 14:56:21.840,0.89758,0.89767,1.13,1.50
2011.06.29 14:56:21.950,0.89756,0.89767,1.88,1.50
2011.06.29 14:56:22.500,0.89754,0.89766,2.25,3.60
2011.06.29 14:56:22.611,0.89754,0.89766,1.13,3.60
2011.06.29 14:56:22.939,0.89754,0.89766,2.25,3.60
2011.06.29 14:56:24.668,0.89754,0.89763,1.13,1.50
2011.06.29 14:56:24.788,0.89752,0.89763,3.00,1.50
2011.06.29 14:56:25.340,0.89752,0.89763,3.75,1.50
2011.06.29 14:56:25.671,0.89754,0.89764,1.13,1.50
2011.06.29 14:56:26.003,0.89752,0.89766,4.50,6.60
2011.06.29 14:56:26.231,0.89755,0.89766,1.13,5.85
2011.06.29 14:56:26.341,0.89752,0.89766,4.50,5.85
2011.06.29 14:56:26.891,0.89753,0.89766,1.88,5.85
2011.06.29 14:56:27.439,0.89753,0.89766,3.00,3.60
2011.06.29 14:56:28.746,0.89753,0.89765,3.38,1.50
2011.06.29 14:56:30.091,0.89753,0.89766,3.00,3.60
2011.06.29 14:56:30.532,0.89756,0.89766,1.13,3.60
2011.06.29 14:56:30.642,0.89753,0.89766,3.38,3.60
2011.06.29 14:56:31.189,0.89753,0.89765,4.13,1.50
2011.06.29 14:56:31.961,0.89753,0.89761,4.13,2.10
2011.06.29 14:56:32.477,0.89755,0.89766,1.50,1.35
2011.06.29 14:56:33.032,0.89755,0.89765,1.50,1.50
2011.06.29 14:56:33.361,0.89755,0.89766,1.13,1.35
2011.06.29 14:56:34.021,0.89755,0.89766,1.13,2.10
2011.06.29 14:56:36.899,0.89755,0.89766,1.88,2.10
2011.06.29 14:56:38.016,0.89754,0.89765,1.13,1.50
2011.06.29 14:56:39.231,0.89753,0.89765,1.88,1.50
2011.06.29 14:56:39.779,0.89754,0.89765,1.13,1.50
2011.06.29 14:56:40.330,0.89754,0.89766,1.13,2.10
2011.06.29 14:56:40.991,0.89754,0.89765,1.50,2.25
2011.06.29 14:56:41.211,0.89754,0.89766,2.25,1.35
2011.06.29 14:56:41.430,0.89758,0.89766,1.13,1.35
2011.06.29 14:56:41.650,0.89755,0.89766,1.50,1.35
2011.06.29 14:56:42.306,0.89753,0.89766,1.13,1.35
2011.06.29 14:56:42.424,0.89754,0.89766,1.88,1.35
2011.06.29 14:56:43.201,0.89753,0.89766,1.50,1.35
2011.06.29 14:56:43.751,0.89755,0.89766,1.13,1.43
2011.06.29 14:56:44.300,0.89756,0.89766,1.13,1.35
2011.06.29 14:56:44.631,0.8976,0.89767,1.13,3.60
2011.06.29 14:56:44.962,0.89757,0.89767,1.88,2.85
2011.06.29 14:56:45.746,0.89757,0.89766,1.13,2.10
2011.06.29 14:56:45.972,0.89754,0.89766,4.13,2.10
2011.06.29 14:56:47.408,0.89754,0.89766,1.50,2.10
2011.06.29 14:56:47.629,0.89756,0.89766,1.13,2.10
2011.06.29 14:56:48.180,0.89757,0.89767,1.13,5.10
2011.06.29 14:56:49.749,0.89756,0.89767,1.88,5.10
2011.06.29 14:56:49.970,0.89755,0.89766,1.50,1.35
2011.06.29 14:56:50.301,0.89753,0.89765,3.38,1.50
2011.06.29 14:56:50.411,0.89753,0.89765,2.25,1.50
2011.06.29 14:56:50.921,0.89753,0.89764,2.25,1.50
2011.06.29 14:56:51.033,0.89756,0.89764,1.13,1.50
2011.06.29 14:56:51.591,0.89756,0.89767,1.88,5.85
2011.06.29 14:56:53.240,0.8976,0.89767,1.13,5.10
2011.06.29 14:56:53.790,0.89761,0.89767,1.88,2.25
2011.06.29 14:56:55.023,0.89761,0.89767,1.50,2.25
2011.06.29 14:56:55.585,0.89761,0.89767,1.88,2.25
2011.06.29 14:56:55.705,0.89762,0.89771,1.13,3.60
2011.06.29 14:56:56.041,0.8976,0.89772,1.50,1.35
2011.06.29 14:56:56.151,0.89759,0.8977,3.75,2.10
2011.06.29 14:56:57.141,0.89761,0.89769,1.50,1.35
2011.06.29 14:56:57.580,0.89759,0.89769,1.50,1.35
2011.06.29 14:56:58.840,0.8976,0.89769,1.50,1.35
2011.06.29 14:56:59.500,0.89761,0.89769,1.50,1.35
2011.06.29 14:57:00.381,0.89758,0.89769,4.50,1.35
2011.06.29 14:57:00.928,0.89759,0.8977,2.25,2.10
2011.06.29 14:57:02.171,0.8976,0.8977,1.50,2.10
2011.06.29 14:57:02.709,0.8976,0.8977,1.50,2.10
2011.06.29 14:57:03.591,0.89759,0.89769,1.50,1.35
2011.06.29 14:57:03.701,0.89761,0.89769,1.13,1.35
2011.06.29 14:57:04.033,0.89763,0.8977,1.13,2.10
2011.06.29 14:57:04.154,0.89763,0.8977,1.88,2.10
2011.06.29 14:57:04.274,0.89765,0.89772,1.13,3.00
2011.06.29 14:57:04.500,0.89765,0.89772,1.13,1.35
2011.06.29 14:57:05.710,0.89764,0.89772,1.50,1.35
2011.06.29 14:57:05.820,0.89765,0.89772,1.13,1.35
2011.06.29 14:57:06.150,0.89763,0.89774,2.25,5.48
2011.06.29 14:57:06.933,0.89763,0.89772,2.25,2.10
2011.06.29 14:57:07.495,0.89766,0.89771,1.50,1.35
2011.06.29 14:57:07.939,0.89765,0.89771,1.50,1.35
2011.06.29 14:57:08.493,0.89763,0.89771,1.50,2.10
2011.06.29 14:57:09.050,0.89762,0.89771,1.50,2.85
2011.06.29 14:57:09.709,0.89762,0.89771,1.50,2.10
2011.06.29 14:57:10.811,0.89758,0.89771,3.75,2.85
2011.06.29 14:57:11.174,0.89758,0.89768,3.75,2.10
2011.06.29 14:57:11.520,0.89755,0.89765,1.88,2.10
2011.06.29 14:57:12.181,0.89758,0.89765,1.13,2.10
2011.06.29 14:57:12.510,0.89755,0.89766,1.88,1.35
2011.06.29 14:57:12.732,0.89761,0.89768,1.13,2.25
2011.06.29 14:57:12.960,0.89759,0.89767,1.50,1.35
2011.06.29 14:57:13.511,0.89759,0.89766,1.13,1.35
2011.06.29 14:57:15.272,0.89757,0.89767,1.13,2.10
2011.06.29 14:57:17.471,0.89759,0.89768,1.13,3.00
2011.06.29 14:57:17.581,0.89759,0.89768,1.13,3.00
2011.06.29 14:57:18.131,0.89759,0.8977,1.13,3.98
2011.06.29 14:57:18.243,0.89757,0.8977,1.88,3.98
2011.06.29 14:57:18.470,0.89759,0.8977,1.13,3.98
2011.06.29 14:57:19.135,0.89759,0.8977,1.13,3.98
2011.06.29 14:57:19.804,0.89762,0.89771,1.88,2.10
2011.06.29 14:57:20.249,0.89763,0.89773,1.50,2.25
2011.06.29 14:57:21.841,0.8976,0.89771,1.50,2.10
2011.06.29 14:57:22.389,0.89761,0.89771,1.88,2.10
2011.06.29 14:57:22.500,0.89761,0.89773,1.88,3.60
2011.06.29 14:57:23.049,0.89761,0.89773,1.88,4.35
2011.06.29 14:57:23.443,0.89761,0.89772,1.88,1.50
2011.06.29 14:57:23.670,0.8976,0.89772,1.50,1.50
2011.06.29 14:57:25.970,0.89761,0.89773,1.50,2.85
2011.06.29 14:57:26.190,0.89761,0.89773,1.88,2.85
2011.06.29 14:57:27.509,0.89762,0.89773,1.50,3.60
2011.06.29 14:57:28.171,0.89767,0.89775,2.25,3.00
2011.06.29 14:57:28.547,0.89767,0.89777,2.25,1.50
2011.06.29 14:57:28.782,0.89763,0.89774,1.50,1.35
2011.06.29 14:57:28.895,0.8976,0.89774,4.50,1.35
2011.06.29 14:57:29.344,0.89764,0.89774,1.13,1.35
2011.06.29 14:57:29.682,0.89766,0.89775,1.13,1.35
2011.06.29 14:57:30.021,0.89764,0.89776,1.50,2.10
2011.06.29 14:57:30.573,0.89763,0.89776,3.75,2.10
2011.06.29 14:57:31.131,0.89763,0.89775,3.75,2.48
2011.06.29 14:57:31.352,0.89761,0.89774,2.25,1.88
2011.06.29 14:57:31.899,0.89761,0.89773,2.25,1.35
2011.06.29 14:57:32.512,0.8976,0.89774,3.75,5.10
2011.06.29 14:57:32.733,0.8976,0.89774,3.75,5.10
2011.06.29 14:57:33.292,0.89762,0.89774,1.50,5.10
2011.06.29 14:57:34.611,0.89764,0.89774,1.13,2.10
2011.06.29 14:57:34.722,0.89763,0.89776,1.50,1.73
2011.06.29 14:57:35.280,0.89763,0.89776,1.88,1.35
2011.06.29 14:57:35.831,0.89763,0.89776,1.88,2.10
2011.06.29 14:57:35.945,0.89763,0.89775,1.50,1.50
2011.06.29 14:57:36.490,0.89764,0.89775,1.13,1.50
2011.06.29 14:57:36.610,0.89765,0.89776,1.50,2.85
2011.06.29 14:57:37.163,0.89766,0.89778,1.50,2.85
2011.06.29 14:57:37.722,0.89768,0.89778,1.88,3.60
2011.06.29 14:57:38.160,0.89767,0.89778,1.50,3.60
2011.06.29 14:57:38.821,0.89766,0.89778,1.50,2.85
2011.06.29 14:57:41.202,0.89768,0.89778,1.13,3.60
2011.06.29 14:57:41.971,0.89769,0.89779,1.13,3.00
2011.06.29 14:57:42.084,0.89768,0.89779,1.35,3.00
2011.06.29 14:57:42.644,0.89767,0.89779,2.25,1.88
2011.06.29 14:57:43.200,0.89767,0.89779,3.00,1.88
2011.06.29 14:57:43.745,0.89767,0.89779,2.25,1.13
2011.06.29 14:57:43.870,0.89764,0.89778,5.25,1.88
2011.06.29 14:57:44.201,0.89764,0.89777,3.00,2.25
2011.06.29 14:57:45.193,0.89764,0.89776,3.75,1.35
2011.06.29 14:57:45.754,0.89764,0.89778,4.50,1.50
2011.06.29 14:57:45.871,0.89764,0.89774,3.75,2.10
2011.06.29 14:57:46.420,0.89762,0.89774,1.50,2.85
2011.06.29 14:57:46.753,0.89765,0.89773,1.13,2.10
2011.06.29 14:57:46.982,0.8976,0.89773,1.13,2.10
2011.06.29 14:57:47.947,0.89758,0.89772,1.50,1.35
2011.06.29 14:57:48.502,0.89758,0.89771,1.50,1.50
2011.06.29 14:57:50.281,0.89757,0.89771,6.00,1.50
2011.06.29 14:57:50.725,0.8976,0.89772,3.00,1.35
2011.06.29 14:57:51.256,0.89768,0.89774,1.88,2.25
2011.06.29 14:57:51.387,0.89767,0.89773,1.13,3.00
2011.06.29 14:57:51.726,0.89767,0.89778,2.25,1.35
2011.06.29 14:57:52.063,0.89766,0.89778,1.50,1.35
2011.06.29 14:57:52.182,0.89764,0.89777,3.00,1.88
2011.06.29 14:57:52.304,0.89764,0.89774,2.25,1.13
2011.06.29 14:57:52.643,0.89762,0.89773,1.50,1.13
2011.06.29 14:57:52.763,0.89764,0.89776,1.50,3.00
2011.06.29 14:57:53.101,0.89768,0.89778,1.13,2.10
2011.06.29 14:57:53.212,0.89767,0.89778,1.50,1.35
2011.06.29 14:57:53.767,0.89765,0.89779,3.38,3.00
2011.06.29 14:57:54.560,0.89767,0.89781,3.38,3.60
2011.06.29 14:57:54.891,0.89769,0.89781,1.13,3.60
2011.06.29 14:57:55.220,0.89769,0.89781,1.13,3.60
2011.06.29 14:57:55.556,0.89772,0.89782,1.13,3.00
2011.06.29 14:57:56.114,0.89768,0.89782,3.38,3.60
2011.06.29 14:57:56.233,0.89768,0.8978,3.00,2.10
2011.06.29 14:57:56.571,0.89772,0.8978,1.13,2.10
2011.06.29 14:57:56.681,0.8977,0.89782,1.50,3.60
2011.06.29 14:57:57.233,0.89768,0.89783,2.63,3.60
2011.06.29 14:57:57.684,0.89768,0.89782,2.25,1.50
2011.06.29 14:57:57.910,0.89768,0.89782,3.38,1.50
2011.06.29 14:57:58.459,0.89769,0.8978,1.50,1.50
2011.06.29 14:57:59.009,0.89768,0.8978,1.50,1.50
2011.06.29 14:57:59.600,0.89767,0.8978,4.50,1.50
2011.06.29 14:58:00.899,0.89768,0.89781,2.63,1.50
2011.06.29 14:58:01.486,0.89769,0.89781,1.88,1.50
2011.06.29 14:58:01.930,0.89774,0.89783,1.35,3.75
2011.06.29 14:58:02.483,0.89773,0.89783,3.00,1.50
2011.06.29 14:58:02.601,0.89773,0.89785,1.50,3.75
2011.06.29 14:58:02.712,0.89771,0.89783,5.25,1.50
2011.06.29 14:58:04.360,0.89771,0.89783,3.00,1.50
2011.06.29 14:58:04.908,0.89771,0.89783,3.00,1.50
2011.06.29 14:58:07.300,0.89772,0.89785,1.50,4.50
2011.06.29 14:58:09.879,0.89772,0.89786,3.75,4.50
2011.06.29 14:58:10.429,0.89772,0.89785,3.75,1.50
2011.06.29 14:58:11.201,0.89775,0.89785,2.25,1.50
2011.06.29 14:58:11.533,0.89773,0.89785,3.75,1.35
2011.06.29 14:58:12.409,0.89772,0.89785,3.00,2.85
2011.06.29 14:58:12.959,0.89772,0.89785,1.50,2.10
2011.06.29 14:58:14.871,0.89771,0.89785,4.88,2.10
2011.06.29 14:58:15.535,0.89772,0.89785,4.13,1.35
2011.06.29 14:58:15.651,0.89772,0.89784,3.00,1.50
2011.06.29 14:58:16.201,0.89772,0.89785,1.50,2.85
2011.06.29 14:58:16.902,0.8977,0.89785,3.75,5.10
2011.06.29 14:58:17.452,0.8977,0.89785,3.00,4.35
2011.06.29 14:58:17.562,0.8977,0.89785,3.00,5.10
2011.06.29 14:58:17.895,0.89773,0.89783,1.13,1.50
2011.06.29 14:58:18.017,0.89773,0.89786,1.50,3.75
2011.06.29 14:58:18.244,0.89774,0.89786,1.50,2.25
2011.06.29 14:58:18.362,0.89774,0.89789,2.63,6.00
2011.06.29 14:58:18.909,0.89775,0.89787,1.50,1.50
2011.06.29 14:58:19.461,0.89773,0.89787,6.00,1.50
2011.06.29 14:58:20.238,0.89775,0.89787,1.50,1.50
2011.06.29 14:58:21.235,0.89776,0.89788,1.88,1.50
2011.06.29 14:58:21.793,0.89776,0.89788,3.75,1.50
2011.06.29 14:58:22.350,0.89775,0.89788,1.13,1.50
2011.06.29 14:58:22.899,0.89776,0.89788,1.13,1.50
2011.06.29 14:58:23.671,0.89775,0.8979,3.75,1.35
2011.06.29 14:58:24.164,0.89775,0.8979,3.38,2.10
2011.06.29 14:58:24.504,0.89776,0.89786,2.25,1.35
2011.06.29 14:58:24.843,0.89774,0.89788,1.88,2.10
2011.06.29 14:58:25.399,0.89776,0.89788,2.25,2.10
2011.06.29 14:58:25.950,0.89777,0.89789,3.00,2.25
2011.06.29 14:58:26.279,0.89778,0.89789,1.50,2.25
2011.06.29 14:58:26.611,0.89778,0.89788,1.50,1.88
2011.06.29 14:58:26.722,0.89778,0.89788,1.50,1.50
2011.06.29 14:58:27.270,0.89778,0.8979,1.50,2.25
2011.06.29 14:58:28.140,0.89782,0.89793,1.50,2.63
2011.06.29 14:58:28.580,0.89782,0.89792,1.50,3.38
2011.06.29 14:58:28.690,0.8978,0.89791,1.50,1.50
2011.06.29 14:58:28.799,0.89779,0.8979,1.50,1.50
2011.06.29 14:58:28.911,0.89781,0.89792,1.50,2.63
2011.06.29 14:58:29.680,0.89781,0.89792,1.50,1.50
2011.06.29 14:58:30.229,0.89781,0.89792,1.50,1.50
2011.06.29 14:58:30.779,0.89781,0.89792,1.50,1.50
2011.06.29 14:58:31.828,0.89789,0.89795,1.13,1.50
2011.06.29 14:58:31.947,0.89787,0.89794,1.13,1.50
2011.06.29 14:58:32.069,0.89786,0.89796,1.13,1.35
2011.06.29 14:58:32.296,0.89784,0.89797,1.50,3.75
2011.06.29 14:58:32.853,0.89783,0.89796,3.75,1.35
2011.06.29 14:58:32.973,0.89783,0.89796,3.75,1.35
2011.06.29 14:58:33.310,0.89783,0.89795,3.00,1.50
2011.06.29 14:58:33.860,0.89783,0.89797,4.13,3.75
2011.06.29 14:58:34.283,0.89785,0.89798,1.50,1.35
2011.06.29 14:58:34.610,0.89786,0.89798,1.50,1.35
2011.06.29 14:58:35.159,0.89784,0.89798,2.25,4.35
2011.06.29 14:58:35.601,0.89782,0.89791,3.00,1.13
2011.06.29 14:58:35.820,0.89781,0.89791,3.75,1.88
2011.06.29 14:58:36.371,0.89781,0.89792,2.25,1.88
2011.06.29 14:58:36.482,0.8978,0.89794,4.50,1.50
2011.06.29 14:58:36.811,0.89783,0.89794,2.25,1.50
2011.06.29 14:58:36.922,0.89781,0.89794,1.50,1.50
2011.06.29 14:58:37.547,0.8978,0.89791,4.50,1.13
2011.06.29 14:58:37.993,0.8978,0.89792,2.25,1.50
2011.06.29 14:58:38.549,0.8978,0.89792,2.25,1.50
2011.06.29 14:58:39.101,0.8978,0.8979,2.25,1.50
2011.06.29 14:58:39.434,0.89781,0.89793,2.10,1.50
2011.06.29 14:58:39.556,0.89781,0.89794,5.10,1.50
2011.06.29 14:58:41.345,0.89781,0.89794,3.75,1.50
2011.06.29 14:58:42.148,0.89781,0.89794,5.85,1.50
2011.06.29 14:58:42.479,0.89781,0.89794,5.85,1.50
2011.06.29 14:58:43.030,0.89782,0.89794,1.35,1.50
2011.06.29 14:58:43.578,0.89782,0.89796,1.35,1.50
2011.06.29 14:58:44.139,0.89781,0.89793,4.35,1.50
2011.06.29 14:58:44.473,0.89781,0.89792,2.25,1.50
2011.06.29 14:58:44.704,0.89781,0.89793,4.50,1.50
2011.06.29 14:58:45.261,0.89786,0.89795,1.13,1.50
2011.06.29 14:58:45.727,0.89787,0.89799,1.13,1.50
2011.06.29 14:58:45.847,0.89789,0.89801,1.13,1.13
2011.06.29 14:58:46.400,0.89789,0.89798,1.13,1.50
2011.06.29 14:58:46.509,0.89787,0.89798,3.00,1.50
2011.06.29 14:58:46.730,0.8979,0.89798,1.13,1.50
2011.06.29 14:58:47.281,0.89789,0.89798,1.13,1.50
2011.06.29 14:58:47.609,0.89786,0.89798,1.13,1.50
2011.06.29 14:58:48.600,0.89786,0.89799,1.88,1.50
2011.06.29 14:58:49.125,0.89786,0.89797,1.88,1.50
2011.06.29 14:58:49.242,0.89786,0.89798,1.13,1.50
2011.06.29 14:58:49.791,0.89786,0.89799,2.63,1.88
2011.06.29 14:58:50.342,0.89788,0.89799,1.13,1.13
2011.06.29 14:58:50.892,0.89788,0.898,1.13,1.50
2011.06.29 14:58:51.221,0.89788,0.89799,1.13,1.50
2011.06.29 14:58:51.443,0.89787,0.89799,1.13,1.50
2011.06.29 14:58:51.672,0.89787,0.898,1.88,1.50
2011.06.29 14:58:52.002,0.89786,0.898,3.00,1.50
2011.06.29 14:58:52.415,0.89788,0.898,1.13,1.50
2011.06.29 14:58:53.193,0.8979,0.898,1.13,1.50
2011.06.29 14:58:53.533,0.8979,0.89799,1.13,2.10
2011.06.29 14:58:54.205,0.89791,0.89799,1.13,2.10
2011.06.29 14:58:54.760,0.89793,0.89799,1.50,2.10
2011.06.29 14:58:55.311,0.8979,0.89799,1.50,2.10
2011.06.29 14:58:55.859,0.89788,0.89799,3.75,2.10
2011.06.29 14:58:56.441,0.89788,0.89798,4.50,1.35
2011.06.29 14:58:57.102,0.89789,0.89799,2.25,2.10
2011.06.29 14:58:57.650,0.89789,0.89798,1.50,1.35
2011.06.29 14:58:58.531,0.89789,0.89798,1.50,1.35
2011.06.29 14:58:59.080,0.89789,0.89798,1.88,1.35
2011.06.29 14:58:59.301,0.89787,0.89798,1.50,1.35
2011.06.29 14:58:59.632,0.89787,0.89798,1.13,1.35
2011.06.29 14:59:01.011,0.89786,0.89799,4.13,1.50
2011.06.29 14:59:01.561,0.89786,0.89798,2.25,1.50
2011.06.29 14:59:02.110,0.89785,0.89798,3.38,1.50
2011.06.29 14:59:02.780,0.89785,0.89797,3.38,1.50
2011.06.29 14:59:02.893,0.89785,0.89796,2.25,1.88
2011.06.29 14:59:03.121,0.89782,0.89795,3.00,2.25
2011.06.29 14:59:03.670,0.89782,0.89795,3.00,1.50
2011.06.29 14:59:03.779,0.89782,0.89796,3.75,1.50
2011.06.29 14:59:04.617,0.89782,0.89796,3.00,3.00
2011.06.29 14:59:04.735,0.89782,0.89794,3.00,1.50
2011.06.29 14:59:05.291,0.89782,0.89795,3.75,1.50
2011.06.29 14:59:05.623,0.89782,0.89793,3.75,1.88
2011.06.29 14:59:05.855,0.89781,0.89793,1.35,2.25
2011.06.29 14:59:06.410,0.89781,0.89793,1.35,1.50
2011.06.29 14:59:06.851,0.89781,0.8979,1.35,1.13
2011.06.29 14:59:06.961,0.89781,0.89793,1.35,1.88
2011.06.29 14:59:07.182,0.8978,0.89788,2.10,1.13
2011.06.29 14:59:08.329,0.89781,0.89789,2.10,1.13
2011.06.29 14:59:08.440,0.89781,0.8979,2.10,1.50
2011.06.29 14:59:08.770,0.89781,0.89793,1.35,1.50
2011.06.29 14:59:09.322,0.89781,0.89793,2.85,1.50
2011.06.29 14:59:09.543,0.89784,0.89795,1.50,1.50
2011.06.29 14:59:09.663,0.89785,0.89796,1.50,1.50
2011.06.29 14:59:09.784,0.89785,0.89795,1.50,1.13
2011.06.29 14:59:09.902,0.89786,0.89796,2.10,1.50
2011.06.29 14:59:10.013,0.8979,0.89798,2.25,1.13
2011.06.29 14:59:10.464,0.8979,0.898,2.25,1.50
2011.06.29 14:59:10.580,0.8979,0.89799,3.00,1.13
2011.06.29 14:59:11.001,0.8979,0.89801,2.25,1.13
2011.06.29 14:59:11.440,0.8979,0.89804,3.00,4.88
2011.06.29 14:59:11.991,0.8979,0.89804,3.00,3.00
2011.06.29 14:59:12.212,0.89792,0.89804,1.13,3.75
2011.06.29 14:59:13.422,0.8979,0.89804,3.00,3.75
2011.06.29 14:59:14.409,0.89791,0.89804,1.50,4.50
2011.06.29 14:59:14.741,0.89791,0.89804,1.13,3.75
2011.06.29 14:59:17.460,0.89791,0.89804,1.88,3.75
2011.06.29 14:59:18.252,0.89793,0.89804,1.13,3.75
2011.06.29 14:59:18.878,0.89793,0.89804,1.13,3.00
2011.06.29 14:59:19.434,0.89793,0.89805,1.13,2.10
2011.06.29 14:59:19.772,0.89794,0.89804,1.50,1.50
2011.06.29 14:59:19.994,0.89795,0.89805,1.50,2.85
2011.06.29 14:59:20.333,0.89792,0.89804,1.50,1.50
2011.06.29 14:59:20.672,0.89793,0.89804,1.13,1.50
2011.06.29 14:59:21.220,0.89793,0.89804,1.88,1.50
2011.06.29 14:59:21.770,0.89794,0.89805,1.50,1.35
2011.06.29 14:59:22.311,0.89793,0.89805,2.25,1.35
2011.06.29 14:59:22.753,0.89794,0.89805,1.88,1.35
2011.06.29 14:59:23.095,0.89796,0.89806,1.13,4.35
2011.06.29 14:59:23.432,0.89802,0.89808,1.13,1.50
2011.06.29 14:59:23.543,0.898,0.8981,1.50,3.75
2011.06.29 14:59:23.980,0.898,0.89811,1.50,3.60
2011.06.29 14:59:24.532,0.89799,0.89812,1.88,1.50
2011.06.29 14:59:24.643,0.89801,0.89813,1.13,3.75
2011.06.29 14:59:25.231,0.89803,0.89814,1.50,4.35
2011.06.29 14:59:25.561,0.89803,0.89814,2.25,3.60
2011.06.29 14:59:26.110,0.89804,0.89814,1.50,3.60
2011.06.29 14:59:26.660,0.89804,0.89811,1.50,2.10
2011.06.29 14:59:27.100,0.89804,0.89814,1.50,3.60
2011.06.29 14:59:27.649,0.89804,0.89814,1.50,2.85
2011.06.29 14:59:28.202,0.89804,0.89814,2.25,2.85
2011.06.29 14:59:28.643,0.89807,0.89814,1.50,2.85
2011.06.29 14:59:29.075,0.89808,0.89814,1.50,2.85
2011.06.29 14:59:29.198,0.89806,0.89814,1.50,2.85
2011.06.29 14:59:29.862,0.89807,0.89814,1.50,2.85
2011.06.29 14:59:29.974,0.89809,0.89815,1.50,1.50
2011.06.29 14:59:30.535,0.89809,0.89816,1.50,3.00
2011.06.29 14:59:31.095,0.89809,0.89814,1.50,2.25
2011.06.29 14:59:31.947,0.89809,0.89815,1.50,2.25
2011.06.29 14:59:32.170,0.89806,0.89815,2.25,2.25
2011.06.29 14:59:32.391,0.8981,0.89818,1.50,3.00
2011.06.29 14:59:32.722,0.89813,0.89822,1.50,4.35
2011.06.29 14:59:33.053,0.89813,0.89822,1.50,2.10
2011.06.29 14:59:33.171,0.89816,0.89824,1.50,3.75
2011.06.29 14:59:33.286,0.89818,0.89826,1.50,2.25
2011.06.29 14:59:33.514,0.8982,0.89834,4.50,3.00
2011.06.29 14:59:34.071,0.89821,0.89833,1.50,3.00
2011.06.29 14:59:34.631,0.89822,0.89833,1.88,3.60
2011.06.29 14:59:35.401,0.89822,0.89833,2.25,3.60
2011.06.29 14:59:35.621,0.89826,0.89833,1.88,2.85
2011.06.29 14:59:35.952,0.89828,0.89837,1.50,3.60
2011.06.29 14:59:36.064,0.89828,0.89839,5.25,1.50
2011.06.29 14:59:36.181,0.89828,0.89842,5.25,3.75
2011.06.29 14:59:36.293,0.89828,0.8984,3.00,3.00
2011.06.29 14:59:36.631,0.89831,0.8984,1.50,3.00
2011.06.29 14:59:36.852,0.89833,0.89845,5.10,1.50
2011.06.29 14:59:36.964,0.89833,0.89846,3.00,5.10
2011.06.29 14:59:37.497,0.89835,0.89847,2.25,3.60
2011.06.29 14:59:37.831,0.89835,0.89847,1.50,3.60
2011.06.29 14:59:38.602,0.89838,0.89847,2.25,3.60
2011.06.29 14:59:39.152,0.89839,0.89847,1.50,2.25
2011.06.29 14:59:39.700,0.89839,0.89847,1.50,2.25
2011.06.29 14:59:39.921,0.89839,0.89849,1.50,3.60
2011.06.29 14:59:40.034,0.89841,0.89849,1.50,3.00
2011.06.29 14:59:40.262,0.89844,0.89852,1.50,2.25
2011.06.29 14:59:40.818,0.89844,0.89852,1.50,2.25
2011.06.29 14:59:40.945,0.89845,0.89855,1.13,2.25
2011.06.29 14:59:41.066,0.89844,0.89856,1.50,3.60
2011.06.29 14:59:41.295,0.89845,0.89857,1.50,2.10
2011.06.29 14:59:41.632,0.89844,0.89856,1.50,2.10
2011.06.29 14:59:42.193,0.89845,0.89855,1.50,3.00
2011.06.29 14:59:42.534,0.89845,0.89857,1.50,3.16
2011.06.29 14:59:43.076,0.89844,0.89854,1.50,2.25
2011.06.29 14:59:43.521,0.89844,0.89854,1.50,3.00
2011.06.29 14:59:44.072,0.89844,0.89854,1.50,3.00
2011.06.29 14:59:44.513,0.89849,0.89856,1.13,3.00
2011.06.29 14:59:44.852,0.89853,0.89859,1.13,1.50
2011.06.29 14:59:44.963,0.89848,0.89856,1.50,2.25
2011.06.29 14:59:45.511,0.89848,0.89858,1.50,3.00
2011.06.29 14:59:45.720,0.89847,0.89858,1.50,3.75
2011.06.29 14:59:45.941,0.89845,0.89858,1.50,3.75
2011.06.29 14:59:46.050,0.89845,0.89858,1.50,3.75
2011.06.29 14:59:46.382,0.89843,0.89852,1.50,2.25
2011.06.29 14:59:46.711,0.8985,0.89856,1.13,3.00
2011.06.29 14:59:46.930,0.89847,0.89853,1.13,1.35
2011.06.29 14:59:47.260,0.89849,0.89855,1.13,3.00
2011.06.29 14:59:47.480,0.89846,0.89852,1.13,2.25
2011.06.29 14:59:48.987,0.89844,0.89852,1.50,2.25
2011.06.29 14:59:49.103,0.89844,0.89852,1.50,2.25
2011.06.29 14:59:50.746,0.89847,0.89852,1.50,2.25
2011.06.29 14:59:51.190,0.89845,0.89856,1.50,3.75
2011.06.29 14:59:51.541,0.89845,0.89854,1.50,3.00
2011.06.29 14:59:51.666,0.89846,0.89853,1.50,2.25
2011.06.29 14:59:52.443,0.89847,0.89853,1.13,2.25
2011.06.29 14:59:52.663,0.89842,0.89853,1.13,2.25
2011.06.29 14:59:52.783,0.8984,0.89853,1.50,2.25
2011.06.29 14:59:52.894,0.89839,0.8985,1.13,1.35
2011.06.29 14:59:53.230,0.89839,0.89846,1.13,2.25
2011.06.29 14:59:53.891,0.89837,0.89846,1.13,3.00
2011.06.29 14:59:54.742,0.89834,0.89846,1.50,3.75
2011.06.29 14:59:55.084,0.89832,0.89842,1.13,2.25
2011.06.29 14:59:55.642,0.89832,0.89841,1.88,3.00
2011.06.29 14:59:55.755,0.89832,0.89843,1.88,3.75
2011.06.29 14:59:56.091,0.89832,0.89844,1.50,3.00
2011.06.29 14:59:56.202,0.8983,0.89844,3.98,3.00
2011.06.29 14:59:56.750,0.8983,0.89844,3.98,3.75
2011.06.29 14:59:57.261,0.89831,0.89844,1.50,3.00
2011.06.29 14:59:58.691,0.89832,0.89844,1.13,3.00
2011.06.29 14:59:59.021,0.8983,0.89843,3.60,1.50
2011.06.29 14:59:59.133,0.8983,0.89844,4.73,3.00
2011.06.29 14:59:59.359,0.8983,0.89844,4.73,2.25
