2010.06.03 19:00:00.239,0.83205,0.8322,4.60,4.10
2010.06.03 19:00:00.602,0.83205,0.8322,5.40,6.50
2010.06.03 19:00:00.762,0.83205,0.83225,9.80,10.50
2010.06.03 19:00:01.605,0.8321,0.83225,1.60,8.10
2010.06.03 19:00:01.959,0.83215,0.83225,1.60,1.00
2010.06.03 19:00:02.308,0.83215,0.8323,2.20,12.50
2010.06.03 19:00:03.295,0.83215,0.8323,3.80,1.60
2010.06.03 19:00:04.619,0.8322,0.8323,2.20,1.60
2010.06.03 19:00:04.902,0.8322,0.83235,2.20,8.10
2010.06.03 19:00:05.192,0.8322,0.83235,1.60,12.10
2010.06.03 19:00:06.246,0.83215,0.83235,6.60,12.10
2010.06.03 19:00:07.006,0.83215,0.83235,6.60,8.10
2010.06.03 19:00:07.258,0.83215,0.83235,10.60,8.10
2010.06.03 19:00:08.191,0.8322,0.83235,1.60,12.10
2010.06.03 19:00:08.695,0.8322,0.83235,2.20,12.10
2010.06.03 19:00:08.927,0.8322,0.83235,2.20,1.60
2010.06.03 19:00:09.805,0.8322,0.83235,3.40,1.60
2010.06.03 19:00:10.314,0.8322,0.83235,5.80,1.60
2010.06.03 19:00:10.508,0.8322,0.83235,5.00,1.60
2010.06.03 19:00:12.190,0.8322,0.83235,8.20,1.60
2010.06.03 19:00:13.517,0.8322,0.83235,2.60,8.00
2010.06.03 19:00:13.678,0.8322,0.83235,4.20,5.60
2010.06.03 19:00:13.838,0.83225,0.83235,2.20,4.00
2010.06.03 19:00:13.997,0.83225,0.8324,2.20,10.50
2010.06.03 19:00:15.173,0.8322,0.8324,6.60,12.10
2010.06.03 19:00:15.390,0.8322,0.8324,6.20,12.10
2010.06.03 19:00:15.811,0.83225,0.8324,1.00,12.10
2010.06.03 19:00:17.579,0.83225,0.8324,3.80,9.60
2010.06.03 19:00:17.871,0.83225,0.83245,9.00,14.50
2010.06.03 19:00:18.613,0.8323,0.83245,3.00,12.10
2010.06.03 19:00:18.925,0.8324,0.8325,1.00,1.60
2010.06.03 19:00:22.503,0.83235,0.8325,3.80,1.60
2010.06.03 19:00:23.857,0.8324,0.83255,2.20,9.60
2010.06.03 19:00:24.713,0.83235,0.83255,10.20,6.50
2010.06.03 19:00:24.877,0.83235,0.83255,6.20,12.10
2010.06.03 19:00:26.767,0.8324,0.83255,1.60,4.10
2010.06.03 19:00:26.876,0.8324,0.83255,2.20,2.50
2010.06.03 19:00:27.095,0.8324,0.83255,1.00,2.50
2010.06.03 19:00:27.206,0.83235,0.83255,11.80,6.50
2010.06.03 19:00:28.053,0.83235,0.83255,11.80,4.10
2010.06.03 19:00:28.307,0.8324,0.83255,2.20,4.10
2010.06.03 19:00:29.207,0.8324,0.83255,2.20,8.10
2010.06.03 19:00:32.154,0.83245,0.8326,1.60,10.50
2010.06.03 19:00:32.221,0.8324,0.8326,3.80,10.50
2010.06.03 19:00:33.067,0.8324,0.8326,3.80,12.10
2010.06.03 19:00:33.484,0.8324,0.83255,1.60,2.50
2010.06.03 19:00:34.404,0.8324,0.83255,1.60,8.10
2010.06.03 19:00:34.806,0.83235,0.83255,3.80,12.10
2010.06.03 19:00:35.928,0.8324,0.83255,1.00,12.10
2010.06.03 19:00:36.267,0.8324,0.83255,1.00,14.50
2010.06.03 19:00:36.607,0.83235,0.83255,3.80,14.50
2010.06.03 19:00:38.041,0.83235,0.83255,3.80,18.10
2010.06.03 19:00:38.246,0.83235,0.8325,3.80,2.50
2010.06.03 19:00:38.346,0.83235,0.8325,3.80,6.50
2010.06.03 19:00:39.066,0.83235,0.8325,2.20,8.10
2010.06.03 19:00:39.414,0.83235,0.83245,1.60,1.00
2010.06.03 19:00:46.890,0.8323,0.83245,1.60,1.00
2010.06.03 19:00:47.027,0.8323,0.83245,1.60,4.90
2010.06.03 19:00:47.087,0.8323,0.83245,1.60,6.50
2010.06.03 19:00:51.577,0.8323,0.83245,2.20,6.50
2010.06.03 19:00:52.428,0.8323,0.83245,1.60,6.50
2010.06.03 19:00:52.687,0.8323,0.83245,1.60,2.50
2010.06.03 19:00:54.220,0.8323,0.8324,1.60,8.90
2010.06.03 19:00:54.518,0.83225,0.83245,10.20,8.50
2010.06.03 19:00:54.816,0.83225,0.83245,10.20,8.10
2010.06.03 19:00:56.085,0.8323,0.83245,1.60,8.10
2010.06.03 19:00:56.256,0.8323,0.83245,1.60,4.10
2010.06.03 19:00:59.630,0.8323,0.83245,6.20,1.60
2010.06.03 19:01:00.373,0.8323,0.8325,6.20,4.10
2010.06.03 19:01:00.522,0.8323,0.83245,6.20,2.50
2010.06.03 19:01:01.771,0.8323,0.83245,1.60,8.10
2010.06.03 19:01:02.759,0.8323,0.83245,1.60,12.10
2010.06.03 19:01:04.505,0.8323,0.83245,1.60,14.50
2010.06.03 19:01:05.351,0.8323,0.83245,1.60,12.10
2010.06.03 19:01:05.686,0.8323,0.83245,1.60,10.50
2010.06.03 19:01:05.797,0.8323,0.83245,2.20,2.50
2010.06.03 19:01:05.906,0.8323,0.83245,1.60,4.10
2010.06.03 19:01:06.016,0.8323,0.83245,1.60,8.10
2010.06.03 19:01:07.030,0.8323,0.83245,1.60,12.10
2010.06.03 19:01:11.277,0.83225,0.83245,6.20,14.50
2010.06.03 19:01:11.348,0.8323,0.8324,1.60,1.00
2010.06.03 19:01:14.556,0.8323,0.83245,1.60,12.10
2010.06.03 19:01:14.692,0.83225,0.83245,10.20,8.10
2010.06.03 19:01:14.812,0.83225,0.83245,6.20,14.50
2010.06.03 19:01:14.928,0.8323,0.83245,1.60,8.90
2010.06.03 19:01:15.710,0.8323,0.83245,1.60,2.50
2010.06.03 19:01:17.038,0.83235,0.8325,1.60,12.10
2010.06.03 19:01:17.338,0.83235,0.8325,1.60,4.10
2010.06.03 19:01:18.133,0.83235,0.8325,4.00,1.00
2010.06.03 19:01:21.798,0.83235,0.83255,4.60,12.10
2010.06.03 19:01:22.145,0.83235,0.83255,6.20,12.10
2010.06.03 19:01:24.259,0.83235,0.83255,14.20,4.10
2010.06.03 19:01:24.379,0.83235,0.83255,10.20,8.10
2010.06.03 19:01:25.390,0.83235,0.83255,6.20,12.10
2010.06.03 19:01:26.777,0.83235,0.83255,4.60,12.10
2010.06.03 19:01:26.951,0.83235,0.83255,4.00,12.10
2010.06.03 19:01:27.770,0.83235,0.8325,4.00,2.50
2010.06.03 19:01:28.054,0.83235,0.8325,2.20,2.50
2010.06.03 19:01:29.705,0.83235,0.83255,3.80,12.10
2010.06.03 19:01:31.311,0.8324,0.83255,1.00,1.60
2010.06.03 19:01:31.609,0.8324,0.83255,2.20,1.60
2010.06.03 19:01:31.909,0.8324,0.83255,2.20,2.50
2010.06.03 19:01:32.882,0.8324,0.83255,3.80,1.60
2010.06.03 19:01:43.910,0.8324,0.83255,2.20,5.60
2010.06.03 19:01:44.616,0.8324,0.83255,3.80,5.60
2010.06.03 19:01:44.868,0.8324,0.83255,1.00,8.10
2010.06.03 19:01:45.078,0.83235,0.83255,3.80,12.10
2010.06.03 19:01:51.297,0.83235,0.8325,3.80,1.60
2010.06.03 19:01:52.477,0.83235,0.8325,3.80,2.50
2010.06.03 19:01:53.776,0.83235,0.8325,2.20,4.10
2010.06.03 19:01:54.138,0.83235,0.8325,2.20,12.10
2010.06.03 19:01:55.506,0.83235,0.8325,2.20,14.50
2010.06.03 19:01:55.836,0.83235,0.8325,1.60,15.70
2010.06.03 19:01:55.946,0.83235,0.8325,1.60,15.80
2010.06.03 19:01:56.206,0.8323,0.83245,3.80,1.60
2010.06.03 19:01:57.183,0.83235,0.83245,1.60,1.00
2010.06.03 19:01:57.399,0.83235,0.8325,1.60,14.50
2010.06.03 19:01:58.287,0.83235,0.8325,1.60,12.10
2010.06.03 19:02:04.140,0.83235,0.8325,2.20,9.60
2010.06.03 19:02:05.147,0.83235,0.8325,2.20,12.10
2010.06.03 19:02:10.348,0.83235,0.8325,2.20,8.10
2010.06.03 19:02:12.155,0.83235,0.8325,2.20,12.10
2010.06.03 19:02:13.549,0.83235,0.8325,2.20,8.10
2010.06.03 19:02:16.447,0.83235,0.8325,1.60,12.10
2010.06.03 19:02:17.546,0.83235,0.8325,3.80,9.60
2010.06.03 19:02:19.668,0.83235,0.8325,3.80,1.60
2010.06.03 19:02:26.107,0.83235,0.83255,3.80,12.10
2010.06.03 19:02:26.894,0.8324,0.83255,1.00,10.50
2010.06.03 19:02:27.142,0.8324,0.83255,3.80,1.60
2010.06.03 19:02:28.274,0.8324,0.83255,2.20,9.60
2010.06.03 19:02:30.405,0.8324,0.83255,3.80,9.60
2010.06.03 19:02:33.310,0.8324,0.83255,2.20,9.60
2010.06.03 19:02:33.649,0.8324,0.83255,3.80,9.60
2010.06.03 19:02:33.987,0.8324,0.83255,2.20,9.60
2010.06.03 19:02:35.220,0.8324,0.83255,3.80,1.60
2010.06.03 19:02:38.644,0.8324,0.83255,1.00,2.50
2010.06.03 19:02:38.711,0.8324,0.83255,2.20,2.50
2010.06.03 19:02:44.280,0.8324,0.83255,3.80,2.50
2010.06.03 19:02:44.305,0.8324,0.83255,3.80,1.60
2010.06.03 19:02:49.731,0.83245,0.8326,2.20,12.10
2010.06.03 19:02:52.096,0.83245,0.8326,2.20,8.10
2010.06.03 19:02:56.285,0.83245,0.8326,1.60,14.50
2010.06.03 19:02:56.539,0.8324,0.8326,3.80,16.90
2010.06.03 19:03:01.853,0.8324,0.8326,2.20,16.90
2010.06.03 19:03:02.145,0.83245,0.8326,1.60,10.50
2010.06.03 19:03:02.858,0.83245,0.8326,1.60,6.50
2010.06.03 19:03:03.439,0.8324,0.8326,7.80,10.50
2010.06.03 19:03:03.728,0.8324,0.8326,3.80,14.50
2010.06.03 19:03:04.732,0.8324,0.83255,2.20,2.50
2010.06.03 19:03:05.256,0.8324,0.83255,2.20,1.00
2010.06.03 19:03:05.507,0.8324,0.83255,2.20,2.50
2010.06.03 19:03:05.849,0.8324,0.83255,1.60,12.10
2010.06.03 19:03:06.605,0.8324,0.83255,1.60,2.50
2010.06.03 19:03:06.749,0.8324,0.83255,1.60,12.10
2010.06.03 19:03:07.027,0.8324,0.83255,1.60,10.50
2010.06.03 19:03:07.166,0.8324,0.83255,2.20,6.50
2010.06.03 19:03:07.849,0.8324,0.83255,2.20,2.50
2010.06.03 19:03:07.991,0.8324,0.8326,3.80,12.10
2010.06.03 19:03:09.602,0.8324,0.8326,7.80,12.10
2010.06.03 19:03:09.956,0.8324,0.8326,3.80,14.50
2010.06.03 19:03:14.778,0.8324,0.83255,3.80,1.00
2010.06.03 19:03:14.914,0.8324,0.83255,2.20,1.00
2010.06.03 19:03:15.040,0.8324,0.8326,6.20,6.50
2010.06.03 19:03:15.159,0.8324,0.83255,6.20,1.60
2010.06.03 19:03:15.279,0.8324,0.83255,2.20,2.50
2010.06.03 19:03:19.026,0.83245,0.83255,1.60,2.50
2010.06.03 19:03:20.055,0.8324,0.83255,2.20,2.50
2010.06.03 19:03:20.506,0.8324,0.83255,1.60,2.50
2010.06.03 19:03:20.876,0.8324,0.83255,1.60,4.10
2010.06.03 19:03:21.238,0.8324,0.83255,1.60,12.10
2010.06.03 19:03:21.466,0.83235,0.83255,4.00,12.10
2010.06.03 19:03:24.893,0.8324,0.83255,1.60,12.10
2010.06.03 19:03:25.013,0.83235,0.83255,4.00,12.10
2010.06.03 19:03:26.512,0.8323,0.83245,2.80,8.10
2010.06.03 19:03:26.866,0.8323,0.83245,1.60,10.50
2010.06.03 19:03:27.870,0.8323,0.83245,1.60,12.90
2010.06.03 19:03:28.234,0.8323,0.83245,1.60,10.50
2010.06.03 19:03:28.510,0.8323,0.83245,1.60,6.50
2010.06.03 19:03:29.742,0.83225,0.8324,4.60,4.00
2010.06.03 19:03:30.085,0.8323,0.83245,1.60,6.50
2010.06.03 19:03:32.408,0.8323,0.83245,5.60,2.50
2010.06.03 19:03:32.549,0.8323,0.83245,1.60,6.50
2010.06.03 19:03:33.322,0.8323,0.83245,1.60,10.50
2010.06.03 19:03:34.954,0.8323,0.83245,5.60,2.50
2010.06.03 19:03:35.165,0.8323,0.83245,1.60,2.50
2010.06.03 19:03:35.369,0.83225,0.83245,9.60,6.50
2010.06.03 19:03:36.245,0.83225,0.8324,1.60,6.50
2010.06.03 19:03:38.468,0.8323,0.8324,1.60,2.50
2010.06.03 19:03:38.643,0.8323,0.83245,1.60,8.10
2010.06.03 19:03:38.819,0.8323,0.83245,1.60,4.10
2010.06.03 19:03:40.632,0.8323,0.8324,1.60,1.00
2010.06.03 19:03:40.920,0.83225,0.8324,7.80,1.00
2010.06.03 19:03:41.948,0.8323,0.8324,1.60,1.00
2010.06.03 19:03:42.608,0.8323,0.83245,1.60,2.50
2010.06.03 19:03:44.613,0.83235,0.83245,1.60,2.50
2010.06.03 19:03:45.385,0.8323,0.83245,1.60,2.50
2010.06.03 19:03:50.349,0.83235,0.83245,1.60,2.50
2010.06.03 19:03:54.470,0.8323,0.83245,1.60,2.50
2010.06.03 19:03:54.722,0.83235,0.83245,1.60,2.50
2010.06.03 19:03:54.971,0.8323,0.83245,1.60,2.50
2010.06.03 19:03:57.372,0.8323,0.8324,1.60,2.50
2010.06.03 19:03:57.523,0.8323,0.8324,1.60,1.60
2010.06.03 19:03:57.671,0.8323,0.83245,1.60,6.50
2010.06.03 19:03:58.487,0.8323,0.83245,1.60,2.50
2010.06.03 19:03:59.328,0.8323,0.83245,1.60,4.10
2010.06.03 19:03:59.609,0.8323,0.83245,1.60,8.10
2010.06.03 19:03:59.847,0.8323,0.83245,1.60,4.10
2010.06.03 19:04:00.862,0.8323,0.83245,1.60,2.50
2010.06.03 19:04:03.288,0.8323,0.83245,1.60,4.10
2010.06.03 19:04:03.434,0.8323,0.83245,1.60,2.50
2010.06.03 19:04:06.430,0.8323,0.83245,1.60,4.10
2010.06.03 19:04:08.087,0.8323,0.83245,1.60,2.50
2010.06.03 19:04:08.287,0.8323,0.83245,1.60,4.10
2010.06.03 19:04:09.148,0.8323,0.83245,1.60,2.50
2010.06.03 19:04:11.889,0.83235,0.83245,1.60,2.50
2010.06.03 19:04:18.413,0.83235,0.8325,1.60,8.10
2010.06.03 19:04:21.331,0.83235,0.8325,1.60,2.50
2010.06.03 19:04:24.155,0.83235,0.8325,1.60,4.10
2010.06.03 19:04:25.565,0.83235,0.8325,1.60,2.50
2010.06.03 19:04:29.084,0.83235,0.8325,1.60,4.10
2010.06.03 19:04:32.066,0.83235,0.8325,4.00,4.10
2010.06.03 19:04:32.557,0.83235,0.8325,4.00,2.50
2010.06.03 19:04:37.847,0.83235,0.8325,1.60,2.50
2010.06.03 19:04:40.606,0.83235,0.8325,1.60,13.70
2010.06.03 19:04:40.686,0.83235,0.8325,1.60,16.50
2010.06.03 19:04:40.848,0.83235,0.8325,1.60,15.70
2010.06.03 19:04:40.926,0.8323,0.83245,6.60,1.60
2010.06.03 19:04:41.667,0.83235,0.8325,1.60,7.70
2010.06.03 19:04:41.839,0.83235,0.83245,1.60,1.00
2010.06.03 19:04:47.056,0.83235,0.8325,1.60,8.10
2010.06.03 19:04:51.268,0.83235,0.8325,1.60,10.50
2010.06.03 19:04:52.369,0.83235,0.8325,1.60,12.10
2010.06.03 19:04:53.029,0.8323,0.8325,3.80,14.50
2010.06.03 19:04:53.931,0.8323,0.8325,2.20,14.50
2010.06.03 19:04:54.285,0.83235,0.8325,1.60,4.10
2010.06.03 19:04:55.419,0.83235,0.8325,2.20,4.10
2010.06.03 19:04:55.632,0.83235,0.8325,3.80,1.60
2010.06.03 19:04:57.020,0.83235,0.83255,3.80,12.10
2010.06.03 19:04:57.359,0.83235,0.8325,3.80,1.60
2010.06.03 19:04:59.220,0.83235,0.8325,3.80,5.60
2010.06.03 19:04:59.324,0.83235,0.8325,1.60,14.50
2010.06.03 19:04:59.431,0.8323,0.8325,6.60,15.70
2010.06.03 19:05:00.215,0.83235,0.8325,1.60,18.10
2010.06.03 19:05:00.564,0.8323,0.83245,2.20,2.50
2010.06.03 19:05:00.914,0.83225,0.8324,2.00,2.50
2010.06.03 19:05:01.873,0.8323,0.83245,2.20,15.70
2010.06.03 19:05:02.187,0.83235,0.83245,2.20,1.60
2010.06.03 19:05:03.348,0.83235,0.83245,3.00,1.60
2010.06.03 19:05:03.672,0.8324,0.8325,1.00,1.60
2010.06.03 19:05:05.282,0.8324,0.83255,1.00,6.50
2010.06.03 19:05:05.548,0.8324,0.83255,2.20,1.60
2010.06.03 19:05:05.818,0.8324,0.83255,3.80,1.60
2010.06.03 19:05:08.854,0.8324,0.83255,6.20,1.60
2010.06.03 19:05:09.201,0.83245,0.83255,2.20,1.60
2010.06.03 19:05:11.910,0.83245,0.83255,1.60,1.60
2010.06.03 19:05:12.118,0.8324,0.83255,3.80,1.60
2010.06.03 19:05:12.300,0.83245,0.83255,2.20,1.60
2010.06.03 19:05:13.999,0.83245,0.83255,1.00,1.60
2010.06.03 19:05:15.467,0.8324,0.83255,3.80,1.60
2010.06.03 19:05:25.874,0.8324,0.83255,2.20,1.60
2010.06.03 19:05:26.788,0.8324,0.83255,1.60,6.50
2010.06.03 19:05:26.994,0.83235,0.8325,10.60,1.60
2010.06.03 19:05:27.192,0.83235,0.8325,14.60,1.60
2010.06.03 19:05:27.388,0.8324,0.8325,1.00,1.60
2010.06.03 19:05:28.268,0.83235,0.8325,4.20,1.60
2010.06.03 19:05:28.571,0.83235,0.8325,4.20,5.60
2010.06.03 19:05:28.874,0.83235,0.8325,1.00,8.40
2010.06.03 19:05:29.179,0.83235,0.8325,1.00,15.70
2010.06.03 19:05:29.478,0.83235,0.8325,1.00,18.10
2010.06.03 19:05:34.038,0.83235,0.8325,1.00,17.30
2010.06.03 19:05:34.821,0.83235,0.83245,1.00,1.00
2010.06.03 19:05:35.039,0.8323,0.83245,1.60,2.90
2010.06.03 19:05:35.149,0.83225,0.83245,14.60,4.10
2010.06.03 19:05:35.260,0.8323,0.83245,4.00,4.50
2010.06.03 19:05:36.053,0.8323,0.83245,1.00,4.50
2010.06.03 19:05:37.288,0.83225,0.83245,10.20,8.50
2010.06.03 19:05:39.628,0.83225,0.83245,6.20,8.50
2010.06.03 19:05:39.810,0.83225,0.8324,3.80,1.00
2010.06.03 19:05:39.987,0.83225,0.8324,3.80,2.50
2010.06.03 19:05:40.169,0.83225,0.8324,3.80,6.90
2010.06.03 19:05:41.075,0.83225,0.8324,1.60,8.50
2010.06.03 19:05:41.539,0.83225,0.8324,1.60,4.50
2010.06.03 19:05:43.335,0.83225,0.8324,1.60,4.10
2010.06.03 19:05:45.528,0.83225,0.8324,1.60,12.10
2010.06.03 19:05:45.687,0.83225,0.83235,1.60,1.00
2010.06.03 19:05:46.499,0.83225,0.8324,2.20,4.10
2010.06.03 19:05:46.842,0.83225,0.8324,1.60,12.10
2010.06.03 19:05:47.530,0.83225,0.8324,2.20,8.10
2010.06.03 19:05:48.582,0.83225,0.8324,2.20,4.10
2010.06.03 19:05:48.928,0.83225,0.8324,6.20,2.50
2010.06.03 19:05:49.098,0.83225,0.83245,6.20,14.50
2010.06.03 19:05:49.267,0.83225,0.83245,6.20,12.10
2010.06.03 19:05:51.739,0.83225,0.8324,6.20,2.50
2010.06.03 19:05:52.562,0.83225,0.8324,2.20,4.10
2010.06.03 19:05:52.754,0.83225,0.83235,2.20,1.60
2010.06.03 19:05:53.072,0.83225,0.8324,3.80,1.60
2010.06.03 19:05:56.639,0.83225,0.8324,9.40,1.60
2010.06.03 19:05:56.838,0.8323,0.8324,1.00,1.60
2010.06.03 19:06:02.068,0.8323,0.83245,1.00,6.40
2010.06.03 19:06:02.241,0.8323,0.83245,2.20,5.60
2010.06.03 19:06:03.109,0.83235,0.8325,2.20,11.60
2010.06.03 19:06:03.434,0.8324,0.8325,1.00,1.60
2010.06.03 19:06:04.077,0.8324,0.83255,1.00,10.50
2010.06.03 19:06:04.401,0.8324,0.83255,1.00,1.60
2010.06.03 19:06:05.442,0.8324,0.83255,1.00,10.50
2010.06.03 19:06:12.562,0.83235,0.83255,3.80,12.10
2010.06.03 19:06:12.731,0.8324,0.83255,1.00,12.10
2010.06.03 19:06:16.258,0.8324,0.83255,1.00,9.60
2010.06.03 19:06:16.517,0.8324,0.83255,2.20,9.60
2010.06.03 19:06:17.338,0.8324,0.8325,1.60,1.60
2010.06.03 19:06:17.516,0.83235,0.8325,3.80,1.60
2010.06.03 19:06:19.905,0.83235,0.83255,3.80,14.50
2010.06.03 19:06:20.527,0.8324,0.83255,1.00,12.10
2010.06.03 19:06:22.293,0.8324,0.83255,1.00,14.50
2010.06.03 19:06:22.518,0.8324,0.8325,1.00,1.60
2010.06.03 19:06:23.415,0.8324,0.83255,1.00,14.50
2010.06.03 19:06:23.671,0.83245,0.83255,1.00,12.00
2010.06.03 19:06:23.931,0.83245,0.8326,6.20,7.60
2010.06.03 19:06:24.651,0.83245,0.8326,6.20,2.80
2010.06.03 19:06:24.752,0.83255,0.83265,2.20,1.60
2010.06.03 19:06:24.858,0.83255,0.8327,2.20,1.60
2010.06.03 19:06:42.289,0.83255,0.8327,3.80,1.60
2010.06.03 19:06:43.632,0.8326,0.8327,1.00,1.60
2010.06.03 19:06:46.607,0.83255,0.8327,3.80,1.60
2010.06.03 19:06:50.199,0.83255,0.8327,6.20,1.60
2010.06.03 19:06:50.987,0.8326,0.8327,1.00,1.60
2010.06.03 19:06:53.635,0.8326,0.8327,2.20,1.60
2010.06.03 19:06:55.808,0.8326,0.8327,1.00,1.60
2010.06.03 19:06:56.647,0.83255,0.8327,3.80,1.60
2010.06.03 19:06:56.996,0.83255,0.8327,3.80,5.60
2010.06.03 19:06:57.996,0.83255,0.8327,2.20,6.50
2010.06.03 19:06:58.284,0.83255,0.8327,3.80,6.50
2010.06.03 19:06:59.188,0.83255,0.8327,1.00,12.10
2010.06.03 19:07:00.268,0.83255,0.8327,3.80,2.50
2010.06.03 19:07:02.497,0.83255,0.8327,3.80,1.60
2010.06.03 19:07:04.527,0.83255,0.83275,3.80,12.10
2010.06.03 19:07:06.329,0.8326,0.83275,1.00,12.10
2010.06.03 19:07:06.466,0.8326,0.83275,1.00,10.50
2010.06.03 19:07:14.429,0.83255,0.8327,7.80,1.60
2010.06.03 19:07:15.392,0.8326,0.83275,1.00,1.60
2010.06.03 19:07:16.662,0.8326,0.83275,2.20,1.60
2010.06.03 19:07:17.011,0.83265,0.83275,1.00,1.60
2010.06.03 19:07:17.349,0.83255,0.83275,19.90,1.60
2010.06.03 19:07:18.251,0.83255,0.83275,20.30,1.60
2010.06.03 19:07:18.596,0.8325,0.8327,26.50,1.60
2010.06.03 19:07:18.707,0.8325,0.8327,26.10,1.60
2010.06.03 19:07:18.818,0.8325,0.8327,26.10,1.60
2010.06.03 19:07:19.870,0.8325,0.8327,17.10,1.60
2010.06.03 19:07:20.114,0.8325,0.8327,17.10,1.60
2010.06.03 19:07:21.042,0.8325,0.8327,17.10,1.60
2010.06.03 19:07:21.366,0.8325,0.8327,14.70,1.60
2010.06.03 19:07:27.438,0.83255,0.8327,2.20,3.20
2010.06.03 19:07:28.321,0.8325,0.83265,7.80,1.60
2010.06.03 19:07:28.672,0.8325,0.83265,3.80,1.60
2010.06.03 19:07:31.806,0.8325,0.83265,10.60,1.60
2010.06.03 19:07:32.378,0.83255,0.83265,1.00,1.60
2010.06.03 19:07:32.458,0.83255,0.83265,2.20,1.60
2010.06.03 19:07:32.537,0.83255,0.8327,2.20,2.50
2010.06.03 19:07:33.511,0.83255,0.8327,3.80,1.60
2010.06.03 19:07:35.127,0.83255,0.8327,7.80,1.60
2010.06.03 19:07:35.389,0.83255,0.8327,15.80,1.60
2010.06.03 19:07:36.237,0.83255,0.8327,17.00,1.60
2010.06.03 19:07:55.636,0.83255,0.8327,10.80,2.50
2010.06.03 19:07:55.781,0.83255,0.8327,3.60,10.50
2010.06.03 19:07:56.625,0.83255,0.83265,1.00,1.60
2010.06.03 19:07:56.974,0.8325,0.83265,2.20,1.60
2010.06.03 19:07:57.140,0.8325,0.83265,2.20,2.50
2010.06.03 19:07:58.070,0.8325,0.83265,1.00,2.50
2010.06.03 19:08:00.621,0.8325,0.83265,2.20,2.50
2010.06.03 19:08:06.730,0.8325,0.83265,1.60,2.50
2010.06.03 19:08:06.906,0.83245,0.8326,2.60,1.60
2010.06.03 19:08:07.864,0.83245,0.8326,2.20,4.10
2010.06.03 19:08:08.152,0.8324,0.8326,18.20,4.10
2010.06.03 19:08:10.506,0.8324,0.83255,18.20,1.60
2010.06.03 19:08:10.846,0.8324,0.8326,18.20,4.10
2010.06.03 19:08:11.628,0.83245,0.8326,1.60,4.10
2010.06.03 19:08:12.421,0.83245,0.8326,1.00,4.10
2010.06.03 19:08:12.516,0.83245,0.8326,2.20,4.10
2010.06.03 19:08:15.716,0.83245,0.8326,1.00,4.10
2010.06.03 19:08:27.466,0.8324,0.8326,18.60,4.10
2010.06.03 19:08:27.575,0.8324,0.8326,17.80,4.10
2010.06.03 19:08:27.869,0.83245,0.8326,1.60,4.10
2010.06.03 19:08:28.058,0.8324,0.83255,8.20,1.60
2010.06.03 19:08:30.180,0.8324,0.83255,7.80,1.60
2010.06.03 19:08:45.846,0.8324,0.83255,3.80,1.60
2010.06.03 19:08:49.866,0.8324,0.83255,7.80,1.60
2010.06.03 19:08:50.052,0.8324,0.83255,3.80,1.60
2010.06.03 19:08:50.922,0.8324,0.8326,3.80,12.10
2010.06.03 19:09:10.040,0.8324,0.83255,3.80,1.60
2010.06.03 19:09:13.170,0.8324,0.8326,3.80,12.10
2010.06.03 19:09:20.227,0.8324,0.83255,3.80,1.60
2010.06.03 19:09:22.103,0.8324,0.8326,3.80,12.10
2010.06.03 19:09:24.918,0.8324,0.83255,1.60,2.50
2010.06.03 19:09:25.298,0.83235,0.83255,16.60,4.10
2010.06.03 19:09:25.476,0.83235,0.83255,16.20,4.10
2010.06.03 19:09:27.358,0.83235,0.83255,12.80,4.10
2010.06.03 19:09:27.568,0.83235,0.8325,10.00,1.60
2010.06.03 19:09:27.780,0.83235,0.8325,15.40,1.60
2010.06.03 19:09:28.626,0.83235,0.83255,15.40,4.10
2010.06.03 19:09:28.889,0.83235,0.83255,18.60,4.10
2010.06.03 19:09:30.916,0.8324,0.83255,1.00,4.10
2010.06.03 19:09:33.488,0.83235,0.83255,18.60,4.10
2010.06.03 19:09:38.599,0.8324,0.83255,1.60,4.10
2010.06.03 19:09:40.525,0.83235,0.8325,13.40,1.60
2010.06.03 19:09:40.609,0.83235,0.8325,15.80,1.60
2010.06.03 19:09:41.138,0.8324,0.8325,1.00,1.60
2010.06.03 19:09:42.094,0.8324,0.83255,7.80,1.60
2010.06.03 19:09:42.758,0.83245,0.83255,4.00,1.60
2010.06.03 19:09:42.987,0.83245,0.83255,5.60,1.60
2010.06.03 19:09:43.974,0.83245,0.8326,7.20,4.90
2010.06.03 19:09:44.336,0.83245,0.83255,5.60,1.60
2010.06.03 19:09:44.716,0.83245,0.8326,5.60,4.90
2010.06.03 19:09:44.837,0.83245,0.8326,7.20,4.90
2010.06.03 19:09:45.075,0.83245,0.8326,9.60,2.50
2010.06.03 19:09:45.386,0.83245,0.83255,8.00,1.60
2010.06.03 19:09:45.699,0.83245,0.8326,8.00,2.50
2010.06.03 19:09:46.779,0.83245,0.8326,9.60,2.50
2010.06.03 19:09:46.888,0.83245,0.8326,8.80,2.50
2010.06.03 19:09:46.998,0.83245,0.8326,8.80,4.10
2010.06.03 19:09:47.111,0.83245,0.8326,8.00,8.90
2010.06.03 19:09:47.223,0.8324,0.83255,11.80,2.50
2010.06.03 19:09:48.459,0.8324,0.83255,10.20,2.50
2010.06.03 19:09:48.795,0.83245,0.83255,1.40,1.60
2010.06.03 19:09:49.122,0.83245,0.83255,10.20,1.60
2010.06.03 19:09:50.111,0.83245,0.8326,11.80,1.60
2010.06.03 19:09:50.330,0.83245,0.83255,10.20,1.60
2010.06.03 19:09:50.757,0.83245,0.8326,11.80,1.60
2010.06.03 19:09:55.420,0.83245,0.8326,11.00,1.60
2010.06.03 19:09:55.627,0.83245,0.83255,1.00,1.60
2010.06.03 19:09:56.474,0.8324,0.83255,7.40,1.60
2010.06.03 19:09:56.755,0.8325,0.83265,2.20,2.00
2010.06.03 19:09:59.301,0.8325,0.8326,2.20,1.60
2010.06.03 19:10:01.341,0.8325,0.8326,1.00,1.60
2010.06.03 19:10:02.337,0.83245,0.8326,13.40,1.60
2010.06.03 19:10:02.449,0.83245,0.8326,5.40,1.60
2010.06.03 19:10:04.706,0.83245,0.8326,4.60,1.60
2010.06.03 19:10:04.857,0.83245,0.8326,4.60,2.50
2010.06.03 19:10:05.008,0.83245,0.8326,3.00,2.50
2010.06.03 19:10:05.833,0.83245,0.8326,2.20,2.50
2010.06.03 19:10:06.004,0.83245,0.8326,3.80,1.60
2010.06.03 19:10:06.330,0.83245,0.8326,5.40,1.60
2010.06.03 19:10:06.649,0.83245,0.8326,11.80,1.60
2010.06.03 19:10:06.996,0.83245,0.8326,15.80,1.60
2010.06.03 19:10:07.850,0.8325,0.83265,1.00,4.10
2010.06.03 19:10:08.187,0.8325,0.83265,1.00,2.50
2010.06.03 19:10:08.548,0.8325,0.83265,1.00,1.60
2010.06.03 19:10:08.726,0.8325,0.83265,2.20,1.60
2010.06.03 19:10:08.908,0.8325,0.8326,1.00,1.60
2010.06.03 19:10:10.328,0.8325,0.8326,2.20,1.60
2010.06.03 19:10:13.557,0.8325,0.83265,2.20,1.60
2010.06.03 19:10:14.576,0.8325,0.8326,1.00,1.60
2010.06.03 19:10:14.737,0.8325,0.83265,1.00,4.10
2010.06.03 19:10:14.909,0.8325,0.8326,1.00,1.60
2010.06.03 19:10:17.292,0.83245,0.8326,7.80,1.60
2010.06.03 19:10:18.097,0.83245,0.8326,3.80,1.60
2010.06.03 19:10:18.939,0.83245,0.8326,10.20,1.60
2010.06.03 19:10:19.911,0.83245,0.8326,6.20,1.60
2010.06.03 19:10:20.254,0.83245,0.8326,3.80,1.60
2010.06.03 19:10:25.561,0.83245,0.8326,4.60,1.60
2010.06.03 19:10:25.619,0.83245,0.8326,3.00,3.20
2010.06.03 19:10:25.677,0.83245,0.8326,3.00,4.10
2010.06.03 19:10:26.484,0.83245,0.8326,3.80,4.10
2010.06.03 19:10:26.827,0.83245,0.8326,11.80,1.60
2010.06.03 19:10:28.717,0.83245,0.8326,12.60,1.60
2010.06.03 19:10:29.568,0.83245,0.8326,17.00,1.60
2010.06.03 19:10:29.777,0.83245,0.8326,15.40,1.60
2010.06.03 19:10:29.926,0.83245,0.8326,14.60,1.60
2010.06.03 19:10:29.976,0.83245,0.8326,6.60,1.60
2010.06.03 19:10:34.467,0.83245,0.8326,4.20,2.50
2010.06.03 19:10:35.357,0.83245,0.8326,2.20,2.50
2010.06.03 19:10:35.585,0.83245,0.8326,1.00,8.10
2010.06.03 19:10:38.390,0.83245,0.83255,1.00,1.60
2010.06.03 19:10:39.830,0.83245,0.83255,2.20,1.60
2010.06.03 19:10:39.867,0.83245,0.83255,3.00,1.60
2010.06.03 19:10:39.937,0.83245,0.8326,4.60,5.60
2010.06.03 19:10:40.667,0.83245,0.8326,11.00,1.60
2010.06.03 19:10:40.857,0.83245,0.8326,11.80,1.60
2010.06.03 19:10:41.047,0.83245,0.8326,11.00,1.60
2010.06.03 19:10:41.242,0.83245,0.8326,9.40,4.10
2010.06.03 19:10:42.114,0.8324,0.83255,10.60,1.60
2010.06.03 19:10:42.463,0.8324,0.83255,8.20,1.60
2010.06.03 19:10:42.810,0.83245,0.83255,1.60,1.60
2010.06.03 19:10:43.155,0.83245,0.8326,2.20,2.50
2010.06.03 19:10:43.501,0.83245,0.8326,2.20,5.60
2010.06.03 19:10:44.670,0.83245,0.8326,3.80,1.60
2010.06.03 19:10:47.879,0.83245,0.83255,1.00,1.60
2010.06.03 19:10:48.087,0.8324,0.83255,8.20,1.60
2010.06.03 19:10:48.427,0.8324,0.83255,7.80,1.60
2010.06.03 19:10:56.120,0.8324,0.83255,3.80,1.60
2010.06.03 19:10:58.059,0.83235,0.83255,16.20,4.10
2010.06.03 19:10:58.208,0.8324,0.83255,1.60,4.10
2010.06.03 19:10:59.191,0.83235,0.83255,16.20,4.10
2010.06.03 19:10:59.531,0.8324,0.83255,2.20,4.10
2010.06.03 19:11:00.207,0.8324,0.83255,1.00,4.10
2010.06.03 19:11:00.551,0.8324,0.83255,3.80,1.60
2010.06.03 19:11:03.927,0.8324,0.83255,7.80,1.60
2010.06.03 19:11:04.109,0.8324,0.83255,3.80,1.60
2010.06.03 19:11:05.729,0.8324,0.83255,7.80,1.60
2010.06.03 19:11:07.711,0.8324,0.83255,6.20,1.60
2010.06.03 19:11:07.757,0.8324,0.83255,7.80,1.60
2010.06.03 19:11:08.696,0.8324,0.83255,3.80,1.60
2010.06.03 19:11:09.080,0.8324,0.83255,7.80,1.60
2010.06.03 19:11:16.956,0.8324,0.83255,6.20,1.60
2010.06.03 19:11:17.257,0.8324,0.83255,7.80,1.60
2010.06.03 19:11:19.084,0.8324,0.83255,3.80,1.60
2010.06.03 19:11:19.531,0.8324,0.83255,1.00,2.50
2010.06.03 19:11:19.752,0.8324,0.83255,2.20,2.50
2010.06.03 19:11:21.208,0.8324,0.83255,2.20,4.10
2010.06.03 19:11:21.757,0.8324,0.83255,1.00,4.10
2010.06.03 19:11:23.333,0.8324,0.83255,2.20,4.10
2010.06.03 19:11:23.450,0.8324,0.83255,1.00,4.10
2010.06.03 19:11:24.028,0.8324,0.83255,2.20,4.10
2010.06.03 19:11:24.386,0.8324,0.83255,1.00,4.10
2010.06.03 19:11:25.906,0.8324,0.83255,2.20,4.10
2010.06.03 19:11:27.726,0.8324,0.83255,1.00,4.10
2010.06.03 19:11:29.089,0.8324,0.83255,2.20,4.10
2010.06.03 19:11:30.132,0.8324,0.83255,1.00,4.10
2010.06.03 19:11:30.689,0.8324,0.8325,1.00,1.60
2010.06.03 19:11:30.837,0.83235,0.8325,16.50,1.60
2010.06.03 19:11:30.918,0.83235,0.8325,16.20,1.60
2010.06.03 19:11:31.828,0.83235,0.8325,15.80,2.50
2010.06.03 19:11:34.776,0.83235,0.8325,14.20,2.50
2010.06.03 19:11:37.079,0.83235,0.8325,16.20,1.60
2010.06.03 19:11:41.657,0.83235,0.8325,14.60,1.60
2010.06.03 19:11:47.043,0.83235,0.8325,13.80,1.60
2010.06.03 19:11:47.248,0.83235,0.8325,13.20,1.60
2010.06.03 19:11:47.386,0.83235,0.8325,12.00,1.60
2010.06.03 19:11:47.529,0.83235,0.8325,4.00,1.60
2010.06.03 19:11:47.669,0.83235,0.8325,1.60,4.10
2010.06.03 19:11:48.630,0.83235,0.83245,1.60,1.60
2010.06.03 19:11:48.880,0.83235,0.83245,5.60,1.60
2010.06.03 19:11:49.130,0.83235,0.8325,6.40,4.10
2010.06.03 19:11:49.380,0.83235,0.8325,1.60,4.10
2010.06.03 19:11:50.421,0.8323,0.83245,10.60,1.60
2010.06.03 19:11:53.009,0.8323,0.83245,10.20,1.60
2010.06.03 19:11:56.145,0.8323,0.83245,1.60,4.10
2010.06.03 19:11:57.408,0.8323,0.83245,2.20,4.10
2010.06.03 19:11:57.552,0.8323,0.83245,1.60,4.10
2010.06.03 19:12:00.450,0.8323,0.83245,2.20,4.10
2010.06.03 19:12:02.223,0.8323,0.83245,8.60,1.60
2010.06.03 19:12:02.556,0.83235,0.83245,1.60,1.60
2010.06.03 19:12:04.179,0.83235,0.8325,5.60,4.10
2010.06.03 19:12:04.450,0.83235,0.8325,12.80,2.50
2010.06.03 19:12:04.789,0.83235,0.8325,2.80,4.10
2010.06.03 19:12:05.602,0.83235,0.8325,1.60,4.10
2010.06.03 19:12:06.086,0.8323,0.83245,14.90,1.60
2010.06.03 19:12:06.547,0.8323,0.83245,14.50,1.60
2010.06.03 19:12:06.668,0.8323,0.83245,10.50,1.60
2010.06.03 19:12:07.447,0.83235,0.8325,1.60,8.10
2010.06.03 19:12:14.996,0.8323,0.83245,10.50,1.60
2010.06.03 19:12:15.316,0.83235,0.83245,1.60,1.60
2010.06.03 19:12:16.378,0.83235,0.83245,2.40,1.60
2010.06.03 19:12:16.487,0.83235,0.83245,4.60,1.60
2010.06.03 19:12:16.599,0.83235,0.8325,4.60,4.10
2010.06.03 19:12:16.710,0.83235,0.8325,9.40,4.10
2010.06.03 19:12:17.819,0.83235,0.8325,11.80,2.50
2010.06.03 19:12:18.160,0.83235,0.8325,15.80,1.60
2010.06.03 19:12:19.953,0.8324,0.83255,1.60,4.10
2010.06.03 19:12:20.407,0.8324,0.83255,4.00,4.10
2010.06.03 19:12:21.142,0.8324,0.83255,4.60,4.10
2010.06.03 19:12:21.805,0.8324,0.83255,10.20,1.60
2010.06.03 19:12:22.908,0.8324,0.83255,6.20,1.60
2010.06.03 19:12:24.268,0.8324,0.8326,6.20,12.10
2010.06.03 19:12:24.980,0.8324,0.8326,10.20,8.10
2010.06.03 19:12:25.328,0.83245,0.8326,8.60,2.50
2010.06.03 19:12:25.588,0.83245,0.8326,10.20,2.50
2010.06.03 19:12:27.061,0.83245,0.8326,1.60,13.30
2010.06.03 19:12:27.329,0.8324,0.83255,6.60,1.60
2010.06.03 19:12:27.597,0.8324,0.83255,5.00,1.60
2010.06.03 19:12:28.886,0.83235,0.83255,11.70,8.10
2010.06.03 19:12:29.007,0.83235,0.83255,12.50,8.10
2010.06.03 19:12:29.139,0.83235,0.83255,13.70,8.10
2010.06.03 19:12:29.267,0.83235,0.83255,17.70,4.10
2010.06.03 19:12:29.987,0.8324,0.83255,3.00,4.10
2010.06.03 19:12:30.321,0.83235,0.83255,8.90,12.10
2010.06.03 19:12:30.659,0.83235,0.83255,14.30,8.10
2010.06.03 19:12:31.000,0.83235,0.83255,10.30,12.10
2010.06.03 19:12:32.055,0.83235,0.83255,20.70,4.10
2010.06.03 19:12:34.609,0.83235,0.83255,18.30,4.10
2010.06.03 19:12:34.830,0.8324,0.83255,1.00,4.10
2010.06.03 19:12:35.670,0.8324,0.83255,6.20,1.60
2010.06.03 19:12:38.817,0.8324,0.83255,6.20,2.50
2010.06.03 19:12:39.087,0.8324,0.83255,4.60,4.10
2010.06.03 19:12:43.657,0.8324,0.83255,3.00,4.10
2010.06.03 19:12:45.286,0.8324,0.83255,4.60,4.10
2010.06.03 19:12:49.697,0.8324,0.83255,6.20,2.50
2010.06.03 19:12:49.897,0.8324,0.83255,6.20,1.60
2010.06.03 19:12:51.713,0.8324,0.83255,10.20,1.60
2010.06.03 19:12:51.830,0.8324,0.83255,6.20,1.60
2010.06.03 19:12:52.863,0.8324,0.83255,7.00,2.50
2010.06.03 19:12:52.994,0.8324,0.83255,3.00,4.10
2010.06.03 19:12:53.249,0.8324,0.83255,4.60,3.20
2010.06.03 19:12:54.322,0.8324,0.83255,3.00,4.10
2010.06.03 19:12:55.013,0.8324,0.83255,3.00,8.10
2010.06.03 19:12:55.282,0.8324,0.83255,2.40,4.10
2010.06.03 19:12:56.072,0.8324,0.83255,3.00,4.10
2010.06.03 19:12:59.601,0.8324,0.83255,4.60,2.50
2010.06.03 19:12:59.781,0.8324,0.83255,3.00,2.50
2010.06.03 19:13:00.850,0.8324,0.83255,3.00,4.10
2010.06.03 19:13:01.528,0.8324,0.83255,4.60,1.60
2010.06.03 19:13:02.590,0.8324,0.83255,3.00,2.50
2010.06.03 19:13:02.868,0.83235,0.8325,19.40,1.60
2010.06.03 19:13:03.008,0.8324,0.8325,2.40,1.60
2010.06.03 19:13:04.043,0.8324,0.83255,2.40,4.10
2010.06.03 19:13:06.210,0.8324,0.8325,2.40,1.60
2010.06.03 19:13:06.338,0.83235,0.8325,15.80,1.60
2010.06.03 19:13:06.579,0.83235,0.8325,16.50,1.60
2010.06.03 19:13:07.342,0.83235,0.8325,12.50,1.60
2010.06.03 19:13:07.688,0.83235,0.8325,2.40,8.10
2010.06.03 19:13:08.031,0.83235,0.8325,4.00,4.10
2010.06.03 19:13:09.842,0.83235,0.8325,1.60,4.10
2010.06.03 19:13:10.180,0.83235,0.8325,3.80,4.10
2010.06.03 19:13:11.225,0.8323,0.83245,1.60,8.10
2010.06.03 19:13:11.360,0.8323,0.83245,1.60,4.10
2010.06.03 19:13:12.186,0.8323,0.83245,9.00,1.60
2010.06.03 19:13:12.534,0.8323,0.83245,8.60,1.00
2010.06.03 19:13:13.839,0.8323,0.83245,8.60,2.50
2010.06.03 19:13:16.275,0.8323,0.83245,4.60,2.50
2010.06.03 19:13:16.448,0.8323,0.83245,8.60,2.50
2010.06.03 19:13:16.630,0.8323,0.83245,4.60,2.50
2010.06.03 19:13:16.808,0.8323,0.83245,8.60,4.10
2010.06.03 19:13:17.655,0.8323,0.83245,4.60,2.50
2010.06.03 19:13:18.290,0.8323,0.83245,4.60,4.10
2010.06.03 19:13:26.550,0.8323,0.83245,4.00,4.10
2010.06.03 19:13:27.671,0.83225,0.83245,15.70,4.10
2010.06.03 19:13:27.798,0.83225,0.83245,16.50,4.10
2010.06.03 19:13:27.928,0.8323,0.83245,1.60,4.10
2010.06.03 19:13:28.187,0.8323,0.83245,2.20,4.10
2010.06.03 19:13:29.389,0.8323,0.83245,1.60,4.10
2010.06.03 19:13:29.729,0.8323,0.83245,2.20,4.10
2010.06.03 19:13:30.068,0.8323,0.83245,1.00,4.10
2010.06.03 19:13:30.408,0.83225,0.83245,17.30,4.10
2010.06.03 19:13:30.668,0.83225,0.83245,19.70,4.10
2010.06.03 19:13:30.926,0.8323,0.83245,1.00,4.10
2010.06.03 19:13:31.189,0.8323,0.83245,3.00,4.10
2010.06.03 19:13:32.042,0.83225,0.83245,18.60,4.10
2010.06.03 19:13:32.147,0.83225,0.83245,18.90,4.10
2010.06.03 19:13:32.258,0.83225,0.83245,16.50,4.10
2010.06.03 19:13:32.438,0.83225,0.83245,15.70,4.10
2010.06.03 19:13:35.020,0.83225,0.83245,5.00,12.90
2010.06.03 19:13:35.208,0.83225,0.8324,4.40,1.60
2010.06.03 19:13:35.588,0.83225,0.8324,4.00,1.60
2010.06.03 19:13:35.778,0.83225,0.8324,5.00,1.60
2010.06.03 19:13:35.968,0.83225,0.8324,6.10,1.60
2010.06.03 19:13:36.933,0.83225,0.8324,6.90,1.60
2010.06.03 19:13:37.038,0.83225,0.8324,7.70,1.60
2010.06.03 19:13:37.357,0.83225,0.8324,15.70,1.60
2010.06.03 19:13:37.466,0.83225,0.8324,15.00,1.60
2010.06.03 19:13:37.567,0.83225,0.8324,14.20,1.60
2010.06.03 19:13:37.678,0.83225,0.8324,12.40,1.60
2010.06.03 19:13:37.789,0.83225,0.8324,8.40,1.60
2010.06.03 19:13:37.898,0.83225,0.8324,9.00,4.10
2010.06.03 19:13:38.629,0.83225,0.8324,13.00,4.10
2010.06.03 19:13:38.954,0.83225,0.8324,14.50,1.60
2010.06.03 19:13:40.736,0.83225,0.8324,13.80,1.60
2010.06.03 19:13:41.289,0.83225,0.8324,14.00,1.60
2010.06.03 19:13:41.347,0.83225,0.8324,10.00,1.60
2010.06.03 19:13:41.407,0.83225,0.8324,6.00,1.60
2010.06.03 19:13:42.165,0.83225,0.8324,6.00,4.10
2010.06.03 19:13:42.458,0.83225,0.8324,6.20,2.50
2010.06.03 19:13:42.608,0.83225,0.8324,7.00,2.50
2010.06.03 19:13:42.758,0.83225,0.8324,15.00,1.00
2010.06.03 19:13:43.739,0.83225,0.8324,18.60,1.00
2010.06.03 19:13:43.990,0.8323,0.83245,2.40,4.10
2010.06.03 19:13:44.758,0.83225,0.83245,18.60,4.10
2010.06.03 19:13:45.326,0.83225,0.83245,19.70,4.10
2010.06.03 19:13:46.612,0.83225,0.8324,18.90,1.60
2010.06.03 19:13:46.657,0.83225,0.8324,11.70,1.60
2010.06.03 19:13:46.728,0.83225,0.8324,10.60,1.60
2010.06.03 19:13:47.220,0.83225,0.8324,16.10,1.60
2010.06.03 19:13:47.558,0.83225,0.8324,15.70,1.60
2010.06.03 19:13:51.738,0.83225,0.8324,10.60,1.60
2010.06.03 19:13:51.761,0.83225,0.8324,12.10,1.60
2010.06.03 19:13:52.427,0.83225,0.83245,12.10,8.10
2010.06.03 19:13:52.506,0.83225,0.83245,16.10,4.10
2010.06.03 19:13:53.108,0.83225,0.83245,14.90,4.10
2010.06.03 19:13:53.419,0.83225,0.83245,16.90,4.10
2010.06.03 19:13:54.261,0.83225,0.83245,20.10,4.10
2010.06.03 19:13:55.567,0.83225,0.83245,17.70,4.10
2010.06.03 19:13:58.697,0.83225,0.83245,16.90,4.10
2010.06.03 19:13:58.787,0.83225,0.83245,16.50,4.10
2010.06.03 19:13:59.130,0.83225,0.83245,15.70,4.10
2010.06.03 19:14:00.135,0.83225,0.8324,14.10,3.20
2010.06.03 19:14:00.312,0.83225,0.8324,8.40,4.10
2010.06.03 19:14:00.487,0.83225,0.8324,8.00,4.10
2010.06.03 19:14:02.633,0.83225,0.8324,9.40,4.10
2010.06.03 19:14:02.870,0.83225,0.8324,10.20,3.20
2010.06.03 19:14:03.110,0.83225,0.8324,10.10,1.60
2010.06.03 19:14:04.030,0.83225,0.8324,8.60,4.10
2010.06.03 19:14:05.597,0.83225,0.8324,8.00,4.10
2010.06.03 19:14:09.027,0.83225,0.8324,8.60,4.10
2010.06.03 19:14:10.871,0.83225,0.8324,9.40,4.10
2010.06.03 19:14:10.958,0.83225,0.8324,11.80,1.60
2010.06.03 19:14:11.498,0.83225,0.8324,15.80,1.60
2010.06.03 19:14:11.587,0.8323,0.83245,1.60,4.10
2010.06.03 19:14:25.894,0.8323,0.83245,6.20,2.50
2010.06.03 19:14:26.015,0.8323,0.83245,1.60,4.10
2010.06.03 19:14:26.295,0.8323,0.83245,2.40,4.10
2010.06.03 19:14:27.125,0.83225,0.83245,15.10,4.10
2010.06.03 19:14:27.474,0.83225,0.83245,4.40,12.10
2010.06.03 19:14:27.823,0.83225,0.8324,12.40,1.60
2010.06.03 19:14:29.626,0.83225,0.8324,4.40,1.60
2010.06.03 19:14:29.797,0.83225,0.8324,4.40,2.50
2010.06.03 19:14:29.979,0.83225,0.8324,4.40,4.10
2010.06.03 19:14:30.680,0.83225,0.8324,4.40,3.20
2010.06.03 19:14:30.865,0.83225,0.8324,4.40,1.60
2010.06.03 19:14:31.191,0.83225,0.8324,5.40,4.10
2010.06.03 19:14:31.515,0.83225,0.8324,4.00,4.10
2010.06.03 19:14:35.777,0.83225,0.8324,8.00,4.10
2010.06.03 19:14:36.850,0.83225,0.8324,4.00,4.10
2010.06.03 19:14:41.570,0.83225,0.8324,4.60,4.10
2010.06.03 19:14:42.559,0.83225,0.8324,4.00,4.10
2010.06.03 19:14:42.899,0.83225,0.8324,11.80,1.60
2010.06.03 19:14:56.706,0.83225,0.8324,11.00,2.50
2010.06.03 19:14:56.736,0.83225,0.8324,10.40,2.50
2010.06.03 19:14:56.828,0.83225,0.8324,4.00,4.10
2010.06.03 19:14:58.860,0.83225,0.8324,4.80,4.10
2010.06.03 19:14:59.788,0.83225,0.8324,4.60,4.10
2010.06.03 19:14:59.963,0.83225,0.8324,4.00,4.10
2010.06.03 19:15:01.462,0.83225,0.8324,5.40,4.10
2010.06.03 19:15:01.818,0.83225,0.8324,9.60,2.50
2010.06.03 19:15:01.970,0.83225,0.8324,9.60,4.10
2010.06.03 19:15:02.120,0.83225,0.8324,10.20,4.10
2010.06.03 19:15:03.151,0.83225,0.8324,3.80,4.90
2010.06.03 19:15:06.427,0.83225,0.8324,5.40,4.90
2010.06.03 19:15:06.516,0.83225,0.8324,5.40,4.10
2010.06.03 19:15:06.646,0.83225,0.8324,5.40,2.50
2010.06.03 19:15:10.878,0.83225,0.8324,3.80,4.10
2010.06.03 19:15:11.755,0.83225,0.8324,3.20,4.90
2010.06.03 19:15:15.811,0.83225,0.8324,10.60,1.60
2010.06.03 19:15:15.910,0.83225,0.8324,5.00,2.50
2010.06.03 19:15:16.108,0.83225,0.8324,5.00,4.10
2010.06.03 19:15:16.893,0.83225,0.8324,8.60,1.60
2010.06.03 19:15:17.241,0.83225,0.8324,10.20,2.50
2010.06.03 19:15:18.626,0.83225,0.8324,6.20,2.50
2010.06.03 19:15:18.977,0.83225,0.8324,10.20,2.50
2010.06.03 19:15:19.231,0.83225,0.8324,6.20,2.50
2010.06.03 19:15:20.625,0.83225,0.8324,10.20,1.60
2010.06.03 19:15:21.809,0.83225,0.8324,10.20,2.50
2010.06.03 19:15:22.592,0.83225,0.8324,1.60,4.10
2010.06.03 19:15:22.827,0.8322,0.8324,21.70,4.10
2010.06.03 19:15:24.045,0.8322,0.83235,21.70,1.60
2010.06.03 19:15:24.389,0.8322,0.83235,20.10,1.60
2010.06.03 19:15:24.737,0.8322,0.83235,5.80,5.30
2010.06.03 19:15:24.985,0.8322,0.83235,1.60,8.10
2010.06.03 19:15:25.904,0.83215,0.8323,11.80,1.60
2010.06.03 19:15:26.568,0.83215,0.8323,10.20,4.10
2010.06.03 19:15:27.612,0.83215,0.8323,11.80,1.60
2010.06.03 19:15:28.190,0.83215,0.8323,10.90,4.10
2010.06.03 19:15:28.338,0.83215,0.8323,2.00,4.10
2010.06.03 19:15:29.111,0.83215,0.8323,2.00,8.10
2010.06.03 19:15:29.255,0.83215,0.83225,1.60,1.00
2010.06.03 19:15:29.942,0.83215,0.8323,1.60,8.90
2010.06.03 19:15:30.870,0.83215,0.8323,2.40,4.10
2010.06.03 19:15:31.109,0.8322,0.8323,1.60,1.00
2010.06.03 19:15:31.926,0.83215,0.8323,7.80,2.50
2010.06.03 19:15:32.238,0.83215,0.8323,5.70,2.50
2010.06.03 19:15:32.538,0.83215,0.8323,4.60,2.50
2010.06.03 19:15:33.458,0.83215,0.8323,6.20,1.00
2010.06.03 19:15:34.581,0.83215,0.8323,15.10,1.00
2010.06.03 19:15:34.690,0.83215,0.8323,6.60,1.00
2010.06.03 19:15:35.701,0.83215,0.8323,6.90,1.00
2010.06.03 19:15:36.044,0.8322,0.83235,1.60,4.90
2010.06.03 19:15:37.825,0.83215,0.8323,2.00,4.10
2010.06.03 19:15:37.907,0.83215,0.8323,1.60,4.10
2010.06.03 19:15:37.987,0.83215,0.8323,2.40,4.10
2010.06.03 19:15:38.068,0.83215,0.8323,6.40,4.10
2010.06.03 19:15:38.149,0.83215,0.8323,7.20,4.10
2010.06.03 19:15:38.228,0.83215,0.8323,9.60,2.50
2010.06.03 19:15:38.308,0.83215,0.8323,8.80,2.50
2010.06.03 19:15:39.054,0.83215,0.8323,4.80,2.50
2010.06.03 19:15:39.407,0.8322,0.83235,1.60,4.10
2010.06.03 19:15:39.754,0.8322,0.83235,1.60,12.10
2010.06.03 19:15:40.530,0.8322,0.83235,1.60,4.10
2010.06.03 19:15:40.875,0.8322,0.8323,1.60,1.00
2010.06.03 19:15:41.440,0.8322,0.83235,1.60,4.10
2010.06.03 19:15:42.367,0.8322,0.83225,1.60,2.50
2010.06.03 19:15:42.717,0.83215,0.83225,4.00,1.60
2010.06.03 19:15:42.872,0.83215,0.83225,1.00,1.60
2010.06.03 19:15:43.676,0.83215,0.83225,3.00,1.60
2010.06.03 19:15:43.837,0.83215,0.8323,4.60,4.10
2010.06.03 19:15:44.181,0.83215,0.8323,8.60,4.10
2010.06.03 19:15:44.519,0.83215,0.8323,8.60,2.50
2010.06.03 19:15:45.396,0.83215,0.8323,8.00,2.50
2010.06.03 19:15:45.629,0.83215,0.8323,8.60,4.10
2010.06.03 19:15:45.857,0.83215,0.8323,8.60,2.50
2010.06.03 19:15:46.551,0.83215,0.8323,8.80,4.10
2010.06.03 19:15:46.730,0.83215,0.8323,5.60,4.10
2010.06.03 19:15:46.909,0.83215,0.8323,14.20,4.10
2010.06.03 19:15:47.768,0.83215,0.8323,15.30,4.10
2010.06.03 19:15:47.951,0.83215,0.8323,16.50,1.60
2010.06.03 19:15:48.608,0.83215,0.8323,16.90,1.60
2010.06.03 19:15:49.525,0.83215,0.83235,19.30,4.10
2010.06.03 19:15:49.873,0.8322,0.83235,1.00,4.10
2010.06.03 19:15:52.127,0.8322,0.83235,1.00,2.50
2010.06.03 19:15:52.318,0.8322,0.83235,2.20,2.50
2010.06.03 19:15:54.218,0.8322,0.83235,3.80,1.60
2010.06.03 19:15:56.398,0.8322,0.83235,3.80,2.50
2010.06.03 19:15:56.508,0.8322,0.83235,2.20,2.50
2010.06.03 19:15:58.519,0.8322,0.83235,3.80,2.50
2010.06.03 19:15:59.047,0.8322,0.83235,2.20,4.10
2010.06.03 19:15:59.818,0.8322,0.83235,1.00,4.10
2010.06.03 19:15:59.974,0.83215,0.83235,10.20,8.10
2010.06.03 19:16:00.118,0.83215,0.83235,11.00,8.10
2010.06.03 19:16:00.269,0.8322,0.83235,1.00,4.10
2010.06.03 19:16:00.558,0.8322,0.83235,2.20,4.10
2010.06.03 19:16:00.708,0.8322,0.83235,1.00,4.10
2010.06.03 19:16:01.631,0.8322,0.83235,2.20,2.50
2010.06.03 19:16:01.855,0.8322,0.83235,1.00,1.60
2010.06.03 19:16:02.081,0.8322,0.83235,1.00,8.10
2010.06.03 19:16:03.190,0.83215,0.8323,10.20,1.60
2010.06.03 19:16:03.868,0.83215,0.83235,10.20,8.10
2010.06.03 19:16:06.274,0.83215,0.8323,10.20,1.60
2010.06.03 19:16:07.197,0.8322,0.83235,1.60,8.10
2010.06.03 19:16:07.349,0.8322,0.83235,2.20,4.10
2010.06.03 19:16:08.435,0.8322,0.83235,3.80,1.60
2010.06.03 19:16:10.348,0.83225,0.83235,3.80,1.60
2010.06.03 19:16:10.678,0.83225,0.8324,3.80,3.30
2010.06.03 19:16:11.018,0.83225,0.83235,3.80,1.60
2010.06.03 19:16:11.608,0.83225,0.8324,3.80,3.30
2010.06.03 19:16:11.907,0.83225,0.83235,3.80,1.60
2010.06.03 19:16:12.208,0.83225,0.8324,3.80,3.30
2010.06.03 19:16:13.010,0.83225,0.8324,3.80,2.50
2010.06.03 19:16:13.367,0.83225,0.8324,5.40,2.50
2010.06.03 19:16:13.497,0.83225,0.8324,5.40,1.60
2010.06.03 19:16:18.261,0.83225,0.8324,4.60,1.60
2010.06.03 19:16:19.006,0.83225,0.8324,2.20,1.60
2010.06.03 19:16:19.224,0.8322,0.83235,3.80,1.60
2010.06.03 19:16:19.440,0.83225,0.83235,1.60,1.60
2010.06.03 19:16:19.782,0.83225,0.8324,5.40,3.30
2010.06.03 19:16:21.535,0.8322,0.83235,10.60,1.60
2010.06.03 19:16:21.710,0.83225,0.8324,1.60,9.70
2010.06.03 19:16:22.047,0.83225,0.8324,1.60,13.70
2010.06.03 19:16:22.807,0.83225,0.8324,2.40,13.70
2010.06.03 19:16:22.958,0.83225,0.8324,2.40,12.90
2010.06.03 19:16:23.108,0.83225,0.8324,3.80,12.10
2010.06.03 19:16:23.259,0.83225,0.8324,3.80,4.10
2010.06.03 19:16:24.138,0.8322,0.83235,4.70,1.60
2010.06.03 19:16:24.277,0.8322,0.83235,4.30,1.60
2010.06.03 19:16:26.983,0.8322,0.83235,4.10,1.60
2010.06.03 19:16:27.820,0.8322,0.83235,2.50,1.60
2010.06.03 19:16:27.924,0.8322,0.83235,2.20,2.50
2010.06.03 19:16:33.659,0.8322,0.83235,2.20,4.10
2010.06.03 19:16:34.525,0.83215,0.8323,6.20,2.50
2010.06.03 19:16:36.204,0.83215,0.8323,6.20,6.50
2010.06.03 19:16:36.556,0.83215,0.8323,6.20,1.60
2010.06.03 19:16:41.506,0.83215,0.83235,6.20,15.70
2010.06.03 19:16:44.937,0.83215,0.8323,6.20,1.60
2010.06.03 19:16:45.260,0.83215,0.83235,6.20,15.70
2010.06.03 19:16:46.193,0.83215,0.8323,6.20,1.60
2010.06.03 19:16:46.319,0.83215,0.8323,2.20,6.80
2010.06.03 19:16:46.443,0.83215,0.8323,2.20,7.70
2010.06.03 19:16:46.569,0.83215,0.8323,2.20,10.90
2010.06.03 19:16:48.491,0.83215,0.8323,3.80,5.60
2010.06.03 19:16:49.636,0.83215,0.8323,2.20,9.60
2010.06.03 19:16:49.795,0.83215,0.8323,1.60,12.50
2010.06.03 19:16:50.250,0.83215,0.8323,1.60,4.10
2010.06.03 19:16:51.226,0.83215,0.8323,1.60,11.20
2010.06.03 19:16:51.493,0.83215,0.8323,9.60,1.60
2010.06.03 19:16:51.760,0.83215,0.8323,10.20,1.60
2010.06.03 19:16:52.598,0.83215,0.8323,11.00,1.60
2010.06.03 19:16:53.476,0.8322,0.83235,1.00,2.50
2010.06.03 19:16:53.555,0.8322,0.83235,2.20,4.10
2010.06.03 19:16:53.709,0.8322,0.83235,1.00,4.10
2010.06.03 19:16:54.260,0.8322,0.8323,1.00,1.60
2010.06.03 19:16:55.030,0.8322,0.83235,1.00,4.10
2010.06.03 19:16:55.793,0.8322,0.83235,2.20,4.10
2010.06.03 19:16:55.867,0.8322,0.83235,2.20,2.50
2010.06.03 19:16:55.936,0.8322,0.83235,2.20,1.60
2010.06.03 19:16:57.114,0.8322,0.83235,3.80,1.60
2010.06.03 19:16:57.924,0.8322,0.83235,2.20,2.50
2010.06.03 19:16:58.912,0.8322,0.83235,2.20,1.60
2010.06.03 19:17:00.248,0.8322,0.83235,4.60,1.60
2010.06.03 19:17:00.553,0.8322,0.83235,6.20,1.60
2010.06.03 19:17:01.557,0.8322,0.83235,3.80,1.60
2010.06.03 19:17:01.835,0.83225,0.83235,1.60,1.60
2010.06.03 19:17:02.112,0.8322,0.83235,3.80,1.60
2010.06.03 19:17:03.354,0.8322,0.83235,6.20,1.60
2010.06.03 19:17:03.630,0.83225,0.8324,1.60,6.80
2010.06.03 19:17:03.908,0.83225,0.8324,1.60,10.80
2010.06.03 19:17:04.882,0.8322,0.83235,6.20,1.60
2010.06.03 19:17:05.698,0.83225,0.83235,1.60,1.60
2010.06.03 19:17:06.578,0.83225,0.8324,1.60,10.80
2010.06.03 19:17:07.755,0.83225,0.8324,1.60,10.40
2010.06.03 19:17:08.567,0.83225,0.8324,2.20,6.00
2010.06.03 19:17:08.620,0.83225,0.8324,3.80,2.00
2010.06.03 19:17:09.330,0.83225,0.8324,2.20,2.50
2010.06.03 19:17:09.647,0.83225,0.8324,3.00,2.50
2010.06.03 19:17:09.956,0.83225,0.8324,1.60,13.30
2010.06.03 19:17:10.266,0.8322,0.8324,3.80,13.30
2010.06.03 19:17:11.272,0.83225,0.8324,5.40,2.40
2010.06.03 19:17:11.850,0.83225,0.8324,3.80,4.00
2010.06.03 19:17:12.141,0.83225,0.8324,3.00,4.90
2010.06.03 19:17:13.087,0.83225,0.83235,1.00,1.60
2010.06.03 19:17:13.226,0.83225,0.83235,1.60,1.60
2010.06.03 19:17:13.500,0.83225,0.8324,3.20,4.90
2010.06.03 19:17:14.336,0.83225,0.8324,3.80,4.90
2010.06.03 19:17:14.683,0.83225,0.8324,3.80,3.30
2010.06.03 19:17:15.028,0.83225,0.8324,5.40,2.40
2010.06.03 19:17:15.369,0.83225,0.8324,5.40,1.60
2010.06.03 19:17:16.180,0.8323,0.83245,3.00,14.90
2010.06.03 19:17:16.524,0.8323,0.83245,4.60,4.10
2010.06.03 19:17:16.670,0.8323,0.83245,4.00,4.10
2010.06.03 19:17:16.808,0.8323,0.83245,1.60,4.10
2010.06.03 19:17:17.088,0.83225,0.83245,16.20,4.10
2010.06.03 19:17:17.228,0.83225,0.83245,16.90,4.10
2010.06.03 19:17:18.029,0.83225,0.83245,16.50,4.10
2010.06.03 19:17:18.180,0.83235,0.83245,1.60,4.10
2010.06.03 19:17:19.519,0.83235,0.83245,3.20,1.00
2010.06.03 19:17:21.279,0.83235,0.8325,13.40,1.60
2010.06.03 19:17:21.356,0.83235,0.8325,4.80,4.10
2010.06.03 19:17:21.420,0.83235,0.8325,9.60,4.10
2010.06.03 19:17:22.820,0.83235,0.83245,3.20,3.30
2010.06.03 19:17:23.134,0.8323,0.8324,1.00,11.30
2010.06.03 19:17:23.444,0.83225,0.8324,1.60,8.50
2010.06.03 19:17:23.751,0.83225,0.8324,1.60,4.50
2010.06.03 19:17:24.701,0.83225,0.8324,14.90,1.30
2010.06.03 19:17:25.049,0.83225,0.83245,10.20,8.90
2010.06.03 19:17:25.378,0.83225,0.83245,10.20,8.50
2010.06.03 19:17:25.549,0.83225,0.83245,6.20,12.50
2010.06.03 19:17:26.605,0.83225,0.83245,10.20,6.90
2010.06.03 19:17:27.069,0.83225,0.83245,6.20,10.90
2010.06.03 19:17:27.898,0.83225,0.83245,14.20,2.00
2010.06.03 19:17:28.153,0.83225,0.8324,6.20,2.50
2010.06.03 19:17:28.421,0.83225,0.8324,2.20,2.50
2010.06.03 19:17:29.497,0.83225,0.8324,1.60,8.10
2010.06.03 19:17:30.186,0.83225,0.83235,1.60,2.50
2010.06.03 19:17:31.344,0.8322,0.83235,1.60,4.10
2010.06.03 19:17:32.890,0.83215,0.83235,7.00,12.10
2010.06.03 19:17:33.230,0.83215,0.83225,1.60,1.00
2010.06.03 19:17:33.571,0.8321,0.83225,1.60,12.10
2010.06.03 19:17:34.271,0.8321,0.8322,1.60,1.00
2010.06.03 19:17:34.619,0.83205,0.8322,1.60,2.50
2010.06.03 19:17:37.048,0.8321,0.83225,1.60,8.10
2010.06.03 19:17:37.887,0.8321,0.83225,1.60,6.50
2010.06.03 19:17:38.944,0.8321,0.83225,1.60,8.10
2010.06.03 19:17:40.537,0.8321,0.83225,1.60,6.50
2010.06.03 19:17:40.647,0.8321,0.83225,2.20,6.50
2010.06.03 19:17:40.758,0.83215,0.83225,1.60,2.50
2010.06.03 19:17:41.706,0.83215,0.83225,1.60,1.00
2010.06.03 19:17:41.907,0.83215,0.8323,1.60,12.10
2010.06.03 19:17:42.116,0.83215,0.8323,1.60,8.10
2010.06.03 19:17:42.322,0.83215,0.8323,1.60,6.50
2010.06.03 19:17:43.213,0.83215,0.8323,1.60,12.10
2010.06.03 19:17:43.425,0.83215,0.8323,4.60,4.10
2010.06.03 19:17:43.661,0.83215,0.8323,1.60,4.10
2010.06.03 19:17:44.350,0.83215,0.8323,4.60,2.50
2010.06.03 19:17:45.356,0.83215,0.8323,6.20,1.60
2010.06.03 19:17:45.434,0.83215,0.83235,10.20,8.50
2010.06.03 19:17:47.091,0.8322,0.83235,1.60,6.90
2010.06.03 19:17:47.401,0.8322,0.83235,1.60,2.50
2010.06.03 19:17:47.538,0.8322,0.83235,1.60,4.10
2010.06.03 19:17:47.680,0.83215,0.83235,6.20,12.10
2010.06.03 19:17:47.820,0.8322,0.83235,1.60,12.10
2010.06.03 19:17:47.962,0.8322,0.8323,1.60,2.50
2010.06.03 19:17:48.892,0.83215,0.8323,1.60,4.10
2010.06.03 19:17:49.140,0.83215,0.8323,1.60,14.50
2010.06.03 19:17:49.391,0.83215,0.8323,1.60,12.90
2010.06.03 19:17:50.325,0.83215,0.83225,1.60,1.00
2010.06.03 19:17:50.909,0.83215,0.8323,1.60,12.90
2010.06.03 19:17:52.068,0.83215,0.8323,1.60,13.30
2010.06.03 19:17:53.007,0.83215,0.8323,1.60,12.90
2010.06.03 19:17:53.125,0.83215,0.8323,3.80,10.50
2010.06.03 19:17:53.230,0.83215,0.8323,11.80,2.50
2010.06.03 19:17:53.344,0.83215,0.83235,12.90,5.30
2010.06.03 19:17:53.449,0.83215,0.83235,15.30,5.30
2010.06.03 19:17:53.559,0.8322,0.83235,1.60,8.90
2010.06.03 19:17:54.279,0.8322,0.83235,1.60,4.90
2010.06.03 19:17:54.626,0.8322,0.83235,1.60,4.10
2010.06.03 19:17:56.699,0.83215,0.8323,10.60,1.00
2010.06.03 19:17:56.874,0.83215,0.8323,2.20,1.00
2010.06.03 19:17:57.895,0.83215,0.8323,3.80,2.50
2010.06.03 19:17:58.241,0.8322,0.83235,1.60,4.10
2010.06.03 19:18:06.956,0.8322,0.83235,2.20,4.10
2010.06.03 19:18:09.177,0.8322,0.83235,8.60,1.00
2010.06.03 19:18:09.269,0.83225,0.83235,1.60,1.00
2010.06.03 19:18:10.745,0.83225,0.8324,1.60,8.60
2010.06.03 19:18:11.003,0.83225,0.8324,1.60,8.50
2010.06.03 19:18:12.352,0.83225,0.8324,4.00,8.50
2010.06.03 19:18:12.558,0.83225,0.8324,4.00,4.10
2010.06.03 19:18:12.770,0.83225,0.8324,2.20,5.60
2010.06.03 19:18:13.570,0.83225,0.8324,6.20,1.60
2010.06.03 19:18:16.822,0.83225,0.8324,10.20,1.60
2010.06.03 19:18:17.842,0.83225,0.83245,10.20,8.10
2010.06.03 19:18:27.190,0.8323,0.83245,1.60,8.10
2010.06.03 19:18:28.011,0.8323,0.83245,2.20,4.10
2010.06.03 19:18:28.467,0.8323,0.83245,1.60,4.10
2010.06.03 19:18:28.558,0.83225,0.8324,14.20,1.60
2010.06.03 19:18:28.739,0.83225,0.8324,10.20,1.60
2010.06.03 19:18:29.599,0.8323,0.83245,1.60,8.10
2010.06.03 19:18:29.681,0.8323,0.83245,1.60,12.10
2010.06.03 19:18:31.763,0.8323,0.83245,1.60,4.10
2010.06.03 19:18:31.901,0.8323,0.83245,1.60,12.10
2010.06.03 19:18:36.681,0.8323,0.83245,1.60,4.10
2010.06.03 19:18:37.428,0.8323,0.83245,3.80,1.60
2010.06.03 19:18:37.480,0.8323,0.83245,4.90,1.60
2010.06.03 19:18:37.562,0.83225,0.83245,14.60,4.10
2010.06.03 19:18:38.457,0.83225,0.83245,10.60,8.10
2010.06.03 19:18:38.803,0.83225,0.8324,6.20,2.50
2010.06.03 19:18:39.238,0.83225,0.8324,7.80,1.60
2010.06.03 19:18:39.418,0.8323,0.83245,2.20,8.10
2010.06.03 19:18:39.598,0.8323,0.83245,1.00,8.10
2010.06.03 19:18:40.489,0.8323,0.83245,2.20,4.10
2010.06.03 19:18:40.949,0.8323,0.83245,2.20,2.50
2010.06.03 19:18:41.806,0.8323,0.83245,3.80,1.60
2010.06.03 19:18:42.605,0.8323,0.83245,1.00,4.10
2010.06.03 19:18:42.873,0.83225,0.83245,11.80,4.10
2010.06.03 19:18:44.162,0.8323,0.83245,2.20,4.10
2010.06.03 19:18:44.427,0.8323,0.83245,1.60,4.10
2010.06.03 19:18:45.149,0.83225,0.83245,14.20,4.10
2010.06.03 19:18:45.295,0.83225,0.8324,11.80,1.60
2010.06.03 19:18:45.642,0.83225,0.8324,3.80,1.60
2010.06.03 19:18:45.989,0.83225,0.8324,3.80,4.10
2010.06.03 19:18:47.031,0.83225,0.83245,7.80,11.70
2010.06.03 19:18:48.338,0.83225,0.83245,7.80,8.10
2010.06.03 19:18:49.501,0.83225,0.8324,1.60,4.10
2010.06.03 19:19:00.689,0.83225,0.8324,1.60,12.10
2010.06.03 19:19:03.847,0.83225,0.8324,1.60,4.10
2010.06.03 19:19:03.987,0.83225,0.8324,3.80,2.50
2010.06.03 19:19:05.551,0.83225,0.8324,3.80,1.60
2010.06.03 19:19:06.211,0.83225,0.8324,3.80,2.50
2010.06.03 19:19:07.448,0.83225,0.8324,2.20,4.10
2010.06.03 19:19:07.683,0.83225,0.8324,1.60,4.10
2010.06.03 19:19:08.789,0.83225,0.8324,7.80,1.60
2010.06.03 19:19:09.056,0.83225,0.8324,3.80,1.60
2010.06.03 19:19:09.309,0.83225,0.8324,7.80,1.60
2010.06.03 19:19:09.570,0.83225,0.8324,3.80,1.60
2010.06.03 19:19:09.829,0.83225,0.8324,3.80,2.50
2010.06.03 19:19:11.477,0.83225,0.8324,3.80,4.10
2010.06.03 19:19:11.687,0.83225,0.8324,2.20,4.10
2010.06.03 19:19:11.970,0.83225,0.8324,1.60,4.10
2010.06.03 19:19:12.720,0.83225,0.8324,1.60,8.10
2010.06.03 19:19:13.013,0.83225,0.8324,1.60,4.10
2010.06.03 19:19:13.298,0.8322,0.8324,17.40,4.10
2010.06.03 19:19:13.591,0.83225,0.8324,1.60,4.10
2010.06.03 19:19:15.592,0.83225,0.83235,1.60,2.50
2010.06.03 19:19:16.551,0.8322,0.83235,5.60,1.00
2010.06.03 19:19:16.719,0.83225,0.8324,1.60,4.10
2010.06.03 19:19:17.915,0.83225,0.8324,6.20,4.10
2010.06.03 19:19:19.731,0.83225,0.8324,2.20,4.10
2010.06.03 19:19:19.893,0.83225,0.8324,2.20,2.50
2010.06.03 19:19:20.051,0.83225,0.8324,3.80,1.00
2010.06.03 19:19:21.046,0.83225,0.83245,7.80,12.10
2010.06.03 19:19:21.305,0.8323,0.83245,1.00,2.50
2010.06.03 19:19:22.478,0.83225,0.83245,7.80,8.10
2010.06.03 19:19:22.752,0.83225,0.83245,3.80,12.10
2010.06.03 19:19:29.454,0.83225,0.8324,1.60,10.50
2010.06.03 19:19:29.611,0.83225,0.8324,1.60,16.10
2010.06.03 19:19:29.768,0.8322,0.8324,3.80,16.10
2010.06.03 19:19:31.567,0.8322,0.8324,3.80,16.20
2010.06.03 19:19:36.305,0.8322,0.8324,3.80,16.10
2010.06.03 19:19:36.429,0.8322,0.8324,3.80,14.90
2010.06.03 19:19:36.560,0.8322,0.8324,6.20,12.50
2010.06.03 19:19:36.690,0.8322,0.8324,6.20,12.10
2010.06.03 19:19:36.900,0.83225,0.8324,1.60,4.10
2010.06.03 19:19:37.799,0.83225,0.8324,2.20,4.10
2010.06.03 19:19:39.938,0.83225,0.8324,2.20,8.10
2010.06.03 19:19:40.049,0.83225,0.8324,1.00,8.10
2010.06.03 19:19:41.527,0.8322,0.8324,7.80,8.10
2010.06.03 19:19:41.599,0.8322,0.83235,7.80,1.00
2010.06.03 19:19:41.669,0.8322,0.83235,2.20,2.50
2010.06.03 19:19:41.739,0.8322,0.83235,2.20,4.10
2010.06.03 19:19:42.805,0.83225,0.8324,1.60,14.90
2010.06.03 19:19:43.137,0.83225,0.8324,1.60,2.50
2010.06.03 19:19:44.185,0.83225,0.8324,3.80,2.50
2010.06.03 19:19:45.947,0.83225,0.8324,2.20,4.10
2010.06.03 19:19:46.827,0.83225,0.8324,1.00,12.10
2010.06.03 19:19:46.983,0.8322,0.83235,3.80,1.60
2010.06.03 19:19:49.359,0.8322,0.83235,2.20,1.60
2010.06.03 19:19:49.532,0.8322,0.83235,2.20,2.50
2010.06.03 19:19:49.704,0.8322,0.83235,1.60,2.50
2010.06.03 19:19:50.527,0.8322,0.83235,3.80,1.60
2010.06.03 19:19:50.859,0.8322,0.83235,2.20,4.10
2010.06.03 19:19:51.830,0.8322,0.83235,3.80,2.50
2010.06.03 19:19:52.799,0.8322,0.83235,3.80,1.60
2010.06.03 19:19:52.978,0.8322,0.8324,3.80,12.10
2010.06.03 19:19:56.740,0.8322,0.8324,3.80,12.50
2010.06.03 19:19:57.004,0.83225,0.8324,1.60,15.70
2010.06.03 19:19:57.350,0.83225,0.8324,3.80,1.60
2010.06.03 19:19:59.149,0.83225,0.83245,6.20,8.50
2010.06.03 19:20:00.192,0.83225,0.83245,10.20,8.10
2010.06.03 19:20:01.175,0.83225,0.8324,7.80,1.60
2010.06.03 19:20:02.059,0.83225,0.8324,3.80,1.60
2010.06.03 19:20:02.686,0.83225,0.83245,3.80,12.20
2010.06.03 19:20:06.904,0.83225,0.83245,3.80,14.50
2010.06.03 19:20:07.342,0.83225,0.83245,3.80,15.70
2010.06.03 19:20:07.780,0.83225,0.83245,3.80,16.10
2010.06.03 19:20:07.887,0.83225,0.8324,3.80,1.60
2010.06.03 19:20:09.105,0.83225,0.83245,3.80,14.90
2010.06.03 19:20:11.058,0.8323,0.83245,1.60,4.10
2010.06.03 19:20:11.392,0.8323,0.83245,2.20,4.10
2010.06.03 19:20:12.003,0.8323,0.83245,2.20,1.60
2010.06.03 19:20:12.979,0.8323,0.83245,3.80,5.60
2010.06.03 19:20:13.177,0.8323,0.83245,3.80,6.50
2010.06.03 19:20:15.124,0.8323,0.83245,2.20,6.50
2010.06.03 19:20:19.167,0.8323,0.83245,2.20,8.10
2010.06.03 19:20:20.709,0.8323,0.83245,1.00,8.10
2010.06.03 19:20:20.987,0.8323,0.83245,2.20,8.10
2010.06.03 19:20:24.010,0.8323,0.83245,1.00,8.10
2010.06.03 19:20:29.708,0.8323,0.83245,2.20,8.10
2010.06.03 19:20:35.250,0.8323,0.83245,3.80,2.50
2010.06.03 19:20:35.463,0.8323,0.8325,3.80,14.90
2010.06.03 19:20:35.683,0.83235,0.8325,1.00,9.60
2010.06.03 19:20:36.586,0.83235,0.8325,2.20,2.40
2010.06.03 19:20:37.047,0.83235,0.8325,1.00,2.40
2010.06.03 19:20:38.507,0.83235,0.8325,1.00,11.30
2010.06.03 19:20:40.500,0.83235,0.8325,3.80,2.50
2010.06.03 19:20:40.779,0.83235,0.8325,2.20,2.50
2010.06.03 19:20:46.688,0.83235,0.8325,3.80,1.60
2010.06.03 19:20:47.721,0.8324,0.83255,2.20,6.80
2010.06.03 19:20:47.988,0.8324,0.83255,2.20,2.50
2010.06.03 19:20:51.462,0.8324,0.83255,1.00,2.50
2010.06.03 19:20:51.734,0.8324,0.83255,1.00,6.50
2010.06.03 19:21:00.119,0.8324,0.83255,3.80,5.60
2010.06.03 19:21:00.863,0.83245,0.83255,1.60,1.60
2010.06.03 19:21:01.167,0.8324,0.83255,1.60,4.10
2010.06.03 19:21:05.420,0.8324,0.83255,2.20,4.10
2010.06.03 19:21:13.735,0.8324,0.83255,2.20,2.50
2010.06.03 19:21:13.827,0.8324,0.83255,10.20,1.60
2010.06.03 19:21:13.908,0.8324,0.83255,7.80,1.60
2010.06.03 19:21:20.862,0.8324,0.83255,3.80,1.60
2010.06.03 19:21:20.978,0.8324,0.83255,7.80,1.60
2010.06.03 19:21:22.325,0.8324,0.83255,3.80,1.60
2010.06.03 19:21:22.537,0.8324,0.83255,7.80,1.60
2010.06.03 19:21:26.504,0.83245,0.83255,2.20,1.60
2010.06.03 19:21:28.391,0.8325,0.8326,1.00,1.60
2010.06.03 19:21:29.442,0.83245,0.8326,11.80,1.60
2010.06.03 19:21:29.620,0.83245,0.8326,3.80,1.60
2010.06.03 19:21:30.299,0.83245,0.8326,11.80,1.60
2010.06.03 19:21:30.639,0.8325,0.8326,1.00,1.60
2010.06.03 19:21:31.825,0.83245,0.8326,3.80,1.60
2010.06.03 19:21:41.129,0.83245,0.8326,3.80,2.50
2010.06.03 19:21:43.684,0.83245,0.8326,3.80,1.60
2010.06.03 19:21:47.440,0.83245,0.8326,3.80,2.50
2010.06.03 19:21:49.029,0.83245,0.8326,2.20,4.10
2010.06.03 19:21:54.529,0.83245,0.8326,3.80,1.60
2010.06.03 19:21:54.629,0.83245,0.8326,2.20,1.60
2010.06.03 19:21:55.429,0.83245,0.8326,2.20,3.20
2010.06.03 19:21:55.784,0.8324,0.8326,11.00,4.50
2010.06.03 19:21:56.137,0.8324,0.83255,6.60,1.60
2010.06.03 19:21:56.478,0.8324,0.83255,4.60,1.60
2010.06.03 19:21:57.539,0.8324,0.83255,3.80,2.50
2010.06.03 19:21:57.882,0.8324,0.83255,2.20,4.10
2010.06.03 19:21:58.050,0.8324,0.83255,2.20,12.10
2010.06.03 19:21:59.143,0.8324,0.83255,2.20,4.10
2010.06.03 19:21:59.632,0.8324,0.83255,2.20,1.00
2010.06.03 19:21:59.880,0.8324,0.83255,2.20,1.60
2010.06.03 19:22:00.935,0.8324,0.83255,1.00,2.50
2010.06.03 19:22:01.149,0.8324,0.83255,2.20,1.00
2010.06.03 19:22:02.279,0.8324,0.83255,2.20,2.50
2010.06.03 19:22:02.487,0.83235,0.83255,6.20,12.10
2010.06.03 19:22:05.427,0.8324,0.83255,2.20,4.10
2010.06.03 19:22:07.744,0.8324,0.83255,3.80,1.60
2010.06.03 19:22:08.607,0.8324,0.83255,2.20,2.50
2010.06.03 19:22:09.961,0.8324,0.83255,3.80,1.60
2010.06.03 19:22:13.868,0.8324,0.8326,3.80,16.10
2010.06.03 19:22:34.445,0.8324,0.8326,6.20,13.30
2010.06.03 19:22:34.603,0.83245,0.8326,1.60,4.50
2010.06.03 19:22:37.018,0.8324,0.8326,14.20,4.50
2010.06.03 19:22:44.549,0.83245,0.8326,1.60,4.50
2010.06.03 19:22:45.954,0.83245,0.8326,2.20,4.50
2010.06.03 19:22:46.499,0.83245,0.8326,1.00,4.50
2010.06.03 19:22:46.857,0.83245,0.8326,2.20,4.50
2010.06.03 19:22:48.340,0.83245,0.8326,2.20,2.00
2010.06.03 19:22:48.909,0.83245,0.8326,1.00,2.00
2010.06.03 19:22:49.100,0.83245,0.8326,1.00,4.50
2010.06.03 19:22:49.290,0.8324,0.83255,7.80,1.60
2010.06.03 19:22:50.071,0.8324,0.8326,7.80,6.90
2010.06.03 19:22:50.419,0.8324,0.8326,11.80,5.30
2010.06.03 19:22:52.070,0.83245,0.8326,5.60,2.90
2010.06.03 19:22:52.238,0.83245,0.8326,6.20,2.90
2010.06.03 19:22:53.094,0.83245,0.8326,7.80,2.90
2010.06.03 19:22:54.155,0.83245,0.8326,7.80,2.00
2010.06.03 19:22:54.570,0.8325,0.8326,1.00,2.00
2010.06.03 19:22:57.129,0.83245,0.8326,7.80,2.00
2010.06.03 19:22:57.278,0.83245,0.8326,3.80,2.00
2010.06.03 19:22:59.157,0.83245,0.8326,3.80,2.90
2010.06.03 19:23:02.557,0.83245,0.8326,7.80,2.90
2010.06.03 19:23:04.384,0.83245,0.8326,7.80,2.00
2010.06.03 19:23:06.121,0.83245,0.8326,7.80,2.90
2010.06.03 19:23:08.590,0.83245,0.8326,7.80,2.00
2010.06.03 19:23:08.710,0.83245,0.8326,11.80,2.00
2010.06.03 19:23:09.308,0.83245,0.8326,7.80,2.00
2010.06.03 19:23:10.350,0.83245,0.8326,7.80,1.60
2010.06.03 19:23:12.258,0.83245,0.8326,11.80,1.60
2010.06.03 19:23:13.134,0.83245,0.8326,3.80,2.50
2010.06.03 19:23:16.618,0.83245,0.8326,2.20,2.50
2010.06.03 19:23:17.799,0.83245,0.8326,3.80,2.50
2010.06.03 19:23:24.676,0.83245,0.8326,11.80,1.60
2010.06.03 19:23:25.910,0.83245,0.83265,11.80,4.10
2010.06.03 19:23:26.248,0.83245,0.8326,11.80,1.60
2010.06.03 19:23:30.753,0.83245,0.8326,3.80,1.60
2010.06.03 19:23:32.828,0.83245,0.8326,3.80,2.50
2010.06.03 19:23:33.138,0.83245,0.8326,3.80,1.60
2010.06.03 19:23:37.698,0.83245,0.8326,2.20,2.50
2010.06.03 19:23:38.189,0.83245,0.8326,3.80,1.60
2010.06.03 19:23:39.062,0.83245,0.8326,7.80,1.60
2010.06.03 19:23:39.209,0.83245,0.8326,3.80,1.60
2010.06.03 19:23:39.360,0.83245,0.8326,3.80,2.50
2010.06.03 19:23:39.641,0.83245,0.8326,1.00,2.50
2010.06.03 19:23:40.505,0.83245,0.8326,1.60,4.10
2010.06.03 19:23:40.756,0.8324,0.83255,2.20,2.50
2010.06.03 19:23:49.416,0.8324,0.83255,3.80,2.50
2010.06.03 19:23:49.566,0.8324,0.83255,3.80,1.60
2010.06.03 19:23:50.228,0.8324,0.83255,2.20,2.50
2010.06.03 19:23:53.907,0.8324,0.83255,2.20,1.00
2010.06.03 19:23:53.998,0.8324,0.83255,6.20,1.00
2010.06.03 19:23:54.097,0.8324,0.83255,2.20,1.00
2010.06.03 19:23:54.287,0.8324,0.83255,7.80,1.00
2010.06.03 19:23:55.398,0.8324,0.83255,6.20,1.00
2010.06.03 19:23:55.570,0.8324,0.83255,2.20,2.50
2010.06.03 19:24:02.880,0.8324,0.83255,1.60,4.10
2010.06.03 19:24:03.622,0.83235,0.83255,11.00,8.10
2010.06.03 19:24:03.704,0.83235,0.83255,6.20,12.10
2010.06.03 19:24:04.639,0.83235,0.8325,3.80,1.00
2010.06.03 19:24:05.660,0.83235,0.83255,6.20,12.10
2010.06.03 19:24:07.448,0.83235,0.83255,6.20,14.50
2010.06.03 19:24:07.867,0.83235,0.8325,6.20,1.60
2010.06.03 19:24:07.989,0.83235,0.8325,4.00,4.10
2010.06.03 19:24:08.794,0.8323,0.8325,9.00,4.10
2010.06.03 19:24:09.146,0.8323,0.8325,5.40,12.10
2010.06.03 19:24:09.491,0.8323,0.8325,9.40,4.10
2010.06.03 19:24:10.256,0.83235,0.8325,1.60,4.10
2010.06.03 19:24:16.400,0.83235,0.8325,3.80,2.50
2010.06.03 19:24:16.740,0.83235,0.8325,11.80,1.60
2010.06.03 19:24:20.850,0.83235,0.8325,7.80,1.60
2010.06.03 19:24:21.061,0.83235,0.8325,3.80,2.50
2010.06.03 19:24:21.272,0.83235,0.8325,1.60,4.10
2010.06.03 19:24:25.802,0.83235,0.8325,7.80,2.50
2010.06.03 19:24:26.398,0.83235,0.8325,7.80,1.00
2010.06.03 19:24:27.368,0.83235,0.8325,11.80,1.00
2010.06.03 19:24:27.724,0.83235,0.8325,2.20,4.10
2010.06.03 19:24:27.933,0.83235,0.8325,3.80,4.10
2010.06.03 19:24:28.786,0.83235,0.8325,7.80,1.60
2010.06.03 19:24:29.022,0.83235,0.83255,14.20,4.10
2010.06.03 19:24:30.549,0.8324,0.83255,4.60,4.10
2010.06.03 19:24:30.892,0.83235,0.8325,3.80,1.60
2010.06.03 19:24:31.049,0.83235,0.8325,3.80,2.50
2010.06.03 19:24:32.134,0.83235,0.8325,3.80,1.60
2010.06.03 19:24:32.389,0.83235,0.83255,3.80,12.10
2010.06.03 19:24:32.651,0.8324,0.83255,1.60,6.50
2010.06.03 19:24:32.913,0.8324,0.83255,1.60,4.10
2010.06.03 19:24:33.735,0.8324,0.83255,5.60,4.10
2010.06.03 19:24:35.229,0.8324,0.83255,4.00,4.10
2010.06.03 19:24:36.091,0.83235,0.83255,14.20,4.10
2010.06.03 19:24:36.380,0.8324,0.83255,1.60,4.10
2010.06.03 19:24:36.597,0.83235,0.83255,14.20,4.10
2010.06.03 19:24:36.710,0.8324,0.83255,1.60,4.10
2010.06.03 19:24:36.818,0.8324,0.83255,6.20,3.20
2010.06.03 19:24:37.591,0.8324,0.83255,7.80,1.60
2010.06.03 19:24:40.187,0.8324,0.83255,6.20,1.60
2010.06.03 19:24:40.340,0.8324,0.83255,2.20,1.60
2010.06.03 19:24:40.488,0.8324,0.83255,1.00,2.50
2010.06.03 19:24:53.488,0.8324,0.83255,3.80,1.60
2010.06.03 19:24:53.638,0.8324,0.83255,7.80,1.60
2010.06.03 19:25:04.799,0.8324,0.8326,7.80,10.90
2010.06.03 19:25:04.948,0.8324,0.83255,7.80,1.60
2010.06.03 19:25:05.772,0.8324,0.8326,7.80,10.90
2010.06.03 19:25:06.116,0.83245,0.8326,1.00,11.60
2010.06.03 19:25:06.198,0.8324,0.8326,6.20,12.50
2010.06.03 19:25:06.279,0.8324,0.8326,7.80,12.10
2010.06.03 19:25:07.010,0.8324,0.8326,10.20,8.10
2010.06.03 19:25:07.094,0.83245,0.8326,2.20,4.10
2010.06.03 19:25:08.143,0.8324,0.8326,14.20,4.10
2010.06.03 19:25:08.324,0.8324,0.83255,11.80,2.50
2010.06.03 19:25:09.164,0.8324,0.8326,11.80,7.30
2010.06.03 19:25:09.461,0.8324,0.8326,6.20,11.70
2010.06.03 19:25:09.752,0.8324,0.8326,6.20,10.90
2010.06.03 19:25:10.038,0.8324,0.8326,6.20,11.70
2010.06.03 19:25:11.028,0.8324,0.83255,6.20,1.60
2010.06.03 19:25:11.633,0.8324,0.83255,1.60,6.50
2010.06.03 19:25:11.746,0.8324,0.83255,1.60,4.10
2010.06.03 19:25:11.848,0.83235,0.83255,14.20,4.10
2010.06.03 19:25:13.121,0.83235,0.83255,6.20,12.10
2010.06.03 19:25:13.466,0.8324,0.83255,2.20,2.50
2010.06.03 19:25:13.802,0.8324,0.8326,2.20,15.70
2010.06.03 19:25:14.058,0.8324,0.83255,2.20,1.60
2010.06.03 19:25:16.547,0.8324,0.8326,2.20,15.70
2010.06.03 19:25:17.728,0.8324,0.83255,2.20,1.60
2010.06.03 19:25:18.056,0.8324,0.8326,7.80,6.50
2010.06.03 19:25:18.559,0.8324,0.8326,11.80,6.50
2010.06.03 19:25:19.639,0.8324,0.83255,8.60,1.60
2010.06.03 19:25:19.855,0.8324,0.83255,2.20,3.20
2010.06.03 19:25:20.058,0.8324,0.83255,2.20,4.10
2010.06.03 19:25:20.269,0.8324,0.83255,1.60,4.10
2010.06.03 19:25:22.020,0.8324,0.8326,2.20,15.30
2010.06.03 19:25:22.736,0.8324,0.8326,6.20,11.30
2010.06.03 19:25:22.893,0.8324,0.8326,7.80,6.90
2010.06.03 19:25:23.369,0.8324,0.83255,7.80,1.60
2010.06.03 19:25:24.973,0.8324,0.8326,7.80,10.90
2010.06.03 19:25:25.310,0.8324,0.8326,7.80,6.50
2010.06.03 19:25:25.968,0.8324,0.8326,7.80,10.90
2010.06.03 19:25:26.390,0.8324,0.8326,7.80,6.50
2010.06.03 19:25:28.112,0.8324,0.8326,11.80,6.50
2010.06.03 19:25:28.956,0.8324,0.8326,7.80,10.90
2010.06.03 19:25:30.906,0.83245,0.8326,1.60,10.50
2010.06.03 19:25:31.255,0.8324,0.83255,3.80,1.60
2010.06.03 19:25:31.433,0.8324,0.83255,2.20,1.60
2010.06.03 19:25:32.511,0.8324,0.83255,1.00,4.10
2010.06.03 19:25:34.669,0.8324,0.83255,3.80,1.60
2010.06.03 19:25:34.751,0.8324,0.83255,3.80,2.50
2010.06.03 19:25:34.828,0.8324,0.83255,7.80,2.50
2010.06.03 19:25:35.641,0.8324,0.83255,6.20,1.00
2010.06.03 19:25:36.661,0.8324,0.83255,7.80,1.00
2010.06.03 19:25:39.929,0.8324,0.83255,7.80,2.50
2010.06.03 19:25:40.129,0.8324,0.83255,7.80,1.60
2010.06.03 19:25:46.254,0.8324,0.8326,7.80,6.50
2010.06.03 19:25:47.612,0.8324,0.8326,14.40,4.10
2010.06.03 19:25:48.331,0.83245,0.8326,1.00,3.20
2010.06.03 19:25:48.662,0.8325,0.83265,1.00,4.10
2010.06.03 19:25:48.870,0.8325,0.8326,1.00,1.60
2010.06.03 19:25:51.938,0.83245,0.8326,14.20,1.60
2010.06.03 19:25:52.109,0.83245,0.8326,11.80,1.60
2010.06.03 19:25:54.447,0.83245,0.8326,11.80,2.50
2010.06.03 19:25:55.499,0.83245,0.8326,10.20,2.50
2010.06.03 19:25:55.735,0.8324,0.8326,8.20,10.50
2010.06.03 19:25:55.968,0.8324,0.8326,7.80,10.50
2010.06.03 19:25:57.695,0.8324,0.83255,7.80,1.60
2010.06.03 19:25:58.465,0.8324,0.8326,7.80,10.50
2010.06.03 19:25:59.290,0.8324,0.83255,7.80,1.60
2010.06.03 19:26:00.018,0.8324,0.83255,8.20,1.60
2010.06.03 19:26:00.101,0.83245,0.83255,2.20,1.60
2010.06.03 19:26:00.139,0.83245,0.8326,3.80,8.90
2010.06.03 19:26:00.218,0.83245,0.8326,3.80,2.50
2010.06.03 19:26:00.965,0.8324,0.8326,10.20,8.10
2010.06.03 19:26:01.316,0.8324,0.8326,7.80,8.10
2010.06.03 19:26:03.337,0.8324,0.8326,7.80,8.50
2010.06.03 19:26:03.421,0.8324,0.83255,7.80,1.60
2010.06.03 19:26:03.511,0.8324,0.83255,3.80,1.60
2010.06.03 19:26:07.415,0.8324,0.8326,3.80,12.50
2010.06.03 19:26:07.933,0.8324,0.83255,3.80,1.60
2010.06.03 19:26:12.867,0.8324,0.83255,2.20,2.50
2010.06.03 19:26:18.273,0.8324,0.83255,1.60,2.50
2010.06.03 19:26:18.411,0.83235,0.8325,1.00,9.30
2010.06.03 19:26:18.549,0.83235,0.8325,1.00,14.10
2010.06.03 19:26:19.612,0.8323,0.8325,6.20,12.10
2010.06.03 19:26:20.598,0.83235,0.8325,1.60,12.10
2010.06.03 19:26:20.913,0.8324,0.8325,1.00,5.60
2010.06.03 19:26:21.917,0.83235,0.8325,3.80,1.60
2010.06.03 19:26:29.387,0.83235,0.8325,3.80,2.50
2010.06.03 19:26:33.752,0.83235,0.8325,1.60,4.10
2010.06.03 19:26:36.242,0.83235,0.8325,2.20,4.10
2010.06.03 19:26:36.584,0.83235,0.83255,6.20,14.50
2010.06.03 19:26:38.740,0.83235,0.83255,6.20,12.10
2010.06.03 19:26:38.961,0.83235,0.83255,6.20,14.50
2010.06.03 19:26:40.811,0.83235,0.83255,6.20,12.60
2010.06.03 19:26:41.150,0.83235,0.83245,1.60,1.00
2010.06.03 19:26:43.289,0.8323,0.83245,8.00,1.00
2010.06.03 19:26:43.632,0.8323,0.83245,4.00,1.00
2010.06.03 19:26:46.238,0.8323,0.83245,8.00,1.00
2010.06.03 19:26:49.100,0.8323,0.83245,1.60,2.50
2010.06.03 19:26:49.178,0.8323,0.83245,1.60,4.10
2010.06.03 19:26:49.891,0.83225,0.83235,6.80,4.10
2010.06.03 19:26:49.935,0.8322,0.8323,1.60,1.60
2010.06.03 19:26:49.979,0.8322,0.8323,1.60,2.50
2010.06.03 19:26:50.362,0.83215,0.83225,2.80,1.00
2010.06.03 19:26:50.699,0.83215,0.83225,1.60,1.00
2010.06.03 19:26:52.220,0.83215,0.8323,1.60,2.50
2010.06.03 19:26:52.278,0.83215,0.83225,1.60,2.40
2010.06.03 19:26:52.323,0.83215,0.83225,1.60,3.30
2010.06.03 19:26:52.439,0.83215,0.83225,1.60,2.50
2010.06.03 19:26:53.159,0.83215,0.83225,1.60,1.00
2010.06.03 19:26:53.202,0.83215,0.83225,1.60,2.50
2010.06.03 19:26:53.234,0.8321,0.83225,1.60,2.50
2010.06.03 19:26:53.587,0.83215,0.83225,1.60,2.50
2010.06.03 19:26:55.029,0.8321,0.83225,5.60,2.50
2010.06.03 19:26:55.660,0.83215,0.83225,1.60,2.50
2010.06.03 19:26:55.868,0.83215,0.83225,1.60,1.00
2010.06.03 19:26:56.885,0.83215,0.83225,1.60,2.50
2010.06.03 19:26:57.183,0.8321,0.83225,1.60,2.50
2010.06.03 19:26:57.949,0.8321,0.83225,5.60,2.50
2010.06.03 19:26:58.648,0.8321,0.8322,5.60,1.00
2010.06.03 19:26:58.996,0.8321,0.83225,8.00,1.00
2010.06.03 19:26:59.257,0.83215,0.83225,1.60,1.00
2010.06.03 19:27:04.489,0.83215,0.8323,1.60,4.10
2010.06.03 19:27:04.648,0.83215,0.8323,1.60,2.50
2010.06.03 19:27:05.710,0.8322,0.8323,1.60,2.50
2010.06.03 19:27:06.609,0.8322,0.8323,1.60,1.60
2010.06.03 19:27:06.823,0.8322,0.83235,1.60,4.10
2010.06.03 19:27:13.238,0.8322,0.83235,1.60,2.50
2010.06.03 19:27:23.947,0.83225,0.83235,1.60,2.50
2010.06.03 19:27:24.691,0.8322,0.83235,1.60,2.50
2010.06.03 19:27:42.102,0.8322,0.83235,5.60,2.50
2010.06.03 19:27:42.868,0.83225,0.83235,1.60,2.50
2010.06.03 19:27:43.029,0.8323,0.83235,2.40,1.60
2010.06.03 19:27:43.869,0.83235,0.83245,4.00,4.40
2010.06.03 19:27:44.195,0.83235,0.8325,1.60,2.50
2010.06.03 19:27:44.359,0.83235,0.8325,4.00,2.50
2010.06.03 19:27:44.531,0.83235,0.8325,8.60,1.60
2010.06.03 19:27:45.552,0.8324,0.83255,4.00,4.10
2010.06.03 19:27:45.890,0.8324,0.8325,4.00,1.60
2010.06.03 19:27:46.229,0.83235,0.83255,12.60,4.10
2010.06.03 19:27:47.300,0.83235,0.83255,12.00,4.10
2010.06.03 19:27:48.907,0.8324,0.83255,4.00,4.10
2010.06.03 19:27:52.695,0.83235,0.83255,12.00,4.10
2010.06.03 19:27:55.607,0.83235,0.83255,8.00,8.10
2010.06.03 19:27:56.428,0.83235,0.83255,10.20,8.10
2010.06.03 19:27:59.528,0.83235,0.83255,14.20,8.10
2010.06.03 19:27:59.610,0.83235,0.83255,16.60,4.10
2010.06.03 19:28:00.724,0.83235,0.8325,14.40,2.50
2010.06.03 19:28:00.983,0.83235,0.8325,9.60,2.50
2010.06.03 19:28:01.240,0.83235,0.8325,1.60,2.50
2010.06.03 19:28:06.600,0.83235,0.8325,5.60,1.60
2010.06.03 19:28:06.701,0.83235,0.8325,12.00,1.60
2010.06.03 19:28:09.678,0.83235,0.8325,9.60,2.50
2010.06.03 19:28:09.789,0.83235,0.8325,9.60,4.10
2010.06.03 19:28:10.720,0.83235,0.8325,1.60,4.10
2010.06.03 19:28:16.016,0.8323,0.8325,8.60,4.10
2010.06.03 19:28:16.313,0.8323,0.83245,1.60,4.10
2010.06.03 19:28:16.615,0.83225,0.8324,2.00,10.50
2010.06.03 19:28:16.911,0.83225,0.8324,1.60,12.10
2010.06.03 19:28:17.962,0.83225,0.83245,10.20,8.50
2010.06.03 19:28:18.153,0.83225,0.83245,16.60,2.50
2010.06.03 19:28:18.890,0.83225,0.83245,16.60,4.10
2010.06.03 19:28:19.084,0.83225,0.8324,1.60,14.50
2010.06.03 19:28:19.435,0.83225,0.83235,1.60,1.00
2010.06.03 19:28:22.734,0.83225,0.8324,1.60,14.50
2010.06.03 19:28:22.923,0.8322,0.83235,2.20,1.00
2010.06.03 19:28:23.113,0.8322,0.8324,2.20,16.90
2010.06.03 19:28:23.965,0.8322,0.8324,3.80,14.50
2010.06.03 19:28:24.564,0.83225,0.8324,3.80,1.60
2010.06.03 19:28:26.215,0.8322,0.8324,10.20,8.10
2010.06.03 19:28:26.555,0.83225,0.8324,2.20,8.10
2010.06.03 19:28:27.644,0.83225,0.8324,3.80,4.00
2010.06.03 19:28:27.869,0.83225,0.83245,3.80,15.30
2010.06.03 19:28:28.651,0.83225,0.8324,3.80,1.00
2010.06.03 19:28:28.995,0.83225,0.83245,3.80,12.00
2010.06.03 19:28:29.344,0.8323,0.83245,2.20,1.60
2010.06.03 19:28:30.344,0.83225,0.8324,3.80,9.60
2010.06.03 19:28:30.670,0.83225,0.8324,3.80,5.60
2010.06.03 19:28:31.749,0.83225,0.8324,2.20,12.10
2010.06.03 19:28:32.046,0.8322,0.8324,6.20,12.60
2010.06.03 19:28:33.015,0.8322,0.83235,7.80,1.60
2010.06.03 19:28:33.335,0.83225,0.8324,2.20,6.90
2010.06.03 19:28:33.959,0.83225,0.83235,2.20,1.60
2010.06.03 19:28:34.271,0.8322,0.83235,3.80,1.60
2010.06.03 19:28:35.358,0.8322,0.8324,3.80,12.50
2010.06.03 19:28:35.529,0.83225,0.8324,1.00,12.50
2010.06.03 19:28:35.701,0.83225,0.8324,2.20,10.50
2010.06.03 19:28:36.041,0.83225,0.8324,2.20,5.60
2010.06.03 19:28:37.034,0.83225,0.8324,1.60,7.20
2010.06.03 19:28:37.339,0.83225,0.8324,1.60,5.60
2010.06.03 19:28:38.322,0.83225,0.8324,3.80,1.60
2010.06.03 19:28:38.606,0.8322,0.83235,2.20,2.50
2010.06.03 19:28:39.390,0.8322,0.83235,1.60,7.30
2010.06.03 19:28:40.440,0.83215,0.83235,3.80,18.90
2010.06.03 19:28:41.362,0.83215,0.8323,3.80,1.20
2010.06.03 19:28:42.086,0.83215,0.8323,3.80,3.70
2010.06.03 19:28:42.287,0.8322,0.83235,1.60,14.90
2010.06.03 19:28:43.820,0.8322,0.83235,1.60,4.90
2010.06.03 19:28:44.159,0.8322,0.83235,1.60,6.50
2010.06.03 19:28:45.793,0.83215,0.83235,11.80,6.50
2010.06.03 19:28:45.896,0.83215,0.83235,3.80,14.90
2010.06.03 19:28:45.980,0.83215,0.8323,3.80,4.00
2010.06.03 19:28:46.074,0.8322,0.8323,1.60,4.00
2010.06.03 19:28:46.245,0.8322,0.83235,1.60,14.10
2010.06.03 19:28:47.054,0.8322,0.83235,1.60,4.00
2010.06.03 19:28:47.402,0.8322,0.8324,6.20,15.70
2010.06.03 19:28:47.739,0.8322,0.8324,6.20,11.70
2010.06.03 19:28:49.782,0.83225,0.8324,1.00,4.50
2010.06.03 19:28:49.862,0.83225,0.8324,1.00,3.60
2010.06.03 19:28:50.009,0.83225,0.8324,2.20,2.00
2010.06.03 19:28:50.302,0.83225,0.8324,6.20,2.00
2010.06.03 19:28:50.378,0.83225,0.8324,7.80,2.90
2010.06.03 19:28:51.131,0.83225,0.8324,3.80,2.90
2010.06.03 19:28:55.345,0.83225,0.8324,3.80,6.90
2010.06.03 19:28:55.588,0.83225,0.8324,3.80,6.50
2010.06.03 19:28:55.828,0.83225,0.8324,3.80,8.10
2010.06.03 19:28:56.550,0.8322,0.8324,7.80,8.10
2010.06.03 19:28:57.679,0.83225,0.8324,2.20,8.10
2010.06.03 19:28:58.219,0.83225,0.8324,3.80,8.10
2010.06.03 19:28:58.902,0.83225,0.8324,3.80,4.10
2010.06.03 19:28:59.246,0.83225,0.8324,2.20,4.10
2010.06.03 19:29:03.946,0.83225,0.8324,3.80,1.60
2010.06.03 19:29:06.203,0.83225,0.8324,3.80,2.50
2010.06.03 19:29:08.889,0.83225,0.8324,3.80,1.00
2010.06.03 19:29:12.331,0.83225,0.83245,3.80,15.30
2010.06.03 19:29:12.512,0.83225,0.8324,3.80,1.60
2010.06.03 19:29:14.481,0.83225,0.83245,3.80,15.30
2010.06.03 19:29:15.661,0.83225,0.83245,3.80,17.70
2010.06.03 19:29:15.905,0.83225,0.8324,3.80,1.60
2010.06.03 19:29:16.146,0.83225,0.8324,2.20,8.10
2010.06.03 19:29:16.383,0.83225,0.8324,2.20,4.10
2010.06.03 19:29:19.054,0.83225,0.8324,2.20,8.10
2010.06.03 19:29:21.559,0.83225,0.8324,1.00,8.10
2010.06.03 19:29:22.393,0.8322,0.8324,3.80,12.10
2010.06.03 19:29:24.345,0.83225,0.8324,1.00,12.10
2010.06.03 19:29:24.430,0.83225,0.8324,2.20,12.10
2010.06.03 19:29:25.253,0.83225,0.8324,2.20,8.10
2010.06.03 19:29:25.598,0.8322,0.8324,3.80,12.10
2010.06.03 19:29:26.282,0.8322,0.8324,3.80,14.50
2010.06.03 19:29:27.526,0.8322,0.8324,3.80,12.10
2010.06.03 19:29:30.110,0.83225,0.8324,1.60,12.10
2010.06.03 19:29:30.599,0.83225,0.8324,1.60,8.10
2010.06.03 19:29:30.659,0.83225,0.8324,1.60,4.10
2010.06.03 19:29:32.157,0.83225,0.8324,6.20,4.10
2010.06.03 19:29:34.551,0.83225,0.8324,7.80,2.50
2010.06.03 19:29:38.309,0.83225,0.8324,3.80,2.50
2010.06.03 19:29:38.519,0.83225,0.8324,2.20,4.10
2010.06.03 19:29:42.893,0.83225,0.8324,1.60,4.10
2010.06.03 19:29:43.100,0.83225,0.8324,1.60,8.10
2010.06.03 19:29:48.601,0.83225,0.8324,1.60,6.50
2010.06.03 19:29:48.832,0.83225,0.8324,2.20,10.50
2010.06.03 19:29:49.058,0.83225,0.8324,2.20,12.10
2010.06.03 19:29:51.968,0.83225,0.8324,2.20,8.10
2010.06.03 19:29:54.230,0.83225,0.8324,2.20,4.10
2010.06.03 19:29:55.141,0.83225,0.8324,3.80,2.50
2010.06.03 19:29:59.339,0.83225,0.8324,2.20,4.10
2010.06.03 19:29:59.401,0.83225,0.8324,2.20,8.10
2010.06.03 19:30:00.676,0.83225,0.8324,2.20,12.10
2010.06.03 19:30:03.982,0.83225,0.8324,2.20,8.10
2010.06.03 19:30:05.530,0.83225,0.8324,2.20,12.10
2010.06.03 19:30:06.555,0.83225,0.8324,1.60,12.10
2010.06.03 19:30:08.475,0.83225,0.8324,1.60,15.40
2010.06.03 19:30:08.887,0.83225,0.8324,1.60,19.00
2010.06.03 19:30:09.016,0.83225,0.8324,1.60,14.50
2010.06.03 19:30:09.140,0.83225,0.8324,1.60,12.10
2010.06.03 19:30:10.550,0.83225,0.8324,2.20,8.10
2010.06.03 19:30:13.270,0.83225,0.8324,3.80,1.60
2010.06.03 19:30:14.628,0.83225,0.8324,1.60,12.90
2010.06.03 19:30:16.346,0.83225,0.8324,2.20,8.10
2010.06.03 19:30:16.490,0.83225,0.8324,3.80,6.50
2010.06.03 19:30:16.770,0.83225,0.8324,3.80,5.60
2010.06.03 19:30:17.935,0.83225,0.83245,3.80,12.50
2010.06.03 19:30:18.513,0.83225,0.83245,11.80,4.10
2010.06.03 19:30:19.893,0.83225,0.8324,7.80,1.60
2010.06.03 19:30:19.926,0.83225,0.8324,3.80,1.60
2010.06.03 19:30:20.694,0.83225,0.83245,3.80,16.50
2010.06.03 19:30:20.726,0.83225,0.83245,3.80,14.10
2010.06.03 19:30:22.589,0.83225,0.83245,3.80,16.50
2010.06.03 19:30:26.138,0.83225,0.8324,3.80,4.00
2010.06.03 19:30:32.222,0.8323,0.83245,1.00,12.90
2010.06.03 19:30:33.408,0.83225,0.83245,3.80,12.90
2010.06.03 19:30:35.018,0.83225,0.8324,3.80,4.00
2010.06.03 19:30:39.911,0.83225,0.83245,3.80,12.90
2010.06.03 19:30:44.719,0.83225,0.83245,3.80,15.30
2010.06.03 19:30:44.819,0.83225,0.8324,3.80,4.00
2010.06.03 19:30:47.383,0.83225,0.83245,3.80,15.70
2010.06.03 19:30:47.450,0.83225,0.83245,3.80,14.50
2010.06.03 19:30:48.184,0.83225,0.83245,7.80,14.50
2010.06.03 19:30:48.342,0.83225,0.83245,8.20,8.10
2010.06.03 19:30:49.020,0.8323,0.83245,1.60,8.10
2010.06.03 19:30:49.320,0.8323,0.83245,1.60,4.10
2010.06.03 19:30:50.625,0.83225,0.83245,12.20,4.10
2010.06.03 19:30:52.210,0.8323,0.83245,1.60,4.10
2010.06.03 19:30:57.708,0.83225,0.83245,12.20,4.10
2010.06.03 19:30:58.209,0.8323,0.83245,1.60,4.10
2010.06.03 19:31:03.547,0.83225,0.83245,12.20,4.10
2010.06.03 19:31:11.678,0.8323,0.83245,1.60,4.10
2010.06.03 19:31:12.089,0.8323,0.83245,5.20,4.10
2010.06.03 19:31:12.802,0.8324,0.83245,1.60,2.50
2010.06.03 19:31:12.923,0.8324,0.8326,3.80,12.10
2010.06.03 19:31:13.039,0.8324,0.8326,7.80,4.10
2010.06.03 19:31:15.050,0.8324,0.8326,7.80,8.10
2010.06.03 19:31:15.660,0.8324,0.8326,10.80,8.10
2010.06.03 19:31:16.482,0.83245,0.8326,1.70,6.50
2010.06.03 19:31:16.675,0.83245,0.8326,3.80,1.60
2010.06.03 19:31:19.209,0.83245,0.83265,3.80,14.10
2010.06.03 19:31:19.541,0.83245,0.83265,7.80,8.90
2010.06.03 19:31:19.869,0.83245,0.83265,7.80,9.00
2010.06.03 19:31:20.647,0.83245,0.83265,7.80,8.90
2010.06.03 19:31:20.905,0.8325,0.83265,1.00,3.30
2010.06.03 19:31:21.158,0.83245,0.83265,11.80,4.90
2010.06.03 19:31:21.416,0.83245,0.83265,3.80,14.20
2010.06.03 19:31:22.113,0.83245,0.83265,3.80,13.40
2010.06.03 19:31:22.395,0.8325,0.83265,1.00,2.50
2010.06.03 19:31:22.960,0.8325,0.83265,1.00,4.10
2010.06.03 19:31:24.084,0.83245,0.83265,14.80,4.10
2010.06.03 19:31:24.365,0.8325,0.83265,2.20,4.10
2010.06.03 19:31:24.921,0.8325,0.83265,2.20,2.50
2010.06.03 19:31:25.945,0.8325,0.83265,11.80,2.50
2010.06.03 19:31:26.014,0.8325,0.8327,11.80,4.10
2010.06.03 19:31:26.140,0.8325,0.8327,7.80,8.10
2010.06.03 19:31:26.199,0.8325,0.8327,3.80,12.10
2010.06.03 19:31:26.378,0.8325,0.83265,3.80,1.00
2010.06.03 19:31:27.781,0.8325,0.83265,2.20,1.00
2010.06.03 19:31:32.667,0.8325,0.83265,2.20,2.50
2010.06.03 19:31:33.358,0.8325,0.83265,3.80,2.50
2010.06.03 19:31:36.140,0.8325,0.83265,2.20,2.50
2010.06.03 19:31:36.332,0.83245,0.83265,11.80,2.50
2010.06.03 19:31:36.521,0.83245,0.83265,7.80,8.10
2010.06.03 19:31:36.722,0.83245,0.8326,2.20,2.50
2010.06.03 19:31:39.768,0.83245,0.8326,2.20,10.50
2010.06.03 19:31:40.069,0.83245,0.8326,1.00,12.10
2010.06.03 19:31:40.278,0.8324,0.8326,4.20,12.10
2010.06.03 19:31:41.156,0.8324,0.8326,3.80,14.50
2010.06.03 19:31:41.373,0.8324,0.8326,3.80,12.10
2010.06.03 19:31:46.936,0.8324,0.8326,3.80,12.50
2010.06.03 19:31:54.439,0.83245,0.8326,1.60,12.50
2010.06.03 19:31:54.482,0.8324,0.8326,3.80,12.50
2010.06.03 19:31:57.538,0.8324,0.83255,3.80,1.00
2010.06.03 19:31:58.433,0.8324,0.83255,2.20,2.50
2010.06.03 19:32:01.779,0.8324,0.83255,2.20,4.10
2010.06.03 19:32:03.599,0.8324,0.83255,6.20,4.10
2010.06.03 19:32:04.041,0.83245,0.83255,1.60,1.60
2010.06.03 19:32:05.723,0.83245,0.8326,1.60,4.50
2010.06.03 19:32:08.269,0.8324,0.83255,6.20,1.60
2010.06.03 19:32:09.007,0.8324,0.83255,6.20,2.50
2010.06.03 19:32:09.224,0.8324,0.83255,6.20,4.50
2010.06.03 19:32:13.838,0.8324,0.83255,6.20,2.00
2010.06.03 19:32:13.970,0.8324,0.83255,6.20,1.60
2010.06.03 19:32:14.099,0.83245,0.83255,1.60,1.60
2010.06.03 19:32:15.218,0.83245,0.8326,1.60,8.50
2010.06.03 19:32:22.649,0.83245,0.8326,1.60,4.10
2010.06.03 19:32:30.218,0.83245,0.83255,1.60,1.60
2010.06.03 19:32:31.008,0.83245,0.83255,1.60,2.50
2010.06.03 19:32:31.245,0.8324,0.83255,4.00,2.50
2010.06.03 19:32:31.480,0.8324,0.8325,4.00,1.60
2010.06.03 19:32:37.451,0.83235,0.8325,15.60,1.60
2010.06.03 19:32:38.287,0.83235,0.8325,8.40,4.10
2010.06.03 19:32:38.565,0.8323,0.83245,1.00,4.10
2010.06.03 19:32:39.796,0.83225,0.83245,9.60,12.50
2010.06.03 19:32:40.115,0.83225,0.8324,1.60,8.10
2010.06.03 19:32:40.433,0.83225,0.8324,1.60,4.10
2010.06.03 19:32:41.453,0.83225,0.83235,1.60,1.00
2010.06.03 19:32:42.041,0.83225,0.8324,1.60,4.50
2010.06.03 19:32:43.323,0.8322,0.8324,6.20,4.50
2010.06.03 19:32:43.476,0.83225,0.8324,2.20,2.90
2010.06.03 19:32:43.629,0.83225,0.8324,2.20,4.50
2010.06.03 19:32:43.784,0.83225,0.8324,1.60,4.10
2010.06.03 19:32:44.863,0.83225,0.8324,2.20,4.10
2010.06.03 19:32:46.415,0.83225,0.8324,3.00,4.10
2010.06.03 19:32:46.660,0.8323,0.8324,1.60,2.50
2010.06.03 19:32:47.483,0.8323,0.83245,1.60,9.30
2010.06.03 19:32:47.715,0.8322,0.83235,2.20,2.50
2010.06.03 19:32:47.951,0.8322,0.83235,2.20,2.90
2010.06.03 19:32:48.309,0.8322,0.83235,1.60,4.50
2010.06.03 19:32:51.292,0.8322,0.8323,1.60,2.50
2010.06.03 19:32:52.303,0.8322,0.83235,2.20,2.50
2010.06.03 19:32:52.459,0.8322,0.83235,3.80,2.50
2010.06.03 19:32:53.209,0.83225,0.8324,1.60,12.50
2010.06.03 19:32:53.538,0.83225,0.8324,1.60,4.50
2010.06.03 19:32:54.499,0.83225,0.83235,1.60,1.60
2010.06.03 19:32:56.083,0.8322,0.83235,5.60,4.10
2010.06.03 19:32:56.273,0.8322,0.83235,7.80,1.60
2010.06.03 19:32:57.002,0.8322,0.83235,8.60,1.60
2010.06.03 19:32:57.345,0.83225,0.8324,11.80,1.60
2010.06.03 19:32:57.692,0.83225,0.83245,7.80,8.50
2010.06.03 19:33:00.942,0.83225,0.83245,11.80,4.50
2010.06.03 19:33:02.233,0.8323,0.83245,1.00,1.60
2010.06.03 19:33:02.496,0.83225,0.83245,3.80,14.90
2010.06.03 19:33:03.020,0.83225,0.8324,1.60,2.50
2010.06.03 19:33:03.907,0.83225,0.8324,1.00,4.10
2010.06.03 19:33:04.222,0.83225,0.8324,7.80,1.00
2010.06.03 19:33:05.158,0.83225,0.8324,7.80,2.50
2010.06.03 19:33:06.343,0.83225,0.8324,7.80,1.00
2010.06.03 19:33:06.678,0.83225,0.8324,7.80,2.50
2010.06.03 19:33:06.868,0.83225,0.8324,3.80,2.50
2010.06.03 19:33:06.968,0.83225,0.8324,3.80,4.10
2010.06.03 19:33:10.831,0.83225,0.8324,3.20,4.10
2010.06.03 19:33:10.917,0.83225,0.8324,2.20,2.50
2010.06.03 19:33:11.265,0.83225,0.8324,1.60,2.50
2010.06.03 19:33:13.199,0.83225,0.8324,1.60,4.10
2010.06.03 19:33:14.095,0.83225,0.8324,1.60,4.50
2010.06.03 19:33:16.340,0.8322,0.8324,10.20,4.50
2010.06.03 19:33:16.462,0.8322,0.8324,6.20,4.50
2010.06.03 19:33:16.581,0.83225,0.8324,1.60,4.50
2010.06.03 19:33:17.504,0.83225,0.8324,3.80,2.50
2010.06.03 19:33:19.301,0.83225,0.8324,3.80,1.60
2010.06.03 19:33:21.715,0.83225,0.8324,3.80,2.90
2010.06.03 19:33:22.508,0.83225,0.8324,3.80,2.00
2010.06.03 19:33:23.846,0.83225,0.8324,3.80,2.90
2010.06.03 19:33:24.379,0.83225,0.8324,1.60,4.50
2010.06.03 19:33:25.618,0.83225,0.8324,1.60,8.50
2010.06.03 19:33:25.835,0.83225,0.8324,1.60,4.50
2010.06.03 19:33:26.262,0.83225,0.8324,2.20,4.50
2010.06.03 19:33:26.470,0.83225,0.8324,2.20,2.90
2010.06.03 19:33:27.580,0.83225,0.8324,3.80,2.90
2010.06.03 19:33:32.647,0.83225,0.8324,3.80,2.00
2010.06.03 19:33:32.828,0.83225,0.8324,3.80,1.60
2010.06.03 19:33:33.985,0.83225,0.8324,1.60,4.50
2010.06.03 19:33:35.798,0.83225,0.83235,1.60,2.50
2010.06.03 19:33:36.022,0.8322,0.8324,9.60,4.50
2010.06.03 19:33:36.460,0.8322,0.8324,5.60,4.50
2010.06.03 19:33:36.969,0.8322,0.8324,10.20,4.50
2010.06.03 19:33:38.787,0.83225,0.8324,1.60,4.50
2010.06.03 19:33:41.465,0.8322,0.8324,10.20,4.50
2010.06.03 19:33:46.693,0.8322,0.83235,9.60,1.00
2010.06.03 19:33:46.845,0.8322,0.83235,5.60,1.00
2010.06.03 19:33:50.542,0.8322,0.8324,10.20,4.50
2010.06.03 19:33:52.038,0.83225,0.8324,1.60,4.50
2010.06.03 19:33:53.609,0.8322,0.8324,11.80,4.50
2010.06.03 19:33:56.065,0.83225,0.8324,1.60,6.50
2010.06.03 19:33:56.180,0.83225,0.8324,1.60,2.50
2010.06.03 19:33:59.711,0.83225,0.8324,1.60,6.50
2010.06.03 19:34:02.215,0.83225,0.8324,1.60,4.50
2010.06.03 19:34:03.412,0.83225,0.8324,1.60,4.10
2010.06.03 19:34:08.101,0.8322,0.8324,8.20,8.10
2010.06.03 19:34:08.924,0.83225,0.8324,3.80,6.50
2010.06.03 19:34:09.037,0.83225,0.8324,3.80,2.50
2010.06.03 19:34:10.035,0.8323,0.83245,1.00,4.10
2010.06.03 19:34:14.902,0.83225,0.83245,7.80,8.50
2010.06.03 19:34:21.411,0.83225,0.8324,2.20,1.60
2010.06.03 19:34:22.816,0.83225,0.8324,3.80,1.60
2010.06.03 19:34:24.210,0.83225,0.8324,1.00,1.60
2010.06.03 19:34:24.345,0.8322,0.8324,19.80,4.50
2010.06.03 19:34:24.470,0.8322,0.8324,6.60,12.50
2010.06.03 19:34:25.165,0.8322,0.8324,8.20,8.50
2010.06.03 19:34:25.294,0.8322,0.8324,5.60,8.50
2010.06.03 19:34:25.574,0.8322,0.83235,1.60,2.50
2010.06.03 19:34:25.855,0.8322,0.8324,3.80,12.50
2010.06.03 19:34:26.132,0.8322,0.8324,12.20,4.50
2010.06.03 19:34:30.190,0.8322,0.8324,10.60,4.50
2010.06.03 19:34:30.358,0.8322,0.8324,6.60,4.50
2010.06.03 19:34:30.447,0.8322,0.8324,9.00,4.50
2010.06.03 19:34:31.276,0.8322,0.8324,13.00,4.50
2010.06.03 19:34:31.624,0.8322,0.8324,14.60,4.50
2010.06.03 19:34:34.415,0.83225,0.8324,1.60,4.50
2010.06.03 19:34:40.619,0.83225,0.8324,3.20,2.50
2010.06.03 19:34:40.760,0.83225,0.8324,3.80,2.50
2010.06.03 19:34:41.039,0.83225,0.8324,2.20,2.50
2010.06.03 19:34:41.309,0.83225,0.8324,2.20,4.10
2010.06.03 19:34:45.378,0.83225,0.8324,6.20,4.10
2010.06.03 19:34:47.210,0.83225,0.8324,2.20,4.10
2010.06.03 19:34:49.047,0.83225,0.8324,1.00,4.10
2010.06.03 19:34:49.855,0.83225,0.8324,1.00,4.50
2010.06.03 19:34:50.037,0.83225,0.8324,1.60,4.50
2010.06.03 19:34:50.381,0.83225,0.8324,2.20,4.10
2010.06.03 19:34:50.554,0.83225,0.8324,3.80,1.60
2010.06.03 19:34:51.599,0.8322,0.8324,14.20,8.50
2010.06.03 19:34:51.943,0.8322,0.8324,15.00,8.50
2010.06.03 19:34:53.330,0.8322,0.8324,14.20,8.50
2010.06.03 19:35:02.022,0.83225,0.8324,1.60,4.50
2010.06.03 19:35:03.320,0.83225,0.8324,1.60,4.10
2010.06.03 19:35:05.268,0.83225,0.8324,11.20,1.00
2010.06.03 19:35:05.327,0.83225,0.83245,14.20,4.50
2010.06.03 19:35:07.743,0.8323,0.8324,5.60,1.00
2010.06.03 19:35:07.815,0.83225,0.8324,6.20,3.60
2010.06.03 19:35:08.485,0.83225,0.8324,2.20,3.60
2010.06.03 19:35:08.838,0.83225,0.8324,2.20,4.10
2010.06.03 19:35:18.965,0.83225,0.83245,11.80,4.90
2010.06.03 19:35:21.082,0.83225,0.83245,10.20,4.90
2010.06.03 19:35:21.199,0.83225,0.8324,10.20,2.50
2010.06.03 19:35:22.110,0.83225,0.8324,5.60,2.50
2010.06.03 19:35:22.244,0.83225,0.83245,7.80,4.50
2010.06.03 19:35:22.573,0.83225,0.8324,2.20,2.50
2010.06.03 19:35:24.440,0.83225,0.8324,3.80,1.00
2010.06.03 19:35:30.336,0.83225,0.8324,3.80,2.50
2010.06.03 19:35:33.661,0.83225,0.8324,3.80,1.00
2010.06.03 19:35:34.641,0.83225,0.83245,7.80,8.50
2010.06.03 19:35:34.831,0.8323,0.83245,1.60,2.90
2010.06.03 19:35:35.931,0.83225,0.83245,3.80,12.50
2010.06.03 19:35:38.542,0.83225,0.83245,7.80,8.50
2010.06.03 19:35:40.309,0.83225,0.83245,3.80,8.50
2010.06.03 19:35:40.452,0.83225,0.8324,1.60,4.10
2010.06.03 19:35:40.933,0.83225,0.8324,1.60,2.50
2010.06.03 19:35:41.678,0.83225,0.8324,3.20,1.00
2010.06.03 19:35:42.024,0.8323,0.83245,1.60,4.50
2010.06.03 19:35:43.970,0.8323,0.8324,1.60,2.50
2010.06.03 19:35:44.263,0.83225,0.8324,1.60,4.10
2010.06.03 19:35:45.237,0.83225,0.83245,7.80,8.50
2010.06.03 19:35:45.534,0.83225,0.8324,3.80,1.00
2010.06.03 19:35:52.602,0.8323,0.83245,1.60,8.50
2010.06.03 19:35:52.939,0.83225,0.83245,7.80,8.50
2010.06.03 19:35:53.786,0.8323,0.83245,1.60,4.10
2010.06.03 19:35:54.105,0.83225,0.83245,3.80,12.50
2010.06.03 19:35:54.421,0.83225,0.8324,3.80,1.00
2010.06.03 19:35:54.728,0.8323,0.83245,1.60,12.10
2010.06.03 19:35:55.782,0.8323,0.83245,1.60,4.10
2010.06.03 19:35:56.613,0.83225,0.8324,11.80,1.00
2010.06.03 19:35:57.346,0.83225,0.8324,3.80,1.00
2010.06.03 19:35:58.410,0.83225,0.8324,7.80,1.00
2010.06.03 19:35:58.751,0.83225,0.83245,3.80,12.50
2010.06.03 19:36:00.080,0.83225,0.8324,3.80,1.00
2010.06.03 19:36:02.723,0.8323,0.83245,1.60,4.50
2010.06.03 19:36:02.870,0.8323,0.83245,1.60,4.10
2010.06.03 19:36:25.193,0.8323,0.83245,2.20,2.50
2010.06.03 19:36:25.909,0.8323,0.83245,6.20,2.50
2010.06.03 19:36:26.261,0.83225,0.8324,2.20,2.50
2010.06.03 19:36:26.940,0.83225,0.8324,1.60,2.50
2010.06.03 19:36:39.487,0.83225,0.8324,1.60,2.90
2010.06.03 19:36:39.528,0.83225,0.8324,1.60,6.90
2010.06.03 19:36:39.540,0.83225,0.83235,1.60,1.00
2010.06.03 19:36:41.154,0.8322,0.83235,5.60,2.90
2010.06.03 19:36:41.503,0.8322,0.83235,1.60,2.90
2010.06.03 19:36:42.880,0.8322,0.83235,1.60,4.50
2010.06.03 19:36:43.048,0.8322,0.83235,1.60,4.10
2010.06.03 19:36:44.053,0.8322,0.83235,1.60,1.00
2010.06.03 19:36:44.690,0.8322,0.83235,1.60,2.50
2010.06.03 19:36:45.000,0.83225,0.83235,1.60,1.00
2010.06.03 19:36:46.134,0.83225,0.8324,1.60,4.10
2010.06.03 19:36:46.760,0.83225,0.8324,2.20,3.20
2010.06.03 19:36:46.971,0.83225,0.83245,6.20,10.10
2010.06.03 19:36:47.179,0.83225,0.83245,11.80,6.10
2010.06.03 19:36:47.441,0.8323,0.83245,1.60,5.30
2010.06.03 19:36:47.698,0.8323,0.83245,1.60,4.50
2010.06.03 19:36:48.730,0.8323,0.83245,1.60,4.10
2010.06.03 19:36:50.938,0.8323,0.83245,1.60,4.50
2010.06.03 19:36:51.002,0.83225,0.8324,11.80,1.00
2010.06.03 19:36:52.361,0.83225,0.8324,12.00,1.00
2010.06.03 19:36:53.229,0.8323,0.83245,2.20,2.50
2010.06.03 19:36:53.455,0.8323,0.83245,2.20,4.10
2010.06.03 19:36:53.756,0.8323,0.83245,1.60,4.10
2010.06.03 19:36:55.505,0.8323,0.83245,2.20,2.50
2010.06.03 19:36:58.750,0.8323,0.83245,3.80,2.50
2010.06.03 19:36:58.958,0.83235,0.83245,1.60,1.00
2010.06.03 19:36:59.733,0.83235,0.8325,2.20,7.30
2010.06.03 19:37:00.037,0.8323,0.83245,1.60,4.10
2010.06.03 19:37:01.364,0.83225,0.83245,11.80,4.50
2010.06.03 19:37:02.490,0.8323,0.8324,1.60,1.00
2010.06.03 19:37:02.743,0.83225,0.83245,11.80,4.50
2010.06.03 19:37:03.682,0.83225,0.83245,7.80,8.50
2010.06.03 19:37:03.842,0.83225,0.83245,11.80,4.50
2010.06.03 19:37:03.998,0.8323,0.83245,1.60,4.50
2010.06.03 19:37:04.343,0.83225,0.83245,11.80,4.50
2010.06.03 19:37:06.650,0.83225,0.8324,11.80,1.00
2010.06.03 19:37:06.829,0.83225,0.8324,3.80,1.00
2010.06.03 19:37:07.624,0.83225,0.8324,2.20,2.50
2010.06.03 19:37:07.743,0.83225,0.8324,2.20,4.10
2010.06.03 19:37:08.237,0.83225,0.8324,1.60,4.10
2010.06.03 19:37:08.458,0.83225,0.8324,1.60,2.50
2010.06.03 19:37:08.680,0.83225,0.8324,5.60,2.50
2010.06.03 19:37:09.728,0.83225,0.83245,6.40,8.50
2010.06.03 19:37:11.770,0.83225,0.83245,11.00,4.50
2010.06.03 19:37:11.919,0.8323,0.83245,1.60,4.50
2010.06.03 19:37:12.626,0.83225,0.83245,10.20,4.50
2010.06.03 19:37:12.780,0.83225,0.83245,5.60,8.10
2010.06.03 19:37:17.022,0.8323,0.83245,1.60,9.30
2010.06.03 19:37:17.991,0.83225,0.8324,5.60,4.10
2010.06.03 19:37:19.196,0.83225,0.8324,5.60,4.90
2010.06.03 19:37:19.547,0.83225,0.8324,1.60,4.90
2010.06.03 19:37:19.896,0.83225,0.8324,5.60,2.50
2010.06.03 19:37:20.783,0.8322,0.8324,18.60,2.50
2010.06.03 19:37:21.339,0.8322,0.83235,18.60,1.60
2010.06.03 19:37:21.618,0.8322,0.83235,17.00,1.60
2010.06.03 19:37:22.238,0.8322,0.8324,17.00,2.50
2010.06.03 19:37:25.129,0.83225,0.8324,1.60,2.50
2010.06.03 19:37:25.969,0.8322,0.8324,17.00,2.50
2010.06.03 19:37:28.390,0.8322,0.83235,17.00,1.60
2010.06.03 19:37:29.093,0.8322,0.8324,17.00,2.50
2010.06.03 19:37:40.540,0.8322,0.8324,16.40,4.50
2010.06.03 19:37:40.688,0.8322,0.83235,15.60,2.50
2010.06.03 19:37:41.491,0.8322,0.83235,11.60,4.10
2010.06.03 19:37:41.836,0.83215,0.83235,11.80,4.50
2010.06.03 19:37:43.312,0.8322,0.83235,1.00,2.50
2010.06.03 19:37:45.327,0.8322,0.83235,2.20,2.50
2010.06.03 19:37:46.728,0.8322,0.83235,3.80,1.60
2010.06.03 19:37:47.028,0.8322,0.8324,3.80,12.50
2010.06.03 19:37:47.297,0.8322,0.83235,3.80,1.00
2010.06.03 19:37:47.342,0.8322,0.83235,3.80,2.50
2010.06.03 19:37:49.478,0.8322,0.83235,2.20,2.50
2010.06.03 19:37:49.569,0.8322,0.83235,1.00,2.90
2010.06.03 19:37:49.848,0.8322,0.83235,2.20,2.90
2010.06.03 19:37:50.478,0.8322,0.83235,2.20,4.50
2010.06.03 19:37:51.393,0.8322,0.83235,1.00,4.50
2010.06.03 19:37:51.527,0.8322,0.83235,2.20,2.50
2010.06.03 19:37:51.660,0.8322,0.83235,7.80,1.60
2010.06.03 19:37:51.789,0.83225,0.83235,1.00,1.60
2010.06.03 19:37:53.212,0.83225,0.8324,1.00,4.50
2010.06.03 19:37:56.236,0.8322,0.8324,7.80,4.50
2010.06.03 19:37:56.305,0.8322,0.83235,3.80,1.60
2010.06.03 19:38:06.410,0.8322,0.8324,3.80,12.50
2010.06.03 19:38:06.751,0.83225,0.8324,1.60,4.10
2010.06.03 19:38:13.696,0.83225,0.8324,3.80,1.60
2010.06.03 19:38:15.130,0.83225,0.8324,1.60,9.60
2010.06.03 19:38:15.235,0.83225,0.8324,1.60,1.60
2010.06.03 19:38:16.740,0.83225,0.83245,11.80,8.50
2010.06.03 19:38:17.086,0.83225,0.8324,11.80,1.60
2010.06.03 19:38:17.429,0.83225,0.83245,11.80,4.50
2010.06.03 19:38:18.884,0.8323,0.83245,1.60,4.10
2010.06.03 19:38:19.330,0.8323,0.83245,2.20,4.10
2010.06.03 19:38:20.443,0.8323,0.83245,3.80,1.60
2010.06.03 19:38:22.103,0.8323,0.8325,3.80,12.10
2010.06.03 19:38:22.381,0.8323,0.83245,3.80,1.60
2010.06.03 19:38:27.449,0.8323,0.83245,3.80,2.50
2010.06.03 19:38:27.609,0.8323,0.83245,2.20,4.10
2010.06.03 19:38:30.059,0.8323,0.83245,3.80,1.60
2010.06.03 19:38:31.170,0.8323,0.83245,7.80,1.60
2010.06.03 19:38:31.444,0.8323,0.83245,6.20,2.50
2010.06.03 19:38:33.465,0.8323,0.83245,3.80,1.60
2010.06.03 19:38:33.690,0.8323,0.83245,2.20,2.50
2010.06.03 19:38:36.414,0.8323,0.8325,2.20,14.50
2010.06.03 19:38:36.552,0.8323,0.83245,1.60,2.50
2010.06.03 19:38:36.679,0.8323,0.83245,1.60,1.00
2010.06.03 19:38:36.832,0.8323,0.83245,1.60,2.50
2010.06.03 19:38:37.883,0.8323,0.83245,1.60,4.10
2010.06.03 19:38:39.329,0.8323,0.83245,1.60,8.10
2010.06.03 19:38:39.689,0.83225,0.83245,10.20,4.10
2010.06.03 19:38:41.970,0.83225,0.8324,5.60,4.10
2010.06.03 19:38:42.165,0.83225,0.8324,1.60,2.50
2010.06.03 19:38:43.004,0.83225,0.8324,1.60,1.60
2010.06.03 19:38:45.343,0.83225,0.83245,3.80,12.10
2010.06.03 19:38:45.481,0.83225,0.83245,11.80,4.10
2010.06.03 19:38:53.561,0.83225,0.83245,7.80,8.10
2010.06.03 19:38:53.695,0.83225,0.8324,3.80,1.60
2010.06.03 19:38:53.825,0.8323,0.8324,1.00,1.60
2010.06.03 19:38:54.638,0.8323,0.83245,3.80,1.60
2010.06.03 19:38:54.988,0.8323,0.83245,3.80,2.50
2010.06.03 19:38:56.008,0.8323,0.83245,1.00,2.50
2010.06.03 19:38:56.353,0.8323,0.83245,2.20,2.50
2010.06.03 19:39:04.669,0.8323,0.83245,1.60,8.10
2010.06.03 19:39:04.903,0.83225,0.83245,11.80,4.10
2010.06.03 19:39:05.880,0.8323,0.83245,1.00,4.10
2010.06.03 19:39:09.579,0.8323,0.83245,2.20,2.50
2010.06.03 19:39:09.672,0.8323,0.83245,1.00,2.50
2010.06.03 19:39:10.500,0.83225,0.8324,11.80,1.60
2010.06.03 19:39:10.841,0.83225,0.8324,3.80,1.60
2010.06.03 19:39:12.859,0.83225,0.83245,3.80,12.10
2010.06.03 19:39:12.991,0.83225,0.83245,11.80,4.10
2010.06.03 19:39:13.120,0.8323,0.83245,1.60,4.10
2010.06.03 19:39:13.249,0.83225,0.83245,11.80,4.10
2010.06.03 19:39:13.383,0.8323,0.83245,2.20,4.10
2010.06.03 19:39:14.791,0.8323,0.83245,1.00,4.10
2010.06.03 19:39:14.999,0.8323,0.83245,1.00,8.10
2010.06.03 19:39:16.057,0.83225,0.83245,7.80,8.10
2010.06.03 19:39:18.850,0.83225,0.83245,11.80,4.10
2010.06.03 19:39:20.151,0.8323,0.83245,1.00,4.10
2010.06.03 19:39:21.058,0.8323,0.83245,1.00,4.90
2010.06.03 19:39:21.198,0.8323,0.8324,1.00,1.60
2010.06.03 19:39:22.199,0.8323,0.83245,1.00,8.90
2010.06.03 19:39:22.336,0.8323,0.8324,1.00,1.60
2010.06.03 19:39:22.459,0.8323,0.83245,1.00,8.90
2010.06.03 19:39:23.673,0.83225,0.83245,7.80,8.90
2010.06.03 19:39:23.934,0.83225,0.8324,3.80,1.00
2010.06.03 19:39:24.450,0.83225,0.83245,7.80,8.90
2010.06.03 19:39:26.628,0.8323,0.83245,1.00,8.90
2010.06.03 19:39:27.334,0.8323,0.83245,2.20,8.90
2010.06.03 19:39:28.550,0.8323,0.83245,1.00,8.90
2010.06.03 19:39:29.700,0.8323,0.83245,1.60,8.90
2010.06.03 19:39:30.327,0.83225,0.83245,7.80,8.90
2010.06.03 19:39:31.632,0.83225,0.8324,7.80,1.60
2010.06.03 19:39:31.821,0.83225,0.83245,7.80,8.90
2010.06.03 19:39:34.763,0.83225,0.8324,7.80,1.60
2010.06.03 19:39:45.599,0.83225,0.83245,7.80,9.30
2010.06.03 19:39:46.018,0.83225,0.8324,7.80,1.60
2010.06.03 19:39:46.331,0.8323,0.8324,1.00,1.60
2010.06.03 19:39:54.158,0.8323,0.83245,1.00,8.90
2010.06.03 19:39:58.177,0.83225,0.83245,7.80,8.90
2010.06.03 19:39:58.249,0.83225,0.8324,7.80,1.60
2010.06.03 19:39:59.250,0.83225,0.8324,3.80,1.60
2010.06.03 19:39:59.410,0.83225,0.8324,7.80,1.60
2010.06.03 19:40:00.389,0.83225,0.8324,3.80,1.60
2010.06.03 19:40:00.735,0.83225,0.8324,2.20,1.60
2010.06.03 19:40:01.082,0.83225,0.8324,1.60,4.10
2010.06.03 19:40:01.953,0.83225,0.8324,6.20,1.60
2010.06.03 19:40:02.293,0.83225,0.8324,3.80,2.50
2010.06.03 19:40:03.882,0.83225,0.8324,2.20,2.50
2010.06.03 19:40:04.299,0.83225,0.8324,6.20,2.50
2010.06.03 19:40:04.718,0.83225,0.8324,2.20,2.50
2010.06.03 19:40:06.579,0.83225,0.8324,6.20,2.50
2010.06.03 19:40:06.729,0.83225,0.8324,7.80,2.50
2010.06.03 19:40:07.149,0.83225,0.8324,7.80,1.60
2010.06.03 19:40:08.397,0.83225,0.8324,7.80,2.50
2010.06.03 19:40:10.448,0.83225,0.8324,5.60,4.10
2010.06.03 19:40:10.552,0.83225,0.8324,7.80,1.60
2010.06.03 19:40:12.990,0.83225,0.8324,7.80,2.50
2010.06.03 19:40:13.310,0.83225,0.8324,6.20,2.50
2010.06.03 19:40:16.208,0.83225,0.8324,6.20,4.10
2010.06.03 19:40:18.398,0.83225,0.8324,6.20,2.50
2010.06.03 19:40:19.648,0.83225,0.8324,7.80,2.50
2010.06.03 19:40:22.032,0.83225,0.8324,7.80,1.60
2010.06.03 19:40:26.187,0.83225,0.8324,6.20,2.50
2010.06.03 19:40:26.482,0.83225,0.8324,7.80,1.60
2010.06.03 19:40:32.841,0.83225,0.8324,3.80,1.60
2010.06.03 19:40:41.012,0.83225,0.8324,2.20,1.60
2010.06.03 19:40:41.297,0.83225,0.8324,3.80,1.60
2010.06.03 19:40:47.893,0.83225,0.8324,2.20,1.60
2010.06.03 19:40:51.144,0.8322,0.83235,16.20,1.60
2010.06.03 19:40:51.461,0.83225,0.8324,7.80,1.60
2010.06.03 19:40:53.474,0.83225,0.8324,3.80,1.60
2010.06.03 19:40:57.729,0.83225,0.8324,3.80,2.50
2010.06.03 19:40:58.880,0.83225,0.8324,2.20,2.50
2010.06.03 19:40:59.856,0.83225,0.8324,1.00,4.10
2010.06.03 19:41:00.479,0.8322,0.8324,12.20,4.10
2010.06.03 19:41:02.550,0.83225,0.8324,6.20,2.50
2010.06.03 19:41:02.898,0.83225,0.8324,4.60,2.50
2010.06.03 19:41:05.597,0.83225,0.8324,6.20,2.50
2010.06.03 19:41:05.658,0.83225,0.8324,7.80,1.60
2010.06.03 19:41:06.684,0.83225,0.8324,1.60,4.10
2010.06.03 19:41:07.036,0.8322,0.83235,14.60,1.60
2010.06.03 19:41:07.381,0.8322,0.8324,14.60,4.10
2010.06.03 19:41:08.397,0.8322,0.83235,10.00,2.50
2010.06.03 19:41:08.636,0.8322,0.83235,1.00,4.10
2010.06.03 19:41:08.870,0.83215,0.83235,11.80,4.10
2010.06.03 19:41:09.099,0.83215,0.83235,17.00,4.10
2010.06.03 19:41:09.329,0.83215,0.83235,11.80,4.10
2010.06.03 19:41:10.504,0.8322,0.83235,6.20,1.60
2010.06.03 19:41:10.676,0.8322,0.8324,14.60,4.10
2010.06.03 19:41:10.841,0.8322,0.8324,10.60,4.10
2010.06.03 19:41:11.009,0.8322,0.8324,7.80,4.10
2010.06.03 19:41:11.179,0.8322,0.83235,7.80,1.60
2010.06.03 19:41:12.191,0.8322,0.83235,8.60,1.60
2010.06.03 19:41:12.543,0.8322,0.83235,14.20,1.60
2010.06.03 19:41:12.889,0.8322,0.8324,19.20,4.10
2010.06.03 19:41:14.113,0.8322,0.8324,22.20,4.10
2010.06.03 19:41:16.777,0.83225,0.8324,1.60,4.10
2010.06.03 19:41:16.917,0.83225,0.8324,5.60,4.10
2010.06.03 19:41:17.051,0.83225,0.8324,4.00,4.10
2010.06.03 19:41:17.194,0.83225,0.8324,5.60,4.10
2010.06.03 19:41:18.924,0.83225,0.83235,5.60,1.00
2010.06.03 19:41:19.163,0.8322,0.83235,19.20,1.00
2010.06.03 19:41:19.281,0.8322,0.83235,15.20,1.00
2010.06.03 19:41:20.306,0.83225,0.8324,12.60,1.60
2010.06.03 19:41:22.050,0.83225,0.83245,12.60,2.50
2010.06.03 19:41:22.137,0.83225,0.83245,12.60,4.10
2010.06.03 19:41:22.159,0.83225,0.83245,11.80,4.10
2010.06.03 19:41:22.220,0.83225,0.83245,7.80,8.10
2010.06.03 19:41:22.239,0.83225,0.83245,3.80,12.10
2010.06.03 19:41:22.956,0.8323,0.83245,1.00,12.10
2010.06.03 19:41:22.993,0.8323,0.83245,1.00,4.10
2010.06.03 19:41:23.722,0.8323,0.83245,1.00,3.20
2010.06.03 19:41:24.061,0.8323,0.83245,1.00,4.10
2010.06.03 19:41:25.053,0.8323,0.83245,2.20,2.50
2010.06.03 19:41:25.238,0.8323,0.83245,3.80,2.50
2010.06.03 19:41:25.432,0.8323,0.83245,2.20,2.50
2010.06.03 19:41:26.538,0.83225,0.83245,15.00,2.50
2010.06.03 19:41:26.841,0.83225,0.83245,15.80,4.10
2010.06.03 19:41:27.140,0.8323,0.83245,1.00,4.10
2010.06.03 19:41:28.122,0.8323,0.83245,2.20,4.10
2010.06.03 19:41:29.144,0.8323,0.83245,1.00,4.50
2010.06.03 19:41:29.273,0.8323,0.83245,1.00,4.10
2010.06.03 19:41:29.528,0.8323,0.83245,1.00,2.50
2010.06.03 19:41:30.893,0.8323,0.83245,2.20,2.50
2010.06.03 19:41:31.977,0.8323,0.83245,2.20,1.60
2010.06.03 19:41:32.329,0.83225,0.83245,12.60,2.50
2010.06.03 19:41:34.390,0.83225,0.83245,13.40,2.50
2010.06.03 19:41:34.729,0.83225,0.83245,15.80,2.50
2010.06.03 19:41:36.739,0.8323,0.83245,1.60,2.50
2010.06.03 19:41:36.870,0.8323,0.83245,7.20,2.50
2010.06.03 19:41:36.999,0.8323,0.83245,3.80,1.60
2010.06.03 19:41:37.895,0.8323,0.83245,2.20,1.60
2010.06.03 19:41:38.243,0.8323,0.83245,2.20,2.50
2010.06.03 19:41:41.823,0.83225,0.83245,12.60,4.10
2010.06.03 19:41:41.934,0.8323,0.83245,1.00,4.10
2010.06.03 19:41:56.048,0.83225,0.8324,12.60,1.60
2010.06.03 19:41:56.869,0.83225,0.83245,9.40,8.10
2010.06.03 19:41:57.065,0.83225,0.83245,7.80,8.10
2010.06.03 19:41:57.260,0.83225,0.8324,7.80,1.60
2010.06.03 19:41:57.450,0.83225,0.8324,1.60,4.10
2010.06.03 19:42:01.898,0.8322,0.8324,18.60,4.10
2010.06.03 19:42:02.958,0.83225,0.8324,1.60,4.10
2010.06.03 19:42:04.879,0.8322,0.8324,18.60,4.10
2010.06.03 19:42:05.538,0.83225,0.8324,1.60,4.10
2010.06.03 19:42:07.739,0.8322,0.8324,18.60,4.10
2010.06.03 19:42:07.828,0.83225,0.8324,1.60,4.10
2010.06.03 19:42:08.367,0.8322,0.8324,18.60,4.10
2010.06.03 19:42:09.330,0.83225,0.8324,1.60,4.10
2010.06.03 19:42:10.978,0.8322,0.8324,18.60,4.10
2010.06.03 19:42:11.208,0.83225,0.8324,1.60,4.10
2010.06.03 19:42:11.968,0.8322,0.8324,18.60,4.10
2010.06.03 19:42:12.309,0.83225,0.8324,1.60,4.10
2010.06.03 19:42:13.265,0.8322,0.8324,18.60,4.10
2010.06.03 19:42:16.703,0.83225,0.8324,1.60,4.10
2010.06.03 19:42:21.207,0.8322,0.8324,18.60,4.10
2010.06.03 19:42:22.290,0.83225,0.8324,1.60,4.10
2010.06.03 19:42:22.438,0.8322,0.8324,18.60,4.10
2010.06.03 19:42:23.819,0.8322,0.8324,19.40,4.10
2010.06.03 19:42:23.989,0.8322,0.8324,18.60,4.10
2010.06.03 19:42:25.828,0.8322,0.83235,18.60,1.60
2010.06.03 19:42:27.690,0.8322,0.8324,18.60,4.10
2010.06.03 19:42:31.614,0.83225,0.8324,1.60,4.10
2010.06.03 19:42:31.708,0.8322,0.8324,18.60,4.10
2010.06.03 19:42:31.918,0.83225,0.8324,1.60,4.10
2010.06.03 19:42:33.349,0.8322,0.8324,18.60,4.10
2010.06.03 19:42:35.927,0.83225,0.8324,1.60,4.10
2010.06.03 19:42:36.348,0.8322,0.8324,18.60,4.10
2010.06.03 19:42:36.758,0.83225,0.8324,1.60,4.10
2010.06.03 19:42:37.590,0.8322,0.8324,18.60,4.10
2010.06.03 19:42:37.778,0.83225,0.8324,1.60,4.10
2010.06.03 19:42:43.196,0.83225,0.8324,7.80,1.60
2010.06.03 19:42:43.295,0.83225,0.8324,4.00,1.60
2010.06.03 19:42:43.392,0.8322,0.8324,12.20,1.60
2010.06.03 19:42:44.112,0.8322,0.8324,12.20,4.10
2010.06.03 19:42:44.224,0.8322,0.8324,16.20,4.90
2010.06.03 19:42:44.581,0.83225,0.83235,1.60,1.00
2010.06.03 19:42:44.926,0.8322,0.8324,2.20,13.30
2010.06.03 19:42:45.959,0.8322,0.83235,1.60,4.10
2010.06.03 19:42:46.258,0.83215,0.8323,6.00,2.50
2010.06.03 19:42:47.267,0.83215,0.8323,7.60,1.00
2010.06.03 19:42:47.603,0.8322,0.83235,1.20,4.10
2010.06.03 19:42:47.942,0.83215,0.83235,12.20,4.10
2010.06.03 19:42:48.281,0.83215,0.8323,11.80,1.00
2010.06.03 19:42:51.577,0.83215,0.83235,11.80,4.10
2010.06.03 19:42:52.339,0.8322,0.83235,4.40,4.10
2010.06.03 19:42:53.053,0.8322,0.83235,5.20,4.10
2010.06.03 19:42:53.394,0.83215,0.83235,19.00,4.10
2010.06.03 19:42:54.080,0.83215,0.83235,19.80,4.10
2010.06.03 19:42:58.529,0.83215,0.83235,19.80,2.50
2010.06.03 19:42:58.690,0.83215,0.83235,20.20,2.50
2010.06.03 19:42:58.854,0.8322,0.83235,2.20,1.60
2010.06.03 19:42:59.806,0.8322,0.83235,7.80,1.60
2010.06.03 19:43:00.030,0.8322,0.83235,6.20,1.60
2010.06.03 19:43:00.260,0.8322,0.83235,6.20,2.50
2010.06.03 19:43:01.871,0.8322,0.83235,6.20,4.10
2010.06.03 19:43:02.044,0.83215,0.83235,19.80,4.10
2010.06.03 19:43:02.214,0.83215,0.83235,14.60,4.10
2010.06.03 19:43:03.065,0.83215,0.8323,14.60,1.00
2010.06.03 19:43:03.344,0.8322,0.83235,6.20,1.60
2010.06.03 19:43:03.619,0.8322,0.83235,4.60,1.60
2010.06.03 19:43:04.844,0.8322,0.8324,6.20,8.50
2010.06.03 19:43:05.197,0.8322,0.8324,20.60,4.50
2010.06.03 19:43:05.289,0.8322,0.8324,23.00,4.10
2010.06.03 19:43:07.272,0.8322,0.83235,17.60,2.50
2010.06.03 19:43:08.231,0.8322,0.83235,1.60,1.60
2010.06.03 19:43:08.720,0.83215,0.83235,18.20,1.60
2010.06.03 19:43:11.503,0.83215,0.83235,17.40,1.60
2010.06.03 19:43:11.700,0.83215,0.83235,15.00,4.10
2010.06.03 19:43:12.600,0.83215,0.83235,12.60,4.10
2010.06.03 19:43:12.843,0.8322,0.83235,3.80,1.60
2010.06.03 19:43:13.776,0.8322,0.83235,6.20,1.60
2010.06.03 19:43:14.097,0.8322,0.83235,1.60,2.50
2010.06.03 19:43:15.428,0.83225,0.83235,2.20,1.60
2010.06.03 19:43:15.713,0.83225,0.8324,1.60,4.10
2010.06.03 19:43:15.983,0.8322,0.8324,6.20,8.10
2010.06.03 19:43:17.043,0.8322,0.83235,10.20,1.60
2010.06.03 19:43:17.384,0.8322,0.83235,1.00,1.60
2010.06.03 19:43:18.409,0.8322,0.83235,2.20,1.60
2010.06.03 19:43:18.752,0.83225,0.83235,2.20,1.60
2010.06.03 19:43:20.292,0.83225,0.83235,1.00,1.60
2010.06.03 19:43:20.536,0.8322,0.83235,7.80,1.60
2010.06.03 19:43:23.060,0.8322,0.83235,6.20,1.60
2010.06.03 19:43:24.271,0.8322,0.83235,7.80,1.60
2010.06.03 19:43:25.350,0.83225,0.83235,1.00,1.60
2010.06.03 19:43:27.301,0.83225,0.83235,2.20,1.60
2010.06.03 19:43:28.743,0.83225,0.83235,1.00,1.60
2010.06.03 19:43:29.781,0.83225,0.8324,1.00,4.10
2010.06.03 19:43:32.893,0.83225,0.83235,1.00,1.60
2010.06.03 19:43:33.007,0.83225,0.8324,2.20,4.10
2010.06.03 19:43:33.125,0.83225,0.8324,3.80,2.50
2010.06.03 19:43:33.251,0.83225,0.8324,3.80,1.60
2010.06.03 19:43:39.469,0.83225,0.8324,7.80,1.60
2010.06.03 19:43:40.610,0.83225,0.8324,2.20,1.60
2010.06.03 19:43:42.788,0.83225,0.8324,3.80,1.60
2010.06.03 19:43:43.504,0.83225,0.8324,2.20,3.20
2010.06.03 19:43:43.564,0.83225,0.8324,1.00,4.10
2010.06.03 19:43:48.176,0.83225,0.8324,2.20,1.60
2010.06.03 19:43:48.404,0.83225,0.8324,3.80,1.60
2010.06.03 19:43:49.278,0.83225,0.8324,3.80,2.50
2010.06.03 19:43:49.419,0.83225,0.8324,2.20,2.50
2010.06.03 19:43:50.100,0.8322,0.8324,15.40,2.50
2010.06.03 19:43:52.805,0.8322,0.83235,1.60,1.60
2010.06.03 19:43:55.232,0.8322,0.83235,7.80,1.60
2010.06.03 19:43:55.321,0.8322,0.83235,11.80,1.60
2010.06.03 19:43:57.359,0.8322,0.8324,11.80,4.10
2010.06.03 19:43:58.966,0.8322,0.83235,7.80,1.60
2010.06.03 19:44:00.233,0.8322,0.83235,11.80,1.60
2010.06.03 19:44:00.999,0.83225,0.83235,1.00,1.60
2010.06.03 19:44:01.168,0.83215,0.83235,12.60,4.10
2010.06.03 19:44:01.332,0.83215,0.83235,13.40,2.50
2010.06.03 19:44:01.496,0.8322,0.83235,1.00,2.50
2010.06.03 19:44:02.356,0.8322,0.83235,3.80,1.60
2010.06.03 19:44:05.140,0.8322,0.83235,6.20,1.60
2010.06.03 19:44:05.540,0.8322,0.83235,2.20,1.60
2010.06.03 19:44:05.679,0.8322,0.83235,6.20,1.60
2010.06.03 19:44:08.240,0.8322,0.83235,2.20,2.50
2010.06.03 19:44:08.491,0.8322,0.83235,1.00,2.50
2010.06.03 19:44:08.978,0.83215,0.83235,23.40,2.50
2010.06.03 19:44:09.099,0.83215,0.83235,21.00,2.50
2010.06.03 19:44:10.195,0.83215,0.83235,19.80,4.10
2010.06.03 19:44:15.824,0.83215,0.83235,23.00,4.10
2010.06.03 19:44:16.875,0.8322,0.83235,6.20,1.60
2010.06.03 19:44:17.088,0.8322,0.83235,4.60,1.60
2010.06.03 19:44:17.299,0.8322,0.83235,6.20,1.60
2010.06.03 19:44:19.250,0.8322,0.83235,8.60,1.60
2010.06.03 19:44:19.391,0.8322,0.83235,3.80,1.60
2010.06.03 19:44:23.814,0.8322,0.83235,6.20,1.60
2010.06.03 19:44:26.364,0.8322,0.83235,7.80,1.60
2010.06.03 19:44:30.476,0.8322,0.83235,6.20,1.60
2010.06.03 19:44:31.466,0.83215,0.83235,19.80,2.50
2010.06.03 19:44:31.602,0.8322,0.83235,1.60,2.50
2010.06.03 19:44:31.885,0.8322,0.83235,2.20,2.50
2010.06.03 19:44:32.020,0.8322,0.83235,1.00,2.50
2010.06.03 19:44:32.712,0.8322,0.83235,2.20,2.50
2010.06.03 19:44:35.292,0.8322,0.83235,1.00,2.50
2010.06.03 19:44:35.517,0.8322,0.83235,7.80,1.60
2010.06.03 19:44:36.444,0.8322,0.83235,11.80,1.60
2010.06.03 19:44:36.738,0.8322,0.83235,2.20,4.10
2010.06.03 19:44:38.244,0.8322,0.83235,2.20,3.20
2010.06.03 19:44:38.598,0.8322,0.83235,7.80,1.60
2010.06.03 19:44:38.720,0.8322,0.83235,11.80,1.60
2010.06.03 19:44:39.972,0.8322,0.83235,6.20,1.60
2010.06.03 19:44:42.067,0.83215,0.83235,21.40,2.50
2010.06.03 19:44:42.246,0.83215,0.83235,22.20,2.50
2010.06.03 19:44:43.110,0.83215,0.83235,22.20,1.60
2010.06.03 19:44:43.288,0.8322,0.83235,1.00,1.60
2010.06.03 19:44:43.632,0.8322,0.83235,6.20,1.60
2010.06.03 19:44:46.894,0.8322,0.83235,7.80,1.60
2010.06.03 19:44:47.898,0.8322,0.83235,2.20,1.60
2010.06.03 19:44:50.343,0.8322,0.83235,6.20,1.60
2010.06.03 19:44:51.420,0.8322,0.83235,2.20,1.60
2010.06.03 19:44:51.991,0.8322,0.83235,3.80,1.60
2010.06.03 19:44:53.099,0.8322,0.83235,3.80,2.50
2010.06.03 19:44:53.385,0.8322,0.83235,7.80,1.60
2010.06.03 19:44:53.672,0.8322,0.83235,11.80,1.60
2010.06.03 19:44:55.068,0.8322,0.83235,10.20,1.60
2010.06.03 19:44:55.311,0.8322,0.83235,7.80,1.60
2010.06.03 19:44:55.440,0.8322,0.83235,11.80,1.60
2010.06.03 19:44:56.481,0.8322,0.83235,7.80,1.60
2010.06.03 19:44:57.125,0.83225,0.83235,1.60,1.60
2010.06.03 19:44:57.954,0.8322,0.83235,3.80,1.60
2010.06.03 19:44:58.312,0.8322,0.83235,10.20,4.10
2010.06.03 19:44:58.437,0.8322,0.83235,4.00,4.10
2010.06.03 19:44:59.551,0.83215,0.83235,11.80,4.10
2010.06.03 19:44:59.890,0.8322,0.83235,1.00,2.50
2010.06.03 19:45:00.563,0.83215,0.83235,14.20,4.10
2010.06.03 19:45:01.593,0.8321,0.83225,28.60,1.00
2010.06.03 19:45:02.433,0.8321,0.8323,23.40,4.10
2010.06.03 19:45:02.773,0.83215,0.8323,5.60,4.10
2010.06.03 19:45:03.770,0.83215,0.8323,10.20,2.50
2010.06.03 19:45:04.135,0.83215,0.8323,10.20,4.10
2010.06.03 19:45:05.761,0.83215,0.8323,10.20,2.50
2010.06.03 19:45:06.064,0.83215,0.8323,9.60,2.50
2010.06.03 19:45:06.522,0.83215,0.8323,9.60,4.10
2010.06.03 19:45:06.709,0.83215,0.8323,4.00,4.10
2010.06.03 19:45:07.474,0.8321,0.8323,33.00,4.10
2010.06.03 19:45:07.916,0.83215,0.8323,11.80,1.00
2010.06.03 19:45:09.644,0.8322,0.83235,1.00,2.80
2010.06.03 19:45:11.979,0.8322,0.83235,2.20,2.80
2010.06.03 19:45:13.759,0.8322,0.83235,1.60,4.40
2010.06.03 19:45:14.578,0.8322,0.8323,1.60,1.00
2010.06.03 19:45:14.747,0.83215,0.8323,10.20,2.50
2010.06.03 19:45:14.912,0.83215,0.8323,11.80,1.00
2010.06.03 19:45:16.101,0.83215,0.8323,10.20,1.00
2010.06.03 19:45:16.442,0.83215,0.8323,5.60,1.60
2010.06.03 19:45:16.784,0.83215,0.8323,10.20,1.60
2010.06.03 19:45:17.515,0.83215,0.8323,11.80,1.60
2010.06.03 19:45:17.864,0.83215,0.83235,11.80,4.40
2010.06.03 19:45:20.762,0.83215,0.8323,11.80,1.00
2010.06.03 19:45:22.676,0.83215,0.83235,11.80,4.40
2010.06.03 19:45:22.886,0.83215,0.8323,11.80,1.00
2010.06.03 19:45:23.077,0.8322,0.83235,1.00,4.40
2010.06.03 19:45:24.263,0.8322,0.83235,6.20,1.90
2010.06.03 19:45:30.042,0.8322,0.83235,10.20,1.90
2010.06.03 19:45:31.354,0.8322,0.83235,8.60,1.90
2010.06.03 19:45:31.621,0.83215,0.83235,15.80,4.40
2010.06.03 19:45:33.024,0.8322,0.83235,1.60,4.40
2010.06.03 19:45:33.284,0.8322,0.83235,2.20,4.40
2010.06.03 19:45:35.723,0.8322,0.83235,1.00,4.40
2010.06.03 19:45:35.973,0.83215,0.83235,11.80,4.40
2010.06.03 19:45:38.733,0.83215,0.8323,6.20,2.50
2010.06.03 19:45:39.040,0.83215,0.8323,7.80,2.50
2010.06.03 19:45:39.350,0.83215,0.8323,7.80,4.10
2010.06.03 19:45:41.569,0.83215,0.8323,6.20,4.10
2010.06.03 19:45:41.789,0.83215,0.8323,10.20,4.10
2010.06.03 19:45:48.297,0.83215,0.83235,11.80,2.80
2010.06.03 19:45:48.492,0.83215,0.83235,11.80,4.40
2010.06.03 19:45:49.586,0.83215,0.83235,14.20,4.40
2010.06.03 19:45:50.489,0.8322,0.83235,1.00,4.40
2010.06.03 19:45:52.379,0.83215,0.83235,15.00,4.40
2010.06.03 19:45:53.440,0.83215,0.83235,14.20,4.40
2010.06.03 19:45:54.060,0.8322,0.83235,1.00,2.80
2010.06.03 19:45:55.068,0.8322,0.83235,2.20,2.80
2010.06.03 19:45:55.416,0.8322,0.83235,7.80,1.00
2010.06.03 19:45:55.622,0.8322,0.83235,2.20,2.80
2010.06.03 19:45:55.823,0.8322,0.83235,1.60,2.80
2010.06.03 19:45:56.773,0.83215,0.83235,11.80,4.40
2010.06.03 19:46:02.179,0.8322,0.83235,2.20,4.40
2010.06.03 19:46:03.883,0.8322,0.83235,1.00,4.40
2010.06.03 19:46:04.099,0.8322,0.83235,2.20,4.40
2010.06.03 19:46:04.530,0.8322,0.83235,1.00,4.40
2010.06.03 19:46:05.316,0.8322,0.83235,2.20,4.40
2010.06.03 19:46:08.659,0.8322,0.83235,1.00,4.40
2010.06.03 19:46:09.365,0.8322,0.83235,2.20,4.40
2010.06.03 19:46:11.175,0.8322,0.83235,1.00,4.40
2010.06.03 19:46:11.321,0.83215,0.83235,14.20,4.40
2010.06.03 19:46:14.875,0.8322,0.83235,1.60,4.40
2010.06.03 19:46:15.139,0.83215,0.83235,14.20,4.40
2010.06.03 19:46:16.360,0.83215,0.83235,11.80,4.40
2010.06.03 19:46:16.789,0.83215,0.8323,11.80,1.00
2010.06.03 19:46:25.880,0.83215,0.8323,11.20,1.00
2010.06.03 19:46:26.027,0.83215,0.83235,14.20,4.40
2010.06.03 19:46:27.855,0.83215,0.83235,14.20,2.80
2010.06.03 19:46:27.933,0.83215,0.83235,15.00,4.40
2010.06.03 19:46:28.359,0.83215,0.83235,14.20,4.40
2010.06.03 19:46:29.497,0.83215,0.8323,14.20,2.50
2010.06.03 19:46:29.797,0.83215,0.8323,11.80,2.50
2010.06.03 19:46:31.069,0.83215,0.8323,11.80,1.00
2010.06.03 19:46:35.733,0.83215,0.8323,9.60,1.70
2010.06.03 19:46:36.719,0.83215,0.8323,11.80,1.60
2010.06.03 19:46:39.271,0.8321,0.8323,27.80,4.10
2010.06.03 19:46:39.859,0.8321,0.8323,29.80,4.10
2010.06.03 19:46:40.182,0.83215,0.8323,10.20,1.60
2010.06.03 19:46:42.481,0.83215,0.8323,11.80,1.60
2010.06.03 19:46:51.774,0.83215,0.83235,11.80,4.40
2010.06.03 19:46:51.972,0.8322,0.83235,1.00,2.80
2010.06.03 19:46:52.550,0.8322,0.83235,2.20,2.80
2010.06.03 19:46:54.139,0.8322,0.83235,3.80,2.80
2010.06.03 19:46:54.263,0.8322,0.83235,2.20,2.80
2010.06.03 19:46:54.583,0.8322,0.83235,1.00,4.40
2010.06.03 19:46:59.503,0.8322,0.83235,2.20,4.40
2010.06.03 19:46:59.678,0.8322,0.83235,1.00,4.40
2010.06.03 19:47:00.041,0.8322,0.83235,2.20,4.40
2010.06.03 19:47:03.431,0.8322,0.83235,1.00,4.40
2010.06.03 19:47:06.391,0.8322,0.83235,3.80,2.80
2010.06.03 19:47:07.197,0.8322,0.83235,3.80,1.90
2010.06.03 19:47:07.443,0.83225,0.83235,2.20,1.90
2010.06.03 19:47:08.603,0.8322,0.83235,3.20,2.80
2010.06.03 19:47:08.917,0.83215,0.83235,11.80,4.40
2010.06.03 19:47:11.439,0.83215,0.8323,11.80,1.00
2010.06.03 19:47:12.590,0.83215,0.8323,11.80,2.50
2010.06.03 19:47:12.863,0.83215,0.8323,11.80,1.00
2010.06.03 19:47:13.129,0.83215,0.8323,11.80,2.50
2010.06.03 19:47:13.631,0.83215,0.8323,6.20,4.10
2010.06.03 19:47:14.404,0.83215,0.8323,5.60,4.10
2010.06.03 19:47:14.573,0.83215,0.8323,7.80,4.10
2010.06.03 19:47:16.129,0.83215,0.8323,7.80,3.20
2010.06.03 19:47:16.486,0.83215,0.83235,11.80,4.40
2010.06.03 19:47:19.787,0.83215,0.8323,10.20,2.50
2010.06.03 19:47:20.138,0.83215,0.83235,13.40,4.40
2010.06.03 19:47:20.363,0.83215,0.83235,15.00,4.40
2010.06.03 19:47:20.580,0.83215,0.83235,11.80,4.40
2010.06.03 19:47:24.420,0.83215,0.8323,7.80,2.50
2010.06.03 19:47:25.266,0.83215,0.8323,6.20,2.50
2010.06.03 19:47:25.541,0.83215,0.8323,7.80,1.60
2010.06.03 19:47:25.772,0.83215,0.8323,7.80,2.50
2010.06.03 19:47:31.158,0.83215,0.8323,5.60,4.10
2010.06.03 19:47:37.709,0.83215,0.8323,4.00,4.10
2010.06.03 19:48:00.512,0.83215,0.8323,5.60,4.10
2010.06.03 19:48:01.099,0.83215,0.8323,4.00,4.10
2010.06.03 19:48:01.885,0.83215,0.8323,1.60,4.10
2010.06.03 19:48:05.109,0.83215,0.8323,5.60,4.10
2010.06.03 19:48:05.254,0.83215,0.8323,4.00,4.10
2010.06.03 19:48:07.888,0.83215,0.8323,5.60,4.10
2010.06.03 19:48:08.222,0.83215,0.8323,4.00,4.10
2010.06.03 19:48:08.993,0.83215,0.8323,5.60,4.10
2010.06.03 19:48:09.302,0.83215,0.83235,12.60,4.40
2010.06.03 19:48:09.469,0.83215,0.8323,12.60,1.60
2010.06.03 19:48:10.440,0.83215,0.8323,11.00,1.60
2010.06.03 19:48:11.292,0.83215,0.83235,11.00,4.40
2010.06.03 19:48:11.630,0.83215,0.8323,12.60,1.60
2010.06.03 19:48:11.779,0.83215,0.8323,11.80,1.60
2010.06.03 19:48:11.849,0.83215,0.8323,11.80,2.50
2010.06.03 19:48:12.000,0.83215,0.8323,10.20,2.50
2010.06.03 19:48:12.218,0.83215,0.8323,8.60,2.50
2010.06.03 19:48:14.166,0.83215,0.83235,11.80,4.40
2010.06.03 19:48:14.240,0.83215,0.83235,12.60,4.40
2010.06.03 19:48:14.305,0.83215,0.83235,15.00,4.40
2010.06.03 19:48:17.438,0.83215,0.8323,15.00,1.00
2010.06.03 19:48:18.257,0.83215,0.8323,11.80,1.00
2010.06.03 19:48:18.450,0.83215,0.83235,15.00,4.40
2010.06.03 19:48:18.821,0.83215,0.83235,14.20,4.40
2010.06.03 19:48:19.011,0.83215,0.83235,11.80,4.40
2010.06.03 19:48:19.199,0.83215,0.83235,10.20,4.40
2010.06.03 19:48:20.854,0.83215,0.8323,5.60,4.10
2010.06.03 19:48:21.249,0.83215,0.8323,5.60,2.50
2010.06.03 19:48:21.349,0.83215,0.8323,9.60,2.50
2010.06.03 19:48:21.448,0.83215,0.8323,10.20,2.50
2010.06.03 19:48:22.613,0.83215,0.8323,9.60,2.50
2010.06.03 19:48:23.860,0.83215,0.8323,10.20,1.60
2010.06.03 19:48:24.949,0.83215,0.8323,10.20,2.50
2010.06.03 19:48:25.139,0.83215,0.8323,9.60,2.50
2010.06.03 19:48:25.831,0.83215,0.8323,5.60,1.00
2010.06.03 19:48:26.608,0.83215,0.8323,5.60,2.50
2010.06.03 19:48:31.422,0.83215,0.8323,5.60,4.10
2010.06.03 19:48:31.480,0.83215,0.8323,5.60,2.50
2010.06.03 19:48:33.731,0.83215,0.8323,9.60,1.60
2010.06.03 19:48:33.900,0.8322,0.83235,1.60,4.40
2010.06.03 19:48:34.070,0.83215,0.83235,11.80,4.40
2010.06.03 19:48:34.410,0.8322,0.83235,1.60,4.40
2010.06.03 19:48:39.049,0.83215,0.83235,14.20,4.40
2010.06.03 19:48:39.302,0.8322,0.83235,1.60,4.40
2010.06.03 19:48:42.940,0.8322,0.83235,2.20,4.40
2010.06.03 19:48:43.182,0.8322,0.83235,1.00,4.40
2010.06.03 19:48:43.422,0.8322,0.83235,1.60,4.40
2010.06.03 19:48:45.609,0.83215,0.83235,14.20,4.40
2010.06.03 19:48:55.659,0.83215,0.83235,11.80,4.40
2010.06.03 19:48:56.661,0.8322,0.83235,1.60,4.40
2010.06.03 19:48:56.740,0.83215,0.83235,11.80,4.40
2010.06.03 19:48:59.867,0.83215,0.83235,12.60,4.40
2010.06.03 19:49:00.138,0.83215,0.83235,13.40,4.40
2010.06.03 19:49:00.319,0.83215,0.83235,12.60,4.40
2010.06.03 19:49:00.541,0.83215,0.83235,11.80,4.40
2010.06.03 19:49:08.580,0.83215,0.83235,10.20,4.40
2010.06.03 19:49:09.929,0.83215,0.83235,11.00,4.40
2010.06.03 19:49:10.082,0.83215,0.83235,11.80,4.40
2010.06.03 19:49:12.757,0.83215,0.8323,8.60,3.20
2010.06.03 19:49:13.052,0.83215,0.8323,8.00,4.10
2010.06.03 19:49:13.333,0.83215,0.8323,9.60,4.10
2010.06.03 19:49:13.471,0.83215,0.8323,9.60,2.50
2010.06.03 19:49:13.612,0.83215,0.83235,10.20,4.40
2010.06.03 19:49:15.161,0.83215,0.8323,10.20,1.60
2010.06.03 19:49:15.461,0.83215,0.8323,4.60,1.60
2010.06.03 19:49:15.799,0.83215,0.8323,4.00,1.60
2010.06.03 19:49:21.903,0.83215,0.8323,5.60,1.60
2010.06.03 19:49:23.444,0.83215,0.8323,5.60,4.10
2010.06.03 19:49:23.561,0.83215,0.8323,4.00,4.10
2010.06.03 19:49:24.456,0.83215,0.8323,4.00,2.50
2010.06.03 19:49:24.811,0.83215,0.8323,4.00,1.60
2010.06.03 19:49:28.161,0.83215,0.8323,4.00,2.50
2010.06.03 19:49:28.334,0.83215,0.8323,4.00,4.10
2010.06.03 19:49:31.362,0.83215,0.8323,5.60,4.10
2010.06.03 19:49:35.321,0.83215,0.8323,4.00,4.10
2010.06.03 19:49:49.461,0.8321,0.8323,23.80,4.10
2010.06.03 19:49:49.579,0.83215,0.8323,4.00,4.10
2010.06.03 19:49:51.680,0.83215,0.8323,5.60,4.10
2010.06.03 19:49:59.411,0.83215,0.8323,4.00,4.10
2010.06.03 19:50:01.821,0.83215,0.8323,5.60,4.10
2010.06.03 19:50:01.869,0.83215,0.8323,4.00,4.10
2010.06.03 19:50:03.919,0.83215,0.8323,5.60,4.10
2010.06.03 19:50:04.468,0.83215,0.8323,4.00,4.10
2010.06.03 19:50:08.205,0.8321,0.8323,22.40,4.10
2010.06.03 19:50:08.606,0.8321,0.8323,23.80,4.10
2010.06.03 19:50:08.794,0.83215,0.8323,5.60,4.10
2010.06.03 19:50:08.980,0.83215,0.8323,4.00,4.10
2010.06.03 19:50:11.391,0.83215,0.8323,5.60,4.10
2010.06.03 19:50:12.382,0.83215,0.8323,4.00,4.10
2010.06.03 19:50:12.716,0.8321,0.83225,23.00,2.50
2010.06.03 19:50:14.782,0.83215,0.83225,1.60,1.00
2010.06.03 19:50:15.460,0.8321,0.83225,23.00,1.00
2010.06.03 19:50:17.575,0.83215,0.8323,5.60,4.10
2010.06.03 19:50:19.819,0.83215,0.8323,6.20,4.10
2010.06.03 19:50:21.265,0.83215,0.8323,5.60,4.10
2010.06.03 19:50:40.369,0.83215,0.8323,4.00,4.10
2010.06.03 19:50:40.646,0.83215,0.8323,5.60,4.10
2010.06.03 19:50:53.510,0.83215,0.8323,6.20,4.10
2010.06.03 19:50:53.774,0.83215,0.8323,5.60,4.10
2010.06.03 19:50:55.674,0.83215,0.8323,9.60,4.10
2010.06.03 19:50:55.889,0.83215,0.8323,5.60,4.10
2010.06.03 19:51:02.691,0.83215,0.8323,5.60,1.60
2010.06.03 19:51:02.880,0.83215,0.8323,9.60,1.60
2010.06.03 19:51:07.479,0.83215,0.8323,11.80,1.60
2010.06.03 19:51:11.382,0.83215,0.8323,11.80,2.50
2010.06.03 19:51:12.660,0.83215,0.8323,9.60,2.50
2010.06.03 19:51:12.932,0.83215,0.8323,5.60,2.50
2010.06.03 19:51:13.869,0.8321,0.83225,20.60,1.60
2010.06.03 19:51:15.450,0.83215,0.8323,1.60,4.10
2010.06.03 19:51:15.771,0.83215,0.8323,9.60,4.10
2010.06.03 19:51:15.930,0.83215,0.8323,10.20,1.60
2010.06.03 19:51:16.090,0.83215,0.8323,10.20,4.10
2010.06.03 19:51:16.250,0.83215,0.8323,11.80,2.50
2010.06.03 19:51:17.046,0.83215,0.8323,11.80,1.60
2010.06.03 19:51:18.020,0.8322,0.83235,1.60,4.40
2010.06.03 19:51:23.189,0.83215,0.8323,11.80,1.60
2010.06.03 19:51:23.489,0.83215,0.8323,10.20,1.60
2010.06.03 19:51:23.810,0.83215,0.8323,9.60,1.60
2010.06.03 19:51:26.586,0.83215,0.8323,11.80,1.60
2010.06.03 19:51:27.694,0.8322,0.83235,1.60,4.40
2010.06.03 19:51:27.866,0.8322,0.83235,3.80,1.90
2010.06.03 19:51:28.915,0.83215,0.83235,14.20,4.40
2010.06.03 19:51:29.263,0.83215,0.8323,10.20,1.00
2010.06.03 19:51:29.601,0.83215,0.8323,9.60,1.00
2010.06.03 19:51:29.940,0.83215,0.8323,9.60,2.50
2010.06.03 19:51:31.410,0.83215,0.8323,9.60,1.00
2010.06.03 19:51:32.604,0.83215,0.8323,5.60,4.10
2010.06.03 19:51:32.856,0.83215,0.8323,5.60,1.00
2010.06.03 19:51:33.178,0.83215,0.8323,6.20,1.00
2010.06.03 19:51:34.076,0.83215,0.8323,11.80,1.00
2010.06.03 19:51:35.470,0.83215,0.8323,10.20,1.00
2010.06.03 19:51:39.182,0.83215,0.83235,12.60,4.40
2010.06.03 19:51:39.923,0.8322,0.83235,1.60,4.40
2010.06.03 19:51:42.343,0.8322,0.83235,3.80,2.80
2010.06.03 19:51:42.493,0.8322,0.83235,3.80,1.90
2010.06.03 19:51:42.773,0.83225,0.83235,1.60,1.00
2010.06.03 19:51:44.400,0.83225,0.83235,1.60,1.00
2010.06.03 19:51:44.820,0.83225,0.83235,5.60,1.00
2010.06.03 19:51:46.781,0.83225,0.83235,1.60,1.00
2010.06.03 19:51:48.181,0.8322,0.83235,7.80,1.00
2010.06.03 19:51:48.270,0.8322,0.83235,10.20,1.00
2010.06.03 19:51:49.024,0.83225,0.83235,1.00,1.00
2010.06.03 19:51:49.118,0.83225,0.83235,2.20,1.00
2010.06.03 19:51:54.041,0.83225,0.83235,1.00,1.00
2010.06.03 19:51:54.379,0.8322,0.83235,7.80,1.00
2010.06.03 19:51:55.191,0.83225,0.83235,1.60,1.00
2010.06.03 19:51:55.571,0.8322,0.83235,7.80,1.70
2010.06.03 19:51:56.419,0.8322,0.83235,2.20,2.60
2010.06.03 19:51:59.362,0.8322,0.83235,6.20,2.60
2010.06.03 19:51:59.960,0.8322,0.83235,2.20,2.60
2010.06.03 19:52:01.071,0.83215,0.83235,15.80,2.60
2010.06.03 19:52:02.060,0.8322,0.83235,1.60,2.60
2010.06.03 19:52:02.631,0.83215,0.83235,15.00,2.60
2010.06.03 19:52:03.364,0.8322,0.83235,1.60,2.60
2010.06.03 19:52:03.554,0.8322,0.83235,1.60,4.20
2010.06.03 19:52:04.280,0.8322,0.83235,2.20,4.20
2010.06.03 19:52:04.742,0.8322,0.83235,1.60,4.20
2010.06.03 19:52:06.830,0.83215,0.83235,11.80,4.20
2010.06.03 19:52:11.092,0.8322,0.83235,1.60,4.20
2010.06.03 19:52:11.691,0.83215,0.83235,10.20,4.20
2010.06.03 19:52:12.485,0.83215,0.83235,11.80,4.20
2010.06.03 19:52:13.465,0.8322,0.83235,1.60,4.20
2010.06.03 19:52:16.238,0.83215,0.83235,11.80,4.20
2010.06.03 19:52:20.611,0.8322,0.83235,1.60,4.20
2010.06.03 19:52:20.654,0.8322,0.83235,1.60,2.60
2010.06.03 19:52:20.674,0.8322,0.83235,2.20,2.60
2010.06.03 19:52:22.780,0.8322,0.83235,1.60,4.20
2010.06.03 19:52:26.566,0.8322,0.83235,2.20,4.20
2010.06.03 19:52:32.992,0.8322,0.83235,1.60,4.20
2010.06.03 19:52:34.118,0.8322,0.83235,2.20,1.70
2010.06.03 19:52:34.209,0.8322,0.83235,3.80,1.70
2010.06.03 19:52:34.909,0.8322,0.83235,2.20,4.20
2010.06.03 19:52:35.889,0.8322,0.83235,2.20,9.00
2010.06.03 19:52:36.960,0.8322,0.83235,1.60,9.00
2010.06.03 19:52:38.230,0.8322,0.83235,2.20,9.00
2010.06.03 19:52:43.071,0.8322,0.83235,1.00,9.00
2010.06.03 19:52:45.199,0.8322,0.83235,2.20,9.00
2010.06.03 19:52:46.162,0.8322,0.83235,2.20,5.00
2010.06.03 19:52:49.230,0.8322,0.83235,2.20,9.00
2010.06.03 19:52:51.392,0.8322,0.83235,2.20,3.40
2010.06.03 19:52:52.588,0.8322,0.83235,2.20,9.00
2010.06.03 19:52:56.429,0.8322,0.83235,1.60,9.00
2010.06.03 19:53:02.009,0.83215,0.83235,7.80,9.00
2010.06.03 19:53:05.700,0.8322,0.83235,1.60,9.00
2010.06.03 19:53:05.969,0.83215,0.83235,7.80,9.00
2010.06.03 19:53:07.397,0.8322,0.83235,1.60,9.00
2010.06.03 19:53:08.854,0.8322,0.8323,1.60,1.60
2010.06.03 19:53:09.029,0.8322,0.8323,1.60,2.50
2010.06.03 19:53:09.201,0.83215,0.8323,5.60,4.10
2010.06.03 19:53:10.463,0.83215,0.8323,7.80,4.10
2010.06.03 19:53:13.091,0.8322,0.8323,1.60,2.50
2010.06.03 19:53:13.282,0.83215,0.83235,7.80,9.00
2010.06.03 19:53:13.471,0.8322,0.83235,1.60,9.00
2010.06.03 19:53:18.248,0.83215,0.83235,7.80,9.00
2010.06.03 19:53:19.173,0.83215,0.83235,11.80,4.20
2010.06.03 19:53:19.502,0.83215,0.83235,14.20,4.20
2010.06.03 19:53:28.767,0.8322,0.83235,1.60,4.20
2010.06.03 19:53:30.680,0.8322,0.83235,5.60,1.70
2010.06.03 19:53:34.970,0.8322,0.83235,5.60,4.20
2010.06.03 19:53:36.107,0.8322,0.83235,1.60,4.20
2010.06.03 19:53:37.242,0.83215,0.8323,11.80,1.00
2010.06.03 19:53:37.509,0.83215,0.8323,10.20,1.00
2010.06.03 19:53:38.891,0.83215,0.8323,9.60,1.00
2010.06.03 19:53:41.370,0.83215,0.8323,5.60,2.50
2010.06.03 19:53:46.069,0.83215,0.8323,6.20,1.00
2010.06.03 19:53:49.599,0.83215,0.8323,5.60,1.00
2010.06.03 19:53:49.689,0.83215,0.8323,5.60,2.50
2010.06.03 19:53:54.390,0.83215,0.8323,5.60,1.00
2010.06.03 19:54:04.769,0.8322,0.8323,1.60,1.00
2010.06.03 19:54:05.902,0.83215,0.83235,7.80,9.00
2010.06.03 19:54:10.045,0.8322,0.83235,1.60,9.00
2010.06.03 19:54:10.380,0.83215,0.83235,7.80,9.00
2010.06.03 19:54:13.073,0.8322,0.83235,1.60,9.00
2010.06.03 19:54:13.240,0.8322,0.8323,1.60,1.00
2010.06.03 19:54:14.720,0.83215,0.8323,5.60,2.50
2010.06.03 19:54:15.061,0.83215,0.8323,7.80,1.00
2010.06.03 19:54:16.234,0.83215,0.8323,5.60,2.50
2010.06.03 19:54:16.554,0.83215,0.8323,5.60,4.10
2010.06.03 19:54:16.710,0.83215,0.8323,5.60,2.50
2010.06.03 19:54:25.691,0.83215,0.8323,5.60,4.10
2010.06.03 19:54:41.381,0.83215,0.83225,5.60,1.00
2010.06.03 19:54:41.408,0.83215,0.8323,5.60,4.10
2010.06.03 19:54:41.656,0.83215,0.8323,1.60,4.10
2010.06.03 19:54:41.891,0.8321,0.8323,19.20,4.10
2010.06.03 19:54:42.360,0.83215,0.8323,1.60,4.10
2010.06.03 19:54:42.601,0.8321,0.8323,19.20,4.10
2010.06.03 19:54:43.201,0.83215,0.83225,1.60,1.60
2010.06.03 19:54:44.195,0.83215,0.8323,1.60,4.10
2010.06.03 19:54:44.899,0.8321,0.8323,19.20,4.10
2010.06.03 19:54:45.600,0.83215,0.8323,1.60,4.10
2010.06.03 19:54:45.879,0.8321,0.8323,19.20,4.10
2010.06.03 19:54:46.161,0.83215,0.8323,1.60,4.10
2010.06.03 19:54:46.480,0.83215,0.8323,5.60,4.10
2010.06.03 19:54:48.473,0.83215,0.8323,1.60,4.10
2010.06.03 19:54:48.681,0.83215,0.8323,5.60,4.10
2010.06.03 19:54:55.800,0.83215,0.8323,5.60,2.50
2010.06.03 19:54:56.620,0.83215,0.8323,5.60,4.10
2010.06.03 19:54:58.411,0.83215,0.83235,5.60,8.20
2010.06.03 19:54:58.521,0.83215,0.83235,5.60,4.20
2010.06.03 19:54:58.630,0.83215,0.83235,9.60,4.20
2010.06.03 19:55:00.346,0.83215,0.8323,5.60,1.00
2010.06.03 19:55:00.541,0.83215,0.8323,5.60,4.10
2010.06.03 19:55:02.267,0.83215,0.8323,5.60,3.20
2010.06.03 19:55:02.415,0.83215,0.8323,9.60,1.60
2010.06.03 19:55:03.514,0.83215,0.83225,9.60,1.00
2010.06.03 19:55:03.858,0.83215,0.8323,5.60,4.10
2010.06.03 19:55:05.712,0.83215,0.8323,9.60,1.60
2010.06.03 19:55:12.401,0.83215,0.8323,8.00,1.60
2010.06.03 19:55:13.251,0.83215,0.8323,4.00,1.60
2010.06.03 19:55:13.383,0.8321,0.8323,20.00,4.10
2010.06.03 19:55:14.340,0.83215,0.8323,1.60,4.10
2010.06.03 19:55:14.591,0.8321,0.8323,20.00,4.10
2010.06.03 19:55:15.092,0.8321,0.83225,20.00,1.00
2010.06.03 19:55:16.199,0.83215,0.83225,1.60,1.00
2010.06.03 19:55:20.545,0.8321,0.83225,19.20,1.00
2010.06.03 19:55:21.149,0.83215,0.83225,1.60,1.00
2010.06.03 19:55:22.169,0.8321,0.83225,19.20,1.00
2010.06.03 19:55:23.195,0.83215,0.8323,5.60,4.10
2010.06.03 19:55:25.384,0.83215,0.8323,5.60,1.60
2010.06.03 19:55:25.535,0.83215,0.8323,9.60,1.60
2010.06.03 19:55:26.723,0.83215,0.83235,9.60,4.20
2010.06.03 19:55:27.060,0.83215,0.8323,9.60,1.60
2010.06.03 19:55:27.403,0.83215,0.8323,9.60,4.10
2010.06.03 19:55:30.710,0.83215,0.83235,11.80,4.20
2010.06.03 19:55:30.880,0.8322,0.83235,1.60,4.20
2010.06.03 19:55:34.271,0.8322,0.83235,1.60,2.60
2010.06.03 19:55:34.543,0.8322,0.83235,1.60,4.20
2010.06.03 19:55:36.172,0.8322,0.83235,1.60,2.60
2010.06.03 19:55:37.918,0.83215,0.83235,10.20,4.20
2010.06.03 19:55:40.700,0.8322,0.83235,1.60,4.20
2010.06.03 19:55:44.960,0.83215,0.83235,10.20,4.20
2010.06.03 19:55:45.660,0.83215,0.83235,10.20,5.40
2010.06.03 19:55:45.971,0.83215,0.8323,5.60,2.50
2010.06.03 19:55:47.490,0.83215,0.8323,5.60,1.00
2010.06.03 19:55:47.601,0.8322,0.83235,1.60,9.40
2010.06.03 19:55:47.712,0.8322,0.83235,1.60,8.20
2010.06.03 19:55:47.824,0.8322,0.83235,1.60,4.20
2010.06.03 19:55:49.531,0.8322,0.83235,2.20,4.20
2010.06.03 19:55:50.329,0.8322,0.83235,1.60,4.20
2010.06.03 19:55:50.435,0.8322,0.83235,2.20,4.20
2010.06.03 19:55:50.491,0.8322,0.83235,2.20,2.60
2010.06.03 19:55:51.246,0.83225,0.83235,1.60,1.00
2010.06.03 19:55:51.640,0.8322,0.83235,5.60,2.60
2010.06.03 19:55:51.983,0.83215,0.83235,14.20,4.20
2010.06.03 19:55:52.324,0.83215,0.8323,9.60,2.50
2010.06.03 19:55:53.279,0.83215,0.8323,9.60,4.10
2010.06.03 19:55:53.546,0.83215,0.8323,5.60,4.10
2010.06.03 19:55:54.180,0.83215,0.8323,5.60,2.50
2010.06.03 19:55:55.240,0.83215,0.8323,5.60,4.10
2010.06.03 19:55:55.962,0.83215,0.8323,9.60,4.10
2010.06.03 19:55:57.147,0.83215,0.83235,9.60,4.20
2010.06.03 19:55:59.980,0.83215,0.8323,9.60,1.60
2010.06.03 19:56:02.870,0.83215,0.83235,9.60,4.20
2010.06.03 19:56:03.560,0.83215,0.8323,9.60,1.60
2010.06.03 19:56:05.431,0.83215,0.83235,9.60,4.20
2010.06.03 19:56:05.555,0.83215,0.83235,9.60,2.60
2010.06.03 19:56:06.291,0.83215,0.8323,9.60,1.60
2010.06.03 19:56:14.455,0.83215,0.83235,9.60,1.70
2010.06.03 19:56:15.779,0.83215,0.8323,9.60,1.60
2010.06.03 19:56:16.303,0.83215,0.8323,10.20,1.60
2010.06.03 19:56:16.459,0.83215,0.83235,11.80,1.70
2010.06.03 19:56:19.640,0.83215,0.8323,11.80,1.60
2010.06.03 19:56:20.799,0.8322,0.8323,1.00,1.60
2010.06.03 19:56:21.032,0.83225,0.83235,2.40,1.70
2010.06.03 19:56:21.262,0.83225,0.83235,2.40,1.60
2010.06.03 19:56:21.493,0.8322,0.83235,2.20,1.60
2010.06.03 19:56:21.722,0.8322,0.83235,6.20,1.60
2010.06.03 19:56:23.021,0.8322,0.83235,2.20,1.60
2010.06.03 19:56:25.412,0.8322,0.83235,1.60,1.60
2010.06.03 19:56:25.622,0.8322,0.83235,4.00,4.10
2010.06.03 19:56:26.583,0.83215,0.83235,10.20,4.10
2010.06.03 19:56:26.814,0.83215,0.8323,10.20,1.60
2010.06.03 19:56:27.045,0.83215,0.8323,1.60,1.60
2010.06.03 19:56:27.984,0.8321,0.8323,17.40,3.20
2010.06.03 19:56:28.243,0.8321,0.8323,18.20,1.60
2010.06.03 19:56:28.503,0.83215,0.8323,1.60,1.60
2010.06.03 19:56:33.045,0.8321,0.8323,19.00,1.60
2010.06.03 19:56:33.594,0.83215,0.8323,1.60,1.60
2010.06.03 19:56:34.947,0.83215,0.8323,1.60,2.50
2010.06.03 19:56:35.735,0.83215,0.8323,1.60,4.10
2010.06.03 19:56:35.897,0.8321,0.83225,14.40,1.60
2010.06.03 19:56:37.920,0.8321,0.8323,14.40,1.60
2010.06.03 19:56:39.162,0.8321,0.8323,19.20,1.60
2010.06.03 19:56:39.410,0.8321,0.8323,16.80,1.60
2010.06.03 19:56:41.092,0.8321,0.8323,17.40,1.60
2010.06.03 19:56:41.240,0.8321,0.8323,12.60,1.60
2010.06.03 19:56:41.978,0.8321,0.8323,12.00,1.60
2010.06.03 19:56:42.228,0.8321,0.8323,16.00,4.10
2010.06.03 19:56:42.475,0.8321,0.8323,13.40,5.60
2010.06.03 19:56:42.721,0.8321,0.8323,17.40,1.60
2010.06.03 19:56:43.752,0.8321,0.8323,12.00,1.60
2010.06.03 19:56:44.097,0.83205,0.8322,2.00,1.60
2010.06.03 19:56:44.293,0.83205,0.83225,2.00,12.10
2010.06.03 19:56:45.418,0.83205,0.83225,2.00,14.50
2010.06.03 19:56:47.492,0.83205,0.83225,1.60,14.50
2010.06.03 19:56:47.855,0.83205,0.8322,1.60,12.10
2010.06.03 19:56:48.062,0.83205,0.8322,1.60,6.50
2010.06.03 19:56:48.161,0.83205,0.8322,1.60,2.50
2010.06.03 19:56:50.383,0.83205,0.8322,1.60,1.00
2010.06.03 19:56:50.420,0.83205,0.8322,5.60,1.00
2010.06.03 19:56:50.441,0.83205,0.83225,5.60,8.10
2010.06.03 19:56:50.462,0.83205,0.83225,6.40,8.10
2010.06.03 19:56:50.492,0.83205,0.83225,10.40,4.10
2010.06.03 19:56:50.642,0.83205,0.83225,10.40,2.50
2010.06.03 19:56:51.064,0.83205,0.83225,9.60,4.10
2010.06.03 19:56:56.080,0.8321,0.83225,1.60,4.10
2010.06.03 19:57:07.171,0.8321,0.83225,1.60,2.50
2010.06.03 19:57:10.201,0.8321,0.83225,1.60,4.10
2010.06.03 19:57:16.119,0.83205,0.83225,9.60,4.10
2010.06.03 19:57:16.452,0.83205,0.83225,11.80,4.10
2010.06.03 19:57:18.121,0.8321,0.83225,1.60,4.10
2010.06.03 19:57:20.338,0.83205,0.8322,9.60,1.00
2010.06.03 19:57:21.158,0.83205,0.8322,4.00,4.10
2010.06.03 19:57:21.612,0.83205,0.8322,5.60,4.10
2010.06.03 19:57:27.212,0.83205,0.8322,9.60,4.10
2010.06.03 19:57:29.244,0.83205,0.8322,5.60,4.10
2010.06.03 19:57:30.684,0.83205,0.8322,4.00,4.10
2010.06.03 19:57:33.550,0.83205,0.8322,5.60,4.10
2010.06.03 19:57:35.756,0.83205,0.8322,4.00,4.10
2010.06.03 19:57:35.984,0.83205,0.8322,9.60,4.10
2010.06.03 19:57:40.334,0.83205,0.8322,9.60,1.60
2010.06.03 19:57:41.385,0.83205,0.8322,5.60,1.00
2010.06.03 19:57:41.522,0.83205,0.8322,5.60,2.50
2010.06.03 19:57:43.534,0.83205,0.8322,5.60,4.10
2010.06.03 19:57:43.644,0.83205,0.8322,5.60,6.50
2010.06.03 19:57:43.951,0.83205,0.8322,1.60,6.50
2010.06.03 19:57:44.834,0.83205,0.8322,1.60,2.50
2010.06.03 19:57:45.168,0.83205,0.8322,5.60,1.00
2010.06.03 19:57:45.813,0.83205,0.8322,5.60,2.50
2010.06.03 19:57:46.143,0.83205,0.8322,9.60,1.00
2010.06.03 19:57:47.496,0.83205,0.8322,9.60,2.50
2010.06.03 19:57:47.570,0.83205,0.8322,5.60,1.00
2010.06.03 19:57:47.648,0.83205,0.8322,1.60,3.30
2010.06.03 19:57:47.713,0.83205,0.8322,1.60,2.50
2010.06.03 19:57:47.781,0.832,0.8322,26.00,4.10
2010.06.03 19:57:47.853,0.83205,0.8322,1.60,6.50
2010.06.03 19:57:48.645,0.832,0.8322,21.60,6.50
2010.06.03 19:57:48.993,0.832,0.8322,20.80,6.50
2010.06.03 19:57:49.675,0.832,0.8322,21.20,4.90
2010.06.03 19:57:49.955,0.83205,0.8322,1.60,4.90
2010.06.03 19:57:50.243,0.83205,0.8322,1.60,6.50
2010.06.03 19:57:51.235,0.83205,0.8322,5.60,1.00
2010.06.03 19:57:56.705,0.83205,0.8322,1.60,6.50
2010.06.03 19:57:56.871,0.83205,0.8322,5.60,4.10
2010.06.03 19:57:57.681,0.83205,0.8322,1.60,12.90
2010.06.03 19:57:58.427,0.832,0.8322,10.40,12.90
2010.06.03 19:57:58.715,0.832,0.83215,1.60,8.10
2010.06.03 19:57:58.901,0.832,0.83215,1.60,4.10
2010.06.03 19:57:59.095,0.832,0.83215,1.60,8.10
2010.06.03 19:57:59.282,0.832,0.83215,1.60,4.10
2010.06.03 19:58:00.224,0.832,0.83215,1.60,12.10
2010.06.03 19:58:00.711,0.83195,0.83215,1.60,12.10
2010.06.03 19:58:01.542,0.83195,0.8321,1.60,1.60
2010.06.03 19:58:02.841,0.83195,0.8321,5.60,1.60
2010.06.03 19:58:03.999,0.83195,0.8321,1.60,1.60
2010.06.03 19:58:17.710,0.83195,0.83215,1.60,12.10
2010.06.03 19:58:17.860,0.83195,0.83215,9.60,4.10
2010.06.03 19:58:19.889,0.83195,0.83215,10.20,4.10
2010.06.03 19:58:21.764,0.83195,0.83215,9.60,4.10
2010.06.03 19:58:21.954,0.832,0.83215,1.60,4.10
2010.06.03 19:58:22.471,0.83195,0.83215,9.60,4.10
2010.06.03 19:58:23.337,0.832,0.83215,1.60,4.10
2010.06.03 19:58:33.480,0.83195,0.8321,9.60,1.60
2010.06.03 19:58:37.074,0.83195,0.8321,1.60,4.10
2010.06.03 19:58:37.901,0.83195,0.8321,1.60,1.60
2010.06.03 19:58:38.164,0.83195,0.8321,5.60,1.60
2010.06.03 19:58:52.345,0.83195,0.8321,9.60,1.60
2010.06.03 19:58:53.845,0.83195,0.83215,9.60,4.10
2010.06.03 19:59:00.669,0.83195,0.8321,9.60,1.60
2010.06.03 19:59:01.760,0.83195,0.83215,9.60,4.10
2010.06.03 19:59:04.291,0.83195,0.8321,9.60,1.60
2010.06.03 19:59:04.531,0.83195,0.8321,5.60,1.60
2010.06.03 19:59:07.230,0.83195,0.8321,1.60,1.60
2010.06.03 19:59:08.162,0.83195,0.8321,1.60,2.50
2010.06.03 19:59:08.251,0.83195,0.8321,1.60,4.10
2010.06.03 19:59:08.791,0.8319,0.8321,17.20,4.10
2010.06.03 19:59:08.880,0.8319,0.8321,17.80,1.60
2010.06.03 19:59:09.666,0.83195,0.8321,1.60,1.60
2010.06.03 19:59:09.978,0.83195,0.8321,5.60,1.60
2010.06.03 19:59:16.000,0.83195,0.8321,1.60,1.60
2010.06.03 19:59:16.160,0.83195,0.8321,5.60,1.60
2010.06.03 19:59:16.510,0.83195,0.8321,1.60,1.60
2010.06.03 19:59:18.764,0.83195,0.8321,1.60,2.50
2010.06.03 19:59:18.970,0.83195,0.8321,1.60,4.10
2010.06.03 19:59:31.546,0.83195,0.8321,1.60,11.30
2010.06.03 19:59:31.668,0.83185,0.832,3.80,1.00
2010.06.03 19:59:31.781,0.83185,0.832,2.20,4.10
2010.06.03 19:59:32.001,0.83185,0.832,1.60,4.10
2010.06.03 19:59:32.221,0.83185,0.832,1.60,8.10
2010.06.03 19:59:33.404,0.83185,0.83195,1.60,1.00
2010.06.03 19:59:33.937,0.8318,0.83195,2.20,2.50
2010.06.03 19:59:35.783,0.8318,0.83195,6.20,2.50
2010.06.03 19:59:39.395,0.8318,0.83195,1.60,2.50
2010.06.03 19:59:40.760,0.8318,0.83195,1.60,8.10
2010.06.03 19:59:40.986,0.83175,0.83195,3.80,12.10
2010.06.03 19:59:41.215,0.83175,0.83195,3.80,13.40
2010.06.03 19:59:41.471,0.83175,0.83195,3.80,15.80
2010.06.03 19:59:41.733,0.83175,0.8319,3.80,1.60
2010.06.03 19:59:48.692,0.83175,0.8319,1.60,2.50
2010.06.03 19:59:49.043,0.8317,0.83185,3.80,1.60
2010.06.03 19:59:52.391,0.8317,0.83185,2.20,9.60
2010.06.03 19:59:52.541,0.8317,0.83185,2.20,10.50
2010.06.03 19:59:53.773,0.8317,0.83185,2.20,9.60
2010.06.03 19:59:53.980,0.8317,0.83185,3.80,5.60
2010.06.03 19:59:54.185,0.8317,0.83185,3.80,1.60
2010.06.03 19:59:55.268,0.8317,0.8319,3.80,16.60
2010.06.03 19:59:55.584,0.8317,0.8319,3.80,15.30
2010.06.03 19:59:55.883,0.8317,0.8319,3.80,12.90
2010.06.03 19:59:57.805,0.8317,0.83185,3.80,1.60
2010.06.03 19:59:59.330,0.8317,0.83185,7.80,1.60
2010.06.03 19:59:59.658,0.8317,0.83185,9.40,1.60
2010.06.03 19:59:59.987,0.8317,0.83185,3.80,1.60
