2014.03.04 07:00:00.597,0.82458,0.82466,2.70,1.00
2014.03.04 07:00:01.123,0.8246,0.82466,1.28,1.00
2014.03.04 07:00:01.276,0.8246,0.82469,4.58,1.10
2014.03.04 07:00:02.508,0.82461,0.82469,1.48,1.10
2014.03.04 07:00:03.238,0.82461,0.82469,1.10,1.10
2014.03.04 07:00:05.697,0.8246,0.82469,1.00,1.15
2014.03.04 07:00:06.203,0.82457,0.82466,1.53,1.00
2014.03.04 07:00:08.192,0.82457,0.82466,1.55,1.10
2014.03.04 07:00:08.498,0.82457,0.82466,1.00,3.45
2014.03.04 07:00:08.650,0.82455,0.82464,1.10,1.18
2014.03.04 07:00:08.752,0.82455,0.82462,1.00,2.70
2014.03.04 07:00:08.854,0.82452,0.82461,1.13,1.28
2014.03.04 07:00:09.368,0.82452,0.82461,1.00,3.45
2014.03.04 07:00:10.936,0.8245,0.82459,1.10,1.18
2014.03.04 07:00:12.334,0.8245,0.82459,1.43,1.18
2014.03.04 07:00:12.589,0.8245,0.82459,5.18,1.00
2014.03.04 07:00:12.741,0.8245,0.82459,1.65,1.10
2014.03.04 07:00:13.096,0.82449,0.82457,2.25,1.13
2014.03.04 07:00:13.400,0.82444,0.82454,2.03,1.08
2014.03.04 07:00:13.930,0.82444,0.82454,2.03,1.10
2014.03.04 07:00:14.456,0.82444,0.82454,3.15,1.10
2014.03.04 07:00:18.351,0.82444,0.82452,3.45,1.00
2014.03.04 07:00:18.504,0.82444,0.82452,1.18,1.00
2014.03.04 07:00:18.909,0.82444,0.82452,2.70,1.00
2014.03.04 07:00:21.286,0.82443,0.82452,3.08,1.00
2014.03.04 07:00:21.388,0.82442,0.82452,2.03,1.10
2014.03.04 07:00:22.479,0.82442,0.82452,3.83,1.00
2014.03.04 07:00:23.023,0.82442,0.82452,1.93,1.18
2014.03.04 07:00:23.564,0.82442,0.82452,3.83,1.00
2014.03.04 07:00:34.971,0.82443,0.82452,3.08,1.00
2014.03.04 07:00:35.174,0.82444,0.82454,1.65,1.10
2014.03.04 07:00:35.630,0.82443,0.82452,2.70,1.00
2014.03.04 07:00:35.782,0.82442,0.82452,1.65,1.10
2014.03.04 07:00:36.288,0.82444,0.82454,1.48,1.15
2014.03.04 07:00:37.099,0.82443,0.82452,3.08,1.00
2014.03.04 07:00:37.606,0.82444,0.82452,2.33,1.00
2014.03.04 07:00:38.164,0.82445,0.82454,1.15,1.00
2014.03.04 07:00:43.630,0.82444,0.82454,1.15,1.10
2014.03.04 07:00:43.681,0.82443,0.82452,4.88,1.00
2014.03.04 07:00:44.626,0.82444,0.82454,1.15,1.10
2014.03.04 07:00:45.830,0.82444,0.82454,3.45,1.00
2014.03.04 07:00:46.346,0.82444,0.82454,1.53,1.10
2014.03.04 07:00:47.019,0.82444,0.82454,3.45,1.00
2014.03.04 07:00:56.000,0.82445,0.82454,3.45,1.00
2014.03.04 07:00:56.671,0.82444,0.82454,3.45,1.00
2014.03.04 07:01:00.504,0.82444,0.82454,3.08,1.50
2014.03.04 07:01:00.910,0.82442,0.82452,2.33,1.13
2014.03.04 07:01:01.011,0.82441,0.82452,2.40,1.28
2014.03.04 07:01:03.735,0.82441,0.82452,3.83,1.20
2014.03.04 07:01:11.836,0.82442,0.82453,3.45,1.10
2014.03.04 07:01:14.555,0.82446,0.82453,1.00,1.10
2014.03.04 07:01:14.606,0.82449,0.82456,1.00,2.70
2014.03.04 07:01:14.707,0.8245,0.82458,1.55,1.00
2014.03.04 07:01:14.809,0.8245,0.8246,1.18,2.03
2014.03.04 07:01:14.950,0.82449,0.8246,2.03,2.78
2014.03.04 07:01:15.105,0.82446,0.82453,2.70,1.00
2014.03.04 07:01:15.156,0.82447,0.82458,1.53,2.40
2014.03.04 07:01:15.611,0.82447,0.82458,1.65,1.18
2014.03.04 07:01:15.864,0.82452,0.82462,1.10,1.65
2014.03.04 07:01:16.374,0.82452,0.82462,1.10,1.65
2014.03.04 07:01:20.765,0.82453,0.82462,1.00,2.03
2014.03.04 07:01:22.114,0.82453,0.82462,1.10,1.18
2014.03.04 07:01:22.317,0.82456,0.82462,1.00,1.10
2014.03.04 07:01:22.874,0.82458,0.82462,1.00,1.10
2014.03.04 07:01:27.586,0.82455,0.82462,1.55,1.00
2014.03.04 07:01:28.145,0.82458,0.82462,1.00,1.00
2014.03.04 07:01:28.348,0.82458,0.82467,1.00,3.83
2014.03.04 07:01:28.500,0.82458,0.82467,1.10,1.65
2014.03.04 07:01:30.125,0.82458,0.82467,1.18,1.48
2014.03.04 07:01:31.524,0.82458,0.82467,1.10,1.55
2014.03.04 07:01:32.030,0.82458,0.82467,1.18,1.48
2014.03.04 07:01:32.540,0.82458,0.82467,1.10,1.55
2014.03.04 07:01:33.516,0.82458,0.82468,1.18,2.78
2014.03.04 07:01:33.872,0.82458,0.82468,3.08,1.88
2014.03.04 07:01:35.106,0.82458,0.82469,1.28,1.28
2014.03.04 07:01:36.150,0.82458,0.82469,3.45,1.20
2014.03.04 07:01:38.208,0.82459,0.82469,2.33,1.13
2014.03.04 07:01:38.715,0.82458,0.82468,2.33,1.13
2014.03.04 07:01:40.366,0.82457,0.82468,1.15,1.55
2014.03.04 07:01:41.290,0.82456,0.82467,3.45,1.95
2014.03.04 07:01:41.493,0.82456,0.82467,1.28,2.03
2014.03.04 07:01:41.999,0.82456,0.82466,1.20,1.13
2014.03.04 07:01:42.506,0.82454,0.82464,3.45,1.00
2014.03.04 07:01:43.322,0.82454,0.82464,3.45,1.38
2014.03.04 07:01:43.676,0.82454,0.82464,1.55,1.88
2014.03.04 07:01:45.324,0.82454,0.82464,1.53,1.48
2014.03.04 07:01:45.830,0.82454,0.82464,1.55,1.28
2014.03.04 07:01:46.406,0.82454,0.82464,1.53,1.20
2014.03.04 07:01:47.337,0.82454,0.82464,1.53,1.48
2014.03.04 07:01:48.964,0.82456,0.82467,1.20,3.90
2014.03.04 07:01:49.782,0.82456,0.82466,1.28,1.05
2014.03.04 07:01:50.725,0.82456,0.82467,3.45,6.00
2014.03.04 07:01:51.130,0.82456,0.82467,1.18,3.90
2014.03.04 07:01:51.659,0.82454,0.82464,3.45,1.00
2014.03.04 07:01:53.126,0.82456,0.82465,1.28,1.20
2014.03.04 07:01:57.291,0.82456,0.82465,1.28,1.48
2014.03.04 07:01:57.797,0.82456,0.82465,1.20,1.55
2014.03.04 07:01:58.309,0.82456,0.82465,1.28,1.48
2014.03.04 07:01:59.570,0.82456,0.82466,1.28,1.43
2014.03.04 07:02:00.342,0.82456,0.82466,1.28,1.50
2014.03.04 07:02:04.966,0.82456,0.82466,1.28,1.65
2014.03.04 07:02:06.521,0.82456,0.82463,1.28,1.00
2014.03.04 07:02:06.751,0.82454,0.82462,1.48,2.33
2014.03.04 07:02:07.259,0.82451,0.82462,4.95,3.45
2014.03.04 07:02:07.882,0.82451,0.82462,4.20,3.45
2014.03.04 07:02:08.301,0.82451,0.82462,4.20,1.58
2014.03.04 07:02:11.046,0.82454,0.82464,1.95,1.53
2014.03.04 07:02:12.221,0.82456,0.82465,1.10,2.78
2014.03.04 07:02:20.242,0.82456,0.82464,1.00,2.03
2014.03.04 07:02:21.133,0.82456,0.82463,1.00,1.10
2014.03.04 07:02:21.639,0.82456,0.82467,1.18,4.65
2014.03.04 07:02:22.171,0.82456,0.82466,1.10,2.40
2014.03.04 07:02:22.837,0.82456,0.82466,1.18,2.40
2014.03.04 07:02:25.043,0.82456,0.82467,1.28,1.65
2014.03.04 07:02:25.600,0.82458,0.82469,1.18,3.15
2014.03.04 07:02:27.337,0.82458,0.82469,1.65,2.78
2014.03.04 07:02:27.489,0.82461,0.82469,1.85,1.20
2014.03.04 07:02:27.998,0.82463,0.82473,1.00,3.83
2014.03.04 07:02:28.504,0.82463,0.82473,1.10,2.03
2014.03.04 07:02:42.521,0.82463,0.82474,1.18,1.28
2014.03.04 07:02:43.027,0.82463,0.82473,1.10,1.90
2014.03.04 07:02:55.678,0.82463,0.82474,1.08,1.28
2014.03.04 07:02:56.033,0.82463,0.82472,1.00,1.18
2014.03.04 07:02:56.539,0.82463,0.82472,1.10,1.18
2014.03.04 07:03:00.651,0.82463,0.82474,1.18,1.28
2014.03.04 07:03:01.204,0.82463,0.82474,1.10,3.45
2014.03.04 07:03:02.068,0.82463,0.82474,1.18,1.28
2014.03.04 07:03:07.638,0.82463,0.82474,1.15,1.28
2014.03.04 07:03:08.967,0.82463,0.82474,1.18,1.28
2014.03.04 07:03:11.496,0.82463,0.82474,1.18,1.28
2014.03.04 07:03:12.024,0.82463,0.82474,1.18,1.28
2014.03.04 07:03:12.760,0.82463,0.82474,1.10,3.45
2014.03.04 07:03:15.126,0.82463,0.82474,1.18,1.15
2014.03.04 07:03:17.106,0.82463,0.82474,1.28,1.65
2014.03.04 07:03:19.824,0.82464,0.82474,1.20,1.28
2014.03.04 07:03:20.387,0.82464,0.82474,1.18,1.28
2014.03.04 07:03:20.725,0.82467,0.82476,1.00,3.45
2014.03.04 07:03:21.032,0.82467,0.82476,1.10,1.55
2014.03.04 07:03:21.134,0.82469,0.82477,1.00,1.53
2014.03.04 07:03:22.150,0.82469,0.82478,1.00,1.65
2014.03.04 07:03:22.701,0.82469,0.82478,1.00,3.83
2014.03.04 07:03:23.452,0.82464,0.82474,4.20,1.00
2014.03.04 07:03:23.982,0.82467,0.82476,1.10,1.18
2014.03.04 07:03:24.992,0.82464,0.82474,3.45,1.00
2014.03.04 07:03:25.094,0.82469,0.82477,1.00,1.15
2014.03.04 07:03:26.283,0.82469,0.82478,1.00,1.65
2014.03.04 07:03:29.170,0.82465,0.82473,2.70,1.00
2014.03.04 07:03:29.735,0.82464,0.82473,3.45,1.00
2014.03.04 07:03:30.140,0.82469,0.82477,1.00,1.28
2014.03.04 07:03:30.649,0.82469,0.82477,1.00,1.18
2014.03.04 07:03:32.711,0.82469,0.82478,1.10,2.03
2014.03.04 07:03:33.253,0.82469,0.82478,1.00,2.03
2014.03.04 07:03:33.456,0.82469,0.82478,1.08,2.03
2014.03.04 07:03:36.016,0.82469,0.82478,1.10,2.03
2014.03.04 07:03:38.109,0.82469,0.82478,1.00,2.03
2014.03.04 07:03:40.148,0.82469,0.82478,1.10,1.28
2014.03.04 07:03:40.697,0.82469,0.82478,1.00,1.28
2014.03.04 07:03:42.489,0.82469,0.82478,1.10,1.15
2014.03.04 07:03:44.114,0.8247,0.82478,1.00,1.18
2014.03.04 07:03:44.652,0.82469,0.8248,2.03,1.15
2014.03.04 07:03:44.754,0.82476,0.82482,1.00,3.90
2014.03.04 07:03:44.906,0.82474,0.82482,1.00,3.90
2014.03.04 07:03:50.754,0.82474,0.82483,1.00,2.40
2014.03.04 07:03:51.297,0.82474,0.82483,1.10,1.28
2014.03.04 07:03:51.833,0.82474,0.82483,1.18,1.20
2014.03.04 07:03:52.335,0.82474,0.82483,1.10,1.28
2014.03.04 07:03:53.932,0.82474,0.82483,1.00,1.15
2014.03.04 07:03:55.044,0.82472,0.82481,1.18,1.10
2014.03.04 07:03:59.569,0.82473,0.82483,1.08,1.65
2014.03.04 07:04:01.622,0.82473,0.82483,1.20,1.18
2014.03.04 07:04:04.134,0.82473,0.82483,1.50,3.83
2014.03.04 07:04:20.768,0.82473,0.82483,1.10,1.65
2014.03.04 07:04:28.246,0.82473,0.82483,1.08,1.53
2014.03.04 07:04:28.448,0.82473,0.82483,1.18,1.28
2014.03.04 07:04:31.956,0.82473,0.82484,1.18,1.65
2014.03.04 07:04:32.531,0.82473,0.82484,1.15,1.65
2014.03.04 07:04:34.812,0.82473,0.82484,3.08,1.95
2014.03.04 07:04:35.418,0.82473,0.82484,1.15,2.03
2014.03.04 07:04:46.271,0.82473,0.82483,3.08,1.30
2014.03.04 07:04:53.051,0.82473,0.82483,1.15,1.05
2014.03.04 07:04:53.618,0.82476,0.82485,1.00,2.03
2014.03.04 07:04:54.387,0.82473,0.82484,1.15,2.40
2014.03.04 07:04:55.047,0.82473,0.82484,1.15,1.65
2014.03.04 07:04:56.231,0.82473,0.82484,4.58,1.10
2014.03.04 07:04:56.740,0.82473,0.82484,1.28,1.18
2014.03.04 07:04:57.257,0.82476,0.82485,1.10,3.38
2014.03.04 07:05:00.327,0.82476,0.82485,1.10,1.28
2014.03.04 07:05:00.844,0.82473,0.82484,1.28,1.18
2014.03.04 07:05:04.812,0.82473,0.82484,1.15,1.55
2014.03.04 07:05:06.701,0.82473,0.82484,1.15,1.65
2014.03.04 07:05:07.223,0.82475,0.82486,1.65,1.65
2014.03.04 07:05:07.730,0.82475,0.82486,2.03,2.40
2014.03.04 07:05:07.933,0.82475,0.82483,3.45,1.00
2014.03.04 07:05:08.238,0.82477,0.82488,3.45,1.08
2014.03.04 07:05:08.411,0.8248,0.82491,1.65,1.65
2014.03.04 07:05:08.716,0.82482,0.82491,1.18,1.10
2014.03.04 07:05:12.717,0.82483,0.82493,1.00,3.08
2014.03.04 07:05:13.221,0.82483,0.82493,1.10,1.15
2014.03.04 07:05:15.003,0.82483,0.82494,1.20,1.65
2014.03.04 07:05:15.328,0.82485,0.82494,1.28,1.13
2014.03.04 07:05:15.841,0.82486,0.82497,1.18,1.65
2014.03.04 07:05:16.767,0.82486,0.82497,3.08,1.65
2014.03.04 07:05:17.283,0.82486,0.82497,3.08,1.58
2014.03.04 07:05:18.658,0.82486,0.82497,3.08,2.33
2014.03.04 07:05:20.349,0.82486,0.82494,2.33,1.00
2014.03.04 07:05:21.811,0.82485,0.82494,4.50,1.00
2014.03.04 07:05:22.317,0.82486,0.82494,2.33,1.00
2014.03.04 07:05:24.578,0.82487,0.82494,2.33,1.00
2014.03.04 07:05:25.261,0.82486,0.82494,2.33,1.00
2014.03.04 07:05:26.167,0.82486,0.82496,2.33,1.50
2014.03.04 07:05:26.749,0.82485,0.82495,2.33,1.00
2014.03.04 07:05:27.284,0.82486,0.82495,2.33,1.00
2014.03.04 07:05:29.262,0.82485,0.82496,2.33,1.58
2014.03.04 07:05:30.376,0.82485,0.82494,2.33,1.00
2014.03.04 07:05:33.659,0.82486,0.82495,1.08,1.65
2014.03.04 07:05:34.165,0.82486,0.82496,1.65,1.18
2014.03.04 07:05:34.672,0.82486,0.82494,1.18,1.00
2014.03.04 07:05:36.897,0.82486,0.82496,2.03,1.18
2014.03.04 07:05:37.440,0.82487,0.82494,1.10,1.00
2014.03.04 07:05:37.975,0.82487,0.82497,1.10,1.65
2014.03.04 07:05:39.056,0.82487,0.82497,1.08,1.65
2014.03.04 07:05:40.756,0.82485,0.82494,3.45,1.00
2014.03.04 07:05:40.878,0.82486,0.82497,1.28,2.40
2014.03.04 07:05:44.422,0.82487,0.82497,2.33,1.20
2014.03.04 07:05:48.424,0.82486,0.82497,4.58,1.10
2014.03.04 07:05:51.114,0.82487,0.82497,2.33,1.00
2014.03.04 07:05:54.028,0.82486,0.82497,4.20,1.20
2014.03.04 07:05:54.332,0.82486,0.82497,1.18,2.40
2014.03.04 07:05:58.038,0.82484,0.82494,4.20,1.00
2014.03.04 07:06:02.090,0.82485,0.82496,1.28,1.18
2014.03.04 07:06:03.214,0.82486,0.82496,1.00,3.83
2014.03.04 07:06:04.841,0.82485,0.82496,1.20,4.58
2014.03.04 07:06:14.637,0.82485,0.82496,1.18,2.78
2014.03.04 07:06:15.146,0.82485,0.82496,1.10,4.95
2014.03.04 07:06:15.747,0.82486,0.82496,1.00,4.20
2014.03.04 07:06:19.541,0.82486,0.82495,1.00,2.70
2014.03.04 07:06:21.110,0.82486,0.82494,1.00,4.95
2014.03.04 07:06:21.824,0.82486,0.82494,1.00,2.78
2014.03.04 07:06:26.330,0.82485,0.82494,1.00,2.78
2014.03.04 07:06:27.578,0.82485,0.82494,1.10,1.28
2014.03.04 07:06:28.080,0.82484,0.82494,1.20,1.28
2014.03.04 07:06:34.338,0.82484,0.82494,1.58,1.15
2014.03.04 07:06:34.844,0.82484,0.82494,1.58,1.28
2014.03.04 07:06:47.729,0.82482,0.82491,1.65,1.00
2014.03.04 07:06:48.550,0.82482,0.82491,1.65,1.10
2014.03.04 07:06:55.308,0.82482,0.82486,1.10,1.00
2014.03.04 07:06:55.612,0.82479,0.82489,2.40,1.18
2014.03.04 07:07:18.518,0.82481,0.82492,1.48,5.63
2014.03.04 07:07:23.404,0.82481,0.82492,1.20,3.45
2014.03.04 07:07:23.917,0.82482,0.82492,1.00,2.70
2014.03.04 07:08:00.092,0.82483,0.82492,1.00,3.45
2014.03.04 07:08:01.604,0.82483,0.82492,1.38,3.08
2014.03.04 07:08:03.869,0.82482,0.82491,1.13,1.15
2014.03.04 07:08:04.984,0.82482,0.82491,1.00,3.08
2014.03.04 07:08:12.874,0.82479,0.82488,2.40,1.10
2014.03.04 07:08:13.128,0.82479,0.82486,1.48,1.00
2014.03.04 07:08:13.659,0.82479,0.82487,1.55,1.00
2014.03.04 07:08:16.242,0.82478,0.82487,6.08,1.00
2014.03.04 07:08:16.406,0.8248,0.82489,1.28,1.10
2014.03.04 07:08:17.011,0.8248,0.82489,1.28,1.08
2014.03.04 07:08:17.562,0.8248,0.82489,1.28,1.10
2014.03.04 07:08:19.080,0.8248,0.82489,1.20,1.18
2014.03.04 07:08:20.467,0.8248,0.82489,1.28,1.10
2014.03.04 07:08:24.032,0.8248,0.82489,1.53,1.10
2014.03.04 07:08:24.603,0.8248,0.82489,3.45,1.00
2014.03.04 07:08:26.480,0.82481,0.82489,4.20,1.00
2014.03.04 07:08:26.986,0.82482,0.82489,2.70,1.00
2014.03.04 07:08:27.492,0.82481,0.82489,2.33,1.00
2014.03.04 07:08:28.740,0.82482,0.82489,2.33,1.00
2014.03.04 07:08:28.841,0.82483,0.82491,1.15,1.00
2014.03.04 07:08:29.145,0.82483,0.82492,1.10,2.03
2014.03.04 07:08:32.266,0.82484,0.82493,1.00,2.03
2014.03.04 07:08:43.670,0.82484,0.82492,1.00,2.40
2014.03.04 07:08:43.897,0.82484,0.82491,1.00,2.33
2014.03.04 07:08:44.150,0.82479,0.82488,1.18,1.38
2014.03.04 07:08:44.302,0.82479,0.82488,1.00,2.03
2014.03.04 07:08:45.380,0.82479,0.82488,1.00,4.58
2014.03.04 07:08:47.353,0.82478,0.82486,1.00,1.28
2014.03.04 07:08:48.833,0.82478,0.82486,1.00,1.65
2014.03.04 07:08:49.187,0.82475,0.82483,1.10,1.10
2014.03.04 07:08:52.139,0.82475,0.82483,1.65,1.00
2014.03.04 07:08:52.652,0.82475,0.82484,1.18,1.20
2014.03.04 07:08:53.196,0.82475,0.82484,1.10,1.28
2014.03.04 07:08:57.841,0.82474,0.82483,1.20,1.08
2014.03.04 07:08:58.945,0.82474,0.82483,1.00,3.45
2014.03.04 07:09:00.444,0.82474,0.82483,1.00,1.53
2014.03.04 07:09:03.077,0.82474,0.82483,1.10,1.65
2014.03.04 07:09:04.609,0.82474,0.82484,1.08,2.03
2014.03.04 07:09:05.115,0.82476,0.82486,1.00,6.45
2014.03.04 07:09:11.672,0.82476,0.82486,1.18,2.78
2014.03.04 07:09:12.716,0.82476,0.82486,1.18,4.28
2014.03.04 07:09:13.051,0.82476,0.82481,1.00,3.45
2014.03.04 07:09:13.102,0.8247,0.82478,3.08,1.00
2014.03.04 07:09:13.255,0.8247,0.82478,1.10,1.10
2014.03.04 07:09:13.306,0.82469,0.82478,3.83,1.00
2014.03.04 07:09:13.408,0.82471,0.82481,1.18,4.28
2014.03.04 07:09:13.610,0.82471,0.82481,3.08,1.00
2014.03.04 07:09:14.139,0.82471,0.82481,1.15,1.10
2014.03.04 07:09:15.479,0.82471,0.82481,3.45,1.00
2014.03.04 07:09:16.586,0.82471,0.82478,2.70,1.00
2014.03.04 07:09:18.970,0.8247,0.82478,2.33,1.00
2014.03.04 07:09:19.325,0.82469,0.82478,1.18,1.10
2014.03.04 07:09:19.836,0.82469,0.82478,1.15,1.00
2014.03.04 07:09:23.585,0.82469,0.82478,1.55,1.08
2014.03.04 07:09:24.108,0.82471,0.82478,1.00,1.18
2014.03.04 07:09:24.565,0.82471,0.82478,1.38,1.10
2014.03.04 07:09:24.869,0.82472,0.82481,1.00,1.28
2014.03.04 07:09:25.021,0.82471,0.8248,1.50,2.33
2014.03.04 07:09:25.526,0.82471,0.8248,1.00,3.45
2014.03.04 07:09:28.144,0.82467,0.82476,1.53,1.00
2014.03.04 07:09:29.527,0.82469,0.82478,1.38,1.15
2014.03.04 07:09:29.780,0.82473,0.82478,1.13,1.00
2014.03.04 07:09:29.931,0.82473,0.82481,1.13,1.18
2014.03.04 07:09:30.185,0.82476,0.82483,1.00,2.70
2014.03.04 07:09:30.388,0.82474,0.82483,1.50,1.28
2014.03.04 07:09:39.818,0.82474,0.82483,1.58,1.28
2014.03.04 07:09:40.737,0.82474,0.82483,2.55,1.18
2014.03.04 07:09:40.939,0.82474,0.82483,1.10,1.65
2014.03.04 07:09:41.041,0.82474,0.82482,1.38,1.18
2014.03.04 07:09:41.326,0.82475,0.82483,1.48,1.10
2014.03.04 07:09:48.798,0.82476,0.82483,1.48,1.00
2014.03.04 07:09:49.000,0.82476,0.82486,1.90,1.10
2014.03.04 07:09:49.152,0.8248,0.82486,1.00,1.10
2014.03.04 07:09:49.254,0.8248,0.82488,1.10,1.10
2014.03.04 07:09:49.765,0.82481,0.82491,2.33,1.65
2014.03.04 07:09:54.767,0.82482,0.82491,1.00,3.15
2014.03.04 07:09:54.818,0.82482,0.8249,1.00,3.45
2014.03.04 07:09:54.981,0.82479,0.82488,1.00,1.28
2014.03.04 07:09:55.037,0.82479,0.82487,1.00,2.33
2014.03.04 07:09:55.189,0.82476,0.82486,1.58,3.08
2014.03.04 07:09:55.493,0.82476,0.82484,1.00,2.33
2014.03.04 07:09:56.016,0.82476,0.82483,1.00,2.33
2014.03.04 07:09:56.525,0.82476,0.82484,1.00,2.70
2014.03.04 07:09:59.438,0.82475,0.82485,1.38,3.08
2014.03.04 07:09:59.963,0.82475,0.82484,1.38,2.33
2014.03.04 07:10:00.930,0.82476,0.82483,1.00,2.33
2014.03.04 07:10:00.981,0.82474,0.82483,1.00,2.33
2014.03.04 07:10:01.388,0.82472,0.82481,1.20,1.18
2014.03.04 07:10:02.768,0.82472,0.82481,1.20,1.15
2014.03.04 07:10:03.434,0.82472,0.82481,1.13,3.08
2014.03.04 07:10:04.335,0.82472,0.82481,1.13,1.15
2014.03.04 07:10:05.985,0.82472,0.8248,1.13,2.33
2014.03.04 07:10:10.896,0.82472,0.8248,1.38,2.33
2014.03.04 07:10:11.202,0.82474,0.82482,1.00,2.33
2014.03.04 07:10:11.607,0.82473,0.82481,1.68,1.10
2014.03.04 07:10:11.811,0.82475,0.82479,1.13,1.00
2014.03.04 07:10:11.912,0.82472,0.82479,1.10,1.00
2014.03.04 07:10:12.216,0.82469,0.82479,1.65,1.18
2014.03.04 07:10:12.744,0.82469,0.82479,1.20,1.15
2014.03.04 07:10:13.406,0.82469,0.82478,1.13,2.33
2014.03.04 07:10:14.033,0.82469,0.82479,1.00,6.00
2014.03.04 07:10:16.345,0.82469,0.82477,1.00,2.70
2014.03.04 07:10:16.446,0.82467,0.82476,1.00,1.28
2014.03.04 07:10:16.953,0.82467,0.82476,1.20,1.18
2014.03.04 07:10:19.120,0.82467,0.82476,1.48,1.18
2014.03.04 07:10:20.204,0.82467,0.82476,1.55,1.10
2014.03.04 07:10:20.714,0.82467,0.82476,1.53,1.00
2014.03.04 07:10:21.373,0.82467,0.82476,1.55,1.10
2014.03.04 07:10:35.676,0.82467,0.82476,1.55,1.10
2014.03.04 07:10:36.151,0.82469,0.82479,1.53,1.10
2014.03.04 07:10:36.758,0.82472,0.82481,1.38,1.15
2014.03.04 07:10:54.390,0.82472,0.82481,1.58,1.65
2014.03.04 07:10:54.701,0.82474,0.82482,1.10,1.20
2014.03.04 07:10:55.570,0.82474,0.82482,1.00,1.08
2014.03.04 07:10:55.974,0.82474,0.82484,1.55,1.65
2014.03.04 07:10:56.380,0.82474,0.82481,1.10,1.00
2014.03.04 07:10:56.685,0.82474,0.82482,1.00,3.08
2014.03.04 07:10:56.951,0.82474,0.82482,1.00,1.18
2014.03.04 07:10:57.478,0.82474,0.82482,1.00,1.15
2014.03.04 07:10:58.598,0.82474,0.82483,1.20,1.18
2014.03.04 07:11:04.543,0.82474,0.82483,1.48,1.18
2014.03.04 07:11:05.079,0.82474,0.82484,2.40,1.65
2014.03.04 07:11:06.684,0.82474,0.82484,2.40,1.65
2014.03.04 07:11:21.170,0.82474,0.82484,2.40,1.65
2014.03.04 07:11:23.397,0.82476,0.82484,1.48,1.10
2014.03.04 07:11:23.701,0.82481,0.82488,1.00,1.15
2014.03.04 07:11:23.803,0.82481,0.82488,1.18,1.00
2014.03.04 07:11:25.964,0.82481,0.82489,1.18,1.50
2014.03.04 07:11:26.459,0.82484,0.8249,1.00,1.10
2014.03.04 07:11:29.904,0.82484,0.82491,1.00,1.10
2014.03.04 07:11:31.307,0.82484,0.82491,1.00,1.08
2014.03.04 07:11:39.728,0.82484,0.8249,1.00,1.15
2014.03.04 07:11:40.323,0.82484,0.8249,1.00,1.18
2014.03.04 07:11:45.702,0.82479,0.82488,1.15,1.00
2014.03.04 07:11:45.803,0.82479,0.82488,1.10,1.18
2014.03.04 07:12:00.360,0.82479,0.82487,1.18,1.00
2014.03.04 07:12:00.962,0.82479,0.82487,1.10,1.10
2014.03.04 07:12:04.062,0.82479,0.82487,1.18,1.00
2014.03.04 07:12:15.248,0.82478,0.82487,1.10,1.28
2014.03.04 07:12:20.090,0.82479,0.82487,1.00,1.28
2014.03.04 07:12:20.620,0.82479,0.82487,1.10,1.20
2014.03.04 07:12:24.257,0.82479,0.82487,1.00,1.18
2014.03.04 07:12:26.125,0.8248,0.82488,1.00,1.15
2014.03.04 07:12:26.668,0.8248,0.82488,1.00,1.18
2014.03.04 07:12:27.853,0.8248,0.82485,1.00,1.00
2014.03.04 07:12:27.905,0.82476,0.82485,1.53,1.00
2014.03.04 07:12:28.411,0.82476,0.82487,1.18,1.65
2014.03.04 07:12:31.223,0.82476,0.82487,1.15,1.65
2014.03.04 07:12:32.093,0.82479,0.82487,1.10,1.10
2014.03.04 07:12:33.106,0.82478,0.82487,1.28,1.00
2014.03.04 07:12:33.623,0.82478,0.82486,1.28,1.00
2014.03.04 07:12:34.437,0.82478,0.82486,1.18,1.00
2014.03.04 07:12:34.951,0.82478,0.82486,1.15,1.00
2014.03.04 07:12:42.784,0.82478,0.82486,1.15,1.00
2014.03.04 07:12:43.880,0.82478,0.82486,1.15,1.00
2014.03.04 07:12:49.105,0.82479,0.82488,1.18,1.10
2014.03.04 07:12:49.717,0.82479,0.82488,1.10,1.18
2014.03.04 07:12:50.241,0.82478,0.82486,1.15,1.00
2014.03.04 07:12:52.230,0.82478,0.82486,1.18,1.00
2014.03.04 07:12:54.202,0.82478,0.82486,1.15,1.00
2014.03.04 07:12:54.405,0.82479,0.82488,1.18,1.10
2014.03.04 07:12:54.949,0.82479,0.82488,1.10,1.18
2014.03.04 07:13:00.916,0.82478,0.82486,1.18,1.00
2014.03.04 07:13:06.798,0.8248,0.82486,1.00,1.00
2014.03.04 07:13:06.950,0.82481,0.8249,1.00,1.15
2014.03.04 07:13:07.491,0.82481,0.8249,1.00,3.08
2014.03.04 07:13:07.702,0.82479,0.82487,1.20,1.10
2014.03.04 07:13:08.216,0.8248,0.82487,1.00,1.10
2014.03.04 07:13:08.722,0.82481,0.8249,1.00,3.08
2014.03.04 07:13:08.823,0.82483,0.8249,1.00,2.33
2014.03.04 07:13:09.025,0.82483,0.82492,1.00,3.45
2014.03.04 07:13:14.854,0.82481,0.8249,1.58,1.18
2014.03.04 07:13:15.060,0.82481,0.82487,1.10,1.00
2014.03.04 07:13:21.228,0.82481,0.8249,1.58,1.18
2014.03.04 07:13:21.431,0.82481,0.8249,1.58,1.10
2014.03.04 07:13:21.942,0.82483,0.82492,1.10,1.18
2014.03.04 07:13:31.363,0.82481,0.82489,1.15,1.00
2014.03.04 07:13:31.904,0.82481,0.82489,1.18,1.00
2014.03.04 07:13:33.548,0.82484,0.82492,1.00,1.65
2014.03.04 07:13:34.060,0.82484,0.82492,1.00,1.65
2014.03.04 07:13:34.618,0.82484,0.82492,1.00,1.28
2014.03.04 07:13:38.611,0.82483,0.82491,1.00,1.18
2014.03.04 07:13:52.349,0.8248,0.82488,2.40,1.00
2014.03.04 07:13:52.602,0.82483,0.8249,1.00,1.10
2014.03.04 07:14:00.214,0.82483,0.82491,1.00,4.20
2014.03.04 07:14:00.645,0.8248,0.82488,1.10,1.10
2014.03.04 07:14:01.060,0.82483,0.82491,1.00,5.33
2014.03.04 07:14:04.372,0.8248,0.82488,1.10,1.10
2014.03.04 07:14:04.575,0.82479,0.82486,1.20,1.00
2014.03.04 07:14:06.688,0.8248,0.82488,1.00,1.18
2014.03.04 07:14:06.992,0.82483,0.82491,1.00,3.08
2014.03.04 07:14:07.510,0.82483,0.82491,1.00,1.15
2014.03.04 07:14:14.830,0.82481,0.82488,1.20,1.00
2014.03.04 07:14:15.133,0.8248,0.82486,1.38,1.00
2014.03.04 07:14:26.112,0.8248,0.82486,1.13,1.00
2014.03.04 07:14:35.658,0.8248,0.82486,1.00,1.18
2014.03.04 07:14:35.810,0.82478,0.82486,2.48,1.18
2014.03.04 07:14:36.329,0.82478,0.82486,1.95,1.10
2014.03.04 07:14:40.199,0.82479,0.82486,1.00,1.10
2014.03.04 07:14:44.156,0.82479,0.82486,1.00,1.08
2014.03.04 07:14:49.267,0.82479,0.82486,1.13,1.10
2014.03.04 07:14:50.228,0.82479,0.82486,1.00,1.18
2014.03.04 07:14:51.649,0.82479,0.82486,1.00,1.10
2014.03.04 07:14:52.463,0.8248,0.82486,1.00,1.10
2014.03.04 07:14:52.567,0.82478,0.82486,1.00,1.18
2014.03.04 07:14:53.377,0.82475,0.82483,2.40,1.00
2014.03.04 07:14:53.652,0.82475,0.82483,2.25,1.18
2014.03.04 07:14:54.200,0.82474,0.82481,1.48,1.00
2014.03.04 07:14:59.278,0.82473,0.82481,1.20,1.10
2014.03.04 07:14:59.808,0.82473,0.82481,1.00,1.18
2014.03.04 07:15:02.610,0.82473,0.82481,1.10,1.10
2014.03.04 07:15:04.444,0.82473,0.82481,1.00,1.18
2014.03.04 07:15:07.154,0.82473,0.82481,1.00,3.45
2014.03.04 07:15:07.762,0.8247,0.82478,1.20,1.10
2014.03.04 07:15:07.864,0.82473,0.82481,1.00,3.45
2014.03.04 07:15:08.117,0.8247,0.82478,1.58,1.10
2014.03.04 07:15:08.623,0.82469,0.82479,1.95,1.15
2014.03.04 07:15:09.129,0.82472,0.82481,1.00,3.08
2014.03.04 07:15:09.635,0.82472,0.82481,1.50,1.15
2014.03.04 07:15:11.701,0.82473,0.82481,1.00,1.15
2014.03.04 07:15:12.691,0.82472,0.82481,1.88,1.15
2014.03.04 07:15:13.530,0.82472,0.82481,1.50,1.15
2014.03.04 07:15:13.835,0.82475,0.82481,1.48,1.00
2014.03.04 07:15:13.886,0.82474,0.82481,1.18,1.00
2014.03.04 07:15:14.392,0.82472,0.82481,2.78,1.10
2014.03.04 07:15:14.894,0.82472,0.82481,1.95,1.18
2014.03.04 07:15:15.652,0.82476,0.82481,1.00,1.18
2014.03.04 07:15:16.057,0.82478,0.82484,1.00,1.18
2014.03.04 07:15:16.562,0.82478,0.82486,1.00,1.28
2014.03.04 07:15:19.840,0.82477,0.82486,1.13,1.28
2014.03.04 07:15:20.345,0.82477,0.82486,1.00,3.45
2014.03.04 07:15:20.449,0.82475,0.82483,2.70,1.10
2014.03.04 07:15:20.702,0.82475,0.82483,1.88,1.18
2014.03.04 07:15:21.006,0.82473,0.82481,1.95,1.10
2014.03.04 07:15:21.868,0.82473,0.82481,1.95,1.00
2014.03.04 07:15:23.350,0.82475,0.82481,1.00,1.00
2014.03.04 07:15:23.502,0.82475,0.82481,2.63,1.00
2014.03.04 07:15:23.806,0.8248,0.82488,1.38,1.15
2014.03.04 07:15:23.909,0.8248,0.8249,1.50,4.20
2014.03.04 07:15:23.960,0.8248,0.82488,1.88,3.08
2014.03.04 07:15:24.502,0.82478,0.82486,1.08,1.00
2014.03.04 07:15:29.126,0.82478,0.82486,1.10,1.10
2014.03.04 07:15:39.175,0.82476,0.82483,1.15,1.00
2014.03.04 07:15:39.226,0.82476,0.82483,1.10,1.00
2014.03.04 07:15:39.681,0.82474,0.82481,1.10,1.00
2014.03.04 07:15:40.338,0.82474,0.82481,1.00,1.18
2014.03.04 07:15:41.079,0.82473,0.82481,1.00,1.18
2014.03.04 07:15:43.685,0.82469,0.82479,2.40,1.08
2014.03.04 07:15:44.191,0.82472,0.82481,1.00,3.45
2014.03.04 07:15:44.696,0.82472,0.82481,1.50,1.15
2014.03.04 07:15:48.614,0.82474,0.82481,1.00,1.15
2014.03.04 07:15:53.655,0.82473,0.82481,1.00,1.15
2014.03.04 07:15:54.330,0.82474,0.82481,1.00,1.15
2014.03.04 07:15:57.337,0.82472,0.8248,1.00,1.18
2014.03.04 07:15:57.844,0.82471,0.82479,1.95,1.10
2014.03.04 07:16:00.390,0.82469,0.82477,2.03,1.00
2014.03.04 07:16:01.660,0.82471,0.82478,1.00,1.18
2014.03.04 07:16:08.757,0.82471,0.82477,1.00,1.65
2014.03.04 07:16:09.062,0.82466,0.82476,2.03,1.65
2014.03.04 07:16:12.029,0.82467,0.82476,1.00,1.65
2014.03.04 07:16:14.614,0.82467,0.82476,1.10,1.65
2014.03.04 07:16:15.505,0.82467,0.82475,1.00,1.08
2014.03.04 07:16:16.032,0.82467,0.82475,1.10,1.10
2014.03.04 07:16:16.707,0.82467,0.82475,1.00,1.18
2014.03.04 07:16:20.710,0.82469,0.82475,1.00,1.18
2014.03.04 07:16:21.115,0.82467,0.82475,1.00,1.18
2014.03.04 07:16:27.133,0.8247,0.82475,1.00,1.18
2014.03.04 07:16:29.258,0.8247,0.82475,1.00,1.10
2014.03.04 07:16:30.102,0.8247,0.82475,1.00,1.08
2014.03.04 07:16:32.169,0.8247,0.82477,1.00,2.78
2014.03.04 07:16:32.954,0.82471,0.82477,1.00,2.78
2014.03.04 07:16:39.152,0.82472,0.82479,1.00,4.95
2014.03.04 07:16:40.066,0.82467,0.82478,1.28,2.70
2014.03.04 07:16:41.208,0.82471,0.82477,1.00,2.03
2014.03.04 07:16:41.917,0.82465,0.82477,2.40,4.20
2014.03.04 07:16:42.585,0.82471,0.82477,1.00,2.03
2014.03.04 07:16:43.093,0.82466,0.82477,1.48,4.20
2014.03.04 07:16:46.840,0.82469,0.82475,1.00,2.03
2014.03.04 07:16:50.738,0.82465,0.82475,1.00,4.20
2014.03.04 07:16:51.244,0.82468,0.82475,1.00,4.20
2014.03.04 07:16:51.751,0.82467,0.82475,1.00,2.70
2014.03.04 07:16:55.545,0.82467,0.82474,1.00,4.20
2014.03.04 07:16:56.053,0.82466,0.82473,1.00,2.40
2014.03.04 07:16:56.700,0.82465,0.82473,1.00,4.58
2014.03.04 07:17:00.961,0.82465,0.82473,1.00,1.65
2014.03.04 07:17:07.630,0.82465,0.82473,1.00,3.83
2014.03.04 07:17:10.882,0.82465,0.82473,1.00,1.65
2014.03.04 07:17:11.653,0.82465,0.82473,1.00,3.83
2014.03.04 07:17:12.194,0.82465,0.82473,1.00,1.53
2014.03.04 07:17:12.600,0.82467,0.82474,1.00,1.28
2014.03.04 07:17:14.073,0.82467,0.82474,1.00,2.70
2014.03.04 07:17:14.578,0.82466,0.82474,1.00,4.58
2014.03.04 07:17:16.381,0.82466,0.82473,1.00,2.70
2014.03.04 07:17:17.241,0.82466,0.82473,1.00,1.15
2014.03.04 07:17:18.637,0.82466,0.82473,1.00,3.45
2014.03.04 07:17:25.772,0.82461,0.82472,1.20,2.70
2014.03.04 07:17:29.886,0.82466,0.82473,1.00,4.20
2014.03.04 07:17:30.392,0.82465,0.82472,1.00,2.70
2014.03.04 07:17:30.898,0.82461,0.82471,1.13,2.70
2014.03.04 07:17:31.403,0.82465,0.82472,1.00,3.08
2014.03.04 07:17:31.908,0.82461,0.82471,1.13,2.70
2014.03.04 07:17:32.414,0.82465,0.82472,1.00,3.45
2014.03.04 07:17:33.273,0.82461,0.82471,1.50,2.70
2014.03.04 07:17:33.778,0.8246,0.8247,1.38,2.33
2014.03.04 07:17:39.210,0.82463,0.8247,1.00,2.70
2014.03.04 07:17:44.668,0.82463,0.82472,1.00,3.45
2014.03.04 07:17:44.821,0.82465,0.82472,1.00,3.08
2014.03.04 07:17:45.125,0.82463,0.82472,1.00,4.20
2014.03.04 07:17:45.658,0.82463,0.82471,1.00,3.45
2014.03.04 07:17:48.192,0.82463,0.82472,1.13,3.45
2014.03.04 07:17:48.343,0.82465,0.82472,1.00,2.70
2014.03.04 07:17:48.546,0.82466,0.82473,1.00,1.28
2014.03.04 07:17:48.749,0.82466,0.82475,1.00,2.40
2014.03.04 07:17:48.902,0.82468,0.82476,1.50,2.70
2014.03.04 07:17:49.004,0.82469,0.82477,1.00,1.18
2014.03.04 07:17:49.409,0.82471,0.82479,1.00,2.33
2014.03.04 07:17:55.837,0.82471,0.82478,1.00,2.33
2014.03.04 07:17:56.448,0.82471,0.82479,1.00,2.33
2014.03.04 07:18:02.641,0.82472,0.82479,1.00,2.33
2014.03.04 07:18:03.200,0.82471,0.8248,1.00,2.70
2014.03.04 07:18:08.805,0.82472,0.82478,1.08,1.10
2014.03.04 07:18:11.534,0.82471,0.82478,1.08,1.08
2014.03.04 07:18:11.636,0.8247,0.82478,1.00,1.18
2014.03.04 07:18:12.181,0.82471,0.82477,1.00,1.10
2014.03.04 07:18:12.705,0.82472,0.82477,1.08,1.00
2014.03.04 07:18:13.014,0.82472,0.82479,1.18,1.00
2014.03.04 07:18:13.612,0.82472,0.82479,1.10,1.00
2014.03.04 07:18:14.128,0.82472,0.82479,1.00,1.08
2014.03.04 07:18:15.960,0.82474,0.82479,1.00,1.08
2014.03.04 07:18:20.257,0.82474,0.82481,1.00,4.50
2014.03.04 07:18:20.869,0.82474,0.82482,1.00,5.33
2014.03.04 07:18:21.533,0.82474,0.82481,1.00,2.70
2014.03.04 07:18:32.064,0.82474,0.82481,1.00,1.28
2014.03.04 07:18:33.869,0.82474,0.82481,1.00,3.45
2014.03.04 07:18:35.839,0.82474,0.82481,1.00,1.15
2014.03.04 07:18:35.943,0.82474,0.82483,1.00,4.28
2014.03.04 07:18:36.449,0.82475,0.82483,1.00,4.20
2014.03.04 07:18:37.059,0.82474,0.82483,1.00,6.45
2014.03.04 07:18:40.779,0.82474,0.82481,1.00,1.20
2014.03.04 07:18:42.078,0.82474,0.82481,1.00,1.20
2014.03.04 07:18:42.709,0.82474,0.82481,1.00,1.28
2014.03.04 07:18:43.316,0.82474,0.82481,1.00,1.28
2014.03.04 07:18:44.025,0.82474,0.82481,1.00,1.28
2014.03.04 07:18:44.555,0.82474,0.82481,1.00,1.20
2014.03.04 07:18:45.309,0.82474,0.82481,1.00,1.20
2014.03.04 07:18:47.529,0.82474,0.82482,1.00,1.53
2014.03.04 07:18:47.631,0.82472,0.82481,1.00,1.28
2014.03.04 07:18:48.140,0.82473,0.82482,1.00,3.83
2014.03.04 07:19:00.694,0.82472,0.82481,1.00,1.28
2014.03.04 07:19:06.767,0.82473,0.8248,1.00,1.28
2014.03.04 07:19:07.172,0.82471,0.8248,1.00,4.20
2014.03.04 07:19:07.683,0.82472,0.8248,1.00,2.70
2014.03.04 07:19:08.221,0.82471,0.82479,1.00,2.33
2014.03.04 07:19:09.541,0.82473,0.82479,1.00,2.33
2014.03.04 07:19:09.592,0.82473,0.8248,1.10,1.13
2014.03.04 07:19:11.656,0.82473,0.8248,1.00,1.28
2014.03.04 07:19:12.408,0.82472,0.8248,1.00,2.40
2014.03.04 07:19:16.294,0.82472,0.8248,1.10,1.58
2014.03.04 07:19:16.805,0.82471,0.8248,1.15,2.25
2014.03.04 07:19:24.981,0.8247,0.82479,1.28,1.13
2014.03.04 07:19:25.605,0.8247,0.82479,3.45,1.13
2014.03.04 07:19:26.062,0.82472,0.82479,2.33,1.00
2014.03.04 07:19:27.254,0.82473,0.82482,2.33,1.88
2014.03.04 07:19:27.839,0.82472,0.82479,4.50,1.00
2014.03.04 07:19:44.823,0.82472,0.82479,1.15,1.00
2014.03.04 07:19:47.501,0.82472,0.82479,1.53,1.00
2014.03.04 07:19:47.657,0.82477,0.82484,1.13,2.03
2014.03.04 07:19:47.809,0.82478,0.82487,1.13,1.65
2014.03.04 07:19:47.961,0.82478,0.82489,2.63,3.08
2014.03.04 07:19:48.012,0.82478,0.82489,2.70,1.10
2014.03.04 07:19:48.524,0.8248,0.8249,1.10,1.65
2014.03.04 07:19:50.515,0.8248,0.8249,1.18,1.65
2014.03.04 07:19:53.567,0.8248,0.8249,1.20,1.18
2014.03.04 07:19:55.224,0.82481,0.82491,1.00,3.45
2014.03.04 07:19:56.204,0.82482,0.82491,1.00,2.33
2014.03.04 07:19:58.645,0.8248,0.82489,1.10,1.18
2014.03.04 07:19:59.168,0.8248,0.82489,1.00,1.28
2014.03.04 07:20:00.031,0.8248,0.82489,1.00,4.58
2014.03.04 07:20:04.727,0.8248,0.82488,1.00,2.33
2014.03.04 07:20:05.553,0.8248,0.82489,1.00,4.20
2014.03.04 07:20:19.925,0.82478,0.82485,1.10,1.50
2014.03.04 07:20:20.431,0.82477,0.82485,1.10,1.58
2014.03.04 07:20:22.976,0.82477,0.82486,1.18,1.58
2014.03.04 07:20:29.911,0.82478,0.82486,1.18,1.13
2014.03.04 07:20:30.429,0.82478,0.82489,1.28,3.15
2014.03.04 07:20:30.845,0.82481,0.82489,1.00,1.15
2014.03.04 07:20:31.048,0.82481,0.8249,1.20,1.65
2014.03.04 07:20:31.403,0.82484,0.82492,1.00,3.45
2014.03.04 07:20:31.454,0.82484,0.82493,1.00,2.40
2014.03.04 07:20:31.671,0.82484,0.82495,1.18,2.40
2014.03.04 07:20:32.222,0.82485,0.82496,1.18,3.53
2014.03.04 07:20:36.839,0.82486,0.82495,1.00,1.15
2014.03.04 07:20:37.345,0.82486,0.82494,1.10,1.10
2014.03.04 07:20:42.982,0.82487,0.82496,1.00,1.15
2014.03.04 07:20:43.517,0.82487,0.82496,1.10,1.18
2014.03.04 07:20:44.051,0.82487,0.82496,1.00,1.15
2014.03.04 07:20:46.006,0.82487,0.82496,1.00,3.08
2014.03.04 07:20:48.947,0.82487,0.82496,1.00,1.15
2014.03.04 07:20:49.464,0.82487,0.82496,1.10,1.18
2014.03.04 07:20:50.163,0.82487,0.82496,1.00,1.15
2014.03.04 07:20:58.028,0.82486,0.82495,1.10,1.18
2014.03.04 07:20:58.997,0.82486,0.82495,1.18,1.10
2014.03.04 07:21:02.587,0.82486,0.82495,1.20,1.08
2014.03.04 07:21:03.365,0.82486,0.82495,1.18,1.10
2014.03.04 07:21:03.901,0.82486,0.82495,1.10,1.18
2014.03.04 07:21:05.827,0.82486,0.82495,1.18,1.10
2014.03.04 07:21:09.507,0.82486,0.82495,1.10,1.18
2014.03.04 07:21:11.549,0.82486,0.82495,1.00,1.15
2014.03.04 07:21:13.510,0.82486,0.82495,1.10,1.15
2014.03.04 07:21:15.619,0.82486,0.82495,1.00,1.18
2014.03.04 07:21:24.038,0.82486,0.82495,1.58,1.18
2014.03.04 07:21:24.546,0.82487,0.82497,1.10,1.28
2014.03.04 07:21:24.647,0.82488,0.82498,1.18,2.40
2014.03.04 07:21:29.139,0.82488,0.82498,2.03,1.58
2014.03.04 07:21:30.215,0.82489,0.82498,1.10,1.18
2014.03.04 07:21:34.664,0.82489,0.82499,1.48,2.03
2014.03.04 07:21:34.967,0.82491,0.82499,1.10,1.20
2014.03.04 07:21:35.803,0.82491,0.82499,1.00,1.20
2014.03.04 07:21:38.363,0.82492,0.82501,1.50,2.40
2014.03.04 07:21:38.475,0.82494,0.82501,1.00,1.15
2014.03.04 07:21:38.880,0.82495,0.82504,1.00,1.65
2014.03.04 07:21:39.420,0.82494,0.82504,1.10,2.40
2014.03.04 07:21:50.765,0.82494,0.82502,1.10,1.48
2014.03.04 07:21:50.968,0.82492,0.82502,1.00,4.20
2014.03.04 07:21:51.473,0.82491,0.825,1.10,1.28
2014.03.04 07:21:55.983,0.82489,0.82499,1.65,1.20
2014.03.04 07:21:56.084,0.82489,0.82499,3.08,1.95
2014.03.04 07:21:56.287,0.82489,0.82498,1.18,1.10
2014.03.04 07:21:56.609,0.82489,0.82499,1.18,2.78
2014.03.04 07:21:57.906,0.82489,0.82498,1.18,1.10
2014.03.04 07:21:59.590,0.8249,0.82498,1.08,1.00
2014.03.04 07:21:59.908,0.8249,0.825,1.18,1.28
2014.03.04 07:22:00.417,0.8249,0.825,1.18,1.28
2014.03.04 07:22:05.812,0.82491,0.82501,1.18,1.55
2014.03.04 07:22:06.319,0.82491,0.82501,1.10,1.53
2014.03.04 07:22:08.984,0.82491,0.82501,1.18,1.45
2014.03.04 07:22:09.445,0.82492,0.82501,1.18,1.20
2014.03.04 07:22:11.861,0.82492,0.82501,1.18,1.48
2014.03.04 07:22:12.063,0.82491,0.825,1.18,1.88
2014.03.04 07:22:12.368,0.82491,0.82499,1.00,1.65
2014.03.04 07:22:12.420,0.82489,0.82499,1.10,2.40
2014.03.04 07:22:13.107,0.82489,0.82499,1.18,1.28
2014.03.04 07:22:18.688,0.8249,0.825,1.08,1.65
2014.03.04 07:22:18.893,0.82493,0.825,1.00,1.20
2014.03.04 07:22:19.703,0.82493,0.82504,1.08,4.20
2014.03.04 07:22:20.265,0.82493,0.82504,1.18,2.03
2014.03.04 07:22:25.466,0.82492,0.82502,1.15,1.95
2014.03.04 07:22:25.771,0.82489,0.82498,1.18,1.10
2014.03.04 07:22:26.279,0.82489,0.82499,1.10,1.28
2014.03.04 07:22:26.792,0.82489,0.82495,1.00,1.00
2014.03.04 07:22:27.299,0.82489,0.82497,1.00,1.18
2014.03.04 07:22:27.451,0.82489,0.82498,1.18,1.10
2014.03.04 07:22:31.476,0.8249,0.82501,1.18,1.65
2014.03.04 07:22:34.164,0.82489,0.825,4.20,1.08
2014.03.04 07:22:34.215,0.82491,0.82501,1.15,1.10
2014.03.04 07:22:34.316,0.82493,0.82501,1.15,1.00
2014.03.04 07:22:34.418,0.82493,0.82504,1.15,1.18
2014.03.04 07:22:34.975,0.82493,0.82504,1.18,1.15
2014.03.04 07:22:36.248,0.82493,0.82501,1.18,1.00
2014.03.04 07:22:36.400,0.82492,0.82501,1.10,1.18
2014.03.04 07:22:36.722,0.8249,0.825,1.10,1.65
2014.03.04 07:22:37.026,0.82491,0.82501,1.18,1.18
2014.03.04 07:22:37.950,0.82491,0.82501,1.15,1.95
2014.03.04 07:22:38.254,0.82489,0.825,1.15,1.18
2014.03.04 07:22:39.472,0.8249,0.82501,1.10,3.83
2014.03.04 07:22:41.958,0.8249,0.82501,1.18,1.65
2014.03.04 07:22:42.494,0.82489,0.825,1.18,1.28
2014.03.04 07:22:46.393,0.82489,0.82499,1.00,3.83
2014.03.04 07:22:46.906,0.82488,0.82497,1.10,1.18
2014.03.04 07:22:47.434,0.82489,0.82498,1.10,1.65
2014.03.04 07:22:54.572,0.82491,0.82498,1.00,1.10
2014.03.04 07:22:54.881,0.82491,0.82498,1.15,1.00
2014.03.04 07:22:55.245,0.82491,0.82497,1.10,1.00
2014.03.04 07:22:55.613,0.82488,0.82497,1.10,1.18
2014.03.04 07:22:55.719,0.8249,0.82499,1.00,4.58
2014.03.04 07:22:56.377,0.82489,0.82497,1.00,1.28
2014.03.04 07:22:58.673,0.82486,0.82495,1.08,1.10
2014.03.04 07:22:58.724,0.82486,0.82495,1.10,1.18
2014.03.04 07:22:58.876,0.82488,0.82496,1.00,1.15
2014.03.04 07:23:02.731,0.82486,0.82495,1.10,1.18
2014.03.04 07:23:02.985,0.82484,0.82493,1.10,1.18
2014.03.04 07:23:06.210,0.82484,0.82493,1.18,1.10
2014.03.04 07:23:06.717,0.82484,0.82493,1.10,1.18
2014.03.04 07:23:10.085,0.82486,0.82495,1.00,3.83
2014.03.04 07:23:10.440,0.82487,0.82496,1.10,1.65
2014.03.04 07:23:11.663,0.82487,0.82496,1.00,1.65
2014.03.04 07:23:12.230,0.82485,0.82494,1.18,1.10
2014.03.04 07:23:13.878,0.82487,0.82496,1.00,1.65
2014.03.04 07:23:19.133,0.82485,0.82494,1.18,1.10
2014.03.04 07:23:21.243,0.82484,0.82493,1.15,1.00
2014.03.04 07:23:31.895,0.82486,0.82495,1.10,1.18
2014.03.04 07:23:32.453,0.82488,0.82496,1.00,1.15
2014.03.04 07:23:32.962,0.82488,0.82496,1.00,1.18
2014.03.04 07:23:35.405,0.82489,0.82498,1.10,1.15
2014.03.04 07:23:35.711,0.8249,0.82498,2.33,1.00
2014.03.04 07:23:36.066,0.82491,0.825,1.18,1.10
2014.03.04 07:23:36.168,0.82493,0.82502,1.08,2.03
2014.03.04 07:23:37.128,0.82491,0.825,2.33,1.00
2014.03.04 07:23:37.662,0.82491,0.82502,3.08,2.33
2014.03.04 07:23:38.185,0.82491,0.82501,1.18,1.55
2014.03.04 07:23:38.547,0.82489,0.825,1.28,1.18
2014.03.04 07:23:38.852,0.8249,0.82501,1.28,2.03
2014.03.04 07:23:40.084,0.82493,0.82502,1.00,2.03
2014.03.04 07:23:40.836,0.82493,0.82502,1.10,1.15
2014.03.04 07:23:42.305,0.82493,0.82504,1.08,1.65
2014.03.04 07:23:42.824,0.82493,0.82504,1.18,2.40
2014.03.04 07:23:44.596,0.82493,0.82501,1.18,1.00
2014.03.04 07:23:44.900,0.8249,0.82499,2.33,1.00
2014.03.04 07:23:44.951,0.82488,0.82499,6.08,1.10
2014.03.04 07:23:46.041,0.82489,0.82499,2.33,1.00
2014.03.04 07:23:46.699,0.82491,0.82501,1.18,1.28
2014.03.04 07:23:47.205,0.82493,0.82502,1.10,1.65
2014.03.04 07:23:53.354,0.82493,0.82504,1.08,1.65
2014.03.04 07:23:53.868,0.82493,0.82504,2.03,1.18
2014.03.04 07:23:55.848,0.82496,0.82506,1.00,3.83
2014.03.04 07:23:56.152,0.82498,0.82506,1.00,1.15
2014.03.04 07:23:56.658,0.82498,0.82508,1.08,1.53
2014.03.04 07:23:57.164,0.82498,0.82508,1.18,1.18
2014.03.04 07:23:57.468,0.82501,0.82508,1.00,1.18
2014.03.04 07:23:57.570,0.82499,0.82509,1.28,1.10
2014.03.04 07:23:57.823,0.82503,0.82513,1.00,4.20
2014.03.04 07:23:58.353,0.82503,0.82513,1.10,2.40
2014.03.04 07:23:58.667,0.82501,0.82512,1.58,4.20
2014.03.04 07:23:58.972,0.82503,0.82512,1.00,2.70
2014.03.04 07:23:59.225,0.825,0.82509,1.18,1.10
2014.03.04 07:24:01.081,0.82498,0.82509,1.15,1.18
2014.03.04 07:24:01.587,0.82498,0.82509,1.65,1.15
2014.03.04 07:24:02.938,0.82498,0.82508,1.50,2.33
2014.03.04 07:24:03.310,0.82498,0.82508,1.18,1.18
2014.03.04 07:24:03.927,0.82498,0.82508,1.55,1.18
2014.03.04 07:24:04.435,0.82501,0.82511,1.00,2.70
2014.03.04 07:24:04.588,0.82501,0.82512,1.18,1.15
2014.03.04 07:24:07.586,0.82502,0.82513,1.10,3.83
2014.03.04 07:24:08.098,0.82499,0.82509,2.40,1.10
2014.03.04 07:24:08.621,0.82501,0.82512,1.28,1.15
2014.03.04 07:24:09.126,0.82503,0.82513,1.00,2.70
2014.03.04 07:24:10.508,0.82503,0.82514,1.10,5.33
2014.03.04 07:24:13.510,0.82502,0.82513,1.20,3.08
2014.03.04 07:24:14.133,0.82502,0.82513,1.08,1.15
2014.03.04 07:24:14.682,0.82504,0.82513,1.00,1.15
2014.03.04 07:24:17.713,0.82504,0.82512,1.00,2.33
2014.03.04 07:24:17.865,0.82502,0.82511,1.00,2.70
2014.03.04 07:24:18.067,0.825,0.82508,1.10,1.10
2014.03.04 07:24:21.259,0.825,0.82511,2.33,1.15
2014.03.04 07:24:21.947,0.82502,0.82512,1.00,2.70
2014.03.04 07:24:22.692,0.82502,0.82511,1.00,2.33
2014.03.04 07:24:23.227,0.82502,0.82512,1.00,2.70
2014.03.04 07:24:23.798,0.82502,0.82512,1.20,1.28
2014.03.04 07:24:25.945,0.825,0.82511,1.15,2.03
2014.03.04 07:24:31.572,0.825,0.8251,1.10,2.40
2014.03.04 07:24:32.111,0.82499,0.82509,1.15,1.58
2014.03.04 07:24:33.327,0.82499,0.82509,2.70,1.00
2014.03.04 07:24:33.833,0.825,0.82511,2.40,1.18
2014.03.04 07:24:34.365,0.82501,0.82512,1.15,1.28
2014.03.04 07:24:36.486,0.82503,0.82514,1.18,2.03
2014.03.04 07:24:38.341,0.82504,0.82515,2.40,1.28
2014.03.04 07:24:38.848,0.82506,0.82517,1.08,3.53
2014.03.04 07:24:39.354,0.82506,0.82517,1.15,3.53
2014.03.04 07:24:43.369,0.82505,0.82515,1.15,1.10
2014.03.04 07:24:44.568,0.82505,0.82515,1.18,1.18
2014.03.04 07:24:45.074,0.82506,0.82517,1.18,1.65
2014.03.04 07:24:52.509,0.82506,0.82515,1.08,1.18
2014.03.04 07:24:53.013,0.82506,0.82515,1.00,1.15
2014.03.04 07:24:53.772,0.82506,0.82515,1.58,1.18
2014.03.04 07:24:54.309,0.82507,0.82515,1.00,1.15
2014.03.04 07:24:54.663,0.82504,0.82514,1.18,1.18
2014.03.04 07:24:56.904,0.82504,0.82513,1.13,2.33
2014.03.04 07:24:59.315,0.82504,0.82515,1.20,3.90
2014.03.04 07:25:04.089,0.82505,0.82515,1.20,2.33
2014.03.04 07:25:04.140,0.82505,0.82516,1.28,3.53
2014.03.04 07:25:04.646,0.82505,0.82515,1.20,1.28
2014.03.04 07:25:07.615,0.82503,0.82513,1.28,3.45
2014.03.04 07:25:07.767,0.82502,0.82513,1.48,6.83
2014.03.04 07:25:08.425,0.82502,0.82513,1.43,6.45
2014.03.04 07:25:08.476,0.82504,0.82513,1.00,4.95
2014.03.04 07:25:08.996,0.82502,0.82513,1.88,4.28
2014.03.04 07:25:09.557,0.82503,0.82513,1.55,1.55
2014.03.04 07:25:10.566,0.82503,0.82514,1.55,5.40
2014.03.04 07:25:13.062,0.82503,0.82514,2.40,3.83
2014.03.04 07:25:14.011,0.82503,0.82513,1.58,1.15
2014.03.04 07:25:14.163,0.82503,0.82512,1.50,2.33
2014.03.04 07:25:14.669,0.82501,0.82511,2.25,2.33
2014.03.04 07:25:15.202,0.82502,0.82512,1.68,3.83
2014.03.04 07:25:16.569,0.82502,0.82512,1.43,1.65
2014.03.04 07:25:17.108,0.82501,0.82512,3.08,3.83
2014.03.04 07:25:18.236,0.82501,0.82512,3.15,1.15
2014.03.04 07:25:18.913,0.82502,0.82512,2.25,1.18
2014.03.04 07:25:19.268,0.82502,0.82511,1.58,2.33
2014.03.04 07:25:19.772,0.82502,0.8251,1.50,2.33
2014.03.04 07:25:21.102,0.82501,0.82508,2.25,2.33
2014.03.04 07:25:21.636,0.82502,0.82508,1.38,2.25
2014.03.04 07:25:21.788,0.82502,0.8251,1.38,2.33
2014.03.04 07:25:22.613,0.82502,0.8251,1.60,3.45
2014.03.04 07:25:22.765,0.82501,0.82506,1.50,1.18
2014.03.04 07:25:23.068,0.82497,0.82504,1.00,2.33
2014.03.04 07:25:23.423,0.82498,0.82506,2.25,2.33
2014.03.04 07:25:24.190,0.82498,0.82507,1.50,2.33
2014.03.04 07:25:24.700,0.825,0.82507,1.00,2.33
2014.03.04 07:25:28.216,0.825,0.82508,1.00,4.50
2014.03.04 07:25:28.684,0.82498,0.82508,1.88,2.33
2014.03.04 07:25:31.282,0.82498,0.82507,1.13,2.33
2014.03.04 07:25:31.915,0.82498,0.82506,1.00,2.33
2014.03.04 07:25:32.683,0.82496,0.82504,1.88,2.33
2014.03.04 07:25:33.188,0.82495,0.82504,1.13,3.08
2014.03.04 07:25:33.543,0.82497,0.82504,1.00,3.08
2014.03.04 07:25:34.049,0.82497,0.82506,1.00,3.08
2014.03.04 07:25:34.404,0.82497,0.82507,2.33,1.15
2014.03.04 07:25:35.555,0.82497,0.82507,1.95,1.65
2014.03.04 07:25:37.600,0.82498,0.82508,1.00,2.70
2014.03.04 07:25:38.110,0.82499,0.82508,2.25,2.33
2014.03.04 07:25:40.328,0.82499,0.82508,1.88,2.33
2014.03.04 07:25:40.380,0.82502,0.82508,1.00,2.25
2014.03.04 07:25:40.431,0.82502,0.82509,1.00,1.15
2014.03.04 07:25:40.947,0.82502,0.82509,1.00,1.18
2014.03.04 07:25:41.604,0.82502,0.82509,1.00,1.15
2014.03.04 07:25:47.935,0.82502,0.82509,1.38,1.15
2014.03.04 07:25:48.150,0.825,0.82509,1.50,1.65
2014.03.04 07:25:49.470,0.82499,0.82508,1.95,1.18
2014.03.04 07:25:49.977,0.82499,0.82508,1.48,1.18
2014.03.04 07:25:51.519,0.82499,0.82508,1.55,1.10
2014.03.04 07:25:52.025,0.82499,0.82508,2.70,1.18
2014.03.04 07:25:52.533,0.825,0.82509,1.00,1.15
2014.03.04 07:25:52.685,0.825,0.82509,1.88,1.15
2014.03.04 07:25:53.191,0.825,0.82509,1.95,1.18
2014.03.04 07:25:53.666,0.825,0.82509,1.95,1.15
2014.03.04 07:25:54.424,0.82502,0.82509,1.38,1.18
2014.03.04 07:25:54.880,0.82503,0.8251,1.88,1.10
2014.03.04 07:26:05.670,0.82502,0.82509,4.05,1.00
2014.03.04 07:26:06.329,0.82502,0.82509,1.95,1.00
2014.03.04 07:26:20.143,0.82502,0.82509,2.40,1.00
2014.03.04 07:26:22.413,0.82501,0.82509,4.58,1.00
2014.03.04 07:26:27.008,0.82502,0.82509,1.48,1.00
2014.03.04 07:26:29.003,0.82502,0.82509,1.10,1.00
2014.03.04 07:26:29.054,0.82502,0.82509,3.00,1.00
2014.03.04 07:26:29.820,0.82504,0.82515,1.15,1.18
2014.03.04 07:26:30.529,0.82505,0.82514,1.28,1.20
2014.03.04 07:26:31.592,0.82504,0.82514,1.65,1.18
2014.03.04 07:26:31.948,0.82503,0.82511,1.48,1.10
2014.03.04 07:26:35.891,0.82503,0.82511,2.55,1.20
2014.03.04 07:26:39.165,0.82503,0.82511,1.48,1.58
2014.03.04 07:26:42.049,0.82503,0.82511,1.48,1.58
2014.03.04 07:26:42.151,0.82503,0.82511,1.95,1.10
2014.03.04 07:26:42.254,0.82503,0.82511,1.50,1.65
2014.03.04 07:26:42.608,0.82501,0.82508,2.33,1.00
2014.03.04 07:26:43.115,0.82502,0.82509,1.00,1.18
2014.03.04 07:26:43.621,0.82501,0.82508,1.13,1.10
2014.03.04 07:26:44.127,0.82502,0.82509,1.00,1.10
2014.03.04 07:26:49.567,0.82502,0.8251,1.38,1.65
2014.03.04 07:26:50.074,0.82502,0.8251,1.48,1.58
2014.03.04 07:26:51.426,0.82502,0.8251,1.38,1.65
2014.03.04 07:26:52.974,0.82502,0.8251,1.48,1.58
2014.03.04 07:27:02.195,0.82502,0.8251,1.10,1.58
2014.03.04 07:27:06.924,0.825,0.82508,2.40,1.00
2014.03.04 07:27:08.742,0.825,0.82508,2.40,1.00
2014.03.04 07:27:13.433,0.825,0.82508,1.20,1.65
2014.03.04 07:27:13.737,0.82497,0.82503,1.45,1.00
2014.03.04 07:27:14.245,0.82497,0.82503,1.38,1.00
2014.03.04 07:27:24.230,0.82497,0.82503,1.35,1.20
2014.03.04 07:27:35.051,0.82496,0.82504,1.20,1.48
2014.03.04 07:27:35.356,0.82498,0.82504,1.10,1.38
2014.03.04 07:27:35.458,0.82498,0.82504,1.10,1.38
2014.03.04 07:27:35.611,0.82498,0.82504,1.48,1.00
2014.03.04 07:27:36.117,0.825,0.82505,1.13,1.13
2014.03.04 07:27:38.223,0.825,0.82505,1.38,1.13
2014.03.04 07:27:39.046,0.82499,0.82505,1.98,1.00
2014.03.04 07:27:39.198,0.82502,0.82509,1.13,2.03
2014.03.04 07:27:39.351,0.82501,0.82509,1.13,2.03
2014.03.04 07:27:43.644,0.825,0.82508,1.50,4.28
2014.03.04 07:27:44.150,0.82498,0.82505,1.38,3.45
2014.03.04 07:27:51.273,0.82498,0.82505,1.00,2.03
2014.03.04 07:27:51.779,0.82497,0.82504,1.00,1.55
2014.03.04 07:27:53.962,0.82497,0.82504,1.38,1.48
2014.03.04 07:27:54.519,0.82498,0.82505,1.13,2.70
2014.03.04 07:27:55.059,0.82498,0.82505,1.38,2.03
2014.03.04 07:27:55.660,0.825,0.82506,1.00,2.25
2014.03.04 07:27:58.723,0.82501,0.82506,1.00,1.50
2014.03.04 07:27:58.824,0.82501,0.82506,1.00,1.38
2014.03.04 07:28:02.796,0.825,0.82508,2.33,1.48
2014.03.04 07:28:03.757,0.825,0.82508,2.25,1.55
2014.03.04 07:28:06.693,0.825,0.82507,1.00,1.95
2014.03.04 07:28:06.811,0.82498,0.82505,1.13,2.03
2014.03.04 07:28:06.863,0.82498,0.82505,1.13,2.03
2014.03.04 07:28:07.370,0.82497,0.82505,1.88,1.55
2014.03.04 07:28:07.877,0.82496,0.82504,1.95,1.48
2014.03.04 07:28:08.431,0.82497,0.82504,1.13,1.48
2014.03.04 07:28:10.698,0.82498,0.82504,1.00,1.48
2014.03.04 07:28:15.546,0.82498,0.82505,1.00,3.83
2014.03.04 07:28:15.700,0.82496,0.82503,1.50,1.48
2014.03.04 07:28:16.209,0.82495,0.82503,1.13,2.03
2014.03.04 07:28:19.609,0.82495,0.82503,1.13,2.03
2014.03.04 07:28:20.065,0.82493,0.825,1.00,3.53
2014.03.04 07:28:20.586,0.82492,0.825,1.95,3.45
2014.03.04 07:28:24.984,0.82492,0.825,1.95,3.45
2014.03.04 07:28:26.365,0.82492,0.825,1.10,3.45
2014.03.04 07:28:26.923,0.82491,0.82499,1.58,1.80
2014.03.04 07:28:27.077,0.8249,0.82498,1.50,3.45
2014.03.04 07:28:27.383,0.82489,0.82496,1.00,2.70
2014.03.04 07:28:27.637,0.82485,0.82494,1.38,1.53
2014.03.04 07:28:27.688,0.82485,0.82494,1.00,2.03
2014.03.04 07:28:27.739,0.82485,0.82492,1.00,2.25
2014.03.04 07:28:27.942,0.8248,0.8249,1.45,1.28
2014.03.04 07:28:28.297,0.82478,0.82489,2.70,4.20
2014.03.04 07:28:29.650,0.82479,0.82489,1.38,4.13
2014.03.04 07:28:30.505,0.8248,0.82489,1.38,4.20
2014.03.04 07:28:32.992,0.82479,0.82488,1.88,4.20
2014.03.04 07:28:33.044,0.82479,0.82488,1.88,4.20
2014.03.04 07:28:33.397,0.82477,0.82486,1.95,2.63
2014.03.04 07:28:33.499,0.82477,0.82486,1.95,2.63
2014.03.04 07:28:34.006,0.82478,0.82486,1.00,4.95
2014.03.04 07:28:34.521,0.82477,0.82486,1.88,4.13
2014.03.04 07:28:35.332,0.82476,0.82486,1.95,5.70
2014.03.04 07:28:35.838,0.82476,0.82485,1.88,2.70
2014.03.04 07:28:36.345,0.82476,0.82484,1.88,2.70
2014.03.04 07:28:36.853,0.82475,0.82484,1.38,1.53
2014.03.04 07:28:38.722,0.82474,0.82484,1.95,1.53
2014.03.04 07:28:38.824,0.82476,0.82484,1.00,1.53
2014.03.04 07:28:40.461,0.82477,0.82484,1.00,1.53
2014.03.04 07:28:44.081,0.82477,0.82483,1.00,1.28
2014.03.04 07:28:44.629,0.82477,0.82483,1.00,1.28
2014.03.04 07:28:45.236,0.82477,0.82483,1.00,1.28
2014.03.04 07:28:45.747,0.82478,0.82483,1.00,1.28
2014.03.04 07:28:46.148,0.82475,0.82483,1.13,1.15
2014.03.04 07:28:46.250,0.82475,0.82484,1.20,1.18
2014.03.04 07:28:46.351,0.82478,0.82484,1.13,1.55
2014.03.04 07:28:46.707,0.82476,0.82483,1.00,3.45
2014.03.04 07:28:47.051,0.82473,0.82481,1.38,2.70
2014.03.04 07:28:47.557,0.82472,0.82478,1.50,2.55
2014.03.04 07:28:47.911,0.82471,0.82478,1.00,2.70
2014.03.04 07:28:48.114,0.82469,0.82478,1.00,2.70
2014.03.04 07:28:48.317,0.82465,0.82475,1.00,3.45
2014.03.04 07:28:48.570,0.82464,0.82473,1.38,2.03
2014.03.04 07:28:48.874,0.82459,0.82469,2.03,1.28
2014.03.04 07:28:48.975,0.8246,0.82469,1.88,3.45
2014.03.04 07:28:49.178,0.82458,0.82466,1.20,1.20
2014.03.04 07:28:49.331,0.82458,0.82466,1.50,3.08
2014.03.04 07:28:49.432,0.82461,0.82467,1.00,1.00
2014.03.04 07:28:49.685,0.82459,0.82467,1.18,4.35
2014.03.04 07:28:49.787,0.82456,0.82466,1.20,1.88
2014.03.04 07:28:50.293,0.82456,0.82462,1.00,1.53
2014.03.04 07:28:50.445,0.82456,0.82462,1.00,1.00
2014.03.04 07:28:50.608,0.82455,0.82464,1.10,1.88
2014.03.04 07:28:50.761,0.82453,0.82462,1.48,2.03
2014.03.04 07:28:51.270,0.82452,0.82461,1.38,2.70
2014.03.04 07:28:51.422,0.82455,0.82462,1.00,2.03
2014.03.04 07:28:51.624,0.82453,0.82462,1.13,2.03
2014.03.04 07:28:53.067,0.82453,0.82462,1.00,3.83
2014.03.04 07:28:53.573,0.82452,0.82462,1.00,3.83
2014.03.04 07:28:53.826,0.82451,0.82462,1.10,7.43
2014.03.04 07:28:54.130,0.8245,0.82459,1.00,3.45
2014.03.04 07:28:54.391,0.8245,0.8246,1.00,4.20
2014.03.04 07:28:54.935,0.82451,0.8246,1.00,3.45
2014.03.04 07:28:55.139,0.82451,0.82461,1.10,2.78
2014.03.04 07:28:55.713,0.82451,0.82461,1.00,4.20
2014.03.04 07:28:56.259,0.8245,0.82461,1.28,2.03
2014.03.04 07:28:58.006,0.82451,0.82461,1.48,1.53
2014.03.04 07:28:58.983,0.8245,0.82462,2.03,4.05
2014.03.04 07:29:03.865,0.8245,0.82462,2.78,4.20
2014.03.04 07:29:04.407,0.8245,0.82459,2.03,1.05
2014.03.04 07:29:05.657,0.82453,0.82462,1.13,1.53
2014.03.04 07:29:06.125,0.82453,0.82462,1.38,1.53
2014.03.04 07:29:06.909,0.82451,0.82461,1.55,1.55
2014.03.04 07:29:07.365,0.82452,0.82462,1.95,1.53
2014.03.04 07:29:09.056,0.82452,0.82462,2.03,1.48
2014.03.04 07:29:21.880,0.82454,0.82464,1.13,6.75
2014.03.04 07:29:27.335,0.82454,0.82464,1.38,4.20
2014.03.04 07:29:33.807,0.82454,0.82463,1.53,1.38
2014.03.04 07:29:35.557,0.82454,0.82464,1.53,1.48
2014.03.04 07:29:36.164,0.82454,0.82464,3.45,1.38
2014.03.04 07:29:36.888,0.82454,0.82463,1.55,1.20
2014.03.04 07:29:37.713,0.82454,0.82464,1.53,1.95
2014.03.04 07:29:38.254,0.82454,0.82464,1.53,1.20
2014.03.04 07:29:38.762,0.82457,0.82465,1.13,1.15
2014.03.04 07:29:39.371,0.82457,0.82465,1.38,1.18
2014.03.04 07:29:41.685,0.82457,0.82465,1.48,1.20
2014.03.04 07:29:42.090,0.82459,0.82466,1.38,1.15
2014.03.04 07:29:42.192,0.82459,0.82467,1.38,1.18
2014.03.04 07:29:42.496,0.8246,0.82468,1.20,1.58
2014.03.04 07:29:43.707,0.82461,0.82468,1.00,1.10
2014.03.04 07:29:44.236,0.82462,0.82468,1.00,1.10
2014.03.04 07:29:45.413,0.82462,0.82469,1.00,3.08
2014.03.04 07:29:46.720,0.82461,0.82469,1.00,2.33
2014.03.04 07:29:47.227,0.8246,0.82469,1.13,1.28
2014.03.04 07:29:48.949,0.8246,0.82468,1.38,1.18
2014.03.04 07:29:50.385,0.82461,0.8247,1.88,2.33
2014.03.04 07:29:50.436,0.82462,0.82472,1.38,3.08
2014.03.04 07:29:50.942,0.82462,0.82472,1.95,1.15
2014.03.04 07:29:55.533,0.82462,0.82472,1.58,1.28
2014.03.04 07:29:56.157,0.82462,0.82472,1.18,2.03
2014.03.04 07:29:56.860,0.82462,0.82472,1.10,2.03
2014.03.04 07:29:58.195,0.82462,0.82472,1.08,2.03
2014.03.04 07:30:01.699,0.82462,0.82471,1.15,1.50
2014.03.04 07:30:02.207,0.82462,0.8247,1.15,1.00
2014.03.04 07:30:02.919,0.82462,0.8247,1.18,1.00
2014.03.04 07:30:03.461,0.82462,0.8247,1.15,1.00
2014.03.04 07:30:04.320,0.82462,0.82469,1.15,1.00
2014.03.04 07:30:04.881,0.82462,0.8247,1.15,1.00
2014.03.04 07:30:05.432,0.82462,0.82471,1.53,1.00
2014.03.04 07:30:05.736,0.82465,0.82471,1.20,1.00
2014.03.04 07:30:05.888,0.82465,0.82473,1.53,1.00
2014.03.04 07:30:06.090,0.82465,0.82475,2.03,1.20
2014.03.04 07:30:06.924,0.82466,0.82475,1.20,1.95
2014.03.04 07:30:10.447,0.82464,0.82475,3.83,1.95
2014.03.04 07:30:10.903,0.82469,0.82476,1.00,1.18
2014.03.04 07:30:11.442,0.82465,0.82476,2.03,1.18
2014.03.04 07:30:11.948,0.82465,0.82476,2.03,1.65
2014.03.04 07:30:12.779,0.82466,0.82476,1.18,1.65
2014.03.04 07:30:13.235,0.82463,0.82473,2.78,1.95
2014.03.04 07:30:13.747,0.82463,0.82473,1.28,2.03
2014.03.04 07:30:14.298,0.82463,0.82473,1.28,2.03
2014.03.04 07:30:15.806,0.82463,0.82474,1.65,2.03
2014.03.04 07:30:17.123,0.82463,0.82474,2.03,2.03
2014.03.04 07:30:21.463,0.82464,0.82474,3.00,1.20
2014.03.04 07:30:23.584,0.82465,0.82471,1.18,1.00
2014.03.04 07:30:23.989,0.82463,0.82472,1.28,1.10
2014.03.04 07:30:24.142,0.82463,0.82469,1.65,1.00
2014.03.04 07:30:27.078,0.82462,0.82469,1.18,1.50
2014.03.04 07:30:27.231,0.8246,0.82468,1.95,1.20
2014.03.04 07:30:27.736,0.82459,0.82468,2.78,1.00
2014.03.04 07:30:28.737,0.8246,0.82468,1.00,1.18
2014.03.04 07:30:29.041,0.82457,0.82466,1.18,1.10
2014.03.04 07:30:29.143,0.82457,0.82464,1.10,1.00
2014.03.04 07:30:29.744,0.82455,0.82464,2.03,1.10
2014.03.04 07:30:33.814,0.82455,0.82463,1.18,1.00
2014.03.04 07:30:34.459,0.82455,0.82464,1.18,1.58
2014.03.04 07:30:36.875,0.82455,0.82464,3.45,1.50
2014.03.04 07:30:37.407,0.82455,0.82464,1.28,1.50
2014.03.04 07:30:38.558,0.82458,0.82464,1.00,1.13
2014.03.04 07:30:40.014,0.82458,0.82463,1.00,1.00
2014.03.04 07:30:46.067,0.82458,0.82464,1.00,1.13
2014.03.04 07:30:47.855,0.82458,0.82464,1.00,1.20
2014.03.04 07:30:48.363,0.82458,0.82464,1.00,1.28
2014.03.04 07:30:51.376,0.82454,0.82464,1.20,1.65
2014.03.04 07:30:51.477,0.82455,0.82464,1.00,5.33
2014.03.04 07:30:51.983,0.82454,0.82463,1.88,1.53
2014.03.04 07:30:52.236,0.82453,0.8246,1.00,1.55
2014.03.04 07:30:52.287,0.82451,0.8246,2.85,3.45
2014.03.04 07:30:52.642,0.82449,0.82456,1.00,1.10
2014.03.04 07:30:52.743,0.82447,0.82456,2.70,1.18
2014.03.04 07:30:53.250,0.82446,0.82456,2.70,1.15
2014.03.04 07:30:54.170,0.82447,0.82457,3.08,3.08
2014.03.04 07:30:54.271,0.82449,0.82458,1.95,1.08
2014.03.04 07:30:54.372,0.8245,0.82458,1.28,1.00
2014.03.04 07:30:54.525,0.8245,0.82458,1.10,1.20
2014.03.04 07:30:54.576,0.8245,0.82458,1.00,1.20
2014.03.04 07:30:56.589,0.82447,0.82456,1.18,1.10
2014.03.04 07:30:57.117,0.82449,0.82456,1.00,1.10
2014.03.04 07:30:57.946,0.82449,0.82457,1.00,1.15
2014.03.04 07:30:58.462,0.82447,0.82457,1.18,1.18
2014.03.04 07:30:58.816,0.82447,0.82457,1.00,3.83
2014.03.04 07:30:59.838,0.82447,0.82454,1.00,1.48
2014.03.04 07:30:59.939,0.82445,0.82454,1.10,1.55
2014.03.04 07:31:00.446,0.82444,0.82451,1.10,1.10
2014.03.04 07:31:00.649,0.82442,0.82451,1.95,1.53
2014.03.04 07:31:01.190,0.82442,0.82451,1.50,1.53
2014.03.04 07:31:02.354,0.82442,0.82451,1.58,1.55
2014.03.04 07:31:04.315,0.82442,0.82451,1.50,1.53
2014.03.04 07:31:04.820,0.82442,0.82451,1.50,3.45
2014.03.04 07:31:06.706,0.82442,0.8245,1.00,3.45
2014.03.04 07:31:07.212,0.82442,0.8245,1.00,1.28
2014.03.04 07:31:08.699,0.8244,0.82448,1.10,1.10
2014.03.04 07:31:09.299,0.8244,0.82448,1.00,1.18
2014.03.04 07:31:09.995,0.8244,0.82448,1.00,1.15
2014.03.04 07:31:10.655,0.8244,0.82448,1.00,1.18
2014.03.04 07:31:11.166,0.8244,0.82448,1.00,1.15
2014.03.04 07:31:12.549,0.82439,0.82448,1.13,1.15
2014.03.04 07:31:13.765,0.82439,0.82448,1.20,1.18
2014.03.04 07:31:14.650,0.82439,0.82448,1.88,1.15
2014.03.04 07:31:20.098,0.82439,0.82447,1.00,1.55
2014.03.04 07:31:20.604,0.82437,0.82446,2.03,1.48
2014.03.04 07:31:23.551,0.82437,0.82444,1.00,1.28
2014.03.04 07:31:23.652,0.82435,0.82442,1.58,1.13
2014.03.04 07:31:29.045,0.82434,0.82442,1.00,1.00
2014.03.04 07:31:30.585,0.82433,0.82442,1.00,1.00
2014.03.04 07:31:32.894,0.82434,0.82442,1.00,1.00
2014.03.04 07:31:38.910,0.82433,0.82442,1.35,1.00
2014.03.04 07:31:50.236,0.82433,0.82441,1.13,1.00
2014.03.04 07:31:57.134,0.82432,0.82441,1.13,1.00
2014.03.04 07:32:03.734,0.82433,0.82441,1.00,1.00
2014.03.04 07:32:05.892,0.82433,0.82441,1.13,1.38
2014.03.04 07:32:07.719,0.82433,0.82441,1.13,1.38
2014.03.04 07:32:08.031,0.82435,0.82441,1.00,1.38
2014.03.04 07:32:10.923,0.82434,0.82441,1.00,1.38
2014.03.04 07:32:11.848,0.82434,0.82441,1.00,1.38
2014.03.04 07:32:15.244,0.82434,0.82441,1.00,1.38
2014.03.04 07:32:15.751,0.82434,0.82442,1.38,1.38
2014.03.04 07:32:16.055,0.82435,0.82443,1.38,1.50
2014.03.04 07:32:16.568,0.82438,0.82444,1.13,2.25
2014.03.04 07:32:17.225,0.82437,0.82444,1.00,2.25
2014.03.04 07:32:18.084,0.82436,0.82444,1.13,2.25
2014.03.04 07:32:22.254,0.82436,0.82444,1.13,1.50
2014.03.04 07:32:23.370,0.82436,0.82445,1.88,1.75
2014.03.04 07:32:23.420,0.82436,0.82445,1.88,1.00
2014.03.04 07:32:23.926,0.82439,0.82445,1.00,1.00
2014.03.04 07:32:24.129,0.82436,0.82445,3.23,1.13
2014.03.04 07:32:30.361,0.82436,0.82444,1.13,1.13
2014.03.04 07:32:32.055,0.82437,0.82444,1.50,1.13
2014.03.04 07:32:32.106,0.82437,0.82444,3.98,1.00
2014.03.04 07:32:32.410,0.82437,0.82442,2.63,1.00
2014.03.04 07:32:32.927,0.82437,0.82442,1.50,1.00
2014.03.04 07:32:33.477,0.82436,0.82442,1.20,1.00
2014.03.04 07:32:35.541,0.82437,0.82442,1.00,1.00
2014.03.04 07:32:38.545,0.82436,0.82442,1.13,1.00
2014.03.04 07:32:40.604,0.82439,0.82443,1.00,1.00
2014.03.04 07:32:40.966,0.82436,0.82442,1.95,1.00
2014.03.04 07:32:41.117,0.82436,0.82444,1.95,1.20
2014.03.04 07:32:41.623,0.82437,0.82444,1.35,1.20
2014.03.04 07:32:42.186,0.82437,0.82444,1.00,1.28
2014.03.04 07:32:42.708,0.82437,0.82444,1.00,1.20
2014.03.04 07:32:42.860,0.8244,0.82444,1.00,1.10
2014.03.04 07:32:43.163,0.82437,0.82445,2.33,1.95
2014.03.04 07:32:43.669,0.82437,0.82444,1.00,1.28
2014.03.04 07:32:44.217,0.82436,0.82444,1.00,1.28
2014.03.04 07:32:44.737,0.82435,0.82442,1.00,1.10
2014.03.04 07:32:46.862,0.82435,0.82442,1.48,1.00
2014.03.04 07:32:47.368,0.82439,0.82445,1.58,1.13
2014.03.04 07:32:47.900,0.82439,0.82445,2.03,1.13
2014.03.04 07:32:50.592,0.8244,0.82448,1.48,1.95
2014.03.04 07:32:50.795,0.82439,0.82449,1.53,1.20
2014.03.04 07:32:50.896,0.8244,0.82445,1.20,1.13
2014.03.04 07:32:52.574,0.8244,0.82446,1.20,1.00
2014.03.04 07:32:52.625,0.82441,0.82448,1.00,1.10
2014.03.04 07:32:52.878,0.82441,0.82446,1.00,1.00
2014.03.04 07:32:53.403,0.8244,0.82446,1.48,1.38
2014.03.04 07:32:55.529,0.82441,0.82446,1.00,1.38
2014.03.04 07:32:55.580,0.8244,0.82446,1.10,1.38
2014.03.04 07:32:55.631,0.82445,0.8245,1.00,1.00
2014.03.04 07:32:55.884,0.82448,0.82454,1.13,1.00
2014.03.04 07:32:56.239,0.8245,0.82454,1.13,1.00
2014.03.04 07:32:56.744,0.8245,0.82457,1.13,1.65
2014.03.04 07:32:58.125,0.82446,0.82453,1.18,1.00
2014.03.04 07:32:58.479,0.82449,0.82457,1.00,3.53
2014.03.04 07:32:58.986,0.82449,0.82457,1.00,3.53
2014.03.04 07:33:00.568,0.8245,0.82457,1.00,1.28
2014.03.04 07:33:01.110,0.82449,0.82457,1.10,1.20
2014.03.04 07:33:02.258,0.82449,0.82456,1.10,1.00
2014.03.04 07:33:04.606,0.82448,0.82456,1.10,1.10
2014.03.04 07:33:05.061,0.82447,0.82456,1.18,1.48
2014.03.04 07:33:05.162,0.82447,0.82456,1.18,1.20
2014.03.04 07:33:05.773,0.82447,0.82456,1.10,1.28
2014.03.04 07:33:14.615,0.82445,0.82455,1.15,1.58
2014.03.04 07:33:15.132,0.82445,0.82455,1.18,2.40
2014.03.04 07:33:18.943,0.82445,0.82453,1.18,1.00
2014.03.04 07:33:20.688,0.82445,0.82453,1.58,1.10
2014.03.04 07:33:21.363,0.82445,0.82453,1.18,1.00
2014.03.04 07:33:23.150,0.82445,0.82453,1.65,1.00
2014.03.04 07:33:25.133,0.82446,0.82454,1.18,1.00
2014.03.04 07:33:25.184,0.82446,0.82454,3.08,1.00
2014.03.04 07:33:25.783,0.82446,0.82454,1.15,1.00
2014.03.04 07:33:27.270,0.82446,0.82454,1.00,1.28
2014.03.04 07:33:27.523,0.82444,0.82451,3.15,1.00
2014.03.04 07:33:28.082,0.82444,0.82451,2.40,1.00
2014.03.04 07:33:28.904,0.82444,0.82451,3.08,1.00
2014.03.04 07:33:30.047,0.82445,0.82453,1.15,1.00
2014.03.04 07:33:30.552,0.82444,0.82452,4.20,1.00
2014.03.04 07:33:40.655,0.82444,0.82452,2.40,1.00
2014.03.04 07:33:41.170,0.82444,0.82452,1.18,1.38
2014.03.04 07:33:46.626,0.82445,0.82453,1.20,1.95
2014.03.04 07:33:49.768,0.82445,0.82453,1.00,4.20
2014.03.04 07:33:50.791,0.82443,0.82451,1.13,2.33
2014.03.04 07:33:50.842,0.82441,0.82449,1.38,2.03
2014.03.04 07:33:50.994,0.8244,0.82448,1.00,4.20
2014.03.04 07:33:51.499,0.82439,0.82446,1.00,1.18
2014.03.04 07:33:52.191,0.82439,0.82446,1.00,1.15
2014.03.04 07:33:52.959,0.82439,0.82446,1.00,1.18
2014.03.04 07:33:54.932,0.82438,0.82446,1.88,1.18
2014.03.04 07:33:56.624,0.82438,0.82446,1.88,1.18
2014.03.04 07:33:56.777,0.8244,0.82448,1.58,1.58
2014.03.04 07:33:57.286,0.82442,0.8245,1.00,4.28
2014.03.04 07:33:57.880,0.82442,0.8245,1.00,3.53
2014.03.04 07:33:58.389,0.82443,0.8245,1.10,1.00
2014.03.04 07:33:59.685,0.82442,0.8245,1.10,1.95
2014.03.04 07:34:00.234,0.82442,0.8245,1.18,1.88
2014.03.04 07:34:02.123,0.82442,0.82448,1.18,1.00
2014.03.04 07:34:02.629,0.8244,0.82448,1.18,1.00
2014.03.04 07:34:03.136,0.8244,0.82448,1.15,1.00
2014.03.04 07:34:03.661,0.8244,0.82448,1.18,1.00
2014.03.04 07:34:04.204,0.82441,0.82449,1.65,1.50
2014.03.04 07:34:04.710,0.82442,0.8245,1.10,1.10
2014.03.04 07:34:06.572,0.82442,0.82449,1.10,1.00
2014.03.04 07:34:08.194,0.82441,0.82449,1.10,1.58
2014.03.04 07:34:08.731,0.8244,0.82448,1.18,1.00
2014.03.04 07:34:13.875,0.82441,0.82449,1.10,1.10
2014.03.04 07:34:14.383,0.82442,0.8245,1.10,2.33
2014.03.04 07:34:14.939,0.82442,0.8245,1.18,2.25
2014.03.04 07:34:20.735,0.82442,0.8245,1.10,1.58
2014.03.04 07:34:27.385,0.82442,0.8245,1.18,1.50
2014.03.04 07:34:27.907,0.82441,0.82449,2.03,1.00
2014.03.04 07:34:39.683,0.82443,0.82449,1.00,1.00
2014.03.04 07:34:40.496,0.82443,0.82448,1.00,1.00
2014.03.04 07:34:40.698,0.82441,0.82446,1.10,1.00
2014.03.04 07:34:40.749,0.82441,0.82446,1.58,1.00
2014.03.04 07:34:41.331,0.82441,0.82446,1.65,1.00
2014.03.04 07:34:41.844,0.82441,0.82446,1.58,1.00
2014.03.04 07:34:43.160,0.82439,0.82446,1.08,1.00
2014.03.04 07:34:43.464,0.82438,0.82446,2.33,1.10
2014.03.04 07:34:43.974,0.82437,0.82445,3.15,1.00
2014.03.04 07:34:44.482,0.82437,0.82445,3.90,1.00
2014.03.04 07:34:44.785,0.82439,0.82447,1.18,1.50
2014.03.04 07:34:45.038,0.8244,0.82447,2.03,1.00
2014.03.04 07:34:45.190,0.82441,0.82449,1.18,1.00
2014.03.04 07:34:49.471,0.82441,0.82449,2.78,1.00
2014.03.04 07:34:50.025,0.82441,0.82449,2.78,1.00
2014.03.04 07:34:56.199,0.82441,0.82449,2.40,1.00
2014.03.04 07:34:56.705,0.82442,0.8245,2.03,1.00
2014.03.04 07:34:57.252,0.82442,0.82449,1.48,1.00
2014.03.04 07:34:59.817,0.82442,0.82449,1.28,1.00
2014.03.04 07:35:00.172,0.82442,0.8245,2.70,1.10
2014.03.04 07:35:00.679,0.82445,0.82453,1.13,2.40
2014.03.04 07:35:05.383,0.82445,0.82453,1.00,2.03
2014.03.04 07:35:05.688,0.82443,0.8245,2.03,1.00
2014.03.04 07:35:05.992,0.82443,0.8245,1.95,1.00
2014.03.04 07:35:06.566,0.82442,0.8245,2.03,1.00
2014.03.04 07:35:07.589,0.82442,0.82449,2.03,1.00
2014.03.04 07:35:08.109,0.82442,0.8245,2.03,1.00
2014.03.04 07:35:11.283,0.82443,0.82451,1.48,1.95
2014.03.04 07:35:46.037,0.82443,0.82452,1.18,3.75
2014.03.04 07:35:46.996,0.82443,0.82452,1.10,3.83
2014.03.04 07:35:47.501,0.82444,0.82452,1.00,3.08
2014.03.04 07:35:48.819,0.82445,0.82452,1.00,3.08
2014.03.04 07:35:49.130,0.82443,0.82452,1.10,4.20
2014.03.04 07:36:00.354,0.82443,0.82448,1.10,1.50
2014.03.04 07:36:00.708,0.82441,0.82448,1.10,1.50
2014.03.04 07:36:01.567,0.82441,0.8245,1.48,1.20
2014.03.04 07:36:02.269,0.82443,0.82451,1.20,2.25
2014.03.04 07:36:03.645,0.82443,0.82451,1.20,1.10
2014.03.04 07:36:05.373,0.82443,0.8245,1.10,1.00
2014.03.04 07:36:05.879,0.82443,0.82448,1.20,1.50
2014.03.04 07:36:06.335,0.82441,0.82448,1.00,1.58
2014.03.04 07:36:06.871,0.82441,0.82448,1.18,1.50
2014.03.04 07:36:07.078,0.82441,0.8245,1.18,3.23
2014.03.04 07:36:08.056,0.82443,0.8245,1.00,2.63
2014.03.04 07:36:11.817,0.82442,0.8245,3.45,1.05
2014.03.04 07:36:12.480,0.82442,0.82449,2.33,1.00
2014.03.04 07:36:12.632,0.8244,0.82447,2.03,1.00
2014.03.04 07:36:12.936,0.8244,0.82449,3.83,1.88
2014.03.04 07:36:13.189,0.8244,0.82448,1.18,1.00
2014.03.04 07:36:13.725,0.8244,0.82448,1.10,2.93
2014.03.04 07:36:14.266,0.82439,0.82447,1.18,1.00
2014.03.04 07:36:14.795,0.82439,0.82448,1.65,3.00
2014.03.04 07:36:15.302,0.82439,0.82448,1.18,1.73
2014.03.04 07:36:15.841,0.82437,0.82446,2.78,1.00
2014.03.04 07:36:16.348,0.82437,0.82446,4.95,1.00
2014.03.04 07:36:19.986,0.82437,0.82446,2.78,1.00
2014.03.04 07:36:21.516,0.82437,0.82445,2.03,1.00
2014.03.04 07:36:21.618,0.82437,0.82443,1.18,1.00
2014.03.04 07:36:34.821,0.82435,0.82444,4.95,1.00
2014.03.04 07:36:36.787,0.82435,0.82443,3.45,1.00
2014.03.04 07:36:36.838,0.82434,0.82443,2.59,1.05
2014.03.04 07:36:37.372,0.82433,0.82442,3.53,1.00
2014.03.04 07:36:58.589,0.82435,0.82442,1.08,1.00
2014.03.04 07:36:59.494,0.82435,0.82442,1.10,1.00
2014.03.04 07:37:00.404,0.82435,0.82441,1.10,1.00
2014.03.04 07:37:01.113,0.82433,0.82441,3.45,1.00
2014.03.04 07:37:01.619,0.82434,0.82442,1.15,1.00
2014.03.04 07:37:02.125,0.82437,0.82444,1.10,1.50
2014.03.04 07:37:02.630,0.82437,0.82445,1.10,1.58
2014.03.04 07:37:06.235,0.82437,0.82445,1.65,1.10
2014.03.04 07:37:06.754,0.82437,0.82445,1.58,1.10
2014.03.04 07:37:10.021,0.82437,0.82444,1.58,1.00
2014.03.04 07:37:15.715,0.82437,0.82444,1.58,1.00
2014.03.04 07:37:21.054,0.82437,0.82444,1.65,1.00
2014.03.04 07:37:21.561,0.82435,0.82443,4.58,1.00
2014.03.04 07:37:36.524,0.82436,0.82444,1.15,1.00
2014.03.04 07:37:37.231,0.82436,0.82443,1.15,1.00
2014.03.04 07:37:38.989,0.82436,0.82444,1.15,1.35
2014.03.04 07:37:40.960,0.82436,0.82443,1.15,1.00
2014.03.04 07:37:41.532,0.82436,0.82443,1.00,1.10
2014.03.04 07:37:42.038,0.82434,0.82442,1.18,1.50
2014.03.04 07:37:42.545,0.82434,0.82443,1.18,2.25
2014.03.04 07:37:43.153,0.82434,0.82442,1.18,1.00
2014.03.04 07:37:43.457,0.82434,0.8244,1.18,1.00
2014.03.04 07:37:49.089,0.82434,0.82442,1.18,1.13
2014.03.04 07:37:52.761,0.82434,0.82442,1.18,1.50
2014.03.04 07:37:54.033,0.82434,0.82442,1.15,2.10
2014.03.04 07:37:54.795,0.82434,0.82442,1.18,1.50
2014.03.04 07:37:55.455,0.82434,0.82442,1.15,1.50
2014.03.04 07:37:56.613,0.82434,0.82442,1.20,1.20
2014.03.04 07:37:56.663,0.82434,0.82439,1.20,1.00
2014.03.04 07:37:59.428,0.82433,0.8244,1.65,1.00
2014.03.04 07:37:59.933,0.82433,0.82439,1.65,1.00
2014.03.04 07:38:00.438,0.82433,0.8244,1.65,1.00
2014.03.04 07:38:05.391,0.82433,0.82441,1.18,2.85
2014.03.04 07:38:08.521,0.82431,0.8244,3.45,1.00
2014.03.04 07:38:25.775,0.82434,0.82441,1.10,1.00
2014.03.04 07:38:52.359,0.82435,0.82443,1.00,1.58
2014.03.04 07:38:56.329,0.82435,0.8244,1.00,1.13
2014.03.04 07:38:56.651,0.82433,0.82438,1.10,1.13
2014.03.04 07:38:56.802,0.82433,0.82438,1.00,1.13
2014.03.04 07:39:07.944,0.82433,0.82438,1.00,1.88
2014.03.04 07:39:08.398,0.82431,0.82436,1.00,3.38
2014.03.04 07:39:08.904,0.82426,0.82434,1.00,1.05
2014.03.04 07:39:09.856,0.82426,0.82434,1.00,1.43
2014.03.04 07:39:11.102,0.82425,0.82433,1.88,1.00
2014.03.04 07:39:11.761,0.82424,0.82432,3.38,1.00
2014.03.04 07:39:15.226,0.82426,0.82432,2.25,1.00
2014.03.04 07:39:16.850,0.82424,0.82432,3.38,1.00
2014.03.04 07:39:18.363,0.82424,0.8243,2.25,1.00
2014.03.04 07:39:18.413,0.82422,0.8243,1.00,1.13
2014.03.04 07:39:18.464,0.82421,0.82428,3.00,1.00
2014.03.04 07:39:22.742,0.82421,0.82428,2.25,1.00
2014.03.04 07:39:22.920,0.82425,0.8243,1.00,1.68
2014.03.04 07:39:23.174,0.82421,0.82428,3.00,1.00
2014.03.04 07:39:23.886,0.82421,0.82428,2.25,1.38
2014.03.04 07:39:24.937,0.82421,0.82427,2.25,1.38
2014.03.04 07:39:27.820,0.82423,0.8243,3.68,1.50
2014.03.04 07:39:28.027,0.82422,0.8243,2.33,1.88
2014.03.04 07:39:28.280,0.82421,0.82427,2.33,1.38
2014.03.04 07:39:29.671,0.8242,0.82425,4.56,1.00
2014.03.04 07:39:30.176,0.8242,0.82425,4.41,1.00
2014.03.04 07:39:43.462,0.82419,0.82425,1.00,1.00
2014.03.04 07:39:53.039,0.82421,0.82425,1.00,1.00
2014.03.04 07:39:53.544,0.82421,0.82426,1.00,1.00
2014.03.04 07:39:54.781,0.82421,0.82427,1.00,1.00
2014.03.04 07:40:01.356,0.82421,0.82429,1.00,1.28
2014.03.04 07:40:03.719,0.82421,0.8243,1.65,1.10
2014.03.04 07:40:03.821,0.82424,0.82432,1.00,1.53
2014.03.04 07:40:03.973,0.82424,0.82433,1.65,1.95
2014.03.04 07:40:04.479,0.82426,0.82435,1.00,2.33
2014.03.04 07:40:04.934,0.82426,0.82434,1.15,1.00
2014.03.04 07:40:05.449,0.82427,0.82436,1.18,1.50
2014.03.04 07:40:05.973,0.82426,0.82434,1.28,1.00
2014.03.04 07:40:07.669,0.82426,0.82434,3.45,1.00
2014.03.04 07:40:08.185,0.82426,0.82434,1.28,1.00
2014.03.04 07:40:09.169,0.82426,0.82434,3.45,1.00
2014.03.04 07:40:17.138,0.82426,0.82434,2.03,1.00
2014.03.04 07:40:23.287,0.82426,0.82434,1.28,1.00
2014.03.04 07:40:38.771,0.82426,0.82433,1.18,1.00
2014.03.04 07:40:39.075,0.82426,0.82431,1.00,1.00
2014.03.04 07:40:39.480,0.82424,0.8243,1.00,1.00
2014.03.04 07:40:39.985,0.82422,0.8243,1.65,1.00
2014.03.04 07:40:43.116,0.82422,0.82431,1.65,1.58
2014.03.04 07:40:43.631,0.82422,0.82431,1.65,1.00
2014.03.04 07:40:44.158,0.82422,0.82431,2.40,1.10
2014.03.04 07:40:48.509,0.82424,0.82431,1.58,1.00
2014.03.04 07:40:49.423,0.82424,0.82432,2.70,1.20
2014.03.04 07:40:49.979,0.82424,0.82432,1.00,1.08
2014.03.04 07:40:50.511,0.82423,0.82432,1.28,1.58
2014.03.04 07:40:51.085,0.82423,0.82432,1.20,1.65
2014.03.04 07:40:51.947,0.82424,0.82431,1.88,1.10
2014.03.04 07:40:52.049,0.82424,0.82432,2.78,1.00
2014.03.04 07:40:52.252,0.82426,0.82435,1.10,1.28
2014.03.04 07:40:52.757,0.82426,0.82434,2.70,1.10
2014.03.04 07:40:53.516,0.82426,0.82434,1.88,1.18
2014.03.04 07:40:54.135,0.82426,0.82434,1.95,1.10
2014.03.04 07:40:55.004,0.82425,0.82434,1.65,1.10
2014.03.04 07:40:55.509,0.82425,0.82434,1.58,1.18
2014.03.04 07:40:56.432,0.82426,0.82434,1.88,1.18
2014.03.04 07:40:57.454,0.82426,0.82435,2.70,1.18
2014.03.04 07:41:00.506,0.82426,0.82435,2.70,1.18
2014.03.04 07:41:05.180,0.82428,0.82436,1.20,1.18
2014.03.04 07:41:05.684,0.82428,0.82436,1.20,1.10
2014.03.04 07:41:06.710,0.82428,0.82436,1.13,1.08
2014.03.04 07:41:07.115,0.82428,0.82436,2.70,1.10
2014.03.04 07:41:07.368,0.82432,0.82438,1.13,1.20
2014.03.04 07:41:07.916,0.82431,0.82438,1.13,1.18
2014.03.04 07:41:09.125,0.82431,0.82438,1.00,1.10
2014.03.04 07:41:09.660,0.8243,0.82438,1.00,1.18
2014.03.04 07:41:10.166,0.82429,0.82438,2.78,1.10
2014.03.04 07:41:10.763,0.82429,0.82438,1.58,1.28
2014.03.04 07:41:14.301,0.82429,0.82438,1.50,1.28
2014.03.04 07:41:14.839,0.82429,0.82438,2.25,3.45
2014.03.04 07:41:15.041,0.82427,0.82438,1.10,4.20
2014.03.04 07:41:18.244,0.82427,0.82436,1.95,1.18
2014.03.04 07:41:18.447,0.8243,0.82436,1.00,1.10
2014.03.04 07:41:19.894,0.8243,0.82436,1.00,1.18
2014.03.04 07:41:19.998,0.82427,0.82437,1.20,1.53
2014.03.04 07:41:20.353,0.82425,0.82433,3.00,1.18
2014.03.04 07:41:21.922,0.82425,0.82433,1.20,1.10
2014.03.04 07:41:24.395,0.82425,0.82433,1.13,1.15
2014.03.04 07:41:25.527,0.82425,0.82432,1.00,1.15
2014.03.04 07:41:27.486,0.82425,0.82432,1.00,3.08
2014.03.04 07:41:27.992,0.82425,0.82432,1.00,1.15
2014.03.04 07:41:37.861,0.82426,0.82432,1.00,1.15
2014.03.04 07:41:38.316,0.82426,0.82433,1.00,1.18
2014.03.04 07:41:38.823,0.82426,0.82433,1.00,1.15
2014.03.04 07:41:39.329,0.82425,0.82433,1.00,1.15
2014.03.04 07:41:39.583,0.82424,0.82428,1.00,1.00
2014.03.04 07:41:40.038,0.82422,0.82429,1.00,1.53
2014.03.04 07:41:40.342,0.8242,0.82429,1.50,1.53
2014.03.04 07:41:40.858,0.8242,0.82427,1.00,1.18
2014.03.04 07:41:41.518,0.8242,0.82427,1.00,1.10
2014.03.04 07:41:44.066,0.82419,0.82427,1.20,1.10
2014.03.04 07:41:44.118,0.82418,0.82425,1.55,1.00
2014.03.04 07:41:44.220,0.82417,0.82425,1.00,1.65
2014.03.04 07:41:44.727,0.82418,0.82424,1.00,1.50
2014.03.04 07:41:44.980,0.82419,0.82426,1.00,1.08
2014.03.04 07:41:46.485,0.8242,0.82426,1.00,1.18
2014.03.04 07:41:46.990,0.82419,0.82428,2.25,1.28
2014.03.04 07:41:47.963,0.82422,0.82427,1.00,1.08
2014.03.04 07:41:48.472,0.82422,0.82427,1.00,1.10
2014.03.04 07:41:49.125,0.8242,0.82427,1.13,1.10
2014.03.04 07:41:49.479,0.82418,0.82427,1.58,1.15
2014.03.04 07:41:49.984,0.82419,0.82426,1.00,1.18
2014.03.04 07:41:50.490,0.82418,0.82426,2.93,1.10
2014.03.04 07:41:51.085,0.82418,0.82426,1.10,1.10
2014.03.04 07:41:51.608,0.82418,0.82426,1.18,1.00
2014.03.04 07:41:54.134,0.82418,0.82426,2.85,1.08
2014.03.04 07:41:59.293,0.82418,0.82427,1.50,1.15
2014.03.04 07:42:00.235,0.82419,0.82427,1.00,1.15
2014.03.04 07:42:01.603,0.82419,0.82428,1.58,1.18
2014.03.04 07:42:02.237,0.82419,0.82428,1.00,1.15
2014.03.04 07:42:03.427,0.82419,0.82428,1.08,1.18
2014.03.04 07:42:03.970,0.82419,0.82428,1.28,1.10
2014.03.04 07:42:04.475,0.82419,0.82428,1.20,1.18
2014.03.04 07:42:05.026,0.82419,0.82428,1.28,1.10
2014.03.04 07:42:06.509,0.82419,0.82427,1.28,1.00
2014.03.04 07:42:06.686,0.82422,0.82427,1.00,1.00
2014.03.04 07:42:07.197,0.82423,0.82429,1.00,1.65
2014.03.04 07:42:07.417,0.8242,0.82429,1.95,1.65
2014.03.04 07:42:08.248,0.8242,0.82429,1.58,1.65
2014.03.04 07:42:12.722,0.82422,0.82429,1.00,1.18
2014.03.04 07:42:13.527,0.82422,0.82427,1.00,1.00
2014.03.04 07:42:15.283,0.82419,0.82425,1.28,1.00
2014.03.04 07:42:16.767,0.82419,0.82424,1.28,1.00
2014.03.04 07:42:16.818,0.82419,0.82424,2.03,1.00
2014.03.04 07:42:17.347,0.82419,0.82424,1.95,1.00
2014.03.04 07:42:19.451,0.82419,0.82423,1.50,1.00
2014.03.04 07:42:23.679,0.8242,0.82424,1.00,1.00
2014.03.04 07:42:24.188,0.82419,0.82423,1.00,1.00
2014.03.04 07:42:25.538,0.82418,0.82423,1.58,1.00
2014.03.04 07:42:25.640,0.82418,0.82422,1.10,1.00
2014.03.04 07:42:25.691,0.82415,0.82419,2.10,1.00
2014.03.04 07:42:26.197,0.82415,0.82419,1.88,1.00
2014.03.04 07:42:26.702,0.82413,0.82418,2.70,1.00
2014.03.04 07:42:27.232,0.82413,0.82417,1.00,1.00
2014.03.04 07:42:30.559,0.82412,0.82417,1.20,1.00
2014.03.04 07:42:32.951,0.82413,0.82417,1.00,1.00
2014.03.04 07:42:33.456,0.82413,0.82418,1.00,1.00
2014.03.04 07:42:35.631,0.82411,0.82418,1.20,1.50
2014.03.04 07:42:35.734,0.8241,0.82416,1.88,1.00
2014.03.04 07:42:36.404,0.8241,0.82416,1.58,1.00
2014.03.04 07:42:37.108,0.8241,0.82415,1.58,1.00
2014.03.04 07:42:38.594,0.82413,0.82417,1.00,1.00
2014.03.04 07:42:39.130,0.82411,0.82416,1.00,1.00
2014.03.04 07:42:42.780,0.82412,0.82416,1.00,1.00
2014.03.04 07:42:46.045,0.82412,0.82417,1.00,1.00
2014.03.04 07:42:46.569,0.82412,0.82418,1.00,1.10
2014.03.04 07:42:50.125,0.8241,0.82418,1.58,1.10
2014.03.04 07:42:51.615,0.82409,0.82418,1.95,2.33
2014.03.04 07:42:53.182,0.82408,0.82417,1.57,1.20
2014.03.04 07:42:55.040,0.82408,0.82417,1.57,1.10
2014.03.04 07:42:56.583,0.82408,0.82417,2.32,1.58
2014.03.04 07:42:57.645,0.82408,0.82415,1.48,1.00
2014.03.04 07:43:00.175,0.82409,0.82418,2.92,1.18
2014.03.04 07:43:00.697,0.82409,0.82418,3.00,1.18
2014.03.04 07:43:00.798,0.82412,0.82418,1.00,1.18
2014.03.04 07:43:01.152,0.82412,0.8242,1.05,2.78
2014.03.04 07:43:02.502,0.82412,0.82421,1.87,1.28
2014.03.04 07:43:08.597,0.82413,0.82421,2.10,1.18
2014.03.04 07:43:09.104,0.82412,0.82421,1.87,1.18
2014.03.04 07:43:09.475,0.82414,0.82421,1.00,1.18
2014.03.04 07:43:09.983,0.82415,0.82422,1.00,1.65
2014.03.04 07:43:10.289,0.82415,0.8242,1.00,1.00
2014.03.04 07:43:10.609,0.82417,0.82423,1.00,1.08
2014.03.04 07:43:11.574,0.82418,0.82422,1.00,1.00
2014.03.04 07:43:12.104,0.82418,0.82423,1.00,1.10
2014.03.04 07:43:13.602,0.82418,0.82422,1.00,1.00
2014.03.04 07:43:13.653,0.82416,0.82422,1.00,1.50
2014.03.04 07:43:14.164,0.82417,0.82421,1.00,1.00
2014.03.04 07:43:14.692,0.82418,0.82422,1.00,1.00
2014.03.04 07:43:15.197,0.82418,0.82423,1.00,1.10
2014.03.04 07:43:15.399,0.82418,0.82425,1.00,1.10
2014.03.04 07:43:16.068,0.82418,0.82425,1.00,1.18
2014.03.04 07:43:16.646,0.82417,0.82425,1.00,2.03
2014.03.04 07:43:18.195,0.82417,0.82423,1.00,1.00
2014.03.04 07:43:18.701,0.82417,0.82422,1.00,1.58
2014.03.04 07:43:22.789,0.82417,0.82423,1.00,1.58
2014.03.04 07:43:23.897,0.82418,0.82424,1.00,1.18
2014.03.04 07:43:28.515,0.82417,0.82424,1.00,1.18
2014.03.04 07:43:29.557,0.82417,0.82422,1.00,1.00
2014.03.04 07:43:30.071,0.82416,0.82422,1.13,1.50
2014.03.04 07:43:30.693,0.82414,0.82422,1.10,1.58
2014.03.04 07:43:31.220,0.82414,0.82421,1.10,1.00
2014.03.04 07:43:34.443,0.82416,0.82421,1.00,1.50
2014.03.04 07:43:34.898,0.82416,0.82424,1.00,1.65
2014.03.04 07:43:39.036,0.82416,0.82425,2.25,1.18
2014.03.04 07:43:39.545,0.82416,0.82425,2.92,1.10
2014.03.04 07:43:47.777,0.82418,0.82425,1.00,1.10
2014.03.04 07:43:49.263,0.82419,0.82425,2.10,1.10
2014.03.04 07:43:50.833,0.82417,0.82426,1.48,1.18
2014.03.04 07:43:51.036,0.82417,0.82426,1.00,3.08
2014.03.04 07:43:51.558,0.82416,0.82425,1.05,1.65
2014.03.04 07:43:52.648,0.82415,0.82423,1.95,1.10
2014.03.04 07:43:53.154,0.82414,0.82422,1.10,1.58
2014.03.04 07:43:53.458,0.82413,0.82421,1.38,1.65
2014.03.04 07:43:54.033,0.82412,0.82421,3.00,1.65
2014.03.04 07:43:54.539,0.82412,0.82421,2.33,1.65
2014.03.04 07:43:57.037,0.82412,0.8242,2.25,1.00
2014.03.04 07:43:58.792,0.82412,0.82421,3.75,1.00
2014.03.04 07:43:59.298,0.82412,0.82421,3.75,1.10
2014.03.04 07:44:00.405,0.82415,0.82421,1.00,1.10
2014.03.04 07:44:00.912,0.82414,0.82421,1.10,1.00
2014.03.04 07:44:01.418,0.82414,0.82421,1.48,1.00
2014.03.04 07:44:04.485,0.82414,0.82421,2.93,1.00
2014.03.04 07:44:06.731,0.82414,0.82421,1.38,1.10
2014.03.04 07:44:08.813,0.82414,0.82421,2.85,1.08
2014.03.04 07:44:09.623,0.82412,0.82421,3.83,1.18
2014.03.04 07:44:09.928,0.82414,0.82422,1.38,1.65
2014.03.04 07:44:10.283,0.82414,0.82422,1.95,1.58
2014.03.04 07:44:11.624,0.82416,0.82424,1.88,1.65
2014.03.04 07:44:11.675,0.82416,0.82424,1.88,3.08
2014.03.04 07:44:12.366,0.82416,0.82424,1.88,1.50
2014.03.04 07:44:12.619,0.82417,0.82424,1.88,1.65
2014.03.04 07:44:12.721,0.82414,0.82423,1.95,1.18
2014.03.04 07:44:12.873,0.82416,0.82424,1.00,1.65
2014.03.04 07:44:13.332,0.82414,0.82423,1.95,1.18
2014.03.04 07:44:13.846,0.82415,0.82422,1.00,1.10
2014.03.04 07:44:15.161,0.82418,0.82423,1.00,1.18
2014.03.04 07:44:15.671,0.82418,0.82423,1.00,1.10
2014.03.04 07:44:16.126,0.82416,0.82423,1.13,1.15
2014.03.04 07:44:16.379,0.82414,0.82423,3.38,1.15
2014.03.04 07:44:16.889,0.82414,0.82421,1.00,1.15
2014.03.04 07:44:17.416,0.82414,0.82421,2.85,3.08
2014.03.04 07:44:19.643,0.82414,0.82421,3.60,3.08
2014.03.04 07:44:20.354,0.82414,0.82421,1.50,1.18
2014.03.04 07:44:25.543,0.82414,0.82421,3.60,1.10
2014.03.04 07:44:27.050,0.82414,0.82421,2.85,1.18
2014.03.04 07:44:33.146,0.82416,0.82422,1.95,1.10
2014.03.04 07:44:33.197,0.82416,0.82422,3.53,1.00
2014.03.04 07:44:33.349,0.82419,0.82424,1.00,1.00
2014.03.04 07:44:33.501,0.8242,0.82428,1.10,1.10
2014.03.04 07:44:33.602,0.82419,0.82426,1.10,1.10
2014.03.04 07:44:33.905,0.8242,0.82428,1.38,1.18
2014.03.04 07:44:34.158,0.82419,0.82427,1.00,1.28
2014.03.04 07:44:34.663,0.82418,0.82426,3.00,1.65
2014.03.04 07:44:38.142,0.82419,0.82425,2.10,1.10
2014.03.04 07:44:39.232,0.82418,0.82425,1.00,1.10
2014.03.04 07:44:39.741,0.82419,0.82425,1.00,1.00
2014.03.04 07:44:42.342,0.82418,0.82424,1.13,1.00
2014.03.04 07:44:43.452,0.82417,0.82424,3.30,1.50
2014.03.04 07:44:44.110,0.82417,0.82425,1.38,1.18
2014.03.04 07:44:44.615,0.82417,0.82425,1.00,2.03
2014.03.04 07:44:48.579,0.82415,0.82422,1.08,1.48
2014.03.04 07:44:48.629,0.82414,0.82422,1.00,1.55
2014.03.04 07:44:49.087,0.82415,0.82423,1.58,1.20
2014.03.04 07:44:49.677,0.82415,0.82423,1.58,1.10
2014.03.04 07:44:50.290,0.82415,0.82423,1.58,1.10
2014.03.04 07:44:52.351,0.82415,0.82422,1.10,1.10
2014.03.04 07:44:52.452,0.82413,0.82421,1.20,1.20
2014.03.04 07:44:52.958,0.82412,0.8242,1.65,1.88
2014.03.04 07:44:54.603,0.82412,0.82419,1.28,1.00
2014.03.04 07:44:54.806,0.82412,0.82419,1.28,1.00
2014.03.04 07:44:54.958,0.8241,0.82415,1.18,1.13
2014.03.04 07:44:55.161,0.82411,0.82416,1.35,1.10
2014.03.04 07:44:55.313,0.82411,0.82418,1.88,1.00
2014.03.04 07:44:55.819,0.82411,0.82419,2.03,1.50
2014.03.04 07:45:15.050,0.82413,0.82421,1.80,1.10
2014.03.04 07:45:15.560,0.82414,0.82422,1.20,1.58
2014.03.04 07:45:16.822,0.82415,0.82422,1.50,1.58
2014.03.04 07:45:18.093,0.82416,0.82422,1.00,1.58
2014.03.04 07:45:18.785,0.82416,0.8242,1.00,1.00
2014.03.04 07:45:19.240,0.82415,0.82425,2.03,1.18
2014.03.04 07:45:19.291,0.82415,0.82423,1.95,2.25
2014.03.04 07:45:19.392,0.82416,0.82424,1.10,1.10
2014.03.04 07:45:22.583,0.82416,0.82423,1.10,1.00
2014.03.04 07:45:22.634,0.82414,0.82422,1.15,1.88
2014.03.04 07:45:22.736,0.82414,0.82422,1.10,1.95
2014.03.04 07:45:23.276,0.82413,0.82421,3.15,1.88
2014.03.04 07:45:29.790,0.82413,0.82421,2.40,1.50
2014.03.04 07:45:33.722,0.82415,0.82421,1.50,1.00
2014.03.04 07:45:33.924,0.82415,0.82421,3.53,1.00
2014.03.04 07:45:34.025,0.82415,0.82426,3.53,1.08
2014.03.04 07:45:34.228,0.82418,0.82426,1.18,1.00
2014.03.04 07:45:34.745,0.82418,0.82426,1.10,1.10
2014.03.04 07:45:38.198,0.82418,0.82426,1.08,1.00
2014.03.04 07:45:38.968,0.82418,0.82426,4.20,1.00
2014.03.04 07:45:39.424,0.8242,0.82428,1.18,1.00
2014.03.04 07:45:39.626,0.82422,0.8243,1.10,1.20
2014.03.04 07:45:39.830,0.82422,0.82427,1.00,2.93
2014.03.04 07:45:39.983,0.8242,0.82424,1.50,1.00
2014.03.04 07:45:40.185,0.82416,0.82424,1.20,1.58
2014.03.04 07:45:40.287,0.82415,0.82422,3.00,1.00
2014.03.04 07:45:40.389,0.82417,0.82424,1.00,1.58
2014.03.04 07:45:40.642,0.82419,0.82427,1.00,2.03
2014.03.04 07:45:41.812,0.82416,0.82424,6.30,1.00
2014.03.04 07:45:41.964,0.82416,0.82424,4.13,1.00
2014.03.04 07:45:42.943,0.82417,0.82425,1.58,1.10
2014.03.04 07:45:44.342,0.82416,0.82423,1.18,1.38
2014.03.04 07:45:44.902,0.82415,0.82423,3.75,1.38
2014.03.04 07:45:46.873,0.82417,0.82424,1.00,2.33
2014.03.04 07:45:47.075,0.82418,0.82426,1.10,2.33
2014.03.04 07:45:48.482,0.82418,0.82426,1.18,1.13
2014.03.04 07:45:49.053,0.82418,0.82426,2.03,1.50
2014.03.04 07:45:49.558,0.82417,0.82424,1.28,1.00
2014.03.04 07:45:53.040,0.82416,0.82422,2.25,1.00
2014.03.04 07:45:53.554,0.82414,0.82422,3.83,1.50
2014.03.04 07:45:54.167,0.82414,0.82421,2.70,1.00
2014.03.04 07:45:54.703,0.82413,0.82421,4.58,1.00
2014.03.04 07:46:00.134,0.82413,0.82421,2.03,1.00
2014.03.04 07:46:00.642,0.82413,0.82419,1.28,1.00
2014.03.04 07:46:01.047,0.82412,0.82419,1.58,1.00
2014.03.04 07:46:06.534,0.82412,0.82419,1.48,1.00
2014.03.04 07:46:07.045,0.82413,0.8242,3.15,1.00
2014.03.04 07:46:07.450,0.82414,0.82422,1.48,1.10
2014.03.04 07:46:18.726,0.82415,0.82423,1.20,1.10
2014.03.04 07:46:19.683,0.82415,0.82423,2.70,1.10
2014.03.04 07:46:19.885,0.82416,0.82423,1.45,1.00
2014.03.04 07:46:20.342,0.82417,0.82425,2.03,1.00
2014.03.04 07:46:20.544,0.82417,0.82425,4.20,1.00
2014.03.04 07:46:27.741,0.8242,0.8243,2.63,2.70
2014.03.04 07:46:27.944,0.8242,0.82427,2.33,1.00
2014.03.04 07:46:28.197,0.82419,0.82426,1.28,1.50
2014.03.04 07:46:28.425,0.8242,0.82427,2.33,1.00
2014.03.04 07:46:28.780,0.82418,0.82426,3.15,1.50
2014.03.04 07:46:28.983,0.82419,0.82427,3.08,1.00
2014.03.04 07:46:29.505,0.8242,0.82427,2.33,1.00
2014.03.04 07:46:30.016,0.8242,0.82427,1.65,1.00
2014.03.04 07:46:31.126,0.8242,0.82427,2.33,1.00
2014.03.04 07:46:31.834,0.82419,0.82427,4.58,1.00
2014.03.04 07:46:32.807,0.8242,0.82428,3.00,1.50
2014.03.04 07:46:33.782,0.8242,0.82428,2.93,1.58
2014.03.04 07:46:38.857,0.82422,0.8243,1.00,1.15
2014.03.04 07:46:38.958,0.82422,0.8243,1.10,1.10
2014.03.04 07:46:44.597,0.82422,0.8243,1.13,1.58
2014.03.04 07:46:45.117,0.82422,0.8243,1.95,1.58
2014.03.04 07:46:46.030,0.82422,0.8243,1.13,1.65
2014.03.04 07:46:46.570,0.82422,0.8243,1.20,1.58
2014.03.04 07:46:48.068,0.82422,0.8243,1.13,1.65
2014.03.04 07:46:50.297,0.82422,0.8243,1.20,1.58
2014.03.04 07:46:50.804,0.82422,0.8243,1.13,1.65
2014.03.04 07:46:51.309,0.82422,0.8243,1.48,1.58
2014.03.04 07:46:51.814,0.82422,0.8243,1.13,1.65
2014.03.04 07:46:53.652,0.82422,0.82428,1.13,1.00
2014.03.04 07:46:54.595,0.8242,0.82428,1.65,1.50
2014.03.04 07:46:54.647,0.8242,0.82426,1.65,1.00
2014.03.04 07:46:55.001,0.8242,0.82428,1.65,1.00
2014.03.04 07:46:56.480,0.8242,0.82428,1.65,1.00
2014.03.04 07:46:56.982,0.8242,0.82428,3.83,1.00
2014.03.04 07:47:00.285,0.82421,0.82429,1.53,1.50
2014.03.04 07:47:00.791,0.82421,0.82428,3.38,1.00
2014.03.04 07:47:01.318,0.8242,0.82428,1.28,1.50
2014.03.04 07:47:07.805,0.8242,0.82427,1.28,1.00
2014.03.04 07:47:08.311,0.82418,0.82426,7.80,1.00
2014.03.04 07:47:17.110,0.82418,0.82427,5.93,1.50
2014.03.04 07:47:29.805,0.82418,0.82426,4.13,1.00
2014.03.04 07:47:30.008,0.82417,0.82425,1.00,2.03
2014.03.04 07:47:30.312,0.82414,0.8242,1.00,1.00
2014.03.04 07:47:30.677,0.82411,0.8242,2.70,1.65
2014.03.04 07:47:35.342,0.8241,0.82419,2.03,1.00
2014.03.04 07:47:35.990,0.8241,0.82419,2.03,1.10
2014.03.04 07:47:36.959,0.8241,0.82419,2.03,1.10
2014.03.04 07:47:37.253,0.82412,0.8242,1.53,1.00
2014.03.04 07:47:37.608,0.82414,0.82422,1.55,1.00
2014.03.04 07:47:38.116,0.82414,0.82424,1.55,1.28
2014.03.04 07:47:38.168,0.82412,0.82421,4.58,1.00
2014.03.04 07:47:39.338,0.82414,0.82423,1.55,1.58
2014.03.04 07:47:41.328,0.82414,0.82423,2.40,1.10
2014.03.04 07:47:51.352,0.82412,0.8242,4.95,1.13
2014.03.04 07:47:51.453,0.82412,0.8242,1.65,1.13
2014.03.04 07:47:51.976,0.82412,0.8242,3.75,1.13
2014.03.04 07:47:53.891,0.82416,0.82421,1.38,1.50
2014.03.04 07:47:54.093,0.82417,0.82424,1.13,1.18
2014.03.04 07:47:55.241,0.82418,0.82425,1.00,1.10
2014.03.04 07:47:55.769,0.82418,0.82425,1.00,1.18
2014.03.04 07:47:56.276,0.82418,0.82425,1.38,1.18
2014.03.04 07:48:00.638,0.82418,0.82426,1.38,1.18
2014.03.04 07:48:05.832,0.82418,0.82426,1.38,1.15
2014.03.04 07:48:06.363,0.82419,0.82426,1.13,1.10
2014.03.04 07:48:06.869,0.8242,0.82426,1.13,1.00
2014.03.04 07:48:07.632,0.8242,0.82428,1.13,1.65
2014.03.04 07:48:09.691,0.8242,0.82428,1.38,1.65
2014.03.04 07:48:10.463,0.82419,0.82428,5.48,1.65
2014.03.04 07:48:10.991,0.82419,0.82428,2.63,1.65
2014.03.04 07:48:13.396,0.82419,0.82428,1.95,1.65
2014.03.04 07:48:14.155,0.82419,0.82427,1.38,1.18
2014.03.04 07:48:19.176,0.82419,0.82427,1.00,1.18
2014.03.04 07:48:19.685,0.82418,0.82427,1.95,1.65
2014.03.04 07:48:23.576,0.82418,0.82427,1.88,1.15
2014.03.04 07:49:15.578,0.82416,0.82424,2.03,1.00
2014.03.04 07:49:16.033,0.82419,0.82426,1.00,1.18
2014.03.04 07:49:16.536,0.82419,0.82426,1.38,1.18
2014.03.04 07:49:23.562,0.82419,0.82427,1.88,1.50
2014.03.04 07:49:28.469,0.8242,0.82427,1.13,1.65
2014.03.04 07:49:28.781,0.82421,0.82428,1.38,1.15
2014.03.04 07:49:28.984,0.8242,0.82427,1.50,1.10
2014.03.04 07:49:29.287,0.82421,0.82428,1.08,1.00
2014.03.04 07:49:29.821,0.82422,0.82429,2.55,1.00
2014.03.04 07:49:31.842,0.82422,0.82426,1.00,1.00
2014.03.04 07:49:32.956,0.82418,0.82426,2.03,1.00
2014.03.04 07:49:33.770,0.82418,0.82425,1.55,1.00
2014.03.04 07:49:33.922,0.82417,0.82425,1.95,1.10
2014.03.04 07:49:34.124,0.82415,0.82423,1.65,1.00
2014.03.04 07:49:34.630,0.82417,0.82424,1.00,1.18
2014.03.04 07:49:34.869,0.82415,0.82423,1.58,1.10
2014.03.04 07:49:35.072,0.82417,0.82423,1.00,1.10
2014.03.04 07:49:35.627,0.82415,0.82423,1.58,1.10
2014.03.04 07:49:35.880,0.82417,0.82424,1.00,1.18
2014.03.04 07:49:36.404,0.82416,0.82424,1.00,2.03
2014.03.04 07:49:36.708,0.82412,0.8242,1.65,1.00
2014.03.04 07:49:36.962,0.82412,0.8242,1.50,1.18
2014.03.04 07:49:37.467,0.82411,0.82418,1.10,1.00
2014.03.04 07:49:39.078,0.82412,0.82419,1.00,1.10
2014.03.04 07:49:40.259,0.82413,0.82421,1.00,3.90
2014.03.04 07:49:40.713,0.82411,0.82419,1.10,1.20
2014.03.04 07:49:41.768,0.82411,0.82419,1.10,1.95
2014.03.04 07:49:42.021,0.82409,0.82417,1.10,1.10
2014.03.04 07:49:49.796,0.82409,0.82417,1.65,1.00
2014.03.04 07:49:50.298,0.82409,0.82417,3.53,1.00
2014.03.04 07:49:50.399,0.82412,0.8242,1.10,1.58
2014.03.04 07:49:50.753,0.82414,0.82422,1.00,1.08
2014.03.04 07:49:51.056,0.82416,0.82423,1.00,1.10
2014.03.04 07:49:58.878,0.82415,0.82423,1.20,1.10
2014.03.04 07:50:00.658,0.82415,0.82423,1.10,1.48
2014.03.04 07:50:03.058,0.82413,0.82421,1.65,1.00
2014.03.04 07:50:03.210,0.82413,0.82421,1.10,1.20
2014.03.04 07:50:06.479,0.82412,0.8242,1.18,1.00
2014.03.04 07:50:06.782,0.82414,0.82422,1.10,1.20
2014.03.04 07:50:09.686,0.82414,0.82422,1.00,1.28
2014.03.04 07:50:13.960,0.82415,0.82422,1.00,1.28
2014.03.04 07:50:15.750,0.82416,0.82422,1.00,1.28
2014.03.04 07:50:16.454,0.82415,0.82422,1.50,1.18
2014.03.04 07:50:21.060,0.82414,0.82422,2.25,1.18
2014.03.04 07:50:21.586,0.82414,0.82422,1.58,1.10
2014.03.04 07:50:27.474,0.82414,0.82422,1.65,1.13
2014.03.04 07:50:30.499,0.82415,0.82423,1.58,1.95
2014.03.04 07:50:31.314,0.82415,0.82423,1.58,1.80
2014.03.04 07:50:31.820,0.82413,0.82421,1.55,1.00
2014.03.04 07:50:32.478,0.82413,0.82421,1.55,1.00
2014.03.04 07:50:33.360,0.82413,0.82421,1.53,1.00
2014.03.04 07:50:35.126,0.82412,0.8242,1.53,1.00
2014.03.04 07:50:36.781,0.82414,0.82422,1.20,1.10
2014.03.04 07:50:39.125,0.82414,0.82422,1.28,1.00
2014.03.04 07:50:43.833,0.82415,0.82423,1.18,1.00
2014.03.04 07:50:45.204,0.82415,0.82422,1.08,1.00
2014.03.04 07:50:45.710,0.82414,0.82422,1.55,1.00
2014.03.04 07:50:46.087,0.82415,0.82422,2.78,1.00
2014.03.04 07:50:46.138,0.82416,0.82424,1.28,1.00
2014.03.04 07:50:46.341,0.82417,0.82425,1.53,1.00
2014.03.04 07:50:46.847,0.82417,0.82425,1.55,1.00
2014.03.04 07:50:47.749,0.82416,0.82424,4.50,1.00
2014.03.04 07:50:48.528,0.82417,0.82425,1.55,1.00
2014.03.04 07:50:50.201,0.82417,0.82424,1.55,1.00
2014.03.04 07:50:51.589,0.82417,0.82424,1.20,1.00
2014.03.04 07:50:52.138,0.82416,0.82424,2.70,1.10
2014.03.04 07:50:52.443,0.82416,0.82422,1.10,1.00
2014.03.04 07:50:53.940,0.82416,0.82423,1.10,1.00
2014.03.04 07:50:55.154,0.82416,0.82422,1.10,1.00
2014.03.04 07:50:57.879,0.82416,0.82421,1.10,1.00
2014.03.04 07:51:01.001,0.82416,0.82422,1.10,1.00
2014.03.04 07:51:01.533,0.82416,0.82421,1.10,1.00
2014.03.04 07:51:04.614,0.82416,0.82421,1.08,1.00
2014.03.04 07:51:05.932,0.82416,0.82421,1.20,1.00
2014.03.04 07:51:08.188,0.82415,0.82421,1.10,1.00
2014.03.04 07:51:08.493,0.82413,0.82419,1.18,1.00
2014.03.04 07:51:08.846,0.82412,0.82418,1.10,1.00
2014.03.04 07:51:09.353,0.8241,0.82418,4.58,1.00
2014.03.04 07:51:09.657,0.82413,0.82419,1.15,1.00
2014.03.04 07:51:09.961,0.82412,0.82418,1.15,1.00
2014.03.04 07:51:11.100,0.82413,0.82421,1.10,1.58
2014.03.04 07:51:12.589,0.82413,0.8242,1.10,1.00
2014.03.04 07:51:12.994,0.82412,0.82418,1.18,1.00
2014.03.04 07:51:13.298,0.8241,0.82416,1.28,1.00
2014.03.04 07:51:13.399,0.8241,0.82418,1.65,1.00
2014.03.04 07:51:13.653,0.82413,0.8242,1.00,1.58
2014.03.04 07:51:13.855,0.8241,0.82418,2.40,1.00
2014.03.04 07:51:14.831,0.8241,0.82416,1.65,1.00
2014.03.04 07:51:15.337,0.8241,0.82416,1.18,1.00
2014.03.04 07:51:15.388,0.8241,0.82418,1.65,1.00
2014.03.04 07:51:15.908,0.82412,0.82418,1.58,1.00
2014.03.04 07:51:17.707,0.82412,0.8242,2.33,1.10
2014.03.04 07:51:17.909,0.82412,0.82418,1.58,1.00
2014.03.04 07:51:18.262,0.82413,0.8242,1.00,2.70
2014.03.04 07:51:20.072,0.82413,0.82419,1.00,1.50
2014.03.04 07:51:20.123,0.82412,0.82416,1.10,1.00
2014.03.04 07:51:24.090,0.82412,0.82418,1.10,1.00
2014.03.04 07:51:24.648,0.82412,0.82416,1.10,1.00
2014.03.04 07:51:27.111,0.82411,0.82416,1.10,1.00
2014.03.04 07:51:28.414,0.82412,0.82416,1.50,1.00
2014.03.04 07:51:28.920,0.82412,0.82418,1.50,1.00
2014.03.04 07:51:30.585,0.82413,0.8242,1.00,1.18
2014.03.04 07:51:31.091,0.82413,0.8242,1.10,1.00
2014.03.04 07:51:44.725,0.82413,0.82419,3.15,1.00
2014.03.04 07:51:45.132,0.82413,0.82421,3.53,1.00
2014.03.04 07:51:46.431,0.82414,0.82421,2.03,1.00
2014.03.04 07:51:46.634,0.82418,0.82424,1.10,1.00
2014.03.04 07:51:46.685,0.82418,0.82426,1.10,1.28
2014.03.04 07:51:47.520,0.82418,0.82426,1.00,2.03
2014.03.04 07:51:49.476,0.82418,0.82426,1.10,1.95
2014.03.04 07:51:50.051,0.82418,0.82426,1.18,1.88
2014.03.04 07:51:50.574,0.82419,0.82426,1.28,1.00
2014.03.04 07:51:51.079,0.82421,0.82426,1.50,1.00
2014.03.04 07:51:52.356,0.82421,0.82426,1.50,1.00
2014.03.04 07:51:52.862,0.82418,0.82423,2.70,1.00
2014.03.04 07:51:52.912,0.82418,0.82426,3.53,1.00
2014.03.04 07:51:58.089,0.8242,0.82428,1.10,1.58
2014.03.04 07:51:58.241,0.8242,0.82428,1.95,1.00
2014.03.04 07:51:58.544,0.82421,0.82428,2.70,1.00
2014.03.04 07:51:59.868,0.82421,0.82426,2.93,1.38
2014.03.04 07:51:59.977,0.8242,0.82426,1.00,6.45
2014.03.04 07:52:00.028,0.82418,0.82426,3.08,6.53
2014.03.04 07:52:00.490,0.82414,0.82421,1.28,1.00
2014.03.04 07:52:01.605,0.82414,0.82424,1.28,1.95
2014.03.04 07:52:02.142,0.82412,0.82422,3.83,1.00
2014.03.04 07:52:09.219,0.82414,0.82422,1.15,1.00
2014.03.04 07:52:09.522,0.82416,0.82422,1.55,1.00
2014.03.04 07:52:10.066,0.82417,0.82423,2.78,1.00
2014.03.04 07:52:12.631,0.8242,0.82428,1.00,1.48
2014.03.04 07:52:17.428,0.82421,0.82426,1.00,1.00
2014.03.04 07:52:18.017,0.8242,0.82426,1.00,1.00
2014.03.04 07:52:18.549,0.82421,0.82426,1.00,1.00
2014.03.04 07:52:19.641,0.8242,0.82428,1.00,1.95
2014.03.04 07:52:19.893,0.82419,0.82426,2.03,1.00
2014.03.04 07:52:24.663,0.82421,0.82426,1.00,1.00
2014.03.04 07:52:26.879,0.8242,0.82426,1.20,1.00
2014.03.04 07:52:27.384,0.82421,0.82426,1.00,1.00
2014.03.04 07:52:28.453,0.8242,0.82426,1.95,1.00
2014.03.04 07:52:31.319,0.8242,0.82426,1.28,1.00
2014.03.04 07:52:31.824,0.8242,0.82426,1.65,1.00
2014.03.04 07:52:32.770,0.82421,0.8243,1.15,2.18
2014.03.04 07:52:37.191,0.82422,0.82426,1.10,1.00
2014.03.04 07:52:37.647,0.82419,0.82426,2.78,1.00
2014.03.04 07:52:37.698,0.82419,0.82423,1.58,1.00
2014.03.04 07:52:38.674,0.82419,0.82425,1.28,1.30
2014.03.04 07:52:38.977,0.82419,0.82423,1.20,1.00
2014.03.04 07:52:40.290,0.82419,0.82423,1.20,1.00
2014.03.04 07:52:40.894,0.82419,0.82427,1.20,1.43
2014.03.04 07:52:44.013,0.82419,0.82423,1.20,1.00
2014.03.04 07:52:44.521,0.82419,0.82428,1.18,3.38
2014.03.04 07:52:50.750,0.82419,0.82423,1.10,1.00
2014.03.04 07:52:52.623,0.82419,0.82427,1.18,1.13
2014.03.04 07:52:53.186,0.82419,0.82423,1.10,1.00
2014.03.04 07:52:53.692,0.82419,0.82424,1.18,1.00
2014.03.04 07:52:54.204,0.82419,0.82424,1.10,1.00
2014.03.04 07:52:58.272,0.82419,0.82424,1.18,1.00
2014.03.04 07:53:00.368,0.82419,0.82424,1.28,1.00
2014.03.04 07:53:01.450,0.82419,0.82424,1.28,1.00
2014.03.04 07:53:06.600,0.8242,0.82427,1.20,1.00
2014.03.04 07:53:11.967,0.8242,0.82426,1.20,1.00
2014.03.04 07:53:16.404,0.82424,0.82429,1.00,1.18
2014.03.04 07:53:16.708,0.82422,0.82426,1.20,1.00
2014.03.04 07:53:17.446,0.82421,0.82429,2.03,1.00
2014.03.04 07:53:21.291,0.82423,0.82429,1.48,1.00
2014.03.04 07:53:21.342,0.82423,0.82428,1.48,1.00
2014.03.04 07:53:21.848,0.82422,0.82429,1.28,1.00
2014.03.04 07:53:22.637,0.82423,0.82431,1.10,1.58
2014.03.04 07:53:23.691,0.82423,0.82431,1.18,1.50
2014.03.04 07:53:24.976,0.82423,0.82431,1.18,1.50
2014.03.04 07:53:25.482,0.82426,0.82431,1.00,1.50
2014.03.04 07:53:25.985,0.82423,0.82431,2.03,1.50
2014.03.04 07:53:27.350,0.82423,0.82431,4.20,1.50
2014.03.04 07:53:28.321,0.82423,0.82431,2.03,1.50
2014.03.04 07:53:38.100,0.82423,0.82431,2.03,1.50
2014.03.04 07:53:39.058,0.82427,0.82431,1.00,1.00
2014.03.04 07:53:39.109,0.82427,0.82435,1.00,1.65
2014.03.04 07:53:39.261,0.82427,0.82436,2.03,1.50
2014.03.04 07:53:39.766,0.82427,0.82436,2.78,1.50
2014.03.04 07:53:40.290,0.82427,0.82436,2.78,1.10
2014.03.04 07:53:40.604,0.82427,0.82433,2.03,1.00
2014.03.04 07:53:40.910,0.8243,0.82436,1.48,1.30
2014.03.04 07:53:40.963,0.8243,0.82436,1.48,1.30
2014.03.04 07:53:41.479,0.82429,0.82436,2.03,1.00
2014.03.04 07:53:44.249,0.82428,0.82436,2.78,1.00
2014.03.04 07:53:44.452,0.82428,0.82433,1.10,1.00
2014.03.04 07:53:44.908,0.82428,0.82436,1.00,1.18
2014.03.04 07:53:45.010,0.8243,0.82436,1.13,1.18
2014.03.04 07:53:45.314,0.82428,0.82433,1.58,1.00
2014.03.04 07:53:45.365,0.82428,0.82436,1.95,1.40
2014.03.04 07:53:45.871,0.82428,0.82435,1.88,1.10
2014.03.04 07:53:47.523,0.82428,0.82433,1.88,1.00
2014.03.04 07:53:48.188,0.82428,0.82433,1.13,1.00
2014.03.04 07:53:50.499,0.82427,0.82433,1.95,1.00
2014.03.04 07:53:52.407,0.82427,0.82433,2.03,1.00
2014.03.04 07:53:53.637,0.82427,0.82433,2.70,1.00
2014.03.04 07:53:57.889,0.82427,0.82431,1.10,1.00
2014.03.04 07:53:57.991,0.82425,0.82431,3.08,1.00
2014.03.04 07:53:58.745,0.82424,0.82431,1.95,1.00
2014.03.04 07:54:04.849,0.82427,0.82431,1.00,1.00
2014.03.04 07:54:05.049,0.82424,0.82431,2.03,1.00
2014.03.04 07:54:07.698,0.82425,0.82431,1.08,1.00
2014.03.04 07:54:09.144,0.82424,0.82431,1.65,1.00
2014.03.04 07:54:14.078,0.82424,0.82431,1.00,1.10
2014.03.04 07:54:24.623,0.82423,0.82431,1.58,1.10
2014.03.04 07:54:25.129,0.82423,0.82431,1.13,1.18
2014.03.04 07:54:31.499,0.82423,0.82431,1.20,1.10
2014.03.04 07:54:32.247,0.82423,0.82431,1.13,1.08
2014.03.04 07:54:35.439,0.82423,0.82431,1.20,1.10
2014.03.04 07:54:38.937,0.82423,0.82431,1.50,1.18
2014.03.04 07:54:39.576,0.82423,0.82431,1.58,1.10
2014.03.04 07:54:40.121,0.82423,0.82431,1.50,1.18
2014.03.04 07:54:43.489,0.82422,0.82431,2.40,1.10
2014.03.04 07:54:44.017,0.82424,0.82433,1.00,2.03
2014.03.04 07:54:45.339,0.82423,0.82432,1.95,1.28
2014.03.04 07:54:46.564,0.82423,0.82431,1.50,1.18
2014.03.04 07:54:46.867,0.82421,0.82427,1.48,1.00
2014.03.04 07:54:47.375,0.82421,0.82427,1.10,1.00
2014.03.04 07:54:47.905,0.8242,0.82428,1.18,1.13
2014.03.04 07:54:50.837,0.8242,0.82427,1.18,1.00
2014.03.04 07:54:51.718,0.8242,0.82426,1.18,1.00
2014.03.04 07:54:51.920,0.82419,0.82426,1.95,1.00
2014.03.04 07:54:52.426,0.82418,0.82426,2.33,1.10
2014.03.04 07:54:52.941,0.82418,0.82426,1.50,1.18
2014.03.04 07:54:53.093,0.82417,0.82426,1.58,4.88
2014.03.04 07:54:53.245,0.82415,0.82421,1.58,1.13
2014.03.04 07:54:53.346,0.82415,0.82421,1.10,1.38
2014.03.04 07:54:53.657,0.82416,0.82421,1.00,1.38
2014.03.04 07:54:54.150,0.82418,0.82423,1.00,1.10
2014.03.04 07:54:54.862,0.82419,0.82423,1.00,1.10
2014.03.04 07:54:57.683,0.82418,0.82423,1.00,1.10
2014.03.04 07:55:02.015,0.82417,0.82423,1.00,1.58
2014.03.04 07:55:02.522,0.82416,0.82423,1.00,2.33
2014.03.04 07:55:03.632,0.82416,0.82421,1.00,1.00
2014.03.04 07:55:04.609,0.82415,0.82421,1.20,1.00
2014.03.04 07:55:05.938,0.82413,0.82421,1.10,1.20
2014.03.04 07:55:06.444,0.82412,0.82418,1.95,1.00
2014.03.04 07:55:08.412,0.82412,0.82419,1.50,1.10
2014.03.04 07:55:08.940,0.82412,0.82418,1.58,1.00
2014.03.04 07:55:09.344,0.82412,0.82421,3.53,1.58
2014.03.04 07:55:09.849,0.82412,0.82421,3.08,1.18
2014.03.04 07:55:10.737,0.82412,0.82421,3.08,1.20
2014.03.04 07:55:11.531,0.82412,0.82421,3.15,1.08
2014.03.04 07:55:13.935,0.82412,0.82421,2.40,1.10
2014.03.04 07:55:14.295,0.82412,0.82418,1.65,1.00
2014.03.04 07:55:15.478,0.82412,0.82418,1.58,1.00
2014.03.04 07:55:15.985,0.82411,0.82418,1.10,1.00
2014.03.04 07:55:18.071,0.82411,0.82418,1.00,1.45
2014.03.04 07:55:18.797,0.82408,0.82416,1.95,1.10
2014.03.04 07:55:19.334,0.82408,0.82416,1.00,1.18
2014.03.04 07:55:21.880,0.82412,0.82418,1.00,2.33
2014.03.04 07:55:21.931,0.82412,0.82419,1.00,1.58
2014.03.04 07:55:22.133,0.82412,0.82418,1.10,1.00
2014.03.04 07:55:22.235,0.82408,0.82413,1.10,1.00
2014.03.04 07:55:22.437,0.82408,0.82416,1.10,1.10
2014.03.04 07:55:29.510,0.82407,0.82416,1.65,1.13
2014.03.04 07:55:30.783,0.82407,0.82416,2.03,1.10
2014.03.04 07:55:30.834,0.82412,0.82416,2.55,1.10
2014.03.04 07:55:30.986,0.82414,0.82419,1.58,1.00
2014.03.04 07:55:31.037,0.82414,0.82422,1.65,1.00
2014.03.04 07:55:31.088,0.82417,0.82424,1.00,1.10
2014.03.04 07:55:31.190,0.82417,0.82424,1.00,1.55
2014.03.04 07:55:31.241,0.82411,0.82418,4.05,1.00
2014.03.04 07:55:31.393,0.82411,0.8242,2.78,1.00
2014.03.04 07:55:31.601,0.82414,0.82423,1.18,2.33
2014.03.04 07:55:32.123,0.82414,0.82423,1.65,1.20
2014.03.04 07:55:33.108,0.82414,0.82423,1.65,1.20
2014.03.04 07:55:34.461,0.82414,0.82423,1.50,1.28
2014.03.04 07:55:36.187,0.82414,0.82423,2.03,1.58
2014.03.04 07:55:36.440,0.82415,0.82423,1.28,1.10
2014.03.04 07:55:36.744,0.82417,0.82426,3.83,1.73
2014.03.04 07:55:37.254,0.82417,0.82423,1.65,1.00
2014.03.04 07:55:38.269,0.82416,0.82422,2.33,1.00
2014.03.04 07:55:40.063,0.82416,0.82423,3.08,1.50
2014.03.04 07:55:40.165,0.82416,0.82423,1.18,1.00
2014.03.04 07:55:41.640,0.82415,0.82423,4.20,1.00
2014.03.04 07:55:41.893,0.82417,0.82426,2.40,3.83
2014.03.04 07:55:45.104,0.82417,0.82423,1.18,1.00
2014.03.04 07:55:46.099,0.82419,0.82423,1.00,1.00
2014.03.04 07:55:48.871,0.82417,0.82423,1.13,1.18
2014.03.04 07:55:49.384,0.82416,0.82421,1.00,1.10
2014.03.04 07:55:51.410,0.82413,0.82421,1.65,1.00
2014.03.04 07:56:01.567,0.82412,0.8242,1.65,1.00
2014.03.04 07:56:02.843,0.82417,0.82421,1.00,1.50
2014.03.04 07:56:03.147,0.82414,0.82421,2.03,1.00
2014.03.04 07:56:03.401,0.82414,0.82423,2.40,1.20
2014.03.04 07:56:08.683,0.82414,0.82423,1.65,1.95
2014.03.04 07:56:09.336,0.82414,0.82423,2.40,1.95
2014.03.04 07:56:09.747,0.82414,0.82422,1.50,2.78
2014.03.04 07:56:10.256,0.82412,0.8242,2.78,1.00
2014.03.04 07:56:15.678,0.82412,0.8242,3.15,1.00
2014.03.04 07:56:22.306,0.82412,0.8242,2.78,1.00
2014.03.04 07:56:22.999,0.82413,0.8242,1.28,1.00
2014.03.04 07:56:23.545,0.82413,0.8242,1.28,1.00
2014.03.04 07:56:24.064,0.82413,0.8242,1.15,1.00
2014.03.04 07:56:26.315,0.82412,0.8242,2.40,1.00
2014.03.04 07:56:27.072,0.82412,0.8242,3.83,1.00
2014.03.04 07:56:27.274,0.82412,0.8242,1.50,1.18
2014.03.04 07:56:27.931,0.82412,0.82419,1.50,1.28
2014.03.04 07:56:28.185,0.82408,0.82415,4.20,1.00
2014.03.04 07:56:28.286,0.82408,0.82415,2.70,1.00
2014.03.04 07:56:29.167,0.82408,0.82415,2.78,1.00
2014.03.04 07:56:29.690,0.82408,0.82415,1.00,1.10
2014.03.04 07:56:30.199,0.82407,0.82415,3.45,1.10
2014.03.04 07:56:30.701,0.82407,0.82415,3.53,1.00
2014.03.04 07:56:32.673,0.82407,0.82415,3.53,1.00
2014.03.04 07:56:56.252,0.82407,0.82415,2.03,1.00
2014.03.04 07:56:56.757,0.82407,0.82415,2.03,1.00
2014.03.04 07:57:07.279,0.82408,0.82415,1.10,1.50
2014.03.04 07:57:09.224,0.82408,0.82415,2.03,1.00
2014.03.04 07:57:09.325,0.8241,0.82418,1.13,2.40
2014.03.04 07:57:12.946,0.8241,0.82418,1.95,1.20
2014.03.04 07:57:17.155,0.8241,0.82417,1.58,1.00
2014.03.04 07:57:17.358,0.82408,0.82415,2.40,1.00
2014.03.04 07:57:18.473,0.82408,0.82415,2.03,1.00
2014.03.04 07:57:25.175,0.82408,0.82415,1.10,1.00
2014.03.04 07:57:34.395,0.8241,0.82415,1.00,1.00
2014.03.04 07:57:34.649,0.82408,0.82415,1.20,1.00
2014.03.04 07:57:38.237,0.82408,0.82415,1.00,1.65
2014.03.04 07:57:38.803,0.82408,0.82415,1.00,1.58
2014.03.04 07:57:43.423,0.82408,0.82415,1.00,1.18
2014.03.04 07:57:44.082,0.82408,0.82415,1.00,1.10
2014.03.04 07:57:47.855,0.82408,0.82414,1.00,1.00
2014.03.04 07:57:48.388,0.82408,0.82415,1.00,1.10
2014.03.04 07:57:55.720,0.82408,0.82415,1.13,1.18
2014.03.04 07:57:56.228,0.82408,0.82415,1.13,1.10
2014.03.04 07:57:56.388,0.82408,0.82415,1.38,1.10
2014.03.04 07:58:02.058,0.8241,0.82415,1.38,1.00
2014.03.04 07:58:06.883,0.8241,0.82418,1.88,1.18
2014.03.04 07:58:07.456,0.8241,0.82418,2.78,1.00
2014.03.04 07:58:09.242,0.8241,0.82418,2.63,1.18
2014.03.04 07:58:15.738,0.8241,0.82418,2.70,1.20
2014.03.04 07:58:17.882,0.8241,0.82418,2.70,1.10
2014.03.04 07:58:22.821,0.8241,0.82418,1.13,1.18
2014.03.04 07:58:23.633,0.8241,0.82416,1.00,1.00
2014.03.04 07:58:24.138,0.8241,0.82416,1.00,1.28
2014.03.04 07:58:25.894,0.82409,0.82416,1.00,1.28
2014.03.04 07:58:26.096,0.82407,0.82416,1.00,2.78
2014.03.04 07:58:26.601,0.82406,0.82413,1.10,1.00
2014.03.04 07:58:29.108,0.82405,0.82413,1.95,1.10
2014.03.04 07:58:52.338,0.82405,0.82411,1.10,1.00
2014.03.04 07:58:59.064,0.82405,0.82412,1.10,1.00
2014.03.04 07:59:00.570,0.82405,0.82411,1.10,1.00
2014.03.04 07:59:01.599,0.82406,0.82415,1.38,2.78
2014.03.04 07:59:02.330,0.82406,0.82415,1.13,2.03
2014.03.04 07:59:03.370,0.82405,0.82412,1.10,1.00
2014.03.04 07:59:04.267,0.82405,0.82411,1.10,1.00
2014.03.04 07:59:06.138,0.82407,0.82411,1.50,1.00
2014.03.04 07:59:06.247,0.82405,0.82411,1.10,1.00
2014.03.04 07:59:08.594,0.82408,0.82413,1.00,1.48
2014.03.04 07:59:08.703,0.82405,0.82411,1.10,1.00
2014.03.04 07:59:10.753,0.82405,0.82412,1.10,1.13
2014.03.04 07:59:22.144,0.82403,0.82411,1.15,1.00
2014.03.04 07:59:26.922,0.82403,0.82411,1.08,1.00
2014.03.04 07:59:27.443,0.82403,0.82411,1.15,1.00
2014.03.04 07:59:27.911,0.82405,0.82412,2.33,1.13
2014.03.04 07:59:28.204,0.82403,0.82411,1.15,1.00
2014.03.04 07:59:28.417,0.82404,0.82411,2.33,1.00
2014.03.04 07:59:28.644,0.82403,0.82411,1.15,1.00
2014.03.04 07:59:30.615,0.82403,0.8241,1.65,1.00
2014.03.04 07:59:31.476,0.82401,0.8241,1.65,1.88
2014.03.04 07:59:45.578,0.82403,0.82407,1.10,1.00
2014.03.04 07:59:46.089,0.82402,0.82406,1.00,1.00
2014.03.04 07:59:46.190,0.824,0.82406,1.10,1.00
2014.03.04 07:59:46.493,0.82402,0.82406,1.00,1.00
2014.03.04 07:59:47.002,0.82401,0.82407,1.00,1.00
2014.03.04 07:59:47.549,0.824,0.82407,1.10,1.00
2014.03.04 07:59:48.223,0.824,0.82407,1.58,1.00
2014.03.04 07:59:49.768,0.82402,0.82407,1.00,1.00
2014.03.04 07:59:50.278,0.82401,0.82408,1.58,1.00
2014.03.04 07:59:50.803,0.82401,0.82409,1.58,1.10
2014.03.04 07:59:51.336,0.82401,0.82408,1.18,1.00
2014.03.04 07:59:53.136,0.82401,0.82408,1.20,1.00
2014.03.04 07:59:54.252,0.82401,0.82409,1.58,1.10
2014.03.04 07:59:58.581,0.82401,0.82406,1.10,1.00
2014.03.04 07:59:58.887,0.82399,0.82406,1.20,1.00
2014.03.04 07:59:59.393,0.82399,0.82407,1.10,1.10
2014.03.04 07:59:59.899,0.82399,0.82406,1.10,1.00
