2014.03.04 03:00:00.348,0.82444,0.82448,1.00,1.00
2014.03.04 03:00:00.602,0.82442,0.82448,1.00,1.00
2014.03.04 03:00:00.754,0.82442,0.8245,1.00,1.00
2014.03.04 03:00:00.906,0.82444,0.8245,1.00,1.00
2014.03.04 03:00:01.159,0.82442,0.8245,1.00,1.00
2014.03.04 03:00:01.664,0.82442,0.82449,1.88,1.00
2014.03.04 03:00:02.935,0.82442,0.8245,1.00,1.00
2014.03.04 03:00:03.578,0.82442,0.82451,1.00,1.50
2014.03.04 03:00:04.159,0.82443,0.82451,1.00,1.00
2014.03.04 03:00:04.614,0.82443,0.82449,1.00,1.00
2014.03.04 03:00:05.120,0.8244,0.82448,1.00,1.50
2014.03.04 03:00:06.176,0.82439,0.82447,1.50,1.00
2014.03.04 03:00:09.673,0.8244,0.82447,1.00,1.00
2014.03.04 03:00:10.231,0.82439,0.82447,2.25,1.00
2014.03.04 03:00:11.145,0.82441,0.82449,1.00,1.50
2014.03.04 03:00:13.293,0.82441,0.82447,1.50,1.00
2014.03.04 03:00:13.799,0.8244,0.82447,1.00,1.50
2014.03.04 03:00:14.857,0.8244,0.82448,1.50,1.00
2014.03.04 03:00:31.954,0.8244,0.82447,1.50,1.00
2014.03.04 03:00:42.824,0.82437,0.82445,1.50,1.50
2014.03.04 03:00:48.106,0.8244,0.82447,1.00,1.00
2014.03.04 03:00:48.460,0.82437,0.82445,1.50,1.00
2014.03.04 03:01:04.160,0.82438,0.82445,1.00,1.00
2014.03.04 03:01:21.127,0.82437,0.82445,1.50,1.88
2014.03.04 03:01:21.633,0.82438,0.82445,1.00,1.00
2014.03.04 03:01:21.684,0.8244,0.82447,1.00,1.13
2014.03.04 03:01:22.192,0.8244,0.82448,1.00,1.50
2014.03.04 03:01:22.705,0.8244,0.82447,1.00,1.00
2014.03.04 03:01:48.401,0.8244,0.82448,1.00,2.25
2014.03.04 03:01:51.903,0.82445,0.82449,1.00,1.00
2014.03.04 03:01:52.005,0.82445,0.8245,1.00,1.00
2014.03.04 03:01:52.106,0.82442,0.8245,1.00,1.50
2014.03.04 03:02:36.569,0.82443,0.8245,1.00,1.00
2014.03.04 03:02:52.315,0.82443,0.82452,1.00,1.00
2014.03.04 03:02:58.585,0.82443,0.82453,1.38,1.50
2014.03.04 03:02:58.928,0.82447,0.82453,1.00,1.50
2014.03.04 03:03:17.014,0.82447,0.82454,1.00,1.00
2014.03.04 03:03:55.273,0.82444,0.82454,1.38,1.00
2014.03.04 03:03:55.791,0.82452,0.82456,1.00,1.00
2014.03.04 03:03:55.841,0.82449,0.82455,1.00,1.13
2014.03.04 03:04:19.364,0.82451,0.82456,1.00,1.50
2014.03.04 03:04:19.904,0.82452,0.82456,1.00,1.00
2014.03.04 03:04:19.955,0.82449,0.82456,1.00,1.00
2014.03.04 03:04:20.505,0.82449,0.82455,1.00,1.50
2014.03.04 03:04:29.526,0.82448,0.82455,1.00,1.50
2014.03.04 03:04:40.699,0.82448,0.82454,1.00,1.00
2014.03.04 03:04:40.952,0.82451,0.82455,1.00,1.00
2014.03.04 03:04:41.307,0.82449,0.82455,1.00,1.50
2014.03.04 03:04:41.409,0.82451,0.82455,1.00,1.50
2014.03.04 03:04:41.611,0.82449,0.82455,1.00,1.00
2014.03.04 03:04:43.215,0.82449,0.82454,1.00,1.00
2014.03.04 03:04:51.103,0.82449,0.82455,1.00,1.88
2014.03.04 03:05:03.826,0.8245,0.82455,1.00,1.50
2014.03.04 03:05:04.181,0.82452,0.82458,1.00,1.00
2014.03.04 03:05:04.232,0.82452,0.82459,1.00,1.13
2014.03.04 03:05:04.739,0.82452,0.8246,1.00,1.00
2014.03.04 03:05:05.258,0.82451,0.82459,2.25,1.00
2014.03.04 03:05:09.134,0.82452,0.82459,1.00,1.00
2014.03.04 03:05:13.200,0.82451,0.82459,2.25,1.00
2014.03.04 03:05:31.027,0.82453,0.82459,1.00,1.00
2014.03.04 03:05:31.129,0.82454,0.82462,1.50,1.00
2014.03.04 03:05:31.332,0.82456,0.82463,1.00,1.00
2014.03.04 03:05:37.399,0.82455,0.82462,1.00,1.00
2014.03.04 03:05:37.904,0.82454,0.82462,1.00,1.00
2014.03.04 03:06:02.307,0.82456,0.82463,1.00,1.00
2014.03.04 03:06:12.957,0.82456,0.82464,1.00,2.25
2014.03.04 03:06:39.558,0.82456,0.82463,1.00,1.00
2014.03.04 03:06:46.868,0.82455,0.82465,1.00,1.13
2014.03.04 03:06:47.391,0.82456,0.82464,1.00,1.00
2014.03.04 03:06:52.510,0.82457,0.82464,1.00,1.00
2014.03.04 03:06:56.647,0.82459,0.82467,1.00,1.88
2014.03.04 03:07:09.879,0.82459,0.82464,1.00,1.00
2014.03.04 03:07:41.202,0.82458,0.82464,1.00,1.00
2014.03.04 03:07:43.188,0.82454,0.82461,1.00,1.00
2014.03.04 03:07:43.441,0.82453,0.8246,1.13,1.00
2014.03.04 03:07:43.745,0.82449,0.82455,1.00,1.00
2014.03.04 03:07:56.450,0.8245,0.82455,1.00,1.00
2014.03.04 03:07:57.012,0.82449,0.82455,1.00,1.00
2014.03.04 03:07:57.215,0.82447,0.82455,1.88,1.00
2014.03.04 03:07:57.620,0.82444,0.82452,1.50,1.00
2014.03.04 03:07:58.127,0.82444,0.82453,1.50,1.00
2014.03.04 03:08:09.069,0.82445,0.82453,1.00,1.00
2014.03.04 03:08:09.634,0.82445,0.82452,1.00,1.00
2014.03.04 03:08:39.622,0.82446,0.82452,1.00,1.00
2014.03.04 03:08:41.570,0.82446,0.82453,1.00,1.00
2014.03.04 03:08:45.454,0.82446,0.82452,1.00,1.00
2014.03.04 03:08:50.067,0.82446,0.82453,1.00,1.00
2014.03.04 03:08:50.978,0.82446,0.82454,1.00,1.00
2014.03.04 03:08:54.057,0.82446,0.82453,1.00,1.00
2014.03.04 03:08:54.361,0.82449,0.82453,1.00,1.00
2014.03.04 03:09:28.636,0.82449,0.82455,1.00,2.63
2014.03.04 03:09:29.143,0.82449,0.82453,1.00,1.00
2014.03.04 03:09:53.251,0.82449,0.82454,1.00,1.00
2014.03.04 03:09:53.878,0.82449,0.82455,1.00,1.88
2014.03.04 03:09:54.184,0.82445,0.82455,1.00,1.88
2014.03.04 03:10:00.797,0.82445,0.82454,1.00,1.00
2014.03.04 03:10:01.311,0.82444,0.82454,1.00,1.50
2014.03.04 03:10:03.464,0.82445,0.82454,1.50,1.00
2014.03.04 03:10:04.674,0.82445,0.82455,1.50,1.50
2014.03.04 03:10:04.979,0.82447,0.82457,1.00,1.00
2014.03.04 03:10:26.116,0.82447,0.82457,1.00,1.88
2014.03.04 03:10:44.897,0.82446,0.82456,1.50,1.13
2014.03.04 03:10:53.203,0.82447,0.82457,1.00,1.13
2014.03.04 03:10:53.709,0.82448,0.82457,1.00,1.13
2014.03.04 03:10:54.217,0.82447,0.82457,1.00,1.88
2014.03.04 03:10:54.725,0.82447,0.82456,1.00,1.00
2014.03.04 03:11:34.904,0.82447,0.82457,1.00,1.50
2014.03.04 03:11:35.642,0.82446,0.82456,1.00,1.00
2014.03.04 03:11:56.059,0.82447,0.82457,1.00,1.50
2014.03.04 03:12:11.528,0.82448,0.82457,1.00,1.00
2014.03.04 03:12:12.161,0.82447,0.82457,1.50,1.50
2014.03.04 03:12:12.615,0.82447,0.82455,1.00,1.00
2014.03.04 03:12:18.994,0.82447,0.82456,1.00,1.00
2014.03.04 03:12:30.351,0.82445,0.82455,1.00,1.38
2014.03.04 03:12:30.655,0.82449,0.82455,1.00,1.13
2014.03.04 03:12:31.184,0.82449,0.82456,1.00,1.88
2014.03.04 03:12:32.072,0.82449,0.82455,1.00,1.00
2014.03.04 03:12:32.377,0.82449,0.82453,1.00,1.00
2014.03.04 03:12:56.570,0.82448,0.82453,1.00,1.00
2014.03.04 03:13:00.121,0.82449,0.82453,1.00,1.00
2014.03.04 03:13:11.307,0.82449,0.82456,1.00,1.88
2014.03.04 03:13:11.358,0.82449,0.82456,1.00,1.50
2014.03.04 03:13:17.753,0.82449,0.82455,1.00,1.00
2014.03.04 03:13:19.001,0.82449,0.82456,1.00,1.00
2014.03.04 03:13:19.506,0.8245,0.82457,1.00,1.00
2014.03.04 03:13:20.014,0.82451,0.82458,1.50,1.00
2014.03.04 03:13:25.268,0.82451,0.82459,1.50,1.13
2014.03.04 03:13:38.544,0.82451,0.82459,1.00,1.88
2014.03.04 03:13:48.375,0.82451,0.82459,1.00,1.88
2014.03.04 03:14:19.895,0.82449,0.82459,1.00,1.00
2014.03.04 03:14:52.599,0.8245,0.82459,1.00,1.00
2014.03.04 03:14:58.720,0.8245,0.8246,1.50,1.50
2014.03.04 03:15:00.265,0.82451,0.8246,1.00,1.00
2014.03.04 03:15:08.256,0.82452,0.8246,1.00,1.00
2014.03.04 03:15:19.060,0.82452,0.82461,1.00,1.50
2014.03.04 03:15:59.960,0.82452,0.8246,1.00,1.00
2014.03.04 03:16:08.562,0.8245,0.8246,1.00,1.00
2014.03.04 03:16:52.281,0.8245,0.82457,1.00,1.00
2014.03.04 03:16:57.488,0.8245,0.8246,1.00,1.00
2014.03.04 03:17:00.063,0.82449,0.82461,1.13,1.00
2014.03.04 03:17:01.954,0.82451,0.82461,1.00,1.50
2014.03.04 03:17:22.989,0.82451,0.8246,1.00,1.00
2014.03.04 03:17:34.636,0.82452,0.82462,1.00,1.00
2014.03.04 03:17:48.615,0.82453,0.82462,1.00,1.00
2014.03.04 03:17:48.817,0.82455,0.82462,1.00,1.00
2014.03.04 03:17:49.342,0.82455,0.82463,1.00,1.50
2014.03.04 03:18:00.902,0.82455,0.82462,1.00,1.00
2014.03.04 03:18:02.633,0.82457,0.82463,1.00,2.25
2014.03.04 03:18:02.836,0.82455,0.82463,1.88,1.50
2014.03.04 03:18:03.140,0.82457,0.82464,1.50,1.00
2014.03.04 03:18:03.344,0.82457,0.82466,1.50,1.00
2014.03.04 03:18:03.597,0.82457,0.82464,1.00,1.00
2014.03.04 03:18:03.901,0.8246,0.82464,1.00,1.00
2014.03.04 03:18:06.582,0.82454,0.82463,1.13,1.00
2014.03.04 03:18:16.772,0.82453,0.82462,1.88,1.00
2014.03.04 03:18:20.883,0.82453,0.82463,2.63,1.13
2014.03.04 03:18:23.408,0.82453,0.82461,1.88,1.00
2014.03.04 03:18:23.612,0.82453,0.82461,1.88,1.00
2014.03.04 03:18:23.714,0.82452,0.82462,1.20,1.50
2014.03.04 03:18:23.916,0.82455,0.82462,1.00,1.50
2014.03.04 03:18:24.436,0.82455,0.82461,1.00,1.00
2014.03.04 03:18:35.283,0.82455,0.82462,1.00,1.00
2014.03.04 03:18:35.587,0.82453,0.8246,1.00,1.00
2014.03.04 03:18:37.830,0.82452,0.8246,2.25,1.00
2014.03.04 03:18:49.290,0.82452,0.8246,1.50,2.63
2014.03.04 03:18:49.443,0.8245,0.82459,1.00,1.88
2014.03.04 03:18:49.494,0.8245,0.82459,1.00,1.88
2014.03.04 03:18:49.820,0.8245,0.82455,1.00,1.00
2014.03.04 03:18:50.882,0.8245,0.82456,1.00,1.00
2014.03.04 03:18:51.742,0.82449,0.82456,1.00,1.00
2014.03.04 03:18:52.249,0.82449,0.82457,1.50,1.00
2014.03.04 03:19:21.357,0.82451,0.82457,1.00,1.00
2014.03.04 03:19:21.863,0.8245,0.82457,1.00,1.00
2014.03.04 03:19:24.561,0.82452,0.82457,1.00,1.00
2014.03.04 03:19:26.331,0.8245,0.82457,1.00,1.00
2014.03.04 03:19:28.159,0.8245,0.8246,1.00,1.00
2014.03.04 03:19:28.668,0.82451,0.82459,1.00,1.00
2014.03.04 03:19:29.750,0.82452,0.82459,1.13,1.00
2014.03.04 03:19:31.637,0.82454,0.82462,1.00,1.00
2014.03.04 03:19:34.997,0.82455,0.82462,1.00,1.00
2014.03.04 03:19:35.150,0.82459,0.82465,1.00,1.00
2014.03.04 03:19:35.656,0.82458,0.82465,1.88,1.00
2014.03.04 03:19:36.811,0.82457,0.82465,1.00,1.00
2014.03.04 03:19:53.046,0.82458,0.82465,1.00,1.00
2014.03.04 03:19:53.578,0.82457,0.82465,1.00,1.00
2014.03.04 03:19:54.167,0.82457,0.82466,1.00,1.00
2014.03.04 03:20:00.870,0.82457,0.82464,1.00,1.00
2014.03.04 03:20:01.846,0.82456,0.82464,1.00,1.00
2014.03.04 03:20:06.365,0.82456,0.82465,1.00,1.50
2014.03.04 03:20:07.790,0.82456,0.82464,1.00,1.00
2014.03.04 03:20:11.640,0.82456,0.82463,1.00,1.00
2014.03.04 03:20:13.586,0.82456,0.82465,1.00,1.00
2014.03.04 03:20:13.798,0.82457,0.82467,1.00,1.00
2014.03.04 03:20:14.306,0.82457,0.82466,1.00,1.00
2014.03.04 03:20:34.011,0.82456,0.82466,2.25,1.50
2014.03.04 03:20:36.495,0.82458,0.82466,1.00,1.00
2014.03.04 03:20:37.007,0.82457,0.82466,1.50,1.00
2014.03.04 03:20:38.922,0.82459,0.82467,1.00,1.00
2014.03.04 03:20:39.226,0.82461,0.82468,1.00,1.00
2014.03.04 03:21:13.818,0.82461,0.82466,1.00,1.00
2014.03.04 03:21:15.626,0.82461,0.82468,1.00,1.00
2014.03.04 03:21:22.885,0.82461,0.82466,1.00,1.00
2014.03.04 03:21:26.908,0.82461,0.82467,1.00,1.50
2014.03.04 03:21:39.388,0.82458,0.82467,1.00,1.00
2014.03.04 03:21:41.870,0.82459,0.82468,1.00,1.00
2014.03.04 03:21:42.022,0.8246,0.8247,1.00,1.00
2014.03.04 03:21:42.124,0.82462,0.8247,1.00,1.00
2014.03.04 03:21:42.327,0.82462,0.82472,1.50,1.00
2014.03.04 03:21:42.918,0.82462,0.82471,1.00,1.00
2014.03.04 03:21:48.315,0.82462,0.82472,1.50,1.00
2014.03.04 03:21:53.405,0.82462,0.82472,1.00,1.88
2014.03.04 03:21:53.506,0.8246,0.8247,1.88,1.00
2014.03.04 03:22:00.262,0.82462,0.8247,1.00,1.50
2014.03.04 03:22:02.929,0.82462,0.82469,1.00,1.50
2014.03.04 03:22:06.480,0.82462,0.8247,1.00,2.25
2014.03.04 03:22:09.418,0.82462,0.82469,1.00,1.00
2014.03.04 03:22:09.926,0.82462,0.8247,1.00,1.50
2014.03.04 03:23:00.259,0.82461,0.82471,1.00,1.88
2014.03.04 03:23:01.974,0.8246,0.8247,1.50,1.13
2014.03.04 03:23:26.403,0.82461,0.8247,1.00,1.00
2014.03.04 03:23:26.909,0.82462,0.8247,1.00,1.00
2014.03.04 03:23:46.984,0.82462,0.82469,1.00,1.00
2014.03.04 03:23:50.732,0.82462,0.8247,1.00,2.25
2014.03.04 03:24:23.825,0.82461,0.82468,1.00,1.00
2014.03.04 03:24:24.170,0.82457,0.82465,1.50,1.00
2014.03.04 03:25:14.132,0.82455,0.82463,2.25,1.00
2014.03.04 03:25:15.142,0.82457,0.82463,1.00,1.00
2014.03.04 03:25:35.959,0.82456,0.82463,1.50,1.00
2014.03.04 03:25:40.160,0.82458,0.82466,1.00,1.50
2014.03.04 03:25:40.413,0.82461,0.82467,1.00,1.00
2014.03.04 03:25:40.919,0.82461,0.82468,1.00,1.00
2014.03.04 03:25:41.831,0.82461,0.82467,1.00,1.00
2014.03.04 03:26:03.035,0.82461,0.82466,1.00,1.00
2014.03.04 03:26:24.008,0.82461,0.82467,1.00,1.00
2014.03.04 03:26:40.470,0.82457,0.82467,1.00,1.00
2014.03.04 03:26:41.239,0.8246,0.82467,1.00,1.00
2014.03.04 03:26:45.080,0.8246,0.82466,1.00,1.00
2014.03.04 03:26:57.957,0.82461,0.82466,1.00,1.00
2014.03.04 03:27:11.131,0.82459,0.82466,1.00,1.00
2014.03.04 03:27:25.899,0.82459,0.82467,1.00,2.63
2014.03.04 03:27:46.984,0.82459,0.82466,1.00,1.00
2014.03.04 03:28:06.931,0.82459,0.82465,1.00,1.00
2014.03.04 03:28:09.494,0.82459,0.82467,1.00,1.50
2014.03.04 03:28:10.001,0.82459,0.82468,2.25,1.00
2014.03.04 03:28:11.255,0.82459,0.82469,1.50,1.00
2014.03.04 03:28:13.390,0.82459,0.82468,1.00,1.00
2014.03.04 03:28:13.542,0.82457,0.82467,1.00,1.00
2014.03.04 03:28:14.047,0.82457,0.82466,1.00,1.00
2014.03.04 03:28:16.431,0.82456,0.82465,1.00,1.00
2014.03.04 03:28:17.197,0.82455,0.82465,1.00,1.50
2014.03.04 03:28:22.703,0.82455,0.82463,1.00,1.75
2014.03.04 03:28:23.007,0.8245,0.82457,1.00,1.38
2014.03.04 03:28:23.159,0.82449,0.82456,3.38,1.38
2014.03.04 03:28:23.307,0.82444,0.82451,1.00,1.00
2014.03.04 03:28:23.409,0.82444,0.82454,1.00,1.00
2014.03.04 03:28:23.967,0.82445,0.82454,1.00,1.00
2014.03.04 03:28:24.506,0.82444,0.82454,1.50,1.50
2014.03.04 03:28:25.943,0.82444,0.82451,1.00,1.00
2014.03.04 03:28:26.500,0.82441,0.82451,1.00,1.50
2014.03.04 03:28:27.827,0.82444,0.82451,1.00,1.00
2014.03.04 03:28:28.341,0.82443,0.82452,1.50,1.00
2014.03.04 03:28:28.856,0.82443,0.82452,1.88,1.00
2014.03.04 03:28:33.036,0.82443,0.82452,2.63,1.00
2014.03.04 03:28:33.188,0.82445,0.82454,1.13,1.00
2014.03.04 03:28:33.546,0.82445,0.82454,1.88,1.00
2014.03.04 03:28:33.850,0.82445,0.82454,1.50,1.00
2014.03.04 03:28:36.965,0.82444,0.82453,1.50,1.00
2014.03.04 03:28:37.067,0.82444,0.82453,1.00,1.00
2014.03.04 03:28:37.168,0.82441,0.82446,1.00,1.00
2014.03.04 03:28:37.270,0.82438,0.82446,1.13,1.00
2014.03.04 03:28:37.422,0.8244,0.82447,1.00,1.00
2014.03.04 03:28:37.928,0.82439,0.82448,1.00,1.00
2014.03.04 03:28:41.322,0.8244,0.82449,1.00,1.00
2014.03.04 03:28:43.563,0.8244,0.82449,1.38,1.00
2014.03.04 03:28:44.069,0.8244,0.82449,1.00,1.00
2014.03.04 03:28:46.091,0.8244,0.82449,1.38,1.00
2014.03.04 03:28:46.395,0.82444,0.82449,1.00,1.00
2014.03.04 03:28:48.609,0.82444,0.82452,1.00,1.00
2014.03.04 03:28:48.812,0.82447,0.82452,1.00,1.00
2014.03.04 03:28:59.767,0.82446,0.82452,1.00,1.00
2014.03.04 03:29:00.070,0.82444,0.82452,1.00,1.00
2014.03.04 03:29:01.481,0.82445,0.82452,1.00,1.00
2014.03.04 03:29:01.988,0.82444,0.82452,1.50,1.00
2014.03.04 03:29:02.495,0.82445,0.82452,1.50,1.00
2014.03.04 03:29:03.954,0.82446,0.82452,1.00,1.00
2014.03.04 03:29:09.153,0.82447,0.82452,1.00,1.00
2014.03.04 03:29:09.204,0.82449,0.82457,1.00,1.00
2014.03.04 03:29:09.408,0.82449,0.82454,1.00,1.00
2014.03.04 03:29:09.610,0.82449,0.82457,1.00,1.00
2014.03.04 03:29:09.661,0.82452,0.82457,1.00,1.00
2014.03.04 03:29:09.813,0.82452,0.8246,1.00,1.00
2014.03.04 03:29:09.931,0.82452,0.82457,1.00,1.00
2014.03.04 03:29:20.180,0.82451,0.82457,1.00,1.00
2014.03.04 03:29:54.540,0.8245,0.82457,1.00,1.00
2014.03.04 03:29:59.376,0.82447,0.82457,1.00,1.88
2014.03.04 03:29:59.529,0.82447,0.82455,1.00,1.00
2014.03.04 03:30:00.035,0.82446,0.82455,1.00,1.00
2014.03.04 03:30:00.587,0.82446,0.82456,2.25,1.00
2014.03.04 03:30:03.057,0.82446,0.82456,2.63,1.00
2014.03.04 03:30:03.571,0.82447,0.82457,1.00,1.50
2014.03.04 03:30:04.195,0.82447,0.82457,1.38,1.50
2014.03.04 03:30:04.651,0.82453,0.82457,1.00,1.00
2014.03.04 03:30:04.803,0.82453,0.82459,1.00,1.50
2014.03.04 03:30:05.316,0.82454,0.82459,1.00,1.00
2014.03.04 03:30:05.367,0.82452,0.82459,1.88,1.00
2014.03.04 03:30:05.571,0.82453,0.82463,1.50,1.00
2014.03.04 03:30:06.080,0.82454,0.82463,1.50,1.00
2014.03.04 03:30:09.367,0.82454,0.82462,1.00,1.00
2014.03.04 03:30:09.649,0.82452,0.82461,1.50,1.00
2014.03.04 03:30:10.211,0.82453,0.82461,1.00,1.00
2014.03.04 03:30:12.890,0.82452,0.82461,1.50,1.00
2014.03.04 03:30:17.216,0.82454,0.82461,1.00,1.00
2014.03.04 03:30:20.397,0.82452,0.82461,1.50,1.00
2014.03.04 03:30:21.360,0.82452,0.8246,1.50,1.00
2014.03.04 03:30:26.963,0.82452,0.82461,1.50,1.50
2014.03.04 03:30:28.491,0.82452,0.8246,1.00,1.50
2014.03.04 03:30:28.644,0.82452,0.82458,1.00,1.00
2014.03.04 03:30:28.948,0.82447,0.82455,1.38,1.00
2014.03.04 03:30:29.151,0.82448,0.82455,1.00,1.00
2014.03.04 03:30:29.303,0.82448,0.82457,1.00,1.00
2014.03.04 03:30:29.708,0.82447,0.82455,1.00,1.00
2014.03.04 03:30:31.034,0.82444,0.82454,1.00,1.00
2014.03.04 03:30:31.136,0.82442,0.82452,1.00,1.00
2014.03.04 03:30:31.940,0.82441,0.82449,1.50,1.00
2014.03.04 03:30:32.245,0.82439,0.82447,1.00,1.00
2014.03.04 03:30:32.852,0.82439,0.82448,1.13,1.00
2014.03.04 03:30:33.358,0.8244,0.82448,1.00,1.00
2014.03.04 03:30:33.865,0.82439,0.82448,1.00,1.00
2014.03.04 03:30:34.339,0.82439,0.82446,1.00,1.00
2014.03.04 03:30:35.192,0.8244,0.82446,1.00,1.00
2014.03.04 03:30:35.445,0.8244,0.82449,1.00,1.00
2014.03.04 03:30:36.718,0.82439,0.82449,1.50,1.50
2014.03.04 03:30:37.290,0.8244,0.82449,1.00,1.00
2014.03.04 03:30:37.831,0.82439,0.82449,1.50,1.50
2014.03.04 03:30:38.400,0.8244,0.82449,1.00,1.50
2014.03.04 03:30:38.553,0.8244,0.82447,1.00,1.00
2014.03.04 03:30:39.237,0.82439,0.82448,1.50,1.00
2014.03.04 03:30:40.778,0.8244,0.82448,1.00,1.00
2014.03.04 03:30:42.702,0.8244,0.82449,1.00,1.00
2014.03.04 03:30:46.373,0.82444,0.82449,1.00,1.00
2014.03.04 03:30:46.626,0.82441,0.82449,1.00,1.00
2014.03.04 03:30:47.132,0.82442,0.82451,1.00,1.50
2014.03.04 03:30:47.659,0.82443,0.82451,1.00,1.00
2014.03.04 03:30:48.560,0.82442,0.82451,2.25,1.00
2014.03.04 03:30:49.067,0.82443,0.82451,1.50,1.00
2014.03.04 03:30:49.676,0.82442,0.82451,1.50,1.00
2014.03.04 03:30:50.183,0.82443,0.82451,1.00,1.00
2014.03.04 03:30:51.446,0.82444,0.82451,1.00,1.00
2014.03.04 03:30:51.902,0.82446,0.82451,1.00,1.00
2014.03.04 03:30:53.952,0.82447,0.82451,1.00,1.00
2014.03.04 03:30:54.532,0.82448,0.82455,1.00,1.00
2014.03.04 03:30:55.490,0.82447,0.82451,1.00,1.00
2014.03.04 03:30:57.412,0.82446,0.82454,1.00,1.00
2014.03.04 03:30:57.919,0.82445,0.82454,1.50,1.00
2014.03.04 03:30:58.174,0.82448,0.82455,1.00,1.00
2014.03.04 03:30:58.720,0.82448,0.82456,1.00,1.00
2014.03.04 03:30:59.232,0.82448,0.82455,1.00,1.00
2014.03.04 03:30:59.903,0.82449,0.82455,1.00,1.00
2014.03.04 03:31:00.421,0.82449,0.82456,1.00,1.00
2014.03.04 03:31:07.653,0.82448,0.82456,1.00,1.00
2014.03.04 03:31:08.160,0.82447,0.82456,2.25,1.00
2014.03.04 03:31:15.474,0.82447,0.82456,1.50,1.88
2014.03.04 03:31:15.981,0.82448,0.82454,1.00,1.00
2014.03.04 03:31:16.539,0.82448,0.82453,1.00,1.00
2014.03.04 03:31:17.252,0.82448,0.82452,1.00,1.00
2014.03.04 03:31:17.961,0.82447,0.82452,1.00,1.00
2014.03.04 03:31:18.907,0.82447,0.82453,1.00,1.00
2014.03.04 03:31:24.392,0.82447,0.82455,1.00,1.00
2014.03.04 03:31:24.907,0.82446,0.82455,1.00,1.00
2014.03.04 03:31:25.493,0.82446,0.82456,1.50,1.00
2014.03.04 03:31:26.038,0.82447,0.82456,1.00,1.00
2014.03.04 03:31:26.751,0.82448,0.82456,1.00,1.00
2014.03.04 03:31:30.079,0.82448,0.82455,1.00,1.00
2014.03.04 03:31:30.766,0.82448,0.82456,1.00,1.00
2014.03.04 03:31:31.105,0.82448,0.82453,1.00,1.00
2014.03.04 03:31:32.753,0.82448,0.82454,1.00,1.50
2014.03.04 03:31:33.260,0.82448,0.82453,1.00,1.00
2014.03.04 03:31:33.412,0.82444,0.82454,1.00,2.25
2014.03.04 03:31:33.513,0.82444,0.82452,1.00,1.00
2014.03.04 03:31:33.817,0.82442,0.82449,1.00,1.00
2014.03.04 03:31:33.969,0.82443,0.82452,1.00,1.50
2014.03.04 03:31:34.475,0.82444,0.82452,1.00,1.00
2014.03.04 03:31:34.981,0.82444,0.82453,1.00,1.50
2014.03.04 03:31:35.560,0.82444,0.82452,1.00,1.00
2014.03.04 03:31:38.612,0.82445,0.82452,1.00,1.00
2014.03.04 03:31:39.137,0.82444,0.82452,1.00,1.00
2014.03.04 03:31:39.537,0.82444,0.82454,1.50,1.50
2014.03.04 03:31:40.439,0.82446,0.82454,1.00,1.50
2014.03.04 03:31:42.642,0.82446,0.82456,1.50,1.50
2014.03.04 03:31:42.896,0.82446,0.82454,1.00,1.00
2014.03.04 03:31:43.300,0.82446,0.82456,1.50,1.50
2014.03.04 03:31:49.906,0.82446,0.82455,1.50,1.00
2014.03.04 03:31:50.411,0.82446,0.82456,1.50,1.50
2014.03.04 03:31:53.310,0.82446,0.82455,1.50,1.00
2014.03.04 03:31:58.390,0.82446,0.82454,1.00,1.00
2014.03.04 03:32:07.558,0.82446,0.82453,1.00,1.00
2014.03.04 03:32:08.223,0.82446,0.82455,1.50,1.13
2014.03.04 03:32:08.652,0.82446,0.82453,1.00,1.00
2014.03.04 03:32:09.636,0.82446,0.82454,1.00,1.00
2014.03.04 03:32:12.626,0.82446,0.82453,1.00,1.00
2014.03.04 03:32:13.032,0.82443,0.82453,1.50,1.00
2014.03.04 03:32:20.438,0.82443,0.82453,1.50,1.88
2014.03.04 03:32:27.361,0.82444,0.82453,1.00,1.13
2014.03.04 03:32:27.513,0.82445,0.82455,1.00,2.25
2014.03.04 03:32:27.907,0.82446,0.82453,1.00,1.00
2014.03.04 03:32:28.678,0.82446,0.82455,1.00,1.50
2014.03.04 03:32:30.662,0.82445,0.82455,1.00,2.63
2014.03.04 03:32:31.170,0.82445,0.82454,1.00,1.00
2014.03.04 03:32:31.674,0.82444,0.82454,1.50,1.50
2014.03.04 03:32:32.079,0.82446,0.82454,1.00,1.00
2014.03.04 03:32:34.092,0.82447,0.82456,1.00,1.13
2014.03.04 03:32:34.194,0.82447,0.82454,1.00,1.00
2014.03.04 03:32:34.549,0.82445,0.82454,1.00,1.00
2014.03.04 03:32:35.095,0.82446,0.82455,1.50,1.00
2014.03.04 03:32:37.312,0.82448,0.82455,1.00,1.00
2014.03.04 03:32:37.837,0.82447,0.82455,1.00,1.00
2014.03.04 03:32:43.673,0.82445,0.82455,1.00,2.63
2014.03.04 03:32:45.187,0.82445,0.82454,1.00,1.00
2014.03.04 03:32:46.077,0.82446,0.82454,1.00,1.00
2014.03.04 03:32:46.667,0.82446,0.82455,1.00,1.13
2014.03.04 03:32:49.908,0.82445,0.82455,1.00,3.38
2014.03.04 03:32:51.550,0.82444,0.82454,2.25,1.00
2014.03.04 03:32:52.118,0.82445,0.82455,1.00,2.63
2014.03.04 03:32:52.632,0.82446,0.82455,1.00,1.13
2014.03.04 03:32:53.415,0.82446,0.82454,1.00,1.00
2014.03.04 03:32:53.947,0.82446,0.82455,1.00,1.13
2014.03.04 03:32:54.482,0.82446,0.82454,1.00,1.50
2014.03.04 03:32:59.125,0.82446,0.82455,1.00,1.00
2014.03.04 03:32:59.631,0.82447,0.82454,1.00,1.00
2014.03.04 03:32:59.935,0.82447,0.82452,1.00,1.00
2014.03.04 03:33:00.342,0.82444,0.82452,1.00,1.00
2014.03.04 03:33:00.874,0.82445,0.82452,1.00,1.00
2014.03.04 03:33:02.282,0.82445,0.82454,1.00,1.00
2014.03.04 03:33:02.613,0.82445,0.82452,1.00,1.00
2014.03.04 03:33:02.715,0.82445,0.82454,1.00,1.00
2014.03.04 03:33:12.349,0.82447,0.82454,1.00,1.00
2014.03.04 03:33:20.170,0.82447,0.82455,1.50,1.00
2014.03.04 03:33:20.692,0.82448,0.82455,1.00,1.00
2014.03.04 03:33:34.986,0.82448,0.82456,1.00,1.00
2014.03.04 03:33:42.180,0.8245,0.82458,1.00,1.50
2014.03.04 03:33:44.054,0.8245,0.82458,1.00,1.50
2014.03.04 03:33:44.207,0.82447,0.82455,1.00,1.00
2014.03.04 03:33:44.460,0.82447,0.82453,1.00,1.00
2014.03.04 03:33:44.562,0.82445,0.82453,1.00,1.00
2014.03.04 03:33:45.077,0.82445,0.82452,1.00,1.00
2014.03.04 03:33:45.341,0.82445,0.82454,1.00,2.48
2014.03.04 03:33:47.322,0.82446,0.82454,1.00,1.00
2014.03.04 03:33:47.526,0.82448,0.82456,1.00,1.00
2014.03.04 03:33:47.952,0.8245,0.82458,1.00,1.00
2014.03.04 03:33:48.508,0.8245,0.82459,1.50,1.00
2014.03.04 03:33:49.521,0.82451,0.82459,1.00,1.00
2014.03.04 03:33:51.079,0.8245,0.82459,2.25,1.00
2014.03.04 03:33:51.589,0.82451,0.82459,1.00,1.00
2014.03.04 03:33:53.159,0.82452,0.82459,1.00,1.00
2014.03.04 03:33:54.040,0.8245,0.82459,1.50,1.00
2014.03.04 03:33:54.091,0.82453,0.8246,1.00,1.50
2014.03.04 03:33:54.446,0.8245,0.82459,1.50,1.00
2014.03.04 03:33:54.649,0.82453,0.8246,1.00,1.00
2014.03.04 03:33:55.156,0.82453,0.82459,1.00,1.00
2014.03.04 03:33:55.926,0.82453,0.82458,1.00,1.00
2014.03.04 03:33:56.381,0.82453,0.8246,1.00,1.50
2014.03.04 03:33:56.685,0.82453,0.82458,1.00,1.00
2014.03.04 03:33:58.079,0.8245,0.82458,1.50,1.00
2014.03.04 03:33:58.585,0.8245,0.82459,1.50,1.00
2014.03.04 03:33:59.637,0.82453,0.82459,1.00,1.00
2014.03.04 03:34:00.168,0.82452,0.8246,1.00,1.13
2014.03.04 03:34:00.675,0.82452,0.82461,1.50,1.00
2014.03.04 03:34:02.851,0.82452,0.82462,1.50,1.88
2014.03.04 03:34:03.386,0.82452,0.82461,1.50,1.00
2014.03.04 03:34:04.962,0.82452,0.8246,1.00,1.00
2014.03.04 03:34:05.472,0.82452,0.82459,1.00,1.00
2014.03.04 03:34:06.009,0.82452,0.8246,1.00,1.13
2014.03.04 03:34:06.737,0.82452,0.8246,1.00,1.88
2014.03.04 03:34:07.294,0.82452,0.8246,1.00,1.88
2014.03.04 03:34:07.598,0.82452,0.82458,1.00,3.00
2014.03.04 03:34:07.700,0.8245,0.82457,1.00,1.00
2014.03.04 03:34:08.208,0.8245,0.82459,1.50,1.50
2014.03.04 03:34:08.710,0.8245,0.82459,1.50,1.13
2014.03.04 03:34:10.658,0.82453,0.82459,1.00,1.00
2014.03.04 03:34:10.861,0.8245,0.82459,1.50,1.50
2014.03.04 03:34:11.310,0.82453,0.8246,1.00,1.50
2014.03.04 03:34:12.665,0.82453,0.82461,1.00,1.50
2014.03.04 03:34:15.068,0.82453,0.82462,1.50,1.00
2014.03.04 03:34:15.653,0.82453,0.82459,1.50,1.00
2014.03.04 03:34:16.093,0.82449,0.82456,1.00,1.00
2014.03.04 03:34:16.399,0.8245,0.82456,1.00,1.00
2014.03.04 03:34:16.906,0.82449,0.82456,1.00,1.50
2014.03.04 03:34:17.007,0.82447,0.82456,1.50,1.50
2014.03.04 03:34:26.137,0.82448,0.82456,1.00,1.00
2014.03.04 03:34:27.099,0.82447,0.82456,1.50,1.00
2014.03.04 03:34:33.106,0.82447,0.82456,1.50,1.38
2014.03.04 03:34:33.461,0.8245,0.82454,1.00,1.00
2014.03.04 03:34:33.664,0.82445,0.82454,1.00,1.50
2014.03.04 03:34:33.868,0.82447,0.82453,1.00,1.50
2014.03.04 03:34:34.172,0.82445,0.82452,1.00,2.63
2014.03.04 03:34:34.487,0.82442,0.82448,1.50,1.00
2014.03.04 03:34:37.592,0.82442,0.82449,1.00,1.00
2014.03.04 03:34:40.253,0.82442,0.82451,1.00,2.63
2014.03.04 03:34:40.405,0.82444,0.8245,1.00,1.50
2014.03.04 03:34:40.607,0.82442,0.8245,1.00,1.88
2014.03.04 03:34:41.418,0.82444,0.8245,1.00,1.00
2014.03.04 03:34:41.722,0.82442,0.8245,1.00,1.50
2014.03.04 03:34:42.279,0.82442,0.82451,1.00,2.25
2014.03.04 03:34:42.380,0.82444,0.82451,1.00,1.88
2014.03.04 03:34:42.640,0.82442,0.82451,1.00,2.63
2014.03.04 03:34:43.145,0.8244,0.82448,1.00,1.00
2014.03.04 03:34:43.400,0.8244,0.8245,1.00,1.13
2014.03.04 03:34:43.936,0.82439,0.82449,1.50,1.50
2014.03.04 03:34:44.728,0.82441,0.82449,1.00,1.00
2014.03.04 03:34:49.201,0.82441,0.8245,1.00,1.50
2014.03.04 03:34:49.709,0.8244,0.82449,1.00,1.00
2014.03.04 03:34:50.369,0.82441,0.82449,1.00,1.00
2014.03.04 03:34:50.878,0.8244,0.82449,1.00,1.00
2014.03.04 03:34:51.384,0.82441,0.82449,1.00,1.00
2014.03.04 03:34:54.929,0.82441,0.8245,1.00,1.50
2014.03.04 03:34:56.896,0.82441,0.82451,1.50,1.13
2014.03.04 03:34:58.331,0.82441,0.82449,1.00,1.00
2014.03.04 03:34:58.920,0.82441,0.8245,1.50,1.00
2014.03.04 03:35:00.200,0.82441,0.82451,1.50,1.13
2014.03.04 03:35:04.170,0.82443,0.82451,1.00,1.00
2014.03.04 03:35:04.719,0.82443,0.82453,2.25,1.00
2014.03.04 03:35:06.533,0.82443,0.82453,2.63,1.00
2014.03.04 03:35:06.736,0.82446,0.82454,1.00,1.00
2014.03.04 03:35:07.039,0.82448,0.82454,1.00,1.00
2014.03.04 03:35:07.141,0.82449,0.82457,1.00,1.00
2014.03.04 03:35:07.646,0.82449,0.82458,1.50,1.00
2014.03.04 03:35:07.899,0.82451,0.82458,1.00,1.00
2014.03.04 03:35:09.326,0.82451,0.82459,1.00,1.13
2014.03.04 03:35:12.996,0.82451,0.8246,1.00,1.50
2014.03.04 03:35:13.605,0.82452,0.82461,1.00,2.25
2014.03.04 03:35:22.070,0.82453,0.82461,1.00,1.50
2014.03.04 03:35:37.330,0.82453,0.82462,1.00,1.00
2014.03.04 03:35:37.634,0.82457,0.82464,1.00,1.13
2014.03.04 03:35:38.860,0.82457,0.82462,1.00,1.00
2014.03.04 03:35:39.163,0.82455,0.82462,1.00,1.00
2014.03.04 03:35:40.470,0.82455,0.82461,1.00,1.00
2014.03.04 03:35:40.824,0.82454,0.82464,1.50,2.63
2014.03.04 03:35:40.875,0.82454,0.82462,1.50,1.00
2014.03.04 03:35:43.587,0.82454,0.82463,1.50,1.00
2014.03.04 03:35:43.892,0.82457,0.82464,1.00,1.13
2014.03.04 03:35:45.183,0.82457,0.82465,1.00,1.88
2014.03.04 03:35:51.405,0.82454,0.82461,1.00,1.00
2014.03.04 03:35:52.521,0.82452,0.82461,1.00,1.88
2014.03.04 03:35:55.365,0.82452,0.8246,1.00,1.00
2014.03.04 03:35:55.876,0.82452,0.82459,1.00,1.00
2014.03.04 03:35:56.027,0.82452,0.82461,1.00,1.50
2014.03.04 03:36:11.839,0.82453,0.82461,1.00,1.50
2014.03.04 03:36:12.345,0.82454,0.82461,1.13,1.00
2014.03.04 03:36:13.127,0.82454,0.82462,1.00,1.00
2014.03.04 03:36:13.584,0.82452,0.82461,1.00,1.00
2014.03.04 03:36:14.331,0.82452,0.8246,1.00,1.00
2014.03.04 03:36:19.136,0.82452,0.82461,1.00,1.50
2014.03.04 03:36:26.989,0.82452,0.8246,1.00,1.00
2014.03.04 03:36:28.230,0.82451,0.8246,1.00,1.13
2014.03.04 03:36:41.904,0.82452,0.82461,1.00,1.50
2014.03.04 03:36:49.117,0.82453,0.82461,1.00,1.88
2014.03.04 03:36:58.040,0.82452,0.82461,1.00,1.00
2014.03.04 03:37:11.507,0.82452,0.8246,1.00,1.13
2014.03.04 03:37:11.608,0.82451,0.8246,1.00,1.88
2014.03.04 03:37:11.962,0.82449,0.82457,1.50,1.13
2014.03.04 03:37:12.115,0.82449,0.82454,1.00,1.00
2014.03.04 03:37:12.318,0.82447,0.82456,2.25,1.13
2014.03.04 03:37:12.824,0.82448,0.82456,1.00,1.00
2014.03.04 03:37:13.330,0.82447,0.82456,1.50,1.00
2014.03.04 03:37:27.492,0.82449,0.82456,1.00,1.00
2014.03.04 03:37:44.062,0.82448,0.82456,1.00,2.63
2014.03.04 03:37:44.389,0.82445,0.82453,1.00,1.50
2014.03.04 03:37:44.899,0.82444,0.82451,1.00,1.00
2014.03.04 03:37:48.294,0.82442,0.82451,1.50,1.50
2014.03.04 03:37:51.820,0.82443,0.82451,1.00,1.50
2014.03.04 03:38:25.353,0.82442,0.82451,2.25,1.00
2014.03.04 03:38:27.931,0.82443,0.82451,1.00,1.00
2014.03.04 03:38:33.090,0.82442,0.82451,1.50,1.00
2014.03.04 03:38:36.744,0.82443,0.82451,1.00,1.00
2014.03.04 03:38:44.459,0.82443,0.82452,1.00,1.00
2014.03.04 03:38:46.754,0.82442,0.82452,1.00,1.50
2014.03.04 03:38:58.534,0.82442,0.82451,1.00,1.00
2014.03.04 03:38:58.636,0.8244,0.8245,1.00,1.00
2014.03.04 03:38:59.144,0.82441,0.82451,1.00,1.13
2014.03.04 03:39:03.314,0.82441,0.8245,1.00,1.00
2014.03.04 03:39:04.068,0.82443,0.82451,1.00,1.00
2014.03.04 03:39:04.574,0.82443,0.82452,1.00,1.00
2014.03.04 03:39:08.256,0.82444,0.82453,1.00,1.13
2014.03.04 03:39:12.171,0.82443,0.82453,1.00,1.13
2014.03.04 03:39:17.377,0.82444,0.82453,1.00,1.13
2014.03.04 03:39:17.883,0.82445,0.82454,1.00,1.00
2014.03.04 03:39:18.520,0.82444,0.82454,2.25,1.50
2014.03.04 03:39:21.260,0.82445,0.82454,1.00,1.50
2014.03.04 03:39:21.769,0.82446,0.82454,1.00,1.00
2014.03.04 03:39:23.141,0.82445,0.82454,1.00,1.00
2014.03.04 03:39:27.453,0.82446,0.82454,1.00,1.00
2014.03.04 03:39:34.288,0.82445,0.82454,1.00,1.50
2014.03.04 03:39:41.105,0.82446,0.82454,1.00,1.00
2014.03.04 03:39:45.969,0.82445,0.82454,2.25,1.00
2014.03.04 03:40:14.406,0.82445,0.82453,1.00,1.00
2014.03.04 03:40:14.961,0.82445,0.82452,1.00,1.00
2014.03.04 03:40:15.651,0.82444,0.82452,1.00,1.00
2014.03.04 03:40:16.333,0.82443,0.82452,1.00,1.38
2014.03.04 03:40:16.537,0.82441,0.8245,1.00,1.88
2014.03.04 03:40:16.588,0.82444,0.8245,1.00,2.63
2014.03.04 03:40:16.791,0.8244,0.82449,1.00,1.50
2014.03.04 03:40:17.332,0.82439,0.82449,2.25,1.50
2014.03.04 03:40:36.955,0.82439,0.82448,1.00,1.00
2014.03.04 03:40:39.228,0.82439,0.82446,1.00,1.00
2014.03.04 03:40:39.532,0.82439,0.82444,1.00,1.00
2014.03.04 03:40:39.684,0.82436,0.82444,1.00,1.00
2014.03.04 03:40:55.867,0.82434,0.82444,2.25,1.00
2014.03.04 03:40:56.072,0.82436,0.82444,1.00,1.00
2014.03.04 03:40:56.529,0.82434,0.82444,3.00,1.00
2014.03.04 03:40:56.631,0.82436,0.82444,1.00,1.00
2014.03.04 03:40:56.834,0.82436,0.82446,2.25,1.50
2014.03.04 03:40:57.289,0.82438,0.82446,1.00,1.50
2014.03.04 03:40:57.790,0.82439,0.82446,1.00,1.00
2014.03.04 03:40:58.762,0.82439,0.82448,1.00,1.50
2014.03.04 03:40:59.610,0.82442,0.82448,1.00,1.00
2014.03.04 03:40:59.762,0.82442,0.8245,1.00,1.00
2014.03.04 03:41:00.167,0.82439,0.82446,1.50,1.00
2014.03.04 03:41:00.682,0.8244,0.82447,1.00,1.00
2014.03.04 03:41:05.076,0.82437,0.82445,1.50,1.00
2014.03.04 03:41:05.585,0.82438,0.82445,1.00,1.00
2014.03.04 03:41:22.137,0.8244,0.82448,1.00,1.50
2014.03.04 03:41:25.162,0.8244,0.82447,1.00,1.00
2014.03.04 03:41:25.264,0.82437,0.82445,1.50,1.00
2014.03.04 03:41:25.811,0.82438,0.82445,1.00,1.00
2014.03.04 03:41:26.320,0.82437,0.82445,1.50,1.00
2014.03.04 03:41:29.852,0.82435,0.82443,2.25,1.00
2014.03.04 03:41:30.157,0.82437,0.82443,1.00,1.00
2014.03.04 03:41:34.164,0.82437,0.82442,1.00,1.00
2014.03.04 03:41:34.772,0.82437,0.82443,1.50,1.00
2014.03.04 03:41:35.075,0.82439,0.82445,1.00,1.00
2014.03.04 03:41:35.126,0.82437,0.82445,2.25,1.00
2014.03.04 03:41:35.792,0.82438,0.82445,1.00,1.00
2014.03.04 03:41:36.308,0.82437,0.82445,3.00,1.00
2014.03.04 03:41:36.903,0.82437,0.82447,2.25,1.13
2014.03.04 03:41:37.156,0.82437,0.82445,2.25,1.00
2014.03.04 03:41:37.460,0.8244,0.82447,1.00,1.00
2014.03.04 03:41:37.561,0.82437,0.82445,2.25,1.00
2014.03.04 03:41:37.764,0.8244,0.82445,1.00,1.00
2014.03.04 03:41:38.115,0.82442,0.8245,1.00,1.50
2014.03.04 03:41:50.501,0.82445,0.82451,1.00,1.00
2014.03.04 03:41:50.644,0.82442,0.8245,1.00,1.50
2014.03.04 03:41:52.911,0.82445,0.82452,1.00,1.00
2014.03.04 03:41:53.436,0.82444,0.82452,1.50,1.00
2014.03.04 03:41:59.361,0.82446,0.82452,1.00,1.00
2014.03.04 03:41:59.896,0.82446,0.82453,1.00,1.00
2014.03.04 03:42:00.916,0.82446,0.82452,1.00,1.00
2014.03.04 03:42:04.373,0.82445,0.82452,1.00,1.00
2014.03.04 03:42:04.911,0.82444,0.82453,1.50,1.00
2014.03.04 03:42:17.993,0.82444,0.82452,1.50,1.00
2014.03.04 03:42:18.246,0.82442,0.82451,1.50,1.00
2014.03.04 03:42:18.449,0.82445,0.82452,1.00,1.00
2014.03.04 03:42:18.753,0.82443,0.8245,1.00,1.00
2014.03.04 03:42:21.051,0.82444,0.8245,1.00,1.00
2014.03.04 03:42:21.406,0.82445,0.82453,1.00,1.50
2014.03.04 03:42:31.105,0.82445,0.8245,1.00,1.00
2014.03.04 03:42:31.258,0.82443,0.8245,1.00,1.00
2014.03.04 03:42:31.779,0.82442,0.8245,1.50,1.50
2014.03.04 03:42:32.835,0.82443,0.8245,1.50,1.00
2014.03.04 03:42:33.351,0.82444,0.8245,1.00,1.00
2014.03.04 03:42:35.877,0.82445,0.82453,1.00,1.00
2014.03.04 03:42:46.239,0.82446,0.82453,1.00,1.00
2014.03.04 03:42:46.748,0.82445,0.82453,2.25,1.00
2014.03.04 03:43:04.069,0.82446,0.82453,1.00,1.00
2014.03.04 03:43:04.648,0.82445,0.82453,1.50,1.00
2014.03.04 03:43:05.154,0.82446,0.82453,1.00,1.00
2014.03.04 03:43:10.111,0.82447,0.82455,1.00,1.00
2014.03.04 03:43:10.654,0.82448,0.82455,1.00,1.00
2014.03.04 03:43:16.494,0.82447,0.82455,3.00,1.00
2014.03.04 03:43:17.069,0.82448,0.82455,1.50,1.00
2014.03.04 03:43:21.379,0.82447,0.82455,2.25,1.00
2014.03.04 03:43:21.633,0.82446,0.82453,1.00,1.00
2014.03.04 03:43:22.141,0.82447,0.82454,1.00,1.00
2014.03.04 03:43:42.070,0.82447,0.82453,1.00,1.00
2014.03.04 03:43:42.926,0.82445,0.82453,1.00,1.50
2014.03.04 03:43:43.432,0.82445,0.82452,1.00,1.00
2014.03.04 03:44:16.195,0.82445,0.82453,1.00,1.50
2014.03.04 03:44:16.707,0.82444,0.8245,1.00,1.00
2014.03.04 03:44:17.757,0.82445,0.8245,1.00,1.00
2014.03.04 03:44:38.546,0.82444,0.8245,1.00,1.00
2014.03.04 03:44:46.254,0.82445,0.8245,1.00,1.00
2014.03.04 03:44:50.217,0.82444,0.8245,1.00,1.00
2014.03.04 03:44:54.798,0.82443,0.8245,1.00,1.00
2014.03.04 03:45:19.982,0.82443,0.82451,1.00,1.00
2014.03.04 03:45:23.559,0.82444,0.82451,1.00,1.00
2014.03.04 03:45:25.552,0.82443,0.82451,1.50,1.00
2014.03.04 03:45:28.397,0.82444,0.82451,1.00,1.00
2014.03.04 03:45:33.154,0.82445,0.82451,1.00,1.00
2014.03.04 03:45:35.235,0.82446,0.82451,1.00,1.00
2014.03.04 03:45:37.626,0.82445,0.82451,1.00,1.00
2014.03.04 03:45:42.249,0.82446,0.82451,1.00,1.00
2014.03.04 03:45:48.925,0.82445,0.82451,1.00,1.00
2014.03.04 03:45:53.126,0.82446,0.82451,1.00,1.00
2014.03.04 03:45:55.870,0.82445,0.82451,1.00,1.00
2014.03.04 03:46:01.660,0.82444,0.82451,1.50,1.00
2014.03.04 03:46:14.055,0.82445,0.82451,1.00,1.00
2014.03.04 03:46:14.360,0.82447,0.82451,1.50,1.00
2014.03.04 03:46:14.866,0.82447,0.82453,1.50,1.00
2014.03.04 03:46:15.642,0.8245,0.82456,1.00,1.00
2014.03.04 03:46:16.097,0.8245,0.82458,1.00,3.00
2014.03.04 03:46:17.863,0.82452,0.82458,1.00,1.00
2014.03.04 03:46:18.406,0.82451,0.82458,1.00,1.00
2014.03.04 03:46:31.903,0.82448,0.82458,2.25,1.00
2014.03.04 03:46:32.830,0.82448,0.82457,1.00,1.00
2014.03.04 03:46:33.336,0.82447,0.82456,1.50,1.00
2014.03.04 03:46:34.248,0.82448,0.82456,1.00,1.00
2014.03.04 03:46:38.181,0.82448,0.82455,1.00,1.00
2014.03.04 03:46:38.687,0.82447,0.82455,1.50,1.00
2014.03.04 03:46:39.217,0.82447,0.82456,1.50,1.88
2014.03.04 03:46:39.788,0.82447,0.82456,1.50,3.38
2014.03.04 03:46:49.615,0.82447,0.82456,1.50,3.38
2014.03.04 03:46:52.649,0.82447,0.82454,1.50,1.00
2014.03.04 03:46:53.271,0.82447,0.82455,1.50,2.25
2014.03.04 03:46:56.106,0.82447,0.82456,1.50,3.00
2014.03.04 03:47:08.554,0.82447,0.82455,1.50,1.00
2014.03.04 03:47:11.724,0.82447,0.82456,1.50,2.25
2014.03.04 03:47:27.368,0.82447,0.82455,1.50,1.00
2014.03.04 03:47:27.672,0.82448,0.82453,1.00,1.00
2014.03.04 03:47:27.875,0.82448,0.82455,1.00,1.00
2014.03.04 03:47:27.926,0.8245,0.82455,1.00,1.00
2014.03.04 03:47:28.465,0.82449,0.82455,1.00,1.00
2014.03.04 03:48:17.348,0.82447,0.82455,1.00,1.00
2014.03.04 03:48:17.871,0.82448,0.82455,1.00,1.00
2014.03.04 03:48:19.643,0.82447,0.82455,1.00,1.50
2014.03.04 03:48:25.773,0.82447,0.82455,1.00,3.00
2014.03.04 03:48:25.875,0.82447,0.82451,1.00,1.00
2014.03.04 03:48:26.179,0.82445,0.82451,1.00,1.00
2014.03.04 03:48:26.685,0.82445,0.82452,1.50,1.00
2014.03.04 03:48:26.938,0.82447,0.82452,1.00,1.00
2014.03.04 03:48:28.836,0.82447,0.82455,1.00,2.25
2014.03.04 03:48:56.387,0.82448,0.82455,1.00,1.00
2014.03.04 03:48:56.489,0.8245,0.82455,1.00,1.00
2014.03.04 03:49:13.357,0.8245,0.82458,1.50,1.00
2014.03.04 03:49:13.610,0.8245,0.82456,1.50,1.00
2014.03.04 03:49:13.813,0.8245,0.82458,1.50,1.00
2014.03.04 03:49:16.988,0.82451,0.82458,1.00,1.00
2014.03.04 03:49:17.884,0.82454,0.82461,1.00,1.88
2014.03.04 03:49:18.188,0.82452,0.82459,1.00,1.00
2014.03.04 03:49:20.872,0.82452,0.8246,1.00,1.50
2014.03.04 03:49:21.515,0.82452,0.82459,1.00,1.00
2014.03.04 03:49:23.264,0.82452,0.8246,1.00,1.50
2014.03.04 03:49:23.784,0.82452,0.82459,1.00,1.00
2014.03.04 03:49:34.475,0.82452,0.8246,1.00,1.00
2014.03.04 03:49:38.253,0.82452,0.82459,1.00,1.00
2014.03.04 03:49:41.969,0.82452,0.8246,1.00,1.00
2014.03.04 03:49:42.477,0.82452,0.82461,1.00,1.50
2014.03.04 03:49:44.284,0.82453,0.82461,1.00,1.00
2014.03.04 03:49:47.762,0.82452,0.82461,2.25,1.00
2014.03.04 03:49:49.519,0.82452,0.8246,1.00,1.00
2014.03.04 03:49:50.031,0.82451,0.8246,1.00,1.50
2014.03.04 03:49:57.659,0.82451,0.82459,1.00,1.00
2014.03.04 03:50:06.071,0.82451,0.82457,1.00,1.00
2014.03.04 03:50:06.173,0.82448,0.82457,1.00,1.88
2014.03.04 03:50:06.428,0.82447,0.82455,1.00,1.00
2014.03.04 03:50:08.266,0.82446,0.82455,1.00,1.50
2014.03.04 03:50:16.510,0.82447,0.82455,1.00,1.50
2014.03.04 03:50:18.544,0.82447,0.82454,1.00,1.00
2014.03.04 03:50:30.201,0.82444,0.82453,1.50,1.00
2014.03.04 03:50:37.775,0.82445,0.82453,1.00,1.00
2014.03.04 03:50:38.302,0.82444,0.82453,1.50,1.00
2014.03.04 03:50:43.804,0.82444,0.82452,1.50,1.00
2014.03.04 03:50:44.802,0.82444,0.82451,1.50,1.00
2014.03.04 03:50:49.796,0.82445,0.82451,1.00,1.00
2014.03.04 03:50:53.678,0.82446,0.82451,1.00,1.00
2014.03.04 03:51:03.353,0.82445,0.82451,1.50,1.00
2014.03.04 03:51:14.957,0.82446,0.82451,1.00,1.00
2014.03.04 03:51:15.935,0.82445,0.82451,1.00,1.00
2014.03.04 03:51:36.960,0.82444,0.82451,1.00,1.00
2014.03.04 03:51:44.791,0.82444,0.82454,1.00,1.00
2014.03.04 03:51:45.096,0.82446,0.82453,1.00,1.00
2014.03.04 03:51:45.603,0.82445,0.82453,1.50,1.00
2014.03.04 03:51:46.121,0.82446,0.82453,1.88,1.00
2014.03.04 03:51:46.425,0.82448,0.82453,1.00,1.00
2014.03.04 03:51:47.557,0.82449,0.82453,1.00,1.00
2014.03.04 03:51:47.659,0.8245,0.82456,1.00,1.50
2014.03.04 03:51:50.151,0.82449,0.82456,1.00,1.00
2014.03.04 03:52:07.896,0.82448,0.82456,2.25,1.00
2014.03.04 03:52:10.859,0.82447,0.82456,3.00,1.00
2014.03.04 03:52:11.388,0.82447,0.82455,1.00,1.50
2014.03.04 03:52:11.439,0.82446,0.82453,1.50,1.00
2014.03.04 03:52:11.946,0.82445,0.82453,1.00,1.00
2014.03.04 03:52:17.584,0.82444,0.82453,1.50,1.88
2014.03.04 03:52:17.890,0.82441,0.82449,1.00,1.38
2014.03.04 03:52:18.043,0.82436,0.82444,1.88,1.00
2014.03.04 03:52:18.145,0.82434,0.82443,3.00,1.00
2014.03.04 03:52:18.399,0.82433,0.8244,1.00,1.00
2014.03.04 03:52:18.656,0.82431,0.8244,1.00,1.00
2014.03.04 03:52:19.163,0.8243,0.82439,1.00,1.00
2014.03.04 03:52:22.536,0.82429,0.82438,1.50,1.00
2014.03.04 03:52:23.042,0.82429,0.82437,1.00,1.50
2014.03.04 03:52:23.093,0.82427,0.82437,1.00,1.50
2014.03.04 03:52:23.143,0.82427,0.82437,1.00,1.88
2014.03.04 03:52:24.039,0.82427,0.82437,1.00,1.50
2014.03.04 03:52:24.191,0.82426,0.82435,1.00,1.00
2014.03.04 03:52:24.394,0.82424,0.82434,1.50,1.50
2014.03.04 03:52:28.165,0.82424,0.82432,1.00,1.00
2014.03.04 03:52:28.721,0.82424,0.82433,1.00,1.50
2014.03.04 03:52:29.025,0.82424,0.82431,1.00,1.00
2014.03.04 03:52:29.178,0.82421,0.82429,1.00,1.00
2014.03.04 03:52:30.037,0.82419,0.82429,1.50,1.50
2014.03.04 03:52:30.139,0.82421,0.82429,1.00,1.00
2014.03.04 03:52:30.341,0.82419,0.82429,1.50,1.50
2014.03.04 03:52:32.752,0.82419,0.82428,1.00,1.00
2014.03.04 03:52:34.392,0.82419,0.82428,1.38,1.00
2014.03.04 03:52:34.898,0.8242,0.82429,1.88,1.50
2014.03.04 03:52:37.822,0.8242,0.82428,1.00,1.00
2014.03.04 03:52:38.574,0.82419,0.82428,1.50,1.50
2014.03.04 03:52:42.569,0.82418,0.82427,1.00,1.00
2014.03.04 03:52:42.823,0.82416,0.82426,1.50,1.00
2014.03.04 03:52:43.026,0.82418,0.82427,1.00,1.50
2014.03.04 03:52:43.330,0.82416,0.82424,1.50,1.00
2014.03.04 03:52:52.661,0.8242,0.82424,1.00,1.00
2014.03.04 03:52:53.023,0.82418,0.82424,1.00,1.00
2014.03.04 03:53:02.282,0.82418,0.82427,1.00,1.00
2014.03.04 03:53:10.817,0.82419,0.82427,1.00,1.00
2014.03.04 03:53:28.626,0.82418,0.82427,1.00,1.50
2014.03.04 03:53:29.135,0.82417,0.82427,1.88,1.50
2014.03.04 03:53:32.642,0.82418,0.82427,1.00,1.50
2014.03.04 03:53:33.149,0.82419,0.82427,1.00,1.00
2014.03.04 03:53:33.200,0.82417,0.82426,1.50,1.00
2014.03.04 03:53:33.655,0.82417,0.82424,1.00,1.00
2014.03.04 03:53:33.859,0.82417,0.82426,1.50,1.00
2014.03.04 03:53:34.112,0.82417,0.82424,1.00,1.00
2014.03.04 03:53:37.511,0.82416,0.82423,1.00,1.00
2014.03.04 03:53:37.562,0.82414,0.82423,1.00,1.00
2014.03.04 03:53:50.164,0.82414,0.82424,1.50,1.50
2014.03.04 03:53:54.734,0.82414,0.82423,1.00,1.00
2014.03.04 03:53:58.534,0.82414,0.82424,1.50,2.25
2014.03.04 03:54:02.966,0.82414,0.82423,1.00,1.00
2014.03.04 03:54:06.531,0.82414,0.82421,1.00,1.00
2014.03.04 03:54:11.534,0.82412,0.82421,1.00,1.50
2014.03.04 03:54:27.892,0.82412,0.8242,1.50,1.00
2014.03.04 03:54:29.899,0.82412,0.82419,1.00,1.00
2014.03.04 03:54:33.626,0.82412,0.82421,2.25,1.00
2014.03.04 03:54:33.830,0.82414,0.82422,1.00,1.00
2014.03.04 03:54:35.344,0.82414,0.82424,1.50,1.50
2014.03.04 03:54:38.494,0.82414,0.82424,1.88,1.50
2014.03.04 03:54:41.999,0.82417,0.82424,1.00,1.00
2014.03.04 03:54:43.434,0.82417,0.82425,1.00,1.00
2014.03.04 03:54:43.789,0.82415,0.82424,1.00,1.00
2014.03.04 03:54:44.295,0.82414,0.82423,2.25,1.00
2014.03.04 03:54:44.908,0.82415,0.82424,1.00,1.00
2014.03.04 03:54:49.695,0.82417,0.82424,1.00,1.00
2014.03.04 03:54:49.899,0.82414,0.82424,1.88,2.25
2014.03.04 03:54:50.105,0.82414,0.82422,1.50,1.00
2014.03.04 03:54:50.612,0.82415,0.82422,2.25,1.00
2014.03.04 03:54:50.663,0.82415,0.82424,2.25,2.25
2014.03.04 03:54:51.169,0.82416,0.82424,1.00,1.00
2014.03.04 03:54:59.731,0.82415,0.82424,1.13,1.00
2014.03.04 03:55:00.259,0.82416,0.82424,1.00,1.00
2014.03.04 03:55:00.920,0.82415,0.82424,1.13,1.00
2014.03.04 03:55:01.577,0.82416,0.82424,1.00,1.00
2014.03.04 03:55:02.187,0.82415,0.82424,1.88,1.00
2014.03.04 03:55:07.600,0.82417,0.82424,1.00,1.00
2014.03.04 03:55:27.530,0.82418,0.82424,1.00,1.00
2014.03.04 03:55:27.884,0.82422,0.82426,1.00,1.00
2014.03.04 03:55:27.935,0.82424,0.82428,1.17,1.00
2014.03.04 03:55:28.037,0.82425,0.82434,1.38,1.00
2014.03.04 03:55:28.089,0.82425,0.82429,1.00,1.00
2014.03.04 03:55:28.241,0.82422,0.82429,1.00,1.00
2014.03.04 03:55:28.748,0.82422,0.8243,1.50,1.00
2014.03.04 03:55:29.052,0.82424,0.82431,1.00,1.00
2014.03.04 03:55:29.456,0.82424,0.82434,2.25,1.88
2014.03.04 03:55:31.060,0.82424,0.82434,2.63,1.50
2014.03.04 03:55:31.221,0.82429,0.82436,1.38,1.00
2014.03.04 03:55:34.594,0.82432,0.82437,1.38,1.00
2014.03.04 03:55:34.644,0.82432,0.8244,1.38,1.50
2014.03.04 03:55:35.160,0.82433,0.82441,1.13,2.25
2014.03.04 03:55:35.681,0.82434,0.8244,1.00,2.85
2014.03.04 03:55:41.799,0.82434,0.82441,1.00,4.88
2014.03.04 03:55:42.154,0.82436,0.82441,1.00,1.50
2014.03.04 03:55:42.306,0.82436,0.82443,1.00,1.50
2014.03.04 03:55:45.583,0.82436,0.82442,1.00,1.00
2014.03.04 03:55:47.087,0.82436,0.82443,1.00,3.60
2014.03.04 03:55:47.878,0.82436,0.82443,1.38,1.00
2014.03.04 03:55:47.980,0.82439,0.82446,1.00,4.88
2014.03.04 03:55:48.608,0.82439,0.82445,1.00,2.10
2014.03.04 03:55:51.358,0.82439,0.82446,1.00,1.50
2014.03.04 03:55:52.498,0.82439,0.82445,1.13,2.10
2014.03.04 03:55:52.651,0.82439,0.82447,1.13,1.00
2014.03.04 03:55:52.854,0.82441,0.82447,1.13,1.50
2014.03.04 03:55:53.513,0.82441,0.82448,1.13,3.00
2014.03.04 03:55:58.458,0.82441,0.82447,1.13,1.00
2014.03.04 03:56:00.559,0.82441,0.82448,1.13,2.85
2014.03.04 03:56:10.836,0.82441,0.82449,1.13,2.25
2014.03.04 03:56:13.656,0.82441,0.82448,1.13,1.00
2014.03.04 03:56:14.251,0.82441,0.82447,1.13,1.00
2014.03.04 03:56:24.337,0.82441,0.82447,1.00,1.73
2014.03.04 03:56:24.438,0.82439,0.82446,1.00,1.88
2014.03.04 03:56:30.044,0.82439,0.82446,1.00,2.48
2014.03.04 03:56:30.349,0.82436,0.82445,1.50,1.88
2014.03.04 03:56:31.087,0.82436,0.82444,1.50,1.00
2014.03.04 03:56:32.285,0.82436,0.82445,1.50,1.88
2014.03.04 03:56:32.883,0.82436,0.82444,1.50,1.00
2014.03.04 03:56:33.393,0.82436,0.82443,1.00,1.50
2014.03.04 03:56:53.589,0.82436,0.82444,1.00,1.00
2014.03.04 03:56:54.197,0.82436,0.82444,1.00,1.38
2014.03.04 03:56:54.349,0.82434,0.82442,1.00,1.13
2014.03.04 03:56:54.602,0.82432,0.82441,1.00,1.13
2014.03.04 03:56:55.108,0.82433,0.82442,1.00,1.50
2014.03.04 03:56:55.615,0.82432,0.82441,1.00,1.00
2014.03.04 03:56:57.659,0.82432,0.82441,1.00,1.38
2014.03.04 03:56:58.164,0.82431,0.8244,1.00,1.13
2014.03.04 03:57:13.857,0.82431,0.82441,1.50,2.25
2014.03.04 03:57:43.064,0.82431,0.8244,1.00,1.38
2014.03.04 03:57:43.431,0.82429,0.82438,1.00,1.50
2014.03.04 03:57:45.108,0.82429,0.82439,1.50,1.50
2014.03.04 03:58:03.909,0.8243,0.82439,1.00,1.00
2014.03.04 03:58:17.184,0.82431,0.82439,1.00,1.00
2014.03.04 03:58:17.963,0.8243,0.82439,1.00,1.00
2014.03.04 03:58:28.651,0.82432,0.82439,1.00,1.00
2014.03.04 03:58:35.097,0.82432,0.82441,1.00,1.13
2014.03.04 03:58:35.300,0.82434,0.82441,1.00,1.00
2014.03.04 03:58:39.013,0.82436,0.82441,1.00,1.00
2014.03.04 03:58:39.591,0.82435,0.82441,1.00,1.00
2014.03.04 03:58:41.487,0.82434,0.82441,1.00,1.00
2014.03.04 03:58:41.791,0.82432,0.82438,1.00,1.00
2014.03.04 03:58:41.943,0.82432,0.8244,1.00,1.00
2014.03.04 03:58:42.399,0.82432,0.82438,1.00,1.00
2014.03.04 03:59:01.100,0.82432,0.82437,1.00,1.00
2014.03.04 03:59:04.834,0.82432,0.82438,1.00,1.50
2014.03.04 03:59:05.340,0.82433,0.82438,1.00,1.50
2014.03.04 03:59:09.700,0.82432,0.82438,1.50,1.00
2014.03.04 03:59:10.268,0.82433,0.82438,1.00,1.00
2014.03.04 03:59:11.004,0.82432,0.82438,1.00,1.00
2014.03.04 03:59:30.996,0.82431,0.82438,1.00,1.50
2014.03.04 03:59:42.926,0.82431,0.82438,1.00,1.88
2014.03.04 03:59:43.028,0.82429,0.82438,1.50,1.88
2014.03.04 03:59:43.433,0.82428,0.82435,1.00,1.00
2014.03.04 03:59:53.589,0.82429,0.82435,1.00,1.50
