2009.03.05 05:00:01.407,0.89115,0.8914,1.00,3.00
2009.03.05 05:00:01.737,0.8911,0.8914,1.00,3.00
2009.03.05 05:00:04.507,0.8911,0.8914,3.00,3.00
2009.03.05 05:00:04.786,0.8911,0.8914,1.00,3.00
2009.03.05 05:00:05.006,0.8911,0.8914,1.00,3.00
2009.03.05 05:00:05.676,0.89115,0.89145,1.00,3.20
2009.03.05 05:00:06.077,0.89115,0.89145,1.00,1.60
2009.03.05 05:00:06.376,0.8911,0.89145,1.00,3.20
2009.03.05 05:00:06.717,0.8911,0.8915,1.00,9.60
2009.03.05 05:00:10.455,0.8911,0.89145,1.00,3.20
2009.03.05 05:00:11.705,0.89105,0.89145,3.00,4.80
2009.03.05 05:00:12.084,0.89105,0.89145,1.00,4.80
2009.03.05 05:00:12.444,0.891,0.8914,1.00,3.20
2009.03.05 05:00:13.904,0.89105,0.89145,1.00,4.80
2009.03.05 05:00:18.263,0.89105,0.89145,1.00,3.20
2009.03.05 05:00:18.833,0.89105,0.89145,3.00,3.20
2009.03.05 05:00:19.733,0.89105,0.89145,1.00,4.80
2009.03.05 05:00:51.215,0.8911,0.89145,4.80,4.80
2009.03.05 05:00:51.515,0.89115,0.89145,1.00,3.40
2009.03.05 05:00:51.685,0.89115,0.89145,1.00,5.20
2009.03.05 05:00:51.945,0.89115,0.89145,1.00,3.40
2009.03.05 05:00:52.295,0.89115,0.89145,1.00,5.20
2009.03.05 05:00:54.125,0.89115,0.89145,1.00,3.00
2009.03.05 05:00:55.144,0.89115,0.89145,1.00,3.00
2009.03.05 05:00:55.604,0.89115,0.8915,1.00,8.40
2009.03.05 05:00:55.824,0.89115,0.8915,1.00,11.80
2009.03.05 05:00:56.814,0.89115,0.89145,1.00,3.80
2009.03.05 05:00:57.414,0.89115,0.8915,1.00,11.80
2009.03.05 05:00:57.823,0.89115,0.89145,1.00,1.80
2009.03.05 05:00:58.054,0.89115,0.89145,1.00,3.80
2009.03.05 05:01:04.192,0.89115,0.8914,1.00,3.80
2009.03.05 05:01:04.362,0.8911,0.89145,1.00,7.00
2009.03.05 05:01:04.592,0.8911,0.89145,1.00,5.80
2009.03.05 05:01:04.762,0.8911,0.89145,1.00,7.00
2009.03.05 05:01:11.750,0.8911,0.89145,1.00,8.20
2009.03.05 05:01:11.870,0.8911,0.89145,1.00,6.40
2009.03.05 05:01:17.059,0.89115,0.89145,1.00,6.40
2009.03.05 05:01:17.399,0.89115,0.89145,1.00,3.00
2009.03.05 05:01:21.938,0.8911,0.89145,4.80,3.00
2009.03.05 05:01:22.117,0.8911,0.89145,1.00,3.00
2009.03.05 05:02:00.878,0.89105,0.89135,1.00,2.20
2009.03.05 05:02:01.338,0.8911,0.8914,1.00,5.00
2009.03.05 05:02:01.688,0.891,0.89135,2.00,1.60
2009.03.05 05:02:01.988,0.891,0.89135,1.00,4.80
2009.03.05 05:02:02.388,0.891,0.8913,1.00,3.00
2009.03.05 05:02:02.808,0.891,0.89135,1.00,6.40
2009.03.05 05:02:08.156,0.89095,0.89125,1.00,3.00
2009.03.05 05:02:10.466,0.89095,0.89125,1.00,3.40
2009.03.05 05:02:10.706,0.89095,0.8912,1.00,3.00
2009.03.05 05:02:11.226,0.8909,0.8912,7.80,3.00
2009.03.05 05:02:11.525,0.8909,0.8912,3.00,3.00
2009.03.05 05:02:11.756,0.8909,0.8912,1.20,3.00
2009.03.05 05:02:12.325,0.8909,0.8912,1.20,5.20
2009.03.05 05:02:12.555,0.8909,0.8912,1.20,8.60
2009.03.05 05:02:12.735,0.8909,0.8912,1.00,8.60
2009.03.05 05:02:16.444,0.89095,0.8912,1.00,8.60
2009.03.05 05:02:16.505,0.89095,0.8912,1.00,7.40
2009.03.05 05:02:16.904,0.89095,0.8912,1.00,5.00
2009.03.05 05:02:17.144,0.89095,0.8912,1.00,3.00
2009.03.05 05:02:17.324,0.89095,0.89125,1.00,5.20
2009.03.05 05:02:17.494,0.8909,0.89125,4.80,5.20
2009.03.05 05:02:17.784,0.8909,0.89125,1.20,8.60
2009.03.05 05:02:18.674,0.8909,0.89125,1.00,8.60
2009.03.05 05:02:19.884,0.8909,0.8912,1.00,3.00
2009.03.05 05:02:20.704,0.8909,0.8912,1.00,5.40
2009.03.05 05:02:20.813,0.8909,0.8912,1.00,8.80
2009.03.05 05:02:22.453,0.8909,0.8912,1.00,8.40
2009.03.05 05:02:22.623,0.8909,0.8912,1.00,8.20
2009.03.05 05:02:22.973,0.8909,0.8912,1.00,6.40
2009.03.05 05:02:23.083,0.8909,0.8912,1.00,3.00
2009.03.05 05:02:30.741,0.891,0.89125,1.00,3.40
2009.03.05 05:02:33.180,0.891,0.89125,1.00,3.00
2009.03.05 05:02:33.690,0.89105,0.89125,1.00,3.00
2009.03.05 05:02:33.980,0.8911,0.89125,1.00,3.00
2009.03.05 05:02:35.370,0.89115,0.89125,1.00,3.00
2009.03.05 05:02:36.460,0.89115,0.89125,1.00,3.00
2009.03.05 05:02:37.220,0.89105,0.89125,1.00,3.00
2009.03.05 05:02:37.459,0.891,0.89125,4.80,3.00
2009.03.05 05:02:37.901,0.891,0.8912,1.40,3.00
2009.03.05 05:02:38.699,0.891,0.89125,1.40,3.00
2009.03.05 05:02:40.179,0.891,0.89125,1.00,3.00
2009.03.05 05:02:40.599,0.89095,0.89125,1.00,3.00
2009.03.05 05:02:49.626,0.891,0.89125,1.00,3.00
2009.03.05 05:02:49.846,0.891,0.89125,1.40,3.00
2009.03.05 05:02:55.465,0.8911,0.89125,1.00,3.00
2009.03.05 05:03:01.634,0.89115,0.89125,1.00,3.00
2009.03.05 05:03:04.623,0.89105,0.89125,1.00,3.00
2009.03.05 05:03:04.843,0.89115,0.89125,1.00,3.00
2009.03.05 05:03:05.833,0.8911,0.89135,1.00,3.60
2009.03.05 05:03:06.123,0.89105,0.8913,1.00,1.00
2009.03.05 05:03:06.462,0.89105,0.89125,1.00,3.00
2009.03.05 05:03:06.693,0.8911,0.89125,1.00,3.00
2009.03.05 05:03:08.952,0.89105,0.89125,1.00,3.00
2009.03.05 05:03:09.582,0.89105,0.89125,1.00,5.00
2009.03.05 05:03:09.871,0.89095,0.8912,1.00,2.20
2009.03.05 05:03:10.162,0.8909,0.89115,1.40,2.20
2009.03.05 05:03:10.631,0.8909,0.89115,1.00,2.20
2009.03.05 05:03:10.801,0.89095,0.89115,1.00,2.20
2009.03.05 05:03:11.041,0.89095,0.8912,1.00,3.40
2009.03.05 05:03:11.761,0.89095,0.89115,1.00,3.00
2009.03.05 05:03:12.601,0.8909,0.89115,1.00,2.20
2009.03.05 05:03:13.021,0.89095,0.89115,1.00,3.00
2009.03.05 05:03:16.280,0.89095,0.89115,1.00,3.00
2009.03.05 05:03:17.980,0.89095,0.89115,1.00,3.00
2009.03.05 05:03:18.390,0.89095,0.89115,1.00,3.00
2009.03.05 05:03:18.680,0.89095,0.89115,1.00,3.00
2009.03.05 05:03:24.178,0.8907,0.89105,3.00,3.80
2009.03.05 05:03:24.618,0.8907,0.891,5.00,2.20
2009.03.05 05:03:24.918,0.89075,0.89105,1.00,3.00
2009.03.05 05:03:27.507,0.89075,0.89105,3.60,3.00
2009.03.05 05:03:27.747,0.89085,0.89105,1.00,3.00
2009.03.05 05:03:33.086,0.8908,0.89105,1.00,3.00
2009.03.05 05:03:33.206,0.8908,0.89095,1.00,1.80
2009.03.05 05:03:33.486,0.89085,0.89095,1.00,1.80
2009.03.05 05:03:33.776,0.8908,0.89105,1.00,3.00
2009.03.05 05:03:33.946,0.89075,0.89105,1.00,5.20
2009.03.05 05:03:34.645,0.89075,0.89105,1.00,3.00
2009.03.05 05:03:35.435,0.89075,0.8911,1.00,6.40
2009.03.05 05:03:41.164,0.89075,0.8911,1.00,3.00
2009.03.05 05:03:59.300,0.89085,0.8911,1.00,3.00
2009.03.05 05:04:11.377,0.8909,0.8911,1.00,3.00
2009.03.05 05:04:13.326,0.8909,0.89115,1.00,3.00
2009.03.05 05:04:17.875,0.8909,0.8912,1.00,10.80
2009.03.05 05:04:29.682,0.89095,0.8912,1.00,10.80
2009.03.05 05:04:29.792,0.89095,0.8912,1.00,8.60
2009.03.05 05:04:30.082,0.8909,0.8912,1.00,5.20
2009.03.05 05:04:30.252,0.8909,0.8912,1.00,8.60
2009.03.05 05:04:30.502,0.8909,0.8912,1.00,10.80
2009.03.05 05:04:35.281,0.8909,0.8912,1.00,8.60
2009.03.05 05:04:35.461,0.8909,0.8912,1.00,8.60
2009.03.05 05:05:30.407,0.8909,0.8912,1.00,5.20
2009.03.05 05:05:37.826,0.8909,0.8911,1.00,1.00
2009.03.05 05:05:38.226,0.8908,0.89105,1.20,1.80
2009.03.05 05:05:38.625,0.89075,0.89105,1.00,2.00
2009.03.05 05:05:38.966,0.8908,0.8911,1.00,3.20
2009.03.05 05:05:39.135,0.8908,0.8911,1.00,3.00
2009.03.05 05:05:39.315,0.8908,0.89115,1.00,4.80
2009.03.05 05:05:44.954,0.89075,0.8911,1.00,4.80
2009.03.05 05:05:45.114,0.89075,0.8911,1.00,4.80
2009.03.05 05:05:52.122,0.8908,0.8911,1.00,3.20
2009.03.05 05:05:52.632,0.8908,0.89115,1.00,4.80
2009.03.05 05:06:05.179,0.89075,0.8911,1.00,1.80
2009.03.05 05:06:05.349,0.89075,0.8911,1.00,5.20
2009.03.05 05:06:05.699,0.8908,0.8911,1.00,3.20
2009.03.05 05:06:05.819,0.8908,0.89115,1.00,4.80
2009.03.05 05:06:05.979,0.89075,0.8911,1.00,1.60
2009.03.05 05:06:06.259,0.89075,0.8911,1.00,4.80
2009.03.05 05:06:07.478,0.8908,0.8911,1.00,3.20
2009.03.05 05:06:07.898,0.89075,0.8911,1.00,4.80
2009.03.05 05:06:17.886,0.89075,0.8911,1.00,5.20
2009.03.05 05:06:18.226,0.89075,0.89105,1.00,1.80
2009.03.05 05:06:18.466,0.89075,0.89105,1.00,1.60
2009.03.05 05:06:18.716,0.89075,0.8911,1.00,7.00
2009.03.05 05:06:23.515,0.89075,0.89105,1.00,1.80
2009.03.05 05:06:24.034,0.89075,0.891,1.00,2.20
2009.03.05 05:06:24.215,0.89075,0.8911,1.00,7.60
2009.03.05 05:06:24.495,0.89075,0.891,1.00,2.00
2009.03.05 05:06:24.715,0.89075,0.891,1.00,1.80
2009.03.05 05:06:25.234,0.89075,0.89105,1.00,5.20
2009.03.05 05:06:25.634,0.89075,0.8911,1.00,7.00
2009.03.05 05:06:25.874,0.8908,0.8911,1.00,7.00
2009.03.05 05:06:29.183,0.89075,0.8911,1.00,7.00
2009.03.05 05:06:31.243,0.8907,0.8911,3.00,7.00
2009.03.05 05:06:47.609,0.8907,0.891,3.00,2.20
2009.03.05 05:06:47.829,0.8907,0.891,3.00,3.80
2009.03.05 05:06:48.529,0.8907,0.891,1.00,3.80
2009.03.05 05:06:51.258,0.8907,0.89095,1.00,2.20
2009.03.05 05:06:51.838,0.8907,0.89095,1.00,3.80
2009.03.05 05:06:55.097,0.89065,0.89095,1.00,3.60
2009.03.05 05:06:55.387,0.89065,0.89085,1.00,2.00
2009.03.05 05:06:55.677,0.8906,0.89085,1.00,3.60
2009.03.05 05:06:56.297,0.8906,0.8909,1.00,3.60
2009.03.05 05:06:56.547,0.8906,0.8909,1.00,1.60
2009.03.05 05:07:05.394,0.8906,0.8909,1.00,1.80
2009.03.05 05:07:23.021,0.89055,0.8909,3.00,1.80
2009.03.05 05:07:23.450,0.89055,0.8909,3.00,4.00
2009.03.05 05:07:23.620,0.89055,0.8909,3.00,5.20
2009.03.05 05:07:25.190,0.8906,0.8909,1.00,5.20
2009.03.05 05:07:27.259,0.8906,0.8909,1.00,7.00
2009.03.05 05:07:31.098,0.8906,0.8909,1.00,5.20
2009.03.05 05:07:31.598,0.8906,0.8908,1.00,2.00
2009.03.05 05:07:31.768,0.8906,0.8908,1.00,3.20
2009.03.05 05:07:32.748,0.8906,0.8908,1.00,2.00
2009.03.05 05:07:32.968,0.8906,0.89085,1.00,3.20
2009.03.05 05:07:37.517,0.8906,0.8909,1.00,7.00
2009.03.05 05:07:39.936,0.89055,0.89085,1.00,3.20
2009.03.05 05:07:40.276,0.89055,0.89085,1.00,4.80
2009.03.05 05:07:40.796,0.89055,0.89085,1.00,5.20
2009.03.05 05:07:49.424,0.89055,0.89085,1.00,4.80
2009.03.05 05:07:49.764,0.89055,0.89085,1.00,3.20
2009.03.05 05:07:58.272,0.89055,0.89085,1.00,4.80
2009.03.05 05:07:58.502,0.89055,0.89085,1.00,5.20
2009.03.05 05:07:58.912,0.8905,0.89085,3.00,5.20
2009.03.05 05:08:01.101,0.8905,0.8907,1.00,1.00
2009.03.05 05:08:01.321,0.8905,0.8907,1.00,2.00
2009.03.05 05:08:01.661,0.89045,0.89075,4.80,3.60
2009.03.05 05:08:01.901,0.89045,0.89075,4.80,3.60
2009.03.05 05:08:02.251,0.8905,0.89075,1.00,3.60
2009.03.05 05:08:06.370,0.8905,0.8907,1.00,2.20
2009.03.05 05:08:06.650,0.8905,0.8907,1.00,2.40
2009.03.05 05:08:07.290,0.8905,0.89075,1.00,2.20
2009.03.05 05:08:07.570,0.8905,0.89075,1.00,3.40
2009.03.05 05:08:08.579,0.8905,0.89075,1.00,3.80
2009.03.05 05:08:08.920,0.8905,0.89075,1.00,2.00
2009.03.05 05:08:13.888,0.8905,0.89075,1.00,1.80
2009.03.05 05:08:13.948,0.8905,0.89075,1.00,2.00
2009.03.05 05:08:14.288,0.8905,0.8908,3.00,6.20
2009.03.05 05:08:14.348,0.8905,0.8908,3.00,3.00
2009.03.05 05:08:14.468,0.8906,0.89085,1.00,10.00
2009.03.05 05:08:14.738,0.8906,0.89085,1.00,5.20
2009.03.05 05:08:14.908,0.89055,0.89085,1.00,5.20
2009.03.05 05:08:17.757,0.89055,0.89085,1.00,7.00
2009.03.05 05:08:18.617,0.89055,0.89085,1.00,4.00
2009.03.05 05:08:19.027,0.89055,0.89085,1.00,1.80
2009.03.05 05:08:28.954,0.89055,0.89085,1.00,5.20
2009.03.05 05:08:29.145,0.89055,0.89085,1.00,7.00
2009.03.05 05:08:32.713,0.89055,0.8908,1.00,4.40
2009.03.05 05:08:33.103,0.8905,0.8908,1.00,3.80
2009.03.05 05:08:34.393,0.8905,0.89075,1.00,1.80
2009.03.05 05:08:34.973,0.8905,0.8908,1.00,3.60
2009.03.05 05:08:37.742,0.8905,0.8908,1.00,1.60
2009.03.05 05:08:38.252,0.8906,0.89085,1.00,5.20
2009.03.05 05:08:38.872,0.8906,0.8909,1.00,5.80
2009.03.05 05:08:39.262,0.89065,0.8909,1.00,4.40
2009.03.05 05:08:51.209,0.8907,0.8909,1.00,2.40
2009.03.05 05:08:51.439,0.89075,0.89105,1.00,7.00
2009.03.05 05:08:51.669,0.8907,0.891,1.00,1.80
2009.03.05 05:08:52.179,0.8907,0.891,1.00,3.80
2009.03.05 05:08:52.579,0.89075,0.89105,1.00,7.20
2009.03.05 05:08:53.698,0.8907,0.89105,1.00,7.20
2009.03.05 05:08:53.978,0.89065,0.891,1.00,1.60
2009.03.05 05:08:54.318,0.89065,0.891,1.00,1.80
2009.03.05 05:08:54.428,0.89065,0.891,1.00,5.80
2009.03.05 05:08:54.648,0.89065,0.891,1.00,7.20
2009.03.05 05:08:55.238,0.89065,0.8909,1.00,2.40
2009.03.05 05:08:55.578,0.89065,0.8909,1.00,2.60
2009.03.05 05:08:55.988,0.89065,0.8909,1.00,4.40
2009.03.05 05:08:56.279,0.89065,0.8909,1.00,2.20
2009.03.05 05:08:56.678,0.89065,0.891,1.00,9.40
2009.03.05 05:08:59.927,0.89065,0.8909,1.00,2.20
2009.03.05 05:09:00.387,0.89065,0.89095,1.00,5.20
2009.03.05 05:09:00.557,0.89065,0.891,1.00,9.40
2009.03.05 05:09:02.616,0.89075,0.891,3.00,9.20
2009.03.05 05:09:02.786,0.89085,0.891,4.80,3.80
2009.03.05 05:09:03.076,0.89095,0.89115,1.00,4.60
2009.03.05 05:09:03.246,0.891,0.8913,1.00,2.20
2009.03.05 05:09:03.426,0.891,0.89135,1.00,1.00
2009.03.05 05:09:03.876,0.891,0.8914,1.00,5.20
2009.03.05 05:09:04.226,0.891,0.8914,1.00,5.20
2009.03.05 05:09:05.245,0.891,0.89125,1.00,2.00
2009.03.05 05:09:05.355,0.891,0.89125,1.00,3.20
2009.03.05 05:09:05.755,0.89095,0.8912,1.00,2.00
2009.03.05 05:09:06.156,0.89095,0.89115,1.00,1.00
2009.03.05 05:09:06.565,0.89095,0.89125,1.00,1.60
2009.03.05 05:09:06.975,0.89085,0.89125,3.00,3.00
2009.03.05 05:09:07.265,0.89085,0.89125,3.00,5.20
2009.03.05 05:09:07.545,0.89085,0.89125,3.00,4.80
2009.03.05 05:09:08.475,0.89085,0.89125,3.00,5.20
2009.03.05 05:09:09.155,0.89085,0.8912,1.00,1.60
2009.03.05 05:09:11.504,0.89085,0.8912,1.00,3.60
2009.03.05 05:09:11.674,0.8908,0.8912,1.20,8.60
2009.03.05 05:09:11.964,0.8908,0.8911,1.20,2.80
2009.03.05 05:09:12.074,0.8908,0.8911,1.20,4.80
2009.03.05 05:09:12.354,0.8908,0.8911,1.00,4.80
2009.03.05 05:09:12.874,0.89065,0.8911,3.00,4.80
2009.03.05 05:09:16.493,0.8907,0.89105,3.00,1.00
2009.03.05 05:09:16.823,0.8907,0.89105,1.00,5.40
2009.03.05 05:09:16.933,0.89065,0.891,3.00,1.60
2009.03.05 05:09:21.972,0.89075,0.891,1.00,1.60
2009.03.05 05:09:23.101,0.89065,0.891,3.00,1.60
2009.03.05 05:09:26.520,0.8907,0.891,1.00,1.60
2009.03.05 05:09:28.090,0.8907,0.89105,1.00,4.80
2009.03.05 05:09:28.330,0.8907,0.89105,1.00,1.60
2009.03.05 05:09:29.360,0.89075,0.89105,1.80,1.60
2009.03.05 05:09:29.650,0.8908,0.8911,1.00,2.40
2009.03.05 05:09:31.979,0.8908,0.8911,4.80,2.40
2009.03.05 05:09:32.029,0.89085,0.8911,1.00,2.40
2009.03.05 05:09:42.707,0.89085,0.8911,1.00,4.40
2009.03.05 05:09:42.886,0.89085,0.8911,1.00,1.80
2009.03.05 05:09:43.597,0.89085,0.8911,1.00,2.40
2009.03.05 05:09:56.403,0.89085,0.8911,1.00,1.80
2009.03.05 05:10:19.628,0.8908,0.89105,1.20,2.20
2009.03.05 05:10:19.798,0.89075,0.89105,1.00,3.80
2009.03.05 05:10:20.298,0.8907,0.891,1.20,1.60
2009.03.05 05:10:20.537,0.8907,0.891,1.00,1.60
2009.03.05 05:10:28.745,0.89065,0.891,1.00,1.60
2009.03.05 05:10:29.245,0.8906,0.89095,1.20,4.80
2009.03.05 05:10:29.965,0.8906,0.89085,1.00,3.20
2009.03.05 05:10:33.804,0.89065,0.89085,1.00,2.00
2009.03.05 05:10:33.964,0.89065,0.8909,1.00,3.20
2009.03.05 05:10:34.244,0.89065,0.89085,1.00,1.20
2009.03.05 05:10:34.304,0.89065,0.89085,1.00,3.20
2009.03.05 05:10:34.584,0.89065,0.8909,1.00,2.00
2009.03.05 05:10:34.634,0.89065,0.89095,1.00,3.20
2009.03.05 05:10:34.754,0.89065,0.89095,1.00,2.00
2009.03.05 05:10:34.814,0.89065,0.891,1.00,2.00
2009.03.05 05:10:35.034,0.8907,0.891,1.00,1.60
2009.03.05 05:10:35.424,0.8907,0.891,1.00,1.60
2009.03.05 05:11:16.044,0.89065,0.8909,1.00,3.20
2009.03.05 05:11:17.754,0.89065,0.89075,1.00,2.00
2009.03.05 05:11:17.924,0.8906,0.89065,1.00,2.20
2009.03.05 05:11:18.033,0.8906,0.89065,1.00,3.80
2009.03.05 05:11:18.274,0.8905,0.8906,2.88,1.60
2009.03.05 05:11:18.683,0.8906,0.89075,1.00,3.00
2009.03.05 05:11:18.973,0.8906,0.8908,1.00,3.00
2009.03.05 05:11:19.203,0.89055,0.89075,1.00,3.00
2009.03.05 05:11:19.483,0.89055,0.89085,7.80,3.20
2009.03.05 05:11:19.833,0.89055,0.89085,7.80,3.20
2009.03.05 05:11:20.683,0.8906,0.8909,1.00,3.20
2009.03.05 05:11:21.073,0.89065,0.8909,1.00,4.80
2009.03.05 05:11:21.413,0.89065,0.89085,1.00,3.20
2009.03.05 05:11:21.703,0.89065,0.89085,1.00,1.20
2009.03.05 05:11:22.282,0.89055,0.89085,3.00,1.80
2009.03.05 05:11:22.672,0.89055,0.89085,1.00,6.80
2009.03.05 05:11:23.062,0.89055,0.89085,7.80,6.80
2009.03.05 05:11:23.582,0.89055,0.89085,7.80,3.60
2009.03.05 05:11:27.601,0.89055,0.89085,7.80,5.20
2009.03.05 05:11:28.041,0.89055,0.89085,7.80,7.20
2009.03.05 05:11:28.541,0.89055,0.89085,7.80,6.80
2009.03.05 05:11:28.761,0.89055,0.89075,1.00,1.00
2009.03.05 05:11:29.051,0.89055,0.89065,1.00,1.80
2009.03.05 05:11:29.281,0.8906,0.89065,1.00,1.80
2009.03.05 05:11:29.941,0.8905,0.89065,1.80,1.80
2009.03.05 05:11:31.960,0.89055,0.89065,1.00,1.80
2009.03.05 05:11:32.750,0.89055,0.8908,4.80,3.20
2009.03.05 05:11:32.930,0.89055,0.89085,4.80,6.80
2009.03.05 05:11:33.150,0.89065,0.8909,3.00,3.00
2009.03.05 05:11:33.490,0.89065,0.89095,3.00,4.80
2009.03.05 05:11:33.729,0.89065,0.89095,3.00,1.00
2009.03.05 05:11:38.009,0.89065,0.8909,1.00,1.20
2009.03.05 05:11:38.129,0.89065,0.8908,1.00,3.80
2009.03.05 05:11:39.119,0.89055,0.8908,1.00,3.80
2009.03.05 05:11:41.028,0.89065,0.8909,1.00,4.80
2009.03.05 05:11:41.188,0.89065,0.891,6.20,3.80
2009.03.05 05:11:41.578,0.8907,0.891,1.00,3.80
2009.03.05 05:11:41.808,0.8907,0.8909,3.00,2.20
2009.03.05 05:11:42.578,0.89075,0.89115,1.00,1.60
2009.03.05 05:11:44.027,0.8907,0.8911,1.00,4.80
2009.03.05 05:11:46.267,0.8907,0.89105,1.00,1.60
2009.03.05 05:11:48.207,0.8907,0.8911,1.00,4.80
2009.03.05 05:11:51.295,0.8907,0.89105,1.00,1.60
2009.03.05 05:11:51.635,0.8907,0.89105,1.00,3.60
2009.03.05 05:11:51.865,0.89075,0.89105,1.00,3.20
2009.03.05 05:11:52.315,0.89075,0.8911,1.00,4.80
2009.03.05 05:11:54.105,0.89075,0.8911,1.00,3.20
2009.03.05 05:11:54.465,0.89075,0.89115,1.00,4.80
2009.03.05 05:11:57.674,0.89075,0.8911,1.00,1.60
2009.03.05 05:11:58.194,0.89075,0.8911,1.00,2.80
2009.03.05 05:11:58.525,0.89075,0.8911,1.00,4.80
2009.03.05 05:12:07.602,0.89075,0.8911,1.00,4.80
2009.03.05 05:12:07.951,0.8907,0.89105,1.00,1.40
2009.03.05 05:12:08.291,0.8907,0.89105,1.00,4.80
2009.03.05 05:12:08.621,0.8907,0.891,1.00,3.20
2009.03.05 05:12:09.181,0.89065,0.891,1.00,3.20
2009.03.05 05:12:13.020,0.8906,0.89085,1.00,1.60
2009.03.05 05:12:13.480,0.89065,0.8909,1.00,3.20
2009.03.05 05:12:13.840,0.89065,0.891,1.00,3.20
2009.03.05 05:12:14.870,0.89065,0.891,3.20,3.20
2009.03.05 05:12:15.400,0.89065,0.89105,3.20,3.20
2009.03.05 05:12:23.528,0.89065,0.89105,1.00,3.20
2009.03.05 05:12:23.878,0.89065,0.891,1.00,1.60
2009.03.05 05:12:24.287,0.89065,0.89095,1.00,3.20
2009.03.05 05:12:25.037,0.8906,0.89095,1.00,4.80
2009.03.05 05:12:25.327,0.8906,0.89095,1.00,4.80
2009.03.05 05:12:26.117,0.8906,0.8909,1.00,3.20
2009.03.05 05:12:27.387,0.89065,0.8909,1.00,3.20
2009.03.05 05:12:27.677,0.8906,0.89095,1.00,4.80
2009.03.05 05:12:27.976,0.8906,0.8909,1.00,2.00
2009.03.05 05:12:28.426,0.8906,0.8909,1.00,3.20
2009.03.05 05:12:28.956,0.8907,0.8909,1.00,3.20
2009.03.05 05:12:29.646,0.8906,0.8909,1.00,3.20
2009.03.05 05:12:35.345,0.89065,0.891,1.00,4.80
2009.03.05 05:12:35.994,0.8907,0.891,1.00,3.20
2009.03.05 05:12:36.414,0.8907,0.89105,1.00,5.20
2009.03.05 05:12:36.824,0.89075,0.89105,1.00,3.20
2009.03.05 05:12:37.124,0.89075,0.89115,1.00,8.00
2009.03.05 05:12:38.464,0.8908,0.89115,1.00,4.80
2009.03.05 05:12:41.463,0.8907,0.8911,3.00,1.60
2009.03.05 05:12:41.763,0.8907,0.8911,1.00,4.80
2009.03.05 05:12:42.333,0.8907,0.89105,1.00,1.20
2009.03.05 05:12:42.613,0.89075,0.89105,1.00,3.20
2009.03.05 05:12:43.063,0.89065,0.89105,3.00,1.60
2009.03.05 05:12:43.363,0.89065,0.89105,1.00,4.80
2009.03.05 05:12:43.843,0.8907,0.89105,1.00,3.20
2009.03.05 05:12:44.952,0.8908,0.89105,1.00,3.20
2009.03.05 05:12:45.362,0.89075,0.89105,1.00,1.20
2009.03.05 05:12:45.482,0.89075,0.8911,1.00,4.80
2009.03.05 05:12:48.342,0.8907,0.89105,2.00,1.60
2009.03.05 05:12:48.752,0.89065,0.89105,1.00,4.80
2009.03.05 05:12:49.101,0.89065,0.891,1.00,3.20
2009.03.05 05:12:59.699,0.8908,0.891,1.00,3.20
2009.03.05 05:12:59.919,0.8908,0.89115,1.00,4.80
2009.03.05 05:13:00.559,0.89075,0.8911,1.00,5.20
2009.03.05 05:13:00.899,0.8908,0.8911,1.00,3.20
2009.03.05 05:13:01.198,0.8908,0.89115,1.00,4.80
2009.03.05 05:13:11.116,0.89075,0.8911,1.00,1.80
2009.03.05 05:13:11.336,0.89075,0.8911,1.00,5.20
2009.03.05 05:13:11.676,0.89075,0.89105,1.00,7.20
2009.03.05 05:13:11.906,0.89075,0.89105,1.00,7.00
2009.03.05 05:13:14.685,0.89075,0.891,1.00,4.40
2009.03.05 05:13:15.095,0.8907,0.891,1.00,3.80
2009.03.05 05:13:15.205,0.8907,0.891,1.00,3.40
2009.03.05 05:13:15.575,0.89075,0.89105,1.00,5.20
2009.03.05 05:13:15.865,0.8907,0.891,1.00,3.80
2009.03.05 05:13:16.495,0.89075,0.89105,1.00,3.20
2009.03.05 05:13:17.115,0.89075,0.8911,1.00,4.80
2009.03.05 05:13:27.752,0.89075,0.89105,1.00,3.20
2009.03.05 05:13:28.102,0.8907,0.89105,1.00,3.20
2009.03.05 05:13:33.911,0.8907,0.89105,6.80,2.00
2009.03.05 05:13:34.090,0.89075,0.89115,1.00,5.20
2009.03.05 05:13:36.690,0.8907,0.89115,7.80,7.00
2009.03.05 05:13:37.210,0.8907,0.8911,1.00,3.20
2009.03.05 05:13:37.720,0.8907,0.8911,1.00,3.60
2009.03.05 05:13:37.779,0.8907,0.89105,1.00,3.20
2009.03.05 05:13:47.487,0.89065,0.891,1.00,7.00
2009.03.05 05:13:50.417,0.89065,0.89095,1.00,1.80
2009.03.05 05:13:51.106,0.89065,0.89095,4.80,1.60
2009.03.05 05:13:51.386,0.8907,0.891,1.00,4.00
2009.03.05 05:13:51.736,0.8907,0.891,1.00,1.80
2009.03.05 05:13:54.115,0.8907,0.891,1.00,1.60
2009.03.05 05:13:54.166,0.8907,0.89105,1.00,7.00
2009.03.05 05:13:54.515,0.8907,0.891,1.00,2.20
2009.03.05 05:13:54.626,0.8907,0.891,1.00,3.80
2009.03.05 05:13:55.395,0.8907,0.891,1.00,3.40
2009.03.05 05:13:55.825,0.8907,0.891,1.00,3.80
2009.03.05 05:13:56.305,0.8907,0.89095,1.00,1.80
2009.03.05 05:13:56.585,0.8907,0.89105,1.00,7.00
2009.03.05 05:13:59.574,0.8907,0.891,1.00,2.20
2009.03.05 05:13:59.974,0.8907,0.891,1.00,3.80
2009.03.05 05:14:00.144,0.8907,0.89095,1.00,1.80
2009.03.05 05:14:00.424,0.8907,0.89105,1.00,7.00
2009.03.05 05:14:00.774,0.8907,0.89105,4.80,7.00
2009.03.05 05:14:01.124,0.89075,0.891,1.00,2.20
2009.03.05 05:14:01.894,0.89075,0.89105,1.00,2.20
2009.03.05 05:14:04.663,0.89075,0.891,1.00,1.00
2009.03.05 05:14:04.953,0.89075,0.891,1.00,2.20
2009.03.05 05:14:05.013,0.89075,0.89105,1.00,7.00
2009.03.05 05:14:05.073,0.89075,0.89105,1.00,5.40
2009.03.05 05:14:05.523,0.89075,0.89105,1.00,3.60
2009.03.05 05:14:05.883,0.89075,0.89105,1.00,2.20
2009.03.05 05:14:10.531,0.89075,0.891,1.00,2.20
2009.03.05 05:14:11.342,0.89075,0.89105,1.00,7.00
2009.03.05 05:14:11.571,0.89075,0.89105,1.00,2.20
2009.03.05 05:14:14.281,0.89075,0.89105,1.00,1.00
2009.03.05 05:14:14.631,0.89075,0.89105,7.80,1.00
2009.03.05 05:14:14.971,0.8908,0.89105,1.00,1.00
2009.03.05 05:14:15.980,0.8908,0.89105,1.00,2.20
2009.03.05 05:14:16.210,0.8908,0.89105,1.00,1.00
2009.03.05 05:14:20.829,0.8908,0.89105,1.00,3.80
2009.03.05 05:14:21.349,0.8908,0.89105,1.00,1.00
2009.03.05 05:14:22.209,0.8908,0.8911,1.00,5.20
2009.03.05 05:14:22.559,0.8908,0.8911,1.00,4.40
2009.03.05 05:14:25.618,0.8908,0.89105,1.00,2.20
2009.03.05 05:14:25.968,0.89085,0.8911,1.00,2.00
2009.03.05 05:14:26.298,0.89085,0.8912,1.00,4.80
2009.03.05 05:14:30.587,0.89085,0.8911,1.00,1.00
2009.03.05 05:14:30.747,0.8908,0.8911,2.60,1.00
2009.03.05 05:14:30.977,0.8908,0.8911,1.40,2.20
2009.03.05 05:14:31.507,0.8908,0.89105,1.40,1.00
2009.03.05 05:14:31.986,0.8908,0.89105,1.00,2.00
2009.03.05 05:14:32.037,0.8908,0.891,1.00,1.80
2009.03.05 05:14:32.156,0.8908,0.8911,1.40,3.60
2009.03.05 05:14:32.396,0.8908,0.8911,1.40,2.40
2009.03.05 05:14:32.676,0.8908,0.8911,1.40,2.20
2009.03.05 05:14:43.494,0.8908,0.89115,1.40,1.60
2009.03.05 05:14:43.964,0.89085,0.8912,1.00,5.20
2009.03.05 05:14:44.143,0.89085,0.8912,1.00,4.80
2009.03.05 05:14:47.343,0.89085,0.8911,1.00,2.20
2009.03.05 05:14:47.403,0.8908,0.8911,1.40,2.20
2009.03.05 05:14:48.682,0.89085,0.8912,1.00,4.80
2009.03.05 05:14:57.810,0.89095,0.8912,1.00,3.20
2009.03.05 05:14:58.220,0.89095,0.89125,1.00,1.80
2009.03.05 05:15:01.859,0.89095,0.8912,1.00,2.40
2009.03.05 05:15:01.979,0.8909,0.8912,1.00,3.80
2009.03.05 05:15:10.067,0.8909,0.8912,1.00,3.80
2009.03.05 05:15:19.065,0.8909,0.89115,1.00,2.20
2009.03.05 05:15:19.395,0.8909,0.8911,1.00,2.00
2009.03.05 05:15:19.505,0.8909,0.89115,1.00,2.20
2009.03.05 05:15:19.745,0.8909,0.8911,1.00,1.80
2009.03.05 05:15:20.335,0.8909,0.8912,1.00,3.80
2009.03.05 05:15:21.784,0.8908,0.89115,1.00,2.80
2009.03.05 05:15:22.014,0.8908,0.89115,1.00,4.80
2009.03.05 05:15:22.354,0.8908,0.8911,1.00,3.20
2009.03.05 05:15:22.644,0.89075,0.8911,1.00,4.80
2009.03.05 05:15:37.481,0.8907,0.8911,3.00,4.80
2009.03.05 05:15:37.880,0.89065,0.8911,3.00,4.80
2009.03.05 05:15:38.220,0.89065,0.89105,1.00,3.20
2009.03.05 05:15:38.451,0.89065,0.89105,3.00,3.20
2009.03.05 05:15:38.970,0.89065,0.89105,1.00,3.20
2009.03.05 05:15:39.430,0.89065,0.89105,1.00,3.20
2009.03.05 05:15:43.530,0.89065,0.89095,1.00,1.60
2009.03.05 05:15:43.819,0.89065,0.89095,1.00,1.80
2009.03.05 05:15:43.929,0.89065,0.89095,1.00,3.00
2009.03.05 05:15:44.289,0.89055,0.8909,1.00,1.60
2009.03.05 05:15:44.519,0.89055,0.8909,1.00,2.80
2009.03.05 05:15:44.879,0.89055,0.8909,1.00,3.20
2009.03.05 05:15:45.409,0.8906,0.89095,1.00,3.20
2009.03.05 05:15:45.808,0.89055,0.89095,1.00,3.20
2009.03.05 05:15:46.159,0.8906,0.89095,1.00,3.20
2009.03.05 05:15:46.399,0.89055,0.89095,1.00,3.20
2009.03.05 05:15:48.748,0.8906,0.89095,1.00,3.20
2009.03.05 05:15:56.806,0.8906,0.8909,1.00,2.00
2009.03.05 05:15:56.926,0.8906,0.8909,1.00,3.20
2009.03.05 05:15:57.216,0.89055,0.8909,1.00,3.20
2009.03.05 05:15:57.786,0.8905,0.89085,4.80,3.80
2009.03.05 05:15:57.956,0.8905,0.89085,7.80,3.80
2009.03.05 05:15:58.706,0.89055,0.89085,1.00,3.80
2009.03.05 05:16:00.175,0.8906,0.8908,1.00,1.80
2009.03.05 05:16:00.585,0.8906,0.8909,1.00,1.20
2009.03.05 05:16:01.175,0.8906,0.8909,1.00,3.20
2009.03.05 05:16:01.575,0.89055,0.8909,1.00,3.20
2009.03.05 05:16:01.975,0.8905,0.89085,11.00,1.60
2009.03.05 05:16:02.484,0.8905,0.89085,7.80,3.80
2009.03.05 05:16:03.184,0.89055,0.89085,1.00,3.80
2009.03.05 05:16:03.675,0.89055,0.89085,1.00,1.80
2009.03.05 05:16:05.454,0.89055,0.8909,1.00,7.00
2009.03.05 05:16:06.154,0.89055,0.8909,1.00,3.20
2009.03.05 05:16:07.674,0.8907,0.8909,1.00,3.20
2009.03.05 05:16:08.133,0.8907,0.891,1.00,2.40
2009.03.05 05:16:08.463,0.89075,0.8911,1.00,3.20
2009.03.05 05:16:10.193,0.89075,0.89105,1.00,1.80
2009.03.05 05:16:10.523,0.89075,0.89105,1.00,7.00
2009.03.05 05:16:10.703,0.89065,0.89095,1.00,2.60
2009.03.05 05:16:10.923,0.8906,0.89095,1.20,4.80
2009.03.05 05:16:11.333,0.8906,0.89095,1.00,4.80
2009.03.05 05:16:11.792,0.8906,0.89095,1.00,3.20
2009.03.05 05:16:12.132,0.8906,0.891,1.00,3.20
2009.03.05 05:16:14.312,0.8906,0.89085,1.00,1.60
2009.03.05 05:16:14.652,0.89055,0.89085,1.00,1.60
2009.03.05 05:16:17.041,0.89065,0.8909,1.00,2.40
2009.03.05 05:16:20.330,0.8906,0.8909,1.00,1.80
2009.03.05 05:16:20.730,0.8906,0.89085,1.00,2.40
2009.03.05 05:16:20.950,0.89065,0.8909,1.00,2.40
2009.03.05 05:16:21.300,0.8907,0.89095,1.00,1.60
2009.03.05 05:16:21.780,0.8907,0.89105,1.00,3.20
2009.03.05 05:16:22.570,0.8907,0.8911,1.00,5.20
2009.03.05 05:16:24.189,0.8907,0.8911,1.00,7.00
2009.03.05 05:16:24.591,0.89065,0.89095,7.80,1.00
2009.03.05 05:16:24.989,0.8907,0.891,1.00,5.20
2009.03.05 05:16:25.269,0.8907,0.89095,1.00,1.00
2009.03.05 05:16:25.449,0.89065,0.89095,1.00,1.00
2009.03.05 05:16:26.159,0.89065,0.8909,1.00,2.20
2009.03.05 05:16:26.909,0.8907,0.89095,1.00,5.80
2009.03.05 05:16:27.259,0.8907,0.89095,1.00,3.80
2009.03.05 05:16:27.759,0.8907,0.89095,1.00,1.80
2009.03.05 05:16:27.879,0.8907,0.89095,1.00,1.60
2009.03.05 05:16:30.008,0.8907,0.8909,1.00,1.00
2009.03.05 05:16:30.348,0.89065,0.89085,1.00,1.00
2009.03.05 05:16:30.588,0.89065,0.89085,1.00,2.00
2009.03.05 05:16:31.108,0.8907,0.89095,1.00,5.00
2009.03.05 05:16:31.507,0.8907,0.89095,1.00,3.80
2009.03.05 05:16:32.717,0.8907,0.8909,1.00,2.20
2009.03.05 05:16:33.007,0.89055,0.89085,3.00,1.60
2009.03.05 05:16:33.127,0.89055,0.89085,1.00,1.60
2009.03.05 05:16:38.436,0.89055,0.8909,1.00,3.20
2009.03.05 05:16:38.826,0.8905,0.8909,11.00,1.20
2009.03.05 05:16:39.116,0.8905,0.89095,11.00,3.20
2009.03.05 05:16:39.456,0.8906,0.89095,1.00,5.20
2009.03.05 05:16:39.996,0.89055,0.8909,1.00,3.20
2009.03.05 05:16:40.385,0.89055,0.8909,1.00,4.80
2009.03.05 05:16:40.655,0.89055,0.8909,1.00,3.20
2009.03.05 05:16:45.374,0.89055,0.89085,1.00,1.20
2009.03.05 05:16:45.814,0.89055,0.89085,1.00,3.20
2009.03.05 05:16:46.774,0.8907,0.89085,1.00,3.20
2009.03.05 05:16:47.174,0.89055,0.89085,1.00,3.20
2009.03.05 05:16:47.634,0.89055,0.8909,1.00,3.20
2009.03.05 05:16:48.313,0.89055,0.89085,1.00,3.20
2009.03.05 05:16:51.983,0.8906,0.89085,1.00,3.20
2009.03.05 05:16:52.542,0.8906,0.8909,1.00,3.20
2009.03.05 05:16:54.822,0.8906,0.89085,1.00,2.00
2009.03.05 05:16:55.242,0.89055,0.8909,1.00,3.20
2009.03.05 05:16:55.702,0.89055,0.89085,1.00,3.20
2009.03.05 05:16:59.291,0.89055,0.8909,1.00,3.20
2009.03.05 05:16:59.691,0.89055,0.89085,1.00,1.20
2009.03.05 05:16:59.921,0.89055,0.89085,1.00,3.20
2009.03.05 05:17:02.820,0.8907,0.89085,7.80,3.20
2009.03.05 05:17:02.930,0.8907,0.891,7.80,5.20
2009.03.05 05:17:03.110,0.89075,0.891,1.00,5.20
2009.03.05 05:17:03.890,0.89075,0.891,1.00,2.40
2009.03.05 05:17:04.459,0.89075,0.89105,1.00,5.20
2009.03.05 05:17:04.809,0.8908,0.89105,1.00,3.20
2009.03.05 05:17:05.389,0.8908,0.891,1.00,1.00
2009.03.05 05:17:05.739,0.8908,0.89095,1.00,1.00
2009.03.05 05:17:06.439,0.89075,0.89095,1.00,1.60
2009.03.05 05:17:06.879,0.89075,0.89105,1.00,5.60
2009.03.05 05:17:07.219,0.89075,0.891,1.00,1.80
2009.03.05 05:17:07.559,0.8908,0.891,1.00,5.20
2009.03.05 05:17:07.779,0.8908,0.891,1.00,5.20
2009.03.05 05:17:08.179,0.8908,0.891,1.00,5.20
2009.03.05 05:17:13.297,0.8908,0.89095,1.00,1.00
2009.03.05 05:17:13.407,0.89075,0.89095,1.00,1.60
2009.03.05 05:17:13.807,0.89075,0.89095,1.00,3.40
2009.03.05 05:17:17.767,0.89075,0.8909,1.00,1.80
2009.03.05 05:17:17.946,0.89075,0.891,1.00,7.00
2009.03.05 05:17:18.346,0.89075,0.891,1.00,3.80
2009.03.05 05:17:24.225,0.89075,0.89095,1.00,1.60
2009.03.05 05:17:24.925,0.89075,0.89095,1.00,3.40
2009.03.05 05:17:28.244,0.89075,0.8909,1.00,1.80
2009.03.05 05:17:28.304,0.89075,0.891,1.00,3.80
2009.03.05 05:17:38.861,0.89075,0.89095,1.00,1.60
2009.03.05 05:17:45.100,0.89085,0.89105,1.00,3.20
2009.03.05 05:17:45.389,0.89085,0.891,1.00,2.20
2009.03.05 05:17:45.680,0.89085,0.89115,1.00,6.80
2009.03.05 05:17:46.360,0.89085,0.89115,1.00,5.20
2009.03.05 05:17:56.307,0.89085,0.8911,1.00,2.40
2009.03.05 05:17:56.537,0.89085,0.8911,1.00,1.80
2009.03.05 05:17:58.436,0.89085,0.8911,4.80,3.80
2009.03.05 05:17:58.836,0.89085,0.8911,4.80,1.40
2009.03.05 05:17:59.066,0.891,0.8912,1.00,2.20
2009.03.05 05:17:59.186,0.891,0.89125,1.00,4.80
2009.03.05 05:17:59.426,0.891,0.8913,1.00,5.20
2009.03.05 05:17:59.716,0.8909,0.89115,1.00,3.20
2009.03.05 05:18:43.695,0.8909,0.89115,1.00,5.40
2009.03.05 05:18:43.936,0.8908,0.8911,1.20,4.80
2009.03.05 05:19:18.707,0.8908,0.8911,1.20,4.80
2009.03.05 05:19:34.563,0.8908,0.89115,1.20,3.20
2009.03.05 05:19:34.803,0.8908,0.89115,1.00,3.20
2009.03.05 05:19:35.153,0.8908,0.8911,1.00,1.20
2009.03.05 05:19:35.493,0.8908,0.89115,1.00,3.20
2009.03.05 05:19:37.093,0.8908,0.89115,1.00,3.40
2009.03.05 05:19:37.262,0.8908,0.8911,1.00,3.60
2009.03.05 05:19:37.812,0.8908,0.8911,1.20,4.80
2009.03.05 05:19:43.311,0.8908,0.8911,1.20,3.20
2009.03.05 05:19:43.591,0.8908,0.89115,1.00,3.20
2009.03.05 05:19:44.061,0.8908,0.8911,1.20,1.60
2009.03.05 05:19:44.361,0.8908,0.8911,1.20,2.80
2009.03.05 05:19:44.591,0.8908,0.8911,1.20,4.80
2009.03.05 05:20:02.576,0.8908,0.8911,1.00,3.20
2009.03.05 05:20:02.857,0.8908,0.89115,1.00,3.20
2009.03.05 05:20:04.546,0.8908,0.8911,1.00,1.60
2009.03.05 05:20:04.786,0.8908,0.8911,1.00,4.80
2009.03.05 05:20:04.896,0.8908,0.8911,1.20,4.80
2009.03.05 05:20:16.034,0.8908,0.8911,1.00,4.80
2009.03.05 05:20:16.433,0.8908,0.8911,1.00,3.20
2009.03.05 05:20:16.723,0.8908,0.89115,1.00,3.20
2009.03.05 05:20:19.032,0.8908,0.89115,1.00,1.20
2009.03.05 05:20:19.253,0.8909,0.8912,1.00,2.20
2009.03.05 05:20:19.532,0.8909,0.89125,1.00,5.40
2009.03.05 05:20:20.892,0.89095,0.8912,1.00,2.40
2009.03.05 05:20:22.342,0.89095,0.8912,1.00,3.60
2009.03.05 05:20:22.702,0.89085,0.89115,1.00,1.80
2009.03.05 05:20:25.461,0.8909,0.8912,1.00,3.20
2009.03.05 05:20:25.861,0.8909,0.89125,1.00,3.20
2009.03.05 05:20:26.141,0.8909,0.89125,1.00,2.00
2009.03.05 05:20:26.471,0.8909,0.8913,1.00,4.80
2009.03.05 05:20:26.771,0.8909,0.8913,3.00,4.80
2009.03.05 05:20:27.120,0.89095,0.8913,1.00,3.20
2009.03.05 05:20:27.400,0.89095,0.8913,1.00,3.20
2009.03.05 05:20:28.100,0.89095,0.8912,1.00,1.00
2009.03.05 05:20:28.570,0.89095,0.8912,1.00,2.40
2009.03.05 05:20:30.430,0.8909,0.89115,1.20,1.00
2009.03.05 05:20:37.668,0.89085,0.89115,1.00,1.80
2009.03.05 05:20:54.704,0.8909,0.8913,3.00,6.80
2009.03.05 05:20:54.884,0.8909,0.8913,1.00,7.20
2009.03.05 05:20:55.004,0.8909,0.8913,1.00,7.20
2009.03.05 05:20:57.573,0.89095,0.8913,1.00,7.20
2009.03.05 05:20:58.153,0.8909,0.8913,1.40,7.20
2009.03.05 05:20:58.573,0.8909,0.8913,1.00,7.20
2009.03.05 05:20:58.803,0.89095,0.89115,1.00,1.00
2009.03.05 05:20:59.253,0.8909,0.89115,1.40,2.20
2009.03.05 05:20:59.533,0.8909,0.89115,1.40,2.20
2009.03.05 05:21:02.682,0.8908,0.89115,1.20,7.00
2009.03.05 05:21:18.108,0.8908,0.8911,1.20,1.60
2009.03.05 05:21:18.508,0.8908,0.8911,1.20,4.80
2009.03.05 05:21:23.187,0.8908,0.8911,1.20,1.60
2009.03.05 05:21:46.352,0.8908,0.89115,1.20,7.00
2009.03.05 05:22:10.415,0.89085,0.89115,1.00,7.00
2009.03.05 05:22:28.161,0.8908,0.8911,1.20,1.60
2009.03.05 05:23:01.913,0.8908,0.89115,1.20,7.00
2009.03.05 05:23:04.742,0.8908,0.8911,1.20,4.60
2009.03.05 05:23:05.022,0.8908,0.8911,1.20,2.00
2009.03.05 05:23:05.202,0.8908,0.8911,1.20,1.80
2009.03.05 05:23:13.390,0.8908,0.8911,1.20,3.80
2009.03.05 05:23:13.450,0.8908,0.8911,1.20,7.00
2009.03.05 05:23:13.740,0.8908,0.891,1.20,1.00
2009.03.05 05:23:14.030,0.8908,0.891,1.00,2.20
2009.03.05 05:23:14.650,0.8908,0.89105,1.00,3.40
2009.03.05 05:23:15.130,0.8908,0.8911,1.00,9.20
2009.03.05 05:23:15.930,0.8908,0.891,1.00,2.20
2009.03.05 05:23:16.040,0.8908,0.89105,1.00,1.80
2009.03.05 05:23:16.320,0.8908,0.89105,1.00,3.80
2009.03.05 05:23:19.819,0.8908,0.89105,1.00,3.40
2009.03.05 05:23:20.139,0.8908,0.8911,1.00,9.20
2009.03.05 05:23:20.369,0.8908,0.89105,1.00,3.80
2009.03.05 05:23:20.840,0.8908,0.89105,1.00,1.60
2009.03.05 05:23:21.078,0.8908,0.8911,1.00,9.20
2009.03.05 05:23:22.888,0.8908,0.8911,1.00,4.00
2009.03.05 05:23:23.658,0.8908,0.891,1.00,2.20
2009.03.05 05:23:24.068,0.8908,0.89105,1.00,1.80
2009.03.05 05:23:29.667,0.8908,0.8911,1.20,1.80
2009.03.05 05:23:40.164,0.8908,0.89105,1.20,1.80
2009.03.05 05:23:40.564,0.8908,0.89105,1.20,1.60
2009.03.05 05:23:40.804,0.8908,0.8911,1.20,4.40
2009.03.05 05:23:41.373,0.8908,0.8911,1.20,2.40
2009.03.05 05:23:45.762,0.8908,0.89105,1.20,1.00
2009.03.05 05:23:45.994,0.8908,0.8911,1.20,2.40
2009.03.05 05:23:49.182,0.8908,0.89105,1.20,1.00
2009.03.05 05:23:57.880,0.8908,0.89115,1.00,3.80
2009.03.05 05:23:58.179,0.8908,0.89115,1.20,3.60
2009.03.05 05:24:00.229,0.8908,0.8911,1.20,2.40
2009.03.05 05:24:00.799,0.8908,0.89105,1.20,1.00
2009.03.05 05:24:01.179,0.8908,0.8911,1.20,1.80
2009.03.05 05:24:01.579,0.8908,0.8911,1.20,2.40
2009.03.05 05:24:03.128,0.8908,0.89105,1.20,1.00
2009.03.05 05:24:05.238,0.8908,0.891,1.20,1.00
2009.03.05 05:24:05.718,0.89075,0.891,1.00,1.00
2009.03.05 05:24:06.058,0.89075,0.891,1.00,2.40
2009.03.05 05:24:06.707,0.89075,0.891,1.00,1.80
2009.03.05 05:24:07.117,0.8908,0.891,1.00,3.80
2009.03.05 05:24:07.407,0.8908,0.89095,1.00,1.80
2009.03.05 05:24:08.147,0.8908,0.89105,1.00,2.20
2009.03.05 05:24:08.387,0.8908,0.891,1.00,2.20
2009.03.05 05:24:10.287,0.8908,0.89105,1.00,3.80
2009.03.05 05:24:11.286,0.8908,0.891,1.00,2.20
2009.03.05 05:24:11.576,0.8908,0.8911,1.00,5.40
2009.03.05 05:24:11.806,0.8908,0.89115,1.00,11.60
2009.03.05 05:24:12.097,0.8908,0.89115,1.00,6.80
2009.03.05 05:24:12.558,0.8908,0.89105,1.00,1.00
2009.03.05 05:24:12.796,0.8908,0.89105,1.00,1.80
2009.03.05 05:24:13.086,0.8908,0.89105,1.00,1.60
2009.03.05 05:24:13.436,0.8908,0.8911,1.20,5.00
2009.03.05 05:24:15.705,0.8908,0.8911,1.20,5.00
2009.03.05 05:24:17.425,0.8908,0.8911,1.20,5.00
2009.03.05 05:24:18.045,0.89085,0.8911,1.00,5.00
2009.03.05 05:24:18.985,0.89085,0.8911,1.00,3.40
2009.03.05 05:24:19.815,0.89085,0.8911,1.00,6.80
2009.03.05 05:24:22.014,0.89085,0.8911,1.00,6.60
2009.03.05 05:24:28.532,0.89085,0.89105,1.00,5.00
2009.03.05 05:24:28.652,0.8908,0.89105,1.20,5.00
2009.03.05 05:24:38.390,0.8908,0.89105,1.20,1.80
2009.03.05 05:24:42.289,0.8908,0.8911,1.20,11.40
2009.03.05 05:24:42.639,0.8908,0.8911,1.20,14.80
2009.03.05 05:24:42.869,0.8908,0.89105,1.20,1.80
2009.03.05 05:24:46.008,0.8908,0.8911,1.20,11.00
2009.03.05 05:24:46.068,0.8908,0.8911,3.20,11.00
2009.03.05 05:24:46.128,0.8908,0.8911,6.20,11.00
2009.03.05 05:24:46.428,0.8909,0.89125,1.00,7.60
2009.03.05 05:24:46.488,0.8909,0.89125,1.00,5.20
2009.03.05 05:24:47.737,0.8909,0.89125,1.00,6.80
2009.03.05 05:24:49.197,0.8909,0.8912,1.00,1.00
2009.03.05 05:24:49.377,0.8909,0.8912,1.00,1.00
2009.03.05 05:24:50.167,0.8909,0.8912,1.20,1.00
2009.03.05 05:24:50.627,0.89095,0.8912,1.00,1.00
2009.03.05 05:24:50.847,0.8909,0.8912,1.20,1.00
2009.03.05 05:24:54.256,0.8909,0.8912,1.40,2.20
2009.03.05 05:24:54.766,0.8909,0.8912,1.20,1.00
2009.03.05 05:24:56.945,0.8909,0.8912,4.80,1.00
2009.03.05 05:24:57.285,0.89095,0.8912,1.00,2.20
2009.03.05 05:24:57.625,0.8909,0.8912,1.20,1.00
2009.03.05 05:25:00.344,0.8909,0.8912,4.80,1.00
2009.03.05 05:25:00.874,0.89095,0.8912,1.00,2.20
2009.03.05 05:25:01.164,0.8909,0.8912,1.20,2.20
2009.03.05 05:25:01.444,0.8909,0.8912,1.20,1.00
2009.03.05 05:25:03.914,0.8909,0.8912,4.80,1.00
2009.03.05 05:25:03.974,0.89095,0.8912,1.00,1.00
2009.03.05 05:25:13.771,0.8909,0.8912,1.20,1.00
2009.03.05 05:25:16.840,0.8909,0.8912,1.20,2.20
2009.03.05 05:25:20.189,0.8909,0.8912,1.20,1.00
2009.03.05 05:25:20.299,0.89095,0.8912,1.00,1.00
2009.03.05 05:25:20.579,0.89095,0.8912,1.00,2.60
2009.03.05 05:25:26.958,0.89105,0.89125,1.00,6.40
2009.03.05 05:25:27.668,0.89105,0.89125,1.00,3.00
2009.03.05 05:25:27.948,0.89095,0.8912,1.40,1.00
2009.03.05 05:25:28.177,0.89095,0.8912,1.00,1.00
2009.03.05 05:25:28.559,0.89095,0.8912,1.00,2.60
2009.03.05 05:25:28.837,0.89095,0.8912,1.00,1.60
2009.03.05 05:25:29.348,0.89095,0.8912,1.00,3.60
2009.03.05 05:25:29.527,0.8909,0.89115,1.40,2.20
2009.03.05 05:25:36.196,0.8909,0.89115,1.40,1.80
2009.03.05 05:25:36.546,0.8909,0.8911,1.40,2.20
2009.03.05 05:25:37.295,0.8909,0.8911,1.20,2.20
2009.03.05 05:25:37.515,0.89085,0.8911,1.00,4.40
2009.03.05 05:25:43.594,0.89085,0.89105,1.00,1.00
2009.03.05 05:25:43.774,0.89085,0.89105,1.00,2.20
2009.03.05 05:25:44.544,0.89085,0.89105,1.00,1.00
2009.03.05 05:25:44.724,0.89085,0.8911,1.00,4.40
2009.03.05 05:25:45.893,0.8908,0.8911,1.20,2.20
2009.03.05 05:25:46.243,0.8908,0.8911,1.20,3.80
2009.03.05 05:25:46.403,0.8908,0.8911,1.20,2.20
2009.03.05 05:25:52.782,0.89075,0.8911,3.00,3.80
2009.03.05 05:25:56.061,0.89075,0.89105,3.00,2.20
2009.03.05 05:25:56.291,0.8908,0.89105,1.20,3.80
2009.03.05 05:25:56.531,0.8908,0.89105,1.20,2.20
2009.03.05 05:25:57.740,0.8908,0.89105,1.40,2.20
2009.03.05 05:25:58.121,0.8908,0.89095,1.20,2.00
2009.03.05 05:25:58.511,0.89085,0.89105,1.00,2.20
2009.03.05 05:26:00.300,0.8908,0.89105,1.20,2.20
2009.03.05 05:26:00.600,0.8908,0.89095,1.00,2.00
2009.03.05 05:26:00.830,0.89075,0.89095,1.00,2.20
2009.03.05 05:26:01.270,0.89075,0.89095,1.00,1.00
2009.03.05 05:26:01.680,0.89075,0.89095,1.00,2.00
2009.03.05 05:26:02.099,0.89075,0.8908,1.00,3.20
2009.03.05 05:26:02.500,0.8907,0.8909,1.00,9.40
2009.03.05 05:26:02.830,0.89075,0.8909,1.00,6.20
2009.03.05 05:26:03.229,0.89075,0.8909,1.00,1.60
2009.03.05 05:26:03.739,0.89075,0.8909,1.00,6.40
2009.03.05 05:26:04.189,0.8907,0.89075,1.00,1.80
2009.03.05 05:26:04.489,0.8904,0.89075,3.00,2.20
2009.03.05 05:26:04.839,0.89045,0.89075,1.00,2.20
2009.03.05 05:26:05.189,0.89045,0.89075,1.00,1.00
2009.03.05 05:26:05.619,0.8905,0.8908,1.00,1.80
2009.03.05 05:26:06.309,0.8906,0.8908,1.20,1.80
2009.03.05 05:26:06.599,0.8906,0.8909,1.20,7.00
2009.03.05 05:26:06.989,0.8906,0.8909,1.20,7.60
2009.03.05 05:26:07.398,0.8906,0.89085,1.20,1.60
2009.03.05 05:26:07.628,0.89055,0.89085,1.00,1.60
2009.03.05 05:26:08.328,0.8906,0.8909,1.00,5.20
2009.03.05 05:26:08.798,0.89055,0.8909,1.00,5.20
2009.03.05 05:26:09.378,0.89055,0.89085,1.00,1.60
2009.03.05 05:26:10.048,0.8905,0.89085,3.00,1.60
2009.03.05 05:26:11.607,0.8906,0.8909,1.00,1.60
2009.03.05 05:26:13.007,0.8905,0.89085,2.00,2.20
2009.03.05 05:26:13.717,0.8905,0.89085,1.20,1.00
2009.03.05 05:26:14.066,0.8906,0.8909,1.00,1.80
2009.03.05 05:26:14.476,0.89055,0.89085,1.00,1.60
2009.03.05 05:26:17.946,0.8907,0.8909,1.00,3.60
2009.03.05 05:26:18.056,0.8907,0.8909,1.00,5.80
2009.03.05 05:26:26.064,0.89065,0.89085,1.00,1.80
2009.03.05 05:26:26.464,0.89065,0.89085,1.00,5.00
2009.03.05 05:26:26.943,0.89065,0.89085,1.00,5.00
2009.03.05 05:26:26.993,0.89065,0.89085,1.00,1.80
2009.03.05 05:26:27.493,0.8906,0.8908,1.00,2.20
2009.03.05 05:26:27.953,0.89055,0.8908,2.60,4.40
2009.03.05 05:26:28.233,0.89055,0.8908,1.00,1.80
2009.03.05 05:26:29.353,0.89055,0.89085,1.00,5.20
2009.03.05 05:26:29.463,0.8906,0.89085,1.00,2.80
2009.03.05 05:26:29.753,0.8906,0.8909,1.00,7.00
2009.03.05 05:26:29.863,0.8906,0.8909,1.00,4.80
2009.03.05 05:26:30.263,0.8906,0.8909,1.00,5.20
2009.03.05 05:26:30.503,0.89055,0.89085,1.00,1.60
2009.03.05 05:26:31.442,0.89055,0.89085,1.00,4.60
2009.03.05 05:26:31.952,0.89055,0.89085,1.00,5.00
2009.03.05 05:26:33.702,0.89055,0.89085,1.00,7.00
2009.03.05 05:26:33.752,0.89055,0.8908,1.00,7.40
2009.03.05 05:26:34.082,0.8905,0.8908,1.20,1.60
2009.03.05 05:26:35.681,0.8905,0.8908,1.20,1.80
2009.03.05 05:26:36.181,0.8905,0.89075,1.20,1.00
2009.03.05 05:26:37.051,0.8905,0.89075,1.20,1.80
2009.03.05 05:26:37.541,0.8905,0.89075,1.20,6.80
2009.03.05 05:26:38.771,0.8905,0.8907,1.00,2.20
2009.03.05 05:26:39.810,0.8905,0.89075,1.20,7.00
2009.03.05 05:26:40.230,0.8906,0.89075,1.00,4.80
2009.03.05 05:26:42.350,0.89055,0.89075,1.00,6.60
2009.03.05 05:26:42.569,0.8905,0.89075,1.20,2.00
2009.03.05 05:26:43.079,0.8905,0.89075,1.20,2.20
2009.03.05 05:26:43.421,0.8905,0.89075,1.20,3.80
2009.03.05 05:26:43.589,0.8905,0.89075,1.20,5.00
2009.03.05 05:26:47.388,0.8905,0.89075,1.20,5.00
2009.03.05 05:26:47.608,0.8905,0.8907,1.20,1.00
2009.03.05 05:26:48.219,0.8905,0.89075,1.20,1.00
2009.03.05 05:26:48.388,0.89055,0.89075,1.00,5.00
2009.03.05 05:26:48.838,0.8905,0.89075,1.20,5.00
2009.03.05 05:26:49.008,0.8905,0.8907,1.20,1.00
2009.03.05 05:26:49.478,0.8905,0.89075,1.20,5.80
2009.03.05 05:26:49.818,0.8905,0.89075,1.20,5.00
2009.03.05 05:26:51.248,0.89055,0.8908,1.00,6.40
2009.03.05 05:26:51.367,0.8906,0.89075,1.00,5.00
2009.03.05 05:26:51.717,0.8905,0.89075,1.20,5.00
2009.03.05 05:26:57.966,0.8905,0.89075,1.20,5.00
2009.03.05 05:26:58.146,0.8906,0.89075,1.00,3.40
2009.03.05 05:26:58.376,0.8906,0.8908,1.00,1.80
2009.03.05 05:26:58.916,0.89055,0.8908,1.00,1.80
2009.03.05 05:26:59.316,0.8905,0.8908,3.00,1.80
2009.03.05 05:26:59.616,0.89055,0.8908,1.00,1.80
2009.03.05 05:27:01.325,0.89055,0.8908,1.00,1.60
2009.03.05 05:27:01.726,0.89055,0.89085,1.00,5.20
2009.03.05 05:27:01.995,0.89055,0.89085,1.00,2.00
2009.03.05 05:27:03.715,0.8906,0.8908,1.00,1.80
2009.03.05 05:27:04.044,0.89055,0.8908,1.00,1.80
2009.03.05 05:27:12.812,0.89055,0.8908,1.00,1.60
2009.03.05 05:27:13.032,0.89055,0.8908,7.80,1.60
2009.03.05 05:27:13.382,0.8906,0.89085,1.00,1.60
2009.03.05 05:27:19.301,0.8906,0.8908,1.00,2.20
2009.03.05 05:27:19.421,0.8906,0.8909,1.20,7.00
2009.03.05 05:27:20.211,0.8906,0.8909,1.20,3.80
2009.03.05 05:27:20.561,0.8906,0.8909,1.20,4.40
2009.03.05 05:27:20.920,0.8906,0.89095,1.20,7.00
2009.03.05 05:27:21.990,0.8906,0.89095,1.40,7.00
2009.03.05 05:27:22.380,0.89065,0.89095,1.00,7.20
2009.03.05 05:27:30.238,0.89065,0.8909,1.00,2.20
2009.03.05 05:27:30.528,0.89065,0.89085,1.00,2.20
2009.03.05 05:27:30.648,0.8906,0.89085,1.20,2.20
2009.03.05 05:27:34.567,0.8906,0.8909,1.20,4.40
2009.03.05 05:27:34.797,0.89065,0.8909,1.00,4.40
2009.03.05 05:27:40.286,0.89065,0.8909,1.00,2.40
2009.03.05 05:27:40.956,0.89065,0.8909,1.00,4.40
2009.03.05 05:27:41.018,0.89065,0.89085,1.00,1.00
2009.03.05 05:27:56.422,0.89065,0.8909,1.00,1.60
2009.03.05 05:27:56.822,0.89065,0.8909,1.00,4.40
2009.03.05 05:28:02.370,0.89065,0.8908,1.00,4.40
2009.03.05 05:28:11.818,0.89065,0.89085,1.00,1.80
2009.03.05 05:28:12.548,0.89065,0.8909,1.00,3.20
2009.03.05 05:28:12.958,0.8907,0.89095,1.00,3.60
2009.03.05 05:28:13.318,0.89065,0.89095,1.00,3.60
2009.03.05 05:28:17.706,0.89065,0.8909,1.00,2.00
2009.03.05 05:28:18.147,0.89065,0.8909,1.00,3.60
2009.03.05 05:28:18.426,0.89065,0.8909,1.00,2.40
2009.03.05 05:28:19.126,0.89065,0.89095,1.00,5.20
2009.03.05 05:28:19.516,0.89065,0.89085,1.00,2.20
2009.03.05 05:28:29.644,0.89065,0.89085,1.00,3.80
2009.03.05 05:28:42.441,0.89065,0.89085,1.00,2.20
2009.03.05 05:28:52.248,0.89065,0.89075,1.00,1.80
2009.03.05 05:28:52.428,0.89065,0.89075,1.00,2.20
2009.03.05 05:28:58.677,0.89065,0.89075,1.00,1.00
2009.03.05 05:28:59.596,0.89065,0.8908,1.00,4.40
2009.03.05 05:29:00.346,0.89065,0.8908,1.00,1.00
2009.03.05 05:29:00.707,0.89065,0.8909,1.00,3.20
2009.03.05 05:29:01.056,0.89065,0.89085,1.00,1.00
2009.03.05 05:29:02.076,0.89065,0.89095,1.00,5.20
2009.03.05 05:29:02.376,0.89065,0.89095,1.00,3.60
2009.03.05 05:29:04.046,0.8907,0.89095,1.00,3.20
2009.03.05 05:29:04.445,0.89065,0.89095,1.00,3.20
2009.03.05 05:29:04.745,0.89065,0.89095,1.00,5.20
2009.03.05 05:29:05.305,0.89065,0.89095,1.00,3.20
2009.03.05 05:29:06.325,0.89065,0.89095,1.00,1.80
2009.03.05 05:29:06.545,0.89065,0.89085,1.00,1.00
2009.03.05 05:29:07.415,0.8906,0.89085,3.00,1.00
2009.03.05 05:29:08.384,0.8906,0.8908,1.00,2.20
2009.03.05 05:29:08.844,0.8906,0.8908,1.00,4.40
2009.03.05 05:29:09.244,0.8906,0.8908,1.00,1.80
2009.03.05 05:29:09.364,0.8906,0.89075,1.00,2.20
2009.03.05 05:29:10.744,0.8906,0.89065,1.00,1.80
2009.03.05 05:29:10.794,0.8906,0.8907,1.00,2.20
2009.03.05 05:29:10.904,0.89055,0.8907,1.20,2.20
2009.03.05 05:29:11.313,0.8906,0.8907,1.00,2.20
2009.03.05 05:29:13.403,0.8906,0.8907,1.00,1.80
2009.03.05 05:29:13.583,0.8906,0.8907,1.00,3.40
2009.03.05 05:29:14.873,0.8906,0.8907,1.00,1.60
2009.03.05 05:29:15.234,0.8906,0.8907,1.00,4.40
2009.03.05 05:29:15.683,0.8906,0.8907,1.00,4.00
2009.03.05 05:29:15.912,0.89065,0.89075,1.00,3.80
2009.03.05 05:29:16.312,0.89065,0.89075,1.00,2.20
2009.03.05 05:29:16.942,0.8906,0.89075,1.00,2.20
2009.03.05 05:29:19.382,0.8906,0.8907,1.00,1.00
2009.03.05 05:29:19.672,0.8906,0.8907,1.00,2.20
2009.03.05 05:29:19.842,0.89055,0.8907,1.00,4.40
2009.03.05 05:29:20.242,0.89055,0.8907,1.00,4.60
2009.03.05 05:29:20.711,0.89055,0.89065,1.00,2.20
2009.03.05 05:29:21.111,0.89045,0.89065,1.20,2.20
2009.03.05 05:29:21.471,0.89045,0.89065,3.00,2.20
2009.03.05 05:29:21.811,0.8905,0.89065,1.00,1.00
2009.03.05 05:29:22.291,0.8905,0.8907,1.00,4.40
2009.03.05 05:29:22.801,0.8905,0.8907,1.00,2.20
2009.03.05 05:29:23.262,0.8905,0.8907,1.00,3.20
2009.03.05 05:29:23.591,0.89055,0.8907,1.00,7.40
2009.03.05 05:29:24.101,0.89045,0.8906,1.00,3.40
2009.03.05 05:29:24.730,0.8904,0.8906,2.40,3.40
2009.03.05 05:29:25.320,0.8904,0.8906,2.40,5.00
2009.03.05 05:29:25.950,0.8904,0.8905,2.40,1.40
2009.03.05 05:29:26.500,0.8904,0.89055,2.40,9.20
2009.03.05 05:29:26.920,0.8904,0.8906,2.40,3.40
2009.03.05 05:29:27.200,0.89045,0.8906,1.00,3.40
2009.03.05 05:29:28.369,0.89045,0.8905,1.00,1.00
2009.03.05 05:29:28.839,0.8903,0.8905,1.20,1.00
2009.03.05 05:29:28.949,0.8903,0.89045,1.00,1.00
2009.03.05 05:29:29.129,0.89025,0.89045,1.00,1.00
2009.03.05 05:29:29.359,0.89025,0.89045,1.00,2.20
2009.03.05 05:29:29.530,0.89025,0.8904,1.00,1.00
2009.03.05 05:29:29.759,0.8902,0.8904,1.20,1.00
2009.03.05 05:29:32.599,0.89045,0.8905,1.00,2.20
2009.03.05 05:29:33.068,0.8905,0.89065,1.00,5.00
2009.03.05 05:29:33.458,0.8905,0.89065,1.00,4.80
2009.03.05 05:29:35.568,0.8905,0.89065,1.00,3.40
2009.03.05 05:29:35.858,0.8905,0.89065,1.00,3.60
2009.03.05 05:29:36.148,0.8905,0.89055,1.00,1.00
2009.03.05 05:29:36.787,0.89025,0.89055,1.20,2.20
2009.03.05 05:29:37.017,0.8902,0.89055,1.00,3.60
2009.03.05 05:29:37.238,0.89025,0.8905,1.20,1.80
2009.03.05 05:29:37.579,0.89025,0.89045,1.20,1.00
2009.03.05 05:29:37.757,0.89015,0.89045,1.40,2.20
2009.03.05 05:29:39.497,0.89025,0.89045,1.00,2.20
2009.03.05 05:29:39.607,0.89025,0.89045,1.00,1.00
2009.03.05 05:29:43.936,0.89035,0.8905,1.00,1.40
2009.03.05 05:29:44.116,0.8903,0.89055,2.40,1.80
2009.03.05 05:29:45.395,0.89035,0.89055,1.00,1.80
2009.03.05 05:29:47.145,0.8904,0.89055,1.00,1.80
2009.03.05 05:29:49.794,0.8904,0.8906,1.00,6.60
2009.03.05 05:29:53.193,0.8904,0.8906,1.00,6.40
2009.03.05 05:29:54.173,0.8904,0.8906,1.00,6.20
2009.03.05 05:29:54.633,0.8904,0.8906,4.80,3.00
2009.03.05 05:29:54.983,0.8905,0.8907,1.00,5.40
2009.03.05 05:29:55.223,0.8905,0.8908,1.00,2.20
2009.03.05 05:29:57.652,0.8905,0.8908,1.00,2.00
2009.03.05 05:29:57.712,0.8905,0.8908,1.00,3.20
2009.03.05 05:29:57.813,0.8905,0.89075,1.00,2.00
2009.03.05 05:29:57.872,0.8905,0.89075,1.00,3.20
2009.03.05 05:29:58.742,0.89045,0.89075,1.00,3.20
2009.03.05 05:30:01.231,0.89045,0.8907,1.00,2.20
2009.03.05 05:30:01.531,0.89045,0.8908,1.00,7.60
2009.03.05 05:30:04.001,0.89045,0.8908,1.00,5.40
2009.03.05 05:30:04.361,0.8905,0.8908,1.00,5.40
2009.03.05 05:30:12.159,0.89045,0.8908,1.00,5.40
2009.03.05 05:30:12.689,0.8905,0.8908,1.00,5.40
2009.03.05 05:30:14.498,0.8905,0.89075,1.00,3.20
2009.03.05 05:30:14.978,0.8905,0.8908,1.00,5.40
2009.03.05 05:30:18.318,0.89045,0.8908,1.00,5.40
2009.03.05 05:30:18.497,0.89045,0.89075,1.00,1.00
2009.03.05 05:30:18.717,0.89045,0.8907,1.00,2.20
2009.03.05 05:30:19.337,0.89045,0.89075,1.00,3.20
2009.03.05 05:30:20.257,0.89045,0.89075,1.00,1.00
2009.03.05 05:30:20.847,0.8905,0.8908,1.00,5.40
2009.03.05 05:30:29.974,0.8905,0.8908,1.00,7.60
2009.03.05 05:30:31.164,0.89045,0.8908,1.00,7.60
2009.03.05 05:30:31.494,0.89045,0.8907,1.00,2.20
2009.03.05 05:30:31.964,0.89045,0.89075,1.00,3.20
2009.03.05 05:30:33.144,0.89045,0.89075,1.00,2.00
2009.03.05 05:30:33.554,0.89045,0.8907,1.00,2.20
2009.03.05 05:30:33.784,0.89045,0.8908,1.00,7.60
2009.03.05 05:30:37.103,0.89045,0.8908,1.00,5.40
2009.03.05 05:30:42.022,0.8905,0.8908,1.00,5.40
2009.03.05 05:30:48.031,0.8905,0.8908,1.00,7.60
2009.03.05 05:30:48.370,0.8905,0.8908,1.00,5.40
2009.03.05 05:30:57.388,0.89045,0.8908,1.00,5.40
2009.03.05 05:31:00.237,0.89045,0.89075,1.00,1.00
2009.03.05 05:31:00.347,0.89045,0.89075,1.00,3.20
2009.03.05 05:31:00.927,0.89045,0.89075,1.00,3.20
2009.03.05 05:31:01.447,0.89045,0.89075,1.00,2.00
2009.03.05 05:31:01.917,0.89045,0.8908,1.00,7.60
2009.03.05 05:31:02.037,0.89045,0.8908,1.00,5.40
2009.03.05 05:31:19.303,0.89045,0.89075,1.00,2.00
2009.03.05 05:31:19.473,0.89045,0.89075,1.00,3.20
2009.03.05 05:31:23.292,0.89045,0.89075,1.00,1.20
2009.03.05 05:31:23.472,0.89045,0.8908,1.00,5.20
2009.03.05 05:31:23.702,0.89045,0.89075,1.00,2.00
2009.03.05 05:31:23.931,0.89045,0.89075,1.00,3.20
2009.03.05 05:31:40.238,0.8905,0.8908,1.00,5.40
2009.03.05 05:31:40.838,0.89045,0.8908,1.00,5.40
2009.03.05 05:31:44.107,0.89045,0.89075,1.00,3.20
2009.03.05 05:31:47.776,0.8904,0.89075,7.80,3.20
2009.03.05 05:31:48.056,0.8904,0.89075,7.80,6.80
2009.03.05 05:31:48.456,0.89045,0.89075,1.00,5.20
2009.03.05 05:31:48.975,0.8904,0.89075,7.80,5.20
2009.03.05 05:31:52.924,0.8904,0.89075,7.80,3.60
2009.03.05 05:31:53.214,0.8904,0.89075,7.80,3.20
2009.03.05 05:32:10.371,0.89045,0.89075,1.00,3.20
2009.03.05 05:32:15.229,0.8904,0.89075,7.80,4.80
2009.03.05 05:32:15.469,0.8904,0.89075,7.80,5.20
2009.03.05 05:32:15.579,0.89045,0.89075,1.00,5.20
2009.03.05 05:32:15.919,0.8904,0.89075,7.80,5.20
2009.03.05 05:32:16.159,0.8904,0.89075,7.80,5.20
2009.03.05 05:32:16.578,0.8904,0.89075,7.80,3.20
2009.03.05 05:32:19.438,0.89045,0.89075,1.00,3.20
2009.03.05 05:32:21.977,0.89045,0.8908,1.00,7.60
2009.03.05 05:32:22.257,0.89045,0.8908,1.00,10.80
2009.03.05 05:32:22.539,0.89045,0.89075,1.00,1.80
2009.03.05 05:32:22.597,0.89045,0.89075,1.00,5.20
2009.03.05 05:32:22.947,0.89045,0.89075,1.00,5.20
2009.03.05 05:32:25.987,0.89045,0.89075,1.00,3.20
2009.03.05 05:32:27.326,0.89045,0.89075,1.00,4.80
2009.03.05 05:32:27.446,0.89045,0.89075,1.00,5.20
2009.03.05 05:32:36.844,0.89045,0.89075,1.00,3.60
2009.03.05 05:32:37.184,0.89045,0.89075,1.00,3.20
2009.03.05 05:32:40.663,0.89045,0.89075,1.00,3.60
2009.03.05 05:32:41.183,0.89045,0.89075,1.00,5.20
2009.03.05 05:32:44.672,0.89045,0.89075,1.00,5.20
2009.03.05 05:32:52.560,0.89045,0.89075,1.00,4.00
2009.03.05 05:32:53.060,0.89045,0.89075,1.00,1.80
2009.03.05 05:32:57.799,0.89045,0.89075,1.00,5.20
2009.03.05 05:33:07.746,0.89045,0.89075,1.00,3.60
2009.03.05 05:33:07.806,0.89045,0.89075,1.00,3.20
2009.03.05 05:33:08.976,0.89045,0.8908,1.00,7.60
2009.03.05 05:33:09.566,0.89045,0.8908,1.00,10.80
2009.03.05 05:33:09.896,0.89045,0.89075,1.00,3.20
2009.03.05 05:33:16.934,0.89045,0.8907,1.00,2.20
2009.03.05 05:33:17.224,0.89045,0.8908,1.00,7.60
2009.03.05 05:33:18.304,0.89045,0.8908,1.00,10.80
2009.03.05 05:33:18.484,0.89045,0.8908,1.00,7.60
2009.03.05 05:33:22.623,0.89045,0.89075,1.00,3.20
2009.03.05 05:33:22.903,0.89045,0.8908,1.00,7.60
2009.03.05 05:33:23.443,0.89045,0.89075,1.00,3.20
2009.03.05 05:33:34.590,0.89045,0.8908,1.00,7.60
2009.03.05 05:33:34.760,0.89045,0.89075,1.00,3.20
2009.03.05 05:33:39.949,0.89045,0.8908,1.00,7.60
2009.03.05 05:33:40.688,0.89045,0.89075,1.00,3.20
2009.03.05 05:33:44.967,0.89045,0.8908,1.00,7.60
2009.03.05 05:33:45.377,0.89045,0.8907,1.00,2.20
2009.03.05 05:33:45.837,0.89045,0.89075,1.00,3.20
2009.03.05 05:33:51.176,0.89045,0.8907,1.00,2.20
2009.03.05 05:33:51.396,0.89045,0.8908,1.00,7.60
2009.03.05 05:33:51.685,0.89045,0.89075,1.00,3.20
2009.03.05 05:33:52.495,0.89045,0.89075,1.00,3.20
2009.03.05 05:33:55.854,0.89045,0.89075,1.00,3.20
2009.03.05 05:33:55.955,0.89045,0.8908,1.00,7.60
2009.03.05 05:33:56.465,0.89045,0.89075,1.00,3.20
2009.03.05 05:34:01.793,0.89045,0.8908,1.00,7.60
2009.03.05 05:34:02.213,0.89045,0.8907,1.00,2.20
2009.03.05 05:34:02.263,0.89045,0.89075,1.00,3.20
2009.03.05 05:34:06.433,0.89045,0.8908,1.00,5.40
2009.03.05 05:34:08.392,0.89045,0.89075,1.00,3.20
2009.03.05 05:34:08.672,0.89045,0.8908,1.00,5.40
2009.03.05 05:34:09.182,0.89045,0.89075,1.00,3.20
2009.03.05 05:34:10.441,0.89045,0.89075,1.00,2.00
2009.03.05 05:34:10.731,0.89045,0.8908,1.00,5.40
2009.03.05 05:34:14.000,0.89045,0.8908,1.00,5.20
2009.03.05 05:34:14.500,0.8905,0.8908,1.00,5.20
2009.03.05 05:34:15.030,0.8905,0.8908,1.00,3.60
2009.03.05 05:34:15.430,0.89045,0.8908,1.00,5.20
2009.03.05 05:34:19.849,0.8905,0.8908,1.00,5.20
2009.03.05 05:34:20.199,0.89045,0.8908,2.40,5.20
2009.03.05 05:34:20.499,0.89045,0.8908,7.80,5.20
2009.03.05 05:34:20.849,0.89045,0.8908,1.00,2.00
2009.03.05 05:34:21.078,0.89045,0.8908,1.00,5.20
2009.03.05 05:34:24.618,0.8905,0.8908,1.00,5.20
2009.03.05 05:34:25.438,0.89045,0.8908,3.40,5.20
2009.03.05 05:34:28.307,0.89045,0.8908,1.60,5.40
2009.03.05 05:34:28.817,0.89045,0.8908,1.00,5.40
2009.03.05 05:34:35.415,0.89045,0.8908,7.80,5.20
2009.03.05 05:34:35.515,0.8905,0.8908,1.00,3.60
2009.03.05 05:34:35.625,0.8905,0.8908,7.80,3.60
2009.03.05 05:34:35.915,0.8905,0.8908,7.80,6.80
2009.03.05 05:34:36.025,0.8905,0.8908,7.80,5.60
2009.03.05 05:34:38.074,0.8905,0.8908,4.80,5.80
2009.03.05 05:34:38.364,0.8905,0.8908,7.80,5.60
2009.03.05 05:34:38.704,0.8905,0.8908,7.80,2.60
2009.03.05 05:34:39.604,0.8905,0.8908,4.80,2.60
2009.03.05 05:34:40.964,0.89055,0.8908,1.00,4.60
2009.03.05 05:34:51.941,0.89055,0.8908,1.00,3.80
2009.03.05 05:34:52.051,0.8905,0.8908,1.00,7.20
2009.03.05 05:35:03.208,0.8905,0.8907,1.00,4.00
2009.03.05 05:35:03.769,0.8905,0.8908,1.00,3.80
2009.03.05 05:35:05.438,0.8905,0.8908,1.00,6.00
2009.03.05 05:35:05.668,0.8905,0.8908,1.00,7.20
2009.03.05 05:35:09.307,0.8905,0.8908,1.00,5.20
2009.03.05 05:35:09.767,0.8905,0.8908,1.00,3.80
2009.03.05 05:35:09.987,0.8905,0.8908,1.00,7.20
2009.03.05 05:35:18.125,0.8905,0.8908,1.00,3.80
2009.03.05 05:35:18.475,0.8905,0.8908,1.00,2.00
2009.03.05 05:35:18.635,0.8905,0.8908,1.00,7.20
2009.03.05 05:35:18.914,0.8905,0.8908,1.00,5.20
2009.03.05 05:35:20.824,0.8905,0.8908,1.00,7.20
2009.03.05 05:35:21.914,0.89055,0.8908,1.00,2.40
2009.03.05 05:35:22.554,0.89055,0.8908,1.00,4.60
2009.03.05 05:35:22.934,0.8905,0.8908,1.00,5.20
2009.03.05 05:35:23.385,0.8905,0.8908,1.00,7.20
2009.03.05 05:35:23.853,0.8905,0.8908,1.00,5.20
2009.03.05 05:35:25.453,0.89055,0.8908,1.00,5.20
2009.03.05 05:35:26.513,0.89055,0.89075,1.00,1.20
2009.03.05 05:35:26.862,0.89055,0.89075,1.00,3.20
2009.03.05 05:35:28.312,0.89055,0.89075,1.00,3.60
2009.03.05 05:35:28.472,0.89055,0.89075,1.00,7.00
2009.03.05 05:35:36.480,0.89055,0.89075,1.00,5.40
2009.03.05 05:35:36.770,0.89055,0.89075,1.00,2.20
2009.03.05 05:35:38.720,0.8905,0.89075,1.00,2.20
2009.03.05 05:35:41.789,0.8905,0.8907,1.00,4.00
2009.03.05 05:35:42.209,0.89055,0.8908,1.00,7.20
2009.03.05 05:35:42.679,0.89055,0.89075,1.00,3.80
2009.03.05 05:35:43.069,0.89055,0.89075,1.00,5.00
2009.03.05 05:35:43.249,0.89055,0.89075,1.00,7.00
2009.03.05 05:35:44.019,0.89055,0.89075,1.00,5.20
2009.03.05 05:35:44.299,0.89055,0.89075,1.00,3.20
2009.03.05 05:35:48.577,0.89055,0.89075,1.00,3.60
2009.03.05 05:35:48.977,0.8905,0.89075,1.00,3.60
2009.03.05 05:35:51.596,0.89055,0.89075,1.00,3.60
2009.03.05 05:35:54.586,0.8905,0.89075,1.00,3.60
2009.03.05 05:35:59.465,0.8905,0.89075,1.00,5.40
2009.03.05 05:35:59.795,0.8905,0.89075,1.00,7.00
2009.03.05 05:36:01.224,0.8905,0.89065,1.00,1.80
2009.03.05 05:36:01.574,0.8905,0.89075,1.00,5.80
2009.03.05 05:36:01.914,0.8905,0.89075,1.00,7.00
2009.03.05 05:36:03.484,0.8905,0.89065,1.00,1.80
2009.03.05 05:36:08.102,0.8905,0.89075,1.00,5.20
2009.03.05 05:36:08.613,0.89055,0.89075,1.00,3.80
2009.03.05 05:36:16.661,0.89055,0.89075,1.00,2.20
2009.03.05 05:36:17.061,0.89055,0.89065,1.00,1.80
2009.03.05 05:36:19.740,0.89055,0.89075,1.00,3.80
2009.03.05 05:36:20.460,0.89055,0.89075,1.00,5.80
2009.03.05 05:36:20.630,0.89055,0.89075,1.00,4.80
2009.03.05 05:36:20.809,0.89055,0.89075,1.00,3.20
2009.03.05 05:36:20.990,0.89055,0.8908,1.00,2.60
2009.03.05 05:36:21.319,0.89055,0.8907,1.00,2.20
2009.03.05 05:36:21.869,0.8906,0.8907,1.00,2.20
2009.03.05 05:36:22.219,0.8906,0.89085,1.00,3.20
2009.03.05 05:36:22.390,0.89055,0.89085,1.00,3.20
2009.03.05 05:36:22.979,0.8906,0.89085,1.00,3.20
2009.03.05 05:36:23.389,0.89055,0.89085,1.00,3.20
2009.03.05 05:36:27.358,0.89055,0.89085,1.00,3.20
2009.03.05 05:36:27.518,0.8906,0.89085,1.00,3.20
2009.03.05 05:36:27.988,0.8906,0.8909,1.00,3.20
2009.03.05 05:36:30.647,0.89055,0.8909,1.00,3.20
2009.03.05 05:36:30.987,0.89055,0.89085,1.00,3.20
2009.03.05 05:36:31.507,0.89055,0.89085,1.00,2.00
2009.03.05 05:36:31.967,0.89055,0.8909,1.00,3.20
2009.03.05 05:36:32.257,0.89055,0.89085,1.00,3.20
2009.03.05 05:36:38.675,0.89055,0.89085,1.00,1.20
2009.03.05 05:36:38.905,0.89055,0.8909,1.00,3.20
2009.03.05 05:36:41.305,0.89055,0.89095,1.00,3.20
2009.03.05 05:36:41.715,0.8906,0.89095,1.00,3.20
2009.03.05 05:36:42.414,0.8906,0.8909,1.00,1.00
2009.03.05 05:36:42.874,0.89055,0.89085,1.00,7.20
2009.03.05 05:36:43.504,0.89045,0.89085,11.00,7.00
2009.03.05 05:36:43.894,0.89045,0.89085,7.80,5.20
2009.03.05 05:36:44.314,0.8905,0.89085,1.20,5.20
2009.03.05 05:36:44.884,0.89045,0.89085,7.80,5.20
2009.03.05 05:36:45.904,0.8905,0.89085,1.20,7.00
2009.03.05 05:36:46.543,0.8905,0.89085,1.20,1.80
2009.03.05 05:36:47.173,0.8905,0.89085,1.20,4.00
2009.03.05 05:36:47.283,0.8905,0.89085,1.20,5.20
2009.03.05 05:36:47.733,0.8905,0.89085,3.00,1.80
2009.03.05 05:36:47.965,0.89055,0.8909,1.00,4.80
2009.03.05 05:36:48.203,0.89055,0.8909,2.00,3.60
2009.03.05 05:36:48.583,0.89055,0.8909,3.00,1.60
2009.03.05 05:36:48.823,0.8906,0.89095,1.00,3.20
2009.03.05 05:36:50.552,0.8906,0.891,3.00,1.60
2009.03.05 05:36:50.902,0.89065,0.891,1.00,1.60
2009.03.05 05:36:51.072,0.89065,0.891,3.00,1.60
2009.03.05 05:36:51.632,0.8906,0.891,3.00,1.60
2009.03.05 05:36:52.312,0.8906,0.89085,3.00,1.80
2009.03.05 05:36:52.492,0.8906,0.89085,3.00,1.80
2009.03.05 05:36:52.602,0.89055,0.89085,1.00,1.80
2009.03.05 05:36:52.762,0.8905,0.89085,11.00,1.80
2009.03.05 05:36:54.081,0.89055,0.89085,1.00,1.80
2009.03.05 05:36:57.821,0.89055,0.89085,1.00,1.60
2009.03.05 05:36:58.290,0.8906,0.89095,1.00,5.20
2009.03.05 05:36:58.400,0.8906,0.89095,1.20,3.80
2009.03.05 05:36:58.690,0.89065,0.8909,1.00,1.80
2009.03.05 05:36:58.980,0.89065,0.891,1.00,7.00
2009.03.05 05:36:59.320,0.89065,0.891,1.00,3.80
2009.03.05 05:37:01.650,0.89065,0.89095,1.00,2.20
2009.03.05 05:37:01.769,0.8906,0.89095,3.00,3.80
2009.03.05 05:37:02.329,0.8906,0.89095,1.20,3.80
2009.03.05 05:37:03.010,0.8906,0.8909,1.20,1.60
2009.03.05 05:37:03.289,0.89055,0.8909,1.00,4.80
2009.03.05 05:37:04.579,0.8906,0.8909,1.00,4.80
2009.03.05 05:37:05.039,0.89055,0.8909,1.00,4.80
2009.03.05 05:37:05.658,0.89055,0.8909,1.00,4.80
2009.03.05 05:37:05.988,0.89055,0.89085,1.00,1.80
2009.03.05 05:37:06.259,0.89055,0.89085,1.00,4.00
2009.03.05 05:37:06.599,0.89055,0.89085,1.00,5.20
2009.03.05 05:37:07.009,0.89055,0.89085,1.00,3.20
2009.03.05 05:37:07.178,0.89055,0.8909,1.00,4.80
2009.03.05 05:37:08.668,0.89055,0.89085,1.00,1.00
2009.03.05 05:37:08.888,0.89055,0.8908,1.00,2.20
2009.03.05 05:37:09.388,0.89055,0.89085,1.00,1.80
2009.03.05 05:37:09.508,0.89055,0.89085,1.00,5.20
2009.03.05 05:37:11.557,0.89055,0.89085,1.00,3.00
2009.03.05 05:37:11.797,0.89055,0.89085,1.00,1.80
2009.03.05 05:37:23.125,0.89055,0.89085,1.00,3.00
2009.03.05 05:37:23.175,0.89055,0.89085,1.00,5.20
2009.03.05 05:37:26.784,0.89055,0.8908,1.00,1.60
2009.03.05 05:37:27.243,0.89055,0.8908,1.00,1.80
2009.03.05 05:37:30.123,0.89055,0.89075,1.00,2.20
2009.03.05 05:37:30.863,0.89055,0.8908,1.00,3.80
2009.03.05 05:37:31.412,0.89055,0.8908,1.00,2.20
2009.03.05 05:37:31.632,0.89055,0.89085,1.00,5.20
2009.03.05 05:37:40.310,0.89055,0.89085,1.00,1.80
2009.03.05 05:37:41.590,0.89055,0.8908,1.00,2.40
2009.03.05 05:37:42.120,0.89055,0.8908,1.00,1.80
2009.03.05 05:37:52.407,0.89055,0.8908,1.00,2.20
2009.03.05 05:37:52.528,0.8906,0.8909,1.00,1.60
2009.03.05 05:37:52.937,0.8906,0.89095,1.00,3.20
2009.03.05 05:37:52.999,0.8906,0.891,1.00,8.00
2009.03.05 05:37:53.057,0.89065,0.891,1.00,1.60
2009.03.05 05:37:58.216,0.89065,0.89105,1.00,8.00
2009.03.05 05:37:58.606,0.89065,0.89105,3.00,1.60
2009.03.05 05:38:02.185,0.89065,0.891,3.00,1.60
2009.03.05 05:38:02.475,0.89065,0.891,1.00,1.60
2009.03.05 05:38:03.765,0.89065,0.89105,1.00,10.00
2009.03.05 05:38:04.225,0.89065,0.89105,3.00,4.80
2009.03.05 05:38:11.583,0.89065,0.891,3.00,1.60
2009.03.05 05:38:12.113,0.89065,0.891,1.00,1.60
2009.03.05 05:38:15.222,0.8906,0.891,3.00,4.80
2009.03.05 05:38:15.402,0.8906,0.891,3.00,1.60
2009.03.05 05:38:19.111,0.8906,0.891,3.00,4.80
2009.03.05 05:38:20.370,0.8906,0.891,3.00,6.60
2009.03.05 05:38:20.481,0.8906,0.89095,1.00,2.00
2009.03.05 05:38:20.810,0.8906,0.89095,1.00,2.00
2009.03.05 05:38:21.101,0.8906,0.891,1.00,8.00
2009.03.05 05:38:21.280,0.8906,0.891,3.00,8.00
2009.03.05 05:38:21.451,0.8906,0.891,3.00,4.80
2009.03.05 05:38:25.919,0.89055,0.89095,3.00,1.60
2009.03.05 05:38:26.089,0.8906,0.891,1.00,8.40
2009.03.05 05:38:26.349,0.8906,0.891,3.00,4.80
2009.03.05 05:38:30.158,0.8906,0.891,1.00,6.00
2009.03.05 05:38:30.378,0.8906,0.891,1.00,8.00
2009.03.05 05:38:30.778,0.89055,0.89095,3.00,1.60
2009.03.05 05:38:31.238,0.8906,0.891,1.00,10.20
2009.03.05 05:38:31.408,0.8906,0.891,1.00,8.00
2009.03.05 05:38:31.998,0.8906,0.891,2.00,8.00
2009.03.05 05:38:32.118,0.8906,0.891,3.00,8.00
2009.03.05 05:38:32.507,0.8906,0.891,3.00,4.80
2009.03.05 05:38:35.387,0.8906,0.891,3.00,5.00
2009.03.05 05:38:36.027,0.8906,0.89095,3.00,1.60
2009.03.05 05:38:36.147,0.8906,0.891,1.00,10.00
2009.03.05 05:38:36.377,0.8906,0.891,1.00,8.00
2009.03.05 05:38:36.497,0.8906,0.8909,2.00,1.00
2009.03.05 05:38:36.737,0.8906,0.8909,3.00,2.00
2009.03.05 05:38:37.127,0.89055,0.89095,1.00,8.00
2009.03.05 05:38:37.486,0.89055,0.8909,1.00,2.00
2009.03.05 05:38:37.767,0.89055,0.89095,1.00,8.00
2009.03.05 05:38:38.546,0.89055,0.89095,3.00,4.80
2009.03.05 05:38:38.776,0.89055,0.89095,1.00,8.00
2009.03.05 05:38:40.356,0.89055,0.8909,3.00,1.60
2009.03.05 05:38:40.656,0.89055,0.8909,2.00,1.80
2009.03.05 05:38:40.876,0.89055,0.8909,1.00,1.80
2009.03.05 05:38:41.116,0.89055,0.8909,1.00,1.60
2009.03.05 05:38:41.576,0.89055,0.8909,1.00,4.80
2009.03.05 05:38:42.125,0.89055,0.8909,1.00,1.60
2009.03.05 05:38:42.355,0.89055,0.8909,1.00,4.80
2009.03.05 05:38:43.065,0.89055,0.8909,1.00,3.60
2009.03.05 05:38:43.175,0.89055,0.8909,1.00,1.60
2009.03.05 05:38:43.465,0.89055,0.8909,1.00,1.80
2009.03.05 05:38:43.935,0.89055,0.8909,1.00,1.60
2009.03.05 05:38:45.155,0.89055,0.8909,1.00,1.80
2009.03.05 05:38:49.214,0.89055,0.89085,1.00,1.60
2009.03.05 05:38:49.623,0.89055,0.89085,1.00,2.00
2009.03.05 05:38:50.203,0.89055,0.89085,1.00,1.80
2009.03.05 05:38:50.613,0.89055,0.8908,1.00,2.20
2009.03.05 05:38:51.023,0.89055,0.8909,1.00,10.20
2009.03.05 05:38:52.693,0.89055,0.8909,3.00,1.80
2009.03.05 05:38:53.622,0.89055,0.89085,1.00,1.80
2009.03.05 05:38:53.853,0.89055,0.89085,1.00,1.80
2009.03.05 05:38:54.202,0.89055,0.8909,1.00,4.00
2009.03.05 05:38:54.542,0.89055,0.8909,3.00,1.80
2009.03.05 05:38:58.601,0.89055,0.8909,7.80,1.80
2009.03.05 05:38:58.932,0.8906,0.89085,1.00,1.80
2009.03.05 05:38:59.211,0.89055,0.89085,1.00,1.80
2009.03.05 05:39:00.581,0.89055,0.8909,1.00,5.60
2009.03.05 05:39:01.081,0.89055,0.8909,1.00,3.40
2009.03.05 05:39:01.241,0.89055,0.8909,3.00,3.40
2009.03.05 05:39:04.570,0.89055,0.89085,2.00,1.80
2009.03.05 05:39:04.920,0.89055,0.89085,1.00,1.80
2009.03.05 05:39:05.270,0.89055,0.8909,1.00,6.00
2009.03.05 05:39:05.610,0.89055,0.8909,1.00,1.80
2009.03.05 05:39:06.479,0.89055,0.8909,3.00,1.80
2009.03.05 05:39:09.389,0.89055,0.89085,3.00,1.00
2009.03.05 05:39:09.609,0.89055,0.89085,3.00,2.00
2009.03.05 05:39:10.018,0.89055,0.89085,2.00,1.60
2009.03.05 05:39:10.359,0.89055,0.8909,1.00,6.00
2009.03.05 05:39:10.589,0.89055,0.8909,3.00,1.80
2009.03.05 05:39:12.278,0.89055,0.89085,3.00,1.60
2009.03.05 05:39:12.618,0.8906,0.8909,1.00,1.60
2009.03.05 05:39:13.148,0.89055,0.8909,1.00,1.60
2009.03.05 05:39:13.498,0.89055,0.8909,1.00,2.80
2009.03.05 05:39:13.768,0.89055,0.8909,1.00,4.80
2009.03.05 05:39:13.828,0.8906,0.8909,1.00,5.20
2009.03.05 05:39:13.948,0.8906,0.89095,1.00,7.00
2009.03.05 05:39:15.747,0.89055,0.8909,1.00,3.60
2009.03.05 05:39:15.977,0.89055,0.8909,1.00,6.80
2009.03.05 05:39:16.197,0.8906,0.8909,1.00,5.20
2009.03.05 05:39:16.307,0.8906,0.8909,1.00,3.20
2009.03.05 05:39:16.667,0.8906,0.89095,1.00,7.00
2009.03.05 05:39:21.806,0.89055,0.8909,1.00,1.80
2009.03.05 05:39:22.136,0.89055,0.8909,1.00,3.80
2009.03.05 05:39:22.406,0.89055,0.8909,1.00,7.00
2009.03.05 05:39:23.845,0.89055,0.89085,1.00,2.00
2009.03.05 05:39:24.415,0.89055,0.89085,1.00,3.80
2009.03.05 05:39:24.625,0.89055,0.89085,1.00,3.80
2009.03.05 05:39:24.965,0.8905,0.89085,7.80,3.80
2009.03.05 05:39:25.325,0.8905,0.89085,7.80,1.60
2009.03.05 05:39:25.435,0.89055,0.89085,1.00,1.60
2009.03.05 05:39:30.054,0.89055,0.89085,1.00,4.80
2009.03.05 05:39:30.224,0.89055,0.89085,1.00,5.20
2009.03.05 05:39:30.844,0.8905,0.89085,7.80,5.20
2009.03.05 05:39:40.501,0.8905,0.8908,7.80,1.60
2009.03.05 05:39:58.747,0.89055,0.89085,1.00,1.80
2009.03.05 05:39:58.927,0.89055,0.89085,1.00,3.80
2009.03.05 05:39:59.727,0.8905,0.89085,7.80,3.80
2009.03.05 05:40:00.146,0.89055,0.89085,1.00,3.80
2009.03.05 05:40:00.316,0.89055,0.89085,1.00,1.80
2009.03.05 05:40:03.516,0.8906,0.8908,1.00,2.20
2009.03.05 05:40:03.926,0.8906,0.89085,1.00,2.20
2009.03.05 05:40:04.805,0.89055,0.89085,1.00,1.80
2009.03.05 05:40:07.915,0.89055,0.8908,1.00,2.20
2009.03.05 05:40:08.315,0.89055,0.8909,1.00,5.20
2009.03.05 05:40:10.224,0.89055,0.89085,1.00,1.60
2009.03.05 05:40:10.694,0.8906,0.89085,1.00,1.00
2009.03.05 05:40:10.974,0.8906,0.89085,1.00,2.20
2009.03.05 05:40:11.314,0.8906,0.89085,1.00,2.20
2009.03.05 05:40:11.704,0.89055,0.89085,1.00,1.80
2009.03.05 05:40:12.394,0.89055,0.8909,1.00,5.20
2009.03.05 05:40:15.523,0.89055,0.8909,4.80,5.20
2009.03.05 05:40:15.693,0.8906,0.8909,1.00,4.40
2009.03.05 05:40:16.102,0.89065,0.8909,1.00,4.40
2009.03.05 05:40:17.422,0.8906,0.8909,1.00,4.40
2009.03.05 05:40:20.331,0.8906,0.8909,4.80,4.40
2009.03.05 05:40:20.892,0.89065,0.8909,1.00,4.40
2009.03.05 05:40:21.801,0.8906,0.8909,1.00,4.40
2009.03.05 05:40:21.961,0.8906,0.8909,1.00,4.40
2009.03.05 05:40:25.001,0.8906,0.8909,1.00,2.20
2009.03.05 05:40:26.880,0.89065,0.8909,1.00,2.20
2009.03.05 05:40:26.940,0.89065,0.89095,1.00,1.00
2009.03.05 05:40:29.000,0.89065,0.8909,1.00,1.00
2009.03.05 05:40:29.569,0.89065,0.8909,1.00,4.60
2009.03.05 05:40:30.039,0.89065,0.89095,1.00,1.00
2009.03.05 05:40:40.866,0.89065,0.89095,1.00,1.00
2009.03.05 05:40:41.566,0.89065,0.89095,1.00,1.80
2009.03.05 05:40:41.748,0.89065,0.8909,1.00,2.40
2009.03.05 05:40:42.267,0.89065,0.89095,1.00,1.00
2009.03.05 05:40:44.276,0.89065,0.89095,1.00,1.80
2009.03.05 05:40:49.154,0.89065,0.89095,1.00,3.80
2009.03.05 05:40:49.504,0.8906,0.89095,1.00,3.80
2009.03.05 05:40:49.796,0.89055,0.89095,1.00,7.00
2009.03.05 05:40:52.244,0.89055,0.89095,1.00,5.20
2009.03.05 05:40:52.424,0.89055,0.89095,3.00,5.20
2009.03.05 05:40:56.803,0.8906,0.89095,1.00,3.60
2009.03.05 05:40:57.133,0.8906,0.8909,1.00,2.20
2009.03.05 05:40:58.492,0.8906,0.891,1.00,7.00
2009.03.05 05:40:58.543,0.8906,0.891,1.00,3.20
2009.03.05 05:40:58.942,0.8906,0.891,1.00,3.40
2009.03.05 05:40:59.052,0.8906,0.89105,3.00,5.20
2009.03.05 05:41:10.869,0.8906,0.89095,3.00,1.00
2009.03.05 05:41:11.499,0.8906,0.8909,1.00,2.20
2009.03.05 05:41:11.839,0.8906,0.891,2.00,5.40
2009.03.05 05:41:17.518,0.89055,0.89095,3.00,5.20
2009.03.05 05:41:19.067,0.89055,0.89095,7.80,5.20
2009.03.05 05:41:19.408,0.89055,0.89095,3.00,1.80
2009.03.05 05:41:19.687,0.89055,0.89095,3.00,5.20
2009.03.05 05:41:22.146,0.89055,0.89085,3.00,1.80
2009.03.05 05:41:22.257,0.89055,0.8909,3.00,3.40
2009.03.05 05:41:22.316,0.89055,0.8909,1.00,3.80
2009.03.05 05:41:22.677,0.89055,0.8909,1.00,3.80
2009.03.05 05:41:24.986,0.89055,0.8909,1.00,3.80
2009.03.05 05:41:25.156,0.89055,0.8909,1.00,7.00
2009.03.05 05:41:29.695,0.89055,0.8909,7.80,2.40
2009.03.05 05:41:30.744,0.8906,0.8909,4.80,2.40
2009.03.05 05:41:31.415,0.89065,0.8909,1.00,2.40
2009.03.05 05:41:34.054,0.89055,0.8909,3.00,1.80
2009.03.05 05:41:34.334,0.89055,0.8909,1.00,5.00
2009.03.05 05:41:34.563,0.89055,0.8909,1.00,7.00
2009.03.05 05:41:36.253,0.89055,0.8909,1.00,5.20
2009.03.05 05:41:36.363,0.89055,0.8909,4.80,5.20
2009.03.05 05:41:36.473,0.89055,0.8909,4.80,3.60
2009.03.05 05:41:36.583,0.89055,0.8909,7.80,2.40
2009.03.05 05:41:37.643,0.89055,0.8909,7.80,2.60
2009.03.05 05:41:37.753,0.89055,0.89085,1.00,1.00
2009.03.05 05:41:38.143,0.89055,0.8909,4.80,4.60
2009.03.05 05:41:38.313,0.89055,0.8909,6.80,2.40
2009.03.05 05:41:38.543,0.89055,0.8909,7.80,2.40
2009.03.05 05:41:39.712,0.89055,0.8909,8.60,2.40
2009.03.05 05:41:40.112,0.89055,0.8909,10.20,2.40
2009.03.05 05:41:40.292,0.8907,0.89095,1.00,5.00
2009.03.05 05:41:40.572,0.89075,0.891,1.00,2.00
2009.03.05 05:41:40.752,0.89075,0.89095,1.00,1.00
2009.03.05 05:41:41.002,0.8907,0.89095,1.00,1.00
2009.03.05 05:41:44.581,0.8907,0.891,1.00,2.00
2009.03.05 05:41:44.921,0.89075,0.891,1.00,5.20
2009.03.05 05:41:45.551,0.8907,0.891,1.00,2.00
2009.03.05 05:41:45.721,0.8907,0.89095,1.00,1.00
2009.03.05 05:41:50.610,0.8907,0.891,1.00,5.20
2009.03.05 05:41:50.730,0.89075,0.891,1.00,5.20
2009.03.05 05:41:50.890,0.89075,0.891,1.00,2.00
2009.03.05 05:41:51.130,0.8907,0.891,1.00,2.00
2009.03.05 05:41:51.350,0.8907,0.89095,1.00,1.00
2009.03.05 05:41:58.108,0.8907,0.891,1.00,7.20
2009.03.05 05:41:58.278,0.8907,0.89095,1.00,2.20
2009.03.05 05:41:59.088,0.8907,0.89095,1.00,2.20
2009.03.05 05:42:04.796,0.89065,0.8909,1.00,2.20
2009.03.05 05:42:09.745,0.89065,0.89085,1.00,1.00
2009.03.05 05:42:09.925,0.89055,0.89085,1.00,3.80
2009.03.05 05:42:10.915,0.8906,0.89085,1.00,2.20
2009.03.05 05:42:13.384,0.8906,0.8908,1.00,1.80
2009.03.05 05:42:13.444,0.8906,0.8909,1.00,5.40
2009.03.05 05:42:13.674,0.8906,0.8909,1.00,3.40
2009.03.05 05:42:14.074,0.8906,0.8909,1.00,2.20
2009.03.05 05:42:15.064,0.89065,0.89095,1.00,7.00
2009.03.05 05:42:15.584,0.89065,0.89095,1.00,3.80
2009.03.05 05:42:20.143,0.89065,0.89095,1.00,1.80
2009.03.05 05:42:21.312,0.8907,0.89095,1.00,3.40
2009.03.05 05:42:23.332,0.8907,0.89095,1.00,2.20
2009.03.05 05:42:23.502,0.8907,0.891,1.00,7.00
2009.03.05 05:42:23.902,0.8907,0.891,1.00,3.00
2009.03.05 05:42:24.082,0.8907,0.891,1.00,1.80
2009.03.05 05:43:17.799,0.8907,0.891,3.00,1.80
2009.03.05 05:43:18.258,0.89075,0.891,1.00,4.40
2009.03.05 05:43:18.548,0.8907,0.891,1.40,1.80
2009.03.05 05:43:18.658,0.8907,0.891,1.20,1.80
2009.03.05 05:43:22.448,0.8907,0.891,3.00,1.80
2009.03.05 05:43:22.957,0.8907,0.891,7.80,1.80
2009.03.05 05:43:23.797,0.89075,0.891,1.00,4.40
2009.03.05 05:43:24.427,0.8907,0.891,1.20,1.80
2009.03.05 05:43:26.646,0.8907,0.891,3.00,1.80
2009.03.05 05:43:26.936,0.89075,0.891,1.00,4.40
2009.03.05 05:43:27.106,0.89075,0.89095,1.00,2.40
2009.03.05 05:43:27.396,0.89075,0.8909,1.00,1.00
2009.03.05 05:43:27.516,0.89075,0.891,1.00,3.60
2009.03.05 05:43:27.806,0.89075,0.891,1.00,5.60
2009.03.05 05:43:27.986,0.89075,0.891,1.00,4.40
2009.03.05 05:43:28.346,0.8907,0.891,4.80,1.80
2009.03.05 05:43:28.746,0.89075,0.891,1.00,4.40
2009.03.05 05:43:31.535,0.8907,0.891,1.40,1.80
2009.03.05 05:43:31.655,0.8907,0.891,1.40,3.80
2009.03.05 05:43:39.573,0.89075,0.891,1.00,3.80
2009.03.05 05:43:41.003,0.89075,0.891,1.00,1.60
2009.03.05 05:43:41.283,0.89075,0.89105,1.00,7.00
2009.03.05 05:43:41.393,0.89075,0.89105,1.00,3.80
2009.03.05 05:43:41.733,0.89075,0.89105,3.00,3.80
2009.03.05 05:43:41.903,0.8908,0.891,1.00,2.20
2009.03.05 05:43:42.233,0.89075,0.89105,1.00,3.80
2009.03.05 05:43:45.412,0.89075,0.8911,1.00,5.80
2009.03.05 05:43:45.772,0.89075,0.8911,1.00,2.60
2009.03.05 05:43:45.992,0.8908,0.8911,1.00,2.40
2009.03.05 05:43:46.232,0.89085,0.891,1.00,2.20
2009.03.05 05:43:46.462,0.89085,0.8911,3.00,2.40
2009.03.05 05:43:46.692,0.89085,0.8911,1.00,4.40
2009.03.05 05:43:46.922,0.8908,0.8911,1.40,4.40
2009.03.05 05:43:58.888,0.8908,0.8911,1.40,1.80
2009.03.05 05:43:58.949,0.8908,0.89105,1.40,1.00
2009.03.05 05:43:59.069,0.8908,0.89105,1.40,2.00
2009.03.05 05:43:59.458,0.8908,0.89105,1.40,2.20
2009.03.05 05:44:08.236,0.89075,0.89105,1.00,1.80
2009.03.05 05:44:43.558,0.8907,0.89105,1.20,3.00
2009.03.05 05:44:43.668,0.89075,0.89105,1.00,5.20
2009.03.05 05:44:43.848,0.89075,0.89105,1.00,1.80
2009.03.05 05:44:43.958,0.8907,0.89105,1.20,5.20
2009.03.05 05:44:44.998,0.8907,0.89105,4.80,5.20
2009.03.05 05:44:45.287,0.8907,0.89105,4.80,1.80
2009.03.05 05:44:45.627,0.89075,0.89105,1.00,1.80
2009.03.05 05:44:56.165,0.89075,0.89105,1.00,1.60
2009.03.05 05:44:56.395,0.8908,0.8911,1.00,5.20
2009.03.05 05:44:56.836,0.8908,0.8911,1.00,1.80
2009.03.05 05:45:03.613,0.89085,0.8911,1.00,4.40
2009.03.05 05:45:04.413,0.891,0.8911,1.00,4.40
2009.03.05 05:45:09.072,0.891,0.89115,1.00,4.60
2009.03.05 05:45:09.602,0.891,0.89115,1.00,1.60
2009.03.05 05:45:09.832,0.89095,0.89125,2.20,5.20
2009.03.05 05:45:10.471,0.89095,0.89125,2.20,1.80
2009.03.05 05:45:10.761,0.89095,0.8911,1.00,1.00
2009.03.05 05:45:11.101,0.89095,0.8913,1.00,1.80
2009.03.05 05:45:11.631,0.89095,0.8913,1.00,5.20
2009.03.05 05:45:12.041,0.891,0.8913,1.00,3.60
2009.03.05 05:45:12.211,0.89095,0.89125,1.00,5.20
2009.03.05 05:45:12.731,0.891,0.89125,1.00,2.20
2009.03.05 05:45:13.071,0.89095,0.89125,1.00,1.80
2009.03.05 05:45:13.531,0.89095,0.89125,1.00,5.20
2009.03.05 05:45:13.931,0.8909,0.89125,1.00,5.20
2009.03.05 05:45:15.990,0.8909,0.8912,1.00,5.80
2009.03.05 05:45:16.160,0.8909,0.8912,1.00,5.20
2009.03.05 05:45:16.330,0.89085,0.8912,1.00,3.00
2009.03.05 05:45:16.450,0.89085,0.8912,1.00,1.80
2009.03.05 05:45:16.820,0.8909,0.8912,1.00,1.80
2009.03.05 05:45:17.160,0.89085,0.8912,4.80,3.80
2009.03.05 05:45:17.560,0.89085,0.8912,1.00,7.00
2009.03.05 05:45:18.160,0.8908,0.89115,1.20,4.80
2009.03.05 05:45:18.559,0.8908,0.89115,1.00,4.80
2009.03.05 05:45:18.729,0.89085,0.89115,1.00,3.20
2009.03.05 05:45:18.970,0.89085,0.8912,1.00,7.00
2009.03.05 05:45:19.299,0.89085,0.8911,1.00,4.40
2009.03.05 05:45:28.387,0.89085,0.89115,7.80,5.20
2009.03.05 05:45:28.617,0.89085,0.89115,3.00,3.20
2009.03.05 05:45:28.737,0.89085,0.8912,1.00,3.80
2009.03.05 05:45:29.097,0.89085,0.8912,1.00,7.00
2009.03.05 05:45:32.946,0.8909,0.8912,1.00,5.20
2009.03.05 05:45:33.346,0.8909,0.8912,1.00,1.80
2009.03.05 05:45:52.931,0.8909,0.8911,1.00,1.00
2009.03.05 05:45:53.231,0.89085,0.8911,1.00,2.60
2009.03.05 05:45:53.341,0.89085,0.8911,1.00,4.40
2009.03.05 05:45:54.091,0.89085,0.8911,1.00,2.40
2009.03.05 05:45:54.601,0.89085,0.8911,1.00,4.40
2009.03.05 05:45:55.010,0.89085,0.89115,1.00,5.20
2009.03.05 05:45:55.360,0.89085,0.8912,1.00,9.20
2009.03.05 05:45:56.270,0.89085,0.8911,1.00,2.20
2009.03.05 05:45:56.560,0.89085,0.8911,1.00,4.40
2009.03.05 05:46:04.768,0.8908,0.8911,1.00,1.80
2009.03.05 05:46:20.434,0.89085,0.8911,1.00,4.40
2009.03.05 05:46:20.844,0.8908,0.8911,1.00,1.80
2009.03.05 05:46:27.483,0.89075,0.89105,1.00,2.00
2009.03.05 05:46:27.723,0.89075,0.89105,1.00,1.80
2009.03.05 05:46:35.511,0.89075,0.891,1.00,1.00
2009.03.05 05:46:36.021,0.89075,0.891,1.00,2.20
2009.03.05 05:46:36.241,0.8907,0.89095,1.00,2.00
2009.03.05 05:46:36.570,0.89075,0.891,1.00,5.20
2009.03.05 05:46:37.140,0.89075,0.891,1.00,2.20
2009.03.05 05:46:37.420,0.89065,0.891,1.00,7.00
2009.03.05 05:46:37.590,0.89065,0.891,1.00,4.80
2009.03.05 05:46:37.810,0.89065,0.891,1.00,1.60
2009.03.05 05:46:37.930,0.89065,0.891,1.00,4.80
2009.03.05 05:46:39.140,0.8907,0.891,1.00,3.20
2009.03.05 05:46:39.320,0.8907,0.89105,1.00,5.20
2009.03.05 05:46:39.490,0.89065,0.891,1.00,1.60
2009.03.05 05:46:39.730,0.89065,0.891,1.00,2.80
2009.03.05 05:46:39.970,0.89065,0.891,1.00,4.80
2009.03.05 05:46:41.749,0.89065,0.891,1.00,7.00
2009.03.05 05:46:42.089,0.89065,0.891,1.00,7.20
2009.03.05 05:46:42.209,0.89065,0.891,1.00,7.00
2009.03.05 05:46:42.439,0.89065,0.89095,1.00,1.60
2009.03.05 05:46:52.527,0.89065,0.89095,1.00,3.40
2009.03.05 05:46:53.207,0.89065,0.8909,1.00,1.00
2009.03.05 05:46:53.547,0.8906,0.8909,1.20,2.00
2009.03.05 05:46:53.607,0.8906,0.8909,1.00,2.00
2009.03.05 05:46:53.666,0.8906,0.8909,1.00,1.80
2009.03.05 05:46:56.456,0.89055,0.8909,1.00,4.00
2009.03.05 05:46:56.745,0.89055,0.8909,1.00,5.20
2009.03.05 05:46:57.366,0.8906,0.8909,1.00,5.20
2009.03.05 05:46:57.825,0.89055,0.8909,1.00,1.80
2009.03.05 05:46:58.005,0.89055,0.8909,1.00,5.20
2009.03.05 05:47:02.704,0.89055,0.8909,4.80,5.20
2009.03.05 05:47:02.824,0.8906,0.8909,1.00,5.20
2009.03.05 05:47:03.174,0.8906,0.8909,1.00,3.00
2009.03.05 05:47:03.284,0.8906,0.8909,1.00,1.80
2009.03.05 05:47:09.153,0.8906,0.8909,1.00,4.00
2009.03.05 05:47:09.323,0.8906,0.8909,1.00,5.20
2009.03.05 05:47:09.733,0.89055,0.8909,1.00,5.20
2009.03.05 05:47:12.282,0.8906,0.8909,1.00,5.20
2009.03.05 05:47:12.442,0.8906,0.8909,1.00,1.80
2009.03.05 05:47:13.382,0.89065,0.8909,1.00,4.40
2009.03.05 05:47:13.672,0.89065,0.89095,1.00,6.80
2009.03.05 05:47:13.892,0.8906,0.8909,1.00,1.80
2009.03.05 05:47:15.333,0.89065,0.89095,1.00,2.60
2009.03.05 05:47:15.511,0.89065,0.8909,1.00,2.20
2009.03.05 05:47:15.621,0.89065,0.89095,1.00,3.20
2009.03.05 05:47:17.860,0.89065,0.8909,1.00,1.00
2009.03.05 05:47:17.971,0.89065,0.8909,1.00,2.20
2009.03.05 05:47:18.390,0.8906,0.8909,1.00,1.80
2009.03.05 05:47:19.591,0.89055,0.8909,1.00,1.80
2009.03.05 05:47:20.150,0.89055,0.8909,1.00,4.00
2009.03.05 05:47:20.380,0.89055,0.8909,1.00,5.20
2009.03.05 05:47:21.250,0.89055,0.8909,1.00,1.80
2009.03.05 05:47:22.589,0.89055,0.8909,1.00,4.00
2009.03.05 05:47:22.709,0.89055,0.8909,1.00,5.20
2009.03.05 05:47:26.838,0.89055,0.8909,1.00,1.80
2009.03.05 05:47:29.428,0.8906,0.8909,1.00,1.80
2009.03.05 05:47:46.884,0.8906,0.8908,1.00,1.80
2009.03.05 05:47:47.223,0.89065,0.8909,1.00,1.80
2009.03.05 05:47:53.882,0.89065,0.89095,1.00,4.80
2009.03.05 05:47:58.051,0.8907,0.891,1.00,4.20
2009.03.05 05:47:58.161,0.8907,0.891,1.00,3.60
2009.03.05 05:47:58.331,0.8907,0.891,1.00,5.20
2009.03.05 05:48:03.739,0.8907,0.8909,1.00,1.00
2009.03.05 05:48:03.850,0.89065,0.8909,1.00,1.00
2009.03.05 05:48:04.679,0.89065,0.89095,1.00,1.80
2009.03.05 05:48:22.875,0.89065,0.8909,1.00,1.00
2009.03.05 05:48:23.105,0.89065,0.8909,1.00,2.00
2009.03.05 05:48:23.505,0.89065,0.89095,1.00,3.80
2009.03.05 05:48:23.564,0.89065,0.89095,1.00,4.00
2009.03.05 05:48:23.804,0.89065,0.89095,1.00,5.20
2009.03.05 05:48:23.924,0.89065,0.89095,1.00,1.80
2009.03.05 05:49:20.041,0.8907,0.89095,3.00,1.80
2009.03.05 05:49:20.681,0.8907,0.89095,3.00,2.20
2009.03.05 05:49:28.089,0.89065,0.89095,4.80,1.80
2009.03.05 05:49:28.269,0.89065,0.89095,1.00,1.80
2009.03.05 05:49:29.709,0.89065,0.8909,1.00,4.40
2009.03.05 05:49:29.948,0.89065,0.8909,1.00,1.80
2009.03.05 05:49:30.168,0.89065,0.89095,1.00,7.00
2009.03.05 05:49:30.528,0.89065,0.89095,1.00,1.80
2009.03.05 05:49:33.928,0.89065,0.8909,1.00,1.60
2009.03.05 05:49:34.328,0.89065,0.8909,1.00,1.80
2009.03.05 05:49:34.438,0.89065,0.89095,1.00,5.20
2009.03.05 05:49:34.617,0.89065,0.89095,1.00,1.80
2009.03.05 05:49:39.966,0.89065,0.8909,1.00,1.80
2009.03.05 05:49:40.086,0.89065,0.89095,1.00,5.20
2009.03.05 05:49:40.436,0.89065,0.8909,1.00,2.40
2009.03.05 05:49:40.747,0.8906,0.8909,1.00,2.40
2009.03.05 05:49:41.136,0.89055,0.89085,1.00,1.80
2009.03.05 05:49:41.966,0.8906,0.89085,1.00,2.20
2009.03.05 05:49:42.426,0.89055,0.8908,1.00,4.40
2009.03.05 05:49:42.726,0.8906,0.89085,1.00,2.20
2009.03.05 05:49:44.085,0.8907,0.89085,1.00,2.20
2009.03.05 05:49:44.785,0.8906,0.89085,1.00,2.20
2009.03.05 05:50:07.249,0.8906,0.8909,1.00,5.20
2009.03.05 05:50:07.419,0.8906,0.8909,1.00,2.40
2009.03.05 05:50:08.649,0.8906,0.8909,1.00,4.40
2009.03.05 05:50:08.879,0.89055,0.8909,4.80,1.80
2009.03.05 05:50:09.049,0.89055,0.8909,1.00,1.80
2009.03.05 05:50:12.738,0.89055,0.8909,1.00,1.80
2009.03.05 05:50:13.198,0.89055,0.8909,4.80,1.80
2009.03.05 05:50:13.818,0.8906,0.8909,1.00,4.40
2009.03.05 05:50:18.957,0.8906,0.8909,1.00,1.80
2009.03.05 05:50:19.366,0.89055,0.8909,1.00,1.80
2009.03.05 05:50:30.114,0.89055,0.89085,1.00,1.60
2009.03.05 05:50:30.234,0.89055,0.89085,1.00,3.80
2009.03.05 05:50:33.093,0.8906,0.89085,1.00,2.20
2009.03.05 05:50:39.192,0.8906,0.8909,1.00,4.40
2009.03.05 05:51:11.084,0.8906,0.89085,1.00,2.20
2009.03.05 05:51:28.670,0.89055,0.89085,1.00,3.80
2009.03.05 05:51:28.790,0.8905,0.8908,7.80,1.60
2009.03.05 05:51:29.130,0.8905,0.8908,4.80,1.60
2009.03.05 05:51:29.309,0.89055,0.89085,1.00,3.60
2009.03.05 05:51:29.560,0.89055,0.89085,1.00,3.80
2009.03.05 05:51:33.519,0.89055,0.89075,1.00,1.80
2009.03.05 05:51:33.629,0.89055,0.8908,1.00,3.80
2009.03.05 05:51:34.038,0.8905,0.8908,3.00,3.80
2009.03.05 05:51:39.517,0.89055,0.8908,1.00,3.80
2009.03.05 05:51:46.566,0.89055,0.8908,1.00,5.40
2009.03.05 05:51:47.035,0.89055,0.8908,1.00,5.40
2009.03.05 05:51:47.525,0.89045,0.89075,4.80,1.80
2009.03.05 05:51:47.695,0.89055,0.89075,1.00,1.80
2009.03.05 05:51:48.025,0.8905,0.89075,1.00,1.80
2009.03.05 05:51:48.245,0.8905,0.89075,1.00,3.80
2009.03.05 05:51:48.475,0.8905,0.89075,3.00,3.80
2009.03.05 05:51:49.155,0.8905,0.8907,1.00,3.80
2009.03.05 05:51:49.385,0.89055,0.89065,1.00,1.80
2009.03.05 05:51:49.625,0.8905,0.89075,3.00,3.80
2009.03.05 05:51:49.905,0.8905,0.89075,1.00,3.80
2009.03.05 05:51:51.974,0.8905,0.89075,1.00,6.80
2009.03.05 05:51:52.144,0.8905,0.89075,1.00,3.80
2009.03.05 05:51:52.894,0.8905,0.89075,3.00,3.80
2009.03.05 05:51:53.014,0.8906,0.89075,1.00,3.80
2009.03.05 05:51:53.364,0.8905,0.89075,1.00,3.80
2009.03.05 05:51:53.644,0.8905,0.89075,3.00,3.80
2009.03.05 05:51:53.704,0.8906,0.89075,1.00,3.80
2009.03.05 05:51:54.104,0.8905,0.89075,3.00,2.20
2009.03.05 05:51:54.334,0.89055,0.8908,1.00,2.20
2009.03.05 05:51:56.203,0.89055,0.89085,1.00,5.20
2009.03.05 05:51:56.743,0.8906,0.89085,1.00,3.80
2009.03.05 05:51:58.633,0.8906,0.89085,1.00,7.00
2009.03.05 05:52:01.692,0.8906,0.89085,1.00,5.20
2009.03.05 05:52:02.032,0.89065,0.8908,1.00,1.00
2009.03.05 05:52:02.202,0.89065,0.89085,1.00,3.40
2009.03.05 05:52:02.442,0.89065,0.89085,1.00,2.20
2009.03.05 05:52:02.742,0.89065,0.89085,1.00,2.00
2009.03.05 05:52:03.072,0.89065,0.8908,1.00,1.80
2009.03.05 05:52:03.541,0.89065,0.8909,1.00,3.80
2009.03.05 05:52:04.561,0.89065,0.8909,1.00,3.80
2009.03.05 05:52:12.009,0.8906,0.89085,1.00,1.60
2009.03.05 05:52:12.299,0.89055,0.89085,1.00,1.80
2009.03.05 05:52:15.638,0.89055,0.89085,1.00,3.80
2009.03.05 05:52:18.648,0.8905,0.8908,3.00,3.80
2009.03.05 05:52:19.447,0.89055,0.8908,1.00,1.80
2009.03.05 05:52:19.568,0.8906,0.8909,1.00,7.00
2009.03.05 05:52:19.807,0.8906,0.89085,1.00,2.20
2009.03.05 05:52:20.027,0.89055,0.89085,1.00,2.20
2009.03.05 05:52:20.837,0.89055,0.8909,1.00,7.00
2009.03.05 05:52:22.167,0.89055,0.89085,1.00,2.20
2009.03.05 05:52:22.577,0.89055,0.89085,1.00,3.80
2009.03.05 05:52:25.276,0.89055,0.89085,1.00,2.20
2009.03.05 05:52:25.327,0.89055,0.8909,1.00,7.20
2009.03.05 05:52:26.006,0.8906,0.8909,1.00,7.00
2009.03.05 05:52:26.835,0.89055,0.8909,1.00,7.00
2009.03.05 05:52:30.145,0.89055,0.8909,1.00,7.20
2009.03.05 05:52:30.665,0.89055,0.89085,1.00,3.80
2009.03.05 05:52:30.905,0.89055,0.89085,1.00,3.80
2009.03.05 05:52:31.134,0.89055,0.89085,1.00,3.80
2009.03.05 05:52:31.405,0.89055,0.8908,1.00,1.80
2009.03.05 05:52:31.585,0.89055,0.8908,1.00,3.80
2009.03.05 05:52:32.054,0.8905,0.89075,1.40,2.00
2009.03.05 05:52:32.234,0.8905,0.8908,7.80,3.40
2009.03.05 05:52:32.394,0.89055,0.89075,1.00,1.80
2009.03.05 05:52:32.505,0.89055,0.89085,1.00,3.80
2009.03.05 05:52:45.691,0.89055,0.89085,4.80,3.40
2009.03.05 05:52:46.331,0.8906,0.89085,1.00,3.80
2009.03.05 05:52:46.511,0.89055,0.89085,1.00,3.80
2009.03.05 05:52:56.579,0.8906,0.89085,1.00,2.20
2009.03.05 05:52:57.798,0.8906,0.89085,1.20,2.20
2009.03.05 05:53:38.098,0.8906,0.89085,1.20,3.80
2009.03.05 05:53:38.678,0.8905,0.89085,7.80,3.80
2009.03.05 05:53:40.428,0.8905,0.89085,7.80,3.40
2009.03.05 05:53:40.488,0.8905,0.89085,7.80,1.60
2009.03.05 05:53:40.548,0.8905,0.89085,9.00,1.60
2009.03.05 05:53:40.838,0.8905,0.89085,11.00,1.60
2009.03.05 05:53:40.888,0.89055,0.89085,4.80,1.60
2009.03.05 05:53:41.238,0.8906,0.8909,1.00,1.80
2009.03.05 05:54:12.150,0.8906,0.8909,1.00,1.60
2009.03.05 05:54:12.380,0.89065,0.89095,1.00,5.00
2009.03.05 05:54:12.440,0.89065,0.89095,1.00,3.80
2009.03.05 05:54:14.440,0.8907,0.8909,1.00,2.20
2009.03.05 05:54:24.527,0.8907,0.89095,1.00,1.80
2009.03.05 05:54:36.404,0.89075,0.891,1.00,5.20
2009.03.05 05:54:36.794,0.8907,0.891,1.00,4.60
2009.03.05 05:54:36.974,0.8907,0.89105,1.00,7.00
2009.03.05 05:54:38.714,0.89075,0.89105,1.00,7.00
2009.03.05 05:54:39.164,0.89075,0.89105,1.00,1.60
2009.03.05 05:54:39.224,0.8908,0.8911,1.00,9.40
2009.03.05 05:54:39.644,0.89085,0.8911,1.00,2.20
2009.03.05 05:54:39.923,0.89085,0.8911,1.00,2.60
2009.03.05 05:54:40.484,0.89085,0.8911,1.00,2.20
2009.03.05 05:54:40.833,0.89085,0.89115,1.00,3.40
2009.03.05 05:54:46.242,0.8908,0.8911,1.00,1.80
2009.03.05 05:54:46.472,0.89075,0.8911,1.00,3.80
2009.03.05 05:54:46.872,0.8907,0.8911,4.80,7.00
2009.03.05 05:54:47.282,0.8907,0.8911,1.20,7.00
2009.03.05 05:54:47.561,0.8907,0.8911,1.00,7.00
2009.03.05 05:54:49.121,0.8907,0.89105,1.00,1.80
2009.03.05 05:54:49.171,0.8907,0.89105,1.00,3.80
2009.03.05 05:54:49.641,0.8907,0.89105,1.00,5.00
2009.03.05 05:54:49.701,0.8907,0.89105,1.00,7.00
2009.03.05 05:54:59.079,0.8907,0.89105,1.00,5.40
2009.03.05 05:54:59.199,0.8907,0.89105,1.00,1.60
2009.03.05 05:55:29.871,0.89075,0.8911,1.00,7.20
2009.03.05 05:55:41.189,0.89075,0.891,1.00,1.00
2009.03.05 05:55:41.428,0.8907,0.891,3.00,3.80
2009.03.05 05:55:42.868,0.8907,0.891,1.00,3.80
2009.03.05 05:56:13.681,0.8907,0.891,4.80,1.80
2009.03.05 05:56:14.411,0.89075,0.891,1.00,4.40
2009.03.05 05:56:15.160,0.89075,0.891,1.00,2.20
2009.03.05 05:56:16.540,0.8907,0.891,1.00,3.80
2009.03.05 05:56:39.354,0.8907,0.891,3.00,3.80
2009.03.05 05:56:45.503,0.8907,0.891,1.00,3.80
2009.03.05 05:56:49.612,0.8907,0.891,4.80,3.40
2009.03.05 05:56:49.672,0.89075,0.89105,1.00,2.00
2009.03.05 05:56:49.722,0.89075,0.891,1.00,2.20
2009.03.05 05:56:52.541,0.89075,0.89105,1.00,3.60
2009.03.05 05:56:53.941,0.89075,0.891,1.00,2.20
2009.03.05 05:56:55.750,0.89075,0.891,1.00,3.00
2009.03.05 05:56:56.500,0.89075,0.891,1.00,2.20
2009.03.05 05:56:57.920,0.89075,0.891,1.00,2.20
2009.03.05 05:56:58.150,0.89075,0.891,1.00,4.60
2009.03.05 05:56:59.130,0.89075,0.891,1.00,2.20
2009.03.05 05:57:06.988,0.8907,0.89105,4.80,2.00
2009.03.05 05:57:07.158,0.8907,0.89105,1.00,5.20
2009.03.05 05:57:15.466,0.8907,0.891,1.00,2.40
2009.03.05 05:57:15.576,0.8907,0.891,1.00,2.60
2009.03.05 05:57:16.566,0.8907,0.891,1.00,4.60
2009.03.05 05:57:16.686,0.8907,0.89095,1.00,1.00
2009.03.05 05:57:21.134,0.8907,0.8909,1.00,1.00
2009.03.05 05:57:22.304,0.89065,0.8909,1.00,3.80
2009.03.05 05:57:25.793,0.89065,0.8909,1.00,3.40
2009.03.05 05:57:26.213,0.89065,0.89095,3.00,3.00
2009.03.05 05:57:26.563,0.8907,0.89105,1.00,1.60
2009.03.05 05:57:26.743,0.8907,0.89105,1.00,5.20
2009.03.05 05:57:34.171,0.8907,0.891,1.00,2.60
2009.03.05 05:57:35.121,0.8907,0.89095,1.00,1.00
2009.03.05 05:57:35.181,0.8907,0.89095,1.00,1.00
2009.03.05 05:57:40.230,0.8907,0.89095,1.00,2.20
2009.03.05 05:57:40.630,0.8907,0.8909,1.00,1.00
2009.03.05 05:57:40.680,0.8907,0.89085,1.00,1.00
2009.03.05 05:57:40.850,0.89065,0.89085,1.00,1.00
2009.03.05 05:57:42.919,0.89065,0.8909,1.00,6.00
2009.03.05 05:57:43.139,0.8907,0.8909,1.00,2.60
2009.03.05 05:57:43.319,0.8907,0.8909,1.00,1.00
2009.03.05 05:57:44.599,0.8907,0.8909,1.00,1.00
2009.03.05 05:57:44.659,0.8907,0.89095,1.00,7.80
2009.03.05 05:57:44.779,0.8907,0.89095,1.00,3.00
2009.03.05 05:57:45.239,0.8907,0.89095,1.00,1.40
2009.03.05 05:57:45.299,0.8907,0.89105,1.00,1.60
2009.03.05 05:57:50.358,0.8907,0.891,1.00,1.00
2009.03.05 05:57:50.577,0.8907,0.891,1.00,1.00
2009.03.05 05:57:50.957,0.8907,0.891,1.00,2.60
2009.03.05 05:58:20.000,0.8907,0.891,1.00,2.20
2009.03.05 05:58:20.170,0.8907,0.89105,1.00,9.60
2009.03.05 05:58:20.230,0.8907,0.89105,1.00,8.40
2009.03.05 05:58:20.290,0.8907,0.89105,1.00,1.60
2009.03.05 05:58:24.879,0.8907,0.89105,1.00,3.80
2009.03.05 05:58:24.939,0.8907,0.89105,1.00,7.00
2009.03.05 05:58:25.059,0.8907,0.891,1.00,1.60
2009.03.05 05:58:27.068,0.8907,0.89105,1.00,1.60
2009.03.05 05:58:27.248,0.8907,0.891,1.00,1.80
2009.03.05 05:58:27.738,0.8907,0.891,1.00,4.40
2009.03.05 05:58:28.128,0.8907,0.89105,1.00,5.20
2009.03.05 05:58:28.358,0.89075,0.8911,1.00,8.40
2009.03.05 05:58:28.578,0.89085,0.8911,1.00,2.00
2009.03.05 05:58:28.748,0.89085,0.89115,1.00,8.20
2009.03.05 05:58:28.968,0.89085,0.89115,1.00,1.80
2009.03.05 05:58:31.787,0.8908,0.8911,1.20,2.40
2009.03.05 05:58:32.217,0.8908,0.8911,1.00,2.40
2009.03.05 05:58:32.397,0.89095,0.8912,1.00,4.60
2009.03.05 05:58:32.627,0.89095,0.89125,1.00,7.80
2009.03.05 05:58:32.787,0.89095,0.8913,1.00,2.60
2009.03.05 05:58:33.307,0.89085,0.89125,3.00,1.60
2009.03.05 05:58:33.587,0.8908,0.89125,3.00,6.40
2009.03.05 05:58:34.057,0.8908,0.89125,3.00,4.80
2009.03.05 05:58:36.156,0.89085,0.89125,1.00,4.80
2009.03.05 05:58:36.596,0.89085,0.89125,3.00,1.60
2009.03.05 05:58:36.716,0.89085,0.8912,3.00,1.60
2009.03.05 05:58:36.946,0.89085,0.8912,1.00,1.60
2009.03.05 05:58:37.226,0.89095,0.8913,1.00,2.00
2009.03.05 05:58:38.486,0.8909,0.8913,3.00,2.00
2009.03.05 05:58:38.826,0.8909,0.8913,1.00,5.40
2009.03.05 05:58:39.115,0.8909,0.89125,1.00,1.60
2009.03.05 05:58:39.605,0.8909,0.8912,1.00,1.00
2009.03.05 05:58:40.065,0.89075,0.8912,3.00,4.80
2009.03.05 05:58:40.405,0.8908,0.8912,3.00,6.40
2009.03.05 05:58:40.625,0.89095,0.8912,1.00,3.20
2009.03.05 05:58:40.855,0.89095,0.8913,1.00,6.80
2009.03.05 05:58:41.725,0.89095,0.8913,1.00,3.60
2009.03.05 05:58:42.295,0.89095,0.89125,1.00,1.00
2009.03.05 05:58:42.765,0.8908,0.8911,3.00,1.60
2009.03.05 05:58:42.925,0.8907,0.89105,1.00,3.20
2009.03.05 05:58:43.334,0.89065,0.891,1.00,1.60
2009.03.05 05:58:43.545,0.89065,0.89095,1.00,1.00
2009.03.05 05:58:43.994,0.89065,0.8909,1.00,5.60
2009.03.05 05:58:44.454,0.8905,0.89085,1.00,5.00
2009.03.05 05:58:44.694,0.8905,0.89085,1.00,4.80
2009.03.05 05:58:45.104,0.89055,0.8909,1.00,4.80
2009.03.05 05:58:45.974,0.89055,0.8909,1.00,3.20
2009.03.05 05:58:46.554,0.89055,0.8909,1.00,4.80
2009.03.05 05:58:50.923,0.8906,0.8909,1.00,3.60
2009.03.05 05:58:50.982,0.8906,0.8909,1.00,1.60
2009.03.05 05:58:51.313,0.89055,0.8909,1.00,1.60
2009.03.05 05:58:51.373,0.89055,0.8909,1.00,4.80
2009.03.05 05:58:54.042,0.89055,0.8909,3.00,1.60
2009.03.05 05:58:54.452,0.89065,0.89095,1.00,1.80
2009.03.05 05:59:01.290,0.89065,0.8909,1.00,1.00
2009.03.05 05:59:01.570,0.8907,0.8909,1.00,1.00
2009.03.05 05:59:01.910,0.8907,0.891,1.00,3.60
2009.03.05 05:59:02.500,0.8907,0.891,1.00,2.60
2009.03.05 05:59:02.960,0.8907,0.891,1.00,2.00
2009.03.05 05:59:03.360,0.8907,0.891,1.00,7.20
2009.03.05 05:59:05.699,0.8907,0.891,1.00,5.20
2009.03.05 05:59:05.879,0.8907,0.891,1.00,2.00
2009.03.05 05:59:10.349,0.89065,0.891,1.00,2.00
2009.03.05 05:59:10.638,0.8906,0.891,3.00,2.00
2009.03.05 05:59:10.738,0.8906,0.891,1.00,5.20
2009.03.05 05:59:11.318,0.89065,0.891,1.00,5.20
2009.03.05 05:59:11.598,0.89065,0.891,1.00,7.20
2009.03.05 05:59:11.997,0.8907,0.891,1.00,2.40
2009.03.05 05:59:12.497,0.8907,0.891,1.00,2.60
2009.03.05 05:59:13.327,0.89085,0.891,1.00,2.20
2009.03.05 05:59:13.547,0.89085,0.89105,1.00,5.40
2009.03.05 05:59:13.777,0.89085,0.89105,1.00,8.20
2009.03.05 05:59:14.067,0.89085,0.891,1.00,1.00
2009.03.05 05:59:14.577,0.89075,0.891,3.40,1.00
2009.03.05 05:59:14.927,0.89075,0.891,3.00,2.40
2009.03.05 05:59:15.107,0.89075,0.891,1.00,2.40
2009.03.05 05:59:15.267,0.89075,0.891,1.00,2.60
2009.03.05 05:59:15.447,0.89075,0.891,1.00,3.60
2009.03.05 05:59:16.136,0.89075,0.891,1.00,2.60
2009.03.05 05:59:17.386,0.89075,0.891,1.00,2.60
2009.03.05 05:59:17.496,0.89075,0.89105,1.00,8.20
2009.03.05 05:59:17.796,0.8908,0.89105,1.00,8.20
2009.03.05 05:59:18.026,0.8908,0.89105,1.00,2.60
2009.03.05 05:59:21.046,0.89085,0.89105,1.00,2.60
2009.03.05 05:59:21.325,0.8909,0.89105,1.00,2.60
2009.03.05 05:59:21.755,0.8909,0.89105,1.00,7.00
2009.03.05 05:59:22.455,0.89085,0.89105,1.00,5.00
2009.03.05 05:59:24.214,0.89085,0.89105,1.00,7.00
2009.03.05 05:59:24.384,0.8909,0.89105,1.00,7.00
2009.03.05 05:59:24.495,0.8909,0.89105,1.00,8.00
2009.03.05 05:59:27.814,0.89085,0.89105,1.00,8.00
2009.03.05 05:59:27.974,0.89085,0.89105,1.00,5.00
2009.03.05 05:59:29.544,0.89085,0.89105,1.00,5.00
2009.03.05 05:59:30.663,0.8909,0.89105,1.00,7.00
2009.03.05 05:59:31.403,0.8909,0.89105,1.00,8.00
2009.03.05 05:59:32.542,0.89085,0.89105,1.00,5.00
2009.03.05 05:59:32.702,0.89085,0.89105,1.00,5.00
2009.03.05 05:59:42.330,0.8908,0.89105,1.00,7.00
2009.03.05 05:59:42.760,0.89075,0.891,3.00,2.20
2009.03.05 05:59:42.880,0.89075,0.891,1.00,2.20
2009.03.05 05:59:43.170,0.89075,0.891,1.00,4.40
2009.03.05 05:59:43.880,0.89075,0.891,1.00,2.00
2009.03.05 05:59:44.360,0.8904,0.89085,3.20,4.80
2009.03.05 05:59:44.650,0.89035,0.8908,1.00,1.60
2009.03.05 05:59:47.409,0.89055,0.89085,1.00,2.00
2009.03.05 05:59:47.649,0.89055,0.8909,1.00,1.80
2009.03.05 05:59:50.558,0.89055,0.8909,1.00,7.00
2009.03.05 05:59:50.948,0.89045,0.89085,3.00,1.60
2009.03.05 05:59:51.128,0.89045,0.8908,1.00,1.60
2009.03.05 05:59:53.027,0.89055,0.89085,1.00,3.20
2009.03.05 05:59:53.238,0.89055,0.8909,1.00,1.80
2009.03.05 05:59:57.347,0.8905,0.8909,3.00,3.80
2009.03.05 05:59:57.467,0.8905,0.8909,1.00,7.00
2009.03.05 05:59:58.876,0.8905,0.89085,1.00,1.60
2009.03.05 05:59:59.226,0.89055,0.8909,1.00,4.80
2009.03.05 05:59:59.686,0.8905,0.8909,1.00,4.80
