2009.03.17 15:00:00.276,0.92585,0.926,6.40,4.80
2009.03.17 15:00:00.966,0.9259,0.926,1.60,4.80
2009.03.17 15:00:01.196,0.92585,0.926,6.40,4.80
2009.03.17 15:00:01.546,0.9259,0.926,1.60,4.80
2009.03.17 15:00:01.905,0.92595,0.926,1.40,3.20
2009.03.17 15:00:03.045,0.92595,0.926,2.80,3.20
2009.03.17 15:00:03.675,0.9259,0.926,6.20,3.20
2009.03.17 15:00:04.685,0.9259,0.926,7.60,3.20
2009.03.17 15:00:05.334,0.9259,0.926,6.20,3.20
2009.03.17 15:00:05.614,0.9259,0.926,2.80,4.80
2009.03.17 15:00:08.904,0.9258,0.926,6.20,9.00
2009.03.17 15:00:09.143,0.92585,0.926,1.40,7.80
2009.03.17 15:00:09.424,0.92585,0.926,2.80,4.80
2009.03.17 15:00:12.283,0.92585,0.926,2.60,4.80
2009.03.17 15:00:13.922,0.9259,0.926,1.60,3.20
2009.03.17 15:00:15.122,0.92595,0.9261,1.60,19.60
2009.03.17 15:00:15.472,0.9259,0.926,1.60,3.20
2009.03.17 15:00:15.822,0.9259,0.926,1.60,3.20
2009.03.17 15:00:16.273,0.9259,0.926,1.60,4.80
2009.03.17 15:00:16.552,0.9259,0.926,1.60,3.20
2009.03.17 15:00:17.932,0.92585,0.926,7.80,3.20
2009.03.17 15:00:18.281,0.92585,0.926,1.60,4.80
2009.03.17 15:00:21.860,0.92585,0.926,1.60,4.80
2009.03.17 15:00:22.030,0.92585,0.926,1.60,4.80
2009.03.17 15:00:23.000,0.92585,0.926,1.60,4.80
2009.03.17 15:00:24.180,0.9259,0.926,1.60,3.20
2009.03.17 15:00:24.770,0.92595,0.926,1.60,3.20
2009.03.17 15:00:28.949,0.92595,0.926,1.60,4.80
2009.03.17 15:00:29.009,0.92595,0.926,1.60,6.40
2009.03.17 15:00:29.229,0.92585,0.9259,3.06,7.20
2009.03.17 15:00:29.339,0.9258,0.92585,5.06,1.60
2009.03.17 15:00:29.519,0.92575,0.92585,9.00,4.80
2009.03.17 15:00:29.869,0.92585,0.926,6.20,10.80
2009.03.17 15:00:30.168,0.92585,0.926,6.20,11.60
2009.03.17 15:00:30.668,0.92585,0.926,1.40,8.40
2009.03.17 15:00:32.388,0.92585,0.926,7.60,8.40
2009.03.17 15:00:32.728,0.92585,0.926,7.60,8.40
2009.03.17 15:00:33.078,0.9259,0.926,1.40,8.40
2009.03.17 15:00:33.608,0.92585,0.926,2.80,8.40
2009.03.17 15:00:34.218,0.92585,0.926,6.40,8.40
2009.03.17 15:00:34.508,0.92585,0.926,1.60,8.40
2009.03.17 15:00:40.476,0.92585,0.926,1.60,8.60
2009.03.17 15:00:40.706,0.9258,0.926,1.60,10.60
2009.03.17 15:00:41.206,0.9258,0.926,1.60,13.20
2009.03.17 15:00:41.266,0.9258,0.92595,1.60,3.00
2009.03.17 15:00:41.386,0.9258,0.92595,1.60,4.00
2009.03.17 15:00:41.436,0.92575,0.92595,3.40,9.00
2009.03.17 15:00:41.606,0.92575,0.92595,3.40,10.60
2009.03.17 15:00:41.785,0.92575,0.92595,8.00,10.60
2009.03.17 15:00:41.966,0.9258,0.92595,1.60,7.20
2009.03.17 15:00:42.025,0.9258,0.92595,1.60,5.60
2009.03.17 15:00:42.527,0.9258,0.92595,1.60,4.80
2009.03.17 15:00:42.975,0.92585,0.92605,1.60,33.60
2009.03.17 15:00:43.316,0.92585,0.926,1.60,7.20
2009.03.17 15:00:47.294,0.92585,0.926,6.40,7.20
2009.03.17 15:00:47.414,0.92585,0.926,6.20,7.20
2009.03.17 15:00:47.465,0.92585,0.926,2.80,7.20
2009.03.17 15:00:47.874,0.92585,0.926,7.60,7.20
2009.03.17 15:00:48.334,0.92585,0.926,1.60,7.20
2009.03.17 15:00:48.624,0.9259,0.926,1.60,6.40
2009.03.17 15:00:49.154,0.9259,0.926,1.60,3.20
2009.03.17 15:00:50.284,0.9259,0.926,1.60,3.20
2009.03.17 15:00:50.624,0.9259,0.926,1.60,4.80
2009.03.17 15:00:51.024,0.9259,0.926,9.20,3.20
2009.03.17 15:00:51.603,0.9259,0.926,1.60,3.20
2009.03.17 15:00:52.233,0.9259,0.92615,8.00,16.80
2009.03.17 15:00:52.473,0.92595,0.9261,3.00,7.40
2009.03.17 15:00:52.753,0.92595,0.9261,9.20,1.80
2009.03.17 15:00:53.103,0.926,0.9261,3.00,1.80
2009.03.17 15:00:53.563,0.926,0.9262,3.00,12.40
2009.03.17 15:00:53.973,0.926,0.9261,1.60,6.00
2009.03.17 15:00:54.394,0.926,0.9261,1.60,4.80
2009.03.17 15:00:54.863,0.926,0.9261,2.80,4.80
2009.03.17 15:00:55.303,0.92595,0.9261,1.60,4.80
2009.03.17 15:01:00.351,0.92605,0.9263,3.60,4.60
2009.03.17 15:01:00.801,0.9261,0.9263,1.40,4.60
2009.03.17 15:01:01.201,0.9261,0.92625,1.40,3.00
2009.03.17 15:01:01.831,0.9262,0.92635,1.20,10.80
2009.03.17 15:01:02.051,0.9262,0.92635,1.20,6.80
2009.03.17 15:01:02.511,0.9262,0.92635,1.20,3.80
2009.03.17 15:01:02.691,0.9262,0.92635,1.20,3.00
2009.03.17 15:01:03.051,0.92625,0.92635,1.20,3.00
2009.03.17 15:01:03.220,0.92625,0.92645,1.20,27.20
2009.03.17 15:01:03.430,0.92625,0.9264,1.20,10.20
2009.03.17 15:01:04.350,0.92625,0.9264,1.20,7.20
2009.03.17 15:01:05.160,0.92625,0.9264,9.00,7.20
2009.03.17 15:01:05.320,0.9263,0.9264,1.60,5.60
2009.03.17 15:01:05.830,0.92625,0.9264,1.60,1.60
2009.03.17 15:01:06.170,0.9264,0.9265,6.40,2.40
2009.03.17 15:01:06.530,0.92645,0.9265,1.60,1.50
2009.03.17 15:01:06.820,0.92645,0.9266,1.60,10.00
2009.03.17 15:01:07.319,0.92645,0.92655,1.60,1.80
2009.03.17 15:01:08.139,0.9264,0.92655,2.80,1.80
2009.03.17 15:01:08.469,0.9264,0.92655,1.40,1.80
2009.03.17 15:01:09.939,0.92635,0.92655,4.20,1.80
2009.03.17 15:01:10.509,0.92635,0.9265,2.80,5.80
2009.03.17 15:01:10.749,0.9263,0.9265,8.20,5.80
2009.03.17 15:01:11.199,0.9263,0.9265,4.20,5.80
2009.03.17 15:01:11.539,0.9263,0.9265,2.80,6.60
2009.03.17 15:01:11.699,0.92635,0.92645,1.20,1.00
2009.03.17 15:01:12.658,0.92635,0.92645,2.40,1.00
2009.03.17 15:01:12.878,0.92635,0.92655,2.40,8.40
2009.03.17 15:01:13.168,0.9263,0.92645,1.60,1.60
2009.03.17 15:01:13.588,0.9263,0.92645,1.60,1.60
2009.03.17 15:01:14.058,0.92635,0.92655,1.60,23.60
2009.03.17 15:01:14.298,0.9264,0.9265,1.60,1.60
2009.03.17 15:01:15.079,0.9264,0.92665,1.60,21.00
2009.03.17 15:01:15.188,0.9264,0.9265,1.60,4.80
2009.03.17 15:01:15.698,0.92635,0.9265,6.40,4.80
2009.03.17 15:01:17.377,0.9264,0.9265,1.60,4.80
2009.03.17 15:01:17.497,0.92645,0.9266,4.60,12.40
2009.03.17 15:01:17.607,0.92645,0.9266,6.20,4.80
2009.03.17 15:01:17.717,0.92645,0.9266,6.80,8.20
2009.03.17 15:01:17.837,0.92645,0.9266,3.00,9.20
2009.03.17 15:01:18.067,0.9264,0.9266,6.00,9.20
2009.03.17 15:01:18.867,0.9264,0.92655,6.00,1.60
2009.03.17 15:01:19.197,0.9264,0.92655,2.80,1.60
2009.03.17 15:01:20.176,0.9264,0.92665,2.80,21.80
2009.03.17 15:01:22.965,0.9264,0.9266,1.60,8.20
2009.03.17 15:01:23.595,0.9264,0.9266,3.20,8.20
2009.03.17 15:01:23.895,0.92645,0.9266,6.20,4.80
2009.03.17 15:01:24.296,0.9264,0.9266,5.40,9.20
2009.03.17 15:01:25.335,0.9264,0.9266,3.60,9.20
2009.03.17 15:01:25.615,0.9264,0.9266,1.60,9.20
2009.03.17 15:01:28.274,0.9264,0.9266,2.60,8.20
2009.03.17 15:01:30.104,0.9264,0.9266,2.60,9.20
2009.03.17 15:01:30.224,0.9264,0.9266,6.00,9.20
2009.03.17 15:01:30.484,0.9264,0.9266,2.60,9.20
2009.03.17 15:01:30.664,0.9264,0.9266,2.60,8.20
2009.03.17 15:01:31.334,0.9264,0.9266,1.60,9.20
2009.03.17 15:01:31.973,0.9264,0.92655,1.60,1.60
2009.03.17 15:01:32.024,0.92645,0.92665,4.60,15.60
2009.03.17 15:01:32.384,0.92645,0.9266,6.20,10.20
2009.03.17 15:01:32.773,0.92635,0.9265,9.80,4.80
2009.03.17 15:01:32.943,0.92635,0.9265,6.20,4.80
2009.03.17 15:01:33.463,0.9263,0.9265,6.80,7.80
2009.03.17 15:01:33.633,0.9263,0.9265,2.80,9.40
2009.03.17 15:01:33.793,0.9263,0.9265,2.80,10.20
2009.03.17 15:01:33.963,0.9263,0.9265,2.80,11.40
2009.03.17 15:01:34.193,0.9263,0.9265,2.80,14.20
2009.03.17 15:01:34.363,0.9263,0.92635,2.80,1.60
2009.03.17 15:01:34.663,0.9262,0.92645,6.00,9.80
2009.03.17 15:01:35.183,0.92615,0.9264,27.80,4.60
2009.03.17 15:01:35.472,0.92615,0.9264,13.00,4.60
2009.03.17 15:01:35.692,0.92615,0.9264,8.40,4.60
2009.03.17 15:01:36.093,0.92615,0.9264,7.00,5.40
2009.03.17 15:01:36.902,0.92615,0.9264,7.00,5.60
2009.03.17 15:01:37.852,0.92615,0.9264,11.60,5.40
2009.03.17 15:01:38.022,0.9262,0.9264,6.80,3.80
2009.03.17 15:01:38.072,0.9262,0.9264,7.20,3.00
2009.03.17 15:01:38.592,0.9262,0.9264,1.60,3.00
2009.03.17 15:01:39.691,0.9262,0.9264,7.20,3.00
2009.03.17 15:01:39.862,0.9262,0.9264,9.20,3.00
2009.03.17 15:01:40.041,0.92625,0.9265,2.20,16.60
2009.03.17 15:01:40.262,0.92625,0.92645,1.40,8.40
2009.03.17 15:01:40.781,0.92625,0.92645,1.40,6.80
2009.03.17 15:01:41.011,0.9263,0.92645,1.60,5.60
2009.03.17 15:01:41.231,0.9263,0.92645,1.60,5.40
2009.03.17 15:01:41.681,0.9263,0.92645,6.20,2.40
2009.03.17 15:01:46.620,0.9262,0.92645,6.60,28.80
2009.03.17 15:01:46.740,0.9262,0.9264,1.60,9.60
2009.03.17 15:01:46.850,0.9262,0.9264,1.60,6.40
2009.03.17 15:01:47.200,0.9262,0.9264,1.60,5.20
2009.03.17 15:01:47.320,0.9262,0.9264,1.60,4.00
2009.03.17 15:01:47.710,0.9262,0.9264,1.60,7.20
2009.03.17 15:01:50.069,0.9262,0.9264,7.60,7.20
2009.03.17 15:01:50.129,0.9262,0.9264,7.60,10.20
2009.03.17 15:01:50.459,0.9262,0.9264,3.00,10.60
2009.03.17 15:01:50.569,0.9262,0.92635,1.60,3.00
2009.03.17 15:01:50.789,0.92615,0.92635,3.00,3.00
2009.03.17 15:01:50.909,0.92615,0.92635,1.60,3.00
2009.03.17 15:01:51.199,0.9261,0.92635,6.20,4.40
2009.03.17 15:01:51.479,0.9261,0.92635,6.20,7.80
2009.03.17 15:01:51.769,0.9261,0.92625,6.20,1.00
2009.03.17 15:01:52.069,0.9261,0.92625,5.60,1.00
2009.03.17 15:01:52.358,0.9261,0.9264,3.20,26.40
2009.03.17 15:01:52.418,0.9261,0.92635,3.20,12.60
2009.03.17 15:01:52.598,0.9261,0.92625,4.00,1.00
2009.03.17 15:01:52.658,0.9261,0.92625,5.60,1.00
2009.03.17 15:01:52.948,0.9261,0.9264,5.60,28.20
2009.03.17 15:01:53.008,0.9261,0.92635,4.80,18.20
2009.03.17 15:01:53.068,0.9261,0.92635,4.80,23.00
2009.03.17 15:01:53.118,0.9261,0.92635,3.20,23.00
2009.03.17 15:01:53.238,0.9261,0.92635,3.20,12.60
2009.03.17 15:01:53.398,0.9261,0.92625,3.20,1.00
2009.03.17 15:01:53.568,0.9261,0.9264,3.20,28.20
2009.03.17 15:01:53.848,0.9261,0.92635,3.20,7.80
2009.03.17 15:01:54.878,0.9261,0.92635,3.20,12.60
2009.03.17 15:01:54.998,0.9261,0.92635,3.20,23.00
2009.03.17 15:02:01.146,0.9262,0.92635,1.60,4.80
2009.03.17 15:02:01.387,0.9262,0.92635,1.60,7.80
2009.03.17 15:02:01.506,0.9262,0.92635,6.20,7.80
2009.03.17 15:02:01.676,0.9262,0.92635,6.20,4.80
2009.03.17 15:02:01.786,0.9262,0.92635,6.20,7.80
2009.03.17 15:02:01.946,0.9262,0.92635,1.60,7.80
2009.03.17 15:02:02.176,0.9262,0.9263,1.60,1.60
2009.03.17 15:02:02.287,0.92615,0.9263,1.60,9.00
2009.03.17 15:02:02.406,0.92615,0.9263,1.60,9.80
2009.03.17 15:02:02.636,0.92615,0.9263,1.60,11.00
2009.03.17 15:02:02.816,0.92615,0.9263,1.60,12.40
2009.03.17 15:02:04.486,0.92615,0.9263,1.60,11.20
2009.03.17 15:02:04.606,0.92615,0.9263,1.60,9.80
2009.03.17 15:02:04.845,0.92615,0.9263,1.60,11.00
2009.03.17 15:02:04.946,0.92615,0.9263,1.60,12.40
2009.03.17 15:02:05.356,0.9261,0.9263,1.60,14.00
2009.03.17 15:02:06.585,0.9261,0.9263,1.60,14.20
2009.03.17 15:02:10.754,0.9261,0.9263,1.60,14.00
2009.03.17 15:02:11.104,0.9261,0.92625,1.60,1.60
2009.03.17 15:02:11.274,0.92605,0.92625,3.20,1.60
2009.03.17 15:02:11.444,0.92605,0.92625,3.20,2.40
2009.03.17 15:02:11.854,0.92605,0.92625,3.20,5.40
2009.03.17 15:02:12.824,0.92605,0.92625,3.20,7.00
2009.03.17 15:02:12.934,0.92605,0.92625,3.20,8.20
2009.03.17 15:02:13.053,0.92605,0.92625,3.20,10.80
2009.03.17 15:02:14.473,0.92605,0.92625,3.20,10.80
2009.03.17 15:02:14.983,0.92605,0.92625,3.20,11.00
2009.03.17 15:02:15.273,0.9261,0.92615,1.00,1.60
2009.03.17 15:02:18.472,0.9261,0.92625,1.00,15.60
2009.03.17 15:02:18.763,0.926,0.9262,1.60,3.40
2009.03.17 15:02:19.112,0.926,0.9262,1.00,3.40
2009.03.17 15:02:19.392,0.926,0.9262,1.60,3.40
2009.03.17 15:02:21.062,0.926,0.9261,1.60,1.00
2009.03.17 15:02:21.112,0.926,0.92605,1.60,3.20
2009.03.17 15:02:21.222,0.926,0.92605,1.60,1.60
2009.03.17 15:02:21.341,0.9259,0.92605,1.60,1.60
2009.03.17 15:02:21.581,0.9259,0.92605,1.60,2.80
2009.03.17 15:02:21.701,0.9259,0.92605,1.60,5.80
2009.03.17 15:02:22.271,0.9259,0.92605,1.60,6.60
2009.03.17 15:02:22.721,0.9259,0.92605,1.60,6.80
2009.03.17 15:02:22.901,0.9259,0.92605,1.60,6.00
2009.03.17 15:02:23.411,0.9259,0.926,1.60,3.20
2009.03.17 15:02:23.741,0.9259,0.926,1.60,6.00
2009.03.17 15:02:23.921,0.9259,0.926,1.60,6.80
2009.03.17 15:02:24.511,0.92575,0.926,6.40,8.40
2009.03.17 15:02:25.241,0.9258,0.926,1.20,8.40
2009.03.17 15:02:25.480,0.9258,0.926,1.60,6.60
2009.03.17 15:02:25.710,0.9258,0.926,1.60,5.80
2009.03.17 15:02:28.250,0.9258,0.9259,1.60,1.60
2009.03.17 15:02:28.480,0.9258,0.92605,7.60,15.20
2009.03.17 15:02:28.760,0.92585,0.926,1.60,4.00
2009.03.17 15:02:28.930,0.9258,0.926,4.60,2.80
2009.03.17 15:02:29.050,0.9258,0.926,4.60,5.80
2009.03.17 15:02:29.169,0.9258,0.926,1.60,5.80
2009.03.17 15:02:29.440,0.9258,0.926,5.60,5.80
2009.03.17 15:02:29.790,0.92575,0.9259,13.80,1.60
2009.03.17 15:02:30.069,0.92575,0.9259,3.40,1.60
2009.03.17 15:02:30.639,0.92575,0.926,8.00,9.40
2009.03.17 15:02:30.929,0.92575,0.92595,18.60,1.80
2009.03.17 15:02:31.289,0.9258,0.92605,2.80,7.60
2009.03.17 15:02:31.579,0.9259,0.92605,1.60,1.60
2009.03.17 15:02:31.919,0.9259,0.92605,1.60,4.60
2009.03.17 15:02:32.159,0.9259,0.92605,1.60,1.60
2009.03.17 15:02:32.329,0.9259,0.92605,1.60,1.60
2009.03.17 15:02:32.499,0.92595,0.92605,1.60,1.60
2009.03.17 15:02:33.359,0.92595,0.92605,6.40,1.60
2009.03.17 15:02:33.998,0.926,0.9262,1.60,11.60
2009.03.17 15:02:35.888,0.926,0.9262,1.60,6.80
2009.03.17 15:02:36.108,0.926,0.9262,1.60,3.80
2009.03.17 15:02:36.338,0.926,0.9262,1.60,3.00
2009.03.17 15:02:36.508,0.926,0.9262,1.60,3.00
2009.03.17 15:02:36.918,0.92605,0.9263,1.60,15.60
2009.03.17 15:02:37.298,0.92605,0.92625,4.60,2.40
2009.03.17 15:02:37.468,0.92605,0.92625,4.60,1.60
2009.03.17 15:02:37.748,0.9261,0.92635,1.60,18.80
2009.03.17 15:02:38.088,0.92615,0.9263,1.60,14.00
2009.03.17 15:02:38.557,0.92615,0.9263,1.60,10.20
2009.03.17 15:02:38.917,0.92615,0.9263,1.60,4.80
2009.03.17 15:02:39.608,0.9261,0.9263,1.60,10.80
2009.03.17 15:02:39.837,0.9261,0.9263,6.20,11.60
2009.03.17 15:02:40.067,0.9261,0.9263,6.20,11.40
2009.03.17 15:02:40.287,0.92615,0.9263,1.60,10.60
2009.03.17 15:02:40.527,0.9261,0.92625,1.60,1.60
2009.03.17 15:02:40.927,0.9261,0.92625,1.60,2.40
2009.03.17 15:02:41.977,0.92605,0.92625,4.00,4.00
2009.03.17 15:02:42.337,0.92605,0.92625,1.60,3.20
2009.03.17 15:02:42.626,0.92605,0.92625,1.60,6.20
2009.03.17 15:02:43.716,0.926,0.92625,4.60,6.00
2009.03.17 15:02:43.896,0.926,0.9262,4.60,1.00
2009.03.17 15:02:44.176,0.92605,0.92615,1.20,2.80
2009.03.17 15:02:44.356,0.926,0.92615,1.60,1.60
2009.03.17 15:02:44.566,0.92605,0.92625,4.60,9.20
2009.03.17 15:02:45.067,0.9261,0.92625,1.60,5.40
2009.03.17 15:02:45.396,0.92605,0.92625,1.60,2.40
2009.03.17 15:02:46.236,0.92605,0.92625,9.20,7.20
2009.03.17 15:02:46.476,0.92605,0.92625,9.20,17.60
2009.03.17 15:02:50.184,0.92605,0.92625,9.20,10.20
2009.03.17 15:02:50.474,0.92605,0.92625,1.60,10.60
2009.03.17 15:02:50.874,0.92605,0.92625,1.60,11.60
2009.03.17 15:02:51.054,0.92605,0.9262,1.60,2.40
2009.03.17 15:02:52.944,0.926,0.9262,4.60,4.00
2009.03.17 15:02:53.154,0.92605,0.9262,1.60,2.40
2009.03.17 15:02:55.403,0.92605,0.92615,1.60,1.60
2009.03.17 15:02:55.633,0.926,0.92615,1.60,1.60
2009.03.17 15:03:00.382,0.926,0.92625,4.60,26.00
2009.03.17 15:03:00.782,0.926,0.9262,1.60,5.40
2009.03.17 15:03:01.012,0.926,0.9262,4.00,5.40
2009.03.17 15:03:01.252,0.92605,0.9262,1.60,2.40
2009.03.17 15:03:02.012,0.926,0.9262,7.00,2.40
2009.03.17 15:03:02.292,0.92605,0.9262,1.60,2.40
2009.03.17 15:03:02.562,0.92605,0.92615,1.60,1.00
2009.03.17 15:03:02.672,0.92605,0.9263,1.60,28.80
2009.03.17 15:03:02.951,0.92605,0.92625,6.40,11.40
2009.03.17 15:03:03.621,0.92605,0.92625,6.40,8.40
2009.03.17 15:03:03.851,0.92605,0.92625,1.60,11.60
2009.03.17 15:03:04.141,0.92605,0.92625,6.40,11.60
2009.03.17 15:03:04.361,0.92605,0.92625,1.60,11.60
2009.03.17 15:03:05.201,0.92605,0.92625,1.60,11.60
2009.03.17 15:03:05.481,0.92605,0.92625,6.40,11.40
2009.03.17 15:03:06.290,0.92605,0.92625,6.20,11.60
2009.03.17 15:03:06.571,0.92605,0.92625,1.60,11.60
2009.03.17 15:03:07.700,0.92605,0.92625,1.60,11.40
2009.03.17 15:03:07.820,0.92605,0.92625,1.60,11.40
2009.03.17 15:03:07.930,0.92605,0.92625,6.40,11.40
2009.03.17 15:03:09.410,0.926,0.92625,6.00,14.20
2009.03.17 15:03:09.580,0.926,0.92625,4.60,14.20
2009.03.17 15:03:09.920,0.926,0.9262,1.60,5.80
2009.03.17 15:03:10.100,0.926,0.9262,1.60,6.60
2009.03.17 15:03:10.270,0.926,0.9262,4.60,3.40
2009.03.17 15:03:10.550,0.92605,0.9262,1.60,5.40
2009.03.17 15:03:11.010,0.926,0.9262,1.60,6.60
2009.03.17 15:03:11.239,0.926,0.9262,4.60,2.40
2009.03.17 15:03:11.760,0.926,0.92615,6.20,1.00
2009.03.17 15:03:11.929,0.926,0.92615,12.20,1.00
2009.03.17 15:03:12.109,0.926,0.9263,12.20,19.00
2009.03.17 15:03:12.579,0.926,0.92625,12.20,9.00
2009.03.17 15:03:13.839,0.926,0.92625,12.20,9.20
2009.03.17 15:03:14.298,0.92605,0.92625,1.40,9.00
2009.03.17 15:03:15.569,0.926,0.92625,12.20,9.20
2009.03.17 15:03:16.848,0.92605,0.92625,4.60,9.20
2009.03.17 15:03:17.018,0.92605,0.92625,6.20,9.20
2009.03.17 15:03:18.628,0.9261,0.92625,6.20,7.80
2009.03.17 15:03:19.847,0.9261,0.92625,6.20,8.60
2009.03.17 15:03:20.087,0.9261,0.92625,6.20,10.20
2009.03.17 15:03:20.367,0.9261,0.92625,6.20,8.60
2009.03.17 15:03:20.527,0.9261,0.92625,6.20,7.80
2009.03.17 15:03:20.697,0.9261,0.92625,6.20,7.20
2009.03.17 15:03:20.867,0.9261,0.92615,1.60,1.60
2009.03.17 15:03:21.157,0.92605,0.9263,6.20,17.60
2009.03.17 15:03:21.557,0.92605,0.92625,6.20,13.40
2009.03.17 15:03:21.787,0.92605,0.92625,6.20,14.20
2009.03.17 15:03:22.267,0.92605,0.92625,6.20,11.60
2009.03.17 15:03:22.916,0.9261,0.92625,1.60,10.60
2009.03.17 15:03:24.006,0.9261,0.92625,6.20,10.20
2009.03.17 15:03:24.876,0.9261,0.92625,6.20,7.20
2009.03.17 15:03:25.236,0.92615,0.92625,1.60,4.00
2009.03.17 15:03:25.406,0.92615,0.92625,6.20,7.20
2009.03.17 15:03:25.806,0.9261,0.92625,6.20,7.20
2009.03.17 15:03:26.036,0.9261,0.92625,1.60,3.20
2009.03.17 15:03:26.436,0.92615,0.92625,6.20,4.80
2009.03.17 15:03:27.656,0.92615,0.92625,6.20,4.80
2009.03.17 15:03:30.295,0.92615,0.92625,1.40,4.80
2009.03.17 15:03:30.635,0.92615,0.92625,6.20,4.80
2009.03.17 15:03:30.914,0.92615,0.92625,6.20,1.60
2009.03.17 15:03:31.144,0.92615,0.92625,6.20,6.40
2009.03.17 15:03:31.374,0.92605,0.92625,9.20,11.40
2009.03.17 15:03:31.655,0.92605,0.92625,6.20,7.80
2009.03.17 15:03:32.005,0.92605,0.92625,6.20,8.20
2009.03.17 15:03:32.344,0.926,0.9262,9.20,3.20
2009.03.17 15:03:32.684,0.9261,0.9262,1.60,3.40
2009.03.17 15:03:33.414,0.92605,0.92615,1.60,1.00
2009.03.17 15:03:33.874,0.92605,0.92615,6.20,1.00
2009.03.17 15:03:34.274,0.92605,0.9263,6.20,15.60
2009.03.17 15:03:34.674,0.92605,0.92625,1.60,11.60
2009.03.17 15:03:35.024,0.92605,0.92625,1.60,14.20
2009.03.17 15:03:35.704,0.92605,0.92625,1.60,10.00
2009.03.17 15:03:36.045,0.92615,0.92625,4.60,8.60
2009.03.17 15:03:36.283,0.9261,0.92625,1.60,10.20
2009.03.17 15:03:36.633,0.92605,0.92625,5.40,22.00
2009.03.17 15:03:36.863,0.92605,0.92625,3.40,22.00
2009.03.17 15:03:37.103,0.92605,0.92625,1.60,22.00
2009.03.17 15:03:37.383,0.9261,0.92625,4.60,18.80
2009.03.17 15:03:37.603,0.92605,0.92625,12.60,18.80
2009.03.17 15:03:37.983,0.92605,0.92625,5.40,22.00
2009.03.17 15:03:38.363,0.9261,0.92625,1.60,21.80
2009.03.17 15:03:38.783,0.92605,0.92625,1.60,22.00
2009.03.17 15:03:39.193,0.92605,0.92625,2.40,22.00
2009.03.17 15:03:39.483,0.9261,0.92625,4.60,20.20
2009.03.17 15:03:39.773,0.9261,0.92625,4.60,6.00
2009.03.17 15:03:40.012,0.9261,0.92625,4.60,10.60
2009.03.17 15:03:40.302,0.9261,0.92625,1.60,7.20
2009.03.17 15:03:41.072,0.92605,0.92625,9.20,8.40
2009.03.17 15:03:41.422,0.9261,0.92625,1.60,7.20
2009.03.17 15:03:42.592,0.9261,0.92625,1.60,10.20
2009.03.17 15:03:42.752,0.92605,0.92625,10.20,7.40
2009.03.17 15:03:42.922,0.9261,0.92625,6.20,6.40
2009.03.17 15:03:43.322,0.9261,0.92625,6.20,4.80
2009.03.17 15:03:45.791,0.92615,0.92635,1.60,28.20
2009.03.17 15:03:45.961,0.92615,0.9263,1.60,4.80
2009.03.17 15:03:47.111,0.92615,0.9263,1.60,7.80
2009.03.17 15:03:49.740,0.92615,0.9263,1.60,4.80
2009.03.17 15:03:50.650,0.92615,0.9263,1.60,7.80
2009.03.17 15:03:51.070,0.92615,0.92625,1.60,3.00
2009.03.17 15:03:51.240,0.9261,0.92625,5.80,3.00
2009.03.17 15:03:51.300,0.9261,0.92625,2.80,3.00
2009.03.17 15:03:52.309,0.9261,0.92625,2.80,3.20
2009.03.17 15:03:52.769,0.9261,0.92625,2.80,3.00
2009.03.17 15:03:53.040,0.9261,0.92625,1.60,3.00
2009.03.17 15:03:53.329,0.9261,0.92625,1.60,3.20
2009.03.17 15:03:54.139,0.9261,0.9262,1.60,1.00
2009.03.17 15:03:54.419,0.92615,0.9263,4.60,12.80
2009.03.17 15:03:54.769,0.9261,0.9262,4.60,3.20
2009.03.17 15:03:55.119,0.92615,0.92635,1.60,19.80
2009.03.17 15:03:59.488,0.92615,0.9263,1.60,10.20
2009.03.17 15:03:59.658,0.9261,0.9263,1.60,11.60
2009.03.17 15:03:59.828,0.9261,0.9263,1.60,14.20
2009.03.17 15:04:00.317,0.92605,0.92625,1.60,3.00
2009.03.17 15:04:00.817,0.9261,0.92625,1.60,4.60
2009.03.17 15:04:01.209,0.9261,0.92625,1.60,3.80
2009.03.17 15:04:01.427,0.9261,0.92625,1.60,3.00
2009.03.17 15:04:01.717,0.9261,0.92635,1.60,27.20
2009.03.17 15:04:03.157,0.9262,0.9263,6.20,8.40
2009.03.17 15:04:03.487,0.9261,0.9263,6.20,10.80
2009.03.17 15:04:03.647,0.9261,0.9263,6.20,12.20
2009.03.17 15:04:03.937,0.9261,0.92625,1.60,3.00
2009.03.17 15:04:04.437,0.9261,0.9262,1.60,1.60
2009.03.17 15:04:04.797,0.92605,0.9262,6.40,4.80
2009.03.17 15:04:05.137,0.92605,0.9262,9.20,4.80
2009.03.17 15:04:05.586,0.92605,0.9262,9.20,1.60
2009.03.17 15:04:06.106,0.92605,0.9263,7.80,22.80
2009.03.17 15:04:06.506,0.9261,0.9263,1.60,11.40
2009.03.17 15:04:06.906,0.9261,0.9263,1.60,11.60
2009.03.17 15:04:07.316,0.9261,0.9263,1.60,11.40
2009.03.17 15:04:07.666,0.9261,0.9263,6.20,11.40
2009.03.17 15:04:08.835,0.9261,0.9263,6.40,11.40
2009.03.17 15:04:09.705,0.92615,0.9263,6.20,8.40
2009.03.17 15:04:09.875,0.9261,0.92625,4.60,1.60
2009.03.17 15:04:10.225,0.9261,0.92635,6.20,15.60
2009.03.17 15:04:10.685,0.9261,0.9263,6.40,11.40
2009.03.17 15:04:10.975,0.9261,0.9263,9.20,8.40
2009.03.17 15:04:12.924,0.9261,0.9263,10.60,8.40
2009.03.17 15:04:13.156,0.92615,0.9263,6.40,8.40
2009.03.17 15:04:14.126,0.9261,0.9263,3.00,11.40
2009.03.17 15:04:14.844,0.9261,0.9263,1.60,11.40
2009.03.17 15:04:16.504,0.9261,0.9263,6.00,10.80
2009.03.17 15:04:16.914,0.9261,0.9263,10.60,8.40
2009.03.17 15:04:17.193,0.92615,0.9263,1.60,8.40
2009.03.17 15:04:17.543,0.9261,0.9263,10.60,8.40
2009.03.17 15:04:18.463,0.9261,0.9263,13.00,8.40
2009.03.17 15:04:18.793,0.92615,0.9263,1.60,8.40
2009.03.17 15:04:19.313,0.9261,0.9263,10.60,8.40
2009.03.17 15:04:19.493,0.9261,0.9263,6.40,11.40
2009.03.17 15:04:19.733,0.9261,0.9263,1.60,11.40
2009.03.17 15:04:20.013,0.9261,0.92625,1.60,1.60
2009.03.17 15:04:20.423,0.92605,0.92625,9.20,2.80
2009.03.17 15:04:21.112,0.92605,0.92625,6.40,5.80
2009.03.17 15:04:21.393,0.926,0.92615,4.60,1.60
2009.03.17 15:04:23.312,0.926,0.92625,7.60,10.40
2009.03.17 15:04:23.582,0.926,0.92615,4.60,1.60
2009.03.17 15:04:24.092,0.926,0.92615,2.80,2.80
2009.03.17 15:04:24.482,0.926,0.92615,7.60,1.60
2009.03.17 15:04:24.833,0.926,0.92625,6.00,10.00
2009.03.17 15:04:25.242,0.926,0.92625,6.00,7.60
2009.03.17 15:04:25.582,0.926,0.9262,3.00,3.00
2009.03.17 15:04:26.042,0.926,0.9262,1.40,3.00
2009.03.17 15:04:28.431,0.926,0.9262,1.60,4.20
2009.03.17 15:04:28.671,0.926,0.9262,1.60,3.00
2009.03.17 15:04:28.903,0.926,0.9262,3.00,4.60
2009.03.17 15:04:29.191,0.926,0.9262,4.60,1.60
2009.03.17 15:04:30.460,0.926,0.9262,4.60,2.40
2009.03.17 15:04:30.980,0.926,0.92615,4.60,1.00
2009.03.17 15:04:31.210,0.926,0.9263,4.60,15.60
2009.03.17 15:04:32.010,0.92605,0.92625,1.60,6.60
2009.03.17 15:04:32.230,0.926,0.92625,9.20,6.60
2009.03.17 15:04:32.530,0.92605,0.92625,1.60,5.40
2009.03.17 15:04:34.089,0.92605,0.92625,4.60,2.40
2009.03.17 15:04:34.599,0.92605,0.92625,1.60,2.40
2009.03.17 15:04:35.079,0.92595,0.9261,5.80,2.80
2009.03.17 15:04:35.589,0.926,0.9262,4.40,10.00
2009.03.17 15:04:35.939,0.926,0.92615,1.20,7.00
2009.03.17 15:04:36.179,0.9259,0.92615,3.00,7.00
2009.03.17 15:04:36.979,0.9259,0.92615,7.60,4.20
2009.03.17 15:04:37.718,0.92595,0.92615,1.40,4.20
2009.03.17 15:04:37.898,0.92595,0.92615,1.60,5.80
2009.03.17 15:04:38.529,0.92595,0.92615,1.60,5.80
2009.03.17 15:04:39.378,0.92595,0.92615,1.60,4.20
2009.03.17 15:04:39.558,0.9259,0.92615,7.60,4.40
2009.03.17 15:04:40.418,0.9259,0.92605,7.60,3.20
2009.03.17 15:04:40.688,0.92595,0.92605,1.60,4.80
2009.03.17 15:04:41.088,0.9259,0.9262,5.60,18.40
2009.03.17 15:04:41.258,0.9259,0.92615,2.20,9.40
2009.03.17 15:04:41.817,0.9259,0.92615,3.00,7.00
2009.03.17 15:04:42.407,0.92595,0.92615,1.20,8.60
2009.03.17 15:04:42.697,0.9259,0.92615,3.00,9.40
2009.03.17 15:04:42.817,0.9259,0.92615,1.40,9.40
2009.03.17 15:04:42.937,0.9259,0.9261,1.40,1.20
2009.03.17 15:04:43.117,0.9259,0.9261,1.40,1.80
2009.03.17 15:04:43.337,0.92585,0.9261,6.00,6.00
2009.03.17 15:04:43.727,0.9259,0.9261,2.20,4.60
2009.03.17 15:04:44.067,0.9259,0.9261,2.20,3.00
2009.03.17 15:04:44.307,0.9259,0.9262,4.60,16.60
2009.03.17 15:04:44.587,0.9259,0.92615,9.20,8.20
2009.03.17 15:04:44.817,0.92595,0.92615,4.60,3.40
2009.03.17 15:04:45.117,0.926,0.92625,1.00,16.20
2009.03.17 15:04:45.416,0.926,0.9262,4.60,2.40
2009.03.17 15:04:45.577,0.926,0.9263,4.60,23.20
2009.03.17 15:04:46.087,0.926,0.92625,4.60,6.80
2009.03.17 15:04:50.875,0.926,0.92625,4.60,6.60
2009.03.17 15:04:51.045,0.92605,0.92625,4.60,6.60
2009.03.17 15:04:51.265,0.9261,0.92625,1.60,6.60
2009.03.17 15:04:51.445,0.9261,0.92625,1.60,2.40
2009.03.17 15:04:54.685,0.9261,0.92625,1.60,4.00
2009.03.17 15:04:54.854,0.92605,0.92625,9.20,5.20
2009.03.17 15:04:54.965,0.92605,0.92625,9.20,4.40
2009.03.17 15:04:55.594,0.92605,0.92625,9.20,5.20
2009.03.17 15:04:57.124,0.92605,0.92625,9.20,3.40
2009.03.17 15:04:57.364,0.9261,0.92625,1.60,2.40
2009.03.17 15:04:57.594,0.9261,0.92625,1.60,2.40
2009.03.17 15:04:59.333,0.9261,0.92625,1.60,4.00
2009.03.17 15:04:59.443,0.92605,0.92625,9.20,5.20
2009.03.17 15:05:01.632,0.9261,0.9262,4.60,1.60
2009.03.17 15:05:04.622,0.92605,0.92625,6.40,5.20
2009.03.17 15:05:04.792,0.92605,0.92625,6.40,8.20
2009.03.17 15:05:07.271,0.92605,0.92625,6.40,5.20
2009.03.17 15:05:07.901,0.92605,0.92625,6.20,8.20
2009.03.17 15:05:13.920,0.92605,0.9262,4.80,1.60
2009.03.17 15:05:14.040,0.9261,0.9262,1.60,1.60
2009.03.17 15:05:14.210,0.9261,0.9263,6.20,14.60
2009.03.17 15:05:14.449,0.9261,0.92625,6.40,3.20
2009.03.17 15:05:14.680,0.9261,0.92625,1.60,6.20
2009.03.17 15:05:15.140,0.926,0.92625,6.00,7.40
2009.03.17 15:05:15.669,0.926,0.92625,4.40,11.00
2009.03.17 15:05:15.909,0.926,0.9262,4.40,1.20
2009.03.17 15:05:16.199,0.92605,0.9262,6.20,3.20
2009.03.17 15:05:16.539,0.92605,0.9262,4.60,4.60
2009.03.17 15:05:16.769,0.9261,0.9262,1.60,1.60
2009.03.17 15:05:16.939,0.9261,0.9263,6.20,18.40
2009.03.17 15:05:17.289,0.92605,0.92625,7.60,8.20
2009.03.17 15:05:17.880,0.92605,0.9262,6.20,4.60
2009.03.17 15:05:18.169,0.92605,0.9262,4.60,4.60
2009.03.17 15:05:18.569,0.92605,0.9262,6.20,1.60
2009.03.17 15:05:18.909,0.92605,0.9263,6.20,27.00
2009.03.17 15:05:19.079,0.9261,0.92625,6.20,2.40
2009.03.17 15:05:19.138,0.9261,0.92625,6.20,1.60
2009.03.17 15:05:19.818,0.92615,0.92635,6.20,25.20
2009.03.17 15:05:20.028,0.92615,0.9263,6.20,7.80
2009.03.17 15:05:20.378,0.92615,0.9263,6.20,4.80
2009.03.17 15:05:20.898,0.92615,0.9263,6.20,5.60
2009.03.17 15:05:21.248,0.9262,0.9263,6.20,3.20
2009.03.17 15:05:22.728,0.9262,0.9263,1.60,4.80
2009.03.17 15:05:22.908,0.9262,0.9263,4.60,3.20
2009.03.17 15:05:23.138,0.9262,0.9263,6.20,3.20
2009.03.17 15:05:23.428,0.92615,0.9263,1.60,4.80
2009.03.17 15:05:23.757,0.9261,0.9263,9.20,7.60
2009.03.17 15:05:24.107,0.9261,0.9263,1.60,8.40
2009.03.17 15:05:24.847,0.9261,0.9263,1.60,7.20
2009.03.17 15:05:26.607,0.9261,0.9263,1.60,8.40
2009.03.17 15:05:26.937,0.9261,0.9263,1.60,14.20
2009.03.17 15:05:27.216,0.9261,0.9263,1.60,14.00
2009.03.17 15:05:27.617,0.92605,0.9263,4.40,11.60
2009.03.17 15:05:27.906,0.92605,0.9263,4.40,14.20
2009.03.17 15:05:28.996,0.92605,0.92625,1.60,4.60
2009.03.17 15:05:29.216,0.92605,0.92625,1.40,8.60
2009.03.17 15:05:29.616,0.926,0.92625,6.00,8.60
2009.03.17 15:05:30.156,0.926,0.9262,3.00,1.60
2009.03.17 15:05:30.316,0.926,0.9262,3.00,5.80
2009.03.17 15:05:34.585,0.92605,0.9262,1.20,5.80
2009.03.17 15:05:35.056,0.92595,0.9262,17.80,5.80
2009.03.17 15:05:35.294,0.926,0.9262,4.60,5.80
2009.03.17 15:05:35.754,0.926,0.9262,6.20,5.80
2009.03.17 15:05:36.495,0.926,0.9262,1.60,5.80
2009.03.17 15:05:36.764,0.92595,0.9262,18.00,5.80
2009.03.17 15:05:41.483,0.926,0.9262,6.20,8.60
2009.03.17 15:05:42.053,0.92595,0.92615,2.80,3.00
2009.03.17 15:05:42.453,0.92595,0.92615,1.60,3.00
2009.03.17 15:05:44.042,0.92595,0.92625,1.60,32.00
2009.03.17 15:05:44.512,0.92595,0.9262,6.00,11.00
2009.03.17 15:05:44.692,0.92595,0.9262,6.00,10.20
2009.03.17 15:05:45.212,0.92595,0.9262,4.60,11.00
2009.03.17 15:05:45.392,0.92595,0.9262,1.60,11.00
2009.03.17 15:05:45.622,0.92595,0.92615,1.60,3.20
2009.03.17 15:05:45.913,0.92595,0.92615,1.60,3.00
2009.03.17 15:05:46.302,0.92595,0.92615,1.60,5.40
2009.03.17 15:05:46.992,0.926,0.9261,1.60,1.00
2009.03.17 15:05:47.352,0.926,0.92625,1.60,18.20
2009.03.17 15:05:47.752,0.926,0.92625,9.20,6.80
2009.03.17 15:05:47.921,0.92605,0.92625,1.60,6.80
2009.03.17 15:05:48.451,0.92605,0.92625,1.60,5.40
2009.03.17 15:05:48.901,0.92605,0.92625,1.60,2.40
2009.03.17 15:05:49.121,0.92605,0.92625,4.60,2.40
2009.03.17 15:05:49.301,0.92605,0.9262,4.60,1.00
2009.03.17 15:05:49.481,0.92605,0.92635,4.60,18.80
2009.03.17 15:05:55.390,0.92605,0.9263,9.20,14.20
2009.03.17 15:05:55.560,0.9261,0.9263,1.00,14.00
2009.03.17 15:05:55.919,0.92605,0.9263,4.60,11.60
2009.03.17 15:05:56.029,0.92605,0.9263,4.60,14.20
2009.03.17 15:06:04.238,0.92605,0.9263,1.60,14.20
2009.03.17 15:06:04.518,0.92605,0.92625,1.40,4.20
2009.03.17 15:06:04.867,0.926,0.92625,7.60,4.40
2009.03.17 15:06:05.037,0.926,0.92625,6.00,10.80
2009.03.17 15:06:05.267,0.926,0.92625,9.20,11.60
2009.03.17 15:06:05.437,0.92605,0.92625,1.60,10.60
2009.03.17 15:06:06.517,0.92605,0.92625,1.60,8.60
2009.03.17 15:06:06.737,0.926,0.92625,6.00,5.80
2009.03.17 15:06:06.977,0.926,0.92625,4.60,6.60
2009.03.17 15:06:07.197,0.926,0.92625,6.20,5.00
2009.03.17 15:06:07.377,0.926,0.92625,7.60,4.20
2009.03.17 15:06:07.607,0.92605,0.92635,1.60,20.00
2009.03.17 15:06:07.957,0.92605,0.92625,1.60,1.60
2009.03.17 15:06:08.246,0.92605,0.92625,1.60,2.40
2009.03.17 15:06:09.666,0.92605,0.92625,4.60,2.40
2009.03.17 15:06:11.066,0.92605,0.9262,4.60,1.00
2009.03.17 15:06:11.296,0.92605,0.92635,4.60,21.60
2009.03.17 15:06:16.105,0.9261,0.9263,1.00,11.00
2009.03.17 15:06:16.284,0.9261,0.9263,4.60,10.80
2009.03.17 15:06:16.615,0.92615,0.9263,6.20,8.40
2009.03.17 15:06:17.074,0.92615,0.9263,6.20,8.60
2009.03.17 15:06:17.195,0.92615,0.9263,6.20,6.40
2009.03.17 15:06:17.474,0.9261,0.9263,1.60,8.40
2009.03.17 15:06:18.284,0.9261,0.9263,2.40,8.40
2009.03.17 15:06:18.454,0.9261,0.9263,4.00,8.40
2009.03.17 15:06:19.144,0.9261,0.9263,1.60,8.40
2009.03.17 15:06:20.404,0.92615,0.9263,6.20,7.20
2009.03.17 15:06:20.914,0.9262,0.9263,4.60,5.60
2009.03.17 15:06:21.264,0.9262,0.9263,4.60,4.80
2009.03.17 15:06:21.613,0.92615,0.9263,1.00,4.80
2009.03.17 15:06:24.244,0.92615,0.9263,6.20,5.60
2009.03.17 15:06:24.532,0.92615,0.9263,6.20,4.80
2009.03.17 15:06:25.282,0.9261,0.9263,1.60,9.00
2009.03.17 15:06:25.563,0.92605,0.92625,25.00,3.00
2009.03.17 15:06:25.783,0.92605,0.92635,18.80,19.60
2009.03.17 15:06:26.072,0.92605,0.9263,7.00,14.20
2009.03.17 15:06:27.282,0.92615,0.9263,1.00,11.00
2009.03.17 15:06:27.502,0.9262,0.9263,4.60,9.40
2009.03.17 15:06:27.682,0.9262,0.9263,4.60,8.40
2009.03.17 15:06:28.022,0.9262,0.9263,4.60,4.80
2009.03.17 15:06:28.752,0.9261,0.9263,3.00,4.80
2009.03.17 15:06:28.872,0.9261,0.9263,1.60,4.80
2009.03.17 15:06:29.152,0.9261,0.9263,1.60,6.40
2009.03.17 15:06:29.391,0.9261,0.9263,1.60,8.40
2009.03.17 15:06:30.071,0.9261,0.9263,1.60,11.60
2009.03.17 15:06:30.301,0.9261,0.9263,1.60,14.20
2009.03.17 15:06:30.601,0.92605,0.9263,4.60,14.20
2009.03.17 15:06:32.121,0.9261,0.9263,1.00,10.80
2009.03.17 15:06:32.391,0.92615,0.9263,6.20,8.40
2009.03.17 15:06:32.621,0.92615,0.9263,6.20,6.80
2009.03.17 15:06:32.860,0.9262,0.9263,4.60,6.00
2009.03.17 15:06:33.270,0.92615,0.9263,6.20,5.60
2009.03.17 15:06:33.750,0.92615,0.9263,6.20,4.80
2009.03.17 15:06:36.000,0.92615,0.9263,1.60,4.80
2009.03.17 15:06:36.330,0.9261,0.9263,1.60,12.80
2009.03.17 15:06:36.620,0.9261,0.9263,1.60,14.20
2009.03.17 15:06:37.180,0.9261,0.9263,1.60,11.40
2009.03.17 15:06:37.929,0.9261,0.9263,1.60,14.20
2009.03.17 15:06:38.229,0.9261,0.9263,1.60,8.40
2009.03.17 15:06:38.799,0.9262,0.9263,4.60,8.40
2009.03.17 15:06:39.039,0.9262,0.9263,4.60,4.80
2009.03.17 15:06:40.719,0.92615,0.9263,6.20,4.80
2009.03.17 15:06:43.788,0.9262,0.9263,4.60,4.80
2009.03.17 15:06:47.157,0.92615,0.9263,10.60,4.80
2009.03.17 15:06:47.487,0.92615,0.9263,6.40,4.80
2009.03.17 15:06:47.727,0.92605,0.9263,19.20,10.80
2009.03.17 15:06:48.117,0.92605,0.9263,8.80,10.60
2009.03.17 15:06:48.357,0.9261,0.9263,1.60,7.20
2009.03.17 15:06:48.527,0.9261,0.9263,1.60,8.40
2009.03.17 15:06:48.867,0.92605,0.9263,7.00,14.20
2009.03.17 15:06:49.557,0.92605,0.9263,7.00,11.40
2009.03.17 15:06:49.947,0.9261,0.9263,1.60,8.40
2009.03.17 15:06:50.186,0.9261,0.9263,1.60,8.60
2009.03.17 15:06:50.416,0.9261,0.9263,1.60,10.60
2009.03.17 15:06:51.246,0.9261,0.92625,1.60,1.60
2009.03.17 15:06:51.546,0.9261,0.92625,1.60,2.40
2009.03.17 15:06:52.036,0.9261,0.92625,1.60,2.40
2009.03.17 15:06:52.616,0.9261,0.92625,1.60,1.60
2009.03.17 15:06:53.436,0.9261,0.92625,1.60,1.60
2009.03.17 15:06:54.025,0.9261,0.92635,1.60,31.80
2009.03.17 15:06:54.535,0.9261,0.9263,1.60,10.80
2009.03.17 15:06:54.885,0.9261,0.9263,6.40,8.40
2009.03.17 15:06:55.585,0.9261,0.9263,1.60,13.00
2009.03.17 15:06:56.045,0.92605,0.9263,4.60,14.20
2009.03.17 15:06:56.435,0.9261,0.9263,1.60,14.20
2009.03.17 15:06:56.615,0.9261,0.9263,1.60,12.80
2009.03.17 15:06:56.885,0.9261,0.9263,1.60,11.60
2009.03.17 15:06:58.815,0.9261,0.9263,1.60,11.40
2009.03.17 15:06:58.934,0.9261,0.9263,1.60,8.40
2009.03.17 15:06:59.104,0.9261,0.9263,6.40,8.40
2009.03.17 15:06:59.554,0.9261,0.9263,1.60,11.60
2009.03.17 15:07:00.174,0.9261,0.9263,1.60,14.20
2009.03.17 15:07:00.524,0.92605,0.92625,4.60,1.80
2009.03.17 15:07:00.874,0.9261,0.92635,6.40,20.00
2009.03.17 15:07:01.613,0.9261,0.9263,1.60,11.60
2009.03.17 15:07:03.153,0.92605,0.92625,4.60,1.80
2009.03.17 15:07:05.243,0.92605,0.9262,4.40,1.60
2009.03.17 15:07:05.363,0.926,0.9262,12.20,1.60
2009.03.17 15:07:07.182,0.9261,0.9262,4.60,1.60
2009.03.17 15:07:07.462,0.92605,0.9262,3.00,1.60
2009.03.17 15:07:07.732,0.92605,0.9262,1.60,1.60
2009.03.17 15:07:08.132,0.92605,0.9262,4.40,1.60
2009.03.17 15:07:08.362,0.92605,0.9263,4.60,17.60
2009.03.17 15:07:11.191,0.92605,0.9262,1.60,3.00
2009.03.17 15:07:11.361,0.92605,0.9263,1.60,14.40
2009.03.17 15:07:11.721,0.926,0.9262,3.00,5.80
2009.03.17 15:07:12.411,0.92605,0.9263,6.40,18.60
2009.03.17 15:07:12.881,0.92605,0.92625,1.60,5.80
2009.03.17 15:07:13.231,0.92605,0.92635,4.60,18.40
2009.03.17 15:07:13.391,0.92605,0.9263,4.60,15.40
2009.03.17 15:07:13.711,0.92605,0.9263,4.60,14.20
2009.03.17 15:07:14.061,0.9261,0.92625,1.60,2.40
2009.03.17 15:07:15.740,0.9261,0.92625,6.40,2.40
2009.03.17 15:07:16.230,0.92605,0.92625,1.60,5.40
2009.03.17 15:07:17.130,0.9261,0.92625,1.60,2.40
2009.03.17 15:07:17.480,0.9261,0.92625,1.60,5.40
2009.03.17 15:07:17.820,0.92605,0.92625,3.00,3.40
2009.03.17 15:07:18.169,0.9261,0.92625,1.60,3.40
2009.03.17 15:07:19.369,0.92605,0.92625,4.40,6.60
2009.03.17 15:07:19.489,0.9261,0.92625,1.60,2.40
2009.03.17 15:07:19.999,0.9261,0.92625,1.60,2.40
2009.03.17 15:07:20.379,0.92605,0.92635,4.60,30.40
2009.03.17 15:07:20.779,0.9261,0.9263,1.60,8.40
2009.03.17 15:07:22.759,0.92615,0.9263,6.20,8.40
2009.03.17 15:07:23.108,0.9261,0.9263,4.40,7.20
2009.03.17 15:07:23.508,0.9261,0.9263,4.40,10.60
2009.03.17 15:07:23.798,0.9261,0.92625,1.40,2.40
2009.03.17 15:07:24.028,0.92605,0.92625,1.40,5.40
2009.03.17 15:07:24.368,0.92605,0.9262,1.40,1.60
2009.03.17 15:07:24.818,0.926,0.9262,4.40,2.40
2009.03.17 15:07:25.108,0.926,0.92615,4.40,1.00
2009.03.17 15:07:25.338,0.926,0.9263,4.40,17.20
2009.03.17 15:07:25.878,0.926,0.9262,4.40,3.20
2009.03.17 15:07:26.158,0.926,0.9262,9.20,1.60
2009.03.17 15:07:26.508,0.926,0.9262,9.20,4.00
2009.03.17 15:07:27.867,0.926,0.92615,10.60,1.00
2009.03.17 15:07:27.917,0.92605,0.9263,1.60,18.40
2009.03.17 15:07:28.147,0.926,0.92625,4.60,6.80
2009.03.17 15:07:28.437,0.926,0.92625,9.20,6.80
2009.03.17 15:07:28.497,0.926,0.9262,9.20,1.60
2009.03.17 15:07:28.557,0.92605,0.9262,3.00,1.60
2009.03.17 15:07:28.717,0.92605,0.9262,1.40,2.40
2009.03.17 15:07:28.777,0.926,0.9262,4.60,2.40
2009.03.17 15:07:30.986,0.92605,0.92615,1.40,1.00
2009.03.17 15:07:31.377,0.926,0.9263,4.40,17.20
2009.03.17 15:07:37.335,0.926,0.9262,4.40,2.40
2009.03.17 15:07:38.135,0.926,0.9262,1.60,2.40
2009.03.17 15:07:38.245,0.926,0.9262,4.60,2.40
2009.03.17 15:07:38.535,0.92605,0.9262,1.60,2.40
2009.03.17 15:07:40.634,0.926,0.9262,4.60,3.40
2009.03.17 15:07:42.894,0.926,0.9262,9.20,3.40
2009.03.17 15:07:43.074,0.92605,0.9262,1.60,2.40
2009.03.17 15:07:43.453,0.92605,0.9262,1.60,2.40
2009.03.17 15:07:47.353,0.9261,0.92615,6.20,1.00
2009.03.17 15:07:47.702,0.92605,0.9263,3.00,29.20
2009.03.17 15:07:48.052,0.92605,0.92625,1.60,23.40
2009.03.17 15:07:48.402,0.92605,0.92625,1.60,21.80
2009.03.17 15:07:48.682,0.92605,0.92625,1.60,11.40
2009.03.17 15:07:54.991,0.92605,0.92625,9.20,8.40
2009.03.17 15:07:55.331,0.92605,0.92625,1.60,11.40
2009.03.17 15:07:56.020,0.92605,0.9262,1.00,5.80
2009.03.17 15:07:56.490,0.926,0.9262,4.60,6.60
2009.03.17 15:07:56.910,0.926,0.9262,4.60,3.40
2009.03.17 15:08:01.889,0.926,0.9262,4.60,2.60
2009.03.17 15:08:02.419,0.926,0.9262,4.60,1.80
2009.03.17 15:08:04.208,0.926,0.9262,1.60,1.80
2009.03.17 15:08:04.429,0.92595,0.9262,25.00,5.80
2009.03.17 15:08:04.598,0.92595,0.9262,23.60,6.60
2009.03.17 15:08:04.898,0.92595,0.9262,10.80,6.60
2009.03.17 15:08:05.308,0.926,0.9262,3.00,1.80
2009.03.17 15:08:05.688,0.92605,0.92615,1.60,1.00
2009.03.17 15:08:05.978,0.92605,0.92625,1.60,23.40
2009.03.17 15:08:10.207,0.92595,0.9262,11.60,8.20
2009.03.17 15:08:10.387,0.92595,0.9262,9.20,8.20
2009.03.17 15:08:11.017,0.9259,0.92605,9.20,4.80
2009.03.17 15:08:11.357,0.926,0.92625,1.60,30.20
2009.03.17 15:08:11.707,0.92595,0.9262,4.60,14.80
2009.03.17 15:08:12.157,0.926,0.9262,11.60,8.40
2009.03.17 15:08:12.497,0.926,0.9262,11.60,7.20
2009.03.17 15:08:15.176,0.926,0.9262,7.00,7.20
2009.03.17 15:08:15.516,0.926,0.9262,6.80,10.20
2009.03.17 15:08:15.576,0.926,0.9262,10.00,7.20
2009.03.17 15:08:15.736,0.926,0.9262,1.60,7.20
2009.03.17 15:08:15.906,0.926,0.9262,1.60,11.40
2009.03.17 15:08:16.375,0.926,0.92615,1.60,1.60
2009.03.17 15:08:16.526,0.926,0.92615,1.60,2.40
2009.03.17 15:08:19.435,0.9259,0.92615,13.00,6.80
2009.03.17 15:08:19.675,0.9259,0.92615,10.20,6.80
2009.03.17 15:08:19.895,0.92595,0.92615,1.60,5.60
2009.03.17 15:08:20.125,0.9259,0.92615,1.60,6.80
2009.03.17 15:08:20.244,0.9259,0.9261,1.60,1.60
2009.03.17 15:08:20.595,0.926,0.9262,6.20,15.60
2009.03.17 15:08:21.054,0.926,0.9262,1.60,11.60
2009.03.17 15:08:21.684,0.926,0.92615,1.60,2.40
2009.03.17 15:08:21.964,0.926,0.92625,1.60,34.80
2009.03.17 15:08:22.364,0.9261,0.9262,1.60,1.60
2009.03.17 15:08:22.545,0.92605,0.9262,6.40,1.60
2009.03.17 15:08:22.774,0.9261,0.9263,1.60,14.40
2009.03.17 15:08:22.995,0.9261,0.9262,3.80,1.60
2009.03.17 15:08:23.164,0.92605,0.9262,8.60,1.60
2009.03.17 15:08:23.394,0.92605,0.9262,1.60,10.20
2009.03.17 15:08:23.564,0.92605,0.9262,1.00,11.60
2009.03.17 15:08:23.904,0.92595,0.9262,10.80,11.60
2009.03.17 15:08:24.083,0.92595,0.9262,7.00,11.60
2009.03.17 15:08:24.863,0.92595,0.9262,4.00,11.60
2009.03.17 15:08:26.393,0.92595,0.9262,15.60,11.40
2009.03.17 15:08:26.913,0.926,0.9262,1.60,10.20
2009.03.17 15:08:27.253,0.926,0.9262,1.60,10.20
2009.03.17 15:08:28.163,0.926,0.9262,4.00,10.20
2009.03.17 15:08:28.732,0.926,0.9262,4.00,7.20
2009.03.17 15:08:28.913,0.926,0.9262,1.60,7.20
2009.03.17 15:08:29.302,0.926,0.9262,1.60,10.20
2009.03.17 15:08:30.052,0.926,0.9261,1.60,1.60
2009.03.17 15:08:30.272,0.92595,0.9261,10.20,4.80
2009.03.17 15:08:30.682,0.926,0.9261,6.40,3.20
2009.03.17 15:08:31.632,0.92605,0.92625,4.60,20.20
2009.03.17 15:08:31.922,0.92605,0.9262,6.20,6.80
2009.03.17 15:08:32.102,0.92605,0.9262,6.20,5.20
2009.03.17 15:08:32.282,0.92605,0.9262,6.20,2.60
2009.03.17 15:08:32.442,0.92605,0.9262,6.20,1.60
2009.03.17 15:08:32.901,0.92605,0.9262,6.40,1.60
2009.03.17 15:08:33.081,0.9261,0.9262,1.60,1.60
2009.03.17 15:08:35.421,0.92605,0.9262,6.40,1.60
2009.03.17 15:08:36.231,0.9261,0.9262,6.20,1.60
2009.03.17 15:08:37.370,0.9261,0.9262,6.40,1.60
2009.03.17 15:08:37.821,0.92615,0.9262,6.20,1.60
2009.03.17 15:08:38.281,0.9262,0.92635,1.60,34.20
2009.03.17 15:08:38.451,0.9262,0.9263,1.60,6.80
2009.03.17 15:08:38.570,0.9262,0.9263,1.60,4.80
2009.03.17 15:08:38.730,0.9261,0.9263,12.40,5.60
2009.03.17 15:08:38.890,0.92615,0.9263,1.60,5.60
2009.03.17 15:08:39.420,0.9262,0.9263,1.60,5.60
2009.03.17 15:08:39.720,0.9262,0.9263,1.60,3.20
2009.03.17 15:08:39.940,0.9262,0.9263,6.20,4.80
2009.03.17 15:08:40.230,0.9262,0.9263,1.60,4.80
2009.03.17 15:08:41.040,0.92615,0.9263,1.60,4.80
2009.03.17 15:08:42.429,0.92615,0.9263,9.20,4.80
2009.03.17 15:08:42.669,0.9262,0.9263,1.60,4.80
2009.03.17 15:08:44.039,0.9262,0.9263,6.40,3.20
2009.03.17 15:08:45.918,0.92625,0.9263,4.60,3.20
2009.03.17 15:08:46.138,0.92625,0.9264,6.20,8.20
2009.03.17 15:08:46.368,0.92625,0.9264,6.40,4.80
2009.03.17 15:08:46.588,0.92625,0.9264,4.80,7.20
2009.03.17 15:08:46.828,0.92625,0.9264,6.40,4.80
2009.03.17 15:08:47.748,0.92625,0.9264,7.80,4.80
2009.03.17 15:08:48.098,0.92625,0.9264,6.40,4.80
2009.03.17 15:08:49.527,0.92625,0.9264,9.20,4.80
2009.03.17 15:08:49.687,0.9263,0.9264,6.20,4.80
2009.03.17 15:08:49.987,0.9263,0.9264,1.60,4.80
2009.03.17 15:08:50.097,0.92625,0.9264,6.40,4.80
2009.03.17 15:08:50.997,0.92635,0.9265,6.20,21.20
2009.03.17 15:08:51.407,0.9263,0.9264,8.60,4.80
2009.03.17 15:08:51.577,0.9263,0.9264,6.20,4.80
2009.03.17 15:08:52.028,0.9263,0.9264,1.60,4.80
2009.03.17 15:08:52.257,0.92625,0.9264,8.80,4.80
2009.03.17 15:08:52.746,0.92625,0.9264,1.60,4.80
2009.03.17 15:08:53.036,0.9262,0.9264,10.60,6.00
2009.03.17 15:08:53.476,0.92615,0.92635,13.80,1.60
2009.03.17 15:08:53.656,0.92615,0.92635,10.40,9.00
2009.03.17 15:08:53.816,0.92615,0.92635,15.20,7.80
2009.03.17 15:08:53.986,0.92615,0.92635,16.40,4.80
2009.03.17 15:08:54.276,0.92615,0.92635,9.20,4.80
2009.03.17 15:08:54.436,0.9262,0.92635,1.60,4.80
2009.03.17 15:08:54.606,0.9262,0.92635,1.60,4.80
2009.03.17 15:08:54.956,0.9262,0.92645,1.60,18.80
2009.03.17 15:08:55.305,0.92615,0.9263,6.20,4.80
2009.03.17 15:08:55.645,0.92615,0.9263,1.60,4.80
2009.03.17 15:08:55.885,0.9261,0.9263,5.40,6.40
2009.03.17 15:08:56.055,0.9261,0.9263,4.60,7.20
2009.03.17 15:08:56.225,0.92615,0.9263,2.80,7.20
2009.03.17 15:08:56.446,0.9262,0.9263,1.60,5.60
2009.03.17 15:08:56.725,0.9262,0.9263,6.20,6.40
2009.03.17 15:08:59.005,0.9262,0.9263,4.60,6.40
2009.03.17 15:09:02.034,0.9262,0.9263,4.80,4.80
2009.03.17 15:09:02.144,0.9262,0.9263,6.40,4.80
2009.03.17 15:09:02.764,0.92625,0.9263,6.20,1.60
2009.03.17 15:09:03.623,0.92625,0.9263,8.80,1.60
2009.03.17 15:09:03.853,0.92635,0.9265,1.40,3.90
2009.03.17 15:09:04.763,0.92635,0.9265,6.20,2.50
2009.03.17 15:09:07.332,0.92635,0.9267,6.20,15.60
2009.03.17 15:09:07.722,0.92635,0.92665,6.20,5.60
2009.03.17 15:09:07.954,0.92635,0.92665,6.20,8.40
2009.03.17 15:09:08.532,0.92635,0.9265,6.20,6.40
2009.03.17 15:09:08.762,0.92635,0.9265,6.20,7.20
2009.03.17 15:09:09.212,0.9264,0.9265,4.60,2.40
2009.03.17 15:09:09.602,0.9264,0.9265,4.60,1.60
2009.03.17 15:09:09.772,0.92645,0.9265,4.60,1.60
2009.03.17 15:09:09.952,0.92645,0.9265,1.60,1.60
2009.03.17 15:09:10.252,0.9264,0.9265,6.20,1.60
2009.03.17 15:09:12.092,0.92645,0.9265,4.60,1.60
2009.03.17 15:09:12.321,0.9264,0.9265,6.20,1.60
2009.03.17 15:09:14.891,0.9264,0.9265,4.60,1.60
2009.03.17 15:09:15.361,0.92635,0.9265,16.60,1.60
2009.03.17 15:09:15.881,0.9263,0.9265,2.80,5.80
2009.03.17 15:09:16.281,0.9263,0.9265,2.80,7.40
2009.03.17 15:09:16.611,0.9263,0.9265,3.20,11.40
2009.03.17 15:09:17.030,0.9263,0.9265,1.60,11.40
2009.03.17 15:09:17.670,0.92635,0.9265,6.20,7.20
2009.03.17 15:09:18.430,0.92635,0.9265,8.60,6.40
2009.03.17 15:09:19.020,0.92635,0.9265,7.80,6.40
2009.03.17 15:09:19.139,0.92635,0.9265,6.20,6.40
2009.03.17 15:09:21.939,0.92635,0.9265,6.40,6.40
2009.03.17 15:09:22.049,0.92635,0.9265,7.80,6.40
2009.03.17 15:09:23.089,0.92635,0.9265,6.20,6.40
2009.03.17 15:09:29.177,0.92635,0.9265,9.20,6.40
2009.03.17 15:09:31.157,0.9264,0.9265,5.40,1.60
2009.03.17 15:09:31.597,0.92635,0.9265,9.80,6.40
2009.03.17 15:09:35.376,0.9264,0.9265,1.60,6.40
2009.03.17 15:09:36.815,0.92635,0.9265,9.20,6.40
2009.03.17 15:09:41.345,0.92635,0.9265,7.80,6.40
2009.03.17 15:09:42.334,0.92635,0.9265,6.20,6.40
2009.03.17 15:09:44.384,0.92635,0.9265,4.60,7.20
2009.03.17 15:09:44.843,0.9263,0.9265,8.40,7.20
2009.03.17 15:09:45.004,0.9263,0.9265,6.80,11.40
2009.03.17 15:09:45.393,0.92625,0.9265,24.60,11.40
2009.03.17 15:09:45.733,0.9263,0.92645,5.60,1.80
2009.03.17 15:09:46.193,0.9263,0.92655,5.60,30.80
2009.03.17 15:09:46.313,0.92635,0.9265,1.00,11.40
2009.03.17 15:09:46.603,0.9263,0.9265,1.60,11.40
2009.03.17 15:09:46.723,0.9263,0.92645,2.40,1.80
2009.03.17 15:09:47.003,0.9263,0.92655,2.40,30.80
2009.03.17 15:09:47.463,0.92635,0.9265,4.60,10.20
2009.03.17 15:09:47.813,0.92635,0.9265,4.60,7.20
2009.03.17 15:09:50.212,0.92635,0.9265,6.20,7.20
2009.03.17 15:09:51.652,0.92635,0.9265,1.60,7.20
2009.03.17 15:09:51.872,0.9263,0.9265,2.40,11.40
2009.03.17 15:09:52.282,0.92635,0.9265,1.60,9.80
2009.03.17 15:09:52.512,0.92645,0.9265,4.60,5.00
2009.03.17 15:09:52.692,0.9264,0.9265,9.20,1.60
2009.03.17 15:09:52.852,0.92645,0.9265,4.20,1.60
2009.03.17 15:09:53.022,0.9264,0.9265,6.40,2.80
2009.03.17 15:09:53.142,0.9263,0.9265,9.20,2.80
2009.03.17 15:09:53.321,0.9263,0.9264,6.00,4.80
2009.03.17 15:09:53.481,0.9263,0.9264,10.60,3.20
2009.03.17 15:09:53.602,0.9263,0.9265,10.60,8.80
2009.03.17 15:09:53.781,0.9263,0.9265,4.60,3.60
2009.03.17 15:09:53.951,0.9263,0.9265,9.20,3.60
2009.03.17 15:09:54.061,0.9263,0.9265,10.80,2.40
2009.03.17 15:09:54.401,0.9263,0.9265,8.00,4.60
2009.03.17 15:09:55.081,0.9263,0.9265,1.60,6.60
2009.03.17 15:09:55.301,0.9263,0.9265,5.60,8.20
2009.03.17 15:09:55.921,0.9263,0.9265,5.60,6.60
2009.03.17 15:09:56.372,0.9263,0.9265,5.60,5.80
2009.03.17 15:09:56.651,0.92635,0.9264,1.60,4.20
2009.03.17 15:09:57.071,0.9264,0.92655,4.60,11.40
2009.03.17 15:09:57.351,0.9263,0.9265,5.60,2.80
2009.03.17 15:09:57.630,0.9263,0.9265,11.60,2.80
2009.03.17 15:09:58.200,0.92635,0.9264,4.60,3.20
2009.03.17 15:09:58.430,0.92635,0.9264,2.40,3.20
2009.03.17 15:09:58.660,0.9264,0.92655,1.00,5.80
2009.03.17 15:09:58.890,0.92635,0.92665,4.60,36.80
2009.03.17 15:09:59.050,0.92635,0.9266,4.60,11.60
2009.03.17 15:09:59.380,0.92635,0.9266,6.20,11.60
2009.03.17 15:09:59.500,0.92635,0.9266,7.00,11.60
2009.03.17 15:10:00.200,0.9264,0.92645,1.20,3.20
2009.03.17 15:10:00.540,0.9264,0.92665,4.60,13.60
2009.03.17 15:10:00.880,0.9264,0.92665,6.20,9.00
2009.03.17 15:10:01.429,0.92645,0.9266,1.00,6.00
2009.03.17 15:10:01.610,0.92645,0.9266,3.60,4.80
2009.03.17 15:10:01.789,0.9264,0.9266,10.00,8.40
2009.03.17 15:10:01.959,0.92645,0.9265,3.00,4.80
2009.03.17 15:10:02.250,0.92635,0.9265,14.80,4.80
2009.03.17 15:10:02.539,0.92635,0.9265,10.00,4.80
2009.03.17 15:10:02.829,0.92635,0.9265,11.60,4.80
2009.03.17 15:10:03.429,0.92635,0.9265,10.80,4.80
2009.03.17 15:10:03.609,0.92635,0.9265,9.20,4.80
2009.03.17 15:10:04.319,0.9265,0.92655,4.60,4.10
2009.03.17 15:10:04.549,0.9264,0.92665,9.20,19.20
2009.03.17 15:10:04.839,0.9264,0.9266,7.80,9.20
2009.03.17 15:10:05.009,0.9264,0.9266,4.60,9.20
2009.03.17 15:10:06.158,0.9264,0.92655,4.60,2.80
2009.03.17 15:10:06.458,0.92635,0.92655,15.00,1.80
2009.03.17 15:10:06.678,0.92635,0.92655,7.00,1.80
2009.03.17 15:10:06.908,0.92635,0.92655,4.60,1.80
2009.03.17 15:10:07.828,0.92635,0.92655,7.00,1.80
2009.03.17 15:10:08.638,0.9264,0.92655,4.60,1.80
2009.03.17 15:10:08.808,0.92635,0.92655,23.40,1.80
2009.03.17 15:10:11.257,0.92635,0.92665,23.40,16.60
2009.03.17 15:10:11.497,0.9264,0.9266,4.60,11.60
2009.03.17 15:10:11.717,0.9264,0.9266,4.60,10.80
2009.03.17 15:10:12.747,0.9264,0.92655,4.60,1.00
2009.03.17 15:10:13.877,0.9264,0.92655,4.60,2.80
2009.03.17 15:10:17.985,0.9264,0.92655,4.60,1.60
2009.03.17 15:10:18.207,0.9264,0.92655,4.60,2.00
2009.03.17 15:10:18.375,0.9264,0.92665,4.60,21.40
2009.03.17 15:10:19.635,0.9264,0.92655,4.60,2.80
2009.03.17 15:10:19.745,0.9264,0.92655,8.60,2.00
2009.03.17 15:10:19.965,0.9265,0.92655,4.60,1.00
2009.03.17 15:10:20.085,0.9265,0.92665,4.60,11.60
2009.03.17 15:10:20.655,0.9265,0.9266,4.60,4.80
2009.03.17 15:10:22.914,0.92655,0.9267,4.60,20.80
2009.03.17 15:10:23.144,0.92655,0.92665,4.60,3.20
2009.03.17 15:10:23.424,0.9266,0.92675,4.60,16.60
2009.03.17 15:10:23.604,0.9266,0.92675,4.60,9.00
2009.03.17 15:10:23.834,0.9266,0.92675,4.60,5.80
2009.03.17 15:10:24.414,0.9266,0.9267,4.60,3.00
2009.03.17 15:10:24.704,0.9266,0.92665,4.60,3.20
2009.03.17 15:10:24.884,0.92655,0.9266,10.40,1.60
2009.03.17 15:10:25.184,0.9265,0.9266,4.60,1.60
2009.03.17 15:10:26.914,0.92645,0.9266,26.80,1.60
2009.03.17 15:10:27.174,0.9265,0.9266,4.60,3.60
2009.03.17 15:10:27.414,0.9265,0.92655,4.60,1.00
2009.03.17 15:10:27.643,0.92645,0.92655,3.80,1.80
2009.03.17 15:10:27.993,0.92645,0.9265,1.80,2.80
2009.03.17 15:10:28.393,0.9264,0.9265,1.00,6.00
2009.03.17 15:10:28.813,0.9263,0.9265,12.60,2.80
2009.03.17 15:10:29.223,0.92645,0.9265,4.60,1.00
2009.03.17 15:10:29.563,0.92645,0.9266,4.60,11.80
2009.03.17 15:10:29.793,0.92645,0.92655,4.60,5.80
2009.03.17 15:10:30.083,0.9264,0.92655,6.40,5.60
2009.03.17 15:10:30.413,0.92645,0.92655,4.60,1.60
2009.03.17 15:10:31.092,0.92645,0.92665,4.60,14.40
2009.03.17 15:10:31.332,0.9265,0.9266,4.60,4.80
2009.03.17 15:10:31.672,0.9265,0.9266,4.60,3.20
2009.03.17 15:10:34.762,0.9265,0.9266,4.60,4.80
2009.03.17 15:10:35.511,0.9265,0.9266,4.60,6.00
2009.03.17 15:10:35.851,0.9265,0.9266,4.60,4.80
2009.03.17 15:10:36.241,0.9265,0.9266,4.60,3.20
2009.03.17 15:10:37.921,0.9265,0.9267,4.60,12.60
2009.03.17 15:10:40.800,0.9265,0.9266,4.60,1.60
2009.03.17 15:10:47.339,0.9265,0.9266,4.60,4.60
2009.03.17 15:10:47.678,0.92645,0.9266,7.60,5.80
2009.03.17 15:10:47.958,0.9264,0.92645,12.00,1.60
2009.03.17 15:10:48.288,0.9264,0.92655,6.60,2.20
2009.03.17 15:10:48.458,0.9264,0.92665,6.60,20.00
2009.03.17 15:10:48.808,0.92635,0.92655,4.60,2.60
2009.03.17 15:10:49.098,0.92635,0.92655,1.60,6.60
2009.03.17 15:10:49.438,0.92635,0.92655,3.20,4.20
2009.03.17 15:10:49.728,0.9264,0.92665,4.60,30.20
2009.03.17 15:10:50.368,0.92635,0.92655,1.60,1.20
2009.03.17 15:10:50.698,0.92635,0.92655,1.60,4.40
2009.03.17 15:10:51.028,0.9263,0.9265,16.20,1.60
2009.03.17 15:10:52.407,0.9263,0.9265,13.20,1.80
2009.03.17 15:10:52.577,0.9263,0.92645,4.40,1.00
2009.03.17 15:10:52.747,0.92625,0.92655,15.40,12.20
2009.03.17 15:10:52.977,0.92625,0.92645,15.40,3.00
2009.03.17 15:10:53.377,0.92625,0.92645,14.00,3.00
2009.03.17 15:10:53.727,0.92625,0.92645,12.40,4.20
2009.03.17 15:10:53.897,0.92625,0.92655,15.40,16.80
2009.03.17 15:10:54.007,0.92625,0.9265,15.40,6.80
2009.03.17 15:10:54.807,0.92625,0.92645,15.40,1.80
2009.03.17 15:10:54.977,0.92625,0.92645,13.80,4.20
2009.03.17 15:10:55.266,0.92625,0.92645,12.40,4.20
2009.03.17 15:10:55.886,0.92625,0.92645,10.80,4.20
2009.03.17 15:10:56.566,0.9263,0.92645,4.20,5.80
2009.03.17 15:10:56.946,0.9263,0.9264,4.20,1.00
2009.03.17 15:10:57.996,0.92625,0.9264,10.80,1.00
2009.03.17 15:10:58.346,0.92625,0.9265,10.80,10.80
2009.03.17 15:10:59.825,0.92625,0.92645,13.80,5.80
2009.03.17 15:11:01.965,0.92625,0.9264,13.80,1.00
2009.03.17 15:11:02.205,0.92625,0.9264,13.80,1.00
2009.03.17 15:11:02.445,0.9263,0.9264,2.60,1.00
2009.03.17 15:11:02.675,0.9263,0.9264,1.20,1.00
2009.03.17 15:11:03.304,0.9263,0.92635,1.20,1.00
2009.03.17 15:11:03.704,0.9263,0.92645,1.20,10.40
2009.03.17 15:11:06.164,0.92625,0.9265,24.20,9.60
2009.03.17 15:11:07.064,0.9263,0.92645,2.60,5.00
2009.03.17 15:11:07.464,0.9263,0.9264,1.20,1.00
2009.03.17 15:11:09.443,0.9263,0.92635,1.20,1.60
2009.03.17 15:11:09.673,0.92625,0.92645,15.40,9.00
2009.03.17 15:11:09.793,0.92625,0.9264,15.40,1.00
2009.03.17 15:11:09.903,0.9263,0.9265,1.20,14.00
2009.03.17 15:11:10.603,0.92635,0.92645,1.00,1.00
2009.03.17 15:11:11.063,0.9263,0.92655,2.40,11.60
2009.03.17 15:11:11.333,0.9263,0.9265,2.40,4.40
2009.03.17 15:11:11.553,0.9263,0.9265,3.00,4.40
2009.03.17 15:11:11.782,0.9263,0.9265,3.00,1.60
2009.03.17 15:11:12.012,0.9263,0.9265,2.80,4.60
2009.03.17 15:11:12.413,0.92625,0.9265,28.80,5.80
2009.03.17 15:11:12.712,0.92625,0.9265,28.80,6.00
2009.03.17 15:11:13.682,0.92625,0.9265,28.80,5.80
2009.03.17 15:11:13.922,0.9263,0.9265,2.60,5.80
2009.03.17 15:11:14.212,0.92625,0.9265,28.80,9.20
2009.03.17 15:11:14.322,0.92625,0.9265,27.40,10.00
2009.03.17 15:11:14.542,0.92625,0.9265,15.40,10.00
2009.03.17 15:11:15.002,0.92625,0.9265,15.40,11.60
2009.03.17 15:11:15.351,0.92625,0.92645,15.40,1.80
2009.03.17 15:11:17.121,0.92625,0.92645,15.20,4.20
2009.03.17 15:11:17.351,0.9263,0.92635,1.20,1.60
2009.03.17 15:11:17.761,0.92625,0.9265,10.80,20.80
2009.03.17 15:11:18.061,0.92625,0.92645,15.40,1.80
2009.03.17 15:11:19.021,0.9263,0.92645,2.80,1.80
2009.03.17 15:11:19.131,0.9263,0.92645,2.40,1.80
2009.03.17 15:11:19.361,0.9263,0.92645,1.60,1.80
2009.03.17 15:11:19.461,0.9263,0.92655,1.20,29.20
2009.03.17 15:11:19.520,0.92625,0.9265,21.80,10.00
2009.03.17 15:11:19.751,0.92625,0.9265,13.80,10.00
2009.03.17 15:11:20.041,0.92625,0.9265,15.40,10.00
2009.03.17 15:11:20.480,0.92625,0.92645,15.40,4.60
2009.03.17 15:11:20.870,0.92625,0.92645,10.80,9.00
2009.03.17 15:11:21.900,0.92625,0.92645,13.80,9.00
2009.03.17 15:11:22.020,0.92625,0.92645,13.80,4.20
2009.03.17 15:11:22.140,0.92625,0.92645,13.80,1.80
2009.03.17 15:11:22.430,0.92625,0.92655,13.80,32.00
2009.03.17 15:11:23.520,0.92625,0.9265,10.80,14.20
2009.03.17 15:11:24.360,0.92625,0.9264,10.80,1.00
2009.03.17 15:11:24.639,0.9263,0.9264,1.20,1.00
2009.03.17 15:11:38.966,0.9262,0.9264,9.40,1.00
2009.03.17 15:11:39.876,0.9262,0.9264,7.80,4.20
2009.03.17 15:11:39.936,0.9262,0.9264,7.80,6.00
2009.03.17 15:11:39.995,0.9262,0.9264,6.20,6.00
2009.03.17 15:11:40.805,0.9262,0.9264,6.20,9.20
2009.03.17 15:11:43.605,0.9262,0.9264,4.60,9.20
2009.03.17 15:11:53.003,0.9262,0.9264,6.20,4.20
2009.03.17 15:11:54.162,0.9262,0.9264,7.80,4.20
2009.03.17 15:12:02.560,0.9262,0.9264,9.40,4.20
2009.03.17 15:12:03.580,0.9262,0.9263,9.40,1.60
2009.03.17 15:12:03.810,0.9262,0.9263,7.60,1.60
2009.03.17 15:12:04.350,0.9262,0.9263,6.20,1.60
2009.03.17 15:12:05.239,0.9262,0.9263,4.60,1.60
2009.03.17 15:12:08.029,0.9262,0.9264,6.20,9.00
2009.03.17 15:12:08.389,0.9262,0.92635,4.80,1.00
2009.03.17 15:12:09.489,0.9262,0.92635,4.60,5.80
2009.03.17 15:12:10.058,0.9262,0.92635,4.60,2.80
2009.03.17 15:12:10.558,0.9262,0.92635,4.60,9.00
2009.03.17 15:12:11.548,0.9262,0.92635,4.60,6.00
2009.03.17 15:12:14.177,0.9262,0.92635,4.60,4.80
2009.03.17 15:12:14.287,0.9262,0.92635,4.60,1.60
2009.03.17 15:12:14.517,0.9262,0.92635,4.60,2.80
2009.03.17 15:12:14.797,0.9262,0.92635,4.60,1.00
2009.03.17 15:12:18.316,0.92615,0.9263,24.80,6.00
2009.03.17 15:12:18.486,0.92615,0.9263,21.80,2.80
2009.03.17 15:12:18.666,0.92615,0.9263,11.40,2.80
2009.03.17 15:12:19.106,0.92615,0.92625,11.40,1.60
2009.03.17 15:12:19.276,0.92615,0.92635,11.40,10.20
2009.03.17 15:12:19.956,0.92615,0.9263,11.00,2.80
2009.03.17 15:12:20.436,0.9262,0.9264,4.60,16.20
2009.03.17 15:12:20.776,0.92615,0.9263,11.00,5.80
2009.03.17 15:12:21.416,0.9262,0.9263,4.60,3.80
2009.03.17 15:12:21.756,0.9262,0.9264,4.60,16.20
2009.03.17 15:12:26.124,0.9262,0.92635,4.60,13.40
2009.03.17 15:12:26.365,0.9262,0.92625,1.20,1.60
2009.03.17 15:12:26.534,0.9262,0.92625,4.20,2.80
2009.03.17 15:12:27.174,0.9262,0.92625,4.20,2.30
2009.03.17 15:12:27.824,0.9262,0.92625,4.20,4.50
2009.03.17 15:12:32.233,0.92615,0.9262,3.40,1.80
2009.03.17 15:12:32.743,0.9262,0.92625,1.00,6.80
2009.03.17 15:12:36.882,0.9262,0.92625,1.00,6.00
2009.03.17 15:12:39.881,0.9262,0.9263,1.00,14.00
2009.03.17 15:12:40.981,0.92615,0.9262,1.00,1.00
2009.03.17 15:12:42.401,0.92595,0.9262,10.20,2.80
2009.03.17 15:12:42.630,0.92595,0.9262,11.40,2.80
2009.03.17 15:12:42.841,0.92595,0.9262,10.60,2.80
2009.03.17 15:12:43.130,0.926,0.9262,4.60,2.80
2009.03.17 15:12:43.701,0.926,0.9262,8.80,2.80
2009.03.17 15:12:43.870,0.926,0.9262,7.80,2.80
2009.03.17 15:12:45.040,0.926,0.9262,7.80,2.00
2009.03.17 15:12:45.091,0.926,0.9262,8.60,2.00
2009.03.17 15:12:45.150,0.92605,0.9262,2.20,1.00
2009.03.17 15:12:45.380,0.926,0.9262,10.20,2.80
2009.03.17 15:12:45.430,0.926,0.9262,8.80,2.80
2009.03.17 15:12:45.540,0.926,0.9262,9.20,2.80
2009.03.17 15:12:45.590,0.9261,0.9262,4.60,2.00
2009.03.17 15:12:45.650,0.9261,0.9263,6.20,12.40
2009.03.17 15:12:45.820,0.9261,0.92625,6.20,6.80
2009.03.17 15:12:45.880,0.9261,0.92625,6.20,5.60
2009.03.17 15:12:46.219,0.9261,0.92635,4.20,21.60
2009.03.17 15:12:46.499,0.9261,0.9263,4.20,14.00
2009.03.17 15:12:46.839,0.92615,0.92625,1.00,4.00
2009.03.17 15:12:47.160,0.92605,0.9262,17.40,2.80
2009.03.17 15:12:47.339,0.92605,0.9262,7.00,2.80
2009.03.17 15:12:47.569,0.92605,0.9262,8.40,2.80
2009.03.17 15:12:47.749,0.92605,0.9262,7.60,2.80
2009.03.17 15:12:47.869,0.92605,0.9262,16.40,2.80
2009.03.17 15:12:50.639,0.92605,0.9262,18.00,2.80
2009.03.17 15:12:52.418,0.92605,0.9262,13.20,2.80
2009.03.17 15:12:52.718,0.92605,0.9262,12.40,2.80
2009.03.17 15:12:53.008,0.92605,0.9263,1.60,12.00
2009.03.17 15:12:53.188,0.926,0.9262,4.60,1.00
2009.03.17 15:12:53.538,0.926,0.9262,1.60,1.80
2009.03.17 15:12:54.228,0.92615,0.9262,1.00,1.80
2009.03.17 15:12:54.448,0.9262,0.92625,1.00,6.80
2009.03.17 15:12:55.017,0.92615,0.9262,1.00,2.60
2009.03.17 15:12:55.357,0.9262,0.92625,1.00,9.80
2009.03.17 15:12:56.777,0.92605,0.9262,3.30,5.00
2009.03.17 15:12:56.957,0.92605,0.9262,3.30,3.20
2009.03.17 15:13:01.816,0.9262,0.92625,1.00,7.70
2009.03.17 15:13:04.475,0.92605,0.9262,4.60,7.40
2009.03.17 15:13:04.815,0.92605,0.92615,1.00,2.80
2009.03.17 15:13:05.105,0.92595,0.92615,11.40,1.00
2009.03.17 15:13:05.395,0.926,0.92625,2.80,16.00
2009.03.17 15:13:05.675,0.926,0.9262,4.80,9.80
2009.03.17 15:13:06.135,0.926,0.9262,3.20,6.60
2009.03.17 15:13:07.474,0.926,0.9262,4.00,6.60
2009.03.17 15:13:07.644,0.92605,0.9262,4.60,6.60
2009.03.17 15:13:07.984,0.926,0.9262,5.20,6.60
2009.03.17 15:13:08.314,0.926,0.9262,4.00,6.60
2009.03.17 15:13:08.714,0.926,0.9262,4.00,9.80
2009.03.17 15:13:08.894,0.92605,0.92615,1.00,1.80
2009.03.17 15:13:09.684,0.92605,0.92615,1.00,2.80
2009.03.17 15:13:10.084,0.92595,0.92615,2.40,2.80
2009.03.17 15:13:10.434,0.92595,0.92615,2.60,2.80
2009.03.17 15:13:11.743,0.9259,0.9261,12.20,2.80
2009.03.17 15:13:12.603,0.92595,0.9261,4.80,2.80
2009.03.17 15:13:12.773,0.92595,0.9261,4.80,1.60
2009.03.17 15:13:13.054,0.92595,0.9262,4.80,18.40
2009.03.17 15:13:13.223,0.92595,0.92615,11.60,2.80
2009.03.17 15:13:13.683,0.92595,0.92615,10.00,2.80
2009.03.17 15:13:13.843,0.92595,0.92615,11.60,2.80
2009.03.17 15:13:14.254,0.92595,0.92615,4.00,2.80
2009.03.17 15:13:14.373,0.92595,0.92615,2.40,2.80
2009.03.17 15:13:14.773,0.92595,0.92615,2.60,2.80
2009.03.17 15:13:15.232,0.9259,0.92605,18.20,4.80
2009.03.17 15:13:15.562,0.9259,0.92615,11.60,29.60
2009.03.17 15:13:15.953,0.9259,0.9261,14.60,2.40
2009.03.17 15:13:16.242,0.92595,0.9262,1.20,14.80
2009.03.17 15:13:16.512,0.92595,0.92615,1.60,3.40
2009.03.17 15:13:16.812,0.92595,0.92615,4.60,1.80
2009.03.17 15:13:17.282,0.92595,0.92615,10.60,1.00
2009.03.17 15:13:17.562,0.92595,0.92615,21.00,1.00
2009.03.17 15:13:17.892,0.92595,0.92615,25.00,1.00
2009.03.17 15:13:18.512,0.926,0.92625,7.20,20.00
2009.03.17 15:13:19.622,0.926,0.92605,4.60,3.20
2009.03.17 15:13:19.861,0.926,0.9262,6.20,19.00
2009.03.17 15:13:19.921,0.926,0.92615,6.20,13.00
2009.03.17 15:13:20.031,0.926,0.92615,2.80,13.00
2009.03.17 15:13:20.083,0.926,0.92625,2.80,20.00
2009.03.17 15:13:20.261,0.926,0.9262,5.80,9.20
2009.03.17 15:13:21.241,0.926,0.9261,5.80,4.80
2009.03.17 15:13:21.531,0.92595,0.9261,6.20,4.80
2009.03.17 15:13:27.031,0.92595,0.92605,6.20,1.60
2009.03.17 15:13:27.140,0.92595,0.92605,4.60,4.80
2009.03.17 15:13:27.260,0.92595,0.92605,4.60,3.20
2009.03.17 15:13:27.430,0.92595,0.92615,4.80,11.20
2009.03.17 15:13:28.269,0.92595,0.9261,7.60,6.00
2009.03.17 15:13:28.719,0.92595,0.9261,10.80,6.00
2009.03.17 15:13:28.949,0.92595,0.9262,4.80,15.80
2009.03.17 15:13:29.179,0.92595,0.92615,19.40,2.80
2009.03.17 15:13:29.359,0.92595,0.92615,21.00,2.80
2009.03.17 15:13:29.579,0.92595,0.92615,23.40,1.00
2009.03.17 15:13:29.919,0.92595,0.92615,22.60,2.80
2009.03.17 15:13:30.149,0.92595,0.92615,23.40,1.00
2009.03.17 15:13:31.459,0.92595,0.92615,21.00,1.00
2009.03.17 15:13:31.969,0.92595,0.92615,18.20,1.00
2009.03.17 15:13:32.139,0.92595,0.92615,18.20,4.20
2009.03.17 15:13:32.469,0.926,0.92625,1.60,15.80
2009.03.17 15:13:32.938,0.926,0.92615,1.60,3.00
2009.03.17 15:13:33.218,0.92595,0.92615,19.00,4.20
2009.03.17 15:13:33.498,0.92595,0.92615,19.00,6.00
2009.03.17 15:13:33.788,0.92595,0.9261,16.40,4.60
2009.03.17 15:13:33.898,0.92595,0.9261,16.40,5.80
2009.03.17 15:13:34.488,0.92595,0.9261,16.40,4.60
2009.03.17 15:13:37.977,0.92595,0.9261,4.60,7.80
2009.03.17 15:13:38.268,0.926,0.9261,4.60,7.80
2009.03.17 15:13:38.627,0.92595,0.9261,4.60,4.60
2009.03.17 15:13:39.437,0.92595,0.9261,4.60,5.80
2009.03.17 15:13:39.557,0.926,0.9261,4.60,2.80
2009.03.17 15:13:39.837,0.92595,0.92605,15.00,4.80
2009.03.17 15:13:39.956,0.92595,0.92605,4.60,4.80
2009.03.17 15:13:40.186,0.92595,0.92615,4.60,12.60
2009.03.17 15:13:40.237,0.92595,0.9261,4.60,4.20
2009.03.17 15:13:40.347,0.92595,0.9261,4.60,2.00
2009.03.17 15:13:40.696,0.92595,0.9261,4.60,1.00
2009.03.17 15:13:40.916,0.92595,0.9261,4.60,4.20
2009.03.17 15:13:41.206,0.9259,0.92605,13.20,1.60
2009.03.17 15:13:41.446,0.9259,0.92605,9.40,1.60
2009.03.17 15:13:42.256,0.9259,0.92605,7.80,1.60
2009.03.17 15:13:42.486,0.9259,0.92605,1.60,1.60
2009.03.17 15:13:42.656,0.9259,0.92605,1.60,5.80
2009.03.17 15:13:45.865,0.9259,0.92595,1.60,4.20
2009.03.17 15:13:46.085,0.9259,0.92595,1.60,3.00
2009.03.17 15:13:46.955,0.9259,0.92595,1.60,4.20
2009.03.17 15:13:47.455,0.9259,0.92605,1.60,10.40
2009.03.17 15:13:48.164,0.9259,0.926,1.60,6.80
2009.03.17 15:13:48.964,0.9259,0.92595,1.60,4.60
2009.03.17 15:13:49.144,0.9259,0.92595,1.60,1.80
2009.03.17 15:13:49.324,0.9259,0.92605,1.60,22.80
2009.03.17 15:13:49.484,0.9258,0.926,13.00,3.00
2009.03.17 15:13:49.656,0.9258,0.9261,13.00,16.40
2009.03.17 15:13:49.994,0.92585,0.92605,1.60,6.80
2009.03.17 15:13:51.014,0.92585,0.92605,1.60,5.20
2009.03.17 15:13:51.184,0.92585,0.92605,1.60,4.40
2009.03.17 15:13:54.523,0.9258,0.926,8.20,1.00
2009.03.17 15:13:54.813,0.9258,0.92595,6.60,4.20
2009.03.17 15:13:55.043,0.9258,0.92605,6.60,8.40
2009.03.17 15:13:55.213,0.9258,0.926,4.60,4.20
2009.03.17 15:13:55.723,0.9258,0.926,6.20,4.20
2009.03.17 15:13:56.053,0.9258,0.92595,6.20,3.20
2009.03.17 15:13:56.462,0.9258,0.92595,2.80,1.00
2009.03.17 15:13:56.633,0.92585,0.92605,5.40,6.00
2009.03.17 15:13:56.862,0.92585,0.926,7.00,1.60
2009.03.17 15:13:57.253,0.92585,0.926,8.40,1.60
2009.03.17 15:13:57.473,0.92585,0.926,20.40,1.60
2009.03.17 15:13:59.432,0.92585,0.926,19.00,1.60
2009.03.17 15:13:59.612,0.92585,0.92615,8.80,20.00
2009.03.17 15:14:00.072,0.92585,0.9261,8.80,8.40
2009.03.17 15:14:00.511,0.92595,0.9261,4.60,8.20
2009.03.17 15:14:01.082,0.92595,0.9261,4.60,6.60
2009.03.17 15:14:01.532,0.92595,0.9261,4.60,5.80
2009.03.17 15:14:02.171,0.92595,0.9261,1.00,6.00
2009.03.17 15:14:02.791,0.92585,0.926,25.60,1.60
2009.03.17 15:14:03.121,0.92585,0.926,24.40,1.60
2009.03.17 15:14:03.411,0.92585,0.9261,22.20,6.00
2009.03.17 15:14:03.991,0.92585,0.92605,26.00,3.00
2009.03.17 15:14:04.161,0.9259,0.92615,3.60,15.20
2009.03.17 15:14:04.391,0.9259,0.9261,6.80,6.00
2009.03.17 15:14:04.511,0.92595,0.9261,4.60,5.80
2009.03.17 15:14:06.080,0.9259,0.92595,6.60,3.20
2009.03.17 15:14:06.420,0.9259,0.92595,1.60,3.20
2009.03.17 15:14:06.890,0.92585,0.92615,11.60,31.80
2009.03.17 15:14:07.250,0.92585,0.92605,17.20,4.20
2009.03.17 15:14:07.480,0.92585,0.92615,17.40,15.20
2009.03.17 15:14:07.870,0.92585,0.9261,20.40,4.20
2009.03.17 15:14:08.150,0.9259,0.9261,1.60,4.20
2009.03.17 15:14:09.869,0.92585,0.9261,21.20,4.40
2009.03.17 15:14:10.319,0.92585,0.92605,21.20,4.40
2009.03.17 15:14:10.599,0.92585,0.92605,18.80,4.40
2009.03.17 15:14:11.129,0.92585,0.92605,14.80,4.40
2009.03.17 15:14:11.809,0.92585,0.92605,15.00,1.40
2009.03.17 15:14:12.049,0.92585,0.92605,15.00,1.00
2009.03.17 15:14:12.219,0.92585,0.92615,17.40,15.20
2009.03.17 15:14:13.209,0.92585,0.9261,15.00,4.40
2009.03.17 15:14:13.678,0.92585,0.9261,25.00,4.20
2009.03.17 15:14:13.909,0.9259,0.9261,1.60,4.20
2009.03.17 15:14:14.608,0.9259,0.9261,4.00,4.20
2009.03.17 15:14:15.528,0.9259,0.9261,1.60,6.00
2009.03.17 15:14:15.648,0.92595,0.9261,1.00,6.00
2009.03.17 15:14:16.508,0.92585,0.9261,26.20,6.00
2009.03.17 15:14:17.257,0.92595,0.9261,1.00,6.00
2009.03.17 15:14:19.037,0.92595,0.92605,1.00,1.00
2009.03.17 15:14:25.155,0.92585,0.92605,17.00,1.00
2009.03.17 15:14:25.376,0.92585,0.92605,20.00,1.00
2009.03.17 15:14:26.285,0.92595,0.92605,1.00,1.00
2009.03.17 15:14:26.645,0.92585,0.92605,20.00,1.00
2009.03.17 15:14:27.296,0.92585,0.92605,17.00,1.00
2009.03.17 15:14:27.715,0.92595,0.92605,1.00,1.00
2009.03.17 15:14:27.995,0.9259,0.92605,1.60,1.00
2009.03.17 15:14:28.115,0.9259,0.92615,1.60,8.40
2009.03.17 15:14:29.504,0.92585,0.9261,30.20,6.00
2009.03.17 15:14:29.665,0.92585,0.9261,26.20,6.00
2009.03.17 15:14:29.844,0.92585,0.92605,20.00,1.00
2009.03.17 15:14:30.055,0.92585,0.92605,17.00,1.00
2009.03.17 15:14:30.394,0.92585,0.92605,15.00,1.00
2009.03.17 15:14:30.624,0.92585,0.92605,14.80,4.20
2009.03.17 15:14:31.084,0.92585,0.92605,14.80,4.40
2009.03.17 15:14:31.305,0.92585,0.92615,24.20,12.00
2009.03.17 15:14:31.595,0.92585,0.92605,15.40,4.40
2009.03.17 15:14:32.054,0.92585,0.92605,14.80,4.40
2009.03.17 15:14:32.284,0.92585,0.92605,21.80,1.00
2009.03.17 15:14:32.624,0.92595,0.92615,4.60,12.00
2009.03.17 15:14:32.854,0.92585,0.9261,26.20,6.00
2009.03.17 15:14:33.134,0.92585,0.9261,25.00,6.00
2009.03.17 15:14:33.483,0.92585,0.9261,14.60,6.00
2009.03.17 15:14:34.413,0.92585,0.9261,13.00,6.00
2009.03.17 15:14:34.633,0.92585,0.9261,12.20,6.00
2009.03.17 15:14:34.813,0.92585,0.9261,12.20,9.20
2009.03.17 15:14:34.873,0.92585,0.9261,12.20,10.00
2009.03.17 15:14:35.323,0.92585,0.9261,12.20,11.20
2009.03.17 15:14:35.373,0.92585,0.9261,12.20,12.60
2009.03.17 15:14:37.922,0.92585,0.926,7.60,1.60
2009.03.17 15:14:37.982,0.92585,0.926,7.40,4.60
2009.03.17 15:14:38.212,0.92585,0.926,4.40,4.60
2009.03.17 15:14:38.323,0.92585,0.926,3.20,4.60
2009.03.17 15:14:38.552,0.92585,0.926,1.60,4.60
2009.03.17 15:14:39.412,0.9258,0.926,11.60,5.80
2009.03.17 15:14:41.311,0.9258,0.926,4.40,5.80
2009.03.17 15:14:41.532,0.9258,0.926,2.80,5.80
2009.03.17 15:14:42.741,0.92585,0.926,1.20,5.80
2009.03.17 15:14:43.021,0.92575,0.926,22.60,10.40
2009.03.17 15:14:43.301,0.92575,0.9259,4.60,4.80
2009.03.17 15:14:43.531,0.92575,0.9259,6.40,6.00
2009.03.17 15:14:43.891,0.92575,0.9259,6.40,4.80
2009.03.17 15:14:44.151,0.9258,0.926,4.60,13.80
2009.03.17 15:14:44.391,0.9258,0.92595,4.60,5.80
2009.03.17 15:14:46.600,0.9258,0.92605,6.20,21.60
2009.03.17 15:14:47.120,0.9258,0.92595,5.60,2.00
2009.03.17 15:14:47.340,0.9258,0.92605,4.00,18.80
2009.03.17 15:14:47.630,0.9258,0.926,1.60,9.00
2009.03.17 15:14:47.980,0.9258,0.926,4.60,9.00
2009.03.17 15:14:48.450,0.9258,0.926,9.40,9.00
2009.03.17 15:14:48.730,0.92585,0.92595,1.20,1.00
2009.03.17 15:14:49.380,0.92575,0.92595,18.00,1.00
2009.03.17 15:14:49.670,0.9258,0.9261,8.80,21.60
2009.03.17 15:14:50.210,0.9258,0.92605,8.80,11.60
2009.03.17 15:14:52.219,0.9258,0.926,8.60,3.00
2009.03.17 15:14:52.389,0.9258,0.9259,4.00,4.80
2009.03.17 15:14:52.619,0.9258,0.9259,1.60,3.20
2009.03.17 15:14:52.729,0.9258,0.92605,1.60,15.40
2009.03.17 15:14:53.009,0.9258,0.926,1.60,4.60
2009.03.17 15:14:53.179,0.9258,0.926,1.60,3.20
2009.03.17 15:14:53.749,0.92575,0.926,20.40,4.40
2009.03.17 15:14:54.048,0.92575,0.926,18.00,4.40
2009.03.17 15:14:55.268,0.92575,0.926,15.00,4.40
2009.03.17 15:14:55.448,0.92575,0.92595,4.60,1.00
2009.03.17 15:14:56.018,0.92575,0.92595,4.60,4.20
2009.03.17 15:15:02.066,0.92575,0.9259,10.00,1.00
2009.03.17 15:15:02.286,0.9259,0.9261,4.60,35.20
2009.03.17 15:15:02.586,0.9259,0.926,4.00,3.20
2009.03.17 15:15:02.797,0.9259,0.9261,4.00,27.40
2009.03.17 15:15:02.966,0.9259,0.92605,1.60,4.80
2009.03.17 15:15:03.196,0.92595,0.92605,6.40,1.60
2009.03.17 15:15:03.466,0.92595,0.92605,7.80,1.60
2009.03.17 15:15:03.806,0.92595,0.92605,12.40,1.60
2009.03.17 15:15:04.086,0.92595,0.92605,6.40,1.60
2009.03.17 15:15:05.016,0.92595,0.92605,4.60,1.60
2009.03.17 15:15:05.186,0.9259,0.92605,11.40,1.60
2009.03.17 15:15:05.486,0.9259,0.92605,6.80,1.60
2009.03.17 15:15:05.816,0.92605,0.92615,4.60,1.00
2009.03.17 15:15:06.216,0.9261,0.9264,4.60,14.00
2009.03.17 15:15:06.395,0.9261,0.92635,1.60,3.20
2009.03.17 15:15:06.615,0.9261,0.92645,7.20,7.00
2009.03.17 15:15:06.955,0.92625,0.9264,1.00,1.00
2009.03.17 15:15:07.245,0.92625,0.9265,1.00,11.40
2009.03.17 15:15:07.535,0.9263,0.92645,1.60,1.00
2009.03.17 15:15:07.985,0.9263,0.92645,3.40,1.00
2009.03.17 15:15:08.165,0.9263,0.9266,5.60,16.00
2009.03.17 15:15:08.345,0.9263,0.92655,8.40,7.60
2009.03.17 15:15:08.755,0.9263,0.92655,10.80,7.60
2009.03.17 15:15:09.225,0.9263,0.92655,10.80,6.80
2009.03.17 15:15:09.615,0.9264,0.92655,1.00,5.20
2009.03.17 15:15:09.785,0.9263,0.92655,13.80,4.40
2009.03.17 15:15:10.005,0.92635,0.92655,3.60,4.40
2009.03.17 15:15:10.175,0.9264,0.92655,1.00,4.40
2009.03.17 15:15:10.405,0.92635,0.92655,2.40,4.20
2009.03.17 15:15:10.635,0.9264,0.92655,1.00,4.20
2009.03.17 15:15:10.924,0.9264,0.9265,1.00,1.00
2009.03.17 15:15:10.985,0.9263,0.9265,9.20,1.80
2009.03.17 15:15:11.214,0.92635,0.9266,1.00,14.40
2009.03.17 15:15:11.384,0.92635,0.92655,6.40,5.40
2009.03.17 15:15:11.714,0.92635,0.92655,9.20,2.40
2009.03.17 15:15:12.114,0.9263,0.92655,10.80,5.40
2009.03.17 15:15:12.684,0.92635,0.92655,6.40,2.40
2009.03.17 15:15:13.374,0.92635,0.92655,9.20,2.40
2009.03.17 15:15:13.774,0.9264,0.92655,6.20,1.60
2009.03.17 15:15:14.834,0.9264,0.92655,1.60,4.60
2009.03.17 15:15:15.164,0.92635,0.92655,6.40,5.80
2009.03.17 15:15:16.713,0.9263,0.9265,6.80,2.80
2009.03.17 15:15:16.893,0.9263,0.9266,4.60,15.20
2009.03.17 15:15:17.063,0.92635,0.92655,4.80,4.40
2009.03.17 15:15:17.523,0.9264,0.92655,4.60,4.20
2009.03.17 15:15:17.883,0.92635,0.92655,4.80,6.60
2009.03.17 15:15:18.223,0.92635,0.92655,6.40,3.00
2009.03.17 15:15:18.563,0.92635,0.92655,6.20,6.00
2009.03.17 15:15:18.803,0.92635,0.92655,6.40,4.20
2009.03.17 15:15:19.212,0.9264,0.92655,4.60,6.00
2009.03.17 15:15:19.493,0.9264,0.92655,4.60,9.20
2009.03.17 15:15:19.673,0.92635,0.92655,4.60,9.20
2009.03.17 15:15:22.222,0.92645,0.92665,9.20,12.80
2009.03.17 15:15:22.502,0.9265,0.9266,6.20,1.60
2009.03.17 15:15:22.722,0.9265,0.9267,6.40,13.40
2009.03.17 15:15:23.062,0.9265,0.9267,7.80,1.60
2009.03.17 15:15:23.422,0.9265,0.9267,8.40,2.40
2009.03.17 15:15:24.531,0.9265,0.9267,10.80,2.40
2009.03.17 15:15:24.761,0.9265,0.9267,8.40,2.40
2009.03.17 15:15:25.561,0.92655,0.9267,4.80,2.40
2009.03.17 15:15:25.981,0.92655,0.9268,6.40,9.80
2009.03.17 15:15:26.151,0.92655,0.92675,6.40,4.00
2009.03.17 15:15:26.331,0.92655,0.92675,9.20,8.40
2009.03.17 15:15:26.511,0.9267,0.92675,1.20,5.80
2009.03.17 15:15:26.691,0.9267,0.9269,4.60,28.00
2009.03.17 15:15:27.021,0.9267,0.92685,4.60,24.60
2009.03.17 15:15:27.190,0.9267,0.9268,4.60,3.20
2009.03.17 15:15:28.090,0.9267,0.9269,4.60,21.60
2009.03.17 15:15:30.440,0.9267,0.92685,4.60,5.20
2009.03.17 15:15:30.610,0.9267,0.92685,4.60,8.20
2009.03.17 15:15:30.899,0.92665,0.9268,6.20,1.60
2009.03.17 15:15:31.180,0.92665,0.9268,6.20,4.80
2009.03.17 15:15:31.469,0.92665,0.9268,2.80,4.80
2009.03.17 15:15:31.770,0.9266,0.9268,7.60,2.80
2009.03.17 15:15:32.000,0.9266,0.9268,4.20,8.20
2009.03.17 15:15:32.170,0.9266,0.9268,3.00,8.20
2009.03.17 15:15:32.279,0.9266,0.92675,3.00,1.80
2009.03.17 15:15:32.780,0.92655,0.92675,2.20,1.80
2009.03.17 15:15:32.949,0.92655,0.92675,1.40,4.20
2009.03.17 15:15:33.289,0.92655,0.92675,1.40,3.20
2009.03.17 15:15:33.629,0.9265,0.92675,11.00,3.20
2009.03.17 15:15:33.979,0.9265,0.92675,11.40,4.40
2009.03.17 15:15:34.259,0.9265,0.9267,9.80,1.60
2009.03.17 15:15:34.379,0.9265,0.9267,8.40,2.40
2009.03.17 15:15:34.619,0.9265,0.9267,5.60,5.40
2009.03.17 15:15:35.179,0.92645,0.9267,3.00,6.60
2009.03.17 15:15:35.579,0.9265,0.9267,1.60,5.40
2009.03.17 15:15:36.088,0.92645,0.9267,8.40,5.40
2009.03.17 15:15:36.329,0.92645,0.9267,8.40,5.60
2009.03.17 15:15:36.558,0.92645,0.9267,8.40,6.80
2009.03.17 15:15:37.588,0.92645,0.9267,6.80,6.80
2009.03.17 15:15:37.808,0.92645,0.9267,6.80,6.60
2009.03.17 15:15:38.028,0.9265,0.9267,1.60,5.40
2009.03.17 15:15:38.388,0.92665,0.9267,4.60,1.60
2009.03.17 15:15:38.678,0.9265,0.9267,6.80,4.60
2009.03.17 15:15:39.078,0.9265,0.9267,1.60,5.40
2009.03.17 15:15:39.418,0.9265,0.9267,1.60,2.40
2009.03.17 15:15:39.767,0.92665,0.9267,4.60,1.60
2009.03.17 15:15:39.888,0.92665,0.9267,6.20,1.60
2009.03.17 15:15:40.117,0.92665,0.9268,1.60,8.80
2009.03.17 15:15:40.287,0.9265,0.92665,10.00,1.80
2009.03.17 15:15:40.577,0.9265,0.9268,7.80,20.00
2009.03.17 15:15:41.037,0.9265,0.92675,8.40,6.80
2009.03.17 15:15:41.397,0.9265,0.92675,1.60,6.80
2009.03.17 15:15:41.847,0.9266,0.92675,6.20,1.80
2009.03.17 15:15:42.057,0.9266,0.92685,6.20,16.80
2009.03.17 15:15:42.697,0.9266,0.92675,3.00,4.20
2009.03.17 15:15:42.927,0.9265,0.9267,6.80,1.60
2009.03.17 15:15:43.217,0.9265,0.9267,1.60,2.40
2009.03.17 15:15:43.447,0.9265,0.9267,3.00,6.60
2009.03.17 15:15:43.867,0.9265,0.9267,1.60,6.60
2009.03.17 15:15:44.146,0.92645,0.9267,3.00,6.60
2009.03.17 15:15:44.266,0.9266,0.9267,4.60,6.60
2009.03.17 15:15:44.376,0.9266,0.9267,4.60,2.40
2009.03.17 15:15:44.676,0.9266,0.9267,4.60,1.60
2009.03.17 15:15:45.296,0.9266,0.9267,6.20,1.60
2009.03.17 15:15:46.346,0.9266,0.9267,4.60,1.60
2009.03.17 15:15:46.976,0.9266,0.9268,4.60,11.60
2009.03.17 15:15:48.686,0.9266,0.92675,4.60,4.80
2009.03.17 15:15:48.915,0.92655,0.92675,10.60,4.80
2009.03.17 15:15:49.145,0.92655,0.92675,5.60,9.80
2009.03.17 15:15:49.365,0.92655,0.92675,2.20,10.00
2009.03.17 15:15:49.645,0.92655,0.9267,1.20,1.60
2009.03.17 15:15:49.995,0.92655,0.9267,4.60,1.80
2009.03.17 15:15:50.165,0.92655,0.9268,5.60,15.60
2009.03.17 15:15:50.325,0.92655,0.9267,1.00,4.60
2009.03.17 15:15:50.785,0.92655,0.9268,5.60,17.60
2009.03.17 15:15:51.125,0.92655,0.92675,1.00,11.60
2009.03.17 15:15:51.425,0.92665,0.92675,4.60,17.40
2009.03.17 15:15:51.705,0.9267,0.92675,4.60,11.40
2009.03.17 15:15:51.935,0.92665,0.92675,4.60,1.80
2009.03.17 15:15:52.504,0.92665,0.92675,4.60,4.20
2009.03.17 15:15:53.364,0.92665,0.92685,5.60,22.60
2009.03.17 15:15:53.714,0.92665,0.9268,6.20,5.20
2009.03.17 15:15:54.114,0.92665,0.9268,6.40,5.20
2009.03.17 15:15:54.284,0.9267,0.9268,3.00,1.80
2009.03.17 15:15:54.394,0.92675,0.9268,1.40,2.20
2009.03.17 15:15:54.624,0.9268,0.92695,1.60,11.20
2009.03.17 15:15:54.844,0.9269,0.92695,4.60,8.30
2009.03.17 15:15:55.014,0.9269,0.92695,4.60,1.90
2009.03.17 15:15:55.344,0.9268,0.92705,8.60,30.60
2009.03.17 15:15:55.514,0.9268,0.927,10.20,10.60
2009.03.17 15:15:55.794,0.9268,0.927,6.20,10.60
2009.03.17 15:15:57.233,0.9268,0.92695,6.20,1.60
2009.03.17 15:15:57.403,0.9268,0.92685,4.60,1.00
2009.03.17 15:15:57.583,0.92665,0.92685,15.80,1.00
2009.03.17 15:15:57.873,0.9267,0.92685,3.00,1.00
2009.03.17 15:15:58.223,0.9268,0.92695,6.20,6.20
2009.03.17 15:15:58.563,0.9267,0.9269,9.20,2.40
2009.03.17 15:15:59.243,0.9267,0.9269,4.60,1.60
2009.03.17 15:15:59.403,0.92675,0.9269,1.60,1.60
2009.03.17 15:16:00.782,0.92675,0.9269,1.60,3.20
2009.03.17 15:16:00.842,0.9267,0.9269,9.20,3.20
2009.03.17 15:16:01.132,0.9267,0.9269,4.40,7.40
2009.03.17 15:16:01.602,0.92665,0.9269,10.60,5.80
2009.03.17 15:16:01.722,0.9267,0.9269,1.60,4.60
2009.03.17 15:16:02.172,0.9267,0.9269,1.60,3.00
2009.03.17 15:16:02.522,0.92675,0.927,1.60,18.40
2009.03.17 15:16:02.932,0.9268,0.92695,1.00,2.40
2009.03.17 15:16:03.393,0.92675,0.92695,4.60,2.40
2009.03.17 15:16:03.722,0.92675,0.92695,4.60,6.60
2009.03.17 15:16:04.183,0.9267,0.92695,10.80,20.40
2009.03.17 15:16:04.532,0.92675,0.92695,1.60,17.20
2009.03.17 15:16:04.762,0.92675,0.92695,1.60,2.40
2009.03.17 15:16:05.381,0.92675,0.92695,1.60,5.40
2009.03.17 15:16:05.601,0.9267,0.92695,8.40,6.60
2009.03.17 15:16:05.841,0.92675,0.92695,1.60,6.60
2009.03.17 15:16:06.521,0.9268,0.92695,1.60,5.40
2009.03.17 15:16:07.081,0.92675,0.92695,1.60,6.80
2009.03.17 15:16:07.671,0.9267,0.92695,5.60,6.80
2009.03.17 15:16:08.011,0.9267,0.92695,1.60,6.80
2009.03.17 15:16:09.012,0.92675,0.92695,1.60,6.80
2009.03.17 15:16:09.250,0.92675,0.92695,1.60,6.60
2009.03.17 15:16:09.540,0.92665,0.9269,21.80,5.80
2009.03.17 15:16:09.820,0.9267,0.9269,1.60,4.60
2009.03.17 15:16:09.880,0.9267,0.9269,1.60,3.00
2009.03.17 15:16:10.160,0.9267,0.9269,1.60,3.00
2009.03.17 15:16:11.140,0.9267,0.9269,6.40,3.00
2009.03.17 15:16:11.490,0.92675,0.927,1.40,18.80
2009.03.17 15:16:12.350,0.9267,0.92695,5.60,6.80
2009.03.17 15:16:12.700,0.9267,0.92695,2.60,6.80
2009.03.17 15:16:13.229,0.9267,0.9269,2.60,3.00
2009.03.17 15:16:13.519,0.92665,0.9269,21.40,5.80
2009.03.17 15:16:14.099,0.92665,0.9269,17.60,6.00
2009.03.17 15:16:14.369,0.92675,0.9269,4.60,5.80
2009.03.17 15:16:14.709,0.92675,0.92685,5.60,1.60
2009.03.17 15:16:14.999,0.9267,0.92695,2.80,9.60
2009.03.17 15:16:15.289,0.92675,0.9269,1.20,6.00
2009.03.17 15:16:15.459,0.92665,0.9269,21.80,6.00
2009.03.17 15:16:15.579,0.92665,0.9269,18.00,6.00
2009.03.17 15:16:15.749,0.92665,0.9269,7.60,6.00
2009.03.17 15:16:16.618,0.9267,0.9269,1.60,3.00
2009.03.17 15:16:17.368,0.92665,0.9268,11.60,4.80
2009.03.17 15:16:17.768,0.9267,0.92695,1.60,13.20
2009.03.17 15:16:18.048,0.92665,0.92685,10.80,1.80
2009.03.17 15:16:18.338,0.92665,0.92685,3.20,5.80
2009.03.17 15:16:18.628,0.92665,0.92685,4.60,2.80
2009.03.17 15:16:19.078,0.92665,0.92685,3.20,3.00
2009.03.17 15:16:19.368,0.9266,0.9268,6.80,2.80
2009.03.17 15:16:19.538,0.9266,0.92675,6.80,1.00
2009.03.17 15:16:19.778,0.9266,0.92675,2.80,1.00
2009.03.17 15:16:20.068,0.92665,0.92685,1.20,11.20
2009.03.17 15:16:20.428,0.9266,0.9268,1.40,2.60
2009.03.17 15:16:20.887,0.92665,0.9268,4.60,2.40
2009.03.17 15:16:21.398,0.92665,0.92675,4.60,1.00
2009.03.17 15:16:21.567,0.92665,0.92695,4.60,30.60
2009.03.17 15:16:21.918,0.9267,0.9269,1.00,8.20
2009.03.17 15:16:22.087,0.9267,0.9269,3.00,8.20
2009.03.17 15:16:22.947,0.9267,0.9268,3.00,1.00
2009.03.17 15:16:23.227,0.92665,0.9268,1.40,1.00
2009.03.17 15:16:23.557,0.92665,0.9268,1.00,1.80
2009.03.17 15:16:24.257,0.92665,0.9268,1.40,1.00
2009.03.17 15:16:24.547,0.92665,0.9268,1.00,1.80
2009.03.17 15:16:24.996,0.92665,0.9269,1.60,11.00
2009.03.17 15:16:25.387,0.92665,0.92685,1.60,1.80
2009.03.17 15:16:25.566,0.92665,0.92695,1.60,20.00
2009.03.17 15:16:25.796,0.92665,0.9269,4.60,9.80
2009.03.17 15:16:26.026,0.9267,0.9269,6.40,7.00
2009.03.17 15:16:27.176,0.9267,0.9269,6.40,6.20
2009.03.17 15:16:30.565,0.9267,0.9269,6.40,7.00
2009.03.17 15:16:30.785,0.9267,0.9269,6.40,6.20
2009.03.17 15:16:33.534,0.9267,0.9269,1.60,6.20
2009.03.17 15:16:33.824,0.92665,0.9269,15.60,7.40
2009.03.17 15:16:34.544,0.92665,0.92685,15.60,1.00
2009.03.17 15:16:34.864,0.9267,0.92695,1.40,11.60
2009.03.17 15:16:34.984,0.9267,0.9269,4.80,4.40
2009.03.17 15:16:35.264,0.9267,0.9269,5.60,6.20
2009.03.17 15:16:36.004,0.92675,0.9269,4.60,3.20
2009.03.17 15:16:36.244,0.92675,0.92685,1.20,2.80
2009.03.17 15:16:36.475,0.9267,0.92685,4.40,2.80
2009.03.17 15:16:36.764,0.9267,0.92695,7.80,11.80
2009.03.17 15:16:37.513,0.92685,0.9269,4.60,1.60
2009.03.17 15:16:37.793,0.92685,0.9269,6.20,1.60
2009.03.17 15:16:39.143,0.92685,0.9269,1.60,1.60
2009.03.17 15:16:39.373,0.9268,0.9269,9.20,1.60
2009.03.17 15:16:39.593,0.92685,0.9269,4.60,1.60
2009.03.17 15:16:40.043,0.92685,0.9269,6.20,1.60
2009.03.17 15:16:40.463,0.92685,0.9269,1.60,1.60
2009.03.17 15:16:41.233,0.9268,0.9269,1.60,1.60
2009.03.17 15:16:41.972,0.92675,0.927,4.60,11.60
2009.03.17 15:16:42.312,0.9268,0.92695,1.60,1.60
2009.03.17 15:16:42.782,0.9268,0.92695,3.00,1.60
2009.03.17 15:16:43.252,0.9268,0.92695,1.60,1.60
2009.03.17 15:16:43.532,0.92675,0.92695,3.00,5.80
2009.03.17 15:16:43.812,0.92675,0.9269,3.00,1.60
2009.03.17 15:16:44.102,0.92675,0.9269,6.00,1.60
2009.03.17 15:16:44.632,0.9268,0.927,1.40,10.80
2009.03.17 15:16:44.862,0.9268,0.92695,1.60,1.60
2009.03.17 15:16:47.221,0.9268,0.92695,1.40,1.60
2009.03.17 15:16:48.381,0.9267,0.9268,12.20,4.80
2009.03.17 15:16:48.791,0.92675,0.9269,4.60,4.20
2009.03.17 15:16:49.241,0.9267,0.92675,3.80,1.60
2009.03.17 15:16:49.480,0.9267,0.92685,1.60,4.40
2009.03.17 15:16:50.280,0.9267,0.9268,6.40,4.80
2009.03.17 15:16:50.510,0.9267,0.92675,1.60,1.60
2009.03.17 15:16:50.870,0.9267,0.92675,1.60,1.60
2009.03.17 15:16:52.380,0.9267,0.92685,6.40,6.00
2009.03.17 15:16:53.260,0.9267,0.9268,4.80,4.80
2009.03.17 15:16:53.610,0.9267,0.9268,6.40,4.80
2009.03.17 15:16:57.408,0.9267,0.9268,6.20,4.80
2009.03.17 15:16:57.569,0.92665,0.92675,10.60,1.60
2009.03.17 15:16:57.739,0.92665,0.92685,9.20,6.80
2009.03.17 15:16:58.768,0.92665,0.9268,4.80,4.80
2009.03.17 15:16:59.678,0.9267,0.9268,3.00,4.80
2009.03.17 15:16:59.858,0.92665,0.9268,1.00,4.80
2009.03.17 15:17:03.247,0.92665,0.9268,1.00,1.60
2009.03.17 15:17:03.797,0.9267,0.9268,3.00,1.60
2009.03.17 15:17:03.967,0.92665,0.9268,1.00,4.80
2009.03.17 15:17:08.286,0.9266,0.9268,9.20,4.80
2009.03.17 15:17:09.726,0.9266,0.9268,9.20,5.60
2009.03.17 15:17:09.776,0.9266,0.9268,9.20,6.80
2009.03.17 15:17:14.355,0.9266,0.9267,1.60,1.60
2009.03.17 15:17:14.704,0.92655,0.9268,3.00,14.60
2009.03.17 15:17:14.865,0.9265,0.9267,11.40,1.00
2009.03.17 15:17:15.044,0.9265,0.9267,11.40,2.20
2009.03.17 15:17:15.394,0.9265,0.9267,9.80,2.60
2009.03.17 15:17:15.574,0.9265,0.9267,3.00,2.40
2009.03.17 15:17:15.925,0.9265,0.9267,4.60,3.40
2009.03.17 15:17:16.494,0.9265,0.9268,4.60,18.80
2009.03.17 15:17:16.844,0.9265,0.92675,4.60,8.40
2009.03.17 15:17:17.024,0.92655,0.9267,1.00,1.60
2009.03.17 15:17:17.314,0.9265,0.9267,3.00,2.40
2009.03.17 15:17:17.704,0.9265,0.9267,4.60,2.40
2009.03.17 15:17:18.324,0.92655,0.9267,1.00,2.40
2009.03.17 15:17:18.564,0.9265,0.9267,5.60,2.40
2009.03.17 15:17:18.963,0.9265,0.9267,5.60,2.60
2009.03.17 15:17:19.253,0.9265,0.9266,4.20,1.00
2009.03.17 15:17:19.483,0.92645,0.9267,5.80,9.20
2009.03.17 15:17:19.603,0.92645,0.9267,4.60,6.60
2009.03.17 15:17:19.933,0.9265,0.9267,3.00,2.40
2009.03.17 15:17:20.444,0.9265,0.9267,4.60,2.40
2009.03.17 15:17:20.793,0.9265,0.9267,3.00,2.40
2009.03.17 15:17:20.963,0.9265,0.9267,4.60,2.40
2009.03.17 15:17:21.473,0.9265,0.9267,3.00,2.40
2009.03.17 15:17:21.823,0.92655,0.9267,1.00,2.40
2009.03.17 15:17:22.223,0.9265,0.9267,4.60,2.40
2009.03.17 15:17:23.252,0.9265,0.9267,1.60,2.40
2009.03.17 15:17:23.822,0.9265,0.9267,1.60,5.40
2009.03.17 15:17:24.122,0.9265,0.9267,1.60,8.20
2009.03.17 15:17:24.692,0.9265,0.9267,1.60,7.00
2009.03.17 15:17:24.982,0.9265,0.9267,1.60,6.60
2009.03.17 15:17:25.152,0.9265,0.9267,1.60,7.80
2009.03.17 15:17:25.272,0.9265,0.9267,1.60,8.20
2009.03.17 15:17:26.372,0.92655,0.9267,1.60,3.40
2009.03.17 15:17:26.782,0.92655,0.92665,1.60,1.00
2009.03.17 15:17:27.062,0.9266,0.9268,1.60,18.40
2009.03.17 15:17:27.281,0.92665,0.92675,4.60,1.60
2009.03.17 15:17:27.521,0.92665,0.92685,1.60,18.60
2009.03.17 15:17:27.921,0.9266,0.9268,4.40,8.40
2009.03.17 15:17:28.271,0.9266,0.9268,1.60,8.40
2009.03.17 15:17:28.622,0.9266,0.9268,1.60,11.40
2009.03.17 15:17:28.911,0.92655,0.9268,4.60,11.60
2009.03.17 15:17:29.193,0.92655,0.9268,10.60,11.60
2009.03.17 15:17:29.591,0.9266,0.9268,1.60,11.60
2009.03.17 15:17:30.041,0.92655,0.9268,1.60,11.60
2009.03.17 15:17:30.220,0.92655,0.9268,4.60,11.60
2009.03.17 15:17:33.590,0.92655,0.92675,1.60,3.00
2009.03.17 15:17:34.040,0.9265,0.92675,11.40,4.40
2009.03.17 15:17:34.150,0.9265,0.92675,10.00,4.40
2009.03.17 15:17:34.310,0.9265,0.92675,10.00,5.20
2009.03.17 15:17:34.700,0.9265,0.92665,10.00,1.00
2009.03.17 15:17:35.229,0.9265,0.92665,7.20,1.00
2009.03.17 15:17:35.469,0.92655,0.92665,1.60,1.00
2009.03.17 15:17:36.199,0.92655,0.9268,1.60,18.00
2009.03.17 15:17:36.939,0.9265,0.9267,7.20,3.00
2009.03.17 15:17:37.109,0.9265,0.9267,3.20,3.00
2009.03.17 15:17:37.389,0.9265,0.9268,10.00,15.60
2009.03.17 15:17:37.609,0.92655,0.92675,1.60,4.00
2009.03.17 15:17:39.189,0.92655,0.92675,1.60,5.80
2009.03.17 15:17:39.428,0.92655,0.92675,1.60,5.40
2009.03.17 15:17:39.608,0.92655,0.92675,6.40,5.40
2009.03.17 15:17:42.238,0.9265,0.92675,7.80,16.40
2009.03.17 15:17:42.458,0.9265,0.9267,7.80,7.40
2009.03.17 15:17:42.698,0.9265,0.9267,7.80,9.80
2009.03.17 15:17:43.237,0.9265,0.9267,3.20,10.00
2009.03.17 15:17:43.617,0.9265,0.92665,1.60,5.20
2009.03.17 15:17:43.958,0.9266,0.92665,4.60,4.60
2009.03.17 15:17:44.067,0.9266,0.92675,6.20,25.20
2009.03.17 15:17:44.187,0.9266,0.92665,6.20,1.00
2009.03.17 15:17:44.298,0.9266,0.92675,6.20,24.00
2009.03.17 15:17:44.357,0.9266,0.9267,1.60,5.00
2009.03.17 15:17:44.527,0.9265,0.9267,10.80,5.80
2009.03.17 15:17:44.647,0.9265,0.9267,7.80,5.80
2009.03.17 15:17:44.707,0.9265,0.9267,8.00,3.00
2009.03.17 15:17:44.817,0.92655,0.9268,1.60,17.00
2009.03.17 15:17:44.937,0.92655,0.92675,1.60,6.00
2009.03.17 15:17:45.167,0.92655,0.92675,1.60,3.20
2009.03.17 15:17:45.567,0.9265,0.92665,7.20,1.00
2009.03.17 15:17:46.017,0.9265,0.92665,3.20,1.00
2009.03.17 15:17:46.627,0.9265,0.92665,7.20,1.00
2009.03.17 15:17:46.857,0.9265,0.92675,3.20,8.60
2009.03.17 15:17:47.137,0.9265,0.9267,3.20,6.80
2009.03.17 15:17:55.185,0.9265,0.92665,1.60,2.20
2009.03.17 15:17:55.804,0.9265,0.92665,1.60,1.80
2009.03.17 15:17:59.734,0.9265,0.9267,1.60,9.60
2009.03.17 15:18:00.303,0.9265,0.9267,1.60,6.80
2009.03.17 15:18:02.283,0.9265,0.9267,3.20,6.80
2009.03.17 15:18:02.553,0.9265,0.9267,3.20,5.20
2009.03.17 15:18:04.444,0.9265,0.9267,3.20,6.80
2009.03.17 15:18:05.352,0.9265,0.9267,1.60,6.80
2009.03.17 15:18:13.160,0.9265,0.9267,1.60,6.00
2009.03.17 15:18:22.058,0.92645,0.9267,21.80,4.40
2009.03.17 15:18:22.298,0.92645,0.9267,19.80,4.40
2009.03.17 15:18:22.758,0.9265,0.9267,1.40,3.00
2009.03.17 15:18:23.108,0.9265,0.9268,1.40,18.80
2009.03.17 15:18:23.398,0.9265,0.92675,1.60,6.80
2009.03.17 15:18:23.738,0.9265,0.92675,6.20,6.80
2009.03.17 15:18:24.028,0.9265,0.92675,5.40,6.80
2009.03.17 15:18:24.258,0.92645,0.9267,21.80,3.20
2009.03.17 15:18:24.778,0.92645,0.9267,21.80,3.00
2009.03.17 15:18:24.948,0.9265,0.9267,1.60,3.00
2009.03.17 15:18:34.705,0.92655,0.92675,1.60,6.60
2009.03.17 15:18:35.655,0.92655,0.92675,1.60,6.80
2009.03.17 15:18:36.754,0.92655,0.92675,1.60,8.40
2009.03.17 15:18:36.875,0.92655,0.92675,1.60,8.20
2009.03.17 15:18:37.045,0.92655,0.92675,1.60,8.20
2009.03.17 15:18:37.284,0.92655,0.92675,1.00,8.20
2009.03.17 15:18:37.574,0.92655,0.92675,1.60,8.20
2009.03.17 15:18:37.854,0.92655,0.92675,1.40,8.20
2009.03.17 15:18:38.144,0.92655,0.92675,1.00,5.20
2009.03.17 15:18:38.434,0.9267,0.92675,1.40,2.40
2009.03.17 15:18:38.714,0.9267,0.9269,1.60,14.40
2009.03.17 15:18:38.894,0.9266,0.9268,11.60,6.20
2009.03.17 15:18:39.244,0.9266,0.9268,1.60,8.80
2009.03.17 15:18:39.604,0.92655,0.9268,16.20,11.60
2009.03.17 15:18:39.824,0.92655,0.9268,12.20,11.60
2009.03.17 15:18:40.114,0.92655,0.9268,7.60,11.60
2009.03.17 15:18:44.723,0.92655,0.9268,7.60,11.40
2009.03.17 15:18:44.952,0.9266,0.9268,1.40,8.40
2009.03.17 15:18:45.163,0.9266,0.9268,1.60,8.40
2009.03.17 15:18:45.273,0.9266,0.9268,4.60,8.40
2009.03.17 15:18:46.032,0.92665,0.9268,1.00,7.20
2009.03.17 15:18:46.242,0.92665,0.9268,4.80,7.20
2009.03.17 15:18:46.592,0.92665,0.9268,6.20,7.20
2009.03.17 15:18:47.242,0.92665,0.9268,6.20,7.20
2009.03.17 15:18:47.712,0.92665,0.9268,6.20,7.20
2009.03.17 15:18:48.002,0.9267,0.9268,3.00,7.20
2009.03.17 15:18:48.342,0.9266,0.9268,5.60,8.60
2009.03.17 15:18:48.572,0.92655,0.92675,4.60,3.00
2009.03.17 15:18:50.502,0.92655,0.92675,4.60,4.20
2009.03.17 15:18:50.621,0.92655,0.92675,4.60,3.00
2009.03.17 15:18:51.221,0.92655,0.92675,4.60,3.20
2009.03.17 15:18:51.341,0.92655,0.92675,3.20,8.20
2009.03.17 15:18:51.401,0.92655,0.92675,3.20,7.80
2009.03.17 15:18:51.751,0.92655,0.92675,4.60,3.00
2009.03.17 15:18:52.031,0.92655,0.92675,15.00,3.00
2009.03.17 15:18:54.860,0.92655,0.92675,15.00,4.20
2009.03.17 15:18:55.150,0.92655,0.92675,15.00,3.00
2009.03.17 15:18:55.640,0.92655,0.92675,15.00,4.20
2009.03.17 15:18:58.889,0.92655,0.92675,15.00,4.20
2009.03.17 15:19:08.287,0.92655,0.92675,15.00,3.00
2009.03.17 15:19:11.456,0.92655,0.92675,18.00,3.00
2009.03.17 15:19:11.566,0.92655,0.9268,18.00,4.40
2009.03.17 15:19:12.016,0.9266,0.9268,1.60,4.40
2009.03.17 15:19:12.306,0.9266,0.9268,2.80,4.40
2009.03.17 15:19:12.986,0.9266,0.92675,2.80,1.00
2009.03.17 15:19:13.656,0.9266,0.92675,3.00,1.00
2009.03.17 15:19:13.886,0.92655,0.9268,21.80,4.40
2009.03.17 15:19:15.275,0.92655,0.9268,21.80,4.20
2009.03.17 15:19:15.435,0.9266,0.9268,1.60,3.00
2009.03.17 15:19:15.935,0.9266,0.92685,3.20,10.00
2009.03.17 15:19:16.345,0.9266,0.9268,1.60,8.40
2009.03.17 15:19:16.745,0.9266,0.9268,1.60,10.20
2009.03.17 15:19:16.975,0.9266,0.9268,1.60,7.20
2009.03.17 15:19:17.795,0.9266,0.9268,1.60,11.40
2009.03.17 15:19:18.255,0.9266,0.9268,1.60,8.40
2009.03.17 15:19:18.834,0.9266,0.9268,4.60,8.40
2009.03.17 15:19:19.185,0.9267,0.9268,4.60,8.40
2009.03.17 15:19:19.524,0.9267,0.9268,4.60,7.20
2009.03.17 15:19:19.854,0.92655,0.92675,7.60,1.80
2009.03.17 15:19:22.194,0.92655,0.92675,12.20,1.80
2009.03.17 15:19:22.364,0.9266,0.9268,6.00,11.60
2009.03.17 15:19:22.534,0.92655,0.92675,12.20,1.80
2009.03.17 15:19:22.644,0.92655,0.92675,7.60,1.80
2009.03.17 15:19:23.104,0.92655,0.92675,10.60,2.80
2009.03.17 15:19:23.493,0.92655,0.92675,7.80,2.80
2009.03.17 15:19:25.543,0.92655,0.92675,18.20,2.80
2009.03.17 15:19:27.482,0.92655,0.92675,18.20,6.00
2009.03.17 15:19:27.712,0.92655,0.92675,16.80,6.00
2009.03.17 15:19:27.822,0.92655,0.92675,6.40,6.00
2009.03.17 15:19:33.161,0.92655,0.92675,4.60,6.00
2009.03.17 15:19:34.351,0.9266,0.92675,4.60,6.00
2009.03.17 15:19:34.641,0.92655,0.92675,3.00,6.00
2009.03.17 15:19:34.751,0.92655,0.92675,4.80,6.00
2009.03.17 15:19:35.031,0.9266,0.92675,4.60,6.00
2009.03.17 15:19:35.141,0.9266,0.92675,6.20,4.80
2009.03.17 15:19:35.441,0.92655,0.92675,9.20,6.00
2009.03.17 15:19:35.620,0.9266,0.92675,4.60,6.00
2009.03.17 15:19:35.900,0.9266,0.92675,4.60,4.80
2009.03.17 15:19:37.340,0.9266,0.92675,6.40,4.80
2009.03.17 15:19:38.080,0.9266,0.92675,7.80,4.80
2009.03.17 15:19:38.320,0.9266,0.92675,6.20,4.80
2009.03.17 15:19:38.560,0.9266,0.92675,4.80,4.80
2009.03.17 15:19:39.069,0.92655,0.92675,4.60,6.00
2009.03.17 15:19:39.409,0.92655,0.92675,1.60,9.00
2009.03.17 15:19:39.759,0.9265,0.92675,6.20,9.80
2009.03.17 15:19:40.219,0.9265,0.9267,6.20,3.80
2009.03.17 15:19:40.399,0.9265,0.9267,1.60,5.00
2009.03.17 15:19:40.569,0.9265,0.9267,1.60,5.20
2009.03.17 15:19:41.759,0.92645,0.9267,11.40,6.80
2009.03.17 15:19:41.989,0.92645,0.9267,11.40,5.40
2009.03.17 15:19:42.159,0.9265,0.9267,1.40,5.40
2009.03.17 15:19:42.379,0.9265,0.9267,1.40,2.40
2009.03.17 15:19:42.599,0.9265,0.9267,4.60,2.40
2009.03.17 15:19:42.829,0.9265,0.92665,4.60,1.00
2009.03.17 15:19:43.179,0.9265,0.9267,4.60,3.00
2009.03.17 15:19:43.639,0.9265,0.9267,4.40,3.00
2009.03.17 15:19:43.978,0.92645,0.9267,21.80,4.40
2009.03.17 15:19:44.208,0.92645,0.92665,26.60,3.00
2009.03.17 15:19:44.558,0.92645,0.92665,13.40,4.20
2009.03.17 15:19:44.798,0.92645,0.92665,3.00,4.20
2009.03.17 15:19:45.028,0.9265,0.92665,1.60,3.00
2009.03.17 15:19:45.598,0.92645,0.92665,2.80,6.00
2009.03.17 15:19:46.198,0.92645,0.92665,9.20,5.80
2009.03.17 15:19:46.649,0.92645,0.92665,12.20,4.20
2009.03.17 15:19:46.998,0.9265,0.92665,1.60,4.60
2009.03.17 15:19:47.337,0.92645,0.92665,9.20,5.80
2009.03.17 15:19:57.985,0.92645,0.92665,9.40,5.80
2009.03.17 15:19:58.965,0.9265,0.92665,6.20,1.60
2009.03.17 15:19:59.324,0.9265,0.92665,1.60,3.00
2009.03.17 15:19:59.725,0.9265,0.9266,1.20,1.00
2009.03.17 15:20:00.114,0.9264,0.9266,4.60,6.00
2009.03.17 15:20:01.534,0.9264,0.9266,1.60,6.00
2009.03.17 15:20:01.654,0.9264,0.9266,1.60,6.20
2009.03.17 15:20:01.944,0.9264,0.9266,1.60,9.20
2009.03.17 15:20:02.104,0.92635,0.9266,25.00,9.20
2009.03.17 15:20:02.504,0.92635,0.9266,29.00,9.20
2009.03.17 15:20:02.674,0.92635,0.92655,29.00,1.00
2009.03.17 15:20:03.274,0.92635,0.9266,25.00,9.20
2009.03.17 15:20:03.493,0.9264,0.9266,1.60,9.20
2009.03.17 15:20:03.844,0.9264,0.9266,1.60,8.20
2009.03.17 15:20:05.493,0.9264,0.9266,1.60,9.20
2009.03.17 15:20:06.133,0.9264,0.92655,1.60,1.60
2009.03.17 15:20:06.313,0.92635,0.9264,9.50,1.60
2009.03.17 15:20:06.483,0.9264,0.9265,1.00,11.20
2009.03.17 15:20:06.933,0.92625,0.9264,9.40,4.80
2009.03.17 15:20:07.173,0.92625,0.9264,6.40,4.80
2009.03.17 15:20:07.613,0.92625,0.9264,4.80,6.00
2009.03.17 15:20:08.372,0.92625,0.9264,4.60,6.00
2009.03.17 15:20:11.432,0.92625,0.9264,4.80,6.00
2009.03.17 15:20:11.952,0.92625,0.9264,4.80,4.80
2009.03.17 15:20:12.352,0.92625,0.9264,6.40,4.80
2009.03.17 15:20:14.371,0.9263,0.9264,4.60,1.60
2009.03.17 15:20:14.851,0.9263,0.9264,4.60,4.80
2009.03.17 15:20:15.361,0.92625,0.9264,6.40,4.80
2009.03.17 15:20:17.150,0.92625,0.9264,9.20,4.80
2009.03.17 15:20:17.500,0.9263,0.9264,4.60,3.20
2009.03.17 15:20:17.620,0.9263,0.92645,6.40,1.60
2009.03.17 15:20:17.850,0.9263,0.9264,6.20,4.80
2009.03.17 15:20:19.499,0.9263,0.9264,1.60,3.20
2009.03.17 15:20:22.139,0.9263,0.9265,4.60,16.80
2009.03.17 15:20:22.199,0.92625,0.9264,10.60,4.80
2009.03.17 15:20:23.699,0.92625,0.92635,1.60,1.60
2009.03.17 15:20:26.558,0.92625,0.92635,4.60,1.60
2009.03.17 15:20:26.958,0.92625,0.9264,4.60,3.20
2009.03.17 15:20:27.068,0.92625,0.9264,10.60,4.80
2009.03.17 15:20:27.348,0.9263,0.9264,1.60,3.20
2009.03.17 15:20:27.588,0.9263,0.9265,4.60,16.80
2009.03.17 15:20:28.398,0.9263,0.9264,9.20,1.60
2009.03.17 15:20:29.148,0.9263,0.9264,6.40,1.60
2009.03.17 15:20:29.437,0.9263,0.9264,4.40,4.80
2009.03.17 15:20:30.167,0.92625,0.9264,10.60,4.80
2009.03.17 15:20:30.287,0.92625,0.92635,9.20,1.60
2009.03.17 15:20:33.886,0.92625,0.92635,6.40,1.60
2009.03.17 15:20:35.716,0.92625,0.92635,6.20,1.60
2009.03.17 15:20:36.695,0.92625,0.92645,18.60,3.80
2009.03.17 15:20:36.875,0.92625,0.92645,22.00,2.80
2009.03.17 15:20:37.116,0.92635,0.92645,1.20,2.80
2009.03.17 15:20:39.155,0.9264,0.9265,1.00,1.60
2009.03.17 15:20:39.385,0.9264,0.9265,1.60,1.60
2009.03.17 15:20:39.615,0.9264,0.9265,9.80,1.60
2009.03.17 15:20:39.845,0.92645,0.9265,1.40,1.60
2009.03.17 15:20:48.843,0.92645,0.9265,3.00,1.60
2009.03.17 15:20:51.562,0.92645,0.9265,1.40,1.60
2009.03.17 15:20:51.782,0.9264,0.9265,9.80,1.60
2009.03.17 15:21:04.969,0.92645,0.9265,1.40,1.60
2009.03.17 15:21:05.079,0.92645,0.9265,4.80,1.60
2009.03.17 15:21:06.298,0.9265,0.92655,1.60,2.00
2009.03.17 15:21:20.455,0.9264,0.9265,6.80,1.60
2009.03.17 15:21:20.735,0.9264,0.9265,3.00,1.60
2009.03.17 15:21:20.905,0.9264,0.9265,5.00,1.60
2009.03.17 15:21:21.425,0.92635,0.9265,23.60,1.60
2009.03.17 15:21:21.895,0.92635,0.9265,14.80,4.60
2009.03.17 15:21:22.015,0.92635,0.9265,2.80,4.60
2009.03.17 15:21:25.244,0.92635,0.9265,2.80,1.60
2009.03.17 15:21:25.464,0.92635,0.92655,4.40,4.20
2009.03.17 15:21:26.504,0.92635,0.92655,4.60,4.20
2009.03.17 15:21:26.953,0.92635,0.92655,15.00,4.20
2009.03.17 15:21:27.303,0.92635,0.92655,22.60,2.20
2009.03.17 15:21:27.463,0.92635,0.92655,24.80,4.20
2009.03.17 15:21:27.643,0.92635,0.92655,18.80,4.20
2009.03.17 15:21:28.293,0.92635,0.92655,18.80,4.20
2009.03.17 15:21:28.513,0.92635,0.9265,17.20,2.80
2009.03.17 15:21:28.863,0.92635,0.9265,13.20,2.80
2009.03.17 15:21:30.732,0.92635,0.9265,15.00,1.60
2009.03.17 15:21:30.963,0.92635,0.92655,15.00,4.20
2009.03.17 15:21:31.882,0.92645,0.9266,1.20,7.00
2009.03.17 15:21:32.172,0.9264,0.9266,3.00,4.60
2009.03.17 15:21:32.642,0.92645,0.9265,1.20,1.00
2009.03.17 15:21:32.932,0.92635,0.92655,18.00,2.20
2009.03.17 15:21:34.872,0.92635,0.92655,15.00,4.20
2009.03.17 15:21:36.361,0.92635,0.9265,14.80,2.80
2009.03.17 15:21:37.041,0.92635,0.9265,13.20,2.80
2009.03.17 15:21:37.451,0.92635,0.9265,2.80,2.80
2009.03.17 15:21:40.820,0.92635,0.9265,1.60,2.80
2009.03.17 15:21:41.680,0.92635,0.9265,7.60,2.80
2009.03.17 15:21:42.020,0.92635,0.9265,18.00,2.80
2009.03.17 15:21:44.609,0.9264,0.9265,4.60,2.80
2009.03.17 15:21:44.829,0.92635,0.9265,18.00,2.80
2009.03.17 15:21:45.349,0.92635,0.9265,13.20,2.80
2009.03.17 15:21:47.628,0.92635,0.9265,13.40,2.80
2009.03.17 15:21:47.738,0.92635,0.9265,15.00,1.60
2009.03.17 15:21:47.798,0.92635,0.92655,15.00,4.20
2009.03.17 15:21:51.397,0.92635,0.92655,14.80,4.20
2009.03.17 15:21:51.507,0.92635,0.9265,13.20,2.80
2009.03.17 15:21:51.808,0.92635,0.92655,15.00,4.20
2009.03.17 15:21:54.197,0.92635,0.92655,19.80,1.00
2009.03.17 15:21:54.427,0.92635,0.9266,19.40,7.60
2009.03.17 15:21:54.607,0.92635,0.9266,22.40,7.60
2009.03.17 15:21:55.936,0.92635,0.9266,26.20,7.60
2009.03.17 15:21:56.226,0.9264,0.9266,5.60,6.20
2009.03.17 15:21:56.446,0.9264,0.9266,5.60,4.60
2009.03.17 15:21:56.686,0.9264,0.9266,6.00,4.60
2009.03.17 15:21:56.906,0.92645,0.9266,1.20,1.60
2009.03.17 15:21:57.776,0.92645,0.92665,1.20,11.60
2009.03.17 15:21:58.556,0.92645,0.9266,1.20,3.00
2009.03.17 15:21:58.775,0.9264,0.9266,4.40,4.20
2009.03.17 15:22:03.654,0.92645,0.92665,3.20,5.80
2009.03.17 15:22:04.054,0.92645,0.92665,4.40,5.80
2009.03.17 15:22:04.224,0.92645,0.92665,14.80,5.80
2009.03.17 15:22:06.334,0.9265,0.92665,4.60,5.80
2009.03.17 15:22:06.504,0.9265,0.92665,4.60,2.80
2009.03.17 15:22:06.684,0.9265,0.92665,4.60,5.80
2009.03.17 15:22:06.855,0.92645,0.92665,21.20,5.80
2009.03.17 15:22:06.974,0.92645,0.92665,17.40,5.80
2009.03.17 15:22:07.144,0.92645,0.92665,7.00,5.80
2009.03.17 15:22:07.204,0.92645,0.92665,3.20,5.80
2009.03.17 15:22:07.954,0.92645,0.9266,7.80,4.60
2009.03.17 15:22:08.184,0.92645,0.9266,6.40,2.80
2009.03.17 15:22:08.413,0.92645,0.9266,1.60,2.00
2009.03.17 15:22:08.753,0.92645,0.92665,1.60,3.00
2009.03.17 15:22:09.044,0.92645,0.92665,1.60,5.80
2009.03.17 15:22:09.673,0.92645,0.92665,1.60,2.80
2009.03.17 15:22:10.523,0.92645,0.92665,1.60,5.80
2009.03.17 15:22:13.522,0.92645,0.92665,1.60,2.80
2009.03.17 15:22:17.061,0.92645,0.92665,1.60,1.60
2009.03.17 15:22:17.281,0.92645,0.9267,1.60,14.20
2009.03.17 15:22:17.561,0.92645,0.9267,1.60,12.80
2009.03.17 15:22:17.671,0.92645,0.9267,4.60,11.60
2009.03.17 15:22:19.211,0.92645,0.9267,4.60,11.40
2009.03.17 15:22:19.871,0.92645,0.92665,4.60,2.80
2009.03.17 15:22:20.160,0.92645,0.92665,4.60,1.80
2009.03.17 15:22:20.441,0.92645,0.9267,4.60,11.60
2009.03.17 15:22:24.819,0.92645,0.92665,1.60,4.60
2009.03.17 15:22:24.989,0.92645,0.92665,1.60,5.80
2009.03.17 15:22:26.199,0.92645,0.92665,1.60,2.80
2009.03.17 15:22:26.489,0.92645,0.92665,4.60,2.80
2009.03.17 15:22:26.659,0.9265,0.9267,6.20,10.20
2009.03.17 15:22:26.839,0.9265,0.9267,6.20,11.40
2009.03.17 15:22:27.119,0.9265,0.9267,1.60,11.40
2009.03.17 15:22:27.349,0.9265,0.92665,1.60,1.60
2009.03.17 15:22:27.568,0.92645,0.92665,6.40,2.80
2009.03.17 15:22:30.208,0.9265,0.9267,7.60,12.80
2009.03.17 15:22:30.479,0.9265,0.9267,7.60,10.20
2009.03.17 15:22:30.538,0.9265,0.9267,7.80,10.20
2009.03.17 15:22:30.648,0.9265,0.9267,7.80,7.20
2009.03.17 15:22:30.918,0.9265,0.9267,10.60,7.20
2009.03.17 15:22:32.637,0.92655,0.9267,1.40,7.20
2009.03.17 15:22:32.858,0.9265,0.9267,3.40,8.40
2009.03.17 15:22:32.918,0.9265,0.9267,2.00,8.40
2009.03.17 15:22:33.157,0.9265,0.9267,2.00,11.40
2009.03.17 15:22:33.208,0.92645,0.9267,6.80,11.60
2009.03.17 15:22:33.907,0.92645,0.9267,4.40,11.60
2009.03.17 15:22:34.687,0.9265,0.9267,1.60,8.40
2009.03.17 15:22:35.347,0.9265,0.9267,1.60,11.40
2009.03.17 15:22:37.618,0.9265,0.9267,1.60,8.40
2009.03.17 15:22:40.246,0.92655,0.9267,9.20,4.80
2009.03.17 15:22:44.806,0.92655,0.9267,9.20,4.80
2009.03.17 15:22:44.974,0.9265,0.9267,15.00,4.80
2009.03.17 15:22:45.025,0.9265,0.9267,15.00,6.40
2009.03.17 15:22:45.205,0.9265,0.9267,4.20,6.40
2009.03.17 15:22:45.264,0.9265,0.9267,1.60,8.40
2009.03.17 15:22:52.183,0.92655,0.9267,1.00,8.40
2009.03.17 15:22:52.243,0.92655,0.9267,1.60,7.20
2009.03.17 15:22:52.963,0.92655,0.9267,4.60,7.20
2009.03.17 15:22:57.002,0.92655,0.9267,4.60,5.60
2009.03.17 15:22:57.171,0.9266,0.9267,1.60,1.60
2009.03.17 15:22:57.291,0.9266,0.9267,1.60,4.80
2009.03.17 15:22:57.461,0.92655,0.9267,9.20,4.80
2009.03.17 15:22:57.911,0.92655,0.9267,4.60,4.80
2009.03.17 15:23:10.948,0.9266,0.9267,1.60,4.80
2009.03.17 15:23:11.348,0.9266,0.9267,1.60,4.80
2009.03.17 15:23:11.458,0.92655,0.9267,6.40,4.80
2009.03.17 15:23:11.678,0.92655,0.9267,1.60,4.80
2009.03.17 15:23:12.028,0.9265,0.9267,4.60,6.00
2009.03.17 15:23:12.358,0.92655,0.9267,1.00,6.00
2009.03.17 15:23:12.648,0.9266,0.9267,6.20,3.20
2009.03.17 15:23:13.168,0.92655,0.9268,18.80,9.60
2009.03.17 15:23:13.458,0.92655,0.9267,21.80,3.20
2009.03.17 15:23:13.738,0.92655,0.9267,18.00,3.20
2009.03.17 15:23:14.068,0.92655,0.9267,7.60,3.20
2009.03.17 15:23:14.457,0.92655,0.9267,11.40,3.20
2009.03.17 15:23:14.867,0.9266,0.9267,9.20,3.20
2009.03.17 15:23:15.707,0.9266,0.9267,6.20,3.20
2009.03.17 15:23:15.997,0.9266,0.9267,1.60,3.20
2009.03.17 15:23:16.847,0.92655,0.9267,21.80,3.20
2009.03.17 15:23:17.127,0.92655,0.9267,20.20,3.20
2009.03.17 15:23:17.587,0.9266,0.9267,1.20,7.40
2009.03.17 15:23:17.817,0.92655,0.9267,12.00,3.20
2009.03.17 15:23:20.156,0.92655,0.92675,11.60,4.40
2009.03.17 15:23:20.566,0.9265,0.92675,12.20,4.40
2009.03.17 15:23:22.315,0.92655,0.92675,1.60,4.40
2009.03.17 15:23:22.666,0.92655,0.9266,1.60,4.80
2009.03.17 15:23:22.785,0.9265,0.9266,6.00,4.80
2009.03.17 15:23:23.085,0.9265,0.9266,4.60,1.60
2009.03.17 15:23:23.435,0.9265,0.92665,6.40,4.80
2009.03.17 15:23:23.775,0.92655,0.9267,12.40,4.20
2009.03.17 15:23:24.125,0.9265,0.9267,7.60,1.00
2009.03.17 15:23:25.975,0.9265,0.9267,4.60,1.00
2009.03.17 15:23:26.314,0.9265,0.9267,7.60,1.00
2009.03.17 15:23:27.854,0.9265,0.9267,4.60,1.00
2009.03.17 15:23:28.264,0.9265,0.9267,4.60,4.20
2009.03.17 15:23:32.953,0.9265,0.9267,8.00,4.40
2009.03.17 15:23:33.113,0.9265,0.92665,6.20,2.80
2009.03.17 15:23:36.062,0.9265,0.9267,4.60,4.20
2009.03.17 15:23:36.412,0.9266,0.9267,4.60,4.20
2009.03.17 15:23:36.752,0.92655,0.92675,13.60,5.40
2009.03.17 15:23:37.222,0.9266,0.9268,4.40,8.20
2009.03.17 15:23:37.682,0.9266,0.9268,3.00,5.80
2009.03.17 15:23:38.132,0.9266,0.9268,1.60,3.00
2009.03.17 15:23:38.651,0.9266,0.9268,1.40,3.00
2009.03.17 15:23:39.871,0.9266,0.9268,1.60,3.00
2009.03.17 15:23:40.261,0.9266,0.9268,1.80,4.20
2009.03.17 15:23:40.551,0.9266,0.9268,3.80,4.20
2009.03.17 15:23:40.911,0.92655,0.9268,26.60,4.20
2009.03.17 15:23:44.370,0.9266,0.92685,1.60,6.80
2009.03.17 15:23:44.600,0.9266,0.92685,1.40,6.80
2009.03.17 15:23:44.880,0.9266,0.92685,1.40,9.40
2009.03.17 15:23:46.120,0.9266,0.92685,1.40,8.20
2009.03.17 15:23:46.230,0.9266,0.92685,1.40,6.80
2009.03.17 15:23:46.289,0.9266,0.92685,1.60,5.20
2009.03.17 15:23:46.470,0.9266,0.92685,3.00,4.40
2009.03.17 15:23:48.239,0.9266,0.9268,2.80,3.00
2009.03.17 15:23:48.409,0.9266,0.9268,2.80,4.20
2009.03.17 15:23:48.849,0.9266,0.9268,2.80,3.00
2009.03.17 15:23:50.838,0.9266,0.92685,3.00,6.00
2009.03.17 15:23:52.158,0.9266,0.9268,3.00,3.00
2009.03.17 15:23:54.958,0.9266,0.9268,3.00,4.20
2009.03.17 15:23:55.447,0.9266,0.9268,3.00,3.00
2009.03.17 15:24:00.696,0.9266,0.92685,3.00,6.00
2009.03.17 15:24:00.756,0.9266,0.9268,3.00,1.00
2009.03.17 15:24:01.346,0.9266,0.9268,6.00,1.00
2009.03.17 15:24:01.696,0.9266,0.9268,12.20,1.00
2009.03.17 15:24:02.226,0.9266,0.9268,14.20,1.00
2009.03.17 15:24:02.406,0.9266,0.9268,16.20,1.00
2009.03.17 15:24:03.345,0.9266,0.9268,13.20,1.00
2009.03.17 15:24:03.635,0.9266,0.9268,13.20,4.20
2009.03.17 15:24:03.815,0.9266,0.9268,7.80,5.80
2009.03.17 15:24:03.935,0.9266,0.92675,7.80,1.60
2009.03.17 15:24:04.277,0.9266,0.92675,6.40,6.00
2009.03.17 15:24:05.325,0.9266,0.92675,1.60,6.00
2009.03.17 15:24:10.934,0.92655,0.92675,10.00,6.00
2009.03.17 15:24:11.044,0.92655,0.92675,15.60,6.00
2009.03.17 15:24:11.094,0.92655,0.92675,13.20,6.00
2009.03.17 15:24:11.384,0.92655,0.92675,9.20,6.00
2009.03.17 15:24:19.462,0.92655,0.92675,6.40,9.00
2009.03.17 15:24:19.942,0.92655,0.92675,10.80,6.00
2009.03.17 15:24:20.231,0.9266,0.92675,4.60,4.80
2009.03.17 15:24:20.531,0.9266,0.92675,4.80,4.80
2009.03.17 15:24:21.291,0.9266,0.92675,4.60,4.80
2009.03.17 15:24:21.462,0.92655,0.9267,7.60,1.00
2009.03.17 15:24:21.691,0.92655,0.92675,7.60,6.00
2009.03.17 15:24:21.911,0.92655,0.92675,9.20,9.00
2009.03.17 15:24:22.131,0.92655,0.92675,6.40,9.00
2009.03.17 15:24:22.591,0.92655,0.92675,6.20,9.00
2009.03.17 15:24:22.811,0.92655,0.92675,6.40,6.00
2009.03.17 15:24:27.210,0.92655,0.92665,6.40,1.60
2009.03.17 15:24:27.500,0.92655,0.92665,4.60,4.80
2009.03.17 15:24:30.019,0.92655,0.9267,6.20,3.20
2009.03.17 15:24:30.339,0.92655,0.92675,6.40,9.00
2009.03.17 15:24:31.029,0.9266,0.9268,2.80,8.60
2009.03.17 15:24:31.379,0.9266,0.9268,2.80,5.80
2009.03.17 15:24:31.609,0.9266,0.9268,3.00,3.00
2009.03.17 15:24:32.378,0.9266,0.9268,2.80,5.60
2009.03.17 15:24:32.668,0.9266,0.9268,2.80,6.60
2009.03.17 15:24:33.138,0.9266,0.92675,3.00,1.00
2009.03.17 15:24:33.468,0.9266,0.92675,2.80,1.00
2009.03.17 15:24:37.107,0.9266,0.92675,2.80,4.20
2009.03.17 15:24:38.127,0.9266,0.92675,2.80,1.00
2009.03.17 15:24:42.816,0.9266,0.92675,2.80,4.20
2009.03.17 15:24:46.285,0.9266,0.9268,2.80,4.40
2009.03.17 15:24:47.155,0.9266,0.9268,2.80,4.20
2009.03.17 15:24:47.435,0.9266,0.9268,7.60,4.20
2009.03.17 15:24:47.715,0.9266,0.92685,16.20,3.20
2009.03.17 15:24:48.285,0.9266,0.92685,8.40,3.20
2009.03.17 15:24:48.514,0.9266,0.92685,8.40,6.00
2009.03.17 15:24:48.744,0.9266,0.9268,2.80,4.20
2009.03.17 15:24:49.274,0.9266,0.9268,4.60,3.00
2009.03.17 15:24:50.024,0.9266,0.92685,12.20,4.40
2009.03.17 15:24:50.244,0.92665,0.92685,2.80,4.40
2009.03.17 15:24:50.814,0.92665,0.9268,2.80,3.00
2009.03.17 15:24:51.104,0.9266,0.9268,4.60,3.00
2009.03.17 15:24:51.334,0.9266,0.9268,2.80,4.40
2009.03.17 15:24:51.574,0.9266,0.92675,2.80,1.00
2009.03.17 15:24:52.324,0.92655,0.9268,22.60,4.40
2009.03.17 15:24:52.544,0.92655,0.9268,26.60,4.40
2009.03.17 15:24:53.473,0.9266,0.92675,1.60,1.00
2009.03.17 15:24:53.693,0.9266,0.92675,2.80,1.00
2009.03.17 15:24:55.253,0.9266,0.92675,2.80,4.20
2009.03.17 15:24:56.552,0.92655,0.92675,19.80,4.40
2009.03.17 15:24:56.662,0.92655,0.92675,19.60,4.40
2009.03.17 15:24:56.832,0.92655,0.92675,15.00,4.20
2009.03.17 15:24:57.053,0.92655,0.92675,3.00,4.20
2009.03.17 15:24:57.343,0.92655,0.92675,1.60,4.20
2009.03.17 15:24:57.702,0.92655,0.92675,5.60,4.20
2009.03.17 15:24:58.272,0.92655,0.92675,5.60,3.00
2009.03.17 15:24:59.303,0.92655,0.92675,1.60,3.00
2009.03.17 15:25:00.281,0.92665,0.9268,1.00,6.40
2009.03.17 15:25:00.392,0.9267,0.9268,4.60,3.80
2009.03.17 15:25:00.512,0.9267,0.9268,4.60,1.60
2009.03.17 15:25:08.440,0.9267,0.9269,6.20,4.20
2009.03.17 15:25:08.790,0.9267,0.92695,7.60,5.60
2009.03.17 15:25:09.299,0.9267,0.92695,11.40,6.00
2009.03.17 15:25:09.569,0.9267,0.9269,8.40,4.20
2009.03.17 15:25:09.850,0.9267,0.9269,4.60,4.20
2009.03.17 15:25:12.079,0.9267,0.92685,4.60,3.20
2009.03.17 15:25:12.189,0.9267,0.92685,9.20,4.80
2009.03.17 15:25:12.419,0.9267,0.92685,6.20,6.00
2009.03.17 15:25:15.728,0.9267,0.92685,4.60,6.00
2009.03.17 15:25:15.898,0.9267,0.92685,4.60,9.00
2009.03.17 15:25:16.009,0.92665,0.9268,7.60,1.60
2009.03.17 15:25:17.108,0.9267,0.92685,4.60,9.00
2009.03.17 15:25:17.827,0.9267,0.9269,2.80,4.40
2009.03.17 15:25:18.188,0.9267,0.92685,7.60,2.80
2009.03.17 15:25:18.487,0.9267,0.92685,4.60,2.80
2009.03.17 15:25:19.877,0.9267,0.9269,2.80,4.20
2009.03.17 15:25:20.647,0.9267,0.92685,4.60,2.80
2009.03.17 15:25:22.856,0.92665,0.92685,26.60,1.00
2009.03.17 15:25:23.196,0.92665,0.9269,26.60,9.20
2009.03.17 15:25:28.325,0.92665,0.9268,8.00,4.80
2009.03.17 15:25:28.555,0.9267,0.92685,4.60,12.20
2009.03.17 15:25:29.065,0.9267,0.92685,4.60,9.00
2009.03.17 15:25:33.254,0.9267,0.92685,4.60,6.00
2009.03.17 15:25:33.544,0.9267,0.92685,6.20,4.80
2009.03.17 15:25:33.874,0.9267,0.92685,4.60,6.00
2009.03.17 15:25:35.013,0.9267,0.9268,4.60,1.00
2009.03.17 15:25:35.253,0.92665,0.9268,22.00,2.80
2009.03.17 15:25:35.543,0.9267,0.92685,4.60,9.00
2009.03.17 15:25:37.633,0.9267,0.92685,4.60,7.80
2009.03.17 15:25:38.033,0.9267,0.92685,4.60,4.80
2009.03.17 15:25:39.292,0.9267,0.92685,6.20,4.80
2009.03.17 15:25:40.843,0.9267,0.92685,4.60,4.80
2009.03.17 15:25:42.902,0.9267,0.92685,6.20,4.80
2009.03.17 15:25:43.022,0.92675,0.92685,4.60,3.20
2009.03.17 15:25:44.841,0.9268,0.92685,4.60,3.20
2009.03.17 15:25:45.421,0.9268,0.9269,4.60,6.40
2009.03.17 15:25:45.882,0.9268,0.9269,4.60,3.20
2009.03.17 15:25:46.500,0.9269,0.92695,4.60,8.90
2009.03.17 15:25:46.940,0.9268,0.9269,6.40,3.20
2009.03.17 15:25:47.352,0.9268,0.92695,6.40,1.60
2009.03.17 15:25:49.950,0.9268,0.92695,4.80,1.60
2009.03.17 15:25:50.240,0.9268,0.927,10.00,7.40
2009.03.17 15:25:50.529,0.9268,0.927,8.60,7.40
2009.03.17 15:25:50.950,0.92685,0.927,4.60,7.40
2009.03.17 15:25:51.309,0.92685,0.927,4.60,3.20
2009.03.17 15:25:52.509,0.9268,0.927,12.60,8.20
2009.03.17 15:25:53.199,0.9268,0.927,12.60,7.40
2009.03.17 15:25:53.549,0.92685,0.927,4.60,4.20
2009.03.17 15:25:53.729,0.92685,0.927,4.60,3.20
2009.03.17 15:25:54.169,0.92685,0.927,4.60,4.20
2009.03.17 15:25:54.459,0.92685,0.927,4.60,3.20
2009.03.17 15:25:54.819,0.9268,0.927,6.40,8.20
2009.03.17 15:25:54.999,0.9268,0.927,6.40,9.80
2009.03.17 15:25:55.688,0.92685,0.927,4.60,5.60
2009.03.17 15:25:56.488,0.92685,0.927,4.60,4.00
2009.03.17 15:25:56.608,0.92685,0.927,4.60,3.20
2009.03.17 15:25:56.958,0.92695,0.927,4.60,3.20
2009.03.17 15:26:02.646,0.9269,0.927,4.60,4.80
2009.03.17 15:26:16.343,0.9269,0.927,6.20,4.80
2009.03.17 15:26:16.633,0.9269,0.9271,8.60,8.20
2009.03.17 15:26:16.813,0.9269,0.9271,7.80,4.20
2009.03.17 15:26:16.993,0.9269,0.9271,7.80,5.40
2009.03.17 15:26:17.453,0.927,0.9271,1.20,6.60
2009.03.17 15:26:27.930,0.9269,0.92705,11.60,3.20
2009.03.17 15:26:28.100,0.9269,0.92705,11.60,6.00
2009.03.17 15:26:28.570,0.9269,0.92705,9.60,2.20
2009.03.17 15:26:28.790,0.9269,0.927,14.60,3.20
2009.03.17 15:26:28.950,0.9269,0.92705,16.20,1.00
2009.03.17 15:26:29.280,0.92695,0.9271,2.80,4.20
2009.03.17 15:26:29.680,0.92695,0.9271,13.20,4.20
2009.03.17 15:26:30.140,0.92695,0.92705,13.20,1.00
2009.03.17 15:26:30.429,0.92695,0.92705,13.20,2.80
2009.03.17 15:26:31.159,0.92695,0.92715,15.40,4.40
2009.03.17 15:26:31.569,0.92695,0.92715,18.80,4.20
2009.03.17 15:26:31.799,0.92695,0.92715,21.80,1.00
2009.03.17 15:26:32.039,0.927,0.9272,1.60,4.40
2009.03.17 15:26:32.659,0.92695,0.92715,26.60,1.00
2009.03.17 15:26:36.068,0.92695,0.92715,26.60,1.00
2009.03.17 15:26:39.697,0.927,0.92715,1.40,1.00
2009.03.17 15:26:39.877,0.927,0.92725,6.40,14.00
2009.03.17 15:26:40.217,0.927,0.92725,9.20,22.00
2009.03.17 15:26:40.737,0.92705,0.92725,1.60,22.00
2009.03.17 15:26:44.496,0.927,0.92725,10.00,22.00
2009.03.17 15:26:45.356,0.927,0.9272,5.20,4.20
2009.03.17 15:26:45.755,0.927,0.9272,3.40,4.40
2009.03.17 15:26:45.916,0.92695,0.92715,10.60,4.20
2009.03.17 15:26:46.136,0.92695,0.92705,2.80,2.80
2009.03.17 15:26:46.355,0.927,0.92705,1.20,1.00
2009.03.17 15:26:46.525,0.9269,0.92715,16.20,6.80
2009.03.17 15:26:46.945,0.92695,0.92715,1.60,6.80
2009.03.17 15:26:47.105,0.92695,0.92715,2.80,6.80
2009.03.17 15:26:47.515,0.92695,0.9271,13.20,2.20
2009.03.17 15:26:47.855,0.927,0.9271,1.20,2.20
2009.03.17 15:26:48.145,0.9269,0.9271,16.20,2.20
2009.03.17 15:26:48.425,0.9269,0.9271,16.00,4.20
2009.03.17 15:26:48.715,0.9269,0.9271,13.00,5.40
2009.03.17 15:26:49.005,0.92695,0.9271,11.60,7.00
2009.03.17 15:26:49.125,0.92695,0.9271,11.60,6.60
2009.03.17 15:26:49.285,0.92695,0.9271,11.60,6.80
2009.03.17 15:26:49.795,0.9269,0.92705,9.60,2.80
2009.03.17 15:26:50.195,0.9269,0.927,4.60,1.60
2009.03.17 15:26:50.644,0.92685,0.927,23.40,4.80
2009.03.17 15:26:50.994,0.9269,0.9271,8.60,8.40
2009.03.17 15:26:51.284,0.9269,0.92705,11.60,2.20
2009.03.17 15:26:52.104,0.9269,0.92705,11.60,4.20
2009.03.17 15:26:52.344,0.9269,0.92705,11.60,2.20
2009.03.17 15:26:53.004,0.9269,0.92705,11.60,2.20
2009.03.17 15:26:53.294,0.9269,0.92705,11.60,1.00
2009.03.17 15:26:54.773,0.9269,0.92705,11.60,1.00
2009.03.17 15:26:55.283,0.9269,0.92705,10.20,2.80
2009.03.17 15:26:55.443,0.9269,0.92705,10.20,9.00
2009.03.17 15:26:55.613,0.9269,0.92705,10.20,5.80
2009.03.17 15:26:55.793,0.9269,0.92705,4.60,5.80
2009.03.17 15:26:58.143,0.9269,0.927,4.60,1.60
2009.03.17 15:26:58.832,0.9269,0.927,1.40,1.00
2009.03.17 15:26:59.182,0.9269,0.92705,4.80,3.20
2009.03.17 15:26:59.532,0.9269,0.927,4.60,1.60
2009.03.17 15:27:00.552,0.9269,0.927,4.60,4.80
2009.03.17 15:27:00.902,0.92685,0.927,5.60,10.60
2009.03.17 15:27:01.252,0.92685,0.92695,1.60,3.00
2009.03.17 15:27:01.422,0.9268,0.92695,2.00,3.00
2009.03.17 15:27:01.872,0.92675,0.92695,6.80,6.00
2009.03.17 15:27:02.112,0.92675,0.92695,4.80,6.00
2009.03.17 15:27:02.452,0.92675,0.92695,1.40,5.80
2009.03.17 15:27:03.092,0.92675,0.92695,2.20,5.80
2009.03.17 15:27:03.211,0.92675,0.92695,2.20,9.00
2009.03.17 15:27:03.382,0.92675,0.92695,2.20,5.80
2009.03.17 15:27:03.911,0.92675,0.92695,2.20,9.00
2009.03.17 15:27:04.442,0.92675,0.92695,13.20,2.80
2009.03.17 15:27:05.151,0.92675,0.9269,6.40,4.80
2009.03.17 15:27:05.381,0.92675,0.9269,10.20,4.80
2009.03.17 15:27:05.731,0.92675,0.9269,10.20,4.80
2009.03.17 15:27:06.021,0.92675,0.9269,6.20,4.80
2009.03.17 15:27:06.251,0.92675,0.9269,1.60,4.80
2009.03.17 15:27:06.541,0.9267,0.9269,17.20,4.80
2009.03.17 15:27:06.830,0.92675,0.9269,6.20,4.80
2009.03.17 15:27:07.170,0.9267,0.9269,15.60,6.00
2009.03.17 15:27:08.550,0.92675,0.9269,4.60,4.80
2009.03.17 15:27:09.190,0.92675,0.9269,4.60,6.00
2009.03.17 15:27:09.420,0.9267,0.9269,13.20,6.00
2009.03.17 15:27:09.770,0.9267,0.9269,6.40,6.00
2009.03.17 15:27:10.399,0.9267,0.9269,9.20,6.00
2009.03.17 15:27:11.189,0.9267,0.9269,13.20,6.00
2009.03.17 15:27:11.540,0.9267,0.9269,10.00,6.00
2009.03.17 15:27:11.779,0.9267,0.9269,11.60,6.00
2009.03.17 15:27:11.949,0.9267,0.9269,10.00,6.00
2009.03.17 15:27:12.239,0.9267,0.9269,15.60,6.00
2009.03.17 15:27:13.159,0.9267,0.9269,13.20,6.00
2009.03.17 15:27:13.919,0.9267,0.9269,9.20,6.00
2009.03.17 15:27:14.648,0.9267,0.9269,6.40,6.00
2009.03.17 15:27:15.048,0.9267,0.9269,11.20,2.80
2009.03.17 15:27:15.379,0.9267,0.9269,16.20,1.00
2009.03.17 15:27:16.328,0.9267,0.92695,16.20,4.40
2009.03.17 15:27:18.477,0.9267,0.92695,16.20,3.20
2009.03.17 15:27:19.907,0.9267,0.92695,17.80,3.20
2009.03.17 15:27:20.077,0.9267,0.92695,18.60,3.20
2009.03.17 15:27:21.907,0.9267,0.92695,16.20,3.20
2009.03.17 15:27:22.816,0.92675,0.92695,10.20,3.00
2009.03.17 15:27:23.317,0.92675,0.92695,10.20,3.00
2009.03.17 15:27:24.976,0.92675,0.927,10.20,11.60
2009.03.17 15:27:26.226,0.9268,0.927,1.60,11.60
2009.03.17 15:27:26.566,0.92675,0.92695,5.60,3.00
2009.03.17 15:27:27.825,0.92675,0.92705,8.40,43.00
2009.03.17 15:27:34.204,0.9268,0.927,1.60,11.40
2009.03.17 15:27:34.544,0.9268,0.927,6.40,11.40
2009.03.17 15:27:34.844,0.9268,0.92695,6.40,3.20
2009.03.17 15:27:35.204,0.9268,0.92695,4.60,4.20
2009.03.17 15:27:35.534,0.9268,0.927,4.60,8.40
2009.03.17 15:27:35.823,0.9268,0.927,13.20,6.60
2009.03.17 15:27:36.324,0.9268,0.927,10.00,4.20
2009.03.17 15:27:36.723,0.9268,0.927,5.60,7.40
2009.03.17 15:27:37.013,0.9268,0.927,1.60,9.00
2009.03.17 15:27:37.183,0.9268,0.927,5.60,6.60
2009.03.17 15:27:37.303,0.9268,0.927,5.60,9.80
2009.03.17 15:27:37.543,0.9268,0.927,1.60,9.80
2009.03.17 15:27:38.293,0.9268,0.927,8.40,9.80
2009.03.17 15:27:38.573,0.9268,0.927,13.20,6.60
2009.03.17 15:27:38.843,0.9268,0.927,11.40,6.60
2009.03.17 15:27:39.013,0.9268,0.927,9.20,5.80
2009.03.17 15:27:39.823,0.9268,0.927,9.20,4.80
2009.03.17 15:27:40.053,0.92685,0.927,1.60,4.80
2009.03.17 15:27:40.223,0.9269,0.927,4.60,6.40
2009.03.17 15:27:40.512,0.9269,0.927,4.60,4.80
2009.03.17 15:27:46.211,0.9269,0.927,4.80,4.80
2009.03.17 15:27:46.381,0.9269,0.92705,4.80,13.00
2009.03.17 15:27:46.671,0.9269,0.927,4.80,3.20
2009.03.17 15:27:46.841,0.9269,0.927,4.60,4.80
2009.03.17 15:27:48.180,0.9269,0.927,4.80,4.80
2009.03.17 15:27:48.511,0.9269,0.92705,4.40,22.60
2009.03.17 15:27:48.680,0.9269,0.92705,4.80,23.20
2009.03.17 15:27:48.970,0.9269,0.927,4.80,3.20
2009.03.17 15:27:50.870,0.9269,0.927,4.60,3.20
2009.03.17 15:27:51.280,0.9269,0.927,4.60,4.80
2009.03.17 15:27:51.799,0.92685,0.927,1.60,4.80
2009.03.17 15:27:52.079,0.9268,0.927,9.20,6.00
2009.03.17 15:27:52.199,0.9268,0.927,6.40,6.00
2009.03.17 15:27:53.159,0.9268,0.927,6.40,9.00
2009.03.17 15:27:53.859,0.9268,0.927,6.40,9.80
2009.03.17 15:27:55.169,0.9268,0.92695,4.60,1.60
2009.03.17 15:27:55.389,0.92675,0.92695,10.80,2.60
2009.03.17 15:27:55.569,0.92675,0.92695,8.00,2.60
2009.03.17 15:27:56.248,0.92675,0.92695,10.80,2.00
2009.03.17 15:27:56.418,0.92675,0.92695,10.80,1.80
2009.03.17 15:27:56.658,0.92675,0.9269,6.20,2.60
2009.03.17 15:27:56.768,0.92675,0.9269,6.20,2.00
2009.03.17 15:27:56.948,0.92675,0.927,14.80,10.00
2009.03.17 15:27:57.068,0.9268,0.927,4.60,10.00
2009.03.17 15:27:57.348,0.9268,0.927,4.60,9.80
2009.03.17 15:27:57.458,0.9268,0.927,6.40,6.60
2009.03.17 15:27:57.858,0.9268,0.927,13.20,6.60
2009.03.17 15:27:58.148,0.9268,0.927,6.40,8.20
2009.03.17 15:27:58.328,0.9268,0.927,1.60,11.40
2009.03.17 15:27:58.498,0.9268,0.927,9.20,8.20
2009.03.17 15:27:58.728,0.9268,0.927,13.20,8.20
2009.03.17 15:28:00.288,0.9268,0.927,11.40,8.20
2009.03.17 15:28:00.407,0.9268,0.927,9.20,8.20
2009.03.17 15:28:00.577,0.9268,0.927,11.20,8.20
2009.03.17 15:28:00.747,0.9268,0.927,13.20,8.20
2009.03.17 15:28:01.887,0.9268,0.927,9.20,8.20
2009.03.17 15:28:03.057,0.9268,0.927,13.20,8.20
2009.03.17 15:28:04.246,0.9268,0.927,9.20,8.20
2009.03.17 15:28:05.236,0.9268,0.927,11.20,8.20
2009.03.17 15:28:05.466,0.9268,0.927,13.20,8.20
2009.03.17 15:28:05.756,0.9268,0.927,9.20,8.20
2009.03.17 15:28:06.096,0.9268,0.927,13.20,8.20
2009.03.17 15:28:10.006,0.92685,0.927,2.80,8.20
2009.03.17 15:28:10.116,0.92685,0.927,3.00,7.20
2009.03.17 15:28:10.285,0.9269,0.927,4.60,7.20
2009.03.17 15:28:10.395,0.92685,0.927,4.60,8.20
2009.03.17 15:28:10.675,0.92685,0.927,4.60,4.80
2009.03.17 15:28:12.165,0.92685,0.927,7.60,4.80
2009.03.17 15:28:12.405,0.9269,0.927,4.60,4.80
2009.03.17 15:28:14.684,0.9269,0.927,6.40,3.20
2009.03.17 15:28:16.704,0.9269,0.927,6.40,4.80
2009.03.17 15:28:16.914,0.9269,0.927,4.60,4.80
2009.03.17 15:28:17.625,0.92685,0.927,4.80,4.80
2009.03.17 15:28:17.803,0.9269,0.927,4.60,4.80
2009.03.17 15:28:19.353,0.9269,0.927,4.40,3.20
2009.03.17 15:28:19.583,0.9269,0.927,4.80,3.20
2009.03.17 15:28:20.213,0.9269,0.927,4.60,4.80
2009.03.17 15:28:20.742,0.9269,0.927,4.80,4.80
2009.03.17 15:28:21.023,0.92685,0.927,6.60,3.20
2009.03.17 15:28:21.483,0.9269,0.927,4.60,4.80
2009.03.17 15:28:23.022,0.92685,0.927,4.60,4.80
2009.03.17 15:28:23.782,0.9269,0.927,4.60,4.80
2009.03.17 15:28:26.801,0.92685,0.927,6.20,4.80
2009.03.17 15:28:26.981,0.92685,0.927,4.60,4.80
2009.03.17 15:28:27.202,0.9269,0.927,4.60,4.80
2009.03.17 15:28:32.061,0.927,0.92715,1.40,4.00
2009.03.17 15:28:32.400,0.927,0.9272,1.60,2.40
2009.03.17 15:28:32.730,0.927,0.9272,4.60,2.40
2009.03.17 15:28:33.080,0.92705,0.9272,4.60,2.40
2009.03.17 15:28:33.420,0.92705,0.92725,4.60,11.40
2009.03.17 15:28:33.659,0.92705,0.92725,4.80,8.20
2009.03.17 15:28:33.880,0.927,0.92725,11.40,11.60
2009.03.17 15:28:34.160,0.927,0.92725,8.40,11.60
2009.03.17 15:28:35.559,0.92705,0.92725,6.20,11.60
2009.03.17 15:28:35.849,0.92705,0.92725,6.40,8.20
2009.03.17 15:28:40.178,0.92705,0.9272,4.60,4.80
2009.03.17 15:28:40.818,0.927,0.9272,5.40,5.80
2009.03.17 15:28:41.118,0.92705,0.9272,4.60,4.80
2009.03.17 15:28:41.798,0.927,0.9272,5.40,4.80
2009.03.17 15:28:42.257,0.92705,0.9272,4.60,4.80
2009.03.17 15:28:42.547,0.92705,0.9272,9.20,4.80
2009.03.17 15:28:43.117,0.9271,0.9272,4.60,4.80
2009.03.17 15:28:43.287,0.92705,0.9272,4.60,4.80
2009.03.17 15:28:43.467,0.92705,0.9272,4.60,5.80
2009.03.17 15:28:43.827,0.927,0.9272,6.20,5.80
2009.03.17 15:28:44.288,0.927,0.9272,9.20,5.80
2009.03.17 15:28:46.786,0.927,0.9272,6.20,6.80
2009.03.17 15:28:46.906,0.927,0.92715,4.80,2.60
2009.03.17 15:28:47.066,0.927,0.92715,4.40,2.60
2009.03.17 15:28:47.646,0.92695,0.92715,16.20,2.60
2009.03.17 15:28:49.776,0.92705,0.92715,1.20,2.60
2009.03.17 15:28:49.945,0.92705,0.9272,4.60,4.80
2009.03.17 15:28:53.705,0.927,0.9272,1.60,5.80
2009.03.17 15:28:54.055,0.927,0.9272,4.40,5.80
2009.03.17 15:28:54.444,0.927,0.9272,6.40,5.80
2009.03.17 15:28:56.924,0.927,0.9272,4.40,5.80
2009.03.17 15:28:56.975,0.927,0.9272,4.40,7.40
2009.03.17 15:28:57.154,0.927,0.9272,3.00,8.20
2009.03.17 15:28:57.324,0.92695,0.9272,13.20,11.40
2009.03.17 15:28:58.953,0.92695,0.9272,13.20,11.60
2009.03.17 15:28:59.463,0.92695,0.92715,13.20,1.60
2009.03.17 15:28:59.703,0.92695,0.92715,8.60,5.80
2009.03.17 15:29:00.263,0.92695,0.92715,10.20,4.00
2009.03.17 15:29:01.303,0.92695,0.92715,10.00,6.00
2009.03.17 15:29:01.813,0.92695,0.92715,8.60,6.00
2009.03.17 15:29:02.163,0.92695,0.92715,4.60,7.60
2009.03.17 15:29:02.342,0.92695,0.92715,4.60,8.40
2009.03.17 15:29:04.482,0.92695,0.92715,4.60,11.40
2009.03.17 15:29:05.742,0.92695,0.9271,4.60,4.80
2009.03.17 15:29:05.982,0.92695,0.9271,4.60,11.40
2009.03.17 15:29:06.332,0.92695,0.9271,4.60,8.20
2009.03.17 15:29:06.831,0.92695,0.9271,4.60,11.40
2009.03.17 15:29:07.121,0.92695,0.9271,4.60,10.60
2009.03.17 15:29:07.582,0.92695,0.9271,4.60,11.40
2009.03.17 15:29:09.861,0.92695,0.927,4.60,1.00
2009.03.17 15:29:10.411,0.92695,0.92705,4.60,3.40
2009.03.17 15:29:10.690,0.9269,0.92705,9.40,2.40
2009.03.17 15:29:10.980,0.92685,0.92705,5.40,4.40
2009.03.17 15:29:11.560,0.92685,0.92705,5.40,5.60
2009.03.17 15:29:11.910,0.92685,0.92705,1.60,6.80
2009.03.17 15:29:12.270,0.9268,0.927,5.60,3.00
2009.03.17 15:29:12.610,0.9268,0.927,1.60,3.00
2009.03.17 15:29:12.900,0.9268,0.927,1.60,3.00
2009.03.17 15:29:13.970,0.9268,0.927,3.40,3.00
2009.03.17 15:29:14.079,0.9268,0.927,5.60,3.00
2009.03.17 15:29:14.369,0.9268,0.927,3.60,3.00
2009.03.17 15:29:14.549,0.9268,0.927,1.60,3.00
2009.03.17 15:29:14.959,0.9268,0.927,1.60,4.00
2009.03.17 15:29:15.250,0.92685,0.927,4.60,2.00
2009.03.17 15:29:15.429,0.92685,0.92705,6.20,7.00
2009.03.17 15:29:15.999,0.9268,0.927,1.60,2.00
2009.03.17 15:29:17.099,0.9268,0.927,4.60,2.00
2009.03.17 15:29:17.209,0.9268,0.927,1.60,2.00
2009.03.17 15:29:17.329,0.9268,0.92695,1.60,1.00
2009.03.17 15:29:17.619,0.9268,0.92695,4.60,1.00
2009.03.17 15:29:17.909,0.9268,0.92705,4.60,6.80
2009.03.17 15:29:18.469,0.9268,0.92705,4.60,6.40
2009.03.17 15:29:18.710,0.92685,0.92705,1.00,6.40
2009.03.17 15:29:19.388,0.92685,0.92705,1.60,6.40
2009.03.17 15:29:19.668,0.9269,0.9271,1.60,10.80
2009.03.17 15:29:20.248,0.9269,0.9271,1.60,8.40
2009.03.17 15:29:21.408,0.92685,0.92705,9.20,1.80
2009.03.17 15:29:23.787,0.92685,0.9271,9.20,8.40
2009.03.17 15:29:24.547,0.92685,0.9271,11.60,8.40
2009.03.17 15:29:24.727,0.92685,0.9271,9.20,8.40
2009.03.17 15:29:25.068,0.92685,0.9271,9.20,11.60
2009.03.17 15:29:25.247,0.92685,0.9271,9.20,8.40
2009.03.17 15:29:30.106,0.92685,0.9271,9.20,11.60
2009.03.17 15:29:30.376,0.92685,0.9271,9.20,8.40
2009.03.17 15:29:32.106,0.92685,0.9271,6.20,8.40
2009.03.17 15:29:32.505,0.9269,0.9271,4.60,11.60
2009.03.17 15:29:32.625,0.9269,0.9271,6.20,11.60
2009.03.17 15:29:32.845,0.9269,0.9271,1.60,11.60
2009.03.17 15:29:34.606,0.92685,0.9271,6.40,11.60
2009.03.17 15:29:35.534,0.92685,0.9271,9.20,11.60
2009.03.17 15:29:36.334,0.92685,0.9271,6.40,11.60
2009.03.17 15:29:36.574,0.92685,0.9271,10.20,11.60
2009.03.17 15:29:36.634,0.9269,0.9271,4.60,11.60
2009.03.17 15:29:36.914,0.9269,0.9271,6.20,10.80
2009.03.17 15:29:37.664,0.9269,0.9271,6.40,9.80
2009.03.17 15:29:37.834,0.92695,0.9271,4.60,9.40
2009.03.17 15:29:38.294,0.92695,0.9271,4.60,7.80
2009.03.17 15:29:38.454,0.92695,0.9271,4.60,4.80
2009.03.17 15:29:39.783,0.92695,0.9271,4.80,4.80
2009.03.17 15:29:40.184,0.92695,0.9271,6.40,4.80
2009.03.17 15:29:40.413,0.92695,0.9271,7.80,4.80
2009.03.17 15:29:40.643,0.927,0.9271,4.60,3.20
2009.03.17 15:29:42.583,0.92695,0.9271,9.20,4.80
2009.03.17 15:29:42.913,0.92695,0.9271,9.20,1.60
2009.03.17 15:29:43.083,0.92695,0.9271,9.20,4.80
2009.03.17 15:29:43.483,0.92695,0.9271,1.60,4.80
2009.03.17 15:29:43.593,0.9269,0.9271,9.20,5.80
2009.03.17 15:29:48.351,0.9269,0.9271,6.40,5.80
2009.03.17 15:29:48.692,0.9269,0.9271,9.20,5.80
2009.03.17 15:29:49.492,0.92695,0.9271,3.20,5.80
2009.03.17 15:29:49.891,0.92705,0.9271,1.60,3.20
2009.03.17 15:29:50.621,0.9271,0.9272,2.40,4.00
2009.03.17 15:29:51.071,0.92715,0.9272,2.90,1.60
2009.03.17 15:29:51.531,0.92715,0.92725,4.60,3.40
2009.03.17 15:29:51.931,0.9271,0.92725,4.80,1.20
2009.03.17 15:29:52.340,0.92705,0.92725,19.80,1.20
2009.03.17 15:29:52.690,0.92705,0.92725,12.80,1.80
2009.03.17 15:29:53.160,0.9271,0.92725,3.00,1.80
2009.03.17 15:29:53.320,0.92715,0.9273,1.20,5.60
2009.03.17 15:29:53.930,0.9271,0.9273,4.20,6.60
2009.03.17 15:29:54.110,0.9271,0.9273,4.20,9.20
2009.03.17 15:29:54.740,0.9271,0.9273,5.60,5.80
2009.03.17 15:29:55.550,0.9271,0.9273,5.40,12.00
2009.03.17 15:29:55.839,0.9271,0.9273,5.40,9.20
2009.03.17 15:29:57.609,0.9271,0.9273,5.40,9.00
2009.03.17 15:29:57.899,0.9271,0.9273,4.60,10.00
2009.03.17 15:29:58.519,0.92705,0.92725,3.00,3.20
2009.03.17 15:29:58.989,0.92715,0.9273,4.60,8.60
2009.03.17 15:30:00.678,0.92705,0.9272,6.40,1.60
2009.03.17 15:30:00.959,0.92715,0.9273,4.60,11.20
2009.03.17 15:30:01.289,0.9271,0.92725,4.40,3.20
2009.03.17 15:30:01.678,0.927,0.92725,16.20,6.00
2009.03.17 15:30:02.068,0.927,0.9272,9.20,3.20
2009.03.17 15:30:02.348,0.92695,0.9272,18.80,6.00
2009.03.17 15:30:02.698,0.92695,0.9272,18.80,4.40
2009.03.17 15:30:03.148,0.927,0.9272,6.20,6.40
2009.03.17 15:30:03.548,0.927,0.9272,9.20,6.40
2009.03.17 15:30:03.778,0.92705,0.92725,1.60,19.80
2009.03.17 15:30:04.008,0.92705,0.92725,1.60,9.40
2009.03.17 15:30:04.237,0.92705,0.9272,1.60,3.20
2009.03.17 15:30:04.577,0.927,0.9272,4.60,4.40
2009.03.17 15:30:04.918,0.927,0.9272,9.20,3.00
2009.03.17 15:30:05.407,0.92705,0.92725,6.20,9.40
2009.03.17 15:30:05.587,0.92705,0.92725,1.60,9.40
2009.03.17 15:30:06.477,0.92705,0.92725,1.60,7.40
2009.03.17 15:30:06.717,0.92705,0.92725,1.60,11.60
2009.03.17 15:30:06.957,0.92705,0.92725,1.60,22.00
2009.03.17 15:30:07.187,0.92705,0.92725,1.60,16.00
2009.03.17 15:30:07.477,0.92705,0.92725,1.60,5.60
2009.03.17 15:30:10.436,0.92705,0.92725,6.20,5.80
2009.03.17 15:30:11.066,0.92705,0.92725,6.40,4.00
2009.03.17 15:30:11.236,0.92705,0.92725,6.40,3.00
2009.03.17 15:30:16.535,0.92705,0.92725,6.40,3.20
2009.03.17 15:30:16.764,0.927,0.9272,12.20,1.20
2009.03.17 15:30:16.935,0.92705,0.92725,1.60,4.00
2009.03.17 15:30:17.214,0.92705,0.92725,1.60,4.00
2009.03.17 15:30:17.664,0.92705,0.92725,6.40,3.00
2009.03.17 15:30:17.994,0.92705,0.92725,6.40,7.80
2009.03.17 15:30:18.274,0.9271,0.92725,6.40,4.80
2009.03.17 15:30:19.154,0.92715,0.92725,4.60,3.20
2009.03.17 15:30:19.454,0.9271,0.92725,1.60,10.60
2009.03.17 15:30:19.784,0.92705,0.92725,9.20,12.00
2009.03.17 15:30:20.124,0.92705,0.92715,1.60,3.00
2009.03.17 15:30:20.634,0.92705,0.92715,1.60,9.60
2009.03.17 15:30:21.153,0.92705,0.92715,1.60,6.00
2009.03.17 15:30:21.613,0.92695,0.92705,3.50,1.60
2009.03.17 15:30:21.953,0.92705,0.9271,1.60,6.00
2009.03.17 15:30:22.293,0.9269,0.92705,5.40,1.60
2009.03.17 15:30:23.073,0.92695,0.92705,1.60,1.60
2009.03.17 15:30:23.343,0.9269,0.92705,9.20,2.60
2009.03.17 15:30:23.573,0.9269,0.92705,7.60,2.60
2009.03.17 15:30:25.022,0.9269,0.92705,6.00,6.00
2009.03.17 15:30:25.322,0.9269,0.92705,4.60,2.60
2009.03.17 15:30:27.052,0.9269,0.92705,4.60,3.80
2009.03.17 15:30:27.292,0.9269,0.92705,4.60,5.40
2009.03.17 15:30:27.632,0.9269,0.92705,4.60,4.20
2009.03.17 15:30:27.862,0.9269,0.92705,4.60,2.60
2009.03.17 15:30:28.432,0.9269,0.92705,4.60,5.40
2009.03.17 15:30:28.592,0.9269,0.92705,4.60,5.60
2009.03.17 15:30:29.112,0.92685,0.927,13.20,4.00
2009.03.17 15:30:29.341,0.92685,0.927,18.00,5.80
2009.03.17 15:30:31.451,0.9269,0.927,4.60,4.00
2009.03.17 15:30:31.631,0.9269,0.92705,4.60,7.00
2009.03.17 15:30:31.971,0.9269,0.92705,4.60,4.00
2009.03.17 15:30:32.141,0.9269,0.92705,4.60,2.60
2009.03.17 15:30:32.661,0.9269,0.927,4.60,1.60
2009.03.17 15:30:32.951,0.92695,0.9271,4.60,9.20
2009.03.17 15:30:33.241,0.9269,0.9271,6.20,9.20
2009.03.17 15:30:33.471,0.9269,0.9271,6.40,9.00
2009.03.17 15:30:34.221,0.9269,0.9271,6.20,9.00
2009.03.17 15:30:34.460,0.9269,0.9271,6.40,9.00
2009.03.17 15:30:39.569,0.9269,0.9271,6.20,9.20
2009.03.17 15:30:41.139,0.9269,0.9271,4.60,9.20
2009.03.17 15:30:41.598,0.9269,0.9271,4.60,12.00
2009.03.17 15:30:45.967,0.9269,0.9271,4.60,10.40
2009.03.17 15:30:46.237,0.9269,0.9271,4.60,9.20
2009.03.17 15:30:46.357,0.9269,0.9271,6.20,9.20
2009.03.17 15:30:46.707,0.9269,0.9271,6.20,9.40
2009.03.17 15:30:46.877,0.9269,0.9271,4.60,10.60
2009.03.17 15:30:47.057,0.9269,0.9271,6.20,12.20
2009.03.17 15:30:47.407,0.9269,0.92705,4.60,2.20
2009.03.17 15:30:47.817,0.9269,0.9271,4.60,9.60
2009.03.17 15:30:48.457,0.9269,0.92705,4.60,1.20
2009.03.17 15:30:48.637,0.9269,0.9271,6.20,9.20
2009.03.17 15:30:50.656,0.9269,0.9271,4.60,9.20
2009.03.17 15:30:52.286,0.9269,0.9271,6.20,9.20
2009.03.17 15:31:00.264,0.9269,0.92705,4.60,1.20
2009.03.17 15:31:00.374,0.9269,0.927,4.60,1.60
2009.03.17 15:31:00.884,0.92685,0.927,1.60,6.00
2009.03.17 15:31:01.224,0.9268,0.92695,3.80,2.20
2009.03.17 15:31:01.574,0.92675,0.92695,1.60,3.00
2009.03.17 15:31:02.153,0.9267,0.9269,7.60,2.20
2009.03.17 15:31:02.373,0.9267,0.9269,4.60,3.00
2009.03.17 15:31:02.595,0.9267,0.9269,4.60,1.80
2009.03.17 15:31:07.662,0.9267,0.9269,4.40,2.60
2009.03.17 15:31:09.172,0.9267,0.9269,4.40,2.00
2009.03.17 15:31:11.711,0.9267,0.9269,4.40,4.00
2009.03.17 15:31:11.871,0.9267,0.9269,3.00,9.80
2009.03.17 15:31:12.031,0.9267,0.9269,3.00,10.00
2009.03.17 15:31:12.151,0.92665,0.9269,6.20,12.40
2009.03.17 15:31:13.401,0.92665,0.92685,3.20,1.80
2009.03.17 15:31:15.480,0.92665,0.92685,6.20,1.80
2009.03.17 15:31:15.660,0.92665,0.9268,10.80,1.00
2009.03.17 15:31:20.309,0.9267,0.9269,3.00,8.20
2009.03.17 15:31:22.499,0.92675,0.9269,9.00,3.40
2009.03.17 15:31:22.789,0.92675,0.92695,9.20,11.40
2009.03.17 15:31:23.019,0.9268,0.92695,1.00,1.80
2009.03.17 15:31:23.188,0.9268,0.927,4.40,3.40
2009.03.17 15:31:23.588,0.9268,0.927,4.40,5.00
2009.03.17 15:31:24.048,0.9267,0.92685,5.80,4.20
2009.03.17 15:31:24.338,0.9267,0.92685,1.60,5.80
2009.03.17 15:31:24.628,0.9267,0.92685,2.80,1.20
2009.03.17 15:31:24.968,0.9267,0.92685,5.80,1.20
2009.03.17 15:31:25.258,0.9267,0.92695,7.40,7.40
2009.03.17 15:31:26.048,0.9267,0.9269,6.00,1.20
2009.03.17 15:31:26.718,0.9267,0.92685,3.00,1.20
2009.03.17 15:31:26.938,0.9267,0.92685,2.80,1.20
2009.03.17 15:31:28.127,0.9267,0.9269,3.00,1.20
2009.03.17 15:31:28.357,0.9267,0.92685,3.00,1.20
2009.03.17 15:31:29.107,0.9267,0.9269,2.80,4.40
2009.03.17 15:31:29.697,0.92675,0.92685,1.20,1.60
2009.03.17 15:31:30.157,0.92665,0.92685,26.60,2.60
2009.03.17 15:31:30.447,0.9267,0.92685,2.80,2.60
2009.03.17 15:31:30.967,0.92665,0.92685,26.60,2.60
2009.03.17 15:31:31.376,0.9267,0.9269,9.40,2.60
2009.03.17 15:31:31.606,0.9267,0.9269,8.00,2.60
2009.03.17 15:31:31.886,0.9267,0.9269,12.20,2.60
2009.03.17 15:31:32.286,0.92675,0.92695,1.60,4.40
2009.03.17 15:31:32.526,0.92675,0.92695,1.60,4.00
2009.03.17 15:31:32.986,0.9267,0.9269,12.20,2.60
2009.03.17 15:31:33.336,0.9267,0.9269,12.20,1.20
2009.03.17 15:31:33.616,0.9267,0.9269,9.40,5.80
2009.03.17 15:31:34.196,0.9267,0.9269,9.20,5.80
2009.03.17 15:31:34.785,0.9267,0.9269,9.20,6.00
2009.03.17 15:31:34.955,0.9267,0.92685,7.60,2.60
2009.03.17 15:31:35.875,0.9267,0.9269,7.80,5.80
2009.03.17 15:31:36.395,0.9267,0.9269,6.40,5.80
2009.03.17 15:31:36.625,0.9267,0.92685,6.20,2.60
2009.03.17 15:31:36.905,0.9267,0.92685,6.40,2.00
2009.03.17 15:31:37.235,0.9267,0.92685,6.40,1.20
2009.03.17 15:31:37.815,0.9267,0.9269,6.40,5.80
2009.03.17 15:31:38.025,0.9267,0.92685,6.40,2.60
2009.03.17 15:31:38.995,0.9267,0.9269,10.80,2.60
2009.03.17 15:31:39.214,0.92675,0.9269,3.00,1.80
2009.03.17 15:31:39.444,0.9268,0.92695,4.40,4.80
2009.03.17 15:31:39.844,0.92685,0.927,4.60,4.80
2009.03.17 15:31:40.194,0.9268,0.927,6.40,5.80
2009.03.17 15:31:40.424,0.9268,0.927,9.20,5.80
2009.03.17 15:31:40.714,0.9268,0.927,4.60,4.80
2009.03.17 15:31:40.944,0.9268,0.927,9.20,4.80
2009.03.17 15:31:41.474,0.9268,0.927,4.60,4.80
2009.03.17 15:31:42.174,0.92685,0.92705,1.60,11.40
2009.03.17 15:31:44.923,0.92685,0.927,1.00,1.80
2009.03.17 15:31:45.263,0.9268,0.927,4.60,1.80
2009.03.17 15:31:45.503,0.9268,0.927,3.00,1.80
2009.03.17 15:31:48.032,0.9268,0.927,4.60,1.80
2009.03.17 15:31:49.602,0.9268,0.927,3.00,1.80
2009.03.17 15:31:51.291,0.92685,0.927,4.60,1.80
2009.03.17 15:31:51.571,0.92685,0.92705,6.20,11.60
2009.03.17 15:31:51.911,0.92685,0.92705,6.20,9.00
2009.03.17 15:31:56.031,0.9269,0.92705,4.60,6.80
2009.03.17 15:31:56.200,0.9269,0.92705,4.60,7.20
2009.03.17 15:31:56.370,0.9269,0.92705,4.60,6.00
2009.03.17 15:31:56.550,0.92685,0.92705,6.20,8.20
2009.03.17 15:31:57.040,0.92685,0.92705,6.20,9.20
2009.03.17 15:31:57.380,0.92685,0.92705,1.60,5.80
2009.03.17 15:31:57.781,0.92685,0.92705,6.40,5.80
2009.03.17 15:31:58.630,0.9269,0.92705,6.20,4.80
2009.03.17 15:32:03.858,0.9269,0.92705,6.40,4.80
2009.03.17 15:32:04.418,0.92685,0.92695,6.40,3.20
2009.03.17 15:32:04.659,0.92685,0.92695,7.60,3.20
2009.03.17 15:32:04.838,0.92685,0.92705,9.20,4.80
2009.03.17 15:32:10.857,0.92685,0.92705,4.80,9.00
2009.03.17 15:32:11.137,0.92685,0.92705,6.40,9.00
2009.03.17 15:32:12.996,0.92685,0.92705,4.80,9.00
2009.03.17 15:32:13.346,0.92685,0.92705,6.40,9.00
2009.03.17 15:32:13.516,0.92685,0.92705,6.20,9.00
2009.03.17 15:32:13.636,0.92685,0.92705,4.60,9.00
2009.03.17 15:32:14.666,0.92685,0.92705,4.80,9.00
2009.03.17 15:32:15.076,0.92685,0.92705,7.60,5.80
2009.03.17 15:32:15.815,0.92685,0.92695,4.60,1.60
2009.03.17 15:32:16.096,0.92685,0.92695,6.20,1.60
2009.03.17 15:32:16.376,0.92685,0.92705,4.60,9.00
2009.03.17 15:32:17.225,0.92685,0.92705,6.40,5.80
2009.03.17 15:32:19.465,0.92685,0.92705,9.20,5.80
2009.03.17 15:32:22.204,0.92685,0.92705,6.40,5.80
2009.03.17 15:32:22.374,0.92685,0.92705,4.80,5.80
2009.03.17 15:32:22.824,0.9268,0.92705,15.40,9.20
2009.03.17 15:32:22.994,0.9268,0.92695,10.60,2.60
2009.03.17 15:32:23.334,0.9268,0.92695,7.80,2.60
2009.03.17 15:32:23.504,0.9268,0.927,9.40,2.20
2009.03.17 15:32:23.904,0.9268,0.927,10.60,2.20
2009.03.17 15:32:24.074,0.9268,0.92705,3.00,11.60
2009.03.17 15:32:24.244,0.9268,0.927,3.00,1.60
2009.03.17 15:32:24.464,0.92675,0.927,6.40,6.80
2009.03.17 15:32:24.694,0.92675,0.927,4.60,6.80
2009.03.17 15:32:25.213,0.92675,0.92695,4.60,1.60
2009.03.17 15:32:25.444,0.92675,0.9269,4.60,1.00
2009.03.17 15:32:25.683,0.92675,0.92695,3.00,1.80
2009.03.17 15:32:26.493,0.9267,0.9268,8.00,4.80
2009.03.17 15:32:26.783,0.9267,0.9268,4.40,4.80
2009.03.17 15:32:27.073,0.92675,0.92695,1.40,8.40
2009.03.17 15:32:27.603,0.92675,0.92695,1.40,2.00
2009.03.17 15:32:30.792,0.9267,0.9268,3.80,4.80
2009.03.17 15:32:30.902,0.92665,0.9268,4.80,4.80
2009.03.17 15:32:31.312,0.92665,0.9268,6.40,4.80
2009.03.17 15:32:33.981,0.92665,0.9268,4.80,4.80
2009.03.17 15:32:34.221,0.92665,0.9268,6.40,4.80
2009.03.17 15:32:36.740,0.92665,0.9268,6.40,3.20
2009.03.17 15:32:36.911,0.92665,0.92685,13.20,18.60
2009.03.17 15:32:37.090,0.9267,0.92685,4.40,1.60
2009.03.17 15:32:37.440,0.9267,0.92685,8.40,1.60
2009.03.17 15:32:37.890,0.9267,0.92685,4.60,1.60
2009.03.17 15:32:40.769,0.92675,0.92695,1.60,6.80
2009.03.17 15:32:41.120,0.9267,0.9269,1.60,1.80
2009.03.17 15:32:41.629,0.9267,0.9268,1.60,4.80
2009.03.17 15:32:41.979,0.9267,0.9268,4.60,4.80
2009.03.17 15:32:42.330,0.92665,0.9268,8.00,4.80
2009.03.17 15:32:44.249,0.9267,0.9268,4.60,4.80
2009.03.17 15:32:44.928,0.92665,0.9268,8.00,4.80
2009.03.17 15:32:45.259,0.92665,0.9268,6.40,4.80
2009.03.17 15:32:47.718,0.92665,0.9268,9.20,4.80
2009.03.17 15:32:47.838,0.9267,0.9268,4.60,4.80
2009.03.17 15:32:50.077,0.9267,0.9268,5.80,1.60
2009.03.17 15:32:50.247,0.92675,0.9269,4.60,6.60
2009.03.17 15:32:50.357,0.92675,0.9269,6.20,11.00
2009.03.17 15:32:50.587,0.92675,0.9269,6.20,4.20
2009.03.17 15:32:50.757,0.92685,0.9269,3.00,1.20
2009.03.17 15:32:50.937,0.92685,0.9269,1.00,1.20
2009.03.17 15:32:51.107,0.92685,0.9269,4.80,1.20
2009.03.17 15:32:51.687,0.92685,0.9269,10.00,1.20
2009.03.17 15:32:52.437,0.927,0.92715,4.60,5.50
2009.03.17 15:32:52.607,0.9269,0.92695,5.20,2.60
2009.03.17 15:32:53.067,0.9269,0.92695,4.80,1.20
2009.03.17 15:32:53.297,0.9269,0.92695,2.80,1.20
2009.03.17 15:32:53.417,0.9269,0.92695,3.00,1.20
2009.03.17 15:32:53.707,0.9269,0.92695,10.60,1.20
2009.03.17 15:32:53.987,0.9269,0.92695,7.80,1.20
2009.03.17 15:32:54.276,0.9269,0.92695,2.80,1.20
2009.03.17 15:32:54.776,0.9269,0.92705,4.40,3.20
2009.03.17 15:32:55.996,0.9269,0.92705,2.80,3.20
2009.03.17 15:32:56.176,0.92685,0.92705,7.60,3.20
2009.03.17 15:32:56.346,0.92685,0.92705,3.00,8.80
2009.03.17 15:32:56.526,0.92685,0.92705,3.00,7.00
2009.03.17 15:32:56.766,0.92685,0.92705,1.40,4.00
2009.03.17 15:32:56.936,0.9268,0.92705,11.40,4.40
2009.03.17 15:32:57.346,0.92685,0.92705,2.80,7.60
2009.03.17 15:32:57.566,0.92685,0.92705,2.80,10.00
2009.03.17 15:32:57.745,0.92685,0.92705,3.00,10.00
2009.03.17 15:32:57.925,0.92685,0.92705,4.60,3.00
2009.03.17 15:33:01.254,0.92685,0.92705,13.20,3.20
2009.03.17 15:33:01.535,0.92685,0.92705,9.40,3.20
2009.03.17 15:33:01.654,0.92685,0.9271,9.40,7.60
2009.03.17 15:33:01.984,0.92685,0.9271,9.40,8.60
2009.03.17 15:33:02.214,0.92685,0.92705,4.60,1.40
2009.03.17 15:33:02.374,0.92685,0.92705,2.80,4.40
2009.03.17 15:33:02.485,0.92685,0.92705,2.80,5.80
2009.03.17 15:33:02.594,0.9268,0.92705,7.60,7.00
2009.03.17 15:33:03.784,0.92685,0.92705,1.60,7.00
2009.03.17 15:33:03.954,0.9269,0.92705,1.60,7.00
2009.03.17 15:33:04.114,0.9269,0.92705,6.20,7.00
2009.03.17 15:33:04.344,0.9269,0.92705,7.60,2.60
2009.03.17 15:33:04.574,0.9269,0.9271,7.60,8.60
2009.03.17 15:33:04.974,0.9269,0.9271,9.20,8.60
2009.03.17 15:33:06.544,0.92695,0.9271,1.60,8.40
2009.03.17 15:33:06.713,0.92705,0.9271,4.60,3.60
2009.03.17 15:33:06.833,0.92705,0.9271,4.60,1.70
2009.03.17 15:33:07.123,0.92695,0.9271,15.60,8.40
2009.03.17 15:33:07.283,0.9269,0.9271,15.20,2.20
2009.03.17 15:33:07.563,0.9269,0.9271,10.60,1.20
2009.03.17 15:33:07.943,0.9269,0.9271,9.20,4.00
2009.03.17 15:33:09.103,0.9269,0.9271,13.20,4.00
2009.03.17 15:33:09.392,0.9269,0.9271,13.20,1.20
2009.03.17 15:33:10.132,0.9269,0.9271,16.20,1.20
2009.03.17 15:33:10.412,0.9269,0.92705,7.60,1.20
2009.03.17 15:33:10.772,0.9269,0.927,7.60,3.20
2009.03.17 15:33:11.012,0.9269,0.92705,7.60,2.20
2009.03.17 15:33:11.293,0.9269,0.927,6.00,7.40
2009.03.17 15:33:11.522,0.92685,0.92695,19.00,3.20
2009.03.17 15:33:11.752,0.92685,0.92695,3.80,7.20
2009.03.17 15:33:12.092,0.92675,0.9269,7.00,6.80
2009.03.17 15:33:12.612,0.9267,0.92685,17.00,3.20
2009.03.17 15:33:13.082,0.9268,0.92685,1.60,3.20
2009.03.17 15:33:13.202,0.9268,0.92695,1.60,5.80
2009.03.17 15:33:13.422,0.92675,0.92695,1.00,8.40
2009.03.17 15:33:13.662,0.9267,0.9269,10.60,1.80
2009.03.17 15:33:13.891,0.9267,0.9269,4.60,4.00
2009.03.17 15:33:14.231,0.9267,0.9269,3.20,3.00
2009.03.17 15:33:14.521,0.9267,0.9269,1.60,4.00
2009.03.17 15:33:14.921,0.9267,0.9269,1.40,4.00
2009.03.17 15:33:15.841,0.9267,0.9269,1.60,3.00
2009.03.17 15:33:16.062,0.9267,0.9269,1.60,5.60
2009.03.17 15:33:16.421,0.9267,0.9269,1.60,5.60
2009.03.17 15:33:16.821,0.92665,0.9269,16.40,4.00
2009.03.17 15:33:17.061,0.9267,0.92695,1.60,12.60
2009.03.17 15:33:17.401,0.9267,0.92695,1.60,9.40
2009.03.17 15:33:17.752,0.92675,0.92685,1.40,1.20
2009.03.17 15:33:18.031,0.9267,0.92685,3.00,2.20
2009.03.17 15:33:18.311,0.92675,0.9269,1.20,2.20
2009.03.17 15:33:18.600,0.92665,0.9269,26.60,4.00
2009.03.17 15:33:18.880,0.9267,0.92685,12.20,1.00
2009.03.17 15:33:19.350,0.9267,0.92685,4.60,1.00
2009.03.17 15:33:19.560,0.9267,0.92685,7.60,1.00
2009.03.17 15:33:19.910,0.9267,0.92685,4.60,1.00
2009.03.17 15:33:20.780,0.9267,0.92695,12.20,9.80
2009.03.17 15:33:21.180,0.9267,0.92695,16.20,3.00
2009.03.17 15:33:21.460,0.92675,0.92695,4.40,3.00
2009.03.17 15:33:21.749,0.9268,0.927,6.20,13.00
2009.03.17 15:33:22.039,0.9268,0.9269,6.20,3.20
2009.03.17 15:33:22.470,0.9268,0.92695,4.60,3.60
2009.03.17 15:33:22.920,0.9268,0.92695,4.60,4.20
2009.03.17 15:33:23.149,0.9268,0.92695,6.20,2.60
2009.03.17 15:33:23.609,0.9268,0.9269,6.20,1.00
2009.03.17 15:33:26.478,0.9268,0.92695,6.20,2.60
2009.03.17 15:33:26.539,0.9268,0.927,6.20,12.20
2009.03.17 15:33:26.819,0.9268,0.92695,4.60,2.60
2009.03.17 15:33:27.208,0.9268,0.927,6.20,11.80
2009.03.17 15:33:27.508,0.9268,0.92695,6.20,2.60
2009.03.17 15:33:27.798,0.9268,0.927,6.20,11.60
2009.03.17 15:33:28.638,0.9268,0.92695,4.60,2.60
2009.03.17 15:33:32.967,0.9268,0.92695,4.60,5.80
2009.03.17 15:33:33.027,0.92675,0.92695,21.00,7.00
2009.03.17 15:33:33.137,0.92675,0.92695,18.20,8.40
2009.03.17 15:33:33.547,0.92675,0.9269,7.60,2.60
2009.03.17 15:33:33.837,0.92675,0.9269,1.60,2.60
2009.03.17 15:33:34.117,0.92675,0.92695,1.60,8.60
2009.03.17 15:33:34.517,0.92675,0.9269,1.60,2.60
2009.03.17 15:33:34.737,0.92675,0.9269,1.60,3.20
2009.03.17 15:33:34.976,0.92675,0.9269,1.60,4.60
2009.03.17 15:33:35.207,0.92675,0.9269,1.60,5.80
2009.03.17 15:33:36.176,0.92675,0.9269,1.60,8.40
2009.03.17 15:33:36.446,0.92675,0.92685,1.60,4.00
2009.03.17 15:33:36.676,0.92675,0.92685,1.60,6.80
2009.03.17 15:33:37.246,0.92675,0.92685,1.60,4.00
2009.03.17 15:33:37.476,0.92675,0.92685,1.60,5.60
2009.03.17 15:33:37.696,0.9266,0.92685,6.00,8.60
2009.03.17 15:33:37.986,0.9266,0.92685,4.60,9.40
2009.03.17 15:33:38.506,0.9266,0.9268,3.00,2.60
2009.03.17 15:33:39.365,0.92665,0.9268,1.40,2.20
2009.03.17 15:33:39.705,0.9266,0.92675,6.40,1.20
2009.03.17 15:33:39.925,0.9266,0.92675,3.00,1.20
2009.03.17 15:33:40.195,0.9266,0.92675,4.40,1.20
2009.03.17 15:33:40.365,0.9266,0.92675,1.40,1.20
2009.03.17 15:33:41.335,0.9266,0.9267,1.40,1.20
2009.03.17 15:33:41.505,0.9266,0.9268,1.40,8.20
2009.03.17 15:33:42.025,0.9266,0.9268,4.40,5.80
2009.03.17 15:33:42.415,0.9266,0.9268,3.00,3.00
2009.03.17 15:33:42.705,0.9266,0.92685,6.00,9.60
2009.03.17 15:33:42.824,0.9266,0.9268,4.40,4.60
2009.03.17 15:33:43.006,0.9266,0.9268,2.80,5.80
2009.03.17 15:33:43.424,0.9266,0.92675,2.80,1.20
2009.03.17 15:33:43.724,0.92665,0.92675,1.40,1.20
2009.03.17 15:33:44.004,0.9266,0.9268,14.60,3.20
2009.03.17 15:33:44.344,0.9266,0.9268,9.80,2.60
2009.03.17 15:33:44.754,0.9266,0.9268,3.00,2.60
2009.03.17 15:33:46.623,0.9266,0.9268,4.40,3.60
2009.03.17 15:33:46.734,0.9266,0.9268,4.40,5.80
2009.03.17 15:33:46.954,0.9266,0.92675,4.40,1.20
2009.03.17 15:33:47.244,0.9266,0.92675,1.40,1.20
2009.03.17 15:33:47.473,0.92655,0.92675,15.00,3.20
2009.03.17 15:33:47.813,0.92655,0.9267,3.00,1.20
2009.03.17 15:33:48.043,0.9266,0.9268,1.40,5.80
2009.03.17 15:33:48.623,0.9266,0.9268,1.40,3.40
2009.03.17 15:33:50.503,0.9266,0.92675,1.40,1.60
2009.03.17 15:33:50.732,0.92655,0.92675,7.60,2.60
2009.03.17 15:33:50.953,0.92655,0.92675,7.60,1.80
2009.03.17 15:33:51.072,0.9266,0.9268,4.60,6.40
2009.03.17 15:33:51.182,0.9266,0.9268,4.60,4.80
2009.03.17 15:33:51.413,0.9266,0.9268,4.60,3.40
2009.03.17 15:33:51.762,0.92665,0.9268,1.60,2.40
2009.03.17 15:33:54.272,0.92665,0.9268,2.80,2.40
2009.03.17 15:33:54.332,0.9267,0.9268,6.20,2.40
2009.03.17 15:33:54.612,0.9267,0.9268,3.00,2.40
2009.03.17 15:33:54.992,0.9266,0.9268,4.00,7.00
2009.03.17 15:33:55.452,0.9266,0.92685,3.00,23.00
2009.03.17 15:33:55.691,0.9266,0.92685,3.00,12.60
2009.03.17 15:33:56.551,0.9266,0.9268,3.00,3.00
2009.03.17 15:33:56.821,0.9266,0.9268,4.40,3.00
2009.03.17 15:33:57.161,0.92655,0.9268,22.60,5.60
2009.03.17 15:33:57.571,0.92655,0.9267,13.40,3.20
2009.03.17 15:33:57.871,0.9266,0.92675,1.20,4.40
2009.03.17 15:33:58.161,0.9266,0.92675,1.00,7.00
2009.03.17 15:33:58.521,0.9266,0.92675,6.20,6.40
2009.03.17 15:33:58.761,0.92655,0.92675,2.60,7.00
2009.03.17 15:33:59.290,0.9266,0.9267,1.00,5.60
2009.03.17 15:33:59.571,0.9266,0.9267,1.00,4.40
2009.03.17 15:33:59.920,0.9266,0.9267,1.00,7.00
2009.03.17 15:34:00.311,0.9266,0.9267,1.00,3.60
2009.03.17 15:34:00.660,0.92655,0.92675,7.40,11.60
2009.03.17 15:34:01.130,0.92655,0.92675,7.40,11.00
2009.03.17 15:34:01.350,0.92655,0.92675,7.40,8.40
2009.03.17 15:34:01.750,0.92655,0.92675,7.40,3.40
2009.03.17 15:34:01.870,0.92655,0.9268,10.40,14.20
2009.03.17 15:34:02.400,0.92655,0.9268,10.40,11.60
2009.03.17 15:34:03.140,0.9266,0.9268,6.20,11.60
2009.03.17 15:34:03.719,0.92655,0.92675,10.40,2.60
2009.03.17 15:34:04.079,0.92665,0.9268,9.20,5.60
2009.03.17 15:34:04.429,0.92665,0.9268,1.60,4.80
2009.03.17 15:34:04.689,0.92665,0.9268,9.20,4.80
2009.03.17 15:34:04.919,0.9267,0.9268,4.80,4.80
2009.03.17 15:34:05.259,0.92675,0.9269,9.20,5.60
2009.03.17 15:34:05.609,0.92675,0.9269,26.60,1.20
2009.03.17 15:34:06.119,0.92675,0.92695,19.80,7.80
2009.03.17 15:34:06.519,0.92675,0.9269,2.80,1.20
2009.03.17 15:34:06.799,0.92675,0.9269,2.80,2.20
2009.03.17 15:34:07.089,0.92675,0.92685,2.80,1.00
2009.03.17 15:34:07.209,0.9267,0.92695,4.60,10.20
2009.03.17 15:34:07.569,0.9267,0.9269,3.00,1.20
2009.03.17 15:34:08.038,0.9267,0.92695,7.60,10.00
2009.03.17 15:34:08.548,0.9267,0.92695,4.60,11.00
2009.03.17 15:34:08.908,0.92675,0.92695,6.20,7.40
2009.03.17 15:34:09.188,0.92675,0.92695,6.20,6.00
2009.03.17 15:34:09.408,0.92675,0.92695,6.40,2.60
2009.03.17 15:34:09.688,0.92675,0.92695,10.80,2.60
2009.03.17 15:34:09.968,0.9268,0.92695,6.20,1.60
2009.03.17 15:34:10.319,0.9268,0.9269,6.20,3.20
2009.03.17 15:34:10.558,0.9268,0.92695,4.80,1.20
2009.03.17 15:34:10.838,0.9268,0.927,6.40,5.80
2009.03.17 15:34:11.188,0.9268,0.92695,1.60,1.60
2009.03.17 15:34:11.477,0.92675,0.92695,13.20,8.60
2009.03.17 15:34:11.817,0.92675,0.92695,2.80,6.80
2009.03.17 15:34:12.047,0.92675,0.92695,3.20,6.80
2009.03.17 15:34:12.258,0.92675,0.92695,4.40,6.80
2009.03.17 15:34:12.887,0.92675,0.92695,4.40,8.40
2009.03.17 15:34:13.097,0.92675,0.9269,4.40,3.00
2009.03.17 15:34:13.207,0.92675,0.9269,2.80,4.00
2009.03.17 15:34:15.307,0.92675,0.9269,2.80,6.80
2009.03.17 15:34:15.547,0.92675,0.9269,2.80,4.00
2009.03.17 15:34:16.966,0.92675,0.9269,2.80,6.80
2009.03.17 15:34:17.206,0.92675,0.92685,2.80,3.20
2009.03.17 15:34:19.906,0.92675,0.9269,2.80,4.00
2009.03.17 15:34:21.105,0.92675,0.92695,4.40,6.80
2009.03.17 15:34:21.805,0.92675,0.9269,4.40,3.00
2009.03.17 15:34:24.185,0.9267,0.9269,7.60,6.00
2009.03.17 15:34:24.634,0.9267,0.9269,9.40,6.80
2009.03.17 15:34:25.764,0.9267,0.9269,9.20,7.40
2009.03.17 15:34:26.154,0.9267,0.9269,7.60,6.00
2009.03.17 15:34:26.734,0.9267,0.9269,7.60,5.80
2009.03.17 15:34:26.954,0.9267,0.9269,7.80,4.00
2009.03.17 15:34:27.134,0.9267,0.9269,9.40,4.00
2009.03.17 15:34:31.303,0.9267,0.9269,9.40,4.40
2009.03.17 15:34:31.423,0.9267,0.9269,7.60,6.00
2009.03.17 15:34:32.264,0.9267,0.9269,9.40,4.00
2009.03.17 15:34:34.032,0.9267,0.9269,9.20,4.40
2009.03.17 15:34:34.312,0.9267,0.92685,7.60,1.20
2009.03.17 15:34:34.552,0.9267,0.9268,7.60,1.60
2009.03.17 15:34:34.822,0.9267,0.92685,6.00,3.00
2009.03.17 15:34:35.102,0.9267,0.9269,4.60,6.00
2009.03.17 15:34:36.062,0.92675,0.9269,10.40,6.00
2009.03.17 15:34:36.692,0.92675,0.9269,11.60,6.00
2009.03.17 15:34:36.861,0.92675,0.9269,11.60,4.00
2009.03.17 15:34:38.041,0.92675,0.9269,11.60,4.40
2009.03.17 15:34:38.331,0.92675,0.9269,11.60,6.00
2009.03.17 15:34:41.001,0.92675,0.9269,11.60,4.00
2009.03.17 15:34:43.720,0.92675,0.9269,11.60,5.20
2009.03.17 15:34:43.900,0.92675,0.9269,11.60,6.80
2009.03.17 15:34:44.260,0.92675,0.9269,11.60,7.00
2009.03.17 15:34:44.470,0.92675,0.92685,11.60,3.20
2009.03.17 15:34:44.530,0.9267,0.92685,2.80,3.20
2009.03.17 15:34:46.939,0.92685,0.9269,4.60,5.40
2009.03.17 15:34:47.239,0.92685,0.92695,4.60,7.00
2009.03.17 15:34:47.409,0.92685,0.92695,4.60,4.80
2009.03.17 15:34:47.579,0.92685,0.927,6.20,1.60
2009.03.17 15:34:48.208,0.9269,0.927,4.60,1.60
2009.03.17 15:34:48.489,0.92695,0.927,1.60,1.60
2009.03.17 15:34:48.779,0.92695,0.927,6.40,1.60
2009.03.17 15:34:49.008,0.92695,0.927,9.20,1.60
2009.03.17 15:34:49.519,0.92695,0.92715,9.20,7.20
2009.03.17 15:34:50.018,0.92695,0.92715,9.20,6.60
2009.03.17 15:34:50.198,0.927,0.92715,3.00,5.80
2009.03.17 15:34:50.488,0.927,0.92715,4.80,5.80
2009.03.17 15:34:51.648,0.927,0.92715,4.60,5.80
2009.03.17 15:34:52.158,0.927,0.92715,4.60,9.00
2009.03.17 15:34:52.827,0.92695,0.92715,1.60,9.00
2009.03.17 15:34:53.008,0.92695,0.92715,4.60,9.00
2009.03.17 15:34:53.237,0.92705,0.92715,4.60,5.80
2009.03.17 15:34:53.407,0.92695,0.92715,7.60,5.80
2009.03.17 15:34:53.727,0.92695,0.92715,9.20,4.80
2009.03.17 15:34:54.138,0.927,0.92715,6.20,4.80
2009.03.17 15:34:54.597,0.92695,0.92715,4.60,9.00
2009.03.17 15:34:54.997,0.92695,0.92715,1.60,9.00
2009.03.17 15:34:55.167,0.92695,0.92715,4.60,5.80
2009.03.17 15:34:55.557,0.92695,0.92715,1.60,9.00
2009.03.17 15:34:56.087,0.92695,0.9271,6.20,1.60
2009.03.17 15:34:56.357,0.92695,0.9271,9.20,4.80
2009.03.17 15:34:56.707,0.92695,0.9271,1.60,4.80
2009.03.17 15:34:57.057,0.9269,0.9271,9.20,5.80
2009.03.17 15:34:57.176,0.92695,0.9271,4.60,4.80
2009.03.17 15:34:58.266,0.92695,0.9271,4.80,4.80
2009.03.17 15:34:58.556,0.92695,0.9271,1.00,4.80
2009.03.17 15:34:58.896,0.927,0.9271,1.60,4.80
2009.03.17 15:34:59.406,0.9269,0.9271,7.60,5.80
2009.03.17 15:34:59.636,0.9269,0.9271,4.60,5.80
2009.03.17 15:34:59.917,0.9269,0.9271,1.60,5.80
2009.03.17 15:35:00.986,0.9269,0.9271,1.60,4.80
2009.03.17 15:35:01.727,0.9269,0.9271,3.20,4.80
2009.03.17 15:35:01.886,0.9269,0.9271,1.60,5.80
2009.03.17 15:35:03.365,0.92685,0.927,7.80,4.80
2009.03.17 15:35:03.655,0.92685,0.927,4.80,4.80
2009.03.17 15:35:04.795,0.92685,0.927,6.40,4.80
2009.03.17 15:35:06.354,0.92685,0.927,9.20,4.80
2009.03.17 15:35:06.824,0.927,0.9271,1.80,3.80
2009.03.17 15:35:06.944,0.92695,0.9271,19.60,1.60
2009.03.17 15:35:07.174,0.92695,0.9271,18.40,1.60
2009.03.17 15:35:07.514,0.92695,0.92715,1.60,11.60
2009.03.17 15:35:07.814,0.92695,0.92715,1.60,15.40
2009.03.17 15:35:09.174,0.92685,0.9271,24.60,7.00
2009.03.17 15:35:09.513,0.92685,0.9271,16.40,8.60
2009.03.17 15:35:09.684,0.92685,0.92705,13.40,3.00
2009.03.17 15:35:09.853,0.92685,0.92705,12.00,3.00
2009.03.17 15:35:10.143,0.9268,0.92705,11.40,3.20
2009.03.17 15:35:10.304,0.9268,0.92705,6.00,11.20
2009.03.17 15:35:10.583,0.9268,0.927,1.40,4.00
2009.03.17 15:35:11.913,0.92675,0.927,4.60,6.40
2009.03.17 15:35:12.483,0.92675,0.927,4.60,9.20
2009.03.17 15:35:12.723,0.92675,0.927,4.60,10.60
2009.03.17 15:35:14.163,0.9268,0.927,7.60,10.40
2009.03.17 15:35:14.332,0.92685,0.92695,1.60,1.00
2009.03.17 15:35:14.552,0.92685,0.92705,1.60,14.20
2009.03.17 15:35:14.782,0.92685,0.92705,1.60,8.00
2009.03.17 15:35:15.012,0.92685,0.92705,1.60,5.40
2009.03.17 15:35:16.562,0.92685,0.92705,1.60,8.20
2009.03.17 15:35:16.902,0.92685,0.92705,1.60,8.20
2009.03.17 15:35:24.250,0.92695,0.9271,4.60,4.80
2009.03.17 15:35:24.850,0.927,0.9271,4.60,4.80
2009.03.17 15:35:25.930,0.927,0.9271,4.60,7.80
2009.03.17 15:35:26.230,0.92695,0.9271,4.60,7.80
2009.03.17 15:35:27.389,0.92695,0.92705,4.60,1.20
2009.03.17 15:35:27.679,0.92695,0.9271,4.60,9.00
2009.03.17 15:35:28.079,0.92695,0.9271,6.20,4.80
2009.03.17 15:35:29.179,0.92695,0.9271,6.40,4.80
2009.03.17 15:35:29.359,0.927,0.9271,4.60,4.80
2009.03.17 15:35:29.889,0.92695,0.9271,1.60,3.20
2009.03.17 15:35:30.229,0.9269,0.9271,7.60,7.00
2009.03.17 15:35:30.628,0.927,0.9271,4.60,4.80
2009.03.17 15:35:31.318,0.92695,0.9271,9.20,4.80
2009.03.17 15:35:31.698,0.92695,0.9271,4.60,4.80
2009.03.17 15:35:34.617,0.92695,0.92705,4.60,1.60
2009.03.17 15:35:34.737,0.927,0.9271,4.60,4.80
2009.03.17 15:35:35.267,0.927,0.9271,4.60,5.80
2009.03.17 15:35:35.547,0.9269,0.9271,9.20,5.80
2009.03.17 15:35:35.657,0.927,0.9271,4.60,4.80
2009.03.17 15:35:36.117,0.927,0.9271,4.60,5.80
2009.03.17 15:35:36.357,0.9269,0.9271,9.20,5.80
2009.03.17 15:35:37.507,0.9269,0.9271,6.40,9.00
2009.03.17 15:35:37.727,0.9269,0.9271,6.40,11.80
2009.03.17 15:35:38.017,0.9269,0.9271,6.20,11.80
2009.03.17 15:35:38.287,0.9269,0.9271,6.20,13.00
2009.03.17 15:35:39.306,0.9269,0.92705,4.60,1.60
2009.03.17 15:35:40.106,0.9269,0.92705,4.60,2.60
2009.03.17 15:35:40.396,0.9269,0.92705,5.60,3.80
2009.03.17 15:35:40.626,0.9269,0.92705,9.00,2.60
2009.03.17 15:35:40.866,0.9269,0.92705,4.60,2.60
2009.03.17 15:35:41.696,0.9269,0.92705,4.60,3.60
2009.03.17 15:35:41.986,0.9269,0.92705,4.60,8.40
2009.03.17 15:35:42.266,0.9269,0.927,4.60,1.60
2009.03.17 15:35:43.025,0.9269,0.92705,4.60,5.20
2009.03.17 15:35:43.595,0.9269,0.927,4.60,1.60
2009.03.17 15:35:46.315,0.9269,0.927,5.80,1.60
2009.03.17 15:35:46.375,0.9269,0.927,4.60,1.60
2009.03.17 15:35:46.665,0.92695,0.92705,4.60,7.40
2009.03.17 15:35:46.895,0.92695,0.92705,4.60,7.60
2009.03.17 15:35:46.954,0.9269,0.927,1.60,2.60
2009.03.17 15:35:47.124,0.92685,0.927,2.00,5.80
2009.03.17 15:35:47.454,0.9268,0.92695,6.00,1.20
2009.03.17 15:35:47.744,0.92675,0.92695,18.00,2.20
2009.03.17 15:35:48.214,0.92675,0.92685,14.80,3.20
2009.03.17 15:35:48.544,0.9267,0.92685,3.00,4.20
2009.03.17 15:35:49.064,0.9267,0.9269,3.00,2.20
2009.03.17 15:35:49.284,0.9267,0.9269,3.00,3.00
2009.03.17 15:35:49.574,0.9267,0.9269,1.60,3.00
2009.03.17 15:35:49.694,0.92675,0.9269,1.20,4.00
2009.03.17 15:35:49.804,0.92665,0.9269,7.60,4.00
2009.03.17 15:35:49.984,0.92665,0.9269,7.60,5.20
2009.03.17 15:35:50.104,0.92665,0.9269,18.00,6.40
2009.03.17 15:35:50.453,0.92665,0.9269,18.00,8.20
2009.03.17 15:35:51.183,0.92665,0.92685,15.00,5.60
2009.03.17 15:35:51.533,0.92665,0.92685,15.00,6.80
2009.03.17 15:35:52.243,0.92665,0.92685,4.60,6.80
2009.03.17 15:35:52.873,0.92665,0.92685,4.40,6.80
2009.03.17 15:35:53.623,0.92665,0.92685,14.80,6.80
2009.03.17 15:35:53.913,0.92665,0.92685,14.80,8.00
2009.03.17 15:35:54.143,0.92665,0.92675,4.60,1.00
2009.03.17 15:35:54.503,0.92665,0.92675,7.60,1.00
2009.03.17 15:35:54.792,0.92675,0.9269,4.60,8.00
2009.03.17 15:35:55.022,0.92675,0.92695,4.60,25.40
2009.03.17 15:35:55.372,0.92675,0.92695,1.60,11.60
2009.03.17 15:35:55.652,0.92675,0.92695,1.60,9.40
2009.03.17 15:35:56.142,0.92675,0.92695,1.60,6.40
2009.03.17 15:35:56.362,0.9268,0.9269,1.60,1.00
2009.03.17 15:35:57.672,0.9268,0.9269,6.40,1.00
2009.03.17 15:35:58.072,0.9268,0.927,1.60,4.40
2009.03.17 15:35:58.532,0.9268,0.927,6.40,4.00
2009.03.17 15:36:01.681,0.9268,0.927,6.40,5.80
2009.03.17 15:36:01.851,0.9268,0.927,6.40,6.00
2009.03.17 15:36:01.961,0.9268,0.92695,4.60,4.00
2009.03.17 15:36:02.141,0.92675,0.92695,8.40,4.00
2009.03.17 15:36:02.481,0.92675,0.92695,4.60,4.00
2009.03.17 15:36:03.031,0.92675,0.92695,4.40,4.00
2009.03.17 15:36:05.540,0.92675,0.92695,4.40,6.80
2009.03.17 15:36:05.950,0.92675,0.92695,2.80,7.00
2009.03.17 15:36:06.230,0.9267,0.9269,11.40,2.20
2009.03.17 15:36:06.510,0.9267,0.9269,3.00,2.60
2009.03.17 15:36:06.920,0.9267,0.9269,3.00,5.80
2009.03.17 15:36:08.869,0.9267,0.9269,3.00,2.60
2009.03.17 15:36:10.809,0.9267,0.9269,1.60,2.60
2009.03.17 15:36:11.098,0.9267,0.9269,1.60,5.80
2009.03.17 15:36:11.898,0.9267,0.9269,1.60,9.00
2009.03.17 15:36:12.008,0.9267,0.9269,1.60,9.80
2009.03.17 15:36:12.998,0.9267,0.92685,1.60,1.60
2009.03.17 15:36:13.108,0.9267,0.92685,1.60,4.80
2009.03.17 15:36:13.338,0.9267,0.92685,1.60,4.80
2009.03.17 15:36:13.688,0.9267,0.92685,1.60,5.80
2009.03.17 15:36:16.257,0.92665,0.92675,4.60,5.80
2009.03.17 15:36:16.727,0.9266,0.92675,1.60,4.80
2009.03.17 15:36:17.067,0.92655,0.92675,4.60,8.60
2009.03.17 15:36:17.737,0.92655,0.92675,1.60,11.60
2009.03.17 15:36:18.027,0.9265,0.9267,6.00,2.20
2009.03.17 15:36:18.257,0.9265,0.9267,4.60,3.00
2009.03.17 15:36:18.437,0.9265,0.9267,1.60,4.20
2009.03.17 15:36:18.667,0.9265,0.9267,1.60,11.40
2009.03.17 15:36:19.777,0.92655,0.9267,4.60,7.20
2009.03.17 15:36:21.156,0.92655,0.9267,7.60,7.20
2009.03.17 15:36:21.386,0.92655,0.9267,9.20,2.40
2009.03.17 15:36:21.626,0.92655,0.9267,1.60,3.20
2009.03.17 15:36:22.366,0.92655,0.9267,6.40,4.80
2009.03.17 15:36:22.646,0.92655,0.9267,6.20,4.80
2009.03.17 15:36:23.456,0.92655,0.9267,9.20,4.80
2009.03.17 15:36:23.685,0.92655,0.9267,9.20,4.80
2009.03.17 15:36:23.965,0.9266,0.92675,4.60,3.00
2009.03.17 15:36:24.315,0.9266,0.9268,6.20,15.20
2009.03.17 15:36:24.486,0.9266,0.9268,1.60,14.00
2009.03.17 15:36:24.715,0.92655,0.92675,4.60,1.80
2009.03.17 15:36:25.055,0.92655,0.92675,4.60,3.00
2009.03.17 15:36:25.385,0.9266,0.9267,3.00,1.20
2009.03.17 15:36:25.715,0.92655,0.92675,1.60,8.20
2009.03.17 15:36:26.695,0.92655,0.92675,1.60,6.60
2009.03.17 15:36:26.805,0.92655,0.92675,4.60,4.60
2009.03.17 15:36:27.254,0.92655,0.92675,4.60,3.00
2009.03.17 15:36:29.554,0.92655,0.9267,1.40,1.20
2009.03.17 15:36:29.914,0.9265,0.9267,7.20,2.20
2009.03.17 15:36:31.234,0.9265,0.9267,6.00,3.20
2009.03.17 15:36:31.854,0.9265,0.9267,4.60,3.00
2009.03.17 15:36:34.183,0.9265,0.9267,6.20,11.40
2009.03.17 15:36:34.933,0.9265,0.9267,9.20,8.20
2009.03.17 15:36:35.274,0.9265,0.9267,12.20,1.80
2009.03.17 15:36:35.513,0.92655,0.92675,1.60,9.80
2009.03.17 15:36:35.913,0.92655,0.9267,1.60,3.20
2009.03.17 15:36:36.092,0.92645,0.9267,26.60,9.80
2009.03.17 15:36:36.322,0.92645,0.9267,26.60,5.60
2009.03.17 15:36:36.872,0.92645,0.9267,26.60,3.00
2009.03.17 15:36:37.102,0.9265,0.92675,3.00,15.40
2009.03.17 15:36:37.552,0.9265,0.92675,4.60,14.20
2009.03.17 15:36:37.902,0.9265,0.92665,4.60,1.00
2009.03.17 15:36:38.982,0.9264,0.92665,33.20,2.20
2009.03.17 15:36:39.212,0.92645,0.9267,26.60,8.20
2009.03.17 15:36:39.512,0.92645,0.9267,23.60,9.80
2009.03.17 15:36:39.902,0.92645,0.92665,23.60,2.20
2009.03.17 15:36:40.262,0.92645,0.9267,24.60,7.00
2009.03.17 15:36:40.762,0.92645,0.9267,26.60,8.20
2009.03.17 15:36:41.002,0.92645,0.9267,22.60,8.20
2009.03.17 15:36:41.351,0.92645,0.9267,22.60,7.20
2009.03.17 15:36:41.511,0.92645,0.9267,22.60,6.80
2009.03.17 15:36:41.681,0.92645,0.9267,22.60,5.60
2009.03.17 15:36:41.961,0.92645,0.9267,24.60,5.60
2009.03.17 15:36:42.131,0.92645,0.9267,26.60,8.20
2009.03.17 15:36:42.291,0.92645,0.9267,26.60,7.20
2009.03.17 15:36:43.781,0.9266,0.92665,4.60,1.00
2009.03.17 15:36:44.061,0.9266,0.92675,4.60,14.60
2009.03.17 15:36:44.340,0.9266,0.92675,4.60,13.00
2009.03.17 15:36:45.740,0.9266,0.92675,4.60,10.20
2009.03.17 15:36:45.900,0.9266,0.92675,4.60,13.00
2009.03.17 15:36:46.620,0.9266,0.92675,4.60,9.80
2009.03.17 15:36:47.090,0.9266,0.92675,4.60,7.20
2009.03.17 15:36:47.560,0.9266,0.92675,4.60,10.20
2009.03.17 15:36:47.850,0.9266,0.92675,4.60,13.00
2009.03.17 15:36:48.359,0.9266,0.92675,4.60,11.80
2009.03.17 15:36:48.469,0.9266,0.92675,4.60,7.20
2009.03.17 15:36:49.309,0.92665,0.92675,4.60,7.20
2009.03.17 15:36:49.900,0.9266,0.92675,6.20,7.20
2009.03.17 15:36:50.419,0.9266,0.92675,4.60,7.20
2009.03.17 15:36:50.939,0.92655,0.92665,1.60,1.60
2009.03.17 15:36:51.160,0.92655,0.92675,1.60,15.60
2009.03.17 15:36:51.399,0.92655,0.92675,1.60,16.80
2009.03.17 15:36:51.739,0.92655,0.9267,1.60,8.60
2009.03.17 15:36:52.138,0.92655,0.9267,1.60,11.40
2009.03.17 15:36:52.548,0.92655,0.9267,1.60,5.00
2009.03.17 15:36:52.778,0.92655,0.9267,1.60,4.20
2009.03.17 15:36:52.958,0.92655,0.9267,1.60,1.60
2009.03.17 15:36:53.078,0.9265,0.9267,6.00,1.60
2009.03.17 15:36:53.188,0.9265,0.92675,4.40,16.60
2009.03.17 15:36:53.369,0.9265,0.9267,4.40,3.00
2009.03.17 15:36:53.478,0.92655,0.92675,1.60,15.40
2009.03.17 15:36:54.218,0.92655,0.92675,1.60,15.20
2009.03.17 15:36:55.138,0.9265,0.9267,4.40,8.40
2009.03.17 15:36:55.488,0.9265,0.9267,4.40,6.80
2009.03.17 15:36:55.648,0.9265,0.9267,1.60,6.80
2009.03.17 15:36:55.938,0.9265,0.9267,1.60,8.80
2009.03.17 15:36:55.998,0.92655,0.9267,4.60,9.80
2009.03.17 15:36:56.348,0.92655,0.9267,6.20,8.40
2009.03.17 15:36:56.679,0.92655,0.92665,4.60,2.00
2009.03.17 15:36:57.127,0.92645,0.92665,10.60,2.60
2009.03.17 15:36:57.617,0.92645,0.9266,16.40,2.60
2009.03.17 15:36:58.027,0.92645,0.92665,6.40,9.80
2009.03.17 15:36:58.427,0.92645,0.92665,6.40,8.60
2009.03.17 15:36:58.828,0.92645,0.92665,22.60,3.60
2009.03.17 15:37:00.397,0.92645,0.92665,19.80,8.00
2009.03.17 15:37:00.857,0.92645,0.92665,9.20,8.40
2009.03.17 15:37:01.036,0.92645,0.92665,7.60,8.60
2009.03.17 15:37:01.686,0.92645,0.92665,6.20,11.80
2009.03.17 15:37:01.907,0.92645,0.92665,6.20,11.60
2009.03.17 15:37:02.016,0.92645,0.92665,7.80,12.80
2009.03.17 15:37:02.176,0.92645,0.92665,7.80,11.60
2009.03.17 15:37:02.296,0.92645,0.92665,7.80,11.80
2009.03.17 15:37:02.586,0.92645,0.92665,7.60,11.80
2009.03.17 15:37:02.806,0.92645,0.92665,18.00,9.80
2009.03.17 15:37:03.156,0.92645,0.9266,18.00,3.60
2009.03.17 15:37:03.386,0.92645,0.9266,6.20,3.60
2009.03.17 15:37:03.616,0.92645,0.9266,7.60,2.60
2009.03.17 15:37:03.796,0.92645,0.92665,9.40,11.20
2009.03.17 15:37:04.036,0.92645,0.92655,9.40,1.00
2009.03.17 15:37:04.366,0.92645,0.92665,9.20,11.60
2009.03.17 15:37:04.485,0.92645,0.92665,19.60,10.00
2009.03.17 15:37:04.776,0.92645,0.9266,18.00,2.20
2009.03.17 15:37:05.115,0.92645,0.9266,18.20,2.20
2009.03.17 15:37:05.406,0.92645,0.9266,16.60,3.20
2009.03.17 15:37:05.926,0.92645,0.92665,7.80,10.20
2009.03.17 15:37:06.276,0.92645,0.92665,6.20,9.20
2009.03.17 15:37:07.065,0.92645,0.92665,12.20,2.20
2009.03.17 15:37:07.405,0.92645,0.9267,23.60,7.60
2009.03.17 15:37:07.705,0.9265,0.9267,1.40,11.40
2009.03.17 15:37:08.035,0.9265,0.9267,2.20,11.40
2009.03.17 15:37:08.445,0.9265,0.9267,6.20,7.00
2009.03.17 15:37:08.775,0.9265,0.9267,3.00,3.40
2009.03.17 15:37:09.175,0.9265,0.92675,6.40,11.60
2009.03.17 15:37:09.464,0.9265,0.92675,3.00,14.00
2009.03.17 15:37:09.805,0.9265,0.92675,4.60,14.00
2009.03.17 15:37:10.144,0.9265,0.92675,4.60,11.60
2009.03.17 15:37:11.054,0.9265,0.92675,3.00,11.60
2009.03.17 15:37:11.984,0.92655,0.92675,1.60,8.20
2009.03.17 15:37:12.733,0.92655,0.92675,1.60,11.40
2009.03.17 15:37:13.123,0.9265,0.9267,4.40,2.60
2009.03.17 15:37:13.294,0.9265,0.9267,3.00,2.60
2009.03.17 15:37:13.644,0.9265,0.92675,4.40,14.00
2009.03.17 15:37:13.993,0.9265,0.92675,4.40,11.60
2009.03.17 15:37:14.223,0.92645,0.9267,26.60,3.00
2009.03.17 15:37:14.523,0.9265,0.9267,1.60,3.00
2009.03.17 15:37:14.933,0.92655,0.92675,1.60,11.40
2009.03.17 15:37:15.393,0.9265,0.92675,7.60,11.60
2009.03.17 15:37:15.733,0.9265,0.92675,3.00,11.60
2009.03.17 15:37:17.063,0.9265,0.9267,3.00,1.80
2009.03.17 15:37:17.702,0.9265,0.9267,4.40,1.80
2009.03.17 15:37:17.922,0.9265,0.9267,4.40,4.00
2009.03.17 15:37:18.562,0.9265,0.9267,3.00,3.00
2009.03.17 15:37:18.782,0.9265,0.92675,3.00,11.60
2009.03.17 15:37:19.292,0.9265,0.92675,4.20,11.60
2009.03.17 15:37:19.792,0.9265,0.9267,4.20,1.60
2009.03.17 15:37:19.912,0.9265,0.92665,4.20,1.00
2009.03.17 15:37:20.142,0.9265,0.92675,4.20,11.60
2009.03.17 15:37:20.552,0.92655,0.92675,1.60,11.40
2009.03.17 15:37:20.962,0.92655,0.92675,1.60,18.60
2009.03.17 15:37:21.242,0.92655,0.92675,1.60,8.20
2009.03.17 15:37:22.281,0.92655,0.92675,1.60,18.60
2009.03.17 15:37:22.681,0.92655,0.92675,1.60,21.80
2009.03.17 15:37:23.191,0.92655,0.92675,1.60,22.00
2009.03.17 15:37:24.361,0.9265,0.9267,1.60,4.80
2009.03.17 15:37:24.651,0.9265,0.92665,4.60,1.00
2009.03.17 15:37:25.341,0.92655,0.92665,1.60,1.00
2009.03.17 15:37:27.140,0.92655,0.92665,1.60,1.00
2009.03.17 15:37:27.300,0.9266,0.92665,4.60,1.00
2009.03.17 15:37:27.650,0.92655,0.92665,3.00,1.00
2009.03.17 15:37:27.860,0.9266,0.92665,3.00,1.00
2009.03.17 15:37:27.980,0.9265,0.92675,11.60,22.00
2009.03.17 15:37:28.270,0.9265,0.92665,5.60,1.00
2009.03.17 15:37:28.430,0.9265,0.92665,1.60,1.00
2009.03.17 15:37:28.540,0.9265,0.9267,1.60,1.80
2009.03.17 15:37:29.540,0.9265,0.9267,1.60,4.80
2009.03.17 15:37:29.770,0.9265,0.9267,1.60,6.60
2009.03.17 15:37:29.989,0.9265,0.9267,4.40,6.60
2009.03.17 15:37:30.399,0.9265,0.9267,4.40,9.80
2009.03.17 15:37:30.639,0.9265,0.9267,3.00,9.80
2009.03.17 15:37:31.139,0.92655,0.9267,4.60,9.80
2009.03.17 15:37:31.439,0.92655,0.9267,1.60,3.20
2009.03.17 15:37:31.661,0.92655,0.92675,1.60,6.40
2009.03.17 15:37:31.839,0.92655,0.92675,1.60,11.40
2009.03.17 15:37:32.009,0.92655,0.92675,1.60,21.80
2009.03.17 15:37:32.419,0.92655,0.92675,1.60,11.40
2009.03.17 15:37:32.779,0.92655,0.92675,1.60,12.00
2009.03.17 15:37:33.768,0.92655,0.92675,1.60,9.00
2009.03.17 15:37:34.068,0.92655,0.92675,1.60,7.40
2009.03.17 15:37:34.348,0.9266,0.92675,4.60,6.40
2009.03.17 15:37:35.038,0.92655,0.92675,10.60,7.40
2009.03.17 15:37:35.328,0.92655,0.92675,3.00,7.40
2009.03.17 15:37:35.668,0.9265,0.92675,3.00,12.00
2009.03.17 15:37:35.958,0.9265,0.92675,3.00,12.40
2009.03.17 15:37:36.228,0.9265,0.92675,4.60,12.40
2009.03.17 15:37:36.528,0.9265,0.92675,4.60,12.00
2009.03.17 15:37:38.087,0.9265,0.92675,4.60,12.40
2009.03.17 15:37:38.728,0.9265,0.92675,3.00,12.40
2009.03.17 15:37:39.007,0.9265,0.9267,3.00,2.60
2009.03.17 15:37:39.227,0.9265,0.9267,4.40,4.00
2009.03.17 15:37:39.757,0.9265,0.9267,3.00,3.60
2009.03.17 15:37:39.997,0.9265,0.92675,3.00,17.20
2009.03.17 15:37:40.467,0.9265,0.9267,4.40,3.00
2009.03.17 15:37:40.807,0.9265,0.9267,4.40,4.00
2009.03.17 15:37:41.097,0.9265,0.9267,4.40,9.00
2009.03.17 15:37:41.447,0.9265,0.9267,4.40,10.40
2009.03.17 15:37:44.906,0.9265,0.9267,1.60,5.80
2009.03.17 15:37:45.146,0.9265,0.9267,1.60,4.00
2009.03.17 15:37:45.206,0.9265,0.9267,1.60,3.00
2009.03.17 15:37:45.785,0.9265,0.92675,1.60,14.00
2009.03.17 15:37:47.985,0.92655,0.92675,4.60,14.00
2009.03.17 15:37:48.045,0.92655,0.92675,6.20,14.00
2009.03.17 15:37:49.175,0.92655,0.9266,2.80,1.60
2009.03.17 15:37:49.405,0.9266,0.9267,4.60,7.20
2009.03.17 15:37:49.515,0.9266,0.9267,4.60,9.20
2009.03.17 15:37:49.635,0.9266,0.9267,4.60,1.20
2009.03.17 15:37:49.755,0.9266,0.92675,4.60,11.00
2009.03.17 15:37:50.045,0.92655,0.92675,1.40,10.60
2009.03.17 15:37:50.344,0.9265,0.9267,1.60,3.00
2009.03.17 15:37:51.154,0.92645,0.9267,26.60,3.00
2009.03.17 15:37:51.684,0.92645,0.9267,26.60,6.20
2009.03.17 15:37:51.894,0.92645,0.9267,26.60,9.80
2009.03.17 15:37:52.184,0.92645,0.92665,12.20,1.60
2009.03.17 15:37:52.414,0.92645,0.92665,10.80,5.80
2009.03.17 15:37:52.704,0.92645,0.92665,10.80,4.80
2009.03.17 15:37:53.524,0.9265,0.92665,4.60,4.80
2009.03.17 15:37:53.754,0.9265,0.92665,6.40,4.80
2009.03.17 15:37:53.934,0.9265,0.92665,3.00,4.80
2009.03.17 15:37:54.174,0.9266,0.92665,6.20,1.00
2009.03.17 15:37:54.354,0.9266,0.92675,6.20,8.80
2009.03.17 15:37:54.694,0.9265,0.92675,10.40,11.40
2009.03.17 15:37:54.873,0.92655,0.92675,4.80,8.20
2009.03.17 15:37:55.093,0.9265,0.92675,7.00,11.40
2009.03.17 15:37:55.393,0.92655,0.92675,6.40,7.40
2009.03.17 15:37:55.913,0.92655,0.92675,9.20,7.40
2009.03.17 15:37:56.213,0.9266,0.92665,1.60,1.60
2009.03.17 15:37:56.513,0.9266,0.92665,6.20,1.00
2009.03.17 15:37:56.803,0.92655,0.92665,21.00,1.00
2009.03.17 15:37:56.923,0.92655,0.92675,21.00,4.00
2009.03.17 15:37:57.203,0.92655,0.92675,18.20,1.60
2009.03.17 15:37:57.323,0.92665,0.9268,4.60,5.60
2009.03.17 15:37:57.893,0.9266,0.9268,10.60,8.20
2009.03.17 15:37:58.113,0.9266,0.9268,11.60,7.20
2009.03.17 15:37:58.352,0.9266,0.9268,10.80,5.60
2009.03.17 15:37:58.713,0.92665,0.9268,9.20,4.80
2009.03.17 15:37:59.052,0.9266,0.92675,6.00,1.60
2009.03.17 15:37:59.453,0.92665,0.92675,1.20,2.60
2009.03.17 15:37:59.742,0.9266,0.9268,3.00,11.60
2009.03.17 15:38:00.092,0.9266,0.9268,4.00,11.40
2009.03.17 15:38:00.412,0.92665,0.9268,7.60,8.20
2009.03.17 15:38:00.922,0.92665,0.9268,9.20,4.80
2009.03.17 15:38:03.241,0.9267,0.9268,4.40,3.20
2009.03.17 15:38:03.402,0.9267,0.9268,4.80,3.20
2009.03.17 15:38:04.201,0.92665,0.9267,12.00,3.20
2009.03.17 15:38:04.481,0.9267,0.92675,1.20,1.60
2009.03.17 15:38:04.721,0.92665,0.92675,4.80,1.20
2009.03.17 15:38:05.061,0.92655,0.9267,14.60,4.80
2009.03.17 15:38:05.531,0.92655,0.9267,10.20,4.80
2009.03.17 15:38:05.921,0.92655,0.9267,8.60,5.80
2009.03.17 15:38:06.321,0.92655,0.9267,6.00,5.80
2009.03.17 15:38:07.170,0.9265,0.9266,3.50,1.60
2009.03.17 15:38:07.621,0.9265,0.9266,4.40,10.60
2009.03.17 15:38:07.971,0.92645,0.9266,2.80,4.00
2009.03.17 15:38:08.360,0.92645,0.9266,1.60,1.20
2009.03.17 15:38:08.660,0.9264,0.9266,4.60,1.80
2009.03.17 15:38:09.020,0.9264,0.92665,4.60,6.80
2009.03.17 15:38:09.320,0.9264,0.92665,7.60,4.40
2009.03.17 15:38:09.670,0.9264,0.92665,6.00,4.40
2009.03.17 15:38:11.589,0.9264,0.92655,6.00,1.20
2009.03.17 15:38:11.759,0.9264,0.92655,3.00,1.20
2009.03.17 15:38:12.219,0.9264,0.92655,2.80,1.20
2009.03.17 15:38:13.829,0.92635,0.92655,18.80,1.80
2009.03.17 15:38:13.999,0.92635,0.92655,8.40,1.80
2009.03.17 15:38:16.638,0.92635,0.9265,7.60,1.20
2009.03.17 15:38:19.138,0.92635,0.92655,7.60,6.00
2009.03.17 15:38:20.597,0.92635,0.92655,4.40,4.00
2009.03.17 15:38:21.127,0.92635,0.9265,7.60,1.20
2009.03.17 15:38:22.327,0.92635,0.9265,2.80,1.20
2009.03.17 15:38:22.497,0.92635,0.92655,4.40,4.00
2009.03.17 15:38:23.407,0.92635,0.92655,7.40,4.00
2009.03.17 15:38:23.526,0.92635,0.92655,7.60,2.60
2009.03.17 15:38:23.927,0.9265,0.9266,4.60,8.20
2009.03.17 15:38:24.797,0.92645,0.9266,6.20,4.80
2009.03.17 15:38:25.486,0.9264,0.9266,1.60,5.80
2009.03.17 15:38:25.666,0.9264,0.9266,1.60,9.20
2009.03.17 15:38:26.565,0.92645,0.9266,1.60,1.80
2009.03.17 15:38:26.806,0.92645,0.9266,2.80,1.20
2009.03.17 15:38:26.926,0.92645,0.92665,14.80,6.80
2009.03.17 15:38:27.325,0.92645,0.92665,4.40,5.40
2009.03.17 15:38:27.445,0.92645,0.92665,2.80,4.00
2009.03.17 15:38:27.666,0.92645,0.92665,14.80,4.00
2009.03.17 15:38:28.176,0.92645,0.92665,4.40,4.40
2009.03.17 15:38:28.635,0.92645,0.9266,1.60,4.00
2009.03.17 15:38:28.796,0.92645,0.9265,11.60,4.80
2009.03.17 15:38:29.255,0.92645,0.9265,10.40,3.20
2009.03.17 15:38:29.535,0.9264,0.92655,1.60,1.20
2009.03.17 15:38:29.935,0.9264,0.9266,4.60,4.00
2009.03.17 15:38:30.175,0.9264,0.9266,4.40,4.00
2009.03.17 15:38:31.025,0.9264,0.9266,4.40,3.00
2009.03.17 15:38:31.934,0.9264,0.9266,4.40,4.00
2009.03.17 15:38:33.404,0.9264,0.9266,4.60,4.00
2009.03.17 15:38:33.934,0.9264,0.9266,3.00,4.00
2009.03.17 15:38:34.204,0.9264,0.9266,2.80,5.80
2009.03.17 15:38:34.684,0.9264,0.9266,2.80,6.00
2009.03.17 15:38:35.463,0.92645,0.92655,1.20,5.80
2009.03.17 15:38:35.634,0.92635,0.92655,18.00,5.80
2009.03.17 15:38:35.873,0.92635,0.92655,7.60,6.00
2009.03.17 15:38:36.213,0.92635,0.92655,6.00,6.00
2009.03.17 15:38:36.573,0.9263,0.9265,13.20,6.00
2009.03.17 15:38:36.753,0.92635,0.9265,11.60,6.00
2009.03.17 15:38:36.983,0.92635,0.9265,11.60,4.00
2009.03.17 15:38:37.373,0.9263,0.9265,11.40,1.20
2009.03.17 15:38:37.783,0.9263,0.9265,13.20,1.20
2009.03.17 15:38:38.073,0.9263,0.92655,13.20,9.20
2009.03.17 15:38:38.243,0.9263,0.9265,13.20,1.20
2009.03.17 15:38:40.103,0.9263,0.92655,13.20,9.20
2009.03.17 15:38:40.272,0.9263,0.9265,13.20,5.00
2009.03.17 15:38:40.672,0.9263,0.9265,13.20,6.00
2009.03.17 15:38:44.151,0.9263,0.9265,13.20,2.80
2009.03.17 15:38:44.381,0.9263,0.92655,13.20,9.20
2009.03.17 15:38:44.601,0.9263,0.9265,13.20,6.00
2009.03.17 15:38:44.941,0.9263,0.9265,16.20,2.60
2009.03.17 15:38:45.241,0.9263,0.9265,16.20,1.20
2009.03.17 15:38:47.460,0.9263,0.9265,16.20,2.00
2009.03.17 15:38:47.800,0.9263,0.9265,11.60,5.80
2009.03.17 15:38:47.980,0.9263,0.9265,13.20,5.80
2009.03.17 15:38:52.400,0.9263,0.9265,13.20,4.00
2009.03.17 15:38:52.640,0.9263,0.92655,16.20,9.20
2009.03.17 15:38:52.869,0.9263,0.9265,16.20,1.20
2009.03.17 15:38:53.329,0.9263,0.9265,16.20,2.00
2009.03.17 15:38:53.509,0.9263,0.9265,16.00,4.00
2009.03.17 15:38:53.909,0.9263,0.9265,13.20,5.80
2009.03.17 15:38:57.208,0.9263,0.9265,16.20,1.20
2009.03.17 15:38:57.898,0.9263,0.92655,16.20,9.20
2009.03.17 15:39:00.717,0.92635,0.92655,1.60,9.20
2009.03.17 15:39:01.067,0.92635,0.92655,3.00,2.60
2009.03.17 15:39:01.407,0.92635,0.92655,18.20,2.60
2009.03.17 15:39:01.757,0.92635,0.92655,16.60,2.80
2009.03.17 15:39:01.927,0.92635,0.92655,18.20,1.80
2009.03.17 15:39:02.437,0.92635,0.9266,20.20,6.00
2009.03.17 15:39:02.667,0.92645,0.9266,1.20,5.60
2009.03.17 15:39:04.696,0.92645,0.92655,1.20,1.60
2009.03.17 15:39:05.266,0.92635,0.92655,13.40,1.60
2009.03.17 15:39:05.426,0.92635,0.9265,11.80,1.20
2009.03.17 15:39:08.985,0.9264,0.9265,1.20,1.20
2009.03.17 15:39:13.854,0.92635,0.9265,13.20,2.60
2009.03.17 15:39:14.264,0.9263,0.9265,16.20,2.60
2009.03.17 15:39:15.144,0.9263,0.9265,16.20,1.20
2009.03.17 15:39:20.473,0.92635,0.9265,2.80,1.20
2009.03.17 15:39:20.583,0.92635,0.9265,3.00,1.20
2009.03.17 15:39:20.643,0.92635,0.9265,4.40,1.20
2009.03.17 15:39:21.103,0.92645,0.9265,4.60,1.20
2009.03.17 15:39:21.383,0.92645,0.9265,5.20,1.20
2009.03.17 15:39:21.713,0.92645,0.9265,15.60,1.20
2009.03.17 15:39:21.882,0.92645,0.9265,15.80,1.20
2009.03.17 15:39:22.102,0.92645,0.9266,5.40,1.20
2009.03.17 15:39:22.332,0.92645,0.9266,8.40,1.20
2009.03.17 15:39:22.692,0.92645,0.9266,13.00,1.20
2009.03.17 15:39:23.042,0.92645,0.9266,15.00,1.20
2009.03.17 15:39:23.322,0.9265,0.9266,2.20,1.20
2009.03.17 15:39:23.902,0.9265,0.9266,5.20,1.20
2009.03.17 15:39:24.192,0.9265,0.9266,3.00,1.20
2009.03.17 15:39:24.302,0.92655,0.92675,1.60,8.20
2009.03.17 15:39:24.822,0.92655,0.92675,1.60,6.80
2009.03.17 15:39:29.030,0.92655,0.92675,1.60,6.40
2009.03.17 15:39:29.091,0.92655,0.92675,1.60,5.60
2009.03.17 15:39:29.141,0.9266,0.92675,1.60,1.60
2009.03.17 15:39:29.810,0.9266,0.92675,1.60,6.20
2009.03.17 15:39:30.031,0.92655,0.92675,4.00,7.40
2009.03.17 15:39:30.200,0.92655,0.92675,3.60,7.40
2009.03.17 15:39:30.380,0.92655,0.92675,2.80,7.40
2009.03.17 15:39:33.040,0.92655,0.92675,4.40,5.80
2009.03.17 15:39:36.159,0.92655,0.9266,1.60,1.20
2009.03.17 15:39:36.439,0.9265,0.9266,1.60,1.20
2009.03.17 15:39:36.719,0.9265,0.92665,2.80,1.20
2009.03.17 15:39:39.518,0.9265,0.92665,2.80,2.60
2009.03.17 15:39:39.738,0.92645,0.9266,7.80,1.20
2009.03.17 15:39:40.128,0.92645,0.9266,7.60,1.20
2009.03.17 15:39:43.897,0.92645,0.92665,4.60,4.00
2009.03.17 15:39:44.117,0.92655,0.9266,1.20,4.50
2009.03.17 15:39:44.467,0.9264,0.92655,5.40,4.20
2009.03.17 15:39:44.707,0.92645,0.9266,4.60,1.20
2009.03.17 15:39:45.247,0.92645,0.92665,7.80,5.80
2009.03.17 15:39:45.627,0.92645,0.9266,3.00,1.20
2009.03.17 15:39:45.956,0.92645,0.9266,7.60,1.20
2009.03.17 15:39:46.677,0.92645,0.92665,3.00,4.00
2009.03.17 15:39:47.086,0.92645,0.92665,7.80,5.80
2009.03.17 15:39:47.316,0.92645,0.9266,7.80,1.20
2009.03.17 15:39:48.266,0.9265,0.9266,2.20,1.20
2009.03.17 15:39:48.606,0.92655,0.92665,1.20,1.20
2009.03.17 15:39:49.576,0.9265,0.9267,6.00,1.20
2009.03.17 15:39:50.485,0.9265,0.9267,7.60,1.20
2009.03.17 15:39:51.585,0.9265,0.9267,10.00,1.20
2009.03.17 15:39:51.807,0.9265,0.9267,7.00,4.00
2009.03.17 15:39:52.155,0.9265,0.92665,4.60,1.20
2009.03.17 15:39:52.485,0.9265,0.92665,3.00,1.20
2009.03.17 15:39:54.174,0.9265,0.92665,2.80,1.20
2009.03.17 15:39:54.824,0.9265,0.92665,5.80,1.20
2009.03.17 15:39:55.064,0.9265,0.9267,7.40,5.80
2009.03.17 15:39:55.174,0.9265,0.9267,7.60,2.60
2009.03.17 15:39:55.404,0.9265,0.9267,7.60,1.20
2009.03.17 15:39:56.734,0.9265,0.92675,7.60,8.40
2009.03.17 15:39:57.064,0.9265,0.92675,7.60,6.00
2009.03.17 15:39:57.454,0.9265,0.9267,7.60,1.20
2009.03.17 15:39:57.804,0.9265,0.9267,10.00,1.20
2009.03.17 15:39:58.205,0.9265,0.92665,5.40,1.20
2009.03.17 15:39:58.553,0.9265,0.92665,6.00,1.20
2009.03.17 15:39:58.673,0.9265,0.9267,10.00,1.20
2009.03.17 15:39:59.123,0.9265,0.9267,7.00,1.20
2009.03.17 15:39:59.293,0.9265,0.92665,5.40,1.20
2009.03.17 15:39:59.353,0.9265,0.92665,8.40,1.20
2009.03.17 15:39:59.703,0.9265,0.9267,10.00,2.00
2009.03.17 15:40:00.053,0.9265,0.9267,10.00,1.20
2009.03.17 15:40:00.213,0.92655,0.9267,3.00,1.20
2009.03.17 15:40:00.604,0.92655,0.92675,3.00,2.60
2009.03.17 15:40:00.883,0.9266,0.9268,1.00,7.60
2009.03.17 15:40:01.113,0.92655,0.92675,3.00,2.60
2009.03.17 15:40:01.473,0.9266,0.9268,1.60,3.40
2009.03.17 15:40:01.933,0.9266,0.9268,7.00,1.80
2009.03.17 15:40:02.273,0.92665,0.92685,1.60,7.40
2009.03.17 15:40:02.553,0.92665,0.92685,1.60,4.00
2009.03.17 15:40:03.022,0.92665,0.92685,3.00,4.00
2009.03.17 15:40:03.473,0.9266,0.9268,10.00,1.20
2009.03.17 15:40:03.772,0.9266,0.9268,7.00,7.20
2009.03.17 15:40:04.003,0.9266,0.92675,9.20,2.60
2009.03.17 15:40:04.232,0.9266,0.92675,6.80,2.60
2009.03.17 15:40:04.572,0.9266,0.9268,12.20,2.60
2009.03.17 15:40:04.972,0.9267,0.92685,4.60,4.00
2009.03.17 15:40:05.722,0.9267,0.92685,4.60,1.60
2009.03.17 15:40:06.072,0.9267,0.92685,4.60,7.80
2009.03.17 15:40:06.361,0.9266,0.92685,20.60,5.80
2009.03.17 15:40:06.591,0.9266,0.92685,18.60,5.80
2009.03.17 15:40:06.831,0.9266,0.92685,16.80,5.80
2009.03.17 15:40:07.061,0.9266,0.92685,13.80,5.80
2009.03.17 15:40:07.351,0.9266,0.92685,12.20,5.80
2009.03.17 15:40:07.531,0.9266,0.9268,4.60,1.20
2009.03.17 15:40:07.931,0.9266,0.9268,9.20,3.00
2009.03.17 15:40:08.102,0.9266,0.9268,9.20,4.00
2009.03.17 15:40:08.271,0.92665,0.92675,1.20,2.00
2009.03.17 15:40:08.441,0.9266,0.92675,3.00,1.20
2009.03.17 15:40:08.851,0.9266,0.9268,2.20,1.80
2009.03.17 15:40:09.301,0.92655,0.9268,20.40,4.00
2009.03.17 15:40:09.871,0.92655,0.9268,20.40,5.20
2009.03.17 15:40:10.101,0.92655,0.92675,18.80,2.60
2009.03.17 15:40:10.331,0.92655,0.92675,13.40,5.80
2009.03.17 15:40:10.661,0.92655,0.9267,13.40,1.20
2009.03.17 15:40:12.181,0.92655,0.9267,16.40,1.20
2009.03.17 15:40:12.630,0.92655,0.92675,16.40,2.60
2009.03.17 15:40:15.589,0.9266,0.92675,2.20,1.60
2009.03.17 15:40:15.769,0.9266,0.9268,3.00,1.80
2009.03.17 15:40:16.099,0.9266,0.9268,7.60,1.20
2009.03.17 15:40:16.429,0.9266,0.9268,8.40,1.20
2009.03.17 15:40:16.780,0.9267,0.92685,1.00,1.80
2009.03.17 15:40:17.059,0.9267,0.9269,5.20,8.20
2009.03.17 15:40:17.399,0.92665,0.9269,10.00,6.00
2009.03.17 15:40:17.739,0.92665,0.92685,7.60,1.20
2009.03.17 15:40:19.239,0.92665,0.92685,4.40,5.80
2009.03.17 15:40:19.459,0.92665,0.92685,4.40,4.00
2009.03.17 15:40:19.678,0.92665,0.92685,4.60,1.20
2009.03.17 15:40:21.048,0.92665,0.92685,7.60,1.20
2009.03.17 15:40:22.048,0.92665,0.9269,7.60,6.00
2009.03.17 15:40:23.548,0.92665,0.92685,7.60,1.20
2009.03.17 15:40:23.708,0.92665,0.92685,4.60,1.20
2009.03.17 15:40:24.047,0.92665,0.92685,4.40,5.80
2009.03.17 15:40:24.227,0.92665,0.9268,2.80,1.20
2009.03.17 15:40:25.237,0.92665,0.9268,7.60,1.20
2009.03.17 15:40:25.577,0.92665,0.92685,9.40,2.60
2009.03.17 15:40:28.896,0.92665,0.9268,7.60,1.20
2009.03.17 15:40:29.066,0.92665,0.9268,2.80,1.20
2009.03.17 15:40:29.176,0.92665,0.92685,4.60,2.60
2009.03.17 15:40:29.466,0.92665,0.92685,4.60,1.20
2009.03.17 15:40:29.636,0.92665,0.9268,2.80,1.20
2009.03.17 15:40:31.776,0.9267,0.9268,1.20,1.20
2009.03.17 15:40:31.995,0.9266,0.9268,6.00,1.20
2009.03.17 15:40:33.035,0.9266,0.92675,2.80,2.60
2009.03.17 15:40:33.625,0.9266,0.9268,3.00,2.00
2009.03.17 15:40:34.145,0.9266,0.9268,3.00,1.20
2009.03.17 15:40:35.225,0.9266,0.9268,9.80,1.20
2009.03.17 15:40:35.405,0.9266,0.92685,11.40,4.00
2009.03.17 15:40:37.024,0.9266,0.92685,11.40,4.40
2009.03.17 15:40:37.504,0.92665,0.92685,1.40,4.00
2009.03.17 15:40:37.734,0.92665,0.92685,1.60,3.00
2009.03.17 15:40:37.904,0.92665,0.92685,1.40,4.00
2009.03.17 15:40:38.584,0.92665,0.92685,1.60,3.00
2009.03.17 15:40:39.084,0.9266,0.92685,11.40,4.00
2009.03.17 15:40:39.854,0.92665,0.92685,1.60,3.00
2009.03.17 15:40:40.024,0.92665,0.92685,1.60,3.20
2009.03.17 15:40:40.143,0.9267,0.92685,1.60,4.40
2009.03.17 15:40:40.494,0.92665,0.92685,1.60,4.40
2009.03.17 15:40:40.783,0.92665,0.92685,1.60,4.00
2009.03.17 15:40:41.083,0.92665,0.92685,3.20,4.00
2009.03.17 15:40:41.423,0.9267,0.92685,1.60,4.00
2009.03.17 15:40:41.823,0.92675,0.92685,1.20,4.00
2009.03.17 15:40:42.283,0.92665,0.92685,2.80,4.40
2009.03.17 15:40:42.733,0.9267,0.9268,1.20,4.40
2009.03.17 15:40:43.193,0.9267,0.92675,1.20,1.20
2009.03.17 15:40:44.252,0.9266,0.92675,2.80,1.20
2009.03.17 15:40:44.542,0.9266,0.9268,4.40,4.40
2009.03.17 15:40:44.882,0.9266,0.92675,2.80,5.80
2009.03.17 15:40:45.222,0.92665,0.92675,1.20,5.80
2009.03.17 15:40:45.552,0.9266,0.92675,1.60,1.20
2009.03.17 15:40:45.842,0.9266,0.92675,2.80,1.20
2009.03.17 15:40:48.601,0.9266,0.9268,4.40,4.40
2009.03.17 15:40:49.061,0.9266,0.92675,2.80,1.20
2009.03.17 15:40:49.421,0.9266,0.92675,1.60,1.20
2009.03.17 15:40:51.581,0.9266,0.9268,1.60,4.00
2009.03.17 15:40:52.350,0.9266,0.9268,3.00,4.00
2009.03.17 15:40:54.080,0.9267,0.9268,1.20,1.80
2009.03.17 15:40:54.880,0.92665,0.9268,2.80,1.80
2009.03.17 15:40:55.040,0.92665,0.92685,2.80,5.80
2009.03.17 15:40:55.910,0.92665,0.9268,2.80,3.00
2009.03.17 15:40:56.130,0.92665,0.9268,2.80,4.00
2009.03.17 15:40:56.359,0.9267,0.9268,1.20,4.00
2009.03.17 15:40:56.589,0.9266,0.9268,4.60,4.00
2009.03.17 15:40:56.809,0.9266,0.9268,4.60,4.00
2009.03.17 15:40:57.269,0.9266,0.92675,4.40,1.60
2009.03.17 15:40:57.549,0.9266,0.92675,2.80,2.60
2009.03.17 15:40:58.999,0.9266,0.92675,3.00,2.60
2009.03.17 15:41:00.268,0.9266,0.92675,6.00,2.60
2009.03.17 15:41:00.388,0.9266,0.9268,7.60,2.00
2009.03.17 15:41:00.559,0.9266,0.9268,7.60,1.80
2009.03.17 15:41:00.678,0.9266,0.9268,7.40,4.00
2009.03.17 15:41:00.858,0.9266,0.9268,4.40,7.20
2009.03.17 15:41:01.199,0.9266,0.92675,1.60,2.60
2009.03.17 15:41:01.488,0.9266,0.92675,3.00,1.20
2009.03.17 15:41:01.788,0.9266,0.9268,7.60,1.80
2009.03.17 15:41:02.118,0.9266,0.92675,6.00,1.20
2009.03.17 15:41:06.357,0.9266,0.9268,7.60,1.20
2009.03.17 15:41:06.717,0.9267,0.9268,1.20,1.20
2009.03.17 15:41:07.007,0.9267,0.92685,1.20,4.00
2009.03.17 15:41:07.187,0.92665,0.92685,3.00,4.00
2009.03.17 15:41:07.357,0.92665,0.92685,1.40,2.60
2009.03.17 15:41:07.727,0.9266,0.9268,7.60,1.20
2009.03.17 15:41:08.127,0.9266,0.92675,3.00,2.60
2009.03.17 15:41:10.576,0.9266,0.92675,6.00,2.60
2009.03.17 15:41:10.976,0.9266,0.9268,7.60,2.00
2009.03.17 15:41:11.486,0.9266,0.9268,4.60,3.00
2009.03.17 15:41:11.766,0.9266,0.92675,3.00,2.60
2009.03.17 15:41:18.284,0.9266,0.92675,1.60,2.60
2009.03.17 15:41:19.714,0.9266,0.92675,3.00,2.60
2009.03.17 15:41:20.064,0.92665,0.92675,1.40,2.00
2009.03.17 15:41:20.514,0.92665,0.9269,6.00,13.20
2009.03.17 15:41:20.863,0.9267,0.9269,5.20,9.80
2009.03.17 15:41:21.263,0.9267,0.9269,4.40,7.60
2009.03.17 15:41:21.613,0.92665,0.9269,6.00,7.60
2009.03.17 15:41:22.233,0.92665,0.9269,6.00,7.40
2009.03.17 15:41:22.463,0.9267,0.9269,1.60,7.40
2009.03.17 15:41:22.683,0.92665,0.92685,6.80,3.00
2009.03.17 15:41:23.153,0.92665,0.92685,3.00,4.60
2009.03.17 15:41:23.623,0.92665,0.92685,3.00,2.60
2009.03.17 15:41:24.263,0.92665,0.92685,4.40,2.60
2009.03.17 15:41:26.812,0.9267,0.92685,4.60,2.00
2009.03.17 15:41:27.152,0.9267,0.9269,6.20,7.40
2009.03.17 15:41:28.262,0.92665,0.9269,11.40,7.40
2009.03.17 15:41:28.382,0.92665,0.9269,6.00,7.60
2009.03.17 15:41:28.662,0.92665,0.92685,2.80,3.20
2009.03.17 15:41:28.842,0.9266,0.92685,16.80,6.00
2009.03.17 15:41:29.012,0.9266,0.92685,15.00,6.00
2009.03.17 15:41:29.131,0.9266,0.9268,8.40,1.20
2009.03.17 15:41:29.421,0.9266,0.9268,7.60,1.20
2009.03.17 15:41:30.061,0.9266,0.9268,12.20,2.60
2009.03.17 15:41:30.391,0.9266,0.92685,7.60,6.00
2009.03.17 15:41:31.861,0.9267,0.9269,1.60,15.00
2009.03.17 15:41:32.201,0.9267,0.92685,1.60,1.20
2009.03.17 15:41:32.501,0.9267,0.9268,6.20,3.20
2009.03.17 15:41:32.791,0.92665,0.92685,3.00,6.60
2009.03.17 15:41:32.971,0.92665,0.92685,6.80,4.00
2009.03.17 15:41:33.181,0.92665,0.92685,8.00,1.20
2009.03.17 15:41:33.650,0.92665,0.9269,7.60,4.40
2009.03.17 15:41:34.290,0.92665,0.9269,4.60,4.40
2009.03.17 15:41:34.570,0.92665,0.92685,3.00,1.20
2009.03.17 15:41:34.800,0.9267,0.92695,4.60,9.20
2009.03.17 15:41:35.130,0.92665,0.9269,10.00,4.00
2009.03.17 15:41:35.420,0.92665,0.9269,7.60,4.40
2009.03.17 15:41:35.640,0.92665,0.9269,9.60,3.00
2009.03.17 15:41:36.040,0.92665,0.9269,11.40,3.00
2009.03.17 15:41:36.330,0.9267,0.92695,3.00,6.80
2009.03.17 15:41:36.569,0.9267,0.92695,4.60,5.60
2009.03.17 15:41:37.010,0.9267,0.92695,8.40,5.60
2009.03.17 15:41:37.239,0.9267,0.92695,6.80,6.80
2009.03.17 15:41:37.460,0.9267,0.92695,6.60,5.60
2009.03.17 15:41:37.799,0.9267,0.92695,8.40,5.60
2009.03.17 15:41:40.309,0.9267,0.92695,6.40,5.60
2009.03.17 15:41:40.479,0.9267,0.92695,4.60,6.80
2009.03.17 15:41:48.067,0.92685,0.92695,4.60,1.80
2009.03.17 15:41:48.427,0.9267,0.9269,6.80,1.20
2009.03.17 15:41:48.897,0.92665,0.9269,7.80,1.80
2009.03.17 15:41:49.307,0.9267,0.92695,4.60,5.40
2009.03.17 15:41:49.597,0.92675,0.92695,1.60,2.40
2009.03.17 15:41:51.526,0.92675,0.92695,1.40,2.40
2009.03.17 15:41:51.976,0.9267,0.92695,4.60,5.60
2009.03.17 15:41:52.366,0.92665,0.92685,21.00,2.60
2009.03.17 15:41:52.476,0.9267,0.92685,3.00,1.20
2009.03.17 15:41:52.826,0.9267,0.9269,3.00,1.80
2009.03.17 15:41:53.056,0.9267,0.9269,1.40,4.00
2009.03.17 15:41:53.396,0.9267,0.9269,1.40,3.00
2009.03.17 15:41:53.685,0.9267,0.92695,4.60,6.80
2009.03.17 15:41:54.965,0.9267,0.92695,4.60,6.40
2009.03.17 15:41:55.136,0.92685,0.92695,4.60,6.40
2009.03.17 15:41:55.475,0.92685,0.92695,4.60,2.60
2009.03.17 15:41:55.755,0.92675,0.92695,18.20,5.60
2009.03.17 15:41:56.025,0.92675,0.92695,10.40,4.60
2009.03.17 15:41:56.325,0.92675,0.92695,3.00,4.60
2009.03.17 15:41:56.545,0.92675,0.92695,1.40,4.60
2009.03.17 15:41:56.825,0.92675,0.92695,3.00,4.60
2009.03.17 15:41:57.055,0.92675,0.92695,4.60,1.60
2009.03.17 15:41:57.505,0.92675,0.927,4.60,12.40
2009.03.17 15:41:58.134,0.92675,0.927,4.60,10.00
2009.03.17 15:42:00.634,0.92675,0.927,4.60,9.60
2009.03.17 15:42:02.374,0.92675,0.927,4.60,10.00
2009.03.17 15:42:04.373,0.92675,0.927,4.60,12.40
2009.03.17 15:42:04.543,0.92675,0.927,1.60,12.40
2009.03.17 15:42:05.043,0.92675,0.92695,1.60,3.00
2009.03.17 15:42:07.042,0.92675,0.92695,4.60,3.00
2009.03.17 15:42:07.322,0.92675,0.927,4.60,12.40
2009.03.17 15:42:07.982,0.9268,0.927,1.60,12.20
2009.03.17 15:42:08.282,0.9268,0.927,1.60,9.60
2009.03.17 15:42:10.322,0.92675,0.927,4.60,10.00
2009.03.17 15:42:10.501,0.92685,0.927,4.60,6.60
2009.03.17 15:42:10.663,0.92685,0.927,4.80,6.60
2009.03.17 15:42:11.002,0.92685,0.927,4.80,4.80
2009.03.17 15:42:11.291,0.92685,0.927,4.60,5.60
2009.03.17 15:42:11.401,0.9268,0.927,7.60,6.60
2009.03.17 15:42:11.701,0.9268,0.927,4.60,6.60
2009.03.17 15:42:15.251,0.9269,0.927,4.60,5.60
2009.03.17 15:42:15.540,0.9269,0.927,3.00,7.20
2009.03.17 15:42:16.010,0.9268,0.927,1.60,10.20
2009.03.17 15:42:16.470,0.9267,0.92685,7.80,1.20
2009.03.17 15:42:16.980,0.92675,0.92695,1.40,9.00
2009.03.17 15:42:17.560,0.9267,0.92695,7.60,9.00
2009.03.17 15:42:18.070,0.9267,0.92695,12.20,9.00
2009.03.17 15:42:18.300,0.92675,0.92695,1.40,5.80
2009.03.17 15:42:18.870,0.9267,0.9269,12.20,1.20
2009.03.17 15:42:22.329,0.9267,0.9269,3.00,2.20
2009.03.17 15:42:22.439,0.9267,0.9269,3.00,3.20
2009.03.17 15:42:22.669,0.9267,0.9269,1.40,2.20
2009.03.17 15:42:22.959,0.92665,0.92685,13.20,5.80
2009.03.17 15:42:23.068,0.92665,0.92685,2.80,5.80
2009.03.17 15:42:23.228,0.92665,0.92685,2.80,7.20
2009.03.17 15:42:23.638,0.9267,0.9268,1.20,1.20
2009.03.17 15:42:23.979,0.9266,0.92675,6.20,3.00
2009.03.17 15:42:24.428,0.92655,0.92675,9.40,4.60
2009.03.17 15:42:24.708,0.92665,0.9268,1.60,2.40
2009.03.17 15:42:24.988,0.92665,0.92675,1.60,1.00
2009.03.17 15:42:25.278,0.9267,0.9269,1.00,4.80
2009.03.17 15:42:25.618,0.9267,0.9269,4.60,4.80
2009.03.17 15:42:26.088,0.9267,0.92695,4.60,9.00
2009.03.17 15:42:26.428,0.92675,0.9269,1.60,1.80
2009.03.17 15:42:26.828,0.92675,0.9269,1.00,2.40
2009.03.17 15:42:27.167,0.9267,0.9269,4.60,2.40
2009.03.17 15:42:27.447,0.9267,0.92695,4.60,7.80
2009.03.17 15:42:28.027,0.9267,0.92695,4.60,5.40
2009.03.17 15:42:28.477,0.92685,0.92695,4.60,2.40
2009.03.17 15:42:28.897,0.92685,0.927,4.60,12.20
2009.03.17 15:42:29.007,0.92685,0.927,4.60,11.00
2009.03.17 15:42:30.517,0.92685,0.927,4.60,8.60
2009.03.17 15:42:31.157,0.9268,0.927,6.20,10.00
2009.03.17 15:42:31.436,0.9268,0.927,6.40,9.60
2009.03.17 15:42:31.727,0.9268,0.927,1.60,9.60
2009.03.17 15:42:31.966,0.92675,0.927,9.20,12.20
2009.03.17 15:42:32.536,0.9268,0.927,4.60,12.20
2009.03.17 15:42:32.826,0.9268,0.927,6.40,10.80
2009.03.17 15:42:33.167,0.9268,0.927,6.40,9.60
2009.03.17 15:42:33.506,0.92675,0.927,4.60,10.00
2009.03.17 15:42:35.795,0.92675,0.927,4.60,9.60
2009.03.17 15:42:35.846,0.9268,0.927,6.40,9.60
2009.03.17 15:42:44.283,0.92685,0.927,1.60,5.60
2009.03.17 15:42:44.393,0.9268,0.927,9.20,5.60
2009.03.17 15:42:48.902,0.92685,0.927,1.60,5.60
2009.03.17 15:42:50.362,0.9268,0.927,9.20,5.60
2009.03.17 15:42:55.271,0.9268,0.927,10.60,5.60
2009.03.17 15:42:55.381,0.92685,0.927,4.60,5.60
2009.03.17 15:42:55.681,0.9268,0.927,9.20,5.60
2009.03.17 15:42:55.960,0.9268,0.927,9.20,4.80
2009.03.17 15:43:00.669,0.92685,0.927,4.60,4.80
2009.03.17 15:43:00.779,0.92685,0.927,6.40,4.80
2009.03.17 15:43:02.299,0.92685,0.927,9.20,4.80
2009.03.17 15:43:02.529,0.92685,0.927,9.20,1.60
2009.03.17 15:43:02.699,0.9269,0.927,6.20,1.60
2009.03.17 15:43:06.698,0.9269,0.927,6.40,1.60
2009.03.17 15:43:06.988,0.92695,0.927,1.40,1.60
2009.03.17 15:43:07.048,0.9269,0.927,4.60,1.60
2009.03.17 15:43:07.408,0.9269,0.9271,10.60,7.20
2009.03.17 15:43:07.987,0.9269,0.9271,10.60,5.60
2009.03.17 15:43:08.197,0.9269,0.9271,10.60,4.80
2009.03.17 15:43:10.287,0.9269,0.9271,14.60,4.80
2009.03.17 15:43:10.917,0.9269,0.9271,10.60,4.80
2009.03.17 15:43:11.147,0.927,0.9271,1.00,4.80
2009.03.17 15:43:11.327,0.927,0.92715,6.40,4.80
2009.03.17 15:43:11.497,0.92705,0.92715,4.60,5.80
2009.03.17 15:43:11.857,0.92705,0.92725,1.60,6.60
2009.03.17 15:43:12.077,0.92705,0.9273,1.60,8.60
2009.03.17 15:43:12.546,0.92705,0.9273,4.60,8.60
2009.03.17 15:43:13.067,0.9271,0.9273,3.00,5.20
2009.03.17 15:43:13.306,0.9271,0.9273,9.20,5.20
2009.03.17 15:43:13.947,0.9271,0.9273,1.60,5.20
2009.03.17 15:43:15.226,0.92705,0.9272,4.80,1.00
2009.03.17 15:43:15.565,0.92705,0.9272,7.60,1.00
2009.03.17 15:43:15.746,0.9271,0.9273,4.60,15.80
2009.03.17 15:43:15.906,0.9271,0.9273,4.60,14.60
2009.03.17 15:43:16.135,0.9271,0.9273,4.60,14.60
2009.03.17 15:43:16.536,0.9271,0.9273,4.60,17.00
2009.03.17 15:43:16.875,0.9271,0.9273,1.40,14.00
2009.03.17 15:43:17.215,0.9271,0.9273,1.40,11.40
2009.03.17 15:43:18.145,0.9271,0.9273,1.40,8.60
2009.03.17 15:43:19.015,0.9271,0.9273,1.40,9.80
2009.03.17 15:43:19.185,0.9271,0.9273,1.40,11.40
2009.03.17 15:43:19.465,0.92705,0.92725,1.60,3.00
2009.03.17 15:43:19.914,0.92705,0.92725,4.60,1.60
2009.03.17 15:43:20.035,0.92705,0.92725,4.60,2.40
2009.03.17 15:43:20.904,0.92705,0.9273,4.60,11.00
2009.03.17 15:43:21.184,0.92705,0.9273,4.60,14.00
2009.03.17 15:43:21.414,0.92705,0.9273,4.60,11.40
2009.03.17 15:43:23.434,0.92705,0.9273,3.00,11.40
2009.03.17 15:43:24.294,0.92705,0.9273,3.00,14.60
2009.03.17 15:43:24.524,0.92705,0.9273,3.00,11.40
2009.03.17 15:43:26.323,0.92705,0.9273,7.60,11.20
2009.03.17 15:43:26.423,0.9271,0.9273,1.60,8.60
2009.03.17 15:43:26.973,0.9271,0.9273,1.60,11.20
2009.03.17 15:43:27.203,0.9271,0.9273,1.60,11.40
2009.03.17 15:43:27.543,0.9271,0.9273,1.60,8.80
2009.03.17 15:43:27.713,0.9271,0.9273,1.60,9.80
2009.03.17 15:43:27.833,0.9271,0.9273,1.60,14.00
2009.03.17 15:43:28.103,0.92705,0.9273,1.60,14.00
2009.03.17 15:43:28.273,0.92705,0.9273,4.60,11.40
2009.03.17 15:43:28.393,0.92705,0.9273,4.60,13.00
2009.03.17 15:43:28.563,0.92705,0.9273,4.60,12.40
2009.03.17 15:43:28.853,0.9271,0.92725,1.20,2.40
2009.03.17 15:43:29.143,0.9271,0.9272,4.40,1.20
2009.03.17 15:43:29.442,0.9271,0.9273,4.40,8.40
2009.03.17 15:43:29.723,0.9272,0.9273,1.60,5.00
2009.03.17 15:43:30.072,0.9272,0.92735,6.60,6.40
2009.03.17 15:43:30.122,0.9272,0.9273,3.20,3.00
2009.03.17 15:43:30.353,0.9272,0.9273,1.60,3.00
2009.03.17 15:43:30.572,0.9272,0.92735,1.60,12.20
2009.03.17 15:43:30.633,0.9272,0.92735,1.60,12.20
2009.03.17 15:43:30.812,0.9272,0.92735,1.60,12.40
2009.03.17 15:43:31.282,0.9272,0.92735,1.60,13.60
2009.03.17 15:43:31.332,0.9272,0.92735,1.60,15.40
2009.03.17 15:43:34.691,0.927,0.9272,9.20,4.20
2009.03.17 15:43:35.191,0.927,0.9272,9.20,5.80
2009.03.17 15:43:35.601,0.927,0.9272,9.20,4.20
2009.03.17 15:43:36.830,0.927,0.9272,6.40,4.20
2009.03.17 15:43:37.060,0.927,0.9272,6.20,9.00
2009.03.17 15:43:37.280,0.927,0.9272,6.20,11.80
2009.03.17 15:43:37.790,0.927,0.9272,6.20,11.80
2009.03.17 15:43:38.260,0.927,0.9272,6.20,10.00
2009.03.17 15:43:39.450,0.927,0.9272,6.20,7.20
2009.03.17 15:43:40.780,0.927,0.9272,9.20,4.20
2009.03.17 15:43:44.649,0.927,0.9272,9.20,3.20
2009.03.17 15:43:47.000,0.927,0.9272,9.20,4.20
2009.03.17 15:43:47.398,0.927,0.9272,9.20,3.20
2009.03.17 15:43:49.308,0.927,0.9272,9.20,4.20
2009.03.17 15:43:51.967,0.927,0.9272,9.20,3.20
2009.03.17 15:43:52.487,0.927,0.9272,9.20,4.20
2009.03.17 15:43:53.616,0.92705,0.9272,4.60,3.20
2009.03.17 15:43:53.856,0.927,0.9272,10.60,3.20
2009.03.17 15:43:54.136,0.927,0.9272,9.20,4.20
2009.03.17 15:43:56.646,0.927,0.9272,9.20,5.80
2009.03.17 15:43:56.816,0.927,0.9272,7.60,4.20
2009.03.17 15:43:56.986,0.927,0.92715,7.60,1.60
2009.03.17 15:43:57.166,0.927,0.92715,6.40,4.80
2009.03.17 15:43:57.335,0.927,0.92715,4.80,4.80
2009.03.17 15:43:58.545,0.927,0.92715,4.80,5.80
2009.03.17 15:43:58.825,0.927,0.92715,4.60,5.80
2009.03.17 15:43:59.455,0.927,0.92715,4.60,4.80
2009.03.17 15:43:59.965,0.927,0.9272,4.80,4.20
2009.03.17 15:44:00.195,0.927,0.9272,6.40,4.20
2009.03.17 15:44:02.354,0.927,0.9272,9.20,4.20
2009.03.17 15:44:02.984,0.927,0.9272,9.20,3.20
2009.03.17 15:44:03.504,0.92705,0.9272,1.60,3.20
2009.03.17 15:44:05.524,0.927,0.9272,9.20,4.20
2009.03.17 15:44:06.563,0.927,0.9272,9.20,7.20
2009.03.17 15:44:06.843,0.927,0.9272,6.20,7.20
2009.03.17 15:44:07.183,0.927,0.9272,6.40,4.20
2009.03.17 15:44:07.873,0.927,0.9272,9.20,4.20
2009.03.17 15:44:12.872,0.927,0.9272,9.20,5.80
2009.03.17 15:44:13.332,0.927,0.9272,9.20,4.20
2009.03.17 15:44:15.821,0.927,0.9272,6.40,4.20
2009.03.17 15:44:16.381,0.927,0.9272,9.20,4.20
2009.03.17 15:44:16.651,0.927,0.9272,10.80,4.20
2009.03.17 15:44:16.921,0.92705,0.9272,4.80,4.20
2009.03.17 15:44:17.491,0.92705,0.9272,4.60,4.20
2009.03.17 15:44:18.061,0.92705,0.9272,4.80,4.20
2009.03.17 15:44:18.700,0.92705,0.9272,4.60,4.20
2009.03.17 15:44:19.000,0.92705,0.9272,4.80,4.20
2009.03.17 15:44:21.360,0.92705,0.9272,4.60,4.20
2009.03.17 15:44:21.749,0.92705,0.9272,4.80,4.20
2009.03.17 15:44:22.559,0.92705,0.9272,1.40,4.20
2009.03.17 15:44:23.070,0.927,0.92715,8.00,4.80
2009.03.17 15:44:23.369,0.927,0.9272,9.20,12.00
2009.03.17 15:44:23.769,0.927,0.9272,1.60,12.20
2009.03.17 15:44:24.109,0.927,0.92715,1.60,5.20
2009.03.17 15:44:26.978,0.927,0.92715,1.60,4.80
2009.03.17 15:44:27.148,0.927,0.92715,1.60,6.60
2009.03.17 15:44:30.098,0.927,0.92715,1.60,7.60
2009.03.17 15:44:30.267,0.927,0.92715,1.60,9.60
2009.03.17 15:44:30.448,0.927,0.9271,1.60,3.00
2009.03.17 15:44:31.368,0.927,0.9271,1.60,2.20
2009.03.17 15:44:33.217,0.927,0.9271,1.60,3.00
2009.03.17 15:44:33.687,0.927,0.9271,1.60,2.20
2009.03.17 15:44:34.417,0.927,0.92715,1.60,8.00
2009.03.17 15:44:34.836,0.927,0.92715,1.60,8.00
2009.03.17 15:44:34.947,0.92695,0.92715,1.00,10.40
2009.03.17 15:44:35.177,0.9269,0.92715,4.60,10.40
2009.03.17 15:44:35.466,0.9269,0.9271,3.00,6.60
2009.03.17 15:44:35.756,0.92685,0.927,6.00,1.00
2009.03.17 15:44:36.106,0.9268,0.927,9.80,1.20
2009.03.17 15:44:36.566,0.9268,0.927,3.00,3.00
2009.03.17 15:44:37.026,0.9268,0.927,3.00,4.20
2009.03.17 15:44:37.256,0.9268,0.927,1.40,4.20
2009.03.17 15:44:37.546,0.92675,0.927,6.00,6.00
2009.03.17 15:44:37.776,0.92675,0.92695,3.00,2.20
2009.03.17 15:44:38.006,0.92675,0.92695,2.60,2.20
2009.03.17 15:44:38.186,0.92675,0.92695,1.40,2.20
2009.03.17 15:44:38.625,0.92675,0.92695,1.40,3.00
2009.03.17 15:44:38.965,0.92675,0.92695,1.40,2.20
2009.03.17 15:44:39.135,0.92675,0.92695,1.00,2.20
2009.03.17 15:44:39.255,0.92675,0.92695,1.00,1.80
2009.03.17 15:44:39.545,0.92675,0.92695,1.40,1.80
2009.03.17 15:44:39.715,0.92675,0.92695,1.40,3.00
2009.03.17 15:44:40.055,0.92675,0.92695,1.40,2.20
2009.03.17 15:44:40.225,0.9267,0.9269,6.00,1.20
2009.03.17 15:44:40.465,0.9267,0.9269,4.60,1.80
2009.03.17 15:44:40.575,0.9267,0.9269,4.60,2.00
2009.03.17 15:44:42.225,0.9267,0.9269,3.00,2.00
2009.03.17 15:44:42.964,0.9267,0.92695,4.60,9.40
2009.03.17 15:44:43.084,0.92675,0.92695,1.00,9.40
2009.03.17 15:44:43.265,0.92675,0.92695,1.00,8.20
2009.03.17 15:44:43.624,0.92665,0.9269,9.80,4.00
2009.03.17 15:44:46.064,0.92675,0.92695,1.00,2.40
2009.03.17 15:44:46.344,0.9268,0.92695,3.00,1.60
2009.03.17 15:44:46.404,0.9268,0.92695,3.00,3.40
2009.03.17 15:44:46.763,0.92685,0.92705,1.00,5.60
2009.03.17 15:44:47.284,0.9269,0.9271,1.60,13.20
2009.03.17 15:44:47.614,0.9269,0.9271,4.60,2.40
2009.03.17 15:44:50.643,0.9269,0.92715,4.60,9.40
2009.03.17 15:44:50.993,0.92695,0.9271,1.60,1.00
2009.03.17 15:44:51.403,0.92695,0.92705,1.40,1.20
2009.03.17 15:44:51.692,0.9269,0.92705,5.20,3.20
2009.03.17 15:44:51.964,0.92685,0.92705,6.00,1.20
2009.03.17 15:44:52.252,0.9269,0.92705,1.00,1.80
2009.03.17 15:44:52.482,0.92685,0.92705,4.60,2.00
2009.03.17 15:44:52.992,0.92685,0.92705,7.60,1.20
2009.03.17 15:44:53.342,0.9269,0.9271,1.60,7.00
2009.03.17 15:44:53.702,0.9269,0.92705,4.60,1.00
2009.03.17 15:44:54.052,0.92685,0.9271,6.80,6.20
2009.03.17 15:44:54.272,0.92685,0.9271,5.60,7.00
2009.03.17 15:44:54.452,0.92685,0.927,6.80,3.00
2009.03.17 15:44:54.622,0.92685,0.927,2.80,4.00
2009.03.17 15:44:54.962,0.92685,0.92695,2.80,4.00
2009.03.17 15:44:55.362,0.92685,0.9269,2.80,1.60
2009.03.17 15:44:55.812,0.92685,0.9269,1.60,1.60
2009.03.17 15:44:56.221,0.92675,0.9269,6.40,1.00
2009.03.17 15:44:56.651,0.92675,0.927,8.40,7.00
2009.03.17 15:44:57.171,0.92685,0.92705,9.20,6.20
2009.03.17 15:44:57.341,0.92685,0.92705,4.60,5.80
2009.03.17 15:44:57.671,0.92685,0.927,4.60,3.20
2009.03.17 15:44:58.181,0.9269,0.927,1.60,3.20
2009.03.17 15:44:59.581,0.9269,0.92705,3.00,3.40
2009.03.17 15:44:59.931,0.9269,0.927,1.60,3.20
2009.03.17 15:45:00.160,0.9269,0.92705,1.00,1.60
2009.03.17 15:45:00.730,0.92685,0.92705,1.60,1.60
2009.03.17 15:45:01.140,0.92685,0.92705,4.60,2.80
2009.03.17 15:45:01.320,0.9269,0.92705,1.00,5.80
2009.03.17 15:45:01.563,0.9269,0.92705,1.60,4.80
2009.03.17 15:45:01.910,0.9268,0.92705,11.80,6.60
2009.03.17 15:45:02.260,0.9268,0.92705,7.60,6.60
2009.03.17 15:45:02.760,0.9268,0.927,3.00,3.00
2009.03.17 15:45:03.060,0.9268,0.927,2.20,3.00
2009.03.17 15:45:03.870,0.9268,0.927,1.60,3.00
2009.03.17 15:45:04.219,0.9268,0.927,3.00,4.20
2009.03.17 15:45:04.600,0.9268,0.927,3.00,2.20
2009.03.17 15:45:04.829,0.9268,0.927,3.00,3.40
2009.03.17 15:45:05.180,0.92675,0.92695,6.00,1.20
2009.03.17 15:45:05.539,0.92675,0.927,4.60,9.00
2009.03.17 15:45:06.189,0.92675,0.92695,3.00,3.40
2009.03.17 15:45:06.579,0.9268,0.92695,1.60,2.40
2009.03.17 15:45:07.039,0.9268,0.927,1.00,5.80
2009.03.17 15:45:07.319,0.9268,0.92695,1.60,1.00
2009.03.17 15:45:07.588,0.9268,0.92705,4.60,11.80
2009.03.17 15:45:08.388,0.9268,0.92705,1.60,11.80
2009.03.17 15:45:08.568,0.9268,0.927,1.40,3.00
2009.03.17 15:45:08.979,0.92675,0.927,6.00,5.60
2009.03.17 15:45:09.218,0.92675,0.927,4.60,5.60
2009.03.17 15:45:09.488,0.9267,0.9269,9.20,1.20
2009.03.17 15:45:09.788,0.9267,0.9269,6.00,1.20
2009.03.17 15:45:10.868,0.92675,0.92695,1.40,4.00
2009.03.17 15:45:11.258,0.92675,0.92695,1.40,3.00
2009.03.17 15:45:14.117,0.9268,0.927,3.00,2.40
2009.03.17 15:45:14.467,0.9268,0.927,3.00,3.00
2009.03.17 15:45:15.618,0.9268,0.927,4.40,4.00
2009.03.17 15:45:15.847,0.92675,0.927,6.00,4.00
2009.03.17 15:45:16.146,0.92675,0.927,3.00,5.60
2009.03.17 15:45:16.326,0.92675,0.927,3.00,6.40
2009.03.17 15:45:16.736,0.92675,0.927,3.00,8.20
2009.03.17 15:45:16.956,0.92675,0.92695,2.20,1.80
2009.03.17 15:45:17.176,0.92675,0.92695,1.40,1.80
2009.03.17 15:45:18.436,0.92675,0.92695,1.40,4.00
2009.03.17 15:45:20.455,0.92675,0.9269,1.60,1.60
2009.03.17 15:45:20.745,0.92675,0.92695,1.60,4.80
2009.03.17 15:45:21.025,0.92675,0.92695,4.60,1.80
2009.03.17 15:45:21.245,0.92675,0.92695,4.60,3.40
2009.03.17 15:45:22.415,0.9267,0.92695,4.60,6.80
2009.03.17 15:45:22.695,0.92665,0.9269,11.40,4.00
2009.03.17 15:45:23.035,0.9267,0.92685,4.20,1.20
2009.03.17 15:45:23.475,0.92675,0.92695,4.60,6.60
2009.03.17 15:45:23.595,0.9267,0.9269,6.00,1.20
2009.03.17 15:45:24.125,0.9267,0.9269,3.00,2.60
2009.03.17 15:45:24.574,0.9267,0.9269,1.00,1.80
2009.03.17 15:45:24.915,0.92675,0.9269,1.20,4.20
2009.03.17 15:45:25.255,0.9267,0.9269,3.00,4.20
2009.03.17 15:45:25.484,0.9267,0.9269,1.40,4.20
2009.03.17 15:45:25.714,0.9267,0.9269,1.40,2.60
2009.03.17 15:45:26.004,0.9267,0.9269,1.40,1.80
2009.03.17 15:45:26.244,0.92665,0.9269,11.40,4.00
2009.03.17 15:45:26.484,0.92665,0.92685,11.40,1.20
2009.03.17 15:45:26.784,0.92665,0.92685,4.60,1.80
2009.03.17 15:45:27.764,0.92665,0.9269,9.20,8.20
2009.03.17 15:45:27.994,0.9267,0.9269,4.40,5.80
2009.03.17 15:45:29.423,0.92665,0.9269,12.20,5.80
2009.03.17 15:45:30.173,0.92665,0.9269,12.20,6.00
2009.03.17 15:45:33.552,0.92665,0.9268,2.80,1.20
2009.03.17 15:45:34.232,0.9266,0.9268,12.20,1.20
2009.03.17 15:45:39.051,0.92665,0.9268,1.40,1.20
2009.03.17 15:45:39.171,0.9267,0.92685,1.00,1.60
2009.03.17 15:45:39.461,0.9267,0.9269,3.00,2.40
2009.03.17 15:45:39.691,0.9267,0.92695,6.20,7.00
2009.03.17 15:45:39.921,0.9267,0.92695,7.60,3.00
2009.03.17 15:45:40.201,0.92675,0.927,1.40,11.80
2009.03.17 15:45:40.661,0.92675,0.927,3.00,9.20
2009.03.17 15:45:40.840,0.9268,0.927,1.40,8.00
2009.03.17 15:45:41.121,0.9268,0.927,9.20,5.00
2009.03.17 15:45:41.460,0.9268,0.927,5.80,2.40
2009.03.17 15:45:41.810,0.92685,0.9271,3.00,13.20
2009.03.17 15:45:42.100,0.9269,0.9271,3.00,6.00
2009.03.17 15:45:42.390,0.92685,0.9271,3.00,9.20
2009.03.17 15:45:43.110,0.92685,0.9271,3.00,10.40
2009.03.17 15:45:43.390,0.92685,0.9271,4.60,7.80
2009.03.17 15:45:43.730,0.92685,0.9271,4.60,5.40
2009.03.17 15:45:44.479,0.92685,0.9271,3.00,6.40
2009.03.17 15:45:45.579,0.92685,0.9271,4.60,6.40
2009.03.17 15:45:45.859,0.9269,0.9271,1.00,3.40
2009.03.17 15:45:46.299,0.9269,0.9271,1.60,2.40
2009.03.17 15:45:46.509,0.9269,0.9271,1.60,5.40
2009.03.17 15:45:46.679,0.9269,0.9271,1.00,6.40
2009.03.17 15:45:46.909,0.92685,0.9271,3.00,6.80
2009.03.17 15:45:47.529,0.92685,0.92705,3.00,3.00
2009.03.17 15:45:47.639,0.92685,0.92705,1.40,3.00
2009.03.17 15:45:47.929,0.9268,0.92705,11.40,3.00
2009.03.17 15:45:48.599,0.9268,0.92705,7.60,3.00
2009.03.17 15:45:52.198,0.9268,0.927,6.00,1.20
2009.03.17 15:45:53.947,0.9269,0.927,1.60,1.20
2009.03.17 15:45:54.177,0.9269,0.92705,7.60,1.00
2009.03.17 15:45:54.287,0.9269,0.9271,7.60,6.00
2009.03.17 15:45:54.567,0.9269,0.9271,7.80,5.80
2009.03.17 15:45:54.807,0.9269,0.9271,9.80,5.80
2009.03.17 15:45:54.917,0.92695,0.9271,1.60,5.80
2009.03.17 15:45:55.097,0.92695,0.9271,7.60,4.00
2009.03.17 15:45:55.277,0.92695,0.92715,9.40,6.80
2009.03.17 15:45:57.307,0.92695,0.92715,7.80,8.40
2009.03.17 15:45:58.596,0.92695,0.92715,7.80,6.80
2009.03.17 15:45:59.406,0.92695,0.9271,7.80,2.20
2009.03.17 15:45:59.526,0.92695,0.9271,7.60,2.20
2009.03.17 15:46:01.115,0.92695,0.9271,6.00,2.20
2009.03.17 15:46:01.456,0.92695,0.9271,4.60,2.20
2009.03.17 15:46:01.755,0.927,0.92715,4.60,11.60
2009.03.17 15:46:01.996,0.92695,0.92715,16.40,11.80
2009.03.17 15:46:02.235,0.92695,0.92715,6.20,11.80
2009.03.17 15:46:02.416,0.92695,0.9271,1.60,5.00
2009.03.17 15:46:02.635,0.92695,0.92705,4.60,1.20
2009.03.17 15:46:02.815,0.92695,0.92715,6.20,11.80
2009.03.17 15:46:03.045,0.92695,0.92715,6.40,8.40
2009.03.17 15:46:03.275,0.92695,0.92715,7.80,6.80
2009.03.17 15:46:03.545,0.92695,0.92715,18.20,6.80
2009.03.17 15:46:05.055,0.92695,0.92715,19.80,6.80
2009.03.17 15:46:05.405,0.92695,0.92715,16.80,6.80
2009.03.17 15:46:05.584,0.92695,0.92715,6.40,8.40
2009.03.17 15:46:05.755,0.92695,0.92715,1.60,11.00
2009.03.17 15:46:05.924,0.9269,0.92715,1.60,13.40
2009.03.17 15:46:06.364,0.9269,0.9271,1.60,3.00
2009.03.17 15:46:06.804,0.927,0.92715,6.20,2.40
2009.03.17 15:46:07.164,0.927,0.92715,3.00,3.00
2009.03.17 15:46:07.504,0.9269,0.92715,3.00,6.80
2009.03.17 15:46:07.884,0.92695,0.92715,1.60,6.40
2009.03.17 15:46:08.504,0.92695,0.92715,6.40,6.40
2009.03.17 15:46:08.785,0.927,0.92715,1.60,6.40
2009.03.17 15:46:08.964,0.927,0.92715,1.60,4.80
2009.03.17 15:46:09.193,0.927,0.92715,1.60,3.80
2009.03.17 15:46:09.364,0.927,0.92715,1.60,3.00
2009.03.17 15:46:09.834,0.927,0.9272,1.60,11.60
2009.03.17 15:46:10.293,0.92695,0.9272,2.20,11.60
2009.03.17 15:46:10.693,0.9269,0.9271,13.80,1.20
2009.03.17 15:46:11.103,0.9269,0.9271,7.60,1.20
2009.03.17 15:46:11.623,0.92695,0.9271,1.40,1.20
2009.03.17 15:46:11.923,0.92695,0.92715,1.40,4.00
2009.03.17 15:46:12.213,0.92695,0.92715,7.60,1.80
2009.03.17 15:46:12.503,0.92695,0.9272,9.20,14.00
2009.03.17 15:46:12.843,0.927,0.9272,3.00,11.40
2009.03.17 15:46:13.263,0.927,0.9272,3.00,14.00
2009.03.17 15:46:13.423,0.92695,0.92715,1.40,1.80
2009.03.17 15:46:14.472,0.92695,0.92715,1.40,4.00
2009.03.17 15:46:15.003,0.92695,0.9271,1.40,1.20
2009.03.17 15:46:15.182,0.9269,0.9271,8.40,1.20
2009.03.17 15:46:15.412,0.9269,0.9271,8.40,4.00
2009.03.17 15:46:15.752,0.9269,0.92705,2.80,1.20
2009.03.17 15:46:15.972,0.9269,0.92705,2.80,2.60
2009.03.17 15:46:16.202,0.9269,0.92705,2.80,5.80
2009.03.17 15:46:16.662,0.92695,0.92705,1.20,4.00
2009.03.17 15:46:17.012,0.92685,0.92705,12.20,1.20
2009.03.17 15:46:17.352,0.9269,0.9271,1.60,5.80
2009.03.17 15:46:17.532,0.9269,0.92715,1.60,14.00
2009.03.17 15:46:17.872,0.9269,0.92715,3.20,12.40
2009.03.17 15:46:18.161,0.9269,0.9271,2.80,3.00
2009.03.17 15:46:18.401,0.9269,0.9271,3.00,3.00
2009.03.17 15:46:19.391,0.9269,0.92705,3.00,1.20
2009.03.17 15:46:19.681,0.9269,0.92705,2.80,1.20
2009.03.17 15:46:20.021,0.9269,0.92705,3.00,1.20
2009.03.17 15:46:20.311,0.9269,0.92705,6.00,1.20
2009.03.17 15:46:20.602,0.9269,0.9271,7.60,2.00
2009.03.17 15:46:20.771,0.9269,0.9271,7.60,1.20
2009.03.17 15:46:25.469,0.9269,0.92705,6.00,1.20
2009.03.17 15:46:25.940,0.9269,0.92705,2.80,2.60
2009.03.17 15:46:26.340,0.92695,0.92705,1.20,2.60
2009.03.17 15:46:26.789,0.9269,0.92705,1.60,2.60
2009.03.17 15:46:27.139,0.9269,0.92705,2.80,2.60
2009.03.17 15:46:30.708,0.9269,0.92705,7.80,1.20
2009.03.17 15:46:30.878,0.92695,0.92705,4.60,1.20
2009.03.17 15:46:31.048,0.92695,0.92715,6.20,5.80
2009.03.17 15:46:31.288,0.92695,0.9271,1.60,3.00
2009.03.17 15:46:31.578,0.9269,0.9271,9.20,4.00
2009.03.17 15:46:32.858,0.9269,0.9271,12.20,4.00
2009.03.17 15:46:32.918,0.9269,0.9271,12.20,1.20
2009.03.17 15:46:36.547,0.9269,0.9271,9.40,1.20
2009.03.17 15:46:36.777,0.9269,0.9271,9.40,4.00
2009.03.17 15:46:36.947,0.9269,0.9271,9.40,1.20
2009.03.17 15:46:37.187,0.9269,0.92715,12.20,6.80
2009.03.17 15:46:37.776,0.9269,0.92715,12.20,4.40
2009.03.17 15:46:38.427,0.9269,0.92715,14.20,4.40
2009.03.17 15:46:38.786,0.927,0.92715,4.60,3.00
2009.03.17 15:46:38.896,0.927,0.9272,6.20,14.20
2009.03.17 15:46:39.237,0.927,0.92715,6.20,3.00
2009.03.17 15:46:39.416,0.92695,0.92715,6.20,4.00
2009.03.17 15:46:52.523,0.9269,0.9271,9.20,4.00
2009.03.17 15:46:59.931,0.9269,0.9271,12.20,4.00
2009.03.17 15:47:00.041,0.9269,0.9271,12.20,1.20
2009.03.17 15:47:00.211,0.92695,0.9271,4.60,1.20
2009.03.17 15:47:00.601,0.92695,0.92715,4.60,5.80
2009.03.17 15:47:01.061,0.92695,0.92715,6.40,3.00
2009.03.17 15:47:06.649,0.92695,0.92715,4.80,3.00
2009.03.17 15:47:06.990,0.92695,0.92715,4.80,2.80
2009.03.17 15:47:07.399,0.92695,0.927,4.60,3.20
2009.03.17 15:47:07.519,0.9269,0.927,7.60,3.20
2009.03.17 15:47:07.630,0.92695,0.927,4.60,3.20
2009.03.17 15:47:07.809,0.92695,0.927,6.20,3.20
2009.03.17 15:47:07.929,0.9269,0.9271,13.20,4.00
2009.03.17 15:47:08.160,0.9269,0.9271,9.20,4.00
2009.03.17 15:47:12.058,0.92695,0.9271,4.60,4.00
2009.03.17 15:47:12.338,0.9269,0.9271,9.00,4.00
2009.03.17 15:47:12.688,0.9269,0.9271,7.60,4.00
2009.03.17 15:47:12.908,0.9269,0.9271,6.00,4.00
2009.03.17 15:47:13.258,0.9269,0.9271,4.60,4.00
2009.03.17 15:47:13.769,0.9269,0.9271,6.20,4.00
2009.03.17 15:47:14.118,0.9269,0.9271,7.60,4.40
2009.03.17 15:47:14.418,0.9269,0.92705,4.60,1.20
2009.03.17 15:47:14.768,0.9269,0.92705,4.60,5.80
2009.03.17 15:47:15.718,0.9269,0.92705,4.60,9.00
2009.03.17 15:47:18.067,0.9269,0.92705,4.60,7.80
2009.03.17 15:47:18.237,0.9269,0.92705,4.60,3.00
2009.03.17 15:47:18.407,0.9269,0.9271,4.60,6.80
2009.03.17 15:47:20.916,0.9269,0.9271,6.20,6.80
2009.03.17 15:47:21.196,0.9269,0.9271,7.80,5.60
2009.03.17 15:47:21.306,0.9269,0.9271,9.20,5.60
2009.03.17 15:47:21.536,0.9269,0.9271,9.20,4.40
2009.03.17 15:47:21.596,0.92695,0.92715,6.20,9.20
2009.03.17 15:47:21.926,0.9269,0.9271,12.20,1.20
2009.03.17 15:47:22.676,0.9269,0.92715,12.20,4.40
2009.03.17 15:47:22.956,0.927,0.9272,1.60,14.00
2009.03.17 15:47:23.586,0.927,0.9272,6.20,11.60
2009.03.17 15:47:23.975,0.92695,0.92715,4.80,4.00
2009.03.17 15:47:24.426,0.9269,0.92715,16.20,4.40
2009.03.17 15:47:24.825,0.9269,0.92715,12.20,4.40
2009.03.17 15:47:26.185,0.9269,0.92715,9.40,4.40
2009.03.17 15:47:26.475,0.9269,0.9271,9.20,4.00
2009.03.17 15:47:26.935,0.92695,0.9271,4.60,1.20
2009.03.17 15:47:27.175,0.92695,0.92715,4.60,6.00
2009.03.17 15:47:27.925,0.9269,0.9271,12.20,2.60
2009.03.17 15:47:28.144,0.9269,0.9271,9.20,5.80
2009.03.17 15:47:28.545,0.9269,0.9271,7.60,9.00
2009.03.17 15:47:29.124,0.9269,0.9271,7.60,9.20
2009.03.17 15:47:30.254,0.9269,0.92705,6.00,2.60
2009.03.17 15:47:30.494,0.9269,0.92705,4.60,2.60
2009.03.17 15:47:31.014,0.9269,0.92705,4.60,5.80
2009.03.17 15:47:36.442,0.9269,0.92705,6.20,1.60
2009.03.17 15:47:36.723,0.9269,0.92705,7.60,1.60
2009.03.17 15:47:37.062,0.9269,0.9271,6.20,9.20
2009.03.17 15:47:37.412,0.9269,0.9271,7.60,9.20
2009.03.17 15:47:37.812,0.9269,0.92705,7.60,1.20
2009.03.17 15:47:38.102,0.9269,0.92705,4.60,2.60
2009.03.17 15:47:39.022,0.92685,0.9269,6.00,1.00
2009.03.17 15:47:39.402,0.92685,0.927,4.60,4.20
2009.03.17 15:47:39.622,0.9268,0.927,19.20,9.00
2009.03.17 15:47:39.802,0.9268,0.927,21.20,5.80
2009.03.17 15:47:40.092,0.92685,0.927,4.60,4.20
2009.03.17 15:47:40.431,0.92685,0.92695,4.60,1.00
2009.03.17 15:47:40.721,0.92685,0.9269,4.60,1.00
2009.03.17 15:47:41.581,0.92685,0.927,4.60,1.20
2009.03.17 15:47:42.481,0.92685,0.9269,4.60,1.00
2009.03.17 15:47:43.061,0.92685,0.9269,6.20,1.00
2009.03.17 15:47:43.171,0.9269,0.92705,4.60,2.00
2009.03.17 15:47:43.641,0.9269,0.92705,4.60,3.20
2009.03.17 15:47:44.751,0.9269,0.92705,4.60,2.20
2009.03.17 15:47:46.740,0.92685,0.92705,6.20,2.60
2009.03.17 15:47:46.970,0.92685,0.927,6.00,3.20
2009.03.17 15:47:47.260,0.92685,0.927,4.60,3.20
2009.03.17 15:47:47.899,0.92685,0.92705,4.60,7.60
2009.03.17 15:47:49.909,0.92685,0.927,4.60,3.20
2009.03.17 15:47:58.547,0.92685,0.927,4.60,4.80
2009.03.17 15:47:58.847,0.9268,0.927,12.00,4.80
2009.03.17 15:47:58.967,0.9268,0.927,10.60,4.80
2009.03.17 15:47:59.237,0.9268,0.927,9.20,6.60
2009.03.17 15:47:59.457,0.9268,0.927,6.40,6.60
2009.03.17 15:47:59.757,0.9268,0.927,6.40,9.80
2009.03.17 15:48:02.306,0.9268,0.9269,1.60,1.60
2009.03.17 15:48:03.106,0.9268,0.9269,1.60,4.60
2009.03.17 15:48:03.506,0.9268,0.9269,1.60,5.40
2009.03.17 15:48:03.916,0.9268,0.9269,1.60,6.60
2009.03.17 15:48:04.276,0.9268,0.9269,1.60,1.80
2009.03.17 15:48:04.786,0.9268,0.92685,1.60,1.00
2009.03.17 15:48:05.126,0.9268,0.9269,1.60,3.40
2009.03.17 15:48:05.466,0.9268,0.92685,1.60,2.60
2009.03.17 15:48:06.045,0.9268,0.92685,1.60,2.00
2009.03.17 15:48:06.215,0.9268,0.9269,1.60,2.60
2009.03.17 15:48:06.655,0.92675,0.92695,4.80,10.60
2009.03.17 15:48:07.095,0.92675,0.92695,4.80,8.20
2009.03.17 15:48:10.164,0.92675,0.92695,9.20,3.40
2009.03.17 15:48:10.334,0.92675,0.92695,1.60,3.40
2009.03.17 15:48:10.794,0.92675,0.927,1.40,11.60
2009.03.17 15:48:11.084,0.92675,0.927,1.40,8.40
2009.03.17 15:48:14.873,0.9268,0.927,3.00,11.60
2009.03.17 15:48:15.033,0.9268,0.92695,3.00,1.60
2009.03.17 15:48:15.143,0.92675,0.92695,1.00,2.40
2009.03.17 15:48:15.314,0.9268,0.92695,1.60,2.40
2009.03.17 15:48:17.812,0.9268,0.92695,1.60,5.40
2009.03.17 15:48:20.022,0.92675,0.92695,1.60,6.40
2009.03.17 15:48:20.312,0.9268,0.92695,1.60,2.40
2009.03.17 15:48:20.942,0.9268,0.92695,1.60,5.40
2009.03.17 15:48:22.471,0.9268,0.92695,1.60,7.80
2009.03.17 15:48:22.641,0.9268,0.92685,1.60,1.60
2009.03.17 15:48:22.881,0.92665,0.92685,12.20,2.60
2009.03.17 15:48:22.991,0.92675,0.9269,1.60,4.80
2009.03.17 15:48:23.111,0.92675,0.9269,1.60,5.60
2009.03.17 15:48:23.221,0.92675,0.9269,1.60,2.00
2009.03.17 15:48:23.342,0.9267,0.9269,4.60,3.20
2009.03.17 15:48:23.581,0.9267,0.9269,4.60,1.80
2009.03.17 15:48:23.881,0.9267,0.92685,4.60,1.00
2009.03.17 15:48:25.121,0.9267,0.92685,1.60,1.00
2009.03.17 15:48:25.300,0.9267,0.9269,1.60,3.80
2009.03.17 15:48:25.471,0.92665,0.92685,16.60,2.60
2009.03.17 15:48:25.700,0.9267,0.9269,1.60,12.40
2009.03.17 15:48:25.940,0.9267,0.9269,1.60,9.80
2009.03.17 15:48:26.060,0.9267,0.9269,1.60,3.20
2009.03.17 15:48:26.181,0.9267,0.9269,1.60,2.40
2009.03.17 15:48:26.530,0.9267,0.9269,1.60,1.80
2009.03.17 15:48:26.640,0.9267,0.92695,1.60,6.80
2009.03.17 15:48:27.120,0.9267,0.92695,1.60,5.60
2009.03.17 15:48:27.570,0.9267,0.92695,4.60,5.60
2009.03.17 15:48:27.910,0.9267,0.9269,1.60,3.00
2009.03.17 15:48:28.260,0.9267,0.9269,1.60,4.00
2009.03.17 15:48:29.620,0.9267,0.92685,1.60,1.60
2009.03.17 15:48:29.899,0.9267,0.92685,1.60,1.60
2009.03.17 15:48:29.959,0.92665,0.92685,18.00,2.60
2009.03.17 15:48:30.819,0.9267,0.92685,1.60,3.00
2009.03.17 15:48:31.159,0.92665,0.92685,3.00,3.00
2009.03.17 15:48:31.489,0.92665,0.9269,1.60,8.40
2009.03.17 15:48:31.829,0.92665,0.9269,9.20,8.40
2009.03.17 15:48:33.159,0.92665,0.92685,6.40,1.20
2009.03.17 15:48:33.449,0.92665,0.92685,6.20,6.00
2009.03.17 15:48:34.598,0.92665,0.9268,4.60,2.60
2009.03.17 15:48:34.838,0.92665,0.92685,6.20,6.00
2009.03.17 15:48:35.408,0.92665,0.92685,1.60,6.00
2009.03.17 15:48:35.528,0.9266,0.9268,6.40,1.20
2009.03.17 15:48:35.758,0.9266,0.9268,4.60,1.20
2009.03.17 15:48:36.098,0.9266,0.9268,7.60,1.20
2009.03.17 15:48:37.478,0.9266,0.9268,12.20,1.20
2009.03.17 15:48:38.348,0.92665,0.92685,1.60,4.40
2009.03.17 15:48:39.567,0.9266,0.9268,16.20,1.20
2009.03.17 15:48:39.917,0.9266,0.9268,9.40,1.20
2009.03.17 15:48:41.287,0.9266,0.9268,4.40,4.40
2009.03.17 15:48:41.587,0.9266,0.92675,2.80,2.60
2009.03.17 15:48:41.807,0.9266,0.92675,2.80,5.80
2009.03.17 15:48:42.157,0.92655,0.92675,4.40,5.80
2009.03.17 15:48:42.606,0.92655,0.92665,14.80,3.20
2009.03.17 15:48:42.996,0.92655,0.92675,4.60,5.80
2009.03.17 15:48:43.286,0.9267,0.92675,3.00,1.80
2009.03.17 15:48:43.526,0.92655,0.9267,3.00,1.20
2009.03.17 15:48:43.816,0.92655,0.92675,1.60,5.80
2009.03.17 15:48:44.796,0.92655,0.92675,1.60,2.60
2009.03.17 15:48:45.196,0.9266,0.92675,2.80,2.60
2009.03.17 15:48:45.316,0.92665,0.9268,6.20,4.80
2009.03.17 15:48:45.606,0.92665,0.9268,4.60,5.40
2009.03.17 15:48:45.905,0.92665,0.9268,4.60,10.60
2009.03.17 15:48:46.266,0.92655,0.9268,4.60,11.60
2009.03.17 15:48:47.885,0.9266,0.9268,1.60,11.60
2009.03.17 15:48:48.685,0.9266,0.9268,1.60,11.40
2009.03.17 15:48:48.905,0.9266,0.9268,1.60,11.40
2009.03.17 15:48:49.245,0.9266,0.9268,4.60,11.40
2009.03.17 15:48:49.585,0.92665,0.9268,1.60,5.60
2009.03.17 15:48:49.925,0.9266,0.9268,6.00,4.80
2009.03.17 15:48:50.275,0.9266,0.9268,4.60,4.80
2009.03.17 15:48:51.684,0.9266,0.9268,4.60,6.40
2009.03.17 15:48:51.854,0.9266,0.9268,4.60,8.20
2009.03.17 15:48:52.534,0.9266,0.9268,1.60,11.40
2009.03.17 15:48:53.344,0.9266,0.9268,1.60,11.60
2009.03.17 15:48:55.043,0.92655,0.9268,22.60,11.60
2009.03.17 15:48:55.453,0.92655,0.92675,22.60,2.60
2009.03.17 15:48:55.633,0.92665,0.9268,4.60,11.60
2009.03.17 15:48:55.933,0.9266,0.92675,1.60,1.60
2009.03.17 15:48:56.103,0.92655,0.9268,22.60,11.60
2009.03.17 15:48:56.893,0.92655,0.9267,13.20,2.60
2009.03.17 15:48:57.183,0.92655,0.92675,19.60,4.40
2009.03.17 15:48:57.523,0.92655,0.92675,19.80,1.80
2009.03.17 15:48:57.753,0.92655,0.9268,22.60,11.60
2009.03.17 15:48:58.343,0.92655,0.92675,22.60,1.80
2009.03.17 15:48:58.932,0.92655,0.92675,22.60,4.00
2009.03.17 15:48:59.112,0.92655,0.92675,19.80,4.00
2009.03.17 15:48:59.342,0.92655,0.92675,18.20,4.00
2009.03.17 15:49:01.142,0.92655,0.92675,18.00,4.40
2009.03.17 15:49:01.322,0.92655,0.92675,18.20,4.00
2009.03.17 15:49:01.602,0.92655,0.92675,19.80,4.00
2009.03.17 15:49:05.491,0.92655,0.92675,19.80,3.00
2009.03.17 15:49:05.661,0.92655,0.92675,19.80,4.00
2009.03.17 15:49:06.381,0.92655,0.92675,18.20,4.00
2009.03.17 15:49:06.910,0.92655,0.92675,19.80,4.00
2009.03.17 15:49:10.270,0.92655,0.9268,9.40,11.60
2009.03.17 15:49:10.630,0.92655,0.92675,9.40,4.00
2009.03.17 15:49:10.929,0.92655,0.92675,7.80,4.00
2009.03.17 15:49:11.149,0.92655,0.9267,7.60,1.20
2009.03.17 15:49:12.099,0.92655,0.9267,4.60,2.00
2009.03.17 15:49:12.799,0.92655,0.9267,4.60,2.20
2009.03.17 15:49:13.179,0.9265,0.9267,4.60,9.20
2009.03.17 15:49:13.749,0.92655,0.9267,4.60,9.00
2009.03.17 15:49:16.248,0.92655,0.9267,4.60,9.20
2009.03.17 15:49:16.368,0.9265,0.92665,7.80,7.80
2009.03.17 15:49:16.488,0.9265,0.92665,6.20,9.00
2009.03.17 15:49:17.358,0.9265,0.9266,4.60,6.20
2009.03.17 15:49:17.518,0.92645,0.9266,4.60,9.00
2009.03.17 15:49:27.895,0.9264,0.9265,7.60,3.20
2009.03.17 15:49:28.235,0.92645,0.9266,4.60,9.00
2009.03.17 15:49:30.235,0.9264,0.92655,4.60,1.20
2009.03.17 15:49:30.415,0.92635,0.92655,19.80,2.00
2009.03.17 15:49:30.635,0.92635,0.92655,18.00,4.00
2009.03.17 15:49:30.865,0.92635,0.92655,7.60,4.00
2009.03.17 15:49:31.565,0.92635,0.9265,7.60,1.20
2009.03.17 15:49:31.795,0.92635,0.92655,7.60,4.00
2009.03.17 15:49:32.124,0.92635,0.92655,4.60,9.00
2009.03.17 15:49:32.414,0.92635,0.92655,4.60,9.20
2009.03.17 15:49:32.695,0.9263,0.9265,11.40,7.20
2009.03.17 15:49:32.984,0.9263,0.92635,7.10,3.20
2009.03.17 15:49:33.454,0.9262,0.92625,5.90,1.20
2009.03.17 15:49:33.674,0.92615,0.9262,2.80,3.20
2009.03.17 15:49:33.915,0.92615,0.9262,2.00,3.20
2009.03.17 15:49:34.214,0.92605,0.9262,2.80,3.00
2009.03.17 15:49:34.434,0.926,0.9262,3.80,3.20
2009.03.17 15:49:34.674,0.926,0.9262,3.80,4.40
2009.03.17 15:49:35.024,0.926,0.9262,2.00,4.00
2009.03.17 15:49:35.374,0.9259,0.9262,18.40,4.40
2009.03.17 15:49:35.773,0.92595,0.9262,13.20,6.00
2009.03.17 15:49:36.213,0.92595,0.9262,11.40,5.80
2009.03.17 15:49:36.723,0.926,0.9262,1.40,3.00
2009.03.17 15:49:37.183,0.926,0.92625,1.60,9.20
2009.03.17 15:49:37.463,0.926,0.9262,3.00,3.40
2009.03.17 15:49:37.923,0.926,0.9262,2.80,6.80
2009.03.17 15:49:38.343,0.926,0.9262,4.60,5.40
2009.03.17 15:49:38.683,0.926,0.9262,7.60,2.40
2009.03.17 15:49:39.013,0.926,0.9262,7.60,1.00
2009.03.17 15:49:39.192,0.926,0.92625,7.60,5.80
2009.03.17 15:49:39.532,0.926,0.92625,4.60,6.80
2009.03.17 15:49:39.763,0.92605,0.92625,4.60,2.40
2009.03.17 15:49:40.232,0.9261,0.92625,1.60,2.40
2009.03.17 15:49:40.702,0.92605,0.92615,4.40,3.20
2009.03.17 15:49:41.102,0.92605,0.92615,1.40,5.80
2009.03.17 15:49:41.453,0.926,0.9262,1.60,3.00
2009.03.17 15:49:41.802,0.926,0.92625,9.40,6.60
2009.03.17 15:49:42.162,0.926,0.92625,11.40,5.80
2009.03.17 15:49:42.512,0.926,0.92625,9.40,5.80
2009.03.17 15:49:42.862,0.926,0.92625,11.40,5.80
2009.03.17 15:49:43.372,0.926,0.9261,8.40,1.20
2009.03.17 15:49:43.661,0.926,0.9261,2.80,5.80
2009.03.17 15:49:44.071,0.926,0.9262,3.00,3.80
2009.03.17 15:49:44.301,0.926,0.9262,2.80,6.00
2009.03.17 15:49:44.481,0.926,0.9262,3.00,4.40
2009.03.17 15:49:44.771,0.926,0.9262,3.00,4.00
2009.03.17 15:49:45.101,0.926,0.9262,4.60,3.00
2009.03.17 15:49:45.331,0.926,0.9262,3.00,4.00
2009.03.17 15:49:45.611,0.926,0.9262,4.60,3.00
2009.03.17 15:49:46.891,0.92605,0.92625,1.40,3.40
2009.03.17 15:49:47.701,0.92605,0.9263,7.60,7.00
2009.03.17 15:49:47.921,0.92605,0.9263,7.60,5.80
2009.03.17 15:49:48.151,0.92605,0.9263,7.60,4.60
2009.03.17 15:49:48.550,0.92605,0.9263,7.60,3.20
2009.03.17 15:49:48.900,0.92605,0.9263,11.40,3.20
2009.03.17 15:49:49.740,0.92605,0.9263,6.00,4.00
2009.03.17 15:49:49.980,0.92605,0.9263,12.20,3.00
2009.03.17 15:49:50.271,0.9261,0.92635,1.60,9.40
2009.03.17 15:49:51.010,0.92615,0.92635,1.60,6.40
2009.03.17 15:49:51.550,0.92615,0.92635,1.60,5.60
2009.03.17 15:49:52.230,0.92615,0.92635,1.60,5.60
2009.03.17 15:49:52.620,0.9261,0.92635,11.40,5.60
2009.03.17 15:49:53.020,0.9261,0.92635,11.40,4.40
2009.03.17 15:49:53.249,0.92615,0.92635,1.60,3.00
2009.03.17 15:49:53.520,0.9261,0.92635,11.40,3.00
2009.03.17 15:49:53.859,0.92615,0.9264,4.80,10.20
2009.03.17 15:49:54.259,0.9262,0.9264,1.60,5.20
2009.03.17 15:49:54.709,0.9262,0.9264,2.80,4.40
2009.03.17 15:49:55.379,0.92625,0.9264,1.20,4.40
2009.03.17 15:49:55.599,0.92615,0.9264,11.40,4.40
2009.03.17 15:49:56.329,0.9262,0.9264,1.40,4.00
2009.03.17 15:49:56.558,0.9262,0.9264,1.60,3.00
2009.03.17 15:49:58.748,0.9262,0.9264,1.60,3.20
2009.03.17 15:49:58.978,0.9262,0.9264,1.60,3.20
2009.03.17 15:50:00.287,0.92625,0.92645,1.60,11.20
2009.03.17 15:50:00.508,0.92625,0.92635,1.60,3.00
2009.03.17 15:50:00.797,0.92615,0.92635,4.20,5.80
2009.03.17 15:50:01.127,0.92615,0.9264,9.40,4.40
2009.03.17 15:50:01.297,0.92615,0.9264,11.40,4.40
2009.03.17 15:50:01.407,0.92615,0.92635,6.60,3.00
2009.03.17 15:50:01.577,0.92615,0.92635,2.80,3.00
2009.03.17 15:50:04.377,0.92615,0.92635,2.80,3.20
2009.03.17 15:50:04.997,0.92615,0.9263,2.80,3.20
2009.03.17 15:50:05.217,0.9261,0.9263,4.40,4.40
2009.03.17 15:50:05.566,0.9261,0.9263,4.40,3.00
2009.03.17 15:50:06.346,0.9261,0.9263,4.60,3.00
2009.03.17 15:50:06.786,0.9261,0.9263,4.60,2.20
2009.03.17 15:50:07.186,0.92615,0.92635,1.60,9.20
2009.03.17 15:50:07.696,0.92615,0.9264,7.60,4.80
2009.03.17 15:50:07.926,0.92615,0.9263,6.00,1.60
2009.03.17 15:50:08.216,0.9261,0.9263,4.60,11.40
2009.03.17 15:50:10.475,0.92605,0.9263,9.20,11.60
2009.03.17 15:50:10.995,0.92605,0.9263,6.40,14.00
2009.03.17 15:50:11.895,0.92605,0.9263,4.80,14.00
2009.03.17 15:50:12.304,0.92605,0.92625,1.40,3.00
2009.03.17 15:50:12.585,0.926,0.92625,8.40,5.60
2009.03.17 15:50:14.114,0.926,0.92625,1.60,5.60
2009.03.17 15:50:15.804,0.926,0.9262,2.80,3.20
2009.03.17 15:50:16.154,0.926,0.9262,1.60,3.20
2009.03.17 15:50:17.003,0.926,0.9262,1.60,3.00
2009.03.17 15:50:17.763,0.926,0.9262,1.60,3.20
2009.03.17 15:50:18.633,0.92605,0.9263,1.60,18.80
2009.03.17 15:50:18.973,0.92605,0.92625,1.60,6.80
2009.03.17 15:50:25.331,0.92595,0.92625,16.20,6.80
2009.03.17 15:50:26.811,0.926,0.92615,5.40,3.00
2009.03.17 15:50:26.931,0.926,0.9261,1.60,1.60
2009.03.17 15:50:27.052,0.926,0.9261,1.60,3.20
2009.03.17 15:50:27.411,0.926,0.9262,1.60,3.20
2009.03.17 15:50:27.591,0.926,0.9262,1.60,7.00
2009.03.17 15:50:27.811,0.926,0.9262,1.60,3.00
2009.03.17 15:50:28.161,0.926,0.92625,11.20,6.40
2009.03.17 15:50:28.501,0.926,0.92625,13.20,6.40
2009.03.17 15:50:35.029,0.9261,0.92625,6.20,2.40
2009.03.17 15:50:35.489,0.9261,0.9262,6.20,1.00
2009.03.17 15:50:35.719,0.9261,0.9263,6.20,13.20
2009.03.17 15:50:37.069,0.9261,0.92625,6.20,3.00
2009.03.17 15:50:37.289,0.9261,0.92625,1.60,3.00
2009.03.17 15:50:38.079,0.92605,0.92625,1.60,4.40
2009.03.17 15:50:39.398,0.9261,0.92625,1.60,3.20
2009.03.17 15:50:39.518,0.9261,0.92625,6.20,2.20
2009.03.17 15:50:39.698,0.92605,0.92625,1.60,4.00
2009.03.17 15:50:40.028,0.9261,0.92625,1.60,3.00
2009.03.17 15:50:40.148,0.92605,0.92625,1.60,4.00
2009.03.17 15:50:40.538,0.92605,0.92625,1.60,4.00
2009.03.17 15:50:40.708,0.9261,0.92625,1.60,3.00
2009.03.17 15:50:41.118,0.926,0.92625,8.40,4.40
2009.03.17 15:50:41.518,0.926,0.9262,5.20,6.00
2009.03.17 15:50:41.798,0.926,0.9262,3.00,2.60
2009.03.17 15:50:42.098,0.926,0.9262,3.00,1.80
2009.03.17 15:50:42.387,0.926,0.9262,3.00,2.60
2009.03.17 15:50:42.837,0.926,0.9262,3.00,1.80
2009.03.17 15:50:43.117,0.926,0.9262,3.00,2.60
2009.03.17 15:50:43.477,0.926,0.9262,4.60,1.80
2009.03.17 15:50:43.937,0.92605,0.92625,1.60,7.80
2009.03.17 15:50:44.277,0.9261,0.92625,4.60,3.40
2009.03.17 15:50:44.637,0.9261,0.92625,4.60,5.40
2009.03.17 15:50:45.068,0.926,0.9262,8.40,1.80
2009.03.17 15:50:45.346,0.92605,0.92625,1.60,6.40
2009.03.17 15:50:47.006,0.92605,0.9262,1.60,1.60
2009.03.17 15:50:47.536,0.926,0.9262,9.20,2.60
2009.03.17 15:50:49.806,0.92605,0.9262,1.00,2.60
2009.03.17 15:50:50.215,0.926,0.9262,6.20,5.80
2009.03.17 15:50:50.386,0.926,0.92615,1.60,1.60
2009.03.17 15:50:50.665,0.926,0.92615,6.20,1.60
2009.03.17 15:50:51.105,0.92605,0.92615,1.20,2.60
2009.03.17 15:50:51.495,0.926,0.9262,1.60,5.80
2009.03.17 15:50:52.355,0.926,0.9262,1.60,6.00
2009.03.17 15:50:53.195,0.92595,0.92615,3.00,2.60
2009.03.17 15:50:53.485,0.92595,0.92615,7.80,2.60
2009.03.17 15:50:53.714,0.92595,0.92615,9.40,2.60
2009.03.17 15:50:53.995,0.92595,0.9261,4.80,1.20
2009.03.17 15:50:54.164,0.92595,0.92615,4.80,2.60
2009.03.17 15:50:54.634,0.92595,0.92615,4.60,5.80
2009.03.17 15:50:55.844,0.92595,0.92615,4.60,6.00
2009.03.17 15:50:56.484,0.92595,0.9261,4.60,1.20
2009.03.17 15:50:56.604,0.92595,0.92615,6.40,5.80
2009.03.17 15:50:56.724,0.92595,0.92615,1.40,5.80
2009.03.17 15:50:58.133,0.92595,0.92615,7.60,2.60
2009.03.17 15:50:58.493,0.92595,0.92615,9.20,2.60
2009.03.17 15:50:59.243,0.92595,0.9261,6.40,4.80
2009.03.17 15:51:02.853,0.92595,0.9261,4.80,4.80
2009.03.17 15:51:07.211,0.92595,0.9261,4.60,4.80
2009.03.17 15:51:07.801,0.92595,0.9261,4.60,5.80
2009.03.17 15:51:07.971,0.9259,0.9261,12.20,4.80
2009.03.17 15:51:08.151,0.9259,0.9261,10.80,4.80
2009.03.17 15:51:08.321,0.9259,0.9261,8.00,9.00
2009.03.17 15:51:13.400,0.9259,0.9261,8.00,5.80
2009.03.17 15:51:13.520,0.9259,0.9261,10.80,5.80
2009.03.17 15:51:14.609,0.9259,0.9261,9.20,5.80
2009.03.17 15:51:14.839,0.92595,0.9261,4.60,4.20
2009.03.17 15:51:15.309,0.9259,0.9261,9.20,5.80
2009.03.17 15:51:18.849,0.9259,0.9261,9.00,4.80
2009.03.17 15:51:21.918,0.9259,0.9261,9.20,5.80
2009.03.17 15:51:25.577,0.9259,0.9261,4.80,5.80
2009.03.17 15:51:25.687,0.9259,0.9261,4.40,9.00
2009.03.17 15:51:25.917,0.9259,0.92605,4.80,1.20
2009.03.17 15:51:26.207,0.92595,0.9261,4.60,9.00
2009.03.17 15:51:26.767,0.9259,0.9261,6.40,9.00
2009.03.17 15:51:27.236,0.9259,0.9261,4.60,9.20
2009.03.17 15:51:29.366,0.92585,0.9261,12.20,9.20
2009.03.17 15:51:29.716,0.92585,0.92605,12.20,1.20
2009.03.17 15:51:30.476,0.92585,0.9261,12.20,9.20
2009.03.17 15:51:31.905,0.92585,0.9261,12.20,9.00
2009.03.17 15:51:35.105,0.9259,0.9261,1.60,9.20
2009.03.17 15:51:35.274,0.92585,0.92605,12.20,1.20
2009.03.17 15:51:37.804,0.92585,0.92605,10.60,1.20
2009.03.17 15:51:38.034,0.92585,0.92605,7.80,1.20
2009.03.17 15:51:38.204,0.92585,0.92605,9.40,1.20
2009.03.17 15:51:39.434,0.92585,0.9259,7.80,1.60
2009.03.17 15:51:39.783,0.9258,0.92585,3.80,1.80
2009.03.17 15:51:40.133,0.92575,0.9258,9.10,3.80
2009.03.17 15:51:40.523,0.9255,0.9258,11.60,10.20
2009.03.17 15:51:40.753,0.9255,0.92575,3.00,1.60
2009.03.17 15:51:41.053,0.9255,0.92575,2.80,1.60
2009.03.17 15:51:41.333,0.92555,0.9258,1.40,8.00
2009.03.17 15:51:41.673,0.92565,0.9258,13.40,2.40
2009.03.17 15:51:41.963,0.92565,0.9259,15.00,9.40
2009.03.17 15:51:42.303,0.9257,0.9259,1.00,9.20
2009.03.17 15:51:42.713,0.9257,0.9259,1.00,9.80
2009.03.17 15:51:43.063,0.92565,0.9259,6.80,10.60
2009.03.17 15:51:43.343,0.92565,0.92575,2.80,1.60
2009.03.17 15:51:43.523,0.92565,0.92575,1.20,2.60
2009.03.17 15:51:43.683,0.92565,0.92575,1.20,1.60
2009.03.17 15:51:44.032,0.92555,0.92575,4.80,1.60
2009.03.17 15:51:44.482,0.92555,0.92575,4.60,6.60
2009.03.17 15:51:44.822,0.92555,0.92575,9.20,4.00
2009.03.17 15:51:45.272,0.92555,0.92575,9.20,1.60
2009.03.17 15:51:45.622,0.9256,0.92575,1.60,1.60
2009.03.17 15:51:46.032,0.92555,0.92575,9.20,1.60
2009.03.17 15:51:46.762,0.92555,0.9257,6.40,1.60
2009.03.17 15:51:48.361,0.92555,0.9257,6.40,3.20
2009.03.17 15:51:48.541,0.9255,0.92555,3.00,1.00
2009.03.17 15:51:48.771,0.9255,0.92555,3.00,1.60
2009.03.17 15:51:48.951,0.9254,0.92555,15.40,1.60
2009.03.17 15:51:49.301,0.9254,0.92555,4.40,4.20
2009.03.17 15:51:49.591,0.9254,0.92545,4.40,3.20
2009.03.17 15:51:50.121,0.9254,0.92555,3.20,8.20
2009.03.17 15:51:51.101,0.92545,0.92565,4.60,8.60
2009.03.17 15:51:51.491,0.92545,0.9255,1.60,4.80
2009.03.17 15:51:51.770,0.92545,0.92565,4.60,6.20
2009.03.17 15:51:52.041,0.9255,0.9256,1.00,2.20
2009.03.17 15:51:52.271,0.9255,0.9257,1.00,2.60
2009.03.17 15:51:52.500,0.9255,0.9257,3.00,2.60
2009.03.17 15:51:52.910,0.9255,0.9257,3.00,2.40
2009.03.17 15:51:56.130,0.92545,0.9256,4.40,2.60
2009.03.17 15:51:56.489,0.9254,0.9256,1.40,5.80
2009.03.17 15:51:58.820,0.9254,0.9256,1.60,5.80
2009.03.17 15:51:58.989,0.92545,0.9256,7.60,2.60
2009.03.17 15:51:59.159,0.92545,0.9256,9.20,1.60
2009.03.17 15:51:59.339,0.92545,0.9256,1.60,1.60
2009.03.17 15:51:59.629,0.9254,0.9256,20.80,1.60
2009.03.17 15:51:59.808,0.9254,0.9256,4.60,1.60
2009.03.17 15:52:00.039,0.92545,0.9256,1.60,1.60
2009.03.17 15:52:00.549,0.9254,0.9256,4.60,4.00
2009.03.17 15:52:02.138,0.9254,0.9256,6.20,2.40
2009.03.17 15:52:02.538,0.92545,0.9255,1.60,1.60
2009.03.17 15:52:02.998,0.92535,0.9255,4.60,1.60
2009.03.17 15:52:04.028,0.92535,0.9255,1.60,1.60
2009.03.17 15:52:04.087,0.9254,0.9255,3.00,1.60
2009.03.17 15:52:05.537,0.9253,0.9255,9.40,5.00
2009.03.17 15:52:05.887,0.9253,0.9255,1.60,5.00
2009.03.17 15:52:06.117,0.9253,0.9255,1.60,5.60
2009.03.17 15:52:06.177,0.92535,0.9255,1.40,5.60
2009.03.17 15:52:06.517,0.92535,0.9255,4.60,4.80
2009.03.17 15:52:06.817,0.92535,0.9255,9.20,4.80
2009.03.17 15:52:07.557,0.9254,0.9255,9.20,3.20
2009.03.17 15:52:07.957,0.92535,0.9255,10.80,4.80
2009.03.17 15:52:11.206,0.92535,0.9255,12.20,3.20
2009.03.17 15:52:11.366,0.9254,0.9255,9.20,3.20
2009.03.17 15:52:11.706,0.9254,0.9255,6.40,3.20
2009.03.17 15:52:11.996,0.92535,0.9255,15.60,4.80
2009.03.17 15:52:12.296,0.92535,0.9255,10.80,4.80
2009.03.17 15:52:12.635,0.9254,0.92555,7.60,2.60
2009.03.17 15:52:12.996,0.9254,0.9256,7.60,6.60
2009.03.17 15:52:13.445,0.9254,0.9256,4.80,6.60
2009.03.17 15:52:13.736,0.9254,0.92555,4.80,1.80
2009.03.17 15:52:14.645,0.9254,0.9256,7.60,6.60
2009.03.17 15:52:15.165,0.9254,0.9255,3.00,1.20
2009.03.17 15:52:15.505,0.9254,0.9256,9.20,5.60
2009.03.17 15:52:17.604,0.92545,0.9256,7.60,6.60
2009.03.17 15:52:17.994,0.92545,0.9256,9.20,5.60
2009.03.17 15:52:23.013,0.9255,0.9256,1.60,3.20
2009.03.17 15:52:23.343,0.9255,0.9256,1.20,4.80
2009.03.17 15:52:23.733,0.92545,0.9256,2.80,4.80
2009.03.17 15:52:25.312,0.9255,0.9256,1.20,5.80
2009.03.17 15:52:25.372,0.9254,0.9256,9.20,5.80
2009.03.17 15:52:25.782,0.9254,0.9256,9.20,4.80
2009.03.17 15:52:32.101,0.9254,0.9256,10.80,4.80
2009.03.17 15:52:32.151,0.9254,0.92565,11.00,12.80
2009.03.17 15:52:32.381,0.9254,0.92555,6.00,1.60
2009.03.17 15:52:32.491,0.9254,0.9255,6.00,3.20
2009.03.17 15:52:32.661,0.9254,0.9255,2.80,3.20
2009.03.17 15:52:33.000,0.9254,0.9255,1.60,4.80
2009.03.17 15:52:33.980,0.92535,0.9255,9.20,4.80
2009.03.17 15:52:35.370,0.9254,0.9255,3.00,4.80
2009.03.17 15:52:35.540,0.9254,0.9255,9.20,3.20
2009.03.17 15:52:35.830,0.9254,0.9255,1.60,4.80
2009.03.17 15:52:36.010,0.92535,0.9255,9.80,4.80
2009.03.17 15:52:39.469,0.92535,0.9255,9.20,4.80
2009.03.17 15:52:41.938,0.92535,0.9255,9.20,3.20
2009.03.17 15:52:42.169,0.92535,0.9255,10.60,3.20
2009.03.17 15:52:42.908,0.9254,0.9255,2.80,3.20
2009.03.17 15:52:43.128,0.9254,0.92555,5.00,1.60
2009.03.17 15:52:43.468,0.9254,0.9255,4.30,3.20
2009.03.17 15:52:43.698,0.92535,0.9255,10.60,3.20
2009.03.17 15:52:46.347,0.9254,0.9255,2.80,3.20
2009.03.17 15:52:46.467,0.9254,0.9255,9.20,3.20
2009.03.17 15:52:46.697,0.9254,0.9255,12.40,3.20
2009.03.17 15:52:46.998,0.9254,0.9255,9.20,3.20
2009.03.17 15:52:47.437,0.9254,0.9255,1.60,3.20
2009.03.17 15:52:47.827,0.9254,0.9255,9.20,3.20
2009.03.17 15:52:48.237,0.9254,0.9255,7.60,3.20
2009.03.17 15:52:48.587,0.9254,0.9255,1.60,3.20
2009.03.17 15:52:49.047,0.9254,0.9255,4.60,3.20
2009.03.17 15:52:49.346,0.9254,0.9255,9.20,3.20
2009.03.17 15:52:49.676,0.9254,0.9255,1.60,3.20
2009.03.17 15:52:50.306,0.92535,0.9255,9.20,3.20
2009.03.17 15:52:51.336,0.9254,0.9255,1.60,3.20
2009.03.17 15:52:52.306,0.9254,0.9255,9.20,3.20
2009.03.17 15:52:52.656,0.9254,0.9255,6.20,3.20
2009.03.17 15:52:52.946,0.9254,0.9255,1.60,3.20
2009.03.17 15:52:53.755,0.9254,0.9255,9.20,3.20
2009.03.17 15:52:53.985,0.92545,0.9256,9.20,16.40
2009.03.17 15:52:54.275,0.92545,0.9256,9.20,4.80
2009.03.17 15:52:58.065,0.92565,0.92585,1.00,9.00
2009.03.17 15:52:58.414,0.92565,0.92585,1.00,11.40
2009.03.17 15:52:58.754,0.9256,0.92585,3.00,13.80
2009.03.17 15:52:58.984,0.92565,0.92585,1.40,8.00
2009.03.17 15:52:59.254,0.92565,0.9258,1.40,1.00
2009.03.17 15:52:59.774,0.92565,0.92585,1.40,6.60
2009.03.17 15:52:59.994,0.92565,0.92585,1.00,6.60
2009.03.17 15:53:00.284,0.9257,0.9258,1.60,1.00
2009.03.17 15:53:00.734,0.92565,0.92585,4.60,3.20
2009.03.17 15:53:00.974,0.9257,0.9259,1.60,9.00
2009.03.17 15:53:01.193,0.9257,0.9259,1.60,5.80
2009.03.17 15:53:01.423,0.92565,0.9259,4.00,9.80
2009.03.17 15:53:01.694,0.92565,0.92585,1.40,3.00
2009.03.17 15:53:05.153,0.9257,0.9259,1.60,10.40
2009.03.17 15:53:05.383,0.9257,0.9259,1.60,10.00
2009.03.17 15:53:05.612,0.9257,0.92585,4.40,2.00
2009.03.17 15:53:05.852,0.9257,0.9259,1.60,8.00
2009.03.17 15:53:06.252,0.92565,0.9258,1.60,4.80
2009.03.17 15:53:06.432,0.9256,0.9258,3.20,6.60
2009.03.17 15:53:08.612,0.92565,0.9258,7.60,6.60
2009.03.17 15:53:08.732,0.92565,0.9258,6.40,5.60
2009.03.17 15:53:08.962,0.9256,0.9258,6.20,4.80
2009.03.17 15:53:09.072,0.9256,0.9258,1.60,4.80
2009.03.17 15:53:09.472,0.9256,0.9258,1.60,6.40
2009.03.17 15:53:09.742,0.9256,0.9258,1.60,8.20
2009.03.17 15:53:09.921,0.9256,0.9258,1.60,7.20
2009.03.17 15:53:10.152,0.9256,0.9258,1.60,8.20
2009.03.17 15:53:10.841,0.92565,0.9258,4.60,7.20
2009.03.17 15:53:11.231,0.92565,0.9258,1.00,5.80
2009.03.17 15:53:11.511,0.92565,0.9258,1.60,4.80
2009.03.17 15:53:12.061,0.9256,0.9258,9.20,4.80
2009.03.17 15:53:13.520,0.92565,0.9258,9.20,4.80
2009.03.17 15:53:13.811,0.92565,0.9258,1.60,6.40
2009.03.17 15:53:14.100,0.9256,0.9258,9.20,7.20
2009.03.17 15:53:14.321,0.92565,0.9258,1.00,7.20
2009.03.17 15:53:14.490,0.92565,0.9258,1.40,7.20
2009.03.17 15:53:14.830,0.92565,0.9258,9.20,5.60
2009.03.17 15:53:14.881,0.92565,0.9258,9.20,4.80
2009.03.17 15:53:18.650,0.92565,0.9258,4.60,4.80
2009.03.17 15:53:20.019,0.92565,0.92575,1.60,1.60
2009.03.17 15:53:20.129,0.9256,0.9257,12.80,3.20
2009.03.17 15:53:20.239,0.9256,0.9257,6.00,4.80
2009.03.17 15:53:20.639,0.92555,0.9257,10.80,4.80
2009.03.17 15:53:20.969,0.92555,0.9257,9.20,4.80
2009.03.17 15:53:21.379,0.9256,0.9257,1.60,4.80
2009.03.17 15:53:21.939,0.9256,0.9257,1.60,3.20
2009.03.17 15:53:22.169,0.92555,0.9257,5.80,3.20
2009.03.17 15:53:22.398,0.92555,0.9257,1.60,4.80
2009.03.17 15:53:22.749,0.9255,0.92565,17.80,1.60
2009.03.17 15:53:23.268,0.92555,0.9257,1.60,4.80
2009.03.17 15:53:23.548,0.92555,0.92565,1.60,1.60
2009.03.17 15:53:23.908,0.9255,0.92565,6.40,1.60
2009.03.17 15:53:24.248,0.92545,0.92565,31.40,1.60
2009.03.17 15:53:25.358,0.92545,0.92565,27.40,1.60
2009.03.17 15:53:25.588,0.92545,0.9256,22.80,1.60
2009.03.17 15:53:26.158,0.92545,0.92565,25.80,2.60
2009.03.17 15:53:26.448,0.92545,0.92565,27.40,5.80
2009.03.17 15:53:26.798,0.92545,0.9256,18.00,1.60
2009.03.17 15:53:30.237,0.9255,0.92565,1.60,4.80
2009.03.17 15:53:33.596,0.92555,0.92565,1.60,4.80
2009.03.17 15:53:34.046,0.9255,0.92565,1.60,4.80
2009.03.17 15:53:37.555,0.92545,0.92565,34.20,4.80
2009.03.17 15:53:37.845,0.9255,0.92565,1.60,4.80
2009.03.17 15:53:39.124,0.92545,0.92565,36.40,4.80
2009.03.17 15:53:39.794,0.92545,0.92565,36.40,5.80
2009.03.17 15:53:40.144,0.92545,0.9256,33.40,1.60
2009.03.17 15:53:40.374,0.92545,0.92565,36.40,5.80
2009.03.17 15:53:40.584,0.92545,0.92565,36.40,4.80
2009.03.17 15:53:40.984,0.92545,0.92565,33.40,4.80
2009.03.17 15:53:41.364,0.92545,0.92565,29.40,4.80
2009.03.17 15:53:41.774,0.9255,0.92565,1.60,4.80
2009.03.17 15:53:42.734,0.92545,0.92565,33.40,4.80
2009.03.17 15:53:43.129,0.92545,0.9256,33.40,1.60
2009.03.17 15:53:43.813,0.92545,0.9256,32.80,1.60
2009.03.17 15:53:44.133,0.92545,0.92565,29.00,5.80
2009.03.17 15:53:44.403,0.9255,0.92565,1.60,4.80
2009.03.17 15:53:45.153,0.9255,0.9256,1.60,1.60
2009.03.17 15:53:46.243,0.9255,0.92555,1.60,1.60
2009.03.17 15:53:46.523,0.92545,0.9256,4.80,1.60
2009.03.17 15:53:46.762,0.92545,0.9256,15.20,1.60
2009.03.17 15:53:47.044,0.92545,0.9256,17.20,1.60
2009.03.17 15:53:47.433,0.92545,0.9256,12.40,2.60
2009.03.17 15:53:47.832,0.92545,0.92555,12.40,1.60
2009.03.17 15:53:48.272,0.9254,0.92555,1.60,2.00
2009.03.17 15:53:48.652,0.9254,0.9256,2.80,8.20
2009.03.17 15:53:48.892,0.9254,0.9256,2.80,5.80
2009.03.17 15:53:49.172,0.9254,0.92555,2.80,1.20
2009.03.17 15:53:49.522,0.9254,0.9256,4.60,5.80
2009.03.17 15:53:50.972,0.92545,0.9256,1.60,1.60
2009.03.17 15:53:51.981,0.92535,0.9255,23.20,4.80
2009.03.17 15:53:52.281,0.92535,0.92545,6.00,1.60
2009.03.17 15:53:52.551,0.92535,0.92545,4.60,1.60
2009.03.17 15:53:53.201,0.92535,0.92545,1.60,1.60
2009.03.17 15:53:54.711,0.92535,0.9255,4.60,4.80
2009.03.17 15:53:57.030,0.92535,0.9255,6.20,4.80
2009.03.17 15:53:57.150,0.9254,0.9255,1.60,1.20
2009.03.17 15:53:57.270,0.9254,0.9256,3.20,8.20
2009.03.17 15:53:57.380,0.9254,0.9256,6.20,3.40
2009.03.17 15:53:57.491,0.9254,0.9256,7.60,3.40
2009.03.17 15:53:57.850,0.92545,0.9256,11.60,3.40
2009.03.17 15:53:58.020,0.92545,0.92565,14.80,7.80
2009.03.17 15:53:58.380,0.92545,0.92565,13.20,7.80
2009.03.17 15:53:58.500,0.92545,0.92565,12.00,7.80
2009.03.17 15:53:58.860,0.92545,0.92565,14.80,7.80
2009.03.17 15:53:59.030,0.92545,0.92565,14.80,6.00
2009.03.17 15:54:00.469,0.92545,0.92565,13.60,6.00
2009.03.17 15:54:01.979,0.92545,0.92565,14.80,6.00
2009.03.17 15:54:02.649,0.92545,0.92565,14.80,4.40
2009.03.17 15:54:03.818,0.92545,0.9256,14.80,3.00
2009.03.17 15:54:03.928,0.92545,0.92555,12.00,1.60
2009.03.17 15:54:04.208,0.9254,0.9256,9.20,6.40
2009.03.17 15:54:04.378,0.9254,0.9256,10.60,4.20
2009.03.17 15:54:04.558,0.92545,0.92565,3.20,4.00
2009.03.17 15:54:05.008,0.92545,0.9256,13.20,1.20
2009.03.17 15:54:05.338,0.9255,0.9256,1.20,1.20
2009.03.17 15:54:05.508,0.92545,0.92565,12.00,4.40
2009.03.17 15:54:05.788,0.92545,0.92565,14.80,4.40
2009.03.17 15:54:06.588,0.92545,0.92565,13.20,6.00
2009.03.17 15:54:06.708,0.92545,0.92565,12.00,6.80
2009.03.17 15:54:07.048,0.92545,0.92565,1.60,6.80
2009.03.17 15:54:07.287,0.92545,0.92565,1.60,3.60
2009.03.17 15:54:07.347,0.9255,0.9256,4.60,1.00
2009.03.17 15:54:07.458,0.9255,0.9257,4.60,15.80
2009.03.17 15:54:07.737,0.9255,0.9257,4.60,13.40
2009.03.17 15:54:13.126,0.9254,0.9256,4.80,2.60
2009.03.17 15:54:15.296,0.9254,0.9256,7.60,2.60
2009.03.17 15:54:15.875,0.9254,0.9256,4.80,2.60
2009.03.17 15:54:16.115,0.92535,0.9255,16.20,3.20
2009.03.17 15:54:16.395,0.92535,0.9255,12.20,3.20
2009.03.17 15:54:18.215,0.92535,0.9255,10.60,3.20
2009.03.17 15:54:18.745,0.92535,0.9255,12.20,3.20
2009.03.17 15:54:19.225,0.92535,0.9255,4.60,3.20
2009.03.17 15:54:19.395,0.92535,0.9255,1.60,9.00
2009.03.17 15:54:19.564,0.92535,0.92545,1.60,3.20
2009.03.17 15:54:19.795,0.9253,0.9254,9.60,3.20
2009.03.17 15:54:20.085,0.92525,0.9254,12.40,4.80
2009.03.17 15:54:20.305,0.92525,0.9254,9.80,4.80
2009.03.17 15:54:20.424,0.9253,0.9254,4.80,3.20
2009.03.17 15:54:21.284,0.92525,0.9254,7.60,4.80
2009.03.17 15:54:21.674,0.92525,0.9254,9.20,4.80
2009.03.17 15:54:23.524,0.92525,0.9254,6.40,4.80
2009.03.17 15:54:23.634,0.92525,0.9254,6.20,4.80
2009.03.17 15:54:23.924,0.9252,0.9254,13.80,4.80
2009.03.17 15:54:24.163,0.92525,0.9254,1.00,5.80
2009.03.17 15:54:24.403,0.92525,0.9254,7.60,5.80
2009.03.17 15:54:24.693,0.92525,0.9254,2.80,4.80
2009.03.17 15:54:24.914,0.9252,0.9254,9.20,4.80
2009.03.17 15:54:25.813,0.9252,0.9254,9.20,5.80
2009.03.17 15:54:26.093,0.9252,0.9254,9.20,4.80
2009.03.17 15:54:31.722,0.9252,0.9254,6.40,5.00
2009.03.17 15:54:31.962,0.9252,0.9254,6.20,10.00
2009.03.17 15:54:32.492,0.9252,0.92535,4.60,2.60
2009.03.17 15:54:32.832,0.92515,0.92535,6.40,2.60
2009.03.17 15:54:33.181,0.92525,0.9254,4.60,5.60
2009.03.17 15:54:33.621,0.92515,0.92535,10.80,1.80
2009.03.17 15:54:33.921,0.92515,0.92535,21.20,1.80
2009.03.17 15:54:34.201,0.92515,0.92535,10.80,1.80
2009.03.17 15:54:34.841,0.9252,0.9254,1.60,9.80
2009.03.17 15:54:35.111,0.92515,0.9254,6.20,10.00
2009.03.17 15:54:35.851,0.9252,0.9254,1.00,11.40
2009.03.17 15:54:36.261,0.9252,0.9254,3.00,11.40
2009.03.17 15:54:36.560,0.9252,0.9254,9.20,7.20
2009.03.17 15:54:38.020,0.9252,0.9254,3.00,8.20
2009.03.17 15:54:38.350,0.9252,0.9254,3.00,11.40
2009.03.17 15:54:39.030,0.9252,0.9254,1.60,11.40
2009.03.17 15:54:39.710,0.9252,0.9254,9.20,10.20
2009.03.17 15:54:40.000,0.9252,0.9254,1.60,10.60
2009.03.17 15:54:40.170,0.92515,0.92535,4.80,4.00
2009.03.17 15:54:40.350,0.9251,0.92535,16.20,4.00
2009.03.17 15:54:40.640,0.9251,0.92535,12.20,4.00
2009.03.17 15:54:40.970,0.9251,0.92535,12.20,4.40
2009.03.17 15:54:42.219,0.9251,0.9253,12.20,1.20
2009.03.17 15:54:43.599,0.92515,0.9253,1.40,1.20
2009.03.17 15:54:43.949,0.92515,0.92535,1.40,4.00
2009.03.17 15:54:44.179,0.92515,0.92535,3.00,4.00
2009.03.17 15:54:44.479,0.9252,0.9254,6.40,13.20
2009.03.17 15:54:44.759,0.92525,0.9254,6.20,12.00
2009.03.17 15:54:45.149,0.92525,0.9254,6.20,7.20
2009.03.17 15:54:45.898,0.9252,0.9254,4.40,8.40
2009.03.17 15:54:46.298,0.92515,0.92535,3.00,3.00
2009.03.17 15:54:46.748,0.9252,0.92535,4.60,3.00
2009.03.17 15:54:46.858,0.9252,0.92535,4.80,3.00
2009.03.17 15:54:47.158,0.9252,0.9254,6.40,11.40
2009.03.17 15:54:47.448,0.9252,0.9254,6.40,6.40
2009.03.17 15:54:48.098,0.9252,0.9254,9.20,6.40
2009.03.17 15:54:50.017,0.92525,0.9254,4.60,6.40
2009.03.17 15:54:50.188,0.92525,0.9254,4.60,4.80
2009.03.17 15:54:50.428,0.9252,0.9254,10.60,4.80
2009.03.17 15:54:50.588,0.9252,0.9254,9.20,4.80
2009.03.17 15:54:53.287,0.92525,0.9254,1.40,4.80
2009.03.17 15:54:53.566,0.9252,0.9254,12.40,4.80
2009.03.17 15:54:54.416,0.92525,0.9254,7.60,5.80
2009.03.17 15:54:54.526,0.92525,0.9254,9.20,4.80
2009.03.17 15:54:54.826,0.92525,0.9254,2.80,4.80
2009.03.17 15:54:55.176,0.92525,0.9254,1.60,4.80
2009.03.17 15:54:55.566,0.92525,0.9254,2.80,4.80
2009.03.17 15:54:56.546,0.92525,0.9254,2.80,5.80
2009.03.17 15:54:57.156,0.92525,0.9254,2.80,4.80
2009.03.17 15:54:57.685,0.92525,0.9254,1.60,5.80
2009.03.17 15:54:58.145,0.92525,0.9254,2.80,5.80
2009.03.17 15:54:58.995,0.92525,0.9254,1.60,9.80
2009.03.17 15:54:59.155,0.92525,0.9254,1.60,9.00
2009.03.17 15:54:59.675,0.92525,0.9254,1.60,5.80
2009.03.17 15:55:00.705,0.9252,0.9254,1.60,9.00
2009.03.17 15:55:01.274,0.9252,0.9254,4.60,5.80
2009.03.17 15:55:01.514,0.9252,0.9254,9.20,5.80
2009.03.17 15:55:01.804,0.9252,0.9254,4.60,5.80
2009.03.17 15:55:02.034,0.9252,0.9254,3.00,9.00
2009.03.17 15:55:02.654,0.9252,0.9254,4.60,9.00
2009.03.17 15:55:03.104,0.92525,0.9254,2.80,9.00
2009.03.17 15:55:03.734,0.9252,0.9254,3.00,10.60
2009.03.17 15:55:04.534,0.92525,0.9254,1.20,10.80
2009.03.17 15:55:04.714,0.9252,0.9254,7.60,10.80
2009.03.17 15:55:05.004,0.9252,0.9254,10.60,7.40
2009.03.17 15:55:05.123,0.9252,0.9254,12.20,5.80
2009.03.17 15:55:05.814,0.92525,0.9254,1.60,5.80
2009.03.17 15:55:06.163,0.9252,0.9254,12.20,5.80
2009.03.17 15:55:06.683,0.92525,0.9254,2.80,5.80
2009.03.17 15:55:09.563,0.92535,0.9254,1.20,5.80
2009.03.17 15:55:10.712,0.92525,0.9254,4.40,5.80
2009.03.17 15:55:10.882,0.92525,0.9254,2.80,5.80
2009.03.17 15:55:10.992,0.92535,0.9255,6.20,9.40
2009.03.17 15:55:11.162,0.92535,0.9255,6.20,6.80
2009.03.17 15:55:11.333,0.9253,0.9255,14.00,5.80
2009.03.17 15:55:11.552,0.9253,0.9255,10.80,5.80
2009.03.17 15:55:11.832,0.9253,0.9255,2.00,5.80
2009.03.17 15:55:12.162,0.9253,0.9255,2.80,9.20
2009.03.17 15:55:13.222,0.92525,0.9255,7.60,9.20
2009.03.17 15:55:14.321,0.9253,0.9255,1.40,6.00
2009.03.17 15:55:14.491,0.9253,0.9255,1.40,2.60
2009.03.17 15:55:14.711,0.9253,0.9255,1.40,2.40
2009.03.17 15:55:17.560,0.9253,0.9255,1.40,2.60
2009.03.17 15:55:17.890,0.92525,0.9255,18.00,9.20
2009.03.17 15:55:18.180,0.92525,0.9255,7.60,9.20
2009.03.17 15:55:20.870,0.92525,0.9254,6.00,1.20
2009.03.17 15:55:20.979,0.92525,0.92545,3.00,2.60
2009.03.17 15:55:22.120,0.92535,0.9255,4.60,12.00
2009.03.17 15:55:22.630,0.9253,0.9255,9.20,12.20
2009.03.17 15:55:22.969,0.9253,0.9255,2.80,10.40
2009.03.17 15:55:23.259,0.92525,0.9255,7.60,9.20
2009.03.17 15:55:23.709,0.92525,0.92545,9.80,2.60
2009.03.17 15:55:24.399,0.92525,0.9255,7.60,9.20
2009.03.17 15:55:24.729,0.92525,0.9255,7.60,11.60
2009.03.17 15:55:25.599,0.92525,0.92535,1.60,1.60
2009.03.17 15:55:25.949,0.9252,0.92535,10.80,1.20
2009.03.17 15:55:26.069,0.9252,0.9254,12.20,2.20
2009.03.17 15:55:26.698,0.9252,0.9254,12.20,3.00
2009.03.17 15:55:26.878,0.92525,0.9254,4.60,3.00
2009.03.17 15:55:27.058,0.9252,0.9254,12.20,2.20
2009.03.17 15:55:27.388,0.9252,0.9254,16.20,2.20
2009.03.17 15:55:27.858,0.9252,0.9254,12.20,2.20
2009.03.17 15:55:28.618,0.9252,0.9254,7.60,6.00
2009.03.17 15:55:28.898,0.9252,0.9254,12.20,2.20
2009.03.17 15:55:28.958,0.9252,0.9254,12.20,2.00
2009.03.17 15:55:29.298,0.9252,0.9254,10.60,3.60
2009.03.17 15:55:29.538,0.9253,0.9254,4.60,3.60
2009.03.17 15:55:29.818,0.9253,0.92545,4.60,3.00
2009.03.17 15:55:30.098,0.9253,0.92545,4.60,4.60
2009.03.17 15:55:30.368,0.9253,0.92545,4.60,3.40
2009.03.17 15:55:32.977,0.9253,0.92545,4.60,2.60
2009.03.17 15:55:33.207,0.9253,0.92545,4.60,7.60
2009.03.17 15:55:33.657,0.9253,0.92545,4.60,10.80
2009.03.17 15:55:34.237,0.9253,0.92545,4.60,10.60
2009.03.17 15:55:34.746,0.9253,0.92545,4.60,8.80
2009.03.17 15:55:34.906,0.9253,0.92545,4.60,2.60
2009.03.17 15:55:35.546,0.92535,0.92545,4.60,2.60
2009.03.17 15:55:35.666,0.92535,0.92545,4.60,1.60
2009.03.17 15:55:36.006,0.9253,0.92545,4.60,1.60
2009.03.17 15:55:36.346,0.9253,0.92545,4.60,2.60
2009.03.17 15:55:37.196,0.9253,0.92545,4.60,2.00
2009.03.17 15:55:38.715,0.9253,0.92545,4.60,1.20
2009.03.17 15:55:39.537,0.9253,0.92545,4.80,1.20
2009.03.17 15:55:39.645,0.9253,0.9255,7.80,9.00
2009.03.17 15:55:39.865,0.9253,0.9255,9.20,9.00
2009.03.17 15:55:40.145,0.92535,0.9255,2.80,9.00
2009.03.17 15:55:40.816,0.9254,0.9255,1.20,9.00
2009.03.17 15:55:41.275,0.9253,0.9255,9.40,9.00
2009.03.17 15:55:41.735,0.9253,0.92545,7.60,1.20
2009.03.17 15:55:42.125,0.9253,0.9255,9.40,5.80
2009.03.17 15:55:42.405,0.9253,0.9255,12.20,5.80
2009.03.17 15:55:43.364,0.92535,0.9255,4.60,7.80
2009.03.17 15:55:43.534,0.92535,0.9255,4.60,9.20
2009.03.17 15:55:43.704,0.92535,0.92545,4.60,1.20
2009.03.17 15:55:43.884,0.9253,0.92545,7.60,1.20
2009.03.17 15:55:44.174,0.9253,0.9255,6.00,9.20
2009.03.17 15:55:44.334,0.9253,0.9255,4.60,9.20
2009.03.17 15:55:44.684,0.9253,0.9255,4.80,6.00
2009.03.17 15:55:45.034,0.9253,0.9255,8.00,5.80
2009.03.17 15:55:45.384,0.9253,0.9255,7.80,5.80
2009.03.17 15:55:45.784,0.9253,0.9255,7.80,9.00
2009.03.17 15:55:46.074,0.9253,0.9255,9.20,9.00
2009.03.17 15:55:46.594,0.9253,0.9255,4.60,9.20
2009.03.17 15:55:47.334,0.9253,0.92545,4.60,4.60
2009.03.17 15:55:47.514,0.9253,0.92545,4.60,5.80
2009.03.17 15:55:47.794,0.9253,0.92545,4.60,1.20
2009.03.17 15:55:48.453,0.9253,0.9255,9.20,9.20
2009.03.17 15:55:48.733,0.9253,0.9255,6.20,9.20
2009.03.17 15:55:49.443,0.9253,0.9255,9.20,9.20
2009.03.17 15:55:49.724,0.92535,0.9255,2.80,9.20
2009.03.17 15:55:50.133,0.9254,0.92545,1.20,5.50
2009.03.17 15:55:50.413,0.92535,0.92545,2.80,5.80
2009.03.17 15:55:50.633,0.92545,0.9255,4.60,1.40
2009.03.17 15:55:50.813,0.9254,0.92545,4.00,4.80
2009.03.17 15:55:51.162,0.9254,0.92545,1.60,6.00
2009.03.17 15:55:51.563,0.9253,0.9254,3.90,1.20
2009.03.17 15:55:52.072,0.9253,0.9255,4.60,9.20
2009.03.17 15:55:52.582,0.9253,0.9255,6.20,6.00
2009.03.17 15:55:52.862,0.92535,0.9255,2.00,6.00
2009.03.17 15:55:53.102,0.9253,0.9255,9.80,6.00
2009.03.17 15:55:53.822,0.9253,0.9255,7.60,6.00
2009.03.17 15:55:54.042,0.9253,0.92545,7.60,1.20
2009.03.17 15:55:54.561,0.9253,0.92545,7.60,5.80
2009.03.17 15:55:57.261,0.9253,0.92545,2.80,5.80
2009.03.17 15:55:57.601,0.9252,0.9254,6.80,4.00
2009.03.17 15:55:57.991,0.9252,0.9254,3.00,4.00
2009.03.17 15:55:58.390,0.9252,0.9254,4.60,3.00
2009.03.17 15:56:00.320,0.92535,0.92545,4.60,2.40
2009.03.17 15:56:00.760,0.92525,0.92545,16.40,6.40
2009.03.17 15:56:01.100,0.92525,0.92545,6.20,6.40
2009.03.17 15:56:02.240,0.9253,0.92545,1.60,5.40
2009.03.17 15:56:02.410,0.9253,0.9254,6.20,1.00
2009.03.17 15:56:02.630,0.9253,0.9255,6.20,10.80
2009.03.17 15:56:02.970,0.9253,0.92545,6.20,3.00
2009.03.17 15:56:03.330,0.92525,0.92545,6.20,4.00
2009.03.17 15:56:03.779,0.9253,0.9255,6.20,8.40
2009.03.17 15:56:05.099,0.9253,0.9255,6.20,9.80
2009.03.17 15:56:05.259,0.9253,0.9254,6.20,3.00
2009.03.17 15:56:05.369,0.9252,0.9254,6.20,3.00
2009.03.17 15:56:05.660,0.9252,0.9254,2.80,4.40
2009.03.17 15:56:07.488,0.9252,0.9254,2.80,6.80
2009.03.17 15:56:07.668,0.9252,0.92525,2.80,1.60
2009.03.17 15:56:07.848,0.92515,0.92525,1.60,1.60
2009.03.17 15:56:08.199,0.92515,0.9253,4.60,4.20
2009.03.17 15:56:08.258,0.92515,0.9253,6.40,3.20
2009.03.17 15:56:08.828,0.92515,0.92535,6.40,6.60
2009.03.17 15:56:09.108,0.92515,0.92535,8.00,3.80
2009.03.17 15:56:09.498,0.92515,0.92535,19.80,3.80
2009.03.17 15:56:10.608,0.9252,0.92535,1.60,3.00
2009.03.17 15:56:10.727,0.9252,0.92545,1.60,6.40
2009.03.17 15:56:11.637,0.9252,0.92545,4.60,6.40
2009.03.17 15:56:14.517,0.9252,0.92545,7.60,6.40
2009.03.17 15:56:14.637,0.9253,0.92545,4.60,6.20
2009.03.17 15:56:14.917,0.92535,0.92545,4.60,4.60
2009.03.17 15:56:15.206,0.92535,0.92555,6.20,16.80
2009.03.17 15:56:15.307,0.92525,0.9255,12.20,5.40
2009.03.17 15:56:15.697,0.92525,0.92545,19.60,1.20
2009.03.17 15:56:16.036,0.92525,0.92545,13.40,4.00
2009.03.17 15:56:16.536,0.92525,0.92545,3.20,6.40
2009.03.17 15:56:16.946,0.92525,0.92545,1.60,6.40
2009.03.17 15:56:17.516,0.92525,0.92545,1.40,6.40
2009.03.17 15:56:20.235,0.92525,0.92545,1.40,3.40
2009.03.17 15:56:20.875,0.92525,0.92545,4.60,2.40
2009.03.17 15:56:21.155,0.92525,0.92545,4.60,1.60
2009.03.17 15:56:21.535,0.92525,0.92545,8.40,1.60
2009.03.17 15:56:23.195,0.92525,0.92545,4.00,5.60
2009.03.17 15:56:23.355,0.92525,0.92545,2.00,5.60
2009.03.17 15:56:23.705,0.92525,0.92545,1.60,4.60
2009.03.17 15:56:23.875,0.92525,0.92545,3.00,1.60
2009.03.17 15:56:24.174,0.92525,0.92545,6.00,1.60
2009.03.17 15:56:24.474,0.92535,0.92545,1.20,1.60
2009.03.17 15:56:25.354,0.92535,0.92545,1.20,2.60
2009.03.17 15:56:26.205,0.9253,0.92545,2.80,2.60
2009.03.17 15:56:26.424,0.9253,0.92545,1.20,2.60
2009.03.17 15:56:29.823,0.92525,0.92545,3.00,1.20
2009.03.17 15:56:29.993,0.92525,0.92545,6.00,1.20
2009.03.17 15:56:30.333,0.92525,0.92545,13.40,1.20
2009.03.17 15:56:30.443,0.92525,0.9255,16.80,3.00
2009.03.17 15:56:30.553,0.92525,0.9255,17.00,3.00
2009.03.17 15:56:30.613,0.9253,0.9255,2.00,3.00
2009.03.17 15:56:32.922,0.9253,0.92555,2.00,9.20
2009.03.17 15:56:34.662,0.9253,0.92555,1.60,9.20
2009.03.17 15:56:34.882,0.9253,0.92555,3.00,9.20
2009.03.17 15:56:38.551,0.92535,0.92555,1.60,9.00
2009.03.17 15:56:38.731,0.92535,0.92555,1.60,7.80
2009.03.17 15:56:39.171,0.92535,0.92555,1.60,5.40
2009.03.17 15:56:39.341,0.92535,0.92555,1.60,3.00
2009.03.17 15:56:40.020,0.92535,0.9256,1.60,6.80
2009.03.17 15:56:40.191,0.92535,0.9256,3.20,5.20
2009.03.17 15:56:40.310,0.92535,0.9256,4.60,4.40
2009.03.17 15:56:41.290,0.92535,0.9256,7.60,4.40
2009.03.17 15:56:44.739,0.92535,0.9256,8.00,4.40
2009.03.17 15:56:44.919,0.92535,0.9256,18.40,4.40
2009.03.17 15:56:47.419,0.92535,0.9256,18.00,4.40
2009.03.17 15:56:47.869,0.92535,0.9256,4.60,4.40
2009.03.17 15:56:53.617,0.9254,0.9256,6.20,4.40
2009.03.17 15:56:54.597,0.9254,0.9256,6.20,3.20
2009.03.17 15:56:54.757,0.9254,0.92565,9.20,6.80
2009.03.17 15:56:55.047,0.9254,0.92565,9.80,5.60
2009.03.17 15:56:55.227,0.9254,0.92565,14.40,5.60
2009.03.17 15:56:55.532,0.9254,0.92565,17.20,5.60
2009.03.17 15:56:55.757,0.92545,0.92565,2.00,5.40
2009.03.17 15:56:57.486,0.92545,0.92565,2.00,6.40
2009.03.17 15:56:57.666,0.92545,0.92565,4.80,6.40
2009.03.17 15:56:57.836,0.92545,0.92565,6.40,6.40
2009.03.17 15:56:58.116,0.92545,0.92565,9.20,3.40
2009.03.17 15:56:58.356,0.92545,0.92565,9.20,2.40
2009.03.17 15:56:58.826,0.92555,0.9256,6.20,1.00
2009.03.17 15:56:59.106,0.92555,0.9257,6.20,3.20
2009.03.17 15:56:59.856,0.92555,0.9257,6.40,3.20
2009.03.17 15:57:00.766,0.92555,0.9257,6.20,3.20
2009.03.17 15:57:00.946,0.9255,0.9257,9.20,3.20
2009.03.17 15:57:03.425,0.9255,0.9257,10.60,3.20
2009.03.17 15:57:03.715,0.92555,0.9257,1.60,3.20
2009.03.17 15:57:03.945,0.9255,0.9257,6.40,7.20
2009.03.17 15:57:04.125,0.9255,0.9257,9.20,7.20
2009.03.17 15:57:04.525,0.9255,0.9257,5.00,7.20
2009.03.17 15:57:07.244,0.9255,0.9257,5.00,9.20
2009.03.17 15:57:07.464,0.9255,0.92565,5.00,2.40
2009.03.17 15:57:07.804,0.9255,0.92565,2.00,2.40
2009.03.17 15:57:08.884,0.9255,0.92565,6.20,1.60
2009.03.17 15:57:09.164,0.9255,0.92565,9.20,1.60
2009.03.17 15:57:09.693,0.9255,0.9257,5.00,9.60
2009.03.17 15:57:10.713,0.9255,0.9257,5.00,6.60
2009.03.17 15:57:10.823,0.9255,0.9257,6.40,6.60
2009.03.17 15:57:11.043,0.9255,0.9257,6.40,7.20
2009.03.17 15:57:14.433,0.9255,0.9257,6.40,8.20
2009.03.17 15:57:18.461,0.9255,0.9257,9.20,8.20
2009.03.17 15:57:18.681,0.9255,0.9257,6.20,11.40
2009.03.17 15:57:18.982,0.92545,0.9257,14.40,9.60
2009.03.17 15:57:19.271,0.92545,0.9257,10.40,9.60
2009.03.17 15:57:19.451,0.9255,0.9257,5.00,7.20
2009.03.17 15:57:22.360,0.9255,0.9257,4.60,7.20
2009.03.17 15:57:22.990,0.9255,0.9257,3.00,9.60
2009.03.17 15:57:23.320,0.9255,0.9257,1.60,10.00
2009.03.17 15:57:27.179,0.9255,0.9257,4.40,9.60
2009.03.17 15:57:27.349,0.9255,0.9257,9.20,10.20
2009.03.17 15:57:27.409,0.9255,0.9257,9.20,7.20
2009.03.17 15:57:28.839,0.92555,0.9257,4.60,5.60
2009.03.17 15:57:29.059,0.92555,0.9257,4.80,5.60
2009.03.17 15:57:29.449,0.92555,0.9257,4.80,3.20
2009.03.17 15:57:30.028,0.92555,0.9257,6.40,3.20
2009.03.17 15:57:33.757,0.92555,0.9257,9.20,3.20
2009.03.17 15:57:33.928,0.92555,0.9257,10.60,3.20
2009.03.17 15:57:34.328,0.92555,0.9257,4.80,3.20
2009.03.17 15:57:34.508,0.9255,0.9257,9.40,7.80
2009.03.17 15:57:34.907,0.9255,0.92565,4.80,1.60
2009.03.17 15:57:35.087,0.9255,0.9257,9.20,8.20
2009.03.17 15:57:35.807,0.92555,0.9257,4.60,4.20
2009.03.17 15:57:36.157,0.92555,0.9257,6.20,3.20
2009.03.17 15:57:37.287,0.92555,0.9257,6.80,3.20
2009.03.17 15:57:38.257,0.92545,0.92565,27.80,1.80
2009.03.17 15:57:38.317,0.92545,0.92565,10.20,2.60
2009.03.17 15:57:38.596,0.92545,0.92565,6.80,2.60
2009.03.17 15:57:38.827,0.92545,0.92565,4.80,2.60
2009.03.17 15:57:40.706,0.92545,0.92565,4.60,6.00
2009.03.17 15:57:40.886,0.9254,0.9256,16.40,1.20
2009.03.17 15:57:41.176,0.9254,0.9256,13.20,1.20
2009.03.17 15:57:41.446,0.92545,0.92565,1.60,3.00
2009.03.17 15:57:41.975,0.9255,0.92565,4.60,3.00
2009.03.17 15:57:42.545,0.9255,0.9257,6.20,9.20
2009.03.17 15:57:44.365,0.9255,0.92565,6.20,1.60
2009.03.17 15:57:44.545,0.9255,0.92565,4.60,2.60
2009.03.17 15:57:45.055,0.9255,0.92565,4.60,5.80
2009.03.17 15:57:45.685,0.9255,0.92565,4.60,9.00
2009.03.17 15:57:46.025,0.9255,0.92565,4.60,5.80
2009.03.17 15:57:46.364,0.9255,0.9257,6.80,9.20
2009.03.17 15:57:47.174,0.9254,0.92565,28.20,9.20
2009.03.17 15:57:47.454,0.92545,0.92565,6.80,9.20
2009.03.17 15:57:48.774,0.92545,0.9256,6.80,1.20
2009.03.17 15:57:48.944,0.92545,0.9256,2.00,6.00
2009.03.17 15:57:49.234,0.9254,0.9256,8.40,4.40
2009.03.17 15:57:49.404,0.9254,0.9256,9.80,4.00
2009.03.17 15:57:49.744,0.9254,0.92565,16.60,4.40
2009.03.17 15:57:50.323,0.9254,0.92565,16.20,3.20
2009.03.17 15:57:50.803,0.92555,0.92565,4.60,3.00
2009.03.17 15:57:51.033,0.92555,0.92565,1.60,3.00
2009.03.17 15:57:51.273,0.9255,0.92565,26.20,3.20
2009.03.17 15:57:51.493,0.92555,0.9257,4.60,4.20
2009.03.17 15:57:51.783,0.9256,0.9257,4.60,3.20
2009.03.17 15:57:52.003,0.9256,0.92565,4.60,1.60
2009.03.17 15:57:52.283,0.9255,0.92565,1.80,2.40
2009.03.17 15:57:52.613,0.9255,0.92565,1.00,2.40
2009.03.17 15:57:52.853,0.9255,0.92565,1.00,6.40
2009.03.17 15:57:53.133,0.9255,0.92565,1.00,6.80
2009.03.17 15:57:53.433,0.9255,0.92565,4.40,4.80
2009.03.17 15:57:53.733,0.92555,0.92565,6.20,1.60
2009.03.17 15:57:53.903,0.92555,0.92565,1.60,4.80
2009.03.17 15:57:54.133,0.9255,0.92565,3.80,6.00
2009.03.17 15:57:54.303,0.9255,0.92565,3.80,6.80
2009.03.17 15:57:54.473,0.9255,0.9256,1.80,1.60
2009.03.17 15:57:54.693,0.9254,0.9256,9.00,2.40
2009.03.17 15:57:54.863,0.9254,0.9256,5.00,2.40
2009.03.17 15:57:55.152,0.9254,0.92555,5.00,1.00
2009.03.17 15:57:55.373,0.9254,0.92565,6.80,6.80
2009.03.17 15:57:55.492,0.9254,0.92565,9.00,6.80
2009.03.17 15:57:55.712,0.92545,0.92565,1.00,3.40
2009.03.17 15:57:56.042,0.92545,0.92565,3.00,3.40
2009.03.17 15:57:56.382,0.9254,0.9256,11.40,1.60
2009.03.17 15:57:56.742,0.9254,0.92555,7.40,2.40
2009.03.17 15:57:57.162,0.9254,0.92555,4.60,2.40
2009.03.17 15:57:57.512,0.9254,0.9256,8.40,2.40
2009.03.17 15:57:58.662,0.9254,0.9256,11.40,2.40
2009.03.17 15:57:58.842,0.9254,0.9256,11.00,2.40
2009.03.17 15:57:59.062,0.92545,0.9256,1.20,2.40
2009.03.17 15:57:59.471,0.92545,0.9256,3.00,2.40
2009.03.17 15:57:59.971,0.92545,0.9256,3.00,1.60
2009.03.17 15:58:00.541,0.92545,0.92565,3.00,3.40
2009.03.17 15:58:01.001,0.92545,0.92555,3.00,1.00
2009.03.17 15:58:06.800,0.9254,0.92565,11.00,6.80
2009.03.17 15:58:07.079,0.9254,0.92565,3.00,6.80
2009.03.17 15:58:07.359,0.9254,0.92565,3.00,10.00
2009.03.17 15:58:07.709,0.9254,0.92555,3.00,1.60
2009.03.17 15:58:08.179,0.9254,0.92555,3.00,2.40
2009.03.17 15:58:09.939,0.9254,0.92555,3.00,1.60
2009.03.17 15:58:12.868,0.9254,0.92565,4.60,6.80
2009.03.17 15:58:14.238,0.9254,0.92565,8.40,6.80
2009.03.17 15:58:14.448,0.9254,0.92565,8.40,5.60
2009.03.17 15:58:14.618,0.92545,0.92565,3.00,2.40
2009.03.17 15:58:18.267,0.92545,0.9256,4.60,1.00
2009.03.17 15:58:18.547,0.9255,0.9257,6.20,9.00
2009.03.17 15:58:18.777,0.9255,0.9257,9.20,9.00
2009.03.17 15:58:18.997,0.9255,0.9257,9.20,5.80
2009.03.17 15:58:19.396,0.9255,0.9257,11.80,5.80
2009.03.17 15:58:20.906,0.9255,0.9257,11.80,4.80
2009.03.17 15:58:21.066,0.9255,0.9257,12.40,4.80
2009.03.17 15:58:21.186,0.9255,0.9257,13.80,4.80
2009.03.17 15:58:21.596,0.9255,0.9257,11.80,4.80
2009.03.17 15:58:22.816,0.92555,0.9257,9.20,3.20
2009.03.17 15:58:24.645,0.92565,0.9257,1.00,3.20
2009.03.17 15:58:24.865,0.92565,0.9258,9.20,4.20
2009.03.17 15:58:25.145,0.92565,0.9258,9.80,3.20
2009.03.17 15:58:25.315,0.92565,0.9258,9.20,3.20
2009.03.17 15:58:25.475,0.9257,0.9258,4.80,3.20
2009.03.17 15:58:25.655,0.9257,0.9258,4.60,3.20
2009.03.17 15:58:26.125,0.9257,0.92585,13.00,1.80
2009.03.17 15:58:26.515,0.92575,0.92595,13.40,4.20
2009.03.17 15:58:26.865,0.9258,0.926,1.60,8.40
2009.03.17 15:58:27.325,0.9258,0.926,2.80,7.20
2009.03.17 15:58:27.795,0.92585,0.92605,1.60,5.40
2009.03.17 15:58:28.244,0.92585,0.92605,1.60,3.20
2009.03.17 15:58:28.474,0.92585,0.92605,1.60,3.00
2009.03.17 15:58:29.114,0.9258,0.92605,3.00,4.40
2009.03.17 15:58:29.464,0.9258,0.926,3.00,1.20
2009.03.17 15:58:29.684,0.9258,0.926,3.00,4.00
2009.03.17 15:58:29.864,0.9258,0.926,3.00,3.00
2009.03.17 15:58:30.034,0.9258,0.92605,6.00,6.80
2009.03.17 15:58:30.264,0.92585,0.92605,1.60,5.80
2009.03.17 15:58:30.434,0.92585,0.92605,1.60,3.20
2009.03.17 15:58:30.783,0.9258,0.92605,8.20,4.40
2009.03.17 15:58:31.255,0.9258,0.92605,4.60,4.40
2009.03.17 15:58:32.213,0.9259,0.9261,1.60,2.20
2009.03.17 15:58:32.623,0.92595,0.92615,4.60,8.40
2009.03.17 15:58:33.073,0.92605,0.9262,4.60,14.00
2009.03.17 15:58:33.433,0.92595,0.9262,14.80,5.40
2009.03.17 15:58:33.763,0.92595,0.9262,17.20,4.40
2009.03.17 15:58:33.943,0.92595,0.92615,12.40,1.00
2009.03.17 15:58:34.273,0.926,0.92615,1.20,4.00
2009.03.17 15:58:34.493,0.9259,0.9261,5.40,4.00
2009.03.17 15:58:35.013,0.9259,0.92605,3.80,3.00
2009.03.17 15:58:35.243,0.92585,0.9261,9.20,4.00
2009.03.17 15:58:35.423,0.92585,0.9261,8.60,3.20
2009.03.17 15:58:35.653,0.92585,0.92605,5.00,1.00
2009.03.17 15:58:35.883,0.92585,0.92605,5.00,3.20
2009.03.17 15:58:36.242,0.92585,0.92605,6.40,3.00
2009.03.17 15:58:36.692,0.92585,0.9261,8.00,6.80
2009.03.17 15:58:37.162,0.92585,0.9261,8.00,4.40
2009.03.17 15:58:37.332,0.92585,0.9261,7.60,3.20
2009.03.17 15:58:37.572,0.92585,0.9261,9.60,3.20
2009.03.17 15:58:37.862,0.92585,0.9261,7.20,4.40
2009.03.17 15:58:38.032,0.92585,0.9261,3.00,4.40
2009.03.17 15:58:38.392,0.9259,0.92615,1.00,6.80
2009.03.17 15:58:38.902,0.92585,0.92605,9.80,1.20
2009.03.17 15:58:39.232,0.92585,0.92605,5.00,2.60
2009.03.17 15:58:39.452,0.92585,0.92605,2.20,1.20
2009.03.17 15:58:39.802,0.92595,0.92605,2.00,1.20
2009.03.17 15:58:40.551,0.9259,0.92605,2.00,1.20
2009.03.17 15:58:42.022,0.9259,0.926,2.00,1.20
2009.03.17 15:58:42.641,0.9259,0.92605,2.00,1.20
2009.03.17 15:58:45.660,0.9259,0.9261,2.00,6.80
2009.03.17 15:58:45.880,0.9259,0.9261,2.00,4.40
2009.03.17 15:58:46.220,0.9259,0.9261,5.00,4.00
2009.03.17 15:58:46.560,0.926,0.9261,6.80,2.40
2009.03.17 15:58:46.840,0.926,0.92615,6.80,5.80
2009.03.17 15:58:47.230,0.926,0.92615,6.80,2.60
2009.03.17 15:58:47.520,0.926,0.9262,6.80,9.20
2009.03.17 15:58:48.120,0.92605,0.9262,2.00,6.00
2009.03.17 15:58:49.109,0.926,0.9262,6.80,6.00
2009.03.17 15:58:49.579,0.926,0.9262,6.80,2.20
2009.03.17 15:58:50.029,0.926,0.9262,6.80,1.20
2009.03.17 15:58:50.359,0.926,0.9262,6.80,2.60
2009.03.17 15:58:50.539,0.926,0.9262,6.80,6.00
2009.03.17 15:58:51.109,0.926,0.9262,4.80,6.00
2009.03.17 15:58:51.569,0.926,0.9262,5.60,1.20
2009.03.17 15:58:52.009,0.92605,0.9262,12.40,1.20
2009.03.17 15:58:52.589,0.92605,0.9262,12.40,9.00
2009.03.17 15:58:53.069,0.92605,0.9262,12.40,5.80
2009.03.17 15:58:53.428,0.92605,0.9262,12.60,1.20
2009.03.17 15:58:54.748,0.92605,0.9262,15.40,1.20
2009.03.17 15:58:55.448,0.92605,0.9263,15.00,5.20
2009.03.17 15:58:55.618,0.92605,0.9263,15.00,4.00
2009.03.17 15:58:55.788,0.9261,0.9263,1.00,1.20
2009.03.17 15:58:56.197,0.92605,0.9263,16.80,4.00
2009.03.17 15:58:56.587,0.9261,0.9263,6.40,1.20
2009.03.17 15:58:57.037,0.9261,0.9263,9.20,1.20
2009.03.17 15:58:59.227,0.9262,0.92635,1.60,1.80
2009.03.17 15:58:59.337,0.92625,0.9264,4.60,6.20
2009.03.17 15:58:59.857,0.92625,0.9264,6.40,1.80
2009.03.17 15:59:00.198,0.92625,0.9264,6.20,1.80
2009.03.17 15:59:00.477,0.92625,0.9264,4.60,1.80
2009.03.17 15:59:00.817,0.92615,0.9264,20.40,4.00
2009.03.17 15:59:01.216,0.9262,0.9264,3.00,1.60
2009.03.17 15:59:01.626,0.92615,0.92625,14.20,1.20
2009.03.17 15:59:02.076,0.92615,0.92625,12.40,1.20
2009.03.17 15:59:02.476,0.92615,0.9263,2.00,5.80
2009.03.17 15:59:02.826,0.9261,0.9263,9.80,5.80
2009.03.17 15:59:03.096,0.92615,0.92625,1.00,1.20
2009.03.17 15:59:03.736,0.9261,0.92625,4.60,4.00
2009.03.17 15:59:04.016,0.92605,0.92625,2.20,4.00
2009.03.17 15:59:04.256,0.9261,0.92625,1.60,4.00
2009.03.17 15:59:04.536,0.92615,0.92625,4.60,3.00
2009.03.17 15:59:04.836,0.9261,0.9262,5.20,2.00
2009.03.17 15:59:05.185,0.92605,0.9262,7.60,2.40
2009.03.17 15:59:05.475,0.926,0.9262,10.40,5.80
2009.03.17 15:59:05.765,0.926,0.92615,10.60,1.20
2009.03.17 15:59:05.935,0.926,0.92615,6.80,1.20
2009.03.17 15:59:08.405,0.926,0.92615,2.00,2.60
2009.03.17 15:59:08.714,0.926,0.9262,6.80,6.80
2009.03.17 15:59:09.055,0.926,0.9262,9.20,4.80
2009.03.17 15:59:09.684,0.926,0.9262,9.80,5.80
2009.03.17 15:59:12.164,0.9261,0.9262,9.20,3.20
2009.03.17 15:59:12.633,0.92615,0.92635,1.40,5.80
2009.03.17 15:59:13.434,0.92615,0.92635,3.00,3.00
2009.03.17 15:59:13.763,0.92615,0.9264,3.00,14.00
2009.03.17 15:59:14.343,0.9262,0.9264,1.60,10.80
2009.03.17 15:59:14.573,0.9262,0.92635,1.60,1.20
2009.03.17 15:59:14.923,0.92615,0.9263,2.20,2.00
2009.03.17 15:59:15.213,0.92615,0.92635,1.60,2.60
2009.03.17 15:59:17.052,0.92615,0.9263,1.60,1.60
2009.03.17 15:59:17.443,0.9261,0.92625,11.20,2.00
2009.03.17 15:59:17.673,0.9261,0.9263,12.80,2.60
2009.03.17 15:59:18.372,0.9261,0.9263,9.80,5.80
2009.03.17 15:59:18.722,0.92615,0.9263,6.20,4.80
2009.03.17 15:59:19.012,0.9262,0.9263,3.00,4.80
2009.03.17 15:59:19.302,0.9261,0.9263,12.40,4.80
2009.03.17 15:59:19.592,0.9261,0.9263,9.20,4.80
2009.03.17 15:59:20.241,0.9261,0.9263,12.40,5.80
2009.03.17 15:59:20.772,0.92615,0.9263,4.80,5.80
2009.03.17 15:59:20.952,0.92615,0.9263,6.20,4.80
2009.03.17 15:59:21.581,0.92615,0.9262,6.20,3.20
2009.03.17 15:59:21.751,0.9261,0.9262,10.80,3.20
2009.03.17 15:59:21.981,0.92615,0.9262,3.00,3.20
2009.03.17 15:59:22.331,0.9262,0.9263,4.60,10.40
2009.03.17 15:59:22.681,0.9262,0.9263,4.60,3.20
2009.03.17 15:59:26.822,0.92615,0.9263,6.40,4.80
2009.03.17 15:59:27.290,0.92615,0.9263,4.60,4.80
2009.03.17 15:59:27.590,0.9262,0.9263,3.00,3.20
2009.03.17 15:59:27.870,0.9262,0.9263,4.20,4.80
2009.03.17 15:59:28.140,0.9261,0.9263,9.20,5.80
2009.03.17 15:59:28.420,0.9261,0.9263,4.80,9.00
2009.03.17 15:59:28.750,0.9261,0.9263,6.20,9.20
2009.03.17 15:59:29.929,0.9261,0.92625,4.60,2.60
2009.03.17 15:59:30.379,0.926,0.9261,3.00,1.20
2009.03.17 15:59:30.669,0.926,0.92625,4.60,5.40
2009.03.17 15:59:31.339,0.926,0.9262,4.40,3.00
2009.03.17 15:59:31.569,0.926,0.9262,1.60,8.20
2009.03.17 15:59:31.789,0.926,0.9262,1.60,11.40
2009.03.17 15:59:32.199,0.92595,0.92605,1.80,1.20
2009.03.17 15:59:32.659,0.92585,0.926,21.60,4.80
2009.03.17 15:59:33.119,0.92585,0.92605,1.60,1.80
2009.03.17 15:59:33.458,0.9259,0.92595,1.60,1.60
2009.03.17 15:59:33.898,0.92575,0.9259,6.20,1.20
2009.03.17 15:59:34.178,0.92575,0.926,3.20,8.80
2009.03.17 15:59:34.528,0.9258,0.926,11.40,2.40
2009.03.17 15:59:34.818,0.9258,0.92595,1.60,3.20
2009.03.17 15:59:35.108,0.92575,0.92595,6.00,4.40
2009.03.17 15:59:35.468,0.92575,0.92595,1.60,4.40
2009.03.17 15:59:35.808,0.92565,0.9258,4.60,2.60
2009.03.17 15:59:36.158,0.9256,0.9258,7.80,5.80
2009.03.17 15:59:36.738,0.9256,0.92575,1.60,3.00
2009.03.17 15:59:37.088,0.92555,0.92575,1.60,2.00
2009.03.17 15:59:37.368,0.9256,0.9257,1.20,4.00
2009.03.17 15:59:37.668,0.9255,0.9257,3.20,4.20
2009.03.17 15:59:37.958,0.9255,0.9257,2.80,4.40
2009.03.17 15:59:38.317,0.9255,0.9257,2.80,6.80
2009.03.17 15:59:38.657,0.9255,0.92565,2.80,1.00
2009.03.17 15:59:39.047,0.9255,0.9256,2.80,2.60
2009.03.17 15:59:39.807,0.9255,0.92565,1.60,8.20
2009.03.17 15:59:40.098,0.9255,0.9256,1.60,2.60
2009.03.17 15:59:41.977,0.9255,0.92555,1.60,3.00
2009.03.17 15:59:42.267,0.92545,0.9255,2.80,1.60
2009.03.17 15:59:42.496,0.9255,0.92555,1.60,5.80
2009.03.17 15:59:42.736,0.92545,0.9255,2.80,1.60
2009.03.17 15:59:43.376,0.9255,0.92555,1.60,5.80
2009.03.17 15:59:43.657,0.92545,0.9255,2.80,1.60
2009.03.17 15:59:43.876,0.92545,0.9255,2.80,4.60
2009.03.17 15:59:44.116,0.9254,0.92545,3.60,1.60
2009.03.17 15:59:44.466,0.9254,0.92545,1.60,4.60
2009.03.17 15:59:44.866,0.92535,0.92545,1.20,4.20
2009.03.17 15:59:45.166,0.92535,0.92545,1.20,7.40
2009.03.17 15:59:45.516,0.9252,0.92535,5.00,1.20
2009.03.17 15:59:46.026,0.9252,0.9254,3.40,4.40
2009.03.17 15:59:46.485,0.92515,0.9254,15.40,6.80
2009.03.17 15:59:46.655,0.92515,0.9253,15.40,4.00
2009.03.17 15:59:47.165,0.9252,0.9253,1.20,4.00
2009.03.17 15:59:48.026,0.9251,0.92525,9.80,7.20
2009.03.17 15:59:48.265,0.9251,0.92515,1.60,3.20
2009.03.17 15:59:48.555,0.9251,0.9252,1.60,5.00
2009.03.17 15:59:48.955,0.92505,0.9252,6.20,2.20
2009.03.17 15:59:49.405,0.9251,0.92525,4.60,4.40
2009.03.17 15:59:49.865,0.9251,0.92525,4.60,1.80
2009.03.17 15:59:51.195,0.9252,0.92525,1.00,1.80
2009.03.17 15:59:51.814,0.9252,0.92525,4.60,1.80
2009.03.17 15:59:53.484,0.9252,0.9253,4.60,4.20
2009.03.17 15:59:53.714,0.9252,0.9253,4.60,3.20
2009.03.17 15:59:54.353,0.9252,0.9253,4.80,3.20
2009.03.17 15:59:54.653,0.9253,0.9254,1.00,4.60
2009.03.17 15:59:55.053,0.92535,0.9254,4.60,2.20
2009.03.17 15:59:55.453,0.92535,0.9254,4.60,1.80
2009.03.17 15:59:56.233,0.9254,0.92545,4.60,2.30
2009.03.17 15:59:56.353,0.9254,0.92545,4.60,1.50
2009.03.17 15:59:56.753,0.92535,0.9254,4.60,1.00
2009.03.17 15:59:57.263,0.9254,0.9255,4.60,5.80
2009.03.17 15:59:57.603,0.9254,0.9255,4.60,4.20
2009.03.17 15:59:57.883,0.92535,0.9255,4.60,5.00
2009.03.17 15:59:58.952,0.92535,0.9255,5.40,5.00
2009.03.17 15:59:59.222,0.92535,0.9255,6.20,5.00
2009.03.17 15:59:59.842,0.92535,0.9255,6.20,9.80
