2009.03.29 23:00:00.678,0.9288,0.929,7.00,1.00
2009.03.29 23:00:00.848,0.9288,0.929,2.20,1.00
2009.03.29 23:00:01.078,0.9288,0.9289,2.20,1.00
2009.03.29 23:00:03.567,0.92875,0.9289,3.80,1.00
2009.03.29 23:00:04.187,0.92875,0.92895,3.80,2.40
2009.03.29 23:00:04.417,0.92875,0.92895,3.80,1.00
2009.03.29 23:00:04.697,0.92875,0.9289,3.80,1.00
2009.03.29 23:00:05.217,0.9288,0.92895,2.20,1.00
2009.03.29 23:00:05.507,0.9288,0.9289,2.20,1.00
2009.03.29 23:00:10.885,0.9288,0.929,2.20,2.40
2009.03.29 23:00:11.135,0.9288,0.9289,2.20,2.40
2009.03.29 23:00:11.705,0.9288,0.92895,2.20,2.40
2009.03.29 23:00:11.935,0.92875,0.9289,3.80,3.20
2009.03.29 23:00:12.225,0.9284,0.92865,1.60,1.00
2009.03.29 23:00:12.525,0.92835,0.92865,1.60,1.00
2009.03.29 23:00:12.797,0.9282,0.92865,2.00,1.00
2009.03.29 23:00:13.035,0.92825,0.92865,1.60,1.00
2009.03.29 23:00:13.375,0.9283,0.9285,1.60,1.00
2009.03.29 23:00:13.995,0.9283,0.92845,1.60,1.00
2009.03.29 23:00:14.725,0.9283,0.92855,1.60,1.00
2009.03.29 23:00:15.534,0.92835,0.92855,1.60,1.00
2009.03.29 23:00:18.624,0.92835,0.9286,1.60,1.00
2009.03.29 23:00:19.074,0.92835,0.92865,1.60,1.00
2009.03.29 23:00:19.613,0.92835,0.92855,1.60,1.00
2009.03.29 23:00:20.573,0.92835,0.92855,1.60,1.00
2009.03.29 23:00:21.493,0.92835,0.9285,1.60,1.00
2009.03.29 23:00:21.733,0.9283,0.9285,1.60,1.00
2009.03.29 23:00:23.093,0.9283,0.9286,3.20,1.00
2009.03.29 23:00:23.262,0.9283,0.92865,3.20,1.00
2009.03.29 23:00:23.593,0.92835,0.92865,1.60,1.00
2009.03.29 23:00:24.003,0.92835,0.9286,1.60,1.00
2009.03.29 23:00:26.542,0.92835,0.92875,3.20,1.00
2009.03.29 23:00:31.280,0.9284,0.92885,1.60,1.00
2009.03.29 23:00:32.760,0.9285,0.92885,1.00,1.00
2009.03.29 23:00:32.940,0.92865,0.92895,1.60,3.40
2009.03.29 23:00:33.400,0.92865,0.9289,1.60,1.00
2009.03.29 23:00:33.670,0.92865,0.9289,1.60,1.00
2009.03.29 23:00:35.630,0.9287,0.92895,1.60,3.40
2009.03.29 23:00:36.100,0.92865,0.9289,1.60,1.00
2009.03.29 23:00:36.339,0.92865,0.92895,1.60,1.00
2009.03.29 23:00:36.729,0.9287,0.92895,1.60,1.00
2009.03.29 23:00:40.108,0.92865,0.92895,1.60,1.00
2009.03.29 23:00:41.248,0.92865,0.9289,1.40,1.00
2009.03.29 23:00:45.598,0.92865,0.92895,1.60,1.00
2009.03.29 23:00:45.777,0.92865,0.92895,6.40,1.00
2009.03.29 23:00:46.067,0.9287,0.92895,1.60,1.00
2009.03.29 23:00:46.287,0.92875,0.929,1.60,1.00
2009.03.29 23:00:52.906,0.9286,0.92895,3.20,1.00
2009.03.29 23:00:53.255,0.9286,0.92895,1.60,1.00
2009.03.29 23:00:53.485,0.92855,0.9289,1.60,1.00
2009.03.29 23:00:58.574,0.92865,0.92895,1.60,1.00
2009.03.29 23:00:58.794,0.9287,0.92895,1.60,1.00
2009.03.29 23:00:59.414,0.92875,0.92905,1.60,1.00
2009.03.29 23:01:08.231,0.92875,0.929,1.60,1.00
2009.03.29 23:01:15.550,0.9287,0.92895,1.60,1.00
2009.03.29 23:01:19.209,0.92865,0.9289,1.00,1.00
2009.03.29 23:01:24.078,0.9286,0.92885,6.40,1.00
2009.03.29 23:01:24.318,0.9286,0.92885,1.60,1.00
2009.03.29 23:01:34.135,0.92865,0.9289,1.60,1.80
2009.03.29 23:01:34.306,0.92865,0.9289,1.60,1.00
2009.03.29 23:01:34.605,0.9286,0.92885,1.60,1.00
2009.03.29 23:01:38.414,0.9286,0.92885,6.40,1.00
2009.03.29 23:01:38.804,0.92865,0.9289,1.60,1.00
2009.03.29 23:01:42.063,0.9286,0.92885,6.40,1.00
2009.03.29 23:01:42.243,0.9286,0.92885,1.60,1.00
2009.03.29 23:01:45.572,0.9286,0.9288,1.60,1.00
2009.03.29 23:01:49.971,0.92855,0.92875,1.60,1.00
2009.03.29 23:01:50.541,0.9286,0.92875,4.80,1.00
2009.03.29 23:01:50.721,0.9286,0.92885,6.40,1.00
2009.03.29 23:01:53.831,0.92855,0.92875,6.40,1.00
2009.03.29 23:01:55.970,0.9286,0.9288,1.60,1.00
2009.03.29 23:01:59.869,0.9286,0.92885,1.60,1.00
2009.03.29 23:02:00.379,0.9286,0.9288,1.60,1.00
2009.03.29 23:02:15.045,0.92855,0.92875,6.40,1.00
2009.03.29 23:02:20.654,0.92855,0.92875,1.60,1.00
2009.03.29 23:02:58.505,0.92845,0.92875,8.00,1.00
2009.03.29 23:02:58.675,0.92845,0.92875,3.20,1.20
2009.03.29 23:02:58.735,0.92845,0.9287,3.20,1.00
2009.03.29 23:02:59.325,0.92845,0.9287,1.60,1.00
2009.03.29 23:03:00.055,0.92845,0.9287,6.40,1.00
2009.03.29 23:03:00.404,0.9285,0.9287,1.00,1.00
2009.03.29 23:03:06.283,0.92845,0.92865,1.60,1.00
2009.03.29 23:03:06.513,0.9284,0.92865,3.20,1.00
2009.03.29 23:03:20.760,0.9284,0.9287,3.20,1.00
2009.03.29 23:03:25.368,0.92845,0.9287,1.60,1.00
2009.03.29 23:03:26.478,0.9285,0.9287,1.60,1.00
2009.03.29 23:03:29.817,0.92845,0.9287,1.60,1.00
2009.03.29 23:03:53.841,0.92845,0.9287,6.40,1.00
2009.03.29 23:03:53.951,0.92845,0.92875,6.40,1.00
2009.03.29 23:03:54.241,0.92845,0.92875,8.00,1.00
2009.03.29 23:03:54.981,0.9285,0.92875,2.20,1.00
2009.03.29 23:04:44.599,0.9285,0.92875,1.60,1.00
2009.03.29 23:04:48.578,0.92855,0.92875,1.60,1.00
2009.03.29 23:04:52.868,0.9286,0.9288,1.60,1.20
2009.03.29 23:04:53.047,0.92855,0.9288,1.60,1.20
2009.03.29 23:04:55.836,0.9286,0.9288,1.60,1.20
2009.03.29 23:05:23.530,0.9286,0.9288,1.60,1.00
2009.03.29 23:05:26.029,0.9286,0.9288,1.60,1.20
2009.03.29 23:06:19.227,0.9286,0.9288,1.60,1.00
2009.03.29 23:06:23.785,0.92865,0.9288,1.60,1.00
2009.03.29 23:06:24.305,0.9286,0.9288,1.60,1.00
2009.03.29 23:06:36.232,0.9286,0.9288,1.60,1.20
2009.03.29 23:06:38.612,0.9286,0.9288,1.40,1.20
2009.03.29 23:06:58.417,0.9286,0.9288,1.60,1.00
2009.03.29 23:06:58.597,0.9286,0.92885,1.60,4.40
2009.03.29 23:07:33.818,0.92865,0.92885,1.60,4.40
2009.03.29 23:07:38.247,0.9287,0.92885,1.60,3.60
2009.03.29 23:07:38.587,0.9287,0.92885,3.20,3.20
2009.03.29 23:07:41.497,0.92865,0.92885,3.80,3.20
2009.03.29 23:07:41.726,0.9288,0.9291,1.00,1.00
2009.03.29 23:07:41.996,0.92855,0.9291,5.20,1.00
2009.03.29 23:07:42.236,0.92875,0.9291,1.60,1.00
2009.03.29 23:07:42.526,0.9286,0.9291,1.40,1.00
2009.03.29 23:07:44.676,0.9287,0.9291,1.40,1.00
2009.03.29 23:07:44.916,0.9286,0.92905,1.40,1.00
2009.03.29 23:08:07.480,0.92865,0.92905,1.60,1.00
2009.03.29 23:08:09.000,0.9287,0.9291,1.60,1.00
2009.03.29 23:08:10.479,0.9287,0.92915,1.60,1.00
2009.03.29 23:08:13.838,0.92885,0.92925,1.60,1.00
2009.03.29 23:08:14.178,0.92885,0.9293,1.60,1.00
2009.03.29 23:08:14.649,0.92895,0.92935,1.60,2.40
2009.03.29 23:08:14.818,0.92895,0.92935,1.60,1.00
2009.03.29 23:08:15.218,0.92885,0.92925,1.40,1.00
2009.03.29 23:08:15.618,0.92895,0.92935,1.40,3.40
2009.03.29 23:08:15.968,0.9288,0.9292,1.20,1.00
2009.03.29 23:08:16.618,0.92885,0.9293,1.20,1.00
2009.03.29 23:08:16.968,0.9289,0.9293,1.20,1.00
2009.03.29 23:08:17.248,0.92895,0.92935,1.20,3.40
2009.03.29 23:08:17.468,0.92895,0.92935,1.20,1.00
2009.03.29 23:08:17.818,0.92905,0.92935,1.20,1.00
2009.03.29 23:08:23.536,0.92905,0.92935,1.60,1.00
2009.03.29 23:08:24.116,0.9289,0.9293,1.40,1.00
2009.03.29 23:08:24.356,0.929,0.92935,1.40,1.00
2009.03.29 23:08:26.935,0.9289,0.9293,1.40,1.00
2009.03.29 23:08:27.346,0.929,0.92935,1.40,1.00
2009.03.29 23:08:35.843,0.92885,0.9293,1.60,1.00
2009.03.29 23:08:36.083,0.92895,0.92935,1.60,1.00
2009.03.29 23:08:40.652,0.92885,0.9293,1.60,1.00
2009.03.29 23:08:43.182,0.9289,0.9293,1.60,1.00
2009.03.29 23:08:50.870,0.929,0.92935,1.60,1.00
2009.03.29 23:09:12.584,0.92895,0.92935,1.60,1.00
2009.03.29 23:09:19.033,0.929,0.92935,1.60,1.00
2009.03.29 23:09:34.839,0.92905,0.92935,1.60,1.00
2009.03.29 23:09:37.278,0.9291,0.9294,1.60,1.00
2009.03.29 23:09:37.568,0.9291,0.9294,1.20,1.00
2009.03.29 23:09:38.958,0.92905,0.9294,1.00,1.00
2009.03.29 23:09:39.308,0.9291,0.9294,1.00,1.00
2009.03.29 23:09:39.428,0.9291,0.9294,1.00,1.00
2009.03.29 23:09:56.784,0.92915,0.9294,1.60,1.00
2009.03.29 23:10:01.343,0.9291,0.9294,1.00,1.00
2009.03.29 23:10:06.491,0.9291,0.9294,1.60,1.00
2009.03.29 23:10:08.921,0.92915,0.92945,1.60,2.40
2009.03.29 23:10:10.630,0.9292,0.92945,1.20,2.40
2009.03.29 23:10:12.470,0.9293,0.92945,1.40,1.60
2009.03.29 23:10:13.400,0.9293,0.9295,1.40,2.00
2009.03.29 23:10:14.629,0.92935,0.9295,1.00,1.60
2009.03.29 23:10:15.079,0.92935,0.92955,1.00,2.80
2009.03.29 23:10:18.418,0.92935,0.92955,1.00,2.40
2009.03.29 23:10:18.648,0.92935,0.92955,1.60,1.60
2009.03.29 23:10:26.856,0.92935,0.92955,1.60,2.00
2009.03.29 23:10:27.156,0.92935,0.92955,1.60,2.80
2009.03.29 23:10:28.576,0.9294,0.92955,1.60,1.60
2009.03.29 23:10:35.904,0.92945,0.92955,1.60,1.60
2009.03.29 23:10:36.364,0.92945,0.9296,1.60,25.60
2009.03.29 23:10:36.664,0.92945,0.9296,1.60,24.00
2009.03.29 23:10:37.924,0.9294,0.9296,1.00,24.80
2009.03.29 23:10:38.384,0.9294,0.9296,1.00,2.80
2009.03.29 23:10:38.553,0.92935,0.9296,1.00,2.80
2009.03.29 23:10:38.764,0.92935,0.92955,1.00,1.00
2009.03.29 23:10:39.953,0.92935,0.92955,2.20,1.00
2009.03.29 23:10:40.133,0.92935,0.92955,1.00,1.00
2009.03.29 23:10:40.533,0.92935,0.92955,2.20,1.00
2009.03.29 23:10:47.542,0.9292,0.9295,1.60,1.20
2009.03.29 23:10:47.901,0.9292,0.9295,1.60,2.80
2009.03.29 23:10:52.380,0.9292,0.9295,6.40,2.80
2009.03.29 23:10:52.620,0.9293,0.9295,1.60,2.80
2009.03.29 23:10:58.429,0.9293,0.9295,1.60,1.60
2009.03.29 23:10:58.949,0.9293,0.92955,1.60,2.80
2009.03.29 23:11:19.883,0.9293,0.92955,1.60,2.40
2009.03.29 23:11:20.123,0.9294,0.92955,1.60,1.60
2009.03.29 23:11:20.233,0.9294,0.92955,1.60,2.00
2009.03.29 23:11:20.343,0.9293,0.92955,1.60,2.80
2009.03.29 23:11:20.463,0.9293,0.92955,1.60,1.00
2009.03.29 23:11:20.523,0.92935,0.92955,1.60,1.00
2009.03.29 23:11:20.803,0.92935,0.92955,1.60,2.40
2009.03.29 23:12:12.001,0.9294,0.92955,1.60,1.60
2009.03.29 23:12:17.569,0.9294,0.9296,1.60,2.80
2009.03.29 23:12:17.749,0.9294,0.9296,1.60,25.20
2009.03.29 23:12:17.979,0.9294,0.9296,1.60,26.80
2009.03.29 23:12:19.999,0.92935,0.9296,1.60,26.80
2009.03.29 23:12:20.949,0.92935,0.92955,1.60,1.20
2009.03.29 23:12:21.469,0.9293,0.9295,1.60,1.20
2009.03.29 23:12:23.418,0.9293,0.9295,1.60,1.00
2009.03.29 23:12:23.598,0.92935,0.92955,1.40,1.20
2009.03.29 23:12:30.707,0.92935,0.92955,1.60,1.20
2009.03.29 23:12:53.141,0.92935,0.9296,1.60,2.80
2009.03.29 23:12:53.771,0.92935,0.9296,1.60,26.80
2009.03.29 23:13:02.639,0.92935,0.92955,1.60,1.00
2009.03.29 23:13:07.637,0.9292,0.92945,7.00,1.00
2009.03.29 23:13:08.557,0.92915,0.92945,1.40,1.00
2009.03.29 23:13:10.397,0.9292,0.92945,4.80,1.00
2009.03.29 23:13:10.866,0.9293,0.9295,1.60,1.20
2009.03.29 23:13:13.836,0.9294,0.9296,1.60,2.80
2009.03.29 23:13:14.396,0.9294,0.9296,1.60,25.20
2009.03.29 23:13:15.096,0.92935,0.9296,1.60,25.20
2009.03.29 23:13:22.734,0.92935,0.9296,1.60,20.40
2009.03.29 23:13:22.904,0.9294,0.9296,1.60,20.40
2009.03.29 23:13:23.304,0.92935,0.9296,1.60,20.40
2009.03.29 23:13:23.594,0.9293,0.9295,1.60,1.00
2009.03.29 23:13:23.763,0.92925,0.9295,2.20,1.00
2009.03.29 23:13:26.463,0.92925,0.9295,1.60,1.00
2009.03.29 23:13:27.503,0.9293,0.9295,1.60,1.00
2009.03.29 23:13:29.702,0.92925,0.9295,1.60,1.00
2009.03.29 23:13:32.502,0.92935,0.92955,1.60,1.20
2009.03.29 23:13:38.540,0.92935,0.9296,1.60,2.80
2009.03.29 23:13:39.020,0.92935,0.9296,1.60,20.40
2009.03.29 23:13:39.980,0.9294,0.9296,1.60,19.60
2009.03.29 23:13:47.368,0.9294,0.9296,1.60,20.40
2009.03.29 23:13:59.895,0.9294,0.92955,1.60,1.00
2009.03.29 23:14:46.474,0.9294,0.9296,1.60,19.60
2009.03.29 23:14:47.603,0.92955,0.9296,1.40,19.20
2009.03.29 23:14:47.833,0.92955,0.9297,1.40,1.60
2009.03.29 23:14:48.123,0.92955,0.92975,1.40,1.00
2009.03.29 23:14:51.572,0.9295,0.92975,1.00,1.00
2009.03.29 23:14:54.562,0.92965,0.9299,1.40,1.60
2009.03.29 23:14:54.961,0.92965,0.92995,1.00,1.00
2009.03.29 23:14:55.231,0.9296,0.92995,1.00,1.00
2009.03.29 23:14:55.501,0.9295,0.9299,1.20,1.00
2009.03.29 23:14:55.801,0.92955,0.93,4.80,1.00
2009.03.29 23:14:56.491,0.92955,0.9299,6.40,1.00
2009.03.29 23:14:56.721,0.92955,0.9299,4.80,1.00
2009.03.29 23:14:58.641,0.9295,0.9299,6.40,1.00
2009.03.29 23:14:58.810,0.9295,0.9299,1.60,1.00
2009.03.29 23:14:58.990,0.9295,0.92985,1.60,1.00
2009.03.29 23:14:59.220,0.92945,0.92985,6.40,1.00
2009.03.29 23:14:59.380,0.92945,0.92985,4.80,1.00
2009.03.29 23:15:00.000,0.92955,0.92985,1.60,1.00
2009.03.29 23:15:00.400,0.9296,0.92985,2.20,1.00
2009.03.29 23:15:01.780,0.92955,0.92985,1.60,1.00
2009.03.29 23:15:18.076,0.9296,0.9299,1.60,1.00
2009.03.29 23:15:18.296,0.92965,0.93,1.60,1.80
2009.03.29 23:15:18.516,0.92965,0.93,1.60,1.00
2009.03.29 23:15:18.816,0.9296,0.92995,1.40,1.00
2009.03.29 23:15:26.804,0.9296,0.9299,1.60,1.00
2009.03.29 23:15:27.024,0.92955,0.92985,1.60,1.00
2009.03.29 23:15:27.893,0.9296,0.9299,1.60,1.00
2009.03.29 23:15:30.243,0.9296,0.92995,1.40,1.00
2009.03.29 23:15:35.571,0.92965,0.93,1.60,1.00
2009.03.29 23:15:44.739,0.92975,0.93,1.40,1.00
2009.03.29 23:15:47.109,0.9297,0.93,1.20,1.00
2009.03.29 23:16:47.044,0.92965,0.93005,4.80,1.00
2009.03.29 23:17:02.711,0.92965,0.9299,1.60,1.00
2009.03.29 23:17:03.120,0.9297,0.92995,1.60,1.00
2009.03.29 23:17:08.339,0.92965,0.9299,1.00,1.00
2009.03.29 23:17:35.083,0.9296,0.9299,1.60,1.00
2009.03.29 23:17:35.193,0.9296,0.9299,6.40,1.00
2009.03.29 23:17:35.303,0.92965,0.9299,1.60,1.00
2009.03.29 23:18:35.428,0.9296,0.93,4.80,1.00
2009.03.29 23:19:07.230,0.9297,0.92995,1.60,1.00
2009.03.29 23:19:10.320,0.92965,0.9299,1.00,1.00
2009.03.29 23:19:51.929,0.9296,0.9299,1.60,1.00
2009.03.29 23:19:52.349,0.9296,0.9299,6.40,1.00
2009.03.29 23:19:52.579,0.92965,0.9299,1.60,1.00
2009.03.29 23:20:01.567,0.9296,0.9299,1.60,1.00
2009.03.29 23:20:02.087,0.9296,0.9299,6.40,1.00
2009.03.29 23:20:02.308,0.92965,0.9299,1.60,1.00
2009.03.29 23:20:05.166,0.9296,0.9299,1.60,1.00
2009.03.29 23:20:07.356,0.92955,0.92985,1.60,1.00
2009.03.29 23:20:28.751,0.92965,0.9299,1.60,1.00
2009.03.29 23:20:30.880,0.9296,0.9299,1.60,1.00
2009.03.29 23:20:44.177,0.9296,0.9299,6.40,1.00
2009.03.29 23:20:44.397,0.92965,0.9299,1.60,1.00
2009.03.29 23:20:52.315,0.9297,0.92995,1.60,1.00
2009.03.29 23:21:52.570,0.92955,0.93005,6.40,1.00
2009.03.29 23:21:58.439,0.92955,0.9299,3.20,1.00
2009.03.29 23:21:58.669,0.92955,0.9299,1.60,1.00
2009.03.29 23:22:05.077,0.92955,0.92985,1.60,3.80
2009.03.29 23:22:05.487,0.92955,0.92975,1.60,1.00
2009.03.29 23:22:05.597,0.92945,0.9297,1.60,1.00
2009.03.29 23:22:07.057,0.9295,0.9297,1.60,1.00
2009.03.29 23:22:12.845,0.92945,0.92965,1.60,1.00
2009.03.29 23:22:18.954,0.92945,0.9297,1.60,1.00
2009.03.29 23:22:35.310,0.92945,0.92965,1.60,1.00
2009.03.29 23:22:35.420,0.92945,0.9297,1.60,1.00
2009.03.29 23:22:38.199,0.92945,0.92965,1.60,1.00
2009.03.29 23:22:39.009,0.92945,0.92965,1.60,1.20
2009.03.29 23:22:39.249,0.92935,0.9296,1.60,1.00
2009.03.29 23:22:40.579,0.92945,0.92965,1.60,2.20
2009.03.29 23:22:40.759,0.92945,0.92965,1.60,1.00
2009.03.29 23:22:43.918,0.92945,0.92965,1.60,2.80
2009.03.29 23:22:44.208,0.92945,0.92965,1.60,2.20
2009.03.29 23:22:44.548,0.9294,0.9296,1.60,1.00
2009.03.29 23:22:46.857,0.9294,0.9296,1.60,2.80
2009.03.29 23:22:47.077,0.9293,0.92955,1.60,1.00
2009.03.29 23:22:47.757,0.9293,0.9295,1.60,1.00
2009.03.29 23:22:48.567,0.9293,0.9295,6.40,1.00
2009.03.29 23:22:48.787,0.9293,0.92955,6.40,1.00
2009.03.29 23:22:52.266,0.92935,0.9296,1.60,1.00
2009.03.29 23:22:59.554,0.9293,0.92955,1.60,1.00
2009.03.29 23:23:11.791,0.9293,0.9295,1.60,1.00
2009.03.29 23:23:36.235,0.92925,0.92945,1.60,1.00
2009.03.29 23:23:42.584,0.9293,0.9295,1.60,1.00
2009.03.29 23:23:42.924,0.92925,0.92945,1.60,1.00
2009.03.29 23:23:52.682,0.9292,0.92945,1.60,1.00
2009.03.29 23:23:57.010,0.9292,0.92945,1.60,1.20
2009.03.29 23:23:58.040,0.92915,0.92935,1.60,1.00
2009.03.29 23:24:03.299,0.9292,0.9294,1.60,1.00
2009.03.29 23:24:03.419,0.92915,0.92935,1.60,1.00
2009.03.29 23:24:42.042,0.9291,0.92935,6.40,1.00
2009.03.29 23:24:42.220,0.9291,0.92935,1.60,1.00
2009.03.29 23:24:53.886,0.9291,0.92935,6.40,1.00
2009.03.29 23:24:54.366,0.92915,0.92935,1.60,1.00
2009.03.29 23:25:15.771,0.9291,0.92935,1.60,1.00
2009.03.29 23:25:28.048,0.9291,0.92935,1.60,1.20
2009.03.29 23:25:28.218,0.9291,0.9293,1.60,1.00
2009.03.29 23:25:32.767,0.9291,0.92935,1.60,1.00
2009.03.29 23:26:20.056,0.9291,0.92935,1.60,1.00
2009.03.29 23:26:20.396,0.9291,0.9293,1.60,1.00
2009.03.29 23:26:24.395,0.929,0.92925,6.40,1.00
2009.03.29 23:26:24.755,0.929,0.92925,1.60,1.00
2009.03.29 23:26:25.434,0.929,0.92925,1.60,1.00
2009.03.29 23:26:38.292,0.929,0.92925,6.40,1.00
2009.03.29 23:26:38.401,0.92905,0.92925,1.60,1.00
2009.03.29 23:27:12.633,0.9291,0.9294,1.60,1.00
2009.03.29 23:27:16.392,0.9291,0.92935,1.60,1.00
2009.03.29 23:27:17.652,0.92905,0.9293,1.60,1.00
2009.03.29 23:27:26.799,0.9291,0.9293,4.80,1.00
2009.03.29 23:27:28.149,0.92915,0.9294,1.60,1.00
2009.03.29 23:27:30.599,0.92915,0.92935,1.60,1.00
2009.03.29 23:27:30.818,0.92905,0.9293,1.60,1.00
2009.03.29 23:27:31.639,0.92915,0.92935,1.60,1.00
2009.03.29 23:27:32.868,0.9291,0.92935,1.60,1.00
2009.03.29 23:27:33.088,0.92905,0.9293,1.60,1.00
2009.03.29 23:27:36.077,0.9291,0.9293,4.80,1.00
2009.03.29 23:27:36.247,0.92915,0.92935,1.60,1.00
2009.03.29 23:27:37.997,0.92905,0.9293,1.60,1.00
2009.03.29 23:27:38.287,0.92905,0.92925,1.60,1.00
2009.03.29 23:27:46.155,0.92905,0.9293,1.60,1.00
2009.03.29 23:27:49.744,0.929,0.9293,1.60,1.00
2009.03.29 23:27:49.914,0.92895,0.92925,1.60,1.00
2009.03.29 23:27:59.962,0.92905,0.9293,1.60,1.00
2009.03.29 23:28:08.649,0.92895,0.9292,1.60,1.00
2009.03.29 23:28:08.880,0.92895,0.92925,1.60,1.00
2009.03.29 23:28:36.693,0.9291,0.9293,1.60,1.00
2009.03.29 23:28:38.522,0.92915,0.92935,1.60,1.00
2009.03.29 23:28:42.021,0.9291,0.9293,1.60,1.00
2009.03.29 23:28:42.691,0.92915,0.92935,1.60,1.00
2009.03.29 23:28:44.880,0.92905,0.9293,6.40,1.00
2009.03.29 23:28:45.111,0.92915,0.92935,1.60,1.00
2009.03.29 23:28:45.350,0.9291,0.9293,6.40,1.00
2009.03.29 23:28:45.810,0.929,0.9292,4.80,1.00
2009.03.29 23:28:46.090,0.929,0.9292,3.80,1.00
2009.03.29 23:28:46.450,0.92895,0.92915,1.60,1.00
2009.03.29 23:28:46.670,0.9289,0.92915,2.20,1.00
2009.03.29 23:28:46.900,0.9289,0.9291,1.60,1.00
2009.03.29 23:28:47.290,0.92895,0.92915,1.60,1.00
2009.03.29 23:28:47.630,0.929,0.92925,1.60,1.00
2009.03.29 23:28:47.980,0.9291,0.92935,1.60,1.60
2009.03.29 23:28:48.250,0.9292,0.92945,1.60,1.60
2009.03.29 23:28:48.600,0.9292,0.9295,1.60,2.60
2009.03.29 23:28:48.779,0.92925,0.92955,1.60,2.60
2009.03.29 23:28:49.350,0.92915,0.92955,1.60,2.60
2009.03.29 23:28:49.739,0.92915,0.9296,1.60,3.20
2009.03.29 23:28:50.409,0.9292,0.9296,1.60,3.20
2009.03.29 23:28:51.049,0.92915,0.9296,1.60,3.20
2009.03.29 23:28:52.359,0.92915,0.92955,1.60,1.00
2009.03.29 23:28:54.489,0.92915,0.9296,1.60,3.40
2009.03.29 23:28:55.818,0.9291,0.9295,1.60,3.40
2009.03.29 23:28:56.508,0.92905,0.92945,1.60,1.00
2009.03.29 23:28:57.828,0.92895,0.9293,1.60,1.00
2009.03.29 23:28:58.117,0.92905,0.92955,1.60,1.00
2009.03.29 23:28:58.398,0.929,0.92945,1.60,1.60
2009.03.29 23:28:58.797,0.929,0.9295,1.60,1.00
2009.03.29 23:29:00.337,0.92895,0.9294,1.60,1.00
2009.03.29 23:29:02.007,0.92895,0.92935,1.60,1.00
2009.03.29 23:29:03.516,0.929,0.92935,1.60,1.00
2009.03.29 23:29:09.715,0.92905,0.92935,1.60,1.00
2009.03.29 23:29:10.125,0.92905,0.92945,1.60,1.00
2009.03.29 23:29:17.763,0.929,0.92945,1.60,1.00
2009.03.29 23:29:22.991,0.929,0.92945,1.60,3.40
2009.03.29 23:29:23.211,0.92895,0.92935,1.60,1.00
2009.03.29 23:29:23.611,0.929,0.92945,1.60,1.00
2009.03.29 23:29:23.671,0.929,0.92945,1.60,3.40
2009.03.29 23:29:23.961,0.929,0.9294,1.60,1.00
2009.03.29 23:29:24.201,0.92895,0.92935,1.60,1.00
2009.03.29 23:29:24.451,0.929,0.92935,1.60,1.00
2009.03.29 23:29:24.731,0.929,0.92945,1.60,1.00
2009.03.29 23:29:27.910,0.929,0.92945,1.60,3.40
2009.03.29 23:29:28.310,0.929,0.9294,1.60,1.00
2009.03.29 23:29:28.780,0.9289,0.9293,1.60,1.00
2009.03.29 23:29:29.850,0.92895,0.9293,1.60,1.00
2009.03.29 23:29:30.080,0.929,0.9294,1.60,1.00
2009.03.29 23:29:30.420,0.92895,0.9294,1.60,1.00
2009.03.29 23:29:38.438,0.929,0.9294,1.60,1.00
2009.03.29 23:29:39.308,0.929,0.9294,1.60,3.40
2009.03.29 23:29:39.528,0.9289,0.92935,1.60,1.00
2009.03.29 23:29:40.337,0.9289,0.92935,1.60,3.40
2009.03.29 23:29:40.637,0.9289,0.9293,1.60,1.00
2009.03.29 23:29:41.877,0.9289,0.92935,1.60,3.40
2009.03.29 23:29:44.007,0.9289,0.9293,1.60,1.00
2009.03.29 23:29:44.726,0.9289,0.9293,1.60,3.40
2009.03.29 23:29:45.006,0.92885,0.9293,1.60,3.40
2009.03.29 23:29:45.306,0.92885,0.92925,1.60,1.00
2009.03.29 23:29:45.886,0.9288,0.9291,1.60,1.00
2009.03.29 23:29:47.936,0.92875,0.92905,1.60,1.00
2009.03.29 23:29:49.975,0.92885,0.92915,1.60,1.00
2009.03.29 23:30:07.681,0.9289,0.92915,1.60,1.00
2009.03.29 23:30:10.460,0.92885,0.92915,1.60,1.00
2009.03.29 23:30:15.189,0.9289,0.92915,1.60,1.00
2009.03.29 23:30:16.009,0.92895,0.9292,1.60,1.00
2009.03.29 23:30:27.696,0.9289,0.92915,1.60,1.00
2009.03.29 23:30:28.965,0.92885,0.92915,1.60,1.00
2009.03.29 23:30:30.575,0.9289,0.92915,1.60,1.00
2009.03.29 23:30:33.035,0.92885,0.92915,1.60,1.00
2009.03.29 23:30:34.024,0.92885,0.92915,6.40,1.00
2009.03.29 23:30:34.144,0.9289,0.92915,1.60,1.00
2009.03.29 23:30:34.314,0.9288,0.92905,3.20,1.00
2009.03.29 23:30:34.844,0.9288,0.92905,1.60,1.00
2009.03.29 23:30:35.884,0.92875,0.92905,1.60,1.00
2009.03.29 23:30:36.444,0.92875,0.929,1.60,1.00
2009.03.29 23:30:37.423,0.92875,0.92905,1.60,1.00
2009.03.29 23:30:37.773,0.92865,0.92905,1.60,1.00
2009.03.29 23:30:38.703,0.9287,0.9291,1.60,2.40
2009.03.29 23:30:38.883,0.9287,0.9291,1.60,1.60
2009.03.29 23:30:39.533,0.9287,0.92925,1.60,2.60
2009.03.29 23:30:39.833,0.92875,0.92915,1.60,1.00
2009.03.29 23:30:41.083,0.92875,0.92915,1.40,1.00
2009.03.29 23:30:41.713,0.92865,0.92905,1.40,1.00
2009.03.29 23:30:43.772,0.92875,0.92905,1.40,1.00
2009.03.29 23:30:45.331,0.92865,0.92895,1.60,1.00
2009.03.29 23:30:47.181,0.9287,0.929,1.60,1.00
2009.03.29 23:30:47.821,0.92875,0.92905,1.60,1.00
2009.03.29 23:30:49.900,0.92885,0.9291,1.60,1.00
2009.03.29 23:30:50.460,0.9288,0.9291,1.60,1.00
2009.03.29 23:30:51.730,0.92885,0.9291,1.60,1.00
2009.03.29 23:30:54.089,0.92895,0.9292,1.60,1.20
2009.03.29 23:30:59.428,0.92895,0.9292,6.40,1.00
2009.03.29 23:30:59.778,0.929,0.92925,1.60,1.20
2009.03.29 23:31:00.008,0.929,0.9292,1.60,1.00
2009.03.29 23:31:00.368,0.929,0.9292,1.60,1.20
2009.03.29 23:31:01.128,0.929,0.9292,1.60,1.00
2009.03.29 23:31:01.468,0.929,0.9292,1.60,1.20
2009.03.29 23:31:04.587,0.929,0.9292,1.60,1.00
2009.03.29 23:31:08.136,0.92905,0.92925,1.60,2.20
2009.03.29 23:31:09.176,0.92905,0.92925,1.60,1.20
2009.03.29 23:31:20.523,0.92905,0.9292,1.60,1.00
2009.03.29 23:31:20.813,0.9289,0.9292,6.40,1.20
2009.03.29 23:31:23.732,0.92895,0.9292,1.60,1.20
2009.03.29 23:31:24.132,0.9289,0.92915,6.40,1.00
2009.03.29 23:31:24.192,0.9289,0.92915,1.60,1.00
2009.03.29 23:31:27.911,0.92885,0.92915,1.60,1.00
2009.03.29 23:31:30.221,0.9289,0.92915,1.60,1.00
2009.03.29 23:32:11.431,0.9289,0.9292,1.60,1.20
2009.03.29 23:32:53.560,0.9289,0.92915,1.40,1.00
2009.03.29 23:33:20.314,0.9289,0.9292,1.60,1.20
2009.03.29 23:33:28.562,0.9289,0.9292,1.60,2.20
2009.03.29 23:33:28.672,0.9289,0.9292,1.60,3.80
2009.03.29 23:33:29.252,0.92885,0.9291,1.60,1.00
2009.03.29 23:33:30.472,0.9288,0.9291,1.60,1.00
2009.03.29 23:33:30.771,0.92885,0.9291,1.60,1.00
2009.03.29 23:33:31.801,0.9288,0.9291,1.60,1.00
2009.03.29 23:33:34.341,0.9287,0.92905,1.60,1.00
2009.03.29 23:33:34.861,0.9287,0.929,1.60,1.00
2009.03.29 23:33:37.160,0.9287,0.92905,1.60,1.00
2009.03.29 23:33:37.560,0.9287,0.929,1.60,1.00
2009.03.29 23:33:38.030,0.9286,0.9289,1.60,1.00
2009.03.29 23:33:40.329,0.92855,0.92885,1.60,1.00
2009.03.29 23:33:41.549,0.92855,0.929,1.60,3.60
2009.03.29 23:33:41.889,0.92855,0.929,1.60,2.00
2009.03.29 23:33:43.559,0.9286,0.92895,1.60,2.40
2009.03.29 23:33:43.619,0.9286,0.92895,1.60,1.00
2009.03.29 23:33:43.678,0.9286,0.92905,1.60,4.00
2009.03.29 23:33:43.729,0.9286,0.9289,1.60,1.00
2009.03.29 23:33:44.678,0.9286,0.92895,1.60,1.00
2009.03.29 23:33:50.127,0.9286,0.92895,1.60,1.00
2009.03.29 23:33:55.926,0.92865,0.92895,1.60,1.00
2009.03.29 23:34:03.034,0.9286,0.92895,1.60,1.00
2009.03.29 23:34:08.582,0.9286,0.9289,1.60,1.00
2009.03.29 23:34:14.141,0.92865,0.92895,1.60,1.00
2009.03.29 23:34:18.820,0.9286,0.92895,1.60,1.00
2009.03.29 23:34:19.240,0.92865,0.92895,1.60,1.00
2009.03.29 23:34:23.269,0.9287,0.929,1.60,1.00
2009.03.29 23:34:26.588,0.9287,0.92905,1.60,1.00
2009.03.29 23:34:26.878,0.92875,0.92905,1.60,1.00
2009.03.29 23:34:27.338,0.9288,0.9291,1.60,1.00
2009.03.29 23:34:31.357,0.92875,0.92905,1.60,1.00
2009.03.29 23:34:40.855,0.9287,0.92905,1.40,1.00
2009.03.29 23:34:41.185,0.9287,0.929,1.40,1.00
2009.03.29 23:34:47.463,0.9286,0.92895,1.60,1.00
2009.03.29 23:34:49.903,0.9287,0.92905,1.60,1.00
2009.03.29 23:34:50.772,0.9287,0.929,1.60,1.00
2009.03.29 23:34:52.212,0.92865,0.92895,1.60,1.00
2009.03.29 23:34:52.452,0.9287,0.929,1.60,1.00
2009.03.29 23:34:52.923,0.9287,0.92905,1.60,1.00
2009.03.29 23:35:02.440,0.9287,0.929,1.60,1.00
2009.03.29 23:35:03.159,0.9287,0.92905,1.60,1.00
2009.03.29 23:35:06.839,0.92875,0.92905,1.60,1.00
2009.03.29 23:35:07.068,0.9288,0.9291,1.60,1.00
2009.03.29 23:35:07.588,0.9287,0.92905,1.60,1.00
2009.03.29 23:35:11.367,0.92875,0.92905,1.60,1.00
2009.03.29 23:35:11.937,0.9287,0.929,1.60,1.00
2009.03.29 23:35:29.553,0.92855,0.92885,1.60,1.00
2009.03.29 23:35:32.362,0.9285,0.92875,6.40,1.00
2009.03.29 23:35:34.072,0.9285,0.9287,6.40,1.00
2009.03.29 23:35:34.362,0.92845,0.92865,2.20,1.00
2009.03.29 23:35:35.741,0.9284,0.92865,26.20,1.00
2009.03.29 23:35:36.031,0.9284,0.92865,26.20,1.00
2009.03.29 23:35:37.711,0.9284,0.9286,21.40,1.00
2009.03.29 23:35:38.051,0.9284,0.92855,21.40,1.00
2009.03.29 23:35:38.741,0.9284,0.9286,21.40,1.00
2009.03.29 23:35:39.051,0.9284,0.9286,21.40,1.00
2009.03.29 23:35:39.780,0.9284,0.9286,19.20,2.60
2009.03.29 23:35:40.001,0.92845,0.92865,1.60,2.60
2009.03.29 23:35:40.181,0.9285,0.9287,4.80,4.20
2009.03.29 23:35:40.460,0.9286,0.9288,1.60,3.20
2009.03.29 23:35:40.640,0.9286,0.92885,1.60,1.60
2009.03.29 23:35:40.860,0.92865,0.92915,1.60,2.60
2009.03.29 23:35:41.210,0.92865,0.92925,1.60,3.40
2009.03.29 23:35:41.560,0.9287,0.9292,1.60,2.60
2009.03.29 23:35:41.920,0.92845,0.92885,1.60,1.00
2009.03.29 23:35:42.310,0.92865,0.929,1.60,2.40
2009.03.29 23:35:42.710,0.92865,0.92925,1.60,1.60
2009.03.29 23:35:43.050,0.92865,0.92915,1.60,2.60
2009.03.29 23:35:43.340,0.92855,0.9288,2.20,1.00
2009.03.29 23:35:43.799,0.92845,0.9288,3.20,1.00
2009.03.29 23:35:44.029,0.92845,0.9288,1.60,1.00
2009.03.29 23:35:45.079,0.92845,0.92865,6.20,1.00
2009.03.29 23:35:45.759,0.92855,0.9288,1.40,2.40
2009.03.29 23:35:45.919,0.92855,0.92875,1.40,1.00
2009.03.29 23:35:46.089,0.92855,0.9289,1.40,2.40
2009.03.29 23:35:46.259,0.92855,0.9289,1.40,1.00
2009.03.29 23:35:46.669,0.9286,0.9289,1.40,1.00
2009.03.29 23:35:47.409,0.9286,0.92895,1.40,1.00
2009.03.29 23:35:47.648,0.9286,0.9289,1.40,1.00
2009.03.29 23:35:48.788,0.92855,0.9289,1.00,1.00
2009.03.29 23:35:49.358,0.92855,0.92885,1.60,1.00
2009.03.29 23:35:49.828,0.9286,0.9289,1.60,1.00
2009.03.29 23:35:51.468,0.9286,0.92895,1.60,1.00
2009.03.29 23:35:54.267,0.9286,0.9289,1.60,1.00
2009.03.29 23:35:54.967,0.9286,0.92895,1.60,1.00
2009.03.29 23:35:58.226,0.92865,0.92895,1.60,1.00
2009.03.29 23:35:58.616,0.9286,0.92895,1.60,1.00
2009.03.29 23:35:59.026,0.9286,0.9289,1.60,1.00
2009.03.29 23:35:59.536,0.9286,0.92905,1.60,1.00
2009.03.29 23:35:59.886,0.9286,0.92895,1.60,1.00
2009.03.29 23:36:00.346,0.9286,0.9289,1.60,1.00
2009.03.29 23:36:00.585,0.92865,0.92895,1.60,1.00
2009.03.29 23:36:00.825,0.9286,0.92895,1.60,1.00
2009.03.29 23:36:03.905,0.9286,0.92885,1.60,1.00
2009.03.29 23:36:05.674,0.92855,0.9289,1.40,1.00
2009.03.29 23:36:07.084,0.9286,0.9289,1.40,1.00
2009.03.29 23:36:10.473,0.9286,0.92895,1.60,1.00
2009.03.29 23:36:18.111,0.92855,0.9289,1.60,1.00
2009.03.29 23:36:18.451,0.9286,0.9289,1.60,1.00
2009.03.29 23:36:30.009,0.92855,0.9289,1.60,1.00
2009.03.29 23:36:30.398,0.9286,0.9289,1.60,1.00
2009.03.29 23:36:37.726,0.92855,0.9289,1.60,1.00
2009.03.29 23:37:01.940,0.92855,0.9289,1.60,1.80
2009.03.29 23:37:02.110,0.92855,0.9289,1.60,3.80
2009.03.29 23:37:02.350,0.92855,0.9288,1.60,1.00
2009.03.29 23:37:04.470,0.9285,0.9288,5.40,1.00
2009.03.29 23:37:05.989,0.9285,0.9288,6.40,1.00
2009.03.29 23:37:09.899,0.9285,0.9288,6.40,1.00
2009.03.29 23:37:10.708,0.9285,0.9288,6.40,1.00
2009.03.29 23:37:15.118,0.9285,0.9288,6.40,1.00
2009.03.29 23:37:24.175,0.9285,0.9288,6.40,1.00
2009.03.29 23:37:26.185,0.92855,0.9288,1.60,1.00
2009.03.29 23:37:29.644,0.9286,0.92885,1.60,1.00
2009.03.29 23:37:35.482,0.92855,0.92885,1.60,1.00
2009.03.29 23:37:35.772,0.92855,0.9288,1.60,1.00
2009.03.29 23:37:38.312,0.9285,0.9288,6.40,1.00
2009.03.29 23:37:45.350,0.92855,0.9288,1.60,1.00
2009.03.29 23:37:53.758,0.9285,0.9288,6.40,1.00
2009.03.29 23:37:54.088,0.92855,0.9288,1.60,1.00
2009.03.29 23:38:05.005,0.9285,0.9288,6.40,1.00
2009.03.29 23:38:14.613,0.9285,0.9288,6.80,1.00
2009.03.29 23:38:17.342,0.9285,0.9288,6.40,1.00
2009.03.29 23:38:17.612,0.9285,0.92875,6.40,1.00
2009.03.29 23:38:18.412,0.9285,0.9288,6.20,1.00
2009.03.29 23:38:19.452,0.9285,0.9287,6.40,1.00
2009.03.29 23:38:20.152,0.9285,0.92875,6.40,1.00
2009.03.29 23:38:20.582,0.9285,0.9288,6.80,1.00
2009.03.29 23:38:25.470,0.9285,0.92875,6.80,1.00
2009.03.29 23:38:36.338,0.9285,0.9287,6.40,1.00
2009.03.29 23:38:50.275,0.9285,0.9287,4.80,1.00
2009.03.29 23:38:59.352,0.92845,0.9287,1.60,1.00
2009.03.29 23:38:59.522,0.92845,0.9287,6.20,1.00
2009.03.29 23:38:59.692,0.92855,0.92875,1.40,1.00
2009.03.29 23:38:59.982,0.92855,0.9288,1.40,1.00
2009.03.29 23:39:00.482,0.92855,0.92885,1.40,1.00
2009.03.29 23:39:01.372,0.9285,0.9288,6.20,1.00
2009.03.29 23:39:02.461,0.9285,0.92875,6.20,1.00
2009.03.29 23:39:07.460,0.9285,0.9288,6.40,1.00
2009.03.29 23:39:10.509,0.9285,0.92875,6.40,1.00
2009.03.29 23:39:14.169,0.9285,0.9288,6.40,1.00
2009.03.29 23:39:21.837,0.9285,0.92875,6.40,1.00
2009.03.29 23:39:32.564,0.9285,0.9288,6.40,1.00
2009.03.29 23:39:32.794,0.9285,0.92875,6.40,1.00
2009.03.29 23:39:36.083,0.9285,0.92875,1.60,1.00
2009.03.29 23:39:36.253,0.9285,0.9287,1.60,1.00
2009.03.29 23:39:37.873,0.9285,0.9288,6.40,1.00
2009.03.29 23:39:39.792,0.9285,0.9288,6.40,1.00
2009.03.29 23:39:52.449,0.9285,0.9288,8.60,1.00
2009.03.29 23:39:52.559,0.92865,0.9289,6.40,1.00
2009.03.29 23:39:52.739,0.92865,0.9289,9.60,1.00
2009.03.29 23:39:53.349,0.92865,0.9289,10.20,1.00
2009.03.29 23:39:54.339,0.9287,0.92895,10.20,1.00
2009.03.29 23:39:56.418,0.92875,0.92895,4.80,1.00
2009.03.29 23:39:56.538,0.92875,0.92895,6.40,1.00
2009.03.29 23:39:58.098,0.9287,0.9289,11.80,1.00
2009.03.29 23:39:58.728,0.9287,0.9289,10.20,1.00
2009.03.29 23:40:03.657,0.92875,0.9289,4.80,1.00
2009.03.29 23:40:04.726,0.92875,0.92895,6.40,1.00
2009.03.29 23:40:15.884,0.92875,0.92895,4.80,1.00
2009.03.29 23:40:16.114,0.92875,0.92895,6.40,1.00
2009.03.29 23:40:26.321,0.9288,0.92905,6.40,1.80
2009.03.29 23:40:26.831,0.9288,0.92905,6.40,1.00
2009.03.29 23:40:31.020,0.9288,0.929,1.60,1.00
2009.03.29 23:40:31.200,0.9288,0.92905,1.60,2.80
2009.03.29 23:40:31.360,0.9288,0.92895,2.20,1.00
2009.03.29 23:40:31.650,0.9287,0.92895,8.00,1.00
2009.03.29 23:40:32.390,0.9287,0.92895,11.20,1.00
2009.03.29 23:40:33.769,0.9288,0.92895,4.80,1.00
2009.03.29 23:40:33.879,0.9288,0.929,5.40,1.00
2009.03.29 23:40:34.059,0.9288,0.92905,5.40,1.00
2009.03.29 23:40:35.929,0.9288,0.92905,1.00,1.20
2009.03.29 23:40:36.049,0.92875,0.92895,5.40,1.00
2009.03.29 23:40:36.269,0.9288,0.92895,4.80,1.00
2009.03.29 23:40:36.429,0.9288,0.929,5.40,1.00
2009.03.29 23:40:39.678,0.9288,0.92905,6.40,1.00
2009.03.29 23:40:50.695,0.9288,0.9291,6.20,1.00
2009.03.29 23:40:54.744,0.92885,0.9291,1.40,1.00
2009.03.29 23:40:55.924,0.9288,0.9291,6.40,1.00
2009.03.29 23:40:57.244,0.92885,0.9291,1.60,1.00
2009.03.29 23:40:57.534,0.9288,0.9291,6.40,1.00
2009.03.29 23:40:59.033,0.92885,0.9291,1.60,1.00
2009.03.29 23:41:01.443,0.9288,0.9291,6.40,1.00
2009.03.29 23:41:10.871,0.9288,0.92905,6.40,1.00
2009.03.29 23:41:13.080,0.9288,0.9291,6.40,1.00
2009.03.29 23:41:14.649,0.9288,0.92905,6.40,1.00
2009.03.29 23:41:20.908,0.9288,0.9291,6.40,1.00
2009.03.29 23:41:23.717,0.9288,0.929,6.40,1.00
2009.03.29 23:41:23.957,0.9288,0.929,7.00,1.00
2009.03.29 23:41:24.507,0.9288,0.929,6.40,1.00
2009.03.29 23:41:34.225,0.9288,0.929,1.60,1.00
2009.03.29 23:41:36.944,0.92875,0.929,6.40,1.00
2009.03.29 23:41:40.014,0.9288,0.9289,4.80,1.00
2009.03.29 23:41:40.124,0.92875,0.9289,2.20,1.00
2009.03.29 23:41:40.413,0.92865,0.9289,1.60,1.00
2009.03.29 23:41:40.703,0.9286,0.9289,2.00,1.00
2009.03.29 23:41:48.551,0.92865,0.9289,1.00,1.00
2009.03.29 23:41:48.721,0.9287,0.92895,1.60,1.00
2009.03.29 23:41:50.531,0.9287,0.92895,6.40,1.00
2009.03.29 23:41:50.701,0.92875,0.929,1.60,1.00
2009.03.29 23:41:52.291,0.9287,0.92895,6.40,1.00
2009.03.29 23:41:53.090,0.9287,0.9289,1.60,1.00
2009.03.29 23:41:54.130,0.9287,0.9289,1.60,2.20
2009.03.29 23:41:54.370,0.9286,0.9288,8.60,1.00
2009.03.29 23:41:54.550,0.9286,0.9288,8.00,1.00
2009.03.29 23:41:54.780,0.9286,0.9288,10.20,1.00
2009.03.29 23:41:54.950,0.9286,0.9288,5.40,1.00
2009.03.29 23:41:55.360,0.9286,0.9288,3.20,1.00
2009.03.29 23:41:57.189,0.9286,0.9288,5.40,1.00
2009.03.29 23:42:11.646,0.9286,0.92875,5.40,1.00
2009.03.29 23:42:32.401,0.9286,0.9288,5.40,1.00
2009.03.29 23:42:40.939,0.9286,0.9288,10.20,1.00
2009.03.29 23:42:41.169,0.9286,0.9288,9.60,1.00
2009.03.29 23:42:41.348,0.9286,0.9288,10.20,1.00
2009.03.29 23:42:45.807,0.9287,0.9289,1.60,3.20
2009.03.29 23:42:45.927,0.9287,0.9289,1.60,1.00
2009.03.29 23:42:46.147,0.92865,0.9289,7.00,1.00
2009.03.29 23:42:46.548,0.9286,0.92885,8.00,1.00
2009.03.29 23:42:47.297,0.9286,0.92885,9.60,1.00
2009.03.29 23:42:47.587,0.92865,0.92885,1.60,1.00
2009.03.29 23:42:48.257,0.9286,0.92885,11.20,1.00
2009.03.29 23:42:53.006,0.92865,0.92885,1.60,1.00
2009.03.29 23:42:53.756,0.92865,0.9289,1.60,1.00
2009.03.29 23:42:54.036,0.9287,0.9289,1.60,1.00
2009.03.29 23:42:54.375,0.9287,0.9289,6.40,1.00
2009.03.29 23:42:54.495,0.92865,0.9289,6.40,1.00
2009.03.29 23:42:56.385,0.92865,0.92885,1.60,1.00
2009.03.29 23:43:01.424,0.9286,0.9288,11.80,1.00
2009.03.29 23:43:08.412,0.9286,0.9288,10.20,1.00
2009.03.29 23:43:27.778,0.9286,0.92885,10.20,1.00
2009.03.29 23:43:29.337,0.9286,0.92875,5.40,1.00
2009.03.29 23:43:30.877,0.9286,0.92875,3.20,1.00
2009.03.29 23:43:32.276,0.9286,0.92875,5.40,1.00
2009.03.29 23:43:35.465,0.9286,0.9289,5.40,3.40
2009.03.29 23:43:36.155,0.9286,0.9289,5.40,5.40
2009.03.29 23:43:36.335,0.9286,0.9289,5.40,2.00
2009.03.29 23:43:36.496,0.9286,0.92875,10.20,1.00
2009.03.29 23:43:36.656,0.9286,0.92875,5.40,1.00
2009.03.29 23:43:37.115,0.9286,0.9288,10.20,1.00
2009.03.29 23:43:37.455,0.9286,0.9288,8.00,1.00
2009.03.29 23:43:37.785,0.9286,0.9288,10.20,1.00
2009.03.29 23:43:39.375,0.92865,0.9288,4.80,1.00
2009.03.29 23:43:39.555,0.9287,0.9289,6.40,1.00
2009.03.29 23:43:40.404,0.9287,0.92885,4.80,1.00
2009.03.29 23:43:42.464,0.9287,0.92895,6.40,1.00
2009.03.29 23:43:44.883,0.9287,0.92895,6.80,1.00
2009.03.29 23:43:45.043,0.92875,0.929,1.40,1.00
2009.03.29 23:43:45.263,0.9287,0.929,6.80,1.00
2009.03.29 23:43:45.383,0.9287,0.929,6.20,1.00
2009.03.29 23:43:47.023,0.9287,0.929,1.40,2.80
2009.03.29 23:43:47.263,0.9287,0.929,1.40,3.80
2009.03.29 23:43:47.502,0.92865,0.92885,8.60,1.00
2009.03.29 23:43:47.742,0.92865,0.92885,7.00,1.00
2009.03.29 23:43:48.962,0.92865,0.92885,6.40,1.00
2009.03.29 23:43:50.252,0.9287,0.92885,4.80,1.00
2009.03.29 23:43:50.372,0.9287,0.9289,6.40,1.00
2009.03.29 23:43:52.192,0.9287,0.92895,6.40,1.00
2009.03.29 23:43:54.591,0.9287,0.929,6.40,1.00
2009.03.29 23:43:54.771,0.9287,0.929,6.80,1.00
2009.03.29 23:44:01.730,0.92875,0.929,1.60,1.00
2009.03.29 23:44:01.969,0.92875,0.929,2.00,1.00
2009.03.29 23:44:04.809,0.92875,0.92905,2.00,1.00
2009.03.29 23:44:07.448,0.92875,0.92905,1.60,1.00
2009.03.29 23:44:08.297,0.92875,0.929,1.60,1.00
2009.03.29 23:44:18.975,0.92875,0.92905,1.60,1.00
2009.03.29 23:44:22.954,0.9288,0.9291,1.60,1.00
2009.03.29 23:44:23.174,0.9289,0.9292,2.00,1.00
2009.03.29 23:44:23.404,0.9289,0.92925,2.00,1.60
2009.03.29 23:44:23.634,0.9289,0.9294,2.00,7.60
2009.03.29 23:44:24.084,0.9289,0.9294,2.00,3.40
2009.03.29 23:44:27.023,0.9289,0.92935,2.00,2.60
2009.03.29 23:44:27.243,0.9289,0.9294,2.00,3.40
2009.03.29 23:44:30.752,0.9289,0.9294,1.20,3.40
2009.03.29 23:44:32.092,0.92895,0.9294,1.00,3.40
2009.03.29 23:44:36.231,0.92895,0.9294,1.00,1.00
2009.03.29 23:44:37.310,0.929,0.92945,1.00,1.00
2009.03.29 23:44:38.031,0.929,0.92945,1.00,3.40
2009.03.29 23:44:38.540,0.92895,0.92945,1.00,3.40
2009.03.29 23:44:44.159,0.9289,0.92945,2.00,1.00
2009.03.29 23:44:45.969,0.92895,0.92945,1.60,1.00
2009.03.29 23:44:55.087,0.92895,0.92945,2.00,1.00
2009.03.29 23:44:55.526,0.92895,0.9295,2.00,1.00
2009.03.29 23:44:56.526,0.929,0.9295,1.40,1.00
2009.03.29 23:44:58.256,0.92895,0.92945,1.00,1.00
2009.03.29 23:44:58.495,0.92895,0.92945,1.00,1.00
2009.03.29 23:45:01.675,0.92885,0.9293,1.60,1.00
2009.03.29 23:45:02.615,0.929,0.92945,1.60,1.00
2009.03.29 23:45:04.714,0.92905,0.9295,1.00,1.00
2009.03.29 23:45:07.843,0.9291,0.9295,1.00,1.00
2009.03.29 23:45:08.463,0.92905,0.9295,1.00,1.00
2009.03.29 23:45:08.973,0.929,0.92945,1.00,1.00
2009.03.29 23:45:10.592,0.9289,0.92935,1.60,1.00
2009.03.29 23:45:10.952,0.9289,0.9293,1.40,1.00
2009.03.29 23:45:11.522,0.92885,0.92925,1.40,1.00
2009.03.29 23:45:12.782,0.9289,0.9293,1.40,1.00
2009.03.29 23:45:16.541,0.92885,0.92925,1.60,1.00
2009.03.29 23:45:19.400,0.9288,0.92925,2.00,1.00
2009.03.29 23:45:20.140,0.92885,0.92915,1.60,1.00
2009.03.29 23:45:20.370,0.9288,0.92925,1.60,1.00
2009.03.29 23:45:21.860,0.92885,0.92915,1.60,1.00
2009.03.29 23:45:30.958,0.92885,0.92925,1.60,1.00
2009.03.29 23:45:31.128,0.9289,0.9293,1.60,1.00
2009.03.29 23:45:34.337,0.9289,0.92935,1.60,1.00
2009.03.29 23:45:34.957,0.92895,0.92935,1.60,1.00
2009.03.29 23:45:35.587,0.929,0.9294,1.60,1.00
2009.03.29 23:45:37.996,0.929,0.92945,1.60,1.00
2009.03.29 23:45:46.094,0.929,0.9294,1.60,1.00
2009.03.29 23:45:51.223,0.929,0.92945,1.60,1.00
2009.03.29 23:45:52.742,0.929,0.9294,1.60,1.00
2009.03.29 23:45:53.132,0.92895,0.92935,1.60,1.00
2009.03.29 23:45:53.522,0.929,0.9294,1.60,1.00
2009.03.29 23:45:57.771,0.9289,0.92935,1.60,1.00
2009.03.29 23:46:03.250,0.92895,0.92935,1.60,1.00
2009.03.29 23:46:03.610,0.929,0.9294,1.60,1.00
2009.03.29 23:46:04.490,0.92905,0.9294,1.60,1.00
2009.03.29 23:46:06.669,0.92895,0.92935,1.60,1.00
2009.03.29 23:46:06.939,0.929,0.9294,1.60,1.00
2009.03.29 23:46:07.109,0.9289,0.9293,1.60,1.00
2009.03.29 23:46:07.439,0.9289,0.92935,1.60,1.00
2009.03.29 23:46:08.519,0.9289,0.9293,1.60,1.00
2009.03.29 23:46:08.918,0.92885,0.92925,1.60,1.00
2009.03.29 23:46:11.328,0.9288,0.92925,1.60,1.00
2009.03.29 23:46:11.558,0.92885,0.92925,1.60,1.00
2009.03.29 23:46:17.827,0.92885,0.9292,1.60,1.00
2009.03.29 23:46:26.274,0.92885,0.92915,1.60,1.00
2009.03.29 23:46:26.904,0.92885,0.9292,1.60,1.00
2009.03.29 23:46:32.323,0.929,0.9293,1.60,1.00
2009.03.29 23:46:33.013,0.9288,0.9292,3.20,1.00
2009.03.29 23:46:33.412,0.92885,0.9292,1.60,1.00
2009.03.29 23:46:33.813,0.9288,0.9292,1.60,1.00
2009.03.29 23:46:42.360,0.9289,0.9292,1.60,1.00
2009.03.29 23:47:33.378,0.92885,0.92915,1.60,1.00
2009.03.29 23:47:35.497,0.9288,0.92915,1.60,1.00
2009.03.29 23:47:38.067,0.9288,0.9291,1.60,1.00
2009.03.29 23:47:53.923,0.92875,0.9291,1.60,1.00
2009.03.29 23:47:54.213,0.9288,0.9291,4.80,1.00
2009.03.29 23:47:54.373,0.92895,0.9292,1.60,1.00
2009.03.29 23:47:54.553,0.9288,0.9291,1.60,1.00
2009.03.29 23:47:56.602,0.92875,0.92905,1.60,1.00
2009.03.29 23:47:57.122,0.92875,0.929,1.60,1.00
2009.03.29 23:47:57.302,0.92875,0.92905,1.60,1.00
2009.03.29 23:48:01.111,0.92875,0.929,1.60,1.00
2009.03.29 23:48:04.501,0.92875,0.92905,1.60,1.00
2009.03.29 23:48:06.450,0.92875,0.929,1.60,1.00
2009.03.29 23:48:06.840,0.92875,0.9291,1.60,1.00
2009.03.29 23:48:11.819,0.92875,0.92905,1.60,1.00
2009.03.29 23:48:13.488,0.92875,0.9291,1.60,1.00
2009.03.29 23:48:14.858,0.9289,0.92915,1.60,1.00
2009.03.29 23:48:15.268,0.9289,0.92915,1.60,1.20
2009.03.29 23:48:15.448,0.92875,0.92905,1.60,1.00
2009.03.29 23:48:16.709,0.9288,0.9291,1.60,1.00
2009.03.29 23:48:17.048,0.92885,0.9291,1.60,1.00
2009.03.29 23:48:22.066,0.9288,0.9291,1.60,1.00
2009.03.29 23:49:21.882,0.9287,0.92925,4.80,4.60
2009.03.29 23:49:43.327,0.92875,0.9291,1.60,1.00
2009.03.29 23:49:43.797,0.92875,0.92915,1.60,1.00
2009.03.29 23:50:09.990,0.92875,0.9291,2.00,1.00
2009.03.29 23:50:10.220,0.9288,0.9291,1.60,1.00
2009.03.29 23:50:25.367,0.92875,0.9291,2.00,1.00
2009.03.29 23:50:25.477,0.92875,0.9291,1.60,1.00
2009.03.29 23:50:33.554,0.92885,0.9291,4.80,1.00
2009.03.29 23:50:34.644,0.92895,0.9292,1.60,1.00
2009.03.29 23:50:40.433,0.92895,0.9292,6.40,1.00
2009.03.29 23:50:40.543,0.929,0.9292,1.60,1.00
2009.03.29 23:50:51.450,0.9291,0.9293,1.60,1.00
2009.03.29 23:50:53.979,0.9291,0.9293,6.40,1.00
2009.03.29 23:50:54.440,0.92915,0.9294,1.60,1.00
2009.03.29 23:50:57.599,0.9292,0.92945,1.00,1.00
2009.03.29 23:50:59.798,0.92925,0.92945,1.20,1.00
2009.03.29 23:51:00.088,0.9292,0.92945,1.20,1.00
2009.03.29 23:51:00.598,0.9293,0.92955,1.00,1.00
2009.03.29 23:51:01.178,0.9294,0.9296,1.00,1.00
2009.03.29 23:51:01.468,0.9294,0.9297,1.00,3.20
2009.03.29 23:51:01.698,0.9294,0.92975,1.00,2.40
2009.03.29 23:51:01.978,0.9294,0.92975,1.00,1.00
2009.03.29 23:51:02.468,0.92925,0.92975,3.40,1.00
2009.03.29 23:51:04.867,0.9292,0.92975,9.40,3.40
2009.03.29 23:51:05.147,0.9293,0.9296,1.60,1.00
2009.03.29 23:51:06.766,0.9294,0.9297,1.60,3.40
2009.03.29 23:51:06.827,0.9294,0.9297,1.60,2.40
2009.03.29 23:51:07.466,0.9294,0.9297,1.60,1.00
2009.03.29 23:51:07.746,0.9294,0.92975,1.00,1.00
2009.03.29 23:51:09.276,0.9294,0.9296,1.00,2.00
2009.03.29 23:51:10.725,0.92925,0.9295,1.00,1.00
2009.03.29 23:51:20.943,0.92925,0.92945,1.60,1.00
2009.03.29 23:51:47.077,0.9292,0.9294,1.60,1.00
2009.03.29 23:51:47.357,0.92915,0.92935,1.60,1.00
2009.03.29 23:51:47.746,0.92915,0.9294,1.60,1.00
2009.03.29 23:51:48.256,0.9291,0.9293,1.60,1.00
2009.03.29 23:51:49.956,0.92915,0.9294,1.60,1.00
2009.03.29 23:51:50.466,0.9292,0.9294,1.60,1.00
2009.03.29 23:51:56.225,0.92925,0.92945,1.60,1.00
2009.03.29 23:52:01.114,0.92925,0.92945,1.60,2.80
2009.03.29 23:52:01.223,0.92915,0.9294,1.60,1.00
2009.03.29 23:52:12.061,0.92915,0.92935,1.60,1.00
2009.03.29 23:52:12.570,0.9291,0.9293,1.60,1.00
2009.03.29 23:52:13.021,0.92905,0.9293,1.60,1.00
2009.03.29 23:52:13.351,0.9291,0.9293,1.60,1.00
2009.03.29 23:52:13.641,0.92915,0.9294,1.60,1.80
2009.03.29 23:52:13.990,0.92915,0.9294,1.60,1.00
2009.03.29 23:52:15.700,0.92925,0.92945,1.60,3.20
2009.03.29 23:52:15.820,0.92925,0.92945,1.60,1.80
2009.03.29 23:52:16.000,0.92925,0.92945,1.60,1.00
2009.03.29 23:52:28.897,0.92925,0.92945,1.60,1.20
2009.03.29 23:52:29.117,0.92915,0.92935,1.60,1.00
2009.03.29 23:52:29.467,0.9291,0.9293,1.60,1.00
2009.03.29 23:52:29.766,0.92915,0.92935,1.60,1.00
2009.03.29 23:52:29.937,0.92925,0.92945,1.60,1.00
2009.03.29 23:52:40.574,0.92925,0.9295,1.60,1.00
2009.03.29 23:52:55.930,0.9293,0.92955,1.40,1.00
2009.03.29 23:52:56.280,0.92925,0.9295,1.40,1.00
2009.03.29 23:52:58.849,0.92925,0.9295,6.20,1.00
2009.03.29 23:52:59.479,0.9293,0.92955,1.60,1.00
2009.03.29 23:53:00.929,0.9293,0.92955,6.40,1.00
2009.03.29 23:53:01.169,0.9293,0.92955,1.60,1.00
2009.03.29 23:53:12.116,0.92935,0.92955,1.60,1.00
2009.03.29 23:53:14.246,0.9293,0.92955,1.60,1.00
2009.03.29 23:53:14.815,0.92925,0.9295,1.60,1.00
2009.03.29 23:53:24.683,0.9293,0.92955,1.60,1.00
2009.03.29 23:53:32.751,0.9294,0.92955,4.80,1.00
2009.03.29 23:53:33.041,0.9294,0.92955,8.00,1.00
2009.03.29 23:53:34.291,0.9294,0.9296,9.60,1.00
2009.03.29 23:53:39.040,0.9294,0.92965,9.60,1.00
2009.03.29 23:53:41.359,0.92945,0.92965,6.20,1.00
2009.03.29 23:53:41.909,0.92945,0.92965,1.40,1.00
2009.03.29 23:53:42.149,0.9294,0.92965,8.80,1.00
2009.03.29 23:53:43.409,0.9294,0.9296,8.80,1.00
2009.03.29 23:53:51.647,0.92945,0.9296,4.80,1.00
2009.03.29 23:53:51.927,0.92945,0.92965,4.80,1.00
2009.03.29 23:53:52.556,0.9294,0.92965,9.60,1.00
2009.03.29 23:53:52.727,0.9294,0.9296,9.60,1.00
2009.03.29 23:53:52.966,0.9294,0.92965,9.60,1.00
2009.03.29 23:53:56.756,0.9294,0.92965,4.80,1.00
2009.03.29 23:53:56.806,0.9294,0.9296,4.80,1.00
2009.03.29 23:53:58.325,0.9294,0.9296,5.40,1.00
2009.03.29 23:53:58.555,0.9294,0.92965,10.20,1.00
2009.03.29 23:54:00.834,0.92945,0.92965,4.80,1.00
2009.03.29 23:54:01.064,0.92945,0.92965,6.40,1.00
2009.03.29 23:54:01.644,0.92945,0.92965,6.20,1.00
2009.03.29 23:54:15.431,0.92945,0.9297,6.40,1.00
2009.03.29 23:54:20.010,0.9295,0.9297,1.20,1.00
2009.03.29 23:54:22.029,0.92945,0.9297,6.20,1.00
2009.03.29 23:54:22.709,0.9295,0.9297,1.40,1.00
2009.03.29 23:54:23.069,0.9295,0.92975,6.00,1.00
2009.03.29 23:54:26.488,0.9295,0.9297,5.20,1.00
2009.03.29 23:54:43.205,0.9295,0.92965,4.80,1.00
2009.03.29 23:54:43.264,0.92945,0.92965,6.40,1.00
2009.03.29 23:54:43.324,0.92945,0.92965,7.00,1.00
2009.03.29 23:54:43.724,0.92945,0.92965,6.40,1.00
2009.03.29 23:55:10.738,0.92945,0.9297,6.40,1.00
2009.03.29 23:55:14.187,0.92945,0.92965,6.40,1.00
2009.03.29 23:55:22.625,0.92945,0.92965,1.60,1.00
2009.03.29 23:55:22.745,0.9294,0.92965,10.20,1.00
2009.03.29 23:55:23.195,0.9294,0.9296,9.60,1.00
2009.03.29 23:55:24.634,0.92935,0.9295,1.60,1.00
2009.03.29 23:55:24.875,0.9293,0.9295,1.60,1.00
2009.03.29 23:55:25.274,0.92925,0.9295,1.60,1.00
2009.03.29 23:55:27.683,0.92925,0.9295,1.60,1.20
2009.03.29 23:55:27.864,0.9292,0.9295,1.60,1.20
2009.03.29 23:55:35.132,0.9292,0.92945,1.60,1.00
2009.03.29 23:55:38.101,0.92925,0.9295,1.60,1.20
2009.03.29 23:55:39.121,0.9293,0.9295,1.60,1.00
2009.03.29 23:55:43.520,0.9292,0.92945,7.20,1.00
2009.03.29 23:55:43.580,0.9292,0.92945,2.40,1.00
2009.03.29 23:55:43.640,0.9292,0.92945,1.60,1.00
2009.03.29 23:55:43.879,0.9291,0.9294,3.20,1.00
2009.03.29 23:55:44.169,0.92905,0.9294,3.20,1.00
2009.03.29 23:55:44.609,0.92905,0.9294,1.60,1.00
2009.03.29 23:55:52.667,0.9292,0.9295,1.60,1.80
2009.03.29 23:55:52.888,0.9292,0.9295,1.60,2.80
2009.03.29 23:55:53.047,0.929,0.9294,3.20,1.00
2009.03.29 23:55:53.507,0.929,0.9294,1.60,1.00
2009.03.29 23:55:53.617,0.92895,0.9294,1.60,1.00
2009.03.29 23:56:05.914,0.92915,0.9294,1.60,1.00
2009.03.29 23:56:07.114,0.92915,0.92945,1.60,1.00
2009.03.29 23:56:07.744,0.9292,0.92945,1.60,1.00
2009.03.29 23:56:08.194,0.9292,0.9295,1.60,1.20
2009.03.29 23:56:08.844,0.92925,0.9295,1.60,1.20
2009.03.29 23:56:09.403,0.9293,0.9295,1.60,1.20
2009.03.29 23:56:09.854,0.92935,0.92955,1.60,1.00
2009.03.29 23:56:10.233,0.92935,0.92955,1.60,1.20
2009.03.29 23:56:10.593,0.9293,0.92955,1.60,1.20
2009.03.29 23:56:14.372,0.92925,0.9295,1.60,1.20
2009.03.29 23:56:32.758,0.9293,0.9295,1.60,1.00
2009.03.29 23:56:32.988,0.9293,0.92955,1.60,2.20
2009.03.29 23:56:33.108,0.9293,0.92955,1.60,1.20
2009.03.29 23:56:36.517,0.9293,0.92955,1.60,1.00
2009.03.29 23:56:36.637,0.92945,0.9296,1.60,1.60
2009.03.29 23:56:36.877,0.92945,0.92965,1.60,1.60
2009.03.29 23:56:37.157,0.92945,0.92975,1.60,1.00
2009.03.29 23:56:42.145,0.92945,0.9298,1.60,1.00
2009.03.29 23:56:46.324,0.9293,0.9296,1.60,1.00
2009.03.29 23:56:46.545,0.9293,0.9296,1.60,1.20
2009.03.29 23:56:47.114,0.92925,0.9296,1.60,1.20
2009.03.29 23:56:47.564,0.9292,0.9295,1.60,1.20
2009.03.29 23:56:48.824,0.9292,0.92945,1.60,1.00
2009.03.29 23:56:49.804,0.92915,0.92945,1.60,1.00
2009.03.29 23:56:51.783,0.9292,0.92945,1.60,1.00
2009.03.29 23:56:54.772,0.9292,0.9295,6.40,1.20
2009.03.29 23:57:11.949,0.92925,0.9295,1.60,1.20
2009.03.29 23:57:12.119,0.9293,0.9295,1.60,1.20
2009.03.29 23:57:45.070,0.9293,0.92955,1.60,1.20
2009.03.29 23:57:51.649,0.92935,0.92955,1.60,1.20
2009.03.29 23:57:57.067,0.9293,0.9295,1.60,1.00
2009.03.29 23:58:00.656,0.9293,0.92955,1.60,1.20
2009.03.29 23:58:04.246,0.9293,0.92955,1.60,1.00
2009.03.29 23:58:04.356,0.92935,0.92955,1.60,1.00
2009.03.29 23:58:12.364,0.92935,0.92955,1.60,1.20
2009.03.29 23:58:12.544,0.9293,0.92955,1.60,1.20
2009.03.29 23:58:15.023,0.9293,0.92955,1.60,1.00
2009.03.29 23:58:15.193,0.92935,0.92955,1.60,1.00
2009.03.29 23:58:18.552,0.92935,0.9296,1.60,6.00
2009.03.29 23:58:18.722,0.92935,0.9296,1.60,5.60
2009.03.29 23:58:19.112,0.92935,0.9296,1.60,4.00
2009.03.29 23:58:35.848,0.92935,0.9296,3.20,4.00
2009.03.29 23:58:36.188,0.92935,0.9296,8.00,4.00
2009.03.29 23:58:37.277,0.9294,0.9296,1.60,3.20
2009.03.29 23:58:53.464,0.9294,0.9296,1.60,4.00
2009.03.29 23:59:08.910,0.92935,0.92955,1.60,1.00
2009.03.29 23:59:21.467,0.9293,0.92955,1.60,1.00
2009.03.29 23:59:24.626,0.9293,0.92955,1.60,1.20
2009.03.29 23:59:24.906,0.9293,0.9295,1.60,1.20
2009.03.29 23:59:25.676,0.92925,0.9295,1.60,1.20
2009.03.29 23:59:36.983,0.9292,0.92945,1.60,1.00
2009.03.29 23:59:38.193,0.92915,0.9294,1.60,1.00
2009.03.29 23:59:39.123,0.9291,0.9294,1.60,1.00
2009.03.29 23:59:42.882,0.9291,0.92935,1.60,1.00
2009.03.29 23:59:59.698,0.92895,0.92945,7.60,3.00
