2008.10.13 21:00:00.114,0.78315,0.7833,14.10,7.20
2008.10.13 21:00:00.226,0.78315,0.7833,12.20,7.20
2008.10.13 21:00:00.394,0.78315,0.7834,13.70,6.34
2008.10.13 21:00:01.458,0.78315,0.7834,7.30,1.60
2008.10.13 21:00:01.850,0.783,0.78335,7.30,1.20
2008.10.13 21:00:02.410,0.7831,0.7834,7.30,1.60
2008.10.13 21:00:02.746,0.78315,0.7834,7.00,1.60
2008.10.13 21:00:03.082,0.7833,0.7834,7.30,1.60
2008.10.13 21:00:04.594,0.78335,0.7834,7.00,1.60
2008.10.13 21:00:04.650,0.78335,0.7834,7.30,1.60
2008.10.13 21:00:04.762,0.7834,0.78375,7.70,0.90
2008.10.13 21:00:04.818,0.7834,0.78375,7.30,0.90
2008.10.13 21:00:07.562,0.7834,0.78385,7.30,1.20
2008.10.13 21:00:08.066,0.7833,0.78375,7.00,1.20
2008.10.13 21:00:10.082,0.7834,0.78365,7.80,1.20
2008.10.13 21:00:10.418,0.7834,0.78375,7.30,1.20
2008.10.13 21:00:10.754,0.78345,0.7838,7.30,1.20
2008.10.13 21:00:13.050,0.78335,0.7837,7.30,1.20
2008.10.13 21:00:17.866,0.7832,0.78355,7.30,1.20
2008.10.13 21:00:20.890,0.78335,0.7837,7.30,1.20
2008.10.13 21:00:21.114,0.7832,0.78355,7.30,1.20
2008.10.13 21:00:21.338,0.78335,0.7837,7.30,1.20
2008.10.13 21:00:25.262,0.78335,0.7837,4.00,1.20
2008.10.13 21:01:02.214,0.78294,0.7832,67.00,66.50
2008.10.13 21:01:05.146,0.78298,0.78323,32.40,21.40
2008.10.13 21:01:05.426,0.78302,0.78327,109.00,87.80
2008.10.13 21:01:07.050,0.78302,0.78327,74.30,39.50
2008.10.13 21:01:07.162,0.78304,0.78329,117.80,122.30
2008.10.13 21:01:07.274,0.78309,0.78329,114.60,40.70
2008.10.13 21:01:07.441,0.7831,0.7833,34.10,20.70
2008.10.13 21:01:09.962,0.78312,0.78332,31.20,21.70
2008.10.13 21:01:12.594,0.78311,0.78331,44.00,78.00
2008.10.13 21:01:13.154,0.78309,0.78329,344.20,32.10
2008.10.13 21:01:14.722,0.78303,0.78318,67.00,66.50
2008.10.13 21:01:15.114,0.78295,0.7831,370.00,35.10
2008.10.13 21:01:15.286,0.7829,0.78304,147.30,131.90
2008.10.13 21:01:18.198,0.78292,0.78307,95.20,43.40
2008.10.13 21:01:18.310,0.78297,0.78312,34.00,21.70
2008.10.13 21:01:27.161,0.78302,0.78317,104.20,149.00
2008.10.13 21:01:28.682,0.78308,0.78318,73.40,58.30
2008.10.13 21:01:30.646,0.78308,0.78328,97.40,152.00
2008.10.13 21:01:30.758,0.7831,0.7833,36.40,99.30
2008.10.13 21:01:37.646,0.78309,0.78334,70.60,34.60
2008.10.13 21:01:39.830,0.78313,0.78338,67.50,70.20
2008.10.13 21:01:39.942,0.78324,0.78339,104.20,149.00
2008.10.13 21:01:41.229,0.7833,0.78345,117.80,122.30
2008.10.13 21:01:42.014,0.78335,0.78355,31.40,73.60
2008.10.13 21:01:48.118,0.78344,0.78359,190.70,189.20
2008.10.13 21:01:51.317,0.78354,0.78364,50.20,110.70
2008.10.13 21:01:54.174,0.78359,0.78374,33.60,217.60
2008.10.13 21:01:54.734,0.78367,0.78371,36.80,78.00
2008.10.13 21:02:00.983,0.7834,0.7836,33.30,22.40
2008.10.13 21:02:01.151,0.78344,0.78359,65.40,133.80
2008.10.13 21:02:01.599,0.78343,0.78358,168.20,147.10
2008.10.13 21:02:01.654,0.7834,0.78355,33.00,20.40
2008.10.13 21:02:04.342,0.7833,0.7836,57.20,62.60
2008.10.13 21:02:04.455,0.78331,0.78356,34.10,20.50
2008.10.13 21:02:04.739,0.7833,0.78355,24.00,61.80
2008.10.13 21:02:05.019,0.78331,0.78356,104.20,149.00
2008.10.13 21:02:05.301,0.78329,0.78354,32.10,90.30
2008.10.13 21:02:06.591,0.78328,0.78353,32.00,22.20
2008.10.13 21:02:06.814,0.78326,0.78351,34.00,21.70
2008.10.13 21:02:07.318,0.78324,0.78349,291.90,45.40
2008.10.13 21:02:07.654,0.78323,0.78348,24.00,61.80
2008.10.13 21:02:21.490,0.7832,0.7835,33.30,20.50
2008.10.13 21:02:21.714,0.78322,0.78352,32.90,21.60
2008.10.13 21:02:30.574,0.78325,0.78355,42.00,78.00
2008.10.13 21:02:30.854,0.78325,0.7836,42.40,98.90
2008.10.13 21:02:31.078,0.78326,0.78361,73.40,58.30
2008.10.13 21:02:34.158,0.78326,0.78361,34.40,21.60
2008.10.13 21:02:36.738,0.78325,0.7836,147.30,131.90
2008.10.13 21:02:37.186,0.78323,0.78358,34.10,20.50
2008.10.13 21:02:37.466,0.78324,0.78359,21.10,52.60
2008.10.13 21:02:37.753,0.78327,0.78362,32.40,21.40
2008.10.13 21:02:38.034,0.78329,0.78364,34.00,21.70
2008.10.13 21:02:38.314,0.78333,0.78363,62.40,84.20
2008.10.13 21:02:38.430,0.78332,0.78362,31.40,73.60
2008.10.13 21:02:38.606,0.78332,0.78362,52.10,99.30
2008.10.13 21:02:38.662,0.78338,0.78358,52.10,99.30
2008.10.13 21:02:38.886,0.78335,0.78365,32.50,20.50
2008.10.13 21:02:38.942,0.78333,0.78368,72.20,51.40
2008.10.13 21:02:40.398,0.78333,0.78368,372.60,37.10
2008.10.13 21:02:40.622,0.78334,0.78364,73.40,58.30
2008.10.13 21:02:40.790,0.78328,0.78363,60.70,81.70
2008.10.13 21:02:41.518,0.78322,0.78357,34.10,20.50
2008.10.13 21:02:41.854,0.78313,0.78348,31.40,73.60
2008.10.13 21:02:41.966,0.78304,0.78334,52.60,80.00
2008.10.13 21:02:42.414,0.78297,0.78333,28.70,145.20
2008.10.13 21:02:43.590,0.783,0.78335,372.60,37.10
2008.10.13 21:02:43.758,0.78311,0.78341,32.40,20.10
2008.10.13 21:02:43.926,0.7832,0.7835,65.13,51.90
2008.10.13 21:02:43.982,0.7833,0.78355,36.80,78.00
2008.10.13 21:02:44.150,0.78335,0.7836,66.60,160.00
2008.10.13 21:02:44.262,0.78334,0.78364,52.60,80.00
2008.10.13 21:02:44.374,0.78332,0.78362,57.20,62.60
2008.10.13 21:02:45.606,0.78331,0.78361,67.00,66.50
2008.10.13 21:02:48.294,0.78326,0.78361,71.50,69.20
2008.10.13 21:02:48.462,0.78326,0.78356,65.80,141.80
2008.10.13 21:02:48.742,0.78322,0.78357,71.50,69.20
2008.10.13 21:02:49.022,0.78324,0.78349,95.20,43.40
2008.10.13 21:02:49.302,0.78321,0.78346,65.13,51.90
2008.10.13 21:02:49.582,0.78317,0.78347,78.20,64.60
2008.10.13 21:02:49.806,0.78315,0.78345,32.40,21.40
2008.10.13 21:02:50.310,0.78315,0.7834,28.70,145.20
2008.10.13 21:02:50.926,0.78311,0.78341,34.00,22.20
2008.10.13 21:02:51.262,0.78313,0.78343,62.40,84.20
2008.10.13 21:02:51.600,0.78317,0.78347,34.40,21.60
2008.10.13 21:02:51.770,0.78319,0.78354,109.00,87.80
2008.10.13 21:02:51.938,0.78322,0.78357,33.30,20.50
2008.10.13 21:02:52.106,0.78325,0.78355,65.80,141.80
2008.10.13 21:02:52.274,0.78324,0.78354,52.10,99.30
2008.10.13 21:02:52.386,0.7832,0.78355,32.50,20.50
2008.10.13 21:02:52.834,0.78321,0.78351,370.00,35.10
2008.10.13 21:02:53.058,0.78323,0.78353,32.50,20.50
2008.10.13 21:02:54.350,0.78328,0.78358,49.60,75.20
2008.10.13 21:02:54.406,0.78334,0.78364,32.40,21.40
2008.10.13 21:02:55.134,0.78341,0.78371,31.40,216.10
2008.10.13 21:02:55.694,0.78343,0.78373,26.40,21.00
2008.10.13 21:02:55.918,0.7834,0.78375,78.20,64.60
2008.10.13 21:02:56.142,0.78338,0.78373,58.20,65.70
2008.10.13 21:02:56.422,0.78338,0.78368,68.50,55.20
2008.10.13 21:02:56.646,0.7834,0.7837,38.00,92.70
2008.10.13 21:02:58.610,0.78344,0.78379,28.70,145.20
2008.10.13 21:02:59.338,0.78358,0.78388,57.20,62.60
2008.10.13 21:02:59.915,0.78373,0.78389,372.60,37.10
2008.10.13 21:03:21.661,0.7832,0.7836,12.60,6.70
2008.10.13 21:03:30.061,0.78315,0.78355,12.60,6.70
2008.10.13 21:03:39.694,0.7831,0.78355,12.80,6.70
2008.10.13 21:03:51.901,0.7831,0.7837,12.80,6.00
2008.10.13 21:04:01.533,0.7832,0.7837,12.60,6.00
2008.10.13 21:04:01.869,0.7832,0.7837,12.80,6.00
2008.10.13 21:04:02.429,0.78315,0.7837,12.80,6.00
2008.10.13 21:04:02.765,0.78305,0.7837,12.80,6.00
2008.10.13 21:04:02.933,0.78305,0.7837,12.80,5.00
2008.10.13 21:04:10.045,0.78305,0.78355,12.80,5.90
2008.10.13 21:04:22.141,0.78305,0.7834,11.20,5.90
2008.10.13 21:04:22.365,0.78295,0.7834,12.90,5.90
2008.10.13 21:04:22.981,0.78295,0.7834,14.50,6.70
2008.10.13 21:04:26.621,0.78295,0.78335,14.90,6.70
2008.10.13 21:04:27.909,0.78295,0.7837,12.70,5.90
2008.10.13 21:04:28.189,0.78295,0.7837,12.30,5.90
2008.10.13 21:04:28.581,0.78295,0.78365,12.30,5.90
2008.10.13 21:04:41.124,0.78295,0.78355,12.90,5.90
2008.10.13 21:04:41.236,0.78295,0.78355,13.30,5.90
2008.10.13 21:04:41.349,0.78295,0.7836,13.30,5.90
2008.10.13 21:04:47.172,0.783,0.78345,13.30,6.70
2008.10.13 21:04:47.452,0.783,0.78345,13.70,6.70
2008.10.13 21:04:49.300,0.78305,0.7835,13.80,6.70
2008.10.13 21:04:49.412,0.78305,0.7834,12.10,6.70
2008.10.13 21:04:49.468,0.78295,0.7834,13.30,6.70
2008.10.13 21:04:49.972,0.783,0.7834,12.10,6.70
2008.10.13 21:04:52.660,0.783,0.78335,12.10,6.70
2008.10.13 21:04:52.941,0.78295,0.78335,13.30,6.70
2008.10.13 21:04:56.804,0.78295,0.7834,13.30,6.70
2008.10.13 21:05:02.180,0.78295,0.7834,80.10,98.60
2008.10.13 21:05:13.716,0.78295,0.7834,79.70,98.60
2008.10.13 21:05:13.828,0.78295,0.78335,79.70,98.60
2008.10.13 21:05:32.700,0.78295,0.78335,78.50,98.60
2008.10.13 21:05:36.116,0.78295,0.78335,77.00,98.60
2008.10.13 21:05:36.284,0.78295,0.78335,76.50,98.60
2008.10.13 21:05:37.460,0.78295,0.78335,77.00,98.60
2008.10.13 21:05:37.628,0.78295,0.78335,78.50,98.60
2008.10.13 21:05:38.748,0.78295,0.78335,77.00,98.60
2008.10.13 21:05:38.860,0.78295,0.78335,76.50,98.60
2008.10.13 21:05:39.924,0.78295,0.78335,78.10,98.60
2008.10.13 21:05:40.148,0.78295,0.78335,78.50,98.60
2008.10.13 21:05:42.445,0.78295,0.78335,78.00,86.70
2008.10.13 21:05:42.724,0.78295,0.78335,79.10,86.70
2008.10.13 21:05:42.836,0.78285,0.7833,78.00,86.70
2008.10.13 21:05:44.684,0.78295,0.7833,77.80,86.70
2008.10.13 21:05:44.964,0.78295,0.78335,78.00,86.70
2008.10.13 21:06:01.708,0.78295,0.78335,77.90,87.70
2008.10.13 21:06:01.876,0.7829,0.78335,78.00,87.70
2008.10.13 21:06:12.908,0.78295,0.78335,76.80,87.70
2008.10.13 21:06:13.020,0.78295,0.78335,77.60,87.70
2008.10.13 21:06:19.404,0.78295,0.7834,78.00,87.70
2008.10.13 21:06:19.516,0.783,0.7834,77.90,87.70
2008.10.13 21:06:35.588,0.783,0.78335,77.90,87.70
2008.10.13 21:06:35.868,0.78295,0.78335,77.90,99.60
2008.10.13 21:06:36.148,0.7829,0.78335,78.00,99.60
2008.10.13 21:06:38.444,0.78295,0.78335,78.00,87.60
2008.10.13 21:06:38.500,0.78295,0.78335,77.60,87.60
2008.10.13 21:06:38.612,0.78295,0.7834,78.00,99.60
2008.10.13 21:06:54.404,0.783,0.7834,77.90,99.60
2008.10.13 21:06:54.516,0.78295,0.78335,77.90,99.60
2008.10.13 21:06:56.588,0.783,0.78335,61.70,99.60
2008.10.13 21:06:57.260,0.783,0.7834,61.70,87.50
2008.10.13 21:06:57.764,0.78305,0.78345,61.70,87.70
2008.10.13 21:06:59.333,0.783,0.78345,79.00,87.50
2008.10.13 21:07:05.716,0.783,0.7834,77.90,99.60
2008.10.13 21:07:05.996,0.783,0.78335,77.90,87.60
2008.10.13 21:07:06.220,0.78295,0.78335,78.00,87.60
2008.10.13 21:07:11.296,0.78295,0.78335,77.60,87.60
2008.10.13 21:07:11.596,0.7828,0.78325,78.40,99.60
2008.10.13 21:07:11.956,0.7828,0.78325,78.90,99.60
2008.10.13 21:07:20.472,0.7828,0.7832,78.90,99.60
2008.10.13 21:07:28.416,0.7828,0.7832,78.50,99.60
2008.10.13 21:07:28.476,0.7827,0.7831,77.00,99.60
2008.10.13 21:07:28.588,0.7827,0.78305,73.60,87.50
2008.10.13 21:07:29.036,0.78275,0.78305,76.50,100.60
2008.10.13 21:07:29.148,0.7828,0.7833,86.20,130.40
2008.10.13 21:07:29.322,0.7828,0.78325,86.70,129.60
2008.10.13 21:07:29.892,0.78275,0.78305,136.50,160.40
2008.10.13 21:07:32.364,0.78285,0.78335,198.40,159.60
2008.10.13 21:07:32.588,0.78285,0.78335,227.80,189.60
2008.10.13 21:07:33.380,0.78275,0.78315,256.30,190.40
2008.10.13 21:07:33.496,0.78275,0.7831,255.90,190.40
2008.10.13 21:07:35.580,0.78285,0.78325,317.60,249.60
2008.10.13 21:07:36.876,0.78275,0.7831,345.70,250.40
2008.10.13 21:07:39.680,0.78285,0.7831,349.20,280.40
2008.10.13 21:07:39.792,0.78285,0.78325,347.60,309.60
2008.10.13 21:07:41.989,0.78285,0.7833,347.60,244.30
2008.10.13 21:08:02.292,0.7828,0.78325,407.60,430.40
2008.10.13 21:08:07.056,0.78285,0.7833,302.50,370.30
2008.10.13 21:08:07.336,0.78285,0.78325,407.60,549.60
2008.10.13 21:08:08.964,0.78275,0.7831,435.70,550.40
2008.10.13 21:08:09.188,0.7827,0.7831,444.50,580.40
2008.10.13 21:08:09.972,0.7827,0.78305,444.50,580.40
2008.10.13 21:08:20.068,0.7827,0.78315,504.00,696.70
2008.10.13 21:08:20.180,0.78275,0.78315,527.50,636.70
2008.10.13 21:08:20.852,0.78275,0.78315,504.70,636.70
2008.10.13 21:08:21.304,0.78275,0.7832,534.70,636.70
2008.10.13 21:08:21.976,0.7827,0.7831,534.50,636.70
2008.10.13 21:08:23.152,0.7827,0.783,534.50,666.70
2008.10.13 21:08:23.992,0.7827,0.78295,534.50,666.70
2008.10.13 21:08:32.055,0.7827,0.78305,534.50,756.70
2008.10.13 21:08:37.939,0.7827,0.783,534.50,786.70
2008.10.13 21:08:38.335,0.7827,0.78295,510.50,786.70
2008.10.13 21:08:43.319,0.78245,0.78295,428.10,816.70
2008.10.13 21:09:00.511,0.78255,0.783,512.10,846.70
2008.10.13 21:09:05.779,0.7825,0.78295,428.10,846.70
2008.10.13 21:09:06.456,0.78255,0.78295,510.50,846.70
2008.10.13 21:09:06.569,0.78255,0.783,512.10,846.70
2008.10.13 21:09:08.087,0.7825,0.78295,428.10,846.70
2008.10.13 21:09:12.067,0.78255,0.783,512.10,876.70
2008.10.13 21:09:24.223,0.7825,0.7829,522.10,924.70
2008.10.13 21:09:40.351,0.7825,0.78295,427.10,1026.70
2008.10.13 21:09:46.684,0.78255,0.78295,510.50,936.70
2008.10.13 21:09:46.851,0.78255,0.783,512.10,936.70
2008.10.13 21:09:47.750,0.7826,0.78305,512.10,936.70
2008.10.13 21:09:51.067,0.78265,0.78305,602.10,1086.70
2008.10.13 21:09:53.139,0.78265,0.78305,625.70,1146.70
2008.10.13 21:09:53.195,0.7826,0.78305,602.10,1146.70
2008.10.13 21:10:12.631,0.78265,0.78305,625.70,1236.70
2008.10.13 21:10:12.799,0.78265,0.7831,602.10,1236.70
2008.10.13 21:10:17.111,0.78265,0.78305,714.50,1116.70
2008.10.13 21:10:17.223,0.7826,0.78305,691.10,1116.70
2008.10.13 21:10:17.895,0.7825,0.78265,705.20,1086.70
2008.10.13 21:10:18.567,0.7825,0.78275,460.30,1086.70
2008.10.13 21:10:18.959,0.7825,0.78255,609.30,1086.70
2008.10.13 21:10:19.799,0.78225,0.78255,448.60,1086.70
2008.10.13 21:10:20.251,0.78225,0.7826,568.60,1086.70
2008.10.13 21:10:42.275,0.7823,0.7826,544.60,606.70
2008.10.13 21:10:42.499,0.78235,0.78275,494.40,390.60
2008.10.13 21:10:43.731,0.7824,0.78275,566.30,360.60
2008.10.13 21:11:26.419,0.7825,0.78285,698.30,54.60
2008.10.13 21:11:27.371,0.7825,0.78275,698.30,54.60
2008.10.13 21:11:30.731,0.7824,0.78275,602.30,54.60
2008.10.13 21:11:58.455,0.7824,0.7828,566.30,84.60
2008.10.13 21:12:00.135,0.7825,0.7828,698.30,84.60
2008.10.13 21:12:02.991,0.7825,0.78275,698.30,120.60
2008.10.13 21:12:07.247,0.7824,0.7827,566.30,210.60
2008.10.13 21:12:09.039,0.7824,0.78275,540.40,324.60
2008.10.13 21:12:12.347,0.7824,0.78265,566.30,370.10
2008.10.13 21:12:12.459,0.7823,0.78265,576.80,370.10
2008.10.13 21:12:14.643,0.78245,0.7826,609.30,404.70
2008.10.13 21:12:15.427,0.78245,0.78265,609.30,404.20
2008.10.13 21:12:16.323,0.7825,0.7827,460.30,202.70
2008.10.13 21:12:16.827,0.7825,0.7826,609.30,103.70
2008.10.13 21:12:20.415,0.7825,0.7827,605.50,194.40
2008.10.13 21:12:56.370,0.7825,0.78255,609.30,244.10
2008.10.13 21:12:58.330,0.78225,0.78255,50.80,28.90
2008.10.13 21:12:59.450,0.7823,0.7826,77.90,46.70
2008.10.13 21:12:59.618,0.7823,0.78245,37.10,86.80
2008.10.13 21:12:59.842,0.7823,0.7827,74.10,116.80
2008.10.13 21:13:00.626,0.78235,0.7827,109.30,116.80
2008.10.13 21:13:00.850,0.78235,0.78275,47.90,135.50
2008.10.13 21:13:29.414,0.7823,0.7826,56.80,165.00
2008.10.13 21:13:31.822,0.7823,0.78265,53.10,194.80
2008.10.13 21:13:39.554,0.7823,0.7826,118.80,196.00
2008.10.13 21:13:42.022,0.7823,0.78265,55.10,195.60
2008.10.13 21:13:57.814,0.7823,0.78275,57.90,195.80
2008.10.13 21:14:03.586,0.78245,0.7828,59.30,200.20
2008.10.13 21:14:03.866,0.78245,0.7828,74.10,200.40
2008.10.13 21:14:22.682,0.78265,0.7828,341.80,179.60
2008.10.13 21:14:22.906,0.78265,0.7832,48.00,45.60
2008.10.13 21:14:29.066,0.7826,0.78305,168.80,75.60
2008.10.13 21:14:36.518,0.78265,0.7831,140.40,195.40
2008.10.13 21:15:12.022,0.7825,0.78295,214.70,195.40
2008.10.13 21:15:12.246,0.7825,0.78295,299.80,195.40
2008.10.13 21:15:13.030,0.78255,0.783,238.70,195.40
2008.10.13 21:15:13.310,0.78255,0.783,303.80,255.40
2008.10.13 21:15:15.438,0.7827,0.783,263.30,285.40
2008.10.13 21:15:15.606,0.7827,0.7831,233.80,315.40
2008.10.13 21:15:17.230,0.7827,0.7831,208.10,315.40
2008.10.13 21:15:17.510,0.78255,0.783,294.80,345.40
2008.10.13 21:15:18.855,0.7827,0.78315,297.80,375.40
2008.10.13 21:15:19.694,0.7827,0.783,301.20,375.40
2008.10.13 21:15:19.918,0.78255,0.783,302.80,375.40
2008.10.13 21:15:21.206,0.7827,0.7831,258.90,435.40
2008.10.13 21:15:21.374,0.7827,0.7831,263.60,435.40
2008.10.13 21:15:24.402,0.7827,0.7831,306.90,466.40
2008.10.13 21:15:24.514,0.78265,0.7831,314.80,466.40
2008.10.13 21:15:24.626,0.78265,0.7831,310.10,466.40
2008.10.13 21:15:24.738,0.78255,0.783,438.80,466.40
2008.10.13 21:15:27.258,0.78265,0.7831,336.50,527.40
2008.10.13 21:15:27.539,0.78265,0.7831,282.20,557.40
2008.10.13 21:15:30.842,0.78255,0.783,275.20,557.40
2008.10.13 21:15:33.194,0.78265,0.7831,421.80,513.40
2008.10.13 21:15:36.162,0.78265,0.7831,328.90,531.40
2008.10.13 21:15:36.498,0.7826,0.78305,421.80,531.40
2008.10.13 21:15:37.562,0.78235,0.7829,426.80,687.90
2008.10.13 21:15:46.634,0.7824,0.7828,265.10,927.80
2008.10.13 21:15:57.834,0.78235,0.78275,265.10,987.80
2008.10.13 21:15:58.618,0.78235,0.7828,265.10,993.80
2008.10.13 21:16:15.082,0.78235,0.7828,276.70,993.80
2008.10.13 21:16:15.194,0.7822,0.78265,336.10,993.80
2008.10.13 21:16:20.458,0.7823,0.78275,268.90,143.70
2008.10.13 21:16:22.026,0.78225,0.7827,281.30,147.70
2008.10.13 21:16:26.059,0.7823,0.7827,286.30,278.30
2008.10.13 21:16:31.546,0.7822,0.7826,389.30,278.20
2008.10.13 21:16:32.498,0.7822,0.7826,390.80,282.20
2008.10.13 21:16:35.970,0.78235,0.78275,317.90,404.20
2008.10.13 21:16:36.082,0.78235,0.78275,319.30,404.20
2008.10.13 21:16:37.818,0.7825,0.78285,329.10,264.40
2008.10.13 21:16:38.322,0.7825,0.78275,334.00,311.00
2008.10.13 21:16:38.546,0.7825,0.78275,338.00,275.40
2008.10.13 21:16:38.770,0.7824,0.7827,576.10,277.40
2008.10.13 21:16:41.122,0.7825,0.7827,578.50,381.30
2008.10.13 21:16:41.178,0.7825,0.7827,611.70,358.80
2008.10.13 21:16:41.290,0.7825,0.78295,611.60,359.60
2008.10.13 21:16:46.162,0.7825,0.7828,435.90,396.00
2008.10.13 21:16:46.498,0.7825,0.78275,735.10,428.50
2008.10.13 21:16:48.234,0.7824,0.78285,440.90,459.30
2008.10.13 21:16:48.402,0.78225,0.7827,575.90,496.30
2008.10.13 21:17:17.689,0.7824,0.78265,441.30,559.30
2008.10.13 21:17:17.857,0.7824,0.7826,441.30,568.30
2008.10.13 21:17:28.273,0.78215,0.7826,499.80,664.30
2008.10.13 21:17:28.441,0.78205,0.78245,323.10,664.20
2008.10.13 21:17:31.465,0.7822,0.78245,647.90,193.70
2008.10.13 21:17:32.417,0.78215,0.78245,574.90,227.70
2008.10.13 21:17:37.513,0.78215,0.78245,358.30,146.10
2008.10.13 21:17:37.625,0.7822,0.78245,507.00,30.50
2008.10.13 21:17:40.201,0.7822,0.7825,654.20,56.50
2008.10.13 21:17:40.313,0.7822,0.7828,500.82,62.60
2008.10.13 21:17:40.929,0.782,0.7821,621.43,72.00
2008.10.13 21:17:41.209,0.782,0.7821,621.40,49.80
2008.10.13 21:17:41.769,0.78195,0.7826,625.23,81.90
2008.10.13 21:17:42.105,0.7822,0.7824,470.20,29.00
2008.10.13 21:17:42.497,0.7822,0.78245,472.00,54.10
2008.10.13 21:17:42.833,0.7822,0.78245,472.00,33.00
2008.10.13 21:17:45.745,0.7821,0.78235,404.20,33.00
2008.10.13 21:17:46.193,0.782,0.78235,314.00,33.00
2008.10.13 21:17:46.753,0.78215,0.78235,618.20,93.10
2008.10.13 21:17:47.034,0.78215,0.7826,651.03,93.60
2008.10.13 21:17:55.825,0.7822,0.78255,654.20,95.20
2008.10.13 21:18:04.337,0.7822,0.78255,654.20,94.10
2008.10.13 21:18:10.777,0.7822,0.78255,652.60,94.40
2008.10.13 21:18:10.889,0.7822,0.78255,652.10,94.40
2008.10.13 21:18:13.857,0.7822,0.78245,657.10,93.00
2008.10.13 21:18:17.273,0.7821,0.78245,551.10,93.60
2008.10.13 21:18:24.670,0.7821,0.78245,330.70,37.80
2008.10.13 21:18:24.781,0.7822,0.78245,657.10,38.60
2008.10.13 21:18:25.117,0.7822,0.7825,653.90,59.00
2008.10.13 21:18:26.461,0.7822,0.7825,653.90,60.60
2008.10.13 21:18:31.277,0.7822,0.78235,506.40,39.00
2008.10.13 21:18:32.341,0.78195,0.7823,224.50,60.80
2008.10.13 21:18:33.909,0.78215,0.7822,617.40,64.80
2008.10.13 21:18:34.133,0.7818,0.7822,166.60,64.80
2008.10.13 21:18:36.261,0.7819,0.78225,162.50,68.80
2008.10.13 21:18:42.029,0.7819,0.78225,162.90,68.80
2008.10.13 21:18:42.254,0.7819,0.7823,168.30,69.30
2008.10.13 21:18:45.109,0.782,0.7823,213.70,67.60
2008.10.13 21:18:45.277,0.7821,0.7823,302.10,68.60
2008.10.13 21:18:48.693,0.782,0.7823,319.30,98.60
2008.10.13 21:18:54.461,0.78205,0.7823,294.50,98.60
2008.10.13 21:18:54.741,0.7822,0.7823,654.10,98.60
2008.10.13 21:18:55.805,0.78195,0.7823,285.30,97.80
2008.10.13 21:18:55.973,0.78195,0.78215,226.50,129.40
2008.10.13 21:18:56.197,0.78215,0.78235,621.40,130.40
2008.10.13 21:18:58.717,0.78195,0.78215,250.50,192.40
2008.10.13 21:18:58.997,0.78185,0.78215,199.30,192.40
2008.10.13 21:18:59.165,0.78195,0.78215,289.30,192.40
2008.10.13 21:19:00.173,0.78215,0.7823,621.40,223.60
2008.10.13 21:19:03.141,0.78195,0.7824,313.30,322.00
2008.10.13 21:19:03.309,0.78205,0.7824,307.00,326.00
2008.10.13 21:19:04.709,0.7821,0.7823,306.50,364.00
2008.10.13 21:19:04.821,0.7821,0.78255,304.90,364.00
2008.10.13 21:19:05.101,0.7821,0.78225,304.90,368.80
2008.10.13 21:19:05.326,0.7821,0.7825,330.50,369.60
2008.10.13 21:19:09.245,0.7821,0.7823,329.32,369.60
2008.10.13 21:19:14.117,0.782,0.7823,312.50,401.60
2008.10.13 21:19:15.181,0.7821,0.78235,328.50,431.60
2008.10.13 21:19:15.517,0.7821,0.7822,336.40,319.80
2008.10.13 21:19:15.853,0.78185,0.78205,169.90,318.60
2008.10.13 21:19:18.485,0.78205,0.78245,328.50,520.60
2008.10.13 21:19:19.158,0.78205,0.7825,325.30,530.60
2008.10.13 21:19:19.717,0.7822,0.7824,616.50,438.60
2008.10.13 21:19:20.333,0.7821,0.7824,325.30,530.60
2008.10.13 21:19:20.950,0.7821,0.78215,302.90,439.20
2008.10.13 21:19:22.069,0.7822,0.78245,617.30,551.60
2008.10.13 21:19:23.021,0.7821,0.7826,524.90,448.40
2008.10.13 21:19:23.357,0.7822,0.78265,654.10,448.40
2008.10.13 21:19:24.255,0.7822,0.78255,617.30,448.40
2008.10.13 21:19:24.534,0.7822,0.7824,617.30,439.20
2008.10.13 21:19:24.645,0.7821,0.7824,626.50,439.20
2008.10.13 21:19:25.485,0.7821,0.7824,330.50,439.20
2008.10.13 21:19:26.605,0.7821,0.7824,327.30,439.20
2008.10.13 21:19:26.773,0.78215,0.7824,320.90,439.20
2008.10.13 21:19:27.053,0.78215,0.7824,322.50,439.20
2008.10.13 21:19:33.945,0.7823,0.78265,578.10,439.20
2008.10.13 21:19:34.281,0.7823,0.78275,591.10,439.20
2008.10.13 21:19:37.081,0.7824,0.7827,591.10,439.20
2008.10.13 21:19:37.362,0.7824,0.78275,591.10,439.20
2008.10.13 21:19:38.089,0.7824,0.78275,589.50,531.60
2008.10.13 21:19:38.313,0.78235,0.78275,594.50,531.60
2008.10.13 21:19:38.985,0.78235,0.7827,591.10,439.20
2008.10.13 21:19:39.937,0.7824,0.7827,591.70,439.20
2008.10.13 21:19:39.993,0.7824,0.7827,591.10,439.20
2008.10.13 21:19:42.233,0.7824,0.78275,590.70,533.20
2008.10.13 21:19:42.289,0.78235,0.7827,592.50,532.80
2008.10.13 21:19:42.513,0.78235,0.78255,446.10,440.00
2008.10.13 21:19:42.849,0.7822,0.78255,504.50,439.80
2008.10.13 21:19:45.705,0.7822,0.78245,503.30,237.80
2008.10.13 21:19:46.041,0.7822,0.7825,504.10,106.40
2008.10.13 21:19:47.217,0.7822,0.7825,504.10,111.20
2008.10.13 21:19:47.497,0.7822,0.78245,506.50,133.60
2008.10.13 21:19:48.057,0.7822,0.7825,504.10,185.60
2008.10.13 21:19:48.729,0.7822,0.78245,503.30,181.80
2008.10.13 21:19:53.097,0.7822,0.7825,504.10,240.00
2008.10.13 21:19:54.833,0.7822,0.78245,503.30,236.20
2008.10.13 21:19:58.642,0.7821,0.78245,254.40,380.40
2008.10.13 21:19:58.753,0.782,0.7823,290.50,329.70
2008.10.13 21:20:00.153,0.7819,0.7823,43.90,36.60
2008.10.13 21:20:00.545,0.78195,0.7823,71.30,35.80
2008.10.13 21:20:00.825,0.78195,0.78235,73.60,36.60
2008.10.13 21:20:01.721,0.78195,0.78235,69.30,38.20
2008.10.13 21:20:01.777,0.78195,0.78235,72.10,65.00
2008.10.13 21:20:01.889,0.78195,0.7823,72.70,63.40
2008.10.13 21:20:01.945,0.7819,0.7823,74.10,63.40
2008.10.13 21:20:02.057,0.7819,0.7823,73.70,42.60
2008.10.13 21:20:02.113,0.7819,0.78225,74.20,44.20
2008.10.13 21:20:02.169,0.7819,0.78215,76.80,43.80
2008.10.13 21:20:02.281,0.78185,0.78215,73.10,43.80
2008.10.13 21:20:02.449,0.7818,0.78215,73.10,43.00
2008.10.13 21:20:03.233,0.78175,0.78215,49.50,44.20
2008.10.13 21:20:03.569,0.78175,0.78215,47.90,44.20
2008.10.13 21:20:06.089,0.7819,0.7822,121.10,79.60
2008.10.13 21:20:06.593,0.78195,0.7822,72.70,79.60
2008.10.13 21:20:06.818,0.78195,0.7822,121.10,109.60
2008.10.13 21:20:14.489,0.782,0.7822,240.10,112.80
2008.10.13 21:20:19.473,0.7821,0.7822,69.72,112.60
2008.10.13 21:20:19.585,0.7821,0.7823,73.30,127.40
2008.10.13 21:20:19.753,0.7821,0.78235,73.30,137.40
2008.10.13 21:20:20.201,0.782,0.78235,94.90,161.40
2008.10.13 21:20:27.033,0.78195,0.78235,41.70,306.50
2008.10.13 21:20:27.313,0.78195,0.78235,41.70,308.10
2008.10.13 21:21:00.801,0.78195,0.7822,71.90,427.60
2008.10.13 21:21:00.857,0.7817,0.78215,73.50,440.10
2008.10.13 21:21:02.817,0.78175,0.78205,73.90,160.20
2008.10.13 21:21:05.281,0.78185,0.78205,75.70,147.20
2008.10.13 21:21:05.393,0.78185,0.78205,104.50,171.20
2008.10.13 21:21:05.673,0.78185,0.78215,97.90,171.20
2008.10.13 21:21:08.081,0.78185,0.78215,121.50,181.00
2008.10.13 21:21:08.193,0.78175,0.78205,100.50,133.00
2008.10.13 21:21:08.417,0.78175,0.78205,103.70,133.80
2008.10.13 21:21:08.977,0.7819,0.78215,96.50,131.40
2008.10.13 21:21:09.425,0.7819,0.7822,96.50,131.40
2008.10.13 21:21:09.873,0.7819,0.78225,96.50,132.20
2008.10.13 21:21:10.321,0.78195,0.7822,41.90,132.70
2008.10.13 21:21:10.433,0.78185,0.78205,123.90,130.00
2008.10.13 21:21:10.545,0.78175,0.78205,122.30,130.00
2008.10.13 21:21:13.009,0.7818,0.78205,122.70,178.60
2008.10.13 21:21:13.237,0.7818,0.7821,42.10,178.60
2008.10.13 21:21:13.685,0.78195,0.7821,123.50,225.50
2008.10.13 21:21:13.909,0.78185,0.7821,45.32,196.50
2008.10.13 21:21:14.021,0.782,0.78215,126.70,194.50
2008.10.13 21:21:14.357,0.782,0.7824,20.90,194.60
2008.10.13 21:21:14.805,0.782,0.78245,20.90,194.60
2008.10.13 21:21:16.093,0.78205,0.7824,71.90,179.40
2008.10.13 21:21:16.205,0.78205,0.78235,71.92,179.40
2008.10.13 21:21:17.101,0.78195,0.78235,73.00,200.30
2008.10.13 21:21:17.269,0.78195,0.78235,73.00,200.30
2008.10.13 21:21:17.437,0.7819,0.7822,75.40,156.40
2008.10.13 21:21:19.397,0.78185,0.7822,205.10,256.70
2008.10.13 21:21:19.509,0.78185,0.78215,123.50,258.30
2008.10.13 21:21:21.245,0.78195,0.78215,75.40,254.10
2008.10.13 21:21:21.581,0.78195,0.7823,149.50,227.80
2008.10.13 21:21:21.861,0.7821,0.7823,152.50,178.80
2008.10.13 21:21:21.917,0.7821,0.7823,236.10,227.60
2008.10.13 21:21:22.141,0.7821,0.78245,47.90,226.20
2008.10.13 21:21:22.701,0.7821,0.78245,47.90,205.00
2008.10.13 21:21:24.717,0.7821,0.7824,76.50,207.80
2008.10.13 21:21:24.941,0.7821,0.78235,291.30,140.90
2008.10.13 21:21:25.053,0.7821,0.78235,291.10,140.90
2008.10.13 21:21:25.333,0.7821,0.78235,106.70,178.60
2008.10.13 21:21:25.893,0.7821,0.78225,107.20,177.10
2008.10.13 21:21:25.949,0.782,0.7822,292.90,140.90
2008.10.13 21:21:26.005,0.782,0.7822,292.50,140.90
2008.10.13 21:21:26.061,0.782,0.7822,330.10,211.50
2008.10.13 21:21:26.229,0.782,0.7822,111.50,211.10
2008.10.13 21:21:33.789,0.78185,0.78225,291.10,394.80
2008.10.13 21:21:34.013,0.78185,0.78225,293.50,394.60
2008.10.13 21:21:34.237,0.7818,0.78225,289.50,395.00
2008.10.13 21:21:35.133,0.78185,0.78225,289.50,326.10
2008.10.13 21:21:38.325,0.7817,0.7821,317.40,395.60
2008.10.13 21:21:38.549,0.7817,0.7821,317.92,395.60
2008.10.13 21:21:38.717,0.7817,0.782,315.40,395.80
2008.10.13 21:21:39.557,0.78175,0.78205,325.10,433.20
2008.10.13 21:21:43.029,0.78175,0.78205,323.70,346.60
2008.10.13 21:21:43.085,0.7817,0.78205,310.30,346.60
2008.10.13 21:21:43.365,0.7817,0.782,310.30,257.20
2008.10.13 21:21:46.389,0.7818,0.782,311.50,418.60
2008.10.13 21:22:27.492,0.78185,0.782,281.30,306.00
2008.10.13 21:22:27.828,0.78185,0.78205,297.10,306.00
2008.10.13 21:22:36.060,0.782,0.78205,233.10,579.30
2008.10.13 21:22:36.172,0.782,0.78205,236.22,579.30
2008.10.13 21:22:36.284,0.782,0.7822,321.80,797.60
2008.10.13 21:23:36.372,0.782,0.78255,97.80,826.30
2008.10.13 21:23:43.876,0.78205,0.7823,103.80,357.00
2008.10.13 21:23:44.044,0.78205,0.78235,78.70,393.60
2008.10.13 21:23:50.372,0.782,0.7822,179.60,263.70
2008.10.13 21:24:16.807,0.78195,0.7822,264.80,383.60
2008.10.13 21:24:16.916,0.78195,0.7822,298.80,265.10
2008.10.13 21:24:23.440,0.7819,0.78235,282.80,199.70
2008.10.13 21:24:23.620,0.7819,0.7822,288.80,204.80
2008.10.13 21:24:29.668,0.7819,0.78215,228.10,200.60
2008.10.13 21:24:29.788,0.78175,0.78215,204.70,20.60
2008.10.13 21:24:30.088,0.78175,0.78205,205.40,24.40
2008.10.13 21:24:30.208,0.78175,0.78205,204.43,24.40
2008.10.13 21:24:30.388,0.7816,0.78185,121.70,17.40
2008.10.13 21:24:32.024,0.7817,0.78175,126.60,16.70
2008.10.13 21:24:33.088,0.7813,0.7816,18.70,13.80
2008.10.13 21:24:33.444,0.7813,0.7816,17.90,22.70
2008.10.13 21:24:33.620,0.7813,0.78145,17.90,14.20
2008.10.13 21:24:34.600,0.78135,0.7814,17.90,15.60
2008.10.13 21:24:35.532,0.7809,0.7813,21.90,16.40
2008.10.13 21:24:44.300,0.7813,0.78135,38.90,23.60
2008.10.13 21:24:45.876,0.7813,0.7814,94.10,17.80
2008.10.13 21:24:46.100,0.7813,0.78145,94.10,17.80
2008.10.13 21:24:46.772,0.7813,0.7815,94.10,19.30
2008.10.13 21:24:47.724,0.7813,0.7815,138.30,21.70
2008.10.13 21:24:47.892,0.7813,0.7815,138.30,15.00
2008.10.13 21:24:48.004,0.78135,0.7815,140.10,15.00
2008.10.13 21:24:48.060,0.78135,0.7815,146.10,38.80
2008.10.13 21:24:48.511,0.78135,0.78155,134.10,38.00
2008.10.13 21:24:53.916,0.7816,0.782,111.70,78.90
2008.10.13 21:24:54.084,0.78165,0.782,110.30,79.00
2008.10.13 21:24:55.544,0.7817,0.782,157.30,82.10
2008.10.13 21:24:55.656,0.78175,0.782,136.10,82.10
2008.10.13 21:24:55.712,0.78175,0.782,136.10,82.00
2008.10.13 21:24:56.048,0.78175,0.78205,112.30,77.00
2008.10.13 21:24:57.176,0.78175,0.7821,112.30,77.20
2008.10.13 21:24:58.184,0.78175,0.782,88.30,82.00
2008.10.13 21:24:59.192,0.78175,0.7821,112.30,77.80
2008.10.13 21:24:59.864,0.78175,0.78205,136.30,78.50
2008.10.13 21:25:00.088,0.7819,0.78205,205.10,80.20
2008.10.13 21:25:03.128,0.78195,0.7821,227.10,80.60
2008.10.13 21:25:05.536,0.7819,0.7821,227.10,76.20
2008.10.13 21:25:05.652,0.782,0.7821,205.90,80.60
2008.10.13 21:25:05.708,0.782,0.7821,204.10,81.00
2008.10.13 21:25:05.824,0.7817,0.782,206.30,65.20
2008.10.13 21:25:12.152,0.78175,0.782,257.30,64.40
2008.10.13 21:25:13.163,0.7818,0.782,207.70,64.50
2008.10.13 21:25:14.904,0.7818,0.782,209.50,82.30
2008.10.13 21:25:14.960,0.78175,0.782,209.90,82.30
2008.10.13 21:25:15.184,0.78175,0.782,209.10,49.20
2008.10.13 21:25:15.744,0.78175,0.78195,209.10,51.90
2008.10.13 21:25:16.140,0.78175,0.78195,210.70,51.90
2008.10.13 21:25:16.252,0.78165,0.78195,207.50,48.70
2008.10.13 21:25:16.476,0.78165,0.78185,252.90,40.70
2008.10.13 21:25:28.092,0.7816,0.7818,285.72,16.90
2008.10.13 21:25:29.324,0.7816,0.78185,282.50,81.70
2008.10.13 21:25:36.440,0.78165,0.78185,138.10,81.30
2008.10.13 21:25:36.724,0.78165,0.78185,138.10,65.50
2008.10.13 21:25:38.016,0.78165,0.7819,161.90,81.50
2008.10.13 21:25:38.688,0.78165,0.7819,161.70,65.50
2008.10.13 21:26:12.332,0.78165,0.7819,136.70,65.50
2008.10.13 21:26:12.500,0.78155,0.7819,176.10,62.40
2008.10.13 21:26:12.668,0.78165,0.7819,188.50,65.50
2008.10.13 21:26:12.724,0.78165,0.7819,225.20,65.50
2008.10.13 21:26:25.100,0.7817,0.7819,66.90,65.50
2008.10.13 21:26:25.324,0.7817,0.78185,69.10,81.60
2008.10.13 21:26:25.492,0.78175,0.78185,64.90,64.00
2008.10.13 21:26:25.660,0.78175,0.7819,92.32,65.70
2008.10.13 21:26:25.832,0.78175,0.78195,92.30,83.10
2008.10.13 21:26:28.472,0.78175,0.782,115.30,83.10
2008.10.13 21:26:31.608,0.78175,0.782,136.10,83.30
2008.10.13 21:26:32.000,0.78175,0.78205,160.10,78.60
2008.10.13 21:26:32.224,0.78175,0.782,160.10,83.00
2008.10.13 21:26:35.248,0.78175,0.78205,160.10,78.60
2008.10.13 21:26:38.112,0.78175,0.78205,41.90,79.20
2008.10.13 21:26:38.224,0.7817,0.782,41.30,83.00
2008.10.13 21:26:39.012,0.7817,0.782,212.10,65.30
2008.10.13 21:26:51.732,0.7817,0.782,215.30,65.20
2008.10.13 21:26:53.247,0.78175,0.782,66.50,83.00
2008.10.13 21:26:53.415,0.78175,0.78205,67.30,78.00
2008.10.13 21:26:57.279,0.7818,0.78205,114.90,81.20
2008.10.13 21:26:57.335,0.7818,0.78205,147.90,81.20
2008.10.13 21:26:59.071,0.7818,0.782,162.50,83.00
2008.10.13 21:27:02.656,0.7818,0.78205,209.70,82.20
2008.10.13 21:27:13.747,0.7818,0.78205,62.70,78.60
2008.10.13 21:27:13.803,0.78175,0.782,242.80,83.30
2008.10.13 21:27:13.919,0.78175,0.782,246.00,83.10
2008.10.13 21:27:15.431,0.78175,0.782,293.20,73.90
2008.10.13 21:27:15.543,0.78165,0.782,318.00,72.80
2008.10.13 21:27:15.823,0.78165,0.78195,321.90,79.80
2008.10.13 21:27:16.779,0.78165,0.78195,312.10,82.30
2008.10.13 21:27:17.403,0.78165,0.7819,316.12,84.30
2008.10.13 21:27:17.515,0.78165,0.7819,94.92,84.30
2008.10.13 21:27:17.743,0.7816,0.7819,150.30,114.20
2008.10.13 21:27:20.375,0.7816,0.7818,153.10,52.30
2008.10.13 21:27:20.543,0.7816,0.78175,158.60,24.90
2008.10.13 21:27:25.363,0.7816,0.78175,159.70,24.90
2008.10.13 21:27:25.587,0.7815,0.78175,147.90,24.90
2008.10.13 21:27:25.755,0.7815,0.78175,151.10,114.00
2008.10.13 21:27:25.983,0.7815,0.7817,151.00,117.20
2008.10.13 21:27:26.095,0.7815,0.7817,98.60,153.20
2008.10.13 21:27:26.207,0.7814,0.78165,143.70,153.60
2008.10.13 21:27:26.435,0.7814,0.78165,172.60,183.30
2008.10.13 21:27:26.607,0.7814,0.78165,172.40,185.20
2008.10.13 21:27:26.719,0.7814,0.7816,174.20,37.60
2008.10.13 21:27:28.791,0.7815,0.7816,185.80,133.00
2008.10.13 21:27:28.847,0.7815,0.7816,173.80,133.00
2008.10.13 21:27:28.959,0.7815,0.7817,172.50,52.20
2008.10.13 21:27:29.131,0.7816,0.7817,150.70,100.60
2008.10.13 21:27:29.243,0.7816,0.7817,177.70,100.60
2008.10.13 21:27:29.639,0.7816,0.78175,174.50,100.60
2008.10.13 21:27:35.691,0.78165,0.7819,117.90,225.40
2008.10.13 21:27:43.603,0.78165,0.782,92.50,255.80
2008.10.13 21:27:52.619,0.78165,0.782,90.90,256.00
2008.10.13 21:27:52.731,0.7816,0.782,92.90,256.00
2008.10.13 21:27:59.015,0.78155,0.7819,67.70,151.40
2008.10.13 21:27:59.743,0.7815,0.7819,29.90,153.80
2008.10.13 21:27:59.967,0.7815,0.78185,55.30,94.60
2008.10.13 21:28:01.931,0.7815,0.7818,54.10,76.60
2008.10.13 21:28:02.211,0.7815,0.78175,63.90,100.80
2008.10.13 21:28:05.407,0.7815,0.78175,97.10,125.20
2008.10.13 21:28:05.575,0.7815,0.7817,75.50,56.90
2008.10.13 21:28:07.983,0.7815,0.78175,75.50,125.60
2008.10.13 21:28:10.671,0.7815,0.7817,155.50,205.70
2008.10.13 21:28:12.799,0.7816,0.7818,60.52,284.40
2008.10.13 21:28:12.855,0.7816,0.78185,58.70,201.40
2008.10.13 21:28:13.135,0.7816,0.7819,58.70,283.00
2008.10.13 21:28:13.250,0.7816,0.7819,58.70,201.40
2008.10.13 21:28:13.867,0.7816,0.782,280.70,280.40
2008.10.13 21:28:41.815,0.78175,0.782,40.40,280.40
2008.10.13 21:28:41.927,0.78175,0.782,65.00,280.10
2008.10.13 21:28:42.095,0.7818,0.7821,63.40,255.70
2008.10.13 21:28:42.487,0.7818,0.7821,63.80,255.70
2008.10.13 21:28:42.599,0.7818,0.7821,65.40,259.00
2008.10.13 21:28:42.711,0.78185,0.7821,41.10,259.00
2008.10.13 21:28:42.879,0.78185,0.7821,195.60,263.00
2008.10.13 21:28:45.847,0.78185,0.782,250.00,285.40
2008.10.13 21:28:46.071,0.78185,0.78215,250.00,264.00
2008.10.13 21:28:46.967,0.78185,0.7821,277.20,253.80
2008.10.13 21:28:47.247,0.78185,0.78205,42.60,42.10
2008.10.13 21:28:47.527,0.78185,0.78215,67.20,81.50
2008.10.13 21:28:47.807,0.7818,0.78215,69.90,81.10
2008.10.13 21:28:53.183,0.7818,0.78215,97.20,89.10
2008.10.13 21:28:53.239,0.78175,0.7821,97.80,90.30
2008.10.13 21:28:53.407,0.78175,0.782,118.10,63.60
2008.10.13 21:28:53.631,0.78165,0.782,118.30,63.60
2008.10.13 21:28:55.927,0.78165,0.78205,125.70,36.60
2008.10.13 21:29:01.699,0.7817,0.78205,146.10,54.40
2008.10.13 21:29:01.979,0.78175,0.782,227.10,73.70
2008.10.13 21:29:04.443,0.78175,0.782,299.50,126.30
2008.10.13 21:29:04.667,0.78175,0.782,388.20,163.70
2008.10.13 21:29:06.799,0.78175,0.782,352.00,159.10
2008.10.13 21:29:07.023,0.78175,0.782,380.50,157.20
2008.10.13 21:29:07.135,0.78175,0.78195,380.50,123.30
2008.10.13 21:29:08.199,0.78175,0.78195,405.70,188.50
2008.10.13 21:29:10.831,0.7817,0.78195,425.70,160.60
2008.10.13 21:29:11.167,0.7817,0.78205,441.50,189.10
2008.10.13 21:29:12.847,0.7817,0.78205,443.90,219.50
2008.10.13 21:29:12.903,0.7817,0.7821,571.60,220.60
2008.10.13 21:29:13.295,0.7817,0.78205,571.20,219.50
2008.10.13 21:29:13.351,0.7817,0.78205,571.20,219.50
2008.10.13 21:29:14.587,0.7817,0.7821,605.60,253.00
2008.10.13 21:29:14.867,0.7817,0.7821,605.60,253.00
2008.10.13 21:29:15.091,0.7817,0.78205,509.40,256.60
2008.10.13 21:29:15.319,0.7817,0.78205,492.70,254.90
2008.10.13 21:29:15.599,0.78165,0.7819,533.10,291.20
2008.10.13 21:29:15.879,0.78155,0.7819,532.70,325.60
2008.10.13 21:29:16.103,0.78145,0.78185,626.10,330.40
2008.10.13 21:29:17.503,0.7815,0.7819,665.70,392.00
2008.10.13 21:29:17.615,0.7815,0.7819,665.70,392.00
2008.10.13 21:29:20.755,0.7815,0.78185,666.70,306.20
2008.10.13 21:29:21.035,0.78145,0.78185,625.10,429.30
2008.10.13 21:29:23.835,0.7814,0.78175,625.30,377.80
2008.10.13 21:29:24.507,0.7814,0.78175,625.30,488.30
2008.10.13 21:29:25.011,0.7814,0.78175,625.30,455.20
2008.10.13 21:29:25.239,0.7814,0.7817,625.30,350.80
2008.10.13 21:29:25.519,0.7814,0.7818,625.70,455.20
2008.10.13 21:29:27.031,0.7814,0.78165,494.00,153.60
2008.10.13 21:29:27.313,0.7814,0.78165,496.60,464.30
2008.10.13 21:29:28.715,0.7814,0.78165,492.70,406.60
2008.10.13 21:29:29.107,0.7814,0.7817,439.70,433.80
2008.10.13 21:29:40.035,0.7813,0.78155,455.70,164.60
2008.10.13 21:29:40.371,0.7814,0.78155,493.30,219.00
2008.10.13 21:29:40.763,0.7814,0.7816,493.30,219.00
2008.10.13 21:29:41.379,0.7814,0.78165,628.50,389.20
2008.10.13 21:29:41.659,0.7814,0.78165,628.50,387.60
2008.10.13 21:29:43.563,0.7813,0.78165,458.50,387.60
2008.10.13 21:29:44.179,0.7813,0.78155,455.70,219.70
2008.10.13 21:29:48.099,0.7812,0.78155,504.50,446.60
2008.10.13 21:29:56.107,0.78115,0.78155,47.20,44.00
2008.10.13 21:30:02.323,0.7812,0.78155,45.10,60.70
2008.10.13 21:30:02.491,0.78115,0.78155,50.00,46.00
2008.10.13 21:30:08.315,0.7812,0.78155,46.30,49.90
2008.10.13 21:30:08.371,0.7812,0.78155,49.70,49.90
2008.10.13 21:30:08.540,0.7812,0.78165,49.00,90.40
2008.10.13 21:30:08.651,0.7812,0.78165,53.80,95.40
2008.10.13 21:30:08.875,0.7812,0.7816,53.80,79.40
2008.10.13 21:30:18.283,0.7812,0.7816,72.70,79.40
2008.10.13 21:30:18.507,0.7812,0.7816,72.30,79.40
2008.10.13 21:30:41.635,0.7812,0.78155,24.40,77.20
2008.10.13 21:30:41.803,0.78115,0.78155,44.50,77.20
2008.10.13 21:30:46.955,0.78115,0.78155,44.50,125.40
2008.10.13 21:30:47.123,0.7811,0.7815,49.90,149.40
2008.10.13 21:30:51.551,0.7812,0.7815,80.90,226.00
2008.10.13 21:30:51.719,0.78125,0.78165,80.30,286.70
2008.10.13 21:30:58.047,0.7812,0.7816,40.30,227.30
2008.10.13 21:30:58.215,0.7812,0.7816,82.80,227.30
2008.10.13 21:30:59.167,0.78125,0.7816,42.70,318.90
2008.10.13 21:30:59.335,0.78125,0.78165,42.10,319.90
2008.10.13 21:31:00.959,0.78135,0.78165,65.30,315.60
2008.10.13 21:31:01.071,0.78135,0.7817,42.30,319.20
2008.10.13 21:31:01.295,0.7814,0.7818,40.70,319.20
2008.10.13 21:31:01.799,0.7814,0.7818,42.30,319.20
2008.10.13 21:31:02.471,0.7814,0.7818,67.90,253.60
2008.10.13 21:31:02.695,0.7814,0.7818,91.70,319.20
2008.10.13 21:31:02.919,0.7815,0.7819,117.60,345.00
2008.10.13 21:31:03.367,0.78155,0.7819,114.00,348.20
2008.10.13 21:31:03.423,0.7816,0.7819,115.70,347.80
2008.10.13 21:31:04.319,0.78155,0.7819,214.40,252.40
2008.10.13 21:31:06.559,0.7816,0.7819,138.30,252.40
2008.10.13 21:31:12.163,0.7816,0.782,41.80,40.40
2008.10.13 21:31:12.727,0.7817,0.782,17.90,65.00
2008.10.13 21:31:13.007,0.7817,0.7821,17.30,63.30
2008.10.13 21:31:13.515,0.78175,0.7821,46.40,90.50
2008.10.13 21:31:13.683,0.78175,0.78215,47.10,85.30
2008.10.13 21:31:14.971,0.78175,0.7821,71.30,111.60
2008.10.13 21:31:15.195,0.7817,0.7821,71.30,111.60
2008.10.13 21:31:15.699,0.7817,0.7821,74.50,111.00
2008.10.13 21:31:16.489,0.7817,0.7821,100.50,135.60
2008.10.13 21:31:16.827,0.78175,0.7821,123.60,111.80
2008.10.13 21:31:20.802,0.7817,0.7821,172.00,62.20
2008.10.13 21:31:24.778,0.78155,0.78195,153.30,63.20
2008.10.13 21:31:28.027,0.7816,0.782,88.70,109.10
2008.10.13 21:31:28.138,0.7816,0.782,88.70,109.10
2008.10.13 21:31:28.306,0.7816,0.782,88.80,110.80
2008.10.13 21:31:28.870,0.78165,0.78205,111.50,136.10
2008.10.13 21:31:29.039,0.78165,0.78205,112.90,137.70
2008.10.13 21:31:29.319,0.78165,0.78205,117.20,137.70
2008.10.13 21:31:30.774,0.78165,0.78205,166.00,43.30
2008.10.13 21:31:31.113,0.7817,0.7821,186.90,64.30
2008.10.13 21:31:31.454,0.78175,0.78215,137.50,120.80
2008.10.13 21:31:31.622,0.78175,0.78215,137.50,120.80
2008.10.13 21:31:32.414,0.7817,0.7821,240.80,154.80
2008.10.13 21:31:32.642,0.7816,0.78195,258.90,129.20
2008.10.13 21:31:33.554,0.7816,0.78195,312.10,185.20
2008.10.13 21:31:33.946,0.7816,0.78195,421.90,158.80
2008.10.13 21:31:34.226,0.7816,0.782,422.30,184.40
2008.10.13 21:31:35.071,0.7816,0.782,420.70,158.20
2008.10.13 21:31:35.350,0.7816,0.782,480.30,158.20
2008.10.13 21:31:35.462,0.7816,0.78195,359.60,158.80
2008.10.13 21:31:35.574,0.7816,0.78195,359.60,158.80
2008.10.13 21:31:36.078,0.7816,0.78195,360.00,158.80
2008.10.13 21:31:36.190,0.7816,0.78195,481.90,158.80
2008.10.13 21:31:38.098,0.7816,0.782,543.80,134.80
2008.10.13 21:31:39.610,0.78165,0.782,572.90,135.80
2008.10.13 21:31:39.834,0.78165,0.78205,573.30,135.80
2008.10.13 21:31:40.898,0.78165,0.782,479.60,135.80
2008.10.13 21:31:43.082,0.7816,0.782,281.00,158.80
2008.10.13 21:31:43.194,0.7816,0.782,280.10,158.80
2008.10.13 21:31:43.362,0.78155,0.78195,280.60,158.80
2008.10.13 21:31:48.124,0.78155,0.78195,281.30,59.90
2008.10.13 21:31:48.350,0.78155,0.78195,281.40,83.90
2008.10.13 21:31:52.494,0.78155,0.78195,354.00,85.10
2008.10.13 21:31:52.606,0.78155,0.78195,356.10,86.80
2008.10.13 21:31:52.830,0.78155,0.78195,357.80,86.80
2008.10.13 21:31:53.446,0.78155,0.78195,356.10,86.80
2008.10.13 21:32:06.886,0.78155,0.78195,478.10,208.20
2008.10.13 21:32:07.170,0.78155,0.78195,498.80,209.70
2008.10.13 21:32:16.638,0.78155,0.78195,591.90,140.70
2008.10.13 21:32:16.974,0.78155,0.78195,505.90,126.90
2008.10.13 21:32:17.142,0.78155,0.78185,636.40,108.10
2008.10.13 21:32:17.478,0.7812,0.7816,436.90,106.20
2008.10.13 21:32:18.038,0.7812,0.78165,533.70,133.20
2008.10.13 21:32:22.522,0.7813,0.7816,528.10,303.80
2008.10.13 21:32:23.194,0.7813,0.78155,535.40,187.60
2008.10.13 21:32:23.586,0.7813,0.7815,405.62,130.20
2008.10.13 21:32:26.498,0.7812,0.7815,458.30,58.20
2008.10.13 21:32:28.291,0.7813,0.7815,308.80,59.00
2008.10.13 21:32:28.627,0.7813,0.78145,311.80,59.80
2008.10.13 21:32:36.802,0.78105,0.78145,438.10,133.40
2008.10.13 21:32:53.154,0.78125,0.78145,313.00,164.60
2008.10.13 21:32:56.962,0.78105,0.78145,384.10,164.60
2008.10.13 21:33:18.354,0.7811,0.78145,255.30,167.60
2008.10.13 21:33:18.578,0.78125,0.7818,401.10,257.50
2008.10.13 21:33:21.714,0.7813,0.78155,537.00,162.80
2008.10.13 21:33:22.218,0.7813,0.78145,405.62,38.20
2008.10.13 21:33:23.506,0.7813,0.7815,312.20,66.50
2008.10.13 21:33:23.730,0.7813,0.7815,312.20,38.40
2008.10.13 21:33:26.194,0.7812,0.7815,458.30,38.40
2008.10.13 21:33:27.818,0.7813,0.7815,528.30,51.00
2008.10.13 21:33:32.410,0.7812,0.7815,456.10,51.00
2008.10.13 21:33:32.970,0.78125,0.7815,349.10,75.20
2008.10.13 21:33:33.026,0.78125,0.7816,458.10,75.20
2008.10.13 21:33:33.306,0.7813,0.7817,456.50,75.20
2008.10.13 21:33:34.090,0.7813,0.7817,530.10,75.20
2008.10.13 21:33:38.066,0.7814,0.7818,597.30,127.70
2008.10.13 21:33:38.234,0.78145,0.78185,503.90,127.70
2008.10.13 21:33:42.210,0.7815,0.7819,490.50,101.70
2008.10.13 21:33:49.658,0.7815,0.7819,473.70,175.20
2008.10.13 21:33:50.722,0.7815,0.7819,438.80,127.30
2008.10.13 21:34:14.018,0.7815,0.78185,474.40,222.50
2008.10.13 21:34:14.130,0.78145,0.78185,438.80,222.50
2008.10.13 21:34:14.746,0.7815,0.7819,438.80,224.10
2008.10.13 21:34:35.074,0.78145,0.78185,438.80,298.50
2008.10.13 21:34:37.706,0.78145,0.78185,438.80,300.10
2008.10.13 21:34:48.070,0.78145,0.7818,439.80,349.30
2008.10.13 21:34:55.126,0.7814,0.7818,354.10,397.10
2008.10.13 21:35:06.998,0.7814,0.78175,443.40,469.70
2008.10.13 21:35:07.109,0.78135,0.78175,475.10,469.70
2008.10.13 21:35:13.997,0.7813,0.78165,374.20,284.60
2008.10.13 21:35:14.389,0.7813,0.78165,372.20,306.80
2008.10.13 21:35:14.557,0.7813,0.7816,372.20,36.60
2008.10.13 21:35:18.254,0.7813,0.78155,377.60,37.60
2008.10.13 21:35:23.069,0.7812,0.78155,340.00,107.00
2008.10.13 21:35:28.333,0.7813,0.78155,375.40,84.60
2008.10.13 21:35:31.917,0.7812,0.78155,339.00,84.60
2008.10.13 21:35:40.317,0.7812,0.78145,303.10,84.60
2008.10.13 21:35:45.525,0.7812,0.78155,421.30,132.20
2008.10.13 21:35:46.085,0.7812,0.78155,367.30,110.00
2008.10.13 21:35:46.589,0.7813,0.78155,378.40,133.60
2008.10.13 21:35:49.725,0.7812,0.78155,421.30,133.60
2008.10.13 21:35:50.733,0.7813,0.78155,496.80,157.60
2008.10.13 21:35:53.757,0.7812,0.78155,421.30,157.60
2008.10.13 21:36:41.977,0.7813,0.78155,374.10,210.40
2008.10.13 21:36:44.553,0.7813,0.7815,278.30,257.80
2008.10.13 21:36:51.777,0.78135,0.7815,393.30,306.20
2008.10.13 21:36:52.897,0.7814,0.7815,492.90,308.50
2008.10.13 21:36:53.009,0.7814,0.7815,393.30,308.50
2008.10.13 21:36:53.233,0.7814,0.78155,492.50,307.90
2008.10.13 21:36:54.241,0.7813,0.78155,374.50,307.90
2008.10.13 21:36:54.409,0.7813,0.78155,354.70,307.90
2008.10.13 21:36:54.521,0.78125,0.78155,492.50,307.90
2008.10.13 21:36:54.913,0.78125,0.7815,321.30,305.80
2008.10.13 21:36:56.481,0.7812,0.78145,270.20,305.60
2008.10.13 21:36:56.761,0.7813,0.78145,281.40,305.60
2008.10.13 21:37:00.065,0.78105,0.78145,414.30,302.00
2008.10.13 21:37:03.537,0.78125,0.78145,283.20,333.00
2008.10.13 21:37:03.761,0.78125,0.7814,283.20,333.00
2008.10.13 21:37:07.349,0.78105,0.7814,448.70,384.20
2008.10.13 21:37:07.517,0.78115,0.7814,362.20,408.20
2008.10.13 21:37:07.573,0.78115,0.78135,363.00,408.20
2008.10.13 21:37:09.141,0.78085,0.78135,43.60,45.70
2008.10.13 21:37:09.645,0.78085,0.78135,42.00,45.70
2008.10.13 21:37:30.873,0.78105,0.7814,128.80,116.00
2008.10.13 21:37:31.321,0.78105,0.78145,119.10,113.60
2008.10.13 21:37:34.237,0.7811,0.7815,190.90,145.90
2008.10.13 21:37:34.405,0.7811,0.7815,194.90,155.90
2008.10.13 21:37:41.461,0.7811,0.7815,217.00,214.00
2008.10.13 21:37:41.909,0.78105,0.78145,311.40,215.60
2008.10.13 21:37:42.245,0.78105,0.78145,311.00,215.60
2008.10.13 21:37:42.357,0.78105,0.78145,309.40,295.90
2008.10.13 21:37:48.237,0.78095,0.7814,426.20,266.70
2008.10.13 21:37:52.101,0.78095,0.7813,527.80,267.50
2008.10.13 21:37:52.213,0.7809,0.7813,530.50,267.50
2008.10.13 21:38:02.853,0.781,0.7814,686.40,342.00
2008.10.13 21:38:03.749,0.781,0.7814,686.20,438.80
2008.10.13 21:38:07.669,0.781,0.7814,578.40,391.60
2008.10.13 21:38:07.781,0.781,0.7814,590.00,415.60
2008.10.13 21:38:07.893,0.78105,0.7814,421.20,530.80
2008.10.13 21:38:08.005,0.7811,0.7814,328.50,534.80
2008.10.13 21:38:08.565,0.7811,0.78145,427.70,563.80
2008.10.13 21:38:13.325,0.7811,0.78145,376.50,469.40
2008.10.13 21:38:13.437,0.7811,0.78145,473.00,469.40
2008.10.13 21:38:13.549,0.78115,0.78155,472.80,495.20
2008.10.13 21:38:13.829,0.7811,0.7815,483.40,654.50
2008.10.13 21:38:31.637,0.7811,0.7815,468.00,29.40
2008.10.13 21:38:32.085,0.78105,0.78145,480.10,12.20
2008.10.13 21:38:32.645,0.78105,0.78145,488.90,36.60
2008.10.13 21:38:32.813,0.781,0.7814,615.40,36.60
2008.10.13 21:38:40.317,0.78105,0.78145,447.40,39.50
2008.10.13 21:38:44.013,0.78105,0.78145,525.00,12.20
2008.10.13 21:38:47.037,0.78105,0.78145,584.40,27.90
2008.10.13 21:38:51.741,0.78105,0.7814,646.60,95.80
2008.10.13 21:38:52.077,0.78105,0.78145,646.40,95.90
2008.10.13 21:38:52.189,0.78105,0.78145,646.40,95.90
2008.10.13 21:39:00.757,0.78095,0.7812,507.50,42.00
2008.10.13 21:39:01.097,0.7806,0.7812,573.10,42.00
2008.10.13 21:39:01.937,0.7806,0.78105,631.10,181.40
2008.10.13 21:39:02.328,0.7807,0.7811,633.10,65.40
2008.10.13 21:39:03.672,0.78075,0.78115,578.90,114.20
2008.10.13 21:39:03.840,0.78075,0.78115,782.30,114.20
2008.10.13 21:39:04.289,0.78085,0.78125,602.90,218.00
2008.10.13 21:39:04.513,0.78085,0.78125,631.00,315.70
2008.10.13 21:39:04.792,0.78085,0.7811,842.90,243.80
2008.10.13 21:39:04.904,0.7807,0.7811,751.10,243.80
2008.10.13 21:39:07.816,0.78075,0.78115,696.90,213.40
2008.10.13 21:39:07.873,0.78075,0.78115,696.90,213.40
2008.10.13 21:39:08.376,0.78075,0.78115,698.50,213.40
2008.10.13 21:39:08.489,0.7808,0.7812,630.00,246.00
2008.10.13 21:39:10.224,0.7808,0.781,513.80,261.40
2008.10.13 21:39:10.281,0.7807,0.781,783.50,264.60
2008.10.13 21:39:10.616,0.7807,0.7809,753.70,264.60
2008.10.13 21:39:13.360,0.7803,0.7808,244.00,260.40
2008.10.13 21:39:17.560,0.7804,0.7807,247.20,110.40
2008.10.13 21:39:17.675,0.7804,0.78065,250.40,110.40
2008.10.13 21:39:19.297,0.78035,0.78075,49.40,60.50
2008.10.13 21:39:19.352,0.78035,0.78075,49.40,60.50
2008.10.13 21:39:27.081,0.78035,0.78075,127.30,74.70
2008.10.13 21:39:32.288,0.78035,0.78075,127.30,141.20
2008.10.13 21:39:42.088,0.7804,0.78075,151.90,286.80
2008.10.13 21:39:42.256,0.7804,0.7808,102.30,229.00
2008.10.13 21:39:42.480,0.78045,0.7808,94.70,229.00
2008.10.13 21:39:42.592,0.78045,0.78085,100.30,230.60
2008.10.13 21:39:46.512,0.78045,0.78085,242.00,232.70
2008.10.13 21:39:46.680,0.7805,0.7809,169.90,234.30
2008.10.13 21:39:48.248,0.7805,0.7809,234.00,234.30
2008.10.13 21:39:48.641,0.7805,0.7809,207.90,232.70
2008.10.13 21:39:48.864,0.78055,0.78095,236.80,232.60
2008.10.13 21:39:56.368,0.78055,0.78085,319.10,232.60
2008.10.13 21:39:56.481,0.78055,0.7809,319.10,232.60
2008.10.13 21:40:03.424,0.78055,0.7809,387.70,232.60
2008.10.13 21:40:03.592,0.78055,0.78095,395.10,232.60
2008.10.13 21:40:03.760,0.78055,0.78095,387.30,232.60
2008.10.13 21:40:03.928,0.78055,0.78095,390.40,232.60
2008.10.13 21:40:04.096,0.78055,0.7809,235.10,232.60
2008.10.13 21:40:06.840,0.78055,0.78095,388.10,232.60
2008.10.13 21:40:07.288,0.78055,0.7809,235.10,232.60
2008.10.13 21:40:07.400,0.78055,0.7809,235.10,232.60
2008.10.13 21:40:09.192,0.78065,0.7809,43.10,232.60
2008.10.13 21:40:09.248,0.78065,0.7809,258.30,235.90
2008.10.13 21:40:09.304,0.78065,0.78105,411.20,209.40
2008.10.13 21:40:09.528,0.7807,0.7811,409.20,235.90
2008.10.13 21:40:09.920,0.7807,0.7811,409.70,235.90
2008.10.13 21:40:10.088,0.7807,0.7811,411.30,235.90
2008.10.13 21:40:10.256,0.78075,0.7811,258.10,235.90
2008.10.13 21:40:10.368,0.78075,0.78115,410.90,209.40
2008.10.13 21:40:13.672,0.78075,0.78115,135.90,209.40
2008.10.13 21:40:13.840,0.7807,0.7811,352.50,235.90
2008.10.13 21:40:21.736,0.7807,0.7811,141.60,234.90
2008.10.13 21:40:22.072,0.78075,0.78115,137.50,149.40
2008.10.13 21:41:09.560,0.7806,0.781,189.30,224.00
2008.10.13 21:41:09.784,0.7806,0.781,187.70,224.00
2008.10.13 21:41:31.232,0.78065,0.781,465.30,192.20
2008.10.13 21:41:31.456,0.7803,0.78085,428.70,190.40
2008.10.13 21:41:58.280,0.78035,0.78075,459.60,138.20
2008.10.13 21:41:58.565,0.78035,0.78075,458.00,138.20
2008.10.13 21:42:09.356,0.78035,0.78075,506.40,242.60
2008.10.13 21:42:09.412,0.78035,0.78075,507.10,268.20
2008.10.13 21:42:09.468,0.78035,0.78065,510.90,268.20
2008.10.13 21:42:09.584,0.7803,0.78065,414.70,258.60
2008.10.13 21:42:11.044,0.7803,0.78065,413.70,258.60
2008.10.13 21:42:11.268,0.7804,0.7808,392.40,286.40
2008.10.13 21:42:17.824,0.7804,0.78075,465.30,288.30
2008.10.13 21:42:17.936,0.7804,0.78075,464.80,288.30
2008.10.13 21:42:18.104,0.78035,0.78075,519.00,411.90
2008.10.13 21:42:18.216,0.78035,0.78075,519.00,411.90
2008.10.13 21:42:18.392,0.7803,0.7806,533.10,307.60
2008.10.13 21:42:19.400,0.7803,0.78065,534.70,159.80
2008.10.13 21:42:20.580,0.7803,0.78055,533.10,337.20
2008.10.13 21:42:21.756,0.7803,0.78065,534.70,161.40
2008.10.13 21:42:53.536,0.7803,0.7807,527.10,72.60
2008.10.13 21:43:02.459,0.7803,0.78055,587.70,39.20
2008.10.13 21:43:09.071,0.7803,0.78055,617.50,252.00
2008.10.13 21:43:09.127,0.7803,0.78055,619.10,255.00
2008.10.13 21:43:09.520,0.7803,0.78065,614.30,252.00
2008.10.13 21:43:09.687,0.7803,0.7807,614.70,218.20
2008.10.13 21:43:10.303,0.7803,0.7807,614.70,252.00
2008.10.13 21:43:11.703,0.7803,0.7807,613.10,252.00
2008.10.13 21:43:12.039,0.7803,0.78065,646.10,251.80
2008.10.13 21:43:13.103,0.7803,0.78065,648.10,237.00
2008.10.13 21:43:13.159,0.7803,0.78065,649.70,237.00
2008.10.13 21:43:13.271,0.7803,0.7807,650.10,277.60
2008.10.13 21:43:13.384,0.7803,0.7807,650.10,277.60
2008.10.13 21:43:15.347,0.7803,0.7807,708.10,325.60
2008.10.13 21:43:15.627,0.7803,0.78065,707.70,285.00
2008.10.13 21:43:16.187,0.7803,0.78065,709.70,320.00
2008.10.13 21:43:16.411,0.7803,0.7807,710.10,322.40
2008.10.13 21:43:20.051,0.7803,0.7807,770.10,320.00
2008.10.13 21:43:20.387,0.7804,0.7807,891.10,321.00
2008.10.13 21:43:50.551,0.78035,0.78075,538.90,402.20
2008.10.13 21:43:50.663,0.78035,0.78075,479.50,403.40
2008.10.13 21:43:51.167,0.78035,0.78075,480.10,403.40
2008.10.13 21:43:59.399,0.7803,0.7807,590.20,430.60
2008.10.13 21:44:03.543,0.78035,0.78075,598.50,505.00
2008.10.13 21:44:03.823,0.7804,0.78075,464.50,633.70
2008.10.13 21:44:03.935,0.7804,0.78075,741.60,531.90
2008.10.13 21:44:04.159,0.78045,0.78085,740.00,531.90
2008.10.13 21:44:20.523,0.78045,0.78085,558.70,555.40
2008.10.13 21:44:20.579,0.78045,0.78085,559.10,555.40
2008.10.13 21:44:20.971,0.7805,0.78085,581.50,548.60
2008.10.13 21:44:21.027,0.7805,0.7809,581.10,548.60
2008.10.13 21:44:39.063,0.7805,0.7809,727.30,675.60
2008.10.13 21:44:39.119,0.78055,0.78095,724.60,675.60
2008.10.13 21:45:41.371,0.78055,0.78095,105.80,755.20
2008.10.13 21:45:59.127,0.78055,0.78095,105.40,754.20
2008.10.13 21:45:59.183,0.78055,0.78095,103.80,754.20
2008.10.13 21:46:12.667,0.78046,0.78076,65.40,58.50
2008.10.13 21:46:12.835,0.78049,0.78079,92.60,44.70
2008.10.13 21:46:13.003,0.78055,0.78075,37.30,163.40
2008.10.13 21:46:15.579,0.78052,0.78077,74.60,92.80
2008.10.13 21:46:15.859,0.78053,0.78073,111.20,114.70
2008.10.13 21:46:16.923,0.78049,0.78074,37.90,217.60
2008.10.13 21:46:17.035,0.78048,0.78073,58.80,73.70
2008.10.13 21:46:17.483,0.7805,0.78075,37.30,163.40
2008.10.13 21:46:17.819,0.78051,0.78076,44.40,174.40
2008.10.13 21:46:18.211,0.78053,0.78078,57.30,27.70
2008.10.13 21:46:18.379,0.78057,0.78082,164.40,97.60
2008.10.13 21:46:19.555,0.7806,0.78085,37.30,163.40
2008.10.13 21:46:21.627,0.78062,0.78088,63.40,57.20
2008.10.13 21:46:23.027,0.78062,0.78087,92.60,44.70
2008.10.13 21:46:23.195,0.78059,0.78084,442.70,229.70
2008.10.13 21:46:23.815,0.78057,0.78082,252.40,124.70
2008.10.13 21:46:24.543,0.78053,0.78083,442.70,229.70
2008.10.13 21:46:30.875,0.78054,0.78079,58.80,73.70
2008.10.13 21:46:31.155,0.78054,0.78079,65.40,58.50
2008.10.13 21:46:34.457,0.78053,0.78078,59.40,72.20
2008.10.13 21:46:34.851,0.78054,0.78079,87.40,65.90
2008.10.13 21:46:34.963,0.78055,0.7808,59.40,72.20
2008.10.13 21:46:38.771,0.78056,0.78076,66.80,52.10
2008.10.13 21:46:52.211,0.78052,0.78077,37.30,163.40
2008.10.13 21:46:52.491,0.78052,0.78072,360.80,231.30
2008.10.13 21:46:52.715,0.78049,0.78073,44.40,174.40
2008.10.13 21:47:05.375,0.78042,0.78068,442.70,229.70
2008.10.13 21:47:05.431,0.78042,0.78068,29.30,80.20
2008.10.13 21:47:07.391,0.78042,0.78068,37.30,163.40
2008.10.13 21:47:07.955,0.7804,0.7807,66.80,52.10
2008.10.13 21:47:08.235,0.78042,0.78068,50.90,55.60
2008.10.13 21:47:08.403,0.78042,0.78068,442.70,229.70
2008.10.13 21:47:14.605,0.7804,0.7807,252.40,124.70
2008.10.13 21:47:20.891,0.78042,0.78068,90.60,100.80
2008.10.13 21:47:21.115,0.78042,0.78068,49.20,83.10
2008.10.13 21:47:34.835,0.78042,0.78068,112.80,89.80
2008.10.13 21:47:35.002,0.78042,0.78068,74.60,92.80
2008.10.13 21:47:35.953,0.7804,0.7807,38.40,62.80
2008.10.13 21:47:36.403,0.7804,0.7807,114.40,31.80
2008.10.13 21:47:40.043,0.78042,0.78068,59.40,72.20
2008.10.13 21:47:40.435,0.7804,0.7807,74.60,92.80
2008.10.13 21:47:40.827,0.7804,0.7807,61.00,65.20
2008.10.13 21:47:43.676,0.7804,0.7807,63.40,57.20
2008.10.13 21:47:43.794,0.78042,0.78068,73.80,109.30
2008.10.13 21:47:43.963,0.78042,0.78068,114.30,71.40
2008.10.13 21:47:45.418,0.7804,0.7807,33.60,83.40
2008.10.13 21:47:45.587,0.78042,0.78068,38.40,62.80
2008.10.13 21:47:47.380,0.78042,0.78068,265.90,70.00
2008.10.13 21:47:47.607,0.7804,0.7807,63.40,57.20
2008.10.13 21:47:48.111,0.78042,0.78068,29.30,80.20
2008.10.13 21:47:48.671,0.7804,0.7807,49.20,83.10
2008.10.13 21:47:59.031,0.78042,0.78068,111.20,114.70
2008.10.13 21:47:59.087,0.7804,0.7807,37.90,217.60
2008.10.13 21:47:59.479,0.78042,0.78068,29.30,80.20
2008.10.13 21:47:59.983,0.7804,0.7807,73.80,109.30
2008.10.13 21:48:07.258,0.7806,0.781,121.50,117.60
2008.10.13 21:48:21.258,0.78065,0.781,229.50,143.20
2008.10.13 21:48:21.594,0.78065,0.78105,228.90,145.60
2008.10.13 21:48:22.266,0.7806,0.78095,269.30,144.80
2008.10.13 21:48:22.434,0.78055,0.78095,270.40,144.80
2008.10.13 21:48:55.030,0.78055,0.78095,298.40,225.60
2008.10.13 21:48:56.542,0.78055,0.78095,298.00,225.60
2008.10.13 21:48:56.654,0.78055,0.78095,296.30,224.90
2008.10.13 21:48:56.990,0.7805,0.78085,321.40,229.80
2008.10.13 21:49:08.306,0.78055,0.78085,442.00,175.60
2008.10.13 21:49:08.418,0.78055,0.78085,336.00,175.60
2008.10.13 21:49:08.642,0.78055,0.7809,332.90,223.40
2008.10.13 21:49:08.866,0.78055,0.7809,332.90,175.60
2008.10.13 21:49:10.714,0.78055,0.7809,331.30,175.60
2008.10.13 21:49:10.826,0.7805,0.7809,166.80,177.80
2008.10.13 21:49:11.108,0.7805,0.7809,166.80,180.30
2008.10.13 21:49:17.774,0.78055,0.78095,109.20,230.70
2008.10.13 21:49:17.886,0.78055,0.78095,109.20,230.70
2008.10.13 21:49:23.822,0.7806,0.78095,89.10,233.90
2008.10.13 21:49:24.102,0.7806,0.78095,135.50,232.20
2008.10.13 21:49:32.226,0.7807,0.781,147.90,232.20
2008.10.13 21:49:32.562,0.7807,0.781,153.50,232.20
2008.10.13 21:49:33.067,0.7807,0.78095,97.52,232.00
2008.10.13 21:49:33.514,0.78065,0.78095,98.40,232.20
2008.10.13 21:49:45.560,0.78055,0.78095,177.30,88.00
2008.10.13 21:49:45.954,0.78055,0.7809,23.60,86.40
2008.10.13 21:49:52.114,0.78055,0.78095,22.00,92.30
2008.10.13 21:49:53.906,0.78055,0.78095,22.00,95.30
2008.10.13 21:49:53.962,0.78055,0.78095,23.60,95.30
2008.10.13 21:49:56.042,0.78055,0.78095,23.20,98.50
2008.10.13 21:49:56.154,0.78055,0.78095,24.80,92.20
2008.10.13 21:50:22.530,0.78055,0.78095,24.40,104.90
2008.10.13 21:50:26.618,0.7805,0.7809,38.80,98.60
2008.10.13 21:50:32.390,0.7805,0.7809,54.00,125.80
2008.10.13 21:50:41.686,0.7805,0.7809,55.60,149.80
2008.10.13 21:50:41.966,0.7805,0.7809,72.80,178.60
2008.10.13 21:50:42.694,0.78055,0.78095,55.20,178.60
2008.10.13 21:50:48.461,0.7806,0.781,81.80,180.20
2008.10.13 21:50:48.797,0.78065,0.78105,78.80,218.60
2008.10.13 21:50:59.549,0.7807,0.78105,21.30,218.60
2008.10.13 21:50:59.773,0.7807,0.78105,45.70,220.20
2008.10.13 21:50:59.829,0.7807,0.7811,46.10,220.20
2008.10.13 21:51:00.277,0.7807,0.7811,46.10,219.20
2008.10.13 21:51:01.005,0.7807,0.7811,60.00,219.20
2008.10.13 21:51:03.246,0.7807,0.7811,118.10,218.60
2008.10.13 21:51:03.469,0.78085,0.7811,55.50,220.80
2008.10.13 21:51:05.261,0.78085,0.78115,40.90,219.40
2008.10.13 21:51:08.341,0.78095,0.78115,40.90,219.40
2008.10.13 21:51:08.454,0.78095,0.78115,53.40,148.80
2008.10.13 21:51:08.565,0.78095,0.7813,56.20,221.00
2008.10.13 21:51:08.845,0.781,0.7814,54.60,198.00
2008.10.13 21:51:08.957,0.781,0.7814,54.60,148.00
2008.10.13 21:51:19.821,0.78095,0.78135,72.70,217.80
2008.10.13 21:51:28.557,0.78105,0.7814,43.72,144.40
2008.10.13 21:51:28.781,0.78095,0.78135,149.20,144.00
2008.10.13 21:51:33.989,0.78095,0.78135,119.70,144.00
2008.10.13 21:51:34.045,0.78095,0.78135,152.90,147.20
2008.10.13 21:51:34.325,0.781,0.7814,150.90,148.00
2008.10.13 21:51:34.381,0.781,0.7814,150.90,148.00
2008.10.13 21:51:41.941,0.781,0.7813,167.10,221.00
2008.10.13 21:51:42.222,0.7809,0.7813,246.30,221.00
2008.10.13 21:51:46.533,0.7809,0.7813,270.30,203.10
2008.10.13 21:51:47.821,0.7808,0.7812,296.30,205.80
2008.10.13 21:51:51.797,0.7808,0.7812,319.10,291.20
2008.10.13 21:51:51.909,0.78075,0.78115,355.40,292.20
2008.10.13 21:51:52.078,0.7808,0.7812,320.72,291.20
2008.10.13 21:51:52.189,0.7808,0.7812,357.00,291.20
2008.10.13 21:51:53.985,0.7808,0.7812,296.20,339.20
2008.10.13 21:51:54.041,0.7808,0.7812,237.00,341.00
2008.10.13 21:51:54.489,0.7809,0.7812,233.50,341.00
2008.10.13 21:51:54.545,0.7809,0.7813,232.90,341.00
2008.10.13 21:51:55.161,0.78085,0.78125,232.90,362.60
2008.10.13 21:51:56.785,0.78085,0.7812,258.50,404.00
2008.10.13 21:51:56.841,0.7808,0.7812,211.10,404.00
2008.10.13 21:51:57.233,0.7808,0.7812,280.90,404.00
2008.10.13 21:51:57.569,0.78075,0.78115,232.50,404.00
2008.10.13 21:51:58.356,0.78075,0.78115,232.90,428.00
2008.10.13 21:51:58.525,0.78085,0.78125,304.90,494.10
2008.10.13 21:51:58.749,0.78085,0.78125,304.90,494.10
2008.10.13 21:51:59.085,0.7808,0.7812,305.90,427.40
2008.10.13 21:51:59.309,0.78075,0.78115,401.00,427.40
2008.10.13 21:51:59.925,0.78085,0.78125,353.70,427.60
2008.10.13 21:52:03.733,0.78095,0.78135,358.20,451.40
2008.10.13 21:52:03.901,0.78095,0.78135,358.20,451.40
2008.10.13 21:52:08.997,0.781,0.7814,207.70,524.20
2008.10.13 21:52:09.053,0.781,0.7814,183.10,524.20
2008.10.13 21:52:09.449,0.7811,0.7814,20.02,527.20
2008.10.13 21:52:09.505,0.7811,0.7814,112.70,527.20
2008.10.13 21:52:19.809,0.7812,0.7814,171.62,524.30
2008.10.13 21:52:19.865,0.7812,0.7814,192.70,524.30
2008.10.13 21:52:22.497,0.7811,0.7814,231.70,526.90
2008.10.13 21:52:22.777,0.78095,0.78135,265.60,601.30
2008.10.13 21:52:25.577,0.78095,0.78135,256.70,582.90
2008.10.13 21:52:28.153,0.7809,0.7813,369.40,691.40
2008.10.13 21:52:29.049,0.7809,0.7813,342.40,432.70
2008.10.13 21:52:29.329,0.78105,0.7814,232.50,355.10
2008.10.13 21:52:32.801,0.7811,0.7814,144.20,358.00
2008.10.13 21:52:41.649,0.7811,0.7814,232.80,358.00
2008.10.13 21:52:41.929,0.78115,0.7814,185.30,361.20
2008.10.13 21:52:42.100,0.78115,0.7814,185.30,361.20
2008.10.13 21:52:43.221,0.7812,0.7814,160.50,361.40
2008.10.13 21:52:43.277,0.7812,0.7815,66.30,386.40
2008.10.13 21:52:43.333,0.7813,0.7815,66.32,389.60
2008.10.13 21:52:43.389,0.7813,0.7815,66.50,302.20
2008.10.13 21:52:43.501,0.78135,0.7815,64.90,389.70
2008.10.13 21:52:43.613,0.78135,0.7815,64.90,389.70
2008.10.13 21:52:44.621,0.78135,0.78185,21.30,14.10
2008.10.13 21:52:44.901,0.7813,0.7818,69.40,61.60
2008.10.13 21:52:45.181,0.7814,0.7819,66.70,84.20
2008.10.13 21:52:46.357,0.7814,0.78175,67.70,63.20
2008.10.13 21:52:46.525,0.7814,0.78165,69.20,70.00
2008.10.13 21:52:46.693,0.78125,0.78165,64.50,70.00
2008.10.13 21:52:49.885,0.78125,0.78165,39.90,96.40
2008.10.13 21:52:54.813,0.78125,0.78165,110.50,117.30
2008.10.13 21:52:54.869,0.7812,0.7816,110.50,121.00
2008.10.13 21:52:55.542,0.78125,0.78165,86.90,95.00
2008.10.13 21:52:56.717,0.7812,0.7816,87.50,121.00
2008.10.13 21:52:57.053,0.7812,0.7816,87.50,121.00
2008.10.13 21:52:58.061,0.78125,0.78165,86.90,93.40
2008.10.13 21:53:00.581,0.7813,0.7817,137.32,119.00
2008.10.13 21:53:00.637,0.7813,0.7817,145.60,119.00
2008.10.13 21:53:03.213,0.78125,0.7816,41.50,139.80
2008.10.13 21:53:03.605,0.78135,0.7816,163.50,155.80
2008.10.13 21:53:03.773,0.78135,0.78175,184.50,155.80
2008.10.13 21:53:06.069,0.7813,0.7817,41.70,155.00
2008.10.13 21:53:16.317,0.7813,0.7816,42.30,231.50
2008.10.13 21:53:16.485,0.7812,0.7816,65.50,255.50
2008.10.13 21:53:25.109,0.7812,0.7816,21.30,13.90
2008.10.13 21:53:25.333,0.7811,0.7815,21.30,14.10
2008.10.13 21:53:36.705,0.78105,0.78145,21.90,14.00
2008.10.13 21:53:49.641,0.7811,0.7815,42.30,61.60
2008.10.13 21:53:56.361,0.7811,0.7814,114.90,102.80
2008.10.13 21:53:56.473,0.781,0.7814,114.30,99.60
2008.10.13 21:53:58.601,0.781,0.7814,116.10,163.60
2008.10.13 21:54:03.865,0.781,0.7814,93.30,170.80
2008.10.13 21:54:07.449,0.781,0.7814,101.70,229.20
2008.10.13 21:54:12.041,0.781,0.7814,160.50,303.90
2008.10.13 21:54:12.209,0.781,0.7814,160.50,303.90
2008.10.13 21:54:12.265,0.78095,0.78135,160.50,293.20
2008.10.13 21:54:15.629,0.78095,0.78135,191.70,328.40
2008.10.13 21:54:17.421,0.78095,0.78135,192.30,230.80
2008.10.13 21:54:17.813,0.781,0.7814,218.70,390.00
2008.10.13 21:54:24.141,0.781,0.7814,293.90,508.50
2008.10.13 21:54:24.365,0.7809,0.7813,316.70,548.50
2008.10.13 21:54:24.701,0.7809,0.7813,316.70,554.50
2008.10.13 21:54:24.757,0.78085,0.78125,401.30,418.20
2008.10.13 21:54:43.516,0.7809,0.7813,316.50,175.00
2008.10.13 21:54:43.573,0.7809,0.7813,316.50,175.00
2008.10.13 21:54:54.044,0.78095,0.78135,364.50,209.20
2008.10.13 21:54:54.101,0.78095,0.78135,364.50,209.20
2008.10.13 21:54:57.293,0.78095,0.7813,438.00,199.00
2008.10.13 21:54:57.573,0.7809,0.7813,436.50,199.00
2008.10.13 21:54:58.804,0.7809,0.78125,462.00,247.80
2008.10.13 21:54:58.917,0.78085,0.78125,485.30,247.80
2008.10.13 21:55:00.036,0.78095,0.78135,484.10,273.20
2008.10.13 21:55:00.988,0.78095,0.78135,481.50,295.80
2008.10.13 21:55:09.500,0.781,0.7814,338.30,319.80
2008.10.13 21:55:09.556,0.78095,0.78135,338.30,319.80
2008.10.13 21:56:10.932,0.78095,0.7815,368.30,509.50
2008.10.13 21:56:20.508,0.78105,0.78145,367.40,400.40
2008.10.13 21:56:21.798,0.78105,0.7813,370.90,398.60
2008.10.13 21:56:21.909,0.7808,0.7813,372.30,414.10
2008.10.13 21:56:22.020,0.7808,0.7812,371.60,397.40
2008.10.13 21:56:22.132,0.78065,0.7812,518.10,397.40
2008.10.13 21:56:34.508,0.78085,0.7811,372.70,459.40
2008.10.13 21:56:34.564,0.78085,0.78125,514.20,463.60
2008.10.13 21:56:34.620,0.78085,0.78135,514.20,436.20
2008.10.13 21:56:42.796,0.78095,0.7813,371.10,301.40
2008.10.13 21:56:43.076,0.7807,0.78115,515.30,300.20
2008.10.13 21:57:50.948,0.78075,0.7813,364.80,268.50
2008.10.13 21:58:00.020,0.78075,0.7814,361.60,307.30
2008.10.13 21:58:50.587,0.7808,0.78125,364.30,293.70
2008.10.13 21:58:50.699,0.7808,0.78125,364.30,293.70
2008.10.13 21:59:11.051,0.7808,0.78115,527.70,153.60
2008.10.13 21:59:11.331,0.7808,0.78115,362.13,202.40
2008.10.13 21:59:11.443,0.7807,0.78105,660.20,201.90
2008.10.13 21:59:11.611,0.7807,0.781,659.80,255.50
2008.10.13 21:59:15.199,0.7807,0.781,599.60,299.30
2008.10.13 21:59:17.271,0.78075,0.78115,661.10,390.50
2008.10.13 21:59:17.387,0.78075,0.78115,661.10,390.50
2008.10.13 21:59:19.523,0.78075,0.78115,661.70,418.90
2008.10.13 21:59:22.863,0.78075,0.78115,660.20,448.90
2008.10.13 21:59:24.547,0.7808,0.7812,661.70,508.90
2008.10.13 21:59:31.127,0.7809,0.7813,624.50,505.60
2008.10.13 21:59:41.279,0.7809,0.7813,494.10,535.60
2008.10.13 21:59:41.447,0.78085,0.78125,518.90,469.00
2008.10.13 21:59:41.615,0.7808,0.7812,650.70,469.00
2008.10.13 21:59:41.783,0.7808,0.7812,518.90,469.00
2008.10.13 21:59:43.911,0.78075,0.78115,650.70,517.00
2008.10.13 21:59:45.819,0.78075,0.78115,649.20,720.20
