2016.01.27 03:00:00.488,0.75703,0.75713,1.87,1.00
2016.01.27 03:00:00.995,0.75705,0.75713,1.00,1.00
2016.01.27 03:00:01.507,0.75705,0.75714,1.00,1.12
2016.01.27 03:00:02.029,0.75704,0.75716,1.12,3.00
2016.01.27 03:00:02.531,0.75704,0.75714,1.37,1.00
2016.01.27 03:00:03.517,0.75705,0.75716,1.00,1.75
2016.01.27 03:00:04.053,0.75706,0.75717,1.00,2.25
2016.01.27 03:00:04.598,0.75706,0.75717,1.00,2.25
2016.01.27 03:00:05.136,0.75705,0.75716,1.97,1.12
2016.01.27 03:00:05.647,0.75706,0.75717,1.00,2.25
2016.01.27 03:00:06.272,0.75705,0.75716,1.87,1.12
2016.01.27 03:00:06.730,0.75705,0.75716,1.87,1.37
2016.01.27 03:00:08.717,0.75706,0.75717,1.00,2.25
2016.01.27 03:00:11.617,0.75708,0.75717,1.00,1.50
2016.01.27 03:00:13.823,0.75707,0.75717,1.00,1.50
2016.01.27 03:00:19.762,0.75707,0.75718,1.12,3.37
2016.01.27 03:00:20.178,0.75709,0.75717,1.00,1.50
2016.01.27 03:00:22.181,0.75707,0.75717,1.12,1.50
2016.01.27 03:00:23.382,0.75708,0.75718,1.00,2.25
2016.01.27 03:00:23.737,0.75708,0.75717,1.00,1.00
2016.01.27 03:00:32.324,0.75707,0.75717,1.00,1.50
2016.01.27 03:00:32.882,0.75707,0.75717,1.00,1.50
2016.01.27 03:00:33.897,0.75707,0.75717,1.12,1.50
2016.01.27 03:00:34.869,0.75707,0.75717,1.00,1.50
2016.01.27 03:00:35.734,0.75707,0.75717,1.00,1.50
2016.01.27 03:00:37.939,0.75708,0.75717,1.00,1.50
2016.01.27 03:00:39.037,0.75709,0.75718,1.00,1.37
2016.01.27 03:00:39.538,0.75708,0.75719,1.00,3.75
2016.01.27 03:00:40.045,0.75709,0.75718,1.00,1.37
2016.01.27 03:00:41.973,0.75707,0.75718,1.12,1.37
2016.01.27 03:00:42.488,0.75708,0.75719,1.00,2.25
2016.01.27 03:00:44.248,0.75709,0.75719,1.00,2.25
2016.01.27 03:00:44.905,0.75708,0.75719,1.12,2.25
2016.01.27 03:00:45.577,0.75708,0.75719,1.37,2.25
2016.01.27 03:00:49.462,0.7571,0.75719,1.00,2.25
2016.01.27 03:00:50.521,0.75708,0.75719,1.37,2.25
2016.01.27 03:00:50.623,0.75708,0.75719,1.12,2.25
2016.01.27 03:00:51.601,0.75708,0.75719,1.37,2.25
2016.01.27 03:00:53.776,0.7571,0.75719,1.00,1.50
2016.01.27 03:00:54.616,0.75709,0.75719,1.00,1.00
2016.01.27 03:01:00.238,0.7571,0.75719,1.00,1.00
2016.01.27 03:01:01.777,0.75712,0.75719,1.00,1.00
2016.01.27 03:01:02.352,0.75711,0.75721,1.12,1.87
2016.01.27 03:01:04.708,0.75711,0.75721,1.00,1.12
2016.01.27 03:01:07.852,0.75711,0.75721,1.12,1.37
2016.01.27 03:01:10.760,0.7571,0.75721,1.12,3.37
2016.01.27 03:01:12.493,0.75709,0.7572,2.34,1.12
2016.01.27 03:01:21.845,0.75709,0.7572,1.12,1.50
2016.01.27 03:01:22.844,0.75709,0.7572,1.12,2.25
2016.01.27 03:01:23.570,0.7571,0.7572,1.00,2.25
2016.01.27 03:01:27.842,0.75709,0.7572,3.00,1.87
2016.01.27 03:01:29.627,0.75709,0.7572,2.62,2.25
2016.01.27 03:01:31.124,0.75708,0.75719,1.12,1.50
2016.01.27 03:01:32.130,0.75709,0.75719,1.00,1.00
2016.01.27 03:01:32.754,0.7571,0.75719,1.00,1.00
2016.01.27 03:01:36.099,0.7571,0.75721,1.00,1.50
2016.01.27 03:01:36.201,0.7571,0.75721,1.12,1.87
2016.01.27 03:01:36.861,0.7571,0.75721,1.50,1.75
2016.01.27 03:01:37.959,0.75711,0.75721,1.00,1.50
2016.01.27 03:01:40.832,0.75711,0.75722,1.50,2.25
2016.01.27 03:01:40.884,0.75711,0.75722,1.50,2.25
2016.01.27 03:01:41.395,0.75713,0.75722,1.00,1.37
2016.01.27 03:01:41.599,0.75713,0.75724,1.00,1.50
2016.01.27 03:01:42.143,0.75712,0.75723,1.87,1.12
2016.01.27 03:01:42.591,0.75713,0.75724,1.37,1.50
2016.01.27 03:01:44.582,0.75713,0.75724,1.37,1.50
2016.01.27 03:01:46.592,0.75713,0.75724,1.37,1.50
2016.01.27 03:01:52.077,0.75713,0.75723,1.37,1.00
2016.01.27 03:01:52.382,0.7572,0.75729,1.00,1.12
2016.01.27 03:01:52.701,0.75722,0.75731,1.00,1.87
2016.01.27 03:01:53.527,0.75722,0.75732,1.00,1.12
2016.01.27 03:01:54.355,0.75722,0.75733,1.50,1.37
2016.01.27 03:01:54.874,0.75722,0.75733,1.87,1.12
2016.01.27 03:01:56.401,0.75724,0.75732,1.00,1.00
2016.01.27 03:01:57.052,0.75722,0.75733,1.87,1.12
2016.01.27 03:01:57.959,0.75722,0.75732,1.37,1.00
2016.01.27 03:02:00.397,0.75722,0.7573,1.37,1.00
2016.01.27 03:02:00.906,0.7572,0.75731,2.34,1.00
2016.01.27 03:02:01.523,0.75721,0.75731,1.00,1.00
2016.01.27 03:02:04.082,0.75721,0.75732,1.50,1.12
2016.01.27 03:02:04.541,0.75721,0.7573,1.00,1.00
2016.01.27 03:02:04.879,0.7572,0.75728,1.87,1.00
2016.01.27 03:02:05.084,0.7572,0.7573,1.00,1.12
2016.01.27 03:02:05.845,0.7572,0.7573,1.00,1.87
2016.01.27 03:02:06.804,0.75719,0.7573,1.97,1.12
2016.01.27 03:02:07.428,0.75719,0.75729,1.50,1.00
2016.01.27 03:02:07.959,0.75719,0.75728,1.37,1.00
2016.01.27 03:02:08.497,0.75717,0.75728,2.72,1.00
2016.01.27 03:02:08.953,0.75717,0.75728,3.09,1.00
2016.01.27 03:02:09.721,0.75718,0.75729,1.00,1.50
2016.01.27 03:02:11.522,0.75719,0.75729,1.00,1.00
2016.01.27 03:02:12.816,0.75719,0.75729,1.00,1.50
2016.01.27 03:02:13.341,0.75718,0.75729,1.00,3.00
2016.01.27 03:02:13.943,0.75719,0.75729,1.00,2.25
2016.01.27 03:02:14.827,0.75719,0.75729,1.00,2.25
2016.01.27 03:02:15.363,0.7572,0.7573,1.00,1.75
2016.01.27 03:02:16.332,0.7572,0.75729,1.00,1.00
2016.01.27 03:02:18.267,0.7572,0.75731,1.00,1.37
2016.01.27 03:02:19.414,0.75722,0.75731,1.00,1.87
2016.01.27 03:02:21.859,0.75721,0.75731,1.00,1.37
2016.01.27 03:02:22.484,0.7572,0.75731,1.12,1.37
2016.01.27 03:02:22.993,0.75719,0.7573,1.00,1.12
2016.01.27 03:02:23.297,0.75721,0.7573,1.00,1.12
2016.01.27 03:02:24.676,0.75721,0.7573,1.00,1.37
2016.01.27 03:02:25.084,0.75719,0.7573,1.12,1.37
2016.01.27 03:02:30.637,0.75719,0.7573,1.00,1.12
2016.01.27 03:02:31.640,0.75719,0.7573,1.00,1.37
2016.01.27 03:02:33.575,0.7572,0.75731,1.00,3.00
2016.01.27 03:02:34.083,0.7572,0.75731,1.00,3.00
2016.01.27 03:02:35.689,0.7572,0.75731,1.00,3.00
2016.01.27 03:02:36.230,0.75721,0.75731,1.00,3.00
2016.01.27 03:02:36.737,0.7572,0.75731,1.00,3.00
2016.01.27 03:02:37.247,0.75719,0.75728,1.00,1.00
2016.01.27 03:02:37.793,0.75719,0.7573,1.00,1.87
2016.01.27 03:02:40.357,0.7572,0.7573,1.00,1.87
2016.01.27 03:02:41.434,0.75719,0.75729,1.00,1.50
2016.01.27 03:02:41.970,0.75718,0.75729,1.00,3.00
2016.01.27 03:02:42.541,0.75717,0.75728,1.00,2.62
2016.01.27 03:02:44.297,0.75717,0.75728,1.00,2.62
2016.01.27 03:02:59.299,0.75717,0.75728,1.00,2.62
2016.01.27 03:02:59.807,0.75716,0.75726,1.00,1.00
2016.01.27 03:03:00.142,0.75719,0.75728,1.00,1.37
2016.01.27 03:03:00.651,0.75719,0.75728,1.00,1.12
2016.01.27 03:03:01.982,0.7572,0.75728,1.00,1.00
2016.01.27 03:03:02.493,0.75719,0.75728,1.00,1.00
2016.01.27 03:03:04.656,0.7572,0.75728,1.00,1.00
2016.01.27 03:03:05.167,0.7572,0.7573,1.00,1.50
2016.01.27 03:03:05.735,0.7572,0.7573,1.00,1.12
2016.01.27 03:03:06.221,0.7572,0.7573,1.00,1.37
2016.01.27 03:03:06.753,0.75719,0.7573,1.12,1.87
2016.01.27 03:03:07.308,0.75719,0.7573,1.00,1.87
2016.01.27 03:03:09.457,0.75721,0.7573,1.00,1.37
2016.01.27 03:03:09.508,0.75719,0.7573,1.00,1.37
2016.01.27 03:03:10.015,0.7572,0.75731,1.00,2.25
2016.01.27 03:03:10.931,0.75721,0.7573,1.00,1.87
2016.01.27 03:03:11.441,0.7572,0.75731,1.00,2.25
2016.01.27 03:03:12.241,0.75718,0.75729,1.12,1.00
2016.01.27 03:03:12.768,0.75718,0.75729,1.00,2.25
2016.01.27 03:03:14.470,0.75719,0.7573,1.00,3.00
2016.01.27 03:03:14.980,0.75718,0.75729,1.00,1.50
2016.01.27 03:03:15.336,0.75717,0.75728,1.12,1.75
2016.01.27 03:03:15.987,0.75716,0.75727,1.00,2.25
2016.01.27 03:03:16.495,0.75717,0.75727,1.00,1.50
2016.01.27 03:03:21.165,0.75718,0.75726,1.00,1.12
2016.01.27 03:03:21.698,0.75717,0.75726,1.00,1.12
2016.01.27 03:03:23.403,0.75717,0.75726,1.00,1.37
2016.01.27 03:03:29.041,0.75716,0.75727,1.12,1.50
2016.01.27 03:03:29.550,0.75717,0.75727,1.00,1.50
2016.01.27 03:03:30.057,0.75716,0.75727,1.00,1.50
2016.01.27 03:03:33.328,0.75716,0.75727,1.00,1.50
2016.01.27 03:03:40.366,0.75716,0.75727,1.00,1.37
2016.01.27 03:03:41.378,0.75716,0.75727,1.00,1.37
2016.01.27 03:03:43.036,0.75716,0.75725,1.00,1.00
2016.01.27 03:03:44.390,0.75716,0.75726,1.00,1.37
2016.01.27 03:03:53.489,0.75716,0.75725,1.00,1.00
2016.01.27 03:03:58.007,0.75716,0.75725,1.00,1.50
2016.01.27 03:04:00.105,0.75714,0.75725,1.50,1.50
2016.01.27 03:04:03.969,0.75714,0.75725,1.12,1.50
2016.01.27 03:04:04.478,0.75715,0.75724,1.00,1.37
2016.01.27 03:04:05.018,0.75717,0.75726,1.00,1.75
2016.01.27 03:04:05.222,0.75717,0.75725,1.00,1.00
2016.01.27 03:04:07.318,0.75714,0.75725,1.50,1.50
2016.01.27 03:04:08.440,0.75714,0.75725,1.50,1.50
2016.01.27 03:04:08.952,0.75714,0.75724,1.00,1.00
2016.01.27 03:04:12.099,0.75713,0.75723,1.50,1.00
2016.01.27 03:04:14.006,0.75713,0.75724,1.87,1.00
2016.01.27 03:04:14.513,0.75713,0.75724,1.87,1.37
2016.01.27 03:04:17.752,0.75714,0.75724,1.00,1.37
2016.01.27 03:04:19.575,0.75713,0.75724,1.50,1.12
2016.01.27 03:04:25.539,0.75713,0.75724,1.12,1.00
2016.01.27 03:04:26.058,0.75714,0.75725,1.00,1.12
2016.01.27 03:04:26.564,0.75714,0.75725,1.12,1.37
2016.01.27 03:04:27.521,0.75713,0.75724,1.12,1.00
2016.01.27 03:04:27.879,0.75713,0.75722,1.12,1.00
2016.01.27 03:04:32.369,0.75712,0.75722,1.12,1.00
2016.01.27 03:04:32.882,0.75712,0.75721,1.12,1.00
2016.01.27 03:04:33.436,0.75709,0.7572,1.97,1.12
2016.01.27 03:04:33.945,0.75709,0.7572,1.37,1.50
2016.01.27 03:04:34.479,0.75709,0.75719,1.37,1.00
2016.01.27 03:04:35.317,0.75709,0.7572,1.00,1.50
2016.01.27 03:04:41.390,0.7571,0.75721,1.00,1.50
2016.01.27 03:04:41.695,0.7571,0.75722,1.00,2.25
2016.01.27 03:04:43.623,0.75712,0.75721,1.00,1.12
2016.01.27 03:04:45.766,0.75711,0.75722,1.12,1.50
2016.01.27 03:04:48.742,0.7571,0.75722,1.50,1.50
2016.01.27 03:04:50.716,0.75711,0.75722,1.87,1.00
2016.01.27 03:04:51.680,0.75711,0.75723,1.87,1.75
2016.01.27 03:04:54.699,0.75711,0.75723,1.50,2.25
2016.01.27 03:04:56.705,0.75711,0.75723,1.87,2.25
2016.01.27 03:05:02.022,0.75711,0.75722,1.87,1.00
2016.01.27 03:05:03.794,0.75711,0.75722,1.37,1.50
2016.01.27 03:05:05.944,0.7571,0.75722,1.87,1.50
2016.01.27 03:05:06.807,0.75711,0.75723,1.12,1.75
2016.01.27 03:05:08.673,0.75711,0.75723,1.87,2.25
2016.01.27 03:05:09.190,0.75712,0.75724,1.12,1.87
2016.01.27 03:05:09.801,0.75712,0.75723,1.12,1.37
2016.01.27 03:05:10.358,0.75713,0.75723,1.37,1.37
2016.01.27 03:05:10.874,0.75713,0.75724,1.37,1.37
2016.01.27 03:05:15.810,0.75715,0.75724,1.00,1.87
2016.01.27 03:05:16.318,0.75714,0.75725,1.12,1.37
2016.01.27 03:05:16.809,0.75714,0.75725,1.12,1.37
2016.01.27 03:05:17.436,0.75715,0.75725,1.00,1.37
2016.01.27 03:05:29.735,0.75716,0.75727,1.00,2.62
2016.01.27 03:05:30.264,0.75716,0.75727,1.12,1.50
2016.01.27 03:05:30.967,0.75715,0.75727,1.12,1.50
2016.01.27 03:05:32.939,0.75715,0.75726,1.12,1.87
2016.01.27 03:05:33.911,0.75715,0.75726,1.87,1.37
2016.01.27 03:05:34.425,0.75715,0.75726,1.87,1.12
2016.01.27 03:05:37.834,0.75715,0.75726,1.50,1.12
2016.01.27 03:05:45.999,0.75715,0.75726,1.12,1.37
2016.01.27 03:05:46.954,0.75715,0.75726,1.12,1.12
2016.01.27 03:05:47.956,0.75715,0.75726,1.12,1.37
2016.01.27 03:05:48.955,0.75715,0.75726,1.12,1.87
2016.01.27 03:05:50.965,0.75715,0.75726,1.12,1.37
2016.01.27 03:05:55.327,0.75716,0.75727,1.00,3.75
2016.01.27 03:05:55.936,0.75716,0.75727,1.87,1.50
2016.01.27 03:05:56.561,0.75717,0.75727,1.12,1.50
2016.01.27 03:05:57.157,0.75716,0.75727,1.87,1.50
2016.01.27 03:06:00.852,0.75715,0.75727,2.34,1.50
2016.01.27 03:06:01.386,0.75715,0.75727,2.34,1.50
2016.01.27 03:06:02.549,0.75717,0.75727,1.00,1.50
2016.01.27 03:06:05.228,0.75716,0.75726,1.00,1.00
2016.01.27 03:06:06.130,0.75716,0.75726,1.00,1.37
2016.01.27 03:06:07.082,0.75714,0.75725,1.59,1.00
2016.01.27 03:06:08.354,0.75714,0.75723,1.59,1.00
2016.01.27 03:06:08.406,0.75714,0.75725,1.59,1.50
2016.01.27 03:06:09.349,0.75715,0.75724,1.00,1.00
2016.01.27 03:06:22.287,0.75716,0.75724,1.00,1.00
2016.01.27 03:06:22.855,0.75715,0.75725,1.00,1.00
2016.01.27 03:06:24.420,0.75715,0.75726,1.12,1.37
2016.01.27 03:06:25.131,0.75715,0.75726,1.12,1.12
2016.01.27 03:06:26.611,0.75717,0.75726,1.00,1.12
2016.01.27 03:06:27.138,0.75716,0.75725,1.00,1.00
2016.01.27 03:06:27.681,0.75716,0.75726,1.00,1.12
2016.01.27 03:06:27.988,0.75719,0.75728,1.00,1.12
2016.01.27 03:06:28.142,0.7572,0.75731,1.00,3.00
2016.01.27 03:06:28.933,0.75721,0.75732,1.00,1.75
2016.01.27 03:06:29.442,0.7572,0.7573,1.12,1.00
2016.01.27 03:06:30.043,0.75721,0.7573,1.00,1.00
2016.01.27 03:06:32.212,0.75722,0.75733,1.00,2.25
2016.01.27 03:06:32.315,0.75721,0.75732,1.50,1.50
2016.01.27 03:06:32.887,0.75722,0.75732,1.00,1.00
2016.01.27 03:06:34.651,0.75723,0.75732,1.00,1.00
2016.01.27 03:06:35.177,0.75724,0.75735,1.00,3.00
2016.01.27 03:06:35.330,0.75725,0.75736,1.00,1.50
2016.01.27 03:06:35.841,0.75726,0.75737,1.00,1.75
2016.01.27 03:06:36.366,0.75726,0.75737,1.00,1.50
2016.01.27 03:06:36.927,0.75725,0.75736,1.50,1.12
2016.01.27 03:06:37.435,0.75726,0.75736,1.00,1.12
2016.01.27 03:06:41.618,0.75725,0.75736,1.50,1.50
2016.01.27 03:06:42.140,0.75724,0.75735,1.87,1.00
2016.01.27 03:06:42.673,0.75724,0.75735,1.50,1.12
2016.01.27 03:06:43.294,0.75726,0.75735,1.00,1.12
2016.01.27 03:06:43.802,0.75725,0.75736,1.00,1.50
2016.01.27 03:06:44.310,0.75725,0.75736,1.37,1.50
2016.01.27 03:06:46.426,0.75725,0.75736,1.50,1.50
2016.01.27 03:06:54.792,0.75725,0.75735,1.00,1.00
2016.01.27 03:06:59.999,0.75725,0.75735,1.00,1.37
2016.01.27 03:07:02.004,0.75725,0.75735,1.00,1.12
2016.01.27 03:07:03.021,0.75725,0.75735,1.00,1.37
2016.01.27 03:07:06.041,0.75724,0.75735,2.25,1.12
2016.01.27 03:07:10.850,0.75726,0.75735,1.00,1.12
2016.01.27 03:07:11.409,0.75726,0.75737,1.50,1.50
2016.01.27 03:07:12.152,0.75727,0.75738,1.12,1.37
2016.01.27 03:07:16.164,0.75726,0.75737,1.87,1.87
2016.01.27 03:07:16.734,0.75726,0.75735,1.87,1.00
2016.01.27 03:07:17.295,0.75726,0.75735,1.00,1.00
2016.01.27 03:07:18.501,0.75725,0.75736,1.50,1.37
2016.01.27 03:07:21.422,0.75724,0.75735,1.59,1.12
2016.01.27 03:07:24.137,0.75724,0.75735,1.22,1.37
2016.01.27 03:07:25.196,0.75725,0.75735,1.00,1.87
2016.01.27 03:07:27.820,0.75724,0.75735,1.59,1.87
2016.01.27 03:07:29.177,0.75724,0.75735,1.59,1.87
2016.01.27 03:07:32.164,0.75725,0.75735,1.00,1.12
2016.01.27 03:07:35.407,0.75724,0.75735,1.22,1.87
2016.01.27 03:07:35.939,0.75725,0.75735,1.00,1.37
2016.01.27 03:07:36.488,0.75724,0.75735,1.59,1.87
2016.01.27 03:07:36.843,0.75726,0.75735,1.00,1.37
2016.01.27 03:07:36.894,0.75724,0.75735,1.59,1.37
2016.01.27 03:07:38.721,0.75725,0.75736,1.00,2.25
2016.01.27 03:07:39.321,0.75724,0.75735,1.22,1.37
2016.01.27 03:07:40.487,0.75724,0.75735,1.22,1.12
2016.01.27 03:07:41.212,0.75725,0.75736,1.00,3.00
2016.01.27 03:07:45.475,0.75725,0.75736,1.00,3.00
2016.01.27 03:07:46.219,0.75724,0.75735,1.22,1.37
2016.01.27 03:07:46.727,0.75724,0.75735,1.12,1.12
2016.01.27 03:07:49.472,0.75723,0.75733,1.09,1.12
2016.01.27 03:07:56.130,0.75723,0.75734,1.09,1.50
2016.01.27 03:07:56.677,0.75723,0.75734,1.22,1.50
2016.01.27 03:07:57.483,0.75723,0.75734,1.22,1.50
2016.01.27 03:07:57.993,0.75722,0.75733,1.97,1.00
2016.01.27 03:07:59.650,0.75724,0.75734,1.12,1.00
2016.01.27 03:08:00.158,0.75725,0.75736,1.00,1.87
2016.01.27 03:08:01.533,0.75725,0.75736,1.00,1.87
2016.01.27 03:08:02.277,0.75725,0.75736,1.87,1.12
2016.01.27 03:08:04.990,0.75725,0.75735,1.87,1.00
2016.01.27 03:08:06.232,0.75725,0.75736,1.87,2.62
2016.01.27 03:08:06.777,0.75725,0.75736,1.87,2.62
2016.01.27 03:08:08.616,0.75725,0.75736,1.87,2.62
2016.01.27 03:08:08.718,0.75725,0.75734,1.87,1.00
2016.01.27 03:08:09.744,0.75725,0.75735,1.87,1.00
2016.01.27 03:08:11.384,0.75724,0.75735,1.97,1.87
2016.01.27 03:08:11.915,0.75725,0.75736,1.00,1.87
2016.01.27 03:08:14.556,0.75724,0.75735,1.97,1.12
2016.01.27 03:08:15.896,0.75726,0.75735,1.00,1.12
2016.01.27 03:08:24.163,0.75726,0.75736,1.00,1.00
2016.01.27 03:08:31.016,0.75728,0.75737,1.00,1.50
2016.01.27 03:08:31.169,0.75728,0.75739,1.00,2.25
2016.01.27 03:08:32.102,0.75727,0.75738,1.50,1.00
2016.01.27 03:08:32.612,0.75728,0.75739,1.00,1.50
2016.01.27 03:08:34.053,0.75729,0.75739,1.00,1.00
2016.01.27 03:08:37.795,0.75731,0.75739,1.00,1.00
2016.01.27 03:08:38.339,0.75732,0.75743,1.00,2.62
2016.01.27 03:08:38.950,0.75734,0.75743,1.00,1.50
2016.01.27 03:08:39.002,0.75732,0.75743,1.00,1.50
2016.01.27 03:08:39.155,0.75733,0.75744,1.00,3.00
2016.01.27 03:08:41.424,0.75735,0.75744,1.00,1.75
2016.01.27 03:08:41.527,0.75733,0.75744,1.12,1.75
2016.01.27 03:08:42.171,0.75734,0.75745,1.00,3.00
2016.01.27 03:08:42.283,0.75734,0.75745,1.00,3.00
2016.01.27 03:08:44.394,0.75733,0.75744,2.25,1.12
2016.01.27 03:08:44.804,0.75734,0.75742,1.00,1.00
2016.01.27 03:08:45.328,0.75733,0.75743,1.12,1.00
2016.01.27 03:08:45.935,0.75735,0.75744,1.00,1.37
2016.01.27 03:08:46.547,0.75736,0.75747,1.00,4.50
2016.01.27 03:08:47.279,0.75737,0.75748,1.00,3.00
2016.01.27 03:08:47.839,0.75738,0.75748,1.00,1.37
2016.01.27 03:08:48.265,0.75738,0.75748,1.00,1.37
2016.01.27 03:08:50.374,0.75738,0.75748,1.00,1.87
2016.01.27 03:08:50.923,0.75739,0.75749,1.00,2.25
2016.01.27 03:08:50.974,0.75741,0.75749,1.00,1.87
2016.01.27 03:08:51.229,0.75741,0.75752,1.00,3.00
2016.01.27 03:08:51.641,0.75743,0.75752,1.00,1.12
2016.01.27 03:08:52.155,0.75744,0.75753,1.00,1.37
2016.01.27 03:08:52.663,0.75743,0.75754,1.00,1.87
2016.01.27 03:08:53.260,0.75744,0.75754,1.00,1.87
2016.01.27 03:08:53.883,0.75743,0.75754,1.00,1.87
2016.01.27 03:08:54.672,0.75743,0.75754,1.12,1.87
2016.01.27 03:08:55.195,0.75743,0.75754,1.12,1.87
2016.01.27 03:09:00.309,0.75742,0.75752,1.37,1.00
2016.01.27 03:09:00.462,0.75741,0.75752,1.12,1.12
2016.01.27 03:09:01.038,0.75741,0.75752,1.87,1.12
2016.01.27 03:09:01.561,0.75741,0.75752,1.12,1.50
2016.01.27 03:09:03.180,0.75741,0.75752,1.37,1.50
2016.01.27 03:09:04.101,0.7574,0.75751,1.12,1.87
2016.01.27 03:09:12.671,0.75742,0.75751,1.00,1.50
2016.01.27 03:09:14.157,0.7574,0.75751,1.00,1.50
2016.01.27 03:09:15.970,0.75741,0.75752,1.00,1.75
2016.01.27 03:09:16.482,0.7574,0.75751,1.00,1.50
2016.01.27 03:09:21.394,0.75741,0.75752,1.00,2.25
2016.01.27 03:09:21.547,0.75739,0.7575,1.22,1.12
2016.01.27 03:09:22.088,0.75739,0.7575,1.97,1.37
2016.01.27 03:09:22.139,0.75739,0.7575,1.97,1.50
2016.01.27 03:09:24.115,0.75739,0.75749,1.50,1.00
2016.01.27 03:09:27.700,0.75737,0.75747,1.75,1.00
2016.01.27 03:09:27.751,0.75738,0.75748,1.00,2.25
2016.01.27 03:09:28.058,0.75736,0.75747,1.00,1.12
2016.01.27 03:09:28.262,0.75735,0.75745,1.00,1.00
2016.01.27 03:09:28.838,0.75735,0.75746,1.00,1.87
2016.01.27 03:09:29.350,0.75736,0.75745,1.00,1.00
2016.01.27 03:09:33.459,0.75736,0.75746,1.00,1.50
2016.01.27 03:09:33.968,0.75738,0.75747,1.00,1.37
2016.01.27 03:09:34.820,0.75738,0.75747,1.00,1.12
2016.01.27 03:09:38.699,0.75738,0.75748,1.00,1.00
2016.01.27 03:09:40.685,0.75737,0.75748,1.00,1.50
2016.01.27 03:09:42.154,0.75737,0.75748,1.00,1.50
2016.01.27 03:09:44.145,0.75737,0.75748,1.00,1.50
2016.01.27 03:09:45.832,0.75736,0.75747,1.00,1.12
2016.01.27 03:09:47.620,0.75735,0.75746,1.12,1.00
2016.01.27 03:09:52.795,0.75734,0.75745,1.12,1.00
2016.01.27 03:09:54.618,0.75735,0.75746,1.00,1.87
2016.01.27 03:09:56.817,0.75737,0.75746,1.00,1.87
2016.01.27 03:09:56.868,0.75735,0.75746,1.00,1.87
2016.01.27 03:09:57.174,0.75737,0.75747,1.00,1.37
2016.01.27 03:09:57.712,0.75736,0.75747,1.00,2.25
2016.01.27 03:09:58.360,0.75736,0.75746,1.00,1.00
2016.01.27 03:10:09.444,0.75737,0.75746,1.00,1.00
2016.01.27 03:10:09.905,0.75738,0.75748,1.00,1.12
2016.01.27 03:10:10.007,0.7574,0.75749,1.00,2.62
2016.01.27 03:10:10.737,0.75738,0.75749,1.00,1.37
2016.01.27 03:10:11.246,0.75738,0.75749,1.12,1.00
2016.01.27 03:10:14.141,0.75738,0.75748,1.00,1.00
2016.01.27 03:10:14.649,0.75738,0.75747,1.00,1.00
2016.01.27 03:10:15.792,0.75736,0.75747,1.50,1.00
2016.01.27 03:10:16.299,0.75737,0.75748,1.12,1.87
2016.01.27 03:10:21.002,0.75737,0.75746,1.12,1.37
2016.01.27 03:10:22.226,0.75734,0.75745,1.87,1.00
2016.01.27 03:10:22.735,0.75735,0.75746,1.12,1.87
2016.01.27 03:10:23.262,0.75734,0.75745,1.37,1.00
2016.01.27 03:10:24.026,0.75734,0.75745,1.00,1.12
2016.01.27 03:10:25.716,0.75735,0.75745,1.00,1.12
2016.01.27 03:10:26.395,0.75735,0.75746,1.00,1.12
2016.01.27 03:10:26.931,0.75736,0.75747,1.00,2.25
2016.01.27 03:10:28.031,0.75736,0.75747,1.12,1.50
2016.01.27 03:10:30.036,0.75736,0.75747,1.00,1.50
2016.01.27 03:10:33.019,0.75736,0.75747,1.00,1.50
2016.01.27 03:10:34.239,0.75737,0.75748,1.00,1.12
2016.01.27 03:10:37.754,0.75736,0.75748,1.87,1.00
2016.01.27 03:10:40.265,0.75738,0.75747,1.00,1.00
2016.01.27 03:10:41.521,0.75736,0.75747,1.50,1.12
2016.01.27 03:10:42.079,0.75736,0.75748,1.50,1.12
2016.01.27 03:10:42.635,0.75737,0.75748,1.00,1.12
2016.01.27 03:10:44.146,0.75737,0.75749,1.12,1.37
2016.01.27 03:10:44.675,0.75738,0.75749,1.00,1.37
2016.01.27 03:10:45.137,0.75738,0.75749,1.00,1.12
2016.01.27 03:10:46.152,0.75736,0.75748,2.25,1.00
2016.01.27 03:10:46.659,0.75737,0.75748,1.12,1.00
2016.01.27 03:10:47.405,0.75737,0.75747,1.12,1.00
2016.01.27 03:10:47.921,0.75737,0.75748,1.12,1.12
2016.01.27 03:10:48.174,0.75737,0.75748,1.50,1.37
2016.01.27 03:10:50.192,0.75734,0.75746,1.50,1.50
2016.01.27 03:10:51.195,0.75734,0.75746,1.50,1.50
2016.01.27 03:10:51.780,0.75734,0.75745,1.50,1.00
2016.01.27 03:10:56.093,0.75734,0.75743,1.00,1.00
2016.01.27 03:10:56.475,0.75731,0.75742,2.62,1.12
2016.01.27 03:10:57.292,0.75731,0.75742,1.50,1.50
2016.01.27 03:10:59.151,0.75731,0.75741,1.00,1.00
2016.01.27 03:11:00.091,0.75732,0.75741,1.00,1.12
2016.01.27 03:11:01.806,0.75732,0.75743,1.12,1.50
2016.01.27 03:11:09.818,0.75732,0.75743,1.12,2.25
2016.01.27 03:11:12.935,0.75734,0.75743,1.00,1.50
2016.01.27 03:11:13.444,0.75734,0.75745,1.00,1.37
2016.01.27 03:11:14.500,0.75734,0.75745,1.12,1.00
2016.01.27 03:11:15.029,0.75735,0.75746,1.00,1.12
2016.01.27 03:11:15.544,0.75735,0.75746,1.00,1.37
2016.01.27 03:11:16.053,0.75735,0.75744,1.00,1.00
2016.01.27 03:11:16.573,0.75735,0.75745,1.00,1.12
2016.01.27 03:11:17.539,0.75736,0.75745,1.00,1.12
2016.01.27 03:11:20.425,0.75736,0.75745,1.50,1.00
2016.01.27 03:11:22.983,0.75736,0.75745,1.00,1.00
2016.01.27 03:11:32.161,0.75736,0.75747,1.00,1.50
2016.01.27 03:11:33.917,0.75735,0.75746,1.50,1.12
2016.01.27 03:11:42.502,0.75734,0.75745,2.25,1.00
2016.01.27 03:11:43.950,0.75734,0.75745,1.12,1.00
2016.01.27 03:11:44.468,0.75733,0.75744,2.62,1.12
2016.01.27 03:11:46.958,0.75734,0.75743,1.00,1.12
2016.01.27 03:11:47.009,0.75734,0.75741,1.00,1.00
2016.01.27 03:11:47.264,0.7573,0.75739,1.87,1.00
2016.01.27 03:11:47.367,0.75728,0.75739,2.25,1.00
2016.01.27 03:11:47.917,0.75728,0.75739,1.87,1.37
2016.01.27 03:12:03.825,0.7573,0.75741,1.00,1.75
2016.01.27 03:12:06.147,0.7573,0.75741,1.00,2.25
2016.01.27 03:12:09.388,0.75732,0.75741,1.00,1.50
2016.01.27 03:12:10.017,0.7573,0.75742,1.12,1.75
2016.01.27 03:12:24.840,0.7573,0.75741,1.00,1.50
2016.01.27 03:12:25.619,0.75729,0.7574,1.00,1.00
2016.01.27 03:12:25.924,0.75729,0.75738,1.00,1.00
2016.01.27 03:12:28.123,0.75729,0.7574,1.00,1.50
2016.01.27 03:12:28.664,0.75728,0.75739,1.87,1.50
2016.01.27 03:12:30.015,0.75729,0.7574,1.00,1.50
2016.01.27 03:12:36.030,0.75728,0.75739,2.25,1.12
2016.01.27 03:12:36.337,0.75727,0.75736,1.00,1.00
2016.01.27 03:12:36.831,0.75725,0.75736,1.87,1.50
2016.01.27 03:12:40.438,0.75725,0.75735,1.00,1.00
2016.01.27 03:12:40.945,0.75724,0.75735,1.12,1.00
2016.01.27 03:12:41.461,0.75725,0.75736,1.00,1.12
2016.01.27 03:12:43.720,0.75725,0.75734,1.00,1.00
2016.01.27 03:12:49.759,0.75726,0.75735,1.00,1.37
2016.01.27 03:12:50.267,0.75726,0.75735,1.00,1.12
2016.01.27 03:12:55.126,0.75726,0.75737,1.00,1.87
2016.01.27 03:12:55.908,0.75726,0.75737,1.00,1.12
2016.01.27 03:12:59.974,0.75727,0.75737,1.00,1.12
2016.01.27 03:13:00.280,0.7573,0.75739,1.00,1.00
2016.01.27 03:13:00.789,0.75731,0.75742,1.12,1.37
2016.01.27 03:13:01.530,0.75731,0.75742,1.87,1.12
2016.01.27 03:13:06.522,0.75731,0.75742,1.12,1.37
2016.01.27 03:13:07.862,0.75731,0.75742,1.12,1.12
2016.01.27 03:13:10.479,0.7573,0.75741,3.00,1.00
2016.01.27 03:13:10.684,0.75729,0.75738,2.62,1.00
2016.01.27 03:13:11.345,0.75729,0.75738,1.12,1.00
2016.01.27 03:13:12.062,0.75728,0.75738,1.37,1.50
2016.01.27 03:13:12.773,0.75728,0.75738,1.00,1.50
2016.01.27 03:13:15.133,0.75726,0.75737,3.00,1.37
2016.01.27 03:13:15.705,0.75726,0.75737,1.87,1.37
2016.01.27 03:13:17.836,0.75727,0.75738,1.00,1.75
2016.01.27 03:13:31.001,0.75729,0.75738,1.00,1.37
2016.01.27 03:13:31.205,0.75729,0.75738,1.00,1.00
2016.01.27 03:13:31.880,0.75728,0.75739,1.87,1.12
2016.01.27 03:13:34.374,0.75729,0.7574,1.12,1.12
2016.01.27 03:13:35.040,0.75729,0.7574,1.12,1.37
2016.01.27 03:13:37.046,0.75729,0.7574,1.12,1.12
2016.01.27 03:13:37.590,0.7573,0.75741,1.50,1.87
2016.01.27 03:13:38.156,0.7573,0.75741,2.25,1.37
2016.01.27 03:13:39.192,0.75729,0.75738,1.87,1.00
2016.01.27 03:13:39.244,0.75728,0.75738,1.87,1.37
2016.01.27 03:13:40.039,0.75727,0.75738,1.50,1.50
2016.01.27 03:13:41.012,0.75727,0.75736,1.12,1.00
2016.01.27 03:13:51.569,0.75724,0.75735,2.25,1.37
2016.01.27 03:13:52.386,0.75725,0.75736,1.50,1.50
2016.01.27 03:13:52.912,0.75725,0.75736,1.50,1.50
2016.01.27 03:13:56.367,0.75725,0.75736,1.50,1.50
2016.01.27 03:13:57.080,0.75726,0.75737,2.25,1.37
2016.01.27 03:13:57.596,0.75726,0.75737,2.25,1.12
2016.01.27 03:13:58.104,0.75727,0.75738,1.00,1.37
2016.01.27 03:13:58.626,0.75726,0.75737,3.00,1.00
2016.01.27 03:14:03.424,0.75726,0.75737,1.37,1.37
2016.01.27 03:14:06.408,0.75726,0.75737,1.87,1.00
2016.01.27 03:14:07.303,0.75727,0.75738,1.00,1.12
2016.01.27 03:14:07.821,0.75726,0.75738,1.00,1.12
2016.01.27 03:14:08.334,0.75726,0.75737,1.00,1.00
2016.01.27 03:14:10.294,0.75725,0.75736,3.00,1.00
2016.01.27 03:14:11.150,0.75725,0.75735,1.50,1.00
2016.01.27 03:14:11.304,0.75725,0.75733,1.50,1.00
2016.01.27 03:14:11.609,0.75723,0.75732,1.00,1.00
2016.01.27 03:14:12.134,0.75722,0.75733,2.62,1.12
2016.01.27 03:14:12.647,0.75723,0.75732,1.12,1.00
2016.01.27 03:14:13.644,0.75722,0.75732,1.12,1.00
2016.01.27 03:14:18.189,0.75722,0.75731,1.00,1.00
2016.01.27 03:14:18.412,0.75719,0.7573,2.62,1.00
2016.01.27 03:14:18.924,0.75719,0.7573,2.62,1.00
2016.01.27 03:14:20.897,0.7572,0.75731,1.00,1.12
2016.01.27 03:14:21.406,0.75721,0.75731,1.00,1.00
2016.01.27 03:14:21.934,0.75721,0.75732,1.87,1.12
2016.01.27 03:14:24.201,0.75722,0.75733,1.00,1.12
2016.01.27 03:14:24.709,0.75721,0.75732,1.50,1.00
2016.01.27 03:14:25.490,0.75721,0.75732,1.50,1.00
2016.01.27 03:14:30.460,0.75721,0.75732,1.12,1.00
2016.01.27 03:14:31.985,0.75723,0.75731,1.00,1.00
2016.01.27 03:14:32.037,0.75722,0.75733,1.00,1.12
2016.01.27 03:14:32.648,0.75721,0.75732,1.50,1.00
2016.01.27 03:14:42.430,0.75721,0.75732,1.50,1.00
2016.01.27 03:14:43.084,0.75721,0.75731,1.50,1.00
2016.01.27 03:14:43.508,0.75719,0.7573,3.00,1.00
2016.01.27 03:14:44.487,0.75718,0.75729,2.62,1.00
2016.01.27 03:14:44.997,0.75718,0.75728,1.87,1.00
2016.01.27 03:14:45.691,0.75718,0.75729,1.12,1.37
2016.01.27 03:14:48.020,0.75719,0.7573,1.00,1.37
2016.01.27 03:14:48.274,0.7572,0.75731,1.00,1.50
2016.01.27 03:14:48.950,0.75719,0.7573,1.12,1.12
2016.01.27 03:14:49.551,0.75719,0.75731,1.12,1.12
2016.01.27 03:14:50.096,0.7572,0.75731,1.00,1.12
2016.01.27 03:14:50.840,0.75719,0.75731,1.12,1.12
2016.01.27 03:14:51.883,0.7572,0.75731,1.00,1.87
2016.01.27 03:14:54.148,0.75719,0.75731,1.12,1.12
2016.01.27 03:14:54.659,0.75719,0.7573,1.00,1.00
2016.01.27 03:14:54.915,0.75718,0.75729,2.25,1.37
2016.01.27 03:14:55.696,0.75718,0.75729,2.25,1.50
2016.01.27 03:14:56.662,0.75718,0.75729,1.87,1.37
2016.01.27 03:14:57.903,0.75719,0.7573,1.00,2.25
2016.01.27 03:14:59.653,0.7572,0.7573,1.00,1.50
2016.01.27 03:15:00.164,0.7572,0.7573,1.50,1.37
2016.01.27 03:15:00.674,0.7572,0.75731,1.87,1.50
2016.01.27 03:15:01.640,0.7572,0.75731,1.87,1.12
2016.01.27 03:15:02.150,0.7572,0.7573,1.12,1.00
2016.01.27 03:15:02.674,0.75719,0.75729,1.12,1.12
2016.01.27 03:15:03.690,0.7572,0.75731,1.00,1.37
2016.01.27 03:15:03.792,0.7572,0.75731,1.00,1.12
2016.01.27 03:15:08.799,0.7572,0.75732,1.50,1.37
2016.01.27 03:15:09.611,0.7572,0.75732,2.25,1.37
2016.01.27 03:15:11.791,0.7572,0.75732,2.62,1.12
2016.01.27 03:15:13.964,0.75721,0.75733,1.87,1.12
2016.01.27 03:15:14.838,0.75721,0.75733,1.87,1.87
2016.01.27 03:15:17.004,0.75723,0.75732,1.00,1.12
2016.01.27 03:15:17.513,0.75722,0.75733,1.00,1.87
2016.01.27 03:15:21.841,0.75722,0.75733,1.50,1.87
2016.01.27 03:15:22.908,0.75722,0.75731,1.50,1.00
2016.01.27 03:15:25.535,0.75722,0.75733,1.50,1.12
2016.01.27 03:15:27.104,0.75723,0.75733,1.00,1.00
2016.01.27 03:15:27.639,0.75723,0.75734,1.00,1.12
2016.01.27 03:15:28.147,0.75723,0.75734,1.00,1.37
2016.01.27 03:15:29.005,0.75723,0.75735,2.25,1.47
2016.01.27 03:15:29.532,0.75724,0.75735,1.87,1.37
2016.01.27 03:15:29.787,0.75727,0.75736,1.00,1.50
2016.01.27 03:15:30.241,0.75728,0.7574,1.00,1.50
2016.01.27 03:15:30.752,0.75729,0.7574,1.12,1.37
2016.01.27 03:15:31.275,0.75729,0.7574,1.12,1.00
2016.01.27 03:15:31.840,0.75729,0.7574,1.50,1.00
2016.01.27 03:15:34.018,0.75729,0.7574,1.50,1.12
2016.01.27 03:15:34.679,0.75728,0.75739,3.00,1.00
2016.01.27 03:15:35.704,0.7573,0.75739,1.00,1.12
2016.01.27 03:15:38.641,0.75729,0.7574,1.50,1.12
2016.01.27 03:15:42.490,0.7573,0.75738,1.00,1.00
2016.01.27 03:15:42.994,0.75729,0.75739,1.50,1.00
2016.01.27 03:15:43.707,0.7573,0.75739,1.00,1.00
2016.01.27 03:15:53.353,0.7573,0.75739,1.37,1.12
2016.01.27 03:15:54.380,0.7573,0.75739,1.00,1.00
2016.01.27 03:15:54.968,0.7573,0.75741,1.50,1.37
2016.01.27 03:15:55.478,0.75731,0.75741,1.00,1.12
2016.01.27 03:15:56.590,0.7573,0.75741,2.25,1.12
2016.01.27 03:15:57.104,0.75731,0.75742,1.50,1.37
2016.01.27 03:15:57.638,0.75731,0.75742,1.50,1.12
2016.01.27 03:15:58.218,0.75731,0.75741,1.00,1.00
2016.01.27 03:15:58.728,0.75733,0.75744,1.00,1.87
2016.01.27 03:15:58.881,0.75733,0.75744,2.25,1.00
2016.01.27 03:15:59.449,0.75734,0.75745,1.87,1.12
2016.01.27 03:15:59.957,0.75734,0.75744,1.12,1.00
2016.01.27 03:16:00.724,0.75734,0.75745,1.87,1.12
2016.01.27 03:16:01.264,0.75734,0.75745,2.25,1.37
2016.01.27 03:16:02.888,0.75734,0.75745,2.25,1.37
2016.01.27 03:16:06.917,0.75734,0.75745,2.25,1.37
2016.01.27 03:16:09.880,0.75734,0.75745,2.25,1.37
2016.01.27 03:16:11.989,0.75734,0.75745,2.25,1.12
2016.01.27 03:16:13.804,0.75735,0.75745,1.00,1.12
2016.01.27 03:16:23.004,0.75735,0.75745,1.12,1.37
2016.01.27 03:16:23.507,0.75733,0.75744,1.50,1.37
2016.01.27 03:16:23.762,0.75731,0.75742,2.62,1.00
2016.01.27 03:16:35.559,0.75731,0.75742,1.87,1.37
2016.01.27 03:16:39.570,0.75731,0.75742,1.87,1.12
2016.01.27 03:16:45.439,0.7573,0.75742,2.62,1.12
2016.01.27 03:16:47.378,0.75731,0.75742,1.00,1.12
2016.01.27 03:16:47.901,0.7573,0.75742,2.62,1.37
2016.01.27 03:16:48.554,0.7573,0.75742,2.62,1.37
2016.01.27 03:16:49.066,0.75732,0.75741,1.00,1.12
2016.01.27 03:16:49.644,0.7573,0.75742,3.00,1.37
2016.01.27 03:16:53.577,0.75731,0.75742,1.00,1.12
2016.01.27 03:16:53.730,0.75733,0.75742,1.00,1.12
2016.01.27 03:16:55.487,0.75733,0.75744,1.00,1.12
2016.01.27 03:16:56.335,0.75734,0.75744,1.00,1.12
2016.01.27 03:16:56.842,0.75733,0.75744,1.87,1.37
2016.01.27 03:17:01.506,0.75732,0.75743,1.87,1.12
2016.01.27 03:17:02.055,0.75734,0.75743,1.00,1.12
2016.01.27 03:17:08.520,0.75734,0.75745,1.12,1.12
2016.01.27 03:17:09.730,0.75733,0.75744,1.87,1.00
2016.01.27 03:17:10.244,0.75734,0.75745,1.00,1.12
2016.01.27 03:17:11.525,0.75734,0.75745,1.00,1.37
2016.01.27 03:17:19.123,0.75734,0.75745,1.00,1.87
2016.01.27 03:17:21.161,0.75734,0.75745,1.12,1.87
2016.01.27 03:17:23.106,0.75734,0.75745,1.12,1.87
2016.01.27 03:17:27.462,0.75734,0.75745,1.00,1.87
2016.01.27 03:17:30.238,0.75734,0.75745,1.00,1.87
2016.01.27 03:17:35.401,0.75733,0.75744,1.87,1.12
2016.01.27 03:17:35.751,0.75733,0.75742,1.12,1.00
2016.01.27 03:17:36.513,0.75731,0.75742,1.50,1.00
2016.01.27 03:17:36.565,0.75731,0.7574,1.50,1.00
2016.01.27 03:17:42.008,0.7573,0.7574,1.00,1.00
2016.01.27 03:17:42.519,0.75729,0.75739,1.37,1.00
2016.01.27 03:17:43.078,0.75729,0.75739,1.12,1.37
2016.01.27 03:17:43.809,0.75729,0.75737,1.00,1.00
2016.01.27 03:17:43.860,0.75727,0.75737,1.00,1.12
2016.01.27 03:17:44.368,0.75727,0.75736,1.00,1.00
2016.01.27 03:17:48.989,0.75726,0.75736,1.00,2.25
2016.01.27 03:17:49.504,0.75725,0.75736,1.50,2.25
2016.01.27 03:17:50.010,0.75725,0.75736,1.12,2.25
2016.01.27 03:17:50.884,0.75725,0.75736,1.12,2.25
2016.01.27 03:17:52.871,0.75725,0.75736,1.50,1.50
2016.01.27 03:17:54.735,0.75726,0.75737,1.00,1.75
2016.01.27 03:17:55.244,0.75727,0.75738,1.12,1.87
2016.01.27 03:17:56.001,0.75727,0.75738,1.00,1.37
2016.01.27 03:17:57.033,0.75727,0.75738,1.00,1.12
2016.01.27 03:17:58.182,0.75727,0.75738,1.12,1.37
2016.01.27 03:17:59.014,0.75729,0.75738,1.00,1.12
2016.01.27 03:17:59.167,0.75729,0.7574,1.00,1.12
2016.01.27 03:17:59.676,0.75729,0.7574,1.50,1.12
2016.01.27 03:18:00.468,0.75729,0.7574,1.50,1.37
2016.01.27 03:18:01.777,0.7573,0.75741,1.12,2.25
2016.01.27 03:18:02.949,0.7573,0.75741,1.50,1.50
2016.01.27 03:18:03.487,0.75731,0.75741,1.00,1.00
2016.01.27 03:18:05.910,0.7573,0.75741,1.50,1.50
2016.01.27 03:18:06.546,0.75732,0.75741,1.00,1.50
2016.01.27 03:18:07.489,0.7573,0.75741,1.50,1.50
2016.01.27 03:18:08.008,0.7573,0.75741,1.50,1.50
2016.01.27 03:18:08.897,0.7573,0.75741,1.50,1.50
2016.01.27 03:18:13.123,0.75732,0.75741,1.00,1.12
2016.01.27 03:18:13.666,0.75733,0.75744,1.12,1.87
2016.01.27 03:18:14.454,0.75733,0.75744,1.87,1.37
2016.01.27 03:18:18.743,0.75731,0.75742,1.50,1.50
2016.01.27 03:18:22.084,0.75732,0.75742,1.00,1.12
2016.01.27 03:18:22.237,0.75734,0.75744,1.00,1.12
2016.01.27 03:18:22.765,0.75735,0.75744,1.12,1.12
2016.01.27 03:18:23.375,0.75735,0.75746,1.12,1.12
2016.01.27 03:18:25.324,0.75735,0.75746,1.50,1.37
2016.01.27 03:18:27.327,0.75735,0.75746,1.00,1.87
2016.01.27 03:18:28.333,0.75735,0.75746,1.00,1.12
2016.01.27 03:18:29.386,0.75737,0.75746,1.00,1.12
2016.01.27 03:18:31.658,0.75736,0.75746,1.00,1.00
2016.01.27 03:18:32.900,0.75737,0.75745,1.00,1.00
2016.01.27 03:18:32.951,0.75736,0.75747,1.50,1.12
2016.01.27 03:18:33.429,0.75738,0.75747,1.00,1.12
2016.01.27 03:18:34.961,0.75739,0.75748,1.00,1.37
2016.01.27 03:18:36.399,0.75739,0.75748,1.12,1.00
2016.01.27 03:18:39.673,0.75739,0.75747,1.00,1.00
2016.01.27 03:18:42.753,0.75738,0.75747,1.12,1.00
2016.01.27 03:18:47.369,0.75738,0.75747,1.37,1.00
2016.01.27 03:18:51.102,0.75737,0.75748,3.00,1.00
2016.01.27 03:18:51.631,0.75737,0.75748,3.00,1.00
2016.01.27 03:18:52.364,0.75737,0.75748,3.00,1.12
2016.01.27 03:18:53.384,0.75737,0.75748,3.00,1.12
2016.01.27 03:18:58.397,0.75737,0.75748,3.00,1.12
2016.01.27 03:18:59.183,0.75738,0.75748,1.00,1.12
2016.01.27 03:19:00.588,0.7574,0.75748,1.00,1.00
2016.01.27 03:19:00.640,0.75741,0.7575,1.00,1.12
2016.01.27 03:19:00.997,0.75742,0.75753,1.12,1.87
2016.01.27 03:19:01.548,0.75743,0.75754,1.50,1.87
2016.01.27 03:19:02.092,0.75743,0.75754,2.62,1.87
2016.01.27 03:19:05.319,0.75744,0.75753,1.00,1.00
2016.01.27 03:19:05.930,0.75743,0.7575,1.50,1.00
2016.01.27 03:19:06.134,0.75743,0.75753,1.50,1.87
2016.01.27 03:19:06.635,0.75743,0.75753,1.00,1.12
2016.01.27 03:19:07.143,0.75742,0.75753,2.62,1.37
2016.01.27 03:19:07.695,0.75743,0.75753,1.00,1.12
2016.01.27 03:19:08.960,0.75742,0.75752,1.37,1.00
2016.01.27 03:19:09.700,0.75742,0.75753,2.16,1.12
2016.01.27 03:19:09.803,0.75742,0.75751,1.12,1.00
2016.01.27 03:19:10.697,0.75741,0.75751,1.00,1.00
2016.01.27 03:19:13.985,0.75742,0.75751,1.00,1.00
2016.01.27 03:19:14.532,0.75741,0.75751,1.00,1.00
2016.01.27 03:19:15.090,0.75741,0.75752,1.50,1.12
2016.01.27 03:19:15.606,0.75741,0.75751,1.00,1.00
2016.01.27 03:19:16.310,0.75742,0.75751,1.00,1.00
2016.01.27 03:19:19.746,0.7574,0.75751,1.87,1.00
2016.01.27 03:19:20.527,0.7574,0.7575,1.87,1.00
2016.01.27 03:19:21.114,0.75741,0.75751,1.00,1.00
2016.01.27 03:19:25.229,0.75741,0.75749,1.50,1.00
2016.01.27 03:19:25.750,0.75741,0.7575,1.00,1.00
2016.01.27 03:19:29.185,0.7574,0.75749,2.16,1.00
2016.01.27 03:19:29.236,0.75739,0.75749,3.00,1.00
2016.01.27 03:19:31.033,0.75739,0.7575,1.12,1.12
2016.01.27 03:19:31.542,0.75739,0.7575,1.00,1.37
2016.01.27 03:19:32.057,0.75738,0.75749,1.12,1.12
2016.01.27 03:19:36.481,0.75738,0.75749,1.41,1.12
2016.01.27 03:19:37.470,0.75738,0.75749,1.78,1.12
2016.01.27 03:19:38.092,0.75739,0.7575,1.00,1.37
2016.01.27 03:19:40.258,0.75739,0.7575,1.12,1.12
2016.01.27 03:19:42.162,0.75739,0.75749,1.00,1.00
2016.01.27 03:19:42.367,0.75738,0.75749,2.62,1.37
2016.01.27 03:19:43.283,0.75739,0.7575,1.00,1.37
2016.01.27 03:19:44.142,0.75741,0.75749,1.00,1.37
2016.01.27 03:19:44.363,0.7574,0.75751,1.00,1.37
2016.01.27 03:19:45.375,0.7574,0.75751,1.00,1.37
2016.01.27 03:19:46.384,0.7574,0.75751,1.00,1.37
2016.01.27 03:19:51.856,0.75741,0.75752,1.00,2.25
2016.01.27 03:19:51.960,0.75742,0.75752,1.00,1.00
2016.01.27 03:19:52.012,0.75744,0.75752,1.00,1.00
2016.01.27 03:19:52.467,0.75746,0.75755,1.00,1.37
2016.01.27 03:19:53.143,0.75746,0.75755,1.00,1.00
2016.01.27 03:19:53.669,0.75746,0.75755,1.00,1.37
2016.01.27 03:20:00.096,0.75747,0.75758,1.00,1.37
2016.01.27 03:20:00.876,0.75747,0.75758,1.00,1.37
2016.01.27 03:20:02.317,0.75746,0.75757,1.00,1.37
2016.01.27 03:20:02.911,0.75747,0.75758,1.00,1.50
2016.01.27 03:20:03.420,0.75747,0.75758,1.00,1.50
2016.01.27 03:20:04.940,0.75748,0.75759,1.00,1.75
2016.01.27 03:20:05.449,0.75749,0.7576,1.00,2.25
2016.01.27 03:20:05.962,0.75748,0.75759,1.50,1.75
2016.01.27 03:20:06.285,0.75748,0.75757,1.87,1.12
2016.01.27 03:20:16.308,0.75748,0.75757,1.87,1.37
2016.01.27 03:20:20.867,0.75747,0.75755,1.87,1.00
2016.01.27 03:20:20.969,0.75745,0.75754,2.62,1.00
2016.01.27 03:20:21.020,0.75745,0.75753,1.00,1.37
2016.01.27 03:20:21.356,0.75742,0.75746,1.00,1.00
2016.01.27 03:20:21.407,0.75738,0.75748,1.50,1.37
2016.01.27 03:20:21.930,0.75737,0.75746,1.87,1.00
2016.01.27 03:20:22.747,0.75737,0.75748,1.87,1.37
2016.01.27 03:20:23.296,0.75737,0.75748,1.87,1.37
2016.01.27 03:20:24.535,0.75737,0.75748,1.87,1.37
2016.01.27 03:20:25.539,0.75737,0.75748,1.87,1.37
2016.01.27 03:20:26.641,0.75737,0.75748,1.87,1.37
2016.01.27 03:20:27.447,0.75738,0.75747,1.00,1.12
2016.01.27 03:20:27.647,0.75737,0.75746,1.87,1.37
2016.01.27 03:20:28.610,0.75737,0.75746,1.87,1.12
2016.01.27 03:20:34.078,0.75735,0.75746,1.12,1.12
2016.01.27 03:20:34.663,0.75735,0.75746,1.12,1.37
2016.01.27 03:20:35.343,0.75736,0.75747,1.87,1.37
2016.01.27 03:20:35.847,0.75736,0.75747,1.87,1.37
2016.01.27 03:20:39.848,0.75737,0.75747,1.00,1.37
2016.01.27 03:20:40.384,0.75738,0.75747,2.62,1.37
2016.01.27 03:20:41.579,0.7574,0.75749,1.00,1.50
2016.01.27 03:20:41.681,0.7574,0.75749,1.00,1.50
2016.01.27 03:20:42.218,0.75739,0.75749,1.12,1.50
2016.01.27 03:20:44.664,0.75739,0.75749,1.12,1.50
2016.01.27 03:20:45.651,0.75739,0.75749,1.87,1.00
2016.01.27 03:20:46.086,0.7574,0.75747,1.00,1.00
2016.01.27 03:20:46.238,0.7574,0.75749,1.00,1.87
2016.01.27 03:20:46.771,0.7574,0.75748,1.00,1.00
2016.01.27 03:20:48.260,0.75739,0.75749,1.00,1.37
2016.01.27 03:20:50.182,0.75739,0.75748,1.00,1.37
2016.01.27 03:20:51.446,0.75738,0.75748,1.50,1.37
2016.01.27 03:20:53.247,0.75739,0.75748,1.00,1.37
2016.01.27 03:20:53.299,0.75739,0.75748,1.00,1.12
2016.01.27 03:20:55.206,0.75739,0.75749,1.00,1.37
2016.01.27 03:20:56.105,0.75739,0.75749,1.00,1.37
2016.01.27 03:20:57.128,0.75739,0.75749,1.00,1.37
2016.01.27 03:21:00.117,0.75738,0.75749,1.50,1.37
2016.01.27 03:21:00.270,0.7574,0.75749,1.00,1.37
2016.01.27 03:21:01.122,0.7574,0.75749,1.00,1.37
2016.01.27 03:21:04.099,0.7574,0.75749,1.00,1.12
2016.01.27 03:21:05.230,0.7574,0.75749,1.00,1.37
2016.01.27 03:21:12.824,0.75741,0.75749,1.00,1.37
2016.01.27 03:21:13.402,0.75741,0.7575,1.00,1.37
2016.01.27 03:21:14.235,0.75741,0.7575,1.00,1.37
2016.01.27 03:21:20.308,0.75739,0.7575,2.25,1.37
2016.01.27 03:21:22.445,0.75739,0.7575,1.00,1.37
2016.01.27 03:21:25.122,0.7574,0.75751,1.00,1.37
2016.01.27 03:21:25.732,0.75741,0.75751,1.00,1.37
2016.01.27 03:21:26.330,0.75741,0.75751,1.00,1.37
2016.01.27 03:21:27.402,0.75741,0.75749,1.00,1.00
2016.01.27 03:21:27.706,0.75738,0.75748,3.37,1.00
2016.01.27 03:21:28.223,0.75738,0.75747,1.50,1.00
2016.01.27 03:21:30.622,0.75738,0.75748,1.00,1.12
2016.01.27 03:21:32.286,0.75738,0.75749,1.50,1.12
2016.01.27 03:21:32.823,0.75738,0.75748,1.00,1.12
2016.01.27 03:21:33.743,0.75738,0.75749,2.25,1.37
2016.01.27 03:21:35.947,0.75738,0.75748,1.12,1.12
2016.01.27 03:21:36.493,0.75739,0.75749,1.00,1.37
2016.01.27 03:21:39.785,0.75739,0.75749,1.00,1.37
2016.01.27 03:21:40.964,0.75739,0.75749,1.00,1.37
2016.01.27 03:21:41.574,0.75737,0.75748,3.00,1.12
2016.01.27 03:21:41.777,0.75736,0.75745,1.87,1.37
2016.01.27 03:21:42.291,0.75735,0.75745,1.00,1.37
2016.01.27 03:21:42.800,0.75736,0.75745,1.00,1.37
2016.01.27 03:21:44.672,0.75734,0.75745,1.00,1.37
2016.01.27 03:21:45.883,0.75734,0.75745,1.50,1.37
2016.01.27 03:21:47.167,0.75734,0.75745,1.50,1.37
2016.01.27 03:21:47.882,0.75734,0.75745,1.87,1.37
2016.01.27 03:21:48.868,0.75734,0.75745,1.50,1.37
2016.01.27 03:21:50.424,0.75735,0.75745,1.00,1.37
2016.01.27 03:21:52.132,0.75734,0.75745,2.70,1.37
2016.01.27 03:21:52.640,0.75735,0.75744,1.00,1.12
2016.01.27 03:21:54.711,0.75736,0.75745,1.00,1.37
2016.01.27 03:21:55.878,0.75737,0.75745,1.00,1.37
2016.01.27 03:21:56.707,0.75735,0.75746,1.12,1.37
2016.01.27 03:21:57.289,0.75736,0.75746,1.00,1.37
2016.01.27 03:21:58.171,0.75735,0.75746,1.12,1.37
2016.01.27 03:21:58.791,0.75736,0.75746,1.00,1.37
2016.01.27 03:21:59.735,0.75737,0.75747,1.00,1.37
2016.01.27 03:21:59.938,0.75738,0.75747,1.00,1.50
2016.01.27 03:22:00.987,0.75739,0.7575,1.00,1.75
2016.01.27 03:22:01.537,0.75739,0.7575,1.50,1.50
2016.01.27 03:22:01.916,0.75738,0.75749,2.62,1.37
2016.01.27 03:22:03.215,0.75739,0.75749,2.25,1.12
2016.01.27 03:22:05.209,0.75738,0.75749,3.00,1.37
2016.01.27 03:22:09.644,0.7574,0.7575,1.00,1.50
2016.01.27 03:22:10.194,0.7574,0.75748,1.50,1.00
2016.01.27 03:22:13.126,0.75739,0.7575,1.50,1.50
2016.01.27 03:22:16.268,0.75741,0.75752,1.00,3.00
2016.01.27 03:22:19.330,0.7574,0.75751,1.00,1.75
2016.01.27 03:22:19.842,0.7574,0.75751,1.00,1.75
2016.01.27 03:22:20.349,0.75742,0.75751,1.00,1.75
2016.01.27 03:22:20.576,0.7574,0.75751,1.00,1.75
2016.01.27 03:22:21.087,0.7574,0.75751,1.00,1.75
2016.01.27 03:22:21.648,0.7574,0.75751,1.00,1.75
2016.01.27 03:22:23.856,0.75741,0.75752,1.00,3.00
2016.01.27 03:22:25.668,0.75741,0.75752,1.00,1.87
2016.01.27 03:22:26.367,0.7574,0.75751,1.00,1.37
2016.01.27 03:22:26.874,0.7574,0.75751,1.00,1.37
2016.01.27 03:22:27.673,0.7574,0.75751,1.00,1.37
2016.01.27 03:22:28.661,0.7574,0.75751,1.00,1.37
2016.01.27 03:22:29.663,0.7574,0.75751,1.00,1.37
2016.01.27 03:22:35.691,0.7574,0.75751,1.00,1.37
2016.01.27 03:22:36.764,0.75739,0.7575,1.12,1.37
2016.01.27 03:22:37.815,0.75739,0.7575,1.12,1.37
2016.01.27 03:22:41.690,0.75739,0.7575,1.12,1.37
2016.01.27 03:22:48.336,0.75738,0.75749,2.62,1.37
2016.01.27 03:22:48.933,0.75738,0.75749,2.62,1.37
2016.01.27 03:22:49.196,0.7574,0.75749,1.00,1.37
2016.01.27 03:22:49.703,0.7574,0.75749,1.00,1.37
2016.01.27 03:22:53.753,0.7574,0.75749,1.00,1.37
2016.01.27 03:22:56.927,0.75738,0.75749,2.62,1.37
2016.01.27 03:22:57.457,0.75738,0.75749,2.62,1.37
2016.01.27 03:22:59.418,0.75738,0.75749,3.00,1.37
2016.01.27 03:23:10.959,0.75738,0.75749,1.87,1.37
2016.01.27 03:23:19.512,0.75737,0.75748,1.87,1.12
2016.01.27 03:23:19.768,0.75737,0.75747,1.00,1.37
2016.01.27 03:23:20.022,0.75735,0.75744,1.12,1.00
2016.01.27 03:23:20.450,0.75734,0.75739,1.37,1.00
2016.01.27 03:23:20.502,0.75731,0.75739,1.50,1.00
2016.01.27 03:23:20.605,0.7573,0.75739,1.00,1.00
2016.01.27 03:23:21.115,0.75727,0.75738,2.25,1.00
2016.01.27 03:23:21.268,0.75727,0.75738,1.87,1.12
2016.01.27 03:23:21.370,0.75729,0.75738,1.00,1.12
2016.01.27 03:23:21.588,0.75727,0.75738,1.50,1.12
2016.01.27 03:23:22.244,0.75727,0.75737,1.00,1.00
2016.01.27 03:23:22.893,0.75727,0.75737,1.50,1.37
2016.01.27 03:23:23.400,0.75727,0.75738,1.00,1.37
2016.01.27 03:23:24.700,0.75726,0.75737,3.37,1.37
2016.01.27 03:23:25.208,0.75727,0.75738,1.00,1.37
2016.01.27 03:23:25.259,0.75727,0.75738,1.00,1.37
2016.01.27 03:23:25.779,0.75726,0.75737,1.12,1.12
2016.01.27 03:23:26.262,0.75726,0.75737,1.12,1.37
2016.01.27 03:23:27.360,0.75728,0.75737,1.00,1.37
2016.01.27 03:23:27.411,0.75726,0.75737,1.87,1.37
2016.01.27 03:23:29.409,0.75727,0.75737,1.00,1.37
2016.01.27 03:23:32.290,0.75727,0.75737,1.00,1.37
2016.01.27 03:23:34.287,0.75727,0.75738,1.00,1.37
2016.01.27 03:23:35.214,0.75726,0.75737,1.12,1.37
2016.01.27 03:23:35.875,0.75727,0.75738,1.00,1.37
2016.01.27 03:23:36.760,0.75726,0.75737,1.87,1.37
2016.01.27 03:23:37.348,0.75726,0.75734,1.12,1.00
2016.01.27 03:23:37.856,0.75726,0.75736,1.12,1.37
2016.01.27 03:23:39.114,0.75726,0.75734,1.50,1.00
2016.01.27 03:23:39.662,0.75726,0.75734,1.00,1.37
2016.01.27 03:23:40.295,0.75726,0.75734,1.00,1.12
2016.01.27 03:23:41.824,0.75725,0.75735,2.25,1.37
2016.01.27 03:23:43.533,0.75726,0.75737,1.00,1.37
2016.01.27 03:23:44.040,0.75725,0.75736,1.00,1.37
2016.01.27 03:23:46.492,0.75726,0.75734,1.00,1.12
2016.01.27 03:23:47.624,0.75724,0.75734,1.50,1.12
2016.01.27 03:23:47.777,0.75722,0.75731,2.25,1.00
2016.01.27 03:23:48.289,0.75722,0.75731,1.50,1.37
2016.01.27 03:23:48.913,0.75722,0.75731,1.50,1.12
2016.01.27 03:23:50.012,0.75722,0.75731,1.00,1.37
2016.01.27 03:23:53.792,0.75723,0.75732,1.00,1.50
2016.01.27 03:23:54.098,0.75721,0.75732,1.50,1.50
2016.01.27 03:23:54.607,0.75722,0.75731,1.00,1.37
2016.01.27 03:23:55.117,0.75722,0.75731,1.00,1.12
2016.01.27 03:23:55.940,0.75722,0.75731,1.00,1.37
2016.01.27 03:23:57.270,0.75721,0.75732,1.50,1.50
2016.01.27 03:23:59.377,0.75722,0.75733,1.50,1.37
2016.01.27 03:23:59.530,0.75723,0.75734,1.00,1.87
2016.01.27 03:24:00.089,0.75724,0.75734,1.00,1.37
2016.01.27 03:24:00.611,0.75724,0.75735,1.50,1.37
2016.01.27 03:24:02.797,0.75724,0.75735,1.12,1.37
2016.01.27 03:24:03.534,0.75724,0.75735,1.00,1.37
2016.01.27 03:24:05.517,0.75724,0.75735,1.00,1.37
2016.01.27 03:24:07.557,0.75724,0.75735,1.00,1.37
2016.01.27 03:24:11.751,0.75724,0.75735,1.12,1.37
2016.01.27 03:24:16.750,0.75724,0.75735,1.50,1.37
2016.01.27 03:24:25.021,0.75725,0.75736,1.00,1.37
2016.01.27 03:24:25.899,0.75726,0.75735,1.00,1.37
2016.01.27 03:24:26.793,0.75726,0.75735,1.00,1.00
2016.01.27 03:24:31.940,0.75727,0.75738,1.00,1.50
2016.01.27 03:24:35.493,0.75726,0.75737,1.00,1.87
2016.01.27 03:24:35.697,0.75726,0.75737,1.22,1.37
2016.01.27 03:24:36.002,0.75726,0.75734,1.12,1.37
2016.01.27 03:24:36.777,0.75725,0.75736,1.12,1.37
2016.01.27 03:24:37.284,0.75725,0.75736,1.22,1.37
2016.01.27 03:24:37.793,0.75727,0.75736,1.00,1.37
2016.01.27 03:24:38.422,0.75727,0.75736,1.00,1.37
2016.01.27 03:24:38.966,0.75727,0.75736,1.00,1.37
2016.01.27 03:24:42.913,0.75727,0.75736,1.00,1.37
2016.01.27 03:24:43.648,0.75725,0.75736,1.22,1.37
2016.01.27 03:24:43.917,0.75725,0.75736,1.22,1.37
2016.01.27 03:24:44.873,0.75726,0.75737,1.12,1.37
2016.01.27 03:24:45.421,0.75727,0.75735,1.00,1.37
2016.01.27 03:24:47.961,0.75727,0.75735,1.00,1.12
2016.01.27 03:24:48.877,0.75727,0.75735,1.00,1.37
2016.01.27 03:24:49.729,0.75726,0.75737,1.12,1.37
2016.01.27 03:24:51.919,0.75726,0.75737,1.12,1.37
2016.01.27 03:24:52.428,0.75725,0.75736,1.22,1.37
2016.01.27 03:24:52.894,0.75725,0.75736,1.22,1.37
2016.01.27 03:24:55.352,0.75725,0.75736,1.22,1.37
2016.01.27 03:24:56.908,0.75724,0.75735,2.34,1.12
2016.01.27 03:24:57.898,0.75724,0.75735,2.34,1.37
2016.01.27 03:24:59.169,0.75724,0.75735,2.25,1.37
2016.01.27 03:25:02.380,0.75724,0.75735,1.87,1.37
2016.01.27 03:25:07.680,0.75725,0.75735,1.00,1.37
2016.01.27 03:25:08.436,0.75726,0.75734,1.00,1.12
2016.01.27 03:25:08.943,0.75725,0.75736,1.00,1.37
2016.01.27 03:25:11.638,0.75724,0.75735,1.22,1.37
2016.01.27 03:25:11.935,0.75724,0.75735,1.00,1.37
2016.01.27 03:25:13.942,0.75724,0.75735,1.50,1.12
2016.01.27 03:25:14.951,0.75724,0.75735,1.50,1.37
2016.01.27 03:25:17.013,0.75726,0.75735,1.00,1.37
2016.01.27 03:25:20.056,0.75726,0.75735,1.00,1.12
2016.01.27 03:25:21.040,0.75726,0.75735,1.00,1.37
2016.01.27 03:25:22.060,0.75726,0.75735,1.00,1.12
2016.01.27 03:25:23.040,0.75726,0.75735,1.00,1.37
2016.01.27 03:25:25.244,0.75724,0.75735,2.25,1.37
2016.01.27 03:25:25.752,0.75723,0.75733,1.00,1.12
2016.01.27 03:25:25.855,0.75725,0.75734,1.00,1.37
2016.01.27 03:25:26.386,0.75724,0.75735,1.00,3.00
2016.01.27 03:25:28.646,0.75723,0.75734,1.00,1.37
2016.01.27 03:25:29.713,0.75725,0.75734,1.00,1.37
2016.01.27 03:25:30.223,0.75724,0.75735,1.00,1.87
2016.01.27 03:25:30.529,0.75726,0.75736,1.00,1.37
2016.01.27 03:25:32.485,0.75726,0.75736,1.00,1.37
2016.01.27 03:25:32.791,0.75727,0.75737,1.09,1.37
2016.01.27 03:25:33.526,0.75727,0.75738,1.09,1.50
2016.01.27 03:25:34.053,0.75727,0.75736,1.12,1.12
2016.01.27 03:25:35.448,0.75727,0.75736,1.12,1.37
2016.01.27 03:25:36.547,0.75729,0.75738,1.00,1.50
2016.01.27 03:25:37.003,0.75727,0.75738,1.00,1.50
2016.01.27 03:25:37.511,0.75727,0.75738,1.09,1.50
2016.01.27 03:25:38.181,0.7573,0.75739,1.00,1.37
2016.01.27 03:25:38.283,0.75728,0.75739,1.12,1.37
2016.01.27 03:25:38.588,0.75729,0.7574,1.00,1.37
2016.01.27 03:25:39.128,0.75729,0.7574,1.09,1.37
2016.01.27 03:25:39.978,0.75729,0.7574,1.50,1.37
2016.01.27 03:25:48.291,0.75728,0.75738,1.00,1.50
2016.01.27 03:25:48.807,0.75727,0.75738,1.50,1.50
2016.01.27 03:25:49.312,0.75727,0.75738,1.50,1.50
2016.01.27 03:25:49.875,0.75727,0.75738,1.50,1.50
2016.01.27 03:25:50.405,0.75726,0.75737,3.00,1.37
2016.01.27 03:25:50.926,0.75727,0.75738,1.00,1.50
2016.01.27 03:25:58.062,0.75726,0.75737,1.50,1.37
2016.01.27 03:25:58.571,0.75725,0.75736,1.00,1.37
2016.01.27 03:25:59.019,0.75723,0.75734,1.12,1.87
2016.01.27 03:25:59.546,0.75722,0.75732,1.50,1.00
2016.01.27 03:25:59.935,0.75724,0.75732,1.00,1.00
2016.01.27 03:26:00.534,0.75724,0.75733,1.00,1.75
2016.01.27 03:26:01.021,0.75724,0.75735,1.00,1.50
2016.01.27 03:26:02.155,0.75726,0.75734,1.00,1.37
2016.01.27 03:26:04.418,0.75726,0.75735,1.00,1.37
2016.01.27 03:26:07.113,0.75726,0.75735,1.00,1.37
2016.01.27 03:26:07.984,0.75724,0.75736,1.00,1.37
2016.01.27 03:26:08.494,0.75725,0.75734,1.00,1.12
2016.01.27 03:26:11.155,0.75725,0.75734,1.00,1.37
2016.01.27 03:26:19.146,0.75725,0.75734,1.00,1.12
2016.01.27 03:26:22.645,0.75723,0.75734,1.12,1.12
2016.01.27 03:26:23.162,0.75724,0.75735,1.00,1.37
2016.01.27 03:26:26.167,0.75724,0.75735,1.00,1.37
2016.01.27 03:26:33.921,0.75725,0.75736,1.00,1.50
2016.01.27 03:26:34.429,0.75724,0.75735,1.00,1.37
2016.01.27 03:26:36.154,0.75724,0.75735,1.00,1.37
2016.01.27 03:26:38.333,0.75724,0.75735,1.12,1.37
2016.01.27 03:26:38.844,0.75725,0.75736,1.00,1.50
2016.01.27 03:26:39.203,0.75727,0.75736,1.00,1.37
2016.01.27 03:26:39.254,0.75725,0.75736,1.50,1.37
2016.01.27 03:26:41.830,0.75724,0.75736,3.37,1.37
2016.01.27 03:26:42.362,0.75724,0.75735,1.50,1.37
2016.01.27 03:26:42.894,0.75725,0.75736,1.00,1.37
2016.01.27 03:26:44.190,0.75725,0.75736,1.00,1.37
2016.01.27 03:26:44.820,0.75724,0.75735,1.50,1.37
2016.01.27 03:26:48.661,0.75723,0.75734,2.25,1.12
2016.01.27 03:26:48.873,0.75723,0.75733,1.12,1.37
2016.01.27 03:26:49.593,0.75722,0.75733,1.50,1.37
2016.01.27 03:26:50.888,0.75722,0.75733,1.50,1.37
2016.01.27 03:26:51.303,0.75724,0.75733,1.00,1.37
2016.01.27 03:26:51.810,0.75724,0.75735,1.12,1.37
2016.01.27 03:26:51.982,0.75726,0.75735,1.00,1.37
2016.01.27 03:26:53.292,0.75726,0.75735,1.00,1.12
2016.01.27 03:26:54.810,0.75724,0.75735,1.50,1.12
2016.01.27 03:26:54.861,0.75726,0.75735,1.00,1.12
2016.01.27 03:26:54.963,0.75724,0.75735,1.50,1.12
2016.01.27 03:26:56.335,0.75724,0.75735,1.50,1.37
2016.01.27 03:27:00.149,0.75723,0.75734,1.50,1.12
2016.01.27 03:27:00.990,0.75724,0.75735,1.00,1.37
2016.01.27 03:27:01.503,0.75724,0.75735,1.00,1.37
2016.01.27 03:27:02.334,0.75724,0.75735,1.00,1.37
2016.01.27 03:27:05.213,0.75724,0.75735,1.50,1.37
2016.01.27 03:27:06.362,0.75724,0.75735,1.50,1.12
2016.01.27 03:27:07.349,0.75724,0.75735,1.50,1.37
2016.01.27 03:27:12.319,0.75724,0.75735,1.50,1.37
2016.01.27 03:27:16.337,0.75724,0.75735,1.50,1.12
2016.01.27 03:27:17.335,0.75724,0.75735,1.87,1.37
2016.01.27 03:27:17.871,0.75724,0.75735,1.87,1.37
2016.01.27 03:27:18.413,0.75725,0.75736,1.00,1.37
2016.01.27 03:27:18.916,0.75725,0.75736,1.00,1.37
2016.01.27 03:27:21.864,0.75724,0.75735,1.50,1.37
2016.01.27 03:27:22.829,0.75725,0.75736,1.00,1.37
2016.01.27 03:27:23.340,0.75726,0.75737,1.00,1.50
2016.01.27 03:27:24.374,0.75726,0.75737,1.00,1.50
2016.01.27 03:27:24.476,0.75728,0.75737,1.00,1.50
2016.01.27 03:27:25.263,0.75728,0.75739,1.12,1.87
2016.01.27 03:27:26.027,0.75728,0.75739,1.50,1.50
2016.01.27 03:27:26.527,0.75731,0.7574,1.00,1.50
2016.01.27 03:27:27.543,0.75731,0.75742,1.50,1.75
2016.01.27 03:27:28.352,0.75732,0.75742,1.00,1.37
2016.01.27 03:27:32.546,0.75732,0.75743,1.00,1.50
2016.01.27 03:27:33.248,0.75732,0.75741,1.50,1.00
2016.01.27 03:27:34.411,0.75732,0.75742,1.00,1.12
2016.01.27 03:27:35.092,0.75733,0.75744,1.00,1.37
2016.01.27 03:27:35.748,0.75733,0.75744,2.25,1.37
2016.01.27 03:27:36.489,0.75733,0.75745,2.25,1.37
2016.01.27 03:27:37.166,0.75735,0.75746,1.50,1.50
2016.01.27 03:27:41.194,0.75735,0.75744,1.00,1.00
2016.01.27 03:27:41.703,0.75733,0.75744,1.50,1.00
2016.01.27 03:27:42.229,0.75733,0.75744,1.50,1.37
2016.01.27 03:27:46.013,0.75733,0.75744,1.37,1.12
2016.01.27 03:27:48.884,0.75733,0.75744,2.32,1.00
2016.01.27 03:27:48.937,0.75737,0.75748,1.00,2.25
2016.01.27 03:27:49.091,0.75739,0.75748,1.50,1.12
2016.01.27 03:27:49.629,0.75739,0.75748,1.00,1.87
2016.01.27 03:27:49.785,0.75739,0.75749,1.00,1.00
2016.01.27 03:27:50.055,0.75741,0.7575,1.00,1.12
2016.01.27 03:27:50.107,0.75741,0.75752,1.00,1.12
2016.01.27 03:27:50.413,0.75743,0.75752,1.00,1.12
2016.01.27 03:27:50.938,0.75742,0.75754,1.00,1.12
2016.01.27 03:27:51.554,0.75743,0.75754,1.87,1.12
2016.01.27 03:27:52.574,0.75745,0.75754,1.00,1.12
2016.01.27 03:27:53.083,0.75743,0.75754,2.25,1.12
2016.01.27 03:27:53.634,0.75744,0.75753,1.12,1.00
2016.01.27 03:27:54.176,0.75743,0.75754,2.62,1.00
2016.01.27 03:27:54.820,0.75743,0.75753,1.87,1.00
2016.01.27 03:27:55.240,0.75744,0.75755,1.50,1.12
2016.01.27 03:27:57.176,0.75745,0.75756,1.50,1.50
2016.01.27 03:27:57.713,0.75747,0.75758,1.00,1.75
2016.01.27 03:27:58.018,0.75747,0.75759,1.12,1.50
2016.01.27 03:27:58.070,0.75747,0.75759,1.12,1.50
2016.01.27 03:28:02.039,0.75747,0.7576,1.12,1.75
2016.01.27 03:28:03.040,0.75747,0.75759,1.12,1.50
2016.01.27 03:28:07.128,0.75747,0.7576,1.87,1.87
2016.01.27 03:28:09.328,0.75747,0.75757,1.12,1.50
2016.01.27 03:28:09.877,0.75746,0.75757,1.50,1.00
2016.01.27 03:28:13.154,0.75746,0.75757,1.12,1.37
2016.01.27 03:28:14.418,0.75747,0.75758,1.00,1.37
2016.01.27 03:28:14.724,0.75748,0.75759,1.00,1.87
2016.01.27 03:28:15.350,0.7575,0.75759,1.00,1.37
2016.01.27 03:28:15.900,0.7575,0.75759,1.00,1.12
2016.01.27 03:28:16.509,0.75749,0.7576,2.25,1.37
2016.01.27 03:28:17.056,0.75749,0.75758,2.25,1.00
2016.01.27 03:28:17.437,0.75749,0.7576,1.00,1.12
2016.01.27 03:28:17.640,0.75749,0.75758,1.50,1.00
2016.01.27 03:28:19.718,0.75749,0.75759,1.50,1.50
2016.01.27 03:28:22.528,0.7575,0.75763,1.00,2.25
2016.01.27 03:28:23.559,0.7575,0.75764,1.12,1.87
2016.01.27 03:28:24.570,0.7575,0.75763,1.00,1.50
2016.01.27 03:28:27.564,0.7575,0.75763,1.12,1.50
2016.01.27 03:28:28.124,0.75752,0.75763,1.00,1.50
2016.01.27 03:28:28.175,0.75752,0.75763,1.00,1.50
2016.01.27 03:28:28.278,0.75754,0.75763,1.00,1.00
2016.01.27 03:28:28.829,0.75754,0.75766,1.12,1.50
2016.01.27 03:28:29.337,0.75754,0.75766,1.12,1.37
2016.01.27 03:28:33.361,0.75754,0.75766,1.12,1.37
2016.01.27 03:28:41.277,0.75753,0.75764,1.50,1.12
2016.01.27 03:28:41.822,0.75752,0.75763,3.00,1.12
2016.01.27 03:28:42.505,0.75753,0.75764,1.00,1.37
2016.01.27 03:28:44.394,0.75753,0.75764,1.87,1.37
2016.01.27 03:28:45.355,0.75753,0.75764,1.50,1.37
2016.01.27 03:28:50.398,0.75753,0.75764,2.25,1.37
2016.01.27 03:28:52.380,0.75753,0.75764,2.25,1.37
2016.01.27 03:28:54.313,0.75754,0.75764,1.00,1.37
2016.01.27 03:28:56.490,0.75754,0.75764,1.00,1.37
2016.01.27 03:28:58.731,0.75755,0.75766,1.00,3.00
2016.01.27 03:28:59.438,0.75755,0.75766,1.00,3.00
2016.01.27 03:29:00.389,0.75755,0.75766,1.00,2.62
2016.01.27 03:29:04.215,0.75756,0.75766,1.00,1.87
2016.01.27 03:29:04.910,0.75755,0.75766,1.00,1.37
2016.01.27 03:29:08.347,0.75757,0.75766,1.00,1.37
2016.01.27 03:29:08.999,0.75757,0.75766,1.00,1.37
2016.01.27 03:29:10.118,0.75755,0.75766,1.00,1.37
2016.01.27 03:29:12.472,0.75755,0.75766,1.00,1.37
2016.01.27 03:29:13.473,0.75755,0.75766,1.00,1.37
2016.01.27 03:29:15.442,0.75755,0.75766,1.00,1.12
2016.01.27 03:29:16.457,0.75755,0.75766,1.12,1.37
2016.01.27 03:29:17.467,0.75755,0.75766,1.00,1.37
2016.01.27 03:29:18.459,0.75755,0.75766,1.00,1.37
2016.01.27 03:29:20.477,0.75755,0.75766,1.00,1.37
2016.01.27 03:29:25.455,0.75755,0.75766,1.00,1.37
2016.01.27 03:29:27.497,0.75755,0.75766,1.00,1.37
2016.01.27 03:29:36.885,0.75756,0.75766,1.00,1.37
2016.01.27 03:29:39.701,0.75755,0.75766,1.50,1.37
2016.01.27 03:29:40.794,0.75755,0.75764,1.50,1.00
2016.01.27 03:29:42.105,0.75756,0.75764,1.00,1.00
2016.01.27 03:29:42.630,0.75756,0.75766,1.00,1.37
2016.01.27 03:29:45.897,0.75755,0.75766,1.00,1.87
2016.01.27 03:29:46.508,0.75755,0.75766,1.00,1.87
2016.01.27 03:29:49.454,0.75754,0.75765,1.00,1.37
2016.01.27 03:29:49.981,0.75753,0.75763,1.00,1.00
2016.01.27 03:29:54.713,0.75752,0.75763,2.25,1.12
2016.01.27 03:29:55.619,0.75752,0.75763,1.00,1.37
2016.01.27 03:29:56.639,0.75752,0.75763,1.00,1.37
2016.01.27 03:29:59.546,0.75752,0.75763,1.00,1.87
2016.01.27 03:30:00.331,0.75751,0.75762,1.00,1.37
2016.01.27 03:30:00.841,0.75751,0.75762,1.00,1.87
2016.01.27 03:30:02.954,0.75752,0.75763,1.00,3.37
2016.01.27 03:30:05.230,0.75752,0.75761,1.00,1.00
2016.01.27 03:30:08.574,0.75752,0.75761,1.00,1.87
2016.01.27 03:30:08.625,0.7575,0.7576,1.87,1.12
2016.01.27 03:30:09.044,0.75749,0.75758,1.37,1.00
2016.01.27 03:30:09.197,0.75748,0.75758,1.12,1.12
2016.01.27 03:30:12.114,0.75749,0.75758,1.00,1.87
2016.01.27 03:30:13.730,0.75747,0.75757,1.00,1.00
2016.01.27 03:30:13.782,0.75746,0.75755,1.00,1.00
2016.01.27 03:30:14.087,0.75744,0.75754,1.50,1.00
2016.01.27 03:30:16.629,0.75744,0.75755,2.25,2.62
2016.01.27 03:30:17.675,0.75744,0.75754,1.50,1.00
2016.01.27 03:30:18.222,0.75745,0.75754,1.00,1.12
2016.01.27 03:30:19.514,0.75744,0.75755,1.50,2.62
2016.01.27 03:30:20.061,0.75744,0.75754,1.50,1.00
2016.01.27 03:30:20.264,0.75746,0.75755,1.00,2.62
2016.01.27 03:30:21.662,0.75747,0.75756,1.00,1.87
2016.01.27 03:30:22.170,0.75747,0.75756,1.00,1.50
2016.01.27 03:30:22.690,0.75747,0.75755,1.00,1.00
2016.01.27 03:30:23.236,0.75746,0.75757,2.25,2.25
2016.01.27 03:30:23.747,0.75747,0.75756,1.00,1.00
2016.01.27 03:30:24.260,0.75746,0.75757,1.50,2.25
2016.01.27 03:30:24.788,0.75746,0.75756,1.00,1.00
2016.01.27 03:30:25.300,0.75747,0.75758,1.00,2.62
2016.01.27 03:30:25.902,0.7575,0.7576,1.00,1.75
2016.01.27 03:30:26.258,0.75751,0.75761,1.00,2.25
2016.01.27 03:30:27.022,0.75751,0.75761,1.00,2.25
2016.01.27 03:30:28.491,0.75752,0.75763,1.12,1.50
2016.01.27 03:30:28.593,0.75754,0.75764,1.00,1.50
2016.01.27 03:30:29.119,0.75753,0.75764,1.50,1.50
2016.01.27 03:30:29.628,0.75753,0.75764,1.87,1.50
2016.01.27 03:30:30.179,0.75753,0.75762,1.87,1.00
2016.01.27 03:30:32.138,0.75754,0.75763,1.00,1.87
2016.01.27 03:30:32.705,0.75754,0.75763,1.00,1.87
2016.01.27 03:30:33.387,0.75755,0.75763,1.00,1.87
2016.01.27 03:30:35.633,0.75754,0.75762,1.00,1.00
2016.01.27 03:30:36.523,0.75754,0.75763,1.00,1.12
2016.01.27 03:30:38.990,0.75753,0.75763,1.50,1.87
2016.01.27 03:30:39.296,0.75752,0.75761,1.00,1.00
2016.01.27 03:30:41.250,0.75751,0.7576,2.62,1.00
2016.01.27 03:30:49.796,0.75751,0.75762,1.50,1.37
2016.01.27 03:30:50.152,0.75753,0.75762,1.00,1.37
2016.01.27 03:30:50.373,0.75751,0.75762,2.25,1.37
2016.01.27 03:30:55.684,0.75752,0.75761,1.00,1.00
2016.01.27 03:30:59.588,0.75751,0.75762,1.00,1.12
2016.01.27 03:31:00.290,0.75752,0.75762,1.00,1.12
2016.01.27 03:31:08.100,0.75754,0.75764,1.00,1.37
2016.01.27 03:31:08.254,0.75755,0.75764,1.00,1.12
2016.01.27 03:31:08.885,0.75754,0.75764,1.00,1.12
2016.01.27 03:31:09.388,0.75754,0.75763,1.00,1.12
2016.01.27 03:31:09.439,0.75752,0.75763,1.87,1.12
2016.01.27 03:31:12.157,0.75753,0.75764,1.00,1.87
2016.01.27 03:31:13.235,0.75754,0.75764,1.00,1.87
2016.01.27 03:31:14.000,0.75755,0.75764,1.00,1.37
2016.01.27 03:31:14.153,0.75755,0.75766,1.00,1.37
2016.01.27 03:31:15.463,0.75756,0.75767,1.00,1.75
2016.01.27 03:31:15.921,0.75759,0.75768,1.50,1.50
2016.01.27 03:31:15.973,0.75759,0.75768,1.50,1.50
2016.01.27 03:31:16.388,0.7576,0.75771,1.50,2.25
2016.01.27 03:31:17.583,0.7576,0.7577,1.50,1.50
2016.01.27 03:31:17.636,0.75762,0.7577,1.00,1.00
2016.01.27 03:31:18.156,0.75761,0.75772,1.12,1.37
2016.01.27 03:31:18.694,0.75762,0.75771,1.00,1.12
2016.01.27 03:31:19.206,0.75761,0.75772,1.12,1.37
2016.01.27 03:31:19.812,0.75759,0.7577,4.12,1.00
2016.01.27 03:31:20.017,0.75759,0.7577,3.37,1.00
2016.01.27 03:31:21.296,0.7576,0.75771,2.25,1.37
2016.01.27 03:31:21.907,0.75759,0.7577,3.00,1.00
2016.01.27 03:31:22.499,0.75759,0.7577,3.00,1.37
2016.01.27 03:31:25.881,0.7576,0.7577,1.00,1.37
2016.01.27 03:31:28.396,0.75759,0.7577,2.25,1.37
2016.01.27 03:31:29.084,0.75761,0.7577,1.00,1.37
2016.01.27 03:31:29.491,0.75761,0.75772,2.25,1.50
2016.01.27 03:31:30.029,0.75762,0.75772,1.00,1.37
2016.01.27 03:31:30.553,0.75762,0.75772,1.00,1.12
2016.01.27 03:31:31.563,0.75764,0.75773,1.00,1.37
2016.01.27 03:31:32.072,0.75763,0.75774,2.25,1.37
2016.01.27 03:31:32.791,0.75763,0.75774,2.62,1.12
2016.01.27 03:31:36.912,0.75766,0.75775,1.00,1.37
2016.01.27 03:31:37.066,0.75765,0.75776,1.12,1.00
2016.01.27 03:31:37.117,0.75767,0.75777,1.50,1.12
2016.01.27 03:31:38.068,0.75768,0.75777,1.00,1.12
2016.01.27 03:31:38.351,0.75766,0.75777,1.87,1.12
2016.01.27 03:31:38.859,0.75767,0.75778,1.00,1.37
2016.01.27 03:31:41.310,0.75766,0.75776,1.12,1.00
2016.01.27 03:31:41.819,0.75764,0.75775,1.87,1.00
2016.01.27 03:31:42.519,0.75764,0.75775,1.87,1.12
2016.01.27 03:31:48.749,0.75765,0.75776,1.00,2.62
2016.01.27 03:31:48.918,0.75766,0.75776,1.37,1.12
2016.01.27 03:31:53.586,0.75768,0.75777,1.00,1.12
2016.01.27 03:31:55.365,0.75766,0.75777,1.37,1.12
2016.01.27 03:31:57.640,0.75765,0.75776,1.87,1.00
2016.01.27 03:31:58.159,0.75765,0.75776,1.37,1.87
2016.01.27 03:31:58.928,0.75765,0.75776,1.00,1.50
2016.01.27 03:31:59.520,0.75765,0.75775,1.00,1.00
2016.01.27 03:32:00.036,0.75765,0.75776,1.00,1.50
2016.01.27 03:32:00.545,0.75766,0.75776,1.00,1.00
2016.01.27 03:32:03.767,0.75766,0.75777,1.00,1.12
2016.01.27 03:32:04.350,0.75766,0.75777,1.37,1.12
2016.01.27 03:32:05.401,0.75766,0.75777,1.50,1.50
2016.01.27 03:32:05.912,0.75764,0.75776,1.87,2.25
2016.01.27 03:32:06.420,0.75764,0.75776,1.50,2.25
2016.01.27 03:32:06.744,0.75766,0.75774,1.00,1.00
2016.01.27 03:32:06.795,0.75764,0.75774,1.00,1.00
2016.01.27 03:32:07.311,0.75763,0.75774,1.50,1.00
2016.01.27 03:32:08.039,0.75764,0.75774,1.00,1.00
2016.01.27 03:32:08.549,0.75762,0.75774,1.87,1.50
2016.01.27 03:32:09.171,0.75763,0.75775,1.00,1.87
2016.01.27 03:32:09.699,0.75764,0.75774,1.00,1.00
2016.01.27 03:32:09.904,0.75762,0.75773,1.87,1.00
2016.01.27 03:32:10.448,0.75761,0.75772,2.62,1.00
2016.01.27 03:32:10.958,0.75761,0.75771,1.37,1.12
2016.01.27 03:32:11.810,0.7576,0.75771,1.87,1.12
2016.01.27 03:32:13.619,0.75762,0.75771,1.00,1.12
2016.01.27 03:32:14.127,0.75762,0.75774,1.50,1.87
2016.01.27 03:32:14.381,0.75763,0.75774,1.50,1.87
2016.01.27 03:32:14.893,0.75764,0.75773,1.00,1.00
2016.01.27 03:32:16.598,0.75763,0.75774,2.62,1.50
2016.01.27 03:32:20.618,0.75764,0.75773,1.00,1.00
2016.01.27 03:32:22.316,0.75763,0.75774,2.25,1.12
2016.01.27 03:32:23.512,0.75764,0.75774,1.00,1.12
2016.01.27 03:32:24.438,0.75763,0.75774,1.87,1.12
2016.01.27 03:32:24.961,0.75763,0.75774,1.87,1.12
2016.01.27 03:32:25.470,0.75763,0.75773,1.37,1.00
2016.01.27 03:32:26.172,0.75762,0.75773,1.87,1.00
2016.01.27 03:32:35.590,0.75761,0.75773,2.25,1.12
2016.01.27 03:32:38.294,0.75761,0.75773,2.25,1.12
2016.01.27 03:32:39.332,0.75762,0.75774,1.50,1.12
2016.01.27 03:32:41.680,0.75763,0.75772,1.00,1.00
2016.01.27 03:32:42.658,0.75762,0.75773,1.87,1.00
2016.01.27 03:32:43.631,0.75762,0.75772,1.87,1.00
2016.01.27 03:32:44.165,0.75763,0.75772,1.00,1.00
2016.01.27 03:32:46.188,0.75765,0.75774,1.00,1.87
2016.01.27 03:32:46.529,0.75767,0.75777,1.12,1.00
2016.01.27 03:32:48.426,0.75766,0.75777,1.87,1.12
2016.01.27 03:32:52.683,0.75767,0.75777,1.00,1.12
2016.01.27 03:32:53.215,0.75766,0.75777,1.87,1.12
2016.01.27 03:32:53.895,0.75767,0.75778,1.00,1.12
2016.01.27 03:32:54.725,0.75767,0.75777,1.87,1.00
2016.01.27 03:32:55.235,0.75768,0.75779,1.00,1.37
2016.01.27 03:32:55.337,0.75769,0.7578,1.50,2.62
2016.01.27 03:32:56.006,0.75771,0.7578,1.12,1.12
2016.01.27 03:32:58.279,0.75772,0.7578,1.00,1.00
2016.01.27 03:32:59.616,0.75771,0.7578,1.12,1.50
2016.01.27 03:33:04.834,0.75771,0.7578,1.50,1.50
2016.01.27 03:33:06.956,0.75768,0.7578,1.37,1.50
2016.01.27 03:33:07.466,0.75768,0.75779,1.87,1.00
2016.01.27 03:33:08.057,0.75768,0.75779,1.87,1.12
2016.01.27 03:33:13.665,0.75768,0.75778,1.87,1.00
2016.01.27 03:33:17.291,0.75767,0.75778,2.62,1.12
2016.01.27 03:33:21.425,0.75768,0.75779,1.00,1.37
2016.01.27 03:33:21.527,0.7577,0.75779,1.00,1.37
2016.01.27 03:33:22.035,0.75769,0.75778,1.00,1.12
2016.01.27 03:33:23.218,0.75769,0.7578,1.00,1.87
2016.01.27 03:33:24.454,0.75768,0.75779,1.12,1.00
2016.01.27 03:33:25.625,0.75769,0.7578,1.00,1.87
2016.01.27 03:33:26.283,0.75768,0.75779,1.12,1.00
2016.01.27 03:33:26.825,0.75769,0.7578,1.00,2.25
2016.01.27 03:33:29.242,0.75768,0.75779,1.00,1.00
2016.01.27 03:33:29.779,0.75768,0.75779,1.37,1.00
2016.01.27 03:33:31.634,0.75769,0.7578,1.12,2.25
2016.01.27 03:33:43.291,0.75769,0.75779,1.12,1.00
2016.01.27 03:33:44.524,0.75769,0.75778,1.00,1.00
2016.01.27 03:33:46.103,0.75769,0.7578,1.12,1.50
2016.01.27 03:33:47.115,0.75768,0.75779,2.25,1.00
2016.01.27 03:33:47.973,0.75769,0.7578,1.87,1.00
2016.01.27 03:33:52.346,0.75769,0.7578,1.87,1.12
2016.01.27 03:33:55.709,0.75771,0.75781,1.00,1.37
2016.01.27 03:33:56.217,0.7577,0.75781,1.12,1.37
2016.01.27 03:33:56.728,0.7577,0.75781,1.12,1.12
2016.01.27 03:34:01.480,0.7577,0.7578,1.00,1.00
2016.01.27 03:34:01.998,0.75771,0.75782,1.50,1.37
2016.01.27 03:34:02.508,0.75771,0.75782,1.50,1.12
2016.01.27 03:34:03.468,0.75771,0.75782,1.87,1.37
2016.01.27 03:34:04.300,0.7577,0.75779,1.37,1.00
2016.01.27 03:34:04.453,0.7577,0.75779,1.00,1.00
2016.01.27 03:34:05.564,0.75767,0.75778,2.25,1.12
2016.01.27 03:34:05.667,0.75768,0.75776,1.12,1.00
2016.01.27 03:34:06.193,0.75767,0.75777,1.37,1.00
2016.01.27 03:34:06.717,0.75766,0.75776,1.37,1.00
2016.01.27 03:34:07.220,0.75765,0.75776,1.87,1.37
2016.01.27 03:34:07.477,0.75763,0.75772,1.00,1.00
2016.01.27 03:34:08.016,0.75761,0.75771,1.50,1.00
2016.01.27 03:34:08.564,0.75761,0.75771,1.00,1.50
2016.01.27 03:34:09.090,0.7576,0.75771,1.87,2.25
2016.01.27 03:34:10.285,0.75761,0.75772,1.00,2.25
2016.01.27 03:34:11.100,0.75762,0.75772,1.00,1.50
2016.01.27 03:34:11.616,0.75761,0.75772,1.50,1.87
2016.01.27 03:34:12.135,0.75761,0.75771,1.00,1.00
2016.01.27 03:34:12.650,0.7576,0.75771,2.25,1.00
2016.01.27 03:34:13.908,0.7576,0.7577,1.50,1.00
2016.01.27 03:34:14.425,0.75758,0.75767,1.12,1.00
2016.01.27 03:34:14.935,0.75757,0.75766,1.12,1.00
2016.01.27 03:34:16.668,0.75757,0.75768,1.12,1.50
2016.01.27 03:34:17.206,0.75758,0.75769,1.50,1.87
2016.01.27 03:34:17.715,0.75759,0.7577,1.50,1.00
2016.01.27 03:34:18.418,0.7576,0.7577,1.00,1.00
2016.01.27 03:34:20.186,0.75761,0.75772,1.00,3.00
2016.01.27 03:34:20.696,0.75761,0.7577,1.00,1.00
2016.01.27 03:34:20.901,0.75761,0.75772,1.50,1.50
2016.01.27 03:34:21.860,0.75762,0.75771,1.00,1.00
2016.01.27 03:34:22.371,0.75761,0.75772,1.50,1.12
2016.01.27 03:34:26.059,0.7576,0.75771,2.25,1.00
2016.01.27 03:34:27.078,0.75762,0.75771,1.00,1.00
2016.01.27 03:34:27.600,0.75763,0.75772,1.00,1.12
2016.01.27 03:34:28.893,0.75763,0.75774,1.00,1.12
2016.01.27 03:34:31.232,0.75764,0.75775,1.00,2.62
2016.01.27 03:34:31.599,0.75766,0.75777,1.00,3.00
2016.01.27 03:34:32.111,0.75765,0.75776,1.87,1.12
2016.01.27 03:34:32.752,0.75766,0.75775,1.00,1.00
2016.01.27 03:34:33.707,0.75764,0.75776,3.00,1.50
2016.01.27 03:34:34.392,0.75765,0.75775,1.00,1.00
2016.01.27 03:34:35.063,0.75764,0.75775,2.62,1.00
2016.01.27 03:34:35.572,0.75765,0.75776,1.50,1.87
2016.01.27 03:34:36.110,0.75765,0.75777,1.50,1.87
2016.01.27 03:34:36.365,0.75765,0.75775,1.50,1.00
2016.01.27 03:34:36.909,0.75765,0.75776,2.25,1.87
2016.01.27 03:34:39.722,0.75765,0.75776,1.87,1.37
2016.01.27 03:34:41.395,0.75764,0.75774,1.00,1.12
2016.01.27 03:34:41.447,0.75762,0.75773,1.12,1.00
2016.01.27 03:34:41.549,0.75762,0.75771,1.12,1.00
2016.01.27 03:34:42.007,0.75759,0.75768,2.62,1.00
2016.01.27 03:34:42.640,0.75756,0.75767,1.87,1.87
2016.01.27 03:34:43.307,0.75756,0.75767,2.62,1.50
2016.01.27 03:34:47.922,0.75758,0.75767,1.00,1.12
2016.01.27 03:34:48.541,0.75756,0.75767,1.00,1.50
2016.01.27 03:34:48.642,0.75758,0.75767,1.00,1.87
2016.01.27 03:34:48.796,0.75756,0.75767,1.50,1.12
2016.01.27 03:34:49.255,0.75756,0.75765,1.00,1.00
2016.01.27 03:34:49.791,0.75754,0.75766,1.37,1.50
2016.01.27 03:34:50.305,0.75754,0.75766,1.12,1.87
2016.01.27 03:34:52.857,0.75754,0.75766,1.12,1.87
2016.01.27 03:34:54.006,0.75754,0.75766,1.12,1.87
2016.01.27 03:34:57.694,0.75754,0.75765,1.12,1.00
2016.01.27 03:34:58.618,0.75756,0.75765,1.00,1.12
2016.01.27 03:34:59.448,0.75755,0.75765,1.00,1.12
2016.01.27 03:35:01.486,0.75754,0.75765,1.87,1.87
2016.01.27 03:35:02.006,0.75756,0.75765,1.00,2.62
2016.01.27 03:35:02.666,0.75756,0.75768,1.50,3.37
2016.01.27 03:35:02.887,0.75758,0.75768,1.00,1.87
2016.01.27 03:35:03.398,0.75759,0.75768,1.00,1.87
2016.01.27 03:35:04.200,0.75759,0.75768,1.50,1.50
2016.01.27 03:35:04.353,0.7576,0.7577,1.50,1.50
2016.01.27 03:35:04.507,0.75762,0.7577,1.00,1.12
2016.01.27 03:35:05.395,0.75762,0.75773,1.50,1.87
2016.01.27 03:35:05.935,0.75763,0.75773,1.00,1.37
2016.01.27 03:35:06.436,0.75763,0.75773,1.00,1.12
2016.01.27 03:35:06.943,0.75762,0.75772,1.00,1.00
2016.01.27 03:35:07.452,0.75763,0.75773,1.00,1.50
2016.01.27 03:35:08.091,0.75764,0.75773,1.00,1.50
2016.01.27 03:35:08.649,0.75763,0.75773,1.00,1.00
2016.01.27 03:35:08.701,0.75765,0.75773,1.00,1.00
2016.01.27 03:35:09.058,0.75765,0.75775,1.00,1.00
2016.01.27 03:35:11.250,0.75765,0.75776,1.12,1.12
2016.01.27 03:35:11.765,0.75767,0.75777,1.00,1.37
2016.01.27 03:35:11.969,0.75768,0.75778,1.00,1.00
2016.01.27 03:35:12.516,0.75768,0.75779,1.00,1.12
2016.01.27 03:35:13.031,0.75769,0.75778,1.00,1.00
2016.01.27 03:35:13.083,0.75767,0.75778,1.87,1.00
2016.01.27 03:35:13.603,0.75768,0.75778,1.00,1.00
2016.01.27 03:35:16.084,0.75767,0.75778,1.87,1.00
2016.01.27 03:35:16.642,0.75769,0.75778,1.00,1.00
2016.01.27 03:35:18.339,0.75767,0.75778,1.12,1.00
2016.01.27 03:35:19.787,0.75766,0.75777,2.25,1.00
2016.01.27 03:35:19.992,0.75767,0.75775,1.00,1.00
2016.01.27 03:35:20.196,0.75765,0.75775,1.12,1.00
2016.01.27 03:35:20.706,0.75763,0.75774,1.87,1.00
2016.01.27 03:35:21.254,0.75764,0.75775,1.00,1.12
2016.01.27 03:35:23.431,0.75764,0.75776,2.62,1.87
2016.01.27 03:35:23.974,0.75765,0.75776,1.50,1.87
2016.01.27 03:35:27.900,0.75766,0.75777,1.00,1.87
2016.01.27 03:35:28.598,0.75763,0.75773,1.00,1.00
2016.01.27 03:35:29.148,0.75763,0.75774,1.50,1.00
2016.01.27 03:35:29.657,0.75763,0.75774,1.87,1.12
2016.01.27 03:35:32.822,0.75765,0.75774,1.00,1.12
2016.01.27 03:35:33.347,0.75764,0.75776,1.12,1.87
2016.01.27 03:35:33.872,0.75763,0.75775,2.25,1.00
2016.01.27 03:35:39.409,0.75764,0.75776,1.12,1.12
2016.01.27 03:35:39.917,0.75764,0.75775,1.00,1.00
2016.01.27 03:35:40.497,0.75764,0.75776,1.00,1.00
2016.01.27 03:35:41.052,0.75764,0.75775,1.00,1.00
2016.01.27 03:35:41.562,0.75763,0.75775,2.25,1.00
2016.01.27 03:35:42.070,0.75764,0.75775,1.00,1.00
2016.01.27 03:35:44.221,0.75764,0.75776,1.50,1.87
2016.01.27 03:35:45.623,0.75764,0.75776,1.37,1.37
2016.01.27 03:35:46.641,0.75765,0.75776,1.12,1.00
2016.01.27 03:35:47.191,0.75763,0.75775,1.87,1.00
2016.01.27 03:35:47.651,0.75763,0.75775,1.87,1.12
2016.01.27 03:35:48.238,0.75764,0.75775,1.00,1.12
2016.01.27 03:35:48.739,0.75763,0.75775,1.12,1.12
2016.01.27 03:35:49.412,0.75762,0.75774,3.00,1.00
2016.01.27 03:35:49.921,0.75762,0.75773,1.00,1.00
2016.01.27 03:35:50.844,0.75763,0.75773,1.00,1.00
2016.01.27 03:35:51.777,0.75761,0.75773,3.37,1.00
2016.01.27 03:35:52.291,0.75762,0.75774,1.12,1.12
2016.01.27 03:35:52.343,0.75762,0.75772,1.12,1.00
2016.01.27 03:35:52.853,0.75762,0.75772,1.12,1.50
2016.01.27 03:35:53.934,0.75762,0.75772,1.00,1.12
2016.01.27 03:35:55.216,0.75762,0.75773,1.00,1.12
2016.01.27 03:35:55.742,0.75762,0.75774,1.12,1.12
2016.01.27 03:35:58.673,0.75762,0.75774,1.12,1.37
2016.01.27 03:35:59.675,0.75762,0.75774,1.00,1.12
2016.01.27 03:36:00.092,0.75763,0.75772,1.00,1.00
2016.01.27 03:36:00.741,0.75762,0.75774,1.12,1.50
2016.01.27 03:36:05.074,0.75762,0.75773,1.12,1.00
2016.01.27 03:36:07.424,0.75761,0.75773,2.62,1.00
2016.01.27 03:36:07.932,0.75762,0.75773,1.00,1.00
2016.01.27 03:36:08.483,0.75761,0.75773,1.87,1.00
2016.01.27 03:36:08.991,0.75762,0.75773,1.12,1.12
2016.01.27 03:36:14.861,0.75762,0.75774,1.12,1.87
2016.01.27 03:36:16.764,0.75762,0.75774,1.87,1.87
2016.01.27 03:36:18.806,0.75762,0.75774,1.37,1.87
2016.01.27 03:36:21.801,0.75762,0.75774,1.00,1.87
2016.01.27 03:36:22.450,0.75762,0.75773,1.00,1.00
2016.01.27 03:36:22.806,0.75761,0.7577,1.37,1.00
2016.01.27 03:36:23.214,0.75759,0.7577,2.25,1.00
2016.01.27 03:36:23.613,0.75762,0.75771,1.00,1.00
2016.01.27 03:36:24.128,0.75762,0.75772,1.50,1.87
2016.01.27 03:36:24.535,0.75763,0.75774,1.00,1.87
2016.01.27 03:36:24.586,0.75763,0.75772,1.00,1.00
2016.01.27 03:36:29.294,0.75763,0.75774,1.00,1.37
2016.01.27 03:36:31.633,0.75763,0.75774,1.12,1.12
2016.01.27 03:36:33.619,0.75763,0.75774,1.12,1.37
2016.01.27 03:36:34.634,0.75763,0.75774,1.00,1.00
2016.01.27 03:36:39.320,0.75763,0.75775,1.12,2.25
2016.01.27 03:36:39.693,0.75765,0.75774,1.00,1.00
2016.01.27 03:36:42.941,0.75764,0.75773,1.50,1.00
2016.01.27 03:36:43.095,0.75764,0.75775,1.50,3.37
2016.01.27 03:36:43.298,0.75764,0.75773,1.50,1.00
2016.01.27 03:36:44.824,0.75765,0.75774,1.00,1.12
2016.01.27 03:36:48.039,0.75765,0.75775,1.00,1.87
2016.01.27 03:36:51.688,0.75764,0.75775,1.87,2.25
2016.01.27 03:36:52.807,0.75765,0.75775,1.00,1.50
2016.01.27 03:36:53.324,0.75765,0.75776,1.00,1.87
2016.01.27 03:36:53.830,0.75765,0.75776,1.12,1.87
2016.01.27 03:36:57.153,0.75769,0.75776,1.00,1.00
2016.01.27 03:36:57.257,0.75768,0.75779,1.00,2.62
2016.01.27 03:36:58.179,0.75768,0.75779,1.12,1.50
2016.01.27 03:36:58.815,0.75769,0.7578,1.50,2.25
2016.01.27 03:37:01.172,0.75771,0.7578,1.00,1.00
2016.01.27 03:37:01.478,0.75773,0.75782,1.00,1.50
2016.01.27 03:37:01.832,0.75773,0.75784,1.00,1.12
2016.01.27 03:37:02.140,0.75775,0.75786,1.00,3.75
2016.01.27 03:37:02.294,0.75776,0.75786,1.00,1.00
2016.01.27 03:37:02.884,0.75777,0.75788,1.00,1.37
2016.01.27 03:37:02.938,0.75779,0.75789,1.00,1.37
2016.01.27 03:37:03.202,0.7578,0.7579,1.50,1.00
2016.01.27 03:37:03.256,0.75782,0.75791,1.00,1.87
2016.01.27 03:37:03.891,0.75781,0.75791,1.00,1.37
2016.01.27 03:37:04.094,0.75781,0.75792,1.12,1.12
2016.01.27 03:37:04.680,0.75782,0.75793,1.00,1.95
2016.01.27 03:37:05.187,0.75783,0.75794,1.00,1.50
2016.01.27 03:37:05.710,0.75781,0.75792,2.25,1.00
2016.01.27 03:37:06.251,0.75781,0.75792,1.50,1.00
2016.01.27 03:37:07.802,0.75781,0.75793,1.12,1.87
2016.01.27 03:37:09.878,0.7578,0.75792,1.87,1.00
2016.01.27 03:37:10.419,0.7578,0.75792,1.50,1.50
2016.01.27 03:37:12.229,0.75779,0.75791,1.95,1.00
2016.01.27 03:37:13.580,0.75779,0.75789,1.12,1.00
2016.01.27 03:37:14.090,0.75776,0.75788,3.37,1.00
2016.01.27 03:37:15.243,0.75777,0.75789,2.25,1.12
2016.01.27 03:37:16.783,0.75777,0.75788,2.25,1.00
2016.01.27 03:37:17.483,0.75778,0.75788,1.00,1.00
2016.01.27 03:37:17.993,0.75776,0.75788,1.87,1.00
2016.01.27 03:37:18.528,0.75778,0.75787,1.00,1.00
2016.01.27 03:37:19.036,0.75777,0.75789,1.00,1.37
2016.01.27 03:37:19.138,0.75779,0.75788,1.00,1.12
2016.01.27 03:37:19.660,0.75778,0.7579,1.87,2.62
2016.01.27 03:37:20.391,0.75778,0.7579,1.87,2.62
2016.01.27 03:37:23.389,0.75778,0.7579,1.87,2.62
2016.01.27 03:37:23.905,0.7578,0.75791,1.00,1.37
2016.01.27 03:37:24.526,0.75779,0.75791,1.37,1.37
2016.01.27 03:37:25.830,0.75778,0.75789,3.37,1.00
2016.01.27 03:37:26.501,0.75777,0.75789,1.12,1.00
2016.01.27 03:37:27.683,0.75778,0.7579,1.00,2.62
2016.01.27 03:37:27.734,0.75778,0.75788,1.00,1.00
2016.01.27 03:37:32.395,0.75777,0.75788,1.12,1.00
2016.01.27 03:37:34.842,0.75777,0.75789,1.12,1.12
2016.01.27 03:37:35.147,0.75779,0.75788,1.00,1.00
2016.01.27 03:37:35.670,0.75777,0.75789,1.87,1.00
2016.01.27 03:37:36.525,0.75778,0.75789,1.87,1.37
2016.01.27 03:37:37.542,0.75779,0.7579,2.25,1.87
2016.01.27 03:37:38.102,0.7578,0.7579,1.00,1.87
2016.01.27 03:37:39.145,0.7578,0.75792,1.50,1.12
2016.01.27 03:37:39.748,0.7578,0.75791,1.50,1.00
2016.01.27 03:37:40.719,0.7578,0.75792,1.50,1.12
2016.01.27 03:37:40.994,0.75781,0.7579,1.50,1.00
2016.01.27 03:37:41.046,0.75781,0.75792,1.00,1.12
2016.01.27 03:37:41.589,0.75781,0.75791,1.00,1.37
2016.01.27 03:37:41.895,0.75781,0.75792,1.00,1.50
2016.01.27 03:37:42.517,0.7578,0.75792,1.50,1.50
2016.01.27 03:37:43.219,0.75781,0.75792,1.00,1.50
2016.01.27 03:37:43.823,0.75781,0.75792,1.00,2.25
2016.01.27 03:37:46.139,0.7578,0.75792,2.25,2.25
2016.01.27 03:37:46.691,0.7578,0.75792,2.25,1.50
2016.01.27 03:37:47.961,0.7578,0.75791,1.87,1.00
2016.01.27 03:37:48.483,0.75781,0.75792,1.00,1.12
2016.01.27 03:37:49.154,0.75781,0.75792,1.12,1.37
2016.01.27 03:37:49.459,0.75783,0.75793,1.00,1.57
2016.01.27 03:37:50.006,0.75782,0.75793,1.00,1.37
2016.01.27 03:37:50.515,0.75782,0.75793,1.12,1.37
2016.01.27 03:37:51.190,0.75782,0.75793,1.50,1.00
2016.01.27 03:37:54.315,0.75782,0.75792,1.00,1.00
2016.01.27 03:37:54.673,0.7578,0.7579,2.62,1.00
2016.01.27 03:37:55.324,0.75778,0.75789,1.37,1.00
2016.01.27 03:37:55.834,0.75777,0.75789,2.62,1.00
2016.01.27 03:37:56.654,0.75778,0.7579,1.00,1.87
2016.01.27 03:37:57.164,0.75779,0.7579,1.00,1.12
2016.01.27 03:37:58.295,0.75779,0.75789,1.12,1.00
2016.01.27 03:38:01.500,0.7578,0.75789,1.00,1.00
2016.01.27 03:38:01.869,0.75777,0.75789,2.62,3.45
2016.01.27 03:38:02.393,0.75777,0.75788,1.87,1.47
2016.01.27 03:38:02.912,0.75778,0.75789,1.00,3.82
2016.01.27 03:38:03.540,0.75778,0.75787,1.50,1.00
2016.01.27 03:38:03.845,0.75776,0.75788,2.62,1.95
2016.01.27 03:38:04.561,0.75777,0.75786,1.00,1.00
2016.01.27 03:38:05.108,0.75776,0.75786,1.12,1.12
2016.01.27 03:38:05.566,0.75775,0.75784,1.37,1.00
2016.01.27 03:38:05.617,0.75775,0.75786,1.37,1.12
2016.01.27 03:38:06.445,0.75775,0.75785,1.37,1.00
2016.01.27 03:38:06.974,0.75775,0.75786,1.87,1.87
2016.01.27 03:38:07.524,0.75775,0.75786,1.50,1.12
2016.01.27 03:38:08.234,0.75775,0.75786,1.87,1.87
2016.01.27 03:38:09.035,0.75775,0.75786,1.87,1.12
2016.01.27 03:38:10.428,0.75775,0.75785,1.87,1.00
2016.01.27 03:38:11.782,0.75773,0.75785,3.00,1.00
2016.01.27 03:38:13.462,0.75773,0.75784,2.62,1.00
2016.01.27 03:38:13.970,0.75775,0.75784,1.00,1.00
2016.01.27 03:38:14.658,0.75775,0.75786,1.00,3.75
2016.01.27 03:38:15.168,0.75773,0.75785,2.62,1.12
2016.01.27 03:38:15.422,0.75774,0.75783,1.12,1.00
2016.01.27 03:38:15.904,0.75774,0.75785,1.00,1.12
2016.01.27 03:38:16.652,0.75774,0.75785,1.50,1.87
2016.01.27 03:38:17.161,0.75774,0.75785,1.50,1.12
2016.01.27 03:38:17.742,0.75774,0.75784,1.50,1.00
2016.01.27 03:38:18.739,0.75773,0.75784,2.62,1.00
2016.01.27 03:38:22.918,0.75772,0.75784,2.25,1.00
2016.01.27 03:38:23.429,0.75772,0.75782,1.37,1.00
2016.01.27 03:38:23.634,0.75771,0.75782,1.87,1.00
2016.01.27 03:38:24.334,0.75771,0.75781,1.87,1.00
2016.01.27 03:38:24.847,0.75771,0.75781,1.37,1.00
2016.01.27 03:38:25.617,0.75771,0.75782,1.37,2.32
2016.01.27 03:38:27.215,0.7577,0.75781,2.25,1.87
2016.01.27 03:38:27.611,0.7577,0.75781,2.25,1.87
2016.01.27 03:38:28.118,0.75771,0.7578,1.00,1.00
2016.01.27 03:38:28.627,0.7577,0.75779,1.87,1.00
2016.01.27 03:38:29.176,0.75769,0.7578,2.62,1.00
2016.01.27 03:38:29.642,0.75769,0.7578,2.62,1.00
2016.01.27 03:38:29.795,0.75769,0.75778,2.62,1.00
2016.01.27 03:38:30.469,0.75768,0.75777,1.37,1.20
2016.01.27 03:38:30.521,0.75765,0.75776,1.37,1.12
2016.01.27 03:38:31.033,0.75764,0.75775,1.37,1.00
2016.01.27 03:38:31.137,0.75764,0.75775,1.12,1.12
2016.01.27 03:38:31.648,0.75764,0.75774,1.12,1.00
2016.01.27 03:38:32.185,0.75765,0.75776,1.87,2.77
2016.01.27 03:38:32.686,0.75765,0.75775,1.87,1.37
2016.01.27 03:38:33.189,0.75763,0.75774,1.87,1.00
2016.01.27 03:38:33.713,0.75765,0.75774,1.00,1.00
2016.01.27 03:38:35.183,0.75766,0.75776,1.12,2.25
2016.01.27 03:38:35.693,0.75766,0.75776,1.87,1.00
2016.01.27 03:38:36.433,0.75766,0.75776,1.12,1.37
2016.01.27 03:38:37.008,0.75767,0.75775,1.00,1.00
2016.01.27 03:38:37.763,0.75766,0.75777,1.00,2.25
2016.01.27 03:38:40.556,0.75766,0.75777,1.12,1.50
2016.01.27 03:38:41.160,0.75766,0.75777,1.87,1.12
2016.01.27 03:38:41.686,0.75766,0.75777,1.12,1.87
2016.01.27 03:38:42.232,0.75766,0.75777,1.00,1.12
2016.01.27 03:38:45.581,0.75766,0.75775,1.12,1.00
2016.01.27 03:38:46.416,0.75765,0.75776,1.00,1.20
2016.01.27 03:38:46.927,0.75765,0.75776,1.00,1.95
2016.01.27 03:38:47.236,0.75765,0.75773,1.50,1.00
2016.01.27 03:38:47.491,0.75762,0.75772,1.12,1.37
2016.01.27 03:38:47.799,0.7576,0.75771,1.12,1.87
2016.01.27 03:38:49.985,0.75759,0.75769,1.37,1.00
2016.01.27 03:38:50.526,0.75758,0.75769,1.37,1.95
2016.01.27 03:38:51.070,0.75758,0.75769,1.37,1.47
2016.01.27 03:38:52.082,0.75758,0.75769,1.12,1.47
2016.01.27 03:38:52.617,0.75758,0.7577,1.12,3.07
2016.01.27 03:38:53.901,0.75759,0.75768,1.00,1.00
2016.01.27 03:38:55.145,0.7576,0.7577,1.00,2.62
2016.01.27 03:38:55.665,0.7576,0.7577,1.00,1.00
2016.01.27 03:38:56.180,0.7576,0.75772,1.50,1.95
2016.01.27 03:39:00.365,0.75761,0.75771,1.00,1.00
2016.01.27 03:39:01.040,0.75759,0.7577,2.25,1.37
2016.01.27 03:39:01.550,0.75762,0.75771,1.00,1.37
2016.01.27 03:39:01.856,0.75762,0.75772,1.00,1.10
2016.01.27 03:39:02.286,0.75763,0.75774,1.00,1.50
2016.01.27 03:39:03.708,0.75763,0.75774,1.12,2.25
2016.01.27 03:39:04.117,0.75766,0.75775,1.00,1.87
2016.01.27 03:39:04.849,0.75765,0.75774,1.50,1.37
2016.01.27 03:39:05.357,0.75765,0.75775,1.50,1.47
2016.01.27 03:39:10.457,0.75765,0.75774,1.87,1.37
2016.01.27 03:39:10.969,0.75765,0.75774,1.50,1.12
2016.01.27 03:39:11.571,0.75765,0.75774,1.12,1.87
2016.01.27 03:39:12.425,0.75765,0.75773,1.00,1.37
2016.01.27 03:39:13.076,0.75765,0.75774,1.00,1.95
2016.01.27 03:39:13.584,0.75765,0.75773,1.00,1.37
2016.01.27 03:39:14.950,0.75764,0.75773,1.12,1.37
2016.01.27 03:39:15.458,0.75764,0.75774,1.12,1.57
2016.01.27 03:39:17.929,0.75768,0.75776,1.00,1.07
2016.01.27 03:39:18.031,0.75767,0.75778,1.87,2.40
2016.01.27 03:39:18.541,0.75769,0.75778,1.00,1.50
2016.01.27 03:39:19.118,0.75769,0.75777,1.00,1.37
2016.01.27 03:39:19.645,0.75768,0.75778,2.25,1.37
2016.01.27 03:39:20.191,0.75768,0.75779,2.25,2.70
2016.01.27 03:39:20.714,0.75769,0.75778,1.50,1.37
2016.01.27 03:39:21.254,0.75769,0.75779,1.87,2.02
2016.01.27 03:39:22.778,0.75769,0.75778,1.87,1.37
2016.01.27 03:39:23.381,0.75769,0.75779,1.00,2.02
2016.01.27 03:39:23.892,0.75769,0.75778,1.00,1.37
2016.01.27 03:39:25.331,0.75769,0.75779,1.12,2.02
2016.01.27 03:39:26.219,0.75771,0.75778,1.00,1.47
2016.01.27 03:39:26.270,0.75769,0.75778,2.62,1.47
2016.01.27 03:39:26.820,0.7577,0.75778,1.00,1.37
2016.01.27 03:39:27.279,0.75772,0.75779,1.00,1.37
2016.01.27 03:39:28.019,0.75771,0.75779,1.87,1.37
2016.01.27 03:39:28.325,0.75773,0.75781,1.00,1.37
2016.01.27 03:39:28.835,0.75774,0.75781,1.00,1.37
2016.01.27 03:39:29.374,0.75773,0.75782,1.87,1.47
2016.01.27 03:39:34.554,0.75776,0.75782,1.00,1.57
2016.01.27 03:39:34.805,0.75775,0.75784,1.00,1.95
2016.01.27 03:39:35.111,0.75775,0.75785,2.25,1.10
2016.01.27 03:39:35.794,0.75775,0.75786,1.50,1.00
2016.01.27 03:39:37.080,0.75775,0.75786,2.25,2.25
2016.01.27 03:39:39.020,0.75775,0.75786,1.87,2.25
2016.01.27 03:39:39.543,0.75776,0.75786,1.00,2.25
2016.01.27 03:39:40.288,0.75775,0.75786,2.25,1.87
2016.01.27 03:39:41.132,0.75775,0.75785,1.87,1.00
2016.01.27 03:39:41.969,0.75776,0.75785,1.12,1.50
2016.01.27 03:39:43.021,0.75776,0.75786,1.50,1.37
2016.01.27 03:39:43.741,0.75776,0.75785,1.00,1.37
2016.01.27 03:39:45.650,0.75776,0.75786,1.00,1.50
2016.01.27 03:39:46.162,0.75776,0.75786,1.00,1.00
2016.01.27 03:39:49.154,0.75776,0.75786,1.12,1.50
2016.01.27 03:39:50.133,0.75776,0.75786,1.12,1.00
2016.01.27 03:39:55.750,0.75777,0.75786,1.00,1.12
2016.01.27 03:39:56.333,0.75777,0.75786,1.00,1.37
2016.01.27 03:39:57.996,0.75777,0.75787,1.00,1.50
2016.01.27 03:39:58.582,0.75776,0.75786,1.12,1.37
2016.01.27 03:39:59.101,0.75777,0.75787,1.00,1.50
2016.01.27 03:40:00.081,0.75776,0.75786,1.00,1.37
2016.01.27 03:40:00.603,0.75776,0.75787,1.00,2.25
2016.01.27 03:40:01.114,0.75776,0.75786,1.00,1.37
2016.01.27 03:40:01.590,0.75777,0.75788,1.12,2.40
2016.01.27 03:40:02.305,0.75776,0.75787,1.37,2.25
2016.01.27 03:40:02.844,0.75776,0.75786,1.12,1.00
2016.01.27 03:40:03.356,0.75775,0.75786,2.62,2.25
2016.01.27 03:40:03.901,0.75776,0.75786,1.50,1.00
2016.01.27 03:40:06.438,0.75777,0.75786,1.00,1.12
2016.01.27 03:40:06.992,0.75776,0.75787,1.00,2.40
2016.01.27 03:40:08.227,0.75776,0.75786,1.00,1.37
2016.01.27 03:40:10.069,0.75776,0.75787,1.00,2.25
2016.01.27 03:40:11.478,0.75776,0.75787,1.00,1.12
2016.01.27 03:40:14.925,0.75777,0.75788,1.00,2.25
2016.01.27 03:40:15.703,0.75777,0.75788,1.00,2.62
2016.01.27 03:40:16.442,0.75779,0.75788,1.00,2.62
2016.01.27 03:40:16.648,0.75777,0.75788,1.00,1.00
2016.01.27 03:40:19.761,0.75778,0.75789,1.00,3.00
2016.01.27 03:40:21.207,0.75778,0.75787,1.00,1.00
2016.01.27 03:40:21.816,0.75779,0.75788,1.00,1.12
2016.01.27 03:40:22.947,0.75778,0.75789,1.00,1.50
2016.01.27 03:40:22.998,0.75781,0.75791,1.00,2.62
2016.01.27 03:40:23.101,0.75782,0.75791,1.12,1.50
2016.01.27 03:40:23.203,0.75783,0.75793,1.12,1.00
2016.01.27 03:40:23.307,0.75784,0.75795,1.00,1.87
2016.01.27 03:40:23.786,0.75786,0.75795,1.00,1.12
2016.01.27 03:40:24.305,0.75786,0.75797,1.00,1.37
2016.01.27 03:40:25.005,0.75786,0.75797,1.00,1.37
2016.01.27 03:40:25.542,0.75786,0.75797,1.00,1.50
2016.01.27 03:40:27.566,0.75786,0.75797,1.12,1.37
2016.01.27 03:40:28.499,0.75786,0.75797,1.12,1.37
2016.01.27 03:40:29.863,0.75785,0.75795,1.37,1.00
2016.01.27 03:40:30.425,0.75786,0.75797,1.12,1.50
2016.01.27 03:40:31.515,0.75786,0.75797,1.00,1.50
2016.01.27 03:40:32.380,0.75788,0.75797,1.00,1.50
2016.01.27 03:40:32.481,0.75786,0.75797,1.00,2.25
2016.01.27 03:40:32.908,0.75784,0.75795,1.87,1.00
2016.01.27 03:40:33.419,0.75786,0.75795,1.00,1.00
2016.01.27 03:40:34.029,0.75785,0.75796,1.00,1.50
2016.01.27 03:40:34.336,0.75789,0.75798,1.00,1.95
2016.01.27 03:40:34.642,0.75791,0.758,1.00,1.87
2016.01.27 03:40:38.460,0.7579,0.75801,1.37,1.87
2016.01.27 03:40:38.852,0.75789,0.758,1.12,1.12
2016.01.27 03:40:40.232,0.7579,0.75801,1.00,2.40
2016.01.27 03:40:41.039,0.7579,0.75801,1.12,2.25
2016.01.27 03:40:42.018,0.7579,0.75801,1.12,2.25
2016.01.27 03:40:42.719,0.75791,0.75801,1.00,1.50
2016.01.27 03:40:43.245,0.75789,0.758,1.50,1.12
2016.01.27 03:40:44.020,0.75789,0.758,1.50,1.50
2016.01.27 03:40:44.574,0.7579,0.75799,1.00,1.12
2016.01.27 03:40:45.895,0.75789,0.75799,1.00,1.00
2016.01.27 03:40:49.199,0.75789,0.75797,1.12,1.00
2016.01.27 03:40:49.507,0.75787,0.75796,1.00,1.00
2016.01.27 03:40:49.662,0.75785,0.75796,1.50,1.00
2016.01.27 03:40:49.992,0.75785,0.75794,1.12,1.00
2016.01.27 03:40:52.222,0.75785,0.75796,1.00,1.87
2016.01.27 03:40:54.592,0.75784,0.75794,1.37,1.00
2016.01.27 03:40:54.952,0.75781,0.75792,1.37,1.00
2016.01.27 03:40:55.257,0.75781,0.75792,1.12,1.12
2016.01.27 03:40:55.767,0.75779,0.7579,1.12,1.00
2016.01.27 03:40:56.277,0.75778,0.75789,1.12,1.37
2016.01.27 03:40:58.815,0.75779,0.7579,1.00,3.37
2016.01.27 03:40:58.918,0.75779,0.75789,1.00,1.00
2016.01.27 03:40:59.020,0.75781,0.75789,1.00,1.00
2016.01.27 03:40:59.526,0.75781,0.7579,1.00,1.00
2016.01.27 03:41:00.037,0.75781,0.75793,1.00,2.70
2016.01.27 03:41:00.683,0.75781,0.75793,1.00,2.70
2016.01.27 03:41:01.789,0.75782,0.75793,1.00,2.70
2016.01.27 03:41:03.012,0.7578,0.75791,1.50,1.00
2016.01.27 03:41:04.161,0.7578,0.75791,1.00,1.50
2016.01.27 03:41:04.671,0.75782,0.75791,1.00,1.50
2016.01.27 03:41:05.406,0.75782,0.75793,1.00,1.95
2016.01.27 03:41:06.266,0.75782,0.75793,1.00,1.95
2016.01.27 03:41:06.817,0.75781,0.75792,1.12,1.12
2016.01.27 03:41:07.273,0.75783,0.75792,1.00,1.12
2016.01.27 03:41:11.619,0.75781,0.75792,1.12,1.12
2016.01.27 03:41:12.131,0.7578,0.75791,1.50,1.00
2016.01.27 03:41:12.639,0.7578,0.75791,1.00,1.12
2016.01.27 03:41:13.145,0.75779,0.7579,1.12,1.00
2016.01.27 03:41:13.661,0.75778,0.75789,1.37,1.50
2016.01.27 03:41:14.263,0.75779,0.7579,1.12,1.00
2016.01.27 03:41:14.787,0.75778,0.75789,1.37,1.00
2016.01.27 03:41:15.298,0.75778,0.75789,1.12,1.00
2016.01.27 03:41:15.349,0.75778,0.75787,1.12,1.00
2016.01.27 03:41:15.705,0.75777,0.75789,1.37,1.00
2016.01.27 03:41:16.306,0.75777,0.75789,1.12,1.00
2016.01.27 03:41:17.533,0.75778,0.75789,1.00,1.50
2016.01.27 03:41:18.311,0.75779,0.75789,1.00,1.12
2016.01.27 03:41:18.849,0.75778,0.75789,1.00,1.87
2016.01.27 03:41:20.305,0.75778,0.75789,1.37,1.12
2016.01.27 03:41:22.525,0.7578,0.75789,1.00,1.12
2016.01.27 03:41:23.643,0.7578,0.75791,1.00,1.50
2016.01.27 03:41:25.166,0.75779,0.75791,1.87,1.50
2016.01.27 03:41:25.716,0.75779,0.7579,1.12,1.12
2016.01.27 03:41:30.801,0.75778,0.75788,1.50,1.00
2016.01.27 03:41:31.325,0.75777,0.75787,1.87,1.00
2016.01.27 03:41:32.743,0.75777,0.75787,1.12,1.00
2016.01.27 03:41:36.114,0.75777,0.75787,1.37,1.00
2016.01.27 03:41:37.519,0.75777,0.75788,1.87,1.12
2016.01.27 03:41:39.721,0.75777,0.75788,1.87,1.12
2016.01.27 03:41:40.513,0.75777,0.75787,1.37,1.00
2016.01.27 03:41:41.038,0.75776,0.75787,2.62,1.00
2016.01.27 03:41:41.344,0.75774,0.75785,3.00,1.12
2016.01.27 03:41:42.161,0.75774,0.75785,1.87,1.50
2016.01.27 03:41:45.163,0.75774,0.75785,1.87,1.87
2016.01.27 03:41:46.250,0.75774,0.75785,1.87,1.50
2016.01.27 03:41:46.778,0.75774,0.75784,1.12,1.00
2016.01.27 03:41:49.573,0.75773,0.75782,1.87,1.00
2016.01.27 03:41:49.928,0.75773,0.75784,1.87,1.00
2016.01.27 03:41:50.436,0.75773,0.75784,1.87,1.87
2016.01.27 03:41:52.150,0.75773,0.75784,1.87,1.87
2016.01.27 03:41:54.186,0.75773,0.75783,1.37,1.50
2016.01.27 03:41:55.364,0.75772,0.75783,1.37,1.12
2016.01.27 03:41:55.466,0.75772,0.75781,1.37,1.00
2016.01.27 03:41:55.821,0.75772,0.75783,1.37,1.12
2016.01.27 03:41:56.255,0.75771,0.75781,1.87,1.00
2016.01.27 03:41:56.763,0.75771,0.75781,1.87,1.00
2016.01.27 03:41:58.301,0.75772,0.75783,1.12,1.50
2016.01.27 03:41:59.030,0.75773,0.75783,1.00,1.00
2016.01.27 03:41:59.558,0.75773,0.75784,1.37,2.70
2016.01.27 03:42:00.358,0.75773,0.75784,1.00,2.70
2016.01.27 03:42:12.407,0.75772,0.75783,1.37,1.50
2016.01.27 03:42:13.414,0.75772,0.75783,1.87,1.12
2016.01.27 03:42:14.004,0.75773,0.75784,1.00,1.50
2016.01.27 03:42:15.149,0.75773,0.75784,1.00,1.12
2016.01.27 03:42:15.679,0.75774,0.75785,1.00,1.87
2016.01.27 03:42:16.224,0.75773,0.75784,1.12,1.00
2016.01.27 03:42:19.123,0.75772,0.75783,3.00,1.00
2016.01.27 03:42:19.581,0.7577,0.75781,1.87,1.00
2016.01.27 03:42:19.683,0.7577,0.75781,1.87,1.00
2016.01.27 03:42:20.148,0.75769,0.75779,1.37,1.00
2016.01.27 03:42:21.135,0.75769,0.7578,1.00,1.37
2016.01.27 03:42:21.651,0.7577,0.7578,1.00,1.37
2016.01.27 03:42:23.197,0.75769,0.7578,1.12,1.37
2016.01.27 03:42:25.036,0.7577,0.75781,1.00,3.00
2016.01.27 03:42:25.698,0.75771,0.75782,1.00,2.25
2016.01.27 03:42:25.852,0.75772,0.75783,1.00,1.95
2016.01.27 03:42:26.951,0.75774,0.75783,1.00,1.00
2016.01.27 03:42:28.211,0.75773,0.75784,1.87,1.50
2016.01.27 03:42:28.719,0.75773,0.75783,1.12,1.00
2016.01.27 03:42:29.769,0.75773,0.75784,1.12,1.00
2016.01.27 03:42:30.319,0.75772,0.75783,1.37,1.00
2016.01.27 03:42:30.883,0.75772,0.75783,1.12,1.00
2016.01.27 03:42:32.467,0.75771,0.75782,1.50,1.00
2016.01.27 03:42:32.980,0.75772,0.75781,1.12,1.12
2016.01.27 03:42:34.028,0.75769,0.75774,1.37,1.00
2016.01.27 03:42:34.232,0.75767,0.75772,1.50,1.12
2016.01.27 03:42:34.743,0.75766,0.75772,1.00,1.00
2016.01.27 03:42:35.260,0.75766,0.75772,1.00,1.37
2016.01.27 03:42:35.870,0.75766,0.7577,1.00,1.00
2016.01.27 03:42:36.389,0.75764,0.7577,1.37,1.00
2016.01.27 03:42:36.898,0.75764,0.7577,1.12,1.00
2016.01.27 03:42:36.950,0.75764,0.75774,1.12,2.25
2016.01.27 03:42:39.864,0.75765,0.75775,1.00,1.50
2016.01.27 03:42:40.557,0.75764,0.75774,1.12,1.12
2016.01.27 03:42:40.924,0.75763,0.75772,1.37,1.00
2016.01.27 03:42:41.180,0.75762,0.75772,1.87,1.00
2016.01.27 03:42:41.688,0.75762,0.75771,1.12,1.00
2016.01.27 03:42:43.630,0.7576,0.75771,2.62,1.00
2016.01.27 03:42:44.139,0.75759,0.7577,1.87,1.00
2016.01.27 03:42:44.981,0.7576,0.75771,1.12,1.00
2016.01.27 03:42:46.790,0.7576,0.75771,1.87,1.00
2016.01.27 03:42:47.088,0.7576,0.75769,1.87,1.00
2016.01.27 03:42:47.614,0.7576,0.75769,1.12,1.00
2016.01.27 03:42:54.175,0.75761,0.7577,1.00,1.00
2016.01.27 03:42:54.964,0.7576,0.75769,1.00,1.00
2016.01.27 03:42:55.511,0.7576,0.75769,1.37,1.00
2016.01.27 03:42:56.461,0.7576,0.75769,1.00,1.00
2016.01.27 03:42:58.333,0.75758,0.75769,2.25,1.00
2016.01.27 03:42:58.842,0.75757,0.75768,1.37,1.00
2016.01.27 03:42:59.397,0.7576,0.7577,1.00,1.87
2016.01.27 03:42:59.601,0.7576,0.75771,2.25,1.12
2016.01.27 03:43:00.109,0.75761,0.75772,1.50,2.25
2016.01.27 03:43:01.729,0.75762,0.75773,1.00,1.47
2016.01.27 03:43:02.005,0.75764,0.75773,1.00,1.87
2016.01.27 03:43:02.116,0.75764,0.75773,1.00,1.87
2016.01.27 03:43:06.680,0.75763,0.75773,1.00,1.12
2016.01.27 03:43:08.805,0.75762,0.75773,1.12,1.12
2016.01.27 03:43:09.731,0.75763,0.75774,1.00,1.12
2016.01.27 03:43:09.987,0.75765,0.75774,1.00,1.12
2016.01.27 03:43:10.538,0.75765,0.75776,1.00,1.37
2016.01.27 03:43:11.197,0.75764,0.75775,1.87,1.12
2016.01.27 03:43:12.668,0.75763,0.75775,1.87,1.12
2016.01.27 03:43:13.202,0.75763,0.75774,1.87,1.00
2016.01.27 03:43:13.710,0.75764,0.75773,1.00,1.00
2016.01.27 03:43:14.367,0.75763,0.75774,1.87,1.50
2016.01.27 03:43:15.232,0.75763,0.75775,1.00,1.87
2016.01.27 03:43:15.703,0.75764,0.75773,1.00,1.00
2016.01.27 03:43:16.946,0.75764,0.75775,1.00,1.87
2016.01.27 03:43:22.266,0.75765,0.75776,1.00,1.87
2016.01.27 03:43:25.834,0.75765,0.75776,1.00,1.87
2016.01.27 03:43:26.915,0.75764,0.75776,1.50,2.25
2016.01.27 03:43:27.493,0.75766,0.75775,1.00,1.87
2016.01.27 03:43:29.682,0.75764,0.75775,1.12,1.87
2016.01.27 03:43:29.886,0.75766,0.75775,1.00,2.62
2016.01.27 03:43:33.290,0.75767,0.75778,1.00,3.45
2016.01.27 03:43:33.444,0.75765,0.75776,1.87,1.37
2016.01.27 03:43:33.495,0.75768,0.75777,1.00,1.37
2016.01.27 03:43:33.598,0.75766,0.75777,1.00,1.37
2016.01.27 03:43:34.300,0.75765,0.75777,1.87,1.12
2016.01.27 03:43:34.352,0.75767,0.75776,1.00,1.00
2016.01.27 03:43:37.538,0.75765,0.75777,1.87,1.12
2016.01.27 03:43:38.160,0.75765,0.75777,1.87,1.37
2016.01.27 03:43:44.477,0.75766,0.75777,1.00,1.37
2016.01.27 03:43:48.640,0.75765,0.75777,1.87,1.37
2016.01.27 03:43:49.148,0.75766,0.75777,1.00,1.50
2016.01.27 03:43:50.288,0.75765,0.75777,1.87,1.12
2016.01.27 03:43:50.863,0.75766,0.75777,1.00,1.12
2016.01.27 03:43:51.381,0.75767,0.75778,1.00,1.37
2016.01.27 03:43:53.218,0.75767,0.75779,1.00,3.37
2016.01.27 03:43:56.171,0.75767,0.75779,1.12,2.62
2016.01.27 03:43:58.641,0.75769,0.75778,1.00,1.37
2016.01.27 03:43:59.371,0.75769,0.75778,1.00,1.00
2016.01.27 03:43:59.422,0.75767,0.75779,1.50,2.62
2016.01.27 03:44:03.329,0.75767,0.75779,1.87,1.87
2016.01.27 03:44:03.948,0.75768,0.75777,1.00,1.00
2016.01.27 03:44:04.789,0.75768,0.75778,1.00,1.12
2016.01.27 03:44:04.892,0.7577,0.75779,1.00,1.37
2016.01.27 03:44:05.045,0.7577,0.75782,1.00,3.37
2016.01.27 03:44:05.096,0.75772,0.75781,1.00,1.12
2016.01.27 03:44:05.604,0.75771,0.75783,1.00,1.50
2016.01.27 03:44:06.108,0.75771,0.75782,1.00,1.12
2016.01.27 03:44:06.617,0.75772,0.75783,1.00,1.37
2016.01.27 03:44:07.400,0.75772,0.75784,1.00,2.25
2016.01.27 03:44:07.707,0.75774,0.75786,1.50,3.37
2016.01.27 03:44:08.015,0.75776,0.75785,1.00,1.37
2016.01.27 03:44:08.391,0.75775,0.75786,1.00,1.12
2016.01.27 03:44:08.906,0.75776,0.75786,1.00,1.12
2016.01.27 03:44:09.587,0.75777,0.75786,1.00,1.12
2016.01.27 03:44:10.197,0.75776,0.75788,1.00,1.87
2016.01.27 03:44:10.554,0.75779,0.75788,1.00,2.25
2016.01.27 03:44:10.827,0.75781,0.7579,1.00,1.87
2016.01.27 03:44:10.883,0.75783,0.75792,1.00,1.37
2016.01.27 03:44:10.935,0.75782,0.75794,1.00,4.12
2016.01.27 03:44:11.921,0.75782,0.75794,1.50,1.12
2016.01.27 03:44:12.635,0.75784,0.75796,1.00,2.25
2016.01.27 03:44:13.060,0.75786,0.75797,1.00,3.00
2016.01.27 03:44:13.772,0.75787,0.75798,1.00,1.37
2016.01.27 03:44:14.412,0.75786,0.75797,1.00,1.37
2016.01.27 03:44:14.925,0.75786,0.75797,1.00,1.87
2016.01.27 03:44:15.560,0.75786,0.75797,1.00,1.87
2016.01.27 03:44:16.072,0.75785,0.75796,1.00,1.12
2016.01.27 03:44:16.379,0.75784,0.75793,1.87,1.00
2016.01.27 03:44:16.915,0.75784,0.75793,1.87,1.00
2016.01.27 03:44:17.723,0.75784,0.75793,1.50,1.12
2016.01.27 03:44:18.417,0.75785,0.75793,1.00,1.12
2016.01.27 03:44:19.374,0.75783,0.75792,1.00,1.00
2016.01.27 03:44:19.476,0.75783,0.7579,1.00,1.00
2016.01.27 03:44:19.699,0.75778,0.75789,3.00,1.00
2016.01.27 03:44:19.852,0.75777,0.75789,2.25,1.37
2016.01.27 03:44:20.360,0.75778,0.75789,1.00,1.87
2016.01.27 03:44:21.840,0.75778,0.75789,1.00,1.12
2016.01.27 03:44:22.044,0.7578,0.7579,1.00,1.37
2016.01.27 03:44:22.584,0.7578,0.75791,1.00,1.87
2016.01.27 03:44:23.095,0.75781,0.75791,1.00,1.37
2016.01.27 03:44:23.622,0.75781,0.75791,1.00,1.12
2016.01.27 03:44:25.334,0.7578,0.75791,1.00,1.12
2016.01.27 03:44:26.363,0.75779,0.7579,1.50,1.00
2016.01.27 03:44:26.840,0.75781,0.75791,1.00,1.12
2016.01.27 03:44:27.452,0.75781,0.75792,1.50,1.37
2016.01.27 03:44:28.441,0.75781,0.75792,1.50,1.12
2016.01.27 03:44:28.948,0.75781,0.75791,1.00,1.00
2016.01.27 03:44:29.564,0.75781,0.75791,1.00,1.37
2016.01.27 03:44:30.485,0.75781,0.75792,1.00,1.12
2016.01.27 03:44:30.990,0.75782,0.75793,1.50,1.87
2016.01.27 03:44:31.500,0.75781,0.75791,1.00,1.00
2016.01.27 03:44:32.073,0.75782,0.75793,1.00,1.37
2016.01.27 03:44:32.601,0.75781,0.75793,1.50,1.37
2016.01.27 03:44:34.152,0.7578,0.75789,1.87,1.00
2016.01.27 03:44:34.660,0.75779,0.7579,1.12,1.00
2016.01.27 03:44:35.194,0.75779,0.75791,1.12,1.12
2016.01.27 03:44:35.736,0.7578,0.75791,1.00,1.12
2016.01.27 03:44:36.249,0.75781,0.75791,1.00,1.12
2016.01.27 03:44:36.866,0.75781,0.75789,1.00,1.00
2016.01.27 03:44:38.427,0.7578,0.75789,1.50,1.00
2016.01.27 03:44:40.922,0.75779,0.7579,1.00,1.37
2016.01.27 03:44:41.444,0.7578,0.7579,1.00,1.37
2016.01.27 03:44:42.565,0.7578,0.7579,1.00,1.12
2016.01.27 03:44:42.871,0.75778,0.75788,1.00,1.37
2016.01.27 03:44:43.240,0.75776,0.75785,1.37,1.00
2016.01.27 03:44:43.689,0.75774,0.75785,1.00,1.12
2016.01.27 03:44:44.253,0.75775,0.75785,1.00,1.12
2016.01.27 03:44:44.761,0.75776,0.75785,1.00,1.00
2016.01.27 03:44:45.258,0.75774,0.75786,1.50,1.12
2016.01.27 03:44:48.581,0.75774,0.75786,1.50,1.37
2016.01.27 03:44:49.063,0.75776,0.75786,1.00,1.37
2016.01.27 03:44:49.573,0.75776,0.75786,1.00,1.12
2016.01.27 03:44:52.235,0.75775,0.75786,1.00,1.12
2016.01.27 03:44:52.743,0.75774,0.75786,1.12,1.12
2016.01.27 03:44:53.894,0.75773,0.75785,3.00,1.00
2016.01.27 03:44:54.404,0.75773,0.75785,2.62,1.00
2016.01.27 03:44:54.912,0.75773,0.75785,2.62,1.37
2016.01.27 03:44:55.612,0.75773,0.75785,1.50,1.87
2016.01.27 03:44:56.615,0.75773,0.75785,1.87,1.87
2016.01.27 03:44:57.304,0.75773,0.75783,1.87,1.00
2016.01.27 03:44:57.813,0.75773,0.75784,1.87,1.12
2016.01.27 03:44:58.622,0.75773,0.75784,2.25,1.12
2016.01.27 03:45:05.130,0.75774,0.75783,1.00,1.00
2016.01.27 03:45:06.717,0.75773,0.75783,1.00,1.00
2016.01.27 03:45:08.233,0.75773,0.75784,1.50,1.00
2016.01.27 03:45:14.515,0.75773,0.75785,1.00,1.12
2016.01.27 03:45:15.125,0.75774,0.75785,1.00,1.12
2016.01.27 03:45:15.706,0.75775,0.75784,1.00,1.00
2016.01.27 03:45:16.217,0.75774,0.75786,1.87,1.37
2016.01.27 03:45:17.996,0.75776,0.75787,1.00,1.37
2016.01.27 03:45:18.761,0.75776,0.75788,1.50,1.37
2016.01.27 03:45:19.754,0.75776,0.75788,2.25,1.12
2016.01.27 03:45:20.754,0.75776,0.75788,2.25,1.37
2016.01.27 03:45:21.300,0.75777,0.75788,1.00,1.37
2016.01.27 03:45:21.843,0.75776,0.75788,2.25,1.37
2016.01.27 03:45:24.078,0.75777,0.75786,1.00,1.00
2016.01.27 03:45:30.345,0.75777,0.75788,1.00,1.87
2016.01.27 03:45:30.866,0.75778,0.7579,1.12,1.87
2016.01.27 03:45:31.578,0.75778,0.75789,1.22,1.12
2016.01.27 03:45:32.091,0.7578,0.75789,1.00,1.12
2016.01.27 03:45:32.631,0.75778,0.75789,1.22,1.12
2016.01.27 03:45:33.662,0.75779,0.75788,1.12,1.00
2016.01.27 03:45:34.170,0.75779,0.7579,1.12,2.62
2016.01.27 03:45:35.062,0.75777,0.75788,2.72,1.00
2016.01.27 03:45:35.215,0.75777,0.75788,1.87,1.00
2016.01.27 03:45:35.784,0.75777,0.75788,1.87,1.37
2016.01.27 03:45:36.768,0.75777,0.75788,1.50,1.12
2016.01.27 03:45:40.598,0.75777,0.75787,1.00,1.00
2016.01.27 03:45:41.027,0.75776,0.75785,1.87,1.00
2016.01.27 03:45:41.841,0.75775,0.75786,1.37,1.50
2016.01.27 03:45:42.354,0.75774,0.75785,2.25,1.00
2016.01.27 03:45:43.328,0.75776,0.75784,1.00,1.00
2016.01.27 03:45:44.292,0.75775,0.75786,1.00,1.87
2016.01.27 03:45:45.489,0.75776,0.75787,1.00,2.25
2016.01.27 03:45:46.194,0.75775,0.75786,1.50,1.37
2016.01.27 03:45:46.721,0.75774,0.75785,1.87,2.25
2016.01.27 03:45:48.522,0.75775,0.75785,1.00,2.25
2016.01.27 03:45:51.734,0.75776,0.75787,1.50,2.62
2016.01.27 03:45:52.470,0.75776,0.75787,1.00,2.62
2016.01.27 03:45:58.841,0.75777,0.75787,1.00,1.87
2016.01.27 03:45:59.534,0.75776,0.75787,1.50,2.62
2016.01.27 03:46:00.640,0.75777,0.75787,1.00,1.87
2016.01.27 03:46:02.880,0.75778,0.75787,1.00,1.87
2016.01.27 03:46:05.031,0.75779,0.75788,1.00,1.50
2016.01.27 03:46:08.732,0.75779,0.75788,1.50,1.12
2016.01.27 03:46:10.114,0.75779,0.75787,1.00,1.00
2016.01.27 03:46:10.653,0.75778,0.75787,1.00,1.00
2016.01.27 03:46:11.210,0.75776,0.75787,1.97,1.00
2016.01.27 03:46:11.262,0.75774,0.75783,2.25,1.00
2016.01.27 03:46:11.934,0.75773,0.75784,1.50,1.87
2016.01.27 03:46:12.545,0.75773,0.75784,1.50,1.87
2016.01.27 03:46:13.241,0.75772,0.75783,1.12,1.00
2016.01.27 03:46:15.103,0.75772,0.75781,1.12,1.00
2016.01.27 03:46:15.358,0.7577,0.75782,3.00,1.12
2016.01.27 03:46:16.506,0.75771,0.75782,1.00,1.12
2016.01.27 03:46:17.039,0.75772,0.75782,1.00,1.37
2016.01.27 03:46:17.736,0.75772,0.75782,1.00,1.12
2016.01.27 03:46:22.585,0.75771,0.75783,1.50,1.37
2016.01.27 03:46:23.168,0.75772,0.75781,1.00,1.00
2016.01.27 03:46:23.220,0.75769,0.7578,2.62,1.00
2016.01.27 03:46:24.379,0.75769,0.7578,1.12,1.37
2016.01.27 03:46:27.139,0.75768,0.7578,1.12,1.37
2016.01.27 03:46:27.656,0.75768,0.7578,1.37,1.87
2016.01.27 03:46:28.354,0.75768,0.7578,1.00,1.87
2016.01.27 03:46:29.361,0.75768,0.7578,1.00,2.25
2016.01.27 03:46:31.446,0.75768,0.75779,1.12,1.75
2016.01.27 03:46:32.365,0.75768,0.75779,1.00,2.25
2016.01.27 03:46:34.133,0.75769,0.7578,1.50,1.50
2016.01.27 03:46:34.796,0.75769,0.7578,1.87,1.50
2016.01.27 03:46:35.798,0.75769,0.7578,1.50,1.12
2016.01.27 03:46:37.801,0.75769,0.7578,1.87,1.37
2016.01.27 03:46:41.801,0.75769,0.7578,1.87,1.12
2016.01.27 03:46:43.794,0.75769,0.7578,1.87,1.87
2016.01.27 03:46:45.813,0.75769,0.7578,1.50,1.87
2016.01.27 03:46:47.042,0.7577,0.7578,1.00,1.87
2016.01.27 03:46:47.245,0.75768,0.75779,1.00,1.50
2016.01.27 03:46:47.753,0.75767,0.75779,1.00,2.25
2016.01.27 03:46:49.208,0.75767,0.75779,1.00,2.62
2016.01.27 03:46:50.189,0.75767,0.75778,1.00,1.37
2016.01.27 03:46:51.217,0.75767,0.75778,1.00,1.12
2016.01.27 03:46:52.174,0.75767,0.75778,1.00,1.37
2016.01.27 03:46:54.188,0.75767,0.75778,1.37,1.37
2016.01.27 03:46:56.558,0.75768,0.75779,1.00,3.00
2016.01.27 03:46:59.753,0.7577,0.75779,1.00,2.25
2016.01.27 03:47:02.708,0.75769,0.7578,1.50,1.37
2016.01.27 03:47:03.114,0.75771,0.7578,1.00,1.37
2016.01.27 03:47:06.243,0.7577,0.75781,1.00,1.50
2016.01.27 03:47:09.726,0.75768,0.7578,1.37,1.75
2016.01.27 03:47:13.744,0.75768,0.7578,1.12,1.75
2016.01.27 03:47:15.226,0.75769,0.75779,1.00,1.37
2016.01.27 03:47:15.751,0.75769,0.75778,1.00,1.12
2016.01.27 03:47:16.897,0.75768,0.7578,1.00,1.37
2016.01.27 03:47:21.746,0.75768,0.7578,1.00,1.37
2016.01.27 03:47:22.726,0.75768,0.7578,1.00,1.37
2016.01.27 03:47:24.256,0.75769,0.7578,1.00,1.37
2016.01.27 03:47:24.763,0.75768,0.7578,1.00,1.37
2016.01.27 03:47:25.732,0.75769,0.7578,1.00,1.87
2016.01.27 03:47:26.281,0.75768,0.75779,1.00,1.12
2016.01.27 03:47:26.795,0.75769,0.75779,1.00,1.12
2016.01.27 03:47:28.728,0.75769,0.75779,1.00,1.37
2016.01.27 03:47:30.264,0.75768,0.75779,1.12,1.37
2016.01.27 03:47:30.771,0.75769,0.75778,1.00,1.12
2016.01.27 03:47:35.720,0.75768,0.75779,1.00,1.37
2016.01.27 03:47:36.741,0.75768,0.75779,1.00,1.12
2016.01.27 03:47:37.998,0.75769,0.75779,1.00,1.12
2016.01.27 03:47:42.774,0.75769,0.75778,1.00,1.00
2016.01.27 03:47:47.462,0.7577,0.75778,1.00,1.00
2016.01.27 03:47:47.971,0.75769,0.75778,1.00,1.12
2016.01.27 03:47:51.506,0.7577,0.75778,1.00,1.00
2016.01.27 03:47:52.834,0.75768,0.75779,1.87,1.37
2016.01.27 03:47:53.342,0.75767,0.75778,1.00,1.00
2016.01.27 03:47:53.889,0.75768,0.75779,1.00,1.37
2016.01.27 03:47:56.420,0.75769,0.75777,1.00,1.00
2016.01.27 03:48:00.084,0.75768,0.75777,1.00,1.00
2016.01.27 03:48:05.198,0.75766,0.75777,1.12,1.50
2016.01.27 03:48:05.919,0.75766,0.75777,1.00,1.50
2016.01.27 03:48:11.023,0.75765,0.75776,1.12,1.12
2016.01.27 03:48:12.031,0.75765,0.75776,1.00,1.37
2016.01.27 03:48:14.012,0.75765,0.75776,1.00,1.37
2016.01.27 03:48:21.052,0.75764,0.75775,1.50,1.37
2016.01.27 03:48:21.860,0.75765,0.75776,1.00,1.87
2016.01.27 03:48:24.336,0.75765,0.75776,1.00,2.62
2016.01.27 03:48:25.533,0.75764,0.75775,1.87,1.12
2016.01.27 03:48:26.069,0.75765,0.75776,1.00,2.25
2016.01.27 03:48:27.033,0.75765,0.75776,1.00,2.25
2016.01.27 03:48:28.095,0.75766,0.75776,1.00,1.50
2016.01.27 03:48:28.603,0.75767,0.75776,1.00,1.50
2016.01.27 03:48:35.219,0.75769,0.75777,1.00,1.50
2016.01.27 03:48:35.727,0.7577,0.75779,1.00,1.87
2016.01.27 03:48:36.124,0.7577,0.75779,1.00,1.87
2016.01.27 03:48:38.046,0.7577,0.75779,1.00,1.37
2016.01.27 03:48:47.132,0.75768,0.75779,1.00,1.37
2016.01.27 03:48:48.680,0.75767,0.75778,1.12,1.12
2016.01.27 03:48:49.189,0.75767,0.75778,1.00,1.50
2016.01.27 03:48:50.420,0.75767,0.75778,1.00,1.50
2016.01.27 03:48:52.508,0.75766,0.75777,2.25,1.37
2016.01.27 03:48:53.292,0.75767,0.75776,1.00,1.00
2016.01.27 03:49:02.162,0.75767,0.75778,1.50,2.25
2016.01.27 03:49:03.999,0.75768,0.75779,1.00,2.62
2016.01.27 03:49:04.432,0.7577,0.75779,1.00,1.75
2016.01.27 03:49:05.259,0.7577,0.75778,1.00,1.00
2016.01.27 03:49:07.303,0.75771,0.7578,1.00,1.50
2016.01.27 03:49:07.608,0.75768,0.75779,1.12,1.00
2016.01.27 03:49:08.270,0.75768,0.75779,1.00,1.37
2016.01.27 03:49:12.530,0.75769,0.7578,1.00,1.87
2016.01.27 03:49:14.480,0.75768,0.75779,1.00,1.37
2016.01.27 03:49:15.358,0.75769,0.7578,1.00,1.37
2016.01.27 03:49:22.492,0.75769,0.75778,1.00,1.37
2016.01.27 03:49:24.297,0.75771,0.7578,1.00,1.37
2016.01.27 03:49:24.828,0.75771,0.75782,1.12,1.37
2016.01.27 03:49:25.351,0.75771,0.75782,1.12,1.50
2016.01.27 03:49:25.707,0.75773,0.75783,1.00,1.37
2016.01.27 03:49:26.221,0.75772,0.75783,1.12,1.50
2016.01.27 03:49:26.731,0.75773,0.75784,1.00,2.25
2016.01.27 03:49:27.323,0.75774,0.75784,1.00,1.75
2016.01.27 03:49:27.891,0.75774,0.75784,1.00,1.12
2016.01.27 03:49:32.907,0.75774,0.75785,1.12,1.50
2016.01.27 03:49:34.908,0.75774,0.75785,1.00,1.50
2016.01.27 03:49:45.123,0.75773,0.75785,1.00,1.50
2016.01.27 03:49:46.655,0.75774,0.75785,1.00,1.50
2016.01.27 03:49:48.687,0.75775,0.75785,1.00,1.50
2016.01.27 03:49:49.899,0.75775,0.75785,1.00,1.50
2016.01.27 03:49:55.389,0.75773,0.75785,2.25,1.50
2016.01.27 03:49:55.898,0.75775,0.75785,1.00,1.00
2016.01.27 03:49:56.893,0.75775,0.75786,1.00,1.75
2016.01.27 03:49:57.894,0.75775,0.75785,1.00,1.00
2016.01.27 03:50:00.898,0.75775,0.75786,1.00,1.75
2016.01.27 03:50:01.915,0.75775,0.75785,1.50,1.00
2016.01.27 03:50:02.596,0.75776,0.75785,1.00,1.00
2016.01.27 03:50:02.749,0.75776,0.75787,1.87,1.12
2016.01.27 03:50:03.154,0.75775,0.75785,1.37,1.00
2016.01.27 03:50:03.679,0.75774,0.75786,1.37,1.37
2016.01.27 03:50:04.244,0.75774,0.75785,1.00,1.37
2016.01.27 03:50:05.314,0.75775,0.75785,1.00,1.37
2016.01.27 03:50:06.234,0.75775,0.75785,1.00,1.12
2016.01.27 03:50:06.782,0.75774,0.75786,1.00,1.87
2016.01.27 03:50:07.233,0.75774,0.75786,1.12,1.87
2016.01.27 03:50:08.457,0.75774,0.75786,1.00,1.87
2016.01.27 03:50:09.222,0.75774,0.75785,1.00,1.37
2016.01.27 03:50:10.063,0.75775,0.75785,1.00,1.37
2016.01.27 03:50:10.594,0.75775,0.75785,1.00,1.12
2016.01.27 03:50:12.276,0.75776,0.75785,1.00,1.12
2016.01.27 03:50:17.514,0.75774,0.75786,1.50,1.12
2016.01.27 03:50:17.871,0.75775,0.75784,1.00,1.00
2016.01.27 03:50:22.569,0.75777,0.75787,1.00,1.37
2016.01.27 03:50:22.823,0.75775,0.75787,1.00,1.37
2016.01.27 03:50:23.229,0.75775,0.75787,1.00,1.12
2016.01.27 03:50:23.749,0.75776,0.75787,1.00,1.12
2016.01.27 03:50:24.088,0.75775,0.75785,1.00,1.00
2016.01.27 03:50:24.602,0.75775,0.75786,1.12,1.87
2016.01.27 03:50:25.632,0.75774,0.75786,1.00,1.87
2016.01.27 03:50:26.462,0.75775,0.75784,1.00,1.00
2016.01.27 03:50:26.994,0.75774,0.75786,1.00,1.87
2016.01.27 03:50:27.531,0.75776,0.75786,1.00,1.37
2016.01.27 03:50:28.067,0.75775,0.75786,1.12,1.37
2016.01.27 03:50:29.529,0.75774,0.75785,1.00,1.12
2016.01.27 03:50:34.140,0.75776,0.75785,1.00,1.12
2016.01.27 03:50:34.985,0.75775,0.75786,1.00,1.87
2016.01.27 03:50:36.585,0.75774,0.75785,1.50,1.50
2016.01.27 03:50:36.897,0.75772,0.75783,1.87,1.50
2016.01.27 03:50:37.621,0.75773,0.75783,1.00,1.00
2016.01.27 03:50:38.127,0.75774,0.75782,1.00,1.00
2016.01.27 03:50:38.634,0.75775,0.75784,1.00,1.37
2016.01.27 03:50:39.670,0.75775,0.75786,1.50,1.37
2016.01.27 03:50:39.722,0.75777,0.75786,1.00,1.37
2016.01.27 03:50:40.657,0.75777,0.75786,1.00,1.12
2016.01.27 03:50:44.851,0.75776,0.75787,1.50,1.37
2016.01.27 03:50:45.516,0.75777,0.75787,1.00,1.37
2016.01.27 03:50:46.045,0.75776,0.75787,1.00,1.37
2016.01.27 03:50:46.734,0.75776,0.75787,1.00,1.12
2016.01.27 03:50:47.039,0.75776,0.75787,1.00,1.37
2016.01.27 03:50:47.706,0.75776,0.75787,1.00,1.37
2016.01.27 03:50:50.717,0.75776,0.75787,1.00,1.37
2016.01.27 03:50:51.674,0.75776,0.75787,1.50,1.37
2016.01.27 03:50:51.827,0.75778,0.75787,1.00,1.37
2016.01.27 03:50:52.685,0.75778,0.75787,1.00,1.12
2016.01.27 03:50:53.722,0.75778,0.75787,1.00,1.37
2016.01.27 03:50:54.273,0.75777,0.75786,1.00,1.12
2016.01.27 03:50:55.688,0.75777,0.75786,1.00,1.37
2016.01.27 03:51:04.693,0.75777,0.75786,1.50,1.12
2016.01.27 03:51:05.710,0.75777,0.75786,1.50,1.37
2016.01.27 03:51:13.047,0.75776,0.75787,1.50,1.37
2016.01.27 03:51:31.754,0.75778,0.75787,1.00,1.37
2016.01.27 03:51:32.422,0.75778,0.75789,1.00,1.87
2016.01.27 03:51:32.944,0.75778,0.75789,1.00,1.87
2016.01.27 03:51:39.815,0.75779,0.75789,1.00,1.87
2016.01.27 03:51:40.575,0.75779,0.75789,1.00,1.50
2016.01.27 03:51:44.712,0.75779,0.7579,1.00,1.50
2016.01.27 03:51:45.346,0.75778,0.75789,1.87,1.00
2016.01.27 03:51:46.148,0.75778,0.75789,1.12,1.12
2016.01.27 03:51:49.873,0.75778,0.75789,1.37,1.12
2016.01.27 03:51:50.940,0.75778,0.75789,1.37,1.37
2016.01.27 03:51:52.857,0.75778,0.75789,1.37,1.12
2016.01.27 03:51:53.982,0.7578,0.75789,1.00,1.12
2016.01.27 03:51:56.440,0.75778,0.75789,1.37,1.12
2016.01.27 03:51:56.948,0.75778,0.75789,1.00,2.25
2016.01.27 03:51:57.699,0.75777,0.75788,1.87,1.00
2016.01.27 03:51:58.573,0.75777,0.75789,1.87,1.87
2016.01.27 03:51:59.124,0.75778,0.75789,1.12,1.50
2016.01.27 03:51:59.866,0.75778,0.75789,1.37,1.50
2016.01.27 03:52:00.171,0.75781,0.75789,1.12,1.00
2016.01.27 03:52:00.376,0.75781,0.75791,1.12,1.00
2016.01.27 03:52:08.030,0.75781,0.75789,1.12,1.00
2016.01.27 03:52:08.082,0.75781,0.75791,1.12,1.12
2016.01.27 03:52:08.387,0.75779,0.7579,1.87,1.37
2016.01.27 03:52:08.922,0.75778,0.75789,1.37,2.25
2016.01.27 03:52:09.228,0.75776,0.75785,1.12,1.00
2016.01.27 03:52:09.432,0.75774,0.75783,1.37,1.00
2016.01.27 03:52:10.032,0.75774,0.75785,1.37,1.87
2016.01.27 03:52:10.545,0.75773,0.75784,1.37,1.12
2016.01.27 03:52:14.859,0.75773,0.75784,1.87,1.37
2016.01.27 03:52:16.111,0.75773,0.75784,1.87,1.37
2016.01.27 03:52:16.903,0.75771,0.7578,2.62,1.00
2016.01.27 03:52:17.420,0.75771,0.7578,2.62,1.00
2016.01.27 03:52:18.798,0.75771,0.7578,2.62,1.00
2016.01.27 03:52:19.412,0.75771,0.7578,2.62,1.00
2016.01.27 03:52:20.612,0.75771,0.7578,2.62,1.00
2016.01.27 03:52:21.218,0.75772,0.7578,1.00,1.00
2016.01.27 03:52:21.755,0.75771,0.75781,1.87,1.12
2016.01.27 03:52:22.451,0.7577,0.75779,1.37,1.00
2016.01.27 03:52:23.284,0.75769,0.7578,1.87,1.00
2016.01.27 03:52:23.913,0.75769,0.7578,1.87,1.00
2016.01.27 03:52:24.491,0.75771,0.7578,1.00,1.00
2016.01.27 03:52:24.993,0.7577,0.75781,1.12,1.50
2016.01.27 03:52:25.494,0.75769,0.7578,1.87,1.37
2016.01.27 03:52:26.410,0.75768,0.75779,1.87,1.87
2016.01.27 03:52:28.332,0.75767,0.75778,1.50,1.00
2016.01.27 03:52:29.312,0.75768,0.75779,1.12,2.25
2016.01.27 03:52:29.837,0.75767,0.75778,2.25,1.00
2016.01.27 03:52:33.418,0.75767,0.75778,2.25,1.12
2016.01.27 03:52:35.439,0.75767,0.75778,2.25,1.12
2016.01.27 03:52:38.557,0.75767,0.75778,2.25,1.00
2016.01.27 03:52:40.616,0.75767,0.75778,1.50,1.00
2016.01.27 03:52:43.014,0.75769,0.75779,1.00,1.50
2016.01.27 03:52:43.677,0.75769,0.75779,1.00,1.12
2016.01.27 03:52:44.583,0.75769,0.75779,1.37,1.00
2016.01.27 03:52:45.546,0.75769,0.7578,1.00,1.50
2016.01.27 03:52:50.657,0.75768,0.75779,1.37,1.12
2016.01.27 03:52:54.679,0.75769,0.75779,2.62,1.00
2016.01.27 03:52:55.924,0.7577,0.75781,1.00,2.25
2016.01.27 03:52:57.139,0.75769,0.7578,1.87,1.50
2016.01.27 03:52:57.577,0.75771,0.75779,1.00,1.12
2016.01.27 03:52:58.558,0.75769,0.7578,1.87,1.50
2016.01.27 03:52:59.070,0.7577,0.7578,1.00,1.50
2016.01.27 03:53:00.532,0.75771,0.75779,1.00,1.12
2016.01.27 03:53:01.314,0.75769,0.7578,1.87,1.37
2016.01.27 03:53:01.670,0.75769,0.75779,2.62,1.00
2016.01.27 03:53:02.668,0.75769,0.75779,2.62,1.00
2016.01.27 03:53:06.326,0.75771,0.75782,1.00,1.87
2016.01.27 03:53:06.783,0.75771,0.75782,1.12,1.12
2016.01.27 03:53:07.405,0.7577,0.75781,1.87,1.00
2016.01.27 03:53:07.914,0.7577,0.75781,1.12,1.00
2016.01.27 03:53:08.819,0.7577,0.75781,1.12,1.37
2016.01.27 03:53:10.823,0.7577,0.75781,1.12,1.12
2016.01.27 03:53:22.874,0.75771,0.75781,1.00,1.00
2016.01.27 03:53:23.131,0.75773,0.75781,1.00,1.00
2016.01.27 03:53:23.741,0.75773,0.75782,1.00,1.00
2016.01.27 03:53:33.056,0.75771,0.75782,1.50,1.00
2016.01.27 03:53:34.280,0.75772,0.75783,1.00,1.12
2016.01.27 03:53:37.737,0.75773,0.75784,1.00,1.87
2016.01.27 03:53:40.057,0.75773,0.75784,1.00,2.62
2016.01.27 03:53:40.566,0.75772,0.75783,1.00,2.25
2016.01.27 03:53:41.073,0.75771,0.75782,1.00,1.12
2016.01.27 03:53:41.929,0.75771,0.75782,1.12,1.37
2016.01.27 03:53:43.144,0.7577,0.7578,1.00,1.37
2016.01.27 03:53:43.652,0.75769,0.7578,1.00,2.62
2016.01.27 03:53:46.977,0.75769,0.7578,1.00,3.00
2016.01.27 03:53:47.311,0.75765,0.75775,1.50,1.12
2016.01.27 03:53:47.365,0.75765,0.75775,1.12,1.75
2016.01.27 03:53:47.568,0.75762,0.75773,1.50,1.12
2016.01.27 03:53:48.356,0.75761,0.75772,1.12,1.00
2016.01.27 03:53:50.041,0.75762,0.75773,1.00,2.62
2016.01.27 03:53:50.559,0.75761,0.75772,1.00,1.12
2016.01.27 03:53:51.067,0.75762,0.75773,1.00,3.00
2016.01.27 03:53:51.902,0.75763,0.75774,1.00,1.87
2016.01.27 03:53:52.417,0.75763,0.75774,1.12,3.00
2016.01.27 03:53:53.239,0.75763,0.75774,1.00,2.62
2016.01.27 03:53:53.758,0.75763,0.75772,1.00,1.00
2016.01.27 03:54:00.065,0.75763,0.75774,1.00,1.37
2016.01.27 03:54:00.789,0.75765,0.75774,1.00,2.25
2016.01.27 03:54:01.299,0.75764,0.75774,1.00,1.12
2016.01.27 03:54:05.501,0.75764,0.75773,1.00,1.00
2016.01.27 03:54:07.155,0.75764,0.75774,1.00,1.12
2016.01.27 03:54:08.797,0.75763,0.75774,1.00,1.50
2016.01.27 03:54:09.314,0.75763,0.75774,1.00,2.62
2016.01.27 03:54:10.920,0.75762,0.75773,1.50,1.12
2016.01.27 03:54:11.427,0.75762,0.75772,1.00,1.00
2016.01.27 03:54:11.864,0.7576,0.75771,1.00,1.50
2016.01.27 03:54:12.371,0.75759,0.7577,1.12,1.00
2016.01.27 03:54:16.843,0.7576,0.75771,1.00,3.00
2016.01.27 03:54:17.396,0.75759,0.7577,1.00,1.12
2016.01.27 03:54:25.196,0.7576,0.75771,1.00,3.00
2016.01.27 03:54:25.710,0.75761,0.75772,1.12,2.25
2016.01.27 03:54:26.240,0.75763,0.75773,1.00,1.12
2016.01.27 03:54:32.338,0.75763,0.75774,1.00,1.12
2016.01.27 03:54:41.389,0.75762,0.75774,1.00,1.00
2016.01.27 03:54:41.904,0.75762,0.75773,1.12,1.12
2016.01.27 03:54:45.283,0.75761,0.75772,1.87,1.00
2016.01.27 03:54:45.789,0.75761,0.75772,1.50,1.00
2016.01.27 03:54:49.833,0.75762,0.75773,1.00,1.87
2016.01.27 03:54:50.741,0.75762,0.75773,1.37,1.37
2016.01.27 03:54:51.791,0.75762,0.75773,1.12,1.00
2016.01.27 03:54:53.049,0.75763,0.75773,1.00,1.00
2016.01.27 03:54:53.733,0.75763,0.75774,1.00,1.12
2016.01.27 03:54:54.792,0.75763,0.75774,1.37,1.37
2016.01.27 03:54:58.770,0.75764,0.75775,1.00,1.12
2016.01.27 03:55:00.708,0.75767,0.75776,1.00,1.50
2016.01.27 03:55:00.915,0.75767,0.75778,1.00,1.87
2016.01.27 03:55:01.797,0.75767,0.75778,1.12,1.75
2016.01.27 03:55:02.299,0.75768,0.75779,1.00,3.00
2016.01.27 03:55:02.887,0.7577,0.75779,1.00,2.25
2016.01.27 03:55:03.501,0.7577,0.75779,1.00,2.25
2016.01.27 03:55:04.467,0.7577,0.75779,1.00,1.00
2016.01.27 03:55:04.993,0.75769,0.7578,1.00,2.62
2016.01.27 03:55:05.500,0.75768,0.75779,1.12,1.87
2016.01.27 03:55:06.112,0.75768,0.75779,1.12,2.25
2016.01.27 03:55:06.774,0.75769,0.75779,1.00,1.50
2016.01.27 03:55:07.181,0.75771,0.7578,1.00,3.07
2016.01.27 03:55:07.803,0.75772,0.75781,1.00,2.25
2016.01.27 03:55:09.661,0.75771,0.75781,1.37,3.75
2016.01.27 03:55:10.246,0.75771,0.75781,1.12,3.75
2016.01.27 03:55:12.130,0.75772,0.75781,1.00,3.75
2016.01.27 03:55:12.182,0.75772,0.75781,1.00,2.25
2016.01.27 03:55:14.094,0.75772,0.75783,1.00,1.12
2016.01.27 03:55:16.489,0.75773,0.75783,1.00,1.00
2016.01.27 03:55:22.974,0.75772,0.75783,1.12,1.12
2016.01.27 03:55:28.211,0.75772,0.75783,1.37,1.37
2016.01.27 03:55:29.219,0.75772,0.75783,1.00,1.12
2016.01.27 03:55:30.333,0.75774,0.75783,1.00,1.12
2016.01.27 03:55:31.137,0.75772,0.75783,1.00,1.12
2016.01.27 03:55:34.406,0.75773,0.75784,1.00,3.37
2016.01.27 03:55:36.401,0.75773,0.75782,1.00,1.00
2016.01.27 03:55:36.985,0.75772,0.75783,1.12,1.12
2016.01.27 03:55:38.321,0.75773,0.75784,1.00,3.37
2016.01.27 03:55:39.235,0.75773,0.75784,1.00,3.37
2016.01.27 03:55:39.978,0.75772,0.75783,1.00,1.12
2016.01.27 03:55:48.338,0.75772,0.75783,1.50,1.37
2016.01.27 03:55:50.441,0.75772,0.75783,1.50,1.37
2016.01.27 03:55:52.483,0.75772,0.75783,1.12,1.12
2016.01.27 03:55:55.729,0.75773,0.75784,1.00,2.62
2016.01.27 03:55:55.983,0.75774,0.75784,1.37,1.37
2016.01.27 03:55:56.969,0.75774,0.75785,1.50,1.12
2016.01.27 03:56:01.977,0.75774,0.75785,1.12,1.87
2016.01.27 03:56:03.957,0.75774,0.75785,1.12,1.12
2016.01.27 03:56:05.008,0.75774,0.75784,1.00,1.00
2016.01.27 03:56:05.972,0.75774,0.75784,1.37,1.12
2016.01.27 03:56:06.999,0.75774,0.75784,1.00,1.12
2016.01.27 03:56:08.008,0.75774,0.75784,1.37,1.37
2016.01.27 03:56:09.138,0.75773,0.75784,3.00,1.12
2016.01.27 03:56:10.068,0.75774,0.75785,1.00,1.37
2016.01.27 03:56:10.989,0.75774,0.75785,1.00,1.12
2016.01.27 03:56:12.069,0.75773,0.75784,1.87,1.37
2016.01.27 03:56:13.995,0.75774,0.75785,1.00,1.12
2016.01.27 03:56:16.010,0.75774,0.75785,1.00,1.37
2016.01.27 03:56:16.524,0.75773,0.75784,1.50,1.50
2016.01.27 03:56:17.035,0.75773,0.75784,1.00,1.50
2016.01.27 03:56:18.986,0.75773,0.75784,1.00,1.50
2016.01.27 03:56:19.974,0.75773,0.75784,1.00,1.50
2016.01.27 03:56:20.842,0.75774,0.75785,1.00,2.25
2016.01.27 03:56:21.351,0.75774,0.75784,1.00,1.00
2016.01.27 03:56:22.260,0.75774,0.75785,1.00,1.12
2016.01.27 03:56:22.768,0.75773,0.75784,1.12,1.00
2016.01.27 03:56:28.248,0.75774,0.75785,1.00,2.62
2016.01.27 03:56:29.234,0.75774,0.75785,1.00,1.12
2016.01.27 03:56:33.011,0.75773,0.75784,1.12,1.00
2016.01.27 03:56:38.233,0.75774,0.75785,1.00,1.50
2016.01.27 03:56:38.740,0.75775,0.75786,1.00,2.25
2016.01.27 03:56:39.247,0.75775,0.75786,1.00,2.25
2016.01.27 03:56:40.083,0.75774,0.75785,1.12,1.12
2016.01.27 03:56:41.369,0.75773,0.75784,1.37,1.00
2016.01.27 03:56:41.878,0.75774,0.75783,1.12,1.00
2016.01.27 03:56:44.334,0.75775,0.75784,1.00,1.00
2016.01.27 03:56:45.503,0.75773,0.75784,1.12,1.00
2016.01.27 03:56:45.656,0.75777,0.75786,1.00,1.37
2016.01.27 03:56:45.758,0.75778,0.75788,1.12,1.50
2016.01.27 03:56:45.861,0.75781,0.75789,1.00,1.00
2016.01.27 03:56:45.964,0.75782,0.75791,1.00,1.00
2016.01.27 03:56:46.473,0.75782,0.75793,1.00,2.62
2016.01.27 03:56:47.002,0.75781,0.75792,1.12,1.37
2016.01.27 03:56:47.966,0.7578,0.75791,1.12,1.00
2016.01.27 03:56:52.231,0.7578,0.7579,1.00,1.00
2016.01.27 03:56:52.781,0.75781,0.7579,1.00,1.00
2016.01.27 03:56:53.423,0.75782,0.75791,1.00,1.12
2016.01.27 03:56:53.576,0.75782,0.75793,1.00,3.37
2016.01.27 03:56:53.975,0.75786,0.75795,1.00,1.87
2016.01.27 03:56:55.419,0.75784,0.75795,1.00,1.12
2016.01.27 03:56:58.145,0.75785,0.75796,1.00,2.62
2016.01.27 03:56:58.298,0.75787,0.75797,1.00,1.12
2016.01.27 03:56:59.385,0.75787,0.75798,1.00,1.12
2016.01.27 03:57:02.375,0.75787,0.75798,1.00,1.37
2016.01.27 03:57:03.550,0.75786,0.75797,1.50,1.37
2016.01.27 03:57:04.443,0.75786,0.75797,1.50,1.00
2016.01.27 03:57:08.367,0.7579,0.75799,1.00,1.00
2016.01.27 03:57:08.419,0.75788,0.75799,1.00,1.00
2016.01.27 03:57:08.932,0.75789,0.758,1.00,1.87
2016.01.27 03:57:09.562,0.75787,0.75798,1.12,1.00
2016.01.27 03:57:11.300,0.75787,0.75798,1.12,1.37
2016.01.27 03:57:12.372,0.75786,0.75797,2.25,1.50
2016.01.27 03:57:18.557,0.75787,0.75797,1.00,1.00
2016.01.27 03:57:19.122,0.75788,0.75797,1.00,1.00
2016.01.27 03:57:19.658,0.75788,0.75799,1.00,1.37
2016.01.27 03:57:20.438,0.75787,0.75797,1.50,1.00
2016.01.27 03:57:21.047,0.75787,0.75798,1.12,1.12
2016.01.27 03:57:21.686,0.75786,0.75797,1.50,1.00
2016.01.27 03:57:22.421,0.75786,0.75797,1.50,1.00
2016.01.27 03:57:23.182,0.75786,0.75795,1.12,1.00
2016.01.27 03:57:23.456,0.75786,0.75797,1.12,1.00
2016.01.27 03:57:27.587,0.75786,0.75797,1.00,1.37
2016.01.27 03:57:30.449,0.75785,0.75796,1.12,1.12
2016.01.27 03:57:32.504,0.75785,0.75796,1.00,1.50
2016.01.27 03:57:40.916,0.75785,0.75796,1.00,1.50
2016.01.27 03:57:41.933,0.75785,0.75796,1.00,2.25
2016.01.27 03:57:50.046,0.75785,0.75796,1.00,1.50
2016.01.27 03:57:54.095,0.75785,0.75796,1.00,2.25
2016.01.27 03:57:59.154,0.75785,0.75796,1.00,2.25
2016.01.27 03:58:03.369,0.75785,0.75796,1.00,2.25
2016.01.27 03:58:05.830,0.75786,0.75795,1.00,1.00
2016.01.27 03:58:06.187,0.75784,0.75795,1.12,1.50
2016.01.27 03:58:06.297,0.75784,0.75795,1.37,1.50
2016.01.27 03:58:07.252,0.75784,0.75795,1.00,1.50
2016.01.27 03:58:12.860,0.75783,0.75794,2.34,1.12
2016.01.27 03:58:15.307,0.75784,0.75795,1.00,1.50
2016.01.27 03:58:17.844,0.75785,0.75796,1.00,2.25
2016.01.27 03:58:18.414,0.75785,0.75796,2.25,1.37
2016.01.27 03:58:19.368,0.75785,0.75796,2.25,1.00
2016.01.27 03:58:19.983,0.75786,0.75797,1.47,3.75
2016.01.27 03:58:27.424,0.75786,0.75797,1.20,3.75
2016.01.27 03:58:28.369,0.75786,0.75795,1.20,1.00
2016.01.27 03:58:30.100,0.75785,0.75796,1.12,1.50
2016.01.27 03:58:30.608,0.75784,0.75795,1.50,1.00
2016.01.27 03:58:31.187,0.75784,0.75793,1.50,1.00
2016.01.27 03:58:31.695,0.75784,0.75793,1.22,1.00
2016.01.27 03:58:31.999,0.75784,0.75795,1.22,1.12
2016.01.27 03:58:32.152,0.75784,0.75793,1.22,1.00
2016.01.27 03:58:32.589,0.75784,0.75795,1.22,1.00
2016.01.27 03:58:32.742,0.75786,0.75797,1.00,4.50
2016.01.27 03:58:33.477,0.75786,0.75797,1.00,3.37
2016.01.27 03:58:34.011,0.75785,0.75796,1.12,1.00
2016.01.27 03:58:35.127,0.75786,0.75796,1.00,1.00
2016.01.27 03:58:35.778,0.75786,0.75797,1.00,2.62
2016.01.27 03:58:48.695,0.75786,0.75797,1.50,1.12
2016.01.27 03:58:50.456,0.75786,0.75797,1.50,1.12
2016.01.27 03:58:59.167,0.75786,0.75796,1.00,1.00
2016.01.27 03:59:03.580,0.75785,0.75796,1.50,1.50
2016.01.27 03:59:04.111,0.75786,0.75796,1.00,1.00
2016.01.27 03:59:08.190,0.75786,0.75795,1.12,1.00
2016.01.27 03:59:20.535,0.75784,0.75793,1.37,1.00
2016.01.27 03:59:20.587,0.75783,0.75794,2.34,1.00
2016.01.27 03:59:20.638,0.75785,0.75794,1.00,1.00
2016.01.27 03:59:21.146,0.75784,0.75793,1.00,1.00
2016.01.27 03:59:23.126,0.75785,0.75794,1.00,1.00
2016.01.27 03:59:23.457,0.75783,0.75794,1.50,1.00
2016.01.27 03:59:24.197,0.75784,0.75795,1.00,1.12
2016.01.27 03:59:24.703,0.75785,0.75796,1.00,1.12
2016.01.27 03:59:28.580,0.75785,0.75796,1.12,1.37
2016.01.27 03:59:31.620,0.75784,0.75795,1.87,1.12
2016.01.27 03:59:34.796,0.75784,0.75795,1.87,1.12
2016.01.27 03:59:35.349,0.75783,0.75794,2.25,1.00
2016.01.27 03:59:35.604,0.75783,0.75794,1.12,1.50
2016.01.27 03:59:36.037,0.75781,0.75791,1.00,1.00
2016.01.27 03:59:36.342,0.7578,0.75789,1.00,1.37
2016.01.27 03:59:38.644,0.75781,0.7579,1.00,1.50
2016.01.27 03:59:39.153,0.75779,0.7579,1.00,1.50
2016.01.27 03:59:39.821,0.75778,0.75789,1.87,1.50
2016.01.27 03:59:40.342,0.75778,0.75789,1.87,1.50
2016.01.27 03:59:49.889,0.7578,0.7579,1.00,2.25
2016.01.27 03:59:52.834,0.75781,0.75791,1.00,1.75
2016.01.27 03:59:52.892,0.75781,0.75791,1.00,1.37
2016.01.27 03:59:53.208,0.75781,0.75792,1.12,2.25
2016.01.27 03:59:53.723,0.75782,0.75793,1.00,1.37
2016.01.27 03:59:54.254,0.75782,0.75793,1.00,1.12
2016.01.27 03:59:55.687,0.75784,0.75793,1.00,1.12
