2012.12.03 03:00:17.275,0.81272,0.81288,5.85,3.00
2012.12.03 03:00:18.355,0.81272,0.81288,2.25,3.00
2012.12.03 03:00:30.394,0.81272,0.81288,2.25,3.00
2012.12.03 03:00:33.194,0.81272,0.81287,2.25,2.40
2012.12.03 03:00:46.144,0.81272,0.81286,1.50,2.25
2012.12.03 03:00:55.274,0.81272,0.81286,1.50,2.25
2012.12.03 03:00:55.785,0.81273,0.81287,1.50,4.65
2012.12.03 03:00:56.724,0.81271,0.81285,2.25,3.00
2012.12.03 03:00:57.274,0.81271,0.81285,2.25,3.00
2012.12.03 03:00:57.965,0.81271,0.81281,1.50,1.50
2012.12.03 03:00:58.470,0.81268,0.81281,2.25,1.50
2012.12.03 03:00:58.834,0.81268,0.81281,2.25,2.40
2012.12.03 03:00:59.468,0.81267,0.8128,2.25,1.50
2012.12.03 03:01:02.326,0.81267,0.8128,1.50,1.50
2012.12.03 03:01:02.890,0.81267,0.8128,1.50,1.50
2012.12.03 03:01:07.195,0.81268,0.8128,1.50,1.50
2012.12.03 03:01:07.614,0.81268,0.8128,1.50,1.50
2012.12.03 03:01:07.794,0.81266,0.8128,1.50,2.40
2012.12.03 03:01:07.854,0.81266,0.8128,2.25,2.40
2012.12.03 03:01:17.474,0.81266,0.81281,3.00,1.50
2012.12.03 03:01:20.283,0.81266,0.8128,3.00,1.50
2012.12.03 03:01:20.364,0.81266,0.81281,3.00,1.50
2012.12.03 03:01:30.204,0.81267,0.81282,2.25,3.15
2012.12.03 03:01:30.565,0.81272,0.81285,1.50,2.25
2012.12.03 03:01:30.805,0.81272,0.81286,2.25,2.25
2012.12.03 03:01:31.603,0.81271,0.81285,4.35,1.50
2012.12.03 03:01:32.984,0.81274,0.81287,2.25,1.50
2012.12.03 03:01:41.635,0.81274,0.81288,3.75,3.00
2012.12.03 03:02:06.328,0.81275,0.81289,1.50,3.00
2012.12.03 03:02:07.715,0.81275,0.81289,1.50,3.00
2012.12.03 03:02:08.263,0.81275,0.81287,1.50,1.50
2012.12.03 03:02:26.674,0.81273,0.81287,2.25,3.00
2012.12.03 03:03:12.794,0.81273,0.81287,2.25,2.40
2012.12.03 03:03:13.632,0.81273,0.81287,2.25,2.40
2012.12.03 03:03:15.763,0.81273,0.81287,2.25,2.40
2012.12.03 03:03:20.340,0.81273,0.81287,2.25,2.40
2012.12.03 03:03:27.807,0.81269,0.81284,3.00,1.50
2012.12.03 03:03:28.039,0.81269,0.81284,3.00,1.50
2012.12.03 03:03:28.359,0.81269,0.81283,3.00,2.63
2012.12.03 03:03:28.428,0.81269,0.81283,3.00,2.63
2012.12.03 03:03:28.928,0.81269,0.81283,3.00,1.50
2012.12.03 03:03:29.526,0.81269,0.81285,4.35,2.25
2012.12.03 03:03:32.454,0.81269,0.81285,4.35,2.25
2012.12.03 03:03:32.994,0.81269,0.81285,4.35,2.25
2012.12.03 03:03:34.292,0.81269,0.81285,4.35,2.25
2012.12.03 03:03:34.605,0.81272,0.81285,1.50,2.25
2012.12.03 03:03:41.805,0.81272,0.81284,1.50,1.50
2012.12.03 03:03:42.781,0.81272,0.81285,1.50,3.00
2012.12.03 03:03:46.324,0.81272,0.81285,1.50,2.25
2012.12.03 03:04:01.045,0.81271,0.81286,2.85,2.63
2012.12.03 03:04:01.671,0.81271,0.81286,2.85,2.63
2012.12.03 03:04:08.382,0.81271,0.81286,2.85,2.63
2012.12.03 03:04:08.914,0.81271,0.81286,2.85,2.25
2012.12.03 03:04:21.854,0.81272,0.81286,1.50,2.25
2012.12.03 03:04:23.341,0.81272,0.81286,1.50,2.25
2012.12.03 03:04:23.875,0.81272,0.81286,1.50,2.63
2012.12.03 03:04:25.885,0.81272,0.81286,1.50,2.63
2012.12.03 03:04:32.264,0.81272,0.81286,1.50,2.63
2012.12.03 03:04:39.338,0.81272,0.81286,1.50,2.63
2012.12.03 03:04:39.730,0.81272,0.81286,1.50,2.63
2012.12.03 03:04:41.104,0.81272,0.81286,1.50,2.63
2012.12.03 03:04:41.763,0.81272,0.81286,1.50,2.25
2012.12.03 03:04:46.655,0.81274,0.81284,1.50,1.50
2012.12.03 03:04:46.955,0.81274,0.81288,5.10,1.50
2012.12.03 03:04:47.689,0.81274,0.81288,3.60,3.00
2012.12.03 03:04:55.126,0.81273,0.81287,1.50,1.50
2012.12.03 03:05:40.875,0.81273,0.81287,2.25,3.00
2012.12.03 03:05:41.295,0.81273,0.81287,1.50,3.00
2012.12.03 03:06:08.764,0.81272,0.81284,1.50,1.50
2012.12.03 03:06:09.804,0.81272,0.81285,1.50,3.00
2012.12.03 03:06:10.114,0.81272,0.81283,1.50,1.50
2012.12.03 03:06:10.785,0.81272,0.81284,1.50,1.50
2012.12.03 03:06:11.324,0.81272,0.81285,1.50,3.00
2012.12.03 03:06:11.684,0.81272,0.81283,1.50,1.50
2012.12.03 03:06:12.269,0.81272,0.81284,1.50,1.50
2012.12.03 03:06:32.980,0.81271,0.81284,1.50,3.00
2012.12.03 03:06:33.655,0.8127,0.81284,2.25,2.25
2012.12.03 03:07:28.194,0.81269,0.81281,2.25,1.50
2012.12.03 03:07:28.915,0.81269,0.81281,2.25,1.50
2012.12.03 03:07:40.405,0.81269,0.81282,1.50,1.50
2012.12.03 03:07:40.710,0.81266,0.8128,3.60,1.50
2012.12.03 03:07:40.776,0.81266,0.8128,3.60,1.50
2012.12.03 03:07:41.737,0.81267,0.8128,1.50,1.50
2012.12.03 03:07:46.924,0.81266,0.8128,2.25,1.50
2012.12.03 03:07:51.525,0.81266,0.8128,2.25,1.50
2012.12.03 03:08:00.307,0.81268,0.8128,3.60,1.50
2012.12.03 03:08:00.375,0.81268,0.81283,3.60,1.50
2012.12.03 03:08:01.224,0.81271,0.81283,1.50,1.50
2012.12.03 03:08:01.645,0.81271,0.81283,1.50,1.50
2012.12.03 03:08:04.367,0.81271,0.81283,1.50,1.50
2012.12.03 03:08:06.385,0.81269,0.81283,1.50,2.25
2012.12.03 03:08:12.204,0.81269,0.81283,1.50,2.25
2012.12.03 03:08:25.220,0.81268,0.81282,1.50,2.25
2012.12.03 03:08:25.588,0.81266,0.81282,3.00,2.63
2012.12.03 03:08:25.657,0.81266,0.8128,3.00,1.50
2012.12.03 03:08:26.524,0.81266,0.8128,3.00,1.50
2012.12.03 03:08:31.145,0.81266,0.8128,2.25,1.50
2012.12.03 03:08:31.446,0.81264,0.81277,3.00,1.50
2012.12.03 03:08:32.135,0.81264,0.81275,1.50,1.50
2012.12.03 03:08:32.684,0.81261,0.81274,1.50,1.50
2012.12.03 03:08:32.746,0.81259,0.81274,1.88,2.25
2012.12.03 03:09:03.488,0.8126,0.81274,2.25,2.25
2012.12.03 03:09:04.545,0.8126,0.81274,1.50,2.25
2012.12.03 03:09:10.614,0.81259,0.81274,2.85,2.25
2012.12.03 03:09:11.155,0.8126,0.81274,1.50,1.50
2012.12.03 03:09:11.216,0.81261,0.81274,2.10,1.13
2012.12.03 03:09:11.714,0.81259,0.81274,1.50,1.13
2012.12.03 03:09:12.388,0.81258,0.81274,3.75,2.63
2012.12.03 03:09:18.294,0.81258,0.81274,3.75,2.63
2012.12.03 03:09:21.735,0.81259,0.81274,2.10,2.63
2012.12.03 03:09:24.756,0.81259,0.81274,2.10,2.63
2012.12.03 03:09:28.285,0.81259,0.81274,3.23,1.50
2012.12.03 03:09:31.696,0.8126,0.81274,3.38,1.50
2012.12.03 03:09:31.875,0.8126,0.81274,4.35,1.50
2012.12.03 03:09:42.564,0.81261,0.81274,1.13,1.50
2012.12.03 03:09:48.315,0.81261,0.81274,1.35,1.50
2012.12.03 03:09:49.165,0.81263,0.81274,2.10,1.50
2012.12.03 03:09:52.466,0.81263,0.81276,2.10,2.25
2012.12.03 03:09:53.917,0.81264,0.81276,1.50,2.25
2012.12.03 03:09:53.977,0.81266,0.81278,1.35,3.00
2012.12.03 03:09:55.856,0.81266,0.81277,1.35,1.13
2012.12.03 03:09:56.409,0.81263,0.81277,1.05,1.13
2012.12.03 03:09:58.114,0.81261,0.81276,3.00,2.25
2012.12.03 03:10:14.057,0.81259,0.81274,1.50,2.63
2012.12.03 03:10:14.306,0.81258,0.81274,2.25,3.38
2012.12.03 03:10:15.035,0.81258,0.81273,3.00,1.50
2012.12.03 03:10:18.025,0.81258,0.81274,3.00,2.63
2012.12.03 03:10:20.785,0.81258,0.81274,3.75,2.63
2012.12.03 03:10:20.845,0.81258,0.81274,4.50,2.25
2012.12.03 03:10:21.409,0.81259,0.81275,2.25,3.00
2012.12.03 03:10:22.016,0.81259,0.81275,3.60,2.25
2012.12.03 03:10:24.526,0.81261,0.81275,1.50,1.50
2012.12.03 03:10:25.066,0.81262,0.81277,1.50,2.25
2012.12.03 03:10:52.567,0.81261,0.81277,2.25,4.13
2012.12.03 03:10:53.288,0.81261,0.81275,2.25,1.50
2012.12.03 03:11:00.124,0.81261,0.81276,2.25,1.50
2012.12.03 03:11:06.854,0.81259,0.81273,3.00,1.50
2012.12.03 03:11:10.846,0.81259,0.81272,1.50,1.50
2012.12.03 03:11:11.385,0.81259,0.81272,2.25,1.50
2012.12.03 03:11:11.915,0.8126,0.81273,1.50,1.50
2012.12.03 03:11:16.054,0.8126,0.81273,2.85,1.50
2012.12.03 03:11:20.394,0.8126,0.81273,2.85,1.50
2012.12.03 03:11:26.835,0.8126,0.81273,1.50,2.25
2012.12.03 03:11:27.015,0.81257,0.81271,5.85,2.25
2012.12.03 03:11:34.025,0.81258,0.81273,2.25,1.50
2012.12.03 03:11:35.249,0.81259,0.81273,2.25,1.50
2012.12.03 03:11:38.517,0.81259,0.81273,3.00,2.25
2012.12.03 03:11:39.716,0.81259,0.81273,4.35,2.25
2012.12.03 03:11:40.459,0.81259,0.81273,4.35,2.25
2012.12.03 03:11:43.475,0.81259,0.81273,4.35,2.25
2012.12.03 03:12:09.085,0.81259,0.81273,3.00,3.00
2012.12.03 03:12:12.815,0.81259,0.81273,2.25,3.00
2012.12.03 03:12:20.215,0.81259,0.81273,3.00,3.00
2012.12.03 03:12:22.174,0.81259,0.81273,2.25,3.00
2012.12.03 03:12:24.899,0.81258,0.81271,2.25,1.50
2012.12.03 03:12:27.744,0.81258,0.81271,1.50,1.50
2012.12.03 03:12:32.826,0.81256,0.8127,1.50,2.25
2012.12.03 03:12:33.135,0.81255,0.8127,2.63,3.00
2012.12.03 03:12:33.675,0.81254,0.81267,1.50,1.50
2012.12.03 03:12:45.646,0.81253,0.81267,4.35,2.25
2012.12.03 03:12:46.276,0.81253,0.81267,2.25,2.25
2012.12.03 03:12:50.225,0.81253,0.81267,2.25,2.25
2012.12.03 03:12:54.315,0.81253,0.81266,2.25,1.50
2012.12.03 03:12:54.866,0.81254,0.81266,1.50,1.50
2012.12.03 03:12:55.287,0.81254,0.81267,2.25,1.50
2012.12.03 03:12:55.465,0.81257,0.8127,1.50,1.50
2012.12.03 03:12:58.485,0.81259,0.81273,3.60,3.00
2012.12.03 03:13:04.506,0.81259,0.81273,3.60,2.25
2012.12.03 03:13:06.780,0.81259,0.81273,2.85,3.00
2012.12.03 03:13:10.217,0.81258,0.81273,2.25,2.25
2012.12.03 03:13:20.757,0.81258,0.81273,2.25,3.00
2012.12.03 03:13:25.816,0.81258,0.81273,2.25,3.75
2012.12.03 03:13:41.229,0.81257,0.81273,3.00,3.75
2012.12.03 03:14:03.935,0.81257,0.81272,3.00,1.50
2012.12.03 03:14:12.865,0.81257,0.81272,1.50,1.50
2012.12.03 03:14:17.094,0.81257,0.81272,2.25,1.50
2012.12.03 03:14:32.376,0.81257,0.81272,2.25,1.50
2012.12.03 03:14:50.215,0.81259,0.81273,1.50,3.00
2012.12.03 03:15:45.598,0.81258,0.81272,2.25,3.00
2012.12.03 03:16:10.105,0.81259,0.81272,1.50,1.50
2012.12.03 03:16:10.476,0.81259,0.81275,1.50,2.25
2012.12.03 03:16:24.464,0.8126,0.81276,1.50,1.88
2012.12.03 03:16:25.062,0.8126,0.81275,1.50,1.50
2012.12.03 03:16:33.645,0.8126,0.81275,1.50,1.50
2012.12.03 03:16:43.515,0.8126,0.81273,2.25,1.50
2012.12.03 03:16:53.565,0.8126,0.81273,1.50,1.50
2012.12.03 03:16:53.745,0.81263,0.81275,1.50,1.50
2012.12.03 03:16:54.375,0.81263,0.81275,1.50,2.25
2012.12.03 03:17:25.238,0.81263,0.81277,2.25,1.50
2012.12.03 03:17:28.486,0.81263,0.81277,2.25,1.50
2012.12.03 03:17:28.926,0.81267,0.8128,1.50,2.25
2012.12.03 03:17:29.226,0.81269,0.81282,3.38,1.50
2012.12.03 03:17:29.776,0.81271,0.81283,1.50,1.50
2012.12.03 03:17:30.315,0.81271,0.81283,1.50,1.50
2012.12.03 03:17:41.076,0.81271,0.81284,1.50,1.50
2012.12.03 03:18:02.153,0.8127,0.81284,3.00,2.25
2012.12.03 03:18:18.088,0.8127,0.81284,3.00,2.25
2012.12.03 03:18:21.396,0.8127,0.81284,2.25,2.25
2012.12.03 03:18:27.878,0.8127,0.81284,2.25,3.00
2012.12.03 03:18:30.126,0.81268,0.81283,3.00,1.88
2012.12.03 03:18:31.107,0.81268,0.81283,3.00,1.88
2012.12.03 03:18:31.646,0.81268,0.81283,2.25,1.88
2012.12.03 03:18:49.093,0.81268,0.81283,3.75,1.50
2012.12.03 03:19:18.946,0.81268,0.81282,2.25,2.63
2012.12.03 03:19:22.347,0.81268,0.81281,1.50,1.50
2012.12.03 03:19:22.667,0.81267,0.8128,2.25,1.13
2012.12.03 03:19:31.716,0.81267,0.81278,1.50,1.88
2012.12.03 03:19:49.145,0.81267,0.81279,2.25,1.88
2012.12.03 03:20:03.485,0.81267,0.81279,2.25,1.50
2012.12.03 03:20:06.167,0.81267,0.8128,2.25,1.50
2012.12.03 03:20:17.747,0.81268,0.8128,1.50,1.50
2012.12.03 03:20:18.656,0.81268,0.8128,1.50,1.50
2012.12.03 03:20:56.228,0.81268,0.81281,2.25,1.50
2012.12.03 03:20:56.776,0.81271,0.81284,2.25,1.50
2012.12.03 03:20:58.057,0.81271,0.81284,2.25,1.50
2012.12.03 03:20:59.207,0.81271,0.81284,2.25,1.50
2012.12.03 03:21:06.986,0.81271,0.81283,2.25,1.13
2012.12.03 03:21:13.326,0.81271,0.81283,1.50,1.13
2012.12.03 03:21:20.344,0.81271,0.81283,2.25,1.13
2012.12.03 03:21:28.787,0.81271,0.81283,1.50,1.13
2012.12.03 03:21:29.148,0.81269,0.8128,2.25,1.13
2012.12.03 03:21:29.216,0.81269,0.8128,1.50,1.88
2012.12.03 03:21:35.626,0.81269,0.8128,1.50,1.88
2012.12.03 03:21:35.686,0.81267,0.8128,1.50,1.88
2012.12.03 03:21:36.454,0.81266,0.8128,2.25,1.88
2012.12.03 03:21:46.316,0.81266,0.8128,3.00,1.88
2012.12.03 03:21:46.617,0.81266,0.81278,4.35,1.13
2012.12.03 03:21:46.979,0.81266,0.81278,1.50,1.13
2012.12.03 03:21:47.127,0.81264,0.81278,1.50,2.63
2012.12.03 03:21:49.926,0.81264,0.81278,1.50,3.00
2012.12.03 03:21:50.047,0.81264,0.81278,1.50,3.00
2012.12.03 03:22:07.485,0.81263,0.81277,2.25,2.25
2012.12.03 03:22:08.867,0.81263,0.81277,2.25,2.25
2012.12.03 03:22:42.807,0.81263,0.81277,3.75,2.25
2012.12.03 03:22:49.067,0.81263,0.81277,3.60,2.25
2012.12.03 03:23:03.018,0.81262,0.81276,2.25,2.25
2012.12.03 03:23:03.321,0.81263,0.81278,2.10,2.63
2012.12.03 03:23:03.449,0.81262,0.81278,3.75,3.00
2012.12.03 03:23:03.938,0.81264,0.81278,1.50,3.00
2012.12.03 03:23:21.847,0.81263,0.81278,3.60,3.00
2012.12.03 03:23:47.273,0.81263,0.81277,4.50,1.50
2012.12.03 03:24:47.405,0.81262,0.81281,2.25,3.38
2012.12.03 03:24:57.475,0.81262,0.81281,1.50,1.88
2012.12.03 03:25:06.687,0.81261,0.81279,2.25,1.13
2012.12.03 03:25:07.107,0.81261,0.81275,1.50,1.13
2012.12.03 03:25:07.660,0.8126,0.81272,2.25,2.25
2012.12.03 03:25:11.678,0.81259,0.81274,1.50,2.25
2012.12.03 03:25:12.218,0.81257,0.8127,4.35,1.13
2012.12.03 03:25:12.837,0.81254,0.8127,4.50,2.63
2012.12.03 03:25:27.549,0.81254,0.8127,2.25,2.25
2012.12.03 03:25:32.807,0.81254,0.81268,2.25,1.13
2012.12.03 03:25:32.868,0.81254,0.81268,2.25,1.13
2012.12.03 03:25:33.427,0.81254,0.81268,2.25,3.00
2012.12.03 03:25:33.486,0.81254,0.81267,2.25,1.13
2012.12.03 03:25:34.037,0.81253,0.81266,1.50,2.63
2012.12.03 03:25:34.578,0.81252,0.81263,2.25,1.50
2012.12.03 03:25:35.057,0.8125,0.81264,3.38,2.25
2012.12.03 03:25:40.547,0.8125,0.81264,4.50,1.50
2012.12.03 03:25:42.566,0.8125,0.81264,3.75,1.50
2012.12.03 03:25:50.938,0.8125,0.81264,5.25,1.50
2012.12.03 03:25:54.856,0.81251,0.81266,1.50,3.00
2012.12.03 03:25:55.527,0.81251,0.81265,2.25,1.50
2012.12.03 03:25:58.677,0.81251,0.81266,2.25,3.75
2012.12.03 03:26:13.106,0.81251,0.81266,1.69,3.00
2012.12.03 03:26:14.997,0.81252,0.81266,1.50,1.50
2012.12.03 03:26:18.096,0.81251,0.81266,3.19,1.50
2012.12.03 03:26:20.696,0.81252,0.81266,1.69,1.50
2012.12.03 03:26:23.737,0.81252,0.81266,1.69,1.50
2012.12.03 03:26:29.061,0.81252,0.81266,1.50,1.50
2012.12.03 03:26:32.736,0.81251,0.81265,3.75,1.50
2012.12.03 03:26:33.286,0.81251,0.81266,3.00,1.50
2012.12.03 03:26:46.546,0.81252,0.81265,2.25,1.50
2012.12.03 03:27:07.064,0.81252,0.81265,1.50,1.50
2012.12.03 03:27:35.459,0.81251,0.81268,2.10,1.50
2012.12.03 03:27:42.206,0.81253,0.81267,1.50,1.50
2012.12.03 03:27:42.878,0.81253,0.81267,1.50,2.25
2012.12.03 03:27:47.426,0.81251,0.81267,2.25,2.25
2012.12.03 03:27:49.137,0.81251,0.81266,2.25,1.50
2012.12.03 03:27:49.196,0.81251,0.81266,3.00,2.25
2012.12.03 03:28:16.948,0.81253,0.81266,1.50,2.25
2012.12.03 03:28:17.307,0.81259,0.81269,1.50,1.50
2012.12.03 03:28:17.427,0.81257,0.81271,3.38,3.15
2012.12.03 03:28:17.979,0.81257,0.81271,2.25,1.50
2012.12.03 03:28:27.417,0.81259,0.81271,1.13,1.50
2012.12.03 03:28:27.477,0.8126,0.81274,1.50,2.25
2012.12.03 03:28:27.657,0.81259,0.81273,1.13,1.50
2012.12.03 03:28:27.843,0.81259,0.81274,1.50,2.25
2012.12.03 03:28:27.966,0.81261,0.81274,1.50,1.50
2012.12.03 03:28:28.899,0.81261,0.81274,1.50,1.50
2012.12.03 03:28:29.197,0.81262,0.81276,3.00,2.25
2012.12.03 03:28:29.379,0.81265,0.81276,1.50,1.50
2012.12.03 03:28:29.747,0.81265,0.81277,2.25,1.50
2012.12.03 03:28:29.927,0.81264,0.81277,1.50,1.50
2012.12.03 03:28:30.228,0.81266,0.8128,2.25,2.25
2012.12.03 03:28:33.436,0.81265,0.8128,1.50,3.00
2012.12.03 03:28:33.747,0.81266,0.8128,2.25,1.50
2012.12.03 03:28:50.607,0.81267,0.81281,1.50,2.25
2012.12.03 03:29:26.956,0.81267,0.81281,2.25,3.00
2012.12.03 03:29:33.489,0.81267,0.81281,3.00,3.00
2012.12.03 03:29:33.675,0.81267,0.81281,2.25,3.00
2012.12.03 03:29:33.906,0.81267,0.81281,3.75,3.00
2012.12.03 03:29:55.937,0.81267,0.81281,3.00,2.25
2012.12.03 03:30:01.219,0.81267,0.81281,3.00,2.25
2012.12.03 03:30:01.407,0.81267,0.81281,3.00,2.25
2012.12.03 03:30:01.828,0.81267,0.81281,3.00,1.50
2012.12.03 03:30:02.368,0.8127,0.81282,1.50,1.50
2012.12.03 03:30:02.908,0.8127,0.81284,1.50,1.50
2012.12.03 03:30:03.447,0.81269,0.81283,3.00,3.00
2012.12.03 03:30:04.878,0.81269,0.81283,3.00,3.00
2012.12.03 03:30:05.419,0.8127,0.81281,2.25,1.50
2012.12.03 03:30:05.777,0.81272,0.81282,1.50,1.88
2012.12.03 03:30:05.957,0.81269,0.81282,3.75,1.88
2012.12.03 03:30:06.767,0.8127,0.81282,1.50,1.13
2012.12.03 03:30:09.177,0.81269,0.81281,2.25,1.50
2012.12.03 03:30:12.222,0.81269,0.8128,1.50,1.50
2012.12.03 03:30:12.761,0.81269,0.81282,1.50,1.13
2012.12.03 03:30:15.080,0.81269,0.81283,1.50,3.38
2012.12.03 03:30:15.657,0.81269,0.81282,1.50,1.13
2012.12.03 03:30:16.198,0.81268,0.81281,1.50,1.50
2012.12.03 03:30:16.378,0.81265,0.81279,3.38,1.13
2012.12.03 03:30:20.548,0.81264,0.81279,2.25,1.13
2012.12.03 03:30:22.538,0.81265,0.8128,1.50,3.38
2012.12.03 03:30:23.086,0.81265,0.81279,1.50,1.50
2012.12.03 03:30:32.027,0.81264,0.81279,1.50,2.25
2012.12.03 03:30:34.777,0.81264,0.81278,1.50,1.13
2012.12.03 03:30:35.330,0.81263,0.81276,2.25,1.13
2012.12.03 03:30:35.817,0.81263,0.81275,2.25,1.13
2012.12.03 03:30:40.638,0.81262,0.81276,2.25,3.00
2012.12.03 03:30:44.263,0.81263,0.81277,1.50,1.13
2012.12.03 03:30:52.479,0.81262,0.81275,2.25,1.13
2012.12.03 03:30:53.017,0.81262,0.81276,2.25,1.13
2012.12.03 03:31:08.644,0.81262,0.81277,2.25,1.88
2012.12.03 03:31:12.617,0.81262,0.81275,2.25,1.13
2012.12.03 03:31:27.580,0.81262,0.81274,2.25,1.13
2012.12.03 03:31:33.257,0.81262,0.81274,2.25,1.13
2012.12.03 03:31:34.559,0.81262,0.81274,2.25,1.13
2012.12.03 03:31:35.687,0.81262,0.81274,2.25,1.13
2012.12.03 03:31:37.717,0.81262,0.81276,3.00,3.38
2012.12.03 03:31:47.697,0.81262,0.81276,2.25,2.63
2012.12.03 03:32:10.659,0.81261,0.81274,2.25,1.13
2012.12.03 03:32:29.092,0.81261,0.81275,2.25,2.63
2012.12.03 03:32:47.803,0.81262,0.81275,1.50,1.13
2012.12.03 03:32:48.483,0.81262,0.81274,1.50,1.13
2012.12.03 03:32:49.708,0.81262,0.81276,1.50,3.12
2012.12.03 03:33:06.154,0.81262,0.81276,1.50,2.25
2012.12.03 03:33:15.267,0.81262,0.81276,2.25,2.25
2012.12.03 03:33:19.854,0.81262,0.81276,2.25,2.25
2012.12.03 03:33:34.308,0.81262,0.81276,2.25,2.25
2012.12.03 03:33:39.817,0.81262,0.81278,1.50,2.25
2012.12.03 03:33:46.508,0.81263,0.81277,2.25,1.50
2012.12.03 03:33:47.046,0.81263,0.81277,2.25,1.50
2012.12.03 03:33:53.227,0.81263,0.81277,2.25,1.50
2012.12.03 03:33:53.659,0.81265,0.81279,2.25,2.25
2012.12.03 03:33:53.788,0.81265,0.81279,2.25,2.25
2012.12.03 03:33:55.274,0.81265,0.81279,2.25,3.00
2012.12.03 03:33:55.818,0.81266,0.81278,1.50,1.50
2012.12.03 03:33:56.368,0.81266,0.8128,1.50,3.00
2012.12.03 03:33:57.958,0.81265,0.81278,2.25,1.50
2012.12.03 03:33:58.137,0.81265,0.8128,2.25,1.50
2012.12.03 03:33:58.797,0.81265,0.8128,2.25,2.25
2012.12.03 03:33:59.989,0.81266,0.8128,1.88,2.25
2012.12.03 03:34:01.347,0.81267,0.8128,1.50,1.50
2012.12.03 03:34:06.933,0.81267,0.8128,1.50,1.50
2012.12.03 03:34:48.629,0.81264,0.8128,3.00,4.13
2012.12.03 03:34:48.927,0.81264,0.81278,3.00,3.00
2012.12.03 03:34:52.697,0.81266,0.81278,1.50,1.50
2012.12.03 03:35:00.197,0.81266,0.81278,1.50,1.50
2012.12.03 03:35:00.378,0.81268,0.8128,1.50,2.25
2012.12.03 03:35:06.607,0.81268,0.8128,1.50,1.50
2012.12.03 03:35:07.112,0.81268,0.81281,1.50,1.50
2012.12.03 03:35:20.301,0.81267,0.81281,3.00,1.50
2012.12.03 03:35:42.099,0.81268,0.81281,1.50,1.50
2012.12.03 03:36:00.241,0.81267,0.81281,2.25,1.50
2012.12.03 03:36:04.687,0.81267,0.81281,2.25,1.50
2012.12.03 03:36:06.980,0.81266,0.81282,1.50,1.99
2012.12.03 03:36:08.217,0.81266,0.8128,3.00,1.50
2012.12.03 03:36:09.448,0.81269,0.81282,2.25,1.50
2012.12.03 03:36:09.641,0.81269,0.81285,3.38,3.75
2012.12.03 03:36:09.948,0.81274,0.81286,1.50,3.00
2012.12.03 03:37:20.278,0.81272,0.81287,1.50,1.50
2012.12.03 03:37:21.037,0.81272,0.81286,3.00,2.63
2012.12.03 03:37:22.618,0.81272,0.81286,3.00,2.25
2012.12.03 03:37:24.890,0.81272,0.81286,2.25,2.63
2012.12.03 03:37:25.428,0.81272,0.81284,1.50,1.50
2012.12.03 03:37:25.980,0.8127,0.81284,3.00,1.50
2012.12.03 03:37:38.907,0.81272,0.81286,1.50,2.25
2012.12.03 03:37:51.678,0.81272,0.81286,1.50,1.50
2012.12.03 03:37:52.339,0.81272,0.81288,3.00,3.06
2012.12.03 03:37:54.238,0.81272,0.81287,3.00,1.13
2012.12.03 03:38:02.777,0.81273,0.81287,1.50,1.88
2012.12.03 03:38:05.768,0.81273,0.81287,1.50,1.88
2012.12.03 03:38:06.320,0.81273,0.81287,1.50,1.13
2012.12.03 03:38:09.167,0.81273,0.81287,1.50,1.13
2012.12.03 03:38:09.700,0.81273,0.81287,1.50,1.13
2012.12.03 03:38:11.735,0.81274,0.81288,1.50,2.63
2012.12.03 03:38:12.688,0.81274,0.81288,3.00,2.63
2012.12.03 03:38:13.228,0.81274,0.81288,3.00,2.25
2012.12.03 03:38:13.811,0.81275,0.81289,1.50,3.32
2012.12.03 03:38:21.618,0.81275,0.81288,1.50,1.82
2012.12.03 03:38:25.540,0.81275,0.81288,1.50,1.82
2012.12.03 03:38:26.081,0.81273,0.81287,3.00,1.50
2012.12.03 03:38:26.449,0.81274,0.81289,2.25,2.57
2012.12.03 03:38:27.908,0.81276,0.81289,1.50,1.07
2012.12.03 03:38:39.811,0.81276,0.8129,1.50,2.38
2012.12.03 03:38:40.120,0.81277,0.81288,1.50,1.50
2012.12.03 03:38:40.864,0.81277,0.81291,3.00,3.13
2012.12.03 03:38:41.119,0.81279,0.81291,1.50,1.50
2012.12.03 03:38:41.190,0.81279,0.81293,3.38,1.88
2012.12.03 03:38:41.369,0.81279,0.81295,3.38,3.15
2012.12.03 03:38:41.917,0.81279,0.81295,2.63,3.75
2012.12.03 03:38:42.558,0.81279,0.81295,2.63,3.75
2012.12.03 03:38:49.369,0.81279,0.81295,2.63,3.75
2012.12.03 03:38:52.340,0.81279,0.81295,2.63,3.75
2012.12.03 03:38:52.863,0.81279,0.81295,2.63,3.75
2012.12.03 03:38:56.637,0.81279,0.81295,2.25,3.75
2012.12.03 03:38:57.763,0.81279,0.81295,1.50,4.13
2012.12.03 03:38:58.353,0.81279,0.81293,3.00,1.50
2012.12.03 03:38:58.889,0.8128,0.81294,1.50,2.25
2012.12.03 03:39:02.790,0.81281,0.81293,1.50,2.25
2012.12.03 03:39:13.859,0.81281,0.81295,2.25,3.00
2012.12.03 03:39:14.378,0.81281,0.81295,3.00,2.25
2012.12.03 03:39:14.988,0.81282,0.81295,1.50,1.50
2012.12.03 03:39:36.599,0.81281,0.81295,2.25,3.75
2012.12.03 03:39:37.054,0.81281,0.81295,1.50,3.75
2012.12.03 03:39:37.608,0.81281,0.81295,1.50,3.75
2012.12.03 03:39:37.668,0.81278,0.81294,2.25,2.25
2012.12.03 03:39:54.229,0.81279,0.81293,1.50,1.50
2012.12.03 03:39:57.138,0.81279,0.81293,1.50,1.50
2012.12.03 03:40:01.408,0.81278,0.81292,3.00,1.50
2012.12.03 03:40:30.461,0.8128,0.81294,2.25,2.25
2012.12.03 03:40:30.528,0.81281,0.81294,1.50,1.50
2012.12.03 03:40:30.951,0.81282,0.81294,2.25,1.50
2012.12.03 03:40:31.622,0.81281,0.81294,1.50,1.50
2012.12.03 03:40:37.359,0.81283,0.81294,1.50,1.50
2012.12.03 03:40:37.418,0.81283,0.81297,1.50,2.25
2012.12.03 03:40:37.840,0.81284,0.81298,2.25,2.25
2012.12.03 03:40:38.453,0.81283,0.81297,1.50,1.50
2012.12.03 03:41:05.180,0.81283,0.81296,1.50,1.50
2012.12.03 03:41:28.218,0.81284,0.81296,1.50,1.50
2012.12.03 03:41:33.158,0.81283,0.81296,1.50,1.50
2012.12.03 03:41:36.689,0.81283,0.81296,1.50,1.50
2012.12.03 03:41:38.186,0.81283,0.81296,1.50,1.50
2012.12.03 03:41:47.249,0.81285,0.81297,1.50,2.25
2012.12.03 03:41:48.115,0.81287,0.81297,1.50,1.50
2012.12.03 03:41:48.187,0.81287,0.813,1.50,1.50
2012.12.03 03:41:50.131,0.81286,0.813,1.50,2.25
2012.12.03 03:41:51.303,0.81285,0.813,1.50,3.00
2012.12.03 03:41:51.859,0.81284,0.81298,2.25,1.50
2012.12.03 03:41:56.849,0.81285,0.81298,1.50,2.25
2012.12.03 03:41:57.397,0.81284,0.81298,1.50,3.00
2012.12.03 03:42:00.349,0.81284,0.81298,2.25,3.00
2012.12.03 03:42:05.366,0.81286,0.81298,1.50,2.25
2012.12.03 03:42:05.975,0.81287,0.81298,1.50,1.50
2012.12.03 03:42:12.579,0.81287,0.813,1.50,2.25
2012.12.03 03:42:13.408,0.81287,0.81299,1.50,1.50
2012.12.03 03:42:29.618,0.81285,0.81299,1.13,2.25
2012.12.03 03:42:29.738,0.81284,0.81299,1.35,3.00
2012.12.03 03:42:53.868,0.81284,0.81299,1.50,3.75
2012.12.03 03:43:02.426,0.81284,0.81299,1.50,2.25
2012.12.03 03:43:09.860,0.81285,0.813,1.50,2.74
2012.12.03 03:43:20.186,0.81287,0.81301,1.50,1.13
2012.12.03 03:43:22.928,0.81286,0.813,3.00,2.25
2012.12.03 03:43:36.608,0.81286,0.813,3.00,2.25
2012.12.03 03:43:42.329,0.81287,0.813,1.50,2.25
2012.12.03 03:43:46.169,0.81287,0.81301,1.50,2.25
2012.12.03 03:43:47.329,0.81285,0.81301,3.00,2.25
2012.12.03 03:43:48.023,0.81285,0.813,3.00,1.88
2012.12.03 03:43:48.349,0.81282,0.81295,1.50,1.50
2012.12.03 03:43:48.469,0.81282,0.81295,2.25,1.50
2012.12.03 03:43:48.529,0.81282,0.81297,2.25,1.50
2012.12.03 03:43:49.609,0.81281,0.81297,3.00,2.25
2012.12.03 03:43:50.149,0.81283,0.81297,2.25,4.28
2012.12.03 03:43:50.754,0.81283,0.81296,1.50,1.50
2012.12.03 03:43:50.941,0.81283,0.81297,3.00,2.25
2012.12.03 03:43:51.874,0.81283,0.81297,2.25,2.25
2012.12.03 03:43:52.460,0.81281,0.81296,1.50,3.00
2012.12.03 03:43:54.690,0.81282,0.81296,1.50,1.50
2012.12.03 03:43:56.035,0.81282,0.81297,1.50,3.00
2012.12.03 03:43:57.269,0.81282,0.81297,1.50,1.50
2012.12.03 03:43:57.809,0.8128,0.81296,3.60,2.25
2012.12.03 03:43:58.839,0.8128,0.81296,3.60,2.25
2012.12.03 03:44:01.202,0.81281,0.81296,1.50,2.25
2012.12.03 03:44:01.786,0.8128,0.81294,1.13,2.25
2012.12.03 03:44:16.308,0.81282,0.81294,1.13,1.50
2012.12.03 03:44:25.100,0.8128,0.81294,3.38,1.50
2012.12.03 03:44:27.308,0.8128,0.81294,2.63,2.25
2012.12.03 03:44:29.180,0.8128,0.81294,2.63,2.25
2012.12.03 03:44:29.738,0.8128,0.81294,1.13,2.25
2012.12.03 03:44:41.489,0.8128,0.81294,1.13,3.00
2012.12.03 03:44:42.093,0.81279,0.81292,1.13,1.50
2012.12.03 03:44:42.158,0.81281,0.81292,1.13,1.50
2012.12.03 03:44:42.728,0.81281,0.81293,1.13,1.50
2012.12.03 03:45:01.320,0.81279,0.81294,1.13,3.00
2012.12.03 03:45:01.558,0.81278,0.81292,1.50,1.50
2012.12.03 03:45:03.199,0.81278,0.81291,1.50,1.13
2012.12.03 03:45:03.758,0.81276,0.81291,4.35,1.13
2012.12.03 03:45:42.761,0.81276,0.81292,3.00,2.63
2012.12.03 03:45:43.308,0.81275,0.8129,3.00,1.54
2012.12.03 03:45:43.858,0.81275,0.81288,1.50,1.50
2012.12.03 03:45:44.435,0.81275,0.8129,1.50,3.04
2012.12.03 03:46:14.053,0.81276,0.8129,1.13,2.63
2012.12.03 03:46:24.001,0.81278,0.8129,1.13,2.25
2012.12.03 03:46:34.369,0.81276,0.8129,3.75,2.25
2012.12.03 03:46:34.429,0.81276,0.8129,3.75,1.50
2012.12.03 03:46:34.489,0.81276,0.81292,3.75,3.75
2012.12.03 03:46:36.609,0.81279,0.81295,3.00,3.75
2012.12.03 03:46:37.149,0.8128,0.81295,1.50,2.25
2012.12.03 03:46:40.480,0.81281,0.81295,1.50,2.25
2012.12.03 03:46:41.021,0.81284,0.81296,1.50,1.50
2012.12.03 03:46:41.580,0.81285,0.81299,2.25,5.25
2012.12.03 03:46:41.699,0.81284,0.81299,1.50,3.00
2012.12.03 03:46:47.722,0.81285,0.81299,2.25,2.25
2012.12.03 03:46:53.138,0.81285,0.81299,2.25,2.25
2012.12.03 03:46:56.520,0.81283,0.81299,3.00,2.63
2012.12.03 03:47:14.239,0.81283,0.81297,3.00,2.25
2012.12.03 03:47:14.749,0.81283,0.81297,2.25,2.25
2012.12.03 03:47:17.990,0.81283,0.81296,2.25,1.13
2012.12.03 03:47:18.769,0.8128,0.81294,3.75,2.25
2012.12.03 03:47:19.629,0.8128,0.81294,3.75,2.25
2012.12.03 03:47:20.142,0.81281,0.81294,1.50,2.25
2012.12.03 03:47:28.859,0.81282,0.81296,1.50,2.63
2012.12.03 03:47:31.818,0.81281,0.81295,3.00,2.25
2012.12.03 03:47:36.640,0.81281,0.81295,3.75,2.25
2012.12.03 03:47:46.688,0.81281,0.81295,2.25,3.00
2012.12.03 03:48:02.347,0.81281,0.81295,2.25,3.00
2012.12.03 03:48:20.467,0.81281,0.81295,3.00,2.25
2012.12.03 03:48:39.198,0.81281,0.81297,1.50,2.89
2012.12.03 03:48:41.078,0.81281,0.81297,1.50,2.89
2012.12.03 03:48:45.329,0.81281,0.81293,1.50,1.50
2012.12.03 03:48:47.399,0.8128,0.81292,1.50,1.50
2012.12.03 03:48:47.459,0.81279,0.81292,1.50,3.00
2012.12.03 03:48:47.699,0.81279,0.81289,1.50,1.50
2012.12.03 03:48:56.673,0.81277,0.81289,1.50,2.25
2012.12.03 03:49:00.980,0.81278,0.81289,1.50,1.50
2012.12.03 03:49:10.984,0.81278,0.81289,1.50,1.50
2012.12.03 03:49:11.669,0.81278,0.81289,1.50,1.50
2012.12.03 03:49:18.620,0.81278,0.81289,1.50,1.50
2012.12.03 03:49:20.249,0.81278,0.81289,1.50,1.50
2012.12.03 03:49:31.599,0.81276,0.81288,1.50,1.50
2012.12.03 03:49:58.189,0.81275,0.81288,1.50,1.88
2012.12.03 03:49:58.309,0.81275,0.81288,1.50,1.50
2012.12.03 03:49:58.429,0.81275,0.81288,1.50,1.88
2012.12.03 03:49:58.671,0.81276,0.81288,1.50,1.50
2012.12.03 03:50:07.869,0.81278,0.81288,1.50,1.50
2012.12.03 03:50:07.929,0.81279,0.81288,1.50,1.50
2012.12.03 03:50:08.240,0.81279,0.81291,1.50,1.50
2012.12.03 03:50:08.719,0.81279,0.81293,2.25,2.25
2012.12.03 03:50:14.159,0.8128,0.81293,1.50,2.25
2012.12.03 03:50:14.460,0.81282,0.81293,1.50,1.50
2012.12.03 03:50:14.999,0.81279,0.81293,2.63,1.50
2012.12.03 03:50:15.120,0.81278,0.81293,2.25,2.63
2012.12.03 03:50:15.429,0.81276,0.8129,1.50,1.50
2012.12.03 03:50:22.599,0.81276,0.8129,2.25,1.50
2012.12.03 03:50:22.900,0.8128,0.81292,2.25,1.50
2012.12.03 03:50:23.451,0.81282,0.81293,1.50,1.50
2012.12.03 03:50:24.009,0.81282,0.81294,1.50,1.50
2012.12.03 03:50:34.300,0.8128,0.81294,3.00,1.50
2012.12.03 03:50:49.189,0.81278,0.81293,2.85,1.50
2012.12.03 03:50:51.170,0.81278,0.81293,3.60,1.50
2012.12.03 03:50:54.457,0.81281,0.81293,1.50,1.50
2012.12.03 03:50:57.319,0.81281,0.81293,1.50,1.50
2012.12.03 03:51:09.409,0.81281,0.81294,1.50,1.50
2012.12.03 03:51:13.708,0.81281,0.81294,1.50,1.50
2012.12.03 03:51:15.969,0.81281,0.81294,1.50,1.50
2012.12.03 03:51:20.307,0.81281,0.81294,1.50,1.50
2012.12.03 03:52:00.279,0.81283,0.81294,1.50,1.50
2012.12.03 03:52:00.701,0.81285,0.81295,1.50,1.50
2012.12.03 03:52:00.760,0.81285,0.81297,1.50,3.60
2012.12.03 03:52:27.669,0.81283,0.81297,2.25,2.25
2012.12.03 03:52:27.969,0.81282,0.81295,1.50,1.50
2012.12.03 03:52:28.450,0.81281,0.81295,1.50,2.25
2012.12.03 03:52:28.969,0.81281,0.81294,1.50,1.50
2012.12.03 03:52:31.909,0.8128,0.81294,1.50,1.50
2012.12.03 03:52:38.639,0.81279,0.81294,1.50,2.25
2012.12.03 03:52:38.880,0.8128,0.81294,1.50,2.25
2012.12.03 03:52:39.419,0.81282,0.81294,1.50,1.50
2012.12.03 03:52:39.979,0.81282,0.81294,1.50,1.50
2012.12.03 03:53:00.220,0.81281,0.81294,1.50,2.25
2012.12.03 03:53:00.809,0.8128,0.81294,1.50,1.50
2012.12.03 03:53:01.049,0.81279,0.81294,1.50,3.38
2012.12.03 03:53:05.079,0.81279,0.81294,1.50,3.38
2012.12.03 03:53:09.683,0.81279,0.81291,1.50,1.50
2012.12.03 03:53:11.480,0.81279,0.81293,1.50,2.25
2012.12.03 03:53:20.346,0.81281,0.81293,1.50,1.50
2012.12.03 03:53:38.959,0.81281,0.81293,1.50,1.50
2012.12.03 03:53:47.188,0.81281,0.81293,1.50,1.50
2012.12.03 03:53:47.861,0.81282,0.81293,1.50,1.50
2012.12.03 03:53:48.579,0.81282,0.81293,1.50,1.50
2012.12.03 03:54:04.663,0.81282,0.81295,1.50,1.50
2012.12.03 03:54:10.600,0.81282,0.81295,1.50,1.50
2012.12.03 03:55:10.716,0.81281,0.81295,3.00,1.50
2012.12.03 03:55:15.789,0.81281,0.81295,2.25,1.50
2012.12.03 03:55:16.160,0.81279,0.81292,1.50,1.50
2012.12.03 03:56:03.440,0.81278,0.81293,2.25,2.25
2012.12.03 03:56:03.560,0.81278,0.81292,2.25,1.50
2012.12.03 03:56:03.620,0.81278,0.81293,2.25,2.25
2012.12.03 03:56:03.980,0.81277,0.81291,2.44,1.50
2012.12.03 03:56:04.881,0.81277,0.81291,1.50,1.50
2012.12.03 03:56:05.422,0.81277,0.81291,1.50,1.50
2012.12.03 03:56:29.141,0.81276,0.81291,1.50,2.63
2012.12.03 03:56:29.201,0.81275,0.8129,2.63,1.50
2012.12.03 03:56:29.440,0.81275,0.81287,1.88,1.50
2012.12.03 03:56:29.681,0.81273,0.81287,3.60,3.00
2012.12.03 03:56:29.981,0.81272,0.81286,1.50,1.20
2012.12.03 03:56:30.288,0.81273,0.81287,3.75,1.95
2012.12.03 03:56:30.590,0.81273,0.81287,3.00,1.50
2012.12.03 03:56:31.112,0.81276,0.81287,1.50,1.88
2012.12.03 03:56:31.363,0.81277,0.8129,1.50,1.88
2012.12.03 03:56:31.436,0.81276,0.8129,3.00,1.50
2012.12.03 03:56:41.240,0.81278,0.8129,1.50,1.50
2012.12.03 03:56:41.300,0.81278,0.81292,1.50,2.25
2012.12.03 03:56:41.420,0.81279,0.81292,1.50,1.50
2012.12.03 03:56:41.932,0.81279,0.81293,3.00,1.50
2012.12.03 03:56:43.476,0.8128,0.81294,2.25,3.00
2012.12.03 03:56:45.081,0.8128,0.81293,1.50,1.13
2012.12.03 03:56:45.202,0.81277,0.81292,3.00,2.25
2012.12.03 03:56:45.580,0.81279,0.81293,1.50,2.25
2012.12.03 03:56:50.810,0.81277,0.81292,3.75,1.13
2012.12.03 03:56:51.357,0.81276,0.81291,4.35,1.50
2012.12.03 03:56:51.920,0.81276,0.8129,3.00,2.25
2012.12.03 03:56:54.271,0.81276,0.8129,2.25,2.25
2012.12.03 03:57:01.193,0.81276,0.8129,2.25,2.25
2012.12.03 03:57:01.751,0.81277,0.81291,2.25,2.25
2012.12.03 03:57:02.302,0.81277,0.81291,2.25,2.25
2012.12.03 03:57:13.290,0.81277,0.81291,2.25,2.25
2012.12.03 03:57:18.152,0.81277,0.81291,3.00,1.50
2012.12.03 03:57:18.210,0.81277,0.81291,3.00,1.50
2012.12.03 03:57:18.759,0.8128,0.81294,1.50,3.00
2012.12.03 03:57:20.319,0.81279,0.81294,3.00,2.25
2012.12.03 03:57:23.898,0.8128,0.81295,1.50,3.00
2012.12.03 03:57:24.682,0.8128,0.81294,1.50,1.50
2012.12.03 03:57:25.040,0.81277,0.81292,1.50,2.25
2012.12.03 03:57:25.400,0.81274,0.8129,2.25,2.25
2012.12.03 03:57:26.031,0.81274,0.8129,2.25,3.00
2012.12.03 03:57:26.540,0.81274,0.8129,2.25,2.25
2012.12.03 03:58:11.594,0.81277,0.81291,1.88,1.50
2012.12.03 03:58:11.962,0.8128,0.81294,4.50,1.50
2012.12.03 03:58:12.024,0.81283,0.81297,1.50,3.75
2012.12.03 03:58:12.742,0.81283,0.81297,2.25,3.00
2012.12.03 03:58:21.981,0.81283,0.81296,2.25,1.50
2012.12.03 03:58:27.701,0.81283,0.81296,2.25,1.50
2012.12.03 03:58:30.030,0.81283,0.81297,2.25,3.75
2012.12.03 03:58:30.700,0.81283,0.81297,2.25,3.00
2012.12.03 03:58:32.540,0.81281,0.81297,3.00,2.25
2012.12.03 03:58:46.305,0.81282,0.81297,1.50,2.25
2012.12.03 03:59:00.390,0.81282,0.81297,1.50,3.00
2012.12.03 03:59:00.873,0.81281,0.81294,2.25,1.13
2012.12.03 03:59:00.941,0.81282,0.81294,2.25,1.13
2012.12.03 03:59:03.922,0.81282,0.81294,2.25,1.13
2012.12.03 03:59:03.990,0.81282,0.81296,2.25,2.63
2012.12.03 03:59:06.772,0.81282,0.81296,2.25,2.63
2012.12.03 03:59:06.832,0.81282,0.81296,3.00,1.50
2012.12.03 03:59:06.962,0.81283,0.81299,2.25,2.25
2012.12.03 03:59:07.270,0.81285,0.81301,2.25,2.25
2012.12.03 03:59:07.330,0.81285,0.81301,2.25,2.25
2012.12.03 03:59:12.469,0.81285,0.813,2.25,1.50
2012.12.03 03:59:12.530,0.81285,0.81301,2.25,2.25
2012.12.03 03:59:19.740,0.81285,0.81301,2.25,2.25
2012.12.03 03:59:20.289,0.81285,0.81301,2.25,2.25
2012.12.03 03:59:23.700,0.81285,0.81301,2.25,2.25
2012.12.03 03:59:24.140,0.81285,0.81301,2.25,2.25
2012.12.03 03:59:32.860,0.81287,0.81301,3.00,2.25
2012.12.03 03:59:37.676,0.81288,0.81302,2.25,1.13
2012.12.03 03:59:38.040,0.81288,0.81302,2.25,1.13
2012.12.03 03:59:38.100,0.8129,0.81304,1.50,1.50
2012.12.03 03:59:38.640,0.81293,0.81306,2.25,1.50
2012.12.03 03:59:39.190,0.81293,0.81306,2.25,2.25
2012.12.03 03:59:41.349,0.81291,0.81305,1.50,3.00
2012.12.03 03:59:42.511,0.81291,0.81304,1.50,1.50
2012.12.03 03:59:42.810,0.81289,0.81305,3.00,3.38
2012.12.03 03:59:43.050,0.81289,0.81303,2.25,3.75
2012.12.03 03:59:43.602,0.81289,0.81303,3.00,3.75
2012.12.03 03:59:47.500,0.81289,0.81303,2.25,3.75
2012.12.03 03:59:49.370,0.81289,0.81303,3.00,3.75
2012.12.03 03:59:58.101,0.81289,0.81303,3.00,2.25
