2007.07.09 17:00:01.943,0.67555,0.67565,0.80,8.00
2007.07.09 17:00:01.961,0.67555,0.6756,0.80,4.00
2007.07.09 17:00:02.035,0.67555,0.6756,0.80,6.40
2007.07.09 17:00:02.817,0.67555,0.6756,0.80,4.00
2007.07.09 17:00:06.464,0.67555,0.67565,0.80,4.80
2007.07.09 17:00:07.191,0.67555,0.67565,1.60,4.80
2007.07.09 17:00:07.333,0.67555,0.67565,2.40,4.80
2007.07.09 17:00:07.725,0.67555,0.67565,4.00,3.20
2007.07.09 17:00:08.661,0.67555,0.67565,6.40,3.20
2007.07.09 17:00:10.838,0.67555,0.67565,6.40,2.40
2007.07.09 17:00:11.350,0.67555,0.67565,4.00,2.40
2007.07.09 17:00:11.457,0.67555,0.67565,6.40,2.40
2007.07.09 17:00:34.255,0.67555,0.67565,4.00,2.40
2007.07.09 17:00:42.065,0.67555,0.6756,4.00,2.40
2007.07.09 17:00:42.300,0.67555,0.6756,2.40,2.40
2007.07.09 17:00:42.771,0.67555,0.67565,2.40,4.80
2007.07.09 17:00:43.063,0.67555,0.67565,4.00,4.80
2007.07.09 17:00:43.852,0.67555,0.67565,4.00,3.20
2007.07.09 17:00:49.053,0.67555,0.67565,3.20,3.20
2007.07.09 17:00:49.251,0.67555,0.67565,0.80,4.80
2007.07.09 17:00:49.738,0.67555,0.67565,0.80,3.20
2007.07.09 17:00:50.487,0.67555,0.67565,0.80,4.80
2007.07.09 17:01:00.980,0.67555,0.67565,0.80,3.20
2007.07.09 17:01:01.998,0.67555,0.67565,0.80,4.80
2007.07.09 17:01:02.767,0.67555,0.67565,2.40,3.20
2007.07.09 17:01:03.538,0.67555,0.67565,0.80,4.80
2007.07.09 17:01:04.551,0.67555,0.67565,0.80,3.20
2007.07.09 17:01:05.360,0.67555,0.67565,2.40,3.20
2007.07.09 17:01:06.106,0.67555,0.67565,0.80,3.20
2007.07.09 17:01:08.913,0.67555,0.67565,2.40,3.20
2007.07.09 17:01:09.398,0.67555,0.67565,0.80,3.20
2007.07.09 17:01:10.211,0.67555,0.67565,2.40,3.20
2007.07.09 17:01:15.530,0.67555,0.67565,0.80,3.20
2007.07.09 17:01:17.362,0.67555,0.67565,2.40,3.20
2007.07.09 17:01:17.563,0.67555,0.67565,4.00,3.20
2007.07.09 17:01:18.483,0.6756,0.67565,2.40,3.20
2007.07.09 17:01:18.537,0.6756,0.67565,10.40,3.20
2007.07.09 17:01:19.198,0.6756,0.67565,8.00,3.20
2007.07.09 17:01:19.268,0.67555,0.67565,2.40,3.20
2007.07.09 17:01:19.406,0.67555,0.67565,3.20,3.20
2007.07.09 17:01:19.462,0.67555,0.67565,2.40,4.80
2007.07.09 17:01:19.728,0.6756,0.67565,2.40,4.80
2007.07.09 17:01:19.793,0.6756,0.67565,10.40,4.80
2007.07.09 17:01:19.821,0.6756,0.67565,10.40,4.00
2007.07.09 17:01:20.235,0.6756,0.67565,8.00,4.00
2007.07.09 17:01:20.307,0.67555,0.67565,1.60,4.00
2007.07.09 17:01:20.332,0.67555,0.67565,2.40,2.40
2007.07.09 17:01:20.846,0.67555,0.67565,2.40,3.20
2007.07.09 17:01:20.863,0.67555,0.67565,0.80,3.20
2007.07.09 17:01:21.620,0.67555,0.67565,2.40,3.20
2007.07.09 17:01:26.936,0.67555,0.67565,0.80,3.20
2007.07.09 17:01:27.019,0.67555,0.67565,0.80,2.40
2007.07.09 17:01:27.842,0.67555,0.67565,0.80,3.20
2007.07.09 17:01:29.011,0.67555,0.67565,0.80,4.80
2007.07.09 17:01:42.038,0.67555,0.67565,2.40,4.80
2007.07.09 17:01:44.616,0.67555,0.67565,2.40,3.20
2007.07.09 17:01:50.146,0.67555,0.6757,2.40,65.50
2007.07.09 17:02:13.119,0.67555,0.67565,0.80,0.60
2007.07.09 17:02:14.114,0.67555,0.6757,0.80,68.70
2007.07.09 17:02:20.534,0.67555,0.67565,0.80,5.60
2007.07.09 17:02:20.595,0.67555,0.6756,0.80,8.00
2007.07.09 17:02:20.704,0.67555,0.6756,0.80,12.00
2007.07.09 17:02:20.736,0.67555,0.6756,0.80,16.80
2007.07.09 17:02:37.217,0.67555,0.6756,0.80,24.70
2007.07.09 17:02:37.297,0.67555,0.6756,0.80,32.70
2007.07.09 17:02:37.345,0.6755,0.67555,30.60,2.40
2007.07.09 17:02:37.516,0.6755,0.67555,27.40,2.40
2007.07.09 17:02:37.620,0.6755,0.67555,35.30,2.40
2007.07.09 17:02:37.714,0.6755,0.67555,46.50,2.40
2007.07.09 17:02:37.754,0.6755,0.67555,44.90,2.40
2007.07.09 17:02:38.062,0.6755,0.6756,44.90,16.80
2007.07.09 17:02:40.162,0.6755,0.6756,36.90,16.80
2007.07.09 17:02:40.266,0.6755,0.6756,33.70,16.80
2007.07.09 17:02:57.685,0.6755,0.6756,32.70,16.80
2007.07.09 17:03:04.199,0.6755,0.6756,32.70,17.60
2007.07.09 17:03:04.468,0.6755,0.6756,9.00,17.60
2007.07.09 17:03:04.706,0.67545,0.6756,42.60,16.80
2007.07.09 17:03:04.744,0.6755,0.6756,6.20,16.80
2007.07.09 17:03:04.831,0.67545,0.6756,52.20,16.80
2007.07.09 17:03:05.214,0.6755,0.6756,3.40,17.60
2007.07.09 17:03:15.823,0.67545,0.6756,52.20,16.80
2007.07.09 17:03:55.150,0.6755,0.6756,40.70,16.80
2007.07.09 17:03:55.220,0.6755,0.6756,39.90,16.80
2007.07.09 17:03:57.683,0.6755,0.6756,31.90,16.80
2007.07.09 17:03:57.778,0.6755,0.6756,39.90,16.80
2007.07.09 17:04:26.495,0.6755,0.6756,30.30,16.80
2007.07.09 17:04:26.792,0.6755,0.6756,30.30,17.60
2007.07.09 17:04:27.081,0.6755,0.6756,28.70,17.60
2007.07.09 17:04:44.343,0.6755,0.6756,28.70,19.20
2007.07.09 17:04:44.529,0.6755,0.6756,28.70,20.80
2007.07.09 17:04:45.745,0.6755,0.6756,28.70,19.20
2007.07.09 17:04:45.806,0.6755,0.6756,28.70,17.60
2007.07.09 17:04:50.862,0.6755,0.6756,28.70,19.20
2007.07.09 17:04:50.975,0.6755,0.6756,28.70,20.80
2007.07.09 17:04:51.361,0.6755,0.6756,28.70,19.20
2007.07.09 17:04:51.737,0.6755,0.6756,28.70,17.60
2007.07.09 17:04:51.975,0.6755,0.6756,28.70,19.20
2007.07.09 17:04:53.181,0.6755,0.6756,28.70,20.80
2007.07.09 17:04:57.978,0.67545,0.6756,41.80,20.80
2007.07.09 17:05:35.447,0.6755,0.6756,20.80,28.70
2007.07.09 17:05:35.666,0.6755,0.6756,20.80,36.70
2007.07.09 17:05:35.819,0.6755,0.67555,20.80,2.40
2007.07.09 17:05:35.954,0.6755,0.67555,19.20,2.40
2007.07.09 17:05:36.072,0.6755,0.67555,11.20,2.40
2007.07.09 17:05:38.550,0.6755,0.67555,19.20,2.40
2007.07.09 17:05:45.041,0.6755,0.67555,20.80,2.40
2007.07.09 17:05:45.114,0.6755,0.6756,20.80,37.50
2007.07.09 17:05:45.137,0.6755,0.6756,20.80,30.30
2007.07.09 17:05:45.207,0.6755,0.6756,20.80,31.10
2007.07.09 17:05:45.244,0.6755,0.6756,20.80,31.90
2007.07.09 17:05:45.318,0.6755,0.6756,20.80,32.70
2007.07.09 17:05:45.356,0.6755,0.6756,20.80,31.90
2007.07.09 17:05:45.436,0.6755,0.6756,20.80,31.10
2007.07.09 17:05:45.644,0.6755,0.6756,20.80,30.30
2007.07.09 17:05:45.682,0.6755,0.6756,20.80,29.50
2007.07.09 17:05:45.977,0.6755,0.6756,20.80,27.90
2007.07.09 17:05:46.001,0.6755,0.6756,20.80,25.50
2007.07.09 17:05:46.365,0.6755,0.6756,20.80,26.30
2007.07.09 17:05:46.492,0.6755,0.6756,20.80,28.70
2007.07.09 17:05:46.548,0.6755,0.6756,20.80,31.10
2007.07.09 17:05:46.597,0.6755,0.6756,20.80,29.50
2007.07.09 17:05:46.858,0.6755,0.6756,20.80,28.70
2007.07.09 17:05:46.915,0.6755,0.6756,11.20,28.70
2007.07.09 17:05:47.231,0.6755,0.6756,11.20,29.50
2007.07.09 17:05:47.300,0.6755,0.6756,11.20,30.30
2007.07.09 17:05:47.307,0.6755,0.6756,11.20,31.10
2007.07.09 17:05:47.328,0.6755,0.6756,19.20,31.10
2007.07.09 17:05:47.404,0.6755,0.6756,19.20,30.30
2007.07.09 17:05:47.445,0.6755,0.6756,20.80,29.50
2007.07.09 17:05:47.541,0.6755,0.6756,20.80,28.70
2007.07.09 17:05:51.541,0.6755,0.6756,20.80,36.70
2007.07.09 17:05:51.951,0.6755,0.6756,19.20,36.70
2007.07.09 17:05:53.288,0.6755,0.6756,20.80,36.70
2007.07.09 17:05:53.808,0.6755,0.6756,19.20,36.70
2007.07.09 17:05:55.858,0.6755,0.6756,20.80,36.70
2007.07.09 17:06:00.650,0.6755,0.6756,19.20,36.70
2007.07.09 17:06:01.034,0.6755,0.6756,20.80,36.70
2007.07.09 17:06:20.609,0.6755,0.6756,19.20,36.70
2007.07.09 17:06:23.598,0.6755,0.6756,18.40,36.70
2007.07.09 17:06:23.655,0.6755,0.6756,10.40,36.70
2007.07.09 17:06:25.606,0.6755,0.6756,10.40,44.70
2007.07.09 17:06:25.626,0.6755,0.6756,10.40,48.70
2007.07.09 17:06:25.682,0.6755,0.6756,8.00,53.50
2007.07.09 17:06:25.717,0.67545,0.6756,5.10,55.10
2007.07.09 17:06:25.788,0.67545,0.67555,5.10,2.40
2007.07.09 17:06:26.084,0.6755,0.67555,2.40,2.40
2007.07.09 17:06:26.114,0.6755,0.67555,10.40,2.40
2007.07.09 17:06:31.469,0.6755,0.6756,10.40,57.50
2007.07.09 17:06:38.844,0.6755,0.67555,18.40,0.60
2007.07.09 17:06:38.939,0.6755,0.67555,21.00,0.50
2007.07.09 17:06:38.956,0.6755,0.67555,21.00,0.50
2007.07.09 17:06:39.035,0.6755,0.6756,18.40,49.60
2007.07.09 17:06:39.141,0.6755,0.67555,20.80,0.70
2007.07.09 17:06:39.207,0.6755,0.67555,20.80,0.90
2007.07.09 17:06:39.345,0.6755,0.67555,21.60,0.70
2007.07.09 17:06:39.658,0.6755,0.67555,19.20,0.70
2007.07.09 17:06:39.667,0.6755,0.6756,27.10,17.60
2007.07.09 17:06:39.910,0.6755,0.6756,28.10,19.20
2007.07.09 17:06:40.371,0.6755,0.67565,28.10,40.00
2007.07.09 17:06:40.393,0.6755,0.6756,27.10,0.70
2007.07.09 17:06:40.592,0.6755,0.6756,28.70,0.90
2007.07.09 17:06:41.675,0.6755,0.6756,28.70,0.80
2007.07.09 17:06:43.838,0.6755,0.6756,27.10,0.60
2007.07.09 17:06:44.139,0.6755,0.6756,11.20,0.50
2007.07.09 17:06:44.312,0.6755,0.67565,8.00,48.70
2007.07.09 17:06:44.345,0.67545,0.67565,5.90,48.70
2007.07.09 17:06:44.426,0.67545,0.67555,5.90,0.80
2007.07.09 17:06:46.966,0.6755,0.67555,8.00,0.90
2007.07.09 17:06:47.192,0.6755,0.67555,10.40,0.80
2007.07.09 17:06:47.293,0.6755,0.67555,18.40,0.50
2007.07.09 17:06:47.902,0.6755,0.6756,10.40,35.10
2007.07.09 17:07:11.027,0.6755,0.67555,18.40,2.40
2007.07.09 17:07:11.926,0.6755,0.67555,10.40,2.40
2007.07.09 17:07:16.730,0.6755,0.67555,8.00,2.40
2007.07.09 17:07:16.961,0.67545,0.67555,7.50,2.40
2007.07.09 17:07:18.663,0.6755,0.67555,8.00,2.40
2007.07.09 17:07:18.683,0.6755,0.67555,10.40,2.40
2007.07.09 17:07:19.168,0.6755,0.67555,18.40,2.40
2007.07.09 17:07:19.290,0.6755,0.67555,19.20,2.40
2007.07.09 17:07:19.910,0.6755,0.67555,18.40,2.40
2007.07.09 17:07:20.212,0.6755,0.67555,19.20,2.40
2007.07.09 17:07:21.843,0.6755,0.67555,11.20,2.40
2007.07.09 17:07:28.660,0.6755,0.67555,19.20,2.40
2007.07.09 17:07:28.758,0.6755,0.67555,20.80,2.40
2007.07.09 17:07:29.376,0.6755,0.67555,19.20,2.40
2007.07.09 17:07:32.194,0.6755,0.67555,11.20,2.40
2007.07.09 17:07:35.254,0.6755,0.67555,10.40,2.40
2007.07.09 17:07:35.771,0.6755,0.67555,8.00,2.40
2007.07.09 17:07:35.801,0.6755,0.67555,8.00,0.90
2007.07.09 17:07:35.876,0.67545,0.6756,5.10,51.90
2007.07.09 17:07:35.970,0.67545,0.67555,4.30,0.50
2007.07.09 17:07:36.001,0.67545,0.6756,1.90,63.90
2007.07.09 17:07:36.299,0.6755,0.6756,2.40,64.30
2007.07.09 17:07:36.421,0.6755,0.67555,10.40,0.80
2007.07.09 17:07:36.802,0.6755,0.6756,10.40,51.90
2007.07.09 17:07:47.953,0.6755,0.67555,18.40,2.40
2007.07.09 17:07:53.381,0.6755,0.6756,18.40,49.50
2007.07.09 17:08:01.277,0.6755,0.6756,19.20,47.10
2007.07.09 17:08:07.878,0.6755,0.67555,20.80,0.80
2007.07.09 17:08:12.765,0.6755,0.67555,28.70,0.70
2007.07.09 17:08:12.851,0.6755,0.67555,35.90,0.80
2007.07.09 17:08:12.914,0.6755,0.6756,37.50,0.80
2007.07.09 17:08:13.181,0.6755,0.67565,45.50,25.60
2007.07.09 17:08:14.654,0.6755,0.67565,45.50,23.20
2007.07.09 17:08:14.840,0.6755,0.6756,45.50,0.70
2007.07.09 17:08:14.925,0.6755,0.67565,46.40,13.60
2007.07.09 17:08:14.961,0.6755,0.67565,46.40,12.00
2007.07.09 17:08:15.052,0.6755,0.67565,46.40,0.80
2007.07.09 17:08:15.143,0.6755,0.6757,47.20,76.60
2007.07.09 17:08:15.165,0.6755,0.6757,48.00,75.80
2007.07.09 17:08:15.317,0.6755,0.6757,48.80,77.40
2007.07.09 17:08:22.679,0.6755,0.6756,48.00,2.40
2007.07.09 17:08:22.783,0.6755,0.6756,47.20,2.40
2007.07.09 17:08:22.847,0.6755,0.6756,46.40,2.40
2007.07.09 17:08:22.867,0.6755,0.6756,46.40,10.40
2007.07.09 17:08:23.278,0.6755,0.6756,45.50,10.40
2007.07.09 17:08:23.355,0.6755,0.6756,45.50,11.20
2007.07.09 17:08:23.797,0.6755,0.6756,45.50,12.80
2007.07.09 17:08:23.908,0.6755,0.6756,45.50,14.40
2007.07.09 17:08:25.313,0.6755,0.6756,45.50,12.80
2007.07.09 17:08:25.450,0.6755,0.6756,45.50,11.20
2007.07.09 17:08:25.824,0.6755,0.6756,45.50,12.80
2007.07.09 17:08:26.242,0.6755,0.6756,45.50,14.40
2007.07.09 17:08:27.652,0.6755,0.6756,45.50,12.00
2007.07.09 17:08:27.784,0.6755,0.6756,45.50,2.40
2007.07.09 17:08:27.981,0.6755,0.6756,46.30,2.40
2007.07.09 17:08:28.056,0.6755,0.6756,46.30,0.80
2007.07.09 17:08:29.321,0.6755,0.6756,46.30,3.20
2007.07.09 17:08:29.332,0.6755,0.6756,46.30,11.20
2007.07.09 17:08:29.552,0.6755,0.6756,45.50,11.20
2007.07.09 17:08:33.313,0.6755,0.6756,45.50,10.40
2007.07.09 17:08:40.892,0.6755,0.6756,45.80,10.40
2007.07.09 17:08:40.993,0.6755,0.6756,45.50,10.40
2007.07.09 17:08:42.703,0.6755,0.6756,13.50,10.40
2007.07.09 17:08:45.249,0.67545,0.6756,61.00,10.40
2007.07.09 17:08:45.358,0.6755,0.6756,25.80,2.40
2007.07.09 17:08:45.458,0.6755,0.67565,4.90,7.20
2007.07.09 17:08:46.790,0.67545,0.67565,78.60,4.80
2007.07.09 17:08:51.308,0.67545,0.6756,78.60,2.40
2007.07.09 17:08:51.400,0.6755,0.6756,14.50,2.40
2007.07.09 17:08:51.573,0.67545,0.6756,74.60,10.40
2007.07.09 17:08:51.627,0.67545,0.6756,72.20,12.80
2007.07.09 17:08:53.359,0.67545,0.6756,69.80,13.60
2007.07.09 17:08:53.410,0.67545,0.6756,68.20,15.20
2007.07.09 17:08:53.457,0.67545,0.6756,68.20,16.80
2007.07.09 17:08:53.853,0.67545,0.6756,69.80,15.20
2007.07.09 17:08:54.261,0.67545,0.6756,69.80,13.60
2007.07.09 17:08:54.448,0.67545,0.6756,70.60,13.60
2007.07.09 17:08:55.769,0.67545,0.6756,68.20,13.60
2007.07.09 17:08:56.016,0.6755,0.6756,13.60,13.60
2007.07.09 17:08:56.802,0.67545,0.6756,70.60,13.60
2007.07.09 17:08:59.877,0.67545,0.6756,69.80,16.80
2007.07.09 17:09:05.243,0.67545,0.6756,68.20,16.80
2007.07.09 17:09:05.416,0.6755,0.6756,9.00,16.80
2007.07.09 17:09:07.309,0.67545,0.6756,65.80,16.80
2007.07.09 17:09:18.487,0.6755,0.6756,50.30,15.20
2007.07.09 17:09:18.497,0.6755,0.6756,51.90,13.60
2007.07.09 17:09:20.428,0.6755,0.6756,53.50,12.80
2007.07.09 17:09:23.462,0.6755,0.6756,53.50,13.60
2007.07.09 17:09:23.653,0.6755,0.6756,51.90,13.60
2007.07.09 17:09:23.803,0.6755,0.6756,50.30,15.20
2007.07.09 17:09:24.168,0.6755,0.6756,50.30,16.80
2007.07.09 17:09:26.219,0.6755,0.6756,51.90,16.80
2007.07.09 17:09:26.829,0.6755,0.6756,50.30,16.80
2007.07.09 17:09:32.429,0.6755,0.6756,51.90,15.20
2007.07.09 17:09:32.570,0.6755,0.6756,51.90,13.60
2007.07.09 17:09:32.646,0.6755,0.6756,54.30,13.60
2007.07.09 17:09:32.849,0.6755,0.6756,51.90,13.60
2007.07.09 17:09:32.954,0.6755,0.6756,51.90,12.80
2007.07.09 17:09:33.157,0.6755,0.6756,54.30,12.80
2007.07.09 17:09:33.321,0.6755,0.6756,55.90,12.80
2007.07.09 17:09:33.359,0.6755,0.6756,53.50,12.80
2007.07.09 17:09:33.465,0.6755,0.6756,55.90,12.80
2007.07.09 17:09:42.402,0.6755,0.6756,53.50,12.80
2007.07.09 17:09:42.438,0.6755,0.6756,51.90,14.40
2007.07.09 17:09:42.499,0.6755,0.6756,51.90,15.20
2007.07.09 17:09:42.609,0.6755,0.6756,50.30,16.80
2007.07.09 17:09:43.495,0.6755,0.6756,49.50,16.80
2007.07.09 17:09:44.088,0.6755,0.6756,49.50,0.50
2007.07.09 17:09:45.544,0.6755,0.6756,50.30,0.60
2007.07.09 17:09:46.936,0.6755,0.67565,51.90,18.40
2007.07.09 17:09:47.688,0.6755,0.67565,53.50,18.40
2007.07.09 17:09:47.795,0.6755,0.6756,53.50,0.90
2007.07.09 17:09:48.092,0.6755,0.6756,55.90,0.80
2007.07.09 17:09:49.685,0.6755,0.6756,53.50,0.50
2007.07.09 17:09:50.196,0.6755,0.67565,55.90,16.00
2007.07.09 17:09:50.399,0.6755,0.6756,53.50,0.60
2007.07.09 17:09:50.768,0.6755,0.6756,51.90,0.60
2007.07.09 17:09:50.990,0.6755,0.6756,50.30,0.70
2007.07.09 17:09:51.028,0.6755,0.67565,50.30,21.60
2007.07.09 17:09:51.543,0.6755,0.67565,50.30,21.60
2007.07.09 17:09:58.526,0.6755,0.6756,51.90,0.80
2007.07.09 17:09:58.690,0.6755,0.67565,51.90,20.00
2007.07.09 17:10:00.206,0.6755,0.6756,53.50,0.90
2007.07.09 17:10:18.310,0.6755,0.6756,51.90,13.60
2007.07.09 17:10:22.880,0.6755,0.6756,53.50,13.60
2007.07.09 17:10:23.597,0.6755,0.6756,53.50,15.20
2007.07.09 17:10:23.670,0.6755,0.6756,51.90,16.80
2007.07.09 17:10:24.526,0.6755,0.6756,51.90,15.20
2007.07.09 17:10:24.727,0.6755,0.6756,53.50,13.60
2007.07.09 17:10:25.051,0.6755,0.6756,53.50,15.20
2007.07.09 17:10:25.476,0.6755,0.6756,51.90,16.80
2007.07.09 17:10:27.048,0.6755,0.6756,51.10,16.80
2007.07.09 17:10:27.147,0.6755,0.6756,26.40,28.70
2007.07.09 17:10:27.564,0.6755,0.6756,16.00,39.10
2007.07.09 17:10:27.763,0.6755,0.67555,8.00,2.40
2007.07.09 17:10:32.577,0.6755,0.6756,33.50,24.80
2007.07.09 17:10:32.668,0.6755,0.6756,41.50,16.80
2007.07.09 17:10:32.880,0.6755,0.6756,43.10,16.80
2007.07.09 17:10:32.920,0.6755,0.6756,43.90,16.80
2007.07.09 17:10:35.174,0.6755,0.6756,45.50,16.80
2007.07.09 17:10:36.030,0.6755,0.6756,40.70,16.80
2007.07.09 17:10:36.137,0.6755,0.6756,24.80,24.70
2007.07.09 17:10:36.229,0.6755,0.6756,23.20,24.70
2007.07.09 17:10:36.649,0.6755,0.6756,23.20,32.70
2007.07.09 17:10:36.799,0.6755,0.6756,22.40,32.70
2007.07.09 17:10:37.143,0.6755,0.6756,18.40,36.70
2007.07.09 17:10:40.010,0.6755,0.6756,26.30,28.80
2007.07.09 17:10:40.099,0.6755,0.6756,41.50,16.80
2007.07.09 17:10:40.118,0.6755,0.6756,41.50,14.40
2007.07.09 17:10:40.320,0.6755,0.6756,42.30,14.40
2007.07.09 17:10:40.325,0.6755,0.6756,43.90,14.40
2007.07.09 17:10:40.531,0.6755,0.6756,45.50,14.40
2007.07.09 17:10:41.332,0.6755,0.6756,45.60,14.40
2007.07.09 17:10:41.569,0.6755,0.6756,44.00,14.40
2007.07.09 17:10:41.655,0.6755,0.6756,19.20,26.30
2007.07.09 17:10:41.894,0.6755,0.6756,19.20,26.30
2007.07.09 17:10:41.903,0.6755,0.6756,19.20,28.70
2007.07.09 17:10:42.267,0.6755,0.6756,18.40,28.70
2007.07.09 17:10:42.563,0.6755,0.6756,18.40,36.70
2007.07.09 17:10:43.803,0.6755,0.6756,18.40,37.50
2007.07.09 17:10:43.904,0.6755,0.6756,18.40,38.60
2007.07.09 17:10:44.018,0.6755,0.6756,18.40,39.40
2007.07.09 17:10:44.237,0.6755,0.6756,18.40,40.20
2007.07.09 17:10:45.152,0.6755,0.6756,18.40,39.40
2007.07.09 17:10:45.271,0.6755,0.6756,18.40,38.60
2007.07.09 17:10:45.332,0.6755,0.6756,18.40,37.80
2007.07.09 17:10:45.411,0.6755,0.6756,18.40,36.70
2007.07.09 17:10:47.369,0.6755,0.6756,3.70,36.70
2007.07.09 17:10:57.607,0.67545,0.6756,29.10,34.30
2007.07.09 17:10:57.719,0.6755,0.6756,11.70,26.40
2007.07.09 17:10:57.798,0.67545,0.6756,52.20,14.40
2007.07.09 17:10:57.816,0.6755,0.6756,19.90,14.40
2007.07.09 17:10:57.887,0.6755,0.6756,13.10,14.40
2007.07.09 17:11:00.542,0.67545,0.6756,56.20,14.40
2007.07.09 17:11:02.420,0.6755,0.6756,20.30,14.40
2007.07.09 17:11:03.024,0.67545,0.6756,56.20,14.40
2007.07.09 17:11:03.625,0.6755,0.6756,13.60,21.00
2007.07.09 17:11:03.734,0.67545,0.67555,44.20,2.40
2007.07.09 17:11:03.781,0.67545,0.67555,41.80,2.40
2007.07.09 17:11:03.867,0.6755,0.67555,0.90,2.40
2007.07.09 17:11:04.145,0.67545,0.67555,22.70,2.40
2007.07.09 17:11:04.193,0.67545,0.67555,25.10,2.40
2007.07.09 17:11:04.239,0.67545,0.6756,20.30,45.60
2007.07.09 17:11:04.306,0.67545,0.6756,19.50,46.40
2007.07.09 17:11:04.337,0.6755,0.6756,6.60,47.20
2007.07.09 17:11:04.504,0.67545,0.67555,25.90,0.80
2007.07.09 17:11:04.817,0.6755,0.6756,3.20,49.50
2007.07.09 17:11:05.290,0.6755,0.6756,0.50,48.70
2007.07.09 17:11:05.432,0.67545,0.67555,26.70,0.80
2007.07.09 17:11:08.903,0.6755,0.6756,3.70,48.70
2007.07.09 17:11:09.103,0.67545,0.6756,26.70,46.30
2007.07.09 17:11:09.171,0.67545,0.6756,48.20,18.40
2007.07.09 17:11:09.220,0.6755,0.6756,3.60,16.00
2007.07.09 17:11:09.266,0.6755,0.6756,6.50,16.00
2007.07.09 17:11:09.424,0.6755,0.6756,0.80,16.00
2007.07.09 17:11:09.447,0.6755,0.6756,9.10,16.00
2007.07.09 17:11:09.487,0.67545,0.6756,56.20,14.40
2007.07.09 17:11:09.583,0.6755,0.6756,12.20,22.30
2007.07.09 17:11:09.679,0.6755,0.6756,6.50,30.30
2007.07.09 17:11:09.786,0.67545,0.6756,37.10,30.30
2007.07.09 17:11:09.972,0.6755,0.6756,4.60,32.70
2007.07.09 17:11:10.153,0.6755,0.6756,1.50,24.70
2007.07.09 17:11:10.209,0.6755,0.6756,9.50,24.70
2007.07.09 17:11:10.976,0.6755,0.6756,5.40,23.10
2007.07.09 17:11:15.803,0.67545,0.6756,34.70,24.70
2007.07.09 17:11:19.872,0.6755,0.6756,24.80,24.70
2007.07.09 17:11:19.882,0.6755,0.6756,26.40,24.70
2007.07.09 17:11:20.901,0.6755,0.6756,23.20,24.70
2007.07.09 17:11:21.612,0.67545,0.6756,34.70,24.70
2007.07.09 17:11:23.876,0.6755,0.6756,6.30,24.70
2007.07.09 17:11:23.956,0.6755,0.6756,9.60,24.70
2007.07.09 17:11:31.229,0.67545,0.6756,36.30,24.70
2007.07.09 17:11:31.322,0.67545,0.6756,34.70,24.70
2007.07.09 17:11:31.828,0.67545,0.6756,36.30,24.70
2007.07.09 17:11:31.993,0.67545,0.6756,36.30,24.70
2007.07.09 17:11:32.744,0.6755,0.6756,1.10,23.10
2007.07.09 17:11:43.120,0.67545,0.6756,36.30,31.10
2007.07.09 17:11:43.179,0.67545,0.67555,33.90,2.40
2007.07.09 17:11:43.213,0.67545,0.67555,29.90,2.40
2007.07.09 17:11:49.375,0.6755,0.67555,2.20,2.40
2007.07.09 17:11:49.459,0.67545,0.67555,25.10,2.40
2007.07.09 17:11:50.172,0.6755,0.67555,10.40,2.40
2007.07.09 17:11:53.217,0.6755,0.67555,2.40,2.40
2007.07.09 17:11:53.413,0.67545,0.67555,6.70,2.40
2007.07.09 17:11:53.518,0.67545,0.67555,5.90,2.40
2007.07.09 17:11:53.822,0.67545,0.67555,6.70,2.40
2007.07.09 17:11:55.685,0.6754,0.67555,67.50,2.40
2007.07.09 17:11:55.760,0.6754,0.67555,65.10,3.20
2007.07.09 17:12:07.305,0.6754,0.67555,67.50,0.80
2007.07.09 17:12:09.154,0.6754,0.67555,65.10,0.80
2007.07.09 17:12:09.251,0.6754,0.67555,64.30,0.80
2007.07.09 17:12:09.355,0.6754,0.67555,61.90,3.20
2007.07.09 17:12:15.734,0.67545,0.67555,0.90,2.40
2007.07.09 17:12:16.053,0.67545,0.6756,1.50,55.10
2007.07.09 17:12:20.833,0.67545,0.6756,11.50,53.50
2007.07.09 17:12:22.002,0.67545,0.6756,11.50,53.40
2007.07.09 17:12:22.064,0.6755,0.6756,2.20,53.40
2007.07.09 17:12:22.162,0.6755,0.6756,2.00,53.20
2007.07.09 17:12:22.256,0.67545,0.6756,11.50,52.60
2007.07.09 17:12:22.302,0.67545,0.6756,11.50,51.90
2007.07.09 17:12:24.783,0.67545,0.6756,3.50,51.90
2007.07.09 17:12:25.291,0.67545,0.6756,3.50,53.50
2007.07.09 17:12:25.626,0.67545,0.6756,3.50,55.10
2007.07.09 17:12:28.264,0.6755,0.6756,8.00,55.10
2007.07.09 17:12:28.359,0.6755,0.6756,8.00,53.50
2007.07.09 17:12:28.391,0.6755,0.6756,8.00,52.70
2007.07.09 17:12:28.796,0.6755,0.6756,8.00,51.90
2007.07.09 17:12:28.883,0.67545,0.6756,5.10,51.90
2007.07.09 17:12:30.903,0.6755,0.6756,8.00,51.90
2007.07.09 17:12:32.051,0.6755,0.6756,8.00,49.50
2007.07.09 17:12:34.907,0.67545,0.6756,5.10,49.50
2007.07.09 17:12:36.952,0.67545,0.67565,5.10,58.30
2007.07.09 17:12:43.748,0.67545,0.67555,5.10,0.80
2007.07.09 17:12:43.813,0.67545,0.67555,4.30,0.80
2007.07.09 17:12:43.946,0.67545,0.67555,3.50,0.80
2007.07.09 17:12:48.241,0.67545,0.67565,3.50,67.90
2007.07.09 17:12:48.379,0.67545,0.67565,3.50,67.10
2007.07.09 17:12:48.433,0.67545,0.6756,3.50,0.60
2007.07.09 17:12:48.473,0.67545,0.67565,3.50,65.50
2007.07.09 17:12:53.820,0.67545,0.67565,3.50,66.30
2007.07.09 17:12:53.830,0.67545,0.67565,3.50,64.70
2007.07.09 17:12:54.006,0.6755,0.67565,8.00,60.70
2007.07.09 17:12:54.025,0.6755,0.6756,8.00,51.90
2007.07.09 17:12:54.104,0.67545,0.6756,3.50,52.80
2007.07.09 17:12:56.816,0.67545,0.67565,3.50,75.90
2007.07.09 17:12:56.884,0.67545,0.67565,3.50,67.90
2007.07.09 17:12:57.495,0.67545,0.6756,3.50,0.50
2007.07.09 17:12:58.345,0.67545,0.6756,4.30,0.90
2007.07.09 17:12:58.440,0.67545,0.6756,5.10,0.90
2007.07.09 17:12:58.533,0.67545,0.6756,5.10,0.80
2007.07.09 17:12:58.547,0.67545,0.67565,5.10,64.70
2007.07.09 17:12:58.712,0.67545,0.67565,5.10,63.90
2007.07.09 17:12:59.240,0.67545,0.67565,5.10,53.50
2007.07.09 17:12:59.274,0.67545,0.67565,5.90,54.30
2007.07.09 17:12:59.349,0.6755,0.6756,8.00,0.70
2007.07.09 17:12:59.381,0.6755,0.6756,10.40,39.10
2007.07.09 17:12:59.757,0.6755,0.6756,18.40,39.10
2007.07.09 17:13:00.427,0.6755,0.6756,10.40,39.10
2007.07.09 17:13:00.815,0.6755,0.6756,10.40,41.50
2007.07.09 17:13:08.014,0.6755,0.6756,10.40,44.70
2007.07.09 17:13:13.356,0.6755,0.67555,10.40,0.50
2007.07.09 17:13:13.896,0.6755,0.67555,18.40,0.50
2007.07.09 17:13:18.896,0.6755,0.6756,10.40,41.50
2007.07.09 17:13:28.308,0.6755,0.6756,18.40,41.50
2007.07.09 17:13:33.823,0.6755,0.6756,19.20,39.10
2007.07.09 17:13:40.469,0.6755,0.67555,20.80,2.40
2007.07.09 17:13:40.580,0.6755,0.67555,22.40,2.40
2007.07.09 17:13:40.878,0.6755,0.67555,20.80,2.40
2007.07.09 17:13:41.100,0.6755,0.67555,19.20,2.40
2007.07.09 17:13:47.169,0.6755,0.67555,0.80,2.40
2007.07.09 17:14:11.981,0.67545,0.67555,27.50,2.40
2007.07.09 17:14:12.113,0.67545,0.67555,27.50,2.40
2007.07.09 17:14:13.387,0.6755,0.67555,6.70,2.40
2007.07.09 17:14:13.419,0.6755,0.67555,7.20,2.40
2007.07.09 17:14:28.328,0.6755,0.67555,11.20,2.40
2007.07.09 17:14:28.387,0.6755,0.67555,19.20,2.40
2007.07.09 17:14:33.451,0.6755,0.67555,18.40,2.40
2007.07.09 17:14:33.588,0.6755,0.67555,10.40,2.40
2007.07.09 17:14:37.478,0.6755,0.67555,8.00,3.20
2007.07.09 17:14:37.492,0.67545,0.67555,5.90,3.20
2007.07.09 17:14:43.754,0.67545,0.67555,7.50,3.20
2007.07.09 17:14:45.593,0.67545,0.67555,8.30,3.20
2007.07.09 17:14:46.016,0.6755,0.67555,8.00,3.20
2007.07.09 17:14:46.262,0.6755,0.67555,10.40,3.20
2007.07.09 17:14:49.525,0.6755,0.67555,8.00,3.20
2007.07.09 17:14:49.590,0.67545,0.67555,8.30,3.20
2007.07.09 17:14:51.512,0.6755,0.67555,8.00,3.20
2007.07.09 17:14:51.566,0.6755,0.67555,10.40,3.20
2007.07.09 17:14:52.377,0.6755,0.67555,10.40,0.50
2007.07.09 17:14:57.834,0.6755,0.6756,10.40,44.10
2007.07.09 17:15:04.800,0.6755,0.6756,18.40,39.90
2007.07.09 17:15:04.899,0.6755,0.67555,19.20,0.80
2007.07.09 17:15:05.435,0.6755,0.6756,11.20,36.70
2007.07.09 17:15:05.504,0.6755,0.6756,10.40,36.70
2007.07.09 17:15:07.467,0.6755,0.67555,18.40,0.90
2007.07.09 17:15:07.766,0.6755,0.67555,19.20,0.80
2007.07.09 17:15:09.123,0.6755,0.6756,20.80,36.70
2007.07.09 17:15:09.829,0.6755,0.67555,22.40,0.50
2007.07.09 17:15:25.560,0.6755,0.67555,24.80,2.40
2007.07.09 17:15:25.651,0.6755,0.67555,28.80,2.40
2007.07.09 17:15:25.737,0.67555,0.6756,0.80,15.90
2007.07.09 17:15:26.225,0.6755,0.67555,36.70,2.40
2007.07.09 17:15:26.384,0.6755,0.6756,36.70,20.80
2007.07.09 17:15:26.482,0.6755,0.6756,35.10,20.80
2007.07.09 17:15:26.486,0.6755,0.6756,34.30,20.80
2007.07.09 17:15:27.367,0.6755,0.6756,35.10,20.80
2007.07.09 17:15:27.497,0.6755,0.6756,35.90,20.80
2007.07.09 17:15:27.507,0.6755,0.6756,36.70,20.80
2007.07.09 17:15:27.663,0.6755,0.6756,35.90,20.80
2007.07.09 17:15:27.710,0.6755,0.6756,35.10,20.80
2007.07.09 17:15:27.757,0.6755,0.6756,34.30,20.80
2007.07.09 17:15:28.599,0.6755,0.6756,34.30,12.80
2007.07.09 17:15:28.637,0.6755,0.6756,34.30,10.40
2007.07.09 17:15:43.575,0.6755,0.6756,34.30,20.80
2007.07.09 17:16:06.247,0.6755,0.6756,30.30,24.80
2007.07.09 17:16:06.662,0.6755,0.6756,30.30,25.60
2007.07.09 17:16:09.470,0.6755,0.6756,38.30,17.60
2007.07.09 17:16:09.732,0.6755,0.6756,38.30,16.80
2007.07.09 17:16:09.848,0.6755,0.6756,42.30,12.80
2007.07.09 17:16:10.461,0.6755,0.6756,34.30,12.80
2007.07.09 17:16:11.482,0.6755,0.6756,35.20,12.80
2007.07.09 17:16:11.790,0.6755,0.6756,34.30,12.80
2007.07.09 17:16:19.203,0.6755,0.6756,34.30,10.40
2007.07.09 17:16:19.226,0.6755,0.6756,34.30,2.40
2007.07.09 17:16:19.302,0.6755,0.6756,39.10,2.40
2007.07.09 17:16:19.321,0.6755,0.6756,55.90,2.40
2007.07.09 17:16:19.447,0.6755,0.6756,56.70,2.40
2007.07.09 17:16:22.267,0.67555,0.6756,0.80,2.40
2007.07.09 17:16:22.727,0.6755,0.6756,56.70,2.40
2007.07.09 17:16:22.776,0.67555,0.67565,0.80,6.40
2007.07.09 17:16:26.148,0.6755,0.6756,59.90,8.00
2007.07.09 17:16:26.199,0.67555,0.6756,0.80,10.40
2007.07.09 17:16:33.488,0.67545,0.6756,74.60,10.40
2007.07.09 17:16:33.671,0.67545,0.6756,66.60,10.40
2007.07.09 17:16:33.790,0.67545,0.6756,57.00,10.40
2007.07.09 17:16:33.798,0.6755,0.6756,3.40,10.40
2007.07.09 17:16:34.000,0.67545,0.6756,52.20,12.80
2007.07.09 17:16:34.477,0.67545,0.6756,50.60,12.80
2007.07.09 17:16:35.233,0.6755,0.6756,2.30,13.60
2007.07.09 17:16:35.321,0.67545,0.6756,46.60,17.60
2007.07.09 17:16:35.726,0.67545,0.6756,45.80,17.60
2007.07.09 17:16:35.748,0.6755,0.6756,6.80,17.60
2007.07.09 17:16:35.825,0.67545,0.6756,45.00,19.20
2007.07.09 17:16:35.862,0.6755,0.6756,6.50,19.20
2007.07.09 17:16:35.980,0.6755,0.6756,13.00,20.80
2007.07.09 17:16:38.681,0.67545,0.6756,44.20,19.20
2007.07.09 17:16:38.740,0.6755,0.6756,3.40,18.40
2007.07.09 17:16:38.780,0.6755,0.6756,0.90,16.80
2007.07.09 17:16:39.204,0.67545,0.6756,48.20,12.80
2007.07.09 17:16:46.854,0.67545,0.67565,82.50,24.00
2007.07.09 17:16:48.764,0.6755,0.6756,0.50,0.50
2007.07.09 17:16:49.553,0.67545,0.67565,48.20,23.20
2007.07.09 17:16:53.243,0.6755,0.6756,34.30,0.50
2007.07.09 17:16:53.342,0.6755,0.67565,38.30,20.00
2007.07.09 17:16:53.436,0.6755,0.67565,55.20,8.00
2007.07.09 17:16:54.265,0.6755,0.67565,55.20,18.40
2007.07.09 17:16:54.364,0.6755,0.67565,39.20,18.40
2007.07.09 17:16:54.380,0.6755,0.6756,35.20,0.80
2007.07.09 17:16:54.461,0.6755,0.6756,36.00,0.50
2007.07.09 17:16:54.571,0.6755,0.6756,36.80,0.80
2007.07.09 17:16:54.652,0.6755,0.67565,38.40,18.40
2007.07.09 17:16:54.666,0.6755,0.67565,46.40,18.40
2007.07.09 17:16:54.983,0.6755,0.67565,47.20,18.40
2007.07.09 17:16:55.298,0.6755,0.6756,48.80,0.90
2007.07.09 17:16:57.347,0.6755,0.6756,40.00,0.50
2007.07.09 17:16:57.363,0.6755,0.6756,39.20,0.80
2007.07.09 17:16:57.851,0.6755,0.6756,48.00,0.50
2007.07.09 17:16:57.881,0.6755,0.67565,48.80,18.40
2007.07.09 17:17:01.692,0.6755,0.6756,48.00,0.80
2007.07.09 17:17:01.766,0.6755,0.67565,46.40,18.40
2007.07.09 17:17:01.787,0.6755,0.6756,38.40,0.60
2007.07.09 17:17:01.899,0.6755,0.67565,36.70,22.40
2007.07.09 17:17:03.139,0.6755,0.67565,35.90,23.20
2007.07.09 17:17:03.248,0.6755,0.6756,35.90,0.50
2007.07.09 17:17:03.385,0.6755,0.67565,33.50,24.00
2007.07.09 17:17:03.449,0.6755,0.6756,32.70,0.60
2007.07.09 17:17:19.714,0.6755,0.6756,31.10,15.20
2007.07.09 17:17:19.782,0.6755,0.6756,31.10,14.40
2007.07.09 17:17:19.950,0.6755,0.6756,31.10,16.00
2007.07.09 17:17:20.285,0.6755,0.6756,31.10,16.80
2007.07.09 17:17:20.334,0.6755,0.6756,32.70,15.20
2007.07.09 17:17:20.439,0.6755,0.6756,32.70,23.20
2007.07.09 17:17:20.531,0.6755,0.6756,34.30,21.60
2007.07.09 17:17:20.756,0.6755,0.6756,34.30,23.20
2007.07.09 17:17:20.870,0.6755,0.6756,30.30,19.20
2007.07.09 17:17:21.295,0.6755,0.6756,30.30,17.60
2007.07.09 17:17:21.304,0.6755,0.6756,28.70,17.60
2007.07.09 17:17:21.384,0.6755,0.6756,32.70,13.60
2007.07.09 17:17:21.914,0.6755,0.6756,32.70,15.20
2007.07.09 17:17:22.064,0.6755,0.6756,32.70,16.80
2007.07.09 17:17:22.814,0.6755,0.6756,34.30,16.80
2007.07.09 17:17:24.840,0.6755,0.6756,34.30,15.20
2007.07.09 17:17:24.906,0.6755,0.6756,34.30,13.60
2007.07.09 17:17:25.801,0.6755,0.6756,34.30,10.40
2007.07.09 17:17:25.838,0.6755,0.6756,34.30,2.40
2007.07.09 17:17:26.039,0.6755,0.6756,35.10,2.40
2007.07.09 17:17:26.358,0.6755,0.6756,43.10,2.40
2007.07.09 17:17:26.385,0.6755,0.6756,47.10,2.40
2007.07.09 17:17:26.790,0.6755,0.6756,47.10,10.40
2007.07.09 17:17:26.860,0.6755,0.6756,47.10,12.80
2007.07.09 17:17:26.967,0.6755,0.6756,47.10,13.60
2007.07.09 17:17:27.023,0.6755,0.6756,46.30,13.60
2007.07.09 17:17:27.378,0.6755,0.6756,42.30,13.60
2007.07.09 17:17:27.416,0.6755,0.6756,34.30,13.60
2007.07.09 17:17:29.786,0.6755,0.6756,34.30,15.20
2007.07.09 17:17:29.841,0.6755,0.6756,32.70,16.80
2007.07.09 17:17:31.370,0.6755,0.6756,34.30,16.80
2007.07.09 17:17:32.178,0.6755,0.6756,32.70,16.80
2007.07.09 17:18:05.272,0.6755,0.6756,32.70,15.20
2007.07.09 17:18:05.338,0.6755,0.6756,32.70,13.60
2007.07.09 17:18:06.866,0.6755,0.6756,32.70,15.20
2007.07.09 17:18:07.093,0.6755,0.6756,32.70,16.80
2007.07.09 17:18:08.294,0.6755,0.6756,32.70,15.20
2007.07.09 17:18:08.448,0.6755,0.6756,32.70,13.60
2007.07.09 17:18:09.222,0.6755,0.6756,32.70,15.20
2007.07.09 17:18:09.444,0.6755,0.6756,32.70,16.80
2007.07.09 17:18:13.786,0.6755,0.6756,31.10,16.80
2007.07.09 17:18:20.296,0.6755,0.6756,32.70,16.80
2007.07.09 17:18:20.876,0.6755,0.6756,36.70,16.80
2007.07.09 17:18:20.898,0.6755,0.6756,45.50,16.80
2007.07.09 17:18:21.016,0.6755,0.6756,53.50,16.80
2007.07.09 17:18:21.147,0.6755,0.6756,53.50,14.40
2007.07.09 17:19:03.887,0.6755,0.6756,55.10,14.40
2007.07.09 17:19:04.645,0.6755,0.6756,53.50,14.40
2007.07.09 17:19:10.987,0.6755,0.6756,55.10,14.40
2007.07.09 17:19:13.374,0.6755,0.6756,53.50,14.40
2007.07.09 17:19:20.997,0.6755,0.6756,36.70,14.40
2007.07.09 17:19:21.112,0.6755,0.6756,32.70,16.80
2007.07.09 17:19:21.506,0.6755,0.6756,40.70,16.80
2007.07.09 17:19:21.517,0.6755,0.6756,44.70,16.80
2007.07.09 17:19:21.624,0.6755,0.6756,55.10,16.80
2007.07.09 17:19:23.657,0.6755,0.6756,56.70,16.80
2007.07.09 17:19:24.298,0.6755,0.6756,56.70,15.20
2007.07.09 17:19:24.459,0.6755,0.6756,56.70,13.60
2007.07.09 17:19:24.815,0.6755,0.6756,56.70,15.20
2007.07.09 17:19:24.960,0.6755,0.6756,56.70,16.80
2007.07.09 17:19:26.019,0.6755,0.6756,55.10,16.80
2007.07.09 17:19:29.062,0.6755,0.6756,44.70,16.80
2007.07.09 17:19:29.132,0.6755,0.6756,40.70,16.80
2007.07.09 17:19:29.153,0.6755,0.6756,32.70,16.80
2007.07.09 17:19:29.878,0.6755,0.6756,31.10,16.80
2007.07.09 17:19:31.895,0.6755,0.6756,32.70,16.80
2007.07.09 17:19:32.095,0.6755,0.6756,49.50,16.80
2007.07.09 17:19:32.127,0.6755,0.6756,53.50,16.80
2007.07.09 17:19:40.790,0.6755,0.67565,53.50,21.60
2007.07.09 17:20:32.105,0.6755,0.6756,45.50,16.80
2007.07.09 17:20:32.210,0.6755,0.6756,44.70,16.80
2007.07.09 17:20:32.251,0.6755,0.6756,40.70,16.80
2007.07.09 17:20:32.317,0.6755,0.6756,31.10,16.80
2007.07.09 17:20:32.561,0.6755,0.6756,35.10,16.80
2007.07.09 17:20:32.574,0.6755,0.6756,44.70,16.80
2007.07.09 17:20:32.667,0.6755,0.6756,44.70,14.40
2007.07.09 17:20:32.693,0.6755,0.6756,53.50,14.40
2007.07.09 17:20:48.813,0.6755,0.6756,51.90,14.40
2007.07.09 17:20:49.237,0.6755,0.6756,51.10,14.40
2007.07.09 17:20:49.839,0.6755,0.6756,51.90,14.40
2007.07.09 17:20:58.291,0.6755,0.6756,53.50,14.40
2007.07.09 17:20:58.893,0.6755,0.6756,51.90,14.40
2007.07.09 17:20:59.828,0.6755,0.6756,53.50,14.40
2007.07.09 17:21:04.265,0.6755,0.67565,53.50,23.20
2007.07.09 17:21:39.913,0.6755,0.6756,53.50,12.80
2007.07.09 17:21:39.961,0.6755,0.6756,55.10,11.20
2007.07.09 17:21:40.321,0.6755,0.6756,55.10,12.80
2007.07.09 17:21:40.517,0.6755,0.6756,55.10,14.40
2007.07.09 17:21:41.245,0.6755,0.6756,55.10,12.80
2007.07.09 17:21:41.269,0.6755,0.6756,55.10,11.20
2007.07.09 17:21:41.713,0.6755,0.6756,55.10,10.40
2007.07.09 17:21:41.858,0.6755,0.6756,55.10,12.00
2007.07.09 17:21:42.220,0.6755,0.6756,55.10,12.80
2007.07.09 17:21:42.893,0.6755,0.6756,53.50,12.80
2007.07.09 17:21:43.070,0.6755,0.6756,51.90,12.80
2007.07.09 17:21:43.258,0.6755,0.6756,51.90,12.00
2007.07.09 17:21:43.416,0.6755,0.6756,51.90,10.40
2007.07.09 17:21:43.825,0.6755,0.6756,51.90,12.00
2007.07.09 17:21:43.861,0.6755,0.6756,51.90,12.80
2007.07.09 17:21:44.264,0.6755,0.6756,51.90,12.00
2007.07.09 17:21:44.348,0.6755,0.6756,51.90,10.40
2007.07.09 17:21:44.891,0.6755,0.6756,51.90,11.20
2007.07.09 17:21:45.078,0.6755,0.6756,51.90,12.80
2007.07.09 17:21:45.896,0.6755,0.6756,53.50,12.80
2007.07.09 17:21:45.965,0.6755,0.6756,55.10,12.80
2007.07.09 17:21:46.224,0.6755,0.6756,53.50,12.80
2007.07.09 17:21:46.467,0.6755,0.6756,51.90,12.80
2007.07.09 17:21:46.736,0.6755,0.6756,53.50,12.80
2007.07.09 17:21:47.219,0.6755,0.6756,55.10,12.80
2007.07.09 17:21:47.758,0.6755,0.6756,55.10,11.20
2007.07.09 17:21:47.807,0.6755,0.6756,55.10,10.40
2007.07.09 17:21:48.335,0.6755,0.6756,55.10,11.20
2007.07.09 17:21:48.381,0.6755,0.6756,55.10,12.80
2007.07.09 17:21:48.801,0.6755,0.6756,55.10,13.60
2007.07.09 17:21:48.814,0.6755,0.6756,55.10,14.40
2007.07.09 17:21:48.841,0.6755,0.6756,55.10,15.20
2007.07.09 17:21:49.115,0.6755,0.6756,55.10,14.40
2007.07.09 17:21:49.172,0.6755,0.6756,55.10,13.60
2007.07.09 17:21:49.373,0.6755,0.6756,55.10,12.80
2007.07.09 17:21:49.834,0.6755,0.6756,53.50,12.80
2007.07.09 17:21:50.088,0.6755,0.6756,51.90,14.40
2007.07.09 17:21:50.339,0.6755,0.6756,53.50,14.40
2007.07.09 17:21:50.606,0.6755,0.6756,55.10,14.40
2007.07.09 17:21:50.768,0.6755,0.6756,46.30,14.40
2007.07.09 17:21:50.793,0.6755,0.6756,42.30,14.40
2007.07.09 17:21:50.899,0.6755,0.6756,30.30,18.40
2007.07.09 17:21:50.960,0.6755,0.6756,28.70,18.40
2007.07.09 17:21:51.091,0.6755,0.6756,28.70,20.80
2007.07.09 17:21:51.304,0.6755,0.6756,27.90,20.80
2007.07.09 17:21:51.400,0.6755,0.6756,18.30,20.80
2007.07.09 17:21:51.911,0.6755,0.6756,18.30,28.80
2007.07.09 17:21:52.325,0.6755,0.6756,18.30,36.80
2007.07.09 17:21:52.739,0.6755,0.6756,18.30,28.80
2007.07.09 17:21:53.865,0.6755,0.6756,19.10,28.80
2007.07.09 17:21:53.875,0.6755,0.6756,27.10,28.80
2007.07.09 17:21:53.983,0.6755,0.6756,31.10,23.20
2007.07.09 17:21:53.992,0.6755,0.6756,31.10,23.20
2007.07.09 17:21:54.294,0.6755,0.6756,32.70,23.20
2007.07.09 17:21:54.527,0.6755,0.6756,32.70,15.20
2007.07.09 17:21:54.706,0.6755,0.6756,34.30,15.20
2007.07.09 17:21:54.889,0.6755,0.6756,34.30,13.60
2007.07.09 17:21:54.909,0.6755,0.6756,34.30,12.80
2007.07.09 17:21:55.636,0.6755,0.6756,42.30,12.80
2007.07.09 17:22:00.406,0.6755,0.6756,34.30,12.80
2007.07.09 17:22:04.857,0.6755,0.6756,34.30,14.40
2007.07.09 17:22:05.001,0.6755,0.6756,34.30,15.20
2007.07.09 17:22:05.807,0.6755,0.6756,34.30,14.40
2007.07.09 17:22:05.885,0.6755,0.6756,34.30,12.80
2007.07.09 17:22:06.296,0.6755,0.6756,32.70,14.40
2007.07.09 17:22:06.323,0.6755,0.6756,32.70,15.20
2007.07.09 17:22:06.400,0.6755,0.6756,28.70,19.20
2007.07.09 17:22:06.463,0.67545,0.6756,41.00,19.20
2007.07.09 17:22:06.485,0.67545,0.6756,41.00,19.20
2007.07.09 17:22:14.335,0.6755,0.6756,6.10,19.20
2007.07.09 17:22:14.384,0.67545,0.6756,42.60,19.20
2007.07.09 17:22:14.442,0.67545,0.6756,46.60,15.20
2007.07.09 17:22:14.855,0.67545,0.6756,48.20,12.80
2007.07.09 17:22:16.562,0.67545,0.6756,40.30,12.80
2007.07.09 17:22:42.457,0.6755,0.6756,22.40,19.20
2007.07.09 17:22:42.563,0.6755,0.6756,30.30,19.20
2007.07.09 17:22:42.917,0.6755,0.6756,30.30,20.80
2007.07.09 17:22:43.381,0.6755,0.6756,28.70,20.80
2007.07.09 17:22:43.669,0.6755,0.6756,27.10,20.80
2007.07.09 17:22:44.799,0.6755,0.6756,19.10,20.80
2007.07.09 17:22:47.845,0.6755,0.6756,27.10,20.80
2007.07.09 17:22:48.855,0.6755,0.6756,19.10,20.80
2007.07.09 17:22:49.747,0.6755,0.67565,19.10,28.80
2007.07.09 17:22:49.891,0.6755,0.6756,27.10,0.50
2007.07.09 17:22:53.442,0.6755,0.6756,19.10,0.50
2007.07.09 17:22:53.854,0.6755,0.6756,27.10,0.50
2007.07.09 17:22:53.917,0.6755,0.67565,31.10,25.60
2007.07.09 17:22:53.961,0.6755,0.6756,55.10,0.50
2007.07.09 17:22:54.129,0.6755,0.6756,56.70,0.60
2007.07.09 17:22:54.370,0.6755,0.67565,56.70,21.60
2007.07.09 17:22:55.899,0.6755,0.67565,55.10,21.60
2007.07.09 17:22:55.910,0.6755,0.67565,53.50,21.60
2007.07.09 17:23:00.271,0.6755,0.6756,55.10,0.80
2007.07.09 17:23:00.477,0.6755,0.67565,28.80,37.50
2007.07.09 17:23:00.524,0.6755,0.6756,30.40,0.90
2007.07.09 17:23:00.558,0.6755,0.6756,26.40,0.90
2007.07.09 17:23:00.583,0.6755,0.6756,22.40,0.90
2007.07.09 17:23:00.781,0.6755,0.6756,20.80,0.90
2007.07.09 17:23:00.999,0.6755,0.6756,12.80,0.80
2007.07.09 17:23:01.027,0.6755,0.67565,11.20,45.50
2007.07.09 17:23:01.071,0.6755,0.6756,10.40,0.70
2007.07.09 17:23:01.305,0.6755,0.67565,18.40,45.50
2007.07.09 17:23:01.487,0.6755,0.6756,19.20,0.60
2007.07.09 17:23:01.909,0.6755,0.6756,11.20,0.70
2007.07.09 17:23:01.998,0.6755,0.67565,10.40,45.50
2007.07.09 17:23:02.916,0.6755,0.67565,11.20,45.50
2007.07.09 17:23:02.931,0.6755,0.67565,19.20,45.50
2007.07.09 17:23:03.843,0.6755,0.67565,20.80,44.70
2007.07.09 17:23:03.866,0.6755,0.6756,22.40,0.90
2007.07.09 17:23:10.669,0.6755,0.67565,22.40,44.70
2007.07.09 17:23:11.078,0.6755,0.67565,22.40,44.70
2007.07.09 17:23:13.364,0.6755,0.67565,22.40,44.70
2007.07.09 17:23:14.660,0.6755,0.67565,22.40,44.70
2007.07.09 17:23:16.502,0.6755,0.67565,22.40,44.70
2007.07.09 17:23:25.244,0.6755,0.6756,22.40,35.10
2007.07.09 17:23:31.879,0.6755,0.6756,20.80,36.70
2007.07.09 17:23:32.086,0.6755,0.6756,19.20,36.70
2007.07.09 17:23:32.495,0.6755,0.67555,20.80,0.50
2007.07.09 17:23:32.887,0.6755,0.6756,22.40,36.70
2007.07.09 17:23:38.031,0.67545,0.67555,32.30,2.40
2007.07.09 17:23:44.795,0.6755,0.67555,20.80,2.40
2007.07.09 17:23:44.947,0.6755,0.67555,19.20,2.40
2007.07.09 17:23:44.985,0.6755,0.67555,11.20,2.40
2007.07.09 17:23:45.505,0.6755,0.67555,19.20,2.40
2007.07.09 17:23:46.530,0.6755,0.67555,11.20,2.40
2007.07.09 17:23:56.533,0.6755,0.67555,10.40,2.40
2007.07.09 17:24:14.976,0.6755,0.67555,10.40,3.20
2007.07.09 17:24:15.368,0.6755,0.67555,10.40,2.40
2007.07.09 17:24:15.992,0.6755,0.67555,10.40,3.20
2007.07.09 17:24:17.122,0.6755,0.67555,10.40,2.40
2007.07.09 17:24:17.214,0.6755,0.67555,2.40,2.40
2007.07.09 17:24:17.232,0.67545,0.67555,6.70,2.40
2007.07.09 17:24:18.031,0.67545,0.67555,5.10,2.40
2007.07.09 17:24:22.894,0.67545,0.67555,5.10,3.20
2007.07.09 17:24:23.907,0.67545,0.67555,5.10,2.40
2007.07.09 17:24:32.126,0.67545,0.67555,5.10,3.20
2007.07.09 17:24:33.357,0.67545,0.67555,1.00,3.20
2007.07.09 17:24:34.237,0.6754,0.67555,78.60,3.20
2007.07.09 17:24:35.353,0.67545,0.67555,4.10,2.40
2007.07.09 17:24:35.465,0.6754,0.67555,77.00,2.40
2007.07.09 17:24:40.367,0.67545,0.67555,2.00,3.20
2007.07.09 17:24:40.802,0.67545,0.67555,0.70,2.40
2007.07.09 17:24:53.576,0.6754,0.67555,75.40,2.40
2007.07.09 17:24:53.759,0.6754,0.67555,75.40,3.20
2007.07.09 17:24:56.208,0.6755,0.67555,0.70,3.20
2007.07.09 17:24:56.284,0.67545,0.67555,19.50,3.20
2007.07.09 17:24:56.316,0.67545,0.67555,19.50,2.40
2007.07.09 17:24:56.816,0.6755,0.67555,1.70,3.20
2007.07.09 17:24:57.897,0.67545,0.67555,21.10,2.40
2007.07.09 17:24:58.398,0.6755,0.67555,3.80,3.20
2007.07.09 17:24:59.631,0.67545,0.67555,21.10,2.40
2007.07.09 17:25:15.271,0.6755,0.67555,11.20,2.40
2007.07.09 17:25:15.881,0.6755,0.67555,10.40,2.40
2007.07.09 17:25:19.292,0.6755,0.67555,11.20,2.40
2007.07.09 17:25:19.907,0.6755,0.67555,19.20,2.40
2007.07.09 17:25:22.558,0.6755,0.6756,19.20,36.70
2007.07.09 17:25:24.241,0.6755,0.6756,11.20,36.70
2007.07.09 17:25:24.868,0.6755,0.67555,19.20,0.50
2007.07.09 17:25:25.933,0.6755,0.67555,11.20,0.70
2007.07.09 17:25:32.869,0.6755,0.6756,19.20,36.70
2007.07.09 17:26:04.767,0.6755,0.67555,10.40,2.40
2007.07.09 17:26:05.266,0.6755,0.67555,18.40,2.40
2007.07.09 17:26:05.275,0.6755,0.67555,19.20,2.40
2007.07.09 17:26:08.862,0.6755,0.67555,11.20,2.40
2007.07.09 17:26:08.961,0.6755,0.67555,19.20,2.40
2007.07.09 17:26:10.815,0.6755,0.67555,11.20,2.40
2007.07.09 17:26:10.909,0.6755,0.67555,19.20,2.40
2007.07.09 17:26:20.822,0.6755,0.67555,20.80,2.40
2007.07.09 17:26:21.045,0.6755,0.67555,22.40,2.40
2007.07.09 17:26:21.256,0.6755,0.67555,20.80,2.40
2007.07.09 17:26:21.554,0.6755,0.67555,19.20,2.40
2007.07.09 17:26:21.906,0.6755,0.67555,20.80,2.40
2007.07.09 17:26:22.295,0.6755,0.67555,22.40,2.40
2007.07.09 17:26:24.488,0.6755,0.67555,34.30,2.40
2007.07.09 17:26:24.602,0.6755,0.6756,34.30,15.20
2007.07.09 17:26:24.761,0.6755,0.6756,34.30,5.60
2007.07.09 17:26:24.807,0.6755,0.6756,34.30,2.40
2007.07.09 17:26:33.740,0.6755,0.6756,36.70,2.40
2007.07.09 17:26:33.784,0.6755,0.6756,44.70,2.40
2007.07.09 17:26:33.833,0.6755,0.6756,48.70,2.40
2007.07.09 17:26:33.906,0.6755,0.6756,56.70,2.40
2007.07.09 17:26:33.943,0.6755,0.67565,56.70,4.80
2007.07.09 17:26:34.509,0.6755,0.67565,59.90,4.80
2007.07.09 17:26:43.168,0.6755,0.67565,62.30,4.80
2007.07.09 17:26:50.307,0.6755,0.67565,55.10,4.80
2007.07.09 17:26:50.334,0.6756,0.67565,10.40,4.80
2007.07.09 17:26:50.442,0.6756,0.67565,10.40,2.40
2007.07.09 17:26:50.454,0.6756,0.67565,10.40,0.80
2007.07.09 17:26:50.961,0.6756,0.6757,10.40,56.80
2007.07.09 17:26:51.345,0.6756,0.6757,10.40,51.10
2007.07.09 17:26:56.328,0.6756,0.6757,18.30,43.20
2007.07.09 17:26:56.422,0.6756,0.6757,18.30,35.20
2007.07.09 17:26:56.512,0.6756,0.6757,18.30,33.60
2007.07.09 17:26:56.844,0.6756,0.6757,18.30,25.60
2007.07.09 17:26:58.875,0.6756,0.6757,2.40,41.50
2007.07.09 17:26:58.884,0.67555,0.6757,6.40,41.50
2007.07.09 17:26:58.968,0.67555,0.6757,6.40,49.50
2007.07.09 17:27:02.330,0.67555,0.6757,7.20,49.50
2007.07.09 17:27:02.375,0.6756,0.6757,15.90,33.60
2007.07.09 17:27:02.643,0.6756,0.6757,18.30,33.60
2007.07.09 17:27:05.914,0.67555,0.6757,25.50,33.60
2007.07.09 17:27:06.813,0.67555,0.6757,33.50,33.60
2007.07.09 17:27:06.824,0.67555,0.6757,39.10,31.20
2007.07.09 17:27:06.907,0.6756,0.6757,0.60,19.20
2007.07.09 17:27:07.533,0.67555,0.6757,65.50,19.20
2007.07.09 17:27:07.725,0.6756,0.6757,2.80,19.20
2007.07.09 17:27:07.837,0.67555,0.6757,69.50,19.20
2007.07.09 17:27:08.046,0.67555,0.6757,69.50,19.20
2007.07.09 17:27:11.179,0.6756,0.6757,13.60,17.60
2007.07.09 17:27:11.287,0.67555,0.6757,69.50,16.80
2007.07.09 17:27:11.298,0.6756,0.6757,1.10,16.00
2007.07.09 17:27:11.393,0.67555,0.6757,70.20,8.00
2007.07.09 17:27:11.404,0.67555,0.6757,72.60,5.60
2007.07.09 17:27:11.418,0.67555,0.6757,72.60,3.20
2007.07.09 17:27:11.502,0.67555,0.67575,74.20,2.40
2007.07.09 17:27:11.807,0.67555,0.67575,74.20,2.40
2007.07.09 17:27:11.818,0.67565,0.67575,0.80,2.40
2007.07.09 17:27:12.025,0.67565,0.67575,2.60,2.40
2007.07.09 17:27:12.153,0.6756,0.67575,73.50,0.80
2007.07.09 17:27:12.344,0.67565,0.6758,1.00,49.50
2007.07.09 17:27:12.440,0.6757,0.6758,3.90,53.50
2007.07.09 17:27:12.523,0.6757,0.6758,4.40,48.70
2007.07.09 17:27:12.747,0.6757,0.6758,4.20,48.70
2007.07.09 17:27:12.845,0.67565,0.6758,17.20,45.50
2007.07.09 17:27:21.601,0.67565,0.6758,17.20,46.30
2007.07.09 17:27:21.614,0.67565,0.6758,17.20,47.90
2007.07.09 17:27:21.703,0.6757,0.6758,2.40,48.00
2007.07.09 17:27:21.736,0.6757,0.6758,4.30,46.40
2007.07.09 17:27:21.817,0.67565,0.6758,1.50,48.00
2007.07.09 17:27:21.845,0.6756,0.6758,75.50,48.80
2007.07.09 17:27:21.960,0.6756,0.6758,74.70,50.40
2007.07.09 17:27:22.709,0.6756,0.6758,77.90,50.70
2007.07.09 17:27:22.808,0.67565,0.6758,0.50,49.50
2007.07.09 17:27:22.928,0.67565,0.6758,2.40,50.40
2007.07.09 17:27:23.019,0.67565,0.6758,1.40,50.50
2007.07.09 17:27:23.454,0.6756,0.6758,78.70,51.30
2007.07.09 17:27:23.468,0.67565,0.6758,1.20,52.10
2007.07.09 17:27:23.542,0.6756,0.6758,71.40,63.30
2007.07.09 17:27:23.669,0.67565,0.6758,1.00,64.90
2007.07.09 17:27:23.960,0.6756,0.6758,65.90,63.30
2007.07.09 17:27:24.057,0.6756,0.6758,73.90,55.30
2007.07.09 17:27:24.081,0.6756,0.6758,77.10,55.30
2007.07.09 17:27:24.095,0.67565,0.6758,2.40,55.30
2007.07.09 17:27:24.192,0.6756,0.6758,77.90,55.30
2007.07.09 17:27:24.258,0.67565,0.6758,3.10,54.50
2007.07.09 17:27:24.283,0.6756,0.6758,77.90,52.10
2007.07.09 17:27:24.811,0.67565,0.6758,3.90,52.10
2007.07.09 17:27:25.303,0.67565,0.6758,3.30,53.70
2007.07.09 17:27:25.321,0.67565,0.6758,1.10,53.70
2007.07.09 17:27:25.418,0.67565,0.67575,1.80,0.80
2007.07.09 17:27:25.924,0.6756,0.6758,79.50,52.10
2007.07.09 17:27:25.945,0.6756,0.6758,79.50,52.90
2007.07.09 17:27:26.014,0.67565,0.6758,3.00,52.10
2007.07.09 17:27:27.457,0.6756,0.6758,79.50,52.90
2007.07.09 17:27:27.479,0.67565,0.6758,1.40,53.70
2007.07.09 17:27:27.565,0.67565,0.6758,0.70,52.90
2007.07.09 17:27:27.778,0.67565,0.6758,0.80,52.10
2007.07.09 17:27:27.877,0.67565,0.6758,0.70,52.90
2007.07.09 17:27:27.899,0.67565,0.67575,0.70,0.80
2007.07.09 17:27:27.936,0.67565,0.67575,1.80,0.80
2007.07.09 17:27:28.102,0.6756,0.67575,67.50,0.80
2007.07.09 17:27:28.734,0.6756,0.67575,68.20,3.20
2007.07.09 17:27:28.738,0.67565,0.67575,0.60,3.20
2007.07.09 17:27:29.334,0.6756,0.67575,66.60,2.40
2007.07.09 17:27:29.563,0.67565,0.67575,0.80,4.00
2007.07.09 17:27:29.845,0.6756,0.67575,68.20,4.80
2007.07.09 17:27:30.065,0.6756,0.67575,68.20,3.20
2007.07.09 17:27:30.377,0.67565,0.6757,0.80,2.40
2007.07.09 17:27:30.488,0.6756,0.6757,68.30,10.40
2007.07.09 17:27:30.596,0.6756,0.6757,64.30,10.40
2007.07.09 17:27:31.358,0.6756,0.6757,63.50,10.40
2007.07.09 17:27:33.453,0.6756,0.6757,67.10,8.00
2007.07.09 17:27:33.473,0.6756,0.67575,64.60,2.40
2007.07.09 17:27:34.378,0.67565,0.67575,1.30,2.40
2007.07.09 17:27:34.470,0.67565,0.67575,1.20,2.40
2007.07.09 17:27:34.578,0.67565,0.6758,4.40,61.50
2007.07.09 17:27:34.612,0.6756,0.6758,77.50,50.30
2007.07.09 17:27:43.388,0.67565,0.6758,1.70,42.30
2007.07.09 17:27:43.495,0.6756,0.6758,79.90,42.50
2007.07.09 17:27:43.554,0.67565,0.6758,3.40,44.90
2007.07.09 17:27:43.647,0.67565,0.6758,4.40,42.50
2007.07.09 17:27:44.090,0.6756,0.6758,80.70,50.50
2007.07.09 17:27:44.261,0.6756,0.6758,78.30,52.90
2007.07.09 17:27:44.931,0.67565,0.6758,14.30,45.00
2007.07.09 17:27:44.939,0.67565,0.6758,16.70,45.00
2007.07.09 17:27:45.027,0.67565,0.6758,24.70,45.00
2007.07.09 17:27:45.057,0.6757,0.6758,3.70,42.60
2007.07.09 17:27:46.041,0.67565,0.6758,31.90,34.60
2007.07.09 17:27:46.451,0.67565,0.6758,31.90,32.20
2007.07.09 17:27:46.720,0.6757,0.6758,6.70,31.20
2007.07.09 17:27:47.028,0.67565,0.6758,31.90,23.20
2007.07.09 17:27:47.242,0.67565,0.6758,33.50,23.20
2007.07.09 17:27:47.388,0.6757,0.6758,10.20,23.20
2007.07.09 17:27:52.486,0.6757,0.6758,2.30,22.40
2007.07.09 17:27:52.569,0.6757,0.6758,1.10,21.60
2007.07.09 17:27:52.580,0.67565,0.6758,33.50,20.80
2007.07.09 17:28:07.523,0.6757,0.6758,20.70,19.20
2007.07.09 17:28:07.582,0.6757,0.6758,20.70,17.60
2007.07.09 17:28:09.241,0.67565,0.6758,33.50,17.60
2007.07.09 17:28:13.673,0.67565,0.6758,33.50,16.80
2007.07.09 17:28:13.712,0.67565,0.6758,33.50,16.80
2007.07.09 17:28:13.934,0.67565,0.6758,34.30,16.80
2007.07.09 17:28:13.973,0.67565,0.6758,35.90,16.80
2007.07.09 17:28:14.040,0.67565,0.6758,43.80,8.80
2007.07.09 17:28:14.075,0.6757,0.6758,10.20,6.40
2007.07.09 17:28:14.137,0.67565,0.6758,60.60,2.40
2007.07.09 17:28:14.286,0.67565,0.67585,63.80,10.40
2007.07.09 17:28:14.304,0.6757,0.67585,24.60,6.40
2007.07.09 17:28:14.362,0.6757,0.67585,3.50,6.40
2007.07.09 17:28:14.496,0.67565,0.67585,71.00,4.00
2007.07.09 17:28:14.570,0.6757,0.67585,24.60,4.00
2007.07.09 17:28:14.708,0.6757,0.6758,18.80,8.00
2007.07.09 17:28:14.724,0.6757,0.6758,12.30,10.40
2007.07.09 17:28:14.895,0.67575,0.6758,0.80,10.40
2007.07.09 17:28:15.761,0.67565,0.6758,72.70,10.40
2007.07.09 17:28:15.976,0.67565,0.6758,68.70,10.40
2007.07.09 17:28:15.998,0.6757,0.6758,4.20,10.40
2007.07.09 17:28:16.072,0.67565,0.6758,56.70,12.80
2007.07.09 17:28:16.108,0.67565,0.6758,56.70,12.80
2007.07.09 17:28:19.036,0.6757,0.6758,46.30,10.40
2007.07.09 17:28:19.042,0.67575,0.6758,0.80,2.40
2007.07.09 17:28:19.353,0.6757,0.67585,66.30,1.60
2007.07.09 17:28:19.675,0.6757,0.67585,68.70,1.60
2007.07.09 17:28:21.097,0.67575,0.67585,1.50,0.80
2007.07.09 17:28:21.181,0.67575,0.6759,1.00,64.00
2007.07.09 17:28:21.496,0.67575,0.6759,0.50,61.60
2007.07.09 17:28:28.100,0.67575,0.6759,0.80,61.60
2007.07.09 17:28:28.119,0.6757,0.67585,60.60,2.40
2007.07.09 17:28:28.526,0.67565,0.67585,75.00,2.40
2007.07.09 17:28:29.017,0.6757,0.67585,27.80,2.40
2007.07.09 17:28:29.122,0.6757,0.67585,9.00,2.40
2007.07.09 17:28:29.608,0.67565,0.67585,73.50,2.40
2007.07.09 17:28:33.290,0.6757,0.67585,0.80,0.70
2007.07.09 17:28:33.633,0.67565,0.67595,71.10,71.90
2007.07.09 17:28:40.115,0.6757,0.67595,54.30,63.90
2007.07.09 17:28:40.131,0.6757,0.67595,54.30,67.10
2007.07.09 17:28:40.210,0.6757,0.67595,46.30,69.60
2007.07.09 17:28:40.811,0.6757,0.67595,46.30,73.60
2007.07.09 17:28:41.074,0.6757,0.6758,46.30,0.80
2007.07.09 17:28:41.135,0.6757,0.6758,42.30,0.80
2007.07.09 17:28:41.250,0.6757,0.6758,46.30,0.90
2007.07.09 17:28:41.564,0.6757,0.6758,44.70,0.70
2007.07.09 17:28:44.691,0.6757,0.6758,40.70,0.70
2007.07.09 17:28:49.686,0.6757,0.6758,36.70,0.50
2007.07.09 17:28:56.620,0.6757,0.67585,50.30,5.60
2007.07.09 17:28:56.631,0.6757,0.67585,50.30,5.60
2007.07.09 17:28:56.719,0.6757,0.67585,58.30,5.60
2007.07.09 17:28:56.839,0.6757,0.67585,59.10,0.60
2007.07.09 17:28:56.911,0.6757,0.6759,59.90,63.80
2007.07.09 17:28:56.946,0.67575,0.67585,0.80,0.70
2007.07.09 17:28:57.044,0.67575,0.6758,0.80,0.70
2007.07.09 17:28:57.122,0.67575,0.6758,0.80,0.90
2007.07.09 17:28:57.546,0.6757,0.67585,61.50,15.20
2007.07.09 17:28:57.655,0.6757,0.67585,57.50,15.20
2007.07.09 17:28:58.039,0.6757,0.67585,49.50,15.20
2007.07.09 17:28:58.291,0.6757,0.67585,46.30,15.20
2007.07.09 17:28:58.549,0.6757,0.67585,49.50,15.20
2007.07.09 17:28:58.660,0.6757,0.67585,61.50,7.20
2007.07.09 17:28:58.669,0.6757,0.6758,61.50,0.80
2007.07.09 17:28:58.685,0.67575,0.67585,0.80,4.50
2007.07.09 17:28:59.205,0.67575,0.67585,2.40,4.10
2007.07.09 17:29:00.263,0.67575,0.6759,2.40,0.90
2007.07.09 17:29:00.476,0.67575,0.6759,2.40,0.50
2007.07.09 17:29:02.109,0.67575,0.67595,2.40,76.90
2007.07.09 17:29:02.522,0.67575,0.6759,2.40,63.30
2007.07.09 17:29:02.837,0.67575,0.67585,2.40,2.40
2007.07.09 17:29:03.630,0.67575,0.6759,2.40,63.30
2007.07.09 17:29:04.175,0.67575,0.6759,2.40,60.90
2007.07.09 17:29:08.227,0.67575,0.6759,6.40,60.90
2007.07.09 17:29:08.306,0.67575,0.6759,6.40,52.90
2007.07.09 17:29:09.533,0.67575,0.67595,6.40,64.10
2007.07.09 17:29:09.595,0.67575,0.6759,6.40,0.50
2007.07.09 17:29:10.257,0.67575,0.6759,6.40,0.70
2007.07.09 17:29:10.326,0.67575,0.67595,6.40,64.10
2007.07.09 17:29:35.308,0.67575,0.6759,6.40,0.90
2007.07.09 17:29:35.311,0.67575,0.67595,2.40,72.10
2007.07.09 17:29:35.325,0.67575,0.67595,2.40,74.50
2007.07.09 17:29:39.643,0.67575,0.6759,2.40,61.70
2007.07.09 17:29:43.146,0.67575,0.6759,2.40,60.90
2007.07.09 17:29:43.168,0.67575,0.6759,4.80,60.90
2007.07.09 17:29:43.253,0.6758,0.6759,0.80,44.90
2007.07.09 17:29:43.278,0.6758,0.6759,0.80,37.70
2007.07.09 17:29:43.336,0.6758,0.6759,0.80,36.10
2007.07.09 17:29:43.376,0.6758,0.6759,0.80,34.50
2007.07.09 17:29:43.653,0.67575,0.6759,11.20,34.50
2007.07.09 17:29:43.692,0.67575,0.6759,11.20,33.70
2007.07.09 17:29:43.775,0.67575,0.6759,11.20,41.70
2007.07.09 17:29:43.788,0.67575,0.6759,7.20,41.70
2007.07.09 17:29:43.990,0.67575,0.67585,4.80,2.40
2007.07.09 17:29:45.600,0.67575,0.67585,4.80,0.50
2007.07.09 17:29:46.336,0.67575,0.67595,4.80,64.10
2007.07.09 17:29:46.751,0.67575,0.67595,4.80,54.50
2007.07.09 17:29:46.845,0.67575,0.67595,8.80,54.50
2007.07.09 17:29:48.789,0.6758,0.6759,0.80,0.60
2007.07.09 17:29:48.920,0.6758,0.67585,0.80,0.70
2007.07.09 17:29:49.140,0.6758,0.6759,3.20,46.00
2007.07.09 17:29:49.157,0.6758,0.67595,3.20,53.20
2007.07.09 17:29:49.231,0.6758,0.67595,4.00,53.20
2007.07.09 17:29:49.275,0.6758,0.67595,11.20,42.50
2007.07.09 17:29:49.376,0.6758,0.6759,11.20,0.50
2007.07.09 17:29:49.474,0.6758,0.67595,11.20,49.70
2007.07.09 17:29:49.654,0.6758,0.6759,8.80,38.50
2007.07.09 17:29:49.678,0.6758,0.67585,0.80,0.90
2007.07.09 17:29:50.155,0.67575,0.6759,5.60,44.10
2007.07.09 17:29:51.719,0.67575,0.6759,9.60,43.10
2007.07.09 17:29:51.995,0.67575,0.67595,9.60,36.70
2007.07.09 17:29:54.185,0.6758,0.6759,8.00,0.90
2007.07.09 17:29:54.251,0.6758,0.67595,10.40,36.70
2007.07.09 17:29:54.489,0.6758,0.6759,10.40,0.90
2007.07.09 17:29:54.896,0.6758,0.67595,10.40,45.90
2007.07.09 17:29:55.073,0.6758,0.67595,10.40,44.70
2007.07.09 17:29:55.169,0.6758,0.67595,10.40,45.60
2007.07.09 17:29:55.372,0.6758,0.67595,10.40,44.70
2007.07.09 17:29:55.893,0.6758,0.67595,10.40,36.70
2007.07.09 17:29:56.309,0.6758,0.67595,10.40,45.50
2007.07.09 17:29:56.432,0.6758,0.6759,10.40,0.90
2007.07.09 17:29:56.920,0.6758,0.67595,10.40,38.30
2007.07.09 17:29:57.330,0.6758,0.67595,10.40,39.10
2007.07.09 17:29:57.352,0.6758,0.67595,10.40,39.90
2007.07.09 17:29:57.951,0.6758,0.67595,10.40,47.90
2007.07.09 17:30:02.185,0.6758,0.6759,2.40,0.90
2007.07.09 17:30:02.193,0.67575,0.67595,9.60,47.90
2007.07.09 17:30:02.306,0.67575,0.67595,9.60,39.90
2007.07.09 17:30:02.708,0.6758,0.67595,0.30,43.90
2007.07.09 17:30:02.795,0.6758,0.67595,0.30,45.00
2007.07.09 17:30:02.913,0.6758,0.67595,0.30,51.90
2007.07.09 17:30:02.946,0.67575,0.67595,8.80,51.90
2007.07.09 17:30:03.018,0.67575,0.6759,8.80,0.70
2007.07.09 17:30:03.100,0.67575,0.67595,8.80,54.30
2007.07.09 17:30:03.114,0.67575,0.6759,8.80,0.50
2007.07.09 17:30:03.192,0.67575,0.6759,4.80,0.90
2007.07.09 17:30:03.313,0.67575,0.67595,2.40,66.40
2007.07.09 17:30:05.357,0.67575,0.6759,2.40,52.80
2007.07.09 17:30:22.771,0.6758,0.67585,2.40,2.40
2007.07.09 17:30:22.798,0.6758,0.67585,10.40,2.40
2007.07.09 17:30:24.713,0.6758,0.67585,8.00,2.40
2007.07.09 17:30:24.752,0.67575,0.67585,3.20,2.40
2007.07.09 17:30:26.755,0.6757,0.67585,62.50,2.40
2007.07.09 17:30:43.250,0.67575,0.67585,5.60,2.40
2007.07.09 17:30:43.379,0.67575,0.67585,13.60,2.40
2007.07.09 17:30:56.356,0.6758,0.67585,2.40,3.20
2007.07.09 17:30:56.397,0.67575,0.67585,2.40,4.00
2007.07.09 17:30:56.606,0.67575,0.6758,2.40,2.40
2007.07.09 17:30:56.797,0.67575,0.6758,2.40,4.80
2007.07.09 17:30:56.873,0.67575,0.6758,2.40,14.40
2007.07.09 17:30:57.219,0.67575,0.6758,1.60,12.00
2007.07.09 17:30:57.268,0.67575,0.67585,1.60,10.40
2007.07.09 17:30:57.325,0.67575,0.67585,1.60,9.60
2007.07.09 17:30:57.667,0.6757,0.67585,60.10,9.60
2007.07.09 17:30:57.799,0.6757,0.67585,52.10,9.60
2007.07.09 17:30:57.840,0.6757,0.67585,52.10,15.20
2007.07.09 17:30:57.909,0.6757,0.67585,48.90,15.20
2007.07.09 17:30:57.931,0.6757,0.67585,48.60,15.20
2007.07.09 17:30:58.239,0.6757,0.67585,44.60,15.20
2007.07.09 17:30:58.416,0.6757,0.67585,43.60,15.20
2007.07.09 17:30:58.499,0.6757,0.67585,42.30,15.20
2007.07.09 17:30:58.977,0.6757,0.67585,43.90,14.40
2007.07.09 17:30:59.174,0.6757,0.67585,43.90,13.60
2007.07.09 17:30:59.267,0.67575,0.67585,0.80,7.20
2007.07.09 17:30:59.373,0.67575,0.67585,0.80,4.00
2007.07.09 17:31:00.087,0.67575,0.67585,0.80,4.80
2007.07.09 17:31:00.396,0.67575,0.67585,0.80,4.00
2007.07.09 17:31:00.610,0.67575,0.67585,0.80,4.80
2007.07.09 17:31:05.839,0.6757,0.67585,64.60,4.80
2007.07.09 17:31:06.064,0.6757,0.67585,64.60,4.00
2007.07.09 17:31:06.349,0.67575,0.67585,0.80,4.00
2007.07.09 17:31:06.549,0.67575,0.67585,0.80,4.80
2007.07.09 17:31:07.773,0.6757,0.67585,64.60,4.80
2007.07.09 17:31:07.898,0.6757,0.67585,59.80,4.80
2007.07.09 17:31:08.004,0.6757,0.67585,59.80,6.40
2007.07.09 17:31:08.311,0.6757,0.6758,59.80,2.40
2007.07.09 17:31:08.472,0.6757,0.6758,45.60,22.30
2007.07.09 17:31:08.506,0.6757,0.6758,40.00,22.30
2007.07.09 17:31:08.572,0.6757,0.6758,33.60,22.30
2007.07.09 17:31:08.756,0.6757,0.6758,31.20,24.70
2007.07.09 17:31:10.324,0.6757,0.6758,39.90,16.80
2007.07.09 17:31:10.488,0.6757,0.6758,39.90,14.40
2007.07.09 17:31:11.861,0.6757,0.6758,41.50,14.40
2007.07.09 17:31:16.164,0.6757,0.67585,41.50,28.00
2007.07.09 17:31:23.392,0.6757,0.67585,39.90,28.00
2007.07.09 17:31:24.125,0.6757,0.67585,41.50,28.00
2007.07.09 17:31:28.027,0.6757,0.67585,39.90,28.00
2007.07.09 17:31:29.061,0.6757,0.6758,41.50,0.70
2007.07.09 17:31:31.861,0.67575,0.67585,0.80,25.60
2007.07.09 17:31:43.033,0.67575,0.67585,2.40,25.60
2007.07.09 17:31:46.890,0.67575,0.6758,0.80,14.40
2007.07.09 17:31:47.639,0.67575,0.6758,2.40,14.40
2007.07.09 17:31:49.482,0.67575,0.6758,0.80,14.40
2007.07.09 17:31:50.213,0.67575,0.6758,2.40,14.40
2007.07.09 17:32:01.405,0.67575,0.6758,0.80,14.40
2007.07.09 17:32:14.294,0.6757,0.6758,43.10,14.40
2007.07.09 17:32:14.354,0.6757,0.67585,43.10,25.60
2007.07.09 17:32:14.648,0.6757,0.67585,41.50,25.60
2007.07.09 17:32:19.343,0.67575,0.67585,0.80,25.60
2007.07.09 17:32:20.789,0.6757,0.67585,43.10,25.60
2007.07.09 17:32:21.379,0.6757,0.67585,43.90,25.60
2007.07.09 17:32:21.401,0.6757,0.67585,44.70,25.60
2007.07.09 17:32:21.485,0.6757,0.6758,43.90,0.60
2007.07.09 17:32:21.508,0.67575,0.6758,0.80,0.90
2007.07.09 17:32:40.474,0.67575,0.6758,0.80,0.60
2007.07.09 17:32:40.617,0.67575,0.67585,0.80,21.50
2007.07.09 17:32:41.846,0.6757,0.6758,34.40,14.30
2007.07.09 17:32:41.890,0.67565,0.6758,44.00,14.30
2007.07.09 17:32:42.506,0.67565,0.6758,42.40,14.30
2007.07.09 17:32:43.540,0.67565,0.6758,51.10,6.40
2007.07.09 17:32:43.629,0.67565,0.6758,53.50,4.00
2007.07.09 17:32:43.645,0.67565,0.6758,54.30,4.00
2007.07.09 17:32:43.741,0.67565,0.6758,53.50,4.00
2007.07.09 17:32:43.962,0.67565,0.6758,52.70,4.00
2007.07.09 17:32:44.047,0.6757,0.6758,39.10,4.00
2007.07.09 17:32:44.864,0.67565,0.6758,55.10,4.00
2007.07.09 17:32:44.974,0.67565,0.6758,54.30,4.00
2007.07.09 17:32:45.501,0.67565,0.6758,52.70,4.00
2007.07.09 17:32:48.161,0.67565,0.6758,51.10,6.40
2007.07.09 17:32:48.230,0.67565,0.6758,51.10,14.40
2007.07.09 17:33:10.007,0.67565,0.6758,59.10,6.40
2007.07.09 17:33:10.048,0.67565,0.6758,63.10,4.00
2007.07.09 17:33:13.189,0.6757,0.67585,51.10,8.80
2007.07.09 17:33:13.279,0.6757,0.67585,51.10,9.60
2007.07.09 17:33:13.676,0.6757,0.6758,47.10,4.00
2007.07.09 17:33:47.568,0.6757,0.6758,39.10,4.00
2007.07.09 17:33:47.664,0.6757,0.6758,38.30,4.00
2007.07.09 17:33:48.088,0.6757,0.6758,46.30,4.00
2007.07.09 17:33:48.196,0.6757,0.6758,47.10,4.00
2007.07.09 17:34:48.175,0.6757,0.6758,39.10,4.00
2007.07.09 17:34:48.289,0.6757,0.6758,38.30,4.00
2007.07.09 17:34:48.692,0.6757,0.6758,46.30,4.00
2007.07.09 17:34:48.796,0.6757,0.6758,47.10,4.00
2007.07.09 17:34:50.503,0.6757,0.6758,47.10,0.50
2007.07.09 17:35:19.239,0.6757,0.6758,39.10,12.00
2007.07.09 17:35:19.298,0.6757,0.6758,39.10,14.40
2007.07.09 17:35:19.400,0.6757,0.6758,39.10,15.20
2007.07.09 17:35:19.761,0.6757,0.6758,39.10,16.80
2007.07.09 17:35:20.780,0.6757,0.6758,39.10,15.20
2007.07.09 17:35:21.293,0.6757,0.6758,39.10,16.80
2007.07.09 17:35:24.858,0.6757,0.6758,12.10,16.80
2007.07.09 17:35:34.727,0.67565,0.6758,51.10,15.20
2007.07.09 17:35:53.869,0.6757,0.6758,39.10,16.80
2007.07.09 17:35:57.732,0.6757,0.6758,39.10,15.20
2007.07.09 17:35:58.351,0.6757,0.6758,23.20,32.70
2007.07.09 17:35:58.382,0.6757,0.6758,23.20,36.70
2007.07.09 17:35:58.409,0.6757,0.6758,21.60,38.30
2007.07.09 17:35:58.460,0.6757,0.6758,12.80,46.30
2007.07.09 17:35:58.491,0.6757,0.67575,12.80,2.40
2007.07.09 17:35:58.877,0.6757,0.67575,11.20,2.40
2007.07.09 17:35:58.997,0.6757,0.67575,19.20,2.40
2007.07.09 17:35:59.154,0.6757,0.6758,19.20,28.70
2007.07.09 17:35:59.183,0.6757,0.6758,20.80,27.10
2007.07.09 17:35:59.397,0.6757,0.6758,22.40,27.10
2007.07.09 17:36:01.922,0.6757,0.6758,22.40,25.50
2007.07.09 17:36:01.942,0.67565,0.6758,31.20,25.50
2007.07.09 17:36:02.528,0.67565,0.6758,39.20,25.50
2007.07.09 17:36:03.858,0.6757,0.6758,14.10,27.10
2007.07.09 17:36:04.489,0.6757,0.6758,11.50,27.10
2007.07.09 17:36:07.353,0.67565,0.6758,39.10,17.60
2007.07.09 17:36:07.449,0.67565,0.6758,47.90,17.60
2007.07.09 17:37:17.130,0.6757,0.6758,39.90,17.60
2007.07.09 17:37:51.083,0.6757,0.6758,39.90,14.40
2007.07.09 17:37:51.149,0.6757,0.6758,39.90,6.40
2007.07.09 17:37:52.204,0.6757,0.6758,40.70,6.40
2007.07.09 17:37:52.255,0.6757,0.6758,41.50,6.40
2007.07.09 17:37:52.406,0.6757,0.6758,42.30,6.40
2007.07.09 17:38:00.783,0.67575,0.6758,0.80,6.40
2007.07.09 17:38:02.686,0.67575,0.6758,0.80,2.40
2007.07.09 17:38:02.797,0.67575,0.67585,0.80,7.20
2007.07.09 17:38:16.319,0.6757,0.67585,59.90,7.20
2007.07.09 17:38:16.588,0.6757,0.67585,58.30,7.20
2007.07.09 17:38:20.583,0.6757,0.67585,57.50,7.20
2007.07.09 17:38:20.691,0.6757,0.67585,58.60,7.20
2007.07.09 17:38:21.521,0.6757,0.67585,58.30,7.20
2007.07.09 17:38:21.661,0.6757,0.67585,2.40,7.20
2007.07.09 17:38:21.711,0.6757,0.67585,17.20,7.20
2007.07.09 17:38:24.437,0.67565,0.67585,74.60,7.20
2007.07.09 17:38:26.183,0.67565,0.67585,74.40,7.20
2007.07.09 17:38:31.132,0.67565,0.67585,73.60,7.20
2007.07.09 17:38:31.177,0.67565,0.67585,71.90,7.20
2007.07.09 17:38:31.344,0.67565,0.67585,71.10,7.20
2007.07.09 17:38:46.141,0.6757,0.67585,25.00,7.20
2007.07.09 17:38:46.249,0.6757,0.6758,10.70,4.00
2007.07.09 17:38:46.324,0.6757,0.6758,6.60,4.00
2007.07.09 17:38:53.975,0.6757,0.67585,45.50,10.40
2007.07.09 17:39:10.609,0.6757,0.67585,43.10,10.40
2007.07.09 17:40:02.770,0.6757,0.67585,45.50,10.40
2007.07.09 17:40:02.848,0.6757,0.67585,53.50,10.40
2007.07.09 17:40:02.877,0.6757,0.67585,53.50,4.80
2007.07.09 17:40:04.305,0.67575,0.67585,0.80,4.80
2007.07.09 17:40:29.464,0.67575,0.67585,2.40,3.20
2007.07.09 17:40:29.615,0.67575,0.67585,4.80,3.20
2007.07.09 17:40:29.678,0.67575,0.67585,5.60,3.20
2007.07.09 17:40:29.909,0.67575,0.67585,3.20,3.20
2007.07.09 17:40:29.939,0.67575,0.67585,2.40,3.20
2007.07.09 17:40:30.673,0.67575,0.67585,2.40,2.40
2007.07.09 17:40:36.492,0.6757,0.67585,70.30,2.40
2007.07.09 17:40:41.860,0.67575,0.67585,2.50,2.40
2007.07.09 17:40:41.985,0.6757,0.67585,69.90,2.40
2007.07.09 17:40:42.001,0.67575,0.67585,0.60,2.40
2007.07.09 17:40:42.075,0.67575,0.67585,4.80,2.40
2007.07.09 17:40:42.081,0.67575,0.67585,5.60,2.40
2007.07.09 17:40:42.223,0.67575,0.67585,6.40,2.40
2007.07.09 17:40:42.271,0.67575,0.67585,6.90,2.40
2007.07.09 17:40:43.377,0.6758,0.67585,1.20,2.40
2007.07.09 17:40:43.416,0.67575,0.67585,21.30,2.40
2007.07.09 17:40:43.471,0.67575,0.67585,22.90,2.40
2007.07.09 17:40:43.521,0.67575,0.67585,26.90,2.40
2007.07.09 17:40:43.819,0.67575,0.67585,34.90,2.40
2007.07.09 17:40:43.928,0.6758,0.67585,3.10,2.40
2007.07.09 17:40:43.986,0.6758,0.67585,2.50,2.40
2007.07.09 17:40:44.027,0.6758,0.67585,7.70,2.40
2007.07.09 17:40:44.226,0.67575,0.67585,46.90,2.40
2007.07.09 17:40:44.284,0.6758,0.67585,15.30,2.40
2007.07.09 17:40:44.294,0.67575,0.6759,46.10,21.50
2007.07.09 17:40:44.414,0.6758,0.6759,7.60,18.30
2007.07.09 17:40:44.444,0.67575,0.6759,65.50,2.40
2007.07.09 17:40:44.547,0.67575,0.6759,65.60,2.40
2007.07.09 17:40:44.582,0.6758,0.6759,18.10,2.40
2007.07.09 17:40:44.655,0.67575,0.6759,66.30,2.40
2007.07.09 17:40:44.748,0.6758,0.6759,1.90,2.40
2007.07.09 17:40:44.839,0.67575,0.6759,71.10,2.40
2007.07.09 17:40:44.964,0.67575,0.6759,69.50,2.40
2007.07.09 17:40:45.070,0.6758,0.6759,4.30,2.40
2007.07.09 17:40:45.083,0.6758,0.6759,8.90,2.40
2007.07.09 17:40:45.124,0.67575,0.6759,61.60,2.40
2007.07.09 17:40:45.373,0.67575,0.6759,61.50,2.40
2007.07.09 17:40:54.754,0.6758,0.6759,24.50,6.40
2007.07.09 17:40:54.956,0.6758,0.6759,11.70,2.40
2007.07.09 17:40:55.744,0.6758,0.6759,17.10,2.40
2007.07.09 17:41:03.198,0.67575,0.6759,59.90,6.40
2007.07.09 17:41:03.279,0.67575,0.6759,62.30,6.40
2007.07.09 17:41:03.504,0.67575,0.6759,54.30,6.40
2007.07.09 17:41:03.695,0.6758,0.6759,10.30,2.40
2007.07.09 17:41:04.886,0.6758,0.6759,6.40,4.80
2007.07.09 17:41:04.943,0.6758,0.6759,9.10,20.70
2007.07.09 17:41:04.990,0.6758,0.6759,11.90,21.50
2007.07.09 17:41:05.041,0.67575,0.6759,32.00,25.50
2007.07.09 17:41:05.251,0.6758,0.6759,7.10,27.10
2007.07.09 17:41:05.868,0.6758,0.6759,22.40,25.50
2007.07.09 17:41:08.812,0.6758,0.6759,22.40,27.10
2007.07.09 17:41:09.933,0.6758,0.6759,22.40,25.50
2007.07.09 17:41:18.003,0.6758,0.6759,22.40,27.10
2007.07.09 17:41:19.890,0.6758,0.6759,22.40,25.50
2007.07.09 17:41:22.996,0.67575,0.6759,32.00,25.50
2007.07.09 17:41:28.295,0.67575,0.6759,32.00,27.10
2007.07.09 17:41:29.332,0.67575,0.6759,32.00,25.50
2007.07.09 17:41:30.428,0.67575,0.6759,32.00,27.10
2007.07.09 17:41:30.557,0.67575,0.6759,33.10,27.10
2007.07.09 17:41:37.045,0.67575,0.6759,32.00,27.10
2007.07.09 17:41:37.151,0.67575,0.6759,32.80,27.10
2007.07.09 17:41:37.341,0.6758,0.6759,0.70,27.10
2007.07.09 17:41:38.456,0.67575,0.6759,32.00,27.10
2007.07.09 17:41:38.564,0.67575,0.6759,32.80,27.10
2007.07.09 17:41:44.773,0.67575,0.6759,33.20,27.10
2007.07.09 17:41:46.598,0.6758,0.6759,4.40,27.10
2007.07.09 17:41:48.129,0.67575,0.6759,35.60,27.10
2007.07.09 17:41:48.142,0.67575,0.6759,34.40,27.10
2007.07.09 17:41:48.349,0.6758,0.6759,2.70,27.10
2007.07.09 17:41:48.423,0.67575,0.6759,24.80,27.10
2007.07.09 17:41:49.056,0.67575,0.6759,24.00,27.10
2007.07.09 17:41:49.161,0.67575,0.6759,20.00,28.70
2007.07.09 17:41:49.492,0.6758,0.6759,0.90,36.70
2007.07.09 17:41:49.831,0.6758,0.6759,3.90,44.70
2007.07.09 17:41:49.923,0.67575,0.6759,19.20,36.70
2007.07.09 17:41:57.696,0.6758,0.6759,10.40,39.10
2007.07.09 17:42:02.693,0.6758,0.6759,10.40,36.70
2007.07.09 17:42:03.373,0.6758,0.6759,10.40,39.10
2007.07.09 17:42:03.676,0.6758,0.6759,10.40,36.70
2007.07.09 17:42:03.975,0.6758,0.6759,10.40,39.10
2007.07.09 17:42:04.083,0.6758,0.6759,10.40,36.70
2007.07.09 17:42:05.016,0.6758,0.6759,10.40,39.10
2007.07.09 17:42:06.635,0.6758,0.6759,10.40,36.70
2007.07.09 17:42:06.743,0.6758,0.6759,10.40,39.10
2007.07.09 17:42:07.321,0.6758,0.6759,10.40,47.10
2007.07.09 17:42:07.934,0.6758,0.6759,10.40,39.10
2007.07.09 17:42:09.091,0.6758,0.6759,10.40,0.80
2007.07.09 17:42:24.854,0.6758,0.6759,11.20,39.10
2007.07.09 17:42:25.166,0.6758,0.6759,11.20,36.70
2007.07.09 17:42:25.323,0.6758,0.6759,12.80,28.70
2007.07.09 17:42:25.367,0.6758,0.6759,14.40,28.70
2007.07.09 17:42:25.761,0.6758,0.6759,15.20,28.70
2007.07.09 17:42:25.780,0.6758,0.6759,16.00,28.70
2007.07.09 17:42:25.869,0.6758,0.6759,17.00,28.70
2007.07.09 17:42:25.899,0.6758,0.6759,17.80,28.70
2007.07.09 17:42:25.965,0.6758,0.6759,25.80,28.70
2007.07.09 17:42:26.106,0.6758,0.6759,25.80,27.10
2007.07.09 17:42:26.286,0.6758,0.6759,25.00,27.10
2007.07.09 17:42:26.373,0.6758,0.6759,24.20,27.10
2007.07.09 17:42:26.391,0.6758,0.6759,23.40,27.10
2007.07.09 17:42:31.061,0.6758,0.6759,22.60,27.10
2007.07.09 17:42:31.165,0.6758,0.6759,13.00,27.10
2007.07.09 17:42:31.222,0.6758,0.6759,11.40,28.70
2007.07.09 17:42:31.263,0.6758,0.6759,10.40,28.70
2007.07.09 17:42:31.448,0.6758,0.6759,10.40,36.70
2007.07.09 17:42:31.567,0.6758,0.6759,10.40,39.10
2007.07.09 17:42:31.668,0.6758,0.6759,10.40,47.10
2007.07.09 17:42:32.223,0.6758,0.6759,4.40,47.10
2007.07.09 17:42:41.529,0.67575,0.6759,25.50,39.20
2007.07.09 17:42:54.887,0.67575,0.6759,25.50,31.20
2007.07.09 17:42:55.928,0.6758,0.6759,2.00,39.20
2007.07.09 17:42:56.631,0.6758,0.6759,2.90,39.20
2007.07.09 17:42:56.678,0.6758,0.6759,4.30,39.20
2007.07.09 17:42:56.846,0.6757,0.6759,76.80,47.10
2007.07.09 17:42:56.881,0.67575,0.6759,2.30,47.10
2007.07.09 17:42:56.955,0.6757,0.6759,76.00,47.90
2007.07.09 17:42:56.967,0.67575,0.6759,0.60,47.90
2007.07.09 17:42:56.986,0.6757,0.67585,76.00,0.80
2007.07.09 17:42:57.194,0.6757,0.67585,79.10,0.80
2007.07.09 17:42:57.288,0.6757,0.67585,79.10,0.80
2007.07.09 17:42:57.482,0.6757,0.67585,81.50,0.80
2007.07.09 17:42:57.695,0.6757,0.67585,76.70,0.80
2007.07.09 17:42:57.736,0.67575,0.67585,2.60,2.40
2007.07.09 17:42:57.797,0.6757,0.67585,75.10,2.40
2007.07.09 17:42:58.992,0.6757,0.67585,75.10,0.80
2007.07.09 17:42:59.995,0.67575,0.67585,0.50,0.80
2007.07.09 17:43:09.426,0.67575,0.67585,6.40,2.40
2007.07.09 17:43:10.943,0.67575,0.67585,6.40,0.80
2007.07.09 17:43:13.655,0.6758,0.67585,2.40,0.80
2007.07.09 17:43:13.757,0.6758,0.67585,10.40,0.80
2007.07.09 17:43:19.204,0.6758,0.6759,10.40,48.70
2007.07.09 17:43:19.438,0.67575,0.6759,17.60,48.70
2007.07.09 17:43:19.691,0.6758,0.6759,12.70,40.80
2007.07.09 17:43:19.714,0.67575,0.6759,38.30,38.40
2007.07.09 17:43:19.779,0.67575,0.6759,47.90,30.40
2007.07.09 17:43:20.014,0.6758,0.6759,1.40,28.00
2007.07.09 17:43:20.192,0.6758,0.6759,13.30,28.00
2007.07.09 17:43:20.217,0.67575,0.6759,39.90,28.00
2007.07.09 17:43:20.303,0.67575,0.6759,30.30,36.00
2007.07.09 17:43:20.429,0.6758,0.6759,1.90,38.40
2007.07.09 17:43:20.547,0.6758,0.6759,7.00,36.80
2007.07.09 17:43:58.679,0.6758,0.6759,21.50,36.80
2007.07.09 17:43:58.744,0.6758,0.6759,29.50,36.80
2007.07.09 17:43:58.863,0.6758,0.6759,40.70,28.80
2007.07.09 17:43:59.094,0.6758,0.6759,40.70,26.40
2007.07.09 17:43:59.262,0.6758,0.6759,42.30,18.40
2007.07.09 17:43:59.298,0.6758,0.6759,43.10,18.40
2007.07.09 17:43:59.351,0.6758,0.6759,44.70,18.40
2007.07.09 17:43:59.881,0.6758,0.6759,44.70,16.80
2007.07.09 17:44:00.116,0.6758,0.6759,44.70,15.20
2007.07.09 17:44:10.327,0.6758,0.6759,43.90,15.20
2007.07.09 17:44:16.764,0.67575,0.6759,52.70,15.20
2007.07.09 17:44:18.829,0.67575,0.6759,33.60,32.70
2007.07.09 17:44:18.844,0.6758,0.6759,8.90,32.70
2007.07.09 17:44:18.942,0.6758,0.6759,0.60,40.70
2007.07.09 17:44:18.953,0.67575,0.6759,23.20,43.10
2007.07.09 17:44:19.016,0.67575,0.6759,19.20,44.70
2007.07.09 17:44:19.312,0.67575,0.6759,17.60,44.70
2007.07.09 17:44:19.337,0.6758,0.6759,1.10,44.70
2007.07.09 17:44:23.308,0.6758,0.6759,3.30,45.50
2007.07.09 17:44:23.317,0.6758,0.6759,3.80,46.30
2007.07.09 17:44:23.398,0.67575,0.6759,16.00,47.10
2007.07.09 17:44:24.650,0.6758,0.6759,2.30,47.90
2007.07.09 17:44:24.740,0.67575,0.6759,16.00,47.10
2007.07.09 17:44:24.846,0.6758,0.6759,4.90,46.30
2007.07.09 17:44:25.754,0.6758,0.6759,0.50,46.30
2007.07.09 17:44:25.896,0.6757,0.6759,68.10,46.30
2007.07.09 17:44:25.957,0.6757,0.6759,68.10,47.20
2007.07.09 17:44:26.304,0.6757,0.67585,68.10,0.80
2007.07.09 17:45:26.965,0.6758,0.67585,8.00,0.80
2007.07.09 17:45:27.178,0.6758,0.6759,10.40,48.70
2007.07.09 17:45:34.889,0.6758,0.6759,10.40,47.90
2007.07.09 17:45:34.917,0.6758,0.6759,10.40,47.10
2007.07.09 17:45:34.993,0.6758,0.6759,10.40,46.30
2007.07.09 17:45:37.667,0.6758,0.6759,10.40,47.10
2007.07.09 17:45:37.746,0.6758,0.6759,10.40,47.90
2007.07.09 17:45:37.803,0.6758,0.6759,10.40,48.70
2007.07.09 17:46:05.906,0.6758,0.6759,10.40,49.70
2007.07.09 17:46:11.507,0.6758,0.6759,10.40,48.10
2007.07.09 17:46:12.568,0.6758,0.6759,10.40,49.70
2007.07.09 17:46:25.494,0.6758,0.6759,8.00,49.70
2007.07.09 17:46:25.540,0.67575,0.6759,5.60,49.70
2007.07.09 17:46:29.506,0.67575,0.6759,4.80,49.70
2007.07.09 17:46:29.624,0.67575,0.6759,4.80,51.30
2007.07.09 17:46:29.635,0.67575,0.6759,4.80,52.90
2007.07.09 17:46:29.743,0.67575,0.6759,4.80,53.70
2007.07.09 17:46:30.023,0.67575,0.6759,4.80,54.50
2007.07.09 17:46:30.636,0.67575,0.67585,4.80,0.80
2007.07.09 17:46:48.063,0.67575,0.67585,2.40,0.80
2007.07.09 17:46:48.099,0.67575,0.67585,0.80,2.40
2007.07.09 17:46:48.169,0.67575,0.6758,0.80,8.00
2007.07.09 17:46:48.183,0.67575,0.6758,0.80,12.80
2007.07.09 17:46:48.887,0.6757,0.6758,61.50,12.80
2007.07.09 17:47:19.330,0.6757,0.6758,60.70,12.80
2007.07.09 17:47:19.413,0.6757,0.6758,59.90,12.80
2007.07.09 17:47:19.450,0.6757,0.6758,59.10,12.80
2007.07.09 17:47:19.532,0.6757,0.6758,57.50,12.80
2007.07.09 17:47:21.649,0.6757,0.6758,55.10,12.80
2007.07.09 17:47:25.580,0.67565,0.6758,60.70,12.80
2007.07.09 17:47:36.186,0.67565,0.6758,62.30,13.60
2007.07.09 17:47:36.226,0.67565,0.6758,54.30,13.60
2007.07.09 17:47:36.741,0.6757,0.6758,7.90,13.60
2007.07.09 17:47:36.881,0.6757,0.6758,7.80,12.80
2007.07.09 17:47:37.770,0.67565,0.6758,53.50,12.80
2007.07.09 17:47:37.789,0.6757,0.6758,17.50,13.60
2007.07.09 17:47:41.676,0.6757,0.6758,13.50,12.80
2007.07.09 17:47:41.725,0.6757,0.6758,20.90,12.80
2007.07.09 17:47:43.242,0.6757,0.6758,55.10,12.80
2007.07.09 17:48:00.289,0.6757,0.6758,59.10,12.80
2007.07.09 17:48:29.588,0.6757,0.6758,57.50,12.80
2007.07.09 17:48:29.799,0.6757,0.6758,57.50,13.60
2007.07.09 17:48:29.896,0.6757,0.6758,49.50,13.60
2007.07.09 17:48:37.913,0.6757,0.6758,49.50,12.80
2007.07.09 17:48:37.934,0.6757,0.6758,57.50,12.80
2007.07.09 17:48:38.268,0.6757,0.6758,49.50,12.80
2007.07.09 17:48:38.586,0.6757,0.6758,49.50,13.60
2007.07.09 17:48:47.305,0.6757,0.6758,49.50,12.80
2007.07.09 17:48:47.432,0.6757,0.6758,57.50,12.80
2007.07.09 17:48:48.947,0.6757,0.6758,49.50,12.80
2007.07.09 17:48:49.359,0.6757,0.6758,49.50,13.60
2007.07.09 17:48:50.810,0.6757,0.6758,57.50,13.60
2007.07.09 17:48:50.978,0.6757,0.6758,57.50,12.80
2007.07.09 17:48:51.996,0.6757,0.6758,49.50,12.80
2007.07.09 17:49:03.846,0.6757,0.6758,47.90,12.80
2007.07.09 17:49:03.919,0.6757,0.6758,45.50,21.60
2007.07.09 17:49:04.422,0.6757,0.6758,45.50,23.20
2007.07.09 17:49:04.604,0.6757,0.6758,45.50,24.80
2007.07.09 17:49:04.927,0.6757,0.6758,45.50,23.20
2007.07.09 17:49:05.754,0.6757,0.6758,46.30,24.80
2007.07.09 17:49:05.769,0.6757,0.6758,46.30,23.20
2007.07.09 17:49:05.862,0.6757,0.6758,46.30,16.80
2007.07.09 17:49:05.944,0.6757,0.6758,46.30,15.20
2007.07.09 17:49:05.963,0.6757,0.6758,46.30,23.20
2007.07.09 17:49:06.364,0.6757,0.6758,47.90,23.20
2007.07.09 17:49:06.676,0.6757,0.6758,47.90,24.80
2007.07.09 17:49:06.880,0.6757,0.6758,47.90,15.20
2007.07.09 17:49:07.222,0.6757,0.6758,47.90,13.60
2007.07.09 17:49:07.381,0.6757,0.6758,45.50,13.60
2007.07.09 17:49:07.399,0.6757,0.6758,27.10,23.20
2007.07.09 17:49:07.481,0.6757,0.6758,24.70,23.20
2007.07.09 17:49:07.506,0.6757,0.6758,20.70,27.20
2007.07.09 17:49:07.910,0.6757,0.6758,20.70,19.20
2007.07.09 17:49:07.973,0.6757,0.6758,20.70,20.80
2007.07.09 17:49:08.263,0.6757,0.67585,20.70,32.80
2007.07.09 17:49:09.490,0.6757,0.67585,22.30,32.80
2007.07.09 17:49:18.634,0.6757,0.67585,20.70,34.40
2007.07.09 17:49:18.789,0.6757,0.67585,19.10,42.40
2007.07.09 17:49:18.980,0.6757,0.67585,19.10,34.40
2007.07.09 17:49:19.301,0.6757,0.6758,20.70,0.90
2007.07.09 17:49:21.446,0.6757,0.6758,37.50,0.90
2007.07.09 17:49:21.753,0.6757,0.67585,37.50,24.80
2007.07.09 17:49:21.944,0.67575,0.6758,1.60,0.50
2007.07.09 17:49:22.372,0.67575,0.6758,1.60,0.70
2007.07.09 17:49:38.251,0.67575,0.6758,1.60,15.20
2007.07.09 17:49:38.276,0.67575,0.6758,1.60,13.60
2007.07.09 17:49:38.504,0.67575,0.67585,1.60,24.80
2007.07.09 17:49:38.875,0.67575,0.67585,1.60,26.40
2007.07.09 17:49:39.050,0.67575,0.67585,1.60,26.40
2007.07.09 17:49:48.936,0.67575,0.67585,1.60,26.40
2007.07.09 17:49:48.944,0.67575,0.67585,1.60,24.80
2007.07.09 17:49:55.264,0.67575,0.6758,1.60,0.70
2007.07.09 17:49:55.545,0.67575,0.6758,1.60,0.60
2007.07.09 17:50:03.949,0.67575,0.67585,1.60,24.80
2007.07.09 17:50:04.009,0.67575,0.6758,1.60,0.80
2007.07.09 17:50:04.402,0.67575,0.67585,1.60,29.60
2007.07.09 17:50:04.531,0.67575,0.6758,1.60,0.50
2007.07.09 17:50:04.785,0.67575,0.67585,1.60,30.40
2007.07.09 17:50:06.673,0.67575,0.6758,1.60,21.60
2007.07.09 17:50:06.776,0.67575,0.6758,1.60,20.80
2007.07.09 17:50:08.896,0.6757,0.6758,24.70,20.80
2007.07.09 17:50:14.216,0.6757,0.6758,24.70,19.20
2007.07.09 17:50:14.246,0.6757,0.6758,24.70,18.40
2007.07.09 17:50:14.287,0.6757,0.6758,24.70,16.80
2007.07.09 17:50:16.973,0.6757,0.6758,16.80,32.70
2007.07.09 17:50:17.055,0.6757,0.67575,16.80,2.40
2007.07.09 17:50:17.078,0.6757,0.67575,12.80,2.40
2007.07.09 17:50:25.157,0.67565,0.67575,23.20,2.40
2007.07.09 17:50:48.564,0.6757,0.67575,5.30,2.40
2007.07.09 17:50:50.205,0.67565,0.6758,21.60,47.90
2007.07.09 17:50:54.087,0.67565,0.6758,23.20,39.10
2007.07.09 17:51:04.159,0.67555,0.67565,2.40,0.70
2007.07.09 17:51:08.702,0.67555,0.67565,0.30,27.40
2007.07.09 17:51:08.776,0.67554,0.67564,14.40,0.70
2007.07.09 17:51:23.706,0.67551,0.67566,37.50,39.60
2007.07.09 17:51:23.719,0.67551,0.67566,8.00,0.90
2007.07.09 17:51:24.530,0.6755,0.67565,22.40,16.00
2007.07.09 17:51:25.660,0.67549,0.67564,2.40,0.70
2007.07.09 17:51:25.963,0.67551,0.67561,10.40,35.70
2007.07.09 17:51:27.982,0.67547,0.67562,24.80,8.00
2007.07.09 17:51:28.565,0.6755,0.6756,8.00,27.90
2007.07.09 17:51:29.505,0.6755,0.67565,30.30,0.50
2007.07.09 17:51:30.197,0.67553,0.67568,15.10,18.40
2007.07.09 17:51:30.233,0.67555,0.6757,18.40,34.90
2007.07.09 17:51:30.308,0.67556,0.67571,35.10,47.60
2007.07.09 17:51:30.660,0.67558,0.67573,18.40,16.50
2007.07.09 17:51:30.727,0.67556,0.67571,0.30,27.40
2007.07.09 17:51:30.762,0.67555,0.6757,37.50,38.80
2007.07.09 17:51:34.105,0.67556,0.67566,18.40,0.80
2007.07.09 17:51:34.288,0.67556,0.67566,2.40,0.60
2007.07.09 17:51:34.306,0.67555,0.67565,8.00,47.30
2007.07.09 17:51:34.414,0.67553,0.67568,12.00,0.50
2007.07.09 17:51:34.971,0.67555,0.67565,7.20,10.40
2007.07.09 17:51:35.318,0.6755,0.6757,23.90,0.90
2007.07.09 17:51:35.533,0.67548,0.67573,41.50,51.30
2007.07.09 17:51:36.033,0.6755,0.6757,22.40,8.00
2007.07.09 17:51:38.511,0.67547,0.67572,8.00,0.90
2007.07.09 17:51:38.939,0.67548,0.67568,4.80,8.00
2007.07.09 17:51:38.969,0.67548,0.67568,37.50,38.80
2007.07.09 17:51:39.047,0.67547,0.67572,5.60,24.80
2007.07.09 17:51:39.163,0.67548,0.67573,37.50,8.00
2007.07.09 17:51:39.244,0.67552,0.67572,0.30,2.40
2007.07.09 17:51:39.554,0.67558,0.67568,2.40,0.70
2007.07.09 17:51:41.002,0.6755,0.67575,10.40,34.90
2007.07.09 17:51:41.019,0.67558,0.67568,34.30,0.60
2007.07.09 17:51:41.087,0.67556,0.67566,33.50,18.40
2007.07.09 17:51:41.206,0.67553,0.67568,8.00,42.50
2007.07.09 17:51:41.220,0.6755,0.6757,37.50,50.50
2007.07.09 17:51:41.423,0.67549,0.67569,37.50,48.90
2007.07.09 17:51:41.609,0.6755,0.67565,8.00,0.80
2007.07.09 17:51:41.632,0.6755,0.67565,10.40,35.70
2007.07.09 17:51:41.948,0.67551,0.67566,12.00,0.50
2007.07.09 17:51:42.027,0.67554,0.67569,0.30,27.40
2007.07.09 17:51:42.054,0.67555,0.6757,26.40,48.90
2007.07.09 17:51:42.136,0.67556,0.67571,8.00,30.90
2007.07.09 17:51:42.152,0.67559,0.67569,31.10,18.40
2007.07.09 17:51:42.234,0.6756,0.6757,22.40,16.00
2007.07.09 17:51:42.449,0.67554,0.67574,35.10,40.40
2007.07.09 17:51:44.288,0.67555,0.67575,8.00,0.60
2007.07.09 17:51:44.299,0.6756,0.6757,35.10,2.40
2007.07.09 17:51:45.053,0.67557,0.67567,34.30,57.00
2007.07.09 17:51:45.274,0.67551,0.67566,23.20,18.40
2007.07.09 17:51:45.322,0.67548,0.67564,8.00,0.50
2007.07.09 17:51:45.418,0.67545,0.6757,24.80,16.00
2007.07.09 17:51:45.514,0.67547,0.67572,8.00,48.90
2007.07.09 17:51:45.614,0.67548,0.67573,22.40,16.50
2007.07.09 17:51:45.794,0.67551,0.67571,34.30,0.60
2007.07.09 17:51:49.799,0.6755,0.67575,14.40,18.40
2007.07.09 17:51:52.458,0.67552,0.67572,37.50,38.80
2007.07.09 17:51:52.617,0.67551,0.67571,33.50,45.00
2007.07.09 17:51:53.878,0.67551,0.67571,37.50,38.80
2007.07.09 17:51:53.958,0.67551,0.67571,43.10,47.60
2007.07.09 17:51:53.975,0.6755,0.6757,32.70,41.00
2007.07.09 17:51:54.031,0.67549,0.67569,8.00,42.50
2007.07.09 17:51:54.061,0.67549,0.67569,22.40,16.50
2007.07.09 17:51:54.091,0.67548,0.67568,8.00,40.40
2007.07.09 17:51:54.170,0.67554,0.67564,22.40,35.70
2007.07.09 17:51:54.187,0.67554,0.67564,14.40,0.80
2007.07.09 17:51:54.306,0.67549,0.67569,0.30,2.40
2007.07.09 17:51:55.852,0.67554,0.67564,35.10,51.40
2007.07.09 17:51:56.016,0.67549,0.67569,30.30,28.50
2007.07.09 17:51:56.038,0.67549,0.67569,37.50,35.10
2007.07.09 17:51:56.097,0.67549,0.67569,33.50,45.00
2007.07.09 17:51:56.217,0.67549,0.67569,0.80,36.70
2007.07.09 17:51:56.249,0.67548,0.67568,37.50,48.90
2007.07.09 17:51:58.281,0.67548,0.67568,8.00,32.40
2007.07.09 17:51:58.287,0.67549,0.67569,35.10,2.40
2007.07.09 17:51:58.575,0.6755,0.6757,45.50,48.90
2007.07.09 17:51:58.580,0.6755,0.6757,22.40,8.00
2007.07.09 17:51:58.789,0.6755,0.6757,8.00,0.80
2007.07.09 17:51:58.907,0.67549,0.67569,18.40,27.70
2007.07.09 17:51:59.111,0.67549,0.67569,0.30,2.40
2007.07.09 17:51:59.207,0.67554,0.67564,23.90,0.90
2007.07.09 17:51:59.320,0.67558,0.67568,2.40,0.60
2007.07.09 17:51:59.408,0.67558,0.67574,35.10,44.40
2007.07.09 17:52:00.005,0.6755,0.6757,8.00,42.50
2007.07.09 17:52:00.024,0.6755,0.6757,34.30,0.90
2007.07.09 17:52:00.107,0.67551,0.67571,2.40,34.80
2007.07.09 17:52:00.264,0.67553,0.67573,30.30,31.70
2007.07.09 17:52:00.269,0.67555,0.67575,37.50,38.80
2007.07.09 17:52:00.313,0.67559,0.67574,45.50,50.50
2007.07.09 17:52:00.419,0.67558,0.67573,35.10,2.40
2007.07.09 17:52:00.434,0.67557,0.67572,34.30,12.80
2007.07.09 17:52:00.635,0.67556,0.67571,2.40,43.60
2007.07.09 17:52:00.800,0.6756,0.67565,22.40,16.00
2007.07.09 17:52:00.942,0.67561,0.67566,0.30,2.40
2007.07.09 17:52:01.053,0.6756,0.6757,45.50,50.50
2007.07.09 17:52:01.159,0.67556,0.67571,10.40,35.70
2007.07.09 17:52:01.676,0.67557,0.67572,24.80,18.40
2007.07.09 17:52:01.962,0.67561,0.67571,33.50,0.50
2007.07.09 17:52:01.988,0.6756,0.6757,30.30,0.50
2007.07.09 17:52:02.394,0.67559,0.67569,23.90,0.90
2007.07.09 17:52:03.785,0.67559,0.67569,31.10,18.40
2007.07.09 17:52:03.815,0.67559,0.67569,8.00,0.80
2007.07.09 17:52:04.489,0.6756,0.6757,33.50,45.00
2007.07.09 17:52:04.707,0.67561,0.67571,22.40,48.90
2007.07.09 17:52:05.764,0.67564,0.67574,24.80,40.20
2007.07.09 17:52:06.005,0.67566,0.67576,4.80,8.00
2007.07.09 17:52:06.775,0.67566,0.67576,27.20,49.70
2007.07.09 17:52:06.810,0.67568,0.67578,43.10,50.00
2007.07.09 17:52:06.868,0.67567,0.67577,35.10,0.70
2007.07.09 17:52:08.394,0.67565,0.67575,41.50,51.30
2007.07.09 17:52:08.457,0.67562,0.67572,45.50,48.90
2007.07.09 17:52:08.980,0.6756,0.6757,18.40,34.10
2007.07.09 17:52:09.975,0.6756,0.6757,8.00,40.40
2007.07.09 17:52:10.008,0.6756,0.6757,23.90,0.90
2007.07.09 17:52:10.311,0.67561,0.67571,24.80,51.40
2007.07.09 17:52:10.412,0.67563,0.67573,35.10,43.60
2007.07.09 17:52:10.509,0.67561,0.67571,41.50,51.30
2007.07.09 17:52:10.602,0.67557,0.67567,43.10,50.00
2007.07.09 17:52:10.807,0.67554,0.67564,18.40,16.50
2007.07.09 17:52:10.824,0.67551,0.67561,43.10,0.60
2007.07.09 17:52:10.915,0.67555,0.67565,23.10,18.40
2007.07.09 17:52:11.235,0.67558,0.67568,9.60,18.40
2007.07.09 17:52:11.346,0.6756,0.6757,8.00,0.70
2007.07.09 17:52:11.626,0.67561,0.67571,43.10,39.90
2007.07.09 17:52:11.644,0.6756,0.67575,8.00,40.40
2007.07.09 17:52:11.845,0.67559,0.67579,34.30,12.80
2007.07.09 17:52:11.953,0.6756,0.6758,32.70,41.00
2007.07.09 17:52:13.993,0.67561,0.67581,15.10,18.40
2007.07.09 17:52:14.851,0.67562,0.67582,35.10,8.00
2007.07.09 17:52:14.907,0.67563,0.67583,33.50,0.50
2007.07.09 17:52:16.862,0.67561,0.67581,34.30,12.80
2007.07.09 17:52:16.955,0.67561,0.67581,2.40,0.60
2007.07.09 17:52:16.964,0.6756,0.6758,45.50,48.90
2007.07.09 17:52:17.488,0.67558,0.67578,24.80,62.50
2007.07.09 17:52:17.553,0.67556,0.67576,18.40,27.70
2007.07.09 17:52:17.612,0.67558,0.67578,0.30,27.40
2007.07.09 17:52:21.073,0.67558,0.67578,4.80,20.80
2007.07.09 17:52:21.077,0.67558,0.67578,8.00,30.30
2007.07.09 17:52:53.501,0.67557,0.67577,12.00,49.00
2007.07.09 17:52:53.870,0.67561,0.67576,35.10,51.40
2007.07.09 17:52:54.012,0.67563,0.67578,30.30,2.40
2007.07.09 17:52:54.070,0.67564,0.67584,12.00,0.50
2007.07.09 17:52:54.616,0.67566,0.67586,8.00,30.90
2007.07.09 17:53:00.105,0.67547,0.67557,8.00,16.00
2007.07.09 17:53:03.085,0.67549,0.67559,4.80,18.40
2007.07.09 17:53:26.856,0.67552,0.67562,34.30,57.00
2007.07.09 17:53:29.120,0.67548,0.67563,14.40,0.80
2007.07.09 17:53:38.991,0.67549,0.67559,2.40,0.60
2007.07.09 17:53:58.953,0.67542,0.67562,37.50,42.80
2007.07.09 17:54:03.884,0.67548,0.67558,18.40,35.70
2007.07.09 17:54:06.319,0.6755,0.67565,37.50,0.70
2007.07.09 17:54:06.512,0.67554,0.67569,22.40,8.00
2007.07.09 17:54:06.839,0.6756,0.6757,10.40,34.90
2007.07.09 17:54:10.937,0.67559,0.67574,23.90,0.90
2007.07.09 17:54:11.264,0.6756,0.6757,22.40,8.00
2007.07.09 17:54:11.564,0.67556,0.67571,35.10,40.40
2007.07.09 17:54:11.654,0.67553,0.67573,26.40,48.90
2007.07.09 17:54:11.848,0.6755,0.67575,24.80,52.90
2007.07.09 17:54:12.004,0.67551,0.67576,8.00,48.10
2007.07.09 17:54:12.043,0.67552,0.67572,24.80,53.70
2007.07.09 17:54:12.060,0.67548,0.67573,35.10,45.00
2007.07.09 17:54:12.078,0.67552,0.67567,34.30,0.80
2007.07.09 17:54:12.174,0.67556,0.67566,22.40,8.00
2007.07.09 17:54:12.505,0.67555,0.6757,18.40,0.80
2007.07.09 17:54:12.695,0.67556,0.67571,37.50,35.10
2007.07.09 17:54:14.956,0.67558,0.67573,30.30,28.50
2007.07.09 17:54:15.059,0.6756,0.6757,37.50,0.70
2007.07.09 17:54:15.084,0.67551,0.67576,31.10,18.40
2007.07.09 17:54:15.189,0.6755,0.67575,23.10,18.40
2007.07.09 17:54:15.289,0.67552,0.67577,26.30,49.80
2007.07.09 17:54:16.231,0.67554,0.67579,33.50,45.00
2007.07.09 17:54:16.432,0.67555,0.67581,18.40,18.40
2007.07.09 17:54:16.541,0.67559,0.67579,34.30,0.50
2007.07.09 17:54:16.920,0.67562,0.67577,22.40,10.40
2007.07.09 17:54:16.934,0.67564,0.67574,34.30,10.40
2007.07.09 17:54:16.982,0.67562,0.67572,8.00,16.00
2007.07.09 17:54:32.639,0.67559,0.67574,37.50,48.90
2007.07.09 17:54:38.228,0.6756,0.6757,32.70,41.00
2007.07.09 17:54:50.523,0.6756,0.6757,33.50,0.50
2007.07.09 17:54:50.973,0.67556,0.67571,27.20,53.70
2007.07.09 17:54:56.140,0.6756,0.6757,16.00,0.70
2007.07.09 17:54:56.546,0.67559,0.67574,30.30,28.50
2007.07.09 17:54:57.055,0.67563,0.67573,18.40,0.80
2007.07.09 17:54:58.896,0.67561,0.67577,8.00,0.70
2007.07.09 17:55:30.112,0.6757,0.67575,14.40,2.40
2007.07.09 17:55:32.300,0.6757,0.67575,12.80,2.40
2007.07.09 17:56:18.288,0.6757,0.67575,12.00,2.40
2007.07.09 17:56:18.337,0.6757,0.67575,10.40,2.40
2007.07.09 17:56:29.203,0.6757,0.67575,11.20,2.40
2007.07.09 17:56:37.172,0.6757,0.67575,3.20,2.40
2007.07.09 17:56:37.225,0.67565,0.67575,6.40,2.40
2007.07.09 17:56:38.977,0.67565,0.67575,6.40,0.50
2007.07.09 17:56:41.253,0.6757,0.6758,2.40,39.10
2007.07.09 17:56:41.263,0.6757,0.67575,10.40,0.50
2007.07.09 17:56:59.821,0.6757,0.67575,11.20,0.90
2007.07.09 17:57:02.964,0.6757,0.6758,12.80,28.70
2007.07.09 17:57:04.299,0.6757,0.6758,11.20,28.70
2007.07.09 17:57:04.320,0.6757,0.67575,10.40,0.70
2007.07.09 17:57:05.070,0.6757,0.6758,11.20,47.10
2007.07.09 17:57:07.709,0.6757,0.6758,12.80,47.10
2007.07.09 17:57:15.875,0.6757,0.67575,11.20,2.40
2007.07.09 17:57:23.221,0.6757,0.67575,12.80,2.40
2007.07.09 17:57:24.258,0.6757,0.67575,11.20,2.40
2007.07.09 17:57:25.121,0.6757,0.6758,11.20,39.10
2007.07.09 17:57:30.745,0.6757,0.67575,12.80,0.60
2007.07.09 17:57:49.958,0.6757,0.6758,12.80,0.80
2007.07.09 17:57:50.085,0.6757,0.67585,12.80,39.10
2007.07.09 17:57:50.372,0.6757,0.6758,12.80,0.50
2007.07.09 17:57:50.665,0.6757,0.67585,12.80,48.70
2007.07.09 17:57:51.811,0.6757,0.6758,20.80,0.80
2007.07.09 17:57:51.929,0.6757,0.6758,12.80,0.60
2007.07.09 17:57:51.988,0.6757,0.67585,14.40,47.10
2007.07.09 17:57:52.324,0.6757,0.6758,14.40,35.10
2007.07.09 17:57:52.504,0.6757,0.6758,14.40,36.70
2007.07.09 17:57:58.320,0.6757,0.6758,12.80,36.70
2007.07.09 17:57:59.332,0.6757,0.6758,14.40,36.70
2007.07.09 17:58:05.385,0.6757,0.67585,14.40,48.70
2007.07.09 17:58:06.497,0.6757,0.6758,12.80,0.70
2007.07.09 17:58:15.939,0.6757,0.6758,14.40,0.90
2007.07.09 17:58:18.992,0.6757,0.6758,12.80,0.50
2007.07.09 17:58:19.416,0.6757,0.67585,16.80,44.70
2007.07.09 17:58:19.627,0.6757,0.67585,16.80,36.70
2007.07.09 17:58:19.839,0.6757,0.6758,16.80,0.70
2007.07.09 17:58:19.945,0.6757,0.6758,24.80,0.50
2007.07.09 17:58:20.019,0.6757,0.67585,26.40,35.10
2007.07.09 17:58:21.031,0.6757,0.6758,26.40,0.80
2007.07.09 17:58:34.368,0.6757,0.6758,26.40,20.70
2007.07.09 17:58:34.595,0.6757,0.6758,34.40,20.70
2007.07.09 17:58:34.896,0.6757,0.6758,42.30,4.80
2007.07.09 17:58:34.976,0.6757,0.6758,42.30,2.40
2007.07.09 17:58:35.706,0.6757,0.6758,42.30,4.80
2007.07.09 17:58:35.723,0.6757,0.6758,38.30,16.80
2007.07.09 17:58:55.982,0.6757,0.6758,38.30,14.40
2007.07.09 17:58:56.003,0.6757,0.6758,42.30,2.40
2007.07.09 17:58:56.931,0.6757,0.6758,51.10,2.40
2007.07.09 17:58:56.952,0.6757,0.6758,53.50,2.40
2007.07.09 17:58:57.249,0.6757,0.67585,53.50,10.40
2007.07.09 17:58:57.484,0.67575,0.67585,1.60,10.40
2007.07.09 17:59:00.420,0.67575,0.6758,1.60,2.40
2007.07.09 17:59:00.576,0.67575,0.6758,1.60,10.40
