2014.07.07 07:00:00.372,0.79177,0.79185,3.19,1.00
2014.07.07 07:00:00.910,0.79177,0.79186,3.19,1.25
2014.07.07 07:00:02.029,0.79179,0.79186,1.00,1.25
2014.07.07 07:00:02.335,0.79181,0.79187,1.00,1.19
2014.07.07 07:00:02.386,0.79181,0.79189,1.00,1.19
2014.07.07 07:00:03.503,0.79181,0.7919,1.69,1.19
2014.07.07 07:00:08.827,0.79182,0.79191,1.00,3.19
2014.07.07 07:00:09.501,0.79181,0.79191,1.69,3.19
2014.07.07 07:00:10.044,0.79182,0.79191,1.00,3.19
2014.07.07 07:00:10.551,0.79181,0.79191,1.69,3.19
2014.07.07 07:00:13.819,0.79181,0.7919,2.44,2.07
2014.07.07 07:00:14.327,0.7918,0.7919,4.32,2.07
2014.07.07 07:00:17.162,0.79181,0.7919,1.09,1.19
2014.07.07 07:00:17.669,0.79181,0.79189,1.19,1.19
2014.07.07 07:00:18.323,0.79181,0.79191,1.25,2.44
2014.07.07 07:00:19.449,0.79181,0.79189,1.19,1.19
2014.07.07 07:00:21.448,0.79181,0.7919,1.25,2.07
2014.07.07 07:00:23.044,0.7918,0.79188,2.82,1.00
2014.07.07 07:00:23.662,0.7918,0.79188,2.82,1.25
2014.07.07 07:00:26.690,0.7918,0.79188,2.82,1.00
2014.07.07 07:00:28.357,0.79181,0.79188,1.25,1.38
2014.07.07 07:00:29.211,0.79179,0.79187,2.82,1.13
2014.07.07 07:00:30.198,0.7918,0.79187,1.32,1.32
2014.07.07 07:00:30.887,0.79179,0.79186,2.14,1.00
2014.07.07 07:00:31.393,0.79179,0.79187,1.70,1.32
2014.07.07 07:00:36.031,0.79179,0.79187,1.02,1.02
2014.07.07 07:00:36.783,0.79179,0.79186,1.39,1.00
2014.07.07 07:00:37.038,0.79181,0.79186,1.00,1.00
2014.07.07 07:00:37.475,0.79181,0.79188,1.19,1.32
2014.07.07 07:00:37.982,0.79181,0.79187,1.19,1.00
2014.07.07 07:00:38.907,0.79181,0.79186,1.19,1.00
2014.07.07 07:00:39.059,0.7918,0.79186,1.25,1.00
2014.07.07 07:00:39.212,0.79181,0.79188,1.00,2.07
2014.07.07 07:00:39.776,0.7918,0.79188,1.69,2.07
2014.07.07 07:00:40.530,0.7918,0.79188,1.69,2.07
2014.07.07 07:00:44.837,0.7918,0.79188,1.69,2.07
2014.07.07 07:00:45.346,0.79181,0.79188,1.00,2.07
2014.07.07 07:00:46.155,0.7918,0.79188,1.69,2.07
2014.07.07 07:00:51.870,0.79181,0.79188,1.00,1.25
2014.07.07 07:00:52.225,0.79182,0.7919,1.02,1.77
2014.07.07 07:00:52.428,0.79184,0.79189,1.00,1.00
2014.07.07 07:00:52.986,0.79184,0.7919,1.00,1.69
2014.07.07 07:00:53.332,0.79183,0.79188,1.00,1.00
2014.07.07 07:00:53.705,0.79181,0.79187,1.65,1.00
2014.07.07 07:00:54.315,0.79179,0.79188,2.14,4.32
2014.07.07 07:00:54.582,0.79179,0.79187,2.14,1.19
2014.07.07 07:00:55.606,0.7918,0.79188,1.00,2.07
2014.07.07 07:00:56.497,0.7918,0.79186,1.00,1.00
2014.07.07 07:00:56.802,0.7918,0.79188,1.39,2.14
2014.07.07 07:00:57.258,0.79183,0.79188,1.00,1.69
2014.07.07 07:00:57.360,0.79181,0.79188,1.50,2.07
2014.07.07 07:00:57.952,0.7918,0.79188,2.14,2.82
2014.07.07 07:00:59.439,0.7918,0.79188,1.84,2.82
2014.07.07 07:00:59.949,0.79179,0.79187,1.02,1.25
2014.07.07 07:01:02.373,0.79179,0.79186,1.25,1.00
2014.07.07 07:01:02.906,0.79179,0.79187,1.02,1.25
2014.07.07 07:01:07.207,0.79181,0.79187,2.25,1.25
2014.07.07 07:01:07.924,0.79181,0.79186,2.25,1.00
2014.07.07 07:01:08.686,0.7918,0.79184,1.25,1.00
2014.07.07 07:01:08.940,0.79181,0.79186,1.50,1.00
2014.07.07 07:01:09.757,0.7918,0.79186,1.25,1.00
2014.07.07 07:01:10.306,0.79178,0.79185,2.07,1.13
2014.07.07 07:01:11.089,0.79178,0.79186,2.07,1.63
2014.07.07 07:01:11.596,0.79178,0.79186,1.32,2.07
2014.07.07 07:01:12.218,0.79178,0.79185,1.32,1.00
2014.07.07 07:01:12.725,0.79177,0.79186,4.39,1.32
2014.07.07 07:01:12.776,0.79177,0.79186,4.02,1.63
2014.07.07 07:01:12.980,0.79176,0.79183,1.69,1.38
2014.07.07 07:01:13.935,0.79175,0.79183,1.32,1.38
2014.07.07 07:01:14.818,0.79175,0.79183,2.14,1.39
2014.07.07 07:01:15.726,0.79176,0.79183,2.44,1.32
2014.07.07 07:01:16.259,0.79178,0.79183,3.94,1.00
2014.07.07 07:01:16.361,0.79178,0.79185,4.02,1.00
2014.07.07 07:01:16.992,0.79178,0.79186,3.57,2.07
2014.07.07 07:01:17.529,0.79179,0.79185,1.25,1.32
2014.07.07 07:01:17.580,0.79179,0.79183,1.25,1.00
2014.07.07 07:01:17.834,0.79177,0.79183,1.00,1.13
2014.07.07 07:01:18.364,0.79175,0.79183,1.67,1.20
2014.07.07 07:01:18.944,0.79174,0.79183,4.39,1.39
2014.07.07 07:01:19.300,0.79176,0.79183,3.53,1.25
2014.07.07 07:01:19.701,0.79179,0.79186,1.50,2.22
2014.07.07 07:01:20.338,0.79179,0.79186,1.50,1.39
2014.07.07 07:01:22.862,0.79179,0.79185,1.50,1.00
2014.07.07 07:01:23.388,0.79179,0.79187,1.88,2.52
2014.07.07 07:01:24.020,0.79181,0.79187,1.00,1.19
2014.07.07 07:01:25.587,0.79179,0.79187,2.82,1.19
2014.07.07 07:01:26.094,0.79179,0.79188,2.82,2.89
2014.07.07 07:01:29.407,0.7918,0.79187,1.00,1.25
2014.07.07 07:01:29.931,0.7918,0.79187,3.38,1.25
2014.07.07 07:01:31.384,0.79181,0.7919,1.47,3.57
2014.07.07 07:01:31.587,0.79183,0.7919,1.25,1.13
2014.07.07 07:01:32.106,0.79184,0.7919,1.50,1.50
2014.07.07 07:01:32.653,0.79182,0.7919,4.17,1.69
2014.07.07 07:01:33.258,0.79182,0.7919,1.38,1.69
2014.07.07 07:01:33.898,0.79182,0.7919,3.57,1.25
2014.07.07 07:01:34.203,0.79181,0.79189,3.45,1.19
2014.07.07 07:01:34.716,0.79183,0.7919,1.88,1.25
2014.07.07 07:01:35.249,0.79181,0.79189,3.45,1.69
2014.07.07 07:01:37.323,0.79181,0.7919,4.20,2.07
2014.07.07 07:01:38.592,0.79181,0.79188,5.89,1.19
2014.07.07 07:01:39.591,0.79181,0.7919,4.39,2.07
2014.07.07 07:01:40.644,0.79181,0.7919,1.58,2.82
2014.07.07 07:01:45.364,0.79182,0.7919,2.07,2.07
2014.07.07 07:01:52.873,0.79181,0.7919,1.39,2.82
2014.07.07 07:01:53.383,0.79181,0.7919,2.14,2.82
2014.07.07 07:01:53.908,0.79182,0.7919,2.07,1.32
2014.07.07 07:01:54.774,0.79182,0.7919,2.82,1.32
2014.07.07 07:01:55.303,0.79182,0.79189,2.52,1.00
2014.07.07 07:01:55.588,0.79181,0.79189,3.94,2.07
2014.07.07 07:01:56.665,0.7918,0.79188,1.33,1.25
2014.07.07 07:01:58.619,0.79182,0.79188,1.00,1.25
2014.07.07 07:01:59.584,0.79183,0.79189,1.00,1.77
2014.07.07 07:02:00.141,0.79182,0.79189,1.25,1.50
2014.07.07 07:02:01.706,0.79182,0.7919,1.32,1.32
2014.07.07 07:02:03.851,0.79182,0.7919,1.00,2.89
2014.07.07 07:02:04.360,0.79181,0.79189,1.20,1.19
2014.07.07 07:02:10.738,0.79179,0.79188,3.72,2.07
2014.07.07 07:02:11.246,0.79179,0.79188,2.97,3.57
2014.07.07 07:02:11.895,0.79179,0.79188,1.47,4.32
2014.07.07 07:02:12.411,0.79179,0.79188,1.47,4.32
2014.07.07 07:02:13.876,0.7918,0.79187,1.00,1.69
2014.07.07 07:02:14.079,0.79178,0.79186,1.50,1.32
2014.07.07 07:02:14.384,0.79178,0.79185,1.00,3.57
2014.07.07 07:02:14.638,0.79176,0.79185,1.88,3.64
2014.07.07 07:02:15.163,0.79177,0.79185,1.50,3.64
2014.07.07 07:02:15.705,0.79177,0.79185,1.50,3.64
2014.07.07 07:02:19.698,0.79177,0.79185,2.44,3.64
2014.07.07 07:02:20.731,0.79177,0.79185,1.69,2.97
2014.07.07 07:02:24.134,0.79177,0.79184,1.50,1.63
2014.07.07 07:02:24.676,0.79176,0.79184,1.32,3.57
2014.07.07 07:02:25.875,0.79178,0.79184,1.00,2.14
2014.07.07 07:02:25.977,0.79175,0.79184,4.32,2.14
2014.07.07 07:02:26.485,0.79177,0.79184,1.00,2.52
2014.07.07 07:02:26.944,0.79177,0.79184,1.00,1.58
2014.07.07 07:02:28.446,0.79177,0.79184,1.19,1.77
2014.07.07 07:02:30.273,0.79177,0.79185,3.64,1.19
2014.07.07 07:02:30.375,0.79178,0.79186,1.78,4.32
2014.07.07 07:02:30.885,0.79179,0.79187,1.28,1.57
2014.07.07 07:02:31.514,0.7918,0.79187,1.25,1.38
2014.07.07 07:02:33.587,0.7918,0.79188,1.25,3.57
2014.07.07 07:02:34.095,0.7918,0.79187,1.25,1.00
2014.07.07 07:02:43.338,0.79181,0.79187,1.00,1.00
2014.07.07 07:02:43.389,0.79181,0.79189,1.25,2.89
2014.07.07 07:02:46.102,0.79181,0.79188,1.25,1.00
2014.07.07 07:02:48.810,0.7918,0.79188,1.18,1.19
2014.07.07 07:02:53.365,0.7918,0.79187,1.00,1.32
2014.07.07 07:02:53.872,0.79179,0.79186,1.25,1.50
2014.07.07 07:02:54.128,0.79179,0.79188,1.78,3.57
2014.07.07 07:02:54.732,0.79179,0.79188,1.53,3.57
2014.07.07 07:02:57.038,0.79181,0.79188,1.02,2.82
2014.07.07 07:02:57.549,0.79181,0.79188,1.09,1.69
2014.07.07 07:02:58.086,0.79181,0.79186,1.18,1.00
2014.07.07 07:03:00.321,0.79181,0.79187,1.15,1.25
2014.07.07 07:03:00.830,0.79181,0.79187,1.13,1.69
2014.07.07 07:03:06.372,0.79181,0.79189,1.13,2.97
2014.07.07 07:03:07.923,0.79181,0.79189,1.32,1.77
2014.07.07 07:03:18.596,0.79181,0.79189,1.19,1.77
2014.07.07 07:03:21.777,0.79181,0.79189,1.32,1.47
2014.07.07 07:03:28.076,0.79181,0.79189,1.25,1.69
2014.07.07 07:03:38.579,0.79182,0.79189,1.13,1.32
2014.07.07 07:03:39.091,0.79183,0.7919,1.00,2.89
2014.07.07 07:03:39.684,0.79183,0.7919,1.25,2.89
2014.07.07 07:03:40.642,0.79183,0.7919,1.00,2.14
2014.07.07 07:03:42.749,0.79183,0.7919,1.25,2.89
2014.07.07 07:03:44.457,0.79183,0.7919,1.00,2.14
2014.07.07 07:03:45.385,0.79183,0.79189,1.00,1.00
2014.07.07 07:03:47.593,0.79181,0.79189,1.25,1.25
2014.07.07 07:03:48.615,0.7918,0.79189,1.39,2.44
2014.07.07 07:03:49.126,0.79181,0.79189,1.25,1.69
2014.07.07 07:03:49.329,0.79183,0.79189,1.00,1.69
2014.07.07 07:03:49.636,0.79181,0.79189,1.69,1.25
2014.07.07 07:03:50.301,0.79182,0.7919,1.19,1.20
2014.07.07 07:03:50.810,0.79184,0.79191,1.10,1.25
2014.07.07 07:03:51.318,0.79184,0.7919,1.10,1.00
2014.07.07 07:03:52.511,0.79184,0.79191,1.10,1.32
2014.07.07 07:03:53.611,0.79184,0.79191,1.10,1.32
2014.07.07 07:04:02.343,0.79184,0.79193,2.63,5.97
2014.07.07 07:04:02.698,0.79186,0.79191,1.00,1.63
2014.07.07 07:04:03.248,0.79185,0.79192,1.00,2.44
2014.07.07 07:04:03.756,0.79185,0.79191,1.50,1.19
2014.07.07 07:04:04.539,0.79185,0.79193,1.00,2.97
2014.07.07 07:04:05.793,0.79185,0.79193,1.00,2.22
2014.07.07 07:04:08.156,0.79185,0.79191,1.00,1.13
2014.07.07 07:04:09.069,0.79185,0.79192,1.00,3.57
2014.07.07 07:04:12.395,0.79185,0.79192,1.00,1.32
2014.07.07 07:04:13.416,0.79185,0.79192,1.00,1.32
2014.07.07 07:04:14.591,0.79185,0.79192,1.25,2.07
2014.07.07 07:04:15.578,0.79185,0.79192,1.00,1.32
2014.07.07 07:04:18.696,0.79185,0.79192,1.00,1.32
2014.07.07 07:04:19.204,0.79184,0.79192,2.10,1.32
2014.07.07 07:04:19.906,0.79184,0.79192,1.69,1.32
2014.07.07 07:04:23.833,0.79183,0.79192,3.64,2.07
2014.07.07 07:04:34.491,0.79183,0.79192,1.84,2.82
2014.07.07 07:04:35.400,0.79184,0.79192,1.00,3.72
2014.07.07 07:04:38.571,0.79184,0.79192,1.50,3.72
2014.07.07 07:04:39.094,0.79185,0.79192,1.00,2.82
2014.07.07 07:04:40.059,0.79184,0.79193,1.69,2.89
2014.07.07 07:04:40.601,0.79185,0.79193,1.00,2.89
2014.07.07 07:04:40.905,0.79187,0.79196,2.67,2.22
2014.07.07 07:04:41.455,0.79187,0.79196,4.92,2.14
2014.07.07 07:04:42.123,0.79187,0.79197,6.42,2.97
2014.07.07 07:04:42.637,0.79187,0.79197,6.42,2.97
2014.07.07 07:04:49.171,0.79188,0.79197,1.25,2.97
2014.07.07 07:04:50.746,0.79188,0.79197,1.25,3.72
2014.07.07 07:04:51.051,0.79188,0.79195,1.25,1.48
2014.07.07 07:04:51.152,0.79186,0.79195,3.19,1.67
2014.07.07 07:04:52.411,0.79186,0.79194,1.19,2.07
2014.07.07 07:04:57.921,0.79189,0.79194,1.00,2.07
2014.07.07 07:04:58.124,0.79187,0.79194,1.25,2.07
2014.07.07 07:05:00.247,0.79187,0.79194,1.50,1.32
2014.07.07 07:05:01.183,0.79187,0.79195,2.89,1.02
2014.07.07 07:05:03.170,0.79188,0.79195,1.13,2.14
2014.07.07 07:05:11.260,0.79188,0.79195,1.00,1.02
2014.07.07 07:05:11.668,0.7919,0.79197,1.00,2.89
2014.07.07 07:05:12.503,0.7919,0.79197,1.00,2.14
2014.07.07 07:05:15.053,0.79189,0.79197,2.44,1.39
2014.07.07 07:05:16.953,0.79189,0.79197,2.52,1.32
2014.07.07 07:05:17.961,0.79191,0.79197,1.00,1.32
2014.07.07 07:05:18.474,0.7919,0.79197,1.50,1.25
2014.07.07 07:05:22.711,0.79191,0.79199,1.00,4.39
2014.07.07 07:05:28.897,0.7919,0.79198,1.58,1.39
2014.07.07 07:05:29.573,0.79191,0.79199,1.00,2.97
2014.07.07 07:05:30.135,0.79193,0.79199,1.00,2.07
2014.07.07 07:05:30.652,0.79193,0.79199,1.00,2.07
2014.07.07 07:05:31.460,0.79192,0.79199,1.00,1.32
2014.07.07 07:05:31.968,0.79191,0.79199,2.03,1.32
2014.07.07 07:05:33.694,0.79191,0.79199,2.89,1.39
2014.07.07 07:05:34.873,0.79191,0.792,2.89,2.89
2014.07.07 07:05:37.580,0.79192,0.792,1.00,2.89
2014.07.07 07:05:41.798,0.79193,0.792,1.00,3.64
2014.07.07 07:05:42.155,0.79192,0.79198,1.00,1.19
2014.07.07 07:05:43.110,0.79192,0.792,1.00,4.32
2014.07.07 07:05:44.564,0.79192,0.792,1.88,5.07
2014.07.07 07:05:44.818,0.79192,0.792,2.89,2.07
2014.07.07 07:05:45.072,0.79194,0.79201,1.00,2.07
2014.07.07 07:05:46.909,0.79193,0.79201,1.58,1.32
2014.07.07 07:05:47.436,0.79193,0.79201,1.88,1.32
2014.07.07 07:05:49.737,0.79193,0.79201,2.82,2.07
2014.07.07 07:05:50.280,0.79193,0.79201,1.69,1.63
2014.07.07 07:05:51.688,0.79193,0.79201,2.89,1.25
2014.07.07 07:05:52.201,0.79194,0.79201,1.50,1.25
2014.07.07 07:05:54.055,0.79194,0.79203,1.69,2.14
2014.07.07 07:05:57.942,0.79195,0.79203,1.00,2.22
2014.07.07 07:05:58.449,0.79193,0.79202,4.09,2.89
2014.07.07 07:05:59.000,0.79193,0.79202,4.47,4.02
2014.07.07 07:06:03.375,0.79194,0.79202,1.10,7.39
2014.07.07 07:06:04.009,0.79193,0.79202,1.47,5.89
2014.07.07 07:06:05.412,0.79193,0.79202,2.97,3.64
2014.07.07 07:06:06.060,0.79193,0.79202,2.89,3.64
2014.07.07 07:06:06.876,0.79194,0.79202,1.00,3.64
2014.07.07 07:06:08.761,0.79194,0.79202,1.00,3.57
2014.07.07 07:06:09.268,0.79193,0.79201,1.02,2.07
2014.07.07 07:06:09.420,0.79193,0.79201,1.77,2.07
2014.07.07 07:06:09.926,0.79194,0.79201,1.00,1.63
2014.07.07 07:06:13.914,0.79195,0.79202,1.00,3.72
2014.07.07 07:06:14.981,0.79193,0.79202,1.25,3.72
2014.07.07 07:06:18.249,0.79193,0.79202,1.02,4.32
2014.07.07 07:06:18.820,0.79194,0.79202,1.00,2.07
2014.07.07 07:06:20.852,0.79194,0.79202,1.02,2.07
2014.07.07 07:06:23.267,0.79195,0.79202,1.00,2.07
2014.07.07 07:06:23.794,0.79194,0.79202,1.25,2.07
2014.07.07 07:06:26.777,0.79195,0.79202,1.00,1.32
2014.07.07 07:06:28.069,0.79195,0.79202,1.25,2.07
2014.07.07 07:06:31.765,0.79195,0.79202,1.50,1.32
2014.07.07 07:06:37.927,0.79195,0.79204,1.25,2.14
2014.07.07 07:06:38.330,0.79197,0.79204,1.00,2.14
2014.07.07 07:06:38.950,0.79196,0.79204,1.25,2.14
2014.07.07 07:06:39.911,0.79196,0.79204,1.25,1.39
2014.07.07 07:06:45.147,0.79198,0.79205,1.00,1.47
2014.07.07 07:06:45.654,0.79197,0.79205,2.63,2.14
2014.07.07 07:06:46.383,0.79197,0.79206,2.89,1.63
2014.07.07 07:06:47.658,0.79197,0.79206,2.82,1.39
2014.07.07 07:06:49.454,0.79197,0.79206,2.52,2.07
2014.07.07 07:06:52.586,0.79197,0.79206,2.89,1.32
2014.07.07 07:06:55.384,0.79199,0.79207,1.50,2.07
2014.07.07 07:06:56.428,0.79199,0.79207,1.69,2.07
2014.07.07 07:06:57.790,0.79199,0.79207,1.50,2.07
2014.07.07 07:07:01.782,0.79199,0.79207,1.00,2.07
2014.07.07 07:07:04.443,0.79199,0.79207,1.25,2.07
2014.07.07 07:07:05.260,0.79199,0.79207,1.69,1.25
2014.07.07 07:07:05.463,0.79201,0.79208,1.00,1.77
2014.07.07 07:07:05.984,0.79202,0.79209,1.50,1.19
2014.07.07 07:07:06.749,0.79201,0.7921,2.97,2.07
2014.07.07 07:07:08.032,0.79203,0.7921,1.00,1.32
2014.07.07 07:07:08.562,0.79202,0.7921,1.10,1.19
2014.07.07 07:07:12.556,0.79202,0.79209,1.10,1.19
2014.07.07 07:07:13.637,0.79202,0.79209,1.02,1.19
2014.07.07 07:07:14.688,0.79201,0.79209,1.10,3.94
2014.07.07 07:07:15.298,0.792,0.79209,2.14,4.32
2014.07.07 07:07:15.840,0.79201,0.79208,1.00,1.69
2014.07.07 07:07:17.268,0.792,0.79208,1.10,4.69
2014.07.07 07:07:18.457,0.79202,0.79208,1.00,2.44
2014.07.07 07:07:19.082,0.79202,0.79208,1.00,1.32
2014.07.07 07:07:19.958,0.792,0.79208,2.07,1.32
2014.07.07 07:07:20.905,0.792,0.79208,1.88,1.32
2014.07.07 07:07:22.008,0.792,0.79207,2.07,1.19
2014.07.07 07:07:23.995,0.792,0.79209,1.50,4.47
2014.07.07 07:07:25.229,0.792,0.79207,1.69,1.19
2014.07.07 07:07:26.220,0.792,0.79208,1.00,1.67
2014.07.07 07:07:27.323,0.79199,0.79208,1.69,2.14
2014.07.07 07:07:27.898,0.792,0.79208,1.00,2.14
2014.07.07 07:07:31.074,0.79199,0.79207,1.69,1.32
2014.07.07 07:07:31.601,0.792,0.79207,1.00,1.32
2014.07.07 07:07:34.607,0.79201,0.79208,1.00,2.89
2014.07.07 07:07:34.909,0.79199,0.79206,1.32,1.00
2014.07.07 07:07:35.430,0.79199,0.79206,1.47,1.00
2014.07.07 07:07:37.205,0.79199,0.79206,1.13,1.25
2014.07.07 07:07:38.120,0.79198,0.79206,2.89,1.32
2014.07.07 07:07:39.331,0.79198,0.79206,1.25,1.63
2014.07.07 07:07:39.585,0.79198,0.79204,1.00,1.32
2014.07.07 07:07:39.687,0.79196,0.79204,1.10,2.07
2014.07.07 07:07:41.656,0.79196,0.79203,1.25,1.19
2014.07.07 07:07:42.960,0.79196,0.79204,1.00,2.89
2014.07.07 07:07:44.359,0.79197,0.79204,1.00,2.89
2014.07.07 07:07:44.908,0.79196,0.79204,1.00,1.39
2014.07.07 07:07:45.431,0.79197,0.79204,1.00,1.39
2014.07.07 07:07:49.087,0.79197,0.79203,1.00,1.19
2014.07.07 07:07:50.193,0.79197,0.79204,1.00,2.14
2014.07.07 07:07:57.636,0.79197,0.79204,1.00,1.67
2014.07.07 07:07:58.245,0.79195,0.79204,4.69,3.64
2014.07.07 07:07:58.873,0.79195,0.79204,1.69,5.14
2014.07.07 07:07:59.548,0.79195,0.79203,1.50,1.32
2014.07.07 07:08:00.783,0.79195,0.79203,3.57,1.69
2014.07.07 07:08:01.966,0.79195,0.79204,3.57,1.39
2014.07.07 07:08:05.294,0.79195,0.79204,3.57,2.14
2014.07.07 07:08:11.182,0.79196,0.79205,1.25,5.22
2014.07.07 07:08:12.489,0.79195,0.79204,2.82,1.39
2014.07.07 07:08:18.511,0.79195,0.79204,1.69,1.39
2014.07.07 07:08:19.916,0.79195,0.79204,1.69,1.39
2014.07.07 07:08:20.940,0.79195,0.79204,1.69,1.39
2014.07.07 07:08:23.371,0.79195,0.79204,2.44,2.14
2014.07.07 07:08:25.641,0.79195,0.79204,2.44,2.14
2014.07.07 07:08:27.868,0.79195,0.79204,1.69,2.14
2014.07.07 07:08:32.710,0.79195,0.79203,2.82,1.25
2014.07.07 07:08:32.863,0.79198,0.79205,1.00,4.47
2014.07.07 07:08:33.371,0.79198,0.79205,1.00,2.14
2014.07.07 07:08:36.817,0.79198,0.79204,1.00,2.07
2014.07.07 07:08:37.358,0.79197,0.79204,1.50,1.32
2014.07.07 07:08:37.893,0.79197,0.79205,1.50,3.64
2014.07.07 07:08:39.764,0.79198,0.79205,1.00,1.39
2014.07.07 07:08:40.353,0.79198,0.79205,1.00,1.39
2014.07.07 07:08:40.990,0.79198,0.79205,1.00,2.14
2014.07.07 07:08:43.038,0.79197,0.79205,1.25,1.57
2014.07.07 07:08:43.550,0.79198,0.79205,1.00,1.67
2014.07.07 07:08:44.075,0.79199,0.79205,1.00,1.19
2014.07.07 07:08:44.227,0.79199,0.79207,1.00,2.14
2014.07.07 07:08:44.583,0.79202,0.79208,1.00,1.09
2014.07.07 07:08:45.093,0.79202,0.79209,1.25,2.07
2014.07.07 07:08:46.053,0.79202,0.79209,1.25,1.13
2014.07.07 07:08:48.716,0.79202,0.79209,1.69,1.32
2014.07.07 07:08:50.034,0.79203,0.79212,2.89,1.33
2014.07.07 07:08:50.187,0.79205,0.79213,1.39,2.07
2014.07.07 07:08:50.339,0.79205,0.79213,5.74,1.00
2014.07.07 07:08:50.492,0.79206,0.79215,4.92,1.39
2014.07.07 07:08:50.594,0.79206,0.79215,4.62,2.07
2014.07.07 07:08:51.119,0.79206,0.79214,1.00,1.19
2014.07.07 07:08:52.085,0.79206,0.79214,5.37,2.14
2014.07.07 07:08:53.068,0.79206,0.79215,2.33,4.32
2014.07.07 07:08:54.059,0.79206,0.79215,1.77,2.97
2014.07.07 07:08:54.801,0.79206,0.79213,1.77,1.00
2014.07.07 07:08:55.311,0.79205,0.79213,1.18,2.07
2014.07.07 07:08:58.192,0.79205,0.79213,2.14,1.25
2014.07.07 07:09:00.413,0.79206,0.79215,1.99,4.32
2014.07.07 07:09:00.920,0.79206,0.79215,1.39,5.07
2014.07.07 07:09:01.485,0.79206,0.79213,1.39,1.00
2014.07.07 07:09:01.992,0.79206,0.79215,2.89,4.32
2014.07.07 07:09:02.480,0.79206,0.79215,2.89,3.57
2014.07.07 07:09:05.213,0.79206,0.79215,2.89,3.57
2014.07.07 07:09:05.773,0.79206,0.79215,3.64,2.07
2014.07.07 07:09:06.128,0.79204,0.79213,3.53,2.07
2014.07.07 07:09:06.382,0.79204,0.79212,3.27,2.07
2014.07.07 07:09:06.850,0.79205,0.79211,1.00,2.07
2014.07.07 07:09:07.370,0.79203,0.79211,1.19,2.82
2014.07.07 07:09:07.914,0.79203,0.79212,1.00,3.64
2014.07.07 07:09:09.190,0.79203,0.79212,1.39,2.82
2014.07.07 07:09:09.842,0.79204,0.79212,1.00,2.82
2014.07.07 07:09:10.349,0.79202,0.7921,2.14,1.25
2014.07.07 07:09:13.656,0.79201,0.79209,3.34,1.13
2014.07.07 07:09:13.758,0.79202,0.79209,1.00,2.82
2014.07.07 07:09:14.298,0.79201,0.79209,2.07,5.07
2014.07.07 07:09:14.805,0.79201,0.79208,1.63,1.19
2014.07.07 07:09:15.349,0.792,0.79208,2.14,2.44
2014.07.07 07:09:16.033,0.792,0.79208,1.20,1.19
2014.07.07 07:09:16.577,0.79201,0.79209,1.20,1.19
2014.07.07 07:09:16.883,0.79202,0.79209,1.38,1.19
2014.07.07 07:09:17.391,0.79204,0.79211,1.00,2.07
2014.07.07 07:09:20.116,0.79203,0.79211,2.07,1.32
2014.07.07 07:09:20.643,0.79203,0.79211,1.88,1.32
2014.07.07 07:09:21.601,0.79203,0.79211,2.07,2.07
2014.07.07 07:09:22.628,0.79203,0.79211,1.13,2.07
2014.07.07 07:09:25.245,0.79203,0.79211,1.38,2.07
2014.07.07 07:09:29.939,0.79203,0.7921,1.00,1.25
2014.07.07 07:09:30.448,0.79201,0.79209,3.64,1.00
2014.07.07 07:09:37.847,0.79204,0.79209,1.00,1.32
2014.07.07 07:09:39.118,0.79204,0.79208,1.00,1.00
2014.07.07 07:09:39.170,0.79201,0.79208,1.47,1.00
2014.07.07 07:09:39.272,0.792,0.79208,2.14,2.07
2014.07.07 07:09:40.403,0.792,0.79208,2.22,1.19
2014.07.07 07:09:40.914,0.79203,0.79208,1.00,1.00
2014.07.07 07:09:41.480,0.79203,0.79209,1.13,2.44
2014.07.07 07:09:45.156,0.79201,0.79209,1.20,1.69
2014.07.07 07:09:47.313,0.79202,0.79209,1.10,1.69
2014.07.07 07:09:47.820,0.79203,0.79209,1.00,1.25
2014.07.07 07:09:48.332,0.79204,0.79209,1.00,1.25
2014.07.07 07:09:49.297,0.79203,0.79211,2.97,1.69
2014.07.07 07:09:49.717,0.79205,0.79213,1.20,3.94
2014.07.07 07:09:50.226,0.79206,0.79214,1.00,2.82
2014.07.07 07:09:50.737,0.79205,0.79214,2.97,1.32
2014.07.07 07:09:53.247,0.79206,0.79214,1.13,1.69
2014.07.07 07:09:55.241,0.79206,0.79215,1.38,2.97
2014.07.07 07:09:57.656,0.79206,0.79215,1.63,2.97
2014.07.07 07:09:58.659,0.79206,0.79214,1.38,1.69
2014.07.07 07:10:00.006,0.79209,0.79215,1.00,2.44
2014.07.07 07:10:00.513,0.79208,0.79215,1.20,1.19
2014.07.07 07:10:00.665,0.79208,0.79216,2.07,1.25
2014.07.07 07:10:00.767,0.79208,0.79216,4.47,1.25
2014.07.07 07:10:00.887,0.79211,0.79218,1.38,1.25
2014.07.07 07:10:01.397,0.79213,0.7922,1.10,1.19
2014.07.07 07:10:01.651,0.79211,0.79219,1.00,1.19
2014.07.07 07:10:02.320,0.79211,0.79219,2.70,2.44
2014.07.07 07:10:02.625,0.79212,0.79219,2.14,1.00
2014.07.07 07:10:03.134,0.79216,0.79222,1.13,1.19
2014.07.07 07:10:03.292,0.79216,0.79223,1.88,1.77
2014.07.07 07:10:03.954,0.79217,0.79223,1.00,2.44
2014.07.07 07:10:04.863,0.79218,0.79223,1.00,1.19
2014.07.07 07:10:04.914,0.79218,0.79226,1.19,1.77
2014.07.07 07:10:05.422,0.79218,0.79225,1.39,1.00
2014.07.07 07:10:05.930,0.79219,0.79227,1.32,1.77
2014.07.07 07:10:06.754,0.79219,0.79227,1.39,2.07
2014.07.07 07:10:07.059,0.79219,0.79226,1.25,1.63
2014.07.07 07:10:07.161,0.79217,0.79225,2.33,1.95
2014.07.07 07:10:07.262,0.79217,0.79224,2.44,1.63
2014.07.07 07:10:07.669,0.79215,0.79222,1.25,1.32
2014.07.07 07:10:08.404,0.79214,0.79222,1.84,1.19
2014.07.07 07:10:08.913,0.79216,0.79222,1.00,1.19
2014.07.07 07:10:09.930,0.79214,0.79223,1.09,3.19
2014.07.07 07:10:12.622,0.79213,0.79222,1.40,2.07
2014.07.07 07:10:13.937,0.79213,0.79222,2.14,3.57
2014.07.07 07:10:14.807,0.79214,0.79222,1.00,3.57
2014.07.07 07:10:17.111,0.79213,0.79222,1.02,2.82
2014.07.07 07:10:17.264,0.79212,0.79219,1.77,1.19
2014.07.07 07:10:18.151,0.79211,0.79219,1.88,2.44
2014.07.07 07:10:18.354,0.79212,0.79219,1.48,1.69
2014.07.07 07:10:18.911,0.79212,0.79219,1.20,1.69
2014.07.07 07:10:20.661,0.79212,0.79219,1.20,1.69
2014.07.07 07:10:22.382,0.79212,0.79218,1.32,1.19
2014.07.07 07:10:22.597,0.79212,0.79219,1.32,1.69
2014.07.07 07:10:25.290,0.79212,0.7922,1.63,2.44
2014.07.07 07:10:27.720,0.79213,0.79219,1.38,1.25
2014.07.07 07:10:28.162,0.79216,0.7922,1.00,1.25
2014.07.07 07:10:28.569,0.79214,0.79221,1.88,1.19
2014.07.07 07:10:29.107,0.79214,0.79221,2.14,1.25
2014.07.07 07:10:29.463,0.79215,0.79223,1.95,1.69
2014.07.07 07:10:29.667,0.79215,0.79223,1.95,1.69
2014.07.07 07:10:30.174,0.79215,0.79222,1.39,1.25
2014.07.07 07:10:31.191,0.79215,0.79222,2.14,1.25
2014.07.07 07:10:33.283,0.79215,0.79222,2.14,1.25
2014.07.07 07:10:33.838,0.79215,0.7922,1.02,1.00
2014.07.07 07:10:34.143,0.79213,0.7922,1.39,1.25
2014.07.07 07:10:34.680,0.79214,0.7922,1.00,1.25
2014.07.07 07:10:35.809,0.79215,0.79221,1.00,1.69
2014.07.07 07:10:36.325,0.79216,0.79222,1.50,1.19
2014.07.07 07:10:38.156,0.79216,0.79222,1.38,1.19
2014.07.07 07:10:38.612,0.79216,0.79224,2.07,2.44
2014.07.07 07:10:39.372,0.79215,0.79223,1.32,2.22
2014.07.07 07:10:39.932,0.79214,0.79223,1.63,2.97
2014.07.07 07:10:42.066,0.79214,0.79223,2.14,2.82
2014.07.07 07:10:42.689,0.79215,0.79223,1.13,2.44
2014.07.07 07:10:44.233,0.79215,0.79223,1.08,2.44
2014.07.07 07:10:45.194,0.79215,0.79223,1.00,2.44
2014.07.07 07:10:47.036,0.79215,0.79223,1.00,1.69
2014.07.07 07:10:47.863,0.79215,0.79223,1.00,2.44
2014.07.07 07:10:49.983,0.79214,0.79223,2.14,2.44
2014.07.07 07:10:50.237,0.79216,0.79223,1.00,1.69
2014.07.07 07:10:50.601,0.79218,0.79223,1.00,1.88
2014.07.07 07:10:50.909,0.79219,0.79225,1.00,1.69
2014.07.07 07:10:52.178,0.79218,0.79226,1.20,4.69
2014.07.07 07:10:52.382,0.79218,0.79224,1.00,1.69
2014.07.07 07:10:52.940,0.79217,0.79224,1.00,2.44
2014.07.07 07:10:53.847,0.79216,0.79224,1.13,2.44
2014.07.07 07:10:56.108,0.79215,0.79224,2.14,3.19
2014.07.07 07:10:56.627,0.79215,0.79224,1.84,5.07
2014.07.07 07:10:57.747,0.79216,0.79223,1.00,1.19
2014.07.07 07:10:58.297,0.79214,0.79223,2.89,1.77
2014.07.07 07:10:58.602,0.79217,0.79223,1.00,1.77
2014.07.07 07:10:58.856,0.79215,0.79223,1.95,1.77
2014.07.07 07:10:59.313,0.79217,0.79223,1.00,1.19
2014.07.07 07:10:59.853,0.79216,0.79223,1.50,1.19
2014.07.07 07:11:00.360,0.79217,0.79223,1.00,1.19
2014.07.07 07:11:01.141,0.79216,0.79223,1.00,1.19
2014.07.07 07:11:02.452,0.79216,0.79222,1.02,1.19
2014.07.07 07:11:04.516,0.79218,0.79222,1.00,1.00
2014.07.07 07:11:04.827,0.79216,0.79222,1.02,1.19
2014.07.07 07:11:08.434,0.79215,0.79223,1.47,1.32
2014.07.07 07:11:08.983,0.79216,0.79223,1.00,1.32
2014.07.07 07:11:09.486,0.79216,0.79223,1.25,1.32
2014.07.07 07:11:11.343,0.79217,0.79224,1.00,3.57
2014.07.07 07:11:11.851,0.79217,0.79224,1.69,1.13
2014.07.07 07:11:12.704,0.79217,0.79225,2.52,1.69
2014.07.07 07:11:13.886,0.79218,0.79225,1.69,1.50
2014.07.07 07:11:17.457,0.7922,0.79225,1.00,1.25
2014.07.07 07:11:17.965,0.79218,0.79225,2.59,1.25
2014.07.07 07:11:19.362,0.79218,0.79225,1.84,1.25
2014.07.07 07:11:19.919,0.79218,0.79225,1.09,1.25
2014.07.07 07:11:20.537,0.79218,0.79225,1.09,1.25
2014.07.07 07:11:24.889,0.79218,0.79225,1.84,1.19
2014.07.07 07:11:25.909,0.79218,0.79226,1.47,1.25
2014.07.07 07:11:26.417,0.7922,0.79226,1.00,1.25
2014.07.07 07:11:26.925,0.79219,0.79226,2.52,1.19
2014.07.07 07:11:29.094,0.79218,0.79226,2.89,1.29
2014.07.07 07:11:29.145,0.7922,0.79226,1.00,1.29
2014.07.07 07:11:29.653,0.79219,0.79226,1.00,1.29
2014.07.07 07:11:32.556,0.79218,0.79226,2.89,1.29
2014.07.07 07:11:33.066,0.79218,0.79226,2.89,1.29
2014.07.07 07:11:40.113,0.79218,0.79224,2.14,1.00
2014.07.07 07:11:40.215,0.79217,0.79224,1.50,1.57
2014.07.07 07:11:40.724,0.79216,0.79223,1.32,1.32
2014.07.07 07:11:41.241,0.79217,0.79222,1.00,1.25
2014.07.07 07:11:41.764,0.79217,0.79222,1.00,1.63
2014.07.07 07:11:42.279,0.79217,0.79222,1.00,1.00
2014.07.07 07:11:42.786,0.79216,0.79223,1.69,1.32
2014.07.07 07:11:43.142,0.79221,0.79225,1.00,2.78
2014.07.07 07:11:43.649,0.79218,0.79226,1.50,2.22
2014.07.07 07:11:43.803,0.79219,0.79226,1.00,2.97
2014.07.07 07:11:45.003,0.7922,0.79226,1.00,2.07
2014.07.07 07:11:45.510,0.79219,0.79226,1.25,1.32
2014.07.07 07:11:46.179,0.79219,0.79227,1.00,3.57
2014.07.07 07:11:52.035,0.79217,0.79225,3.64,1.25
2014.07.07 07:11:53.192,0.79217,0.79225,2.89,1.19
2014.07.07 07:11:54.236,0.79218,0.79226,2.89,2.52
2014.07.07 07:11:55.216,0.79218,0.79226,3.64,1.77
2014.07.07 07:11:55.724,0.7922,0.79226,1.00,1.77
2014.07.07 07:11:56.234,0.7922,0.79227,1.00,1.27
2014.07.07 07:11:56.781,0.79223,0.79228,1.00,2.25
2014.07.07 07:11:56.883,0.79221,0.79228,2.14,1.19
2014.07.07 07:11:57.036,0.79221,0.7923,1.20,3.19
2014.07.07 07:11:57.545,0.79222,0.7923,1.32,2.44
2014.07.07 07:11:58.112,0.79223,0.79229,1.00,1.25
2014.07.07 07:11:58.619,0.79222,0.79229,1.32,1.69
2014.07.07 07:11:59.333,0.79221,0.79229,1.25,1.19
2014.07.07 07:12:00.339,0.7922,0.79228,1.69,1.19
2014.07.07 07:12:01.592,0.79221,0.79228,1.00,1.19
2014.07.07 07:12:02.382,0.79221,0.79229,1.32,4.32
2014.07.07 07:12:05.226,0.79219,0.79228,4.02,2.07
2014.07.07 07:12:05.429,0.79219,0.79228,3.27,2.82
2014.07.07 07:12:05.980,0.7922,0.79228,1.00,3.57
2014.07.07 07:12:07.163,0.79219,0.79228,1.02,4.32
2014.07.07 07:12:15.473,0.79219,0.79226,1.10,1.32
2014.07.07 07:12:20.480,0.79219,0.79226,1.10,1.32
2014.07.07 07:12:21.032,0.79219,0.79226,1.10,2.07
2014.07.07 07:12:22.642,0.79218,0.79226,1.47,1.19
2014.07.07 07:12:26.310,0.79219,0.79226,1.00,1.19
2014.07.07 07:12:27.139,0.79219,0.79227,1.38,2.07
2014.07.07 07:12:29.795,0.79218,0.79227,4.47,2.07
2014.07.07 07:12:30.303,0.79217,0.79225,1.50,3.38
2014.07.07 07:12:30.472,0.79217,0.79223,1.00,1.69
2014.07.07 07:12:30.533,0.79215,0.79222,1.39,1.25
2014.07.07 07:12:30.990,0.79215,0.79222,1.09,1.63
2014.07.07 07:12:31.295,0.79214,0.79222,2.52,1.25
2014.07.07 07:12:31.859,0.79214,0.79222,1.77,1.19
2014.07.07 07:12:40.514,0.79213,0.79221,4.77,1.32
2014.07.07 07:12:42.581,0.79213,0.79222,3.64,2.07
2014.07.07 07:12:43.591,0.79213,0.79222,3.64,2.07
2014.07.07 07:12:45.231,0.79213,0.7922,1.69,1.25
2014.07.07 07:12:45.843,0.79213,0.7922,1.69,1.19
2014.07.07 07:12:46.414,0.79212,0.79219,1.00,1.57
2014.07.07 07:12:46.871,0.7921,0.79218,1.25,2.14
2014.07.07 07:12:48.157,0.7921,0.79218,1.63,1.77
2014.07.07 07:12:48.665,0.79212,0.7922,1.25,3.57
2014.07.07 07:12:54.650,0.79212,0.7922,1.32,2.82
2014.07.07 07:12:56.682,0.79212,0.79221,2.22,2.44
2014.07.07 07:13:00.602,0.79216,0.79222,1.00,1.69
2014.07.07 07:13:01.151,0.79214,0.79222,2.44,1.25
2014.07.07 07:13:01.701,0.79214,0.79222,1.77,1.00
2014.07.07 07:13:02.238,0.79215,0.79222,1.25,1.25
2014.07.07 07:13:03.215,0.79214,0.79221,1.29,1.00
2014.07.07 07:13:03.722,0.79214,0.79221,1.25,1.02
2014.07.07 07:13:04.778,0.79214,0.79221,1.19,1.00
2014.07.07 07:13:05.709,0.79213,0.79221,2.22,1.25
2014.07.07 07:13:11.668,0.79214,0.79221,1.39,1.32
2014.07.07 07:13:19.648,0.79214,0.79221,1.32,1.25
2014.07.07 07:13:20.651,0.79214,0.79221,1.13,1.19
2014.07.07 07:13:21.707,0.79215,0.79222,1.00,1.95
2014.07.07 07:13:22.218,0.79216,0.79225,3.57,2.22
2014.07.07 07:13:22.321,0.79218,0.79225,1.00,1.47
2014.07.07 07:13:22.626,0.7922,0.79226,1.25,2.93
2014.07.07 07:13:22.728,0.7922,0.79227,1.25,1.25
2014.07.07 07:13:23.066,0.79222,0.79227,1.00,1.25
2014.07.07 07:13:23.624,0.79222,0.79228,1.00,1.25
2014.07.07 07:13:25.760,0.79222,0.79228,1.25,1.69
2014.07.07 07:13:27.568,0.79222,0.79229,1.00,4.39
2014.07.07 07:13:29.584,0.79222,0.79227,1.00,1.25
2014.07.07 07:13:32.632,0.79222,0.79228,1.00,1.25
2014.07.07 07:13:33.304,0.79222,0.79227,1.00,1.00
2014.07.07 07:13:33.608,0.79219,0.79227,2.89,2.44
2014.07.07 07:13:34.116,0.79219,0.79226,2.14,1.00
2014.07.07 07:13:34.651,0.7922,0.79227,1.25,1.25
2014.07.07 07:13:35.230,0.79219,0.79226,2.14,1.00
2014.07.07 07:13:41.630,0.79219,0.79226,1.39,1.25
2014.07.07 07:13:43.859,0.79219,0.79225,1.39,1.00
2014.07.07 07:13:52.891,0.79219,0.79227,1.39,1.19
2014.07.07 07:13:53.925,0.79219,0.79228,1.39,3.57
2014.07.07 07:13:54.888,0.79219,0.79228,2.14,2.44
2014.07.07 07:13:56.888,0.79219,0.79227,2.07,1.69
2014.07.07 07:14:05.546,0.7922,0.79227,1.00,1.69
2014.07.07 07:14:06.052,0.7922,0.79227,1.25,1.25
2014.07.07 07:14:07.259,0.79218,0.79227,4.13,1.77
2014.07.07 07:14:07.716,0.79218,0.79226,1.32,1.57
2014.07.07 07:14:08.223,0.79218,0.79227,2.14,3.19
2014.07.07 07:14:08.969,0.79219,0.79227,1.32,2.44
2014.07.07 07:14:09.590,0.79218,0.79227,1.67,3.19
2014.07.07 07:14:11.253,0.79218,0.79226,2.14,1.19
2014.07.07 07:14:25.323,0.79219,0.79227,1.32,1.69
2014.07.07 07:14:29.382,0.79219,0.79227,2.82,2.44
2014.07.07 07:14:31.063,0.7922,0.79227,1.39,1.50
2014.07.07 07:14:31.267,0.79221,0.79229,2.89,1.25
2014.07.07 07:14:31.928,0.79223,0.79229,1.38,1.25
2014.07.07 07:14:33.278,0.79224,0.79231,1.13,1.19
2014.07.07 07:14:33.780,0.79224,0.79231,1.13,1.25
2014.07.07 07:14:34.421,0.79224,0.79231,1.13,1.19
2014.07.07 07:14:37.286,0.79223,0.79231,2.07,1.25
2014.07.07 07:14:38.292,0.79224,0.79231,1.13,1.19
2014.07.07 07:14:42.764,0.79226,0.79231,1.00,1.19
2014.07.07 07:14:43.182,0.79224,0.79231,1.13,1.19
2014.07.07 07:14:43.691,0.79225,0.79233,1.13,4.77
2014.07.07 07:14:44.712,0.79224,0.79231,1.32,1.25
2014.07.07 07:14:45.353,0.79224,0.79231,1.32,1.00
2014.07.07 07:14:45.884,0.79225,0.79232,2.07,1.25
2014.07.07 07:14:45.935,0.79225,0.79233,2.07,2.07
2014.07.07 07:14:46.189,0.79226,0.79235,3.57,1.02
2014.07.07 07:14:46.707,0.79229,0.79236,1.88,1.29
2014.07.07 07:14:47.729,0.79228,0.79237,3.64,1.19
2014.07.07 07:14:49.663,0.79229,0.79237,2.07,1.69
2014.07.07 07:14:50.505,0.79231,0.79238,1.00,2.89
2014.07.07 07:14:51.036,0.79229,0.79238,2.07,2.89
2014.07.07 07:14:53.001,0.7923,0.79238,1.88,2.14
2014.07.07 07:14:53.519,0.7923,0.79238,1.13,2.89
2014.07.07 07:14:55.637,0.79229,0.79237,2.89,1.29
2014.07.07 07:15:02.000,0.79227,0.79237,4.47,4.39
2014.07.07 07:15:03.026,0.79227,0.79236,2.97,1.13
2014.07.07 07:15:03.499,0.79227,0.79234,3.27,1.00
2014.07.07 07:15:03.753,0.79224,0.79233,1.37,3.19
2014.07.07 07:15:05.732,0.79223,0.79232,3.27,1.29
2014.07.07 07:15:07.289,0.79223,0.7923,1.27,1.00
2014.07.07 07:15:07.805,0.79223,0.7923,1.29,1.32
2014.07.07 07:15:08.686,0.79222,0.7923,1.77,1.32
2014.07.07 07:15:09.625,0.79222,0.79229,1.27,1.00
2014.07.07 07:15:11.032,0.79222,0.79229,1.02,1.25
2014.07.07 07:15:12.302,0.79221,0.79228,4.09,1.00
2014.07.07 07:15:12.910,0.7922,0.79229,3.72,1.32
2014.07.07 07:15:13.706,0.7922,0.79228,2.22,1.19
2014.07.07 07:15:14.214,0.7922,0.79228,1.39,1.69
2014.07.07 07:15:15.297,0.7922,0.79228,1.63,2.82
2014.07.07 07:15:15.804,0.7922,0.79228,1.67,2.07
2014.07.07 07:15:16.314,0.79222,0.79228,1.00,1.32
2014.07.07 07:15:18.424,0.79221,0.79228,1.39,1.32
2014.07.07 07:15:19.649,0.7922,0.79227,2.22,1.00
2014.07.07 07:15:20.660,0.79221,0.79228,1.29,1.00
2014.07.07 07:15:21.169,0.79221,0.79229,2.22,1.25
2014.07.07 07:15:21.677,0.79222,0.7923,2.97,1.69
2014.07.07 07:15:22.184,0.79223,0.79229,1.32,1.00
2014.07.07 07:15:22.696,0.79223,0.7923,2.14,1.69
2014.07.07 07:15:23.768,0.79223,0.79232,2.97,1.88
2014.07.07 07:15:23.985,0.79224,0.79234,4.39,3.45
2014.07.07 07:15:24.492,0.79225,0.79234,2.22,2.70
2014.07.07 07:15:25.697,0.79225,0.79234,2.97,4.95
2014.07.07 07:15:26.975,0.79226,0.79234,1.29,3.45
2014.07.07 07:15:27.941,0.79226,0.79234,1.02,3.38
2014.07.07 07:15:29.679,0.79227,0.79235,1.13,2.63
2014.07.07 07:15:30.036,0.79228,0.79236,2.07,1.58
2014.07.07 07:15:30.239,0.79229,0.79237,1.47,1.50
2014.07.07 07:15:30.749,0.79229,0.79237,2.97,1.00
2014.07.07 07:15:31.315,0.79229,0.79236,2.22,1.00
2014.07.07 07:15:31.671,0.7923,0.79239,2.70,3.38
2014.07.07 07:15:32.213,0.7923,0.79239,2.89,1.88
2014.07.07 07:15:32.776,0.7923,0.79239,2.14,2.63
2014.07.07 07:15:34.712,0.79229,0.79237,2.97,1.00
2014.07.07 07:15:38.905,0.79229,0.79238,2.22,1.88
2014.07.07 07:15:39.564,0.79229,0.79237,1.47,1.00
2014.07.07 07:15:41.410,0.79228,0.79235,2.22,1.00
2014.07.07 07:15:41.766,0.79228,0.79237,2.22,1.50
2014.07.07 07:15:42.215,0.79228,0.79235,2.22,1.00
2014.07.07 07:15:45.148,0.79228,0.79235,2.22,1.00
2014.07.07 07:15:46.327,0.79228,0.79236,2.22,1.69
2014.07.07 07:15:46.836,0.79228,0.79235,1.77,1.13
2014.07.07 07:15:47.141,0.79226,0.79233,2.97,1.00
2014.07.07 07:15:47.991,0.79226,0.79233,1.47,1.25
2014.07.07 07:15:48.907,0.79226,0.79233,2.14,1.00
2014.07.07 07:15:49.457,0.79226,0.79235,2.14,2.44
2014.07.07 07:15:49.985,0.79226,0.79234,2.89,1.19
2014.07.07 07:15:50.904,0.79226,0.79234,2.52,2.07
2014.07.07 07:15:53.153,0.79226,0.79233,3.27,1.00
2014.07.07 07:15:54.427,0.79226,0.79234,2.52,2.82
2014.07.07 07:15:55.512,0.79226,0.79234,2.52,2.82
2014.07.07 07:15:56.722,0.79226,0.79234,1.77,2.07
2014.07.07 07:15:57.519,0.79226,0.79234,2.33,2.07
2014.07.07 07:15:58.036,0.79226,0.79234,4.02,2.07
2014.07.07 07:15:58.539,0.79226,0.79234,4.77,2.07
2014.07.07 07:15:59.187,0.79226,0.79233,4.02,1.00
2014.07.07 07:16:04.953,0.79226,0.79233,1.77,1.25
2014.07.07 07:16:06.979,0.79227,0.79233,1.25,1.00
2014.07.07 07:16:07.945,0.79227,0.79233,1.33,1.00
2014.07.07 07:16:09.572,0.79228,0.79234,1.39,1.00
2014.07.07 07:16:09.623,0.79228,0.79234,2.14,1.00
2014.07.07 07:16:09.987,0.79229,0.79236,1.63,1.32
2014.07.07 07:16:10.520,0.79228,0.79236,2.14,1.25
2014.07.07 07:16:10.876,0.79228,0.79236,1.39,2.07
2014.07.07 07:16:12.928,0.79228,0.79236,1.39,1.69
2014.07.07 07:16:14.943,0.79229,0.79237,1.29,3.19
2014.07.07 07:16:15.915,0.79228,0.79237,2.97,1.69
2014.07.07 07:16:16.921,0.7923,0.79238,1.69,3.19
2014.07.07 07:16:17.944,0.79231,0.79238,1.19,2.44
2014.07.07 07:16:18.941,0.7923,0.79238,3.64,1.69
2014.07.07 07:16:21.958,0.7923,0.79238,1.39,1.32
2014.07.07 07:16:22.496,0.7923,0.79237,1.02,1.69
2014.07.07 07:16:23.005,0.7923,0.79237,1.10,2.44
2014.07.07 07:16:23.521,0.79228,0.79235,3.72,1.00
2014.07.07 07:16:24.230,0.79228,0.79236,2.97,1.25
2014.07.07 07:16:24.752,0.79229,0.79236,2.14,1.25
2014.07.07 07:16:25.258,0.79229,0.79237,2.89,1.69
2014.07.07 07:16:25.967,0.7923,0.79238,1.39,3.57
2014.07.07 07:16:26.985,0.79229,0.79237,2.22,1.32
2014.07.07 07:16:35.996,0.79229,0.79238,1.32,3.64
2014.07.07 07:16:37.846,0.79229,0.79234,1.25,1.00
2014.07.07 07:16:38.353,0.79225,0.79233,1.47,2.82
2014.07.07 07:16:38.861,0.79225,0.79231,1.19,1.69
2014.07.07 07:16:39.337,0.79224,0.79231,1.39,2.82
2014.07.07 07:16:40.324,0.79223,0.79231,2.97,2.82
2014.07.07 07:16:40.892,0.79223,0.7923,2.22,1.00
2014.07.07 07:16:41.705,0.79223,0.7923,2.97,1.19
2014.07.07 07:16:42.322,0.79223,0.7923,2.22,1.00
2014.07.07 07:16:44.303,0.79223,0.7923,2.89,1.19
2014.07.07 07:16:49.325,0.79223,0.7923,2.22,1.25
2014.07.07 07:16:50.844,0.79223,0.79229,2.22,1.00
2014.07.07 07:16:51.335,0.79223,0.79231,2.97,1.32
2014.07.07 07:17:01.576,0.79223,0.7923,2.22,1.00
2014.07.07 07:17:02.084,0.79223,0.79231,1.77,2.82
2014.07.07 07:17:02.388,0.79223,0.7923,1.77,1.88
2014.07.07 07:17:03.818,0.79221,0.7923,2.22,2.07
2014.07.07 07:17:07.839,0.79222,0.7923,4.77,1.25
2014.07.07 07:17:08.348,0.79223,0.7923,1.37,1.19
2014.07.07 07:17:08.654,0.7922,0.79227,6.27,1.50
2014.07.07 07:17:09.163,0.7922,0.79226,1.69,1.00
2014.07.07 07:17:09.686,0.7922,0.79227,1.25,1.39
2014.07.07 07:17:12.672,0.7922,0.79227,1.19,1.20
2014.07.07 07:17:13.658,0.7922,0.79227,1.25,1.32
2014.07.07 07:17:15.168,0.7922,0.79227,1.25,1.63
2014.07.07 07:17:20.902,0.79219,0.79225,1.19,1.00
2014.07.07 07:17:21.409,0.7922,0.79226,1.25,1.50
2014.07.07 07:17:27.253,0.79221,0.79226,1.00,1.00
2014.07.07 07:17:27.760,0.79219,0.79226,1.19,1.50
2014.07.07 07:17:34.013,0.79219,0.79227,2.82,1.69
2014.07.07 07:17:34.772,0.79219,0.79227,2.07,1.19
2014.07.07 07:17:36.213,0.79218,0.79225,1.77,1.00
2014.07.07 07:17:36.796,0.79218,0.79225,1.02,1.25
2014.07.07 07:17:37.455,0.79217,0.79224,1.19,1.00
2014.07.07 07:17:38.778,0.79215,0.79224,2.97,1.69
2014.07.07 07:17:39.783,0.79217,0.79224,1.19,1.69
2014.07.07 07:17:41.882,0.79216,0.79224,1.29,2.07
2014.07.07 07:17:42.243,0.79215,0.79222,1.77,1.00
2014.07.07 07:17:42.395,0.79214,0.79222,2.59,1.25
2014.07.07 07:17:44.386,0.79214,0.79222,2.22,1.50
2014.07.07 07:17:46.333,0.79215,0.79222,3.27,1.50
2014.07.07 07:17:48.303,0.79216,0.79222,1.19,1.00
2014.07.07 07:17:49.369,0.79218,0.79224,1.13,1.50
2014.07.07 07:17:49.522,0.79221,0.79226,1.00,1.69
2014.07.07 07:17:49.827,0.79218,0.79225,1.84,1.25
2014.07.07 07:17:50.943,0.79219,0.79226,1.33,1.25
2014.07.07 07:17:51.462,0.79218,0.79227,2.97,2.44
2014.07.07 07:17:53.525,0.7922,0.79227,1.77,1.25
2014.07.07 07:17:54.067,0.7922,0.79226,1.77,1.00
2014.07.07 07:17:54.584,0.79219,0.79226,3.34,1.00
2014.07.07 07:17:55.559,0.79219,0.79226,1.77,1.00
2014.07.07 07:17:58.044,0.79219,0.79225,1.29,1.00
2014.07.07 07:17:58.570,0.79219,0.79225,1.02,1.00
2014.07.07 07:17:59.093,0.79219,0.79227,2.97,1.19
2014.07.07 07:17:59.297,0.79219,0.79226,2.97,1.25
2014.07.07 07:17:59.804,0.79219,0.79225,2.22,1.00
2014.07.07 07:18:01.384,0.79218,0.79225,2.97,1.00
2014.07.07 07:18:02.393,0.79218,0.79226,2.97,1.69
2014.07.07 07:18:02.907,0.79218,0.79225,3.72,1.00
2014.07.07 07:18:03.416,0.79218,0.79226,3.72,1.69
2014.07.07 07:18:06.936,0.79221,0.79226,1.00,1.25
2014.07.07 07:18:07.460,0.7922,0.79226,1.00,1.25
2014.07.07 07:18:07.986,0.79218,0.79225,1.19,1.00
2014.07.07 07:18:09.432,0.79218,0.79225,1.25,1.69
2014.07.07 07:18:13.045,0.79218,0.79226,2.14,2.44
2014.07.07 07:18:13.450,0.79217,0.79225,4.47,2.44
2014.07.07 07:18:14.464,0.79217,0.79224,2.97,1.00
2014.07.07 07:18:14.971,0.79217,0.79225,3.72,2.07
2014.07.07 07:18:15.532,0.79217,0.79225,4.47,1.88
2014.07.07 07:18:16.440,0.79217,0.79225,3.34,1.25
2014.07.07 07:18:17.103,0.79218,0.79226,1.02,2.89
2014.07.07 07:18:17.458,0.79218,0.79227,2.89,2.22
2014.07.07 07:18:20.522,0.79218,0.79225,1.39,1.00
2014.07.07 07:18:23.927,0.79218,0.79226,1.69,1.39
2014.07.07 07:18:24.787,0.79218,0.79226,2.52,1.32
2014.07.07 07:18:25.497,0.79219,0.79227,2.82,1.39
2014.07.07 07:18:26.526,0.79219,0.79228,2.89,1.39
2014.07.07 07:18:28.696,0.79222,0.79228,1.00,1.32
2014.07.07 07:18:29.204,0.79221,0.79229,1.25,2.82
2014.07.07 07:18:29.710,0.79221,0.79229,1.19,1.32
2014.07.07 07:18:32.494,0.79221,0.7923,1.25,3.27
2014.07.07 07:18:33.872,0.79222,0.7923,1.13,1.32
2014.07.07 07:18:33.924,0.79222,0.79231,2.89,4.39
2014.07.07 07:18:34.459,0.79225,0.79232,1.25,1.25
2014.07.07 07:18:34.967,0.79225,0.79233,3.27,1.25
2014.07.07 07:18:37.873,0.79225,0.79233,1.25,1.32
2014.07.07 07:18:38.637,0.79226,0.79233,1.19,1.00
2014.07.07 07:18:39.152,0.79226,0.79234,1.19,1.77
2014.07.07 07:18:40.648,0.79227,0.79235,2.52,2.07
2014.07.07 07:18:43.660,0.79228,0.79236,1.19,1.25
2014.07.07 07:18:52.712,0.79228,0.79236,1.25,1.19
2014.07.07 07:19:01.556,0.79227,0.79235,1.29,2.07
2014.07.07 07:19:02.069,0.79226,0.79235,1.29,2.82
2014.07.07 07:19:02.375,0.79226,0.79234,1.29,1.63
2014.07.07 07:19:02.579,0.79225,0.79233,1.02,1.57
2014.07.07 07:19:03.594,0.79225,0.79233,1.77,2.82
2014.07.07 07:19:04.571,0.79225,0.79233,1.25,2.07
2014.07.07 07:19:05.694,0.79225,0.79233,1.69,2.07
2014.07.07 07:19:06.660,0.79225,0.79233,1.25,2.82
2014.07.07 07:19:08.419,0.79225,0.79231,1.25,1.50
2014.07.07 07:19:08.927,0.79224,0.79231,1.37,1.19
2014.07.07 07:19:09.385,0.79224,0.79234,4.09,5.97
2014.07.07 07:19:14.398,0.79225,0.79233,2.52,1.69
2014.07.07 07:19:16.440,0.79224,0.79233,2.59,1.69
2014.07.07 07:19:17.414,0.79225,0.79233,1.77,1.25
2014.07.07 07:19:18.401,0.79225,0.79233,1.33,1.19
2014.07.07 07:19:19.250,0.79224,0.79233,2.59,1.19
2014.07.07 07:19:19.453,0.79224,0.79232,1.84,1.19
2014.07.07 07:19:22.422,0.79224,0.79233,1.39,2.44
2014.07.07 07:19:23.695,0.79224,0.79233,1.84,1.69
2014.07.07 07:19:24.203,0.79225,0.79234,1.77,2.07
2014.07.07 07:19:25.952,0.79225,0.79234,1.77,1.69
2014.07.07 07:19:26.550,0.79225,0.79234,1.77,2.07
2014.07.07 07:19:27.088,0.79225,0.79234,1.77,3.57
2014.07.07 07:19:29.951,0.79225,0.79234,1.02,3.57
2014.07.07 07:19:33.988,0.79225,0.79234,1.29,3.57
2014.07.07 07:19:37.032,0.79224,0.79234,3.72,3.57
2014.07.07 07:19:39.020,0.79225,0.79234,1.29,3.57
2014.07.07 07:19:40.015,0.79224,0.79234,4.09,2.82
2014.07.07 07:19:45.063,0.79225,0.79233,1.77,1.32
2014.07.07 07:19:46.077,0.79225,0.79233,1.02,1.69
2014.07.07 07:19:49.079,0.79225,0.79234,1.29,2.82
2014.07.07 07:19:52.195,0.79225,0.79234,1.02,2.82
2014.07.07 07:19:53.011,0.79225,0.79234,1.29,3.57
2014.07.07 07:19:53.639,0.79225,0.79234,1.77,3.57
2014.07.07 07:19:54.146,0.79225,0.79234,1.77,3.57
2014.07.07 07:19:54.402,0.79227,0.79234,1.00,2.82
2014.07.07 07:19:54.860,0.79229,0.79234,1.00,1.00
2014.07.07 07:19:54.911,0.79229,0.79235,1.00,1.25
2014.07.07 07:20:03.497,0.79229,0.79237,1.25,2.97
2014.07.07 07:20:05.546,0.79229,0.79237,1.00,3.72
2014.07.07 07:20:06.310,0.79229,0.79237,1.00,3.72
2014.07.07 07:20:06.361,0.79229,0.79234,1.00,1.00
2014.07.07 07:20:07.324,0.79229,0.79235,1.00,1.25
2014.07.07 07:20:08.338,0.79229,0.79236,1.25,1.25
2014.07.07 07:20:12.203,0.79229,0.79237,1.63,1.84
2014.07.07 07:20:12.710,0.79231,0.79238,1.13,1.19
2014.07.07 07:20:13.215,0.79232,0.79238,1.00,1.19
2014.07.07 07:20:13.979,0.79231,0.79239,1.13,2.59
2014.07.07 07:20:14.491,0.79231,0.79239,1.32,2.44
2014.07.07 07:20:18.412,0.7923,0.79239,2.14,2.82
2014.07.07 07:20:26.428,0.79228,0.79237,2.52,2.89
2014.07.07 07:20:29.034,0.79227,0.79235,2.22,1.00
2014.07.07 07:20:29.638,0.79227,0.79235,2.22,1.25
2014.07.07 07:20:36.427,0.7923,0.79236,1.00,1.67
2014.07.07 07:20:36.953,0.79228,0.79236,1.77,1.02
2014.07.07 07:20:38.733,0.7923,0.79237,1.00,2.89
2014.07.07 07:20:39.268,0.79229,0.79237,1.25,3.64
2014.07.07 07:20:44.503,0.79229,0.79237,1.19,3.64
2014.07.07 07:20:45.398,0.79229,0.79237,1.32,2.89
2014.07.07 07:20:50.493,0.79229,0.79238,1.77,3.94
2014.07.07 07:20:54.653,0.79229,0.79238,1.77,4.32
2014.07.07 07:20:55.515,0.79228,0.79237,2.52,2.07
2014.07.07 07:20:57.533,0.79228,0.79236,1.25,1.32
2014.07.07 07:20:58.841,0.79228,0.79236,1.25,1.13
2014.07.07 07:20:59.351,0.79229,0.79237,1.38,2.89
2014.07.07 07:20:59.858,0.79229,0.79237,1.77,1.39
2014.07.07 07:21:00.808,0.7923,0.79236,1.00,1.25
2014.07.07 07:21:02.531,0.7923,0.79238,1.25,3.64
2014.07.07 07:21:03.142,0.79229,0.79236,1.77,1.19
2014.07.07 07:21:04.184,0.79229,0.79236,2.44,1.13
2014.07.07 07:21:04.691,0.79231,0.79238,1.10,1.19
2014.07.07 07:21:05.207,0.7923,0.79238,2.52,1.32
2014.07.07 07:21:05.738,0.7923,0.79237,4.02,1.00
2014.07.07 07:21:06.271,0.7923,0.79238,3.64,1.69
2014.07.07 07:21:09.170,0.79231,0.79238,3.27,1.00
2014.07.07 07:21:10.663,0.79231,0.79239,1.69,2.89
2014.07.07 07:21:11.170,0.79231,0.79238,1.19,1.88
2014.07.07 07:21:11.700,0.7923,0.79237,1.19,1.00
2014.07.07 07:21:12.207,0.7923,0.79236,1.19,1.00
2014.07.07 07:21:12.745,0.79229,0.79236,2.82,1.00
2014.07.07 07:21:13.250,0.79229,0.79238,2.07,2.89
2014.07.07 07:21:17.536,0.79229,0.79236,1.32,1.00
2014.07.07 07:21:19.068,0.79229,0.79238,2.07,2.89
2014.07.07 07:21:25.967,0.79229,0.79235,1.32,1.00
2014.07.07 07:21:26.119,0.79228,0.79235,1.02,1.25
2014.07.07 07:21:26.170,0.79227,0.79233,2.59,1.00
2014.07.07 07:21:26.272,0.79227,0.79235,1.77,1.25
2014.07.07 07:21:27.286,0.79227,0.79235,1.77,3.64
2014.07.07 07:21:31.092,0.79227,0.79235,1.25,3.64
2014.07.07 07:21:31.601,0.79226,0.79232,1.19,1.13
2014.07.07 07:21:32.007,0.79225,0.79232,1.02,1.25
2014.07.07 07:21:32.546,0.79224,0.79231,1.29,1.00
2014.07.07 07:21:39.411,0.79225,0.79232,1.25,1.32
2014.07.07 07:21:45.035,0.79225,0.79232,1.19,1.32
2014.07.07 07:21:46.053,0.79225,0.79232,1.25,1.32
2014.07.07 07:21:47.093,0.79225,0.79233,1.69,2.89
2014.07.07 07:21:49.082,0.79225,0.79232,1.25,1.32
2014.07.07 07:21:50.256,0.79225,0.79232,1.25,1.63
2014.07.07 07:21:50.764,0.79224,0.79231,1.25,1.25
2014.07.07 07:21:51.120,0.79226,0.79233,1.00,3.64
2014.07.07 07:21:51.630,0.79226,0.79232,1.00,1.77
2014.07.07 07:21:52.182,0.79225,0.79232,1.25,1.77
2014.07.07 07:21:53.133,0.79226,0.79232,1.00,1.25
2014.07.07 07:21:53.997,0.79226,0.79232,1.25,2.07
2014.07.07 07:22:00.673,0.79226,0.79232,1.00,1.25
2014.07.07 07:22:04.632,0.79226,0.79232,1.25,2.07
2014.07.07 07:22:12.675,0.79226,0.79233,1.00,2.07
2014.07.07 07:22:13.910,0.79226,0.79233,1.00,2.07
2014.07.07 07:22:16.629,0.79226,0.79232,1.00,1.69
2014.07.07 07:22:17.846,0.79226,0.79232,1.25,2.07
2014.07.07 07:22:19.316,0.79225,0.79231,1.00,2.07
2014.07.07 07:22:23.323,0.79226,0.79231,1.00,2.07
2014.07.07 07:22:23.831,0.79227,0.79232,1.00,1.00
2014.07.07 07:22:24.339,0.79227,0.79231,1.00,1.00
2014.07.07 07:22:25.838,0.79227,0.79233,1.50,1.32
2014.07.07 07:22:26.142,0.79229,0.79233,1.00,1.13
2014.07.07 07:22:33.988,0.79229,0.79235,1.00,2.07
2014.07.07 07:22:34.243,0.79231,0.79235,1.00,1.32
2014.07.07 07:22:41.733,0.79231,0.79236,1.00,1.25
2014.07.07 07:22:53.442,0.79231,0.79238,1.00,2.14
2014.07.07 07:22:53.968,0.79231,0.79237,1.25,1.19
2014.07.07 07:22:56.769,0.79232,0.79238,1.00,2.89
2014.07.07 07:22:56.955,0.79232,0.79238,1.00,2.14
2014.07.07 07:23:02.402,0.79232,0.79238,1.00,2.07
2014.07.07 07:23:09.408,0.79232,0.79238,1.00,2.07
2014.07.07 07:23:11.401,0.79232,0.79238,1.00,2.07
2014.07.07 07:23:13.413,0.79232,0.79238,1.00,2.82
2014.07.07 07:23:14.417,0.79232,0.79238,1.00,2.82
2014.07.07 07:23:16.558,0.79234,0.79238,1.00,1.00
2014.07.07 07:23:17.085,0.79234,0.79239,1.00,1.19
2014.07.07 07:23:17.339,0.79234,0.79241,1.00,2.97
2014.07.07 07:23:18.359,0.79234,0.79241,1.32,1.32
2014.07.07 07:23:19.385,0.79234,0.79242,1.32,2.14
2014.07.07 07:23:22.485,0.79234,0.79242,1.69,2.14
2014.07.07 07:23:24.378,0.79234,0.79242,1.25,1.39
2014.07.07 07:23:27.370,0.79234,0.79242,1.69,3.64
2014.07.07 07:23:28.376,0.79234,0.79242,1.25,1.39
2014.07.07 07:23:29.885,0.79234,0.79241,1.25,2.07
2014.07.07 07:23:30.392,0.79233,0.79238,1.00,1.00
2014.07.07 07:23:32.105,0.79233,0.79237,1.00,1.00
2014.07.07 07:23:35.325,0.79231,0.79236,1.02,1.00
2014.07.07 07:23:37.104,0.79234,0.79238,1.00,1.32
2014.07.07 07:23:38.076,0.7923,0.79235,2.52,1.00
2014.07.07 07:23:38.454,0.79231,0.79235,1.02,1.00
2014.07.07 07:23:39.012,0.79229,0.79235,1.19,2.63
2014.07.07 07:23:39.064,0.79229,0.79233,1.00,1.00
2014.07.07 07:23:39.838,0.79229,0.79233,1.00,1.00
2014.07.07 07:23:40.706,0.79229,0.79234,1.50,1.00
2014.07.07 07:23:41.127,0.7923,0.79235,1.25,2.07
2014.07.07 07:23:41.787,0.79228,0.79233,1.00,1.00
2014.07.07 07:23:44.449,0.79227,0.79232,1.19,1.00
2014.07.07 07:23:44.929,0.79228,0.79232,1.00,1.25
2014.07.07 07:23:45.437,0.79226,0.79232,1.19,1.32
2014.07.07 07:23:45.865,0.79225,0.79232,1.69,1.32
2014.07.07 07:23:46.425,0.79225,0.79231,1.25,1.00
2014.07.07 07:23:46.938,0.79226,0.79231,1.00,1.50
2014.07.07 07:23:47.345,0.79224,0.79231,1.25,2.44
2014.07.07 07:23:47.853,0.79224,0.79231,1.19,3.19
2014.07.07 07:23:48.427,0.79224,0.79229,1.19,1.00
2014.07.07 07:23:48.959,0.79223,0.79229,1.19,1.69
2014.07.07 07:23:49.467,0.79223,0.79229,1.19,2.07
2014.07.07 07:23:49.974,0.79222,0.79229,1.69,1.69
2014.07.07 07:23:51.368,0.79222,0.79227,1.50,1.00
2014.07.07 07:23:51.903,0.79222,0.79228,1.25,1.13
2014.07.07 07:23:52.410,0.79221,0.79227,1.69,1.13
2014.07.07 07:23:52.765,0.7922,0.79227,2.14,1.32
2014.07.07 07:23:53.622,0.7922,0.79227,1.39,2.82
2014.07.07 07:23:54.594,0.7922,0.79227,2.14,1.32
2014.07.07 07:23:56.370,0.79221,0.79227,1.19,1.63
2014.07.07 07:23:57.619,0.7922,0.79227,1.39,2.82
2014.07.07 07:23:58.618,0.7922,0.79227,1.20,1.88
2014.07.07 07:23:59.176,0.7922,0.79227,1.39,2.82
2014.07.07 07:24:00.765,0.79221,0.79227,1.25,1.00
2014.07.07 07:24:01.281,0.79222,0.79228,1.00,1.32
2014.07.07 07:24:02.056,0.79221,0.79226,1.19,1.00
2014.07.07 07:24:02.948,0.79221,0.79226,1.25,1.00
2014.07.07 07:24:04.683,0.7922,0.79227,1.19,1.50
2014.07.07 07:24:05.039,0.79218,0.79223,1.69,1.00
2014.07.07 07:24:05.496,0.79218,0.79223,1.25,2.25
2014.07.07 07:24:05.699,0.79214,0.79222,3.72,1.88
2014.07.07 07:24:05.852,0.79215,0.79221,1.25,1.57
2014.07.07 07:24:06.360,0.79214,0.79219,1.19,1.00
2014.07.07 07:24:06.866,0.79213,0.79219,1.19,1.00
2014.07.07 07:24:07.880,0.79213,0.79219,1.25,1.00
2014.07.07 07:24:10.191,0.79213,0.7922,1.25,2.07
2014.07.07 07:24:10.293,0.79213,0.79218,1.25,1.00
2014.07.07 07:24:10.901,0.79211,0.79218,2.59,1.00
2014.07.07 07:24:11.408,0.79211,0.79219,2.97,1.25
2014.07.07 07:24:11.919,0.79211,0.79218,2.97,1.00
2014.07.07 07:24:13.897,0.79212,0.79218,1.77,1.00
2014.07.07 07:24:14.014,0.79212,0.7922,1.77,1.13
2014.07.07 07:24:14.524,0.79214,0.79221,1.19,2.07
2014.07.07 07:24:15.623,0.79214,0.79221,1.29,2.07
2014.07.07 07:24:15.775,0.79214,0.79219,1.00,1.00
2014.07.07 07:24:16.551,0.79214,0.79218,1.00,1.00
2014.07.07 07:24:16.881,0.79211,0.79219,2.89,1.13
2014.07.07 07:24:18.661,0.79211,0.7922,2.89,2.07
2014.07.07 07:24:19.168,0.79213,0.7922,1.19,2.07
2014.07.07 07:24:19.933,0.79212,0.7922,1.19,1.88
2014.07.07 07:24:21.334,0.79212,0.7922,1.19,2.63
2014.07.07 07:24:21.836,0.79212,0.7922,1.19,2.63
2014.07.07 07:24:25.489,0.79212,0.7922,2.07,2.63
2014.07.07 07:24:26.014,0.79213,0.7922,1.19,1.00
2014.07.07 07:24:26.370,0.79213,0.79222,2.89,1.00
2014.07.07 07:24:26.421,0.79213,0.79222,5.82,1.00
2014.07.07 07:24:26.929,0.79215,0.79223,1.25,2.82
2014.07.07 07:24:27.492,0.79214,0.79223,3.64,2.07
2014.07.07 07:24:30.084,0.79217,0.79223,1.19,1.50
2014.07.07 07:24:31.110,0.79217,0.79224,1.29,2.07
2014.07.07 07:24:32.196,0.79217,0.79224,1.02,2.07
2014.07.07 07:24:33.358,0.79215,0.79224,2.97,2.07
2014.07.07 07:24:34.408,0.79216,0.79224,1.84,1.88
2014.07.07 07:24:35.160,0.79218,0.79225,1.77,1.32
2014.07.07 07:24:35.998,0.79218,0.79226,2.52,1.69
2014.07.07 07:24:37.166,0.79219,0.79226,1.25,1.25
2014.07.07 07:24:38.406,0.79219,0.79224,1.25,1.00
2014.07.07 07:24:38.509,0.79219,0.79226,1.25,1.39
2014.07.07 07:24:38.560,0.79219,0.79226,1.25,1.39
2014.07.07 07:24:43.193,0.79219,0.79225,1.32,1.00
2014.07.07 07:24:43.498,0.7922,0.79227,2.82,1.32
2014.07.07 07:24:43.753,0.79222,0.7923,2.07,4.39
2014.07.07 07:24:44.109,0.79223,0.79231,2.07,3.27
2014.07.07 07:24:44.616,0.79223,0.79231,1.84,1.19
2014.07.07 07:24:45.123,0.79223,0.79231,1.84,1.69
2014.07.07 07:24:48.933,0.79223,0.79231,2.59,2.25
2014.07.07 07:24:52.037,0.79223,0.79231,3.94,2.44
2014.07.07 07:24:52.561,0.79225,0.79232,1.00,1.19
2014.07.07 07:24:52.868,0.79227,0.79235,2.44,3.00
2014.07.07 07:24:53.173,0.79228,0.79235,1.19,3.38
2014.07.07 07:24:53.852,0.79228,0.79235,1.25,2.82
2014.07.07 07:24:54.580,0.79227,0.79234,1.29,1.00
2014.07.07 07:24:54.683,0.79227,0.79232,1.19,1.00
2014.07.07 07:24:54.886,0.79227,0.79234,1.25,1.69
2014.07.07 07:24:55.919,0.79227,0.79234,1.69,3.27
2014.07.07 07:24:56.645,0.79227,0.79231,1.50,1.00
2014.07.07 07:24:56.848,0.79227,0.79233,1.19,2.07
2014.07.07 07:24:57.305,0.79226,0.79232,1.00,1.25
2014.07.07 07:24:58.428,0.79226,0.79231,1.77,1.00
2014.07.07 07:24:58.937,0.79226,0.79232,1.69,1.50
2014.07.07 07:24:59.445,0.79226,0.79231,1.00,1.00
2014.07.07 07:25:00.074,0.79224,0.79231,2.22,1.00
2014.07.07 07:25:01.590,0.79224,0.79232,2.52,2.44
2014.07.07 07:25:03.229,0.79224,0.79231,4.47,1.00
2014.07.07 07:25:04.563,0.79225,0.79231,1.29,1.25
2014.07.07 07:25:05.651,0.79225,0.79232,1.39,1.25
2014.07.07 07:25:06.159,0.79226,0.79232,1.48,1.25
2014.07.07 07:25:06.705,0.79226,0.79233,1.39,1.25
2014.07.07 07:25:07.541,0.79227,0.79233,1.00,1.25
2014.07.07 07:25:08.048,0.79226,0.79232,1.39,1.00
2014.07.07 07:25:10.165,0.79226,0.79234,1.39,4.39
2014.07.07 07:25:10.884,0.79226,0.79233,1.13,1.69
2014.07.07 07:25:14.756,0.79226,0.79233,1.02,2.07
2014.07.07 07:25:15.773,0.79225,0.79233,2.97,2.07
2014.07.07 07:25:19.970,0.79227,0.79234,1.10,1.57
2014.07.07 07:25:20.480,0.79227,0.79234,1.10,3.57
2014.07.07 07:25:21.592,0.79225,0.79234,2.22,4.32
2014.07.07 07:25:22.225,0.79225,0.79232,2.14,1.69
2014.07.07 07:25:22.783,0.79225,0.79232,2.14,2.07
2014.07.07 07:25:24.728,0.79228,0.79235,1.13,1.19
2014.07.07 07:25:24.830,0.79228,0.79234,1.38,1.69
2014.07.07 07:25:24.932,0.79229,0.79236,1.63,2.82
2014.07.07 07:25:25.483,0.79229,0.79235,1.32,1.00
2014.07.07 07:25:26.471,0.79229,0.79236,1.38,3.19
2014.07.07 07:25:27.000,0.79229,0.79236,1.13,3.19
2014.07.07 07:25:28.655,0.79229,0.79236,1.32,1.25
2014.07.07 07:25:31.832,0.79228,0.79235,3.00,1.50
2014.07.07 07:25:32.529,0.79228,0.79235,1.02,2.44
2014.07.07 07:25:33.543,0.79226,0.79234,3.72,1.25
2014.07.07 07:25:33.849,0.79225,0.7923,1.02,1.00
2014.07.07 07:25:34.358,0.79223,0.79231,2.44,1.13
2014.07.07 07:25:34.663,0.79224,0.79231,1.25,2.07
2014.07.07 07:25:35.577,0.79222,0.7923,2.82,3.19
2014.07.07 07:25:37.839,0.79222,0.79228,1.25,1.13
2014.07.07 07:25:37.941,0.79221,0.79228,1.25,2.07
2014.07.07 07:25:38.093,0.79219,0.79226,2.07,2.82
2014.07.07 07:25:40.035,0.79218,0.79226,1.32,1.19
2014.07.07 07:25:40.584,0.79219,0.79227,1.32,4.02
2014.07.07 07:25:41.300,0.7922,0.79227,1.00,4.39
2014.07.07 07:25:43.953,0.79219,0.79227,2.07,2.89
2014.07.07 07:25:44.913,0.7922,0.79227,1.00,2.89
2014.07.07 07:25:46.904,0.79218,0.79226,2.82,1.69
2014.07.07 07:25:49.477,0.79221,0.79226,1.00,1.25
2014.07.07 07:25:50.451,0.79218,0.79226,2.44,1.32
2014.07.07 07:25:50.707,0.79218,0.79224,1.69,1.19
2014.07.07 07:25:51.062,0.79215,0.79223,2.82,1.19
2014.07.07 07:25:52.179,0.79215,0.79222,2.07,1.32
2014.07.07 07:25:52.693,0.79215,0.79223,2.44,1.69
2014.07.07 07:25:57.672,0.79217,0.79223,1.00,1.19
2014.07.07 07:25:58.088,0.79215,0.79223,2.44,1.19
2014.07.07 07:25:58.347,0.79217,0.79223,1.00,1.19
2014.07.07 07:25:58.449,0.79217,0.79224,1.25,2.14
2014.07.07 07:25:59.579,0.79218,0.79225,1.00,2.07
2014.07.07 07:26:00.342,0.79219,0.79226,1.19,1.32
2014.07.07 07:26:03.589,0.7922,0.79227,1.32,2.07
2014.07.07 07:26:05.183,0.7922,0.79226,1.25,1.38
2014.07.07 07:26:05.697,0.79218,0.79226,3.27,2.07
2014.07.07 07:26:07.412,0.79217,0.79225,2.22,1.92
2014.07.07 07:26:07.728,0.79216,0.79223,1.39,3.98
2014.07.07 07:26:07.830,0.79215,0.79223,3.64,2.07
2014.07.07 07:26:08.806,0.79215,0.79222,1.25,2.07
2014.07.07 07:26:11.483,0.79215,0.79222,1.25,1.69
2014.07.07 07:26:11.987,0.79216,0.79223,1.00,2.82
2014.07.07 07:26:14.157,0.79216,0.79223,1.19,2.07
2014.07.07 07:26:16.631,0.79215,0.79224,1.77,4.92
2014.07.07 07:26:16.834,0.79215,0.7922,1.25,1.00
2014.07.07 07:26:17.088,0.79211,0.7922,1.77,3.64
2014.07.07 07:26:17.512,0.7921,0.79217,1.25,2.07
2014.07.07 07:26:18.023,0.7921,0.79216,1.25,1.00
2014.07.07 07:26:18.697,0.7921,0.79215,1.25,1.00
2014.07.07 07:26:22.530,0.7921,0.79214,1.25,1.00
2014.07.07 07:26:22.987,0.79207,0.79215,1.25,1.57
2014.07.07 07:26:24.110,0.79206,0.79214,1.32,2.07
2014.07.07 07:26:24.617,0.79205,0.79211,1.19,1.00
2014.07.07 07:26:25.146,0.79205,0.79211,1.25,1.13
2014.07.07 07:26:27.167,0.79205,0.79213,3.19,2.07
2014.07.07 07:26:27.691,0.79205,0.79213,2.07,1.63
2014.07.07 07:26:29.098,0.79206,0.79214,1.25,2.89
2014.07.07 07:26:29.402,0.79205,0.7921,1.19,1.00
2014.07.07 07:26:29.556,0.79202,0.7921,1.27,2.25
2014.07.07 07:26:30.064,0.79203,0.79212,1.84,3.57
2014.07.07 07:26:30.662,0.79204,0.79212,1.77,2.07
2014.07.07 07:26:33.229,0.79203,0.79212,3.34,1.32
2014.07.07 07:26:37.376,0.79203,0.79212,4.09,1.13
2014.07.07 07:26:37.681,0.79203,0.7921,1.84,1.38
2014.07.07 07:26:38.440,0.79203,0.7921,1.25,1.63
2014.07.07 07:26:38.962,0.79203,0.7921,1.25,1.63
2014.07.07 07:26:40.550,0.79205,0.7921,1.00,1.32
2014.07.07 07:26:40.905,0.79207,0.79213,1.00,2.07
2014.07.07 07:26:41.414,0.79206,0.79214,1.19,2.07
2014.07.07 07:26:45.375,0.79205,0.79212,1.69,2.07
2014.07.07 07:26:46.528,0.79205,0.79212,1.25,2.07
2014.07.07 07:26:48.741,0.79204,0.79212,1.29,2.07
2014.07.07 07:26:50.746,0.79205,0.79213,2.14,1.63
2014.07.07 07:26:51.921,0.79205,0.79213,1.39,3.23
2014.07.07 07:26:52.882,0.79205,0.79213,1.39,3.42
2014.07.07 07:26:54.669,0.79206,0.79213,1.19,1.38
2014.07.07 07:26:58.273,0.79207,0.79215,1.09,2.82
2014.07.07 07:26:58.954,0.79206,0.79215,3.27,2.07
2014.07.07 07:26:59.693,0.79206,0.79213,1.77,1.00
2014.07.07 07:27:00.201,0.79206,0.79213,1.77,1.00
2014.07.07 07:27:00.713,0.79206,0.79214,3.34,1.69
2014.07.07 07:27:07.204,0.79208,0.79216,1.69,5.89
2014.07.07 07:27:07.898,0.79208,0.79215,1.69,1.67
2014.07.07 07:27:08.405,0.79207,0.79213,1.19,1.63
2014.07.07 07:27:08.985,0.79207,0.79213,1.19,1.32
2014.07.07 07:27:10.830,0.79207,0.79213,1.19,1.63
2014.07.07 07:27:11.338,0.79205,0.79213,2.44,1.38
2014.07.07 07:27:12.238,0.79205,0.79213,2.44,1.63
2014.07.07 07:27:17.056,0.79205,0.7921,2.44,1.00
2014.07.07 07:27:17.158,0.79204,0.79211,3.27,3.42
2014.07.07 07:27:17.672,0.79204,0.79211,1.00,1.32
2014.07.07 07:27:18.129,0.79204,0.79212,1.50,1.13
2014.07.07 07:27:18.433,0.79204,0.79212,1.69,2.07
2014.07.07 07:27:19.437,0.79204,0.79212,1.25,2.07
2014.07.07 07:27:20.395,0.79205,0.79212,1.00,2.07
2014.07.07 07:27:20.936,0.79205,0.79212,1.19,2.07
2014.07.07 07:27:21.871,0.79205,0.79212,1.25,1.32
2014.07.07 07:27:23.077,0.79204,0.79213,4.39,1.63
2014.07.07 07:27:23.585,0.79205,0.79214,2.14,2.82
2014.07.07 07:27:24.041,0.79206,0.79214,1.39,2.82
2014.07.07 07:27:26.288,0.79207,0.79211,1.00,1.00
2014.07.07 07:27:26.391,0.79205,0.79211,1.19,1.00
2014.07.07 07:27:26.899,0.79205,0.79213,1.69,4.32
2014.07.07 07:27:27.410,0.79205,0.79213,1.50,2.07
2014.07.07 07:27:27.941,0.79205,0.79213,1.25,1.57
2014.07.07 07:27:29.279,0.79206,0.79213,1.19,1.00
2014.07.07 07:27:29.831,0.79207,0.79214,1.69,1.25
2014.07.07 07:27:31.497,0.79207,0.79215,1.19,2.82
2014.07.07 07:27:32.320,0.7921,0.79216,1.25,2.44
2014.07.07 07:27:32.726,0.7921,0.79218,2.52,1.25
2014.07.07 07:27:33.182,0.79214,0.79219,1.00,1.69
2014.07.07 07:27:33.727,0.79214,0.79221,1.00,3.64
2014.07.07 07:27:35.095,0.79214,0.79221,1.00,3.64
2014.07.07 07:27:38.243,0.79214,0.79221,1.25,3.72
2014.07.07 07:27:39.223,0.79213,0.79219,1.00,1.00
2014.07.07 07:27:39.739,0.79212,0.79218,1.25,1.00
2014.07.07 07:27:40.145,0.7921,0.79216,1.77,1.00
2014.07.07 07:27:46.682,0.7921,0.79218,1.50,1.09
2014.07.07 07:27:47.176,0.7921,0.79218,1.69,2.22
2014.07.07 07:27:47.481,0.79206,0.79213,2.97,1.63
2014.07.07 07:27:48.267,0.79206,0.79214,1.19,2.07
2014.07.07 07:27:48.673,0.79207,0.79215,2.44,1.25
2014.07.07 07:27:49.470,0.79208,0.79216,2.44,2.07
2014.07.07 07:27:50.467,0.79208,0.79216,1.69,1.32
2014.07.07 07:27:51.076,0.79208,0.79215,1.19,1.38
2014.07.07 07:27:51.381,0.79206,0.79213,1.19,1.88
2014.07.07 07:27:52.176,0.79204,0.79212,2.59,1.13
2014.07.07 07:27:52.700,0.79204,0.79212,2.97,1.38
2014.07.07 07:27:53.214,0.79204,0.79212,2.52,1.13
2014.07.07 07:27:55.593,0.79204,0.79212,1.77,1.13
2014.07.07 07:27:56.638,0.79204,0.79211,1.77,1.00
2014.07.07 07:27:57.175,0.79204,0.79212,1.77,1.13
2014.07.07 07:27:58.958,0.79206,0.79213,1.00,1.32
2014.07.07 07:27:59.465,0.79207,0.79213,1.00,1.25
2014.07.07 07:27:59.979,0.79207,0.79215,1.69,3.64
2014.07.07 07:28:00.645,0.79207,0.79215,1.25,1.63
2014.07.07 07:28:01.210,0.79207,0.79214,1.39,1.13
2014.07.07 07:28:06.083,0.79206,0.79214,2.52,1.88
2014.07.07 07:28:17.879,0.79206,0.79214,2.44,1.00
2014.07.07 07:28:18.392,0.79207,0.79215,1.29,1.32
2014.07.07 07:28:19.556,0.79207,0.79215,2.14,1.63
2014.07.07 07:28:21.155,0.79209,0.79216,1.00,2.07
2014.07.07 07:28:21.656,0.79209,0.79216,1.00,1.64
2014.07.07 07:28:22.170,0.7921,0.79217,1.00,2.89
2014.07.07 07:28:22.689,0.79211,0.79217,1.00,1.69
2014.07.07 07:28:22.943,0.79208,0.79217,4.84,1.19
2014.07.07 07:28:23.453,0.7921,0.79218,1.25,1.32
2014.07.07 07:28:24.160,0.7921,0.79218,1.77,1.32
2014.07.07 07:28:26.832,0.7921,0.79219,1.69,2.52
2014.07.07 07:28:35.057,0.79209,0.79218,3.64,1.39
2014.07.07 07:28:38.281,0.79209,0.79219,3.27,4.24
2014.07.07 07:28:38.790,0.79209,0.79219,4.02,4.99
2014.07.07 07:28:41.073,0.79211,0.79219,1.25,4.47
2014.07.07 07:28:41.725,0.79211,0.79219,1.19,4.47
2014.07.07 07:28:42.679,0.7921,0.79218,1.19,1.39
2014.07.07 07:28:44.112,0.79209,0.79219,4.32,4.47
2014.07.07 07:28:46.447,0.79209,0.79218,3.19,1.39
2014.07.07 07:28:47.306,0.7921,0.79218,1.19,2.14
2014.07.07 07:28:49.340,0.79209,0.79217,5.07,1.32
2014.07.07 07:28:52.357,0.79209,0.79218,4.32,1.29
2014.07.07 07:28:54.368,0.79209,0.79219,5.07,5.22
2014.07.07 07:28:55.329,0.79211,0.79219,1.19,5.22
2014.07.07 07:29:00.898,0.79211,0.79219,1.19,3.64
2014.07.07 07:29:04.418,0.79213,0.7922,1.25,3.64
2014.07.07 07:29:05.410,0.79212,0.7922,2.07,2.89
2014.07.07 07:29:08.383,0.79213,0.79219,1.19,1.25
2014.07.07 07:29:09.563,0.79213,0.79218,1.19,1.00
2014.07.07 07:29:10.410,0.79213,0.79219,1.19,1.25
2014.07.07 07:29:11.632,0.79212,0.79219,1.25,1.32
2014.07.07 07:29:12.242,0.79211,0.79218,2.44,1.50
2014.07.07 07:29:13.251,0.79211,0.79218,1.25,1.69
2014.07.07 07:29:14.285,0.79212,0.79219,1.00,1.29
2014.07.07 07:29:14.792,0.79212,0.7922,1.38,2.89
2014.07.07 07:29:15.299,0.79212,0.7922,1.63,2.14
2014.07.07 07:29:16.245,0.79212,0.79219,1.25,1.02
2014.07.07 07:29:19.139,0.79213,0.79221,1.38,1.77
2014.07.07 07:29:19.342,0.79214,0.79223,1.63,5.22
2014.07.07 07:29:20.203,0.79216,0.79224,1.00,1.84
2014.07.07 07:29:20.862,0.79216,0.79224,1.69,2.22
2014.07.07 07:29:21.876,0.79217,0.79225,1.25,2.97
2014.07.07 07:29:22.868,0.79215,0.79225,3.57,5.97
2014.07.07 07:29:23.887,0.79216,0.79224,1.19,1.39
2014.07.07 07:29:24.850,0.79215,0.79224,2.07,4.84
2014.07.07 07:29:27.895,0.79214,0.79222,2.07,1.29
2014.07.07 07:29:28.405,0.79215,0.79223,1.13,5.97
2014.07.07 07:29:28.912,0.79216,0.79224,1.69,4.47
2014.07.07 07:29:29.878,0.79216,0.79224,1.00,5.44
2014.07.07 07:29:30.882,0.79216,0.79224,1.25,5.44
2014.07.07 07:29:32.896,0.79216,0.79223,1.25,1.32
2014.07.07 07:29:33.901,0.79216,0.79223,1.00,1.69
2014.07.07 07:29:44.999,0.79216,0.79222,1.19,1.25
2014.07.07 07:29:45.516,0.79216,0.79222,1.25,1.00
2014.07.07 07:29:46.021,0.79216,0.79222,1.25,1.19
2014.07.07 07:29:46.971,0.79215,0.79223,1.25,2.82
2014.07.07 07:29:47.983,0.79215,0.79223,1.69,2.07
2014.07.07 07:29:56.054,0.79215,0.79222,1.19,1.00
2014.07.07 07:30:01.025,0.79214,0.79222,1.32,1.39
2014.07.07 07:30:02.023,0.79213,0.79222,4.32,2.52
2014.07.07 07:30:02.929,0.79213,0.79222,4.39,1.25
2014.07.07 07:30:04.872,0.79214,0.79222,1.39,2.25
2014.07.07 07:30:07.574,0.79214,0.79222,1.32,1.00
2014.07.07 07:30:10.873,0.79214,0.79222,2.07,1.00
2014.07.07 07:30:11.404,0.79214,0.79222,1.39,1.00
2014.07.07 07:30:11.810,0.79217,0.79222,1.00,1.00
2014.07.07 07:30:11.913,0.79218,0.79226,1.88,3.34
2014.07.07 07:30:12.016,0.7922,0.79226,1.00,1.00
2014.07.07 07:30:12.219,0.7922,0.7923,2.14,4.47
2014.07.07 07:30:12.674,0.79222,0.79231,1.25,4.09
2014.07.07 07:30:12.726,0.79222,0.79231,1.25,2.52
2014.07.07 07:30:13.234,0.79223,0.79231,1.02,1.10
2014.07.07 07:30:14.214,0.79223,0.79231,1.29,1.10
2014.07.07 07:30:15.235,0.79223,0.79231,1.77,1.29
2014.07.07 07:30:16.197,0.79223,0.79232,1.77,2.14
2014.07.07 07:30:18.250,0.79224,0.79231,1.77,1.00
2014.07.07 07:30:19.231,0.79224,0.79231,1.69,1.00
2014.07.07 07:30:20.619,0.79225,0.79232,1.25,1.13
2014.07.07 07:30:29.299,0.79225,0.79232,1.69,1.32
2014.07.07 07:30:31.343,0.79225,0.79233,1.25,2.89
2014.07.07 07:30:38.459,0.79225,0.79231,1.25,1.00
2014.07.07 07:30:42.357,0.79225,0.79231,1.19,1.00
2014.07.07 07:30:44.360,0.79224,0.79231,2.44,1.00
2014.07.07 07:30:54.266,0.79224,0.79232,1.84,1.32
2014.07.07 07:31:01.400,0.79224,0.79232,1.77,1.69
2014.07.07 07:31:05.191,0.79227,0.79232,1.00,1.57
2014.07.07 07:31:05.648,0.79225,0.79233,1.25,2.07
2014.07.07 07:31:09.279,0.79225,0.79233,1.25,2.07
2014.07.07 07:31:14.829,0.79225,0.79231,1.02,1.00
2014.07.07 07:31:15.337,0.79224,0.79232,1.29,1.32
2014.07.07 07:31:15.853,0.79224,0.79232,1.37,1.32
2014.07.07 07:31:16.880,0.79224,0.79232,1.84,1.32
2014.07.07 07:31:17.571,0.79224,0.79232,1.27,1.19
2014.07.07 07:31:18.240,0.79223,0.79233,4.47,2.89
2014.07.07 07:31:35.284,0.79224,0.79233,1.33,2.89
2014.07.07 07:31:36.706,0.79224,0.79233,1.27,2.89
2014.07.07 07:31:38.430,0.79224,0.79233,1.33,2.89
2014.07.07 07:31:41.624,0.79224,0.79233,1.27,2.89
2014.07.07 07:31:42.640,0.79224,0.79233,1.33,2.89
2014.07.07 07:31:55.159,0.79224,0.79232,1.27,1.25
2014.07.07 07:31:56.072,0.79224,0.79232,1.77,1.19
2014.07.07 07:32:01.165,0.79224,0.79232,1.77,1.25
2014.07.07 07:32:03.418,0.79224,0.79232,1.77,1.19
2014.07.07 07:32:05.480,0.79223,0.79233,5.22,3.64
2014.07.07 07:32:07.027,0.79223,0.79233,5.22,2.89
2014.07.07 07:32:10.240,0.79224,0.79232,1.27,1.19
2014.07.07 07:32:12.250,0.79223,0.79231,1.09,2.07
2014.07.07 07:32:12.301,0.79222,0.79231,1.84,3.64
2014.07.07 07:32:12.810,0.79223,0.7923,1.29,1.25
2014.07.07 07:32:12.861,0.79223,0.79232,1.10,3.57
2014.07.07 07:32:13.267,0.79223,0.79232,1.77,1.69
2014.07.07 07:32:14.331,0.79224,0.79232,1.02,1.69
2014.07.07 07:32:15.346,0.79224,0.79232,1.29,1.69
2014.07.07 07:32:16.672,0.79224,0.79232,1.02,2.44
2014.07.07 07:32:22.393,0.79224,0.79232,1.10,1.69
2014.07.07 07:32:23.377,0.79224,0.79233,1.00,2.14
2014.07.07 07:32:23.954,0.79224,0.79233,1.25,2.89
2014.07.07 07:32:30.778,0.79224,0.79232,1.69,1.69
2014.07.07 07:32:32.511,0.79224,0.79232,1.25,1.69
2014.07.07 07:32:39.717,0.79226,0.79232,1.00,1.19
2014.07.07 07:32:39.919,0.79224,0.79232,1.39,1.19
2014.07.07 07:32:41.193,0.79224,0.79233,1.33,4.32
2014.07.07 07:32:41.812,0.79224,0.79233,1.33,4.77
2014.07.07 07:32:57.602,0.79226,0.79232,1.00,1.19
2014.07.07 07:32:58.012,0.79226,0.79234,1.69,1.84
2014.07.07 07:32:58.520,0.79227,0.79234,1.50,1.19
2014.07.07 07:32:59.188,0.79227,0.79235,1.69,3.27
2014.07.07 07:33:05.944,0.79228,0.79235,1.00,2.07
2014.07.07 07:33:06.599,0.79228,0.79236,1.25,2.07
2014.07.07 07:33:09.342,0.79228,0.79236,1.00,2.14
2014.07.07 07:33:13.192,0.79229,0.79236,1.00,2.22
2014.07.07 07:33:14.391,0.79229,0.79236,1.00,2.22
2014.07.07 07:33:23.236,0.79229,0.79236,1.19,2.22
2014.07.07 07:33:27.557,0.79229,0.79236,1.00,1.28
2014.07.07 07:33:28.901,0.79229,0.79237,1.25,2.89
2014.07.07 07:33:29.616,0.79229,0.79236,1.50,2.07
2014.07.07 07:33:32.327,0.79228,0.79236,1.25,2.07
2014.07.07 07:33:36.515,0.79228,0.79236,1.33,2.82
2014.07.07 07:33:37.042,0.79228,0.79236,1.10,2.82
2014.07.07 07:33:41.554,0.79229,0.79236,1.00,2.82
2014.07.07 07:33:42.066,0.79229,0.79236,1.00,2.07
2014.07.07 07:33:44.023,0.79229,0.79236,1.00,2.82
2014.07.07 07:33:50.210,0.79229,0.79236,1.08,1.25
2014.07.07 07:33:50.733,0.7923,0.79238,1.18,2.82
2014.07.07 07:33:51.946,0.7923,0.79238,1.00,2.82
2014.07.07 07:33:52.671,0.7923,0.79238,1.00,2.07
2014.07.07 07:33:53.195,0.7923,0.79238,1.10,2.82
2014.07.07 07:33:53.804,0.7923,0.79237,1.02,1.19
2014.07.07 07:33:54.777,0.7923,0.79238,1.02,2.07
2014.07.07 07:33:55.864,0.7923,0.79238,1.00,2.07
2014.07.07 07:33:58.435,0.7923,0.79236,1.10,1.00
2014.07.07 07:34:00.186,0.7923,0.79236,1.02,1.19
2014.07.07 07:34:04.674,0.7923,0.79236,1.00,1.25
2014.07.07 07:34:11.067,0.7923,0.79237,1.69,1.25
2014.07.07 07:34:11.883,0.7923,0.79237,1.50,1.19
2014.07.07 07:34:15.049,0.79229,0.79237,1.77,5.14
2014.07.07 07:34:15.578,0.79229,0.79236,1.25,2.14
2014.07.07 07:34:19.622,0.79229,0.79236,1.00,2.89
2014.07.07 07:34:22.124,0.79228,0.79235,1.00,1.32
2014.07.07 07:34:22.632,0.79227,0.79234,1.19,2.22
2014.07.07 07:34:22.834,0.79226,0.79234,1.00,3.72
2014.07.07 07:34:23.367,0.79224,0.79232,1.69,2.07
2014.07.07 07:34:23.826,0.79224,0.79232,1.09,3.57
2014.07.07 07:34:32.077,0.79224,0.7923,1.25,1.32
2014.07.07 07:34:33.864,0.79223,0.7923,1.32,1.32
2014.07.07 07:34:34.736,0.79223,0.7923,1.32,2.07
2014.07.07 07:34:38.611,0.79222,0.7923,2.59,3.19
2014.07.07 07:34:38.662,0.79222,0.79228,1.20,1.32
2014.07.07 07:34:38.764,0.79221,0.79228,2.25,1.67
2014.07.07 07:34:39.171,0.79218,0.79227,2.14,3.27
2014.07.07 07:34:48.374,0.7922,0.79227,1.00,2.89
2014.07.07 07:34:51.393,0.7922,0.79227,1.00,2.89
2014.07.07 07:34:51.901,0.79218,0.79226,1.27,2.07
2014.07.07 07:34:52.408,0.79218,0.79225,1.25,1.19
2014.07.07 07:34:54.341,0.79219,0.79225,1.00,1.19
2014.07.07 07:34:54.901,0.79219,0.79226,1.00,2.14
2014.07.07 07:34:58.094,0.79218,0.79226,1.25,2.89
2014.07.07 07:34:58.667,0.79218,0.79226,1.00,4.02
2014.07.07 07:35:01.307,0.79218,0.79226,1.69,2.89
2014.07.07 07:35:03.250,0.79217,0.79224,1.20,1.19
2014.07.07 07:35:03.786,0.79218,0.79224,1.00,1.19
2014.07.07 07:35:05.164,0.79216,0.79225,1.69,2.14
2014.07.07 07:35:08.238,0.79216,0.79225,2.44,1.02
2014.07.07 07:35:10.683,0.79216,0.79225,2.44,1.29
2014.07.07 07:35:17.805,0.79216,0.79225,2.44,1.02
2014.07.07 07:35:18.895,0.79216,0.79225,2.44,1.29
2014.07.07 07:35:22.383,0.79216,0.79225,2.44,1.02
2014.07.07 07:35:23.736,0.79216,0.79225,2.44,1.02
2014.07.07 07:35:25.011,0.79217,0.79226,1.63,2.22
2014.07.07 07:35:25.536,0.79219,0.79227,1.02,3.64
2014.07.07 07:35:26.804,0.79219,0.79227,1.02,3.64
2014.07.07 07:35:30.618,0.79219,0.79227,1.29,2.89
2014.07.07 07:35:32.076,0.79218,0.79227,2.14,2.14
2014.07.07 07:35:54.301,0.79221,0.79226,1.00,1.13
2014.07.07 07:36:00.535,0.7922,0.79226,1.25,1.38
2014.07.07 07:36:01.710,0.79221,0.79226,1.50,1.32
2014.07.07 07:36:21.461,0.79221,0.79227,1.50,3.57
2014.07.07 07:36:21.613,0.79223,0.79227,1.00,1.69
2014.07.07 07:36:26.819,0.79223,0.79228,1.00,1.32
2014.07.07 07:36:29.074,0.79223,0.79228,1.00,1.32
2014.07.07 07:36:33.818,0.79222,0.79228,1.25,1.32
2014.07.07 07:36:34.867,0.79221,0.79227,1.50,1.69
2014.07.07 07:36:37.146,0.79221,0.79227,1.69,2.07
2014.07.07 07:36:38.252,0.79221,0.79227,1.50,2.07
2014.07.07 07:36:43.572,0.79221,0.79227,1.69,2.07
2014.07.07 07:36:45.783,0.79221,0.79227,1.69,1.88
2014.07.07 07:36:46.987,0.79221,0.79227,1.69,2.07
2014.07.07 07:36:48.192,0.79221,0.79227,1.69,1.88
2014.07.07 07:36:54.302,0.79221,0.79227,1.50,2.82
2014.07.07 07:36:55.432,0.79221,0.79228,1.50,2.07
2014.07.07 07:36:55.484,0.79223,0.79228,1.00,1.32
2014.07.07 07:36:55.639,0.79224,0.79229,1.50,1.20
2014.07.07 07:36:55.691,0.79226,0.7923,1.00,1.50
2014.07.07 07:36:56.200,0.79227,0.79232,1.00,2.44
2014.07.07 07:36:56.353,0.79227,0.79232,1.00,1.00
2014.07.07 07:36:57.068,0.79227,0.79234,1.00,3.57
2014.07.07 07:36:59.248,0.79227,0.79234,1.00,1.57
2014.07.07 07:36:59.349,0.79228,0.79233,1.00,1.25
2014.07.07 07:37:00.371,0.79229,0.79233,1.00,1.25
2014.07.07 07:37:01.139,0.79229,0.79235,1.00,1.32
2014.07.07 07:37:03.150,0.79229,0.79235,1.00,1.32
2014.07.07 07:37:03.303,0.79231,0.79235,1.00,1.25
2014.07.07 07:37:03.821,0.7923,0.79235,1.00,1.63
2014.07.07 07:37:04.351,0.7923,0.79235,1.25,1.25
2014.07.07 07:37:06.278,0.7923,0.79237,1.10,2.07
2014.07.07 07:37:06.784,0.79231,0.79236,1.50,1.32
2014.07.07 07:37:07.398,0.79232,0.79236,1.00,1.32
2014.07.07 07:37:07.905,0.79231,0.79237,1.50,2.82
2014.07.07 07:37:08.479,0.79231,0.79237,1.50,2.82
2014.07.07 07:37:11.513,0.79231,0.79236,1.58,1.25
2014.07.07 07:37:16.419,0.79231,0.79237,2.25,2.07
2014.07.07 07:37:16.953,0.79231,0.79237,2.25,2.07
2014.07.07 07:37:25.218,0.79231,0.79237,2.25,1.32
2014.07.07 07:37:28.077,0.79231,0.79237,2.25,2.07
2014.07.07 07:37:29.137,0.79231,0.79237,2.25,1.32
2014.07.07 07:37:30.187,0.79231,0.79237,2.25,2.07
2014.07.07 07:37:34.300,0.79231,0.79237,2.25,2.07
2014.07.07 07:37:39.269,0.79231,0.79237,1.50,2.07
2014.07.07 07:37:40.769,0.79233,0.79237,1.00,1.50
2014.07.07 07:37:41.126,0.79233,0.79238,1.69,1.13
2014.07.07 07:37:41.633,0.79234,0.79241,1.50,4.39
2014.07.07 07:37:42.141,0.79235,0.79241,1.00,2.82
2014.07.07 07:37:42.678,0.79234,0.79241,1.00,2.82
2014.07.07 07:37:43.052,0.79236,0.79241,1.00,1.57
2014.07.07 07:37:43.559,0.79233,0.79241,2.82,1.19
2014.07.07 07:37:44.215,0.79236,0.79241,1.50,1.19
2014.07.07 07:37:47.114,0.79236,0.79242,1.50,1.39
2014.07.07 07:37:51.334,0.79236,0.79241,1.50,1.19
2014.07.07 07:37:54.100,0.79237,0.79242,1.00,1.10
2014.07.07 07:37:54.151,0.79237,0.79243,1.00,4.69
2014.07.07 07:37:54.659,0.79238,0.79243,1.00,1.19
2014.07.07 07:37:55.066,0.79237,0.79245,2.82,4.32
2014.07.07 07:37:55.878,0.79238,0.79244,1.25,1.00
2014.07.07 07:37:56.468,0.79238,0.79244,1.00,2.07
2014.07.07 07:37:56.975,0.79237,0.79243,1.00,1.32
2014.07.07 07:37:57.653,0.79237,0.79243,1.00,1.32
2014.07.07 07:37:58.161,0.79236,0.79243,1.10,1.32
2014.07.07 07:37:59.064,0.79235,0.79243,1.84,1.32
2014.07.07 07:38:00.949,0.79237,0.79244,1.13,4.69
2014.07.07 07:38:01.458,0.79238,0.79244,1.13,1.32
2014.07.07 07:38:01.916,0.79238,0.79245,1.95,1.13
2014.07.07 07:38:08.423,0.79237,0.79245,2.07,2.07
2014.07.07 07:38:08.677,0.79235,0.79243,2.14,1.32
2014.07.07 07:38:09.751,0.79235,0.79243,1.00,1.32
2014.07.07 07:38:10.317,0.79235,0.79243,1.88,1.32
2014.07.07 07:38:10.622,0.79237,0.79244,1.00,1.32
2014.07.07 07:38:14.546,0.79236,0.79243,2.44,1.13
2014.07.07 07:38:14.699,0.79235,0.79241,1.77,1.00
2014.07.07 07:38:15.206,0.79234,0.79242,1.27,1.00
2014.07.07 07:38:15.512,0.79233,0.79241,2.44,1.38
2014.07.07 07:38:15.664,0.79233,0.79242,1.69,4.39
2014.07.07 07:38:19.212,0.79233,0.79242,2.07,3.64
2014.07.07 07:38:26.196,0.79233,0.79242,1.69,3.64
2014.07.07 07:38:27.376,0.79233,0.79242,1.69,4.39
2014.07.07 07:38:27.895,0.79233,0.79242,2.07,4.39
2014.07.07 07:38:28.435,0.79233,0.79242,2.14,3.57
2014.07.07 07:38:29.028,0.79234,0.79242,1.00,2.44
2014.07.07 07:38:29.676,0.79234,0.79242,2.44,1.69
2014.07.07 07:38:30.845,0.79234,0.79241,2.82,1.00
2014.07.07 07:38:32.117,0.79235,0.79242,1.00,2.82
2014.07.07 07:38:34.197,0.79235,0.79243,2.52,1.39
2014.07.07 07:38:36.104,0.79235,0.79243,3.27,1.39
2014.07.07 07:38:38.047,0.79237,0.79243,1.00,1.19
2014.07.07 07:38:38.553,0.79238,0.79245,1.00,3.19
2014.07.07 07:38:38.756,0.79239,0.79246,1.25,1.25
2014.07.07 07:38:39.668,0.79239,0.79248,1.19,2.89
2014.07.07 07:38:45.369,0.7924,0.79249,1.00,3.64
2014.07.07 07:38:46.269,0.7924,0.79249,1.25,4.39
2014.07.07 07:39:05.991,0.7924,0.79248,1.69,1.32
2014.07.07 07:39:16.435,0.7924,0.79249,1.25,2.89
2014.07.07 07:39:19.752,0.79239,0.79246,2.14,1.00
2014.07.07 07:39:20.683,0.79239,0.79247,2.14,1.25
2014.07.07 07:39:23.753,0.7924,0.79247,1.19,1.32
2014.07.07 07:39:25.549,0.79239,0.79247,1.25,1.32
2014.07.07 07:39:26.553,0.79239,0.79247,1.69,1.32
2014.07.07 07:39:35.956,0.79239,0.79248,1.67,3.19
2014.07.07 07:39:36.524,0.79239,0.79248,1.39,2.82
2014.07.07 07:39:39.095,0.79239,0.79248,1.39,2.82
2014.07.07 07:39:43.160,0.79239,0.79248,2.14,2.07
2014.07.07 07:39:48.434,0.79239,0.79248,1.00,5.14
2014.07.07 07:39:48.953,0.79238,0.79246,2.89,1.19
2014.07.07 07:39:50.653,0.79238,0.79246,3.64,1.25
2014.07.07 07:39:50.907,0.79241,0.79248,1.00,3.57
2014.07.07 07:39:51.414,0.79241,0.79248,1.25,1.32
2014.07.07 07:39:52.260,0.79239,0.79249,4.47,5.44
2014.07.07 07:39:53.264,0.79239,0.79247,3.72,1.25
2014.07.07 07:39:53.789,0.79239,0.79248,2.22,4.69
2014.07.07 07:39:54.513,0.79239,0.79248,2.14,4.69
2014.07.07 07:39:55.610,0.7924,0.79248,1.00,3.94
2014.07.07 07:39:58.651,0.7924,0.79246,1.00,1.00
2014.07.07 07:39:59.007,0.79238,0.79246,1.88,1.69
2014.07.07 07:39:59.538,0.79238,0.79246,1.88,2.44
2014.07.07 07:40:00.220,0.79238,0.79246,1.48,1.25
2014.07.07 07:40:00.749,0.79238,0.79246,1.38,1.69
2014.07.07 07:40:02.057,0.79238,0.79246,1.88,1.69
2014.07.07 07:40:02.108,0.79238,0.79246,2.82,1.69
2014.07.07 07:40:02.806,0.79238,0.79246,2.07,1.00
2014.07.07 07:40:02.901,0.79238,0.79246,2.82,1.69
2014.07.07 07:40:03.416,0.79238,0.79246,2.82,1.00
2014.07.07 07:40:07.654,0.79238,0.79246,2.82,1.00
2014.07.07 07:40:08.186,0.79238,0.79246,2.97,1.25
2014.07.07 07:40:13.343,0.79238,0.79246,4.39,2.07
2014.07.07 07:40:15.580,0.79238,0.79246,4.39,1.25
2014.07.07 07:40:17.580,0.79238,0.79246,2.63,1.69
2014.07.07 07:40:17.885,0.79238,0.79246,2.82,3.19
2014.07.07 07:40:21.193,0.79238,0.79246,1.77,1.25
2014.07.07 07:40:22.194,0.79238,0.79246,1.77,1.69
2014.07.07 07:40:24.390,0.79238,0.79246,1.77,1.32
2014.07.07 07:40:25.390,0.79238,0.79246,1.77,1.19
2014.07.07 07:40:26.386,0.79238,0.79246,1.77,1.25
2014.07.07 07:40:30.541,0.79238,0.79246,2.33,2.82
2014.07.07 07:40:31.616,0.79238,0.79246,2.52,3.19
2014.07.07 07:40:32.142,0.79239,0.79246,1.69,1.25
2014.07.07 07:40:32.523,0.79241,0.79246,1.00,1.25
2014.07.07 07:40:44.623,0.79241,0.79248,1.00,1.19
2014.07.07 07:40:45.737,0.79241,0.79246,1.00,1.25
2014.07.07 07:40:45.853,0.79239,0.79247,1.10,2.82
2014.07.07 07:40:46.474,0.79238,0.79246,1.10,1.25
2014.07.07 07:40:46.576,0.79239,0.79244,1.00,1.00
2014.07.07 07:40:46.983,0.79236,0.79244,1.69,2.82
2014.07.07 07:40:47.499,0.79237,0.79244,1.00,2.82
2014.07.07 07:40:48.035,0.79236,0.79244,2.97,3.57
2014.07.07 07:40:48.830,0.79236,0.79244,4.47,3.57
2014.07.07 07:40:49.240,0.79237,0.79244,1.69,1.25
2014.07.07 07:40:50.525,0.79238,0.79246,1.77,1.25
2014.07.07 07:40:51.139,0.79238,0.79246,1.84,1.25
2014.07.07 07:40:54.047,0.79239,0.79246,1.27,1.69
2014.07.07 07:40:57.459,0.79238,0.79246,3.94,1.69
2014.07.07 07:40:58.158,0.79238,0.79245,3.94,1.00
2014.07.07 07:40:59.601,0.79238,0.79243,1.77,1.00
2014.07.07 07:40:59.981,0.79238,0.79243,1.77,1.00
2014.07.07 07:41:01.111,0.79238,0.79246,1.77,2.44
2014.07.07 07:41:02.669,0.79238,0.79246,1.84,2.44
2014.07.07 07:41:03.475,0.79238,0.79246,2.59,1.69
2014.07.07 07:41:05.505,0.79238,0.79246,3.34,3.79
2014.07.07 07:41:05.708,0.79235,0.79242,1.84,1.13
2014.07.07 07:41:05.912,0.79234,0.79242,4.09,1.32
2014.07.07 07:41:07.035,0.79235,0.79244,3.57,2.97
2014.07.07 07:41:08.379,0.79235,0.79244,1.77,2.89
2014.07.07 07:41:08.887,0.79235,0.79243,2.52,1.25
2014.07.07 07:41:12.960,0.79235,0.79242,2.52,1.50
2014.07.07 07:41:13.748,0.79235,0.79243,2.44,1.69
2014.07.07 07:41:14.264,0.79235,0.79242,2.44,1.00
2014.07.07 07:41:15.515,0.79235,0.79243,2.44,1.25
2014.07.07 07:41:17.960,0.79235,0.79243,2.52,1.77
2014.07.07 07:41:20.041,0.79234,0.79243,1.29,2.82
2014.07.07 07:41:21.066,0.79235,0.79243,3.04,1.25
2014.07.07 07:41:22.056,0.79235,0.79243,3.27,1.00
2014.07.07 07:41:23.226,0.79235,0.79245,2.89,4.39
2014.07.07 07:41:26.689,0.79237,0.79245,1.19,4.39
2014.07.07 07:41:29.290,0.79237,0.79242,1.19,1.00
2014.07.07 07:41:29.392,0.79234,0.79242,2.97,1.25
2014.07.07 07:41:29.899,0.79234,0.79242,2.97,1.25
2014.07.07 07:41:37.650,0.79234,0.79241,1.69,1.00
2014.07.07 07:41:38.268,0.79234,0.79242,1.69,1.32
2014.07.07 07:41:44.107,0.79234,0.79242,1.77,1.63
2014.07.07 07:41:44.731,0.79234,0.79242,1.77,1.32
2014.07.07 07:41:47.021,0.79234,0.79242,1.39,1.63
2014.07.07 07:41:47.925,0.79234,0.79242,1.39,1.57
2014.07.07 07:41:49.066,0.79234,0.79244,2.14,5.52
2014.07.07 07:41:49.473,0.79236,0.79244,1.32,1.25
2014.07.07 07:41:50.492,0.79237,0.79245,1.32,1.25
2014.07.07 07:41:51.000,0.79239,0.79248,1.32,2.52
2014.07.07 07:41:51.375,0.79239,0.79248,2.97,1.02
2014.07.07 07:41:53.250,0.79242,0.79249,1.10,1.19
2014.07.07 07:41:53.402,0.79242,0.7925,1.69,1.25
2014.07.07 07:41:54.999,0.79243,0.79251,1.00,1.29
2014.07.07 07:41:55.507,0.79243,0.79252,1.39,3.94
2014.07.07 07:41:56.478,0.79243,0.79251,2.14,1.19
2014.07.07 07:41:57.496,0.79243,0.79252,1.39,3.94
2014.07.07 07:41:58.513,0.79243,0.79251,2.14,1.19
2014.07.07 07:42:01.681,0.79244,0.79252,1.32,3.19
2014.07.07 07:42:05.294,0.79243,0.79251,2.89,1.19
2014.07.07 07:42:06.439,0.79243,0.79252,2.89,2.44
2014.07.07 07:42:06.947,0.79245,0.79253,1.10,2.07
2014.07.07 07:42:07.744,0.79245,0.79253,1.02,1.32
2014.07.07 07:42:08.610,0.79245,0.79253,1.77,1.32
2014.07.07 07:42:10.152,0.79244,0.79253,3.72,1.32
2014.07.07 07:42:11.327,0.79244,0.79252,2.97,1.69
2014.07.07 07:42:14.218,0.79244,0.79252,2.59,1.25
2014.07.07 07:42:18.223,0.79246,0.79252,1.28,1.25
2014.07.07 07:42:18.527,0.79246,0.79254,2.22,1.25
2014.07.07 07:42:19.034,0.79246,0.79254,2.14,1.69
2014.07.07 07:42:19.389,0.79247,0.79253,1.00,1.19
2014.07.07 07:42:21.071,0.79247,0.79254,1.00,1.69
2014.07.07 07:42:23.267,0.79247,0.79254,1.00,1.69
2014.07.07 07:42:25.714,0.79246,0.79254,1.58,1.69
2014.07.07 07:42:26.599,0.79246,0.79254,1.84,1.69
2014.07.07 07:42:30.794,0.79246,0.79254,1.58,1.02
2014.07.07 07:42:31.378,0.79246,0.79254,1.77,1.29
2014.07.07 07:42:32.518,0.79246,0.79254,1.77,1.02
2014.07.07 07:42:34.821,0.79246,0.79254,1.10,2.52
2014.07.07 07:42:35.827,0.79245,0.79253,1.95,2.44
2014.07.07 07:42:36.332,0.79245,0.79253,1.13,2.89
2014.07.07 07:42:36.876,0.79245,0.79252,1.00,1.32
2014.07.07 07:42:38.360,0.79244,0.79252,1.63,1.19
2014.07.07 07:42:39.784,0.79244,0.79252,1.77,1.19
2014.07.07 07:42:40.142,0.79246,0.79252,1.00,1.19
2014.07.07 07:42:43.113,0.79244,0.79251,1.25,1.25
2014.07.07 07:42:43.977,0.79245,0.79252,1.00,1.19
2014.07.07 07:42:48.167,0.79246,0.79253,1.00,2.07
2014.07.07 07:42:49.177,0.79245,0.79252,1.50,1.19
2014.07.07 07:42:49.332,0.79247,0.79252,1.00,1.19
2014.07.07 07:42:50.439,0.79246,0.79253,1.00,1.77
2014.07.07 07:42:53.516,0.79247,0.79254,1.00,2.52
2014.07.07 07:42:54.402,0.79247,0.79254,1.50,2.44
2014.07.07 07:42:56.827,0.79247,0.79254,1.50,1.25
2014.07.07 07:42:57.352,0.79247,0.79253,1.50,1.00
2014.07.07 07:42:59.303,0.79247,0.79254,2.25,1.19
2014.07.07 07:43:00.369,0.79246,0.79253,1.00,1.69
2014.07.07 07:43:00.882,0.79245,0.79253,1.32,1.77
2014.07.07 07:43:01.430,0.79245,0.79252,1.13,1.29
2014.07.07 07:43:02.562,0.79245,0.79252,1.38,1.29
2014.07.07 07:43:03.337,0.79245,0.79252,1.63,1.29
2014.07.07 07:43:08.074,0.79246,0.79253,1.13,1.77
2014.07.07 07:43:12.667,0.79246,0.79252,1.00,1.29
2014.07.07 07:43:13.676,0.79246,0.79252,1.00,1.29
2014.07.07 07:43:14.204,0.79245,0.79252,1.50,1.19
2014.07.07 07:43:14.736,0.79247,0.79252,1.00,1.19
2014.07.07 07:43:15.256,0.79246,0.79253,1.00,2.82
2014.07.07 07:43:17.276,0.79246,0.79253,1.00,3.94
2014.07.07 07:43:17.791,0.79247,0.79253,1.00,1.19
2014.07.07 07:43:18.807,0.79247,0.79254,1.00,1.69
2014.07.07 07:43:19.598,0.79246,0.79254,2.07,1.69
2014.07.07 07:43:19.906,0.79246,0.79253,1.32,1.19
2014.07.07 07:43:20.593,0.79244,0.79251,2.14,1.32
2014.07.07 07:43:21.102,0.79244,0.79251,1.32,1.39
2014.07.07 07:43:22.515,0.79243,0.79251,2.25,2.14
2014.07.07 07:43:23.711,0.79243,0.79251,2.82,1.77
2014.07.07 07:43:24.934,0.79243,0.79251,1.95,1.39
2014.07.07 07:43:25.518,0.79244,0.79251,2.10,1.29
2014.07.07 07:43:25.956,0.79244,0.79251,1.63,1.02
2014.07.07 07:43:28.420,0.79244,0.79252,1.38,1.27
2014.07.07 07:43:30.074,0.79244,0.79252,1.32,1.27
2014.07.07 07:43:30.619,0.79245,0.79252,1.50,1.27
2014.07.07 07:43:34.895,0.79244,0.79252,1.13,1.39
2014.07.07 07:43:35.401,0.79243,0.79252,2.89,2.14
2014.07.07 07:43:35.919,0.79244,0.79251,1.00,1.39
2014.07.07 07:43:36.456,0.79243,0.79251,2.33,2.52
2014.07.07 07:43:38.197,0.79243,0.79251,2.52,1.02
2014.07.07 07:43:40.157,0.79243,0.79251,2.33,1.77
2014.07.07 07:43:42.182,0.79243,0.79251,3.27,1.02
2014.07.07 07:43:44.483,0.79243,0.79251,4.02,1.29
2014.07.07 07:43:45.352,0.79244,0.79251,2.07,1.19
2014.07.07 07:43:45.403,0.79244,0.79253,2.07,1.84
2014.07.07 07:43:45.932,0.79244,0.79253,2.07,1.84
2014.07.07 07:43:47.202,0.79244,0.79253,2.07,2.22
2014.07.07 07:43:55.597,0.79246,0.79253,1.00,2.97
2014.07.07 07:43:56.142,0.79245,0.79253,1.88,3.72
2014.07.07 07:43:58.681,0.79246,0.79253,1.00,2.97
2014.07.07 07:43:59.617,0.79246,0.79251,1.00,1.19
2014.07.07 07:44:00.560,0.79245,0.79251,1.25,1.19
2014.07.07 07:44:01.580,0.79245,0.79253,1.00,2.82
2014.07.07 07:44:02.207,0.79246,0.79253,1.00,1.69
2014.07.07 07:44:09.110,0.79245,0.79252,1.50,1.19
2014.07.07 07:44:09.670,0.79246,0.79252,1.00,1.19
2014.07.07 07:44:10.179,0.79246,0.79253,1.13,1.32
2014.07.07 07:44:12.053,0.79245,0.79255,5.82,4.69
2014.07.07 07:44:12.573,0.79247,0.79254,1.00,1.69
2014.07.07 07:44:13.081,0.79246,0.79254,3.34,1.69
2014.07.07 07:44:14.483,0.79245,0.79254,2.97,1.69
2014.07.07 07:44:15.697,0.79245,0.79254,3.72,1.19
2014.07.07 07:44:20.095,0.79245,0.79253,2.52,1.19
2014.07.07 07:44:24.935,0.79246,0.79254,1.00,1.69
2014.07.07 07:44:26.255,0.79245,0.79253,2.52,1.19
2014.07.07 07:44:28.338,0.79246,0.79254,1.00,2.82
2014.07.07 07:44:29.329,0.79246,0.79253,1.25,1.19
2014.07.07 07:44:30.434,0.79246,0.79253,1.00,1.19
2014.07.07 07:44:32.191,0.79245,0.79253,1.39,3.19
2014.07.07 07:44:33.193,0.79247,0.79253,1.00,1.69
2014.07.07 07:44:33.664,0.79245,0.79253,1.25,2.14
2014.07.07 07:44:34.589,0.79245,0.79253,1.10,1.29
2014.07.07 07:44:35.566,0.79245,0.79253,1.25,1.39
2014.07.07 07:44:36.072,0.79246,0.79253,1.00,1.39
2014.07.07 07:44:37.778,0.79246,0.79254,1.00,3.72
2014.07.07 07:44:38.484,0.79246,0.79253,1.00,1.39
2014.07.07 07:44:43.954,0.79245,0.79254,1.25,3.72
2014.07.07 07:44:46.404,0.79247,0.79253,1.00,3.34
2014.07.07 07:44:46.608,0.79244,0.79253,2.82,2.14
2014.07.07 07:44:47.303,0.79244,0.79252,1.39,1.32
2014.07.07 07:44:49.378,0.79245,0.79252,1.00,1.19
2014.07.07 07:44:50.543,0.79245,0.79252,1.25,1.25
2014.07.07 07:44:54.617,0.79245,0.79252,1.25,1.69
2014.07.07 07:44:56.146,0.79245,0.79252,1.25,1.69
2014.07.07 07:45:09.672,0.79245,0.79253,1.00,1.77
2014.07.07 07:45:10.766,0.79245,0.79253,1.25,1.77
2014.07.07 07:45:12.890,0.79245,0.79253,1.00,1.77
2014.07.07 07:45:13.546,0.79246,0.79253,1.00,1.69
2014.07.07 07:45:14.063,0.79245,0.79253,1.25,2.52
2014.07.07 07:45:15.577,0.79244,0.79253,3.64,2.82
2014.07.07 07:45:18.071,0.79245,0.79253,1.32,1.69
2014.07.07 07:45:18.578,0.79245,0.79251,1.02,1.88
2014.07.07 07:45:18.680,0.79243,0.7925,1.27,1.88
2014.07.07 07:45:18.986,0.79241,0.79248,1.69,1.19
2014.07.07 07:45:19.341,0.7924,0.79248,1.50,3.64
2014.07.07 07:45:19.544,0.79238,0.79246,1.69,2.07
2014.07.07 07:45:20.035,0.79237,0.79244,1.88,1.69
2014.07.07 07:45:21.130,0.79237,0.79244,1.00,1.69
2014.07.07 07:45:22.802,0.79235,0.79244,2.89,1.69
2014.07.07 07:45:23.344,0.79235,0.79245,2.89,4.39
2014.07.07 07:45:23.605,0.79238,0.79244,1.00,1.19
2014.07.07 07:45:24.478,0.79235,0.79244,2.89,1.19
2014.07.07 07:45:25.495,0.79235,0.79244,2.14,2.44
2014.07.07 07:45:26.509,0.79235,0.79243,2.89,1.19
2014.07.07 07:45:27.506,0.79235,0.79244,2.14,2.44
2014.07.07 07:45:29.594,0.79235,0.79244,2.14,2.44
2014.07.07 07:45:33.179,0.79235,0.79243,1.77,2.07
2014.07.07 07:45:33.382,0.79233,0.7924,1.84,1.00
2014.07.07 07:45:33.982,0.79231,0.7924,3.72,1.25
2014.07.07 07:45:34.134,0.79231,0.79238,2.89,1.00
2014.07.07 07:45:34.439,0.79231,0.79238,1.39,1.25
2014.07.07 07:45:34.490,0.79231,0.79236,1.39,1.00
2014.07.07 07:45:34.693,0.79231,0.79238,1.39,1.25
2014.07.07 07:45:35.205,0.79231,0.79238,1.47,1.25
2014.07.07 07:45:36.472,0.79231,0.79239,1.39,1.25
2014.07.07 07:45:39.474,0.79233,0.79239,1.00,1.25
2014.07.07 07:45:40.942,0.79232,0.79239,1.02,1.25
2014.07.07 07:45:43.302,0.79232,0.79239,2.14,1.25
2014.07.07 07:45:43.810,0.79234,0.79241,1.32,1.19
2014.07.07 07:45:44.468,0.79234,0.79242,1.32,2.44
2014.07.07 07:45:54.074,0.79234,0.79241,1.19,1.19
2014.07.07 07:45:56.343,0.79236,0.79241,1.00,1.19
2014.07.07 07:45:57.338,0.79236,0.79242,1.00,1.02
2014.07.07 07:46:01.744,0.79236,0.79242,1.25,1.77
2014.07.07 07:46:02.642,0.79235,0.79242,1.00,2.07
2014.07.07 07:46:03.149,0.79235,0.7924,1.00,1.00
2014.07.07 07:46:05.176,0.79233,0.7924,1.77,1.25
2014.07.07 07:46:05.863,0.79233,0.79239,1.77,1.00
2014.07.07 07:46:06.378,0.79232,0.79239,1.25,1.69
2014.07.07 07:46:07.139,0.79232,0.79239,1.69,1.50
2014.07.07 07:46:08.481,0.79234,0.79239,1.00,1.50
2014.07.07 07:46:09.491,0.79234,0.79239,1.00,1.69
2014.07.07 07:46:10.395,0.79234,0.79239,1.00,1.25
2014.07.07 07:46:11.105,0.79235,0.79241,1.00,2.82
2014.07.07 07:46:11.207,0.79235,0.79241,1.00,1.32
2014.07.07 07:46:11.765,0.79234,0.79241,1.25,1.32
2014.07.07 07:46:14.878,0.79234,0.79241,1.63,1.25
2014.07.07 07:46:15.387,0.79235,0.79243,1.57,1.69
2014.07.07 07:46:16.148,0.79237,0.79244,1.00,2.44
2014.07.07 07:46:16.655,0.79236,0.79244,2.82,1.25
2014.07.07 07:46:17.587,0.79239,0.79245,1.00,2.14
2014.07.07 07:46:17.891,0.7924,0.79248,1.63,1.19
2014.07.07 07:46:18.246,0.7924,0.79249,2.97,1.00
2014.07.07 07:46:24.091,0.79243,0.7925,1.00,2.82
2014.07.07 07:46:24.764,0.79243,0.7925,1.32,1.69
2014.07.07 07:46:26.982,0.79243,0.79249,1.32,1.00
2014.07.07 07:46:27.563,0.79243,0.79251,1.63,1.69
2014.07.07 07:46:28.970,0.79243,0.79251,1.57,1.25
2014.07.07 07:46:29.935,0.79245,0.79252,1.00,3.64
2014.07.07 07:46:30.511,0.79243,0.7925,3.42,1.00
2014.07.07 07:46:31.019,0.79244,0.79252,1.69,2.89
2014.07.07 07:46:31.525,0.79245,0.79252,1.00,2.89
2014.07.07 07:46:35.248,0.79244,0.79251,1.25,1.25
2014.07.07 07:46:35.811,0.79244,0.79251,2.44,1.19
2014.07.07 07:46:36.118,0.79246,0.79252,1.25,1.00
2014.07.07 07:46:36.169,0.79248,0.79252,1.50,1.00
2014.07.07 07:46:36.373,0.79248,0.79254,1.54,1.00
2014.07.07 07:46:36.880,0.79247,0.79255,3.34,1.25
2014.07.07 07:46:37.417,0.79249,0.79255,1.00,1.25
2014.07.07 07:46:37.924,0.79247,0.79255,2.82,1.25
2014.07.07 07:46:38.431,0.79248,0.79255,1.63,1.25
2014.07.07 07:46:39.015,0.79248,0.79255,1.69,1.25
2014.07.07 07:46:39.167,0.7925,0.79255,1.00,1.25
2014.07.07 07:46:39.725,0.7925,0.79255,1.00,1.19
2014.07.07 07:46:40.272,0.79248,0.79255,2.44,1.29
2014.07.07 07:46:40.817,0.79248,0.79255,1.25,1.02
2014.07.07 07:46:43.042,0.79247,0.79255,2.70,1.77
2014.07.07 07:46:43.573,0.79248,0.79255,1.13,1.77
2014.07.07 07:46:44.030,0.79249,0.79255,1.00,1.02
2014.07.07 07:46:45.441,0.79248,0.79255,1.25,1.02
2014.07.07 07:46:47.168,0.79247,0.79255,1.58,2.89
2014.07.07 07:46:53.594,0.79246,0.79255,1.69,2.14
2014.07.07 07:46:58.441,0.79244,0.79253,3.94,1.40
2014.07.07 07:46:58.979,0.79244,0.79252,2.82,1.20
2014.07.07 07:46:59.561,0.79244,0.79252,3.57,1.39
2014.07.07 07:47:01.332,0.79244,0.79253,1.88,2.97
2014.07.07 07:47:04.090,0.79243,0.79252,4.17,1.09
2014.07.07 07:47:13.767,0.79244,0.79252,1.63,1.69
2014.07.07 07:47:14.742,0.79243,0.79252,2.82,1.29
2014.07.07 07:47:15.335,0.79243,0.79252,2.82,1.29
2014.07.07 07:47:18.906,0.79243,0.79251,1.32,1.19
2014.07.07 07:47:25.633,0.79243,0.79251,2.22,2.44
2014.07.07 07:47:30.519,0.79243,0.79251,1.47,1.69
2014.07.07 07:47:33.547,0.79242,0.79251,2.82,1.25
2014.07.07 07:47:34.141,0.79242,0.79251,3.57,1.19
2014.07.07 07:47:35.638,0.79242,0.7925,1.84,3.57
2014.07.07 07:47:35.791,0.7924,0.7925,2.89,4.39
2014.07.07 07:47:36.299,0.7924,0.79249,1.39,5.14
2014.07.07 07:47:36.850,0.7924,0.79249,1.39,6.64
2014.07.07 07:47:38.912,0.7924,0.79248,2.89,1.29
2014.07.07 07:47:40.077,0.7924,0.79249,1.39,5.89
2014.07.07 07:47:41.680,0.79241,0.79249,1.38,4.77
2014.07.07 07:47:41.884,0.79242,0.7925,1.39,1.69
2014.07.07 07:47:41.936,0.79244,0.7925,1.00,1.69
2014.07.07 07:47:42.445,0.79243,0.79251,1.13,1.77
2014.07.07 07:47:43.410,0.79243,0.79251,1.32,1.27
2014.07.07 07:48:00.292,0.79242,0.79252,2.14,4.39
2014.07.07 07:48:00.822,0.79242,0.79252,2.89,5.14
2014.07.07 07:48:09.081,0.79242,0.7925,2.07,1.19
2014.07.07 07:48:11.516,0.79244,0.79251,1.00,1.19
2014.07.07 07:48:15.527,0.79242,0.7925,1.39,1.25
2014.07.07 07:48:15.831,0.79241,0.79248,1.94,1.25
2014.07.07 07:48:26.461,0.79241,0.79248,2.99,1.00
2014.07.07 07:48:27.385,0.79242,0.7925,1.63,1.69
2014.07.07 07:48:27.900,0.79242,0.7925,1.32,1.25
2014.07.07 07:48:28.206,0.79241,0.79248,1.39,1.25
2014.07.07 07:48:28.713,0.7924,0.79248,4.56,1.25
2014.07.07 07:48:34.584,0.7924,0.79248,3.72,2.44
2014.07.07 07:48:36.366,0.7924,0.79248,3.72,1.69
2014.07.07 07:48:36.873,0.7924,0.79249,2.97,3.94
2014.07.07 07:48:37.399,0.7924,0.79247,2.97,1.00
2014.07.07 07:48:37.450,0.7924,0.79247,2.89,1.50
2014.07.07 07:48:37.552,0.7924,0.79248,2.97,1.69
2014.07.07 07:48:38.874,0.7924,0.79249,3.72,1.25
2014.07.07 07:48:39.417,0.7924,0.79249,3.72,1.69
2014.07.07 07:48:40.482,0.7924,0.79249,4.47,1.25
2014.07.07 07:48:44.302,0.79241,0.79249,2.14,1.19
2014.07.07 07:48:56.753,0.7924,0.79248,5.14,1.19
2014.07.07 07:49:03.875,0.7924,0.79249,5.14,1.25
2014.07.07 07:49:06.208,0.7924,0.79249,5.14,1.19
2014.07.07 07:49:07.319,0.79241,0.79249,1.63,1.25
2014.07.07 07:49:11.329,0.79241,0.7925,1.57,3.64
2014.07.07 07:49:21.825,0.79241,0.79247,1.32,1.00
2014.07.07 07:49:21.927,0.7924,0.79247,1.69,1.25
2014.07.07 07:49:22.952,0.79238,0.79247,1.77,1.19
2014.07.07 07:49:28.353,0.79238,0.79246,1.32,2.44
2014.07.07 07:49:30.689,0.79237,0.79246,3.64,1.69
2014.07.07 07:49:32.369,0.79237,0.79246,3.64,1.69
2014.07.07 07:49:42.764,0.79237,0.79244,2.07,1.00
2014.07.07 07:49:43.290,0.79235,0.79244,3.64,1.25
2014.07.07 07:49:43.802,0.79235,0.79245,3.64,5.52
2014.07.07 07:49:45.405,0.79236,0.79244,1.57,1.19
2014.07.07 07:49:45.608,0.79235,0.79243,1.02,2.07
2014.07.07 07:49:46.647,0.79235,0.79243,1.00,3.64
2014.07.07 07:49:49.210,0.79234,0.79243,2.07,4.39
2014.07.07 07:49:49.412,0.79233,0.79241,2.14,1.25
2014.07.07 07:49:49.920,0.79232,0.7924,5.82,1.25
2014.07.07 07:49:52.557,0.79233,0.7924,1.63,1.25
2014.07.07 07:49:54.920,0.79233,0.7924,1.38,1.19
2014.07.07 07:50:06.742,0.79233,0.79238,1.69,1.00
2014.07.07 07:50:07.264,0.79233,0.79239,1.13,1.25
2014.07.07 07:50:08.050,0.79233,0.79239,1.38,1.25
2014.07.07 07:50:10.181,0.79235,0.79241,1.13,1.19
2014.07.07 07:50:13.249,0.79233,0.79239,1.25,1.00
2014.07.07 07:50:13.300,0.79233,0.79237,1.25,1.00
2014.07.07 07:50:14.421,0.79231,0.79237,2.82,1.00
2014.07.07 07:50:15.088,0.79231,0.79236,1.69,1.00
2014.07.07 07:50:15.597,0.79231,0.79236,1.00,1.00
2014.07.07 07:50:16.343,0.7923,0.79236,1.32,1.00
2014.07.07 07:50:17.498,0.7923,0.79236,2.07,1.25
2014.07.07 07:50:18.904,0.7923,0.79236,1.32,1.00
2014.07.07 07:50:19.588,0.7923,0.79235,1.32,1.00
2014.07.07 07:50:20.147,0.79226,0.79233,2.14,1.00
2014.07.07 07:50:20.581,0.79227,0.79232,1.38,1.00
2014.07.07 07:50:20.740,0.79226,0.79232,1.02,1.00
2014.07.07 07:50:21.248,0.79226,0.79232,1.33,1.00
2014.07.07 07:50:22.421,0.79226,0.79232,1.20,1.25
2014.07.07 07:50:23.549,0.79226,0.79233,1.32,1.25
2014.07.07 07:50:24.075,0.79226,0.79232,1.39,1.00
2014.07.07 07:50:24.278,0.79227,0.79233,1.38,1.25
2014.07.07 07:50:24.582,0.7923,0.79235,1.32,1.00
2014.07.07 07:50:24.634,0.7923,0.79237,1.63,1.69
2014.07.07 07:50:25.582,0.7923,0.79237,1.32,1.02
2014.07.07 07:50:28.885,0.79229,0.79236,2.14,1.00
2014.07.07 07:50:41.083,0.7923,0.79237,1.25,2.44
2014.07.07 07:50:51.947,0.7923,0.79237,2.14,1.19
2014.07.07 07:50:56.174,0.79229,0.79237,1.67,2.07
2014.07.07 07:50:57.817,0.79229,0.79237,1.39,2.07
2014.07.07 07:50:58.340,0.79228,0.79235,1.99,2.07
2014.07.07 07:50:58.442,0.79228,0.79233,1.62,1.00
2014.07.07 07:50:59.034,0.79228,0.79236,3.57,2.44
2014.07.07 07:50:59.558,0.79228,0.79236,3.57,1.69
2014.07.07 07:51:01.985,0.79228,0.79236,4.32,1.00
2014.07.07 07:51:03.447,0.7923,0.79238,2.07,3.27
2014.07.07 07:51:03.956,0.79228,0.79236,2.97,1.00
2014.07.07 07:51:06.508,0.79228,0.79237,2.97,2.07
2014.07.07 07:51:07.988,0.79228,0.79236,2.22,1.00
2014.07.07 07:51:08.140,0.79227,0.79235,2.22,1.69
2014.07.07 07:51:08.495,0.79226,0.79234,1.29,1.32
2014.07.07 07:51:09.003,0.79225,0.79233,2.07,1.25
2014.07.07 07:51:09.510,0.79225,0.79232,1.69,1.50
2014.07.07 07:51:10.017,0.79224,0.79232,2.89,1.69
2014.07.07 07:51:10.630,0.79224,0.79231,2.14,1.25
2014.07.07 07:51:11.644,0.79223,0.79231,2.89,1.25
2014.07.07 07:51:15.068,0.79225,0.79231,1.00,1.25
2014.07.07 07:51:16.029,0.79223,0.79231,2.89,1.25
2014.07.07 07:51:16.742,0.79223,0.79231,2.89,1.00
2014.07.07 07:51:17.248,0.79223,0.79232,4.99,2.07
2014.07.07 07:51:18.410,0.79226,0.79232,1.69,1.00
2014.07.07 07:51:18.461,0.79226,0.79232,1.69,1.00
2014.07.07 07:51:18.969,0.79229,0.79235,2.29,1.88
2014.07.07 07:51:20.057,0.79227,0.79234,2.44,1.00
2014.07.07 07:51:20.413,0.79229,0.79237,4.62,3.64
2014.07.07 07:51:21.282,0.7923,0.79237,1.69,1.88
2014.07.07 07:51:23.239,0.7923,0.79236,1.69,1.00
2014.07.07 07:51:24.286,0.79232,0.79236,1.00,1.88
2014.07.07 07:51:25.266,0.79229,0.79236,1.77,1.00
2014.07.07 07:51:26.207,0.79229,0.79237,2.37,1.13
2014.07.07 07:51:33.712,0.79229,0.79236,1.69,1.00
2014.07.07 07:51:34.235,0.79229,0.79236,1.25,1.00
2014.07.07 07:51:34.743,0.79229,0.79235,3.04,1.00
2014.07.07 07:51:35.431,0.79229,0.79236,3.79,1.50
2014.07.07 07:51:35.888,0.79229,0.79234,3.04,1.00
2014.07.07 07:51:36.143,0.79229,0.79236,3.04,1.88
2014.07.07 07:51:36.919,0.79229,0.79237,4.54,1.88
2014.07.07 07:51:39.907,0.79228,0.79236,2.44,1.13
2014.07.07 07:51:47.222,0.79229,0.79236,2.29,1.20
2014.07.07 07:51:52.695,0.79229,0.79236,1.19,1.32
2014.07.07 07:51:54.580,0.7923,0.79236,1.54,1.20
2014.07.07 07:51:55.655,0.7923,0.79236,1.05,1.20
2014.07.07 07:51:57.823,0.79229,0.79237,3.04,2.07
2014.07.07 07:51:58.025,0.79229,0.79235,1.19,1.13
2014.07.07 07:51:58.330,0.79226,0.79234,2.14,2.44
2014.07.07 07:51:58.685,0.79225,0.79232,1.25,1.25
2014.07.07 07:51:58.870,0.79224,0.7923,2.44,1.00
2014.07.07 07:51:59.396,0.79224,0.79231,1.32,1.00
2014.07.07 07:51:59.915,0.79224,0.79232,1.57,1.69
2014.07.07 07:52:00.716,0.79224,0.79233,1.67,3.57
2014.07.07 07:52:06.451,0.79225,0.79233,1.32,3.72
2014.07.07 07:52:07.213,0.79226,0.79234,2.89,1.02
2014.07.07 07:52:08.126,0.79227,0.79236,3.57,1.29
2014.07.07 07:52:08.646,0.79229,0.79236,1.00,1.29
2014.07.07 07:52:09.153,0.79229,0.79235,1.19,1.25
2014.07.07 07:52:14.489,0.79229,0.79237,2.07,1.69
2014.07.07 07:52:24.815,0.79229,0.79236,1.57,1.00
2014.07.07 07:52:25.361,0.79229,0.79237,2.82,1.25
2014.07.07 07:52:26.283,0.79229,0.79235,2.82,1.00
2014.07.07 07:52:26.472,0.79229,0.79238,2.82,2.89
2014.07.07 07:52:31.013,0.79229,0.79236,2.82,1.00
2014.07.07 07:52:31.538,0.79229,0.79238,2.07,2.14
2014.07.07 07:52:32.491,0.79229,0.79238,2.82,2.14
2014.07.07 07:52:34.642,0.79229,0.79238,1.57,2.14
2014.07.07 07:52:35.182,0.79229,0.79237,2.07,1.25
2014.07.07 07:52:41.682,0.79229,0.79237,2.07,1.32
2014.07.07 07:52:41.958,0.7923,0.79237,1.25,2.82
2014.07.07 07:52:42.364,0.79228,0.79235,1.32,1.69
2014.07.07 07:52:45.892,0.79227,0.79236,2.82,1.77
2014.07.07 07:52:48.195,0.79226,0.79235,2.07,1.39
2014.07.07 07:52:49.299,0.79226,0.79235,2.82,2.14
2014.07.07 07:52:52.839,0.79227,0.79235,1.57,2.14
2014.07.07 07:52:53.909,0.79226,0.79235,3.57,1.39
2014.07.07 07:52:57.926,0.79226,0.79235,3.64,1.57
2014.07.07 07:53:03.041,0.79227,0.79236,1.32,4.39
2014.07.07 07:53:04.874,0.79227,0.79236,1.32,4.39
2014.07.07 07:53:06.866,0.79227,0.79235,2.07,1.32
2014.07.07 07:53:10.249,0.79227,0.79236,1.32,4.39
2014.07.07 07:53:10.981,0.79227,0.79236,1.63,4.39
2014.07.07 07:53:11.184,0.79229,0.79236,2.07,1.19
2014.07.07 07:53:12.394,0.79229,0.79238,2.44,2.14
2014.07.07 07:53:16.472,0.7923,0.79238,1.32,2.07
2014.07.07 07:53:17.615,0.79229,0.79238,2.97,1.32
2014.07.07 07:53:20.141,0.79231,0.79238,1.32,1.39
2014.07.07 07:53:22.202,0.79231,0.79239,1.32,3.57
2014.07.07 07:53:23.054,0.79232,0.7924,1.00,2.82
2014.07.07 07:53:24.243,0.79232,0.7924,2.29,2.14
2014.07.07 07:53:29.169,0.79232,0.7924,1.39,3.57
2014.07.07 07:53:35.482,0.79232,0.79239,3.12,1.63
2014.07.07 07:53:37.278,0.79232,0.79239,3.12,1.25
2014.07.07 07:53:37.809,0.79232,0.79239,2.37,1.32
2014.07.07 07:53:37.911,0.79231,0.79239,1.77,1.13
2014.07.07 07:53:38.420,0.79232,0.7924,1.17,1.57
2014.07.07 07:53:39.364,0.79233,0.7924,1.00,1.57
2014.07.07 07:53:42.633,0.79234,0.79241,1.25,1.69
2014.07.07 07:53:43.041,0.79235,0.79242,1.38,1.32
2014.07.07 07:53:43.551,0.79236,0.79244,1.13,2.82
2014.07.07 07:53:45.206,0.79235,0.79243,4.99,1.25
2014.07.07 07:54:00.171,0.79237,0.79243,1.50,1.25
2014.07.07 07:54:02.619,0.79237,0.79245,4.77,1.25
2014.07.07 07:54:04.273,0.79239,0.79245,1.13,1.32
2014.07.07 07:54:04.781,0.79239,0.79246,1.77,1.00
2014.07.07 07:54:05.339,0.79238,0.79246,3.34,1.32
2014.07.07 07:54:06.415,0.79238,0.79246,4.47,2.44
2014.07.07 07:54:07.381,0.79239,0.79246,1.39,1.00
2014.07.07 07:54:09.514,0.79239,0.79247,1.39,1.32
2014.07.07 07:54:18.563,0.7924,0.79248,2.89,2.07
2014.07.07 07:54:19.431,0.7924,0.79248,1.95,1.57
2014.07.07 07:54:27.366,0.79241,0.79248,3.04,1.00
2014.07.07 07:54:31.645,0.7924,0.79248,2.14,1.00
2014.07.07 07:54:32.314,0.7924,0.79248,2.14,1.00
2014.07.07 07:54:45.549,0.7924,0.79248,1.02,1.32
2014.07.07 07:54:46.057,0.79239,0.79247,1.19,2.14
2014.07.07 07:54:46.665,0.79238,0.79246,1.39,1.32
2014.07.07 07:54:47.172,0.79237,0.79245,2.97,1.13
2014.07.07 07:54:47.739,0.79238,0.79245,1.29,1.32
2014.07.07 07:54:49.843,0.79237,0.79245,2.22,2.07
2014.07.07 07:54:55.088,0.79237,0.79245,1.47,1.32
2014.07.07 07:54:58.583,0.79236,0.79244,2.44,1.38
2014.07.07 07:55:01.809,0.79235,0.79244,1.77,5.82
2014.07.07 07:55:02.319,0.79234,0.79241,2.07,1.25
2014.07.07 07:55:02.864,0.79233,0.79241,1.19,2.07
2014.07.07 07:55:03.366,0.79233,0.79241,1.25,2.07
2014.07.07 07:55:06.600,0.79233,0.7924,1.00,1.32
2014.07.07 07:55:11.372,0.79232,0.7924,1.32,1.32
2014.07.07 07:55:11.906,0.79231,0.7924,3.64,1.57
2014.07.07 07:55:16.243,0.79232,0.7924,1.39,2.07
2014.07.07 07:55:16.750,0.79232,0.7924,1.27,2.07
2014.07.07 07:55:18.036,0.79232,0.7924,1.39,2.07
2014.07.07 07:55:30.681,0.79233,0.79241,1.33,1.19
2014.07.07 07:55:30.935,0.79234,0.79242,2.14,2.14
2014.07.07 07:55:33.946,0.79234,0.79243,2.82,1.67
2014.07.07 07:55:38.023,0.79234,0.79242,2.07,1.32
2014.07.07 07:55:40.637,0.79235,0.79243,3.42,1.25
2014.07.07 07:55:47.971,0.79235,0.79244,3.57,1.09
2014.07.07 07:55:48.489,0.79235,0.79243,2.82,1.25
2014.07.07 07:55:53.692,0.79235,0.79242,1.69,1.00
2014.07.07 07:55:54.199,0.79235,0.79243,1.19,3.64
2014.07.07 07:55:54.726,0.79235,0.79243,1.25,4.39
2014.07.07 07:55:55.744,0.79235,0.79243,1.00,3.19
2014.07.07 07:55:56.253,0.79235,0.79243,1.33,2.07
2014.07.07 07:55:56.608,0.79234,0.79242,2.14,1.19
2014.07.07 07:55:56.862,0.79234,0.79242,3.49,1.19
2014.07.07 07:55:56.964,0.79234,0.79241,3.19,1.25
2014.07.07 07:55:57.155,0.79234,0.79241,2.89,1.25
2014.07.07 07:55:57.613,0.79236,0.79243,2.22,1.00
2014.07.07 07:55:57.817,0.79237,0.79246,4.92,2.97
2014.07.07 07:55:58.923,0.79238,0.79246,2.14,1.32
2014.07.07 07:56:00.831,0.79238,0.79246,2.14,1.13
2014.07.07 07:56:01.457,0.79238,0.79246,2.89,2.07
2014.07.07 07:56:06.899,0.79238,0.79247,1.69,2.22
2014.07.07 07:56:08.158,0.79238,0.79247,1.69,2.22
2014.07.07 07:56:09.873,0.79238,0.79247,1.69,1.78
2014.07.07 07:56:10.511,0.79238,0.79247,1.19,2.97
2014.07.07 07:56:14.889,0.79238,0.79247,1.29,3.72
2014.07.07 07:56:22.307,0.79238,0.79247,1.39,2.89
2014.07.07 07:56:23.733,0.79237,0.79247,6.49,2.14
2014.07.07 07:56:28.391,0.7924,0.79247,1.00,1.39
2014.07.07 07:56:32.990,0.7924,0.79248,1.25,2.97
2014.07.07 07:56:33.924,0.79241,0.79248,1.25,2.22
2014.07.07 07:56:34.495,0.7924,0.79248,1.19,2.22
2014.07.07 07:56:35.720,0.7924,0.79248,1.69,2.22
2014.07.07 07:56:39.158,0.7924,0.79248,2.44,2.22
2014.07.07 07:56:49.582,0.7924,0.79247,1.69,1.48
2014.07.07 07:56:50.133,0.7924,0.79246,1.00,1.63
2014.07.07 07:56:51.626,0.7924,0.79246,1.00,2.07
2014.07.07 07:56:53.187,0.79239,0.79246,1.25,2.07
2014.07.07 07:56:53.695,0.79239,0.79246,1.00,1.67
2014.07.07 07:56:55.633,0.79237,0.79246,5.97,1.67
2014.07.07 07:56:55.900,0.79239,0.79245,4.54,1.13
2014.07.07 07:56:57.170,0.7924,0.79248,1.69,2.22
2014.07.07 07:56:58.906,0.7924,0.79246,1.50,1.38
2014.07.07 07:56:59.321,0.7924,0.79247,1.19,2.63
2014.07.07 07:56:59.827,0.7924,0.79247,1.25,2.07
2014.07.07 07:57:00.825,0.79241,0.79246,1.19,1.00
2014.07.07 07:57:03.441,0.7924,0.79246,1.19,1.25
2014.07.07 07:57:04.056,0.7924,0.79246,1.19,1.63
2014.07.07 07:57:04.412,0.79239,0.79246,1.32,1.63
2014.07.07 07:57:06.010,0.79238,0.79246,2.07,1.25
2014.07.07 07:57:14.383,0.7924,0.79247,1.19,4.20
2014.07.07 07:57:15.520,0.7924,0.79247,1.19,3.38
2014.07.07 07:57:16.027,0.7924,0.79247,1.25,3.57
2014.07.07 07:57:17.099,0.79241,0.79247,1.54,1.50
2014.07.07 07:57:17.201,0.79242,0.79247,1.19,1.00
2014.07.07 07:57:17.506,0.7924,0.79246,1.25,1.00
2014.07.07 07:57:18.216,0.79239,0.79247,1.19,2.82
2014.07.07 07:57:20.372,0.79239,0.79247,1.25,2.82
2014.07.07 07:57:23.360,0.79239,0.79248,4.17,2.97
2014.07.07 07:57:24.133,0.79241,0.79248,1.19,2.97
2014.07.07 07:57:25.090,0.79241,0.79248,1.25,2.97
2014.07.07 07:57:26.219,0.79241,0.79248,1.19,4.47
2014.07.07 07:57:31.514,0.7924,0.79248,1.32,4.47
2014.07.07 07:57:32.959,0.7924,0.79248,1.25,4.47
2014.07.07 07:57:33.537,0.7924,0.79247,1.69,1.10
2014.07.07 07:57:34.044,0.7924,0.79245,1.19,1.00
2014.07.07 07:57:34.147,0.79238,0.79246,1.19,3.64
2014.07.07 07:57:34.654,0.79238,0.79244,3.79,1.00
2014.07.07 07:57:35.184,0.79238,0.79245,1.69,1.50
2014.07.07 07:57:36.362,0.79239,0.79245,1.19,1.25
2014.07.07 07:57:37.449,0.7924,0.79246,1.19,1.38
2014.07.07 07:57:37.655,0.7924,0.79248,1.57,2.52
2014.07.07 07:57:37.959,0.79241,0.79249,1.63,2.89
2014.07.07 07:57:38.468,0.79242,0.79249,1.57,1.13
2014.07.07 07:57:42.427,0.79242,0.7925,2.07,2.14
2014.07.07 07:57:45.046,0.79242,0.79248,1.25,1.88
2014.07.07 07:57:45.553,0.7924,0.79248,2.14,2.07
2014.07.07 07:57:46.084,0.7924,0.79248,4.02,2.07
2014.07.07 07:57:46.595,0.79242,0.79248,3.04,1.00
2014.07.07 07:57:47.924,0.79243,0.79248,1.25,1.25
2014.07.07 07:57:48.229,0.79242,0.79246,1.50,1.13
2014.07.07 07:57:48.905,0.7924,0.79246,1.69,1.13
2014.07.07 07:57:49.569,0.7924,0.79246,1.69,1.88
2014.07.07 07:57:50.100,0.7924,0.79246,1.25,1.88
2014.07.07 07:57:50.623,0.79241,0.79246,1.25,1.38
2014.07.07 07:57:52.066,0.7924,0.79246,1.25,1.38
2014.07.07 07:57:55.592,0.7924,0.79246,1.25,1.13
2014.07.07 07:57:56.675,0.79241,0.79247,1.25,3.57
2014.07.07 07:57:57.664,0.79239,0.79246,3.12,1.13
2014.07.07 07:57:57.868,0.79239,0.79247,4.62,5.70
2014.07.07 07:57:59.206,0.79239,0.79246,4.54,1.38
2014.07.07 07:57:59.793,0.79241,0.79246,1.25,1.38
2014.07.07 07:58:00.764,0.79239,0.79246,3.87,1.38
2014.07.07 07:58:03.988,0.79239,0.79245,1.02,1.00
2014.07.07 07:58:05.421,0.79238,0.79245,1.02,1.00
2014.07.07 07:58:06.392,0.79239,0.79245,1.19,1.00
2014.07.07 07:58:11.937,0.79238,0.79245,1.27,1.00
2014.07.07 07:58:14.036,0.7924,0.79246,1.19,1.13
2014.07.07 07:58:15.063,0.79239,0.79246,3.12,1.13
2014.07.07 07:58:15.584,0.79239,0.79246,3.12,1.38
2014.07.07 07:58:18.057,0.79239,0.79245,2.29,1.13
2014.07.07 07:58:18.591,0.79238,0.79245,1.77,1.13
2014.07.07 07:58:19.048,0.79237,0.79245,1.77,1.57
2014.07.07 07:58:20.167,0.79236,0.79245,2.22,5.07
2014.07.07 07:58:21.249,0.79236,0.79243,1.19,1.19
2014.07.07 07:58:22.049,0.79235,0.79243,2.07,1.00
2014.07.07 07:58:22.560,0.79235,0.79243,2.82,1.25
2014.07.07 07:58:25.577,0.79236,0.79243,1.19,1.00
2014.07.07 07:58:27.635,0.79236,0.79243,1.19,1.38
2014.07.07 07:58:27.686,0.79235,0.79243,1.69,1.67
2014.07.07 07:58:28.194,0.79234,0.79242,3.19,2.82
2014.07.07 07:58:28.721,0.79233,0.79242,1.69,2.70
2014.07.07 07:58:29.544,0.79235,0.79242,1.25,3.27
2014.07.07 07:58:39.623,0.79233,0.79242,3.57,2.14
2014.07.07 07:58:47.962,0.79233,0.79242,1.25,2.14
2014.07.07 07:58:48.520,0.79233,0.79242,1.69,2.14
2014.07.07 07:58:51.356,0.79234,0.79242,1.19,2.89
2014.07.07 07:58:51.888,0.79234,0.7924,1.19,1.63
2014.07.07 07:58:51.989,0.79234,0.7924,1.19,1.69
2014.07.07 07:58:52.396,0.79231,0.7924,1.39,4.32
2014.07.07 07:58:52.938,0.79231,0.79239,1.29,2.07
2014.07.07 07:58:53.411,0.7923,0.79238,1.25,1.32
2014.07.07 07:58:55.611,0.7923,0.79238,1.63,1.19
2014.07.07 07:58:56.791,0.7923,0.7924,3.57,2.97
2014.07.07 07:58:59.028,0.79231,0.79239,2.07,1.39
2014.07.07 07:59:00.598,0.79233,0.79239,1.00,1.39
2014.07.07 07:59:01.116,0.79231,0.79239,2.07,1.39
2014.07.07 07:59:03.908,0.79231,0.79239,2.07,1.20
2014.07.07 07:59:04.418,0.79231,0.79239,2.82,2.14
2014.07.07 07:59:05.151,0.79231,0.79239,2.82,2.14
2014.07.07 07:59:05.507,0.79229,0.79235,1.57,1.10
2014.07.07 07:59:05.761,0.79229,0.79235,1.00,1.39
2014.07.07 07:59:06.293,0.79228,0.79235,1.25,2.22
2014.07.07 07:59:06.830,0.79226,0.79234,1.19,1.39
2014.07.07 07:59:07.489,0.79226,0.79234,1.32,1.39
2014.07.07 07:59:07.997,0.79225,0.79234,1.69,3.64
2014.07.07 07:59:08.504,0.79224,0.79233,2.07,2.14
2014.07.07 07:59:09.042,0.79224,0.79231,1.32,1.00
2014.07.07 07:59:09.657,0.79224,0.79233,1.32,2.89
2014.07.07 07:59:13.863,0.79226,0.79233,1.00,2.22
2014.07.07 07:59:15.844,0.79224,0.79232,2.07,1.00
2014.07.07 07:59:16.457,0.79224,0.79232,2.07,1.25
2014.07.07 07:59:17.017,0.79224,0.79233,1.32,2.97
2014.07.07 07:59:17.531,0.79224,0.79233,1.32,3.72
2014.07.07 07:59:18.080,0.79225,0.79233,1.19,2.82
2014.07.07 07:59:27.323,0.79226,0.79232,1.25,1.63
2014.07.07 07:59:27.907,0.79225,0.79232,1.19,4.39
2014.07.07 07:59:28.060,0.79222,0.79232,2.89,5.14
2014.07.07 07:59:30.593,0.79223,0.79232,1.19,5.52
2014.07.07 07:59:32.669,0.79223,0.79232,1.25,5.14
2014.07.07 07:59:33.216,0.79223,0.79231,1.77,1.19
2014.07.07 07:59:34.053,0.79223,0.79232,1.02,5.07
2014.07.07 07:59:37.069,0.79223,0.79232,1.77,2.82
2014.07.07 07:59:37.772,0.79224,0.79232,1.25,2.82
2014.07.07 07:59:38.515,0.79224,0.79232,1.25,1.32
2014.07.07 07:59:40.598,0.79225,0.79232,1.00,1.00
2014.07.07 07:59:40.852,0.79226,0.79234,1.69,3.27
2014.07.07 07:59:41.105,0.79227,0.79236,2.59,2.82
2014.07.07 07:59:41.613,0.79229,0.79236,1.00,1.19
2014.07.07 07:59:42.119,0.79229,0.79237,1.25,1.32
2014.07.07 07:59:42.846,0.79227,0.79235,1.84,1.00
2014.07.07 07:59:43.201,0.79226,0.79235,1.39,2.07
2014.07.07 07:59:43.303,0.79226,0.79235,1.29,2.07
2014.07.07 07:59:43.964,0.79225,0.79235,2.59,2.07
2014.07.07 07:59:45.885,0.79227,0.79235,1.00,2.14
2014.07.07 07:59:46.478,0.79228,0.79235,1.00,2.14
2014.07.07 07:59:47.002,0.79228,0.79235,1.00,1.39
2014.07.07 07:59:50.302,0.79227,0.79235,1.77,1.77
2014.07.07 07:59:51.645,0.79229,0.79235,1.00,1.39
2014.07.07 07:59:52.216,0.79229,0.79236,1.00,1.39
2014.07.07 07:59:53.208,0.79229,0.79236,1.32,1.39
2014.07.07 07:59:53.804,0.7923,0.79236,1.00,1.29
2014.07.07 07:59:54.311,0.7923,0.79237,1.00,1.02
2014.07.07 07:59:54.585,0.79228,0.79236,1.00,1.13
2014.07.07 07:59:55.294,0.79228,0.79236,1.00,2.07
2014.07.07 07:59:56.204,0.79227,0.79236,1.28,3.57
2014.07.07 07:59:56.712,0.79227,0.79236,1.28,3.57
2014.07.07 07:59:57.226,0.79227,0.79236,1.39,4.32
2014.07.07 07:59:58.049,0.79229,0.79236,1.20,1.69
2014.07.07 07:59:58.512,0.79229,0.79237,2.14,1.25
2014.07.07 07:59:59.236,0.79229,0.79237,1.25,2.59
