2015.09.22 01:00:00.359,0.72158,0.72166,1.00,1.00
2015.09.22 01:00:00.665,0.72157,0.72164,1.00,1.00
2015.09.22 01:00:01.063,0.72155,0.72164,1.00,1.00
2015.09.22 01:00:01.575,0.72155,0.72163,1.87,1.00
2015.09.22 01:00:01.728,0.72157,0.72163,1.00,1.00
2015.09.22 01:00:01.779,0.72157,0.72166,1.00,1.50
2015.09.22 01:00:02.236,0.72157,0.72168,3.00,1.00
2015.09.22 01:00:02.745,0.72158,0.72168,1.00,1.00
2015.09.22 01:00:03.483,0.72161,0.72168,1.00,1.00
2015.09.22 01:00:05.545,0.7216,0.72168,1.00,1.00
2015.09.22 01:00:24.003,0.72161,0.72168,1.00,1.50
2015.09.22 01:00:26.946,0.7216,0.72168,1.12,1.00
2015.09.22 01:00:27.729,0.7216,0.72169,1.50,2.25
2015.09.22 01:00:28.035,0.72162,0.72169,1.00,1.00
2015.09.22 01:00:29.403,0.72164,0.72172,1.00,2.25
2015.09.22 01:00:30.010,0.72166,0.72172,1.00,1.00
2015.09.22 01:00:30.520,0.72166,0.72173,1.00,1.00
2015.09.22 01:00:40.216,0.72166,0.72174,1.00,1.50
2015.09.22 01:00:44.252,0.72165,0.72174,1.12,1.00
2015.09.22 01:00:45.771,0.72165,0.72175,1.00,1.50
2015.09.22 01:00:47.653,0.72165,0.72174,1.00,1.00
2015.09.22 01:00:48.185,0.72168,0.72175,1.00,1.50
2015.09.22 01:00:48.551,0.72168,0.72177,1.00,1.00
2015.09.22 01:00:49.497,0.72167,0.72177,1.12,1.50
2015.09.22 01:00:50.006,0.72168,0.72177,1.50,1.50
2015.09.22 01:00:50.352,0.7217,0.72177,1.00,1.50
2015.09.22 01:00:51.299,0.72171,0.72177,1.00,1.00
2015.09.22 01:00:51.350,0.72171,0.72179,1.00,1.00
2015.09.22 01:00:51.997,0.72171,0.7218,1.00,1.50
2015.09.22 01:00:53.975,0.72172,0.7218,1.00,1.50
2015.09.22 01:00:55.477,0.72172,0.72181,1.00,2.25
2015.09.22 01:01:02.275,0.72172,0.7218,1.50,1.00
2015.09.22 01:01:05.383,0.72172,0.7218,1.87,1.00
2015.09.22 01:01:07.360,0.72172,0.7218,1.87,1.00
2015.09.22 01:01:08.983,0.72172,0.72181,1.87,2.25
2015.09.22 01:01:09.137,0.72174,0.72181,1.00,2.25
2015.09.22 01:01:09.744,0.72171,0.72181,1.37,3.00
2015.09.22 01:01:09.847,0.7217,0.72178,1.87,1.00
2015.09.22 01:01:10.441,0.72169,0.72177,1.00,1.00
2015.09.22 01:01:13.625,0.72169,0.72176,1.00,1.00
2015.09.22 01:01:15.463,0.72168,0.72177,1.00,1.00
2015.09.22 01:01:16.241,0.72169,0.72178,1.00,2.25
2015.09.22 01:01:39.165,0.72169,0.72177,1.00,1.00
2015.09.22 01:01:42.975,0.72168,0.72177,1.12,1.00
2015.09.22 01:01:43.476,0.72167,0.72176,1.37,1.00
2015.09.22 01:01:43.632,0.72166,0.72175,1.00,1.00
2015.09.22 01:01:44.141,0.72166,0.72176,1.00,1.50
2015.09.22 01:01:45.564,0.72166,0.72175,1.00,1.00
2015.09.22 01:01:48.427,0.72166,0.72174,1.00,1.00
2015.09.22 01:01:48.967,0.72165,0.72174,1.00,1.50
2015.09.22 01:01:54.197,0.72166,0.72174,1.00,1.50
2015.09.22 01:01:57.723,0.72166,0.72172,1.00,1.00
2015.09.22 01:01:58.438,0.72165,0.72172,1.00,1.00
2015.09.22 01:02:00.142,0.72164,0.72172,1.00,1.00
2015.09.22 01:02:06.132,0.72164,0.7217,1.00,1.00
2015.09.22 01:02:10.674,0.72164,0.72174,1.00,2.62
2015.09.22 01:02:12.420,0.72164,0.72174,1.00,1.50
2015.09.22 01:03:00.588,0.72165,0.72173,1.00,1.00
2015.09.22 01:03:08.759,0.72165,0.72175,1.00,1.87
2015.09.22 01:03:10.280,0.72165,0.72174,1.00,1.00
2015.09.22 01:03:11.012,0.72165,0.72175,1.00,1.87
2015.09.22 01:03:21.013,0.72165,0.72175,1.50,1.87
2015.09.22 01:03:24.010,0.72165,0.72175,1.50,1.50
2015.09.22 01:03:31.402,0.72166,0.72175,1.00,1.87
2015.09.22 01:03:36.024,0.72166,0.72174,1.00,1.00
2015.09.22 01:03:38.581,0.72165,0.72174,1.50,1.00
2015.09.22 01:03:40.750,0.72165,0.72175,1.50,1.50
2015.09.22 01:03:40.852,0.72167,0.72175,1.00,1.00
2015.09.22 01:03:41.211,0.72165,0.72175,3.00,1.50
2015.09.22 01:03:41.759,0.72165,0.72174,1.50,1.00
2015.09.22 01:03:59.044,0.72164,0.72174,1.87,1.00
2015.09.22 01:04:13.410,0.72166,0.72174,1.00,1.00
2015.09.22 01:04:17.174,0.72165,0.72174,1.50,1.00
2015.09.22 01:04:42.708,0.72165,0.72172,1.00,1.00
2015.09.22 01:04:42.911,0.72164,0.72174,1.12,1.00
2015.09.22 01:04:44.108,0.72165,0.72174,1.00,1.00
2015.09.22 01:04:54.948,0.72165,0.72171,1.00,1.00
2015.09.22 01:04:56.263,0.72164,0.72171,1.00,1.00
2015.09.22 01:04:56.800,0.72165,0.72171,1.00,1.00
2015.09.22 01:05:24.146,0.72165,0.7217,1.00,1.00
2015.09.22 01:05:24.705,0.72165,0.72171,1.00,1.00
2015.09.22 01:05:25.233,0.72164,0.72171,1.00,1.00
2015.09.22 01:05:26.478,0.72163,0.72171,1.87,1.00
2015.09.22 01:05:29.109,0.72164,0.72171,1.00,1.00
2015.09.22 01:05:30.853,0.72164,0.7217,1.00,1.00
2015.09.22 01:05:31.717,0.72163,0.7217,1.50,1.50
2015.09.22 01:05:44.782,0.72165,0.7217,1.00,2.25
2015.09.22 01:05:44.834,0.72163,0.7217,1.50,1.50
2015.09.22 01:05:52.796,0.72165,0.7217,1.00,1.50
2015.09.22 01:05:59.363,0.72164,0.7217,1.50,1.50
2015.09.22 01:06:05.449,0.72164,0.72171,1.50,1.50
2015.09.22 01:06:10.628,0.72166,0.72171,1.00,1.00
2015.09.22 01:06:12.791,0.72164,0.72171,1.50,1.00
2015.09.22 01:06:15.541,0.72165,0.72171,1.00,1.00
2015.09.22 01:06:22.572,0.72164,0.72171,1.87,1.00
2015.09.22 01:06:23.235,0.72165,0.72171,1.00,1.00
2015.09.22 01:06:23.917,0.72166,0.72171,1.00,1.00
2015.09.22 01:06:25.540,0.72166,0.72173,1.00,1.50
2015.09.22 01:06:30.324,0.72167,0.72173,1.00,1.50
2015.09.22 01:06:31.294,0.72165,0.72173,2.62,1.50
2015.09.22 01:06:40.321,0.72165,0.72171,1.87,1.00
2015.09.22 01:06:41.139,0.72164,0.7217,2.62,1.00
2015.09.22 01:06:41.687,0.72164,0.7217,1.50,1.50
2015.09.22 01:06:44.730,0.72164,0.72171,1.50,1.00
2015.09.22 01:06:45.257,0.72164,0.72172,2.25,1.50
2015.09.22 01:06:50.292,0.72165,0.72172,1.00,1.50
2015.09.22 01:06:50.860,0.72164,0.72172,2.25,1.50
2015.09.22 01:06:54.822,0.72164,0.72172,1.87,1.00
2015.09.22 01:06:56.363,0.72164,0.72172,1.50,1.00
2015.09.22 01:07:00.678,0.72167,0.72172,1.00,1.50
2015.09.22 01:07:00.780,0.72165,0.72172,1.00,1.50
2015.09.22 01:07:02.120,0.72164,0.72172,2.25,1.00
2015.09.22 01:07:02.644,0.72165,0.72172,1.00,1.00
2015.09.22 01:07:05.950,0.72165,0.72171,1.87,1.00
2015.09.22 01:07:06.772,0.72164,0.72171,1.50,1.00
2015.09.22 01:07:14.790,0.72164,0.7217,1.00,1.00
2015.09.22 01:07:26.058,0.72165,0.7217,1.50,1.00
2015.09.22 01:07:26.262,0.72165,0.72172,1.50,1.00
2015.09.22 01:07:26.794,0.72165,0.72171,1.00,1.00
2015.09.22 01:07:37.618,0.72164,0.72171,1.00,1.00
2015.09.22 01:07:38.165,0.72163,0.7217,1.00,1.00
2015.09.22 01:07:38.706,0.72162,0.72169,1.00,1.00
2015.09.22 01:07:39.611,0.72161,0.72169,1.50,1.50
2015.09.22 01:07:41.339,0.7216,0.72169,2.25,1.00
2015.09.22 01:07:41.847,0.7216,0.72168,2.25,1.00
2015.09.22 01:07:42.583,0.72162,0.72168,1.00,1.00
2015.09.22 01:07:43.091,0.72163,0.72169,1.00,1.00
2015.09.22 01:07:43.194,0.72161,0.72169,1.50,1.00
2015.09.22 01:07:45.420,0.72162,0.72169,1.00,1.00
2015.09.22 01:07:45.933,0.72162,0.7217,1.00,1.00
2015.09.22 01:07:47.898,0.72163,0.7217,1.00,1.00
2015.09.22 01:07:49.546,0.72162,0.7217,1.00,1.00
2015.09.22 01:07:50.054,0.72161,0.72169,1.00,1.00
2015.09.22 01:07:55.798,0.7216,0.72169,1.00,1.50
2015.09.22 01:08:01.334,0.7216,0.7217,2.25,1.00
2015.09.22 01:08:01.838,0.72161,0.7217,1.00,1.00
2015.09.22 01:08:12.709,0.72162,0.7217,1.00,1.00
2015.09.22 01:08:13.218,0.72162,0.72171,1.50,1.87
2015.09.22 01:08:13.730,0.72163,0.72171,1.00,1.87
2015.09.22 01:08:14.498,0.72163,0.72172,1.00,2.25
2015.09.22 01:08:15.033,0.72163,0.72171,1.00,1.00
2015.09.22 01:08:16.605,0.72163,0.7217,1.00,1.00
2015.09.22 01:08:21.520,0.72165,0.7217,1.00,1.00
2015.09.22 01:08:24.922,0.72164,0.7217,1.50,1.00
2015.09.22 01:08:25.652,0.72167,0.72174,1.00,1.12
2015.09.22 01:08:26.159,0.72168,0.72174,1.00,1.00
2015.09.22 01:08:26.903,0.72167,0.72174,1.00,1.00
2015.09.22 01:08:27.876,0.72168,0.72174,1.00,1.00
2015.09.22 01:08:28.414,0.72167,0.72174,1.00,1.00
2015.09.22 01:08:34.369,0.72165,0.72174,1.87,1.50
2015.09.22 01:08:34.877,0.72164,0.72173,1.50,1.00
2015.09.22 01:08:35.395,0.72164,0.72172,1.50,1.00
2015.09.22 01:08:48.227,0.72163,0.72172,1.50,1.50
2015.09.22 01:08:58.302,0.72164,0.72172,1.00,1.50
2015.09.22 01:08:59.570,0.72165,0.72172,1.00,1.00
2015.09.22 01:09:00.531,0.72164,0.72172,1.50,1.00
2015.09.22 01:09:04.254,0.72164,0.72173,1.50,1.00
2015.09.22 01:09:08.778,0.72164,0.72172,1.50,1.00
2015.09.22 01:09:09.328,0.72164,0.72173,1.50,2.25
2015.09.22 01:09:20.854,0.72164,0.72172,1.00,1.00
2015.09.22 01:09:23.607,0.72163,0.72172,1.00,1.00
2015.09.22 01:09:24.213,0.72162,0.72172,2.62,1.00
2015.09.22 01:09:24.423,0.72164,0.72172,1.00,1.00
2015.09.22 01:09:24.942,0.72164,0.72171,1.00,1.00
2015.09.22 01:09:27.956,0.72162,0.72171,2.25,1.00
2015.09.22 01:09:29.974,0.72161,0.72171,1.50,2.25
2015.09.22 01:09:30.345,0.72159,0.72169,1.87,1.00
2015.09.22 01:09:30.447,0.72158,0.72168,3.00,1.00
2015.09.22 01:09:30.958,0.72158,0.72167,1.50,1.50
2015.09.22 01:09:31.487,0.72157,0.72167,1.12,3.00
2015.09.22 01:09:33.269,0.72157,0.72165,1.00,1.00
2015.09.22 01:09:33.786,0.72157,0.72166,1.00,1.50
2015.09.22 01:09:37.363,0.72159,0.72166,1.00,2.25
2015.09.22 01:09:40.067,0.72157,0.72167,1.00,3.00
2015.09.22 01:09:47.995,0.72158,0.72167,1.00,1.50
2015.09.22 01:09:48.200,0.72156,0.72166,1.00,1.00
2015.09.22 01:09:48.719,0.72157,0.72167,1.00,3.00
2015.09.22 01:09:52.108,0.72156,0.72167,1.00,3.00
2015.09.22 01:09:52.514,0.72155,0.72165,2.62,1.00
2015.09.22 01:09:53.320,0.72155,0.72165,1.87,1.00
2015.09.22 01:09:54.543,0.72156,0.72165,1.00,1.00
2015.09.22 01:10:08.740,0.72156,0.72165,1.37,1.00
2015.09.22 01:10:09.248,0.72155,0.72164,1.37,1.00
2015.09.22 01:10:09.718,0.72155,0.72164,1.50,1.00
2015.09.22 01:10:19.421,0.72154,0.72164,1.87,1.00
2015.09.22 01:10:24.576,0.72155,0.72164,1.00,1.00
2015.09.22 01:10:25.278,0.72155,0.72165,1.00,2.25
2015.09.22 01:10:25.791,0.72155,0.72164,1.00,1.50
2015.09.22 01:10:28.925,0.72157,0.72164,1.00,1.00
2015.09.22 01:10:29.802,0.72156,0.72165,1.00,1.50
2015.09.22 01:10:32.286,0.72157,0.72165,1.00,1.00
2015.09.22 01:10:32.801,0.72158,0.72166,1.00,1.50
2015.09.22 01:10:33.730,0.72159,0.72166,1.00,1.50
2015.09.22 01:10:34.140,0.72159,0.72168,1.00,1.50
2015.09.22 01:10:34.656,0.72159,0.72167,1.00,1.00
2015.09.22 01:10:36.825,0.72159,0.72168,1.50,1.50
2015.09.22 01:10:37.377,0.72161,0.72168,1.00,1.50
2015.09.22 01:10:37.785,0.72161,0.7217,1.00,2.25
2015.09.22 01:10:40.202,0.72162,0.7217,1.00,1.50
2015.09.22 01:10:45.585,0.72161,0.7217,1.00,1.50
2015.09.22 01:10:46.126,0.72161,0.72169,1.00,3.00
2015.09.22 01:10:47.716,0.72161,0.72168,1.00,1.00
2015.09.22 01:10:49.062,0.72161,0.72167,1.00,1.00
2015.09.22 01:10:58.970,0.72159,0.72167,1.50,1.00
2015.09.22 01:10:59.513,0.72158,0.72167,1.12,1.50
2015.09.22 01:11:21.698,0.72157,0.72167,1.00,1.00
2015.09.22 01:11:22.209,0.72156,0.72166,1.00,1.50
2015.09.22 01:11:22.732,0.72155,0.72166,1.87,1.50
2015.09.22 01:11:23.308,0.72156,0.72166,1.00,1.50
2015.09.22 01:11:30.554,0.72158,0.72166,1.00,1.50
2015.09.22 01:11:45.666,0.72159,0.72166,1.00,1.50
2015.09.22 01:11:47.356,0.72159,0.72167,1.00,1.00
2015.09.22 01:11:47.857,0.72159,0.72168,1.00,1.50
2015.09.22 01:11:48.367,0.7216,0.72168,1.00,1.50
2015.09.22 01:11:48.873,0.72161,0.72168,1.50,1.50
2015.09.22 01:12:05.832,0.72161,0.72169,1.00,1.50
2015.09.22 01:12:16.398,0.7216,0.72169,1.00,1.50
2015.09.22 01:12:16.856,0.72158,0.72168,1.00,2.25
2015.09.22 01:12:17.398,0.72158,0.72167,1.00,1.00
2015.09.22 01:12:26.816,0.7216,0.72167,1.00,1.50
2015.09.22 01:12:27.121,0.72161,0.72169,1.00,2.62
2015.09.22 01:12:42.822,0.72161,0.7217,1.37,2.25
2015.09.22 01:12:42.874,0.72166,0.72172,1.00,1.50
2015.09.22 01:12:43.383,0.72165,0.72172,1.00,1.50
2015.09.22 01:12:43.891,0.72166,0.72173,1.00,1.00
2015.09.22 01:12:44.553,0.72166,0.72174,1.00,2.25
2015.09.22 01:12:44.809,0.72164,0.72174,1.00,2.25
2015.09.22 01:12:45.319,0.72165,0.72173,1.00,2.25
2015.09.22 01:12:46.135,0.72163,0.72173,1.00,1.50
2015.09.22 01:12:47.791,0.72163,0.72172,1.50,1.00
2015.09.22 01:12:48.305,0.72164,0.72172,1.00,1.00
2015.09.22 01:12:48.509,0.72164,0.7217,1.00,1.00
2015.09.22 01:12:48.874,0.72162,0.7217,2.62,1.00
2015.09.22 01:12:49.271,0.7216,0.72169,1.87,1.00
2015.09.22 01:12:49.779,0.7216,0.72168,1.12,1.50
2015.09.22 01:12:50.534,0.72158,0.72166,2.62,1.00
2015.09.22 01:12:51.234,0.72159,0.72166,1.00,1.00
2015.09.22 01:12:51.742,0.72158,0.72166,1.00,1.00
2015.09.22 01:12:53.474,0.72158,0.72165,1.00,1.00
2015.09.22 01:13:00.237,0.72159,0.72165,1.00,1.00
2015.09.22 01:13:00.950,0.72159,0.72166,1.00,1.00
2015.09.22 01:13:01.496,0.72159,0.72164,1.00,1.00
2015.09.22 01:13:03.336,0.72159,0.72165,1.00,1.00
2015.09.22 01:13:03.867,0.72158,0.72165,1.00,1.00
2015.09.22 01:13:19.898,0.72159,0.72165,1.00,1.00
2015.09.22 01:13:21.027,0.72158,0.72165,1.00,1.00
2015.09.22 01:13:23.402,0.72158,0.72166,1.50,1.00
2015.09.22 01:13:25.392,0.7216,0.72166,1.00,1.00
2015.09.22 01:13:30.140,0.72161,0.72166,1.00,1.00
2015.09.22 01:13:30.242,0.72161,0.72168,1.87,1.00
2015.09.22 01:13:30.345,0.72165,0.72169,1.00,1.00
2015.09.22 01:13:30.551,0.72166,0.72171,1.00,2.25
2015.09.22 01:13:31.075,0.72166,0.7217,1.00,1.00
2015.09.22 01:13:32.798,0.72166,0.72171,1.00,1.00
2015.09.22 01:13:40.546,0.72165,0.72171,1.00,1.50
2015.09.22 01:13:41.511,0.72166,0.72171,1.00,1.50
2015.09.22 01:13:42.168,0.72165,0.72171,1.00,1.00
2015.09.22 01:13:43.697,0.72166,0.72171,1.00,1.00
2015.09.22 01:13:45.174,0.72165,0.72171,1.00,1.00
2015.09.22 01:13:53.942,0.72165,0.72173,1.00,2.25
2015.09.22 01:13:59.002,0.72164,0.72173,1.00,2.25
2015.09.22 01:13:59.155,0.72164,0.72171,1.00,1.00
2015.09.22 01:14:03.915,0.72165,0.72171,1.00,1.00
2015.09.22 01:14:04.067,0.72165,0.72173,1.00,1.50
2015.09.22 01:14:15.210,0.72164,0.72173,1.00,1.00
2015.09.22 01:14:25.627,0.72165,0.72173,1.00,1.00
2015.09.22 01:14:40.570,0.72166,0.72173,1.00,1.50
2015.09.22 01:14:41.270,0.72165,0.72173,1.00,1.00
2015.09.22 01:14:45.829,0.72165,0.72174,1.00,1.00
2015.09.22 01:15:00.353,0.72166,0.72174,1.00,1.00
2015.09.22 01:15:04.254,0.72165,0.72174,1.00,1.00
2015.09.22 01:15:04.764,0.72164,0.72174,1.12,1.50
2015.09.22 01:15:10.919,0.72163,0.72174,1.12,1.00
2015.09.22 01:15:13.514,0.72163,0.72173,1.87,1.00
2015.09.22 01:15:14.025,0.72162,0.72172,1.50,1.50
2015.09.22 01:15:20.532,0.72164,0.72173,1.00,1.00
2015.09.22 01:15:21.078,0.72165,0.72173,1.00,1.00
2015.09.22 01:15:23.090,0.72164,0.72173,1.50,1.00
2015.09.22 01:15:45.909,0.72164,0.72174,1.87,1.87
2015.09.22 01:15:48.324,0.72164,0.72174,1.87,1.50
2015.09.22 01:15:49.426,0.72164,0.72174,1.50,1.50
2015.09.22 01:16:05.866,0.72164,0.72173,1.50,1.00
2015.09.22 01:16:08.331,0.72166,0.72173,1.00,1.00
2015.09.22 01:16:09.274,0.72166,0.72174,1.00,1.50
2015.09.22 01:16:10.071,0.72165,0.72174,1.00,1.50
2015.09.22 01:16:12.545,0.72164,0.72174,1.50,2.25
2015.09.22 01:16:24.375,0.72164,0.72175,1.50,1.87
2015.09.22 01:16:24.680,0.72166,0.72175,1.00,1.87
2015.09.22 01:16:25.667,0.72167,0.72176,1.00,1.87
2015.09.22 01:16:26.176,0.72166,0.72176,1.00,1.50
2015.09.22 01:16:33.190,0.72166,0.72175,1.00,1.00
2015.09.22 01:16:33.394,0.72166,0.72177,1.00,1.87
2015.09.22 01:16:34.269,0.72166,0.72176,1.50,1.00
2015.09.22 01:16:39.377,0.72166,0.72175,1.50,1.00
2015.09.22 01:16:40.917,0.72166,0.72174,1.50,1.00
2015.09.22 01:16:53.937,0.72165,0.72174,1.50,1.50
2015.09.22 01:16:56.962,0.72164,0.72174,1.50,1.50
2015.09.22 01:16:57.567,0.72163,0.72173,1.12,1.50
2015.09.22 01:16:58.433,0.72163,0.72172,1.00,1.00
2015.09.22 01:17:00.560,0.72164,0.72172,1.00,2.25
2015.09.22 01:17:10.091,0.72163,0.72172,1.12,2.25
2015.09.22 01:17:14.513,0.72162,0.72172,1.00,1.50
2015.09.22 01:17:15.020,0.72162,0.72171,1.00,1.50
2015.09.22 01:17:15.641,0.7216,0.72169,1.50,1.00
2015.09.22 01:17:25.824,0.7216,0.72168,1.50,1.00
2015.09.22 01:17:30.222,0.72159,0.72168,1.12,1.50
2015.09.22 01:17:31.007,0.72161,0.72168,1.00,1.50
2015.09.22 01:17:39.725,0.72159,0.72168,1.87,1.50
2015.09.22 01:17:42.454,0.7216,0.72168,1.00,1.50
2015.09.22 01:17:48.781,0.72158,0.72168,2.25,2.25
2015.09.22 01:17:49.293,0.72158,0.72167,1.00,1.00
2015.09.22 01:17:49.904,0.72157,0.72166,1.37,1.00
2015.09.22 01:17:50.558,0.72158,0.72167,1.12,1.50
2015.09.22 01:17:51.169,0.72157,0.72167,1.00,1.50
2015.09.22 01:17:52.068,0.72156,0.72167,1.50,1.50
2015.09.22 01:17:52.490,0.72158,0.72167,1.00,1.50
2015.09.22 01:18:00.686,0.72157,0.72167,1.00,1.00
2015.09.22 01:18:09.320,0.72159,0.72168,1.00,1.00
2015.09.22 01:18:09.728,0.72156,0.72168,3.37,1.00
2015.09.22 01:18:09.779,0.72158,0.72168,1.00,1.00
2015.09.22 01:18:09.983,0.72155,0.72166,1.00,2.25
2015.09.22 01:18:10.034,0.72155,0.72164,1.00,1.00
2015.09.22 01:18:10.490,0.72154,0.72162,1.50,1.00
2015.09.22 01:18:10.542,0.72152,0.72162,1.00,1.00
2015.09.22 01:18:10.594,0.72152,0.7216,1.00,1.00
2015.09.22 01:18:10.645,0.7215,0.7216,1.50,1.00
2015.09.22 01:18:11.255,0.7215,0.72159,1.50,1.00
2015.09.22 01:18:11.814,0.72149,0.72159,1.12,1.50
2015.09.22 01:18:12.069,0.72151,0.72158,1.00,1.00
2015.09.22 01:18:12.171,0.7215,0.7216,1.50,1.00
2015.09.22 01:18:12.679,0.72151,0.7216,1.00,1.00
2015.09.22 01:18:13.545,0.72151,0.72161,1.00,1.50
2015.09.22 01:18:13.761,0.72149,0.72158,1.50,1.00
2015.09.22 01:18:14.016,0.72147,0.72157,1.00,1.00
2015.09.22 01:18:14.118,0.72149,0.72157,1.00,1.00
2015.09.22 01:18:14.220,0.72151,0.7216,1.00,2.62
2015.09.22 01:18:14.271,0.72148,0.7216,2.25,1.87
2015.09.22 01:18:14.629,0.72151,0.72162,1.00,1.00
2015.09.22 01:18:14.951,0.72154,0.72164,1.00,1.50
2015.09.22 01:18:15.054,0.72155,0.72166,1.00,3.75
2015.09.22 01:18:16.446,0.72155,0.72164,1.50,1.00
2015.09.22 01:18:17.094,0.72154,0.72163,1.00,1.00
2015.09.22 01:18:17.414,0.72152,0.72161,1.00,1.00
2015.09.22 01:18:19.078,0.72151,0.72161,1.00,1.50
2015.09.22 01:18:23.849,0.7215,0.7216,1.00,1.00
2015.09.22 01:18:25.643,0.7215,0.72159,1.00,1.00
2015.09.22 01:18:26.152,0.7215,0.7216,1.00,1.50
2015.09.22 01:18:30.363,0.7215,0.72159,1.00,1.00
2015.09.22 01:18:30.865,0.72151,0.72159,1.00,1.00
2015.09.22 01:18:37.721,0.7215,0.72159,1.00,1.50
2015.09.22 01:18:38.230,0.72149,0.72157,1.00,1.00
2015.09.22 01:18:40.584,0.72149,0.72158,1.00,1.00
2015.09.22 01:18:43.334,0.7215,0.72157,1.00,1.00
2015.09.22 01:18:45.910,0.7215,0.72158,1.00,1.00
2015.09.22 01:18:46.420,0.7215,0.7216,1.00,1.87
2015.09.22 01:18:46.929,0.7215,0.7216,1.00,1.50
2015.09.22 01:18:48.215,0.72149,0.72159,1.00,1.00
2015.09.22 01:18:48.738,0.72149,0.72158,1.50,1.00
2015.09.22 01:18:50.421,0.72149,0.72159,1.00,1.00
2015.09.22 01:18:50.726,0.72151,0.7216,1.00,1.00
2015.09.22 01:18:51.081,0.72151,0.72157,1.00,1.00
2015.09.22 01:18:51.604,0.7215,0.72157,1.00,1.00
2015.09.22 01:18:52.258,0.72151,0.72157,1.00,1.00
2015.09.22 01:18:54.124,0.7215,0.72157,1.00,1.00
2015.09.22 01:19:00.767,0.72151,0.72157,1.00,1.00
2015.09.22 01:19:02.137,0.72153,0.72157,1.00,1.00
2015.09.22 01:19:02.443,0.72155,0.72159,1.00,1.00
2015.09.22 01:19:02.954,0.72155,0.72161,1.00,1.00
2015.09.22 01:19:03.559,0.72154,0.7216,1.00,1.00
2015.09.22 01:19:03.713,0.72154,0.72162,1.00,1.50
2015.09.22 01:19:04.221,0.72154,0.72161,1.00,1.00
2015.09.22 01:19:11.151,0.72155,0.72161,1.00,1.00
2015.09.22 01:19:15.751,0.72154,0.72161,1.00,1.00
2015.09.22 01:19:17.679,0.72152,0.72158,1.50,1.00
2015.09.22 01:19:19.000,0.72152,0.72159,1.00,1.50
2015.09.22 01:19:19.510,0.72153,0.72158,1.00,1.00
2015.09.22 01:19:22.943,0.72153,0.72159,1.00,1.50
2015.09.22 01:19:30.460,0.72153,0.72158,1.00,1.00
2015.09.22 01:19:31.115,0.72153,0.72159,1.00,1.50
2015.09.22 01:19:33.158,0.72153,0.72158,1.00,1.00
2015.09.22 01:19:33.719,0.72153,0.72159,1.00,1.50
2015.09.22 01:19:35.174,0.72153,0.72158,1.00,1.00
2015.09.22 01:19:36.218,0.72152,0.72158,1.50,1.00
2015.09.22 01:19:38.384,0.72152,0.72159,1.50,1.50
2015.09.22 01:19:40.524,0.72152,0.72158,1.00,1.00
2015.09.22 01:19:41.128,0.72153,0.72158,1.00,1.00
2015.09.22 01:19:47.259,0.72152,0.72158,1.50,1.00
2015.09.22 01:19:50.900,0.72151,0.72157,1.00,1.00
2015.09.22 01:19:51.361,0.72151,0.72155,1.00,1.00
2015.09.22 01:19:51.668,0.72152,0.72157,1.00,1.00
2015.09.22 01:19:52.289,0.72151,0.72157,1.00,1.00
2015.09.22 01:19:52.675,0.72151,0.72159,1.00,1.00
2015.09.22 01:19:56.335,0.72152,0.72159,1.00,1.00
2015.09.22 01:20:01.735,0.72154,0.72159,1.00,1.00
2015.09.22 01:20:02.346,0.72152,0.72159,1.00,1.00
2015.09.22 01:20:09.786,0.72153,0.72159,1.00,1.50
2015.09.22 01:20:10.557,0.7215,0.72159,1.50,1.00
2015.09.22 01:20:10.761,0.72152,0.72158,1.00,1.00
2015.09.22 01:20:14.434,0.72152,0.72156,1.00,1.00
2015.09.22 01:20:15.528,0.72151,0.72155,1.00,1.00
2015.09.22 01:20:15.681,0.7215,0.72155,1.00,1.00
2015.09.22 01:20:16.389,0.72149,0.72155,1.12,1.00
2015.09.22 01:20:22.288,0.72151,0.72155,1.00,1.00
2015.09.22 01:20:23.076,0.72149,0.72155,1.00,1.00
2015.09.22 01:20:23.587,0.72148,0.72153,1.00,1.00
2015.09.22 01:20:23.691,0.72145,0.72153,1.00,1.00
2015.09.22 01:20:23.894,0.72147,0.72152,1.00,1.00
2015.09.22 01:20:24.639,0.72147,0.72151,1.00,1.00
2015.09.22 01:20:30.423,0.72146,0.72151,1.00,1.00
2015.09.22 01:20:30.930,0.72146,0.72152,1.00,1.50
2015.09.22 01:20:31.438,0.72147,0.72152,1.00,1.50
2015.09.22 01:20:36.123,0.72148,0.72152,1.00,1.00
2015.09.22 01:20:39.072,0.72147,0.72152,1.00,1.00
2015.09.22 01:20:40.640,0.72149,0.72153,1.00,1.00
2015.09.22 01:20:41.030,0.72149,0.72155,1.00,1.50
2015.09.22 01:20:41.561,0.72149,0.72154,1.00,1.00
2015.09.22 01:20:43.747,0.72145,0.72153,1.87,1.00
2015.09.22 01:20:43.850,0.72144,0.72152,2.25,1.50
2015.09.22 01:20:43.952,0.72142,0.72151,1.00,1.50
2015.09.22 01:20:44.105,0.72142,0.72149,1.00,1.00
2015.09.22 01:20:44.678,0.72142,0.72148,1.00,1.00
2015.09.22 01:20:45.959,0.72141,0.72148,1.00,1.00
2015.09.22 01:20:47.966,0.72143,0.72148,1.00,1.00
2015.09.22 01:20:50.363,0.72142,0.72148,1.00,1.00
2015.09.22 01:20:50.873,0.72141,0.72148,1.00,1.00
2015.09.22 01:20:54.279,0.72141,0.72147,1.00,1.00
2015.09.22 01:20:54.788,0.72142,0.72147,1.00,1.00
2015.09.22 01:20:56.818,0.72143,0.72147,1.00,1.00
2015.09.22 01:20:56.921,0.72143,0.72149,1.00,1.00
2015.09.22 01:20:57.386,0.72147,0.72151,1.00,2.25
2015.09.22 01:20:57.438,0.72145,0.72153,1.00,1.50
2015.09.22 01:20:59.947,0.72147,0.72153,1.00,1.50
2015.09.22 01:21:00.344,0.72145,0.72151,1.00,1.00
2015.09.22 01:21:00.970,0.72146,0.72151,1.00,1.50
2015.09.22 01:21:01.498,0.72145,0.72151,1.00,1.50
2015.09.22 01:21:02.910,0.72146,0.72151,1.00,1.50
2015.09.22 01:21:04.664,0.72145,0.72151,1.00,1.00
2015.09.22 01:21:05.632,0.72143,0.72151,1.00,1.50
2015.09.22 01:21:06.334,0.72141,0.72148,1.00,1.50
2015.09.22 01:21:11.482,0.72142,0.72148,1.00,1.50
2015.09.22 01:21:12.022,0.72141,0.72148,1.00,1.00
2015.09.22 01:21:12.651,0.7214,0.72148,1.00,1.50
2015.09.22 01:21:14.186,0.72141,0.72148,1.00,1.50
2015.09.22 01:21:20.918,0.72139,0.72148,1.00,1.50
2015.09.22 01:21:21.551,0.72139,0.72147,1.00,1.50
2015.09.22 01:21:24.900,0.72139,0.72146,1.50,1.00
2015.09.22 01:21:27.590,0.7214,0.72146,1.00,1.00
2015.09.22 01:21:31.523,0.72143,0.72148,1.00,1.00
2015.09.22 01:21:31.962,0.72145,0.7215,1.00,1.50
2015.09.22 01:21:32.781,0.72145,0.72151,1.00,2.25
2015.09.22 01:21:34.146,0.72144,0.72151,1.00,2.25
2015.09.22 01:21:34.825,0.72144,0.7215,1.00,1.00
2015.09.22 01:21:35.344,0.72145,0.72151,1.00,2.25
2015.09.22 01:21:35.449,0.72143,0.72151,1.00,2.25
2015.09.22 01:21:42.118,0.72144,0.72151,1.00,2.25
2015.09.22 01:21:42.735,0.72144,0.7215,1.00,1.00
2015.09.22 01:21:46.165,0.72146,0.7215,1.00,1.00
2015.09.22 01:21:53.425,0.72146,0.72151,1.00,1.50
2015.09.22 01:21:53.578,0.72144,0.72151,1.00,1.50
2015.09.22 01:21:55.348,0.72143,0.72151,1.87,1.50
2015.09.22 01:21:56.157,0.72143,0.7215,1.00,1.00
2015.09.22 01:21:56.721,0.72142,0.72149,1.00,1.00
2015.09.22 01:21:58.384,0.7214,0.72149,1.50,1.00
2015.09.22 01:21:58.486,0.72142,0.72149,1.00,1.50
2015.09.22 01:22:00.590,0.72144,0.72149,1.00,1.00
2015.09.22 01:22:02.464,0.72144,0.7215,1.00,1.00
2015.09.22 01:22:12.373,0.72145,0.7215,1.00,1.00
2015.09.22 01:22:14.291,0.72147,0.72151,1.00,2.25
2015.09.22 01:22:15.059,0.72147,0.72151,1.00,1.00
2015.09.22 01:22:16.428,0.72144,0.72151,1.00,1.00
2015.09.22 01:22:21.140,0.72143,0.72151,1.12,1.00
2015.09.22 01:22:21.877,0.72142,0.7215,1.37,1.50
2015.09.22 01:22:21.928,0.72142,0.72148,1.00,1.00
2015.09.22 01:22:22.959,0.72143,0.72148,1.00,1.00
2015.09.22 01:22:23.113,0.72143,0.7215,1.00,1.00
2015.09.22 01:22:23.498,0.72144,0.72152,1.00,1.00
2015.09.22 01:22:25.985,0.72144,0.72154,1.00,3.75
2015.09.22 01:22:27.871,0.72145,0.72154,1.00,3.00
2015.09.22 01:22:29.546,0.72146,0.72154,1.00,1.50
2015.09.22 01:22:30.311,0.72146,0.72155,1.00,3.00
2015.09.22 01:22:31.176,0.72147,0.72155,1.00,1.50
2015.09.22 01:22:38.286,0.72146,0.72155,1.00,1.50
2015.09.22 01:22:59.407,0.72147,0.72155,1.00,2.25
2015.09.22 01:22:59.798,0.72145,0.72155,1.87,1.50
2015.09.22 01:23:05.838,0.72145,0.72154,1.00,1.00
2015.09.22 01:23:06.382,0.72146,0.72155,1.00,1.00
2015.09.22 01:23:07.115,0.72146,0.72156,1.50,2.62
2015.09.22 01:23:12.554,0.7215,0.72156,1.00,1.00
2015.09.22 01:23:12.860,0.72152,0.72158,1.00,1.00
2015.09.22 01:23:13.460,0.72154,0.72162,1.00,1.00
2015.09.22 01:23:13.512,0.72154,0.72164,1.00,1.00
2015.09.22 01:23:19.490,0.72153,0.72162,2.62,1.00
2015.09.22 01:23:19.797,0.72153,0.72159,1.12,1.00
2015.09.22 01:23:20.103,0.72153,0.72162,1.12,1.00
2015.09.22 01:23:26.790,0.72153,0.72163,1.00,1.00
2015.09.22 01:23:33.950,0.72154,0.72164,1.00,1.87
2015.09.22 01:23:53.702,0.72154,0.72164,2.62,1.00
2015.09.22 01:23:56.881,0.72154,0.72164,2.62,1.87
2015.09.22 01:23:56.932,0.72156,0.72163,1.00,1.00
2015.09.22 01:23:58.048,0.72155,0.72164,1.00,1.12
2015.09.22 01:23:59.561,0.72155,0.72163,1.00,1.00
2015.09.22 01:24:01.174,0.72155,0.72164,1.00,1.50
2015.09.22 01:24:03.752,0.72156,0.72164,1.00,1.00
2015.09.22 01:24:04.499,0.72155,0.72165,1.50,1.00
2015.09.22 01:24:04.959,0.72154,0.72163,1.50,1.00
2015.09.22 01:24:05.469,0.72154,0.72164,1.50,1.00
2015.09.22 01:24:07.963,0.72155,0.72164,1.00,1.50
2015.09.22 01:24:10.301,0.72155,0.72165,1.00,1.50
2015.09.22 01:24:10.606,0.72157,0.72165,1.00,1.50
2015.09.22 01:24:11.657,0.72157,0.72164,1.00,1.00
2015.09.22 01:24:13.204,0.72155,0.72165,1.00,1.50
2015.09.22 01:24:13.713,0.72155,0.72164,1.00,1.00
2015.09.22 01:24:14.536,0.72156,0.72163,1.00,1.00
2015.09.22 01:24:14.587,0.72154,0.72164,1.50,1.00
2015.09.22 01:24:17.180,0.72154,0.72163,1.00,1.00
2015.09.22 01:24:17.640,0.72155,0.72165,1.12,2.25
2015.09.22 01:24:17.936,0.72157,0.72165,1.00,1.50
2015.09.22 01:24:18.041,0.72158,0.72168,3.75,1.00
2015.09.22 01:24:18.094,0.72162,0.72168,1.00,1.00
2015.09.22 01:24:18.403,0.72162,0.7217,1.00,1.00
2015.09.22 01:24:18.472,0.72159,0.72171,1.00,1.50
2015.09.22 01:24:18.523,0.7216,0.72168,1.00,1.00
2015.09.22 01:24:18.727,0.7216,0.7217,1.00,1.00
2015.09.22 01:24:19.367,0.72159,0.7217,1.00,1.00
2015.09.22 01:24:19.622,0.72161,0.7217,1.00,1.00
2015.09.22 01:24:19.725,0.72159,0.7217,1.50,1.00
2015.09.22 01:24:21.611,0.72161,0.7217,1.00,1.50
2015.09.22 01:24:21.916,0.72164,0.72171,1.00,1.00
2015.09.22 01:24:22.254,0.72162,0.72172,1.00,2.25
2015.09.22 01:24:22.771,0.72161,0.72171,1.50,2.25
2015.09.22 01:24:24.114,0.7216,0.72168,1.00,1.00
2015.09.22 01:24:24.218,0.72158,0.72168,1.50,1.50
2015.09.22 01:24:24.728,0.72157,0.72167,1.50,1.50
2015.09.22 01:24:25.507,0.72158,0.72168,1.00,1.00
2015.09.22 01:24:26.053,0.72159,0.72168,1.00,1.00
2015.09.22 01:24:31.466,0.72158,0.72168,1.50,1.00
2015.09.22 01:24:33.137,0.7216,0.72168,1.00,1.00
2015.09.22 01:24:33.646,0.72161,0.72169,1.00,1.00
2015.09.22 01:24:34.193,0.7216,0.72169,1.00,1.00
2015.09.22 01:24:35.263,0.7216,0.72167,1.00,1.00
2015.09.22 01:24:35.855,0.7216,0.72166,1.00,1.00
2015.09.22 01:24:36.594,0.72159,0.72166,2.25,1.00
2015.09.22 01:24:37.676,0.7216,0.72166,1.00,1.00
2015.09.22 01:24:41.551,0.72158,0.72166,1.87,1.00
2015.09.22 01:24:42.119,0.72158,0.72165,1.00,1.00
2015.09.22 01:24:46.893,0.72159,0.72165,1.00,1.00
2015.09.22 01:24:54.724,0.72159,0.72163,1.00,1.00
2015.09.22 01:25:00.403,0.72158,0.72165,1.12,1.00
2015.09.22 01:25:00.665,0.72156,0.72165,2.25,1.00
2015.09.22 01:25:00.920,0.72155,0.72163,1.00,1.00
2015.09.22 01:25:01.432,0.72155,0.72162,1.50,1.00
2015.09.22 01:25:03.208,0.72154,0.72162,1.00,1.00
2015.09.22 01:25:03.911,0.72156,0.72162,1.00,1.00
2015.09.22 01:25:04.116,0.72158,0.72166,1.00,1.50
2015.09.22 01:25:05.863,0.72158,0.72165,1.00,1.00
2015.09.22 01:25:07.521,0.72157,0.72165,1.00,1.50
2015.09.22 01:25:10.232,0.72156,0.72165,1.00,1.00
2015.09.22 01:25:10.437,0.72154,0.72165,1.50,1.50
2015.09.22 01:25:10.540,0.72153,0.72163,1.50,1.00
2015.09.22 01:25:10.846,0.72152,0.7216,1.00,1.00
2015.09.22 01:25:11.368,0.72151,0.72161,2.25,1.00
2015.09.22 01:25:11.868,0.72153,0.72161,1.00,1.00
2015.09.22 01:25:15.852,0.72156,0.72163,1.00,1.00
2015.09.22 01:25:16.057,0.72157,0.72165,1.00,2.25
2015.09.22 01:25:19.039,0.72158,0.72166,1.50,2.25
2015.09.22 01:25:20.455,0.72159,0.72168,1.00,1.00
2015.09.22 01:25:21.124,0.72162,0.72169,1.00,1.00
2015.09.22 01:25:24.626,0.7216,0.72169,1.00,1.00
2015.09.22 01:25:30.889,0.72159,0.72169,2.25,1.50
2015.09.22 01:25:36.419,0.7216,0.72169,1.00,1.00
2015.09.22 01:25:43.029,0.72161,0.72169,1.00,1.00
2015.09.22 01:25:44.580,0.72161,0.72168,1.00,1.00
2015.09.22 01:25:46.586,0.72161,0.72169,1.00,1.00
2015.09.22 01:25:53.904,0.7216,0.72169,1.00,1.00
2015.09.22 01:25:54.513,0.7216,0.72168,1.00,1.00
2015.09.22 01:25:55.240,0.72159,0.72168,1.00,1.00
2015.09.22 01:25:55.763,0.72158,0.72168,1.00,2.25
2015.09.22 01:25:56.754,0.72158,0.72167,1.00,1.00
2015.09.22 01:25:57.263,0.72157,0.72167,1.00,1.00
2015.09.22 01:25:58.202,0.72156,0.72166,1.00,1.00
2015.09.22 01:25:58.748,0.72155,0.72166,2.25,1.00
2015.09.22 01:25:59.228,0.72158,0.72165,1.00,1.00
2015.09.22 01:26:00.937,0.72156,0.72166,1.50,1.00
2015.09.22 01:26:02.163,0.72157,0.72166,1.00,1.50
2015.09.22 01:26:04.273,0.72156,0.72166,1.00,1.00
2015.09.22 01:26:04.819,0.72155,0.72166,2.25,2.25
2015.09.22 01:26:06.027,0.72157,0.72166,1.00,2.25
2015.09.22 01:26:08.368,0.72155,0.72166,1.00,1.50
2015.09.22 01:26:08.894,0.72154,0.72166,1.50,1.50
2015.09.22 01:26:09.404,0.72154,0.72165,1.50,1.50
2015.09.22 01:26:10.675,0.72154,0.72163,1.50,1.00
2015.09.22 01:26:12.172,0.72155,0.72164,1.00,1.50
2015.09.22 01:26:12.781,0.72156,0.72164,1.00,1.00
2015.09.22 01:26:13.077,0.72156,0.72166,1.00,1.00
2015.09.22 01:26:16.663,0.72156,0.72167,1.00,1.50
2015.09.22 01:26:19.754,0.72156,0.72167,1.37,1.87
2015.09.22 01:26:20.602,0.72156,0.72166,1.37,1.00
2015.09.22 01:26:21.111,0.72156,0.72167,1.37,1.87
2015.09.22 01:26:22.623,0.72156,0.72166,2.62,1.00
2015.09.22 01:26:23.235,0.72156,0.72167,2.62,1.87
2015.09.22 01:26:27.890,0.72156,0.72167,1.87,1.50
2015.09.22 01:26:30.105,0.72155,0.72165,1.50,1.00
2015.09.22 01:26:30.614,0.72155,0.72166,1.00,1.50
2015.09.22 01:26:31.122,0.72156,0.72165,1.00,1.00
2015.09.22 01:26:31.769,0.72155,0.72165,1.00,1.00
2015.09.22 01:26:34.371,0.72154,0.72165,3.00,1.50
2015.09.22 01:26:36.176,0.72155,0.72165,1.00,1.50
2015.09.22 01:26:39.369,0.72154,0.72165,2.62,2.25
2015.09.22 01:26:39.875,0.72155,0.72165,1.00,2.25
2015.09.22 01:26:48.427,0.72156,0.72165,1.00,1.50
2015.09.22 01:26:52.018,0.72155,0.72165,1.87,2.25
2015.09.22 01:26:52.526,0.72155,0.72164,1.12,1.00
2015.09.22 01:26:53.031,0.72155,0.72165,1.12,1.00
2015.09.22 01:26:53.807,0.72156,0.72165,1.00,1.00
2015.09.22 01:26:55.712,0.72155,0.72165,1.00,1.00
2015.09.22 01:26:56.179,0.72157,0.72166,1.00,1.00
2015.09.22 01:26:56.691,0.72156,0.72167,1.50,1.50
2015.09.22 01:27:00.191,0.72157,0.72167,1.00,1.00
2015.09.22 01:27:01.804,0.72156,0.72167,1.50,2.25
2015.09.22 01:27:02.399,0.72157,0.72167,1.50,1.50
2015.09.22 01:27:05.829,0.72158,0.72167,1.00,1.50
2015.09.22 01:27:06.619,0.72157,0.72167,2.25,1.50
2015.09.22 01:27:08.990,0.72157,0.72165,1.50,1.00
2015.09.22 01:27:12.215,0.72156,0.72165,1.50,1.00
2015.09.22 01:27:13.373,0.72155,0.72164,2.25,1.00
2015.09.22 01:27:14.352,0.72156,0.72164,1.00,1.00
2015.09.22 01:27:15.715,0.72156,0.72165,1.50,1.00
2015.09.22 01:27:16.341,0.72156,0.72166,1.50,1.50
2015.09.22 01:27:18.606,0.72157,0.72166,1.00,1.50
2015.09.22 01:27:19.746,0.72158,0.72166,1.00,1.50
2015.09.22 01:27:20.205,0.72158,0.72168,1.50,1.00
2015.09.22 01:27:20.766,0.72158,0.72169,1.50,1.00
2015.09.22 01:27:21.935,0.72159,0.72169,1.00,1.00
2015.09.22 01:27:22.371,0.72159,0.72167,1.00,1.00
2015.09.22 01:27:30.894,0.72161,0.72167,1.00,1.00
2015.09.22 01:27:35.082,0.72161,0.72169,1.00,2.25
2015.09.22 01:27:36.049,0.72162,0.72169,1.00,1.50
2015.09.22 01:27:37.462,0.72161,0.72169,1.00,1.50
2015.09.22 01:27:38.291,0.72162,0.72169,1.00,1.50
2015.09.22 01:27:38.882,0.72162,0.72171,1.00,1.50
2015.09.22 01:27:39.455,0.72163,0.72172,1.00,1.00
2015.09.22 01:27:41.803,0.72161,0.7217,1.50,1.50
2015.09.22 01:27:42.007,0.72159,0.7217,1.50,1.50
2015.09.22 01:27:42.365,0.72161,0.72169,1.00,1.00
2015.09.22 01:27:43.308,0.72161,0.72171,1.00,1.00
2015.09.22 01:27:46.209,0.72161,0.7217,1.00,1.00
2015.09.22 01:27:46.804,0.72162,0.7217,1.00,1.00
2015.09.22 01:27:47.511,0.72162,0.72171,1.00,2.25
2015.09.22 01:27:48.923,0.72163,0.72171,1.00,1.50
2015.09.22 01:27:49.432,0.72163,0.72172,1.00,1.00
2015.09.22 01:27:52.205,0.72162,0.72172,1.00,1.50
2015.09.22 01:27:52.936,0.72162,0.72171,1.50,1.00
2015.09.22 01:28:02.839,0.72164,0.72171,1.00,1.50
2015.09.22 01:28:05.900,0.72164,0.72172,1.00,1.50
2015.09.22 01:28:10.708,0.72166,0.72172,1.00,1.00
2015.09.22 01:28:12.295,0.72164,0.72172,1.00,1.00
2015.09.22 01:28:12.838,0.72164,0.72173,1.00,1.50
2015.09.22 01:28:17.011,0.72163,0.72173,1.00,1.50
2015.09.22 01:28:17.713,0.72164,0.72173,1.00,1.50
2015.09.22 01:28:18.303,0.72163,0.72173,1.00,2.25
2015.09.22 01:28:22.727,0.72161,0.72172,3.37,1.00
2015.09.22 01:28:23.186,0.72161,0.7217,1.00,1.00
2015.09.22 01:28:31.124,0.72163,0.7217,1.00,1.00
2015.09.22 01:28:31.429,0.72165,0.72172,1.00,1.00
2015.09.22 01:28:42.844,0.72165,0.72173,1.00,1.00
2015.09.22 01:28:46.164,0.72164,0.72173,1.00,1.00
2015.09.22 01:28:47.279,0.72166,0.72173,1.00,1.12
2015.09.22 01:28:47.646,0.72163,0.72173,1.12,1.12
2015.09.22 01:28:48.004,0.72163,0.72171,1.00,1.00
2015.09.22 01:28:49.048,0.72163,0.7217,1.00,1.00
2015.09.22 01:28:56.749,0.72165,0.7217,1.00,1.00
2015.09.22 01:28:59.253,0.72165,0.72172,1.00,1.12
2015.09.22 01:29:00.961,0.72164,0.72172,1.00,1.50
2015.09.22 01:29:01.885,0.72162,0.72172,1.00,2.25
2015.09.22 01:29:02.427,0.72161,0.7217,1.00,1.00
2015.09.22 01:29:14.059,0.72162,0.7217,1.00,1.00
2015.09.22 01:29:16.341,0.72164,0.7217,1.00,1.00
2015.09.22 01:29:16.849,0.72163,0.72171,1.00,1.12
2015.09.22 01:29:18.402,0.72161,0.72171,1.12,1.50
2015.09.22 01:29:19.131,0.7216,0.72168,1.00,1.00
2015.09.22 01:29:19.182,0.72157,0.72166,1.00,1.00
2015.09.22 01:29:20.546,0.72156,0.72166,1.50,1.50
2015.09.22 01:29:21.058,0.72157,0.72167,1.00,1.00
2015.09.22 01:29:21.729,0.72157,0.72168,1.00,1.50
2015.09.22 01:29:23.915,0.72156,0.72165,1.50,1.00
2015.09.22 01:29:24.422,0.72155,0.72165,1.50,1.00
2015.09.22 01:29:25.080,0.72154,0.72164,1.50,1.00
2015.09.22 01:29:27.768,0.72153,0.72164,1.00,1.50
2015.09.22 01:29:28.773,0.72152,0.72163,1.50,1.00
2015.09.22 01:29:29.080,0.72153,0.72161,1.00,1.00
2015.09.22 01:29:31.654,0.72151,0.72161,2.25,1.00
2015.09.22 01:29:32.669,0.72152,0.72162,1.00,1.50
2015.09.22 01:29:45.806,0.72152,0.72161,1.00,1.00
2015.09.22 01:29:47.759,0.72151,0.72161,2.62,1.00
2015.09.22 01:29:48.921,0.72152,0.72161,1.00,1.00
2015.09.22 01:29:49.458,0.72151,0.72161,1.50,1.00
2015.09.22 01:29:56.345,0.72152,0.72161,1.00,1.00
2015.09.22 01:29:56.753,0.7215,0.7216,1.00,1.00
2015.09.22 01:29:57.302,0.72151,0.7216,1.50,1.00
2015.09.22 01:29:57.455,0.72151,0.72162,1.50,1.50
2015.09.22 01:30:04.156,0.72151,0.72163,2.62,1.12
2015.09.22 01:30:04.934,0.72153,0.72161,1.00,1.00
2015.09.22 01:30:05.539,0.72152,0.72162,1.00,1.00
2015.09.22 01:30:11.642,0.72153,0.72163,1.00,1.87
2015.09.22 01:30:12.177,0.72152,0.72163,1.00,1.00
2015.09.22 01:30:12.686,0.72152,0.72162,1.00,1.00
2015.09.22 01:30:12.993,0.72154,0.72163,1.00,1.00
2015.09.22 01:30:13.579,0.72154,0.72164,1.50,1.50
2015.09.22 01:30:14.169,0.72155,0.72165,1.00,1.00
2015.09.22 01:30:16.778,0.72157,0.72165,1.00,1.00
2015.09.22 01:30:17.295,0.72156,0.72165,1.00,1.00
2015.09.22 01:30:17.601,0.72158,0.72165,1.00,1.00
2015.09.22 01:30:18.111,0.72157,0.72166,1.00,1.00
2015.09.22 01:30:18.795,0.72158,0.72166,1.00,1.00
2015.09.22 01:30:20.403,0.72157,0.72166,1.50,1.00
2015.09.22 01:30:21.373,0.72158,0.72166,1.00,1.00
2015.09.22 01:30:21.987,0.72158,0.72168,1.00,1.00
2015.09.22 01:30:27.320,0.72161,0.72168,1.00,1.00
2015.09.22 01:30:27.524,0.72162,0.7217,1.00,1.00
2015.09.22 01:30:27.677,0.72164,0.7217,1.00,1.00
2015.09.22 01:30:27.728,0.72164,0.72172,1.00,1.12
2015.09.22 01:30:28.982,0.72164,0.72174,1.00,2.25
2015.09.22 01:30:29.724,0.72165,0.72174,1.00,1.50
2015.09.22 01:30:30.683,0.72164,0.72174,1.00,1.50
2015.09.22 01:30:35.524,0.72163,0.72174,1.00,1.50
2015.09.22 01:30:37.212,0.72163,0.72173,1.50,1.00
2015.09.22 01:30:38.206,0.72163,0.72174,1.50,1.50
2015.09.22 01:30:42.642,0.72163,0.72173,1.50,1.00
2015.09.22 01:30:46.457,0.72164,0.72172,1.00,1.00
2015.09.22 01:30:46.559,0.72162,0.72173,1.00,2.25
2015.09.22 01:30:46.958,0.72161,0.72171,1.50,1.00
2015.09.22 01:30:47.569,0.72161,0.7217,1.00,1.00
2015.09.22 01:30:48.325,0.72162,0.72169,1.00,1.50
2015.09.22 01:30:48.376,0.72158,0.72168,1.00,1.00
2015.09.22 01:30:49.245,0.72157,0.72168,1.00,1.50
2015.09.22 01:30:50.871,0.72155,0.72165,2.25,1.00
2015.09.22 01:30:51.300,0.72158,0.72166,1.00,1.87
2015.09.22 01:30:51.813,0.72158,0.72167,1.00,1.00
2015.09.22 01:30:52.572,0.72158,0.72168,1.00,1.50
2015.09.22 01:30:54.379,0.72158,0.72167,1.00,1.00
2015.09.22 01:30:55.828,0.72157,0.72167,1.00,2.25
2015.09.22 01:31:02.218,0.72158,0.72167,1.00,1.12
2015.09.22 01:31:03.962,0.72157,0.72167,1.00,1.87
2015.09.22 01:31:04.759,0.72156,0.72166,1.00,1.00
2015.09.22 01:31:05.978,0.72157,0.72168,1.00,1.87
2015.09.22 01:31:06.696,0.72157,0.72168,1.37,1.87
2015.09.22 01:31:12.685,0.72158,0.72166,1.12,1.00
2015.09.22 01:31:17.279,0.72157,0.72168,1.12,1.87
2015.09.22 01:31:17.782,0.72157,0.72168,1.12,1.50
2015.09.22 01:31:22.144,0.72157,0.72167,1.00,1.00
2015.09.22 01:31:27.826,0.72157,0.72168,1.50,1.00
2015.09.22 01:31:32.252,0.72157,0.72167,1.50,1.00
2015.09.22 01:31:33.244,0.72157,0.72168,1.87,1.00
2015.09.22 01:31:34.544,0.72158,0.72168,1.00,1.00
2015.09.22 01:31:35.082,0.72158,0.72169,1.50,1.87
2015.09.22 01:31:38.663,0.72158,0.72168,1.00,1.00
2015.09.22 01:31:53.666,0.72157,0.72168,1.00,1.00
2015.09.22 01:31:54.176,0.72157,0.72167,1.00,1.00
2015.09.22 01:31:55.228,0.72159,0.72168,1.00,1.87
2015.09.22 01:31:56.326,0.72159,0.7217,1.00,1.50
2015.09.22 01:32:01.561,0.72158,0.72169,1.50,1.00
2015.09.22 01:32:02.438,0.7216,0.72168,1.00,1.00
2015.09.22 01:32:13.270,0.72159,0.7217,1.00,1.87
2015.09.22 01:32:14.481,0.72161,0.7217,1.00,1.12
2015.09.22 01:32:15.023,0.72161,0.72171,1.00,1.00
2015.09.22 01:32:20.880,0.7216,0.72171,1.12,1.50
2015.09.22 01:32:24.361,0.7216,0.72172,1.50,4.12
2015.09.22 01:32:26.204,0.72161,0.72171,1.00,1.00
2015.09.22 01:32:26.713,0.7216,0.72171,1.50,1.12
2015.09.22 01:32:27.038,0.72162,0.72171,1.00,1.12
2015.09.22 01:32:31.511,0.72162,0.7217,1.00,1.00
2015.09.22 01:32:35.218,0.72162,0.72171,1.00,1.00
2015.09.22 01:32:35.749,0.72161,0.72171,1.00,1.00
2015.09.22 01:32:41.499,0.72161,0.7217,1.00,1.00
2015.09.22 01:32:42.037,0.7216,0.72169,1.00,1.00
2015.09.22 01:32:42.573,0.7216,0.72168,1.00,1.00
2015.09.22 01:32:43.426,0.72159,0.72169,1.00,1.00
2015.09.22 01:32:45.907,0.72158,0.72169,1.00,1.00
2015.09.22 01:32:48.851,0.7216,0.72168,1.00,1.00
2015.09.22 01:32:50.260,0.72159,0.72169,1.00,1.00
2015.09.22 01:32:56.839,0.72157,0.72167,1.00,1.00
2015.09.22 01:32:57.350,0.72156,0.72167,1.00,1.50
2015.09.22 01:32:57.656,0.72155,0.72164,1.00,1.00
2015.09.22 01:32:57.964,0.72157,0.72165,1.00,1.00
2015.09.22 01:32:58.480,0.72157,0.72166,1.00,1.00
2015.09.22 01:33:02.034,0.72159,0.72166,1.00,1.50
2015.09.22 01:33:02.553,0.7216,0.72167,1.00,1.50
2015.09.22 01:33:03.111,0.7216,0.72169,1.00,1.50
2015.09.22 01:33:03.771,0.72161,0.72169,1.00,1.00
2015.09.22 01:33:04.373,0.72161,0.72168,1.00,1.00
2015.09.22 01:33:04.424,0.72159,0.72168,1.50,1.00
2015.09.22 01:33:10.298,0.72159,0.72167,1.87,1.00
2015.09.22 01:33:12.956,0.7216,0.72167,1.00,1.00
2015.09.22 01:33:14.937,0.7216,0.7217,1.00,1.87
2015.09.22 01:33:15.644,0.72159,0.7217,1.12,2.25
2015.09.22 01:33:32.771,0.7216,0.7217,1.00,1.87
2015.09.22 01:33:36.170,0.72159,0.7217,2.25,1.00
2015.09.22 01:33:38.980,0.72161,0.7217,1.00,1.00
2015.09.22 01:33:39.186,0.72159,0.7217,2.25,1.00
2015.09.22 01:33:49.716,0.72159,0.72169,1.00,1.00
2015.09.22 01:33:52.876,0.72159,0.7217,1.00,3.37
2015.09.22 01:34:00.740,0.72158,0.72169,2.62,1.00
2015.09.22 01:34:02.648,0.72159,0.72167,1.00,1.00
2015.09.22 01:34:03.411,0.72158,0.72168,1.00,1.00
2015.09.22 01:34:04.623,0.72159,0.72168,1.00,1.00
2015.09.22 01:34:05.950,0.72159,0.72169,1.00,1.50
2015.09.22 01:34:15.644,0.72159,0.72168,1.00,1.00
2015.09.22 01:34:21.506,0.72159,0.72169,1.00,1.50
2015.09.22 01:34:22.030,0.7216,0.72168,1.00,1.00
2015.09.22 01:34:32.943,0.72158,0.72168,1.12,1.00
2015.09.22 01:34:33.492,0.72159,0.72169,1.00,1.50
2015.09.22 01:34:34.936,0.72159,0.72167,1.00,1.00
2015.09.22 01:34:41.290,0.72159,0.72169,1.00,1.50
2015.09.22 01:34:45.764,0.72159,0.72168,1.00,1.00
2015.09.22 01:34:47.681,0.72158,0.72168,1.87,1.00
2015.09.22 01:34:49.684,0.72158,0.72167,1.12,1.00
2015.09.22 01:34:50.195,0.72156,0.72166,1.50,1.00
2015.09.22 01:34:50.501,0.72153,0.72164,2.25,1.00
2015.09.22 01:34:56.426,0.72154,0.72164,1.00,1.00
2015.09.22 01:34:58.139,0.72153,0.72164,2.25,1.00
2015.09.22 01:35:00.679,0.72153,0.72163,1.50,1.00
2015.09.22 01:35:01.844,0.72153,0.72162,1.00,1.00
2015.09.22 01:35:02.350,0.72154,0.72162,1.00,1.00
2015.09.22 01:35:02.886,0.72153,0.72163,1.50,1.00
2015.09.22 01:35:08.348,0.72153,0.72164,1.00,2.25
2015.09.22 01:35:08.754,0.72155,0.72164,1.00,1.50
2015.09.22 01:35:09.305,0.72154,0.72164,1.00,2.25
2015.09.22 01:35:09.813,0.72155,0.72164,1.00,1.00
2015.09.22 01:35:16.610,0.72154,0.72163,1.00,1.00
2015.09.22 01:35:17.094,0.72151,0.72161,1.00,1.00
2015.09.22 01:35:17.146,0.72148,0.72158,2.62,1.00
2015.09.22 01:35:23.291,0.72149,0.72158,1.00,1.50
2015.09.22 01:35:27.339,0.72149,0.72157,1.00,1.00
2015.09.22 01:35:28.215,0.72148,0.72158,1.50,1.50
2015.09.22 01:35:34.566,0.72147,0.72158,2.25,2.62
2015.09.22 01:35:35.513,0.72148,0.72158,1.00,3.37
2015.09.22 01:35:36.072,0.72148,0.72157,1.00,1.00
2015.09.22 01:35:38.147,0.72149,0.72157,1.00,1.50
2015.09.22 01:35:49.204,0.72149,0.72156,1.50,1.00
2015.09.22 01:35:49.813,0.72149,0.72155,1.00,1.00
2015.09.22 01:35:52.622,0.72149,0.72156,1.50,1.50
2015.09.22 01:35:54.292,0.72148,0.72156,1.50,1.50
2015.09.22 01:35:55.793,0.72148,0.72154,1.50,1.00
2015.09.22 01:35:59.050,0.72147,0.72154,1.50,1.00
2015.09.22 01:35:59.652,0.72148,0.72154,1.00,1.50
2015.09.22 01:35:59.825,0.72146,0.72154,2.25,1.50
2015.09.22 01:36:02.855,0.72147,0.72154,1.00,1.50
2015.09.22 01:36:09.485,0.72146,0.72154,1.50,1.50
2015.09.22 01:36:12.808,0.72147,0.72154,1.00,1.50
2015.09.22 01:36:18.328,0.72146,0.72154,2.62,1.50
2015.09.22 01:36:20.695,0.72148,0.72154,1.00,1.50
2015.09.22 01:36:21.002,0.7215,0.72155,1.00,1.00
2015.09.22 01:36:24.561,0.72148,0.72155,1.50,1.00
2015.09.22 01:36:25.338,0.72149,0.72154,1.00,1.00
2015.09.22 01:36:28.423,0.72147,0.72154,1.00,1.00
2015.09.22 01:36:29.367,0.72147,0.72155,1.12,1.50
2015.09.22 01:36:29.418,0.72149,0.72155,1.00,1.50
2015.09.22 01:36:30.200,0.72148,0.72155,1.00,1.00
2015.09.22 01:36:34.960,0.72147,0.72155,2.62,1.00
2015.09.22 01:36:35.520,0.72148,0.72155,1.50,1.00
2015.09.22 01:36:37.585,0.72147,0.72155,2.62,1.00
2015.09.22 01:36:38.134,0.72148,0.72155,1.00,1.00
2015.09.22 01:36:41.137,0.72149,0.72155,1.00,1.00
2015.09.22 01:36:41.657,0.7215,0.72156,1.00,1.50
2015.09.22 01:36:43.311,0.72151,0.72156,1.00,1.50
2015.09.22 01:36:43.822,0.7215,0.72156,1.00,1.50
2015.09.22 01:36:47.075,0.7215,0.72157,1.00,1.50
2015.09.22 01:36:59.554,0.72149,0.72157,1.50,1.50
2015.09.22 01:37:00.155,0.7215,0.72157,1.00,1.50
2015.09.22 01:37:00.690,0.72151,0.72157,1.00,1.50
2015.09.22 01:37:01.831,0.7215,0.72157,1.00,1.50
2015.09.22 01:37:18.432,0.7215,0.72155,1.00,1.00
2015.09.22 01:37:22.748,0.72149,0.72155,1.00,1.00
2015.09.22 01:37:23.260,0.72148,0.72154,1.00,1.00
2015.09.22 01:37:24.283,0.72145,0.72152,1.00,1.00
2015.09.22 01:37:28.460,0.72146,0.72152,1.00,1.00
2015.09.22 01:37:49.037,0.72145,0.72152,1.00,1.00
2015.09.22 01:37:56.187,0.72146,0.72152,1.00,1.00
2015.09.22 01:37:57.663,0.72146,0.72151,1.00,1.00
2015.09.22 01:38:00.520,0.72145,0.72151,1.00,1.00
2015.09.22 01:38:01.178,0.72145,0.72152,1.00,1.50
2015.09.22 01:38:01.720,0.72145,0.72151,1.00,1.00
2015.09.22 01:38:28.543,0.72144,0.72151,1.00,1.00
2015.09.22 01:38:33.202,0.72145,0.72151,1.00,1.00
2015.09.22 01:38:43.832,0.72144,0.72151,1.00,1.00
2015.09.22 01:38:46.423,0.72144,0.7215,1.00,1.00
2015.09.22 01:38:48.089,0.72146,0.7215,1.00,1.00
2015.09.22 01:38:51.122,0.72142,0.72146,1.00,1.00
2015.09.22 01:38:59.510,0.72143,0.72147,1.00,1.00
2015.09.22 01:38:59.914,0.72141,0.72146,1.00,1.50
2015.09.22 01:38:59.966,0.72139,0.72146,1.00,1.50
2015.09.22 01:39:00.476,0.72138,0.72145,1.12,1.50
2015.09.22 01:39:01.265,0.72138,0.72144,1.00,1.50
2015.09.22 01:39:01.520,0.72136,0.72144,1.12,1.50
2015.09.22 01:39:01.927,0.72136,0.72141,1.00,1.00
2015.09.22 01:39:02.572,0.72136,0.72142,1.00,1.00
2015.09.22 01:39:03.142,0.72135,0.72142,1.00,1.00
2015.09.22 01:39:03.651,0.72134,0.72141,1.00,1.00
2015.09.22 01:39:04.361,0.72135,0.72141,1.00,1.00
2015.09.22 01:39:08.344,0.72136,0.72142,1.00,1.00
2015.09.22 01:39:08.853,0.72135,0.72142,1.00,1.00
2015.09.22 01:39:10.363,0.72136,0.72142,1.00,1.00
2015.09.22 01:39:10.882,0.72137,0.72142,1.00,1.00
2015.09.22 01:39:11.383,0.72137,0.72143,1.00,1.50
2015.09.22 01:39:12.851,0.72136,0.72143,1.00,1.50
2015.09.22 01:39:25.087,0.72137,0.72143,1.00,1.00
2015.09.22 01:39:25.634,0.72136,0.72142,1.12,1.00
2015.09.22 01:39:37.140,0.72135,0.72142,1.12,1.00
2015.09.22 01:39:40.386,0.72136,0.72142,1.00,1.00
2015.09.22 01:39:43.667,0.72137,0.72142,1.00,1.00
2015.09.22 01:39:45.660,0.72136,0.72142,1.00,1.00
2015.09.22 01:39:46.263,0.72137,0.72142,1.00,1.00
2015.09.22 01:40:00.317,0.72138,0.72142,1.00,1.00
2015.09.22 01:40:06.648,0.72139,0.72143,1.00,1.00
2015.09.22 01:40:07.322,0.72137,0.72142,1.00,1.00
2015.09.22 01:40:20.386,0.72138,0.72142,1.00,1.00
2015.09.22 01:40:21.091,0.72137,0.72142,1.00,1.00
2015.09.22 01:40:21.595,0.72136,0.72142,1.00,1.00
2015.09.22 01:40:22.103,0.72137,0.72142,1.00,1.00
2015.09.22 01:40:36.999,0.72136,0.72142,1.00,1.00
2015.09.22 01:40:40.411,0.72138,0.72142,1.00,1.00
2015.09.22 01:40:42.723,0.72139,0.72143,1.00,1.00
2015.09.22 01:40:42.928,0.72138,0.72144,1.00,1.50
2015.09.22 01:40:43.709,0.72137,0.72144,1.00,1.00
2015.09.22 01:40:44.224,0.72138,0.72143,1.00,1.00
2015.09.22 01:40:48.619,0.72136,0.72143,1.00,1.00
2015.09.22 01:40:54.457,0.72138,0.72143,1.00,1.00
2015.09.22 01:40:54.967,0.72137,0.72143,1.00,1.00
2015.09.22 01:40:55.990,0.72137,0.72142,1.00,1.00
2015.09.22 01:40:59.336,0.72138,0.72144,1.00,1.00
2015.09.22 01:40:59.849,0.72138,0.72145,1.00,1.00
2015.09.22 01:41:02.721,0.72138,0.72143,1.00,1.00
2015.09.22 01:41:03.732,0.72138,0.72145,1.00,1.00
2015.09.22 01:41:06.264,0.72138,0.72144,1.00,1.00
2015.09.22 01:41:06.607,0.72138,0.72142,1.00,1.00
2015.09.22 01:41:07.234,0.72137,0.72141,1.00,1.00
2015.09.22 01:41:07.488,0.72138,0.72144,1.00,1.00
2015.09.22 01:41:07.590,0.72138,0.72146,1.00,2.25
2015.09.22 01:41:08.166,0.72138,0.72145,1.00,1.00
2015.09.22 01:41:08.810,0.72138,0.72146,1.00,1.00
2015.09.22 01:41:09.280,0.72138,0.72143,1.00,1.00
2015.09.22 01:41:09.743,0.72137,0.72141,1.00,1.00
2015.09.22 01:41:10.921,0.72138,0.72142,1.00,1.00
2015.09.22 01:41:11.452,0.72137,0.72141,1.00,1.00
2015.09.22 01:41:28.163,0.72138,0.72142,1.00,1.00
2015.09.22 01:41:28.671,0.72137,0.72141,3.00,1.00
2015.09.22 01:41:29.211,0.72137,0.72141,3.00,1.00
2015.09.22 01:41:30.966,0.72138,0.72142,1.00,1.00
2015.09.22 01:41:36.018,0.72137,0.72141,3.37,1.00
2015.09.22 01:41:38.207,0.72138,0.72142,1.00,1.00
2015.09.22 01:41:39.358,0.72138,0.72143,1.00,1.00
2015.09.22 01:41:39.866,0.72138,0.72142,1.00,1.00
2015.09.22 01:41:45.704,0.72138,0.72143,1.87,1.00
2015.09.22 01:41:45.756,0.72139,0.72143,1.00,1.00
2015.09.22 01:41:46.277,0.72138,0.72142,1.00,1.00
2015.09.22 01:42:03.886,0.7214,0.72144,1.00,1.50
2015.09.22 01:42:04.242,0.7214,0.72144,1.00,1.50
2015.09.22 01:42:19.095,0.72141,0.72145,1.00,1.50
2015.09.22 01:42:19.761,0.72141,0.72145,1.00,1.00
2015.09.22 01:42:52.040,0.7214,0.72145,1.50,1.00
2015.09.22 01:42:52.565,0.72139,0.72145,1.00,1.00
2015.09.22 01:42:53.090,0.7214,0.72145,1.00,1.00
2015.09.22 01:42:53.527,0.72138,0.72145,3.00,1.00
2015.09.22 01:42:53.680,0.7214,0.72145,1.00,1.00
2015.09.22 01:42:54.188,0.72139,0.72144,1.00,1.00
2015.09.22 01:42:59.352,0.72138,0.72144,1.50,1.00
2015.09.22 01:42:59.979,0.72139,0.72145,1.00,1.00
2015.09.22 01:43:00.487,0.72139,0.72143,1.00,1.00
2015.09.22 01:43:00.999,0.72139,0.72144,1.00,1.00
2015.09.22 01:43:01.868,0.72139,0.72143,1.00,1.00
2015.09.22 01:43:05.759,0.72138,0.72143,1.00,1.00
2015.09.22 01:43:06.286,0.72139,0.72143,1.50,1.00
2015.09.22 01:43:06.999,0.72138,0.72143,1.00,1.00
2015.09.22 01:43:10.147,0.72138,0.72144,1.00,1.00
2015.09.22 01:43:10.609,0.7214,0.72144,1.00,1.00
2015.09.22 01:43:11.133,0.7214,0.72145,1.00,1.00
2015.09.22 01:43:11.750,0.72141,0.72146,1.00,1.00
2015.09.22 01:43:12.207,0.72142,0.72148,1.50,2.25
2015.09.22 01:43:12.614,0.72142,0.7215,1.50,1.50
2015.09.22 01:43:16.937,0.72142,0.72149,1.00,1.00
2015.09.22 01:43:17.553,0.72142,0.72148,1.00,1.00
2015.09.22 01:43:18.413,0.72143,0.72149,1.00,1.00
2015.09.22 01:43:18.929,0.72142,0.72149,1.00,1.00
2015.09.22 01:43:19.286,0.7214,0.72148,1.12,1.00
2015.09.22 01:43:23.521,0.72139,0.72148,1.50,2.25
2015.09.22 01:43:23.933,0.72141,0.72147,1.00,1.00
2015.09.22 01:43:24.341,0.72141,0.72149,1.00,1.50
2015.09.22 01:43:24.987,0.72141,0.72148,1.00,1.00
2015.09.22 01:43:25.501,0.7214,0.72148,1.00,1.50
2015.09.22 01:43:26.030,0.72142,0.72148,1.00,1.50
2015.09.22 01:43:27.318,0.72141,0.72148,1.50,1.50
2015.09.22 01:43:28.819,0.72142,0.72148,1.00,1.00
2015.09.22 01:43:30.277,0.72141,0.72148,1.00,1.00
2015.09.22 01:43:31.057,0.72142,0.72148,1.00,1.00
2015.09.22 01:43:31.710,0.7214,0.72148,1.50,1.00
2015.09.22 01:43:31.913,0.72138,0.72148,3.00,1.50
2015.09.22 01:43:32.219,0.7214,0.72148,1.00,1.50
2015.09.22 01:43:32.577,0.72139,0.72146,1.00,1.00
2015.09.22 01:43:33.221,0.72141,0.72146,1.00,1.00
2015.09.22 01:43:33.579,0.7214,0.72148,1.50,1.00
2015.09.22 01:43:36.165,0.72142,0.72148,1.00,1.00
2015.09.22 01:43:37.221,0.72142,0.72149,1.00,2.25
2015.09.22 01:43:37.831,0.72141,0.72149,1.50,2.25
2015.09.22 01:43:38.566,0.7214,0.72147,1.00,1.00
2015.09.22 01:43:43.668,0.72141,0.72147,1.00,1.00
2015.09.22 01:43:44.592,0.72141,0.72148,1.00,1.50
2015.09.22 01:43:45.256,0.7214,0.72148,1.50,1.00
2015.09.22 01:43:45.777,0.72142,0.72149,1.00,1.00
2015.09.22 01:43:47.806,0.72143,0.72149,1.00,1.00
2015.09.22 01:43:49.201,0.72144,0.72149,1.00,1.00
2015.09.22 01:43:49.303,0.72144,0.72151,1.00,1.50
2015.09.22 01:43:49.853,0.72143,0.72151,1.00,1.50
2015.09.22 01:43:50.361,0.72143,0.7215,1.00,1.50
2015.09.22 01:44:00.205,0.72144,0.7215,1.00,2.25
2015.09.22 01:44:00.713,0.72144,0.72149,1.00,1.00
2015.09.22 01:44:01.019,0.72142,0.72149,1.00,1.00
2015.09.22 01:44:04.559,0.72141,0.72149,1.00,1.50
2015.09.22 01:44:07.684,0.72139,0.72149,1.00,3.00
2015.09.22 01:44:07.787,0.72139,0.72147,1.00,1.50
2015.09.22 01:44:08.297,0.72137,0.72146,1.87,1.50
2015.09.22 01:44:09.045,0.72137,0.72146,1.87,1.50
2015.09.22 01:44:11.153,0.72138,0.72146,1.00,1.50
2015.09.22 01:44:12.158,0.72136,0.72146,1.87,2.25
2015.09.22 01:44:12.312,0.72136,0.72144,1.12,1.00
2015.09.22 01:44:12.771,0.72138,0.72144,1.00,1.00
2015.09.22 01:44:13.479,0.72141,0.72148,1.00,1.50
2015.09.22 01:44:14.281,0.7214,0.72148,1.00,1.00
2015.09.22 01:44:16.872,0.72143,0.72148,1.00,1.00
2015.09.22 01:44:17.704,0.72143,0.7215,1.00,3.00
2015.09.22 01:44:19.058,0.72141,0.7215,1.00,2.25
2015.09.22 01:44:20.309,0.72142,0.7215,1.00,2.25
2015.09.22 01:44:21.206,0.72141,0.7215,1.00,2.25
2015.09.22 01:44:21.715,0.72141,0.72149,1.00,1.50
2015.09.22 01:44:22.419,0.72143,0.72149,1.00,1.50
2015.09.22 01:44:24.185,0.72143,0.72148,1.00,1.00
2015.09.22 01:44:26.281,0.72143,0.72149,1.00,1.50
2015.09.22 01:44:26.789,0.72143,0.72148,1.00,1.00
2015.09.22 01:44:27.321,0.72143,0.72149,1.00,1.50
2015.09.22 01:44:28.570,0.72141,0.72149,1.00,1.50
2015.09.22 01:44:29.080,0.72142,0.72149,1.00,1.50
2015.09.22 01:44:29.656,0.72141,0.72149,1.00,1.50
2015.09.22 01:44:32.595,0.72143,0.72149,1.00,1.50
2015.09.22 01:44:36.589,0.72142,0.72149,1.00,1.00
2015.09.22 01:44:44.345,0.72144,0.72149,1.00,1.00
2015.09.22 01:44:47.388,0.72144,0.7215,1.00,1.50
2015.09.22 01:44:48.168,0.72142,0.7215,1.50,1.50
2015.09.22 01:44:48.271,0.72144,0.7215,1.00,1.50
2015.09.22 01:45:02.704,0.72143,0.7215,1.00,1.50
2015.09.22 01:45:03.060,0.72144,0.72152,1.00,1.50
2015.09.22 01:45:03.780,0.72146,0.72152,1.00,1.50
2015.09.22 01:45:04.089,0.72146,0.72154,1.00,1.00
2015.09.22 01:45:04.192,0.72149,0.72155,1.00,1.00
2015.09.22 01:45:09.288,0.72149,0.72154,1.00,1.00
2015.09.22 01:45:11.237,0.72149,0.72155,1.00,1.50
2015.09.22 01:45:19.803,0.72147,0.72155,1.00,1.50
2015.09.22 01:45:19.861,0.72146,0.72153,1.87,1.00
2015.09.22 01:45:20.369,0.72144,0.72152,1.87,1.00
2015.09.22 01:45:20.674,0.72143,0.72152,2.25,1.50
2015.09.22 01:45:21.030,0.72143,0.72149,1.00,1.00
2015.09.22 01:45:21.567,0.72142,0.72149,1.00,1.00
2015.09.22 01:45:23.396,0.72143,0.72149,1.00,1.00
2015.09.22 01:45:28.866,0.72143,0.7215,1.00,1.00
2015.09.22 01:45:29.172,0.72143,0.72148,1.12,1.00
2015.09.22 01:45:29.674,0.72143,0.72149,1.12,1.00
2015.09.22 01:45:30.390,0.72142,0.72149,1.00,1.00
2015.09.22 01:45:32.474,0.72141,0.72149,1.00,1.00
2015.09.22 01:45:33.252,0.7214,0.72149,1.00,1.50
2015.09.22 01:45:33.744,0.72142,0.72148,1.00,1.00
2015.09.22 01:45:34.407,0.72139,0.72148,1.87,1.00
2015.09.22 01:45:34.662,0.72142,0.72148,1.00,1.00
2015.09.22 01:45:35.172,0.72144,0.72148,1.00,1.00
2015.09.22 01:45:35.580,0.72144,0.72151,1.50,1.50
2015.09.22 01:45:35.734,0.72147,0.72151,1.00,1.00
2015.09.22 01:45:36.282,0.72147,0.72152,1.00,1.00
2015.09.22 01:45:36.831,0.72147,0.72153,1.00,1.00
2015.09.22 01:45:42.183,0.72146,0.72153,1.00,1.00
2015.09.22 01:45:42.775,0.72145,0.72153,1.00,1.00
2015.09.22 01:45:43.282,0.72145,0.72152,1.00,1.00
2015.09.22 01:45:44.389,0.72146,0.72152,1.00,1.50
2015.09.22 01:45:49.088,0.72146,0.72151,1.00,1.00
2015.09.22 01:45:54.386,0.72146,0.72152,1.00,2.25
2015.09.22 01:45:55.106,0.72145,0.72152,1.50,2.25
2015.09.22 01:46:00.436,0.72146,0.72152,1.00,1.50
2015.09.22 01:46:00.945,0.72145,0.72152,1.50,1.00
2015.09.22 01:46:03.180,0.72145,0.7215,1.50,1.00
2015.09.22 01:46:07.675,0.72146,0.7215,1.00,1.00
2015.09.22 01:46:08.374,0.72145,0.7215,1.00,1.00
2015.09.22 01:46:09.578,0.72146,0.7215,1.00,1.00
2015.09.22 01:46:10.157,0.72144,0.7215,1.12,1.00
2015.09.22 01:46:10.752,0.72145,0.7215,1.00,1.50
2015.09.22 01:46:11.262,0.72144,0.7215,1.00,1.50
2015.09.22 01:46:11.619,0.72144,0.72148,1.00,1.00
2015.09.22 01:46:11.670,0.72142,0.72148,1.87,1.00
2015.09.22 01:46:12.469,0.72145,0.72149,1.00,1.00
2015.09.22 01:46:12.644,0.72145,0.7215,1.00,1.50
2015.09.22 01:46:13.172,0.72145,0.72149,1.00,1.00
2015.09.22 01:46:13.709,0.72144,0.72149,1.00,1.00
2015.09.22 01:46:14.597,0.72144,0.72151,1.00,1.50
2015.09.22 01:46:17.487,0.72144,0.7215,1.00,1.00
2015.09.22 01:46:17.996,0.72143,0.72148,1.50,1.00
2015.09.22 01:46:18.690,0.72144,0.72149,1.00,1.00
2015.09.22 01:46:19.201,0.72144,0.7215,1.00,2.25
2015.09.22 01:46:19.733,0.72143,0.7215,1.12,2.25
2015.09.22 01:46:20.265,0.72141,0.72149,1.00,1.00
2015.09.22 01:46:20.585,0.72143,0.72149,1.00,1.00
2015.09.22 01:46:21.108,0.72143,0.72148,1.00,1.50
2015.09.22 01:46:21.627,0.72143,0.72149,1.00,1.50
2015.09.22 01:46:24.071,0.72144,0.72149,1.00,1.50
2015.09.22 01:46:24.529,0.72145,0.72151,1.00,2.25
2015.09.22 01:46:25.559,0.72144,0.7215,1.00,1.00
2015.09.22 01:46:26.326,0.72145,0.7215,1.00,1.50
2015.09.22 01:46:27.146,0.72144,0.72149,1.50,1.00
2015.09.22 01:46:27.928,0.72145,0.72149,1.00,1.00
2015.09.22 01:46:28.666,0.72145,0.7215,1.00,1.00
2015.09.22 01:46:30.072,0.72146,0.7215,1.00,1.00
2015.09.22 01:46:30.786,0.72145,0.7215,1.00,1.00
2015.09.22 01:46:31.296,0.72144,0.7215,1.00,1.50
2015.09.22 01:46:31.865,0.72145,0.7215,1.00,1.50
2015.09.22 01:46:33.491,0.72146,0.7215,1.00,1.50
2015.09.22 01:46:34.098,0.72144,0.7215,1.00,1.50
2015.09.22 01:46:34.606,0.72145,0.7215,1.00,1.00
2015.09.22 01:46:35.978,0.72145,0.72151,1.00,1.00
2015.09.22 01:46:36.502,0.72146,0.72151,1.00,1.00
2015.09.22 01:46:37.009,0.72147,0.72151,1.00,1.00
2015.09.22 01:46:37.337,0.72144,0.72152,1.00,1.50
2015.09.22 01:46:37.905,0.72145,0.72152,1.00,1.50
2015.09.22 01:46:41.826,0.72144,0.72152,1.12,1.50
2015.09.22 01:46:42.330,0.72144,0.72151,1.12,1.00
2015.09.22 01:46:50.585,0.72143,0.72151,1.50,1.50
2015.09.22 01:46:51.003,0.72143,0.72149,1.50,1.00
2015.09.22 01:46:52.461,0.72142,0.72149,1.00,1.00
2015.09.22 01:46:52.768,0.72142,0.72147,1.00,1.50
2015.09.22 01:46:53.074,0.7214,0.72147,1.12,1.00
2015.09.22 01:46:53.614,0.72141,0.72147,1.00,1.00
2015.09.22 01:46:56.421,0.72141,0.72146,1.00,1.00
2015.09.22 01:47:00.505,0.72141,0.72147,1.00,1.00
2015.09.22 01:47:12.119,0.72141,0.72146,1.00,1.00
2015.09.22 01:47:19.244,0.7214,0.72146,1.00,1.00
2015.09.22 01:47:24.646,0.72142,0.72146,1.00,1.00
2015.09.22 01:47:24.952,0.7214,0.72146,1.00,1.00
2015.09.22 01:47:26.308,0.7214,0.72147,1.00,1.50
2015.09.22 01:47:28.158,0.7214,0.72146,1.00,1.00
2015.09.22 01:47:31.414,0.7214,0.72147,1.00,1.50
2015.09.22 01:47:31.922,0.72141,0.72147,1.00,1.00
2015.09.22 01:47:33.538,0.72139,0.72147,1.87,1.00
2015.09.22 01:47:34.235,0.72139,0.72146,1.87,1.00
2015.09.22 01:47:37.426,0.72139,0.72147,1.12,1.50
2015.09.22 01:47:37.961,0.7214,0.72147,1.00,1.00
2015.09.22 01:48:07.707,0.7214,0.72146,1.87,1.00
2015.09.22 01:48:13.256,0.72141,0.72146,1.00,1.00
2015.09.22 01:48:14.120,0.7214,0.72146,1.00,1.00
2015.09.22 01:48:17.525,0.7214,0.72148,1.00,1.50
2015.09.22 01:48:20.054,0.7214,0.72146,1.00,1.00
2015.09.22 01:48:20.360,0.72142,0.72149,1.00,1.00
2015.09.22 01:48:20.462,0.72145,0.72149,1.00,1.00
2015.09.22 01:48:20.974,0.72143,0.72151,1.00,1.00
2015.09.22 01:48:21.583,0.72143,0.7215,1.00,1.00
2015.09.22 01:48:22.571,0.72144,0.7215,1.00,1.00
2015.09.22 01:48:32.205,0.72145,0.7215,1.00,1.00
2015.09.22 01:48:33.235,0.72144,0.7215,1.00,1.00
2015.09.22 01:48:37.947,0.72145,0.7215,1.00,1.00
2015.09.22 01:48:40.351,0.72144,0.7215,1.00,1.00
2015.09.22 01:48:41.038,0.72145,0.7215,1.00,1.00
2015.09.22 01:48:42.358,0.72145,0.72151,1.00,1.00
2015.09.22 01:48:43.009,0.72145,0.72152,1.00,1.00
2015.09.22 01:48:43.265,0.72147,0.72152,1.00,1.00
2015.09.22 01:48:43.953,0.72147,0.72153,1.00,1.00
2015.09.22 01:48:44.470,0.72148,0.72154,1.00,1.00
2015.09.22 01:48:45.082,0.72149,0.72154,1.00,1.00
2015.09.22 01:48:45.136,0.72147,0.72154,1.00,1.00
2015.09.22 01:48:45.600,0.72146,0.72152,1.50,1.00
2015.09.22 01:48:48.478,0.72147,0.72152,1.00,1.00
2015.09.22 01:48:48.975,0.72147,0.72154,1.50,1.00
2015.09.22 01:48:49.695,0.72147,0.72153,1.50,1.00
2015.09.22 01:48:52.592,0.72149,0.72155,1.00,1.50
2015.09.22 01:48:52.899,0.72152,0.72159,1.00,1.50
2015.09.22 01:48:53.577,0.72151,0.72158,1.00,1.00
2015.09.22 01:48:53.680,0.7215,0.72154,1.50,1.00
2015.09.22 01:48:53.784,0.72148,0.72154,1.87,1.00
2015.09.22 01:48:55.038,0.72149,0.72154,1.00,1.00
2015.09.22 01:48:55.560,0.72147,0.72153,1.12,1.00
2015.09.22 01:48:56.204,0.72145,0.72153,1.12,1.50
2015.09.22 01:48:56.306,0.72147,0.72153,1.00,1.00
2015.09.22 01:48:56.615,0.72149,0.72154,1.00,1.00
2015.09.22 01:48:57.174,0.72149,0.72155,1.00,1.50
2015.09.22 01:48:57.682,0.72148,0.72154,1.00,1.00
2015.09.22 01:49:00.383,0.7215,0.72155,1.00,1.50
2015.09.22 01:49:01.068,0.72149,0.72155,1.87,1.50
2015.09.22 01:49:04.697,0.72147,0.72154,1.12,1.00
2015.09.22 01:49:06.293,0.72148,0.72154,1.00,1.00
2015.09.22 01:49:06.802,0.72149,0.72155,1.50,1.00
2015.09.22 01:49:07.404,0.72152,0.72156,1.00,1.00
2015.09.22 01:49:07.608,0.7215,0.72155,1.00,1.00
2015.09.22 01:49:08.117,0.72149,0.72156,1.00,1.00
2015.09.22 01:49:09.063,0.72149,0.72154,1.00,1.00
2015.09.22 01:49:09.123,0.72145,0.72153,2.62,1.00
2015.09.22 01:49:09.175,0.72147,0.72154,1.00,1.00
2015.09.22 01:49:09.531,0.72148,0.72158,1.00,2.25
2015.09.22 01:49:09.837,0.72148,0.72156,1.50,1.00
2015.09.22 01:49:10.299,0.72151,0.72156,1.00,1.00
2015.09.22 01:49:10.814,0.7215,0.72157,1.00,1.50
2015.09.22 01:49:11.389,0.7215,0.72158,1.00,1.00
2015.09.22 01:49:12.319,0.72149,0.72158,1.50,1.00
2015.09.22 01:49:12.896,0.72149,0.72156,1.00,1.00
2015.09.22 01:49:13.202,0.72149,0.72154,1.00,1.00
2015.09.22 01:49:13.788,0.72149,0.72156,1.00,1.00
2015.09.22 01:49:14.822,0.7215,0.72156,1.00,1.00
2015.09.22 01:49:15.423,0.72149,0.72156,1.00,1.50
2015.09.22 01:49:15.931,0.7215,0.72156,1.00,1.50
2015.09.22 01:49:17.340,0.7215,0.72157,1.00,1.50
2015.09.22 01:49:17.873,0.72149,0.72156,1.00,1.00
2015.09.22 01:49:18.788,0.7215,0.72156,1.00,1.50
2015.09.22 01:49:19.303,0.72149,0.72156,1.12,1.50
2015.09.22 01:49:20.548,0.7215,0.72156,1.00,1.50
2015.09.22 01:49:21.093,0.72149,0.72156,1.12,1.50
2015.09.22 01:49:23.354,0.7215,0.72156,1.00,1.00
2015.09.22 01:49:25.366,0.7215,0.72157,1.12,1.50
2015.09.22 01:49:26.002,0.72151,0.72157,1.00,1.50
2015.09.22 01:49:26.531,0.7215,0.72157,1.87,1.50
2015.09.22 01:49:26.685,0.72152,0.72157,1.00,1.00
2015.09.22 01:49:27.193,0.72151,0.72158,1.00,1.50
2015.09.22 01:49:28.176,0.72153,0.72158,1.00,1.50
2015.09.22 01:49:28.686,0.72154,0.72159,1.00,1.50
2015.09.22 01:49:29.231,0.72153,0.72159,1.00,1.00
2015.09.22 01:49:31.400,0.72153,0.7216,1.00,2.25
2015.09.22 01:49:34.111,0.72154,0.7216,1.00,1.50
2015.09.22 01:49:34.417,0.72157,0.72162,1.00,1.50
2015.09.22 01:49:34.905,0.72158,0.72164,1.00,1.00
2015.09.22 01:49:38.571,0.72157,0.72164,1.50,1.50
2015.09.22 01:49:40.056,0.72158,0.72164,1.00,1.50
2015.09.22 01:49:40.632,0.72157,0.72164,1.50,1.50
2015.09.22 01:49:54.778,0.72158,0.72164,1.00,1.50
2015.09.22 01:49:57.167,0.72156,0.72164,1.87,1.50
2015.09.22 01:49:57.371,0.72156,0.72162,1.87,1.00
2015.09.22 01:49:58.379,0.72156,0.72162,1.00,1.00
2015.09.22 01:49:58.906,0.72157,0.72162,1.00,1.00
2015.09.22 01:50:09.390,0.72158,0.72162,1.00,1.50
2015.09.22 01:50:09.493,0.72158,0.72164,1.50,2.25
2015.09.22 01:50:10.001,0.72159,0.72164,1.00,1.00
2015.09.22 01:50:10.743,0.72159,0.72165,1.00,1.00
2015.09.22 01:50:11.269,0.72159,0.72166,1.00,1.50
2015.09.22 01:50:11.576,0.72159,0.72164,1.00,1.00
2015.09.22 01:50:11.983,0.72159,0.72166,1.00,1.00
2015.09.22 01:50:12.034,0.72162,0.72166,1.00,1.00
2015.09.22 01:50:12.531,0.7216,0.72167,1.50,1.50
2015.09.22 01:50:12.740,0.72163,0.72167,1.00,1.50
2015.09.22 01:50:13.048,0.72161,0.72167,1.00,1.00
2015.09.22 01:50:13.558,0.72162,0.72167,1.50,1.00
2015.09.22 01:50:14.150,0.72162,0.72166,1.00,1.00
2015.09.22 01:50:14.534,0.72163,0.72169,1.00,1.50
2015.09.22 01:50:15.045,0.72163,0.72168,1.00,1.00
2015.09.22 01:50:15.554,0.72162,0.72169,1.50,1.50
2015.09.22 01:50:16.048,0.7216,0.72168,1.00,1.50
2015.09.22 01:50:17.015,0.7216,0.72167,1.00,1.50
2015.09.22 01:50:20.707,0.72164,0.72168,1.00,1.50
2015.09.22 01:50:21.272,0.72164,0.72169,1.00,1.00
2015.09.22 01:50:21.794,0.72163,0.72169,1.00,1.00
2015.09.22 01:50:22.150,0.72161,0.72169,1.00,1.00
2015.09.22 01:50:22.867,0.7216,0.72169,1.50,1.50
2015.09.22 01:50:23.224,0.7216,0.72167,1.00,2.25
2015.09.22 01:50:23.734,0.72161,0.72168,1.00,1.50
2015.09.22 01:50:24.522,0.72161,0.72167,1.50,1.00
2015.09.22 01:50:25.694,0.7216,0.72167,2.25,1.00
2015.09.22 01:50:26.242,0.7216,0.72166,1.50,1.00
2015.09.22 01:50:26.593,0.7216,0.72168,2.25,1.50
2015.09.22 01:50:27.102,0.72161,0.72168,1.00,1.50
2015.09.22 01:50:27.305,0.72164,0.72168,1.00,1.00
2015.09.22 01:50:27.814,0.72164,0.72169,1.00,1.00
2015.09.22 01:50:28.207,0.72161,0.72169,1.00,1.50
2015.09.22 01:50:28.774,0.72161,0.72168,1.00,1.00
2015.09.22 01:50:29.282,0.7216,0.72168,1.50,1.00
2015.09.22 01:50:32.154,0.72161,0.72168,1.00,1.00
2015.09.22 01:50:34.127,0.72163,0.72168,1.00,1.00
2015.09.22 01:50:34.875,0.72161,0.72168,1.00,1.00
2015.09.22 01:50:35.385,0.72162,0.72168,1.00,1.00
2015.09.22 01:50:35.646,0.7216,0.72168,1.50,1.00
2015.09.22 01:50:37.293,0.72161,0.72168,1.00,1.00
2015.09.22 01:50:37.803,0.7216,0.72168,2.25,1.00
2015.09.22 01:50:38.945,0.72159,0.72168,2.25,1.00
2015.09.22 01:50:39.301,0.72159,0.72166,1.50,1.00
2015.09.22 01:50:40.657,0.72163,0.72167,1.00,1.50
2015.09.22 01:50:40.760,0.72163,0.72168,1.00,1.50
2015.09.22 01:50:41.727,0.72161,0.72168,1.00,1.50
2015.09.22 01:50:43.028,0.72161,0.72167,1.00,1.00
2015.09.22 01:50:44.369,0.7216,0.72167,1.00,1.00
2015.09.22 01:50:46.982,0.72162,0.72167,1.00,1.00
2015.09.22 01:50:47.238,0.72162,0.72169,1.50,1.50
2015.09.22 01:50:47.754,0.72161,0.72168,1.50,1.00
2015.09.22 01:50:48.269,0.72162,0.72168,1.00,1.00
2015.09.22 01:50:48.575,0.7216,0.72167,1.50,1.00
2015.09.22 01:50:49.784,0.72161,0.72167,1.00,1.00
2015.09.22 01:50:51.616,0.7216,0.72167,1.50,1.00
2015.09.22 01:50:53.253,0.7216,0.72166,1.00,1.00
2015.09.22 01:50:53.799,0.72161,0.72165,1.50,1.00
2015.09.22 01:50:53.952,0.72161,0.72167,1.50,2.25
2015.09.22 01:50:54.105,0.72163,0.72167,1.00,1.50
2015.09.22 01:50:54.613,0.72161,0.72168,1.00,1.00
2015.09.22 01:50:55.121,0.7216,0.72167,1.50,1.00
2015.09.22 01:50:55.911,0.72159,0.72167,1.50,1.00
2015.09.22 01:50:56.219,0.72159,0.72165,1.50,1.00
2015.09.22 01:50:56.475,0.72161,0.72168,1.00,1.50
2015.09.22 01:50:59.176,0.72161,0.72169,1.00,2.25
2015.09.22 01:51:00.371,0.72162,0.72169,1.00,2.25
2015.09.22 01:51:01.480,0.72162,0.7217,1.50,1.50
2015.09.22 01:51:02.387,0.72162,0.72169,2.25,1.00
2015.09.22 01:51:02.925,0.72164,0.72169,1.00,2.25
2015.09.22 01:51:04.191,0.72163,0.72167,1.00,1.00
2015.09.22 01:51:04.245,0.7216,0.72167,1.50,1.50
2015.09.22 01:51:04.501,0.72159,0.72165,1.00,1.00
2015.09.22 01:51:05.245,0.72158,0.72165,1.87,1.50
2015.09.22 01:51:06.755,0.7216,0.72165,1.00,1.50
2015.09.22 01:51:07.266,0.72161,0.72166,1.00,1.50
2015.09.22 01:51:07.812,0.72159,0.72167,1.87,1.00
2015.09.22 01:51:08.448,0.72161,0.72167,1.00,1.00
2015.09.22 01:51:08.944,0.72159,0.72167,1.50,1.00
2015.09.22 01:51:12.635,0.7216,0.72168,1.00,1.50
2015.09.22 01:51:13.146,0.72161,0.72168,1.50,1.50
2015.09.22 01:51:13.941,0.72161,0.72167,1.00,1.00
2015.09.22 01:51:13.992,0.72159,0.72167,1.12,1.00
2015.09.22 01:51:14.573,0.72159,0.72166,1.87,2.25
2015.09.22 01:51:16.334,0.72159,0.72164,1.50,1.00
2015.09.22 01:51:18.913,0.72159,0.72165,1.50,1.50
2015.09.22 01:51:19.423,0.7216,0.72166,1.00,1.00
2015.09.22 01:51:20.009,0.72159,0.72167,1.12,1.50
2015.09.22 01:51:20.536,0.72158,0.72166,1.50,1.00
2015.09.22 01:51:24.074,0.72159,0.72166,1.00,1.00
2015.09.22 01:51:24.432,0.72161,0.72166,1.00,1.00
2015.09.22 01:51:24.586,0.72161,0.72168,1.00,2.25
2015.09.22 01:51:25.311,0.72159,0.72168,1.50,2.25
2015.09.22 01:51:27.832,0.7216,0.72168,1.00,1.50
2015.09.22 01:51:33.635,0.72161,0.72167,1.00,1.00
2015.09.22 01:51:35.329,0.7216,0.72167,1.00,1.00
2015.09.22 01:51:36.519,0.72157,0.72165,1.37,1.00
2015.09.22 01:51:37.030,0.72158,0.72164,1.00,1.00
2015.09.22 01:51:37.081,0.72156,0.72164,1.50,1.00
2015.09.22 01:51:37.805,0.72154,0.72162,2.25,1.00
2015.09.22 01:51:38.503,0.72154,0.72161,1.50,1.00
2015.09.22 01:51:44.322,0.72155,0.72161,1.00,1.00
2015.09.22 01:51:46.612,0.72153,0.72161,2.25,1.00
2015.09.22 01:51:46.961,0.72155,0.72161,1.00,1.00
2015.09.22 01:51:47.624,0.72155,0.72163,1.00,2.25
2015.09.22 01:51:48.508,0.72155,0.72162,1.00,1.00
2015.09.22 01:51:50.343,0.72154,0.72162,1.50,1.00
2015.09.22 01:51:51.921,0.72154,0.72161,1.50,1.00
2015.09.22 01:51:57.509,0.72156,0.72162,1.00,1.00
2015.09.22 01:51:57.967,0.72158,0.72162,1.50,1.00
2015.09.22 01:51:58.515,0.72158,0.72164,1.00,1.50
2015.09.22 01:52:00.257,0.72157,0.72162,1.00,1.00
2015.09.22 01:52:00.824,0.72156,0.72162,1.00,1.00
2015.09.22 01:52:02.231,0.72156,0.72163,1.00,1.00
2015.09.22 01:52:02.738,0.72157,0.72163,1.00,1.00
2015.09.22 01:52:03.464,0.72159,0.72164,1.00,1.00
2015.09.22 01:52:03.973,0.72159,0.72163,1.00,1.00
2015.09.22 01:52:04.337,0.72156,0.72163,1.00,1.00
2015.09.22 01:52:04.694,0.72159,0.72163,1.00,1.00
2015.09.22 01:52:05.092,0.72159,0.72164,1.00,1.50
2015.09.22 01:52:05.150,0.72157,0.72161,1.00,1.00
2015.09.22 01:52:05.252,0.72154,0.72161,1.00,1.00
2015.09.22 01:52:05.983,0.72153,0.72161,1.50,1.00
2015.09.22 01:52:07.199,0.72154,0.72161,1.00,1.00
2015.09.22 01:52:11.099,0.72153,0.72161,2.62,1.00
2015.09.22 01:52:16.952,0.72153,0.7216,1.50,1.00
2015.09.22 01:52:21.853,0.72152,0.7216,1.00,1.00
2015.09.22 01:52:22.376,0.72154,0.7216,1.00,2.25
2015.09.22 01:52:22.885,0.72153,0.7216,1.00,2.25
2015.09.22 01:52:24.492,0.72152,0.7216,2.25,2.25
2015.09.22 01:52:27.320,0.72151,0.7216,1.87,3.00
2015.09.22 01:52:27.660,0.72151,0.72158,1.00,1.50
2015.09.22 01:52:27.969,0.72151,0.72156,1.00,1.00
2015.09.22 01:52:28.478,0.72152,0.72157,1.00,1.00
2015.09.22 01:52:29.755,0.72151,0.72157,1.50,1.00
2015.09.22 01:52:30.288,0.7215,0.72158,1.50,2.25
2015.09.22 01:52:30.752,0.7215,0.72156,1.50,1.00
2015.09.22 01:52:31.378,0.72151,0.72156,1.00,1.00
2015.09.22 01:52:31.480,0.72151,0.72158,1.50,1.50
2015.09.22 01:52:38.399,0.72151,0.72159,1.50,1.50
2015.09.22 01:52:38.808,0.72151,0.72157,1.00,1.00
2015.09.22 01:52:40.459,0.7215,0.72157,1.50,1.00
2015.09.22 01:52:41.664,0.7215,0.72155,1.00,1.00
2015.09.22 01:52:41.970,0.72143,0.72149,1.00,1.00
2015.09.22 01:52:42.073,0.72141,0.72148,1.00,1.00
2015.09.22 01:52:42.752,0.72141,0.72149,1.00,1.00
2015.09.22 01:52:42.956,0.72143,0.72149,1.00,1.00
2015.09.22 01:52:43.362,0.72145,0.7215,1.00,1.50
2015.09.22 01:52:44.431,0.72145,0.72151,1.00,1.50
2015.09.22 01:52:44.845,0.72147,0.72151,1.00,1.00
2015.09.22 01:52:45.356,0.72147,0.72152,1.00,1.00
2015.09.22 01:52:46.185,0.72146,0.72152,1.00,1.00
2015.09.22 01:52:46.799,0.72145,0.72152,1.00,1.50
2015.09.22 01:52:47.258,0.72147,0.72152,1.00,1.50
2015.09.22 01:52:47.586,0.72149,0.72153,1.50,1.50
2015.09.22 01:52:48.044,0.72147,0.72154,1.00,1.50
2015.09.22 01:52:49.055,0.72148,0.72154,1.00,1.50
2015.09.22 01:52:49.575,0.72147,0.72154,1.00,1.50
2015.09.22 01:53:02.373,0.72148,0.72154,1.00,1.00
2015.09.22 01:53:02.924,0.72148,0.72153,1.00,1.50
2015.09.22 01:53:04.702,0.72146,0.72153,1.87,1.50
2015.09.22 01:53:05.523,0.72147,0.72153,1.00,1.50
2015.09.22 01:53:06.031,0.72148,0.72153,1.00,1.50
2015.09.22 01:53:07.463,0.72146,0.72153,1.50,1.50
2015.09.22 01:53:08.220,0.72147,0.72153,1.00,1.50
2015.09.22 01:53:11.342,0.72148,0.72153,1.00,1.00
2015.09.22 01:53:11.393,0.7215,0.72155,1.00,1.50
2015.09.22 01:53:11.998,0.72151,0.72155,1.00,1.50
2015.09.22 01:53:12.253,0.72152,0.72157,1.50,3.00
2015.09.22 01:53:14.730,0.72151,0.72157,1.00,1.00
2015.09.22 01:53:14.832,0.72149,0.72157,1.50,1.50
2015.09.22 01:53:15.239,0.72148,0.72155,1.50,1.00
2015.09.22 01:53:15.747,0.72149,0.72155,1.00,1.00
2015.09.22 01:53:16.733,0.72149,0.72156,1.00,1.50
2015.09.22 01:53:17.258,0.7215,0.72155,1.00,1.00
2015.09.22 01:53:17.717,0.72151,0.72157,1.00,1.50
2015.09.22 01:53:18.269,0.7215,0.72157,1.50,1.50
2015.09.22 01:53:18.814,0.7215,0.72156,1.00,1.00
2015.09.22 01:53:25.548,0.72152,0.72156,1.00,1.00
2015.09.22 01:53:25.928,0.7215,0.72156,1.00,1.00
2015.09.22 01:53:26.583,0.72151,0.72156,1.00,1.00
2015.09.22 01:53:27.091,0.7215,0.72157,1.00,1.50
2015.09.22 01:53:27.295,0.72148,0.72156,1.12,1.50
2015.09.22 01:53:28.010,0.72146,0.72154,1.50,1.00
2015.09.22 01:53:28.521,0.72146,0.72153,1.50,1.00
2015.09.22 01:53:29.104,0.72146,0.72152,1.50,1.00
2015.09.22 01:53:29.997,0.72146,0.72151,1.00,1.00
2015.09.22 01:53:30.507,0.72146,0.72152,1.00,1.00
2015.09.22 01:53:35.032,0.72144,0.72152,2.62,1.00
2015.09.22 01:53:35.236,0.72145,0.7215,1.00,1.00
2015.09.22 01:53:36.122,0.72146,0.7215,1.00,1.00
2015.09.22 01:53:37.501,0.72145,0.7215,1.00,1.00
2015.09.22 01:53:37.910,0.72145,0.72152,1.00,1.00
2015.09.22 01:53:38.970,0.72145,0.72151,1.00,1.00
2015.09.22 01:53:39.632,0.72147,0.72152,1.00,1.00
2015.09.22 01:53:40.341,0.72145,0.72152,1.50,1.00
2015.09.22 01:53:40.444,0.72147,0.72152,1.00,1.00
2015.09.22 01:53:42.311,0.72145,0.72152,2.25,1.00
2015.09.22 01:53:42.853,0.72146,0.72152,1.00,1.00
2015.09.22 01:53:45.060,0.72146,0.72153,2.25,1.00
2015.09.22 01:53:52.847,0.72145,0.72153,1.00,1.00
2015.09.22 01:53:53.203,0.72144,0.72151,2.62,1.00
2015.09.22 01:53:54.252,0.72145,0.72151,1.00,1.00
2015.09.22 01:53:55.149,0.72146,0.72151,1.00,1.00
2015.09.22 01:53:55.504,0.72146,0.72153,1.00,1.00
2015.09.22 01:53:56.044,0.72146,0.72154,1.50,1.50
2015.09.22 01:53:56.253,0.72146,0.72152,1.50,1.00
2015.09.22 01:53:56.900,0.72146,0.72154,1.50,1.00
2015.09.22 01:53:57.402,0.72146,0.72153,1.50,1.00
2015.09.22 01:54:05.659,0.72148,0.72153,1.00,1.00
2015.09.22 01:54:06.261,0.72148,0.72154,1.00,1.50
2015.09.22 01:54:08.302,0.72147,0.72154,2.25,1.50
2015.09.22 01:54:11.917,0.72147,0.72154,2.62,1.50
2015.09.22 01:54:14.955,0.72147,0.72154,2.25,1.50
2015.09.22 01:54:17.564,0.72148,0.72154,1.00,1.50
2015.09.22 01:54:20.093,0.72147,0.72154,1.50,1.50
2015.09.22 01:54:22.041,0.72147,0.72154,1.87,1.50
2015.09.22 01:54:25.082,0.72147,0.72154,1.00,1.50
2015.09.22 01:54:31.120,0.72146,0.72152,1.87,1.00
2015.09.22 01:54:32.125,0.72146,0.72153,1.87,1.00
2015.09.22 01:54:32.583,0.72146,0.7215,1.12,1.00
2015.09.22 01:54:33.388,0.72145,0.72152,1.50,1.50
2015.09.22 01:54:34.883,0.72146,0.72153,1.00,1.50
2015.09.22 01:54:35.435,0.72147,0.72153,1.00,1.00
2015.09.22 01:54:45.392,0.72146,0.72153,1.50,1.00
2015.09.22 01:54:45.896,0.72146,0.72151,1.00,1.00
2015.09.22 01:54:45.947,0.72143,0.72151,2.62,1.00
2015.09.22 01:54:46.203,0.72143,0.72149,2.25,1.00
2015.09.22 01:54:46.593,0.72145,0.72151,1.00,2.25
2015.09.22 01:54:47.104,0.72146,0.72151,1.00,1.50
2015.09.22 01:54:47.359,0.72146,0.72153,1.00,1.50
2015.09.22 01:54:47.873,0.72147,0.72154,1.00,1.50
2015.09.22 01:54:48.301,0.72146,0.72152,1.50,1.00
2015.09.22 01:54:50.442,0.72145,0.72152,1.87,1.00
2015.09.22 01:54:50.961,0.72145,0.72151,1.12,1.00
2015.09.22 01:54:53.109,0.72146,0.72151,1.00,1.00
2015.09.22 01:54:53.441,0.72148,0.72152,1.00,1.00
2015.09.22 01:54:53.595,0.72147,0.72153,1.00,1.00
2015.09.22 01:54:56.016,0.72146,0.72153,1.00,1.00
2015.09.22 01:55:01.850,0.72145,0.72153,1.12,1.00
2015.09.22 01:55:03.227,0.72146,0.72153,1.00,1.00
2015.09.22 01:55:03.736,0.72147,0.72152,1.00,1.00
2015.09.22 01:55:04.971,0.72146,0.72152,1.00,1.00
2015.09.22 01:55:06.245,0.72145,0.72152,1.00,1.00
2015.09.22 01:55:06.755,0.72144,0.72151,1.00,1.00
2015.09.22 01:55:08.923,0.72144,0.72151,1.37,1.00
2015.09.22 01:55:09.688,0.72145,0.72152,1.12,1.00
2015.09.22 01:55:09.748,0.72147,0.72152,1.00,1.00
2015.09.22 01:55:10.205,0.72147,0.72154,1.00,1.50
2015.09.22 01:55:10.713,0.72146,0.72154,1.12,1.00
2015.09.22 01:55:12.062,0.72146,0.72153,1.00,1.00
2015.09.22 01:55:15.587,0.72147,0.72153,1.00,1.00
2015.09.22 01:55:16.883,0.72148,0.72153,1.00,1.00
2015.09.22 01:55:17.396,0.72149,0.72153,1.00,1.00
2015.09.22 01:55:18.048,0.72148,0.72155,1.00,1.50
2015.09.22 01:55:18.557,0.72148,0.72154,1.00,1.00
2015.09.22 01:55:18.660,0.72147,0.72152,1.12,1.00
2015.09.22 01:55:20.537,0.72146,0.72152,1.50,1.00
2015.09.22 01:55:22.176,0.72147,0.72152,1.00,1.00
2015.09.22 01:55:23.689,0.72147,0.72154,1.12,1.00
2015.09.22 01:55:24.214,0.72148,0.72154,1.00,1.00
2015.09.22 01:55:25.419,0.72146,0.72154,1.37,1.00
2015.09.22 01:55:26.587,0.72148,0.72154,1.00,1.00
2015.09.22 01:55:29.995,0.72149,0.72154,1.12,1.00
2015.09.22 01:55:30.537,0.72148,0.72155,1.12,1.50
2015.09.22 01:55:31.047,0.72149,0.72155,1.00,1.50
2015.09.22 01:55:36.929,0.72148,0.72155,1.00,1.50
2015.09.22 01:55:41.949,0.72149,0.72155,1.00,1.50
2015.09.22 01:55:43.025,0.72148,0.72155,1.00,1.50
2015.09.22 01:55:43.840,0.72147,0.72155,1.12,1.50
2015.09.22 01:55:46.375,0.72147,0.72153,1.12,1.00
2015.09.22 01:55:48.194,0.72146,0.72153,1.00,1.00
2015.09.22 01:55:48.695,0.72145,0.72152,1.12,1.00
2015.09.22 01:55:49.238,0.72146,0.72152,1.50,1.00
2015.09.22 01:55:51.616,0.72148,0.72152,1.00,1.00
2015.09.22 01:55:52.291,0.72148,0.72154,1.00,1.50
2015.09.22 01:55:53.007,0.72149,0.72154,1.00,1.50
2015.09.22 01:55:53.466,0.72149,0.72156,1.00,1.50
2015.09.22 01:55:54.692,0.72148,0.72155,1.00,1.00
2015.09.22 01:55:56.639,0.72147,0.72154,1.00,1.00
2015.09.22 01:55:57.590,0.72147,0.72153,1.50,1.00
2015.09.22 01:55:59.478,0.72148,0.72153,1.00,1.00
2015.09.22 01:55:59.681,0.72148,0.72155,1.50,2.25
2015.09.22 01:56:00.377,0.72148,0.72153,1.50,1.00
2015.09.22 01:56:01.255,0.72147,0.72153,1.00,1.00
2015.09.22 01:56:01.795,0.72148,0.72153,1.00,1.00
2015.09.22 01:56:02.312,0.72149,0.72154,1.00,1.00
2015.09.22 01:56:05.197,0.72149,0.72156,1.00,1.50
2015.09.22 01:56:05.760,0.7215,0.72156,1.00,1.50
2015.09.22 01:56:06.354,0.72149,0.72156,1.00,1.50
2015.09.22 01:56:08.946,0.72149,0.72154,1.00,1.00
2015.09.22 01:56:09.613,0.72149,0.72155,1.12,1.50
2015.09.22 01:56:11.109,0.72151,0.72158,1.00,1.50
2015.09.22 01:56:12.149,0.7215,0.72158,1.50,1.50
2015.09.22 01:56:12.404,0.7215,0.72156,1.00,1.00
2015.09.22 01:56:14.185,0.72149,0.72156,1.00,1.50
2015.09.22 01:56:17.618,0.7215,0.72157,1.50,1.50
2015.09.22 01:56:18.233,0.72151,0.72157,1.00,2.25
2015.09.22 01:56:18.773,0.7215,0.72157,1.12,2.25
2015.09.22 01:56:19.487,0.72149,0.72157,1.00,2.25
2015.09.22 01:56:20.040,0.72149,0.72156,1.00,1.50
2015.09.22 01:56:20.548,0.72147,0.72156,1.87,1.50
2015.09.22 01:56:21.094,0.72147,0.72154,2.62,1.50
2015.09.22 01:56:21.962,0.72147,0.72153,2.25,1.00
2015.09.22 01:56:23.481,0.72149,0.72153,1.00,1.00
2015.09.22 01:56:24.675,0.72149,0.72154,1.50,1.00
2015.09.22 01:56:25.760,0.72149,0.72156,1.00,1.50
2015.09.22 01:56:30.564,0.72149,0.72156,1.37,1.50
2015.09.22 01:56:32.560,0.72149,0.72156,1.00,1.50
2015.09.22 01:56:34.177,0.7215,0.72156,1.00,1.50
2015.09.22 01:56:37.317,0.72151,0.72156,1.00,1.00
2015.09.22 01:56:40.317,0.7215,0.72156,1.00,1.00
2015.09.22 01:56:45.715,0.72152,0.72156,1.00,1.00
2015.09.22 01:56:49.321,0.7215,0.72156,1.50,1.00
2015.09.22 01:56:54.070,0.72152,0.72156,1.00,1.50
2015.09.22 01:56:54.273,0.72153,0.72158,1.00,1.50
2015.09.22 01:56:59.181,0.72151,0.72158,1.00,1.50
2015.09.22 01:56:59.722,0.72151,0.72157,1.00,1.00
2015.09.22 01:57:00.232,0.7215,0.72156,1.00,1.00
2015.09.22 01:57:00.820,0.72151,0.72156,1.00,1.00
2015.09.22 01:57:04.376,0.7215,0.72156,1.50,1.00
2015.09.22 01:57:05.808,0.7215,0.72158,1.50,2.25
2015.09.22 01:57:06.736,0.7215,0.72157,1.50,1.00
2015.09.22 01:57:07.257,0.72151,0.72157,1.00,1.50
2015.09.22 01:57:07.765,0.7215,0.72157,1.50,1.50
2015.09.22 01:57:09.297,0.72149,0.72157,1.50,1.50
2015.09.22 01:57:09.856,0.7215,0.72157,1.00,1.50
2015.09.22 01:57:11.980,0.72151,0.72157,1.00,1.50
2015.09.22 01:57:13.117,0.7215,0.72157,1.00,1.50
2015.09.22 01:57:17.637,0.72151,0.72157,1.00,1.00
2015.09.22 01:57:22.345,0.72152,0.72157,1.00,1.00
2015.09.22 01:57:22.915,0.72151,0.72157,1.00,1.00
2015.09.22 01:57:23.424,0.7215,0.72157,1.50,1.00
2015.09.22 01:57:24.137,0.72151,0.72157,1.50,1.00
2015.09.22 01:57:25.142,0.7215,0.72157,1.50,1.00
2015.09.22 01:57:29.596,0.72151,0.72157,1.00,1.00
2015.09.22 01:57:36.079,0.72152,0.72157,1.00,1.00
2015.09.22 01:57:36.674,0.72151,0.72157,1.00,1.00
2015.09.22 01:57:37.185,0.7215,0.72157,1.50,1.00
2015.09.22 01:57:37.540,0.72152,0.72156,1.00,1.00
2015.09.22 01:57:37.853,0.7215,0.72156,1.00,1.00
2015.09.22 01:57:42.031,0.72152,0.72156,1.00,1.00
2015.09.22 01:57:42.716,0.72152,0.72157,1.00,1.50
2015.09.22 01:57:43.174,0.7215,0.72157,1.00,1.50
2015.09.22 01:57:43.831,0.7215,0.72156,1.00,1.00
2015.09.22 01:57:47.777,0.72149,0.72156,1.00,1.00
2015.09.22 01:57:48.326,0.7215,0.72156,1.00,1.00
2015.09.22 01:57:49.757,0.7215,0.72157,1.00,1.50
2015.09.22 01:57:49.859,0.72152,0.72157,1.00,1.50
2015.09.22 01:57:53.835,0.72153,0.72157,1.00,1.50
2015.09.22 01:57:55.156,0.72152,0.72157,1.00,1.50
2015.09.22 01:58:00.515,0.72153,0.72157,1.00,1.50
2015.09.22 01:58:00.947,0.72151,0.72157,1.00,1.50
2015.09.22 01:58:01.701,0.72152,0.72157,1.00,1.50
2015.09.22 01:58:02.223,0.72151,0.72157,1.00,1.50
2015.09.22 01:58:02.530,0.72149,0.72156,1.12,1.50
2015.09.22 01:58:03.040,0.72148,0.72155,1.50,1.00
2015.09.22 01:58:03.244,0.72148,0.72153,1.00,1.00
2015.09.22 01:58:03.449,0.72149,0.72155,1.00,2.25
2015.09.22 01:58:04.394,0.7215,0.72155,1.00,1.50
2015.09.22 01:58:04.929,0.72151,0.72155,1.00,1.00
2015.09.22 01:58:06.820,0.72149,0.72155,2.25,1.00
2015.09.22 01:58:07.329,0.7215,0.72155,1.00,1.00
2015.09.22 01:58:08.460,0.7215,0.72156,1.00,2.25
2015.09.22 01:58:10.878,0.72151,0.72156,1.00,2.25
2015.09.22 01:58:11.396,0.7215,0.72156,1.00,1.50
2015.09.22 01:58:11.904,0.72149,0.72156,1.00,1.50
2015.09.22 01:58:12.763,0.72147,0.72154,1.50,2.25
2015.09.22 01:58:13.288,0.72148,0.72153,1.00,1.50
2015.09.22 01:58:16.702,0.7215,0.72154,1.00,1.50
2015.09.22 01:58:16.805,0.7215,0.72155,1.00,1.00
2015.09.22 01:58:17.009,0.72152,0.72156,1.00,2.25
2015.09.22 01:58:17.162,0.72149,0.72155,1.00,1.00
2015.09.22 01:58:20.673,0.72148,0.72155,1.50,1.00
2015.09.22 01:58:22.816,0.7215,0.72155,1.00,1.50
2015.09.22 01:58:23.324,0.7215,0.72156,1.50,1.50
2015.09.22 01:58:24.190,0.72149,0.72156,1.00,1.50
2015.09.22 01:58:24.723,0.7215,0.72156,1.00,1.50
2015.09.22 01:58:25.236,0.72149,0.72155,1.00,1.00
2015.09.22 01:58:28.462,0.7215,0.72155,1.00,1.00
2015.09.22 01:58:28.990,0.72149,0.72155,1.00,1.00
2015.09.22 01:58:30.901,0.7215,0.72155,1.00,1.00
2015.09.22 01:58:32.370,0.72148,0.72155,1.12,1.00
2015.09.22 01:58:32.627,0.72146,0.72154,1.12,1.00
2015.09.22 01:58:33.242,0.72145,0.72153,1.87,1.00
2015.09.22 01:58:33.931,0.72145,0.72153,1.50,2.25
2015.09.22 01:58:34.474,0.72145,0.72152,1.50,1.00
2015.09.22 01:58:35.603,0.72146,0.72152,1.00,1.00
2015.09.22 01:58:37.427,0.72146,0.72151,1.00,1.50
2015.09.22 01:58:51.215,0.72145,0.72151,1.00,1.50
2015.09.22 01:58:58.399,0.72148,0.72152,1.00,1.50
2015.09.22 01:58:58.450,0.72148,0.72153,1.00,1.50
2015.09.22 01:58:58.793,0.7215,0.72155,1.00,1.00
2015.09.22 01:58:59.302,0.7215,0.72156,1.50,1.00
2015.09.22 01:59:02.025,0.72151,0.72156,1.00,1.00
2015.09.22 01:59:02.127,0.72149,0.72155,1.12,1.00
2015.09.22 01:59:02.535,0.72147,0.72154,1.12,1.00
2015.09.22 01:59:03.560,0.72146,0.72154,1.87,1.00
2015.09.22 01:59:04.069,0.72146,0.72153,1.12,1.50
2015.09.22 01:59:09.914,0.72147,0.72153,1.00,2.25
2015.09.22 01:59:10.495,0.72146,0.72153,1.50,2.25
2015.09.22 01:59:14.017,0.72145,0.72153,1.00,1.00
2015.09.22 01:59:14.374,0.72144,0.72151,1.12,1.00
2015.09.22 01:59:16.514,0.72146,0.72151,1.00,1.00
2015.09.22 01:59:16.962,0.72147,0.72152,1.37,1.00
2015.09.22 01:59:17.323,0.72148,0.72155,1.00,1.00
2015.09.22 01:59:17.731,0.7215,0.72155,1.00,1.00
2015.09.22 01:59:18.088,0.72148,0.72155,1.50,1.00
2015.09.22 01:59:18.608,0.72149,0.72155,1.00,1.00
2015.09.22 01:59:19.117,0.72148,0.72155,1.50,1.00
2015.09.22 01:59:19.893,0.72149,0.72155,1.00,1.00
2015.09.22 01:59:20.403,0.72149,0.72156,1.00,1.50
2015.09.22 01:59:21.671,0.72151,0.72156,1.00,1.00
2015.09.22 01:59:21.875,0.72149,0.72157,1.50,1.50
2015.09.22 01:59:23.245,0.7215,0.72157,1.00,1.50
2015.09.22 01:59:23.786,0.72149,0.72157,1.50,1.50
2015.09.22 01:59:24.500,0.7215,0.72157,1.00,1.50
2015.09.22 01:59:25.061,0.72151,0.72157,1.00,1.50
2015.09.22 01:59:25.904,0.72149,0.72157,2.62,2.25
2015.09.22 01:59:27.718,0.7215,0.72157,1.00,1.50
2015.09.22 01:59:28.566,0.72149,0.72157,1.87,1.50
2015.09.22 01:59:29.079,0.72148,0.72157,1.50,2.25
2015.09.22 01:59:29.823,0.72148,0.72156,1.50,1.00
2015.09.22 01:59:34.472,0.7215,0.72156,1.00,1.00
2015.09.22 01:59:36.125,0.72149,0.72156,1.00,1.00
2015.09.22 01:59:36.635,0.7215,0.72156,1.00,1.00
2015.09.22 01:59:37.144,0.72149,0.72156,1.00,1.00
2015.09.22 01:59:38.856,0.72148,0.72156,1.50,1.00
2015.09.22 01:59:39.568,0.72149,0.72156,1.00,1.00
2015.09.22 01:59:40.076,0.72148,0.72156,2.25,3.00
2015.09.22 01:59:40.601,0.72148,0.72155,1.00,1.50
2015.09.22 01:59:41.117,0.72147,0.72154,1.12,1.00
2015.09.22 01:59:41.898,0.72146,0.72154,1.00,1.00
2015.09.22 01:59:45.836,0.72146,0.72155,1.50,1.50
2015.09.22 01:59:46.417,0.72148,0.72155,1.50,1.00
2015.09.22 01:59:46.930,0.72148,0.72156,1.50,1.00
2015.09.22 01:59:52.304,0.72149,0.72156,1.00,1.00
2015.09.22 01:59:52.673,0.72149,0.72158,1.00,2.25
2015.09.22 01:59:53.652,0.72152,0.72159,1.00,1.00
2015.09.22 01:59:54.172,0.72151,0.72159,1.00,1.00
2015.09.22 01:59:56.182,0.7215,0.72159,1.12,1.00
2015.09.22 01:59:56.488,0.72152,0.72159,1.00,1.00
