2015.09.09 13:00:00.069,0.72446,0.72453,1.00,1.12
2015.09.09 13:00:00.529,0.72443,0.72453,2.70,4.12
2015.09.09 13:00:00.682,0.72443,0.72449,1.12,1.00
2015.09.09 13:00:01.339,0.72444,0.72449,1.00,1.00
2015.09.09 13:00:01.647,0.72442,0.72449,1.87,1.50
2015.09.09 13:00:03.683,0.72442,0.72449,1.37,1.00
2015.09.09 13:00:05.443,0.7244,0.72448,2.70,1.00
2015.09.09 13:00:06.210,0.7244,0.72448,2.70,1.00
2015.09.09 13:00:10.310,0.72438,0.72445,3.45,1.00
2015.09.09 13:00:10.514,0.72439,0.72445,1.00,1.00
2015.09.09 13:00:10.566,0.72441,0.72445,1.00,1.00
2015.09.09 13:00:10.617,0.72439,0.72446,2.25,1.50
2015.09.09 13:00:11.127,0.72439,0.72447,1.57,1.12
2015.09.09 13:00:11.875,0.7244,0.72447,1.00,1.00
2015.09.09 13:00:12.383,0.72439,0.72447,2.70,1.00
2015.09.09 13:00:12.925,0.7244,0.72447,1.00,1.00
2015.09.09 13:00:14.493,0.72439,0.72447,2.70,1.00
2015.09.09 13:00:15.902,0.7244,0.72447,1.00,1.12
2015.09.09 13:00:16.433,0.7244,0.72448,1.00,2.70
2015.09.09 13:00:19.968,0.72441,0.72448,1.00,1.87
2015.09.09 13:00:21.065,0.7244,0.72448,1.10,1.87
2015.09.09 13:00:21.539,0.72438,0.72446,3.07,1.00
2015.09.09 13:00:22.048,0.72439,0.72446,1.12,2.25
2015.09.09 13:00:22.400,0.72442,0.72447,1.00,1.50
2015.09.09 13:00:22.912,0.72441,0.72447,1.00,1.00
2015.09.09 13:00:23.445,0.72441,0.72448,1.00,1.00
2015.09.09 13:00:24.207,0.72441,0.72448,1.37,1.00
2015.09.09 13:00:25.217,0.72441,0.72448,1.00,1.00
2015.09.09 13:00:26.233,0.72441,0.72448,2.62,1.00
2015.09.09 13:00:26.336,0.72441,0.7245,2.62,1.95
2015.09.09 13:00:26.643,0.72445,0.7245,1.00,1.12
2015.09.09 13:00:27.155,0.72447,0.72451,1.00,2.25
2015.09.09 13:00:27.309,0.72447,0.72455,1.00,1.37
2015.09.09 13:00:28.421,0.72446,0.72455,1.87,1.20
2015.09.09 13:00:30.753,0.72448,0.72455,1.00,1.95
2015.09.09 13:00:31.287,0.72448,0.72455,1.00,1.87
2015.09.09 13:00:32.371,0.72449,0.72455,1.00,1.20
2015.09.09 13:00:32.937,0.72452,0.72456,1.00,1.00
2015.09.09 13:00:33.039,0.72451,0.72459,1.00,3.45
2015.09.09 13:00:33.344,0.72453,0.7246,1.00,2.02
2015.09.09 13:00:33.447,0.72453,0.7246,1.00,1.27
2015.09.09 13:00:34.603,0.72453,0.72459,1.00,1.00
2015.09.09 13:00:35.103,0.72451,0.72457,1.50,1.00
2015.09.09 13:00:35.612,0.7245,0.72456,1.50,1.00
2015.09.09 13:00:36.549,0.72451,0.72456,1.00,1.00
2015.09.09 13:00:36.601,0.72449,0.72456,2.25,1.00
2015.09.09 13:00:37.110,0.72449,0.72455,1.50,1.00
2015.09.09 13:00:37.943,0.72449,0.72456,1.00,1.10
2015.09.09 13:00:38.494,0.7245,0.72458,1.00,3.07
2015.09.09 13:00:38.800,0.72448,0.72456,1.00,1.47
2015.09.09 13:00:39.309,0.72449,0.72456,1.00,1.10
2015.09.09 13:00:39.728,0.72451,0.72458,1.00,1.55
2015.09.09 13:00:40.236,0.72452,0.72458,1.00,1.57
2015.09.09 13:00:40.288,0.7245,0.72458,1.50,1.57
2015.09.09 13:00:40.806,0.72451,0.72457,1.00,1.12
2015.09.09 13:00:41.314,0.7245,0.72457,1.50,1.12
2015.09.09 13:00:41.844,0.7245,0.72458,1.50,1.27
2015.09.09 13:00:42.661,0.72451,0.72458,1.00,1.27
2015.09.09 13:00:42.958,0.72453,0.7246,1.00,1.55
2015.09.09 13:00:43.268,0.72454,0.72462,2.25,1.12
2015.09.09 13:00:43.870,0.72455,0.72463,1.00,1.47
2015.09.09 13:00:44.382,0.72456,0.72464,1.50,2.77
2015.09.09 13:00:45.059,0.72456,0.72464,1.00,2.02
2015.09.09 13:00:45.872,0.72456,0.72462,1.00,1.00
2015.09.09 13:00:46.181,0.72456,0.72464,3.00,2.77
2015.09.09 13:00:46.283,0.72459,0.72466,1.00,4.12
2015.09.09 13:00:46.334,0.72457,0.72466,1.50,3.37
2015.09.09 13:00:46.386,0.72459,0.72465,1.00,1.52
2015.09.09 13:00:46.641,0.72457,0.72465,2.62,1.00
2015.09.09 13:00:47.233,0.72458,0.72465,1.00,1.00
2015.09.09 13:00:47.743,0.72457,0.72465,1.87,1.00
2015.09.09 13:00:49.038,0.72456,0.72463,1.00,1.00
2015.09.09 13:00:49.545,0.72455,0.72463,1.12,1.00
2015.09.09 13:00:50.786,0.72454,0.72462,1.87,1.00
2015.09.09 13:00:51.093,0.72454,0.7246,1.37,1.00
2015.09.09 13:00:51.553,0.72453,0.72459,1.12,1.00
2015.09.09 13:00:51.852,0.72453,0.72461,1.00,2.62
2015.09.09 13:00:52.159,0.72453,0.72459,1.00,1.00
2015.09.09 13:00:54.066,0.72453,0.72457,1.00,1.00
2015.09.09 13:00:54.118,0.72451,0.72457,1.10,1.00
2015.09.09 13:00:54.627,0.72449,0.72457,2.62,1.00
2015.09.09 13:00:55.174,0.72449,0.72457,1.50,1.00
2015.09.09 13:00:55.712,0.72449,0.72458,1.00,1.20
2015.09.09 13:00:55.764,0.72449,0.72456,1.50,1.00
2015.09.09 13:00:56.070,0.72449,0.72458,1.50,1.20
2015.09.09 13:00:58.485,0.72449,0.72457,1.12,1.00
2015.09.09 13:00:58.732,0.72448,0.72455,1.87,1.00
2015.09.09 13:00:59.643,0.72447,0.72455,1.87,1.00
2015.09.09 13:01:01.351,0.72445,0.72454,5.70,1.00
2015.09.09 13:01:02.263,0.72445,0.72453,3.45,1.00
2015.09.09 13:01:03.760,0.72446,0.72455,1.87,1.57
2015.09.09 13:01:04.105,0.72449,0.72455,1.00,1.07
2015.09.09 13:01:04.210,0.72449,0.72457,1.00,1.65
2015.09.09 13:01:04.721,0.72449,0.72459,2.62,1.65
2015.09.09 13:01:04.874,0.72451,0.72458,1.00,1.10
2015.09.09 13:01:05.784,0.7245,0.72458,1.00,1.10
2015.09.09 13:01:06.089,0.72449,0.72456,1.50,1.00
2015.09.09 13:01:07.134,0.72449,0.72458,1.12,2.32
2015.09.09 13:01:07.640,0.72451,0.72458,1.00,1.10
2015.09.09 13:01:07.946,0.72454,0.72459,1.00,1.50
2015.09.09 13:01:08.152,0.72453,0.72461,1.00,1.57
2015.09.09 13:01:08.690,0.72454,0.72461,1.50,1.57
2015.09.09 13:01:09.502,0.72455,0.72462,1.00,1.07
2015.09.09 13:01:10.369,0.72454,0.72463,1.87,1.20
2015.09.09 13:01:10.892,0.72455,0.72462,1.00,1.07
2015.09.09 13:01:11.403,0.72456,0.72463,1.00,1.20
2015.09.09 13:01:11.454,0.72456,0.72463,1.00,1.00
2015.09.09 13:01:12.343,0.72456,0.72464,1.00,2.40
2015.09.09 13:01:12.850,0.72457,0.72463,1.00,1.00
2015.09.09 13:01:13.093,0.72455,0.72464,1.50,1.50
2015.09.09 13:01:13.611,0.72456,0.72464,1.50,1.00
2015.09.09 13:01:14.159,0.72456,0.72463,1.50,1.00
2015.09.09 13:01:14.210,0.72456,0.72465,1.00,1.57
2015.09.09 13:01:14.414,0.72456,0.72463,1.00,1.00
2015.09.09 13:01:14.924,0.72456,0.72464,1.50,1.50
2015.09.09 13:01:15.473,0.72457,0.72464,1.00,1.00
2015.09.09 13:01:16.437,0.72456,0.72464,2.62,1.00
2015.09.09 13:01:16.984,0.72458,0.72466,1.00,2.77
2015.09.09 13:01:17.697,0.72456,0.72465,2.62,1.10
2015.09.09 13:01:17.889,0.72458,0.72465,1.00,1.10
2015.09.09 13:01:18.551,0.72456,0.72465,2.62,1.57
2015.09.09 13:01:18.705,0.72458,0.72465,1.00,1.57
2015.09.09 13:01:19.211,0.72457,0.72465,1.12,1.57
2015.09.09 13:01:20.841,0.72457,0.72463,1.87,1.00
2015.09.09 13:01:21.385,0.72457,0.72464,1.12,1.00
2015.09.09 13:01:21.946,0.72457,0.72465,1.12,1.00
2015.09.09 13:01:22.554,0.72458,0.72465,1.00,1.00
2015.09.09 13:01:23.066,0.72458,0.72466,1.00,2.77
2015.09.09 13:01:23.797,0.72457,0.72465,1.12,1.00
2015.09.09 13:01:24.102,0.72457,0.72463,1.00,1.00
2015.09.09 13:01:24.613,0.72455,0.72463,1.50,1.87
2015.09.09 13:01:25.675,0.72456,0.72463,1.00,1.12
2015.09.09 13:01:27.077,0.72458,0.72465,1.00,1.57
2015.09.09 13:01:27.128,0.72456,0.72465,1.87,1.57
2015.09.09 13:01:29.895,0.72456,0.72464,1.87,1.00
2015.09.09 13:01:30.444,0.72456,0.72466,1.87,3.45
2015.09.09 13:01:30.957,0.72456,0.72466,2.62,3.45
2015.09.09 13:01:31.600,0.72456,0.72465,1.87,1.00
2015.09.09 13:01:32.627,0.72457,0.72466,1.12,2.70
2015.09.09 13:01:33.611,0.72458,0.72466,1.00,1.20
2015.09.09 13:01:37.936,0.72458,0.72466,1.20,1.37
2015.09.09 13:01:40.352,0.72456,0.72464,1.95,1.00
2015.09.09 13:01:40.860,0.72456,0.72465,1.47,1.12
2015.09.09 13:01:49.567,0.72457,0.72464,1.87,1.00
2015.09.09 13:01:49.802,0.72455,0.72464,1.57,2.62
2015.09.09 13:01:50.919,0.72455,0.72464,2.25,3.07
2015.09.09 13:01:54.035,0.72455,0.72464,2.62,1.95
2015.09.09 13:01:54.979,0.72456,0.72464,1.00,1.95
2015.09.09 13:01:56.699,0.72457,0.72465,1.50,2.02
2015.09.09 13:01:57.220,0.72457,0.72465,1.50,1.20
2015.09.09 13:02:00.713,0.72457,0.72466,1.12,3.37
2015.09.09 13:02:02.245,0.72458,0.72466,1.50,1.12
2015.09.09 13:02:02.753,0.72459,0.72467,1.00,1.37
2015.09.09 13:02:03.300,0.72459,0.72467,1.50,1.12
2015.09.09 13:02:04.916,0.72458,0.72467,1.12,1.87
2015.09.09 13:02:06.050,0.72457,0.72466,3.37,1.00
2015.09.09 13:02:06.460,0.72458,0.72465,1.12,1.07
2015.09.09 13:02:06.803,0.72456,0.72465,1.87,1.95
2015.09.09 13:02:08.483,0.72455,0.72465,4.20,1.95
2015.09.09 13:02:09.095,0.72455,0.72464,2.62,1.27
2015.09.09 13:02:11.011,0.72456,0.72463,1.00,1.27
2015.09.09 13:02:12.043,0.72456,0.72465,1.12,1.20
2015.09.09 13:02:12.555,0.72456,0.72466,2.62,3.45
2015.09.09 13:02:13.140,0.72456,0.72466,2.25,3.45
2015.09.09 13:02:15.122,0.72456,0.72466,2.62,1.95
2015.09.09 13:02:15.986,0.72457,0.72464,1.00,1.00
2015.09.09 13:02:16.610,0.72456,0.72465,1.87,1.12
2015.09.09 13:02:18.396,0.72458,0.72465,1.00,1.12
2015.09.09 13:02:18.922,0.72459,0.72466,1.00,1.00
2015.09.09 13:02:19.433,0.7246,0.72469,1.50,3.37
2015.09.09 13:02:20.036,0.72459,0.72468,1.20,1.87
2015.09.09 13:02:20.545,0.7246,0.72469,1.00,1.45
2015.09.09 13:02:21.093,0.72461,0.72468,1.50,1.12
2015.09.09 13:02:21.604,0.7246,0.7247,3.00,3.45
2015.09.09 13:02:22.165,0.7246,0.72469,3.45,1.12
2015.09.09 13:02:22.841,0.7246,0.72468,1.95,1.00
2015.09.09 13:02:23.389,0.7246,0.72467,1.00,1.00
2015.09.09 13:02:25.466,0.72459,0.72467,1.00,1.12
2015.09.09 13:02:25.989,0.7246,0.72467,1.00,1.12
2015.09.09 13:02:34.448,0.7246,0.72465,1.12,1.00
2015.09.09 13:02:34.602,0.72457,0.72464,1.95,1.00
2015.09.09 13:02:35.129,0.72459,0.72465,1.00,1.47
2015.09.09 13:02:35.690,0.72459,0.72467,1.50,1.47
2015.09.09 13:02:46.232,0.7246,0.72467,1.00,1.37
2015.09.09 13:02:47.838,0.72459,0.72466,1.12,1.12
2015.09.09 13:02:48.900,0.72459,0.72465,1.12,1.00
2015.09.09 13:02:49.494,0.72459,0.72466,1.50,1.12
2015.09.09 13:02:51.741,0.72459,0.72465,1.50,1.00
2015.09.09 13:02:52.257,0.7246,0.72465,1.00,1.00
2015.09.09 13:02:52.763,0.72459,0.72465,1.50,1.00
2015.09.09 13:02:53.297,0.72459,0.72467,1.50,1.87
2015.09.09 13:02:53.826,0.7246,0.72466,1.00,1.12
2015.09.09 13:02:54.332,0.7246,0.72467,1.12,1.12
2015.09.09 13:02:54.720,0.7246,0.72465,1.12,1.00
2015.09.09 13:02:56.331,0.7246,0.72466,1.12,1.00
2015.09.09 13:02:56.839,0.7246,0.72468,1.87,1.37
2015.09.09 13:02:57.210,0.72462,0.72468,1.00,1.00
2015.09.09 13:02:57.669,0.72461,0.7247,1.95,1.95
2015.09.09 13:02:59.196,0.72461,0.7247,3.07,1.47
2015.09.09 13:03:00.137,0.72461,0.7247,3.45,1.20
2015.09.09 13:03:00.649,0.72462,0.7247,1.00,1.20
2015.09.09 13:03:04.119,0.72464,0.72472,1.50,2.70
2015.09.09 13:03:04.467,0.72464,0.72472,1.00,1.87
2015.09.09 13:03:04.873,0.72464,0.7247,1.00,1.00
2015.09.09 13:03:06.712,0.72464,0.72472,1.12,1.37
2015.09.09 13:03:07.256,0.72464,0.72472,1.12,1.00
2015.09.09 13:03:07.775,0.72465,0.72472,1.87,1.50
2015.09.09 13:03:08.323,0.72465,0.72473,2.62,1.00
2015.09.09 13:03:09.808,0.72465,0.72473,2.62,1.00
2015.09.09 13:03:10.347,0.72465,0.72473,1.50,1.27
2015.09.09 13:03:10.601,0.72466,0.72475,2.62,2.70
2015.09.09 13:03:11.111,0.72467,0.72475,1.00,2.62
2015.09.09 13:03:11.658,0.72467,0.72474,1.50,1.00
2015.09.09 13:03:12.223,0.72467,0.72476,1.10,3.45
2015.09.09 13:03:12.763,0.72467,0.72476,1.95,2.70
2015.09.09 13:03:13.272,0.72469,0.72477,1.00,1.55
2015.09.09 13:03:13.425,0.72469,0.72478,1.37,1.95
2015.09.09 13:03:13.877,0.72467,0.72475,2.70,1.00
2015.09.09 13:03:14.288,0.72467,0.72475,1.87,1.00
2015.09.09 13:03:14.742,0.72467,0.72473,1.12,1.00
2015.09.09 13:03:15.352,0.72466,0.72474,1.37,1.12
2015.09.09 13:03:16.920,0.72466,0.72472,1.37,1.00
2015.09.09 13:03:17.623,0.72466,0.72471,1.37,1.00
2015.09.09 13:03:17.827,0.72465,0.72471,1.12,1.00
2015.09.09 13:03:17.930,0.72464,0.72469,2.62,1.00
2015.09.09 13:03:18.450,0.72463,0.72468,1.37,1.00
2015.09.09 13:03:18.859,0.72463,0.72467,1.12,1.00
2015.09.09 13:03:19.561,0.72463,0.72468,1.12,1.00
2015.09.09 13:03:20.071,0.72461,0.72467,2.62,1.00
2015.09.09 13:03:20.766,0.72461,0.72467,2.62,1.00
2015.09.09 13:03:21.275,0.72461,0.72466,1.87,1.00
2015.09.09 13:03:21.530,0.72461,0.7247,1.87,1.50
2015.09.09 13:03:22.080,0.72461,0.72469,1.37,1.50
2015.09.09 13:03:22.592,0.72461,0.72469,1.12,1.50
2015.09.09 13:03:24.861,0.72462,0.72469,1.00,1.50
2015.09.09 13:03:25.369,0.72463,0.72469,1.00,1.00
2015.09.09 13:03:27.656,0.72463,0.72471,1.00,2.70
2015.09.09 13:03:27.758,0.72463,0.72468,1.00,1.00
2015.09.09 13:03:28.216,0.72458,0.72467,1.12,1.20
2015.09.09 13:03:29.071,0.72457,0.72465,1.87,1.00
2015.09.09 13:03:31.201,0.72458,0.72466,1.12,1.00
2015.09.09 13:03:32.406,0.72458,0.72467,1.12,1.20
2015.09.09 13:03:32.713,0.7246,0.72468,1.00,1.20
2015.09.09 13:03:35.916,0.7246,0.72468,1.47,1.00
2015.09.09 13:03:38.741,0.72462,0.72469,1.12,1.20
2015.09.09 13:03:39.829,0.72462,0.72468,1.12,1.00
2015.09.09 13:03:40.445,0.72462,0.7247,1.12,1.95
2015.09.09 13:03:47.879,0.72461,0.72469,1.20,1.00
2015.09.09 13:03:51.187,0.7246,0.72468,3.07,1.12
2015.09.09 13:03:51.772,0.7246,0.72468,1.00,1.12
2015.09.09 13:03:53.185,0.72461,0.72469,1.00,2.62
2015.09.09 13:03:53.695,0.7246,0.72468,1.12,1.50
2015.09.09 13:03:54.328,0.7246,0.72467,1.12,1.00
2015.09.09 13:03:54.634,0.72458,0.72464,1.45,1.00
2015.09.09 13:03:54.839,0.72457,0.72466,2.62,1.20
2015.09.09 13:03:59.514,0.72461,0.72466,1.00,1.20
2015.09.09 13:04:00.083,0.72461,0.72468,1.00,1.95
2015.09.09 13:04:00.799,0.72463,0.72469,1.00,2.70
2015.09.09 13:04:00.954,0.72463,0.72469,1.00,1.20
2015.09.09 13:04:01.348,0.72461,0.72466,1.50,1.00
2015.09.09 13:04:01.858,0.72461,0.72467,1.00,2.70
2015.09.09 13:04:02.537,0.72461,0.72466,1.00,1.00
2015.09.09 13:04:03.437,0.72461,0.72465,1.00,1.00
2015.09.09 13:04:04.452,0.72458,0.72465,1.12,1.87
2015.09.09 13:04:04.963,0.72458,0.72464,1.00,1.00
2015.09.09 13:04:05.218,0.7246,0.72464,1.00,1.00
2015.09.09 13:04:05.737,0.7246,0.72466,1.00,1.95
2015.09.09 13:04:06.298,0.72459,0.72465,1.00,1.12
2015.09.09 13:04:06.900,0.7246,0.72466,1.00,1.95
2015.09.09 13:04:07.409,0.72461,0.72466,1.00,1.47
2015.09.09 13:04:07.958,0.72461,0.72466,1.00,2.32
2015.09.09 13:04:08.320,0.72463,0.72467,1.00,1.27
2015.09.09 13:04:08.422,0.72463,0.72469,1.00,2.62
2015.09.09 13:04:08.973,0.72462,0.72469,1.00,3.37
2015.09.09 13:04:09.483,0.72463,0.72469,1.00,2.62
2015.09.09 13:04:10.366,0.72463,0.72469,1.00,2.62
2015.09.09 13:04:12.191,0.72461,0.72466,1.50,1.00
2015.09.09 13:04:12.743,0.7246,0.72466,1.00,1.00
2015.09.09 13:04:13.253,0.72461,0.72466,1.00,1.00
2015.09.09 13:04:13.656,0.72459,0.72465,1.00,1.00
2015.09.09 13:04:14.115,0.72459,0.72464,1.00,2.77
2015.09.09 13:04:14.621,0.72458,0.72464,1.00,2.77
2015.09.09 13:04:15.028,0.7246,0.72464,1.00,1.27
2015.09.09 13:04:15.560,0.72459,0.72465,1.00,3.82
2015.09.09 13:04:16.123,0.72459,0.72465,1.00,2.70
2015.09.09 13:04:16.520,0.72461,0.72467,1.00,3.45
2015.09.09 13:04:17.441,0.72461,0.72467,1.00,2.62
2015.09.09 13:04:17.767,0.72463,0.72469,1.00,1.57
2015.09.09 13:04:18.278,0.72463,0.72469,1.00,1.12
2015.09.09 13:04:18.780,0.72465,0.72469,1.00,1.12
2015.09.09 13:04:19.977,0.72463,0.72469,1.00,1.12
2015.09.09 13:04:20.485,0.72464,0.7247,1.00,2.62
2015.09.09 13:04:22.241,0.72464,0.7247,1.00,1.87
2015.09.09 13:04:23.192,0.72463,0.72471,1.00,1.37
2015.09.09 13:04:23.733,0.72463,0.72469,1.00,1.20
2015.09.09 13:04:23.887,0.72466,0.7247,1.00,2.70
2015.09.09 13:04:24.144,0.72465,0.72472,1.00,2.70
2015.09.09 13:04:24.529,0.72468,0.72472,1.00,1.12
2015.09.09 13:04:25.048,0.72469,0.72474,1.00,2.70
2015.09.09 13:04:25.251,0.72469,0.72474,1.00,2.70
2015.09.09 13:04:25.353,0.72467,0.72474,1.00,2.70
2015.09.09 13:04:26.963,0.72466,0.72474,1.00,1.20
2015.09.09 13:04:27.471,0.72466,0.72473,1.00,1.00
2015.09.09 13:04:28.003,0.72467,0.72473,1.00,2.62
2015.09.09 13:04:29.268,0.72465,0.72472,1.57,1.00
2015.09.09 13:04:29.879,0.72466,0.72472,1.00,1.00
2015.09.09 13:04:30.393,0.72468,0.72473,1.00,1.87
2015.09.09 13:04:30.753,0.72466,0.72473,1.50,1.87
2015.09.09 13:04:31.110,0.72466,0.72471,1.00,1.00
2015.09.09 13:04:31.656,0.72466,0.72472,1.00,1.00
2015.09.09 13:04:32.165,0.72465,0.72472,1.87,2.25
2015.09.09 13:04:32.682,0.72465,0.72473,1.00,1.95
2015.09.09 13:04:33.742,0.72465,0.72472,1.50,1.00
2015.09.09 13:04:34.252,0.72465,0.72471,1.50,1.00
2015.09.09 13:04:34.758,0.72465,0.72472,1.00,1.00
2015.09.09 13:04:35.267,0.72464,0.72473,1.12,2.70
2015.09.09 13:04:35.778,0.72465,0.72473,1.00,2.70
2015.09.09 13:04:36.288,0.72465,0.72472,1.00,1.00
2015.09.09 13:04:36.920,0.72464,0.72473,1.87,1.95
2015.09.09 13:04:37.279,0.72466,0.72473,1.00,1.20
2015.09.09 13:04:37.741,0.72464,0.72473,1.87,2.70
2015.09.09 13:04:37.974,0.72464,0.72471,1.12,1.50
2015.09.09 13:04:38.484,0.72463,0.72471,1.12,2.62
2015.09.09 13:04:40.116,0.72465,0.7247,1.00,1.12
2015.09.09 13:04:40.557,0.72464,0.72468,1.00,1.00
2015.09.09 13:04:40.659,0.72462,0.7247,1.37,1.87
2015.09.09 13:04:41.168,0.72462,0.7247,1.50,1.12
2015.09.09 13:04:41.807,0.72462,0.7247,1.87,1.12
2015.09.09 13:04:42.655,0.72464,0.72471,1.00,1.37
2015.09.09 13:04:43.180,0.72464,0.72471,1.00,1.00
2015.09.09 13:04:43.435,0.72466,0.72473,1.00,2.70
2015.09.09 13:04:44.905,0.72465,0.72472,2.25,1.00
2015.09.09 13:04:45.352,0.72465,0.7247,1.50,1.00
2015.09.09 13:04:45.454,0.72464,0.72472,1.27,1.00
2015.09.09 13:04:45.658,0.72466,0.72471,1.00,1.12
2015.09.09 13:04:47.575,0.72466,0.72474,1.00,1.57
2015.09.09 13:04:48.575,0.72466,0.72474,1.00,1.27
2015.09.09 13:04:50.601,0.72466,0.72474,1.00,2.02
2015.09.09 13:04:51.741,0.72467,0.72474,1.00,2.02
2015.09.09 13:04:52.260,0.72466,0.72475,2.25,1.47
2015.09.09 13:04:52.617,0.72466,0.72475,2.62,1.20
2015.09.09 13:04:54.134,0.72467,0.72475,1.00,1.12
2015.09.09 13:04:54.749,0.72468,0.72476,1.00,2.02
2015.09.09 13:04:55.259,0.72467,0.72476,1.50,2.02
2015.09.09 13:04:56.136,0.72467,0.72474,2.25,1.00
2015.09.09 13:04:57.552,0.72466,0.72475,2.62,1.20
2015.09.09 13:04:58.052,0.72468,0.72475,1.00,1.20
2015.09.09 13:04:58.408,0.7247,0.72476,1.00,1.57
2015.09.09 13:04:58.946,0.72469,0.72476,1.50,1.00
2015.09.09 13:04:59.557,0.72469,0.72476,1.50,1.37
2015.09.09 13:05:01.230,0.7247,0.72477,1.00,1.47
2015.09.09 13:05:03.209,0.72469,0.72477,1.00,1.47
2015.09.09 13:05:03.748,0.72467,0.72476,1.37,2.70
2015.09.09 13:05:04.259,0.72467,0.72476,1.87,1.95
2015.09.09 13:05:05.102,0.72468,0.72476,1.50,1.95
2015.09.09 13:05:07.338,0.72469,0.72476,1.00,1.95
2015.09.09 13:05:07.772,0.72468,0.72477,1.87,1.47
2015.09.09 13:05:08.847,0.72468,0.72476,2.25,1.12
2015.09.09 13:05:09.867,0.72468,0.72474,1.00,1.00
2015.09.09 13:05:10.376,0.72467,0.72474,2.62,1.00
2015.09.09 13:05:10.889,0.72467,0.72475,1.50,1.12
2015.09.09 13:05:13.569,0.72468,0.72475,1.00,1.12
2015.09.09 13:05:15.587,0.72468,0.72478,4.50,4.27
2015.09.09 13:05:18.713,0.72469,0.72478,1.00,5.02
2015.09.09 13:05:20.507,0.72469,0.72478,1.50,5.02
2015.09.09 13:05:22.692,0.7247,0.72477,1.00,1.12
2015.09.09 13:05:23.217,0.72469,0.72478,1.50,4.27
2015.09.09 13:05:23.574,0.72472,0.72478,1.00,3.52
2015.09.09 13:05:23.626,0.7247,0.72478,1.00,2.77
2015.09.09 13:05:23.678,0.72472,0.72478,1.00,2.02
2015.09.09 13:05:24.258,0.72471,0.72479,1.10,1.37
2015.09.09 13:05:24.820,0.72471,0.72479,1.20,1.37
2015.09.09 13:05:25.266,0.72471,0.72481,4.20,3.37
2015.09.09 13:05:26.628,0.72471,0.7248,3.45,1.50
2015.09.09 13:05:27.137,0.72472,0.72479,1.00,1.00
2015.09.09 13:05:27.685,0.72471,0.7248,3.37,1.12
2015.09.09 13:05:30.136,0.72471,0.72479,1.87,1.00
2015.09.09 13:05:31.190,0.72471,0.7248,1.87,1.87
2015.09.09 13:05:31.698,0.72471,0.7248,2.25,1.37
2015.09.09 13:05:32.958,0.72471,0.7248,3.37,1.12
2015.09.09 13:05:33.793,0.72471,0.72481,4.20,3.45
2015.09.09 13:05:34.301,0.72473,0.72481,1.50,1.20
2015.09.09 13:05:34.942,0.72474,0.72483,1.00,1.95
2015.09.09 13:05:35.453,0.72473,0.72483,3.07,1.87
2015.09.09 13:05:36.170,0.72474,0.72483,1.00,1.87
2015.09.09 13:05:36.681,0.72475,0.72484,1.00,3.52
2015.09.09 13:05:37.156,0.72473,0.72479,1.65,1.00
2015.09.09 13:05:37.568,0.72472,0.72478,1.10,1.00
2015.09.09 13:05:38.102,0.72471,0.72478,1.00,1.87
2015.09.09 13:05:38.613,0.72471,0.72477,1.00,1.00
2015.09.09 13:05:39.271,0.72471,0.72479,1.00,3.37
2015.09.09 13:05:39.814,0.72472,0.7248,1.50,1.20
2015.09.09 13:05:40.425,0.72472,0.72479,1.50,1.00
2015.09.09 13:05:40.960,0.72471,0.72479,1.12,1.00
2015.09.09 13:05:41.062,0.72471,0.72477,1.12,1.00
2015.09.09 13:05:41.576,0.7247,0.72476,1.00,1.10
2015.09.09 13:05:41.926,0.72467,0.72473,1.12,1.00
2015.09.09 13:05:42.386,0.72465,0.72472,1.00,1.00
2015.09.09 13:05:42.938,0.72463,0.7247,1.00,1.00
2015.09.09 13:05:43.246,0.72463,0.72468,1.00,1.00
2015.09.09 13:05:43.757,0.72461,0.72469,1.37,1.87
2015.09.09 13:05:44.056,0.7246,0.72468,1.00,2.62
2015.09.09 13:05:44.158,0.7246,0.72466,1.00,1.00
2015.09.09 13:05:44.363,0.7246,0.72468,1.50,3.37
2015.09.09 13:05:44.465,0.72462,0.72469,1.00,1.57
2015.09.09 13:05:45.178,0.72461,0.7247,1.10,1.47
2015.09.09 13:05:45.382,0.72461,0.7247,1.10,1.10
2015.09.09 13:05:45.687,0.72461,0.72468,1.57,1.00
2015.09.09 13:05:46.289,0.72461,0.72467,1.50,1.00
2015.09.09 13:05:46.392,0.72461,0.72469,1.50,1.57
2015.09.09 13:05:48.154,0.72462,0.72471,1.00,1.65
2015.09.09 13:05:48.920,0.72462,0.7247,2.32,1.00
2015.09.09 13:05:49.447,0.72463,0.7247,1.00,1.00
2015.09.09 13:05:49.958,0.72463,0.72471,1.00,1.50
2015.09.09 13:05:50.965,0.72462,0.7247,1.37,1.00
2015.09.09 13:05:51.504,0.72462,0.7247,1.12,1.00
2015.09.09 13:05:53.277,0.72461,0.72471,3.45,3.37
2015.09.09 13:05:53.852,0.72461,0.7247,2.77,1.00
2015.09.09 13:05:54.363,0.72461,0.72469,1.50,1.12
2015.09.09 13:05:54.910,0.72461,0.72468,2.25,1.00
2015.09.09 13:05:55.419,0.72461,0.72469,1.87,1.00
2015.09.09 13:05:56.851,0.72461,0.72466,2.62,1.00
2015.09.09 13:05:57.156,0.7246,0.72468,1.47,1.50
2015.09.09 13:05:57.207,0.72461,0.72466,1.12,1.00
2015.09.09 13:05:57.309,0.72461,0.72468,1.12,1.00
2015.09.09 13:05:57.919,0.72461,0.72467,1.00,1.00
2015.09.09 13:05:58.072,0.72461,0.72465,1.00,1.50
2015.09.09 13:05:58.123,0.72459,0.72465,1.20,1.00
2015.09.09 13:05:58.665,0.72459,0.72466,1.00,2.70
2015.09.09 13:05:59.176,0.72459,0.72467,1.87,1.10
2015.09.09 13:05:59.681,0.72459,0.72466,1.12,1.10
2015.09.09 13:06:00.346,0.72457,0.72466,1.20,1.12
2015.09.09 13:06:00.859,0.72457,0.72465,1.12,1.00
2015.09.09 13:06:02.051,0.72457,0.72465,1.00,2.25
2015.09.09 13:06:02.497,0.72456,0.72462,1.00,1.00
2015.09.09 13:06:03.159,0.72454,0.72462,1.12,1.00
2015.09.09 13:06:03.664,0.72454,0.72463,1.87,1.12
2015.09.09 13:06:03.817,0.72456,0.72464,1.00,1.57
2015.09.09 13:06:04.421,0.72456,0.72464,1.50,1.20
2015.09.09 13:06:06.127,0.72456,0.72463,1.50,1.00
2015.09.09 13:06:06.640,0.72457,0.72463,1.00,1.00
2015.09.09 13:06:07.407,0.72457,0.72464,1.00,1.12
2015.09.09 13:06:07.916,0.72458,0.72465,1.00,3.07
2015.09.09 13:06:08.435,0.72458,0.72464,1.00,2.25
2015.09.09 13:06:08.944,0.72458,0.72463,1.00,1.00
2015.09.09 13:06:09.563,0.72456,0.72463,1.87,1.00
2015.09.09 13:06:10.452,0.72456,0.72465,1.12,4.95
2015.09.09 13:06:10.605,0.72457,0.72466,1.87,2.62
2015.09.09 13:06:11.504,0.72457,0.72466,2.77,1.50
2015.09.09 13:06:12.014,0.72459,0.72467,1.00,2.62
2015.09.09 13:06:13.418,0.72459,0.72467,1.87,1.00
2015.09.09 13:06:13.927,0.72461,0.72468,1.12,1.87
2015.09.09 13:06:14.520,0.72461,0.72467,1.12,1.00
2015.09.09 13:06:15.034,0.72459,0.72468,1.95,1.12
2015.09.09 13:06:17.585,0.72461,0.7247,1.20,3.37
2015.09.09 13:06:18.114,0.7246,0.72469,1.95,1.37
2015.09.09 13:06:18.906,0.72462,0.72469,1.50,1.50
2015.09.09 13:06:19.417,0.72463,0.7247,1.00,1.87
2015.09.09 13:06:20.092,0.72463,0.72472,1.12,5.70
2015.09.09 13:06:20.830,0.72465,0.72472,1.00,1.12
2015.09.09 13:06:21.352,0.72464,0.72473,1.00,2.62
2015.09.09 13:06:21.869,0.72463,0.72471,1.12,1.00
2015.09.09 13:06:22.171,0.72465,0.72472,1.00,1.12
2015.09.09 13:06:24.462,0.72464,0.72472,1.00,1.12
2015.09.09 13:06:24.870,0.72467,0.72473,1.00,1.00
2015.09.09 13:06:25.110,0.72467,0.72475,1.12,1.00
2015.09.09 13:06:25.623,0.72468,0.72475,1.00,1.00
2015.09.09 13:06:28.202,0.72466,0.72475,1.95,1.95
2015.09.09 13:06:31.350,0.72466,0.72474,3.30,1.00
2015.09.09 13:06:31.606,0.72466,0.72475,3.45,1.10
2015.09.09 13:06:31.708,0.72467,0.72475,1.00,1.20
2015.09.09 13:06:32.272,0.72466,0.72475,1.95,1.20
2015.09.09 13:06:37.217,0.72467,0.72475,1.00,1.20
2015.09.09 13:06:37.906,0.72469,0.72476,1.00,1.95
2015.09.09 13:06:38.721,0.72469,0.72476,1.12,1.12
2015.09.09 13:06:43.925,0.72468,0.72475,1.87,1.00
2015.09.09 13:06:44.466,0.72467,0.72476,1.95,1.12
2015.09.09 13:06:44.783,0.72467,0.72476,1.95,1.12
2015.09.09 13:06:47.085,0.72467,0.72476,1.95,1.00
2015.09.09 13:06:47.278,0.7247,0.72477,1.00,2.62
2015.09.09 13:06:47.787,0.72469,0.72477,1.00,2.62
2015.09.09 13:06:48.163,0.72469,0.72474,1.00,1.00
2015.09.09 13:06:48.454,0.72469,0.72477,1.00,1.12
2015.09.09 13:06:48.964,0.72469,0.72477,1.47,1.00
2015.09.09 13:06:50.173,0.72467,0.72476,4.50,1.00
2015.09.09 13:06:50.515,0.72467,0.72474,3.45,1.00
2015.09.09 13:06:52.740,0.72467,0.72473,1.57,1.00
2015.09.09 13:06:52.925,0.72466,0.72472,1.17,1.00
2015.09.09 13:06:53.082,0.72464,0.72472,1.52,1.00
2015.09.09 13:06:53.590,0.72463,0.72472,1.45,1.50
2015.09.09 13:06:54.318,0.72464,0.72472,2.02,1.00
2015.09.09 13:06:57.608,0.72462,0.72471,4.20,1.50
2015.09.09 13:06:58.157,0.72462,0.72471,1.95,1.50
2015.09.09 13:06:59.362,0.72463,0.7247,1.47,1.00
2015.09.09 13:07:00.523,0.72463,0.72471,1.47,1.87
2015.09.09 13:07:04.927,0.72465,0.72471,1.00,1.50
2015.09.09 13:07:05.436,0.72465,0.72472,1.37,1.00
2015.09.09 13:07:06.515,0.72464,0.72472,1.37,1.00
2015.09.09 13:07:06.618,0.72462,0.7247,2.02,1.00
2015.09.09 13:07:07.270,0.72462,0.72469,1.37,1.00
2015.09.09 13:07:07.779,0.72462,0.72469,1.37,1.00
2015.09.09 13:07:23.145,0.72462,0.72467,1.47,1.00
2015.09.09 13:07:23.846,0.72462,0.72466,1.12,1.00
2015.09.09 13:07:24.283,0.7246,0.72464,1.00,1.00
2015.09.09 13:07:24.335,0.72456,0.72462,1.57,1.00
2015.09.09 13:07:24.539,0.72455,0.72462,1.52,1.00
2015.09.09 13:07:25.150,0.72453,0.72461,1.55,1.00
2015.09.09 13:07:25.354,0.72453,0.72461,1.55,1.00
2015.09.09 13:07:25.865,0.72452,0.7246,1.95,1.00
2015.09.09 13:07:28.392,0.72453,0.72459,1.27,1.00
2015.09.09 13:07:28.545,0.72451,0.72458,2.25,1.00
2015.09.09 13:07:29.057,0.7245,0.72457,1.47,1.00
2015.09.09 13:07:30.528,0.7245,0.72456,1.95,1.00
2015.09.09 13:07:31.537,0.7245,0.72458,1.37,1.50
2015.09.09 13:07:32.045,0.72452,0.72458,1.00,1.50
2015.09.09 13:07:32.586,0.72451,0.72457,1.20,1.00
2015.09.09 13:07:33.095,0.72451,0.72458,1.27,1.00
2015.09.09 13:07:35.097,0.72451,0.72459,1.27,1.00
2015.09.09 13:07:35.610,0.72452,0.7246,2.70,1.50
2015.09.09 13:07:36.296,0.72455,0.72461,1.00,1.50
2015.09.09 13:07:36.653,0.72454,0.72463,2.32,1.50
2015.09.09 13:07:37.596,0.72456,0.72464,1.47,1.50
2015.09.09 13:07:38.624,0.72456,0.72464,1.20,1.50
2015.09.09 13:07:40.636,0.72456,0.72464,1.47,1.50
2015.09.09 13:07:42.579,0.72456,0.72464,1.20,1.50
2015.09.09 13:07:44.605,0.72456,0.72464,1.95,1.50
2015.09.09 13:07:46.301,0.72457,0.72463,1.12,1.00
2015.09.09 13:07:46.708,0.72456,0.72461,1.95,1.00
2015.09.09 13:07:46.912,0.72454,0.7246,1.20,1.50
2015.09.09 13:07:47.535,0.72454,0.72461,1.20,1.00
2015.09.09 13:07:47.739,0.72455,0.72463,1.00,2.70
2015.09.09 13:07:47.791,0.72456,0.72463,1.37,1.00
2015.09.09 13:07:48.327,0.72456,0.72464,1.37,1.12
2015.09.09 13:07:49.878,0.72457,0.72465,1.12,1.50
2015.09.09 13:07:50.955,0.72456,0.72464,1.87,1.00
2015.09.09 13:07:51.464,0.72454,0.72463,1.95,1.00
2015.09.09 13:07:51.821,0.72454,0.72463,1.47,1.50
2015.09.09 13:07:52.332,0.72456,0.72462,1.00,1.50
2015.09.09 13:07:55.239,0.72454,0.72463,1.37,1.37
2015.09.09 13:07:55.646,0.72457,0.72466,1.00,3.75
2015.09.09 13:07:55.964,0.72457,0.72466,1.00,1.37
2015.09.09 13:07:56.372,0.72459,0.72467,1.00,1.87
2015.09.09 13:07:56.884,0.7246,0.72468,1.00,3.37
2015.09.09 13:07:57.055,0.7246,0.72468,1.12,2.62
2015.09.09 13:07:59.010,0.72459,0.72468,1.87,1.37
2015.09.09 13:08:00.023,0.72459,0.72468,1.12,1.87
2015.09.09 13:08:01.123,0.72459,0.72468,1.00,2.62
2015.09.09 13:08:02.279,0.72459,0.72466,1.00,1.00
2015.09.09 13:08:07.032,0.72459,0.72467,1.87,1.00
2015.09.09 13:08:10.206,0.72459,0.72468,2.62,1.12
2015.09.09 13:08:10.717,0.7246,0.72469,1.50,2.62
2015.09.09 13:08:11.264,0.7246,0.72469,2.62,2.62
2015.09.09 13:08:11.519,0.7246,0.72466,1.12,1.00
2015.09.09 13:08:11.724,0.7246,0.72468,1.12,1.50
2015.09.09 13:08:12.239,0.7246,0.72468,1.12,1.87
2015.09.09 13:08:12.798,0.72459,0.72467,1.12,1.00
2015.09.09 13:08:15.109,0.72458,0.72468,2.77,4.12
2015.09.09 13:08:15.913,0.72458,0.72468,2.77,3.75
2015.09.09 13:08:17.924,0.72459,0.72467,1.37,1.00
2015.09.09 13:08:18.432,0.72459,0.72468,1.37,3.00
2015.09.09 13:08:22.244,0.72458,0.72467,2.77,1.00
2015.09.09 13:08:22.773,0.7246,0.72468,1.12,1.57
2015.09.09 13:08:23.875,0.7246,0.72469,1.87,1.20
2015.09.09 13:08:25.860,0.72459,0.72468,1.95,2.32
2015.09.09 13:08:29.002,0.72459,0.72468,2.70,1.57
2015.09.09 13:08:32.190,0.72459,0.72467,2.70,1.00
2015.09.09 13:08:33.955,0.72459,0.72467,1.37,1.50
2015.09.09 13:08:34.159,0.72457,0.72465,2.70,1.00
2015.09.09 13:08:34.411,0.72459,0.72467,1.37,1.57
2015.09.09 13:08:38.548,0.72461,0.72467,1.00,1.10
2015.09.09 13:08:39.918,0.72461,0.72468,1.00,1.00
2015.09.09 13:08:40.428,0.7246,0.72469,1.37,1.10
2015.09.09 13:08:44.033,0.72461,0.7247,1.12,1.20
2015.09.09 13:08:44.545,0.72461,0.72469,1.87,1.00
2015.09.09 13:08:45.295,0.72461,0.7247,1.12,1.95
2015.09.09 13:08:47.661,0.72462,0.72471,1.00,2.02
2015.09.09 13:08:48.209,0.72462,0.72471,1.37,1.50
2015.09.09 13:08:51.582,0.72462,0.72472,2.62,3.45
2015.09.09 13:08:53.849,0.72462,0.72472,2.62,2.32
2015.09.09 13:08:54.976,0.72462,0.72472,3.37,2.70
2015.09.09 13:08:55.486,0.72462,0.72471,3.37,1.00
2015.09.09 13:08:56.045,0.72463,0.7247,1.12,1.00
2015.09.09 13:08:56.593,0.72462,0.72471,3.37,1.00
2015.09.09 13:08:57.167,0.72463,0.72471,1.12,1.00
2015.09.09 13:08:58.910,0.72463,0.72471,1.37,1.00
2015.09.09 13:09:00.824,0.72463,0.72472,1.37,1.57
2015.09.09 13:09:01.349,0.72463,0.72471,1.37,1.00
2015.09.09 13:09:02.164,0.72463,0.72472,2.62,1.10
2015.09.09 13:09:02.930,0.72464,0.72473,1.37,1.57
2015.09.09 13:09:03.439,0.72464,0.72472,1.37,1.00
2015.09.09 13:09:03.952,0.72464,0.72473,2.62,1.10
2015.09.09 13:09:05.028,0.72467,0.72475,1.00,2.32
2015.09.09 13:09:05.537,0.72467,0.72474,1.50,1.00
2015.09.09 13:09:06.654,0.72467,0.72476,1.12,1.27
2015.09.09 13:09:06.908,0.72467,0.72476,1.87,1.27
2015.09.09 13:09:07.436,0.72468,0.72476,1.37,1.12
2015.09.09 13:09:07.946,0.72468,0.72475,1.37,1.00
2015.09.09 13:09:08.201,0.72469,0.72478,1.87,1.17
2015.09.09 13:09:08.398,0.7247,0.72479,1.37,1.87
2015.09.09 13:09:08.653,0.7247,0.72479,1.20,1.87
2015.09.09 13:09:09.164,0.72469,0.72478,2.62,1.00
2015.09.09 13:09:09.690,0.72469,0.72477,1.87,1.00
2015.09.09 13:09:10.912,0.72469,0.72478,3.37,1.00
2015.09.09 13:09:11.425,0.72471,0.72478,1.00,1.00
2015.09.09 13:09:12.372,0.72471,0.72479,1.00,1.95
2015.09.09 13:09:12.576,0.72473,0.72481,1.00,2.02
2015.09.09 13:09:12.831,0.72474,0.72482,1.00,1.95
2015.09.09 13:09:13.687,0.72473,0.72482,6.45,1.20
2015.09.09 13:09:13.890,0.72473,0.72479,5.70,1.00
2015.09.09 13:09:14.297,0.72472,0.72477,1.12,1.00
2015.09.09 13:09:14.608,0.72471,0.7248,1.37,1.00
2015.09.09 13:09:15.170,0.72471,0.72481,2.62,2.70
2015.09.09 13:09:15.771,0.72472,0.72481,1.00,1.95
2015.09.09 13:09:16.484,0.72472,0.72479,1.87,1.00
2015.09.09 13:09:17.049,0.72471,0.7248,2.62,1.00
2015.09.09 13:09:17.575,0.72471,0.72481,3.37,2.70
2015.09.09 13:09:19.195,0.72473,0.7248,1.00,1.12
2015.09.09 13:09:21.093,0.72473,0.72481,1.00,2.62
2015.09.09 13:09:23.003,0.72471,0.7248,3.45,1.00
2015.09.09 13:09:23.514,0.72471,0.72481,3.45,2.25
2015.09.09 13:09:24.010,0.72476,0.72481,1.00,1.00
2015.09.09 13:09:24.566,0.72476,0.72482,1.00,1.12
2015.09.09 13:09:25.262,0.72474,0.72482,3.37,1.00
2015.09.09 13:09:25.618,0.72476,0.72484,1.00,1.87
2015.09.09 13:09:25.928,0.72474,0.72484,5.62,2.62
2015.09.09 13:09:26.470,0.72475,0.72484,1.12,1.95
2015.09.09 13:09:27.135,0.72476,0.72484,1.00,1.95
2015.09.09 13:09:27.638,0.72475,0.72484,1.00,2.70
2015.09.09 13:09:28.282,0.72475,0.72484,1.87,1.95
2015.09.09 13:09:29.796,0.72476,0.72484,1.00,1.87
2015.09.09 13:09:30.527,0.72475,0.72484,2.62,1.87
2015.09.09 13:09:30.986,0.72477,0.72484,1.00,1.87
2015.09.09 13:09:31.209,0.72475,0.72484,2.62,1.87
2015.09.09 13:09:31.567,0.72477,0.72484,1.00,1.87
2015.09.09 13:09:32.221,0.72477,0.72486,1.00,2.77
2015.09.09 13:09:33.555,0.72477,0.72484,1.12,1.00
2015.09.09 13:09:34.218,0.72476,0.72486,3.45,2.77
2015.09.09 13:09:34.761,0.72476,0.72486,2.70,2.02
2015.09.09 13:09:35.304,0.72477,0.72486,1.87,2.02
2015.09.09 13:09:36.354,0.72477,0.72486,1.87,1.65
2015.09.09 13:09:37.356,0.72476,0.72485,2.70,1.10
2015.09.09 13:09:37.874,0.72477,0.72484,1.12,1.00
2015.09.09 13:09:38.655,0.72476,0.72486,3.45,2.02
2015.09.09 13:09:45.052,0.72478,0.72486,1.00,1.95
2015.09.09 13:09:45.578,0.72478,0.72486,1.00,1.87
2015.09.09 13:09:46.127,0.72478,0.72485,1.00,1.00
2015.09.09 13:09:46.641,0.72478,0.72486,1.12,1.00
2015.09.09 13:09:47.180,0.7248,0.72488,1.00,1.87
2015.09.09 13:09:47.878,0.72481,0.72489,1.00,1.37
2015.09.09 13:09:48.487,0.7248,0.7249,3.07,1.87
2015.09.09 13:09:50.705,0.72478,0.72486,2.70,1.00
2015.09.09 13:09:50.897,0.72478,0.72486,2.70,1.00
2015.09.09 13:09:52.983,0.72478,0.72484,1.95,1.00
2015.09.09 13:09:53.524,0.72476,0.72483,1.95,1.00
2015.09.09 13:09:54.034,0.72476,0.72483,1.00,1.00
2015.09.09 13:09:54.541,0.72474,0.72483,1.95,1.12
2015.09.09 13:09:55.613,0.72474,0.72484,2.70,2.70
2015.09.09 13:09:56.143,0.72476,0.72484,1.00,1.95
2015.09.09 13:09:59.231,0.72475,0.72484,2.70,1.20
2015.09.09 13:09:59.841,0.72476,0.72484,1.00,1.20
2015.09.09 13:10:00.342,0.72475,0.72485,3.45,2.62
2015.09.09 13:10:00.851,0.72476,0.72484,1.00,1.12
2015.09.09 13:10:02.441,0.72476,0.72484,1.00,2.70
2015.09.09 13:10:03.889,0.72475,0.72483,1.57,1.12
2015.09.09 13:10:04.399,0.72474,0.72482,1.20,1.00
2015.09.09 13:10:04.964,0.72474,0.72482,1.12,1.00
2015.09.09 13:10:05.273,0.72471,0.72481,1.87,1.95
2015.09.09 13:10:05.528,0.72472,0.72481,1.65,1.47
2015.09.09 13:10:05.732,0.72474,0.72482,1.00,1.12
2015.09.09 13:10:09.512,0.72474,0.72481,1.00,1.00
2015.09.09 13:10:10.577,0.72474,0.7248,1.00,1.00
2015.09.09 13:10:11.219,0.72471,0.72479,1.87,1.00
2015.09.09 13:10:11.727,0.72471,0.72479,1.37,1.12
2015.09.09 13:10:12.542,0.72471,0.7248,1.37,1.20
2015.09.09 13:10:13.051,0.72471,0.72479,1.87,1.00
2015.09.09 13:10:14.409,0.72471,0.7248,3.37,1.00
2015.09.09 13:10:14.991,0.7247,0.72479,4.27,1.00
2015.09.09 13:10:15.503,0.72469,0.72478,2.02,1.50
2015.09.09 13:10:15.656,0.72469,0.72477,1.37,1.00
2015.09.09 13:10:20.566,0.72468,0.72476,2.62,1.00
2015.09.09 13:10:21.576,0.72467,0.72476,3.37,1.57
2015.09.09 13:10:22.601,0.72467,0.72476,2.62,1.57
2015.09.09 13:10:23.622,0.72467,0.72476,2.62,1.95
2015.09.09 13:10:25.483,0.72467,0.72474,2.47,1.00
2015.09.09 13:10:25.788,0.72467,0.72472,1.00,1.50
2015.09.09 13:10:25.839,0.72465,0.72472,1.50,1.57
2015.09.09 13:10:26.043,0.72463,0.7247,1.00,1.00
2015.09.09 13:10:26.546,0.7246,0.72468,2.62,1.00
2015.09.09 13:10:26.853,0.72457,0.72465,1.47,1.00
2015.09.09 13:10:27.211,0.72455,0.72465,1.87,4.27
2015.09.09 13:10:27.873,0.72455,0.72465,1.87,5.02
2015.09.09 13:10:28.025,0.72454,0.72462,2.62,1.00
2015.09.09 13:10:28.536,0.72454,0.72461,1.00,1.00
2015.09.09 13:10:29.045,0.72454,0.7246,1.00,1.00
2015.09.09 13:10:29.559,0.72454,0.72461,1.00,1.87
2015.09.09 13:10:30.068,0.72453,0.7246,1.00,1.12
2015.09.09 13:10:30.610,0.72451,0.7246,1.87,1.20
2015.09.09 13:10:31.120,0.72451,0.72459,1.12,1.00
2015.09.09 13:10:32.821,0.72451,0.72458,1.12,1.00
2015.09.09 13:10:33.330,0.72449,0.72458,2.62,1.00
2015.09.09 13:10:33.808,0.72449,0.72456,1.87,1.00
2015.09.09 13:10:34.320,0.72449,0.72456,1.12,1.00
2015.09.09 13:10:34.690,0.72451,0.7246,1.20,1.20
2015.09.09 13:10:35.355,0.72453,0.7246,1.00,1.87
2015.09.09 13:10:35.457,0.72455,0.7246,1.00,1.87
2015.09.09 13:10:35.559,0.72454,0.72462,1.00,1.12
2015.09.09 13:10:36.103,0.72454,0.72461,1.00,1.50
2015.09.09 13:10:37.262,0.72453,0.72462,3.45,1.00
2015.09.09 13:10:40.566,0.72454,0.72463,1.37,1.87
2015.09.09 13:10:43.247,0.72453,0.72463,3.45,1.87
2015.09.09 13:10:43.654,0.72455,0.72463,1.00,1.12
2015.09.09 13:10:44.179,0.72455,0.72465,3.37,2.70
2015.09.09 13:10:44.485,0.72457,0.72465,1.00,1.95
2015.09.09 13:10:44.994,0.72457,0.72465,1.50,1.95
2015.09.09 13:10:45.686,0.72457,0.72464,2.25,1.00
2015.09.09 13:10:46.194,0.72457,0.72465,1.50,1.12
2015.09.09 13:10:46.841,0.72457,0.72466,1.87,1.20
2015.09.09 13:10:47.987,0.72458,0.72466,1.12,1.10
2015.09.09 13:10:51.016,0.72457,0.72467,1.87,2.02
2015.09.09 13:10:51.932,0.72459,0.72467,1.00,1.12
2015.09.09 13:10:52.434,0.72461,0.72469,1.00,1.20
2015.09.09 13:10:52.943,0.72462,0.72471,1.57,1.87
2015.09.09 13:10:53.249,0.72464,0.72471,1.00,1.87
2015.09.09 13:10:54.416,0.72462,0.72471,1.95,1.12
2015.09.09 13:10:55.163,0.72463,0.72471,1.00,1.12
2015.09.09 13:10:55.674,0.72463,0.72472,1.87,1.87
2015.09.09 13:10:56.209,0.72463,0.72472,2.70,1.50
2015.09.09 13:10:57.145,0.72463,0.72472,2.70,1.12
2015.09.09 13:11:00.473,0.72464,0.72473,1.50,1.37
2015.09.09 13:11:01.008,0.72466,0.72473,1.00,1.37
2015.09.09 13:11:01.161,0.72466,0.72474,1.50,1.20
2015.09.09 13:11:01.670,0.72467,0.72475,1.00,1.20
2015.09.09 13:11:02.621,0.72469,0.72476,1.50,1.37
2015.09.09 13:11:03.242,0.72469,0.72479,2.70,2.62
2015.09.09 13:11:04.864,0.7247,0.72479,1.00,1.95
2015.09.09 13:11:05.693,0.72469,0.72479,1.95,1.87
2015.09.09 13:11:06.202,0.7247,0.72479,1.00,2.62
2015.09.09 13:11:06.708,0.72469,0.72478,2.70,1.20
2015.09.09 13:11:07.235,0.72469,0.72477,1.95,1.00
2015.09.09 13:11:08.003,0.72467,0.72477,2.70,1.95
2015.09.09 13:11:08.664,0.72469,0.72478,1.00,1.95
2015.09.09 13:11:09.211,0.7247,0.72478,1.00,1.37
2015.09.09 13:11:10.774,0.7247,0.72478,1.00,1.12
2015.09.09 13:11:11.988,0.72471,0.72478,1.00,1.12
2015.09.09 13:11:13.705,0.72471,0.72478,1.37,1.00
2015.09.09 13:11:15.542,0.72473,0.72479,1.10,1.00
2015.09.09 13:11:15.645,0.72473,0.72481,1.20,1.12
2015.09.09 13:11:16.154,0.72473,0.72482,1.17,1.37
2015.09.09 13:11:16.678,0.72472,0.72481,1.55,1.00
2015.09.09 13:11:17.186,0.72472,0.72482,2.02,2.62
2015.09.09 13:11:17.702,0.72472,0.72482,2.02,2.62
2015.09.09 13:11:18.619,0.72472,0.72482,1.95,2.62
2015.09.09 13:11:18.959,0.72474,0.72483,1.00,1.95
2015.09.09 13:11:19.471,0.72473,0.72483,2.32,3.37
2015.09.09 13:11:20.327,0.72473,0.72483,2.70,3.37
2015.09.09 13:11:20.840,0.72474,0.72483,1.00,2.62
2015.09.09 13:11:22.587,0.72474,0.72483,1.12,2.62
2015.09.09 13:11:23.108,0.72475,0.72483,1.00,2.62
2015.09.09 13:11:24.753,0.72475,0.72484,1.87,1.12
2015.09.09 13:11:25.274,0.72476,0.72484,1.00,1.12
2015.09.09 13:11:26.688,0.72476,0.72485,1.12,2.62
2015.09.09 13:11:27.400,0.72477,0.72485,1.00,1.12
2015.09.09 13:11:30.487,0.72478,0.72487,1.00,1.87
2015.09.09 13:11:30.794,0.72479,0.72489,2.70,2.70
2015.09.09 13:11:31.520,0.7248,0.72487,1.10,1.00
2015.09.09 13:11:32.031,0.72479,0.72488,1.95,3.37
2015.09.09 13:11:32.660,0.72479,0.72488,1.95,3.45
2015.09.09 13:11:32.966,0.72479,0.72488,1.95,3.45
2015.09.09 13:11:33.525,0.72479,0.72488,1.57,3.45
2015.09.09 13:11:36.364,0.72481,0.72488,1.00,1.95
2015.09.09 13:11:36.914,0.7248,0.72489,1.12,3.45
2015.09.09 13:11:37.833,0.72481,0.72488,1.00,1.47
2015.09.09 13:11:38.339,0.7248,0.72489,1.12,3.45
2015.09.09 13:11:41.526,0.7248,0.72489,1.10,2.70
2015.09.09 13:11:42.534,0.7248,0.7249,1.57,2.70
2015.09.09 13:11:45.536,0.7248,0.7249,1.95,3.45
2015.09.09 13:11:49.179,0.72485,0.7249,1.00,2.70
2015.09.09 13:11:49.282,0.72486,0.72491,1.00,2.70
2015.09.09 13:11:49.791,0.72485,0.72491,1.10,1.12
2015.09.09 13:11:51.362,0.72484,0.72492,1.50,2.62
2015.09.09 13:11:54.017,0.72484,0.72492,2.85,1.87
2015.09.09 13:11:54.526,0.72486,0.72495,1.50,2.02
2015.09.09 13:11:54.577,0.72486,0.72495,1.87,2.02
2015.09.09 13:11:55.086,0.72487,0.72494,1.00,1.10
2015.09.09 13:11:55.900,0.72487,0.72494,1.72,1.10
2015.09.09 13:11:56.440,0.72486,0.72494,1.00,1.95
2015.09.09 13:11:56.950,0.72485,0.72493,2.62,1.50
2015.09.09 13:11:57.522,0.72485,0.72492,3.37,1.00
2015.09.09 13:11:57.930,0.72485,0.72494,2.62,3.45
2015.09.09 13:11:58.551,0.72485,0.72494,2.25,2.62
2015.09.09 13:11:59.061,0.72485,0.72492,2.25,1.00
2015.09.09 13:11:59.580,0.72485,0.72493,1.50,1.12
2015.09.09 13:12:01.409,0.72485,0.72493,1.87,1.12
2015.09.09 13:12:01.868,0.72484,0.72492,1.10,1.12
2015.09.09 13:12:02.385,0.72483,0.72491,1.12,2.25
2015.09.09 13:12:02.894,0.72482,0.72491,1.12,1.87
2015.09.09 13:12:03.476,0.72483,0.72491,2.25,1.12
2015.09.09 13:12:03.985,0.72484,0.72491,1.00,1.12
2015.09.09 13:12:07.002,0.72483,0.72491,1.95,1.50
2015.09.09 13:12:07.549,0.72485,0.72491,1.00,1.00
2015.09.09 13:12:08.060,0.72484,0.72493,1.50,1.87
2015.09.09 13:12:10.372,0.72485,0.72493,1.00,2.62
2015.09.09 13:12:11.351,0.72485,0.72493,1.00,1.12
2015.09.09 13:12:11.860,0.72486,0.72493,1.00,1.00
2015.09.09 13:12:12.973,0.72486,0.72494,1.00,3.37
2015.09.09 13:12:13.823,0.72484,0.72494,4.27,3.37
2015.09.09 13:12:14.361,0.72486,0.72493,1.00,1.00
2015.09.09 13:12:14.883,0.72485,0.72494,1.20,3.37
2015.09.09 13:12:15.190,0.72485,0.72492,2.62,1.00
2015.09.09 13:12:15.793,0.72484,0.72492,1.00,3.37
2015.09.09 13:12:16.201,0.72484,0.7249,1.00,1.00
2015.09.09 13:12:16.729,0.72482,0.7249,1.87,1.00
2015.09.09 13:12:17.236,0.72482,0.72491,1.87,1.50
2015.09.09 13:12:17.543,0.72482,0.72489,1.12,1.12
2015.09.09 13:12:19.483,0.72481,0.72489,1.12,1.37
2015.09.09 13:12:20.353,0.7248,0.72487,1.37,1.00
2015.09.09 13:12:20.595,0.72479,0.72488,1.87,1.87
2015.09.09 13:12:21.358,0.72482,0.72488,1.00,1.87
2015.09.09 13:12:21.897,0.7248,0.72488,1.10,1.87
2015.09.09 13:12:22.408,0.72479,0.72487,1.20,1.50
2015.09.09 13:12:22.663,0.72477,0.72485,2.32,1.00
2015.09.09 13:12:23.183,0.72476,0.72485,1.47,1.87
2015.09.09 13:12:23.895,0.72476,0.72485,1.20,1.87
2015.09.09 13:12:24.535,0.72476,0.72484,1.20,1.00
2015.09.09 13:12:27.230,0.72478,0.72485,1.00,1.87
2015.09.09 13:12:27.739,0.72478,0.72486,1.47,1.87
2015.09.09 13:12:34.172,0.72477,0.72485,3.45,1.00
2015.09.09 13:12:34.691,0.72479,0.72486,1.12,1.87
2015.09.09 13:12:36.275,0.7248,0.72486,1.00,1.12
2015.09.09 13:12:37.193,0.72479,0.72486,1.12,1.12
2015.09.09 13:12:37.724,0.7248,0.72486,1.00,1.12
2015.09.09 13:12:38.236,0.72478,0.72486,1.47,1.12
2015.09.09 13:12:41.288,0.72479,0.72487,1.12,2.25
2015.09.09 13:12:43.821,0.72479,0.72487,1.12,2.62
2015.09.09 13:12:44.332,0.7248,0.72487,1.00,1.87
2015.09.09 13:12:45.340,0.7248,0.72487,1.00,1.50
2015.09.09 13:12:46.310,0.72479,0.72487,1.20,1.50
2015.09.09 13:12:46.820,0.72479,0.72487,1.20,1.87
2015.09.09 13:12:47.787,0.72479,0.72487,1.20,2.25
2015.09.09 13:12:49.391,0.72479,0.72487,1.20,1.87
2015.09.09 13:12:52.910,0.72479,0.72487,1.57,1.50
2015.09.09 13:12:56.902,0.72479,0.72488,2.70,1.12
2015.09.09 13:12:57.411,0.72479,0.72487,2.70,1.00
2015.09.09 13:12:59.467,0.7248,0.72489,1.00,2.62
2015.09.09 13:13:00.318,0.7248,0.72488,1.57,1.37
2015.09.09 13:13:01.429,0.7248,0.72489,1.95,1.12
2015.09.09 13:13:01.938,0.72481,0.72491,1.50,3.45
2015.09.09 13:13:02.481,0.7248,0.72488,1.95,1.00
2015.09.09 13:13:02.990,0.72479,0.72489,2.70,3.00
2015.09.09 13:13:03.534,0.72479,0.72488,2.70,1.00
2015.09.09 13:13:04.282,0.72479,0.72489,1.95,3.00
2015.09.09 13:13:04.840,0.72479,0.72488,1.95,1.00
2015.09.09 13:13:05.350,0.72479,0.72489,1.95,2.62
2015.09.09 13:13:05.859,0.72479,0.72488,1.95,1.00
2015.09.09 13:13:06.389,0.72479,0.72489,1.95,3.37
2015.09.09 13:13:08.957,0.72481,0.7249,1.00,1.87
2015.09.09 13:13:09.466,0.72481,0.72489,1.37,1.12
2015.09.09 13:13:13.482,0.7248,0.72489,1.20,2.62
2015.09.09 13:13:17.982,0.72481,0.72488,1.00,1.00
2015.09.09 13:13:20.785,0.7248,0.72489,1.12,1.87
2015.09.09 13:13:21.885,0.7248,0.72488,1.87,1.00
2015.09.09 13:13:22.395,0.72481,0.72489,1.00,1.87
2015.09.09 13:13:22.937,0.72481,0.72489,1.37,1.12
2015.09.09 13:13:24.553,0.7248,0.7249,1.87,3.45
2015.09.09 13:13:28.473,0.72481,0.72489,1.00,1.12
2015.09.09 13:13:34.908,0.72479,0.72489,2.70,2.62
2015.09.09 13:13:36.919,0.72479,0.72487,2.70,1.00
2015.09.09 13:13:40.239,0.72478,0.72486,1.95,1.00
2015.09.09 13:13:40.858,0.72478,0.72485,1.37,1.00
2015.09.09 13:13:41.115,0.72476,0.72484,1.20,1.00
2015.09.09 13:13:41.673,0.72475,0.72483,2.77,1.00
2015.09.09 13:13:42.181,0.72476,0.72482,1.00,1.00
2015.09.09 13:13:42.487,0.72478,0.72482,1.00,1.00
2015.09.09 13:13:42.589,0.72476,0.72482,1.00,1.00
2015.09.09 13:13:43.133,0.72476,0.72483,1.12,1.00
2015.09.09 13:13:44.272,0.72476,0.72482,1.12,1.00
2015.09.09 13:13:44.425,0.72476,0.7248,1.12,1.00
2015.09.09 13:13:45.726,0.72476,0.72482,1.00,1.00
2015.09.09 13:13:46.476,0.72475,0.72482,1.95,1.00
2015.09.09 13:13:46.985,0.72476,0.72482,1.00,1.00
2015.09.09 13:13:47.535,0.72476,0.72483,1.00,1.00
2015.09.09 13:13:48.045,0.72476,0.72481,1.37,1.00
2015.09.09 13:13:48.199,0.72475,0.72483,2.70,1.00
2015.09.09 13:13:49.356,0.72475,0.72483,3.45,1.12
2015.09.09 13:13:50.157,0.72475,0.72482,3.45,1.00
2015.09.09 13:13:51.529,0.72475,0.72481,1.47,1.00
2015.09.09 13:13:52.092,0.72474,0.72481,2.02,1.00
2015.09.09 13:13:52.940,0.72475,0.72482,1.12,1.12
2015.09.09 13:13:53.451,0.72474,0.72481,2.70,1.00
2015.09.09 13:13:53.998,0.72475,0.72482,1.37,1.00
2015.09.09 13:13:54.508,0.72475,0.72482,1.12,1.12
2015.09.09 13:13:55.102,0.72475,0.72481,1.12,1.00
2015.09.09 13:13:55.612,0.72476,0.72483,1.00,1.37
2015.09.09 13:13:56.020,0.72479,0.72484,1.00,1.87
2015.09.09 13:13:56.273,0.72477,0.72485,2.25,1.37
2015.09.09 13:13:57.363,0.72478,0.72486,1.50,1.87
2015.09.09 13:13:57.613,0.72478,0.72485,1.50,1.00
2015.09.09 13:13:58.122,0.72479,0.72486,1.00,2.62
2015.09.09 13:13:58.630,0.72479,0.72485,1.00,1.00
2015.09.09 13:13:59.458,0.72478,0.72485,1.00,1.00
2015.09.09 13:13:59.663,0.7248,0.72486,1.00,1.87
2015.09.09 13:14:00.190,0.7248,0.72487,1.00,1.12
2015.09.09 13:14:00.955,0.72479,0.72487,1.50,1.12
2015.09.09 13:14:01.296,0.72478,0.72484,1.87,1.00
2015.09.09 13:14:01.807,0.72477,0.72485,2.62,1.00
2015.09.09 13:14:02.328,0.72479,0.72486,1.00,1.37
2015.09.09 13:14:04.063,0.72479,0.72486,1.00,1.00
2015.09.09 13:14:04.370,0.72479,0.72483,1.00,1.00
2015.09.09 13:14:05.360,0.72477,0.72483,3.45,1.00
2015.09.09 13:14:05.868,0.72478,0.72484,1.12,1.00
2015.09.09 13:14:06.370,0.72479,0.72486,1.00,1.37
2015.09.09 13:14:06.882,0.72478,0.72486,1.12,1.87
2015.09.09 13:14:08.707,0.72477,0.72483,1.37,1.00
2015.09.09 13:14:08.966,0.72475,0.72485,2.02,1.12
2015.09.09 13:14:09.735,0.72476,0.72485,1.50,1.87
2015.09.09 13:14:11.726,0.72476,0.72485,2.70,1.37
2015.09.09 13:14:17.730,0.72477,0.72484,1.00,1.87
2015.09.09 13:14:19.295,0.72476,0.72484,1.87,1.37
2015.09.09 13:14:24.182,0.72477,0.72483,1.00,2.62
2015.09.09 13:14:24.977,0.72476,0.72483,1.50,1.12
2015.09.09 13:14:25.626,0.72477,0.72483,1.00,1.12
2015.09.09 13:14:26.691,0.72476,0.72484,1.50,1.37
2015.09.09 13:14:27.198,0.72474,0.72482,1.87,1.00
2015.09.09 13:14:27.403,0.72474,0.7248,1.50,1.00
2015.09.09 13:14:27.608,0.72471,0.7248,2.70,1.37
2015.09.09 13:14:29.455,0.7247,0.72478,1.00,1.12
2015.09.09 13:14:29.969,0.72469,0.72478,1.12,2.62
2015.09.09 13:14:30.520,0.72468,0.72478,2.55,3.37
2015.09.09 13:14:31.035,0.72471,0.72478,1.00,3.37
2015.09.09 13:14:31.137,0.72469,0.72478,1.10,2.62
2015.09.09 13:14:31.634,0.72473,0.72479,2.85,1.00
2015.09.09 13:14:31.686,0.72474,0.72481,1.30,1.10
2015.09.09 13:14:31.737,0.72475,0.72483,1.00,1.95
2015.09.09 13:14:31.788,0.72475,0.72481,1.00,1.00
2015.09.09 13:14:31.890,0.72475,0.72483,1.00,4.20
2015.09.09 13:14:32.400,0.72473,0.72483,4.27,4.12
2015.09.09 13:14:32.855,0.72476,0.72485,1.00,4.27
2015.09.09 13:14:32.958,0.72476,0.72485,2.62,1.87
2015.09.09 13:14:33.060,0.72478,0.72486,1.00,1.47
2015.09.09 13:14:33.163,0.72478,0.72487,1.95,1.87
2015.09.09 13:14:33.215,0.72478,0.72485,2.25,1.00
2015.09.09 13:14:33.419,0.72476,0.72484,2.62,1.00
2015.09.09 13:14:33.921,0.72475,0.72483,1.52,1.00
2015.09.09 13:14:34.582,0.72475,0.72484,1.52,1.00
2015.09.09 13:14:35.123,0.72477,0.72485,1.12,3.00
2015.09.09 13:14:35.631,0.72477,0.72484,1.00,1.00
2015.09.09 13:14:36.142,0.72477,0.72485,1.00,2.62
2015.09.09 13:14:37.090,0.72477,0.72484,1.00,1.00
2015.09.09 13:14:37.599,0.72477,0.72485,1.00,1.87
2015.09.09 13:14:38.103,0.72477,0.72484,1.00,1.00
2015.09.09 13:14:38.625,0.72477,0.72485,1.00,1.87
2015.09.09 13:14:42.527,0.72478,0.72485,1.00,1.12
2015.09.09 13:14:42.681,0.72478,0.72487,3.52,3.37
2015.09.09 13:14:43.140,0.72478,0.72485,2.02,1.00
2015.09.09 13:14:43.343,0.72476,0.72483,1.12,1.00
2015.09.09 13:14:43.888,0.72475,0.72484,2.62,1.20
2015.09.09 13:14:44.446,0.72475,0.72484,2.62,1.57
2015.09.09 13:14:45.448,0.72475,0.72484,2.62,1.95
2015.09.09 13:14:46.079,0.72476,0.72484,1.50,1.12
2015.09.09 13:14:46.590,0.72475,0.72483,2.62,1.00
2015.09.09 13:14:49.823,0.72475,0.72482,1.87,1.00
2015.09.09 13:14:49.977,0.72474,0.7248,1.00,1.00
2015.09.09 13:14:50.131,0.72472,0.72479,1.20,1.00
2015.09.09 13:14:50.642,0.72472,0.7248,1.87,1.50
2015.09.09 13:14:51.161,0.72472,0.72477,1.12,1.00
2015.09.09 13:14:51.676,0.72468,0.72476,1.87,1.00
2015.09.09 13:14:52.169,0.7247,0.72478,1.00,2.02
2015.09.09 13:14:52.682,0.7247,0.72478,1.50,1.87
2015.09.09 13:14:53.289,0.72469,0.72477,2.70,1.00
2015.09.09 13:14:54.256,0.7247,0.72476,1.00,1.00
2015.09.09 13:14:55.765,0.72471,0.72478,1.00,1.87
2015.09.09 13:14:58.667,0.7247,0.72478,1.00,1.12
2015.09.09 13:14:59.170,0.72468,0.72478,2.77,4.12
2015.09.09 13:15:00.612,0.7247,0.72478,1.00,2.70
2015.09.09 13:15:00.972,0.72468,0.72477,1.87,2.62
2015.09.09 13:15:01.075,0.72468,0.72475,1.12,1.00
2015.09.09 13:15:01.475,0.72469,0.72477,3.97,2.02
2015.09.09 13:15:01.526,0.72469,0.72475,1.87,1.00
2015.09.09 13:15:01.682,0.72468,0.72473,1.50,2.25
2015.09.09 13:15:01.733,0.72466,0.72473,1.10,2.25
2015.09.09 13:15:02.293,0.72465,0.72473,3.52,2.25
2015.09.09 13:15:02.494,0.72467,0.72473,1.12,2.25
2015.09.09 13:15:02.659,0.72469,0.72476,1.00,1.20
2015.09.09 13:15:03.169,0.72468,0.72476,2.25,1.12
2015.09.09 13:15:05.827,0.72468,0.72475,1.50,1.00
2015.09.09 13:15:06.330,0.72469,0.72476,1.00,2.62
2015.09.09 13:15:06.944,0.72468,0.72477,2.25,1.87
2015.09.09 13:15:12.557,0.72469,0.72476,1.00,1.50
2015.09.09 13:15:13.097,0.72468,0.72476,1.87,1.00
2015.09.09 13:15:13.605,0.72468,0.72476,1.87,1.37
2015.09.09 13:15:14.515,0.72468,0.72475,1.00,1.37
2015.09.09 13:15:15.026,0.72467,0.72475,1.50,1.37
2015.09.09 13:15:16.340,0.72468,0.72476,1.00,4.87
2015.09.09 13:15:16.544,0.7247,0.72476,1.00,4.87
2015.09.09 13:15:17.061,0.72469,0.72476,1.00,1.37
2015.09.09 13:15:17.813,0.72469,0.72476,1.00,1.87
2015.09.09 13:15:19.968,0.72468,0.72476,1.50,1.87
2015.09.09 13:15:20.694,0.72467,0.72476,2.62,1.87
2015.09.09 13:15:21.089,0.72469,0.72477,1.00,2.02
2015.09.09 13:15:21.603,0.72468,0.72477,1.00,1.87
2015.09.09 13:15:22.142,0.72469,0.72478,2.25,4.20
2015.09.09 13:15:22.653,0.72469,0.72478,2.32,3.45
2015.09.09 13:15:27.244,0.72471,0.72478,1.00,1.95
2015.09.09 13:15:27.753,0.7247,0.72478,1.50,1.20
2015.09.09 13:15:28.058,0.72472,0.72477,1.00,1.00
2015.09.09 13:15:28.595,0.72472,0.72478,1.00,1.12
2015.09.09 13:15:29.002,0.7247,0.72478,1.50,1.12
2015.09.09 13:15:30.526,0.72471,0.72478,1.00,1.87
2015.09.09 13:15:33.037,0.7247,0.72478,3.37,1.00
2015.09.09 13:15:39.669,0.7247,0.72478,1.87,1.37
2015.09.09 13:15:40.187,0.72471,0.72478,1.50,1.37
2015.09.09 13:15:40.646,0.72471,0.72479,1.50,1.87
2015.09.09 13:15:43.973,0.7247,0.72479,1.95,1.87
2015.09.09 13:15:46.668,0.7247,0.72479,1.57,5.62
2015.09.09 13:15:48.635,0.7247,0.72479,1.95,7.12
2015.09.09 13:15:49.143,0.72471,0.72479,1.00,7.12
2015.09.09 13:15:49.682,0.72471,0.72479,1.00,7.12
2015.09.09 13:15:50.847,0.72473,0.72479,1.00,6.37
2015.09.09 13:15:51.367,0.72472,0.72479,1.00,4.87
2015.09.09 13:15:51.983,0.7247,0.72479,1.95,4.87
2015.09.09 13:15:52.755,0.72471,0.72479,1.00,4.87
2015.09.09 13:15:53.773,0.72471,0.72479,1.12,4.87
2015.09.09 13:15:55.710,0.72472,0.72479,1.00,1.87
2015.09.09 13:15:55.762,0.72472,0.7248,1.00,1.12
2015.09.09 13:15:56.369,0.72471,0.7248,2.77,1.12
2015.09.09 13:15:58.345,0.72472,0.7248,1.00,1.12
2015.09.09 13:16:01.046,0.72471,0.7248,1.95,2.62
2015.09.09 13:16:01.148,0.72471,0.72479,1.20,1.87
2015.09.09 13:16:01.658,0.72471,0.72477,1.12,1.00
2015.09.09 13:16:20.850,0.72469,0.72477,2.70,1.00
2015.09.09 13:16:21.752,0.7247,0.72477,1.00,1.00
2015.09.09 13:16:22.260,0.7247,0.72478,1.00,1.12
2015.09.09 13:16:22.778,0.7247,0.72479,1.12,7.12
2015.09.09 13:16:23.297,0.7247,0.72478,1.12,1.00
2015.09.09 13:16:24.508,0.7247,0.72479,1.12,7.12
2015.09.09 13:16:27.874,0.7247,0.72478,1.12,1.00
2015.09.09 13:16:31.165,0.7247,0.72477,1.12,1.00
2015.09.09 13:16:33.194,0.7247,0.72478,1.12,4.50
2015.09.09 13:16:41.359,0.7247,0.72478,1.12,1.37
2015.09.09 13:16:43.887,0.7247,0.72476,1.12,1.00
2015.09.09 13:16:52.445,0.7247,0.72477,1.87,1.12
2015.09.09 13:16:52.950,0.72471,0.72478,1.00,1.87
2015.09.09 13:16:54.389,0.72471,0.72479,1.50,3.37
2015.09.09 13:16:55.215,0.72472,0.7248,1.50,4.20
2015.09.09 13:16:55.720,0.72471,0.72478,2.62,1.00
2015.09.09 13:16:56.575,0.72471,0.72478,1.87,1.00
2015.09.09 13:17:06.350,0.72471,0.72477,1.87,1.00
2015.09.09 13:17:09.491,0.72471,0.72478,1.87,1.00
2015.09.09 13:17:10.309,0.7247,0.72478,1.87,1.00
2015.09.09 13:17:10.999,0.72471,0.72478,1.00,1.00
2015.09.09 13:17:12.702,0.7247,0.72478,2.62,1.00
2015.09.09 13:17:13.228,0.7247,0.72479,2.62,1.12
2015.09.09 13:17:14.344,0.7247,0.72479,2.62,1.00
2015.09.09 13:17:15.789,0.72472,0.7248,1.00,3.37
2015.09.09 13:17:16.298,0.7247,0.72479,2.70,1.50
2015.09.09 13:17:17.490,0.72472,0.72479,1.00,1.50
2015.09.09 13:17:18.440,0.7247,0.72479,1.95,1.50
2015.09.09 13:17:18.957,0.7247,0.72478,1.95,1.00
2015.09.09 13:17:19.649,0.72469,0.72478,1.47,1.00
2015.09.09 13:17:24.447,0.7247,0.72479,1.87,4.12
2015.09.09 13:17:25.344,0.7247,0.72479,1.87,3.75
2015.09.09 13:17:27.716,0.7247,0.72478,1.47,1.00
2015.09.09 13:17:28.736,0.7247,0.72479,1.95,2.25
2015.09.09 13:17:31.047,0.7247,0.72478,1.47,1.00
2015.09.09 13:17:31.593,0.7247,0.72478,1.12,1.50
2015.09.09 13:17:34.281,0.7247,0.72477,1.12,1.00
2015.09.09 13:17:34.820,0.7247,0.72478,1.12,2.25
2015.09.09 13:17:44.146,0.7247,0.72479,1.87,2.62
2015.09.09 13:17:47.140,0.7247,0.72479,2.32,2.62
2015.09.09 13:17:49.097,0.7247,0.72478,1.37,3.00
2015.09.09 13:17:49.605,0.7247,0.72478,1.12,2.25
2015.09.09 13:17:50.238,0.7247,0.72477,1.12,1.00
2015.09.09 13:17:52.699,0.7247,0.72477,1.37,1.00
2015.09.09 13:17:53.422,0.7247,0.72478,1.37,2.62
2015.09.09 13:17:54.456,0.7247,0.72478,1.00,1.87
2015.09.09 13:17:55.065,0.7247,0.72476,1.00,1.00
2015.09.09 13:17:55.574,0.7247,0.72477,1.00,1.00
2015.09.09 13:17:57.128,0.7247,0.72478,1.00,2.62
2015.09.09 13:17:57.433,0.72472,0.72478,1.00,1.12
2015.09.09 13:17:57.485,0.72472,0.7248,1.00,5.70
2015.09.09 13:17:57.993,0.72472,0.7248,1.17,4.12
2015.09.09 13:18:02.160,0.72472,0.72479,1.27,1.00
2015.09.09 13:18:02.313,0.7247,0.72477,1.12,1.00
2015.09.09 13:18:02.817,0.72469,0.72476,1.12,1.50
2015.09.09 13:18:03.480,0.72467,0.72476,1.27,1.87
2015.09.09 13:18:03.999,0.72467,0.72475,1.20,1.50
2015.09.09 13:18:04.576,0.72467,0.72474,1.10,1.50
2015.09.09 13:18:04.991,0.72466,0.72476,2.77,5.02
2015.09.09 13:18:05.500,0.72466,0.72475,1.95,1.50
2015.09.09 13:18:05.998,0.72466,0.72473,1.20,1.00
2015.09.09 13:18:07.353,0.72466,0.72474,1.87,2.25
2015.09.09 13:18:10.965,0.72466,0.72474,1.37,1.50
2015.09.09 13:18:11.948,0.72466,0.72474,1.20,1.50
2015.09.09 13:18:12.764,0.72465,0.72472,2.02,1.00
2015.09.09 13:18:13.247,0.72463,0.72472,1.07,2.62
2015.09.09 13:18:17.233,0.72465,0.72472,1.00,1.00
2015.09.09 13:18:17.437,0.72465,0.7247,1.00,1.00
2015.09.09 13:18:18.256,0.72465,0.72471,1.00,1.00
2015.09.09 13:18:18.952,0.72465,0.7247,1.00,1.00
2015.09.09 13:18:19.147,0.72466,0.72472,1.00,1.00
2015.09.09 13:18:20.317,0.72466,0.72471,1.00,1.00
2015.09.09 13:18:21.731,0.72464,0.72471,1.20,1.00
2015.09.09 13:18:22.240,0.72465,0.72471,1.00,1.00
2015.09.09 13:18:22.774,0.72464,0.72471,1.20,1.00
2015.09.09 13:18:25.547,0.72463,0.72471,1.95,1.50
2015.09.09 13:18:26.940,0.72464,0.72471,1.00,1.50
2015.09.09 13:18:28.846,0.72464,0.7247,1.00,1.00
2015.09.09 13:18:29.370,0.72463,0.72471,1.95,1.50
2015.09.09 13:18:31.433,0.72463,0.7247,1.95,1.00
2015.09.09 13:18:31.728,0.72462,0.72467,1.37,1.00
2015.09.09 13:18:32.035,0.72456,0.72463,1.00,1.95
2015.09.09 13:18:32.087,0.72453,0.72462,1.50,1.07
2015.09.09 13:18:32.593,0.72451,0.72459,1.47,1.00
2015.09.09 13:18:33.104,0.72452,0.7246,1.12,1.10
2015.09.09 13:18:33.619,0.72453,0.7246,1.00,1.50
2015.09.09 13:18:35.583,0.72452,0.7246,1.00,3.00
2015.09.09 13:18:35.922,0.72449,0.72457,1.00,1.20
2015.09.09 13:18:36.536,0.72448,0.72457,1.95,1.20
2015.09.09 13:18:37.041,0.72448,0.72457,1.57,1.48
2015.09.09 13:18:37.714,0.72449,0.72457,1.00,1.95
2015.09.09 13:18:38.230,0.72448,0.72456,1.95,1.00
2015.09.09 13:18:38.745,0.72448,0.72455,1.20,1.00
2015.09.09 13:18:39.051,0.72444,0.72453,4.50,1.88
2015.09.09 13:18:39.209,0.72444,0.7245,1.00,1.00
2015.09.09 13:18:39.719,0.72441,0.7245,2.77,1.00
2015.09.09 13:18:40.244,0.72441,0.7245,1.95,1.10
2015.09.09 13:18:40.296,0.72444,0.7245,1.00,1.10
2015.09.09 13:18:40.857,0.72442,0.7245,1.87,1.10
2015.09.09 13:18:40.908,0.72445,0.72452,1.00,2.33
2015.09.09 13:18:41.242,0.72445,0.72453,1.50,1.87
2015.09.09 13:18:41.400,0.72445,0.72454,1.20,2.62
2015.09.09 13:18:41.503,0.72445,0.72454,1.10,3.37
2015.09.09 13:18:42.012,0.72445,0.72453,1.20,1.00
2015.09.09 13:18:42.279,0.72445,0.72452,1.20,1.50
2015.09.09 13:18:42.792,0.72445,0.72453,1.50,1.48
2015.09.09 13:18:43.333,0.72446,0.72452,1.00,1.13
2015.09.09 13:18:44.359,0.72445,0.72453,1.00,1.37
2015.09.09 13:18:45.450,0.72445,0.72453,1.50,1.12
2015.09.09 13:18:45.907,0.72445,0.72453,1.00,1.37
2015.09.09 13:18:47.499,0.72444,0.72451,1.00,1.12
2015.09.09 13:18:47.667,0.72442,0.72451,1.20,1.12
2015.09.09 13:18:48.231,0.72442,0.72451,1.20,1.13
2015.09.09 13:18:48.861,0.72443,0.7245,1.50,1.00
2015.09.09 13:18:49.371,0.72443,0.72449,1.00,1.00
2015.09.09 13:18:49.888,0.72442,0.7245,1.00,1.13
2015.09.09 13:18:50.397,0.72442,0.7245,1.37,1.13
2015.09.09 13:18:51.060,0.72442,0.7245,1.37,1.13
2015.09.09 13:18:51.631,0.72441,0.72449,1.37,1.00
2015.09.09 13:18:51.683,0.72441,0.72449,1.12,1.00
2015.09.09 13:18:53.726,0.72442,0.7245,1.00,1.13
2015.09.09 13:18:54.235,0.72441,0.7245,1.87,1.13
2015.09.09 13:18:55.068,0.72441,0.7245,2.62,1.13
2015.09.09 13:18:55.697,0.72441,0.7245,2.62,1.13
2015.09.09 13:18:55.851,0.72441,0.7245,1.87,1.13
2015.09.09 13:18:57.396,0.72443,0.72451,1.00,1.13
2015.09.09 13:18:57.753,0.72441,0.7245,1.95,1.00
2015.09.09 13:18:58.300,0.72441,0.7245,1.37,1.00
2015.09.09 13:18:58.809,0.72441,0.7245,1.12,1.88
2015.09.09 13:19:01.795,0.72442,0.72449,1.00,1.00
2015.09.09 13:19:02.311,0.72442,0.7245,1.00,2.63
2015.09.09 13:19:02.616,0.72446,0.7245,1.00,1.12
2015.09.09 13:19:02.718,0.72442,0.72451,1.50,1.38
2015.09.09 13:19:02.769,0.72444,0.72451,1.00,1.38
2015.09.09 13:19:02.973,0.72442,0.72451,1.00,1.88
2015.09.09 13:19:03.505,0.72442,0.72451,1.00,2.70
2015.09.09 13:19:03.607,0.72444,0.72451,1.00,2.70
2015.09.09 13:19:03.913,0.72444,0.72451,1.00,2.70
2015.09.09 13:19:04.472,0.72444,0.72451,1.00,1.95
2015.09.09 13:19:05.019,0.72444,0.72451,1.00,1.95
2015.09.09 13:19:05.526,0.72444,0.72451,1.00,1.48
2015.09.09 13:19:07.358,0.72444,0.72451,1.00,1.20
2015.09.09 13:19:08.701,0.72443,0.72452,1.57,1.88
2015.09.09 13:19:09.211,0.72444,0.72452,1.00,1.87
2015.09.09 13:19:09.465,0.72442,0.72451,1.95,1.13
2015.09.09 13:19:09.981,0.72443,0.72451,1.00,1.13
2015.09.09 13:19:11.210,0.72444,0.72451,1.00,1.12
2015.09.09 13:19:14.974,0.72443,0.72452,1.50,1.38
2015.09.09 13:19:15.486,0.72443,0.7245,1.00,1.00
2015.09.09 13:19:16.080,0.72442,0.7245,1.50,1.12
2015.09.09 13:19:16.489,0.72442,0.72449,1.50,1.88
2015.09.09 13:19:16.795,0.72439,0.72448,1.47,1.88
2015.09.09 13:19:17.033,0.72438,0.72447,1.20,1.88
2015.09.09 13:19:17.542,0.72438,0.72446,1.12,1.58
2015.09.09 13:19:18.098,0.72436,0.72446,2.70,1.20
2015.09.09 13:19:18.608,0.72436,0.72446,2.62,1.95
2015.09.09 13:19:18.862,0.72436,0.72446,2.62,1.95
2015.09.09 13:19:23.886,0.72438,0.72445,1.00,1.37
2015.09.09 13:19:24.677,0.72436,0.72445,1.00,1.38
2015.09.09 13:19:25.565,0.72436,0.72445,1.12,1.13
2015.09.09 13:19:27.838,0.72436,0.72444,1.00,1.13
2015.09.09 13:19:28.347,0.72436,0.72443,1.00,1.00
2015.09.09 13:19:28.398,0.72438,0.72443,1.00,1.00
2015.09.09 13:19:29.269,0.72436,0.72443,1.00,1.00
2015.09.09 13:19:29.320,0.72436,0.72443,1.00,1.00
2015.09.09 13:19:29.627,0.72432,0.72439,1.95,1.00
2015.09.09 13:19:30.036,0.72433,0.72439,1.00,1.00
2015.09.09 13:19:30.342,0.72431,0.72439,1.20,1.88
2015.09.09 13:19:30.546,0.7243,0.72438,1.55,1.00
2015.09.09 13:19:30.991,0.72429,0.72436,1.20,1.50
2015.09.09 13:19:31.347,0.72429,0.72436,1.20,1.50
2015.09.09 13:19:32.166,0.72429,0.72436,1.20,1.50
2015.09.09 13:19:32.453,0.72429,0.72436,1.20,1.50
2015.09.09 13:19:33.012,0.7243,0.72434,1.00,1.00
2015.09.09 13:19:33.063,0.7243,0.72437,1.00,1.00
2015.09.09 13:19:34.454,0.7243,0.72438,1.37,1.88
2015.09.09 13:19:36.036,0.7243,0.72438,1.87,1.87
2015.09.09 13:19:36.087,0.72433,0.72438,1.00,1.87
2015.09.09 13:19:36.291,0.72434,0.72442,1.00,1.37
2015.09.09 13:19:36.343,0.72436,0.72443,1.00,2.70
2015.09.09 13:19:36.394,0.72438,0.72443,1.00,1.57
2015.09.09 13:19:36.446,0.72436,0.72443,1.50,1.10
2015.09.09 13:19:36.971,0.72437,0.72444,1.20,1.12
2015.09.09 13:19:37.481,0.72436,0.72444,2.70,1.20
2015.09.09 13:19:37.832,0.72435,0.72444,1.00,4.20
2015.09.09 13:19:38.190,0.72435,0.72444,1.00,4.27
2015.09.09 13:19:38.701,0.72435,0.72444,1.00,4.27
2015.09.09 13:19:39.237,0.72434,0.72442,1.20,1.95
2015.09.09 13:19:39.441,0.72432,0.72441,1.12,1.20
2015.09.09 13:19:40.198,0.72432,0.7244,1.87,1.00
2015.09.09 13:19:40.707,0.72432,0.72442,2.62,2.02
2015.09.09 13:19:41.299,0.72432,0.72442,2.62,2.77
2015.09.09 13:19:41.402,0.72432,0.72442,2.62,3.52
2015.09.09 13:19:41.911,0.72431,0.72439,1.12,1.07
2015.09.09 13:19:44.148,0.7243,0.72439,1.95,1.20
2015.09.09 13:19:45.181,0.7243,0.72439,1.95,1.20
2015.09.09 13:19:45.486,0.72431,0.72439,1.00,1.12
2015.09.09 13:19:46.042,0.72431,0.7244,1.00,1.95
2015.09.09 13:19:48.330,0.72432,0.72439,1.00,1.20
2015.09.09 13:19:48.751,0.72432,0.7244,1.00,1.20
2015.09.09 13:19:49.413,0.72433,0.7244,1.00,1.20
2015.09.09 13:19:50.106,0.72432,0.7244,1.50,1.20
2015.09.09 13:19:50.942,0.72432,0.72441,1.12,1.12
2015.09.09 13:19:51.419,0.72432,0.7244,1.12,1.57
2015.09.09 13:19:53.325,0.72432,0.72439,1.00,1.07
2015.09.09 13:19:55.108,0.72431,0.72439,1.27,1.07
2015.09.09 13:19:56.790,0.72433,0.72439,1.00,1.07
2015.09.09 13:19:57.046,0.72437,0.72444,1.57,1.12
2015.09.09 13:19:57.383,0.72437,0.72447,3.37,1.37
2015.09.09 13:19:57.893,0.72437,0.72447,2.02,2.62
2015.09.09 13:19:58.484,0.72437,0.72447,2.70,1.37
2015.09.09 13:19:58.998,0.72438,0.72447,1.00,1.45
2015.09.09 13:19:59.619,0.72437,0.72446,1.95,1.10
2015.09.09 13:20:00.491,0.72437,0.72446,1.20,1.20
2015.09.09 13:20:01.039,0.72437,0.72445,1.20,3.75
2015.09.09 13:20:04.088,0.72437,0.72443,1.20,2.25
2015.09.09 13:20:04.598,0.72439,0.72443,1.00,2.25
2015.09.09 13:20:05.680,0.72439,0.72447,1.50,3.45
2015.09.09 13:20:07.975,0.72438,0.72447,2.70,4.20
2015.09.09 13:20:08.488,0.72438,0.72444,1.95,1.00
2015.09.09 13:20:08.591,0.72438,0.72446,1.20,5.25
2015.09.09 13:20:08.643,0.72436,0.72443,1.57,1.07
2015.09.09 13:20:08.849,0.72434,0.72443,1.12,2.70
2015.09.09 13:20:09.539,0.72434,0.72442,1.12,1.00
2015.09.09 13:20:10.598,0.72434,0.72442,1.00,2.62
2015.09.09 13:20:11.879,0.72435,0.72442,1.00,2.62
2015.09.09 13:20:12.895,0.72434,0.72442,1.00,3.45
2015.09.09 13:20:13.155,0.72431,0.72441,1.95,4.20
2015.09.09 13:20:13.309,0.72431,0.72439,1.10,1.95
2015.09.09 13:20:13.818,0.7243,0.72439,1.37,2.85
2015.09.09 13:20:14.691,0.72429,0.72438,1.37,1.20
2015.09.09 13:20:14.997,0.72429,0.72438,1.37,1.65
2015.09.09 13:20:16.273,0.72429,0.72438,1.12,1.27
2015.09.09 13:20:19.757,0.72427,0.72435,1.95,1.00
2015.09.09 13:20:19.961,0.72427,0.72435,1.87,1.37
2015.09.09 13:20:21.178,0.72428,0.72436,1.00,4.95
2015.09.09 13:20:21.710,0.72428,0.72436,1.12,1.47
2015.09.09 13:20:22.220,0.72429,0.72436,1.00,1.47
2015.09.09 13:20:24.295,0.72427,0.72436,1.47,2.77
2015.09.09 13:20:24.753,0.72426,0.72435,1.95,1.20
2015.09.09 13:20:25.297,0.72426,0.72434,1.12,1.00
2015.09.09 13:20:25.501,0.72428,0.72433,1.00,1.20
2015.09.09 13:20:25.553,0.72428,0.72435,1.87,1.27
2015.09.09 13:20:25.656,0.72429,0.72438,1.12,3.45
2015.09.09 13:20:25.905,0.7243,0.72438,1.37,2.25
2015.09.09 13:20:26.416,0.72433,0.72438,1.00,2.25
2015.09.09 13:20:26.519,0.72433,0.72441,1.00,1.95
2015.09.09 13:20:27.625,0.72432,0.72441,1.00,1.95
2015.09.09 13:20:29.846,0.72432,0.72442,2.62,3.52
2015.09.09 13:20:30.456,0.72434,0.72442,1.00,2.70
2015.09.09 13:20:31.352,0.72434,0.72442,1.00,1.00
2015.09.09 13:20:31.866,0.72435,0.72443,1.50,1.12
2015.09.09 13:20:32.378,0.72436,0.72443,1.00,1.12
2015.09.09 13:20:33.307,0.72437,0.72445,1.00,2.70
2015.09.09 13:20:33.358,0.72437,0.72445,1.00,2.70
2015.09.09 13:20:38.617,0.72437,0.72445,1.37,1.95
2015.09.09 13:20:40.137,0.72437,0.72445,1.00,1.95
2015.09.09 13:20:41.880,0.72437,0.72444,1.00,1.07
2015.09.09 13:20:43.159,0.72437,0.72444,1.12,1.07
2015.09.09 13:20:43.363,0.72434,0.72442,1.47,1.07
2015.09.09 13:20:43.570,0.72434,0.72442,1.95,1.00
2015.09.09 13:20:44.136,0.72434,0.72442,1.95,1.00
2015.09.09 13:20:51.885,0.72434,0.72441,1.37,1.00
2015.09.09 13:20:52.389,0.72434,0.72442,1.12,1.10
2015.09.09 13:20:52.848,0.72436,0.72443,1.00,1.12
2015.09.09 13:20:53.427,0.72436,0.72443,1.47,1.00
2015.09.09 13:20:53.732,0.72434,0.72443,1.47,3.07
2015.09.09 13:20:54.694,0.72434,0.72443,1.47,3.45
2015.09.09 13:20:55.361,0.72436,0.72443,1.12,2.25
2015.09.09 13:20:55.870,0.72436,0.72444,2.62,1.00
2015.09.09 13:20:56.886,0.72436,0.72445,2.62,1.12
2015.09.09 13:20:57.302,0.72435,0.72443,1.47,1.57
2015.09.09 13:20:57.354,0.72434,0.72443,1.27,3.45
2015.09.09 13:20:57.865,0.72436,0.72442,1.00,1.07
2015.09.09 13:20:57.968,0.72435,0.72443,1.87,3.00
2015.09.09 13:20:58.469,0.72436,0.72445,1.20,2.70
2015.09.09 13:20:58.623,0.72435,0.72443,1.95,1.00
2015.09.09 13:20:59.160,0.72435,0.72443,1.12,2.62
2015.09.09 13:20:59.669,0.72435,0.72443,1.12,1.95
2015.09.09 13:21:01.481,0.72435,0.72443,1.12,3.37
2015.09.09 13:21:01.990,0.72436,0.72444,1.87,1.20
2015.09.09 13:21:02.518,0.72436,0.72443,1.37,1.00
2015.09.09 13:21:03.896,0.72434,0.72442,2.70,1.50
2015.09.09 13:21:03.998,0.72434,0.72442,1.47,2.32
2015.09.09 13:21:04.505,0.72433,0.72441,2.77,1.50
2015.09.09 13:21:04.811,0.72432,0.72439,1.50,1.00
2015.09.09 13:21:05.397,0.72432,0.72438,2.62,1.00
2015.09.09 13:21:05.656,0.72432,0.7244,2.62,1.00
2015.09.09 13:21:06.513,0.72432,0.72442,2.70,3.82
2015.09.09 13:21:07.025,0.72432,0.7244,1.87,2.32
2015.09.09 13:21:07.530,0.7243,0.72437,1.37,1.00
2015.09.09 13:21:08.041,0.72429,0.72438,2.62,1.10
2015.09.09 13:21:08.477,0.72429,0.72438,2.62,1.57
2015.09.09 13:21:08.887,0.72427,0.72434,1.87,1.00
2015.09.09 13:21:09.389,0.72427,0.72434,1.37,1.57
2015.09.09 13:21:09.441,0.72425,0.72433,1.87,1.50
2015.09.09 13:21:09.544,0.72423,0.72433,3.52,1.87
2015.09.09 13:21:09.698,0.72423,0.72431,2.77,1.00
2015.09.09 13:21:10.441,0.72423,0.72432,2.62,1.50
2015.09.09 13:21:11.309,0.72423,0.72431,2.62,1.00
2015.09.09 13:21:11.813,0.72423,0.72432,2.62,1.12
2015.09.09 13:21:12.118,0.72423,0.7243,1.87,1.00
2015.09.09 13:21:12.908,0.72424,0.7243,1.00,1.00
2015.09.09 13:21:13.815,0.72423,0.72431,2.62,1.00
2015.09.09 13:21:14.376,0.72423,0.72432,2.62,2.25
2015.09.09 13:21:16.138,0.72424,0.72431,1.12,1.00
2015.09.09 13:21:16.655,0.72424,0.72432,1.12,2.25
2015.09.09 13:21:17.566,0.72423,0.72432,2.62,1.87
2015.09.09 13:21:18.130,0.72424,0.72432,1.00,1.12
2015.09.09 13:21:19.517,0.72426,0.72433,1.00,3.45
2015.09.09 13:21:19.975,0.72424,0.72428,1.20,1.00
2015.09.09 13:21:20.026,0.72423,0.72431,1.20,1.50
2015.09.09 13:21:20.523,0.72426,0.72432,1.50,1.87
2015.09.09 13:21:20.829,0.72429,0.72436,1.00,1.95
2015.09.09 13:21:21.481,0.72429,0.72436,1.00,1.45
2015.09.09 13:21:21.584,0.72429,0.72436,1.12,1.20
2015.09.09 13:21:21.737,0.72426,0.72433,1.47,1.00
2015.09.09 13:21:21.891,0.72426,0.72432,1.12,1.00
2015.09.09 13:21:21.993,0.72426,0.7243,1.12,1.00
2015.09.09 13:21:22.391,0.72418,0.72422,2.32,1.00
2015.09.09 13:21:22.544,0.72415,0.72421,1.10,1.00
2015.09.09 13:21:23.054,0.72414,0.7242,1.12,1.00
2015.09.09 13:21:23.156,0.72414,0.72422,1.12,2.25
2015.09.09 13:21:23.447,0.72416,0.72422,1.00,1.00
2015.09.09 13:21:23.651,0.72418,0.72425,1.12,1.00
2015.09.09 13:21:24.159,0.72418,0.72426,1.20,1.00
2015.09.09 13:21:24.666,0.72419,0.72427,1.12,1.00
2015.09.09 13:21:25.341,0.72418,0.72426,1.47,1.50
2015.09.09 13:21:25.574,0.72417,0.72425,1.12,1.00
2015.09.09 13:21:26.033,0.72415,0.72423,1.87,1.00
2015.09.09 13:21:26.794,0.72415,0.72423,1.12,1.00
2015.09.09 13:21:27.099,0.72413,0.72422,1.87,1.12
2015.09.09 13:21:27.302,0.72413,0.72421,1.87,1.87
2015.09.09 13:21:27.796,0.7241,0.72419,1.12,1.12
2015.09.09 13:21:28.305,0.7241,0.72418,1.12,1.57
2015.09.09 13:21:28.776,0.72409,0.72416,1.37,1.00
2015.09.09 13:21:29.883,0.72409,0.72416,1.12,1.00
2015.09.09 13:21:30.191,0.72407,0.72414,1.37,1.00
2015.09.09 13:21:30.396,0.72406,0.72415,1.37,3.82
2015.09.09 13:21:30.966,0.72405,0.72414,1.47,1.10
2015.09.09 13:21:31.500,0.72405,0.72414,1.47,1.10
2015.09.09 13:21:31.911,0.72405,0.72412,1.47,1.00
2015.09.09 13:21:32.448,0.72402,0.72412,1.47,1.87
2015.09.09 13:21:32.804,0.72402,0.7241,1.47,1.00
2015.09.09 13:21:33.628,0.72402,0.72412,1.47,3.37
2015.09.09 13:21:34.144,0.72402,0.72412,1.47,3.37
2015.09.09 13:21:36.973,0.72401,0.72409,1.07,1.50
2015.09.09 13:21:37.484,0.72399,0.72409,2.02,3.75
2015.09.09 13:21:37.840,0.72399,0.72407,1.57,1.00
2015.09.09 13:21:38.149,0.72399,0.72409,1.57,2.25
2015.09.09 13:21:38.879,0.72399,0.72409,2.02,2.62
2015.09.09 13:21:39.981,0.72402,0.7241,1.12,1.65
2015.09.09 13:21:40.638,0.72404,0.7241,1.00,1.00
2015.09.09 13:21:41.161,0.72404,0.72412,1.00,1.37
2015.09.09 13:21:42.062,0.72404,0.72412,1.12,1.50
2015.09.09 13:21:45.998,0.72404,0.72411,1.12,1.00
2015.09.09 13:21:46.506,0.72404,0.72412,1.12,2.25
2015.09.09 13:21:47.927,0.72404,0.72413,2.62,1.95
2015.09.09 13:21:48.476,0.72404,0.72413,2.70,1.57
2015.09.09 13:21:49.340,0.72406,0.72413,1.00,1.57
2015.09.09 13:21:50.674,0.72408,0.72413,1.00,1.10
2015.09.09 13:21:51.017,0.72409,0.72415,1.12,1.00
2015.09.09 13:21:51.070,0.72411,0.72417,1.12,1.00
2015.09.09 13:21:51.378,0.72412,0.72418,1.37,1.00
2015.09.09 13:21:51.481,0.72411,0.72418,1.87,1.00
2015.09.09 13:21:52.509,0.72409,0.72417,2.62,1.00
2015.09.09 13:21:54.482,0.72409,0.72417,1.87,1.00
2015.09.09 13:21:56.517,0.72409,0.72416,1.87,1.00
2015.09.09 13:21:57.047,0.72409,0.72417,1.87,1.50
2015.09.09 13:21:57.713,0.7241,0.72418,1.37,1.20
2015.09.09 13:21:58.123,0.72413,0.72418,1.00,1.20
2015.09.09 13:21:58.610,0.72412,0.7242,1.37,1.10
2015.09.09 13:21:59.673,0.7241,0.72418,1.07,1.87
2015.09.09 13:21:59.981,0.72408,0.72415,1.95,1.50
2015.09.09 13:22:00.389,0.72411,0.72417,1.00,2.25
2015.09.09 13:22:00.905,0.72411,0.72418,1.00,3.00
2015.09.09 13:22:01.467,0.72411,0.72418,1.37,3.00
2015.09.09 13:22:03.434,0.72411,0.72418,1.12,1.50
2015.09.09 13:22:06.818,0.72409,0.72417,1.95,1.00
2015.09.09 13:22:06.869,0.72409,0.72417,2.70,1.50
2015.09.09 13:22:07.379,0.7241,0.72417,1.12,1.50
2015.09.09 13:22:08.991,0.7241,0.72417,1.87,1.50
2015.09.09 13:22:11.301,0.7241,0.72418,1.37,1.00
2015.09.09 13:22:13.033,0.72412,0.72418,1.00,1.00
2015.09.09 13:22:13.186,0.72414,0.72418,1.00,1.00
2015.09.09 13:22:13.289,0.72414,0.7242,1.00,1.50
2015.09.09 13:22:13.494,0.72414,0.72422,1.12,1.00
2015.09.09 13:22:14.002,0.72415,0.72422,1.10,1.50
2015.09.09 13:22:14.370,0.72416,0.72424,1.10,1.12
2015.09.09 13:22:14.881,0.72417,0.72424,1.20,1.00
2015.09.09 13:22:15.502,0.72417,0.72423,1.20,1.00
2015.09.09 13:22:18.109,0.72417,0.72424,1.20,1.00
2015.09.09 13:22:18.262,0.72419,0.72424,1.00,1.00
2015.09.09 13:22:18.798,0.72419,0.72425,1.00,1.00
2015.09.09 13:22:20.916,0.72419,0.72426,1.00,2.32
2015.09.09 13:22:24.946,0.72419,0.72427,1.12,1.50
2015.09.09 13:22:25.574,0.7242,0.72427,1.00,1.00
2015.09.09 13:22:25.626,0.7242,0.72429,1.20,1.95
2015.09.09 13:22:27.444,0.7242,0.72427,1.20,1.00
2015.09.09 13:22:27.546,0.7242,0.72429,1.20,3.37
2015.09.09 13:22:28.439,0.72421,0.72429,1.50,3.37
2015.09.09 13:22:28.948,0.72421,0.72429,2.70,1.12
2015.09.09 13:22:29.803,0.72425,0.72429,1.00,1.12
2015.09.09 13:22:29.854,0.72425,0.72429,1.00,1.00
2015.09.09 13:22:29.957,0.72427,0.72432,1.00,1.00
2015.09.09 13:22:30.008,0.72426,0.72434,1.12,1.50
2015.09.09 13:22:30.517,0.72426,0.72435,1.87,2.70
2015.09.09 13:22:30.861,0.72428,0.72435,1.00,1.87
2015.09.09 13:22:31.890,0.72426,0.72435,2.70,1.12
2015.09.09 13:22:32.095,0.72428,0.72435,1.00,1.00
2015.09.09 13:22:32.553,0.72431,0.72436,1.00,1.12
2015.09.09 13:22:33.101,0.7243,0.72436,1.00,1.00
2015.09.09 13:22:33.406,0.72428,0.72434,1.10,1.00
2015.09.09 13:22:33.914,0.72426,0.72433,1.37,1.00
2015.09.09 13:22:34.261,0.72425,0.72431,1.10,1.00
2015.09.09 13:22:34.771,0.72424,0.7243,1.37,1.00
2015.09.09 13:22:35.381,0.72424,0.72431,1.37,1.00
2015.09.09 13:22:35.534,0.72424,0.72433,1.37,2.32
2015.09.09 13:22:35.840,0.72424,0.72431,1.47,1.00
2015.09.09 13:22:36.551,0.72426,0.72433,1.00,2.25
2015.09.09 13:22:36.964,0.72422,0.72431,2.25,1.00
2015.09.09 13:22:37.015,0.72422,0.72431,2.25,1.00
2015.09.09 13:22:37.954,0.72422,0.72429,1.87,1.00
2015.09.09 13:22:38.515,0.72421,0.72429,3.37,1.00
2015.09.09 13:22:39.559,0.72427,0.72432,1.00,3.52
2015.09.09 13:22:39.610,0.72425,0.72431,1.00,2.32
2015.09.09 13:22:39.763,0.72425,0.72433,1.37,1.00
2015.09.09 13:22:40.136,0.72426,0.72435,1.87,2.32
2015.09.09 13:22:40.645,0.72429,0.72435,1.00,2.32
2015.09.09 13:22:41.273,0.72428,0.72435,1.87,2.32
2015.09.09 13:22:44.962,0.72428,0.72436,2.62,1.87
2015.09.09 13:22:46.277,0.72428,0.72436,2.62,2.25
2015.09.09 13:22:46.820,0.72428,0.72435,3.37,1.00
2015.09.09 13:22:52.027,0.72429,0.72435,1.47,1.00
2015.09.09 13:22:52.650,0.72429,0.72435,1.20,1.00
2015.09.09 13:22:55.222,0.72429,0.72437,1.20,1.00
2015.09.09 13:22:58.531,0.7243,0.72437,1.00,1.50
2015.09.09 13:23:01.644,0.72429,0.72436,1.37,1.00
2015.09.09 13:23:03.587,0.72428,0.72438,4.12,3.07
2015.09.09 13:23:03.791,0.72429,0.72436,1.95,1.00
2015.09.09 13:23:04.301,0.72428,0.72435,1.50,1.00
2015.09.09 13:23:04.814,0.72428,0.72436,1.95,2.25
2015.09.09 13:23:05.322,0.72428,0.72436,1.95,1.50
2015.09.09 13:23:06.775,0.72428,0.72435,1.95,1.00
2015.09.09 13:23:06.979,0.72427,0.72437,3.07,4.50
2015.09.09 13:23:09.091,0.72428,0.72436,1.95,1.00
2015.09.09 13:23:10.887,0.7243,0.72438,1.87,1.50
2015.09.09 13:23:11.397,0.7243,0.72437,1.87,1.00
2015.09.09 13:23:15.182,0.72431,0.72438,1.00,1.00
2015.09.09 13:23:15.385,0.7243,0.72436,1.12,1.00
2015.09.09 13:23:16.015,0.72429,0.72437,2.70,1.00
2015.09.09 13:23:16.587,0.7243,0.72437,1.37,1.00
2015.09.09 13:23:19.140,0.7243,0.72438,1.37,1.12
2015.09.09 13:23:19.853,0.72431,0.7244,1.37,2.32
2015.09.09 13:23:20.175,0.72432,0.72441,2.77,1.50
2015.09.09 13:23:20.227,0.72433,0.72441,1.57,1.50
2015.09.09 13:23:20.839,0.72433,0.72443,1.57,1.87
2015.09.09 13:23:21.540,0.72435,0.72441,1.10,1.00
2015.09.09 13:23:21.946,0.72437,0.72443,1.00,1.87
2015.09.09 13:23:22.497,0.72438,0.72445,1.20,1.37
2015.09.09 13:23:22.701,0.72438,0.72445,1.27,1.00
2015.09.09 13:23:23.211,0.72438,0.72445,1.27,1.00
2015.09.09 13:23:24.636,0.7244,0.72446,1.00,1.00
2015.09.09 13:23:25.183,0.72441,0.72447,1.10,1.12
2015.09.09 13:23:25.692,0.72441,0.72448,1.10,1.00
2015.09.09 13:23:26.239,0.72441,0.72449,1.10,3.37
2015.09.09 13:23:26.750,0.72442,0.7245,1.57,1.37
2015.09.09 13:23:27.106,0.72441,0.72447,1.12,1.00
2015.09.09 13:23:27.158,0.7244,0.72447,1.57,1.50
2015.09.09 13:23:27.704,0.72442,0.7245,1.10,1.87
2015.09.09 13:23:27.950,0.72442,0.7245,1.10,1.12
2015.09.09 13:23:28.156,0.72444,0.7245,1.00,1.12
2015.09.09 13:23:31.182,0.72446,0.7245,1.00,1.00
2015.09.09 13:23:31.234,0.72446,0.72452,1.00,1.00
2015.09.09 13:23:34.284,0.72444,0.72453,1.57,2.25
2015.09.09 13:23:35.790,0.72443,0.72452,1.95,1.50
2015.09.09 13:23:36.185,0.72443,0.72451,2.02,1.50
2015.09.09 13:23:36.694,0.72442,0.7245,1.55,1.00
2015.09.09 13:23:39.639,0.72442,0.72449,2.02,1.00
2015.09.09 13:23:40.148,0.72442,0.72449,1.10,1.87
2015.09.09 13:23:40.200,0.72442,0.72447,1.10,1.00
2015.09.09 13:23:41.153,0.72441,0.72447,1.95,1.00
2015.09.09 13:23:42.810,0.72441,0.72449,1.95,1.00
2015.09.09 13:23:43.068,0.72446,0.7245,1.00,3.37
2015.09.09 13:23:43.120,0.72444,0.72449,1.00,1.00
2015.09.09 13:23:43.648,0.72445,0.72453,1.07,1.12
2015.09.09 13:23:45.465,0.72445,0.72454,1.20,5.62
2015.09.09 13:23:46.076,0.72448,0.72454,1.50,1.00
2015.09.09 13:23:46.405,0.7245,0.72456,1.50,1.00
2015.09.09 13:23:46.916,0.72451,0.72459,1.00,1.87
2015.09.09 13:23:47.425,0.72449,0.72459,4.20,2.62
2015.09.09 13:23:47.528,0.7245,0.72459,1.10,2.62
2015.09.09 13:23:47.885,0.72449,0.72459,2.77,3.37
2015.09.09 13:23:50.619,0.7245,0.72459,2.32,1.87
2015.09.09 13:23:51.558,0.7245,0.7246,2.32,3.37
2015.09.09 13:23:52.194,0.7245,0.72457,1.57,1.00
2015.09.09 13:23:52.556,0.72451,0.72459,1.00,1.87
2015.09.09 13:23:53.067,0.72451,0.72459,2.32,1.12
2015.09.09 13:23:56.396,0.72451,0.72458,1.07,1.00
2015.09.09 13:23:56.549,0.7245,0.72455,1.20,1.00
2015.09.09 13:23:56.651,0.72449,0.72455,1.17,1.00
2015.09.09 13:23:56.754,0.72448,0.72455,1.00,1.00
2015.09.09 13:23:57.028,0.72446,0.72455,1.20,1.87
2015.09.09 13:23:57.536,0.72444,0.72454,3.82,2.25
2015.09.09 13:23:57.841,0.72444,0.72453,1.95,1.12
2015.09.09 13:23:58.376,0.72444,0.72452,2.70,1.00
2015.09.09 13:23:58.580,0.72444,0.7245,1.95,1.00
2015.09.09 13:23:59.171,0.72441,0.7245,1.00,1.57
2015.09.09 13:23:59.684,0.72441,0.72448,1.00,1.00
2015.09.09 13:24:00.338,0.7244,0.72448,2.62,1.00
2015.09.09 13:24:00.848,0.72441,0.72448,1.00,1.00
2015.09.09 13:24:01.533,0.7244,0.72448,1.00,1.12
2015.09.09 13:24:02.046,0.7244,0.72447,1.50,1.00
2015.09.09 13:24:02.199,0.72441,0.72449,1.00,2.62
2015.09.09 13:24:02.735,0.7244,0.72449,2.62,1.87
2015.09.09 13:24:03.246,0.72441,0.72448,1.00,1.00
2015.09.09 13:24:03.748,0.7244,0.72447,1.12,1.00
2015.09.09 13:24:04.005,0.72438,0.72446,1.87,1.50
2015.09.09 13:24:04.515,0.72439,0.72446,1.00,1.00
2015.09.09 13:24:04.923,0.72438,0.72443,1.12,1.00
2015.09.09 13:24:05.128,0.72434,0.72443,1.27,1.87
2015.09.09 13:24:06.042,0.72434,0.72444,2.77,2.62
2015.09.09 13:24:06.500,0.72437,0.72444,1.00,2.62
2015.09.09 13:24:07.048,0.72438,0.72447,1.10,2.62
2015.09.09 13:24:07.557,0.72438,0.72447,1.20,2.62
2015.09.09 13:24:08.082,0.72438,0.72446,1.95,1.00
2015.09.09 13:24:09.763,0.72438,0.72445,1.12,1.00
2015.09.09 13:24:09.967,0.72437,0.72443,1.00,1.00
2015.09.09 13:24:10.295,0.72437,0.72445,1.00,1.50
2015.09.09 13:24:10.804,0.72438,0.72445,1.00,1.00
2015.09.09 13:24:11.401,0.72438,0.72446,1.00,1.20
2015.09.09 13:24:11.912,0.72438,0.72447,1.87,1.12
2015.09.09 13:24:12.456,0.72438,0.72446,1.87,1.00
2015.09.09 13:24:13.355,0.72438,0.72447,1.50,1.87
2015.09.09 13:24:13.662,0.72438,0.72446,1.87,1.00
2015.09.09 13:24:14.643,0.72438,0.72446,3.37,1.50
2015.09.09 13:24:15.193,0.72438,0.72445,1.87,1.00
2015.09.09 13:24:15.498,0.72437,0.72445,1.20,1.00
2015.09.09 13:24:16.335,0.72437,0.72445,1.95,1.00
2015.09.09 13:24:16.897,0.72438,0.72448,2.02,1.87
2015.09.09 13:24:17.078,0.72438,0.72448,2.02,2.62
2015.09.09 13:24:17.132,0.72439,0.72448,1.55,1.50
2015.09.09 13:24:17.387,0.72441,0.7245,1.20,1.12
2015.09.09 13:24:17.909,0.72443,0.7245,1.00,1.12
2015.09.09 13:24:18.464,0.72443,0.72451,1.00,1.87
2015.09.09 13:24:18.770,0.72444,0.72451,1.37,1.00
2015.09.09 13:24:19.288,0.72445,0.72453,2.62,4.12
2015.09.09 13:24:19.443,0.72446,0.72454,1.00,2.62
2015.09.09 13:24:19.852,0.72446,0.72452,1.00,1.00
2015.09.09 13:24:20.481,0.72445,0.72452,1.12,1.50
2015.09.09 13:24:21.739,0.72444,0.72453,2.02,1.50
2015.09.09 13:24:24.074,0.72444,0.72452,1.20,1.87
2015.09.09 13:24:24.787,0.72445,0.72452,2.62,1.00
2015.09.09 13:24:25.128,0.72448,0.72456,1.00,1.87
2015.09.09 13:24:25.912,0.72448,0.72456,1.12,1.87
2015.09.09 13:24:26.885,0.72448,0.72456,1.87,1.00
2015.09.09 13:24:27.899,0.72448,0.72455,1.12,1.00
2015.09.09 13:24:28.908,0.72448,0.72456,1.12,2.25
2015.09.09 13:24:29.418,0.72448,0.72455,1.87,1.00
2015.09.09 13:24:29.894,0.72445,0.72454,2.70,1.50
2015.09.09 13:24:30.406,0.72445,0.72453,1.37,1.10
2015.09.09 13:24:31.019,0.72444,0.72453,1.12,1.95
2015.09.09 13:24:31.122,0.72444,0.72451,1.12,1.50
2015.09.09 13:24:31.530,0.72441,0.72449,1.37,1.00
2015.09.09 13:24:32.174,0.7244,0.72449,1.87,1.00
2015.09.09 13:24:32.329,0.7244,0.72447,1.37,1.00
2015.09.09 13:24:32.839,0.72439,0.72447,2.62,1.12
2015.09.09 13:24:33.540,0.72439,0.72446,2.62,1.00
2015.09.09 13:24:33.897,0.72438,0.72446,1.12,2.25
2015.09.09 13:24:34.144,0.72435,0.72444,1.47,1.50
2015.09.09 13:24:34.653,0.72434,0.72443,1.87,1.00
2015.09.09 13:24:35.990,0.72435,0.72443,1.12,1.00
2015.09.09 13:24:36.511,0.72436,0.72444,1.00,1.12
2015.09.09 13:24:37.020,0.72435,0.72443,1.12,1.50
2015.09.09 13:24:37.913,0.72434,0.72444,2.70,2.62
2015.09.09 13:24:38.221,0.72434,0.72442,1.37,1.00
2015.09.09 13:24:38.779,0.72434,0.72443,1.87,1.50
2015.09.09 13:24:39.085,0.72437,0.72444,1.00,1.65
2015.09.09 13:24:39.541,0.72436,0.72442,1.50,1.00
2015.09.09 13:24:40.069,0.72436,0.72443,1.50,1.50
2015.09.09 13:24:41.311,0.72436,0.72441,1.50,1.00
2015.09.09 13:24:41.413,0.72436,0.72443,1.50,1.50
2015.09.09 13:24:41.933,0.72436,0.72442,1.50,1.00
2015.09.09 13:24:42.087,0.72436,0.72444,1.50,1.87
2015.09.09 13:24:42.600,0.72436,0.72443,1.50,1.00
2015.09.09 13:24:43.150,0.72437,0.72444,1.00,1.00
2015.09.09 13:24:43.863,0.72437,0.72443,1.00,1.00
2015.09.09 13:24:46.270,0.72437,0.72444,1.00,2.25
2015.09.09 13:24:48.560,0.72437,0.72445,1.12,1.00
2015.09.09 13:24:48.662,0.72439,0.72446,1.00,1.12
2015.09.09 13:24:48.967,0.7244,0.72448,1.87,2.25
2015.09.09 13:24:50.401,0.7244,0.72447,1.12,1.00
2015.09.09 13:24:50.912,0.7244,0.72446,1.00,1.00
2015.09.09 13:24:52.836,0.72438,0.72445,1.12,1.50
2015.09.09 13:24:53.345,0.72439,0.72446,1.00,1.50
2015.09.09 13:24:53.913,0.72441,0.72446,1.00,1.50
2015.09.09 13:24:55.602,0.72441,0.72445,1.00,1.00
2015.09.09 13:24:55.653,0.72438,0.72445,1.95,1.00
2015.09.09 13:24:56.175,0.72437,0.72445,1.37,1.50
2015.09.09 13:24:56.686,0.72439,0.72446,1.00,1.50
2015.09.09 13:24:57.187,0.72446,0.72452,1.12,1.12
2015.09.09 13:24:57.242,0.72446,0.72455,1.37,2.77
2015.09.09 13:24:57.396,0.72449,0.72457,1.30,3.00
2015.09.09 13:24:57.549,0.72451,0.72458,1.00,1.57
2015.09.09 13:24:57.753,0.72449,0.72457,1.12,1.00
2015.09.09 13:24:58.303,0.72448,0.72457,1.57,1.00
2015.09.09 13:24:58.815,0.72447,0.72456,2.77,2.62
2015.09.09 13:24:59.348,0.72447,0.72455,1.95,1.00
2015.09.09 13:24:59.857,0.72449,0.72457,1.12,2.62
2015.09.09 13:25:00.405,0.7245,0.72457,1.00,1.37
2015.09.09 13:25:00.913,0.72448,0.72456,1.95,2.25
2015.09.09 13:25:01.289,0.72447,0.72455,1.37,1.95
2015.09.09 13:25:01.951,0.72447,0.72455,1.00,2.70
2015.09.09 13:25:04.470,0.72447,0.72455,2.62,1.07
2015.09.09 13:25:04.623,0.72447,0.72456,3.37,1.12
2015.09.09 13:25:11.340,0.72448,0.72455,1.47,1.00
2015.09.09 13:25:11.983,0.72447,0.72455,1.20,1.50
2015.09.09 13:25:12.563,0.72447,0.72455,1.20,3.00
2015.09.09 13:25:12.716,0.72447,0.72453,1.20,1.00
2015.09.09 13:25:13.192,0.72445,0.72451,1.47,1.00
2015.09.09 13:25:13.294,0.72444,0.72451,2.77,1.00
2015.09.09 13:25:14.268,0.72444,0.72451,1.12,1.00
2015.09.09 13:25:18.418,0.72443,0.72452,1.95,1.20
2015.09.09 13:25:19.577,0.72443,0.72451,1.95,1.00
2015.09.09 13:25:21.128,0.72443,0.72451,1.95,1.00
2015.09.09 13:25:21.842,0.72442,0.7245,1.95,1.37
2015.09.09 13:25:22.182,0.7244,0.72448,1.20,1.00
2015.09.09 13:25:22.693,0.72439,0.72447,1.12,1.00
2015.09.09 13:25:23.196,0.7244,0.7245,1.00,2.77
2015.09.09 13:25:23.705,0.7244,0.72449,1.47,1.57
2015.09.09 13:25:24.345,0.7244,0.72449,1.20,1.57
2015.09.09 13:25:24.655,0.72441,0.7245,1.37,1.00
2015.09.09 13:25:25.164,0.72441,0.72449,1.37,1.00
2015.09.09 13:25:27.100,0.72441,0.72449,1.12,1.00
2015.09.09 13:25:30.217,0.72441,0.72447,1.00,1.00
2015.09.09 13:25:30.821,0.72441,0.72447,1.37,1.00
2015.09.09 13:25:31.674,0.72441,0.72447,1.00,1.00
2015.09.09 13:25:33.080,0.72441,0.72448,1.00,1.00
2015.09.09 13:25:41.464,0.7244,0.72448,1.12,1.50
2015.09.09 13:25:41.566,0.72437,0.72447,5.02,3.37
2015.09.09 13:25:42.092,0.72437,0.72446,3.37,1.50
2015.09.09 13:25:47.136,0.7244,0.72446,1.12,1.00
2015.09.09 13:25:47.339,0.72441,0.72449,1.87,2.32
2015.09.09 13:25:49.722,0.72438,0.72446,1.20,1.00
2015.09.09 13:25:50.282,0.72437,0.72445,1.45,1.00
2015.09.09 13:25:50.989,0.72437,0.72447,1.20,3.45
2015.09.09 13:25:51.464,0.72437,0.72444,1.20,1.00
2015.09.09 13:25:51.795,0.72437,0.72442,1.45,1.00
2015.09.09 13:25:52.304,0.72437,0.72444,1.45,1.00
2015.09.09 13:25:52.944,0.72437,0.72445,1.95,1.00
2015.09.09 13:25:53.606,0.72437,0.72444,1.95,1.00
2015.09.09 13:25:53.811,0.72438,0.72442,1.20,1.00
2015.09.09 13:25:54.087,0.72438,0.72444,1.12,1.00
2015.09.09 13:25:54.444,0.72438,0.72442,1.12,1.00
2015.09.09 13:25:55.321,0.72437,0.72442,1.12,1.00
2015.09.09 13:25:55.883,0.72437,0.72441,1.12,1.00
2015.09.09 13:25:55.935,0.72437,0.72442,1.12,1.00
2015.09.09 13:25:56.039,0.72436,0.7244,1.27,1.00
2015.09.09 13:25:56.485,0.72432,0.7244,2.70,1.00
2015.09.09 13:25:56.538,0.72432,0.72438,2.70,1.00
2015.09.09 13:25:56.590,0.72433,0.7244,1.87,1.00
2015.09.09 13:25:57.100,0.72431,0.72439,2.70,1.00
2015.09.09 13:25:57.612,0.72431,0.72438,1.95,1.00
2015.09.09 13:25:58.071,0.72431,0.72435,1.95,1.00
2015.09.09 13:25:58.619,0.7243,0.72435,1.37,1.00
2015.09.09 13:25:59.127,0.72429,0.72435,1.47,1.00
2015.09.09 13:26:01.136,0.72429,0.72435,1.20,1.00
2015.09.09 13:26:02.150,0.72429,0.72436,1.95,1.50
2015.09.09 13:26:03.655,0.72432,0.72436,1.00,1.00
2015.09.09 13:26:03.858,0.72432,0.72438,1.00,1.12
2015.09.09 13:26:04.468,0.72431,0.72438,1.87,1.00
2015.09.09 13:26:04.970,0.72431,0.72438,1.87,1.00
2015.09.09 13:26:05.915,0.72433,0.72438,1.00,1.00
2015.09.09 13:26:06.373,0.72433,0.7244,1.00,1.00
2015.09.09 13:26:06.889,0.72432,0.7244,1.12,1.00
2015.09.09 13:26:06.991,0.72432,0.7244,1.37,1.00
2015.09.09 13:26:07.493,0.72431,0.72439,2.02,1.00
2015.09.09 13:26:08.004,0.72431,0.72439,2.77,1.00
2015.09.09 13:26:11.393,0.72431,0.72438,2.77,1.00
2015.09.09 13:26:11.919,0.72431,0.72438,2.62,1.00
2015.09.09 13:26:14.612,0.7243,0.72438,1.95,1.00
2015.09.09 13:26:15.188,0.7243,0.72436,1.95,1.00
2015.09.09 13:26:15.706,0.7243,0.72436,1.95,1.00
2015.09.09 13:26:16.519,0.7243,0.72436,1.95,1.00
2015.09.09 13:26:17.532,0.72431,0.72438,1.12,1.00
2015.09.09 13:26:22.534,0.7243,0.72436,1.87,1.00
2015.09.09 13:26:26.657,0.7243,0.72438,1.37,1.12
2015.09.09 13:26:28.467,0.7243,0.72438,1.12,1.50
2015.09.09 13:26:30.964,0.7243,0.72438,1.87,1.50
2015.09.09 13:26:32.974,0.72431,0.7244,1.87,1.50
2015.09.09 13:26:33.482,0.72432,0.7244,1.00,1.50
2015.09.09 13:26:34.731,0.72432,0.7244,1.17,1.50
2015.09.09 13:26:40.951,0.72431,0.72438,3.07,1.00
2015.09.09 13:26:41.647,0.72433,0.7244,1.10,1.50
2015.09.09 13:26:43.004,0.72433,0.72439,1.10,1.00
2015.09.09 13:26:43.158,0.72433,0.72441,1.57,4.12
2015.09.09 13:26:43.210,0.72435,0.72441,1.00,2.62
2015.09.09 13:26:43.569,0.72434,0.72438,2.62,1.00
2015.09.09 13:26:43.621,0.72435,0.7244,1.00,1.50
2015.09.09 13:26:43.878,0.72435,0.72442,1.50,2.25
2015.09.09 13:26:45.069,0.72435,0.72443,1.12,2.25
2015.09.09 13:26:45.714,0.72435,0.72442,1.12,1.00
2015.09.09 13:26:46.225,0.72435,0.72441,1.12,1.00
2015.09.09 13:26:46.612,0.72432,0.7244,1.87,1.00
2015.09.09 13:26:47.121,0.7243,0.72439,1.95,1.00
2015.09.09 13:26:47.630,0.7243,0.72439,1.95,1.00
2015.09.09 13:26:48.177,0.72432,0.72439,1.00,1.00
2015.09.09 13:26:48.838,0.72432,0.72438,1.00,1.00
2015.09.09 13:26:49.081,0.72429,0.72438,1.47,1.00
2015.09.09 13:26:49.439,0.72428,0.72436,1.87,1.00
2015.09.09 13:26:49.949,0.72425,0.72435,3.52,1.50
2015.09.09 13:26:50.475,0.72425,0.72433,1.95,1.00
2015.09.09 13:26:50.578,0.72425,0.72433,1.95,1.00
2015.09.09 13:26:51.638,0.72425,0.7243,1.47,1.00
2015.09.09 13:26:51.690,0.72423,0.7243,1.57,1.12
2015.09.09 13:26:51.742,0.72423,0.72428,1.50,1.00
2015.09.09 13:26:51.794,0.72422,0.72428,1.55,1.00
2015.09.09 13:26:51.845,0.72422,0.7243,1.45,1.87
2015.09.09 13:26:52.354,0.7242,0.72429,1.37,1.50
2015.09.09 13:26:52.820,0.7242,0.72429,1.37,1.00
2015.09.09 13:26:56.690,0.72422,0.72429,1.00,1.00
2015.09.09 13:26:57.926,0.72422,0.7243,1.00,2.70
2015.09.09 13:26:58.435,0.72422,0.72431,1.37,1.95
2015.09.09 13:27:00.251,0.72422,0.72431,1.87,1.10
2015.09.09 13:27:01.973,0.72422,0.72431,1.87,1.95
2015.09.09 13:27:02.482,0.72422,0.72431,1.87,1.95
2015.09.09 13:27:05.284,0.72422,0.72431,1.87,1.95
2015.09.09 13:27:09.262,0.72422,0.72431,1.37,2.70
2015.09.09 13:27:12.328,0.72422,0.72431,1.37,2.70
2015.09.09 13:27:13.319,0.72422,0.72431,1.37,2.32
2015.09.09 13:27:15.503,0.72422,0.72431,1.12,2.70
2015.09.09 13:27:16.012,0.72422,0.7243,1.87,1.00
2015.09.09 13:27:16.368,0.72422,0.7243,1.87,1.00
2015.09.09 13:27:20.684,0.72422,0.72431,1.87,1.20
2015.09.09 13:27:21.411,0.72424,0.72433,1.12,1.12
2015.09.09 13:27:22.970,0.72425,0.72432,1.00,1.00
2015.09.09 13:27:24.031,0.72423,0.72433,2.70,2.70
2015.09.09 13:27:29.311,0.72426,0.72433,1.00,1.20
2015.09.09 13:27:29.836,0.72426,0.72434,1.87,1.00
2015.09.09 13:27:33.929,0.72428,0.72434,1.00,1.10
2015.09.09 13:27:34.187,0.72429,0.72437,1.00,1.12
2015.09.09 13:27:36.424,0.72431,0.72437,1.00,1.00
2015.09.09 13:27:36.577,0.7243,0.72439,1.00,1.87
2015.09.09 13:27:37.128,0.72431,0.72439,1.00,1.87
2015.09.09 13:27:38.889,0.72433,0.7244,1.00,1.00
2015.09.09 13:27:39.412,0.72432,0.7244,1.20,1.00
2015.09.09 13:27:40.296,0.72432,0.72439,1.12,1.00
2015.09.09 13:27:40.449,0.7243,0.72439,1.12,2.70
2015.09.09 13:27:40.857,0.7243,0.72437,1.12,1.00
2015.09.09 13:27:42.269,0.7243,0.72438,1.00,1.87
2015.09.09 13:27:42.775,0.72431,0.72438,1.12,1.00
2015.09.09 13:27:42.878,0.72431,0.7244,1.87,1.95
2015.09.09 13:27:43.386,0.72432,0.72442,3.82,1.87
2015.09.09 13:27:44.038,0.72432,0.72441,3.45,1.00
2015.09.09 13:27:45.121,0.72433,0.72441,1.37,1.00
2015.09.09 13:27:46.134,0.72433,0.72441,1.12,1.00
2015.09.09 13:27:46.965,0.72432,0.72442,1.95,2.62
2015.09.09 13:27:47.133,0.72432,0.72437,1.20,1.00
2015.09.09 13:27:47.645,0.7243,0.72437,1.37,1.00
2015.09.09 13:27:48.193,0.72429,0.72438,2.62,1.12
2015.09.09 13:27:56.743,0.72431,0.72441,1.12,3.00
2015.09.09 13:27:57.094,0.72433,0.72439,1.12,1.00
2015.09.09 13:27:57.654,0.72433,0.72438,1.12,1.00
2015.09.09 13:27:57.757,0.72431,0.72438,1.20,1.00
2015.09.09 13:27:58.734,0.7243,0.72438,1.20,1.00
2015.09.09 13:27:59.242,0.72429,0.72439,3.52,1.95
2015.09.09 13:27:59.743,0.72429,0.72439,3.52,1.57
2015.09.09 13:28:00.252,0.72429,0.72438,2.77,1.00
2015.09.09 13:28:00.557,0.72429,0.72438,1.87,1.87
2015.09.09 13:28:00.609,0.72429,0.72435,1.12,1.00
2015.09.09 13:28:00.889,0.72424,0.72432,1.95,1.00
2015.09.09 13:28:01.400,0.72423,0.72432,1.87,1.00
2015.09.09 13:28:02.383,0.72424,0.72433,1.12,3.37
2015.09.09 13:28:02.689,0.72426,0.72433,1.00,1.87
2015.09.09 13:28:03.132,0.72428,0.72435,1.00,1.37
2015.09.09 13:28:03.336,0.72425,0.72433,1.12,1.50
2015.09.09 13:28:03.540,0.72421,0.72431,3.45,1.00
2015.09.09 13:28:04.088,0.72421,0.72431,3.37,1.95
2015.09.09 13:28:04.609,0.72422,0.7243,1.87,1.00
2015.09.09 13:28:07.324,0.72422,0.72431,1.12,2.70
2015.09.09 13:28:07.865,0.72423,0.72431,1.00,2.70
2015.09.09 13:28:08.923,0.72424,0.72432,1.00,2.02
2015.09.09 13:28:09.173,0.7242,0.72429,2.62,1.00
2015.09.09 13:28:09.275,0.7242,0.72429,1.95,1.00
2015.09.09 13:28:09.785,0.7242,0.72428,1.47,1.00
2015.09.09 13:28:11.107,0.7242,0.72428,1.20,1.00
2015.09.09 13:28:11.715,0.7242,0.72427,1.20,1.00
2015.09.09 13:28:12.243,0.7242,0.72428,1.20,1.50
2015.09.09 13:28:15.038,0.7242,0.72427,1.20,1.00
2015.09.09 13:28:15.301,0.72419,0.72425,1.20,1.00
2015.09.09 13:28:15.614,0.72419,0.72427,1.20,2.25
2015.09.09 13:28:16.123,0.72419,0.72426,1.20,1.00
2015.09.09 13:28:17.686,0.72419,0.72425,1.00,1.00
2015.09.09 13:28:18.360,0.72419,0.72426,1.12,1.00
2015.09.09 13:28:18.897,0.72418,0.72428,1.95,2.62
2015.09.09 13:28:19.406,0.72418,0.72427,2.62,1.00
2015.09.09 13:28:19.981,0.72418,0.72426,2.70,1.00
2015.09.09 13:28:20.696,0.72418,0.72427,1.95,1.00
2015.09.09 13:28:21.205,0.72419,0.72428,1.20,3.45
2015.09.09 13:28:22.540,0.72419,0.72427,1.20,1.00
2015.09.09 13:28:28.258,0.72419,0.72426,1.20,1.00
2015.09.09 13:28:28.768,0.72419,0.72427,1.20,2.25
2015.09.09 13:28:29.272,0.72419,0.72426,1.20,1.00
2015.09.09 13:28:31.558,0.72419,0.72427,1.95,1.50
2015.09.09 13:28:32.261,0.72419,0.72427,2.70,1.00
2015.09.09 13:28:33.786,0.72419,0.72428,3.45,1.00
2015.09.09 13:28:34.296,0.72421,0.7243,1.00,1.95
2015.09.09 13:28:34.828,0.72421,0.72428,1.10,1.00
2015.09.09 13:28:35.338,0.72418,0.72428,3.37,1.00
2015.09.09 13:28:36.775,0.7242,0.72429,1.87,1.12
2015.09.09 13:28:37.289,0.7242,0.7243,1.87,2.70
2015.09.09 13:28:38.106,0.72419,0.72428,3.45,1.50
2015.09.09 13:28:39.287,0.7242,0.72428,1.87,1.10
2015.09.09 13:28:39.958,0.7242,0.72427,1.87,1.00
2015.09.09 13:28:40.668,0.7242,0.72428,1.87,1.57
2015.09.09 13:28:41.213,0.7242,0.72427,1.87,1.00
2015.09.09 13:28:41.694,0.7242,0.72425,1.87,1.00
2015.09.09 13:28:42.216,0.72419,0.72425,1.12,1.00
2015.09.09 13:28:42.724,0.72419,0.72426,1.12,1.00
2015.09.09 13:28:43.271,0.72419,0.72427,1.12,1.00
2015.09.09 13:28:44.626,0.72419,0.72428,1.87,1.87
2015.09.09 13:28:45.007,0.72421,0.72428,1.00,1.12
2015.09.09 13:28:46.226,0.72421,0.72429,1.00,4.20
2015.09.09 13:28:46.735,0.72421,0.72428,1.00,1.12
2015.09.09 13:28:49.839,0.72421,0.72426,1.00,1.00
2015.09.09 13:28:50.350,0.72421,0.72427,1.00,1.00
2015.09.09 13:28:51.671,0.72421,0.72426,1.00,1.00
2015.09.09 13:28:52.759,0.72421,0.72425,1.00,1.00
2015.09.09 13:28:53.464,0.72421,0.72426,1.00,1.00
2015.09.09 13:28:53.619,0.72419,0.72425,1.12,1.00
2015.09.09 13:28:54.269,0.72418,0.72425,1.12,1.00
2015.09.09 13:28:56.442,0.72418,0.72426,2.47,1.00
2015.09.09 13:28:59.889,0.72418,0.72425,3.37,1.00
2015.09.09 13:29:01.336,0.72418,0.72425,1.72,1.00
2015.09.09 13:29:01.847,0.72418,0.72426,1.37,1.50
2015.09.09 13:29:06.880,0.72418,0.72426,1.12,1.50
2015.09.09 13:29:10.053,0.72418,0.72425,1.87,1.00
2015.09.09 13:29:10.441,0.72421,0.72425,1.00,1.00
2015.09.09 13:29:11.106,0.72421,0.72426,1.00,1.00
2015.09.09 13:29:11.631,0.72421,0.72428,1.00,1.95
2015.09.09 13:29:12.638,0.72421,0.72429,1.50,3.52
2015.09.09 13:29:14.845,0.72421,0.72429,1.00,1.20
2015.09.09 13:29:15.203,0.72421,0.72429,1.87,1.50
2015.09.09 13:29:16.977,0.72421,0.7243,1.87,1.12
2015.09.09 13:29:17.537,0.72421,0.7243,1.87,1.87
2015.09.09 13:29:18.025,0.72423,0.7243,1.00,2.62
2015.09.09 13:29:18.330,0.72425,0.72432,1.50,1.87
2015.09.09 13:29:18.930,0.72428,0.72435,1.00,3.45
2015.09.09 13:29:19.185,0.72426,0.72436,2.25,2.77
2015.09.09 13:29:19.237,0.72426,0.72436,2.62,2.77
2015.09.09 13:29:21.044,0.72424,0.72433,2.70,1.00
2015.09.09 13:29:21.147,0.72424,0.72433,1.95,1.00
2015.09.09 13:29:21.658,0.72423,0.72432,2.70,1.00
2015.09.09 13:29:22.169,0.72424,0.72433,2.25,2.02
2015.09.09 13:29:23.026,0.72423,0.72432,3.45,1.12
2015.09.09 13:29:23.535,0.72423,0.72432,1.87,1.00
2015.09.09 13:29:24.078,0.72423,0.72432,1.87,1.12
2015.09.09 13:29:25.051,0.72424,0.72431,1.12,1.00
2015.09.09 13:29:25.761,0.72425,0.72432,1.00,1.37
2015.09.09 13:29:26.152,0.72422,0.7243,1.20,1.00
2015.09.09 13:29:26.661,0.72422,0.72429,1.12,1.00
2015.09.09 13:29:27.191,0.72423,0.72431,1.50,1.47
2015.09.09 13:29:28.514,0.72422,0.72432,2.32,2.62
2015.09.09 13:29:28.974,0.72421,0.7243,1.95,1.00
2015.09.09 13:29:29.075,0.72421,0.7243,1.95,1.12
2015.09.09 13:29:29.722,0.72421,0.72429,1.95,1.00
2015.09.09 13:29:32.754,0.7242,0.72428,1.37,1.00
2015.09.09 13:29:32.907,0.72419,0.72427,1.95,1.00
2015.09.09 13:29:32.959,0.72417,0.72425,2.02,1.00
2015.09.09 13:29:33.111,0.72417,0.72425,1.20,1.87
2015.09.09 13:29:34.872,0.72415,0.72423,1.95,1.00
2015.09.09 13:29:35.467,0.72414,0.72424,2.62,3.52
2015.09.09 13:29:36.181,0.72414,0.72424,2.62,3.52
2015.09.09 13:29:36.981,0.72414,0.72424,2.62,3.52
2015.09.09 13:29:37.881,0.72416,0.72423,1.00,1.12
2015.09.09 13:29:41.293,0.72416,0.72424,1.50,2.02
2015.09.09 13:29:41.989,0.72415,0.72424,1.87,1.87
2015.09.09 13:29:44.758,0.72414,0.72422,1.37,1.50
2015.09.09 13:29:45.267,0.72414,0.72423,1.87,1.87
2015.09.09 13:29:45.779,0.72416,0.72424,1.00,3.45
2015.09.09 13:29:46.325,0.72416,0.72424,1.00,1.95
2015.09.09 13:29:46.835,0.72417,0.72424,1.00,1.50
2015.09.09 13:29:47.368,0.72416,0.72424,1.12,1.00
2015.09.09 13:29:47.876,0.72416,0.72425,1.12,1.12
2015.09.09 13:29:48.642,0.72416,0.72425,1.37,1.00
2015.09.09 13:29:50.542,0.72417,0.72424,1.12,1.00
2015.09.09 13:29:51.054,0.72415,0.72425,3.45,1.50
2015.09.09 13:29:54.634,0.72418,0.72425,1.00,1.00
2015.09.09 13:29:55.145,0.72419,0.72427,1.00,1.87
2015.09.09 13:29:57.048,0.72419,0.72427,1.12,1.50
2015.09.09 13:29:57.597,0.72419,0.72426,1.12,1.00
2015.09.09 13:29:58.106,0.72417,0.72426,1.37,1.87
2015.09.09 13:29:58.765,0.72416,0.72426,1.95,3.75
2015.09.09 13:29:59.313,0.72418,0.72425,1.00,1.20
2015.09.09 13:29:59.415,0.72416,0.72424,2.70,1.00
2015.09.09 13:29:59.620,0.72418,0.72426,1.00,1.45
2015.09.09 13:30:00.172,0.7242,0.72427,1.00,1.37
2015.09.09 13:30:00.686,0.72421,0.72429,1.00,1.37
2015.09.09 13:30:01.353,0.72421,0.72429,1.00,1.87
2015.09.09 13:30:02.008,0.72421,0.72429,1.87,1.00
2015.09.09 13:30:02.523,0.7242,0.7243,3.37,2.70
2015.09.09 13:30:03.301,0.72421,0.7243,1.00,2.62
2015.09.09 13:30:03.809,0.7242,0.72429,2.70,1.87
2015.09.09 13:30:04.345,0.7242,0.7243,4.20,3.37
2015.09.09 13:30:05.311,0.72421,0.72429,1.12,1.00
2015.09.09 13:30:05.464,0.72422,0.7243,1.37,1.50
2015.09.09 13:30:06.242,0.72422,0.72431,1.37,1.12
2015.09.09 13:30:06.756,0.72423,0.72431,1.50,1.87
2015.09.09 13:30:07.254,0.72422,0.72429,1.12,1.00
2015.09.09 13:30:07.767,0.72422,0.7243,1.00,1.12
2015.09.09 13:30:08.279,0.72423,0.72432,1.50,2.70
2015.09.09 13:30:09.338,0.72421,0.7243,1.95,1.87
2015.09.09 13:30:09.857,0.72421,0.72429,1.47,1.00
2015.09.09 13:30:10.520,0.7242,0.72429,2.70,1.00
2015.09.09 13:30:11.401,0.72422,0.7243,1.00,1.20
2015.09.09 13:30:11.963,0.72421,0.7243,1.95,1.20
2015.09.09 13:30:13.279,0.7242,0.72428,2.70,1.00
2015.09.09 13:30:13.794,0.7242,0.72429,1.87,1.00
2015.09.09 13:30:14.304,0.7242,0.72429,1.87,1.37
2015.09.09 13:30:14.678,0.72425,0.7243,1.00,2.32
2015.09.09 13:30:15.088,0.72426,0.72433,1.00,3.52
2015.09.09 13:30:15.643,0.72427,0.72433,1.00,2.77
2015.09.09 13:30:16.977,0.72426,0.72433,1.00,2.02
2015.09.09 13:30:17.283,0.72428,0.72433,1.00,1.52
2015.09.09 13:30:17.841,0.72429,0.72434,1.00,1.20
2015.09.09 13:30:18.350,0.72428,0.72434,1.00,1.12
2015.09.09 13:30:18.971,0.72427,0.72434,1.00,1.87
2015.09.09 13:30:19.489,0.72428,0.72434,1.00,1.12
2015.09.09 13:30:19.845,0.7243,0.72436,1.00,4.20
2015.09.09 13:30:20.412,0.7243,0.72436,1.00,3.45
2015.09.09 13:30:20.922,0.72429,0.72435,1.00,1.00
2015.09.09 13:30:21.425,0.72429,0.72435,1.00,1.37
2015.09.09 13:30:22.443,0.72429,0.72435,1.00,1.00
2015.09.09 13:30:23.240,0.72428,0.72435,1.00,1.50
2015.09.09 13:30:23.733,0.72427,0.72433,1.12,1.00
2015.09.09 13:30:24.242,0.72426,0.72434,2.62,1.00
2015.09.09 13:30:24.784,0.72426,0.72435,4.12,1.12
2015.09.09 13:30:27.862,0.72426,0.72434,1.12,1.00
2015.09.09 13:30:28.762,0.72426,0.72433,1.12,1.00
2015.09.09 13:30:30.246,0.72427,0.72434,1.00,2.25
2015.09.09 13:30:30.771,0.72426,0.72434,1.50,1.12
2015.09.09 13:30:31.753,0.72425,0.72434,1.20,1.87
2015.09.09 13:30:33.797,0.72425,0.72433,1.12,1.00
2015.09.09 13:30:34.129,0.72422,0.72431,2.62,1.10
2015.09.09 13:30:34.639,0.72422,0.72431,1.12,1.27
2015.09.09 13:30:35.017,0.72421,0.7243,1.87,1.20
2015.09.09 13:30:35.280,0.7242,0.72428,1.12,1.20
2015.09.09 13:30:35.536,0.72419,0.72427,1.00,1.27
2015.09.09 13:30:36.080,0.7242,0.72429,1.50,1.57
2015.09.09 13:30:36.388,0.72422,0.7243,1.00,1.57
2015.09.09 13:30:36.643,0.72422,0.72431,1.87,1.55
2015.09.09 13:30:37.453,0.72424,0.72432,1.00,1.57
2015.09.09 13:30:37.657,0.72425,0.72434,1.50,1.95
2015.09.09 13:30:37.954,0.72427,0.72435,1.00,2.02
2015.09.09 13:30:38.265,0.7243,0.72438,1.00,2.25
2015.09.09 13:30:38.419,0.72431,0.72439,1.00,2.70
2015.09.09 13:30:42.221,0.7243,0.72436,1.00,1.10
2015.09.09 13:30:42.725,0.72429,0.72436,1.50,1.10
2015.09.09 13:30:43.590,0.72428,0.72436,1.12,1.10
2015.09.09 13:30:45.207,0.72429,0.72438,1.50,2.32
2015.09.09 13:30:45.614,0.7243,0.72439,1.50,2.77
2015.09.09 13:30:46.931,0.7243,0.72436,2.25,1.00
2015.09.09 13:30:47.454,0.7243,0.72437,1.50,1.00
2015.09.09 13:30:47.505,0.72428,0.72437,1.87,1.00
2015.09.09 13:30:48.532,0.72428,0.72437,1.37,1.00
2015.09.09 13:30:50.749,0.72429,0.72438,1.12,1.20
2015.09.09 13:30:51.861,0.72429,0.72437,1.12,1.00
2015.09.09 13:30:52.370,0.72429,0.72438,1.12,1.20
2015.09.09 13:30:53.486,0.72429,0.72437,1.12,1.00
2015.09.09 13:30:55.363,0.72428,0.72437,3.37,1.12
2015.09.09 13:31:00.787,0.72428,0.72435,3.37,1.00
2015.09.09 13:31:02.595,0.72428,0.72433,1.50,1.00
2015.09.09 13:31:02.930,0.72425,0.72433,1.50,1.95
2015.09.09 13:31:03.439,0.72423,0.72433,2.62,2.70
2015.09.09 13:31:03.984,0.72423,0.72432,2.62,1.00
2015.09.09 13:31:04.600,0.72423,0.72433,2.62,3.45
2015.09.09 13:31:05.121,0.72425,0.72433,1.00,2.70
2015.09.09 13:31:05.630,0.72425,0.72434,1.00,3.07
2015.09.09 13:31:06.181,0.72424,0.72433,2.62,1.27
2015.09.09 13:31:06.335,0.72426,0.72434,1.87,1.17
2015.09.09 13:31:06.437,0.72427,0.72435,1.50,1.12
2015.09.09 13:31:06.993,0.72427,0.72437,3.45,2.02
2015.09.09 13:31:09.117,0.72429,0.72437,1.00,1.27
2015.09.09 13:31:09.644,0.72429,0.72437,2.25,1.12
2015.09.09 13:31:10.672,0.72429,0.72438,3.37,1.20
2015.09.09 13:31:12.591,0.72429,0.72438,3.75,1.47
2015.09.09 13:31:15.044,0.7243,0.72438,1.00,1.47
2015.09.09 13:31:16.569,0.72428,0.72437,4.12,1.95
2015.09.09 13:31:16.825,0.72431,0.72438,1.00,1.57
2015.09.09 13:31:16.877,0.72431,0.72438,1.87,1.20
2015.09.09 13:31:17.391,0.72432,0.72439,1.00,1.37
2015.09.09 13:31:18.452,0.72432,0.72437,1.00,1.00
2015.09.09 13:31:18.556,0.72429,0.72437,2.62,1.12
2015.09.09 13:31:18.765,0.72427,0.72435,3.37,1.00
2015.09.09 13:31:19.788,0.72426,0.72436,3.37,3.52
2015.09.09 13:31:20.299,0.72427,0.72436,1.00,3.52
2015.09.09 13:31:23.280,0.72426,0.72435,2.62,1.27
2015.09.09 13:31:23.904,0.72427,0.72435,1.00,1.27
2015.09.09 13:31:24.519,0.72426,0.72436,2.62,2.77
2015.09.09 13:31:25.032,0.72426,0.72436,3.37,2.77
2015.09.09 13:31:26.102,0.72428,0.72436,1.00,1.27
2015.09.09 13:31:26.307,0.7243,0.72436,1.00,1.00
2015.09.09 13:31:26.867,0.7243,0.72438,1.00,1.87
2015.09.09 13:31:27.382,0.72431,0.7244,1.00,3.45
2015.09.09 13:31:28.248,0.72431,0.7244,1.00,3.45
2015.09.09 13:31:31.211,0.7243,0.7244,4.20,4.12
2015.09.09 13:31:31.747,0.72431,0.7244,1.00,4.12
2015.09.09 13:31:36.718,0.72432,0.7244,1.00,2.62
2015.09.09 13:31:38.176,0.72432,0.7244,1.00,2.62
2015.09.09 13:31:39.931,0.72431,0.7244,2.62,2.62
2015.09.09 13:31:40.821,0.72431,0.72439,1.87,1.00
2015.09.09 13:31:41.330,0.72431,0.7244,2.62,2.62
2015.09.09 13:31:41.844,0.72431,0.72439,1.87,1.10
2015.09.09 13:31:42.386,0.72431,0.72438,1.87,1.00
2015.09.09 13:31:43.581,0.72432,0.72438,1.00,1.12
2015.09.09 13:31:45.192,0.72431,0.72438,1.12,1.12
2015.09.09 13:31:46.069,0.72432,0.72439,1.10,1.37
2015.09.09 13:31:46.594,0.72432,0.72437,1.12,1.00
2015.09.09 13:31:47.061,0.7243,0.72437,1.87,1.00
2015.09.09 13:31:47.214,0.7243,0.72435,1.00,1.00
2015.09.09 13:31:47.368,0.72428,0.72435,1.00,1.00
2015.09.09 13:31:47.912,0.72426,0.72434,1.87,1.00
2015.09.09 13:31:48.421,0.72426,0.72434,1.87,1.00
2015.09.09 13:31:48.933,0.72427,0.72434,1.00,1.00
2015.09.09 13:31:49.443,0.72427,0.72433,1.00,1.00
2015.09.09 13:31:49.955,0.72427,0.72435,1.00,1.57
2015.09.09 13:31:50.261,0.72427,0.72432,1.00,1.00
2015.09.09 13:31:50.618,0.72427,0.72434,1.00,1.12
2015.09.09 13:31:51.060,0.72429,0.72435,1.00,1.57
2015.09.09 13:31:51.173,0.72431,0.72438,1.00,1.37
2015.09.09 13:31:51.379,0.72432,0.72439,1.00,2.62
2015.09.09 13:31:52.945,0.72432,0.72438,1.00,1.00
2015.09.09 13:31:53.493,0.72432,0.7244,1.12,2.70
2015.09.09 13:31:55.781,0.72432,0.7244,1.00,2.62
2015.09.09 13:31:56.513,0.72432,0.7244,1.00,1.95
2015.09.09 13:32:00.186,0.72432,0.72438,1.00,1.00
2015.09.09 13:32:00.696,0.72433,0.72438,1.50,1.37
2015.09.09 13:32:00.748,0.72433,0.72439,1.00,1.12
2015.09.09 13:32:01.288,0.72432,0.72439,2.25,1.00
2015.09.09 13:32:02.840,0.72431,0.72439,3.45,1.00
2015.09.09 13:32:03.348,0.72431,0.72441,3.45,2.02
2015.09.09 13:32:04.976,0.72432,0.72441,1.00,1.55
2015.09.09 13:32:05.514,0.72433,0.72441,1.50,1.37
2015.09.09 13:32:06.062,0.72433,0.72441,1.50,1.12
2015.09.09 13:32:07.202,0.72434,0.72441,1.00,1.12
2015.09.09 13:32:08.823,0.72434,0.72442,1.00,1.12
2015.09.09 13:32:10.197,0.72433,0.7244,1.00,1.37
2015.09.09 13:32:10.300,0.72431,0.72439,2.25,1.12
2015.09.09 13:32:10.402,0.72431,0.72438,1.00,1.87
2015.09.09 13:32:10.454,0.72429,0.72437,1.50,1.12
2015.09.09 13:32:10.698,0.72428,0.72435,1.12,1.00
2015.09.09 13:32:11.006,0.72425,0.72432,1.47,1.00
2015.09.09 13:32:11.261,0.72424,0.72432,1.87,1.37
2015.09.09 13:32:11.627,0.72426,0.72433,1.00,1.47
2015.09.09 13:32:11.833,0.72426,0.72435,1.50,1.95
2015.09.09 13:32:12.347,0.72427,0.72436,1.00,1.95
2015.09.09 13:32:12.880,0.72427,0.72435,1.00,1.12
2015.09.09 13:32:14.805,0.72426,0.72435,3.37,1.12
2015.09.09 13:32:15.294,0.72426,0.72433,1.87,1.00
2015.09.09 13:32:15.804,0.72425,0.72432,1.12,1.00
2015.09.09 13:32:15.907,0.72423,0.72432,2.77,1.12
2015.09.09 13:32:16.413,0.72423,0.72431,2.62,1.00
2015.09.09 13:32:16.924,0.72424,0.72431,1.00,1.00
2015.09.09 13:32:17.900,0.72424,0.7243,1.00,1.00
2015.09.09 13:32:18.003,0.72423,0.72432,3.37,1.12
2015.09.09 13:32:20.216,0.72423,0.72431,1.87,1.00
2015.09.09 13:32:20.829,0.72423,0.72431,1.87,1.00
2015.09.09 13:32:21.525,0.72425,0.72433,1.00,2.02
2015.09.09 13:32:22.175,0.72426,0.72432,1.00,1.00
2015.09.09 13:32:22.851,0.72426,0.72434,1.00,1.87
2015.09.09 13:32:23.836,0.72426,0.72434,1.12,1.50
2015.09.09 13:32:24.267,0.72426,0.72432,1.12,1.00
2015.09.09 13:32:24.319,0.72426,0.72434,1.12,1.00
2015.09.09 13:32:24.840,0.72425,0.72434,2.62,1.12
2015.09.09 13:32:27.300,0.72425,0.72434,3.37,1.37
2015.09.09 13:32:27.901,0.72425,0.72434,3.37,1.12
2015.09.09 13:32:28.547,0.72426,0.72435,1.00,2.70
2015.09.09 13:32:28.754,0.72428,0.72435,1.00,1.37
2015.09.09 13:32:29.630,0.72428,0.72436,1.00,1.12
2015.09.09 13:32:30.144,0.72429,0.72437,1.00,1.87
2015.09.09 13:32:31.595,0.72429,0.72437,1.00,1.87
2015.09.09 13:32:32.988,0.72429,0.72436,1.00,1.00
2015.09.09 13:32:33.497,0.72429,0.72437,1.00,1.87
2015.09.09 13:32:35.302,0.7243,0.72437,1.00,1.12
2015.09.09 13:32:35.608,0.7243,0.72439,1.50,1.27
2015.09.09 13:32:37.124,0.72432,0.7244,1.00,1.52
2015.09.09 13:32:37.643,0.72432,0.7244,1.00,1.20
2015.09.09 13:32:38.547,0.72432,0.72438,1.00,1.00
2015.09.09 13:32:39.056,0.72431,0.72438,1.00,1.12
2015.09.09 13:32:39.565,0.7243,0.72438,1.50,1.12
2015.09.09 13:32:41.195,0.72431,0.72439,1.00,1.87
2015.09.09 13:32:41.722,0.7243,0.72439,3.00,1.12
2015.09.09 13:32:42.286,0.72431,0.72439,1.00,1.87
2015.09.09 13:32:42.542,0.72429,0.72438,3.37,1.50
2015.09.09 13:32:43.203,0.72429,0.72438,3.00,1.37
2015.09.09 13:32:43.555,0.72431,0.72438,1.00,1.37
2015.09.09 13:32:44.602,0.72431,0.72439,1.00,1.12
2015.09.09 13:32:45.998,0.7243,0.72439,2.62,1.12
2015.09.09 13:32:46.203,0.7243,0.72437,1.87,1.00
2015.09.09 13:32:46.846,0.72428,0.72434,1.00,1.37
2015.09.09 13:32:46.897,0.72425,0.72432,2.32,1.37
2015.09.09 13:32:47.051,0.72422,0.72427,1.50,2.25
2015.09.09 13:32:47.255,0.7242,0.72427,1.50,2.25
2015.09.09 13:32:47.608,0.72418,0.72427,1.00,3.45
2015.09.09 13:32:48.116,0.72417,0.72426,1.12,1.12
2015.09.09 13:32:48.683,0.72417,0.72425,1.12,1.00
2015.09.09 13:32:49.197,0.72416,0.72424,1.47,1.50
2015.09.09 13:32:49.935,0.72418,0.72425,1.00,3.07
2015.09.09 13:32:50.037,0.72418,0.72423,1.00,1.00
2015.09.09 13:32:50.545,0.72418,0.72424,1.00,1.50
2015.09.09 13:32:51.058,0.72417,0.72424,1.00,1.12
2015.09.09 13:32:51.161,0.72415,0.72424,1.12,1.12
2015.09.09 13:32:51.421,0.72418,0.72425,1.00,3.45
2015.09.09 13:32:51.969,0.72417,0.72424,1.50,1.00
2015.09.09 13:32:52.782,0.72417,0.72425,1.00,2.70
2015.09.09 13:32:53.448,0.72418,0.72426,1.00,3.45
2015.09.09 13:32:54.269,0.72416,0.72424,2.70,1.00
2015.09.09 13:32:54.783,0.72415,0.72423,2.77,1.00
2015.09.09 13:32:54.885,0.72416,0.72425,1.37,3.37
2015.09.09 13:32:55.242,0.72416,0.72424,1.12,1.00
2015.09.09 13:32:55.782,0.72416,0.72421,1.12,1.00
2015.09.09 13:32:55.834,0.72416,0.72423,1.12,1.00
2015.09.09 13:32:56.343,0.72417,0.72423,1.00,1.00
2015.09.09 13:32:56.852,0.72417,0.72421,1.00,1.00
2015.09.09 13:32:57.058,0.72415,0.72421,1.00,1.00
2015.09.09 13:32:57.313,0.72415,0.72419,1.00,1.00
2015.09.09 13:32:57.834,0.72413,0.7242,1.37,1.57
2015.09.09 13:32:58.343,0.72413,0.7242,1.12,1.57
2015.09.09 13:32:58.885,0.72414,0.72421,1.00,1.17
2015.09.09 13:32:59.397,0.72413,0.72421,1.87,1.17
2015.09.09 13:33:00.029,0.72414,0.72421,1.00,1.17
2015.09.09 13:33:00.542,0.72412,0.7242,2.62,1.10
2015.09.09 13:33:01.051,0.72413,0.7242,1.12,1.57
2015.09.09 13:33:01.982,0.72414,0.72421,1.00,1.07
2015.09.09 13:33:02.492,0.72415,0.72422,1.00,1.87
2015.09.09 13:33:03.048,0.72414,0.72422,1.00,1.12
2015.09.09 13:33:03.557,0.72415,0.72423,1.00,1.37
2015.09.09 13:33:05.774,0.72414,0.72422,1.00,1.87
2015.09.09 13:33:05.879,0.72413,0.72419,2.70,1.00
2015.09.09 13:33:06.433,0.72411,0.72417,1.87,1.00
2015.09.09 13:33:06.741,0.72406,0.72415,1.47,2.25
2015.09.09 13:33:06.793,0.72406,0.72415,1.47,2.32
2015.09.09 13:33:07.302,0.72406,0.72416,2.70,1.00
2015.09.09 13:33:08.593,0.72408,0.72417,1.12,2.70
2015.09.09 13:33:09.861,0.72409,0.72417,1.00,3.45
2015.09.09 13:33:10.372,0.72407,0.72415,3.37,1.00
2015.09.09 13:33:10.899,0.72406,0.72414,1.87,1.00
2015.09.09 13:33:11.876,0.72406,0.72414,1.95,1.00
2015.09.09 13:33:12.386,0.72406,0.72414,1.87,1.00
2015.09.09 13:33:14.592,0.72407,0.72414,1.00,1.12
2015.09.09 13:33:15.213,0.72406,0.72414,1.50,1.12
2015.09.09 13:33:16.608,0.72406,0.72413,1.00,1.00
2015.09.09 13:33:16.914,0.72408,0.72414,1.50,1.12
2015.09.09 13:33:17.425,0.72407,0.72415,1.12,3.00
2015.09.09 13:33:17.732,0.72403,0.72411,1.12,1.00
2015.09.09 13:33:18.287,0.72401,0.72409,2.70,1.00
2015.09.09 13:33:18.798,0.72401,0.72408,1.47,1.50
2015.09.09 13:33:19.596,0.72402,0.7241,1.20,1.00
2015.09.09 13:33:19.854,0.72404,0.7241,1.00,1.00
2015.09.09 13:33:20.471,0.72405,0.7241,1.00,1.00
2015.09.09 13:33:20.980,0.72404,0.72412,1.12,2.62
2015.09.09 13:33:22.377,0.72403,0.72409,1.47,1.00
2015.09.09 13:33:22.919,0.72401,0.72409,2.70,1.50
2015.09.09 13:33:23.530,0.72401,0.72409,1.10,1.87
2015.09.09 13:33:24.080,0.72401,0.72408,1.10,1.00
2015.09.09 13:33:24.639,0.724,0.72409,1.20,1.87
2015.09.09 13:33:25.940,0.724,0.72408,1.20,1.00
2015.09.09 13:33:26.754,0.724,0.72409,1.20,1.87
2015.09.09 13:33:27.110,0.72402,0.7241,1.12,1.50
2015.09.09 13:33:27.854,0.72402,0.72411,1.12,3.45
2015.09.09 13:33:28.162,0.72404,0.72411,1.00,1.12
2015.09.09 13:33:28.519,0.72402,0.7241,1.95,1.00
2015.09.09 13:33:29.080,0.72402,0.7241,1.37,1.00
2015.09.09 13:33:29.535,0.72404,0.72413,2.32,1.37
2015.09.09 13:33:30.866,0.72404,0.72414,2.70,3.37
2015.09.09 13:33:31.427,0.72405,0.72413,1.00,1.12
2015.09.09 13:33:33.799,0.72406,0.72415,1.00,2.70
2015.09.09 13:33:34.481,0.72406,0.72412,1.00,1.00
2015.09.09 13:33:35.271,0.72406,0.72413,1.00,1.87
2015.09.09 13:33:36.441,0.72406,0.72415,1.00,1.37
2015.09.09 13:33:36.952,0.72407,0.72415,1.00,1.37
2015.09.09 13:33:37.497,0.72407,0.72415,1.00,1.12
2015.09.09 13:33:38.900,0.72407,0.72416,1.37,3.45
2015.09.09 13:33:39.410,0.72407,0.72416,1.00,3.45
2015.09.09 13:33:39.948,0.72407,0.72414,1.00,1.00
2015.09.09 13:33:40.457,0.72406,0.72414,1.12,1.00
2015.09.09 13:33:40.865,0.72408,0.72415,1.00,1.12
2015.09.09 13:33:41.380,0.72408,0.72416,1.87,1.50
2015.09.09 13:33:41.888,0.72408,0.72417,2.62,1.12
2015.09.09 13:33:42.417,0.72409,0.72419,1.00,2.70
2015.09.09 13:33:43.875,0.7241,0.72418,1.00,1.37
2015.09.09 13:33:43.926,0.7241,0.72419,1.12,3.45
2015.09.09 13:33:44.130,0.72412,0.7242,1.00,1.87
2015.09.09 13:33:44.477,0.72414,0.72423,2.25,1.87
2015.09.09 13:33:44.990,0.72415,0.72423,1.00,1.37
2015.09.09 13:33:45.041,0.72416,0.72424,1.00,1.87
2015.09.09 13:33:46.783,0.72415,0.72425,4.20,1.87
2015.09.09 13:33:46.885,0.72417,0.72425,1.00,1.87
2015.09.09 13:33:47.395,0.72417,0.72425,1.87,1.00
2015.09.09 13:33:47.947,0.72416,0.72425,1.95,1.95
2015.09.09 13:33:48.612,0.72416,0.72423,1.95,1.00
2015.09.09 13:33:51.673,0.72415,0.72423,1.12,2.62
2015.09.09 13:33:52.311,0.72415,0.7242,1.12,1.00
2015.09.09 13:33:52.413,0.72413,0.72421,3.37,1.37
2015.09.09 13:33:53.902,0.72414,0.72423,1.50,2.77
2015.09.09 13:33:54.004,0.72416,0.72423,1.00,2.02
2015.09.09 13:33:54.509,0.72415,0.72424,3.82,1.37
2015.09.09 13:33:54.611,0.72415,0.72424,4.95,1.12
2015.09.09 13:33:55.330,0.72415,0.72422,2.70,1.00
2015.09.09 13:33:55.383,0.72415,0.72424,3.37,1.87
2015.09.09 13:33:56.197,0.72415,0.72425,5.77,2.62
2015.09.09 13:33:58.111,0.72417,0.72425,1.00,2.62
2015.09.09 13:33:58.213,0.72419,0.72425,1.00,1.12
2015.09.09 13:33:58.418,0.72419,0.72428,2.25,2.77
2015.09.09 13:33:59.296,0.72419,0.72429,2.70,3.45
2015.09.09 13:33:59.804,0.72421,0.72429,1.00,2.70
2015.09.09 13:34:00.315,0.72423,0.72431,1.00,1.45
2015.09.09 13:34:00.668,0.72426,0.72434,1.00,1.87
2015.09.09 13:34:00.720,0.72426,0.72434,1.00,1.12
2015.09.09 13:34:01.557,0.72426,0.72433,1.10,1.00
2015.09.09 13:34:02.317,0.72426,0.72434,2.32,1.12
2015.09.09 13:34:02.961,0.72426,0.72436,1.87,3.52
2015.09.09 13:34:03.474,0.72426,0.72436,1.50,3.52
2015.09.09 13:34:04.020,0.72426,0.72435,1.00,1.20
2015.09.09 13:34:04.683,0.72426,0.72435,1.50,1.47
2015.09.09 13:34:04.970,0.72428,0.72436,1.50,2.02
2015.09.09 13:34:05.124,0.72429,0.72439,1.00,5.32
2015.09.09 13:34:05.636,0.7243,0.72437,1.00,1.37
2015.09.09 13:34:06.251,0.72428,0.72436,1.50,1.12
2015.09.09 13:34:06.609,0.7243,0.72436,1.00,2.02
2015.09.09 13:34:07.283,0.7243,0.72436,1.00,1.12
2015.09.09 13:34:08.230,0.72429,0.72437,1.00,1.87
2015.09.09 13:34:08.747,0.7243,0.72437,1.00,1.37
2015.09.09 13:34:12.997,0.72428,0.72434,1.50,1.00
2015.09.09 13:34:13.456,0.72426,0.72434,1.00,2.02
2015.09.09 13:34:14.474,0.72427,0.72434,1.00,3.52
2015.09.09 13:34:14.984,0.72428,0.72435,1.00,1.95
2015.09.09 13:34:15.523,0.72427,0.72434,1.00,1.12
2015.09.09 13:34:15.778,0.72426,0.72432,1.00,1.00
2015.09.09 13:34:16.439,0.72426,0.72433,1.00,1.12
2015.09.09 13:34:17.029,0.72427,0.72434,1.00,2.70
2015.09.09 13:34:17.540,0.72427,0.72433,1.00,1.50
2015.09.09 13:34:18.088,0.72429,0.72435,1.00,2.02
2015.09.09 13:34:18.599,0.72429,0.72437,1.00,2.70
2015.09.09 13:34:19.108,0.72428,0.72437,1.00,2.70
2015.09.09 13:34:19.639,0.72429,0.72437,1.00,2.70
2015.09.09 13:34:20.190,0.72429,0.72437,1.00,2.70
2015.09.09 13:34:21.368,0.7243,0.72436,1.00,1.95
2015.09.09 13:34:21.932,0.72429,0.72435,1.00,1.37
2015.09.09 13:34:21.984,0.72426,0.72432,1.07,1.00
2015.09.09 13:34:22.035,0.72424,0.72432,1.95,1.42
2015.09.09 13:34:22.087,0.72425,0.72432,1.00,2.55
2015.09.09 13:34:22.595,0.72426,0.72432,1.00,2.32
2015.09.09 13:34:23.482,0.72426,0.72432,1.00,1.65
2015.09.09 13:34:23.787,0.72424,0.72432,1.00,1.57
2015.09.09 13:34:24.322,0.72425,0.72432,1.00,2.25
2015.09.09 13:34:24.629,0.72427,0.72432,1.00,1.00
2015.09.09 13:34:24.782,0.72427,0.72434,1.00,2.02
2015.09.09 13:34:25.288,0.72428,0.72436,1.12,1.95
2015.09.09 13:34:25.694,0.72427,0.72433,1.87,1.00
2015.09.09 13:34:26.225,0.72425,0.72432,1.87,1.00
2015.09.09 13:34:26.635,0.72428,0.72434,1.00,1.20
2015.09.09 13:34:26.789,0.7243,0.72434,1.00,1.12
2015.09.09 13:34:26.841,0.72427,0.72435,2.62,1.10
2015.09.09 13:34:27.368,0.72427,0.72434,1.87,1.00
2015.09.09 13:34:27.876,0.72427,0.72435,1.87,2.32
2015.09.09 13:34:28.416,0.72428,0.72434,1.00,1.50
2015.09.09 13:34:28.946,0.72428,0.72435,1.50,1.20
2015.09.09 13:34:29.463,0.72429,0.72434,1.00,1.50
2015.09.09 13:34:29.617,0.72426,0.72432,1.37,1.00
2015.09.09 13:34:30.128,0.72424,0.72431,1.87,1.00
2015.09.09 13:34:30.430,0.72427,0.72433,1.37,3.00
2015.09.09 13:34:30.583,0.72426,0.72433,1.00,3.00
2015.09.09 13:34:32.260,0.72427,0.72433,1.00,1.12
2015.09.09 13:34:32.464,0.72425,0.72433,1.50,1.12
2015.09.09 13:34:33.024,0.72427,0.72434,1.00,3.45
2015.09.09 13:34:33.330,0.72429,0.72436,1.00,1.87
2015.09.09 13:34:33.875,0.72429,0.72436,2.25,1.00
2015.09.09 13:34:34.383,0.7243,0.72437,1.00,1.12
2015.09.09 13:34:36.521,0.72429,0.72437,1.12,2.25
2015.09.09 13:34:37.460,0.7243,0.72437,1.00,1.50
2015.09.09 13:34:38.476,0.72428,0.72437,2.62,1.37
2015.09.09 13:34:39.024,0.7243,0.72437,1.00,1.87
2015.09.09 13:34:44.511,0.72431,0.72438,1.00,4.20
2015.09.09 13:34:44.664,0.72432,0.72439,1.00,1.27
2015.09.09 13:34:44.868,0.72433,0.7244,1.00,1.00
2015.09.09 13:34:45.400,0.72433,0.72441,1.50,1.87
2015.09.09 13:34:45.917,0.72433,0.7244,1.50,1.87
2015.09.09 13:34:46.429,0.72434,0.7244,1.00,1.12
2015.09.09 13:34:46.962,0.72435,0.72442,1.50,1.37
2015.09.09 13:34:47.471,0.72436,0.72442,1.00,1.00
2015.09.09 13:34:47.977,0.72437,0.72444,1.00,1.37
2015.09.09 13:34:48.029,0.72436,0.72445,2.62,1.12
2015.09.09 13:34:48.866,0.72437,0.72445,1.00,1.12
2015.09.09 13:34:49.393,0.72438,0.72445,1.00,1.00
2015.09.09 13:34:49.495,0.72436,0.72444,1.87,1.00
2015.09.09 13:34:50.256,0.72437,0.72443,1.00,1.00
2015.09.09 13:34:50.765,0.72437,0.72445,1.00,2.40
2015.09.09 13:34:51.274,0.72435,0.72444,1.87,1.00
2015.09.09 13:34:51.784,0.72436,0.72443,1.12,1.65
2015.09.09 13:34:52.322,0.72432,0.72441,3.45,1.00
2015.09.09 13:34:52.836,0.72434,0.72442,1.37,2.25
2015.09.09 13:34:58.494,0.72436,0.72443,1.00,1.47
2015.09.09 13:34:58.800,0.72438,0.72445,1.00,3.75
2015.09.09 13:34:58.977,0.72438,0.72445,1.00,1.87
2015.09.09 13:34:59.715,0.72437,0.72445,1.12,2.25
2015.09.09 13:35:00.218,0.72435,0.72444,1.87,1.65
2015.09.09 13:35:00.320,0.72435,0.72443,1.87,1.00
2015.09.09 13:35:02.663,0.72435,0.72444,1.12,2.77
2015.09.09 13:35:03.610,0.72436,0.72444,1.00,4.27
2015.09.09 13:35:06.496,0.72437,0.72444,1.00,1.27
2015.09.09 13:35:07.164,0.72438,0.72445,1.00,4.27
2015.09.09 13:35:08.321,0.72438,0.72443,1.00,1.00
2015.09.09 13:35:08.830,0.72438,0.72445,1.00,3.45
2015.09.09 13:35:09.373,0.72441,0.72446,1.00,1.20
2015.09.09 13:35:09.578,0.72442,0.72449,1.50,1.87
2015.09.09 13:35:09.887,0.72444,0.72451,1.00,1.12
2015.09.09 13:35:09.940,0.72442,0.72451,1.87,1.12
2015.09.09 13:35:10.490,0.72442,0.7245,2.62,1.00
2015.09.09 13:35:11.000,0.72443,0.7245,1.00,1.00
2015.09.09 13:35:11.531,0.72443,0.72451,1.00,2.62
2015.09.09 13:35:12.092,0.72443,0.7245,1.00,1.50
2015.09.09 13:35:12.601,0.72442,0.7245,1.12,1.00
2015.09.09 13:35:13.129,0.72442,0.7245,1.37,1.12
2015.09.09 13:35:13.879,0.72444,0.7245,1.00,1.12
2015.09.09 13:35:14.083,0.72446,0.7245,1.50,1.00
2015.09.09 13:35:14.135,0.72447,0.72452,1.00,1.00
2015.09.09 13:35:14.238,0.72449,0.72454,1.00,1.95
2015.09.09 13:35:14.291,0.72447,0.72453,1.12,1.00
2015.09.09 13:35:14.393,0.72447,0.72456,1.00,2.02
2015.09.09 13:35:14.860,0.72447,0.72452,1.00,1.00
2015.09.09 13:35:14.962,0.72447,0.72454,1.00,1.20
2015.09.09 13:35:16.149,0.72446,0.72454,1.00,1.20
2015.09.09 13:35:16.925,0.72446,0.72454,1.37,1.20
2015.09.09 13:35:18.356,0.72446,0.72453,1.87,1.00
2015.09.09 13:35:19.198,0.72447,0.72454,1.87,1.12
2015.09.09 13:35:22.226,0.72447,0.72455,1.50,1.50
2015.09.09 13:35:22.805,0.72447,0.72454,2.25,1.00
2015.09.09 13:35:23.839,0.72446,0.72454,1.87,1.57
2015.09.09 13:35:24.367,0.72446,0.72453,1.00,1.10
2015.09.09 13:35:24.895,0.72445,0.72453,1.87,1.10
2015.09.09 13:35:25.870,0.72445,0.72452,2.62,1.00
2015.09.09 13:35:26.748,0.72444,0.72452,4.12,1.07
2015.09.09 13:35:27.258,0.72444,0.7245,2.62,1.00
2015.09.09 13:35:27.774,0.72444,0.72452,2.62,2.02
2015.09.09 13:35:29.138,0.72443,0.72451,1.87,1.10
2015.09.09 13:35:30.774,0.72444,0.72451,1.00,1.57
2015.09.09 13:35:31.772,0.72444,0.7245,1.00,1.00
2015.09.09 13:35:32.286,0.72444,0.72451,1.00,1.57
2015.09.09 13:35:33.556,0.72444,0.72453,2.25,2.02
2015.09.09 13:35:34.061,0.72444,0.72453,1.87,2.70
2015.09.09 13:35:34.590,0.72443,0.72452,3.37,1.00
2015.09.09 13:35:35.123,0.72443,0.72453,3.37,3.45
2015.09.09 13:35:35.639,0.72443,0.72452,3.37,1.00
2015.09.09 13:35:36.255,0.72443,0.72453,3.37,2.70
2015.09.09 13:35:37.176,0.72444,0.72452,1.12,1.00
2015.09.09 13:35:37.680,0.72445,0.72452,1.00,1.00
2015.09.09 13:35:38.138,0.72447,0.72454,1.00,1.95
2015.09.09 13:35:38.648,0.72447,0.72454,1.00,1.87
2015.09.09 13:35:39.161,0.72445,0.72454,1.12,1.87
2015.09.09 13:35:39.672,0.72446,0.72454,1.00,1.12
2015.09.09 13:35:42.531,0.72448,0.72454,1.00,1.50
2015.09.09 13:35:44.215,0.72446,0.72454,1.95,1.00
2015.09.09 13:35:44.368,0.72446,0.72452,1.10,1.00
2015.09.09 13:35:44.571,0.72444,0.72452,1.12,1.50
2015.09.09 13:35:45.137,0.72442,0.72451,2.70,1.00
2015.09.09 13:35:45.648,0.72442,0.72449,1.37,1.00
2015.09.09 13:35:45.750,0.72442,0.72448,1.00,1.00
2015.09.09 13:35:46.262,0.72441,0.72449,1.12,1.50
2015.09.09 13:35:46.873,0.72441,0.7245,1.12,1.20
2015.09.09 13:35:47.729,0.72441,0.7245,1.87,1.10
2015.09.09 13:35:48.517,0.72443,0.7245,1.00,1.10
2015.09.09 13:35:49.031,0.72441,0.7245,1.47,1.57
2015.09.09 13:35:49.544,0.7244,0.72449,2.62,1.50
2015.09.09 13:35:50.052,0.72441,0.72449,1.12,1.00
2015.09.09 13:35:50.727,0.72442,0.72449,1.12,1.00
2015.09.09 13:35:54.877,0.72442,0.7245,3.37,1.10
2015.09.09 13:35:55.183,0.72444,0.72451,1.00,1.12
2015.09.09 13:35:55.703,0.72444,0.72452,1.50,1.20
2015.09.09 13:35:58.429,0.72444,0.72451,1.12,1.00
2015.09.09 13:35:59.447,0.72444,0.72452,1.12,2.32
2015.09.09 13:35:59.756,0.72444,0.7245,1.12,1.00
2015.09.09 13:36:00.307,0.72444,0.72452,1.12,3.07
2015.09.09 13:36:00.409,0.72447,0.72451,1.00,1.00
2015.09.09 13:36:00.614,0.72448,0.72454,1.00,1.07
2015.09.09 13:36:00.819,0.72448,0.72456,1.00,1.12
2015.09.09 13:36:01.364,0.72449,0.72456,1.00,1.12
2015.09.09 13:36:01.876,0.72449,0.72455,1.12,1.00
2015.09.09 13:36:02.409,0.72447,0.72456,1.87,1.00
2015.09.09 13:36:02.926,0.72448,0.72457,1.12,1.87
2015.09.09 13:36:03.489,0.72449,0.72457,1.50,1.12
2015.09.09 13:36:04.003,0.7245,0.72459,1.00,2.70
2015.09.09 13:36:04.613,0.7245,0.72459,1.12,2.32
2015.09.09 13:36:08.287,0.72452,0.72459,1.00,1.95
2015.09.09 13:36:08.596,0.72454,0.7246,1.00,1.50
2015.09.09 13:36:09.054,0.72456,0.7246,1.00,1.00
2015.09.09 13:36:09.208,0.72457,0.72463,1.12,1.00
2015.09.09 13:36:09.311,0.72456,0.72461,1.87,1.00
2015.09.09 13:36:09.466,0.72454,0.72461,1.12,1.50
2015.09.09 13:36:09.968,0.72452,0.72461,1.47,2.32
2015.09.09 13:36:10.477,0.72451,0.72461,2.70,2.32
2015.09.09 13:36:11.037,0.72451,0.7246,2.70,1.10
2015.09.09 13:36:11.738,0.72451,0.72459,1.95,1.00
2015.09.09 13:36:12.245,0.72451,0.72458,1.37,1.00
2015.09.09 13:36:15.995,0.72449,0.72456,1.87,1.50
2015.09.09 13:36:16.148,0.72447,0.72455,2.62,1.00
2015.09.09 13:36:16.606,0.72447,0.72455,1.50,2.77
2015.09.09 13:36:17.584,0.72447,0.72455,1.50,2.02
2015.09.09 13:36:18.252,0.72448,0.72455,1.00,1.27
2015.09.09 13:36:18.561,0.72451,0.72458,1.00,1.37
2015.09.09 13:36:19.615,0.72451,0.7246,1.87,1.55
2015.09.09 13:36:20.930,0.72451,0.72459,1.12,1.47
2015.09.09 13:36:23.869,0.72451,0.7246,1.00,2.77
2015.09.09 13:36:24.605,0.72451,0.72458,1.00,1.00
2015.09.09 13:36:25.839,0.72451,0.7246,1.00,2.77
2015.09.09 13:36:26.410,0.7245,0.7246,2.62,2.77
2015.09.09 13:36:26.941,0.72449,0.72458,2.62,1.00
2015.09.09 13:36:29.008,0.72449,0.72457,1.87,1.00
2015.09.09 13:36:29.896,0.7245,0.72457,1.00,1.10
2015.09.09 13:36:30.417,0.72449,0.72456,1.12,1.00
2015.09.09 13:36:30.626,0.72448,0.72454,1.37,1.00
2015.09.09 13:36:30.680,0.72446,0.72454,2.02,1.00
2015.09.09 13:36:32.570,0.72446,0.72454,1.12,1.50
2015.09.09 13:36:33.087,0.72446,0.72453,1.12,1.00
2015.09.09 13:36:43.281,0.72445,0.72451,1.37,1.00
2015.09.09 13:36:43.891,0.72446,0.72453,1.12,2.02
2015.09.09 13:36:44.859,0.72445,0.72453,1.37,2.70
2015.09.09 13:36:45.181,0.72445,0.72451,1.12,1.00
2015.09.09 13:36:45.692,0.72445,0.72452,1.12,1.12
2015.09.09 13:36:50.176,0.72447,0.72453,1.00,1.95
2015.09.09 13:36:50.482,0.72453,0.72458,1.00,1.00
2015.09.09 13:36:50.726,0.72453,0.72461,1.95,1.00
2015.09.09 13:36:50.880,0.72455,0.72461,1.00,1.00
2015.09.09 13:36:51.236,0.72455,0.72463,1.50,1.87
2015.09.09 13:36:52.814,0.72455,0.7246,1.00,1.00
2015.09.09 13:36:53.071,0.72452,0.7246,1.87,3.00
2015.09.09 13:36:53.580,0.72452,0.72459,1.12,1.00
2015.09.09 13:36:54.131,0.7245,0.72459,2.62,1.50
2015.09.09 13:36:54.794,0.7245,0.72458,1.87,2.25
2015.09.09 13:36:55.326,0.7245,0.72458,1.87,2.25
2015.09.09 13:36:56.583,0.72454,0.72458,1.00,2.25
2015.09.09 13:36:56.788,0.72454,0.72461,1.50,3.15
2015.09.09 13:36:57.299,0.72455,0.72461,2.25,2.25
2015.09.09 13:36:57.352,0.72457,0.72461,1.00,2.25
2015.09.09 13:36:57.762,0.72455,0.72461,1.50,2.25
2015.09.09 13:36:58.271,0.72454,0.72461,1.20,2.25
2015.09.09 13:36:58.758,0.72452,0.7246,2.70,1.50
2015.09.09 13:36:59.528,0.72452,0.72461,1.12,2.62
2015.09.09 13:36:59.783,0.72454,0.72462,1.00,1.87
2015.09.09 13:37:00.606,0.72454,0.7246,1.00,1.00
2015.09.09 13:37:00.914,0.72451,0.72458,1.12,2.25
2015.09.09 13:37:02.155,0.72452,0.72458,1.00,2.25
2015.09.09 13:37:02.513,0.72451,0.7246,1.12,1.12
2015.09.09 13:37:02.617,0.72451,0.72457,1.12,1.00
2015.09.09 13:37:03.127,0.72448,0.72456,1.37,3.00
2015.09.09 13:37:03.727,0.72448,0.72456,1.12,3.75
2015.09.09 13:37:04.418,0.72448,0.72455,1.12,1.00
2015.09.09 13:37:05.807,0.72446,0.72455,2.02,2.25
2015.09.09 13:37:07.080,0.72446,0.72452,1.17,1.00
2015.09.09 13:37:07.234,0.72444,0.72452,1.50,2.25
2015.09.09 13:37:07.488,0.72442,0.7245,2.62,1.00
2015.09.09 13:37:08.494,0.72442,0.72451,1.87,1.00
2015.09.09 13:37:09.149,0.72443,0.72452,1.12,2.70
2015.09.09 13:37:09.661,0.72448,0.72452,1.00,2.62
2015.09.09 13:37:09.713,0.72446,0.72452,1.00,1.12
2015.09.09 13:37:09.815,0.7245,0.72455,1.00,1.55
2015.09.09 13:37:09.918,0.7245,0.72458,2.25,1.75
2015.09.09 13:37:10.074,0.72452,0.72459,1.00,1.87
2015.09.09 13:37:10.126,0.72453,0.72459,1.00,1.00
2015.09.09 13:37:10.483,0.72453,0.72462,3.07,1.20
2015.09.09 13:37:11.082,0.72454,0.72463,1.00,4.50
2015.09.09 13:37:11.591,0.72453,0.72462,1.10,2.70
2015.09.09 13:37:12.346,0.72453,0.72461,1.10,1.00
2015.09.09 13:37:12.877,0.72454,0.72463,1.50,1.47
2015.09.09 13:37:13.470,0.72454,0.72462,1.87,1.00
2015.09.09 13:37:13.979,0.72455,0.72461,1.50,1.00
2015.09.09 13:37:14.245,0.72454,0.72463,1.12,2.77
2015.09.09 13:37:14.296,0.72454,0.72461,1.12,1.00
2015.09.09 13:37:14.780,0.72454,0.72463,1.87,2.77
2015.09.09 13:37:15.329,0.72455,0.72464,1.00,2.25
2015.09.09 13:37:15.840,0.72456,0.72464,1.50,1.37
2015.09.09 13:37:16.356,0.72457,0.72465,1.00,1.37
2015.09.09 13:37:16.407,0.72459,0.72465,1.00,1.12
2015.09.09 13:37:16.713,0.72459,0.72467,1.00,2.70
2015.09.09 13:37:17.240,0.72458,0.72467,1.87,1.12
2015.09.09 13:37:19.274,0.72457,0.72466,4.27,1.00
2015.09.09 13:37:19.804,0.72457,0.72467,2.77,1.87
2015.09.09 13:37:20.212,0.72458,0.72465,1.00,1.00
2015.09.09 13:37:20.714,0.72457,0.72462,1.12,1.00
2015.09.09 13:37:20.918,0.72455,0.72462,3.45,1.12
2015.09.09 13:37:21.428,0.72456,0.72465,1.00,3.52
2015.09.09 13:37:22.463,0.72457,0.72465,1.00,1.57
2015.09.09 13:37:22.810,0.72458,0.72467,1.00,1.47
2015.09.09 13:37:23.014,0.7246,0.72467,1.00,1.95
2015.09.09 13:37:23.576,0.72462,0.72468,1.00,1.37
2015.09.09 13:37:23.837,0.72462,0.72469,1.00,1.12
2015.09.09 13:37:24.591,0.72462,0.72471,2.25,3.45
2015.09.09 13:37:25.102,0.72462,0.72471,2.25,3.37
2015.09.09 13:37:26.441,0.72463,0.7247,1.00,1.87
2015.09.09 13:37:26.543,0.72461,0.7247,3.07,1.87
2015.09.09 13:37:27.051,0.72461,0.7247,3.00,1.37
2015.09.09 13:37:28.638,0.7246,0.72469,3.90,1.37
2015.09.09 13:37:29.142,0.72459,0.72468,3.00,1.87
2015.09.09 13:37:29.738,0.7246,0.72468,1.50,1.87
2015.09.09 13:37:29.793,0.72458,0.72466,2.02,1.00
2015.09.09 13:37:29.897,0.7246,0.72466,1.00,2.25
2015.09.09 13:37:30.407,0.7246,0.72468,1.00,1.37
2015.09.09 13:37:30.770,0.72458,0.72467,1.65,1.12
2015.09.09 13:37:30.974,0.72458,0.72465,1.20,1.00
2015.09.09 13:37:31.179,0.72456,0.72464,1.95,2.25
2015.09.09 13:37:31.688,0.72456,0.72464,1.00,1.87
2015.09.09 13:37:32.204,0.72456,0.72462,1.00,1.00
2015.09.09 13:37:32.256,0.72454,0.72462,1.95,1.00
2015.09.09 13:37:32.307,0.72456,0.72462,1.00,1.00
2015.09.09 13:37:32.873,0.72456,0.72462,1.00,1.87
2015.09.09 13:37:33.232,0.72454,0.72462,1.87,1.87
2015.09.09 13:37:33.644,0.72456,0.72462,1.00,1.87
2015.09.09 13:37:34.400,0.72456,0.72464,1.00,1.47
2015.09.09 13:37:35.002,0.72457,0.72464,1.50,1.37
2015.09.09 13:37:35.054,0.72458,0.72465,1.00,1.12
2015.09.09 13:37:35.562,0.72459,0.72465,1.00,1.12
2015.09.09 13:37:36.186,0.72458,0.72466,1.00,1.87
2015.09.09 13:37:36.704,0.72459,0.72466,1.00,1.87
2015.09.09 13:37:37.115,0.72462,0.72467,1.00,1.10
2015.09.09 13:37:37.450,0.72461,0.72469,2.25,1.27
2015.09.09 13:37:37.604,0.72463,0.72469,1.00,1.12
2015.09.09 13:37:38.116,0.72462,0.72471,1.50,1.95
2015.09.09 13:37:38.434,0.72461,0.72467,1.10,1.00
2015.09.09 13:37:38.690,0.72456,0.72463,1.00,1.12
2015.09.09 13:37:38.792,0.72454,0.72462,1.12,1.00
2015.09.09 13:37:39.316,0.72453,0.72462,1.87,1.12
2015.09.09 13:37:39.828,0.72452,0.72461,1.87,1.12
2015.09.09 13:37:39.930,0.72452,0.72461,1.00,1.37
2015.09.09 13:37:40.432,0.72452,0.72459,1.37,1.00
2015.09.09 13:37:40.943,0.72453,0.72461,1.12,1.47
2015.09.09 13:37:41.439,0.72457,0.72461,1.00,1.10
2015.09.09 13:37:41.541,0.72457,0.72464,1.00,1.87
2015.09.09 13:37:41.999,0.72456,0.72465,1.87,1.12
2015.09.09 13:37:42.503,0.72456,0.72464,1.12,1.00
2015.09.09 13:37:42.606,0.72455,0.72462,1.10,1.00
2015.09.09 13:37:42.912,0.72455,0.72464,2.25,1.20
2015.09.09 13:37:43.269,0.72457,0.72464,1.00,1.12
2015.09.09 13:37:43.812,0.72458,0.72465,1.00,1.12
2015.09.09 13:37:44.323,0.72459,0.72467,1.00,1.47
2015.09.09 13:37:44.916,0.72459,0.72468,1.50,1.45
2015.09.09 13:37:45.884,0.72459,0.72468,2.25,1.45
2015.09.09 13:37:46.692,0.72457,0.72467,4.95,2.70
2015.09.09 13:37:47.209,0.72457,0.72465,1.50,1.00
2015.09.09 13:37:47.976,0.72458,0.72466,1.00,1.87
2015.09.09 13:37:48.131,0.72456,0.72466,2.32,1.87
2015.09.09 13:37:48.734,0.72458,0.72464,1.00,1.12
2015.09.09 13:37:49.197,0.72456,0.72465,1.00,1.95
2015.09.09 13:37:50.104,0.72456,0.72464,1.00,1.95
2015.09.09 13:37:50.921,0.72455,0.72463,1.87,1.37
2015.09.09 13:37:51.585,0.72456,0.72463,1.00,1.37
2015.09.09 13:37:53.946,0.72457,0.72463,1.00,1.37
2015.09.09 13:37:54.252,0.72457,0.72465,1.12,1.87
2015.09.09 13:37:54.755,0.72458,0.72466,1.00,1.87
2015.09.09 13:37:55.265,0.72457,0.72466,1.50,1.87
2015.09.09 13:37:55.813,0.72456,0.72464,2.77,1.00
2015.09.09 13:37:56.480,0.72456,0.72465,1.12,2.62
2015.09.09 13:37:56.990,0.72458,0.72465,1.00,1.87
2015.09.09 13:37:57.666,0.72459,0.72465,1.00,1.00
2015.09.09 13:37:59.033,0.72458,0.72465,1.20,1.00
2015.09.09 13:38:00.639,0.72458,0.72467,1.00,2.70
2015.09.09 13:38:01.433,0.72457,0.72466,1.12,1.87
2015.09.09 13:38:01.946,0.72457,0.72465,1.87,1.00
2015.09.09 13:38:03.378,0.72456,0.72463,1.47,1.00
2015.09.09 13:38:03.886,0.72455,0.72463,1.37,1.00
2015.09.09 13:38:04.511,0.72455,0.72463,1.87,1.00
2015.09.09 13:38:05.020,0.72456,0.72465,1.50,1.87
2015.09.09 13:38:05.536,0.72456,0.72465,2.62,1.87
2015.09.09 13:38:07.668,0.72456,0.72464,1.20,1.00
2015.09.09 13:38:07.970,0.72454,0.72462,2.02,1.00
2015.09.09 13:38:09.182,0.72454,0.72463,2.02,1.87
2015.09.09 13:38:09.488,0.72457,0.72464,1.00,1.95
2015.09.09 13:38:09.641,0.72455,0.72464,3.45,1.12
2015.09.09 13:38:11.725,0.72455,0.72463,1.20,1.00
2015.09.09 13:38:12.233,0.72453,0.72463,3.52,1.87
2015.09.09 13:38:12.777,0.72453,0.72462,2.77,1.12
2015.09.09 13:38:14.750,0.72453,0.72462,2.02,1.12
2015.09.09 13:38:15.365,0.72453,0.72462,2.02,1.12
2015.09.09 13:38:15.417,0.72458,0.72463,1.00,2.62
2015.09.09 13:38:15.469,0.72457,0.72463,1.00,1.50
2015.09.09 13:38:15.646,0.7246,0.72464,1.00,1.00
2015.09.09 13:38:15.704,0.72461,0.72469,1.12,2.62
2015.09.09 13:38:16.213,0.72462,0.72471,1.47,1.87
2015.09.09 13:38:16.692,0.7246,0.72468,1.20,1.00
2015.09.09 13:38:16.847,0.72458,0.72468,2.77,1.87
2015.09.09 13:38:16.949,0.7246,0.72468,1.00,1.87
2015.09.09 13:38:17.461,0.7246,0.72469,2.62,1.95
2015.09.09 13:38:18.279,0.7246,0.72468,1.50,1.12
2015.09.09 13:38:18.923,0.72462,0.72468,1.00,1.12
2015.09.09 13:38:19.025,0.7246,0.72469,1.00,1.87
2015.09.09 13:38:19.574,0.72459,0.72466,1.12,1.00
2015.09.09 13:38:19.982,0.72456,0.72465,1.55,1.00
2015.09.09 13:38:20.085,0.72457,0.72464,1.00,1.37
2015.09.09 13:38:20.240,0.72455,0.72463,1.50,1.12
2015.09.09 13:38:20.601,0.72454,0.72462,1.00,1.37
2015.09.09 13:38:21.111,0.72453,0.72461,1.00,1.87
2015.09.09 13:38:21.648,0.72452,0.72461,2.25,1.37
2015.09.09 13:38:22.058,0.72454,0.72459,1.00,1.12
2015.09.09 13:38:22.212,0.72455,0.72462,1.00,1.50
2015.09.09 13:38:22.525,0.72457,0.72464,1.00,1.12
2015.09.09 13:38:22.833,0.72459,0.72467,1.00,2.70
2015.09.09 13:38:23.290,0.72457,0.72464,2.62,1.00
2015.09.09 13:38:23.585,0.72458,0.72467,1.00,3.45
2015.09.09 13:38:24.095,0.72457,0.72466,1.87,1.20
2015.09.09 13:38:24.701,0.72458,0.72465,1.00,1.00
2015.09.09 13:38:25.061,0.72462,0.72466,1.00,1.12
2015.09.09 13:38:25.216,0.72461,0.72468,1.00,1.10
2015.09.09 13:38:25.720,0.72461,0.72471,2.25,3.07
2015.09.09 13:38:26.236,0.72462,0.72471,1.00,3.07
2015.09.09 13:38:26.743,0.72462,0.72471,1.00,3.07
2015.09.09 13:38:27.273,0.72462,0.72471,1.87,2.70
2015.09.09 13:38:27.579,0.72463,0.72469,1.00,1.00
2015.09.09 13:38:28.123,0.72462,0.72469,1.87,1.00
2015.09.09 13:38:28.684,0.72462,0.72471,1.87,2.70
2015.09.09 13:38:29.233,0.72462,0.7247,1.87,1.00
2015.09.09 13:38:29.763,0.72462,0.72471,1.87,1.95
2015.09.09 13:38:31.225,0.72462,0.72471,1.87,1.95
2015.09.09 13:38:33.355,0.72462,0.72468,1.12,1.00
2015.09.09 13:38:33.457,0.7246,0.72468,3.82,1.12
2015.09.09 13:38:34.004,0.7246,0.72467,1.00,1.00
2015.09.09 13:38:34.209,0.72457,0.72467,2.77,2.62
2015.09.09 13:38:34.716,0.72458,0.72467,1.00,2.70
2015.09.09 13:38:35.161,0.7246,0.72467,1.00,2.70
2015.09.09 13:38:35.823,0.72461,0.72468,1.00,1.37
2015.09.09 13:38:36.071,0.72459,0.72467,1.50,1.12
2015.09.09 13:38:36.580,0.72459,0.72467,1.00,2.02
2015.09.09 13:38:38.374,0.72458,0.72465,1.00,1.00
2015.09.09 13:38:38.904,0.72459,0.72464,1.00,1.00
2015.09.09 13:38:39.417,0.72458,0.72465,1.95,1.00
2015.09.09 13:38:39.869,0.72457,0.72463,1.87,1.00
2015.09.09 13:38:40.378,0.72457,0.72463,1.12,1.00
2015.09.09 13:38:40.886,0.72457,0.72464,1.12,1.00
2015.09.09 13:38:41.550,0.72456,0.72464,2.70,1.50
2015.09.09 13:38:41.957,0.72458,0.72465,1.00,2.70
2015.09.09 13:38:42.465,0.72457,0.72464,1.10,1.00
2015.09.09 13:38:42.771,0.72456,0.72463,4.12,1.00
2015.09.09 13:38:42.823,0.72456,0.72463,4.12,1.00
2015.09.09 13:38:43.385,0.72456,0.72464,4.12,1.00
2015.09.09 13:38:45.814,0.72456,0.72465,3.37,1.12
2015.09.09 13:38:46.352,0.72456,0.72464,2.62,1.00
2015.09.09 13:38:46.977,0.72456,0.72464,2.62,1.00
2015.09.09 13:38:47.387,0.72457,0.72466,1.12,2.77
2015.09.09 13:38:47.948,0.72457,0.72465,1.95,1.00
2015.09.09 13:38:50.523,0.72458,0.72465,1.00,1.00
2015.09.09 13:38:51.028,0.72458,0.72466,1.87,1.87
2015.09.09 13:38:51.284,0.72458,0.72464,1.37,1.00
2015.09.09 13:38:51.386,0.72457,0.72464,1.20,1.12
2015.09.09 13:38:52.017,0.72455,0.72464,2.62,1.12
2015.09.09 13:38:52.424,0.72455,0.72464,1.00,1.87
2015.09.09 13:38:52.937,0.72456,0.72463,1.00,1.95
2015.09.09 13:38:53.397,0.72454,0.72464,3.00,3.52
2015.09.09 13:38:54.142,0.72455,0.72464,1.00,2.77
2015.09.09 13:38:55.214,0.72454,0.72461,2.62,1.00
2015.09.09 13:38:55.735,0.72454,0.72462,1.00,1.12
2015.09.09 13:38:56.806,0.72453,0.72463,3.37,1.95
2015.09.09 13:38:57.602,0.72454,0.72462,1.00,1.12
2015.09.09 13:38:58.114,0.72453,0.72461,1.87,1.00
2015.09.09 13:39:00.553,0.72451,0.72461,5.70,1.87
2015.09.09 13:39:00.859,0.7245,0.72458,1.95,1.00
2015.09.09 13:39:01.165,0.72449,0.72457,2.70,1.00
2015.09.09 13:39:01.690,0.72449,0.72456,1.37,1.00
2015.09.09 13:39:02.235,0.72448,0.72456,1.87,1.10
2015.09.09 13:39:02.745,0.72448,0.72457,2.62,2.02
2015.09.09 13:39:03.345,0.72448,0.72457,1.87,1.95
2015.09.09 13:39:03.854,0.72449,0.72457,1.12,1.57
2015.09.09 13:39:04.637,0.72448,0.72457,1.12,1.95
2015.09.09 13:39:08.586,0.72448,0.72456,2.62,1.00
2015.09.09 13:39:11.511,0.72449,0.72456,1.00,1.12
2015.09.09 13:39:13.119,0.72449,0.72458,1.50,2.77
2015.09.09 13:39:13.630,0.72452,0.72458,1.00,1.37
2015.09.09 13:39:14.153,0.72452,0.72458,1.00,1.00
2015.09.09 13:39:14.357,0.7245,0.72458,1.87,1.00
2015.09.09 13:39:14.868,0.72449,0.72457,1.12,1.50
2015.09.09 13:39:16.225,0.72449,0.72456,1.12,1.00
2015.09.09 13:39:17.551,0.72449,0.72456,1.37,1.00
2015.09.09 13:39:18.679,0.72448,0.72456,1.47,1.00
2015.09.09 13:39:19.764,0.72448,0.72457,1.95,1.20
2015.09.09 13:39:20.274,0.72449,0.72456,1.37,1.00
2015.09.09 13:39:21.952,0.72449,0.72457,1.37,1.95
2015.09.09 13:39:22.484,0.72449,0.72456,1.37,1.00
2015.09.09 13:39:22.992,0.72449,0.72456,1.00,1.00
2015.09.09 13:39:23.897,0.72449,0.72457,1.12,3.07
2015.09.09 13:39:24.254,0.72449,0.72455,1.12,1.00
2015.09.09 13:39:26.420,0.72448,0.72456,2.70,1.00
2015.09.09 13:39:26.933,0.7245,0.72458,1.00,1.20
2015.09.09 13:39:27.534,0.72449,0.72458,1.12,1.87
2015.09.09 13:39:27.891,0.72451,0.72457,1.00,1.00
2015.09.09 13:39:28.197,0.72451,0.72459,1.50,1.27
2015.09.09 13:39:28.746,0.72452,0.72459,1.00,1.12
2015.09.09 13:39:32.580,0.72452,0.7246,1.00,2.62
2015.09.09 13:39:37.752,0.72451,0.72459,1.12,1.00
2015.09.09 13:39:38.277,0.72452,0.72461,1.57,1.37
2015.09.09 13:39:39.133,0.72453,0.72461,1.00,2.62
2015.09.09 13:39:39.646,0.72453,0.72461,1.00,1.87
2015.09.09 13:39:40.205,0.72452,0.72461,1.95,1.87
2015.09.09 13:39:40.716,0.72452,0.7246,1.47,1.00
2015.09.09 13:39:41.314,0.72453,0.72461,1.37,1.87
2015.09.09 13:39:41.824,0.72453,0.72461,1.00,1.12
2015.09.09 13:39:42.332,0.72454,0.72461,1.00,1.12
2015.09.09 13:39:45.510,0.72454,0.72462,1.50,1.87
2015.09.09 13:39:46.943,0.72455,0.72461,1.00,1.50
2015.09.09 13:39:47.482,0.72454,0.72462,1.00,1.12
2015.09.09 13:39:50.892,0.72455,0.72462,1.00,1.50
2015.09.09 13:39:51.411,0.72455,0.72463,1.12,2.25
2015.09.09 13:39:52.250,0.72457,0.72463,1.00,1.50
2015.09.09 13:39:52.498,0.72455,0.72464,1.12,2.62
2015.09.09 13:39:53.009,0.72456,0.72464,1.00,2.62
2015.09.09 13:39:54.415,0.72457,0.72464,1.00,1.50
2015.09.09 13:39:54.918,0.72457,0.72465,1.50,2.62
2015.09.09 13:39:55.429,0.72456,0.72465,1.50,2.62
2015.09.09 13:39:57.428,0.72456,0.72465,1.87,2.62
2015.09.09 13:39:58.375,0.72456,0.72465,1.00,2.62
2015.09.09 13:39:58.728,0.72459,0.72465,1.00,1.12
2015.09.09 13:39:58.883,0.72457,0.72467,2.70,2.25
2015.09.09 13:39:58.935,0.72458,0.72464,1.95,1.00
2015.09.09 13:39:59.038,0.72458,0.72467,2.25,1.50
2015.09.09 13:39:59.699,0.72458,0.72467,1.95,1.50
2015.09.09 13:40:00.412,0.7246,0.72467,1.00,1.00
2015.09.09 13:40:00.722,0.7246,0.72468,2.62,1.00
2015.09.09 13:40:01.742,0.7246,0.72467,1.87,1.50
2015.09.09 13:40:01.947,0.72462,0.72469,1.12,1.12
2015.09.09 13:40:02.458,0.72462,0.7247,1.00,1.12
2015.09.09 13:40:02.875,0.72462,0.72468,1.00,1.00
2015.09.09 13:40:04.475,0.72462,0.72469,1.00,1.50
2015.09.09 13:40:04.784,0.7246,0.72466,1.47,1.00
2015.09.09 13:40:05.294,0.72459,0.72467,2.62,2.25
2015.09.09 13:40:05.751,0.72459,0.72467,2.62,2.25
2015.09.09 13:40:06.326,0.72459,0.72466,2.25,1.00
2015.09.09 13:40:07.292,0.72459,0.72467,1.50,1.87
2015.09.09 13:40:09.133,0.72459,0.72466,1.00,1.50
2015.09.09 13:40:09.286,0.72459,0.72464,1.00,1.00
2015.09.09 13:40:09.836,0.7246,0.72464,1.00,1.00
2015.09.09 13:40:10.141,0.72458,0.72464,1.10,1.00
2015.09.09 13:40:10.526,0.72458,0.72466,1.10,1.87
2015.09.09 13:40:10.781,0.7246,0.72467,1.00,1.95
2015.09.09 13:40:11.300,0.7246,0.72467,1.00,1.12
2015.09.09 13:40:13.367,0.72459,0.72466,1.37,1.50
2015.09.09 13:40:13.877,0.72459,0.72466,1.00,1.50
2015.09.09 13:40:14.543,0.72458,0.72466,1.12,1.50
2015.09.09 13:40:15.103,0.72459,0.72465,1.00,1.00
2015.09.09 13:40:16.421,0.72459,0.72467,2.25,2.62
2015.09.09 13:40:16.718,0.72461,0.72467,1.00,1.00
2015.09.09 13:40:17.226,0.7246,0.72467,1.12,1.00
2015.09.09 13:40:18.349,0.72459,0.72467,1.87,1.00
2015.09.09 13:40:19.274,0.72459,0.72468,1.87,2.70
2015.09.09 13:40:19.580,0.72462,0.72468,1.00,1.95
2015.09.09 13:40:20.159,0.72461,0.72471,1.50,2.70
2015.09.09 13:40:20.261,0.72461,0.72471,1.95,2.62
2015.09.09 13:40:20.465,0.72463,0.72472,1.50,1.95
2015.09.09 13:40:20.894,0.72461,0.72471,2.70,2.62
2015.09.09 13:40:21.150,0.72461,0.72468,1.10,1.00
2015.09.09 13:40:22.207,0.7246,0.72468,1.50,1.12
2015.09.09 13:40:22.719,0.7246,0.72467,1.00,1.00
2015.09.09 13:40:23.228,0.7246,0.72466,1.00,1.00
2015.09.09 13:40:23.751,0.72459,0.72467,1.00,1.87
2015.09.09 13:40:24.157,0.72459,0.72465,1.00,1.00
2015.09.09 13:40:24.806,0.72459,0.72467,1.00,1.87
2015.09.09 13:40:25.314,0.7246,0.72467,1.00,1.87
2015.09.09 13:40:25.960,0.72458,0.72467,1.12,1.87
2015.09.09 13:40:27.687,0.72461,0.72467,1.00,1.87
2015.09.09 13:40:28.135,0.72457,0.72465,1.87,1.00
2015.09.09 13:40:28.643,0.72456,0.72464,1.12,1.00
2015.09.09 13:40:29.001,0.72456,0.72462,1.12,1.00
2015.09.09 13:40:29.515,0.72455,0.72462,1.12,1.12
2015.09.09 13:40:31.139,0.72455,0.72465,1.50,3.52
2015.09.09 13:40:32.351,0.72455,0.72464,1.10,1.47
2015.09.09 13:40:33.489,0.72455,0.72464,1.20,1.20
2015.09.09 13:40:34.341,0.72455,0.72464,1.10,1.47
2015.09.09 13:40:35.911,0.72455,0.72464,1.20,1.20
2015.09.09 13:40:38.000,0.72455,0.72463,1.20,1.00
2015.09.09 13:40:41.425,0.72454,0.72463,3.45,1.00
2015.09.09 13:40:42.552,0.72454,0.72461,4.57,1.00
2015.09.09 13:40:43.074,0.72454,0.72462,3.07,1.00
2015.09.09 13:40:43.331,0.72457,0.72464,1.00,1.00
2015.09.09 13:40:43.536,0.72458,0.72466,1.00,1.87
2015.09.09 13:40:44.343,0.72458,0.72466,1.47,1.12
2015.09.09 13:40:44.854,0.7246,0.72468,1.12,2.25
2015.09.09 13:40:45.360,0.72459,0.72467,2.77,1.00
2015.09.09 13:40:45.869,0.72458,0.72467,1.55,1.50
2015.09.09 13:40:46.383,0.72459,0.72468,2.70,1.12
2015.09.09 13:40:47.178,0.72459,0.72466,1.95,1.50
2015.09.09 13:40:47.688,0.72457,0.72465,1.47,1.00
2015.09.09 13:40:48.196,0.72458,0.72466,2.70,1.00
2015.09.09 13:40:48.706,0.72458,0.72467,2.70,1.12
2015.09.09 13:40:49.775,0.72459,0.72467,1.00,1.12
2015.09.09 13:40:50.380,0.72458,0.72468,2.70,2.62
2015.09.09 13:40:50.896,0.72459,0.72468,1.00,1.37
2015.09.09 13:40:51.275,0.72461,0.7247,1.12,2.02
2015.09.09 13:40:51.587,0.72463,0.72471,2.77,1.00
2015.09.09 13:40:52.160,0.72463,0.72472,2.77,1.87
2015.09.09 13:40:52.773,0.72464,0.72473,1.20,4.12
2015.09.09 13:40:53.315,0.72465,0.72473,1.00,1.12
2015.09.09 13:40:53.859,0.72464,0.72472,1.95,1.00
2015.09.09 13:40:54.628,0.72464,0.72474,1.95,3.37
2015.09.09 13:40:54.679,0.72464,0.72471,1.95,1.00
2015.09.09 13:40:54.987,0.72461,0.72468,2.02,1.00
2015.09.09 13:40:55.039,0.72461,0.7247,1.95,4.50
2015.09.09 13:40:55.559,0.7246,0.72469,2.77,1.00
2015.09.09 13:40:56.070,0.7246,0.72469,1.57,1.87
2015.09.09 13:40:56.223,0.7246,0.72468,1.20,1.12
2015.09.09 13:40:56.435,0.7246,0.72467,1.10,1.07
2015.09.09 13:40:56.945,0.72457,0.72465,4.72,1.10
2015.09.09 13:40:57.458,0.72458,0.72467,1.12,3.07
2015.09.09 13:40:59.210,0.72458,0.72467,3.37,1.47
2015.09.09 13:41:00.192,0.72459,0.72466,2.62,1.00
2015.09.09 13:41:00.243,0.7246,0.72468,1.87,2.32
2015.09.09 13:41:00.295,0.72462,0.72468,1.12,1.57
2015.09.09 13:41:00.397,0.72462,0.72471,2.62,2.02
2015.09.09 13:41:00.594,0.72464,0.72471,1.00,1.12
2015.09.09 13:41:01.305,0.72464,0.72472,1.50,1.12
2015.09.09 13:41:01.636,0.72466,0.72473,1.00,1.87
2015.09.09 13:41:02.149,0.72465,0.72474,1.50,2.62
2015.09.09 13:41:02.847,0.72465,0.72473,1.00,1.87
2015.09.09 13:41:05.804,0.72465,0.72472,1.50,1.00
2015.09.09 13:41:06.425,0.72464,0.72472,1.12,2.25
2015.09.09 13:41:06.791,0.72464,0.7247,1.12,1.00
2015.09.09 13:41:08.026,0.72462,0.7247,1.87,1.87
2015.09.09 13:41:09.102,0.72462,0.72469,1.87,1.00
2015.09.09 13:41:09.708,0.72464,0.72472,1.87,1.87
2015.09.09 13:41:10.320,0.72464,0.72472,5.32,1.00
2015.09.09 13:41:10.823,0.72466,0.72473,1.57,1.00
2015.09.09 13:41:11.345,0.72466,0.72472,1.57,1.00
2015.09.09 13:41:11.748,0.72463,0.72471,1.87,1.00
2015.09.09 13:41:12.105,0.72465,0.72473,1.10,1.87
2015.09.09 13:41:12.707,0.72465,0.72473,1.65,1.12
2015.09.09 13:41:13.640,0.72465,0.72472,1.27,1.00
2015.09.09 13:41:13.880,0.72463,0.72472,4.27,1.12
2015.09.09 13:41:14.760,0.72464,0.72471,1.20,1.00
2015.09.09 13:41:14.863,0.72464,0.72473,1.27,2.62
2015.09.09 13:41:15.411,0.72464,0.72472,1.27,1.00
2015.09.09 13:41:15.924,0.72463,0.72471,1.37,1.00
2015.09.09 13:41:16.472,0.72463,0.72471,1.12,1.00
2015.09.09 13:41:16.729,0.72465,0.72472,1.00,1.12
2015.09.09 13:41:17.268,0.72466,0.72474,1.50,1.87
2015.09.09 13:41:17.422,0.72467,0.72475,1.50,1.87
2015.09.09 13:41:17.992,0.72468,0.72476,1.00,1.37
2015.09.09 13:41:18.298,0.72468,0.72477,1.95,1.95
2015.09.09 13:41:18.553,0.72472,0.72477,1.00,1.95
2015.09.09 13:41:18.655,0.72472,0.72479,1.37,1.00
2015.09.09 13:41:19.160,0.72472,0.72481,1.20,2.62
2015.09.09 13:41:20.241,0.72472,0.72479,1.20,1.00
2015.09.09 13:41:20.395,0.7247,0.72478,2.32,1.00
2015.09.09 13:41:21.005,0.72471,0.72479,1.50,1.50
2015.09.09 13:41:21.622,0.72472,0.7248,1.00,1.00
2015.09.09 13:41:21.827,0.72471,0.72478,1.12,1.00
2015.09.09 13:41:25.387,0.72472,0.72478,1.00,1.00
2015.09.09 13:41:25.582,0.72472,0.7248,1.00,1.12
2015.09.09 13:41:25.964,0.72472,0.72478,1.12,1.00
2015.09.09 13:41:26.522,0.72471,0.7248,2.70,1.50
2015.09.09 13:41:27.191,0.72471,0.72481,3.45,3.37
2015.09.09 13:41:28.929,0.72471,0.7248,3.44,1.00
2015.09.09 13:41:29.496,0.72471,0.7248,1.20,2.62
2015.09.09 13:41:30.877,0.72471,0.72481,1.95,3.37
2015.09.09 13:41:32.147,0.72471,0.72479,1.87,1.00
2015.09.09 13:41:34.026,0.72472,0.7248,1.00,1.57
2015.09.09 13:41:34.552,0.72471,0.7248,2.62,2.02
2015.09.09 13:41:35.149,0.72472,0.72481,1.00,2.02
2015.09.09 13:41:36.162,0.72473,0.7248,1.00,1.87
2015.09.09 13:41:36.911,0.72473,0.72482,1.50,2.77
2015.09.09 13:41:37.412,0.72473,0.72482,2.25,1.95
2015.09.09 13:41:37.718,0.72473,0.72481,2.62,1.00
2015.09.09 13:41:38.230,0.72473,0.72483,4.12,1.95
2015.09.09 13:41:38.688,0.72476,0.72484,1.50,3.37
2015.09.09 13:41:40.883,0.72476,0.72484,2.62,1.87
2015.09.09 13:41:41.396,0.72478,0.72485,1.00,1.00
2015.09.09 13:41:41.947,0.72478,0.72484,1.00,1.00
2015.09.09 13:41:42.608,0.72477,0.72484,1.12,1.50
2015.09.09 13:41:43.066,0.72474,0.72482,3.07,1.00
2015.09.09 13:41:43.598,0.72474,0.72481,2.70,1.00
2015.09.09 13:41:45.011,0.72474,0.72481,2.25,1.00
2015.09.09 13:41:46.778,0.72474,0.72482,1.00,1.87
2015.09.09 13:41:47.139,0.72474,0.72482,2.70,1.12
2015.09.09 13:41:47.771,0.72474,0.72481,2.40,1.00
2015.09.09 13:41:48.930,0.72474,0.7248,1.00,1.00
2015.09.09 13:41:48.984,0.72472,0.7248,2.70,1.00
2015.09.09 13:41:49.036,0.72472,0.72478,1.87,1.00
2015.09.09 13:41:49.089,0.72471,0.7248,1.87,1.00
2015.09.09 13:41:49.141,0.72471,0.72478,1.00,1.12
2015.09.09 13:41:49.886,0.72472,0.72481,1.00,3.45
2015.09.09 13:41:51.850,0.72472,0.7248,1.37,1.20
2015.09.09 13:41:52.357,0.72472,0.72479,1.37,1.00
2015.09.09 13:41:52.889,0.72472,0.7248,1.37,1.95
2015.09.09 13:41:54.570,0.72472,0.7248,1.00,1.95
2015.09.09 13:41:56.024,0.72471,0.7248,2.70,1.95
2015.09.09 13:41:56.971,0.72471,0.7248,3.45,1.57
2015.09.09 13:41:57.774,0.72471,0.72478,2.70,1.00
2015.09.09 13:41:59.080,0.7247,0.72477,2.62,1.00
2015.09.09 13:42:00.140,0.72468,0.72474,4.20,1.00
2015.09.09 13:42:00.242,0.72468,0.72476,2.70,1.50
2015.09.09 13:42:00.345,0.7247,0.72474,1.00,1.00
2015.09.09 13:42:00.600,0.72468,0.72474,3.07,1.00
2015.09.09 13:42:01.300,0.72468,0.72473,1.10,1.00
2015.09.09 13:42:01.555,0.72466,0.72473,1.87,1.00
2015.09.09 13:42:01.658,0.72465,0.72471,3.37,1.00
2015.09.09 13:42:01.811,0.72464,0.7247,1.20,1.00
2015.09.09 13:42:02.145,0.72461,0.72466,1.87,1.00
2015.09.09 13:42:02.451,0.7246,0.72469,1.87,1.12
2015.09.09 13:42:03.105,0.72461,0.72468,1.72,1.00
2015.09.09 13:42:03.627,0.72464,0.7247,1.00,2.02
2015.09.09 13:42:03.882,0.72464,0.72472,1.87,1.37
2015.09.09 13:42:03.934,0.72466,0.72472,1.00,1.37
2015.09.09 13:42:04.762,0.72465,0.72473,2.25,1.37
2015.09.09 13:42:04.864,0.72465,0.72473,1.50,1.12
2015.09.09 13:42:05.220,0.72467,0.72473,1.00,1.12
2015.09.09 13:42:05.728,0.72466,0.72474,1.50,1.37
2015.09.09 13:42:06.034,0.72468,0.72475,1.00,1.87
2015.09.09 13:42:06.542,0.72469,0.72475,1.00,1.37
2015.09.09 13:42:07.060,0.72468,0.72475,1.50,1.12
2015.09.09 13:42:07.596,0.72469,0.72476,1.00,1.37
2015.09.09 13:42:08.524,0.72469,0.72474,1.00,1.00
2015.09.09 13:42:08.782,0.72466,0.72475,2.02,1.12
2015.09.09 13:42:08.987,0.72469,0.72476,1.00,1.37
2015.09.09 13:42:09.192,0.72471,0.72478,1.00,1.95
2015.09.09 13:42:09.434,0.72472,0.7248,1.07,1.87
2015.09.09 13:42:10.103,0.72472,0.7248,1.20,1.87
2015.09.09 13:42:10.445,0.72471,0.72478,1.00,1.00
2015.09.09 13:42:10.956,0.7247,0.72478,1.12,1.00
2015.09.09 13:42:11.912,0.7247,0.72477,1.00,1.00
2015.09.09 13:42:12.536,0.7247,0.72477,1.00,1.37
2015.09.09 13:42:14.681,0.72469,0.72477,1.12,1.37
2015.09.09 13:42:15.083,0.72471,0.72478,1.50,1.00
2015.09.09 13:42:15.593,0.72472,0.72478,1.00,1.00
2015.09.09 13:42:16.042,0.72469,0.72477,2.02,1.00
2015.09.09 13:42:16.551,0.72469,0.72478,1.95,1.87
2015.09.09 13:42:16.604,0.72469,0.72478,1.57,1.87
2015.09.09 13:42:16.997,0.72467,0.72476,2.70,1.12
2015.09.09 13:42:17.608,0.72467,0.72476,1.00,1.37
2015.09.09 13:42:18.381,0.72468,0.72476,1.00,1.37
2015.09.09 13:42:19.506,0.72467,0.72475,1.00,1.87
2015.09.09 13:42:20.626,0.72467,0.72475,1.00,1.87
2015.09.09 13:42:21.339,0.72466,0.72473,1.00,1.12
2015.09.09 13:42:22.070,0.72465,0.72473,1.57,1.12
2015.09.09 13:42:22.998,0.72465,0.72473,1.95,1.37
2015.09.09 13:42:23.610,0.72466,0.72473,1.00,1.37
2015.09.09 13:42:24.313,0.72465,0.72474,2.70,1.37
2015.09.09 13:42:27.547,0.72465,0.72474,1.50,1.37
2015.09.09 13:42:28.057,0.72466,0.72472,2.85,1.00
2015.09.09 13:42:28.211,0.72467,0.72476,3.30,2.70
2015.09.09 13:42:28.560,0.72467,0.72475,1.07,1.37
2015.09.09 13:42:28.613,0.72466,0.72475,3.07,1.37
2015.09.09 13:42:29.328,0.72467,0.72474,1.00,1.87
2015.09.09 13:42:29.831,0.72468,0.72476,1.00,1.95
2015.09.09 13:42:30.714,0.72468,0.72476,1.50,1.87
2015.09.09 13:42:33.570,0.72468,0.72476,1.00,1.12
2015.09.09 13:42:34.139,0.72469,0.72476,1.00,1.12
2015.09.09 13:42:34.650,0.72468,0.72477,1.10,1.87
2015.09.09 13:42:35.007,0.7247,0.72476,1.00,1.12
2015.09.09 13:42:35.551,0.72471,0.7248,1.00,2.70
2015.09.09 13:42:35.958,0.72473,0.72481,1.00,3.37
2015.09.09 13:42:36.162,0.72473,0.72481,1.00,3.37
2015.09.09 13:42:36.547,0.72476,0.72484,1.00,3.45
2015.09.09 13:42:37.501,0.72474,0.7248,1.00,1.12
2015.09.09 13:42:38.561,0.72475,0.7248,1.00,1.12
2015.09.09 13:42:39.086,0.72476,0.72481,1.00,1.00
2015.09.09 13:42:39.631,0.72475,0.72482,1.00,1.37
2015.09.09 13:42:40.944,0.72476,0.72483,1.00,1.47
2015.09.09 13:42:42.156,0.72476,0.72484,1.00,1.00
2015.09.09 13:42:43.457,0.72477,0.72484,1.00,1.50
2015.09.09 13:42:44.073,0.72479,0.72485,1.00,1.12
2015.09.09 13:42:44.614,0.7248,0.72486,1.00,1.00
2015.09.09 13:42:45.125,0.7248,0.72487,1.00,1.12
2015.09.09 13:42:45.682,0.72479,0.72486,1.50,1.00
2015.09.09 13:42:46.192,0.72479,0.72488,1.00,2.62
2015.09.09 13:42:46.539,0.72481,0.72488,1.00,2.62
2015.09.09 13:42:47.356,0.7248,0.72489,1.50,1.87
2015.09.09 13:42:47.759,0.72483,0.7249,1.00,2.70
2015.09.09 13:42:47.861,0.72483,0.7249,1.50,1.95
2015.09.09 13:42:47.913,0.72485,0.7249,1.00,1.95
2015.09.09 13:42:48.017,0.72483,0.72491,2.25,1.37
2015.09.09 13:42:48.121,0.72486,0.72491,1.00,1.37
2015.09.09 13:42:48.172,0.72486,0.72495,1.00,4.27
2015.09.09 13:42:48.579,0.72485,0.72494,2.77,1.12
2015.09.09 13:42:48.784,0.72485,0.72491,1.10,1.00
2015.09.09 13:42:49.336,0.72485,0.72495,5.40,1.87
2015.09.09 13:42:49.643,0.72488,0.72495,1.00,1.37
2015.09.09 13:42:50.495,0.72485,0.72495,3.90,1.87
2015.09.09 13:42:51.009,0.72487,0.72494,1.00,1.37
2015.09.09 13:42:51.467,0.72487,0.72496,1.10,1.20
2015.09.09 13:42:52.948,0.72489,0.72496,1.00,1.95
2015.09.09 13:42:54.942,0.72488,0.72496,1.50,2.62
2015.09.09 13:42:55.540,0.7249,0.72497,1.00,1.87
2015.09.09 13:42:56.100,0.72491,0.72499,1.00,2.77
2015.09.09 13:42:56.152,0.72491,0.72499,1.87,1.17
2015.09.09 13:42:56.255,0.72493,0.72501,1.50,1.00
2015.09.09 13:42:56.666,0.72493,0.72502,1.10,2.25
2015.09.09 13:42:57.378,0.7249,0.72499,2.32,1.12
2015.09.09 13:42:57.888,0.7249,0.72499,1.37,3.37
2015.09.09 13:42:57.990,0.72489,0.72499,2.32,2.62
2015.09.09 13:42:58.245,0.72486,0.72494,2.25,1.50
2015.09.09 13:42:58.298,0.72486,0.72494,1.50,2.32
2015.09.09 13:42:58.402,0.72484,0.72494,1.50,3.07
2015.09.09 13:42:59.964,0.72484,0.72493,2.25,1.57
2015.09.09 13:43:00.520,0.72485,0.72493,1.00,1.07
2015.09.09 13:43:00.623,0.72485,0.72495,1.57,2.02
2015.09.09 13:43:00.676,0.72489,0.72496,1.50,3.07
2015.09.09 13:43:00.728,0.7249,0.72496,1.00,1.65
2015.09.09 13:43:01.130,0.72491,0.72501,1.50,1.37
2015.09.09 13:43:01.537,0.72489,0.72499,1.57,1.37
2015.09.09 13:43:01.588,0.72489,0.72499,1.27,1.37
2015.09.09 13:43:02.113,0.72491,0.72499,1.00,1.37
2015.09.09 13:43:02.778,0.7249,0.72499,1.50,1.37
2015.09.09 13:43:03.280,0.72489,0.72499,3.67,1.37
2015.09.09 13:43:03.586,0.72488,0.72496,1.95,1.10
2015.09.09 13:43:04.330,0.72488,0.72496,1.00,1.20
2015.09.09 13:43:04.893,0.72489,0.72496,1.00,1.12
2015.09.09 13:43:05.421,0.72489,0.72498,1.00,1.47
2015.09.09 13:43:05.962,0.72488,0.72498,1.12,1.95
2015.09.09 13:43:06.713,0.72487,0.72495,1.47,1.00
2015.09.09 13:43:07.291,0.72487,0.72495,1.00,1.12
2015.09.09 13:43:08.478,0.72488,0.72495,1.00,1.00
2015.09.09 13:43:08.987,0.72489,0.72497,1.00,2.02
2015.09.09 13:43:09.640,0.72488,0.72497,1.00,2.02
2015.09.09 13:43:11.405,0.72489,0.72497,1.00,2.70
2015.09.09 13:43:11.913,0.72488,0.72497,1.20,3.45
2015.09.09 13:43:13.687,0.72487,0.72494,2.70,1.00
2015.09.09 13:43:17.519,0.7249,0.72494,1.00,1.00
2015.09.09 13:43:17.571,0.7249,0.72497,1.00,1.47
2015.09.09 13:43:18.083,0.7249,0.72497,1.12,1.20
2015.09.09 13:43:18.523,0.72488,0.72498,1.37,4.57
2015.09.09 13:43:18.574,0.72488,0.72498,1.00,4.87
2015.09.09 13:43:19.086,0.72488,0.72494,1.00,1.00
2015.09.09 13:43:19.532,0.72488,0.72492,1.00,1.00
2015.09.09 13:43:19.737,0.72486,0.72493,2.62,1.10
2015.09.09 13:43:20.247,0.72486,0.72492,2.25,1.00
2015.09.09 13:43:21.267,0.72486,0.72494,2.25,1.95
2015.09.09 13:43:22.552,0.72486,0.72496,2.25,4.27
2015.09.09 13:43:23.924,0.72486,0.72494,1.50,1.37
2015.09.09 13:43:25.560,0.72483,0.72491,2.77,1.00
2015.09.09 13:43:25.881,0.72482,0.7249,3.00,1.12
2015.09.09 13:43:26.886,0.72482,0.72491,3.00,1.12
2015.09.09 13:43:27.243,0.72482,0.72489,2.25,1.00
2015.09.09 13:43:27.755,0.72481,0.72489,1.12,1.00
2015.09.09 13:43:29.378,0.72479,0.72489,1.95,1.87
2015.09.09 13:43:29.887,0.72479,0.72488,1.95,1.00
2015.09.09 13:43:30.404,0.7248,0.72487,1.00,1.12
2015.09.09 13:43:30.863,0.72478,0.72487,1.20,1.12
2015.09.09 13:43:31.491,0.72478,0.72486,1.12,1.00
2015.09.09 13:43:32.286,0.72478,0.72485,1.12,1.00
2015.09.09 13:43:32.856,0.72476,0.72485,1.20,1.00
2015.09.09 13:43:33.847,0.72476,0.72485,1.47,1.00
2015.09.09 13:43:34.396,0.72476,0.72486,1.20,4.87
2015.09.09 13:43:35.776,0.72476,0.72485,1.12,1.00
2015.09.09 13:43:36.184,0.72478,0.72486,1.50,2.70
2015.09.09 13:43:36.697,0.72477,0.72485,2.25,1.12
2015.09.09 13:43:37.850,0.72477,0.72487,2.62,2.77
2015.09.09 13:43:39.841,0.72478,0.72487,1.00,2.02
2015.09.09 13:43:40.352,0.72477,0.72487,2.77,1.87
2015.09.09 13:43:40.971,0.72477,0.72486,1.10,4.95
2015.09.09 13:43:41.481,0.72476,0.72486,2.62,5.77
2015.09.09 13:43:43.873,0.72476,0.72483,1.87,1.00
2015.09.09 13:43:44.179,0.72473,0.72481,1.57,1.00
2015.09.09 13:43:44.437,0.72471,0.7248,2.70,1.00
2015.09.09 13:43:44.985,0.72471,0.72479,2.62,1.00
2015.09.09 13:43:45.493,0.72473,0.72479,1.00,1.00
2015.09.09 13:43:47.030,0.72474,0.72479,1.00,1.00
2015.09.09 13:43:47.235,0.72473,0.72483,1.57,2.70
2015.09.09 13:43:49.726,0.72474,0.72481,1.50,1.87
2015.09.09 13:43:50.147,0.72476,0.72483,1.00,1.95
2015.09.09 13:43:50.249,0.72474,0.72483,1.65,1.37
2015.09.09 13:43:50.860,0.72474,0.72483,2.02,1.12
2015.09.09 13:43:51.450,0.72475,0.72483,1.00,1.27
2015.09.09 13:43:51.959,0.72474,0.72483,1.87,2.02
2015.09.09 13:43:53.233,0.72474,0.7248,1.00,1.00
2015.09.09 13:43:53.734,0.72472,0.72479,1.00,1.00
2015.09.09 13:43:54.244,0.72472,0.72481,1.00,2.77
2015.09.09 13:43:54.595,0.72472,0.72477,1.00,1.00
2015.09.09 13:43:54.748,0.72469,0.72477,1.12,1.00
2015.09.09 13:43:54.901,0.72471,0.72477,1.00,1.00
2015.09.09 13:43:55.365,0.72471,0.72479,1.50,1.10
2015.09.09 13:43:56.128,0.7247,0.72478,2.62,1.00
2015.09.09 13:43:57.015,0.72471,0.72478,1.00,1.00
2015.09.09 13:43:57.541,0.7247,0.72478,1.12,1.00
2015.09.09 13:43:57.846,0.72469,0.72477,1.87,1.37
2015.09.09 13:43:59.483,0.7247,0.72478,1.00,1.95
2015.09.09 13:43:59.893,0.7247,0.72478,1.50,1.95
2015.09.09 13:44:00.403,0.72471,0.72479,1.00,1.55
2015.09.09 13:44:00.863,0.72472,0.72479,1.87,1.00
2015.09.09 13:44:02.186,0.7247,0.72479,1.12,2.77
2015.09.09 13:44:02.544,0.72469,0.72477,1.95,1.50
2015.09.09 13:44:03.047,0.72469,0.72477,1.12,1.10
2015.09.09 13:44:03.555,0.7247,0.72477,1.00,1.10
2015.09.09 13:44:04.104,0.72469,0.72478,2.25,1.37
2015.09.09 13:44:05.876,0.72469,0.72479,1.50,4.27
2015.09.09 13:44:06.958,0.72469,0.72477,1.50,1.00
2015.09.09 13:44:07.503,0.72468,0.72477,1.12,1.57
2015.09.09 13:44:08.017,0.72468,0.72477,1.87,1.95
2015.09.09 13:44:08.546,0.72467,0.72475,3.37,1.00
2015.09.09 13:44:08.903,0.72467,0.72475,1.87,1.12
2015.09.09 13:44:12.674,0.72465,0.72472,2.70,1.00
2015.09.09 13:44:13.183,0.72465,0.72472,2.25,1.00
2015.09.09 13:44:13.640,0.72465,0.72474,2.62,1.87
2015.09.09 13:44:14.012,0.72467,0.72474,1.00,1.87
2015.09.09 13:44:16.245,0.72467,0.72473,1.00,1.50
2015.09.09 13:44:16.761,0.72466,0.72474,1.00,2.70
2015.09.09 13:44:17.848,0.72465,0.72473,1.00,1.12
2015.09.09 13:44:19.698,0.72466,0.72474,1.00,3.45
2015.09.09 13:44:20.933,0.72466,0.72474,1.00,2.70
2015.09.09 13:44:21.443,0.72465,0.72472,1.00,1.12
2015.09.09 13:44:22.230,0.72467,0.72474,1.00,3.45
2015.09.09 13:44:22.739,0.72466,0.72474,1.00,2.70
2015.09.09 13:44:23.708,0.72466,0.72474,1.00,1.95
2015.09.09 13:44:24.630,0.72467,0.72474,1.00,1.47
2015.09.09 13:44:24.682,0.72467,0.72474,1.00,1.47
2015.09.09 13:44:26.801,0.72468,0.72475,1.00,1.95
2015.09.09 13:44:27.350,0.72468,0.72476,1.00,2.77
2015.09.09 13:44:28.814,0.72468,0.72476,1.50,2.02
2015.09.09 13:44:29.633,0.72469,0.72476,1.00,2.02
2015.09.09 13:44:30.184,0.72469,0.72476,1.00,2.77
2015.09.09 13:44:31.900,0.72469,0.72477,1.00,3.07
2015.09.09 13:44:33.396,0.72468,0.72477,1.00,3.07
2015.09.09 13:44:34.134,0.72466,0.72472,1.50,1.50
2015.09.09 13:44:34.442,0.72469,0.72473,1.00,2.25
2015.09.09 13:44:34.955,0.72468,0.72477,1.50,1.55
2015.09.09 13:44:36.726,0.72468,0.72476,1.00,1.12
2015.09.09 13:44:37.282,0.72469,0.72476,1.00,1.12
2015.09.09 13:44:37.799,0.7247,0.72476,1.00,1.12
2015.09.09 13:44:38.312,0.72469,0.72476,1.00,1.87
2015.09.09 13:44:38.816,0.7247,0.72476,1.00,1.12
2015.09.09 13:44:39.020,0.72472,0.72477,1.50,1.47
2015.09.09 13:44:39.174,0.72473,0.72479,1.00,1.87
2015.09.09 13:44:41.167,0.72473,0.7248,2.25,1.20
2015.09.09 13:44:42.016,0.72474,0.7248,1.00,1.20
2015.09.09 13:44:42.527,0.72473,0.7248,1.00,1.12
2015.09.09 13:44:45.271,0.72472,0.7248,2.25,1.12
2015.09.09 13:44:45.322,0.72472,0.72478,2.25,2.25
2015.09.09 13:44:47.613,0.72473,0.72481,1.50,2.32
2015.09.09 13:44:47.920,0.72475,0.72481,1.00,3.07
2015.09.09 13:44:48.449,0.72475,0.7248,1.00,1.20
2015.09.09 13:44:48.839,0.72473,0.72477,1.00,2.25
2015.09.09 13:44:49.146,0.72472,0.72479,1.50,1.12
2015.09.09 13:44:49.760,0.72473,0.72479,1.00,1.12
2015.09.09 13:44:50.784,0.72474,0.72479,1.00,1.00
2015.09.09 13:44:50.836,0.72476,0.7248,1.00,1.10
2015.09.09 13:44:50.938,0.72475,0.72482,1.00,1.95
2015.09.09 13:44:52.034,0.72473,0.72481,1.00,1.12
2015.09.09 13:44:52.570,0.72474,0.7248,1.00,1.10
2015.09.09 13:44:54.068,0.72472,0.72478,1.00,1.00
2015.09.09 13:44:54.476,0.72473,0.7248,1.00,2.32
2015.09.09 13:44:54.999,0.72473,0.7248,1.00,1.57
2015.09.09 13:44:56.330,0.72472,0.7248,1.87,1.57
2015.09.09 13:44:56.386,0.72472,0.72477,1.12,1.00
2015.09.09 13:44:56.691,0.72473,0.7248,1.00,3.07
2015.09.09 13:44:57.199,0.72474,0.72481,1.00,2.32
2015.09.09 13:44:58.965,0.72474,0.72481,1.00,1.12
2015.09.09 13:45:00.537,0.72476,0.72482,1.00,1.47
2015.09.09 13:45:01.148,0.72475,0.72482,1.00,1.47
2015.09.09 13:45:01.404,0.72473,0.72481,1.87,1.00
2015.09.09 13:45:01.506,0.72473,0.7248,1.00,1.20
2015.09.09 13:45:02.016,0.72472,0.7248,1.50,1.20
2015.09.09 13:45:02.487,0.72472,0.7248,1.00,2.62
2015.09.09 13:45:02.793,0.72468,0.72475,4.12,1.10
2015.09.09 13:45:02.946,0.72468,0.72475,1.00,1.57
2015.09.09 13:45:03.048,0.72465,0.72473,1.50,1.57
2015.09.09 13:45:03.559,0.72465,0.72472,1.00,1.87
2015.09.09 13:45:04.069,0.72464,0.72472,1.50,2.62
2015.09.09 13:45:04.789,0.72463,0.72472,1.87,2.32
2015.09.09 13:45:05.289,0.72462,0.72468,1.12,1.00
2015.09.09 13:45:05.799,0.72461,0.72468,1.00,1.10
2015.09.09 13:45:07.826,0.72461,0.72467,1.00,1.00
2015.09.09 13:45:07.877,0.72458,0.72466,1.00,1.00
2015.09.09 13:45:07.979,0.72456,0.72465,1.95,1.95
2015.09.09 13:45:08.283,0.72456,0.72463,1.87,1.10
2015.09.09 13:45:08.793,0.72455,0.72463,2.62,1.65
2015.09.09 13:45:10.341,0.72454,0.72462,1.12,1.10
2015.09.09 13:45:14.566,0.72455,0.72462,1.00,1.20
2015.09.09 13:45:15.075,0.72456,0.72465,1.00,1.87
2015.09.09 13:45:15.552,0.72456,0.72465,1.00,1.55
2015.09.09 13:45:16.063,0.72454,0.72464,4.12,2.77
2015.09.09 13:45:16.676,0.72454,0.72463,3.37,1.20
2015.09.09 13:45:17.136,0.72454,0.72461,1.12,1.00
2015.09.09 13:45:17.782,0.72455,0.72462,1.00,1.95
2015.09.09 13:45:22.185,0.72455,0.72463,1.00,1.95
2015.09.09 13:45:24.484,0.72456,0.72463,1.00,1.20
2015.09.09 13:45:24.792,0.7246,0.72467,1.00,2.32
2015.09.09 13:45:24.894,0.7246,0.72467,1.00,1.57
2015.09.09 13:45:25.442,0.72459,0.72467,1.00,1.10
2015.09.09 13:45:26.634,0.7246,0.72468,1.00,1.95
2015.09.09 13:45:27.144,0.72459,0.72468,1.12,1.95
2015.09.09 13:45:27.654,0.72458,0.72466,2.62,1.00
2015.09.09 13:45:28.166,0.72458,0.72466,1.12,1.00
2015.09.09 13:45:28.732,0.72457,0.72465,1.87,1.00
2015.09.09 13:45:29.241,0.72457,0.72464,1.12,1.00
2015.09.09 13:45:29.864,0.72455,0.72463,1.87,1.50
2015.09.09 13:45:30.173,0.72453,0.72462,1.12,3.37
2015.09.09 13:45:30.581,0.72452,0.7246,1.87,1.00
2015.09.09 13:45:31.107,0.72452,0.72459,1.37,1.50
2015.09.09 13:45:31.209,0.7245,0.72459,3.37,1.50
2015.09.09 13:45:31.466,0.72449,0.72457,1.37,1.00
2015.09.09 13:45:31.978,0.72448,0.72457,1.72,1.57
2015.09.09 13:45:32.742,0.72447,0.72457,4.72,2.32
2015.09.09 13:45:33.742,0.72448,0.72456,1.37,1.00
2015.09.09 13:45:34.260,0.72448,0.72457,1.37,1.57
2015.09.09 13:45:34.567,0.72446,0.72455,1.50,2.32
2015.09.09 13:45:34.879,0.72444,0.72453,1.00,2.70
2015.09.09 13:45:35.434,0.72444,0.72451,1.50,1.00
2015.09.09 13:45:35.944,0.72444,0.72453,1.00,2.02
2015.09.09 13:45:36.203,0.72446,0.72452,1.00,1.20
2015.09.09 13:45:36.713,0.72444,0.72452,3.00,1.12
2015.09.09 13:45:36.815,0.72445,0.72454,1.12,1.95
2015.09.09 13:45:37.317,0.72444,0.72453,2.62,1.00
2015.09.09 13:45:37.826,0.72444,0.72452,2.62,1.00
2015.09.09 13:45:38.512,0.72444,0.72452,1.00,1.50
2015.09.09 13:45:39.022,0.72443,0.72451,1.12,2.25
2015.09.09 13:45:41.521,0.72443,0.7245,1.50,1.00
2015.09.09 13:45:42.060,0.72441,0.7245,3.45,1.00
2015.09.09 13:45:42.720,0.72441,0.72451,3.45,2.62
2015.09.09 13:45:43.251,0.72441,0.72451,3.45,2.62
2015.09.09 13:45:44.825,0.72442,0.72451,2.62,1.12
2015.09.09 13:45:45.731,0.72443,0.72452,1.00,2.70
2015.09.09 13:45:46.374,0.72442,0.72452,2.62,1.95
2015.09.09 13:45:46.985,0.72443,0.72452,1.00,1.95
2015.09.09 13:45:47.036,0.72446,0.72452,1.00,1.47
2015.09.09 13:45:47.580,0.72447,0.72455,1.50,3.45
2015.09.09 13:45:48.097,0.72448,0.72455,1.00,3.37
2015.09.09 13:45:51.891,0.72447,0.72455,2.70,1.00
2015.09.09 13:45:56.191,0.72449,0.72455,1.00,1.00
2015.09.09 13:45:59.714,0.72449,0.72456,1.00,1.50
2015.09.09 13:46:00.222,0.72448,0.72456,1.95,1.00
2015.09.09 13:46:00.646,0.72446,0.72454,1.87,1.00
2015.09.09 13:46:00.697,0.72446,0.72454,1.12,1.00
2015.09.09 13:46:04.546,0.72446,0.72454,1.37,1.00
2015.09.09 13:46:06.542,0.72447,0.72455,1.12,1.00
2015.09.09 13:46:08.338,0.72446,0.72454,1.37,2.25
2015.09.09 13:46:08.865,0.72445,0.72454,1.37,3.75
2015.09.09 13:46:10.556,0.72447,0.72454,1.00,1.00
2015.09.09 13:46:11.065,0.72446,0.72454,1.87,1.00
2015.09.09 13:46:11.778,0.72448,0.72454,1.00,1.00
2015.09.09 13:46:12.317,0.72449,0.72457,1.00,1.87
2015.09.09 13:46:12.524,0.72449,0.72457,1.00,1.87
2015.09.09 13:46:12.881,0.72447,0.72455,2.77,1.50
2015.09.09 13:46:13.428,0.72447,0.72454,1.37,1.00
2015.09.09 13:46:13.936,0.72447,0.72455,1.12,1.00
2015.09.09 13:46:16.719,0.72447,0.72454,1.00,1.00
2015.09.09 13:46:17.157,0.72449,0.72456,1.00,1.20
2015.09.09 13:46:18.281,0.72449,0.72458,1.12,1.12
2015.09.09 13:46:18.587,0.72451,0.72458,1.00,2.62
2015.09.09 13:46:18.691,0.72449,0.72458,2.62,1.87
2015.09.09 13:46:19.196,0.7245,0.72457,1.00,1.50
2015.09.09 13:46:19.710,0.72449,0.72458,1.12,1.12
2015.09.09 13:46:20.511,0.7245,0.72458,1.00,1.12
2015.09.09 13:46:21.049,0.72449,0.72457,1.20,2.62
2015.09.09 13:46:21.560,0.72447,0.72455,1.95,3.00
2015.09.09 13:46:22.814,0.72449,0.72456,1.12,1.20
2015.09.09 13:46:24.594,0.72448,0.72455,2.62,1.00
2015.09.09 13:46:25.338,0.72448,0.72456,2.62,1.20
2015.09.09 13:46:26.297,0.72448,0.72455,1.50,1.00
2015.09.09 13:46:28.298,0.72448,0.72457,1.87,1.95
2015.09.09 13:46:28.741,0.72447,0.72454,1.87,1.00
2015.09.09 13:46:29.249,0.72448,0.72455,1.87,1.00
2015.09.09 13:46:29.765,0.72449,0.72457,1.00,1.20
2015.09.09 13:46:31.797,0.72448,0.72455,1.12,1.00
2015.09.09 13:46:31.951,0.72446,0.72455,4.20,1.20
2015.09.09 13:46:32.207,0.72446,0.72453,1.87,1.00
2015.09.09 13:46:33.016,0.72446,0.72454,1.50,4.87
2015.09.09 13:46:35.576,0.72445,0.72451,1.87,1.00
2015.09.09 13:46:36.167,0.72441,0.7245,4.12,1.00
2015.09.09 13:46:36.523,0.72441,0.72449,3.37,1.00
2015.09.09 13:46:37.035,0.72441,0.7245,3.37,1.50
2015.09.09 13:46:38.192,0.72441,0.72449,1.37,1.00
2015.09.09 13:46:38.244,0.7244,0.72449,4.20,1.00
2015.09.09 13:46:38.347,0.7244,0.72447,1.37,1.00
2015.09.09 13:46:39.204,0.7244,0.72449,1.87,1.10
2015.09.09 13:46:39.700,0.7244,0.72447,2.62,1.00
2015.09.09 13:46:40.315,0.72439,0.72446,1.37,1.00
2015.09.09 13:46:41.025,0.72439,0.72445,1.37,1.00
2015.09.09 13:46:41.534,0.72438,0.72446,1.37,1.00
2015.09.09 13:46:41.984,0.72438,0.72446,1.37,1.00
2015.09.09 13:46:42.493,0.72438,0.72446,1.87,1.00
2015.09.09 13:46:43.462,0.72439,0.72446,1.12,1.00
2015.09.09 13:46:43.920,0.72442,0.72446,1.00,1.00
2015.09.09 13:46:44.609,0.72441,0.72446,1.00,1.00
2015.09.09 13:46:47.368,0.72441,0.72445,1.00,1.00
2015.09.09 13:46:47.572,0.72441,0.72447,1.87,1.10
2015.09.09 13:46:48.122,0.72442,0.72449,1.37,2.25
2015.09.09 13:46:48.174,0.72442,0.72449,1.12,1.50
2015.09.09 13:46:49.336,0.72443,0.72449,1.00,1.00
2015.09.09 13:46:49.846,0.72441,0.72449,3.37,1.00
2015.09.09 13:46:54.142,0.72441,0.72449,1.87,1.00
2015.09.09 13:46:57.395,0.72442,0.72451,1.00,2.70
2015.09.09 13:46:58.173,0.72442,0.72451,1.12,1.57
2015.09.09 13:46:58.938,0.72441,0.7245,5.70,1.00
2015.09.09 13:46:59.328,0.72441,0.72448,1.00,1.50
2015.09.09 13:47:00.546,0.72441,0.72447,1.00,1.00
2015.09.09 13:47:01.057,0.72441,0.72448,1.00,1.50
2015.09.09 13:47:01.521,0.72442,0.72446,1.00,1.00
2015.09.09 13:47:01.624,0.72442,0.72448,1.00,3.45
2015.09.09 13:47:01.676,0.72442,0.72446,1.00,1.00
2015.09.09 13:47:02.186,0.72441,0.72446,1.00,1.00
2015.09.09 13:47:03.692,0.72441,0.72445,1.00,1.50
2015.09.09 13:47:04.038,0.72439,0.72443,1.00,1.50
2015.09.09 13:47:04.345,0.72437,0.72441,1.00,1.00
2015.09.09 13:47:04.396,0.72434,0.72442,1.87,2.25
2015.09.09 13:47:04.549,0.72433,0.7244,1.47,1.50
2015.09.09 13:47:04.901,0.7243,0.72439,3.07,1.00
2015.09.09 13:47:05.563,0.72431,0.72438,1.37,1.00
2015.09.09 13:47:06.075,0.7243,0.72438,1.47,3.00
2015.09.09 13:47:06.584,0.7243,0.72436,1.47,1.00
2015.09.09 13:47:07.209,0.72428,0.72435,1.87,1.00
2015.09.09 13:47:07.719,0.72427,0.72435,3.37,1.00
2015.09.09 13:47:08.230,0.72427,0.72434,1.00,1.00
2015.09.09 13:47:08.424,0.72425,0.72432,1.95,1.00
2015.09.09 13:47:08.782,0.72423,0.7243,2.02,1.00
2015.09.09 13:47:09.087,0.72423,0.72432,1.95,1.50
2015.09.09 13:47:09.634,0.72423,0.72431,1.95,1.50
2015.09.09 13:47:09.688,0.72423,0.72431,1.95,1.50
2015.09.09 13:47:10.199,0.72423,0.7243,1.12,1.00
2015.09.09 13:47:10.700,0.72423,0.7243,1.37,1.00
2015.09.09 13:47:11.497,0.72423,0.72431,1.37,3.37
2015.09.09 13:47:13.229,0.72423,0.7243,1.37,1.00
2015.09.09 13:47:13.731,0.72423,0.7243,1.00,1.00
2015.09.09 13:47:14.884,0.72423,0.72429,1.00,1.00
2015.09.09 13:47:15.394,0.72419,0.72428,1.87,2.25
2015.09.09 13:47:15.553,0.72419,0.72427,1.87,1.00
2015.09.09 13:47:16.067,0.72419,0.72426,1.12,1.50
2015.09.09 13:47:16.979,0.72419,0.72427,1.12,1.00
2015.09.09 13:47:19.202,0.72419,0.72427,1.37,1.00
2015.09.09 13:47:19.713,0.72419,0.72426,1.37,1.00
2015.09.09 13:47:20.264,0.72419,0.72427,1.00,1.87
2015.09.09 13:47:21.477,0.7242,0.72428,1.87,1.57
2015.09.09 13:47:21.682,0.72423,0.7243,1.00,1.87
2015.09.09 13:47:22.243,0.72424,0.7243,1.00,1.00
2015.09.09 13:47:22.755,0.72424,0.72431,1.00,1.00
2015.09.09 13:47:23.462,0.72424,0.72432,1.50,1.87
2015.09.09 13:47:23.972,0.72424,0.72433,2.70,1.95
2015.09.09 13:47:24.474,0.72424,0.72433,2.70,1.12
2015.09.09 13:47:24.984,0.72425,0.72433,1.20,1.37
2015.09.09 13:47:26.691,0.72426,0.72433,1.00,1.87
2015.09.09 13:47:27.251,0.72426,0.72433,1.87,1.12
2015.09.09 13:47:28.180,0.72426,0.72434,1.87,1.00
2015.09.09 13:47:28.846,0.72428,0.72434,1.50,1.00
2015.09.09 13:47:29.399,0.72428,0.72435,1.50,1.12
2015.09.09 13:47:29.958,0.72428,0.72434,1.00,1.00
2015.09.09 13:47:30.482,0.72428,0.72436,1.00,1.12
2015.09.09 13:47:30.636,0.7243,0.72438,1.00,1.95
2015.09.09 13:47:30.944,0.72432,0.72438,1.50,1.37
2015.09.09 13:47:31.340,0.72432,0.72439,2.25,1.12
2015.09.09 13:47:32.663,0.72432,0.72441,1.87,2.77
2015.09.09 13:47:33.121,0.72435,0.72442,1.00,1.65
2015.09.09 13:47:33.475,0.72438,0.72443,1.00,1.00
2015.09.09 13:47:33.527,0.7244,0.72446,1.00,3.82
2015.09.09 13:47:33.936,0.72441,0.72448,1.50,1.95
2015.09.09 13:47:34.489,0.72441,0.72447,2.25,1.00
2015.09.09 13:47:35.781,0.72441,0.72448,2.62,1.12
2015.09.09 13:47:36.290,0.72442,0.72448,1.00,1.12
2015.09.09 13:47:37.375,0.72443,0.72448,1.00,1.00
2015.09.09 13:47:37.528,0.72443,0.7245,2.25,1.20
2015.09.09 13:47:37.888,0.72444,0.72452,1.12,1.87
2015.09.09 13:47:38.041,0.72444,0.7245,1.12,1.00
2015.09.09 13:47:38.195,0.72444,0.72452,1.12,1.95
2015.09.09 13:47:38.730,0.72445,0.72453,1.00,2.62
2015.09.09 13:47:39.500,0.72445,0.72453,1.12,1.87
2015.09.09 13:47:39.939,0.72444,0.72451,1.00,1.00
2015.09.09 13:47:40.244,0.72443,0.72449,1.87,1.00
2015.09.09 13:47:40.295,0.72444,0.72452,1.37,1.57
2015.09.09 13:47:41.620,0.72444,0.72451,1.00,1.12
2015.09.09 13:47:41.671,0.72444,0.72449,1.00,1.00
2015.09.09 13:47:41.773,0.72445,0.72451,1.00,1.87
2015.09.09 13:47:42.363,0.72444,0.72452,1.12,1.00
2015.09.09 13:47:43.359,0.72444,0.72453,1.87,1.95
2015.09.09 13:47:43.504,0.72446,0.72453,1.00,1.95
2015.09.09 13:47:43.810,0.72442,0.7245,1.95,1.00
2015.09.09 13:47:44.217,0.72445,0.72453,1.50,2.32
2015.09.09 13:47:44.319,0.72446,0.72453,1.37,1.10
2015.09.09 13:47:44.846,0.72446,0.72452,1.37,1.00
2015.09.09 13:47:45.356,0.72446,0.72452,1.00,1.00
2015.09.09 13:47:45.899,0.72444,0.72451,1.37,1.00
2015.09.09 13:47:46.423,0.72444,0.72451,1.12,1.00
2015.09.09 13:47:47.944,0.72444,0.72452,1.12,1.00
2015.09.09 13:47:48.253,0.72443,0.7245,1.20,1.50
2015.09.09 13:47:48.763,0.72444,0.72451,1.12,1.00
2015.09.09 13:47:50.393,0.72444,0.72448,1.87,1.00
2015.09.09 13:47:50.703,0.72444,0.7245,1.12,1.00
2015.09.09 13:47:51.214,0.72443,0.72449,1.37,1.00
2015.09.09 13:47:51.724,0.72443,0.7245,1.37,1.00
2015.09.09 13:47:52.232,0.72443,0.72449,1.00,1.00
2015.09.09 13:47:52.505,0.72441,0.72448,1.20,1.00
2015.09.09 13:47:53.166,0.72443,0.72449,1.00,2.40
2015.09.09 13:47:53.269,0.72441,0.72449,1.87,2.40
2015.09.09 13:47:53.783,0.72442,0.72449,1.00,1.50
2015.09.09 13:47:54.413,0.7244,0.72449,2.25,3.37
2015.09.09 13:47:54.963,0.72441,0.72448,3.00,1.00
2015.09.09 13:47:55.428,0.72441,0.72446,1.00,1.00
2015.09.09 13:47:55.530,0.72439,0.72446,1.20,1.00
2015.09.09 13:47:56.057,0.72439,0.72445,1.12,1.00
2015.09.09 13:47:56.577,0.72439,0.72444,1.00,1.50
2015.09.09 13:47:56.629,0.72437,0.72444,1.12,1.50
2015.09.09 13:47:57.177,0.72436,0.72444,1.87,1.00
2015.09.09 13:47:57.230,0.72436,0.72442,1.87,1.00
2015.09.09 13:47:57.537,0.72433,0.7244,1.87,1.00
2015.09.09 13:47:58.440,0.72432,0.7244,2.62,1.00
2015.09.09 13:47:58.948,0.72433,0.7244,1.00,1.00
2015.09.09 13:47:59.395,0.72431,0.72438,1.50,1.00
2015.09.09 13:47:59.705,0.72429,0.72438,1.00,2.70
2015.09.09 13:48:00.266,0.72429,0.72437,1.12,1.87
2015.09.09 13:48:02.604,0.72428,0.72437,1.12,1.87
2015.09.09 13:48:03.106,0.72427,0.72436,1.47,3.07
2015.09.09 13:48:03.962,0.72426,0.72434,1.95,1.00
2015.09.09 13:48:04.370,0.72424,0.72433,1.47,3.07
2015.09.09 13:48:05.047,0.72424,0.72433,1.20,3.07
2015.09.09 13:48:05.565,0.72425,0.72433,1.00,3.07
2015.09.09 13:48:06.142,0.72424,0.72433,1.87,2.32
2015.09.09 13:48:06.670,0.72425,0.72433,1.00,2.32
2015.09.09 13:48:07.149,0.72427,0.72434,1.50,4.27
2015.09.09 13:48:07.613,0.72424,0.72432,1.95,1.50
2015.09.09 13:48:08.156,0.72424,0.72431,1.37,1.00
2015.09.09 13:48:08.665,0.72424,0.72431,1.00,1.50
2015.09.09 13:48:09.377,0.72423,0.72431,1.87,1.50
2015.09.09 13:48:09.428,0.72423,0.72429,1.87,1.00
2015.09.09 13:48:09.887,0.72421,0.72428,2.25,1.00
2015.09.09 13:48:10.395,0.72422,0.72429,1.00,1.57
2015.09.09 13:48:10.651,0.72424,0.72429,1.00,1.50
2015.09.09 13:48:11.161,0.72424,0.7243,1.00,2.25
2015.09.09 13:48:11.672,0.72425,0.72431,1.50,1.00
2015.09.09 13:48:12.184,0.72426,0.72432,1.00,1.87
2015.09.09 13:48:12.808,0.72426,0.72433,1.50,1.00
2015.09.09 13:48:13.266,0.72427,0.72435,1.00,1.87
2015.09.09 13:48:13.851,0.72427,0.72434,1.00,1.00
2015.09.09 13:48:14.111,0.72426,0.7243,1.12,1.00
2015.09.09 13:48:14.620,0.72424,0.7243,1.37,1.00
2015.09.09 13:48:15.205,0.72424,0.7243,1.12,1.00
2015.09.09 13:48:16.068,0.72424,0.72431,1.12,1.50
2015.09.09 13:48:16.603,0.72425,0.72432,2.25,1.00
2015.09.09 13:48:17.430,0.72425,0.72433,2.25,3.00
2015.09.09 13:48:17.788,0.72427,0.72435,1.00,3.45
2015.09.09 13:48:18.095,0.7243,0.72435,1.00,1.00
2015.09.09 13:48:18.626,0.72431,0.72435,1.00,1.00
2015.09.09 13:48:19.038,0.72431,0.7244,1.50,4.27
2015.09.09 13:48:20.049,0.7243,0.72438,1.87,1.50
2015.09.09 13:48:20.586,0.7243,0.72439,2.62,1.65
2015.09.09 13:48:21.999,0.7243,0.72438,3.37,1.00
2015.09.09 13:48:22.509,0.72431,0.72438,1.00,1.00
2015.09.09 13:48:23.581,0.72432,0.72438,1.00,1.00
2015.09.09 13:48:24.962,0.72432,0.72439,1.00,1.00
2015.09.09 13:48:25.964,0.72431,0.72439,1.87,1.00
2015.09.09 13:48:26.474,0.72432,0.72439,1.00,1.00
2015.09.09 13:48:27.023,0.72431,0.72439,1.12,1.00
2015.09.09 13:48:27.709,0.72431,0.72438,1.12,1.00
2015.09.09 13:48:28.627,0.72432,0.72438,1.00,1.00
2015.09.09 13:48:30.609,0.72432,0.72439,1.00,1.50
2015.09.09 13:48:34.413,0.72431,0.72439,3.37,1.50
2015.09.09 13:48:34.566,0.72433,0.72439,1.00,1.50
2015.09.09 13:48:35.163,0.72432,0.72439,1.00,1.50
2015.09.09 13:48:35.727,0.72434,0.72439,1.00,1.00
2015.09.09 13:48:36.236,0.72435,0.72442,1.00,1.57
2015.09.09 13:48:36.338,0.72435,0.72442,1.00,1.20
2015.09.09 13:48:36.579,0.72433,0.72442,1.00,2.77
2015.09.09 13:48:37.146,0.72433,0.7244,1.37,1.00
2015.09.09 13:48:37.950,0.72433,0.72439,1.37,1.00
2015.09.09 13:48:38.256,0.72432,0.72439,1.12,1.00
2015.09.09 13:48:38.778,0.72433,0.72439,1.00,1.00
2015.09.09 13:48:39.317,0.72433,0.7244,1.00,2.02
2015.09.09 13:48:39.572,0.72434,0.72442,1.00,1.87
2015.09.09 13:48:40.888,0.72436,0.72442,1.00,1.00
2015.09.09 13:48:41.472,0.72434,0.72442,2.25,1.00
2015.09.09 13:48:42.251,0.72435,0.72442,1.00,1.00
2015.09.09 13:48:42.759,0.72435,0.72443,1.50,1.12
2015.09.09 13:48:44.773,0.72436,0.72443,1.00,1.00
2015.09.09 13:48:45.079,0.72436,0.72443,1.87,1.00
2015.09.09 13:48:45.232,0.72437,0.72445,1.12,2.62
2015.09.09 13:48:45.568,0.72439,0.72445,1.00,1.87
2015.09.09 13:48:47.472,0.7244,0.72445,1.00,1.00
2015.09.09 13:48:47.984,0.72439,0.72445,1.87,1.00
2015.09.09 13:48:48.470,0.72439,0.72447,1.87,1.50
2015.09.09 13:48:50.134,0.72439,0.72445,1.12,1.00
2015.09.09 13:48:50.288,0.72437,0.72444,2.77,1.00
2015.09.09 13:48:51.389,0.72436,0.72444,2.62,2.25
2015.09.09 13:48:53.354,0.72436,0.72444,2.25,2.25
2015.09.09 13:48:56.756,0.72436,0.72445,3.07,1.95
2015.09.09 13:48:57.597,0.72436,0.72445,3.45,1.57
2015.09.09 13:48:58.432,0.72436,0.72445,3.45,1.57
2015.09.09 13:48:59.941,0.72436,0.72444,3.45,1.00
2015.09.09 13:49:00.472,0.72436,0.72444,2.70,1.00
2015.09.09 13:49:01.107,0.72438,0.72444,1.00,1.00
2015.09.09 13:49:01.210,0.72439,0.72446,1.00,1.12
2015.09.09 13:49:02.474,0.72439,0.72447,1.87,1.00
2015.09.09 13:49:03.247,0.7244,0.72448,1.87,1.00
2015.09.09 13:49:03.756,0.7244,0.72449,2.70,1.20
2015.09.09 13:49:04.306,0.7244,0.72448,2.70,1.00
2015.09.09 13:49:05.950,0.7244,0.72447,1.20,1.00
2015.09.09 13:49:07.018,0.72439,0.72447,2.62,1.00
2015.09.09 13:49:07.557,0.72439,0.72448,2.62,1.00
2015.09.09 13:49:09.573,0.7244,0.72448,1.00,1.00
2015.09.09 13:49:09.625,0.72442,0.72449,1.00,2.02
2015.09.09 13:49:10.134,0.72443,0.7245,1.00,2.02
2015.09.09 13:49:10.672,0.72444,0.7245,1.00,1.87
2015.09.09 13:49:11.182,0.72444,0.7245,1.00,1.50
2015.09.09 13:49:14.644,0.72444,0.72451,1.37,1.00
2015.09.09 13:49:15.388,0.72444,0.7245,1.87,1.00
2015.09.09 13:49:15.898,0.72444,0.7245,1.12,1.00
2015.09.09 13:49:18.901,0.72443,0.7245,1.12,1.50
2015.09.09 13:49:20.169,0.72444,0.7245,1.00,1.50
2015.09.09 13:49:20.678,0.72442,0.7245,1.87,1.00
2015.09.09 13:49:21.472,0.72443,0.72449,1.12,1.00
2015.09.09 13:49:22.951,0.72442,0.72446,1.00,1.00
2015.09.09 13:49:23.055,0.72443,0.72448,1.00,1.00
2015.09.09 13:49:23.470,0.72441,0.72447,1.12,1.50
2015.09.09 13:49:23.776,0.72443,0.72447,1.00,1.00
2015.09.09 13:49:23.878,0.72443,0.72449,1.00,1.10
2015.09.09 13:49:25.909,0.72443,0.72448,1.12,1.00
2015.09.09 13:49:26.892,0.72443,0.72447,1.00,1.00
2015.09.09 13:49:27.047,0.72441,0.72447,1.50,1.00
2015.09.09 13:49:27.201,0.7244,0.72445,1.12,1.00
2015.09.09 13:49:27.766,0.72438,0.72444,1.87,1.00
2015.09.09 13:49:29.233,0.72437,0.72444,1.37,1.00
2015.09.09 13:49:29.541,0.72436,0.72442,1.12,1.50
2015.09.09 13:49:30.818,0.72436,0.72441,1.12,1.00
2015.09.09 13:49:31.322,0.72434,0.72442,1.87,2.25
2015.09.09 13:49:31.834,0.72434,0.72442,1.87,1.95
2015.09.09 13:49:32.140,0.72436,0.72442,1.50,1.10
2015.09.09 13:49:32.364,0.72437,0.72444,1.00,1.95
2015.09.09 13:49:32.888,0.72437,0.72443,1.00,1.00
2015.09.09 13:49:33.144,0.72439,0.72444,1.00,1.10
2015.09.09 13:49:33.674,0.7244,0.72445,1.00,1.12
2015.09.09 13:49:34.193,0.72439,0.72446,1.00,1.87
2015.09.09 13:49:36.512,0.7244,0.72446,1.00,1.50
2015.09.09 13:49:37.062,0.72439,0.72446,1.00,1.00
2015.09.09 13:49:37.368,0.72439,0.72444,1.00,1.00
2015.09.09 13:49:37.470,0.72439,0.72446,1.00,1.00
2015.09.09 13:49:39.569,0.72439,0.72444,1.00,1.00
2015.09.09 13:49:41.457,0.72439,0.72445,1.00,1.12
2015.09.09 13:49:41.508,0.72437,0.72444,1.50,1.00
2015.09.09 13:49:42.030,0.72437,0.72445,1.00,2.62
2015.09.09 13:49:42.580,0.72438,0.72445,1.00,1.87
2015.09.09 13:49:43.139,0.72437,0.72444,1.20,1.00
2015.09.09 13:49:43.191,0.72437,0.72442,1.10,1.00
2015.09.09 13:49:43.344,0.72432,0.7244,1.50,1.95
2015.09.09 13:49:43.854,0.7243,0.7244,1.87,1.95
2015.09.09 13:49:44.262,0.7243,0.72438,2.62,1.00
2015.09.09 13:49:44.790,0.7243,0.72439,2.62,1.00
2015.09.09 13:49:45.350,0.72431,0.7244,1.12,3.45
2015.09.09 13:49:45.896,0.72433,0.7244,1.00,1.20
2015.09.09 13:49:46.100,0.72435,0.72443,1.50,1.12
2015.09.09 13:49:46.203,0.72437,0.72443,1.00,1.00
2015.09.09 13:49:46.550,0.72437,0.72446,1.50,1.87
2015.09.09 13:49:47.159,0.72437,0.72446,1.50,2.62
2015.09.09 13:49:48.173,0.72438,0.72446,1.00,1.87
2015.09.09 13:49:48.851,0.72438,0.72447,1.12,4.12
2015.09.09 13:49:49.359,0.72438,0.72446,2.62,1.50
2015.09.09 13:49:49.886,0.72439,0.72446,1.50,1.00
2015.09.09 13:49:50.406,0.72438,0.72446,2.62,1.00
2015.09.09 13:49:51.492,0.72438,0.72446,1.87,1.00
2015.09.09 13:49:52.021,0.72438,0.72446,1.87,1.00
2015.09.09 13:49:53.437,0.7244,0.72446,1.00,1.00
2015.09.09 13:49:53.489,0.7244,0.72448,1.00,1.87
2015.09.09 13:49:53.693,0.72442,0.72449,1.00,1.12
2015.09.09 13:49:54.283,0.72442,0.72451,1.00,1.95
2015.09.09 13:49:54.591,0.72444,0.72453,1.50,1.12
2015.09.09 13:49:55.145,0.72445,0.72455,1.00,2.77
2015.09.09 13:49:57.133,0.72445,0.72452,1.00,1.00
2015.09.09 13:49:59.122,0.72445,0.72451,1.10,1.00
2015.09.09 13:49:59.326,0.72444,0.72453,1.00,1.87
2015.09.09 13:49:59.377,0.72444,0.72453,1.00,1.37
2015.09.09 13:50:00.168,0.72443,0.72452,3.07,1.37
2015.09.09 13:50:00.709,0.72444,0.72453,1.00,1.87
2015.09.09 13:50:01.185,0.72446,0.72454,1.00,1.87
2015.09.09 13:50:01.733,0.72446,0.72455,2.25,1.37
2015.09.09 13:50:02.394,0.72446,0.72455,2.25,1.37
2015.09.09 13:50:02.906,0.72446,0.72453,1.00,1.37
2015.09.09 13:50:03.060,0.72444,0.72453,1.00,1.95
2015.09.09 13:50:04.126,0.72445,0.72454,1.00,1.87
2015.09.09 13:50:04.375,0.72447,0.72454,1.00,1.37
2015.09.09 13:50:04.884,0.72447,0.72454,1.00,1.37
2015.09.09 13:50:06.020,0.72447,0.72455,1.50,2.02
2015.09.09 13:50:06.224,0.72449,0.72456,1.00,1.57
2015.09.09 13:50:07.612,0.72449,0.72456,1.00,1.27
2015.09.09 13:50:08.145,0.72449,0.72455,1.00,1.00
2015.09.09 13:50:10.762,0.72447,0.72456,3.07,1.47
2015.09.09 13:50:11.415,0.72452,0.72458,1.00,1.10
2015.09.09 13:50:11.619,0.72452,0.72462,3.00,3.37
2015.09.09 13:50:11.925,0.72453,0.72462,1.00,1.87
2015.09.09 13:50:13.331,0.72455,0.72462,1.00,1.12
2015.09.09 13:50:13.954,0.72454,0.72462,1.50,1.12
2015.09.09 13:50:14.667,0.72454,0.7246,1.50,1.00
2015.09.09 13:50:15.172,0.72454,0.72461,1.50,1.00
2015.09.09 13:50:15.834,0.72454,0.72462,1.50,1.12
2015.09.09 13:50:16.382,0.72453,0.72462,2.25,1.12
2015.09.09 13:50:17.867,0.72453,0.7246,2.25,1.00
2015.09.09 13:50:18.426,0.72453,0.72463,3.07,4.12
2015.09.09 13:50:18.987,0.72454,0.72463,1.00,3.37
2015.09.09 13:50:19.494,0.72453,0.72463,1.87,2.70
2015.09.09 13:50:19.802,0.7245,0.72459,2.25,1.12
2015.09.09 13:50:19.854,0.7245,0.72459,1.12,1.12
2015.09.09 13:50:19.956,0.7245,0.72456,1.12,1.00
2015.09.09 13:50:20.473,0.72449,0.72455,1.10,1.00
2015.09.09 13:50:20.984,0.72448,0.72456,1.07,1.00
2015.09.09 13:50:21.786,0.72448,0.72457,1.95,1.87
2015.09.09 13:50:22.601,0.72448,0.72456,2.70,1.00
2015.09.09 13:50:24.136,0.72448,0.72457,3.45,1.12
2015.09.09 13:50:24.645,0.72449,0.72459,3.52,1.87
2015.09.09 13:50:25.579,0.72451,0.72459,1.00,1.37
2015.09.09 13:50:26.084,0.72451,0.7246,3.52,1.12
2015.09.09 13:50:26.603,0.72453,0.7246,1.00,1.12
2015.09.09 13:50:27.207,0.72451,0.7246,3.52,1.12
2015.09.09 13:50:28.335,0.72453,0.72461,1.00,1.37
2015.09.09 13:50:28.845,0.72453,0.72461,1.37,1.50
2015.09.09 13:50:29.253,0.72455,0.72462,2.02,1.00
2015.09.09 13:50:29.305,0.72456,0.72464,1.10,1.00
2015.09.09 13:50:29.814,0.72456,0.72463,1.57,1.12
2015.09.09 13:50:30.309,0.72455,0.72464,1.57,1.87
2015.09.09 13:50:30.513,0.72457,0.72465,1.00,1.87
2015.09.09 13:50:31.022,0.72456,0.72464,1.10,1.50
2015.09.09 13:50:31.526,0.72457,0.72464,1.12,1.87
2015.09.09 13:50:32.421,0.72457,0.72466,1.12,2.62
2015.09.09 13:50:32.938,0.72458,0.72466,1.00,2.62
2015.09.09 13:50:33.243,0.72457,0.72462,1.12,1.00
2015.09.09 13:50:33.660,0.72454,0.72462,1.95,1.12
2015.09.09 13:50:34.321,0.72453,0.72462,1.20,1.12
2015.09.09 13:50:34.844,0.72454,0.72464,1.50,1.47
2015.09.09 13:50:35.405,0.72452,0.72462,2.77,1.87
2015.09.09 13:50:35.952,0.72453,0.72461,1.87,1.00
2015.09.09 13:50:36.106,0.72455,0.72462,1.00,1.12
2015.09.09 13:50:37.811,0.72455,0.72461,1.00,1.00
2015.09.09 13:50:38.370,0.72453,0.72461,1.00,1.00
2015.09.09 13:50:38.779,0.72452,0.72459,1.20,1.00
2015.09.09 13:50:38.944,0.72452,0.72461,1.12,2.62
2015.09.09 13:50:39.456,0.72453,0.72461,1.00,2.62
2015.09.09 13:50:40.946,0.72455,0.72461,1.00,1.00
2015.09.09 13:50:41.357,0.72453,0.72461,1.00,1.00
2015.09.09 13:50:41.928,0.72452,0.72461,1.95,1.50
2015.09.09 13:50:42.460,0.72452,0.7246,1.95,1.50
2015.09.09 13:50:43.024,0.72452,0.72461,2.25,1.12
2015.09.09 13:50:43.532,0.72453,0.72458,1.10,1.00
2015.09.09 13:50:44.297,0.72452,0.72456,1.20,1.00
2015.09.09 13:50:44.496,0.72448,0.72456,2.32,1.50
2015.09.09 13:50:44.550,0.72447,0.72453,5.55,1.00
2015.09.09 13:50:44.601,0.72447,0.72454,4.87,1.00
2015.09.09 13:50:45.111,0.72447,0.72455,1.87,1.00
2015.09.09 13:50:45.411,0.7245,0.72455,1.00,1.00
2015.09.09 13:50:45.463,0.7245,0.72457,1.00,1.12
2015.09.09 13:50:46.126,0.7245,0.72456,1.00,1.00
2015.09.09 13:50:46.627,0.72449,0.72455,1.20,1.00
2015.09.09 13:50:47.815,0.72448,0.72455,3.07,1.00
2015.09.09 13:50:47.918,0.72449,0.72454,1.17,1.00
2015.09.09 13:50:48.020,0.72447,0.72453,1.45,1.00
2015.09.09 13:50:48.533,0.72446,0.72454,1.27,1.00
2015.09.09 13:50:49.694,0.72446,0.72453,1.27,1.00
2015.09.09 13:50:50.230,0.72446,0.72454,1.27,1.12
2015.09.09 13:50:52.001,0.72446,0.72453,2.02,1.00
2015.09.09 13:50:52.519,0.72446,0.72452,1.55,1.00
2015.09.09 13:50:52.623,0.72445,0.72449,3.07,1.00
2015.09.09 13:50:52.726,0.72443,0.72451,1.87,2.25
2015.09.09 13:50:52.778,0.72443,0.7245,1.20,1.00
2015.09.09 13:50:54.716,0.72443,0.72451,1.87,2.25
2015.09.09 13:50:55.023,0.72443,0.72453,3.37,3.45
2015.09.09 13:50:55.279,0.72445,0.72453,1.00,2.62
2015.09.09 13:50:55.935,0.72445,0.72452,1.12,1.00
2015.09.09 13:50:56.472,0.72444,0.72453,1.47,2.62
2015.09.09 13:50:57.041,0.72444,0.72451,1.37,1.00
2015.09.09 13:50:57.803,0.72444,0.72453,2.62,1.87
2015.09.09 13:50:58.306,0.72446,0.72453,1.87,1.00
2015.09.09 13:50:58.713,0.72444,0.72453,2.32,1.87
2015.09.09 13:50:59.223,0.72443,0.72453,3.45,2.62
2015.09.09 13:50:59.735,0.72443,0.72452,4.20,1.00
2015.09.09 13:51:00.776,0.72443,0.72451,1.95,1.00
2015.09.09 13:51:01.658,0.72443,0.72452,2.70,1.00
2015.09.09 13:51:01.760,0.72443,0.7245,2.70,1.00
2015.09.09 13:51:01.964,0.72442,0.7245,2.70,1.50
2015.09.09 13:51:02.505,0.72442,0.72449,1.12,1.00
2015.09.09 13:51:02.659,0.7244,0.72448,1.95,1.00
2015.09.09 13:51:03.265,0.7244,0.72449,1.87,1.00
2015.09.09 13:51:03.775,0.7244,0.7245,3.45,1.87
2015.09.09 13:51:03.877,0.72441,0.7245,1.37,1.00
2015.09.09 13:51:04.232,0.72444,0.72451,1.50,1.12
2015.09.09 13:51:04.387,0.72444,0.72453,1.95,1.12
2015.09.09 13:51:05.280,0.72445,0.72453,1.00,1.12
2015.09.09 13:51:05.738,0.72447,0.72455,1.10,1.12
2015.09.09 13:51:06.359,0.72447,0.72456,1.57,1.95
2015.09.09 13:51:06.665,0.72447,0.72454,1.57,1.00
2015.09.09 13:51:06.818,0.72447,0.72456,1.57,1.95
2015.09.09 13:51:07.505,0.72447,0.72455,1.57,1.00
2015.09.09 13:51:09.128,0.72447,0.72452,1.10,1.00
2015.09.09 13:51:09.281,0.72443,0.72451,4.27,1.87
2015.09.09 13:51:10.004,0.72443,0.7245,1.37,1.00
2015.09.09 13:51:10.312,0.72441,0.72448,1.12,1.00
2015.09.09 13:51:12.257,0.7244,0.72448,1.00,1.12
2015.09.09 13:51:13.025,0.72442,0.72449,1.00,1.95
2015.09.09 13:51:13.484,0.72442,0.7245,1.95,1.50
2015.09.09 13:51:13.789,0.72442,0.7245,1.57,1.50
2015.09.09 13:51:14.309,0.72443,0.72452,1.07,1.87
2015.09.09 13:51:14.819,0.72444,0.72449,1.20,1.00
2015.09.09 13:51:15.114,0.7244,0.7245,4.27,1.20
2015.09.09 13:51:15.625,0.72442,0.72451,1.87,1.00
2015.09.09 13:51:16.437,0.72444,0.72451,1.00,1.00
2015.09.09 13:51:17.024,0.72446,0.72451,1.00,1.00
2015.09.09 13:51:17.260,0.72447,0.72453,1.00,1.20
2015.09.09 13:51:17.516,0.72448,0.72455,1.00,1.87
2015.09.09 13:51:19.553,0.72449,0.72455,1.00,1.12
2015.09.09 13:51:21.172,0.72448,0.72456,1.00,1.87
2015.09.09 13:51:21.427,0.72447,0.72453,1.12,1.00
2015.09.09 13:51:21.529,0.72448,0.72456,1.00,1.37
2015.09.09 13:51:22.082,0.72449,0.72455,1.00,1.12
2015.09.09 13:51:22.593,0.7245,0.72456,1.00,1.37
2015.09.09 13:51:22.887,0.7245,0.72458,1.00,1.47
2015.09.09 13:51:23.396,0.72451,0.72458,1.00,1.87
2015.09.09 13:51:24.001,0.72451,0.72456,1.00,1.00
2015.09.09 13:51:24.359,0.72452,0.72458,1.00,1.00
2015.09.09 13:51:24.462,0.72454,0.7246,1.00,1.47
2015.09.09 13:51:24.565,0.72454,0.72462,1.00,1.95
2015.09.09 13:51:25.006,0.72457,0.72462,1.00,1.12
2015.09.09 13:51:25.673,0.72457,0.72464,1.00,1.87
2015.09.09 13:51:26.215,0.72457,0.72463,1.50,1.00
2015.09.09 13:51:26.573,0.72459,0.72466,1.00,3.45
2015.09.09 13:51:26.881,0.7246,0.72467,1.10,1.00
2015.09.09 13:51:27.282,0.7246,0.72464,1.57,1.00
2015.09.09 13:51:27.384,0.72459,0.72468,1.07,1.87
2015.09.09 13:51:27.740,0.7246,0.72466,1.00,1.00
2015.09.09 13:51:27.944,0.72457,0.72466,2.32,1.37
2015.09.09 13:51:28.460,0.72457,0.72465,1.00,1.27
2015.09.09 13:51:28.969,0.72458,0.72466,1.00,1.95
2015.09.09 13:51:29.768,0.72458,0.72466,2.70,3.00
2015.09.09 13:51:31.501,0.72458,0.72464,1.95,1.00
2015.09.09 13:51:32.263,0.72459,0.72464,1.50,1.00
2015.09.09 13:51:32.772,0.72459,0.72465,1.50,1.00
2015.09.09 13:51:33.278,0.72458,0.72465,1.00,1.00
2015.09.09 13:51:33.988,0.72458,0.72463,1.00,1.00
2015.09.09 13:51:34.491,0.72457,0.72463,1.12,1.00
2015.09.09 13:51:35.000,0.72456,0.72464,1.37,1.00
2015.09.09 13:51:36.094,0.72456,0.72463,1.87,1.00
2015.09.09 13:51:37.398,0.72457,0.72464,1.12,2.62
2015.09.09 13:51:37.925,0.72455,0.72463,1.37,1.50
2015.09.09 13:51:38.440,0.72456,0.72463,1.00,1.87
2015.09.09 13:51:38.944,0.72455,0.7246,1.00,1.00
2015.09.09 13:51:39.147,0.72453,0.72462,1.95,1.95
2015.09.09 13:51:41.168,0.72454,0.72462,1.87,1.95
2015.09.09 13:51:41.959,0.72454,0.72462,1.87,1.95
2015.09.09 13:51:42.916,0.72454,0.72462,1.87,1.47
2015.09.09 13:51:43.426,0.72456,0.72462,1.00,1.47
2015.09.09 13:51:43.732,0.72458,0.72467,1.00,1.95
2015.09.09 13:51:44.247,0.72458,0.72465,2.25,1.00
2015.09.09 13:51:45.546,0.7246,0.72465,1.00,1.00
2015.09.09 13:51:46.094,0.7246,0.72464,1.00,1.00
2015.09.09 13:51:46.604,0.72459,0.72463,1.50,1.00
2015.09.09 13:51:46.783,0.72458,0.72462,1.00,1.00
2015.09.09 13:51:46.841,0.72457,0.72463,1.20,1.00
2015.09.09 13:51:47.350,0.72457,0.72462,1.12,1.00
2015.09.09 13:51:47.905,0.72457,0.72461,1.12,1.00
2015.09.09 13:51:48.161,0.72455,0.72461,1.50,1.00
2015.09.09 13:51:48.365,0.72455,0.72459,1.00,1.00
2015.09.09 13:51:50.344,0.72455,0.7246,1.00,1.00
2015.09.09 13:51:50.853,0.72455,0.72461,1.00,1.00
2015.09.09 13:51:51.467,0.72454,0.72461,1.00,1.00
2015.09.09 13:51:54.122,0.72455,0.72461,1.00,1.00
2015.09.09 13:51:54.747,0.72455,0.72462,1.00,1.12
2015.09.09 13:51:55.053,0.72454,0.7246,3.07,1.00
2015.09.09 13:51:56.714,0.72455,0.7246,1.00,1.50
2015.09.09 13:51:57.226,0.72454,0.72459,1.12,1.00
2015.09.09 13:51:57.978,0.72454,0.7246,1.00,1.00
2015.09.09 13:51:58.490,0.72455,0.7246,1.00,1.00
2015.09.09 13:51:59.053,0.72455,0.72459,1.00,1.00
2015.09.09 13:51:59.309,0.72452,0.72458,2.62,1.50
2015.09.09 13:52:00.172,0.72451,0.72458,1.87,1.00
2015.09.09 13:52:01.183,0.72452,0.72457,1.12,1.00
2015.09.09 13:52:01.336,0.72452,0.72459,1.12,1.50
2015.09.09 13:52:01.850,0.72451,0.72458,2.62,1.00
2015.09.09 13:52:02.115,0.72453,0.72461,1.00,1.95
2015.09.09 13:52:02.476,0.72455,0.72461,1.00,1.00
2015.09.09 13:52:03.030,0.72455,0.72462,2.70,1.00
2015.09.09 13:52:03.643,0.72457,0.72462,1.00,1.00
2015.09.09 13:52:05.285,0.72456,0.72462,1.12,1.00
2015.09.09 13:52:06.048,0.72456,0.72464,1.87,1.50
2015.09.09 13:52:06.549,0.72457,0.72464,2.25,1.00
2015.09.09 13:52:07.060,0.72457,0.72464,2.70,1.00
2015.09.09 13:52:07.314,0.72457,0.72462,1.20,1.00
2015.09.09 13:52:07.663,0.72455,0.72463,2.70,1.00
2015.09.09 13:52:09.301,0.72454,0.72462,2.77,1.00
2015.09.09 13:52:10.116,0.72454,0.72463,2.02,1.50
2015.09.09 13:52:10.320,0.72454,0.7246,1.95,1.00
2015.09.09 13:52:10.423,0.72453,0.72458,1.55,1.00
2015.09.09 13:52:10.526,0.7245,0.72455,1.47,1.50
2015.09.09 13:52:10.791,0.7245,0.72458,1.50,1.20
2015.09.09 13:52:11.263,0.72451,0.7246,2.32,1.12
2015.09.09 13:52:11.315,0.72453,0.72461,1.50,2.62
2015.09.09 13:52:11.418,0.72454,0.72462,1.87,3.07
2015.09.09 13:52:11.921,0.72455,0.72462,1.00,3.00
2015.09.09 13:52:12.177,0.72455,0.7246,1.00,1.00
2015.09.09 13:52:12.686,0.72454,0.7246,1.50,1.00
2015.09.09 13:52:13.228,0.72453,0.7246,1.95,1.00
2015.09.09 13:52:17.596,0.72453,0.72459,1.57,1.00
2015.09.09 13:52:19.004,0.72454,0.72461,1.50,1.37
2015.09.09 13:52:19.354,0.72455,0.72462,3.07,1.12
2015.09.09 13:52:19.508,0.72457,0.72462,1.00,1.00
2015.09.09 13:52:20.019,0.72457,0.72463,1.00,1.00
2015.09.09 13:52:20.327,0.7246,0.72466,1.00,1.37
2015.09.09 13:52:20.636,0.72462,0.72467,1.00,1.37
2015.09.09 13:52:21.450,0.72461,0.72465,3.00,1.00
2015.09.09 13:52:21.698,0.72462,0.72467,1.00,1.00
2015.09.09 13:52:22.208,0.72463,0.72467,1.00,1.00
2015.09.09 13:52:22.746,0.72462,0.72467,1.00,1.00
2015.09.09 13:52:23.511,0.72462,0.72466,1.50,1.00
2015.09.09 13:52:24.021,0.72462,0.72467,1.50,1.00
2015.09.09 13:52:25.850,0.72462,0.72468,1.50,1.00
2015.09.09 13:52:26.299,0.72464,0.7247,1.50,1.12
2015.09.09 13:52:27.852,0.72465,0.7247,1.00,1.12
2015.09.09 13:52:28.368,0.72464,0.7247,1.00,1.00
2015.09.09 13:52:29.267,0.72465,0.7247,1.00,1.00
2015.09.09 13:52:29.896,0.72465,0.72472,1.00,1.57
2015.09.09 13:52:30.359,0.72465,0.72473,1.87,1.00
2015.09.09 13:52:30.614,0.72469,0.72474,1.00,1.87
2015.09.09 13:52:30.922,0.72471,0.72475,1.00,1.12
2015.09.09 13:52:31.075,0.72469,0.72475,1.00,1.37
2015.09.09 13:52:31.179,0.72467,0.72476,1.87,1.12
2015.09.09 13:52:31.232,0.72469,0.72473,1.00,1.00
2015.09.09 13:52:31.740,0.72469,0.72474,1.65,1.00
2015.09.09 13:52:32.069,0.72469,0.72475,2.25,1.00
2015.09.09 13:52:32.580,0.72469,0.72474,1.00,1.00
2015.09.09 13:52:33.254,0.72468,0.72474,2.70,1.00
2015.09.09 13:52:34.158,0.72469,0.72474,1.00,1.00
2015.09.09 13:52:34.565,0.72469,0.72478,1.10,1.87
2015.09.09 13:52:34.617,0.72471,0.72475,1.00,1.00
2015.09.09 13:52:34.872,0.72472,0.72477,1.00,1.00
2015.09.09 13:52:35.950,0.72472,0.72478,1.50,1.00
2015.09.09 13:52:36.475,0.72471,0.72477,1.87,1.00
2015.09.09 13:52:37.591,0.72471,0.72476,1.12,1.00
2015.09.09 13:52:38.152,0.72471,0.72475,1.12,1.00
2015.09.09 13:52:38.664,0.72471,0.72476,1.00,1.00
2015.09.09 13:52:39.193,0.7247,0.72477,1.10,1.00
2015.09.09 13:52:39.804,0.7247,0.72476,1.10,1.00
2015.09.09 13:52:40.055,0.7247,0.72474,1.10,1.00
2015.09.09 13:52:40.665,0.72469,0.72473,2.25,1.00
2015.09.09 13:52:41.170,0.72469,0.72473,1.00,1.00
2015.09.09 13:52:41.323,0.72467,0.72473,1.95,1.00
2015.09.09 13:52:42.663,0.72467,0.72473,2.70,1.00
2015.09.09 13:52:43.177,0.72467,0.72474,2.70,1.00
2015.09.09 13:52:43.687,0.72467,0.72474,1.20,1.00
2015.09.09 13:52:44.295,0.72468,0.72474,1.00,1.00
2015.09.09 13:52:45.207,0.72469,0.72474,1.00,1.00
2015.09.09 13:52:45.715,0.72468,0.72474,1.87,1.00
2015.09.09 13:52:46.379,0.72468,0.72475,2.62,1.00
2015.09.09 13:52:46.892,0.72469,0.72475,1.10,1.00
2015.09.09 13:52:50.204,0.72468,0.72476,2.77,1.00
2015.09.09 13:52:50.856,0.72469,0.72475,1.00,1.00
2015.09.09 13:52:51.365,0.72468,0.72475,1.20,1.00
2015.09.09 13:52:51.733,0.72467,0.72473,1.37,1.00
2015.09.09 13:52:52.242,0.72467,0.72474,1.12,1.00
2015.09.09 13:52:52.804,0.72466,0.72472,1.37,1.00
2015.09.09 13:52:53.315,0.72465,0.72472,1.87,1.00
2015.09.09 13:52:53.824,0.72465,0.72473,1.87,1.00
2015.09.09 13:52:54.333,0.72465,0.72473,1.87,1.00
2015.09.09 13:52:54.852,0.72466,0.72473,1.00,1.00
2015.09.09 13:52:55.375,0.72466,0.72471,1.00,1.00
2015.09.09 13:52:55.773,0.72464,0.7247,1.20,1.00
2015.09.09 13:52:55.876,0.72462,0.72469,1.95,1.00
2015.09.09 13:52:56.933,0.72461,0.72469,2.70,1.50
2015.09.09 13:52:57.341,0.72461,0.72465,1.95,1.00
2015.09.09 13:52:57.495,0.72459,0.72466,1.20,1.00
2015.09.09 13:52:58.106,0.72457,0.72465,1.95,1.87
2015.09.09 13:52:58.615,0.72457,0.72463,1.47,1.00
2015.09.09 13:52:59.023,0.72457,0.72465,1.47,1.87
2015.09.09 13:52:59.719,0.72457,0.72465,1.57,2.62
2015.09.09 13:53:00.431,0.72457,0.72463,1.10,1.00
2015.09.09 13:53:01.168,0.72456,0.72463,1.20,1.00
2015.09.09 13:53:03.748,0.72455,0.72462,1.95,1.00
2015.09.09 13:53:04.258,0.72455,0.72462,1.87,1.00
2015.09.09 13:53:06.640,0.72454,0.72462,3.45,1.50
2015.09.09 13:53:07.871,0.72454,0.72461,1.95,1.00
2015.09.09 13:53:08.179,0.72451,0.72459,2.70,1.00
2015.09.09 13:53:08.728,0.72451,0.72459,1.57,1.00
2015.09.09 13:53:09.237,0.72453,0.7246,1.10,1.00
2015.09.09 13:53:10.282,0.72453,0.72461,1.10,1.00
2015.09.09 13:53:11.182,0.72454,0.72462,1.00,1.12
2015.09.09 13:53:11.692,0.72455,0.72463,1.00,1.37
2015.09.09 13:53:12.206,0.72455,0.72463,1.50,1.12
2015.09.09 13:53:12.805,0.72455,0.72464,1.87,1.50
2015.09.09 13:53:13.672,0.72455,0.72464,1.37,2.62
2015.09.09 13:53:15.020,0.72458,0.72465,1.00,1.10
2015.09.09 13:53:15.530,0.72456,0.72464,3.75,1.00
2015.09.09 13:53:15.633,0.72456,0.72464,2.77,1.00
2015.09.09 13:53:16.144,0.72455,0.72463,2.25,1.50
2015.09.09 13:53:16.718,0.72455,0.72463,1.95,1.50
2015.09.09 13:53:17.994,0.72455,0.72463,1.95,1.50
2015.09.09 13:53:18.096,0.72457,0.72464,1.00,1.12
2015.09.09 13:53:18.638,0.72457,0.72465,1.10,1.00
2015.09.09 13:53:19.147,0.72455,0.72465,4.27,3.00
2015.09.09 13:53:19.706,0.72455,0.72465,4.27,3.37
2015.09.09 13:53:20.221,0.72456,0.72465,1.57,1.50
2015.09.09 13:53:22.344,0.72456,0.72466,4.27,1.87
2015.09.09 13:53:22.862,0.72458,0.72466,2.32,1.12
2015.09.09 13:53:24.785,0.72458,0.72467,1.95,2.62
2015.09.09 13:53:26.836,0.72459,0.72467,1.00,1.00
2015.09.09 13:53:27.345,0.72459,0.72466,1.50,1.00
2015.09.09 13:53:28.045,0.72459,0.72468,1.00,2.62
2015.09.09 13:53:28.634,0.72459,0.72468,1.00,1.37
2015.09.09 13:53:29.148,0.72459,0.72464,1.00,1.00
2015.09.09 13:53:29.743,0.72458,0.72464,1.12,1.00
2015.09.09 13:53:30.932,0.72459,0.72464,1.00,1.00
2015.09.09 13:53:31.441,0.72459,0.72465,1.00,1.00
2015.09.09 13:53:31.955,0.72458,0.72465,1.87,1.00
2015.09.09 13:53:32.481,0.72458,0.72464,1.12,1.00
2015.09.09 13:53:35.190,0.72458,0.72463,1.12,1.00
2015.09.09 13:53:35.292,0.72458,0.72465,1.12,1.00
2015.09.09 13:53:38.862,0.72458,0.72463,1.20,1.50
2015.09.09 13:53:39.407,0.72456,0.72463,1.47,1.50
2015.09.09 13:53:40.119,0.72456,0.72462,2.02,1.00
2015.09.09 13:53:40.541,0.72455,0.7246,3.07,1.00
2015.09.09 13:53:41.055,0.72452,0.72459,1.55,1.00
2015.09.09 13:53:41.335,0.72452,0.72459,2.77,1.00
2015.09.09 13:53:41.641,0.72452,0.72461,2.02,1.00
2015.09.09 13:53:42.151,0.72454,0.7246,1.20,1.00
2015.09.09 13:53:43.367,0.72455,0.72461,1.10,1.00
2015.09.09 13:53:43.916,0.72454,0.72461,2.77,1.00
2015.09.09 13:53:44.947,0.72454,0.72462,2.77,1.50
2015.09.09 13:53:50.782,0.72456,0.72462,1.87,1.00
2015.09.09 13:53:51.845,0.72456,0.72462,1.87,1.00
2015.09.09 13:53:57.496,0.72456,0.7246,1.12,1.00
2015.09.09 13:53:57.832,0.72451,0.72457,1.95,1.00
2015.09.09 13:53:57.883,0.7245,0.72457,1.45,1.00
2015.09.09 13:53:58.137,0.72449,0.72455,2.70,1.00
2015.09.09 13:53:58.763,0.72449,0.72456,2.70,1.00
2015.09.09 13:53:59.272,0.72449,0.72456,2.70,1.00
2015.09.09 13:54:02.532,0.72449,0.72456,1.95,1.00
2015.09.09 13:54:03.072,0.72449,0.72455,1.95,1.00
2015.09.09 13:54:03.875,0.72449,0.72456,1.12,1.00
2015.09.09 13:54:04.435,0.72451,0.72458,1.00,1.20
2015.09.09 13:54:04.786,0.72453,0.7246,1.00,1.00
2015.09.09 13:54:05.295,0.72454,0.7246,1.00,1.00
2015.09.09 13:54:05.775,0.72452,0.7246,3.45,1.00
2015.09.09 13:54:06.233,0.72454,0.7246,1.00,1.00
2015.09.09 13:54:07.687,0.72454,0.72459,1.00,1.00
2015.09.09 13:54:07.843,0.72452,0.72459,1.95,1.00
2015.09.09 13:54:08.380,0.72452,0.7246,1.12,1.50
2015.09.09 13:54:09.144,0.72452,0.72461,1.95,1.00
2015.09.09 13:54:09.648,0.72453,0.72461,2.25,1.00
2015.09.09 13:54:10.159,0.72454,0.72461,1.00,1.00
2015.09.09 13:54:11.012,0.72454,0.72459,1.00,1.12
2015.09.09 13:54:11.063,0.72452,0.72459,1.95,1.12
2015.09.09 13:54:11.591,0.72451,0.72458,1.37,1.50
2015.09.09 13:54:12.133,0.72451,0.72458,1.12,1.50
2015.09.09 13:54:13.185,0.72449,0.72457,3.52,1.50
2015.09.09 13:54:14.391,0.72449,0.72456,1.50,1.50
2015.09.09 13:54:14.899,0.72446,0.72454,2.77,1.50
2015.09.09 13:54:15.482,0.72446,0.72455,2.70,1.00
2015.09.09 13:54:16.049,0.72446,0.72455,2.70,1.00
2015.09.09 13:54:16.737,0.72446,0.72454,2.70,1.00
2015.09.09 13:54:17.246,0.72446,0.72453,1.20,1.50
2015.09.09 13:54:17.792,0.72445,0.72452,1.10,1.00
2015.09.09 13:54:18.304,0.72444,0.72452,1.12,1.00
2015.09.09 13:54:18.992,0.72444,0.72452,3.52,1.00
2015.09.09 13:54:19.542,0.72446,0.72452,1.00,1.00
2015.09.09 13:54:20.899,0.72446,0.72451,1.00,1.00
2015.09.09 13:54:25.170,0.72446,0.72452,1.12,1.00
2015.09.09 13:54:25.679,0.72446,0.72453,2.25,1.00
2015.09.09 13:54:26.281,0.72447,0.72453,1.50,1.00
2015.09.09 13:54:27.817,0.72447,0.72455,1.12,1.87
2015.09.09 13:54:27.971,0.7245,0.72456,1.00,1.37
2015.09.09 13:54:29.381,0.7245,0.72457,1.00,2.25
2015.09.09 13:54:29.484,0.72447,0.72454,3.52,1.00
2015.09.09 13:54:30.071,0.72446,0.72452,1.87,1.00
2015.09.09 13:54:30.379,0.72445,0.72453,1.12,1.00
2015.09.09 13:54:31.234,0.72445,0.72453,3.37,1.00
2015.09.09 13:54:35.582,0.72446,0.72452,1.50,1.00
2015.09.09 13:54:36.595,0.72446,0.72453,1.12,1.50
2015.09.09 13:54:37.943,0.72445,0.72453,3.37,1.00
2015.09.09 13:54:38.249,0.72445,0.72453,3.37,1.00
2015.09.09 13:54:38.615,0.72445,0.72451,1.87,1.00
2015.09.09 13:54:40.152,0.72443,0.72452,4.12,1.50
2015.09.09 13:54:42.764,0.72444,0.72451,1.37,1.00
2015.09.09 13:54:45.583,0.72445,0.72452,1.12,1.00
2015.09.09 13:54:46.041,0.72445,0.72454,1.47,1.50
2015.09.09 13:54:46.636,0.72447,0.72454,1.00,1.00
2015.09.09 13:54:47.614,0.72447,0.72455,1.20,1.50
2015.09.09 13:54:48.072,0.72447,0.72455,1.47,1.00
2015.09.09 13:54:48.429,0.72446,0.72453,1.87,1.00
2015.09.09 13:54:50.470,0.72445,0.72453,1.37,2.25
2015.09.09 13:54:50.960,0.72445,0.72453,1.12,2.25
2015.09.09 13:54:53.489,0.72445,0.72451,1.12,1.00
2015.09.09 13:54:53.998,0.72445,0.72452,1.12,1.50
2015.09.09 13:54:54.499,0.72445,0.72451,1.00,1.00
2015.09.09 13:54:55.011,0.72442,0.7245,1.95,1.00
2015.09.09 13:54:55.317,0.72441,0.72448,1.57,1.00
2015.09.09 13:54:55.568,0.7244,0.72448,1.20,3.00
2015.09.09 13:54:56.078,0.72438,0.72446,2.02,1.00
2015.09.09 13:54:56.677,0.72438,0.72446,1.95,1.00
2015.09.09 13:54:58.490,0.7244,0.72446,1.00,1.00
2015.09.09 13:54:58.694,0.7244,0.72448,1.20,1.00
2015.09.09 13:54:59.202,0.7244,0.72447,1.12,2.25
2015.09.09 13:54:59.712,0.72439,0.72446,1.37,1.00
2015.09.09 13:55:00.522,0.72437,0.72445,1.95,1.00
2015.09.09 13:55:00.625,0.72437,0.72445,1.37,1.00
2015.09.09 13:55:02.633,0.72436,0.72445,2.62,2.25
2015.09.09 13:55:03.173,0.72436,0.72444,1.37,1.00
2015.09.09 13:55:04.321,0.72435,0.7244,1.20,1.00
2015.09.09 13:55:04.629,0.72435,0.72444,3.37,3.00
2015.09.09 13:55:04.681,0.72437,0.72444,1.00,2.25
2015.09.09 13:55:04.885,0.72438,0.72446,1.00,1.95
2015.09.09 13:55:05.428,0.72439,0.72447,1.57,1.87
2015.09.09 13:55:05.939,0.72438,0.72445,1.00,1.50
2015.09.09 13:55:06.144,0.72437,0.72442,1.12,1.00
2015.09.09 13:55:06.705,0.72434,0.72442,1.87,1.00
2015.09.09 13:55:07.353,0.72434,0.7244,2.62,1.00
2015.09.09 13:55:07.609,0.72428,0.72433,1.20,1.00
2015.09.09 13:55:07.712,0.72424,0.72432,2.62,1.10
2015.09.09 13:55:08.046,0.72425,0.72434,1.95,1.50
2015.09.09 13:55:08.251,0.72426,0.72436,4.27,1.50
2015.09.09 13:55:08.404,0.72427,0.72436,1.47,1.00
2015.09.09 13:55:08.983,0.72429,0.72438,2.70,1.00
2015.09.09 13:55:09.088,0.72429,0.72438,1.95,1.00
2015.09.09 13:55:10.956,0.72429,0.72438,1.87,1.00
2015.09.09 13:55:11.271,0.7243,0.72439,2.62,1.10
2015.09.09 13:55:11.858,0.72432,0.7244,1.12,1.00
2015.09.09 13:55:12.372,0.72431,0.72439,1.12,1.50
2015.09.09 13:55:12.978,0.7243,0.7244,2.70,1.50
2015.09.09 13:55:13.284,0.7243,0.72438,1.95,1.00
2015.09.09 13:55:13.591,0.72429,0.72435,2.70,1.00
2015.09.09 13:55:13.744,0.72427,0.72435,1.47,1.00
2015.09.09 13:55:15.412,0.72428,0.72436,1.37,1.00
2015.09.09 13:55:15.565,0.7243,0.72437,1.37,1.00
2015.09.09 13:55:16.081,0.72429,0.72436,1.37,1.00
2015.09.09 13:55:16.591,0.72429,0.72437,1.37,1.00
2015.09.09 13:55:16.901,0.72428,0.72435,1.95,1.00
2015.09.09 13:55:17.397,0.72428,0.72437,1.47,1.57
2015.09.09 13:55:17.905,0.7243,0.72437,1.50,1.57
2015.09.09 13:55:18.189,0.72432,0.72437,1.00,1.00
2015.09.09 13:55:18.703,0.72432,0.7244,2.25,1.37
2015.09.09 13:55:19.044,0.72436,0.72441,1.00,1.37
2015.09.09 13:55:19.351,0.72438,0.72445,1.00,1.37
2015.09.09 13:55:19.453,0.72439,0.72446,1.00,1.57
2015.09.09 13:55:20.089,0.72439,0.72445,1.50,1.00
2015.09.09 13:55:20.650,0.72439,0.72444,1.12,1.00
2015.09.09 13:55:21.345,0.72437,0.72444,1.37,1.00
2015.09.09 13:55:21.855,0.72436,0.72443,1.37,1.00
2015.09.09 13:55:22.465,0.72436,0.72442,1.37,1.00
2015.09.09 13:55:23.536,0.72436,0.72443,1.37,1.50
2015.09.09 13:55:23.739,0.72436,0.72443,1.12,1.50
2015.09.09 13:55:24.247,0.72434,0.72442,2.02,1.00
2015.09.09 13:55:24.852,0.72434,0.7244,2.02,1.00
2015.09.09 13:55:25.057,0.72432,0.72441,2.32,1.00
2015.09.09 13:55:26.124,0.72432,0.7244,1.37,1.00
2015.09.09 13:55:26.994,0.72432,0.7244,1.37,1.00
2015.09.09 13:55:27.506,0.72433,0.72441,1.12,1.50
2015.09.09 13:55:27.862,0.72433,0.72441,1.37,1.50
2015.09.09 13:55:28.411,0.72433,0.7244,1.37,1.00
2015.09.09 13:55:29.226,0.72433,0.72441,1.37,1.50
2015.09.09 13:55:29.732,0.72432,0.7244,3.52,1.00
2015.09.09 13:55:30.244,0.72432,0.72439,1.87,1.00
2015.09.09 13:55:30.783,0.72432,0.7244,1.87,1.00
2015.09.09 13:55:30.885,0.72432,0.7244,1.87,1.00
2015.09.09 13:55:31.044,0.72432,0.72438,1.87,1.00
2015.09.09 13:55:32.254,0.72431,0.7244,2.70,1.00
2015.09.09 13:55:33.418,0.72432,0.72441,1.87,1.00
2015.09.09 13:55:34.008,0.72433,0.72441,1.37,1.00
2015.09.09 13:55:34.539,0.72433,0.72442,1.87,1.87
2015.09.09 13:55:35.071,0.72434,0.72442,1.37,1.00
2015.09.09 13:55:35.583,0.72434,0.72443,2.77,1.00
2015.09.09 13:55:36.128,0.72436,0.72446,2.70,2.62
2015.09.09 13:55:36.236,0.72436,0.72446,3.52,2.25
2015.09.09 13:55:38.682,0.72438,0.72445,1.87,1.00
2015.09.09 13:55:38.887,0.72438,0.72447,1.87,1.12
2015.09.09 13:55:39.546,0.72439,0.72448,1.87,2.62
2015.09.09 13:55:39.750,0.72441,0.72448,1.00,1.12
2015.09.09 13:55:39.853,0.72441,0.72451,2.25,3.52
2015.09.09 13:55:40.391,0.72442,0.7245,1.12,1.00
2015.09.09 13:55:40.941,0.72443,0.72449,1.12,1.00
2015.09.09 13:55:41.691,0.72443,0.7245,1.12,1.00
2015.09.09 13:55:43.960,0.72444,0.7245,1.00,1.00
2015.09.09 13:55:44.012,0.72444,0.72452,1.00,1.12
2015.09.09 13:55:44.527,0.72445,0.72453,1.12,2.32
2015.09.09 13:55:44.893,0.72448,0.72454,1.00,2.70
2015.09.09 13:55:44.944,0.72446,0.72452,1.12,1.00
2015.09.09 13:55:45.189,0.72448,0.72456,2.70,1.00
2015.09.09 13:55:45.294,0.72449,0.72458,2.70,1.00
2015.09.09 13:55:45.398,0.7245,0.7246,1.07,1.47
2015.09.09 13:55:45.909,0.7245,0.7246,2.02,1.00
2015.09.09 13:55:46.431,0.72449,0.72459,1.37,1.57
2015.09.09 13:55:46.737,0.72449,0.72457,1.87,1.00
2015.09.09 13:55:47.212,0.7245,0.72459,1.95,1.00
2015.09.09 13:55:47.264,0.72452,0.7246,1.00,1.50
2015.09.09 13:55:49.673,0.72453,0.72461,1.00,1.57
2015.09.09 13:55:50.182,0.72452,0.72462,2.70,2.25
2015.09.09 13:55:52.137,0.72452,0.72461,2.70,1.00
2015.09.09 13:55:52.646,0.72452,0.7246,1.47,1.00
2015.09.09 13:55:54.088,0.72451,0.7246,1.55,1.00
2015.09.09 13:55:54.972,0.72451,0.72459,1.47,1.00
2015.09.09 13:55:55.957,0.72452,0.7246,1.12,1.50
2015.09.09 13:55:56.316,0.72453,0.72462,1.10,1.20
2015.09.09 13:55:57.063,0.72453,0.72462,1.47,1.20
2015.09.09 13:55:59.042,0.72453,0.72462,1.95,1.00
2015.09.09 13:55:59.550,0.72453,0.72463,2.70,1.57
2015.09.09 13:56:00.070,0.72456,0.72465,1.12,2.62
2015.09.09 13:56:00.582,0.72455,0.72463,2.70,1.00
2015.09.09 13:56:02.083,0.72455,0.72463,1.87,1.00
2015.09.09 13:56:03.811,0.72455,0.72463,1.87,1.00
2015.09.09 13:56:04.262,0.72456,0.72465,1.87,1.00
2015.09.09 13:56:04.466,0.72458,0.72466,1.37,1.00
2015.09.09 13:56:04.993,0.72459,0.72467,1.12,1.00
2015.09.09 13:56:05.503,0.72459,0.72469,3.37,3.45
2015.09.09 13:56:05.758,0.7246,0.7247,1.95,4.12
2015.09.09 13:56:06.301,0.72461,0.7247,1.00,2.62
2015.09.09 13:56:06.660,0.72462,0.72471,2.02,1.00
2015.09.09 13:56:08.157,0.72462,0.7247,2.02,1.00
2015.09.09 13:56:08.718,0.72462,0.72471,2.02,1.00
2015.09.09 13:56:09.025,0.72462,0.72469,1.27,1.00
2015.09.09 13:56:09.129,0.72462,0.72471,1.27,1.50
2015.09.09 13:56:09.380,0.72461,0.7247,1.20,1.87
2015.09.09 13:56:10.884,0.72461,0.72469,1.00,1.00
2015.09.09 13:56:12.237,0.72461,0.72469,1.12,1.37
2015.09.09 13:56:13.218,0.72461,0.72469,1.12,1.00
2015.09.09 13:56:18.860,0.72461,0.7247,1.12,2.62
2015.09.09 13:56:19.368,0.72461,0.72471,1.12,1.95
2015.09.09 13:56:19.877,0.72462,0.72472,1.50,4.27
2015.09.09 13:56:20.496,0.72462,0.72472,1.87,3.52
2015.09.09 13:56:21.416,0.72462,0.72471,1.87,1.00
2015.09.09 13:56:25.483,0.72462,0.7247,1.37,1.00
2015.09.09 13:56:26.308,0.72462,0.7247,1.37,1.00
2015.09.09 13:56:27.449,0.72462,0.7247,1.37,1.00
2015.09.09 13:56:28.209,0.72462,0.7247,1.37,1.00
2015.09.09 13:56:31.214,0.72462,0.7247,1.37,1.00
2015.09.09 13:56:33.145,0.72462,0.72471,1.00,2.62
2015.09.09 13:56:33.742,0.72462,0.7247,1.00,1.00
2015.09.09 13:56:34.342,0.72462,0.72469,1.12,1.00
2015.09.09 13:56:35.157,0.72462,0.72468,1.00,1.00
2015.09.09 13:56:35.707,0.7246,0.72468,1.87,1.00
2015.09.09 13:56:37.023,0.7246,0.72468,1.87,1.00
2015.09.09 13:56:44.153,0.7246,0.72466,1.00,1.00
2015.09.09 13:56:44.460,0.72458,0.72464,1.87,1.00
2015.09.09 13:56:44.512,0.72458,0.72466,1.37,1.00
2015.09.09 13:56:47.925,0.72457,0.72465,1.37,1.50
2015.09.09 13:56:48.078,0.72457,0.72464,1.12,1.00
2015.09.09 13:56:48.283,0.72457,0.72462,1.87,1.00
2015.09.09 13:56:48.591,0.72456,0.7246,1.00,1.00
2015.09.09 13:56:48.642,0.72453,0.72459,1.12,1.00
2015.09.09 13:56:48.694,0.72453,0.7246,1.37,1.00
2015.09.09 13:56:49.698,0.72454,0.7246,1.50,1.00
2015.09.09 13:56:51.003,0.72454,0.72462,1.50,1.50
2015.09.09 13:56:51.513,0.72454,0.72461,1.50,1.00
2015.09.09 13:56:51.666,0.72454,0.72464,2.62,2.62
2015.09.09 13:56:52.663,0.72455,0.72464,1.12,2.62
2015.09.09 13:56:53.274,0.72455,0.72463,1.12,1.00
2015.09.09 13:56:53.809,0.72454,0.72462,1.87,1.00
2015.09.09 13:56:55.010,0.72454,0.72462,1.87,1.12
2015.09.09 13:56:56.721,0.72454,0.72462,1.50,1.00
2015.09.09 13:56:56.927,0.72452,0.72459,1.47,1.00
2015.09.09 13:56:57.447,0.72452,0.72458,1.12,1.00
2015.09.09 13:56:57.550,0.72452,0.72461,1.12,1.87
2015.09.09 13:56:58.057,0.72452,0.72462,1.87,1.12
2015.09.09 13:56:59.014,0.72452,0.72462,3.37,1.12
2015.09.09 13:57:01.005,0.72452,0.7246,1.87,1.00
2015.09.09 13:57:01.108,0.72452,0.72459,1.00,1.00
2015.09.09 13:57:01.210,0.72452,0.72457,1.00,1.00
2015.09.09 13:57:01.516,0.72448,0.72455,1.37,1.00
2015.09.09 13:57:01.567,0.72447,0.72457,3.45,1.50
2015.09.09 13:57:02.117,0.72447,0.72455,1.37,1.00
2015.09.09 13:57:02.959,0.72447,0.72455,1.12,1.00
2015.09.09 13:57:03.670,0.72447,0.72454,1.12,1.50
2015.09.09 13:57:03.874,0.72447,0.72452,1.00,1.00
2015.09.09 13:57:04.408,0.72444,0.72452,1.87,1.00
2015.09.09 13:57:05.934,0.72443,0.72452,3.45,1.00
2015.09.09 13:57:06.561,0.72446,0.72451,1.00,1.00
2015.09.09 13:57:06.836,0.72446,0.72453,1.00,1.50
2015.09.09 13:57:08.041,0.72446,0.72454,1.00,2.62
2015.09.09 13:57:08.397,0.72447,0.72456,1.00,1.12
2015.09.09 13:57:08.746,0.72449,0.72457,1.50,1.87
2015.09.09 13:57:10.877,0.72449,0.72458,3.37,1.87
2015.09.09 13:57:11.222,0.72447,0.72454,1.00,1.00
2015.09.09 13:57:11.832,0.72445,0.72454,1.37,1.00
2015.09.09 13:57:12.369,0.72445,0.72453,1.12,1.00
2015.09.09 13:57:12.883,0.72445,0.72454,1.12,1.87
2015.09.09 13:57:13.433,0.72445,0.72454,1.37,1.00
2015.09.09 13:57:14.080,0.72445,0.72455,1.87,3.37
2015.09.09 13:57:15.928,0.72447,0.72454,1.00,1.00
2015.09.09 13:57:16.439,0.72447,0.72456,1.00,2.62
2015.09.09 13:57:17.258,0.72447,0.72456,1.87,1.12
2015.09.09 13:57:17.776,0.72448,0.72456,1.00,1.12
2015.09.09 13:57:18.601,0.7245,0.72459,1.00,2.62
2015.09.09 13:57:18.908,0.7245,0.7246,1.50,4.12
2015.09.09 13:57:19.420,0.72451,0.7246,1.00,1.87
2015.09.09 13:57:20.119,0.72451,0.7246,1.37,1.87
2015.09.09 13:57:21.352,0.72453,0.72461,1.50,1.37
2015.09.09 13:57:21.658,0.72452,0.72458,1.87,1.00
2015.09.09 13:57:21.760,0.72452,0.7246,1.12,1.87
2015.09.09 13:57:24.578,0.72452,0.72461,2.62,1.50
2015.09.09 13:57:25.088,0.72452,0.72462,3.37,4.87
2015.09.09 13:57:26.288,0.72452,0.72459,4.20,1.00
2015.09.09 13:57:26.390,0.72454,0.72461,1.00,1.00
2015.09.09 13:57:26.935,0.72453,0.72461,1.12,2.25
2015.09.09 13:57:27.293,0.72453,0.72459,1.12,1.00
2015.09.09 13:57:27.959,0.72451,0.72459,1.87,1.50
2015.09.09 13:57:30.887,0.72451,0.72459,1.87,1.50
2015.09.09 13:57:31.988,0.72451,0.72457,1.87,1.00
2015.09.09 13:57:32.294,0.72448,0.72455,2.62,1.00
2015.09.09 13:57:32.892,0.72448,0.72458,3.37,4.12
2015.09.09 13:57:32.996,0.72448,0.72458,3.37,3.37
2015.09.09 13:57:34.691,0.72449,0.72457,1.87,1.00
2015.09.09 13:57:35.035,0.7245,0.72459,1.87,1.87
2015.09.09 13:57:35.798,0.72451,0.72459,1.00,1.12
2015.09.09 13:57:36.900,0.72451,0.7246,1.50,1.87
2015.09.09 13:57:37.003,0.72454,0.72461,1.00,2.70
2015.09.09 13:57:37.598,0.72452,0.7246,1.37,1.12
2015.09.09 13:57:38.879,0.72451,0.72458,2.62,1.00
2015.09.09 13:57:38.981,0.72451,0.72458,1.12,1.00
2015.09.09 13:57:39.544,0.7245,0.72457,1.87,1.00
2015.09.09 13:57:40.070,0.7245,0.72457,1.50,1.00
2015.09.09 13:57:40.980,0.72449,0.72457,1.12,1.50
2015.09.09 13:57:43.995,0.72449,0.72457,1.37,1.00
2015.09.09 13:57:49.613,0.72447,0.72456,4.12,1.00
2015.09.09 13:57:49.664,0.72447,0.72454,1.37,1.00
2015.09.09 13:57:49.821,0.72446,0.72453,1.12,1.00
2015.09.09 13:57:50.065,0.72444,0.72451,1.37,1.00
2015.09.09 13:57:50.574,0.72444,0.72451,1.12,1.00
2015.09.09 13:57:51.357,0.72442,0.72451,1.37,1.00
2015.09.09 13:57:52.073,0.72442,0.7245,1.37,1.00
2015.09.09 13:57:53.145,0.72442,0.72451,1.87,2.25
2015.09.09 13:57:53.956,0.72444,0.72452,1.00,1.87
2015.09.09 13:57:54.262,0.72446,0.72454,1.12,1.00
2015.09.09 13:57:54.892,0.72447,0.72454,1.00,1.00
2015.09.09 13:57:57.290,0.72447,0.72455,1.87,1.50
2015.09.09 13:57:58.006,0.72448,0.72455,1.37,1.00
2015.09.09 13:57:58.966,0.72448,0.72455,1.12,1.00
2015.09.09 13:57:59.491,0.72448,0.72456,1.37,1.00
2015.09.09 13:58:02.210,0.72448,0.72455,1.87,1.00
2015.09.09 13:58:06.498,0.72448,0.72454,1.37,1.00
2015.09.09 13:58:06.549,0.72447,0.72454,2.62,1.00
2015.09.09 13:58:06.804,0.72446,0.72452,4.12,1.00
2015.09.09 13:58:08.319,0.72447,0.72454,1.00,2.25
2015.09.09 13:58:09.130,0.72446,0.72454,1.87,2.62
2015.09.09 13:58:10.282,0.72447,0.72454,1.00,1.50
2015.09.09 13:58:11.200,0.72445,0.72454,1.12,1.50
2015.09.09 13:58:12.423,0.72446,0.72454,1.00,2.25
2015.09.09 13:58:12.939,0.72446,0.72453,1.00,1.00
2015.09.09 13:58:13.766,0.72445,0.72454,1.00,2.62
2015.09.09 13:58:14.046,0.72445,0.72452,1.00,1.00
2015.09.09 13:58:14.559,0.72445,0.72453,1.00,1.00
2015.09.09 13:58:16.208,0.72446,0.72454,1.00,2.62
2015.09.09 13:58:16.737,0.72447,0.72455,1.00,1.87
2015.09.09 13:58:17.514,0.72447,0.72455,1.50,1.00
2015.09.09 13:58:18.065,0.72448,0.72455,1.00,1.00
2015.09.09 13:58:19.703,0.72447,0.72455,1.50,1.00
2015.09.09 13:58:20.212,0.72447,0.72456,3.00,1.87
2015.09.09 13:58:20.713,0.72447,0.72456,3.37,1.87
2015.09.09 13:58:21.245,0.72449,0.72457,1.50,1.87
2015.09.09 13:58:21.347,0.72449,0.72457,1.50,1.00
2015.09.09 13:58:21.886,0.72449,0.72456,1.50,1.00
2015.09.09 13:58:23.392,0.72449,0.72457,1.50,1.00
2015.09.09 13:58:23.918,0.7245,0.72457,1.00,1.00
2015.09.09 13:58:24.327,0.72451,0.72459,1.00,1.12
2015.09.09 13:58:25.324,0.72451,0.7246,1.50,1.87
2015.09.09 13:58:27.005,0.72451,0.7246,1.87,1.87
2015.09.09 13:58:29.027,0.72451,0.7246,1.50,3.37
2015.09.09 13:58:29.615,0.72452,0.7246,1.00,1.87
2015.09.09 13:58:33.070,0.72453,0.7246,1.00,1.00
2015.09.09 13:58:33.580,0.72453,0.72461,2.25,1.87
2015.09.09 13:58:34.175,0.72454,0.72462,1.00,1.87
2015.09.09 13:58:34.686,0.72453,0.72461,1.00,3.37
2015.09.09 13:58:35.249,0.72453,0.7246,1.00,1.12
2015.09.09 13:58:41.546,0.72454,0.7246,1.00,1.12
2015.09.09 13:58:41.700,0.72456,0.7246,1.00,1.12
2015.09.09 13:58:41.955,0.72454,0.72461,1.50,1.37
2015.09.09 13:58:42.007,0.72456,0.72461,1.00,1.37
2015.09.09 13:58:42.211,0.72454,0.72463,1.00,2.62
2015.09.09 13:58:42.364,0.72453,0.72463,4.87,2.62
2015.09.09 13:58:42.415,0.72453,0.72461,4.12,1.00
2015.09.09 13:58:42.928,0.72455,0.72461,1.00,1.00
2015.09.09 13:58:44.229,0.72453,0.72461,2.62,1.00
2015.09.09 13:58:47.825,0.72453,0.72461,3.37,1.00
2015.09.09 13:58:50.074,0.72453,0.72461,2.62,1.00
2015.09.09 13:58:55.834,0.72452,0.72461,1.00,1.87
2015.09.09 13:58:56.038,0.72451,0.7246,1.37,1.37
2015.09.09 13:58:56.547,0.7245,0.72458,1.87,1.00
2015.09.09 13:58:57.058,0.7245,0.72458,1.87,1.12
2015.09.09 13:58:58.015,0.7245,0.72458,1.50,1.87
2015.09.09 13:59:00.474,0.72449,0.72457,1.12,1.00
2015.09.09 13:59:01.021,0.72449,0.72458,1.12,2.62
2015.09.09 13:59:01.532,0.7245,0.72458,1.12,1.87
2015.09.09 13:59:04.771,0.72448,0.72457,1.87,1.50
2015.09.09 13:59:05.280,0.72448,0.72456,1.87,1.00
2015.09.09 13:59:05.914,0.72448,0.72456,1.12,1.00
2015.09.09 13:59:08.413,0.72449,0.72456,1.00,1.00
2015.09.09 13:59:08.822,0.7245,0.72458,1.50,1.12
2015.09.09 13:59:09.323,0.72452,0.7246,1.00,1.37
2015.09.09 13:59:09.883,0.72451,0.72461,2.62,2.62
2015.09.09 13:59:10.392,0.72452,0.72461,1.00,2.62
2015.09.09 13:59:11.724,0.72453,0.72461,1.00,2.62
2015.09.09 13:59:14.117,0.72454,0.72461,1.00,1.87
2015.09.09 13:59:14.720,0.72455,0.72461,1.00,1.37
2015.09.09 13:59:15.235,0.72454,0.72462,1.50,1.87
2015.09.09 13:59:17.890,0.72453,0.72462,1.00,2.62
2015.09.09 13:59:18.413,0.72452,0.72461,2.25,1.37
2015.09.09 13:59:18.924,0.72452,0.72461,2.62,1.37
2015.09.09 13:59:20.096,0.72452,0.72461,2.62,1.37
2015.09.09 13:59:20.791,0.72449,0.72456,1.47,1.00
2015.09.09 13:59:20.895,0.72448,0.72456,1.10,1.00
2015.09.09 13:59:21.305,0.72446,0.72454,2.62,1.00
2015.09.09 13:59:22.872,0.72447,0.72455,1.12,1.00
2015.09.09 13:59:23.381,0.72447,0.72454,1.12,1.00
2015.09.09 13:59:26.445,0.72447,0.72455,1.12,1.50
2015.09.09 13:59:27.539,0.72448,0.72455,1.00,1.00
2015.09.09 13:59:28.090,0.72447,0.72456,1.37,3.75
2015.09.09 13:59:28.960,0.72447,0.72454,1.87,1.00
2015.09.09 13:59:29.494,0.72446,0.72453,1.37,1.00
2015.09.09 13:59:29.545,0.72446,0.72453,1.12,1.00
2015.09.09 13:59:30.495,0.72446,0.72455,1.12,1.12
2015.09.09 13:59:31.644,0.72446,0.72454,1.87,1.00
2015.09.09 13:59:32.160,0.72443,0.72453,3.37,1.00
2015.09.09 13:59:32.414,0.72443,0.7245,1.87,1.00
2015.09.09 13:59:32.815,0.72439,0.7245,1.37,1.07
2015.09.09 13:59:33.325,0.72439,0.72451,1.12,3.07
2015.09.09 13:59:33.892,0.72439,0.7245,1.87,1.20
2015.09.09 13:59:34.403,0.7244,0.7245,1.50,1.87
2015.09.09 13:59:34.905,0.7244,0.72449,1.00,1.00
2015.09.09 13:59:35.415,0.72441,0.72449,1.00,1.00
2015.09.09 13:59:35.619,0.72443,0.7245,1.00,1.00
2015.09.09 13:59:35.859,0.72445,0.72454,1.00,2.02
2015.09.09 13:59:36.367,0.72444,0.72454,1.50,1.87
2015.09.09 13:59:36.774,0.72446,0.72454,1.00,1.87
2015.09.09 13:59:37.280,0.72445,0.72455,1.00,1.87
2015.09.09 13:59:38.725,0.72445,0.72455,1.00,1.87
2015.09.09 13:59:39.739,0.72445,0.72455,1.00,1.87
2015.09.09 13:59:40.319,0.72446,0.72455,1.00,1.37
2015.09.09 13:59:41.876,0.72446,0.72456,1.50,1.12
2015.09.09 13:59:42.283,0.72446,0.72453,1.50,1.00
2015.09.09 13:59:44.406,0.72446,0.72454,1.50,1.00
2015.09.09 13:59:45.116,0.72445,0.72456,1.12,1.37
2015.09.09 13:59:45.654,0.72445,0.72455,1.37,1.12
2015.09.09 13:59:46.672,0.72444,0.72455,1.87,2.70
2015.09.09 13:59:47.748,0.72444,0.72455,1.87,2.70
2015.09.09 13:59:48.249,0.72445,0.72455,1.00,3.45
2015.09.09 13:59:48.769,0.72445,0.72455,1.12,3.45
2015.09.09 13:59:49.788,0.72445,0.72455,1.00,3.45
2015.09.09 13:59:50.337,0.72444,0.72455,1.00,1.95
2015.09.09 13:59:50.838,0.72442,0.72455,1.87,1.47
2015.09.09 13:59:53.957,0.72444,0.72455,1.00,1.57
2015.09.09 13:59:54.263,0.72447,0.72456,1.00,1.55
2015.09.09 13:59:54.776,0.72447,0.7246,1.00,4.12
2015.09.09 13:59:55.283,0.72448,0.7246,1.00,2.62
2015.09.09 13:59:55.741,0.72449,0.7246,1.00,1.57
2015.09.09 13:59:56.144,0.72451,0.72461,1.00,2.70
2015.09.09 13:59:56.451,0.72453,0.72461,1.00,1.37
2015.09.09 13:59:56.960,0.72452,0.72462,1.00,2.70
2015.09.09 13:59:57.647,0.72452,0.72461,1.00,1.37
2015.09.09 13:59:58.821,0.72452,0.72461,1.00,1.37
2015.09.09 13:59:59.025,0.72452,0.72461,1.00,1.37
2015.09.09 13:59:59.230,0.72452,0.72461,1.00,1.37
