2012.11.06 17:00:00.409,0.80191,0.802,1.73,4.50
2012.11.06 17:00:00.591,0.80191,0.80199,1.50,4.50
2012.11.06 17:00:00.832,0.8019,0.80199,1.73,5.25
2012.11.06 17:00:01.572,0.80189,0.80199,1.73,7.50
2012.11.06 17:00:01.705,0.80189,0.80199,1.73,3.00
2012.11.06 17:00:02.460,0.80191,0.802,1.73,1.50
2012.11.06 17:00:03.582,0.80191,0.80199,1.73,5.25
2012.11.06 17:00:04.129,0.8019,0.80198,1.73,1.50
2012.11.06 17:00:05.813,0.8019,0.80199,1.73,5.25
2012.11.06 17:00:06.133,0.80187,0.80197,1.73,4.50
2012.11.06 17:00:06.889,0.80187,0.80198,1.73,5.25
2012.11.06 17:00:10.036,0.80187,0.80198,1.50,5.63
2012.11.06 17:00:10.420,0.80187,0.80198,1.73,5.63
2012.11.06 17:00:10.600,0.80188,0.80198,1.50,1.88
2012.11.06 17:00:10.720,0.80188,0.80197,1.73,4.50
2012.11.06 17:00:11.259,0.80186,0.80198,2.48,2.10
2012.11.06 17:00:11.809,0.80186,0.80198,2.48,2.48
2012.11.06 17:00:17.551,0.80186,0.80198,2.48,2.10
2012.11.06 17:00:18.121,0.80186,0.80198,2.48,2.10
2012.11.06 17:00:18.978,0.80186,0.80198,2.48,2.85
2012.11.06 17:00:37.510,0.80186,0.80198,5.48,2.54
2012.11.06 17:00:38.910,0.80187,0.80198,3.75,1.79
2012.11.06 17:00:41.342,0.80187,0.80199,3.75,4.04
2012.11.06 17:00:41.775,0.80187,0.80199,5.48,2.48
2012.11.06 17:00:42.204,0.80187,0.80199,5.48,2.54
2012.11.06 17:00:42.706,0.80187,0.80199,5.48,4.04
2012.11.06 17:00:43.242,0.80187,0.80199,1.73,5.67
2012.11.06 17:00:43.547,0.80187,0.80199,1.50,5.90
2012.11.06 17:00:44.154,0.80187,0.80196,1.50,1.50
2012.11.06 17:00:49.368,0.80187,0.80197,1.50,1.35
2012.11.06 17:00:49.887,0.80187,0.80198,1.50,1.79
2012.11.06 17:00:51.274,0.80186,0.80197,3.75,3.29
2012.11.06 17:00:57.748,0.80186,0.80197,3.75,1.35
2012.11.06 17:00:57.997,0.80186,0.80199,3.75,5.91
2012.11.06 17:00:58.537,0.80184,0.80194,1.73,1.50
2012.11.06 17:00:59.087,0.80184,0.80192,1.50,1.73
2012.11.06 17:01:02.106,0.80184,0.80192,2.25,1.73
2012.11.06 17:01:02.658,0.80185,0.80197,1.50,4.73
2012.11.06 17:01:03.206,0.80184,0.80196,1.50,2.48
2012.11.06 17:01:03.326,0.80185,0.80193,3.75,1.50
2012.11.06 17:01:03.627,0.80184,0.80196,3.75,1.79
2012.11.06 17:01:04.166,0.80183,0.80194,1.50,2.54
2012.11.06 17:01:06.369,0.80183,0.80194,5.25,1.73
2012.11.06 17:01:06.926,0.80183,0.80193,1.73,1.73
2012.11.06 17:01:08.686,0.80183,0.80193,5.25,1.73
2012.11.06 17:01:10.896,0.80183,0.80191,5.25,1.50
2012.11.06 17:01:11.716,0.80183,0.80191,1.50,1.73
2012.11.06 17:01:12.985,0.80182,0.80191,4.50,1.73
2012.11.06 17:01:13.487,0.80181,0.80191,6.00,1.73
2012.11.06 17:01:14.048,0.80181,0.80191,5.25,1.73
2012.11.06 17:01:21.316,0.80181,0.80191,1.50,1.73
2012.11.06 17:01:22.657,0.8018,0.80192,5.25,2.48
2012.11.06 17:01:22.967,0.8018,0.80191,1.50,1.73
2012.11.06 17:01:23.085,0.80177,0.80191,4.50,3.98
2012.11.06 17:01:23.938,0.80177,0.8019,6.23,1.73
2012.11.06 17:01:24.138,0.80177,0.80189,6.98,3.98
2012.11.06 17:01:24.209,0.80177,0.80189,6.00,3.98
2012.11.06 17:01:24.863,0.80177,0.80187,5.25,1.73
2012.11.06 17:01:25.546,0.80177,0.80187,6.00,1.73
2012.11.06 17:01:26.987,0.80177,0.80187,1.50,1.73
2012.11.06 17:01:27.297,0.80175,0.80187,6.00,3.23
2012.11.06 17:01:27.358,0.80175,0.80187,6.00,3.23
2012.11.06 17:01:34.236,0.80175,0.80185,1.50,2.85
2012.11.06 17:01:34.596,0.80175,0.80183,1.50,1.50
2012.11.06 17:01:36.356,0.80173,0.80185,6.00,2.85
2012.11.06 17:01:36.476,0.80172,0.80183,2.25,1.35
2012.11.06 17:01:36.897,0.8017,0.80181,3.75,1.73
2012.11.06 17:01:37.077,0.8017,0.80181,1.50,3.23
2012.11.06 17:01:42.245,0.8017,0.80181,1.50,1.96
2012.11.06 17:01:42.428,0.80171,0.80181,3.75,1.73
2012.11.06 17:01:42.562,0.80171,0.80183,5.25,1.35
2012.11.06 17:01:42.880,0.80172,0.80185,4.35,1.73
2012.11.06 17:01:43.257,0.80174,0.80186,3.75,3.23
2012.11.06 17:01:46.077,0.80174,0.80187,5.25,3.29
2012.11.06 17:01:46.637,0.80174,0.80187,6.00,3.29
2012.11.06 17:01:47.938,0.80174,0.80187,6.00,4.12
2012.11.06 17:01:48.247,0.80172,0.80186,6.60,2.48
2012.11.06 17:01:49.166,0.80172,0.80186,5.85,2.48
2012.11.06 17:01:50.096,0.80172,0.80186,5.85,2.48
2012.11.06 17:01:50.879,0.80172,0.80186,6.60,2.48
2012.11.06 17:01:51.427,0.80174,0.80187,2.25,3.29
2012.11.06 17:01:52.467,0.80175,0.80187,1.43,4.79
2012.11.06 17:02:00.677,0.80176,0.80188,3.75,2.48
2012.11.06 17:02:00.796,0.80176,0.80187,3.75,1.73
2012.11.06 17:02:02.616,0.80175,0.80187,1.73,2.48
2012.11.06 17:02:02.796,0.80175,0.80187,1.50,2.48
2012.11.06 17:02:02.977,0.80175,0.80189,5.48,3.23
2012.11.06 17:02:03.516,0.80175,0.80187,1.50,4.73
2012.11.06 17:02:07.017,0.80176,0.80186,1.50,1.73
2012.11.06 17:02:07.817,0.80175,0.80187,1.50,3.23
2012.11.06 17:02:08.237,0.80175,0.80187,2.25,3.23
2012.11.06 17:02:08.548,0.80179,0.80188,1.50,2.48
2012.11.06 17:02:08.732,0.80179,0.80188,2.25,1.50
2012.11.06 17:02:09.385,0.8018,0.80188,3.75,1.50
2012.11.06 17:02:09.782,0.80183,0.80193,1.73,3.23
2012.11.06 17:02:10.087,0.80183,0.80193,1.50,3.23
2012.11.06 17:02:11.159,0.80181,0.80193,3.38,3.98
2012.11.06 17:02:12.698,0.80182,0.80193,4.50,2.48
2012.11.06 17:02:13.273,0.80183,0.80193,1.50,2.48
2012.11.06 17:02:14.337,0.80181,0.80193,3.60,3.98
2012.11.06 17:02:14.532,0.80181,0.80192,1.50,2.48
2012.11.06 17:02:14.838,0.80181,0.80188,1.50,1.73
2012.11.06 17:02:15.168,0.80178,0.80186,1.50,1.73
2012.11.06 17:02:15.297,0.80176,0.80186,1.45,1.73
2012.11.06 17:02:15.836,0.80175,0.80186,2.63,1.73
2012.11.06 17:02:16.146,0.80176,0.80187,3.75,2.48
2012.11.06 17:02:16.688,0.80176,0.80187,3.75,2.48
2012.11.06 17:02:19.929,0.80179,0.80187,3.75,3.23
2012.11.06 17:02:20.177,0.80177,0.80186,2.25,1.73
2012.11.06 17:02:20.237,0.80175,0.80186,6.23,1.73
2012.11.06 17:02:21.456,0.80176,0.80188,1.50,1.73
2012.11.06 17:02:21.977,0.80176,0.80188,2.48,1.73
2012.11.06 17:02:23.605,0.80176,0.80188,2.48,1.73
2012.11.06 17:02:23.667,0.80179,0.80188,3.75,1.50
2012.11.06 17:02:23.967,0.80176,0.80187,1.73,1.50
2012.11.06 17:02:24.027,0.80175,0.80187,7.73,1.73
2012.11.06 17:02:24.266,0.80177,0.80188,4.50,1.73
2012.11.06 17:02:24.571,0.80181,0.80191,1.50,4.73
2012.11.06 17:02:25.244,0.80182,0.80193,1.50,3.08
2012.11.06 17:02:25.436,0.80182,0.80193,1.50,1.73
2012.11.06 17:02:25.796,0.80182,0.80193,1.50,2.48
2012.11.06 17:02:28.298,0.80181,0.80191,3.23,2.25
2012.11.06 17:02:28.778,0.80179,0.80188,1.13,1.50
2012.11.06 17:02:29.359,0.80178,0.80189,5.25,1.73
2012.11.06 17:02:32.928,0.80178,0.80189,1.50,1.73
2012.11.06 17:02:33.347,0.80178,0.80189,6.00,1.73
2012.11.06 17:02:33.526,0.80178,0.80189,2.25,3.23
2012.11.06 17:02:34.081,0.80177,0.80189,4.45,3.23
2012.11.06 17:02:34.207,0.80178,0.80189,4.73,2.48
2012.11.06 17:02:34.386,0.80177,0.80189,6.70,2.48
2012.11.06 17:02:34.719,0.80178,0.80189,1.50,1.73
2012.11.06 17:02:42.637,0.80177,0.8019,1.73,3.23
2012.11.06 17:02:42.757,0.80177,0.8019,1.50,2.25
2012.11.06 17:02:44.243,0.80177,0.80188,3.75,1.73
2012.11.06 17:02:44.313,0.80177,0.80188,3.75,1.73
2012.11.06 17:02:44.377,0.80179,0.80188,1.50,1.73
2012.11.06 17:02:44.595,0.80178,0.80189,1.35,1.73
2012.11.06 17:02:45.727,0.8018,0.80192,1.50,5.48
2012.11.06 17:02:46.029,0.80181,0.80192,6.23,1.73
2012.11.06 17:02:46.448,0.80181,0.80193,6.23,3.23
2012.11.06 17:02:49.663,0.80182,0.80193,3.75,2.48
2012.11.06 17:02:50.087,0.80183,0.80194,2.48,1.73
2012.11.06 17:03:01.659,0.80183,0.80194,1.73,1.73
2012.11.06 17:03:01.798,0.80181,0.80194,2.25,2.48
2012.11.06 17:03:02.346,0.80181,0.80194,2.25,1.73
2012.11.06 17:03:02.477,0.80181,0.80194,2.25,1.73
2012.11.06 17:03:04.277,0.80181,0.80194,2.25,2.48
2012.11.06 17:03:05.957,0.80182,0.80194,1.50,1.73
2012.11.06 17:03:07.896,0.80183,0.80194,1.50,1.73
2012.11.06 17:03:07.957,0.80183,0.80194,1.50,1.73
2012.11.06 17:03:11.107,0.80183,0.80194,1.50,1.73
2012.11.06 17:03:11.966,0.80182,0.80194,5.25,3.23
2012.11.06 17:03:12.512,0.80182,0.80192,2.25,1.73
2012.11.06 17:03:13.076,0.80182,0.80193,2.25,1.73
2012.11.06 17:03:13.376,0.80183,0.80193,3.75,1.73
2012.11.06 17:03:13.738,0.80184,0.80194,2.48,1.50
2012.11.06 17:03:20.476,0.80186,0.80196,2.48,3.75
2012.11.06 17:03:20.596,0.80186,0.80196,2.48,3.75
2012.11.06 17:03:23.667,0.80185,0.80196,3.98,2.25
2012.11.06 17:03:23.728,0.80185,0.80197,3.98,3.00
2012.11.06 17:03:26.100,0.80185,0.80197,7.73,1.50
2012.11.06 17:03:28.779,0.80185,0.80196,2.48,1.50
2012.11.06 17:03:29.331,0.80185,0.80197,3.98,1.50
2012.11.06 17:03:29.978,0.80187,0.80197,3.98,1.50
2012.11.06 17:03:37.666,0.80188,0.80197,1.73,1.50
2012.11.06 17:03:38.238,0.8019,0.80199,1.73,1.35
2012.11.06 17:03:38.369,0.8019,0.802,2.48,1.50
2012.11.06 17:03:39.217,0.8019,0.80198,2.48,1.50
2012.11.06 17:03:39.538,0.80186,0.80196,3.92,1.50
2012.11.06 17:03:39.607,0.80186,0.80196,2.48,1.50
2012.11.06 17:03:40.156,0.80186,0.80196,6.23,1.50
2012.11.06 17:03:40.218,0.80186,0.80196,6.23,1.50
2012.11.06 17:03:41.468,0.80185,0.80196,2.48,1.50
2012.11.06 17:03:41.659,0.80184,0.80196,5.85,1.50
2012.11.06 17:03:42.169,0.80184,0.80196,5.48,1.50
2012.11.06 17:03:43.427,0.80184,0.80196,5.48,3.00
2012.11.06 17:03:44.718,0.80184,0.80196,2.48,3.75
2012.11.06 17:03:44.906,0.80184,0.80196,2.48,3.75
2012.11.06 17:03:45.687,0.80184,0.80196,6.23,1.50
2012.11.06 17:03:46.167,0.80184,0.80196,6.23,1.50
2012.11.06 17:03:46.706,0.80184,0.80196,6.00,1.50
2012.11.06 17:03:47.067,0.80186,0.80197,3.98,1.13
2012.11.06 17:03:49.438,0.80188,0.80198,2.48,1.50
2012.11.06 17:03:49.508,0.80188,0.80198,3.23,1.50
2012.11.06 17:03:49.719,0.8019,0.80201,3.23,1.50
2012.11.06 17:03:50.026,0.80191,0.80203,3.98,2.25
2012.11.06 17:03:50.579,0.8019,0.80201,3.98,1.50
2012.11.06 17:03:51.208,0.80188,0.80201,5.48,3.00
2012.11.06 17:03:53.100,0.80188,0.80198,4.73,1.50
2012.11.06 17:03:53.460,0.80188,0.80198,3.98,1.50
2012.11.06 17:03:54.270,0.80188,0.80198,3.98,1.50
2012.11.06 17:03:54.349,0.80188,0.80198,3.98,1.50
2012.11.06 17:03:55.417,0.80188,0.80198,1.73,1.50
2012.11.06 17:03:55.597,0.80187,0.80198,2.48,2.25
2012.11.06 17:03:55.717,0.80188,0.80198,3.98,1.50
2012.11.06 17:03:55.899,0.80187,0.80198,2.48,1.50
2012.11.06 17:03:56.266,0.80187,0.80198,5.48,1.50
2012.11.06 17:03:56.446,0.80187,0.80198,2.48,1.50
2012.11.06 17:03:56.687,0.80188,0.80199,3.98,1.50
2012.11.06 17:03:59.602,0.80188,0.80199,6.17,1.50
2012.11.06 17:04:00.288,0.80188,0.80199,3.98,1.50
2012.11.06 17:04:00.416,0.80187,0.80199,1.73,2.25
2012.11.06 17:04:00.779,0.80187,0.80198,3.98,1.50
2012.11.06 17:04:01.306,0.80189,0.80198,3.98,1.50
2012.11.06 17:04:01.389,0.80189,0.80198,3.98,1.50
2012.11.06 17:04:01.768,0.80188,0.80198,3.98,1.50
2012.11.06 17:04:01.956,0.80186,0.80198,5.42,1.50
2012.11.06 17:04:02.196,0.80188,0.80197,3.98,1.50
2012.11.06 17:04:03.328,0.80187,0.80197,3.17,1.50
2012.11.06 17:04:03.686,0.80187,0.80198,3.17,1.50
2012.11.06 17:04:03.746,0.80187,0.80198,3.17,2.25
2012.11.06 17:04:04.747,0.80188,0.80197,3.98,1.50
2012.11.06 17:04:04.987,0.80187,0.80198,1.73,1.50
2012.11.06 17:04:11.611,0.80188,0.80198,3.98,1.50
2012.11.06 17:04:11.810,0.80188,0.80199,5.48,1.88
2012.11.06 17:04:11.940,0.80188,0.80199,5.48,2.63
2012.11.06 17:04:12.069,0.80188,0.80199,2.48,1.88
2012.11.06 17:04:12.257,0.80188,0.80199,5.48,1.13
2012.11.06 17:04:12.317,0.80189,0.80199,1.73,1.13
2012.11.06 17:04:15.727,0.80189,0.80199,1.73,1.50
2012.11.06 17:04:16.329,0.80188,0.80199,3.90,1.50
2012.11.06 17:04:17.120,0.80188,0.80199,3.98,1.50
2012.11.06 17:04:20.597,0.80187,0.80199,5.42,2.25
2012.11.06 17:04:21.038,0.80187,0.80199,3.92,2.25
2012.11.06 17:04:21.168,0.80188,0.802,3.23,3.75
2012.11.06 17:04:21.302,0.80188,0.80199,2.48,1.50
2012.11.06 17:04:21.921,0.80187,0.80199,1.73,1.50
2012.11.06 17:04:22.997,0.80188,0.80199,1.73,1.50
2012.11.06 17:04:23.059,0.80187,0.80199,5.42,1.50
2012.11.06 17:04:23.700,0.80187,0.80199,4.67,1.50
2012.11.06 17:04:25.149,0.80187,0.80199,4.67,3.00
2012.11.06 17:04:25.707,0.80187,0.80199,4.67,3.00
2012.11.06 17:04:25.946,0.80187,0.80197,1.73,4.50
2012.11.06 17:04:26.518,0.80187,0.80197,1.73,3.75
2012.11.06 17:04:27.032,0.80187,0.80196,1.73,1.50
2012.11.06 17:04:27.552,0.80187,0.80196,1.73,1.50
2012.11.06 17:04:27.737,0.80187,0.80196,1.73,4.50
2012.11.06 17:04:28.038,0.80187,0.80197,1.73,1.50
2012.11.06 17:04:28.608,0.80187,0.80197,1.50,1.50
2012.11.06 17:04:29.680,0.80187,0.80197,1.73,1.50
2012.11.06 17:04:30.107,0.80188,0.80199,1.73,1.50
2012.11.06 17:04:30.166,0.80188,0.80199,1.73,1.50
2012.11.06 17:04:30.226,0.80188,0.80199,1.73,2.25
2012.11.06 17:04:30.347,0.80188,0.80199,1.73,2.25
2012.11.06 17:04:30.466,0.80188,0.80199,1.73,1.50
2012.11.06 17:04:32.448,0.80187,0.80198,1.73,1.50
2012.11.06 17:04:32.816,0.80187,0.80199,1.73,1.50
2012.11.06 17:04:33.116,0.80186,0.80198,8.42,1.50
2012.11.06 17:04:33.416,0.80187,0.80199,1.73,4.50
2012.11.06 17:04:33.657,0.80187,0.80199,2.48,1.50
2012.11.06 17:04:34.016,0.80187,0.80198,1.73,2.25
2012.11.06 17:04:34.197,0.80187,0.80199,2.48,3.00
2012.11.06 17:04:34.447,0.80187,0.80198,1.73,1.50
2012.11.06 17:04:34.687,0.80187,0.80199,2.48,3.00
2012.11.06 17:04:34.996,0.80186,0.80198,3.92,2.25
2012.11.06 17:04:35.236,0.80186,0.80199,5.42,1.50
2012.11.06 17:04:35.417,0.80187,0.80199,1.73,3.75
2012.11.06 17:04:35.656,0.80187,0.80198,1.73,1.50
2012.11.06 17:04:35.776,0.80188,0.80199,1.73,1.50
2012.11.06 17:04:36.335,0.80188,0.80198,1.73,1.50
2012.11.06 17:04:36.408,0.80188,0.80198,1.73,1.50
2012.11.06 17:04:36.657,0.80187,0.80198,1.73,1.50
2012.11.06 17:04:36.777,0.80188,0.80198,1.73,1.50
2012.11.06 17:04:37.076,0.80188,0.80198,1.73,1.50
2012.11.06 17:04:37.196,0.80188,0.80199,1.73,2.25
2012.11.06 17:04:37.436,0.80188,0.80199,1.73,1.50
2012.11.06 17:04:38.278,0.80188,0.80199,1.73,1.50
2012.11.06 17:04:38.517,0.80187,0.80197,1.73,1.50
2012.11.06 17:04:38.757,0.80188,0.80199,1.73,1.50
2012.11.06 17:04:39.276,0.80188,0.80199,1.73,1.50
2012.11.06 17:04:39.836,0.80188,0.80199,1.73,1.50
2012.11.06 17:04:40.739,0.80187,0.80198,1.73,2.25
2012.11.06 17:04:41.048,0.80188,0.80199,1.73,1.50
2012.11.06 17:04:41.677,0.80188,0.80199,1.73,1.50
2012.11.06 17:04:42.539,0.80188,0.80199,1.73,1.50
2012.11.06 17:04:42.857,0.80187,0.80197,1.73,1.50
2012.11.06 17:04:43.037,0.80187,0.80198,1.73,2.25
2012.11.06 17:04:43.096,0.80187,0.80198,1.73,2.25
2012.11.06 17:04:43.219,0.80187,0.80198,1.73,2.25
2012.11.06 17:04:43.467,0.80188,0.80198,1.73,2.25
2012.11.06 17:04:44.016,0.80187,0.80199,2.48,1.50
2012.11.06 17:04:44.338,0.80187,0.80198,1.73,1.50
2012.11.06 17:04:44.647,0.80187,0.80198,1.73,1.50
2012.11.06 17:04:44.767,0.80187,0.80198,1.73,2.25
2012.11.06 17:04:45.016,0.80187,0.80199,2.48,1.88
2012.11.06 17:04:45.196,0.80187,0.80198,1.73,2.25
2012.11.06 17:04:45.417,0.80187,0.80198,1.73,1.50
2012.11.06 17:04:45.656,0.80188,0.80199,1.73,2.63
2012.11.06 17:04:45.957,0.80188,0.80198,1.73,1.50
2012.11.06 17:04:46.258,0.80187,0.80198,1.73,1.50
2012.11.06 17:04:46.509,0.80187,0.80198,2.48,1.50
2012.11.06 17:04:50.112,0.80187,0.80199,1.73,3.00
2012.11.06 17:04:50.179,0.80187,0.80199,1.73,3.00
2012.11.06 17:04:50.907,0.80187,0.80198,1.73,1.50
2012.11.06 17:04:51.607,0.80187,0.802,2.48,1.88
2012.11.06 17:04:57.177,0.80188,0.802,5.48,2.25
2012.11.06 17:04:57.237,0.80188,0.802,5.48,2.25
2012.11.06 17:05:04.387,0.80188,0.802,5.48,2.25
2012.11.06 17:05:04.517,0.80188,0.802,5.48,3.00
2012.11.06 17:05:04.577,0.80188,0.802,5.48,3.75
2012.11.06 17:05:05.378,0.80187,0.802,1.73,2.25
2012.11.06 17:05:05.447,0.80188,0.802,2.48,1.50
2012.11.06 17:05:05.507,0.80188,0.802,2.48,1.50
2012.11.06 17:05:09.287,0.80189,0.80201,1.73,1.50
2012.11.06 17:05:12.137,0.80188,0.802,2.48,3.75
2012.11.06 17:05:12.328,0.80186,0.80199,7.73,1.50
2012.11.06 17:05:12.397,0.80186,0.80199,2.48,2.25
2012.11.06 17:05:12.697,0.80186,0.80198,5.48,1.50
2012.11.06 17:05:12.756,0.80186,0.80199,5.48,1.50
2012.11.06 17:05:12.998,0.80186,0.80196,1.73,1.50
2012.11.06 17:05:13.237,0.80186,0.80198,5.48,1.13
2012.11.06 17:05:13.417,0.80186,0.80198,1.73,1.88
2012.11.06 17:05:13.597,0.80186,0.80196,1.73,1.50
2012.11.06 17:05:13.956,0.80186,0.80198,1.73,1.88
2012.11.06 17:05:14.017,0.80186,0.80197,1.73,1.50
2012.11.06 17:05:14.928,0.80186,0.80197,1.50,3.75
2012.11.06 17:05:16.887,0.80185,0.80194,1.73,1.50
2012.11.06 17:05:17.307,0.80185,0.80197,1.73,3.75
2012.11.06 17:05:17.848,0.80185,0.80197,1.73,3.75
2012.11.06 17:05:17.907,0.80185,0.80197,1.73,3.75
2012.11.06 17:05:18.438,0.80185,0.80197,1.73,3.75
2012.11.06 17:05:20.468,0.80185,0.80197,1.73,3.75
2012.11.06 17:05:21.982,0.80185,0.80197,1.73,4.50
2012.11.06 17:05:22.121,0.80186,0.80197,2.48,3.00
2012.11.06 17:05:22.197,0.80186,0.80197,2.48,1.50
2012.11.06 17:05:22.541,0.80186,0.80197,5.48,1.50
2012.11.06 17:05:22.771,0.80186,0.80197,1.73,1.50
2012.11.06 17:05:24.926,0.80186,0.80196,1.73,1.50
2012.11.06 17:05:25.166,0.80186,0.80196,1.73,1.50
2012.11.06 17:05:25.468,0.80187,0.80197,1.73,1.50
2012.11.06 17:05:25.538,0.80187,0.80196,1.73,1.50
2012.11.06 17:05:25.776,0.80187,0.80198,1.73,1.50
2012.11.06 17:05:26.827,0.80187,0.80198,1.73,2.31
2012.11.06 17:05:27.197,0.80184,0.80194,2.48,1.50
2012.11.06 17:05:27.738,0.80184,0.80196,2.48,1.50
2012.11.06 17:05:31.456,0.80184,0.80197,1.73,1.50
2012.11.06 17:05:31.516,0.80184,0.80197,1.73,1.50
2012.11.06 17:05:34.609,0.80185,0.80197,1.73,1.50
2012.11.06 17:05:35.139,0.80185,0.80197,2.85,1.50
2012.11.06 17:05:35.698,0.80185,0.80197,2.10,1.50
2012.11.06 17:05:39.216,0.80185,0.80199,2.48,3.44
2012.11.06 17:05:39.758,0.80187,0.80197,1.73,3.94
2012.11.06 17:05:41.957,0.80185,0.80197,2.48,3.68
2012.11.06 17:05:42.518,0.80184,0.80196,2.48,2.85
2012.11.06 17:05:43.917,0.80184,0.80196,2.48,4.56
2012.11.06 17:05:47.158,0.80184,0.80196,2.48,5.54
2012.11.06 17:05:53.669,0.80185,0.80195,1.73,1.73
2012.11.06 17:06:00.567,0.80186,0.80196,1.73,1.50
2012.11.06 17:06:00.926,0.80186,0.80196,1.73,1.50
2012.11.06 17:06:05.547,0.80186,0.80197,1.73,1.96
2012.11.06 17:06:05.728,0.80185,0.80196,1.73,1.21
2012.11.06 17:06:05.970,0.80185,0.80196,1.73,1.50
2012.11.06 17:06:07.886,0.80185,0.80198,1.73,2.39
2012.11.06 17:06:07.963,0.80185,0.80198,1.73,3.14
2012.11.06 17:06:10.076,0.80187,0.80198,1.73,1.36
2012.11.06 17:06:10.733,0.80187,0.80198,1.73,1.36
2012.11.06 17:06:11.278,0.80187,0.80198,1.73,2.11
2012.11.06 17:06:21.527,0.80187,0.80197,1.50,1.50
2012.11.06 17:06:28.791,0.80185,0.80197,1.50,2.48
2012.11.06 17:06:29.545,0.80185,0.80197,1.50,2.84
2012.11.06 17:06:31.948,0.80185,0.80197,1.73,3.23
2012.11.06 17:06:32.427,0.80185,0.80197,1.73,2.25
2012.11.06 17:06:32.977,0.80185,0.80197,1.73,2.25
2012.11.06 17:06:37.877,0.80186,0.80197,1.73,1.50
2012.11.06 17:06:38.417,0.80186,0.80197,1.73,1.50
2012.11.06 17:06:38.596,0.80188,0.80197,1.50,1.50
2012.11.06 17:06:40.040,0.80186,0.80197,1.73,1.50
2012.11.06 17:06:43.062,0.80188,0.80197,1.50,1.13
2012.11.06 17:06:43.926,0.80187,0.80198,1.50,2.48
2012.11.06 17:06:44.819,0.80188,0.80198,1.50,2.48
2012.11.06 17:06:49.149,0.80187,0.80198,1.50,2.48
2012.11.06 17:06:49.797,0.80187,0.80198,1.50,2.48
2012.11.06 17:06:50.326,0.80187,0.80198,1.50,2.48
2012.11.06 17:06:52.697,0.80188,0.80198,1.50,2.48
2012.11.06 17:06:53.204,0.80188,0.80198,1.50,2.48
2012.11.06 17:06:53.717,0.80187,0.80198,1.50,2.48
2012.11.06 17:06:54.198,0.80187,0.80196,1.50,1.50
2012.11.06 17:06:54.566,0.80186,0.80196,1.50,2.48
2012.11.06 17:06:55.057,0.80183,0.80191,1.50,1.50
2012.11.06 17:06:55.607,0.80184,0.80191,1.50,1.50
2012.11.06 17:06:55.787,0.80184,0.80193,1.73,1.50
2012.11.06 17:06:56.331,0.80184,0.80195,1.73,3.00
2012.11.06 17:06:56.856,0.80185,0.80195,1.50,3.00
2012.11.06 17:06:57.037,0.80184,0.80195,1.73,3.98
2012.11.06 17:06:57.539,0.80184,0.80195,1.73,1.88
2012.11.06 17:07:03.467,0.80185,0.80195,1.73,1.50
2012.11.06 17:07:03.947,0.80186,0.80196,1.50,1.50
2012.11.06 17:07:04.637,0.80186,0.80196,1.50,1.73
2012.11.06 17:07:04.757,0.80186,0.80196,1.73,4.50
2012.11.06 17:07:05.269,0.80186,0.80195,1.73,1.73
2012.11.06 17:07:05.805,0.80186,0.80195,1.73,1.73
2012.11.06 17:07:07.167,0.80187,0.80197,1.73,5.48
2012.11.06 17:07:08.946,0.80187,0.80197,1.50,4.73
2012.11.06 17:07:09.585,0.80187,0.80197,1.73,5.48
2012.11.06 17:07:09.826,0.80187,0.80197,1.73,5.65
2012.11.06 17:07:13.627,0.80187,0.80196,1.73,1.50
2012.11.06 17:07:14.170,0.80187,0.80196,1.73,1.50
2012.11.06 17:07:14.367,0.80187,0.80197,1.73,4.73
2012.11.06 17:07:14.548,0.80186,0.80196,1.73,2.25
2012.11.06 17:07:14.669,0.80186,0.80196,1.73,2.48
2012.11.06 17:07:14.930,0.80186,0.80196,1.73,2.25
2012.11.06 17:07:15.733,0.80187,0.80198,1.73,1.13
2012.11.06 17:07:16.289,0.80187,0.80198,1.73,1.13
2012.11.06 17:07:17.168,0.80188,0.80199,1.73,1.04
2012.11.06 17:07:17.469,0.80192,0.80202,1.50,2.10
2012.11.06 17:07:17.538,0.80192,0.80202,1.73,1.13
2012.11.06 17:07:17.598,0.80192,0.80201,1.73,1.13
2012.11.06 17:07:18.136,0.80191,0.80201,1.73,1.13
2012.11.06 17:07:18.438,0.80193,0.80203,1.50,1.96
2012.11.06 17:07:18.678,0.80193,0.80205,1.73,6.52
2012.11.06 17:07:18.737,0.80193,0.80205,1.73,6.52
2012.11.06 17:07:18.990,0.80193,0.80205,1.73,4.79
2012.11.06 17:07:19.299,0.80193,0.80205,1.73,4.79
2012.11.06 17:07:19.428,0.80193,0.80204,1.73,3.98
2012.11.06 17:07:19.488,0.80193,0.80204,1.73,4.50
2012.11.06 17:07:19.667,0.80193,0.80203,1.73,1.50
2012.11.06 17:07:20.157,0.80191,0.80202,1.73,4.50
2012.11.06 17:07:22.248,0.80191,0.80202,1.73,5.63
2012.11.06 17:07:22.499,0.80189,0.80201,1.73,3.00
2012.11.06 17:07:24.676,0.80189,0.80197,1.73,3.75
2012.11.06 17:07:26.207,0.80189,0.80197,1.73,3.75
2012.11.06 17:07:28.726,0.80189,0.80196,1.73,3.75
2012.11.06 17:07:32.127,0.80189,0.80195,1.73,3.75
2012.11.06 17:07:32.250,0.80186,0.80195,1.73,3.75
2012.11.06 17:07:45.248,0.80186,0.80195,2.48,3.75
2012.11.06 17:07:45.918,0.80186,0.80195,2.48,3.75
2012.11.06 17:07:50.316,0.80186,0.80195,2.48,3.75
2012.11.06 17:07:50.857,0.80186,0.80195,3.23,3.75
2012.11.06 17:07:54.793,0.80186,0.80195,2.48,3.75
2012.11.06 17:07:54.917,0.80187,0.80198,1.73,5.48
2012.11.06 17:07:54.977,0.80187,0.80198,1.73,3.98
2012.11.06 17:07:55.037,0.80187,0.80198,1.73,3.98
2012.11.06 17:07:55.099,0.80188,0.80198,2.48,3.75
2012.11.06 17:07:55.408,0.80186,0.80195,3.60,3.75
2012.11.06 17:07:55.771,0.80185,0.80195,1.73,3.75
2012.11.06 17:07:56.777,0.80185,0.80196,1.73,1.50
2012.11.06 17:07:57.319,0.80183,0.80196,2.48,1.73
2012.11.06 17:07:58.418,0.80183,0.80194,1.73,3.75
2012.11.06 17:08:00.128,0.80185,0.80194,2.48,3.75
2012.11.06 17:08:02.327,0.80184,0.80193,2.48,3.75
2012.11.06 17:08:02.896,0.80184,0.80194,2.48,3.75
2012.11.06 17:08:15.216,0.80185,0.80193,1.73,3.75
2012.11.06 17:08:15.337,0.80185,0.80193,1.73,3.75
2012.11.06 17:08:15.906,0.80186,0.80193,1.50,3.75
2012.11.06 17:08:24.157,0.80186,0.80191,1.50,3.75
2012.11.06 17:08:24.277,0.80183,0.80192,1.73,4.50
2012.11.06 17:08:24.457,0.80184,0.80194,1.73,1.21
2012.11.06 17:08:24.581,0.80184,0.80195,1.73,3.23
2012.11.06 17:08:24.836,0.80184,0.80194,1.73,1.21
2012.11.06 17:08:25.017,0.80184,0.80195,1.73,3.29
2012.11.06 17:08:25.786,0.80184,0.80195,1.73,2.31
2012.11.06 17:08:28.274,0.80184,0.80195,1.73,1.50
2012.11.06 17:08:28.397,0.80184,0.80196,1.73,2.77
2012.11.06 17:08:28.457,0.80186,0.80194,1.73,3.75
2012.11.06 17:08:28.757,0.80186,0.80197,1.73,3.52
2012.11.06 17:08:36.217,0.80186,0.80198,1.73,9.46
2012.11.06 17:08:36.734,0.80188,0.80198,1.50,7.73
2012.11.06 17:08:44.727,0.80188,0.80197,1.50,1.73
2012.11.06 17:08:45.178,0.80186,0.80194,1.73,3.75
2012.11.06 17:08:46.197,0.80186,0.80195,1.73,1.50
2012.11.06 17:08:52.365,0.80185,0.80196,1.73,1.50
2012.11.06 17:08:52.766,0.80185,0.80195,1.50,1.50
2012.11.06 17:08:57.298,0.80185,0.80194,1.50,3.75
2012.11.06 17:08:57.609,0.80183,0.8019,3.00,1.50
2012.11.06 17:08:58.223,0.80183,0.80194,3.23,1.50
2012.11.06 17:09:02.188,0.80183,0.80195,1.73,5.25
2012.11.06 17:09:02.551,0.80183,0.80193,1.73,3.75
2012.11.06 17:09:02.901,0.80181,0.8019,3.00,1.50
2012.11.06 17:09:03.060,0.8018,0.8019,2.40,1.50
2012.11.06 17:09:03.271,0.80181,0.80191,2.40,3.75
2012.11.06 17:09:03.337,0.80181,0.80192,2.40,1.50
2012.11.06 17:09:03.458,0.80182,0.80192,1.65,1.50
2012.11.06 17:09:04.029,0.80183,0.80194,1.73,1.50
2012.11.06 17:09:07.459,0.80183,0.80195,2.48,5.25
2012.11.06 17:09:08.488,0.80186,0.80196,2.48,3.75
2012.11.06 17:09:09.707,0.80186,0.80195,1.73,1.50
2012.11.06 17:09:10.408,0.80183,0.80195,1.73,1.50
2012.11.06 17:09:12.510,0.80183,0.80195,1.73,1.50
2012.11.06 17:09:14.037,0.80183,0.80195,1.73,1.50
2012.11.06 17:09:17.007,0.80183,0.80193,1.73,1.50
2012.11.06 17:09:17.191,0.80183,0.80193,1.73,1.50
2012.11.06 17:09:17.948,0.80183,0.80193,1.73,1.50
2012.11.06 17:09:18.495,0.80183,0.80193,1.73,1.50
2012.11.06 17:09:19.404,0.80183,0.80194,1.73,1.50
2012.11.06 17:09:22.231,0.80183,0.80193,1.50,4.73
2012.11.06 17:09:37.508,0.80183,0.80192,1.50,1.73
2012.11.06 17:09:38.048,0.80182,0.8019,1.50,1.73
2012.11.06 17:09:38.948,0.80182,0.80188,1.50,1.50
2012.11.06 17:09:39.271,0.80179,0.80188,2.25,1.50
2012.11.06 17:09:39.787,0.80179,0.80188,2.25,1.50
2012.11.06 17:09:40.418,0.80179,0.80188,2.25,4.50
2012.11.06 17:09:40.538,0.80179,0.80185,2.25,3.75
2012.11.06 17:09:40.978,0.80178,0.80183,1.50,3.75
2012.11.06 17:09:41.049,0.80177,0.80183,2.25,3.75
2012.11.06 17:09:41.188,0.80176,0.80186,2.25,1.73
2012.11.06 17:09:41.317,0.80176,0.80187,2.48,5.54
2012.11.06 17:09:42.127,0.80178,0.80187,1.50,4.73
2012.11.06 17:09:42.367,0.80178,0.80185,1.50,3.75
2012.11.06 17:09:42.898,0.80177,0.80185,1.50,3.98
2012.11.06 17:09:44.027,0.80177,0.80184,1.50,3.90
2012.11.06 17:09:46.688,0.80177,0.80185,1.50,3.98
2012.11.06 17:09:48.033,0.80174,0.80185,2.25,3.98
2012.11.06 17:09:48.107,0.80174,0.80183,2.25,4.73
2012.11.06 17:09:49.580,0.80174,0.80183,2.25,1.73
2012.11.06 17:09:49.898,0.80176,0.80184,1.50,3.75
2012.11.06 17:09:52.947,0.80174,0.80184,1.73,3.75
2012.11.06 17:10:01.299,0.80176,0.80184,1.88,3.75
2012.11.06 17:10:01.551,0.80178,0.80187,2.42,3.75
2012.11.06 17:10:02.101,0.80179,0.8019,2.48,3.98
2012.11.06 17:10:02.227,0.80179,0.80191,2.48,3.75
2012.11.06 17:10:02.587,0.8018,0.80189,1.73,3.75
2012.11.06 17:10:04.580,0.8018,0.80191,1.73,3.98
2012.11.06 17:10:04.827,0.8018,0.80191,3.23,3.75
2012.11.06 17:10:06.647,0.8018,0.80192,4.67,4.73
2012.11.06 17:10:07.848,0.80181,0.80193,1.73,1.73
2012.11.06 17:10:08.393,0.80181,0.80192,2.48,4.73
2012.11.06 17:10:09.626,0.80182,0.80191,1.73,3.75
2012.11.06 17:10:10.177,0.80181,0.80192,2.48,3.75
2012.11.06 17:10:15.852,0.80181,0.80191,2.48,1.50
2012.11.06 17:10:16.158,0.80179,0.80189,3.75,3.98
2012.11.06 17:10:16.659,0.80181,0.80189,1.50,3.98
2012.11.06 17:10:16.968,0.80181,0.8019,1.50,1.73
2012.11.06 17:10:17.479,0.8018,0.80191,3.17,1.50
2012.11.06 17:10:21.667,0.80183,0.80194,2.25,4.73
2012.11.06 17:10:21.727,0.80185,0.80194,1.50,3.23
2012.11.06 17:10:21.910,0.80184,0.80192,1.50,1.50
2012.11.06 17:10:22.564,0.80182,0.80192,3.00,1.73
2012.11.06 17:10:23.723,0.80182,0.80192,2.25,1.73
2012.11.06 17:10:24.437,0.80182,0.80189,2.25,3.75
2012.11.06 17:10:25.097,0.8018,0.80191,2.25,1.73
2012.11.06 17:10:25.217,0.8018,0.80192,3.00,4.96
2012.11.06 17:10:25.742,0.8018,0.80192,4.50,3.98
2012.11.06 17:10:34.478,0.80183,0.80193,1.50,1.73
2012.11.06 17:10:35.029,0.80182,0.80192,3.00,3.98
2012.11.06 17:10:41.662,0.80178,0.80187,3.70,1.73
2012.11.06 17:10:41.733,0.80178,0.80187,2.20,1.73
2012.11.06 17:10:42.238,0.80177,0.80187,3.00,1.73
2012.11.06 17:10:42.691,0.80176,0.80187,4.45,1.73
2012.11.06 17:10:45.287,0.80176,0.80187,2.25,3.98
2012.11.06 17:10:45.708,0.80177,0.80189,2.20,4.73
2012.11.06 17:10:46.326,0.80176,0.80188,2.25,1.73
2012.11.06 17:10:47.056,0.80176,0.80186,2.25,1.73
2012.11.06 17:10:47.570,0.80176,0.80186,1.50,1.73
2012.11.06 17:10:50.340,0.80176,0.80187,4.88,1.73
2012.11.06 17:10:50.408,0.80177,0.80188,1.13,3.98
2012.11.06 17:10:50.927,0.80179,0.80188,1.73,3.75
2012.11.06 17:10:51.227,0.8018,0.80191,1.73,1.73
2012.11.06 17:10:51.886,0.80181,0.80193,2.25,2.48
2012.11.06 17:10:52.007,0.80181,0.80193,3.23,2.48
2012.11.06 17:10:54.576,0.80181,0.80193,3.23,2.48
2012.11.06 17:10:59.590,0.80181,0.80191,3.98,3.75
2012.11.06 17:10:59.729,0.80181,0.80191,3.00,3.98
2012.11.06 17:11:05.347,0.8018,0.80191,2.48,3.98
2012.11.06 17:11:05.669,0.8018,0.80189,2.25,3.98
2012.11.06 17:11:06.218,0.80178,0.80188,1.50,1.73
2012.11.06 17:11:06.396,0.80177,0.80188,3.70,1.73
2012.11.06 17:11:11.098,0.80177,0.80187,1.50,3.98
2012.11.06 17:11:11.606,0.80177,0.80187,1.50,3.98
2012.11.06 17:11:21.647,0.80177,0.80188,1.50,4.73
2012.11.06 17:11:23.829,0.80177,0.80186,1.50,3.98
2012.11.06 17:11:24.403,0.80177,0.80186,1.50,3.98
2012.11.06 17:11:35.318,0.80177,0.80185,1.50,3.98
2012.11.06 17:11:36.309,0.80177,0.80183,1.50,3.98
2012.11.06 17:11:36.380,0.80175,0.80183,1.50,3.98
2012.11.06 17:11:36.631,0.80173,0.80183,2.25,3.98
2012.11.06 17:11:37.179,0.80173,0.80183,2.25,1.73
2012.11.06 17:11:37.368,0.80175,0.80184,1.50,1.73
2012.11.06 17:11:37.960,0.80175,0.80187,1.50,4.73
2012.11.06 17:11:39.237,0.80176,0.80188,1.50,4.04
2012.11.06 17:11:41.408,0.80174,0.80187,3.00,1.96
2012.11.06 17:11:42.508,0.80176,0.80188,1.50,3.23
2012.11.06 17:11:43.583,0.80176,0.80187,1.50,1.73
2012.11.06 17:11:43.707,0.80176,0.80187,1.50,1.73
2012.11.06 17:11:43.828,0.80174,0.80187,2.25,1.73
2012.11.06 17:11:50.097,0.80176,0.80187,1.50,1.73
2012.11.06 17:11:53.817,0.80174,0.80187,2.25,1.96
2012.11.06 17:11:56.178,0.80175,0.80187,1.50,1.73
2012.11.06 17:11:57.657,0.80175,0.80187,1.50,3.98
2012.11.06 17:11:58.019,0.80174,0.80187,3.00,3.29
2012.11.06 17:12:00.439,0.80175,0.80184,1.50,1.73
2012.11.06 17:12:00.987,0.80175,0.80187,1.50,2.48
2012.11.06 17:12:03.449,0.80176,0.80185,1.50,1.73
2012.11.06 17:12:04.131,0.80175,0.80185,1.50,2.48
2012.11.06 17:12:08.237,0.80175,0.80185,1.50,1.73
2012.11.06 17:12:08.779,0.80176,0.80185,1.50,1.73
2012.11.06 17:12:08.908,0.80174,0.80185,2.25,1.73
2012.11.06 17:12:09.877,0.80174,0.80185,2.25,1.73
2012.11.06 17:12:12.727,0.80174,0.80182,2.25,1.73
2012.11.06 17:12:13.648,0.80172,0.80182,2.25,1.73
2012.11.06 17:12:18.081,0.80172,0.80181,2.25,4.73
2012.11.06 17:12:18.330,0.8017,0.80181,3.00,1.73
2012.11.06 17:12:18.531,0.80172,0.80184,1.73,3.14
2012.11.06 17:12:18.780,0.80172,0.80184,1.73,1.96
2012.11.06 17:12:18.967,0.80174,0.80184,1.50,1.73
2012.11.06 17:12:20.738,0.80173,0.80185,1.50,1.73
2012.11.06 17:12:22.188,0.80172,0.80183,2.25,1.73
2012.11.06 17:12:22.427,0.80172,0.80184,2.48,6.23
2012.11.06 17:12:29.748,0.80173,0.80185,5.25,3.23
2012.11.06 17:12:30.070,0.80176,0.80187,1.50,4.73
2012.11.06 17:12:30.639,0.80176,0.80187,1.50,4.73
2012.11.06 17:12:34.752,0.80176,0.80188,3.00,2.48
2012.11.06 17:12:34.880,0.80176,0.80188,3.98,2.48
2012.11.06 17:12:35.370,0.80178,0.80189,2.48,1.73
2012.11.06 17:12:35.917,0.80177,0.80186,4.35,3.75
2012.11.06 17:12:36.348,0.80177,0.80188,2.48,1.50
2012.11.06 17:12:36.467,0.80177,0.80188,2.25,1.73
2012.11.06 17:12:37.271,0.80177,0.80188,1.50,1.73
2012.11.06 17:12:44.848,0.80174,0.80185,1.73,1.73
2012.11.06 17:12:45.087,0.80173,0.80185,3.00,3.23
2012.11.06 17:12:45.639,0.80173,0.80184,1.50,4.73
2012.11.06 17:12:45.947,0.80172,0.80184,1.50,5.48
2012.11.06 17:12:46.509,0.80171,0.80184,2.25,5.48
2012.11.06 17:12:46.952,0.80173,0.80184,1.50,5.48
2012.11.06 17:12:47.457,0.80172,0.80184,1.50,6.23
2012.11.06 17:12:49.328,0.80173,0.80184,1.50,4.73
2012.11.06 17:12:50.040,0.80172,0.80184,2.25,3.98
2012.11.06 17:12:50.108,0.80172,0.80184,2.25,3.98
2012.11.06 17:12:50.647,0.80171,0.80184,3.00,5.48
2012.11.06 17:12:55.778,0.80171,0.80184,3.00,5.48
2012.11.06 17:12:55.999,0.80171,0.80184,3.00,5.48
2012.11.06 17:12:57.617,0.80172,0.80185,3.75,3.98
2012.11.06 17:12:57.798,0.80173,0.80185,2.25,3.98
2012.11.06 17:12:59.678,0.80172,0.80185,4.73,3.98
2012.11.06 17:13:08.236,0.80172,0.80185,3.23,1.73
2012.11.06 17:13:08.443,0.80172,0.80184,2.25,2.48
2012.11.06 17:13:08.758,0.80173,0.80185,5.48,2.48
2012.11.06 17:13:18.875,0.80172,0.80183,3.23,1.73
2012.11.06 17:13:19.414,0.80172,0.80183,2.25,1.73
2012.11.06 17:13:21.438,0.80173,0.80184,1.50,4.65
2012.11.06 17:13:22.387,0.80173,0.80183,1.50,1.73
2012.11.06 17:13:26.508,0.80175,0.80185,1.50,1.96
2012.11.06 17:13:26.688,0.80175,0.80186,1.50,3.89
2012.11.06 17:13:26.867,0.80175,0.80186,1.50,3.89
2012.11.06 17:13:27.529,0.80175,0.80186,1.50,3.89
2012.11.06 17:13:28.140,0.80175,0.80186,1.50,3.14
2012.11.06 17:13:29.668,0.80175,0.80184,1.50,1.73
2012.11.06 17:14:08.698,0.80176,0.80186,1.50,2.48
2012.11.06 17:14:09.716,0.80174,0.80186,1.50,1.79
2012.11.06 17:14:14.869,0.80174,0.80184,1.50,3.29
2012.11.06 17:14:15.000,0.80172,0.80183,2.48,1.50
2012.11.06 17:14:15.557,0.80172,0.80183,2.25,2.54
2012.11.06 17:14:24.340,0.80171,0.80182,5.25,1.73
2012.11.06 17:14:25.329,0.80172,0.80183,1.50,3.23
2012.11.06 17:14:25.871,0.80171,0.80181,5.25,1.73
2012.11.06 17:14:31.089,0.80173,0.80184,3.75,1.73
2012.11.06 17:14:31.399,0.80173,0.80185,3.98,4.04
2012.11.06 17:14:31.918,0.80173,0.80183,3.98,1.73
2012.11.06 17:14:32.160,0.80173,0.80183,3.75,1.73
2012.11.06 17:14:32.467,0.80172,0.80182,1.50,1.73
2012.11.06 17:14:33.018,0.80171,0.80183,2.25,3.29
2012.11.06 17:14:34.097,0.80172,0.80183,3.75,1.79
2012.11.06 17:14:34.696,0.80171,0.80183,4.73,2.54
2012.11.06 17:14:35.254,0.80171,0.80183,3.00,2.54
2012.11.06 17:14:35.838,0.80172,0.80183,3.75,2.54
2012.11.06 17:14:36.056,0.80172,0.80183,5.48,1.73
2012.11.06 17:14:36.648,0.80172,0.80183,3.98,2.48
2012.11.06 17:14:37.940,0.80172,0.80184,3.98,2.77
2012.11.06 17:14:38.319,0.80172,0.80183,3.75,1.73
2012.11.06 17:14:39.029,0.80172,0.80184,6.75,1.79
2012.11.06 17:14:41.967,0.80174,0.80185,1.50,1.73
2012.11.06 17:14:42.527,0.80174,0.80185,1.50,1.73
2012.11.06 17:14:51.859,0.80173,0.80185,2.25,3.23
2012.11.06 17:14:55.252,0.80175,0.80186,1.50,7.79
2012.11.06 17:14:55.319,0.80175,0.80186,1.50,7.79
2012.11.06 17:14:55.868,0.80175,0.80185,1.50,1.73
2012.11.06 17:15:12.843,0.80175,0.80184,1.50,1.73
2012.11.06 17:15:17.779,0.80175,0.80184,1.50,1.73
2012.11.06 17:15:21.596,0.80172,0.80183,2.25,1.35
2012.11.06 17:15:21.661,0.80171,0.80182,1.73,1.50
2012.11.06 17:15:21.801,0.80172,0.80182,1.50,1.73
2012.11.06 17:15:21.989,0.80172,0.80183,1.73,4.13
2012.11.06 17:15:22.499,0.80171,0.80182,1.50,1.73
2012.11.06 17:15:22.748,0.80171,0.80182,5.48,1.50
2012.11.06 17:15:23.109,0.80172,0.80183,3.23,1.35
2012.11.06 17:15:23.238,0.80172,0.80183,3.00,2.10
2012.11.06 17:15:24.058,0.80172,0.80184,3.23,2.91
2012.11.06 17:15:24.239,0.80172,0.80182,2.25,1.73
2012.11.06 17:15:24.748,0.80172,0.80184,2.48,5.01
2012.11.06 17:15:25.318,0.80172,0.80183,2.25,1.35
2012.11.06 17:15:25.748,0.80173,0.80184,1.50,2.91
2012.11.06 17:15:26.227,0.80173,0.80183,1.50,2.10
2012.11.06 17:15:26.588,0.80171,0.80183,2.25,2.85
2012.11.06 17:15:26.708,0.80173,0.80183,1.50,2.10
2012.11.06 17:15:26.889,0.80173,0.80183,1.73,2.10
2012.11.06 17:15:27.307,0.80173,0.80183,1.50,2.85
2012.11.06 17:15:27.778,0.80173,0.80183,1.50,2.63
2012.11.06 17:15:28.317,0.80173,0.80182,1.50,1.73
2012.11.06 17:15:28.567,0.80171,0.80182,2.25,1.73
2012.11.06 17:15:28.747,0.80171,0.80182,2.48,1.50
2012.11.06 17:15:29.228,0.80171,0.80183,2.25,1.35
2012.11.06 17:15:29.717,0.80171,0.80183,4.73,1.13
2012.11.06 17:15:30.198,0.80172,0.80183,1.50,1.35
2012.11.06 17:15:30.757,0.80172,0.80183,1.73,2.10
2012.11.06 17:15:30.939,0.80172,0.80183,1.50,2.10
2012.11.06 17:15:31.457,0.80171,0.80183,2.25,2.10
2012.11.06 17:15:31.877,0.80172,0.80184,1.73,3.66
2012.11.06 17:15:32.177,0.80171,0.80184,5.25,5.16
2012.11.06 17:15:32.718,0.80172,0.80183,1.73,1.35
2012.11.06 17:15:33.376,0.80171,0.80184,5.25,3.29
2012.11.06 17:15:33.868,0.80172,0.80184,2.48,3.29
2012.11.06 17:15:34.167,0.80171,0.80184,2.25,5.39
2012.11.06 17:15:34.887,0.80171,0.80183,1.50,1.35
2012.11.06 17:15:35.248,0.80171,0.8018,1.50,1.73
2012.11.06 17:15:35.607,0.80168,0.80179,3.23,1.73
2012.11.06 17:15:44.450,0.80167,0.80178,5.48,1.73
2012.11.06 17:15:44.978,0.80167,0.80179,5.48,1.73
2012.11.06 17:15:45.948,0.80167,0.80178,5.48,1.73
2012.11.06 17:15:46.133,0.80168,0.80179,1.73,1.73
2012.11.06 17:15:46.857,0.80168,0.80179,3.23,1.73
2012.11.06 17:15:49.631,0.80169,0.80178,1.50,1.73
2012.11.06 17:15:49.820,0.80169,0.80181,2.25,3.66
2012.11.06 17:15:50.361,0.80169,0.80181,2.25,3.60
2012.11.06 17:15:51.399,0.80168,0.80181,1.50,3.60
2012.11.06 17:15:55.948,0.80168,0.80181,3.00,2.91
2012.11.06 17:15:56.458,0.80168,0.80181,3.75,2.16
2012.11.06 17:16:03.428,0.80168,0.8018,2.25,2.48
2012.11.06 17:16:04.252,0.80167,0.8018,2.48,2.48
2012.11.06 17:16:08.280,0.80167,0.80181,3.98,5.10
2012.11.06 17:16:08.349,0.80168,0.80181,2.25,3.60
2012.11.06 17:16:08.425,0.80168,0.8018,1.50,3.23
2012.11.06 17:16:08.491,0.80168,0.8018,1.50,3.98
2012.11.06 17:16:09.047,0.80168,0.8018,1.73,3.23
2012.11.06 17:16:19.008,0.80168,0.80179,1.50,1.04
2012.11.06 17:16:22.148,0.80169,0.80179,1.50,1.04
2012.11.06 17:16:22.509,0.80169,0.80181,2.25,3.98
2012.11.06 17:16:22.698,0.80169,0.8018,1.50,4.73
2012.11.06 17:16:23.220,0.80167,0.8018,3.23,5.48
2012.11.06 17:16:36.828,0.80168,0.8018,3.23,3.29
2012.11.06 17:16:36.948,0.80169,0.8018,4.73,1.79
2012.11.06 17:16:37.190,0.80168,0.80179,1.73,2.25
2012.11.06 17:16:37.258,0.80168,0.80179,1.73,2.48
2012.11.06 17:16:42.919,0.8017,0.80181,1.50,4.04
2012.11.06 17:16:43.438,0.8017,0.80181,3.75,3.23
2012.11.06 17:16:43.620,0.8017,0.80181,3.75,1.73
2012.11.06 17:16:43.748,0.8017,0.80181,3.75,3.23
2012.11.06 17:16:44.268,0.8017,0.80181,3.75,1.73
2012.11.06 17:16:44.808,0.80172,0.80183,1.50,3.29
2012.11.06 17:16:44.929,0.80173,0.80183,1.50,1.56
2012.11.06 17:16:45.501,0.80172,0.80184,3.92,1.73
2012.11.06 17:16:45.988,0.80172,0.80185,3.17,9.23
2012.11.06 17:16:46.510,0.80173,0.80184,1.50,1.73
2012.11.06 17:16:46.581,0.80173,0.80185,1.73,3.23
2012.11.06 17:16:47.083,0.80173,0.80185,1.73,3.23
2012.11.06 17:16:47.410,0.80169,0.80181,3.92,1.50
2012.11.06 17:16:47.479,0.80169,0.80181,3.70,3.23
2012.11.06 17:16:47.909,0.80174,0.80183,3.75,2.91
2012.11.06 17:16:48.037,0.80174,0.80184,3.75,2.10
2012.11.06 17:16:48.157,0.80173,0.80183,1.50,1.50
2012.11.06 17:16:48.278,0.8017,0.80182,1.50,3.23
2012.11.06 17:16:50.791,0.8017,0.80182,3.00,3.23
2012.11.06 17:16:51.133,0.80175,0.80184,3.75,2.48
2012.11.06 17:16:51.628,0.80175,0.80187,3.75,3.98
2012.11.06 17:16:52.378,0.80177,0.80187,3.75,3.98
2012.11.06 17:16:52.437,0.80177,0.80187,3.75,3.23
2012.11.06 17:16:54.042,0.80177,0.80189,3.98,2.85
2012.11.06 17:16:54.648,0.80177,0.80189,3.98,2.85
2012.11.06 17:16:57.369,0.80178,0.80189,1.50,2.10
2012.11.06 17:16:57.613,0.8018,0.80191,2.25,2.91
2012.11.06 17:16:57.921,0.80181,0.80193,2.25,4.73
2012.11.06 17:16:58.888,0.8018,0.80192,2.25,2.48
2012.11.06 17:17:00.321,0.8018,0.80192,1.50,2.48
2012.11.06 17:17:02.178,0.8018,0.80189,1.50,1.73
2012.11.06 17:17:02.479,0.80177,0.80189,2.25,2.48
2012.11.06 17:17:03.020,0.80176,0.80189,6.00,2.85
2012.11.06 17:17:04.218,0.80178,0.80189,3.75,2.10
2012.11.06 17:17:04.460,0.80178,0.80189,5.25,2.10
2012.11.06 17:17:04.965,0.80178,0.80189,5.25,2.10
2012.11.06 17:17:05.830,0.80178,0.80188,5.25,2.48
2012.11.06 17:17:06.138,0.80175,0.80188,5.25,3.23
2012.11.06 17:17:06.640,0.80174,0.80184,7.73,1.35
2012.11.06 17:17:07.158,0.80176,0.80186,1.50,1.35
2012.11.06 17:17:07.697,0.80176,0.80187,1.73,2.10
2012.11.06 17:17:15.937,0.80174,0.80188,6.98,3.98
2012.11.06 17:17:16.057,0.80174,0.80188,6.00,4.35
2012.11.06 17:17:16.597,0.80174,0.80186,2.25,3.29
2012.11.06 17:17:17.137,0.80172,0.80184,2.25,3.23
2012.11.06 17:17:18.796,0.80172,0.80184,2.25,4.04
2012.11.06 17:17:19.898,0.80172,0.80184,2.25,3.23
2012.11.06 17:17:20.960,0.80172,0.80181,1.50,1.50
2012.11.06 17:17:21.149,0.80171,0.80177,1.50,1.50
2012.11.06 17:17:21.208,0.80169,0.80177,3.75,1.50
2012.11.06 17:17:21.390,0.80167,0.80177,1.73,1.50
2012.11.06 17:17:21.948,0.80167,0.80178,1.73,4.04
2012.11.06 17:17:22.015,0.80167,0.80178,1.50,4.04
2012.11.06 17:17:24.617,0.80167,0.80178,1.50,3.60
2012.11.06 17:17:25.133,0.80168,0.80177,3.75,1.73
2012.11.06 17:17:25.199,0.80168,0.80177,3.75,1.73
2012.11.06 17:17:25.748,0.80169,0.80181,1.50,5.10
2012.11.06 17:17:26.268,0.80169,0.80181,1.50,4.73
2012.11.06 17:17:27.428,0.80171,0.80181,1.50,3.23
2012.11.06 17:17:28.048,0.80169,0.8018,2.25,1.73
2012.11.06 17:17:29.808,0.8017,0.8018,1.50,1.50
2012.11.06 17:17:30.359,0.80169,0.8018,2.48,1.50
2012.11.06 17:17:32.108,0.80171,0.80181,1.50,3.23
2012.11.06 17:17:33.219,0.8017,0.80181,1.50,3.23
2012.11.06 17:17:33.851,0.80169,0.80181,3.23,3.23
2012.11.06 17:17:35.293,0.80171,0.80181,1.50,3.23
2012.11.06 17:17:36.414,0.8017,0.80181,1.50,4.04
2012.11.06 17:17:39.169,0.8017,0.80179,1.50,1.56
2012.11.06 17:17:39.719,0.80168,0.80178,3.75,2.25
2012.11.06 17:17:40.260,0.80168,0.80179,4.50,1.73
2012.11.06 17:17:44.738,0.8017,0.8018,1.50,2.31
2012.11.06 17:17:47.345,0.80168,0.8018,4.73,3.06
2012.11.06 17:17:48.779,0.80168,0.8018,6.23,1.56
2012.11.06 17:17:50.941,0.80168,0.8018,6.23,1.56
2012.11.06 17:17:51.250,0.8017,0.80182,4.73,3.06
2012.11.06 17:17:51.309,0.80171,0.80182,2.48,1.56
2012.11.06 17:17:51.489,0.80171,0.80183,6.23,3.06
2012.11.06 17:17:51.909,0.80171,0.80183,3.23,2.31
2012.11.06 17:17:52.659,0.80172,0.80183,3.98,2.31
2012.11.06 17:17:52.903,0.80171,0.80183,3.23,2.31
2012.11.06 17:17:53.450,0.80171,0.80183,6.23,2.31
2012.11.06 17:17:53.569,0.80171,0.80183,6.23,1.50
2012.11.06 17:17:54.111,0.80171,0.80183,2.48,2.25
2012.11.06 17:17:54.449,0.80171,0.80183,5.48,1.50
2012.11.06 17:17:54.989,0.80171,0.80183,2.48,2.25
2012.11.06 17:17:55.398,0.80172,0.80183,3.98,2.25
2012.11.06 17:17:56.058,0.80171,0.80183,2.48,2.25
2012.11.06 17:17:56.600,0.80171,0.80183,6.23,1.50
2012.11.06 17:17:57.147,0.80171,0.80183,3.23,1.56
2012.11.06 17:17:57.508,0.80172,0.80184,2.48,2.31
2012.11.06 17:17:57.748,0.80171,0.80184,6.23,1.50
2012.11.06 17:17:57.930,0.80173,0.80184,1.73,2.25
2012.11.06 17:17:58.122,0.80171,0.80183,2.48,3.06
2012.11.06 17:17:58.971,0.80172,0.80182,2.48,1.56
2012.11.06 17:17:59.901,0.80172,0.80183,2.48,2.25
2012.11.06 17:18:00.480,0.80172,0.80183,2.48,2.25
2012.11.06 17:18:01.018,0.80172,0.80183,2.48,1.50
2012.11.06 17:18:01.930,0.80171,0.80183,5.48,2.31
2012.11.06 17:18:02.489,0.80171,0.80183,2.48,1.50
2012.11.06 17:18:02.999,0.80171,0.80183,2.48,1.56
2012.11.06 17:18:03.458,0.80171,0.80182,2.48,1.50
2012.11.06 17:18:04.177,0.80172,0.80184,2.48,8.31
2012.11.06 17:18:04.719,0.80171,0.80184,2.48,6.75
2012.11.06 17:18:05.449,0.80171,0.80184,5.48,3.00
2012.11.06 17:18:05.998,0.80173,0.80183,1.73,1.56
2012.11.06 17:18:06.418,0.80173,0.80183,1.73,1.56
2012.11.06 17:18:07.009,0.80171,0.80183,1.73,1.50
2012.11.06 17:18:07.549,0.80172,0.80182,1.73,1.50
2012.11.06 17:18:07.729,0.80172,0.80182,1.73,1.50
2012.11.06 17:18:07.979,0.80171,0.80183,1.73,1.50
2012.11.06 17:18:08.218,0.80171,0.80184,1.73,2.63
2012.11.06 17:18:08.398,0.80171,0.80183,1.73,1.56
2012.11.06 17:18:08.758,0.80171,0.80184,1.73,2.63
2012.11.06 17:18:08.964,0.80171,0.80183,2.48,1.50
2012.11.06 17:18:09.148,0.80171,0.80184,2.48,4.88
2012.11.06 17:18:09.668,0.80171,0.80182,2.48,1.50
2012.11.06 17:18:10.870,0.80172,0.80182,1.73,1.50
2012.11.06 17:18:11.181,0.80173,0.80182,1.73,1.50
2012.11.06 17:18:11.739,0.80172,0.80182,2.48,1.50
2012.11.06 17:18:12.279,0.80173,0.80185,1.73,3.61
2012.11.06 17:18:12.629,0.80173,0.80185,1.73,4.73
2012.11.06 17:18:12.688,0.80173,0.80184,1.73,1.50
2012.11.06 17:18:12.988,0.80173,0.80184,2.48,1.50
2012.11.06 17:18:18.029,0.80175,0.80184,1.73,1.50
2012.11.06 17:18:18.762,0.80172,0.80183,1.73,1.50
2012.11.06 17:18:25.479,0.80172,0.80184,2.48,2.25
2012.11.06 17:18:25.898,0.80172,0.80184,1.73,1.50
2012.11.06 17:18:26.859,0.80172,0.80182,1.73,1.50
2012.11.06 17:18:30.679,0.80172,0.80182,1.73,2.25
2012.11.06 17:18:34.808,0.80171,0.80182,1.73,2.25
2012.11.06 17:18:38.019,0.80173,0.80184,2.48,1.50
2012.11.06 17:18:38.559,0.80171,0.80183,2.48,1.50
2012.11.06 17:18:38.933,0.80171,0.80183,1.73,2.31
2012.11.06 17:18:42.679,0.80171,0.80184,2.48,4.04
2012.11.06 17:18:42.859,0.80173,0.80184,1.73,3.81
2012.11.06 17:18:50.990,0.80173,0.80184,1.73,3.06
2012.11.06 17:18:51.539,0.80173,0.80184,1.73,2.25
2012.11.06 17:18:53.549,0.80173,0.80184,1.73,2.25
2012.11.06 17:18:55.485,0.80173,0.80183,1.73,1.50
2012.11.06 17:19:01.679,0.80173,0.80183,1.73,1.50
2012.11.06 17:19:10.570,0.80173,0.80184,1.73,1.50
2012.11.06 17:19:11.112,0.80173,0.80183,1.73,1.50
2012.11.06 17:19:14.660,0.80173,0.80182,1.73,3.75
2012.11.06 17:19:14.973,0.80169,0.80181,2.25,2.25
2012.11.06 17:19:15.041,0.80169,0.80181,2.48,3.00
2012.11.06 17:19:18.356,0.80169,0.80179,2.48,1.50
2012.11.06 17:19:24.759,0.80169,0.80179,2.48,2.25
2012.11.06 17:19:25.071,0.80171,0.80181,1.73,1.50
2012.11.06 17:19:25.707,0.80171,0.8018,1.73,1.50
2012.11.06 17:19:26.462,0.80169,0.8018,2.48,1.50
2012.11.06 17:19:26.780,0.80169,0.8018,2.48,1.50
2012.11.06 17:19:27.559,0.80169,0.8018,3.23,2.25
2012.11.06 17:19:33.174,0.80169,0.8018,3.23,2.25
2012.11.06 17:19:33.239,0.80169,0.8018,3.23,1.50
2012.11.06 17:19:33.599,0.8017,0.8018,1.73,1.50
2012.11.06 17:19:33.718,0.8017,0.80181,1.73,2.25
2012.11.06 17:19:37.670,0.80172,0.80182,3.98,4.56
2012.11.06 17:19:38.029,0.80172,0.80182,3.98,1.50
2012.11.06 17:19:40.090,0.80172,0.80183,4.73,3.00
2012.11.06 17:19:40.629,0.80172,0.80183,3.98,1.50
2012.11.06 17:19:42.951,0.80172,0.80183,4.73,1.50
2012.11.06 17:19:43.459,0.80172,0.80184,6.23,1.50
2012.11.06 17:19:43.579,0.80172,0.80184,6.23,3.00
2012.11.06 17:19:43.760,0.80173,0.80184,2.48,1.50
2012.11.06 17:19:44.696,0.80173,0.80185,1.73,3.75
2012.11.06 17:19:45.252,0.80172,0.80183,3.98,1.50
2012.11.06 17:19:45.810,0.80172,0.80183,3.98,1.50
2012.11.06 17:19:47.873,0.80172,0.80181,3.98,1.50
2012.11.06 17:19:48.499,0.80174,0.80183,3.98,1.50
2012.11.06 17:19:48.621,0.80174,0.80184,3.98,1.50
2012.11.06 17:19:48.811,0.80175,0.80187,2.48,2.25
2012.11.06 17:19:49.242,0.80175,0.80186,6.23,1.50
2012.11.06 17:19:51.768,0.80175,0.80187,5.48,3.81
2012.11.06 17:19:53.519,0.80175,0.80186,5.48,1.50
2012.11.06 17:20:02.109,0.80175,0.80186,3.98,1.50
2012.11.06 17:20:02.228,0.80175,0.80187,3.98,1.56
2012.11.06 17:20:02.409,0.80175,0.80187,3.98,1.56
2012.11.06 17:20:02.968,0.80175,0.80187,3.98,1.56
2012.11.06 17:20:04.019,0.80175,0.80187,3.98,2.31
2012.11.06 17:20:07.458,0.80175,0.80187,3.98,2.31
2012.11.06 17:20:07.968,0.80175,0.80185,3.98,1.50
2012.11.06 17:20:10.499,0.80175,0.80186,3.98,1.50
2012.11.06 17:20:11.241,0.80175,0.80187,3.98,1.56
2012.11.06 17:20:13.718,0.80175,0.80187,3.98,1.56
2012.11.06 17:20:14.290,0.80174,0.80185,1.50,1.50
2012.11.06 17:20:14.413,0.80174,0.80183,1.73,1.50
2012.11.06 17:20:15.250,0.80173,0.80185,3.23,2.25
2012.11.06 17:20:15.312,0.80173,0.80185,3.23,2.25
2012.11.06 17:20:19.751,0.80173,0.80185,3.23,2.63
2012.11.06 17:20:20.428,0.80173,0.80185,2.48,3.00
2012.11.06 17:20:20.489,0.80173,0.80185,2.48,3.75
2012.11.06 17:20:21.029,0.80172,0.80182,3.98,1.50
2012.11.06 17:20:23.136,0.80172,0.80182,5.48,1.50
2012.11.06 17:20:24.635,0.80172,0.80182,5.48,1.50
2012.11.06 17:20:28.039,0.80172,0.80183,1.73,1.88
2012.11.06 17:20:28.658,0.80171,0.80181,1.73,1.50
2012.11.06 17:20:29.160,0.80172,0.80182,1.73,2.31
2012.11.06 17:20:32.099,0.80172,0.80182,1.73,2.31
2012.11.06 17:20:32.635,0.80171,0.80181,1.50,1.56
2012.11.06 17:20:33.092,0.80171,0.80181,1.73,1.56
2012.11.06 17:20:33.646,0.80171,0.80181,1.65,1.56
2012.11.06 17:20:34.204,0.80171,0.8018,1.65,1.50
2012.11.06 17:20:34.740,0.80171,0.8018,1.73,1.50
2012.11.06 17:20:34.979,0.8017,0.80181,2.48,1.50
2012.11.06 17:20:35.519,0.8017,0.8018,3.23,1.50
2012.11.06 17:20:36.031,0.80173,0.80181,1.73,1.50
2012.11.06 17:20:36.398,0.80173,0.8018,1.73,1.50
2012.11.06 17:20:36.968,0.80172,0.8018,1.73,1.50
2012.11.06 17:20:37.611,0.80172,0.80182,1.73,2.25
2012.11.06 17:20:38.159,0.80172,0.80181,1.73,1.50
2012.11.06 17:20:38.889,0.80172,0.80179,1.50,1.50
2012.11.06 17:20:39.010,0.80172,0.80178,1.50,1.50
2012.11.06 17:20:39.252,0.80168,0.80176,1.73,1.50
2012.11.06 17:20:39.522,0.80167,0.80178,3.98,1.13
2012.11.06 17:20:40.150,0.80168,0.80178,1.73,1.94
2012.11.06 17:20:40.721,0.80168,0.80178,1.73,1.56
2012.11.06 17:20:48.759,0.80168,0.8018,3.23,2.69
2012.11.06 17:20:49.749,0.80168,0.8018,3.23,2.25
2012.11.06 17:20:50.620,0.80168,0.8018,3.98,3.00
2012.11.06 17:20:51.355,0.80169,0.8018,1.73,1.50
2012.11.06 17:20:58.130,0.8017,0.8018,3.98,1.50
2012.11.06 17:20:58.632,0.80172,0.80184,4.73,1.50
2012.11.06 17:20:58.843,0.80173,0.80185,3.98,3.00
2012.11.06 17:20:59.031,0.80173,0.80185,3.23,3.00
2012.11.06 17:20:59.630,0.80176,0.80186,1.73,4.50
2012.11.06 17:21:00.142,0.80177,0.80187,1.73,2.31
2012.11.06 17:21:00.581,0.80176,0.80187,1.73,1.56
2012.11.06 17:21:01.139,0.80178,0.80188,1.73,5.31
2012.11.06 17:21:01.560,0.80178,0.80188,1.73,7.56
2012.11.06 17:21:05.634,0.80176,0.80187,2.48,4.50
2012.11.06 17:21:06.191,0.80177,0.80187,1.73,3.75
2012.11.06 17:21:06.699,0.80177,0.80189,2.48,1.56
2012.11.06 17:21:07.380,0.80177,0.80188,1.73,4.50
2012.11.06 17:21:07.945,0.80177,0.80189,2.48,5.31
2012.11.06 17:21:09.831,0.80178,0.8019,6.23,2.48
2012.11.06 17:21:09.901,0.80178,0.8019,4.73,2.48
2012.11.06 17:21:10.199,0.80181,0.80193,2.48,5.48
2012.11.06 17:21:10.260,0.80181,0.80193,2.48,4.50
2012.11.06 17:21:10.803,0.80183,0.80193,2.48,1.50
2012.11.06 17:21:11.310,0.80183,0.80195,1.73,4.56
2012.11.06 17:21:11.610,0.80182,0.80193,1.73,4.50
2012.11.06 17:21:12.039,0.80182,0.80192,1.73,1.73
2012.11.06 17:21:13.073,0.80182,0.80191,1.73,1.50
2012.11.06 17:21:13.812,0.80182,0.80192,1.73,1.73
2012.11.06 17:21:16.047,0.80181,0.80191,1.73,1.50
2012.11.06 17:21:16.391,0.80181,0.80191,1.73,1.50
2012.11.06 17:21:17.269,0.80181,0.80193,1.73,3.38
2012.11.06 17:21:18.929,0.80181,0.80193,1.73,3.38
2012.11.06 17:21:19.050,0.80181,0.80192,1.73,1.56
2012.11.06 17:21:19.589,0.8018,0.80191,1.73,2.25
2012.11.06 17:21:19.902,0.8018,0.80192,1.73,1.56
2012.11.06 17:21:22.329,0.8018,0.80192,1.73,1.56
2012.11.06 17:21:22.833,0.8018,0.80192,1.73,1.56
2012.11.06 17:21:22.979,0.8018,0.80192,1.73,1.56
2012.11.06 17:21:23.589,0.8018,0.80193,5.48,2.63
2012.11.06 17:21:26.419,0.8018,0.80193,5.48,1.50
2012.11.06 17:21:30.045,0.8018,0.80192,1.73,1.50
2012.11.06 17:21:30.172,0.8018,0.80192,1.73,2.54
2012.11.06 17:21:30.730,0.8018,0.80192,1.73,2.54
2012.11.06 17:21:31.241,0.80181,0.80191,1.73,1.50
2012.11.06 17:21:31.431,0.80179,0.80191,1.73,2.25
2012.11.06 17:21:35.452,0.80179,0.80188,1.73,1.50
2012.11.06 17:21:35.640,0.80178,0.80188,1.73,1.50
2012.11.06 17:21:40.701,0.80176,0.80188,2.48,1.50
2012.11.06 17:21:40.819,0.80176,0.80188,2.48,2.31
2012.11.06 17:21:42.950,0.80178,0.80189,3.23,1.50
2012.11.06 17:21:43.400,0.8018,0.8019,1.50,3.29
2012.11.06 17:21:43.717,0.8018,0.8019,1.73,2.31
2012.11.06 17:21:44.350,0.8018,0.8019,1.73,1.50
2012.11.06 17:21:45.890,0.8018,0.8019,1.73,1.50
2012.11.06 17:21:49.070,0.8018,0.80191,1.73,6.81
2012.11.06 17:21:50.592,0.8018,0.80191,2.48,1.50
2012.11.06 17:21:51.138,0.80181,0.80193,1.73,3.00
2012.11.06 17:21:51.439,0.80181,0.80193,1.73,3.00
2012.11.06 17:21:51.559,0.80181,0.80193,1.73,3.00
2012.11.06 17:22:03.281,0.80178,0.8019,3.98,2.25
2012.11.06 17:22:03.350,0.80178,0.8019,3.98,2.25
2012.11.06 17:22:05.718,0.80177,0.8019,2.48,1.50
2012.11.06 17:22:06.259,0.80177,0.8019,2.48,2.31
2012.11.06 17:22:09.759,0.80177,0.80189,1.73,2.48
2012.11.06 17:22:16.205,0.8018,0.8019,1.50,4.79
2012.11.06 17:22:17.348,0.80181,0.8019,1.50,5.54
2012.11.06 17:22:18.440,0.80179,0.8019,1.73,5.54
2012.11.06 17:22:19.231,0.8018,0.8019,1.50,5.54
2012.11.06 17:22:19.777,0.80179,0.8019,1.73,5.54
2012.11.06 17:22:21.098,0.8018,0.8019,1.50,5.54
2012.11.06 17:22:22.490,0.8018,0.8019,1.50,4.79
2012.11.06 17:22:23.013,0.8018,0.8019,1.73,3.06
2012.11.06 17:22:23.709,0.80178,0.8019,2.48,1.56
2012.11.06 17:22:24.259,0.80181,0.8019,1.50,1.56
2012.11.06 17:22:26.249,0.8018,0.8019,2.48,1.56
2012.11.06 17:22:26.509,0.8018,0.8019,1.73,2.31
2012.11.06 17:22:27.279,0.8018,0.8019,1.73,2.31
2012.11.06 17:22:30.631,0.80181,0.8019,1.50,2.31
2012.11.06 17:22:31.150,0.80179,0.8019,1.73,2.31
2012.11.06 17:22:33.539,0.80181,0.8019,1.50,2.31
2012.11.06 17:22:35.209,0.80179,0.8019,1.73,1.56
2012.11.06 17:22:37.723,0.80179,0.8019,1.73,2.31
2012.11.06 17:22:38.413,0.80179,0.80188,1.73,2.25
2012.11.06 17:22:38.662,0.80178,0.80188,1.73,2.71
2012.11.06 17:22:39.219,0.80178,0.80188,1.73,1.56
2012.11.06 17:22:39.339,0.80177,0.80188,1.73,1.56
2012.11.06 17:22:44.150,0.80177,0.8019,2.48,3.06
2012.11.06 17:22:44.950,0.8018,0.80192,1.73,2.54
2012.11.06 17:22:45.477,0.8018,0.80192,1.73,1.50
2012.11.06 17:22:46.032,0.80179,0.80191,1.73,1.50
2012.11.06 17:22:46.596,0.80179,0.8019,1.73,1.50
2012.11.06 17:22:47.776,0.80178,0.80191,1.73,3.06
2012.11.06 17:22:47.843,0.80183,0.80191,3.75,2.25
2012.11.06 17:22:47.983,0.80183,0.80192,5.25,1.73
2012.11.06 17:22:48.230,0.80182,0.80193,1.73,1.50
2012.11.06 17:22:48.532,0.80182,0.80193,1.73,1.50
2012.11.06 17:22:48.720,0.80182,0.80193,1.73,1.50
2012.11.06 17:22:49.214,0.8018,0.80191,1.73,1.50
2012.11.06 17:22:49.283,0.8018,0.8019,1.73,1.50
2012.11.06 17:22:49.408,0.8018,0.80192,1.73,2.25
2012.11.06 17:22:49.769,0.80178,0.80191,5.48,2.25
2012.11.06 17:22:51.151,0.80183,0.80192,3.75,3.75
2012.11.06 17:22:51.399,0.80183,0.80195,6.23,2.40
2012.11.06 17:22:51.579,0.80181,0.80193,3.23,1.50
2012.11.06 17:22:51.640,0.80181,0.80193,3.23,1.50
2012.11.06 17:22:52.060,0.80181,0.80194,3.98,1.50
2012.11.06 17:22:53.099,0.80181,0.80194,3.23,1.13
2012.11.06 17:22:53.701,0.80184,0.80195,6.23,2.25
2012.11.06 17:22:53.773,0.80185,0.80197,1.73,3.81
2012.11.06 17:22:54.288,0.80185,0.80197,1.73,3.81
2012.11.06 17:22:54.471,0.80184,0.80194,1.73,3.75
2012.11.06 17:22:54.659,0.80182,0.80193,2.25,1.73
2012.11.06 17:22:54.780,0.80181,0.80193,5.42,1.73
2012.11.06 17:22:55.209,0.80181,0.80192,3.23,3.75
2012.11.06 17:22:57.194,0.80185,0.80194,1.50,2.48
2012.11.06 17:22:57.269,0.80185,0.80196,3.23,3.27
2012.11.06 17:22:57.810,0.80183,0.80195,3.23,2.10
2012.11.06 17:22:58.351,0.80182,0.80194,6.23,3.00
2012.11.06 17:22:59.239,0.80182,0.80194,6.23,3.00
2012.11.06 17:23:01.309,0.80182,0.80194,6.23,3.00
2012.11.06 17:23:07.350,0.80182,0.80194,6.23,3.38
2012.11.06 17:23:10.523,0.80182,0.80194,5.48,3.75
2012.11.06 17:23:14.981,0.80182,0.80194,6.23,4.50
2012.11.06 17:23:20.289,0.80182,0.80193,4.73,1.50
2012.11.06 17:23:26.589,0.80182,0.80194,2.48,3.38
2012.11.06 17:23:29.979,0.80181,0.80194,5.48,2.63
2012.11.06 17:23:36.431,0.80184,0.80194,1.73,2.25
2012.11.06 17:23:37.861,0.80184,0.80195,1.73,2.25
2012.11.06 17:23:38.410,0.80184,0.80195,2.48,2.25
2012.11.06 17:23:47.899,0.80184,0.80197,2.48,3.00
2012.11.06 17:23:48.546,0.80184,0.80196,2.48,1.50
2012.11.06 17:23:49.080,0.80184,0.80194,1.73,1.50
2012.11.06 17:23:49.823,0.80184,0.80196,1.73,3.00
2012.11.06 17:23:52.332,0.80183,0.80194,2.48,1.50
2012.11.06 17:23:52.880,0.80183,0.80194,1.73,2.25
2012.11.06 17:23:52.940,0.80182,0.80192,1.73,3.75
2012.11.06 17:23:53.180,0.80181,0.80192,3.23,3.06
2012.11.06 17:23:53.239,0.8018,0.80191,1.73,1.50
2012.11.06 17:23:53.600,0.80179,0.80191,3.98,1.50
2012.11.06 17:24:02.762,0.80181,0.80192,3.98,3.00
2012.11.06 17:24:03.589,0.80181,0.80192,3.98,2.25
2012.11.06 17:24:04.731,0.80181,0.80192,3.98,2.25
2012.11.06 17:24:05.053,0.80179,0.80189,4.73,2.25
2012.11.06 17:24:15.390,0.80181,0.8019,3.98,2.25
2012.11.06 17:24:15.701,0.80182,0.80191,1.73,1.50
2012.11.06 17:24:16.060,0.80182,0.80194,1.73,2.25
2012.11.06 17:24:16.362,0.80181,0.80193,5.10,1.50
2012.11.06 17:24:16.910,0.80181,0.80191,4.35,2.25
2012.11.06 17:24:24.470,0.80182,0.80192,1.73,2.25
2012.11.06 17:24:29.551,0.80181,0.80192,3.98,2.25
2012.11.06 17:24:31.353,0.80181,0.80192,2.48,1.50
2012.11.06 17:24:31.481,0.80181,0.80192,2.48,1.50
2012.11.06 17:24:31.843,0.8018,0.80191,2.48,4.50
2012.11.06 17:24:32.339,0.80181,0.80192,4.73,1.13
2012.11.06 17:24:32.459,0.80179,0.80191,6.23,1.13
2012.11.06 17:24:33.009,0.80179,0.8019,3.98,3.00
2012.11.06 17:24:34.599,0.80179,0.80189,3.98,1.50
2012.11.06 17:24:35.270,0.80179,0.8019,4.73,3.00
2012.11.06 17:24:35.930,0.80178,0.8019,1.73,4.13
2012.11.06 17:24:36.370,0.80177,0.80189,1.73,2.25
2012.11.06 17:24:38.389,0.80176,0.80189,1.73,3.00
2012.11.06 17:24:45.189,0.80175,0.80188,6.98,2.25
2012.11.06 17:24:50.403,0.80176,0.80189,3.23,2.25
2012.11.06 17:24:50.934,0.80177,0.80189,2.48,1.50
2012.11.06 17:24:51.419,0.80177,0.80189,1.73,1.50
2012.11.06 17:24:51.540,0.80177,0.80189,1.73,1.50
2012.11.06 17:24:52.080,0.80177,0.80189,1.73,3.38
2012.11.06 17:24:52.990,0.80177,0.80189,1.73,3.38
2012.11.06 17:24:55.358,0.80177,0.80188,1.73,1.88
2012.11.06 17:24:56.191,0.80177,0.80188,1.73,1.88
2012.11.06 17:24:58.908,0.80177,0.80188,1.73,1.88
2012.11.06 17:25:00.359,0.80177,0.80188,1.73,1.88
2012.11.06 17:25:08.449,0.80177,0.80186,1.50,1.13
2012.11.06 17:25:08.751,0.80174,0.80185,2.48,1.88
2012.11.06 17:25:08.992,0.80174,0.80186,2.48,3.60
2012.11.06 17:25:09.120,0.80174,0.80186,2.48,3.38
2012.11.06 17:25:09.300,0.80174,0.80186,2.48,2.63
2012.11.06 17:25:11.591,0.80174,0.80185,1.73,4.88
2012.11.06 17:25:11.770,0.80173,0.80184,1.73,1.50
2012.11.06 17:25:11.889,0.80173,0.80185,2.48,2.63
2012.11.06 17:25:11.950,0.80173,0.80185,2.48,2.63
2012.11.06 17:25:12.489,0.80173,0.80185,2.48,1.88
2012.11.06 17:25:20.490,0.80175,0.80186,1.73,3.75
2012.11.06 17:25:21.183,0.80175,0.80186,1.73,3.75
2012.11.06 17:25:31.819,0.80175,0.80185,1.73,1.13
2012.11.06 17:25:39.570,0.80175,0.80186,1.73,4.04
2012.11.06 17:25:39.809,0.80175,0.80186,5.48,2.25
2012.11.06 17:25:44.881,0.80174,0.80186,1.73,5.63
2012.11.06 17:25:44.950,0.80174,0.80186,1.73,5.86
2012.11.06 17:25:49.981,0.80174,0.80185,1.73,2.25
2012.11.06 17:25:50.112,0.80172,0.80185,5.48,5.54
2012.11.06 17:25:50.491,0.80173,0.80185,3.23,5.54
2012.11.06 17:25:51.031,0.80173,0.80185,3.23,5.31
2012.11.06 17:25:52.358,0.80174,0.80185,1.73,3.44
2012.11.06 17:25:52.671,0.80169,0.80181,3.98,1.50
2012.11.06 17:25:52.730,0.80169,0.80182,3.98,2.31
2012.11.06 17:25:53.322,0.80171,0.80182,1.73,1.56
2012.11.06 17:25:53.651,0.80174,0.80186,1.73,4.50
2012.11.06 17:25:54.681,0.80173,0.80186,4.73,4.50
2012.11.06 17:25:55.520,0.80173,0.80186,3.98,3.75
2012.11.06 17:25:55.760,0.80175,0.80187,6.23,4.56
2012.11.06 17:25:55.821,0.80175,0.80187,6.23,4.56
2012.11.06 17:25:57.926,0.80178,0.8019,2.48,4.50
2012.11.06 17:25:58.171,0.80179,0.8019,3.23,1.50
2012.11.06 17:26:01.039,0.80178,0.80189,4.73,1.50
2012.11.06 17:26:01.595,0.80178,0.80189,4.73,1.50
2012.11.06 17:26:02.979,0.80178,0.8019,4.73,1.73
2012.11.06 17:26:03.800,0.8018,0.80191,2.48,2.48
2012.11.06 17:26:04.232,0.8018,0.80191,2.48,1.73
2012.11.06 17:26:04.900,0.8018,0.80192,2.48,3.38
2012.11.06 17:26:04.974,0.8018,0.80191,2.48,1.50
2012.11.06 17:26:05.754,0.8018,0.80191,2.48,1.50
2012.11.06 17:26:11.449,0.80181,0.80191,1.50,1.73
2012.11.06 17:26:14.440,0.8018,0.80191,1.50,2.48
2012.11.06 17:26:14.741,0.80178,0.80189,2.48,1.50
2012.11.06 17:26:15.246,0.80177,0.80188,6.98,1.50
2012.11.06 17:26:15.313,0.80178,0.8019,1.73,1.50
2012.11.06 17:26:16.632,0.80178,0.8019,1.73,2.25
2012.11.06 17:26:22.951,0.80177,0.80189,3.23,2.10
2012.11.06 17:26:23.261,0.80177,0.80187,1.73,1.50
2012.11.06 17:26:23.776,0.80175,0.80187,6.23,2.25
2012.11.06 17:26:24.320,0.80175,0.80187,5.48,3.00
2012.11.06 17:26:25.277,0.80175,0.80187,5.48,3.38
2012.11.06 17:26:25.851,0.80175,0.80187,5.48,3.38
2012.11.06 17:26:27.380,0.80175,0.80187,5.48,2.63
2012.11.06 17:26:28.899,0.80177,0.80188,3.98,3.44
2012.11.06 17:26:29.360,0.80177,0.80188,3.98,3.44
2012.11.06 17:26:29.437,0.80178,0.80189,1.73,3.30
2012.11.06 17:26:29.510,0.80178,0.80189,1.73,3.30
2012.11.06 17:26:30.031,0.80177,0.80188,1.73,1.73
2012.11.06 17:26:31.580,0.80176,0.80188,5.48,1.50
2012.11.06 17:26:42.220,0.80176,0.80188,5.48,2.63
2012.11.06 17:26:43.049,0.80176,0.80187,5.48,1.13
2012.11.06 17:26:43.230,0.80174,0.80187,2.48,1.35
2012.11.06 17:26:43.600,0.80176,0.80188,5.48,2.10
2012.11.06 17:26:44.495,0.80176,0.80188,5.48,2.48
2012.11.06 17:26:45.092,0.80176,0.80188,5.48,3.23
2012.11.06 17:26:52.141,0.80176,0.80188,3.98,2.63
2012.11.06 17:26:52.260,0.80177,0.80189,2.48,2.31
2012.11.06 17:26:52.500,0.80177,0.80188,2.48,1.50
2012.11.06 17:26:53.219,0.80177,0.80189,2.48,3.81
2012.11.06 17:26:54.068,0.80177,0.80189,2.48,3.81
2012.11.06 17:27:00.630,0.80177,0.80188,2.48,1.73
2012.11.06 17:27:05.060,0.80177,0.80188,5.48,1.73
2012.11.06 17:27:05.803,0.80179,0.80191,4.73,1.79
2012.11.06 17:27:06.441,0.80179,0.80191,2.48,1.79
2012.11.06 17:27:06.689,0.80179,0.8019,2.25,1.73
2012.11.06 17:27:07.020,0.80179,0.8019,2.25,1.73
2012.11.06 17:27:07.380,0.80179,0.80192,2.25,4.79
2012.11.06 17:27:09.249,0.80181,0.80192,2.25,1.73
2012.11.06 17:27:10.240,0.80181,0.80192,2.25,2.48
2012.11.06 17:27:12.230,0.80181,0.80193,2.25,2.48
2012.11.06 17:27:13.149,0.80185,0.80193,4.50,1.73
2012.11.06 17:27:13.389,0.80184,0.80194,1.50,2.54
2012.11.06 17:27:13.511,0.80182,0.80194,1.50,3.23
2012.11.06 17:27:13.750,0.80183,0.80193,3.23,1.04
2012.11.06 17:27:14.053,0.80186,0.80197,1.50,4.04
2012.11.06 17:27:14.611,0.80184,0.80195,1.88,1.73
2012.11.06 17:27:15.390,0.80184,0.80195,1.50,2.54
2012.11.06 17:27:15.902,0.80184,0.80194,1.50,1.73
2012.11.06 17:27:18.349,0.80184,0.80195,1.50,1.79
2012.11.06 17:27:18.710,0.80182,0.80191,1.50,1.21
2012.11.06 17:27:18.771,0.80179,0.80191,4.50,1.21
2012.11.06 17:27:19.621,0.80179,0.80192,1.50,2.54
2012.11.06 17:27:20.169,0.80179,0.80191,1.50,3.30
2012.11.06 17:27:24.374,0.80179,0.80191,2.25,1.80
2012.11.06 17:27:24.680,0.80182,0.80192,1.50,1.73
2012.11.06 17:27:24.800,0.80183,0.80192,1.73,1.50
2012.11.06 17:27:25.172,0.80182,0.80192,1.50,1.73
2012.11.06 17:27:26.032,0.8018,0.80192,2.25,2.48
2012.11.06 17:27:28.449,0.8018,0.80191,1.50,2.54
2012.11.06 17:27:29.010,0.80178,0.8019,2.48,2.25
2012.11.06 17:27:30.249,0.80178,0.8019,2.48,2.48
2012.11.06 17:27:30.574,0.80178,0.80189,2.25,1.73
2012.11.06 17:27:30.639,0.80178,0.80189,2.48,1.73
2012.11.06 17:27:31.000,0.80178,0.80189,1.50,1.73
2012.11.06 17:27:31.702,0.80177,0.80189,1.50,1.73
2012.11.06 17:27:35.913,0.80176,0.80189,2.25,1.79
2012.11.06 17:27:36.100,0.80176,0.80188,1.50,2.54
2012.11.06 17:27:36.161,0.80176,0.80187,1.50,2.54
2012.11.06 17:27:36.659,0.80175,0.80187,6.00,4.04
2012.11.06 17:27:58.400,0.80175,0.80188,2.25,3.66
2012.11.06 17:27:58.520,0.80175,0.80188,1.50,3.66
2012.11.06 17:28:00.144,0.80173,0.80186,3.75,2.48
2012.11.06 17:28:11.601,0.80173,0.80184,3.75,2.48
2012.11.06 17:28:13.353,0.80173,0.80184,1.50,2.48
2012.11.06 17:28:13.661,0.80172,0.80181,1.73,2.25
2012.11.06 17:28:13.964,0.80172,0.80179,1.50,1.35
2012.11.06 17:28:14.089,0.80167,0.80179,2.25,1.35
2012.11.06 17:28:14.637,0.80166,0.80179,6.98,1.35
2012.11.06 17:28:26.861,0.80168,0.80181,2.48,4.41
2012.11.06 17:28:27.102,0.80171,0.80181,1.50,2.16
2012.11.06 17:28:27.413,0.80171,0.80181,2.25,1.04
2012.11.06 17:28:28.494,0.8017,0.80182,2.48,1.73
2012.11.06 17:28:29.040,0.8017,0.80182,2.25,1.73
2012.11.06 17:28:36.930,0.8017,0.80182,1.50,3.23
2012.11.06 17:28:37.470,0.8017,0.80182,1.50,3.29
2012.11.06 17:28:56.100,0.80168,0.8018,5.48,1.73
2012.11.06 17:28:56.644,0.80168,0.8018,1.73,3.23
2012.11.06 17:28:56.717,0.80167,0.80179,3.00,2.48
2012.11.06 17:28:59.840,0.80168,0.8018,1.50,4.35
2012.11.06 17:29:01.479,0.80165,0.80178,6.83,1.73
2012.11.06 17:29:02.019,0.80165,0.80178,5.33,1.73
2012.11.06 17:29:36.700,0.80166,0.80178,3.98,1.73
2012.11.06 17:29:38.203,0.80165,0.80177,3.23,3.23
2012.11.06 17:29:38.749,0.80165,0.80177,3.00,3.23
2012.11.06 17:29:43.670,0.80165,0.80176,2.25,1.04
2012.11.06 17:29:43.970,0.80165,0.80176,2.25,1.04
2012.11.06 17:29:49.941,0.80165,0.80176,2.25,4.79
2012.11.06 17:29:50.064,0.80163,0.80175,1.50,4.04
2012.11.06 17:29:51.320,0.80161,0.80173,2.25,1.79
2012.11.06 17:29:56.347,0.80161,0.80173,2.25,1.79
2012.11.06 17:29:57.579,0.8016,0.80173,3.75,1.04
2012.11.06 17:29:58.172,0.8016,0.80173,4.50,1.04
2012.11.06 17:30:02.301,0.8016,0.80172,3.75,1.73
2012.11.06 17:30:02.849,0.80161,0.80173,1.50,2.54
2012.11.06 17:30:03.030,0.8016,0.80173,1.50,4.04
2012.11.06 17:30:13.302,0.80158,0.8017,2.25,3.23
2012.11.06 17:30:13.370,0.80158,0.8017,2.25,3.23
2012.11.06 17:30:14.310,0.80158,0.80171,3.75,1.73
2012.11.06 17:30:14.730,0.80158,0.80171,3.75,1.04
2012.11.06 17:30:15.639,0.80158,0.80171,3.75,1.79
2012.11.06 17:30:16.199,0.80158,0.80171,3.75,1.04
2012.11.06 17:30:30.481,0.8016,0.80171,1.50,1.04
2012.11.06 17:30:33.179,0.8016,0.80171,4.50,1.04
2012.11.06 17:30:33.740,0.80161,0.80172,1.73,1.35
2012.11.06 17:30:36.860,0.8016,0.80174,3.98,7.35
2012.11.06 17:30:37.221,0.8016,0.80172,1.50,3.00
2012.11.06 17:30:37.650,0.8016,0.80173,1.50,5.54
2012.11.06 17:30:38.819,0.8016,0.80173,2.25,6.29
2012.11.06 17:30:39.360,0.8016,0.80173,2.25,6.29
2012.11.06 17:30:43.304,0.8016,0.80171,2.25,1.35
2012.11.06 17:30:43.734,0.80158,0.80171,1.50,2.31
2012.11.06 17:30:43.872,0.80158,0.80171,2.25,2.31
2012.11.06 17:30:44.181,0.8016,0.80172,2.25,2.31
2012.11.06 17:30:44.242,0.8016,0.80172,2.25,1.56
2012.11.06 17:30:44.750,0.8016,0.80172,1.50,2.10
2012.11.06 17:30:45.271,0.8016,0.80173,2.25,1.19
2012.11.06 17:30:45.777,0.8016,0.80173,1.50,1.56
2012.11.06 17:30:46.283,0.80161,0.80174,1.50,4.19
2012.11.06 17:30:46.351,0.80162,0.80174,3.75,2.25
2012.11.06 17:30:46.422,0.80162,0.80174,3.75,2.25
2012.11.06 17:30:46.490,0.80161,0.80174,1.73,5.25
2012.11.06 17:30:46.610,0.80163,0.80174,3.75,2.25
2012.11.06 17:30:47.212,0.80164,0.80175,2.25,1.73
2012.11.06 17:30:47.951,0.80163,0.80175,5.25,3.66
2012.11.06 17:30:50.200,0.80165,0.80174,3.75,2.48
2012.11.06 17:30:50.320,0.80165,0.80175,3.98,1.73
2012.11.06 17:30:51.126,0.80166,0.80178,1.50,2.91
2012.11.06 17:30:51.196,0.80166,0.80178,1.50,2.91
2012.11.06 17:30:52.040,0.80166,0.80178,4.50,1.35
2012.11.06 17:30:52.568,0.80166,0.80178,4.73,1.13
2012.11.06 17:30:56.821,0.80166,0.80178,4.73,1.13
2012.11.06 17:30:57.252,0.80165,0.80177,3.23,2.48
2012.11.06 17:30:57.630,0.80165,0.80176,1.73,4.73
2012.11.06 17:30:57.991,0.80162,0.80172,1.50,1.73
2012.11.06 17:30:58.232,0.80161,0.80172,1.50,4.73
2012.11.06 17:30:58.780,0.80159,0.80172,2.25,3.75
2012.11.06 17:30:59.408,0.80159,0.80172,1.50,3.75
2012.11.06 17:31:09.801,0.8016,0.80171,3.75,3.29
2012.11.06 17:31:10.175,0.8016,0.80171,3.75,1.04
2012.11.06 17:31:15.301,0.80161,0.80173,1.50,4.35
2012.11.06 17:31:25.410,0.8016,0.80173,3.75,4.35
2012.11.06 17:31:26.081,0.80161,0.80173,1.50,4.13
2012.11.06 17:31:35.679,0.80161,0.80173,1.50,6.29
2012.11.06 17:31:39.321,0.80161,0.80171,1.50,2.54
2012.11.06 17:31:39.561,0.80159,0.80171,1.50,1.73
2012.11.06 17:31:39.800,0.80159,0.80172,6.23,3.66
2012.11.06 17:31:39.943,0.80161,0.80172,1.50,3.66
2012.11.06 17:31:43.077,0.80159,0.80173,5.48,4.73
2012.11.06 17:31:43.620,0.80158,0.8017,2.25,2.10
2012.11.06 17:31:44.410,0.80159,0.8017,1.50,1.35
2012.11.06 17:31:44.967,0.80157,0.8017,6.23,1.35
2012.11.06 17:31:49.279,0.80158,0.80168,2.25,1.13
2012.11.06 17:31:56.070,0.80159,0.8017,1.50,4.04
2012.11.06 17:31:56.620,0.80159,0.8017,1.50,3.29
2012.11.06 17:31:57.160,0.80158,0.8017,1.73,1.50
2012.11.06 17:31:59.491,0.80158,0.8017,2.48,1.50
2012.11.06 17:32:00.501,0.80157,0.80169,6.98,1.79
2012.11.06 17:32:01.010,0.80157,0.80168,3.00,2.48
2012.11.06 17:32:05.242,0.80156,0.80168,2.48,2.48
2012.11.06 17:32:08.630,0.80155,0.80169,5.48,2.54
2012.11.06 17:32:09.170,0.80155,0.80167,2.48,3.75
2012.11.06 17:32:09.758,0.80155,0.80166,2.48,1.79
2012.11.06 17:32:10.071,0.80155,0.80167,1.50,4.19
2012.11.06 17:32:10.432,0.80153,0.80162,3.75,3.75
2012.11.06 17:32:10.802,0.80151,0.80162,2.25,7.50
2012.11.06 17:32:10.936,0.80151,0.80162,1.50,6.81
2012.11.06 17:32:11.670,0.80149,0.80162,4.50,3.75
2012.11.06 17:32:12.211,0.80149,0.80163,5.25,4.88
2012.11.06 17:32:12.330,0.80152,0.80163,2.25,2.25
2012.11.06 17:32:12.391,0.80152,0.80163,6.00,2.25
2012.11.06 17:32:13.235,0.80154,0.80163,1.50,2.48
2012.11.06 17:32:13.758,0.80154,0.80165,2.25,1.73
2012.11.06 17:32:14.000,0.80155,0.80166,3.00,1.41
2012.11.06 17:32:14.120,0.80155,0.80166,2.25,2.91
2012.11.06 17:32:14.660,0.80154,0.80164,1.50,1.73
2012.11.06 17:32:14.980,0.80154,0.80165,1.50,1.73
2012.11.06 17:32:15.600,0.80154,0.80166,5.25,2.10
2012.11.06 17:32:15.725,0.80156,0.80167,1.50,1.35
2012.11.06 17:32:39.572,0.80156,0.80165,2.25,2.48
2012.11.06 17:32:42.452,0.80156,0.80167,2.25,2.91
2012.11.06 17:32:43.391,0.80158,0.80167,1.50,1.41
2012.11.06 17:32:45.099,0.80156,0.80167,1.50,3.66
2012.11.06 17:32:46.982,0.80154,0.80167,1.73,4.41
2012.11.06 17:32:47.110,0.80154,0.80167,1.50,4.41
2012.11.06 17:32:47.539,0.80155,0.80167,3.75,1.88
2012.11.06 17:32:48.147,0.80155,0.80167,3.98,2.25
2012.11.06 17:32:51.503,0.80155,0.80167,6.98,3.29
2012.11.06 17:32:52.684,0.80156,0.80167,1.50,1.73
2012.11.06 17:32:52.995,0.80155,0.80167,7.73,2.48
2012.11.06 17:32:53.063,0.80156,0.80167,1.50,1.73
2012.11.06 17:32:54.109,0.80156,0.80169,1.50,4.73
2012.11.06 17:32:57.498,0.80156,0.80169,1.50,4.73
2012.11.06 17:33:00.181,0.80158,0.80169,1.50,2.85
2012.11.06 17:33:00.420,0.80158,0.8017,3.00,4.73
2012.11.06 17:33:00.544,0.80158,0.8017,3.00,4.73
2012.11.06 17:33:00.730,0.80158,0.8017,1.50,7.35
2012.11.06 17:33:01.231,0.80156,0.80167,1.50,1.88
2012.11.06 17:33:01.770,0.80155,0.80167,5.25,1.88
2012.11.06 17:33:03.179,0.80155,0.80165,3.98,1.73
2012.11.06 17:33:05.122,0.80156,0.80167,2.25,1.73
2012.11.06 17:33:05.442,0.80156,0.80167,1.50,1.73
2012.11.06 17:33:05.994,0.80156,0.80168,1.50,6.23
2012.11.06 17:33:06.130,0.80157,0.80168,3.75,3.98
2012.11.06 17:33:06.251,0.80159,0.80168,1.50,1.73
2012.11.06 17:33:06.670,0.8016,0.80168,1.50,1.35
2012.11.06 17:33:07.171,0.80159,0.80168,1.50,1.35
2012.11.06 17:33:10.221,0.80159,0.80169,1.50,2.10
2012.11.06 17:33:10.294,0.80161,0.80169,1.50,2.10
2012.11.06 17:33:10.735,0.80159,0.80169,1.50,1.88
2012.11.06 17:33:10.920,0.80157,0.80169,2.25,2.10
2012.11.06 17:33:11.288,0.80157,0.80169,3.23,1.35
2012.11.06 17:33:11.831,0.8016,0.80169,1.50,1.35
2012.11.06 17:33:14.510,0.8016,0.80171,1.50,2.10
2012.11.06 17:33:14.863,0.8016,0.80171,1.50,3.23
2012.11.06 17:33:15.292,0.8016,0.80167,1.50,2.25
2012.11.06 17:33:15.412,0.80158,0.80167,3.00,2.48
2012.11.06 17:33:17.021,0.80158,0.8017,2.25,4.79
2012.11.06 17:33:17.561,0.80157,0.8017,4.50,1.94
2012.11.06 17:33:18.435,0.80159,0.80168,5.25,1.35
2012.11.06 17:33:20.210,0.80158,0.80171,1.50,3.00
2012.11.06 17:33:20.271,0.80159,0.80171,5.20,2.25
2012.11.06 17:33:20.631,0.80162,0.80173,2.25,2.48
2012.11.06 17:33:20.940,0.80161,0.80173,2.25,5.25
2012.11.06 17:33:21.241,0.8016,0.80173,1.50,3.75
2012.11.06 17:33:23.131,0.80159,0.80172,3.00,3.38
2012.11.06 17:33:23.371,0.80157,0.8017,1.50,1.13
2012.11.06 17:33:24.072,0.80157,0.80168,1.50,3.75
2012.11.06 17:33:24.203,0.80155,0.80168,1.73,3.75
2012.11.06 17:33:27.641,0.80156,0.80168,3.75,3.23
2012.11.06 17:33:28.309,0.80158,0.80169,1.50,2.48
2012.11.06 17:33:28.873,0.80157,0.80169,2.48,2.48
2012.11.06 17:33:29.204,0.80159,0.80169,1.50,2.48
2012.11.06 17:33:29.601,0.80157,0.80169,2.48,2.48
2012.11.06 17:33:30.051,0.80157,0.80169,2.48,2.48
2012.11.06 17:33:30.592,0.80155,0.80169,5.48,6.06
2012.11.06 17:33:30.720,0.80158,0.80169,1.50,4.56
2012.11.06 17:33:32.700,0.80158,0.80169,1.50,3.98
2012.11.06 17:33:32.940,0.80155,0.80169,1.50,6.23
2012.11.06 17:33:33.480,0.80156,0.80169,1.13,5.25
2012.11.06 17:33:33.602,0.80158,0.80169,1.50,3.00
2012.11.06 17:33:33.732,0.80159,0.8017,2.25,1.73
2012.11.06 17:33:33.801,0.80161,0.80171,1.50,3.98
2012.11.06 17:33:34.340,0.8016,0.80171,1.50,3.98
2012.11.06 17:33:36.720,0.8016,0.80171,1.50,2.25
2012.11.06 17:33:37.261,0.80161,0.80171,1.50,3.98
2012.11.06 17:33:37.802,0.80161,0.80171,1.50,1.73
2012.11.06 17:33:40.932,0.80159,0.80171,3.00,2.10
2012.11.06 17:33:41.472,0.8016,0.80171,2.25,2.10
2012.11.06 17:33:42.562,0.8016,0.80171,2.25,1.73
2012.11.06 17:33:43.544,0.8016,0.80171,2.25,1.73
2012.11.06 17:33:44.242,0.80159,0.80171,3.00,1.73
2012.11.06 17:33:45.120,0.80159,0.80171,1.50,2.48
2012.11.06 17:33:46.323,0.80159,0.80171,1.50,2.48
2012.11.06 17:33:47.079,0.8016,0.80171,5.25,2.48
2012.11.06 17:33:47.202,0.80162,0.80171,4.73,1.50
2012.11.06 17:33:47.330,0.80162,0.80174,4.73,2.85
2012.11.06 17:33:47.451,0.80161,0.80173,1.67,3.23
2012.11.06 17:33:47.570,0.8016,0.80173,1.50,3.00
2012.11.06 17:33:49.229,0.8016,0.80174,1.50,3.81
2012.11.06 17:33:54.380,0.8016,0.80173,2.48,3.23
2012.11.06 17:33:54.920,0.8016,0.80173,1.50,3.23
2012.11.06 17:33:57.631,0.8016,0.80173,3.00,3.23
2012.11.06 17:33:57.811,0.80163,0.80173,1.50,1.73
2012.11.06 17:33:57.931,0.80161,0.80173,3.00,1.73
2012.11.06 17:33:58.461,0.80161,0.80173,2.25,1.73
2012.11.06 17:34:00.143,0.80161,0.80173,3.75,1.35
2012.11.06 17:34:00.461,0.80162,0.80174,2.48,1.35
2012.11.06 17:34:00.779,0.80164,0.80176,3.98,3.66
2012.11.06 17:34:00.900,0.80163,0.80176,3.98,2.85
2012.11.06 17:34:01.022,0.80163,0.80176,3.98,2.85
2012.11.06 17:34:01.562,0.80166,0.80176,1.50,1.35
2012.11.06 17:34:01.631,0.80164,0.80176,3.00,1.35
2012.11.06 17:34:01.813,0.80165,0.80177,2.25,1.35
2012.11.06 17:34:08.252,0.80165,0.80177,3.00,2.48
2012.11.06 17:34:08.581,0.80164,0.80174,1.50,1.35
2012.11.06 17:34:09.170,0.80163,0.80174,3.00,1.35
2012.11.06 17:34:09.970,0.80163,0.80174,2.25,1.35
2012.11.06 17:34:10.510,0.80163,0.80176,3.00,1.73
2012.11.06 17:34:11.050,0.80164,0.80176,1.50,1.73
2012.11.06 17:34:11.940,0.80166,0.80177,1.50,2.10
2012.11.06 17:34:14.661,0.80165,0.80176,1.50,1.35
2012.11.06 17:34:15.470,0.80165,0.80176,1.50,1.73
2012.11.06 17:34:16.620,0.80162,0.80175,3.00,1.35
2012.11.06 17:34:33.170,0.80162,0.80176,6.00,4.04
2012.11.06 17:34:33.593,0.80163,0.80177,5.48,2.48
2012.11.06 17:34:37.980,0.80164,0.80176,1.50,1.38
2012.11.06 17:34:38.587,0.80165,0.80176,1.50,1.18
2012.11.06 17:34:50.003,0.80164,0.80175,1.50,1.93
2012.11.06 17:34:50.552,0.80162,0.80175,2.48,1.73
2012.11.06 17:34:52.831,0.80164,0.80175,1.50,1.73
2012.11.06 17:34:53.360,0.80165,0.80176,1.50,2.50
2012.11.06 17:34:53.432,0.80165,0.80176,2.25,2.30
2012.11.06 17:34:53.567,0.80165,0.80176,2.48,2.28
2012.11.06 17:34:53.640,0.80165,0.80176,2.48,2.13
2012.11.06 17:34:53.842,0.80165,0.80176,3.00,1.38
2012.11.06 17:34:54.410,0.80165,0.80176,2.25,1.38
2012.11.06 17:34:54.934,0.80165,0.80175,2.25,1.18
2012.11.06 17:34:55.447,0.80165,0.80176,2.25,1.93
2012.11.06 17:34:55.623,0.80165,0.80176,2.25,1.93
2012.11.06 17:34:57.971,0.80165,0.80176,3.00,2.13
2012.11.06 17:34:58.381,0.80165,0.80176,3.00,2.13
2012.11.06 17:35:06.803,0.80162,0.80175,3.23,2.48
2012.11.06 17:35:07.161,0.80162,0.80175,1.50,1.73
2012.11.06 17:35:20.102,0.80162,0.80174,2.25,2.48
2012.11.06 17:35:20.641,0.80163,0.80175,1.50,4.93
2012.11.06 17:35:21.212,0.80163,0.80175,1.50,3.95
2012.11.06 17:35:22.349,0.80162,0.80174,3.00,1.50
2012.11.06 17:35:26.213,0.80162,0.80173,1.73,1.73
2012.11.06 17:35:26.763,0.80161,0.80175,4.13,2.48
2012.11.06 17:35:28.043,0.80161,0.80175,3.00,3.80
2012.11.06 17:35:40.177,0.80161,0.80175,3.00,3.43
2012.11.06 17:35:40.496,0.80161,0.80175,3.00,3.43
2012.11.06 17:35:48.042,0.80161,0.80174,5.25,1.73
2012.11.06 17:36:10.121,0.80161,0.80173,1.50,1.73
2012.11.06 17:36:10.301,0.8016,0.80173,1.50,2.25
2012.11.06 17:36:10.422,0.8016,0.80173,1.73,2.25
2012.11.06 17:36:10.722,0.80159,0.80173,2.42,2.63
2012.11.06 17:36:17.622,0.80157,0.80171,10.67,4.73
2012.11.06 17:36:17.854,0.80158,0.80171,1.73,2.48
2012.11.06 17:36:18.052,0.8016,0.80173,3.00,3.98
2012.11.06 17:36:18.570,0.80161,0.80174,3.92,1.50
2012.11.06 17:36:20.975,0.80161,0.80174,2.48,1.50
2012.11.06 17:36:21.343,0.80166,0.80176,1.50,2.48
2012.11.06 17:36:21.528,0.80165,0.80177,3.23,6.23
2012.11.06 17:36:21.598,0.80165,0.80177,3.23,6.00
2012.11.06 17:36:22.128,0.80165,0.80178,5.48,2.85
2012.11.06 17:36:23.272,0.80165,0.80177,5.48,2.48
2012.11.06 17:36:23.602,0.80164,0.80177,2.48,6.98
2012.11.06 17:36:24.672,0.80164,0.80176,2.48,1.73
2012.11.06 17:36:24.794,0.80165,0.80178,1.73,5.10
2012.11.06 17:36:24.983,0.80164,0.80176,2.48,1.73
2012.11.06 17:36:40.053,0.80164,0.80177,5.48,1.73
2012.11.06 17:36:40.781,0.80164,0.80176,3.98,1.35
2012.11.06 17:36:44.192,0.80166,0.80176,1.50,1.73
2012.11.06 17:36:45.223,0.80165,0.80176,2.48,1.73
2012.11.06 17:36:48.262,0.80164,0.80176,6.92,1.73
2012.11.06 17:36:53.202,0.80164,0.80173,2.48,1.50
2012.11.06 17:36:55.942,0.80165,0.80176,2.48,2.48
2012.11.06 17:36:56.336,0.80165,0.80176,1.73,3.23
2012.11.06 17:36:57.042,0.80164,0.80176,2.48,5.25
2012.11.06 17:36:58.802,0.80164,0.80176,2.48,5.10
2012.11.06 17:36:58.864,0.80164,0.80173,2.48,1.50
2012.11.06 17:36:59.051,0.80164,0.80175,1.73,2.48
2012.11.06 17:36:59.234,0.80162,0.80175,3.23,4.35
2012.11.06 17:36:59.543,0.80163,0.80175,1.73,3.75
2012.11.06 17:36:59.912,0.80163,0.80175,4.73,2.25
2012.11.06 17:37:00.213,0.80161,0.80174,3.23,1.50
2012.11.06 17:37:00.454,0.8016,0.80173,6.23,2.85
2012.11.06 17:37:00.972,0.8016,0.80172,5.48,1.50
2012.11.06 17:37:01.274,0.8016,0.80172,5.48,3.23
2012.11.06 17:37:06.553,0.8016,0.80173,1.73,1.35
2012.11.06 17:37:06.688,0.8016,0.80172,1.50,6.75
2012.11.06 17:37:07.034,0.8016,0.80172,1.50,7.50
2012.11.06 17:37:07.566,0.80157,0.80171,5.48,3.00
2012.11.06 17:37:08.043,0.80158,0.80171,2.48,2.25
2012.11.06 17:37:08.561,0.80158,0.80171,2.48,1.88
2012.11.06 17:37:13.778,0.80158,0.8017,1.73,2.25
2012.11.06 17:37:14.683,0.80158,0.8017,1.73,3.00
2012.11.06 17:37:14.804,0.80158,0.8017,1.73,3.98
2012.11.06 17:37:18.905,0.80153,0.80167,6.98,1.88
2012.11.06 17:37:19.225,0.80153,0.80165,4.73,2.85
2012.11.06 17:37:32.253,0.80153,0.80164,3.98,2.85
2012.11.06 17:37:32.793,0.80153,0.80164,4.73,1.50
2012.11.06 17:37:33.887,0.80154,0.80164,1.73,1.50
2012.11.06 17:37:34.015,0.80154,0.80165,2.48,1.73
2012.11.06 17:37:34.863,0.80153,0.80165,1.73,1.73
2012.11.06 17:37:36.414,0.80152,0.80165,3.92,1.50
2012.11.06 17:37:36.962,0.80152,0.80165,1.73,3.23
2012.11.06 17:37:37.911,0.80152,0.80162,1.73,1.50
2012.11.06 17:37:38.892,0.80152,0.80163,1.73,1.88
2012.11.06 17:37:46.633,0.80152,0.80164,3.23,2.25
2012.11.06 17:37:49.813,0.80153,0.80164,3.23,1.50
2012.11.06 17:37:49.933,0.80156,0.80166,2.25,3.00
2012.11.06 17:37:51.242,0.80157,0.80168,1.73,1.50
2012.11.06 17:37:58.873,0.80156,0.80168,1.73,2.25
2012.11.06 17:38:01.117,0.80155,0.80168,4.73,1.73
2012.11.06 17:38:01.679,0.80156,0.80168,2.48,1.73
2012.11.06 17:38:02.981,0.80156,0.80169,2.48,2.48
2012.11.06 17:38:06.232,0.80158,0.80169,2.48,1.50
2012.11.06 17:38:06.734,0.80159,0.8017,1.73,2.25
2012.11.06 17:38:12.719,0.80157,0.80168,6.23,1.50
2012.11.06 17:38:22.764,0.80158,0.80168,1.73,1.50
2012.11.06 17:38:23.363,0.80158,0.80172,5.48,5.48
2012.11.06 17:38:25.292,0.80158,0.80173,3.23,7.04
2012.11.06 17:38:29.686,0.80158,0.8017,2.48,1.50
2012.11.06 17:38:35.615,0.8016,0.8017,1.50,1.50
2012.11.06 17:38:41.383,0.80161,0.8017,1.50,1.50
2012.11.06 17:38:45.052,0.8016,0.8017,2.48,1.50
2012.11.06 17:38:50.193,0.8016,0.8017,1.73,1.50
2012.11.06 17:38:50.732,0.80157,0.8017,1.73,4.50
2012.11.06 17:38:56.584,0.80156,0.80169,3.08,3.23
2012.11.06 17:38:57.114,0.80156,0.80169,2.33,3.23
2012.11.06 17:38:57.604,0.80155,0.80169,6.23,3.00
2012.11.06 17:38:57.914,0.80155,0.80169,6.23,4.04
2012.11.06 17:38:57.973,0.80155,0.80168,6.23,2.85
2012.11.06 17:39:00.942,0.80155,0.80168,4.73,3.29
2012.11.06 17:39:01.244,0.80153,0.80167,1.73,5.25
2012.11.06 17:39:01.913,0.80153,0.80166,2.48,2.48
2012.11.06 17:39:08.171,0.80155,0.80166,3.00,1.73
2012.11.06 17:39:08.724,0.80158,0.80166,1.73,1.50
2012.11.06 17:39:09.732,0.80158,0.80168,1.73,3.00
2012.11.06 17:39:18.902,0.80158,0.8017,2.48,1.41
2012.11.06 17:39:19.811,0.80158,0.8017,1.73,4.35
2012.11.06 17:39:19.993,0.80157,0.8017,4.73,3.60
2012.11.06 17:39:20.232,0.80157,0.80171,5.48,3.66
2012.11.06 17:39:20.411,0.80157,0.8017,1.73,3.00
2012.11.06 17:39:20.652,0.80157,0.8017,1.73,3.00
2012.11.06 17:39:20.959,0.80157,0.80171,1.73,6.44
2012.11.06 17:39:21.322,0.80157,0.80171,2.48,2.91
2012.11.06 17:39:21.563,0.80157,0.8017,1.73,3.81
2012.11.06 17:39:22.071,0.80157,0.80171,2.48,4.41
2012.11.06 17:39:22.615,0.80155,0.80171,5.48,7.41
2012.11.06 17:39:26.793,0.80155,0.80167,5.48,1.50
2012.11.06 17:39:27.892,0.80156,0.80168,1.73,2.25
2012.11.06 17:39:28.141,0.80156,0.80168,1.73,2.25
2012.11.06 17:39:37.193,0.80156,0.80168,1.73,1.73
2012.11.06 17:39:40.254,0.80155,0.80169,4.73,2.48
2012.11.06 17:39:41.172,0.80157,0.80169,1.73,2.48
2012.11.06 17:39:41.352,0.80159,0.80171,1.73,1.50
2012.11.06 17:39:41.962,0.80159,0.80172,1.73,3.23
2012.11.06 17:39:42.513,0.8016,0.8017,1.73,1.50
2012.11.06 17:39:42.932,0.8016,0.80172,1.73,2.48
2012.11.06 17:39:43.601,0.8016,0.80173,1.73,4.04
2012.11.06 17:39:44.242,0.8016,0.80173,4.73,4.73
2012.11.06 17:39:45.392,0.8016,0.80173,3.98,4.73
2012.11.06 17:39:45.752,0.80158,0.80171,3.92,3.00
2012.11.06 17:39:50.562,0.80157,0.80169,1.73,1.73
2012.11.06 17:39:50.683,0.80156,0.8017,4.73,3.46
2012.11.06 17:39:50.862,0.80156,0.8017,3.98,3.23
2012.11.06 17:39:55.114,0.80154,0.80167,2.48,1.73
2012.11.06 17:39:56.424,0.80155,0.80166,1.73,1.73
2012.11.06 17:39:56.676,0.80155,0.80167,3.75,1.73
2012.11.06 17:39:57.007,0.80153,0.80167,3.60,4.50
2012.11.06 17:40:01.912,0.80156,0.80167,1.50,2.48
2012.11.06 17:40:02.624,0.80156,0.80167,1.73,2.25
2012.11.06 17:40:03.523,0.80156,0.80168,3.23,1.50
2012.11.06 17:40:13.412,0.80157,0.8017,6.98,1.73
2012.11.06 17:40:13.593,0.80157,0.80171,6.98,4.79
2012.11.06 17:40:39.684,0.80159,0.80171,2.48,2.48
2012.11.06 17:40:50.822,0.80159,0.80171,3.23,1.73
2012.11.06 17:40:52.182,0.80161,0.80171,1.73,1.50
2012.11.06 17:40:53.792,0.80161,0.80171,1.73,1.50
2012.11.06 17:40:55.284,0.80161,0.80171,2.48,1.50
2012.11.06 17:40:55.833,0.80161,0.80171,1.73,1.50
2012.11.06 17:41:03.232,0.80161,0.80174,1.73,3.23
2012.11.06 17:41:03.353,0.80161,0.80174,1.73,3.23
2012.11.06 17:41:09.092,0.80161,0.80172,1.73,1.73
2012.11.06 17:41:09.619,0.80161,0.80172,1.73,1.73
2012.11.06 17:41:13.634,0.8016,0.80172,6.23,2.48
2012.11.06 17:41:13.763,0.80159,0.80172,3.98,2.25
2012.11.06 17:41:14.309,0.80159,0.80172,3.98,3.23
2012.11.06 17:41:33.696,0.8016,0.80172,3.98,2.48
2012.11.06 17:41:34.254,0.80161,0.80172,1.73,1.73
2012.11.06 17:41:34.783,0.80161,0.80172,1.73,1.73
2012.11.06 17:41:35.344,0.80162,0.80174,1.73,7.94
2012.11.06 17:41:39.384,0.80164,0.80176,4.73,5.54
2012.11.06 17:41:40.053,0.80164,0.80175,4.73,1.50
2012.11.06 17:41:42.735,0.80164,0.80176,6.98,2.48
2012.11.06 17:41:43.305,0.80164,0.80176,6.98,2.25
2012.11.06 17:41:44.093,0.80164,0.80176,6.98,3.00
2012.11.06 17:41:45.234,0.80165,0.80175,1.73,1.50
2012.11.06 17:41:45.362,0.80165,0.80177,1.73,2.25
2012.11.06 17:41:45.665,0.80167,0.80177,1.73,2.25
2012.11.06 17:41:45.794,0.80164,0.80177,4.73,3.00
2012.11.06 17:41:45.924,0.80164,0.80177,5.48,2.25
2012.11.06 17:41:46.483,0.80164,0.80177,5.48,3.00
2012.11.06 17:41:46.722,0.80164,0.80177,5.48,3.23
2012.11.06 17:41:47.095,0.80163,0.80174,2.48,3.98
2012.11.06 17:41:56.192,0.80162,0.80174,3.23,3.98
2012.11.06 17:41:56.433,0.80162,0.80176,6.23,3.23
2012.11.06 17:41:59.404,0.80162,0.80176,6.92,2.48
2012.11.06 17:42:03.143,0.80165,0.80176,1.50,2.48
2012.11.06 17:42:03.683,0.80165,0.80176,2.48,1.50
2012.11.06 17:42:04.343,0.80165,0.80175,2.48,1.50
2012.11.06 17:42:04.593,0.80165,0.80177,2.48,2.25
2012.11.06 17:42:05.023,0.80165,0.80175,2.48,1.50
2012.11.06 17:42:05.232,0.80165,0.80177,2.48,4.50
2012.11.06 17:42:05.353,0.80165,0.80175,2.48,1.50
2012.11.06 17:42:05.652,0.80165,0.80177,2.48,3.75
2012.11.06 17:42:06.172,0.80165,0.80176,2.48,1.50
2012.11.06 17:42:06.722,0.80165,0.80177,2.48,2.25
2012.11.06 17:42:06.902,0.80165,0.80175,2.48,1.50
2012.11.06 17:42:07.204,0.80165,0.80177,2.48,3.75
2012.11.06 17:42:07.882,0.80165,0.80175,2.48,1.50
2012.11.06 17:42:09.734,0.80165,0.80177,2.48,2.25
2012.11.06 17:42:09.922,0.80165,0.80175,3.98,1.50
2012.11.06 17:42:10.452,0.80165,0.80176,3.98,2.25
2012.11.06 17:42:13.202,0.80165,0.80175,2.48,1.50
2012.11.06 17:42:14.002,0.80165,0.80176,2.48,2.25
2012.11.06 17:42:14.522,0.80165,0.80175,2.48,1.50
2012.11.06 17:42:15.033,0.80165,0.80176,3.23,1.50
2012.11.06 17:42:15.512,0.80165,0.80174,3.23,1.50
2012.11.06 17:42:16.084,0.80165,0.80175,2.48,1.50
2012.11.06 17:42:16.682,0.80165,0.80176,2.48,2.25
2012.11.06 17:42:18.993,0.80165,0.80177,2.48,3.75
2012.11.06 17:42:19.534,0.80165,0.80174,2.48,1.50
2012.11.06 17:42:19.603,0.80165,0.80176,2.48,2.25
2012.11.06 17:42:19.723,0.80165,0.80174,2.48,1.50
2012.11.06 17:42:20.232,0.80165,0.80175,2.48,1.50
2012.11.06 17:42:22.182,0.80164,0.80176,5.48,1.50
2012.11.06 17:42:22.746,0.80164,0.80175,5.48,1.50
2012.11.06 17:42:23.252,0.80164,0.80174,5.48,1.50
2012.11.06 17:42:23.712,0.80164,0.80176,5.48,1.50
2012.11.06 17:42:24.252,0.80164,0.80177,5.48,1.50
2012.11.06 17:42:24.694,0.80165,0.80177,2.48,4.50
2012.11.06 17:42:24.814,0.80164,0.80177,1.73,2.48
2012.11.06 17:42:24.942,0.80164,0.80178,1.73,7.73
2012.11.06 17:42:25.492,0.80163,0.80177,2.85,4.73
2012.11.06 17:42:26.032,0.80163,0.80176,2.85,2.48
2012.11.06 17:42:27.313,0.80164,0.80176,4.73,1.73
2012.11.06 17:42:27.644,0.80166,0.80176,1.73,1.50
2012.11.06 17:42:46.524,0.80167,0.80176,1.73,2.25
2012.11.06 17:42:48.562,0.80165,0.80175,1.35,2.25
2012.11.06 17:42:49.112,0.80164,0.80175,1.73,3.00
2012.11.06 17:42:49.673,0.80163,0.80174,2.42,1.50
2012.11.06 17:42:50.793,0.80162,0.80174,1.67,1.50
2012.11.06 17:42:52.753,0.80162,0.80173,1.67,4.50
2012.11.06 17:42:52.883,0.80162,0.80173,1.67,3.75
2012.11.06 17:42:53.546,0.80162,0.80173,1.67,3.75
2012.11.06 17:42:54.062,0.80162,0.80173,1.67,3.75
2012.11.06 17:42:54.242,0.80161,0.80172,3.98,1.50
2012.11.06 17:42:54.942,0.80159,0.80172,1.73,1.73
2012.11.06 17:42:55.474,0.8016,0.80173,1.73,6.23
2012.11.06 17:42:57.112,0.8016,0.80173,3.23,6.98
2012.11.06 17:42:58.742,0.8016,0.80173,3.23,2.25
2012.11.06 17:42:59.674,0.80162,0.80173,1.73,2.48
2012.11.06 17:43:01.332,0.80162,0.80173,1.73,1.50
2012.11.06 17:43:02.502,0.80162,0.80173,1.73,1.50
2012.11.06 17:43:03.075,0.80162,0.80174,1.73,3.00
2012.11.06 17:43:09.802,0.80163,0.80175,2.42,3.75
2012.11.06 17:43:10.043,0.80163,0.80176,3.17,3.00
2012.11.06 17:43:10.163,0.80162,0.80175,5.80,3.75
2012.11.06 17:43:10.223,0.80162,0.80175,4.30,5.25
2012.11.06 17:43:15.162,0.80163,0.80175,3.60,1.50
2012.11.06 17:43:15.222,0.80163,0.80175,3.60,1.50
2012.11.06 17:43:19.522,0.80165,0.80176,1.35,1.50
2012.11.06 17:43:22.014,0.80166,0.80176,1.73,1.50
2012.11.06 17:43:22.560,0.80165,0.80176,2.48,1.50
2012.11.06 17:43:23.492,0.80166,0.80176,3.98,1.50
2012.11.06 17:43:23.673,0.80166,0.80179,3.98,4.50
2012.11.06 17:43:41.332,0.80165,0.80178,2.85,1.50
2012.11.06 17:43:41.964,0.80165,0.80178,1.35,2.25
2012.11.06 17:43:42.875,0.80166,0.80178,2.10,3.75
2012.11.06 17:43:43.064,0.80166,0.80178,1.35,2.48
2012.11.06 17:43:43.185,0.80166,0.80178,1.35,2.25
2012.11.06 17:43:44.923,0.80166,0.80178,1.73,1.50
2012.11.06 17:43:48.531,0.80166,0.80177,1.35,1.50
2012.11.06 17:43:49.614,0.80166,0.80178,2.48,2.25
2012.11.06 17:43:52.967,0.80168,0.80179,1.73,1.50
2012.11.06 17:43:53.412,0.80168,0.8018,3.98,3.00
2012.11.06 17:43:53.534,0.80168,0.8018,3.60,5.25
2012.11.06 17:43:53.655,0.8017,0.8018,1.73,3.75
2012.11.06 17:43:53.725,0.8017,0.80182,1.73,3.23
2012.11.06 17:43:53.793,0.8017,0.80182,1.73,3.00
2012.11.06 17:43:53.853,0.8017,0.80182,1.50,3.00
2012.11.06 17:43:54.423,0.80169,0.8018,1.50,1.50
2012.11.06 17:43:54.483,0.80168,0.8018,8.57,1.50
2012.11.06 17:43:54.852,0.80168,0.8018,7.35,1.50
2012.11.06 17:43:55.502,0.80168,0.80179,5.48,1.50
2012.11.06 17:43:56.020,0.80168,0.8018,6.98,1.50
2012.11.06 17:43:58.613,0.80168,0.80179,4.73,1.50
2012.11.06 17:43:58.852,0.80167,0.80179,6.98,2.25
2012.11.06 17:43:59.423,0.80167,0.80178,3.98,3.98
2012.11.06 17:44:01.318,0.80167,0.80178,1.73,3.98
2012.11.06 17:44:01.875,0.80167,0.80177,1.73,2.25
2012.11.06 17:44:03.555,0.80166,0.80178,1.35,6.23
2012.11.06 17:44:10.373,0.80167,0.80178,2.48,6.98
2012.11.06 17:44:10.733,0.80168,0.80178,1.73,4.50
2012.11.06 17:44:11.033,0.80169,0.80179,1.73,2.25
2012.11.06 17:44:17.233,0.8017,0.8018,1.73,6.29
2012.11.06 17:44:17.930,0.8017,0.8018,1.73,1.04
2012.11.06 17:44:18.586,0.8017,0.80182,1.73,3.00
2012.11.06 17:44:19.371,0.8017,0.80182,1.73,2.25
2012.11.06 17:44:27.463,0.8017,0.80182,1.35,3.00
2012.11.06 17:44:28.942,0.8017,0.80182,1.35,3.75
2012.11.06 17:44:31.433,0.80171,0.80183,6.23,3.29
2012.11.06 17:44:31.493,0.80171,0.80183,6.23,3.06
2012.11.06 17:44:35.452,0.80173,0.80183,1.35,3.00
2012.11.06 17:44:35.993,0.80171,0.80182,1.73,1.50
2012.11.06 17:44:36.304,0.80172,0.80184,1.73,2.25
2012.11.06 17:44:37.218,0.8017,0.80181,1.73,1.50
2012.11.06 17:44:40.505,0.80169,0.80181,3.23,1.50
2012.11.06 17:44:41.175,0.80169,0.80181,3.23,1.50
2012.11.06 17:44:45.834,0.80169,0.80181,2.48,1.50
2012.11.06 17:44:46.972,0.80169,0.80182,2.48,6.00
2012.11.06 17:44:47.653,0.80168,0.8018,6.23,1.50
2012.11.06 17:44:49.122,0.80168,0.80181,3.98,2.25
2012.11.06 17:44:50.204,0.8017,0.80182,3.23,3.75
2012.11.06 17:45:01.144,0.80171,0.80183,3.98,3.06
2012.11.06 17:45:01.206,0.80171,0.80183,3.23,3.00
2012.11.06 17:45:01.764,0.80172,0.80183,2.48,3.00
2012.11.06 17:45:02.075,0.80172,0.80183,1.73,3.00
2012.11.06 17:45:02.203,0.80172,0.80183,1.73,3.00
2012.11.06 17:45:02.264,0.80172,0.80182,1.73,1.73
2012.11.06 17:45:02.443,0.8017,0.80182,5.10,5.25
2012.11.06 17:45:02.683,0.8017,0.80182,4.35,3.00
2012.11.06 17:45:05.823,0.8017,0.80182,4.73,3.75
2012.11.06 17:45:08.244,0.8017,0.80182,4.73,2.25
2012.11.06 17:45:08.493,0.80171,0.80183,3.98,3.23
2012.11.06 17:45:08.897,0.80172,0.80183,1.73,3.00
2012.11.06 17:45:10.765,0.80172,0.80182,2.85,1.50
2012.11.06 17:45:10.895,0.80172,0.80184,2.85,2.25
2012.11.06 17:45:10.964,0.80172,0.80183,2.10,3.75
2012.11.06 17:45:11.024,0.80172,0.80183,1.88,3.98
2012.11.06 17:45:11.385,0.80172,0.80182,3.60,3.75
2012.11.06 17:45:11.513,0.80172,0.80181,2.48,1.50
2012.11.06 17:45:17.704,0.80172,0.80184,3.98,3.23
2012.11.06 17:45:17.764,0.80172,0.80184,3.98,3.00
2012.11.06 17:45:18.325,0.80175,0.80184,1.13,2.25
2012.11.06 17:45:19.302,0.80172,0.80184,2.85,2.25
2012.11.06 17:45:19.793,0.80174,0.80185,1.73,1.50
2012.11.06 17:45:21.036,0.80173,0.80185,6.98,2.25
2012.11.06 17:45:21.594,0.80174,0.80185,1.73,1.50
2012.11.06 17:45:22.287,0.80175,0.80187,2.48,6.75
2012.11.06 17:45:24.692,0.80175,0.80187,3.23,3.75
2012.11.06 17:45:25.232,0.80175,0.80187,3.23,3.75
2012.11.06 17:45:25.844,0.80175,0.80186,3.98,2.25
2012.11.06 17:45:26.404,0.80175,0.80186,3.23,1.50
2012.11.06 17:45:27.103,0.80175,0.80187,3.23,4.73
2012.11.06 17:45:35.221,0.80175,0.80185,3.23,3.75
2012.11.06 17:45:36.813,0.80175,0.80185,3.23,4.50
2012.11.06 17:45:36.936,0.80175,0.80185,3.23,4.50
2012.11.06 17:45:37.453,0.80175,0.80187,3.23,1.73
2012.11.06 17:45:39.163,0.80175,0.80187,4.73,4.50
2012.11.06 17:45:39.676,0.80175,0.80187,3.98,4.50
2012.11.06 17:45:46.444,0.80176,0.80188,6.59,4.73
2012.11.06 17:45:46.504,0.80176,0.80188,6.59,4.50
2012.11.06 17:46:00.973,0.80177,0.80187,1.73,3.75
2012.11.06 17:46:01.513,0.80177,0.80188,1.73,4.50
2012.11.06 17:46:03.390,0.80177,0.80187,1.73,2.25
2012.11.06 17:46:03.733,0.80176,0.80187,3.23,2.25
2012.11.06 17:46:04.255,0.80176,0.80186,4.73,3.75
2012.11.06 17:46:05.020,0.80176,0.80187,1.73,1.50
2012.11.06 17:46:05.673,0.80176,0.80187,1.73,2.25
2012.11.06 17:46:07.053,0.80175,0.80186,3.98,1.50
2012.11.06 17:46:07.664,0.80175,0.80186,3.00,2.25
2012.11.06 17:46:07.724,0.80175,0.80186,3.23,1.50
2012.11.06 17:46:08.403,0.80173,0.80183,2.48,1.58
2012.11.06 17:46:08.952,0.80172,0.80182,2.48,1.50
2012.11.06 17:46:10.924,0.80172,0.80183,3.23,3.00
2012.11.06 17:46:11.046,0.80172,0.80183,3.23,3.00
2012.11.06 17:46:12.243,0.80172,0.80183,3.98,1.73
2012.11.06 17:46:12.794,0.80172,0.80183,2.10,1.50
2012.11.06 17:46:12.864,0.80172,0.80183,2.10,1.73
2012.11.06 17:46:12.933,0.80172,0.80183,2.10,1.50
2012.11.06 17:46:13.297,0.80172,0.80183,2.85,1.50
2012.11.06 17:46:19.985,0.80172,0.80181,2.25,1.50
2012.11.06 17:46:20.299,0.80169,0.8018,1.73,1.50
2012.11.06 17:46:20.426,0.80169,0.8018,2.48,1.50
2012.11.06 17:46:20.674,0.80168,0.8018,2.48,3.75
2012.11.06 17:46:20.914,0.80168,0.8018,3.98,1.50
2012.11.06 17:46:21.424,0.8017,0.8018,2.48,1.50
2012.11.06 17:46:22.263,0.80168,0.80181,4.73,4.50
2012.11.06 17:46:22.885,0.80168,0.8018,5.48,1.50
2012.11.06 17:46:28.589,0.80171,0.8018,1.73,1.50
2012.11.06 17:46:30.433,0.80171,0.8018,2.85,1.50
2012.11.06 17:46:31.353,0.80172,0.8018,1.13,1.50
2012.11.06 17:46:32.108,0.80171,0.8018,2.85,1.50
2012.11.06 17:46:35.253,0.80172,0.80183,1.73,2.25
2012.11.06 17:46:35.554,0.80171,0.80181,3.98,1.50
2012.11.06 17:46:35.613,0.80171,0.80181,3.98,1.50
2012.11.06 17:46:37.231,0.80172,0.80181,1.73,1.50
2012.11.06 17:46:37.676,0.80172,0.80181,1.50,1.50
2012.11.06 17:46:37.890,0.8017,0.80181,1.73,1.50
2012.11.06 17:46:37.957,0.8017,0.80181,1.73,1.50
2012.11.06 17:46:39.745,0.80169,0.80181,4.35,1.50
2012.11.06 17:46:39.944,0.80169,0.80181,4.35,1.50
2012.11.06 17:46:40.313,0.80169,0.80181,5.10,1.50
2012.11.06 17:46:41.617,0.80169,0.80181,4.35,1.50
2012.11.06 17:46:43.118,0.80169,0.80181,4.13,1.50
2012.11.06 17:46:43.364,0.80169,0.8018,2.85,2.25
2012.11.06 17:46:43.913,0.80169,0.80179,1.35,1.50
2012.11.06 17:46:44.884,0.80168,0.80179,2.48,1.50
2012.11.06 17:46:45.154,0.80168,0.80179,3.98,1.50
2012.11.06 17:46:45.872,0.80168,0.80179,3.98,1.50
2012.11.06 17:46:48.343,0.80169,0.80179,2.48,1.50
2012.11.06 17:46:49.192,0.8017,0.80182,1.73,3.75
2012.11.06 17:46:49.732,0.8017,0.80182,1.73,3.00
2012.11.06 17:46:51.793,0.8017,0.80182,2.10,3.75
2012.11.06 17:46:55.824,0.8017,0.80182,2.48,3.00
2012.11.06 17:47:05.563,0.8017,0.80182,3.60,3.75
2012.11.06 17:47:06.102,0.80171,0.80182,2.48,1.50
2012.11.06 17:47:08.344,0.8017,0.80181,3.98,1.50
2012.11.06 17:47:08.894,0.8017,0.80181,3.23,1.50
2012.11.06 17:47:11.002,0.8017,0.80181,3.23,1.50
2012.11.06 17:47:12.211,0.8017,0.80181,2.48,1.50
2012.11.06 17:47:12.883,0.8017,0.80181,2.48,1.50
2012.11.06 17:47:13.895,0.8017,0.80181,4.73,1.50
2012.11.06 17:47:15.313,0.8017,0.80181,4.73,1.50
2012.11.06 17:47:21.655,0.8017,0.80181,1.13,3.75
2012.11.06 17:47:22.185,0.80167,0.8018,3.75,3.00
2012.11.06 17:47:22.724,0.80168,0.8018,1.50,3.00
2012.11.06 17:47:23.232,0.80166,0.8018,11.25,2.25
2012.11.06 17:47:24.231,0.80167,0.80181,2.25,6.06
2012.11.06 17:47:26.822,0.80167,0.80181,3.00,5.31
2012.11.06 17:47:34.526,0.80167,0.8018,1.50,3.00
2012.11.06 17:47:37.484,0.80169,0.80181,1.73,3.00
2012.11.06 17:47:37.665,0.80169,0.80181,1.73,3.00
2012.11.06 17:47:38.214,0.80169,0.80181,3.23,3.00
2012.11.06 17:47:38.284,0.80169,0.80181,3.23,3.00
2012.11.06 17:47:38.709,0.80169,0.80181,1.73,1.50
2012.11.06 17:47:39.213,0.80169,0.80181,1.73,1.50
2012.11.06 17:47:51.416,0.80172,0.80183,1.73,2.48
2012.11.06 17:47:51.544,0.80172,0.80184,3.98,1.56
2012.11.06 17:47:51.737,0.80172,0.80183,3.98,1.50
2012.11.06 17:47:51.865,0.80173,0.80183,2.48,1.50
2012.11.06 17:47:53.644,0.80173,0.80185,1.73,3.00
2012.11.06 17:47:54.163,0.80173,0.80185,2.10,3.00
2012.11.06 17:48:01.133,0.80173,0.80185,2.10,6.00
2012.11.06 17:48:01.672,0.80174,0.80185,2.10,2.25
2012.11.06 17:48:02.174,0.80174,0.80185,1.88,2.25
2012.11.06 17:48:02.904,0.80174,0.80185,1.88,2.25
2012.11.06 17:48:03.144,0.80174,0.80185,2.10,2.25
2012.11.06 17:48:04.064,0.80176,0.80186,3.23,3.75
2012.11.06 17:48:04.715,0.80176,0.80186,2.48,5.25
2012.11.06 17:48:05.047,0.80174,0.80179,3.23,3.75
2012.11.06 17:48:05.358,0.80169,0.80178,1.73,4.50
2012.11.06 17:48:05.495,0.80168,0.80177,3.15,3.00
2012.11.06 17:48:06.684,0.80166,0.80177,2.03,3.23
2012.11.06 17:48:06.995,0.80166,0.80177,2.03,3.23
2012.11.06 17:48:07.763,0.80166,0.80173,2.03,1.50
2012.11.06 17:48:08.163,0.80165,0.80173,1.13,1.50
2012.11.06 17:48:08.693,0.80165,0.80176,1.13,1.73
2012.11.06 17:48:08.814,0.80165,0.80176,1.35,1.50
2012.11.06 17:48:12.263,0.80165,0.80176,2.25,1.50
2012.11.06 17:48:14.075,0.80165,0.80176,2.48,1.50
2012.11.06 17:48:17.383,0.80161,0.80172,5.72,1.50
2012.11.06 17:48:17.442,0.80164,0.80174,3.23,4.50
2012.11.06 17:48:17.504,0.80164,0.80174,2.25,3.00
2012.11.06 17:48:17.563,0.80162,0.80173,2.25,1.73
2012.11.06 17:48:17.867,0.80162,0.80174,1.73,9.06
2012.11.06 17:48:17.934,0.80162,0.80174,1.73,9.06
2012.11.06 17:48:18.233,0.8016,0.80171,2.48,3.00
2012.11.06 17:48:29.704,0.8016,0.80168,2.48,1.50
2012.11.06 17:48:30.133,0.80158,0.80169,3.98,1.50
2012.11.06 17:48:30.636,0.80158,0.80169,5.48,1.50
2012.11.06 17:48:30.823,0.80158,0.80169,5.48,1.50
2012.11.06 17:48:33.163,0.8016,0.80169,2.48,1.50
2012.11.06 17:48:34.453,0.8016,0.8017,2.48,4.50
2012.11.06 17:48:35.643,0.8016,0.80169,2.48,1.50
2012.11.06 17:48:36.844,0.80161,0.80171,1.73,1.50
2012.11.06 17:48:37.405,0.8016,0.80171,2.48,1.50
2012.11.06 17:48:39.994,0.80159,0.80171,5.48,1.50
2012.11.06 17:48:40.454,0.80161,0.80171,1.73,3.00
2012.11.06 17:48:40.585,0.80161,0.80173,1.73,4.58
2012.11.06 17:48:40.719,0.80161,0.8017,2.48,1.50
2012.11.06 17:48:41.027,0.80161,0.8017,2.48,1.50
2012.11.06 17:48:41.215,0.8016,0.8017,4.73,1.50
2012.11.06 17:48:43.404,0.8016,0.8017,1.50,1.50
2012.11.06 17:48:45.373,0.8016,0.8017,1.73,1.50
2012.11.06 17:48:45.913,0.8016,0.8017,1.73,1.50
2012.11.06 17:48:46.415,0.8016,0.8017,1.73,1.50
2012.11.06 17:48:49.563,0.8016,0.8017,1.73,1.50
2012.11.06 17:48:50.783,0.8016,0.8017,1.73,1.50
2012.11.06 17:48:51.443,0.8016,0.8017,1.73,1.50
2012.11.06 17:48:52.384,0.8016,0.8017,1.73,1.50
2012.11.06 17:49:20.066,0.80159,0.80172,2.85,1.73
2012.11.06 17:49:24.753,0.80159,0.80172,3.23,1.73
2012.11.06 17:49:44.973,0.80159,0.80171,3.75,1.50
2012.11.06 17:49:45.527,0.80159,0.80171,2.48,1.35
2012.11.06 17:49:46.596,0.80158,0.80171,2.25,3.23
2012.11.06 17:49:48.734,0.80157,0.8017,1.50,3.00
2012.11.06 17:49:49.114,0.80158,0.80169,1.73,3.23
2012.11.06 17:49:49.236,0.80158,0.80169,1.73,3.06
2012.11.06 17:49:52.316,0.80158,0.8017,3.23,3.75
2012.11.06 17:49:55.087,0.80159,0.8017,2.48,1.50
2012.11.06 17:49:55.635,0.80158,0.8017,2.48,2.31
2012.11.06 17:49:59.209,0.80158,0.80171,3.23,5.33
2012.11.06 17:50:00.133,0.80158,0.80171,3.23,4.58
2012.11.06 17:50:00.315,0.80158,0.80171,1.50,6.08
2012.11.06 17:50:01.314,0.80158,0.80171,1.50,6.89
2012.11.06 17:50:01.745,0.80159,0.80171,2.48,6.89
2012.11.06 17:50:04.924,0.80158,0.8017,1.50,1.50
2012.11.06 17:50:06.255,0.80158,0.8017,1.50,1.50
2012.11.06 17:50:06.807,0.80158,0.8017,3.60,1.50
2012.11.06 17:50:07.053,0.80159,0.80171,1.73,2.16
2012.11.06 17:50:07.775,0.80161,0.80173,3.98,3.06
2012.11.06 17:50:14.690,0.80163,0.80173,1.88,2.25
2012.11.06 17:50:15.585,0.80163,0.80174,2.10,1.50
2012.11.06 17:50:18.663,0.80163,0.80174,3.23,1.50
2012.11.06 17:50:18.723,0.80163,0.80174,3.23,2.31
2012.11.06 17:50:19.134,0.80164,0.80176,2.25,2.25
2012.11.06 17:50:19.375,0.80163,0.80175,3.23,2.25
2012.11.06 17:50:40.524,0.80162,0.80173,1.73,1.50
2012.11.06 17:51:06.403,0.80162,0.80174,1.35,1.50
2012.11.06 17:51:06.464,0.80162,0.80175,1.35,3.81
2012.11.06 17:51:06.773,0.80162,0.80175,1.13,3.81
2012.11.06 17:51:06.894,0.80162,0.80175,1.35,3.81
2012.11.06 17:51:07.019,0.80162,0.80175,1.35,3.81
2012.11.06 17:51:07.994,0.80163,0.80175,2.10,2.25
2012.11.06 17:51:08.543,0.80163,0.80176,3.60,3.00
2012.11.06 17:51:27.273,0.80166,0.80177,1.35,3.23
2012.11.06 17:51:27.824,0.80166,0.80177,2.10,3.75
2012.11.06 17:51:28.914,0.80164,0.80177,7.35,5.48
2012.11.06 17:51:29.422,0.80165,0.80177,2.10,2.48
2012.11.06 17:51:33.264,0.80164,0.80176,5.48,1.50
2012.11.06 17:51:35.413,0.80164,0.80176,3.98,2.25
2012.11.06 17:51:35.655,0.80164,0.80172,1.35,2.25
2012.11.06 17:51:36.193,0.80162,0.80172,2.85,1.50
2012.11.06 17:51:36.254,0.80162,0.80174,2.85,1.50
2012.11.06 17:51:43.444,0.80163,0.80172,1.73,2.25
2012.11.06 17:51:44.005,0.80163,0.80172,1.73,2.25
2012.11.06 17:51:46.725,0.80163,0.80174,2.48,1.50
2012.11.06 17:51:59.703,0.80164,0.80174,1.73,2.25
2012.11.06 17:52:09.436,0.80162,0.80174,5.10,1.50
2012.11.06 17:52:13.668,0.80162,0.80174,5.10,2.25
2012.11.06 17:52:13.985,0.80162,0.80174,5.10,2.25
2012.11.06 17:52:21.765,0.80162,0.80174,4.35,2.25
2012.11.06 17:52:22.006,0.80162,0.80174,5.85,1.50
2012.11.06 17:52:22.376,0.80163,0.80174,1.73,2.25
2012.11.06 17:52:22.924,0.8016,0.80171,3.98,3.00
2012.11.06 17:52:23.045,0.80159,0.80172,3.98,3.00
2012.11.06 17:52:23.164,0.80159,0.80172,1.73,3.75
2012.11.06 17:52:23.285,0.80159,0.80172,1.73,1.73
2012.11.06 17:52:23.833,0.80158,0.80169,3.92,3.23
2012.11.06 17:52:28.936,0.80156,0.80168,2.85,1.50
2012.11.06 17:52:29.193,0.80156,0.80168,2.10,1.50
2012.11.06 17:52:29.695,0.80155,0.80166,1.73,3.00
2012.11.06 17:52:36.934,0.80156,0.80168,2.48,3.29
2012.11.06 17:52:37.115,0.80156,0.80168,3.23,2.25
2012.11.06 17:52:46.223,0.80156,0.80168,3.23,3.00
2012.11.06 17:52:46.733,0.80156,0.80168,3.23,3.00
2012.11.06 17:52:47.686,0.80156,0.80168,3.23,2.25
2012.11.06 17:52:49.957,0.80156,0.80168,4.73,3.00
2012.11.06 17:53:13.924,0.80157,0.80168,1.35,2.25
2012.11.06 17:53:16.791,0.80159,0.8017,1.73,1.50
2012.11.06 17:53:17.125,0.80159,0.80171,2.48,1.73
2012.11.06 17:53:20.853,0.8016,0.80169,2.10,3.75
2012.11.06 17:53:21.155,0.80159,0.80171,3.98,3.75
2012.11.06 17:53:21.215,0.80159,0.80171,3.98,3.75
2012.11.06 17:53:39.583,0.80159,0.80172,2.10,5.48
2012.11.06 17:53:40.542,0.80159,0.80172,2.10,5.48
2012.11.06 17:53:42.434,0.8016,0.80172,1.73,1.73
2012.11.06 17:53:42.494,0.8016,0.80173,1.50,5.96
2012.11.06 17:53:43.005,0.8016,0.80173,3.00,7.92
2012.11.06 17:53:43.572,0.8016,0.80173,3.98,8.15
2012.11.06 17:53:45.464,0.80162,0.80174,3.75,3.08
2012.11.06 17:53:45.765,0.80162,0.80174,4.73,2.85
2012.11.06 17:53:58.744,0.80162,0.80174,1.73,2.85
2012.11.06 17:53:59.311,0.80162,0.80174,1.73,2.48
2012.11.06 17:54:01.755,0.80161,0.80174,2.48,1.50
2012.11.06 17:54:02.314,0.80161,0.80175,3.98,1.96
2012.11.06 17:54:09.024,0.80161,0.80173,1.73,2.25
2012.11.06 17:54:13.134,0.80161,0.80171,1.35,3.00
2012.11.06 17:54:16.206,0.80161,0.80173,1.35,3.00
2012.11.06 17:54:17.443,0.80161,0.80173,1.35,3.98
2012.11.06 17:54:21.464,0.80159,0.80171,3.60,4.50
2012.11.06 17:54:26.513,0.80159,0.80171,2.85,4.50
2012.11.06 17:54:32.455,0.80159,0.8017,2.10,1.50
2012.11.06 17:54:32.974,0.80158,0.8017,1.35,1.50
2012.11.06 17:54:55.694,0.80157,0.80168,2.25,2.25
2012.11.06 17:54:55.753,0.80157,0.80168,2.48,2.25
2012.11.06 17:54:55.933,0.80157,0.80168,2.48,2.25
2012.11.06 17:54:56.053,0.80157,0.80168,3.23,1.50
2012.11.06 17:55:01.005,0.80157,0.80168,3.23,1.50
2012.11.06 17:55:01.541,0.80157,0.80168,3.23,1.50
2012.11.06 17:55:09.533,0.80158,0.8017,1.73,1.50
2012.11.06 17:55:13.603,0.80158,0.8017,6.23,1.50
2012.11.06 17:55:15.834,0.80158,0.80167,5.48,1.50
2012.11.06 17:55:16.663,0.80158,0.80167,5.48,1.50
2012.11.06 17:55:16.843,0.80158,0.8017,5.48,3.75
2012.11.06 17:55:16.963,0.80158,0.8017,5.48,3.00
2012.11.06 17:55:17.512,0.80158,0.8017,5.48,2.25
2012.11.06 17:55:17.963,0.80158,0.8017,5.48,2.25
2012.11.06 17:55:19.003,0.80158,0.80169,5.48,1.50
2012.11.06 17:55:19.556,0.80158,0.80167,5.48,1.50
2012.11.06 17:55:20.023,0.80158,0.80169,5.48,1.50
2012.11.06 17:55:21.393,0.80158,0.80169,6.23,2.25
2012.11.06 17:55:21.933,0.80158,0.80169,2.48,2.25
2012.11.06 17:55:21.993,0.80158,0.80169,1.73,2.25
2012.11.06 17:55:43.586,0.80158,0.80166,1.73,1.50
2012.11.06 17:55:45.594,0.80156,0.80166,2.48,1.50
2012.11.06 17:55:46.584,0.80156,0.80166,3.23,1.50
2012.11.06 17:55:50.815,0.80156,0.80166,2.48,2.25
2012.11.06 17:55:51.353,0.80156,0.80166,2.48,1.50
2012.11.06 17:55:52.028,0.80156,0.80166,3.98,1.50
2012.11.06 17:55:53.616,0.80156,0.80166,2.48,1.50
2012.11.06 17:55:54.483,0.80156,0.80166,3.98,2.25
2012.11.06 17:55:56.034,0.80156,0.80166,1.73,2.25
2012.11.06 17:55:56.994,0.80156,0.80166,1.73,1.50
2012.11.06 17:56:08.334,0.80156,0.80166,1.73,2.25
2012.11.06 17:56:08.724,0.80155,0.80166,1.73,1.50
2012.11.06 17:56:08.797,0.80155,0.80167,1.73,3.00
2012.11.06 17:56:11.864,0.80155,0.80166,1.73,2.31
2012.11.06 17:56:15.603,0.80155,0.80164,1.73,1.50
2012.11.06 17:56:19.105,0.80155,0.80164,1.73,1.50
2012.11.06 17:56:21.330,0.80155,0.80164,1.73,1.50
2012.11.06 17:56:22.425,0.80156,0.80166,4.50,3.23
2012.11.06 17:56:22.955,0.80156,0.80167,4.73,2.25
2012.11.06 17:56:25.604,0.80155,0.80168,3.98,2.10
2012.11.06 17:56:25.963,0.80155,0.80167,6.00,2.25
2012.11.06 17:56:26.023,0.80156,0.80168,2.48,4.56
2012.11.06 17:56:51.307,0.80156,0.80166,3.23,1.50
2012.11.06 17:56:56.245,0.80156,0.80166,3.60,2.25
2012.11.06 17:56:57.704,0.80156,0.80166,3.23,1.50
2012.11.06 17:57:00.383,0.80156,0.80166,4.73,1.50
2012.11.06 17:57:00.905,0.80157,0.80166,3.98,2.25
2012.11.06 17:57:09.994,0.80158,0.80166,1.50,1.50
2012.11.06 17:57:10.295,0.80156,0.80166,3.70,1.73
2012.11.06 17:57:10.355,0.80155,0.80166,5.48,1.73
2012.11.06 17:57:11.327,0.80155,0.80166,5.48,1.73
2012.11.06 17:57:11.463,0.80154,0.80166,3.23,3.75
2012.11.06 17:57:12.505,0.80154,0.80166,1.73,3.75
2012.11.06 17:57:13.044,0.80155,0.80166,1.35,3.23
2012.11.06 17:57:16.624,0.80155,0.80166,2.48,3.23
2012.11.06 17:57:17.895,0.80155,0.80166,2.48,3.23
2012.11.06 17:57:18.030,0.80155,0.80166,6.23,3.00
2012.11.06 17:57:26.597,0.80155,0.80166,1.50,3.98
2012.11.06 17:57:27.145,0.80155,0.80166,5.48,3.00
2012.11.06 17:57:40.656,0.80153,0.80165,3.23,2.48
2012.11.06 17:57:40.934,0.80153,0.80165,3.23,2.48
2012.11.06 17:57:41.136,0.80153,0.80165,3.23,2.48
2012.11.06 17:57:45.944,0.80154,0.80166,2.10,3.23
2012.11.06 17:57:48.872,0.80154,0.80166,1.73,3.23
2012.11.06 17:57:50.404,0.80153,0.80165,2.10,3.23
2012.11.06 17:57:50.971,0.80153,0.80164,2.10,1.73
2012.11.06 17:57:51.367,0.80153,0.80164,2.10,1.73
2012.11.06 17:57:51.950,0.80152,0.80164,1.35,1.73
2012.11.06 17:57:54.344,0.80152,0.80164,1.73,1.73
2012.11.06 17:57:55.194,0.80154,0.80166,1.73,4.73
2012.11.06 17:57:55.736,0.80153,0.80166,1.67,4.21
2012.11.06 17:58:00.278,0.80156,0.80166,3.75,1.73
2012.11.06 17:58:01.195,0.80154,0.80166,3.98,1.50
2012.11.06 17:58:01.434,0.80153,0.80166,4.67,2.71
2012.11.06 17:58:01.736,0.80154,0.80166,5.48,3.23
2012.11.06 17:58:01.805,0.80154,0.80166,5.48,3.23
2012.11.06 17:58:02.314,0.80155,0.80166,1.13,3.23
2012.11.06 17:58:06.469,0.80156,0.80166,3.75,3.23
2012.11.06 17:58:08.012,0.80156,0.80167,4.73,1.73
2012.11.06 17:58:08.335,0.80158,0.80167,3.75,1.73
2012.11.06 17:58:08.634,0.80158,0.80169,3.98,1.50
2012.11.06 17:58:09.876,0.80158,0.80169,3.98,1.50
2012.11.06 17:58:10.184,0.80157,0.80169,3.23,2.48
2012.11.06 17:58:11.385,0.80155,0.80167,2.05,3.98
2012.11.06 17:58:11.516,0.80155,0.80166,1.82,2.48
2012.11.06 17:58:12.157,0.80154,0.80166,3.23,1.50
2012.11.06 17:58:13.054,0.80154,0.80166,3.23,1.50
2012.11.06 17:58:13.174,0.80156,0.80167,3.75,1.50
2012.11.06 17:58:13.236,0.80156,0.80167,3.75,1.50
2012.11.06 17:58:15.884,0.80154,0.80166,3.23,3.30
2012.11.06 17:58:16.006,0.80154,0.80166,1.73,5.61
2012.11.06 17:58:16.554,0.80154,0.80163,1.73,1.50
2012.11.06 17:58:17.105,0.80153,0.80163,3.98,1.50
2012.11.06 17:58:18.124,0.80153,0.80164,3.98,1.54
2012.11.06 17:58:18.364,0.80153,0.80163,3.98,2.48
2012.11.06 17:58:18.725,0.80149,0.80161,2.25,4.56
2012.11.06 17:58:18.785,0.80147,0.80161,3.23,6.98
2012.11.06 17:58:19.324,0.80144,0.80158,6.23,3.23
2012.11.06 17:58:20.524,0.80144,0.80158,6.23,3.23
2012.11.06 17:58:21.059,0.80146,0.80158,3.98,2.31
2012.11.06 17:58:23.303,0.80145,0.80156,1.73,1.50
2012.11.06 17:58:23.485,0.80145,0.80156,1.73,1.50
2012.11.06 17:58:24.055,0.80145,0.80156,1.73,1.50
2012.11.06 17:58:41.254,0.80146,0.80154,4.73,1.50
2012.11.06 17:58:41.316,0.80146,0.80155,4.73,2.25
2012.11.06 17:58:42.054,0.80145,0.80157,1.35,2.31
2012.11.06 17:58:45.449,0.80146,0.80158,1.73,2.25
2012.11.06 17:58:45.754,0.80147,0.80159,2.48,3.81
2012.11.06 17:58:46.834,0.80147,0.80157,3.23,1.50
2012.11.06 17:58:47.195,0.80147,0.80159,3.38,1.50
2012.11.06 17:58:47.734,0.80146,0.80158,3.23,2.31
2012.11.06 17:58:50.274,0.80146,0.80158,3.23,1.50
2012.11.06 17:58:51.765,0.80149,0.80158,1.73,1.50
2012.11.06 17:58:51.885,0.80149,0.8016,1.73,1.50
2012.11.06 17:58:52.557,0.80149,0.80161,1.73,4.13
2012.11.06 17:58:59.355,0.80151,0.8016,3.98,1.50
2012.11.06 17:58:59.734,0.80148,0.8016,2.48,3.29
2012.11.06 17:58:59.794,0.80148,0.8016,2.48,4.04
2012.11.06 17:59:00.369,0.80148,0.8016,2.25,3.23
2012.11.06 17:59:00.978,0.80148,0.80159,1.50,1.73
2012.11.06 17:59:03.854,0.80148,0.80159,1.50,1.41
2012.11.06 17:59:04.164,0.80148,0.80159,1.50,1.41
2012.11.06 17:59:05.264,0.80148,0.80158,1.50,3.00
2012.11.06 17:59:07.924,0.80148,0.80158,5.25,1.50
2012.11.06 17:59:08.435,0.80148,0.80159,5.48,2.25
2012.11.06 17:59:12.555,0.80148,0.80157,1.73,3.75
2012.11.06 17:59:12.674,0.80147,0.80157,2.25,4.50
2012.11.06 17:59:12.984,0.80149,0.80159,1.50,5.48
2012.11.06 17:59:13.625,0.80149,0.80159,1.73,5.25
2012.11.06 17:59:15.656,0.80149,0.80159,1.73,2.25
2012.11.06 17:59:15.965,0.80148,0.80159,1.73,1.32
2012.11.06 17:59:17.226,0.80148,0.80159,1.73,1.32
2012.11.06 17:59:19.626,0.80148,0.80157,1.73,1.50
2012.11.06 17:59:21.424,0.80148,0.80158,1.73,1.73
2012.11.06 17:59:21.956,0.80148,0.80158,1.73,1.50
2012.11.06 17:59:22.695,0.80148,0.80159,1.73,2.25
2012.11.06 17:59:23.254,0.80148,0.80159,1.50,2.48
2012.11.06 17:59:23.495,0.80148,0.80158,1.73,1.50
2012.11.06 17:59:23.866,0.80145,0.80158,2.85,1.73
2012.11.06 17:59:28.544,0.80146,0.80157,1.73,6.00
2012.11.06 17:59:39.604,0.80146,0.80157,1.73,6.00
2012.11.06 17:59:40.493,0.80146,0.80157,1.73,6.00
2012.11.06 17:59:45.784,0.80146,0.80157,1.73,6.00
2012.11.06 17:59:49.904,0.80146,0.80157,1.73,3.00
2012.11.06 17:59:50.445,0.80145,0.80156,2.48,1.50
2012.11.06 17:59:54.184,0.80145,0.80156,2.48,2.25
2012.11.06 17:59:54.818,0.80145,0.80156,2.48,2.25
2012.11.06 17:59:58.322,0.80145,0.80156,2.48,2.25
2012.11.06 17:59:58.504,0.80145,0.80156,2.48,1.50
2012.11.06 17:59:59.254,0.80146,0.80156,1.73,1.50
2012.11.06 17:59:59.767,0.80146,0.80155,1.73,1.50
