2008.03.26 09:00:00.265,0.77825,0.77865,16.00,14.40
2008.03.26 09:00:00.583,0.77825,0.77875,16.00,12.00
2008.03.26 09:00:00.898,0.77825,0.77875,16.00,12.00
2008.03.26 09:00:01.186,0.77825,0.77875,12.00,12.00
2008.03.26 09:00:01.471,0.77815,0.77875,4.00,0.80
2008.03.26 09:00:01.769,0.77805,0.77875,4.00,0.80
2008.03.26 09:00:02.053,0.77805,0.77875,4.00,0.80
2008.03.26 09:00:02.345,0.77805,0.77875,4.00,0.80
2008.03.26 09:00:02.634,0.77805,0.77875,4.00,0.80
2008.03.26 09:00:02.924,0.77805,0.77875,4.00,0.80
2008.03.26 09:00:03.185,0.77825,0.77865,12.00,12.00
2008.03.26 09:00:03.446,0.77825,0.77865,12.00,12.00
2008.03.26 09:00:03.704,0.77825,0.77865,12.00,12.00
2008.03.26 09:00:03.964,0.77825,0.77865,12.00,12.00
2008.03.26 09:00:04.244,0.77825,0.77865,12.00,12.00
2008.03.26 09:00:04.524,0.77825,0.77865,12.00,12.00
2008.03.26 09:00:04.804,0.77825,0.77865,12.00,12.00
2008.03.26 09:00:05.085,0.77825,0.77865,12.00,12.00
2008.03.26 09:00:05.406,0.77825,0.77865,12.00,12.00
2008.03.26 09:00:05.725,0.77825,0.77865,12.00,12.00
2008.03.26 09:00:06.045,0.77825,0.77865,12.00,12.00
2008.03.26 09:00:06.268,0.77825,0.77875,12.00,16.80
2008.03.26 09:00:06.489,0.77825,0.77875,12.00,12.80
2008.03.26 09:00:06.709,0.77825,0.77875,12.00,12.80
2008.03.26 09:00:06.929,0.77825,0.77875,12.00,12.80
2008.03.26 09:00:07.151,0.77825,0.77875,12.00,12.80
2008.03.26 09:00:07.488,0.77815,0.77875,8.80,0.80
2008.03.26 09:00:07.836,0.7788,0.77885,4.00,1.60
2008.03.26 09:00:08.172,0.77875,0.7788,8.20,0.80
2008.03.26 09:00:08.402,0.7788,0.77885,4.00,1.60
2008.03.26 09:00:08.654,0.7788,0.77885,4.00,1.60
2008.03.26 09:00:08.887,0.7788,0.77885,4.00,1.60
2008.03.26 09:00:09.118,0.77885,0.77895,3.20,0.80
2008.03.26 09:00:09.444,0.77895,0.77905,12.00,1.60
2008.03.26 09:00:09.769,0.77885,0.77945,5.60,8.00
2008.03.26 09:00:10.105,0.77885,0.77945,5.60,8.00
2008.03.26 09:00:10.375,0.77885,0.77955,9.60,4.00
2008.03.26 09:00:10.645,0.77895,0.77965,0.80,13.60
2008.03.26 09:00:10.916,0.7789,0.77965,0.80,13.60
2008.03.26 09:00:11.188,0.7789,0.77965,0.80,13.60
2008.03.26 09:00:11.502,0.7789,0.77935,0.80,12.00
2008.03.26 09:00:11.817,0.77895,0.77935,12.00,16.00
2008.03.26 09:00:12.132,0.77915,0.77955,12.00,12.00
2008.03.26 09:00:12.363,0.77915,0.77955,12.00,12.00
2008.03.26 09:00:12.597,0.77955,0.77965,1.60,16.00
2008.03.26 09:00:12.827,0.77935,0.77955,3.20,12.00
2008.03.26 09:00:13.060,0.77935,0.77965,3.20,4.00
2008.03.26 09:00:13.289,0.77935,0.77975,3.20,16.80
2008.03.26 09:00:13.625,0.77935,0.77975,15.20,16.80
2008.03.26 09:00:13.961,0.77935,0.77975,16.80,8.00
2008.03.26 09:00:14.297,0.77955,0.77975,1.60,12.00
2008.03.26 09:00:14.544,0.77955,0.77985,1.60,16.00
2008.03.26 09:00:14.789,0.77955,0.77985,1.60,16.00
2008.03.26 09:00:15.047,0.77955,0.77985,1.60,16.00
2008.03.26 09:00:15.290,0.77945,0.77985,12.00,16.00
2008.03.26 09:00:15.626,0.77945,0.77985,12.00,16.00
2008.03.26 09:00:15.960,0.77945,0.77985,12.00,16.00
2008.03.26 09:00:16.297,0.77945,0.77985,12.00,16.00
2008.03.26 09:00:16.539,0.77975,0.77995,12.00,2.80
2008.03.26 09:00:16.778,0.77975,0.77995,12.00,1.20
2008.03.26 09:00:17.022,0.77965,0.77995,8.00,1.20
2008.03.26 09:00:17.261,0.77945,0.77985,12.00,16.00
2008.03.26 09:00:17.581,0.77935,0.77965,5.60,1.60
2008.03.26 09:00:17.901,0.77925,0.77965,16.00,3.20
2008.03.26 09:00:18.233,0.77925,0.77965,16.00,3.20
2008.03.26 09:00:18.487,0.77925,0.77965,18.40,6.40
2008.03.26 09:00:18.737,0.77925,0.77965,18.40,6.40
2008.03.26 09:00:18.987,0.77925,0.77965,18.40,2.40
2008.03.26 09:00:19.237,0.77935,0.77965,12.00,2.40
2008.03.26 09:00:19.553,0.77935,0.77975,12.00,20.00
2008.03.26 09:00:19.882,0.77935,0.77975,12.00,12.00
2008.03.26 09:00:20.200,0.77925,0.77965,26.40,3.20
2008.03.26 09:00:20.485,0.77935,0.77965,2.40,4.00
2008.03.26 09:00:20.771,0.77935,0.77965,2.40,16.00
2008.03.26 09:00:21.074,0.77935,0.77965,2.40,16.00
2008.03.26 09:00:21.354,0.77935,0.77965,2.40,16.00
2008.03.26 09:00:21.655,0.77935,0.77965,2.40,1.60
2008.03.26 09:00:21.955,0.77935,0.77965,2.40,1.60
2008.03.26 09:00:22.255,0.77935,0.77965,2.40,1.60
2008.03.26 09:00:22.487,0.77935,0.77965,2.40,16.00
2008.03.26 09:00:22.718,0.77935,0.77965,2.40,16.00
2008.03.26 09:00:22.950,0.77935,0.77965,2.40,16.00
2008.03.26 09:00:23.193,0.77935,0.77965,2.40,16.00
2008.03.26 09:00:23.423,0.77945,0.77965,3.20,2.40
2008.03.26 09:00:23.759,0.77945,0.77975,15.20,4.80
2008.03.26 09:00:24.094,0.77955,0.77975,2.40,0.80
2008.03.26 09:00:24.441,0.77955,0.77995,2.40,19.20
2008.03.26 09:00:24.687,0.77955,0.77995,2.40,19.20
2008.03.26 09:00:24.932,0.77955,0.77995,2.40,20.00
2008.03.26 09:00:25.177,0.77955,0.77995,2.40,20.00
2008.03.26 09:00:25.422,0.77955,0.77995,2.40,20.00
2008.03.26 09:00:25.756,0.77955,0.77995,2.40,20.00
2008.03.26 09:00:26.102,0.77945,0.77995,15.20,18.40
2008.03.26 09:00:26.436,0.77945,0.77995,15.20,17.60
2008.03.26 09:00:26.670,0.77945,0.77995,15.20,17.60
2008.03.26 09:00:26.904,0.77945,0.77995,15.20,18.40
2008.03.26 09:00:27.141,0.77945,0.77985,17.60,2.40
2008.03.26 09:00:27.377,0.77945,0.77985,17.60,2.40
2008.03.26 09:00:27.697,0.77955,0.77985,1.60,2.40
2008.03.26 09:00:28.017,0.77955,0.77985,1.60,2.40
2008.03.26 09:00:28.337,0.77955,0.77985,1.60,2.40
2008.03.26 09:00:28.593,0.77955,0.77985,4.00,3.20
2008.03.26 09:00:28.847,0.77955,0.77985,4.00,3.20
2008.03.26 09:00:29.102,0.77955,0.77995,4.00,22.40
2008.03.26 09:00:29.357,0.77955,0.77995,4.00,22.40
2008.03.26 09:00:29.664,0.77955,0.77985,4.80,2.40
2008.03.26 09:00:29.960,0.77955,0.77985,4.80,2.40
2008.03.26 09:00:30.256,0.77955,0.77985,4.80,2.40
2008.03.26 09:00:30.552,0.77955,0.77985,4.80,2.40
2008.03.26 09:00:30.873,0.77955,0.77985,4.80,2.40
2008.03.26 09:00:31.192,0.77955,0.77995,4.00,17.60
2008.03.26 09:00:31.519,0.77955,0.77995,4.00,17.60
2008.03.26 09:00:31.770,0.77955,0.77995,4.00,17.60
2008.03.26 09:00:32.022,0.77955,0.77985,4.00,0.80
2008.03.26 09:00:32.272,0.77955,0.77985,4.00,3.20
2008.03.26 09:00:32.522,0.77955,0.77995,4.00,17.60
2008.03.26 09:00:32.821,0.77955,0.77995,4.00,21.60
2008.03.26 09:00:33.122,0.77955,0.77985,4.00,0.80
2008.03.26 09:00:33.421,0.77955,0.77985,4.00,3.20
2008.03.26 09:00:33.674,0.77955,0.77985,16.00,2.40
2008.03.26 09:00:33.930,0.77955,0.77985,16.00,2.40
2008.03.26 09:00:34.181,0.77955,0.77985,15.20,2.40
2008.03.26 09:00:34.431,0.77955,0.77985,15.20,2.40
2008.03.26 09:00:34.755,0.77955,0.77985,15.20,2.40
2008.03.26 09:00:35.081,0.77955,0.77985,3.20,2.40
2008.03.26 09:00:35.407,0.77955,0.77985,3.20,3.20
2008.03.26 09:00:35.685,0.77955,0.77985,13.60,2.40
2008.03.26 09:00:35.950,0.77965,0.78,17.60,0.80
2008.03.26 09:00:36.215,0.77965,0.78,17.60,0.80
2008.03.26 09:00:36.483,0.77965,0.78,16.80,0.80
2008.03.26 09:00:36.779,0.77965,0.78005,16.80,0.80
2008.03.26 09:00:37.075,0.77965,0.78005,16.00,1.60
2008.03.26 09:00:37.370,0.77965,0.78,16.00,0.80
2008.03.26 09:00:37.651,0.77965,0.78005,12.00,13.00
2008.03.26 09:00:37.939,0.77965,0.78005,12.00,13.00
2008.03.26 09:00:38.214,0.7796,0.78005,0.20,12.20
2008.03.26 09:00:38.489,0.7796,0.78005,0.20,12.20
2008.03.26 09:00:38.778,0.7796,0.78005,0.20,12.20
2008.03.26 09:00:39.068,0.7796,0.7799,0.20,0.30
2008.03.26 09:00:39.358,0.7796,0.7799,0.20,0.30
2008.03.26 09:00:39.661,0.77965,0.77985,0.80,0.80
2008.03.26 09:00:39.937,0.77965,0.77995,0.80,0.80
2008.03.26 09:00:40.216,0.77965,0.7799,0.80,0.30
2008.03.26 09:00:40.494,0.77965,0.7799,0.80,0.30
2008.03.26 09:00:40.800,0.77965,0.77995,0.80,2.60
2008.03.26 09:00:41.117,0.77965,0.77995,0.80,2.60
2008.03.26 09:00:41.411,0.77965,0.77995,3.20,0.30
2008.03.26 09:00:41.679,0.77965,0.77995,19.20,3.40
2008.03.26 09:00:41.938,0.7797,0.77995,0.90,16.20
2008.03.26 09:00:42.198,0.77965,0.77995,1.70,16.20
2008.03.26 09:00:42.458,0.7797,0.77995,1.10,17.20
2008.03.26 09:00:42.754,0.77975,0.77985,0.40,0.30
2008.03.26 09:00:43.049,0.77985,0.7799,0.40,0.30
2008.03.26 09:00:43.345,0.77975,0.77995,3.50,0.30
2008.03.26 09:00:43.639,0.7797,0.77995,0.20,0.50
2008.03.26 09:00:43.940,0.77985,0.77995,0.70,3.20
2008.03.26 09:00:44.242,0.77985,0.77995,0.70,0.20
2008.03.26 09:00:44.553,0.77985,0.77995,0.70,0.50
2008.03.26 09:00:44.790,0.77985,0.77995,0.70,0.30
2008.03.26 09:00:45.024,0.77985,0.77995,0.70,0.30
2008.03.26 09:00:45.258,0.77985,0.77995,0.70,0.30
2008.03.26 09:00:45.493,0.77985,0.78,0.70,0.30
2008.03.26 09:00:45.727,0.77985,0.78,0.70,0.30
2008.03.26 09:00:46.062,0.77985,0.78,0.70,0.30
2008.03.26 09:00:46.396,0.77985,0.78,0.70,0.30
2008.03.26 09:00:46.730,0.77985,0.78,0.70,0.30
2008.03.26 09:00:46.966,0.77985,0.78,0.70,0.50
2008.03.26 09:00:47.200,0.77985,0.77995,0.70,12.20
2008.03.26 09:00:47.434,0.77985,0.77995,0.70,12.20
2008.03.26 09:00:47.668,0.77985,0.77995,0.20,12.20
2008.03.26 09:00:48.003,0.77985,0.77995,0.20,12.20
2008.03.26 09:00:48.336,0.77985,0.77995,0.20,12.20
2008.03.26 09:00:48.669,0.77985,0.77995,0.20,12.20
2008.03.26 09:00:48.904,0.77985,0.77995,0.20,12.20
2008.03.26 09:00:49.138,0.77985,0.77995,0.20,12.20
2008.03.26 09:00:49.373,0.77985,0.77995,0.20,12.20
2008.03.26 09:00:49.608,0.77975,0.77995,0.20,0.30
2008.03.26 09:00:49.917,0.77975,0.77995,0.20,0.30
2008.03.26 09:00:50.216,0.77975,0.77995,0.20,0.30
2008.03.26 09:00:50.516,0.77975,0.77995,0.60,0.30
2008.03.26 09:00:50.815,0.77975,0.77995,2.80,0.30
2008.03.26 09:00:51.115,0.7798,0.78005,0.60,5.80
2008.03.26 09:00:51.416,0.7798,0.78005,0.60,2.60
2008.03.26 09:00:51.716,0.7798,0.78005,0.20,2.80
2008.03.26 09:00:51.981,0.77985,0.78005,2.70,1.00
2008.03.26 09:00:52.244,0.77985,0.78005,0.40,0.30
2008.03.26 09:00:52.509,0.77985,0.78005,0.40,0.30
2008.03.26 09:00:52.773,0.77985,0.78005,0.40,0.30
2008.03.26 09:00:53.064,0.7799,0.78015,0.40,8.40
2008.03.26 09:00:53.353,0.77985,0.78015,27.60,0.50
2008.03.26 09:00:53.643,0.7799,0.78015,0.40,0.30
2008.03.26 09:00:53.933,0.77995,0.78015,0.40,0.30
2008.03.26 09:00:54.227,0.77995,0.7802,0.40,0.30
2008.03.26 09:00:54.522,0.77995,0.78025,12.30,4.10
2008.03.26 09:00:54.817,0.77995,0.78025,16.30,13.70
2008.03.26 09:00:55.065,0.77995,0.78025,16.30,13.70
2008.03.26 09:00:55.315,0.77995,0.78025,16.30,13.70
2008.03.26 09:00:55.566,0.7799,0.78015,0.40,0.20
2008.03.26 09:00:55.814,0.7799,0.78015,0.40,0.90
2008.03.26 09:00:56.149,0.77995,0.78015,0.80,0.80
2008.03.26 09:00:56.495,0.77995,0.78015,14.40,1.60
2008.03.26 09:00:56.820,0.7799,0.78015,0.20,18.80
2008.03.26 09:00:57.050,0.78005,0.7801,1.60,0.30
2008.03.26 09:00:57.286,0.78005,0.78025,1.60,3.60
2008.03.26 09:00:57.527,0.78005,0.7802,1.60,0.20
2008.03.26 09:00:57.756,0.7799,0.7802,1.20,0.20
2008.03.26 09:00:57.986,0.7799,0.78015,0.80,12.10
2008.03.26 09:00:58.309,0.77985,0.78015,16.40,13.70
2008.03.26 09:00:58.635,0.78005,0.7803,12.30,0.20
2008.03.26 09:00:58.960,0.7801,0.78025,0.40,4.00
2008.03.26 09:00:59.191,0.7801,0.78025,0.40,4.00
2008.03.26 09:00:59.420,0.78005,0.78025,15.20,4.00
2008.03.26 09:00:59.649,0.78,0.7803,0.60,0.50
2008.03.26 09:00:59.879,0.78,0.7803,0.60,0.50
2008.03.26 09:01:00.215,0.78005,0.7802,0.20,0.20
2008.03.26 09:01:00.549,0.78005,0.7802,0.20,0.50
2008.03.26 09:01:00.883,0.78005,0.7802,0.20,0.50
2008.03.26 09:01:01.148,0.78,0.7802,0.20,0.50
2008.03.26 09:01:01.412,0.78005,0.7802,0.20,0.50
2008.03.26 09:01:01.677,0.78005,0.7802,0.20,0.30
2008.03.26 09:01:01.943,0.78005,0.7802,0.20,0.30
2008.03.26 09:01:02.228,0.78,0.7802,0.20,0.50
2008.03.26 09:01:02.512,0.78,0.7802,0.20,0.50
2008.03.26 09:01:02.797,0.78,0.7802,0.20,0.50
2008.03.26 09:01:03.093,0.78,0.78015,0.20,0.30
2008.03.26 09:01:03.372,0.78,0.78015,0.20,0.30
2008.03.26 09:01:03.667,0.78,0.78015,0.20,0.30
2008.03.26 09:01:03.956,0.78,0.78015,0.20,0.50
2008.03.26 09:01:04.227,0.78,0.78015,0.20,0.30
2008.03.26 09:01:04.499,0.78,0.78015,0.20,19.60
2008.03.26 09:01:04.769,0.7799,0.7801,0.20,0.30
2008.03.26 09:01:05.039,0.7799,0.7801,0.20,0.60
2008.03.26 09:01:05.324,0.7799,0.78005,0.20,0.30
2008.03.26 09:01:05.609,0.7799,0.78005,0.20,0.30
2008.03.26 09:01:05.894,0.7799,0.78005,0.20,0.30
2008.03.26 09:01:06.179,0.7799,0.78005,0.20,0.30
2008.03.26 09:01:06.489,0.7799,0.78005,0.20,0.30
2008.03.26 09:01:06.798,0.7799,0.78005,0.20,0.30
2008.03.26 09:01:07.108,0.7799,0.78005,0.20,0.30
2008.03.26 09:01:07.361,0.7799,0.78005,0.20,0.30
2008.03.26 09:01:07.616,0.7799,0.7801,0.20,0.30
2008.03.26 09:01:07.870,0.7799,0.7801,0.20,0.50
2008.03.26 09:01:08.126,0.7799,0.7801,0.20,0.60
2008.03.26 09:01:08.426,0.7799,0.78,0.40,0.30
2008.03.26 09:01:08.728,0.7799,0.7801,0.40,0.60
2008.03.26 09:01:09.028,0.7799,0.7801,0.40,0.60
2008.03.26 09:01:09.306,0.7799,0.7801,0.40,0.60
2008.03.26 09:01:09.585,0.7799,0.7801,0.40,0.60
2008.03.26 09:01:09.877,0.77995,0.7801,0.20,0.60
2008.03.26 09:01:10.157,0.77995,0.7801,0.20,0.50
2008.03.26 09:01:10.436,0.77995,0.7801,0.20,0.50
2008.03.26 09:01:10.715,0.77995,0.7801,0.20,0.50
2008.03.26 09:01:10.995,0.7799,0.78,0.40,0.30
2008.03.26 09:01:11.275,0.7799,0.7801,0.60,0.60
2008.03.26 09:01:11.575,0.7799,0.78005,0.40,0.30
2008.03.26 09:01:11.874,0.7799,0.78005,0.40,0.30
2008.03.26 09:01:12.174,0.7799,0.78005,0.60,0.30
2008.03.26 09:01:12.429,0.7799,0.78005,0.60,0.30
2008.03.26 09:01:12.683,0.7799,0.78005,0.60,0.30
2008.03.26 09:01:12.937,0.7799,0.78005,0.60,0.30
2008.03.26 09:01:13.191,0.7799,0.78005,0.60,0.30
2008.03.26 09:01:13.494,0.7799,0.78005,0.60,0.30
2008.03.26 09:01:13.780,0.7799,0.78,0.60,0.30
2008.03.26 09:01:14.085,0.7799,0.78005,0.40,0.30
2008.03.26 09:01:14.388,0.7799,0.78005,0.40,0.30
2008.03.26 09:01:14.693,0.7799,0.78005,0.40,0.30
2008.03.26 09:01:14.997,0.7799,0.78,0.40,0.30
2008.03.26 09:01:15.300,0.7799,0.78,0.40,0.30
2008.03.26 09:01:15.569,0.7799,0.78,0.40,0.30
2008.03.26 09:01:15.840,0.7799,0.78,0.40,0.30
2008.03.26 09:01:16.109,0.7799,0.78,0.40,0.30
2008.03.26 09:01:16.378,0.7799,0.78,0.40,0.30
2008.03.26 09:01:16.689,0.7799,0.78,0.40,0.30
2008.03.26 09:01:16.999,0.7799,0.78,0.40,0.30
2008.03.26 09:01:17.308,0.7799,0.78,0.40,0.30
2008.03.26 09:01:17.560,0.7799,0.78,0.20,0.50
2008.03.26 09:01:17.810,0.77985,0.78,0.20,0.60
2008.03.26 09:01:18.058,0.7798,0.77995,0.40,0.20
2008.03.26 09:01:18.307,0.7798,0.77995,0.40,0.20
2008.03.26 09:01:18.616,0.7798,0.7799,0.40,0.30
2008.03.26 09:01:18.926,0.7798,0.7799,0.40,0.30
2008.03.26 09:01:19.235,0.7798,0.7799,0.40,0.30
2008.03.26 09:01:19.506,0.7798,0.7799,0.40,0.30
2008.03.26 09:01:19.775,0.7798,0.7799,0.20,0.30
2008.03.26 09:01:20.045,0.7798,0.7799,0.20,0.30
2008.03.26 09:01:20.312,0.7798,0.7799,0.20,0.30
2008.03.26 09:01:20.614,0.7798,0.7799,0.20,0.50
2008.03.26 09:01:20.912,0.7798,0.7799,0.20,0.50
2008.03.26 09:01:21.213,0.77985,0.77995,0.20,1.70
2008.03.26 09:01:21.515,0.77985,0.7799,0.20,0.50
2008.03.26 09:01:21.821,0.77975,0.7799,0.20,0.50
2008.03.26 09:01:22.116,0.77975,0.7799,0.20,0.50
2008.03.26 09:01:22.410,0.77975,0.7799,0.20,0.60
2008.03.26 09:01:22.655,0.77975,0.7799,0.20,0.60
2008.03.26 09:01:22.900,0.77975,0.7799,0.20,0.60
2008.03.26 09:01:23.144,0.77975,0.7799,0.20,0.60
2008.03.26 09:01:23.400,0.7797,0.77985,0.60,0.30
2008.03.26 09:01:23.719,0.7797,0.77985,0.60,0.30
2008.03.26 09:01:24.028,0.7797,0.77985,0.20,0.50
2008.03.26 09:01:24.342,0.77965,0.7798,1.20,0.60
2008.03.26 09:01:24.617,0.77965,0.7798,1.20,0.60
2008.03.26 09:01:24.889,0.77965,0.7798,1.20,0.60
2008.03.26 09:01:25.165,0.77965,0.7798,0.60,0.60
2008.03.26 09:01:25.439,0.77965,0.7798,0.60,0.60
2008.03.26 09:01:25.714,0.77965,0.7798,0.60,0.60
2008.03.26 09:01:25.998,0.7796,0.77975,0.60,0.30
2008.03.26 09:01:26.267,0.7796,0.77975,0.60,0.30
2008.03.26 09:01:26.543,0.7796,0.77975,0.40,0.50
2008.03.26 09:01:26.844,0.7796,0.7797,0.40,0.30
2008.03.26 09:01:27.144,0.7796,0.7797,0.40,0.30
2008.03.26 09:01:27.442,0.7796,0.7797,0.40,0.30
2008.03.26 09:01:27.711,0.77955,0.7797,1.90,0.60
2008.03.26 09:01:27.987,0.77955,0.7797,1.60,0.60
2008.03.26 09:01:28.263,0.7795,0.77965,0.60,0.30
2008.03.26 09:01:28.545,0.7795,0.77965,0.60,0.30
2008.03.26 09:01:28.829,0.77955,0.77965,0.60,0.30
2008.03.26 09:01:29.108,0.77955,0.77965,0.60,0.30
2008.03.26 09:01:29.387,0.77955,0.7797,0.60,0.60
2008.03.26 09:01:29.667,0.77955,0.7797,0.60,0.60
2008.03.26 09:01:29.959,0.77955,0.7797,0.60,0.60
2008.03.26 09:01:30.250,0.77955,0.7797,0.20,0.60
2008.03.26 09:01:30.541,0.77955,0.7797,0.20,0.60
2008.03.26 09:01:30.833,0.77955,0.7797,0.20,0.60
2008.03.26 09:01:31.123,0.77955,0.7797,0.60,0.60
2008.03.26 09:01:31.412,0.7796,0.7797,0.20,0.30
2008.03.26 09:01:31.702,0.7796,0.7797,0.20,0.30
2008.03.26 09:01:31.983,0.7796,0.7797,0.20,0.30
2008.03.26 09:01:32.280,0.77955,0.7797,0.60,0.30
2008.03.26 09:01:32.558,0.77955,0.7797,0.60,0.60
2008.03.26 09:01:32.858,0.77955,0.7797,0.60,0.60
2008.03.26 09:01:33.159,0.77955,0.77965,0.40,0.30
2008.03.26 09:01:33.458,0.7795,0.77965,0.60,0.30
2008.03.26 09:01:33.757,0.7795,0.7797,0.60,0.60
2008.03.26 09:01:34.015,0.7795,0.7797,0.60,0.60
2008.03.26 09:01:34.277,0.7795,0.77965,0.60,0.30
2008.03.26 09:01:34.537,0.7795,0.77965,0.40,0.30
2008.03.26 09:01:34.794,0.7795,0.77965,0.60,0.30
2008.03.26 09:01:35.085,0.7795,0.77965,0.60,0.30
2008.03.26 09:01:35.376,0.7795,0.77965,0.20,0.30
2008.03.26 09:01:35.668,0.7795,0.77965,0.20,0.30
2008.03.26 09:01:35.968,0.7795,0.77965,0.20,0.50
2008.03.26 09:01:36.269,0.77945,0.77965,14.80,0.50
2008.03.26 09:01:36.584,0.7795,0.77965,0.60,0.30
2008.03.26 09:01:36.883,0.7795,0.77965,0.60,0.30
2008.03.26 09:01:37.158,0.7795,0.7796,0.60,0.30
2008.03.26 09:01:37.432,0.7795,0.7796,0.60,0.30
2008.03.26 09:01:37.725,0.7795,0.7796,0.20,0.30
2008.03.26 09:01:38.009,0.7795,0.7796,0.20,0.30
2008.03.26 09:01:38.294,0.7795,0.7796,0.20,0.60
2008.03.26 09:01:38.578,0.7795,0.7796,0.20,0.60
2008.03.26 09:01:38.861,0.7795,0.7796,0.20,0.60
2008.03.26 09:01:39.131,0.7795,0.7796,0.40,0.60
2008.03.26 09:01:39.400,0.7795,0.7796,0.40,0.60
2008.03.26 09:01:39.669,0.7795,0.7796,0.40,0.60
2008.03.26 09:01:39.939,0.7795,0.7796,0.40,0.60
2008.03.26 09:01:40.234,0.7795,0.7796,0.40,0.30
2008.03.26 09:01:40.528,0.7795,0.7796,0.40,0.30
2008.03.26 09:01:40.823,0.7795,0.7796,0.40,0.30
2008.03.26 09:01:41.123,0.7795,0.7796,0.20,0.60
2008.03.26 09:01:41.422,0.7795,0.7796,0.20,0.60
2008.03.26 09:01:41.721,0.7795,0.7796,0.20,0.60
2008.03.26 09:01:42.032,0.77945,0.7796,2.50,0.60
2008.03.26 09:01:42.304,0.77945,0.77955,0.20,0.30
2008.03.26 09:01:42.574,0.77945,0.77955,0.20,0.30
2008.03.26 09:01:42.844,0.77945,0.77955,0.20,0.30
2008.03.26 09:01:43.134,0.77945,0.77955,0.20,0.30
2008.03.26 09:01:43.424,0.77945,0.7795,0.20,0.30
2008.03.26 09:01:43.713,0.77945,0.77955,0.20,0.50
2008.03.26 09:01:44.005,0.7794,0.7795,0.40,0.30
2008.03.26 09:01:44.269,0.7794,0.7795,0.40,0.30
2008.03.26 09:01:44.532,0.7794,0.77955,0.40,0.30
2008.03.26 09:01:44.797,0.7794,0.77955,0.60,0.30
2008.03.26 09:01:45.087,0.7794,0.7795,0.40,0.30
2008.03.26 09:01:45.375,0.7794,0.7795,0.40,0.30
2008.03.26 09:01:45.664,0.7794,0.7795,0.40,0.30
2008.03.26 09:01:45.952,0.7794,0.7795,0.40,0.30
2008.03.26 09:01:46.257,0.77945,0.77955,0.20,0.30
2008.03.26 09:01:46.561,0.77945,0.7796,0.20,0.60
2008.03.26 09:01:46.867,0.77945,0.7796,0.20,4.60
2008.03.26 09:01:47.127,0.7794,0.7795,0.40,0.30
2008.03.26 09:01:47.386,0.7794,0.7795,0.40,0.30
2008.03.26 09:01:47.646,0.7794,0.7795,0.40,0.30
2008.03.26 09:01:47.905,0.7794,0.7795,0.40,0.30
2008.03.26 09:01:48.206,0.77945,0.7796,0.20,0.60
2008.03.26 09:01:48.506,0.77945,0.7796,0.60,0.60
2008.03.26 09:01:48.806,0.77945,0.7796,0.60,0.60
2008.03.26 09:01:49.115,0.77945,0.7796,0.60,0.60
2008.03.26 09:01:49.375,0.77945,0.7796,0.60,0.60
2008.03.26 09:01:49.655,0.77945,0.7796,0.60,0.60
2008.03.26 09:01:49.924,0.77945,0.7796,0.60,0.60
2008.03.26 09:01:50.208,0.77945,0.7796,0.60,0.60
2008.03.26 09:01:50.492,0.77945,0.7796,0.60,0.60
2008.03.26 09:01:50.776,0.77945,0.7796,0.60,0.60
2008.03.26 09:01:51.060,0.7795,0.7796,0.20,0.60
2008.03.26 09:01:51.357,0.77945,0.7796,0.20,0.60
2008.03.26 09:01:51.653,0.7795,0.7796,0.20,0.60
2008.03.26 09:01:51.946,0.7795,0.7796,0.20,0.60
2008.03.26 09:01:52.220,0.7795,0.77955,0.20,2.50
2008.03.26 09:01:52.495,0.7794,0.7795,0.40,0.30
2008.03.26 09:01:52.770,0.7794,0.7795,0.20,0.30
2008.03.26 09:01:53.052,0.7794,0.7795,0.20,0.30
2008.03.26 09:01:53.347,0.7794,0.7795,0.40,0.30
2008.03.26 09:01:53.641,0.7794,0.7795,0.40,0.30
2008.03.26 09:01:53.936,0.7794,0.7795,0.40,0.30
2008.03.26 09:01:54.210,0.7794,0.7795,0.40,0.30
2008.03.26 09:01:54.483,0.7794,0.7795,0.40,0.30
2008.03.26 09:01:54.757,0.7794,0.7795,0.40,0.30
2008.03.26 09:01:55.032,0.7794,0.7795,0.20,0.30
2008.03.26 09:01:55.327,0.7794,0.7795,0.20,0.30
2008.03.26 09:01:55.621,0.7794,0.7795,0.20,0.30
2008.03.26 09:01:55.916,0.7794,0.7795,0.20,0.30
2008.03.26 09:01:56.210,0.7794,0.7795,0.20,0.30
2008.03.26 09:01:56.505,0.7794,0.7795,0.20,0.30
2008.03.26 09:01:56.799,0.7794,0.7795,0.40,0.30
2008.03.26 09:01:57.094,0.7794,0.7795,0.40,0.30
2008.03.26 09:01:57.348,0.7794,0.7795,0.40,0.30
2008.03.26 09:01:57.602,0.7794,0.7795,0.40,0.30
2008.03.26 09:01:57.855,0.7794,0.7795,0.40,0.30
2008.03.26 09:01:58.111,0.7794,0.7795,0.20,0.30
2008.03.26 09:01:58.415,0.7794,0.7795,0.20,0.30
2008.03.26 09:01:58.720,0.7794,0.7795,0.20,0.30
2008.03.26 09:01:59.023,0.7794,0.7795,0.20,0.30
2008.03.26 09:01:59.278,0.7794,0.7795,0.20,0.30
2008.03.26 09:01:59.532,0.7794,0.7795,0.20,0.30
2008.03.26 09:01:59.787,0.7794,0.7795,0.20,0.30
2008.03.26 09:02:00.043,0.7794,0.7795,0.20,0.50
2008.03.26 09:02:00.323,0.77935,0.7795,0.20,0.50
2008.03.26 09:02:00.603,0.7794,0.7795,0.20,0.30
2008.03.26 09:02:00.883,0.7794,0.7795,0.40,0.30
2008.03.26 09:02:01.164,0.7794,0.7795,0.40,0.30
2008.03.26 09:02:01.475,0.7794,0.7795,0.40,0.30
2008.03.26 09:02:01.785,0.7794,0.7795,0.40,0.30
2008.03.26 09:02:02.096,0.7794,0.7795,0.20,0.30
2008.03.26 09:02:02.342,0.7794,0.7795,0.20,0.30
2008.03.26 09:02:02.586,0.7794,0.7795,0.20,0.30
2008.03.26 09:02:02.831,0.7794,0.7795,0.20,0.60
2008.03.26 09:02:03.076,0.7794,0.7795,0.60,0.60
2008.03.26 09:02:03.387,0.7794,0.77955,0.60,0.20
2008.03.26 09:02:03.696,0.77945,0.77955,0.20,0.20
2008.03.26 09:02:04.004,0.77945,0.7796,0.20,4.60
2008.03.26 09:02:04.325,0.77945,0.7796,0.20,4.60
2008.03.26 09:02:04.601,0.77945,0.7796,0.20,4.40
2008.03.26 09:02:04.865,0.77945,0.7796,0.20,0.50
2008.03.26 09:02:05.132,0.7795,0.7796,0.20,0.20
2008.03.26 09:02:05.401,0.77945,0.7796,0.20,0.50
2008.03.26 09:02:05.671,0.77945,0.7796,0.20,0.50
2008.03.26 09:02:05.943,0.77945,0.7796,0.20,0.60
2008.03.26 09:02:06.214,0.77945,0.77955,0.20,0.20
2008.03.26 09:02:06.549,0.77945,0.7796,0.20,4.60
2008.03.26 09:02:06.882,0.77945,0.7796,0.20,4.60
2008.03.26 09:02:07.217,0.77945,0.77955,0.20,0.20
2008.03.26 09:02:07.449,0.77945,0.77955,0.20,0.20
2008.03.26 09:02:07.679,0.77945,0.7796,0.20,0.60
2008.03.26 09:02:07.908,0.77945,0.7796,0.60,0.60
2008.03.26 09:02:08.140,0.7795,0.7796,0.20,0.60
2008.03.26 09:02:08.486,0.7795,0.7796,0.20,0.60
2008.03.26 09:02:08.819,0.7795,0.7796,0.40,0.30
2008.03.26 09:02:09.154,0.7795,0.7796,0.40,0.30
2008.03.26 09:02:09.401,0.7795,0.7796,0.40,0.30
2008.03.26 09:02:09.645,0.7795,0.7796,0.40,0.30
2008.03.26 09:02:09.900,0.7795,0.7796,0.40,0.30
2008.03.26 09:02:10.144,0.7795,0.77965,0.40,6.80
2008.03.26 09:02:10.476,0.7795,0.7796,0.60,0.30
2008.03.26 09:02:10.804,0.7795,0.7796,0.40,0.30
2008.03.26 09:02:11.135,0.7795,0.7796,0.60,0.30
2008.03.26 09:02:11.475,0.7795,0.77965,0.60,0.30
2008.03.26 09:02:11.738,0.7795,0.77965,0.60,0.50
2008.03.26 09:02:11.998,0.7795,0.77965,0.60,0.50
2008.03.26 09:02:12.237,0.7795,0.7796,0.20,0.20
2008.03.26 09:02:12.547,0.7795,0.7796,0.20,0.20
2008.03.26 09:02:12.857,0.7795,0.7796,0.20,0.50
2008.03.26 09:02:13.167,0.77945,0.7796,0.20,0.50
2008.03.26 09:02:13.417,0.77945,0.7796,0.20,0.60
2008.03.26 09:02:13.669,0.77945,0.7795,0.20,0.20
2008.03.26 09:02:13.926,0.7794,0.7795,0.20,0.50
2008.03.26 09:02:14.177,0.77935,0.7795,2.80,0.60
2008.03.26 09:02:14.465,0.77935,0.7795,2.80,0.60
2008.03.26 09:02:14.754,0.77935,0.77945,0.60,0.30
2008.03.26 09:02:15.044,0.7794,0.77945,0.40,0.30
2008.03.26 09:02:15.335,0.7794,0.77955,0.60,0.50
2008.03.26 09:02:15.647,0.7794,0.7795,0.20,0.30
2008.03.26 09:02:15.956,0.7794,0.7795,0.20,0.30
2008.03.26 09:02:16.265,0.7794,0.7795,0.20,0.30
2008.03.26 09:02:16.505,0.7794,0.7795,0.20,0.30
2008.03.26 09:02:16.778,0.77935,0.7795,0.60,0.60
2008.03.26 09:02:17.031,0.77935,0.7795,0.60,0.60
2008.03.26 09:02:17.261,0.77935,0.77945,0.60,0.60
2008.03.26 09:02:17.569,0.77935,0.77945,0.60,0.60
2008.03.26 09:02:17.879,0.77935,0.77945,0.60,0.60
2008.03.26 09:02:18.189,0.77935,0.77945,0.20,0.60
2008.03.26 09:02:18.499,0.77935,0.77945,0.20,0.70
2008.03.26 09:02:18.759,0.77935,0.77945,0.60,0.60
2008.03.26 09:02:19.019,0.77935,0.77945,0.60,0.60
2008.03.26 09:02:19.278,0.77935,0.77945,0.60,0.60
2008.03.26 09:02:19.565,0.77935,0.77945,0.60,0.60
2008.03.26 09:02:19.855,0.77935,0.77945,0.60,0.60
2008.03.26 09:02:20.153,0.77935,0.77945,0.60,0.60
2008.03.26 09:02:20.442,0.77935,0.77945,0.60,0.60
2008.03.26 09:02:20.752,0.77935,0.77945,0.60,0.60
2008.03.26 09:02:21.070,0.77935,0.77945,0.60,0.60
2008.03.26 09:02:21.390,0.77935,0.77945,0.60,0.60
2008.03.26 09:02:21.645,0.77935,0.77945,0.60,0.60
2008.03.26 09:02:21.887,0.77935,0.77945,0.60,0.60
2008.03.26 09:02:22.141,0.77935,0.77945,0.60,0.60
2008.03.26 09:02:22.397,0.77935,0.77945,0.20,0.60
2008.03.26 09:02:22.697,0.77935,0.77945,0.20,0.60
2008.03.26 09:02:22.995,0.77935,0.77945,0.20,0.60
2008.03.26 09:02:23.306,0.77935,0.77945,0.60,0.60
2008.03.26 09:02:23.597,0.77935,0.77945,0.60,0.60
2008.03.26 09:02:23.857,0.7794,0.7795,0.20,0.30
2008.03.26 09:02:24.120,0.7794,0.7795,0.20,0.60
2008.03.26 09:02:24.381,0.7794,0.7795,0.20,0.60
2008.03.26 09:02:24.673,0.77935,0.7795,0.20,0.60
2008.03.26 09:02:24.963,0.77935,0.7795,0.20,0.60
2008.03.26 09:02:25.253,0.77935,0.7795,0.20,0.60
2008.03.26 09:02:25.543,0.77935,0.7795,0.20,0.60
2008.03.26 09:02:25.858,0.7793,0.77945,0.60,0.30
2008.03.26 09:02:26.175,0.7794,0.7795,0.20,0.60
2008.03.26 09:02:26.507,0.77935,0.7795,0.20,0.60
2008.03.26 09:02:26.746,0.77935,0.7795,0.20,0.60
2008.03.26 09:02:26.984,0.77935,0.7795,0.20,0.60
2008.03.26 09:02:27.228,0.7794,0.7795,0.20,0.30
2008.03.26 09:02:27.466,0.7794,0.77955,0.20,6.80
2008.03.26 09:02:27.784,0.7793,0.77945,4.60,0.30
2008.03.26 09:02:28.099,0.7793,0.77945,4.60,0.30
2008.03.26 09:02:28.418,0.77935,0.7795,0.20,0.60
2008.03.26 09:02:28.731,0.77935,0.77945,0.20,0.30
2008.03.26 09:02:28.998,0.77935,0.77945,0.20,0.30
2008.03.26 09:02:29.265,0.7794,0.7795,0.20,0.60
2008.03.26 09:02:29.529,0.7794,0.7795,0.20,0.60
2008.03.26 09:02:29.800,0.7794,0.7795,0.40,0.30
2008.03.26 09:02:30.069,0.7794,0.7795,0.40,0.30
2008.03.26 09:02:30.339,0.7794,0.7795,0.40,0.30
2008.03.26 09:02:30.608,0.7794,0.7795,0.40,0.30
2008.03.26 09:02:30.944,0.7794,0.7795,0.40,0.30
2008.03.26 09:02:31.269,0.77935,0.7795,2.50,0.50
2008.03.26 09:02:31.593,0.77935,0.7795,2.80,0.60
2008.03.26 09:02:31.796,0.7794,0.7795,0.40,0.30
2008.03.26 09:02:32.011,0.7794,0.7795,0.40,0.30
2008.03.26 09:02:32.224,0.7794,0.7795,0.40,0.30
2008.03.26 09:02:32.438,0.7794,0.7795,0.40,0.30
2008.03.26 09:02:32.652,0.7794,0.7795,0.40,0.30
2008.03.26 09:02:32.987,0.7794,0.7795,0.40,0.30
2008.03.26 09:02:33.321,0.7794,0.7795,0.40,0.30
2008.03.26 09:02:33.655,0.7794,0.7795,0.40,0.30
2008.03.26 09:02:33.880,0.7794,0.7795,0.40,0.30
2008.03.26 09:02:34.115,0.7794,0.7795,0.40,0.30
2008.03.26 09:02:34.339,0.7794,0.7795,0.40,0.30
2008.03.26 09:02:34.564,0.7794,0.7795,0.40,0.30
2008.03.26 09:02:34.788,0.7794,0.7795,0.20,0.60
2008.03.26 09:02:35.108,0.7794,0.7795,0.20,0.60
2008.03.26 09:02:35.437,0.7794,0.7795,0.20,0.60
2008.03.26 09:02:35.758,0.7794,0.7795,0.20,0.60
2008.03.26 09:02:36.041,0.7794,0.7795,0.20,0.60
2008.03.26 09:02:36.325,0.77945,0.77955,0.40,0.30
2008.03.26 09:02:36.610,0.77945,0.77955,0.40,0.30
2008.03.26 09:02:36.894,0.77945,0.77955,0.40,0.30
2008.03.26 09:02:37.150,0.77945,0.77955,0.40,0.30
2008.03.26 09:02:37.405,0.77945,0.77955,0.40,0.30
2008.03.26 09:02:37.659,0.77945,0.77955,0.40,0.30
2008.03.26 09:02:37.949,0.77945,0.77955,0.40,0.30
2008.03.26 09:02:38.238,0.77945,0.77955,0.40,0.30
2008.03.26 09:02:38.526,0.77945,0.77955,0.40,0.30
2008.03.26 09:02:38.814,0.77945,0.77955,0.40,0.30
2008.03.26 09:02:39.069,0.77945,0.7796,0.40,0.60
2008.03.26 09:02:39.323,0.7794,0.7796,4.60,0.60
2008.03.26 09:02:39.579,0.7794,0.7796,0.60,0.60
2008.03.26 09:02:39.832,0.7794,0.7796,0.60,0.60
2008.03.26 09:02:40.130,0.7794,0.7796,0.60,0.60
2008.03.26 09:02:40.429,0.7794,0.7796,0.60,0.60
2008.03.26 09:02:40.729,0.7794,0.7796,0.60,0.60
2008.03.26 09:02:41.023,0.7794,0.7796,0.60,0.60
2008.03.26 09:02:41.316,0.7794,0.7796,0.60,0.60
2008.03.26 09:02:41.611,0.7794,0.7796,0.60,0.60
2008.03.26 09:02:41.904,0.7794,0.7796,0.60,0.60
2008.03.26 09:02:42.143,0.7794,0.7796,0.60,0.60
2008.03.26 09:02:42.383,0.7794,0.77955,0.60,0.30
2008.03.26 09:02:42.623,0.7794,0.77955,0.60,0.30
2008.03.26 09:02:42.861,0.77945,0.77955,0.20,0.30
2008.03.26 09:02:43.170,0.77945,0.77955,0.20,0.30
2008.03.26 09:02:43.505,0.77945,0.7796,0.20,0.60
2008.03.26 09:02:43.790,0.77945,0.7796,0.20,0.60
2008.03.26 09:02:44.065,0.77945,0.7796,0.20,0.60
2008.03.26 09:02:44.339,0.7794,0.77955,0.60,0.30
2008.03.26 09:02:44.614,0.7794,0.77955,0.60,0.30
2008.03.26 09:02:44.888,0.7794,0.77955,0.60,0.30
2008.03.26 09:02:45.173,0.7794,0.77955,0.60,0.30
2008.03.26 09:02:45.459,0.7794,0.77955,0.60,0.30
2008.03.26 09:02:45.743,0.7794,0.77955,0.60,0.50
2008.03.26 09:02:46.026,0.7794,0.77955,0.60,0.50
2008.03.26 09:02:46.330,0.7794,0.77955,0.40,0.50
2008.03.26 09:02:46.636,0.7794,0.7795,0.20,0.30
2008.03.26 09:02:46.942,0.7794,0.7795,0.60,0.30
2008.03.26 09:02:47.192,0.7794,0.7795,0.60,0.30
2008.03.26 09:02:47.442,0.7794,0.7795,0.60,0.30
2008.03.26 09:02:47.692,0.7794,0.7795,0.60,0.30
2008.03.26 09:02:47.941,0.7794,0.7795,0.60,0.30
2008.03.26 09:02:48.245,0.7794,0.7795,0.60,0.30
2008.03.26 09:02:48.551,0.7794,0.7795,0.40,0.30
2008.03.26 09:02:48.856,0.7794,0.77955,0.60,0.50
2008.03.26 09:02:49.115,0.7794,0.77955,0.40,0.50
2008.03.26 09:02:49.375,0.7794,0.77955,0.40,0.50
2008.03.26 09:02:49.635,0.7794,0.7795,0.40,0.20
2008.03.26 09:02:49.895,0.77935,0.7795,0.60,0.50
2008.03.26 09:02:50.212,0.77935,0.77955,0.60,22.80
2008.03.26 09:02:50.526,0.7794,0.7795,0.20,0.30
2008.03.26 09:02:50.830,0.77935,0.7795,0.60,0.30
2008.03.26 09:02:51.134,0.77935,0.7795,0.60,0.30
2008.03.26 09:02:51.438,0.77935,0.7795,0.60,0.50
2008.03.26 09:02:51.742,0.77935,0.7795,0.40,0.50
2008.03.26 09:02:52.047,0.77935,0.77945,0.40,0.30
2008.03.26 09:02:52.280,0.7793,0.77945,4.60,0.30
2008.03.26 09:02:52.515,0.7793,0.77945,4.60,0.30
2008.03.26 09:02:52.749,0.7793,0.77945,4.60,0.30
2008.03.26 09:02:52.984,0.7793,0.77945,4.60,0.30
2008.03.26 09:02:53.288,0.7793,0.77945,4.60,0.30
2008.03.26 09:02:53.591,0.77935,0.77945,0.40,0.30
2008.03.26 09:02:53.895,0.7794,0.7795,0.20,0.50
2008.03.26 09:02:54.150,0.7794,0.7795,0.20,0.50
2008.03.26 09:02:54.404,0.7794,0.7795,0.20,0.50
2008.03.26 09:02:54.664,0.7794,0.7795,0.20,0.30
2008.03.26 09:02:54.929,0.7794,0.7795,0.20,0.30
2008.03.26 09:02:55.235,0.7794,0.7795,0.20,0.30
2008.03.26 09:02:55.519,0.7794,0.7795,0.20,0.30
2008.03.26 09:02:55.804,0.7794,0.7795,0.20,0.30
2008.03.26 09:02:56.086,0.7794,0.7795,0.20,0.30
2008.03.26 09:02:56.385,0.7794,0.7795,0.20,0.30
2008.03.26 09:02:56.684,0.7794,0.7795,0.20,0.30
2008.03.26 09:02:56.983,0.7794,0.7795,0.20,0.30
2008.03.26 09:02:57.257,0.7794,0.7795,0.20,0.30
2008.03.26 09:02:57.532,0.7794,0.7795,0.20,0.30
2008.03.26 09:02:57.815,0.7794,0.7795,0.20,0.30
2008.03.26 09:02:58.102,0.7794,0.7795,0.20,0.60
2008.03.26 09:02:58.384,0.7794,0.7795,0.20,0.60
2008.03.26 09:02:58.666,0.7793,0.7795,4.60,0.60
2008.03.26 09:02:58.945,0.7793,0.7795,4.60,0.60
2008.03.26 09:02:59.225,0.77935,0.7795,0.40,0.60
2008.03.26 09:02:59.534,0.77935,0.7795,0.40,0.60
2008.03.26 09:02:59.847,0.77935,0.7795,0.60,0.60
2008.03.26 09:03:00.168,0.77935,0.7795,0.60,0.60
2008.03.26 09:03:00.418,0.77935,0.7795,0.60,0.60
2008.03.26 09:03:00.667,0.7794,0.7795,0.20,0.60
2008.03.26 09:03:00.916,0.7794,0.7795,0.20,0.60
2008.03.26 09:03:01.154,0.7794,0.7795,0.20,0.60
2008.03.26 09:03:01.474,0.7794,0.7795,0.20,0.60
2008.03.26 09:03:01.793,0.7794,0.7795,0.20,0.60
2008.03.26 09:03:02.113,0.7794,0.7795,0.20,0.60
2008.03.26 09:03:02.362,0.7794,0.7795,0.20,0.60
2008.03.26 09:03:02.611,0.7794,0.7795,0.20,0.30
2008.03.26 09:03:02.861,0.7794,0.77955,0.40,2.80
2008.03.26 09:03:03.111,0.7794,0.77955,0.40,2.80
2008.03.26 09:03:03.400,0.7794,0.77955,0.60,2.60
2008.03.26 09:03:03.689,0.7794,0.77955,0.60,2.60
2008.03.26 09:03:03.978,0.7794,0.77955,0.60,2.60
2008.03.26 09:03:04.268,0.7794,0.77955,0.60,2.60
2008.03.26 09:03:04.583,0.7794,0.77955,0.60,2.60
2008.03.26 09:03:04.899,0.7794,0.77955,0.60,0.30
2008.03.26 09:03:05.217,0.77945,0.77955,0.20,0.50
2008.03.26 09:03:05.449,0.7794,0.77955,0.40,0.50
2008.03.26 09:03:05.677,0.7794,0.77955,0.60,0.30
2008.03.26 09:03:05.907,0.7794,0.77955,0.60,0.30
2008.03.26 09:03:06.136,0.77945,0.7796,0.20,0.60
2008.03.26 09:03:06.472,0.77945,0.77955,0.20,0.30
2008.03.26 09:03:06.806,0.7794,0.77955,0.40,0.50
2008.03.26 09:03:07.142,0.7794,0.77955,0.60,0.30
2008.03.26 09:03:07.384,0.7794,0.7796,0.60,4.60
2008.03.26 09:03:07.629,0.7795,0.7796,0.40,4.40
2008.03.26 09:03:07.873,0.7795,0.7796,0.60,0.30
2008.03.26 09:03:08.118,0.7795,0.7796,0.60,0.30
2008.03.26 09:03:08.362,0.7795,0.77965,0.60,0.30
2008.03.26 09:03:08.697,0.7795,0.77965,0.60,0.30
2008.03.26 09:03:09.035,0.7795,0.77965,0.60,0.30
2008.03.26 09:03:09.368,0.7795,0.77965,0.60,0.30
2008.03.26 09:03:09.609,0.7795,0.77965,0.60,0.30
2008.03.26 09:03:09.848,0.7795,0.77965,0.60,0.30
2008.03.26 09:03:10.089,0.7795,0.77965,0.60,0.30
2008.03.26 09:03:10.337,0.7795,0.77965,0.60,0.30
2008.03.26 09:03:10.648,0.7795,0.77965,0.60,0.30
2008.03.26 09:03:10.959,0.7795,0.77965,4.60,0.30
2008.03.26 09:03:11.257,0.7795,0.77965,4.60,0.30
2008.03.26 09:03:11.520,0.7795,0.77965,4.60,0.30
2008.03.26 09:03:11.784,0.7795,0.77965,4.60,0.30
2008.03.26 09:03:12.048,0.7795,0.77965,4.60,0.30
2008.03.26 09:03:12.314,0.7796,0.77965,0.20,0.30
2008.03.26 09:03:12.582,0.7796,0.77965,0.20,0.30
2008.03.26 09:03:12.863,0.7795,0.77965,0.60,0.50
2008.03.26 09:03:13.132,0.7795,0.77965,0.60,0.30
2008.03.26 09:03:13.403,0.7796,0.77965,0.20,0.30
2008.03.26 09:03:13.713,0.7796,0.77965,0.20,0.30
2008.03.26 09:03:14.024,0.7795,0.77965,4.60,0.30
2008.03.26 09:03:14.333,0.77955,0.77965,1.60,0.30
2008.03.26 09:03:14.568,0.7796,0.77965,0.20,0.30
2008.03.26 09:03:14.820,0.7796,0.7797,0.20,0.60
2008.03.26 09:03:15.046,0.77955,0.7797,2.50,0.60
2008.03.26 09:03:15.281,0.7795,0.77965,4.60,0.30
2008.03.26 09:03:15.615,0.7795,0.77965,0.60,0.30
2008.03.26 09:03:15.949,0.7795,0.77965,0.60,0.30
2008.03.26 09:03:16.284,0.7795,0.77965,0.60,0.30
2008.03.26 09:03:16.619,0.7795,0.77965,4.60,0.30
2008.03.26 09:03:16.853,0.7795,0.77965,4.60,0.30
2008.03.26 09:03:17.088,0.7795,0.77965,4.60,0.30
2008.03.26 09:03:17.322,0.7795,0.77965,4.60,0.30
2008.03.26 09:03:17.622,0.7795,0.77965,4.60,0.30
2008.03.26 09:03:17.922,0.7795,0.77965,0.60,0.30
2008.03.26 09:03:18.221,0.7795,0.77965,0.60,0.30
2008.03.26 09:03:18.522,0.7795,0.77965,0.60,0.30
2008.03.26 09:03:18.778,0.7795,0.77965,0.60,0.50
2008.03.26 09:03:19.034,0.7795,0.77965,0.60,0.50
2008.03.26 09:03:19.288,0.77945,0.7796,6.50,0.60
2008.03.26 09:03:19.543,0.77945,0.7796,0.20,0.60
2008.03.26 09:03:19.827,0.77945,0.7796,0.20,0.60
2008.03.26 09:03:20.112,0.77945,0.7796,0.20,0.60
2008.03.26 09:03:20.396,0.77945,0.7796,0.20,0.60
2008.03.26 09:03:20.716,0.77945,0.7796,0.20,0.60
2008.03.26 09:03:21.025,0.77945,0.7796,0.20,0.60
2008.03.26 09:03:21.335,0.77945,0.7796,0.20,0.60
2008.03.26 09:03:21.656,0.7794,0.77955,0.60,0.30
2008.03.26 09:03:21.915,0.7794,0.77955,0.60,0.30
2008.03.26 09:03:22.173,0.7794,0.77955,0.60,0.30
2008.03.26 09:03:22.433,0.7794,0.77955,0.60,0.30
2008.03.26 09:03:22.718,0.77945,0.7796,6.50,0.60
2008.03.26 09:03:23.004,0.7795,0.7796,0.20,0.60
2008.03.26 09:03:23.303,0.77945,0.77955,4.00,0.20
2008.03.26 09:03:23.587,0.77945,0.77955,4.00,0.50
2008.03.26 09:03:23.898,0.7794,0.77955,0.60,0.50
2008.03.26 09:03:24.211,0.7794,0.7795,0.60,0.30
2008.03.26 09:03:24.523,0.7794,0.7795,0.60,0.60
2008.03.26 09:03:24.778,0.7794,0.7795,0.20,0.60
2008.03.26 09:03:25.010,0.7794,0.7795,0.20,0.60
2008.03.26 09:03:25.256,0.7794,0.7795,0.20,0.60
2008.03.26 09:03:25.501,0.7794,0.7795,0.20,0.60
2008.03.26 09:03:25.820,0.77935,0.77945,4.30,0.30
2008.03.26 09:03:26.140,0.77935,0.7795,4.40,0.60
2008.03.26 09:03:26.460,0.77935,0.7795,4.00,0.60
2008.03.26 09:03:26.780,0.77935,0.7795,4.30,0.60
2008.03.26 09:03:27.035,0.77935,0.7795,4.30,0.60
2008.03.26 09:03:27.289,0.77935,0.7795,4.30,0.60
2008.03.26 09:03:27.543,0.77935,0.7795,4.30,0.60
2008.03.26 09:03:27.843,0.77935,0.7795,4.00,0.60
2008.03.26 09:03:28.144,0.77935,0.7795,4.00,0.60
2008.03.26 09:03:28.443,0.7793,0.7795,4.60,0.60
2008.03.26 09:03:28.741,0.7793,0.7795,4.60,0.60
2008.03.26 09:03:29.011,0.7793,0.7795,4.60,0.60
2008.03.26 09:03:29.281,0.7793,0.7795,4.60,0.60
2008.03.26 09:03:29.550,0.7793,0.7795,4.60,0.60
2008.03.26 09:03:29.815,0.7793,0.7795,4.60,0.60
2008.03.26 09:03:30.079,0.7793,0.7795,4.60,0.60
2008.03.26 09:03:30.346,0.7793,0.7795,4.60,0.60
2008.03.26 09:03:30.611,0.77935,0.77945,4.00,0.30
2008.03.26 09:03:30.930,0.77935,0.77945,4.00,0.50
2008.03.26 09:03:31.249,0.77935,0.77945,4.00,0.50
2008.03.26 09:03:31.573,0.77935,0.77945,4.00,0.50
2008.03.26 09:03:31.802,0.77935,0.77945,4.80,0.50
2008.03.26 09:03:32.031,0.77935,0.77945,4.80,0.50
2008.03.26 09:03:32.260,0.77935,0.77945,4.00,0.50
2008.03.26 09:03:32.489,0.77935,0.77945,4.00,0.50
2008.03.26 09:03:32.718,0.77935,0.77945,4.00,0.50
2008.03.26 09:03:33.053,0.77935,0.7794,4.00,0.30
2008.03.26 09:03:33.392,0.77935,0.7794,4.00,0.30
2008.03.26 09:03:33.727,0.77935,0.7794,4.00,0.30
2008.03.26 09:03:33.966,0.77935,0.7794,4.00,0.30
2008.03.26 09:03:34.206,0.77935,0.7794,4.00,0.30
2008.03.26 09:03:34.446,0.77935,0.7794,4.00,0.30
2008.03.26 09:03:34.685,0.77935,0.7794,4.00,0.30
2008.03.26 09:03:35.014,0.77935,0.7794,4.00,0.30
2008.03.26 09:03:35.344,0.77935,0.77945,4.00,0.50
2008.03.26 09:03:35.673,0.77935,0.77945,4.00,0.50
2008.03.26 09:03:35.929,0.77935,0.77945,4.00,0.50
2008.03.26 09:03:36.182,0.77935,0.77945,4.00,0.30
2008.03.26 09:03:36.438,0.77935,0.7794,4.00,0.30
2008.03.26 09:03:36.692,0.77935,0.7794,4.00,0.30
2008.03.26 09:03:36.987,0.7793,0.77945,4.40,0.30
2008.03.26 09:03:37.293,0.7793,0.77945,4.40,0.50
2008.03.26 09:03:37.588,0.7793,0.77945,4.40,0.50
2008.03.26 09:03:37.883,0.7793,0.77945,0.60,0.30
2008.03.26 09:03:38.147,0.7793,0.77945,0.60,0.30
2008.03.26 09:03:38.411,0.7793,0.77945,0.60,0.30
2008.03.26 09:03:38.677,0.7793,0.77945,0.60,0.30
2008.03.26 09:03:38.941,0.7793,0.77945,0.60,0.30
2008.03.26 09:03:39.205,0.7793,0.77945,0.60,0.30
2008.03.26 09:03:39.470,0.7793,0.77945,4.60,0.30
2008.03.26 09:03:39.735,0.7793,0.77945,4.60,0.30
2008.03.26 09:03:40.008,0.7793,0.77945,4.60,0.30
2008.03.26 09:03:40.326,0.7793,0.77945,4.60,0.30
2008.03.26 09:03:40.603,0.7793,0.77945,4.60,0.30
2008.03.26 09:03:40.881,0.7793,0.77945,4.60,0.30
2008.03.26 09:03:41.190,0.7793,0.77945,4.30,0.50
2008.03.26 09:03:41.508,0.7793,0.7794,0.40,0.30
2008.03.26 09:03:41.826,0.7793,0.7794,0.40,0.30
2008.03.26 09:03:42.066,0.7793,0.7794,0.40,0.30
2008.03.26 09:03:42.314,0.7793,0.7794,0.40,0.30
2008.03.26 09:03:42.552,0.7793,0.7794,0.40,0.30
2008.03.26 09:03:42.798,0.7793,0.7794,0.40,0.30
2008.03.26 09:03:43.027,0.7793,0.7794,0.40,0.30
2008.03.26 09:03:43.361,0.7793,0.7794,0.40,0.30
2008.03.26 09:03:43.697,0.7793,0.7794,0.60,0.30
2008.03.26 09:03:44.031,0.7793,0.7794,0.20,0.30
2008.03.26 09:03:44.266,0.77925,0.7794,0.60,0.60
2008.03.26 09:03:44.503,0.77925,0.7794,0.60,0.60
2008.03.26 09:03:44.738,0.7793,0.7794,0.20,0.30
2008.03.26 09:03:44.974,0.7793,0.7794,0.20,0.50
2008.03.26 09:03:45.289,0.7793,0.7794,0.20,0.50
2008.03.26 09:03:45.605,0.77925,0.7794,0.60,0.60
2008.03.26 09:03:45.920,0.77925,0.7794,0.60,0.60
2008.03.26 09:03:46.229,0.77925,0.7794,0.60,0.60
2008.03.26 09:03:46.549,0.77925,0.7794,0.60,0.60
2008.03.26 09:03:46.859,0.77925,0.7794,0.60,0.60
2008.03.26 09:03:47.169,0.77925,0.7794,0.60,0.60
2008.03.26 09:03:47.399,0.77925,0.7794,0.60,0.60
2008.03.26 09:03:47.640,0.77925,0.7794,0.60,0.60
2008.03.26 09:03:47.868,0.77925,0.7794,0.60,0.60
2008.03.26 09:03:48.097,0.77925,0.7794,0.60,0.60
2008.03.26 09:03:48.411,0.77925,0.7794,0.60,0.60
2008.03.26 09:03:48.725,0.7793,0.7794,0.20,0.60
2008.03.26 09:03:49.041,0.7793,0.7794,0.20,0.60
2008.03.26 09:03:49.353,0.7793,0.7794,0.20,0.60
2008.03.26 09:03:49.598,0.7793,0.7794,0.20,0.30
2008.03.26 09:03:49.841,0.7793,0.7794,0.20,0.30
2008.03.26 09:03:50.086,0.7793,0.7794,0.20,0.30
2008.03.26 09:03:50.364,0.7793,0.7794,0.20,0.30
2008.03.26 09:03:50.644,0.7793,0.7794,0.20,0.30
2008.03.26 09:03:50.922,0.7793,0.7794,0.20,0.30
2008.03.26 09:03:51.202,0.7793,0.7794,0.20,0.30
2008.03.26 09:03:51.517,0.7793,0.7794,0.20,0.60
2008.03.26 09:03:51.831,0.7793,0.7794,0.20,0.60
2008.03.26 09:03:52.146,0.7793,0.7794,0.20,0.60
2008.03.26 09:03:52.382,0.7793,0.7794,0.20,0.60
2008.03.26 09:03:52.628,0.7793,0.7794,0.20,0.60
2008.03.26 09:03:52.862,0.7793,0.7794,0.20,0.60
2008.03.26 09:03:53.096,0.7793,0.7794,0.20,0.60
2008.03.26 09:03:53.407,0.7793,0.7794,0.20,0.60
2008.03.26 09:03:53.716,0.7793,0.7794,0.20,0.60
2008.03.26 09:03:54.025,0.7793,0.7794,0.20,0.60
2008.03.26 09:03:54.335,0.7793,0.7794,0.20,0.60
2008.03.26 09:03:54.600,0.7793,0.7794,0.20,0.60
2008.03.26 09:03:54.866,0.7793,0.7794,0.20,0.60
2008.03.26 09:03:55.130,0.7793,0.7794,0.20,0.60
2008.03.26 09:03:55.389,0.7793,0.7794,0.20,0.60
2008.03.26 09:03:55.643,0.7793,0.7794,0.20,0.30
2008.03.26 09:03:55.899,0.77925,0.7794,0.60,0.60
2008.03.26 09:03:56.152,0.77925,0.7794,0.60,0.60
2008.03.26 09:03:56.482,0.77925,0.7794,0.20,0.60
2008.03.26 09:03:56.813,0.77925,0.7794,0.60,0.60
2008.03.26 09:03:57.144,0.77925,0.7794,4.40,0.30
2008.03.26 09:03:57.481,0.77925,0.7794,4.40,0.30
2008.03.26 09:03:57.743,0.7793,0.7794,0.20,0.30
2008.03.26 09:03:58.002,0.7793,0.7794,0.20,0.30
2008.03.26 09:03:58.263,0.77925,0.7794,4.40,0.30
2008.03.26 09:03:58.570,0.7793,0.7794,0.20,0.30
2008.03.26 09:03:58.875,0.7793,0.7794,0.40,0.30
2008.03.26 09:03:59.179,0.7793,0.7794,0.20,0.30
2008.03.26 09:03:59.448,0.7793,0.7794,0.60,0.30
2008.03.26 09:03:59.718,0.7793,0.7794,0.20,0.30
2008.03.26 09:03:59.987,0.77925,0.7794,8.40,0.60
2008.03.26 09:04:00.259,0.77925,0.7794,8.40,0.60
2008.03.26 09:04:00.537,0.7793,0.7794,0.20,0.60
2008.03.26 09:04:00.812,0.7793,0.7794,0.20,0.30
2008.03.26 09:04:01.086,0.7793,0.7794,0.20,0.30
2008.03.26 09:04:01.362,0.7793,0.7794,0.60,0.30
2008.03.26 09:04:01.676,0.7793,0.7794,0.60,0.60
2008.03.26 09:04:01.993,0.7793,0.7794,0.40,0.60
2008.03.26 09:04:02.307,0.77925,0.7794,8.40,0.60
2008.03.26 09:04:02.538,0.7793,0.7794,0.20,0.30
2008.03.26 09:04:02.768,0.7793,0.7794,0.20,0.30
2008.03.26 09:04:03.010,0.77925,0.7794,8.40,0.30
2008.03.26 09:04:03.248,0.77925,0.7794,4.40,0.30
2008.03.26 09:04:03.476,0.77925,0.7794,4.40,0.30
2008.03.26 09:04:03.822,0.7793,0.7794,0.20,0.30
2008.03.26 09:04:04.146,0.7793,0.7794,0.20,0.30
2008.03.26 09:04:04.490,0.7793,0.7794,0.20,0.30
2008.03.26 09:04:04.721,0.7793,0.7794,0.60,0.30
2008.03.26 09:04:04.950,0.7793,0.77945,0.60,0.30
2008.03.26 09:04:05.180,0.7793,0.77945,0.60,0.30
2008.03.26 09:04:05.409,0.7793,0.77945,0.60,0.30
2008.03.26 09:04:05.744,0.7793,0.77945,0.60,0.30
2008.03.26 09:04:06.080,0.7793,0.77945,0.60,0.30
2008.03.26 09:04:06.415,0.7793,0.77945,0.60,0.30
2008.03.26 09:04:06.661,0.7793,0.77945,0.60,0.30
2008.03.26 09:04:06.908,0.7794,0.77945,0.40,0.30
2008.03.26 09:04:07.154,0.7794,0.7795,0.40,0.30
2008.03.26 09:04:07.400,0.7794,0.77955,0.60,0.30
2008.03.26 09:04:07.714,0.7794,0.77955,0.60,0.30
2008.03.26 09:04:08.031,0.7794,0.77955,0.20,0.50
2008.03.26 09:04:08.346,0.77935,0.77955,4.40,2.80
2008.03.26 09:04:08.662,0.77935,0.7795,4.40,0.30
2008.03.26 09:04:08.949,0.7794,0.77955,0.60,0.30
2008.03.26 09:04:09.231,0.7794,0.77955,0.60,0.30
2008.03.26 09:04:09.520,0.77945,0.77955,0.40,0.30
2008.03.26 09:04:09.763,0.77945,0.77955,0.40,0.30
2008.03.26 09:04:10.008,0.77945,0.77955,0.40,0.30
2008.03.26 09:04:10.252,0.77945,0.77955,0.40,0.30
2008.03.26 09:04:10.497,0.77945,0.77955,0.40,0.30
2008.03.26 09:04:10.830,0.77945,0.77955,0.40,0.30
2008.03.26 09:04:11.164,0.77945,0.77955,0.40,0.30
2008.03.26 09:04:11.500,0.77945,0.77955,0.40,0.30
2008.03.26 09:04:11.742,0.77945,0.7796,4.30,0.60
2008.03.26 09:04:11.971,0.7795,0.7796,0.20,0.60
2008.03.26 09:04:12.201,0.7795,0.7796,0.20,0.60
2008.03.26 09:04:12.439,0.7795,0.7796,0.60,0.30
2008.03.26 09:04:12.669,0.7795,0.77965,0.60,0.50
2008.03.26 09:04:13.003,0.7795,0.77965,0.60,0.50
2008.03.26 09:04:13.337,0.7795,0.77965,0.60,0.30
2008.03.26 09:04:13.675,0.7795,0.77965,0.60,0.30
2008.03.26 09:04:13.910,0.7795,0.77965,0.60,0.30
2008.03.26 09:04:14.155,0.7795,0.77965,0.60,0.30
2008.03.26 09:04:14.388,0.7795,0.77965,0.40,0.50
2008.03.26 09:04:14.624,0.7795,0.77965,0.40,0.50
2008.03.26 09:04:14.862,0.7795,0.77965,0.60,0.30
2008.03.26 09:04:15.197,0.77955,0.7797,0.20,4.60
2008.03.26 09:04:15.532,0.77955,0.7797,0.20,4.60
2008.03.26 09:04:15.866,0.77955,0.7797,0.20,4.60
2008.03.26 09:04:16.131,0.7796,0.7797,0.20,4.60
2008.03.26 09:04:16.398,0.7795,0.7796,0.20,0.30
2008.03.26 09:04:16.672,0.77945,0.77965,6.00,0.50
2008.03.26 09:04:16.962,0.7795,0.7796,0.40,0.30
2008.03.26 09:04:17.252,0.7795,0.77965,0.40,0.50
2008.03.26 09:04:17.542,0.7795,0.77965,0.60,0.50
2008.03.26 09:04:17.830,0.7795,0.77965,0.60,0.30
2008.03.26 09:04:18.119,0.7795,0.77965,0.60,0.30
2008.03.26 09:04:18.409,0.7795,0.77965,0.60,0.30
2008.03.26 09:04:18.697,0.7795,0.77965,0.60,0.30
2008.03.26 09:04:18.957,0.77945,0.7796,0.20,0.60
2008.03.26 09:04:19.224,0.77945,0.7796,4.10,0.60
2008.03.26 09:04:19.483,0.77945,0.7796,4.10,0.60
2008.03.26 09:04:19.742,0.77945,0.7796,4.40,0.60
2008.03.26 09:04:20.047,0.77955,0.7797,1.60,1.20
2008.03.26 09:04:20.353,0.77955,0.7797,4.00,1.20
2008.03.26 09:04:20.659,0.77955,0.7797,6.00,0.60
2008.03.26 09:04:20.975,0.7796,0.77975,0.60,4.40
2008.03.26 09:04:21.274,0.7796,0.77975,0.60,0.30
2008.03.26 09:04:21.574,0.7796,0.77975,0.60,0.30
2008.03.26 09:04:21.874,0.77965,0.7797,0.20,0.50
2008.03.26 09:04:22.146,0.77955,0.7797,0.60,0.50
2008.03.26 09:04:22.417,0.77955,0.7797,2.80,0.30
2008.03.26 09:04:22.686,0.7796,0.7797,0.40,0.30
2008.03.26 09:04:22.957,0.77965,0.7798,0.60,0.50
2008.03.26 09:04:23.237,0.77965,0.7798,0.60,0.30
2008.03.26 09:04:23.516,0.7797,0.7798,0.40,0.30
2008.03.26 09:04:23.796,0.7797,0.77985,0.60,4.20
2008.03.26 09:04:24.071,0.77975,0.77985,0.40,0.30
2008.03.26 09:04:24.346,0.77975,0.77985,0.40,0.30
2008.03.26 09:04:24.621,0.77975,0.77985,0.40,4.20
2008.03.26 09:04:24.894,0.77975,0.77985,0.40,0.30
2008.03.26 09:04:25.194,0.77975,0.77985,4.40,0.30
2008.03.26 09:04:25.492,0.77975,0.77985,4.40,0.30
2008.03.26 09:04:25.791,0.77975,0.7799,4.40,0.60
2008.03.26 09:04:26.081,0.77975,0.7799,0.40,0.30
2008.03.26 09:04:26.371,0.77975,0.7799,0.60,0.50
2008.03.26 09:04:26.660,0.77975,0.77985,0.40,0.30
2008.03.26 09:04:26.948,0.77975,0.77985,0.40,0.30
2008.03.26 09:04:27.227,0.77975,0.77985,0.40,0.30
2008.03.26 09:04:27.509,0.77975,0.7799,4.30,0.30
2008.03.26 09:04:27.788,0.77975,0.7799,4.30,0.30
2008.03.26 09:04:28.062,0.77975,0.7799,4.30,0.30
2008.03.26 09:04:28.337,0.7798,0.77995,0.40,6.60
2008.03.26 09:04:28.611,0.7798,0.77995,0.60,0.30
2008.03.26 09:04:28.897,0.7798,0.77995,0.60,0.30
2008.03.26 09:04:29.167,0.7798,0.77995,0.60,0.30
2008.03.26 09:04:29.448,0.7798,0.77995,0.60,0.30
2008.03.26 09:04:29.727,0.7798,0.77995,0.60,0.30
2008.03.26 09:04:30.006,0.7798,0.77995,0.60,0.30
2008.03.26 09:04:30.285,0.7798,0.77995,0.60,0.30
2008.03.26 09:04:30.567,0.7798,0.77995,0.60,0.30
2008.03.26 09:04:30.846,0.77985,0.78,0.40,0.60
2008.03.26 09:04:31.166,0.77985,0.78,0.40,0.60
2008.03.26 09:04:31.485,0.7798,0.7799,0.60,0.30
2008.03.26 09:04:31.804,0.7798,0.7799,0.60,0.30
2008.03.26 09:04:32.134,0.7798,0.77995,0.60,0.30
2008.03.26 09:04:32.388,0.77985,0.77995,0.40,0.30
2008.03.26 09:04:32.645,0.7799,0.78,0.20,0.60
2008.03.26 09:04:32.900,0.7798,0.78,0.60,0.60
2008.03.26 09:04:33.192,0.7798,0.78,0.60,0.60
2008.03.26 09:04:33.478,0.77985,0.78,0.40,0.60
2008.03.26 09:04:33.768,0.77985,0.78,0.40,0.60
2008.03.26 09:04:34.056,0.77985,0.78,0.40,0.60
2008.03.26 09:04:34.352,0.7798,0.78,0.60,0.60
2008.03.26 09:04:34.646,0.7798,0.77995,0.60,0.30
2008.03.26 09:04:34.943,0.7799,0.78,0.20,0.60
2008.03.26 09:04:35.188,0.7799,0.78,0.20,0.60
2008.03.26 09:04:35.430,0.7799,0.78,0.20,0.60
2008.03.26 09:04:35.675,0.7799,0.78,0.20,0.60
2008.03.26 09:04:35.919,0.7799,0.78,0.20,0.60
2008.03.26 09:04:36.253,0.7799,0.78,0.20,0.60
2008.03.26 09:04:36.588,0.7799,0.78,0.20,0.60
2008.03.26 09:04:36.922,0.7799,0.78,0.20,0.60
2008.03.26 09:04:37.256,0.7799,0.78,0.20,0.60
2008.03.26 09:04:37.482,0.7799,0.78,0.20,0.60
2008.03.26 09:04:37.707,0.77985,0.78,0.40,0.60
2008.03.26 09:04:37.931,0.77985,0.78,0.40,0.60
2008.03.26 09:04:38.154,0.77985,0.78,0.40,0.60
2008.03.26 09:04:38.487,0.77985,0.78,0.40,0.60
2008.03.26 09:04:38.820,0.77985,0.78,0.40,0.60
2008.03.26 09:04:39.154,0.77985,0.78,0.40,0.60
2008.03.26 09:04:39.388,0.7798,0.78,0.60,4.60
2008.03.26 09:04:39.623,0.7798,0.77995,0.60,0.30
2008.03.26 09:04:39.859,0.7798,0.77995,0.60,2.80
2008.03.26 09:04:40.093,0.7798,0.7799,0.60,0.60
2008.03.26 09:04:40.403,0.77975,0.7799,0.60,0.60
2008.03.26 09:04:40.713,0.77975,0.7799,0.60,0.60
2008.03.26 09:04:41.035,0.77975,0.77985,0.40,0.30
2008.03.26 09:04:41.305,0.77975,0.77985,0.60,0.30
2008.03.26 09:04:41.575,0.77975,0.77985,0.40,0.30
2008.03.26 09:04:41.846,0.77975,0.77985,0.40,0.30
2008.03.26 09:04:42.114,0.77975,0.77985,0.40,0.30
2008.03.26 09:04:42.389,0.77975,0.77985,0.40,0.30
2008.03.26 09:04:42.664,0.77975,0.77985,0.40,0.30
2008.03.26 09:04:42.938,0.7798,0.77985,0.20,0.30
2008.03.26 09:04:43.213,0.7797,0.77985,4.60,0.30
2008.03.26 09:04:43.500,0.7798,0.77985,0.20,0.30
2008.03.26 09:04:43.783,0.7798,0.7799,0.20,0.60
2008.03.26 09:04:44.068,0.7797,0.77985,4.60,0.30
2008.03.26 09:04:44.337,0.7797,0.77985,4.60,0.30
2008.03.26 09:04:44.606,0.7797,0.77985,4.60,0.30
2008.03.26 09:04:44.876,0.7797,0.77985,0.60,0.30
2008.03.26 09:04:45.146,0.7797,0.77985,4.60,0.30
2008.03.26 09:04:45.405,0.77975,0.77985,4.00,0.30
2008.03.26 09:04:45.664,0.77975,0.77985,4.00,0.30
2008.03.26 09:04:45.924,0.77975,0.77985,4.00,0.30
2008.03.26 09:04:46.188,0.77975,0.77985,4.00,0.30
2008.03.26 09:04:46.531,0.7797,0.77985,0.40,2.80
2008.03.26 09:04:46.862,0.7797,0.7798,0.40,0.30
2008.03.26 09:04:47.193,0.7797,0.7798,0.20,0.30
2008.03.26 09:04:47.453,0.7797,0.7798,0.20,0.30
2008.03.26 09:04:47.713,0.7797,0.7798,0.40,0.30
2008.03.26 09:04:47.948,0.7797,0.7798,0.60,0.30
2008.03.26 09:04:48.198,0.7797,0.77985,0.40,2.80
2008.03.26 09:04:48.497,0.7797,0.77985,0.60,2.80
2008.03.26 09:04:48.796,0.7797,0.77985,0.60,2.80
2008.03.26 09:04:49.095,0.7797,0.77985,0.60,2.80
2008.03.26 09:04:49.396,0.7797,0.77985,0.60,2.60
2008.03.26 09:04:49.651,0.7797,0.77985,0.60,2.60
2008.03.26 09:04:49.924,0.7797,0.77985,0.60,2.60
2008.03.26 09:04:50.178,0.7797,0.77985,0.60,0.30
2008.03.26 09:04:50.458,0.77975,0.77985,0.40,0.30
2008.03.26 09:04:50.737,0.77975,0.77985,0.40,0.30
2008.03.26 09:04:51.016,0.7797,0.77985,0.60,0.30
2008.03.26 09:04:51.295,0.7797,0.77985,0.60,0.30
2008.03.26 09:04:51.604,0.7797,0.77985,0.60,0.30
2008.03.26 09:04:51.913,0.7797,0.77985,0.60,0.30
2008.03.26 09:04:52.221,0.7797,0.77985,0.60,0.30
2008.03.26 09:04:52.466,0.7797,0.77985,0.60,0.30
2008.03.26 09:04:52.710,0.7797,0.77985,0.60,0.30
2008.03.26 09:04:52.961,0.7797,0.77985,0.60,0.30
2008.03.26 09:04:53.218,0.7797,0.77985,0.60,0.30
2008.03.26 09:04:53.539,0.7797,0.77985,0.60,0.30
2008.03.26 09:04:53.831,0.7797,0.77985,0.60,0.30
2008.03.26 09:04:54.134,0.7797,0.77985,0.60,0.30
2008.03.26 09:04:54.438,0.7797,0.77985,0.60,0.30
2008.03.26 09:04:54.697,0.7797,0.77985,0.60,0.30
2008.03.26 09:04:54.956,0.7797,0.77985,0.60,0.30
2008.03.26 09:04:55.217,0.7797,0.77985,0.60,0.30
2008.03.26 09:04:55.479,0.7797,0.77985,0.60,0.30
2008.03.26 09:04:55.744,0.7797,0.77985,0.60,0.30
2008.03.26 09:04:56.020,0.7797,0.77985,0.60,0.30
2008.03.26 09:04:56.283,0.7797,0.77985,0.60,0.30
2008.03.26 09:04:56.597,0.7797,0.77985,0.60,0.30
2008.03.26 09:04:56.912,0.7797,0.77985,0.60,0.30
2008.03.26 09:04:57.225,0.7797,0.77985,0.60,0.30
2008.03.26 09:04:57.538,0.7797,0.77985,0.60,0.30
2008.03.26 09:04:57.786,0.7797,0.77985,0.60,0.30
2008.03.26 09:04:58.037,0.7797,0.77985,0.60,0.30
2008.03.26 09:04:58.285,0.7797,0.77985,0.60,0.30
2008.03.26 09:04:58.565,0.7797,0.77985,0.60,0.30
2008.03.26 09:04:58.851,0.7797,0.77985,0.60,0.30
2008.03.26 09:04:59.139,0.7797,0.77985,0.60,0.30
2008.03.26 09:04:59.408,0.7797,0.77985,0.60,0.30
2008.03.26 09:04:59.678,0.7797,0.77985,0.60,0.30
2008.03.26 09:04:59.949,0.7797,0.7798,0.40,0.30
2008.03.26 09:05:00.219,0.77965,0.7798,9.20,0.30
2008.03.26 09:05:00.490,0.77965,0.7798,9.20,0.30
2008.03.26 09:05:00.779,0.77965,0.7798,5.20,0.30
2008.03.26 09:05:01.071,0.7797,0.7798,0.20,0.30
2008.03.26 09:05:01.360,0.7797,0.7798,0.60,0.30
2008.03.26 09:05:01.641,0.7797,0.77985,0.60,0.30
2008.03.26 09:05:01.923,0.7797,0.77985,0.60,0.50
2008.03.26 09:05:02.204,0.7797,0.77985,0.60,0.50
2008.03.26 09:05:02.482,0.7797,0.77985,0.60,0.30
2008.03.26 09:05:02.761,0.7797,0.77985,0.60,0.30
2008.03.26 09:05:03.042,0.7797,0.77985,0.60,0.30
2008.03.26 09:05:03.333,0.7797,0.77985,0.60,0.30
2008.03.26 09:05:03.623,0.7797,0.77985,0.60,0.30
2008.03.26 09:05:03.919,0.7797,0.77985,0.60,0.30
2008.03.26 09:05:04.201,0.7797,0.77985,0.60,0.30
2008.03.26 09:05:04.484,0.7797,0.77985,0.60,0.30
2008.03.26 09:05:04.769,0.7797,0.77985,0.60,0.30
2008.03.26 09:05:05.063,0.7797,0.77985,0.60,0.30
2008.03.26 09:05:05.361,0.7797,0.77985,0.60,0.30
2008.03.26 09:05:05.654,0.7797,0.77985,0.60,0.30
2008.03.26 09:05:05.902,0.7797,0.77985,0.60,0.30
2008.03.26 09:05:06.152,0.7797,0.77985,0.60,0.30
2008.03.26 09:05:06.409,0.77975,0.77985,0.40,0.30
2008.03.26 09:05:06.658,0.7798,0.77985,0.20,0.30
2008.03.26 09:05:06.953,0.7798,0.77985,0.20,0.30
2008.03.26 09:05:07.248,0.7798,0.7799,0.20,0.60
2008.03.26 09:05:07.544,0.7798,0.7799,0.20,0.60
2008.03.26 09:05:07.815,0.7798,0.7799,0.20,0.60
2008.03.26 09:05:08.083,0.7798,0.7799,0.20,0.60
2008.03.26 09:05:08.354,0.7798,0.7799,0.20,0.60
2008.03.26 09:05:08.634,0.7798,0.7799,0.20,0.60
2008.03.26 09:05:08.887,0.7798,0.7799,0.20,0.60
2008.03.26 09:05:09.132,0.7798,0.7799,0.20,0.60
2008.03.26 09:05:09.376,0.7798,0.7799,0.20,0.60
2008.03.26 09:05:09.624,0.7798,0.7799,0.20,0.60
2008.03.26 09:05:09.955,0.7798,0.7799,0.20,0.60
2008.03.26 09:05:10.275,0.7798,0.7799,0.20,0.60
2008.03.26 09:05:10.594,0.7798,0.7799,0.20,0.60
2008.03.26 09:05:10.873,0.7798,0.7799,0.20,0.60
2008.03.26 09:05:11.153,0.7798,0.7799,0.20,0.60
2008.03.26 09:05:11.430,0.7798,0.7799,0.20,0.60
2008.03.26 09:05:11.709,0.7798,0.7799,0.20,0.60
2008.03.26 09:05:12.003,0.7798,0.7799,0.20,0.60
2008.03.26 09:05:12.297,0.7798,0.7799,0.20,0.60
2008.03.26 09:05:12.591,0.7798,0.7799,0.40,0.60
2008.03.26 09:05:12.842,0.7798,0.7799,0.40,0.60
2008.03.26 09:05:13.092,0.7798,0.77995,0.60,0.50
2008.03.26 09:05:13.342,0.7798,0.77995,0.60,0.30
2008.03.26 09:05:13.592,0.7798,0.77995,0.60,0.30
2008.03.26 09:05:13.897,0.7798,0.77995,0.60,0.30
2008.03.26 09:05:14.202,0.77985,0.78,0.20,0.60
2008.03.26 09:05:14.505,0.77985,0.78,0.20,0.60
2008.03.26 09:05:14.810,0.77985,0.78,0.20,0.60
2008.03.26 09:05:15.088,0.77985,0.78,0.60,0.60
2008.03.26 09:05:15.368,0.77985,0.77995,0.20,0.30
2008.03.26 09:05:15.647,0.77985,0.77995,0.20,0.30
2008.03.26 09:05:15.916,0.77985,0.78,0.20,0.60
2008.03.26 09:05:16.185,0.77985,0.78,0.20,0.60
2008.03.26 09:05:16.454,0.77985,0.78,0.20,0.60
2008.03.26 09:05:16.723,0.77985,0.78,0.20,0.60
2008.03.26 09:05:17.017,0.77985,0.78,0.20,0.60
2008.03.26 09:05:17.312,0.77985,0.78,0.20,0.60
2008.03.26 09:05:17.606,0.7799,0.78,0.20,0.60
2008.03.26 09:05:17.900,0.7799,0.78,0.20,0.60
2008.03.26 09:05:18.180,0.7799,0.78,0.40,0.30
2008.03.26 09:05:18.461,0.7799,0.78,0.40,0.30
2008.03.26 09:05:18.740,0.7799,0.78,0.40,0.60
2008.03.26 09:05:18.999,0.7799,0.78,0.40,0.30
2008.03.26 09:05:19.259,0.7799,0.78,0.40,0.30
2008.03.26 09:05:19.519,0.7799,0.78,0.40,0.50
2008.03.26 09:05:19.778,0.7799,0.78,0.40,0.30
2008.03.26 09:05:20.098,0.7799,0.78,0.40,0.30
2008.03.26 09:05:20.407,0.7799,0.78,0.40,0.30
2008.03.26 09:05:20.716,0.7799,0.78,0.40,0.30
2008.03.26 09:05:21.026,0.77995,0.78005,3.20,2.40
2008.03.26 09:05:21.321,0.78,0.7801,0.20,0.60
2008.03.26 09:05:21.616,0.78,0.78015,0.60,5.80
2008.03.26 09:05:21.911,0.78,0.78015,0.60,0.30
2008.03.26 09:05:22.188,0.78,0.7802,0.60,0.60
2008.03.26 09:05:22.452,0.7801,0.7802,0.20,0.60
2008.03.26 09:05:22.716,0.78005,0.7802,0.60,0.30
2008.03.26 09:05:22.981,0.78005,0.7802,0.60,0.30
2008.03.26 09:05:23.291,0.7801,0.78025,0.40,0.50
2008.03.26 09:05:23.601,0.7801,0.78025,4.30,0.50
2008.03.26 09:05:23.910,0.7801,0.78025,4.30,0.50
2008.03.26 09:05:24.155,0.7802,0.78025,0.20,0.30
2008.03.26 09:05:24.413,0.78015,0.78025,2.40,0.30
2008.03.26 09:05:24.646,0.78015,0.7803,0.20,0.60
2008.03.26 09:05:24.892,0.78015,0.78025,0.20,0.30
2008.03.26 09:05:25.207,0.78015,0.7803,0.20,0.60
2008.03.26 09:05:25.522,0.78015,0.7803,0.60,0.60
2008.03.26 09:05:25.836,0.7802,0.7803,0.20,0.60
2008.03.26 09:05:26.152,0.7802,0.7803,0.20,0.60
2008.03.26 09:05:26.441,0.7802,0.7803,0.60,0.30
2008.03.26 09:05:26.733,0.7802,0.78035,0.60,0.50
2008.03.26 09:05:27.035,0.78025,0.78035,0.40,0.30
2008.03.26 09:05:28.521,0.78025,0.78035,2.70,0.30
2008.03.26 09:05:28.589,0.7803,0.78035,0.20,0.30
2008.03.26 09:05:28.659,0.7803,0.78035,0.20,0.30
2008.03.26 09:05:28.729,0.7802,0.78035,4.60,0.30
2008.03.26 09:05:28.800,0.7802,0.78035,4.60,0.30
2008.03.26 09:05:28.873,0.7802,0.78035,4.60,0.30
2008.03.26 09:05:28.962,0.7802,0.78035,4.60,0.30
2008.03.26 09:05:29.032,0.7802,0.78035,4.60,0.30
2008.03.26 09:05:30.455,0.7803,0.7804,0.20,0.60
2008.03.26 09:05:30.769,0.7803,0.7804,0.20,0.60
2008.03.26 09:05:31.082,0.7803,0.7804,0.20,0.60
2008.03.26 09:05:32.707,0.7803,0.7804,0.60,0.30
2008.03.26 09:05:32.800,0.7803,0.7804,0.40,0.30
2008.03.26 09:05:32.921,0.7803,0.7804,0.40,0.30
2008.03.26 09:05:33.029,0.7803,0.7804,0.40,0.30
2008.03.26 09:05:33.137,0.7803,0.7804,0.40,0.30
2008.03.26 09:05:33.246,0.7803,0.7804,0.40,0.30
2008.03.26 09:05:33.355,0.7803,0.7804,0.40,0.30
2008.03.26 09:05:33.465,0.7803,0.7804,0.40,0.30
2008.03.26 09:05:33.587,0.78035,0.7804,0.20,0.30
2008.03.26 09:05:33.707,0.7803,0.7804,0.60,0.30
2008.03.26 09:05:34.039,0.78035,0.78045,0.20,14.50
2008.03.26 09:05:34.376,0.7803,0.78045,0.60,12.00
2008.03.26 09:05:34.711,0.7803,0.7804,0.60,0.30
2008.03.26 09:05:34.951,0.7803,0.7804,0.40,0.30
2008.03.26 09:05:35.192,0.7803,0.7804,0.40,0.30
2008.03.26 09:05:35.431,0.7803,0.78045,0.40,12.10
2008.03.26 09:05:35.672,0.7803,0.7804,0.40,0.30
2008.03.26 09:05:36.020,0.7803,0.7804,0.40,0.30
2008.03.26 09:05:36.353,0.7803,0.7804,0.40,0.30
2008.03.26 09:05:36.689,0.7803,0.7804,0.40,0.30
2008.03.26 09:05:36.933,0.7803,0.7804,0.40,0.30
2008.03.26 09:05:37.177,0.7803,0.7804,0.40,0.30
2008.03.26 09:05:37.422,0.7803,0.7804,0.40,0.50
2008.03.26 09:05:37.665,0.78025,0.7804,0.20,0.60
2008.03.26 09:05:37.909,0.78025,0.78035,0.20,12.00
2008.03.26 09:05:38.246,0.78025,0.7804,0.20,0.60
2008.03.26 09:05:38.580,0.78025,0.78035,0.20,12.00
2008.03.26 09:05:38.914,0.78025,0.7804,0.20,0.60
2008.03.26 09:05:39.159,0.78025,0.7804,0.20,0.60
2008.03.26 09:05:39.404,0.78025,0.7804,0.60,0.60
2008.03.26 09:05:39.650,0.78025,0.7804,0.60,0.60
2008.03.26 09:05:39.894,0.78025,0.7804,0.60,0.60
2008.03.26 09:05:40.227,0.7803,0.7804,0.20,0.60
2008.03.26 09:05:40.558,0.78025,0.7804,4.40,0.60
2008.03.26 09:05:40.888,0.78025,0.7804,0.60,0.60
2008.03.26 09:05:41.160,0.78025,0.78035,0.40,0.30
2008.03.26 09:05:41.427,0.78025,0.78035,0.40,0.30
2008.03.26 09:05:41.697,0.7802,0.78035,4.60,0.30
2008.03.26 09:05:41.966,0.7802,0.78035,4.60,0.30
2008.03.26 09:05:42.261,0.78025,0.78035,0.20,0.30
2008.03.26 09:05:42.565,0.78025,0.78035,0.20,0.30
2008.03.26 09:05:42.861,0.78025,0.78035,0.20,0.30
2008.03.26 09:05:43.123,0.7802,0.7804,0.60,5.40
2008.03.26 09:05:43.385,0.7802,0.7804,0.60,5.40
2008.03.26 09:05:43.640,0.78025,0.7804,0.60,1.40
2008.03.26 09:05:43.895,0.78025,0.7804,0.60,0.60
2008.03.26 09:05:44.196,0.78025,0.7804,0.60,0.30
2008.03.26 09:05:44.496,0.78025,0.7804,0.60,0.50
2008.03.26 09:05:44.797,0.78025,0.7804,0.60,0.60
2008.03.26 09:05:45.096,0.78025,0.7804,0.60,0.60
2008.03.26 09:05:45.386,0.78025,0.7804,0.60,0.60
2008.03.26 09:05:45.676,0.78025,0.7804,0.60,0.60
2008.03.26 09:05:45.966,0.78025,0.7804,4.40,0.60
2008.03.26 09:05:46.253,0.7803,0.78045,0.40,0.50
2008.03.26 09:05:46.538,0.7803,0.78045,0.40,0.50
2008.03.26 09:05:46.822,0.7803,0.78045,0.40,0.50
2008.03.26 09:05:47.110,0.7803,0.78045,0.60,0.20
2008.03.26 09:05:47.411,0.7803,0.78045,0.60,0.50
2008.03.26 09:05:47.710,0.7803,0.78045,0.60,0.20
2008.03.26 09:05:48.011,0.78035,0.7805,0.20,0.60
2008.03.26 09:05:48.265,0.78035,0.7805,0.20,0.60
2008.03.26 09:05:48.521,0.78035,0.78045,0.20,0.30
2008.03.26 09:05:48.787,0.78035,0.78045,0.20,0.30
2008.03.26 09:05:49.031,0.78035,0.7805,0.60,0.60
2008.03.26 09:05:49.348,0.7805,0.78055,0.20,0.20
2008.03.26 09:05:49.653,0.78045,0.7806,0.20,0.60
2008.03.26 09:05:49.958,0.78045,0.7806,0.20,0.60
2008.03.26 09:05:50.263,0.78045,0.7806,0.20,0.60
2008.03.26 09:05:50.544,0.7805,0.7806,0.60,0.30
2008.03.26 09:05:50.827,0.7805,0.78065,0.60,0.30
2008.03.26 09:05:51.108,0.78055,0.78065,0.40,0.30
2008.03.26 09:05:51.403,0.78055,0.78065,0.40,0.30
2008.03.26 09:05:51.711,0.78055,0.78065,0.40,0.30
2008.03.26 09:05:52.005,0.78055,0.78065,0.40,0.30
2008.03.26 09:05:52.303,0.78055,0.78065,0.40,0.30
2008.03.26 09:05:52.602,0.78055,0.78065,0.40,0.30
2008.03.26 09:05:52.901,0.78055,0.78065,0.40,0.30
2008.03.26 09:05:53.202,0.78055,0.78065,0.40,0.30
2008.03.26 09:05:53.447,0.7805,0.78065,4.60,0.30
2008.03.26 09:05:53.694,0.7805,0.78065,4.40,0.30
2008.03.26 09:05:53.949,0.7805,0.78065,0.60,0.30
2008.03.26 09:05:54.185,0.7805,0.78065,0.60,0.30
2008.03.26 09:05:54.516,0.7805,0.78065,0.60,0.30
2008.03.26 09:05:54.845,0.7805,0.78065,0.60,0.30
2008.03.26 09:05:55.176,0.7805,0.78065,0.60,0.30
2008.03.26 09:05:55.416,0.7805,0.78065,0.60,0.30
2008.03.26 09:05:55.657,0.78045,0.7806,2.80,4.40
2008.03.26 09:05:55.894,0.78045,0.7806,2.80,4.40
2008.03.26 09:05:56.137,0.78045,0.7806,0.20,0.50
2008.03.26 09:05:56.376,0.78045,0.7806,0.20,0.50
2008.03.26 09:05:56.724,0.78045,0.7806,0.60,0.60
2008.03.26 09:05:57.059,0.78045,0.7806,0.60,0.50
2008.03.26 09:05:57.396,0.78045,0.7806,0.60,0.20
2008.03.26 09:05:57.641,0.78045,0.7806,0.60,0.30
2008.03.26 09:05:57.885,0.7805,0.7806,0.20,0.30
2008.03.26 09:05:58.131,0.7805,0.78065,0.20,4.40
2008.03.26 09:05:58.376,0.78045,0.7806,0.60,0.30
2008.03.26 09:05:58.702,0.78045,0.7806,0.60,0.30
2008.03.26 09:05:59.027,0.78055,0.7806,0.40,0.30
2008.03.26 09:05:59.360,0.78055,0.7807,0.60,0.60
2008.03.26 09:05:59.612,0.7806,0.7807,0.20,0.60
2008.03.26 09:05:59.863,0.7806,0.7807,0.20,0.60
2008.03.26 09:06:00.116,0.78055,0.7807,2.50,0.60
2008.03.26 09:06:00.366,0.7806,0.7807,0.20,0.60
2008.03.26 09:06:00.684,0.78055,0.7807,0.60,0.60
2008.03.26 09:06:01.003,0.78055,0.7807,0.60,0.60
2008.03.26 09:06:01.322,0.78055,0.7807,0.60,0.60
2008.03.26 09:06:01.587,0.78055,0.7807,4.40,0.60
2008.03.26 09:06:01.856,0.78055,0.78065,0.10,1.00
2008.03.26 09:06:02.122,0.7805,0.78065,0.60,0.30
2008.03.26 09:06:02.387,0.7805,0.78065,0.60,0.30
2008.03.26 09:06:02.704,0.7805,0.78065,0.60,0.30
2008.03.26 09:06:03.013,0.7805,0.78065,0.60,0.30
2008.03.26 09:06:03.319,0.7805,0.78065,4.60,0.30
2008.03.26 09:06:03.584,0.7805,0.78065,0.60,18.60
2008.03.26 09:06:03.850,0.7805,0.7806,0.20,0.20
2008.03.26 09:06:04.105,0.7805,0.7806,0.20,0.20
2008.03.26 09:06:04.360,0.7805,0.7806,0.40,0.20
2008.03.26 09:06:04.647,0.7804,0.7806,0.60,0.50
2008.03.26 09:06:04.931,0.7804,0.7806,0.60,1.20
2008.03.26 09:06:05.218,0.7804,0.78055,0.60,1.20
2008.03.26 09:06:05.503,0.7804,0.78055,0.40,0.50
2008.03.26 09:06:05.818,0.7804,0.78055,0.20,4.40
2008.03.26 09:06:06.132,0.7804,0.78055,0.60,0.50
2008.03.26 09:06:06.446,0.7804,0.78055,0.60,0.50
2008.03.26 09:06:06.689,0.7804,0.78055,0.60,0.50
2008.03.26 09:06:06.936,0.7804,0.78055,0.60,0.50
2008.03.26 09:06:07.182,0.7804,0.78055,0.20,0.50
2008.03.26 09:06:07.426,0.7804,0.78055,0.20,0.50
2008.03.26 09:06:07.731,0.7804,0.78055,0.20,4.40
2008.03.26 09:06:08.048,0.78045,0.78055,0.40,1.00
2008.03.26 09:06:08.341,0.78045,0.78055,2.70,0.30
2008.03.26 09:06:08.633,0.7805,0.78065,0.20,4.40
2008.03.26 09:06:08.923,0.7805,0.78065,0.60,0.30
2008.03.26 09:06:09.258,0.7804,0.78055,0.60,0.30
2008.03.26 09:06:09.549,0.7804,0.78055,0.40,0.50
2008.03.26 09:06:09.803,0.7804,0.7805,0.40,0.50
2008.03.26 09:06:10.058,0.7804,0.7805,4.30,0.30
2008.03.26 09:06:10.314,0.78035,0.7805,0.60,0.50
2008.03.26 09:06:10.569,0.78035,0.7805,0.20,0.50
2008.03.26 09:06:10.896,0.78035,0.7805,0.20,0.60
2008.03.26 09:06:11.211,0.7803,0.7804,0.40,0.30
2008.03.26 09:06:11.524,0.78035,0.7804,0.40,0.30
2008.03.26 09:06:11.794,0.78035,0.7805,3.60,0.50
2008.03.26 09:06:12.067,0.78035,0.7805,4.90,0.50
2008.03.26 09:06:12.336,0.7804,0.7805,0.20,0.60
2008.03.26 09:06:12.607,0.7804,0.7805,0.20,0.60
2008.03.26 09:06:12.914,0.7804,0.78055,0.20,0.50
2008.03.26 09:06:13.219,0.7804,0.78055,0.20,4.40
2008.03.26 09:06:13.527,0.7804,0.78045,0.20,0.20
2008.03.26 09:06:13.773,0.78035,0.7804,0.20,0.30
2008.03.26 09:06:14.018,0.78035,0.7804,0.20,0.30
2008.03.26 09:06:14.263,0.78035,0.7804,0.20,0.30
2008.03.26 09:06:14.508,0.7803,0.7804,0.40,0.50
2008.03.26 09:06:14.839,0.78035,0.78045,0.20,0.20
2008.03.26 09:06:15.180,0.7803,0.78045,0.20,0.50
2008.03.26 09:06:15.508,0.7803,0.78045,0.20,4.40
2008.03.26 09:06:15.763,0.7803,0.78045,0.20,0.20
2008.03.26 09:06:16.030,0.7803,0.7805,0.60,0.60
2008.03.26 09:06:16.284,0.7804,0.7805,0.20,0.50
2008.03.26 09:06:16.540,0.7804,0.7805,0.20,0.50
2008.03.26 09:06:16.795,0.7804,0.7805,0.20,0.50
2008.03.26 09:06:17.119,0.7804,0.7805,0.20,0.50
2008.03.26 09:06:17.444,0.7804,0.7805,0.20,0.60
2008.03.26 09:06:17.770,0.78035,0.7805,0.20,0.60
2008.03.26 09:06:18.035,0.78035,0.7805,0.60,0.60
2008.03.26 09:06:18.309,0.7804,0.7805,0.20,0.60
2008.03.26 09:06:18.574,0.78035,0.7805,0.20,0.60
2008.03.26 09:06:18.861,0.78035,0.7805,0.20,0.60
2008.03.26 09:06:19.144,0.78035,0.7805,0.20,0.60
2008.03.26 09:06:19.428,0.78035,0.7805,0.20,0.60
2008.03.26 09:06:19.713,0.7804,0.7805,0.20,0.30
2008.03.26 09:06:20.010,0.7804,0.7805,0.40,0.30
2008.03.26 09:06:20.305,0.7804,0.7805,0.40,0.30
2008.03.26 09:06:20.601,0.7804,0.7805,0.40,0.30
2008.03.26 09:06:20.894,0.7804,0.7805,0.40,0.30
2008.03.26 09:06:21.173,0.7804,0.7805,0.40,0.30
2008.03.26 09:06:21.453,0.7804,0.7805,0.20,0.30
2008.03.26 09:06:21.733,0.7804,0.7805,0.20,0.60
2008.03.26 09:06:22.020,0.7804,0.7805,0.20,0.60
2008.03.26 09:06:22.321,0.78035,0.7805,0.20,0.60
2008.03.26 09:06:22.609,0.78035,0.7805,0.60,0.60
2008.03.26 09:06:22.871,0.7804,0.7805,0.20,0.60
2008.03.26 09:06:23.130,0.7804,0.7805,0.60,0.60
2008.03.26 09:06:23.390,0.7804,0.7805,0.20,0.60
2008.03.26 09:06:23.649,0.7804,0.7805,0.20,0.60
2008.03.26 09:06:23.948,0.7804,0.7805,0.20,0.60
2008.03.26 09:06:24.247,0.7804,0.7805,0.20,0.60
2008.03.26 09:06:24.548,0.78035,0.78045,0.40,0.30
2008.03.26 09:06:24.847,0.7803,0.78045,0.60,0.30
2008.03.26 09:06:25.117,0.78035,0.78045,0.40,0.30
2008.03.26 09:06:25.385,0.78035,0.78045,0.40,0.30
2008.03.26 09:06:25.655,0.78035,0.78045,0.40,0.30
2008.03.26 09:06:25.969,0.78035,0.78045,0.40,0.30
2008.03.26 09:06:26.284,0.78035,0.78045,0.40,0.30
2008.03.26 09:06:26.597,0.78035,0.78045,0.40,0.30
2008.03.26 09:06:26.912,0.78035,0.78045,0.40,0.30
2008.03.26 09:06:27.153,0.7803,0.78045,0.60,0.30
2008.03.26 09:06:27.393,0.7803,0.78045,0.60,0.30
2008.03.26 09:06:27.632,0.7803,0.78045,0.20,0.50
2008.03.26 09:06:27.879,0.7803,0.78045,0.20,4.40
2008.03.26 09:06:28.195,0.78025,0.7804,0.20,0.20
2008.03.26 09:06:28.511,0.78025,0.7804,0.60,0.60
2008.03.26 09:06:28.826,0.7803,0.7804,0.20,0.60
2008.03.26 09:06:29.102,0.7803,0.7804,0.20,0.30
2008.03.26 09:06:29.375,0.7803,0.7804,0.40,0.30
2008.03.26 09:06:29.651,0.7803,0.78045,0.60,0.30
2008.03.26 09:06:29.926,0.7803,0.78045,0.60,0.30
2008.03.26 09:06:30.205,0.7803,0.7804,0.60,0.30
2008.03.26 09:06:30.484,0.7803,0.7804,0.60,0.30
2008.03.26 09:06:30.765,0.7803,0.78045,0.60,0.30
2008.03.26 09:06:31.074,0.7803,0.78045,0.60,0.30
2008.03.26 09:06:31.382,0.7803,0.78045,0.60,0.30
2008.03.26 09:06:31.692,0.7803,0.78045,0.60,0.30
2008.03.26 09:06:32.001,0.7803,0.78045,0.60,0.30
2008.03.26 09:06:32.250,0.78035,0.78045,0.20,0.30
2008.03.26 09:06:32.501,0.78035,0.78045,0.20,0.30
2008.03.26 09:06:32.752,0.7803,0.7804,0.40,0.30
2008.03.26 09:06:33.003,0.7803,0.7804,0.20,0.30
2008.03.26 09:06:33.317,0.7803,0.7804,0.60,0.30
2008.03.26 09:06:33.633,0.7803,0.7804,0.40,0.60
2008.03.26 09:06:33.947,0.7803,0.7804,0.40,0.60
2008.03.26 09:06:34.217,0.7803,0.7804,0.20,0.50
2008.03.26 09:06:34.486,0.7803,0.7804,0.20,0.50
2008.03.26 09:06:34.766,0.7803,0.7804,0.20,0.50
2008.03.26 09:06:35.035,0.78025,0.7804,0.20,0.60
2008.03.26 09:06:35.314,0.78025,0.7804,0.20,0.60
2008.03.26 09:06:35.594,0.78025,0.7804,0.20,0.60
2008.03.26 09:06:35.873,0.78025,0.7804,0.20,0.60
2008.03.26 09:06:36.153,0.78025,0.7804,0.20,0.60
2008.03.26 09:06:36.463,0.78025,0.7804,0.20,0.60
2008.03.26 09:06:36.773,0.7802,0.7803,0.60,0.30
2008.03.26 09:06:37.083,0.7802,0.7804,0.60,0.60
2008.03.26 09:06:37.363,0.78025,0.7804,0.20,0.60
2008.03.26 09:06:37.643,0.78025,0.7804,0.20,0.60
2008.03.26 09:06:37.921,0.78025,0.7804,0.20,0.60
2008.03.26 09:06:38.202,0.7802,0.78035,0.60,0.20
2008.03.26 09:06:38.457,0.7802,0.78035,0.60,0.20
2008.03.26 09:06:38.712,0.7802,0.7803,0.40,0.30
2008.03.26 09:06:38.966,0.7802,0.7803,0.40,0.30
2008.03.26 09:06:39.220,0.7802,0.7803,0.40,0.30
2008.03.26 09:06:39.514,0.7802,0.7803,0.40,0.30
2008.03.26 09:06:39.807,0.7802,0.7803,0.40,0.30
2008.03.26 09:06:40.103,0.7802,0.7803,0.20,0.50
2008.03.26 09:06:40.399,0.78015,0.7803,0.90,0.50
2008.03.26 09:06:40.695,0.78015,0.7803,0.20,0.50
2008.03.26 09:06:40.990,0.78015,0.7803,0.20,0.50
2008.03.26 09:06:41.288,0.78015,0.7802,0.20,0.30
2008.03.26 09:06:41.567,0.7801,0.7802,0.40,0.30
2008.03.26 09:06:41.827,0.7801,0.7802,0.40,0.30
2008.03.26 09:06:42.088,0.7801,0.7802,0.40,0.30
2008.03.26 09:06:42.359,0.7801,0.7802,0.40,0.30
2008.03.26 09:06:42.678,0.7801,0.78025,0.40,0.20
2008.03.26 09:06:42.987,0.7801,0.7802,0.40,0.30
2008.03.26 09:06:43.300,0.78015,0.78025,0.20,0.20
2008.03.26 09:06:43.575,0.78015,0.78025,0.20,0.20
2008.03.26 09:06:43.851,0.7801,0.78025,0.40,0.50
2008.03.26 09:06:44.128,0.7801,0.7802,0.40,0.30
2008.03.26 09:06:44.404,0.7801,0.7802,0.40,0.30
2008.03.26 09:06:44.673,0.7801,0.7802,0.40,0.50
2008.03.26 09:06:44.943,0.7801,0.7802,0.20,0.50
2008.03.26 09:06:45.213,0.7801,0.7802,0.20,0.60
2008.03.26 09:06:45.481,0.7801,0.7802,0.20,0.60
2008.03.26 09:06:45.780,0.7801,0.7802,0.20,0.60
2008.03.26 09:06:46.082,0.7801,0.7802,0.20,0.60
2008.03.26 09:06:46.381,0.7801,0.7802,0.20,0.60
2008.03.26 09:06:46.666,0.7801,0.7802,0.20,0.60
2008.03.26 09:06:46.949,0.7801,0.7802,0.20,0.60
2008.03.26 09:06:47.240,0.7801,0.7802,0.40,0.30
2008.03.26 09:06:47.524,0.7801,0.7802,0.40,0.30
2008.03.26 09:06:47.824,0.7801,0.7802,0.40,0.30
2008.03.26 09:06:48.124,0.7801,0.7802,0.40,0.30
2008.03.26 09:06:48.426,0.7801,0.7802,0.40,0.30
2008.03.26 09:06:48.678,0.7801,0.7802,0.40,0.30
2008.03.26 09:06:48.928,0.7801,0.7802,0.40,0.30
2008.03.26 09:06:49.176,0.7801,0.7802,0.40,0.30
2008.03.26 09:06:49.428,0.7801,0.7802,0.40,0.30
2008.03.26 09:06:49.747,0.7801,0.7802,0.40,0.30
2008.03.26 09:06:50.067,0.7801,0.7802,0.40,0.30
2008.03.26 09:06:50.387,0.7801,0.7802,0.40,0.30
2008.03.26 09:06:50.665,0.7801,0.78025,0.60,0.30
2008.03.26 09:06:50.939,0.7801,0.78025,0.60,0.30
2008.03.26 09:06:51.214,0.7801,0.78025,0.60,0.30
2008.03.26 09:06:51.488,0.7801,0.78025,0.60,0.30
2008.03.26 09:06:51.779,0.7801,0.78025,0.60,0.30
2008.03.26 09:06:52.070,0.78015,0.7803,0.40,0.60
2008.03.26 09:06:52.360,0.7802,0.7803,0.20,0.60
2008.03.26 09:06:52.650,0.78015,0.7803,0.60,0.60
2008.03.26 09:06:52.929,0.7802,0.7803,0.20,0.50
2008.03.26 09:06:53.209,0.7802,0.7803,0.20,0.50
2008.03.26 09:06:53.489,0.7802,0.7803,0.20,0.50
2008.03.26 09:06:53.769,0.78015,0.7803,0.20,0.50
2008.03.26 09:06:54.048,0.78015,0.7803,0.20,0.50
2008.03.26 09:06:54.327,0.78015,0.7803,0.20,0.50
2008.03.26 09:06:54.608,0.78015,0.7803,0.60,0.60
2008.03.26 09:06:54.887,0.7802,0.7803,0.20,0.60
2008.03.26 09:06:55.186,0.7802,0.7803,0.20,0.60
2008.03.26 09:06:55.485,0.7802,0.7803,0.20,0.60
2008.03.26 09:06:55.784,0.7802,0.7803,0.20,0.60
2008.03.26 09:06:56.063,0.7802,0.7803,0.20,0.60
2008.03.26 09:06:56.342,0.7802,0.7803,0.20,0.60
2008.03.26 09:06:56.622,0.7802,0.7803,0.20,0.60
2008.03.26 09:06:56.901,0.7802,0.7803,0.20,0.60
2008.03.26 09:06:57.205,0.78015,0.7803,0.60,0.60
2008.03.26 09:06:57.500,0.78015,0.7803,0.60,0.60
2008.03.26 09:06:57.795,0.78015,0.7803,0.20,0.60
2008.03.26 09:06:58.091,0.78015,0.7803,0.20,0.60
2008.03.26 09:06:58.351,0.78015,0.78025,0.20,0.30
2008.03.26 09:06:58.613,0.78015,0.78025,0.20,0.30
2008.03.26 09:06:58.874,0.78015,0.78025,0.20,0.30
2008.03.26 09:06:59.175,0.78015,0.78025,0.20,0.30
2008.03.26 09:06:59.472,0.78015,0.78025,0.20,0.30
2008.03.26 09:06:59.795,0.78015,0.7803,0.20,0.60
2008.03.26 09:07:00.105,0.78015,0.7803,0.20,0.60
2008.03.26 09:07:00.377,0.78015,0.7803,0.20,0.60
2008.03.26 09:07:00.645,0.78015,0.7803,0.60,0.60
2008.03.26 09:07:00.927,0.78015,0.7803,0.60,0.60
2008.03.26 09:07:01.202,0.78015,0.7803,0.60,0.60
2008.03.26 09:07:01.535,0.78015,0.7803,0.60,0.60
2008.03.26 09:07:01.875,0.78015,0.7803,0.60,0.60
2008.03.26 09:07:02.183,0.78015,0.7803,0.60,0.60
2008.03.26 09:07:02.397,0.78015,0.7803,0.60,0.60
2008.03.26 09:07:02.612,0.78015,0.7803,0.60,0.60
2008.03.26 09:07:02.827,0.78015,0.7803,0.60,0.60
2008.03.26 09:07:03.041,0.78015,0.7803,0.60,0.60
2008.03.26 09:07:03.375,0.78015,0.7803,0.60,0.60
2008.03.26 09:07:03.705,0.78015,0.7803,0.60,0.60
2008.03.26 09:07:04.034,0.78015,0.7803,0.60,0.60
2008.03.26 09:07:04.363,0.78015,0.7803,0.60,0.60
2008.03.26 09:07:04.606,0.78015,0.7803,0.60,0.60
2008.03.26 09:07:04.850,0.78015,0.7803,0.60,0.60
2008.03.26 09:07:05.095,0.78015,0.7803,0.60,0.60
2008.03.26 09:07:05.379,0.78015,0.7803,0.60,0.60
2008.03.26 09:07:05.663,0.78015,0.7803,0.60,0.60
2008.03.26 09:07:05.925,0.78015,0.7803,0.60,0.60
2008.03.26 09:07:06.200,0.78015,0.7803,0.60,0.60
2008.03.26 09:07:06.504,0.78015,0.7803,0.60,0.60
2008.03.26 09:07:06.810,0.78015,0.7803,0.60,0.60
2008.03.26 09:07:07.115,0.7802,0.7803,0.20,0.60
2008.03.26 09:07:07.374,0.7802,0.7803,0.20,0.60
2008.03.26 09:07:07.643,0.7802,0.7803,0.20,0.60
2008.03.26 09:07:07.902,0.7802,0.7803,0.20,0.60
2008.03.26 09:07:08.161,0.7802,0.7803,0.20,0.60
2008.03.26 09:07:08.427,0.7802,0.7803,0.20,0.60
2008.03.26 09:07:08.690,0.78015,0.7803,0.60,0.60
2008.03.26 09:07:08.955,0.78015,0.7803,0.60,0.60
2008.03.26 09:07:09.232,0.7802,0.7803,0.60,0.30
2008.03.26 09:07:09.526,0.78025,0.7804,0.20,0.60
2008.03.26 09:07:09.821,0.78025,0.7804,0.60,0.60
2008.03.26 09:07:10.115,0.7802,0.78035,0.60,0.30
2008.03.26 09:07:10.409,0.7802,0.78035,0.60,0.30
2008.03.26 09:07:10.689,0.7802,0.78035,0.60,0.30
2008.03.26 09:07:10.968,0.7802,0.78035,0.60,0.30
2008.03.26 09:07:11.247,0.7802,0.78035,0.60,0.30
2008.03.26 09:07:11.540,0.7802,0.78035,0.60,0.30
2008.03.26 09:07:11.833,0.7802,0.78035,0.60,0.30
2008.03.26 09:07:12.128,0.7802,0.78035,0.60,0.30
2008.03.26 09:07:12.423,0.7802,0.78035,0.60,0.30
2008.03.26 09:07:12.719,0.7802,0.78035,0.60,0.30
2008.03.26 09:07:13.014,0.7802,0.7803,0.60,0.30
2008.03.26 09:07:13.309,0.7802,0.7803,0.60,0.30
2008.03.26 09:07:13.562,0.7802,0.7803,0.60,0.60
2008.03.26 09:07:13.817,0.7802,0.7803,0.20,0.60
2008.03.26 09:07:14.071,0.7802,0.7803,0.60,0.60
2008.03.26 09:07:14.327,0.7802,0.78035,0.60,0.30
2008.03.26 09:07:14.647,0.7802,0.78035,0.60,0.30
2008.03.26 09:07:14.968,0.7802,0.78035,0.60,0.30
2008.03.26 09:07:15.287,0.7802,0.78035,0.60,0.30
2008.03.26 09:07:15.605,0.7802,0.78035,0.60,0.30
2008.03.26 09:07:15.853,0.7802,0.78035,0.60,0.30
2008.03.26 09:07:16.116,0.7802,0.78035,0.60,0.30
2008.03.26 09:07:16.376,0.78025,0.7804,0.60,0.60
2008.03.26 09:07:16.703,0.7803,0.7804,0.60,0.60
2008.03.26 09:07:17.029,0.7803,0.7804,0.20,0.30
2008.03.26 09:07:17.353,0.7803,0.7804,0.60,0.30
2008.03.26 09:07:17.604,0.7803,0.7804,0.40,0.30
2008.03.26 09:07:17.857,0.7803,0.7804,0.60,0.30
2008.03.26 09:07:18.105,0.7803,0.7804,0.60,0.30
2008.03.26 09:07:18.356,0.7803,0.78045,0.40,0.20
2008.03.26 09:07:18.671,0.7803,0.78045,0.40,0.50
2008.03.26 09:07:18.975,0.7803,0.78045,0.40,0.50
2008.03.26 09:07:19.280,0.7803,0.78045,0.40,0.50
2008.03.26 09:07:19.586,0.7803,0.78045,0.60,0.30
2008.03.26 09:07:19.884,0.7803,0.78045,0.60,0.30
2008.03.26 09:07:20.183,0.7803,0.78045,0.60,0.30
2008.03.26 09:07:20.483,0.7803,0.7805,0.60,0.60
2008.03.26 09:07:20.721,0.7803,0.7805,0.60,0.60
2008.03.26 09:07:20.965,0.7803,0.7805,0.60,0.60
2008.03.26 09:07:21.209,0.7803,0.7805,0.60,0.60
2008.03.26 09:07:21.442,0.7803,0.7805,0.60,0.60
2008.03.26 09:07:21.772,0.7803,0.78045,0.60,0.30
2008.03.26 09:07:22.101,0.7803,0.78045,0.60,0.30
2008.03.26 09:07:22.429,0.7803,0.78045,0.60,0.30
2008.03.26 09:07:22.650,0.7803,0.78045,0.60,0.30
2008.03.26 09:07:22.869,0.7803,0.78045,0.60,0.30
2008.03.26 09:07:23.089,0.7803,0.78045,0.60,0.30
2008.03.26 09:07:23.308,0.78035,0.78045,0.20,0.30
2008.03.26 09:07:23.528,0.78035,0.7804,0.20,0.30
2008.03.26 09:07:23.863,0.7803,0.7804,0.40,0.30
2008.03.26 09:07:24.198,0.78035,0.78045,0.20,0.30
2008.03.26 09:07:24.533,0.78035,0.78045,0.20,0.30
2008.03.26 09:07:24.773,0.7803,0.78045,0.60,0.30
2008.03.26 09:07:25.014,0.78035,0.78045,0.40,0.30
2008.03.26 09:07:25.254,0.7804,0.7805,0.20,0.30
2008.03.26 09:07:25.497,0.7804,0.78055,0.20,6.00
2008.03.26 09:07:25.736,0.7804,0.78055,0.60,0.50
2008.03.26 09:07:26.060,0.7804,0.78055,0.60,2.80
2008.03.26 09:07:26.384,0.7804,0.78055,0.60,0.30
2008.03.26 09:07:26.708,0.7804,0.78055,0.60,0.30
2008.03.26 09:07:27.002,0.7804,0.7806,0.60,0.60
2008.03.26 09:07:27.297,0.7804,0.7805,0.60,0.30
2008.03.26 09:07:27.590,0.7804,0.7805,0.60,0.30
2008.03.26 09:07:27.849,0.78045,0.7806,0.40,0.60
2008.03.26 09:07:28.110,0.78045,0.7806,0.60,0.60
2008.03.26 09:07:28.369,0.7804,0.78055,0.60,0.30
2008.03.26 09:07:28.629,0.7804,0.7806,0.60,0.60
2008.03.26 09:07:28.939,0.7804,0.7806,0.60,0.60
2008.03.26 09:07:29.248,0.7804,0.78055,0.60,0.30
2008.03.26 09:07:29.558,0.7804,0.78055,0.60,0.30
2008.03.26 09:07:29.868,0.7804,0.7805,0.60,0.30
2008.03.26 09:07:30.138,0.7804,0.7805,0.60,0.30
2008.03.26 09:07:30.406,0.7804,0.7805,0.60,0.30
2008.03.26 09:07:30.677,0.7804,0.78045,0.20,0.30
2008.03.26 09:07:30.961,0.78035,0.78045,8.30,0.30
2008.03.26 09:07:31.247,0.7804,0.7805,0.60,0.30
2008.03.26 09:07:31.531,0.7804,0.7805,0.60,0.30
2008.03.26 09:07:31.816,0.7804,0.7805,0.60,0.30
2008.03.26 09:07:32.126,0.7804,0.7805,0.60,0.60
2008.03.26 09:07:32.436,0.7804,0.7805,0.20,0.60
2008.03.26 09:07:32.748,0.7804,0.7805,0.40,0.30
2008.03.26 09:07:33.008,0.7804,0.7805,0.40,0.30
2008.03.26 09:07:33.269,0.7804,0.7805,0.20,0.60
2008.03.26 09:07:33.529,0.7804,0.7805,0.20,0.60
2008.03.26 09:07:33.788,0.7804,0.7805,0.20,0.60
2008.03.26 09:07:34.111,0.7804,0.7805,0.20,0.60
2008.03.26 09:07:34.427,0.7804,0.78055,0.60,2.80
2008.03.26 09:07:34.742,0.7804,0.7805,0.60,0.30
2008.03.26 09:07:34.981,0.7804,0.7805,0.60,0.30
2008.03.26 09:07:35.221,0.7804,0.7805,0.60,0.30
2008.03.26 09:07:35.461,0.7804,0.7805,0.60,0.30
2008.03.26 09:07:35.700,0.7804,0.7805,0.40,0.30
2008.03.26 09:07:35.940,0.7804,0.7805,0.20,0.60
2008.03.26 09:07:36.286,0.7804,0.78045,0.20,0.30
2008.03.26 09:07:36.622,0.78035,0.78045,0.40,0.30
2008.03.26 09:07:36.956,0.78035,0.7805,0.60,0.60
2008.03.26 09:07:37.194,0.78035,0.7805,0.60,0.60
2008.03.26 09:07:37.436,0.78035,0.7805,0.60,0.60
2008.03.26 09:07:37.677,0.7804,0.7805,0.20,0.60
2008.03.26 09:07:37.917,0.7804,0.7805,0.20,0.60
2008.03.26 09:07:38.247,0.7804,0.7805,0.20,0.60
2008.03.26 09:07:38.588,0.7804,0.7805,0.20,0.60
2008.03.26 09:07:38.917,0.7804,0.7805,0.40,0.60
2008.03.26 09:07:39.166,0.7804,0.7805,0.20,0.60
2008.03.26 09:07:39.417,0.7804,0.7805,0.20,0.60
2008.03.26 09:07:39.668,0.7804,0.7805,0.20,0.60
2008.03.26 09:07:39.917,0.7804,0.7805,0.20,0.60
2008.03.26 09:07:40.225,0.7804,0.7805,0.20,0.60
2008.03.26 09:07:40.535,0.7804,0.7805,0.20,0.60
2008.03.26 09:07:40.846,0.78035,0.7805,0.20,0.60
2008.03.26 09:07:41.134,0.78035,0.7805,0.20,0.60
2008.03.26 09:07:41.425,0.78035,0.7805,4.40,0.60
2008.03.26 09:07:41.714,0.78035,0.7805,4.40,0.60
2008.03.26 09:07:42.004,0.78035,0.7805,4.10,0.60
2008.03.26 09:07:42.288,0.78035,0.78045,4.00,0.30
2008.03.26 09:07:42.585,0.78035,0.78045,4.30,0.30
2008.03.26 09:07:42.869,0.78035,0.7805,4.30,0.60
2008.03.26 09:07:43.143,0.78035,0.78045,4.00,0.30
2008.03.26 09:07:43.417,0.78035,0.7805,4.40,0.60
2008.03.26 09:07:43.692,0.78035,0.78045,4.30,0.30
2008.03.26 09:07:43.978,0.78035,0.78045,4.30,0.30
2008.03.26 09:07:44.266,0.78035,0.78045,4.30,0.30
2008.03.26 09:07:44.550,0.78035,0.78045,4.30,0.30
2008.03.26 09:07:44.834,0.78035,0.78045,4.40,0.30
2008.03.26 09:07:45.129,0.78035,0.78045,4.40,0.30
2008.03.26 09:07:45.423,0.78035,0.7805,7.60,0.60
2008.03.26 09:07:45.718,0.7804,0.7805,0.60,0.60
2008.03.26 09:07:46.012,0.7804,0.7805,0.60,0.60
2008.03.26 09:07:46.298,0.7804,0.7805,0.60,0.30
2008.03.26 09:07:46.583,0.7804,0.7805,0.40,0.30
2008.03.26 09:07:46.867,0.7804,0.7805,0.40,0.30
2008.03.26 09:07:47.151,0.7804,0.7805,0.40,0.30
2008.03.26 09:07:47.445,0.78045,0.7805,0.20,0.30
2008.03.26 09:07:47.740,0.7804,0.7805,0.60,0.30
2008.03.26 09:07:48.034,0.7804,0.7805,0.40,0.30
2008.03.26 09:07:48.293,0.7804,0.7805,0.40,0.30
2008.03.26 09:07:48.552,0.7804,0.7805,0.40,0.30
2008.03.26 09:07:48.812,0.7804,0.7805,0.60,0.30
2008.03.26 09:07:49.073,0.7804,0.78055,0.60,0.30
2008.03.26 09:07:49.381,0.7804,0.7806,0.60,0.60
2008.03.26 09:07:49.691,0.7804,0.7805,0.60,0.30
2008.03.26 09:07:49.999,0.7804,0.7805,0.60,0.30
2008.03.26 09:07:50.262,0.7804,0.7805,0.60,0.30
2008.03.26 09:07:50.525,0.7804,0.7805,0.60,0.30
2008.03.26 09:07:50.790,0.7804,0.7805,0.60,0.30
2008.03.26 09:07:51.054,0.7804,0.7805,0.60,0.30
2008.03.26 09:07:51.343,0.78045,0.7805,0.20,0.30
2008.03.26 09:07:51.632,0.78045,0.7805,0.20,0.30
2008.03.26 09:07:51.924,0.78045,0.7805,0.20,0.30
2008.03.26 09:07:52.214,0.78045,0.7805,0.20,0.30
2008.03.26 09:07:52.504,0.78045,0.7805,0.20,0.30
2008.03.26 09:07:52.797,0.7804,0.7805,0.40,0.30
2008.03.26 09:07:53.086,0.7804,0.7805,0.40,0.30
2008.03.26 09:07:53.336,0.7804,0.7805,0.40,0.30
2008.03.26 09:07:53.586,0.7804,0.7805,0.40,0.30
2008.03.26 09:07:53.841,0.78045,0.7805,0.20,0.30
2008.03.26 09:07:54.093,0.7805,0.78065,0.20,10.80
2008.03.26 09:07:54.406,0.7805,0.78065,0.20,8.40
2008.03.26 09:07:54.725,0.7805,0.7806,0.20,0.20
2008.03.26 09:07:55.031,0.7805,0.7806,0.20,0.30
2008.03.26 09:07:55.328,0.78045,0.78055,0.20,0.20
2008.03.26 09:07:55.624,0.78045,0.7806,0.20,0.60
2008.03.26 09:07:55.920,0.78045,0.7806,0.20,0.60
2008.03.26 09:07:56.214,0.7804,0.7806,0.60,0.60
2008.03.26 09:07:56.489,0.7804,0.7805,0.60,0.30
2008.03.26 09:07:56.766,0.7804,0.7805,0.60,0.30
2008.03.26 09:07:57.040,0.7804,0.7805,0.60,0.30
2008.03.26 09:07:57.317,0.7804,0.7805,0.60,0.30
2008.03.26 09:07:57.640,0.78045,0.7806,0.20,0.60
2008.03.26 09:07:57.947,0.78045,0.7806,0.20,0.60
2008.03.26 09:07:58.255,0.78045,0.7806,0.60,0.50
2008.03.26 09:07:58.500,0.78045,0.7806,1.20,0.20
2008.03.26 09:07:58.738,0.78045,0.78065,8.40,1.70
2008.03.26 09:07:58.979,0.7805,0.78065,0.60,1.60
2008.03.26 09:07:59.223,0.78055,0.7806,0.40,0.30
2008.03.26 09:07:59.534,0.78055,0.7807,4.40,0.30
2008.03.26 09:07:59.857,0.78055,0.7807,0.60,0.30
2008.03.26 09:08:00.168,0.78055,0.7807,4.10,0.50
2008.03.26 09:08:00.478,0.7806,0.7807,0.40,0.30
2008.03.26 09:08:00.763,0.7806,0.78075,0.60,6.60
2008.03.26 09:08:01.050,0.7806,0.7807,0.60,0.30
2008.03.26 09:08:01.335,0.7806,0.78075,0.60,0.30
2008.03.26 09:08:01.605,0.7806,0.78075,0.60,0.30
2008.03.26 09:08:01.876,0.78065,0.7808,0.60,0.60
2008.03.26 09:08:02.147,0.78065,0.7808,0.60,0.60
2008.03.26 09:08:02.416,0.78065,0.78075,4.10,4.00
2008.03.26 09:08:02.723,0.78065,0.78075,0.20,4.00
2008.03.26 09:08:03.019,0.78065,0.7808,0.20,0.50
2008.03.26 09:08:03.315,0.78065,0.7808,4.40,0.30
2008.03.26 09:08:03.610,0.7807,0.78085,0.40,0.50
2008.03.26 09:08:03.904,0.7807,0.78085,0.60,0.50
2008.03.26 09:08:04.197,0.7807,0.78085,0.40,0.50
2008.03.26 09:08:04.493,0.7807,0.78085,0.60,0.30
2008.03.26 09:08:04.748,0.7807,0.78085,0.60,0.30
2008.03.26 09:08:05.013,0.7807,0.78085,0.60,0.30
2008.03.26 09:08:05.267,0.78075,0.7809,0.20,0.60
2008.03.26 09:08:05.521,0.78075,0.7809,0.20,0.60
2008.03.26 09:08:05.837,0.78075,0.78085,0.20,4.00
2008.03.26 09:08:06.154,0.78075,0.78085,0.20,4.00
2008.03.26 09:08:06.470,0.7807,0.78085,0.60,4.10
2008.03.26 09:08:06.760,0.78075,0.78085,0.20,4.10
2008.03.26 09:08:07.052,0.78075,0.78085,0.20,0.20
2008.03.26 09:08:07.345,0.7807,0.78085,0.60,4.10
2008.03.26 09:08:07.646,0.7807,0.78085,0.60,4.00
2008.03.26 09:08:07.926,0.7808,0.7809,0.20,4.40
2008.03.26 09:08:08.206,0.7808,0.7809,0.20,4.40
2008.03.26 09:08:08.488,0.7808,0.7809,0.20,4.20
2008.03.26 09:08:08.767,0.7808,0.7809,0.20,0.50
2008.03.26 09:08:09.066,0.7808,0.7809,0.20,0.50
2008.03.26 09:08:09.379,0.7808,0.7809,0.20,4.60
2008.03.26 09:08:09.678,0.7808,0.7809,0.20,4.20
2008.03.26 09:08:09.934,0.78075,0.78085,0.20,4.00
2008.03.26 09:08:10.187,0.78075,0.78085,0.20,4.10
2008.03.26 09:08:10.443,0.7807,0.78085,0.20,4.40
2008.03.26 09:08:10.697,0.7807,0.7808,0.20,0.50
2008.03.26 09:08:11.012,0.78065,0.7808,0.20,0.50
2008.03.26 09:08:11.328,0.78065,0.78075,0.20,4.00
2008.03.26 09:08:11.644,0.7806,0.78075,0.60,4.00
2008.03.26 09:08:11.913,0.78065,0.78075,0.20,4.00
2008.03.26 09:08:12.181,0.78065,0.7807,0.20,0.30
2008.03.26 09:08:12.452,0.78065,0.7808,0.20,0.50
2008.03.26 09:08:12.722,0.78065,0.7808,0.20,0.50
2008.03.26 09:08:13.022,0.78065,0.7808,0.20,0.50
2008.03.26 09:08:13.324,0.78065,0.7808,0.20,0.50
2008.03.26 09:08:13.624,0.78065,0.7808,0.60,0.50
2008.03.26 09:08:13.926,0.7807,0.7808,0.20,0.50
2008.03.26 09:08:14.195,0.7807,0.7808,0.20,0.50
2008.03.26 09:08:14.465,0.7807,0.78085,0.60,4.20
2008.03.26 09:08:14.735,0.78075,0.78085,0.20,0.20
2008.03.26 09:08:15.021,0.78075,0.78085,0.20,16.10
2008.03.26 09:08:15.305,0.7807,0.78085,0.60,16.10
2008.03.26 09:08:15.602,0.7807,0.78085,0.60,16.00
2008.03.26 09:08:15.874,0.7808,0.78085,0.20,16.10
2008.03.26 09:08:16.179,0.7808,0.78085,0.20,16.10
2008.03.26 09:08:16.485,0.78075,0.78085,0.20,12.00
2008.03.26 09:08:16.789,0.78075,0.78085,0.60,12.00
2008.03.26 09:08:17.059,0.78075,0.78085,0.60,12.00
2008.03.26 09:08:17.341,0.7808,0.7809,0.60,0.30
2008.03.26 09:08:17.611,0.7808,0.78095,0.60,17.70
2008.03.26 09:08:17.882,0.78085,0.78095,0.20,17.60
2008.03.26 09:08:18.188,0.7808,0.78095,0.60,17.80
2008.03.26 09:08:18.494,0.7808,0.7809,0.60,0.30
2008.03.26 09:08:18.810,0.7808,0.7809,0.60,0.30
2008.03.26 09:08:20.842,0.7808,0.7809,0.60,0.30
2008.03.26 09:08:22.396,0.78075,0.7809,0.60,0.60
2008.03.26 09:08:22.629,0.78075,0.78085,0.20,12.10
2008.03.26 09:08:22.843,0.78075,0.78085,0.20,12.00
2008.03.26 09:08:23.064,0.78075,0.78085,0.20,12.20
2008.03.26 09:08:23.276,0.78075,0.78085,0.20,12.20
2008.03.26 09:08:23.492,0.78075,0.78085,0.20,12.00
2008.03.26 09:08:23.829,0.7808,0.78085,0.20,12.00
2008.03.26 09:08:24.186,0.7807,0.78085,0.60,12.00
2008.03.26 09:08:24.521,0.7807,0.78085,0.60,12.10
2008.03.26 09:08:24.767,0.7807,0.78085,0.60,12.00
2008.03.26 09:08:25.013,0.7807,0.78085,0.60,12.00
2008.03.26 09:08:25.258,0.78075,0.78085,0.20,12.00
2008.03.26 09:08:25.505,0.78075,0.78085,0.20,12.40
2008.03.26 09:08:25.845,0.7807,0.78085,0.60,12.40
2008.03.26 09:08:26.174,0.7807,0.78085,0.20,12.40
2008.03.26 09:08:26.505,0.78065,0.7808,8.40,0.30
2008.03.26 09:08:26.791,0.78065,0.7808,4.40,0.30
2008.03.26 09:08:27.073,0.78065,0.7808,0.60,0.30
2008.03.26 09:08:27.351,0.78065,0.78075,0.40,0.30
2008.03.26 09:08:27.642,0.78065,0.78075,0.40,0.30
2008.03.26 09:08:27.943,0.7806,0.78075,0.20,6.00
2008.03.26 09:08:28.245,0.7806,0.7807,0.20,0.60
2008.03.26 09:08:28.545,0.78055,0.7807,0.40,0.60
2008.03.26 09:08:28.801,0.7805,0.78065,4.10,0.20
2008.03.26 09:08:29.057,0.78045,0.7806,0.60,0.60
2008.03.26 09:08:29.324,0.78045,0.78055,0.20,12.10
2008.03.26 09:08:29.581,0.7804,0.7805,0.20,0.60
2008.03.26 09:08:29.898,0.7804,0.78045,0.20,0.30
2008.03.26 09:08:30.213,0.78035,0.78045,0.60,0.30
2008.03.26 09:08:30.529,0.7803,0.78045,0.40,12.40
2008.03.26 09:08:30.785,0.7803,0.78045,0.60,0.30
2008.03.26 09:08:31.055,0.7803,0.78045,0.60,13.80
2008.03.26 09:08:31.295,0.7803,0.78045,0.40,14.00
2008.03.26 09:08:31.560,0.78025,0.7804,5.10,0.60
2008.03.26 09:08:31.881,0.78025,0.7804,2.70,0.60
2008.03.26 09:08:32.207,0.7803,0.7804,0.20,0.60
2008.03.26 09:08:32.532,0.7804,0.78045,0.20,1.60
2008.03.26 09:08:32.857,0.78035,0.7805,4.30,0.60
2008.03.26 09:08:33.117,0.78035,0.7805,4.30,0.60
2008.03.26 09:08:33.376,0.78035,0.7804,4.30,0.30
2008.03.26 09:08:33.637,0.7803,0.7804,0.40,0.30
2008.03.26 09:08:33.939,0.7803,0.7804,0.60,0.30
2008.03.26 09:08:34.239,0.7803,0.78035,0.20,0.30
2008.03.26 09:08:34.551,0.78025,0.78035,0.40,0.30
2008.03.26 09:08:34.843,0.78025,0.78035,0.40,0.30
2008.03.26 09:08:35.146,0.78025,0.78035,0.40,0.30
2008.03.26 09:08:35.452,0.7802,0.78035,0.20,0.50
2008.03.26 09:08:35.760,0.78015,0.7803,4.40,0.30
2008.03.26 09:08:35.995,0.78015,0.7803,4.40,0.30
2008.03.26 09:08:36.231,0.7802,0.78035,0.60,0.50
2008.03.26 09:08:36.467,0.7802,0.7803,0.60,0.30
2008.03.26 09:08:36.713,0.7802,0.7803,0.60,0.30
2008.03.26 09:08:37.051,0.7802,0.78035,0.60,0.30
2008.03.26 09:08:37.385,0.7802,0.78035,0.20,0.50
2008.03.26 09:08:37.719,0.7802,0.78035,0.20,0.50
2008.03.26 09:08:37.960,0.7802,0.78035,0.60,0.30
2008.03.26 09:08:38.201,0.7802,0.78035,0.60,0.30
2008.03.26 09:08:38.446,0.7802,0.78035,0.60,0.30
2008.03.26 09:08:38.702,0.7802,0.78035,0.60,0.30
2008.03.26 09:08:39.015,0.78025,0.78035,0.20,0.30
2008.03.26 09:08:39.329,0.78025,0.78035,0.60,0.30
2008.03.26 09:08:39.645,0.7803,0.78045,0.40,4.40
2008.03.26 09:08:39.965,0.78035,0.78045,0.20,0.50
2008.03.26 09:08:40.282,0.7803,0.78045,0.40,0.50
2008.03.26 09:08:40.584,0.7803,0.78045,0.60,1.80
2008.03.26 09:08:40.882,0.7803,0.7805,0.60,0.60
2008.03.26 09:08:41.128,0.78035,0.7805,0.20,0.60
2008.03.26 09:08:41.374,0.7804,0.7805,0.20,0.60
2008.03.26 09:08:41.619,0.7804,0.7805,0.20,0.50
2008.03.26 09:08:41.865,0.7804,0.7805,0.20,0.50
2008.03.26 09:08:42.204,0.7804,0.7805,0.20,0.50
2008.03.26 09:08:42.536,0.78035,0.7805,0.20,0.60
2008.03.26 09:08:42.871,0.7803,0.78045,0.40,0.20
2008.03.26 09:08:43.116,0.7803,0.7804,0.60,0.30
2008.03.26 09:08:43.360,0.7803,0.7805,0.60,0.60
2008.03.26 09:08:43.607,0.78035,0.7805,0.20,0.60
2008.03.26 09:08:43.854,0.78035,0.7805,0.60,0.60
2008.03.26 09:08:44.170,0.7804,0.7805,0.20,0.50
2008.03.26 09:08:44.483,0.78035,0.7805,0.60,0.60
2008.03.26 09:08:44.797,0.78035,0.7805,0.60,0.60
2008.03.26 09:08:45.042,0.78035,0.7805,0.60,0.60
2008.03.26 09:08:45.289,0.7804,0.7805,0.20,0.60
2008.03.26 09:08:45.533,0.78035,0.7805,0.60,0.60
2008.03.26 09:08:45.779,0.78035,0.7805,0.60,0.60
2008.03.26 09:08:46.094,0.78035,0.7805,0.60,0.60
2008.03.26 09:08:46.409,0.78035,0.7805,0.60,0.60
2008.03.26 09:08:46.739,0.7804,0.78055,0.60,4.40
2008.03.26 09:08:47.054,0.7804,0.78055,0.20,4.40
2008.03.26 09:08:47.374,0.7804,0.7805,0.20,0.30
2008.03.26 09:08:47.694,0.78035,0.7805,0.60,0.30
2008.03.26 09:08:48.015,0.7804,0.78055,0.20,6.00
2008.03.26 09:08:48.265,0.7804,0.78055,0.20,2.00
2008.03.26 09:08:49.656,0.78035,0.7805,4.40,0.30
2008.03.26 09:08:49.878,0.78035,0.78055,0.60,6.00
2008.03.26 09:08:49.940,0.78035,0.78055,0.60,6.00
2008.03.26 09:08:50.018,0.78035,0.78055,0.60,6.00
2008.03.26 09:08:50.097,0.78035,0.78055,0.60,6.00
2008.03.26 09:08:50.183,0.78035,0.78055,0.60,6.00
2008.03.26 09:08:50.249,0.78035,0.78055,4.40,2.00
2008.03.26 09:08:50.325,0.78035,0.78055,4.40,2.00
2008.03.26 09:08:50.399,0.78035,0.78055,4.40,2.00
2008.03.26 09:08:50.479,0.7804,0.78055,0.20,2.00
2008.03.26 09:08:50.555,0.7804,0.78055,0.20,2.00
2008.03.26 09:08:50.630,0.7804,0.78055,0.20,2.00
2008.03.26 09:08:50.978,0.7804,0.78055,0.60,1.70
2008.03.26 09:08:51.312,0.7804,0.78055,0.40,1.70
2008.03.26 09:08:51.647,0.7804,0.78055,0.20,2.00
2008.03.26 09:08:51.912,0.7804,0.78055,0.60,1.60
2008.03.26 09:08:52.175,0.7804,0.78055,0.60,1.60
2008.03.26 09:08:52.441,0.7804,0.78055,0.60,1.70
2008.03.26 09:08:52.705,0.7804,0.78055,0.60,1.70
2008.03.26 09:08:53.016,0.7804,0.78055,1.40,1.60
2008.03.26 09:08:53.323,0.7804,0.78055,1.40,1.60
2008.03.26 09:08:53.647,0.7804,0.78055,0.60,1.60
2008.03.26 09:08:53.956,0.78045,0.7806,2.50,0.50
2008.03.26 09:08:54.261,0.7805,0.7806,0.20,0.50
2008.03.26 09:08:54.566,0.7805,0.7806,0.20,0.50
2008.03.26 09:08:54.873,0.7805,0.7806,0.20,0.30
2008.03.26 09:08:55.099,0.7805,0.78065,0.20,2.00
2008.03.26 09:08:55.323,0.7805,0.78065,0.20,0.50
2008.03.26 09:08:55.548,0.7805,0.78065,0.20,0.50
2008.03.26 09:08:55.772,0.7805,0.78065,0.20,4.40
2008.03.26 09:08:55.997,0.7805,0.78065,0.20,4.40
2008.03.26 09:08:56.331,0.7805,0.78065,0.60,4.20
2008.03.26 09:08:56.665,0.7805,0.7807,0.60,1.40
2008.03.26 09:08:57.001,0.7805,0.7806,0.20,0.30
2008.03.26 09:08:57.240,0.7805,0.78065,0.20,0.50
2008.03.26 09:08:57.481,0.7805,0.78065,0.40,9.70
2008.03.26 09:08:57.721,0.7805,0.78065,0.40,9.70
2008.03.26 09:08:57.962,0.78055,0.78065,0.20,1.60
2008.03.26 09:08:58.256,0.78055,0.78065,2.50,1.60
2008.03.26 09:08:58.550,0.7806,0.78065,0.20,1.60
2008.03.26 09:08:58.845,0.7806,0.7807,0.20,0.30
2008.03.26 09:08:59.138,0.7806,0.7807,0.20,0.30
2008.03.26 09:08:59.427,0.7806,0.7807,0.20,0.30
2008.03.26 09:08:59.717,0.7806,0.7807,0.20,0.30
2008.03.26 09:09:00.008,0.7806,0.7807,0.40,0.30
2008.03.26 09:09:00.272,0.7806,0.78075,0.40,1.70
2008.03.26 09:09:00.536,0.7806,0.78075,0.60,1.70
2008.03.26 09:09:00.800,0.7806,0.78075,0.60,1.70
2008.03.26 09:09:01.064,0.7806,0.78075,0.60,1.70
2008.03.26 09:09:01.395,0.7806,0.78075,0.60,1.70
2008.03.26 09:09:01.724,0.7806,0.78075,0.40,1.70
2008.03.26 09:09:02.056,0.7806,0.7807,0.60,0.30
2008.03.26 09:09:02.314,0.7806,0.78075,0.60,1.60
2008.03.26 09:09:02.544,0.78065,0.78075,0.20,1.60
2008.03.26 09:09:02.790,0.78065,0.78075,0.60,1.60
2008.03.26 09:09:03.035,0.7807,0.78075,0.20,1.60
2008.03.26 09:09:03.280,0.7807,0.78075,0.20,1.60
2008.03.26 09:09:03.609,0.7807,0.78075,0.20,1.60
2008.03.26 09:09:03.938,0.7807,0.78075,0.20,1.60
2008.03.26 09:09:04.270,0.7807,0.78075,0.20,1.60
2008.03.26 09:09:04.508,0.7807,0.78075,0.20,1.60
2008.03.26 09:09:04.759,0.7807,0.78075,0.20,1.60
2008.03.26 09:09:04.997,0.7807,0.78075,0.20,1.60
2008.03.26 09:09:05.238,0.78065,0.78075,0.20,1.60
2008.03.26 09:09:05.575,0.78065,0.78075,0.20,1.60
2008.03.26 09:09:05.909,0.78065,0.78075,0.20,1.60
2008.03.26 09:09:06.245,0.78065,0.78075,0.20,1.60
2008.03.26 09:09:06.513,0.78065,0.7808,0.20,0.50
2008.03.26 09:09:06.777,0.78065,0.7808,0.20,0.50
2008.03.26 09:09:07.041,0.78065,0.7808,0.20,0.50
2008.03.26 09:09:07.306,0.78065,0.7808,0.20,0.60
2008.03.26 09:09:07.606,0.78065,0.7808,0.20,0.60
2008.03.26 09:09:07.906,0.7806,0.7808,0.60,0.60
2008.03.26 09:09:08.206,0.7806,0.7808,0.60,0.60
2008.03.26 09:09:08.501,0.7806,0.7807,0.60,0.30
2008.03.26 09:09:08.795,0.7806,0.7807,1.40,0.30
2008.03.26 09:09:09.089,0.78065,0.7808,0.20,0.60
2008.03.26 09:09:09.383,0.7806,0.78075,1.40,0.20
2008.03.26 09:09:09.628,0.7806,0.7807,1.40,0.30
2008.03.26 09:09:09.873,0.7806,0.7807,1.40,0.30
2008.03.26 09:09:10.117,0.7806,0.7807,1.40,0.30
2008.03.26 09:09:10.362,0.7806,0.7807,0.20,0.50
2008.03.26 09:09:10.687,0.7806,0.7807,0.20,0.50
2008.03.26 09:09:11.012,0.7806,0.7807,0.20,0.50
2008.03.26 09:09:11.337,0.7806,0.7807,0.20,0.30
2008.03.26 09:09:11.606,0.7806,0.7807,0.20,0.50
2008.03.26 09:09:11.878,0.7806,0.7807,0.20,0.50
2008.03.26 09:09:12.148,0.7806,0.7807,0.20,0.30
2008.03.26 09:09:12.418,0.7806,0.7807,0.20,0.30
2008.03.26 09:09:12.732,0.7806,0.7807,0.20,0.50
2008.03.26 09:09:13.031,0.7806,0.7807,0.20,0.60
2008.03.26 09:09:13.332,0.7806,0.7807,0.20,0.60
2008.03.26 09:09:13.587,0.7806,0.7807,0.20,0.60
2008.03.26 09:09:13.842,0.7806,0.7807,0.20,0.50
2008.03.26 09:09:14.096,0.78055,0.7807,4.00,0.50
2008.03.26 09:09:14.351,0.78055,0.7807,4.00,0.60
2008.03.26 09:09:14.656,0.78055,0.7807,4.00,1.40
2008.03.26 09:09:14.962,0.7805,0.7807,4.40,1.40
2008.03.26 09:09:15.267,0.7805,0.7807,4.40,1.40
2008.03.26 09:09:15.547,0.78055,0.7807,2.70,1.20
2008.03.26 09:09:15.828,0.7805,0.7807,4.60,0.60
2008.03.26 09:09:16.108,0.7806,0.7807,0.20,0.60
2008.03.26 09:09:16.388,0.7806,0.7807,0.60,0.60
2008.03.26 09:09:16.700,0.7806,0.7807,0.60,0.30
2008.03.26 09:09:16.998,0.7806,0.7808,0.60,1.40
2008.03.26 09:09:17.297,0.7806,0.7808,0.60,1.40
2008.03.26 09:09:17.572,0.7806,0.78075,0.60,0.50
2008.03.26 09:09:17.847,0.7806,0.78075,0.60,0.30
2008.03.26 09:09:18.122,0.7806,0.7808,0.60,1.40
2008.03.26 09:09:18.409,0.7806,0.7808,0.60,1.40
2008.03.26 09:09:18.678,0.7806,0.78075,0.60,0.50
2008.03.26 09:09:18.950,0.7806,0.78075,0.20,0.50
2008.03.26 09:09:19.220,0.7806,0.78075,0.60,0.30
2008.03.26 09:09:19.492,0.7806,0.7807,0.20,0.30
2008.03.26 09:09:19.801,0.7806,0.7807,0.20,0.30
2008.03.26 09:09:20.112,0.7806,0.78075,0.20,2.00
2008.03.26 09:09:20.421,0.7806,0.78075,0.20,0.50
2008.03.26 09:09:20.676,0.7806,0.78075,0.20,0.50
2008.03.26 09:09:20.930,0.7806,0.78075,0.60,0.30
2008.03.26 09:09:21.185,0.7806,0.7808,0.60,2.20
2008.03.26 09:09:21.462,0.78065,0.7808,0.40,1.20
2008.03.26 09:09:21.772,0.7806,0.7808,4.60,0.60
2008.03.26 09:09:22.102,0.78065,0.7808,0.40,0.60
2008.03.26 09:09:22.432,0.78065,0.7808,0.40,1.20
2008.03.26 09:09:22.677,0.7806,0.7808,0.60,1.40
2008.03.26 09:09:22.921,0.78065,0.7808,0.40,1.20
2008.03.26 09:09:23.164,0.7806,0.7808,0.60,1.40
2008.03.26 09:09:23.409,0.7806,0.7808,0.60,1.40
2008.03.26 09:09:23.739,0.78065,0.7808,0.40,1.20
2008.03.26 09:09:24.070,0.78065,0.7808,0.40,0.60
2008.03.26 09:09:24.400,0.78065,0.7808,0.20,0.50
2008.03.26 09:09:24.646,0.78065,0.78075,0.20,1.60
2008.03.26 09:09:24.892,0.78065,0.78075,0.60,1.60
2008.03.26 09:09:25.137,0.78065,0.78075,2.80,1.60
2008.03.26 09:09:25.382,0.7807,0.7808,0.20,1.00
2008.03.26 09:09:25.629,0.7807,0.7808,0.60,0.80
2008.03.26 09:09:25.953,0.7807,0.78085,0.60,2.40
2008.03.26 09:09:26.277,0.7807,0.78085,0.60,2.40
2008.03.26 09:09:26.603,0.7807,0.78085,0.60,2.50
2008.03.26 09:09:26.882,0.7807,0.78085,0.60,1.70
2008.03.26 09:09:27.162,0.7807,0.78085,0.60,1.60
2008.03.26 09:09:27.441,0.7807,0.7809,0.60,0.60
2008.03.26 09:09:27.720,0.7807,0.7809,0.60,0.60
2008.03.26 09:09:28.000,0.7807,0.7809,0.60,4.60
2008.03.26 09:09:28.279,0.7807,0.7809,0.60,5.40
2008.03.26 09:09:28.561,0.7807,0.7809,0.60,5.40
2008.03.26 09:09:28.844,0.78075,0.7809,0.60,5.20
2008.03.26 09:09:29.129,0.78075,0.7809,0.60,5.20
2008.03.26 09:09:29.414,0.78075,0.7809,0.20,5.20
2008.03.26 09:09:29.709,0.7807,0.7809,0.60,1.40
2008.03.26 09:09:29.994,0.78075,0.7809,4.80,0.90
2008.03.26 09:09:30.279,0.78075,0.7809,0.20,1.20
2008.03.26 09:09:30.564,0.7808,0.7809,0.20,0.80
2008.03.26 09:09:30.838,0.7808,0.7809,0.60,0.80
2008.03.26 09:09:31.121,0.78085,0.7809,0.20,0.80
2008.03.26 09:09:31.395,0.78085,0.7809,0.60,0.80
2008.03.26 09:09:31.671,0.7808,0.78095,0.60,2.40
2008.03.26 09:09:31.990,0.78085,0.78095,0.40,0.80
2008.03.26 09:09:32.309,0.78085,0.781,0.40,0.30
2008.03.26 09:09:32.629,0.78085,0.781,0.60,0.30
2008.03.26 09:09:32.893,0.78085,0.781,4.40,0.30
2008.03.26 09:09:33.159,0.78085,0.78105,4.40,5.70
2008.03.26 09:09:33.424,0.7809,0.78105,0.40,5.70
2008.03.26 09:09:33.691,0.78085,0.781,4.40,0.30
2008.03.26 09:09:33.976,0.7809,0.781,0.20,0.30
2008.03.26 09:09:34.261,0.7809,0.781,0.20,0.30
2008.03.26 09:09:34.545,0.7809,0.781,0.20,0.30
2008.03.26 09:09:34.829,0.7809,0.781,0.20,0.30
2008.03.26 09:09:35.149,0.7809,0.781,0.20,0.30
2008.03.26 09:09:35.469,0.7809,0.781,0.20,0.30
2008.03.26 09:09:35.788,0.7809,0.781,0.20,0.30
2008.03.26 09:09:36.022,0.7809,0.781,0.20,0.30
2008.03.26 09:09:36.258,0.7809,0.78105,0.40,10.50
2008.03.26 09:09:36.493,0.7809,0.781,0.40,0.30
2008.03.26 09:09:36.727,0.7809,0.781,0.20,0.30
2008.03.26 09:09:37.060,0.7809,0.781,0.20,0.30
2008.03.26 09:09:37.396,0.7809,0.781,0.20,0.30
2008.03.26 09:09:37.729,0.7809,0.781,0.60,0.30
2008.03.26 09:09:37.986,0.7809,0.78105,0.20,8.40
2008.03.26 09:09:38.231,0.7809,0.781,0.20,0.30
2008.03.26 09:09:38.475,0.7809,0.78105,0.60,6.80
2008.03.26 09:09:38.719,0.7809,0.78105,0.60,4.00
2008.03.26 09:09:39.039,0.7809,0.78105,0.40,5.70
2008.03.26 09:09:39.358,0.7809,0.78105,0.40,5.70
2008.03.26 09:09:39.678,0.7809,0.78105,0.40,5.70
2008.03.26 09:09:39.996,0.7809,0.78105,0.60,5.60
2008.03.26 09:09:40.260,0.7809,0.78105,0.60,5.60
2008.03.26 09:09:40.534,0.7809,0.78105,0.40,1.70
2008.03.26 09:09:40.798,0.7809,0.78105,0.60,1.70
2008.03.26 09:09:41.073,0.7809,0.78105,0.60,1.70
2008.03.26 09:09:41.349,0.7809,0.78105,0.60,5.70
2008.03.26 09:09:41.624,0.7809,0.781,0.20,0.30
2008.03.26 09:09:41.901,0.7809,0.78105,0.20,22.00
2008.03.26 09:09:42.231,0.7809,0.781,0.20,0.30
2008.03.26 09:09:42.575,0.78085,0.781,4.90,0.50
2008.03.26 09:09:42.905,0.7809,0.781,0.20,0.30
2008.03.26 09:09:43.146,0.7809,0.78105,0.40,4.10
2008.03.26 09:09:43.386,0.7809,0.781,0.40,0.30
2008.03.26 09:09:43.626,0.7809,0.781,0.60,0.30
2008.03.26 09:09:43.866,0.7809,0.781,0.60,0.30
2008.03.26 09:09:44.195,0.7809,0.781,0.40,0.30
2008.03.26 09:09:44.535,0.7809,0.781,0.40,0.30
2008.03.26 09:09:44.877,0.7809,0.781,0.40,0.30
2008.03.26 09:09:45.126,0.7809,0.781,0.40,0.30
2008.03.26 09:09:45.376,0.7809,0.781,0.40,0.30
2008.03.26 09:09:45.626,0.7809,0.781,0.60,0.30
2008.03.26 09:09:45.877,0.7809,0.781,0.20,0.30
2008.03.26 09:09:46.171,0.7809,0.781,0.20,0.30
2008.03.26 09:09:46.476,0.7809,0.781,0.20,0.30
2008.03.26 09:09:46.759,0.78085,0.781,0.60,0.30
2008.03.26 09:09:47.054,0.78085,0.781,0.60,0.30
2008.03.26 09:09:47.368,0.78085,0.781,0.60,0.50
2008.03.26 09:09:47.683,0.78085,0.781,0.60,0.50
2008.03.26 09:09:47.996,0.78085,0.781,0.60,0.50
2008.03.26 09:09:48.242,0.7809,0.781,0.20,0.50
2008.03.26 09:09:48.485,0.7809,0.781,0.20,0.30
2008.03.26 09:09:48.730,0.7809,0.781,0.20,0.30
2008.03.26 09:09:48.973,0.7809,0.781,0.20,0.30
2008.03.26 09:09:49.294,0.7809,0.781,0.20,0.30
2008.03.26 09:09:49.612,0.7809,0.781,0.20,0.30
2008.03.26 09:09:49.930,0.7809,0.781,0.20,0.30
2008.03.26 09:09:50.249,0.7809,0.781,0.20,0.30
2008.03.26 09:09:50.503,0.7809,0.781,0.20,0.50
2008.03.26 09:09:50.758,0.7809,0.781,0.20,0.50
2008.03.26 09:09:51.012,0.7809,0.781,0.20,0.30
2008.03.26 09:09:51.348,0.7809,0.781,0.20,0.30
2008.03.26 09:09:51.674,0.7809,0.781,0.20,0.30
2008.03.26 09:09:51.999,0.78085,0.781,0.20,0.50
2008.03.26 09:09:52.260,0.78085,0.781,0.20,0.50
2008.03.26 09:09:52.520,0.78085,0.781,0.20,0.50
2008.03.26 09:09:52.781,0.78085,0.781,0.20,0.50
2008.03.26 09:09:53.041,0.7809,0.781,0.20,0.30
2008.03.26 09:09:53.343,0.7809,0.781,0.20,0.30
2008.03.26 09:09:53.627,0.7809,0.781,0.60,0.30
2008.03.26 09:09:53.919,0.7809,0.781,0.20,0.30
2008.03.26 09:09:54.208,0.7809,0.78105,0.20,8.10
2008.03.26 09:09:54.505,0.7809,0.781,0.20,0.30
2008.03.26 09:09:54.799,0.7809,0.781,0.20,0.30
2008.03.26 09:09:55.094,0.7809,0.781,0.20,0.30
2008.03.26 09:09:55.350,0.7809,0.78105,0.60,10.50
2008.03.26 09:09:55.606,0.7809,0.781,0.40,0.30
2008.03.26 09:09:55.860,0.7809,0.781,0.40,0.30
2008.03.26 09:09:56.116,0.7809,0.781,0.40,0.30
2008.03.26 09:09:56.461,0.7809,0.781,0.20,0.50
2008.03.26 09:09:56.785,0.7809,0.781,0.20,0.60
2008.03.26 09:09:57.121,0.7808,0.7809,0.60,0.30
2008.03.26 09:09:57.366,0.7808,0.7809,0.60,0.30
2008.03.26 09:09:57.612,0.7808,0.781,0.60,0.50
2008.03.26 09:09:57.857,0.7808,0.7809,0.60,0.30
2008.03.26 09:09:58.102,0.7808,0.7809,0.60,0.30
2008.03.26 09:09:58.417,0.7808,0.7809,0.60,0.30
2008.03.26 09:09:58.735,0.7808,0.7809,0.40,0.30
2008.03.26 09:09:59.049,0.7808,0.7809,0.40,0.30
2008.03.26 09:09:59.366,0.7808,0.7809,0.60,0.30
2008.03.26 09:09:59.631,0.7808,0.7809,0.40,0.30
2008.03.26 09:09:59.896,0.7808,0.7809,0.40,0.30
2008.03.26 09:10:00.160,0.7808,0.7809,0.60,0.30
2008.03.26 09:10:00.457,0.7808,0.78095,0.60,1.60
2008.03.26 09:10:00.751,0.7808,0.78095,0.60,1.60
2008.03.26 09:10:01.047,0.7808,0.78095,0.60,1.60
2008.03.26 09:10:01.354,0.7808,0.7809,0.60,0.30
2008.03.26 09:10:01.672,0.78085,0.78095,1.20,1.60
2008.03.26 09:10:01.987,0.78085,0.78095,1.20,1.60
2008.03.26 09:10:02.303,0.7809,0.78095,0.20,1.60
2008.03.26 09:10:02.555,0.7809,0.781,0.20,0.30
2008.03.26 09:10:02.812,0.7808,0.781,0.60,0.60
2008.03.26 09:10:03.993,0.7809,0.781,0.20,0.20
2008.03.26 09:10:04.242,0.7809,0.78105,0.40,5.70
2008.03.26 09:10:04.366,0.7809,0.78105,0.40,1.70
2008.03.26 09:10:04.493,0.7809,0.78105,0.40,1.70
2008.03.26 09:10:04.597,0.7809,0.781,0.40,0.30
2008.03.26 09:10:04.712,0.7809,0.781,0.40,0.30
2008.03.26 09:10:04.828,0.78085,0.781,0.60,0.30
2008.03.26 09:10:04.941,0.78085,0.781,0.60,0.30
2008.03.26 09:10:05.055,0.78085,0.781,0.60,0.30
2008.03.26 09:10:05.390,0.78085,0.781,0.60,0.30
2008.03.26 09:10:05.726,0.7809,0.781,0.40,0.30
2008.03.26 09:10:06.073,0.7809,0.78105,0.60,6.00
2008.03.26 09:10:06.336,0.7809,0.781,0.60,0.30
2008.03.26 09:10:06.597,0.7809,0.781,0.40,0.30
2008.03.26 09:10:06.856,0.7809,0.781,0.40,0.30
2008.03.26 09:10:07.117,0.7809,0.78105,0.40,2.00
2008.03.26 09:10:07.427,0.7809,0.78105,0.40,1.70
2008.03.26 09:10:07.739,0.7809,0.781,0.20,0.30
2008.03.26 09:10:08.050,0.78085,0.781,0.20,0.50
2008.03.26 09:10:08.361,0.78085,0.781,0.20,0.50
2008.03.26 09:10:08.655,0.78085,0.781,0.20,0.50
2008.03.26 09:10:08.953,0.78085,0.781,4.40,0.30
2008.03.26 09:10:09.259,0.78085,0.781,2.80,0.30
2008.03.26 09:10:09.500,0.7809,0.781,0.20,0.50
2008.03.26 09:10:09.741,0.7809,0.781,0.20,0.50
2008.03.26 09:10:09.984,0.78085,0.781,0.20,0.50
2008.03.26 09:10:10.223,0.7808,0.781,0.60,0.60
2008.03.26 09:10:10.545,0.7808,0.781,0.60,0.60
2008.03.26 09:10:10.865,0.7808,0.781,0.60,0.60
2008.03.26 09:10:11.186,0.78085,0.781,0.60,0.50
2008.03.26 09:10:11.471,0.78085,0.781,0.60,0.50
2008.03.26 09:10:11.760,0.78085,0.781,0.60,0.50
2008.03.26 09:10:12.052,0.78085,0.781,0.60,0.50
2008.03.26 09:10:12.338,0.78085,0.781,0.60,0.60
2008.03.26 09:10:12.585,0.78085,0.781,0.60,0.60
2008.03.26 09:10:12.834,0.78085,0.781,0.60,0.60
2008.03.26 09:10:13.083,0.78085,0.781,0.60,0.60
2008.03.26 09:10:13.353,0.78085,0.781,0.20,0.60
2008.03.26 09:10:13.674,0.78085,0.781,0.20,0.60
2008.03.26 09:10:13.992,0.7808,0.781,0.60,0.60
2008.03.26 09:10:14.312,0.7808,0.781,0.60,0.60
2008.03.26 09:10:14.633,0.7808,0.781,0.60,0.60
2008.03.26 09:10:14.906,0.7808,0.781,0.60,0.60
2008.03.26 09:10:15.183,0.7808,0.78095,0.60,0.20
2008.03.26 09:10:15.457,0.7808,0.78095,0.60,0.20
2008.03.26 09:10:15.710,0.7808,0.78095,0.60,0.50
2008.03.26 09:10:15.972,0.7808,0.78095,0.60,0.50
2008.03.26 09:10:16.236,0.7808,0.78095,0.20,0.50
2008.03.26 09:10:16.502,0.7808,0.78095,0.20,4.40
2008.03.26 09:10:16.847,0.7808,0.78095,0.20,4.40
2008.03.26 09:10:17.182,0.7808,0.7809,0.20,0.30
2008.03.26 09:10:17.518,0.7808,0.7809,0.20,0.30
2008.03.26 09:10:17.752,0.7808,0.7809,0.20,0.30
2008.03.26 09:10:17.986,0.7808,0.7809,0.60,0.30
2008.03.26 09:10:18.221,0.7808,0.7809,0.60,0.30
2008.03.26 09:10:18.456,0.7808,0.7809,0.60,0.30
2008.03.26 09:10:18.689,0.7808,0.78095,0.60,2.40
2008.03.26 09:10:19.023,0.7808,0.781,0.60,4.60
2008.03.26 09:10:19.358,0.7808,0.78095,0.60,0.20
2008.03.26 09:10:19.694,0.7808,0.78095,0.60,0.20
2008.03.26 09:10:19.927,0.7808,0.78095,0.60,0.20
2008.03.26 09:10:20.162,0.7808,0.78095,0.60,0.20
2008.03.26 09:10:20.395,0.7808,0.781,0.60,4.60
2008.03.26 09:10:20.630,0.7808,0.78095,0.40,0.20
2008.03.26 09:10:20.965,0.7808,0.7809,0.40,0.30
2008.03.26 09:10:21.299,0.7808,0.7809,0.40,0.30
2008.03.26 09:10:21.633,0.7808,0.7809,0.40,0.30
2008.03.26 09:10:21.903,0.7808,0.7809,0.40,0.30
2008.03.26 09:10:22.173,0.7808,0.7809,0.20,0.30
2008.03.26 09:10:22.440,0.7808,0.7809,0.20,0.30
2008.03.26 09:10:22.710,0.7808,0.7809,0.20,0.30
2008.03.26 09:10:23.015,0.7808,0.7809,0.20,0.30
2008.03.26 09:10:23.318,0.7808,0.7809,0.20,0.30
2008.03.26 09:10:23.623,0.78075,0.7809,2.80,0.50
2008.03.26 09:10:23.863,0.78075,0.7809,2.80,0.50
2008.03.26 09:10:24.103,0.78075,0.7809,0.60,0.30
2008.03.26 09:10:24.342,0.7808,0.78095,0.60,2.00
2008.03.26 09:10:24.582,0.7808,0.78095,0.60,2.00
2008.03.26 09:10:24.821,0.7808,0.78095,0.60,0.50
2008.03.26 09:10:25.155,0.7808,0.78095,0.60,0.50
2008.03.26 09:10:25.489,0.7808,0.78095,0.60,0.30
2008.03.26 09:10:25.823,0.7808,0.78095,0.60,0.30
2008.03.26 09:10:26.074,0.7808,0.7809,0.60,0.30
2008.03.26 09:10:26.323,0.7808,0.7809,0.20,0.30
2008.03.26 09:10:26.572,0.7808,0.7809,0.20,0.30
2008.03.26 09:10:26.822,0.7808,0.78095,0.60,0.50
2008.03.26 09:10:27.158,0.7808,0.7809,0.20,0.30
2008.03.26 09:10:27.492,0.7808,0.7809,0.20,0.30
2008.03.26 09:10:27.826,0.7808,0.7809,0.20,0.30
2008.03.26 09:10:28.065,0.7808,0.7809,0.20,0.30
2008.03.26 09:10:28.304,0.7808,0.7809,0.20,0.30
2008.03.26 09:10:28.543,0.7808,0.78095,0.60,4.00
2008.03.26 09:10:28.784,0.7808,0.781,0.60,0.60
2008.03.26 09:10:29.118,0.7808,0.78095,0.20,0.50
2008.03.26 09:10:29.453,0.7808,0.78095,0.20,0.50
2008.03.26 09:10:29.788,0.7808,0.78095,0.60,0.20
2008.03.26 09:10:30.022,0.7808,0.781,0.60,0.60
2008.03.26 09:10:30.257,0.7808,0.781,0.60,0.60
2008.03.26 09:10:30.491,0.7808,0.781,0.60,0.60
2008.03.26 09:10:30.726,0.7808,0.781,0.60,0.60
2008.03.26 09:10:30.960,0.7808,0.781,0.60,0.60
2008.03.26 09:10:31.275,0.7808,0.781,0.60,4.60
2008.03.26 09:10:31.590,0.7808,0.78095,0.60,0.20
2008.03.26 09:10:31.905,0.7808,0.78095,0.20,0.50
2008.03.26 09:10:32.189,0.7808,0.78095,0.20,0.50
2008.03.26 09:10:32.473,0.7808,0.78095,0.20,0.50
2008.03.26 09:10:32.757,0.7808,0.78095,0.20,0.50
2008.03.26 09:10:33.042,0.7808,0.78095,0.20,0.50
2008.03.26 09:10:33.322,0.7808,0.78095,0.20,0.50
2008.03.26 09:10:33.602,0.7808,0.78095,0.20,0.50
2008.03.26 09:10:33.881,0.7808,0.78095,0.20,0.50
2008.03.26 09:10:34.156,0.78075,0.7809,4.40,0.30
2008.03.26 09:10:34.430,0.78075,0.7809,4.40,0.30
2008.03.26 09:10:34.705,0.7808,0.7809,0.20,0.30
2008.03.26 09:10:34.978,0.7808,0.7809,0.20,0.50
2008.03.26 09:10:35.243,0.78075,0.7809,0.40,0.60
2008.03.26 09:10:35.508,0.78075,0.7809,0.40,0.60
2008.03.26 09:10:35.772,0.7808,0.7809,0.20,0.60
2008.03.26 09:10:36.038,0.7808,0.7809,0.20,0.60
2008.03.26 09:10:36.302,0.7808,0.7809,0.20,0.30
2008.03.26 09:10:36.567,0.78075,0.7809,0.60,0.50
2008.03.26 09:10:36.831,0.7807,0.7809,4.60,0.60
2008.03.26 09:10:37.099,0.78075,0.7809,0.40,0.60
2008.03.26 09:10:37.428,0.78075,0.7809,4.40,0.60
2008.03.26 09:10:37.754,0.78075,0.7809,0.60,0.50
2008.03.26 09:10:38.079,0.78075,0.7809,0.20,0.50
2008.03.26 09:10:38.325,0.7807,0.7809,0.60,0.60
2008.03.26 09:10:38.571,0.78075,0.7808,0.40,0.60
2008.03.26 09:10:38.818,0.78075,0.7809,4.40,1.20
2008.03.26 09:10:39.073,0.7808,0.7809,0.20,0.30
2008.03.26 09:10:39.378,0.7808,0.78095,0.20,2.00
2008.03.26 09:10:39.684,0.7808,0.78095,0.60,0.20
2008.03.26 09:10:39.988,0.7808,0.78095,0.60,0.20
2008.03.26 09:10:40.263,0.7808,0.78095,0.60,0.20
2008.03.26 09:10:40.538,0.7808,0.781,0.60,0.60
2008.03.26 09:10:40.812,0.78085,0.781,0.20,0.50
2008.03.26 09:10:41.086,0.78085,0.78095,0.20,0.20
2008.03.26 09:10:41.360,0.7808,0.78095,0.60,0.20
2008.03.26 09:10:41.635,0.78085,0.781,0.20,0.60
2008.03.26 09:10:41.911,0.7808,0.781,0.60,0.60
2008.03.26 09:10:42.186,0.78085,0.781,0.20,0.50
2008.03.26 09:10:42.522,0.78085,0.781,0.20,0.60
2008.03.26 09:10:42.866,0.7808,0.781,0.60,0.60
2008.03.26 09:10:43.203,0.7808,0.781,0.60,0.60
2008.03.26 09:10:43.442,0.7808,0.781,0.60,0.60
2008.03.26 09:10:43.681,0.7808,0.781,0.60,0.60
2008.03.26 09:10:43.919,0.7808,0.781,0.60,0.60
2008.03.26 09:10:44.158,0.7808,0.781,0.60,0.60
2008.03.26 09:10:44.467,0.7808,0.781,0.60,0.60
2008.03.26 09:10:44.769,0.7808,0.781,0.60,0.60
2008.03.26 09:10:45.075,0.7808,0.781,0.60,0.60
2008.03.26 09:10:45.359,0.7808,0.781,0.60,0.60
2008.03.26 09:10:45.622,0.7808,0.781,0.60,0.60
2008.03.26 09:10:45.896,0.7808,0.781,0.60,0.60
2008.03.26 09:10:46.182,0.7808,0.781,0.60,0.60
2008.03.26 09:10:46.480,0.7808,0.78095,0.60,0.20
2008.03.26 09:10:46.779,0.7808,0.78095,0.60,0.20
2008.03.26 09:10:47.077,0.7808,0.78095,0.60,0.20
2008.03.26 09:10:47.362,0.7808,0.78095,0.60,0.50
2008.03.26 09:10:47.646,0.7808,0.78095,0.60,0.50
2008.03.26 09:10:47.931,0.7808,0.78095,0.60,0.50
2008.03.26 09:10:48.215,0.7808,0.78095,0.60,0.50
2008.03.26 09:10:48.483,0.7808,0.78095,0.60,0.50
2008.03.26 09:10:48.754,0.7808,0.781,0.60,0.60
2008.03.26 09:10:49.022,0.7808,0.781,0.60,0.60
2008.03.26 09:10:49.290,0.7808,0.781,0.60,0.60
2008.03.26 09:10:49.584,0.7808,0.781,0.60,0.60
2008.03.26 09:10:49.878,0.7808,0.781,0.60,0.60
2008.03.26 09:10:50.182,0.7808,0.781,0.60,0.60
2008.03.26 09:10:50.465,0.7808,0.781,0.60,0.60
2008.03.26 09:10:50.751,0.7808,0.781,0.60,0.60
2008.03.26 09:10:51.043,0.7808,0.781,0.60,0.60
2008.03.26 09:10:51.318,0.7808,0.781,0.60,0.60
2008.03.26 09:10:51.609,0.7808,0.781,0.60,0.60
2008.03.26 09:10:51.897,0.7808,0.781,0.60,0.60
2008.03.26 09:10:52.192,0.7809,0.781,0.20,0.60
2008.03.26 09:10:52.478,0.78085,0.781,0.20,0.60
2008.03.26 09:10:52.764,0.7808,0.781,0.60,0.60
2008.03.26 09:10:53.048,0.78085,0.781,0.20,0.60
2008.03.26 09:10:53.333,0.78085,0.781,0.20,0.50
2008.03.26 09:10:53.597,0.78085,0.781,0.20,0.50
2008.03.26 09:10:53.862,0.78085,0.781,0.20,0.60
2008.03.26 09:10:54.128,0.7808,0.7809,0.60,0.30
2008.03.26 09:10:54.397,0.7808,0.7809,0.60,0.30
2008.03.26 09:10:54.698,0.7808,0.7809,0.60,0.30
2008.03.26 09:10:55.001,0.78085,0.781,0.20,0.50
2008.03.26 09:10:55.301,0.7808,0.781,0.60,4.40
2008.03.26 09:10:55.580,0.7808,0.78095,0.60,0.20
2008.03.26 09:10:55.862,0.7808,0.78095,0.60,0.20
2008.03.26 09:10:56.150,0.7808,0.78095,0.40,1.70
2008.03.26 09:10:56.430,0.7808,0.78095,0.60,1.70
2008.03.26 09:10:56.728,0.7808,0.78095,0.60,1.70
2008.03.26 09:10:57.029,0.7808,0.78095,0.60,1.70
2008.03.26 09:10:57.328,0.7808,0.78095,0.60,1.70
2008.03.26 09:10:57.620,0.7808,0.78095,0.40,1.70
2008.03.26 09:10:57.908,0.7808,0.7809,0.20,0.30
2008.03.26 09:10:58.198,0.7808,0.7809,0.20,0.30
2008.03.26 09:10:58.487,0.7808,0.78095,0.40,2.00
2008.03.26 09:10:58.747,0.7808,0.78095,0.60,1.70
2008.03.26 09:10:59.007,0.7808,0.78095,0.40,1.70
2008.03.26 09:10:59.276,0.7808,0.7809,0.20,0.30
2008.03.26 09:10:59.523,0.7808,0.78095,0.60,4.20
2008.03.26 09:10:59.839,0.7808,0.78095,0.60,1.80
2008.03.26 09:11:00.143,0.7808,0.78095,0.60,1.80
2008.03.26 09:11:00.447,0.7808,0.78095,0.60,1.80
2008.03.26 09:11:00.752,0.7808,0.78095,0.60,1.60
2008.03.26 09:11:01.016,0.7808,0.78095,0.60,1.60
2008.03.26 09:11:01.282,0.7808,0.78095,0.60,1.60
2008.03.26 09:11:01.547,0.7808,0.78095,0.60,1.70
2008.03.26 09:11:01.864,0.7808,0.78095,0.60,5.70
2008.03.26 09:11:02.178,0.7808,0.78095,0.60,5.70
2008.03.26 09:11:02.492,0.7808,0.78095,0.60,5.70
2008.03.26 09:11:02.761,0.7808,0.7809,0.60,0.30
2008.03.26 09:11:03.021,0.7808,0.7809,0.60,0.30
2008.03.26 09:11:03.289,0.7808,0.7809,0.40,0.30
2008.03.26 09:11:03.553,0.7808,0.7809,0.40,0.30
2008.03.26 09:11:03.833,0.7808,0.7809,0.40,0.30
2008.03.26 09:11:04.113,0.7808,0.7809,0.20,0.30
2008.03.26 09:11:04.392,0.7808,0.7809,0.20,0.30
2008.03.26 09:11:04.672,0.7808,0.7809,0.20,0.30
2008.03.26 09:11:04.956,0.7808,0.7809,0.20,0.30
2008.03.26 09:11:05.241,0.7808,0.7809,0.20,0.30
2008.03.26 09:11:05.525,0.7808,0.7809,0.20,0.30
2008.03.26 09:11:05.811,0.7808,0.7809,0.20,0.30
2008.03.26 09:11:06.091,0.7808,0.7809,0.20,0.30
2008.03.26 09:11:06.372,0.7808,0.7809,0.20,0.30
2008.03.26 09:11:06.652,0.7808,0.7809,0.20,0.30
2008.03.26 09:11:06.942,0.7808,0.7809,0.20,0.60
2008.03.26 09:11:07.267,0.7808,0.7809,0.20,0.60
2008.03.26 09:11:07.591,0.7808,0.7809,0.20,0.60
2008.03.26 09:11:07.917,0.7808,0.7809,0.20,0.60
2008.03.26 09:11:08.156,0.7808,0.7809,0.20,0.60
2008.03.26 09:11:08.396,0.7808,0.7809,0.20,0.60
2008.03.26 09:11:08.643,0.7808,0.7809,0.20,0.60
2008.03.26 09:11:08.895,0.7808,0.7809,0.20,0.60
2008.03.26 09:11:09.217,0.7808,0.7809,0.60,0.30
2008.03.26 09:11:09.540,0.7808,0.7809,0.20,0.30
2008.03.26 09:11:09.866,0.7808,0.7809,0.40,0.30
2008.03.26 09:11:10.191,0.7808,0.7809,0.60,0.30
2008.03.26 09:11:10.460,0.7808,0.7809,0.60,0.30
2008.03.26 09:11:10.728,0.7808,0.78095,0.60,1.70
2008.03.26 09:11:10.997,0.7808,0.78095,0.60,1.70
2008.03.26 09:11:11.267,0.7808,0.7809,0.60,0.30
2008.03.26 09:11:11.537,0.7808,0.78095,0.60,1.70
2008.03.26 09:11:11.820,0.7808,0.78095,0.60,1.70
2008.03.26 09:11:12.092,0.7808,0.7809,0.20,0.30
2008.03.26 09:11:12.418,0.7808,0.7809,0.20,0.60
2008.03.26 09:11:12.742,0.7808,0.7809,0.20,0.30
2008.03.26 09:11:13.066,0.7808,0.7809,0.20,0.30
2008.03.26 09:11:13.333,0.7808,0.7809,0.40,0.30
2008.03.26 09:11:13.579,0.7808,0.7809,0.40,0.30
2008.03.26 09:11:13.821,0.7808,0.7809,0.40,0.30
2008.03.26 09:11:14.066,0.7808,0.7809,0.40,0.30
2008.03.26 09:11:14.371,0.7808,0.7809,0.40,0.30
2008.03.26 09:11:14.675,0.7808,0.7809,0.40,0.30
2008.03.26 09:11:14.979,0.7808,0.7809,0.60,0.30
2008.03.26 09:11:15.297,0.7808,0.78095,0.60,1.80
2008.03.26 09:11:15.579,0.78085,0.78095,0.20,1.60
2008.03.26 09:11:15.860,0.7808,0.78095,0.60,1.60
2008.03.26 09:11:16.139,0.7808,0.78095,0.60,1.60
2008.03.26 09:11:16.421,0.7808,0.78095,0.60,1.60
2008.03.26 09:11:16.704,0.7808,0.78095,0.60,1.60
2008.03.26 09:11:16.985,0.7808,0.78095,0.60,1.60
2008.03.26 09:11:17.259,0.78085,0.78095,0.60,1.60
2008.03.26 09:11:17.568,0.78085,0.78095,0.60,1.60
2008.03.26 09:11:17.878,0.7808,0.781,0.60,0.50
2008.03.26 09:11:18.192,0.7808,0.78095,0.60,4.20
2008.03.26 09:11:18.454,0.7808,0.78095,0.60,0.50
2008.03.26 09:11:18.714,0.7808,0.78095,0.60,1.80
2008.03.26 09:11:18.974,0.7808,0.78095,0.60,1.80
2008.03.26 09:11:19.234,0.7808,0.78095,0.60,1.80
2008.03.26 09:11:19.514,0.7808,0.78095,0.60,1.80
2008.03.26 09:11:19.793,0.7808,0.78095,0.60,1.80
2008.03.26 09:11:20.072,0.7808,0.78095,0.60,1.80
2008.03.26 09:11:20.352,0.7808,0.78095,0.60,1.80
2008.03.26 09:11:20.646,0.7808,0.78095,0.60,1.80
2008.03.26 09:11:20.940,0.7808,0.78095,0.60,1.80
2008.03.26 09:11:21.234,0.7808,0.78095,0.60,1.80
2008.03.26 09:11:21.527,0.7808,0.78095,0.60,1.80
2008.03.26 09:11:21.822,0.7808,0.78095,0.60,1.80
2008.03.26 09:11:22.117,0.7808,0.78095,0.60,1.60
2008.03.26 09:11:22.420,0.7808,0.78095,0.60,1.60
2008.03.26 09:11:22.694,0.78085,0.78095,0.40,1.60
2008.03.26 09:11:22.967,0.78085,0.78095,0.40,1.60
2008.03.26 09:11:23.242,0.78085,0.781,1.20,0.30
2008.03.26 09:11:23.518,0.78085,0.781,1.20,0.50
2008.03.26 09:11:23.819,0.78085,0.78105,0.60,26.00
2008.03.26 09:11:24.120,0.7809,0.78105,0.20,22.00
2008.03.26 09:11:24.421,0.7809,0.781,0.20,0.20
2008.03.26 09:11:24.684,0.78085,0.781,0.60,0.30
2008.03.26 09:11:24.942,0.78085,0.781,0.20,0.50
2008.03.26 09:11:25.198,0.78085,0.781,0.90,0.50
2008.03.26 09:11:25.451,0.78085,0.781,0.20,0.50
2008.03.26 09:11:25.762,0.78085,0.781,0.20,0.50
2008.03.26 09:11:26.071,0.78085,0.781,0.20,0.50
2008.03.26 09:11:26.381,0.78085,0.781,0.60,0.50
2008.03.26 09:11:26.657,0.7809,0.781,0.20,0.30
2008.03.26 09:11:26.931,0.7809,0.781,0.20,0.30
2008.03.26 09:11:27.206,0.7809,0.781,0.20,0.30
2008.03.26 09:11:27.480,0.7809,0.781,0.20,0.30
2008.03.26 09:11:27.770,0.7809,0.781,0.20,0.30
2008.03.26 09:11:28.059,0.7809,0.781,0.20,0.30
2008.03.26 09:11:28.346,0.7809,0.781,0.20,0.30
2008.03.26 09:11:28.634,0.7809,0.781,0.20,0.30
2008.03.26 09:11:28.925,0.7809,0.781,0.20,0.30
2008.03.26 09:11:29.213,0.7809,0.781,0.20,0.30
2008.03.26 09:11:29.501,0.7809,0.781,0.40,0.30
2008.03.26 09:11:29.743,0.7809,0.781,0.40,0.30
2008.03.26 09:11:29.981,0.7809,0.781,0.40,0.30
2008.03.26 09:11:30.220,0.7809,0.781,0.20,0.30
2008.03.26 09:11:30.459,0.7809,0.781,0.40,0.30
2008.03.26 09:11:30.769,0.7809,0.78105,0.40,2.00
2008.03.26 09:11:31.090,0.7809,0.78105,0.20,2.00
2008.03.26 09:11:31.400,0.7809,0.78105,0.40,1.70
2008.03.26 09:11:31.709,0.7809,0.78105,0.60,5.60
2008.03.26 09:11:32.004,0.7809,0.78105,0.60,5.60
2008.03.26 09:11:32.298,0.7809,0.78105,0.60,5.60
2008.03.26 09:11:32.593,0.7809,0.78105,0.60,5.60
2008.03.26 09:11:32.844,0.7809,0.78105,0.60,5.60
2008.03.26 09:11:33.093,0.7809,0.78105,0.60,5.60
2008.03.26 09:11:33.343,0.7809,0.781,0.40,0.30
2008.03.26 09:11:33.592,0.7809,0.781,0.40,0.30
2008.03.26 09:11:33.872,0.7809,0.78105,0.40,1.70
2008.03.26 09:11:34.151,0.7809,0.78105,0.40,1.70
2008.03.26 09:11:34.442,0.7809,0.78105,0.40,1.70
2008.03.26 09:11:34.721,0.7809,0.78105,0.40,1.70
2008.03.26 09:11:35.022,0.7809,0.78105,0.40,1.70
2008.03.26 09:11:35.315,0.7809,0.78105,0.40,1.70
2008.03.26 09:11:35.602,0.7809,0.78105,0.40,1.70
2008.03.26 09:11:35.841,0.7809,0.78105,0.40,1.70
2008.03.26 09:11:36.081,0.7809,0.78105,0.40,1.70
2008.03.26 09:11:36.319,0.7809,0.78105,0.40,1.70
2008.03.26 09:11:36.560,0.7809,0.781,0.20,0.30
2008.03.26 09:11:36.893,0.7809,0.781,0.20,0.60
2008.03.26 09:11:37.228,0.7809,0.781,0.20,0.60
2008.03.26 09:11:37.563,0.7809,0.781,0.20,0.30
2008.03.26 09:11:37.795,0.7809,0.78105,0.20,2.00
2008.03.26 09:11:38.024,0.7809,0.78105,0.20,4.40
2008.03.26 09:11:38.254,0.7809,0.781,0.20,0.30
2008.03.26 09:11:38.482,0.7809,0.781,0.20,0.30
2008.03.26 09:11:38.711,0.7809,0.781,0.20,0.30
2008.03.26 09:11:39.040,0.7809,0.781,0.20,0.30
2008.03.26 09:11:39.369,0.7809,0.781,0.20,0.30
2008.03.26 09:11:39.699,0.7809,0.781,0.20,0.30
2008.03.26 09:11:39.938,0.7809,0.781,0.20,0.30
2008.03.26 09:11:40.176,0.7809,0.781,0.20,0.30
2008.03.26 09:11:40.416,0.7809,0.781,0.20,0.30
2008.03.26 09:11:40.657,0.7809,0.781,0.40,0.50
2008.03.26 09:11:40.972,0.7809,0.781,0.20,0.50
2008.03.26 09:11:41.286,0.7809,0.781,0.40,0.30
2008.03.26 09:11:41.602,0.7809,0.781,0.40,0.30
2008.03.26 09:11:41.930,0.7809,0.78105,0.40,12.90
2008.03.26 09:11:42.219,0.7809,0.781,0.40,0.30
2008.03.26 09:11:42.504,0.7809,0.781,0.40,0.30
2008.03.26 09:11:42.788,0.7809,0.781,0.40,0.30
2008.03.26 09:11:43.062,0.7809,0.781,0.40,0.30
2008.03.26 09:11:43.336,0.7809,0.781,0.40,0.30
2008.03.26 09:11:43.613,0.78085,0.781,0.20,0.50
2008.03.26 09:11:43.889,0.78085,0.781,0.60,0.30
2008.03.26 09:11:44.179,0.78085,0.781,0.20,0.50
2008.03.26 09:11:45.379,0.78085,0.781,0.20,0.50
2008.03.26 09:11:45.472,0.78085,0.781,0.20,0.50
2008.03.26 09:11:45.566,0.78085,0.781,0.20,0.50
2008.03.26 09:11:45.666,0.78085,0.781,0.20,0.50
2008.03.26 09:11:45.764,0.78085,0.781,0.20,0.50
2008.03.26 09:11:45.856,0.78085,0.781,0.20,0.50
2008.03.26 09:11:45.953,0.78085,0.781,0.20,0.50
2008.03.26 09:11:46.042,0.78085,0.781,0.20,0.50
2008.03.26 09:11:46.131,0.78085,0.781,0.60,0.30
2008.03.26 09:11:46.225,0.7809,0.781,0.40,0.30
2008.03.26 09:11:46.317,0.7809,0.781,0.40,0.30
2008.03.26 09:11:46.414,0.7809,0.781,0.40,0.30
2008.03.26 09:11:46.754,0.7809,0.781,0.40,0.50
2008.03.26 09:11:47.092,0.78085,0.781,0.60,0.50
2008.03.26 09:11:47.425,0.78085,0.781,0.20,0.50
2008.03.26 09:11:47.668,0.78085,0.781,0.20,0.50
2008.03.26 09:11:47.906,0.78085,0.781,0.20,0.50
2008.03.26 09:11:48.144,0.78085,0.781,0.20,0.50
2008.03.26 09:11:48.400,0.78085,0.781,0.20,0.50
2008.03.26 09:11:48.737,0.7808,0.781,1.40,0.50
2008.03.26 09:11:49.075,0.7808,0.781,0.60,0.50
2008.03.26 09:11:49.421,0.7808,0.781,0.60,0.60
2008.03.26 09:11:49.652,0.7808,0.781,0.60,0.60
2008.03.26 09:11:49.866,0.7808,0.781,0.60,0.60
2008.03.26 09:11:50.091,0.7808,0.781,0.60,0.60
2008.03.26 09:11:50.315,0.7808,0.781,0.60,0.60
2008.03.26 09:11:50.539,0.7808,0.781,0.60,0.60
2008.03.26 09:11:50.885,0.78085,0.781,0.20,0.50
2008.03.26 09:11:51.219,0.78085,0.781,0.20,0.60
2008.03.26 09:11:51.553,0.78085,0.781,0.20,0.60
2008.03.26 09:11:51.819,0.78085,0.781,0.20,0.60
2008.03.26 09:11:52.083,0.78085,0.781,0.20,0.60
2008.03.26 09:11:52.345,0.78085,0.781,0.20,0.60
2008.03.26 09:11:52.624,0.78085,0.781,0.20,0.60
2008.03.26 09:11:52.906,0.78085,0.781,0.20,0.60
2008.03.26 09:11:53.197,0.78085,0.781,0.20,0.60
2008.03.26 09:11:53.491,0.78085,0.781,0.20,0.60
2008.03.26 09:11:53.778,0.78085,0.781,0.20,0.50
2008.03.26 09:11:54.081,0.78085,0.781,0.20,0.50
2008.03.26 09:11:54.385,0.78085,0.781,0.20,0.50
2008.03.26 09:11:54.689,0.78085,0.781,0.20,0.50
2008.03.26 09:11:54.928,0.7808,0.781,0.60,0.60
2008.03.26 09:11:55.166,0.7808,0.781,0.60,0.60
2008.03.26 09:11:55.405,0.78085,0.781,0.20,0.50
2008.03.26 09:11:55.644,0.78085,0.781,0.60,0.50
2008.03.26 09:11:55.964,0.78085,0.781,0.60,0.50
2008.03.26 09:11:56.274,0.78085,0.781,0.60,0.50
2008.03.26 09:11:56.584,0.78085,0.781,0.60,0.30
2008.03.26 09:11:56.893,0.78085,0.781,0.60,0.30
2008.03.26 09:11:57.192,0.78085,0.781,0.60,0.30
2008.03.26 09:11:57.491,0.78085,0.781,0.60,0.30
2008.03.26 09:11:57.792,0.7809,0.78105,0.60,5.20
2008.03.26 09:11:58.053,0.7809,0.78105,0.60,1.70
2008.03.26 09:11:58.313,0.78085,0.781,4.40,0.30
2008.03.26 09:11:58.572,0.78085,0.781,0.60,0.30
2008.03.26 09:11:58.832,0.78085,0.781,0.60,0.30
2008.03.26 09:11:59.140,0.78085,0.781,0.60,0.30
2008.03.26 09:11:59.448,0.78085,0.781,0.60,0.30
2008.03.26 09:11:59.759,0.78085,0.781,0.60,0.30
2008.03.26 09:11:59.993,0.78085,0.781,0.60,0.30
2008.03.26 09:12:00.229,0.78085,0.781,0.60,0.30
2008.03.26 09:12:00.462,0.7809,0.78105,0.40,8.10
2008.03.26 09:12:00.697,0.7809,0.78105,0.40,8.10
2008.03.26 09:12:01.034,0.7809,0.781,0.40,0.30
2008.03.26 09:12:01.369,0.7809,0.78105,1.40,4.10
2008.03.26 09:12:01.704,0.7809,0.78105,1.40,4.00
2008.03.26 09:12:01.960,0.7809,0.78105,1.40,4.00
2008.03.26 09:12:02.215,0.7809,0.78105,1.40,4.00
2008.03.26 09:12:02.468,0.7809,0.78105,1.40,4.00
2008.03.26 09:12:02.725,0.7809,0.78105,1.40,4.00
2008.03.26 09:12:03.024,0.7809,0.78105,1.40,4.00
2008.03.26 09:12:03.323,0.7809,0.78105,1.40,4.00
2008.03.26 09:12:03.622,0.7809,0.78105,1.40,4.10
2008.03.26 09:12:03.923,0.7809,0.781,1.10,0.30
2008.03.26 09:12:04.192,0.7809,0.781,1.10,0.30
2008.03.26 09:12:04.460,0.7809,0.781,1.10,0.30
2008.03.26 09:12:04.731,0.7809,0.78105,1.40,4.40
2008.03.26 09:12:05.000,0.78095,0.78105,0.80,4.10
2008.03.26 09:12:05.281,0.78095,0.781,0.80,0.30
2008.03.26 09:12:05.561,0.7809,0.78105,0.60,2.60
2008.03.26 09:12:05.841,0.7809,0.781,0.60,0.30
2008.03.26 09:12:06.116,0.7809,0.78105,0.60,2.40
2008.03.26 09:12:06.390,0.7809,0.78105,0.60,2.40
2008.03.26 09:12:06.663,0.7809,0.78105,0.60,2.40
2008.03.26 09:12:06.937,0.7809,0.78105,0.60,2.40
2008.03.26 09:12:07.267,0.78095,0.7811,0.40,0.60
2008.03.26 09:12:07.596,0.7809,0.78105,1.40,2.40
2008.03.26 09:12:07.926,0.7809,0.7811,1.40,0.60
2008.03.26 09:12:08.166,0.7809,0.7811,1.40,4.40
2008.03.26 09:12:08.405,0.7809,0.7811,1.40,4.40
2008.03.26 09:12:08.644,0.7809,0.7811,1.40,4.40
2008.03.26 09:12:08.883,0.7809,0.7811,1.40,4.60
2008.03.26 09:12:09.217,0.78095,0.7811,0.20,0.50
2008.03.26 09:12:09.550,0.78095,0.7811,0.20,0.50
2008.03.26 09:12:09.885,0.7809,0.7811,1.40,0.60
2008.03.26 09:12:10.136,0.7809,0.78105,1.40,1.60
2008.03.26 09:12:10.385,0.7809,0.78105,0.60,4.00
2008.03.26 09:12:10.633,0.7809,0.78105,0.60,4.00
2008.03.26 09:12:10.882,0.7809,0.78105,0.60,2.40
2008.03.26 09:12:11.192,0.78095,0.78105,0.20,1.60
2008.03.26 09:12:11.503,0.7809,0.78105,0.60,4.00
2008.03.26 09:12:11.824,0.7809,0.78105,0.60,2.40
2008.03.26 09:12:12.121,0.7809,0.78105,0.60,1.60
2008.03.26 09:12:12.416,0.7809,0.781,0.20,0.30
2008.03.26 09:12:12.710,0.7809,0.78105,0.60,6.40
2008.03.26 09:12:13.004,0.7809,0.78105,0.60,1.60
2008.03.26 09:12:13.260,0.7809,0.78105,0.60,4.00
2008.03.26 09:12:13.515,0.7809,0.78105,0.60,4.00
2008.03.26 09:12:13.772,0.7809,0.78105,0.20,4.10
2008.03.26 09:12:14.026,0.7809,0.78105,0.60,4.00
2008.03.26 09:12:14.337,0.7809,0.78105,0.60,1.60
2008.03.26 09:12:14.648,0.7809,0.78105,0.60,4.00
2008.03.26 09:12:14.957,0.7809,0.78105,0.60,4.00
2008.03.26 09:12:15.227,0.7809,0.781,0.40,0.30
2008.03.26 09:12:15.497,0.7809,0.781,0.40,0.30
2008.03.26 09:12:15.766,0.78085,0.781,6.00,0.30
2008.03.26 09:12:16.036,0.78085,0.78105,5.20,4.10
2008.03.26 09:12:16.316,0.78095,0.78105,0.20,1.60
2008.03.26 09:12:16.597,0.78095,0.78105,0.20,1.60
2008.03.26 09:12:16.878,0.7809,0.78105,1.40,1.70
2008.03.26 09:12:17.157,0.7809,0.78105,0.60,4.10
2008.03.26 09:12:17.487,0.781,0.78105,0.20,1.60
2008.03.26 09:12:17.817,0.781,0.78105,0.60,1.60
2008.03.26 09:12:18.147,0.781,0.7811,0.20,0.20
2008.03.26 09:12:18.393,0.781,0.7811,0.20,0.30
2008.03.26 09:12:18.636,0.781,0.7811,0.40,0.60
2008.03.26 09:12:18.882,0.781,0.7811,0.20,0.30
2008.03.26 09:12:19.126,0.781,0.7811,0.60,0.30
2008.03.26 09:12:19.432,0.78095,0.7811,2.40,0.60
2008.03.26 09:12:19.736,0.7809,0.7811,0.60,0.60
2008.03.26 09:12:20.051,0.78095,0.7811,0.40,0.60
2008.03.26 09:12:20.330,0.7811,0.7812,0.40,1.60
2008.03.26 09:12:20.620,0.78115,0.7813,0.80,1.20
2008.03.26 09:12:20.910,0.78105,0.7812,1.60,0.60
2008.03.26 09:12:21.199,0.781,0.7812,0.60,0.60
2008.03.26 09:12:21.455,0.781,0.78115,0.60,0.30
2008.03.26 09:12:21.713,0.781,0.78115,0.40,0.30
2008.03.26 09:12:21.969,0.781,0.78115,0.60,0.30
2008.03.26 09:12:22.236,0.78105,0.78115,0.40,0.30
2008.03.26 09:12:22.574,0.781,0.7812,0.60,0.50
2008.03.26 09:12:22.909,0.781,0.7812,0.60,4.60
2008.03.26 09:12:23.244,0.781,0.78115,0.60,4.00
2008.03.26 09:12:23.490,0.781,0.78115,0.60,6.40
2008.03.26 09:12:23.734,0.781,0.78115,0.40,8.10
2008.03.26 09:12:23.978,0.781,0.78115,0.40,4.10
2008.03.26 09:12:24.227,0.781,0.78115,0.40,4.10
2008.03.26 09:12:24.547,0.78095,0.7811,0.60,0.30
2008.03.26 09:12:24.868,0.7809,0.7811,0.60,0.60
2008.03.26 09:12:25.188,0.78095,0.7811,0.40,0.60
2008.03.26 09:12:25.448,0.78095,0.7811,0.40,0.60
2008.03.26 09:12:25.708,0.78095,0.7811,0.40,0.60
2008.03.26 09:12:25.969,0.78095,0.7811,0.40,0.60
2008.03.26 09:12:26.241,0.7809,0.7811,0.60,0.60
2008.03.26 09:12:26.551,0.7809,0.7811,0.60,0.60
2008.03.26 09:12:26.862,0.7809,0.78105,0.60,0.30
2008.03.26 09:12:27.173,0.78095,0.78105,0.40,0.30
2008.03.26 09:12:27.455,0.7809,0.78105,0.60,0.30
2008.03.26 09:12:27.734,0.7809,0.7811,0.60,0.60
2008.03.26 09:12:28.007,0.7809,0.78105,0.60,0.30
2008.03.26 09:12:28.293,0.7809,0.78105,0.60,0.30
2008.03.26 09:12:28.580,0.7809,0.78105,0.60,0.50
2008.03.26 09:12:28.858,0.78085,0.781,4.30,0.60
2008.03.26 09:12:29.132,0.78085,0.781,4.30,0.60
2008.03.26 09:12:29.407,0.7808,0.78095,0.60,0.30
2008.03.26 09:12:29.703,0.78085,0.78095,0.40,0.30
2008.03.26 09:12:30.013,0.7809,0.781,0.60,0.30
2008.03.26 09:12:30.311,0.78085,0.781,6.70,0.60
2008.03.26 09:12:30.606,0.78085,0.781,0.40,0.60
2008.03.26 09:12:30.877,0.78085,0.781,0.40,0.60
2008.03.26 09:12:31.146,0.78085,0.781,0.60,0.30
2008.03.26 09:12:31.422,0.78085,0.781,0.60,0.30
2008.03.26 09:12:31.697,0.78085,0.781,0.60,0.30
2008.03.26 09:12:32.018,0.78085,0.781,0.60,0.30
2008.03.26 09:12:32.327,0.78085,0.781,0.60,0.30
2008.03.26 09:12:32.639,0.78085,0.781,0.60,0.30
2008.03.26 09:12:32.946,0.7809,0.781,0.20,0.30
2008.03.26 09:12:33.202,0.7809,0.781,0.40,0.30
2008.03.26 09:12:33.457,0.7809,0.781,0.40,0.30
2008.03.26 09:12:33.711,0.7809,0.781,0.40,0.30
2008.03.26 09:12:34.006,0.7809,0.781,0.40,0.30
2008.03.26 09:12:34.309,0.7809,0.781,0.40,0.30
2008.03.26 09:12:34.604,0.7809,0.781,0.40,0.30
2008.03.26 09:12:34.899,0.7809,0.78105,0.60,4.10
2008.03.26 09:12:35.190,0.7809,0.78105,0.60,4.10
2008.03.26 09:12:35.482,0.7809,0.781,0.20,0.30
2008.03.26 09:12:35.771,0.7809,0.781,0.60,0.30
2008.03.26 09:12:36.066,0.7809,0.78105,0.60,8.00
2008.03.26 09:12:36.361,0.7809,0.78105,0.60,4.00
2008.03.26 09:12:36.655,0.7809,0.78105,0.60,4.00
2008.03.26 09:12:36.957,0.78095,0.78105,0.20,4.00
2008.03.26 09:12:37.222,0.78095,0.78105,0.20,4.00
2008.03.26 09:12:37.488,0.7809,0.781,0.40,0.30
2008.03.26 09:12:37.752,0.7809,0.78105,0.60,4.10
2008.03.26 09:12:38.017,0.7809,0.78105,0.60,6.50
2008.03.26 09:12:38.320,0.7809,0.78105,0.60,4.00
2008.03.26 09:12:38.619,0.7809,0.78105,0.60,4.00
2008.03.26 09:12:38.921,0.7809,0.781,0.40,0.30
2008.03.26 09:12:39.207,0.7809,0.781,0.20,0.30
2008.03.26 09:12:39.492,0.7809,0.78105,0.40,4.10
2008.03.26 09:12:39.775,0.7809,0.78105,0.40,4.10
2008.03.26 09:12:40.071,0.7809,0.78105,0.40,4.10
2008.03.26 09:12:40.326,0.7809,0.78105,0.40,4.10
2008.03.26 09:12:40.581,0.7809,0.78105,0.40,4.10
2008.03.26 09:12:40.836,0.7809,0.78105,0.60,4.10
2008.03.26 09:12:41.091,0.7809,0.78105,0.60,4.10
2008.03.26 09:12:41.401,0.7809,0.78105,0.60,4.40
2008.03.26 09:12:41.712,0.7809,0.781,0.20,0.30
2008.03.26 09:12:42.022,0.7809,0.781,0.20,0.30
2008.03.26 09:12:42.320,0.7809,0.781,0.20,0.30
2008.03.26 09:12:42.620,0.7809,0.781,0.20,0.60
2008.03.26 09:12:42.920,0.7809,0.781,0.20,0.60
2008.03.26 09:12:43.220,0.7809,0.781,0.20,0.60
2008.03.26 09:12:43.483,0.7809,0.781,0.20,0.60
2008.03.26 09:12:43.763,0.7809,0.781,0.20,0.60
2008.03.26 09:12:44.030,0.7809,0.781,0.20,0.30
2008.03.26 09:12:44.296,0.7809,0.781,0.20,0.20
2008.03.26 09:12:44.590,0.7808,0.781,0.60,0.60
2008.03.26 09:12:44.885,0.7808,0.781,0.60,0.60
2008.03.26 09:12:45.178,0.7808,0.781,0.60,0.60
2008.03.26 09:12:45.442,0.7808,0.781,0.60,0.60
2008.03.26 09:12:45.706,0.7808,0.781,0.60,0.60
2008.03.26 09:12:45.970,0.7808,0.781,0.60,0.60
2008.03.26 09:12:46.235,0.7808,0.781,0.60,0.60
2008.03.26 09:12:46.529,0.7808,0.781,0.60,0.60
2008.03.26 09:12:46.837,0.78085,0.781,0.60,0.30
2008.03.26 09:12:47.119,0.78085,0.781,0.60,0.30
2008.03.26 09:12:47.414,0.78085,0.781,0.60,0.30
2008.03.26 09:12:47.724,0.78085,0.781,0.60,0.30
2008.03.26 09:12:48.034,0.78085,0.781,0.60,0.30
2008.03.26 09:12:48.343,0.78085,0.781,0.60,0.30
2008.03.26 09:12:48.592,0.7809,0.78105,0.60,8.10
2008.03.26 09:12:48.843,0.7809,0.78105,0.40,4.10
2008.03.26 09:12:49.091,0.7809,0.78105,0.20,12.40
2008.03.26 09:12:49.341,0.7809,0.78105,0.60,1.70
2008.03.26 09:12:49.660,0.7809,0.78105,0.60,1.70
2008.03.26 09:12:49.982,0.78085,0.781,0.40,0.30
2008.03.26 09:12:50.302,0.7809,0.78105,0.60,8.40
2008.03.26 09:12:50.556,0.7809,0.78105,0.20,10.80
2008.03.26 09:12:50.811,0.7809,0.781,0.20,0.60
2008.03.26 09:12:51.066,0.7808,0.781,0.60,0.60
2008.03.26 09:12:51.320,0.7808,0.781,0.60,0.60
2008.03.26 09:12:51.645,0.78085,0.781,0.40,0.60
2008.03.26 09:12:51.971,0.7809,0.78105,0.20,6.00
2008.03.26 09:12:52.295,0.7809,0.781,0.20,0.30
2008.03.26 09:12:52.554,0.7809,0.781,0.20,0.30
2008.03.26 09:12:52.814,0.7809,0.781,0.20,0.30
2008.03.26 09:12:53.073,0.7809,0.781,0.20,0.30
2008.03.26 09:12:53.332,0.7809,0.781,0.20,0.30
2008.03.26 09:12:53.632,0.7809,0.781,0.20,0.30
2008.03.26 09:12:53.934,0.7809,0.78105,0.60,2.40
2008.03.26 09:12:54.233,0.7809,0.78105,0.40,2.50
2008.03.26 09:12:54.534,0.7809,0.78105,0.20,6.00
2008.03.26 09:12:54.805,0.7809,0.781,0.20,0.30
2008.03.26 09:12:55.075,0.7809,0.781,0.20,0.30
2008.03.26 09:12:55.344,0.7809,0.781,0.20,0.30
2008.03.26 09:12:55.619,0.7809,0.781,0.20,0.30
2008.03.26 09:12:55.893,0.7809,0.781,0.20,0.30
2008.03.26 09:12:56.166,0.7809,0.781,0.20,0.30
2008.03.26 09:12:56.441,0.7809,0.78105,0.20,12.10
2008.03.26 09:12:56.774,0.7809,0.78105,0.60,4.80
2008.03.26 09:12:57.094,0.7809,0.78105,0.60,4.80
2008.03.26 09:12:57.415,0.78085,0.781,4.40,0.30
2008.03.26 09:12:57.660,0.78085,0.781,4.40,0.30
2008.03.26 09:12:57.904,0.78085,0.781,0.60,0.30
2008.03.26 09:12:58.148,0.78085,0.781,0.60,0.30
2008.03.26 09:12:58.393,0.78085,0.781,0.60,1.00
2008.03.26 09:12:58.636,0.78085,0.781,0.60,1.00
2008.03.26 09:12:58.966,0.78085,0.781,0.60,1.00
2008.03.26 09:12:59.296,0.78085,0.781,0.20,1.20
2008.03.26 09:12:59.625,0.78085,0.781,0.20,1.20
2008.03.26 09:12:59.869,0.78085,0.781,0.20,1.20
2008.03.26 09:13:00.112,0.78085,0.781,0.20,1.20
2008.03.26 09:13:00.358,0.7809,0.781,0.20,1.20
2008.03.26 09:13:00.602,0.7809,0.781,0.20,1.20
2008.03.26 09:13:00.902,0.7809,0.781,0.20,1.20
2008.03.26 09:13:01.201,0.7809,0.781,0.20,1.40
2008.03.26 09:13:01.501,0.78085,0.781,0.40,1.40
2008.03.26 09:13:01.801,0.78085,0.781,0.60,1.40
2008.03.26 09:13:02.113,0.7808,0.781,4.60,1.40
2008.03.26 09:13:02.422,0.7808,0.781,4.60,1.40
2008.03.26 09:13:02.733,0.7808,0.781,4.60,1.40
2008.03.26 09:13:02.975,0.7808,0.781,4.60,1.40
2008.03.26 09:13:03.220,0.7808,0.781,4.60,1.40
2008.03.26 09:13:03.476,0.7808,0.781,4.60,1.40
2008.03.26 09:13:03.719,0.7808,0.781,4.60,1.40
2008.03.26 09:13:04.038,0.7808,0.781,4.60,1.40
2008.03.26 09:13:04.358,0.7808,0.78095,4.40,0.30
2008.03.26 09:13:04.678,0.7808,0.78095,4.40,0.30
2008.03.26 09:13:04.942,0.7808,0.78095,4.40,0.30
2008.03.26 09:13:05.206,0.7808,0.78095,4.40,0.30
2008.03.26 09:13:05.470,0.7808,0.78095,4.40,0.30
2008.03.26 09:13:05.735,0.7808,0.78095,4.40,0.30
2008.03.26 09:13:06.009,0.7808,0.7809,4.40,0.30
2008.03.26 09:13:06.284,0.7808,0.78095,4.40,2.60
2008.03.26 09:13:06.559,0.7808,0.78095,4.40,0.30
2008.03.26 09:13:06.834,0.7808,0.78095,4.40,0.30
2008.03.26 09:13:07.158,0.7808,0.78095,4.40,0.50
2008.03.26 09:13:07.483,0.7808,0.78095,4.10,0.50
2008.03.26 09:13:07.807,0.7808,0.78095,4.10,0.50
2008.03.26 09:13:08.036,0.7808,0.78095,4.10,0.50
2008.03.26 09:13:08.265,0.7808,0.78095,4.40,1.00
2008.03.26 09:13:08.510,0.7808,0.7809,0.20,0.60
2008.03.26 09:13:08.739,0.7808,0.7809,0.20,0.30
2008.03.26 09:13:09.075,0.7808,0.7809,0.20,0.60
2008.03.26 09:13:09.410,0.7808,0.7809,0.60,0.30
2008.03.26 09:13:09.745,0.7808,0.7809,0.20,0.30
2008.03.26 09:13:09.998,0.7808,0.7809,0.20,0.30
2008.03.26 09:13:10.243,0.7808,0.7809,0.20,0.30
2008.03.26 09:13:10.486,0.7808,0.7809,0.20,0.30
2008.03.26 09:13:10.732,0.7808,0.7809,0.20,0.30
2008.03.26 09:13:11.068,0.7808,0.7809,0.20,0.60
2008.03.26 09:13:11.402,0.7808,0.7809,0.20,0.60
2008.03.26 09:13:11.737,0.7808,0.7809,0.20,0.60
2008.03.26 09:13:12.007,0.78075,0.7809,2.40,0.60
2008.03.26 09:13:12.285,0.7807,0.7809,0.60,0.60
2008.03.26 09:13:12.555,0.78075,0.7809,2.40,0.60
2008.03.26 09:13:12.825,0.78075,0.78085,2.40,0.30
2008.03.26 09:13:13.124,0.78075,0.7809,2.40,0.60
2008.03.26 09:13:13.423,0.78075,0.7809,2.70,0.60
2008.03.26 09:13:13.736,0.7808,0.7809,0.20,0.60
2008.03.26 09:13:14.005,0.78065,0.78085,4.40,7.60
2008.03.26 09:13:14.273,0.78065,0.78085,4.40,8.40
2008.03.26 09:13:14.545,0.78065,0.7808,2.40,0.60
2008.03.26 09:13:14.814,0.78065,0.7808,2.40,0.60
2008.03.26 09:13:15.101,0.7806,0.7808,0.60,0.50
2008.03.26 09:13:15.388,0.7806,0.7808,0.60,0.50
2008.03.26 09:13:15.661,0.7806,0.7808,0.60,0.50
2008.03.26 09:13:15.944,0.7806,0.7808,0.60,0.50
2008.03.26 09:13:16.242,0.7806,0.7808,0.60,0.50
2008.03.26 09:13:16.531,0.7806,0.7808,0.60,0.50
2008.03.26 09:13:16.821,0.78065,0.7808,0.60,0.30
2008.03.26 09:13:17.102,0.7807,0.78085,0.20,12.40
2008.03.26 09:13:17.382,0.78065,0.7808,0.60,0.20
2008.03.26 09:13:17.665,0.78065,0.78085,0.60,12.40
2008.03.26 09:13:17.946,0.78065,0.78085,6.80,4.40
2008.03.26 09:13:18.256,0.78065,0.78085,6.80,4.40
2008.03.26 09:13:18.544,0.78065,0.78085,6.80,4.40
2008.03.26 09:13:18.845,0.78065,0.78085,6.80,4.40
2008.03.26 09:13:19.098,0.78065,0.78085,6.80,4.40
2008.03.26 09:13:19.354,0.7807,0.78085,0.40,4.40
2008.03.26 09:13:19.607,0.78065,0.78085,6.80,4.40
2008.03.26 09:13:19.862,0.78065,0.78085,6.80,4.40
2008.03.26 09:13:20.166,0.78065,0.78085,6.80,4.40
2008.03.26 09:13:20.483,0.7807,0.78085,0.60,1.60
2008.03.26 09:13:20.788,0.7807,0.78085,0.60,4.10
2008.03.26 09:13:21.095,0.7807,0.78085,0.60,4.00
2008.03.26 09:13:21.383,0.7807,0.78085,0.60,4.00
2008.03.26 09:13:21.673,0.7807,0.78085,0.60,4.00
2008.03.26 09:13:21.964,0.78075,0.78085,0.60,4.00
2008.03.26 09:13:22.250,0.7808,0.78085,0.20,1.60
2008.03.26 09:13:22.533,0.7808,0.78085,0.20,1.60
2008.03.26 09:13:22.817,0.7808,0.78085,0.20,1.60
2008.03.26 09:13:23.102,0.7808,0.78085,0.20,4.00
2008.03.26 09:13:23.408,0.7808,0.78085,0.20,1.60
2008.03.26 09:13:23.713,0.7808,0.78085,0.20,1.60
2008.03.26 09:13:24.030,0.78075,0.7809,0.60,5.00
2008.03.26 09:13:24.278,0.78075,0.7809,0.60,4.00
2008.03.26 09:13:24.527,0.78075,0.7809,0.60,4.00
2008.03.26 09:13:24.778,0.78075,0.7809,0.20,4.40
2008.03.26 09:13:25.027,0.78075,0.7809,0.20,4.40
2008.03.26 09:13:25.331,0.78075,0.7809,0.20,4.40
2008.03.26 09:13:25.635,0.78075,0.7809,0.20,4.40
2008.03.26 09:13:25.938,0.78075,0.7809,0.20,4.40
2008.03.26 09:13:26.244,0.78075,0.7809,0.20,4.40
2008.03.26 09:13:26.525,0.78075,0.7809,0.20,0.50
2008.03.26 09:13:26.805,0.7808,0.78095,0.20,12.90
2008.03.26 09:13:27.087,0.78075,0.7809,0.20,0.50
2008.03.26 09:13:27.375,0.78075,0.7809,0.60,0.30
2008.03.26 09:13:27.667,0.7808,0.78095,0.40,1.70
2008.03.26 09:13:27.957,0.7808,0.78095,0.60,1.60
2008.03.26 09:13:28.257,0.7808,0.781,0.60,0.60
2008.03.26 09:13:28.562,0.78085,0.781,0.40,0.60
2008.03.26 09:13:28.869,0.7808,0.781,1.40,0.50
2008.03.26 09:13:29.175,0.7808,0.78095,0.60,0.30
2008.03.26 09:13:29.434,0.7808,0.78095,0.20,0.50
2008.03.26 09:13:29.678,0.7808,0.78095,0.40,0.30
2008.03.26 09:13:29.923,0.78075,0.78095,4.40,0.50
2008.03.26 09:13:30.169,0.78075,0.78095,0.60,5.20
2008.03.26 09:13:30.484,0.7808,0.78095,0.40,0.20
2008.03.26 09:13:30.810,0.7808,0.781,0.60,0.60
2008.03.26 09:13:31.125,0.7808,0.781,1.40,0.60
2008.03.26 09:13:31.398,0.7808,0.781,1.40,4.60
2008.03.26 09:13:31.668,0.7808,0.781,1.20,4.60
2008.03.26 09:13:31.937,0.7808,0.78095,1.20,0.30
2008.03.26 09:13:32.206,0.7808,0.78095,1.20,0.30
2008.03.26 09:13:32.501,0.7808,0.78095,1.20,0.30
2008.03.26 09:13:32.795,0.7808,0.78095,1.40,0.30
2008.03.26 09:13:33.090,0.7808,0.78095,1.40,0.30
2008.03.26 09:13:33.387,0.7808,0.78095,1.40,0.30
2008.03.26 09:13:33.662,0.7808,0.781,1.40,4.60
2008.03.26 09:13:33.938,0.7808,0.78095,0.20,0.50
2008.03.26 09:13:34.212,0.7808,0.78095,0.20,0.50
2008.03.26 09:13:34.488,0.7808,0.781,1.40,4.40
2008.03.26 09:13:34.770,0.7808,0.781,1.40,4.60
2008.03.26 09:13:35.050,0.7808,0.781,1.40,4.60
2008.03.26 09:13:35.329,0.7809,0.781,0.20,0.30
2008.03.26 09:13:35.617,0.7809,0.78105,0.60,2.60
2008.03.26 09:13:35.907,0.78095,0.78105,0.40,1.80
2008.03.26 09:13:36.197,0.78095,0.78105,0.40,0.30
2008.03.26 09:13:36.487,0.7809,0.78105,0.60,0.30
2008.03.26 09:13:36.777,0.78085,0.78105,5.20,0.50
2008.03.26 09:13:37.083,0.7808,0.781,1.40,4.40
2008.03.26 09:13:37.401,0.78085,0.781,0.40,0.50
2008.03.26 09:13:37.707,0.78085,0.781,0.60,0.20
2008.03.26 09:13:38.014,0.78085,0.78095,0.20,0.20
2008.03.26 09:13:38.303,0.78085,0.78095,0.20,0.20
2008.03.26 09:13:38.593,0.78085,0.78095,0.20,0.20
2008.03.26 09:13:38.882,0.78085,0.78095,0.20,0.20
2008.03.26 09:13:39.130,0.7808,0.78095,0.60,0.20
2008.03.26 09:13:39.380,0.7808,0.78095,0.40,2.50
2008.03.26 09:13:39.629,0.78075,0.78095,0.60,4.40
2008.03.26 09:13:39.879,0.78075,0.78095,4.40,4.40
2008.03.26 09:13:40.194,0.78075,0.78095,4.40,0.20
2008.03.26 09:13:40.509,0.78075,0.7809,0.60,0.20
2008.03.26 09:13:40.823,0.78075,0.78095,0.60,4.40
2008.03.26 09:13:41.151,0.78075,0.78095,0.60,4.40
2008.03.26 09:13:41.418,0.78075,0.7809,0.20,0.50
2008.03.26 09:13:41.683,0.7807,0.7809,0.60,0.60
2008.03.26 09:13:41.928,0.7807,0.7809,0.60,0.60
2008.03.26 09:13:42.223,0.7807,0.7809,0.60,0.60
2008.03.26 09:13:42.519,0.7807,0.7809,0.60,0.60
2008.03.26 09:13:42.814,0.7807,0.7809,0.60,0.60
2008.03.26 09:13:43.111,0.7807,0.7809,0.60,0.60
2008.03.26 09:13:43.394,0.7807,0.7809,0.60,0.60
2008.03.26 09:13:43.680,0.7807,0.7809,0.60,0.60
2008.03.26 09:13:43.965,0.7807,0.7809,0.60,0.60
2008.03.26 09:13:44.207,0.7807,0.7809,0.60,0.60
2008.03.26 09:13:44.455,0.7807,0.7809,0.60,0.60
2008.03.26 09:13:44.718,0.7807,0.78085,0.60,0.30
2008.03.26 09:13:44.973,0.7807,0.78085,0.60,0.30
2008.03.26 09:13:45.305,0.7807,0.78085,0.60,0.30
2008.03.26 09:13:45.616,0.7807,0.78085,0.60,0.30
2008.03.26 09:13:45.934,0.7807,0.78085,0.60,0.30
2008.03.26 09:13:46.197,0.7807,0.78085,0.60,0.30
2008.03.26 09:13:46.453,0.7807,0.7809,0.60,0.60
2008.03.26 09:13:46.707,0.7807,0.7809,0.60,0.60
2008.03.26 09:13:46.962,0.7807,0.7809,0.60,0.60
2008.03.26 09:13:47.277,0.7807,0.78085,0.40,0.30
2008.03.26 09:13:47.593,0.78075,0.78085,2.70,0.30
2008.03.26 09:13:47.907,0.7807,0.7808,0.20,0.20
2008.03.26 09:13:48.222,0.78065,0.7808,6.50,0.20
2008.03.26 09:13:48.508,0.78065,0.78085,6.80,8.40
2008.03.26 09:13:48.791,0.78065,0.78085,6.80,8.40
2008.03.26 09:13:49.076,0.78065,0.78085,6.80,8.40
2008.03.26 09:13:49.325,0.78065,0.78085,6.80,8.40
2008.03.26 09:13:49.573,0.78065,0.78085,6.80,8.40
2008.03.26 09:13:49.823,0.78065,0.78085,6.80,8.40
2008.03.26 09:13:50.073,0.7807,0.78085,0.20,4.10
2008.03.26 09:13:50.361,0.7807,0.78085,0.20,4.10
2008.03.26 09:13:50.651,0.7807,0.78085,0.20,4.40
2008.03.26 09:13:50.941,0.7807,0.78085,0.20,4.10
2008.03.26 09:13:51.229,0.7807,0.78085,0.20,4.10
2008.03.26 09:13:51.550,0.7807,0.78085,0.20,4.10
2008.03.26 09:13:51.860,0.7807,0.78085,0.20,4.10
2008.03.26 09:13:52.170,0.78065,0.78085,6.80,8.40
2008.03.26 09:13:52.434,0.78065,0.78085,8.40,6.80
2008.03.26 09:13:52.697,0.78065,0.78085,6.80,8.40
2008.03.26 09:13:52.961,0.78065,0.78085,6.80,8.40
2008.03.26 09:13:53.226,0.78065,0.78085,8.40,8.40
2008.03.26 09:13:53.526,0.78065,0.78085,10.80,4.40
2008.03.26 09:13:53.824,0.78065,0.78085,10.80,4.40
2008.03.26 09:13:54.122,0.78065,0.78085,10.80,4.40
2008.03.26 09:13:54.421,0.78065,0.78085,10.80,4.40
2008.03.26 09:13:54.676,0.78065,0.78085,10.80,4.40
2008.03.26 09:13:54.929,0.78065,0.78085,10.80,4.40
2008.03.26 09:13:55.183,0.78065,0.78085,10.80,4.40
2008.03.26 09:13:55.489,0.78065,0.78085,6.80,6.00
2008.03.26 09:13:55.772,0.78065,0.78085,6.80,8.40
2008.03.26 09:13:56.077,0.78065,0.78085,6.80,8.40
2008.03.26 09:13:56.368,0.78065,0.78085,6.80,8.40
2008.03.26 09:13:56.648,0.78065,0.7808,6.80,0.30
2008.03.26 09:13:56.926,0.78065,0.7808,6.80,0.30
2008.03.26 09:13:57.203,0.78065,0.7808,6.80,0.30
2008.03.26 09:13:57.483,0.78075,0.78085,2.40,1.80
2008.03.26 09:13:57.771,0.78075,0.78085,2.40,0.30
2008.03.26 09:13:58.050,0.78075,0.7809,2.40,1.40
2008.03.26 09:13:58.329,0.78075,0.7809,2.40,1.40
2008.03.26 09:13:58.593,0.78075,0.7809,2.40,1.40
2008.03.26 09:13:58.858,0.78075,0.7809,2.70,1.40
2008.03.26 09:13:59.122,0.78075,0.7809,2.70,1.40
2008.03.26 09:13:59.389,0.7808,0.7809,0.20,1.20
2008.03.26 09:13:59.664,0.7808,0.7809,0.20,0.60
2008.03.26 09:13:59.940,0.7807,0.78085,0.40,0.30
2008.03.26 09:14:00.215,0.7807,0.78085,0.60,0.30
2008.03.26 09:14:00.491,0.78075,0.78085,4.80,0.30
2008.03.26 09:14:00.771,0.78075,0.7809,4.80,1.40
2008.03.26 09:14:01.050,0.78075,0.7809,2.40,1.40
2008.03.26 09:14:01.330,0.7807,0.7809,0.60,1.40
2008.03.26 09:14:01.609,0.7807,0.7809,0.60,2.20
2008.03.26 09:14:01.914,0.78075,0.7809,0.40,2.20
2008.03.26 09:14:02.220,0.7808,0.7809,0.20,1.40
2008.03.26 09:14:02.527,0.7807,0.78085,0.60,0.30
2008.03.26 09:14:02.831,0.7807,0.78085,0.60,0.30
2008.03.26 09:14:03.111,0.78075,0.7809,2.40,1.40
2008.03.26 09:14:03.389,0.78075,0.7809,2.40,1.40
2008.03.26 09:14:03.667,0.78075,0.7809,2.40,1.40
2008.03.26 09:14:03.927,0.78075,0.7809,2.40,1.40
2008.03.26 09:14:04.187,0.7808,0.7809,0.20,0.60
2008.03.26 09:14:04.446,0.7808,0.7809,0.20,0.30
2008.03.26 09:14:04.707,0.78075,0.7809,2.70,0.30
2008.03.26 09:14:05.012,0.78075,0.7809,2.70,0.30
2008.03.26 09:14:05.316,0.78075,0.7809,2.70,0.30
2008.03.26 09:14:05.621,0.78075,0.7809,2.70,0.30
2008.03.26 09:14:05.925,0.78075,0.7809,2.70,0.50
2008.03.26 09:14:06.184,0.78075,0.7809,2.70,0.50
2008.03.26 09:14:06.444,0.7808,0.7809,0.20,0.50
2008.03.26 09:14:06.704,0.7808,0.7809,0.20,0.50
2008.03.26 09:14:06.963,0.78075,0.7809,5.10,0.50
2008.03.26 09:14:07.284,0.78075,0.7809,2.70,0.50
2008.03.26 09:14:07.603,0.78075,0.7809,2.70,0.60
2008.03.26 09:14:07.923,0.78075,0.78095,2.70,18.00
2008.03.26 09:14:08.212,0.78075,0.78095,2.70,18.00
2008.03.26 09:14:08.502,0.78075,0.7809,2.40,0.60
2008.03.26 09:14:08.790,0.78075,0.7809,2.40,0.60
2008.03.26 09:14:09.039,0.78075,0.7809,2.40,0.60
2008.03.26 09:14:09.289,0.78075,0.7809,2.40,0.60
2008.03.26 09:14:09.537,0.78075,0.7809,2.40,0.60
2008.03.26 09:14:09.785,0.78075,0.7809,2.40,0.60
2008.03.26 09:14:10.105,0.78075,0.7809,2.40,0.60
2008.03.26 09:14:10.425,0.78075,0.7809,2.40,0.20
2008.03.26 09:14:10.745,0.7808,0.7809,0.20,0.20
2008.03.26 09:14:11.064,0.7808,0.7809,0.20,0.20
2008.03.26 09:14:11.294,0.7808,0.7809,0.20,0.20
2008.03.26 09:14:11.522,0.78075,0.78095,2.70,18.00
2008.03.26 09:14:11.751,0.78075,0.78095,2.70,18.00
2008.03.26 09:14:11.982,0.78075,0.7809,2.40,0.60
2008.03.26 09:14:12.316,0.7807,0.7809,4.40,0.60
2008.03.26 09:14:12.651,0.7807,0.7809,4.40,0.60
2008.03.26 09:14:12.985,0.7807,0.7809,4.40,0.60
2008.03.26 09:14:13.214,0.7807,0.7809,4.40,0.60
2008.03.26 09:14:13.445,0.7807,0.7809,4.40,0.60
2008.03.26 09:14:13.675,0.7807,0.7809,4.40,0.60
2008.03.26 09:14:13.905,0.7807,0.78085,4.40,0.20
2008.03.26 09:14:14.239,0.7807,0.78085,0.40,12.40
2008.03.26 09:14:14.573,0.78065,0.78085,6.70,16.40
2008.03.26 09:14:14.908,0.78065,0.78085,6.80,16.40
2008.03.26 09:14:15.126,0.78065,0.7808,6.70,0.60
2008.03.26 09:14:15.345,0.78065,0.7808,6.70,0.60
2008.03.26 09:14:15.565,0.78065,0.7808,10.70,0.60
2008.03.26 09:14:15.784,0.78065,0.7808,6.70,0.60
2008.03.26 09:14:16.003,0.78065,0.7808,6.40,0.50
2008.03.26 09:14:16.338,0.78065,0.7808,6.40,0.50
2008.03.26 09:14:16.672,0.78065,0.7808,6.40,0.50
2008.03.26 09:14:17.007,0.78065,0.7808,6.40,0.50
2008.03.26 09:14:17.267,0.78065,0.7808,6.40,0.50
2008.03.26 09:14:17.527,0.78065,0.7808,6.40,0.60
2008.03.26 09:14:17.788,0.78065,0.7808,6.40,0.60
2008.03.26 09:14:18.054,0.78065,0.7808,6.40,0.60
2008.03.26 09:14:18.347,0.78065,0.78075,2.70,0.30
2008.03.26 09:14:18.642,0.78065,0.78075,2.40,0.30
2008.03.26 09:14:18.937,0.7806,0.78075,4.60,0.30
2008.03.26 09:14:19.232,0.7806,0.7808,4.40,0.60
2008.03.26 09:14:19.522,0.7806,0.78075,4.40,0.30
2008.03.26 09:14:19.812,0.7806,0.78075,4.40,0.30
2008.03.26 09:14:20.103,0.7806,0.78075,4.40,0.30
2008.03.26 09:14:20.373,0.7806,0.78075,4.40,0.30
2008.03.26 09:14:20.653,0.7806,0.78075,4.40,0.30
2008.03.26 09:14:20.923,0.7806,0.78075,4.40,0.30
2008.03.26 09:14:21.192,0.7806,0.78075,4.40,0.30
2008.03.26 09:14:21.492,0.7806,0.78075,0.60,0.50
2008.03.26 09:14:21.793,0.7806,0.78075,0.60,0.50
2008.03.26 09:14:22.094,0.7806,0.78075,0.20,0.50
2008.03.26 09:14:22.378,0.7806,0.78075,0.20,0.50
2008.03.26 09:14:22.664,0.7806,0.78075,0.60,0.30
2008.03.26 09:14:22.949,0.7806,0.78075,0.60,0.30
2008.03.26 09:14:23.233,0.7806,0.78075,0.60,0.30
2008.03.26 09:14:23.522,0.7806,0.78075,0.60,0.30
2008.03.26 09:14:23.822,0.7806,0.78075,0.60,0.30
2008.03.26 09:14:24.105,0.7806,0.78075,0.60,0.30
2008.03.26 09:14:24.370,0.7806,0.78075,0.60,0.30
2008.03.26 09:14:24.636,0.7806,0.78075,0.60,0.30
2008.03.26 09:14:24.900,0.7806,0.78075,0.60,0.30
2008.03.26 09:14:25.166,0.7806,0.7808,0.60,0.60
2008.03.26 09:14:25.472,0.7806,0.7808,4.60,0.60
2008.03.26 09:14:25.777,0.7806,0.7808,4.40,0.60
2008.03.26 09:14:26.083,0.78065,0.7808,0.40,0.30
2008.03.26 09:14:26.343,0.78065,0.7808,0.40,0.50
2008.03.26 09:14:26.603,0.78065,0.78075,0.40,0.30
2008.03.26 09:14:26.864,0.7806,0.7808,4.60,0.50
2008.03.26 09:14:27.123,0.7806,0.7808,4.60,0.50
2008.03.26 09:14:27.426,0.7806,0.7808,4.60,0.50
2008.03.26 09:14:27.741,0.7806,0.7808,4.60,0.50
2008.03.26 09:14:28.043,0.7806,0.7808,4.60,0.50
2008.03.26 09:14:28.349,0.7806,0.78075,0.60,0.30
2008.03.26 09:14:28.636,0.7806,0.78075,4.40,0.30
2008.03.26 09:14:28.918,0.7806,0.78075,4.40,0.30
2008.03.26 09:14:29.203,0.7806,0.78075,4.10,0.50
2008.03.26 09:14:29.452,0.7806,0.78075,4.40,0.50
2008.03.26 09:14:29.700,0.7806,0.78075,4.40,0.50
2008.03.26 09:14:29.950,0.7806,0.78075,4.10,0.50
2008.03.26 09:14:30.201,0.7806,0.78075,0.20,0.50
2008.03.26 09:14:30.528,0.78055,0.7807,9.10,0.60
2008.03.26 09:14:30.854,0.7806,0.7807,0.20,0.30
2008.03.26 09:14:31.179,0.78055,0.7807,9.10,0.30
2008.03.26 09:14:31.435,0.78055,0.7807,8.00,0.60
2008.03.26 09:14:31.691,0.7806,0.7807,0.20,0.60
2008.03.26 09:14:31.947,0.7806,0.7807,0.20,0.60
2008.03.26 09:14:32.203,0.7806,0.7807,0.20,0.30
2008.03.26 09:14:32.513,0.7806,0.7807,0.20,0.30
2008.03.26 09:14:32.822,0.7806,0.78075,0.20,0.50
2008.03.26 09:14:33.132,0.7806,0.78075,0.20,0.50
2008.03.26 09:14:33.444,0.7806,0.78075,0.20,0.50
2008.03.26 09:14:33.727,0.7806,0.78075,0.20,0.50
2008.03.26 09:14:34.023,0.7806,0.78075,0.20,0.50
2008.03.26 09:14:34.306,0.7806,0.78075,0.20,0.50
2008.03.26 09:14:34.576,0.7806,0.7807,0.20,0.30
2008.03.26 09:14:34.838,0.7806,0.7807,0.20,0.30
2008.03.26 09:14:35.100,0.7806,0.7807,0.20,0.30
2008.03.26 09:14:35.365,0.7806,0.7807,0.20,0.30
2008.03.26 09:14:35.660,0.7806,0.78075,0.20,0.50
2008.03.26 09:14:35.955,0.7806,0.78075,0.20,0.50
2008.03.26 09:14:36.249,0.7806,0.78075,0.20,0.50
2008.03.26 09:14:36.543,0.7806,0.78075,0.20,0.50
2008.03.26 09:14:36.836,0.7806,0.78075,0.20,0.50
2008.03.26 09:14:37.144,0.7806,0.78075,0.60,0.50
2008.03.26 09:14:37.437,0.7806,0.78075,0.60,0.50
2008.03.26 09:14:37.712,0.7806,0.78075,0.60,0.30
2008.03.26 09:14:37.986,0.7806,0.78075,0.60,0.30
2008.03.26 09:14:38.260,0.7806,0.78075,0.60,0.30
2008.03.26 09:14:38.535,0.7806,0.78075,0.60,0.50
2008.03.26 09:14:38.850,0.7806,0.78075,0.60,0.30
2008.03.26 09:14:39.164,0.7806,0.78075,0.60,0.30
2008.03.26 09:14:39.480,0.7806,0.78075,0.60,0.50
2008.03.26 09:14:39.714,0.7806,0.78075,0.60,0.50
2008.03.26 09:14:39.948,0.7806,0.78075,0.60,0.50
2008.03.26 09:14:40.185,0.7806,0.78075,0.60,0.30
2008.03.26 09:14:40.418,0.7806,0.78075,0.60,0.30
2008.03.26 09:14:40.654,0.7806,0.78075,0.60,0.50
2008.03.26 09:14:40.988,0.7806,0.78075,0.60,0.50
2008.03.26 09:14:41.321,0.7806,0.78075,0.20,0.50
2008.03.26 09:14:41.661,0.7806,0.78075,0.20,0.50
2008.03.26 09:14:41.929,0.7806,0.78075,0.20,0.50
2008.03.26 09:14:42.204,0.7806,0.78075,0.20,0.50
2008.03.26 09:14:42.456,0.7806,0.78075,0.20,0.50
2008.03.26 09:14:42.722,0.7806,0.78075,0.20,0.50
2008.03.26 09:14:43.028,0.7806,0.78075,0.20,0.50
2008.03.26 09:14:43.331,0.7806,0.78075,0.20,0.50
2008.03.26 09:14:43.637,0.7806,0.78075,0.60,0.50
2008.03.26 09:14:43.900,0.7806,0.78075,0.60,0.50
2008.03.26 09:14:44.166,0.7806,0.78075,0.60,0.30
2008.03.26 09:14:44.430,0.7806,0.78075,0.60,0.30
2008.03.26 09:14:44.695,0.7807,0.78075,0.20,0.30
2008.03.26 09:14:44.956,0.7807,0.7808,0.20,0.50
2008.03.26 09:14:45.216,0.7807,0.7808,0.20,0.50
2008.03.26 09:14:45.475,0.7807,0.7808,0.20,0.50
2008.03.26 09:14:45.733,0.7807,0.7808,0.20,0.50
2008.03.26 09:14:46.021,0.7807,0.7808,0.20,0.50
2008.03.26 09:14:46.322,0.7807,0.7808,0.20,0.50
2008.03.26 09:14:46.599,0.7807,0.7808,0.20,0.50
2008.03.26 09:14:46.898,0.7807,0.7808,0.20,0.50
2008.03.26 09:14:47.186,0.7807,0.7808,0.20,0.50
2008.03.26 09:14:47.476,0.7807,0.7808,0.20,0.50
2008.03.26 09:14:47.766,0.7807,0.7808,0.20,0.50
2008.03.26 09:14:48.010,0.7807,0.78085,0.60,7.20
2008.03.26 09:14:48.256,0.7807,0.78085,0.60,0.80
2008.03.26 09:14:48.502,0.7807,0.78085,0.60,0.80
2008.03.26 09:14:48.747,0.7807,0.78085,0.60,0.80
2008.03.26 09:14:49.077,0.7807,0.78085,0.60,0.80
2008.03.26 09:14:49.407,0.7807,0.78085,0.60,0.30
2008.03.26 09:14:49.735,0.7807,0.78085,0.60,0.30
2008.03.26 09:14:49.974,0.7807,0.78085,0.60,0.30
2008.03.26 09:14:50.212,0.7807,0.78085,0.60,0.30
2008.03.26 09:14:50.452,0.7807,0.78085,0.20,0.50
2008.03.26 09:14:50.691,0.7807,0.78085,0.20,0.50
2008.03.26 09:14:51.017,0.7807,0.78085,0.60,0.50
2008.03.26 09:14:51.343,0.7807,0.78085,0.60,0.50
2008.03.26 09:14:51.667,0.7807,0.78085,0.60,0.30
2008.03.26 09:14:51.932,0.7807,0.78085,0.60,0.30
2008.03.26 09:14:52.196,0.7807,0.7809,0.60,5.40
2008.03.26 09:14:52.460,0.7807,0.7809,0.60,5.40
2008.03.26 09:14:52.725,0.7807,0.7809,0.60,5.40
2008.03.26 09:14:53.035,0.7807,0.7809,0.60,5.40
2008.03.26 09:14:53.343,0.78075,0.7809,0.20,5.40
2008.03.26 09:14:53.652,0.78075,0.7809,0.20,5.40
2008.03.26 09:14:53.961,0.78075,0.7809,0.20,5.20
2008.03.26 09:14:54.195,0.7807,0.7809,0.60,5.40
2008.03.26 09:14:54.429,0.7807,0.7809,0.60,5.40
2008.03.26 09:14:54.664,0.7807,0.7809,0.60,5.40
2008.03.26 09:14:54.972,0.7807,0.7809,0.60,5.40
2008.03.26 09:14:55.283,0.7807,0.78085,0.60,0.20
2008.03.26 09:14:55.592,0.7807,0.7809,0.60,5.40
2008.03.26 09:14:55.901,0.7807,0.7809,0.60,5.40
2008.03.26 09:14:56.150,0.7807,0.7809,0.60,5.40
2008.03.26 09:14:56.399,0.7807,0.7809,0.60,5.40
2008.03.26 09:14:56.650,0.7807,0.7809,0.60,5.40
2008.03.26 09:14:56.899,0.7807,0.7809,0.60,5.40
2008.03.26 09:14:57.234,0.7807,0.7809,0.60,5.40
2008.03.26 09:14:57.580,0.7807,0.7809,0.60,5.40
2008.03.26 09:14:57.914,0.78075,0.7809,0.40,5.40
2008.03.26 09:14:58.161,0.7807,0.7809,0.60,5.40
2008.03.26 09:14:58.406,0.78075,0.7809,0.40,5.40
2008.03.26 09:14:58.631,0.7808,0.7809,0.20,1.40
2008.03.26 09:14:58.866,0.7808,0.7809,0.20,1.20
2008.03.26 09:14:59.202,0.7808,0.7809,0.60,0.30
2008.03.26 09:14:59.548,0.78085,0.7809,0.40,0.30
2008.03.26 09:14:59.883,0.78085,0.781,2.70,0.60
2008.03.26 09:15:00.116,0.78085,0.781,2.70,0.60
2008.03.26 09:15:00.351,0.78085,0.781,2.70,0.60
2008.03.26 09:15:00.587,0.7809,0.781,0.20,0.30
2008.03.26 09:15:00.822,0.7809,0.781,0.20,0.30
2008.03.26 09:15:01.116,0.7809,0.781,0.20,0.20
2008.03.26 09:15:01.411,0.7809,0.781,0.20,0.60
2008.03.26 09:15:01.705,0.7809,0.781,0.20,0.60
2008.03.26 09:15:01.999,0.7809,0.781,0.20,0.60
2008.03.26 09:15:02.293,0.7809,0.781,0.20,0.60
2008.03.26 09:15:02.586,0.7809,0.781,0.20,0.60
2008.03.26 09:15:02.881,0.7809,0.781,0.20,0.60
2008.03.26 09:15:03.176,0.78085,0.781,2.40,0.60
2008.03.26 09:15:03.480,0.78085,0.781,2.40,0.60
2008.03.26 09:15:03.784,0.78085,0.781,2.40,0.60
2008.03.26 09:15:04.089,0.78085,0.781,2.40,0.60
2008.03.26 09:15:04.323,0.78085,0.781,2.40,0.60
2008.03.26 09:15:04.559,0.78085,0.78095,2.40,12.10
2008.03.26 09:15:04.793,0.78075,0.78095,0.60,16.40
2008.03.26 09:15:05.027,0.78075,0.7809,0.60,0.20
2008.03.26 09:15:05.262,0.78075,0.7809,0.60,0.50
2008.03.26 09:15:05.593,0.78075,0.7809,0.40,0.50
2008.03.26 09:15:05.925,0.78075,0.78085,0.40,0.60
2008.03.26 09:15:06.255,0.7807,0.78085,0.60,0.60
2008.03.26 09:15:06.493,0.7807,0.78085,0.60,0.60
2008.03.26 09:15:06.734,0.7807,0.78085,0.60,0.60
2008.03.26 09:15:06.975,0.7807,0.78085,0.60,0.60
2008.03.26 09:15:07.215,0.7807,0.78085,0.60,0.60
2008.03.26 09:15:07.559,0.7807,0.78085,0.60,0.60
2008.03.26 09:15:07.894,0.7807,0.78085,0.60,0.60
2008.03.26 09:15:08.229,0.78075,0.78095,14.00,0.20
2008.03.26 09:15:08.474,0.78075,0.78095,14.00,0.20
2008.03.26 09:15:08.720,0.7808,0.781,0.60,1.40
2008.03.26 09:15:08.966,0.78085,0.781,0.40,1.40
2008.03.26 09:15:09.212,0.78085,0.781,0.40,1.40
2008.03.26 09:15:09.531,0.7808,0.781,0.60,1.40
2008.03.26 09:15:09.864,0.7808,0.78095,0.60,12.00
2008.03.26 09:15:10.183,0.7808,0.78095,0.60,12.10
2008.03.26 09:15:10.423,0.7808,0.78095,0.40,12.10
2008.03.26 09:15:10.663,0.78085,0.78095,0.80,0.20
2008.03.26 09:15:10.907,0.78085,0.78095,0.20,0.20
2008.03.26 09:15:11.158,0.7808,0.78095,0.60,12.00
2008.03.26 09:15:11.398,0.7808,0.78095,0.60,12.00
2008.03.26 09:15:11.721,0.7808,0.78095,0.20,12.10
2008.03.26 09:15:12.041,0.78075,0.7809,0.20,0.20
2008.03.26 09:15:12.361,0.78075,0.78085,0.20,12.00
2008.03.26 09:15:12.633,0.78075,0.7809,0.20,0.50
2008.03.26 09:15:12.919,0.78075,0.7809,0.20,0.20
2008.03.26 09:15:13.172,0.78075,0.7809,0.20,0.20
2008.03.26 09:15:13.441,0.78075,0.7809,0.20,0.20
2008.03.26 09:15:13.720,0.7808,0.78095,0.20,12.40
2008.03.26 09:15:13.999,0.7808,0.78095,0.20,12.40
2008.03.26 09:15:14.279,0.7808,0.78095,0.40,0.20
2008.03.26 09:15:14.557,0.7808,0.78095,0.60,12.00
2008.03.26 09:15:14.858,0.7808,0.78095,0.60,12.00
2008.03.26 09:15:15.157,0.7808,0.78095,0.60,12.00
2008.03.26 09:15:15.456,0.7808,0.78095,0.60,12.00
2008.03.26 09:15:15.710,0.7808,0.78095,0.60,12.00
2008.03.26 09:15:15.965,0.7808,0.78095,0.60,12.00
2008.03.26 09:15:16.219,0.7808,0.781,0.60,1.40
2008.03.26 09:15:16.474,0.7808,0.781,0.60,1.40
2008.03.26 09:15:16.784,0.7808,0.78095,0.60,12.00
2008.03.26 09:15:17.092,0.7808,0.78095,0.60,12.10
2008.03.26 09:15:17.402,0.7808,0.78095,0.60,12.00
2008.03.26 09:15:17.677,0.7808,0.78095,0.60,12.00
2008.03.26 09:15:17.950,0.7808,0.78095,0.60,12.00
2008.03.26 09:15:18.224,0.7808,0.78095,0.60,12.00
2008.03.26 09:15:18.498,0.7808,0.78095,0.60,12.00
2008.03.26 09:15:18.800,0.78085,0.781,0.60,0.90
2008.03.26 09:15:19.111,0.78085,0.781,1.20,0.80
2008.03.26 09:15:19.413,0.78085,0.781,0.60,1.20
2008.03.26 09:15:19.687,0.7809,0.781,0.20,1.20
2008.03.26 09:15:19.963,0.7809,0.781,0.20,1.20
2008.03.26 09:15:20.240,0.7809,0.781,0.20,1.00
2008.03.26 09:15:20.515,0.7809,0.781,0.20,0.30
2008.03.26 09:15:20.789,0.7809,0.781,0.20,0.30
2008.03.26 09:15:21.065,0.7809,0.781,0.20,0.30
2008.03.26 09:15:21.339,0.7809,0.781,0.20,0.30
2008.03.26 09:15:21.625,0.7809,0.78105,0.40,15.30
2008.03.26 09:15:21.933,0.7809,0.78105,0.40,15.30
2008.03.26 09:15:22.243,0.78095,0.78105,0.20,12.80
2008.03.26 09:15:22.552,0.78095,0.78105,0.20,12.90
2008.03.26 09:15:22.818,0.7809,0.78105,0.60,15.30
2008.03.26 09:15:23.083,0.7809,0.78105,0.60,15.30
2008.03.26 09:15:23.359,0.7809,0.78105,0.60,15.30
2008.03.26 09:15:23.632,0.7809,0.78105,0.60,15.30
2008.03.26 09:15:23.936,0.7809,0.78105,0.60,15.30
2008.03.26 09:15:24.218,0.7809,0.78105,0.60,15.30
2008.03.26 09:15:24.512,0.7809,0.78105,0.60,14.50
2008.03.26 09:15:24.812,0.7809,0.78105,0.60,12.00
2008.03.26 09:15:25.101,0.7809,0.78105,0.60,12.10
2008.03.26 09:15:25.389,0.7809,0.78105,0.60,12.10
2008.03.26 09:15:25.691,0.7809,0.78105,0.60,12.10
2008.03.26 09:15:25.962,0.7809,0.78105,0.60,12.10
2008.03.26 09:15:26.221,0.7809,0.78105,0.60,12.00
2008.03.26 09:15:26.480,0.7809,0.78105,0.60,12.10
2008.03.26 09:15:26.739,0.7809,0.78105,0.60,18.50
2008.03.26 09:15:27.053,0.7809,0.78105,0.60,14.50
2008.03.26 09:15:27.368,0.7809,0.78105,0.60,14.50
2008.03.26 09:15:27.684,0.7809,0.78105,0.60,14.50
2008.03.26 09:15:27.923,0.7809,0.78105,0.60,14.50
2008.03.26 09:15:28.163,0.7809,0.78105,0.60,12.00
2008.03.26 09:15:28.415,0.7809,0.78105,0.60,14.40
2008.03.26 09:15:28.643,0.7809,0.781,0.40,0.30
2008.03.26 09:15:28.977,0.7809,0.781,0.40,0.30
2008.03.26 09:15:29.313,0.7809,0.78105,0.60,14.50
2008.03.26 09:15:29.649,0.7809,0.781,0.40,0.30
2008.03.26 09:15:29.895,0.7809,0.781,0.40,0.30
2008.03.26 09:15:30.140,0.7809,0.781,0.60,0.30
2008.03.26 09:15:30.385,0.7809,0.781,0.60,0.30
2008.03.26 09:15:30.629,0.7809,0.781,0.60,0.30
2008.03.26 09:15:30.925,0.7809,0.781,0.40,0.30
2008.03.26 09:15:31.219,0.7809,0.781,0.40,0.30
2008.03.26 09:15:31.515,0.7809,0.781,0.40,0.30
2008.03.26 09:15:31.809,0.7809,0.781,0.40,0.30
2008.03.26 09:15:32.112,0.7809,0.781,0.60,0.30
2008.03.26 09:15:32.417,0.7809,0.78105,0.40,2.50
2008.03.26 09:15:32.722,0.7809,0.781,0.40,0.30
2008.03.26 09:15:32.986,0.7809,0.781,0.60,0.30
2008.03.26 09:15:33.250,0.7809,0.78105,0.60,4.80
2008.03.26 09:15:33.514,0.7809,0.78105,0.60,2.40
2008.03.26 09:15:33.778,0.7809,0.78105,0.60,2.40
2008.03.26 09:15:34.087,0.7809,0.781,0.40,0.30
2008.03.26 09:15:34.396,0.7809,0.781,0.40,0.30
2008.03.26 09:15:34.721,0.7809,0.781,0.20,0.30
2008.03.26 09:15:34.986,0.7809,0.781,0.20,0.30
2008.03.26 09:15:35.239,0.7809,0.781,0.20,0.30
2008.03.26 09:15:35.493,0.7809,0.781,0.20,0.30
2008.03.26 09:15:35.746,0.7809,0.781,0.20,0.30
2008.03.26 09:15:36.035,0.7809,0.781,0.20,0.30
2008.03.26 09:15:36.325,0.7809,0.781,0.20,0.30
2008.03.26 09:15:36.614,0.7809,0.781,0.20,0.30
2008.03.26 09:15:36.903,0.7809,0.781,0.20,0.30
2008.03.26 09:15:37.197,0.7809,0.781,0.20,0.30
2008.03.26 09:15:37.490,0.7809,0.781,0.20,0.30
2008.03.26 09:15:37.785,0.7809,0.781,0.20,0.30
2008.03.26 09:15:38.044,0.7809,0.781,0.20,0.50
2008.03.26 09:15:38.304,0.78085,0.781,0.60,0.50
2008.03.26 09:15:38.564,0.78085,0.781,0.20,0.50
2008.03.26 09:15:38.822,0.78085,0.781,0.20,0.50
2008.03.26 09:15:39.106,0.78085,0.781,0.20,0.50
2008.03.26 09:15:39.389,0.78085,0.781,0.20,0.50
2008.03.26 09:15:39.673,0.78085,0.781,0.20,0.60
2008.03.26 09:15:39.956,0.78085,0.781,0.20,0.60
2008.03.26 09:15:40.239,0.78085,0.781,0.20,0.60
2008.03.26 09:15:40.522,0.78085,0.781,0.20,0.60
2008.03.26 09:15:40.807,0.78085,0.781,0.20,0.60
2008.03.26 09:15:41.081,0.78085,0.781,0.20,0.60
2008.03.26 09:15:41.355,0.78085,0.781,0.20,0.50
2008.03.26 09:15:41.629,0.78085,0.781,0.20,0.50
2008.03.26 09:15:41.904,0.78085,0.781,0.20,0.50
2008.03.26 09:15:42.206,0.7808,0.781,0.60,0.60
2008.03.26 09:15:42.500,0.7808,0.781,0.60,0.60
2008.03.26 09:15:42.795,0.78085,0.781,0.60,0.60
2008.03.26 09:15:43.090,0.78085,0.781,0.60,0.50
2008.03.26 09:15:43.361,0.78085,0.781,0.60,0.50
2008.03.26 09:15:43.630,0.78085,0.781,0.20,0.50
2008.03.26 09:15:43.900,0.78085,0.781,0.20,0.50
2008.03.26 09:15:44.183,0.78085,0.781,0.20,0.50
2008.03.26 09:15:44.467,0.78085,0.781,0.20,0.50
2008.03.26 09:15:44.751,0.78085,0.781,0.20,0.50
2008.03.26 09:15:45.036,0.78085,0.781,0.20,0.50
2008.03.26 09:15:45.332,0.78085,0.781,0.20,0.50
2008.03.26 09:15:45.626,0.7808,0.781,0.60,0.50
2008.03.26 09:15:45.921,0.7808,0.781,0.60,0.50
2008.03.26 09:15:46.215,0.7808,0.781,0.60,0.50
2008.03.26 09:15:46.463,0.7808,0.781,0.60,0.50
2008.03.26 09:15:46.712,0.7808,0.781,0.60,0.50
2008.03.26 09:15:46.962,0.7808,0.781,0.60,0.50
2008.03.26 09:15:47.287,0.78085,0.781,0.20,0.50
2008.03.26 09:15:47.597,0.78085,0.781,0.60,0.30
2008.03.26 09:15:47.912,0.7809,0.781,0.20,0.30
2008.03.26 09:15:48.227,0.7809,0.781,0.20,0.30
2008.03.26 09:15:48.487,0.7809,0.781,0.20,0.30
2008.03.26 09:15:48.746,0.7809,0.781,0.20,0.30
2008.03.26 09:15:49.021,0.7809,0.78105,0.60,9.80
2008.03.26 09:15:49.286,0.7809,0.78105,0.60,3.20
2008.03.26 09:15:49.564,0.7809,0.78105,0.60,2.40
2008.03.26 09:15:49.832,0.7809,0.78105,0.60,2.40
2008.03.26 09:15:50.106,0.7809,0.78105,0.60,2.40
2008.03.26 09:15:50.401,0.7809,0.78105,0.60,2.40
2008.03.26 09:15:50.698,0.7809,0.78105,0.60,2.40
2008.03.26 09:15:50.992,0.7809,0.78105,0.60,2.40
2008.03.26 09:15:51.264,0.7809,0.78105,0.60,2.40
2008.03.26 09:15:51.558,0.7809,0.78105,0.60,2.40
2008.03.26 09:15:51.842,0.7809,0.78105,0.60,2.40
2008.03.26 09:15:52.125,0.7809,0.78105,0.60,2.40
2008.03.26 09:15:52.404,0.7809,0.78105,0.60,2.40
2008.03.26 09:15:52.683,0.7809,0.781,0.60,0.30
2008.03.26 09:15:52.963,0.7809,0.781,0.60,0.30
2008.03.26 09:15:53.243,0.7809,0.781,0.40,0.30
2008.03.26 09:15:53.512,0.7809,0.781,0.40,0.30
2008.03.26 09:15:53.781,0.7809,0.781,0.20,0.30
2008.03.26 09:15:54.050,0.7809,0.781,0.20,0.30
2008.03.26 09:15:54.321,0.7809,0.781,0.20,0.30
2008.03.26 09:15:54.591,0.7809,0.781,0.20,0.30
2008.03.26 09:15:54.861,0.7809,0.781,0.20,0.30
2008.03.26 09:15:55.130,0.7809,0.781,0.20,0.30
2008.03.26 09:15:55.399,0.7809,0.781,0.20,0.30
2008.03.26 09:15:55.671,0.7809,0.781,0.20,0.30
2008.03.26 09:15:55.939,0.7809,0.781,0.20,0.30
2008.03.26 09:15:56.208,0.7809,0.781,0.20,0.30
2008.03.26 09:15:56.478,0.7809,0.781,0.20,0.30
2008.03.26 09:15:56.747,0.7809,0.781,0.20,0.30
2008.03.26 09:15:57.025,0.7809,0.781,0.20,0.30
2008.03.26 09:15:57.295,0.7809,0.781,0.60,0.30
2008.03.26 09:15:57.590,0.7809,0.781,0.20,0.30
2008.03.26 09:15:57.884,0.7809,0.781,0.40,0.30
2008.03.26 09:15:58.177,0.7809,0.781,0.40,0.30
2008.03.26 09:15:58.471,0.7809,0.781,0.20,0.30
2008.03.26 09:15:58.745,0.7809,0.781,0.20,0.30
2008.03.26 09:15:59.019,0.7809,0.781,0.20,0.30
2008.03.26 09:15:59.294,0.7809,0.781,0.20,0.30
2008.03.26 09:15:59.558,0.7809,0.781,0.20,0.30
2008.03.26 09:15:59.821,0.7809,0.781,0.20,0.30
2008.03.26 09:16:00.086,0.7809,0.781,0.20,0.30
2008.03.26 09:16:00.350,0.7809,0.781,0.20,0.30
2008.03.26 09:16:00.628,0.7809,0.781,0.40,0.30
2008.03.26 09:16:00.907,0.7809,0.781,0.40,0.30
2008.03.26 09:16:01.186,0.7809,0.781,0.40,0.30
2008.03.26 09:16:01.464,0.7809,0.781,0.40,0.30
2008.03.26 09:16:01.738,0.7809,0.781,0.40,0.30
2008.03.26 09:16:02.013,0.7809,0.781,0.40,0.30
2008.03.26 09:16:02.288,0.7809,0.781,0.40,0.30
2008.03.26 09:16:02.582,0.7809,0.781,0.40,0.30
2008.03.26 09:16:02.877,0.7809,0.781,0.20,0.30
2008.03.26 09:16:03.172,0.7809,0.781,0.20,0.30
2008.03.26 09:16:03.465,0.7809,0.781,0.20,0.30
2008.03.26 09:16:03.735,0.7809,0.781,0.20,0.30
2008.03.26 09:16:04.004,0.7809,0.781,0.20,0.30
2008.03.26 09:16:04.273,0.7809,0.781,0.40,0.30
2008.03.26 09:16:04.553,0.7809,0.781,0.60,0.30
2008.03.26 09:16:04.832,0.7809,0.781,0.60,0.30
2008.03.26 09:16:05.111,0.7809,0.781,0.60,0.30
2008.03.26 09:16:05.400,0.7809,0.781,0.60,0.30
2008.03.26 09:16:05.680,0.7809,0.781,0.60,0.30
2008.03.26 09:16:05.945,0.7809,0.78105,0.60,2.40
2008.03.26 09:16:06.216,0.7809,0.78105,0.60,2.40
2008.03.26 09:16:06.485,0.7809,0.78105,0.60,2.40
2008.03.26 09:16:06.768,0.7809,0.78105,0.60,2.40
2008.03.26 09:16:07.054,0.7809,0.781,0.60,0.30
2008.03.26 09:16:07.339,0.7809,0.78105,0.60,2.40
2008.03.26 09:16:07.643,0.7809,0.78105,0.60,4.80
2008.03.26 09:16:07.947,0.7809,0.781,0.60,0.30
2008.03.26 09:16:08.250,0.7809,0.781,0.60,0.30
2008.03.26 09:16:08.556,0.7809,0.781,0.60,0.30
2008.03.26 09:16:08.812,0.7809,0.781,0.60,0.30
2008.03.26 09:16:09.080,0.7809,0.781,0.60,0.30
2008.03.26 09:16:09.345,0.7809,0.781,0.60,0.30
2008.03.26 09:16:09.645,0.7809,0.781,0.40,0.30
2008.03.26 09:16:09.932,0.7809,0.781,0.40,0.30
2008.03.26 09:16:10.222,0.7809,0.781,0.40,0.30
2008.03.26 09:16:10.511,0.7809,0.781,0.40,0.30
2008.03.26 09:16:10.790,0.7809,0.781,0.40,0.30
2008.03.26 09:16:11.071,0.7809,0.781,0.40,0.30
2008.03.26 09:16:11.351,0.7809,0.781,0.40,0.30
2008.03.26 09:16:11.632,0.7809,0.781,0.40,0.30
2008.03.26 09:16:11.895,0.7809,0.781,0.40,0.30
2008.03.26 09:16:12.159,0.7809,0.781,0.40,0.30
2008.03.26 09:16:12.424,0.7809,0.781,0.40,0.30
2008.03.26 09:16:12.688,0.7809,0.781,0.40,0.30
2008.03.26 09:16:12.983,0.7809,0.781,0.40,0.30
2008.03.26 09:16:13.277,0.7809,0.781,0.40,0.30
2008.03.26 09:16:13.573,0.7809,0.781,0.40,0.30
2008.03.26 09:16:13.861,0.7809,0.781,0.40,0.30
2008.03.26 09:16:14.151,0.7809,0.781,0.40,0.30
2008.03.26 09:16:14.441,0.7809,0.781,0.40,0.30
2008.03.26 09:16:14.732,0.7809,0.78105,0.60,2.50
2008.03.26 09:16:14.991,0.7809,0.781,0.40,0.30
2008.03.26 09:16:15.251,0.7809,0.781,0.20,0.30
2008.03.26 09:16:15.509,0.7809,0.781,0.20,0.30
2008.03.26 09:16:15.795,0.78085,0.781,1.20,0.30
2008.03.26 09:16:16.079,0.78085,0.781,0.60,0.30
2008.03.26 09:16:16.364,0.78085,0.781,0.60,0.30
2008.03.26 09:16:16.648,0.78085,0.781,0.60,0.50
2008.03.26 09:16:16.937,0.78085,0.781,0.60,0.50
2008.03.26 09:16:17.226,0.78085,0.781,0.60,0.50
2008.03.26 09:16:17.514,0.78085,0.781,0.60,0.50
2008.03.26 09:16:17.814,0.78085,0.781,0.60,0.50
2008.03.26 09:16:18.081,0.78085,0.781,0.60,0.50
2008.03.26 09:16:18.350,0.78085,0.781,0.60,0.50
2008.03.26 09:16:18.618,0.78085,0.781,0.60,0.50
2008.03.26 09:16:18.893,0.78085,0.781,0.60,0.50
2008.03.26 09:16:19.168,0.78085,0.781,0.60,0.50
2008.03.26 09:16:19.442,0.7809,0.78105,0.20,25.20
2008.03.26 09:16:19.717,0.7809,0.78105,0.20,22.80
2008.03.26 09:16:20.005,0.78085,0.781,0.60,0.50
2008.03.26 09:16:20.294,0.78085,0.781,0.60,0.50
2008.03.26 09:16:20.583,0.78085,0.781,0.60,0.50
2008.03.26 09:16:20.872,0.78085,0.781,0.60,0.50
2008.03.26 09:16:21.140,0.78085,0.781,0.60,0.50
2008.03.26 09:16:21.410,0.78085,0.781,0.60,0.50
2008.03.26 09:16:21.679,0.78085,0.781,0.60,0.50
2008.03.26 09:16:21.948,0.78085,0.781,0.60,0.50
2008.03.26 09:16:22.246,0.78085,0.781,0.60,0.50
2008.03.26 09:16:22.544,0.78085,0.781,0.60,0.50
2008.03.26 09:16:22.844,0.78085,0.781,0.60,0.50
2008.03.26 09:16:23.122,0.78085,0.781,0.20,0.50
2008.03.26 09:16:23.402,0.78085,0.781,0.20,0.50
2008.03.26 09:16:23.680,0.78085,0.781,0.20,0.50
2008.03.26 09:16:23.957,0.78085,0.781,0.20,0.50
2008.03.26 09:16:24.211,0.78085,0.781,0.20,0.50
2008.03.26 09:16:24.464,0.78085,0.781,0.20,0.50
2008.03.26 09:16:24.717,0.78085,0.781,0.20,0.50
2008.03.26 09:16:24.970,0.78085,0.781,0.20,0.50
2008.03.26 09:16:25.274,0.78085,0.781,0.20,0.50
2008.03.26 09:16:25.579,0.78085,0.781,0.20,0.50
2008.03.26 09:16:25.882,0.78085,0.781,0.20,0.50
2008.03.26 09:16:26.157,0.78085,0.781,0.20,0.50
2008.03.26 09:16:26.431,0.78085,0.781,0.20,0.50
2008.03.26 09:16:26.706,0.7808,0.781,0.60,0.60
2008.03.26 09:16:26.981,0.7808,0.781,0.60,0.60
2008.03.26 09:16:27.270,0.7808,0.781,0.60,0.60
2008.03.26 09:16:27.558,0.7808,0.781,0.60,0.60
2008.03.26 09:16:27.847,0.7808,0.781,0.60,0.60
2008.03.26 09:16:28.126,0.78085,0.781,0.40,0.50
2008.03.26 09:16:28.405,0.78085,0.781,0.40,0.50
2008.03.26 09:16:28.685,0.78085,0.781,0.60,0.50
2008.03.26 09:16:28.963,0.78085,0.781,0.60,0.50
2008.03.26 09:16:29.237,0.78085,0.781,0.60,0.50
2008.03.26 09:16:29.511,0.78085,0.781,0.60,0.50
2008.03.26 09:16:29.786,0.7809,0.78105,0.20,25.20
2008.03.26 09:16:30.060,0.7809,0.78105,0.20,22.80
2008.03.26 09:16:30.346,0.7809,0.78105,0.20,22.80
2008.03.26 09:16:30.638,0.78085,0.781,0.60,0.30
2008.03.26 09:16:30.920,0.78085,0.781,0.60,0.30
2008.03.26 09:16:31.187,0.78085,0.781,0.60,0.30
2008.03.26 09:16:31.451,0.78085,0.781,0.60,0.30
2008.03.26 09:16:31.717,0.78085,0.781,0.60,0.30
2008.03.26 09:16:31.984,0.7809,0.78105,0.20,22.80
2008.03.26 09:16:32.316,0.78085,0.781,0.60,0.30
2008.03.26 09:16:32.646,0.78085,0.781,0.60,0.30
2008.03.26 09:16:32.976,0.78085,0.781,0.60,0.30
2008.03.26 09:16:33.210,0.78085,0.781,0.60,0.30
2008.03.26 09:16:33.444,0.78085,0.781,0.60,0.30
2008.03.26 09:16:33.681,0.78085,0.781,0.60,0.30
2008.03.26 09:16:33.904,0.78085,0.781,0.60,0.30
2008.03.26 09:16:34.128,0.78085,0.781,0.60,0.30
2008.03.26 09:16:34.462,0.78085,0.781,0.60,0.30
2008.03.26 09:16:34.797,0.78085,0.781,0.60,0.30
2008.03.26 09:16:35.130,0.78085,0.781,0.60,0.30
2008.03.26 09:16:35.358,0.78085,0.781,0.60,0.30
2008.03.26 09:16:35.587,0.78085,0.781,0.60,0.30
2008.03.26 09:16:35.816,0.78085,0.781,0.60,0.30
2008.03.26 09:16:36.045,0.78085,0.781,0.60,0.50
2008.03.26 09:16:36.379,0.78085,0.781,0.60,0.50
2008.03.26 09:16:36.713,0.78085,0.781,0.20,0.50
2008.03.26 09:16:37.048,0.78085,0.781,0.20,0.50
2008.03.26 09:16:37.312,0.78085,0.781,0.20,0.50
2008.03.26 09:16:37.575,0.78085,0.781,0.20,0.50
2008.03.26 09:16:37.839,0.78085,0.781,0.20,0.50
2008.03.26 09:16:38.105,0.78085,0.781,0.60,0.60
2008.03.26 09:16:38.399,0.7809,0.781,0.20,0.60
2008.03.26 09:16:38.693,0.7809,0.781,0.20,0.60
2008.03.26 09:16:38.987,0.7809,0.781,0.20,0.60
2008.03.26 09:16:39.282,0.7809,0.781,0.20,0.50
2008.03.26 09:16:39.566,0.7809,0.781,0.20,0.50
2008.03.26 09:16:39.850,0.7809,0.781,0.40,0.50
2008.03.26 09:16:40.134,0.7809,0.781,0.40,0.30
2008.03.26 09:16:40.392,0.7809,0.781,0.40,0.30
2008.03.26 09:16:40.653,0.7809,0.78105,0.60,16.40
2008.03.26 09:16:40.914,0.7809,0.78105,0.60,14.80
2008.03.26 09:16:41.184,0.7809,0.78105,0.40,14.80
2008.03.26 09:16:41.477,0.7809,0.78105,0.40,14.80
2008.03.26 09:16:41.772,0.7809,0.781,0.40,0.30
2008.03.26 09:16:42.067,0.7809,0.781,0.20,0.30
2008.03.26 09:16:42.362,0.7809,0.781,0.20,0.30
2008.03.26 09:16:42.666,0.7809,0.781,0.20,0.30
2008.03.26 09:16:42.969,0.7809,0.781,0.20,0.30
2008.03.26 09:16:43.273,0.7809,0.781,0.20,0.30
2008.03.26 09:16:43.522,0.7809,0.781,0.20,0.30
2008.03.26 09:16:43.772,0.7809,0.781,0.20,0.50
2008.03.26 09:16:44.021,0.7809,0.781,0.20,0.60
2008.03.26 09:16:44.272,0.7809,0.781,0.20,0.60
2008.03.26 09:16:44.561,0.78085,0.781,0.20,0.60
2008.03.26 09:16:44.850,0.78085,0.781,0.20,0.60
2008.03.26 09:16:45.138,0.78085,0.781,0.20,0.60
2008.03.26 09:16:45.402,0.78085,0.781,0.20,0.60
2008.03.26 09:16:45.666,0.78085,0.781,0.20,0.60
2008.03.26 09:16:45.931,0.78085,0.781,0.20,0.60
2008.03.26 09:16:46.194,0.78085,0.781,0.20,0.60
2008.03.26 09:16:46.479,0.78085,0.781,0.20,0.60
2008.03.26 09:16:46.773,0.78085,0.781,0.20,0.60
2008.03.26 09:16:47.067,0.78085,0.781,0.20,0.60
2008.03.26 09:16:47.362,0.78085,0.781,0.20,0.60
2008.03.26 09:16:47.666,0.78085,0.781,0.20,0.60
2008.03.26 09:16:47.980,0.78085,0.781,0.20,0.60
2008.03.26 09:16:48.295,0.78085,0.781,0.20,0.60
2008.03.26 09:16:48.504,0.78085,0.781,0.20,0.60
2008.03.26 09:16:48.716,0.78085,0.781,0.20,0.60
2008.03.26 09:16:48.936,0.78085,0.781,0.20,0.60
2008.03.26 09:16:49.145,0.78085,0.781,0.20,0.60
2008.03.26 09:16:49.355,0.78085,0.781,0.20,0.60
2008.03.26 09:16:49.688,0.78085,0.781,0.20,0.60
2008.03.26 09:16:50.024,0.78085,0.781,0.20,0.60
2008.03.26 09:16:50.357,0.78085,0.781,0.20,0.60
2008.03.26 09:16:50.602,0.78085,0.781,0.20,0.60
2008.03.26 09:16:50.847,0.78085,0.781,0.20,0.60
2008.03.26 09:16:51.092,0.78085,0.781,0.20,0.60
2008.03.26 09:16:51.337,0.78085,0.781,0.20,0.60
2008.03.26 09:16:51.637,0.78085,0.781,0.20,0.60
2008.03.26 09:16:51.936,0.78085,0.78095,0.20,12.00
2008.03.26 09:16:52.243,0.78085,0.78095,0.20,12.00
2008.03.26 09:16:52.537,0.78085,0.78095,0.20,12.00
2008.03.26 09:16:52.832,0.78085,0.78095,0.20,12.00
2008.03.26 09:16:53.125,0.78085,0.78095,0.20,12.00
2008.03.26 09:16:53.432,0.78085,0.78095,0.20,12.00
2008.03.26 09:16:53.691,0.78085,0.78095,0.20,12.00
2008.03.26 09:16:53.948,0.78085,0.78095,0.20,12.00
2008.03.26 09:16:54.206,0.78085,0.78095,0.20,12.00
2008.03.26 09:16:54.467,0.78085,0.78095,0.20,12.10
2008.03.26 09:16:54.756,0.7808,0.78095,0.60,12.10
2008.03.26 09:16:55.045,0.7808,0.78095,0.60,12.00
2008.03.26 09:16:55.334,0.78085,0.78095,0.20,12.00
2008.03.26 09:16:55.598,0.78085,0.78095,0.20,12.00
2008.03.26 09:16:55.862,0.7808,0.78095,0.60,12.00
2008.03.26 09:16:56.126,0.7808,0.78095,0.40,14.50
2008.03.26 09:16:56.392,0.78085,0.7809,0.20,0.30
2008.03.26 09:16:56.655,0.78085,0.7809,0.20,0.30
2008.03.26 09:16:56.940,0.78085,0.7809,0.20,0.30
2008.03.26 09:16:57.224,0.78085,0.7809,0.20,0.30
2008.03.26 09:16:57.508,0.78085,0.7809,0.20,0.30
2008.03.26 09:16:57.812,0.78085,0.7809,0.20,0.30
2008.03.26 09:16:58.117,0.78085,0.7809,0.20,0.30
2008.03.26 09:16:58.430,0.78085,0.7809,0.20,0.30
2008.03.26 09:16:58.669,0.78085,0.7809,0.20,0.30
2008.03.26 09:16:58.908,0.7808,0.7809,0.60,0.30
2008.03.26 09:16:59.148,0.7808,0.7809,0.60,0.30
2008.03.26 09:16:59.387,0.7808,0.78095,0.60,14.60
2008.03.26 09:16:59.625,0.78085,0.78095,0.20,14.60
2008.03.26 09:16:59.952,0.7808,0.7809,0.40,0.30
2008.03.26 09:17:00.276,0.7808,0.7809,0.40,0.30
2008.03.26 09:17:00.601,0.7808,0.7809,0.40,0.30
2008.03.26 09:17:00.839,0.7808,0.7809,0.40,0.30
2008.03.26 09:17:01.078,0.7808,0.7809,0.40,0.30
2008.03.26 09:17:01.319,0.7808,0.7809,0.60,0.30
2008.03.26 09:17:01.559,0.7808,0.7809,0.60,0.30
2008.03.26 09:17:01.863,0.7808,0.78095,0.60,16.20
2008.03.26 09:17:02.168,0.7808,0.7809,0.40,0.20
2008.03.26 09:17:02.473,0.7808,0.7809,0.20,0.50
2008.03.26 09:17:02.753,0.78075,0.7809,2.80,0.60
2008.03.26 09:17:03.037,0.7808,0.7809,0.20,0.60
2008.03.26 09:17:03.315,0.7808,0.7809,0.20,0.60
2008.03.26 09:17:03.594,0.7808,0.7809,0.20,0.60
2008.03.26 09:17:03.847,0.7808,0.7809,0.20,0.60
2008.03.26 09:17:04.102,0.7808,0.7809,0.20,0.60
2008.03.26 09:17:04.359,0.7808,0.7809,0.20,0.60
2008.03.26 09:17:04.625,0.7808,0.7809,0.20,0.60
2008.03.26 09:17:04.944,0.7808,0.7809,0.20,0.60
2008.03.26 09:17:05.259,0.7808,0.7809,0.20,0.60
2008.03.26 09:17:05.572,0.7808,0.7809,0.20,0.60
2008.03.26 09:17:05.877,0.7808,0.7809,0.20,0.60
2008.03.26 09:17:06.136,0.7808,0.7809,0.20,0.60
2008.03.26 09:17:06.397,0.7808,0.78085,0.20,0.30
2008.03.26 09:17:06.661,0.7808,0.78085,0.20,0.30
2008.03.26 09:17:06.942,0.7808,0.7809,0.20,0.60
2008.03.26 09:17:07.220,0.7808,0.7809,0.20,0.60
2008.03.26 09:17:07.512,0.7808,0.7809,0.20,0.60
2008.03.26 09:17:07.794,0.7808,0.7809,0.20,0.30
2008.03.26 09:17:08.108,0.7808,0.7809,0.20,0.30
2008.03.26 09:17:08.418,0.7808,0.7809,0.20,0.60
2008.03.26 09:17:08.723,0.7808,0.7809,0.20,0.60
2008.03.26 09:17:08.987,0.78075,0.7809,0.20,0.60
2008.03.26 09:17:09.251,0.78075,0.7809,0.20,0.60
2008.03.26 09:17:09.515,0.78075,0.7809,0.20,0.60
2008.03.26 09:17:09.779,0.7807,0.78085,0.60,0.30
2008.03.26 09:17:10.067,0.7807,0.78085,0.60,0.30
2008.03.26 09:17:10.359,0.78075,0.7809,0.20,0.60
2008.03.26 09:17:10.647,0.78075,0.7809,0.20,0.60
2008.03.26 09:17:10.937,0.78075,0.7809,0.20,0.60
2008.03.26 09:17:11.222,0.78075,0.7809,0.60,0.60
2008.03.26 09:17:11.507,0.7808,0.7809,0.20,0.60
2008.03.26 09:17:11.791,0.7808,0.7809,0.20,0.60
2008.03.26 09:17:12.103,0.78075,0.7809,0.60,0.60
2008.03.26 09:17:12.402,0.78075,0.7809,0.60,0.60
2008.03.26 09:17:12.700,0.78075,0.7809,0.60,0.60
2008.03.26 09:17:12.977,0.78075,0.7809,0.60,0.60
2008.03.26 09:17:13.250,0.78075,0.7809,0.60,0.60
2008.03.26 09:17:13.523,0.78075,0.7809,0.60,0.60
2008.03.26 09:17:13.798,0.7808,0.7809,0.20,0.60
2008.03.26 09:17:14.082,0.7808,0.7809,0.20,0.60
2008.03.26 09:17:14.368,0.7808,0.7809,0.20,0.60
2008.03.26 09:17:14.651,0.7808,0.7809,0.20,0.60
2008.03.26 09:17:14.937,0.7808,0.7809,0.20,0.60
2008.03.26 09:17:15.233,0.7808,0.7809,0.20,0.60
2008.03.26 09:17:15.525,0.7808,0.7809,0.20,0.60
2008.03.26 09:17:15.819,0.7808,0.7809,0.20,0.60
2008.03.26 09:17:16.083,0.7808,0.7809,0.20,0.60
2008.03.26 09:17:16.347,0.7808,0.7809,0.20,0.60
2008.03.26 09:17:16.611,0.7808,0.7809,0.20,0.60
2008.03.26 09:17:16.875,0.7808,0.7809,0.20,0.60
2008.03.26 09:17:17.185,0.7808,0.7809,0.20,0.60
2008.03.26 09:17:17.495,0.7808,0.7809,0.20,0.60
2008.03.26 09:17:17.803,0.7808,0.7809,0.20,0.60
2008.03.26 09:17:18.053,0.7808,0.7809,0.20,0.60
2008.03.26 09:17:18.313,0.7808,0.7809,0.20,0.60
2008.03.26 09:17:18.563,0.78075,0.7809,2.70,0.60
2008.03.26 09:17:18.813,0.7808,0.7809,0.20,0.60
2008.03.26 09:17:19.123,0.7808,0.7809,0.20,0.60
2008.03.26 09:17:19.421,0.7808,0.7809,0.20,0.60
2008.03.26 09:17:19.722,0.7808,0.7809,0.20,0.60
2008.03.26 09:17:20.023,0.7808,0.7809,0.20,0.60
2008.03.26 09:17:20.313,0.7808,0.78095,0.40,16.40
2008.03.26 09:17:20.603,0.7808,0.78095,0.40,16.40
2008.03.26 09:17:20.892,0.7808,0.78095,0.60,16.20
2008.03.26 09:17:21.142,0.7808,0.78095,0.60,16.20
2008.03.26 09:17:21.392,0.7808,0.78095,0.60,16.40
2008.03.26 09:17:21.642,0.7808,0.7809,0.40,0.30
2008.03.26 09:17:21.892,0.7808,0.7809,0.40,0.30
2008.03.26 09:17:22.226,0.7808,0.7809,0.40,0.30
2008.03.26 09:17:22.561,0.7808,0.7809,0.60,0.30
2008.03.26 09:17:22.895,0.7808,0.7809,0.40,0.30
2008.03.26 09:17:23.140,0.7808,0.7809,0.40,0.30
2008.03.26 09:17:23.385,0.7808,0.7809,0.40,0.30
2008.03.26 09:17:23.628,0.7808,0.7809,0.40,0.30
2008.03.26 09:17:23.873,0.7808,0.7809,0.40,0.30
2008.03.26 09:17:24.186,0.7808,0.7809,0.40,0.30
2008.03.26 09:17:24.501,0.7808,0.7809,0.40,0.30
2008.03.26 09:17:24.814,0.7808,0.7809,0.40,0.30
2008.03.26 09:17:25.129,0.7808,0.7809,0.40,0.30
2008.03.26 09:17:25.383,0.7808,0.7809,0.40,0.30
2008.03.26 09:17:25.648,0.7808,0.7809,0.40,0.30
2008.03.26 09:17:25.903,0.7808,0.7809,0.40,0.30
2008.03.26 09:17:26.179,0.7808,0.7809,0.40,0.30
2008.03.26 09:17:26.453,0.7808,0.7809,0.40,0.30
2008.03.26 09:17:26.729,0.7808,0.7809,0.40,0.30
2008.03.26 09:17:27.005,0.7808,0.7809,0.20,0.30
2008.03.26 09:17:27.326,0.7808,0.7809,0.20,0.30
2008.03.26 09:17:27.645,0.7808,0.7809,0.20,0.30
2008.03.26 09:17:27.976,0.7808,0.7809,0.20,0.30
2008.03.26 09:17:28.223,0.7808,0.7809,0.20,0.30
2008.03.26 09:17:28.483,0.7808,0.7809,0.20,0.30
2008.03.26 09:17:28.743,0.7808,0.7809,0.20,0.30
2008.03.26 09:17:29.002,0.7808,0.7809,0.20,0.30
2008.03.26 09:17:29.291,0.7808,0.7809,0.20,0.30
2008.03.26 09:17:29.581,0.7808,0.7809,0.20,0.30
2008.03.26 09:17:29.872,0.7808,0.78095,0.20,16.40
2008.03.26 09:17:30.161,0.7808,0.78095,0.20,16.40
2008.03.26 09:17:30.445,0.7808,0.78095,0.20,16.40
2008.03.26 09:17:30.729,0.7808,0.7809,0.20,0.50
2008.03.26 09:17:31.014,0.7808,0.7809,0.20,0.50
2008.03.26 09:17:31.289,0.7808,0.7809,0.20,0.30
2008.03.26 09:17:31.563,0.7808,0.7809,0.20,0.30
2008.03.26 09:17:31.837,0.7808,0.7809,0.20,0.30
2008.03.26 09:17:32.112,0.7808,0.7809,0.20,0.30
2008.03.26 09:17:32.436,0.7808,0.7809,0.20,0.30
2008.03.26 09:17:32.761,0.7808,0.7809,0.20,0.30
2008.03.26 09:17:33.087,0.7808,0.7809,0.20,0.30
2008.03.26 09:17:33.325,0.7808,0.7809,0.20,0.30
2008.03.26 09:17:33.564,0.7808,0.7809,0.20,0.30
2008.03.26 09:17:33.802,0.7808,0.7809,0.20,0.30
2008.03.26 09:17:34.041,0.7808,0.7809,0.20,0.30
2008.03.26 09:17:34.356,0.7808,0.7809,0.20,0.30
2008.03.26 09:17:34.671,0.7808,0.7809,0.20,0.30
2008.03.26 09:17:34.997,0.7808,0.7809,0.20,0.30
2008.03.26 09:17:35.311,0.7808,0.7809,0.60,0.30
2008.03.26 09:17:35.566,0.7808,0.78095,0.60,18.80
2008.03.26 09:17:35.813,0.7808,0.7809,0.20,0.30
2008.03.26 09:17:36.058,0.7808,0.7809,0.20,0.30
2008.03.26 09:17:36.374,0.7808,0.7809,0.20,0.30
2008.03.26 09:17:36.690,0.7808,0.7809,0.20,0.30
2008.03.26 09:17:37.002,0.7808,0.7809,0.20,0.30
2008.03.26 09:17:37.317,0.7808,0.78095,0.40,16.40
2008.03.26 09:17:37.615,0.7808,0.78095,0.40,16.40
2008.03.26 09:17:37.915,0.7808,0.78095,0.40,16.40
2008.03.26 09:17:38.215,0.7808,0.7809,0.20,0.60
2008.03.26 09:17:38.474,0.7808,0.7809,0.20,0.60
2008.03.26 09:17:38.722,0.7808,0.7809,0.20,0.60
2008.03.26 09:17:38.970,0.7808,0.7809,0.20,0.60
2008.03.26 09:17:39.218,0.7808,0.7809,0.20,0.60
2008.03.26 09:17:39.513,0.7808,0.7809,0.20,0.60
2008.03.26 09:17:39.806,0.7808,0.7809,0.20,0.60
2008.03.26 09:17:40.100,0.7808,0.7809,0.20,0.60
2008.03.26 09:17:40.394,0.7808,0.7809,0.20,0.60
2008.03.26 09:17:40.663,0.7808,0.7809,0.20,0.60
2008.03.26 09:17:40.942,0.7808,0.7809,0.20,0.60
2008.03.26 09:17:41.210,0.7808,0.7809,0.20,0.60
2008.03.26 09:17:41.478,0.7808,0.7809,0.20,0.60
2008.03.26 09:17:41.749,0.7808,0.7809,0.20,0.60
2008.03.26 09:17:42.019,0.7808,0.7809,0.20,0.60
2008.03.26 09:17:42.293,0.7808,0.7809,0.20,0.60
2008.03.26 09:17:42.562,0.7808,0.7809,0.20,0.60
2008.03.26 09:17:42.832,0.7808,0.7809,0.20,0.30
2008.03.26 09:17:43.099,0.7808,0.7809,0.20,0.30
2008.03.26 09:17:43.369,0.7808,0.7809,0.20,0.60
2008.03.26 09:17:43.649,0.7808,0.7809,0.20,0.60
2008.03.26 09:17:43.928,0.7808,0.7809,0.20,0.60
2008.03.26 09:17:44.206,0.7808,0.7809,0.20,0.60
2008.03.26 09:17:44.486,0.7808,0.7809,0.20,0.60
2008.03.26 09:17:44.770,0.78075,0.7809,0.60,0.60
2008.03.26 09:17:45.062,0.78075,0.7809,0.60,0.60
2008.03.26 09:17:45.330,0.78075,0.7809,0.60,0.60
2008.03.26 09:17:45.608,0.78075,0.7809,0.60,0.60
2008.03.26 09:17:45.862,0.78075,0.7809,0.60,0.60
2008.03.26 09:17:46.117,0.78075,0.7809,0.60,0.60
2008.03.26 09:17:46.372,0.78075,0.7809,0.60,0.60
2008.03.26 09:17:46.635,0.78075,0.7809,0.60,0.60
2008.03.26 09:17:46.900,0.78075,0.7809,0.60,0.60
2008.03.26 09:17:47.175,0.7808,0.7809,0.20,0.30
2008.03.26 09:17:47.427,0.7808,0.7809,0.20,0.30
2008.03.26 09:17:47.731,0.7808,0.7809,0.20,0.30
2008.03.26 09:17:48.037,0.7808,0.7809,0.40,0.30
2008.03.26 09:17:48.342,0.7808,0.7809,0.40,0.30
2008.03.26 09:17:48.646,0.7808,0.7809,0.40,0.30
2008.03.26 09:17:48.915,0.7808,0.7809,0.40,0.30
2008.03.26 09:17:49.184,0.7808,0.7809,0.40,0.30
2008.03.26 09:17:49.455,0.7808,0.7809,0.40,0.30
2008.03.26 09:17:49.699,0.7808,0.7809,0.40,0.30
2008.03.26 09:17:49.943,0.7808,0.7809,0.40,0.30
2008.03.26 09:17:50.187,0.7808,0.7809,0.40,0.30
2008.03.26 09:17:50.435,0.7808,0.7809,0.40,0.30
2008.03.26 09:17:50.760,0.7808,0.7809,0.40,0.30
2008.03.26 09:17:51.073,0.7808,0.7809,0.40,0.30
2008.03.26 09:17:51.386,0.7808,0.7809,0.40,0.30
2008.03.26 09:17:51.766,0.7808,0.7809,0.40,0.30
2008.03.26 09:17:52.013,0.7808,0.7809,0.40,0.30
2008.03.26 09:17:52.274,0.7808,0.7809,0.40,0.30
2008.03.26 09:17:52.534,0.78085,0.78095,0.20,1.70
2008.03.26 09:17:52.814,0.78085,0.78095,0.20,1.70
2008.03.26 09:17:53.095,0.78085,0.78095,0.20,1.70
2008.03.26 09:17:53.384,0.78085,0.78095,0.20,1.70
2008.03.26 09:17:53.663,0.78085,0.78095,0.20,1.70
2008.03.26 09:17:53.930,0.78085,0.78095,0.20,1.70
2008.03.26 09:17:54.202,0.7808,0.7809,0.40,0.30
2008.03.26 09:17:54.470,0.7808,0.7809,0.40,0.30
2008.03.26 09:17:54.730,0.7808,0.7809,0.40,0.30
2008.03.26 09:17:54.990,0.7808,0.7809,0.40,0.30
2008.03.26 09:17:55.247,0.7808,0.7809,0.40,0.30
2008.03.26 09:17:55.507,0.7808,0.7809,0.40,0.30
2008.03.26 09:17:55.797,0.7808,0.7809,0.40,0.30
2008.03.26 09:17:56.085,0.7808,0.7809,0.40,0.30
2008.03.26 09:17:56.374,0.7808,0.7809,0.40,0.30
2008.03.26 09:17:56.663,0.7808,0.7809,0.40,0.30
2008.03.26 09:17:56.960,0.7808,0.7809,0.40,0.30
2008.03.26 09:17:57.268,0.7808,0.7809,0.40,0.30
2008.03.26 09:17:57.568,0.7808,0.7809,0.40,0.30
2008.03.26 09:17:57.827,0.7808,0.7809,0.40,0.30
2008.03.26 09:17:58.097,0.7808,0.7809,0.40,0.30
2008.03.26 09:17:58.365,0.7808,0.7809,0.40,0.30
2008.03.26 09:17:58.635,0.7808,0.7809,0.40,0.30
2008.03.26 09:17:58.924,0.7808,0.7809,0.40,0.30
2008.03.26 09:17:59.213,0.7808,0.7809,0.40,0.30
2008.03.26 09:17:59.503,0.7808,0.7809,0.40,0.30
2008.03.26 09:17:59.793,0.7808,0.7809,0.40,0.30
2008.03.26 09:18:00.063,0.7808,0.7809,0.40,0.30
2008.03.26 09:18:00.330,0.7808,0.7809,0.40,0.30
2008.03.26 09:18:00.600,0.7808,0.7809,0.40,0.30
2008.03.26 09:18:00.850,0.7808,0.7809,0.40,0.30
2008.03.26 09:18:01.100,0.7808,0.7809,0.40,0.30
2008.03.26 09:18:01.350,0.7808,0.7809,0.40,0.30
2008.03.26 09:18:01.598,0.7808,0.7809,0.20,0.50
2008.03.26 09:18:01.910,0.7808,0.7809,0.20,0.30
2008.03.26 09:18:02.218,0.7808,0.7809,0.20,0.30
2008.03.26 09:18:02.527,0.7808,0.7809,0.40,0.30
2008.03.26 09:18:02.837,0.7808,0.7809,0.40,0.30
2008.03.26 09:18:03.142,0.7808,0.7809,0.40,0.30
2008.03.26 09:18:03.445,0.7808,0.7809,0.40,0.30
2008.03.26 09:18:03.750,0.7808,0.7809,0.40,0.30
2008.03.26 09:18:03.999,0.7808,0.7809,0.40,0.50
2008.03.26 09:18:04.250,0.7808,0.7809,0.20,0.60
2008.03.26 09:18:04.500,0.7808,0.7809,0.20,0.50
2008.03.26 09:18:04.751,0.7808,0.7809,0.20,0.50
2008.03.26 09:18:05.041,0.7808,0.7809,0.20,0.30
2008.03.26 09:18:05.332,0.78085,0.78095,0.20,1.80
2008.03.26 09:18:05.623,0.7808,0.78095,0.60,16.40
2008.03.26 09:18:05.912,0.7808,0.7809,0.40,0.50
2008.03.26 09:18:06.199,0.78075,0.7809,0.90,0.50
2008.03.26 09:18:06.492,0.7808,0.7809,0.40,0.30
2008.03.26 09:18:06.778,0.7808,0.7809,0.40,0.30
2008.03.26 09:18:07.048,0.7808,0.7809,0.40,0.30
2008.03.26 09:18:07.315,0.7808,0.7809,0.40,0.60
2008.03.26 09:18:07.584,0.7808,0.7809,0.40,0.60
2008.03.26 09:18:07.854,0.7808,0.7809,0.40,0.60
2008.03.26 09:18:08.178,0.7808,0.7809,0.40,0.60
2008.03.26 09:18:08.502,0.7808,0.7809,0.40,0.60
2008.03.26 09:18:08.826,0.7808,0.7809,0.40,0.60
2008.03.26 09:18:09.069,0.7808,0.7809,0.40,0.60
2008.03.26 09:18:09.313,0.7808,0.7809,0.20,0.60
2008.03.26 09:18:09.559,0.7808,0.7809,0.20,0.60
2008.03.26 09:18:09.803,0.7808,0.7809,0.20,1.20
2008.03.26 09:18:10.112,0.7808,0.7809,0.20,1.20
2008.03.26 09:18:10.420,0.7808,0.7809,0.20,1.20
2008.03.26 09:18:10.729,0.7808,0.7809,0.20,1.20
2008.03.26 09:18:10.988,0.7808,0.7809,0.20,1.20
2008.03.26 09:18:11.246,0.7808,0.7809,0.20,1.20
2008.03.26 09:18:11.505,0.7808,0.7809,0.20,1.20
2008.03.26 09:18:11.763,0.7808,0.7809,0.20,1.20
2008.03.26 09:18:12.041,0.7808,0.78085,0.20,0.30
2008.03.26 09:18:12.320,0.7808,0.7809,0.20,1.40
2008.03.26 09:18:12.601,0.7808,0.7809,0.20,1.40
2008.03.26 09:18:12.880,0.7808,0.78085,0.20,0.30
2008.03.26 09:18:13.193,0.7808,0.78085,0.20,0.30
2008.03.26 09:18:13.507,0.7808,0.78085,0.20,0.30
2008.03.26 09:18:13.821,0.7808,0.78085,0.20,0.30
2008.03.26 09:18:14.045,0.7808,0.78085,0.20,0.30
2008.03.26 09:18:14.270,0.7808,0.78085,0.20,0.30
2008.03.26 09:18:14.494,0.7808,0.78085,0.20,0.30
2008.03.26 09:18:14.718,0.7808,0.7809,0.20,1.20
2008.03.26 09:18:14.942,0.7808,0.7809,0.20,1.20
2008.03.26 09:18:15.270,0.7808,0.7809,0.20,1.20
2008.03.26 09:18:15.598,0.7808,0.7809,0.20,1.20
2008.03.26 09:18:15.930,0.7808,0.78085,0.20,0.30
2008.03.26 09:18:16.188,0.7808,0.78085,0.20,0.30
2008.03.26 09:18:16.447,0.7808,0.78085,0.20,0.30
2008.03.26 09:18:16.707,0.7808,0.78085,0.20,0.30
2008.03.26 09:18:16.967,0.7808,0.78085,0.20,0.30
2008.03.26 09:18:17.272,0.7808,0.7809,0.20,1.00
2008.03.26 09:18:17.578,0.7808,0.7809,0.20,1.00
2008.03.26 09:18:17.884,0.7808,0.7809,0.40,1.00
2008.03.26 09:18:18.189,0.7808,0.7809,0.20,1.00
2008.03.26 09:18:18.462,0.7808,0.7809,0.20,1.00
2008.03.26 09:18:18.738,0.7808,0.7809,0.20,1.20
2008.03.26 09:18:19.012,0.7808,0.7809,0.20,1.20
2008.03.26 09:18:19.281,0.7808,0.7809,0.20,1.20
2008.03.26 09:18:19.551,0.7808,0.7809,0.20,1.20
2008.03.26 09:18:19.819,0.7808,0.7809,0.20,1.20
2008.03.26 09:18:20.089,0.7808,0.7809,0.20,1.20
2008.03.26 09:18:20.388,0.7808,0.7809,0.20,1.20
2008.03.26 09:18:20.688,0.7808,0.7809,0.20,1.20
2008.03.26 09:18:20.989,0.7808,0.7809,0.20,1.20
2008.03.26 09:18:21.254,0.7808,0.7809,0.20,1.20
2008.03.26 09:18:21.518,0.7808,0.7809,0.20,1.20
2008.03.26 09:18:21.782,0.7808,0.7809,0.20,1.20
2008.03.26 09:18:22.048,0.7808,0.7809,0.20,1.20
2008.03.26 09:18:22.363,0.7808,0.7809,0.20,1.20
2008.03.26 09:18:22.680,0.7808,0.7809,0.20,1.20
2008.03.26 09:18:23.003,0.7808,0.7809,0.20,1.20
2008.03.26 09:18:23.233,0.7808,0.7809,0.20,1.20
2008.03.26 09:18:23.462,0.7808,0.7809,0.20,1.20
2008.03.26 09:18:23.691,0.7808,0.7809,0.20,1.20
2008.03.26 09:18:23.922,0.7808,0.7809,0.20,1.20
2008.03.26 09:18:24.157,0.7808,0.7809,0.20,1.20
2008.03.26 09:18:24.495,0.7808,0.7809,0.20,1.20
2008.03.26 09:18:24.833,0.7808,0.7809,0.20,1.20
2008.03.26 09:18:25.153,0.7808,0.7809,0.20,1.20
2008.03.26 09:18:25.376,0.7808,0.7809,0.20,1.20
2008.03.26 09:18:25.601,0.7808,0.7809,0.20,1.20
2008.03.26 09:18:25.825,0.7808,0.7809,0.20,1.20
2008.03.26 09:18:26.063,0.7808,0.7809,0.20,1.20
2008.03.26 09:18:26.338,0.7808,0.7809,0.20,1.20
2008.03.26 09:18:26.627,0.7808,0.7809,0.20,1.20
2008.03.26 09:18:26.917,0.7808,0.7809,0.20,1.40
2008.03.26 09:18:27.208,0.7808,0.7809,0.20,1.20
2008.03.26 09:18:27.503,0.7808,0.7809,0.20,1.20
2008.03.26 09:18:27.797,0.7808,0.7809,0.20,1.20
2008.03.26 09:18:28.093,0.7808,0.7809,0.20,1.20
2008.03.26 09:18:28.331,0.7808,0.7809,0.20,1.20
2008.03.26 09:18:28.570,0.7808,0.7809,0.20,1.20
2008.03.26 09:18:28.809,0.7808,0.7809,0.20,1.20
2008.03.26 09:18:29.048,0.7808,0.7809,0.20,1.20
2008.03.26 09:18:29.287,0.7808,0.7809,0.20,1.20
2008.03.26 09:18:29.602,0.7808,0.7809,0.60,0.80
2008.03.26 09:18:29.916,0.7808,0.7809,0.40,0.30
2008.03.26 09:18:30.231,0.7808,0.7809,0.40,0.80
2008.03.26 09:18:30.476,0.7808,0.7809,0.40,1.00
2008.03.26 09:18:30.720,0.7808,0.7809,0.40,0.30
2008.03.26 09:18:30.965,0.7808,0.78095,0.40,19.60
2008.03.26 09:18:31.210,0.78085,0.78095,0.20,16.80
2008.03.26 09:18:31.514,0.78085,0.78095,0.20,17.00
2008.03.26 09:18:31.818,0.7808,0.78095,0.60,17.00
2008.03.26 09:18:32.122,0.7808,0.78095,0.60,17.20
2008.03.26 09:18:32.428,0.7808,0.78095,0.60,19.40
2008.03.26 09:18:32.717,0.7808,0.78095,0.60,17.00
2008.03.26 09:18:33.006,0.7808,0.78095,0.60,17.20
2008.03.26 09:18:33.296,0.7808,0.78095,0.40,17.20
2008.03.26 09:18:33.568,0.7808,0.7809,0.40,0.30
2008.03.26 09:18:33.836,0.7808,0.7809,0.40,0.30
2008.03.26 09:18:34.106,0.7808,0.78095,0.40,17.20
2008.03.26 09:18:34.376,0.7808,0.7809,0.40,0.30
2008.03.26 09:18:34.661,0.7808,0.7809,0.40,0.30
2008.03.26 09:18:34.944,0.7808,0.7809,0.40,0.30
2008.03.26 09:18:35.229,0.7808,0.7809,0.40,0.30
2008.03.26 09:18:35.515,0.7808,0.7809,0.40,0.30
2008.03.26 09:18:35.786,0.7808,0.78095,0.20,15.60
2008.03.26 09:18:36.056,0.7808,0.78095,0.20,21.20
2008.03.26 09:18:36.326,0.7808,0.7809,0.20,0.30
2008.03.26 09:18:36.615,0.7808,0.7809,0.20,0.30
2008.03.26 09:18:36.904,0.7808,0.7809,0.20,0.30
2008.03.26 09:18:37.192,0.7808,0.7809,0.20,0.30
2008.03.26 09:18:37.482,0.7808,0.7809,0.20,0.30
2008.03.26 09:18:37.787,0.7808,0.7809,0.20,0.30
2008.03.26 09:18:38.093,0.7808,0.7809,0.40,0.30
2008.03.26 09:18:38.397,0.7808,0.7809,0.40,0.30
2008.03.26 09:18:38.662,0.7808,0.7809,0.40,0.30
2008.03.26 09:18:38.928,0.7808,0.78095,0.60,19.40
2008.03.26 09:18:39.193,0.7808,0.78095,0.60,14.60
2008.03.26 09:18:39.457,0.7808,0.78095,0.60,14.60
2008.03.26 09:18:39.747,0.7808,0.78095,0.60,14.60
2008.03.26 09:18:40.037,0.7808,0.78095,0.60,14.60
2008.03.26 09:18:40.326,0.78085,0.78095,0.20,14.60
2008.03.26 09:18:40.616,0.78085,0.78095,0.20,16.90
2008.03.26 09:18:40.897,0.78085,0.78095,0.20,16.80
2008.03.26 09:18:41.178,0.78085,0.78095,0.20,13.60
2008.03.26 09:18:41.458,0.7809,0.78095,0.20,12.00
2008.03.26 09:18:41.719,0.7809,0.781,0.20,0.20
2008.03.26 09:18:41.980,0.78085,0.78095,0.20,12.10
2008.03.26 09:18:42.239,0.7808,0.7809,0.60,0.30
2008.03.26 09:18:42.499,0.7808,0.78095,0.60,16.20
2008.03.26 09:18:42.824,0.7808,0.7809,0.60,0.30
2008.03.26 09:18:43.149,0.7808,0.7809,0.60,0.30
2008.03.26 09:18:43.486,0.7808,0.7809,0.60,0.30
2008.03.26 09:18:43.737,0.7808,0.7809,0.60,0.30
2008.03.26 09:18:44.006,0.7808,0.7809,0.60,0.30
2008.03.26 09:18:44.255,0.7808,0.7809,0.60,0.30
2008.03.26 09:18:44.517,0.7808,0.78095,0.60,16.20
2008.03.26 09:18:44.796,0.78085,0.78095,0.20,1.60
2008.03.26 09:18:45.075,0.7808,0.78095,0.60,16.40
2008.03.26 09:18:45.355,0.7808,0.78095,0.40,16.40
2008.03.26 09:18:45.635,0.7808,0.78095,0.40,16.40
2008.03.26 09:18:45.912,0.7808,0.78095,0.60,16.40
2008.03.26 09:18:46.193,0.7808,0.78095,0.60,16.40
2008.03.26 09:18:46.471,0.7808,0.78095,0.60,16.40
2008.03.26 09:18:46.727,0.7808,0.78095,0.60,16.40
2008.03.26 09:18:46.981,0.7808,0.78095,0.60,13.80
2008.03.26 09:18:47.237,0.7808,0.78095,0.60,13.80
2008.03.26 09:18:47.494,0.7808,0.78095,0.60,1.80
2008.03.26 09:18:47.818,0.78085,0.78095,0.20,1.80
2008.03.26 09:18:48.142,0.78085,0.78095,0.60,1.80
2008.03.26 09:18:48.466,0.78085,0.78095,0.20,13.60
2008.03.26 09:18:48.791,0.7808,0.7809,0.60,0.30
2008.03.26 09:18:49.025,0.7808,0.78095,0.60,16.20
2008.03.26 09:18:49.260,0.7808,0.7809,0.60,0.30
2008.03.26 09:18:49.494,0.7808,0.7809,0.60,0.30
2008.03.26 09:18:49.808,0.7808,0.7809,0.60,0.30
2008.03.26 09:18:50.122,0.7808,0.7809,0.40,0.30
2008.03.26 09:18:50.436,0.7808,0.7809,0.60,0.30
2008.03.26 09:18:50.752,0.7808,0.78095,0.60,16.20
2008.03.26 09:18:51.012,0.7808,0.7809,0.60,0.30
2008.03.26 09:18:51.271,0.7808,0.7809,0.60,0.30
2008.03.26 09:18:52.632,0.7808,0.7809,1.10,0.30
2008.03.26 09:18:52.738,0.7808,0.7809,0.40,0.30
2008.03.26 09:18:52.860,0.7808,0.7809,0.40,0.30
2008.03.26 09:18:52.994,0.7808,0.7809,0.40,0.30
2008.03.26 09:18:53.098,0.7808,0.7809,0.40,0.60
2008.03.26 09:18:53.220,0.7808,0.7809,0.40,0.60
2008.03.26 09:18:53.339,0.7808,0.7809,0.40,0.60
2008.03.26 09:18:53.459,0.7808,0.7809,0.40,0.30
2008.03.26 09:18:53.577,0.7808,0.7809,0.40,0.30
2008.03.26 09:18:53.701,0.7808,0.7809,0.40,0.30
2008.03.26 09:18:54.039,0.7808,0.7809,0.20,0.60
2008.03.26 09:18:54.375,0.7808,0.7809,0.20,0.60
2008.03.26 09:18:54.710,0.7808,0.7809,0.20,0.60
2008.03.26 09:18:54.951,0.7808,0.78095,0.60,21.00
2008.03.26 09:18:55.191,0.7808,0.78095,0.60,17.00
2008.03.26 09:18:55.429,0.7808,0.78095,0.60,17.00
2008.03.26 09:18:55.668,0.7808,0.78095,0.60,17.80
2008.03.26 09:18:55.997,0.7808,0.7809,0.60,0.80
2008.03.26 09:18:56.326,0.7808,0.7809,0.40,0.80
2008.03.26 09:18:56.655,0.7808,0.7809,0.40,0.80
2008.03.26 09:18:56.895,0.7808,0.7809,0.40,1.00
2008.03.26 09:18:57.137,0.7808,0.7809,0.40,1.00
2008.03.26 09:18:57.382,0.7808,0.7809,0.40,1.00
2008.03.26 09:18:57.632,0.7808,0.7809,0.40,1.00
2008.03.26 09:18:57.976,0.7808,0.7809,0.40,1.00
2008.03.26 09:18:58.323,0.7808,0.7809,0.40,1.00
2008.03.26 09:18:58.659,0.7808,0.7809,0.60,1.00
2008.03.26 09:18:58.886,0.7808,0.7809,0.60,0.80
2008.03.26 09:18:59.125,0.7808,0.7809,0.60,0.80
2008.03.26 09:18:59.366,0.7808,0.7809,0.60,0.80
2008.03.26 09:18:59.606,0.7808,0.7809,0.60,0.80
2008.03.26 09:18:59.846,0.7808,0.78095,0.60,2.60
2008.03.26 09:19:00.155,0.7808,0.78095,0.60,2.60
2008.03.26 09:19:00.475,0.7808,0.78095,0.40,2.80
2008.03.26 09:19:00.778,0.7808,0.7809,0.40,0.30
2008.03.26 09:19:01.070,0.7808,0.7809,0.20,0.30
2008.03.26 09:19:01.358,0.7808,0.7809,0.20,0.30
2008.03.26 09:19:01.627,0.7808,0.7809,0.20,0.60
2008.03.26 09:19:01.907,0.78075,0.7809,4.40,0.60
2008.03.26 09:19:02.177,0.7808,0.7809,0.20,0.30
2008.03.26 09:19:02.448,0.7808,0.7809,0.20,0.30
2008.03.26 09:19:02.719,0.7808,0.7809,0.20,1.20
2008.03.26 09:19:03.045,0.7808,0.7809,0.20,1.40
2008.03.26 09:19:03.358,0.78075,0.7809,0.60,1.40
2008.03.26 09:19:03.672,0.78075,0.7809,0.60,1.40
2008.03.26 09:19:03.996,0.78075,0.7809,0.60,1.40
2008.03.26 09:19:04.254,0.78075,0.7809,0.60,1.40
2008.03.26 09:19:04.514,0.78075,0.7809,6.80,1.20
2008.03.26 09:19:04.773,0.7808,0.7809,0.20,1.00
2008.03.26 09:19:05.032,0.78075,0.7809,0.60,1.20
2008.03.26 09:19:05.307,0.78075,0.7809,0.60,0.60
2008.03.26 09:19:05.582,0.78075,0.78085,0.40,0.30
2008.03.26 09:19:05.857,0.78075,0.78085,0.40,0.30
2008.03.26 09:19:06.148,0.78075,0.78085,0.40,0.30
2008.03.26 09:19:06.449,0.78075,0.78085,0.40,0.30
2008.03.26 09:19:06.748,0.78075,0.7809,0.40,0.60
2008.03.26 09:19:07.037,0.78075,0.7809,0.40,0.60
2008.03.26 09:19:07.362,0.78075,0.78085,0.40,0.30
2008.03.26 09:19:07.699,0.78075,0.78085,0.40,0.30
2008.03.26 09:19:08.024,0.78075,0.78085,0.40,0.30
2008.03.26 09:19:08.261,0.78075,0.78085,0.40,0.30
2008.03.26 09:19:08.507,0.78075,0.78085,0.40,0.30
2008.03.26 09:19:08.730,0.78075,0.78085,0.40,0.30
2008.03.26 09:19:08.965,0.78075,0.78085,0.40,0.30
2008.03.26 09:19:09.273,0.78075,0.78085,0.40,0.30
2008.03.26 09:19:09.583,0.78075,0.78085,0.40,0.30
2008.03.26 09:19:09.892,0.78075,0.78085,0.40,0.30
2008.03.26 09:19:10.211,0.78075,0.78085,0.40,0.30
2008.03.26 09:19:10.446,0.78075,0.78085,0.40,0.30
2008.03.26 09:19:10.690,0.78075,0.78085,0.40,0.30
2008.03.26 09:19:10.935,0.78075,0.78085,0.40,0.30
2008.03.26 09:19:11.249,0.78075,0.78085,0.40,0.30
2008.03.26 09:19:11.562,0.78075,0.78085,0.40,0.30
2008.03.26 09:19:11.903,0.78075,0.78085,0.40,0.30
2008.03.26 09:19:12.217,0.78075,0.7809,0.60,0.60
2008.03.26 09:19:12.487,0.7808,0.7809,0.20,0.60
2008.03.26 09:19:12.758,0.78075,0.7809,0.60,1.00
2008.03.26 09:19:13.028,0.78075,0.7809,0.60,1.20
2008.03.26 09:19:13.303,0.78075,0.7809,0.60,1.20
2008.03.26 09:19:13.578,0.78075,0.7809,0.20,1.40
2008.03.26 09:19:13.852,0.78075,0.7809,0.20,1.40
2008.03.26 09:19:14.127,0.78075,0.7809,0.20,1.40
2008.03.26 09:19:14.412,0.78075,0.7809,0.20,1.40
2008.03.26 09:19:14.700,0.7808,0.7809,0.20,1.20
2008.03.26 09:19:14.996,0.7808,0.7809,0.20,0.80
2008.03.26 09:19:15.280,0.78075,0.7809,0.60,1.00
2008.03.26 09:19:15.570,0.78075,0.7809,0.60,1.00
2008.03.26 09:19:15.861,0.78075,0.7809,0.60,1.00
2008.03.26 09:19:16.152,0.78075,0.7809,0.60,1.20
2008.03.26 09:19:16.421,0.78075,0.7809,0.60,1.20
2008.03.26 09:19:16.691,0.78075,0.7809,0.60,1.00
2008.03.26 09:19:16.962,0.7808,0.7809,0.20,1.00
2008.03.26 09:19:17.232,0.7808,0.7809,0.20,1.00
2008.03.26 09:19:17.562,0.7808,0.7809,0.20,1.20
2008.03.26 09:19:17.882,0.78075,0.78085,0.60,2.40
2008.03.26 09:19:18.203,0.7808,0.78085,0.20,2.40
2008.03.26 09:19:18.457,0.7808,0.78085,0.20,0.80
2008.03.26 09:19:18.713,0.7808,0.78085,0.20,0.80
2008.03.26 09:19:18.967,0.7808,0.78085,0.20,0.80
2008.03.26 09:19:19.222,0.7808,0.78085,0.20,0.80
2008.03.26 09:19:19.511,0.78075,0.78085,0.60,2.40
2008.03.26 09:19:19.802,0.7808,0.78085,0.50,0.80
2008.03.26 09:19:20.106,0.78085,0.7809,0.50,0.80
2008.03.26 09:19:20.396,0.78085,0.7809,0.50,0.80
2008.03.26 09:19:20.697,0.7809,0.78095,0.20,2.40
2008.03.26 09:19:20.996,0.7809,0.78095,0.60,0.80
2008.03.26 09:19:21.298,0.78095,0.78105,0.20,2.40
2008.03.26 09:19:21.536,0.78095,0.78105,0.60,2.40
2008.03.26 09:19:21.778,0.78105,0.7811,0.20,5.00
2008.03.26 09:19:22.017,0.781,0.78105,0.20,0.80
2008.03.26 09:19:22.258,0.78095,0.78105,0.20,3.20
2008.03.26 09:19:22.596,0.781,0.78105,0.20,3.20
2008.03.26 09:19:22.932,0.781,0.78105,0.20,2.40
2008.03.26 09:19:23.267,0.781,0.78105,0.60,2.40
2008.03.26 09:19:23.516,0.78105,0.7811,0.20,0.80
2008.03.26 09:19:23.763,0.78105,0.7811,0.20,0.80
2008.03.26 09:19:24.007,0.78105,0.7811,0.60,0.80
2008.03.26 09:19:24.253,0.7811,0.78115,0.50,0.80
2008.03.26 09:19:24.576,0.7811,0.78115,0.50,0.80
2008.03.26 09:19:24.901,0.78115,0.78125,0.20,12.00
2008.03.26 09:19:25.226,0.78115,0.78125,0.20,12.00
2008.03.26 09:19:25.551,0.7811,0.78125,0.60,12.00
2008.03.26 09:19:25.809,0.7811,0.78125,0.60,12.00
2008.03.26 09:19:26.070,0.7811,0.78125,0.40,12.10
2008.03.26 09:19:26.330,0.7811,0.78125,0.40,12.10
2008.03.26 09:19:26.630,0.7811,0.78115,0.20,14.40
2008.03.26 09:19:26.921,0.7811,0.78115,0.20,14.40
2008.03.26 09:19:27.213,0.7811,0.7812,0.20,0.30
2008.03.26 09:19:27.500,0.7811,0.7812,0.20,0.30
2008.03.26 09:19:27.811,0.7811,0.7812,0.40,0.30
2008.03.26 09:19:28.122,0.7811,0.7812,0.40,0.30
2008.03.26 09:19:28.433,0.78105,0.7812,2.80,0.60
2008.03.26 09:19:28.700,0.7811,0.7812,0.20,0.60
2008.03.26 09:19:28.953,0.7811,0.7812,0.20,0.60
2008.03.26 09:19:29.207,0.7811,0.7812,0.20,0.60
2008.03.26 09:19:29.462,0.7811,0.7812,0.20,0.60
2008.03.26 09:19:29.777,0.7811,0.7812,0.20,0.60
2008.03.26 09:19:30.091,0.7811,0.7812,0.20,0.60
2008.03.26 09:19:30.405,0.7811,0.7812,0.20,0.60
2008.03.26 09:19:30.717,0.7811,0.7812,0.20,0.60
2008.03.26 09:19:30.981,0.7811,0.7812,0.20,0.60
2008.03.26 09:19:31.247,0.78105,0.7812,0.60,4.40
2008.03.26 09:19:31.512,0.78105,0.7812,0.20,0.50
2008.03.26 09:19:31.787,0.78105,0.7812,0.20,0.50
2008.03.26 09:19:32.062,0.78105,0.78115,0.20,14.40
2008.03.26 09:19:32.337,0.78105,0.78115,0.20,14.40
2008.03.26 09:19:32.613,0.7811,0.78115,0.60,1.60
2008.03.26 09:19:32.938,0.78115,0.7812,0.40,0.80
2008.03.26 09:19:33.275,0.7812,0.78125,0.20,2.40
2008.03.26 09:19:33.597,0.78115,0.78125,0.20,14.40
2008.03.26 09:19:33.832,0.78115,0.78125,0.60,2.40
2008.03.26 09:19:34.067,0.78115,0.78125,0.90,14.40
2008.03.26 09:19:34.302,0.78115,0.78125,1.20,13.60
2008.03.26 09:19:34.536,0.7812,0.78125,0.20,1.60
2008.03.26 09:19:34.772,0.7812,0.78125,0.20,1.60
2008.03.26 09:19:35.109,0.7812,0.7813,0.20,0.50
2008.03.26 09:19:35.444,0.7812,0.78125,0.20,0.30
2008.03.26 09:19:35.780,0.7812,0.78125,0.20,0.30
2008.03.26 09:19:36.015,0.7812,0.78125,0.20,0.30
2008.03.26 09:19:36.248,0.7812,0.78125,0.20,0.30
2008.03.26 09:19:36.482,0.7812,0.78125,0.20,0.30
2008.03.26 09:19:36.716,0.7812,0.78125,0.20,0.30
2008.03.26 09:19:37.031,0.7812,0.78125,0.20,0.30
2008.03.26 09:19:37.346,0.7812,0.78125,0.20,0.30
2008.03.26 09:19:37.661,0.78115,0.78125,0.20,0.30
2008.03.26 09:19:37.933,0.78115,0.78125,0.20,12.20
2008.03.26 09:19:38.203,0.78115,0.78125,0.20,12.00
2008.03.26 09:19:38.483,0.78115,0.78125,0.60,12.00
2008.03.26 09:19:38.742,0.7812,0.7813,0.20,0.60
2008.03.26 09:19:39.018,0.78115,0.7813,2.80,0.60
2008.03.26 09:19:39.293,0.7812,0.7813,0.20,0.30
2008.03.26 09:19:39.567,0.7812,0.7813,0.40,0.50
2008.03.26 09:19:39.841,0.7812,0.7813,0.20,0.60
2008.03.26 09:19:40.157,0.7812,0.7813,0.20,0.60
2008.03.26 09:19:40.452,0.7812,0.7813,0.20,0.60
2008.03.26 09:19:40.757,0.78115,0.78125,0.20,0.30
2008.03.26 09:19:40.997,0.78115,0.78125,0.20,0.30
2008.03.26 09:19:41.238,0.7811,0.78125,0.60,0.30
2008.03.26 09:19:41.476,0.7811,0.78125,0.60,0.30
2008.03.26 09:19:41.716,0.78115,0.7813,0.60,0.60
2008.03.26 09:19:42.046,0.7811,0.78125,0.60,0.30
2008.03.26 09:19:42.374,0.7811,0.78125,0.60,0.30
2008.03.26 09:19:42.704,0.7811,0.78125,0.60,14.60
2008.03.26 09:19:43.032,0.7811,0.78125,0.60,14.60
2008.03.26 09:19:43.302,0.7811,0.78125,0.60,14.60
2008.03.26 09:19:43.581,0.7811,0.78125,0.60,14.60
2008.03.26 09:19:43.852,0.7811,0.78125,0.60,14.60
2008.03.26 09:19:44.143,0.78115,0.78125,0.20,12.00
2008.03.26 09:19:44.432,0.78115,0.78125,0.20,12.00
2008.03.26 09:19:44.722,0.78115,0.78125,0.60,14.40
2008.03.26 09:19:45.012,0.78115,0.78125,0.20,12.00
2008.03.26 09:19:45.310,0.78115,0.7813,0.20,0.50
2008.03.26 09:19:45.609,0.78115,0.7813,0.20,0.50
2008.03.26 09:19:45.909,0.78115,0.7813,0.20,0.60
2008.03.26 09:19:46.165,0.78115,0.78125,0.60,0.30
2008.03.26 09:19:46.419,0.78115,0.7813,0.20,0.60
2008.03.26 09:19:46.687,0.78115,0.7813,3.60,0.60
2008.03.26 09:19:46.941,0.7812,0.7813,0.20,0.60
2008.03.26 09:19:47.251,0.7812,0.7813,0.60,0.30
2008.03.26 09:19:47.561,0.7812,0.78135,1.40,5.60
2008.03.26 09:19:47.873,0.78125,0.78135,0.20,5.60
2008.03.26 09:19:48.159,0.78125,0.78135,0.20,5.80
2008.03.26 09:19:48.434,0.78125,0.78135,0.20,4.20
2008.03.26 09:19:48.710,0.7812,0.78135,0.60,18.80
2008.03.26 09:19:48.985,0.7812,0.78135,0.40,2.00
2008.03.26 09:19:49.287,0.7812,0.78135,0.20,11.60
2008.03.26 09:19:49.588,0.7812,0.78135,0.20,20.30
2008.03.26 09:19:49.894,0.78115,0.7813,1.20,0.60
2008.03.26 09:19:50.156,0.7811,0.78125,1.40,0.30
2008.03.26 09:19:50.415,0.7811,0.78125,1.40,0.30
2008.03.26 09:19:50.674,0.7811,0.78125,0.60,0.30
2008.03.26 09:19:50.934,0.7811,0.7812,0.60,0.30
2008.03.26 09:19:51.238,0.7811,0.78125,0.60,0.30
2008.03.26 09:19:51.541,0.7811,0.78125,0.60,1.10
2008.03.26 09:19:51.846,0.7811,0.7812,0.60,0.60
2008.03.26 09:19:52.152,0.7811,0.7812,0.60,0.60
2008.03.26 09:19:52.484,0.7811,0.7812,0.60,0.60
2008.03.26 09:19:52.802,0.7811,0.7812,0.60,0.60
2008.03.26 09:19:53.122,0.7811,0.7812,0.60,0.30
2008.03.26 09:19:53.362,0.7811,0.78125,0.60,0.30
2008.03.26 09:19:53.601,0.7811,0.78125,0.60,0.30
2008.03.26 09:19:53.845,0.78115,0.7813,0.20,0.60
2008.03.26 09:19:54.085,0.78115,0.7813,0.60,0.60
2008.03.26 09:19:54.394,0.7811,0.7812,0.60,0.30
2008.03.26 09:19:54.704,0.78115,0.7813,0.20,0.60
2008.03.26 09:19:55.014,0.7811,0.78125,0.60,1.00
2008.03.26 09:19:55.329,0.7811,0.78125,0.60,1.00
2008.03.26 09:19:55.604,0.7811,0.78125,0.60,0.30
2008.03.26 09:19:55.878,0.7811,0.78125,0.60,0.30
2008.03.26 09:19:56.152,0.78115,0.7813,0.60,4.60
2008.03.26 09:19:56.416,0.78115,0.7813,0.60,4.60
2008.03.26 09:19:56.684,0.78115,0.78125,0.20,0.30
2008.03.26 09:19:56.949,0.78115,0.78125,0.20,0.30
2008.03.26 09:19:57.214,0.7811,0.78125,0.60,0.30
2008.03.26 09:19:57.552,0.78115,0.78125,0.40,0.30
2008.03.26 09:19:57.884,0.7812,0.78125,0.20,0.30
2008.03.26 09:19:58.215,0.7812,0.78125,0.20,0.30
2008.03.26 09:19:58.459,0.78115,0.78125,2.40,0.30
2008.03.26 09:19:58.704,0.7812,0.78125,0.20,0.30
2008.03.26 09:19:58.947,0.7812,0.78125,0.20,0.30
2008.03.26 09:19:59.191,0.7812,0.78125,0.20,0.30
2008.03.26 09:19:59.434,0.7812,0.78125,0.20,0.30
2008.03.26 09:19:59.763,0.7812,0.78125,0.20,0.30
2008.03.26 09:20:00.093,0.7812,0.78125,0.20,0.30
2008.03.26 09:20:00.421,0.7812,0.78125,0.20,0.30
2008.03.26 09:20:00.659,0.7812,0.78125,0.20,0.30
2008.03.26 09:20:00.900,0.7812,0.78125,0.20,0.30
2008.03.26 09:20:01.139,0.7812,0.78125,0.20,0.30
2008.03.26 09:20:01.378,0.7812,0.78125,0.20,0.30
2008.03.26 09:20:01.712,0.7812,0.78125,0.20,0.30
2008.03.26 09:20:02.045,0.7812,0.78125,0.20,0.30
2008.03.26 09:20:02.380,0.7812,0.78125,0.20,0.30
2008.03.26 09:20:02.640,0.7812,0.78125,0.20,0.30
2008.03.26 09:20:02.900,0.7812,0.78125,0.20,0.30
2008.03.26 09:20:03.211,0.7812,0.78125,0.20,0.30
2008.03.26 09:20:03.469,0.7812,0.78125,0.20,0.30
2008.03.26 09:20:03.775,0.7812,0.78125,0.20,0.30
2008.03.26 09:20:04.078,0.7812,0.78125,0.20,0.30
2008.03.26 09:20:04.381,0.7812,0.78125,0.20,0.30
2008.03.26 09:20:04.652,0.7811,0.78125,0.60,0.30
2008.03.26 09:20:04.921,0.7811,0.78125,0.60,0.30
2008.03.26 09:20:05.190,0.7811,0.78125,0.60,0.30
2008.03.26 09:20:05.459,0.7811,0.78125,0.60,0.30
2008.03.26 09:20:05.747,0.7811,0.78125,0.60,0.30
2008.03.26 09:20:06.037,0.7811,0.78125,0.60,0.30
2008.03.26 09:20:06.326,0.7811,0.78125,0.60,0.30
2008.03.26 09:20:06.625,0.7811,0.78125,0.60,0.30
2008.03.26 09:20:06.901,0.7811,0.78125,0.60,0.30
2008.03.26 09:20:07.174,0.7811,0.78125,0.60,0.30
2008.03.26 09:20:07.460,0.7811,0.78125,0.60,0.30
2008.03.26 09:20:07.785,0.7812,0.78125,0.20,0.30
2008.03.26 09:20:08.109,0.78115,0.78125,2.40,0.30
2008.03.26 09:20:08.435,0.78115,0.78125,2.40,0.30
2008.03.26 09:20:08.668,0.78115,0.78125,2.40,0.30
2008.03.26 09:20:08.902,0.78115,0.78125,2.40,0.30
2008.03.26 09:20:09.135,0.78115,0.78125,2.40,0.30
2008.03.26 09:20:09.369,0.78115,0.78125,2.40,0.30
2008.03.26 09:20:09.700,0.7811,0.78125,1.40,0.30
2008.03.26 09:20:10.030,0.78115,0.7813,0.20,0.60
2008.03.26 09:20:10.359,0.7812,0.7813,0.20,0.60
2008.03.26 09:20:10.689,0.7811,0.7813,1.40,0.60
2008.03.26 09:20:10.934,0.7811,0.7813,1.40,0.60
2008.03.26 09:20:11.178,0.78115,0.7813,0.20,0.60
2008.03.26 09:20:11.421,0.78115,0.7813,0.20,0.60
2008.03.26 09:20:11.716,0.78115,0.7813,0.20,0.60
2008.03.26 09:20:12.011,0.78115,0.7813,0.20,0.60
2008.03.26 09:20:12.305,0.78115,0.7813,0.20,0.60
2008.03.26 09:20:12.599,0.78115,0.7813,0.60,0.60
2008.03.26 09:20:12.886,0.7812,0.7813,0.20,0.60
2008.03.26 09:20:13.169,0.7812,0.7813,0.20,0.60
2008.03.26 09:20:13.454,0.7812,0.7813,0.20,0.60
2008.03.26 09:20:13.713,0.7812,0.7813,0.20,0.60
2008.03.26 09:20:13.973,0.7812,0.7813,0.20,0.60
2008.03.26 09:20:14.231,0.78115,0.7813,5.20,0.60
2008.03.26 09:20:14.492,0.7812,0.7813,0.20,0.60
2008.03.26 09:20:14.782,0.7812,0.7813,0.20,0.60
2008.03.26 09:20:15.072,0.78115,0.78125,2.50,0.30
2008.03.26 09:20:15.363,0.78115,0.78125,2.40,0.30
2008.03.26 09:20:15.652,0.78115,0.78125,2.40,0.30
2008.03.26 09:20:15.917,0.78115,0.78125,2.40,0.30
2008.03.26 09:20:16.182,0.78115,0.78125,2.40,0.30
2008.03.26 09:20:16.447,0.78115,0.78125,2.40,0.30
2008.03.26 09:20:16.712,0.7811,0.78125,0.60,0.30
2008.03.26 09:20:17.006,0.78115,0.7813,2.80,0.60
2008.03.26 09:20:17.300,0.7812,0.7813,0.20,0.60
2008.03.26 09:20:17.594,0.7812,0.7813,0.20,0.60
2008.03.26 09:20:17.887,0.7812,0.7813,0.20,0.60
2008.03.26 09:20:18.180,0.7812,0.7813,0.20,0.60
2008.03.26 09:20:18.474,0.7812,0.7813,0.20,0.60
2008.03.26 09:20:18.770,0.7812,0.7813,0.20,0.60
2008.03.26 09:20:19.049,0.7812,0.7813,0.20,0.60
2008.03.26 09:20:19.330,0.7812,0.7813,0.20,0.60
2008.03.26 09:20:19.609,0.7812,0.7813,0.20,0.60
2008.03.26 09:20:19.883,0.7812,0.7813,0.20,0.60
2008.03.26 09:20:20.158,0.7812,0.7813,0.20,0.60
2008.03.26 09:20:20.430,0.7812,0.7813,0.20,0.60
2008.03.26 09:20:20.705,0.7812,0.7813,0.20,0.60
2008.03.26 09:20:20.989,0.7812,0.7813,0.20,0.60
2008.03.26 09:20:21.273,0.7812,0.7813,0.20,0.60
2008.03.26 09:20:21.556,0.7812,0.7813,0.20,0.60
2008.03.26 09:20:21.843,0.7812,0.78135,0.60,4.40
2008.03.26 09:20:22.118,0.7812,0.78135,0.40,2.00
2008.03.26 09:20:22.392,0.7812,0.7813,0.60,0.30
2008.03.26 09:20:22.666,0.7812,0.7813,0.40,0.30
2008.03.26 09:20:22.985,0.7812,0.7813,0.40,0.30
2008.03.26 09:20:23.303,0.7812,0.7813,0.40,0.30
2008.03.26 09:20:23.630,0.7812,0.7813,0.40,0.30
2008.03.26 09:20:23.950,0.7812,0.7813,0.40,0.30
2008.03.26 09:20:24.188,0.7812,0.7813,0.40,0.30
2008.03.26 09:20:27.025,0.7812,0.78135,0.40,4.40
2008.03.26 09:20:27.037,0.7812,0.78135,0.60,4.20
2008.03.26 09:20:27.153,0.78125,0.7813,0.20,0.30
2008.03.26 09:20:27.209,0.7812,0.7813,0.40,0.60
2008.03.26 09:20:27.256,0.7812,0.7813,0.40,0.60
2008.03.26 09:20:27.311,0.7812,0.7813,0.40,0.60
2008.03.26 09:20:27.364,0.7812,0.7813,0.40,0.60
2008.03.26 09:20:27.403,0.7812,0.7813,0.40,0.60
2008.03.26 09:20:27.474,0.7812,0.7813,0.40,0.60
2008.03.26 09:20:27.597,0.7812,0.7813,0.40,0.60
2008.03.26 09:20:27.677,0.7812,0.7813,0.40,0.60
2008.03.26 09:20:27.725,0.7812,0.7813,0.40,0.60
2008.03.26 09:20:27.768,0.7812,0.7813,0.40,0.30
2008.03.26 09:20:27.816,0.7812,0.7813,0.40,0.30
2008.03.26 09:20:29.118,0.7812,0.7813,0.40,0.30
2008.03.26 09:20:29.478,0.7812,0.7813,0.60,0.60
2008.03.26 09:20:29.819,0.7812,0.78135,0.60,4.40
2008.03.26 09:20:30.157,0.7812,0.78135,0.40,10.80
2008.03.26 09:20:30.404,0.7812,0.7813,0.40,0.30
2008.03.26 09:20:30.650,0.7812,0.7813,0.60,0.30
2008.03.26 09:20:30.900,0.78125,0.78135,0.20,4.00
2008.03.26 09:20:31.145,0.7812,0.78135,0.40,4.40
2008.03.26 09:20:31.470,0.7812,0.78135,0.40,4.40
2008.03.26 09:20:31.796,0.7812,0.7813,0.20,0.60
2008.03.26 09:20:32.121,0.7812,0.7813,0.20,0.60
2008.03.26 09:20:32.431,0.7812,0.7813,0.20,0.60
2008.03.26 09:20:32.738,0.78125,0.7813,0.40,0.60
2008.03.26 09:20:33.045,0.78125,0.7813,0.20,0.30
2008.03.26 09:20:33.351,0.78125,0.7813,0.20,0.30
2008.03.26 09:20:33.605,0.78125,0.78135,0.20,4.00
2008.03.26 09:20:33.844,0.78125,0.78135,0.20,4.00
2008.03.26 09:20:34.086,0.7813,0.78135,0.20,1.60
2008.03.26 09:20:34.328,0.78125,0.78135,0.20,1.60
2008.03.26 09:20:34.647,0.78125,0.78135,0.20,1.70
2008.03.26 09:20:34.971,0.78125,0.78135,0.60,1.60
2008.03.26 09:20:35.293,0.78125,0.78135,0.20,1.60
2008.03.26 09:20:35.552,0.78125,0.78135,0.90,1.60
2008.03.26 09:20:35.798,0.7813,0.78135,0.20,1.60
2008.03.26 09:20:36.043,0.78135,0.78145,0.40,0.30
2008.03.26 09:20:36.286,0.78135,0.7815,12.00,0.20
2008.03.26 09:20:36.621,0.78135,0.78155,16.30,10.00
2008.03.26 09:20:36.957,0.78145,0.78155,0.20,0.05
2008.03.26 09:20:37.294,0.7815,0.78155,0.20,1.70
2008.03.26 09:20:37.555,0.78155,0.7816,0.20,0.30
2008.03.26 09:20:37.814,0.78145,0.7815,0.80,0.20
2008.03.26 09:20:38.091,0.7814,0.7815,0.20,0.20
2008.03.26 09:20:38.353,0.78155,0.7816,0.20,0.30
2008.03.26 09:20:38.664,0.78155,0.78165,2.50,8.20
2008.03.26 09:20:38.974,0.78155,0.78165,2.50,4.20
2008.03.26 09:20:39.286,0.78155,0.7816,0.10,0.30
2008.03.26 09:20:39.596,0.7815,0.7816,0.60,0.30
2008.03.26 09:20:39.867,0.7815,0.7816,0.40,0.50
2008.03.26 09:20:40.139,0.78145,0.7816,2.40,0.60
2008.03.26 09:20:40.408,0.78145,0.7816,2.40,0.60
2008.03.26 09:20:40.700,0.78145,0.7815,2.40,0.30
2008.03.26 09:20:40.982,0.78135,0.7815,1.20,0.30
2008.03.26 09:20:41.262,0.78135,0.7815,1.20,0.30
2008.03.26 09:20:41.541,0.78135,0.7815,0.40,0.50
2008.03.26 09:20:41.842,0.7813,0.78145,4.60,0.30
2008.03.26 09:20:42.144,0.7813,0.78145,4.40,0.30
2008.03.26 09:20:42.453,0.78135,0.78145,2.40,0.30
2008.03.26 09:20:42.734,0.78135,0.7815,2.70,0.30
2008.03.26 09:20:43.016,0.78135,0.7815,0.40,0.30
2008.03.26 09:20:43.299,0.78135,0.78145,0.40,0.30
2008.03.26 09:20:43.580,0.78135,0.7815,0.40,0.30
2008.03.26 09:20:43.876,0.7814,0.7815,0.40,0.30
2008.03.26 09:20:44.171,0.7814,0.78155,0.60,0.30
2008.03.26 09:20:44.465,0.7814,0.78155,0.60,0.30
2008.03.26 09:20:44.730,0.7814,0.78155,0.20,1.20
2008.03.26 09:20:44.995,0.7814,0.7815,0.20,0.30
2008.03.26 09:20:45.273,0.7814,0.7815,0.20,0.30
2008.03.26 09:20:45.536,0.78135,0.7815,6.70,0.60
2008.03.26 09:20:45.831,0.78135,0.7815,2.70,0.60
2008.03.26 09:20:46.125,0.78135,0.7815,2.70,0.60
2008.03.26 09:20:46.420,0.7814,0.7815,0.20,0.60
2008.03.26 09:20:46.715,0.78135,0.78145,2.70,0.30
2008.03.26 09:20:47.006,0.7814,0.78145,0.20,0.30
2008.03.26 09:20:47.301,0.7814,0.78155,0.60,0.50
2008.03.26 09:20:47.590,0.7814,0.78155,0.60,0.30
2008.03.26 09:20:47.875,0.7814,0.78155,0.60,0.30
2008.03.26 09:20:48.160,0.7814,0.7815,0.20,0.30
2008.03.26 09:20:48.446,0.7814,0.7815,0.20,0.60
2008.03.26 09:20:48.733,0.7814,0.7815,0.20,0.60
2008.03.26 09:20:49.033,0.7814,0.7815,0.20,0.60
2008.03.26 09:20:49.332,0.7814,0.7815,0.40,0.30
2008.03.26 09:20:49.632,0.7814,0.7815,0.40,0.30
2008.03.26 09:20:49.877,0.7814,0.7815,0.40,0.30
2008.03.26 09:20:50.132,0.7814,0.7815,0.40,0.30
2008.03.26 09:20:50.376,0.7814,0.7815,0.40,0.30
2008.03.26 09:20:50.630,0.7814,0.7815,0.40,0.30
2008.03.26 09:20:50.949,0.7814,0.7815,0.40,0.30
2008.03.26 09:20:51.269,0.7814,0.7815,0.60,0.30
2008.03.26 09:20:51.590,0.78145,0.78155,0.40,4.00
2008.03.26 09:20:51.845,0.78145,0.78155,0.60,1.60
2008.03.26 09:20:52.112,0.78145,0.7816,0.60,0.30
2008.03.26 09:20:52.366,0.78145,0.7816,0.60,0.60
2008.03.26 09:20:52.621,0.78145,0.7816,0.20,0.60
2008.03.26 09:20:52.874,0.78145,0.7816,0.20,0.60
2008.03.26 09:20:53.175,0.78145,0.7816,0.20,0.60
2008.03.26 09:20:53.475,0.7814,0.7815,0.60,0.30
2008.03.26 09:20:53.775,0.7814,0.78155,0.20,0.50
2008.03.26 09:20:54.050,0.7814,0.78155,0.20,0.50
2008.03.26 09:20:54.324,0.78135,0.7815,1.20,0.30
2008.03.26 09:20:54.600,0.78135,0.7815,1.20,0.30
2008.03.26 09:20:54.876,0.78135,0.7815,3.60,0.30
2008.03.26 09:20:55.136,0.7814,0.7815,0.60,0.30
2008.03.26 09:20:55.395,0.7814,0.78155,0.60,16.40
2008.03.26 09:20:55.653,0.7814,0.78155,0.40,16.40
2008.03.26 09:20:55.955,0.78135,0.78155,1.20,18.00
2008.03.26 09:20:56.256,0.78135,0.7815,1.20,0.30
2008.03.26 09:20:56.555,0.78135,0.7815,7.60,0.30
2008.03.26 09:20:56.855,0.7814,0.7815,0.40,0.30
2008.03.26 09:20:57.145,0.7814,0.7815,0.20,0.50
2008.03.26 09:20:57.437,0.78135,0.78155,0.60,23.50
2008.03.26 09:20:57.726,0.7814,0.7815,0.20,0.30
2008.03.26 09:20:58.008,0.78135,0.7815,0.60,0.60
2008.03.26 09:20:58.287,0.78135,0.7815,0.60,0.60
2008.03.26 09:20:58.566,0.78135,0.7815,0.60,0.60
2008.03.26 09:20:58.845,0.78135,0.7815,0.20,0.60
2008.03.26 09:20:59.148,0.78135,0.7815,0.60,0.60
2008.03.26 09:20:59.455,0.78135,0.78145,0.40,0.30
2008.03.26 09:20:59.759,0.7813,0.78145,0.60,2.60
2008.03.26 09:20:59.999,0.78135,0.7815,0.20,0.60
2008.03.26 09:21:00.238,0.78135,0.7815,0.20,0.60
2008.03.26 09:21:00.479,0.78135,0.7815,0.20,0.60
2008.03.26 09:21:00.717,0.7813,0.78145,0.60,0.30
2008.03.26 09:21:00.957,0.7813,0.78145,0.60,0.30
2008.03.26 09:21:01.288,0.78135,0.78145,0.20,0.30
2008.03.26 09:21:01.608,0.7813,0.78145,0.60,0.90
2008.03.26 09:21:01.927,0.7813,0.78145,0.60,0.90
2008.03.26 09:21:02.187,0.7813,0.78145,0.60,0.90
2008.03.26 09:21:02.449,0.7813,0.78145,0.60,2.60
2008.03.26 09:21:02.708,0.7813,0.7814,0.60,0.30
2008.03.26 09:21:02.968,0.7813,0.7814,0.60,0.30
2008.03.26 09:21:03.283,0.7813,0.7814,0.40,0.30
2008.03.26 09:21:03.598,0.7813,0.7814,0.60,0.30
2008.03.26 09:21:03.912,0.7813,0.7814,0.60,0.30
2008.03.26 09:21:04.188,0.7813,0.7814,0.60,0.30
2008.03.26 09:21:04.462,0.7813,0.78145,0.60,0.30
2008.03.26 09:21:04.735,0.7813,0.78145,0.60,0.30
2008.03.26 09:21:05.009,0.7813,0.78145,0.60,2.60
2008.03.26 09:21:05.269,0.7813,0.7814,0.60,0.30
2008.03.26 09:21:05.528,0.7813,0.7814,0.60,0.30
2008.03.26 09:21:05.787,0.7813,0.7814,0.60,0.30
2008.03.26 09:21:06.049,0.78135,0.78145,0.20,2.40
2008.03.26 09:21:06.339,0.78135,0.78145,0.60,2.40
2008.03.26 09:21:06.632,0.78135,0.78145,0.20,2.40
2008.03.26 09:21:06.922,0.78135,0.7814,0.20,0.30
2008.03.26 09:21:07.213,0.7813,0.7814,0.60,0.30
2008.03.26 09:21:07.503,0.7813,0.7814,0.60,0.30
2008.03.26 09:21:07.804,0.7813,0.7814,0.60,0.30
2008.03.26 09:21:08.082,0.7813,0.7814,0.60,0.30
2008.03.26 09:21:08.362,0.7813,0.7814,0.60,0.30
2008.03.26 09:21:08.641,0.7813,0.7814,0.60,0.30
2008.03.26 09:21:08.922,0.78135,0.7814,0.20,0.30
2008.03.26 09:21:09.201,0.78135,0.7814,0.20,0.30
2008.03.26 09:21:09.486,0.78135,0.7815,0.20,0.60
2008.03.26 09:21:09.772,0.78135,0.7815,0.20,0.60
2008.03.26 09:21:10.055,0.78135,0.7815,0.20,0.60
2008.03.26 09:21:10.310,0.78135,0.7815,0.20,0.60
2008.03.26 09:21:10.566,0.78135,0.7815,0.20,0.60
2008.03.26 09:21:10.820,0.78135,0.7815,0.20,0.60
2008.03.26 09:21:11.073,0.78135,0.7815,0.20,0.60
2008.03.26 09:21:11.368,0.7813,0.7814,0.60,0.30
2008.03.26 09:21:11.662,0.7813,0.7814,0.60,0.30
2008.03.26 09:21:11.957,0.7813,0.7814,0.60,0.30
2008.03.26 09:21:12.259,0.7813,0.7814,0.60,0.30
2008.03.26 09:21:12.574,0.78135,0.7814,0.20,0.30
2008.03.26 09:21:12.885,0.78135,0.78145,0.20,2.40
2008.03.26 09:21:13.206,0.78135,0.78145,0.20,2.40
2008.03.26 09:21:13.447,0.78135,0.78145,0.20,2.40
2008.03.26 09:21:13.664,0.78135,0.78145,0.20,2.40
2008.03.26 09:21:13.893,0.78135,0.78145,0.20,2.40
2008.03.26 09:21:14.122,0.7813,0.78145,0.60,2.40
2008.03.26 09:21:14.442,0.7813,0.78145,0.60,2.40
2008.03.26 09:21:14.762,0.7813,0.78145,0.60,4.80
2008.03.26 09:21:15.083,0.7813,0.7815,0.60,0.60
2008.03.26 09:21:15.403,0.7814,0.7815,0.20,0.60
2008.03.26 09:21:15.667,0.7814,0.7815,0.20,0.60
2008.03.26 09:21:15.932,0.7814,0.7815,0.20,0.60
2008.03.26 09:21:16.197,0.7814,0.7815,0.20,0.30
2008.03.26 09:21:16.467,0.7814,0.7815,0.20,0.30
2008.03.26 09:21:16.736,0.7814,0.7815,0.20,0.30
2008.03.26 09:21:17.005,0.7814,0.7815,0.20,0.30
2008.03.26 09:21:17.273,0.7814,0.7815,0.20,0.30
2008.03.26 09:21:17.592,0.7814,0.78155,0.20,8.40
2008.03.26 09:21:17.912,0.7814,0.7815,0.20,0.30
2008.03.26 09:21:18.232,0.7814,0.7815,0.20,0.30
2008.03.26 09:21:18.559,0.7814,0.78155,0.60,1.70
2008.03.26 09:21:18.829,0.7814,0.78155,0.60,1.70
2008.03.26 09:21:19.099,0.7814,0.78155,0.60,1.70
2008.03.26 09:21:19.376,0.7814,0.7815,0.20,0.30
2008.03.26 09:21:19.657,0.7814,0.7815,0.60,0.30
2008.03.26 09:21:19.934,0.7814,0.7815,0.60,0.30
2008.03.26 09:21:20.212,0.7814,0.7815,0.20,0.30
2008.03.26 09:21:20.491,0.7814,0.7815,0.20,0.30
2008.03.26 09:21:20.776,0.7814,0.7815,0.20,0.30
2008.03.26 09:21:21.061,0.7814,0.7815,0.20,0.60
2008.03.26 09:21:21.345,0.7814,0.7815,0.20,0.60
2008.03.26 09:21:21.629,0.7814,0.7815,0.20,0.60
2008.03.26 09:21:21.920,0.7814,0.7815,0.20,0.60
2008.03.26 09:21:22.213,0.7814,0.7815,0.20,0.30
2008.03.26 09:21:22.503,0.7814,0.7815,0.20,0.30
2008.03.26 09:21:22.778,0.7814,0.7815,0.20,0.30
2008.03.26 09:21:23.055,0.78135,0.7815,2.40,0.50
2008.03.26 09:21:23.339,0.78135,0.7815,2.40,0.50
2008.03.26 09:21:23.612,0.78135,0.7815,2.40,0.60
2008.03.26 09:21:23.904,0.7814,0.7815,0.20,0.60
2008.03.26 09:21:24.196,0.7814,0.7815,0.20,0.60
2008.03.26 09:21:24.486,0.7814,0.7815,0.20,0.60
2008.03.26 09:21:24.778,0.78145,0.7815,3.50,0.30
2008.03.26 09:21:25.064,0.78145,0.7816,7.50,1.00
2008.03.26 09:21:25.350,0.78145,0.7816,6.70,0.60
2008.03.26 09:21:25.635,0.7815,0.7816,0.20,0.60
2008.03.26 09:21:25.932,0.7815,0.7816,0.20,0.30
2008.03.26 09:21:26.213,0.7815,0.7816,0.40,0.30
2008.03.26 09:21:26.493,0.7815,0.78165,0.40,1.70
2008.03.26 09:21:26.778,0.7815,0.78165,0.60,4.00
2008.03.26 09:21:27.049,0.7815,0.78165,0.60,4.00
2008.03.26 09:21:27.327,0.7815,0.78165,0.60,8.10
2008.03.26 09:21:27.606,0.7815,0.78165,0.40,8.10
2008.03.26 09:21:27.866,0.7815,0.78165,0.60,12.10
2008.03.26 09:21:28.181,0.7815,0.78165,0.60,4.00
2008.03.26 09:21:28.494,0.7815,0.78165,0.60,4.00
2008.03.26 09:21:28.811,0.7816,0.78165,0.20,4.00
2008.03.26 09:21:29.066,0.7816,0.78165,0.20,1.60
2008.03.26 09:21:29.319,0.7816,0.7817,0.20,0.60
2008.03.26 09:21:29.574,0.7816,0.7817,0.20,0.60
2008.03.26 09:21:29.831,0.78155,0.7817,2.70,0.60
2008.03.26 09:21:30.136,0.78155,0.7817,6.70,0.60
2008.03.26 09:21:30.443,0.78155,0.78165,0.40,0.30
2008.03.26 09:21:30.758,0.7816,0.7817,0.20,0.60
2008.03.26 09:21:31.064,0.78155,0.7817,2.70,0.60
2008.03.26 09:21:31.360,0.78155,0.7817,2.70,0.60
2008.03.26 09:21:31.654,0.78155,0.7817,2.70,0.60
2008.03.26 09:21:31.951,0.78155,0.7817,5.90,0.30
2008.03.26 09:21:32.195,0.7816,0.7817,0.40,0.30
2008.03.26 09:21:32.440,0.7816,0.7817,0.20,0.30
2008.03.26 09:21:32.684,0.78155,0.7817,5.20,0.50
2008.03.26 09:21:32.928,0.78155,0.7817,2.80,0.50
2008.03.26 09:21:33.262,0.78155,0.7817,2.40,0.60
2008.03.26 09:21:33.609,0.7815,0.7817,0.60,0.60
2008.03.26 09:21:33.945,0.78155,0.7817,2.70,0.60
2008.03.26 09:21:34.184,0.78155,0.7817,5.10,0.30
2008.03.26 09:21:34.423,0.78155,0.7817,5.10,0.60
2008.03.26 09:21:34.663,0.78155,0.7817,5.80,0.30
2008.03.26 09:21:34.903,0.7816,0.78175,0.20,4.40
2008.03.26 09:21:35.238,0.7816,0.7817,0.20,0.50
2008.03.26 09:21:35.580,0.78155,0.7817,0.90,0.60
2008.03.26 09:21:35.915,0.78155,0.7817,0.20,0.50
2008.03.26 09:21:36.161,0.78155,0.7817,0.60,0.50
2008.03.26 09:21:36.406,0.78155,0.7817,0.60,0.50
2008.03.26 09:21:36.651,0.78155,0.7817,0.60,0.50
2008.03.26 09:21:36.895,0.78155,0.7817,0.60,0.50
2008.03.26 09:21:37.214,0.78155,0.7817,0.60,0.60
2008.03.26 09:21:37.533,0.78155,0.7817,2.70,0.60
2008.03.26 09:21:37.852,0.78155,0.7817,2.70,0.60
2008.03.26 09:21:38.172,0.78155,0.7817,2.70,0.60
2008.03.26 09:21:38.463,0.78155,0.7817,2.70,0.60
2008.03.26 09:21:38.752,0.78155,0.7817,2.70,0.60
2008.03.26 09:21:39.041,0.78155,0.7817,2.80,0.60
2008.03.26 09:21:39.285,0.7815,0.7817,0.60,0.60
2008.03.26 09:21:39.530,0.7815,0.7817,0.60,0.60
2008.03.26 09:21:39.774,0.78155,0.7817,2.40,0.60
2008.03.26 09:21:40.019,0.78155,0.7817,2.40,4.60
2008.03.26 09:21:40.348,0.78155,0.7817,2.40,0.60
2008.03.26 09:21:40.677,0.78155,0.7817,2.40,0.60
2008.03.26 09:21:41.007,0.78155,0.7817,2.40,4.60
2008.03.26 09:21:41.251,0.7815,0.7817,0.60,4.60
2008.03.26 09:21:41.496,0.7815,0.78165,0.60,0.30
2008.03.26 09:21:41.741,0.7815,0.78165,0.60,0.30
2008.03.26 09:21:41.985,0.7815,0.78165,0.60,0.30
2008.03.26 09:21:42.305,0.7815,0.7817,0.60,4.60
2008.03.26 09:21:42.624,0.7815,0.7817,1.40,0.60
2008.03.26 09:21:42.943,0.78155,0.7817,0.40,0.60
2008.03.26 09:21:43.261,0.78155,0.7817,0.40,0.60
2008.03.26 09:21:43.536,0.78155,0.7817,0.40,0.60
2008.03.26 09:21:43.810,0.78155,0.7817,0.60,0.50
2008.03.26 09:21:44.084,0.78155,0.7816,0.40,0.30
2008.03.26 09:21:44.379,0.78155,0.7817,0.40,0.60
2008.03.26 09:21:44.672,0.78155,0.7817,0.40,0.60
2008.03.26 09:21:44.968,0.78155,0.7817,0.40,0.60
2008.03.26 09:21:45.245,0.7815,0.7817,0.60,0.60
2008.03.26 09:21:45.518,0.78155,0.7817,0.40,0.60
2008.03.26 09:21:45.788,0.78155,0.7817,0.40,0.60
2008.03.26 09:21:46.057,0.78155,0.7817,0.40,0.60
2008.03.26 09:21:46.355,0.78155,0.7817,0.40,0.60
2008.03.26 09:21:46.656,0.7815,0.78165,4.40,0.30
2008.03.26 09:21:46.954,0.7815,0.78165,4.40,0.30
2008.03.26 09:21:47.253,0.78155,0.78165,0.40,0.30
2008.03.26 09:21:47.527,0.78155,0.7817,0.40,0.60
2008.03.26 09:21:47.802,0.78155,0.7817,0.40,0.60
2008.03.26 09:21:48.089,0.78155,0.7817,0.40,0.60
2008.03.26 09:21:48.397,0.7815,0.7817,0.60,0.60
2008.03.26 09:21:48.702,0.7815,0.7817,0.60,0.60
2008.03.26 09:21:49.006,0.7815,0.7817,0.60,0.60
2008.03.26 09:21:49.312,0.7816,0.7817,0.20,0.60
2008.03.26 09:21:49.592,0.78155,0.7817,2.70,0.60
2008.03.26 09:21:49.872,0.78155,0.7817,2.70,0.60
2008.03.26 09:21:50.151,0.78155,0.7817,2.70,0.60
2008.03.26 09:21:50.415,0.78155,0.7817,2.70,0.60
2008.03.26 09:21:50.680,0.78155,0.7817,2.70,0.60
2008.03.26 09:21:50.944,0.78155,0.7817,2.70,0.60
2008.03.26 09:21:51.208,0.78155,0.7817,2.70,0.60
2008.03.26 09:21:51.507,0.7816,0.7817,0.20,0.60
2008.03.26 09:21:51.810,0.78155,0.7817,2.70,0.60
2008.03.26 09:21:52.109,0.7816,0.7817,0.20,0.60
2008.03.26 09:21:52.411,0.7816,0.7817,0.20,0.60
2008.03.26 09:21:52.690,0.7816,0.7817,0.20,0.60
2008.03.26 09:21:52.971,0.7816,0.7817,0.20,0.60
2008.03.26 09:21:53.251,0.7816,0.7817,0.20,0.60
2008.03.26 09:21:53.547,0.7816,0.7817,0.20,0.60
2008.03.26 09:21:53.826,0.7816,0.7817,0.20,0.60
2008.03.26 09:21:54.113,0.7816,0.7817,0.20,0.60
2008.03.26 09:21:54.407,0.7816,0.7817,0.20,0.60
2008.03.26 09:21:54.724,0.7816,0.7817,0.20,0.60
2008.03.26 09:21:55.038,0.7816,0.7817,0.20,0.60
2008.03.26 09:21:55.341,0.7816,0.7817,0.20,0.60
2008.03.26 09:21:55.570,0.7816,0.7817,0.20,0.30
2008.03.26 09:21:55.799,0.7816,0.7817,0.20,0.30
2008.03.26 09:21:56.028,0.7816,0.7817,0.20,0.30
2008.03.26 09:21:56.257,0.7816,0.7817,0.40,0.30
2008.03.26 09:21:56.602,0.7816,0.78175,0.60,1.60
2008.03.26 09:21:56.937,0.7816,0.7817,0.40,0.30
2008.03.26 09:21:57.271,0.7816,0.7817,0.40,0.30
2008.03.26 09:21:57.605,0.7816,0.7817,0.40,0.30
2008.03.26 09:21:57.864,0.7816,0.7817,0.40,0.30
2008.03.26 09:21:58.123,0.7816,0.7817,0.40,0.30
2008.03.26 09:21:58.383,0.7816,0.7817,0.40,0.30
2008.03.26 09:21:58.692,0.7816,0.7817,0.40,0.30
2008.03.26 09:21:59.002,0.7816,0.7817,0.40,0.30
2008.03.26 09:21:59.312,0.7816,0.7817,0.60,0.30
2008.03.26 09:21:59.572,0.7816,0.7817,0.60,0.30
2008.03.26 09:21:59.833,0.7816,0.7817,0.40,0.30
2008.03.26 09:22:00.093,0.7816,0.7817,0.40,0.30
2008.03.26 09:22:00.351,0.7816,0.7817,0.40,0.30
2008.03.26 09:22:00.630,0.7816,0.7817,0.40,0.30
2008.03.26 09:22:00.909,0.7816,0.7817,0.40,0.30
2008.03.26 09:22:01.193,0.7816,0.7817,0.40,0.30
2008.03.26 09:22:01.471,0.7816,0.7817,0.40,0.30
2008.03.26 09:22:01.780,0.7816,0.7817,0.40,0.30
2008.03.26 09:22:02.085,0.7816,0.7817,0.40,0.30
2008.03.26 09:22:02.388,0.7816,0.7817,0.40,0.30
2008.03.26 09:22:02.658,0.7816,0.7817,0.40,0.30
2008.03.26 09:22:02.929,0.7816,0.7817,0.60,0.30
2008.03.26 09:22:03.198,0.78165,0.7817,0.20,0.30
2008.03.26 09:22:03.468,0.78165,0.7817,0.20,0.30
2008.03.26 09:22:03.773,0.78165,0.7817,0.20,0.30
2008.03.26 09:22:04.078,0.7816,0.7817,0.40,0.30
2008.03.26 09:22:04.383,0.7816,0.78175,0.60,1.60
2008.03.26 09:22:04.690,0.78165,0.78175,0.20,1.80
2008.03.26 09:22:06.120,0.78165,0.78175,0.20,2.00
2008.03.26 09:22:06.182,0.78165,0.78175,0.20,4.10
2008.03.26 09:22:06.239,0.78165,0.78175,0.20,5.70
2008.03.26 09:22:06.298,0.78165,0.7817,0.20,0.30
2008.03.26 09:22:06.366,0.7816,0.7817,0.40,0.30
2008.03.26 09:22:06.437,0.7816,0.7817,0.60,0.30
2008.03.26 09:22:06.473,0.7816,0.7817,0.60,0.30
2008.03.26 09:22:06.526,0.7816,0.7817,0.40,0.30
2008.03.26 09:22:06.595,0.7816,0.7817,0.40,0.30
2008.03.26 09:22:06.647,0.7816,0.7817,0.40,0.30
2008.03.26 09:22:06.700,0.7816,0.7817,0.40,0.30
2008.03.26 09:22:06.757,0.7816,0.7817,0.40,0.30
2008.03.26 09:22:06.810,0.7816,0.7817,0.40,0.30
2008.03.26 09:22:06.866,0.7816,0.7817,0.40,0.30
2008.03.26 09:22:06.925,0.7816,0.7817,0.40,0.30
2008.03.26 09:22:06.989,0.7816,0.7817,0.40,0.30
2008.03.26 09:22:07.032,0.7816,0.7817,0.40,0.30
2008.03.26 09:22:07.108,0.7816,0.7817,0.40,0.30
2008.03.26 09:22:07.441,0.7816,0.78175,0.60,6.50
2008.03.26 09:22:07.776,0.7816,0.78175,0.60,4.00
2008.03.26 09:22:08.122,0.7816,0.78175,0.60,4.10
2008.03.26 09:22:08.402,0.7816,0.78175,0.60,4.40
2008.03.26 09:22:08.661,0.7816,0.78175,0.60,4.40
2008.03.26 09:22:08.930,0.7816,0.78175,0.60,4.40
2008.03.26 09:22:09.201,0.7816,0.78175,0.60,4.40
2008.03.26 09:22:09.469,0.7816,0.78175,0.60,4.40
2008.03.26 09:22:09.741,0.78165,0.78175,0.40,4.20
2008.03.26 09:22:10.012,0.78165,0.78175,0.60,1.60
2008.03.26 09:22:10.282,0.78165,0.78175,1.20,1.60
2008.03.26 09:22:10.557,0.7817,0.78175,0.20,1.60
2008.03.26 09:22:10.831,0.7817,0.7818,0.60,0.30
2008.03.26 09:22:11.105,0.7817,0.78185,0.60,2.60
2008.03.26 09:22:11.378,0.7817,0.78185,0.60,2.80
2008.03.26 09:22:11.667,0.7817,0.78185,0.60,2.80
2008.03.26 09:22:11.969,0.7817,0.78185,0.60,2.80
2008.03.26 09:22:12.266,0.7817,0.78185,0.60,2.60
2008.03.26 09:22:12.545,0.78175,0.7819,2.70,0.60
2008.03.26 09:22:12.934,0.78175,0.7819,5.00,0.60
2008.03.26 09:22:13.174,0.7818,0.7819,0.20,0.30
2008.03.26 09:22:13.491,0.78175,0.7819,5.00,0.60
2008.03.26 09:22:13.733,0.78175,0.7819,2.80,0.60
2008.03.26 09:22:13.979,0.78175,0.78185,2.80,0.30
2008.03.26 09:22:14.233,0.78175,0.78185,2.50,0.30
2008.03.26 09:22:14.491,0.7818,0.7819,0.20,0.60
2008.03.26 09:22:14.780,0.7818,0.7819,0.20,0.60
2008.03.26 09:22:15.068,0.7818,0.7819,0.20,0.60
2008.03.26 09:22:15.358,0.7818,0.7819,0.20,0.60
2008.03.26 09:22:15.646,0.7818,0.7819,0.20,0.60
2008.03.26 09:22:15.897,0.7817,0.7819,0.60,0.60
2008.03.26 09:22:16.147,0.7817,0.78185,0.60,0.30
2008.03.26 09:22:16.397,0.7817,0.78185,0.20,2.80
2008.03.26 09:22:16.647,0.7817,0.78185,0.20,6.80
2008.03.26 09:22:16.972,0.78165,0.7818,6.80,0.30
2008.03.26 09:22:17.280,0.78165,0.7818,6.80,0.30
2008.03.26 09:22:17.589,0.78165,0.7818,6.80,0.30
2008.03.26 09:22:17.889,0.78165,0.7818,0.60,0.30
2008.03.26 09:22:18.189,0.78165,0.7818,0.20,0.50
2008.03.26 09:22:18.487,0.78165,0.7818,0.20,0.50
2008.03.26 09:22:18.787,0.78165,0.7818,0.60,0.50
2008.03.26 09:22:19.042,0.78165,0.7818,0.60,0.50
2008.03.26 09:22:19.298,0.7817,0.7818,0.40,0.30
2008.03.26 09:22:19.552,0.7817,0.7818,0.60,0.30
2008.03.26 09:22:19.807,0.7817,0.7818,0.60,0.30
2008.03.26 09:22:20.112,0.7817,0.7818,0.40,0.30
2008.03.26 09:22:20.419,0.7817,0.7818,0.40,0.60
2008.03.26 09:22:20.722,0.78165,0.7818,10.80,0.60
2008.03.26 09:22:21.001,0.78165,0.7818,10.80,0.60
2008.03.26 09:22:21.280,0.78165,0.7818,10.80,0.60
2008.03.26 09:22:21.561,0.78165,0.78175,0.40,0.30
2008.03.26 09:22:21.848,0.78165,0.78175,2.70,0.30
2008.03.26 09:22:22.112,0.78165,0.78175,2.70,0.30
2008.03.26 09:22:22.386,0.7817,0.78175,0.60,0.30
2008.03.26 09:22:22.661,0.7817,0.78185,0.60,0.30
2008.03.26 09:22:22.975,0.78165,0.78185,3.60,6.80
2008.03.26 09:22:23.292,0.7817,0.78185,0.40,2.00
2008.03.26 09:22:23.607,0.7817,0.78185,0.40,2.00
2008.03.26 09:22:23.922,0.7817,0.78185,0.60,0.30
2008.03.26 09:22:24.170,0.7817,0.78185,0.60,0.30
2008.03.26 09:22:24.419,0.7817,0.78185,0.60,0.30
2008.03.26 09:22:24.669,0.7817,0.78185,0.60,0.30
2008.03.26 09:22:24.957,0.7817,0.78185,0.60,0.30
2008.03.26 09:22:25.247,0.7817,0.78185,0.60,0.30
2008.03.26 09:22:25.537,0.7817,0.78185,0.60,0.30
2008.03.26 09:22:25.826,0.7817,0.78185,0.60,2.80
2008.03.26 09:22:26.109,0.7817,0.78185,0.60,4.40
2008.03.26 09:22:26.393,0.7817,0.78185,0.60,4.40
2008.03.26 09:22:26.677,0.7817,0.78185,0.60,4.40
2008.03.26 09:22:26.903,0.7817,0.78185,0.60,4.40
2008.03.26 09:22:27.127,0.7817,0.78185,0.60,4.40
2008.03.26 09:22:27.351,0.7817,0.78185,0.20,4.40
2008.03.26 09:22:27.577,0.78165,0.7818,2.80,0.60
2008.03.26 09:22:27.801,0.78165,0.7818,2.80,0.60
2008.03.26 09:22:28.137,0.78165,0.78175,2.80,0.30
2008.03.26 09:22:28.471,0.78165,0.78175,2.50,0.30
2008.03.26 09:22:28.805,0.78165,0.78175,2.40,0.30
2008.03.26 09:22:29.034,0.78165,0.78175,2.40,0.30
2008.03.26 09:22:29.262,0.78165,0.78175,2.40,0.30
2008.03.26 09:22:29.494,0.78165,0.7818,2.40,0.50
2008.03.26 09:22:29.725,0.78165,0.7818,2.70,0.50
2008.03.26 09:22:30.062,0.78165,0.7818,2.70,0.50
2008.03.26 09:22:30.397,0.78165,0.7818,2.70,0.50
2008.03.26 09:22:30.724,0.7817,0.78185,0.20,4.40
2008.03.26 09:22:30.969,0.7817,0.78185,0.20,4.40
2008.03.26 09:22:31.225,0.7817,0.78185,0.20,4.40
2008.03.26 09:22:31.481,0.7817,0.78185,0.20,24.40
2008.03.26 09:22:31.739,0.78165,0.7818,0.60,0.30
2008.03.26 09:22:32.033,0.78165,0.7818,0.60,0.30
2008.03.26 09:22:32.338,0.78165,0.7818,0.60,0.30
2008.03.26 09:22:32.632,0.78165,0.7818,0.20,0.60
2008.03.26 09:22:32.926,0.78165,0.7818,0.60,0.60
2008.03.26 09:22:33.251,0.78165,0.7818,0.60,0.60
2008.03.26 09:22:33.574,0.78165,0.7818,0.60,0.60
2008.03.26 09:22:33.898,0.78165,0.7818,0.60,0.60
2008.03.26 09:22:34.149,0.78165,0.7818,0.60,0.60
2008.03.26 09:22:34.398,0.78165,0.7818,0.60,0.60
2008.03.26 09:22:34.648,0.78165,0.7818,0.60,0.60
2008.03.26 09:22:34.897,0.78165,0.7818,0.60,0.60
2008.03.26 09:22:35.191,0.78165,0.7818,0.60,0.60
2008.03.26 09:22:35.485,0.78165,0.7818,2.80,0.60
2008.03.26 09:22:35.779,0.78165,0.7818,2.80,0.60
2008.03.26 09:22:36.073,0.78165,0.7818,2.80,0.60
2008.03.26 09:22:36.329,0.78165,0.7818,2.80,0.60
2008.03.26 09:22:36.583,0.78165,0.7818,2.80,0.60
2008.03.26 09:22:36.838,0.78165,0.7818,2.80,0.60
2008.03.26 09:22:37.091,0.78165,0.7818,2.80,0.60
2008.03.26 09:22:37.375,0.78165,0.7818,2.80,0.60
2008.03.26 09:22:37.658,0.78165,0.7818,2.80,0.60
2008.03.26 09:22:37.942,0.78165,0.7818,3.60,0.60
2008.03.26 09:22:38.232,0.78165,0.7818,2.80,0.60
2008.03.26 09:22:38.519,0.78165,0.7818,2.80,0.60
2008.03.26 09:22:38.808,0.78165,0.7818,2.80,0.60
2008.03.26 09:22:39.096,0.78165,0.7818,2.80,0.60
2008.03.26 09:22:40.470,0.78165,0.7818,2.80,0.60
2008.03.26 09:22:40.535,0.78165,0.7818,2.80,0.60
2008.03.26 09:22:40.579,0.78165,0.7818,2.80,0.60
2008.03.26 09:22:40.622,0.78165,0.7818,2.80,0.60
2008.03.26 09:22:40.674,0.78165,0.7818,2.80,0.60
2008.03.26 09:22:40.761,0.78165,0.7818,2.80,0.60
2008.03.26 09:22:40.888,0.78165,0.7818,2.80,0.60
2008.03.26 09:22:41.008,0.78165,0.7818,2.80,0.60
2008.03.26 09:22:41.103,0.78165,0.7818,2.80,0.60
2008.03.26 09:22:41.190,0.78165,0.7818,2.80,0.60
2008.03.26 09:22:41.232,0.78165,0.7818,2.80,0.60
2008.03.26 09:22:41.321,0.78165,0.7818,2.80,0.60
2008.03.26 09:22:41.440,0.78165,0.7818,2.80,0.60
2008.03.26 09:22:41.552,0.78165,0.7818,2.80,0.60
2008.03.26 09:22:41.888,0.78165,0.7818,5.20,0.60
2008.03.26 09:22:42.226,0.7817,0.7818,0.20,0.60
2008.03.26 09:22:42.562,0.7817,0.7818,0.20,0.60
2008.03.26 09:22:42.839,0.7817,0.7818,0.40,0.60
2008.03.26 09:22:43.102,0.7817,0.7818,0.40,0.60
2008.03.26 09:22:43.379,0.7817,0.7818,0.40,0.60
2008.03.26 09:22:43.636,0.7817,0.7818,0.40,0.60
2008.03.26 09:22:43.936,0.7817,0.7818,0.20,0.60
2008.03.26 09:22:44.235,0.7817,0.7818,0.20,0.60
2008.03.26 09:22:44.543,0.7817,0.7818,0.20,0.60
2008.03.26 09:22:44.854,0.7817,0.7818,0.20,0.30
2008.03.26 09:22:45.149,0.7817,0.7818,0.20,0.30
2008.03.26 09:22:45.434,0.7817,0.7818,0.20,0.30
2008.03.26 09:22:45.721,0.7817,0.7818,0.20,0.30
2008.03.26 09:22:45.983,0.7817,0.7818,0.20,0.30
2008.03.26 09:22:46.249,0.7817,0.78185,0.40,2.80
2008.03.26 09:22:46.505,0.7817,0.78185,0.40,6.80
2008.03.26 09:22:46.760,0.7817,0.78185,0.40,2.80
2008.03.26 09:22:47.061,0.7817,0.78185,0.40,2.80
2008.03.26 09:22:47.361,0.7817,0.78185,0.40,2.80
2008.03.26 09:22:47.661,0.7817,0.78185,0.40,2.80
2008.03.26 09:22:47.941,0.7817,0.78185,0.40,2.80
2008.03.26 09:22:48.223,0.7817,0.78185,0.40,2.80
2008.03.26 09:22:48.479,0.7817,0.78185,0.40,2.80
2008.03.26 09:22:48.747,0.7817,0.78185,0.40,2.80
2008.03.26 09:22:49.020,0.7817,0.78185,0.40,2.80
2008.03.26 09:22:49.294,0.7817,0.78185,0.40,2.80
2008.03.26 09:22:49.568,0.7817,0.78185,0.40,2.80
2008.03.26 09:22:49.842,0.7817,0.78185,0.40,2.80
2008.03.26 09:22:50.121,0.7817,0.78185,0.40,2.80
2008.03.26 09:22:50.400,0.7817,0.78185,0.40,2.80
2008.03.26 09:22:50.680,0.7817,0.78185,0.40,2.80
2008.03.26 09:22:50.959,0.7817,0.78185,0.40,2.80
2008.03.26 09:22:51.253,0.7817,0.78185,0.40,2.80
2008.03.26 09:22:51.547,0.7817,0.78185,0.40,2.80
2008.03.26 09:22:51.842,0.7817,0.78185,0.40,2.80
2008.03.26 09:22:52.078,0.7817,0.78185,0.40,2.80
2008.03.26 09:22:52.313,0.7817,0.78185,0.40,2.80
2008.03.26 09:22:52.560,0.7817,0.78185,0.40,2.80
2008.03.26 09:22:52.805,0.7817,0.78185,0.40,2.80
2008.03.26 09:22:53.141,0.7817,0.78185,0.40,0.50
2008.03.26 09:22:53.474,0.7817,0.78185,0.40,0.50
2008.03.26 09:22:53.818,0.7817,0.78185,0.40,0.50
2008.03.26 09:22:54.141,0.7817,0.78185,0.40,0.50
2008.03.26 09:22:54.365,0.7817,0.78185,0.40,0.50
2008.03.26 09:22:54.590,0.7817,0.78185,0.40,4.40
2008.03.26 09:22:54.813,0.7817,0.78185,0.40,4.40
2008.03.26 09:22:55.036,0.7817,0.78185,0.40,4.40
2008.03.26 09:22:55.346,0.7817,0.78185,0.40,0.50
2008.03.26 09:22:55.655,0.7817,0.7818,0.40,0.20
2008.03.26 09:22:55.965,0.7817,0.7818,0.20,0.60
2008.03.26 09:22:56.230,0.7817,0.7818,0.20,0.60
2008.03.26 09:22:56.495,0.7817,0.78175,0.20,2.40
2008.03.26 09:22:56.758,0.7817,0.78175,0.20,2.40
2008.03.26 09:22:57.022,0.7817,0.7818,0.20,0.30
2008.03.26 09:22:57.298,0.78165,0.7818,0.60,0.30
2008.03.26 09:22:57.574,0.78165,0.7818,0.20,0.60
2008.03.26 09:22:57.849,0.78165,0.7818,0.60,0.60
2008.03.26 09:22:58.128,0.7817,0.78185,0.60,0.30
2008.03.26 09:22:58.442,0.7817,0.78185,0.60,0.30
2008.03.26 09:22:58.757,0.7817,0.78185,0.60,0.30
2008.03.26 09:22:59.073,0.7817,0.78185,0.20,0.50
2008.03.26 09:22:59.332,0.7817,0.78185,0.20,0.50
2008.03.26 09:22:59.592,0.7817,0.7818,0.20,0.60
2008.03.26 09:22:59.851,0.7817,0.7818,0.20,0.60
2008.03.26 09:23:00.114,0.78165,0.7818,0.20,0.60
2008.03.26 09:23:00.398,0.78165,0.7818,0.20,0.50
2008.03.26 09:23:00.681,0.78165,0.7818,0.20,0.50
2008.03.26 09:23:00.965,0.78165,0.7818,0.20,0.50
2008.03.26 09:23:01.249,0.78165,0.7818,0.20,0.60
2008.03.26 09:23:01.529,0.7817,0.7818,0.40,0.30
2008.03.26 09:23:01.808,0.7817,0.7818,0.40,0.30
2008.03.26 09:23:02.088,0.7817,0.78185,0.40,14.80
2008.03.26 09:23:02.368,0.7817,0.78185,0.40,4.40
2008.03.26 09:23:02.657,0.7817,0.78185,0.40,4.40
2008.03.26 09:23:02.947,0.7817,0.7818,0.20,0.30
2008.03.26 09:23:03.248,0.78165,0.7818,0.60,0.50
2008.03.26 09:23:03.549,0.78165,0.7818,0.60,0.30
2008.03.26 09:23:03.850,0.78165,0.7818,0.60,0.30
2008.03.26 09:23:04.150,0.7817,0.7818,0.20,0.30
2008.03.26 09:23:04.450,0.7817,0.78185,0.40,4.10
2008.03.26 09:23:04.704,0.7817,0.78185,0.40,4.10
2008.03.26 09:23:04.961,0.7817,0.78185,0.20,4.10
2008.03.26 09:23:05.217,0.7817,0.78185,0.20,17.70
2008.03.26 09:23:05.471,0.7817,0.78185,0.60,10.50
2008.03.26 09:23:05.781,0.7817,0.78185,0.60,5.80
2008.03.26 09:23:06.103,0.78165,0.7818,6.80,0.30
2008.03.26 09:23:06.413,0.78165,0.7818,2.80,0.60
2008.03.26 09:23:06.684,0.78165,0.7818,0.60,0.60
2008.03.26 09:23:06.953,0.78165,0.7818,0.60,0.60
2008.03.26 09:23:07.222,0.78165,0.7818,4.40,0.30
2008.03.26 09:23:07.492,0.7817,0.7818,0.40,0.30
2008.03.26 09:23:07.793,0.7817,0.78185,0.60,0.30
2008.03.26 09:23:08.094,0.7817,0.78185,0.60,0.30
2008.03.26 09:23:08.394,0.7817,0.7818,0.20,0.30
2008.03.26 09:23:08.695,0.7817,0.78175,0.20,0.80
2008.03.26 09:23:08.986,0.7817,0.78185,0.60,12.40
2008.03.26 09:23:09.280,0.7817,0.7818,0.60,0.30
2008.03.26 09:23:09.569,0.78165,0.7818,0.60,0.30
2008.03.26 09:23:09.820,0.78165,0.7818,0.60,0.30
2008.03.26 09:23:10.068,0.78165,0.7818,0.60,0.50
2008.03.26 09:23:10.319,0.78165,0.7818,0.60,0.50
2008.03.26 09:23:10.558,0.78165,0.7818,0.60,0.50
2008.03.26 09:23:10.858,0.78165,0.7818,0.60,0.50
2008.03.26 09:23:11.156,0.78165,0.7818,0.60,0.50
2008.03.26 09:23:11.454,0.78165,0.7818,0.60,0.50
2008.03.26 09:23:11.753,0.78165,0.78175,0.60,0.30
2008.03.26 09:23:12.023,0.7817,0.78175,0.40,0.30
2008.03.26 09:23:12.294,0.78165,0.78175,4.30,0.30
2008.03.26 09:23:12.564,0.7816,0.7817,0.40,0.30
2008.03.26 09:23:12.854,0.7816,0.7817,0.20,0.60
2008.03.26 09:23:13.143,0.7816,0.7817,0.20,0.60
2008.03.26 09:23:13.434,0.7816,0.7817,0.20,0.60
2008.03.26 09:23:13.722,0.7816,0.7817,0.20,0.60
2008.03.26 09:23:13.998,0.7816,0.7817,0.20,0.60
2008.03.26 09:23:14.272,0.7816,0.7817,0.20,0.60
2008.03.26 09:23:14.545,0.7816,0.7817,0.20,0.60
2008.03.26 09:23:14.820,0.7816,0.7817,0.20,0.60
2008.03.26 09:23:15.095,0.7816,0.7817,0.20,0.60
2008.03.26 09:23:15.369,0.7816,0.7817,0.60,0.60
2008.03.26 09:23:15.644,0.7816,0.7817,0.60,0.30
2008.03.26 09:23:15.922,0.7816,0.7817,0.60,0.30
2008.03.26 09:23:16.201,0.7816,0.78175,0.60,0.30
2008.03.26 09:23:16.480,0.7816,0.78175,0.60,0.30
2008.03.26 09:23:16.758,0.78165,0.78175,0.40,0.30
2008.03.26 09:23:17.039,0.78165,0.78175,0.40,0.30
2008.03.26 09:23:17.319,0.78165,0.7818,0.60,0.30
2008.03.26 09:23:17.599,0.78165,0.7818,4.40,0.30
2008.03.26 09:23:17.878,0.78165,0.7818,4.40,0.30
2008.03.26 09:23:18.177,0.78165,0.7818,4.40,0.30
2008.03.26 09:23:18.478,0.7817,0.78185,0.60,0.30
2008.03.26 09:23:18.777,0.7818,0.78185,0.20,0.30
2008.03.26 09:23:19.048,0.7817,0.78185,0.60,0.20
2008.03.26 09:23:19.329,0.7817,0.78185,0.60,0.30
2008.03.26 09:23:19.598,0.7817,0.7819,0.60,0.60
2008.03.26 09:23:19.868,0.7817,0.7819,0.60,0.60
2008.03.26 09:23:20.152,0.7817,0.7819,0.60,0.60
2008.03.26 09:23:20.436,0.7817,0.7819,0.60,0.60
2008.03.26 09:23:20.720,0.7817,0.78185,0.60,0.30
2008.03.26 09:23:21.008,0.7817,0.78185,0.60,0.30
2008.03.26 09:23:21.297,0.7817,0.78185,0.60,0.30
2008.03.26 09:23:21.589,0.78165,0.7818,2.80,0.60
2008.03.26 09:23:21.877,0.78165,0.7818,2.80,0.60
2008.03.26 09:23:22.132,0.78165,0.7818,2.80,0.60
2008.03.26 09:23:22.386,0.78165,0.7818,2.80,0.60
2008.03.26 09:23:22.641,0.7816,0.7817,0.40,0.30
2008.03.26 09:23:22.896,0.7816,0.7817,0.40,0.30
2008.03.26 09:23:23.225,0.7816,0.7817,0.40,0.30
2008.03.26 09:23:23.556,0.7816,0.7817,0.40,0.50
2008.03.26 09:23:23.886,0.7816,0.7817,0.20,0.60
2008.03.26 09:23:24.126,0.7816,0.7817,0.20,0.60
2008.03.26 09:23:24.365,0.7816,0.7817,0.20,0.60
2008.03.26 09:23:24.609,0.78155,0.7817,2.50,0.60
2008.03.26 09:23:24.848,0.78155,0.78165,2.50,0.30
2008.03.26 09:23:25.173,0.78155,0.78165,2.50,0.30
2008.03.26 09:23:25.497,0.78155,0.78165,2.40,0.30
2008.03.26 09:23:25.822,0.78155,0.78165,2.40,0.30
2008.03.26 09:23:26.161,0.7815,0.7816,0.60,0.30
2008.03.26 09:23:26.431,0.7815,0.7816,0.60,0.30
2008.03.26 09:23:26.702,0.7815,0.78165,0.60,5.00
2008.03.26 09:23:26.972,0.78155,0.78165,0.40,2.60
2008.03.26 09:23:27.258,0.78155,0.78165,0.40,0.30
2008.03.26 09:23:27.544,0.78155,0.78165,0.40,0.30
2008.03.26 09:23:27.827,0.78155,0.78165,0.40,0.30
2008.03.26 09:23:28.112,0.78155,0.78165,0.40,0.30
2008.03.26 09:23:28.416,0.78155,0.78165,4.30,0.30
2008.03.26 09:23:28.721,0.78155,0.78165,6.70,0.30
2008.03.26 09:23:29.026,0.78155,0.7816,0.40,0.30
2008.03.26 09:23:29.261,0.7815,0.7816,0.60,0.30
2008.03.26 09:23:29.494,0.7815,0.7816,0.60,0.30
2008.03.26 09:23:29.729,0.7815,0.7816,0.60,0.30
2008.03.26 09:23:29.963,0.7815,0.7816,0.60,0.30
2008.03.26 09:23:30.289,0.7815,0.7816,0.60,0.30
2008.03.26 09:23:30.615,0.78155,0.78165,0.40,2.60
2008.03.26 09:23:30.941,0.7815,0.78165,4.60,0.50
2008.03.26 09:23:31.186,0.7815,0.78165,0.60,2.80
2008.03.26 09:23:31.430,0.7815,0.7816,0.60,0.30
2008.03.26 09:23:31.673,0.7815,0.7816,0.60,0.30
2008.03.26 09:23:31.919,0.7815,0.78165,0.60,2.60
2008.03.26 09:23:32.164,0.78155,0.78165,0.20,2.40
2008.03.26 09:23:32.482,0.78155,0.7817,0.20,0.50
2008.03.26 09:23:32.802,0.78155,0.7817,0.20,0.50
2008.03.26 09:23:33.123,0.78155,0.78165,0.20,2.40
2008.03.26 09:23:33.398,0.78155,0.7816,0.20,0.30
2008.03.26 09:23:33.673,0.7815,0.7816,0.60,0.30
2008.03.26 09:23:33.946,0.7815,0.7816,0.60,0.30
2008.03.26 09:23:34.220,0.7815,0.78165,0.60,5.00
2008.03.26 09:23:34.501,0.7815,0.7816,0.60,0.30
2008.03.26 09:23:34.780,0.7815,0.7816,0.60,0.30
2008.03.26 09:23:35.059,0.7815,0.7816,0.60,0.30
2008.03.26 09:23:35.319,0.7815,0.7816,0.60,0.30
2008.03.26 09:23:35.579,0.7815,0.7816,0.60,0.30
2008.03.26 09:23:35.837,0.7815,0.7816,0.60,0.30
2008.03.26 09:23:36.100,0.78145,0.7816,10.80,0.30
2008.03.26 09:23:36.391,0.7815,0.7816,0.60,0.60
2008.03.26 09:23:36.682,0.78155,0.7816,0.40,0.60
2008.03.26 09:23:36.974,0.7815,0.7816,4.40,0.30
2008.03.26 09:23:37.265,0.7815,0.7816,4.40,0.30
2008.03.26 09:23:37.556,0.7815,0.7816,4.40,0.30
2008.03.26 09:23:37.833,0.7815,0.7816,4.40,0.30
2008.03.26 09:23:38.103,0.7815,0.7816,0.60,0.30
2008.03.26 09:23:38.406,0.7815,0.7816,0.60,0.30
2008.03.26 09:23:38.712,0.7815,0.7816,0.60,0.30
2008.03.26 09:23:39.016,0.7815,0.7816,0.60,0.30
2008.03.26 09:23:39.321,0.7815,0.78165,0.60,0.30
2008.03.26 09:23:39.582,0.7815,0.78165,0.40,0.50
2008.03.26 09:23:39.842,0.7815,0.78165,0.20,0.50
2008.03.26 09:23:40.102,0.7815,0.7816,0.40,0.30
2008.03.26 09:23:40.364,0.7815,0.78165,0.60,2.60
2008.03.26 09:23:40.648,0.7815,0.78165,0.60,0.30
2008.03.26 09:23:40.932,0.78165,0.7817,0.40,5.40
2008.03.26 09:23:41.218,0.7815,0.78165,0.60,0.30
2008.03.26 09:23:41.486,0.7815,0.78165,0.60,0.30
2008.03.26 09:23:41.757,0.7815,0.78165,0.60,0.30
2008.03.26 09:23:42.027,0.7815,0.78165,0.60,0.30
2008.03.26 09:23:42.296,0.7815,0.78165,0.60,0.30
2008.03.26 09:23:42.581,0.7815,0.78165,0.60,0.30
2008.03.26 09:23:42.866,0.7815,0.78165,0.60,0.30
2008.03.26 09:23:43.149,0.7815,0.78165,0.60,0.30
2008.03.26 09:23:43.445,0.7815,0.7816,0.40,0.30
2008.03.26 09:23:43.729,0.7815,0.7816,0.40,0.30
2008.03.26 09:23:44.014,0.7815,0.7816,0.40,0.30
2008.03.26 09:23:44.300,0.7815,0.7816,0.40,0.30
2008.03.26 09:23:44.558,0.7815,0.7816,0.40,0.30
2008.03.26 09:23:44.818,0.7815,0.7816,0.40,0.30
2008.03.26 09:23:45.079,0.7815,0.78165,0.60,5.80
2008.03.26 09:23:45.338,0.7815,0.78165,0.60,1.80
2008.03.26 09:23:45.647,0.7815,0.78165,0.60,1.80
2008.03.26 09:23:45.957,0.7815,0.78165,0.60,0.30
2008.03.26 09:23:46.267,0.7815,0.78165,0.60,0.30
2008.03.26 09:23:46.523,0.7815,0.78165,0.60,0.30
2008.03.26 09:23:46.787,0.7815,0.78165,0.60,0.30
2008.03.26 09:23:47.051,0.7815,0.78165,0.60,0.30
2008.03.26 09:23:47.310,0.7815,0.78165,0.60,0.30
2008.03.26 09:23:47.569,0.7815,0.78165,0.60,0.30
2008.03.26 09:23:47.837,0.7815,0.78165,0.60,0.30
2008.03.26 09:23:48.108,0.7815,0.78165,0.60,0.30
2008.03.26 09:23:48.376,0.7815,0.78165,0.60,0.30
2008.03.26 09:23:48.678,0.7815,0.78165,0.60,0.30
2008.03.26 09:23:48.984,0.7815,0.7816,0.60,0.30
2008.03.26 09:23:49.290,0.7815,0.7816,0.60,0.30
2008.03.26 09:23:49.596,0.7815,0.7816,0.60,0.30
2008.03.26 09:23:49.842,0.7815,0.7816,0.60,0.30
2008.03.26 09:23:50.091,0.7815,0.7816,0.60,0.30
2008.03.26 09:23:50.340,0.7815,0.7816,0.60,0.30
2008.03.26 09:23:50.634,0.7815,0.7816,0.60,0.30
2008.03.26 09:23:50.931,0.7815,0.7816,0.60,0.30
2008.03.26 09:23:51.226,0.7815,0.7816,0.60,0.30
2008.03.26 09:23:51.512,0.7815,0.7816,0.60,0.30
2008.03.26 09:23:51.796,0.7815,0.78165,0.60,4.20
2008.03.26 09:23:52.080,0.7815,0.7816,0.60,0.30
2008.03.26 09:23:52.367,0.7815,0.7816,0.60,0.30
2008.03.26 09:23:52.651,0.7815,0.7816,0.40,0.30
2008.03.26 09:23:52.937,0.7815,0.7816,0.40,0.30
2008.03.26 09:23:53.223,0.7815,0.7816,0.40,0.30
2008.03.26 09:23:53.508,0.7815,0.7816,0.20,0.60
2008.03.26 09:23:53.799,0.7815,0.7816,0.20,0.60
2008.03.26 09:23:54.086,0.7815,0.7816,0.20,0.60
2008.03.26 09:23:54.375,0.7815,0.7816,0.20,0.60
2008.03.26 09:23:54.664,0.7815,0.7816,0.20,0.60
2008.03.26 09:23:54.962,0.7815,0.7816,0.20,0.60
2008.03.26 09:23:55.261,0.7815,0.7816,0.20,0.60
2008.03.26 09:23:55.560,0.7815,0.7816,0.20,0.60
2008.03.26 09:23:55.789,0.7815,0.7816,0.20,0.60
2008.03.26 09:23:56.018,0.7815,0.7816,0.20,0.60
2008.03.26 09:23:56.247,0.7815,0.7816,0.20,0.60
2008.03.26 09:23:56.483,0.7815,0.7816,0.20,0.60
2008.03.26 09:23:56.808,0.7815,0.7816,0.20,0.60
2008.03.26 09:23:57.121,0.7815,0.7816,0.20,0.60
2008.03.26 09:23:57.435,0.7815,0.7816,0.20,0.60
2008.03.26 09:23:57.761,0.7815,0.7816,0.20,0.60
2008.03.26 09:23:58.035,0.7815,0.7816,0.20,0.60
2008.03.26 09:23:58.320,0.78145,0.7816,0.60,0.60
2008.03.26 09:23:58.605,0.78145,0.7816,0.20,0.60
2008.03.26 09:23:58.880,0.78145,0.7816,0.20,0.60
2008.03.26 09:23:59.167,0.78145,0.78155,0.20,0.50
2008.03.26 09:23:59.441,0.78145,0.78155,0.20,0.50
2008.03.26 09:23:59.720,0.78145,0.78155,0.20,0.50
2008.03.26 09:24:00.009,0.78145,0.78155,0.20,0.50
2008.03.26 09:24:00.308,0.7814,0.78155,0.60,0.50
2008.03.26 09:24:00.588,0.7814,0.78155,0.60,0.50
2008.03.26 09:24:00.846,0.7814,0.78155,0.60,0.50
2008.03.26 09:24:01.105,0.7814,0.78155,0.60,0.50
2008.03.26 09:24:01.364,0.7814,0.78155,0.60,0.50
2008.03.26 09:24:01.623,0.7814,0.78155,0.60,0.50
2008.03.26 09:24:01.912,0.7814,0.78155,0.60,0.50
2008.03.26 09:24:02.201,0.7814,0.78155,0.60,0.50
2008.03.26 09:24:02.489,0.7814,0.78155,0.60,0.50
2008.03.26 09:24:02.779,0.7814,0.78155,0.60,0.30
2008.03.26 09:24:03.077,0.78145,0.78155,0.20,0.30
2008.03.26 09:24:03.376,0.78145,0.78155,0.20,0.30
2008.03.26 09:24:03.675,0.78145,0.78155,0.20,0.30
2008.03.26 09:24:03.908,0.78145,0.78155,0.20,0.30
2008.03.26 09:24:04.142,0.78145,0.78155,0.20,0.30
2008.03.26 09:24:04.376,0.78145,0.78155,0.20,0.30
2008.03.26 09:24:04.618,0.78145,0.78155,0.20,0.30
2008.03.26 09:24:04.852,0.7814,0.78155,0.60,0.30
2008.03.26 09:24:05.156,0.7814,0.78155,0.60,0.30
2008.03.26 09:24:05.459,0.7814,0.78155,0.60,0.30
2008.03.26 09:24:05.764,0.7814,0.78155,0.60,0.30
2008.03.26 09:24:06.022,0.7814,0.78155,0.60,0.30
2008.03.26 09:24:06.282,0.7814,0.78155,0.60,0.30
2008.03.26 09:24:06.540,0.7814,0.78155,0.60,0.30
2008.03.26 09:24:06.801,0.7814,0.78155,0.60,0.30
2008.03.26 09:24:07.085,0.7814,0.78155,0.60,0.30
2008.03.26 09:24:07.369,0.7814,0.78155,0.60,0.30
2008.03.26 09:24:07.654,0.7814,0.78155,0.60,0.30
2008.03.26 09:24:07.939,0.7814,0.78155,0.60,0.30
2008.03.26 09:24:08.246,0.7814,0.7815,0.60,0.30
2008.03.26 09:24:08.550,0.7814,0.7815,0.60,0.30
2008.03.26 09:24:08.854,0.7814,0.7815,0.60,0.30
2008.03.26 09:24:09.108,0.7814,0.7815,0.60,0.30
2008.03.26 09:24:09.362,0.7814,0.7815,0.60,0.30
2008.03.26 09:24:09.616,0.7814,0.7815,0.60,0.30
2008.03.26 09:24:09.870,0.7814,0.7815,0.60,0.30
2008.03.26 09:24:10.176,0.7814,0.7815,0.20,0.30
2008.03.26 09:24:10.493,0.7814,0.7815,0.40,0.60
2008.03.26 09:24:10.796,0.7814,0.7815,0.40,0.60
2008.03.26 09:24:11.101,0.7814,0.7815,0.40,0.60
2008.03.26 09:24:11.389,0.7814,0.7815,0.20,0.60
2008.03.26 09:24:11.679,0.7814,0.7815,0.20,0.60
2008.03.26 09:24:11.966,0.7814,0.7815,0.20,0.60
2008.03.26 09:24:12.227,0.78135,0.7815,6.80,0.60
2008.03.26 09:24:12.485,0.78135,0.7815,8.40,0.60
2008.03.26 09:24:12.745,0.7814,0.7815,0.40,0.60
2008.03.26 09:24:13.006,0.7814,0.7815,0.40,0.60
2008.03.26 09:24:13.320,0.7814,0.7815,0.40,0.60
2008.03.26 09:24:13.634,0.7814,0.7815,0.40,0.60
2008.03.26 09:24:13.948,0.7814,0.7815,0.40,0.30
2008.03.26 09:24:14.213,0.7814,0.7815,0.40,0.30
2008.03.26 09:24:14.476,0.7814,0.7815,0.40,0.30
2008.03.26 09:24:14.741,0.7814,0.7815,0.40,0.30
2008.03.26 09:24:15.006,0.7814,0.7815,0.40,0.30
2008.03.26 09:24:15.285,0.7814,0.7815,0.40,0.60
2008.03.26 09:24:15.564,0.7814,0.7815,0.20,0.60
2008.03.26 09:24:15.856,0.7814,0.7815,0.20,0.60
2008.03.26 09:24:16.147,0.7814,0.7815,0.20,0.60
2008.03.26 09:24:16.449,0.7814,0.7815,0.20,0.60
2008.03.26 09:24:16.727,0.7814,0.7815,0.20,0.60
2008.03.26 09:24:17.015,0.7814,0.7815,0.20,0.60
2008.03.26 09:24:17.270,0.7814,0.7815,0.20,0.60
2008.03.26 09:24:17.524,0.78135,0.7815,9.20,0.60
2008.03.26 09:24:17.780,0.78135,0.7815,6.80,0.60
2008.03.26 09:24:18.036,0.7814,0.7815,0.20,0.60
2008.03.26 09:24:18.350,0.7814,0.7815,0.20,0.60
2008.03.26 09:24:18.663,0.7814,0.7815,0.20,0.60
2008.03.26 09:24:18.978,0.7814,0.7815,0.20,0.60
2008.03.26 09:24:19.254,0.7814,0.7815,0.20,0.60
2008.03.26 09:24:19.531,0.78135,0.7815,6.80,0.60
2008.03.26 09:24:19.805,0.78135,0.7815,6.80,0.60
2008.03.26 09:24:20.081,0.7814,0.7815,0.20,0.60
2008.03.26 09:24:20.327,0.78135,0.7815,0.60,0.60
2008.03.26 09:24:20.571,0.78135,0.7815,0.60,0.60
2008.03.26 09:24:20.818,0.78135,0.7815,0.20,0.60
2008.03.26 09:24:21.064,0.78135,0.78145,0.20,0.30
2008.03.26 09:24:21.399,0.78135,0.7815,5.90,0.30
2008.03.26 09:24:21.735,0.7813,0.7814,4.40,0.30
2008.03.26 09:24:22.069,0.7813,0.78145,4.40,0.30
2008.03.26 09:24:22.308,0.7813,0.78145,0.60,2.60
2008.03.26 09:24:22.540,0.7813,0.78145,0.60,2.60
2008.03.26 09:24:22.782,0.7813,0.7814,0.60,0.30
2008.03.26 09:24:23.015,0.7813,0.7814,0.60,0.30
2008.03.26 09:24:23.250,0.7813,0.7814,0.60,0.30
2008.03.26 09:24:23.584,0.7813,0.7814,0.60,0.30
2008.03.26 09:24:23.919,0.7813,0.7814,0.60,0.30
2008.03.26 09:24:24.255,0.78135,0.78145,0.40,0.30
2008.03.26 09:24:24.479,0.7813,0.78145,4.60,0.30
2008.03.26 09:24:24.707,0.7813,0.7814,0.40,0.30
2008.03.26 09:24:24.931,0.7813,0.7814,0.60,0.30
2008.03.26 09:24:25.160,0.7813,0.7814,0.60,0.30
2008.03.26 09:24:25.395,0.7813,0.7814,0.60,0.30
2008.03.26 09:24:25.737,0.7813,0.78145,0.60,0.30
2008.03.26 09:24:26.073,0.7813,0.7814,0.60,0.30
2008.03.26 09:24:26.407,0.78135,0.7814,2.70,0.30
2008.03.26 09:24:26.641,0.78135,0.7815,2.80,1.20
2008.03.26 09:24:26.875,0.78135,0.7815,2.50,0.60
2008.03.26 09:24:27.111,0.78135,0.7815,0.60,0.60
2008.03.26 09:24:27.346,0.78135,0.7815,0.40,0.60
2008.03.26 09:24:27.667,0.78135,0.7815,2.80,0.60
2008.03.26 09:24:27.985,0.7814,0.7815,0.40,0.60
2008.03.26 09:24:28.305,0.7814,0.7815,0.20,0.30
2008.03.26 09:24:28.626,0.7814,0.7815,0.40,0.30
2008.03.26 09:24:28.920,0.7814,0.7815,0.40,0.30
2008.03.26 09:24:29.214,0.7814,0.7815,0.40,0.30
2008.03.26 09:24:29.510,0.7814,0.7815,0.40,0.30
2008.03.26 09:24:29.785,0.78145,0.78155,0.20,1.70
2008.03.26 09:24:30.061,0.7814,0.78155,0.60,2.40
2008.03.26 09:24:30.337,0.78135,0.7815,0.90,0.50
2008.03.26 09:24:30.611,0.78135,0.7815,1.20,0.30
2008.03.26 09:24:30.879,0.7814,0.7815,0.20,0.30
2008.03.26 09:24:31.148,0.7814,0.7815,0.20,0.30
2008.03.26 09:24:31.417,0.7814,0.7815,0.20,0.30
2008.03.26 09:24:31.701,0.7814,0.7815,0.20,0.30
2008.03.26 09:24:31.986,0.7814,0.7815,0.20,0.30
2008.03.26 09:24:32.272,0.7814,0.7815,0.20,0.30
2008.03.26 09:24:32.555,0.7814,0.7815,0.20,0.30
2008.03.26 09:24:32.860,0.78135,0.7815,2.00,0.30
2008.03.26 09:24:33.167,0.78135,0.7815,0.90,0.50
2008.03.26 09:24:33.470,0.78135,0.7815,0.90,0.50
2008.03.26 09:24:33.776,0.78135,0.7815,1.20,0.50
2008.03.26 09:24:34.017,0.78135,0.7815,1.20,0.50
2008.03.26 09:24:34.257,0.78135,0.7815,1.20,0.50
2008.03.26 09:24:34.496,0.78135,0.7815,0.20,0.50
2008.03.26 09:24:34.820,0.78135,0.78145,0.20,2.40
2008.03.26 09:24:35.145,0.78135,0.78145,0.20,2.40
2008.03.26 09:24:35.469,0.78135,0.7815,0.20,0.50
2008.03.26 09:24:35.795,0.78135,0.7815,2.80,0.30
2008.03.26 09:24:36.039,0.78135,0.7815,2.80,0.30
2008.03.26 09:24:36.284,0.78135,0.7815,0.60,0.50
2008.03.26 09:24:36.529,0.78135,0.7814,0.60,0.30
2008.03.26 09:24:36.815,0.78135,0.7814,0.20,0.30
2008.03.26 09:24:37.099,0.78135,0.7814,0.20,0.30
2008.03.26 09:24:37.383,0.78135,0.7814,0.20,0.30
2008.03.26 09:24:37.667,0.78135,0.7814,0.20,0.30
2008.03.26 09:24:37.961,0.78135,0.7814,0.20,0.30
2008.03.26 09:24:38.255,0.7813,0.7814,0.40,0.30
2008.03.26 09:24:38.548,0.7813,0.7814,0.60,0.30
2008.03.26 09:24:38.830,0.78135,0.7814,0.20,0.30
2008.03.26 09:24:39.107,0.78135,0.7814,0.20,0.30
2008.03.26 09:24:39.387,0.78135,0.7814,0.20,0.30
2008.03.26 09:24:39.666,0.78135,0.7814,0.20,0.30
2008.03.26 09:24:39.943,0.78135,0.7814,0.20,0.30
2008.03.26 09:24:40.222,0.78135,0.7814,0.20,0.30
2008.03.26 09:24:40.502,0.78135,0.78145,0.20,2.40
2008.03.26 09:24:40.781,0.78135,0.78145,0.20,2.40
2008.03.26 09:24:41.085,0.78135,0.78145,0.20,2.40
2008.03.26 09:24:41.388,0.78135,0.78145,0.20,2.40
2008.03.26 09:24:41.692,0.78135,0.78145,0.20,2.40
2008.03.26 09:24:41.941,0.78135,0.78145,0.20,2.40
2008.03.26 09:24:42.190,0.78135,0.78145,0.20,2.40
2008.03.26 09:24:42.439,0.78135,0.78145,0.20,2.40
2008.03.26 09:24:42.691,0.78135,0.78145,0.20,2.40
2008.03.26 09:24:43.020,0.78135,0.78145,0.20,2.40
2008.03.26 09:24:43.350,0.78135,0.78145,0.60,2.40
2008.03.26 09:24:43.679,0.78135,0.78145,0.20,2.40
2008.03.26 09:24:43.913,0.78135,0.78145,0.20,2.40
2008.03.26 09:24:44.146,0.78135,0.78145,0.20,2.40
2008.03.26 09:24:44.382,0.78135,0.78145,0.20,2.40
2008.03.26 09:24:44.619,0.78135,0.78145,0.60,2.40
2008.03.26 09:24:44.933,0.78135,0.7815,0.60,0.50
2008.03.26 09:24:45.249,0.78135,0.78145,0.20,2.40
2008.03.26 09:24:45.564,0.78135,0.78145,0.60,2.40
2008.03.26 09:24:45.893,0.78135,0.7815,0.20,0.60
2008.03.26 09:24:46.174,0.78135,0.7815,0.60,0.60
2008.03.26 09:24:46.453,0.78135,0.7815,0.60,0.60
2008.03.26 09:24:46.734,0.78135,0.7815,0.60,0.60
2008.03.26 09:24:46.997,0.78135,0.7815,0.60,0.60
2008.03.26 09:24:48.502,0.78135,0.7815,2.80,0.60
2008.03.26 09:24:48.610,0.7814,0.7815,0.20,0.60
2008.03.26 09:24:48.722,0.78135,0.7815,2.80,0.60
2008.03.26 09:24:48.829,0.78135,0.7815,2.80,0.60
2008.03.26 09:24:48.937,0.78135,0.7815,2.80,0.60
2008.03.26 09:24:49.049,0.78135,0.7815,2.80,0.60
2008.03.26 09:24:49.162,0.78135,0.7815,2.80,0.60
2008.03.26 09:24:49.268,0.78135,0.7815,2.80,0.60
2008.03.26 09:24:49.378,0.78135,0.7815,2.80,0.60
2008.03.26 09:24:49.487,0.78135,0.7815,2.80,0.60
2008.03.26 09:24:49.595,0.78135,0.7815,2.80,0.60
2008.03.26 09:24:49.929,0.78135,0.7815,2.80,0.60
2008.03.26 09:24:50.264,0.78135,0.7815,2.80,0.60
2008.03.26 09:24:50.598,0.78135,0.7815,2.80,0.60
2008.03.26 09:24:50.851,0.7814,0.7815,0.40,0.30
2008.03.26 09:24:51.097,0.7814,0.7815,0.40,0.30
2008.03.26 09:24:51.341,0.7814,0.7815,0.40,0.30
2008.03.26 09:24:51.585,0.7814,0.7815,0.40,0.30
2008.03.26 09:24:51.880,0.7814,0.7815,0.40,0.30
2008.03.26 09:24:52.174,0.7814,0.7815,0.40,0.30
2008.03.26 09:24:52.468,0.7814,0.7815,0.40,0.30
2008.03.26 09:24:52.762,0.7814,0.7815,0.40,0.30
2008.03.26 09:24:53.061,0.7814,0.7815,0.40,0.30
2008.03.26 09:24:53.361,0.7814,0.7815,0.40,0.30
2008.03.26 09:24:53.660,0.7814,0.7815,0.40,0.30
2008.03.26 09:24:53.897,0.78135,0.7815,2.80,0.60
2008.03.26 09:24:54.130,0.78135,0.7815,2.80,0.60
2008.03.26 09:24:54.365,0.78135,0.7815,2.80,0.60
2008.03.26 09:24:54.599,0.78135,0.7815,2.80,0.60
2008.03.26 09:24:54.918,0.78135,0.7815,2.50,0.60
2008.03.26 09:24:55.237,0.78135,0.7815,2.80,0.60
2008.03.26 09:24:55.555,0.78135,0.7815,2.80,0.60
2008.03.26 09:24:55.875,0.78135,0.78145,0.60,0.30
2008.03.26 09:24:56.144,0.78135,0.78145,0.20,0.30
2008.03.26 09:24:56.413,0.78135,0.78145,0.20,0.30
2008.03.26 09:24:56.682,0.78135,0.7815,0.20,0.60
2008.03.26 09:24:56.952,0.78135,0.7815,0.20,0.60
2008.03.26 09:24:57.220,0.78135,0.7815,0.60,0.60
2008.03.26 09:24:57.491,0.78135,0.7815,0.60,0.60
2008.03.26 09:24:57.760,0.78135,0.7815,0.60,0.60
2008.03.26 09:24:58.079,0.78135,0.7815,0.60,0.60
2008.03.26 09:24:58.399,0.78135,0.7815,0.60,0.60
2008.03.26 09:24:58.719,0.78135,0.7815,0.20,0.60
2008.03.26 09:24:59.037,0.78135,0.7815,0.20,0.60
2008.03.26 09:24:59.302,0.7813,0.7815,0.60,0.60
2008.03.26 09:24:59.566,0.7813,0.7815,0.60,0.60
2008.03.26 09:24:59.830,0.78135,0.7815,0.20,0.60
2008.03.26 09:25:00.094,0.78135,0.7815,0.20,0.60
2008.03.26 09:25:00.358,0.78135,0.7815,0.20,0.60
2008.03.26 09:25:00.622,0.78135,0.7815,0.20,0.60
2008.03.26 09:25:00.896,0.78135,0.7815,0.20,0.60
2008.03.26 09:25:01.150,0.78135,0.7815,0.60,0.60
2008.03.26 09:25:01.451,0.78135,0.7815,0.60,0.60
2008.03.26 09:25:01.741,0.78135,0.7815,0.60,0.60
2008.03.26 09:25:02.029,0.78135,0.7815,0.60,0.60
2008.03.26 09:25:02.327,0.78135,0.78145,0.20,2.40
2008.03.26 09:25:02.610,0.78135,0.78145,0.20,2.40
2008.03.26 09:25:02.895,0.78135,0.78145,0.20,2.40
2008.03.26 09:25:03.180,0.78135,0.78145,0.20,2.40
2008.03.26 09:25:03.464,0.78135,0.78145,0.20,2.40
2008.03.26 09:25:03.747,0.78135,0.78145,0.20,2.40
2008.03.26 09:25:04.033,0.78135,0.78145,0.20,2.60
2008.03.26 09:25:04.338,0.7813,0.78145,0.60,2.60
2008.03.26 09:25:04.643,0.7813,0.78145,0.60,2.60
2008.03.26 09:25:04.958,0.7813,0.78145,0.60,2.60
2008.03.26 09:25:05.203,0.7813,0.78145,0.60,2.60
2008.03.26 09:25:05.446,0.7813,0.78145,0.60,2.60
2008.03.26 09:25:05.690,0.7813,0.78145,0.60,2.60
2008.03.26 09:25:05.933,0.7813,0.78145,0.60,2.60
2008.03.26 09:25:06.177,0.7813,0.78145,0.60,2.60
2008.03.26 09:25:06.506,0.78135,0.78145,0.20,2.60
2008.03.26 09:25:06.838,0.78135,0.78145,0.60,2.40
2008.03.26 09:25:07.169,0.78135,0.78145,0.60,2.40
2008.03.26 09:25:07.410,0.7814,0.78145,0.20,2.40
2008.03.26 09:25:07.650,0.7814,0.78155,0.40,21.20
2008.03.26 09:25:07.890,0.7814,0.78155,0.40,12.40
2008.03.26 09:25:08.129,0.7814,0.78155,0.40,12.40
2008.03.26 09:25:08.463,0.7814,0.7815,0.40,0.30
2008.03.26 09:25:08.797,0.7814,0.7815,0.40,0.30
2008.03.26 09:25:09.132,0.78135,0.7815,0.20,0.60
2008.03.26 09:25:09.370,0.78135,0.7815,0.20,0.60
2008.03.26 09:25:09.610,0.78135,0.7815,0.20,0.60
2008.03.26 09:25:09.850,0.78135,0.7815,0.20,0.60
2008.03.26 09:25:10.089,0.78135,0.7815,0.60,0.60
2008.03.26 09:25:10.419,0.78135,0.7815,0.60,0.60
2008.03.26 09:25:10.747,0.78135,0.7815,0.60,0.60
2008.03.26 09:25:11.086,0.78135,0.7815,0.60,0.60
2008.03.26 09:25:11.331,0.78135,0.7815,0.60,0.60
2008.03.26 09:25:11.574,0.78135,0.7815,0.60,0.60
2008.03.26 09:25:11.818,0.78135,0.7815,0.60,0.60
2008.03.26 09:25:12.062,0.78135,0.7815,0.60,0.60
2008.03.26 09:25:12.380,0.78135,0.7815,0.60,0.60
2008.03.26 09:25:12.700,0.78135,0.7815,0.60,0.60
2008.03.26 09:25:13.018,0.78135,0.7815,0.60,0.60
2008.03.26 09:25:13.278,0.78135,0.7815,0.60,0.60
2008.03.26 09:25:13.537,0.7814,0.7815,0.40,0.60
2008.03.26 09:25:13.797,0.7814,0.7815,0.20,0.60
2008.03.26 09:25:14.056,0.78135,0.7815,0.20,0.60
2008.03.26 09:25:14.314,0.78135,0.7815,0.20,0.60
2008.03.26 09:25:14.608,0.78135,0.7815,0.20,0.60
2008.03.26 09:25:14.901,0.78135,0.7815,0.20,0.60
2008.03.26 09:25:15.196,0.78135,0.7815,0.20,0.60
2008.03.26 09:25:15.470,0.78135,0.7815,0.20,0.60
2008.03.26 09:25:15.743,0.78135,0.7815,0.20,0.60
2008.03.26 09:25:16.017,0.78135,0.7815,0.20,0.60
2008.03.26 09:25:16.292,0.78135,0.7815,0.20,0.60
2008.03.26 09:25:16.550,0.78135,0.7815,0.20,0.60
2008.03.26 09:25:16.809,0.78135,0.7815,0.20,0.60
2008.03.26 09:25:17.068,0.78135,0.7815,0.20,0.60
2008.03.26 09:25:17.328,0.78135,0.7815,0.20,0.60
2008.03.26 09:25:17.636,0.78135,0.7815,0.20,0.60
2008.03.26 09:25:17.946,0.78135,0.7815,0.20,0.60
2008.03.26 09:25:18.255,0.78135,0.7815,0.20,0.60
2008.03.26 09:25:18.559,0.78135,0.7815,0.20,0.60
2008.03.26 09:25:18.863,0.78135,0.7815,0.20,0.60
2008.03.26 09:25:19.167,0.78135,0.7815,0.20,0.60
2008.03.26 09:25:19.431,0.78135,0.7815,0.20,0.60
2008.03.26 09:25:19.696,0.78135,0.7815,0.20,0.60
2008.03.26 09:25:19.960,0.78135,0.7815,0.20,0.60
2008.03.26 09:25:20.223,0.78135,0.7815,0.20,0.60
2008.03.26 09:25:20.497,0.78135,0.7815,0.60,0.60
2008.03.26 09:25:20.772,0.7814,0.7815,0.20,0.60
2008.03.26 09:25:21.046,0.7814,0.7815,0.20,0.60
2008.03.26 09:25:21.319,0.7814,0.7815,0.40,0.60
2008.03.26 09:25:21.587,0.7814,0.7815,0.40,0.60
2008.03.26 09:25:21.856,0.7814,0.7815,0.40,0.60
2008.03.26 09:25:22.126,0.7814,0.7815,0.40,0.60
2008.03.26 09:25:22.396,0.7814,0.7815,0.40,0.30
2008.03.26 09:25:22.691,0.7814,0.7815,0.40,0.30
2008.03.26 09:25:22.984,0.7814,0.7815,0.40,0.30
2008.03.26 09:25:23.279,0.7814,0.7815,0.40,0.30
2008.03.26 09:25:23.563,0.7814,0.7815,0.40,0.30
2008.03.26 09:25:23.847,0.7814,0.7815,0.40,0.30
2008.03.26 09:25:24.131,0.7814,0.7815,0.40,0.30
2008.03.26 09:25:24.416,0.7814,0.7815,0.60,0.30
2008.03.26 09:25:24.713,0.7814,0.78155,0.60,6.50
2008.03.26 09:25:25.007,0.7814,0.78155,0.60,4.10
2008.03.26 09:25:25.300,0.7814,0.78155,0.60,4.10
2008.03.26 09:25:25.565,0.7814,0.7815,0.40,0.30
2008.03.26 09:25:25.829,0.7814,0.7815,0.40,0.30
2008.03.26 09:25:26.093,0.7814,0.7815,0.40,0.30
2008.03.26 09:25:26.367,0.7814,0.7815,0.40,0.30
2008.03.26 09:25:26.677,0.7814,0.7815,0.60,0.30
2008.03.26 09:25:26.978,0.7814,0.78155,0.60,1.80
2008.03.26 09:25:27.277,0.78145,0.78155,0.20,0.30
2008.03.26 09:25:27.556,0.78145,0.78155,0.20,0.30
2008.03.26 09:25:27.837,0.7815,0.7816,0.20,0.60
2008.03.26 09:25:28.127,0.7815,0.7816,0.20,0.60
2008.03.26 09:25:28.406,0.7815,0.7816,0.20,0.60
2008.03.26 09:25:28.696,0.7815,0.7816,0.20,0.60
2008.03.26 09:25:28.986,0.78145,0.7816,2.80,0.60
2008.03.26 09:25:29.277,0.78145,0.7816,2.80,0.60
2008.03.26 09:25:29.568,0.7815,0.7816,0.20,0.60
2008.03.26 09:25:29.867,0.7815,0.7816,0.20,0.60
2008.03.26 09:25:30.166,0.7815,0.7816,0.20,0.60
2008.03.26 09:25:30.463,0.7815,0.7816,0.20,0.60
2008.03.26 09:25:30.712,0.7815,0.7816,0.20,0.60
2008.03.26 09:25:30.960,0.7815,0.7816,0.20,0.60
2008.03.26 09:25:31.208,0.7815,0.7816,0.20,0.60
2008.03.26 09:25:31.458,0.7815,0.7816,0.20,0.60
2008.03.26 09:25:31.782,0.7815,0.7816,0.20,0.60
2008.03.26 09:25:32.096,0.7815,0.7816,0.20,0.60
2008.03.26 09:25:32.409,0.7815,0.7816,0.20,0.60
2008.03.26 09:25:32.674,0.7815,0.7816,0.20,0.60
2008.03.26 09:25:32.939,0.7815,0.7816,0.20,0.60
2008.03.26 09:25:33.203,0.7815,0.7816,0.20,0.60
2008.03.26 09:25:33.465,0.7815,0.7816,0.20,0.60
2008.03.26 09:25:33.786,0.7815,0.7816,0.20,0.60
2008.03.26 09:25:34.106,0.7815,0.7816,0.20,0.60
2008.03.26 09:25:34.426,0.7815,0.7816,0.20,0.60
2008.03.26 09:25:34.754,0.7815,0.7816,0.40,0.30
2008.03.26 09:25:35.029,0.7815,0.7816,0.40,0.30
2008.03.26 09:25:35.304,0.7815,0.7816,0.40,0.30
2008.03.26 09:25:35.578,0.7815,0.7816,0.60,0.30
2008.03.26 09:25:35.845,0.7815,0.7816,0.60,0.30
2008.03.26 09:25:36.111,0.7815,0.7816,0.60,0.30
2008.03.26 09:25:36.379,0.7815,0.7816,0.40,0.30
2008.03.26 09:25:36.656,0.7815,0.7816,0.40,0.60
2008.03.26 09:25:36.965,0.7815,0.7816,0.20,0.60
2008.03.26 09:25:37.266,0.7815,0.7816,0.20,0.60
2008.03.26 09:25:37.567,0.7815,0.7816,0.20,0.60
2008.03.26 09:25:37.862,0.7815,0.78165,0.60,8.20
2008.03.26 09:25:38.159,0.7815,0.78165,0.60,1.80
2008.03.26 09:25:38.455,0.7815,0.78165,0.60,0.30
2008.03.26 09:25:38.762,0.78155,0.78165,0.40,0.30
2008.03.26 09:25:39.031,0.78155,0.78165,0.40,0.30
2008.03.26 09:25:39.302,0.78155,0.78165,0.40,0.30
2008.03.26 09:25:39.584,0.78155,0.78165,0.40,0.30
2008.03.26 09:25:39.864,0.78155,0.78165,0.40,0.30
2008.03.26 09:25:40.178,0.78155,0.7817,0.40,0.30
2008.03.26 09:25:40.492,0.78155,0.7817,4.30,0.30
2008.03.26 09:25:40.803,0.78155,0.7817,0.20,0.60
2008.03.26 09:25:41.055,0.78155,0.7817,0.20,0.60
2008.03.26 09:25:41.317,0.78155,0.7817,0.60,0.60
2008.03.26 09:25:41.568,0.7816,0.7817,0.20,0.60
2008.03.26 09:25:41.820,0.7816,0.78175,0.40,12.40
2008.03.26 09:25:42.146,0.7816,0.78175,0.20,8.40
2008.03.26 09:25:42.470,0.7816,0.78175,0.20,8.10
2008.03.26 09:25:42.799,0.7816,0.7817,0.20,0.30
2008.03.26 09:25:43.082,0.78155,0.7817,0.60,0.30
2008.03.26 09:25:43.351,0.7816,0.7817,0.20,0.30
2008.03.26 09:25:43.620,0.7816,0.7817,0.20,0.30
2008.03.26 09:25:43.892,0.7816,0.7817,0.20,0.30
2008.03.26 09:25:44.186,0.7816,0.7817,0.20,0.30
2008.03.26 09:25:44.501,0.7816,0.78175,0.60,2.00
2008.03.26 09:25:44.779,0.7816,0.78175,0.60,0.50
2008.03.26 09:25:45.066,0.7816,0.78175,0.20,0.50
2008.03.26 09:25:45.352,0.7816,0.78175,0.60,0.50
2008.03.26 09:25:45.639,0.7816,0.78175,0.20,0.50
2008.03.26 09:25:45.925,0.7816,0.78175,0.20,0.50
2008.03.26 09:25:46.199,0.7816,0.78175,0.60,0.30
2008.03.26 09:25:46.483,0.7816,0.78175,0.60,0.30
2008.03.26 09:25:46.753,0.7816,0.78175,0.60,0.30
2008.03.26 09:25:47.022,0.7816,0.78175,0.60,4.20
2008.03.26 09:25:47.315,0.7816,0.78175,0.20,0.50
2008.03.26 09:25:47.608,0.7816,0.78175,0.60,0.50
2008.03.26 09:25:47.898,0.7816,0.78175,0.20,0.50
2008.03.26 09:25:48.217,0.78155,0.7817,4.40,0.30
2008.03.26 09:25:48.538,0.78155,0.7817,0.60,0.30
2008.03.26 09:25:48.869,0.78155,0.7817,0.60,0.30
2008.03.26 09:25:49.189,0.78155,0.7817,0.20,0.50
2008.03.26 09:25:49.430,0.78155,0.7817,0.60,0.50
2008.03.26 09:25:49.670,0.78155,0.7817,0.60,0.50
2008.03.26 09:25:49.910,0.78155,0.7817,0.60,0.50
2008.03.26 09:25:50.149,0.78155,0.7817,0.60,0.30
2008.03.26 09:25:50.483,0.78155,0.7817,0.60,0.30
2008.03.26 09:25:50.819,0.78155,0.7817,0.60,0.50
2008.03.26 09:25:51.170,0.78155,0.78165,0.60,0.30
2008.03.26 09:25:51.403,0.78155,0.7817,0.60,0.30
2008.03.26 09:25:51.654,0.78155,0.7817,0.60,0.60
2008.03.26 09:25:51.893,0.78155,0.7817,0.60,0.30
2008.03.26 09:25:52.132,0.78155,0.7817,0.60,0.30
2008.03.26 09:25:52.458,0.78155,0.7817,4.40,0.30
2008.03.26 09:25:52.783,0.78155,0.7817,0.60,0.60
2008.03.26 09:25:53.108,0.78155,0.7817,0.60,0.60
2008.03.26 09:25:53.388,0.78155,0.7817,0.60,0.30
2008.03.26 09:25:53.667,0.78155,0.7817,0.60,0.30
2008.03.26 09:25:53.947,0.78155,0.7817,4.40,0.30
2008.03.26 09:25:54.227,0.78155,0.7817,0.60,0.50
2008.03.26 09:25:54.507,0.78155,0.7817,0.60,0.60
2008.03.26 09:25:54.787,0.78155,0.7817,0.20,0.60
2008.03.26 09:25:55.065,0.78155,0.7817,0.20,0.60
2008.03.26 09:25:55.349,0.78155,0.7817,0.20,0.60
2008.03.26 09:25:55.635,0.78155,0.7817,0.20,0.60
2008.03.26 09:25:55.920,0.78155,0.7817,2.50,0.60
2008.03.26 09:25:56.205,0.78155,0.78165,2.50,0.30
2008.03.26 09:25:56.485,0.78155,0.7817,2.50,0.60
2008.03.26 09:25:56.765,0.78155,0.7817,2.50,0.60
2008.03.26 09:25:57.044,0.78155,0.7817,2.50,0.60
2008.03.26 09:25:57.335,0.78155,0.7817,2.80,0.60
2008.03.26 09:25:57.617,0.78155,0.7817,2.50,0.60
2008.03.26 09:25:57.901,0.78155,0.7817,2.50,0.60
2008.03.26 09:25:58.185,0.78155,0.7817,2.50,0.60
2008.03.26 09:25:58.474,0.78155,0.7817,2.50,0.60
2008.03.26 09:25:58.764,0.78155,0.7817,2.80,0.30
2008.03.26 09:25:59.054,0.78155,0.7817,2.80,0.30
2008.03.26 09:25:59.345,0.78155,0.7817,2.80,0.30
2008.03.26 09:25:59.629,0.78155,0.7817,0.60,0.30
2008.03.26 09:25:59.913,0.78155,0.7817,0.60,0.30
2008.03.26 09:26:00.198,0.78155,0.7817,0.60,0.30
2008.03.26 09:26:00.468,0.78155,0.7817,1.20,0.30
2008.03.26 09:26:00.738,0.78155,0.7817,4.90,0.50
2008.03.26 09:26:01.009,0.78155,0.7817,0.80,4.40
2008.03.26 09:26:01.280,0.78155,0.78165,1.20,4.00
2008.03.26 09:26:01.593,0.78155,0.78165,0.60,1.60
2008.03.26 09:26:01.894,0.7816,0.7817,0.40,0.30
2008.03.26 09:26:02.190,0.7816,0.7817,0.40,0.30
2008.03.26 09:26:02.489,0.7816,0.7817,0.40,0.30
2008.03.26 09:26:02.775,0.7816,0.78175,0.40,8.40
2008.03.26 09:26:03.059,0.7816,0.78175,0.40,8.40
2008.03.26 09:26:03.343,0.7816,0.78175,0.40,8.40
2008.03.26 09:26:03.633,0.7816,0.78175,0.60,8.20
2008.03.26 09:26:03.923,0.7816,0.78175,0.60,8.20
2008.03.26 09:26:04.212,0.7816,0.78175,0.60,8.20
2008.03.26 09:26:04.512,0.7816,0.78175,0.60,8.20
2008.03.26 09:26:04.804,0.7816,0.78175,0.20,8.40
2008.03.26 09:26:05.098,0.78155,0.78175,1.20,30.00
2008.03.26 09:26:05.395,0.7816,0.7817,0.40,0.30
2008.03.26 09:26:05.654,0.7816,0.7817,0.40,0.30
2008.03.26 09:26:05.913,0.7816,0.78175,0.20,6.00
2008.03.26 09:26:06.172,0.7816,0.78175,0.20,6.00
2008.03.26 09:26:06.431,0.7816,0.78175,0.20,4.40
2008.03.26 09:26:06.735,0.7816,0.78175,0.20,2.80
2008.03.26 09:26:07.041,0.78155,0.7817,3.30,4.40
2008.03.26 09:26:07.346,0.78155,0.7817,0.90,0.50
2008.03.26 09:26:07.650,0.78155,0.7817,0.90,0.50
2008.03.26 09:26:07.925,0.7816,0.78175,0.60,21.20
2008.03.26 09:26:08.200,0.7816,0.78175,0.60,18.00
2008.03.26 09:26:08.475,0.7816,0.78175,0.60,6.00
2008.03.26 09:26:08.779,0.7816,0.78175,0.60,0.50
2008.03.26 09:26:09.083,0.7816,0.78175,0.60,0.50
2008.03.26 09:26:09.387,0.7816,0.78175,0.60,0.50
2008.03.26 09:26:09.703,0.7816,0.78175,0.60,0.30
2008.03.26 09:26:09.967,0.7816,0.78175,0.60,0.30
2008.03.26 09:26:10.237,0.7816,0.78175,0.40,0.50
2008.03.26 09:26:10.507,0.7816,0.7817,0.40,0.30
2008.03.26 09:26:10.771,0.7816,0.7817,0.60,0.30
2008.03.26 09:26:11.035,0.7816,0.78175,0.60,1.80
2008.03.26 09:26:11.298,0.7816,0.78175,0.60,1.80
2008.03.26 09:26:11.561,0.7816,0.78175,0.60,0.30
2008.03.26 09:26:11.875,0.7816,0.78175,0.60,0.30
2008.03.26 09:26:12.189,0.7816,0.78175,0.60,0.30
2008.03.26 09:26:12.502,0.7816,0.78175,0.60,0.30
2008.03.26 09:26:12.743,0.7816,0.78175,0.60,0.30
2008.03.26 09:26:12.983,0.7816,0.78175,0.60,0.30
2008.03.26 09:26:13.223,0.7816,0.78175,0.60,0.30
2008.03.26 09:26:13.463,0.7816,0.78175,0.60,0.30
2008.03.26 09:26:13.701,0.7816,0.78175,0.60,0.50
2008.03.26 09:26:14.037,0.7816,0.7817,0.40,0.30
2008.03.26 09:26:14.371,0.7816,0.7817,0.40,0.30
2008.03.26 09:26:14.704,0.7816,0.7817,0.40,0.30
2008.03.26 09:26:14.942,0.7816,0.7817,0.40,0.30
2008.03.26 09:26:15.182,0.7816,0.7817,0.40,0.30
2008.03.26 09:26:15.421,0.7816,0.7817,0.40,0.30
2008.03.26 09:26:15.660,0.7816,0.7817,0.40,0.30
2008.03.26 09:26:15.994,0.7816,0.7817,0.40,0.30
2008.03.26 09:26:16.327,0.7816,0.7817,0.40,0.30
2008.03.26 09:26:16.663,0.7816,0.7817,0.40,0.30
2008.03.26 09:26:16.902,0.7816,0.7817,0.40,0.30
2008.03.26 09:26:17.140,0.7816,0.7817,0.40,0.30
2008.03.26 09:26:17.380,0.7816,0.7817,0.40,0.30
2008.03.26 09:26:17.619,0.7816,0.7817,0.60,0.30
2008.03.26 09:26:17.858,0.7816,0.78175,0.60,1.80
2008.03.26 09:26:18.181,0.7816,0.78175,0.60,2.00
2008.03.26 09:26:18.506,0.7816,0.7817,0.60,0.30
2008.03.26 09:26:18.830,0.7816,0.7817,0.40,0.30
2008.03.26 09:26:19.099,0.7816,0.7817,0.40,0.30
2008.03.26 09:26:19.368,0.7816,0.7817,0.40,0.30
2008.03.26 09:26:19.636,0.7816,0.7817,0.40,0.30
2008.03.26 09:26:19.905,0.7816,0.7817,0.40,0.30
2008.03.26 09:26:20.199,0.7816,0.7817,0.40,0.30
2008.03.26 09:26:20.494,0.7816,0.7817,0.40,0.30
2008.03.26 09:26:20.789,0.7816,0.7817,0.40,0.60
2008.03.26 09:26:21.064,0.7816,0.7817,0.20,0.60
2008.03.26 09:26:21.337,0.7816,0.7817,0.20,0.60
2008.03.26 09:26:21.612,0.7816,0.7817,0.60,0.30
2008.03.26 09:26:21.887,0.7816,0.78175,0.60,4.20
2008.03.26 09:26:22.158,0.7816,0.78175,0.60,4.20
2008.03.26 09:26:22.427,0.78165,0.78175,0.20,4.00
2008.03.26 09:26:22.696,0.78165,0.78175,0.20,4.00
2008.03.26 09:26:22.966,0.78165,0.78175,0.20,1.60
2008.03.26 09:26:23.288,0.78165,0.7818,0.20,0.60
2008.03.26 09:26:23.618,0.78165,0.7818,0.20,0.60
2008.03.26 09:26:23.938,0.78165,0.7818,0.60,0.60
2008.03.26 09:26:24.197,0.78165,0.7818,0.60,0.60
2008.03.26 09:26:24.458,0.7817,0.78185,0.40,16.40
2008.03.26 09:26:24.717,0.7817,0.78185,0.40,0.50
2008.03.26 09:26:24.977,0.7817,0.7818,0.20,0.30
2008.03.26 09:26:25.267,0.7817,0.78185,0.40,0.50
2008.03.26 09:26:25.556,0.7817,0.78185,0.40,0.50
2008.03.26 09:26:25.846,0.7817,0.78185,0.40,0.50
2008.03.26 09:26:26.134,0.7817,0.78185,0.40,0.50
2008.03.26 09:26:26.414,0.7817,0.78185,0.40,0.50
2008.03.26 09:26:26.707,0.7817,0.78185,0.40,0.50
2008.03.26 09:26:26.987,0.7817,0.78185,0.20,2.80
2008.03.26 09:26:27.268,0.7817,0.7818,0.20,0.30
2008.03.26 09:26:27.553,0.7817,0.7818,0.20,0.30
2008.03.26 09:26:27.837,0.7817,0.78175,0.20,2.40
2008.03.26 09:26:28.122,0.78165,0.78175,4.10,2.40
2008.03.26 09:26:28.407,0.7817,0.78175,0.20,1.60
2008.03.26 09:26:28.717,0.7817,0.78185,0.20,8.40
2008.03.26 09:26:29.029,0.7817,0.78185,0.20,10.80
2008.03.26 09:26:29.340,0.7817,0.78185,0.20,8.40
2008.03.26 09:26:29.625,0.7817,0.78185,0.20,8.40
2008.03.26 09:26:29.920,0.7817,0.78185,0.20,10.80
2008.03.26 09:26:30.207,0.7817,0.78185,0.20,12.40
2008.03.26 09:26:30.492,0.7817,0.78185,0.20,8.40
2008.03.26 09:26:30.753,0.7817,0.78185,0.60,8.40
2008.03.26 09:26:31.014,0.7817,0.78185,0.60,4.40
2008.03.26 09:26:31.274,0.7817,0.78185,0.60,4.40
2008.03.26 09:26:31.532,0.78175,0.78185,0.20,4.40
2008.03.26 09:26:31.841,0.78175,0.78185,0.20,4.40
2008.03.26 09:26:32.150,0.78175,0.78185,0.20,4.40
2008.03.26 09:26:32.458,0.78175,0.78185,0.20,4.40
2008.03.26 09:26:32.707,0.78175,0.78185,0.20,4.40
2008.03.26 09:26:32.957,0.78175,0.78185,0.20,4.40
2008.03.26 09:26:33.207,0.7817,0.78185,0.20,4.40
2008.03.26 09:26:33.456,0.7817,0.78185,0.20,4.40
2008.03.26 09:26:33.771,0.7817,0.78185,0.20,8.40
2008.03.26 09:26:34.089,0.7817,0.78185,0.20,8.40
2008.03.26 09:26:34.401,0.7817,0.78185,0.20,8.40
2008.03.26 09:26:34.685,0.7817,0.78185,0.20,8.40
2008.03.26 09:26:34.954,0.7817,0.78185,0.20,8.40
2008.03.26 09:26:35.223,0.7817,0.78185,0.20,8.40
2008.03.26 09:26:35.494,0.78165,0.7818,3.60,0.30
2008.03.26 09:26:35.785,0.78165,0.7818,3.60,0.30
2008.03.26 09:26:36.075,0.78165,0.7818,3.60,0.30
2008.03.26 09:26:36.367,0.78165,0.7818,3.60,0.30
2008.03.26 09:26:36.657,0.78165,0.7818,3.60,0.30
2008.03.26 09:26:36.962,0.78165,0.7818,3.60,0.30
2008.03.26 09:26:37.255,0.78165,0.7818,3.60,0.30
2008.03.26 09:26:37.551,0.78165,0.7818,3.60,0.30
2008.03.26 09:26:37.782,0.78165,0.7818,3.60,0.30
2008.03.26 09:26:38.016,0.78165,0.7818,3.60,0.30
2008.03.26 09:26:38.262,0.78165,0.7818,3.60,0.30
2008.03.26 09:26:38.495,0.78165,0.7818,3.60,0.30
2008.03.26 09:26:38.842,0.78165,0.7818,2.80,0.50
2008.03.26 09:26:39.177,0.78165,0.7818,2.80,0.30
2008.03.26 09:26:39.512,0.78165,0.7818,2.80,0.30
2008.03.26 09:26:39.757,0.78165,0.7818,2.80,0.30
2008.03.26 09:26:40.003,0.7817,0.7818,0.20,0.30
2008.03.26 09:26:40.248,0.7817,0.7818,0.20,0.30
2008.03.26 09:26:40.492,0.7817,0.7818,0.20,0.30
2008.03.26 09:26:40.811,0.7817,0.7818,0.20,0.30
2008.03.26 09:26:41.130,0.7817,0.78185,0.20,12.40
2008.03.26 09:26:41.450,0.7817,0.78185,0.20,12.40
2008.03.26 09:26:41.770,0.7817,0.78185,0.20,12.40
2008.03.26 09:26:42.038,0.7817,0.78185,0.20,12.40
2008.03.26 09:26:42.307,0.7817,0.7818,0.20,0.30
2008.03.26 09:26:42.577,0.7817,0.7818,0.60,0.30
2008.03.26 09:26:42.878,0.7817,0.78185,0.20,8.40
2008.03.26 09:26:43.168,0.7817,0.78185,0.20,8.40
2008.03.26 09:26:43.457,0.7817,0.78185,0.20,8.40
2008.03.26 09:26:43.745,0.7817,0.78185,0.20,8.40
2008.03.26 09:26:44.055,0.7817,0.78185,0.20,4.40
2008.03.26 09:26:44.364,0.78175,0.78185,2.70,1.80
2008.03.26 09:26:44.674,0.78175,0.78185,2.70,1.80
2008.03.26 09:26:44.928,0.7818,0.7819,0.20,0.60
2008.03.26 09:26:45.177,0.7818,0.7819,0.20,0.60
2008.03.26 09:26:45.438,0.78175,0.7819,0.20,0.60
2008.03.26 09:26:45.687,0.78175,0.7819,3.30,0.60
2008.03.26 09:26:46.006,0.7818,0.7819,0.20,0.30
2008.03.26 09:26:46.320,0.7818,0.7819,0.40,0.30
2008.03.26 09:26:46.633,0.7818,0.7819,0.40,0.30
2008.03.26 09:26:46.882,0.7818,0.7819,0.40,0.30
2008.03.26 09:26:47.145,0.7818,0.7819,0.40,0.30
2008.03.26 09:26:47.404,0.7818,0.7819,0.40,0.30
2008.03.26 09:26:47.653,0.7818,0.7819,0.40,0.30
2008.03.26 09:26:47.972,0.7818,0.7819,0.40,0.30
2008.03.26 09:26:48.272,0.78185,0.78195,0.20,4.00
2008.03.26 09:26:48.581,0.78185,0.78195,0.20,4.00
2008.03.26 09:26:48.892,0.78185,0.78195,0.20,4.00
2008.03.26 09:26:49.182,0.78185,0.78195,0.20,4.00
2008.03.26 09:26:49.475,0.78185,0.78195,0.20,4.20
2008.03.26 09:26:49.763,0.78185,0.78195,0.20,4.20
2008.03.26 09:26:50.032,0.78185,0.78195,0.20,4.20
2008.03.26 09:26:50.301,0.78185,0.78195,0.20,4.20
2008.03.26 09:26:50.573,0.78185,0.78195,0.20,4.20
2008.03.26 09:26:50.843,0.78185,0.78195,0.20,4.20
2008.03.26 09:26:51.138,0.78185,0.78195,0.20,2.60
2008.03.26 09:26:51.431,0.7818,0.78195,0.60,2.60
2008.03.26 09:26:51.728,0.7818,0.7819,0.60,0.30
2008.03.26 09:26:51.987,0.7818,0.7819,0.60,0.30
2008.03.26 09:26:52.247,0.7818,0.7819,0.60,0.30
2008.03.26 09:26:52.507,0.7818,0.7819,0.60,0.60
2008.03.26 09:26:52.768,0.7818,0.7819,0.20,0.60
2008.03.26 09:26:53.097,0.7818,0.7819,0.20,0.60
2008.03.26 09:26:53.427,0.7818,0.7819,0.20,0.60
2008.03.26 09:26:53.756,0.7818,0.7819,0.60,0.60
2008.03.26 09:26:54.005,0.7818,0.78195,0.60,1.80
2008.03.26 09:26:54.250,0.7818,0.78195,0.60,1.80
2008.03.26 09:26:54.509,0.7818,0.7819,0.60,0.30
2008.03.26 09:26:54.753,0.7818,0.7819,0.60,0.30
2008.03.26 09:26:55.090,0.78175,0.7819,0.60,0.60
2008.03.26 09:26:55.426,0.78175,0.7819,0.20,0.60
2008.03.26 09:26:55.761,0.78175,0.7819,0.20,0.60
2008.03.26 09:26:56.002,0.78175,0.78185,0.20,0.30
2008.03.26 09:26:56.243,0.7817,0.78185,1.20,0.50
2008.03.26 09:26:56.483,0.7817,0.7818,0.60,0.30
2008.03.26 09:26:56.723,0.7817,0.7818,0.60,0.30
2008.03.26 09:26:56.963,0.7817,0.7818,0.60,0.30
2008.03.26 09:26:57.299,0.7817,0.7818,0.60,0.30
2008.03.26 09:26:57.634,0.7817,0.78185,0.60,0.30
2008.03.26 09:26:57.969,0.7817,0.7818,0.60,0.30
2008.03.26 09:26:58.229,0.7817,0.7818,0.60,0.30
2008.03.26 09:26:58.490,0.7817,0.7818,0.60,0.30
2008.03.26 09:26:58.752,0.7817,0.7818,0.40,0.60
2008.03.26 09:26:59.023,0.7817,0.7818,0.40,0.60
2008.03.26 09:26:59.334,0.78165,0.78175,6.70,0.30
2008.03.26 09:26:59.645,0.78165,0.78175,2.70,0.30
2008.03.26 09:26:59.953,0.78165,0.78175,2.80,0.30
2008.03.26 09:27:00.207,0.78165,0.78175,2.80,0.30
2008.03.26 09:27:00.460,0.78165,0.78175,2.80,0.30
2008.03.26 09:27:00.713,0.78165,0.78175,2.80,0.30
2008.03.26 09:27:00.967,0.78165,0.78175,2.80,0.30
2008.03.26 09:27:01.277,0.78165,0.78175,2.80,0.30
2008.03.26 09:27:01.586,0.78165,0.78175,10.80,0.30
2008.03.26 09:27:01.895,0.78165,0.78175,6.80,0.30
2008.03.26 09:27:02.162,0.78165,0.78175,2.70,0.30
2008.03.26 09:27:02.426,0.78165,0.78175,2.70,0.30
2008.03.26 09:27:02.690,0.78165,0.78175,2.70,0.30
2008.03.26 09:27:02.955,0.78165,0.78175,2.70,0.30
2008.03.26 09:27:03.255,0.78165,0.78175,2.70,0.30
2008.03.26 09:27:03.555,0.78165,0.78175,2.80,0.30
2008.03.26 09:27:03.854,0.78165,0.7818,2.80,0.60
2008.03.26 09:27:04.133,0.7816,0.78175,4.60,0.30
2008.03.26 09:27:04.399,0.78165,0.78175,2.40,0.30
2008.03.26 09:27:04.664,0.7816,0.78175,0.60,0.30
2008.03.26 09:27:04.931,0.7816,0.78175,0.60,0.30
2008.03.26 09:27:05.219,0.7816,0.78175,0.60,0.30
2008.03.26 09:27:05.508,0.7816,0.78175,0.60,0.30
2008.03.26 09:27:05.798,0.7816,0.78175,0.60,0.30
2008.03.26 09:27:06.089,0.7816,0.78175,0.60,0.30
2008.03.26 09:27:06.372,0.7816,0.78175,0.60,0.30
2008.03.26 09:27:06.658,0.7816,0.78175,0.60,0.30
2008.03.26 09:27:06.942,0.7816,0.78175,0.60,0.30
2008.03.26 09:27:07.226,0.7816,0.78175,0.60,0.30
2008.03.26 09:27:07.511,0.7816,0.78175,0.60,0.30
2008.03.26 09:27:07.796,0.7816,0.78175,0.60,0.30
2008.03.26 09:27:08.083,0.7816,0.78175,0.60,0.30
2008.03.26 09:27:08.377,0.7816,0.78175,0.60,0.30
2008.03.26 09:27:08.692,0.7816,0.78175,0.60,0.30
2008.03.26 09:27:09.010,0.7816,0.78175,0.60,0.30
2008.03.26 09:27:09.330,0.7816,0.78175,0.20,0.50
2008.03.26 09:27:09.565,0.7816,0.78175,0.20,0.50
2008.03.26 09:27:09.800,0.7816,0.78175,0.20,0.50
2008.03.26 09:27:10.035,0.7816,0.78175,0.20,0.50
2008.03.26 09:27:10.269,0.7816,0.78175,0.20,2.80
2008.03.26 09:27:10.589,0.78155,0.7817,6.80,0.60
2008.03.26 09:27:10.908,0.78155,0.7817,6.80,0.60
2008.03.26 09:27:11.238,0.78155,0.7817,6.70,0.60
2008.03.26 09:27:11.558,0.78155,0.7817,6.70,0.60
2008.03.26 09:27:11.812,0.78155,0.7817,6.70,0.60
2008.03.26 09:27:12.066,0.78155,0.7817,6.40,0.60
2008.03.26 09:27:12.321,0.78155,0.7817,6.70,0.60
2008.03.26 09:27:12.617,0.78155,0.7817,6.70,0.60
2008.03.26 09:27:12.910,0.78155,0.7817,6.50,0.60
2008.03.26 09:27:13.216,0.78155,0.7817,0.20,0.60
2008.03.26 09:27:13.513,0.78155,0.7817,0.20,0.60
2008.03.26 09:27:13.838,0.78155,0.78165,0.20,0.30
2008.03.26 09:27:14.164,0.78155,0.78165,6.50,0.30
2008.03.26 09:27:14.489,0.78155,0.78165,6.50,0.30
2008.03.26 09:27:14.729,0.78155,0.78165,6.50,0.30
2008.03.26 09:27:14.967,0.78155,0.78165,6.40,0.30
2008.03.26 09:27:15.206,0.78155,0.78165,6.40,0.30
2008.03.26 09:27:15.445,0.78155,0.78165,6.40,0.30
2008.03.26 09:27:15.753,0.78155,0.78165,6.40,0.30
2008.03.26 09:27:16.063,0.78155,0.78165,6.40,0.30
2008.03.26 09:27:16.374,0.78155,0.78165,6.40,0.30
2008.03.26 09:27:16.680,0.78155,0.78165,6.40,0.30
2008.03.26 09:27:16.951,0.78155,0.78165,6.40,0.30
2008.03.26 09:27:17.220,0.78155,0.78165,6.40,0.30
2008.03.26 09:27:17.490,0.7815,0.78165,0.60,0.30
2008.03.26 09:27:17.721,0.7815,0.78165,0.60,0.30
2008.03.26 09:27:17.950,0.7815,0.78165,0.60,0.30
2008.03.26 09:27:18.179,0.7815,0.78165,0.60,0.30
2008.03.26 09:27:18.407,0.7815,0.78165,0.60,0.30
2008.03.26 09:27:18.637,0.7815,0.78165,0.60,0.30
2008.03.26 09:27:18.973,0.78155,0.7817,6.70,0.30
2008.03.26 09:27:19.307,0.78155,0.7817,7.20,0.50
2008.03.26 09:27:19.641,0.78155,0.7817,0.80,0.60
2008.03.26 09:27:19.885,0.78155,0.7817,0.40,0.60
2008.03.26 09:27:20.130,0.78155,0.7817,0.40,0.60
2008.03.26 09:27:20.375,0.78155,0.78165,4.30,0.30
2008.03.26 09:27:20.622,0.78155,0.7817,0.60,0.30
2008.03.26 09:27:20.937,0.7816,0.7817,0.40,0.30
2008.03.26 09:27:21.242,0.78155,0.7817,4.40,0.30
2008.03.26 09:27:21.547,0.78155,0.78165,0.60,0.30
2008.03.26 09:27:21.791,0.78155,0.78165,0.60,0.30
2008.03.26 09:27:22.034,0.78155,0.78165,0.20,0.30
2008.03.26 09:27:22.279,0.78155,0.78165,0.20,0.30
2008.03.26 09:27:22.535,0.78155,0.78165,0.20,0.30
2008.03.26 09:27:22.767,0.78155,0.78165,0.20,0.30
2008.03.26 09:27:23.080,0.78155,0.78165,0.20,0.30
2008.03.26 09:27:23.395,0.78155,0.78165,6.80,0.30
2008.03.26 09:27:23.708,0.78155,0.78165,6.80,0.30
2008.03.26 09:27:24.022,0.78155,0.78165,6.80,0.30
2008.03.26 09:27:24.336,0.78155,0.78165,6.80,0.30
2008.03.26 09:27:24.651,0.78155,0.78165,6.70,0.30
2008.03.26 09:27:24.865,0.78155,0.78165,6.70,0.30
2008.03.26 09:27:25.078,0.78155,0.78165,6.70,0.30
2008.03.26 09:27:25.292,0.78155,0.78165,6.70,0.30
2008.03.26 09:27:25.505,0.78155,0.78165,6.70,0.30
2008.03.26 09:27:25.718,0.78155,0.78165,6.70,0.30
2008.03.26 09:27:26.049,0.78155,0.78165,2.40,0.30
2008.03.26 09:27:26.379,0.7815,0.78165,5.40,0.30
2008.03.26 09:27:26.710,0.7815,0.78165,5.40,0.30
2008.03.26 09:27:26.949,0.78155,0.78165,2.40,0.30
2008.03.26 09:27:27.189,0.78155,0.78165,2.40,0.30
2008.03.26 09:27:27.427,0.78155,0.78165,2.40,0.30
2008.03.26 09:27:27.671,0.78155,0.7817,2.80,0.60
2008.03.26 09:27:28.005,0.78155,0.7817,2.50,0.60
2008.03.26 09:27:28.341,0.78155,0.7817,2.80,0.60
2008.03.26 09:27:28.676,0.78155,0.7817,2.80,0.60
2008.03.26 09:27:28.946,0.78155,0.7817,6.80,0.60
2008.03.26 09:27:29.216,0.78155,0.7817,10.80,0.60
2008.03.26 09:27:29.485,0.78155,0.7817,2.80,0.60
2008.03.26 09:27:29.753,0.78155,0.7817,2.80,0.60
2008.03.26 09:27:30.042,0.78155,0.7817,2.80,0.60
2008.03.26 09:27:30.332,0.78155,0.7817,2.80,0.60
2008.03.26 09:27:30.621,0.78155,0.7817,2.80,0.60
2008.03.26 09:27:30.910,0.78155,0.7817,6.80,0.30
2008.03.26 09:27:31.186,0.78155,0.7817,10.80,0.30
2008.03.26 09:27:31.463,0.78155,0.7817,10.80,0.60
2008.03.26 09:27:31.737,0.78155,0.7817,6.80,0.60
2008.03.26 09:27:32.037,0.78155,0.7817,6.80,0.60
2008.03.26 09:27:32.335,0.78155,0.7817,6.80,0.60
2008.03.26 09:27:32.634,0.78155,0.7817,6.80,0.60
2008.03.26 09:27:32.934,0.78155,0.7817,6.80,0.60
2008.03.26 09:27:33.219,0.78155,0.7817,6.80,0.60
2008.03.26 09:27:33.501,0.78155,0.7817,6.80,0.60
2008.03.26 09:27:33.785,0.78155,0.7817,10.80,0.60
2008.03.26 09:27:34.059,0.78155,0.7817,10.80,0.60
2008.03.26 09:27:34.335,0.78155,0.7817,10.80,0.60
2008.03.26 09:27:34.609,0.78155,0.7817,10.80,0.60
2008.03.26 09:27:34.882,0.78155,0.7817,10.80,0.60
2008.03.26 09:27:35.171,0.78155,0.7817,6.80,0.60
2008.03.26 09:27:35.460,0.78155,0.7817,6.80,0.60
2008.03.26 09:27:35.749,0.78155,0.7817,6.80,0.60
2008.03.26 09:27:36.019,0.78155,0.7817,10.80,0.30
2008.03.26 09:27:36.288,0.78155,0.7817,10.80,0.30
2008.03.26 09:27:36.556,0.78155,0.7817,10.80,0.30
2008.03.26 09:27:36.825,0.78155,0.7817,10.80,0.60
2008.03.26 09:27:37.119,0.78155,0.7817,10.80,0.60
2008.03.26 09:27:37.413,0.78155,0.7817,10.80,0.60
2008.03.26 09:27:37.708,0.78155,0.7817,9.20,0.60
2008.03.26 09:27:38.002,0.78155,0.7817,6.80,0.60
2008.03.26 09:27:38.307,0.78155,0.7817,6.80,0.60
2008.03.26 09:27:38.611,0.78155,0.7817,6.80,0.60
2008.03.26 09:27:38.917,0.78155,0.7817,2.80,0.60
2008.03.26 09:27:39.181,0.78155,0.78165,2.70,0.30
2008.03.26 09:27:39.457,0.78155,0.78165,6.70,0.30
2008.03.26 09:27:39.721,0.78155,0.78165,6.80,0.30
2008.03.26 09:27:39.985,0.78155,0.78165,2.80,0.30
2008.03.26 09:27:40.274,0.78155,0.78165,2.80,0.30
2008.03.26 09:27:40.564,0.78155,0.78165,2.70,0.30
2008.03.26 09:27:40.852,0.78155,0.78165,2.70,0.30
2008.03.26 09:27:41.116,0.78155,0.78165,2.70,0.30
2008.03.26 09:27:41.380,0.78155,0.78165,2.70,0.30
2008.03.26 09:27:41.644,0.78155,0.78165,2.70,0.30
2008.03.26 09:27:41.908,0.78155,0.78165,2.70,0.30
2008.03.26 09:27:42.202,0.78155,0.78165,2.70,0.30
2008.03.26 09:27:42.497,0.78155,0.78165,2.70,0.30
2008.03.26 09:27:42.791,0.78155,0.78165,2.70,0.30
2008.03.26 09:27:43.089,0.78155,0.7817,2.70,0.60
2008.03.26 09:27:43.367,0.78155,0.7817,10.70,0.60
2008.03.26 09:27:43.648,0.7815,0.7816,0.40,0.30
2008.03.26 09:27:43.927,0.7815,0.7816,0.40,0.30
2008.03.26 09:27:44.196,0.7815,0.7816,0.40,0.30
2008.03.26 09:27:44.468,0.7815,0.7816,0.40,0.30
2008.03.26 09:27:44.737,0.7815,0.7816,0.40,0.30
2008.03.26 09:27:45.007,0.7815,0.7816,0.40,0.30
2008.03.26 09:27:45.293,0.7815,0.7816,0.40,0.30
2008.03.26 09:27:45.578,0.7815,0.7816,0.40,0.30
2008.03.26 09:27:45.872,0.7815,0.7816,0.40,0.30
2008.03.26 09:27:46.157,0.7815,0.7816,0.40,0.30
2008.03.26 09:27:46.421,0.7815,0.7816,0.40,0.30
2008.03.26 09:27:46.687,0.7815,0.7816,0.40,0.30
2008.03.26 09:27:46.952,0.7815,0.7816,0.40,0.30
2008.03.26 09:27:47.232,0.7815,0.7816,0.20,0.60
2008.03.26 09:27:47.511,0.7815,0.7816,0.20,0.60
2008.03.26 09:27:47.790,0.7815,0.7816,0.20,0.60
2008.03.26 09:27:48.071,0.7815,0.7816,0.20,0.60
2008.03.26 09:27:48.380,0.7815,0.7816,0.20,0.60
2008.03.26 09:27:48.687,0.7815,0.7816,0.20,0.60
2008.03.26 09:27:48.996,0.7815,0.7816,0.20,0.60
2008.03.26 09:27:49.237,0.7815,0.7816,0.20,0.60
2008.03.26 09:27:49.478,0.7815,0.7816,0.20,0.60
2008.03.26 09:27:49.717,0.7815,0.7816,0.20,0.60
2008.03.26 09:27:49.957,0.7815,0.7816,0.20,0.60
2008.03.26 09:27:50.198,0.7815,0.7816,0.20,0.60
2008.03.26 09:27:50.527,0.7815,0.7816,0.40,0.60
2008.03.26 09:27:50.857,0.7815,0.7816,0.40,0.60
2008.03.26 09:27:51.186,0.7815,0.7816,0.40,0.60
2008.03.26 09:27:51.431,0.7815,0.7816,0.40,0.60
2008.03.26 09:27:51.675,0.7815,0.7816,0.40,0.60
2008.03.26 09:27:51.919,0.7815,0.7816,0.40,0.60
2008.03.26 09:27:52.165,0.78145,0.7816,2.80,0.60
2008.03.26 09:27:52.508,0.7815,0.7816,0.20,0.60
2008.03.26 09:27:52.830,0.7815,0.7816,0.20,0.60
2008.03.26 09:27:53.161,0.7815,0.7816,0.20,0.60
2008.03.26 09:27:53.423,0.7815,0.7816,0.60,0.60
2008.03.26 09:27:53.685,0.7815,0.7816,0.60,0.30
2008.03.26 09:27:53.949,0.7815,0.7816,4.40,0.30
2008.03.26 09:27:54.210,0.7815,0.7816,0.60,0.60
2008.03.26 09:27:54.510,0.78145,0.7816,13.70,0.60
2008.03.26 09:27:54.811,0.78145,0.7816,0.20,0.60
2008.03.26 09:27:55.113,0.7814,0.78155,1.40,0.30
2008.03.26 09:27:55.412,0.7814,0.78155,1.10,0.50
2008.03.26 09:27:55.725,0.7814,0.7815,0.90,0.30
2008.03.26 09:27:56.022,0.7814,0.7815,0.90,0.30
2008.03.26 09:27:56.323,0.7814,0.7815,0.90,0.30
2008.03.26 09:27:56.573,0.7814,0.7815,0.90,0.30
2008.03.26 09:27:56.823,0.7814,0.7815,0.90,0.30
2008.03.26 09:27:57.073,0.7814,0.7815,0.20,0.30
2008.03.26 09:27:57.321,0.7814,0.7815,0.20,0.30
2008.03.26 09:27:57.631,0.7814,0.7815,0.20,0.30
2008.03.26 09:27:57.934,0.7814,0.7815,0.20,0.30
2008.03.26 09:27:58.241,0.7814,0.7815,0.20,0.30
2008.03.26 09:27:58.532,0.7814,0.7815,0.60,0.30
2008.03.26 09:27:58.823,0.7814,0.7815,0.60,0.30
2008.03.26 09:27:59.113,0.7814,0.7815,0.60,0.30
2008.03.26 09:27:59.401,0.7814,0.7815,0.60,0.30
2008.03.26 09:27:59.681,0.7814,0.7815,0.20,0.30
2008.03.26 09:27:59.967,0.7814,0.7815,0.20,0.30
2008.03.26 09:28:00.254,0.7814,0.7815,0.20,0.30
2008.03.26 09:28:00.541,0.7814,0.7815,0.20,0.30
2008.03.26 09:28:00.819,0.7814,0.7815,0.20,0.30
2008.03.26 09:28:01.095,0.7814,0.7815,0.60,0.30
2008.03.26 09:28:01.370,0.7814,0.78155,0.60,0.30
2008.03.26 09:28:01.651,0.7814,0.78155,0.60,0.30
2008.03.26 09:28:01.920,0.7814,0.78155,0.60,0.30
2008.03.26 09:28:02.190,0.7814,0.78155,0.60,0.50
2008.03.26 09:28:02.460,0.7814,0.7815,0.20,0.30
2008.03.26 09:28:02.772,0.7814,0.7815,0.60,0.60
2008.03.26 09:28:03.081,0.78135,0.7815,2.40,0.60
2008.03.26 09:28:03.390,0.78135,0.7815,2.70,0.60
2008.03.26 09:28:03.662,0.7814,0.78145,0.20,0.30
2008.03.26 09:28:03.933,0.7814,0.78145,0.20,0.30
2008.03.26 09:28:04.204,0.7814,0.7815,0.20,0.60
2008.03.26 09:28:04.473,0.7814,0.7815,0.20,0.30
2008.03.26 09:28:04.769,0.7814,0.7815,0.20,0.30
2008.03.26 09:28:05.063,0.7814,0.78155,0.60,1.80
2008.03.26 09:28:05.358,0.7814,0.78155,0.60,0.30
2008.03.26 09:28:05.625,0.7814,0.78155,0.60,0.30
2008.03.26 09:28:05.889,0.7814,0.78155,0.20,0.50
2008.03.26 09:28:06.161,0.7814,0.7815,0.20,0.30
2008.03.26 09:28:06.419,0.7814,0.78155,0.60,0.30
2008.03.26 09:28:06.719,0.7814,0.7815,0.60,0.30
2008.03.26 09:28:07.028,0.7814,0.78155,0.60,0.30
2008.03.26 09:28:07.330,0.7814,0.78155,0.60,0.30
2008.03.26 09:28:07.633,0.78135,0.7814,2.40,0.50
2008.03.26 09:28:07.926,0.7813,0.7814,0.20,0.50
2008.03.26 09:28:08.222,0.7813,0.78145,0.60,1.80
2008.03.26 09:28:08.517,0.7813,0.7814,0.20,0.30
2008.03.26 09:28:08.796,0.78125,0.7814,0.60,0.30
2008.03.26 09:28:09.074,0.78125,0.7814,0.60,0.30
2008.03.26 09:28:09.354,0.78125,0.7814,0.60,0.30
2008.03.26 09:28:09.634,0.78125,0.78135,0.40,0.30
2008.03.26 09:28:09.909,0.78125,0.78135,0.40,0.30
2008.03.26 09:28:10.193,0.7812,0.78135,4.60,0.30
2008.03.26 09:28:10.457,0.7812,0.78135,4.40,0.30
2008.03.26 09:28:10.737,0.7812,0.78135,4.60,0.30
2008.03.26 09:28:11.018,0.7812,0.7813,0.60,0.30
2008.03.26 09:28:11.296,0.7812,0.7813,0.60,0.30
2008.03.26 09:28:11.576,0.7812,0.78135,4.40,0.30
2008.03.26 09:28:11.865,0.7812,0.78135,4.40,0.30
2008.03.26 09:28:12.154,0.7812,0.78135,4.40,0.30
2008.03.26 09:28:12.444,0.7812,0.78135,4.40,0.30
2008.03.26 09:28:12.735,0.7812,0.78135,4.40,0.30
2008.03.26 09:28:13.001,0.7812,0.7813,4.40,0.30
2008.03.26 09:28:13.268,0.7812,0.78135,4.40,2.60
2008.03.26 09:28:13.541,0.7812,0.78135,4.40,0.30
2008.03.26 09:28:13.875,0.7812,0.78135,4.40,0.30
2008.03.26 09:28:14.208,0.7812,0.78135,4.40,0.30
2008.03.26 09:28:14.542,0.7812,0.78135,4.40,0.30
2008.03.26 09:28:14.771,0.7812,0.7813,4.40,0.60
2008.03.26 09:28:15.001,0.7812,0.7813,0.20,0.30
2008.03.26 09:28:15.232,0.7812,0.7813,0.20,0.60
2008.03.26 09:28:15.463,0.78115,0.7813,1.20,0.60
2008.03.26 09:28:15.695,0.7812,0.7813,0.20,0.60
2008.03.26 09:28:16.023,0.7812,0.7813,0.20,0.60
2008.03.26 09:28:16.353,0.7812,0.7813,0.20,0.60
2008.03.26 09:28:18.385,0.7812,0.7813,0.20,0.30
2008.03.26 09:28:18.446,0.7812,0.7813,0.60,0.30
2008.03.26 09:28:18.482,0.7812,0.7813,0.60,0.30
2008.03.26 09:28:18.514,0.7812,0.7813,0.60,0.30
2008.03.26 09:28:18.528,0.7812,0.7813,0.60,0.30
2008.03.26 09:28:18.549,0.7812,0.7813,0.60,0.30
2008.03.26 09:28:18.576,0.7812,0.7813,0.60,0.30
2008.03.26 09:28:18.593,0.7812,0.7813,0.60,0.30
2008.03.26 09:28:18.688,0.7812,0.7813,0.60,0.30
2008.03.26 09:28:18.727,0.7812,0.7813,0.60,0.30
2008.03.26 09:28:18.747,0.7812,0.7813,0.60,0.30
2008.03.26 09:28:18.844,0.7812,0.7813,0.60,0.30
2008.03.26 09:28:18.876,0.7812,0.7813,0.60,0.30
2008.03.26 09:28:18.983,0.7812,0.7813,0.60,0.30
2008.03.26 09:28:19.070,0.7812,0.7813,0.60,0.30
2008.03.26 09:28:19.108,0.7812,0.7813,0.60,0.30
2008.03.26 09:28:19.133,0.7812,0.7813,0.60,0.30
2008.03.26 09:28:19.188,0.7812,0.7813,0.60,0.30
2008.03.26 09:28:19.292,0.7812,0.7813,0.60,0.30
2008.03.26 09:28:19.399,0.7812,0.7813,0.60,0.30
2008.03.26 09:28:21.525,0.78125,0.7814,0.90,0.60
2008.03.26 09:28:21.579,0.78125,0.7814,0.90,0.60
2008.03.26 09:28:21.640,0.78125,0.7814,0.90,0.60
2008.03.26 09:28:21.703,0.78125,0.7814,0.90,0.60
2008.03.26 09:28:21.843,0.78125,0.7814,0.90,0.60
2008.03.26 09:28:21.905,0.78125,0.7814,1.20,0.60
2008.03.26 09:28:21.964,0.78125,0.7814,1.20,0.60
2008.03.26 09:28:22.033,0.78125,0.7814,0.90,0.60
2008.03.26 09:28:22.083,0.78125,0.7814,0.90,0.60
2008.03.26 09:28:22.142,0.78125,0.7814,0.90,0.60
2008.03.26 09:28:22.201,0.78125,0.7814,0.90,0.60
2008.03.26 09:28:22.267,0.78125,0.7814,0.90,0.60
2008.03.26 09:28:22.373,0.78125,0.7814,0.90,0.60
2008.03.26 09:28:22.431,0.78125,0.7814,1.20,0.60
2008.03.26 09:28:22.494,0.78125,0.7814,3.60,0.60
2008.03.26 09:28:22.829,0.7813,0.7814,0.20,0.60
2008.03.26 09:28:23.165,0.7813,0.7814,0.60,0.30
2008.03.26 09:28:23.511,0.7813,0.7814,0.60,0.30
2008.03.26 09:28:23.788,0.7813,0.7814,0.60,0.30
2008.03.26 09:28:24.046,0.7813,0.7814,0.60,0.30
2008.03.26 09:28:24.310,0.7813,0.7814,0.60,0.30
2008.03.26 09:28:24.575,0.7813,0.7814,0.60,0.30
2008.03.26 09:28:24.865,0.7813,0.7814,0.60,0.30
2008.03.26 09:28:25.155,0.78125,0.78135,2.40,19.60
2008.03.26 09:28:25.453,0.7812,0.7813,0.20,0.20
2008.03.26 09:28:25.744,0.78115,0.7813,0.20,4.60
2008.03.26 09:28:26.044,0.78115,0.7813,0.20,0.60
2008.03.26 09:28:26.344,0.7811,0.78125,0.60,2.60
2008.03.26 09:28:26.644,0.7811,0.7812,0.40,0.30
2008.03.26 09:28:26.884,0.7811,0.7812,0.40,0.30
2008.03.26 09:28:27.123,0.7811,0.7812,0.40,0.30
2008.03.26 09:28:27.363,0.7811,0.7812,0.40,0.30
2008.03.26 09:28:27.602,0.7811,0.7812,0.40,0.30
2008.03.26 09:28:27.917,0.7811,0.7812,0.40,0.30
2008.03.26 09:28:28.231,0.7811,0.7812,0.40,0.30
2008.03.26 09:28:28.546,0.7811,0.7812,0.40,0.30
2008.03.26 09:28:28.863,0.7811,0.7812,0.40,0.30
2008.03.26 09:28:29.200,0.7811,0.78125,0.60,4.40
2008.03.26 09:28:29.526,0.7811,0.7812,0.60,0.60
2008.03.26 09:28:29.851,0.7811,0.7812,0.40,0.60
2008.03.26 09:28:30.090,0.7811,0.7812,0.20,0.60
2008.03.26 09:28:30.329,0.7811,0.7812,0.20,0.60
2008.03.26 09:28:30.569,0.7811,0.7812,0.20,0.60
2008.03.26 09:28:30.808,0.7811,0.7812,0.20,0.60
2008.03.26 09:28:31.117,0.7811,0.7812,0.20,0.60
2008.03.26 09:28:31.428,0.7811,0.7812,0.20,0.60
2008.03.26 09:28:31.738,0.7811,0.7812,0.20,0.60
2008.03.26 09:28:31.972,0.7811,0.7812,0.20,0.60
2008.03.26 09:28:32.208,0.7811,0.7812,0.20,0.60
2008.03.26 09:28:32.442,0.7811,0.7812,0.20,0.60
2008.03.26 09:28:32.678,0.7811,0.7812,0.20,0.60
2008.03.26 09:28:32.913,0.7811,0.7812,0.20,0.60
2008.03.26 09:28:33.248,0.7811,0.7812,0.20,0.60
2008.03.26 09:28:33.595,0.7811,0.7812,0.20,0.60
2008.03.26 09:28:33.923,0.7811,0.7812,0.20,0.60
2008.03.26 09:28:34.202,0.7811,0.7812,0.20,0.60
2008.03.26 09:28:34.481,0.7811,0.7812,0.20,0.60
2008.03.26 09:28:34.760,0.7811,0.7812,0.20,0.60
2008.03.26 09:28:35.030,0.78105,0.7812,2.80,0.60
2008.03.26 09:28:35.308,0.78105,0.7812,2.80,0.60
2008.03.26 09:28:35.577,0.78105,0.7812,3.60,0.60
2008.03.26 09:28:35.837,0.78105,0.7812,10.00,0.60
2008.03.26 09:28:36.123,0.7811,0.7812,0.20,0.60
2008.03.26 09:28:36.409,0.7811,0.78125,0.60,0.30
2008.03.26 09:28:36.692,0.7811,0.78125,0.60,0.30
2008.03.26 09:28:36.978,0.7811,0.78125,0.60,0.30
2008.03.26 09:28:37.274,0.7811,0.78125,0.60,0.30
2008.03.26 09:28:37.569,0.7811,0.78125,0.60,0.30
2008.03.26 09:28:37.864,0.7811,0.78125,0.60,0.30
2008.03.26 09:28:38.147,0.7811,0.78125,0.60,0.30
2008.03.26 09:28:38.431,0.7811,0.78125,0.60,0.30
2008.03.26 09:28:38.716,0.7811,0.78125,0.60,6.80
2008.03.26 09:28:39.001,0.7811,0.78125,0.40,8.40
2008.03.26 09:28:39.265,0.7811,0.78125,0.40,4.40
2008.03.26 09:28:39.530,0.7811,0.78125,0.40,4.40
2008.03.26 09:28:39.795,0.7811,0.7812,0.40,0.30
2008.03.26 09:28:40.060,0.7811,0.7812,0.60,0.30
2008.03.26 09:28:40.359,0.7811,0.7812,0.60,0.30
2008.03.26 09:28:40.659,0.7811,0.7812,0.40,0.30
2008.03.26 09:28:40.957,0.7811,0.7812,0.40,0.30
2008.03.26 09:28:41.255,0.7811,0.7812,0.40,0.30
2008.03.26 09:28:41.559,0.7811,0.7812,0.40,0.30
2008.03.26 09:28:41.833,0.7811,0.7812,0.40,0.30
2008.03.26 09:28:42.123,0.7811,0.7812,0.40,0.30
2008.03.26 09:28:42.387,0.7811,0.7812,0.40,0.30
2008.03.26 09:28:42.652,0.7811,0.7812,0.40,0.30
2008.03.26 09:28:42.915,0.7811,0.7812,0.40,0.30
2008.03.26 09:28:43.179,0.7811,0.7812,0.40,0.60
2008.03.26 09:28:43.493,0.7811,0.7812,0.20,0.60
2008.03.26 09:28:43.819,0.7811,0.7812,0.20,0.60
2008.03.26 09:28:44.134,0.7811,0.7812,0.40,0.60
2008.03.26 09:28:44.418,0.7811,0.7812,0.40,0.60
2008.03.26 09:28:44.679,0.7811,0.7812,0.40,0.60
2008.03.26 09:28:44.942,0.7811,0.7812,0.40,0.60
2008.03.26 09:28:45.207,0.7811,0.7812,0.40,0.60
2008.03.26 09:28:45.486,0.7811,0.7812,0.40,0.60
2008.03.26 09:28:45.765,0.7811,0.7812,0.20,0.60
2008.03.26 09:28:46.045,0.7811,0.7812,0.20,0.60
2008.03.26 09:28:46.327,0.7811,0.7812,0.20,0.60
2008.03.26 09:28:46.619,0.78105,0.7812,2.80,0.60
2008.03.26 09:28:46.909,0.78105,0.7812,0.60,0.60
2008.03.26 09:28:47.199,0.78105,0.7812,0.20,0.60
2008.03.26 09:28:47.488,0.78105,0.7812,0.20,0.60
2008.03.26 09:28:47.767,0.78105,0.7812,0.20,0.60
2008.03.26 09:28:48.050,0.78105,0.7812,0.20,0.60
2008.03.26 09:28:48.329,0.78105,0.7812,0.20,0.60
2008.03.26 09:28:48.611,0.78105,0.7812,0.20,0.60
2008.03.26 09:28:48.942,0.78105,0.7812,0.20,0.60
2008.03.26 09:28:49.275,0.78105,0.7812,0.20,0.60
2008.03.26 09:28:49.609,0.78105,0.7812,0.20,0.60
2008.03.26 09:28:49.848,0.78105,0.78115,0.20,0.30
2008.03.26 09:28:50.099,0.78105,0.7811,0.20,0.30
2008.03.26 09:28:50.339,0.78105,0.7811,0.20,0.30
2008.03.26 09:28:50.577,0.78105,0.7811,0.20,0.30
2008.03.26 09:28:50.872,0.78105,0.7811,0.20,0.30
2008.03.26 09:28:51.167,0.78105,0.7812,2.80,0.30
2008.03.26 09:28:51.469,0.78105,0.78115,2.80,0.30
2008.03.26 09:28:51.765,0.78105,0.7812,2.80,0.60
2008.03.26 09:28:52.064,0.78105,0.7812,2.80,0.30
2008.03.26 09:28:52.362,0.78105,0.7812,2.80,0.30
2008.03.26 09:28:52.664,0.7811,0.7812,0.20,0.30
2008.03.26 09:28:52.891,0.7811,0.7812,0.20,0.30
2008.03.26 09:28:53.126,0.7811,0.7812,0.20,0.30
2008.03.26 09:28:53.364,0.7811,0.7812,0.20,0.30
2008.03.26 09:28:53.593,0.7811,0.7812,0.20,0.30
2008.03.26 09:28:53.822,0.7811,0.7812,0.20,0.30
2008.03.26 09:28:54.172,0.78105,0.78115,2.80,0.30
2008.03.26 09:28:54.507,0.78105,0.78115,2.80,0.30
2008.03.26 09:28:54.842,0.78105,0.7811,0.20,0.30
2008.03.26 09:28:55.081,0.78105,0.7811,0.20,0.30
2008.03.26 09:28:55.320,0.78105,0.7811,0.20,0.30
2008.03.26 09:28:55.559,0.78105,0.7811,0.20,0.30
2008.03.26 09:28:55.798,0.78105,0.7811,0.20,0.30
2008.03.26 09:28:56.099,0.78105,0.78115,0.60,0.30
2008.03.26 09:28:56.400,0.78105,0.78115,0.60,0.30
2008.03.26 09:28:56.699,0.78105,0.78115,0.60,0.30
2008.03.26 09:28:56.997,0.78105,0.78115,0.60,0.30
2008.03.26 09:28:57.282,0.78105,0.78115,0.60,0.30
2008.03.26 09:28:57.567,0.78105,0.7812,0.20,0.50
2008.03.26 09:28:57.852,0.781,0.78115,0.60,0.30
2008.03.26 09:28:58.118,0.781,0.7811,0.60,0.30
2008.03.26 09:28:58.383,0.781,0.78115,0.60,0.50
2008.03.26 09:28:58.649,0.781,0.78115,0.60,0.50
2008.03.26 09:28:58.924,0.781,0.78115,0.60,0.50
2008.03.26 09:28:59.243,0.781,0.78115,0.60,1.90
2008.03.26 09:28:59.563,0.781,0.78115,0.60,1.90
2008.03.26 09:28:59.881,0.781,0.78115,0.60,1.90
2008.03.26 09:29:00.136,0.781,0.78115,4.40,1.10
2008.03.26 09:29:00.390,0.781,0.7811,4.30,0.30
2008.03.26 09:29:00.646,0.781,0.7811,4.40,0.30
2008.03.26 09:29:00.900,0.781,0.7811,0.60,0.30
2008.03.26 09:29:01.155,0.78095,0.7811,6.70,0.30
2008.03.26 09:29:01.453,0.78095,0.7811,6.70,0.30
2008.03.26 09:29:01.753,0.78095,0.78105,9.10,0.30
2008.03.26 09:29:02.054,0.781,0.78105,0.20,0.30
2008.03.26 09:29:02.348,0.781,0.7811,0.20,0.30
2008.03.26 09:29:02.641,0.781,0.7811,0.20,0.30
2008.03.26 09:29:02.936,0.781,0.7811,0.20,0.30
2008.03.26 09:29:03.220,0.781,0.7811,0.60,0.30
2008.03.26 09:29:03.505,0.781,0.78115,0.20,4.40
2008.03.26 09:29:03.790,0.78095,0.7811,11.40,0.60
2008.03.26 09:29:04.076,0.78095,0.78105,7.40,0.30
2008.03.26 09:29:04.370,0.78095,0.78105,2.80,0.30
2008.03.26 09:29:04.668,0.781,0.78105,0.20,0.30
2008.03.26 09:29:04.962,0.781,0.78105,0.20,0.30
2008.03.26 09:29:05.227,0.78095,0.78105,2.40,0.30
2008.03.26 09:29:05.505,0.78095,0.78105,0.40,0.30
2008.03.26 09:29:05.770,0.781,0.78105,0.20,0.30
2008.03.26 09:29:06.034,0.781,0.78105,0.20,0.30
2008.03.26 09:29:06.334,0.78095,0.7811,0.20,0.60
2008.03.26 09:29:06.633,0.7809,0.78105,4.60,0.30
2008.03.26 09:29:06.932,0.78095,0.78105,2.40,0.30
2008.03.26 09:29:07.234,0.7809,0.781,0.20,0.60
2008.03.26 09:29:07.499,0.7809,0.781,0.20,0.60
2008.03.26 09:29:07.743,0.7809,0.781,4.10,0.60
2008.03.26 09:29:07.998,0.7809,0.781,4.10,0.60
2008.03.26 09:29:08.322,0.7809,0.781,0.20,0.60
2008.03.26 09:29:08.647,0.7809,0.781,0.20,0.60
2008.03.26 09:29:08.973,0.7809,0.78105,4.40,0.50
2008.03.26 09:29:09.300,0.7809,0.78105,4.40,0.30
2008.03.26 09:29:09.551,0.7809,0.78105,4.40,0.30
2008.03.26 09:29:09.812,0.7809,0.78105,0.60,0.30
2008.03.26 09:29:10.049,0.7809,0.78105,0.60,0.30
2008.03.26 09:29:10.354,0.7809,0.78105,4.60,0.30
2008.03.26 09:29:10.658,0.7809,0.78105,0.60,0.30
2008.03.26 09:29:10.962,0.7809,0.78105,0.60,0.30
2008.03.26 09:29:11.265,0.7809,0.78105,0.60,0.30
2008.03.26 09:29:11.530,0.7809,0.78105,0.60,0.30
2008.03.26 09:29:11.795,0.7809,0.78105,0.60,0.30
2008.03.26 09:29:12.059,0.7809,0.78105,0.60,0.30
2008.03.26 09:29:12.353,0.7809,0.78105,0.60,0.30
2008.03.26 09:29:12.646,0.7809,0.78105,0.60,0.30
2008.03.26 09:29:12.939,0.7809,0.78105,0.60,0.30
2008.03.26 09:29:13.235,0.7809,0.78105,0.60,0.30
2008.03.26 09:29:13.555,0.7809,0.78105,4.30,0.50
2008.03.26 09:29:13.875,0.7809,0.78105,0.20,0.50
2008.03.26 09:29:14.194,0.7809,0.78105,4.40,0.50
2008.03.26 09:29:14.433,0.7809,0.78105,4.40,0.50
2008.03.26 09:29:14.673,0.7809,0.78105,0.60,0.30
2008.03.26 09:29:14.912,0.7809,0.78105,0.60,0.30
2008.03.26 09:29:15.151,0.7809,0.78105,0.60,0.30
2008.03.26 09:29:15.465,0.78095,0.78105,2.40,0.30
2008.03.26 09:29:15.781,0.78095,0.78105,2.40,0.30
2008.03.26 09:29:16.096,0.78095,0.78105,2.40,0.30
2008.03.26 09:29:16.411,0.78095,0.7811,2.40,0.60
2008.03.26 09:29:16.666,0.78095,0.7811,2.40,0.60
2008.03.26 09:29:16.919,0.78095,0.7811,2.40,0.60
2008.03.26 09:29:17.174,0.78095,0.7811,2.40,0.60
2008.03.26 09:29:17.473,0.78095,0.7811,2.40,0.60
2008.03.26 09:29:17.773,0.78095,0.7811,2.40,0.60
2008.03.26 09:29:18.083,0.78095,0.7811,2.40,0.60
2008.03.26 09:29:18.381,0.78095,0.7811,2.70,0.60
2008.03.26 09:29:18.697,0.78095,0.7811,2.70,0.60
2008.03.26 09:29:19.016,0.78095,0.7811,2.70,0.60
2008.03.26 09:29:19.335,0.78095,0.7811,2.70,0.60
2008.03.26 09:29:19.579,0.78095,0.7811,2.40,0.60
2008.03.26 09:29:19.823,0.78095,0.78105,0.40,0.30
2008.03.26 09:29:20.068,0.78095,0.7811,4.40,0.60
2008.03.26 09:29:20.314,0.78095,0.7811,0.60,0.60
2008.03.26 09:29:20.618,0.78095,0.7811,0.20,0.60
2008.03.26 09:29:20.922,0.78095,0.78105,0.20,0.30
2008.03.26 09:29:21.225,0.78095,0.78105,0.20,0.30
2008.03.26 09:29:21.531,0.78095,0.78105,0.20,0.30
2008.03.26 09:29:21.795,0.78095,0.78105,0.20,0.30
2008.03.26 09:29:22.060,0.78095,0.78105,0.60,0.30
2008.03.26 09:29:22.323,0.78095,0.7811,0.60,0.60
2008.03.26 09:29:22.607,0.78095,0.7811,0.60,0.60
2008.03.26 09:29:22.891,0.78095,0.7811,0.60,0.60
2008.03.26 09:29:23.177,0.78095,0.7811,0.60,0.60
2008.03.26 09:29:23.461,0.78095,0.7811,0.60,0.60
2008.03.26 09:29:23.771,0.78095,0.7811,0.60,0.60
2008.03.26 09:29:24.081,0.78095,0.7811,0.20,0.60
2008.03.26 09:29:24.391,0.78095,0.7811,0.20,0.60
2008.03.26 09:29:24.641,0.78095,0.7811,0.20,0.60
2008.03.26 09:29:24.891,0.78095,0.78105,0.20,0.30
2008.03.26 09:29:25.140,0.78095,0.78105,0.20,0.30
2008.03.26 09:29:25.389,0.78095,0.78105,0.20,0.30
2008.03.26 09:29:25.683,0.78095,0.78105,0.20,0.30
2008.03.26 09:29:25.977,0.78095,0.78105,0.20,0.30
2008.03.26 09:29:26.273,0.7809,0.78105,4.60,0.30
2008.03.26 09:29:26.566,0.7809,0.78105,4.60,0.30
2008.03.26 09:29:26.856,0.7809,0.78105,4.60,0.30
2008.03.26 09:29:27.147,0.7809,0.78105,4.60,0.30
2008.03.26 09:29:27.435,0.7809,0.78105,4.60,0.30
2008.03.26 09:29:27.695,0.7809,0.78105,0.60,0.30
2008.03.26 09:29:27.955,0.7809,0.78105,0.60,0.30
2008.03.26 09:29:28.214,0.7809,0.78105,0.60,0.30
2008.03.26 09:29:28.474,0.7809,0.78105,0.60,0.30
2008.03.26 09:29:28.784,0.7809,0.78105,0.60,0.30
2008.03.26 09:29:29.094,0.7809,0.78105,4.60,0.30
2008.03.26 09:29:29.403,0.7809,0.78105,4.60,0.30
2008.03.26 09:29:29.713,0.7809,0.78105,4.60,0.30
2008.03.26 09:29:30.008,0.7809,0.78105,4.60,0.30
2008.03.26 09:29:30.303,0.7809,0.78105,4.60,0.30
2008.03.26 09:29:30.596,0.7809,0.78105,4.60,0.30
2008.03.26 09:29:30.850,0.7809,0.78105,4.60,0.30
2008.03.26 09:29:31.103,0.7809,0.78105,4.60,0.30
2008.03.26 09:29:31.359,0.7809,0.78105,4.60,0.30
2008.03.26 09:29:31.613,0.7809,0.78105,4.60,0.30
2008.03.26 09:29:31.918,0.7809,0.78105,4.60,0.30
2008.03.26 09:29:32.223,0.78095,0.78105,0.40,0.30
2008.03.26 09:29:32.528,0.78095,0.78105,0.60,0.30
2008.03.26 09:29:32.832,0.78095,0.78105,0.60,0.30
2008.03.26 09:29:33.071,0.78095,0.78105,0.60,0.30
2008.03.26 09:29:33.311,0.78095,0.7811,0.60,0.60
2008.03.26 09:29:33.549,0.78095,0.7811,0.60,0.60
2008.03.26 09:29:33.885,0.7809,0.78105,4.60,0.30
2008.03.26 09:29:34.220,0.78095,0.78105,0.20,0.30
2008.03.26 09:29:34.554,0.78095,0.7811,0.20,0.60
2008.03.26 09:29:34.887,0.78095,0.7811,0.60,0.60
2008.03.26 09:29:35.124,0.78095,0.78105,0.20,0.30
2008.03.26 09:29:35.358,0.78095,0.78105,0.20,0.30
2008.03.26 09:29:35.592,0.78095,0.78105,0.60,0.30
2008.03.26 09:29:35.825,0.78095,0.78105,0.60,0.30
2008.03.26 09:29:36.156,0.78095,0.7811,0.60,0.60
2008.03.26 09:29:36.484,0.78095,0.7811,0.60,0.60
2008.03.26 09:29:36.814,0.78095,0.7811,0.60,0.60
2008.03.26 09:29:37.044,0.78095,0.7811,0.60,0.60
2008.03.26 09:29:37.274,0.78095,0.7811,0.60,0.60
2008.03.26 09:29:37.503,0.78095,0.7811,0.60,0.60
2008.03.26 09:29:37.733,0.78095,0.7811,0.20,0.60
2008.03.26 09:29:38.068,0.78095,0.78105,0.20,0.30
2008.03.26 09:29:38.402,0.78095,0.78105,0.20,0.30
2008.03.26 09:29:38.736,0.7809,0.78105,0.60,0.30
2008.03.26 09:29:39.002,0.7809,0.78105,0.60,0.30
2008.03.26 09:29:39.268,0.7809,0.78105,0.60,0.30
2008.03.26 09:29:39.531,0.7809,0.78105,0.60,0.30
2008.03.26 09:29:39.795,0.7809,0.78105,0.60,0.30
2008.03.26 09:29:40.105,0.7809,0.78105,0.60,0.30
2008.03.26 09:29:40.415,0.7809,0.78105,0.60,0.30
2008.03.26 09:29:40.725,0.7809,0.78105,0.60,0.30
2008.03.26 09:29:40.959,0.7809,0.78105,0.60,0.30
2008.03.26 09:29:41.193,0.7809,0.78105,0.60,0.30
2008.03.26 09:29:41.426,0.78095,0.78105,0.20,0.30
2008.03.26 09:29:41.659,0.78095,0.78105,0.20,0.30
2008.03.26 09:29:41.894,0.78095,0.78105,0.20,0.30
2008.03.26 09:29:42.233,0.78095,0.7811,0.60,0.60
2008.03.26 09:29:42.567,0.78095,0.7811,0.60,0.60
2008.03.26 09:29:42.901,0.78095,0.7811,0.60,0.60
2008.03.26 09:29:43.145,0.78095,0.7811,0.60,0.60
2008.03.26 09:29:43.369,0.78095,0.7811,0.60,0.60
2008.03.26 09:29:43.605,0.78095,0.7811,0.60,0.60
2008.03.26 09:29:43.840,0.781,0.7811,0.60,0.30
2008.03.26 09:29:44.177,0.781,0.7811,0.60,0.30
2008.03.26 09:29:44.511,0.781,0.7811,0.60,0.30
2008.03.26 09:29:44.846,0.781,0.7811,0.60,0.30
2008.03.26 09:29:45.084,0.781,0.7811,0.60,0.30
2008.03.26 09:29:45.324,0.78105,0.78115,0.40,0.30
2008.03.26 09:29:45.566,0.78105,0.78115,6.70,0.30
2008.03.26 09:29:45.804,0.78105,0.78115,6.70,0.30
2008.03.26 09:29:46.130,0.78105,0.78115,6.70,0.30
2008.03.26 09:29:46.468,0.78105,0.78115,6.70,0.30
2008.03.26 09:29:46.792,0.78105,0.78115,6.70,0.30
2008.03.26 09:29:47.033,0.78105,0.78115,6.70,0.30
2008.03.26 09:29:47.286,0.78105,0.78115,2.40,0.30
2008.03.26 09:29:47.517,0.781,0.78115,0.60,0.30
2008.03.26 09:29:47.757,0.78105,0.7812,4.40,0.30
2008.03.26 09:29:47.997,0.7811,0.78125,0.20,6.80
2008.03.26 09:29:48.323,0.78105,0.7812,0.60,0.30
2008.03.26 09:29:48.648,0.78105,0.7812,4.40,0.30
2008.03.26 09:29:48.985,0.78105,0.78125,4.40,4.40
2008.03.26 09:29:49.244,0.7811,0.78125,0.20,0.50
2008.03.26 09:29:49.513,0.7811,0.78125,0.20,0.50
2008.03.26 09:29:49.783,0.7811,0.78125,0.60,0.30
2008.03.26 09:29:50.052,0.7811,0.78125,0.60,0.30
2008.03.26 09:29:50.362,0.78115,0.78125,0.40,0.30
2008.03.26 09:29:50.671,0.78115,0.7813,1.20,0.50
2008.03.26 09:29:50.983,0.78115,0.7813,5.20,0.30
2008.03.26 09:29:51.225,0.78115,0.7813,5.20,0.30
2008.03.26 09:29:51.481,0.78115,0.7813,5.20,0.30
2008.03.26 09:29:51.725,0.7812,0.7813,0.40,0.30
2008.03.26 09:29:51.971,0.78115,0.7813,2.80,0.30
2008.03.26 09:29:52.300,0.7812,0.7813,0.20,0.30
2008.03.26 09:29:52.631,0.7812,0.78135,0.20,4.40
2008.03.26 09:29:52.961,0.7812,0.78135,0.20,0.50
2008.03.26 09:29:53.221,0.7812,0.78135,0.60,0.30
2008.03.26 09:29:53.480,0.7812,0.78135,0.60,0.30
2008.03.26 09:29:53.740,0.7812,0.78135,0.60,0.50
2008.03.26 09:29:54.008,0.7812,0.78135,0.60,0.50
2008.03.26 09:29:54.328,0.7812,0.78135,0.60,0.50
2008.03.26 09:29:54.648,0.7812,0.78135,0.60,0.50
2008.03.26 09:29:54.968,0.7812,0.7813,0.60,0.30
2008.03.26 09:29:55.232,0.7812,0.7813,0.60,0.30
2008.03.26 09:29:55.497,0.7812,0.7813,0.60,0.30
2008.03.26 09:29:55.775,0.7812,0.78135,0.60,0.30
2008.03.26 09:29:56.027,0.7812,0.78135,0.60,0.30
2008.03.26 09:29:56.326,0.7812,0.78135,0.60,0.30
2008.03.26 09:29:56.628,0.78115,0.7813,0.60,0.30
2008.03.26 09:29:56.929,0.78115,0.7813,0.60,4.40
2008.03.26 09:29:57.229,0.78115,0.78125,0.40,0.30
2008.03.26 09:29:57.508,0.78115,0.78125,0.40,0.30
2008.03.26 09:29:57.789,0.7811,0.78125,0.60,0.30
2008.03.26 09:29:58.080,0.78115,0.78125,0.40,0.30
2008.03.26 09:29:58.368,0.7812,0.7813,0.20,0.60
2008.03.26 09:29:58.662,0.78115,0.7812,2.50,0.30
2008.03.26 09:29:58.959,0.78105,0.7812,0.60,0.60
2008.03.26 09:29:59.254,0.78105,0.78115,0.20,0.30
2008.03.26 09:29:59.538,0.78105,0.78115,0.20,0.30
2008.03.26 09:29:59.825,0.781,0.78115,0.60,0.30
2008.03.26 09:30:00.108,0.781,0.78115,0.60,0.30
2008.03.26 09:30:00.369,0.78095,0.7811,0.60,0.60
2008.03.26 09:30:00.629,0.78095,0.78105,0.40,0.30
2008.03.26 09:30:00.888,0.78095,0.78105,0.40,0.30
2008.03.26 09:30:01.147,0.7809,0.78105,4.60,0.30
2008.03.26 09:30:01.455,0.78095,0.78105,0.40,0.30
2008.03.26 09:30:01.763,0.78095,0.7811,0.40,0.60
2008.03.26 09:30:02.065,0.78095,0.7811,0.40,0.60
2008.03.26 09:30:02.322,0.78095,0.7811,0.40,0.50
2008.03.26 09:30:02.576,0.7809,0.7811,4.60,0.50
2008.03.26 09:30:02.831,0.7809,0.78105,4.60,0.30
2008.03.26 09:30:03.097,0.7809,0.78105,4.60,0.30
2008.03.26 09:30:03.422,0.7809,0.78105,4.40,0.30
2008.03.26 09:30:03.749,0.7809,0.78105,4.40,0.30
2008.03.26 09:30:04.074,0.7809,0.78105,4.40,0.30
2008.03.26 09:30:04.337,0.7809,0.78105,4.40,0.30
2008.03.26 09:30:04.601,0.7809,0.78105,4.40,0.30
2008.03.26 09:30:04.865,0.7809,0.78105,4.40,0.30
2008.03.26 09:30:05.129,0.78095,0.78105,0.40,0.30
2008.03.26 09:30:05.414,0.7809,0.78105,4.40,0.30
2008.03.26 09:30:05.699,0.7809,0.78105,4.40,0.30
2008.03.26 09:30:05.982,0.7809,0.78105,4.40,0.30
2008.03.26 09:30:06.266,0.7809,0.78105,4.40,0.30
2008.03.26 09:30:06.572,0.7809,0.78105,4.40,0.30
2008.03.26 09:30:06.872,0.7809,0.78105,4.40,0.30
2008.03.26 09:30:07.171,0.7809,0.78105,0.60,0.50
2008.03.26 09:30:07.473,0.7809,0.781,0.60,0.60
2008.03.26 09:30:07.727,0.7809,0.781,0.60,0.60
2008.03.26 09:30:07.980,0.7809,0.781,0.60,0.60
2008.03.26 09:30:08.234,0.7809,0.781,0.60,0.60
2008.03.26 09:30:08.564,0.7809,0.781,0.60,0.60
2008.03.26 09:30:08.895,0.78095,0.7811,7.50,0.50
2008.03.26 09:30:09.225,0.78095,0.7811,8.30,0.30
2008.03.26 09:30:09.477,0.78095,0.78105,0.40,0.30
2008.03.26 09:30:09.726,0.78095,0.78105,0.40,0.30
2008.03.26 09:30:09.986,0.78095,0.7811,2.70,0.60
2008.03.26 09:30:10.236,0.78095,0.7811,2.70,0.60
2008.03.26 09:30:10.546,0.78095,0.7811,2.70,0.60
2008.03.26 09:30:10.855,0.78095,0.7811,2.70,0.60
2008.03.26 09:30:11.166,0.78095,0.7811,2.70,0.60
2008.03.26 09:30:11.474,0.78095,0.7811,2.70,0.60
2008.03.26 09:30:11.764,0.78095,0.7811,2.70,0.60
2008.03.26 09:30:12.052,0.78095,0.7811,2.70,0.60
2008.03.26 09:30:12.342,0.78095,0.7811,2.70,0.60
2008.03.26 09:30:12.590,0.78095,0.7811,2.70,0.60
2008.03.26 09:30:12.839,0.78095,0.7811,2.70,0.60
2008.03.26 09:30:13.089,0.7809,0.7811,4.60,0.60
2008.03.26 09:30:13.338,0.78095,0.78105,0.40,0.30
2008.03.26 09:30:13.674,0.78095,0.78105,0.40,0.30
2008.03.26 09:30:14.022,0.7809,0.78105,0.40,0.50
2008.03.26 09:30:14.356,0.7809,0.781,0.60,0.30
2008.03.26 09:30:14.590,0.7809,0.781,0.60,0.30
2008.03.26 09:30:14.823,0.7809,0.781,0.60,0.30
2008.03.26 09:30:15.057,0.7809,0.781,0.60,0.30
2008.03.26 09:30:15.291,0.7809,0.781,0.60,0.30
2008.03.26 09:30:15.525,0.7809,0.781,0.60,0.30
2008.03.26 09:30:15.860,0.7809,0.781,0.20,0.60
2008.03.26 09:30:16.194,0.7809,0.781,0.20,0.60
2008.03.26 09:30:16.528,0.7809,0.781,0.20,0.60
2008.03.26 09:30:16.761,0.7809,0.781,0.20,0.60
2008.03.26 09:30:16.999,0.7809,0.781,0.20,0.60
2008.03.26 09:30:17.232,0.7809,0.781,0.20,0.60
2008.03.26 09:30:17.478,0.7809,0.78095,0.20,0.30
2008.03.26 09:30:17.787,0.7808,0.78095,4.60,0.30
2008.03.26 09:30:18.087,0.78085,0.78095,0.40,0.30
2008.03.26 09:30:18.397,0.7809,0.78095,0.20,0.30
2008.03.26 09:30:18.707,0.7809,0.78095,0.20,0.30
2008.03.26 09:30:18.982,0.7809,0.78095,0.20,0.30
2008.03.26 09:30:19.256,0.7809,0.781,0.20,0.60
2008.03.26 09:30:19.529,0.7809,0.781,0.20,0.60
2008.03.26 09:30:19.819,0.78085,0.781,0.20,0.60
2008.03.26 09:30:20.109,0.78085,0.781,2.80,0.60
2008.03.26 09:30:20.400,0.7809,0.781,0.20,0.60
2008.03.26 09:30:20.690,0.7808,0.78095,4.60,0.30
2008.03.26 09:30:20.991,0.78085,0.78095,2.50,0.30
2008.03.26 09:30:21.285,0.78085,0.78095,2.40,0.30
2008.03.26 09:30:21.580,0.78085,0.78095,2.40,0.30
2008.03.26 09:30:21.840,0.7809,0.78095,0.20,0.30
2008.03.26 09:30:22.098,0.7809,0.78095,0.20,0.30
2008.03.26 09:30:22.359,0.7809,0.781,0.20,0.60
2008.03.26 09:30:22.619,0.7809,0.781,0.20,0.60
2008.03.26 09:30:22.924,0.7809,0.781,0.20,0.60
2008.03.26 09:30:23.218,0.7809,0.781,0.20,0.60
2008.03.26 09:30:23.514,0.7809,0.781,0.20,0.60
2008.03.26 09:30:23.809,0.7809,0.781,0.20,0.60
2008.03.26 09:30:24.131,0.7809,0.781,0.20,0.60
2008.03.26 09:30:24.449,0.7809,0.781,0.20,0.60
2008.03.26 09:30:24.769,0.7809,0.781,0.20,0.60
2008.03.26 09:30:25.011,0.78085,0.781,0.60,0.60
2008.03.26 09:30:25.249,0.78085,0.781,0.60,0.60
2008.03.26 09:30:25.494,0.78085,0.781,0.60,0.60
2008.03.26 09:30:25.734,0.78085,0.781,2.80,0.60
2008.03.26 09:30:26.059,0.7809,0.78105,0.40,4.40
2008.03.26 09:30:26.384,0.7809,0.781,0.20,0.50
2008.03.26 09:30:26.710,0.7809,0.781,0.20,0.30
2008.03.26 09:30:27.034,0.7809,0.781,0.20,0.60
2008.03.26 09:30:27.306,0.78085,0.781,0.60,0.60
2008.03.26 09:30:27.573,0.78085,0.781,0.60,0.60
2008.03.26 09:30:27.842,0.78085,0.781,0.60,0.60
2008.03.26 09:30:28.126,0.78085,0.781,0.60,0.60
2008.03.26 09:30:28.411,0.7809,0.781,0.20,0.60
2008.03.26 09:30:29.632,0.7809,0.781,0.20,0.60
2008.03.26 09:30:29.763,0.78085,0.781,3.50,0.60
2008.03.26 09:30:29.892,0.7809,0.781,0.20,0.60
2008.03.26 09:30:30.023,0.7809,0.781,0.20,0.60
2008.03.26 09:30:30.152,0.7809,0.781,0.20,0.60
2008.03.26 09:30:30.281,0.78085,0.781,6.40,0.60
2008.03.26 09:30:30.412,0.78085,0.781,2.40,0.60
2008.03.26 09:30:30.541,0.78085,0.781,2.40,0.60
2008.03.26 09:30:30.670,0.78085,0.781,2.40,0.60
2008.03.26 09:30:31.006,0.78085,0.78095,4.00,0.30
2008.03.26 09:30:31.341,0.78085,0.781,3.20,0.60
2008.03.26 09:30:31.679,0.7809,0.781,0.20,0.60
2008.03.26 09:30:31.919,0.78085,0.781,3.20,0.60
2008.03.26 09:30:32.157,0.78085,0.781,3.20,0.60
2008.03.26 09:30:32.398,0.78085,0.781,3.20,0.60
2008.03.26 09:30:32.636,0.78085,0.781,3.20,0.60
2008.03.26 09:30:32.875,0.78085,0.781,3.20,0.60
2008.03.26 09:30:33.209,0.78085,0.781,3.20,0.60
2008.03.26 09:30:35.927,0.7809,0.78095,0.20,0.30
2008.03.26 09:30:35.993,0.7809,0.78095,0.20,0.30
2008.03.26 09:30:36.062,0.7809,0.78095,0.20,0.30
2008.03.26 09:30:36.128,0.7809,0.78095,0.20,0.30
2008.03.26 09:30:36.212,0.7809,0.78095,0.20,0.30
2008.03.26 09:30:36.320,0.7809,0.78095,0.20,0.30
2008.03.26 09:30:36.377,0.7809,0.78095,0.20,0.30
2008.03.26 09:30:36.439,0.7809,0.78095,0.20,0.30
2008.03.26 09:30:36.540,0.7809,0.78095,0.20,0.30
2008.03.26 09:30:36.610,0.7809,0.78095,0.20,0.30
2008.03.26 09:30:36.658,0.7809,0.78095,0.20,0.30
2008.03.26 09:30:36.717,0.7809,0.78095,0.20,0.30
2008.03.26 09:30:36.789,0.78085,0.78095,2.40,0.30
2008.03.26 09:30:36.839,0.7808,0.78095,5.20,0.30
2008.03.26 09:30:36.901,0.7808,0.78095,5.20,0.30
2008.03.26 09:30:37.238,0.7808,0.78095,5.20,0.30
2008.03.26 09:30:37.569,0.7808,0.78095,5.20,0.30
2008.03.26 09:30:37.912,0.78085,0.781,5.10,1.20
2008.03.26 09:30:38.159,0.78085,0.781,5.10,1.00
2008.03.26 09:30:38.407,0.7809,0.781,1.10,0.30
2008.03.26 09:30:38.663,0.7809,0.781,1.20,0.30
2008.03.26 09:30:38.920,0.7809,0.781,1.20,0.30
2008.03.26 09:30:39.258,0.7809,0.781,1.20,0.30
2008.03.26 09:30:39.588,0.7809,0.78105,0.60,0.30
2008.03.26 09:30:39.922,0.7809,0.78105,0.60,0.30
2008.03.26 09:30:40.166,0.7809,0.78105,0.60,0.30
2008.03.26 09:30:40.410,0.7809,0.78105,0.60,0.30
2008.03.26 09:30:40.664,0.7809,0.78105,0.60,0.30
2008.03.26 09:30:40.922,0.7809,0.78105,0.60,0.30
2008.03.26 09:30:41.222,0.7809,0.78105,0.60,0.50
2008.03.26 09:30:41.523,0.7809,0.781,0.60,0.30
2008.03.26 09:30:41.822,0.7809,0.781,0.60,0.30
2008.03.26 09:30:42.125,0.7809,0.78105,0.60,0.30
2008.03.26 09:30:42.418,0.7809,0.78105,0.60,0.30
2008.03.26 09:30:42.706,0.7809,0.78105,0.60,0.30
2008.03.26 09:30:42.994,0.7809,0.78105,0.60,0.30
2008.03.26 09:30:43.278,0.7809,0.78105,0.60,0.30
2008.03.26 09:30:43.569,0.7809,0.78105,0.60,0.30
2008.03.26 09:30:43.864,0.7809,0.78105,0.60,0.30
2008.03.26 09:30:44.147,0.7809,0.78105,0.60,0.30
2008.03.26 09:30:44.440,0.7809,0.78105,0.60,0.30
2008.03.26 09:30:44.734,0.7809,0.78105,0.60,0.30
2008.03.26 09:30:45.029,0.7809,0.78105,0.60,0.30
2008.03.26 09:30:45.289,0.7809,0.78105,0.60,0.30
2008.03.26 09:30:45.548,0.7809,0.78105,0.60,0.30
2008.03.26 09:30:45.809,0.78095,0.78105,0.20,0.30
2008.03.26 09:30:46.070,0.78095,0.78105,0.20,0.30
2008.03.26 09:30:46.364,0.78095,0.78105,0.20,0.30
2008.03.26 09:30:46.657,0.78095,0.78105,0.20,0.30
2008.03.26 09:30:46.950,0.78095,0.78105,0.20,0.30
2008.03.26 09:30:47.242,0.78095,0.78105,0.20,0.30
2008.03.26 09:30:47.531,0.7809,0.78105,0.60,0.30
2008.03.26 09:30:47.821,0.7809,0.78105,0.60,0.30
2008.03.26 09:30:48.110,0.7809,0.78105,0.60,0.30
2008.03.26 09:30:48.399,0.7809,0.78105,0.60,0.30
2008.03.26 09:30:48.687,0.7809,0.78105,0.60,0.30
2008.03.26 09:30:48.989,0.7809,0.781,0.40,0.30
2008.03.26 09:30:49.277,0.7809,0.781,0.20,0.60
2008.03.26 09:30:49.562,0.78085,0.781,10.80,0.30
2008.03.26 09:30:49.848,0.78085,0.78095,6.40,0.30
2008.03.26 09:30:50.133,0.7809,0.78095,0.20,0.30
2008.03.26 09:30:50.421,0.7809,0.781,0.20,0.60
2008.03.26 09:30:50.696,0.7809,0.781,0.20,0.60
2008.03.26 09:30:50.970,0.7809,0.781,0.20,0.60
2008.03.26 09:30:51.244,0.7809,0.781,0.20,0.60
2008.03.26 09:30:51.537,0.7809,0.781,0.20,0.60
2008.03.26 09:30:51.825,0.7809,0.781,0.20,0.60
2008.03.26 09:30:52.123,0.7809,0.781,0.20,0.60
2008.03.26 09:30:52.424,0.7809,0.781,0.20,0.60
2008.03.26 09:30:52.697,0.7809,0.781,0.20,0.60
2008.03.26 09:30:52.971,0.7809,0.781,0.20,0.60
2008.03.26 09:30:53.244,0.7809,0.781,0.20,0.60
2008.03.26 09:30:53.539,0.7809,0.781,0.20,0.60
2008.03.26 09:30:53.833,0.7809,0.781,0.20,0.60
2008.03.26 09:30:54.127,0.7809,0.781,0.20,0.60
2008.03.26 09:30:54.421,0.7809,0.781,0.20,0.60
2008.03.26 09:30:54.695,0.7809,0.781,0.40,0.30
2008.03.26 09:30:54.970,0.7809,0.781,0.20,0.60
2008.03.26 09:30:55.243,0.7809,0.781,0.20,0.60
2008.03.26 09:30:55.518,0.7809,0.781,0.40,0.50
2008.03.26 09:30:55.793,0.7809,0.781,0.40,0.30
2008.03.26 09:30:56.067,0.7809,0.781,0.40,0.30
2008.03.26 09:30:56.341,0.7809,0.781,0.40,0.30
2008.03.26 09:30:56.649,0.7809,0.781,0.40,0.30
2008.03.26 09:30:56.962,0.7809,0.781,0.40,0.30
2008.03.26 09:30:57.270,0.7809,0.781,0.40,0.30
2008.03.26 09:30:57.513,0.7809,0.781,0.40,0.30
2008.03.26 09:30:57.756,0.7809,0.781,0.40,0.30
2008.03.26 09:30:58.000,0.7809,0.781,0.40,0.30
2008.03.26 09:30:58.245,0.7809,0.781,0.60,0.30
2008.03.26 09:30:58.491,0.78095,0.78105,0.20,1.80
2008.03.26 09:30:58.828,0.78095,0.78105,0.20,1.60
2008.03.26 09:30:59.161,0.78095,0.7811,0.20,4.60
2008.03.26 09:30:59.497,0.78095,0.7811,0.20,4.60
2008.03.26 09:30:59.736,0.78095,0.7811,0.20,4.60
2008.03.26 09:30:59.975,0.78095,0.7811,0.20,4.60
2008.03.26 09:31:00.214,0.78095,0.7811,0.20,4.60
2008.03.26 09:31:00.455,0.78095,0.7811,0.20,4.60
2008.03.26 09:31:00.768,0.78095,0.7811,0.20,4.60
2008.03.26 09:31:01.083,0.78095,0.7811,0.20,4.60
2008.03.26 09:31:01.396,0.78095,0.7811,0.20,4.60
2008.03.26 09:31:01.667,0.78095,0.78105,0.20,0.50
2008.03.26 09:31:01.936,0.7809,0.78105,0.60,0.50
2008.03.26 09:31:02.205,0.7809,0.78105,0.60,0.50
2008.03.26 09:31:02.474,0.7809,0.78105,0.60,0.50
2008.03.26 09:31:02.745,0.7809,0.78105,0.40,4.40
2008.03.26 09:31:03.015,0.7809,0.781,0.40,0.30
2008.03.26 09:31:03.284,0.7809,0.781,0.60,0.30
2008.03.26 09:31:03.555,0.78095,0.78105,2.40,0.30
2008.03.26 09:31:03.890,0.78095,0.781,2.40,0.30
2008.03.26 09:31:04.225,0.7809,0.781,0.60,0.30
2008.03.26 09:31:04.560,0.7809,0.781,0.60,0.30
2008.03.26 09:31:04.798,0.7809,0.781,0.60,0.30
2008.03.26 09:31:05.039,0.7809,0.781,0.60,0.30
2008.03.26 09:31:05.276,0.7809,0.781,0.60,0.30
2008.03.26 09:31:05.516,0.7809,0.781,0.60,0.30
2008.03.26 09:31:05.816,0.7809,0.781,0.60,0.30
2008.03.26 09:31:06.115,0.7809,0.781,0.60,0.30
2008.03.26 09:31:06.415,0.7809,0.781,0.60,0.30
2008.03.26 09:31:06.679,0.7809,0.781,0.40,0.30
2008.03.26 09:31:06.942,0.7809,0.781,0.60,0.30
2008.03.26 09:31:07.205,0.7809,0.781,0.60,0.30
2008.03.26 09:31:07.470,0.7809,0.781,0.60,0.30
2008.03.26 09:31:07.753,0.7809,0.781,0.40,0.30
2008.03.26 09:31:08.036,0.7809,0.781,0.40,0.30
2008.03.26 09:31:08.320,0.7809,0.781,0.40,0.30
2008.03.26 09:31:08.604,0.7809,0.781,0.40,0.30
2008.03.26 09:31:08.919,0.7809,0.781,0.40,0.30
2008.03.26 09:31:09.234,0.7809,0.781,0.20,0.60
2008.03.26 09:31:09.548,0.78085,0.781,6.80,0.60
2008.03.26 09:31:09.804,0.7809,0.781,0.40,0.60
2008.03.26 09:31:10.058,0.7809,0.781,1.10,0.30
2008.03.26 09:31:10.313,0.7809,0.781,1.10,0.30
2008.03.26 09:31:10.567,0.7809,0.781,1.10,0.30
2008.03.26 09:31:10.878,0.78085,0.781,6.80,0.30
2008.03.26 09:31:11.190,0.7809,0.781,0.60,0.30
2008.03.26 09:31:11.498,0.7809,0.781,0.60,0.30
2008.03.26 09:31:11.808,0.7809,0.781,0.60,0.30
2008.03.26 09:31:12.088,0.7809,0.781,0.60,0.30
2008.03.26 09:31:12.368,0.7809,0.781,0.60,0.30
2008.03.26 09:31:12.648,0.7809,0.781,0.60,0.30
2008.03.26 09:31:12.927,0.7809,0.781,0.60,0.30
2008.03.26 09:31:13.192,0.7809,0.781,0.60,0.30
2008.03.26 09:31:13.468,0.7809,0.781,0.60,0.30
2008.03.26 09:31:13.731,0.7809,0.781,0.60,0.30
2008.03.26 09:31:14.040,0.7809,0.781,0.60,0.30
2008.03.26 09:31:14.350,0.7809,0.781,0.60,0.30
2008.03.26 09:31:14.658,0.7809,0.781,0.60,0.30
2008.03.26 09:31:14.979,0.7809,0.781,0.60,0.30
2008.03.26 09:31:15.248,0.7809,0.781,0.20,0.30
2008.03.26 09:31:15.519,0.7809,0.78105,0.20,11.60
2008.03.26 09:31:15.789,0.7809,0.781,0.20,0.60
2008.03.26 09:31:16.051,0.7809,0.781,0.40,0.60
2008.03.26 09:31:16.310,0.7809,0.781,0.40,0.60
2008.03.26 09:31:16.569,0.7809,0.781,0.40,0.60
2008.03.26 09:31:16.827,0.7809,0.781,0.40,0.60
2008.03.26 09:31:17.141,0.7809,0.781,0.40,0.60
2008.03.26 09:31:17.455,0.7809,0.781,0.40,0.30
2008.03.26 09:31:17.768,0.7809,0.781,0.40,0.30
2008.03.26 09:31:18.083,0.7809,0.781,0.40,0.30
2008.03.26 09:31:18.357,0.7809,0.781,0.40,0.30
2008.03.26 09:31:18.630,0.7809,0.781,0.40,0.30
2008.03.26 09:31:18.906,0.7809,0.781,0.40,0.30
2008.03.26 09:31:19.188,0.7809,0.781,0.40,0.30
2008.03.26 09:31:19.473,0.7809,0.781,0.40,0.30
2008.03.26 09:31:19.756,0.7809,0.781,0.40,0.30
2008.03.26 09:31:20.043,0.78085,0.781,4.40,0.60
2008.03.26 09:31:20.347,0.78085,0.781,6.80,0.60
2008.03.26 09:31:20.651,0.78085,0.781,6.80,0.60
2008.03.26 09:31:20.954,0.78085,0.781,6.80,0.60
2008.03.26 09:31:21.200,0.78085,0.781,6.80,0.60
2008.03.26 09:31:21.444,0.78085,0.781,6.80,0.60
2008.03.26 09:31:21.691,0.78085,0.781,6.80,0.60
2008.03.26 09:31:21.946,0.78085,0.781,6.80,0.60
2008.03.26 09:31:22.265,0.78085,0.781,6.80,0.60
2008.03.26 09:31:22.584,0.78085,0.781,4.40,0.60
2008.03.26 09:31:22.903,0.78085,0.781,6.80,0.60
2008.03.26 09:31:23.143,0.78085,0.781,6.80,0.60
2008.03.26 09:31:23.383,0.7808,0.78095,1.40,0.30
2008.03.26 09:31:23.624,0.78085,0.78095,0.40,0.30
2008.03.26 09:31:23.864,0.7808,0.78095,1.40,0.30
2008.03.26 09:31:24.105,0.7808,0.781,1.40,0.60
2008.03.26 09:31:24.439,0.78085,0.781,0.60,0.60
2008.03.26 09:31:24.786,0.78085,0.781,0.60,0.60
2008.03.26 09:31:25.119,0.78085,0.781,0.60,0.60
2008.03.26 09:31:25.358,0.78085,0.781,0.60,0.60
2008.03.26 09:31:25.598,0.7809,0.781,0.20,0.60
2008.03.26 09:31:25.838,0.7809,0.781,0.20,0.60
2008.03.26 09:31:26.075,0.7809,0.781,0.20,0.60
2008.03.26 09:31:26.410,0.7809,0.781,0.20,0.60
2008.03.26 09:31:26.743,0.7809,0.781,0.20,0.60
2008.03.26 09:31:27.078,0.7809,0.781,0.20,0.60
2008.03.26 09:31:27.327,0.7809,0.781,0.20,0.60
2008.03.26 09:31:27.558,0.78085,0.781,0.60,0.60
2008.03.26 09:31:27.805,0.78085,0.781,0.60,0.60
2008.03.26 09:31:28.043,0.78085,0.781,0.60,0.60
2008.03.26 09:31:28.353,0.78085,0.781,0.60,0.60
2008.03.26 09:31:28.663,0.78085,0.781,0.60,0.60
2008.03.26 09:31:28.971,0.78085,0.781,0.60,0.60
2008.03.26 09:31:29.280,0.78085,0.781,0.60,0.60
2008.03.26 09:31:29.586,0.78085,0.781,0.60,0.60
2008.03.26 09:31:29.891,0.78085,0.781,0.60,0.60
2008.03.26 09:31:30.194,0.78085,0.781,0.60,0.60
2008.03.26 09:31:30.452,0.78085,0.781,0.60,0.60
2008.03.26 09:31:30.723,0.78085,0.781,0.60,0.60
2008.03.26 09:31:30.983,0.78085,0.781,0.60,0.60
2008.03.26 09:31:31.242,0.78085,0.781,0.60,0.60
2008.03.26 09:31:31.532,0.78085,0.781,0.60,0.60
2008.03.26 09:31:31.823,0.7809,0.781,0.40,0.60
2008.03.26 09:31:32.111,0.7809,0.781,0.40,0.60
2008.03.26 09:31:32.381,0.7809,0.781,0.40,0.30
2008.03.26 09:31:32.651,0.7809,0.781,0.40,0.30
2008.03.26 09:31:32.920,0.7809,0.781,0.40,0.30
2008.03.26 09:31:33.190,0.7809,0.781,0.40,0.30
2008.03.26 09:31:33.505,0.7809,0.781,0.20,0.30
2008.03.26 09:31:33.818,0.7809,0.781,0.20,0.30
2008.03.26 09:31:34.132,0.7809,0.781,0.20,0.30
2008.03.26 09:31:34.381,0.7809,0.781,0.20,0.30
2008.03.26 09:31:34.631,0.7809,0.781,0.20,0.30
2008.03.26 09:31:34.880,0.7809,0.781,0.20,0.30
2008.03.26 09:31:35.128,0.7809,0.781,0.20,0.30
2008.03.26 09:31:35.432,0.7809,0.781,0.20,0.30
2008.03.26 09:31:35.738,0.7809,0.781,0.40,0.30
2008.03.26 09:31:36.041,0.7809,0.78105,0.40,8.40
2008.03.26 09:31:36.346,0.7809,0.78105,0.60,4.20
2008.03.26 09:31:36.610,0.7809,0.78105,0.40,2.00
2008.03.26 09:31:36.874,0.7809,0.78105,0.40,0.50
2008.03.26 09:31:37.138,0.7809,0.78105,0.60,0.30
2008.03.26 09:31:37.426,0.7809,0.78105,0.60,0.30
2008.03.26 09:31:37.714,0.7809,0.78105,0.60,0.30
2008.03.26 09:31:38.003,0.7809,0.78105,0.20,0.50
2008.03.26 09:31:38.293,0.7809,0.78105,0.20,4.40
2008.03.26 09:31:38.610,0.7809,0.78105,0.20,4.40
2008.03.26 09:31:38.929,0.7809,0.78105,0.20,4.40
2008.03.26 09:31:39.248,0.7809,0.78105,0.40,4.40
2008.03.26 09:31:39.497,0.7809,0.78105,0.40,4.40
2008.03.26 09:31:39.745,0.7809,0.78105,0.40,4.40
2008.03.26 09:31:39.994,0.7809,0.78105,0.60,0.30
2008.03.26 09:31:40.244,0.78095,0.78105,0.20,0.30
2008.03.26 09:31:40.553,0.78095,0.78105,0.20,0.30
2008.03.26 09:31:40.871,0.7809,0.78105,0.60,0.20
2008.03.26 09:31:41.180,0.7809,0.78105,0.40,7.30
2008.03.26 09:31:41.434,0.7809,0.78105,0.60,6.40
2008.03.26 09:31:41.689,0.78095,0.7811,0.20,4.60
2008.03.26 09:31:41.945,0.78095,0.7811,0.20,4.60
2008.03.26 09:31:42.198,0.78095,0.7811,0.90,4.60
2008.03.26 09:31:42.483,0.78095,0.7811,1.20,4.40
2008.03.26 09:31:42.767,0.78095,0.7811,1.20,4.40
2008.03.26 09:31:43.052,0.78095,0.7811,1.20,4.20
2008.03.26 09:31:43.338,0.78095,0.7811,3.60,0.30
2008.03.26 09:31:43.655,0.781,0.78115,0.20,30.00
2008.03.26 09:31:43.972,0.781,0.7811,0.40,1.00
2008.03.26 09:31:44.285,0.781,0.7811,0.40,0.30
2008.03.26 09:31:44.525,0.781,0.7811,0.20,0.60
2008.03.26 09:31:44.765,0.781,0.7811,0.20,0.60
2008.03.26 09:31:45.004,0.781,0.7811,0.20,0.60
2008.03.26 09:31:45.241,0.781,0.7811,0.20,0.60
2008.03.26 09:31:45.480,0.781,0.7811,0.20,0.60
2008.03.26 09:31:45.809,0.781,0.7811,0.20,0.60
2008.03.26 09:31:46.137,0.781,0.7811,0.20,0.60
2008.03.26 09:31:46.466,0.781,0.7811,0.20,0.60
2008.03.26 09:31:46.711,0.781,0.7811,0.20,0.60
2008.03.26 09:31:46.955,0.78095,0.78105,0.90,2.40
2008.03.26 09:31:47.199,0.78095,0.78105,0.90,2.40
2008.03.26 09:31:47.442,0.781,0.7811,0.20,1.00
2008.03.26 09:31:47.731,0.781,0.7811,0.20,1.00
2008.03.26 09:31:48.020,0.781,0.7811,0.20,1.00
2008.03.26 09:31:48.319,0.781,0.7811,0.20,0.30
2008.03.26 09:31:48.599,0.781,0.78115,0.40,9.20
2008.03.26 09:31:48.898,0.781,0.7811,0.20,0.50
2008.03.26 09:31:49.199,0.78095,0.7811,1.20,1.20
2008.03.26 09:31:49.498,0.78095,0.78105,0.90,2.40
2008.03.26 09:31:49.733,0.78095,0.78105,0.90,2.40
2008.03.26 09:31:49.967,0.78095,0.78105,0.20,2.40
2008.03.26 09:31:50.201,0.78095,0.78105,0.20,2.40
2008.03.26 09:31:50.435,0.78095,0.78105,0.20,2.40
2008.03.26 09:31:50.765,0.7809,0.78105,0.60,4.00
2008.03.26 09:31:51.095,0.7809,0.78105,0.60,4.10
2008.03.26 09:31:51.436,0.78095,0.78105,0.20,8.00
2008.03.26 09:31:51.684,0.78095,0.78105,0.90,1.60
2008.03.26 09:31:51.930,0.78095,0.781,0.90,0.30
2008.03.26 09:31:52.175,0.78095,0.781,0.20,0.30
2008.03.26 09:31:52.419,0.78095,0.781,0.20,0.30
2008.03.26 09:31:52.739,0.7809,0.78105,1.40,4.00
2008.03.26 09:31:53.059,0.78095,0.78105,0.20,4.00
2008.03.26 09:31:53.378,0.78095,0.78105,0.20,4.00
2008.03.26 09:31:53.648,0.78095,0.78105,0.20,4.00
2008.03.26 09:31:53.916,0.78095,0.78105,0.20,4.00
2008.03.26 09:31:54.189,0.78095,0.78105,0.20,4.00
2008.03.26 09:31:54.457,0.7809,0.78105,1.40,4.00
2008.03.26 09:31:54.761,0.7809,0.78105,1.40,4.00
2008.03.26 09:31:55.065,0.7809,0.78105,1.40,4.00
2008.03.26 09:31:55.369,0.78095,0.78105,0.20,1.60
2008.03.26 09:31:55.675,0.78095,0.78105,0.20,1.60
2008.03.26 09:31:55.919,0.78095,0.78105,0.20,1.60
2008.03.26 09:31:56.164,0.78095,0.78105,0.20,1.60
2008.03.26 09:31:56.407,0.78095,0.7811,0.60,0.60
2008.03.26 09:31:56.653,0.78095,0.7811,1.20,0.60
2008.03.26 09:31:56.972,0.78095,0.7811,1.20,0.60
2008.03.26 09:31:57.291,0.78095,0.7811,1.20,0.60
2008.03.26 09:31:57.609,0.78095,0.7811,1.20,0.60
2008.03.26 09:31:57.858,0.78095,0.7811,1.20,0.60
2008.03.26 09:31:58.107,0.78095,0.7811,0.90,0.60
2008.03.26 09:31:58.356,0.78095,0.7811,1.20,0.60
2008.03.26 09:31:58.605,0.78095,0.7811,1.20,0.60
2008.03.26 09:31:58.929,0.78095,0.7811,1.20,0.30
2008.03.26 09:31:59.252,0.78095,0.7811,1.20,0.30
2008.03.26 09:31:59.577,0.78095,0.7811,1.20,1.00
2008.03.26 09:31:59.831,0.78095,0.7811,1.20,1.00
2008.03.26 09:32:00.086,0.78095,0.7811,1.20,1.00
2008.03.26 09:32:00.341,0.78095,0.7811,1.20,1.00
2008.03.26 09:32:00.594,0.781,0.7811,0.20,1.00
2008.03.26 09:32:00.889,0.781,0.7811,0.40,1.00
2008.03.26 09:32:01.187,0.781,0.7811,0.40,1.00
2008.03.26 09:32:01.491,0.781,0.7811,0.40,1.00
2008.03.26 09:32:01.790,0.781,0.7811,0.40,1.00
2008.03.26 09:32:02.070,0.781,0.7811,0.20,1.00
2008.03.26 09:32:02.358,0.78095,0.7811,1.20,1.20
2008.03.26 09:32:02.647,0.78095,0.7811,1.20,1.20
2008.03.26 09:32:02.924,0.78095,0.7811,0.60,1.40
2008.03.26 09:32:03.188,0.78095,0.7811,0.60,1.40
2008.03.26 09:32:03.452,0.78095,0.78105,0.20,0.90
2008.03.26 09:32:03.718,0.78095,0.781,0.20,0.80
2008.03.26 09:32:04.034,0.78095,0.781,0.20,0.80
2008.03.26 09:32:04.349,0.78095,0.7811,0.20,4.60
2008.03.26 09:32:04.665,0.78095,0.7811,0.20,4.60
2008.03.26 09:32:04.919,0.78095,0.7811,0.60,4.60
2008.03.26 09:32:05.173,0.78095,0.7811,0.20,4.60
2008.03.26 09:32:05.429,0.78095,0.7811,0.20,4.60
2008.03.26 09:32:05.682,0.78095,0.7811,0.20,4.60
2008.03.26 09:32:05.982,0.78095,0.7811,0.20,4.60
2008.03.26 09:32:06.280,0.78095,0.7811,0.20,4.60
2008.03.26 09:32:06.579,0.78095,0.7811,0.20,4.60
2008.03.26 09:32:06.892,0.78095,0.7811,0.60,4.60
2008.03.26 09:32:07.170,0.781,0.7811,0.20,4.60
2008.03.26 09:32:07.445,0.781,0.7811,0.20,4.60
2008.03.26 09:32:07.719,0.781,0.7811,0.20,4.40
2008.03.26 09:32:07.999,0.781,0.7811,0.20,0.30
2008.03.26 09:32:08.280,0.781,0.7811,0.20,0.30
2008.03.26 09:32:08.561,0.781,0.7811,0.20,0.30
2008.03.26 09:32:08.841,0.781,0.7811,0.20,0.30
2008.03.26 09:32:09.166,0.781,0.7811,0.20,4.10
2008.03.26 09:32:09.492,0.781,0.7811,0.20,4.40
2008.03.26 09:32:09.826,0.781,0.7811,0.20,4.40
2008.03.26 09:32:10.065,0.78095,0.7811,0.20,4.60
2008.03.26 09:32:10.313,0.78095,0.7811,0.20,4.60
2008.03.26 09:32:10.554,0.78095,0.7811,0.20,4.60
2008.03.26 09:32:10.792,0.78095,0.7811,0.20,4.60
2008.03.26 09:32:11.117,0.78095,0.7811,0.20,4.60
2008.03.26 09:32:11.444,0.78095,0.78105,0.20,0.50
2008.03.26 09:32:11.767,0.78095,0.78105,0.20,0.60
2008.03.26 09:32:12.017,0.78095,0.78105,0.20,0.30
2008.03.26 09:32:12.257,0.7809,0.78105,0.60,0.30
2008.03.26 09:32:12.495,0.7809,0.78105,0.60,0.30
2008.03.26 09:32:12.733,0.7809,0.78105,0.60,0.30
2008.03.26 09:32:13.041,0.7809,0.78105,0.60,0.30
2008.03.26 09:32:13.360,0.7809,0.78105,0.60,0.30
2008.03.26 09:32:13.658,0.7809,0.78105,0.60,0.30
2008.03.26 09:32:13.966,0.7809,0.78105,0.60,0.30
2008.03.26 09:32:14.265,0.7809,0.78105,0.60,0.30
2008.03.26 09:32:14.565,0.7809,0.78105,0.60,0.30
2008.03.26 09:32:14.863,0.7809,0.78105,0.60,0.30
2008.03.26 09:32:15.121,0.7809,0.78105,0.60,0.30
2008.03.26 09:32:15.380,0.7809,0.78105,0.60,0.30
2008.03.26 09:32:15.639,0.7809,0.78105,0.60,0.30
2008.03.26 09:32:15.898,0.7809,0.78105,0.60,0.30
2008.03.26 09:32:16.186,0.7809,0.78105,0.60,0.30
2008.03.26 09:32:16.476,0.7809,0.78105,0.60,0.30
2008.03.26 09:32:16.765,0.7809,0.78105,0.60,0.30
2008.03.26 09:32:17.060,0.7809,0.78105,0.60,0.30
2008.03.26 09:32:17.353,0.7809,0.78105,0.60,0.30
2008.03.26 09:32:17.648,0.7809,0.78105,0.60,0.30
2008.03.26 09:32:17.943,0.7809,0.78105,0.60,0.30
2008.03.26 09:32:18.192,0.7809,0.78105,0.60,0.30
2008.03.26 09:32:18.450,0.7809,0.78105,0.60,0.30
2008.03.26 09:32:18.699,0.7809,0.78105,0.60,0.30
2008.03.26 09:32:18.948,0.7809,0.78105,0.60,0.50
2008.03.26 09:32:19.259,0.7809,0.78105,0.60,0.50
2008.03.26 09:32:19.567,0.7809,0.78105,0.60,0.50
2008.03.26 09:32:19.875,0.7809,0.78105,0.60,0.60
2008.03.26 09:32:20.120,0.7809,0.781,0.40,0.30
2008.03.26 09:32:20.364,0.7809,0.781,0.40,0.30
2008.03.26 09:32:20.609,0.7809,0.781,0.40,0.30
2008.03.26 09:32:20.853,0.7809,0.781,0.20,0.30
2008.03.26 09:32:21.163,0.7809,0.781,0.60,0.30
2008.03.26 09:32:21.474,0.7809,0.781,0.60,0.30
2008.03.26 09:32:21.773,0.7809,0.781,0.60,0.30
2008.03.26 09:32:22.082,0.7809,0.781,0.40,0.30
2008.03.26 09:32:22.362,0.7809,0.781,0.40,0.30
2008.03.26 09:32:22.630,0.7809,0.78105,0.60,0.60
2008.03.26 09:32:22.908,0.7809,0.78105,0.60,0.60
2008.03.26 09:32:23.182,0.7809,0.78105,0.60,0.60
2008.03.26 09:32:23.456,0.7809,0.78105,0.60,0.60
2008.03.26 09:32:23.730,0.7809,0.78105,0.60,0.60
2008.03.26 09:32:24.005,0.7809,0.781,0.40,0.30
2008.03.26 09:32:24.300,0.7809,0.781,0.40,0.30
2008.03.26 09:32:24.594,0.7809,0.781,0.40,0.30
2008.03.26 09:32:24.888,0.7809,0.781,0.40,0.30
2008.03.26 09:32:25.182,0.7809,0.781,0.40,0.30
2008.03.26 09:32:25.450,0.7809,0.781,0.40,0.30
2008.03.26 09:32:25.719,0.7809,0.781,0.40,0.30
2008.03.26 09:32:25.990,0.7809,0.781,0.40,0.30
2008.03.26 09:32:26.251,0.7809,0.781,0.40,0.30
2008.03.26 09:32:26.511,0.7809,0.781,0.40,0.30
2008.03.26 09:32:26.771,0.7809,0.781,0.40,0.30
2008.03.26 09:32:27.030,0.7809,0.781,0.40,0.30
2008.03.26 09:32:27.329,0.7809,0.781,0.40,0.30
2008.03.26 09:32:27.628,0.7809,0.781,0.40,0.30
2008.03.26 09:32:27.927,0.7809,0.78105,0.60,10.80
2008.03.26 09:32:28.228,0.7809,0.78105,0.60,2.00
2008.03.26 09:32:28.507,0.7809,0.78105,0.60,0.60
2008.03.26 09:32:28.787,0.7809,0.78105,0.60,0.60
2008.03.26 09:32:29.068,0.7809,0.78105,0.60,0.60
2008.03.26 09:32:29.342,0.7809,0.78105,0.60,0.60
2008.03.26 09:32:29.617,0.7809,0.78105,0.60,0.60
2008.03.26 09:32:29.890,0.7809,0.78105,0.60,0.60
2008.03.26 09:32:30.165,0.7809,0.78105,0.60,0.60
2008.03.26 09:32:30.464,0.7809,0.78105,0.60,0.60
2008.03.26 09:32:30.775,0.7809,0.78105,0.60,2.60
2008.03.26 09:32:31.064,0.7809,0.781,0.60,0.30
2008.03.26 09:32:31.326,0.7809,0.781,0.60,0.30
2008.03.26 09:32:31.585,0.7809,0.781,0.60,0.30
2008.03.26 09:32:31.846,0.78095,0.78105,0.20,1.60
2008.03.26 09:32:32.106,0.78095,0.78105,0.20,1.60
2008.03.26 09:32:32.409,0.78095,0.78105,0.20,1.60
2008.03.26 09:32:32.713,0.78095,0.78105,0.20,1.60
2008.03.26 09:32:33.018,0.78095,0.78105,0.20,1.60
2008.03.26 09:32:33.322,0.7809,0.78105,0.60,1.60
2008.03.26 09:32:33.602,0.7809,0.78105,0.60,4.00
2008.03.26 09:32:33.882,0.7809,0.781,0.60,0.30
2008.03.26 09:32:34.163,0.78095,0.78105,0.20,1.60
2008.03.26 09:32:34.460,0.78095,0.78105,0.20,2.40
2008.03.26 09:32:34.755,0.78095,0.7811,0.20,0.60
2008.03.26 09:32:35.049,0.78095,0.78105,0.20,1.60
2008.03.26 09:32:35.344,0.78095,0.7811,0.20,0.60
2008.03.26 09:32:35.629,0.78095,0.7811,0.20,0.60
2008.03.26 09:32:35.902,0.78095,0.7811,0.20,0.60
2008.03.26 09:32:36.176,0.78095,0.7811,0.20,4.60
2008.03.26 09:32:36.456,0.78095,0.7811,0.20,4.60
2008.03.26 09:32:36.735,0.78095,0.7811,0.20,4.60
2008.03.26 09:32:37.015,0.78095,0.7811,0.20,0.60
2008.03.26 09:32:37.296,0.78095,0.78105,0.20,2.40
2008.03.26 09:32:37.592,0.78095,0.7811,0.20,4.60
2008.03.26 09:32:37.886,0.78095,0.7811,0.20,4.60
2008.03.26 09:32:38.198,0.78095,0.7811,0.20,4.60
2008.03.26 09:32:38.438,0.78095,0.7811,0.20,0.60
2008.03.26 09:32:38.697,0.78095,0.7811,0.20,4.60
2008.03.26 09:32:38.941,0.78095,0.7811,0.20,4.60
2008.03.26 09:32:39.184,0.78095,0.7811,0.90,4.60
2008.03.26 09:32:39.517,0.78095,0.7811,1.20,0.60
2008.03.26 09:32:39.851,0.781,0.7811,0.20,0.60
2008.03.26 09:32:40.185,0.781,0.7811,0.20,0.60
2008.03.26 09:32:40.425,0.781,0.7811,0.20,0.60
2008.03.26 09:32:40.665,0.781,0.7811,0.20,0.50
2008.03.26 09:32:40.904,0.781,0.7811,0.20,0.50
2008.03.26 09:32:41.144,0.78095,0.7811,0.20,4.60
2008.03.26 09:32:41.384,0.78095,0.7811,0.20,4.60
2008.03.26 09:32:41.720,0.78095,0.7811,0.60,0.60
2008.03.26 09:32:42.056,0.781,0.7811,0.20,4.40
2008.03.26 09:32:42.391,0.781,0.7811,0.40,0.30
2008.03.26 09:32:42.633,0.78105,0.7811,0.20,0.30
2008.03.26 09:32:42.873,0.78105,0.78115,0.20,8.30
2008.03.26 09:32:43.115,0.78105,0.7811,0.20,0.30
2008.03.26 09:32:43.354,0.78105,0.7811,0.20,0.30
2008.03.26 09:32:43.688,0.78105,0.7811,0.20,0.30
2008.03.26 09:32:44.023,0.781,0.7811,0.40,0.50
2008.03.26 09:32:44.359,0.781,0.7811,0.20,0.50
2008.03.26 09:32:44.598,0.78105,0.7811,0.20,0.50
2008.03.26 09:32:44.850,0.78105,0.7811,0.20,0.50
2008.03.26 09:32:45.089,0.78105,0.7811,0.20,0.30
2008.03.26 09:32:45.330,0.78105,0.7811,0.20,0.30
2008.03.26 09:32:45.665,0.78105,0.78115,0.20,1.80
2008.03.26 09:32:45.999,0.78105,0.78115,0.20,0.30
2008.03.26 09:32:46.333,0.78105,0.78115,0.20,0.30
2008.03.26 09:32:46.571,0.78105,0.7812,0.20,0.60
2008.03.26 09:32:46.810,0.78105,0.7812,0.20,0.60
2008.03.26 09:32:47.048,0.78105,0.7812,0.20,0.60
2008.03.26 09:32:47.288,0.78105,0.7812,0.20,0.60
2008.03.26 09:32:47.623,0.7811,0.7812,0.20,0.30
2008.03.26 09:32:47.958,0.7811,0.7812,0.20,4.40
2008.03.26 09:32:48.292,0.78115,0.7812,0.20,4.20
2008.03.26 09:32:48.558,0.78115,0.7812,0.20,4.40
2008.03.26 09:32:48.823,0.78115,0.7812,0.20,4.20
2008.03.26 09:32:49.090,0.78115,0.7812,0.20,0.20
2008.03.26 09:32:49.353,0.78115,0.78125,0.20,12.40
2008.03.26 09:32:49.649,0.78115,0.78125,0.20,10.00
2008.03.26 09:32:49.942,0.78115,0.78125,0.20,12.40
2008.03.26 09:32:50.236,0.78115,0.78125,0.20,12.40
2008.03.26 09:32:50.531,0.78115,0.78125,0.20,12.40
2008.03.26 09:32:50.815,0.78115,0.78125,0.20,12.40
2008.03.26 09:32:51.100,0.78115,0.78125,0.20,13.20
2008.03.26 09:32:51.384,0.7811,0.7812,0.40,0.80
2008.03.26 09:32:51.659,0.78115,0.7812,0.20,0.30
2008.03.26 09:32:51.942,0.78115,0.7812,0.20,0.30
2008.03.26 09:32:52.216,0.78115,0.7812,0.20,0.30
2008.03.26 09:32:52.490,0.78115,0.7812,0.20,0.30
2008.03.26 09:32:52.780,0.7811,0.78125,0.40,5.40
2008.03.26 09:32:53.070,0.7811,0.7812,0.20,0.50
2008.03.26 09:32:53.358,0.7811,0.7812,0.20,0.50
2008.03.26 09:32:53.649,0.7811,0.7812,0.20,0.50
2008.03.26 09:32:53.953,0.78115,0.7812,0.20,0.50
2008.03.26 09:32:54.260,0.7811,0.7812,0.20,4.40
2008.03.26 09:32:54.575,0.7811,0.7812,0.20,4.40
2008.03.26 09:32:54.838,0.7811,0.7812,0.20,4.40
2008.03.26 09:32:55.101,0.7811,0.7812,0.20,1.20
2008.03.26 09:32:55.364,0.7811,0.7812,0.20,1.20
2008.03.26 09:32:55.630,0.7811,0.7812,0.20,1.20
2008.03.26 09:32:55.930,0.7811,0.7812,0.20,5.20
2008.03.26 09:32:56.229,0.7811,0.7812,0.20,5.20
2008.03.26 09:32:56.529,0.7811,0.7812,0.20,1.20
2008.03.26 09:32:56.791,0.78105,0.7812,0.90,1.40
2008.03.26 09:32:57.045,0.78105,0.7812,0.20,5.40
2008.03.26 09:32:57.300,0.78105,0.7812,0.60,5.40
2008.03.26 09:32:57.555,0.78105,0.7812,0.60,5.40
2008.03.26 09:32:57.865,0.78105,0.7812,0.60,5.40
2008.03.26 09:32:58.186,0.78105,0.7812,0.20,5.40
2008.03.26 09:32:58.495,0.78105,0.7812,0.20,5.40
2008.03.26 09:32:58.779,0.78105,0.7812,0.20,5.40
2008.03.26 09:32:59.063,0.78105,0.7812,0.20,5.40
2008.03.26 09:32:59.347,0.78105,0.78115,0.20,0.30
2008.03.26 09:32:59.631,0.78105,0.78115,0.20,0.30
2008.03.26 09:32:59.925,0.78105,0.78115,0.20,0.30
2008.03.26 09:33:00.218,0.78105,0.7812,0.20,4.60
2008.03.26 09:33:00.512,0.78105,0.7812,0.20,4.60
2008.03.26 09:33:00.773,0.78105,0.7811,0.20,0.30
2008.03.26 09:33:01.035,0.78105,0.7811,0.20,0.30
2008.03.26 09:33:01.296,0.78105,0.7811,0.20,0.30
2008.03.26 09:33:01.556,0.78105,0.7811,0.60,0.30
2008.03.26 09:33:01.863,0.78105,0.78115,0.60,2.40
2008.03.26 09:33:02.168,0.78105,0.78115,0.20,0.80
2008.03.26 09:33:02.472,0.78105,0.78115,0.20,0.80
2008.03.26 09:33:02.776,0.78105,0.78115,0.20,0.80
2008.03.26 09:33:03.055,0.78105,0.78115,0.20,0.80
2008.03.26 09:33:03.336,0.78105,0.7812,0.20,5.40
2008.03.26 09:33:03.616,0.78105,0.7812,0.20,5.40
2008.03.26 09:33:03.919,0.78105,0.7812,0.20,1.40
2008.03.26 09:33:04.209,0.78105,0.7812,0.60,1.20
2008.03.26 09:33:04.499,0.78105,0.7812,0.60,5.40
2008.03.26 09:33:04.789,0.78105,0.7812,0.60,5.40
2008.03.26 09:33:05.088,0.78105,0.7812,0.20,5.20
2008.03.26 09:33:05.388,0.78105,0.7812,0.20,5.40
2008.03.26 09:33:05.690,0.78105,0.7812,0.20,4.60
2008.03.26 09:33:05.936,0.78105,0.7812,0.60,4.40
2008.03.26 09:33:06.182,0.7811,0.78125,0.60,8.20
2008.03.26 09:33:06.427,0.7811,0.78125,0.60,2.60
2008.03.26 09:33:06.674,0.7811,0.7812,1.40,0.30
2008.03.26 09:33:06.984,0.7811,0.7812,1.40,0.30
2008.03.26 09:33:07.304,0.7811,0.7812,1.40,0.30
2008.03.26 09:33:07.613,0.7811,0.7812,1.40,0.30
2008.03.26 09:33:07.922,0.78115,0.7812,0.20,0.30
2008.03.26 09:33:08.200,0.78115,0.7812,0.20,0.30
2008.03.26 09:33:08.479,0.78115,0.7812,0.20,0.30
2008.03.26 09:33:08.761,0.78115,0.7813,0.20,4.60
2008.03.26 09:33:09.050,0.7811,0.78125,1.40,0.30
2008.03.26 09:33:09.340,0.78115,0.78125,0.20,2.40
2008.03.26 09:33:09.630,0.78115,0.78125,0.20,2.40
2008.03.26 09:33:09.918,0.78115,0.78125,0.20,2.60
2008.03.26 09:33:10.212,0.78115,0.78125,0.20,2.60
2008.03.26 09:33:10.507,0.78115,0.7812,0.20,0.30
2008.03.26 09:33:10.802,0.78115,0.7812,0.20,0.30
2008.03.26 09:33:11.061,0.78115,0.7812,0.20,0.30
2008.03.26 09:33:11.320,0.78115,0.78125,0.20,2.60
2008.03.26 09:33:11.579,0.78115,0.78125,0.20,2.60
2008.03.26 09:33:11.850,0.78115,0.78125,0.20,2.60
2008.03.26 09:33:12.155,0.7811,0.78125,1.40,2.60
2008.03.26 09:33:12.460,0.7811,0.78125,1.40,2.60
2008.03.26 09:33:12.766,0.78115,0.7813,0.20,4.60
2008.03.26 09:33:13.021,0.78115,0.7813,0.20,0.60
2008.03.26 09:33:13.276,0.7812,0.7813,0.20,0.50
2008.03.26 09:33:13.531,0.7812,0.7813,0.40,4.20
2008.03.26 09:33:13.785,0.7812,0.78135,0.60,2.00
2008.03.26 09:33:14.040,0.7812,0.78135,0.60,0.60
2008.03.26 09:33:14.364,0.7812,0.78135,0.60,0.60
2008.03.26 09:33:14.688,0.7812,0.7813,0.40,0.30
2008.03.26 09:33:15.012,0.7812,0.7813,0.20,4.20
2008.03.26 09:33:15.268,0.7812,0.78125,0.20,0.30
2008.03.26 09:33:15.522,0.78115,0.78125,5.10,0.30
2008.03.26 09:33:15.776,0.78115,0.78125,4.80,0.30
2008.03.26 09:33:16.030,0.78115,0.78125,4.80,0.30
2008.03.26 09:33:16.339,0.78115,0.78125,4.00,0.30
2008.03.26 09:33:16.650,0.78115,0.78125,6.40,0.30
2008.03.26 09:33:16.975,0.78115,0.7813,6.70,0.60
2008.03.26 09:33:17.270,0.78115,0.7813,9.10,0.30
2008.03.26 09:33:17.567,0.7812,0.7813,0.60,0.30
2008.03.26 09:33:17.861,0.7812,0.7813,0.60,0.30
2008.03.26 09:33:18.117,0.7812,0.78135,0.60,0.60
2008.03.26 09:33:18.371,0.7812,0.78135,0.60,0.60
2008.03.26 09:33:18.625,0.7812,0.78135,0.60,0.60
2008.03.26 09:33:18.880,0.7812,0.78135,0.60,0.60
2008.03.26 09:33:19.224,0.78125,0.78135,0.40,0.30
2008.03.26 09:33:19.559,0.78125,0.78135,0.40,0.30
2008.03.26 09:33:19.894,0.78125,0.7814,4.40,0.30
2008.03.26 09:33:20.128,0.7813,0.7814,0.40,0.30
2008.03.26 09:33:20.363,0.7813,0.7814,0.40,0.30
2008.03.26 09:33:20.599,0.7813,0.7814,0.40,0.30
2008.03.26 09:33:20.832,0.7813,0.7814,0.40,0.30
2008.03.26 09:33:21.065,0.7813,0.7814,0.40,0.30
2008.03.26 09:33:21.383,0.7813,0.7814,0.40,0.30
2008.03.26 09:33:21.702,0.7813,0.7814,0.40,0.30
2008.03.26 09:33:22.022,0.7813,0.7814,0.40,0.30
2008.03.26 09:33:22.272,0.78135,0.78145,0.40,0.30
2008.03.26 09:33:22.522,0.78135,0.7815,0.60,0.60
2008.03.26 09:33:22.773,0.7814,0.7815,0.20,0.30
2008.03.26 09:33:23.024,0.7814,0.7815,0.20,0.30
2008.03.26 09:33:23.324,0.7814,0.78155,0.40,8.10
2008.03.26 09:33:23.623,0.7814,0.78155,0.60,8.00
2008.03.26 09:33:23.922,0.7814,0.78155,0.60,8.00
2008.03.26 09:33:24.257,0.78145,0.78155,0.20,4.00
2008.03.26 09:33:24.583,0.78145,0.7816,0.60,0.50
2008.03.26 09:33:24.907,0.78145,0.7816,0.60,0.60
2008.03.26 09:33:25.231,0.78145,0.7816,0.60,0.60
2008.03.26 09:33:25.470,0.78145,0.7816,0.60,0.60
2008.03.26 09:33:25.710,0.7815,0.7816,0.40,0.30
2008.03.26 09:33:25.950,0.7815,0.7816,0.40,0.30
2008.03.26 09:33:26.277,0.7815,0.7816,0.60,0.60
2008.03.26 09:33:26.592,0.7815,0.7816,0.60,0.30
2008.03.26 09:33:26.907,0.7815,0.78165,0.60,0.60
2008.03.26 09:33:27.224,0.78155,0.78165,0.20,0.20
2008.03.26 09:33:27.475,0.7816,0.78165,0.20,0.20
2008.03.26 09:33:27.724,0.7816,0.78175,0.60,7.00
2008.03.26 09:33:27.975,0.7816,0.78175,0.60,2.20
2008.03.26 09:33:28.302,0.78165,0.78175,0.20,0.50
2008.03.26 09:33:28.605,0.7816,0.78175,0.20,0.60
2008.03.26 09:33:28.919,0.7816,0.78175,0.20,0.50
2008.03.26 09:33:29.235,0.7816,0.78175,0.40,0.50
2008.03.26 09:33:29.520,0.7816,0.78175,0.60,0.30
2008.03.26 09:33:29.805,0.7816,0.78175,0.60,0.30
2008.03.26 09:33:30.090,0.7816,0.78175,0.60,0.30
2008.03.26 09:33:30.365,0.78165,0.7818,0.20,0.50
2008.03.26 09:33:30.630,0.7816,0.78175,0.60,0.30
2008.03.26 09:33:30.895,0.7816,0.78175,0.60,0.30
2008.03.26 09:33:31.161,0.7816,0.78175,0.60,0.30
2008.03.26 09:33:31.462,0.7816,0.78175,0.60,0.30
2008.03.26 09:33:31.762,0.7816,0.78175,0.60,0.30
2008.03.26 09:33:32.061,0.7816,0.78175,0.60,0.30
2008.03.26 09:33:32.360,0.7816,0.78175,0.60,4.20
2008.03.26 09:33:32.654,0.78155,0.7817,0.60,0.30
2008.03.26 09:33:32.962,0.78155,0.7817,0.60,0.60
2008.03.26 09:33:33.258,0.78155,0.7817,0.20,0.60
2008.03.26 09:33:33.512,0.78155,0.78165,0.20,0.20
2008.03.26 09:33:33.767,0.7815,0.78165,0.60,0.60
2008.03.26 09:33:34.022,0.7815,0.78165,0.20,0.60
2008.03.26 09:33:34.277,0.7815,0.78165,0.20,4.60
2008.03.26 09:33:34.611,0.7816,0.78165,0.40,4.20
2008.03.26 09:33:34.947,0.78155,0.7817,2.70,0.30
2008.03.26 09:33:35.283,0.7815,0.78165,0.60,0.30
2008.03.26 09:33:35.521,0.7815,0.78165,0.40,0.50
2008.03.26 09:33:35.761,0.7815,0.78165,0.60,0.30
2008.03.26 09:33:36.000,0.7815,0.78165,0.60,0.30
2008.03.26 09:33:36.239,0.7815,0.78165,0.20,0.50
2008.03.26 09:33:36.566,0.7815,0.78165,0.60,0.50
2008.03.26 09:33:36.903,0.7815,0.78165,0.60,0.30
2008.03.26 09:33:37.228,0.7815,0.78165,0.60,0.50
2008.03.26 09:33:37.477,0.7815,0.78165,0.60,0.50
2008.03.26 09:33:37.726,0.7815,0.78165,0.60,0.50
2008.03.26 09:33:37.976,0.7815,0.78165,0.60,0.50
2008.03.26 09:33:38.227,0.7815,0.78165,0.60,0.50
2008.03.26 09:33:38.546,0.7815,0.78165,0.60,0.50
2008.03.26 09:33:38.864,0.7815,0.78165,0.60,0.50
2008.03.26 09:33:39.182,0.7815,0.78165,0.60,0.50
2008.03.26 09:33:39.501,0.7815,0.78165,0.60,0.50
2008.03.26 09:33:39.781,0.78155,0.78165,0.20,0.20
2008.03.26 09:33:40.060,0.78155,0.7817,0.20,0.60
2008.03.26 09:33:40.339,0.78155,0.7817,4.10,0.60
2008.03.26 09:33:40.630,0.78155,0.7817,0.20,0.60
2008.03.26 09:33:40.927,0.78155,0.7817,0.20,0.60
2008.03.26 09:33:41.218,0.7816,0.7817,0.20,0.60
2008.03.26 09:33:41.509,0.7815,0.78165,0.60,0.30
2008.03.26 09:33:41.780,0.7815,0.78165,0.60,0.60
2008.03.26 09:33:42.050,0.7815,0.78165,0.60,2.80
2008.03.26 09:33:42.321,0.7815,0.78165,4.40,0.30
2008.03.26 09:33:42.613,0.7815,0.78165,4.40,0.30
2008.03.26 09:33:42.892,0.78155,0.78165,2.70,0.30
2008.03.26 09:33:43.172,0.78155,0.78165,2.40,0.30
2008.03.26 09:33:43.451,0.78155,0.78165,2.40,0.30
2008.03.26 09:33:43.780,0.78155,0.78165,2.40,0.30
2008.03.26 09:33:44.111,0.78155,0.78165,2.40,0.30
2008.03.26 09:33:44.440,0.78155,0.78165,2.40,0.30
2008.03.26 09:33:44.685,0.7815,0.78165,4.60,0.30
2008.03.26 09:33:44.931,0.7815,0.78165,0.60,0.30
2008.03.26 09:33:45.175,0.7815,0.78155,0.20,0.30
2008.03.26 09:33:45.420,0.7814,0.78155,0.60,0.30
2008.03.26 09:33:45.726,0.78145,0.7816,6.70,0.30
2008.03.26 09:33:46.036,0.78145,0.7816,2.70,0.30
2008.03.26 09:33:46.341,0.7814,0.7815,0.60,0.30
2008.03.26 09:33:46.646,0.78145,0.78155,0.40,0.30
2008.03.26 09:33:46.935,0.78145,0.78155,0.40,0.30
2008.03.26 09:33:47.223,0.78145,0.78155,0.40,0.30
2008.03.26 09:33:47.512,0.7814,0.78155,0.40,0.50
2008.03.26 09:33:47.777,0.7814,0.78155,0.40,0.50
2008.03.26 09:33:48.040,0.7814,0.78155,0.60,0.50
2008.03.26 09:33:48.305,0.7814,0.7815,0.60,0.30
2008.03.26 09:33:48.568,0.7814,0.7815,0.20,0.30
2008.03.26 09:33:48.898,0.7814,0.7815,0.20,0.30
2008.03.26 09:33:49.226,0.7814,0.7815,0.20,0.30
2008.03.26 09:33:49.557,0.7814,0.7815,0.20,0.30
2008.03.26 09:33:49.787,0.7814,0.7815,0.20,0.30
2008.03.26 09:33:50.016,0.7814,0.7815,0.20,0.30
2008.03.26 09:33:50.246,0.7814,0.7815,0.20,0.30
2008.03.26 09:33:50.477,0.7814,0.7815,0.20,0.30
2008.03.26 09:33:50.716,0.7814,0.7815,0.20,0.30
2008.03.26 09:33:51.038,0.7814,0.7815,0.20,0.30
2008.03.26 09:33:51.385,0.7814,0.7815,0.20,0.30
2008.03.26 09:33:51.719,0.7814,0.7815,0.20,0.30
2008.03.26 09:33:51.963,0.7814,0.7815,0.20,0.30
2008.03.26 09:33:52.207,0.7814,0.7815,0.20,0.30
2008.03.26 09:33:52.451,0.7814,0.7815,0.20,0.30
2008.03.26 09:33:52.694,0.7814,0.7815,0.20,0.30
2008.03.26 09:33:53.023,0.7814,0.7815,0.20,0.30
2008.03.26 09:33:53.352,0.7814,0.7815,0.20,0.30
2008.03.26 09:33:53.683,0.78135,0.7815,0.60,0.60
2008.03.26 09:33:53.948,0.78135,0.78145,0.40,0.30
2008.03.26 09:33:54.213,0.78135,0.78145,0.40,0.30
2008.03.26 09:33:54.477,0.78135,0.78145,0.40,0.30
2008.03.26 09:33:54.754,0.7813,0.7814,0.60,0.30
2008.03.26 09:33:55.048,0.7813,0.7814,0.40,0.30
2008.03.26 09:33:55.344,0.7813,0.7814,0.20,0.30
2008.03.26 09:33:55.638,0.7813,0.7814,0.90,0.30
2008.03.26 09:33:55.902,0.7813,0.7814,0.90,0.50
2008.03.26 09:33:56.166,0.7813,0.7814,0.90,0.60
2008.03.26 09:33:56.431,0.7813,0.7814,1.10,0.50
2008.03.26 09:33:56.697,0.78135,0.7814,0.20,0.30
2008.03.26 09:33:56.993,0.7813,0.7814,0.20,0.50
2008.03.26 09:33:57.288,0.78135,0.7814,0.20,0.30
2008.03.26 09:33:57.583,0.7813,0.7814,0.20,0.30
2008.03.26 09:33:57.878,0.7813,0.7814,0.20,0.60
2008.03.26 09:33:58.152,0.78125,0.7814,0.60,0.60
2008.03.26 09:33:58.426,0.78125,0.7814,0.60,0.60
2008.03.26 09:33:59.907,0.78125,0.7814,0.20,0.60
2008.03.26 09:34:00.025,0.78125,0.7814,0.20,0.60
2008.03.26 09:34:00.145,0.78125,0.7814,0.60,0.60
2008.03.26 09:34:00.266,0.78125,0.7814,0.60,0.60
2008.03.26 09:34:00.387,0.78125,0.7814,0.60,0.60
2008.03.26 09:34:00.510,0.78125,0.7814,0.60,0.60
2008.03.26 09:34:00.640,0.78125,0.7814,0.60,0.60
2008.03.26 09:34:00.757,0.78125,0.7814,0.60,0.60
2008.03.26 09:34:00.878,0.78125,0.7814,0.60,0.60
2008.03.26 09:34:00.994,0.78125,0.7814,0.60,0.60
2008.03.26 09:34:01.328,0.78125,0.7814,0.60,0.60
2008.03.26 09:34:01.663,0.78125,0.7814,0.60,0.60
2008.03.26 09:34:01.998,0.78125,0.7814,0.60,0.60
2008.03.26 09:34:02.232,0.78125,0.7814,0.60,0.60
2008.03.26 09:34:02.465,0.78125,0.7814,2.80,0.30
2008.03.26 09:34:02.699,0.7813,0.7814,0.20,0.30
2008.03.26 09:34:02.926,0.7813,0.7814,0.20,0.30
2008.03.26 09:34:03.264,0.7813,0.7814,0.20,0.30
2008.03.26 09:34:03.598,0.7813,0.7814,0.20,0.50
2008.03.26 09:34:03.937,0.7813,0.7814,0.20,0.50
2008.03.26 09:34:04.201,0.7813,0.7814,0.20,0.50
2008.03.26 09:34:04.464,0.7813,0.7814,0.20,0.50
2008.03.26 09:34:04.730,0.7813,0.78145,0.60,0.50
2008.03.26 09:34:04.997,0.78135,0.78145,0.20,0.50
2008.03.26 09:34:05.296,0.7813,0.78145,0.20,4.40
2008.03.26 09:34:05.595,0.7813,0.7814,0.20,0.20
2008.03.26 09:34:05.897,0.7812,0.7814,0.60,4.60
2008.03.26 09:34:06.198,0.78125,0.7814,0.20,0.60
2008.03.26 09:34:06.477,0.78125,0.7814,0.20,0.60
2008.03.26 09:34:06.758,0.78125,0.7814,0.60,0.60
2008.03.26 09:34:07.037,0.78125,0.7814,0.60,0.60
2008.03.26 09:34:07.313,0.78125,0.7814,0.60,0.30
2008.03.26 09:34:07.587,0.78125,0.7814,0.60,0.30
2008.03.26 09:34:07.873,0.78125,0.7814,0.60,0.30
2008.03.26 09:34:08.148,0.78125,0.7814,4.40,0.30
2008.03.26 09:34:08.450,0.7813,0.7814,0.60,0.30
2008.03.26 09:34:08.750,0.7813,0.7814,0.20,0.30
2008.03.26 09:34:09.049,0.7813,0.7814,0.20,0.60
2008.03.26 09:34:09.350,0.78125,0.78135,0.40,0.30
2008.03.26 09:34:09.646,0.78125,0.7814,0.20,4.60
2008.03.26 09:34:09.950,0.78125,0.7814,0.60,0.60
2008.03.26 09:34:10.245,0.78125,0.7814,0.60,0.60
2008.03.26 09:34:10.525,0.78125,0.78135,0.60,0.30
2008.03.26 09:34:10.805,0.78125,0.78135,0.40,0.30
2008.03.26 09:34:11.085,0.7812,0.78135,4.60,0.30
2008.03.26 09:34:11.340,0.78125,0.7814,1.90,0.60
2008.03.26 09:34:11.595,0.78125,0.7814,1.90,0.60
2008.03.26 09:34:11.851,0.78125,0.78135,0.40,0.30
2008.03.26 09:34:12.106,0.78125,0.78135,0.40,0.30
2008.03.26 09:34:12.414,0.7812,0.78135,4.60,0.30
2008.03.26 09:34:12.725,0.78125,0.78135,0.40,0.30
2008.03.26 09:34:13.046,0.7812,0.78135,4.60,0.30
2008.03.26 09:34:13.353,0.7812,0.78135,4.60,0.30
2008.03.26 09:34:13.638,0.78125,0.78135,0.40,0.30
2008.03.26 09:34:13.923,0.78125,0.7814,3.50,0.30
2008.03.26 09:34:14.207,0.7813,0.7814,0.40,0.30
2008.03.26 09:34:14.493,0.7813,0.7814,0.60,0.30
2008.03.26 09:34:14.786,0.78125,0.7814,5.90,0.30
2008.03.26 09:34:15.072,0.78125,0.7814,1.90,1.00
2008.03.26 09:34:15.358,0.7812,0.78135,0.60,0.30
2008.03.26 09:34:15.669,0.7812,0.78135,0.60,0.30
2008.03.26 09:34:15.978,0.7812,0.7813,0.60,0.30
2008.03.26 09:34:16.289,0.7812,0.78135,0.60,0.30
2008.03.26 09:34:16.524,0.7812,0.78135,0.60,0.30
2008.03.26 09:34:16.758,0.7812,0.78135,0.60,0.30
2008.03.26 09:34:16.991,0.7812,0.78135,0.60,0.30
2008.03.26 09:34:17.226,0.7812,0.78135,0.60,0.30
2008.03.26 09:34:17.541,0.7812,0.78135,0.60,0.30
2008.03.26 09:34:17.857,0.7812,0.7813,0.20,0.30
2008.03.26 09:34:18.172,0.7812,0.7813,0.40,0.30
2008.03.26 09:34:18.487,0.7812,0.78135,0.60,0.30
2008.03.26 09:34:18.762,0.7812,0.7813,0.60,0.60
2008.03.26 09:34:19.036,0.7812,0.7813,0.60,0.60
2008.03.26 09:34:19.310,0.7812,0.7813,0.20,0.60
2008.03.26 09:34:19.596,0.78115,0.7813,5.10,0.60
2008.03.26 09:34:19.880,0.78115,0.7813,1.10,0.60
2008.03.26 09:34:20.175,0.78115,0.7813,1.10,0.60
2008.03.26 09:34:20.449,0.7812,0.7813,0.20,0.60
2008.03.26 09:34:20.749,0.7812,0.7813,0.20,0.60
2008.03.26 09:34:21.048,0.78115,0.7813,5.20,0.60
2008.03.26 09:34:21.348,0.7812,0.7813,0.20,0.60
2008.03.26 09:34:21.648,0.7812,0.7813,0.20,0.60
2008.03.26 09:34:21.899,0.7812,0.7813,0.20,0.60
2008.03.26 09:34:22.148,0.7812,0.7813,0.20,0.60
2008.03.26 09:34:22.397,0.7812,0.7813,0.20,0.60
2008.03.26 09:34:22.687,0.7811,0.78125,0.60,0.30
2008.03.26 09:34:22.977,0.7811,0.78125,0.60,0.30
2008.03.26 09:34:23.285,0.7811,0.78125,0.60,0.30
2008.03.26 09:34:23.573,0.7811,0.78125,0.60,0.30
2008.03.26 09:34:23.883,0.78115,0.7813,0.60,0.60
2008.03.26 09:34:24.192,0.78115,0.7813,0.60,0.60
2008.03.26 09:34:24.501,0.78115,0.7813,0.60,0.60
2008.03.26 09:34:24.746,0.78115,0.7813,0.60,0.60
2008.03.26 09:34:24.999,0.78115,0.7813,0.60,0.60
2008.03.26 09:34:25.233,0.78115,0.7813,0.60,0.60
2008.03.26 09:34:25.478,0.78115,0.7813,0.60,0.30
2008.03.26 09:34:25.784,0.78115,0.7813,0.60,0.60
2008.03.26 09:34:26.100,0.78115,0.7813,0.20,0.60
2008.03.26 09:34:26.406,0.78115,0.78125,0.20,0.30
2008.03.26 09:34:26.710,0.7811,0.7812,0.60,0.30
2008.03.26 09:34:26.995,0.7811,0.7812,4.40,0.30
2008.03.26 09:34:27.279,0.7811,0.7812,0.20,0.60
2008.03.26 09:34:27.563,0.7811,0.7812,0.20,0.60
2008.03.26 09:34:27.826,0.7811,0.7812,0.20,0.60
2008.03.26 09:34:28.092,0.7811,0.7812,0.20,0.60
2008.03.26 09:34:28.357,0.7811,0.7812,0.60,0.30
2008.03.26 09:34:28.621,0.7811,0.7812,0.40,0.30
2008.03.26 09:34:28.942,0.7811,0.78125,4.60,0.30
2008.03.26 09:34:29.261,0.7811,0.78125,4.60,0.30
2008.03.26 09:34:29.581,0.7811,0.78125,4.60,0.30
2008.03.26 09:34:29.830,0.7811,0.78125,4.60,0.30
2008.03.26 09:34:30.082,0.7811,0.78125,4.60,0.30
2008.03.26 09:34:30.330,0.7811,0.78125,4.60,0.30
2008.03.26 09:34:30.580,0.7811,0.78125,0.60,0.30
2008.03.26 09:34:30.884,0.7811,0.7812,0.60,0.30
2008.03.26 09:34:31.190,0.7811,0.7812,0.20,0.50
2008.03.26 09:34:31.495,0.78105,0.78115,1.90,0.30
2008.03.26 09:34:31.806,0.78105,0.7811,0.40,0.60
2008.03.26 09:34:32.084,0.78105,0.7811,0.40,0.60
2008.03.26 09:34:32.359,0.78095,0.7811,0.60,0.60
2008.03.26 09:34:32.634,0.78095,0.7811,0.20,0.60
2008.03.26 09:34:32.910,0.7809,0.78105,0.60,0.30
2008.03.26 09:34:33.186,0.78095,0.7811,2.70,0.60
2008.03.26 09:34:33.462,0.78095,0.7811,0.40,4.60
2008.03.26 09:34:33.748,0.7809,0.78105,0.60,0.30
2008.03.26 09:34:34.064,0.7809,0.78105,0.60,0.30
2008.03.26 09:34:34.378,0.7809,0.78105,0.60,0.30
2008.03.26 09:34:34.692,0.78095,0.78105,0.40,0.30
2008.03.26 09:34:34.938,0.78095,0.78105,0.40,0.30
2008.03.26 09:34:35.187,0.78095,0.78105,0.40,0.30
2008.03.26 09:34:35.429,0.78095,0.78105,0.40,0.30
2008.03.26 09:34:35.671,0.78095,0.78105,0.40,0.30
2008.03.26 09:34:35.975,0.7809,0.78105,0.60,0.30
2008.03.26 09:34:36.279,0.7809,0.78105,0.60,0.30
2008.03.26 09:34:36.583,0.7809,0.78105,0.60,0.30
2008.03.26 09:34:36.888,0.7809,0.78105,0.60,0.30
2008.03.26 09:34:37.172,0.78095,0.78105,0.40,0.30
2008.03.26 09:34:37.456,0.78095,0.78105,0.40,0.30
2008.03.26 09:34:37.742,0.78095,0.78105,0.40,0.30
2008.03.26 09:34:37.996,0.78095,0.78105,0.40,0.30
2008.03.26 09:34:38.249,0.78095,0.78105,0.40,0.30
2008.03.26 09:34:38.506,0.78095,0.78105,0.40,0.30
2008.03.26 09:34:38.761,0.7809,0.78105,0.60,0.30
2008.03.26 09:34:39.078,0.7809,0.78105,1.40,0.30
2008.03.26 09:34:39.398,0.7809,0.78105,1.40,0.30
2008.03.26 09:34:39.718,0.7809,0.78105,1.40,0.30
2008.03.26 09:34:39.958,0.7809,0.78105,1.40,0.30
2008.03.26 09:34:40.197,0.7809,0.78105,1.40,0.30
2008.03.26 09:34:40.436,0.7809,0.78105,1.40,0.30
2008.03.26 09:34:40.675,0.781,0.7811,0.20,0.60
2008.03.26 09:34:40.915,0.781,0.7811,0.40,0.30
2008.03.26 09:34:41.241,0.781,0.7811,0.60,0.30
2008.03.26 09:34:41.565,0.781,0.78115,0.20,0.50
2008.03.26 09:34:41.890,0.781,0.78115,0.20,0.50
2008.03.26 09:34:42.133,0.781,0.78115,0.20,0.50
2008.03.26 09:34:42.378,0.781,0.78115,0.60,0.50
2008.03.26 09:34:42.622,0.781,0.78115,0.60,0.50
2008.03.26 09:34:42.867,0.78095,0.7811,4.40,0.30
2008.03.26 09:34:43.171,0.78095,0.7811,4.40,0.30
2008.03.26 09:34:43.475,0.78095,0.7811,5.20,0.30
2008.03.26 09:34:43.781,0.781,0.7811,0.60,0.30
2008.03.26 09:34:44.075,0.781,0.78115,0.60,0.30
2008.03.26 09:34:44.370,0.781,0.78115,0.60,0.30
2008.03.26 09:34:44.665,0.781,0.78115,0.20,2.80
2008.03.26 09:34:44.961,0.781,0.7811,0.20,0.30
2008.03.26 09:34:45.234,0.781,0.7811,0.60,0.30
2008.03.26 09:34:45.507,0.781,0.7811,0.60,0.30
2008.03.26 09:34:45.792,0.781,0.78115,0.60,0.30
2008.03.26 09:34:46.066,0.781,0.78115,0.60,0.30
2008.03.26 09:34:46.360,0.781,0.78115,0.60,0.30
2008.03.26 09:34:46.655,0.781,0.78115,0.60,0.30
2008.03.26 09:34:46.950,0.78105,0.78115,0.20,0.30
2008.03.26 09:34:47.218,0.78105,0.78115,0.20,0.30
2008.03.26 09:34:47.486,0.78105,0.7812,0.20,0.60
2008.03.26 09:34:47.766,0.78105,0.7812,0.20,0.60
2008.03.26 09:34:48.036,0.781,0.78115,0.60,0.30
2008.03.26 09:34:48.330,0.781,0.78115,0.60,0.30
2008.03.26 09:34:48.627,0.781,0.78115,0.60,0.30
2008.03.26 09:34:48.921,0.781,0.78115,0.60,0.30
2008.03.26 09:34:49.210,0.781,0.78115,0.60,0.30
2008.03.26 09:34:49.497,0.781,0.78115,0.60,0.30
2008.03.26 09:34:49.787,0.78105,0.78115,2.70,0.30
2008.03.26 09:34:50.075,0.78105,0.78115,2.70,0.30
2008.03.26 09:34:50.338,0.78105,0.78115,2.70,0.30
2008.03.26 09:34:50.602,0.78105,0.78115,2.70,0.30
2008.03.26 09:34:50.866,0.78105,0.78115,2.80,0.30
2008.03.26 09:34:51.130,0.78105,0.78115,2.80,0.30
2008.03.26 09:34:51.405,0.78105,0.7812,2.80,0.60
2008.03.26 09:34:51.681,0.78105,0.7812,2.80,0.60
2008.03.26 09:34:51.955,0.78105,0.7812,2.80,0.60
2008.03.26 09:34:52.233,0.78105,0.7812,2.80,0.60
2008.03.26 09:34:52.513,0.78105,0.7812,2.80,0.60
2008.03.26 09:34:52.791,0.78105,0.7812,2.80,0.60
2008.03.26 09:34:53.070,0.78105,0.7812,2.80,0.60
2008.03.26 09:34:53.348,0.7811,0.7812,0.20,0.30
2008.03.26 09:34:53.612,0.7811,0.7812,0.20,0.30
2008.03.26 09:34:53.876,0.7811,0.7812,0.60,0.30
2008.03.26 09:34:54.140,0.7811,0.7812,0.60,0.30
2008.03.26 09:34:54.469,0.7811,0.7812,0.60,0.30
2008.03.26 09:34:54.799,0.7811,0.7812,4.40,0.30
2008.03.26 09:34:55.127,0.7811,0.7812,4.40,0.30
2008.03.26 09:34:55.361,0.78115,0.78125,2.70,0.30
2008.03.26 09:34:55.595,0.78115,0.78125,2.70,0.30
2008.03.26 09:34:55.829,0.78115,0.78125,2.70,0.30
2008.03.26 09:34:56.062,0.78115,0.78125,2.70,0.30
2008.03.26 09:34:56.377,0.78115,0.78125,2.70,0.30
2008.03.26 09:34:56.691,0.78115,0.78125,2.70,0.30
2008.03.26 09:34:57.006,0.7812,0.7813,0.20,0.30
2008.03.26 09:34:57.296,0.7812,0.7813,0.20,0.30
2008.03.26 09:34:57.574,0.7812,0.7813,0.20,0.30
2008.03.26 09:34:57.855,0.7812,0.7813,0.20,0.30
2008.03.26 09:34:58.134,0.7812,0.7813,0.20,0.30
2008.03.26 09:34:58.392,0.78115,0.7813,0.40,0.30
2008.03.26 09:34:58.651,0.7812,0.7813,0.40,0.30
2008.03.26 09:34:58.924,0.78125,0.78135,2.40,0.30
2008.03.26 09:34:59.191,0.78125,0.78135,2.40,0.30
2008.03.26 09:34:59.520,0.78125,0.78135,2.40,0.30
2008.03.26 09:34:59.849,0.78125,0.78135,2.40,0.30
2008.03.26 09:35:00.166,0.78125,0.78135,2.40,0.50
2008.03.26 09:35:00.428,0.78115,0.78125,6.70,0.30
2008.03.26 09:35:00.676,0.7811,0.78125,4.60,0.30
2008.03.26 09:35:00.927,0.7811,0.78125,4.60,0.30
2008.03.26 09:35:01.176,0.78115,0.78125,0.40,0.30
2008.03.26 09:35:01.457,0.7812,0.7813,0.20,0.60
2008.03.26 09:35:01.736,0.7812,0.7813,0.20,0.60
2008.03.26 09:35:02.015,0.7812,0.7813,0.20,0.60
2008.03.26 09:35:02.295,0.7812,0.7813,0.20,0.60
2008.03.26 09:35:02.565,0.7812,0.7813,0.20,0.60
2008.03.26 09:35:02.846,0.7812,0.7813,0.20,0.60
2008.03.26 09:35:03.116,0.7812,0.7813,0.20,0.60
2008.03.26 09:35:03.387,0.78115,0.78125,4.30,0.30
2008.03.26 09:35:03.685,0.7811,0.78125,4.60,0.30
2008.03.26 09:35:03.985,0.7811,0.78125,0.60,0.30
2008.03.26 09:35:04.283,0.78115,0.78125,0.60,0.30
2008.03.26 09:35:04.582,0.78115,0.78125,0.60,0.30
2008.03.26 09:35:04.882,0.78115,0.7813,0.60,0.60
2008.03.26 09:35:05.180,0.78115,0.7813,0.60,0.60
2008.03.26 09:35:05.480,0.78115,0.7813,0.60,0.60
2008.03.26 09:35:05.735,0.7812,0.7813,0.20,0.60
2008.03.26 09:35:05.989,0.7812,0.7813,0.20,0.60
2008.03.26 09:35:06.244,0.7812,0.78125,0.20,0.30
2008.03.26 09:35:06.499,0.78115,0.78125,0.40,0.30
2008.03.26 09:35:06.804,0.78115,0.78125,0.40,0.30
2008.03.26 09:35:07.108,0.78115,0.7813,0.40,0.60
2008.03.26 09:35:07.412,0.78115,0.78125,0.60,0.30
2008.03.26 09:35:07.717,0.78115,0.78125,0.60,0.30
2008.03.26 09:35:07.996,0.78115,0.78125,0.60,0.30
2008.03.26 09:35:08.266,0.7812,0.78125,0.20,0.30
2008.03.26 09:35:08.536,0.7812,0.7813,0.20,0.60
2008.03.26 09:35:08.825,0.7812,0.7813,0.20,0.60
2008.03.26 09:35:09.114,0.7812,0.7813,0.20,0.60
2008.03.26 09:35:09.403,0.7812,0.7813,0.20,0.60
2008.03.26 09:35:09.691,0.7812,0.7813,0.20,0.60
2008.03.26 09:35:09.968,0.7812,0.7813,0.20,0.60
2008.03.26 09:35:10.247,0.78115,0.7813,2.50,0.60
2008.03.26 09:35:10.526,0.78115,0.78125,2.40,0.30
2008.03.26 09:35:10.775,0.78115,0.78125,2.40,0.30
2008.03.26 09:35:11.025,0.78115,0.78125,2.40,0.30
2008.03.26 09:35:11.273,0.78115,0.78125,2.40,0.30
2008.03.26 09:35:11.522,0.78115,0.78125,2.40,0.30
2008.03.26 09:35:11.819,0.78115,0.7813,2.70,0.60
2008.03.26 09:35:12.117,0.7812,0.7813,0.20,0.60
2008.03.26 09:35:12.412,0.7812,0.7813,0.20,0.60
2008.03.26 09:35:12.707,0.7812,0.7813,0.20,0.60
2008.03.26 09:35:13.005,0.7812,0.7813,0.20,0.60
2008.03.26 09:35:13.300,0.7812,0.7813,0.20,0.60
2008.03.26 09:35:13.606,0.7812,0.7813,0.20,0.60
2008.03.26 09:35:13.881,0.7812,0.7813,0.20,0.60
2008.03.26 09:35:14.161,0.7812,0.7813,0.20,0.60
2008.03.26 09:35:14.444,0.7812,0.7813,0.20,0.60
2008.03.26 09:35:14.729,0.7812,0.7813,0.20,0.60
2008.03.26 09:35:15.009,0.7812,0.7813,0.20,0.60
2008.03.26 09:35:15.287,0.7812,0.7813,0.20,0.60
2008.03.26 09:35:15.564,0.7812,0.7813,0.20,0.60
2008.03.26 09:35:15.839,0.7812,0.7813,0.20,0.30
2008.03.26 09:35:16.111,0.7812,0.7813,0.20,0.30
2008.03.26 09:35:16.388,0.7811,0.78125,0.60,0.30
2008.03.26 09:35:16.662,0.7811,0.78125,0.60,0.30
2008.03.26 09:35:16.943,0.7811,0.78125,0.60,0.30
2008.03.26 09:35:17.222,0.7811,0.78125,0.60,0.30
2008.03.26 09:35:17.501,0.7811,0.78125,0.60,0.30
2008.03.26 09:35:17.781,0.7811,0.7812,0.20,0.30
2008.03.26 09:35:18.055,0.7811,0.7812,0.20,0.30
2008.03.26 09:35:18.329,0.7811,0.7812,0.20,0.30
2008.03.26 09:35:18.602,0.7811,0.7812,0.20,0.30
2008.03.26 09:35:18.878,0.7811,0.7812,0.60,0.60
2008.03.26 09:35:19.183,0.7811,0.7812,0.60,0.30
2008.03.26 09:35:19.489,0.7811,0.78125,0.60,2.60
2008.03.26 09:35:19.794,0.7811,0.78125,0.40,2.80
2008.03.26 09:35:20.053,0.7811,0.78125,0.40,2.80
2008.03.26 09:35:20.314,0.7811,0.78125,0.60,0.30
2008.03.26 09:35:20.572,0.7811,0.78125,0.60,0.30
2008.03.26 09:35:20.831,0.7811,0.78125,0.60,0.30
2008.03.26 09:35:21.120,0.7811,0.78125,0.60,0.30
2008.03.26 09:35:21.410,0.78115,0.78125,0.20,0.30
2008.03.26 09:35:21.700,0.78115,0.7813,0.60,0.60
2008.03.26 09:35:21.989,0.78115,0.7813,0.60,0.60
2008.03.26 09:35:22.264,0.78115,0.7813,0.60,0.60
2008.03.26 09:35:22.538,0.78115,0.7813,0.60,0.60
2008.03.26 09:35:22.814,0.78115,0.7813,0.20,0.60
2008.03.26 09:35:23.090,0.78115,0.7813,0.20,0.60
2008.03.26 09:35:23.393,0.7811,0.7813,0.60,0.60
2008.03.26 09:35:23.698,0.78115,0.78125,0.40,0.30
2008.03.26 09:35:24.016,0.7811,0.78125,0.60,0.30
2008.03.26 09:35:24.292,0.7811,0.78125,0.60,0.30
2008.03.26 09:35:24.567,0.7811,0.78125,0.60,0.30
2008.03.26 09:35:24.840,0.7811,0.78125,0.60,0.30
2008.03.26 09:35:25.116,0.7811,0.78125,0.60,0.30
2008.03.26 09:35:25.412,0.7811,0.78125,0.60,0.30
2008.03.26 09:35:25.706,0.7811,0.78125,0.60,0.30
2008.03.26 09:35:26.001,0.7811,0.78125,0.60,0.30
2008.03.26 09:35:26.242,0.7811,0.78125,0.60,0.30
2008.03.26 09:35:26.486,0.7811,0.78125,0.60,0.30
2008.03.26 09:35:26.729,0.7811,0.78125,0.60,0.30
2008.03.26 09:35:26.974,0.78115,0.78125,0.60,0.30
2008.03.26 09:35:27.278,0.78115,0.7813,0.20,0.60
2008.03.26 09:35:27.592,0.7811,0.78125,0.60,0.30
2008.03.26 09:35:27.897,0.7811,0.78125,0.60,0.30
2008.03.26 09:35:28.156,0.7811,0.78125,0.60,0.30
2008.03.26 09:35:28.415,0.7811,0.78125,0.60,0.30
2008.03.26 09:35:28.674,0.7811,0.78125,0.60,0.30
2008.03.26 09:35:28.934,0.7811,0.78125,0.60,0.30
2008.03.26 09:35:29.255,0.7811,0.78125,0.60,0.30
2008.03.26 09:35:29.573,0.7811,0.78125,0.60,0.30
2008.03.26 09:35:29.892,0.7811,0.78125,0.60,0.30
2008.03.26 09:35:30.213,0.7811,0.78125,0.60,0.30
2008.03.26 09:35:30.466,0.7811,0.78125,0.60,0.30
2008.03.26 09:35:30.715,0.78115,0.78125,0.20,0.30
2008.03.26 09:35:30.966,0.78115,0.78125,0.20,0.20
2008.03.26 09:35:31.280,0.7811,0.7812,0.40,0.30
2008.03.26 09:35:31.591,0.7811,0.7812,0.20,0.60
2008.03.26 09:35:31.900,0.7811,0.7812,0.20,0.60
2008.03.26 09:35:32.220,0.7811,0.7812,0.20,0.60
2008.03.26 09:35:32.511,0.7811,0.78125,0.60,2.80
2008.03.26 09:35:32.799,0.7811,0.78125,0.40,5.20
2008.03.26 09:35:33.091,0.7811,0.7812,0.20,0.30
2008.03.26 09:35:33.350,0.7811,0.7812,0.20,0.60
2008.03.26 09:35:33.609,0.7811,0.7812,0.20,0.60
2008.03.26 09:35:33.868,0.7811,0.7812,0.20,0.60
2008.03.26 09:35:34.127,0.7811,0.7812,0.20,0.60
2008.03.26 09:35:34.447,0.7811,0.7812,0.20,0.60
2008.03.26 09:35:34.766,0.7811,0.7812,0.20,0.60
2008.03.26 09:35:35.085,0.7811,0.7812,0.20,0.60
2008.03.26 09:35:35.331,0.7811,0.7812,0.20,0.60
2008.03.26 09:35:35.578,0.78105,0.7812,0.20,0.60
2008.03.26 09:35:35.823,0.78105,0.7812,0.20,0.60
2008.03.26 09:35:36.068,0.781,0.78115,0.60,0.30
2008.03.26 09:35:36.392,0.781,0.7811,0.20,0.30
2008.03.26 09:35:36.717,0.781,0.7811,0.60,0.30
2008.03.26 09:35:37.042,0.781,0.7811,0.40,0.60
2008.03.26 09:35:37.374,0.781,0.7811,4.60,0.60
2008.03.26 09:35:37.636,0.781,0.7811,4.60,0.60
2008.03.26 09:35:37.891,0.781,0.7811,4.60,0.30
2008.03.26 09:35:38.156,0.781,0.7811,4.60,0.30
2008.03.26 09:35:38.455,0.781,0.78115,4.60,2.60
2008.03.26 09:35:38.743,0.781,0.78115,4.60,0.30
2008.03.26 09:35:39.031,0.781,0.78115,4.60,0.30
2008.03.26 09:35:39.319,0.781,0.78115,4.60,0.30
2008.03.26 09:35:39.632,0.781,0.78115,4.60,0.30
2008.03.26 09:35:39.945,0.781,0.78115,4.60,0.30
2008.03.26 09:35:40.256,0.781,0.78115,4.60,0.30
2008.03.26 09:35:40.515,0.781,0.78115,4.60,0.30
2008.03.26 09:35:40.774,0.78105,0.78115,0.40,0.30
2008.03.26 09:35:41.033,0.78105,0.7812,0.40,0.50
2008.03.26 09:35:41.292,0.78105,0.7812,0.40,0.30
2008.03.26 09:35:41.596,0.78105,0.7812,0.40,0.30
2008.03.26 09:35:41.914,0.781,0.78115,0.60,0.30
2008.03.26 09:35:42.219,0.781,0.78115,0.60,0.30
2008.03.26 09:35:42.478,0.781,0.7811,0.60,0.30
2008.03.26 09:35:42.737,0.781,0.7811,0.60,0.30
2008.03.26 09:35:42.996,0.781,0.7811,0.60,0.30
2008.03.26 09:35:43.257,0.781,0.78115,0.60,0.30
2008.03.26 09:35:43.552,0.781,0.78115,0.60,0.30
2008.03.26 09:35:43.849,0.78105,0.7812,0.60,0.30
2008.03.26 09:35:44.145,0.78105,0.7812,0.60,0.30
2008.03.26 09:35:44.439,0.78105,0.7812,4.40,0.30
2008.03.26 09:35:44.745,0.78105,0.7812,4.40,0.60
2008.03.26 09:35:45.056,0.78105,0.78115,0.40,0.30
2008.03.26 09:35:45.361,0.781,0.78115,4.60,0.30
2008.03.26 09:35:45.606,0.781,0.78115,0.60,0.30
2008.03.26 09:35:45.849,0.781,0.78115,0.60,0.30
2008.03.26 09:35:46.103,0.781,0.78115,0.60,0.30
2008.03.26 09:35:46.353,0.78105,0.78115,0.40,0.30
2008.03.26 09:35:46.654,0.78105,0.78115,0.40,0.30
2008.03.26 09:35:46.967,0.78105,0.78115,0.40,0.30
2008.03.26 09:35:47.280,0.78105,0.78115,0.40,0.30
2008.03.26 09:35:47.595,0.78105,0.78115,0.40,0.30
2008.03.26 09:35:47.864,0.781,0.78115,0.60,0.30
2008.03.26 09:35:48.134,0.78105,0.78115,0.40,0.30
2008.03.26 09:35:48.405,0.78105,0.78115,0.40,0.30
2008.03.26 09:35:48.650,0.78105,0.7812,0.60,0.30
2008.03.26 09:35:48.897,0.78105,0.7812,0.60,0.30
2008.03.26 09:35:49.142,0.78105,0.7812,0.60,0.30
2008.03.26 09:35:49.396,0.7811,0.78125,0.60,0.50
2008.03.26 09:35:49.738,0.7811,0.78125,0.60,0.50
2008.03.26 09:35:50.068,0.7811,0.78125,0.60,0.30
2008.03.26 09:35:50.400,0.78105,0.7812,9.20,0.30
2008.03.26 09:35:50.621,0.78105,0.7812,4.40,0.30
2008.03.26 09:35:50.841,0.78105,0.78115,4.40,0.30
2008.03.26 09:35:51.061,0.78105,0.78115,0.60,0.30
2008.03.26 09:35:51.279,0.78105,0.78115,0.60,0.30
2008.03.26 09:35:51.499,0.78105,0.78115,0.60,0.30
2008.03.26 09:35:51.835,0.78105,0.78115,0.40,0.30
2008.03.26 09:35:52.173,0.78105,0.78115,0.40,0.30
2008.03.26 09:35:52.507,0.78105,0.78115,0.40,0.30
2008.03.26 09:35:52.736,0.78105,0.78115,0.40,0.30
2008.03.26 09:35:52.966,0.78105,0.7812,4.30,0.30
2008.03.26 09:35:53.195,0.78105,0.7812,4.30,0.30
2008.03.26 09:35:53.426,0.78105,0.7812,4.30,0.30
2008.03.26 09:35:53.655,0.78105,0.78115,0.40,0.30
2008.03.26 09:35:53.989,0.78105,0.78115,0.40,0.30
2008.03.26 09:35:54.322,0.78105,0.78115,0.40,0.30
2008.03.26 09:35:54.658,0.78105,0.78115,0.40,0.30
2008.03.26 09:35:54.923,0.781,0.78115,4.60,0.30
2008.03.26 09:35:55.187,0.781,0.78115,4.60,0.30
2008.03.26 09:35:55.452,0.78105,0.78115,0.40,0.30
2008.03.26 09:35:55.730,0.78105,0.78115,0.40,0.30
2008.03.26 09:35:56.020,0.78105,0.78115,0.40,0.30
2008.03.26 09:35:56.291,0.78105,0.7812,0.40,0.60
2008.03.26 09:35:56.584,0.78105,0.7812,2.80,0.60
2008.03.26 09:35:56.853,0.7811,0.7812,0.20,0.60
2008.03.26 09:35:57.124,0.7811,0.7812,0.20,0.60
2008.03.26 09:35:57.394,0.7811,0.7812,0.20,0.60
2008.03.26 09:35:57.663,0.7811,0.7812,0.20,0.60
2008.03.26 09:35:57.972,0.78105,0.7812,2.80,0.30
2008.03.26 09:35:58.281,0.78105,0.7812,2.80,0.30
2008.03.26 09:35:58.592,0.78105,0.7812,7.60,0.30
2008.03.26 09:35:58.868,0.78105,0.7812,7.60,0.30
2008.03.26 09:35:59.142,0.7811,0.7812,0.20,0.30
2008.03.26 09:35:59.419,0.78105,0.7812,1.20,0.60
2008.03.26 09:35:59.692,0.78105,0.7812,6.80,0.60
2008.03.26 09:35:59.988,0.78105,0.7812,2.80,0.60
2008.03.26 09:36:00.284,0.78105,0.7812,2.80,0.60
2008.03.26 09:36:00.577,0.78105,0.7812,2.80,0.60
2008.03.26 09:36:00.835,0.78105,0.7812,2.80,0.60
2008.03.26 09:36:01.093,0.78105,0.7812,2.80,0.60
2008.03.26 09:36:01.364,0.7811,0.7812,0.40,0.60
2008.03.26 09:36:01.624,0.7811,0.7812,0.60,0.30
2008.03.26 09:36:01.919,0.7811,0.7812,0.60,0.30
2008.03.26 09:36:02.212,0.7811,0.7812,0.60,0.30
2008.03.26 09:36:02.507,0.7811,0.7812,0.60,0.30
2008.03.26 09:36:02.811,0.7811,0.78125,0.40,0.50
2008.03.26 09:36:03.075,0.7811,0.78125,0.40,0.50
2008.03.26 09:36:03.348,0.7811,0.78125,0.40,0.50
2008.03.26 09:36:03.621,0.7811,0.78125,0.40,0.50
2008.03.26 09:36:03.906,0.7811,0.78125,0.40,0.50
2008.03.26 09:36:04.191,0.7811,0.78125,0.40,0.50
2008.03.26 09:36:04.476,0.7811,0.78125,0.60,0.50
2008.03.26 09:36:04.760,0.7811,0.78125,0.60,0.50
2008.03.26 09:36:05.029,0.7811,0.7812,0.40,0.30
2008.03.26 09:36:05.298,0.7811,0.7812,0.40,0.60
2008.03.26 09:36:05.568,0.7811,0.7812,0.20,0.30
2008.03.26 09:36:05.838,0.7811,0.7812,0.20,0.30
2008.03.26 09:36:06.150,0.7811,0.7812,0.20,0.30
2008.03.26 09:36:06.438,0.7811,0.7812,0.20,0.30
2008.03.26 09:36:06.736,0.7811,0.7812,0.60,0.30
2008.03.26 09:36:06.996,0.7811,0.7812,0.60,0.30
2008.03.26 09:36:07.255,0.7811,0.7812,0.60,0.30
2008.03.26 09:36:07.514,0.7811,0.7812,0.60,0.30
2008.03.26 09:36:07.775,0.7811,0.7812,0.60,0.30
2008.03.26 09:36:08.085,0.7811,0.7812,0.20,0.60
2008.03.26 09:36:08.396,0.7811,0.7812,0.20,0.60
2008.03.26 09:36:08.707,0.78105,0.7812,2.80,0.60
2008.03.26 09:36:08.975,0.78105,0.7812,2.80,0.60
2008.03.26 09:36:09.244,0.78105,0.7812,2.80,0.60
2008.03.26 09:36:09.512,0.78105,0.7812,2.80,0.60
2008.03.26 09:36:09.781,0.78105,0.7812,2.80,0.60
2008.03.26 09:36:10.081,0.78105,0.7812,2.80,0.60
2008.03.26 09:36:10.381,0.78105,0.7812,2.80,0.60
2008.03.26 09:36:10.681,0.781,0.78115,4.60,0.30
2008.03.26 09:36:10.931,0.78105,0.78115,0.40,0.30
2008.03.26 09:36:11.181,0.78105,0.78115,0.40,0.30
2008.03.26 09:36:11.430,0.78105,0.78115,0.40,0.30
2008.03.26 09:36:11.690,0.78105,0.78115,0.40,0.30
2008.03.26 09:36:11.981,0.78105,0.78115,2.70,0.30
2008.03.26 09:36:12.260,0.78105,0.78115,2.70,0.30
2008.03.26 09:36:12.539,0.78105,0.78115,2.70,0.30
2008.03.26 09:36:12.818,0.78105,0.78115,2.40,0.30
2008.03.26 09:36:13.102,0.78105,0.78115,6.40,0.30
2008.03.26 09:36:13.386,0.781,0.78115,4.60,0.30
2008.03.26 09:36:13.671,0.781,0.78115,4.60,0.30
2008.03.26 09:36:13.956,0.781,0.78115,4.60,0.30
2008.03.26 09:36:14.266,0.781,0.78115,4.60,0.30
2008.03.26 09:36:14.576,0.78105,0.78115,2.40,0.30
2008.03.26 09:36:14.885,0.78105,0.78115,2.40,0.30
2008.03.26 09:36:15.146,0.781,0.78115,4.60,0.30
2008.03.26 09:36:15.406,0.781,0.7811,4.60,0.30
2008.03.26 09:36:15.666,0.781,0.7811,0.60,0.30
2008.03.26 09:36:15.927,0.781,0.7811,0.40,0.30
2008.03.26 09:36:16.218,0.78095,0.7811,11.60,0.60
2008.03.26 09:36:16.507,0.78095,0.7811,11.60,0.60
2008.03.26 09:36:16.797,0.781,0.7811,0.60,0.30
2008.03.26 09:36:17.052,0.781,0.7811,0.60,0.30
2008.03.26 09:36:17.307,0.781,0.7811,0.60,0.30
2008.03.26 09:36:17.563,0.781,0.7811,0.60,0.30
2008.03.26 09:36:17.826,0.781,0.7811,0.60,0.30
2008.03.26 09:36:18.096,0.781,0.7811,0.60,0.30
2008.03.26 09:36:18.369,0.781,0.7811,0.60,0.30
2008.03.26 09:36:18.638,0.781,0.7811,0.60,0.30
2008.03.26 09:36:18.916,0.781,0.7811,0.60,0.30
2008.03.26 09:36:19.248,0.781,0.7811,0.60,0.30
2008.03.26 09:36:19.581,0.781,0.7811,0.60,0.30
2008.03.26 09:36:19.903,0.781,0.7811,4.60,0.30
2008.03.26 09:36:20.154,0.781,0.7811,4.60,0.30
2008.03.26 09:36:20.403,0.781,0.7811,0.60,0.30
2008.03.26 09:36:20.654,0.781,0.78115,4.60,0.30
2008.03.26 09:36:20.907,0.781,0.78115,4.40,0.30
2008.03.26 09:36:21.182,0.781,0.78115,4.60,0.30
2008.03.26 09:36:21.456,0.781,0.78115,4.60,0.30
2008.03.26 09:36:21.729,0.781,0.78115,4.60,0.30
2008.03.26 09:36:22.005,0.78105,0.78115,3.20,0.30
2008.03.26 09:36:22.290,0.78105,0.78115,3.20,0.30
2008.03.26 09:36:22.576,0.78105,0.78115,1.90,0.30
2008.03.26 09:36:22.860,0.78105,0.78115,1.60,0.30
2008.03.26 09:36:23.143,0.78105,0.78115,1.60,0.30
2008.03.26 09:36:23.438,0.781,0.78115,4.30,0.30
2008.03.26 09:36:23.734,0.781,0.78115,4.30,0.30
2008.03.26 09:36:24.041,0.78105,0.78115,6.40,0.30
2008.03.26 09:36:24.324,0.78105,0.7812,10.50,1.00
2008.03.26 09:36:24.606,0.78105,0.7812,4.10,0.60
2008.03.26 09:36:24.887,0.78105,0.7812,0.20,0.60
2008.03.26 09:36:25.169,0.78105,0.7812,0.20,0.60
2008.03.26 09:36:25.467,0.78115,0.7812,2.40,0.30
2008.03.26 09:36:25.765,0.78115,0.78125,2.40,1.80
2008.03.26 09:36:26.065,0.78115,0.78125,2.40,0.30
2008.03.26 09:36:26.304,0.78115,0.78125,2.40,0.30
2008.03.26 09:36:26.543,0.78115,0.78125,2.40,0.30
2008.03.26 09:36:26.782,0.78115,0.78125,2.40,0.30
2008.03.26 09:36:27.023,0.78115,0.7813,2.40,0.60
2008.03.26 09:36:27.349,0.78115,0.7813,2.50,0.30
2008.03.26 09:36:27.684,0.78115,0.7813,2.50,0.30
2008.03.26 09:36:28.010,0.78115,0.7813,0.20,0.60
2008.03.26 09:36:28.258,0.78115,0.7813,0.20,0.60
2008.03.26 09:36:28.519,0.7812,0.7813,0.20,0.30
2008.03.26 09:36:28.778,0.7812,0.7813,0.20,0.30
2008.03.26 09:36:29.041,0.78115,0.7812,0.20,0.30
2008.03.26 09:36:29.361,0.7811,0.7812,0.40,0.30
2008.03.26 09:36:29.681,0.7811,0.7812,0.20,0.30
2008.03.26 09:36:30.003,0.7811,0.78125,0.40,5.00
2008.03.26 09:36:30.323,0.7811,0.78125,0.40,5.00
2008.03.26 09:36:30.598,0.7811,0.7812,0.40,0.30
2008.03.26 09:36:30.872,0.7811,0.7812,0.40,0.30
2008.03.26 09:36:31.146,0.7811,0.7812,0.40,0.30
2008.03.26 09:36:31.409,0.7811,0.7812,0.40,0.30
2008.03.26 09:36:31.673,0.7811,0.7812,0.40,0.30
2008.03.26 09:36:31.938,0.7811,0.7812,0.40,0.30
2008.03.26 09:36:32.215,0.7811,0.7812,0.40,0.60
2008.03.26 09:36:32.532,0.7811,0.7812,0.20,0.60
2008.03.26 09:36:32.847,0.7811,0.7812,0.20,0.60
2008.03.26 09:36:33.164,0.7811,0.7812,0.20,1.20
2008.03.26 09:36:33.399,0.7811,0.7812,0.20,1.20
2008.03.26 09:36:33.633,0.7811,0.7812,0.20,1.20
2008.03.26 09:36:33.870,0.7811,0.7812,0.20,1.20
2008.03.26 09:36:34.116,0.7811,0.7812,0.20,1.20
2008.03.26 09:36:34.348,0.7811,0.7812,0.20,1.20
2008.03.26 09:36:34.684,0.7811,0.7812,0.20,0.30
2008.03.26 09:36:35.028,0.7811,0.7812,0.20,0.30
2008.03.26 09:36:35.367,0.7811,0.7812,0.20,0.30
2008.03.26 09:36:35.607,0.7811,0.7812,0.20,0.30
2008.03.26 09:36:35.846,0.7811,0.7812,0.20,0.30
2008.03.26 09:36:36.084,0.7811,0.7812,0.20,0.30
2008.03.26 09:36:36.323,0.7811,0.7812,0.20,0.30
2008.03.26 09:36:36.654,0.7811,0.7812,0.20,0.30
2008.03.26 09:36:36.984,0.7811,0.7812,0.20,0.30
2008.03.26 09:36:37.314,0.7811,0.78125,0.60,0.30
2008.03.26 09:36:37.549,0.78115,0.78125,2.40,0.30
2008.03.26 09:36:37.784,0.78115,0.78125,2.40,0.30
2008.03.26 09:36:38.020,0.78115,0.78125,2.40,0.30
2008.03.26 09:36:38.255,0.78115,0.78125,2.40,0.30
2008.03.26 09:36:38.574,0.78115,0.78125,2.40,0.30
2008.03.26 09:36:38.893,0.78115,0.78125,2.40,0.30
2008.03.26 09:36:39.223,0.78115,0.78125,2.40,0.30
2008.03.26 09:36:39.486,0.78115,0.78125,2.40,0.30
2008.03.26 09:36:39.759,0.78115,0.78125,2.40,0.30
2008.03.26 09:36:40.034,0.78115,0.78125,2.40,0.30
2008.03.26 09:36:40.309,0.78115,0.78125,2.40,0.30
2008.03.26 09:36:40.583,0.78115,0.7813,2.50,0.60
2008.03.26 09:36:40.848,0.7812,0.7813,0.20,1.20
2008.03.26 09:36:41.114,0.78115,0.7813,2.50,1.20
2008.03.26 09:36:41.377,0.78115,0.7813,2.50,1.20
2008.03.26 09:36:41.641,0.78115,0.7813,2.50,1.20
2008.03.26 09:36:41.936,0.78115,0.7813,2.50,1.20
2008.03.26 09:36:42.231,0.78115,0.7813,2.50,0.60
2008.03.26 09:36:42.527,0.7812,0.7813,0.20,0.60
2008.03.26 09:36:42.817,0.7812,0.7813,0.20,0.60
2008.03.26 09:36:43.106,0.78115,0.78125,2.40,0.30
2008.03.26 09:36:43.395,0.7811,0.78125,4.30,0.30
2008.03.26 09:36:43.685,0.7811,0.78125,0.40,0.30
2008.03.26 09:36:43.929,0.7811,0.78125,0.40,0.30
2008.03.26 09:36:44.174,0.7811,0.78125,0.40,0.30
2008.03.26 09:36:44.419,0.7811,0.78125,0.40,0.30
2008.03.26 09:36:44.675,0.7811,0.78125,0.40,0.30
2008.03.26 09:36:44.998,0.7811,0.78125,0.40,0.30
2008.03.26 09:36:45.332,0.7811,0.78125,0.40,0.30
2008.03.26 09:36:45.665,0.7811,0.78125,0.40,0.30
2008.03.26 09:36:45.904,0.7811,0.78125,0.40,0.30
2008.03.26 09:36:46.145,0.78115,0.78125,2.40,0.30
2008.03.26 09:36:46.385,0.78115,0.78125,2.40,0.30
2008.03.26 09:36:46.624,0.78115,0.78125,2.40,0.30
2008.03.26 09:36:46.958,0.78115,0.78125,2.40,0.30
2008.03.26 09:36:47.294,0.78115,0.78125,2.40,0.30
2008.03.26 09:36:47.628,0.78115,0.7813,3.20,1.00
2008.03.26 09:36:47.892,0.78115,0.7813,2.40,0.30
2008.03.26 09:36:48.156,0.78115,0.7813,4.80,0.30
2008.03.26 09:36:48.420,0.78115,0.7813,2.40,0.30
2008.03.26 09:36:48.686,0.78115,0.7813,2.40,0.30
2008.03.26 09:36:48.994,0.78115,0.7813,2.40,0.30
2008.03.26 09:36:49.303,0.78115,0.7813,2.40,0.30
2008.03.26 09:36:49.610,0.78115,0.7813,2.40,0.30
2008.03.26 09:36:49.884,0.78115,0.7813,2.40,0.30
2008.03.26 09:36:50.159,0.78115,0.7813,2.40,0.30
2008.03.26 09:36:50.433,0.78115,0.7813,2.40,0.30
2008.03.26 09:36:50.707,0.78115,0.7813,2.40,0.30
2008.03.26 09:36:50.950,0.78115,0.7813,2.40,0.30
2008.03.26 09:36:52.357,0.78115,0.7813,2.40,0.30
2008.03.26 09:36:52.461,0.78115,0.7813,2.40,0.30
2008.03.26 09:36:52.575,0.78115,0.7813,2.40,0.30
2008.03.26 09:36:52.701,0.78115,0.7813,2.40,0.30
2008.03.26 09:36:52.826,0.78115,0.7813,2.40,0.30
2008.03.26 09:36:52.931,0.78115,0.7813,2.40,0.30
2008.03.26 09:36:53.047,0.78115,0.7813,2.40,0.30
2008.03.26 09:36:53.170,0.78115,0.7813,2.40,0.30
2008.03.26 09:36:53.291,0.78115,0.7813,2.40,0.30
2008.03.26 09:36:53.408,0.78115,0.7813,2.40,0.30
2008.03.26 09:36:53.743,0.7812,0.78135,0.20,2.40
2008.03.26 09:36:54.077,0.7812,0.78135,0.20,2.40
2008.03.26 09:36:54.412,0.7812,0.78135,0.20,2.40
2008.03.26 09:36:54.661,0.7812,0.78135,0.20,2.40
2008.03.26 09:36:54.927,0.7812,0.78135,0.20,2.40
2008.03.26 09:36:55.193,0.7812,0.78135,0.20,2.40
2008.03.26 09:36:55.455,0.7812,0.78135,0.20,2.40
2008.03.26 09:36:55.761,0.7812,0.7814,0.20,5.00
2008.03.26 09:36:56.070,0.7812,0.7814,0.20,5.00
2008.03.26 09:36:56.378,0.7812,0.7814,0.60,5.00
2008.03.26 09:36:56.689,0.7812,0.7814,0.60,5.00
2008.03.26 09:36:56.977,0.7812,0.7814,4.40,1.00
2008.03.26 09:36:57.266,0.7813,0.7814,0.20,1.00
2008.03.26 09:36:57.555,0.7813,0.7814,0.20,1.00
2008.03.26 09:36:57.799,0.7813,0.7814,0.20,1.00
2008.03.26 09:36:58.043,0.7813,0.7814,0.20,1.00
2008.03.26 09:36:58.287,0.7813,0.7814,0.20,1.00
2008.03.26 09:36:58.532,0.7813,0.7814,0.20,1.00
2008.03.26 09:36:58.776,0.7813,0.7814,0.20,0.30
2008.03.26 09:36:59.111,0.7813,0.78145,0.20,6.40
2008.03.26 09:36:59.446,0.7813,0.78145,0.20,2.40
2008.03.26 09:36:59.780,0.7813,0.7815,0.20,0.30
2008.03.26 09:37:00.045,0.7813,0.7815,0.20,4.20
2008.03.26 09:37:00.308,0.7813,0.7815,0.20,4.20
2008.03.26 09:37:00.573,0.7813,0.7815,0.20,0.30
2008.03.26 09:37:00.857,0.7813,0.7815,0.20,0.30
2008.03.26 09:37:01.140,0.7813,0.7815,0.20,0.30
2008.03.26 09:37:01.423,0.7813,0.7815,0.20,0.30
2008.03.26 09:37:01.707,0.7813,0.7815,0.20,0.30
2008.03.26 09:37:01.986,0.7813,0.7815,4.10,0.30
2008.03.26 09:37:02.265,0.7813,0.7815,4.10,0.30
2008.03.26 09:37:03.418,0.7813,0.7815,4.10,0.30
2008.03.26 09:37:03.554,0.7813,0.7815,4.10,0.30
2008.03.26 09:37:03.681,0.7813,0.7815,4.10,0.30
2008.03.26 09:37:03.799,0.7813,0.7815,4.10,0.30
2008.03.26 09:37:03.919,0.7813,0.7815,0.20,4.20
2008.03.26 09:37:04.043,0.7813,0.7815,0.20,4.20
2008.03.26 09:37:04.163,0.7813,0.7815,0.20,4.20
2008.03.26 09:37:04.291,0.7813,0.7815,0.20,4.20
2008.03.26 09:37:04.411,0.7813,0.7815,0.20,4.20
2008.03.26 09:37:04.747,0.78125,0.7815,9.90,0.30
2008.03.26 09:37:05.083,0.7813,0.7815,0.20,5.20
2008.03.26 09:37:05.417,0.7813,0.7814,0.20,0.30
2008.03.26 09:37:05.751,0.7813,0.78145,0.20,2.40
2008.03.26 09:37:05.996,0.7813,0.7815,0.20,5.20
2008.03.26 09:37:06.241,0.7813,0.7815,0.20,5.20
2008.03.26 09:37:06.484,0.7813,0.7815,0.20,5.00
2008.03.26 09:37:06.819,0.7813,0.7815,0.20,0.30
2008.03.26 09:37:07.158,0.7813,0.7815,0.20,0.30
2008.03.26 09:37:07.491,0.7813,0.7815,0.20,0.30
2008.03.26 09:37:07.735,0.7813,0.7815,0.20,0.30
2008.03.26 09:37:07.980,0.7813,0.7815,0.20,0.30
2008.03.26 09:37:08.222,0.7813,0.7815,0.20,0.30
2008.03.26 09:37:08.466,0.7813,0.7815,0.20,0.30
2008.03.26 09:37:08.773,0.7813,0.7815,0.20,0.30
2008.03.26 09:37:09.083,0.7813,0.7815,0.20,0.30
2008.03.26 09:37:09.391,0.7813,0.7815,0.20,0.30
2008.03.26 09:37:09.702,0.7813,0.7815,0.20,0.30
2008.03.26 09:37:09.981,0.7813,0.7815,0.20,0.30
2008.03.26 09:37:10.260,0.7813,0.7815,0.20,0.30
2008.03.26 09:37:10.541,0.7813,0.7815,0.20,0.30
2008.03.26 09:37:10.824,0.7813,0.7815,0.20,0.30
2008.03.26 09:37:11.099,0.7813,0.7815,0.20,0.30
2008.03.26 09:37:11.351,0.7813,0.7815,0.20,0.30
2008.03.26 09:37:11.616,0.7813,0.7814,0.20,0.30
2008.03.26 09:37:11.891,0.7813,0.7814,0.20,0.30
2008.03.26 09:37:12.166,0.7813,0.7814,0.20,0.30
2008.03.26 09:37:12.439,0.7813,0.7814,0.20,0.30
2008.03.26 09:37:12.714,0.7813,0.7815,0.60,0.30
2008.03.26 09:37:12.986,0.7813,0.7815,0.20,0.30
2008.03.26 09:37:13.254,0.7813,0.7815,0.60,0.30
2008.03.26 09:37:13.524,0.78135,0.7815,4.80,0.30
2008.03.26 09:37:13.793,0.7814,0.7815,0.20,0.30
2008.03.26 09:37:14.114,0.7814,0.7815,0.20,0.30
2008.03.26 09:37:14.444,0.7814,0.7815,0.20,0.30
2008.03.26 09:37:14.763,0.7814,0.7815,0.20,0.30
2008.03.26 09:37:15.081,0.7814,0.7815,0.20,0.30
2008.03.26 09:37:15.354,0.7814,0.7815,0.20,0.30
2008.03.26 09:37:15.618,0.7814,0.7815,0.20,0.30
2008.03.26 09:37:15.883,0.7814,0.7815,0.20,0.30
2008.03.26 09:37:16.141,0.7814,0.7815,0.20,0.30
2008.03.26 09:37:16.401,0.7814,0.7815,0.20,0.30
2008.03.26 09:37:16.660,0.7814,0.7815,0.20,0.30
2008.03.26 09:37:16.919,0.7814,0.7815,0.20,0.30
2008.03.26 09:37:17.198,0.7813,0.7815,0.90,0.30
2008.03.26 09:37:17.477,0.7813,0.7815,0.90,0.30
2008.03.26 09:37:17.755,0.7813,0.7815,0.20,0.30
2008.03.26 09:37:18.036,0.7813,0.7815,0.20,0.30
2008.03.26 09:37:18.321,0.78125,0.7815,8.30,0.50
2008.03.26 09:37:18.604,0.78125,0.7815,8.30,0.50
2008.03.26 09:37:18.889,0.78125,0.7815,8.30,0.50
2008.03.26 09:37:19.162,0.78125,0.7815,7.20,1.20
2008.03.26 09:37:19.512,0.78125,0.7815,7.50,1.20
2008.03.26 09:37:19.814,0.78125,0.7815,7.50,1.20
2008.03.26 09:37:20.131,0.78125,0.7815,7.50,1.20
2008.03.26 09:37:20.349,0.78125,0.7815,7.50,1.20
2008.03.26 09:37:20.568,0.78125,0.7815,7.50,1.20
2008.03.26 09:37:20.786,0.78125,0.7815,7.50,1.20
2008.03.26 09:37:21.006,0.7813,0.7815,0.20,1.20
2008.03.26 09:37:21.225,0.7813,0.7815,0.20,1.20
2008.03.26 09:37:21.553,0.7813,0.7815,0.20,1.20
2008.03.26 09:37:21.884,0.7813,0.7815,0.20,1.00
2008.03.26 09:37:22.212,0.7813,0.7815,0.20,1.00
2008.03.26 09:37:22.451,0.7813,0.7815,0.20,1.20
2008.03.26 09:37:22.691,0.7813,0.7815,0.20,1.20
2008.03.26 09:37:22.930,0.7813,0.7815,0.20,1.20
2008.03.26 09:37:23.168,0.7813,0.7815,0.20,1.20
2008.03.26 09:37:23.459,0.7813,0.7814,0.20,0.30
2008.03.26 09:37:23.748,0.7813,0.7814,0.20,0.30
2008.03.26 09:37:24.037,0.78125,0.7814,9.60,0.30
2008.03.26 09:37:24.335,0.78125,0.7814,9.60,0.30
2008.03.26 09:37:24.633,0.78125,0.7814,9.60,0.30
2008.03.26 09:37:24.933,0.78125,0.7814,9.60,0.30
2008.03.26 09:37:25.231,0.78125,0.7814,8.80,0.30
2008.03.26 09:37:25.491,0.7813,0.7814,0.20,0.30
2008.03.26 09:37:25.751,0.7813,0.7814,0.20,0.30
2008.03.26 09:37:26.010,0.7813,0.7814,0.20,0.30
2008.03.26 09:37:26.268,0.7813,0.7814,0.20,0.30
2008.03.26 09:37:26.546,0.7813,0.7814,0.20,0.30
2008.03.26 09:37:26.826,0.7813,0.7814,0.20,0.30
2008.03.26 09:37:27.104,0.7813,0.7814,0.20,0.30
2008.03.26 09:37:27.398,0.7813,0.7814,0.20,0.30
2008.03.26 09:37:27.692,0.7813,0.7814,0.20,0.30
2008.03.26 09:37:27.986,0.7813,0.7814,0.20,0.30
2008.03.26 09:37:28.280,0.7813,0.7814,0.20,0.30
2008.03.26 09:37:28.550,0.7813,0.7814,0.20,0.30
2008.03.26 09:37:28.820,0.7813,0.7814,0.20,0.30
2008.03.26 09:37:29.088,0.7813,0.7814,0.20,0.30
2008.03.26 09:37:29.357,0.7813,0.7814,0.20,0.30
2008.03.26 09:37:29.670,0.7813,0.7814,0.20,0.30
2008.03.26 09:37:29.985,0.7813,0.78145,0.20,4.00
2008.03.26 09:37:30.299,0.7813,0.78145,0.20,1.60
2008.03.26 09:37:30.558,0.7813,0.78145,0.20,4.00
2008.03.26 09:37:30.817,0.7813,0.78145,0.20,4.00
2008.03.26 09:37:31.077,0.7813,0.78145,0.20,2.40
2008.03.26 09:37:31.336,0.7813,0.78145,0.20,2.40
2008.03.26 09:37:31.636,0.7813,0.78145,0.20,2.40
2008.03.26 09:37:31.936,0.7813,0.78145,0.60,2.40
2008.03.26 09:37:32.235,0.7813,0.7815,0.60,0.30
2008.03.26 09:37:32.529,0.7813,0.7815,0.20,0.30
2008.03.26 09:37:32.823,0.7813,0.7815,0.20,0.30
2008.03.26 09:37:33.117,0.7813,0.7815,0.60,0.30
2008.03.26 09:37:33.412,0.7813,0.7815,0.20,0.30
2008.03.26 09:37:33.672,0.7813,0.7815,0.20,4.20
2008.03.26 09:37:33.921,0.7813,0.7815,0.20,4.20
2008.03.26 09:37:34.169,0.7813,0.7815,0.20,0.30
2008.03.26 09:37:34.418,0.7813,0.7815,0.20,0.30
2008.03.26 09:37:34.753,0.7813,0.7815,0.20,0.30
2008.03.26 09:37:35.087,0.7813,0.7815,0.20,0.30
2008.03.26 09:37:35.420,0.7813,0.7815,0.20,0.30
2008.03.26 09:37:35.663,0.7813,0.7815,0.20,0.30
2008.03.26 09:37:35.907,0.7813,0.7815,0.20,0.30
2008.03.26 09:37:36.152,0.7813,0.7815,0.20,0.30
2008.03.26 09:37:36.398,0.7813,0.7815,0.20,0.30
2008.03.26 09:37:36.731,0.7813,0.7815,0.20,4.20
2008.03.26 09:37:37.065,0.7813,0.7815,0.20,4.20
2008.03.26 09:37:37.400,0.7813,0.7815,0.20,4.20
2008.03.26 09:37:37.629,0.7813,0.7815,0.20,4.20
2008.03.26 09:37:37.859,0.7813,0.7815,0.20,4.20
2008.03.26 09:37:38.090,0.7813,0.7815,0.20,4.20
2008.03.26 09:37:38.330,0.7813,0.7815,0.20,4.20
2008.03.26 09:37:38.674,0.7813,0.7815,0.20,4.20
2008.03.26 09:37:39.018,0.7813,0.7815,0.60,4.20
2008.03.26 09:37:39.352,0.7813,0.7815,1.20,4.20
2008.03.26 09:37:39.613,0.7813,0.7815,0.90,0.30
2008.03.26 09:37:39.871,0.7813,0.7815,0.20,0.30
2008.03.26 09:37:40.130,0.7813,0.7815,0.60,4.20
2008.03.26 09:37:40.388,0.7813,0.7815,1.20,4.20
2008.03.26 09:37:40.668,0.7813,0.7815,1.20,4.20
2008.03.26 09:37:40.947,0.7814,0.7815,0.20,4.20
2008.03.26 09:37:41.226,0.7814,0.7815,0.20,0.30
2008.03.26 09:37:41.505,0.7814,0.7815,0.20,0.30
2008.03.26 09:37:41.784,0.7814,0.7815,0.20,0.30
2008.03.26 09:37:42.064,0.7814,0.7815,0.20,0.30
2008.03.26 09:37:42.343,0.7814,0.78155,0.20,4.00
2008.03.26 09:37:42.623,0.7814,0.7815,0.20,0.30
2008.03.26 09:37:42.893,0.7814,0.78155,0.20,1.60
2008.03.26 09:37:43.162,0.7814,0.78155,0.20,4.00
2008.03.26 09:37:43.431,0.7814,0.78155,0.20,4.00
2008.03.26 09:37:43.734,0.7814,0.78155,0.90,1.60
2008.03.26 09:37:44.033,0.7814,0.7816,0.90,5.00
2008.03.26 09:37:44.332,0.7814,0.78155,0.20,2.40
2008.03.26 09:37:44.632,0.7814,0.78155,0.20,2.40
2008.03.26 09:37:44.926,0.7814,0.78155,0.60,2.40
2008.03.26 09:37:45.221,0.7814,0.78165,0.60,10.40
2008.03.26 09:37:45.516,0.78145,0.7816,0.40,0.30
2008.03.26 09:37:45.780,0.7814,0.7816,0.60,0.30
2008.03.26 09:37:46.046,0.7814,0.78165,0.60,14.40
2008.03.26 09:37:46.310,0.7814,0.78165,0.60,2.40
2008.03.26 09:37:46.574,0.7814,0.78165,0.60,2.40
2008.03.26 09:37:46.883,0.7814,0.78165,0.60,2.40
2008.03.26 09:37:47.192,0.7814,0.7816,0.60,0.30
2008.03.26 09:37:47.502,0.7814,0.7816,0.20,0.30
2008.03.26 09:37:47.812,0.7814,0.7816,0.20,4.20
2008.03.26 09:37:48.066,0.7814,0.7816,0.20,4.20
2008.03.26 09:37:48.322,0.7814,0.7816,0.20,4.20
2008.03.26 09:37:48.576,0.7814,0.7816,0.20,0.30
2008.03.26 09:37:48.886,0.7814,0.7816,0.60,0.30
2008.03.26 09:37:49.193,0.7814,0.7816,4.40,0.30
2008.03.26 09:37:49.502,0.7814,0.7816,4.40,0.30
2008.03.26 09:37:49.812,0.7815,0.7816,0.20,0.30
2008.03.26 09:37:50.106,0.7815,0.7816,0.20,0.30
2008.03.26 09:37:50.400,0.7815,0.7816,0.20,0.30
2008.03.26 09:37:50.693,0.7815,0.78165,0.20,8.00
2008.03.26 09:37:50.969,0.7815,0.78165,0.20,8.00
2008.03.26 09:37:51.243,0.7815,0.78165,0.20,4.00
2008.03.26 09:37:51.516,0.7815,0.78165,0.20,4.00
2008.03.26 09:37:51.792,0.78155,0.7816,0.40,0.30
2008.03.26 09:37:52.066,0.78155,0.78165,2.70,1.60
2008.03.26 09:37:52.340,0.7816,0.78165,0.90,1.60
2008.03.26 09:37:52.614,0.7816,0.78165,1.20,1.60
2008.03.26 09:37:52.888,0.7817,0.78175,0.20,1.60
2008.03.26 09:37:53.178,0.78165,0.78175,5.10,1.60
2008.03.26 09:37:53.467,0.7817,0.78185,0.20,12.00
2008.03.26 09:37:53.757,0.7817,0.78185,0.60,1.60
2008.03.26 09:37:54.030,0.78175,0.78185,2.40,1.60
2008.03.26 09:37:54.306,0.78175,0.78185,0.80,1.60
2008.03.26 09:37:54.581,0.78175,0.78185,0.80,5.60
2008.03.26 09:37:54.856,0.7817,0.78185,0.20,4.00
2008.03.26 09:37:55.175,0.78175,0.78185,3.50,1.60
2008.03.26 09:37:55.495,0.7818,0.78195,0.20,5.60
2008.03.26 09:37:55.814,0.7818,0.78195,0.20,4.00
2008.03.26 09:37:56.067,0.7818,0.78195,0.20,4.00
2008.03.26 09:37:56.321,0.7818,0.78195,0.20,4.00
2008.03.26 09:37:56.589,0.7818,0.78195,0.20,6.40
2008.03.26 09:37:56.843,0.7818,0.78195,0.20,6.40
2008.03.26 09:37:57.147,0.7818,0.78195,4.10,4.00
2008.03.26 09:37:57.452,0.78175,0.78195,24.00,4.00
2008.03.26 09:37:57.756,0.78185,0.782,9.60,1.00
2008.03.26 09:37:58.040,0.78185,0.782,5.60,0.30
2008.03.26 09:37:58.325,0.7818,0.782,4.10,0.30
2008.03.26 09:37:58.609,0.78185,0.782,4.00,0.30
2008.03.26 09:37:58.893,0.7819,0.782,0.20,0.30
2008.03.26 09:37:59.167,0.7819,0.782,0.20,0.30
2008.03.26 09:37:59.441,0.7819,0.782,0.20,0.30
2008.03.26 09:37:59.715,0.7819,0.782,0.20,0.30
2008.03.26 09:38:00.045,0.7819,0.782,0.20,0.30
2008.03.26 09:38:00.375,0.7819,0.782,0.20,0.30
2008.03.26 09:38:00.705,0.7819,0.782,0.20,0.30
2008.03.26 09:38:01.033,0.7819,0.782,0.20,0.30
2008.03.26 09:38:01.272,0.7819,0.782,0.20,0.30
2008.03.26 09:38:01.511,0.7819,0.782,0.20,0.30
2008.03.26 09:38:01.751,0.78185,0.782,2.40,0.30
2008.03.26 09:38:02.060,0.78185,0.782,2.40,0.30
2008.03.26 09:38:02.369,0.78185,0.782,2.40,0.30
2008.03.26 09:38:02.678,0.78185,0.782,2.40,0.30
2008.03.26 09:38:02.987,0.78185,0.782,2.40,0.30
2008.03.26 09:38:03.251,0.78185,0.782,2.40,0.30
2008.03.26 09:38:03.515,0.78185,0.782,2.40,0.30
2008.03.26 09:38:03.779,0.7818,0.782,0.20,0.30
2008.03.26 09:38:04.089,0.7818,0.782,0.20,0.50
2008.03.26 09:38:04.397,0.7818,0.78195,0.20,0.20
2008.03.26 09:38:04.708,0.7818,0.7819,0.20,0.30
2008.03.26 09:38:05.017,0.7818,0.7819,0.20,0.30
2008.03.26 09:38:05.307,0.78175,0.7819,0.70,0.30
2008.03.26 09:38:05.596,0.78175,0.7819,0.70,0.30
2008.03.26 09:38:05.885,0.7818,0.7819,0.20,0.30
2008.03.26 09:38:06.135,0.7818,0.7819,0.20,0.30
2008.03.26 09:38:06.384,0.7818,0.7819,0.20,0.30
2008.03.26 09:38:06.633,0.7818,0.7819,0.20,0.30
2008.03.26 09:38:06.882,0.7818,0.7819,0.20,0.30
2008.03.26 09:38:07.131,0.7818,0.7819,0.20,0.30
2008.03.26 09:38:07.455,0.7818,0.7819,0.20,0.30
2008.03.26 09:38:07.779,0.7818,0.7819,0.20,0.30
2008.03.26 09:38:08.103,0.7818,0.7819,0.20,0.30
2008.03.26 09:38:08.361,0.7818,0.7819,0.20,0.30
2008.03.26 09:38:08.620,0.7818,0.7819,0.20,0.30
2008.03.26 09:38:08.889,0.7818,0.7819,0.20,0.30
2008.03.26 09:38:09.150,0.7818,0.7819,0.20,0.30
2008.03.26 09:38:09.469,0.7818,0.7819,0.20,0.30
2008.03.26 09:38:09.778,0.7818,0.7819,0.20,0.30
2008.03.26 09:38:10.086,0.7818,0.7819,0.20,0.30
2008.03.26 09:38:10.380,0.7818,0.7819,0.20,0.30
2008.03.26 09:38:10.673,0.7818,0.7819,0.20,0.30
2008.03.26 09:38:10.968,0.7818,0.7819,0.20,0.30
2008.03.26 09:38:11.217,0.7818,0.7819,0.20,0.30
2008.03.26 09:38:11.467,0.7818,0.7819,0.20,0.30
2008.03.26 09:38:11.717,0.7818,0.7819,0.20,0.30
2008.03.26 09:38:11.969,0.7818,0.7819,0.20,0.30
2008.03.26 09:38:12.292,0.7818,0.7819,0.20,0.30
2008.03.26 09:38:12.616,0.7818,0.7819,0.20,0.30
2008.03.26 09:38:12.940,0.7818,0.7819,0.20,0.30
2008.03.26 09:38:13.264,0.7818,0.7819,0.20,0.30
2008.03.26 09:38:13.511,0.7818,0.78195,0.20,4.00
2008.03.26 09:38:13.761,0.7818,0.78195,0.90,4.00
2008.03.26 09:38:14.011,0.7818,0.78195,0.90,4.00
2008.03.26 09:38:14.260,0.7818,0.78195,0.90,4.00
2008.03.26 09:38:14.589,0.7818,0.78195,1.20,4.00
2008.03.26 09:38:14.920,0.7819,0.78195,0.20,1.60
2008.03.26 09:38:15.249,0.7819,0.782,0.20,0.30
2008.03.26 09:38:15.483,0.7819,0.782,0.20,0.30
2008.03.26 09:38:15.716,0.7819,0.782,0.20,0.30
2008.03.26 09:38:15.950,0.7819,0.782,0.20,0.30
2008.03.26 09:38:16.184,0.7819,0.782,0.20,0.30
2008.03.26 09:38:16.518,0.7819,0.782,0.20,0.30
2008.03.26 09:38:16.851,0.7819,0.782,0.20,0.30
2008.03.26 09:38:17.185,0.7819,0.782,0.20,0.30
2008.03.26 09:38:17.429,0.7819,0.782,0.20,0.30
2008.03.26 09:38:17.674,0.7819,0.782,0.20,0.30
2008.03.26 09:38:17.918,0.7819,0.782,0.20,0.30
2008.03.26 09:38:18.162,0.7819,0.782,0.20,0.30
2008.03.26 09:38:18.481,0.7819,0.782,0.20,0.30
2008.03.26 09:38:18.801,0.7819,0.782,0.20,0.30
2008.03.26 09:38:19.120,0.7819,0.782,0.20,0.30
2008.03.26 09:38:19.415,0.7819,0.782,0.20,0.30
2008.03.26 09:38:19.708,0.7819,0.782,0.20,0.30
2008.03.26 09:38:20.001,0.7819,0.782,0.20,0.30
2008.03.26 09:38:20.297,0.7819,0.782,0.20,0.30
2008.03.26 09:38:20.560,0.7819,0.782,0.20,0.30
2008.03.26 09:38:20.826,0.7819,0.782,0.20,0.30
2008.03.26 09:38:21.089,0.7819,0.782,0.20,0.30
2008.03.26 09:38:21.352,0.7819,0.782,0.20,0.30
2008.03.26 09:38:21.640,0.7819,0.782,0.20,0.30
2008.03.26 09:38:21.928,0.7819,0.782,0.20,0.30
2008.03.26 09:38:22.218,0.78185,0.78195,2.40,2.40
2008.03.26 09:38:22.483,0.7818,0.78195,0.20,4.00
2008.03.26 09:38:22.748,0.7818,0.7819,0.20,0.30
2008.03.26 09:38:23.012,0.7818,0.7819,0.20,0.30
2008.03.26 09:38:23.278,0.7818,0.7819,0.20,0.30
2008.03.26 09:38:23.580,0.7818,0.7819,0.20,0.30
2008.03.26 09:38:23.885,0.7818,0.7819,0.20,0.30
2008.03.26 09:38:24.188,0.7818,0.7819,0.20,0.30
2008.03.26 09:38:24.463,0.7818,0.7819,0.20,0.30
2008.03.26 09:38:24.745,0.7818,0.7819,0.20,0.30
2008.03.26 09:38:25.029,0.7818,0.7819,0.20,0.30
2008.03.26 09:38:25.292,0.7818,0.7819,0.20,0.30
2008.03.26 09:38:25.566,0.7818,0.7819,0.20,0.30
2008.03.26 09:38:25.839,0.7818,0.7819,0.20,0.30
2008.03.26 09:38:26.112,0.7818,0.7819,0.20,0.30
2008.03.26 09:38:26.387,0.7818,0.7819,0.20,0.30
2008.03.26 09:38:26.676,0.7818,0.7819,0.20,0.30
2008.03.26 09:38:26.964,0.7818,0.7819,0.20,0.30
2008.03.26 09:38:27.254,0.7818,0.7819,0.20,0.30
2008.03.26 09:38:27.517,0.7818,0.7819,0.20,0.30
2008.03.26 09:38:27.780,0.7818,0.7819,0.20,0.30
2008.03.26 09:38:28.044,0.7818,0.7819,0.20,0.30
2008.03.26 09:38:28.309,0.78175,0.7819,2.40,0.30
2008.03.26 09:38:28.598,0.78175,0.7819,2.40,0.30
2008.03.26 09:38:28.888,0.7817,0.7819,0.90,0.30
2008.03.26 09:38:29.177,0.7817,0.7819,4.90,0.30
2008.03.26 09:38:29.479,0.78175,0.7819,4.00,0.30
2008.03.26 09:38:29.790,0.7818,0.7819,0.20,0.30
2008.03.26 09:38:30.099,0.7818,0.7819,0.20,0.30
2008.03.26 09:38:30.408,0.7818,0.7819,0.20,0.30
2008.03.26 09:38:30.673,0.7818,0.7819,0.20,0.30
2008.03.26 09:38:30.948,0.7818,0.7819,0.20,0.30
2008.03.26 09:38:31.223,0.7817,0.7819,4.40,0.30
2008.03.26 09:38:31.497,0.7817,0.7819,4.40,0.30
2008.03.26 09:38:31.786,0.7817,0.7819,0.60,0.30
2008.03.26 09:38:32.075,0.7817,0.7819,0.60,0.30
2008.03.26 09:38:32.366,0.7817,0.7819,4.10,0.30
2008.03.26 09:38:32.635,0.7817,0.7819,4.10,0.30
2008.03.26 09:38:32.903,0.7817,0.7819,4.10,0.30
2008.03.26 09:38:33.172,0.7817,0.7819,4.10,0.30
2008.03.26 09:38:33.441,0.7817,0.7819,4.10,0.30
2008.03.26 09:38:33.736,0.7817,0.7819,0.20,0.30
2008.03.26 09:38:34.030,0.7817,0.7819,0.20,1.20
2008.03.26 09:38:34.325,0.7817,0.7818,0.20,0.30
2008.03.26 09:38:34.619,0.7817,0.7818,0.20,0.30
2008.03.26 09:38:34.913,0.7817,0.7818,0.20,0.30
2008.03.26 09:38:35.212,0.7817,0.7818,0.20,0.30
2008.03.26 09:38:35.499,0.7817,0.7818,0.20,0.30
2008.03.26 09:38:35.772,0.7817,0.7818,0.20,0.30
2008.03.26 09:38:36.045,0.7817,0.7818,0.20,0.30
2008.03.26 09:38:36.319,0.7817,0.7818,0.20,0.30
2008.03.26 09:38:36.595,0.7817,0.7818,0.20,0.30
2008.03.26 09:38:36.859,0.7817,0.7818,0.20,0.30
2008.03.26 09:38:37.124,0.7817,0.7818,0.20,0.30
2008.03.26 09:38:37.386,0.7817,0.7818,0.20,0.30
2008.03.26 09:38:37.649,0.7817,0.7818,0.20,0.30
2008.03.26 09:38:37.923,0.7817,0.7818,0.20,0.30
2008.03.26 09:38:38.197,0.7817,0.7818,0.20,0.30
2008.03.26 09:38:38.470,0.7817,0.7818,0.20,0.30
2008.03.26 09:38:38.749,0.7817,0.7818,0.20,0.30
2008.03.26 09:38:39.028,0.7817,0.7818,0.20,0.30
2008.03.26 09:38:39.306,0.7817,0.7818,0.20,0.30
2008.03.26 09:38:39.587,0.7817,0.7818,0.20,0.30
2008.03.26 09:38:39.901,0.7817,0.7819,0.20,1.00
2008.03.26 09:38:40.216,0.7817,0.7819,0.20,1.00
2008.03.26 09:38:40.543,0.7817,0.7819,0.20,1.00
2008.03.26 09:38:40.786,0.7817,0.7819,4.10,0.30
2008.03.26 09:38:41.041,0.7817,0.7819,4.10,0.30
2008.03.26 09:38:41.296,0.7817,0.7819,4.10,0.30
2008.03.26 09:38:41.551,0.7817,0.7819,4.10,0.30
2008.03.26 09:38:41.845,0.7817,0.7819,4.10,0.30
2008.03.26 09:38:42.138,0.7817,0.7819,4.10,0.30
2008.03.26 09:38:42.432,0.7817,0.7819,4.10,0.30
2008.03.26 09:38:42.726,0.7817,0.7819,0.20,0.50
2008.03.26 09:38:43.010,0.7817,0.7819,0.20,0.50
2008.03.26 09:38:43.294,0.78165,0.7819,4.30,4.40
2008.03.26 09:38:43.584,0.78165,0.7819,1.90,5.20
2008.03.26 09:38:43.844,0.7817,0.7819,0.20,0.50
2008.03.26 09:38:44.108,0.7817,0.7819,0.20,0.30
2008.03.26 09:38:44.373,0.78165,0.7819,9.10,0.30
2008.03.26 09:38:44.636,0.78165,0.7819,9.10,0.30
2008.03.26 09:38:44.958,0.78165,0.7819,9.10,0.30
2008.03.26 09:38:45.283,0.78165,0.7819,9.90,0.30
2008.03.26 09:38:45.609,0.78165,0.7819,9.90,0.30
2008.03.26 09:38:45.837,0.78165,0.7819,9.90,0.30
2008.03.26 09:38:46.064,0.78165,0.7819,9.90,0.30
2008.03.26 09:38:46.292,0.78165,0.7819,9.90,0.30
2008.03.26 09:38:46.521,0.78165,0.7819,9.90,0.30
2008.03.26 09:38:46.752,0.78165,0.7819,9.90,0.30
2008.03.26 09:38:47.086,0.78165,0.7819,8.80,0.50
2008.03.26 09:38:47.420,0.78165,0.7819,2.40,0.50
2008.03.26 09:38:47.753,0.78165,0.7819,2.40,0.50
2008.03.26 09:38:47.992,0.78165,0.7819,2.40,0.50
2008.03.26 09:38:48.230,0.78165,0.7819,2.40,0.50
2008.03.26 09:38:48.467,0.78165,0.7819,2.40,0.50
2008.03.26 09:38:48.706,0.78165,0.7819,2.40,0.50
2008.03.26 09:38:49.016,0.78165,0.7819,2.70,0.50
2008.03.26 09:38:49.326,0.78165,0.78185,2.40,14.40
2008.03.26 09:38:49.635,0.78165,0.7818,2.40,0.30
2008.03.26 09:38:49.924,0.7816,0.7818,1.20,0.30
2008.03.26 09:38:50.214,0.7816,0.7818,1.20,0.30
2008.03.26 09:38:50.503,0.7816,0.7818,1.20,0.30
2008.03.26 09:38:50.793,0.7816,0.78175,0.90,2.40
2008.03.26 09:38:51.072,0.7816,0.78175,0.90,2.40
2008.03.26 09:38:51.350,0.7816,0.78175,0.90,4.00
2008.03.26 09:38:51.635,0.7816,0.78175,0.90,4.00
2008.03.26 09:38:51.906,0.7816,0.78175,0.90,4.00
2008.03.26 09:38:52.163,0.7816,0.78175,0.90,4.00
2008.03.26 09:38:52.421,0.7816,0.78175,0.90,4.00
2008.03.26 09:38:52.680,0.7816,0.78175,0.90,4.00
2008.03.26 09:38:52.950,0.7816,0.78175,0.90,4.00
2008.03.26 09:38:53.218,0.7816,0.78175,0.90,4.00
2008.03.26 09:38:53.494,0.7816,0.78175,0.20,4.00
2008.03.26 09:38:53.776,0.7816,0.7817,0.20,0.30
2008.03.26 09:38:54.057,0.7816,0.7817,0.20,0.30
2008.03.26 09:38:54.307,0.7816,0.78175,0.20,1.60
2008.03.26 09:38:54.572,0.7816,0.78175,0.20,6.40
2008.03.26 09:38:54.836,0.78155,0.7817,0.80,0.30
2008.03.26 09:38:55.155,0.7815,0.7817,0.60,0.30
2008.03.26 09:38:55.475,0.7815,0.7817,0.20,0.30
2008.03.26 09:38:55.793,0.7815,0.7817,0.20,0.30
2008.03.26 09:38:56.021,0.7815,0.7817,0.20,0.30
2008.03.26 09:38:56.250,0.7815,0.7817,0.20,0.30
2008.03.26 09:38:56.486,0.7815,0.7817,0.20,0.30
2008.03.26 09:38:56.714,0.7815,0.7817,0.20,0.30
2008.03.26 09:38:57.018,0.7815,0.7817,4.10,0.30
2008.03.26 09:38:57.322,0.7815,0.7817,4.10,0.30
2008.03.26 09:38:57.627,0.7815,0.7817,4.10,0.30
2008.03.26 09:38:57.938,0.7815,0.7817,0.20,0.30
2008.03.26 09:38:58.202,0.7815,0.7817,4.10,0.30
2008.03.26 09:38:58.467,0.7815,0.7817,0.20,0.30
2008.03.26 09:38:58.731,0.7815,0.7817,0.20,0.30
2008.03.26 09:38:58.995,0.7815,0.7817,4.10,0.30
2008.03.26 09:38:59.285,0.7815,0.7817,0.20,4.20
2008.03.26 09:38:59.573,0.7815,0.7817,0.20,4.20
2008.03.26 09:38:59.864,0.7815,0.7816,0.20,0.30
2008.03.26 09:39:00.158,0.7815,0.7816,0.20,0.30
2008.03.26 09:39:00.452,0.7815,0.7816,0.20,0.30
2008.03.26 09:39:00.747,0.7815,0.7816,0.20,0.30
2008.03.26 09:39:01.041,0.7815,0.7816,0.20,0.30
2008.03.26 09:39:01.321,0.7815,0.7816,0.20,0.30
2008.03.26 09:39:01.601,0.7815,0.7816,0.20,0.30
2008.03.26 09:39:01.879,0.7815,0.7816,0.20,0.30
2008.03.26 09:39:02.158,0.7815,0.78165,0.20,2.40
2008.03.26 09:39:02.410,0.7815,0.78165,0.20,2.40
2008.03.26 09:39:02.673,0.7815,0.78165,0.20,2.40
2008.03.26 09:39:02.939,0.7815,0.78165,0.20,2.40
2008.03.26 09:39:03.230,0.7815,0.7816,0.20,0.30
2008.03.26 09:39:03.522,0.7815,0.7816,0.20,0.30
2008.03.26 09:39:03.811,0.7815,0.7816,0.20,0.30
2008.03.26 09:39:04.101,0.7815,0.7816,0.20,0.30
2008.03.26 09:39:04.410,0.7815,0.7816,0.20,0.30
2008.03.26 09:39:04.720,0.7815,0.7816,0.20,0.30
2008.03.26 09:39:05.030,0.7815,0.7816,0.20,0.30
2008.03.26 09:39:05.275,0.7815,0.7816,0.20,0.30
2008.03.26 09:39:05.517,0.78145,0.7816,12.00,0.30
2008.03.26 09:39:05.762,0.78145,0.7816,9.60,0.30
2008.03.26 09:39:06.006,0.78145,0.7816,5.60,0.30
2008.03.26 09:39:06.323,0.7815,0.7816,0.20,0.30
2008.03.26 09:39:06.639,0.7815,0.7816,0.20,0.30
2008.03.26 09:39:06.959,0.7815,0.7816,0.20,0.30
2008.03.26 09:39:07.272,0.7815,0.7816,0.20,0.30
2008.03.26 09:39:07.511,0.7815,0.7816,0.20,0.30
2008.03.26 09:39:07.757,0.7815,0.7816,0.20,0.30
2008.03.26 09:39:07.996,0.7815,0.7816,0.20,0.30
2008.03.26 09:39:08.306,0.7815,0.7816,0.20,0.30
2008.03.26 09:39:08.615,0.7815,0.7816,0.20,0.30
2008.03.26 09:39:08.925,0.7815,0.7816,0.20,0.30
2008.03.26 09:39:09.234,0.7815,0.7817,0.20,0.30
2008.03.26 09:39:09.502,0.7815,0.7817,0.20,0.30
2008.03.26 09:39:09.774,0.7815,0.7817,4.10,0.30
2008.03.26 09:39:10.045,0.7815,0.7817,4.40,0.30
2008.03.26 09:39:10.320,0.7815,0.78175,4.40,4.00
2008.03.26 09:39:10.594,0.7815,0.78175,4.40,2.40
2008.03.26 09:39:10.878,0.7815,0.78175,4.40,2.40
2008.03.26 09:39:11.163,0.7815,0.78175,4.40,2.40
2008.03.26 09:39:11.429,0.78155,0.78175,0.80,2.40
2008.03.26 09:39:11.693,0.7815,0.78175,4.40,2.40
2008.03.26 09:39:11.956,0.7815,0.78175,4.40,2.40
2008.03.26 09:39:12.219,0.7815,0.78175,4.40,2.40
2008.03.26 09:39:12.520,0.78155,0.78175,0.40,2.40
2008.03.26 09:39:12.820,0.78155,0.78175,0.40,6.40
2008.03.26 09:39:13.121,0.7815,0.7817,0.60,0.30
2008.03.26 09:39:13.400,0.7815,0.7817,0.60,0.30
2008.03.26 09:39:13.690,0.7815,0.7817,0.20,0.30
2008.03.26 09:39:13.971,0.7815,0.7817,4.10,0.30
2008.03.26 09:39:14.252,0.7815,0.7817,0.20,0.30
2008.03.26 09:39:14.542,0.7815,0.7817,0.20,0.30
2008.03.26 09:39:14.837,0.7815,0.7817,0.20,0.30
2008.03.26 09:39:15.126,0.7815,0.7817,0.20,0.30
2008.03.26 09:39:15.395,0.7815,0.7817,0.20,0.30
2008.03.26 09:39:15.666,0.7815,0.7817,0.60,0.30
2008.03.26 09:39:15.937,0.7815,0.7817,0.20,4.20
2008.03.26 09:39:16.207,0.7815,0.7817,0.60,4.00
2008.03.26 09:39:16.516,0.7815,0.78175,4.40,7.20
2008.03.26 09:39:16.827,0.7815,0.78175,4.40,2.40
2008.03.26 09:39:17.136,0.7815,0.78175,4.40,2.40
2008.03.26 09:39:17.396,0.7815,0.7817,0.60,0.30
2008.03.26 09:39:17.655,0.7815,0.7817,0.60,0.30
2008.03.26 09:39:17.915,0.7815,0.7817,4.40,0.30
2008.03.26 09:39:18.174,0.7815,0.7817,4.40,0.30
2008.03.26 09:39:18.474,0.7816,0.7817,0.20,0.30
2008.03.26 09:39:18.772,0.7816,0.7817,0.20,0.30
2008.03.26 09:39:19.071,0.7816,0.7817,0.20,0.30
2008.03.26 09:39:19.370,0.7816,0.7817,0.20,0.30
2008.03.26 09:39:19.668,0.7816,0.7817,0.20,0.30
2008.03.26 09:39:19.967,0.7816,0.7817,0.20,0.30
2008.03.26 09:39:20.266,0.7816,0.7817,0.20,0.30
2008.03.26 09:39:20.521,0.7816,0.7817,0.20,0.30
2008.03.26 09:39:20.777,0.7816,0.7817,0.20,0.30
2008.03.26 09:39:21.032,0.7816,0.78175,0.90,4.00
2008.03.26 09:39:21.287,0.7816,0.78175,0.90,4.00
2008.03.26 09:39:21.597,0.7816,0.78175,0.90,4.00
2008.03.26 09:39:21.919,0.7816,0.7817,0.20,0.30
2008.03.26 09:39:22.228,0.7816,0.7817,0.20,0.30
2008.03.26 09:39:22.537,0.7816,0.7817,0.20,0.30
2008.03.26 09:39:22.797,0.7816,0.7817,0.20,0.30
2008.03.26 09:39:23.055,0.7816,0.7817,0.20,0.30
2008.03.26 09:39:23.316,0.7816,0.7817,0.20,0.30
2008.03.26 09:39:23.609,0.7816,0.7817,0.20,0.30
2008.03.26 09:39:23.904,0.7816,0.7817,0.20,0.30
2008.03.26 09:39:24.198,0.7816,0.7817,0.20,0.30
2008.03.26 09:39:24.491,0.7816,0.7817,0.20,0.30
2008.03.26 09:39:24.782,0.7816,0.7817,0.20,0.30
2008.03.26 09:39:25.071,0.7816,0.7817,0.20,0.30
2008.03.26 09:39:25.360,0.7816,0.7817,0.20,0.30
2008.03.26 09:39:25.625,0.7816,0.7817,0.20,0.30
2008.03.26 09:39:25.889,0.7816,0.7817,0.20,0.30
2008.03.26 09:39:26.152,0.7816,0.7817,0.20,0.30
2008.03.26 09:39:26.416,0.7816,0.7817,0.20,0.30
2008.03.26 09:39:26.725,0.7816,0.7817,0.20,0.30
2008.03.26 09:39:27.042,0.7816,0.7817,0.20,0.30
2008.03.26 09:39:27.351,0.7816,0.7817,0.20,0.30
2008.03.26 09:39:27.585,0.7816,0.7817,0.20,0.30
2008.03.26 09:39:27.819,0.7816,0.7817,0.20,0.30
2008.03.26 09:39:28.054,0.7816,0.7817,0.20,0.30
2008.03.26 09:39:28.290,0.7816,0.78175,0.20,4.00
2008.03.26 09:39:28.524,0.7816,0.78175,0.20,4.00
2008.03.26 09:39:28.845,0.7816,0.7817,0.20,0.30
2008.03.26 09:39:29.162,0.7816,0.7817,0.20,0.30
2008.03.26 09:39:29.481,0.7816,0.7817,0.20,0.30
2008.03.26 09:39:29.754,0.7816,0.7817,0.20,0.30
2008.03.26 09:39:30.030,0.7816,0.78175,0.20,4.00
2008.03.26 09:39:30.305,0.7816,0.7817,0.20,0.30
2008.03.26 09:39:30.579,0.7816,0.78175,0.20,4.00
2008.03.26 09:39:30.859,0.7816,0.78175,0.20,8.00
2008.03.26 09:39:31.139,0.7816,0.7817,0.20,0.30
2008.03.26 09:39:31.417,0.7816,0.7817,0.20,0.30
2008.03.26 09:39:31.713,0.7816,0.7817,0.20,0.30
2008.03.26 09:39:32.007,0.7816,0.7817,0.20,0.30
2008.03.26 09:39:32.300,0.7816,0.7817,0.20,0.30
2008.03.26 09:39:32.593,0.7816,0.7817,0.20,0.30
2008.03.26 09:39:32.861,0.7816,0.7817,0.20,0.30
2008.03.26 09:39:33.131,0.7816,0.7817,0.20,0.30
2008.03.26 09:39:33.401,0.7816,0.7817,0.20,0.30
2008.03.26 09:39:33.671,0.7816,0.78175,0.20,4.00
2008.03.26 09:39:33.969,0.7816,0.78175,0.20,1.60
2008.03.26 09:39:34.268,0.7816,0.78175,0.90,1.60
2008.03.26 09:39:34.567,0.7816,0.78175,0.90,1.60
2008.03.26 09:39:34.849,0.7816,0.78175,0.20,4.00
2008.03.26 09:39:35.127,0.7816,0.78175,0.20,4.00
2008.03.26 09:39:35.407,0.7816,0.78175,0.20,4.00
2008.03.26 09:39:35.686,0.7816,0.78175,0.20,4.00
2008.03.26 09:39:35.980,0.7816,0.78175,0.20,4.00
2008.03.26 09:39:36.275,0.7816,0.78175,0.20,1.60
2008.03.26 09:39:36.569,0.7816,0.78175,0.20,1.60
2008.03.26 09:39:36.848,0.7816,0.78175,0.20,1.60
2008.03.26 09:39:37.126,0.7816,0.78175,0.20,1.60
2008.03.26 09:39:37.406,0.7816,0.78175,0.20,6.40
2008.03.26 09:39:37.685,0.7816,0.78175,0.20,4.00
2008.03.26 09:39:37.964,0.7816,0.78175,0.20,4.00
2008.03.26 09:39:38.242,0.7816,0.78175,0.20,4.00
2008.03.26 09:39:38.534,0.7816,0.7817,0.20,0.30
2008.03.26 09:39:38.839,0.7816,0.7817,0.20,0.30
2008.03.26 09:39:39.132,0.7816,0.7817,0.20,0.30
2008.03.26 09:39:39.417,0.7816,0.7817,0.20,0.30
2008.03.26 09:39:39.710,0.7816,0.7817,0.20,0.30
2008.03.26 09:39:39.989,0.7816,0.7817,0.20,0.30
2008.03.26 09:39:40.267,0.7816,0.7817,0.20,0.30
2008.03.26 09:39:40.546,0.7816,0.7817,0.20,0.30
2008.03.26 09:39:40.825,0.7816,0.7817,0.20,0.30
2008.03.26 09:39:41.094,0.7816,0.7817,0.20,0.30
2008.03.26 09:39:41.364,0.7816,0.7817,0.20,0.30
2008.03.26 09:39:41.633,0.7816,0.7817,0.20,0.30
2008.03.26 09:39:41.927,0.7816,0.7817,0.20,0.30
2008.03.26 09:39:42.221,0.7816,0.7817,0.20,0.30
2008.03.26 09:39:42.525,0.7816,0.7817,0.20,0.30
2008.03.26 09:39:42.819,0.7816,0.7817,0.20,0.30
2008.03.26 09:39:43.073,0.7816,0.7817,0.20,0.30
2008.03.26 09:39:43.328,0.7816,0.7817,0.20,0.30
2008.03.26 09:39:43.582,0.7816,0.7817,0.20,0.30
2008.03.26 09:39:43.859,0.7816,0.7817,0.20,0.30
2008.03.26 09:39:44.131,0.7816,0.7817,0.20,0.30
2008.03.26 09:39:44.406,0.7815,0.78165,0.20,2.40
2008.03.26 09:39:44.682,0.7815,0.7816,0.20,0.30
2008.03.26 09:39:44.997,0.7815,0.7816,0.20,0.30
2008.03.26 09:39:45.325,0.7815,0.7816,0.20,0.30
2008.03.26 09:39:45.628,0.7815,0.7817,0.20,0.50
2008.03.26 09:39:45.943,0.78155,0.7817,2.40,0.30
2008.03.26 09:39:46.207,0.78155,0.7817,2.40,0.30
2008.03.26 09:39:46.471,0.7815,0.7817,0.20,0.30
2008.03.26 09:39:46.736,0.78155,0.7817,2.40,0.30
2008.03.26 09:39:46.999,0.7816,0.7817,0.20,0.30
2008.03.26 09:39:47.283,0.7815,0.7817,0.60,0.30
2008.03.26 09:39:47.567,0.78155,0.7817,2.40,0.30
2008.03.26 09:39:47.852,0.78155,0.7817,2.40,0.30
2008.03.26 09:39:48.136,0.78155,0.7817,2.40,0.30
2008.03.26 09:39:48.419,0.78155,0.78175,3.20,1.60
2008.03.26 09:39:48.703,0.78155,0.7818,3.20,5.20
2008.03.26 09:39:48.988,0.78155,0.7817,6.40,0.30
2008.03.26 09:39:49.302,0.78155,0.7817,6.40,0.30
2008.03.26 09:39:49.615,0.78155,0.7817,6.40,0.30
2008.03.26 09:39:49.928,0.78155,0.7817,6.40,0.30
2008.03.26 09:39:50.171,0.78155,0.7817,6.40,0.30
2008.03.26 09:39:50.420,0.78155,0.7817,6.40,0.30
2008.03.26 09:39:50.664,0.78155,0.7817,6.40,0.30
2008.03.26 09:39:50.908,0.78155,0.78175,4.80,1.60
2008.03.26 09:39:51.151,0.78155,0.7818,4.80,5.20
2008.03.26 09:39:51.469,0.7816,0.7817,0.20,0.30
2008.03.26 09:39:51.788,0.7816,0.7817,0.20,0.30
2008.03.26 09:39:52.107,0.7816,0.7817,0.20,0.30
2008.03.26 09:39:52.370,0.7816,0.7817,0.20,0.30
2008.03.26 09:39:52.633,0.7816,0.7817,0.20,0.30
2008.03.26 09:39:52.899,0.7816,0.78175,0.20,6.40
2008.03.26 09:39:53.162,0.7816,0.78175,0.20,6.40
2008.03.26 09:39:53.446,0.7816,0.78175,0.20,4.00
2008.03.26 09:39:53.731,0.78155,0.7817,6.40,0.30
2008.03.26 09:39:54.015,0.78155,0.7817,6.40,0.30
2008.03.26 09:39:54.298,0.78155,0.7817,6.40,0.30
2008.03.26 09:39:54.610,0.78155,0.7817,6.40,0.30
2008.03.26 09:39:54.925,0.78155,0.7817,6.40,0.30
2008.03.26 09:39:55.239,0.78155,0.7817,6.40,0.30
2008.03.26 09:39:55.464,0.7815,0.7817,4.10,0.30
2008.03.26 09:39:55.688,0.7815,0.7817,4.10,0.30
2008.03.26 09:39:55.913,0.7815,0.7817,4.10,0.30
2008.03.26 09:39:56.136,0.7815,0.7817,4.10,0.30
2008.03.26 09:39:56.471,0.7815,0.7817,4.10,0.30
2008.03.26 09:39:56.805,0.7815,0.7817,4.10,0.30
2008.03.26 09:39:57.139,0.7815,0.7817,4.10,0.30
2008.03.26 09:39:57.373,0.7815,0.7817,4.10,0.30
2008.03.26 09:39:57.607,0.7815,0.7817,4.10,0.30
2008.03.26 09:39:57.840,0.7815,0.7817,4.10,0.50
2008.03.26 09:39:58.074,0.7815,0.78165,4.10,2.40
2008.03.26 09:39:58.308,0.78145,0.7816,9.60,0.30
2008.03.26 09:39:58.638,0.7815,0.78165,4.10,2.40
2008.03.26 09:39:58.978,0.7815,0.78165,4.10,2.40
2008.03.26 09:39:59.308,0.7815,0.78165,4.10,2.40
2008.03.26 09:39:59.578,0.7815,0.78165,4.10,2.40
2008.03.26 09:39:59.847,0.7815,0.78165,4.10,2.40
2008.03.26 09:40:00.116,0.7815,0.78165,4.10,2.40
2008.03.26 09:40:00.385,0.7815,0.78165,4.10,2.40
2008.03.26 09:40:00.674,0.78145,0.7816,9.60,0.30
2008.03.26 09:40:00.963,0.78145,0.7816,9.60,0.30
2008.03.26 09:40:01.250,0.78145,0.7816,9.60,0.30
2008.03.26 09:40:01.509,0.7815,0.7816,0.20,0.30
2008.03.26 09:40:01.769,0.7815,0.7816,0.20,0.30
2008.03.26 09:40:02.029,0.78145,0.7816,9.60,0.30
2008.03.26 09:40:02.287,0.78145,0.7816,6.40,0.30
2008.03.26 09:40:02.591,0.78145,0.7816,6.40,0.30
2008.03.26 09:40:02.895,0.78145,0.7816,2.40,0.30
2008.03.26 09:40:03.199,0.78145,0.7816,2.40,0.30
2008.03.26 09:40:03.458,0.78145,0.78165,2.40,2.40
2008.03.26 09:40:03.719,0.78145,0.78165,2.40,2.40
2008.03.26 09:40:03.987,0.78145,0.78165,2.40,2.40
2008.03.26 09:40:04.237,0.78145,0.78165,2.40,2.40
2008.03.26 09:40:04.535,0.78145,0.78165,2.40,2.40
2008.03.26 09:40:04.835,0.7815,0.78165,0.20,2.40
2008.03.26 09:40:05.135,0.7815,0.7817,0.20,4.40
2008.03.26 09:40:05.435,0.7815,0.7816,0.20,0.30
2008.03.26 09:40:05.719,0.7815,0.7816,0.20,0.30
2008.03.26 09:40:06.003,0.7815,0.7816,0.20,0.30
2008.03.26 09:40:06.289,0.7815,0.7816,0.20,0.30
2008.03.26 09:40:06.538,0.7815,0.78165,0.20,1.60
2008.03.26 09:40:06.788,0.7815,0.7817,0.20,4.20
2008.03.26 09:40:07.039,0.7815,0.7817,0.20,4.20
2008.03.26 09:40:07.287,0.7815,0.7817,0.20,4.20
2008.03.26 09:40:07.596,0.7815,0.7817,0.20,4.20
2008.03.26 09:40:07.894,0.7815,0.7817,0.20,4.20
2008.03.26 09:40:08.191,0.7815,0.7817,0.20,4.20
2008.03.26 09:40:08.491,0.78155,0.7817,4.00,0.30
2008.03.26 09:40:08.751,0.78155,0.7817,4.00,0.30
2008.03.26 09:40:09.011,0.78165,0.78175,2.40,1.60
2008.03.26 09:40:09.271,0.78165,0.78185,2.40,8.90
2008.03.26 09:40:09.531,0.78165,0.78185,2.40,9.50
2008.03.26 09:40:09.848,0.78165,0.7818,3.20,0.30
2008.03.26 09:40:10.167,0.78165,0.7818,3.20,0.30
2008.03.26 09:40:10.483,0.78165,0.78185,7.20,0.60
2008.03.26 09:40:10.727,0.78165,0.78185,7.20,0.60
2008.03.26 09:40:10.973,0.78165,0.78185,3.20,7.10
2008.03.26 09:40:11.218,0.78165,0.78185,3.20,8.70
2008.03.26 09:40:11.470,0.78165,0.78185,3.20,8.70
2008.03.26 09:40:11.786,0.78165,0.78185,3.20,8.70
2008.03.26 09:40:12.088,0.78165,0.78185,3.20,8.70
2008.03.26 09:40:12.394,0.78165,0.78185,3.20,8.70
2008.03.26 09:40:12.678,0.78165,0.78185,3.20,8.60
2008.03.26 09:40:12.962,0.78165,0.78185,3.20,8.60
2008.03.26 09:40:13.246,0.78165,0.78185,3.50,8.60
2008.03.26 09:40:13.532,0.78175,0.78185,2.40,1.60
2008.03.26 09:40:13.783,0.78175,0.7819,2.40,0.30
2008.03.26 09:40:14.033,0.78175,0.7819,2.40,0.50
2008.03.26 09:40:14.282,0.7817,0.7819,0.20,0.50
2008.03.26 09:40:14.533,0.7817,0.7819,0.20,1.20
2008.03.26 09:40:14.863,0.7817,0.7819,0.20,1.20
2008.03.26 09:40:15.193,0.7817,0.7819,0.20,1.20
2008.03.26 09:40:15.524,0.78165,0.7819,4.00,5.20
2008.03.26 09:40:15.765,0.7817,0.7819,0.20,1.00
2008.03.26 09:40:16.002,0.78165,0.78185,7.20,0.60
2008.03.26 09:40:16.231,0.78165,0.78185,7.20,0.60
2008.03.26 09:40:16.472,0.78165,0.78185,7.20,0.60
2008.03.26 09:40:16.805,0.78165,0.78185,7.20,0.60
2008.03.26 09:40:17.139,0.78165,0.78185,7.20,0.60
2008.03.26 09:40:17.474,0.78165,0.78185,7.20,0.60
2008.03.26 09:40:17.722,0.78165,0.78185,7.20,3.00
2008.03.26 09:40:17.968,0.78165,0.7818,7.20,0.30
2008.03.26 09:40:18.212,0.78165,0.7818,7.20,0.30
2008.03.26 09:40:18.457,0.78165,0.7818,7.20,0.30
2008.03.26 09:40:18.701,0.78165,0.7818,7.20,0.30
2008.03.26 09:40:19.036,0.78165,0.7818,0.80,0.30
2008.03.26 09:40:19.370,0.7816,0.7818,4.10,0.30
2008.03.26 09:40:19.706,0.78165,0.78185,4.00,4.50
2008.03.26 09:40:19.966,0.78165,0.7818,6.40,0.30
2008.03.26 09:40:20.224,0.78165,0.7818,6.40,0.30
2008.03.26 09:40:20.490,0.78165,0.7818,6.40,0.30
2008.03.26 09:40:20.758,0.78165,0.7818,2.40,0.30
2008.03.26 09:40:21.044,0.78165,0.7818,7.20,0.30
2008.03.26 09:40:21.328,0.78165,0.7818,4.70,0.30
2008.03.26 09:40:21.614,0.78165,0.7818,3.10,0.30
2008.03.26 09:40:21.894,0.78165,0.7818,2.40,0.30
2008.03.26 09:40:22.174,0.78165,0.7818,2.40,0.30
2008.03.26 09:40:22.454,0.78165,0.7818,2.40,0.30
2008.03.26 09:40:22.733,0.78165,0.78185,4.00,1.30
2008.03.26 09:40:23.035,0.78165,0.78185,4.00,1.30
2008.03.26 09:40:23.334,0.78165,0.7819,17.60,1.20
2008.03.26 09:40:23.634,0.78165,0.7819,5.60,1.20
2008.03.26 09:40:23.891,0.78175,0.78185,2.40,1.20
2008.03.26 09:40:24.147,0.78165,0.78185,4.00,3.60
2008.03.26 09:40:24.402,0.78165,0.78185,4.00,5.20
2008.03.26 09:40:24.656,0.78165,0.78185,4.00,5.20
2008.03.26 09:40:24.979,0.78165,0.78185,4.00,5.20
2008.03.26 09:40:25.303,0.78165,0.78185,4.00,5.20
2008.03.26 09:40:25.630,0.78165,0.78185,4.00,5.20
2008.03.26 09:40:25.883,0.78165,0.78185,4.00,5.20
2008.03.26 09:40:26.135,0.78165,0.78185,4.00,5.20
2008.03.26 09:40:26.389,0.78165,0.78185,6.40,5.20
2008.03.26 09:40:26.643,0.78165,0.78185,6.40,5.20
2008.03.26 09:40:26.942,0.78165,0.78185,6.40,5.20
2008.03.26 09:40:27.241,0.78165,0.78185,6.40,5.30
2008.03.26 09:40:27.540,0.78165,0.78185,6.40,5.30
2008.03.26 09:40:27.839,0.78165,0.78185,6.40,5.30
2008.03.26 09:40:28.133,0.78165,0.78185,6.40,5.20
2008.03.26 09:40:28.428,0.78165,0.78185,6.40,5.20
2008.03.26 09:40:28.721,0.78165,0.78185,6.40,5.20
2008.03.26 09:40:28.986,0.78165,0.78185,6.40,5.20
2008.03.26 09:40:29.251,0.78165,0.78185,6.40,5.20
2008.03.26 09:40:29.514,0.78165,0.78185,6.40,5.20
2008.03.26 09:40:29.777,0.78165,0.78185,6.40,5.20
2008.03.26 09:40:30.101,0.78165,0.78185,6.40,5.20
2008.03.26 09:40:30.426,0.78165,0.78185,6.40,5.20
2008.03.26 09:40:30.748,0.78165,0.78185,6.40,5.20
2008.03.26 09:40:30.982,0.78165,0.78185,6.40,5.80
2008.03.26 09:40:31.216,0.78165,0.78185,8.80,4.00
2008.03.26 09:40:31.451,0.78165,0.78185,8.80,4.00
2008.03.26 09:40:31.686,0.78165,0.78185,8.80,4.00
2008.03.26 09:40:32.000,0.78165,0.78185,8.80,4.00
2008.03.26 09:40:32.314,0.78165,0.78185,8.80,4.00
2008.03.26 09:40:32.629,0.78165,0.78185,9.90,4.00
2008.03.26 09:40:32.943,0.78165,0.78185,24.30,1.60
2008.03.26 09:40:33.214,0.78165,0.7819,25.10,0.30
2008.03.26 09:40:33.485,0.7817,0.7819,0.80,0.30
2008.03.26 09:40:33.755,0.7817,0.7819,0.80,0.30
2008.03.26 09:40:34.035,0.7818,0.7819,0.20,0.30
2008.03.26 09:40:34.326,0.7818,0.78195,0.20,4.10
2008.03.26 09:40:34.611,0.7818,0.7819,0.80,0.30
2008.03.26 09:40:34.891,0.78175,0.7819,3.20,0.30
2008.03.26 09:40:35.234,0.78175,0.7819,2.40,0.30
2008.03.26 09:40:35.568,0.78175,0.7819,0.80,0.30
2008.03.26 09:40:35.902,0.7817,0.7819,0.80,0.30
2008.03.26 09:40:36.136,0.7817,0.7819,0.80,0.30
2008.03.26 09:40:36.370,0.7817,0.7819,0.80,0.30
2008.03.26 09:40:36.612,0.7817,0.7819,0.80,0.30
2008.03.26 09:40:36.857,0.7817,0.7819,0.80,0.30
2008.03.26 09:40:37.156,0.7817,0.7819,0.80,0.30
2008.03.26 09:40:37.465,0.7817,0.7819,0.80,0.30
2008.03.26 09:40:37.785,0.7817,0.7819,0.80,0.30
2008.03.26 09:40:38.096,0.7817,0.7819,0.80,0.30
2008.03.26 09:40:38.388,0.7817,0.7819,0.80,0.30
2008.03.26 09:40:38.682,0.7817,0.7819,0.80,0.30
2008.03.26 09:40:38.977,0.78175,0.7819,8.80,0.30
2008.03.26 09:40:39.211,0.7818,0.7819,0.80,0.30
2008.03.26 09:40:39.446,0.7818,0.7819,0.80,0.30
2008.03.26 09:40:39.679,0.78175,0.7819,5.60,0.30
2008.03.26 09:40:39.917,0.78175,0.7819,5.60,0.30
2008.03.26 09:40:40.153,0.78175,0.7819,5.60,0.30
2008.03.26 09:40:40.488,0.7818,0.7819,0.20,0.30
2008.03.26 09:40:40.823,0.7818,0.7819,0.20,0.30
2008.03.26 09:40:41.159,0.7818,0.78195,0.20,10.50
2008.03.26 09:40:41.399,0.7818,0.7819,0.20,0.30
2008.03.26 09:40:41.649,0.7817,0.7819,4.10,0.30
2008.03.26 09:40:41.889,0.7817,0.7819,4.10,0.50
2008.03.26 09:40:42.127,0.78165,0.7819,6.40,0.50
2008.03.26 09:40:42.461,0.78165,0.7819,6.40,0.50
2008.03.26 09:40:42.795,0.78165,0.7819,6.40,0.50
2008.03.26 09:40:43.129,0.78165,0.7819,6.40,0.50
2008.03.26 09:40:43.372,0.78165,0.7819,6.40,0.50
2008.03.26 09:40:43.618,0.78165,0.78185,6.40,2.40
2008.03.26 09:40:43.863,0.78165,0.7818,6.40,0.30
2008.03.26 09:40:44.107,0.78165,0.7818,6.40,0.30
2008.03.26 09:40:44.415,0.78165,0.7818,6.40,0.30
2008.03.26 09:40:44.724,0.78165,0.7818,6.40,0.30
2008.03.26 09:40:45.034,0.7816,0.7818,0.60,0.30
2008.03.26 09:40:45.319,0.7816,0.7818,0.60,0.30
2008.03.26 09:40:45.605,0.78165,0.78185,6.40,3.20
2008.03.26 09:40:45.889,0.78165,0.78185,7.20,2.40
2008.03.26 09:40:46.176,0.78165,0.7819,9.60,0.50
2008.03.26 09:40:46.454,0.78165,0.7819,9.60,0.50
2008.03.26 09:40:46.733,0.78165,0.7819,9.60,0.50
2008.03.26 09:40:47.012,0.78165,0.7819,9.60,0.50
2008.03.26 09:40:47.290,0.78165,0.7819,9.60,0.50
2008.03.26 09:40:47.574,0.78165,0.7819,9.60,0.50
2008.03.26 09:40:47.858,0.78165,0.7819,9.90,0.50
2008.03.26 09:40:48.141,0.78165,0.7819,9.90,0.50
2008.03.26 09:40:48.416,0.78165,0.7819,3.20,4.40
2008.03.26 09:40:48.692,0.78165,0.7819,3.20,4.40
2008.03.26 09:40:48.967,0.78165,0.7819,3.20,4.40
2008.03.26 09:40:49.239,0.78165,0.7819,3.20,4.40
2008.03.26 09:40:49.563,0.78165,0.7819,3.20,4.40
2008.03.26 09:40:49.887,0.7817,0.7819,0.20,4.40
2008.03.26 09:40:50.211,0.7817,0.7819,0.20,4.40
2008.03.26 09:40:50.441,0.78165,0.7819,6.70,4.40
2008.03.26 09:40:50.669,0.7817,0.7819,0.20,4.20
2008.03.26 09:40:50.898,0.7817,0.7819,0.20,4.20
2008.03.26 09:40:51.127,0.7817,0.7819,0.60,4.20
2008.03.26 09:40:51.358,0.7817,0.7819,0.90,4.20
2008.03.26 09:40:51.692,0.7817,0.7819,0.80,0.30
2008.03.26 09:40:52.027,0.7817,0.78195,1.20,9.60
2008.03.26 09:40:52.362,0.7817,0.78195,1.20,9.60
2008.03.26 09:40:52.604,0.7817,0.78195,1.10,19.20
2008.03.26 09:40:52.844,0.7817,0.78195,1.10,19.30
2008.03.26 09:40:53.084,0.7817,0.78195,1.20,7.20
2008.03.26 09:40:53.323,0.7817,0.78195,1.20,7.20
2008.03.26 09:40:53.661,0.7817,0.7819,0.90,0.30
2008.03.26 09:40:54.010,0.7817,0.7819,1.10,0.30
2008.03.26 09:40:54.349,0.78175,0.78195,4.00,4.80
2008.03.26 09:40:54.613,0.7818,0.78195,0.20,2.40
2008.03.26 09:40:54.874,0.7818,0.78195,0.20,2.40
2008.03.26 09:40:55.125,0.7818,0.782,0.20,5.00
2008.03.26 09:40:55.374,0.7818,0.782,0.20,5.20
2008.03.26 09:40:55.695,0.7818,0.7819,0.20,0.30
2008.03.26 09:40:56.013,0.7817,0.7819,4.40,0.30
2008.03.26 09:40:56.332,0.7817,0.7819,4.40,0.30
2008.03.26 09:40:56.571,0.78165,0.7819,9.90,4.20
2008.03.26 09:40:56.811,0.78165,0.7819,5.90,4.20
2008.03.26 09:40:57.049,0.78165,0.7819,5.90,4.20
2008.03.26 09:40:57.287,0.78165,0.7819,5.90,4.20
2008.03.26 09:40:57.526,0.7817,0.7819,0.80,4.40
2008.03.26 09:40:57.861,0.7817,0.7819,0.80,4.40
2008.03.26 09:40:58.195,0.7817,0.7819,0.80,4.40
2008.03.26 09:40:58.529,0.78165,0.7819,4.10,4.40
2008.03.26 09:40:58.768,0.78165,0.7819,4.10,4.40
2008.03.26 09:40:59.008,0.78165,0.7819,4.10,4.40
2008.03.26 09:40:59.246,0.78165,0.7819,4.00,4.40
2008.03.26 09:40:59.486,0.78165,0.78185,0.80,2.40
2008.03.26 09:40:59.821,0.78165,0.78185,0.80,2.40
2008.03.26 09:41:00.153,0.78165,0.78185,0.80,2.40
2008.03.26 09:41:00.486,0.78165,0.78185,0.80,2.40
2008.03.26 09:41:00.730,0.78165,0.7818,0.80,0.30
2008.03.26 09:41:00.974,0.7816,0.7818,4.40,0.30
2008.03.26 09:41:01.218,0.7816,0.7818,4.40,0.30
2008.03.26 09:41:01.462,0.7816,0.7818,5.20,0.30
2008.03.26 09:41:01.781,0.7816,0.7818,5.20,0.30
2008.03.26 09:41:02.100,0.7816,0.7818,4.90,0.30
2008.03.26 09:41:02.419,0.7816,0.78185,4.10,3.30
2008.03.26 09:41:02.740,0.7816,0.78185,4.10,17.70
2008.03.26 09:41:03.000,0.7816,0.7818,4.10,0.30
2008.03.26 09:41:03.259,0.7816,0.7818,4.10,0.30
2008.03.26 09:41:03.517,0.7816,0.7818,4.10,0.30
2008.03.26 09:41:03.807,0.7816,0.7818,0.20,4.20
2008.03.26 09:41:04.098,0.7816,0.7818,4.10,0.50
2008.03.26 09:41:04.388,0.7816,0.7818,4.10,0.50
2008.03.26 09:41:04.679,0.7816,0.7818,4.10,0.50
2008.03.26 09:41:04.999,0.7816,0.78175,4.10,2.40
2008.03.26 09:41:05.319,0.78155,0.7817,3.20,0.30
2008.03.26 09:41:05.651,0.7815,0.7817,1.20,0.30
2008.03.26 09:41:05.906,0.7815,0.78175,0.90,14.50
2008.03.26 09:41:06.160,0.7815,0.78175,0.90,0.20
2008.03.26 09:41:06.414,0.78155,0.7818,3.20,4.40
2008.03.26 09:41:06.669,0.78155,0.78185,3.50,20.10
2008.03.26 09:41:06.968,0.78155,0.78185,7.50,18.50
2008.03.26 09:41:07.269,0.7816,0.7818,0.20,0.30
2008.03.26 09:41:07.569,0.78165,0.78185,6.40,2.40
2008.03.26 09:41:07.837,0.78165,0.78185,6.40,2.40
2008.03.26 09:41:08.107,0.78165,0.78185,6.40,2.40
2008.03.26 09:41:08.376,0.78165,0.78185,6.40,2.40
2008.03.26 09:41:08.645,0.78165,0.78185,3.20,2.40
2008.03.26 09:41:08.936,0.78165,0.7818,2.40,0.30
2008.03.26 09:41:09.226,0.78165,0.7818,2.40,0.30
2008.03.26 09:41:09.515,0.78165,0.7818,2.40,0.30
2008.03.26 09:41:09.805,0.78165,0.7819,4.80,5.20
2008.03.26 09:41:10.114,0.78165,0.7819,4.80,5.20
2008.03.26 09:41:10.425,0.78165,0.7819,5.60,5.20
2008.03.26 09:41:10.733,0.78165,0.7819,5.60,5.20
2008.03.26 09:41:10.967,0.78165,0.7819,5.60,5.20
2008.03.26 09:41:11.206,0.78165,0.7819,5.90,5.00
2008.03.26 09:41:11.451,0.78165,0.7819,5.90,4.20
2008.03.26 09:41:11.694,0.78165,0.7819,5.90,4.20
2008.03.26 09:41:12.035,0.78165,0.7819,9.90,0.30
2008.03.26 09:41:12.373,0.78165,0.7819,9.90,0.30
2008.03.26 09:41:12.700,0.78165,0.7819,5.90,4.20
2008.03.26 09:41:12.976,0.78165,0.7819,5.90,4.20
2008.03.26 09:41:13.239,0.78165,0.7819,5.60,4.40
2008.03.26 09:41:13.505,0.78165,0.7819,4.80,4.40
2008.03.26 09:41:13.768,0.78165,0.7819,4.80,4.40
2008.03.26 09:41:14.068,0.78165,0.7819,4.80,4.40
2008.03.26 09:41:14.367,0.78165,0.7819,4.80,4.40
2008.03.26 09:41:14.665,0.78165,0.7819,8.80,0.50
2008.03.26 09:41:14.954,0.78165,0.7819,8.80,0.50
2008.03.26 09:41:15.245,0.78165,0.7819,9.90,0.30
2008.03.26 09:41:15.533,0.78165,0.7819,9.90,0.30
2008.03.26 09:41:15.825,0.78165,0.7819,9.90,0.30
2008.03.26 09:41:16.114,0.78165,0.78185,4.80,2.40
2008.03.26 09:41:16.403,0.78165,0.78185,4.80,2.40
2008.03.26 09:41:16.704,0.78165,0.78185,5.90,2.40
2008.03.26 09:41:16.974,0.78165,0.78185,9.90,2.40
2008.03.26 09:41:17.221,0.78165,0.78185,9.90,2.40
2008.03.26 09:41:17.480,0.78165,0.78185,9.90,2.40
2008.03.26 09:41:17.738,0.78165,0.78185,9.90,2.40
2008.03.26 09:41:18.042,0.78165,0.78185,6.40,4.80
2008.03.26 09:41:18.346,0.78165,0.78185,2.40,4.80
2008.03.26 09:41:18.650,0.78165,0.78185,3.20,4.80
2008.03.26 09:41:18.955,0.78165,0.78185,2.40,4.80
2008.03.26 09:41:19.233,0.78165,0.78185,2.40,4.80
2008.03.26 09:41:19.514,0.78165,0.78185,2.40,4.90
2008.03.26 09:41:19.793,0.78165,0.78185,2.40,4.90
2008.03.26 09:41:20.072,0.78165,0.78185,2.40,4.90
2008.03.26 09:41:20.351,0.78165,0.78185,2.40,8.90
2008.03.26 09:41:20.630,0.78165,0.78185,2.40,8.90
2008.03.26 09:41:20.910,0.78165,0.78185,2.40,8.90
2008.03.26 09:41:21.198,0.78165,0.78185,2.40,8.90
2008.03.26 09:41:21.487,0.78165,0.78185,6.40,4.90
2008.03.26 09:41:21.778,0.78165,0.78185,2.40,4.90
2008.03.26 09:41:22.067,0.78165,0.78185,2.40,4.90
2008.03.26 09:41:22.351,0.78165,0.78185,2.40,4.90
2008.03.26 09:41:22.636,0.78165,0.78185,6.70,2.40
2008.03.26 09:41:22.922,0.78165,0.7818,6.70,0.30
2008.03.26 09:41:23.197,0.78165,0.78185,6.70,2.40
2008.03.26 09:41:23.472,0.78165,0.7818,6.40,0.30
2008.03.26 09:41:23.746,0.78165,0.7818,6.40,0.30
2008.03.26 09:41:24.020,0.78165,0.7818,6.40,0.30
2008.03.26 09:41:24.324,0.78165,0.7818,6.40,0.30
2008.03.26 09:41:24.629,0.78165,0.78185,2.40,8.90
2008.03.26 09:41:24.933,0.7816,0.78185,0.90,8.90
2008.03.26 09:41:25.208,0.7816,0.78185,0.90,12.90
2008.03.26 09:41:25.482,0.7816,0.78185,0.90,12.90
2008.03.26 09:41:25.756,0.7816,0.78185,0.90,8.90
2008.03.26 09:41:26.030,0.78165,0.78185,2.40,9.70
2008.03.26 09:41:26.333,0.78165,0.78185,2.40,9.70
2008.03.26 09:41:26.638,0.78165,0.78185,2.40,3.20
2008.03.26 09:41:26.943,0.78165,0.78185,6.40,2.50
2008.03.26 09:41:27.194,0.78165,0.7818,6.40,0.30
2008.03.26 09:41:27.443,0.78165,0.7818,6.40,0.30
2008.03.26 09:41:27.702,0.78165,0.7819,9.60,0.50
2008.03.26 09:41:27.951,0.78165,0.7819,9.60,0.50
2008.03.26 09:41:28.275,0.78165,0.7819,9.60,0.50
2008.03.26 09:41:28.602,0.78165,0.7819,9.60,0.50
2008.03.26 09:41:28.925,0.78165,0.7819,9.60,0.50
2008.03.26 09:41:29.175,0.78165,0.7819,9.90,0.30
2008.03.26 09:41:29.424,0.78165,0.7818,9.60,0.30
2008.03.26 09:41:29.673,0.78165,0.7818,8.80,0.30
2008.03.26 09:41:29.921,0.78165,0.7818,8.80,0.30
2008.03.26 09:41:30.171,0.78165,0.7818,2.40,0.30
2008.03.26 09:41:30.504,0.78165,0.7818,6.40,0.30
2008.03.26 09:41:30.839,0.78165,0.7818,6.40,0.30
2008.03.26 09:41:31.174,0.78165,0.78185,7.20,2.40
2008.03.26 09:41:31.412,0.78165,0.78185,7.20,2.40
2008.03.26 09:41:31.651,0.78165,0.78185,7.20,2.40
2008.03.26 09:41:31.889,0.78165,0.78185,7.20,2.40
2008.03.26 09:41:32.128,0.78165,0.7819,10.70,1.20
2008.03.26 09:41:32.452,0.78165,0.7819,10.70,0.50
2008.03.26 09:41:32.775,0.78165,0.7819,10.70,0.50
2008.03.26 09:41:33.098,0.78165,0.7819,10.70,0.50
2008.03.26 09:41:33.337,0.78165,0.7819,10.70,0.50
2008.03.26 09:41:33.576,0.78165,0.7818,10.40,0.30
2008.03.26 09:41:33.815,0.78165,0.7818,7.20,0.30
2008.03.26 09:41:34.055,0.78165,0.7818,7.50,0.30
2008.03.26 09:41:34.365,0.78165,0.7818,8.30,0.30
2008.03.26 09:41:34.674,0.78165,0.7819,10.70,0.50
2008.03.26 09:41:34.983,0.78165,0.7819,10.70,0.30
2008.03.26 09:41:35.265,0.78165,0.7819,10.70,0.30
2008.03.26 09:41:35.549,0.78165,0.7819,10.70,0.30
2008.03.26 09:41:35.833,0.78165,0.7819,10.70,0.30
2008.03.26 09:41:36.117,0.78165,0.7819,10.70,0.30
2008.03.26 09:41:36.401,0.78165,0.7819,10.70,0.30
2008.03.26 09:41:36.685,0.78165,0.7819,10.70,0.30
2008.03.26 09:41:36.968,0.78165,0.7819,10.70,0.30
2008.03.26 09:41:37.262,0.78165,0.7819,10.70,0.30
2008.03.26 09:41:37.557,0.78165,0.7819,10.70,0.30
2008.03.26 09:41:37.845,0.78165,0.7819,15.50,0.30
2008.03.26 09:41:38.132,0.78165,0.7819,15.50,0.30
2008.03.26 09:41:38.409,0.78165,0.7819,13.90,0.30
2008.03.26 09:41:38.676,0.78165,0.7819,13.90,0.30
2008.03.26 09:41:38.956,0.78165,0.7819,13.90,0.30
2008.03.26 09:41:39.213,0.78165,0.7819,11.50,0.30
2008.03.26 09:41:39.516,0.78165,0.7819,11.50,0.30
2008.03.26 09:41:39.820,0.78165,0.7819,11.50,0.30
2008.03.26 09:41:40.125,0.78165,0.7819,14.70,0.30
2008.03.26 09:41:40.399,0.78165,0.7819,14.70,0.30
2008.03.26 09:41:40.673,0.7817,0.7819,0.40,0.30
2008.03.26 09:41:40.947,0.7817,0.7819,0.40,0.30
2008.03.26 09:41:41.222,0.78165,0.7819,14.70,0.30
2008.03.26 09:41:41.530,0.78165,0.7819,14.70,0.30
2008.03.26 09:41:41.839,0.78165,0.7819,14.70,1.00
2008.03.26 09:41:42.147,0.78165,0.7819,14.70,1.00
2008.03.26 09:41:42.376,0.78165,0.7819,14.70,1.00
2008.03.26 09:41:42.606,0.78165,0.78185,6.70,0.80
2008.03.26 09:41:42.834,0.78165,0.78185,6.70,0.80
2008.03.26 09:41:43.070,0.78165,0.78185,6.70,0.80
2008.03.26 09:41:43.389,0.78165,0.78185,6.70,0.80
2008.03.26 09:41:43.707,0.78165,0.78185,6.70,3.20
2008.03.26 09:41:44.026,0.78165,0.78185,6.70,3.20
2008.03.26 09:41:44.344,0.78165,0.78185,6.70,3.20
2008.03.26 09:41:44.597,0.78165,0.78185,6.70,3.20
2008.03.26 09:41:44.850,0.78165,0.78185,6.70,3.20
2008.03.26 09:41:45.105,0.78165,0.78185,6.70,3.20
2008.03.26 09:41:45.399,0.78165,0.78185,6.70,3.20
2008.03.26 09:41:45.693,0.78165,0.78185,6.70,3.20
2008.03.26 09:41:45.987,0.78165,0.78185,6.70,3.20
2008.03.26 09:41:46.281,0.78165,0.78185,6.70,3.20
2008.03.26 09:41:46.550,0.78165,0.78185,6.70,3.20
2008.03.26 09:41:46.819,0.78165,0.78185,6.70,3.20
2008.03.26 09:41:47.088,0.78165,0.78185,6.70,3.20
2008.03.26 09:41:47.367,0.78165,0.78185,2.40,9.70
2008.03.26 09:41:47.621,0.78165,0.78185,2.40,5.70
2008.03.26 09:41:47.886,0.78165,0.78185,2.40,6.50
2008.03.26 09:41:48.151,0.7816,0.7818,0.20,0.30
2008.03.26 09:41:48.451,0.7816,0.7818,0.60,1.00
2008.03.26 09:41:48.751,0.7817,0.78185,0.20,6.40
2008.03.26 09:41:49.050,0.7817,0.78185,0.20,4.00
2008.03.26 09:41:49.350,0.7817,0.78185,0.20,3.20
2008.03.26 09:41:49.675,0.7817,0.78185,0.20,3.20
2008.03.26 09:41:49.998,0.7817,0.78185,0.20,3.20
2008.03.26 09:41:50.323,0.78165,0.78185,2.40,5.60
2008.03.26 09:41:50.567,0.78165,0.78185,2.40,5.60
2008.03.26 09:41:50.812,0.78165,0.78185,6.40,5.60
2008.03.26 09:41:51.056,0.78165,0.78185,2.40,5.60
2008.03.26 09:41:51.302,0.78165,0.78185,2.40,5.60
2008.03.26 09:41:51.601,0.78165,0.78185,2.40,5.60
2008.03.26 09:41:51.899,0.78165,0.78185,2.40,5.60
2008.03.26 09:41:52.197,0.78165,0.78185,2.40,5.60
2008.03.26 09:41:52.433,0.78165,0.78185,2.40,5.60
2008.03.26 09:41:52.668,0.78165,0.78185,2.40,5.60
2008.03.26 09:41:52.901,0.78165,0.78185,2.40,5.60
2008.03.26 09:41:53.135,0.78165,0.78185,2.40,5.60
2008.03.26 09:41:53.369,0.78165,0.78185,2.40,5.60
2008.03.26 09:41:53.697,0.78165,0.78185,2.40,5.60
2008.03.26 09:41:54.024,0.78165,0.78185,2.40,5.60
2008.03.26 09:41:54.353,0.78165,0.78185,2.40,5.60
2008.03.26 09:41:54.616,0.78165,0.78185,2.40,5.60
2008.03.26 09:41:54.878,0.78165,0.78185,2.40,5.60
2008.03.26 09:41:55.141,0.78165,0.78185,2.40,5.60
2008.03.26 09:41:55.405,0.78165,0.78185,2.40,5.60
2008.03.26 09:41:55.664,0.78165,0.78185,2.40,5.60
2008.03.26 09:41:55.933,0.78165,0.78185,2.40,5.60
2008.03.26 09:41:56.183,0.78165,0.78185,2.40,5.60
2008.03.26 09:41:56.442,0.78165,0.78185,2.40,5.60
2008.03.26 09:41:56.722,0.78165,0.78185,2.40,5.60
2008.03.26 09:41:57.001,0.78165,0.78185,2.40,5.60
2008.03.26 09:41:57.280,0.78165,0.78185,2.40,5.60
2008.03.26 09:41:57.560,0.78165,0.78185,2.40,5.60
2008.03.26 09:41:57.842,0.78165,0.78185,2.40,5.60
2008.03.26 09:41:58.106,0.78165,0.78185,2.40,5.60
2008.03.26 09:41:58.379,0.78165,0.78185,2.40,5.60
2008.03.26 09:41:58.648,0.78165,0.78185,2.40,5.60
2008.03.26 09:41:58.917,0.78165,0.78185,2.40,5.60
2008.03.26 09:41:59.186,0.78165,0.78185,2.40,5.60
2008.03.26 09:41:59.455,0.78165,0.78185,2.40,5.60
2008.03.26 09:41:59.760,0.78165,0.7818,2.40,1.00
2008.03.26 09:42:00.066,0.78165,0.7818,2.40,1.00
2008.03.26 09:42:00.369,0.78165,0.7818,2.40,1.00
2008.03.26 09:42:00.647,0.78165,0.7818,2.40,1.00
2008.03.26 09:42:00.928,0.78165,0.7818,2.40,1.00
2008.03.26 09:42:01.199,0.78165,0.7818,2.40,1.00
2008.03.26 09:42:01.474,0.78165,0.7818,2.40,1.00
2008.03.26 09:42:01.735,0.78165,0.7818,2.40,1.00
2008.03.26 09:42:02.009,0.78165,0.7818,2.40,1.00
2008.03.26 09:42:02.282,0.78165,0.7818,2.40,1.00
2008.03.26 09:42:02.556,0.78165,0.7818,2.40,1.00
2008.03.26 09:42:02.845,0.78165,0.7818,2.40,1.00
2008.03.26 09:42:03.135,0.78165,0.7818,2.40,1.00
2008.03.26 09:42:03.424,0.78165,0.7818,2.40,1.00
2008.03.26 09:42:03.712,0.78165,0.7818,2.40,1.00
2008.03.26 09:42:03.975,0.78165,0.7818,2.40,1.00
2008.03.26 09:42:04.239,0.78165,0.7818,2.40,1.00
2008.03.26 09:42:04.514,0.78165,0.7818,2.40,1.00
2008.03.26 09:42:04.787,0.78165,0.7818,2.40,1.00
2008.03.26 09:42:05.071,0.78165,0.7818,2.40,1.00
2008.03.26 09:42:05.355,0.78165,0.7818,2.40,1.00
2008.03.26 09:42:05.646,0.78165,0.7818,3.20,1.00
2008.03.26 09:42:05.919,0.78165,0.7818,4.00,1.00
2008.03.26 09:42:06.194,0.78165,0.78185,3.20,8.80
2008.03.26 09:42:06.471,0.78165,0.78185,9.60,5.60
2008.03.26 09:42:06.746,0.78165,0.78185,6.40,3.20
2008.03.26 09:42:07.037,0.78165,0.78185,6.40,3.20
2008.03.26 09:42:07.326,0.78165,0.78185,5.60,3.20
2008.03.26 09:42:07.616,0.78165,0.78185,5.90,3.20
2008.03.26 09:42:07.899,0.78165,0.78185,5.90,3.20
2008.03.26 09:42:08.184,0.78165,0.78185,5.60,3.20
2008.03.26 09:42:08.468,0.78165,0.78185,5.60,3.20
2008.03.26 09:42:08.752,0.78165,0.78185,5.60,3.20
2008.03.26 09:42:09.036,0.78165,0.78185,5.90,3.20
2008.03.26 09:42:09.320,0.78165,0.78185,5.90,3.20
2008.03.26 09:42:09.606,0.78165,0.78185,5.90,3.20
2008.03.26 09:42:09.894,0.78165,0.78185,5.90,3.20
2008.03.26 09:42:10.184,0.78165,0.78185,5.60,4.00
2008.03.26 09:42:10.488,0.78165,0.7818,5.60,1.00
2008.03.26 09:42:10.779,0.78165,0.7818,9.10,0.80
2008.03.26 09:42:11.065,0.78165,0.7818,6.70,0.80
2008.03.26 09:42:11.350,0.7817,0.78185,0.20,3.20
2008.03.26 09:42:11.635,0.7817,0.78185,0.20,3.20
2008.03.26 09:42:11.898,0.7817,0.78185,0.20,3.20
2008.03.26 09:42:12.163,0.7817,0.78185,0.20,3.20
2008.03.26 09:42:12.428,0.78175,0.78185,0.20,3.20
2008.03.26 09:42:12.692,0.78175,0.78185,0.20,3.20
2008.03.26 09:42:12.995,0.78175,0.78185,0.20,3.20
2008.03.26 09:42:13.300,0.78175,0.78185,0.20,3.20
2008.03.26 09:42:13.604,0.78175,0.78185,0.20,0.80
2008.03.26 09:42:13.911,0.78175,0.7819,0.20,1.20
2008.03.26 09:42:14.185,0.78175,0.7819,0.20,1.20
2008.03.26 09:42:14.460,0.78175,0.7819,0.20,1.20
2008.03.26 09:42:14.734,0.78175,0.7819,0.20,1.20
2008.03.26 09:42:15.033,0.78175,0.7819,0.20,1.20
2008.03.26 09:42:15.334,0.78175,0.7819,0.20,0.60
2008.03.26 09:42:15.635,0.78175,0.7819,0.20,0.60
2008.03.26 09:42:15.947,0.78175,0.7819,0.20,0.60
2008.03.26 09:42:16.222,0.78175,0.7819,0.20,0.60
2008.03.26 09:42:16.485,0.7817,0.78185,0.20,0.30
2008.03.26 09:42:16.758,0.7817,0.78185,0.20,0.30
2008.03.26 09:42:17.039,0.7817,0.78185,0.60,0.30
2008.03.26 09:42:17.331,0.7817,0.78185,0.60,0.30
2008.03.26 09:42:17.613,0.7817,0.78185,0.20,0.30
2008.03.26 09:42:17.892,0.7817,0.78185,0.20,0.30
2008.03.26 09:42:18.181,0.7817,0.78185,0.20,0.30
2008.03.26 09:42:18.470,0.7817,0.78185,0.20,0.30
2008.03.26 09:42:18.760,0.7817,0.7818,0.20,0.60
2008.03.26 09:42:19.048,0.78165,0.7818,2.50,0.60
2008.03.26 09:42:19.323,0.78165,0.7818,2.50,0.30
2008.03.26 09:42:19.598,0.78165,0.7818,2.50,0.30
2008.03.26 09:42:19.872,0.78165,0.7818,2.50,0.30
2008.03.26 09:42:20.161,0.78165,0.7818,2.50,0.30
2008.03.26 09:42:20.451,0.78165,0.7818,2.50,0.30
2008.03.26 09:42:20.740,0.78165,0.7818,2.50,0.30
2008.03.26 09:42:21.029,0.78165,0.7818,2.50,0.30
2008.03.26 09:42:21.324,0.78165,0.7818,2.50,0.30
2008.03.26 09:42:21.618,0.78165,0.7818,2.50,0.30
2008.03.26 09:42:21.914,0.78165,0.7818,2.50,0.30
2008.03.26 09:42:22.152,0.78165,0.7818,2.50,0.30
2008.03.26 09:42:22.391,0.78165,0.7818,2.50,0.30
2008.03.26 09:42:22.630,0.78165,0.7818,2.50,0.30
2008.03.26 09:42:22.869,0.7817,0.78185,0.20,0.30
2008.03.26 09:42:23.109,0.78175,0.78185,0.20,0.30
2008.03.26 09:42:23.443,0.7817,0.78185,0.20,0.30
2008.03.26 09:42:23.779,0.78175,0.7819,9.20,0.80
2008.03.26 09:42:24.114,0.7818,0.78195,4.00,0.30
2008.03.26 09:42:24.358,0.7818,0.7819,4.10,0.30
2008.03.26 09:42:24.604,0.7818,0.7819,4.10,0.30
2008.03.26 09:42:24.850,0.78175,0.7819,1.20,0.30
2008.03.26 09:42:25.095,0.7818,0.7819,0.20,0.30
2008.03.26 09:42:25.440,0.7818,0.78195,0.40,0.30
2008.03.26 09:42:25.776,0.7818,0.78195,0.20,0.30
2008.03.26 09:42:26.110,0.7818,0.78195,0.20,0.30
2008.03.26 09:42:26.351,0.7818,0.78195,0.20,0.30
2008.03.26 09:42:26.592,0.7818,0.78195,0.40,0.30
2008.03.26 09:42:26.831,0.7818,0.78195,0.20,0.30
2008.03.26 09:42:27.070,0.7818,0.7819,0.20,0.30
2008.03.26 09:42:27.404,0.7818,0.7819,0.20,0.30
2008.03.26 09:42:27.739,0.78175,0.7819,8.90,0.60
2008.03.26 09:42:28.072,0.78175,0.7819,8.90,0.60
2008.03.26 09:42:28.312,0.78175,0.7819,8.90,0.60
2008.03.26 09:42:28.553,0.78175,0.7819,8.90,0.60
2008.03.26 09:42:28.792,0.78175,0.7819,8.90,0.60
2008.03.26 09:42:29.030,0.78175,0.7819,8.90,0.60
2008.03.26 09:42:29.353,0.78175,0.7819,8.90,0.60
2008.03.26 09:42:29.677,0.78175,0.7819,8.90,0.60
2008.03.26 09:42:30.000,0.78175,0.7819,8.90,0.60
2008.03.26 09:42:30.264,0.78175,0.7819,8.90,0.60
2008.03.26 09:42:30.529,0.78175,0.7819,8.90,0.60
2008.03.26 09:42:30.792,0.78175,0.7819,6.50,0.60
2008.03.26 09:42:31.056,0.78175,0.7819,6.50,0.60
2008.03.26 09:42:31.355,0.7818,0.7819,0.20,0.60
2008.03.26 09:42:31.654,0.7818,0.7819,0.20,0.60
2008.03.26 09:42:31.953,0.7818,0.7819,0.20,0.60
2008.03.26 09:42:32.252,0.7818,0.7819,0.20,1.20
2008.03.26 09:42:32.523,0.78175,0.7819,2.50,1.20
2008.03.26 09:42:32.795,0.78175,0.7819,2.40,1.20
2008.03.26 09:42:33.065,0.78175,0.78185,2.40,0.30
2008.03.26 09:42:33.352,0.78175,0.78185,2.40,0.30
2008.03.26 09:42:33.638,0.78175,0.78185,2.40,0.30
2008.03.26 09:42:33.923,0.7817,0.78185,0.40,0.30
2008.03.26 09:42:34.209,0.78175,0.78185,2.40,0.30
2008.03.26 09:42:34.498,0.7817,0.78185,0.40,0.30
2008.03.26 09:42:34.788,0.7817,0.78185,0.40,0.30
2008.03.26 09:42:35.078,0.7817,0.78185,0.20,0.30
2008.03.26 09:42:35.368,0.7817,0.78185,0.20,0.30
2008.03.26 09:42:35.657,0.7817,0.7818,0.20,0.30
2008.03.26 09:42:35.946,0.78165,0.7818,7.30,0.30
2008.03.26 09:42:36.236,0.78165,0.7818,6.50,0.30
2008.03.26 09:42:36.510,0.78165,0.7818,6.50,0.30
2008.03.26 09:42:36.785,0.78165,0.7818,6.50,0.30
2008.03.26 09:42:37.058,0.78165,0.7818,6.50,0.30
2008.03.26 09:42:37.338,0.78165,0.7818,6.50,0.30
2008.03.26 09:42:37.617,0.78165,0.7818,6.50,0.30
2008.03.26 09:42:37.898,0.78165,0.7818,6.50,0.30
2008.03.26 09:42:38.177,0.78165,0.7818,6.50,0.30
2008.03.26 09:42:38.436,0.78165,0.7818,6.50,0.30
2008.03.26 09:42:38.696,0.78165,0.7818,6.50,0.30
2008.03.26 09:42:38.957,0.78165,0.7818,6.50,0.30
2008.03.26 09:42:39.217,0.78165,0.7818,6.50,0.30
2008.03.26 09:42:39.521,0.78165,0.7818,6.50,0.30
2008.03.26 09:42:39.824,0.78165,0.7818,6.50,0.30
2008.03.26 09:42:40.129,0.78165,0.7818,6.50,0.30
2008.03.26 09:42:40.423,0.78165,0.7818,6.50,0.30
2008.03.26 09:42:40.718,0.7817,0.7818,0.20,0.30
2008.03.26 09:42:41.014,0.7817,0.78185,0.20,0.30
2008.03.26 09:42:41.321,0.78175,0.78185,2.40,0.30
2008.03.26 09:42:41.595,0.78175,0.78185,2.40,0.30
2008.03.26 09:42:41.862,0.7817,0.78185,0.20,0.30
2008.03.26 09:42:42.124,0.7817,0.78185,0.20,0.30
2008.03.26 09:42:42.389,0.7817,0.78185,0.20,0.30
2008.03.26 09:42:42.678,0.7817,0.78185,0.20,0.30
2008.03.26 09:42:42.968,0.7817,0.78185,0.20,0.30
2008.03.26 09:42:43.256,0.7817,0.78185,0.20,0.30
2008.03.26 09:42:43.515,0.7817,0.78185,0.20,0.30
2008.03.26 09:42:43.775,0.7817,0.78185,0.20,0.30
2008.03.26 09:42:44.034,0.7817,0.78185,0.20,0.30
2008.03.26 09:42:44.294,0.7817,0.78185,0.20,0.30
2008.03.26 09:42:44.578,0.7817,0.78185,0.20,0.30
2008.03.26 09:42:44.862,0.7817,0.78185,0.20,0.30
2008.03.26 09:42:45.147,0.7817,0.78185,0.20,0.30
2008.03.26 09:42:45.431,0.7817,0.78185,0.20,0.30
2008.03.26 09:42:45.725,0.7817,0.78185,0.20,0.30
2008.03.26 09:42:46.019,0.7817,0.78185,0.20,0.30
2008.03.26 09:42:46.314,0.7817,0.78185,0.20,0.30
2008.03.26 09:42:46.583,0.7817,0.78185,0.20,0.30
2008.03.26 09:42:46.853,0.7817,0.78185,0.20,0.30
2008.03.26 09:42:47.122,0.7817,0.78185,0.20,0.30
2008.03.26 09:42:47.391,0.7817,0.78185,0.20,0.30
2008.03.26 09:42:47.670,0.7817,0.78185,0.20,0.30
2008.03.26 09:42:47.949,0.7817,0.78185,0.20,0.30
2008.03.26 09:42:48.230,0.7817,0.78185,0.20,0.30
2008.03.26 09:42:48.516,0.7817,0.78185,0.20,0.30
2008.03.26 09:42:48.800,0.7817,0.78185,0.20,0.30
2008.03.26 09:42:49.083,0.7817,0.78185,0.20,0.30
2008.03.26 09:42:49.368,0.78175,0.78185,0.20,0.30
2008.03.26 09:42:49.656,0.78175,0.78185,0.20,0.30
2008.03.26 09:42:49.946,0.78175,0.78185,0.20,0.30
2008.03.26 09:42:50.236,0.78175,0.78185,0.20,0.30
2008.03.26 09:42:50.525,0.78175,0.78185,0.20,0.30
2008.03.26 09:42:50.806,0.78175,0.7819,2.50,1.20
2008.03.26 09:42:51.085,0.78175,0.7819,2.50,1.20
2008.03.26 09:42:51.365,0.78175,0.78185,2.50,0.30
2008.03.26 09:42:51.640,0.78175,0.78185,2.50,0.30
2008.03.26 09:42:51.915,0.7817,0.78185,0.20,0.30
2008.03.26 09:42:52.189,0.7817,0.78185,0.20,0.30
2008.03.26 09:42:52.472,0.7817,0.78185,0.20,0.30
2008.03.26 09:42:52.771,0.7817,0.78185,0.20,0.30
2008.03.26 09:42:53.060,0.7817,0.78185,0.20,0.30
2008.03.26 09:42:53.349,0.7817,0.78185,0.20,0.30
2008.03.26 09:42:53.638,0.7817,0.78185,0.20,0.30
2008.03.26 09:42:53.907,0.7817,0.78185,0.20,0.30
2008.03.26 09:42:54.176,0.7817,0.78185,0.20,0.30
2008.03.26 09:42:54.445,0.7817,0.78185,0.20,0.30
2008.03.26 09:42:54.750,0.7817,0.78185,0.20,0.30
2008.03.26 09:42:55.056,0.7817,0.7818,0.20,0.30
2008.03.26 09:42:55.362,0.78165,0.7818,6.50,0.60
2008.03.26 09:42:55.665,0.78165,0.7818,6.50,0.60
2008.03.26 09:42:55.926,0.78165,0.7818,6.40,0.60
2008.03.26 09:42:56.186,0.78165,0.78175,6.40,0.30
2008.03.26 09:42:56.448,0.78165,0.78175,6.40,0.30
2008.03.26 09:42:56.757,0.78165,0.78175,6.40,0.30
2008.03.26 09:42:57.067,0.78165,0.7818,6.80,0.60
2008.03.26 09:42:57.379,0.78165,0.7818,6.80,0.30
2008.03.26 09:42:57.687,0.78165,0.7818,2.80,0.30
2008.03.26 09:42:57.947,0.78165,0.7818,2.80,0.30
2008.03.26 09:42:58.206,0.78165,0.7818,2.50,0.30
2008.03.26 09:42:58.465,0.78165,0.7818,2.50,0.30
2008.03.26 09:42:58.750,0.78165,0.7818,6.50,0.30
2008.03.26 09:42:59.035,0.78165,0.7818,2.50,0.30
2008.03.26 09:42:59.320,0.7817,0.78185,0.20,0.30
2008.03.26 09:42:59.605,0.7817,0.78185,0.20,0.30
2008.03.26 09:42:59.915,0.7817,0.78185,0.20,0.30
2008.03.26 09:43:00.225,0.7817,0.78185,0.20,0.30
2008.03.26 09:43:00.534,0.7817,0.78185,0.20,0.30
2008.03.26 09:43:00.790,0.7817,0.78185,0.20,0.30
2008.03.26 09:43:01.045,0.7817,0.78185,0.20,0.30
2008.03.26 09:43:01.301,0.7817,0.78185,0.20,0.30
2008.03.26 09:43:01.555,0.7817,0.78185,0.20,0.30
2008.03.26 09:43:01.848,0.7817,0.78185,0.20,0.30
2008.03.26 09:43:02.154,0.7817,0.78185,0.20,0.30
2008.03.26 09:43:02.439,0.7817,0.78185,0.20,0.30
2008.03.26 09:43:02.733,0.78175,0.7819,0.20,1.20
2008.03.26 09:43:03.007,0.78175,0.7819,0.20,1.20
2008.03.26 09:43:03.281,0.78175,0.7819,0.20,1.20
2008.03.26 09:43:03.556,0.78175,0.7819,0.20,1.20
2008.03.26 09:43:03.849,0.78175,0.7819,0.20,1.20
2008.03.26 09:43:04.142,0.78175,0.7819,0.20,1.20
2008.03.26 09:43:04.436,0.78175,0.7819,0.20,1.20
2008.03.26 09:43:04.730,0.78175,0.7819,0.20,1.20
2008.03.26 09:43:05.029,0.78175,0.7819,0.20,1.20
2008.03.26 09:43:05.329,0.78175,0.7819,0.20,1.20
2008.03.26 09:43:05.627,0.78175,0.7819,0.20,1.20
2008.03.26 09:43:05.884,0.78175,0.7819,0.20,1.20
2008.03.26 09:43:06.143,0.78175,0.7819,0.20,1.20
2008.03.26 09:43:06.401,0.78175,0.7819,0.20,1.20
2008.03.26 09:43:06.660,0.78175,0.7819,0.20,1.20
2008.03.26 09:43:06.959,0.78175,0.7819,0.20,1.20
2008.03.26 09:43:07.258,0.78175,0.7819,0.20,1.20
2008.03.26 09:43:07.556,0.78175,0.7819,0.20,1.20
2008.03.26 09:43:07.836,0.78175,0.7819,0.20,1.20
2008.03.26 09:43:08.114,0.78175,0.7819,0.20,1.20
2008.03.26 09:43:08.394,0.78175,0.7819,0.20,5.20
2008.03.26 09:43:08.672,0.78175,0.7819,0.20,5.20
2008.03.26 09:43:08.931,0.78175,0.7819,0.20,5.20
2008.03.26 09:43:09.193,0.78175,0.78185,0.20,2.40
2008.03.26 09:43:09.454,0.7817,0.78185,0.20,3.20
2008.03.26 09:43:09.715,0.7817,0.78185,0.20,3.20
2008.03.26 09:43:10.034,0.7817,0.78185,0.20,3.20
2008.03.26 09:43:10.351,0.7817,0.78185,0.20,3.20
2008.03.26 09:43:10.669,0.7817,0.78185,0.20,3.20
2008.03.26 09:43:10.909,0.7817,0.78185,0.20,3.20
2008.03.26 09:43:11.149,0.7817,0.78185,0.20,3.20
2008.03.26 09:43:11.388,0.78175,0.78185,0.20,3.20
2008.03.26 09:43:11.627,0.78175,0.78185,0.20,3.20
2008.03.26 09:43:11.866,0.78175,0.78185,0.20,3.20
2008.03.26 09:43:12.196,0.78175,0.78185,0.20,3.20
2008.03.26 09:43:12.525,0.78175,0.78185,0.20,3.20
2008.03.26 09:43:12.856,0.78175,0.78185,0.20,3.20
2008.03.26 09:43:13.105,0.78175,0.78185,0.20,3.20
2008.03.26 09:43:13.354,0.78175,0.78185,0.20,3.20
2008.03.26 09:43:13.603,0.78175,0.78185,0.20,3.20
2008.03.26 09:43:13.865,0.7817,0.78185,0.20,3.40
2008.03.26 09:43:14.157,0.7817,0.78185,0.20,3.40
2008.03.26 09:43:14.447,0.7817,0.78185,0.20,3.40
2008.03.26 09:43:14.736,0.7817,0.78185,0.20,3.40
2008.03.26 09:43:15.034,0.7817,0.78185,0.20,3.40
2008.03.26 09:43:15.335,0.7817,0.78185,0.20,3.40
2008.03.26 09:43:15.632,0.7817,0.78185,0.20,3.40
2008.03.26 09:43:15.931,0.7817,0.78185,0.20,3.40
2008.03.26 09:43:16.202,0.78175,0.78185,0.20,3.20
2008.03.26 09:43:16.469,0.78175,0.78185,0.20,3.20
2008.03.26 09:43:16.738,0.78175,0.78185,0.20,3.20
2008.03.26 09:43:17.007,0.78175,0.78185,0.20,3.20
2008.03.26 09:43:17.311,0.7817,0.78185,0.20,3.40
2008.03.26 09:43:17.614,0.7817,0.78185,0.20,3.40
2008.03.26 09:43:17.918,0.7817,0.78185,0.20,3.40
2008.03.26 09:43:18.171,0.7817,0.78185,0.20,3.40
2008.03.26 09:43:18.426,0.7817,0.78185,0.20,3.40
2008.03.26 09:43:18.680,0.7817,0.78185,0.20,3.40
2008.03.26 09:43:18.935,0.7817,0.78185,0.20,3.40
2008.03.26 09:43:19.240,0.7817,0.78185,0.20,3.40
2008.03.26 09:43:19.545,0.7817,0.78185,0.20,3.20
2008.03.26 09:43:19.849,0.78175,0.78185,0.20,0.80
2008.03.26 09:43:20.133,0.78175,0.7819,0.20,5.20
2008.03.26 09:43:20.418,0.78175,0.7819,0.20,5.20
2008.03.26 09:43:20.703,0.78175,0.7819,0.20,5.20
2008.03.26 09:43:20.988,0.78175,0.7819,0.20,1.20
2008.03.26 09:43:21.272,0.78175,0.7819,0.20,1.20
2008.03.26 09:43:21.555,0.78175,0.7819,0.20,1.20
2008.03.26 09:43:21.839,0.78175,0.7819,0.20,1.20
2008.03.26 09:43:22.124,0.78175,0.7819,0.20,1.20
2008.03.26 09:43:22.393,0.78175,0.7819,0.20,1.20
2008.03.26 09:43:22.663,0.78175,0.7819,0.20,1.20
2008.03.26 09:43:22.931,0.78175,0.7819,0.20,1.20
2008.03.26 09:43:23.195,0.78175,0.7819,0.20,1.20
2008.03.26 09:43:23.459,0.78175,0.7819,0.20,1.20
2008.03.26 09:43:23.723,0.78175,0.7819,0.20,1.20
2008.03.26 09:43:23.987,0.78175,0.7819,0.20,1.20
2008.03.26 09:43:24.303,0.78175,0.7819,0.20,1.20
2008.03.26 09:43:24.602,0.78175,0.7819,0.20,1.20
2008.03.26 09:43:24.902,0.78175,0.7819,0.20,1.20
2008.03.26 09:43:25.199,0.78175,0.7819,0.20,1.20
2008.03.26 09:43:25.517,0.78175,0.7819,0.20,1.20
2008.03.26 09:43:25.836,0.78175,0.7819,0.20,1.20
2008.03.26 09:43:26.162,0.78175,0.7819,0.20,1.20
2008.03.26 09:43:26.397,0.7818,0.7819,0.20,0.80
2008.03.26 09:43:26.631,0.7818,0.7819,0.20,0.80
2008.03.26 09:43:26.869,0.7818,0.7819,0.20,1.00
2008.03.26 09:43:27.104,0.7818,0.7819,0.20,1.00
2008.03.26 09:43:27.424,0.7818,0.7819,0.20,1.00
2008.03.26 09:43:27.748,0.7818,0.7819,0.40,0.80
2008.03.26 09:43:28.990,0.7818,0.7819,0.40,1.00
2008.03.26 09:43:31.162,0.7818,0.7819,0.20,1.00
2008.03.26 09:43:31.197,0.7818,0.7819,0.20,1.00
2008.03.26 09:43:31.275,0.78175,0.7819,2.50,1.00
2008.03.26 09:43:31.315,0.78175,0.7819,0.20,1.00
2008.03.26 09:43:31.332,0.78175,0.7819,0.20,1.00
2008.03.26 09:43:31.525,0.78175,0.7819,0.20,1.00
2008.03.26 09:43:31.577,0.78175,0.7819,0.20,1.00
2008.03.26 09:43:31.619,0.78175,0.7819,0.20,1.00
2008.03.26 09:43:31.684,0.78175,0.7819,0.60,1.00
2008.03.26 09:43:31.721,0.78175,0.7819,2.80,1.00
2008.03.26 09:43:31.770,0.7818,0.7819,0.40,1.00
2008.03.26 09:43:31.841,0.7818,0.7819,0.40,0.80
2008.03.26 09:43:33.511,0.7818,0.7819,0.40,0.80
2008.03.26 09:43:33.842,0.78185,0.782,0.20,0.60
2008.03.26 09:43:34.176,0.78185,0.782,0.20,0.60
2008.03.26 09:43:34.511,0.7819,0.78205,0.40,5.00
2008.03.26 09:43:34.860,0.7819,0.78205,0.40,7.20
2008.03.26 09:43:35.148,0.7819,0.782,0.20,0.30
2008.03.26 09:43:35.438,0.7819,0.782,0.20,0.30
2008.03.26 09:43:35.730,0.7819,0.782,0.20,0.30
2008.03.26 09:43:36.006,0.7819,0.782,0.20,0.30
2008.03.26 09:43:36.283,0.78185,0.782,0.20,0.30
2008.03.26 09:43:36.557,0.78185,0.78195,0.20,3.20
2008.03.26 09:43:36.846,0.7819,0.78195,0.20,0.80
2008.03.26 09:43:37.141,0.7819,0.78195,0.20,0.80
2008.03.26 09:43:37.437,0.7819,0.782,0.20,0.30
2008.03.26 09:43:37.735,0.78185,0.782,0.20,0.30
2008.03.26 09:43:38.030,0.7819,0.782,0.20,0.30
2008.03.26 09:43:38.306,0.7819,0.78205,0.20,7.20
2008.03.26 09:43:38.581,0.7819,0.78205,0.20,7.20
2008.03.26 09:43:38.856,0.7819,0.782,0.20,0.30
2008.03.26 09:43:39.140,0.7819,0.782,0.20,0.30
2008.03.26 09:43:39.432,0.7819,0.78205,0.20,7.20
2008.03.26 09:43:39.724,0.78195,0.78205,0.20,7.20
2008.03.26 09:43:40.014,0.78195,0.78205,0.20,7.20
2008.03.26 09:43:40.303,0.7819,0.78205,0.40,3.20
2008.03.26 09:43:40.610,0.78195,0.7821,0.20,1.00
2008.03.26 09:43:40.915,0.78195,0.7821,0.20,5.00
2008.03.26 09:43:41.233,0.78195,0.7821,0.20,5.00
2008.03.26 09:43:41.516,0.78195,0.7821,0.20,5.00
2008.03.26 09:43:41.785,0.78195,0.7821,0.20,5.00
2008.03.26 09:43:42.057,0.78195,0.7821,0.20,5.00
2008.03.26 09:43:42.328,0.78195,0.7821,0.20,1.00
2008.03.26 09:43:42.623,0.78195,0.7821,0.20,1.00
2008.03.26 09:43:42.914,0.782,0.78205,0.20,0.50
2008.03.26 09:43:43.218,0.782,0.78205,0.40,0.50
2008.03.26 09:43:43.513,0.782,0.78205,0.20,0.50
2008.03.26 09:43:43.808,0.782,0.78205,0.60,0.50
2008.03.26 09:43:44.105,0.78205,0.7822,0.50,0.60
2008.03.26 09:43:44.413,0.7821,0.7822,0.40,0.30
2008.03.26 09:43:44.678,0.78215,0.7823,0.20,1.40
2008.03.26 09:43:44.942,0.78215,0.7823,0.20,1.40
2008.03.26 09:43:45.209,0.78215,0.7823,0.20,1.40
2008.03.26 09:43:45.473,0.78215,0.7823,0.20,5.20
2008.03.26 09:43:45.816,0.78215,0.7823,0.20,5.00
2008.03.26 09:43:46.140,0.78215,0.7823,0.20,5.00
2008.03.26 09:43:46.471,0.78215,0.7823,0.20,1.00
2008.03.26 09:43:46.707,0.7822,0.7823,0.20,1.20
2008.03.26 09:43:46.942,0.7822,0.78225,0.20,4.00
2008.03.26 09:43:47.177,0.7822,0.78225,0.20,4.00
2008.03.26 09:43:47.412,0.78215,0.7823,0.20,5.20
2008.03.26 09:43:47.732,0.78215,0.7823,0.20,5.20
2008.03.26 09:43:48.051,0.78215,0.7823,0.20,5.20
2008.03.26 09:43:48.385,0.78215,0.7823,0.20,5.00
2008.03.26 09:43:48.639,0.78215,0.7823,0.20,4.20
2008.03.26 09:43:48.915,0.78215,0.7823,0.20,4.20
2008.03.26 09:43:49.182,0.7822,0.7823,0.20,0.30
2008.03.26 09:43:49.448,0.7822,0.7823,0.20,0.30
2008.03.26 09:43:49.765,0.7822,0.7823,0.20,0.30
2008.03.26 09:43:50.080,0.7822,0.7824,0.40,5.40
2008.03.26 09:43:50.397,0.7822,0.7824,0.20,1.40
2008.03.26 09:43:50.664,0.78225,0.7824,0.20,1.20
2008.03.26 09:43:50.930,0.78225,0.7824,0.20,1.20
2008.03.26 09:43:51.206,0.78225,0.7824,0.20,1.00
2008.03.26 09:43:51.471,0.78225,0.7824,0.20,5.00
2008.03.26 09:43:51.773,0.78225,0.7824,0.20,5.00
2008.03.26 09:43:52.074,0.78225,0.7824,0.20,0.30
2008.03.26 09:43:52.375,0.78225,0.7824,0.20,4.40
2008.03.26 09:43:52.689,0.78225,0.78235,0.20,2.40
2008.03.26 09:43:52.966,0.7822,0.7823,0.20,0.30
2008.03.26 09:43:53.241,0.7822,0.7823,0.20,0.30
2008.03.26 09:43:53.516,0.78215,0.7823,0.20,0.30
2008.03.26 09:43:53.801,0.78215,0.7823,0.20,0.30
2008.03.26 09:43:54.087,0.78215,0.7823,0.20,0.30
2008.03.26 09:43:54.373,0.78215,0.78225,0.20,2.40
2008.03.26 09:43:54.658,0.78215,0.7823,0.20,4.20
2008.03.26 09:43:56.698,0.7821,0.78225,1.10,6.40
2008.03.26 09:43:56.778,0.7821,0.7822,0.40,0.30
2008.03.26 09:43:56.829,0.7822,0.7823,0.40,0.60
2008.03.26 09:43:56.895,0.7822,0.7823,0.40,0.60
2008.03.26 09:43:56.984,0.7822,0.7823,0.40,0.60
2008.03.26 09:43:57.075,0.7822,0.7823,0.40,0.60
2008.03.26 09:43:57.138,0.7822,0.7823,0.40,0.60
2008.03.26 09:43:57.202,0.7822,0.7823,0.40,0.60
2008.03.26 09:43:57.266,0.7822,0.7823,0.20,0.60
2008.03.26 09:43:57.337,0.7822,0.7823,0.20,0.60
2008.03.26 09:43:57.406,0.7822,0.7823,0.20,0.60
2008.03.26 09:43:57.466,0.7822,0.7823,0.20,0.60
2008.03.26 09:43:57.539,0.7822,0.7823,0.20,0.60
2008.03.26 09:43:57.592,0.7822,0.7823,0.20,0.60
2008.03.26 09:43:57.657,0.7822,0.7823,0.20,0.60
2008.03.26 09:43:57.750,0.7822,0.7823,0.40,0.30
2008.03.26 09:43:58.093,0.7822,0.7823,0.40,0.30
2008.03.26 09:43:58.428,0.7822,0.7823,0.20,0.60
2008.03.26 09:43:58.762,0.7822,0.7823,0.40,0.30
2008.03.26 09:43:58.992,0.7822,0.7823,0.20,0.60
2008.03.26 09:43:59.223,0.7822,0.7823,0.20,0.60
2008.03.26 09:43:59.453,0.7822,0.7823,0.20,0.60
2008.03.26 09:43:59.692,0.7822,0.7823,0.20,0.60
2008.03.26 09:43:59.950,0.7822,0.7823,0.20,0.60
2008.03.26 09:44:00.300,0.7822,0.7823,0.40,0.30
2008.03.26 09:44:00.638,0.7822,0.7823,0.40,0.30
2008.03.26 09:44:00.978,0.7822,0.78235,0.40,6.60
2008.03.26 09:44:01.233,0.7822,0.78235,0.40,6.60
2008.03.26 09:44:01.478,0.7822,0.78235,0.40,6.60
2008.03.26 09:44:01.712,0.7822,0.78235,0.40,6.60
2008.03.26 09:44:01.958,0.7822,0.7823,0.40,0.30
2008.03.26 09:44:02.284,0.7822,0.7823,0.40,0.30
2008.03.26 09:44:02.600,0.7822,0.7823,0.40,0.30
2008.03.26 09:44:02.916,0.7822,0.7823,0.40,0.30
2008.03.26 09:44:03.160,0.7822,0.7823,0.40,0.30
2008.03.26 09:44:03.404,0.7822,0.7823,0.20,0.60
2008.03.26 09:44:03.651,0.7822,0.7823,0.20,0.60
2008.03.26 09:44:03.897,0.7822,0.7823,0.20,0.60
2008.03.26 09:44:04.213,0.78215,0.7823,0.20,0.60
2008.03.26 09:44:04.530,0.78215,0.78225,0.20,2.40
2008.03.26 09:44:04.848,0.78215,0.7823,0.20,0.60
2008.03.26 09:44:05.136,0.78215,0.7823,0.20,0.60
2008.03.26 09:44:05.404,0.78215,0.7823,0.20,0.60
2008.03.26 09:44:05.672,0.78215,0.7823,0.20,0.60
2008.03.26 09:44:05.941,0.78215,0.7823,0.20,0.60
2008.03.26 09:44:06.244,0.7822,0.7823,0.40,0.30
2008.03.26 09:44:06.544,0.7822,0.7823,0.40,0.30
2008.03.26 09:44:06.846,0.78225,0.78235,0.20,7.30
2008.03.26 09:44:07.132,0.7822,0.78235,0.40,7.30
2008.03.26 09:44:07.417,0.7822,0.78235,0.40,7.30
2008.03.26 09:44:07.701,0.7822,0.78235,0.40,7.30
2008.03.26 09:44:07.985,0.7822,0.78235,0.40,7.30
2008.03.26 09:44:08.273,0.7822,0.78235,0.40,7.10
2008.03.26 09:44:08.549,0.7822,0.78235,0.40,7.10
2008.03.26 09:44:08.834,0.7822,0.78235,0.40,7.30
2008.03.26 09:44:09.118,0.7822,0.78235,0.40,7.30
2008.03.26 09:44:09.427,0.7822,0.78235,0.40,7.30
2008.03.26 09:44:09.728,0.7822,0.7823,0.40,0.30
2008.03.26 09:44:10.038,0.7822,0.7823,0.40,0.30
2008.03.26 09:44:10.311,0.7822,0.7823,0.40,0.30
2008.03.26 09:44:10.565,0.7822,0.7823,0.40,0.30
2008.03.26 09:44:10.829,0.7822,0.7823,0.40,0.30
2008.03.26 09:44:11.094,0.7822,0.7823,0.40,0.30
2008.03.26 09:44:11.402,0.7822,0.7823,0.40,0.30
2008.03.26 09:44:11.713,0.7822,0.78235,0.40,7.70
2008.03.26 09:44:12.024,0.7822,0.7823,0.40,0.30
2008.03.26 09:44:12.273,0.7822,0.7823,0.40,0.30
2008.03.26 09:44:12.521,0.7822,0.7823,0.40,0.30
2008.03.26 09:44:12.770,0.7822,0.7823,0.40,0.30
2008.03.26 09:44:13.020,0.7822,0.7823,0.40,0.30
2008.03.26 09:44:13.325,0.7822,0.7823,0.40,0.30
2008.03.26 09:44:13.640,0.78215,0.78225,0.90,2.40
2008.03.26 09:44:13.944,0.78215,0.7823,0.20,0.30
2008.03.26 09:44:14.249,0.78215,0.7823,0.20,0.30
2008.03.26 09:44:14.539,0.7822,0.7823,0.20,0.30
2008.03.26 09:44:14.828,0.7822,0.7823,0.20,0.30
2008.03.26 09:44:15.117,0.7822,0.7823,0.20,0.30
2008.03.26 09:44:15.392,0.7822,0.7823,0.20,0.30
2008.03.26 09:44:15.667,0.7822,0.7823,0.40,0.30
2008.03.26 09:44:15.941,0.7822,0.7823,0.40,0.30
2008.03.26 09:44:16.215,0.7822,0.7823,0.40,0.30
2008.03.26 09:44:16.530,0.7822,0.7823,0.40,0.30
2008.03.26 09:44:16.843,0.7822,0.7823,0.40,0.30
2008.03.26 09:44:17.158,0.7822,0.7823,0.40,0.30
2008.03.26 09:44:17.396,0.7822,0.7823,0.40,0.30
2008.03.26 09:44:17.637,0.7822,0.7823,0.40,0.30
2008.03.26 09:44:17.889,0.78225,0.78235,0.20,15.90
2008.03.26 09:44:18.129,0.7822,0.78235,0.40,15.90
2008.03.26 09:44:18.465,0.7822,0.7823,0.40,0.30
2008.03.26 09:44:18.799,0.7822,0.7823,0.40,0.30
2008.03.26 09:44:19.134,0.7822,0.78235,0.40,7.70
2008.03.26 09:44:19.380,0.7822,0.78235,0.40,7.70
2008.03.26 09:44:19.623,0.7822,0.78235,0.40,7.70
2008.03.26 09:44:19.869,0.7822,0.7823,0.20,0.30
2008.03.26 09:44:20.114,0.7822,0.78235,0.40,7.80
2008.03.26 09:44:20.451,0.7822,0.78235,0.20,19.10
2008.03.26 09:44:20.785,0.7822,0.7823,0.20,4.20
2008.03.26 09:44:21.120,0.78215,0.7823,0.20,0.60
2008.03.26 09:44:21.366,0.7822,0.7823,0.20,0.30
2008.03.26 09:44:21.611,0.7822,0.7823,0.20,0.30
2008.03.26 09:44:21.855,0.7822,0.7823,0.20,0.30
2008.03.26 09:44:22.100,0.7822,0.7823,0.20,0.30
2008.03.26 09:44:22.351,0.7822,0.7823,0.20,0.30
2008.03.26 09:44:22.668,0.7822,0.7823,0.20,0.30
2008.03.26 09:44:22.982,0.7822,0.7823,0.20,0.30
2008.03.26 09:44:23.295,0.7822,0.7823,0.20,0.30
2008.03.26 09:44:23.550,0.7822,0.7823,0.20,0.30
2008.03.26 09:44:23.805,0.7822,0.7823,0.20,0.30
2008.03.26 09:44:24.060,0.7822,0.7823,0.20,0.30
2008.03.26 09:44:24.313,0.7822,0.7823,0.20,0.30
2008.03.26 09:44:24.613,0.7822,0.7823,0.20,0.30
2008.03.26 09:44:24.913,0.7822,0.7823,0.20,0.30
2008.03.26 09:44:25.213,0.7822,0.7823,0.20,0.30
2008.03.26 09:44:25.518,0.7822,0.7823,0.20,0.30
2008.03.26 09:44:25.814,0.7822,0.78235,0.40,2.60
2008.03.26 09:44:26.110,0.7822,0.78235,0.40,2.40
2008.03.26 09:44:26.405,0.7822,0.78235,0.40,2.40
2008.03.26 09:44:26.684,0.7822,0.78235,0.40,2.40
2008.03.26 09:44:26.963,0.7822,0.78235,0.40,2.40
2008.03.26 09:44:27.242,0.7822,0.78235,0.40,2.40
2008.03.26 09:44:27.532,0.78225,0.7824,2.50,0.60
2008.03.26 09:44:27.801,0.78225,0.7824,2.50,0.60
2008.03.26 09:44:28.082,0.78225,0.7824,2.50,0.60
2008.03.26 09:44:28.361,0.78225,0.7824,2.50,0.60
2008.03.26 09:44:28.646,0.78225,0.7824,2.50,0.60
2008.03.26 09:44:28.931,0.78225,0.7824,2.50,0.60
2008.03.26 09:44:29.216,0.78225,0.7824,2.50,0.60
2008.03.26 09:44:29.508,0.78225,0.7824,2.50,0.60
2008.03.26 09:44:29.811,0.7823,0.7824,0.20,0.60
2008.03.26 09:44:30.086,0.78235,0.7824,2.40,0.30
2008.03.26 09:44:30.378,0.78235,0.7825,2.40,0.60
2008.03.26 09:44:30.667,0.78235,0.7825,2.40,0.60
2008.03.26 09:44:30.957,0.78235,0.7825,2.40,0.60
2008.03.26 09:44:31.248,0.78235,0.7825,2.50,0.60
2008.03.26 09:44:31.528,0.7824,0.7825,0.20,0.30
2008.03.26 09:44:31.818,0.7824,0.7825,0.20,0.30
2008.03.26 09:44:32.097,0.7824,0.7825,0.20,0.30
2008.03.26 09:44:32.378,0.78235,0.7825,2.50,0.60
2008.03.26 09:44:32.657,0.78235,0.7825,2.50,0.60
2008.03.26 09:44:32.935,0.78235,0.7825,2.50,0.60
2008.03.26 09:44:33.215,0.7824,0.7825,0.20,0.60
2008.03.26 09:44:33.496,0.7824,0.7825,0.20,0.60
2008.03.26 09:44:33.805,0.78235,0.7825,2.50,0.60
2008.03.26 09:44:34.116,0.78235,0.78245,2.40,0.30
2008.03.26 09:44:34.426,0.7823,0.78245,0.40,0.30
2008.03.26 09:44:34.661,0.78235,0.78245,2.40,0.30
2008.03.26 09:44:34.907,0.78235,0.7825,2.40,0.60
2008.03.26 09:44:35.141,0.78235,0.7825,2.40,0.60
2008.03.26 09:44:35.374,0.78235,0.7825,2.40,0.60
2008.03.26 09:44:35.699,0.78235,0.7825,2.40,0.60
2008.03.26 09:44:36.036,0.7823,0.78245,0.40,0.30
2008.03.26 09:44:36.372,0.78225,0.7824,6.50,0.60
2008.03.26 09:44:36.617,0.78225,0.7824,6.50,0.60
2008.03.26 09:44:36.862,0.78225,0.7823,3.60,0.30
2008.03.26 09:44:37.118,0.78225,0.7824,0.90,0.20
2008.03.26 09:44:37.364,0.7823,0.78245,0.20,6.60
2008.03.26 09:44:37.694,0.7823,0.78245,0.40,12.20
2008.03.26 09:44:38.025,0.7823,0.78245,0.20,0.30
2008.03.26 09:44:38.354,0.7823,0.78245,0.20,0.30
2008.03.26 09:44:38.596,0.7823,0.78245,0.20,0.30
2008.03.26 09:44:38.836,0.7823,0.78245,0.20,0.30
2008.03.26 09:44:39.078,0.7823,0.78245,0.20,0.30
2008.03.26 09:44:39.318,0.7823,0.78245,0.20,0.30
2008.03.26 09:44:39.653,0.7823,0.78245,0.20,1.00
2008.03.26 09:44:39.999,0.7823,0.78245,0.20,1.00
2008.03.26 09:44:40.332,0.7823,0.78245,0.20,1.00
2008.03.26 09:44:40.667,0.7823,0.78245,0.20,1.00
2008.03.26 09:44:40.935,0.7823,0.78245,0.20,1.00
2008.03.26 09:44:41.204,0.7823,0.78245,0.20,1.00
2008.03.26 09:44:41.474,0.78235,0.78245,0.20,1.00
2008.03.26 09:44:41.766,0.7823,0.78245,0.20,1.00
2008.03.26 09:44:42.057,0.7823,0.78245,0.20,1.00
2008.03.26 09:44:42.346,0.7823,0.78245,0.20,1.00
2008.03.26 09:44:42.616,0.7823,0.78245,0.20,1.00
2008.03.26 09:44:42.887,0.7823,0.78245,0.20,1.00
2008.03.26 09:44:43.157,0.78225,0.7824,6.50,0.30
2008.03.26 09:44:43.427,0.78225,0.7824,6.80,0.30
2008.03.26 09:44:43.726,0.78225,0.7824,6.50,0.30
2008.03.26 09:44:44.025,0.78225,0.7824,6.40,0.60
2008.03.26 09:44:44.325,0.78225,0.7824,6.40,0.60
2008.03.26 09:44:44.624,0.78225,0.78235,6.40,0.30
2008.03.26 09:44:44.893,0.78225,0.78235,6.40,0.30
2008.03.26 09:44:45.162,0.78225,0.78235,6.40,0.30
2008.03.26 09:44:45.431,0.78225,0.78235,6.40,0.30
2008.03.26 09:44:45.740,0.78225,0.7824,6.50,0.30
2008.03.26 09:44:46.051,0.78225,0.7824,0.20,0.60
2008.03.26 09:44:46.360,0.7822,0.78235,4.30,0.30
2008.03.26 09:44:46.672,0.7822,0.78235,4.30,1.00
2008.03.26 09:44:46.937,0.7822,0.78235,0.40,1.00
2008.03.26 09:44:47.200,0.7822,0.78235,0.20,1.00
2008.03.26 09:44:47.465,0.7822,0.78235,0.40,1.00
2008.03.26 09:44:47.757,0.7822,0.78235,0.60,1.00
2008.03.26 09:44:48.045,0.7822,0.78235,0.40,1.00
2008.03.26 09:44:48.335,0.7822,0.78235,0.60,1.00
2008.03.26 09:44:48.624,0.7822,0.78235,0.60,1.00
2008.03.26 09:44:48.929,0.7822,0.78235,0.20,1.00
2008.03.26 09:44:49.246,0.78215,0.78235,7.60,1.00
2008.03.26 09:44:49.550,0.7822,0.78235,4.00,1.00
2008.03.26 09:44:49.820,0.78215,0.7823,4.90,0.30
2008.03.26 09:44:50.091,0.78215,0.7823,4.90,0.60
2008.03.26 09:44:50.360,0.78215,0.7823,2.50,0.60
2008.03.26 09:44:50.629,0.78215,0.7823,2.50,0.60
2008.03.26 09:44:50.929,0.78215,0.7823,2.50,0.60
2008.03.26 09:44:51.228,0.78215,0.7823,2.50,0.60
2008.03.26 09:44:51.537,0.78215,0.7823,3.50,0.30
2008.03.26 09:44:51.782,0.78215,0.7823,4.80,0.30
2008.03.26 09:44:52.026,0.78215,0.78225,4.00,0.30
2008.03.26 09:44:52.282,0.78215,0.78225,4.00,0.30
2008.03.26 09:44:52.516,0.7821,0.78225,4.60,0.30
2008.03.26 09:44:52.831,0.7821,0.78225,4.30,0.30
2008.03.26 09:44:53.145,0.78215,0.78225,2.40,0.30
2008.03.26 09:44:53.459,0.78215,0.78225,2.40,0.30
2008.03.26 09:44:53.772,0.78215,0.78225,2.40,0.30
2008.03.26 09:44:54.052,0.78215,0.7823,3.30,0.60
2008.03.26 09:44:54.332,0.78215,0.7823,8.90,0.30
2008.03.26 09:44:54.611,0.7822,0.7823,0.20,0.60
2008.03.26 09:44:54.895,0.78215,0.7823,8.90,0.60
2008.03.26 09:44:55.180,0.7822,0.7823,0.40,0.30
2008.03.26 09:44:55.465,0.7822,0.7823,0.40,0.30
2008.03.26 09:44:55.750,0.7822,0.7823,0.40,0.30
2008.03.26 09:44:56.030,0.7822,0.7823,0.20,0.30
2008.03.26 09:44:56.308,0.78215,0.7823,6.50,0.60
2008.03.26 09:44:56.588,0.78215,0.7823,6.50,0.60
2008.03.26 09:44:56.868,0.78215,0.7823,6.50,0.60
2008.03.26 09:44:57.168,0.78215,0.7823,6.50,0.60
2008.03.26 09:44:57.465,0.78215,0.7823,6.50,0.60
2008.03.26 09:44:57.764,0.78215,0.7823,6.50,0.60
2008.03.26 09:44:58.029,0.78215,0.7823,0.20,0.60
2008.03.26 09:44:58.293,0.78215,0.7823,0.20,0.60
2008.03.26 09:44:58.556,0.78215,0.7823,0.20,0.60
2008.03.26 09:44:58.821,0.78215,0.7823,0.20,0.60
2008.03.26 09:44:59.106,0.78215,0.7823,0.20,0.60
2008.03.26 09:44:59.401,0.7821,0.7823,1.10,4.40
2008.03.26 09:44:59.694,0.7821,0.7823,1.10,4.40
2008.03.26 09:44:59.993,0.7821,0.7822,1.10,0.30
2008.03.26 09:45:00.301,0.7821,0.7822,0.40,0.30
2008.03.26 09:45:00.612,0.7821,0.78225,0.40,0.30
2008.03.26 09:45:00.920,0.7821,0.78225,0.40,0.30
2008.03.26 09:45:01.174,0.7821,0.78225,0.40,0.30
2008.03.26 09:45:01.430,0.7821,0.78225,0.40,0.30
2008.03.26 09:45:01.684,0.7821,0.78225,0.40,0.30
2008.03.26 09:45:01.936,0.7821,0.78225,0.40,0.30
2008.03.26 09:45:02.255,0.7821,0.78225,0.60,0.30
2008.03.26 09:45:02.575,0.7821,0.78225,0.60,0.30
2008.03.26 09:45:02.893,0.7821,0.78225,0.60,0.30
2008.03.26 09:45:03.125,0.7821,0.78225,0.60,0.30
2008.03.26 09:45:03.353,0.7821,0.78225,0.60,0.30
2008.03.26 09:45:03.583,0.78215,0.7823,2.40,0.60
2008.03.26 09:45:03.813,0.78215,0.7823,2.40,0.60
2008.03.26 09:45:04.042,0.78215,0.7823,2.50,0.60
2008.03.26 09:45:04.378,0.78215,0.7823,2.50,0.60
2008.03.26 09:45:04.714,0.78215,0.7823,2.50,0.60
2008.03.26 09:45:05.048,0.7821,0.78225,0.60,0.30
2008.03.26 09:45:05.308,0.7821,0.78225,0.40,0.30
2008.03.26 09:45:05.567,0.7821,0.78225,0.40,0.30
2008.03.26 09:45:05.826,0.7821,0.78225,0.40,0.30
2008.03.26 09:45:06.086,0.7821,0.78225,0.40,0.30
2008.03.26 09:45:06.385,0.7821,0.78225,0.40,0.30
2008.03.26 09:45:06.692,0.7821,0.7822,0.20,0.30
2008.03.26 09:45:06.992,0.7821,0.7822,0.20,0.60
2008.03.26 09:45:07.272,0.7821,0.7822,0.20,0.60
2008.03.26 09:45:07.551,0.7821,0.7822,0.20,0.60
2008.03.26 09:45:07.830,0.7821,0.7822,0.20,0.60
2008.03.26 09:45:08.110,0.7821,0.7822,0.20,0.60
2008.03.26 09:45:08.374,0.7821,0.7822,0.20,0.60
2008.03.26 09:45:08.640,0.7821,0.7822,0.20,0.30
2008.03.26 09:45:08.904,0.7821,0.7822,0.20,0.60
2008.03.26 09:45:09.170,0.7821,0.7822,0.20,0.60
2008.03.26 09:45:09.475,0.7821,0.7822,0.20,0.60
2008.03.26 09:45:09.778,0.7821,0.7822,0.20,0.60
2008.03.26 09:45:10.083,0.78205,0.7822,6.50,0.60
2008.03.26 09:45:10.392,0.78205,0.7822,6.50,0.60
2008.03.26 09:45:10.701,0.78205,0.7822,6.40,0.60
2008.03.26 09:45:11.010,0.78205,0.7822,6.40,0.60
2008.03.26 09:45:11.331,0.78205,0.7822,6.50,0.60
2008.03.26 09:45:11.609,0.78205,0.7822,6.50,0.60
2008.03.26 09:45:11.878,0.78205,0.7822,6.50,0.60
2008.03.26 09:45:12.151,0.78205,0.7822,6.50,0.60
2008.03.26 09:45:12.415,0.78205,0.7822,6.50,0.60
2008.03.26 09:45:12.680,0.7821,0.7822,0.20,0.60
2008.03.26 09:45:12.945,0.7821,0.7822,0.20,0.60
2008.03.26 09:45:13.209,0.7821,0.7822,0.20,0.60
2008.03.26 09:45:13.508,0.78205,0.7822,6.50,0.60
2008.03.26 09:45:13.807,0.78205,0.7822,6.50,0.60
2008.03.26 09:45:14.106,0.78205,0.7822,6.50,0.60
2008.03.26 09:45:14.380,0.78205,0.7822,6.50,0.60
2008.03.26 09:45:14.657,0.78205,0.7822,2.50,4.40
2008.03.26 09:45:14.933,0.78205,0.7822,0.20,1.40
2008.03.26 09:45:15.207,0.782,0.7821,0.40,0.30
2008.03.26 09:45:15.503,0.78195,0.78205,2.50,0.30
2008.03.26 09:45:15.799,0.7819,0.78205,4.30,0.30
2008.03.26 09:45:16.094,0.78195,0.7821,0.20,4.40
2008.03.26 09:45:16.400,0.78195,0.78205,0.20,2.40
2008.03.26 09:45:16.671,0.7819,0.78205,0.40,6.40
2008.03.26 09:45:16.952,0.7819,0.782,0.20,0.30
2008.03.26 09:45:17.232,0.7819,0.782,0.20,0.30
2008.03.26 09:45:17.497,0.78195,0.7821,0.20,4.40
2008.03.26 09:45:17.771,0.78195,0.7821,0.20,4.40
2008.03.26 09:45:18.047,0.782,0.7821,0.20,4.20
2008.03.26 09:45:18.321,0.782,0.7821,0.20,4.20
2008.03.26 09:45:18.591,0.78195,0.7821,0.20,4.40
2008.03.26 09:45:18.862,0.78195,0.7821,0.20,4.20
2008.03.26 09:45:19.132,0.782,0.7821,0.20,4.00
2008.03.26 09:45:19.404,0.78195,0.7821,0.20,4.00
2008.03.26 09:45:19.694,0.78195,0.7821,0.20,4.00
2008.03.26 09:45:19.985,0.782,0.78205,0.20,4.00
2008.03.26 09:45:20.276,0.782,0.78215,0.20,4.20
2008.03.26 09:45:20.563,0.782,0.78215,0.20,4.20
2008.03.26 09:45:20.852,0.782,0.78215,0.20,0.30
2008.03.26 09:45:21.142,0.782,0.78215,0.20,0.30
2008.03.26 09:45:21.432,0.782,0.78215,0.20,1.20
2008.03.26 09:45:21.707,0.7819,0.7821,0.20,0.60
2008.03.26 09:45:21.996,0.782,0.78215,0.20,18.00
2008.03.26 09:45:22.271,0.782,0.78215,0.20,5.00
2008.03.26 09:45:22.553,0.782,0.78215,0.20,0.30
2008.03.26 09:45:22.834,0.782,0.78215,0.20,0.30
2008.03.26 09:45:23.116,0.782,0.78215,0.20,0.30
2008.03.26 09:45:23.396,0.782,0.78215,0.20,0.30
2008.03.26 09:45:23.704,0.782,0.78215,0.20,0.30
2008.03.26 09:45:24.013,0.782,0.78215,0.20,0.30
2008.03.26 09:45:24.325,0.782,0.78215,0.20,0.30
2008.03.26 09:45:24.544,0.78205,0.78215,0.20,0.30
2008.03.26 09:45:24.765,0.78205,0.78215,0.20,0.30
2008.03.26 09:45:24.984,0.78205,0.78215,0.20,0.30
2008.03.26 09:45:25.202,0.78205,0.78215,0.20,0.30
2008.03.26 09:45:25.423,0.78205,0.78215,0.20,0.30
2008.03.26 09:45:25.757,0.78205,0.78215,0.20,0.30
2008.03.26 09:45:26.093,0.78205,0.78215,0.20,0.30
2008.03.26 09:45:26.427,0.78205,0.78215,0.20,15.30
2008.03.26 09:45:26.647,0.78195,0.78205,0.20,2.40
2008.03.26 09:45:26.865,0.78195,0.7821,0.20,4.40
2008.03.26 09:45:27.086,0.78195,0.7821,0.20,4.60
2008.03.26 09:45:27.305,0.78195,0.78205,0.20,2.40
2008.03.26 09:45:27.527,0.78195,0.78205,0.20,4.00
2008.03.26 09:45:27.862,0.78195,0.7821,0.20,0.30
2008.03.26 09:45:28.208,0.782,0.78215,0.20,5.80
2008.03.26 09:45:28.542,0.782,0.78215,0.20,6.80
2008.03.26 09:45:28.782,0.782,0.7821,0.20,0.30
2008.03.26 09:45:29.022,0.7819,0.78205,0.90,6.40
2008.03.26 09:45:29.262,0.7819,0.78205,0.20,4.20
2008.03.26 09:45:29.503,0.78195,0.7821,0.20,0.30
2008.03.26 09:45:29.829,0.782,0.7821,0.20,0.60
2008.03.26 09:45:30.155,0.78195,0.7821,0.20,0.30
2008.03.26 09:45:30.478,0.78195,0.78205,0.20,0.30
2008.03.26 09:45:30.744,0.78195,0.78205,0.20,0.30
2008.03.26 09:45:31.010,0.78195,0.78205,2.50,0.30
2008.03.26 09:45:31.275,0.782,0.7821,0.20,0.30
2008.03.26 09:45:31.540,0.782,0.7821,0.20,0.30
2008.03.26 09:45:31.845,0.782,0.7821,0.20,0.30
2008.03.26 09:45:32.148,0.782,0.7821,0.20,0.30
2008.03.26 09:45:32.454,0.782,0.78205,0.20,0.30
2008.03.26 09:45:32.695,0.78195,0.78205,0.20,0.30
2008.03.26 09:45:32.935,0.78195,0.78205,0.20,0.30
2008.03.26 09:45:33.180,0.7819,0.78205,0.40,0.30
2008.03.26 09:45:33.422,0.7819,0.78205,0.40,0.30
2008.03.26 09:45:33.746,0.7819,0.78205,0.40,0.30
2008.03.26 09:45:34.072,0.7819,0.78205,0.40,0.30
2008.03.26 09:45:34.398,0.7819,0.78205,0.40,0.30
2008.03.26 09:45:34.727,0.7819,0.78205,0.40,0.30
2008.03.26 09:45:35.001,0.7819,0.78205,0.40,0.30
2008.03.26 09:45:35.277,0.7819,0.78205,0.40,0.30
2008.03.26 09:45:35.553,0.7819,0.78205,0.40,4.20
2008.03.26 09:45:35.838,0.7819,0.78205,0.40,4.20
2008.03.26 09:45:36.122,0.7819,0.78205,0.40,4.20
2008.03.26 09:45:36.418,0.7819,0.78205,0.40,4.20
2008.03.26 09:45:36.701,0.7819,0.78205,0.40,4.20
2008.03.26 09:45:36.978,0.7819,0.78205,0.40,4.20
2008.03.26 09:45:37.250,0.7819,0.78205,0.40,4.20
2008.03.26 09:45:37.524,0.78195,0.78205,0.20,4.20
2008.03.26 09:45:37.783,0.78195,0.78205,0.20,0.30
2008.03.26 09:45:38.044,0.78195,0.7821,0.20,8.60
2008.03.26 09:45:38.305,0.7819,0.78205,0.20,0.30
2008.03.26 09:45:38.565,0.78195,0.78205,2.40,0.30
2008.03.26 09:45:38.866,0.78195,0.78205,2.40,0.30
2008.03.26 09:45:39.168,0.782,0.7821,0.20,0.30
2008.03.26 09:45:39.467,0.78195,0.7821,4.90,0.60
2008.03.26 09:45:39.767,0.78195,0.7821,2.50,0.60
2008.03.26 09:45:40.062,0.78195,0.7821,4.90,0.60
2008.03.26 09:45:40.355,0.782,0.7821,0.20,0.60
2008.03.26 09:45:40.650,0.782,0.7821,0.20,0.60
2008.03.26 09:45:40.919,0.782,0.7821,0.20,0.60
2008.03.26 09:45:42.295,0.78195,0.78205,2.40,2.60
2008.03.26 09:45:42.369,0.7819,0.78205,1.10,6.60
2008.03.26 09:45:42.450,0.7819,0.78205,1.10,6.60
2008.03.26 09:45:42.521,0.7819,0.78205,1.10,6.60
2008.03.26 09:45:42.595,0.7819,0.78205,1.10,6.60
2008.03.26 09:45:42.668,0.7819,0.78205,1.10,6.60
2008.03.26 09:45:42.748,0.7819,0.78205,1.10,6.60
2008.03.26 09:45:42.823,0.7819,0.78205,1.10,6.60
2008.03.26 09:45:42.896,0.7819,0.78205,1.10,6.60
2008.03.26 09:45:42.972,0.7819,0.78205,1.10,6.60
2008.03.26 09:45:43.100,0.7819,0.78205,1.10,6.60
2008.03.26 09:45:43.172,0.7819,0.78205,1.10,6.60
2008.03.26 09:45:43.252,0.7819,0.78205,1.10,6.60
2008.03.26 09:45:43.335,0.7819,0.78205,1.10,6.60
2008.03.26 09:45:43.680,0.7819,0.78205,1.10,6.60
2008.03.26 09:45:44.025,0.7819,0.782,1.10,0.30
2008.03.26 09:45:44.370,0.7819,0.782,0.40,0.30
2008.03.26 09:45:44.604,0.7819,0.782,0.40,0.30
2008.03.26 09:45:44.839,0.7819,0.78205,0.40,6.40
2008.03.26 09:45:45.051,0.7819,0.78205,0.40,6.40
2008.03.26 09:45:45.275,0.7819,0.78205,0.40,6.40
2008.03.26 09:45:45.501,0.7819,0.78205,0.40,6.40
2008.03.26 09:45:45.836,0.7819,0.78205,0.40,6.60
2008.03.26 09:45:46.172,0.7819,0.78205,0.20,0.30
2008.03.26 09:45:46.507,0.7819,0.78205,0.20,0.30
2008.03.26 09:45:46.731,0.78195,0.7821,0.20,0.30
2008.03.26 09:45:46.956,0.78195,0.7821,0.20,8.40
2008.03.26 09:45:47.181,0.7819,0.78205,0.20,4.20
2008.03.26 09:45:47.409,0.7819,0.782,0.20,0.30
2008.03.26 09:45:47.745,0.7819,0.782,0.20,0.30
2008.03.26 09:45:48.078,0.7819,0.782,0.20,0.30
2008.03.26 09:45:48.418,0.7819,0.782,0.20,0.30
2008.03.26 09:45:48.654,0.7819,0.782,0.20,0.30
2008.03.26 09:45:48.893,0.7819,0.782,0.20,0.30
2008.03.26 09:45:49.127,0.7819,0.782,0.20,0.30
2008.03.26 09:45:49.364,0.7819,0.782,0.20,0.30
2008.03.26 09:45:49.599,0.7819,0.782,0.20,0.30
2008.03.26 09:45:49.924,0.78185,0.782,0.20,0.60
2008.03.26 09:45:50.252,0.78185,0.78195,0.20,0.30
2008.03.26 09:45:50.585,0.78185,0.78195,0.20,0.30
2008.03.26 09:45:50.829,0.78185,0.78195,0.20,0.30
2008.03.26 09:45:51.077,0.78185,0.782,0.20,0.30
2008.03.26 09:45:51.322,0.78185,0.782,0.20,0.30
2008.03.26 09:45:51.568,0.7819,0.78205,0.20,0.30
2008.03.26 09:45:51.856,0.7819,0.78205,0.20,0.30
2008.03.26 09:45:52.147,0.7819,0.78205,0.20,4.20
2008.03.26 09:45:52.436,0.7819,0.78205,0.20,4.20
2008.03.26 09:45:52.724,0.7819,0.78205,0.20,4.20
2008.03.26 09:45:53.023,0.78185,0.782,2.50,0.30
2008.03.26 09:45:53.323,0.78185,0.782,0.20,0.30
2008.03.26 09:45:53.629,0.78185,0.782,0.60,0.30
2008.03.26 09:45:53.869,0.78185,0.782,0.60,0.30
2008.03.26 09:45:54.104,0.78185,0.782,0.20,0.30
2008.03.26 09:45:54.353,0.78185,0.782,0.20,0.30
2008.03.26 09:45:54.597,0.78185,0.782,0.20,0.30
2008.03.26 09:45:54.920,0.78185,0.782,0.20,0.30
2008.03.26 09:45:55.265,0.78185,0.782,0.20,0.30
2008.03.26 09:45:55.602,0.78185,0.782,0.20,0.30
2008.03.26 09:45:55.833,0.78185,0.78195,0.20,0.30
2008.03.26 09:45:56.073,0.78185,0.78195,0.20,0.30
2008.03.26 09:45:56.302,0.7818,0.78195,4.60,0.30
2008.03.26 09:45:56.544,0.7818,0.78195,0.40,0.30
2008.03.26 09:45:56.771,0.7818,0.78195,0.40,0.30
2008.03.26 09:45:57.105,0.7818,0.78195,0.40,0.30
2008.03.26 09:45:57.440,0.7818,0.78195,0.40,0.30
2008.03.26 09:45:57.773,0.7818,0.78195,0.40,0.30
2008.03.26 09:45:58.007,0.7818,0.78195,0.40,0.30
2008.03.26 09:45:58.242,0.7818,0.78195,0.40,0.30
2008.03.26 09:45:58.477,0.7818,0.78195,0.40,0.30
2008.03.26 09:45:58.712,0.7818,0.78195,0.20,0.30
2008.03.26 09:45:59.037,0.7818,0.78195,0.20,0.30
2008.03.26 09:45:59.362,0.7818,0.78195,0.20,4.20
2008.03.26 09:45:59.685,0.7818,0.78195,0.20,4.20
2008.03.26 09:45:59.960,0.7818,0.78195,0.20,4.20
2008.03.26 09:46:00.235,0.7818,0.78195,0.20,0.30
2008.03.26 09:46:00.510,0.7818,0.78195,0.20,0.30
2008.03.26 09:46:00.783,0.7818,0.78195,0.20,0.30
2008.03.26 09:46:01.066,0.7818,0.78195,0.20,0.30
2008.03.26 09:46:01.350,0.7818,0.78195,0.20,0.30
2008.03.26 09:46:01.636,0.7818,0.78195,0.40,0.30
2008.03.26 09:46:01.921,0.7818,0.78195,0.40,12.20
2008.03.26 09:46:02.211,0.7818,0.78195,0.20,20.20
2008.03.26 09:46:02.500,0.7818,0.78195,0.20,0.30
2008.03.26 09:46:02.789,0.7818,0.78195,0.20,0.30
2008.03.26 09:46:03.055,0.7818,0.7819,0.20,0.30
2008.03.26 09:46:03.319,0.7818,0.7819,0.20,0.30
2008.03.26 09:46:03.583,0.7818,0.78185,0.20,2.40
2008.03.26 09:46:03.847,0.78175,0.78185,0.20,2.40
2008.03.26 09:46:04.137,0.78175,0.7819,0.20,0.60
2008.03.26 09:46:04.427,0.78175,0.7819,0.20,0.60
2008.03.26 09:46:04.716,0.78175,0.7819,0.20,0.60
2008.03.26 09:46:05.005,0.78175,0.7819,0.20,0.60
2008.03.26 09:46:05.314,0.78175,0.7819,0.20,0.60
2008.03.26 09:46:05.623,0.78175,0.7819,0.20,0.60
2008.03.26 09:46:05.935,0.78175,0.7819,0.20,0.60
2008.03.26 09:46:06.195,0.78175,0.7819,0.20,0.60
2008.03.26 09:46:06.454,0.78175,0.7819,0.20,0.60
2008.03.26 09:46:06.714,0.78175,0.78185,2.50,0.30
2008.03.26 09:46:06.975,0.78175,0.78185,2.50,0.30
2008.03.26 09:46:07.273,0.78175,0.78185,2.60,0.30
2008.03.26 09:46:07.573,0.78175,0.7819,2.50,0.60
2008.03.26 09:46:07.872,0.78175,0.7819,2.50,0.60
2008.03.26 09:46:08.154,0.78175,0.7819,0.20,0.60
2008.03.26 09:46:08.433,0.78175,0.7819,0.20,0.60
2008.03.26 09:46:08.713,0.78175,0.7819,0.20,0.60
2008.03.26 09:46:08.990,0.78175,0.7819,0.20,0.60
2008.03.26 09:46:09.272,0.78175,0.7819,0.20,0.60
2008.03.26 09:46:09.587,0.78175,0.7819,0.20,0.60
2008.03.26 09:46:09.868,0.78175,0.7819,0.20,0.60
2008.03.26 09:46:10.126,0.78175,0.7819,0.20,0.60
2008.03.26 09:46:10.437,0.78175,0.7819,0.20,0.60
2008.03.26 09:46:10.756,0.78175,0.7819,0.20,0.60
2008.03.26 09:46:11.066,0.78175,0.7819,0.20,0.60
2008.03.26 09:46:11.305,0.78175,0.7819,0.20,0.60
2008.03.26 09:46:11.553,0.78175,0.7819,0.20,0.60
2008.03.26 09:46:11.804,0.78175,0.7819,4.90,0.30
2008.03.26 09:46:12.066,0.7818,0.7819,0.20,0.30
2008.03.26 09:46:12.353,0.7818,0.7819,0.40,0.30
2008.03.26 09:46:12.653,0.7818,0.78195,4.30,0.30
2008.03.26 09:46:12.951,0.7818,0.78195,4.30,0.30
2008.03.26 09:46:13.250,0.7818,0.78195,4.30,0.30
2008.03.26 09:46:13.549,0.7818,0.78195,4.30,0.30
2008.03.26 09:46:13.859,0.7818,0.78195,4.30,0.30
2008.03.26 09:46:14.159,0.7818,0.7819,0.40,0.30
2008.03.26 09:46:14.413,0.7818,0.7819,0.40,0.30
2008.03.26 09:46:14.666,0.7818,0.7819,0.40,0.30
2008.03.26 09:46:14.921,0.7818,0.7819,0.40,0.30
2008.03.26 09:46:15.176,0.7818,0.78195,0.40,0.30
2008.03.26 09:46:15.506,0.7818,0.7819,0.20,0.30
2008.03.26 09:46:15.836,0.78175,0.7819,0.20,0.30
2008.03.26 09:46:16.164,0.78175,0.7819,0.20,0.30
2008.03.26 09:46:16.403,0.78175,0.7819,0.20,0.30
2008.03.26 09:46:16.642,0.78175,0.7819,0.20,0.30
2008.03.26 09:46:16.892,0.78175,0.7819,0.20,0.30
2008.03.26 09:46:17.141,0.78175,0.7819,0.20,0.60
2008.03.26 09:46:17.434,0.78175,0.7819,2.50,0.60
2008.03.26 09:46:17.739,0.78175,0.7819,0.20,0.60
2008.03.26 09:46:18.044,0.78175,0.7819,0.20,0.60
2008.03.26 09:46:18.319,0.78175,0.7819,0.20,0.60
2008.03.26 09:46:18.593,0.78175,0.7819,0.20,0.60
2008.03.26 09:46:18.867,0.78175,0.7819,0.20,0.60
2008.03.26 09:46:19.141,0.78175,0.7819,0.20,0.60
2008.03.26 09:46:19.401,0.78175,0.7819,0.20,0.60
2008.03.26 09:46:19.661,0.7818,0.7819,0.20,0.60
2008.03.26 09:46:19.919,0.7818,0.7819,0.20,0.60
2008.03.26 09:46:20.177,0.7818,0.7819,0.20,0.60
2008.03.26 09:46:20.482,0.7818,0.7819,0.20,0.60
2008.03.26 09:46:20.787,0.7818,0.7819,0.20,0.60
2008.03.26 09:46:21.093,0.7818,0.7819,0.20,0.60
2008.03.26 09:46:21.398,0.7818,0.7819,0.20,0.60
2008.03.26 09:46:21.678,0.7818,0.7819,0.40,0.60
2008.03.26 09:46:21.970,0.7818,0.7819,0.40,0.60
2008.03.26 09:46:22.250,0.7818,0.78195,0.40,0.30
2008.03.26 09:46:22.488,0.7818,0.78195,0.40,0.30
2008.03.26 09:46:22.728,0.7818,0.78195,0.40,0.30
2008.03.26 09:46:22.967,0.7818,0.78195,0.40,0.30
2008.03.26 09:46:23.207,0.7818,0.78195,0.40,0.30
2008.03.26 09:46:23.542,0.7818,0.78195,0.40,0.30
2008.03.26 09:46:23.875,0.7818,0.78195,0.40,0.30
2008.03.26 09:46:24.208,0.7818,0.78195,0.40,0.30
2008.03.26 09:46:24.417,0.7818,0.78195,0.40,0.30
2008.03.26 09:46:24.627,0.7818,0.7819,0.40,0.30
2008.03.26 09:46:24.835,0.7818,0.7819,0.40,0.30
2008.03.26 09:46:25.045,0.7818,0.7819,0.40,0.30
2008.03.26 09:46:25.254,0.7818,0.7819,0.40,0.30
2008.03.26 09:46:25.588,0.7818,0.78195,0.40,2.60
2008.03.26 09:46:25.923,0.7818,0.78195,0.40,2.60
2008.03.26 09:46:26.257,0.7818,0.7819,0.40,0.60
2008.03.26 09:46:26.502,0.7818,0.7819,0.40,0.60
2008.03.26 09:46:26.746,0.7818,0.7819,0.40,0.30
2008.03.26 09:46:26.991,0.7818,0.7819,0.40,0.30
2008.03.26 09:46:27.237,0.7818,0.7819,0.20,0.60
2008.03.26 09:46:27.560,0.7818,0.7819,0.20,0.60
2008.03.26 09:46:27.884,0.7818,0.7819,0.20,0.60
2008.03.26 09:46:28.209,0.7818,0.7819,0.20,0.60
2008.03.26 09:46:28.468,0.7818,0.7819,0.20,0.60
2008.03.26 09:46:28.730,0.7818,0.7819,0.20,0.60
2008.03.26 09:46:28.988,0.7818,0.7819,0.20,0.60
2008.03.26 09:46:29.250,0.7818,0.7819,0.20,0.60
2008.03.26 09:46:29.533,0.7818,0.7819,0.20,0.60
2008.03.26 09:46:29.818,0.7818,0.7819,0.20,0.60
2008.03.26 09:46:30.102,0.7818,0.78185,0.20,0.30
2008.03.26 09:46:30.386,0.7818,0.78185,0.20,0.30
2008.03.26 09:46:30.697,0.7818,0.78195,4.10,0.30
2008.03.26 09:46:31.007,0.7818,0.78195,4.10,0.30
2008.03.26 09:46:31.319,0.7818,0.78195,0.40,0.30
2008.03.26 09:46:31.564,0.7818,0.78195,0.40,0.30
2008.03.26 09:46:31.809,0.7818,0.78195,0.40,0.30
2008.03.26 09:46:32.054,0.78185,0.78195,2.40,0.30
2008.03.26 09:46:32.298,0.7818,0.78195,0.40,0.30
2008.03.26 09:46:32.613,0.7818,0.78195,0.20,0.30
2008.03.26 09:46:32.927,0.7818,0.78195,0.20,0.30
2008.03.26 09:46:33.253,0.78185,0.78195,2.40,0.30
2008.03.26 09:46:33.524,0.78185,0.78195,2.40,0.30
2008.03.26 09:46:33.785,0.7818,0.78195,0.40,0.30
2008.03.26 09:46:34.054,0.78185,0.78195,0.20,0.30
2008.03.26 09:46:34.313,0.7818,0.78195,0.40,0.30
2008.03.26 09:46:34.599,0.78185,0.78195,2.40,0.30
2008.03.26 09:46:34.883,0.78185,0.78195,2.40,0.30
2008.03.26 09:46:35.169,0.78185,0.78195,2.40,0.30
2008.03.26 09:46:35.453,0.7819,0.78195,0.20,0.30
2008.03.26 09:46:35.763,0.78185,0.78195,2.40,0.30
2008.03.26 09:46:36.072,0.78185,0.78195,2.40,0.30
2008.03.26 09:46:36.382,0.7818,0.78195,0.40,0.30
2008.03.26 09:46:36.632,0.7818,0.78195,0.40,0.30
2008.03.26 09:46:36.881,0.7818,0.78195,0.40,0.30
2008.03.26 09:46:37.133,0.7818,0.78195,0.40,0.30
2008.03.26 09:46:37.395,0.7818,0.78195,0.40,0.30
2008.03.26 09:46:37.691,0.7818,0.78195,0.40,0.30
2008.03.26 09:46:37.984,0.7818,0.78195,0.40,0.30
2008.03.26 09:46:38.280,0.78185,0.782,0.20,0.60
2008.03.26 09:46:38.573,0.78185,0.782,0.20,0.60
2008.03.26 09:46:38.833,0.78185,0.782,0.20,0.60
2008.03.26 09:46:39.092,0.78185,0.782,0.20,0.60
2008.03.26 09:46:39.350,0.78185,0.782,0.20,0.60
2008.03.26 09:46:39.618,0.78185,0.782,0.20,0.60
2008.03.26 09:46:39.916,0.78185,0.782,0.20,0.60
2008.03.26 09:46:40.195,0.78185,0.782,0.20,0.60
2008.03.26 09:46:40.484,0.78185,0.782,0.20,0.60
2008.03.26 09:46:40.767,0.78185,0.782,0.20,0.60
2008.03.26 09:46:41.051,0.78185,0.782,0.20,0.60
2008.03.26 09:46:41.336,0.7818,0.78195,0.40,0.30
2008.03.26 09:46:41.618,0.7818,0.78195,0.40,0.30
2008.03.26 09:46:41.899,0.7818,0.78195,0.40,0.30
2008.03.26 09:46:42.179,0.7818,0.7819,0.40,0.30
2008.03.26 09:46:42.457,0.7818,0.7819,0.40,0.30
2008.03.26 09:46:42.738,0.78185,0.782,0.20,0.60
2008.03.26 09:46:43.022,0.78185,0.782,0.20,0.60
2008.03.26 09:46:43.306,0.78185,0.782,0.20,0.30
2008.03.26 09:46:43.589,0.78185,0.782,0.20,0.30
2008.03.26 09:46:43.848,0.78185,0.782,0.20,0.30
2008.03.26 09:46:44.107,0.78185,0.782,0.20,0.30
2008.03.26 09:46:44.366,0.78185,0.782,0.20,0.30
2008.03.26 09:46:44.624,0.78185,0.782,0.20,0.30
2008.03.26 09:46:44.923,0.78185,0.782,0.20,0.30
2008.03.26 09:46:45.224,0.78185,0.782,0.20,0.60
2008.03.26 09:46:45.522,0.78185,0.782,0.20,0.60
2008.03.26 09:46:45.813,0.78185,0.78195,0.20,24.80
2008.03.26 09:46:46.109,0.78175,0.7819,0.20,0.30
2008.03.26 09:46:46.399,0.78175,0.7819,0.20,0.30
2008.03.26 09:46:46.690,0.7818,0.78195,0.20,4.20
2008.03.26 09:46:46.970,0.7818,0.78195,0.40,0.30
2008.03.26 09:46:47.251,0.7818,0.78195,0.40,0.30
2008.03.26 09:46:47.531,0.7818,0.78195,0.40,0.30
2008.03.26 09:46:47.809,0.7818,0.78195,0.40,0.30
2008.03.26 09:46:48.093,0.7818,0.78195,0.40,0.30
2008.03.26 09:46:48.377,0.7818,0.78195,0.40,0.30
2008.03.26 09:46:48.661,0.7818,0.782,0.40,4.40
2008.03.26 09:46:48.940,0.7818,0.782,0.40,4.40
2008.03.26 09:46:49.233,0.78185,0.78195,0.20,23.20
2008.03.26 09:46:49.516,0.7818,0.78195,0.20,32.20
2008.03.26 09:46:49.796,0.78175,0.7819,4.90,0.30
2008.03.26 09:46:50.092,0.7818,0.7819,0.20,0.60
2008.03.26 09:46:50.387,0.7818,0.7819,0.40,0.60
2008.03.26 09:46:50.681,0.7818,0.7819,0.40,0.60
2008.03.26 09:46:50.965,0.7818,0.7819,0.40,0.60
2008.03.26 09:46:51.249,0.7818,0.7819,0.20,0.60
2008.03.26 09:46:51.535,0.7818,0.7819,0.40,0.30
2008.03.26 09:46:51.818,0.7818,0.78195,0.40,0.30
2008.03.26 09:46:52.108,0.78185,0.78195,2.40,0.30
2008.03.26 09:46:52.399,0.78185,0.78195,2.40,0.30
2008.03.26 09:46:52.688,0.78185,0.78195,2.40,0.30
2008.03.26 09:46:52.943,0.78185,0.78195,2.40,0.30
2008.03.26 09:46:53.198,0.7819,0.78195,0.20,0.30
2008.03.26 09:46:53.452,0.7818,0.78195,0.40,0.30
2008.03.26 09:46:53.707,0.7818,0.78195,0.40,0.30
2008.03.26 09:46:54.002,0.7818,0.78195,0.40,0.30
2008.03.26 09:46:54.296,0.78185,0.78195,2.40,0.30
2008.03.26 09:46:54.604,0.7819,0.78195,0.20,0.30
2008.03.26 09:46:54.888,0.7819,0.78195,0.20,0.30
2008.03.26 09:46:55.178,0.78185,0.78195,2.40,0.30
2008.03.26 09:46:55.467,0.78185,0.78195,2.40,0.30
2008.03.26 09:46:55.758,0.78185,0.78195,2.40,0.30
2008.03.26 09:46:56.028,0.78185,0.78195,2.40,0.30
2008.03.26 09:46:56.296,0.78185,0.78195,2.40,0.30
2008.03.26 09:46:56.566,0.78185,0.78195,2.40,0.30
2008.03.26 09:46:56.834,0.78185,0.78195,2.40,0.30
2008.03.26 09:46:57.118,0.78185,0.78195,2.40,0.30
2008.03.26 09:46:57.411,0.78185,0.78195,2.40,0.30
2008.03.26 09:46:57.705,0.7818,0.7819,0.40,0.30
2008.03.26 09:46:57.951,0.7818,0.7819,0.40,0.30
2008.03.26 09:46:58.204,0.7818,0.7819,0.40,0.30
2008.03.26 09:46:58.457,0.7818,0.7819,0.40,0.30
2008.03.26 09:46:58.711,0.7818,0.7819,0.40,0.30
2008.03.26 09:46:58.978,0.7818,0.7819,0.40,0.30
2008.03.26 09:46:59.248,0.7818,0.7819,0.40,0.30
2008.03.26 09:46:59.516,0.7818,0.7819,0.40,0.30
2008.03.26 09:46:59.785,0.7818,0.7819,0.40,0.30
2008.03.26 09:47:00.088,0.7818,0.7819,0.40,0.30
2008.03.26 09:47:00.392,0.7818,0.7819,0.40,0.30
2008.03.26 09:47:00.696,0.7818,0.7819,0.40,0.30
2008.03.26 09:47:01.000,0.7818,0.7819,0.40,0.30
2008.03.26 09:47:01.259,0.7818,0.7819,0.40,0.30
2008.03.26 09:47:01.518,0.7818,0.7819,0.40,0.30
2008.03.26 09:47:01.777,0.7818,0.7819,0.40,0.30
2008.03.26 09:47:02.063,0.7818,0.7819,0.40,0.30
2008.03.26 09:47:02.359,0.7818,0.7819,0.40,0.30
2008.03.26 09:47:02.644,0.7818,0.7819,0.40,0.30
2008.03.26 09:47:02.927,0.7818,0.7819,0.40,0.30
2008.03.26 09:47:03.201,0.7818,0.7819,0.40,0.30
2008.03.26 09:47:03.474,0.7818,0.7819,0.40,0.30
2008.03.26 09:47:03.747,0.7818,0.7819,0.40,0.30
2008.03.26 09:47:04.021,0.7818,0.7819,0.40,0.30
2008.03.26 09:47:04.293,0.7818,0.7819,0.40,0.30
2008.03.26 09:47:04.567,0.7818,0.7819,0.40,0.30
2008.03.26 09:47:04.842,0.7818,0.7819,0.20,0.30
2008.03.26 09:47:05.126,0.7818,0.7819,0.20,0.30
2008.03.26 09:47:05.439,0.78175,0.7819,0.20,0.60
2008.03.26 09:47:05.744,0.78175,0.7819,0.20,0.60
2008.03.26 09:47:06.055,0.78175,0.7819,0.20,0.60
2008.03.26 09:47:06.294,0.78175,0.7819,0.20,0.60
2008.03.26 09:47:06.534,0.78175,0.7819,4.10,0.60
2008.03.26 09:47:06.775,0.7818,0.7819,0.40,0.30
2008.03.26 09:47:07.015,0.7818,0.7819,0.40,0.30
2008.03.26 09:47:07.253,0.7818,0.7819,0.40,0.30
2008.03.26 09:47:07.580,0.7818,0.7819,0.40,0.30
2008.03.26 09:47:07.903,0.7818,0.7819,0.40,0.30
2008.03.26 09:47:08.228,0.7818,0.7819,0.40,0.30
2008.03.26 09:47:08.462,0.7818,0.7819,0.40,0.30
2008.03.26 09:47:08.697,0.7818,0.7819,0.40,0.30
2008.03.26 09:47:08.930,0.7818,0.7819,0.40,0.30
2008.03.26 09:47:09.164,0.7818,0.7819,0.40,0.30
2008.03.26 09:47:09.499,0.7818,0.7819,0.40,0.30
2008.03.26 09:47:09.830,0.7818,0.7819,0.40,0.30
2008.03.26 09:47:10.167,0.7818,0.7819,0.40,0.30
2008.03.26 09:47:10.430,0.7818,0.7819,0.40,0.30
2008.03.26 09:47:10.696,0.7818,0.7819,0.40,0.30
2008.03.26 09:47:10.960,0.7818,0.7819,0.40,0.30
2008.03.26 09:47:11.225,0.7818,0.7819,0.40,0.30
2008.03.26 09:47:11.516,0.7818,0.7819,0.40,0.30
2008.03.26 09:47:11.812,0.7818,0.7819,0.40,0.30
2008.03.26 09:47:12.090,0.7818,0.7819,0.40,0.30
2008.03.26 09:47:12.379,0.7818,0.7819,0.40,0.30
2008.03.26 09:47:12.665,0.7818,0.7819,0.40,0.30
2008.03.26 09:47:12.955,0.7818,0.7819,0.40,0.30
2008.03.26 09:47:13.234,0.7818,0.7819,0.40,0.30
2008.03.26 09:47:13.524,0.7818,0.7819,0.40,0.30
2008.03.26 09:47:13.821,0.7818,0.7819,0.40,0.30
2008.03.26 09:47:14.110,0.7818,0.7819,0.40,0.30
2008.03.26 09:47:14.372,0.7818,0.7819,0.40,0.60
2008.03.26 09:47:14.632,0.7818,0.7819,0.20,0.60
2008.03.26 09:47:14.890,0.7818,0.7819,0.20,0.60
2008.03.26 09:47:15.151,0.78175,0.7819,8.90,0.60
2008.03.26 09:47:15.464,0.78175,0.7819,0.20,0.60
2008.03.26 09:47:15.776,0.7818,0.7819,0.40,0.60
2008.03.26 09:47:16.085,0.7818,0.7819,0.40,0.60
2008.03.26 09:47:16.395,0.7818,0.7819,0.20,0.60
2008.03.26 09:47:16.669,0.7818,0.7819,0.20,0.60
2008.03.26 09:47:16.943,0.7818,0.7819,0.20,0.60
2008.03.26 09:47:17.218,0.7818,0.7819,0.20,0.60
2008.03.26 09:47:17.477,0.7818,0.7819,0.20,0.60
2008.03.26 09:47:17.737,0.7818,0.7819,0.20,0.60
2008.03.26 09:47:17.995,0.7818,0.7819,0.20,0.60
2008.03.26 09:47:18.253,0.7818,0.7819,0.20,0.60
2008.03.26 09:47:18.563,0.7818,0.7819,0.20,0.60
2008.03.26 09:47:18.872,0.7818,0.7819,0.20,0.60
2008.03.26 09:47:19.181,0.7818,0.7819,0.20,0.60
2008.03.26 09:47:19.436,0.7818,0.7819,0.20,0.60
2008.03.26 09:47:19.690,0.7818,0.7819,0.20,0.60
2008.03.26 09:47:19.943,0.7818,0.7819,0.20,0.60
2008.03.26 09:47:20.197,0.7818,0.7819,0.20,0.60
2008.03.26 09:47:20.516,0.7818,0.7819,0.20,0.60
2008.03.26 09:47:20.836,0.7818,0.7819,0.40,0.60
2008.03.26 09:47:21.155,0.7818,0.7819,0.40,0.60
2008.03.26 09:47:21.475,0.7818,0.7819,0.40,0.60
2008.03.26 09:47:21.756,0.7818,0.7819,0.40,0.30
2008.03.26 09:47:22.028,0.7818,0.7819,0.40,0.30
2008.03.26 09:47:22.298,0.7818,0.7819,0.40,0.30
2008.03.26 09:47:22.584,0.7818,0.7819,0.40,0.30
2008.03.26 09:47:22.868,0.7818,0.7819,0.40,0.30
2008.03.26 09:47:23.152,0.7818,0.7819,0.40,0.30
2008.03.26 09:47:23.437,0.7818,0.7819,0.40,0.30
2008.03.26 09:47:23.736,0.7818,0.7819,0.20,0.60
2008.03.26 09:47:24.036,0.7818,0.7819,0.20,0.60
2008.03.26 09:47:24.337,0.7818,0.7819,0.20,0.60
2008.03.26 09:47:24.587,0.7818,0.7819,0.40,0.60
2008.03.26 09:47:24.838,0.7818,0.7819,0.20,0.60
2008.03.26 09:47:25.087,0.7818,0.7819,0.20,0.60
2008.03.26 09:47:25.336,0.7818,0.7819,0.20,0.60
2008.03.26 09:47:25.663,0.7818,0.7819,0.20,0.30
2008.03.26 09:47:25.988,0.7818,0.78195,0.20,0.30
2008.03.26 09:47:26.312,0.7818,0.7819,0.40,0.30
2008.03.26 09:47:26.547,0.7818,0.7819,0.40,0.30
2008.03.26 09:47:26.782,0.7818,0.7819,0.20,0.30
2008.03.26 09:47:27.015,0.7818,0.7819,0.20,0.30
2008.03.26 09:47:27.250,0.7818,0.7819,0.20,0.30
2008.03.26 09:47:27.483,0.7818,0.7819,0.20,0.30
2008.03.26 09:47:27.818,0.7818,0.7819,0.20,0.30
2008.03.26 09:47:28.153,0.7818,0.7819,0.20,0.30
2008.03.26 09:47:28.487,0.7818,0.78195,0.90,1.00
2008.03.26 09:47:28.726,0.7818,0.78195,1.10,0.30
2008.03.26 09:47:28.964,0.7818,0.78195,1.10,0.30
2008.03.26 09:47:29.203,0.78185,0.78195,2.40,0.30
2008.03.26 09:47:29.442,0.78185,0.78195,2.40,0.30
2008.03.26 09:47:29.752,0.78185,0.78195,2.40,0.30
2008.03.26 09:47:30.060,0.78185,0.78195,2.40,0.30
2008.03.26 09:47:30.369,0.78185,0.78195,2.40,0.30
2008.03.26 09:47:30.678,0.78185,0.78195,2.50,0.30
2008.03.26 09:47:30.942,0.78185,0.78195,2.50,0.30
2008.03.26 09:47:31.206,0.78185,0.78195,2.50,0.30
2008.03.26 09:47:31.470,0.78185,0.78195,2.50,0.30
2008.03.26 09:47:31.754,0.78185,0.78195,2.50,0.30
2008.03.26 09:47:32.038,0.78185,0.78195,2.50,0.30
2008.03.26 09:47:32.335,0.78185,0.78195,2.50,0.30
2008.03.26 09:47:32.619,0.78185,0.782,2.50,0.60
2008.03.26 09:47:32.920,0.78185,0.782,2.50,0.60
2008.03.26 09:47:33.218,0.78185,0.782,2.50,0.60
2008.03.26 09:47:33.520,0.78185,0.782,2.80,0.30
2008.03.26 09:47:33.764,0.78185,0.782,2.80,0.30
2008.03.26 09:47:34.011,0.78185,0.782,2.80,0.30
2008.03.26 09:47:34.255,0.78185,0.782,2.50,0.30
2008.03.26 09:47:34.499,0.78185,0.782,2.80,0.30
2008.03.26 09:47:34.834,0.78185,0.782,2.80,0.30
2008.03.26 09:47:35.158,0.78185,0.782,2.80,0.30
2008.03.26 09:47:35.481,0.78185,0.782,2.80,0.30
2008.03.26 09:47:35.756,0.78185,0.782,2.50,0.30
2008.03.26 09:47:36.030,0.78185,0.782,2.50,0.30
2008.03.26 09:47:36.305,0.7819,0.782,0.20,0.30
2008.03.26 09:47:36.580,0.7819,0.782,0.20,0.30
2008.03.26 09:47:36.869,0.7819,0.782,0.20,0.30
2008.03.26 09:47:37.159,0.7819,0.782,0.20,0.30
2008.03.26 09:47:37.448,0.7819,0.782,0.20,0.30
2008.03.26 09:47:37.738,0.7819,0.782,0.20,0.30
2008.03.26 09:47:38.017,0.7819,0.782,0.20,0.30
2008.03.26 09:47:38.296,0.7819,0.782,0.20,0.30
2008.03.26 09:47:38.575,0.7819,0.782,0.20,0.30
2008.03.26 09:47:38.825,0.7819,0.78205,0.40,4.20
2008.03.26 09:47:39.074,0.7819,0.78205,0.40,4.20
2008.03.26 09:47:39.324,0.7819,0.78205,0.40,4.20
2008.03.26 09:47:39.585,0.7819,0.78205,0.40,4.20
2008.03.26 09:47:39.876,0.7819,0.78205,0.40,0.30
2008.03.26 09:47:40.167,0.7819,0.78205,0.40,0.30
2008.03.26 09:47:40.456,0.7819,0.78205,0.40,4.20
2008.03.26 09:47:40.747,0.7819,0.782,0.40,0.30
2008.03.26 09:47:41.057,0.7819,0.782,0.40,0.30
2008.03.26 09:47:41.367,0.7819,0.782,0.40,0.30
2008.03.26 09:47:41.676,0.7819,0.782,0.40,0.30
2008.03.26 09:47:41.914,0.7819,0.782,0.40,0.30
2008.03.26 09:47:42.155,0.7819,0.782,0.40,0.30
2008.03.26 09:47:42.393,0.7819,0.782,0.40,0.30
2008.03.26 09:47:42.633,0.7819,0.782,0.40,0.30
2008.03.26 09:47:42.931,0.7819,0.782,0.40,0.30
2008.03.26 09:47:43.233,0.7819,0.782,0.40,0.30
2008.03.26 09:47:43.531,0.7819,0.782,0.40,0.30
2008.03.26 09:47:43.831,0.7819,0.782,0.40,0.30
2008.03.26 09:47:44.108,0.7819,0.782,0.40,0.30
2008.03.26 09:47:44.384,0.7819,0.782,0.40,0.30
2008.03.26 09:47:44.659,0.7819,0.782,0.40,0.30
2008.03.26 09:47:44.930,0.7819,0.782,0.40,0.30
2008.03.26 09:47:45.193,0.7819,0.78205,0.40,6.60
2008.03.26 09:47:45.453,0.78195,0.7821,0.20,1.00
2008.03.26 09:47:45.714,0.782,0.7821,0.20,1.00
2008.03.26 09:47:46.048,0.782,0.7821,0.20,1.00
2008.03.26 09:47:46.384,0.782,0.78215,0.40,10.40
2008.03.26 09:47:46.718,0.782,0.78215,0.40,2.40
2008.03.26 09:47:46.958,0.78205,0.7822,0.20,0.60
2008.03.26 09:47:47.199,0.78205,0.7822,0.20,4.40
2008.03.26 09:47:47.439,0.78205,0.7822,0.20,4.40
2008.03.26 09:47:47.679,0.78205,0.7822,0.20,0.30
2008.03.26 09:47:47.918,0.78205,0.7822,0.20,0.30
2008.03.26 09:47:48.240,0.78205,0.7822,0.20,4.40
2008.03.26 09:47:48.561,0.78205,0.7822,0.20,4.40
2008.03.26 09:47:48.880,0.78205,0.7822,0.20,4.40
2008.03.26 09:47:49.141,0.78205,0.78215,0.20,4.00
2008.03.26 09:47:49.391,0.782,0.78215,0.40,6.40
2008.03.26 09:47:49.640,0.78205,0.7822,0.20,4.40
2008.03.26 09:47:49.889,0.78205,0.7822,0.20,4.40
2008.03.26 09:47:50.198,0.78205,0.7822,0.20,4.40
2008.03.26 09:47:50.508,0.78205,0.7822,0.20,4.40
2008.03.26 09:47:50.818,0.78205,0.7822,0.20,4.20
2008.03.26 09:47:51.118,0.78205,0.7822,0.20,4.20
2008.03.26 09:47:51.417,0.78205,0.7822,0.20,4.20
2008.03.26 09:47:51.716,0.78205,0.7822,0.20,4.20
2008.03.26 09:47:51.975,0.78205,0.7822,0.20,4.20
2008.03.26 09:47:52.235,0.78205,0.7822,0.20,4.20
2008.03.26 09:47:52.505,0.78205,0.7822,0.20,4.20
2008.03.26 09:47:52.764,0.78205,0.7822,0.20,4.40
2008.03.26 09:47:53.082,0.78205,0.7822,0.20,4.40
2008.03.26 09:47:53.382,0.78205,0.78215,0.20,4.00
2008.03.26 09:47:53.692,0.782,0.78215,0.40,6.40
2008.03.26 09:47:53.998,0.782,0.78215,0.40,6.40
2008.03.26 09:47:54.264,0.782,0.78215,0.40,6.40
2008.03.26 09:47:54.529,0.782,0.78215,0.40,6.40
2008.03.26 09:47:54.785,0.782,0.78215,0.40,6.40
2008.03.26 09:47:55.040,0.782,0.78215,0.40,6.40
2008.03.26 09:47:55.363,0.782,0.78215,0.40,6.40
2008.03.26 09:47:55.686,0.782,0.78215,0.40,6.40
2008.03.26 09:47:56.010,0.782,0.78215,0.40,6.40
2008.03.26 09:47:56.263,0.782,0.78215,0.40,6.40
2008.03.26 09:47:56.518,0.782,0.78215,0.40,6.40
2008.03.26 09:47:56.770,0.782,0.78215,0.40,6.40
2008.03.26 09:47:57.024,0.782,0.78215,0.40,6.40
2008.03.26 09:47:57.313,0.782,0.78215,0.40,6.40
2008.03.26 09:47:57.602,0.782,0.78215,0.40,6.40
2008.03.26 09:47:57.890,0.782,0.78215,0.40,6.40
2008.03.26 09:47:58.175,0.782,0.78215,0.40,6.40
2008.03.26 09:47:58.458,0.782,0.78215,0.40,6.40
2008.03.26 09:47:58.741,0.782,0.78215,0.40,6.40
2008.03.26 09:47:59.027,0.78205,0.78215,0.20,2.40
2008.03.26 09:47:59.291,0.78205,0.7822,0.20,4.40
2008.03.26 09:47:59.555,0.782,0.78215,1.10,6.40
2008.03.26 09:47:59.819,0.782,0.78215,1.10,2.40
2008.03.26 09:48:00.084,0.782,0.7822,1.10,12.40
2008.03.26 09:48:00.413,0.782,0.78215,1.10,6.40
2008.03.26 09:48:00.742,0.782,0.78215,0.40,6.40
2008.03.26 09:48:01.072,0.782,0.78215,0.40,6.40
2008.03.26 09:48:01.310,0.782,0.78215,0.40,6.40
2008.03.26 09:48:01.550,0.782,0.78215,0.40,6.40
2008.03.26 09:48:01.790,0.782,0.78215,0.20,6.40
2008.03.26 09:48:02.030,0.782,0.78215,0.20,6.40
2008.03.26 09:48:02.344,0.7821,0.7822,0.20,0.60
2008.03.26 09:48:02.658,0.7821,0.7822,0.20,0.60
2008.03.26 09:48:02.973,0.7821,0.7822,0.20,0.60
2008.03.26 09:48:03.248,0.78205,0.7822,2.50,0.60
2008.03.26 09:48:03.523,0.78205,0.7822,2.50,0.60
2008.03.26 09:48:03.798,0.78205,0.78215,2.40,0.30
2008.03.26 09:48:04.073,0.782,0.78215,0.40,0.30
2008.03.26 09:48:04.338,0.78205,0.78215,2.50,0.30
2008.03.26 09:48:04.602,0.78205,0.78215,2.50,0.30
2008.03.26 09:48:04.865,0.78205,0.78215,2.50,0.30
2008.03.26 09:48:05.129,0.78205,0.78215,2.50,0.30
2008.03.26 09:48:05.454,0.782,0.78215,0.20,0.30
2008.03.26 09:48:05.778,0.782,0.78215,0.20,0.30
2008.03.26 09:48:06.103,0.782,0.7821,0.20,0.30
2008.03.26 09:48:06.347,0.782,0.7821,0.20,0.30
2008.03.26 09:48:06.571,0.782,0.7821,0.20,0.30
2008.03.26 09:48:06.805,0.78195,0.7821,0.20,0.60
2008.03.26 09:48:07.045,0.78195,0.7821,0.20,0.60
2008.03.26 09:48:07.380,0.78195,0.7821,0.20,0.60
2008.03.26 09:48:07.715,0.78195,0.7821,0.20,0.60
2008.03.26 09:48:08.050,0.78195,0.7821,0.20,0.60
2008.03.26 09:48:08.291,0.78195,0.7821,0.20,0.60
2008.03.26 09:48:08.530,0.78195,0.7821,0.20,0.60
2008.03.26 09:48:08.770,0.78195,0.7821,1.70,0.60
2008.03.26 09:48:09.009,0.78195,0.7821,2.50,0.60
2008.03.26 09:48:09.335,0.78195,0.78205,0.20,0.30
2008.03.26 09:48:09.660,0.78195,0.78205,0.20,0.30
2008.03.26 09:48:09.984,0.7819,0.78205,0.40,0.30
2008.03.26 09:48:10.308,0.7819,0.78205,0.40,0.30
2008.03.26 09:48:10.588,0.7819,0.78205,0.40,0.30
2008.03.26 09:48:10.867,0.7819,0.78205,4.60,0.30
2008.03.26 09:48:11.147,0.7819,0.78205,4.60,3.40
2008.03.26 09:48:11.424,0.782,0.78205,0.20,3.20
2008.03.26 09:48:11.698,0.78195,0.78205,4.90,3.20
2008.03.26 09:48:11.974,0.78195,0.78205,0.20,5.60
2008.03.26 09:48:12.261,0.78195,0.78205,0.20,5.60
2008.03.26 09:48:12.549,0.78195,0.78205,0.20,5.60
2008.03.26 09:48:12.839,0.78195,0.78205,0.20,5.60
2008.03.26 09:48:13.128,0.78195,0.78205,0.20,5.60
2008.03.26 09:48:13.427,0.78195,0.78205,0.20,5.60
2008.03.26 09:48:13.706,0.78195,0.78205,0.20,5.60
2008.03.26 09:48:13.987,0.78195,0.78205,0.20,5.60
2008.03.26 09:48:14.265,0.78195,0.78205,0.20,5.60
2008.03.26 09:48:14.530,0.78195,0.78205,0.20,5.60
2008.03.26 09:48:14.785,0.78195,0.78205,0.20,5.60
2008.03.26 09:48:15.040,0.782,0.78205,0.20,3.20
2008.03.26 09:48:15.294,0.782,0.78205,0.40,3.20
2008.03.26 09:48:15.628,0.782,0.78205,0.40,3.20
2008.03.26 09:48:15.963,0.782,0.78205,0.40,3.20
2008.03.26 09:48:16.300,0.782,0.78205,0.20,3.20
2008.03.26 09:48:16.648,0.782,0.78205,0.40,3.20
2008.03.26 09:48:16.883,0.782,0.78205,0.40,3.20
2008.03.26 09:48:17.120,0.782,0.78205,0.20,3.20
2008.03.26 09:48:17.364,0.782,0.78205,0.20,3.20
2008.03.26 09:48:17.691,0.782,0.78205,0.40,3.20
2008.03.26 09:48:18.018,0.78205,0.7822,0.20,4.40
2008.03.26 09:48:18.342,0.78205,0.7822,0.20,4.40
2008.03.26 09:48:18.586,0.78205,0.7822,0.20,4.40
2008.03.26 09:48:18.828,0.78205,0.7822,0.20,4.20
2008.03.26 09:48:19.073,0.78205,0.7822,0.20,4.20
2008.03.26 09:48:19.318,0.78205,0.7822,0.20,4.20
2008.03.26 09:48:19.562,0.78205,0.7822,0.20,4.20
2008.03.26 09:48:19.891,0.78205,0.7822,0.20,4.20
2008.03.26 09:48:20.220,0.78205,0.7822,0.20,4.20
2008.03.26 09:48:20.549,0.7821,0.7822,0.20,4.20
2008.03.26 09:48:20.828,0.78215,0.7822,0.20,4.20
2008.03.26 09:48:21.110,0.78215,0.7822,0.20,4.20
2008.03.26 09:48:21.387,0.78215,0.7822,0.20,4.20
2008.03.26 09:48:21.662,0.78215,0.7822,0.20,4.20
2008.03.26 09:48:21.938,0.7821,0.7822,0.20,4.20
2008.03.26 09:48:22.212,0.7821,0.7822,0.20,4.20
2008.03.26 09:48:22.487,0.78215,0.7822,0.20,0.30
2008.03.26 09:48:22.763,0.78215,0.7822,0.20,4.20
2008.03.26 09:48:23.047,0.78215,0.7822,0.20,4.20
2008.03.26 09:48:23.331,0.78215,0.7822,0.20,4.20
2008.03.26 09:48:23.616,0.78215,0.7822,0.20,4.20
2008.03.26 09:48:23.902,0.78215,0.7822,0.20,0.30
2008.03.26 09:48:24.164,0.78215,0.7822,0.20,0.30
2008.03.26 09:48:24.440,0.78215,0.7822,0.20,4.20
2008.03.26 09:48:24.718,0.78215,0.7822,0.20,4.20
2008.03.26 09:48:25.000,0.78215,0.7822,0.20,0.30
2008.03.26 09:48:25.279,0.78215,0.7822,0.20,4.20
2008.03.26 09:48:25.560,0.78215,0.7822,0.20,4.20
2008.03.26 09:48:25.855,0.78215,0.7822,0.20,4.20
2008.03.26 09:48:26.149,0.78215,0.7822,0.20,4.20
2008.03.26 09:48:26.444,0.78215,0.7822,0.20,4.20
2008.03.26 09:48:26.738,0.78215,0.7822,0.20,0.30
2008.03.26 09:48:26.972,0.7821,0.7822,0.20,0.30
2008.03.26 09:48:27.207,0.7821,0.7822,0.20,0.30
2008.03.26 09:48:27.440,0.7821,0.7822,0.20,0.30
2008.03.26 09:48:27.674,0.7821,0.7822,0.20,0.30
2008.03.26 09:48:27.999,0.7821,0.7822,0.20,0.30
2008.03.26 09:48:28.324,0.7821,0.7822,0.40,0.30
2008.03.26 09:48:28.649,0.7821,0.7822,0.40,0.30
2008.03.26 09:48:28.887,0.7821,0.7822,0.40,0.30
2008.03.26 09:48:29.127,0.7821,0.7822,0.40,0.30
2008.03.26 09:48:29.365,0.7821,0.7822,0.40,0.30
2008.03.26 09:48:29.606,0.7821,0.7822,0.40,0.30
2008.03.26 09:48:29.908,0.7821,0.7822,0.40,0.30
2008.03.26 09:48:30.212,0.7821,0.7822,0.40,0.30
2008.03.26 09:48:30.516,0.7821,0.7822,0.40,0.30
2008.03.26 09:48:30.821,0.7821,0.7822,0.40,0.30
2008.03.26 09:48:31.091,0.7821,0.7822,0.40,0.30
2008.03.26 09:48:31.366,0.7821,0.7822,0.40,0.30
2008.03.26 09:48:31.634,0.7821,0.7822,0.40,0.30
2008.03.26 09:48:31.904,0.7821,0.7822,0.40,0.30
2008.03.26 09:48:32.188,0.7821,0.7822,0.40,0.30
2008.03.26 09:48:32.482,0.7821,0.7822,0.40,0.30
2008.03.26 09:48:32.755,0.7821,0.7822,0.40,0.30
2008.03.26 09:48:32.999,0.7821,0.7822,0.40,0.30
2008.03.26 09:48:33.243,0.7821,0.7822,0.60,0.30
2008.03.26 09:48:33.488,0.78215,0.78225,6.40,0.30
2008.03.26 09:48:33.733,0.78215,0.78225,6.70,0.30
2008.03.26 09:48:34.022,0.7822,0.7823,0.20,0.60
2008.03.26 09:48:34.312,0.78215,0.7823,2.40,0.60
2008.03.26 09:48:34.603,0.78215,0.7823,0.20,0.60
2008.03.26 09:48:34.894,0.78215,0.7823,0.20,0.60
2008.03.26 09:48:35.143,0.78215,0.7823,0.20,0.60
2008.03.26 09:48:35.394,0.78215,0.78225,0.20,0.30
2008.03.26 09:48:35.643,0.78215,0.7823,0.20,0.60
2008.03.26 09:48:35.892,0.78215,0.7823,0.20,0.60
2008.03.26 09:48:36.235,0.78215,0.7823,0.20,0.60
2008.03.26 09:48:36.567,0.78215,0.78225,0.20,0.30
2008.03.26 09:48:36.903,0.7821,0.78225,0.40,0.30
2008.03.26 09:48:37.143,0.7821,0.78225,0.40,0.30
2008.03.26 09:48:37.383,0.78215,0.78225,0.20,0.30
2008.03.26 09:48:37.623,0.78215,0.78225,0.20,0.30
2008.03.26 09:48:37.862,0.78215,0.7823,0.20,0.60
2008.03.26 09:48:38.156,0.78215,0.7823,0.20,0.60
2008.03.26 09:48:38.451,0.7822,0.7823,0.20,0.60
2008.03.26 09:48:38.745,0.7822,0.7823,0.20,0.60
2008.03.26 09:48:39.039,0.7822,0.7823,0.20,0.60
2008.03.26 09:48:39.314,0.7822,0.7823,0.20,0.60
2008.03.26 09:48:39.587,0.7822,0.7823,0.20,0.60
2008.03.26 09:48:39.871,0.7822,0.7823,0.20,0.60
2008.03.26 09:48:40.174,0.7822,0.7823,0.20,0.60
2008.03.26 09:48:40.468,0.7822,0.7823,0.20,0.60
2008.03.26 09:48:40.764,0.7822,0.7823,0.20,0.60
2008.03.26 09:48:41.058,0.7822,0.7823,0.20,0.60
2008.03.26 09:48:41.344,0.7822,0.7823,0.40,0.30
2008.03.26 09:48:41.630,0.7822,0.78235,0.40,0.30
2008.03.26 09:48:41.915,0.7822,0.7823,0.40,0.30
2008.03.26 09:48:42.154,0.7822,0.7823,0.40,0.30
2008.03.26 09:48:42.393,0.7822,0.7823,0.40,0.30
2008.03.26 09:48:42.631,0.7822,0.7823,0.40,0.30
2008.03.26 09:48:42.874,0.7822,0.7823,0.40,0.30
2008.03.26 09:48:43.174,0.7822,0.7823,0.40,0.30
2008.03.26 09:48:43.475,0.7822,0.78235,0.40,0.30
2008.03.26 09:48:43.783,0.7822,0.78235,0.40,0.30
2008.03.26 09:48:44.095,0.7822,0.78235,0.40,0.30
2008.03.26 09:48:44.367,0.7823,0.78235,0.20,0.30
2008.03.26 09:48:44.647,0.7823,0.7824,0.20,0.60
2008.03.26 09:48:44.910,0.7823,0.78245,0.40,0.30
2008.03.26 09:48:45.214,0.7823,0.78245,0.40,0.30
2008.03.26 09:48:45.495,0.7823,0.78245,0.40,0.30
2008.03.26 09:48:45.785,0.7823,0.78245,0.40,0.30
2008.03.26 09:48:46.074,0.7823,0.78245,0.40,0.30
2008.03.26 09:48:46.348,0.7823,0.78245,0.40,1.30
2008.03.26 09:48:46.613,0.7823,0.78245,0.40,1.30
2008.03.26 09:48:46.891,0.7823,0.78245,0.20,1.30
2008.03.26 09:48:47.165,0.7823,0.78245,0.20,0.40
2008.03.26 09:48:47.416,0.7823,0.78245,0.20,1.60
2008.03.26 09:48:47.666,0.7823,0.78245,0.20,1.60
2008.03.26 09:48:47.918,0.78235,0.78245,0.20,0.80
2008.03.26 09:48:48.167,0.78235,0.7825,0.20,4.60
2008.03.26 09:48:48.456,0.78235,0.7825,0.20,0.30
2008.03.26 09:48:48.746,0.7824,0.7825,0.20,0.30
2008.03.26 09:48:50.144,0.78235,0.78245,0.20,6.40
2008.03.26 09:48:50.247,0.78235,0.7825,0.60,4.40
2008.03.26 09:48:50.361,0.7824,0.7825,0.40,0.60
2008.03.26 09:48:50.475,0.7824,0.7825,0.40,0.30
2008.03.26 09:48:50.601,0.7824,0.7825,0.40,0.30
2008.03.26 09:48:50.704,0.7824,0.7825,0.40,0.30
2008.03.26 09:48:50.818,0.7824,0.7825,0.40,0.30
2008.03.26 09:48:50.933,0.7824,0.7825,4.30,0.30
2008.03.26 09:48:51.047,0.7824,0.78255,4.30,1.30
2008.03.26 09:48:51.162,0.7824,0.78255,0.40,1.30
2008.03.26 09:48:51.498,0.7824,0.7825,4.10,0.30
2008.03.26 09:48:51.834,0.7824,0.78255,0.40,0.30
2008.03.26 09:48:52.168,0.7824,0.78255,0.40,0.30
2008.03.26 09:48:52.422,0.7824,0.78255,0.40,0.30
2008.03.26 09:48:52.676,0.7824,0.78255,0.40,0.30
2008.03.26 09:48:52.929,0.7824,0.78255,0.40,0.30
2008.03.26 09:48:53.184,0.7824,0.78255,0.40,0.30
2008.03.26 09:48:53.485,0.7824,0.78255,0.40,0.30
2008.03.26 09:48:53.785,0.7824,0.78255,0.40,0.30
2008.03.26 09:48:54.095,0.7824,0.78255,0.40,0.30
2008.03.26 09:48:54.396,0.78245,0.78255,2.40,0.30
2008.03.26 09:48:54.684,0.78245,0.78255,2.40,0.30
2008.03.26 09:48:54.970,0.7824,0.78255,0.40,0.30
2008.03.26 09:48:55.254,0.7824,0.78255,0.40,0.30
2008.03.26 09:48:55.550,0.7824,0.78255,0.40,0.30
2008.03.26 09:48:55.853,0.7824,0.78255,0.40,0.30
2008.03.26 09:48:56.147,0.7824,0.78255,0.40,0.30
2008.03.26 09:48:56.451,0.7824,0.78255,0.40,0.30
2008.03.26 09:48:56.710,0.7824,0.78255,0.40,0.30
2008.03.26 09:48:56.978,0.7824,0.78255,0.40,0.30
2008.03.26 09:48:57.248,0.7824,0.78255,0.40,0.30
2008.03.26 09:48:57.514,0.7824,0.7825,0.40,0.30
2008.03.26 09:48:57.778,0.7824,0.7825,0.40,0.30
2008.03.26 09:48:58.041,0.7824,0.7825,0.40,0.30
2008.03.26 09:48:58.306,0.7824,0.7825,0.40,0.30
2008.03.26 09:48:58.600,0.7824,0.7825,0.40,0.30
2008.03.26 09:48:58.895,0.7824,0.78255,0.40,0.30
2008.03.26 09:48:59.190,0.7824,0.78255,0.40,0.30
2008.03.26 09:48:59.484,0.7824,0.78255,0.40,0.30
2008.03.26 09:48:59.763,0.7824,0.78255,0.40,0.30
2008.03.26 09:49:00.042,0.78245,0.78255,2.40,0.30
2008.03.26 09:49:00.322,0.78245,0.78255,2.40,0.30
2008.03.26 09:49:00.591,0.78245,0.78255,2.40,0.30
2008.03.26 09:49:00.861,0.78245,0.78255,2.40,0.30
2008.03.26 09:49:01.140,0.78245,0.78255,2.40,0.30
2008.03.26 09:49:01.401,0.7825,0.78255,0.20,0.30
2008.03.26 09:49:01.686,0.7825,0.78255,0.20,0.30
2008.03.26 09:49:01.981,0.78245,0.78255,2.40,0.30
2008.03.26 09:49:02.275,0.78245,0.78255,2.50,0.30
2008.03.26 09:49:02.560,0.7825,0.7826,0.20,0.60
2008.03.26 09:49:02.839,0.7825,0.7826,0.20,0.60
2008.03.26 09:49:03.119,0.7825,0.7826,0.20,0.60
2008.03.26 09:49:03.397,0.7825,0.7826,0.20,0.60
2008.03.26 09:49:03.651,0.7825,0.7826,0.20,0.60
2008.03.26 09:49:03.906,0.78245,0.7826,6.50,0.60
2008.03.26 09:49:04.161,0.78245,0.7826,6.50,0.60
2008.03.26 09:49:04.415,0.78245,0.7826,6.50,0.60
2008.03.26 09:49:04.703,0.78245,0.7826,6.50,0.60
2008.03.26 09:49:04.993,0.7825,0.7826,0.20,0.60
2008.03.26 09:49:05.282,0.7825,0.7826,0.20,0.60
2008.03.26 09:49:05.570,0.7825,0.7826,0.20,0.60
2008.03.26 09:49:05.861,0.7825,0.7826,0.20,0.60
2008.03.26 09:49:06.149,0.7825,0.7826,0.20,0.60
2008.03.26 09:49:06.448,0.78245,0.7826,3.30,0.60
2008.03.26 09:49:06.737,0.78245,0.78255,3.30,0.30
2008.03.26 09:49:07.002,0.7825,0.7826,0.20,0.60
2008.03.26 09:49:07.267,0.7825,0.7826,0.20,0.60
2008.03.26 09:49:07.531,0.7825,0.7826,0.20,0.60
2008.03.26 09:49:07.780,0.7825,0.7826,0.20,0.60
2008.03.26 09:49:08.028,0.7825,0.7826,0.20,0.60
2008.03.26 09:49:08.277,0.7825,0.7826,0.20,0.60
2008.03.26 09:49:08.537,0.7825,0.7826,0.20,0.60
2008.03.26 09:49:08.785,0.7825,0.7826,0.20,0.60
2008.03.26 09:49:09.075,0.78245,0.7826,2.50,0.60
2008.03.26 09:49:09.364,0.78245,0.7826,2.50,0.60
2008.03.26 09:49:09.652,0.78245,0.7826,2.50,0.60
2008.03.26 09:49:09.917,0.78245,0.7826,2.50,0.60
2008.03.26 09:49:10.180,0.78245,0.7826,2.50,0.60
2008.03.26 09:49:10.445,0.7824,0.78255,0.40,0.30
2008.03.26 09:49:10.711,0.7824,0.78255,0.40,0.30
2008.03.26 09:49:11.025,0.7824,0.78255,0.40,0.30
2008.03.26 09:49:11.341,0.7824,0.78255,0.40,0.30
2008.03.26 09:49:11.656,0.7824,0.7825,0.20,0.30
2008.03.26 09:49:11.899,0.7824,0.7825,0.20,0.30
2008.03.26 09:49:12.144,0.7824,0.7825,0.20,0.30
2008.03.26 09:49:12.389,0.7824,0.7825,0.20,0.30
2008.03.26 09:49:12.633,0.7824,0.7825,0.20,0.30
2008.03.26 09:49:12.929,0.7824,0.7825,0.20,0.30
2008.03.26 09:49:13.234,0.7824,0.7825,0.20,0.30
2008.03.26 09:49:13.517,0.7824,0.7825,0.20,0.30
2008.03.26 09:49:13.811,0.7824,0.7825,0.20,0.30
2008.03.26 09:49:14.081,0.7824,0.7825,0.20,0.30
2008.03.26 09:49:14.350,0.7824,0.7825,0.20,0.30
2008.03.26 09:49:14.619,0.7824,0.7825,0.20,0.30
2008.03.26 09:49:14.887,0.7824,0.7825,0.20,0.30
2008.03.26 09:49:15.146,0.7824,0.7825,0.20,0.30
2008.03.26 09:49:15.405,0.7824,0.7825,0.20,0.30
2008.03.26 09:49:15.665,0.7824,0.7825,0.20,0.60
2008.03.26 09:49:15.969,0.7824,0.7825,0.20,0.60
2008.03.26 09:49:16.273,0.7824,0.7825,0.20,0.60
2008.03.26 09:49:16.568,0.7824,0.7825,0.20,0.60
2008.03.26 09:49:16.862,0.7824,0.7825,0.20,0.60
2008.03.26 09:49:17.132,0.78235,0.78245,0.20,2.40
2008.03.26 09:49:17.401,0.78235,0.78245,0.20,2.40
2008.03.26 09:49:17.672,0.78235,0.7825,0.20,0.60
2008.03.26 09:49:17.916,0.78235,0.7825,0.20,0.60
2008.03.26 09:49:18.161,0.78235,0.7825,0.20,0.60
2008.03.26 09:49:18.405,0.78235,0.7825,0.20,0.60
2008.03.26 09:49:18.649,0.78235,0.7825,0.20,0.60
2008.03.26 09:49:18.893,0.78235,0.7825,2.50,0.60
2008.03.26 09:49:19.224,0.7824,0.7825,0.20,0.60
2008.03.26 09:49:19.555,0.7824,0.7825,0.20,0.60
2008.03.26 09:49:19.895,0.7824,0.7825,0.20,0.60
2008.03.26 09:49:20.128,0.7824,0.7825,0.20,0.60
2008.03.26 09:49:20.373,0.7824,0.7825,0.20,0.60
2008.03.26 09:49:20.618,0.7824,0.7825,0.20,0.60
2008.03.26 09:49:20.862,0.7824,0.7825,0.20,0.60
2008.03.26 09:49:21.177,0.7824,0.7825,0.20,0.60
2008.03.26 09:49:21.490,0.7824,0.7825,0.20,0.60
2008.03.26 09:49:21.805,0.7824,0.7825,0.20,0.60
2008.03.26 09:49:22.070,0.78235,0.7825,2.50,0.60
2008.03.26 09:49:22.333,0.78235,0.7825,2.50,0.60
2008.03.26 09:49:22.597,0.78235,0.7825,2.50,0.60
2008.03.26 09:49:22.864,0.78235,0.7825,9.20,0.30
2008.03.26 09:49:23.153,0.78235,0.7825,10.80,0.30
2008.03.26 09:49:23.448,0.7824,0.78255,4.10,0.30
2008.03.26 09:49:23.751,0.7824,0.7825,0.20,0.60
2008.03.26 09:49:24.049,0.7824,0.7825,0.20,0.60
2008.03.26 09:49:24.314,0.7824,0.7825,0.20,0.60
2008.03.26 09:49:24.581,0.7824,0.7825,0.20,0.30
2008.03.26 09:49:24.841,0.78235,0.7825,6.50,0.60
2008.03.26 09:49:25.134,0.78235,0.7825,7.60,0.30
2008.03.26 09:49:25.425,0.7824,0.78255,0.20,0.30
2008.03.26 09:49:25.714,0.7824,0.7825,0.20,0.30
2008.03.26 09:49:26.003,0.7824,0.78255,0.40,0.30
2008.03.26 09:49:26.313,0.7824,0.78255,0.40,0.30
2008.03.26 09:49:26.622,0.7824,0.78255,0.40,0.30
2008.03.26 09:49:26.931,0.7824,0.78255,0.40,0.30
2008.03.26 09:49:27.175,0.7824,0.78255,0.40,0.30
2008.03.26 09:49:27.420,0.7824,0.78255,0.40,0.30
2008.03.26 09:49:27.663,0.7824,0.78255,0.20,0.30
2008.03.26 09:49:27.907,0.78235,0.78255,0.20,2.60
2008.03.26 09:49:28.187,0.78235,0.7825,0.20,0.30
2008.03.26 09:49:28.467,0.78235,0.7825,0.20,0.60
2008.03.26 09:49:28.747,0.78235,0.78245,0.20,0.30
2008.03.26 09:49:29.027,0.7824,0.7825,0.20,0.30
2008.03.26 09:49:29.310,0.7824,0.7825,0.20,0.30
2008.03.26 09:49:29.594,0.78235,0.7825,0.20,0.60
2008.03.26 09:49:29.880,0.78235,0.7825,0.20,0.60
2008.03.26 09:49:30.149,0.78235,0.7825,0.20,0.60
2008.03.26 09:49:30.418,0.78235,0.7825,0.20,0.60
2008.03.26 09:49:30.688,0.7823,0.78245,4.30,0.30
2008.03.26 09:49:30.957,0.7823,0.78245,4.30,0.30
2008.03.26 09:49:31.261,0.7823,0.78245,4.10,0.30
2008.03.26 09:49:31.565,0.7823,0.78245,0.20,0.30
2008.03.26 09:49:31.870,0.7823,0.78245,0.20,0.30
2008.03.26 09:49:32.160,0.78235,0.78245,2.40,0.30
2008.03.26 09:49:32.434,0.7823,0.7824,0.20,0.30
2008.03.26 09:49:32.709,0.7823,0.7824,0.20,0.30
2008.03.26 09:49:32.985,0.7823,0.7824,0.20,0.30
2008.03.26 09:49:33.262,0.7823,0.7824,0.20,0.60
2008.03.26 09:49:33.537,0.78225,0.7824,10.00,0.30
2008.03.26 09:49:33.813,0.7823,0.7824,0.60,0.30
2008.03.26 09:49:34.088,0.78235,0.78245,2.40,0.30
2008.03.26 09:49:34.393,0.78235,0.7824,2.40,0.30
2008.03.26 09:49:34.697,0.78235,0.7824,2.40,0.30
2008.03.26 09:49:35.003,0.7823,0.78245,0.40,0.30
2008.03.26 09:49:35.278,0.7823,0.78245,0.40,0.30
2008.03.26 09:49:35.552,0.7823,0.78245,0.40,0.30
2008.03.26 09:49:35.827,0.7823,0.78245,0.40,0.30
2008.03.26 09:49:36.102,0.7823,0.78245,0.40,0.30
2008.03.26 09:49:36.397,0.7823,0.7824,0.40,0.30
2008.03.26 09:49:36.693,0.7823,0.7824,0.20,0.60
2008.03.26 09:49:36.988,0.7823,0.7824,0.20,0.30
2008.03.26 09:49:37.244,0.7823,0.78245,0.40,0.30
2008.03.26 09:49:37.501,0.78235,0.7824,2.40,0.30
2008.03.26 09:49:37.755,0.7823,0.7824,0.40,0.30
2008.03.26 09:49:38.010,0.7823,0.7824,0.40,0.30
2008.03.26 09:49:38.296,0.7823,0.7824,0.40,0.30
2008.03.26 09:49:38.581,0.78235,0.78245,2.40,0.30
2008.03.26 09:49:38.868,0.78235,0.78245,2.40,0.30
2008.03.26 09:49:39.150,0.78235,0.78245,2.40,0.30
2008.03.26 09:49:39.438,0.78235,0.78245,2.40,0.30
2008.03.26 09:49:39.728,0.78235,0.78245,2.40,0.30
2008.03.26 09:49:40.017,0.78235,0.78245,2.40,0.30
2008.03.26 09:49:40.317,0.7823,0.7824,0.40,0.30
2008.03.26 09:49:40.616,0.7823,0.78245,0.40,0.30
2008.03.26 09:49:40.926,0.7823,0.78245,0.40,0.30
2008.03.26 09:49:41.225,0.7823,0.78245,0.40,0.30
2008.03.26 09:49:41.485,0.78235,0.78245,2.40,0.30
2008.03.26 09:49:41.746,0.7824,0.78245,0.20,0.30
2008.03.26 09:49:42.006,0.78235,0.78245,2.40,0.30
2008.03.26 09:49:42.266,0.78235,0.78245,2.40,0.30
2008.03.26 09:49:42.576,0.78235,0.78245,2.40,0.30
2008.03.26 09:49:42.885,0.78235,0.78245,2.50,0.30
2008.03.26 09:49:43.194,0.78235,0.78245,2.50,0.30
2008.03.26 09:49:43.454,0.78235,0.78245,2.50,0.30
2008.03.26 09:49:43.714,0.78235,0.7825,2.50,0.60
2008.03.26 09:49:43.973,0.78235,0.7825,2.50,0.60
2008.03.26 09:49:44.233,0.78235,0.7825,2.80,0.60
2008.03.26 09:49:44.513,0.7824,0.78255,0.20,0.30
2008.03.26 09:49:44.792,0.7824,0.78255,0.40,0.30
2008.03.26 09:49:45.073,0.7824,0.78255,0.40,0.30
2008.03.26 09:49:45.353,0.7824,0.78255,0.60,0.30
2008.03.26 09:49:45.683,0.78245,0.7826,0.20,0.60
2008.03.26 09:49:46.013,0.7824,0.7825,0.60,0.30
2008.03.26 09:49:46.343,0.7824,0.7825,0.40,0.30
2008.03.26 09:49:46.592,0.7824,0.7825,0.40,0.30
2008.03.26 09:49:46.841,0.7824,0.7825,0.40,0.30
2008.03.26 09:49:47.091,0.78245,0.7825,0.20,0.30
2008.03.26 09:49:47.341,0.78245,0.78255,0.20,2.40
2008.03.26 09:49:47.651,0.78245,0.78255,0.20,0.30
2008.03.26 09:49:47.962,0.78245,0.7826,0.20,0.60
2008.03.26 09:49:48.284,0.7824,0.7826,0.60,0.30
2008.03.26 09:49:48.517,0.7824,0.7826,0.60,0.30
2008.03.26 09:49:48.762,0.78245,0.78255,0.20,0.30
2008.03.26 09:49:49.006,0.78245,0.78255,0.20,0.30
2008.03.26 09:49:49.250,0.78245,0.78255,0.20,0.30
2008.03.26 09:49:49.577,0.7825,0.78255,0.20,0.30
2008.03.26 09:49:49.900,0.7825,0.78255,0.20,0.30
2008.03.26 09:49:50.223,0.7825,0.78255,0.20,0.30
2008.03.26 09:49:50.507,0.7825,0.78255,0.20,0.30
2008.03.26 09:49:50.777,0.7825,0.78255,0.20,0.30
2008.03.26 09:49:51.046,0.7825,0.78255,0.20,0.30
2008.03.26 09:49:51.316,0.7825,0.78255,0.20,0.30
2008.03.26 09:49:51.628,0.78245,0.7826,4.10,0.60
2008.03.26 09:49:51.938,0.78245,0.7826,6.80,0.60
2008.03.26 09:49:52.249,0.7825,0.7826,0.20,0.30
2008.03.26 09:49:52.500,0.7825,0.78265,0.20,2.60
2008.03.26 09:49:52.749,0.7825,0.78265,0.20,0.30
2008.03.26 09:49:52.998,0.7825,0.7826,0.20,0.60
2008.03.26 09:49:53.246,0.7825,0.7826,0.20,0.60
2008.03.26 09:49:53.571,0.7825,0.78265,0.40,0.30
2008.03.26 09:49:53.884,0.7825,0.78265,0.60,0.30
2008.03.26 09:49:54.200,0.78255,0.7827,2.40,0.60
2008.03.26 09:49:54.470,0.78255,0.7827,2.40,0.60
2008.03.26 09:49:54.739,0.78255,0.7827,2.40,0.60
2008.03.26 09:49:55.008,0.7825,0.7827,4.60,0.60
2008.03.26 09:49:55.283,0.7825,0.78265,4.60,0.30
2008.03.26 09:49:55.594,0.7825,0.7826,0.40,0.30
2008.03.26 09:49:55.899,0.7825,0.78265,4.60,0.30
2008.03.26 09:49:56.201,0.78255,0.78265,0.40,0.30
2008.03.26 09:49:56.502,0.78255,0.7827,1.60,0.30
2008.03.26 09:49:56.799,0.78255,0.78275,1.60,0.30
2008.03.26 09:49:57.084,0.7825,0.78265,0.60,0.30
2008.03.26 09:49:57.370,0.7825,0.78265,4.30,0.30
2008.03.26 09:49:57.631,0.7825,0.7826,0.20,0.30
2008.03.26 09:49:57.893,0.7825,0.7826,0.20,0.30
2008.03.26 09:49:58.153,0.7825,0.7826,0.20,0.30
2008.03.26 09:49:58.417,0.7825,0.7826,0.20,0.30
2008.03.26 09:49:58.722,0.7825,0.7826,0.20,0.60
2008.03.26 09:49:59.029,0.7825,0.7826,0.20,0.30
2008.03.26 09:49:59.334,0.7825,0.7826,0.20,0.30
2008.03.26 09:49:59.591,0.7825,0.7826,0.20,0.60
2008.03.26 09:49:59.846,0.7825,0.7826,0.20,0.60
2008.03.26 09:50:00.100,0.7825,0.7826,0.20,0.60
2008.03.26 09:50:00.353,0.7825,0.7826,0.20,0.60
2008.03.26 09:50:00.657,0.7825,0.7826,0.20,0.60
2008.03.26 09:50:00.963,0.7825,0.7826,0.20,0.60
2008.03.26 09:50:01.266,0.7825,0.7826,0.20,0.60
2008.03.26 09:50:01.571,0.7824,0.78255,0.60,0.30
2008.03.26 09:50:01.879,0.7824,0.78255,0.60,0.30
2008.03.26 09:50:02.179,0.7825,0.7826,0.20,0.60
2008.03.26 09:50:02.476,0.7825,0.7826,0.20,0.30
2008.03.26 09:50:02.711,0.7825,0.7826,0.20,0.30
2008.03.26 09:50:02.944,0.7825,0.7826,0.20,0.30
2008.03.26 09:50:03.191,0.7825,0.7826,0.20,0.30
2008.03.26 09:50:03.439,0.7825,0.7826,0.20,0.30
2008.03.26 09:50:03.766,0.7825,0.7826,0.20,0.30
2008.03.26 09:50:04.091,0.7825,0.7826,0.20,0.30
2008.03.26 09:50:04.418,0.78245,0.7826,7.70,0.30
2008.03.26 09:50:04.668,0.78245,0.7826,7.70,0.30
2008.03.26 09:50:04.951,0.78245,0.7826,7.70,0.30
2008.03.26 09:50:05.204,0.78245,0.7826,7.70,0.30
2008.03.26 09:50:05.453,0.78245,0.7826,7.70,0.30
2008.03.26 09:50:05.787,0.78245,0.7826,7.70,0.60
2008.03.26 09:50:06.120,0.78245,0.7826,7.70,0.60
2008.03.26 09:50:06.455,0.78245,0.7826,7.70,0.60
2008.03.26 09:50:06.701,0.78245,0.7826,7.70,0.60
2008.03.26 09:50:06.948,0.7825,0.7826,0.40,0.30
2008.03.26 09:50:07.192,0.7825,0.7826,0.40,0.30
2008.03.26 09:50:07.444,0.7825,0.7826,0.40,0.30
2008.03.26 09:50:07.756,0.7825,0.7826,0.40,0.30
2008.03.26 09:50:08.070,0.78245,0.7826,0.20,0.60
2008.03.26 09:50:08.376,0.78245,0.7826,0.20,0.60
2008.03.26 09:50:08.688,0.7825,0.7826,0.20,0.60
2008.03.26 09:50:08.979,0.7825,0.7826,0.20,0.60
2008.03.26 09:50:09.270,0.7825,0.7826,0.20,0.60
2008.03.26 09:50:09.560,0.7825,0.7826,0.20,0.60
2008.03.26 09:50:09.818,0.7825,0.7826,0.20,0.60
2008.03.26 09:50:10.076,0.7825,0.7826,0.20,0.60
2008.03.26 09:50:10.341,0.7825,0.7826,0.40,0.30
2008.03.26 09:50:10.606,0.7825,0.7826,0.40,0.30
2008.03.26 09:50:10.919,0.7825,0.7826,0.40,0.60
2008.03.26 09:50:11.255,0.7825,0.7826,0.20,0.60
2008.03.26 09:50:11.569,0.7825,0.7826,0.20,0.60
2008.03.26 09:50:11.810,0.78245,0.7826,2.50,0.60
2008.03.26 09:50:12.050,0.78245,0.7826,2.50,0.60
2008.03.26 09:50:12.290,0.78245,0.7826,2.40,0.60
2008.03.26 09:50:12.530,0.78245,0.7826,2.40,0.60
2008.03.26 09:50:12.845,0.7825,0.7826,0.20,0.60
2008.03.26 09:50:13.160,0.78245,0.7826,2.40,0.60
2008.03.26 09:50:13.476,0.78245,0.7826,9.90,0.60
2008.03.26 09:50:13.793,0.78255,0.7826,2.40,0.30
2008.03.26 09:50:14.068,0.78255,0.78265,2.40,0.30
2008.03.26 09:50:14.341,0.78255,0.78265,2.40,0.30
2008.03.26 09:50:14.617,0.78255,0.78265,2.40,0.30
2008.03.26 09:50:14.885,0.7825,0.78265,0.20,0.30
2008.03.26 09:50:15.155,0.78255,0.78265,3.20,0.30
2008.03.26 09:50:15.426,0.78255,0.78265,3.20,0.30
2008.03.26 09:50:15.709,0.7826,0.78265,0.20,0.30
2008.03.26 09:50:16.043,0.7825,0.78265,0.40,0.30
2008.03.26 09:50:16.377,0.7825,0.78265,0.40,0.30
2008.03.26 09:50:16.713,0.78255,0.78265,2.50,0.30
2008.03.26 09:50:16.952,0.78255,0.78265,4.00,0.30
2008.03.26 09:50:17.192,0.7826,0.7827,0.20,8.40
2008.03.26 09:50:17.433,0.7826,0.7827,0.20,0.30
2008.03.26 09:50:17.671,0.7826,0.7827,0.20,0.30
2008.03.26 09:50:17.980,0.7826,0.7827,0.20,0.30
2008.03.26 09:50:18.289,0.78265,0.7828,0.20,12.40
2008.03.26 09:50:18.599,0.7826,0.7827,0.40,0.30
2008.03.26 09:50:18.909,0.7826,0.7827,0.20,0.30
2008.03.26 09:50:19.189,0.78255,0.7827,2.50,0.60
2008.03.26 09:50:19.468,0.78255,0.7827,2.50,0.60
2008.03.26 09:50:19.747,0.78255,0.7827,2.50,0.60
2008.03.26 09:50:20.011,0.7825,0.78265,4.30,0.30
2008.03.26 09:50:20.275,0.78255,0.78265,2.40,0.30
2008.03.26 09:50:20.540,0.7826,0.7827,0.20,0.60
2008.03.26 09:50:20.809,0.7826,0.7827,0.20,0.60
2008.03.26 09:50:21.133,0.7826,0.7827,0.20,0.60
2008.03.26 09:50:21.456,0.7826,0.7827,0.20,0.60
2008.03.26 09:50:21.781,0.7826,0.7827,0.20,0.60
2008.03.26 09:50:22.107,0.78255,0.78265,2.40,0.30
2008.03.26 09:50:22.352,0.78255,0.78265,2.40,0.30
2008.03.26 09:50:22.609,0.7825,0.78265,0.40,0.30
2008.03.26 09:50:22.854,0.7825,0.78265,0.40,0.30
2008.03.26 09:50:23.177,0.78255,0.7827,2.40,0.60
2008.03.26 09:50:23.512,0.78255,0.7827,2.40,0.60
2008.03.26 09:50:23.844,0.78255,0.78265,2.40,0.30
2008.03.26 09:50:24.091,0.78255,0.78265,2.40,0.30
2008.03.26 09:50:24.340,0.78255,0.78265,2.40,0.30
2008.03.26 09:50:24.590,0.7825,0.7826,0.40,0.30
2008.03.26 09:50:24.842,0.7825,0.7826,0.40,0.30
2008.03.26 09:50:25.090,0.7825,0.7826,0.40,0.30
2008.03.26 09:50:25.381,0.7825,0.78265,0.40,2.60
2008.03.26 09:50:25.670,0.7825,0.7826,0.40,0.30
2008.03.26 09:50:25.959,0.7825,0.7826,0.40,0.30
2008.03.26 09:50:26.257,0.7825,0.7826,0.40,0.30
2008.03.26 09:50:26.556,0.7825,0.7826,0.40,0.30
2008.03.26 09:50:26.854,0.7825,0.7826,0.40,0.30
2008.03.26 09:50:27.154,0.7825,0.7826,0.40,0.30
2008.03.26 09:50:27.404,0.7825,0.7826,0.40,0.30
2008.03.26 09:50:27.661,0.7825,0.7826,0.40,0.30
2008.03.26 09:50:27.909,0.7825,0.7826,0.40,0.30
2008.03.26 09:50:28.168,0.7825,0.7826,0.40,0.30
2008.03.26 09:50:28.481,0.7825,0.7826,0.40,0.30
2008.03.26 09:50:28.795,0.7825,0.7826,0.40,0.30
2008.03.26 09:50:29.107,0.7825,0.7826,0.40,0.30
2008.03.26 09:50:29.367,0.7825,0.7826,0.40,0.30
2008.03.26 09:50:29.628,0.7825,0.7826,0.40,0.30
2008.03.26 09:50:29.887,0.7825,0.7826,0.40,0.30
2008.03.26 09:50:30.148,0.78245,0.7826,3.20,0.60
2008.03.26 09:50:30.477,0.78245,0.7826,3.20,0.60
2008.03.26 09:50:30.806,0.7824,0.78255,0.40,0.30
2008.03.26 09:50:31.135,0.7824,0.78255,0.40,0.30
2008.03.26 09:50:31.376,0.7824,0.78255,0.40,0.30
2008.03.26 09:50:31.615,0.7824,0.78255,0.40,0.30
2008.03.26 09:50:31.856,0.7824,0.78255,0.40,0.30
2008.03.26 09:50:32.093,0.7824,0.7825,0.20,0.30
2008.03.26 09:50:32.412,0.7824,0.7825,0.20,0.30
2008.03.26 09:50:32.731,0.7824,0.7825,0.20,0.30
2008.03.26 09:50:33.051,0.7824,0.7825,0.20,0.30
2008.03.26 09:50:33.369,0.7824,0.7825,0.20,0.30
2008.03.26 09:50:33.613,0.7824,0.7825,0.20,0.30
2008.03.26 09:50:33.858,0.7824,0.78255,0.20,0.30
2008.03.26 09:50:34.101,0.7824,0.78255,0.20,0.30
2008.03.26 09:50:34.346,0.7824,0.78255,0.20,0.30
2008.03.26 09:50:34.672,0.7824,0.78255,4.10,0.30
2008.03.26 09:50:34.997,0.7824,0.78255,0.20,0.30
2008.03.26 09:50:35.322,0.7824,0.7825,0.20,0.30
2008.03.26 09:50:35.614,0.7824,0.7825,0.20,0.30
2008.03.26 09:50:35.893,0.7824,0.7825,0.20,0.30
2008.03.26 09:50:36.173,0.7824,0.78255,0.60,0.30
2008.03.26 09:50:36.458,0.7824,0.78255,0.20,0.30
2008.03.26 09:50:36.741,0.7824,0.78255,0.20,0.30
2008.03.26 09:50:37.024,0.7824,0.78255,0.20,0.30
2008.03.26 09:50:37.317,0.7824,0.78255,0.20,0.30
2008.03.26 09:50:37.585,0.7824,0.78255,0.20,0.30
2008.03.26 09:50:37.855,0.7824,0.78255,0.20,0.30
2008.03.26 09:50:38.123,0.7824,0.78255,0.20,0.30
2008.03.26 09:50:38.391,0.7824,0.78255,0.20,0.30
2008.03.26 09:50:38.677,0.7824,0.78255,0.20,0.30
2008.03.26 09:50:38.961,0.7824,0.78255,0.20,0.30
2008.03.26 09:50:39.244,0.7824,0.78255,0.20,0.30
2008.03.26 09:50:39.514,0.7824,0.7825,0.20,0.60
2008.03.26 09:50:39.784,0.7824,0.7825,0.20,0.60
2008.03.26 09:50:40.054,0.7824,0.7825,0.20,0.60
2008.03.26 09:50:40.335,0.7824,0.7825,0.20,0.60
2008.03.26 09:50:40.643,0.7824,0.7825,0.20,0.60
2008.03.26 09:50:40.966,0.7824,0.7825,0.20,0.60
2008.03.26 09:50:41.275,0.7824,0.7825,0.20,0.60
2008.03.26 09:50:41.585,0.7824,0.7825,0.20,0.60
2008.03.26 09:50:41.819,0.7824,0.7825,0.20,0.60
2008.03.26 09:50:42.053,0.7824,0.7825,0.20,0.60
2008.03.26 09:50:42.287,0.7824,0.7825,0.20,0.60
2008.03.26 09:50:42.520,0.7824,0.7825,0.20,0.60
2008.03.26 09:50:42.864,0.7824,0.7825,0.20,0.60
2008.03.26 09:50:43.197,0.7824,0.7825,0.20,0.60
2008.03.26 09:50:43.542,0.7824,0.7825,0.20,0.60
2008.03.26 09:50:43.775,0.7824,0.7825,0.20,0.60
2008.03.26 09:50:44.013,0.7824,0.7825,0.20,0.60
2008.03.26 09:50:44.249,0.7824,0.78255,0.40,2.60
2008.03.26 09:50:44.487,0.7824,0.78255,0.40,2.60
2008.03.26 09:50:44.793,0.7824,0.78255,0.20,29.80
2008.03.26 09:50:45.101,0.78235,0.78245,0.20,2.40
2008.03.26 09:50:45.405,0.78235,0.7825,2.50,0.60
2008.03.26 09:50:45.674,0.78235,0.7825,2.40,0.60
2008.03.26 09:50:45.944,0.78235,0.7825,2.40,0.60
2008.03.26 09:50:46.218,0.78235,0.7825,2.40,0.60
2008.03.26 09:50:46.487,0.78235,0.7825,2.40,0.60
2008.03.26 09:50:46.767,0.78235,0.7825,2.40,0.60
2008.03.26 09:50:47.047,0.7824,0.7825,0.20,0.60
2008.03.26 09:50:47.326,0.7824,0.7825,0.20,0.60
2008.03.26 09:50:47.606,0.7824,0.7825,0.20,0.30
2008.03.26 09:50:47.881,0.7824,0.7825,0.20,0.30
2008.03.26 09:50:48.155,0.7824,0.7825,0.20,0.30
2008.03.26 09:50:48.430,0.7824,0.7825,0.20,0.30
2008.03.26 09:50:48.705,0.7824,0.7825,0.20,0.30
2008.03.26 09:50:48.974,0.7824,0.7825,0.20,0.30
2008.03.26 09:50:49.244,0.7824,0.7825,0.20,0.30
2008.03.26 09:50:49.513,0.7824,0.7825,0.20,0.30
2008.03.26 09:50:49.783,0.7824,0.7825,0.20,0.30
2008.03.26 09:50:50.063,0.7824,0.7825,0.20,0.30
2008.03.26 09:50:50.332,0.7824,0.7825,0.20,0.30
2008.03.26 09:50:50.602,0.78235,0.7825,6.40,0.30
2008.03.26 09:50:50.931,0.78235,0.7825,6.40,0.30
2008.03.26 09:50:51.262,0.7824,0.78255,0.20,0.60
2008.03.26 09:50:51.591,0.7824,0.7825,0.20,0.30
2008.03.26 09:50:51.800,0.7824,0.7825,0.20,0.30
2008.03.26 09:50:52.010,0.7824,0.7825,0.20,0.30
2008.03.26 09:50:52.219,0.7824,0.7825,0.20,0.30
2008.03.26 09:50:52.427,0.7824,0.7825,0.20,0.30
2008.03.26 09:50:52.636,0.7824,0.7825,0.20,0.30
2008.03.26 09:50:52.971,0.7824,0.7825,0.20,0.30
2008.03.26 09:50:53.305,0.7824,0.7825,0.20,0.30
2008.03.26 09:50:53.640,0.7824,0.78255,0.20,0.30
2008.03.26 09:50:53.863,0.7824,0.78255,0.20,0.30
2008.03.26 09:50:54.088,0.7824,0.78255,0.20,0.30
2008.03.26 09:50:54.312,0.7824,0.7825,0.20,0.30
2008.03.26 09:50:54.535,0.7824,0.7825,0.20,0.30
2008.03.26 09:50:54.759,0.7824,0.7825,0.20,0.30
2008.03.26 09:50:55.064,0.7824,0.7825,0.20,0.30
2008.03.26 09:50:55.380,0.78235,0.7825,6.50,0.60
2008.03.26 09:50:55.671,0.78235,0.7825,6.50,0.60
2008.03.26 09:50:55.985,0.78235,0.7825,6.50,0.60
2008.03.26 09:50:56.299,0.78235,0.7825,6.40,0.60
2008.03.26 09:50:56.613,0.7824,0.7825,0.20,0.60
2008.03.26 09:50:56.859,0.7824,0.7825,0.20,0.30
2008.03.26 09:50:57.104,0.7824,0.7825,0.20,0.60
2008.03.26 09:50:57.348,0.7824,0.7825,0.20,0.60
2008.03.26 09:50:57.592,0.7824,0.7825,0.20,0.60
2008.03.26 09:50:57.837,0.7824,0.7825,0.40,0.60
2008.03.26 09:50:58.167,0.7824,0.7825,0.40,0.60
2008.03.26 09:50:58.496,0.7824,0.7825,0.40,0.60
2008.03.26 09:50:58.826,0.7824,0.7825,0.40,0.60
2008.03.26 09:50:59.061,0.7824,0.7825,0.40,0.60
2008.03.26 09:50:59.295,0.7824,0.7825,0.40,0.60
2008.03.26 09:50:59.531,0.7824,0.7825,0.40,0.60
2008.03.26 09:50:59.772,0.7824,0.78255,0.40,0.30
2008.03.26 09:51:00.054,0.7824,0.78255,0.40,0.30
2008.03.26 09:51:00.335,0.7824,0.78255,0.40,0.30
2008.03.26 09:51:00.618,0.7824,0.7825,1.10,0.30
2008.03.26 09:51:00.897,0.7824,0.7825,1.10,0.30
2008.03.26 09:51:01.206,0.7824,0.7825,1.10,0.30
2008.03.26 09:51:01.509,0.7824,0.7825,1.10,0.30
2008.03.26 09:51:01.815,0.7824,0.78255,1.10,0.30
2008.03.26 09:51:02.085,0.7824,0.78255,0.60,0.30
2008.03.26 09:51:02.356,0.7824,0.78255,0.60,0.30
2008.03.26 09:51:02.626,0.7824,0.78255,0.60,0.30
2008.03.26 09:51:02.896,0.7824,0.78255,0.60,0.30
2008.03.26 09:51:03.167,0.7824,0.7825,0.60,0.30
2008.03.26 09:51:03.436,0.7824,0.7825,0.60,0.30
2008.03.26 09:51:03.705,0.7824,0.78255,0.60,0.30
2008.03.26 09:51:03.977,0.78245,0.78255,0.40,0.30
2008.03.26 09:51:04.256,0.7825,0.7826,0.20,0.60
2008.03.26 09:51:04.537,0.7825,0.7826,0.20,0.30
2008.03.26 09:51:04.819,0.7825,0.7826,0.60,0.30
2008.03.26 09:51:05.100,0.7825,0.78265,0.60,2.80
2008.03.26 09:51:05.402,0.7825,0.7826,0.20,0.30
2008.03.26 09:51:05.701,0.7825,0.7826,0.20,0.30
2008.03.26 09:51:06.004,0.7825,0.7826,0.20,0.30
2008.03.26 09:51:06.270,0.7825,0.7826,0.20,0.30
2008.03.26 09:51:06.537,0.7825,0.7826,0.20,0.30
2008.03.26 09:51:06.790,0.78245,0.7826,5.20,0.30
2008.03.26 09:51:07.045,0.7825,0.7826,0.40,0.30
2008.03.26 09:51:07.320,0.7825,0.78265,0.60,0.30
2008.03.26 09:51:07.595,0.7825,0.7826,0.40,0.30
2008.03.26 09:51:07.870,0.7825,0.7826,0.40,0.30
2008.03.26 09:51:08.144,0.7825,0.7826,0.40,0.30
2008.03.26 09:51:08.445,0.7825,0.7826,0.40,0.30
2008.03.26 09:51:08.743,0.7825,0.7826,0.40,0.30
2008.03.26 09:51:09.042,0.7825,0.7826,0.40,0.30
2008.03.26 09:51:09.341,0.7825,0.7826,0.40,0.30
2008.03.26 09:51:09.612,0.7825,0.7826,0.60,0.30
2008.03.26 09:51:09.880,0.7825,0.7826,0.60,0.30
2008.03.26 09:51:10.150,0.7825,0.78265,0.60,0.30
2008.03.26 09:51:10.430,0.7825,0.78265,0.60,0.30
2008.03.26 09:51:10.711,0.7825,0.7826,0.60,0.30
2008.03.26 09:51:10.991,0.7825,0.7826,1.20,0.30
2008.03.26 09:51:11.285,0.78255,0.78265,0.20,2.60
2008.03.26 09:51:11.564,0.78255,0.78265,0.20,0.30
2008.03.26 09:51:11.844,0.78255,0.7827,0.20,0.50
2008.03.26 09:51:12.126,0.7826,0.78275,0.20,22.00
2008.03.26 09:51:12.406,0.7826,0.78275,0.20,11.60
2008.03.26 09:51:12.691,0.78265,0.7827,0.20,4.20
2008.03.26 09:51:12.976,0.7826,0.7827,0.20,4.20
2008.03.26 09:51:13.263,0.7826,0.78275,0.20,4.40
2008.03.26 09:51:13.558,0.7826,0.7827,0.20,0.30
2008.03.26 09:51:13.834,0.7826,0.7827,0.20,0.30
2008.03.26 09:51:14.120,0.7826,0.78275,0.20,4.40
2008.03.26 09:51:14.405,0.7826,0.78275,0.20,4.40
2008.03.26 09:51:14.690,0.7826,0.7827,0.20,0.30
2008.03.26 09:51:14.973,0.7826,0.7827,0.20,0.30
2008.03.26 09:51:15.259,0.7826,0.7827,0.20,0.30
2008.03.26 09:51:15.544,0.7826,0.7827,0.20,0.30
2008.03.26 09:51:15.828,0.7826,0.7827,0.20,0.30
2008.03.26 09:51:16.126,0.7826,0.7827,0.20,0.30
2008.03.26 09:51:16.428,0.7826,0.78275,0.40,6.50
2008.03.26 09:51:16.727,0.7826,0.78275,0.40,6.50
2008.03.26 09:51:17.038,0.7826,0.78275,0.40,6.50
2008.03.26 09:51:17.317,0.7826,0.78275,0.40,6.50
2008.03.26 09:51:17.620,0.7826,0.7827,0.20,0.30
2008.03.26 09:51:17.908,0.7826,0.7827,0.40,0.30
2008.03.26 09:51:18.163,0.7826,0.7827,0.40,0.30
2008.03.26 09:51:18.418,0.7826,0.7827,0.40,0.30
2008.03.26 09:51:18.679,0.7826,0.7827,0.20,0.60
2008.03.26 09:51:18.933,0.7826,0.7827,0.20,0.60
2008.03.26 09:51:19.243,0.7826,0.7827,0.20,0.60
2008.03.26 09:51:19.551,0.7826,0.7827,0.20,0.60
2008.03.26 09:51:19.869,0.7826,0.7827,0.20,0.60
2008.03.26 09:51:20.119,0.7826,0.7827,0.20,0.60
2008.03.26 09:51:20.357,0.7826,0.7827,0.20,0.60
2008.03.26 09:51:20.596,0.7826,0.7827,0.20,0.60
2008.03.26 09:51:20.836,0.7826,0.7827,0.40,0.30
2008.03.26 09:51:21.075,0.7826,0.7827,0.60,0.30
2008.03.26 09:51:21.411,0.7826,0.78275,0.60,0.30
2008.03.26 09:51:21.745,0.7826,0.78275,0.60,0.30
2008.03.26 09:51:22.078,0.7826,0.78275,0.60,0.30
2008.03.26 09:51:22.323,0.78265,0.78275,0.20,0.30
2008.03.26 09:51:22.568,0.78265,0.78275,0.20,0.30
2008.03.26 09:51:22.813,0.7826,0.78275,0.60,0.30
2008.03.26 09:51:23.057,0.7826,0.78275,0.60,0.30
2008.03.26 09:51:23.398,0.7826,0.78275,0.60,0.30
2008.03.26 09:51:23.729,0.78265,0.7828,0.20,0.60
2008.03.26 09:51:24.062,0.78265,0.7828,0.20,0.60
2008.03.26 09:51:24.292,0.78265,0.7828,0.20,4.60
2008.03.26 09:51:24.521,0.78265,0.7828,0.20,4.60
2008.03.26 09:51:24.752,0.78265,0.7828,0.20,0.60
2008.03.26 09:51:24.981,0.78265,0.7828,0.20,0.60
2008.03.26 09:51:25.292,0.78265,0.7828,0.20,0.60
2008.03.26 09:51:25.610,0.78265,0.7828,10.00,0.60
2008.03.26 09:51:25.931,0.7827,0.78285,0.40,3.90
2008.03.26 09:51:26.252,0.7827,0.78285,0.40,3.10
2008.03.26 09:51:26.531,0.7827,0.78285,0.40,3.10
2008.03.26 09:51:26.819,0.7827,0.78285,0.40,3.10
2008.03.26 09:51:27.111,0.7827,0.78285,0.40,3.10
2008.03.26 09:51:27.341,0.7827,0.78285,0.20,11.10
2008.03.26 09:51:27.571,0.7827,0.78285,0.60,7.00
2008.03.26 09:51:27.801,0.78275,0.78285,2.40,0.30
2008.03.26 09:51:28.030,0.78275,0.78285,2.40,0.30
2008.03.26 09:51:28.258,0.78275,0.78285,2.40,0.30
2008.03.26 09:51:28.592,0.78275,0.78285,2.40,0.30
2008.03.26 09:51:28.927,0.7827,0.78285,1.40,0.30
2008.03.26 09:51:29.262,0.7827,0.7828,1.20,0.30
2008.03.26 09:51:29.489,0.7827,0.7828,1.20,0.30
2008.03.26 09:51:29.717,0.78265,0.7828,8.40,0.50
2008.03.26 09:51:29.941,0.78265,0.7828,2.00,0.50
2008.03.26 09:51:30.166,0.78265,0.7828,2.50,0.50
2008.03.26 09:51:30.502,0.78265,0.7828,0.20,0.50
2008.03.26 09:51:30.837,0.78265,0.7828,0.20,0.50
2008.03.26 09:51:31.172,0.7827,0.7828,0.20,0.20
2008.03.26 09:51:31.417,0.7827,0.7828,0.20,0.20
2008.03.26 09:51:31.662,0.78265,0.7828,0.60,0.50
2008.03.26 09:51:31.907,0.7827,0.7828,0.20,0.50
2008.03.26 09:51:32.152,0.78265,0.7828,0.60,0.50
2008.03.26 09:51:32.476,0.78265,0.7828,0.60,0.50
2008.03.26 09:51:32.801,0.78265,0.7828,5.20,0.30
2008.03.26 09:51:33.124,0.78265,0.7828,5.20,0.30
2008.03.26 09:51:33.450,0.78265,0.7828,2.80,0.30
2008.03.26 09:51:33.699,0.78265,0.7828,2.80,0.30
2008.03.26 09:51:33.950,0.78265,0.7828,2.80,0.30
2008.03.26 09:51:34.199,0.78265,0.7828,2.80,0.30
2008.03.26 09:51:34.494,0.78265,0.7828,2.80,0.30
2008.03.26 09:51:34.788,0.78265,0.7828,2.80,0.30
2008.03.26 09:51:35.082,0.78265,0.7828,2.80,0.30
2008.03.26 09:51:35.376,0.78265,0.7828,2.80,0.30
2008.03.26 09:51:35.681,0.78265,0.7828,2.80,0.30
2008.03.26 09:51:35.987,0.78265,0.7828,2.80,0.30
2008.03.26 09:51:36.292,0.78265,0.7828,2.80,0.30
2008.03.26 09:51:36.547,0.78265,0.7828,2.80,0.30
2008.03.26 09:51:36.804,0.7827,0.78285,0.20,2.80
2008.03.26 09:51:37.058,0.7827,0.78285,0.60,2.60
2008.03.26 09:51:37.313,0.7827,0.78285,0.60,2.60
2008.03.26 09:51:37.608,0.7827,0.78285,0.60,2.60
2008.03.26 09:51:37.916,0.7827,0.78285,0.40,2.80
2008.03.26 09:51:38.210,0.7827,0.78285,0.60,2.80
2008.03.26 09:51:38.504,0.7827,0.78285,0.60,2.80
2008.03.26 09:51:38.788,0.7827,0.78285,0.40,2.80
2008.03.26 09:51:39.072,0.7827,0.78285,0.40,2.80
2008.03.26 09:51:39.355,0.7827,0.78285,0.40,2.80
2008.03.26 09:51:39.609,0.7827,0.78285,0.40,2.80
2008.03.26 09:51:39.873,0.7827,0.78285,0.40,2.80
2008.03.26 09:51:40.127,0.7827,0.78285,0.40,2.80
2008.03.26 09:51:40.381,0.7827,0.78285,0.40,2.80
2008.03.26 09:51:40.700,0.7827,0.78285,0.60,2.80
2008.03.26 09:51:41.018,0.7827,0.78285,0.60,2.80
2008.03.26 09:51:41.338,0.7827,0.78285,0.40,3.10
2008.03.26 09:51:41.656,0.7827,0.78285,0.40,3.10
2008.03.26 09:51:41.896,0.7827,0.78285,0.40,3.10
2008.03.26 09:51:42.135,0.7827,0.78285,0.40,3.10
2008.03.26 09:51:42.376,0.7827,0.78285,0.40,3.10
2008.03.26 09:51:42.705,0.7827,0.78285,0.40,3.10
2008.03.26 09:51:43.034,0.7827,0.78285,0.40,3.10
2008.03.26 09:51:43.366,0.7827,0.7828,0.20,0.30
2008.03.26 09:51:43.601,0.7827,0.78275,0.20,0.20
2008.03.26 09:51:43.837,0.78265,0.78275,0.20,2.50
2008.03.26 09:51:44.085,0.78265,0.78275,0.20,2.50
2008.03.26 09:51:44.330,0.78265,0.78275,0.20,0.20
2008.03.26 09:51:44.569,0.78265,0.78275,0.20,0.20
2008.03.26 09:51:44.899,0.7826,0.78275,0.40,9.20
2008.03.26 09:51:45.228,0.7826,0.7827,0.20,0.50
2008.03.26 09:51:45.560,0.7826,0.7827,0.20,0.50
2008.03.26 09:51:45.827,0.7826,0.7827,0.20,0.50
2008.03.26 09:51:46.096,0.7826,0.7827,0.20,0.50
2008.03.26 09:51:46.365,0.7826,0.7827,0.20,0.50
2008.03.26 09:51:46.634,0.78255,0.7827,3.30,0.50
2008.03.26 09:51:46.935,0.78255,0.7827,0.90,0.60
2008.03.26 09:51:47.235,0.78255,0.7827,0.90,0.60
2008.03.26 09:51:47.535,0.78255,0.7827,0.90,0.60
2008.03.26 09:51:47.763,0.78255,0.7827,0.90,0.60
2008.03.26 09:51:47.993,0.7826,0.7827,0.20,0.60
2008.03.26 09:51:48.224,0.78255,0.7827,0.90,0.60
2008.03.26 09:51:48.453,0.78255,0.7827,0.20,0.60
2008.03.26 09:51:48.789,0.78255,0.7827,1.20,0.60
2008.03.26 09:51:49.125,0.78255,0.7827,1.70,0.60
2008.03.26 09:51:49.473,0.78255,0.78265,0.80,0.30
2008.03.26 09:51:49.719,0.78255,0.78265,0.80,0.50
2008.03.26 09:51:49.965,0.78255,0.7826,0.80,0.30
2008.03.26 09:51:50.211,0.78255,0.7826,0.80,0.30
2008.03.26 09:51:50.455,0.7825,0.7826,4.10,0.30
2008.03.26 09:51:50.792,0.7825,0.7826,0.60,0.30
2008.03.26 09:51:51.128,0.7825,0.7826,0.60,0.60
2008.03.26 09:51:51.462,0.7825,0.7826,0.20,0.60
2008.03.26 09:51:51.796,0.78245,0.7826,3.60,0.60
2008.03.26 09:51:52.030,0.78245,0.78255,2.80,0.30
2008.03.26 09:51:52.265,0.78245,0.7826,2.50,0.60
2008.03.26 09:51:52.500,0.78245,0.78255,2.50,0.30
2008.03.26 09:51:52.830,0.78245,0.78255,2.50,0.30
2008.03.26 09:51:53.160,0.7824,0.7826,5.40,0.60
2008.03.26 09:51:53.489,0.7824,0.7826,4.60,1.40
2008.03.26 09:51:53.818,0.7824,0.78255,0.60,0.30
2008.03.26 09:51:54.063,0.78245,0.78255,0.40,0.30
2008.03.26 09:51:54.309,0.78245,0.78255,0.60,0.30
2008.03.26 09:51:54.558,0.78245,0.78255,0.60,0.30
2008.03.26 09:51:54.878,0.78245,0.7826,0.60,0.60
2008.03.26 09:51:55.197,0.7825,0.7826,0.20,0.60
2008.03.26 09:51:55.517,0.7825,0.7826,0.40,0.30
2008.03.26 09:51:55.836,0.7825,0.7826,0.40,0.50
2008.03.26 09:51:56.136,0.7825,0.7826,0.40,0.30
2008.03.26 09:51:56.427,0.7825,0.7826,0.20,0.60
2008.03.26 09:51:56.717,0.78245,0.7826,0.60,0.60
2008.03.26 09:51:56.987,0.78245,0.7826,0.60,0.60
2008.03.26 09:51:57.257,0.78245,0.7826,0.60,0.60
2008.03.26 09:51:57.525,0.78245,0.7826,0.60,0.60
2008.03.26 09:51:57.794,0.7825,0.7826,0.40,0.30
2008.03.26 09:51:58.082,0.7825,0.7826,0.40,0.30
2008.03.26 09:51:58.372,0.7825,0.7826,0.40,0.30
2008.03.26 09:51:58.661,0.7825,0.7826,0.40,0.30
2008.03.26 09:51:58.930,0.7825,0.7826,0.40,0.30
2008.03.26 09:51:59.198,0.7825,0.7826,0.40,0.30
2008.03.26 09:51:59.478,0.7825,0.7826,0.40,0.30
2008.03.26 09:51:59.749,0.78255,0.78265,0.20,9.20
2008.03.26 09:52:00.054,0.7825,0.7826,0.60,0.30
2008.03.26 09:52:00.358,0.7825,0.7826,0.60,0.30
2008.03.26 09:52:00.662,0.78255,0.78265,0.20,4.80
2008.03.26 09:52:00.952,0.78255,0.7827,2.80,0.30
2008.03.26 09:52:01.241,0.78255,0.7827,2.50,0.50
2008.03.26 09:52:01.531,0.7826,0.7827,0.20,0.20
2008.03.26 09:52:01.822,0.78265,0.78275,0.20,4.10
2008.03.26 09:52:02.106,0.78265,0.78275,0.20,4.10
2008.03.26 09:52:02.391,0.78265,0.78275,0.20,4.00
2008.03.26 09:52:02.683,0.7826,0.78275,0.60,2.40
2008.03.26 09:52:02.936,0.78265,0.7828,0.20,4.40
2008.03.26 09:52:03.191,0.7827,0.7828,0.20,4.10
2008.03.26 09:52:03.436,0.7827,0.7828,0.20,4.10
2008.03.26 09:52:03.681,0.7827,0.78285,0.20,7.10
2008.03.26 09:52:03.926,0.7827,0.78285,0.20,6.50
2008.03.26 09:52:04.233,0.78275,0.78285,0.20,6.50
2008.03.26 09:52:04.539,0.7828,0.78295,0.20,4.40
2008.03.26 09:52:04.845,0.78285,0.783,0.20,4.40
2008.03.26 09:52:05.105,0.78285,0.783,0.20,4.40
2008.03.26 09:52:05.365,0.78285,0.783,0.60,4.40
2008.03.26 09:52:05.624,0.78285,0.783,0.60,4.40
2008.03.26 09:52:05.884,0.78285,0.783,0.60,4.40
2008.03.26 09:52:06.184,0.78285,0.783,0.60,0.30
2008.03.26 09:52:06.485,0.7829,0.78305,0.20,6.50
2008.03.26 09:52:06.786,0.78295,0.78305,0.20,6.40
2008.03.26 09:52:07.068,0.78295,0.78305,0.20,6.40
2008.03.26 09:52:07.337,0.78295,0.7831,0.60,0.50
2008.03.26 09:52:07.607,0.78295,0.7831,0.20,0.50
2008.03.26 09:52:07.876,0.7829,0.78305,0.60,0.30
2008.03.26 09:52:08.180,0.7829,0.78305,0.60,0.30
2008.03.26 09:52:08.484,0.78295,0.78305,0.20,0.30
2008.03.26 09:52:08.789,0.78295,0.7831,0.20,0.50
2008.03.26 09:52:09.034,0.78295,0.7831,0.20,0.50
2008.03.26 09:52:09.277,0.78295,0.78305,0.20,0.30
2008.03.26 09:52:09.521,0.78295,0.78305,0.20,0.30
2008.03.26 09:52:09.766,0.7829,0.78305,4.40,0.30
2008.03.26 09:52:10.013,0.7829,0.78305,4.40,0.30
2008.03.26 09:52:10.328,0.7829,0.78305,0.60,0.30
2008.03.26 09:52:10.641,0.7829,0.78305,0.60,0.30
2008.03.26 09:52:10.956,0.7829,0.78305,0.60,0.30
2008.03.26 09:52:11.231,0.78295,0.78305,0.20,0.30
2008.03.26 09:52:11.506,0.78295,0.78305,0.20,2.40
2008.03.26 09:52:11.780,0.78295,0.78305,0.20,2.40
2008.03.26 09:52:12.053,0.78295,0.78305,0.20,2.60
2008.03.26 09:52:12.338,0.78295,0.7831,0.60,0.50
2008.03.26 09:52:12.623,0.78295,0.7831,0.20,0.50
2008.03.26 09:52:12.910,0.78295,0.7831,0.20,0.50
2008.03.26 09:52:13.193,0.78295,0.7831,0.20,0.50
2008.03.26 09:52:13.478,0.78295,0.7831,0.20,0.50
2008.03.26 09:52:13.765,0.78295,0.7831,0.20,0.50
2008.03.26 09:52:14.050,0.78295,0.7831,0.20,0.50
2008.03.26 09:52:14.321,0.7829,0.78305,4.40,0.30
2008.03.26 09:52:14.591,0.7829,0.78305,4.40,0.30
2008.03.26 09:52:14.862,0.7829,0.78305,4.40,0.30
2008.03.26 09:52:15.143,0.78295,0.7831,2.80,0.30
2008.03.26 09:52:15.452,0.78295,0.7831,2.80,0.30
2008.03.26 09:52:15.762,0.78295,0.7831,0.20,0.50
2008.03.26 09:52:16.070,0.78295,0.7831,0.20,0.50
2008.03.26 09:52:16.336,0.78305,0.78315,1.60,0.30
2008.03.26 09:52:16.601,0.78305,0.78315,1.60,0.30
2008.03.26 09:52:16.866,0.783,0.78315,0.60,0.30
2008.03.26 09:52:17.130,0.783,0.78315,0.60,0.50
2008.03.26 09:52:17.417,0.78295,0.78315,0.60,4.40
2008.03.26 09:52:17.701,0.78295,0.7831,0.20,0.20
2008.03.26 09:52:17.986,0.78295,0.7831,0.20,0.20
2008.03.26 09:52:18.270,0.78295,0.7831,6.80,0.30
2008.03.26 09:52:18.555,0.78295,0.7831,9.20,0.30
2008.03.26 09:52:18.839,0.78295,0.7831,9.20,0.30
2008.03.26 09:52:19.123,0.783,0.7831,0.20,0.30
2008.03.26 09:52:19.402,0.783,0.78315,0.20,4.70
2008.03.26 09:52:19.682,0.78295,0.7831,6.50,0.50
2008.03.26 09:52:19.961,0.78295,0.7831,6.50,0.50
2008.03.26 09:52:20.241,0.78295,0.7831,6.80,0.30
2008.03.26 09:52:20.513,0.783,0.78315,0.20,0.50
2008.03.26 09:52:20.782,0.783,0.78315,0.60,0.50
2008.03.26 09:52:21.056,0.783,0.78315,0.60,20.20
2008.03.26 09:52:21.326,0.783,0.78315,0.60,0.30
2008.03.26 09:52:21.662,0.78305,0.78315,0.40,0.30
2008.03.26 09:52:21.997,0.78305,0.7832,2.80,0.30
2008.03.26 09:52:22.331,0.78305,0.7832,2.80,0.50
2008.03.26 09:52:22.555,0.78305,0.7832,2.80,0.30
2008.03.26 09:52:22.780,0.78305,0.7832,2.80,0.30
2008.03.26 09:52:23.004,0.78305,0.7832,2.80,0.30
2008.03.26 09:52:23.230,0.7831,0.7832,0.20,0.30
2008.03.26 09:52:23.564,0.7831,0.78325,0.20,31.10
2008.03.26 09:52:23.902,0.7831,0.78325,0.20,2.80
2008.03.26 09:52:24.234,0.78305,0.7832,6.80,0.30
2008.03.26 09:52:24.478,0.78305,0.7832,6.80,0.30
2008.03.26 09:52:24.723,0.78315,0.7832,0.40,0.30
2008.03.26 09:52:24.967,0.78315,0.78325,2.70,0.30
2008.03.26 09:52:25.211,0.78315,0.78325,2.70,0.30
2008.03.26 09:52:25.456,0.78315,0.78325,2.70,0.30
2008.03.26 09:52:25.791,0.7831,0.78325,0.60,0.30
2008.03.26 09:52:26.126,0.78315,0.78325,2.70,0.30
2008.03.26 09:52:26.459,0.78315,0.78325,2.70,0.30
2008.03.26 09:52:26.704,0.78315,0.78325,2.40,0.30
2008.03.26 09:52:26.948,0.7831,0.78325,0.60,0.30
2008.03.26 09:52:27.192,0.78315,0.78325,0.20,0.30
2008.03.26 09:52:27.436,0.78315,0.78325,0.20,0.30
2008.03.26 09:52:27.758,0.78315,0.7833,2.80,0.30
2008.03.26 09:52:28.077,0.78315,0.7833,5.20,0.30
2008.03.26 09:52:28.398,0.78315,0.7833,0.60,0.50
2008.03.26 09:52:28.623,0.78315,0.7833,0.60,0.50
2008.03.26 09:52:28.847,0.78315,0.7833,2.80,0.30
2008.03.26 09:52:29.071,0.78315,0.7833,2.80,0.30
2008.03.26 09:52:29.305,0.78315,0.7833,2.80,0.30
2008.03.26 09:52:29.626,0.7832,0.78335,0.60,3.80
2008.03.26 09:52:29.946,0.7832,0.7834,0.60,4.40
2008.03.26 09:52:30.267,0.78325,0.78335,2.70,2.40
2008.03.26 09:52:30.558,0.7833,0.78345,0.20,10.80
2008.03.26 09:52:30.848,0.7833,0.78345,0.60,2.60
2008.03.26 09:52:31.137,0.7833,0.78345,0.60,0.30
2008.03.26 09:52:31.428,0.7833,0.78345,0.20,4.40
2008.03.26 09:52:31.681,0.7833,0.78345,0.60,4.40
2008.03.26 09:52:31.936,0.7833,0.78345,0.60,0.50
2008.03.26 09:52:32.192,0.7833,0.78345,0.60,0.30
2008.03.26 09:52:32.447,0.7833,0.78345,0.60,0.30
2008.03.26 09:52:32.754,0.7833,0.78345,0.60,0.30
2008.03.26 09:52:33.062,0.7833,0.78345,0.60,0.30
2008.03.26 09:52:33.371,0.7833,0.78345,0.60,0.30
2008.03.26 09:52:33.614,0.7833,0.78345,0.60,0.30
2008.03.26 09:52:33.859,0.78335,0.78345,0.60,0.30
2008.03.26 09:52:34.104,0.78335,0.7835,0.60,0.30
2008.03.26 09:52:34.362,0.7834,0.78355,0.20,4.10
2008.03.26 09:52:34.651,0.7834,0.78355,0.20,4.10
2008.03.26 09:52:34.942,0.7834,0.78355,0.20,10.80
2008.03.26 09:52:35.232,0.78345,0.78355,0.40,2.60
2008.03.26 09:52:35.522,0.78345,0.7836,0.60,0.50
2008.03.26 09:52:35.825,0.78345,0.7836,0.60,0.30
2008.03.26 09:52:36.129,0.78345,0.7836,0.60,0.30
2008.03.26 09:52:36.433,0.78345,0.7836,0.60,0.30
2008.03.26 09:52:36.689,0.78345,0.7836,0.60,0.30
2008.03.26 09:52:36.943,0.7835,0.78365,0.20,10.80
2008.03.26 09:52:37.198,0.7835,0.78365,0.20,10.80
2008.03.26 09:52:37.454,0.7835,0.78365,0.20,10.80
2008.03.26 09:52:37.748,0.7835,0.78365,0.20,10.80
2008.03.26 09:52:38.042,0.7835,0.78365,0.20,10.80
2008.03.26 09:52:38.336,0.7835,0.78365,0.20,10.80
2008.03.26 09:52:38.630,0.7835,0.78365,0.20,10.80
2008.03.26 09:52:38.919,0.7835,0.78365,0.20,10.80
2008.03.26 09:52:39.209,0.7835,0.78365,0.20,6.80
2008.03.26 09:52:39.499,0.7835,0.78365,0.80,22.00
2008.03.26 09:52:39.761,0.7835,0.7836,0.80,0.20
2008.03.26 09:52:40.021,0.78345,0.7836,0.60,0.20
2008.03.26 09:52:40.283,0.7835,0.78365,0.40,18.60
2008.03.26 09:52:40.543,0.78355,0.78365,0.20,6.40
2008.03.26 09:52:40.869,0.78355,0.7837,0.20,4.40
2008.03.26 09:52:41.194,0.78355,0.7837,0.20,4.40
2008.03.26 09:52:41.520,0.7836,0.78375,0.20,10.80
2008.03.26 09:52:41.845,0.7836,0.78375,0.20,6.80
2008.03.26 09:52:42.104,0.7836,0.78375,0.20,6.80
2008.03.26 09:52:42.365,0.7836,0.78375,0.60,0.30
2008.03.26 09:52:42.630,0.7836,0.78375,0.60,0.30
2008.03.26 09:52:42.920,0.7836,0.78375,0.60,0.30
2008.03.26 09:52:43.210,0.7836,0.78375,0.60,0.30
2008.03.26 09:52:43.500,0.7836,0.78375,0.60,0.30
2008.03.26 09:52:43.781,0.78365,0.7838,0.20,1.20
2008.03.26 09:52:44.067,0.78365,0.7838,0.20,0.50
2008.03.26 09:52:44.354,0.7837,0.78385,4.40,0.30
2008.03.26 09:52:44.638,0.7838,0.7839,0.40,0.30
2008.03.26 09:52:44.903,0.7838,0.78395,0.60,0.30
2008.03.26 09:52:45.169,0.7838,0.78395,0.20,0.50
2008.03.26 09:52:45.434,0.7838,0.7839,0.20,0.30
2008.03.26 09:52:45.698,0.7838,0.7839,0.20,0.50
2008.03.26 09:52:46.004,0.7837,0.78385,0.60,0.30
2008.03.26 09:52:46.310,0.7837,0.7838,0.20,0.30
2008.03.26 09:52:46.614,0.7837,0.7838,0.20,0.30
2008.03.26 09:52:46.929,0.78365,0.7838,0.60,0.20
2008.03.26 09:52:47.194,0.78365,0.7838,0.60,0.20
2008.03.26 09:52:47.459,0.78365,0.7838,0.60,0.20
2008.03.26 09:52:47.729,0.78365,0.7838,0.20,0.20
2008.03.26 09:52:48.006,0.78365,0.7838,0.60,0.30
2008.03.26 09:52:48.296,0.7836,0.7838,0.60,0.50
2008.03.26 09:52:48.597,0.78365,0.7838,0.60,0.50
2008.03.26 09:52:48.898,0.78365,0.7838,0.60,0.30
2008.03.26 09:52:49.147,0.78365,0.7838,0.60,0.30
2008.03.26 09:52:49.398,0.78365,0.7838,4.10,0.50
2008.03.26 09:52:49.647,0.78365,0.7838,4.10,0.50
2008.03.26 09:52:49.897,0.78365,0.78375,4.00,0.30
2008.03.26 09:52:50.192,0.7836,0.7837,0.20,0.20
2008.03.26 09:52:50.490,0.78355,0.7837,0.20,0.50
2008.03.26 09:52:50.785,0.7836,0.7837,0.40,0.30
2008.03.26 09:52:51.080,0.7836,0.78375,0.60,0.30
2008.03.26 09:52:51.384,0.7836,0.78375,0.20,10.80
2008.03.26 09:52:51.691,0.7836,0.78375,0.20,2.80
2008.03.26 09:52:51.996,0.7836,0.78375,0.20,2.80
2008.03.26 09:52:52.250,0.7836,0.78375,0.20,2.80
2008.03.26 09:52:52.505,0.7836,0.78375,0.20,10.50
2008.03.26 09:52:52.769,0.7836,0.78375,0.20,6.50
2008.03.26 09:52:53.024,0.78365,0.78375,0.20,2.40
2008.03.26 09:52:53.301,0.7837,0.7838,0.20,0.20
2008.03.26 09:52:53.576,0.78365,0.7838,0.20,0.50
2008.03.26 09:52:53.852,0.7837,0.7838,0.20,0.20
2008.03.26 09:52:54.152,0.7837,0.7838,0.20,0.20
2008.03.26 09:52:54.453,0.7837,0.78385,0.20,10.80
2008.03.26 09:52:54.752,0.7837,0.78385,0.20,11.90
2008.03.26 09:52:55.051,0.7837,0.78385,0.20,11.90
2008.03.26 09:52:55.322,0.7837,0.7838,0.20,0.20
2008.03.26 09:52:55.592,0.7837,0.78385,0.20,11.90
2008.03.26 09:52:55.862,0.78365,0.7838,2.80,0.50
2008.03.26 09:52:56.165,0.78365,0.7838,2.50,0.50
2008.03.26 09:52:56.471,0.78365,0.7838,2.50,0.50
2008.03.26 09:52:56.775,0.78365,0.7838,2.50,0.50
2008.03.26 09:52:57.078,0.78365,0.78375,2.80,0.30
2008.03.26 09:52:57.321,0.78365,0.78375,0.20,0.20
2008.03.26 09:52:57.560,0.78365,0.78375,0.20,0.20
2008.03.26 09:52:57.799,0.78365,0.78375,0.20,0.20
2008.03.26 09:52:58.039,0.78365,0.78375,0.20,0.20
2008.03.26 09:52:58.349,0.7836,0.7837,0.20,0.20
2008.03.26 09:52:58.658,0.7836,0.7837,0.20,0.20
2008.03.26 09:52:58.980,0.78365,0.7838,0.20,0.50
2008.03.26 09:52:59.236,0.78365,0.7838,0.20,0.50
2008.03.26 09:52:59.491,0.78365,0.78375,0.20,0.20
2008.03.26 09:52:59.747,0.78365,0.78375,0.20,0.20
2008.03.26 09:53:00.001,0.7836,0.78375,0.20,4.40
2008.03.26 09:53:00.285,0.7836,0.78375,0.20,17.10
2008.03.26 09:53:00.571,0.7836,0.78375,0.20,31.90
2008.03.26 09:53:00.857,0.7836,0.7837,0.20,0.20
2008.03.26 09:53:01.140,0.7836,0.7837,0.20,0.20
2008.03.26 09:53:01.470,0.7836,0.78375,0.20,31.90
2008.03.26 09:53:01.799,0.7836,0.7837,0.20,0.20
2008.03.26 09:53:02.130,0.7836,0.7837,0.20,0.20
2008.03.26 09:53:02.350,0.7836,0.7837,0.20,0.20
2008.03.26 09:53:02.570,0.7836,0.7837,0.20,0.20
2008.03.26 09:53:02.789,0.7836,0.78375,0.20,10.80
2008.03.26 09:53:03.011,0.7836,0.78375,0.20,10.80
2008.03.26 09:53:03.231,0.7836,0.7837,0.20,0.20
2008.03.26 09:53:03.565,0.78355,0.7837,0.20,0.20
2008.03.26 09:53:03.903,0.78355,0.7837,0.20,0.20
2008.03.26 09:53:04.237,0.78355,0.78375,0.60,6.60
2008.03.26 09:53:04.462,0.7836,0.78375,0.20,2.80
2008.03.26 09:53:04.686,0.7836,0.78375,0.60,2.80
2008.03.26 09:53:04.912,0.7836,0.78375,0.20,6.80
2008.03.26 09:53:05.137,0.7836,0.78375,0.20,10.80
2008.03.26 09:53:05.447,0.7836,0.78375,0.20,10.80
2008.03.26 09:53:05.759,0.7836,0.7837,0.20,0.20
2008.03.26 09:53:06.077,0.7836,0.78375,0.20,6.50
2008.03.26 09:53:06.364,0.7836,0.78375,0.20,2.50
2008.03.26 09:53:06.650,0.7836,0.78375,0.20,2.50
2008.03.26 09:53:06.947,0.78355,0.78375,0.60,7.90
2008.03.26 09:53:07.236,0.78355,0.7837,0.60,0.20
2008.03.26 09:53:07.493,0.7836,0.7837,0.20,0.50
2008.03.26 09:53:07.752,0.7836,0.78375,0.20,4.40
2008.03.26 09:53:08.009,0.7836,0.78375,0.20,0.50
2008.03.26 09:53:08.264,0.7836,0.7837,0.20,0.30
2008.03.26 09:53:08.574,0.7836,0.7837,0.20,0.30
2008.03.26 09:53:08.884,0.7836,0.7837,0.20,0.30
2008.03.26 09:53:09.195,0.7836,0.78375,0.60,0.50
2008.03.26 09:53:09.452,0.7836,0.78375,0.60,0.50
2008.03.26 09:53:09.707,0.7836,0.78375,0.60,0.50
2008.03.26 09:53:09.960,0.7836,0.78375,0.60,0.50
2008.03.26 09:53:10.216,0.7836,0.78375,0.60,0.50
2008.03.26 09:53:10.515,0.7836,0.78375,0.20,0.50
2008.03.26 09:53:10.816,0.7836,0.78375,0.60,0.50
2008.03.26 09:53:11.127,0.7836,0.78375,0.60,0.50
2008.03.26 09:53:11.428,0.78365,0.78375,2.40,0.30
2008.03.26 09:53:11.759,0.78365,0.78375,2.40,0.30
2008.03.26 09:53:12.087,0.78365,0.78375,2.40,0.30
2008.03.26 09:53:12.415,0.78365,0.78375,2.40,0.30
2008.03.26 09:53:12.655,0.78365,0.78375,2.40,0.30
2008.03.26 09:53:12.895,0.78365,0.78375,2.40,0.30
2008.03.26 09:53:13.133,0.78365,0.78375,2.40,0.30
2008.03.26 09:53:13.373,0.7836,0.78375,0.20,2.00
2008.03.26 09:53:13.667,0.7836,0.78375,0.20,4.40
2008.03.26 09:53:13.926,0.78355,0.7837,0.60,0.50
2008.03.26 09:53:14.212,0.78355,0.7837,0.20,0.50
2008.03.26 09:53:14.492,0.78355,0.7837,0.20,0.50
2008.03.26 09:53:14.745,0.78355,0.7837,0.20,0.50
2008.03.26 09:53:14.979,0.78355,0.7837,0.20,0.50
2008.03.26 09:53:15.224,0.78355,0.7837,0.20,0.50
2008.03.26 09:53:15.515,0.78355,0.7837,6.80,0.50
2008.03.26 09:53:15.807,0.7836,0.7837,0.40,0.30
2008.03.26 09:53:16.097,0.7836,0.7837,0.40,0.30
2008.03.26 09:53:16.387,0.7836,0.78375,4.30,0.30
2008.03.26 09:53:16.662,0.7836,0.78375,4.30,0.30
2008.03.26 09:53:16.936,0.78365,0.78375,2.70,0.30
2008.03.26 09:53:17.210,0.78365,0.78375,2.70,0.30
2008.03.26 09:53:17.484,0.78365,0.78375,2.70,0.30
2008.03.26 09:53:17.758,0.78365,0.78375,2.70,0.30
2008.03.26 09:53:18.034,0.78365,0.78375,2.70,0.30
2008.03.26 09:53:18.310,0.78365,0.78375,2.70,0.30
2008.03.26 09:53:18.597,0.78365,0.7838,2.70,0.30
2008.03.26 09:53:18.902,0.78365,0.7838,6.80,0.30
2008.03.26 09:53:19.196,0.7837,0.78385,0.20,2.80
2008.03.26 09:53:19.491,0.7837,0.78385,0.60,2.80
2008.03.26 09:53:19.731,0.7837,0.78385,0.20,2.80
2008.03.26 09:53:19.972,0.7837,0.78385,0.20,2.80
2008.03.26 09:53:20.211,0.7837,0.78385,0.20,2.80
2008.03.26 09:53:20.450,0.78375,0.78385,0.20,2.80
2008.03.26 09:53:20.786,0.78375,0.78385,0.20,0.50
2008.03.26 09:53:21.121,0.78375,0.78385,0.20,0.50
2008.03.26 09:53:21.457,0.78375,0.78385,2.50,0.20
2008.03.26 09:53:21.696,0.78375,0.7839,2.50,0.50
2008.03.26 09:53:21.935,0.78375,0.7839,2.50,0.50
2008.03.26 09:53:22.174,0.78375,0.7839,2.50,0.50
2008.03.26 09:53:22.424,0.78375,0.78385,0.20,0.30
2008.03.26 09:53:22.758,0.7837,0.78385,0.60,0.30
2008.03.26 09:53:23.093,0.78375,0.78385,2.40,0.30
2008.03.26 09:53:23.428,0.78375,0.78385,2.40,0.30
2008.03.26 09:53:23.657,0.78375,0.78385,2.40,0.30
2008.03.26 09:53:23.887,0.7837,0.78385,0.40,0.30
2008.03.26 09:53:24.114,0.7837,0.78385,0.40,0.30
2008.03.26 09:53:24.345,0.7837,0.78385,0.60,0.30
2008.03.26 09:53:24.575,0.78375,0.7839,0.40,0.50
2008.03.26 09:53:24.905,0.7838,0.7839,0.40,0.30
2008.03.26 09:53:25.236,0.78385,0.78395,2.40,0.30
2008.03.26 09:53:25.566,0.7838,0.78395,0.20,2.80
2008.03.26 09:53:25.841,0.7838,0.78395,0.20,7.10
2008.03.26 09:53:26.115,0.7838,0.78395,0.20,6.80
2008.03.26 09:53:26.398,0.7838,0.78395,0.20,0.50
2008.03.26 09:53:26.676,0.7838,0.78395,0.60,0.30
2008.03.26 09:53:26.971,0.7839,0.784,0.40,0.30
2008.03.26 09:53:27.267,0.7839,0.78405,0.60,0.30
2008.03.26 09:53:27.564,0.7839,0.78405,0.60,0.30
2008.03.26 09:53:27.813,0.78395,0.78405,0.40,0.30
2008.03.26 09:53:28.060,0.78395,0.7841,3.40,0.30
2008.03.26 09:53:28.307,0.78395,0.7841,6.40,0.50
2008.03.26 09:53:28.564,0.7839,0.78405,0.60,0.50
2008.03.26 09:53:28.888,0.7839,0.78405,0.20,0.50
2008.03.26 09:53:29.214,0.7839,0.784,0.20,0.30
2008.03.26 09:53:29.542,0.7839,0.78405,0.60,0.30
2008.03.26 09:53:29.793,0.78395,0.7841,0.40,0.50
2008.03.26 09:53:30.044,0.78395,0.7841,0.40,0.30
2008.03.26 09:53:30.295,0.784,0.7841,0.40,0.30
2008.03.26 09:53:30.546,0.784,0.78415,0.40,4.40
2008.03.26 09:53:30.871,0.78395,0.78405,0.20,0.20
2008.03.26 09:53:31.196,0.7839,0.78405,0.60,0.30
2008.03.26 09:53:31.519,0.7839,0.78405,0.60,0.30
2008.03.26 09:53:31.765,0.78395,0.78405,0.20,0.30
2008.03.26 09:53:32.012,0.78395,0.7841,0.20,0.50
2008.03.26 09:53:32.258,0.7839,0.78405,0.60,0.30
2008.03.26 09:53:32.504,0.7839,0.78405,0.60,0.30
2008.03.26 09:53:32.836,0.7839,0.78405,0.60,0.30
2008.03.26 09:53:33.154,0.7839,0.78405,0.60,0.30
2008.03.26 09:53:33.477,0.78395,0.78405,0.20,0.30
2008.03.26 09:53:33.798,0.78395,0.78405,0.20,0.20
2008.03.26 09:53:34.075,0.7839,0.78405,0.20,6.50
2008.03.26 09:53:34.368,0.78385,0.784,12.40,0.30
2008.03.26 09:53:34.625,0.78385,0.784,8.40,0.30
2008.03.26 09:53:34.891,0.78385,0.78395,4.10,2.40
2008.03.26 09:53:35.169,0.78385,0.78395,0.20,2.40
2008.03.26 09:53:35.434,0.78385,0.784,0.20,0.50
2008.03.26 09:53:35.701,0.78385,0.78395,0.20,2.50
2008.03.26 09:53:36.038,0.7838,0.78395,0.20,6.80
2008.03.26 09:53:36.376,0.7838,0.78395,0.20,6.80
2008.03.26 09:53:36.714,0.7838,0.78395,0.20,2.80
2008.03.26 09:53:36.954,0.7838,0.7839,0.20,0.20
2008.03.26 09:53:37.208,0.7838,0.7839,0.20,0.50
2008.03.26 09:53:37.448,0.78375,0.7839,2.80,0.50
2008.03.26 09:53:37.687,0.78375,0.7839,2.80,0.30
2008.03.26 09:53:38.013,0.78375,0.7839,0.60,0.30
2008.03.26 09:53:38.337,0.78375,0.78385,0.20,0.20
2008.03.26 09:53:38.662,0.7837,0.78385,0.20,2.80
2008.03.26 09:53:38.911,0.7837,0.78385,0.20,6.80
2008.03.26 09:53:39.161,0.7837,0.78385,0.20,2.80
2008.03.26 09:53:39.411,0.7837,0.78385,0.20,2.80
2008.03.26 09:53:39.659,0.7837,0.78385,0.20,2.80
2008.03.26 09:53:39.970,0.7837,0.78385,0.20,2.80
2008.03.26 09:53:40.279,0.7837,0.78385,0.20,2.80
2008.03.26 09:53:40.591,0.78365,0.7838,5.20,0.20
2008.03.26 09:53:40.865,0.78365,0.7838,0.20,0.20
2008.03.26 09:53:41.140,0.7837,0.7838,0.20,0.20
2008.03.26 09:53:41.414,0.7837,0.7838,0.20,0.20
2008.03.26 09:53:41.689,0.78365,0.7838,0.20,0.20
2008.03.26 09:53:41.966,0.78365,0.7838,0.20,0.20
2008.03.26 09:53:42.235,0.78365,0.78375,0.20,0.20
2008.03.26 09:53:42.506,0.7836,0.78375,0.20,2.50
2008.03.26 09:53:42.775,0.7836,0.78375,0.20,2.50
2008.03.26 09:53:43.074,0.7836,0.78375,0.20,2.50
2008.03.26 09:53:43.377,0.7836,0.7837,0.20,0.20
2008.03.26 09:53:43.678,0.78355,0.7837,2.50,0.50
2008.03.26 09:53:43.932,0.78355,0.7837,2.50,0.50
2008.03.26 09:53:44.191,0.78355,0.7837,2.50,0.50
2008.03.26 09:53:44.434,0.78355,0.7837,2.50,0.50
2008.03.26 09:53:44.679,0.78355,0.7837,2.80,0.30
2008.03.26 09:53:44.967,0.78355,0.78365,0.20,2.40
2008.03.26 09:53:45.252,0.78355,0.78365,0.60,2.40
2008.03.26 09:53:45.550,0.78355,0.78365,0.60,0.30
2008.03.26 09:53:45.836,0.78355,0.78365,0.20,0.30
2008.03.26 09:53:46.159,0.7835,0.78365,4.40,0.30
2008.03.26 09:53:46.477,0.7835,0.78365,4.40,0.30
2008.03.26 09:53:46.787,0.7835,0.78365,4.40,0.50
2008.03.26 09:53:47.041,0.7835,0.78365,4.40,0.30
2008.03.26 09:53:47.296,0.7835,0.78365,0.60,0.30
2008.03.26 09:53:47.551,0.7835,0.78365,0.60,0.30
2008.03.26 09:53:47.806,0.7835,0.78365,0.60,0.30
2008.03.26 09:53:48.096,0.7835,0.78365,0.60,0.30
2008.03.26 09:53:48.398,0.78355,0.78365,2.40,0.30
2008.03.26 09:53:48.677,0.78355,0.78365,2.40,0.30
2008.03.26 09:53:48.934,0.78355,0.7837,2.50,0.50
2008.03.26 09:53:49.188,0.78355,0.7837,2.50,0.50
2008.03.26 09:53:49.443,0.78355,0.7837,2.80,0.50
2008.03.26 09:53:49.698,0.78355,0.7837,2.80,0.50
2008.03.26 09:53:49.981,0.78355,0.7837,2.80,0.50
2008.03.26 09:53:50.277,0.78355,0.7837,2.80,0.50
2008.03.26 09:53:50.561,0.78355,0.7837,2.80,0.50
2008.03.26 09:53:50.845,0.78355,0.7837,2.80,0.30
2008.03.26 09:53:51.145,0.78355,0.7837,2.80,0.30
2008.03.26 09:53:51.447,0.78355,0.78365,0.20,2.40
2008.03.26 09:53:51.747,0.78355,0.78365,0.20,2.40
2008.03.26 09:53:51.997,0.78355,0.7837,0.20,0.50
2008.03.26 09:53:53.816,0.7836,0.7837,0.20,0.50
2008.03.26 09:53:53.890,0.78355,0.7837,2.80,0.50
2008.03.26 09:53:53.965,0.78355,0.7837,2.80,0.50
2008.03.26 09:53:54.047,0.78355,0.7837,2.80,0.30
2008.03.26 09:53:54.137,0.78355,0.7837,2.80,0.30
2008.03.26 09:53:54.254,0.78355,0.7837,2.80,0.30
2008.03.26 09:53:54.327,0.78355,0.7837,2.80,0.30
2008.03.26 09:53:54.400,0.78355,0.7837,0.60,0.30
2008.03.26 09:53:54.478,0.78355,0.7837,0.60,0.30
2008.03.26 09:53:54.561,0.78355,0.7837,0.60,0.30
2008.03.26 09:53:54.626,0.78355,0.7837,0.60,0.30
2008.03.26 09:53:54.699,0.78355,0.7837,0.60,0.30
2008.03.26 09:53:54.783,0.78355,0.7837,0.60,0.30
2008.03.26 09:53:55.118,0.78355,0.7837,0.60,0.30
2008.03.26 09:53:55.453,0.78355,0.7837,0.20,0.50
2008.03.26 09:53:55.789,0.78355,0.7837,0.60,0.30
2008.03.26 09:53:56.054,0.78355,0.7837,4.50,0.30
2008.03.26 09:53:56.320,0.78355,0.7837,4.20,0.50
2008.03.26 09:53:56.585,0.78355,0.7837,0.20,0.50
2008.03.26 09:53:56.849,0.78355,0.7837,0.60,0.50
2008.03.26 09:53:57.134,0.78355,0.7837,0.60,0.50
2008.03.26 09:53:57.418,0.78355,0.7837,0.60,0.50
2008.03.26 09:53:57.714,0.78355,0.7837,0.60,0.50
2008.03.26 09:53:57.988,0.78355,0.7837,14.40,0.30
2008.03.26 09:53:58.239,0.7836,0.7837,0.40,0.30
2008.03.26 09:53:58.489,0.7836,0.78375,0.60,2.80
2008.03.26 09:53:58.756,0.7836,0.78375,0.60,2.80
2008.03.26 09:53:59.007,0.7836,0.78375,0.60,0.30
2008.03.26 09:53:59.327,0.7836,0.78375,0.60,0.30
2008.03.26 09:53:59.647,0.78365,0.78375,0.40,0.30
2008.03.26 09:53:59.966,0.7837,0.7838,0.20,0.20
2008.03.26 09:54:00.298,0.7837,0.7838,0.20,0.20
2008.03.26 09:54:00.562,0.7837,0.7838,0.20,0.20
2008.03.26 09:54:00.828,0.7837,0.7838,0.20,0.50
2008.03.26 09:54:01.094,0.78365,0.7838,0.20,0.50
2008.03.26 09:54:01.408,0.78365,0.7838,0.20,0.50
2008.03.26 09:54:01.725,0.78365,0.78375,0.20,2.40
2008.03.26 09:54:02.041,0.7837,0.7838,0.60,0.30
2008.03.26 09:54:02.300,0.7837,0.78385,0.60,4.50
2008.03.26 09:54:02.544,0.78375,0.78385,0.20,4.00
2008.03.26 09:54:02.790,0.78375,0.78385,0.20,4.00
2008.03.26 09:54:03.037,0.78375,0.78385,0.60,0.30
2008.03.26 09:54:03.352,0.78375,0.78385,0.20,0.30
2008.03.26 09:54:03.669,0.78375,0.78385,0.20,0.30
2008.03.26 09:54:03.985,0.78375,0.78385,0.20,0.20
2008.03.26 09:54:04.299,0.78375,0.7839,2.60,4.60
2008.03.26 09:54:04.580,0.78375,0.7839,2.60,4.60
2008.03.26 09:54:04.860,0.78375,0.7839,2.60,4.60
2008.03.26 09:54:05.139,0.78375,0.78385,0.20,0.30
2008.03.26 09:54:05.384,0.78375,0.78385,0.20,0.30
2008.03.26 09:54:05.628,0.78375,0.78385,0.20,0.30
2008.03.26 09:54:05.875,0.7837,0.78385,0.60,0.50
2008.03.26 09:54:06.122,0.7837,0.78385,0.60,0.50
2008.03.26 09:54:06.446,0.7837,0.78385,0.40,0.50
2008.03.26 09:54:06.771,0.7837,0.78385,0.20,0.50
2008.03.26 09:54:07.095,0.7837,0.78385,0.20,0.50
2008.03.26 09:54:07.421,0.7837,0.78385,0.20,0.50
2008.03.26 09:54:07.700,0.7837,0.78385,0.20,0.50
2008.03.26 09:54:07.979,0.7837,0.78385,0.20,0.50
2008.03.26 09:54:08.258,0.7837,0.78385,0.20,0.50
2008.03.26 09:54:08.492,0.7837,0.78385,0.20,0.50
2008.03.26 09:54:08.725,0.7837,0.78385,0.20,5.20
2008.03.26 09:54:08.962,0.78365,0.7838,2.80,0.60
2008.03.26 09:54:09.198,0.78365,0.7838,2.80,0.60
2008.03.26 09:54:09.520,0.78365,0.7838,2.80,0.50
2008.03.26 09:54:09.844,0.78365,0.7838,2.80,0.50
2008.03.26 09:54:10.168,0.78365,0.7838,2.80,0.50
2008.03.26 09:54:10.492,0.78365,0.7838,2.80,0.50
2008.03.26 09:54:10.731,0.78365,0.7838,2.80,0.50
2008.03.26 09:54:10.973,0.78365,0.7838,2.80,0.60
2008.03.26 09:54:11.211,0.78365,0.7838,2.80,0.60
2008.03.26 09:54:11.547,0.78365,0.7838,2.80,0.60
2008.03.26 09:54:11.881,0.78365,0.7838,2.80,0.60
2008.03.26 09:54:12.215,0.78365,0.7838,2.80,0.60
2008.03.26 09:54:12.549,0.78365,0.7838,2.80,0.60
2008.03.26 09:54:12.784,0.78365,0.7838,2.80,0.60
2008.03.26 09:54:13.030,0.7837,0.78385,0.60,0.70
2008.03.26 09:54:13.263,0.7837,0.78385,0.60,0.70
2008.03.26 09:54:13.584,0.7837,0.78385,0.40,2.80
2008.03.26 09:54:13.903,0.7837,0.78385,0.40,2.80
2008.03.26 09:54:14.223,0.7837,0.78385,0.40,2.80
2008.03.26 09:54:14.547,0.7837,0.7838,0.20,0.50
2008.03.26 09:54:14.802,0.78365,0.7838,2.00,0.30
2008.03.26 09:54:15.059,0.7837,0.78385,0.20,5.20
2008.03.26 09:54:15.316,0.7837,0.78385,0.20,6.80
2008.03.26 09:54:15.612,0.7837,0.78385,0.20,9.20
2008.03.26 09:54:15.906,0.78365,0.7838,6.80,0.30
2008.03.26 09:54:16.201,0.78365,0.7838,6.80,0.30
2008.03.26 09:54:16.496,0.7837,0.7838,0.40,0.30
2008.03.26 09:54:16.802,0.7837,0.78385,0.60,6.60
2008.03.26 09:54:17.107,0.7837,0.78385,0.20,9.50
2008.03.26 09:54:17.420,0.78365,0.7838,6.80,0.30
2008.03.26 09:54:17.711,0.78365,0.7838,10.80,0.30
2008.03.26 09:54:17.988,0.78365,0.7838,10.80,0.30
2008.03.26 09:54:18.270,0.78365,0.7838,6.80,0.30
2008.03.26 09:54:18.543,0.78365,0.7838,6.80,0.30
2008.03.26 09:54:18.811,0.78365,0.7838,6.80,0.30
2008.03.26 09:54:19.080,0.78365,0.7838,6.80,0.30
2008.03.26 09:54:19.349,0.78365,0.7838,6.80,0.30
2008.03.26 09:54:19.617,0.78365,0.7838,6.80,0.30
2008.03.26 09:54:19.897,0.78365,0.7838,13.20,0.30
2008.03.26 09:54:20.177,0.78365,0.7838,13.20,0.30
2008.03.26 09:54:20.457,0.7837,0.7838,0.60,0.30
2008.03.26 09:54:20.738,0.7837,0.7838,0.60,0.30
2008.03.26 09:54:21.050,0.78365,0.7838,6.80,0.30
2008.03.26 09:54:21.365,0.7837,0.7838,0.40,0.30
2008.03.26 09:54:21.677,0.78375,0.7839,0.20,4.60
2008.03.26 09:54:21.912,0.78375,0.7839,0.20,0.60
2008.03.26 09:54:22.144,0.78375,0.7839,0.20,0.50
2008.03.26 09:54:22.363,0.78375,0.7839,0.20,0.50
2008.03.26 09:54:22.581,0.78375,0.7839,1.70,0.50
2008.03.26 09:54:22.800,0.78375,0.7839,2.00,0.50
2008.03.26 09:54:24.559,0.78375,0.7839,2.00,0.50
2008.03.26 09:54:24.617,0.78385,0.7839,0.20,0.50
2008.03.26 09:54:24.659,0.78385,0.7839,0.20,0.50
2008.03.26 09:54:24.701,0.78385,0.7839,0.20,0.50
2008.03.26 09:54:24.740,0.78385,0.7839,0.20,0.50
2008.03.26 09:54:24.778,0.78375,0.7839,1.70,0.50
2008.03.26 09:54:24.819,0.78375,0.7839,1.70,0.50
2008.03.26 09:54:24.933,0.78375,0.7839,2.00,0.50
2008.03.26 09:54:24.982,0.78375,0.7839,2.00,0.50
2008.03.26 09:54:25.028,0.78375,0.7839,2.00,0.50
2008.03.26 09:54:25.090,0.78375,0.7839,2.00,0.50
2008.03.26 09:54:25.147,0.78375,0.7839,2.00,0.50
2008.03.26 09:54:25.261,0.78375,0.7839,2.00,0.50
2008.03.26 09:54:25.360,0.78375,0.7839,2.00,0.50
2008.03.26 09:54:25.415,0.78375,0.7839,0.20,0.50
2008.03.26 09:54:25.454,0.7838,0.7839,0.20,0.50
2008.03.26 09:54:25.508,0.7838,0.78385,0.20,2.40
2008.03.26 09:54:25.579,0.7838,0.78385,0.20,2.40
2008.03.26 09:54:25.917,0.7838,0.78385,0.20,2.40
2008.03.26 09:54:26.255,0.78375,0.7839,0.20,0.50
2008.03.26 09:54:26.592,0.78375,0.7839,1.70,0.50
2008.03.26 09:54:26.821,0.78375,0.7839,1.70,0.50
2008.03.26 09:54:27.060,0.78375,0.78385,0.20,0.20
2008.03.26 09:54:27.300,0.78375,0.78385,1.60,0.20
2008.03.26 09:54:27.552,0.78375,0.7839,1.60,5.20
2008.03.26 09:54:27.790,0.78375,0.7839,1.70,5.20
2008.03.26 09:54:28.135,0.7838,0.78395,0.60,4.40
2008.03.26 09:54:28.481,0.7838,0.78395,0.60,0.50
2008.03.26 09:54:28.825,0.7838,0.78395,0.60,0.50
2008.03.26 09:54:29.015,0.7838,0.78395,0.60,0.30
2008.03.26 09:54:29.215,0.7838,0.78395,0.60,0.30
2008.03.26 09:54:29.414,0.7838,0.78395,0.60,0.30
2008.03.26 09:54:29.620,0.7838,0.78395,0.60,0.30
2008.03.26 09:54:29.818,0.7838,0.78395,0.60,0.30
2008.03.26 09:54:30.152,0.7838,0.78395,0.60,0.30
2008.03.26 09:54:30.487,0.7838,0.78395,0.60,0.30
2008.03.26 09:54:30.822,0.7838,0.78395,0.60,0.30
2008.03.26 09:54:31.072,0.78385,0.784,0.20,4.60
2008.03.26 09:54:31.323,0.78385,0.784,0.20,4.40
2008.03.26 09:54:31.572,0.78385,0.784,0.20,4.40
2008.03.26 09:54:31.823,0.78385,0.784,0.20,4.40
2008.03.26 09:54:32.119,0.78385,0.78395,0.20,2.40
2008.03.26 09:54:32.414,0.78385,0.78395,0.20,2.40
2008.03.26 09:54:32.709,0.78385,0.784,0.20,0.50
2008.03.26 09:54:33.004,0.78385,0.784,0.60,0.50
2008.03.26 09:54:33.308,0.78385,0.784,0.60,0.50
2008.03.26 09:54:33.611,0.78385,0.784,0.60,0.50
2008.03.26 09:54:33.915,0.78385,0.784,0.60,0.50
2008.03.26 09:54:34.134,0.78385,0.784,0.60,0.50
2008.03.26 09:54:34.353,0.78385,0.784,0.60,0.50
2008.03.26 09:54:34.573,0.7839,0.784,0.40,0.50
2008.03.26 09:54:34.793,0.7839,0.784,0.40,0.30
2008.03.26 09:54:35.016,0.7839,0.784,0.40,0.50
2008.03.26 09:54:35.353,0.7839,0.784,0.40,0.20
2008.03.26 09:54:35.690,0.78385,0.784,0.60,0.60
2008.03.26 09:54:36.022,0.78385,0.784,0.60,0.60
2008.03.26 09:54:36.286,0.78385,0.784,0.60,0.60
2008.03.26 09:54:36.550,0.78385,0.784,0.20,0.60
2008.03.26 09:54:36.813,0.78385,0.784,0.20,0.60
2008.03.26 09:54:37.078,0.78385,0.784,0.60,0.60
2008.03.26 09:54:37.372,0.7839,0.784,0.20,0.30
2008.03.26 09:54:37.667,0.78385,0.784,0.60,0.60
2008.03.26 09:54:37.961,0.78385,0.784,0.60,0.60
2008.03.26 09:54:38.217,0.78385,0.784,0.60,0.60
2008.03.26 09:54:38.472,0.78385,0.784,0.60,0.60
2008.03.26 09:54:38.726,0.78385,0.784,0.60,0.60
2008.03.26 09:54:38.980,0.78385,0.784,0.60,0.60
2008.03.26 09:54:39.277,0.78385,0.784,0.60,0.60
2008.03.26 09:54:39.559,0.78385,0.784,0.60,0.60
2008.03.26 09:54:39.844,0.78385,0.784,0.60,0.60
2008.03.26 09:54:40.130,0.78385,0.784,2.80,0.60
2008.03.26 09:54:40.419,0.78385,0.784,2.80,0.60
2008.03.26 09:54:40.668,0.78385,0.784,2.80,0.60
2008.03.26 09:54:40.917,0.78385,0.784,2.80,0.60
2008.03.26 09:54:41.167,0.78385,0.784,2.80,0.60
2008.03.26 09:54:41.502,0.78385,0.784,2.80,0.60
2008.03.26 09:54:41.836,0.78385,0.784,2.80,0.60
2008.03.26 09:54:42.173,0.78385,0.784,2.40,0.60
2008.03.26 09:54:42.408,0.78385,0.78395,2.40,0.30
2008.03.26 09:54:42.644,0.78385,0.78395,2.40,0.30
2008.03.26 09:54:42.879,0.78385,0.78395,2.40,0.30
2008.03.26 09:54:43.114,0.78385,0.78395,2.40,0.30
2008.03.26 09:54:43.457,0.78385,0.78395,2.40,0.30
2008.03.26 09:54:43.793,0.7838,0.78395,0.20,0.50
2008.03.26 09:54:44.130,0.7838,0.7839,0.20,0.60
2008.03.26 09:54:44.369,0.7838,0.7839,0.20,0.60
2008.03.26 09:54:44.608,0.7838,0.7839,0.20,0.60
2008.03.26 09:54:44.846,0.7838,0.7839,0.20,0.60
2008.03.26 09:54:45.096,0.7838,0.7839,0.20,0.60
2008.03.26 09:54:45.329,0.7838,0.7839,0.20,0.60
2008.03.26 09:54:45.665,0.7838,0.7839,0.20,0.30
2008.03.26 09:54:46.000,0.7838,0.7839,0.20,0.30
2008.03.26 09:54:46.334,0.7838,0.7839,0.60,0.30
2008.03.26 09:54:46.605,0.7838,0.78395,0.60,0.50
2008.03.26 09:54:46.875,0.7838,0.78395,0.20,0.50
2008.03.26 09:54:47.143,0.7838,0.78395,0.20,0.50
2008.03.26 09:54:47.417,0.7838,0.78395,0.20,0.50
2008.03.26 09:54:47.700,0.7838,0.7839,0.20,0.60
2008.03.26 09:54:47.986,0.7838,0.7839,0.20,0.60
2008.03.26 09:54:48.249,0.7838,0.7839,0.40,0.60
2008.03.26 09:54:48.512,0.7838,0.7839,0.40,0.60
2008.03.26 09:54:48.777,0.7838,0.7839,0.40,0.60
2008.03.26 09:54:49.040,0.7838,0.7839,0.40,0.60
2008.03.26 09:54:49.304,0.7838,0.7839,0.40,0.60
2008.03.26 09:54:49.567,0.7838,0.7839,0.40,0.60
2008.03.26 09:54:49.832,0.7838,0.7839,0.60,0.60
2008.03.26 09:54:50.099,0.7838,0.78395,0.60,0.30
2008.03.26 09:54:50.366,0.7838,0.78395,0.60,0.50
2008.03.26 09:54:50.656,0.7838,0.7839,0.60,0.30
2008.03.26 09:54:50.944,0.7838,0.7839,0.60,0.30
2008.03.26 09:54:51.235,0.7838,0.7839,0.60,0.30
2008.03.26 09:54:51.530,0.7838,0.7839,0.40,0.30
2008.03.26 09:54:51.823,0.7838,0.7839,0.40,0.30
2008.03.26 09:54:52.118,0.7838,0.7839,0.40,0.30
2008.03.26 09:54:52.411,0.7838,0.7839,0.40,0.30
2008.03.26 09:54:52.680,0.7838,0.78395,0.40,2.80
2008.03.26 09:54:52.948,0.7838,0.78395,0.40,2.80
2008.03.26 09:54:53.217,0.7838,0.78395,0.40,2.80
2008.03.26 09:54:53.492,0.7838,0.78395,0.40,2.80
2008.03.26 09:54:53.766,0.7838,0.78395,0.40,2.80
2008.03.26 09:54:54.043,0.7838,0.7839,0.60,0.30
2008.03.26 09:54:54.317,0.7838,0.7839,0.60,0.30
2008.03.26 09:54:54.592,0.7838,0.7839,0.20,0.60
2008.03.26 09:54:54.866,0.7838,0.7839,0.20,0.60
2008.03.26 09:54:55.140,0.7838,0.7839,0.20,0.60
2008.03.26 09:54:55.414,0.7838,0.7839,0.20,0.60
2008.03.26 09:54:55.689,0.7838,0.7839,0.20,0.60
2008.03.26 09:54:55.962,0.7838,0.7839,0.20,0.60
2008.03.26 09:54:56.236,0.7838,0.7839,0.20,0.60
2008.03.26 09:54:56.511,0.7838,0.7839,0.20,0.60
2008.03.26 09:54:56.823,0.7838,0.7839,0.20,0.60
2008.03.26 09:54:57.132,0.7838,0.7839,0.20,0.60
2008.03.26 09:54:57.440,0.7838,0.7839,0.20,0.60
2008.03.26 09:54:57.690,0.7838,0.7839,0.20,0.60
2008.03.26 09:54:57.938,0.7838,0.7839,0.20,0.60
2008.03.26 09:54:58.187,0.7838,0.7839,0.20,0.60
2008.03.26 09:54:58.435,0.7838,0.7839,0.20,0.60
2008.03.26 09:54:58.720,0.7838,0.7839,0.20,0.60
2008.03.26 09:54:59.005,0.7838,0.7839,0.20,0.60
2008.03.26 09:54:59.291,0.7838,0.7839,0.20,0.60
2008.03.26 09:54:59.574,0.7838,0.7839,0.20,0.60
2008.03.26 09:54:59.844,0.7838,0.7839,0.20,0.60
2008.03.26 09:55:00.116,0.7838,0.7839,0.40,0.60
2008.03.26 09:55:00.395,0.7838,0.7839,0.40,0.60
2008.03.26 09:55:00.684,0.7838,0.7839,0.40,0.60
2008.03.26 09:55:00.974,0.7838,0.7839,0.40,0.60
2008.03.26 09:55:01.263,0.7838,0.7839,0.40,0.60
2008.03.26 09:55:01.552,0.7838,0.7839,0.40,0.60
2008.03.26 09:55:01.847,0.7838,0.7839,0.40,0.60
2008.03.26 09:55:02.141,0.7838,0.7839,0.40,0.60
2008.03.26 09:55:02.436,0.7838,0.7839,0.60,0.60
2008.03.26 09:55:02.697,0.7838,0.78395,0.60,0.50
2008.03.26 09:55:02.957,0.7838,0.78395,0.40,0.50
2008.03.26 09:55:03.215,0.7838,0.78395,0.40,0.50
2008.03.26 09:55:03.473,0.7838,0.78395,0.60,0.30
2008.03.26 09:55:03.753,0.7838,0.78395,0.60,0.30
2008.03.26 09:55:04.034,0.7838,0.78385,0.40,0.30
2008.03.26 09:55:04.315,0.78375,0.78385,0.80,2.90
2008.03.26 09:55:04.595,0.78355,0.7836,28.00,0.20
2008.03.26 09:55:04.865,0.78355,0.78365,17.60,4.00
2008.03.26 09:55:05.141,0.78365,0.7837,4.80,0.80
2008.03.26 09:55:05.412,0.78365,0.7837,4.80,0.80
2008.03.26 09:55:05.682,0.7836,0.78375,0.40,0.30
2008.03.26 09:55:06.013,0.78355,0.7837,15.90,0.50
2008.03.26 09:55:06.345,0.78355,0.7837,6.50,0.60
2008.03.26 09:55:06.675,0.78355,0.78365,4.10,2.40
2008.03.26 09:55:06.914,0.7835,0.7836,0.60,0.30
2008.03.26 09:55:07.154,0.7835,0.7836,0.60,0.30
2008.03.26 09:55:07.394,0.7835,0.7836,0.60,0.30
2008.03.26 09:55:07.633,0.78355,0.7837,0.20,1.40
2008.03.26 09:55:08.902,0.78355,0.7837,0.20,0.50
2008.03.26 09:55:09.226,0.78355,0.7837,1.20,0.30
2008.03.26 09:55:09.322,0.78355,0.7837,2.00,0.30
2008.03.26 09:55:09.417,0.7836,0.7837,0.20,0.30
2008.03.26 09:55:09.522,0.7836,0.7837,0.20,0.30
2008.03.26 09:55:09.629,0.7836,0.7837,0.40,0.30
2008.03.26 09:55:09.734,0.7836,0.7837,0.40,0.30
2008.03.26 09:55:09.839,0.7836,0.7837,0.40,0.30
2008.03.26 09:55:09.922,0.7836,0.7837,0.40,0.30
2008.03.26 09:55:10.268,0.7836,0.7837,0.40,0.30
2008.03.26 09:55:10.604,0.7836,0.7837,0.40,0.30
2008.03.26 09:55:10.939,0.7836,0.7837,0.40,0.30
2008.03.26 09:55:11.274,0.7836,0.78375,0.60,0.30
2008.03.26 09:55:11.539,0.7836,0.78375,0.60,0.30
2008.03.26 09:55:11.804,0.7836,0.78375,0.60,0.50
2008.03.26 09:55:12.071,0.7836,0.7837,0.20,0.30
2008.03.26 09:55:12.385,0.7836,0.78375,0.20,4.40
2008.03.26 09:55:12.692,0.78355,0.7837,10.80,0.30
2008.03.26 09:55:12.996,0.7836,0.7837,0.40,0.30
2008.03.26 09:55:13.303,0.7836,0.7838,0.60,0.50
2008.03.26 09:55:13.623,0.78365,0.7838,2.40,0.50
2008.03.26 09:55:13.950,0.78365,0.78375,2.40,0.30
2008.03.26 09:55:14.269,0.78365,0.78375,2.70,0.30
2008.03.26 09:55:14.484,0.78365,0.7838,2.80,0.50
2008.03.26 09:55:14.701,0.78365,0.7838,3.60,0.30
2008.03.26 09:55:14.914,0.78365,0.7838,7.60,0.30
2008.03.26 09:55:15.131,0.78365,0.7838,3.60,0.50
2008.03.26 09:55:15.346,0.78365,0.7838,3.60,0.60
2008.03.26 09:55:15.694,0.78365,0.78375,2.40,0.30
2008.03.26 09:55:16.029,0.78365,0.78375,2.40,0.30
2008.03.26 09:55:16.363,0.78365,0.78375,2.40,0.30
2008.03.26 09:55:16.634,0.78365,0.78375,2.70,0.30
2008.03.26 09:55:16.904,0.78365,0.7838,2.80,0.60
2008.03.26 09:55:17.174,0.78365,0.7838,2.50,0.60
2008.03.26 09:55:17.443,0.78365,0.7838,2.80,0.60
2008.03.26 09:55:17.738,0.78365,0.7838,2.80,0.60
2008.03.26 09:55:18.022,0.78365,0.7838,3.60,0.60
2008.03.26 09:55:18.291,0.78365,0.7838,7.60,0.30
2008.03.26 09:55:18.580,0.78365,0.7838,7.60,0.30
2008.03.26 09:55:18.870,0.78365,0.7838,3.60,0.30
2008.03.26 09:55:19.161,0.78365,0.7838,2.50,0.50
2008.03.26 09:55:19.451,0.78365,0.7838,2.80,0.50
2008.03.26 09:55:19.750,0.78365,0.7838,2.80,0.30
2008.03.26 09:55:20.050,0.78365,0.7838,2.80,0.30
2008.03.26 09:55:20.350,0.78365,0.7838,2.80,0.30
2008.03.26 09:55:20.585,0.7837,0.7838,0.20,0.30
2008.03.26 09:55:20.819,0.7837,0.7838,0.20,0.30
2008.03.26 09:55:21.060,0.7837,0.78385,0.60,2.80
2008.03.26 09:55:21.297,0.7837,0.78385,0.60,0.50
2008.03.26 09:55:21.629,0.7837,0.78385,0.60,0.50
2008.03.26 09:55:21.964,0.7837,0.78385,0.20,0.50
2008.03.26 09:55:22.297,0.7837,0.78385,0.20,0.50
2008.03.26 09:55:22.537,0.78365,0.7838,10.80,0.50
2008.03.26 09:55:22.784,0.78365,0.7838,4.40,0.50
2008.03.26 09:55:23.034,0.78365,0.7838,2.80,0.50
2008.03.26 09:55:23.284,0.78365,0.78375,2.40,0.30
2008.03.26 09:55:23.524,0.78365,0.78375,2.40,0.30
2008.03.26 09:55:23.833,0.78365,0.78375,2.40,0.30
2008.03.26 09:55:24.143,0.78365,0.7838,2.70,0.50
2008.03.26 09:55:24.454,0.78365,0.7838,2.70,0.30
2008.03.26 09:55:24.690,0.78365,0.78375,2.70,0.30
2008.03.26 09:55:24.925,0.78365,0.7838,2.80,0.60
2008.03.26 09:55:25.159,0.78365,0.7838,2.80,0.60
2008.03.26 09:55:25.392,0.78365,0.7838,2.80,0.60
2008.03.26 09:55:25.627,0.78365,0.7838,2.80,0.60
2008.03.26 09:55:25.961,0.78365,0.7838,2.80,0.60
2008.03.26 09:55:26.295,0.78365,0.7838,2.80,0.60
2008.03.26 09:55:26.636,0.78365,0.7838,2.80,0.60
2008.03.26 09:55:26.875,0.78365,0.7838,2.80,0.60
2008.03.26 09:55:27.125,0.78365,0.7838,5.20,0.30
2008.03.26 09:55:27.379,0.78365,0.7838,5.20,0.30
2008.03.26 09:55:27.633,0.7837,0.7838,0.20,0.30
2008.03.26 09:55:27.943,0.7837,0.78385,0.20,2.80
2008.03.26 09:55:28.266,0.7837,0.78385,0.20,2.80
2008.03.26 09:55:28.585,0.7837,0.78385,0.20,2.80
2008.03.26 09:55:28.855,0.7837,0.78385,0.20,2.80
2008.03.26 09:55:29.116,0.78375,0.78385,0.60,2.40
2008.03.26 09:55:29.371,0.78375,0.78385,7.60,2.40
2008.03.26 09:55:29.617,0.78375,0.7839,3.60,0.80
2008.03.26 09:55:29.928,0.7838,0.78395,0.20,6.50
2008.03.26 09:55:30.238,0.78385,0.784,0.20,4.60
2008.03.26 09:55:30.549,0.78385,0.78395,0.20,4.00
2008.03.26 09:55:30.829,0.78385,0.78395,4.30,2.60
2008.03.26 09:55:31.109,0.7839,0.784,0.20,0.60
2008.03.26 09:55:31.389,0.78385,0.784,0.20,0.60
2008.03.26 09:55:31.668,0.78385,0.78395,0.20,0.50
2008.03.26 09:55:31.969,0.78385,0.78395,0.20,0.30
2008.03.26 09:55:32.269,0.78395,0.7841,2.40,0.60
2008.03.26 09:55:32.568,0.78395,0.7841,2.70,0.60
2008.03.26 09:55:32.817,0.78395,0.784,2.70,0.30
2008.03.26 09:55:33.067,0.78395,0.784,2.70,0.30
2008.03.26 09:55:33.318,0.78395,0.78405,2.70,0.30
2008.03.26 09:55:33.567,0.784,0.7841,0.20,0.30
2008.03.26 09:55:33.891,0.784,0.7841,0.20,0.30
2008.03.26 09:55:34.215,0.784,0.7841,0.60,0.30
2008.03.26 09:55:34.540,0.784,0.7841,0.20,0.30
2008.03.26 09:55:34.808,0.784,0.78415,0.40,0.30
2008.03.26 09:55:35.066,0.78395,0.78415,9.20,0.50
2008.03.26 09:55:35.321,0.78395,0.7841,5.20,0.60
2008.03.26 09:55:35.576,0.78395,0.7841,3.60,0.60
2008.03.26 09:55:35.908,0.784,0.7841,0.20,0.60
2008.03.26 09:55:36.250,0.78395,0.7841,5.20,0.60
2008.03.26 09:55:36.579,0.78395,0.7841,2.80,0.60
2008.03.26 09:55:36.828,0.78395,0.7841,2.80,0.60
2008.03.26 09:55:37.079,0.78395,0.7841,2.80,0.60
2008.03.26 09:55:37.329,0.78395,0.7841,2.50,0.60
2008.03.26 09:55:37.578,0.78395,0.7841,2.80,0.60
2008.03.26 09:55:37.886,0.78395,0.7841,2.50,0.60
2008.03.26 09:55:38.195,0.78395,0.7841,2.40,0.60
2008.03.26 09:55:38.503,0.78395,0.7841,2.40,0.60
2008.03.26 09:55:38.815,0.78395,0.7841,2.70,0.60
2008.03.26 09:55:39.094,0.78395,0.7841,2.70,0.60
2008.03.26 09:55:39.372,0.78395,0.7841,2.70,0.60
2008.03.26 09:55:39.653,0.78395,0.7841,2.70,0.60
2008.03.26 09:55:39.926,0.78395,0.78405,2.40,0.20
2008.03.26 09:55:40.202,0.7839,0.78405,0.20,0.50
2008.03.26 09:55:40.475,0.7839,0.78405,0.20,0.50
2008.03.26 09:55:40.763,0.7839,0.78405,0.20,4.40
2008.03.26 09:55:41.091,0.7839,0.78405,0.20,4.40
2008.03.26 09:55:41.421,0.7839,0.78405,0.20,4.40
2008.03.26 09:55:41.730,0.7839,0.78405,0.20,0.50
2008.03.26 09:55:41.976,0.7839,0.78405,0.20,0.50
2008.03.26 09:55:42.199,0.7839,0.78405,0.20,4.40
2008.03.26 09:55:42.433,0.7839,0.78405,0.20,4.40
2008.03.26 09:55:42.668,0.7839,0.78405,0.20,4.40
2008.03.26 09:55:42.972,0.7839,0.78405,0.20,4.40
2008.03.26 09:55:43.277,0.7839,0.78405,0.20,2.80
2008.03.26 09:55:43.581,0.7839,0.78405,0.20,2.80
2008.03.26 09:55:43.897,0.7839,0.78405,0.20,6.80
2008.03.26 09:55:44.152,0.7839,0.784,0.20,0.20
2008.03.26 09:55:44.405,0.7839,0.784,0.20,0.20
2008.03.26 09:55:44.658,0.7839,0.784,0.20,0.20
2008.03.26 09:55:44.911,0.7839,0.784,0.20,0.20
2008.03.26 09:55:45.205,0.7839,0.78405,0.20,9.20
2008.03.26 09:55:45.509,0.7839,0.784,0.20,0.30
2008.03.26 09:55:45.802,0.78385,0.784,0.60,0.60
2008.03.26 09:55:46.119,0.78385,0.784,6.80,0.30
2008.03.26 09:55:46.435,0.78385,0.784,4.40,0.30
2008.03.26 09:55:46.749,0.7839,0.784,0.60,0.30
2008.03.26 09:55:46.989,0.7839,0.784,0.60,0.30
2008.03.26 09:55:47.227,0.7839,0.784,0.60,0.30
2008.03.26 09:55:47.468,0.7839,0.78405,0.60,5.20
2008.03.26 09:55:47.707,0.78395,0.7841,0.20,1.40
2008.03.26 09:55:47.948,0.78395,0.7841,0.60,1.40
2008.03.26 09:55:48.247,0.78395,0.78405,0.20,4.80
2008.03.26 09:55:48.545,0.78395,0.78405,0.20,2.40
2008.03.26 09:55:48.845,0.78395,0.7841,0.20,1.40
2008.03.26 09:55:49.135,0.7839,0.784,1.40,0.30
2008.03.26 09:55:49.424,0.7839,0.784,0.60,0.30
2008.03.26 09:55:49.715,0.7839,0.784,0.40,0.30
2008.03.26 09:55:50.004,0.7839,0.784,0.40,0.30
2008.03.26 09:55:50.255,0.78395,0.7841,2.40,1.40
2008.03.26 09:55:50.506,0.78395,0.7841,2.70,0.60
2008.03.26 09:55:50.755,0.784,0.7841,0.40,0.50
2008.03.26 09:55:51.004,0.784,0.7841,0.40,0.50
2008.03.26 09:55:51.339,0.78405,0.78415,0.60,2.40
2008.03.26 09:55:51.674,0.784,0.78415,1.40,0.30
2008.03.26 09:55:52.011,0.78405,0.7842,0.20,0.60
2008.03.26 09:55:52.256,0.78405,0.7842,0.60,0.60
2008.03.26 09:55:52.502,0.78405,0.7842,0.60,0.60
2008.03.26 09:55:52.747,0.78405,0.78415,0.60,0.30
2008.03.26 09:55:52.990,0.7841,0.7842,0.20,0.60
2008.03.26 09:55:53.317,0.7841,0.78425,0.60,2.80
2008.03.26 09:55:53.642,0.7841,0.78425,0.20,2.80
2008.03.26 09:55:53.967,0.78415,0.78425,0.20,2.80
2008.03.26 09:55:54.218,0.7841,0.78425,0.60,27.20
2008.03.26 09:55:54.469,0.78415,0.78425,1.30,3.20
2008.03.26 09:55:54.718,0.7842,0.78425,0.60,3.20
2008.03.26 09:55:54.969,0.7842,0.78425,0.60,2.40
2008.03.26 09:55:55.281,0.7842,0.78425,0.40,2.40
2008.03.26 09:55:55.591,0.7842,0.78435,0.60,8.20
2008.03.26 09:55:55.902,0.78425,0.78435,0.20,4.00
2008.03.26 09:55:56.207,0.78425,0.78435,0.20,4.00
2008.03.26 09:55:56.513,0.7843,0.7844,0.20,0.30
2008.03.26 09:55:56.836,0.7843,0.78445,0.20,0.50
2008.03.26 09:55:57.133,0.7843,0.78445,0.20,4.40
2008.03.26 09:55:57.404,0.7843,0.78445,0.20,0.50
2008.03.26 09:55:57.674,0.7843,0.78445,0.20,0.50
2008.03.26 09:55:57.944,0.7843,0.78445,0.20,2.80
2008.03.26 09:55:58.214,0.7843,0.78445,0.40,2.80
2008.03.26 09:55:58.482,0.7843,0.78445,0.40,2.80
2008.03.26 09:55:58.751,0.7843,0.7844,0.40,0.30
2008.03.26 09:55:59.021,0.7843,0.7844,0.40,0.60
2008.03.26 09:55:59.306,0.7842,0.78435,0.60,0.30
2008.03.26 09:55:59.591,0.78425,0.78435,0.40,0.30
2008.03.26 09:55:59.875,0.78425,0.7844,4.40,0.60
2008.03.26 09:56:00.159,0.7843,0.7844,0.20,0.60
2008.03.26 09:56:00.470,0.78425,0.7844,4.30,0.30
2008.03.26 09:56:00.790,0.78435,0.78445,2.40,0.50
2008.03.26 09:56:01.101,0.78435,0.78445,2.40,0.30
2008.03.26 09:56:01.369,0.7843,0.7844,0.40,0.30
2008.03.26 09:56:01.633,0.7842,0.78435,0.60,0.30
2008.03.26 09:56:01.899,0.7842,0.78435,0.60,0.30
2008.03.26 09:56:02.165,0.7842,0.78435,0.60,0.50
2008.03.26 09:56:02.475,0.7842,0.78435,0.60,0.50
2008.03.26 09:56:02.784,0.7842,0.78435,0.60,0.30
2008.03.26 09:56:03.105,0.7842,0.78435,0.60,0.30
2008.03.26 09:56:03.375,0.7842,0.78435,0.20,0.50
2008.03.26 09:56:03.645,0.7842,0.78435,0.60,0.30
2008.03.26 09:56:03.915,0.7842,0.78435,0.60,0.50
2008.03.26 09:56:04.187,0.7842,0.78435,0.60,0.30
2008.03.26 09:56:04.471,0.7842,0.78435,0.60,0.30
2008.03.26 09:56:04.757,0.7842,0.78435,0.60,0.30
2008.03.26 09:56:05.053,0.7842,0.78435,0.60,0.30
2008.03.26 09:56:05.338,0.78425,0.78435,0.40,0.30
2008.03.26 09:56:05.650,0.7842,0.78435,0.60,0.50
2008.03.26 09:56:05.960,0.7842,0.78435,0.20,0.50
2008.03.26 09:56:06.270,0.7842,0.78435,0.60,0.30
2008.03.26 09:56:06.537,0.7842,0.78435,0.60,0.30
2008.03.26 09:56:06.813,0.7842,0.78435,0.60,0.30
2008.03.26 09:56:07.079,0.7842,0.78435,0.60,0.50
2008.03.26 09:56:07.344,0.7842,0.78435,0.20,0.50
2008.03.26 09:56:07.647,0.7842,0.78435,0.20,0.50
2008.03.26 09:56:07.952,0.7842,0.78435,0.20,0.50
2008.03.26 09:56:08.257,0.78425,0.78435,2.40,0.30
2008.03.26 09:56:08.517,0.78425,0.78435,2.40,0.30
2008.03.26 09:56:08.779,0.78425,0.78435,2.40,0.30
2008.03.26 09:56:09.035,0.78425,0.78435,2.40,0.30
2008.03.26 09:56:09.296,0.78425,0.78435,2.40,0.30
2008.03.26 09:56:09.590,0.78425,0.78435,2.40,0.30
2008.03.26 09:56:09.884,0.78425,0.78435,2.40,0.30
2008.03.26 09:56:10.178,0.78425,0.78435,2.40,0.30
2008.03.26 09:56:10.472,0.78425,0.78435,2.40,0.30
2008.03.26 09:56:10.771,0.7842,0.78435,0.60,0.30
2008.03.26 09:56:11.072,0.7842,0.78435,0.60,0.30
2008.03.26 09:56:11.370,0.7842,0.78435,0.60,0.30
2008.03.26 09:56:11.634,0.7842,0.78435,0.60,0.50
2008.03.26 09:56:11.900,0.7842,0.78435,0.60,0.50
2008.03.26 09:56:12.163,0.7842,0.78435,0.60,0.50
2008.03.26 09:56:12.428,0.7842,0.78435,0.60,0.50
2008.03.26 09:56:12.713,0.7842,0.78435,0.60,0.30
2008.03.26 09:56:12.997,0.7842,0.78435,0.20,0.50
2008.03.26 09:56:13.283,0.7842,0.78435,0.20,4.40
2008.03.26 09:56:13.580,0.78415,0.7843,3.60,0.30
2008.03.26 09:56:13.875,0.78415,0.7843,3.20,0.60
2008.03.26 09:56:14.179,0.78415,0.7843,2.70,0.60
2008.03.26 09:56:14.482,0.78415,0.7843,2.70,0.60
2008.03.26 09:56:14.722,0.78415,0.7843,5.20,0.60
2008.03.26 09:56:14.962,0.7842,0.7843,0.20,0.30
2008.03.26 09:56:15.201,0.7842,0.7843,0.60,0.30
2008.03.26 09:56:15.442,0.7842,0.7843,0.20,0.30
2008.03.26 09:56:15.682,0.7842,0.7843,0.20,0.30
2008.03.26 09:56:16.017,0.78415,0.7843,9.20,0.30
2008.03.26 09:56:16.363,0.78415,0.7843,6.80,0.30
2008.03.26 09:56:16.698,0.78415,0.7843,2.80,0.30
2008.03.26 09:56:16.973,0.78415,0.7843,2.80,0.30
2008.03.26 09:56:17.249,0.7842,0.7843,0.20,0.30
2008.03.26 09:56:17.502,0.7842,0.7843,0.20,0.30
2008.03.26 09:56:17.765,0.7842,0.7843,0.20,0.30
2008.03.26 09:56:18.049,0.7842,0.7843,0.20,0.30
2008.03.26 09:56:18.333,0.7842,0.7843,0.20,0.30
2008.03.26 09:56:18.617,0.7842,0.7843,0.20,0.30
2008.03.26 09:56:18.877,0.7842,0.7843,0.20,0.30
2008.03.26 09:56:19.137,0.7842,0.7843,0.20,0.30
2008.03.26 09:56:19.396,0.7842,0.7843,0.20,0.30
2008.03.26 09:56:19.654,0.7842,0.7843,0.20,0.30
2008.03.26 09:56:19.958,0.7842,0.7843,0.20,0.30
2008.03.26 09:56:20.263,0.7842,0.7843,0.20,0.30
2008.03.26 09:56:20.567,0.7842,0.7843,0.20,0.30
2008.03.26 09:56:20.852,0.7842,0.7843,0.20,0.30
2008.03.26 09:56:21.136,0.7842,0.7843,0.20,0.30
2008.03.26 09:56:21.421,0.7842,0.7843,0.20,0.30
2008.03.26 09:56:21.705,0.7842,0.7843,0.20,0.30
2008.03.26 09:56:21.994,0.7842,0.7843,0.20,0.30
2008.03.26 09:56:22.295,0.7842,0.7844,0.60,0.50
2008.03.26 09:56:22.585,0.78425,0.7844,0.40,0.30
2008.03.26 09:56:22.856,0.78425,0.78435,4.00,0.30
2008.03.26 09:56:23.126,0.7842,0.78435,0.60,0.30
2008.03.26 09:56:23.396,0.7842,0.78435,0.60,0.30
2008.03.26 09:56:23.665,0.7842,0.78435,0.60,0.30
2008.03.26 09:56:23.960,0.7842,0.78435,0.60,0.30
2008.03.26 09:56:24.255,0.7842,0.78435,0.60,0.30
2008.03.26 09:56:24.560,0.7842,0.78435,0.60,0.30
2008.03.26 09:56:24.857,0.78425,0.7844,0.20,8.60
2008.03.26 09:56:25.140,0.7843,0.7844,0.20,8.40
2008.03.26 09:56:25.425,0.7843,0.7844,0.20,8.40
2008.03.26 09:56:25.710,0.7843,0.7844,0.20,8.40
2008.03.26 09:56:25.995,0.7843,0.7844,0.20,8.00
2008.03.26 09:56:26.280,0.7843,0.7844,0.20,8.00
2008.03.26 09:56:26.565,0.78425,0.7844,2.00,8.00
2008.03.26 09:56:26.849,0.78425,0.7844,2.00,8.00
2008.03.26 09:56:27.123,0.78425,0.7844,2.00,8.40
2008.03.26 09:56:27.397,0.78425,0.7844,2.00,8.40
2008.03.26 09:56:27.671,0.78425,0.7844,4.40,8.40
2008.03.26 09:56:27.946,0.7843,0.7844,0.20,8.40
2008.03.26 09:56:28.230,0.7843,0.7844,0.20,8.40
2008.03.26 09:56:28.515,0.7843,0.7844,0.20,8.40
2008.03.26 09:56:28.798,0.7843,0.7844,0.20,8.40
2008.03.26 09:56:29.087,0.7843,0.7844,0.20,8.40
2008.03.26 09:56:29.376,0.78425,0.7844,1.70,8.60
2008.03.26 09:56:29.666,0.7843,0.7844,0.20,8.40
2008.03.26 09:56:29.955,0.7843,0.7844,0.20,8.40
2008.03.26 09:56:30.205,0.7843,0.7844,0.20,8.40
2008.03.26 09:56:30.453,0.7843,0.7844,0.20,8.60
2008.03.26 09:56:30.702,0.7843,0.7844,0.20,8.60
2008.03.26 09:56:30.950,0.7843,0.7844,0.20,8.60
2008.03.26 09:56:31.273,0.7843,0.7844,0.20,8.60
2008.03.26 09:56:31.598,0.7843,0.7844,0.20,8.60
2008.03.26 09:56:31.922,0.7843,0.7844,0.20,8.60
2008.03.26 09:56:32.163,0.7843,0.7844,0.60,8.20
2008.03.26 09:56:32.402,0.7843,0.78445,0.60,0.50
2008.03.26 09:56:32.643,0.7843,0.78445,0.60,0.30
2008.03.26 09:56:32.882,0.7843,0.78445,0.60,0.30
2008.03.26 09:56:33.186,0.7843,0.78445,0.60,0.30
2008.03.26 09:56:33.490,0.7843,0.78445,0.60,0.30
2008.03.26 09:56:33.793,0.7843,0.78445,0.60,0.30
2008.03.26 09:56:34.058,0.7843,0.78445,0.40,0.50
2008.03.26 09:56:34.323,0.7843,0.78445,0.40,20.40
2008.03.26 09:56:34.586,0.7843,0.78445,0.40,20.40
2008.03.26 09:56:34.852,0.7843,0.7844,0.40,0.30
2008.03.26 09:56:35.127,0.7843,0.7844,0.40,0.30
2008.03.26 09:56:35.407,0.7843,0.7844,0.40,0.30
2008.03.26 09:56:35.689,0.7843,0.78445,0.40,29.20
2008.03.26 09:56:35.975,0.7843,0.78445,0.40,24.40
2008.03.26 09:56:36.274,0.7843,0.7844,0.40,8.20
2008.03.26 09:56:36.573,0.7843,0.7844,0.40,8.20
2008.03.26 09:56:36.875,0.7843,0.7844,0.40,0.30
2008.03.26 09:56:37.126,0.7843,0.7844,0.40,0.30
2008.03.26 09:56:37.375,0.7843,0.7844,0.40,0.30
2008.03.26 09:56:37.624,0.7843,0.7844,0.40,0.50
2008.03.26 09:56:37.876,0.7843,0.7844,0.20,0.60
2008.03.26 09:56:38.164,0.7843,0.7844,0.20,0.60
2008.03.26 09:56:38.448,0.7843,0.7844,0.20,0.60
2008.03.26 09:56:38.721,0.7843,0.7844,0.20,0.60
2008.03.26 09:56:38.994,0.7843,0.7844,0.20,0.60
2008.03.26 09:56:39.274,0.7843,0.7844,0.20,0.60
2008.03.26 09:56:39.554,0.7843,0.7844,0.20,0.60
2008.03.26 09:56:39.836,0.7842,0.78435,1.40,0.50
2008.03.26 09:56:40.108,0.7842,0.78435,0.60,0.30
2008.03.26 09:56:40.396,0.7842,0.78435,0.60,0.30
2008.03.26 09:56:40.684,0.7842,0.78435,0.60,0.30
2008.03.26 09:56:40.974,0.7842,0.78435,0.60,0.30
2008.03.26 09:56:41.268,0.7842,0.78435,0.60,0.30
2008.03.26 09:56:41.563,0.78425,0.7844,2.40,0.60
2008.03.26 09:56:41.857,0.78425,0.7844,2.40,0.60
2008.03.26 09:56:42.151,0.78425,0.7844,2.40,0.60
2008.03.26 09:56:42.429,0.78425,0.7844,2.40,0.60
2008.03.26 09:56:42.709,0.78425,0.7844,2.40,0.60
2008.03.26 09:56:42.988,0.78425,0.7844,2.40,0.60
2008.03.26 09:56:43.256,0.78425,0.7844,2.40,0.60
2008.03.26 09:56:43.524,0.78425,0.7844,2.40,0.60
2008.03.26 09:56:43.792,0.78425,0.7844,2.40,0.60
2008.03.26 09:56:44.060,0.78425,0.7844,2.40,0.60
2008.03.26 09:56:44.338,0.78425,0.7844,2.40,0.60
2008.03.26 09:56:44.618,0.78425,0.7844,2.40,0.60
2008.03.26 09:56:44.897,0.78425,0.7844,2.40,0.60
2008.03.26 09:56:45.177,0.7843,0.7844,0.20,0.30
2008.03.26 09:56:45.448,0.7843,0.7844,0.20,0.30
2008.03.26 09:56:45.718,0.7843,0.7844,0.20,0.60
2008.03.26 09:56:45.987,0.7843,0.7844,0.20,0.60
2008.03.26 09:56:46.256,0.7843,0.7844,0.20,0.60
2008.03.26 09:56:46.557,0.7843,0.7844,0.20,0.60
2008.03.26 09:56:46.855,0.7843,0.7844,0.20,0.60
2008.03.26 09:56:47.156,0.7843,0.7844,0.20,0.60
2008.03.26 09:56:47.403,0.7843,0.7844,0.40,0.60
2008.03.26 09:56:47.649,0.7843,0.7844,0.20,0.60
2008.03.26 09:56:47.896,0.7843,0.7844,0.20,0.60
2008.03.26 09:56:48.140,0.7843,0.7844,0.20,0.60
2008.03.26 09:56:48.440,0.7843,0.7844,0.40,0.60
2008.03.26 09:56:48.740,0.7843,0.7844,0.20,0.60
2008.03.26 09:56:49.040,0.7843,0.7844,0.20,0.60
2008.03.26 09:56:49.343,0.7843,0.7844,0.20,0.60
2008.03.26 09:56:49.609,0.7843,0.7844,0.20,0.60
2008.03.26 09:56:49.875,0.78425,0.78435,2.40,0.50
2008.03.26 09:56:50.139,0.78425,0.78435,2.40,0.50
2008.03.26 09:56:50.434,0.7842,0.78435,0.60,0.50
2008.03.26 09:56:50.728,0.7842,0.78435,0.60,0.50
2008.03.26 09:56:51.023,0.7842,0.78435,0.60,0.50
2008.03.26 09:56:51.329,0.7842,0.78435,0.60,0.30
2008.03.26 09:56:51.639,0.7842,0.78435,0.60,0.30
2008.03.26 09:56:51.951,0.7842,0.78435,0.60,0.30
2008.03.26 09:56:52.260,0.7842,0.78435,0.60,0.30
2008.03.26 09:56:52.519,0.7842,0.78435,0.60,0.30
2008.03.26 09:56:52.783,0.78425,0.7844,0.20,0.60
2008.03.26 09:56:53.041,0.78425,0.7844,0.20,0.60
2008.03.26 09:56:53.301,0.78425,0.7844,0.20,0.60
2008.03.26 09:56:53.601,0.78425,0.7844,0.20,0.60
2008.03.26 09:56:53.901,0.78425,0.7844,0.20,0.60
2008.03.26 09:56:54.200,0.78425,0.7844,0.20,0.60
2008.03.26 09:56:54.459,0.78425,0.7844,0.20,0.60
2008.03.26 09:56:54.718,0.78425,0.7844,0.20,0.60
2008.03.26 09:56:54.979,0.78425,0.7844,0.20,0.60
2008.03.26 09:56:55.240,0.78425,0.7844,0.20,0.50
2008.03.26 09:56:55.535,0.78425,0.7844,0.20,0.50
2008.03.26 09:56:55.830,0.78425,0.7844,0.20,0.60
2008.03.26 09:56:56.124,0.7842,0.78435,0.60,0.30
2008.03.26 09:56:56.419,0.7842,0.78435,0.60,0.30
2008.03.26 09:56:56.713,0.7842,0.78435,0.40,22.80
2008.03.26 09:56:57.008,0.7842,0.78435,0.40,22.80
2008.03.26 09:56:57.303,0.7842,0.7843,0.40,0.30
2008.03.26 09:56:57.583,0.7842,0.7843,0.20,0.60
2008.03.26 09:56:57.861,0.7842,0.7843,0.20,0.60
2008.03.26 09:56:58.140,0.7842,0.7843,0.60,0.60
2008.03.26 09:56:58.421,0.7843,0.7844,0.20,8.60
2008.03.26 09:56:58.715,0.7843,0.7844,0.20,8.40
2008.03.26 09:56:59.004,0.7843,0.7844,0.20,8.40
2008.03.26 09:56:59.273,0.7843,0.7844,0.20,8.40
2008.03.26 09:56:59.552,0.7843,0.7844,0.40,8.20
2008.03.26 09:56:59.837,0.78425,0.78435,2.50,0.30
2008.03.26 09:57:00.121,0.78425,0.78435,2.50,0.30
2008.03.26 09:57:00.406,0.78425,0.78435,0.20,20.40
2008.03.26 09:57:00.681,0.78425,0.78435,0.20,12.20
2008.03.26 09:57:00.955,0.78425,0.78435,0.20,0.30
2008.03.26 09:57:01.228,0.78425,0.78435,0.20,20.20
2008.03.26 09:57:01.503,0.78425,0.78435,0.20,20.20
2008.03.26 09:57:01.791,0.78425,0.78435,0.20,20.00
2008.03.26 09:57:02.081,0.78425,0.78435,0.20,20.10
2008.03.26 09:57:02.371,0.7842,0.78435,0.60,20.40
2008.03.26 09:57:02.666,0.7842,0.78435,0.40,20.40
2008.03.26 09:57:02.950,0.7842,0.78435,0.40,20.40
2008.03.26 09:57:03.236,0.7842,0.78435,0.40,8.40
2008.03.26 09:57:03.521,0.78425,0.78435,2.40,0.50
2008.03.26 09:57:03.795,0.78425,0.7844,2.50,8.60
2008.03.26 09:57:04.069,0.78425,0.7844,2.50,8.60
2008.03.26 09:57:04.343,0.78425,0.7844,2.50,8.60
2008.03.26 09:57:04.617,0.78425,0.7844,2.50,8.60
2008.03.26 09:57:04.911,0.78425,0.7844,2.80,8.60
2008.03.26 09:57:05.205,0.78425,0.7844,3.60,8.20
2008.03.26 09:57:05.500,0.78425,0.7844,4.40,8.60
2008.03.26 09:57:05.775,0.78425,0.7844,4.40,8.40
2008.03.26 09:57:06.050,0.7843,0.7844,0.20,8.40
2008.03.26 09:57:06.324,0.7843,0.7844,0.20,8.20
2008.03.26 09:57:06.597,0.7843,0.7844,0.20,8.20
2008.03.26 09:57:06.903,0.78425,0.7844,2.50,8.60
2008.03.26 09:57:07.207,0.78425,0.78435,2.40,0.30
2008.03.26 09:57:07.512,0.7842,0.78435,0.60,0.30
2008.03.26 09:57:07.766,0.78425,0.7844,0.60,8.60
2008.03.26 09:57:08.031,0.78425,0.7844,0.20,8.60
2008.03.26 09:57:08.296,0.7842,0.78435,0.60,0.50
2008.03.26 09:57:08.561,0.7842,0.78435,0.60,0.50
2008.03.26 09:57:08.835,0.78425,0.7844,2.80,8.60
2008.03.26 09:57:09.109,0.78425,0.7844,2.80,8.60
2008.03.26 09:57:09.384,0.78425,0.7844,2.50,8.60
2008.03.26 09:57:09.658,0.78425,0.78435,2.50,0.20
2008.03.26 09:57:09.948,0.78425,0.78435,0.20,20.40
2008.03.26 09:57:10.237,0.78425,0.78435,0.20,20.40
2008.03.26 09:57:10.526,0.7842,0.78435,0.40,20.40
2008.03.26 09:57:10.821,0.7842,0.78435,0.40,20.40
2008.03.26 09:57:11.116,0.7842,0.78435,0.60,20.40
2008.03.26 09:57:11.412,0.78425,0.78435,0.20,0.50
2008.03.26 09:57:11.708,0.78425,0.7844,1.20,8.40
2008.03.26 09:57:11.994,0.7843,0.78445,0.20,2.80
2008.03.26 09:57:13.548,0.7843,0.78445,0.40,0.50
2008.03.26 09:57:13.629,0.7843,0.78445,0.60,0.30
2008.03.26 09:57:13.713,0.7843,0.78445,0.40,0.50
2008.03.26 09:57:13.798,0.7843,0.78445,0.20,8.40
2008.03.26 09:57:13.883,0.7843,0.78445,0.20,20.40
2008.03.26 09:57:13.970,0.7843,0.78445,0.20,22.80
2008.03.26 09:57:14.055,0.7843,0.78445,0.20,22.80
2008.03.26 09:57:14.141,0.7843,0.78445,0.20,22.80
2008.03.26 09:57:14.230,0.7843,0.7844,0.20,0.30
2008.03.26 09:57:14.344,0.7843,0.78445,0.20,20.40
2008.03.26 09:57:14.440,0.7843,0.7844,0.20,0.30
2008.03.26 09:57:14.546,0.7843,0.7844,0.20,0.30
2008.03.26 09:57:14.882,0.7843,0.7844,0.20,0.60
2008.03.26 09:57:15.216,0.7843,0.7844,0.20,0.60
2008.03.26 09:57:15.550,0.7843,0.7844,0.20,0.60
2008.03.26 09:57:15.795,0.7843,0.7844,0.20,0.60
2008.03.26 09:57:16.040,0.7843,0.7844,0.20,0.60
2008.03.26 09:57:16.285,0.7843,0.7844,0.20,0.60
2008.03.26 09:57:16.530,0.7843,0.7844,0.20,0.60
2008.03.26 09:57:16.775,0.7843,0.7844,0.20,0.60
2008.03.26 09:57:17.110,0.7843,0.7844,0.20,0.60
2008.03.26 09:57:17.446,0.7843,0.7844,0.20,0.60
2008.03.26 09:57:17.783,0.7843,0.7844,0.20,0.60
2008.03.26 09:57:18.017,0.7843,0.7844,0.20,0.60
2008.03.26 09:57:18.254,0.7843,0.7844,0.20,0.60
2008.03.26 09:57:18.488,0.7843,0.7844,0.20,0.60
2008.03.26 09:57:18.720,0.7843,0.7844,0.20,0.60
2008.03.26 09:57:19.025,0.7843,0.7844,0.40,0.60
2008.03.26 09:57:19.329,0.7843,0.7844,0.40,0.30
2008.03.26 09:57:19.633,0.7843,0.7844,0.40,0.30
2008.03.26 09:57:19.903,0.7843,0.7844,0.20,0.60
2008.03.26 09:57:20.171,0.7843,0.7844,0.20,0.60
2008.03.26 09:57:20.441,0.7843,0.7844,0.20,0.60
2008.03.26 09:57:20.710,0.7843,0.7844,0.20,0.60
2008.03.26 09:57:20.996,0.7843,0.7844,0.20,0.60
2008.03.26 09:57:21.281,0.7843,0.7844,0.40,0.30
2008.03.26 09:57:21.564,0.7843,0.7844,0.40,0.30
2008.03.26 09:57:21.849,0.7843,0.7844,0.20,0.60
2008.03.26 09:57:22.159,0.7843,0.7844,0.20,0.60
2008.03.26 09:57:22.472,0.7843,0.7844,0.40,0.30
2008.03.26 09:57:22.781,0.7843,0.7844,0.40,0.30
2008.03.26 09:57:23.014,0.7843,0.7844,0.40,0.30
2008.03.26 09:57:23.249,0.7843,0.7844,0.40,0.30
2008.03.26 09:57:23.484,0.7843,0.7844,0.40,0.30
2008.03.26 09:57:23.723,0.7843,0.7844,0.40,0.30
2008.03.26 09:57:24.048,0.7843,0.78445,0.20,20.40
2008.03.26 09:57:24.382,0.7843,0.7844,0.20,0.30
2008.03.26 09:57:24.707,0.7843,0.7844,0.20,0.30
2008.03.26 09:57:24.931,0.7843,0.7844,0.20,0.60
2008.03.26 09:57:25.155,0.7843,0.7844,0.40,0.30
2008.03.26 09:57:25.378,0.7843,0.7844,0.40,0.30
2008.03.26 09:57:25.603,0.7843,0.7844,0.40,0.60
2008.03.26 09:57:25.827,0.7843,0.7844,0.20,0.60
2008.03.26 09:57:26.161,0.7843,0.7844,0.20,0.60
2008.03.26 09:57:26.494,0.7843,0.7844,0.20,0.60
2008.03.26 09:57:26.828,0.7843,0.7844,0.20,0.60
2008.03.26 09:57:27.058,0.7843,0.7844,0.20,0.60
2008.03.26 09:57:27.287,0.7843,0.7844,0.40,0.60
2008.03.26 09:57:27.515,0.7843,0.7844,0.40,0.60
2008.03.26 09:57:27.745,0.7843,0.7844,0.40,0.50
2008.03.26 09:57:28.080,0.7843,0.78445,0.40,22.80
2008.03.26 09:57:28.414,0.7843,0.78445,0.40,22.80
2008.03.26 09:57:28.748,0.7843,0.78445,0.40,22.80
2008.03.26 09:57:28.987,0.7843,0.78445,0.40,22.80
2008.03.26 09:57:29.227,0.7843,0.78445,0.40,25.20
2008.03.26 09:57:29.467,0.7843,0.78445,0.60,22.80
2008.03.26 09:57:29.707,0.7843,0.78445,0.40,22.80
2008.03.26 09:57:29.947,0.7843,0.7844,0.40,0.30
2008.03.26 09:57:30.256,0.7843,0.7844,0.40,0.30
2008.03.26 09:57:30.566,0.7843,0.7844,0.40,0.30
2008.03.26 09:57:30.875,0.7843,0.7844,0.40,0.30
2008.03.26 09:57:31.164,0.7843,0.7844,0.40,0.30
2008.03.26 09:57:31.454,0.7843,0.7844,0.40,0.30
2008.03.26 09:57:31.744,0.7843,0.7844,0.40,0.50
2008.03.26 09:57:32.032,0.7843,0.7844,0.20,8.60
2008.03.26 09:57:32.288,0.7843,0.78435,0.20,0.30
2008.03.26 09:57:32.542,0.7843,0.78435,0.20,0.30
2008.03.26 09:57:32.796,0.7843,0.78435,0.20,0.30
2008.03.26 09:57:33.052,0.7843,0.7844,0.20,0.60
2008.03.26 09:57:33.351,0.7843,0.7844,0.20,0.60
2008.03.26 09:57:33.650,0.7843,0.7844,0.20,0.60
2008.03.26 09:57:33.950,0.7843,0.7844,0.20,0.60
2008.03.26 09:57:34.244,0.7843,0.7844,0.20,0.60
2008.03.26 09:57:34.538,0.7843,0.7844,0.20,0.60
2008.03.26 09:57:34.834,0.78425,0.7844,2.50,8.60
2008.03.26 09:57:35.130,0.7843,0.7844,0.20,0.60
2008.03.26 09:57:35.375,0.7843,0.7844,0.20,0.60
2008.03.26 09:57:35.619,0.7843,0.7844,0.20,0.60
2008.03.26 09:57:35.863,0.7843,0.7844,0.20,0.60
2008.03.26 09:57:36.107,0.7843,0.7844,0.20,0.60
2008.03.26 09:57:36.451,0.7843,0.7844,0.20,0.60
2008.03.26 09:57:36.784,0.7843,0.7844,0.20,0.60
2008.03.26 09:57:37.117,0.7843,0.7844,0.20,0.60
2008.03.26 09:57:37.354,0.7843,0.7844,0.20,0.60
2008.03.26 09:57:37.589,0.7843,0.7844,0.20,0.60
2008.03.26 09:57:37.826,0.7843,0.7844,0.20,0.60
2008.03.26 09:57:38.070,0.7843,0.7844,0.20,0.60
2008.03.26 09:57:38.415,0.7843,0.7844,0.20,0.60
2008.03.26 09:57:38.748,0.7843,0.7844,0.20,0.60
2008.03.26 09:57:39.082,0.78435,0.7844,2.40,0.30
2008.03.26 09:57:39.322,0.7843,0.78445,0.60,0.30
2008.03.26 09:57:39.563,0.7843,0.78445,0.60,0.30
2008.03.26 09:57:39.803,0.7843,0.78445,0.60,0.30
2008.03.26 09:57:40.041,0.7843,0.78445,0.60,0.30
2008.03.26 09:57:40.280,0.7843,0.78445,0.60,0.30
2008.03.26 09:57:40.604,0.7843,0.78445,0.60,0.30
2008.03.26 09:57:40.928,0.7843,0.78445,0.60,0.30
2008.03.26 09:57:41.251,0.7843,0.78445,0.60,0.50
2008.03.26 09:57:41.521,0.7843,0.78445,0.60,0.50
2008.03.26 09:57:41.790,0.7843,0.78445,0.40,12.40
2008.03.26 09:57:42.061,0.7843,0.78445,0.40,20.40
2008.03.26 09:57:42.336,0.7843,0.78445,0.60,22.60
2008.03.26 09:57:42.612,0.7843,0.7844,0.40,0.30
2008.03.26 09:57:42.886,0.7843,0.7844,0.40,0.30
2008.03.26 09:57:43.159,0.7843,0.7844,0.40,0.30
2008.03.26 09:57:43.458,0.7843,0.7844,0.40,0.30
2008.03.26 09:57:43.758,0.7843,0.7844,0.40,0.30
2008.03.26 09:57:44.059,0.7843,0.7844,0.40,0.30
2008.03.26 09:57:44.305,0.7843,0.7844,0.60,0.30
2008.03.26 09:57:44.550,0.7843,0.7844,0.60,0.30
2008.03.26 09:57:44.805,0.7843,0.7844,0.60,0.30
2008.03.26 09:57:45.038,0.78435,0.7844,0.20,0.30
2008.03.26 09:57:45.284,0.78435,0.7844,0.20,0.30
2008.03.26 09:57:45.594,0.78435,0.7844,0.20,0.30
2008.03.26 09:57:45.903,0.78435,0.7844,2.50,0.30
2008.03.26 09:57:46.213,0.78435,0.78445,2.50,0.30
2008.03.26 09:57:46.502,0.78435,0.7845,2.50,8.60
2008.03.26 09:57:46.790,0.78435,0.7845,2.50,8.60
2008.03.26 09:57:47.081,0.78435,0.7845,0.20,8.60
2008.03.26 09:57:47.370,0.78435,0.7845,0.20,8.40
2008.03.26 09:57:47.630,0.78435,0.7845,0.20,8.40
2008.03.26 09:57:47.889,0.7844,0.7845,0.20,8.40
2008.03.26 09:57:48.149,0.7844,0.7845,0.20,8.40
2008.03.26 09:57:48.409,0.7844,0.7845,0.40,8.20
2008.03.26 09:57:48.715,0.7844,0.7845,0.60,8.20
2008.03.26 09:57:49.024,0.7844,0.7845,0.60,0.30
2008.03.26 09:57:49.329,0.78445,0.7845,0.20,0.30
2008.03.26 09:57:49.583,0.7844,0.7845,0.40,0.30
2008.03.26 09:57:49.844,0.7844,0.7845,0.40,0.30
2008.03.26 09:57:50.109,0.7844,0.7845,0.40,0.30
2008.03.26 09:57:50.354,0.7844,0.7845,0.20,8.40
2008.03.26 09:57:50.643,0.7844,0.7845,0.20,8.20
2008.03.26 09:57:50.933,0.78445,0.78455,0.20,0.80
2008.03.26 09:57:51.233,0.78445,0.78455,0.20,0.90
2008.03.26 09:57:51.517,0.7844,0.7845,1.40,0.30
2008.03.26 09:57:51.852,0.7845,0.78455,0.20,2.40
2008.03.26 09:57:52.187,0.7845,0.7846,0.20,0.60
2008.03.26 09:57:52.519,0.7845,0.7846,0.20,0.60
2008.03.26 09:57:52.739,0.7845,0.7846,0.20,0.60
2008.03.26 09:57:52.959,0.78445,0.7846,0.20,8.60
2008.03.26 09:57:53.179,0.78445,0.7846,0.20,8.60
2008.03.26 09:57:53.398,0.78445,0.7846,0.20,8.60
2008.03.26 09:57:53.732,0.78445,0.7846,0.20,8.60
2008.03.26 09:57:54.067,0.78445,0.7846,0.20,9.40
2008.03.26 09:57:54.403,0.78445,0.78455,0.20,20.00
2008.03.26 09:57:54.638,0.78445,0.78455,0.20,20.80
2008.03.26 09:57:54.872,0.78445,0.78455,0.20,20.80
2008.03.26 09:57:55.105,0.78445,0.78455,0.20,20.80
2008.03.26 09:57:55.339,0.78445,0.78455,0.20,20.80
2008.03.26 09:57:55.573,0.78445,0.78455,0.20,20.80
2008.03.26 09:57:55.877,0.78445,0.78455,0.20,20.80
2008.03.26 09:57:56.180,0.78445,0.78455,0.20,20.80
2008.03.26 09:57:56.485,0.78445,0.78455,0.20,20.80
2008.03.26 09:57:56.775,0.7845,0.78455,0.20,20.80
2008.03.26 09:57:57.065,0.7845,0.78455,0.20,0.40
2008.03.26 09:57:57.354,0.7845,0.7846,0.40,0.30
2008.03.26 09:57:57.644,0.7845,0.7846,0.40,0.30
2008.03.26 09:57:57.889,0.7845,0.7846,0.40,0.30
2008.03.26 09:57:58.134,0.7845,0.7846,0.40,0.30
2008.03.26 09:57:58.379,0.7845,0.7846,0.40,0.30
2008.03.26 09:57:58.624,0.7845,0.7846,0.40,0.30
2008.03.26 09:57:58.897,0.7845,0.7846,0.40,0.30
2008.03.26 09:57:59.172,0.7845,0.7846,0.40,0.30
2008.03.26 09:57:59.456,0.7845,0.7846,0.40,0.30
2008.03.26 09:57:59.729,0.7845,0.7846,0.40,0.30
2008.03.26 09:57:59.983,0.7845,0.7846,0.40,0.30
2008.03.26 09:58:00.236,0.7845,0.7846,0.40,0.30
2008.03.26 09:58:00.489,0.7845,0.7846,0.40,0.30
2008.03.26 09:58:00.742,0.7845,0.7846,0.40,0.30
2008.03.26 09:58:01.025,0.7845,0.7846,0.40,0.30
2008.03.26 09:58:01.315,0.7845,0.7846,0.40,0.30
2008.03.26 09:58:01.600,0.7845,0.7846,0.40,0.30
2008.03.26 09:58:01.895,0.7845,0.7846,0.40,0.30
2008.03.26 09:58:02.192,0.7845,0.7846,0.40,0.30
2008.03.26 09:58:02.502,0.7845,0.7846,0.40,0.30
2008.03.26 09:58:02.800,0.7845,0.7846,0.40,0.30
2008.03.26 09:58:03.099,0.7845,0.7846,0.40,0.30
2008.03.26 09:58:03.374,0.7845,0.7846,0.60,0.30
2008.03.26 09:58:03.649,0.78455,0.78465,2.40,0.30
2008.03.26 09:58:03.925,0.7845,0.78465,0.60,0.30
2008.03.26 09:58:04.218,0.7845,0.78465,0.60,0.30
2008.03.26 09:58:04.509,0.78455,0.78465,3.50,0.30
2008.03.26 09:58:04.800,0.7845,0.78465,0.60,0.30
2008.03.26 09:58:05.092,0.7845,0.78465,0.60,20.40
2008.03.26 09:58:05.381,0.7845,0.78465,0.60,20.40
2008.03.26 09:58:05.671,0.7845,0.78465,0.60,20.40
2008.03.26 09:58:05.961,0.7845,0.7846,0.40,0.30
2008.03.26 09:58:06.258,0.7845,0.7846,0.40,0.30
2008.03.26 09:58:06.552,0.7845,0.7846,0.40,0.30
2008.03.26 09:58:06.857,0.7845,0.7846,0.40,0.30
2008.03.26 09:58:07.129,0.7845,0.78465,0.40,22.50
2008.03.26 09:58:07.398,0.7845,0.78465,0.40,22.50
2008.03.26 09:58:07.668,0.78455,0.78465,0.20,22.40
2008.03.26 09:58:07.947,0.78455,0.78465,0.20,22.40
2008.03.26 09:58:08.236,0.78455,0.78465,0.20,22.40
2008.03.26 09:58:08.522,0.78455,0.78465,0.20,22.40
2008.03.26 09:58:08.805,0.78455,0.78465,0.20,22.50
2008.03.26 09:58:09.088,0.7845,0.78465,0.40,22.50
2008.03.26 09:58:09.356,0.7845,0.78465,0.40,22.50
2008.03.26 09:58:09.626,0.78455,0.78465,0.20,22.50
2008.03.26 09:58:09.895,0.78455,0.78465,0.20,22.40
2008.03.26 09:58:10.193,0.78455,0.78465,0.20,22.50
2008.03.26 09:58:10.492,0.78455,0.78465,0.20,22.50
2008.03.26 09:58:10.791,0.78455,0.78465,0.20,22.50
2008.03.26 09:58:11.090,0.78455,0.78465,0.20,22.50
2008.03.26 09:58:11.390,0.78455,0.78465,0.20,22.50
2008.03.26 09:58:11.689,0.78455,0.78465,0.20,22.50
2008.03.26 09:58:11.988,0.78455,0.78465,0.20,22.50
2008.03.26 09:58:12.242,0.78455,0.78465,0.20,22.50
2008.03.26 09:58:12.496,0.78455,0.78465,0.20,22.50
2008.03.26 09:58:12.750,0.78455,0.78465,0.20,22.50
2008.03.26 09:58:13.004,0.78455,0.78465,0.20,22.50
2008.03.26 09:58:13.284,0.78455,0.78465,0.20,22.50
2008.03.26 09:58:13.564,0.78455,0.78465,0.20,22.50
2008.03.26 09:58:13.844,0.78455,0.78465,0.20,22.50
2008.03.26 09:58:14.123,0.78455,0.78465,0.20,22.50
2008.03.26 09:58:14.397,0.78455,0.78465,0.20,22.50
2008.03.26 09:58:14.663,0.78455,0.78465,0.20,22.50
2008.03.26 09:58:14.928,0.78455,0.78465,0.20,22.50
2008.03.26 09:58:15.191,0.78455,0.78465,0.20,22.50
2008.03.26 09:58:15.490,0.78455,0.78465,0.20,22.50
2008.03.26 09:58:15.788,0.78455,0.78465,0.20,22.50
2008.03.26 09:58:16.077,0.78455,0.78465,0.20,22.50
2008.03.26 09:58:16.372,0.7845,0.78465,0.40,22.50
2008.03.26 09:58:16.667,0.7845,0.78465,0.40,22.50
2008.03.26 09:58:16.961,0.7845,0.78465,0.60,22.50
2008.03.26 09:58:17.257,0.7845,0.78465,0.60,22.50
2008.03.26 09:58:17.510,0.7845,0.78465,0.60,22.50
2008.03.26 09:58:17.764,0.7845,0.78465,0.60,22.40
2008.03.26 09:58:18.021,0.78455,0.7846,0.20,0.30
2008.03.26 09:58:18.274,0.7845,0.7846,0.40,0.30
2008.03.26 09:58:18.575,0.7845,0.7846,0.40,0.30
2008.03.26 09:58:18.874,0.7845,0.7846,0.40,0.30
2008.03.26 09:58:19.174,0.7845,0.7846,0.40,0.30
2008.03.26 09:58:19.428,0.7845,0.7846,0.40,0.30
2008.03.26 09:58:19.682,0.7845,0.7846,0.40,0.30
2008.03.26 09:58:19.936,0.7845,0.7846,0.40,0.30
2008.03.26 09:58:20.199,0.7845,0.7846,0.40,0.30
2008.03.26 09:58:20.487,0.7845,0.7846,0.40,0.30
2008.03.26 09:58:20.776,0.7845,0.7846,0.40,0.30
2008.03.26 09:58:21.065,0.7845,0.7846,0.40,0.30
2008.03.26 09:58:21.351,0.7845,0.7846,0.40,0.30
2008.03.26 09:58:21.637,0.7845,0.7846,0.40,0.30
2008.03.26 09:58:21.921,0.7845,0.7846,0.60,0.30
2008.03.26 09:58:22.206,0.7845,0.7846,0.60,0.30
2008.03.26 09:58:22.461,0.7846,0.78465,0.20,22.40
2008.03.26 09:58:22.715,0.7846,0.78465,0.20,22.40
2008.03.26 09:58:22.969,0.7846,0.78465,0.20,22.40
2008.03.26 09:58:23.224,0.7846,0.78465,0.20,22.40
2008.03.26 09:58:23.524,0.7846,0.78465,0.20,22.40
2008.03.26 09:58:23.822,0.7846,0.78465,0.20,22.40
2008.03.26 09:58:24.133,0.78455,0.78465,0.20,22.40
2008.03.26 09:58:24.404,0.78455,0.78465,0.20,22.50
2008.03.26 09:58:24.653,0.78455,0.78465,0.20,22.50
2008.03.26 09:58:24.913,0.78455,0.78465,0.20,22.50
2008.03.26 09:58:25.172,0.78455,0.78465,0.20,22.50
2008.03.26 09:58:25.457,0.78455,0.7846,0.20,0.30
2008.03.26 09:58:25.741,0.78455,0.7846,0.20,0.30
2008.03.26 09:58:26.026,0.7845,0.7846,0.40,0.30
2008.03.26 09:58:26.311,0.7845,0.7846,0.40,0.30
2008.03.26 09:58:26.594,0.7845,0.7846,0.40,0.30
2008.03.26 09:58:26.879,0.7845,0.7846,0.40,0.30
2008.03.26 09:58:27.162,0.7845,0.7846,0.60,0.30
2008.03.26 09:58:27.453,0.7845,0.7846,0.40,0.30
2008.03.26 09:58:27.707,0.7845,0.7846,0.40,0.30
2008.03.26 09:58:27.964,0.78455,0.78465,0.20,0.10
2008.03.26 09:58:28.219,0.78455,0.78465,0.20,0.80
2008.03.26 09:58:28.474,0.78455,0.78465,0.20,23.20
2008.03.26 09:58:28.765,0.78455,0.78465,0.20,22.40
2008.03.26 09:58:29.035,0.78455,0.7847,0.60,9.00
2008.03.26 09:58:29.315,0.78455,0.78465,0.60,0.30
2008.03.26 09:58:29.596,0.7845,0.78465,0.60,22.60
2008.03.26 09:58:29.876,0.7845,0.78465,0.40,22.80
2008.03.26 09:58:30.156,0.7845,0.7846,0.40,8.20
2008.03.26 09:58:30.435,0.7845,0.7846,0.40,8.20
2008.03.26 09:58:30.711,0.7845,0.7846,0.40,8.20
2008.03.26 09:58:30.988,0.7845,0.78465,0.60,11.40
2008.03.26 09:58:31.262,0.7845,0.78465,0.60,2.60
2008.03.26 09:58:31.537,0.7845,0.78465,0.60,10.60
2008.03.26 09:58:31.816,0.7845,0.78465,0.60,22.60
2008.03.26 09:58:32.094,0.7845,0.78465,0.60,22.60
2008.03.26 09:58:32.380,0.7845,0.7846,0.60,0.30
2008.03.26 09:58:32.660,0.7845,0.7846,0.60,0.30
2008.03.26 09:58:32.949,0.7845,0.7846,0.60,0.30
2008.03.26 09:58:33.239,0.7845,0.78465,0.60,2.80
2008.03.26 09:58:33.529,0.7845,0.78465,0.60,2.80
2008.03.26 09:58:33.775,0.7845,0.7846,0.40,0.30
2008.03.26 09:58:34.019,0.7845,0.7846,0.40,0.30
2008.03.26 09:58:34.263,0.7845,0.7846,0.40,0.30
2008.03.26 09:58:34.506,0.7845,0.7846,0.40,0.30
2008.03.26 09:58:34.831,0.7845,0.7846,0.40,0.60
2008.03.26 09:58:35.154,0.7845,0.7846,0.40,0.60
2008.03.26 09:58:35.478,0.7845,0.7846,0.40,0.30
2008.03.26 09:58:35.717,0.7845,0.7846,0.40,0.30
2008.03.26 09:58:35.957,0.7845,0.7846,0.40,0.30
2008.03.26 09:58:36.197,0.7845,0.7846,0.40,0.30
2008.03.26 09:58:36.437,0.7845,0.7846,0.40,0.30
2008.03.26 09:58:36.676,0.7845,0.7846,0.40,0.30
2008.03.26 09:58:37.016,0.7845,0.7846,0.40,0.30
2008.03.26 09:58:37.355,0.7845,0.7846,0.40,0.30
2008.03.26 09:58:37.694,0.7845,0.7846,0.40,0.30
2008.03.26 09:58:37.908,0.7845,0.7846,0.40,0.30
2008.03.26 09:58:38.134,0.7845,0.7846,0.40,0.30
2008.03.26 09:58:38.359,0.7845,0.7846,0.40,0.50
2008.03.26 09:58:38.585,0.7845,0.7846,0.20,1.40
2008.03.26 09:58:38.904,0.7845,0.7846,0.20,1.20
2008.03.26 09:58:39.224,0.7845,0.7846,0.20,1.20
2008.03.26 09:58:39.544,0.78445,0.7846,5.20,1.40
2008.03.26 09:58:39.863,0.78445,0.7846,5.20,1.40
2008.03.26 09:58:40.113,0.78445,0.7846,4.90,1.40
2008.03.26 09:58:40.361,0.78445,0.7846,4.90,0.60
2008.03.26 09:58:40.611,0.78445,0.7846,4.90,0.60
2008.03.26 09:58:40.896,0.78445,0.7846,4.90,0.60
2008.03.26 09:58:41.180,0.78445,0.7846,0.20,1.40
2008.03.26 09:58:41.473,0.78445,0.7846,0.20,1.40
2008.03.26 09:58:41.757,0.78445,0.7846,0.20,1.40
2008.03.26 09:58:42.052,0.78445,0.7846,0.20,1.40
2008.03.26 09:58:42.345,0.78445,0.7846,0.20,1.40
2008.03.26 09:58:42.642,0.78445,0.7846,0.20,1.40
2008.03.26 09:58:42.936,0.78445,0.7846,0.20,1.40
2008.03.26 09:58:43.196,0.78445,0.7846,0.20,1.40
2008.03.26 09:58:43.465,0.78445,0.7846,0.20,1.40
2008.03.26 09:58:43.724,0.78445,0.7846,0.20,1.40
2008.03.26 09:58:43.998,0.78445,0.7846,0.60,1.20
2008.03.26 09:58:44.267,0.7845,0.7846,0.20,0.30
2008.03.26 09:58:44.536,0.7845,0.7846,0.20,0.30
2008.03.26 09:58:44.814,0.7845,0.7846,0.20,0.30
2008.03.26 09:58:45.093,0.7845,0.7846,0.40,0.30
2008.03.26 09:58:45.360,0.7845,0.7846,0.40,0.30
2008.03.26 09:58:45.637,0.7845,0.7846,0.40,0.30
2008.03.26 09:58:45.899,0.7845,0.7846,0.20,0.50
2008.03.26 09:58:46.175,0.7845,0.7846,0.20,1.20
2008.03.26 09:58:46.449,0.7845,0.7846,0.20,0.80
2008.03.26 09:58:46.725,0.7845,0.7846,0.20,1.00
2008.03.26 09:58:47.000,0.78445,0.7846,0.20,1.40
2008.03.26 09:58:47.314,0.78445,0.7846,0.20,1.40
2008.03.26 09:58:47.628,0.78445,0.7846,0.20,1.40
2008.03.26 09:58:47.945,0.78445,0.7846,0.20,1.40
2008.03.26 09:58:48.156,0.78445,0.7846,0.20,1.40
2008.03.26 09:58:48.365,0.78445,0.7846,0.20,1.40
2008.03.26 09:58:48.574,0.78445,0.7846,0.20,1.40
2008.03.26 09:58:48.783,0.78445,0.7846,0.20,1.40
2008.03.26 09:58:48.993,0.78445,0.7846,0.20,1.40
2008.03.26 09:58:49.330,0.78445,0.7846,0.20,1.40
2008.03.26 09:58:49.666,0.78445,0.78455,0.20,0.50
2008.03.26 09:58:50.000,0.7844,0.7845,0.40,0.30
2008.03.26 09:58:50.210,0.7844,0.7845,0.40,0.30
2008.03.26 09:58:50.428,0.7844,0.7845,0.40,0.30
2008.03.26 09:58:50.653,0.7844,0.7845,0.40,0.30
2008.03.26 09:58:50.870,0.7844,0.7845,0.40,0.30
2008.03.26 09:58:51.081,0.7844,0.7845,0.40,0.30
2008.03.26 09:58:51.417,0.7844,0.7845,0.40,0.30
2008.03.26 09:58:51.751,0.7844,0.7845,0.20,0.60
2008.03.26 09:58:52.086,0.7844,0.7845,0.20,0.60
2008.03.26 09:58:52.294,0.7844,0.7845,0.20,0.60
2008.03.26 09:58:52.502,0.7844,0.7845,0.20,0.60
2008.03.26 09:58:52.713,0.7844,0.7845,0.20,0.60
2008.03.26 09:58:52.922,0.7844,0.7845,0.20,0.60
2008.03.26 09:58:53.133,0.7844,0.7845,0.20,0.60
2008.03.26 09:58:53.468,0.7844,0.78455,0.40,14.80
2008.03.26 09:58:53.804,0.7844,0.78455,0.40,3.60
2008.03.26 09:58:54.141,0.7844,0.7845,0.40,0.30
2008.03.26 09:58:54.366,0.7844,0.7845,0.40,0.50
2008.03.26 09:58:54.591,0.78435,0.7845,0.20,0.50
2008.03.26 09:58:54.815,0.78435,0.78445,0.20,0.20
2008.03.26 09:58:55.038,0.78435,0.78445,0.20,2.50
2008.03.26 09:58:55.264,0.78435,0.78445,0.20,2.50
2008.03.26 09:58:55.599,0.78435,0.78445,0.20,0.20
2008.03.26 09:58:55.934,0.78435,0.7845,0.20,1.40
2008.03.26 09:58:56.270,0.78435,0.7845,0.20,1.40
2008.03.26 09:58:56.529,0.7844,0.7845,0.20,1.20
2008.03.26 09:58:56.788,0.7844,0.7845,0.20,0.50
2008.03.26 09:58:57.047,0.7844,0.7845,0.20,0.50
2008.03.26 09:58:57.307,0.7844,0.7845,0.20,0.50
2008.03.26 09:58:57.597,0.7844,0.78455,0.20,6.80
2008.03.26 09:58:57.887,0.7844,0.78455,0.20,6.80
2008.03.26 09:58:58.175,0.7844,0.78455,0.20,6.80
2008.03.26 09:58:58.404,0.7844,0.78455,0.20,6.80
2008.03.26 09:58:58.634,0.7844,0.78455,0.20,4.40
2008.03.26 09:58:58.862,0.7844,0.78455,0.20,4.40
2008.03.26 09:58:59.090,0.7844,0.78455,0.20,4.40
2008.03.26 09:58:59.424,0.7844,0.78455,0.20,4.40
2008.03.26 09:58:59.759,0.7844,0.78455,0.20,4.40
2008.03.26 09:59:00.093,0.7844,0.7845,0.20,0.20
2008.03.26 09:59:00.328,0.7844,0.7845,0.20,0.20
2008.03.26 09:59:00.563,0.7844,0.7845,0.20,0.20
2008.03.26 09:59:00.797,0.7844,0.7845,0.20,0.20
2008.03.26 09:59:01.032,0.7844,0.78455,0.40,0.50
2008.03.26 09:59:01.266,0.7844,0.78455,0.40,0.50
2008.03.26 09:59:01.580,0.7844,0.78455,0.40,0.50
2008.03.26 09:59:01.893,0.7844,0.78455,0.40,0.50
2008.03.26 09:59:02.207,0.7844,0.78455,0.40,0.50
2008.03.26 09:59:02.524,0.7845,0.7846,0.60,0.60
2008.03.26 09:59:02.799,0.7845,0.7846,0.60,0.60
2008.03.26 09:59:03.074,0.7845,0.7846,0.60,0.30
2008.03.26 09:59:03.347,0.7845,0.78455,0.40,0.20
2008.03.26 09:59:03.612,0.7844,0.78445,1.20,0.80
2008.03.26 09:59:03.868,0.7844,0.78445,1.20,0.80
2008.03.26 09:59:04.127,0.78445,0.78455,0.20,1.80
2008.03.26 09:59:04.387,0.78445,0.7846,0.20,0.60
2008.03.26 09:59:04.689,0.78445,0.78455,0.20,0.20
2008.03.26 09:59:04.989,0.78445,0.78455,0.20,0.20
2008.03.26 09:59:05.290,0.7844,0.78455,0.20,2.00
2008.03.26 09:59:05.568,0.7844,0.78455,0.20,6.00
2008.03.26 09:59:05.855,0.7844,0.78455,0.20,6.00
2008.03.26 09:59:06.132,0.7844,0.78455,0.20,6.70
2008.03.26 09:59:06.416,0.7844,0.78455,0.20,5.10
2008.03.26 09:59:06.679,0.7844,0.78455,0.20,5.90
2008.03.26 09:59:06.947,0.7844,0.78455,0.60,3.40
2008.03.26 09:59:07.213,0.7844,0.78455,0.60,1.80
2008.03.26 09:59:07.476,0.7844,0.78455,0.60,1.80
2008.03.26 09:59:07.781,0.7844,0.78455,0.60,1.80
2008.03.26 09:59:08.092,0.7844,0.78455,0.60,1.80
2008.03.26 09:59:08.397,0.7844,0.78455,0.60,1.80
2008.03.26 09:59:08.651,0.7844,0.78455,0.60,1.80
2008.03.26 09:59:08.904,0.7844,0.78455,0.60,1.80
2008.03.26 09:59:09.158,0.7844,0.78455,0.60,1.80
2008.03.26 09:59:09.412,0.7844,0.78455,0.60,1.80
2008.03.26 09:59:09.665,0.7844,0.78455,0.60,1.80
2008.03.26 09:59:09.938,0.7844,0.78455,0.60,0.30
2008.03.26 09:59:10.213,0.7844,0.78455,0.60,0.30
2008.03.26 09:59:10.487,0.7844,0.78455,0.60,0.30
2008.03.26 09:59:10.740,0.7844,0.78455,0.60,0.30
2008.03.26 09:59:10.994,0.7844,0.78455,0.60,0.30
2008.03.26 09:59:11.248,0.7844,0.78455,0.60,0.30
2008.03.26 09:59:11.502,0.7844,0.78455,0.60,0.30
2008.03.26 09:59:11.828,0.7844,0.78455,0.60,0.30
2008.03.26 09:59:12.164,0.7844,0.78455,0.60,0.30
2008.03.26 09:59:12.487,0.7844,0.78455,0.60,0.30
2008.03.26 09:59:12.737,0.7844,0.78455,0.60,0.30
2008.03.26 09:59:12.994,0.7844,0.78455,0.60,0.30
2008.03.26 09:59:13.243,0.7844,0.78455,0.60,0.30
2008.03.26 09:59:13.492,0.7844,0.78455,0.60,0.30
2008.03.26 09:59:13.796,0.7844,0.78455,0.60,0.30
2008.03.26 09:59:14.101,0.7844,0.78455,0.60,0.30
2008.03.26 09:59:14.393,0.7844,0.78455,0.60,0.30
2008.03.26 09:59:14.686,0.7844,0.78455,0.60,0.30
2008.03.26 09:59:14.962,0.7844,0.78455,0.60,0.30
2008.03.26 09:59:15.235,0.7844,0.78455,0.60,0.30
2008.03.26 09:59:15.508,0.7844,0.78455,0.60,0.30
2008.03.26 09:59:15.747,0.7844,0.78455,0.60,0.30
2008.03.26 09:59:15.986,0.7844,0.78455,0.60,0.30
2008.03.26 09:59:16.223,0.7844,0.78455,0.60,0.30
2008.03.26 09:59:16.465,0.7844,0.7845,0.40,0.30
2008.03.26 09:59:16.706,0.7844,0.7845,0.40,0.30
2008.03.26 09:59:17.040,0.7844,0.7845,0.40,0.30
2008.03.26 09:59:17.376,0.7844,0.7845,0.60,0.30
2008.03.26 09:59:17.711,0.7844,0.78455,0.60,0.30
2008.03.26 09:59:17.938,0.7844,0.78455,0.60,0.30
2008.03.26 09:59:18.151,0.7844,0.78455,0.60,0.30
2008.03.26 09:59:18.365,0.7844,0.78455,0.60,0.30
2008.03.26 09:59:18.581,0.7844,0.78455,0.60,0.30
2008.03.26 09:59:18.905,0.7844,0.78455,0.60,0.30
2008.03.26 09:59:19.229,0.7844,0.7845,0.60,0.30
2008.03.26 09:59:19.554,0.78435,0.7845,4.40,0.30
2008.03.26 09:59:19.882,0.7844,0.7845,0.20,0.30
2008.03.26 09:59:20.133,0.7844,0.7845,0.20,0.60
2008.03.26 09:59:20.379,0.7844,0.7845,0.20,0.60
2008.03.26 09:59:20.636,0.78435,0.7845,0.20,0.60
2008.03.26 09:59:20.939,0.78435,0.7845,0.20,0.60
2008.03.26 09:59:21.246,0.7843,0.78445,0.60,0.30
2008.03.26 09:59:21.553,0.7843,0.78445,0.60,0.30
2008.03.26 09:59:21.859,0.7843,0.78445,0.60,0.30
2008.03.26 09:59:22.186,0.7843,0.7844,0.40,0.30
2008.03.26 09:59:22.512,0.7843,0.7844,0.20,0.30
2008.03.26 09:59:22.836,0.7843,0.7844,0.20,0.30
2008.03.26 09:59:23.056,0.7843,0.7844,0.20,0.30
2008.03.26 09:59:23.273,0.7843,0.7844,0.20,0.30
2008.03.26 09:59:23.494,0.78425,0.7844,4.40,0.30
2008.03.26 09:59:23.713,0.78425,0.7844,4.40,0.30
2008.03.26 09:59:24.016,0.78425,0.7844,2.00,0.30
2008.03.26 09:59:24.315,0.78425,0.7844,0.60,0.30
2008.03.26 09:59:24.614,0.78425,0.7844,0.60,0.30
2008.03.26 09:59:24.915,0.78425,0.7844,0.60,0.30
2008.03.26 09:59:25.185,0.7843,0.7844,0.20,0.60
2008.03.26 09:59:25.454,0.7843,0.7844,0.20,0.60
2008.03.26 09:59:25.726,0.7843,0.7844,0.20,0.60
2008.03.26 09:59:25.960,0.7843,0.7844,0.20,0.60
2008.03.26 09:59:26.202,0.7843,0.7844,0.20,0.60
2008.03.26 09:59:26.426,0.7843,0.7844,0.20,0.60
2008.03.26 09:59:26.661,0.7843,0.7844,0.20,0.60
2008.03.26 09:59:26.895,0.7843,0.7844,0.20,0.60
2008.03.26 09:59:27.231,0.78425,0.7844,0.20,0.60
2008.03.26 09:59:27.565,0.78425,0.7844,0.20,0.60
2008.03.26 09:59:27.899,0.78425,0.7844,0.20,0.60
2008.03.26 09:59:28.138,0.78425,0.78435,0.20,0.30
2008.03.26 09:59:28.377,0.78425,0.78435,0.20,0.30
2008.03.26 09:59:28.615,0.78425,0.78435,0.20,0.30
2008.03.26 09:59:28.865,0.78425,0.78435,0.20,0.30
2008.03.26 09:59:29.189,0.7842,0.78435,4.60,0.30
2008.03.26 09:59:29.515,0.7842,0.78435,0.60,0.30
2008.03.26 09:59:29.840,0.7842,0.78435,0.60,0.30
2008.03.26 09:59:30.080,0.7842,0.78435,4.60,0.30
2008.03.26 09:59:30.318,0.7842,0.78435,4.60,0.30
2008.03.26 09:59:30.557,0.7842,0.78435,4.60,0.30
2008.03.26 09:59:30.795,0.7842,0.78435,4.60,0.30
2008.03.26 09:59:31.034,0.7842,0.78435,4.60,0.30
2008.03.26 09:59:31.358,0.7842,0.78435,4.60,0.30
2008.03.26 09:59:31.682,0.7842,0.78435,0.60,0.30
2008.03.26 09:59:32.006,0.7842,0.78435,0.60,0.30
2008.03.26 09:59:32.285,0.7842,0.78435,0.60,2.60
2008.03.26 09:59:32.564,0.7842,0.78435,0.40,2.80
2008.03.26 09:59:32.843,0.7842,0.78435,0.40,2.80
2008.03.26 09:59:33.122,0.7842,0.7843,0.40,0.30
2008.03.26 09:59:33.406,0.7842,0.7843,0.40,0.30
2008.03.26 09:59:33.697,0.7842,0.7843,0.40,0.30
2008.03.26 09:59:33.991,0.7842,0.7843,0.40,0.30
2008.03.26 09:59:34.270,0.7842,0.7843,0.40,0.30
2008.03.26 09:59:34.539,0.7842,0.7843,0.40,0.30
2008.03.26 09:59:34.808,0.7842,0.7843,0.40,0.30
2008.03.26 09:59:35.079,0.7842,0.7843,0.20,0.30
2008.03.26 09:59:35.365,0.7842,0.7843,0.20,0.30
2008.03.26 09:59:35.660,0.7842,0.7843,0.20,0.60
2008.03.26 09:59:35.954,0.7842,0.7843,0.20,0.60
2008.03.26 09:59:36.267,0.7842,0.7843,0.20,0.60
2008.03.26 09:59:36.582,0.7842,0.7843,0.20,0.60
2008.03.26 09:59:36.896,0.7842,0.7843,0.20,0.60
2008.03.26 09:59:37.209,0.7842,0.7843,0.20,0.60
2008.03.26 09:59:37.454,0.78415,0.7843,6.80,0.60
2008.03.26 09:59:37.697,0.78415,0.7843,4.40,0.60
2008.03.26 09:59:37.943,0.7842,0.7843,0.20,0.60
2008.03.26 09:59:38.187,0.7842,0.7843,0.20,0.60
2008.03.26 09:59:38.517,0.7842,0.7843,0.20,0.60
2008.03.26 09:59:38.850,0.7842,0.7843,0.20,0.60
2008.03.26 09:59:39.178,0.7842,0.7843,0.20,0.60
2008.03.26 09:59:39.422,0.7842,0.7843,0.20,0.60
2008.03.26 09:59:39.666,0.7842,0.7843,0.20,0.60
2008.03.26 09:59:39.911,0.7842,0.7843,0.20,0.60
2008.03.26 09:59:40.155,0.7842,0.7843,0.20,0.60
2008.03.26 09:59:40.475,0.78415,0.7843,0.20,0.60
2008.03.26 09:59:40.795,0.78415,0.7843,0.20,0.60
2008.03.26 09:59:41.115,0.78415,0.7843,0.20,0.60
2008.03.26 09:59:41.385,0.78415,0.7843,0.20,0.60
2008.03.26 09:59:41.656,0.78415,0.7843,0.20,0.60
2008.03.26 09:59:41.925,0.78415,0.7843,0.20,0.60
2008.03.26 09:59:42.196,0.78415,0.7843,0.20,0.60
2008.03.26 09:59:42.465,0.78415,0.7843,0.20,0.60
2008.03.26 09:59:42.735,0.78415,0.7843,0.20,0.60
2008.03.26 09:59:43.005,0.78415,0.7843,0.20,0.60
2008.03.26 09:59:43.283,0.78415,0.7843,0.20,0.60
2008.03.26 09:59:43.585,0.7842,0.7843,0.20,0.60
2008.03.26 09:59:43.886,0.7842,0.7843,0.20,0.60
2008.03.26 09:59:44.187,0.7842,0.7843,0.20,0.60
2008.03.26 09:59:44.473,0.7842,0.7843,0.20,0.60
2008.03.26 09:59:44.749,0.7842,0.7843,0.20,0.60
2008.03.26 09:59:45.023,0.7842,0.7843,0.20,0.60
2008.03.26 09:59:45.298,0.7842,0.7843,0.20,0.60
2008.03.26 09:59:45.584,0.7842,0.7843,0.20,0.30
2008.03.26 09:59:45.869,0.7842,0.7843,0.20,0.30
2008.03.26 09:59:46.155,0.7842,0.7843,0.20,0.30
2008.03.26 09:59:46.439,0.7842,0.7843,0.20,0.30
2008.03.26 09:59:46.746,0.7842,0.7843,0.20,0.30
2008.03.26 09:59:47.047,0.7842,0.7843,0.20,0.30
2008.03.26 09:59:47.354,0.7842,0.7843,0.20,0.30
2008.03.26 09:59:47.602,0.78415,0.7843,0.20,0.30
2008.03.26 09:59:47.848,0.78415,0.7843,0.20,0.30
2008.03.26 09:59:48.095,0.78415,0.7843,0.20,0.30
2008.03.26 09:59:48.351,0.78415,0.7843,0.20,0.30
2008.03.26 09:59:48.674,0.78415,0.7843,0.20,0.30
2008.03.26 09:59:49.005,0.78415,0.7843,0.20,0.30
2008.03.26 09:59:49.326,0.78415,0.7843,4.10,0.30
2008.03.26 09:59:49.592,0.78415,0.7843,0.20,0.30
2008.03.26 09:59:49.844,0.78415,0.7843,0.20,0.30
2008.03.26 09:59:50.092,0.78415,0.7843,0.20,0.30
2008.03.26 09:59:50.331,0.78415,0.7843,0.20,0.30
2008.03.26 09:59:50.637,0.7842,0.78435,0.20,0.30
2008.03.26 09:59:50.957,0.7842,0.78435,0.20,0.30
2008.03.26 09:59:51.261,0.7842,0.78435,0.20,0.30
2008.03.26 09:59:51.564,0.7842,0.78435,0.20,0.30
2008.03.26 09:59:51.879,0.7842,0.78435,0.20,0.30
2008.03.26 09:59:52.194,0.78425,0.78435,0.20,0.30
2008.03.26 09:59:52.509,0.78425,0.78435,0.20,0.30
2008.03.26 09:59:52.754,0.7842,0.78435,0.20,0.30
2008.03.26 09:59:52.999,0.7842,0.78435,0.20,0.30
2008.03.26 09:59:53.244,0.7842,0.78435,0.20,0.30
2008.03.26 09:59:53.488,0.7842,0.78435,0.20,0.30
2008.03.26 09:59:53.798,0.7842,0.78435,0.20,0.30
2008.03.26 09:59:54.107,0.7842,0.78435,0.20,0.30
2008.03.26 09:59:54.417,0.7842,0.78435,0.20,0.30
2008.03.26 09:59:54.637,0.7842,0.78435,0.20,0.30
2008.03.26 09:59:54.866,0.7842,0.78435,0.20,0.30
2008.03.26 09:59:55.074,0.7842,0.78435,0.20,0.30
2008.03.26 09:59:55.293,0.7842,0.78435,0.20,0.30
2008.03.26 09:59:55.511,0.7842,0.78435,0.20,0.30
2008.03.26 09:59:55.842,0.7842,0.78435,0.20,0.30
2008.03.26 09:59:56.173,0.7842,0.78435,0.20,0.30
2008.03.26 09:59:56.503,0.7842,0.78435,0.20,0.30
2008.03.26 09:59:56.767,0.7842,0.78435,0.20,0.30
2008.03.26 09:59:57.031,0.7842,0.78435,0.20,0.30
2008.03.26 09:59:57.295,0.7842,0.78435,0.20,0.30
2008.03.26 09:59:57.561,0.7842,0.78435,0.20,0.30
2008.03.26 09:59:57.846,0.7842,0.78435,0.20,1.00
2008.03.26 09:59:58.132,0.7842,0.78435,0.20,0.30
2008.03.26 09:59:58.416,0.7842,0.78435,0.20,0.30
2008.03.26 09:59:58.700,0.7842,0.78435,0.20,0.30
2008.03.26 09:59:58.989,0.7842,0.78435,0.20,0.30
2008.03.26 09:59:59.278,0.7842,0.78435,0.20,0.30
2008.03.26 09:59:59.570,0.7842,0.78435,0.20,2.60
2008.03.26 09:59:59.859,0.78415,0.7843,4.10,0.30
