2015.10.27 04:00:01.864,0.72066,0.72077,1.37,1.50
2015.10.27 04:00:03.731,0.72066,0.72075,1.87,1.00
2015.10.27 04:00:08.267,0.72066,0.72075,1.37,1.00
2015.10.27 04:00:17.109,0.72065,0.72075,1.87,1.00
2015.10.27 04:00:17.417,0.72065,0.72075,1.87,1.00
2015.10.27 04:00:18.912,0.72065,0.72075,1.87,1.00
2015.10.27 04:00:19.896,0.72065,0.72075,1.87,1.00
2015.10.27 04:00:20.679,0.72065,0.72076,1.37,1.00
2015.10.27 04:00:31.821,0.72065,0.72076,1.37,1.00
2015.10.27 04:00:33.819,0.72066,0.72076,1.37,1.00
2015.10.27 04:00:46.811,0.72066,0.72076,1.12,1.50
2015.10.27 04:00:47.817,0.72066,0.72076,1.37,1.50
2015.10.27 04:00:48.814,0.72066,0.72076,1.12,1.50
2015.10.27 04:00:49.938,0.72065,0.72076,1.87,1.50
2015.10.27 04:00:50.935,0.72065,0.72076,1.87,1.50
2015.10.27 04:00:54.955,0.72065,0.72076,1.37,1.50
2015.10.27 04:00:56.866,0.72065,0.72076,1.37,1.50
2015.10.27 04:01:00.565,0.72065,0.72076,1.37,1.50
2015.10.27 04:01:02.396,0.72065,0.72076,1.37,1.00
2015.10.27 04:01:05.068,0.72065,0.72076,1.37,1.00
2015.10.27 04:01:09.041,0.72066,0.72076,1.87,1.00
2015.10.27 04:01:17.747,0.72067,0.72077,1.87,1.50
2015.10.27 04:01:18.292,0.72067,0.72077,1.87,1.50
2015.10.27 04:01:18.801,0.72068,0.72077,1.12,1.50
2015.10.27 04:01:19.353,0.72068,0.72077,1.37,1.50
2015.10.27 04:01:20.648,0.72068,0.72076,1.87,1.00
2015.10.27 04:01:21.756,0.72066,0.72076,1.87,1.00
2015.10.27 04:01:26.166,0.72067,0.72076,1.37,1.00
2015.10.27 04:01:36.219,0.72067,0.72076,1.87,1.00
2015.10.27 04:01:38.562,0.72069,0.72076,1.00,1.00
2015.10.27 04:01:39.071,0.72067,0.72076,1.37,1.00
2015.10.27 04:01:40.487,0.72068,0.72076,1.37,1.00
2015.10.27 04:01:40.997,0.72068,0.72077,1.37,1.00
2015.10.27 04:01:46.223,0.72067,0.72077,1.37,1.00
2015.10.27 04:01:47.502,0.72067,0.72075,1.37,1.00
2015.10.27 04:01:56.695,0.72065,0.72075,3.37,1.00
2015.10.27 04:01:57.264,0.72065,0.72075,3.37,1.00
2015.10.27 04:01:58.528,0.72065,0.72075,3.37,1.00
2015.10.27 04:01:59.255,0.72066,0.72075,1.37,1.00
2015.10.27 04:02:03.288,0.72065,0.72075,2.62,1.00
2015.10.27 04:02:07.413,0.72065,0.72075,1.87,1.00
2015.10.27 04:02:08.284,0.72065,0.72075,1.87,1.00
2015.10.27 04:02:09.669,0.72066,0.72075,1.12,1.00
2015.10.27 04:02:10.280,0.72066,0.72075,1.37,1.00
2015.10.27 04:02:10.798,0.72065,0.72075,1.37,1.00
2015.10.27 04:02:12.088,0.72065,0.72075,1.87,1.00
2015.10.27 04:02:12.292,0.72065,0.72075,1.12,1.00
2015.10.27 04:02:14.286,0.72065,0.72075,1.37,1.12
2015.10.27 04:02:25.948,0.72064,0.72074,1.37,1.00
2015.10.27 04:02:26.704,0.72062,0.72074,1.87,1.50
2015.10.27 04:02:27.318,0.72063,0.72074,1.37,1.50
2015.10.27 04:02:31.313,0.72063,0.72074,1.37,1.00
2015.10.27 04:02:32.334,0.72063,0.72074,1.50,1.00
2015.10.27 04:02:43.373,0.72063,0.72074,1.37,1.00
2015.10.27 04:02:47.262,0.72063,0.72074,1.37,1.00
2015.10.27 04:02:48.392,0.72063,0.72074,1.37,1.00
2015.10.27 04:02:51.447,0.72063,0.72074,1.37,1.00
2015.10.27 04:02:53.501,0.72064,0.72074,1.37,1.50
2015.10.27 04:02:56.224,0.72062,0.72073,1.37,1.00
2015.10.27 04:02:56.884,0.72061,0.72073,3.00,1.50
2015.10.27 04:02:57.767,0.72061,0.72072,2.25,1.00
2015.10.27 04:02:58.390,0.72061,0.72072,2.25,1.00
2015.10.27 04:03:00.380,0.72061,0.72072,2.25,1.00
2015.10.27 04:03:00.889,0.72061,0.72071,3.00,1.00
2015.10.27 04:03:01.431,0.72061,0.72071,3.00,1.00
2015.10.27 04:03:11.492,0.72061,0.72071,2.25,1.00
2015.10.27 04:03:20.669,0.7206,0.72072,4.12,1.00
2015.10.27 04:03:40.592,0.72061,0.72072,1.37,1.00
2015.10.27 04:03:44.287,0.7206,0.72072,1.87,3.00
2015.10.27 04:03:45.699,0.7206,0.72072,1.87,3.00
2015.10.27 04:03:46.292,0.7206,0.72072,1.87,3.00
2015.10.27 04:03:48.281,0.7206,0.72072,1.87,3.00
2015.10.27 04:03:52.365,0.7206,0.72072,2.62,3.00
2015.10.27 04:03:53.373,0.7206,0.72072,2.62,3.00
2015.10.27 04:03:54.353,0.7206,0.72072,2.62,3.00
2015.10.27 04:03:56.324,0.7206,0.72072,2.62,3.00
2015.10.27 04:03:57.309,0.7206,0.7207,1.37,1.50
2015.10.27 04:03:57.361,0.72058,0.7207,1.87,1.50
2015.10.27 04:03:57.866,0.72058,0.72069,1.37,1.50
2015.10.27 04:03:59.135,0.72058,0.72069,1.37,1.50
2015.10.27 04:04:00.555,0.72058,0.72069,1.87,1.50
2015.10.27 04:04:04.189,0.72058,0.72069,1.37,2.25
2015.10.27 04:04:06.159,0.72058,0.72069,1.87,1.50
2015.10.27 04:04:15.414,0.72057,0.72069,3.75,3.00
2015.10.27 04:04:16.122,0.72057,0.72068,3.37,1.00
2015.10.27 04:04:16.652,0.72057,0.72068,4.50,1.00
2015.10.27 04:04:17.528,0.72058,0.72069,1.37,1.50
2015.10.27 04:04:19.198,0.7206,0.72069,1.12,1.50
2015.10.27 04:04:26.479,0.7206,0.72069,1.37,1.50
2015.10.27 04:04:27.187,0.7206,0.72069,1.12,1.50
2015.10.27 04:04:28.645,0.72057,0.72068,2.25,1.00
2015.10.27 04:04:28.900,0.72055,0.72066,3.00,1.00
2015.10.27 04:04:29.623,0.72055,0.72066,2.25,1.00
2015.10.27 04:04:30.627,0.72055,0.72066,2.25,1.00
2015.10.27 04:04:31.991,0.72055,0.72066,2.62,1.00
2015.10.27 04:04:32.599,0.72055,0.72066,2.62,1.00
2015.10.27 04:04:34.485,0.72055,0.72066,1.87,1.00
2015.10.27 04:04:35.629,0.72055,0.72066,2.62,1.00
2015.10.27 04:04:37.568,0.72056,0.72068,1.37,1.50
2015.10.27 04:04:38.183,0.72056,0.72068,1.37,1.12
2015.10.27 04:04:40.620,0.72057,0.72069,2.62,3.75
2015.10.27 04:04:41.896,0.72057,0.72068,2.25,1.00
2015.10.27 04:04:57.157,0.72058,0.72068,1.00,1.12
2015.10.27 04:04:57.208,0.72056,0.72066,2.62,1.00
2015.10.27 04:04:58.809,0.72056,0.72066,1.12,1.50
2015.10.27 04:05:00.541,0.72056,0.72066,1.37,1.00
2015.10.27 04:05:01.545,0.72054,0.72066,2.25,1.00
2015.10.27 04:05:04.003,0.72056,0.72067,1.87,1.00
2015.10.27 04:05:04.504,0.72056,0.72067,1.87,1.00
2015.10.27 04:05:05.144,0.72056,0.72067,1.87,1.00
2015.10.27 04:05:06.275,0.72056,0.72067,1.87,1.00
2015.10.27 04:05:06.820,0.72056,0.72068,1.37,1.87
2015.10.27 04:05:09.793,0.72056,0.72067,1.37,1.00
2015.10.27 04:05:10.336,0.72055,0.72066,1.50,1.50
2015.10.27 04:05:11.000,0.72055,0.72066,1.37,1.00
2015.10.27 04:05:11.510,0.72055,0.72067,1.37,2.62
2015.10.27 04:05:13.005,0.72055,0.72067,1.37,2.25
2015.10.27 04:05:16.065,0.72056,0.72067,1.87,1.00
2015.10.27 04:05:16.879,0.72056,0.72066,1.37,1.00
2015.10.27 04:05:17.607,0.72056,0.72066,1.37,1.00
2015.10.27 04:05:19.993,0.72056,0.72066,1.37,1.00
2015.10.27 04:05:22.004,0.72056,0.72066,1.37,1.00
2015.10.27 04:05:23.010,0.72056,0.72066,1.37,1.00
2015.10.27 04:05:23.693,0.72056,0.72067,1.37,2.25
2015.10.27 04:05:24.648,0.72055,0.72065,1.37,1.00
2015.10.27 04:05:25.904,0.72055,0.72067,1.37,3.00
2015.10.27 04:05:26.006,0.72055,0.72067,1.37,3.37
2015.10.27 04:05:26.761,0.72054,0.72066,1.37,1.00
2015.10.27 04:05:27.007,0.72054,0.72066,1.37,1.00
2015.10.27 04:05:29.632,0.72054,0.72066,1.37,1.00
2015.10.27 04:05:37.698,0.72054,0.72066,1.50,1.00
2015.10.27 04:05:38.007,0.72053,0.72063,1.75,1.00
2015.10.27 04:05:38.802,0.72053,0.72063,1.37,1.00
2015.10.27 04:05:39.353,0.72052,0.72062,1.50,1.00
2015.10.27 04:05:44.214,0.72052,0.72062,1.37,1.00
2015.10.27 04:05:45.412,0.72052,0.72063,1.37,1.00
2015.10.27 04:05:47.935,0.72052,0.72064,1.50,1.50
2015.10.27 04:05:52.251,0.72052,0.72064,1.37,1.00
2015.10.27 04:05:52.895,0.72051,0.72062,4.87,1.00
2015.10.27 04:05:58.271,0.72053,0.72062,1.37,1.00
2015.10.27 04:06:04.237,0.72052,0.72062,1.75,1.00
2015.10.27 04:06:07.258,0.72051,0.72062,2.25,1.00
2015.10.27 04:06:20.164,0.7205,0.72061,3.00,1.00
2015.10.27 04:06:20.784,0.7205,0.7206,3.00,1.00
2015.10.27 04:06:21.629,0.7205,0.7206,1.87,1.00
2015.10.27 04:06:22.225,0.7205,0.7206,1.87,1.00
2015.10.27 04:06:30.154,0.72051,0.7206,1.37,1.00
2015.10.27 04:06:30.975,0.72051,0.7206,1.37,1.00
2015.10.27 04:06:33.799,0.7205,0.7206,2.62,1.00
2015.10.27 04:06:34.275,0.7205,0.72058,1.37,1.00
2015.10.27 04:06:34.335,0.72047,0.72058,2.25,1.50
2015.10.27 04:06:35.308,0.72047,0.72058,3.00,1.50
2015.10.27 04:06:36.186,0.72048,0.7206,1.87,3.00
2015.10.27 04:06:36.693,0.72047,0.72059,1.87,1.00
2015.10.27 04:06:37.496,0.7205,0.72062,1.87,1.12
2015.10.27 04:06:38.210,0.72052,0.72062,1.00,1.00
2015.10.27 04:06:39.435,0.72052,0.72062,1.87,1.00
2015.10.27 04:06:41.588,0.72052,0.72064,1.87,1.50
2015.10.27 04:06:42.402,0.72052,0.72064,2.62,1.87
2015.10.27 04:06:43.239,0.72052,0.72064,1.87,1.00
2015.10.27 04:06:43.751,0.72053,0.72065,1.37,3.37
2015.10.27 04:06:44.443,0.72054,0.72065,1.12,1.50
2015.10.27 04:06:44.985,0.72055,0.72065,1.00,1.50
2015.10.27 04:06:46.405,0.72055,0.72065,1.37,1.50
2015.10.27 04:06:47.418,0.72054,0.72065,1.37,1.50
2015.10.27 04:06:47.952,0.72053,0.72065,1.87,3.37
2015.10.27 04:06:48.479,0.72053,0.72064,1.37,1.00
2015.10.27 04:06:49.371,0.72053,0.72064,1.12,1.00
2015.10.27 04:06:49.888,0.72053,0.72064,1.37,1.00
2015.10.27 04:06:50.588,0.72053,0.72063,1.37,1.00
2015.10.27 04:06:51.597,0.72053,0.72064,1.50,1.00
2015.10.27 04:06:52.824,0.72053,0.72064,1.37,1.12
2015.10.27 04:07:03.240,0.72054,0.72064,1.12,2.25
2015.10.27 04:07:05.053,0.72054,0.72063,1.87,1.00
2015.10.27 04:07:05.563,0.72053,0.72064,2.62,1.00
2015.10.27 04:07:07.426,0.72053,0.72063,1.87,1.00
2015.10.27 04:07:14.550,0.72053,0.72064,1.87,1.00
2015.10.27 04:07:28.614,0.72052,0.72064,2.62,2.25
2015.10.27 04:07:39.617,0.72052,0.72064,4.12,1.50
2015.10.27 04:07:40.636,0.72052,0.72063,1.87,1.00
2015.10.27 04:07:42.781,0.72051,0.72062,3.37,1.00
2015.10.27 04:07:42.833,0.72051,0.72062,3.37,1.00
2015.10.27 04:07:43.344,0.72051,0.72063,2.62,1.50
2015.10.27 04:07:43.550,0.72051,0.72063,3.37,1.00
2015.10.27 04:07:44.052,0.72053,0.72065,1.37,1.50
2015.10.27 04:07:47.724,0.72053,0.72065,1.37,2.25
2015.10.27 04:08:02.120,0.72053,0.72064,1.37,1.00
2015.10.27 04:08:02.711,0.72051,0.72063,3.00,1.00
2015.10.27 04:08:03.235,0.72051,0.72063,3.00,1.00
2015.10.27 04:08:24.855,0.72052,0.72063,1.37,1.50
2015.10.27 04:08:30.726,0.72051,0.72063,2.62,1.00
2015.10.27 04:08:36.712,0.72051,0.72063,2.62,1.00
2015.10.27 04:08:38.750,0.72051,0.72063,1.87,1.00
2015.10.27 04:08:39.234,0.72052,0.72063,1.87,1.00
2015.10.27 04:08:39.336,0.72053,0.72065,2.62,1.50
2015.10.27 04:08:39.852,0.72055,0.72065,4.12,1.50
2015.10.27 04:08:53.863,0.72057,0.72065,1.37,1.00
2015.10.27 04:08:54.884,0.72056,0.72065,2.62,1.00
2015.10.27 04:09:03.253,0.72056,0.72065,1.87,1.00
2015.10.27 04:09:04.011,0.72056,0.72065,1.87,1.00
2015.10.27 04:09:07.972,0.72055,0.72065,3.37,1.00
2015.10.27 04:09:08.992,0.72057,0.72065,2.25,1.00
2015.10.27 04:09:13.989,0.72056,0.72065,1.87,1.00
2015.10.27 04:09:17.004,0.72056,0.72065,2.62,1.00
2015.10.27 04:09:18.114,0.72056,0.72065,2.62,1.00
2015.10.27 04:09:28.115,0.72055,0.72065,1.37,1.00
2015.10.27 04:09:40.308,0.72054,0.72065,2.25,1.00
2015.10.27 04:09:52.148,0.72055,0.72065,1.37,1.00
2015.10.27 04:09:55.198,0.72055,0.72065,1.37,1.00
2015.10.27 04:09:56.204,0.72054,0.72065,3.37,1.00
2015.10.27 04:10:04.210,0.72054,0.72065,3.37,1.00
2015.10.27 04:10:05.542,0.72054,0.72065,3.37,1.00
2015.10.27 04:10:27.327,0.72054,0.72066,4.12,1.50
2015.10.27 04:10:29.240,0.72054,0.72066,4.12,1.50
2015.10.27 04:10:30.329,0.72054,0.72066,4.12,1.00
2015.10.27 04:10:31.317,0.72054,0.72066,4.12,1.00
2015.10.27 04:10:44.796,0.72055,0.72065,1.37,1.00
2015.10.27 04:10:46.054,0.72054,0.72065,3.37,1.00
2015.10.27 04:10:55.188,0.72054,0.72065,2.62,1.00
2015.10.27 04:11:35.560,0.72054,0.72065,2.62,1.00
2015.10.27 04:11:36.553,0.72054,0.72065,1.87,1.00
2015.10.27 04:11:42.865,0.72054,0.72065,1.87,1.00
2015.10.27 04:11:48.550,0.72054,0.72065,1.87,1.00
2015.10.27 04:11:49.534,0.72054,0.72065,1.87,1.00
2015.10.27 04:11:53.631,0.72054,0.72066,2.62,1.00
2015.10.27 04:11:54.774,0.72054,0.72065,2.62,1.00
2015.10.27 04:12:02.207,0.72054,0.72066,2.62,1.50
2015.10.27 04:12:03.607,0.72054,0.72066,2.62,1.50
2015.10.27 04:12:04.246,0.72054,0.72065,2.62,1.00
2015.10.27 04:12:05.610,0.72054,0.72065,2.62,1.00
2015.10.27 04:12:08.608,0.72054,0.72065,2.62,1.00
2015.10.27 04:12:09.769,0.72054,0.72065,2.62,1.00
2015.10.27 04:12:12.634,0.72054,0.72065,2.62,1.00
2015.10.27 04:12:14.617,0.72054,0.72065,2.62,1.00
2015.10.27 04:12:25.003,0.72054,0.72066,2.62,1.50
2015.10.27 04:12:25.530,0.72054,0.72065,2.62,1.00
2015.10.27 04:12:26.869,0.72054,0.72066,1.87,3.00
2015.10.27 04:12:32.799,0.72054,0.72066,1.87,3.00
2015.10.27 04:12:33.945,0.72054,0.72066,1.87,3.00
2015.10.27 04:12:40.976,0.72055,0.72065,1.37,1.00
2015.10.27 04:13:02.096,0.72054,0.72066,1.37,1.50
2015.10.27 04:13:04.384,0.72054,0.72065,1.37,1.50
2015.10.27 04:13:04.893,0.72054,0.72065,2.25,1.00
2015.10.27 04:13:05.403,0.72055,0.72066,1.37,2.25
2015.10.27 04:13:05.913,0.72055,0.72065,1.37,1.00
2015.10.27 04:13:07.567,0.72054,0.72066,2.62,2.25
2015.10.27 04:13:08.461,0.72054,0.72066,2.62,2.25
2015.10.27 04:13:10.967,0.72054,0.72066,2.25,1.50
2015.10.27 04:13:17.040,0.72054,0.72065,2.25,1.00
2015.10.27 04:13:18.133,0.72055,0.72066,3.00,1.00
2015.10.27 04:13:18.643,0.72055,0.72066,2.25,1.00
2015.10.27 04:13:19.353,0.72055,0.72066,1.87,1.00
2015.10.27 04:13:25.502,0.72055,0.72066,2.62,1.00
2015.10.27 04:13:39.513,0.72055,0.72066,2.25,1.00
2015.10.27 04:13:40.515,0.72055,0.72066,2.25,1.00
2015.10.27 04:13:41.044,0.72055,0.72065,2.25,1.00
2015.10.27 04:13:46.039,0.72055,0.72065,1.87,1.50
2015.10.27 04:13:54.407,0.72055,0.72065,1.87,1.50
2015.10.27 04:13:59.624,0.72054,0.72064,1.37,1.00
2015.10.27 04:14:00.134,0.72054,0.72064,1.87,1.00
2015.10.27 04:14:05.303,0.72054,0.72064,1.37,1.00
2015.10.27 04:14:06.198,0.72054,0.72064,1.37,1.00
2015.10.27 04:14:08.205,0.72054,0.72064,1.37,1.00
2015.10.27 04:14:15.073,0.72054,0.72065,1.87,1.00
2015.10.27 04:14:26.270,0.72054,0.72065,1.50,1.00
2015.10.27 04:14:28.909,0.72056,0.72065,1.87,1.00
2015.10.27 04:14:29.308,0.72057,0.72065,2.62,1.00
2015.10.27 04:14:29.411,0.72059,0.72065,1.00,1.00
2015.10.27 04:14:29.822,0.7206,0.72067,1.00,1.00
2015.10.27 04:14:29.924,0.7206,0.72069,1.00,1.00
2015.10.27 04:14:30.781,0.7206,0.7207,1.87,1.00
2015.10.27 04:14:32.472,0.7206,0.7207,1.87,1.00
2015.10.27 04:14:34.536,0.72059,0.7207,1.37,1.00
2015.10.27 04:14:36.249,0.7206,0.72072,1.12,1.87
2015.10.27 04:14:37.779,0.7206,0.72072,1.87,1.87
2015.10.27 04:14:38.290,0.7206,0.72071,1.37,1.00
2015.10.27 04:14:39.823,0.7206,0.72071,1.87,1.00
2015.10.27 04:14:45.567,0.72059,0.72071,4.12,1.00
2015.10.27 04:14:46.567,0.7206,0.72071,1.37,1.00
2015.10.27 04:14:50.499,0.7206,0.72071,1.37,1.12
2015.10.27 04:14:52.589,0.72059,0.72071,3.00,1.12
2015.10.27 04:14:53.615,0.7206,0.72071,1.37,1.00
2015.10.27 04:15:04.801,0.72061,0.72071,1.37,1.12
2015.10.27 04:15:06.085,0.72061,0.72071,1.00,1.12
2015.10.27 04:15:15.334,0.72061,0.72071,1.37,1.50
2015.10.27 04:15:22.931,0.7206,0.72072,1.87,3.37
2015.10.27 04:15:23.527,0.7206,0.7207,1.37,1.00
2015.10.27 04:15:24.078,0.7206,0.7207,1.37,1.00
2015.10.27 04:15:25.697,0.7206,0.72071,1.37,1.00
2015.10.27 04:15:26.220,0.7206,0.72072,1.37,1.50
2015.10.27 04:15:38.171,0.7206,0.72072,1.87,1.00
2015.10.27 04:15:51.219,0.7206,0.72072,1.87,1.50
2015.10.27 04:15:58.440,0.7206,0.72072,1.87,1.87
2015.10.27 04:16:05.970,0.72062,0.72073,1.00,1.37
2015.10.27 04:16:06.477,0.72062,0.72074,1.12,1.87
2015.10.27 04:16:11.278,0.72062,0.72074,1.00,2.62
2015.10.27 04:16:20.904,0.72061,0.72072,1.87,1.12
2015.10.27 04:16:21.413,0.72061,0.72071,1.00,1.12
2015.10.27 04:16:24.391,0.72059,0.72071,1.12,2.62
2015.10.27 04:16:27.386,0.72059,0.72071,1.12,3.37
2015.10.27 04:16:42.905,0.72058,0.7207,1.87,1.87
2015.10.27 04:16:43.896,0.72058,0.7207,1.87,1.87
2015.10.27 04:16:52.946,0.72058,0.72068,1.37,1.00
2015.10.27 04:16:52.997,0.72058,0.7207,1.37,3.37
2015.10.27 04:16:53.509,0.72058,0.7207,1.12,3.37
2015.10.27 04:16:54.174,0.72058,0.7207,1.37,2.62
2015.10.27 04:17:02.268,0.72058,0.7207,1.12,1.12
2015.10.27 04:17:03.275,0.72058,0.7207,1.37,1.12
2015.10.27 04:17:05.883,0.72059,0.72071,1.12,1.87
2015.10.27 04:17:06.863,0.72059,0.72071,1.37,1.87
2015.10.27 04:17:12.888,0.72059,0.72071,1.00,1.87
2015.10.27 04:17:14.572,0.72058,0.7207,1.87,1.37
2015.10.27 04:17:19.081,0.72058,0.7207,2.62,1.87
2015.10.27 04:17:29.748,0.72059,0.72071,3.37,1.00
2015.10.27 04:17:30.852,0.72062,0.72073,1.12,1.12
2015.10.27 04:17:36.143,0.72062,0.72072,1.12,1.00
2015.10.27 04:17:36.600,0.72059,0.72071,1.87,1.87
2015.10.27 04:17:37.206,0.72059,0.7207,1.87,1.00
2015.10.27 04:17:37.715,0.72058,0.7207,1.87,2.62
2015.10.27 04:17:38.585,0.72059,0.7207,2.62,1.12
2015.10.27 04:17:39.347,0.72059,0.7207,2.62,1.00
2015.10.27 04:17:40.665,0.72059,0.7207,2.62,1.37
2015.10.27 04:17:45.344,0.72059,0.7207,2.62,1.00
2015.10.27 04:17:49.697,0.72059,0.72071,2.62,2.62
2015.10.27 04:17:49.749,0.72061,0.72071,1.12,2.25
2015.10.27 04:17:50.258,0.72062,0.72072,1.00,1.87
2015.10.27 04:17:50.766,0.72062,0.72073,1.12,1.50
2015.10.27 04:17:52.393,0.72061,0.72073,1.37,1.87
2015.10.27 04:17:56.883,0.72061,0.72072,1.87,1.37
2015.10.27 04:17:58.169,0.72062,0.72073,1.12,1.00
2015.10.27 04:17:58.712,0.72062,0.72074,1.87,2.62
2015.10.27 04:17:59.240,0.72062,0.72074,1.87,2.62
2015.10.27 04:18:04.362,0.72062,0.72074,1.87,3.37
2015.10.27 04:18:05.180,0.72062,0.72074,1.87,3.37
2015.10.27 04:18:15.429,0.72062,0.72073,1.37,1.00
2015.10.27 04:18:18.324,0.72062,0.72073,1.87,1.37
2015.10.27 04:18:19.652,0.72061,0.72071,2.62,1.00
2015.10.27 04:18:20.523,0.72061,0.72071,1.37,1.12
2015.10.27 04:18:22.128,0.72061,0.72071,1.12,1.00
2015.10.27 04:18:29.617,0.7206,0.7207,1.50,1.87
2015.10.27 04:18:33.722,0.7206,0.7207,1.37,1.87
2015.10.27 04:18:37.562,0.72061,0.7207,1.37,1.00
2015.10.27 04:18:38.792,0.72061,0.7207,1.12,1.00
2015.10.27 04:18:45.357,0.7206,0.7207,1.00,1.12
2015.10.27 04:19:00.639,0.72059,0.72071,2.62,1.12
2015.10.27 04:19:02.074,0.7206,0.72071,1.00,1.12
2015.10.27 04:19:03.077,0.72059,0.72071,1.87,1.12
2015.10.27 04:19:05.494,0.72059,0.72071,2.62,1.37
2015.10.27 04:19:21.915,0.72058,0.7207,1.87,1.12
2015.10.27 04:19:27.709,0.72058,0.7207,1.12,2.62
2015.10.27 04:19:28.574,0.72057,0.72068,1.87,1.00
2015.10.27 04:19:40.647,0.72057,0.72069,2.62,1.12
2015.10.27 04:19:42.559,0.72057,0.72069,1.50,1.37
2015.10.27 04:19:46.273,0.72057,0.72067,1.00,1.37
2015.10.27 04:19:47.293,0.72055,0.72067,2.62,1.37
2015.10.27 04:19:48.664,0.72055,0.72067,1.12,1.87
2015.10.27 04:19:50.656,0.72054,0.72066,1.12,1.12
2015.10.27 04:19:58.661,0.72054,0.72066,1.12,1.37
2015.10.27 04:20:00.685,0.72054,0.72066,1.37,1.87
2015.10.27 04:20:01.716,0.72054,0.72066,1.87,1.12
2015.10.27 04:20:18.873,0.72056,0.72066,1.50,1.12
2015.10.27 04:20:19.573,0.72057,0.72068,1.87,1.00
2015.10.27 04:20:20.735,0.72058,0.72067,1.12,1.00
2015.10.27 04:20:30.049,0.72058,0.72068,1.87,1.12
2015.10.27 04:20:34.362,0.72055,0.72067,3.37,2.62
2015.10.27 04:20:35.386,0.72055,0.72066,2.62,1.00
2015.10.27 04:20:36.095,0.72055,0.72067,2.25,2.62
2015.10.27 04:20:36.664,0.72055,0.72066,1.00,1.12
2015.10.27 04:20:37.213,0.72054,0.72066,1.12,1.12
2015.10.27 04:20:39.665,0.72054,0.72066,1.12,1.37
2015.10.27 04:20:42.688,0.72054,0.72066,1.87,1.37
2015.10.27 04:20:43.710,0.72054,0.72066,1.87,1.37
2015.10.27 04:20:45.053,0.72054,0.72066,1.87,1.12
2015.10.27 04:20:46.711,0.72054,0.72066,1.87,1.37
2015.10.27 04:20:52.869,0.72054,0.72066,1.87,1.87
2015.10.27 04:20:53.378,0.72055,0.72066,1.00,1.12
2015.10.27 04:20:55.701,0.72055,0.72066,1.12,1.37
2015.10.27 04:21:06.403,0.72054,0.72066,2.62,1.87
2015.10.27 04:21:12.345,0.72054,0.72066,2.25,2.62
2015.10.27 04:21:35.413,0.72054,0.72066,1.87,1.12
2015.10.27 04:21:37.425,0.72054,0.72066,1.87,1.37
2015.10.27 04:21:40.630,0.72053,0.72065,1.87,1.37
2015.10.27 04:21:45.760,0.72053,0.72065,1.87,1.37
2015.10.27 04:21:47.540,0.72053,0.72065,1.87,1.12
2015.10.27 04:21:49.552,0.72057,0.72065,1.00,1.12
2015.10.27 04:21:50.564,0.72057,0.72067,1.87,1.87
2015.10.27 04:21:51.326,0.72057,0.72067,1.87,1.50
2015.10.27 04:22:01.234,0.72057,0.72067,2.62,1.00
2015.10.27 04:22:01.743,0.72057,0.72067,1.87,1.87
2015.10.27 04:22:05.678,0.72056,0.72066,1.00,1.12
2015.10.27 04:22:06.651,0.72054,0.72066,2.62,1.87
2015.10.27 04:22:07.447,0.72054,0.72066,2.62,1.87
2015.10.27 04:22:16.508,0.72054,0.72066,2.62,1.87
2015.10.27 04:22:17.544,0.72054,0.72066,2.62,1.87
2015.10.27 04:22:18.172,0.72055,0.72066,1.00,1.87
2015.10.27 04:22:20.387,0.72055,0.72066,1.00,1.87
2015.10.27 04:22:20.930,0.72055,0.72066,1.00,1.87
2015.10.27 04:22:21.338,0.72056,0.72067,1.12,1.12
2015.10.27 04:22:21.983,0.72057,0.72067,1.00,1.12
2015.10.27 04:22:22.491,0.72057,0.72069,1.50,3.37
2015.10.27 04:23:00.644,0.72057,0.72067,1.87,1.00
2015.10.27 04:23:20.681,0.72056,0.72068,3.37,1.87
2015.10.27 04:23:37.475,0.72057,0.72068,1.37,2.62
2015.10.27 04:23:38.485,0.72057,0.72068,1.12,2.25
2015.10.27 04:23:54.798,0.72057,0.72068,1.00,1.87
2015.10.27 04:23:55.311,0.72056,0.72068,1.87,1.87
2015.10.27 04:23:55.619,0.72056,0.72065,1.00,1.00
2015.10.27 04:23:56.917,0.72055,0.72065,1.50,1.00
2015.10.27 04:24:42.029,0.72056,0.72065,1.00,1.50
2015.10.27 04:24:42.742,0.72056,0.72067,1.00,1.37
2015.10.27 04:24:43.256,0.72056,0.72067,1.12,1.12
2015.10.27 04:24:54.498,0.72055,0.72066,1.37,1.00
2015.10.27 04:24:55.492,0.72055,0.72066,1.37,1.37
2015.10.27 04:24:58.272,0.72054,0.72064,1.37,1.00
2015.10.27 04:24:58.805,0.72053,0.72065,4.12,2.62
2015.10.27 04:24:58.856,0.72053,0.72064,1.87,1.12
2015.10.27 04:24:59.767,0.72055,0.72065,1.00,1.00
2015.10.27 04:25:00.279,0.72054,0.72065,1.87,1.00
2015.10.27 04:25:00.635,0.72056,0.72065,1.00,1.00
2015.10.27 04:25:01.418,0.72056,0.72066,1.00,1.00
2015.10.27 04:25:02.874,0.72056,0.72066,1.37,1.12
2015.10.27 04:25:03.871,0.72056,0.72066,1.12,1.00
2015.10.27 04:25:04.531,0.72056,0.72067,1.87,1.00
2015.10.27 04:25:04.836,0.72058,0.72068,1.00,1.87
2015.10.27 04:25:12.379,0.72057,0.72068,1.00,1.87
2015.10.27 04:25:20.527,0.72057,0.72068,1.37,1.87
2015.10.27 04:25:30.509,0.72057,0.72068,1.87,1.87
2015.10.27 04:25:32.363,0.72058,0.72068,1.00,1.87
2015.10.27 04:25:34.130,0.72058,0.72068,1.12,1.87
2015.10.27 04:25:46.650,0.72058,0.72068,1.50,1.00
2015.10.27 04:26:01.107,0.72061,0.72071,1.00,1.12
2015.10.27 04:26:03.402,0.72062,0.72071,1.00,1.00
2015.10.27 04:26:04.040,0.72063,0.72073,1.00,1.37
2015.10.27 04:26:04.549,0.72062,0.72073,2.62,1.12
2015.10.27 04:26:05.267,0.72063,0.72073,1.00,1.00
2015.10.27 04:26:13.491,0.72062,0.72073,1.12,1.00
2015.10.27 04:26:14.002,0.72063,0.72073,1.00,1.00
2015.10.27 04:26:20.411,0.72065,0.72073,1.00,1.00
2015.10.27 04:26:20.953,0.72064,0.72074,1.12,1.37
2015.10.27 04:26:21.655,0.72064,0.72074,1.87,1.12
2015.10.27 04:26:23.787,0.72064,0.72074,2.62,1.00
2015.10.27 04:26:45.779,0.72064,0.72074,1.87,1.00
2015.10.27 04:26:49.846,0.72064,0.72074,1.87,1.00
2015.10.27 04:26:51.895,0.72064,0.72074,1.00,1.37
2015.10.27 04:27:00.937,0.72063,0.72075,1.00,2.25
2015.10.27 04:27:01.448,0.72063,0.72073,1.00,1.00
2015.10.27 04:27:01.956,0.72063,0.72075,2.62,1.87
2015.10.27 04:27:02.930,0.72064,0.72075,1.12,1.87
2015.10.27 04:27:04.942,0.72064,0.72075,1.00,1.12
2015.10.27 04:27:14.955,0.72064,0.72075,1.00,1.87
2015.10.27 04:27:15.159,0.72062,0.72074,2.62,1.12
2015.10.27 04:27:15.860,0.72062,0.72073,1.87,1.00
2015.10.27 04:27:16.423,0.72062,0.72073,1.87,1.37
2015.10.27 04:27:18.968,0.72062,0.72073,1.00,1.87
2015.10.27 04:27:19.927,0.72061,0.72072,1.12,1.37
2015.10.27 04:27:24.955,0.7206,0.72072,3.37,1.12
2015.10.27 04:27:28.904,0.72062,0.72072,1.00,1.12
2015.10.27 04:27:29.426,0.72061,0.72072,1.87,1.12
2015.10.27 04:27:30.159,0.72062,0.72072,1.00,1.00
2015.10.27 04:27:33.004,0.72062,0.72072,2.62,1.12
2015.10.27 04:27:42.021,0.72062,0.72072,1.50,1.00
2015.10.27 04:27:51.064,0.72063,0.72072,1.00,1.00
2015.10.27 04:27:59.953,0.72064,0.72072,1.00,1.00
2015.10.27 04:28:12.448,0.72064,0.72074,1.50,1.12
2015.10.27 04:28:29.085,0.72063,0.72074,1.12,1.12
2015.10.27 04:28:32.374,0.72062,0.72074,1.87,1.37
2015.10.27 04:28:39.236,0.72062,0.72074,2.62,1.12
2015.10.27 04:29:10.343,0.72062,0.72074,2.62,1.12
2015.10.27 04:29:13.765,0.72062,0.72074,3.37,1.37
2015.10.27 04:29:22.485,0.72064,0.72075,1.50,1.12
2015.10.27 04:29:23.222,0.72065,0.72076,1.00,3.75
2015.10.27 04:29:23.730,0.72065,0.72076,1.87,2.62
2015.10.27 04:29:24.563,0.72065,0.72075,1.87,1.00
2015.10.27 04:29:26.475,0.72066,0.72075,1.00,1.00
2015.10.27 04:29:26.983,0.72065,0.72075,1.12,1.00
2015.10.27 04:29:31.276,0.72065,0.72075,1.37,1.00
2015.10.27 04:29:33.274,0.72065,0.72075,1.37,1.12
2015.10.27 04:29:38.291,0.72065,0.72075,1.12,1.00
2015.10.27 04:29:41.686,0.72064,0.72074,2.62,1.00
2015.10.27 04:29:45.413,0.72062,0.72074,1.87,1.37
2015.10.27 04:29:53.955,0.72062,0.72074,2.62,1.12
2015.10.27 04:29:56.780,0.72062,0.72073,1.37,1.00
2015.10.27 04:29:58.965,0.72062,0.72073,1.87,1.12
2015.10.27 04:29:59.512,0.72063,0.72073,1.00,1.12
2015.10.27 04:30:02.559,0.72062,0.72073,1.87,1.12
2015.10.27 04:30:03.066,0.72061,0.72073,3.37,1.00
2015.10.27 04:30:04.136,0.72061,0.72073,3.37,1.12
2015.10.27 04:30:18.290,0.72061,0.72073,3.37,1.87
2015.10.27 04:30:21.404,0.7206,0.7207,1.37,1.00
2015.10.27 04:30:22.030,0.7206,0.7207,1.12,1.00
2015.10.27 04:30:23.029,0.72058,0.72069,1.12,1.12
2015.10.27 04:30:23.538,0.72057,0.72068,2.62,1.50
2015.10.27 04:30:24.048,0.72057,0.72068,1.00,1.87
2015.10.27 04:30:25.936,0.72057,0.72068,1.12,1.87
2015.10.27 04:30:28.929,0.72057,0.72068,1.00,1.37
2015.10.27 04:30:31.734,0.72058,0.72068,1.00,1.87
2015.10.27 04:30:31.938,0.72058,0.72069,1.50,1.12
2015.10.27 04:30:33.942,0.72058,0.72069,1.37,1.37
2015.10.27 04:30:42.951,0.72058,0.7207,1.00,1.87
2015.10.27 04:30:51.166,0.72058,0.7207,1.12,2.62
2015.10.27 04:30:52.326,0.72057,0.72069,1.50,1.87
2015.10.27 04:30:54.588,0.72057,0.72069,2.62,1.12
2015.10.27 04:30:59.558,0.72057,0.72069,1.87,1.37
2015.10.27 04:31:03.603,0.72057,0.72068,1.00,2.25
2015.10.27 04:31:04.224,0.72056,0.72068,1.00,3.00
2015.10.27 04:31:04.733,0.72056,0.72068,3.37,1.37
2015.10.27 04:31:06.613,0.72056,0.72067,1.50,1.12
2015.10.27 04:31:07.860,0.72056,0.72068,1.50,2.62
2015.10.27 04:31:10.209,0.72055,0.72067,2.62,2.62
2015.10.27 04:31:14.494,0.72056,0.72067,1.00,3.37
2015.10.27 04:31:20.109,0.72054,0.72066,2.62,1.87
2015.10.27 04:31:20.713,0.72054,0.72066,2.62,1.87
2015.10.27 04:31:22.295,0.72055,0.72066,1.00,1.87
2015.10.27 04:31:24.410,0.72054,0.72066,2.62,1.87
2015.10.27 04:31:25.623,0.72054,0.72066,2.62,1.87
2015.10.27 04:31:27.638,0.72054,0.72066,2.62,1.87
2015.10.27 04:31:34.671,0.72054,0.72066,2.62,1.87
2015.10.27 04:31:38.665,0.72054,0.72066,2.62,1.87
2015.10.27 04:31:39.773,0.72054,0.72066,2.62,1.87
2015.10.27 04:31:41.549,0.72054,0.72066,1.87,1.12
2015.10.27 04:31:42.656,0.72054,0.72066,3.00,1.87
2015.10.27 04:31:45.729,0.72056,0.72065,1.00,1.12
2015.10.27 04:31:46.086,0.72056,0.72067,1.50,1.12
2015.10.27 04:31:47.773,0.72056,0.72067,1.00,1.87
2015.10.27 04:31:51.147,0.72056,0.72067,1.12,3.00
2015.10.27 04:31:51.906,0.72056,0.72067,1.00,3.00
2015.10.27 04:31:56.210,0.72055,0.72066,1.00,1.12
2015.10.27 04:31:59.592,0.72054,0.72066,1.87,2.62
2015.10.27 04:32:00.177,0.72054,0.72065,1.87,1.12
2015.10.27 04:32:02.144,0.72054,0.72064,1.50,1.00
2015.10.27 04:32:05.912,0.72054,0.72066,1.50,5.47
2015.10.27 04:32:06.950,0.72054,0.72066,1.50,5.47
2015.10.27 04:32:21.988,0.72054,0.72065,1.12,2.25
2015.10.27 04:32:23.451,0.72054,0.72065,1.00,1.00
2015.10.27 04:32:27.648,0.72054,0.72065,1.12,1.87
2015.10.27 04:32:35.150,0.72054,0.72066,1.00,5.25
2015.10.27 04:32:42.178,0.72053,0.72063,1.00,1.50
2015.10.27 04:32:42.383,0.72051,0.72063,1.00,2.62
2015.10.27 04:32:43.285,0.7205,0.72062,2.62,2.62
2015.10.27 04:32:43.437,0.7205,0.7206,2.62,1.00
2015.10.27 04:32:52.901,0.72051,0.72062,1.00,2.62
2015.10.27 04:32:53.234,0.7205,0.72062,1.87,2.62
2015.10.27 04:32:54.050,0.72051,0.72063,1.00,1.37
2015.10.27 04:32:56.304,0.72051,0.72061,1.12,1.00
2015.10.27 04:32:56.812,0.72051,0.72062,1.12,1.12
2015.10.27 04:32:56.863,0.72051,0.7206,1.12,1.00
2015.10.27 04:32:57.903,0.7205,0.72061,1.50,1.50
2015.10.27 04:33:00.254,0.7205,0.72062,1.50,3.37
2015.10.27 04:33:00.764,0.72048,0.72059,1.37,1.12
2015.10.27 04:33:01.616,0.72048,0.72059,1.00,1.87
2015.10.27 04:33:02.265,0.72048,0.72059,1.00,1.87
2015.10.27 04:33:11.793,0.72049,0.72059,1.00,1.37
2015.10.27 04:33:12.694,0.72053,0.72059,1.00,1.37
2015.10.27 04:33:12.748,0.72053,0.72063,1.50,1.12
2015.10.27 04:33:13.564,0.72053,0.72065,1.87,2.62
2015.10.27 04:33:14.561,0.72054,0.72066,1.87,1.87
2015.10.27 04:33:15.425,0.72055,0.72065,1.00,1.12
2015.10.27 04:33:16.529,0.72054,0.72064,1.12,1.00
2015.10.27 04:33:17.044,0.72054,0.72066,1.12,1.87
2015.10.27 04:33:19.592,0.72053,0.72065,2.62,1.87
2015.10.27 04:33:21.100,0.72053,0.72063,1.12,1.00
2015.10.27 04:33:21.202,0.72053,0.72063,1.00,1.37
2015.10.27 04:33:22.157,0.72053,0.72063,1.00,1.87
2015.10.27 04:33:38.228,0.72053,0.72063,1.00,1.12
2015.10.27 04:33:40.759,0.72052,0.72064,1.87,3.37
2015.10.27 04:33:41.401,0.72052,0.72064,1.87,4.12
2015.10.27 04:33:43.392,0.72052,0.72064,2.62,2.62
2015.10.27 04:33:50.419,0.72052,0.72064,2.62,1.87
2015.10.27 04:33:54.534,0.72052,0.72064,2.62,1.87
2015.10.27 04:34:31.047,0.72052,0.72063,2.62,1.00
2015.10.27 04:34:33.790,0.72052,0.72064,2.62,1.87
2015.10.27 04:34:54.607,0.72052,0.72064,3.00,1.50
2015.10.27 04:34:56.135,0.72053,0.72064,1.00,1.50
2015.10.27 04:34:56.642,0.72052,0.72064,3.00,1.50
2015.10.27 04:34:57.596,0.72052,0.72064,3.37,1.87
2015.10.27 04:35:14.682,0.72052,0.72062,2.25,1.00
2015.10.27 04:35:20.699,0.72052,0.72064,1.87,2.62
2015.10.27 04:35:34.644,0.72053,0.72064,1.00,1.37
2015.10.27 04:35:35.154,0.72053,0.72064,1.12,1.12
2015.10.27 04:35:35.683,0.72052,0.72063,1.87,1.00
2015.10.27 04:35:36.613,0.72052,0.72063,1.87,1.12
2015.10.27 04:35:39.600,0.72053,0.72064,1.00,1.87
2015.10.27 04:35:40.297,0.72053,0.72064,1.00,1.87
2015.10.27 04:35:40.820,0.72053,0.72063,1.50,1.00
2015.10.27 04:35:44.291,0.72053,0.72063,1.87,1.37
2015.10.27 04:35:46.293,0.72053,0.72063,1.00,1.12
2015.10.27 04:35:54.333,0.72053,0.72063,1.12,1.87
2015.10.27 04:36:02.532,0.72052,0.72063,1.87,1.00
2015.10.27 04:36:03.054,0.72053,0.72064,1.12,1.12
2015.10.27 04:36:07.410,0.72052,0.72064,2.62,1.00
2015.10.27 04:36:07.769,0.72056,0.72064,1.00,1.00
2015.10.27 04:36:11.573,0.72056,0.72066,1.00,2.62
2015.10.27 04:36:15.101,0.72058,0.72065,1.00,1.12
2015.10.27 04:36:15.407,0.72057,0.72067,1.50,1.12
2015.10.27 04:36:15.942,0.72057,0.72067,1.50,3.75
2015.10.27 04:36:17.090,0.72057,0.72067,1.50,1.12
2015.10.27 04:36:33.503,0.72058,0.72067,1.00,1.12
2015.10.27 04:36:34.114,0.72057,0.72067,1.50,1.12
2015.10.27 04:36:37.885,0.72058,0.72067,1.00,1.12
2015.10.27 04:36:47.772,0.72058,0.72066,1.00,1.00
2015.10.27 04:36:49.545,0.72058,0.72067,1.00,1.87
2015.10.27 04:36:51.508,0.72058,0.72067,1.00,2.25
2015.10.27 04:36:52.272,0.72057,0.72067,1.00,1.87
2015.10.27 04:36:52.375,0.72057,0.72067,1.00,1.87
2015.10.27 04:36:53.468,0.72057,0.72066,1.00,1.12
2015.10.27 04:37:00.675,0.72056,0.72067,1.00,2.25
2015.10.27 04:37:02.494,0.72056,0.72067,1.00,1.87
2015.10.27 04:37:06.488,0.72056,0.72065,1.00,1.37
2015.10.27 04:37:07.593,0.72056,0.72066,1.00,1.87
2015.10.27 04:37:08.551,0.72056,0.72066,1.00,1.87
2015.10.27 04:37:09.280,0.72057,0.72066,1.00,1.87
2015.10.27 04:37:10.497,0.72057,0.72066,1.00,1.87
2015.10.27 04:37:12.609,0.72057,0.72065,1.00,1.00
2015.10.27 04:37:16.640,0.72055,0.72066,1.00,1.37
2015.10.27 04:37:17.512,0.72055,0.72066,1.00,1.12
2015.10.27 04:37:19.501,0.72055,0.72066,1.00,1.37
2015.10.27 04:37:21.661,0.72056,0.72066,1.00,1.87
2015.10.27 04:37:22.525,0.72056,0.72065,1.00,1.37
2015.10.27 04:37:23.511,0.72056,0.72065,1.00,1.12
2015.10.27 04:37:24.529,0.72056,0.72066,1.00,1.12
2015.10.27 04:37:25.794,0.72057,0.72066,1.00,1.12
2015.10.27 04:37:42.852,0.72055,0.72066,2.62,1.12
2015.10.27 04:37:43.363,0.72055,0.72066,1.50,1.50
2015.10.27 04:37:43.872,0.72055,0.72066,1.50,1.37
2015.10.27 04:37:48.470,0.72055,0.72066,1.50,1.37
2015.10.27 04:37:56.833,0.72055,0.72066,1.50,1.87
2015.10.27 04:38:05.580,0.72055,0.72064,1.00,1.00
2015.10.27 04:38:06.491,0.72055,0.72065,1.00,1.87
2015.10.27 04:38:10.526,0.72055,0.72065,1.87,1.37
2015.10.27 04:38:12.713,0.72055,0.72065,1.00,1.12
2015.10.27 04:38:30.689,0.72056,0.72065,1.00,1.00
2015.10.27 04:38:40.713,0.72056,0.72066,1.00,1.50
2015.10.27 04:38:50.732,0.72056,0.72067,1.00,1.12
2015.10.27 04:39:04.579,0.72055,0.72067,2.62,1.12
2015.10.27 04:39:21.505,0.72056,0.72067,1.00,1.12
2015.10.27 04:39:32.148,0.72058,0.72067,1.00,1.12
2015.10.27 04:39:32.898,0.72058,0.72068,2.25,1.00
2015.10.27 04:39:41.647,0.72058,0.72067,1.87,1.00
2015.10.27 04:39:51.024,0.72058,0.72067,2.62,1.00
2015.10.27 04:39:52.994,0.72058,0.72067,2.62,1.00
2015.10.27 04:39:59.011,0.72057,0.72067,3.00,1.00
2015.10.27 04:39:59.651,0.72058,0.72067,1.00,1.00
2015.10.27 04:40:00.166,0.72058,0.72067,1.37,1.00
2015.10.27 04:40:00.692,0.72058,0.72068,1.87,1.50
2015.10.27 04:40:09.425,0.72058,0.72068,1.00,1.87
2015.10.27 04:40:09.934,0.72057,0.72068,1.00,1.12
2015.10.27 04:40:10.240,0.72057,0.72066,1.00,1.00
2015.10.27 04:40:11.892,0.72056,0.72066,1.00,1.12
2015.10.27 04:40:17.531,0.72055,0.72066,1.00,1.12
2015.10.27 04:40:23.616,0.72056,0.72066,1.00,1.12
2015.10.27 04:40:26.103,0.72055,0.72066,1.00,1.12
2015.10.27 04:40:26.811,0.72053,0.72063,1.12,1.12
2015.10.27 04:41:11.200,0.72053,0.72064,1.12,1.12
2015.10.27 04:41:42.246,0.72053,0.72064,1.12,1.37
2015.10.27 04:41:46.141,0.72053,0.72064,1.12,1.12
2015.10.27 04:41:50.833,0.72055,0.72064,1.00,1.00
2015.10.27 04:42:02.054,0.72053,0.72064,1.12,1.12
2015.10.27 04:42:06.991,0.72053,0.72064,1.00,1.87
2015.10.27 04:42:07.528,0.72052,0.72064,3.37,1.87
2015.10.27 04:42:07.993,0.72052,0.72064,2.62,2.62
2015.10.27 04:42:08.522,0.72053,0.72064,1.00,1.37
2015.10.27 04:42:08.979,0.72053,0.72064,1.37,1.37
2015.10.27 04:42:46.559,0.72053,0.72063,1.00,1.12
2015.10.27 04:43:00.712,0.72054,0.72064,1.00,1.37
2015.10.27 04:43:04.572,0.72054,0.72064,1.00,1.12
2015.10.27 04:43:20.720,0.72052,0.72064,1.87,1.12
2015.10.27 04:43:48.963,0.72053,0.72065,1.37,1.37
2015.10.27 04:43:49.944,0.72053,0.72065,1.12,1.37
2015.10.27 04:43:54.125,0.72053,0.72065,1.37,1.12
2015.10.27 04:44:00.984,0.72053,0.72065,1.12,1.37
2015.10.27 04:44:04.436,0.72053,0.72065,1.37,1.37
2015.10.27 04:44:04.996,0.72053,0.72065,1.87,1.12
2015.10.27 04:44:15.897,0.72054,0.72066,3.37,1.12
2015.10.27 04:44:30.274,0.72055,0.72066,1.50,1.37
2015.10.27 04:44:36.312,0.72055,0.72066,1.87,1.87
2015.10.27 04:44:39.250,0.72055,0.72066,1.87,1.87
2015.10.27 04:44:40.249,0.72055,0.72066,1.87,1.87
2015.10.27 04:44:41.234,0.72057,0.72066,1.00,1.12
2015.10.27 04:44:44.061,0.72057,0.72066,1.00,1.37
2015.10.27 04:44:45.977,0.72057,0.72068,1.00,1.37
2015.10.27 04:44:46.527,0.72057,0.72068,1.12,1.37
2015.10.27 04:44:46.878,0.72059,0.72068,1.00,1.37
2015.10.27 04:44:47.059,0.72059,0.72068,1.00,1.12
2015.10.27 04:44:56.103,0.72059,0.72068,1.00,1.87
2015.10.27 04:44:57.093,0.72059,0.72068,1.00,1.87
2015.10.27 04:44:58.109,0.72059,0.72068,1.00,1.87
2015.10.27 04:45:01.544,0.72056,0.72068,1.87,1.87
2015.10.27 04:45:02.509,0.72056,0.72067,1.50,1.87
2015.10.27 04:45:03.019,0.72057,0.72067,1.00,1.87
2015.10.27 04:45:03.537,0.72057,0.72067,1.00,1.87
2015.10.27 04:45:05.088,0.72056,0.72067,1.12,1.87
2015.10.27 04:45:05.965,0.72055,0.72066,1.50,1.37
2015.10.27 04:45:06.610,0.72056,0.72065,1.00,1.37
2015.10.27 04:45:07.118,0.72056,0.72065,1.00,1.00
2015.10.27 04:45:07.627,0.72055,0.72066,1.12,2.62
2015.10.27 04:45:08.332,0.72055,0.72066,1.00,1.37
2015.10.27 04:45:13.242,0.72054,0.72066,2.25,1.37
2015.10.27 04:45:15.406,0.72055,0.72066,1.00,1.37
2015.10.27 04:45:15.913,0.72054,0.72066,2.25,1.37
2015.10.27 04:45:18.452,0.72055,0.72066,1.00,1.37
2015.10.27 04:45:23.363,0.72054,0.72066,1.50,1.37
2015.10.27 04:45:26.675,0.72055,0.72066,1.00,1.37
2015.10.27 04:45:31.556,0.72055,0.72067,2.62,1.87
2015.10.27 04:45:35.130,0.72055,0.72065,1.00,1.87
2015.10.27 04:45:35.435,0.72052,0.72064,1.87,3.37
2015.10.27 04:45:35.741,0.72052,0.72063,1.00,3.00
2015.10.27 04:45:36.646,0.72052,0.72062,1.00,3.00
2015.10.27 04:45:37.154,0.72051,0.72061,1.00,2.62
2015.10.27 04:45:42.130,0.72052,0.72059,1.00,1.12
2015.10.27 04:45:42.675,0.72052,0.72061,1.00,1.12
2015.10.27 04:45:43.187,0.72052,0.72062,1.00,1.12
2015.10.27 04:45:48.306,0.72051,0.72062,1.00,1.12
2015.10.27 04:46:02.214,0.72051,0.72062,1.87,1.37
2015.10.27 04:46:03.896,0.72053,0.72062,1.00,1.37
2015.10.27 04:46:05.737,0.72053,0.72062,1.00,1.12
2015.10.27 04:46:09.084,0.72052,0.72062,1.00,1.12
2015.10.27 04:46:11.233,0.72052,0.72062,1.00,1.37
2015.10.27 04:46:14.243,0.72052,0.72062,1.00,2.25
2015.10.27 04:46:15.853,0.7205,0.72062,1.50,1.87
2015.10.27 04:46:17.051,0.72051,0.72062,1.00,1.87
2015.10.27 04:46:21.331,0.7205,0.72061,2.62,1.12
2015.10.27 04:46:23.515,0.72051,0.72061,1.00,1.00
2015.10.27 04:46:24.857,0.7205,0.72061,2.62,1.00
2015.10.27 04:46:27.328,0.72049,0.72059,1.87,1.00
2015.10.27 04:46:28.575,0.72049,0.72058,1.00,1.12
2015.10.27 04:46:31.487,0.72049,0.72058,1.00,1.37
2015.10.27 04:46:32.414,0.72049,0.72058,1.00,1.00
2015.10.27 04:46:32.921,0.72048,0.72058,2.25,1.00
2015.10.27 04:46:33.867,0.7205,0.72058,1.00,1.00
2015.10.27 04:46:34.698,0.7205,0.7206,1.50,1.87
2015.10.27 04:46:36.593,0.7205,0.72059,1.00,1.12
2015.10.27 04:46:36.848,0.72048,0.72059,1.12,2.62
2015.10.27 04:46:37.408,0.72048,0.72057,1.87,1.00
2015.10.27 04:46:38.249,0.72048,0.72058,1.12,1.87
2015.10.27 04:46:38.761,0.72047,0.72058,1.12,1.50
2015.10.27 04:46:38.914,0.72047,0.72058,1.00,1.87
2015.10.27 04:46:40.020,0.72047,0.72058,1.00,1.87
2015.10.27 04:46:40.886,0.72047,0.72059,1.87,1.50
2015.10.27 04:46:40.988,0.72049,0.72059,1.00,1.12
2015.10.27 04:46:43.101,0.7205,0.7206,1.00,1.37
2015.10.27 04:46:44.209,0.7205,0.72062,1.50,2.62
2015.10.27 04:46:47.240,0.7205,0.7206,1.00,1.00
2015.10.27 04:46:50.069,0.72049,0.72059,1.50,1.12
2015.10.27 04:46:51.664,0.7205,0.72061,1.00,1.37
2015.10.27 04:46:52.171,0.7205,0.72062,1.50,2.62
2015.10.27 04:46:55.025,0.7205,0.72062,2.62,1.87
2015.10.27 04:46:56.626,0.7205,0.7206,1.00,1.12
2015.10.27 04:46:57.137,0.72049,0.72059,1.12,1.00
2015.10.27 04:47:00.440,0.72048,0.72059,1.87,1.12
2015.10.27 04:47:01.047,0.72048,0.72059,1.37,1.12
2015.10.27 04:47:02.279,0.72048,0.72059,1.37,1.37
2015.10.27 04:47:04.030,0.72048,0.72059,1.87,1.00
2015.10.27 04:47:05.588,0.7205,0.72059,1.00,1.00
2015.10.27 04:47:07.586,0.72049,0.72059,1.87,1.00
2015.10.27 04:47:10.032,0.72049,0.72059,1.87,1.12
2015.10.27 04:47:10.440,0.72048,0.72059,1.12,1.37
2015.10.27 04:47:11.437,0.72047,0.72059,1.00,1.87
2015.10.27 04:47:13.208,0.72047,0.72056,1.00,1.87
2015.10.27 04:47:13.260,0.72045,0.72056,1.00,2.62
2015.10.27 04:47:14.065,0.72043,0.72054,1.87,1.37
2015.10.27 04:47:21.264,0.72042,0.72052,1.37,1.00
2015.10.27 04:47:25.064,0.72042,0.72052,1.12,1.00
2015.10.27 04:47:40.707,0.72041,0.72053,3.37,1.87
2015.10.27 04:47:44.195,0.72041,0.72053,3.37,1.87
2015.10.27 04:47:49.191,0.72041,0.72053,3.75,1.12
2015.10.27 04:47:50.198,0.72041,0.72053,2.62,1.37
2015.10.27 04:47:51.201,0.72041,0.72053,2.62,1.37
2015.10.27 04:47:55.555,0.72041,0.72053,1.87,1.12
2015.10.27 04:47:56.233,0.72041,0.72053,1.87,1.12
2015.10.27 04:47:58.445,0.72042,0.72053,1.00,1.12
2015.10.27 04:48:01.118,0.72043,0.72053,1.00,1.00
2015.10.27 04:48:03.649,0.72042,0.72053,3.37,1.00
2015.10.27 04:48:06.257,0.72042,0.72053,1.37,1.37
2015.10.27 04:48:13.471,0.72042,0.72053,1.00,1.37
2015.10.27 04:48:14.739,0.72041,0.72053,1.87,1.37
2015.10.27 04:48:19.463,0.72041,0.72053,1.87,1.12
2015.10.27 04:48:20.666,0.72041,0.72052,1.87,1.50
2015.10.27 04:48:42.586,0.72041,0.72052,1.37,1.37
2015.10.27 04:48:46.618,0.72041,0.72052,1.12,1.00
2015.10.27 04:48:59.208,0.72039,0.72051,3.75,1.00
2015.10.27 04:49:00.230,0.72039,0.72049,2.62,1.00
2015.10.27 04:49:00.760,0.72039,0.72049,1.87,1.00
2015.10.27 04:49:01.275,0.72038,0.72049,1.12,1.87
2015.10.27 04:49:06.859,0.72038,0.7205,1.87,1.87
2015.10.27 04:49:10.331,0.72038,0.72049,1.87,1.00
2015.10.27 04:49:33.015,0.72037,0.72049,2.62,1.12
2015.10.27 04:49:33.527,0.72038,0.72049,1.00,1.12
2015.10.27 04:49:48.106,0.72039,0.72049,1.00,1.00
2015.10.27 04:49:57.552,0.72038,0.72049,1.87,1.00
2015.10.27 04:50:00.255,0.72039,0.72049,1.00,1.00
2015.10.27 04:50:04.476,0.72038,0.72049,1.87,1.00
2015.10.27 04:50:06.662,0.7204,0.72049,1.00,1.00
2015.10.27 04:50:06.968,0.7204,0.72051,1.87,1.12
2015.10.27 04:50:07.282,0.72042,0.72052,1.00,1.37
2015.10.27 04:50:07.768,0.72042,0.72053,1.87,1.12
2015.10.27 04:50:08.277,0.72043,0.72053,1.00,1.12
2015.10.27 04:50:08.827,0.72043,0.72053,1.37,1.12
2015.10.27 04:50:13.589,0.72043,0.72053,1.87,1.00
2015.10.27 04:50:15.700,0.72042,0.72053,2.62,1.12
2015.10.27 04:50:16.562,0.72042,0.72053,1.00,1.12
2015.10.27 04:50:19.608,0.72042,0.72053,1.37,1.37
2015.10.27 04:50:22.958,0.72042,0.72053,1.00,1.87
2015.10.27 04:50:24.056,0.72041,0.72053,3.37,1.87
2015.10.27 04:50:38.381,0.72042,0.72053,1.00,1.87
2015.10.27 04:50:40.134,0.72043,0.72053,1.00,1.50
2015.10.27 04:50:40.643,0.72043,0.72053,1.87,1.50
2015.10.27 04:50:41.150,0.72044,0.72054,1.12,1.00
2015.10.27 04:50:48.764,0.72043,0.72054,1.12,1.00
2015.10.27 04:50:50.619,0.72042,0.72054,1.12,1.12
2015.10.27 04:50:54.187,0.72043,0.72054,1.00,1.12
2015.10.27 04:51:00.651,0.72042,0.72053,1.87,1.00
2015.10.27 04:51:01.659,0.72042,0.72053,1.87,1.00
2015.10.27 04:51:02.664,0.72042,0.72053,1.87,1.00
2015.10.27 04:51:04.665,0.72042,0.72053,1.87,1.00
2015.10.27 04:51:05.684,0.72042,0.72053,1.87,1.00
2015.10.27 04:51:06.585,0.72043,0.72053,1.00,1.00
2015.10.27 04:51:07.092,0.72043,0.72053,1.37,1.12
2015.10.27 04:51:07.671,0.72043,0.72053,1.00,1.00
2015.10.27 04:51:08.344,0.72042,0.72053,1.12,1.00
2015.10.27 04:51:09.679,0.72042,0.72053,1.12,1.37
2015.10.27 04:51:12.292,0.72041,0.72053,2.62,1.37
2015.10.27 04:51:13.099,0.72041,0.72053,2.62,1.12
2015.10.27 04:51:13.504,0.72044,0.72053,1.00,1.12
2015.10.27 04:51:18.567,0.72045,0.72053,1.00,1.12
2015.10.27 04:51:19.397,0.72045,0.72053,1.00,1.37
2015.10.27 04:51:23.879,0.72044,0.72052,1.00,1.12
2015.10.27 04:51:32.193,0.72044,0.72051,1.00,1.00
2015.10.27 04:51:54.038,0.72046,0.72051,1.00,1.00
2015.10.27 04:51:55.006,0.72044,0.72051,1.00,1.00
2015.10.27 04:52:01.111,0.72043,0.72051,1.00,1.50
2015.10.27 04:52:02.248,0.72043,0.7205,1.00,1.00
2015.10.27 04:52:02.300,0.72041,0.7205,1.00,1.00
2015.10.27 04:52:07.388,0.72043,0.7205,1.00,1.00
2015.10.27 04:52:12.415,0.72045,0.7205,1.00,1.00
2015.10.27 04:52:12.924,0.72045,0.72051,1.00,1.12
2015.10.27 04:52:25.759,0.72046,0.72051,1.00,1.00
2015.10.27 04:52:31.306,0.72044,0.72051,1.00,1.00
2015.10.27 04:52:46.865,0.72045,0.72051,1.00,1.00
2015.10.27 04:53:00.578,0.72045,0.7205,1.00,1.00
2015.10.27 04:53:03.288,0.72044,0.7205,1.00,1.00
2015.10.27 04:53:04.190,0.72045,0.7205,1.00,1.00
2015.10.27 04:53:20.626,0.72045,0.72051,1.00,1.00
2015.10.27 04:54:03.766,0.72047,0.72051,1.00,1.00
2015.10.27 04:54:12.949,0.72046,0.72051,1.00,1.00
2015.10.27 04:54:20.722,0.72046,0.7205,1.00,1.00
2015.10.27 04:54:23.779,0.72045,0.7205,1.00,1.00
2015.10.27 04:54:27.817,0.72045,0.72052,1.00,1.00
2015.10.27 04:54:29.973,0.72047,0.72052,1.00,1.00
2015.10.27 04:54:47.072,0.72045,0.72052,1.00,1.00
2015.10.27 04:55:03.010,0.72046,0.72052,1.00,1.00
2015.10.27 04:55:34.801,0.72047,0.72052,1.00,1.00
2015.10.27 04:56:00.667,0.72047,0.72053,1.00,1.12
2015.10.27 04:56:08.246,0.72046,0.72053,1.00,1.12
2015.10.27 04:56:19.094,0.72046,0.72053,1.00,1.37
2015.10.27 04:56:40.674,0.72046,0.72053,1.00,1.00
2015.10.27 04:56:41.862,0.72043,0.72053,1.12,1.00
2015.10.27 04:56:46.727,0.72046,0.72053,1.00,1.00
2015.10.27 04:56:47.249,0.72047,0.72053,1.00,1.00
2015.10.27 04:56:49.458,0.72047,0.72055,1.00,1.12
2015.10.27 04:56:51.421,0.72047,0.72055,1.00,1.37
2015.10.27 04:56:54.300,0.72047,0.72055,1.00,1.87
2015.10.27 04:56:55.045,0.72046,0.72055,1.00,2.62
2015.10.27 04:56:55.299,0.72046,0.72055,1.00,1.87
2015.10.27 04:57:04.668,0.72045,0.72054,1.00,1.37
2015.10.27 04:57:17.866,0.72049,0.72055,1.00,2.62
2015.10.27 04:57:17.918,0.72049,0.72055,1.00,1.00
2015.10.27 04:57:18.427,0.72049,0.72056,1.00,2.25
2015.10.27 04:57:19.135,0.7205,0.72056,1.00,1.87
2015.10.27 04:57:19.391,0.72048,0.72056,1.00,1.00
2015.10.27 04:58:07.226,0.72051,0.72056,1.00,1.50
2015.10.27 04:58:15.264,0.72049,0.72056,1.50,1.50
2015.10.27 04:58:34.823,0.72048,0.72056,1.00,1.00
2015.10.27 04:58:35.352,0.72049,0.72055,1.00,1.00
2015.10.27 04:58:35.862,0.72048,0.72056,1.00,1.87
2015.10.27 04:58:36.370,0.72049,0.72056,1.00,1.50
2015.10.27 04:58:37.680,0.72049,0.72057,1.00,2.62
2015.10.27 04:58:45.540,0.72048,0.72057,1.00,2.25
2015.10.27 04:58:48.144,0.72047,0.72057,1.87,1.50
2015.10.27 04:58:48.696,0.72048,0.72057,1.00,1.50
2015.10.27 04:58:56.612,0.72047,0.72057,1.87,1.50
2015.10.27 04:58:57.146,0.72047,0.72057,1.87,2.25
2015.10.27 04:59:01.203,0.72047,0.72057,1.87,2.25
2015.10.27 04:59:03.652,0.72048,0.72057,1.00,1.50
2015.10.27 04:59:04.324,0.72047,0.72057,2.62,1.50
2015.10.27 04:59:07.495,0.72048,0.72057,1.50,1.50
2015.10.27 04:59:18.652,0.72047,0.72057,1.87,1.50
2015.10.27 04:59:20.937,0.72048,0.72057,1.00,1.50
2015.10.27 04:59:24.321,0.72046,0.72057,1.87,1.50
2015.10.27 04:59:24.973,0.72048,0.72057,1.00,1.50
2015.10.27 04:59:30.916,0.72046,0.72057,1.87,1.50
2015.10.27 04:59:31.466,0.72046,0.72057,1.87,1.87
2015.10.27 04:59:32.278,0.72046,0.72057,1.87,1.50
2015.10.27 04:59:36.783,0.72048,0.72057,1.00,1.50
2015.10.27 04:59:37.755,0.72049,0.72057,1.00,1.00
2015.10.27 04:59:40.930,0.7205,0.72056,1.00,1.00
2015.10.27 04:59:41.371,0.72048,0.72056,1.12,1.00
2015.10.27 04:59:52.800,0.72049,0.72056,1.00,1.00
2015.10.27 04:59:54.157,0.72048,0.72056,1.00,1.00
