2015.12.15 02:00:01.024,0.72634,0.72645,1.87,1.12
2015.12.15 02:00:01.486,0.72633,0.72644,4.12,1.00
2015.12.15 02:00:01.843,0.72634,0.72642,1.00,1.00
2015.12.15 02:00:04.151,0.72633,0.72642,2.25,1.00
2015.12.15 02:00:04.656,0.72633,0.72643,1.87,1.00
2015.12.15 02:00:06.507,0.72633,0.72642,1.87,1.00
2015.12.15 02:00:08.763,0.72633,0.72643,1.87,1.00
2015.12.15 02:00:09.300,0.72634,0.72643,1.00,1.00
2015.12.15 02:00:09.916,0.72633,0.72643,2.25,1.00
2015.12.15 02:00:10.940,0.72635,0.72645,1.00,1.87
2015.12.15 02:00:11.246,0.72635,0.72643,1.50,1.00
2015.12.15 02:00:12.449,0.72635,0.72646,2.25,1.87
2015.12.15 02:00:12.856,0.72636,0.72647,1.50,3.00
2015.12.15 02:00:13.365,0.72637,0.72648,3.75,1.00
2015.12.15 02:00:15.143,0.72638,0.72648,1.00,1.00
2015.12.15 02:00:15.779,0.72638,0.72647,1.00,1.00
2015.12.15 02:00:16.636,0.72637,0.72647,2.62,1.00
2015.12.15 02:00:17.144,0.72636,0.72647,2.62,1.12
2015.12.15 02:00:17.664,0.72636,0.72647,2.62,1.12
2015.12.15 02:00:18.170,0.72636,0.72647,3.00,1.12
2015.12.15 02:00:18.877,0.72636,0.72646,1.12,1.00
2015.12.15 02:00:19.419,0.72637,0.72647,1.00,1.12
2015.12.15 02:00:19.927,0.72638,0.72648,1.00,2.25
2015.12.15 02:00:20.475,0.72637,0.72648,1.00,2.62
2015.12.15 02:00:22.131,0.72637,0.72647,1.00,1.37
2015.12.15 02:00:23.849,0.72636,0.72647,1.50,1.37
2015.12.15 02:00:25.837,0.72637,0.72646,1.00,1.12
2015.12.15 02:00:26.632,0.72637,0.72648,1.00,3.75
2015.12.15 02:00:28.600,0.72637,0.72648,1.00,3.37
2015.12.15 02:00:29.849,0.72638,0.72648,1.00,3.37
2015.12.15 02:00:34.676,0.72639,0.72648,1.00,1.37
2015.12.15 02:00:35.286,0.72638,0.72648,1.00,1.37
2015.12.15 02:00:36.716,0.72638,0.72648,1.00,1.50
2015.12.15 02:00:37.742,0.72638,0.72648,1.00,1.50
2015.12.15 02:00:42.722,0.72638,0.72648,1.00,1.87
2015.12.15 02:00:45.643,0.72637,0.72648,1.00,1.37
2015.12.15 02:00:46.158,0.72637,0.72647,1.50,1.37
2015.12.15 02:00:46.674,0.72636,0.72646,1.12,1.12
2015.12.15 02:00:47.183,0.72637,0.72646,1.00,1.12
2015.12.15 02:00:48.217,0.72637,0.72648,1.00,2.62
2015.12.15 02:00:49.231,0.72637,0.72648,1.00,2.62
2015.12.15 02:00:50.263,0.72637,0.72648,1.00,2.62
2015.12.15 02:00:52.359,0.72636,0.72648,2.25,3.37
2015.12.15 02:00:56.370,0.72636,0.72647,2.25,1.37
2015.12.15 02:00:57.825,0.72636,0.72645,1.00,1.00
2015.12.15 02:00:58.341,0.72635,0.72645,2.25,1.00
2015.12.15 02:00:58.848,0.72635,0.72647,2.62,3.37
2015.12.15 02:01:01.391,0.72635,0.72647,2.25,2.62
2015.12.15 02:01:01.899,0.72636,0.72647,1.00,1.87
2015.12.15 02:01:02.403,0.72636,0.72646,1.50,1.00
2015.12.15 02:01:02.996,0.72637,0.72646,1.00,1.00
2015.12.15 02:01:03.149,0.72637,0.72648,1.50,1.87
2015.12.15 02:01:05.899,0.72637,0.72649,1.87,1.50
2015.12.15 02:01:06.052,0.72636,0.72646,3.37,1.00
2015.12.15 02:01:06.256,0.72635,0.72646,1.12,1.50
2015.12.15 02:01:14.104,0.72636,0.72646,1.00,1.87
2015.12.15 02:01:17.092,0.72636,0.72647,1.00,3.37
2015.12.15 02:01:20.095,0.72635,0.72647,1.87,4.12
2015.12.15 02:01:20.400,0.72635,0.72645,1.87,1.00
2015.12.15 02:01:20.908,0.72633,0.72644,1.50,1.00
2015.12.15 02:01:22.913,0.72634,0.72645,1.12,1.00
2015.12.15 02:01:25.190,0.72635,0.72645,1.50,1.12
2015.12.15 02:01:25.703,0.72634,0.72645,1.12,1.87
2015.12.15 02:01:26.243,0.72634,0.72645,1.37,1.12
2015.12.15 02:01:26.753,0.72634,0.72644,1.37,1.00
2015.12.15 02:01:28.841,0.72634,0.72644,1.00,1.00
2015.12.15 02:01:31.930,0.72634,0.72644,1.50,1.00
2015.12.15 02:01:33.953,0.72634,0.72644,1.12,1.00
2015.12.15 02:01:49.003,0.72634,0.72644,1.37,1.00
2015.12.15 02:01:53.000,0.72634,0.72644,1.37,1.12
2015.12.15 02:01:54.008,0.72634,0.72644,1.12,1.00
2015.12.15 02:01:56.012,0.72634,0.72644,1.37,1.00
2015.12.15 02:01:58.108,0.72634,0.72643,1.37,1.00
2015.12.15 02:01:58.752,0.72634,0.72642,1.87,1.00
2015.12.15 02:02:00.003,0.72634,0.72642,1.87,1.00
2015.12.15 02:02:11.996,0.72634,0.72643,1.00,1.00
2015.12.15 02:02:18.031,0.72634,0.72643,1.37,1.00
2015.12.15 02:02:18.588,0.72634,0.72642,2.62,1.00
2015.12.15 02:02:22.184,0.72634,0.72644,1.87,1.00
2015.12.15 02:02:23.606,0.72634,0.72643,1.87,1.00
2015.12.15 02:02:25.072,0.72634,0.72643,1.87,1.00
2015.12.15 02:02:28.725,0.72634,0.72644,3.00,1.00
2015.12.15 02:02:29.346,0.72634,0.72643,2.25,1.00
2015.12.15 02:02:33.058,0.72634,0.72643,1.87,1.00
2015.12.15 02:02:34.159,0.72634,0.72643,1.50,1.00
2015.12.15 02:02:38.399,0.72635,0.72643,1.00,1.00
2015.12.15 02:02:46.266,0.72635,0.72644,1.00,1.00
2015.12.15 02:02:46.834,0.72635,0.72643,1.00,1.00
2015.12.15 02:02:48.141,0.72635,0.72642,1.00,1.00
2015.12.15 02:02:58.729,0.72635,0.72643,1.00,1.00
2015.12.15 02:02:59.255,0.72635,0.72644,1.37,1.00
2015.12.15 02:02:59.763,0.72635,0.72645,1.87,1.50
2015.12.15 02:03:00.419,0.72636,0.72646,1.00,1.00
2015.12.15 02:03:00.930,0.72637,0.72646,1.00,1.00
2015.12.15 02:03:04.875,0.72637,0.72645,1.00,1.00
2015.12.15 02:03:08.628,0.72636,0.72647,3.37,2.62
2015.12.15 02:03:10.549,0.72637,0.72646,2.25,1.00
2015.12.15 02:03:15.868,0.72637,0.72647,2.25,1.00
2015.12.15 02:03:30.981,0.72637,0.72646,1.00,1.00
2015.12.15 02:03:31.504,0.72637,0.72647,1.50,1.00
2015.12.15 02:03:41.908,0.72637,0.72647,1.87,1.00
2015.12.15 02:03:43.044,0.72637,0.72647,1.50,1.00
2015.12.15 02:03:59.288,0.72637,0.72647,1.87,1.50
2015.12.15 02:04:01.365,0.72637,0.72647,1.12,1.00
2015.12.15 02:04:06.063,0.72638,0.72648,1.87,1.50
2015.12.15 02:04:06.267,0.72639,0.7265,1.12,3.00
2015.12.15 02:04:06.778,0.7264,0.7265,1.00,1.12
2015.12.15 02:04:07.324,0.7264,0.72651,1.37,1.50
2015.12.15 02:04:08.276,0.7264,0.72651,2.25,2.25
2015.12.15 02:04:08.785,0.7264,0.72651,1.87,1.50
2015.12.15 02:04:10.094,0.7264,0.72651,1.87,1.50
2015.12.15 02:04:10.634,0.7264,0.7265,1.87,1.12
2015.12.15 02:04:11.142,0.72639,0.72651,2.62,2.25
2015.12.15 02:04:12.244,0.7264,0.72651,1.12,4.50
2015.12.15 02:04:12.805,0.7264,0.72651,1.12,1.50
2015.12.15 02:04:13.446,0.7264,0.72651,1.12,4.50
2015.12.15 02:04:14.062,0.72639,0.72651,1.87,2.25
2015.12.15 02:04:14.798,0.72639,0.7265,1.37,1.00
2015.12.15 02:04:15.104,0.72639,0.72648,1.12,1.00
2015.12.15 02:04:15.257,0.72636,0.72648,5.25,2.62
2015.12.15 02:04:15.619,0.72636,0.72645,1.12,1.00
2015.12.15 02:04:16.129,0.72635,0.72647,1.50,2.62
2015.12.15 02:04:16.754,0.72635,0.72645,1.50,1.00
2015.12.15 02:04:20.022,0.72635,0.72644,1.00,1.00
2015.12.15 02:04:20.227,0.72633,0.72643,1.00,1.00
2015.12.15 02:04:20.731,0.72632,0.72642,1.87,1.00
2015.12.15 02:04:21.037,0.72631,0.7264,1.50,1.00
2015.12.15 02:04:21.565,0.7263,0.72641,1.50,2.62
2015.12.15 02:04:22.175,0.72631,0.72641,1.00,1.50
2015.12.15 02:04:22.795,0.7263,0.72641,1.00,1.50
2015.12.15 02:04:23.302,0.72629,0.72641,2.25,3.37
2015.12.15 02:04:29.326,0.7263,0.72641,1.00,1.87
2015.12.15 02:04:37.129,0.7263,0.7264,1.00,1.00
2015.12.15 02:04:40.905,0.7263,0.72641,1.50,1.12
2015.12.15 02:04:41.455,0.72629,0.72641,2.25,1.87
2015.12.15 02:04:42.004,0.7263,0.72641,1.12,1.12
2015.12.15 02:04:42.887,0.7263,0.72641,1.00,1.37
2015.12.15 02:04:43.933,0.72631,0.72641,1.00,1.00
2015.12.15 02:04:44.238,0.72632,0.72644,1.00,1.87
2015.12.15 02:04:47.217,0.72633,0.72644,1.00,1.12
2015.12.15 02:04:52.280,0.72633,0.72644,1.00,1.37
2015.12.15 02:04:53.262,0.72633,0.72644,1.00,1.12
2015.12.15 02:04:53.923,0.72632,0.72644,4.12,1.87
2015.12.15 02:04:58.451,0.72634,0.72644,1.00,1.50
2015.12.15 02:05:01.336,0.72634,0.72645,1.00,1.12
2015.12.15 02:05:03.898,0.72635,0.72646,1.00,1.87
2015.12.15 02:05:05.265,0.72636,0.72645,1.00,1.12
2015.12.15 02:05:09.277,0.72636,0.72645,1.00,1.37
2015.12.15 02:05:15.823,0.72637,0.72646,1.00,1.37
2015.12.15 02:05:15.978,0.72637,0.72648,1.00,2.62
2015.12.15 02:05:16.523,0.72637,0.72648,1.50,1.12
2015.12.15 02:05:18.562,0.72638,0.72648,1.00,1.00
2015.12.15 02:05:29.141,0.72638,0.72649,1.87,1.12
2015.12.15 02:05:31.152,0.72638,0.72648,1.50,1.00
2015.12.15 02:05:32.127,0.72637,0.72649,1.87,1.37
2015.12.15 02:05:32.658,0.72637,0.72649,1.87,1.50
2015.12.15 02:05:33.476,0.72638,0.72649,1.00,1.87
2015.12.15 02:05:34.238,0.72638,0.72649,1.87,1.37
2015.12.15 02:05:36.268,0.72638,0.7265,2.25,1.12
2015.12.15 02:05:37.098,0.72638,0.72648,1.00,1.00
2015.12.15 02:05:43.539,0.72638,0.72649,2.25,1.12
2015.12.15 02:05:44.250,0.72638,0.7265,1.00,2.25
2015.12.15 02:05:45.241,0.72638,0.7265,1.12,2.25
2015.12.15 02:05:49.156,0.72637,0.72649,3.00,1.00
2015.12.15 02:05:54.277,0.72638,0.72649,1.00,1.00
2015.12.15 02:05:54.938,0.72637,0.72649,4.87,1.00
2015.12.15 02:05:58.557,0.72639,0.72649,1.00,1.00
2015.12.15 02:06:18.465,0.72638,0.7265,2.25,1.50
2015.12.15 02:06:21.429,0.72638,0.7265,3.00,1.50
2015.12.15 02:06:24.437,0.72638,0.7265,3.00,1.50
2015.12.15 02:06:24.936,0.7264,0.7265,1.00,1.50
2015.12.15 02:06:31.019,0.7264,0.7265,1.00,3.75
2015.12.15 02:06:31.954,0.7264,0.7265,1.00,1.50
2015.12.15 02:06:32.473,0.7264,0.7265,1.00,3.75
2015.12.15 02:06:33.531,0.7264,0.7265,1.00,1.50
2015.12.15 02:06:36.473,0.7264,0.7265,1.12,1.50
2015.12.15 02:06:39.496,0.72639,0.7265,1.50,1.50
2015.12.15 02:06:46.567,0.72639,0.7265,1.50,3.75
2015.12.15 02:06:47.082,0.72639,0.7265,1.12,1.50
2015.12.15 02:06:47.624,0.72639,0.7265,1.50,3.75
2015.12.15 02:06:49.888,0.72639,0.7265,1.12,1.50
2015.12.15 02:06:55.903,0.72638,0.7265,3.37,1.50
2015.12.15 02:06:56.895,0.72638,0.7265,3.37,1.50
2015.12.15 02:06:57.589,0.72638,0.7265,4.87,3.75
2015.12.15 02:06:58.095,0.72638,0.7265,4.12,1.50
2015.12.15 02:06:58.727,0.72639,0.72649,1.00,1.00
2015.12.15 02:07:02.109,0.7264,0.72649,1.00,1.12
2015.12.15 02:07:03.253,0.72639,0.72649,2.62,1.00
2015.12.15 02:07:08.337,0.7264,0.72649,1.00,1.00
2015.12.15 02:07:09.098,0.72639,0.72649,1.50,1.00
2015.12.15 02:07:09.606,0.7264,0.72649,1.00,1.12
2015.12.15 02:07:16.904,0.72639,0.72649,1.87,1.12
2015.12.15 02:07:39.121,0.72639,0.7265,1.87,1.12
2015.12.15 02:07:48.258,0.72639,0.7265,1.87,1.50
2015.12.15 02:07:49.064,0.72639,0.7265,1.12,1.50
2015.12.15 02:07:50.984,0.72639,0.7265,1.12,1.50
2015.12.15 02:07:51.988,0.72639,0.7265,1.00,1.50
2015.12.15 02:07:52.573,0.72638,0.7265,2.25,1.50
2015.12.15 02:07:54.274,0.72638,0.7265,2.62,1.50
2015.12.15 02:07:56.915,0.72638,0.7265,2.25,1.50
2015.12.15 02:08:00.325,0.72638,0.7265,2.62,2.25
2015.12.15 02:08:00.723,0.72638,0.7265,2.62,1.50
2015.12.15 02:08:05.168,0.72638,0.7265,2.62,1.12
2015.12.15 02:08:06.504,0.72638,0.7265,1.87,3.00
2015.12.15 02:08:07.104,0.72638,0.7265,1.12,2.25
2015.12.15 02:08:07.155,0.72638,0.7265,1.12,2.25
2015.12.15 02:08:08.139,0.72638,0.7265,1.50,1.50
2015.12.15 02:08:08.749,0.72638,0.7265,1.87,2.25
2015.12.15 02:08:09.220,0.7264,0.7265,1.00,2.25
2015.12.15 02:08:09.728,0.7264,0.7265,1.00,1.12
2015.12.15 02:08:09.953,0.72638,0.7265,4.50,1.12
2015.12.15 02:08:10.585,0.72638,0.7265,2.62,1.50
2015.12.15 02:08:11.907,0.7264,0.7265,1.00,1.12
2015.12.15 02:08:12.608,0.72639,0.7265,1.12,1.12
2015.12.15 02:08:13.369,0.72638,0.7265,1.87,1.87
2015.12.15 02:08:13.572,0.72642,0.7265,1.00,1.87
2015.12.15 02:08:14.100,0.72642,0.72651,1.50,1.00
2015.12.15 02:08:14.623,0.72643,0.72651,1.00,1.00
2015.12.15 02:08:16.234,0.72643,0.72652,1.12,1.59
2015.12.15 02:08:16.809,0.72643,0.72652,1.12,1.09
2015.12.15 02:08:18.635,0.72643,0.72652,1.12,2.34
2015.12.15 02:08:19.155,0.72644,0.72652,1.12,2.34
2015.12.15 02:08:20.891,0.72643,0.72652,1.12,2.34
2015.12.15 02:08:24.999,0.72642,0.72652,1.37,2.72
2015.12.15 02:08:25.944,0.72642,0.72652,1.37,2.34
2015.12.15 02:08:26.455,0.72644,0.72652,1.50,2.25
2015.12.15 02:08:27.889,0.72643,0.72652,1.12,2.25
2015.12.15 02:08:31.386,0.72645,0.72652,1.00,2.25
2015.12.15 02:08:48.925,0.72646,0.72652,1.00,1.00
2015.12.15 02:08:49.231,0.72651,0.72658,1.00,1.50
2015.12.15 02:08:49.537,0.72653,0.72664,1.00,3.00
2015.12.15 02:08:50.051,0.72654,0.72664,1.50,1.50
2015.12.15 02:08:50.560,0.72653,0.72663,1.00,1.12
2015.12.15 02:08:51.070,0.72652,0.72662,1.00,1.00
2015.12.15 02:08:51.611,0.72652,0.72662,1.00,1.37
2015.12.15 02:08:53.467,0.72652,0.72662,1.00,1.12
2015.12.15 02:08:58.347,0.72652,0.72662,1.00,1.37
2015.12.15 02:08:58.863,0.72651,0.72662,1.50,1.37
2015.12.15 02:09:00.658,0.72653,0.72663,1.00,2.62
2015.12.15 02:09:05.368,0.72653,0.72663,1.00,2.62
2015.12.15 02:09:06.370,0.72653,0.72663,1.00,2.62
2015.12.15 02:09:08.420,0.72653,0.72663,1.00,2.62
2015.12.15 02:09:13.379,0.72653,0.72663,1.00,2.62
2015.12.15 02:09:14.214,0.72655,0.72663,1.00,1.50
2015.12.15 02:09:14.520,0.72658,0.72665,1.00,1.09
2015.12.15 02:09:14.724,0.72659,0.72666,1.00,1.00
2015.12.15 02:09:14.877,0.7266,0.72669,1.00,1.87
2015.12.15 02:09:15.697,0.7266,0.7267,1.00,1.50
2015.12.15 02:09:16.754,0.7266,0.7267,1.00,1.50
2015.12.15 02:09:17.163,0.72663,0.7267,1.00,1.12
2015.12.15 02:09:17.469,0.72665,0.72671,1.00,1.00
2015.12.15 02:09:18.124,0.72665,0.72672,1.00,1.50
2015.12.15 02:09:18.665,0.72665,0.72673,1.00,3.00
2015.12.15 02:09:19.173,0.72664,0.72673,1.00,3.00
2015.12.15 02:09:19.431,0.72662,0.72672,1.00,1.50
2015.12.15 02:09:19.533,0.72662,0.72672,1.00,2.62
2015.12.15 02:09:20.042,0.72661,0.72671,1.00,1.50
2015.12.15 02:09:20.579,0.72661,0.72671,1.00,1.75
2015.12.15 02:09:21.754,0.72662,0.72671,1.00,1.75
2015.12.15 02:09:22.060,0.72664,0.72672,1.00,1.87
2015.12.15 02:09:22.569,0.72663,0.72672,1.00,1.50
2015.12.15 02:09:23.120,0.72662,0.72672,1.00,1.50
2015.12.15 02:09:30.618,0.72663,0.72672,1.00,1.00
2015.12.15 02:09:31.127,0.72663,0.72673,1.12,3.00
2015.12.15 02:09:32.965,0.72663,0.72672,1.00,1.00
2015.12.15 02:09:33.321,0.72665,0.72673,1.00,2.62
2015.12.15 02:09:33.928,0.72665,0.72673,1.50,1.00
2015.12.15 02:09:35.179,0.72663,0.72673,1.87,1.00
2015.12.15 02:09:35.575,0.72661,0.72673,2.62,3.75
2015.12.15 02:09:36.442,0.72661,0.72672,1.87,1.12
2015.12.15 02:09:36.999,0.72662,0.72671,1.00,1.12
2015.12.15 02:09:37.155,0.7266,0.72671,1.12,3.37
2015.12.15 02:09:37.863,0.7266,0.7267,1.00,1.00
2015.12.15 02:09:38.372,0.72659,0.7267,1.00,1.00
2015.12.15 02:09:38.881,0.72659,0.72669,1.00,1.00
2015.12.15 02:09:39.386,0.72659,0.7267,1.00,1.00
2015.12.15 02:09:45.342,0.7266,0.7267,1.00,1.00
2015.12.15 02:09:45.551,0.72662,0.72671,1.00,2.25
2015.12.15 02:09:46.099,0.72661,0.72671,1.00,1.12
2015.12.15 02:09:46.605,0.7266,0.72671,2.62,1.37
2015.12.15 02:09:47.641,0.72661,0.7267,1.00,1.00
2015.12.15 02:09:47.947,0.72663,0.72671,1.00,1.00
2015.12.15 02:09:51.567,0.72661,0.72669,1.87,1.00
2015.12.15 02:09:51.670,0.7266,0.72669,1.00,6.00
2015.12.15 02:09:51.722,0.72657,0.72667,1.50,1.00
2015.12.15 02:09:51.826,0.72656,0.72666,1.00,2.62
2015.12.15 02:09:51.930,0.72656,0.72667,1.00,1.87
2015.12.15 02:09:53.435,0.72657,0.72667,1.00,1.00
2015.12.15 02:09:55.709,0.72657,0.72667,2.62,1.50
2015.12.15 02:09:57.016,0.7266,0.72667,1.00,1.00
2015.12.15 02:09:57.220,0.72659,0.72669,1.87,1.00
2015.12.15 02:09:57.490,0.72659,0.7267,1.12,2.25
2015.12.15 02:09:58.802,0.72659,0.72669,1.00,1.00
2015.12.15 02:10:01.891,0.72659,0.7267,1.00,1.87
2015.12.15 02:10:02.258,0.72662,0.7267,1.00,1.00
2015.12.15 02:10:02.616,0.72662,0.72672,1.50,1.00
2015.12.15 02:10:02.769,0.72662,0.7267,1.00,1.00
2015.12.15 02:10:02.922,0.7266,0.7267,1.00,1.50
2015.12.15 02:10:03.082,0.7266,0.72668,1.00,1.00
2015.12.15 02:10:03.236,0.72658,0.72668,1.00,1.00
2015.12.15 02:10:03.850,0.72658,0.72669,1.00,1.12
2015.12.15 02:10:05.432,0.72658,0.7267,1.87,1.50
2015.12.15 02:10:05.535,0.72658,0.72668,1.00,1.00
2015.12.15 02:10:05.637,0.72658,0.7267,1.87,1.50
2015.12.15 02:10:05.739,0.72659,0.72668,1.00,1.00
2015.12.15 02:10:06.259,0.7266,0.72669,1.00,2.25
2015.12.15 02:10:07.306,0.7266,0.72668,1.00,1.00
2015.12.15 02:10:07.510,0.7266,0.7267,1.00,2.62
2015.12.15 02:10:09.942,0.7266,0.7267,1.87,1.00
2015.12.15 02:10:10.937,0.7266,0.7267,1.87,1.00
2015.12.15 02:10:12.732,0.72661,0.72672,2.62,1.00
2015.12.15 02:10:13.241,0.72661,0.72673,2.62,3.37
2015.12.15 02:10:13.747,0.72661,0.72672,2.25,1.12
2015.12.15 02:10:14.777,0.72661,0.72671,1.87,1.00
2015.12.15 02:10:14.931,0.72661,0.72669,1.37,1.00
2015.12.15 02:10:15.346,0.72659,0.72668,1.00,1.00
2015.12.15 02:10:15.884,0.72659,0.7267,1.00,1.37
2015.12.15 02:10:16.409,0.72659,0.7267,1.00,1.00
2015.12.15 02:10:18.545,0.72658,0.7267,1.87,1.50
2015.12.15 02:10:19.342,0.72658,0.72668,1.87,1.00
2015.12.15 02:10:19.394,0.72658,0.7267,1.12,1.50
2015.12.15 02:10:19.699,0.72658,0.72668,1.50,1.00
2015.12.15 02:10:20.675,0.72658,0.72669,1.50,1.50
2015.12.15 02:10:21.221,0.72658,0.72668,1.12,1.12
2015.12.15 02:10:21.729,0.72658,0.72667,1.12,1.00
2015.12.15 02:10:24.386,0.72658,0.72666,1.00,1.00
2015.12.15 02:10:25.024,0.72658,0.72665,1.00,1.00
2015.12.15 02:10:25.483,0.72655,0.72666,1.87,1.37
2015.12.15 02:10:26.077,0.72657,0.72666,1.00,1.00
2015.12.15 02:10:26.685,0.72657,0.72667,1.00,1.87
2015.12.15 02:10:27.195,0.72657,0.72666,1.00,1.00
2015.12.15 02:10:34.498,0.72657,0.72665,1.00,1.00
2015.12.15 02:10:36.187,0.72657,0.72667,1.00,2.62
2015.12.15 02:10:36.763,0.72657,0.72666,1.00,1.00
2015.12.15 02:10:37.283,0.72657,0.72667,1.00,2.62
2015.12.15 02:10:45.112,0.72657,0.72667,1.12,2.62
2015.12.15 02:10:46.113,0.72657,0.72667,1.00,2.62
2015.12.15 02:10:52.494,0.72657,0.72666,1.00,1.00
2015.12.15 02:10:58.482,0.72655,0.72666,2.25,1.00
2015.12.15 02:11:00.783,0.72655,0.72665,1.12,1.00
2015.12.15 02:11:01.298,0.72655,0.72665,1.37,1.00
2015.12.15 02:11:02.189,0.72655,0.72665,1.12,1.00
2015.12.15 02:11:04.704,0.72656,0.72665,1.00,1.00
2015.12.15 02:11:05.508,0.72656,0.72666,1.50,1.00
2015.12.15 02:11:07.181,0.72656,0.72667,1.37,1.12
2015.12.15 02:11:09.167,0.72656,0.72667,1.00,1.12
2015.12.15 02:11:09.705,0.72656,0.72666,1.12,1.00
2015.12.15 02:11:13.543,0.72656,0.72667,1.12,1.12
2015.12.15 02:11:18.184,0.72656,0.72667,1.37,1.37
2015.12.15 02:11:19.182,0.72657,0.72666,1.00,1.50
2015.12.15 02:11:19.689,0.72656,0.72667,1.00,1.12
2015.12.15 02:11:20.271,0.72655,0.72667,3.37,1.87
2015.12.15 02:11:21.237,0.72655,0.72666,3.37,1.00
2015.12.15 02:11:22.031,0.72656,0.72666,1.00,1.00
2015.12.15 02:11:27.066,0.72656,0.72667,1.00,1.87
2015.12.15 02:11:27.581,0.72656,0.72666,1.00,1.00
2015.12.15 02:11:28.772,0.72656,0.72665,1.50,1.00
2015.12.15 02:11:31.074,0.72656,0.72666,1.00,1.87
2015.12.15 02:11:37.201,0.7266,0.72666,1.00,1.12
2015.12.15 02:11:37.388,0.7266,0.72669,1.12,1.50
2015.12.15 02:11:37.439,0.72662,0.72669,1.00,1.50
2015.12.15 02:11:37.847,0.72662,0.72672,1.12,2.62
2015.12.15 02:11:38.355,0.7266,0.72671,1.12,2.25
2015.12.15 02:11:38.508,0.7266,0.7267,1.12,1.37
2015.12.15 02:11:38.610,0.72659,0.72671,1.87,3.00
2015.12.15 02:11:39.153,0.72659,0.72671,1.50,3.00
2015.12.15 02:11:39.662,0.72659,0.7267,1.50,1.00
2015.12.15 02:11:40.171,0.72658,0.72669,1.12,1.87
2015.12.15 02:11:40.682,0.72657,0.72669,3.37,2.62
2015.12.15 02:11:42.056,0.72659,0.72669,1.00,2.25
2015.12.15 02:11:42.565,0.72659,0.72669,1.50,1.50
2015.12.15 02:11:44.433,0.72659,0.72668,1.00,1.50
2015.12.15 02:11:44.485,0.72659,0.72666,1.00,1.00
2015.12.15 02:11:44.588,0.72657,0.72666,1.00,1.12
2015.12.15 02:11:45.319,0.72659,0.72669,1.00,1.87
2015.12.15 02:11:45.370,0.72657,0.72669,2.25,1.50
2015.12.15 02:11:45.879,0.72658,0.7267,1.87,2.62
2015.12.15 02:11:46.416,0.72658,0.72669,1.87,1.00
2015.12.15 02:11:48.090,0.72658,0.7267,1.87,2.62
2015.12.15 02:11:48.625,0.72658,0.72669,1.87,1.00
2015.12.15 02:11:49.175,0.72658,0.7267,1.87,2.62
2015.12.15 02:11:51.031,0.72658,0.72669,1.87,1.00
2015.12.15 02:11:51.554,0.72658,0.72669,1.87,1.00
2015.12.15 02:11:52.445,0.72658,0.72669,1.87,1.00
2015.12.15 02:11:53.460,0.72658,0.72669,1.37,1.00
2015.12.15 02:11:57.228,0.72659,0.7267,1.12,2.25
2015.12.15 02:12:01.625,0.7266,0.7267,1.00,1.50
2015.12.15 02:12:04.600,0.72659,0.7267,2.62,1.12
2015.12.15 02:12:11.596,0.7266,0.7267,1.50,1.00
2015.12.15 02:12:12.581,0.7266,0.7267,1.50,1.00
2015.12.15 02:12:19.157,0.72663,0.7267,1.00,1.59
2015.12.15 02:12:19.515,0.72665,0.7267,1.00,1.50
2015.12.15 02:12:20.026,0.72665,0.72671,1.00,1.00
2015.12.15 02:12:22.881,0.72666,0.72671,1.00,1.00
2015.12.15 02:12:23.636,0.72665,0.72671,1.12,1.00
2015.12.15 02:12:25.346,0.72663,0.72671,1.12,1.00
2015.12.15 02:12:25.652,0.72661,0.72671,1.87,3.37
2015.12.15 02:12:25.703,0.72661,0.7267,1.87,1.87
2015.12.15 02:12:26.008,0.7266,0.7267,1.00,3.75
2015.12.15 02:12:26.241,0.72658,0.72668,1.50,1.37
2015.12.15 02:12:26.750,0.72659,0.72668,1.00,1.00
2015.12.15 02:12:27.158,0.7266,0.7267,1.00,1.12
2015.12.15 02:12:27.661,0.72661,0.7267,1.00,1.12
2015.12.15 02:12:27.866,0.72659,0.7267,1.50,1.12
2015.12.15 02:12:28.376,0.7266,0.7267,1.00,1.12
2015.12.15 02:12:31.978,0.72662,0.7267,1.00,1.00
2015.12.15 02:12:33.753,0.72662,0.7267,1.87,1.00
2015.12.15 02:12:37.235,0.72662,0.72671,1.37,1.50
2015.12.15 02:12:37.744,0.72662,0.72671,1.12,1.50
2015.12.15 02:12:38.769,0.72662,0.72671,1.37,1.50
2015.12.15 02:12:40.773,0.72662,0.72671,1.00,1.87
2015.12.15 02:12:41.836,0.72662,0.72671,1.37,1.50
2015.12.15 02:12:42.580,0.72664,0.72671,1.00,1.50
2015.12.15 02:12:43.124,0.72664,0.72671,1.87,1.00
2015.12.15 02:12:51.108,0.72662,0.72671,2.62,1.00
2015.12.15 02:12:53.573,0.72663,0.72671,1.37,1.00
2015.12.15 02:13:02.602,0.72662,0.72671,3.00,1.00
2015.12.15 02:13:03.605,0.72662,0.72671,1.50,1.00
2015.12.15 02:13:04.632,0.72662,0.72671,1.50,1.00
2015.12.15 02:13:08.620,0.72662,0.72671,1.37,1.00
2015.12.15 02:13:15.730,0.72662,0.72671,1.37,1.87
2015.12.15 02:13:16.731,0.72662,0.72671,1.12,1.50
2015.12.15 02:13:21.702,0.72661,0.72671,2.62,1.50
2015.12.15 02:13:31.827,0.72661,0.72671,2.62,1.87
2015.12.15 02:13:36.950,0.72661,0.72671,1.87,1.12
2015.12.15 02:13:41.975,0.7266,0.72671,2.25,1.00
2015.12.15 02:13:42.965,0.7266,0.72671,2.25,1.00
2015.12.15 02:13:44.037,0.7266,0.72671,3.00,1.00
2015.12.15 02:13:51.065,0.7266,0.72672,4.50,1.50
2015.12.15 02:14:01.015,0.7266,0.72672,4.12,2.62
2015.12.15 02:14:01.796,0.7266,0.72672,3.37,2.25
2015.12.15 02:14:03.607,0.72659,0.72671,3.75,1.00
2015.12.15 02:14:05.907,0.72659,0.72671,3.37,1.00
2015.12.15 02:14:14.925,0.72659,0.72671,3.75,1.00
2015.12.15 02:14:21.945,0.72659,0.72671,1.87,1.00
2015.12.15 02:14:28.239,0.72659,0.72671,1.12,1.87
2015.12.15 02:14:28.613,0.72657,0.72669,2.62,1.50
2015.12.15 02:14:28.766,0.72657,0.72667,1.12,1.00
2015.12.15 02:14:29.276,0.72656,0.72667,1.00,1.12
2015.12.15 02:14:29.809,0.72656,0.72666,1.00,1.00
2015.12.15 02:14:31.269,0.72654,0.72666,2.62,1.00
2015.12.15 02:14:32.151,0.72654,0.72666,2.62,1.00
2015.12.15 02:14:37.047,0.72655,0.72666,1.00,1.00
2015.12.15 02:14:38.268,0.72654,0.72666,2.25,1.00
2015.12.15 02:14:42.940,0.72654,0.72665,1.12,1.00
2015.12.15 02:14:43.285,0.72651,0.72663,1.87,2.25
2015.12.15 02:14:43.641,0.72651,0.72661,1.00,1.00
2015.12.15 02:14:44.149,0.7265,0.72662,1.12,3.00
2015.12.15 02:14:45.193,0.72649,0.72661,3.37,1.50
2015.12.15 02:14:45.702,0.7265,0.72662,2.62,1.87
2015.12.15 02:14:46.357,0.7265,0.72662,2.62,1.87
2015.12.15 02:14:49.159,0.72651,0.72662,1.50,1.50
2015.12.15 02:14:50.079,0.72651,0.72662,1.50,1.50
2015.12.15 02:14:51.084,0.7265,0.72662,2.25,1.50
2015.12.15 02:14:51.593,0.7265,0.7266,1.12,1.00
2015.12.15 02:14:56.131,0.7265,0.7266,1.37,1.00
2015.12.15 02:15:01.628,0.7265,0.72661,2.62,1.12
2015.12.15 02:15:02.143,0.72649,0.7266,2.62,1.00
2015.12.15 02:15:03.033,0.72648,0.72659,1.87,1.00
2015.12.15 02:15:03.135,0.72648,0.72659,1.87,1.00
2015.12.15 02:15:07.214,0.72648,0.72659,1.37,1.00
2015.12.15 02:15:07.947,0.72649,0.7266,1.12,1.00
2015.12.15 02:15:10.273,0.72649,0.7266,1.37,1.00
2015.12.15 02:15:12.239,0.72649,0.7266,1.12,1.00
2015.12.15 02:15:19.491,0.7265,0.7266,1.00,1.00
2015.12.15 02:15:20.098,0.72649,0.7266,1.00,1.00
2015.12.15 02:15:22.384,0.72649,0.7266,1.37,1.12
2015.12.15 02:15:23.359,0.72649,0.7266,1.12,1.12
2015.12.15 02:15:37.575,0.7265,0.7266,1.00,1.37
2015.12.15 02:15:38.693,0.7265,0.72661,1.00,1.87
2015.12.15 02:15:40.282,0.72649,0.72661,1.00,1.87
2015.12.15 02:15:40.384,0.72648,0.72659,1.00,1.87
2015.12.15 02:15:40.923,0.72647,0.72658,3.00,1.12
2015.12.15 02:15:41.431,0.72647,0.72658,2.25,1.37
2015.12.15 02:15:49.436,0.72647,0.72658,2.25,1.37
2015.12.15 02:15:53.430,0.72647,0.72659,2.25,2.62
2015.12.15 02:15:55.939,0.72648,0.72658,1.00,1.37
2015.12.15 02:15:56.041,0.72648,0.72659,1.00,1.87
2015.12.15 02:15:58.497,0.72649,0.72659,1.00,1.00
2015.12.15 02:16:00.119,0.72648,0.72659,1.00,1.00
2015.12.15 02:16:01.528,0.72648,0.72659,1.00,1.37
2015.12.15 02:16:02.531,0.72648,0.72659,1.00,1.37
2015.12.15 02:16:04.501,0.72647,0.72659,1.50,1.37
2015.12.15 02:16:05.061,0.72647,0.72658,1.50,1.87
2015.12.15 02:16:06.054,0.72647,0.72657,1.50,1.37
2015.12.15 02:16:07.034,0.72647,0.72657,1.50,1.37
2015.12.15 02:16:18.540,0.72646,0.72658,2.25,3.47
2015.12.15 02:16:26.297,0.72646,0.72657,2.25,1.12
2015.12.15 02:16:27.170,0.72646,0.72657,2.62,1.37
2015.12.15 02:16:28.211,0.72646,0.72657,2.25,1.37
2015.12.15 02:16:29.196,0.72646,0.72657,2.25,1.12
2015.12.15 02:16:30.307,0.72646,0.72657,3.00,1.37
2015.12.15 02:16:32.222,0.72646,0.72657,2.62,1.37
2015.12.15 02:16:36.222,0.72646,0.72657,2.62,1.37
2015.12.15 02:16:38.260,0.72646,0.72658,3.00,1.47
2015.12.15 02:16:38.832,0.72648,0.72658,1.00,1.47
2015.12.15 02:16:40.205,0.72648,0.72658,1.00,1.97
2015.12.15 02:16:48.232,0.72648,0.72658,1.00,1.97
2015.12.15 02:16:54.217,0.72648,0.72658,1.00,1.97
2015.12.15 02:16:58.596,0.72647,0.72658,1.12,1.97
2015.12.15 02:16:59.161,0.72646,0.72658,3.00,1.97
2015.12.15 02:16:59.820,0.72646,0.72658,3.00,1.97
2015.12.15 02:17:00.398,0.72646,0.72658,3.00,1.97
2015.12.15 02:17:03.232,0.72646,0.72658,3.00,1.97
2015.12.15 02:17:05.244,0.72646,0.72658,1.87,2.72
2015.12.15 02:17:05.961,0.72646,0.72655,1.87,1.00
2015.12.15 02:17:06.541,0.72646,0.72655,1.87,1.12
2015.12.15 02:17:17.386,0.72646,0.72654,1.00,1.00
2015.12.15 02:17:17.959,0.72645,0.72656,2.25,1.87
2015.12.15 02:17:25.389,0.72645,0.72656,2.62,1.37
2015.12.15 02:17:29.422,0.72645,0.72656,2.25,1.37
2015.12.15 02:17:30.815,0.72645,0.72654,1.50,1.37
2015.12.15 02:17:31.071,0.72643,0.72651,1.00,1.00
2015.12.15 02:17:31.174,0.72641,0.72651,1.50,1.37
2015.12.15 02:17:33.232,0.72641,0.72649,1.00,1.00
2015.12.15 02:17:33.963,0.7264,0.72649,1.00,1.00
2015.12.15 02:17:35.743,0.7264,0.72651,1.00,4.22
2015.12.15 02:17:36.453,0.7264,0.72651,1.00,4.97
2015.12.15 02:17:52.120,0.7264,0.72651,2.25,2.44
2015.12.15 02:17:52.621,0.7264,0.72651,1.50,2.06
2015.12.15 02:17:59.851,0.72638,0.7265,3.00,2.06
2015.12.15 02:18:00.361,0.72638,0.72649,1.87,1.22
2015.12.15 02:18:06.252,0.72639,0.72649,1.00,1.12
2015.12.15 02:18:07.257,0.72639,0.72649,1.12,1.37
2015.12.15 02:18:20.549,0.7264,0.72649,1.00,1.87
2015.12.15 02:18:26.300,0.7264,0.72649,1.00,1.87
2015.12.15 02:18:27.827,0.72639,0.72649,1.00,1.12
2015.12.15 02:18:37.676,0.72638,0.72649,1.12,1.22
2015.12.15 02:18:38.209,0.72639,0.72649,1.00,1.50
2015.12.15 02:18:38.755,0.72638,0.72648,1.50,1.87
2015.12.15 02:18:39.823,0.72638,0.72648,1.00,2.62
2015.12.15 02:18:43.817,0.72638,0.72648,1.00,2.62
2015.12.15 02:18:48.036,0.72638,0.72648,1.12,1.50
2015.12.15 02:18:51.072,0.72638,0.72648,1.12,1.87
2015.12.15 02:18:52.053,0.72638,0.72648,1.12,1.87
2015.12.15 02:18:53.041,0.72638,0.72648,1.12,1.87
2015.12.15 02:19:00.065,0.72638,0.72649,1.37,1.50
2015.12.15 02:19:05.278,0.72638,0.72649,1.12,1.12
2015.12.15 02:19:06.275,0.72638,0.72649,1.12,1.37
2015.12.15 02:19:07.340,0.72638,0.72649,1.37,1.37
2015.12.15 02:19:08.278,0.72638,0.72649,1.12,1.37
2015.12.15 02:19:09.280,0.72638,0.72649,1.00,1.12
2015.12.15 02:19:10.297,0.72638,0.72649,1.37,1.00
2015.12.15 02:19:11.581,0.7264,0.72649,1.00,1.00
2015.12.15 02:19:12.130,0.72641,0.7265,1.00,1.12
2015.12.15 02:19:17.438,0.72643,0.7265,1.00,1.12
2015.12.15 02:19:17.590,0.72642,0.72653,1.87,1.97
2015.12.15 02:19:17.845,0.72641,0.72649,1.00,1.00
2015.12.15 02:19:18.181,0.72641,0.72648,1.00,1.37
2015.12.15 02:19:18.232,0.72636,0.72648,1.87,1.87
2015.12.15 02:19:20.146,0.72635,0.72646,2.62,1.12
2015.12.15 02:19:20.648,0.72635,0.72645,1.87,1.00
2015.12.15 02:19:23.154,0.72635,0.72645,1.87,1.00
2015.12.15 02:19:24.896,0.72635,0.72647,1.87,1.87
2015.12.15 02:19:26.998,0.72638,0.72647,1.00,1.87
2015.12.15 02:19:27.252,0.72638,0.72648,1.87,1.22
2015.12.15 02:19:31.913,0.72639,0.72649,1.00,1.00
2015.12.15 02:19:43.298,0.72639,0.72651,3.75,3.00
2015.12.15 02:19:44.428,0.72639,0.7265,2.62,1.00
2015.12.15 02:19:44.938,0.72639,0.72649,1.87,1.00
2015.12.15 02:19:45.462,0.72639,0.7265,1.87,1.00
2015.12.15 02:19:55.255,0.72638,0.72649,1.87,1.50
2015.12.15 02:20:04.170,0.72638,0.72649,2.25,1.50
2015.12.15 02:20:06.377,0.72638,0.72649,1.87,1.50
2015.12.15 02:20:06.974,0.72638,0.7265,1.87,2.72
2015.12.15 02:20:13.940,0.72638,0.7265,1.87,2.62
2015.12.15 02:20:15.623,0.72638,0.72648,2.25,1.00
2015.12.15 02:20:15.726,0.72638,0.7265,2.25,2.25
2015.12.15 02:20:15.992,0.72637,0.72648,2.25,1.00
2015.12.15 02:20:16.197,0.72637,0.72648,1.12,1.50
2015.12.15 02:20:16.756,0.72639,0.72648,1.00,1.50
2015.12.15 02:20:16.808,0.72637,0.72648,1.12,1.50
2015.12.15 02:20:17.115,0.72638,0.7265,2.25,2.62
2015.12.15 02:20:18.622,0.72638,0.72649,1.00,1.00
2015.12.15 02:20:19.198,0.72638,0.72648,1.00,1.50
2015.12.15 02:20:19.711,0.72637,0.72648,1.00,2.25
2015.12.15 02:20:24.303,0.72636,0.72648,2.62,3.00
2015.12.15 02:20:24.405,0.72636,0.72646,2.62,1.00
2015.12.15 02:20:26.178,0.72636,0.72647,2.62,1.00
2015.12.15 02:20:26.484,0.72638,0.72648,1.00,1.50
2015.12.15 02:20:27.042,0.72639,0.72648,1.00,1.50
2015.12.15 02:20:27.579,0.72638,0.72648,1.00,1.50
2015.12.15 02:20:28.697,0.72637,0.72648,1.00,2.25
2015.12.15 02:20:29.242,0.72637,0.72647,1.00,1.00
2015.12.15 02:20:29.766,0.72637,0.72648,1.00,1.50
2015.12.15 02:20:31.081,0.72639,0.72648,1.00,1.50
2015.12.15 02:20:31.438,0.7264,0.7265,1.00,1.00
2015.12.15 02:20:39.291,0.72639,0.7265,1.00,1.87
2015.12.15 02:20:39.800,0.72638,0.7265,3.37,1.87
2015.12.15 02:20:42.755,0.72638,0.72649,2.25,1.00
2015.12.15 02:20:44.404,0.72639,0.72649,1.00,1.00
2015.12.15 02:20:50.785,0.72638,0.72649,1.87,1.12
2015.12.15 02:20:51.431,0.72638,0.72649,1.87,1.00
2015.12.15 02:20:52.431,0.72638,0.72649,1.87,1.00
2015.12.15 02:20:55.853,0.72638,0.72649,2.25,1.00
2015.12.15 02:20:56.432,0.72638,0.72649,2.25,1.12
2015.12.15 02:21:03.496,0.72638,0.7265,4.12,2.62
2015.12.15 02:21:07.474,0.72639,0.72651,2.62,2.62
2015.12.15 02:21:08.494,0.72639,0.72651,3.37,3.37
2015.12.15 02:21:10.511,0.72639,0.72651,2.62,2.62
2015.12.15 02:21:11.514,0.72639,0.72651,1.87,2.62
2015.12.15 02:21:12.511,0.72639,0.72651,1.87,2.62
2015.12.15 02:21:13.306,0.72639,0.72651,1.50,2.25
2015.12.15 02:21:17.283,0.72639,0.72651,2.62,2.62
2015.12.15 02:21:18.285,0.72639,0.72651,3.37,2.62
2015.12.15 02:21:19.034,0.7264,0.72651,1.50,1.87
2015.12.15 02:21:20.411,0.7264,0.72651,2.25,1.87
2015.12.15 02:21:20.943,0.7264,0.7265,1.50,1.00
2015.12.15 02:21:23.289,0.72641,0.72652,1.00,2.62
2015.12.15 02:21:23.545,0.72641,0.72652,1.00,2.62
2015.12.15 02:21:24.053,0.7264,0.72652,3.00,3.37
2015.12.15 02:21:24.105,0.7264,0.7265,3.00,1.00
2015.12.15 02:21:25.670,0.72641,0.72651,1.00,1.00
2015.12.15 02:21:26.180,0.72642,0.72652,1.00,1.00
2015.12.15 02:21:26.689,0.72641,0.72653,1.87,2.62
2015.12.15 02:21:26.990,0.72642,0.72653,1.37,2.62
2015.12.15 02:21:29.436,0.72642,0.72652,1.50,1.00
2015.12.15 02:21:29.946,0.72642,0.72653,1.87,1.12
2015.12.15 02:21:36.419,0.72642,0.72653,1.12,1.00
2015.12.15 02:21:37.987,0.72642,0.72652,1.12,1.00
2015.12.15 02:21:38.495,0.72641,0.72651,1.87,1.00
2015.12.15 02:21:42.472,0.72641,0.72651,1.87,1.87
2015.12.15 02:21:43.471,0.72641,0.72651,1.50,1.50
2015.12.15 02:21:56.512,0.72642,0.72652,1.00,1.87
2015.12.15 02:21:57.021,0.72641,0.72651,1.50,1.00
2015.12.15 02:22:23.798,0.72641,0.72651,1.87,1.12
2015.12.15 02:22:25.780,0.72641,0.72651,1.87,1.12
2015.12.15 02:22:27.844,0.72643,0.72653,1.00,3.00
2015.12.15 02:22:27.997,0.72641,0.72653,2.62,2.62
2015.12.15 02:22:28.969,0.72641,0.72653,1.50,2.62
2015.12.15 02:22:30.631,0.72641,0.72652,1.12,2.25
2015.12.15 02:22:31.844,0.72641,0.72652,1.00,3.00
2015.12.15 02:22:33.007,0.72641,0.72652,1.00,2.62
2015.12.15 02:22:33.833,0.72641,0.72652,1.00,2.25
2015.12.15 02:22:34.344,0.72641,0.72652,1.12,2.25
2015.12.15 02:22:36.799,0.72643,0.72652,1.00,1.50
2015.12.15 02:22:37.511,0.72643,0.72653,1.00,1.87
2015.12.15 02:22:38.510,0.72643,0.72653,1.00,1.87
2015.12.15 02:22:39.370,0.72641,0.72651,2.25,1.00
2015.12.15 02:22:39.879,0.72641,0.72651,1.50,1.00
2015.12.15 02:23:19.393,0.72642,0.72651,1.00,1.12
2015.12.15 02:23:22.369,0.72641,0.72652,1.87,1.37
2015.12.15 02:23:23.808,0.72642,0.72652,1.00,1.37
2015.12.15 02:23:25.012,0.72642,0.72652,1.00,1.87
2015.12.15 02:23:30.492,0.72641,0.72652,2.25,1.87
2015.12.15 02:23:34.999,0.72641,0.72652,2.62,1.37
2015.12.15 02:23:38.997,0.72641,0.72652,2.62,1.37
2015.12.15 02:23:42.042,0.72641,0.72652,1.87,1.37
2015.12.15 02:23:47.030,0.72641,0.72652,1.50,1.37
2015.12.15 02:23:49.061,0.72641,0.72652,1.50,1.37
2015.12.15 02:23:50.056,0.72641,0.72652,1.50,1.37
2015.12.15 02:23:58.047,0.72641,0.72651,1.87,1.37
2015.12.15 02:23:58.565,0.72642,0.72651,1.00,1.37
2015.12.15 02:24:01.045,0.72642,0.72652,1.00,1.87
2015.12.15 02:24:02.047,0.72642,0.72652,1.00,1.87
2015.12.15 02:24:03.072,0.72642,0.72652,1.00,2.25
2015.12.15 02:24:05.090,0.72642,0.72652,1.00,1.87
2015.12.15 02:24:10.159,0.72642,0.72652,1.00,1.87
2015.12.15 02:24:14.295,0.72642,0.72652,1.00,1.87
2015.12.15 02:24:18.277,0.72642,0.72652,1.00,1.87
2015.12.15 02:24:18.789,0.72641,0.72652,1.00,1.87
2015.12.15 02:24:31.431,0.72641,0.72651,1.00,2.62
2015.12.15 02:24:31.584,0.72639,0.72649,1.50,1.12
2015.12.15 02:24:31.914,0.72639,0.72648,1.00,1.37
2015.12.15 02:24:32.893,0.72639,0.72649,1.50,1.37
2015.12.15 02:24:35.438,0.72639,0.72649,1.50,1.37
2015.12.15 02:24:35.947,0.7264,0.72648,1.00,1.87
2015.12.15 02:24:36.589,0.72639,0.72648,1.50,1.37
2015.12.15 02:24:38.406,0.72639,0.72648,1.00,1.12
2015.12.15 02:24:38.745,0.72635,0.72644,1.00,1.00
2015.12.15 02:24:39.255,0.72636,0.72644,1.00,1.50
2015.12.15 02:24:40.446,0.72637,0.72645,1.00,1.50
2015.12.15 02:24:40.753,0.72638,0.72647,1.00,1.50
2015.12.15 02:24:49.748,0.72637,0.72647,1.87,1.00
2015.12.15 02:24:53.544,0.72637,0.72648,1.87,1.12
2015.12.15 02:24:55.655,0.72638,0.72648,1.00,1.12
2015.12.15 02:24:56.240,0.72637,0.72648,1.50,1.00
2015.12.15 02:24:56.849,0.72638,0.72648,1.00,1.00
2015.12.15 02:24:57.358,0.72639,0.72647,1.00,1.00
2015.12.15 02:24:57.866,0.72637,0.72648,1.50,1.12
2015.12.15 02:24:58.410,0.72637,0.72647,1.12,1.50
2015.12.15 02:25:00.389,0.72637,0.72645,1.00,1.00
2015.12.15 02:25:00.492,0.72635,0.72644,4.50,1.00
2015.12.15 02:25:01.001,0.72636,0.72645,1.00,1.12
2015.12.15 02:25:02.571,0.72637,0.72645,1.00,1.00
2015.12.15 02:25:03.812,0.72637,0.72647,2.25,2.62
2015.12.15 02:25:04.649,0.72638,0.72647,1.00,2.72
2015.12.15 02:25:05.207,0.72638,0.72646,1.00,1.00
2015.12.15 02:25:16.005,0.72637,0.72646,1.00,1.00
2015.12.15 02:25:16.514,0.72635,0.72646,1.87,1.50
2015.12.15 02:25:17.022,0.72635,0.72646,1.87,1.87
2015.12.15 02:25:18.514,0.72635,0.72645,1.00,1.00
2015.12.15 02:25:20.743,0.72634,0.72644,1.87,1.00
2015.12.15 02:25:21.104,0.72633,0.72643,1.00,1.00
2015.12.15 02:25:21.817,0.72632,0.72643,3.00,1.00
2015.12.15 02:25:21.919,0.72632,0.72643,2.25,1.00
2015.12.15 02:25:23.095,0.72632,0.72641,2.62,1.00
2015.12.15 02:25:25.530,0.72632,0.72642,1.12,1.00
2015.12.15 02:25:26.130,0.72632,0.72643,1.87,2.25
2015.12.15 02:25:26.674,0.72632,0.72641,1.12,1.00
2015.12.15 02:25:26.980,0.7263,0.72641,1.50,1.37
2015.12.15 02:25:27.504,0.72629,0.72639,1.00,1.87
2015.12.15 02:25:28.055,0.72629,0.72638,1.00,1.00
2015.12.15 02:25:34.582,0.72629,0.72638,1.00,1.37
2015.12.15 02:25:37.657,0.72629,0.72638,1.00,1.12
2015.12.15 02:25:38.471,0.72629,0.72637,1.00,1.00
2015.12.15 02:25:42.903,0.72627,0.72637,2.25,1.50
2015.12.15 02:25:43.456,0.72627,0.72637,2.25,1.50
2015.12.15 02:25:44.093,0.72627,0.72637,2.25,1.50
2015.12.15 02:25:45.040,0.72627,0.72637,2.25,1.50
2015.12.15 02:25:45.566,0.72627,0.72637,2.25,1.50
2015.12.15 02:25:50.395,0.72628,0.72637,1.00,1.00
2015.12.15 02:25:50.590,0.7263,0.72637,1.00,1.00
2015.12.15 02:25:50.693,0.72629,0.72639,2.25,1.50
2015.12.15 02:25:51.255,0.72629,0.72638,1.00,1.00
2015.12.15 02:25:51.793,0.72629,0.72637,1.00,1.00
2015.12.15 02:25:52.302,0.72629,0.72638,1.50,1.00
2015.12.15 02:25:54.610,0.72629,0.72636,1.00,1.00
2015.12.15 02:25:55.119,0.72628,0.72636,1.00,1.00
2015.12.15 02:26:05.414,0.72627,0.72636,1.50,1.00
2015.12.15 02:26:06.326,0.72627,0.72637,1.00,1.50
2015.12.15 02:26:08.631,0.72627,0.72637,1.37,1.50
2015.12.15 02:26:09.609,0.72627,0.72636,1.00,1.00
2015.12.15 02:26:17.283,0.72627,0.72634,1.00,1.00
2015.12.15 02:26:19.217,0.72627,0.72636,1.00,1.50
2015.12.15 02:26:20.641,0.72627,0.72636,1.00,1.87
2015.12.15 02:26:23.659,0.72627,0.72636,1.00,1.50
2015.12.15 02:26:28.963,0.72627,0.72635,1.00,1.00
2015.12.15 02:26:29.573,0.72627,0.72636,1.00,1.50
2015.12.15 02:26:35.279,0.72627,0.72635,1.00,1.00
2015.12.15 02:26:35.788,0.72627,0.72636,1.00,1.50
2015.12.15 02:26:36.482,0.72628,0.72636,1.00,1.00
2015.12.15 02:26:36.993,0.72629,0.72636,1.00,1.00
2015.12.15 02:26:37.471,0.72629,0.72638,1.00,1.50
2015.12.15 02:26:37.980,0.72627,0.72637,3.37,1.00
2015.12.15 02:26:38.540,0.72627,0.72638,4.12,1.50
2015.12.15 02:26:39.041,0.72629,0.72638,1.00,1.00
2015.12.15 02:26:39.245,0.72631,0.72638,1.00,1.00
2015.12.15 02:26:39.856,0.7263,0.72638,1.00,1.00
2015.12.15 02:26:40.198,0.72626,0.72637,4.12,1.50
2015.12.15 02:26:40.709,0.72627,0.72636,1.00,1.00
2015.12.15 02:26:40.811,0.72627,0.72634,1.00,1.00
2015.12.15 02:26:55.339,0.72627,0.72632,1.00,1.00
2015.12.15 02:26:55.390,0.72624,0.72632,3.00,1.00
2015.12.15 02:26:55.903,0.72624,0.72631,1.00,1.00
2015.12.15 02:26:56.411,0.72623,0.72632,1.12,1.00
2015.12.15 02:26:56.789,0.72621,0.7263,2.62,1.00
2015.12.15 02:26:57.536,0.72621,0.72628,1.12,1.00
2015.12.15 02:26:58.541,0.72622,0.72628,1.00,1.00
2015.12.15 02:26:59.086,0.72622,0.72629,1.00,1.00
2015.12.15 02:27:00.083,0.72622,0.72627,1.00,1.00
2015.12.15 02:27:00.541,0.72619,0.72627,2.25,1.00
2015.12.15 02:27:01.089,0.72619,0.72627,1.87,1.00
2015.12.15 02:27:02.945,0.72619,0.72627,2.25,1.00
2015.12.15 02:27:04.222,0.72619,0.72627,1.50,1.00
2015.12.15 02:27:04.528,0.72618,0.72625,1.37,1.00
2015.12.15 02:27:05.200,0.72618,0.72625,1.00,1.00
2015.12.15 02:27:05.709,0.72617,0.72625,1.50,1.00
2015.12.15 02:27:11.768,0.72618,0.72625,1.00,1.00
2015.12.15 02:27:16.516,0.72618,0.72627,1.12,1.12
2015.12.15 02:27:16.924,0.7262,0.72628,1.00,1.37
2015.12.15 02:27:17.454,0.7262,0.72628,1.00,1.00
2015.12.15 02:27:21.493,0.72621,0.72628,1.00,1.00
2015.12.15 02:27:22.269,0.7262,0.72628,1.00,1.00
2015.12.15 02:27:22.798,0.7262,0.72629,1.50,1.00
2015.12.15 02:27:23.394,0.7262,0.72629,1.87,1.00
2015.12.15 02:27:23.702,0.7262,0.72627,1.37,1.00
2015.12.15 02:27:24.008,0.72619,0.72627,1.00,1.00
2015.12.15 02:27:24.964,0.7262,0.72627,1.00,1.00
2015.12.15 02:27:25.168,0.72621,0.72629,1.00,1.00
2015.12.15 02:27:25.626,0.7262,0.72627,1.00,1.00
2015.12.15 02:27:25.982,0.72618,0.72627,1.50,1.00
2015.12.15 02:27:26.485,0.72619,0.72627,1.00,1.00
2015.12.15 02:27:27.009,0.72618,0.72627,2.25,1.00
2015.12.15 02:27:33.071,0.72618,0.72627,1.50,1.00
2015.12.15 02:27:33.572,0.72618,0.72627,1.50,1.00
2015.12.15 02:27:34.380,0.72619,0.72625,1.00,1.00
2015.12.15 02:27:34.986,0.72618,0.72625,1.87,1.00
2015.12.15 02:27:40.549,0.72618,0.72626,1.00,1.00
2015.12.15 02:27:41.083,0.72619,0.72627,1.00,2.25
2015.12.15 02:27:42.129,0.72619,0.72626,1.00,1.00
2015.12.15 02:27:47.233,0.72619,0.72627,1.00,2.25
2015.12.15 02:27:50.958,0.72619,0.72626,1.12,1.00
2015.12.15 02:27:52.567,0.72617,0.72626,2.62,1.00
2015.12.15 02:27:57.580,0.72617,0.72626,1.50,1.00
2015.12.15 02:27:58.792,0.72617,0.72625,1.00,1.00
2015.12.15 02:27:58.996,0.72615,0.72624,1.87,1.00
2015.12.15 02:27:59.642,0.72616,0.72625,1.00,1.00
2015.12.15 02:28:00.158,0.72617,0.72626,1.00,1.00
2015.12.15 02:28:00.670,0.72618,0.72627,1.00,1.00
2015.12.15 02:28:00.874,0.72618,0.72625,1.00,1.00
2015.12.15 02:28:01.164,0.72618,0.72627,1.00,1.00
2015.12.15 02:28:01.419,0.72617,0.72625,1.12,1.00
2015.12.15 02:28:01.674,0.72618,0.72627,1.00,1.00
2015.12.15 02:28:02.182,0.72617,0.72625,1.12,1.00
2015.12.15 02:28:02.497,0.72618,0.72627,1.00,1.00
2015.12.15 02:28:02.908,0.72617,0.72625,1.12,1.00
2015.12.15 02:28:03.162,0.72618,0.72627,1.00,1.00
2015.12.15 02:28:03.670,0.72618,0.72624,1.00,1.00
2015.12.15 02:28:03.772,0.72618,0.72626,1.00,1.00
2015.12.15 02:28:04.414,0.72617,0.72625,1.00,1.00
2015.12.15 02:28:04.618,0.72615,0.72623,1.50,1.00
2015.12.15 02:28:04.873,0.72616,0.72625,1.50,1.00
2015.12.15 02:28:05.026,0.72618,0.72626,1.00,2.62
2015.12.15 02:28:05.377,0.7262,0.72626,1.00,2.62
2015.12.15 02:28:05.479,0.72618,0.72626,1.00,1.87
2015.12.15 02:28:05.988,0.72617,0.72626,1.00,2.62
2015.12.15 02:28:08.762,0.72619,0.72625,1.00,1.00
2015.12.15 02:28:08.916,0.72617,0.72626,1.00,2.25
2015.12.15 02:28:09.323,0.72619,0.72626,1.00,1.50
2015.12.15 02:28:09.884,0.72619,0.72625,1.00,1.00
2015.12.15 02:28:10.232,0.72617,0.72626,1.00,3.00
2015.12.15 02:28:10.743,0.72618,0.72625,1.00,1.00
2015.12.15 02:28:16.673,0.72616,0.72625,1.00,1.87
2015.12.15 02:28:16.775,0.72616,0.72623,1.00,1.00
2015.12.15 02:28:17.284,0.72615,0.72624,1.00,1.50
2015.12.15 02:28:22.519,0.72614,0.72623,1.00,1.00
2015.12.15 02:28:23.028,0.72616,0.72623,1.00,1.00
2015.12.15 02:28:23.573,0.72615,0.72624,2.25,1.50
2015.12.15 02:28:25.411,0.72617,0.72626,1.00,1.12
2015.12.15 02:28:25.716,0.72619,0.72626,1.00,1.00
2015.12.15 02:28:26.719,0.72619,0.72627,1.00,1.00
2015.12.15 02:28:38.890,0.72617,0.72626,1.87,1.00
2015.12.15 02:28:44.952,0.72617,0.72626,2.25,1.37
2015.12.15 02:28:46.970,0.72617,0.72626,2.25,1.12
2015.12.15 02:28:48.102,0.72617,0.72624,1.00,1.00
2015.12.15 02:28:48.204,0.72615,0.72625,3.37,1.50
2015.12.15 02:28:49.677,0.72615,0.72625,1.50,1.87
2015.12.15 02:28:51.668,0.72615,0.72624,1.50,1.37
2015.12.15 02:28:52.669,0.72615,0.72624,1.50,1.00
2015.12.15 02:28:55.674,0.72615,0.72624,1.50,1.37
2015.12.15 02:28:56.732,0.72615,0.72624,1.50,1.12
2015.12.15 02:28:59.696,0.72615,0.72625,1.50,1.50
2015.12.15 02:28:59.747,0.72617,0.72625,1.00,1.00
2015.12.15 02:29:00.055,0.72619,0.72628,1.50,1.59
2015.12.15 02:29:00.999,0.72619,0.72628,1.00,1.87
2015.12.15 02:29:05.909,0.7262,0.72628,1.00,1.87
2015.12.15 02:29:07.862,0.7262,0.72628,1.00,1.50
2015.12.15 02:29:17.989,0.72621,0.7263,1.00,2.62
2015.12.15 02:29:19.025,0.72621,0.7263,1.00,3.00
2015.12.15 02:29:21.996,0.72621,0.7263,1.00,2.62
2015.12.15 02:29:26.002,0.72621,0.7263,1.00,2.62
2015.12.15 02:29:34.923,0.72621,0.7263,1.00,2.62
2015.12.15 02:29:37.928,0.72621,0.7263,1.00,2.62
2015.12.15 02:29:38.946,0.72621,0.72629,1.00,1.12
2015.12.15 02:29:43.085,0.72621,0.72629,1.00,1.37
2015.12.15 02:29:47.042,0.72621,0.72629,1.00,1.12
2015.12.15 02:29:48.080,0.72621,0.72629,1.00,1.37
2015.12.15 02:29:52.524,0.72619,0.72629,2.25,1.87
2015.12.15 02:29:53.164,0.72621,0.72629,1.00,1.37
2015.12.15 02:29:55.106,0.72621,0.72631,1.00,2.25
2015.12.15 02:29:58.063,0.72622,0.72631,1.00,2.25
2015.12.15 02:29:58.420,0.7262,0.72629,1.50,1.37
2015.12.15 02:29:58.974,0.72619,0.72629,1.00,1.87
2015.12.15 02:29:59.026,0.72617,0.72627,2.62,1.12
2015.12.15 02:29:59.533,0.72617,0.72627,2.62,1.37
2015.12.15 02:30:01.283,0.72618,0.72627,1.00,1.37
2015.12.15 02:30:01.920,0.72617,0.72627,1.50,1.87
2015.12.15 02:30:02.531,0.72617,0.72627,1.50,1.87
2015.12.15 02:30:03.493,0.72617,0.72627,1.50,1.87
2015.12.15 02:30:04.516,0.72617,0.72627,1.50,1.87
2015.12.15 02:30:05.047,0.72618,0.72627,1.00,1.87
2015.12.15 02:30:05.555,0.72618,0.72627,1.00,1.87
2015.12.15 02:30:08.110,0.72619,0.72627,1.00,1.37
2015.12.15 02:30:08.620,0.72618,0.72627,1.00,1.37
2015.12.15 02:30:10.901,0.72619,0.72627,1.00,1.37
2015.12.15 02:30:12.052,0.72621,0.72628,1.00,1.37
2015.12.15 02:30:12.309,0.72619,0.72629,1.00,1.87
2015.12.15 02:30:12.360,0.72619,0.72629,1.00,1.87
2015.12.15 02:30:13.324,0.72619,0.72629,1.00,1.87
2015.12.15 02:30:14.323,0.72619,0.72629,1.00,2.25
2015.12.15 02:30:15.333,0.72618,0.72628,1.00,1.37
2015.12.15 02:30:17.204,0.72619,0.72629,1.00,2.25
2015.12.15 02:30:19.360,0.72619,0.72628,1.50,1.37
2015.12.15 02:30:22.426,0.72619,0.72628,1.50,1.37
2015.12.15 02:30:25.336,0.72619,0.72628,1.00,1.37
2015.12.15 02:30:27.537,0.72617,0.72627,1.87,1.12
2015.12.15 02:30:27.588,0.72617,0.72627,1.12,1.37
2015.12.15 02:30:27.894,0.72614,0.72623,1.50,1.37
2015.12.15 02:30:28.431,0.72613,0.72623,2.25,1.37
2015.12.15 02:30:28.960,0.72613,0.72623,2.25,1.37
2015.12.15 02:30:32.996,0.72613,0.72623,2.25,1.37
2015.12.15 02:30:33.997,0.72613,0.72622,1.00,1.37
2015.12.15 02:30:34.535,0.72612,0.72621,1.00,1.12
2015.12.15 02:30:37.969,0.72612,0.72621,1.50,1.37
2015.12.15 02:30:42.920,0.72614,0.72622,1.00,1.87
2015.12.15 02:30:46.624,0.72613,0.72621,1.00,1.12
2015.12.15 02:30:48.118,0.72613,0.72621,1.00,1.37
2015.12.15 02:30:51.331,0.72612,0.72622,1.00,1.37
2015.12.15 02:30:55.137,0.72611,0.7262,1.00,1.12
2015.12.15 02:30:55.662,0.7261,0.7262,2.25,1.12
2015.12.15 02:31:00.395,0.7261,0.7262,2.62,1.37
2015.12.15 02:31:01.434,0.7261,0.7262,2.25,1.12
2015.12.15 02:31:07.124,0.7261,0.72619,1.50,1.00
2015.12.15 02:31:07.638,0.7261,0.7262,2.25,1.12
2015.12.15 02:31:08.204,0.7261,0.7262,2.25,1.37
2015.12.15 02:31:09.026,0.7261,0.7262,2.25,1.12
2015.12.15 02:31:18.427,0.7261,0.72619,1.50,1.00
2015.12.15 02:31:21.018,0.7261,0.72618,1.50,1.00
2015.12.15 02:31:21.513,0.72608,0.72618,2.25,1.00
2015.12.15 02:31:23.181,0.72608,0.72618,1.50,1.37
2015.12.15 02:31:32.194,0.72608,0.72618,1.50,1.12
2015.12.15 02:31:38.552,0.72609,0.72618,1.00,1.12
2015.12.15 02:31:40.058,0.72609,0.72615,1.00,1.00
2015.12.15 02:31:40.109,0.72609,0.72617,1.50,1.00
2015.12.15 02:31:40.620,0.72609,0.72617,1.00,1.37
2015.12.15 02:31:41.027,0.72607,0.72617,1.00,1.37
2015.12.15 02:31:42.222,0.72607,0.72617,1.00,1.87
2015.12.15 02:31:49.203,0.72607,0.72617,1.00,1.87
2015.12.15 02:31:50.004,0.72608,0.72617,1.00,1.37
2015.12.15 02:31:50.554,0.72609,0.72617,1.00,1.37
2015.12.15 02:31:51.089,0.72609,0.72617,1.00,1.00
2015.12.15 02:31:54.128,0.72608,0.72616,1.00,1.00
2015.12.15 02:31:54.231,0.72606,0.72615,1.50,1.37
2015.12.15 02:31:54.384,0.72604,0.72614,3.75,1.12
2015.12.15 02:31:54.891,0.72604,0.72613,1.00,1.00
2015.12.15 02:31:55.395,0.72603,0.72613,1.50,1.00
2015.12.15 02:32:32.250,0.72602,0.72612,1.37,1.00
2015.12.15 02:32:32.454,0.72601,0.72612,1.00,2.62
2015.12.15 02:32:32.967,0.72601,0.72611,1.00,1.00
2015.12.15 02:32:34.288,0.72601,0.72612,1.00,1.87
2015.12.15 02:32:35.288,0.72601,0.72612,1.00,1.87
2015.12.15 02:32:35.843,0.726,0.72611,1.00,1.12
2015.12.15 02:32:36.379,0.726,0.72611,1.00,1.37
2015.12.15 02:32:54.095,0.72599,0.7261,1.50,1.87
2015.12.15 02:32:54.350,0.72598,0.72609,2.25,1.37
2015.12.15 02:32:55.187,0.72599,0.72609,1.00,1.37
2015.12.15 02:32:55.754,0.72598,0.72609,1.50,1.50
2015.12.15 02:33:00.211,0.72599,0.72609,1.00,1.12
2015.12.15 02:33:03.374,0.726,0.72609,1.00,1.12
2015.12.15 02:33:12.579,0.72599,0.72609,1.12,1.00
2015.12.15 02:33:21.118,0.72599,0.7261,1.12,1.37
2015.12.15 02:33:27.145,0.72599,0.7261,1.00,1.37
2015.12.15 02:33:29.176,0.72599,0.7261,1.00,1.50
2015.12.15 02:33:30.600,0.726,0.7261,1.00,1.12
2015.12.15 02:33:31.111,0.72601,0.7261,1.00,1.87
2015.12.15 02:33:32.462,0.72599,0.7261,1.00,1.12
2015.12.15 02:33:33.036,0.726,0.7261,1.00,1.37
2015.12.15 02:33:33.856,0.726,0.7261,1.00,1.50
2015.12.15 02:33:35.092,0.72599,0.7261,1.12,1.50
2015.12.15 02:33:37.895,0.72598,0.7261,2.25,1.87
2015.12.15 02:33:43.446,0.72599,0.7261,1.00,1.50
2015.12.15 02:33:43.498,0.72599,0.7261,1.50,1.50
2015.12.15 02:33:43.867,0.72598,0.7261,1.00,1.87
2015.12.15 02:33:44.224,0.72597,0.72608,1.00,1.37
2015.12.15 02:33:44.738,0.72598,0.72607,1.00,1.37
2015.12.15 02:33:44.992,0.72596,0.72608,1.00,1.87
2015.12.15 02:33:45.532,0.72597,0.72608,1.00,1.87
2015.12.15 02:33:50.750,0.72598,0.72606,1.00,1.37
2015.12.15 02:33:51.339,0.72598,0.72608,1.00,1.59
2015.12.15 02:33:51.748,0.726,0.72608,1.00,1.12
2015.12.15 02:33:52.401,0.72599,0.7261,1.50,2.72
2015.12.15 02:33:53.568,0.72599,0.7261,2.25,1.22
2015.12.15 02:33:54.205,0.72599,0.7261,2.25,1.22
2015.12.15 02:33:54.512,0.72601,0.72609,1.00,1.00
2015.12.15 02:33:55.055,0.726,0.72608,1.00,1.00
2015.12.15 02:33:55.107,0.72599,0.7261,1.00,1.12
2015.12.15 02:33:55.363,0.72599,0.7261,1.00,1.37
2015.12.15 02:33:56.349,0.72599,0.7261,1.00,1.37
2015.12.15 02:33:59.364,0.72599,0.7261,1.00,1.37
2015.12.15 02:33:59.816,0.72601,0.72609,1.00,1.37
2015.12.15 02:34:00.326,0.72602,0.72611,1.00,1.50
2015.12.15 02:34:01.082,0.72602,0.72611,1.00,1.37
2015.12.15 02:34:01.590,0.72601,0.72612,1.00,1.50
2015.12.15 02:34:03.040,0.72601,0.72612,1.00,1.37
2015.12.15 02:34:05.420,0.72601,0.72612,1.00,1.37
2015.12.15 02:34:06.368,0.72602,0.72613,1.00,1.37
2015.12.15 02:34:07.410,0.72602,0.72613,1.50,1.37
2015.12.15 02:34:15.102,0.72603,0.72614,1.00,1.50
2015.12.15 02:34:15.408,0.72605,0.72614,1.00,1.50
2015.12.15 02:34:16.500,0.72605,0.72614,1.00,1.12
2015.12.15 02:34:18.482,0.72605,0.72614,1.00,1.37
2015.12.15 02:34:28.124,0.72606,0.72616,1.12,1.50
2015.12.15 02:34:28.226,0.72605,0.72614,1.37,1.00
2015.12.15 02:34:28.729,0.72605,0.72614,1.87,1.12
2015.12.15 02:34:36.998,0.72604,0.72614,1.87,1.50
2015.12.15 02:34:37.520,0.72604,0.72614,1.87,1.37
2015.12.15 02:34:38.309,0.72604,0.72614,1.50,1.00
2015.12.15 02:34:43.016,0.72605,0.72613,1.00,1.00
2015.12.15 02:34:43.524,0.72604,0.72614,1.50,1.00
2015.12.15 02:34:44.208,0.72605,0.72614,1.00,1.00
2015.12.15 02:34:44.635,0.72609,0.72615,1.00,1.50
2015.12.15 02:34:50.797,0.72607,0.72615,1.00,1.50
2015.12.15 02:34:52.131,0.72608,0.72615,1.00,1.00
2015.12.15 02:34:56.407,0.72609,0.72615,1.00,1.00
2015.12.15 02:34:56.611,0.72606,0.72615,1.12,1.00
2015.12.15 02:34:57.498,0.72607,0.72615,1.00,1.12
2015.12.15 02:35:08.595,0.72606,0.72615,1.00,1.00
2015.12.15 02:35:10.215,0.72606,0.72614,1.00,1.00
2015.12.15 02:35:21.549,0.72606,0.72613,1.12,1.00
2015.12.15 02:35:21.809,0.72604,0.72612,1.00,1.00
2015.12.15 02:35:22.321,0.72604,0.72611,1.00,1.50
2015.12.15 02:35:22.372,0.72602,0.72611,1.50,1.00
2015.12.15 02:35:24.359,0.72603,0.72611,1.00,1.00
2015.12.15 02:35:27.540,0.72602,0.72611,1.50,1.00
2015.12.15 02:35:29.267,0.72602,0.72612,1.87,1.50
2015.12.15 02:35:30.021,0.72602,0.72611,1.00,1.00
2015.12.15 02:35:36.976,0.72601,0.72611,1.50,1.50
2015.12.15 02:35:38.870,0.72603,0.72611,1.00,1.87
2015.12.15 02:35:39.175,0.72608,0.72617,1.12,1.87
2015.12.15 02:35:39.755,0.72608,0.72617,1.00,2.25
2015.12.15 02:35:40.316,0.72607,0.72616,1.00,1.87
2015.12.15 02:35:48.888,0.72608,0.72617,1.50,2.25
2015.12.15 02:35:49.405,0.72608,0.72617,1.50,1.87
2015.12.15 02:35:50.971,0.72607,0.72617,1.00,1.87
2015.12.15 02:35:51.499,0.72607,0.72616,1.50,1.50
2015.12.15 02:35:53.628,0.72606,0.72616,2.25,2.62
2015.12.15 02:35:53.849,0.72608,0.72615,1.00,1.00
2015.12.15 02:35:54.683,0.72606,0.72616,2.62,3.00
2015.12.15 02:35:55.449,0.72606,0.72614,1.87,1.00
2015.12.15 02:35:56.195,0.72605,0.72614,1.00,1.00
2015.12.15 02:35:57.252,0.72606,0.72613,1.00,1.00
2015.12.15 02:36:07.233,0.72607,0.72613,1.00,1.00
2015.12.15 02:36:07.713,0.72606,0.72615,1.50,1.12
2015.12.15 02:36:07.919,0.72606,0.72613,1.00,1.00
2015.12.15 02:36:08.124,0.72603,0.72612,2.25,1.00
2015.12.15 02:36:09.317,0.72604,0.72612,1.00,1.12
2015.12.15 02:36:09.827,0.72605,0.72613,1.00,1.37
2015.12.15 02:36:10.389,0.72605,0.72614,1.00,1.87
2015.12.15 02:36:15.386,0.72604,0.72614,1.00,2.62
2015.12.15 02:36:17.120,0.72606,0.72613,1.00,1.12
2015.12.15 02:36:18.278,0.72605,0.72614,1.00,1.37
2015.12.15 02:36:19.067,0.72605,0.72614,1.00,1.12
2015.12.15 02:36:21.074,0.72605,0.72614,1.00,1.37
2015.12.15 02:36:21.612,0.72606,0.72613,1.00,1.12
2015.12.15 02:36:22.195,0.72605,0.72614,1.50,1.37
2015.12.15 02:36:25.777,0.72607,0.72614,1.00,1.87
2015.12.15 02:36:26.119,0.72609,0.72616,1.00,1.50
2015.12.15 02:36:27.727,0.72607,0.72616,1.00,1.37
2015.12.15 02:36:28.439,0.72608,0.72617,1.00,2.25
2015.12.15 02:36:31.171,0.72608,0.72617,1.00,2.25
2015.12.15 02:36:35.110,0.72608,0.72617,1.00,2.25
2015.12.15 02:36:35.637,0.72609,0.72617,1.00,2.25
2015.12.15 02:36:37.559,0.72608,0.72617,1.00,2.25
2015.12.15 02:36:38.068,0.72609,0.72616,1.00,1.50
2015.12.15 02:36:40.144,0.72609,0.72618,1.00,2.25
2015.12.15 02:36:45.123,0.72609,0.72618,1.00,2.62
2015.12.15 02:36:49.131,0.72609,0.72617,1.00,1.37
2015.12.15 02:36:49.691,0.72607,0.72616,1.50,1.12
2015.12.15 02:36:49.793,0.72609,0.72617,1.00,2.25
2015.12.15 02:36:49.895,0.72606,0.72614,1.87,1.00
2015.12.15 02:36:50.031,0.72609,0.72617,1.00,2.25
2015.12.15 02:36:50.490,0.72607,0.72614,1.00,1.00
2015.12.15 02:36:50.998,0.72608,0.72615,1.00,1.00
2015.12.15 02:36:51.510,0.72609,0.72616,1.00,1.12
2015.12.15 02:36:53.233,0.72608,0.72616,1.00,1.00
2015.12.15 02:36:53.538,0.72606,0.72614,1.87,1.00
2015.12.15 02:36:55.950,0.72609,0.72615,1.00,1.50
2015.12.15 02:36:56.256,0.72607,0.72613,1.00,1.00
2015.12.15 02:36:56.712,0.72607,0.72615,1.00,1.50
2015.12.15 02:36:57.295,0.72608,0.72617,1.50,2.25
2015.12.15 02:37:01.760,0.72608,0.72616,1.00,1.37
2015.12.15 02:37:03.662,0.72609,0.72617,1.00,1.87
2015.12.15 02:37:04.775,0.72609,0.72617,1.50,1.87
2015.12.15 02:37:05.778,0.72609,0.72617,1.00,1.87
2015.12.15 02:37:06.286,0.72609,0.72616,1.00,1.00
2015.12.15 02:37:10.840,0.72607,0.72615,2.25,1.00
2015.12.15 02:37:11.662,0.72607,0.72616,2.25,1.00
2015.12.15 02:37:11.714,0.72607,0.72613,2.25,1.00
2015.12.15 02:37:11.766,0.72609,0.72617,1.00,1.97
2015.12.15 02:37:12.148,0.72611,0.72617,1.00,2.25
2015.12.15 02:37:18.681,0.7261,0.72617,1.00,1.00
2015.12.15 02:37:19.201,0.72609,0.72617,1.00,1.87
2015.12.15 02:37:19.710,0.7261,0.72617,1.00,1.12
2015.12.15 02:37:20.260,0.72611,0.72617,1.00,1.50
2015.12.15 02:37:21.323,0.7261,0.72617,1.00,1.00
2015.12.15 02:37:21.968,0.72611,0.72617,1.00,1.00
2015.12.15 02:37:22.775,0.7261,0.72617,1.00,1.00
2015.12.15 02:37:23.286,0.72611,0.72617,1.00,1.50
2015.12.15 02:37:23.490,0.72609,0.72616,1.00,1.00
2015.12.15 02:37:24.031,0.7261,0.72616,1.00,1.37
2015.12.15 02:37:25.058,0.7261,0.72616,1.00,1.00
2015.12.15 02:37:28.138,0.7261,0.72617,1.00,1.87
2015.12.15 02:37:28.240,0.72612,0.72617,1.00,1.00
2015.12.15 02:37:28.769,0.72611,0.72617,1.00,1.00
2015.12.15 02:37:29.280,0.7261,0.72617,1.00,1.00
2015.12.15 02:37:29.933,0.72609,0.72617,1.00,1.00
2015.12.15 02:37:30.441,0.7261,0.72617,1.00,1.00
2015.12.15 02:37:33.469,0.72612,0.72617,1.00,1.00
2015.12.15 02:37:33.802,0.72611,0.72619,1.50,1.12
2015.12.15 02:37:34.311,0.72613,0.72621,1.00,2.25
2015.12.15 02:37:34.989,0.72612,0.72618,1.00,1.00
2015.12.15 02:37:35.143,0.7261,0.72619,1.12,1.12
2015.12.15 02:37:35.677,0.72611,0.72619,1.00,1.12
2015.12.15 02:37:35.780,0.72614,0.7262,1.00,1.12
2015.12.15 02:37:39.303,0.72611,0.72619,1.00,1.00
2015.12.15 02:37:39.459,0.72614,0.7262,1.00,1.12
2015.12.15 02:37:39.765,0.72611,0.72616,1.00,1.00
2015.12.15 02:37:39.817,0.72611,0.72618,1.00,1.00
2015.12.15 02:37:40.074,0.72611,0.72616,1.00,1.00
2015.12.15 02:37:41.396,0.7261,0.72616,1.00,1.00
2015.12.15 02:37:41.580,0.7261,0.72618,1.00,1.00
2015.12.15 02:37:42.278,0.72611,0.72618,1.00,1.00
2015.12.15 02:37:44.707,0.72611,0.72617,1.00,1.00
2015.12.15 02:37:45.296,0.72611,0.72618,1.00,1.00
2015.12.15 02:37:46.441,0.7261,0.72618,2.62,1.00
2015.12.15 02:37:50.140,0.72609,0.72617,3.45,1.00
2015.12.15 02:37:51.067,0.72611,0.72617,1.00,1.00
2015.12.15 02:37:52.459,0.72609,0.72617,1.00,1.00
2015.12.15 02:37:52.960,0.7261,0.72617,1.00,1.00
2015.12.15 02:37:54.754,0.7261,0.72616,1.00,1.00
2015.12.15 02:37:55.262,0.7261,0.72617,1.50,1.00
2015.12.15 02:37:58.996,0.7261,0.72618,1.50,1.00
2015.12.15 02:38:12.194,0.72611,0.72618,1.00,1.00
2015.12.15 02:38:12.732,0.72611,0.72619,2.25,1.12
2015.12.15 02:38:16.017,0.72611,0.72618,3.75,1.00
2015.12.15 02:38:16.550,0.72611,0.72619,3.75,1.00
2015.12.15 02:38:46.135,0.72611,0.72618,3.00,1.00
2015.12.15 02:38:46.680,0.72611,0.72619,1.50,1.00
2015.12.15 02:39:03.372,0.72611,0.72618,2.25,1.00
2015.12.15 02:39:16.276,0.72611,0.72619,1.00,1.12
2015.12.15 02:39:26.479,0.72611,0.72618,1.00,1.00
2015.12.15 02:39:26.992,0.72611,0.72619,1.00,1.00
2015.12.15 02:39:45.351,0.72611,0.72618,1.12,1.00
2015.12.15 02:39:45.858,0.72611,0.72619,1.12,1.00
2015.12.15 02:39:50.993,0.7261,0.72619,3.37,1.00
2015.12.15 02:39:54.612,0.72612,0.72618,1.00,1.00
2015.12.15 02:39:59.603,0.72611,0.72618,1.50,1.00
2015.12.15 02:40:06.795,0.7261,0.72618,1.50,1.00
2015.12.15 02:40:12.693,0.7261,0.72617,1.00,1.00
2015.12.15 02:40:13.233,0.72611,0.72617,1.00,1.00
2015.12.15 02:40:13.737,0.72611,0.72618,1.00,1.00
2015.12.15 02:40:18.524,0.72611,0.72617,1.00,1.00
2015.12.15 02:40:19.069,0.72611,0.72618,1.50,1.00
2015.12.15 02:40:22.049,0.72613,0.72621,1.00,1.50
2015.12.15 02:40:22.605,0.72612,0.7262,1.00,1.00
2015.12.15 02:40:23.135,0.72611,0.72619,1.50,1.00
2015.12.15 02:40:23.795,0.7261,0.72618,2.25,1.00
2015.12.15 02:40:24.323,0.72611,0.72619,1.00,1.00
2015.12.15 02:40:31.137,0.7261,0.72618,1.87,1.00
2015.12.15 02:40:31.542,0.72609,0.72617,2.62,1.00
2015.12.15 02:40:31.950,0.72607,0.72616,4.12,1.00
2015.12.15 02:40:32.715,0.72608,0.72616,1.00,1.00
2015.12.15 02:40:34.441,0.72607,0.72616,3.00,1.00
2015.12.15 02:40:34.697,0.72609,0.72617,1.50,1.00
2015.12.15 02:40:37.210,0.72608,0.72616,1.00,1.00
2015.12.15 02:40:37.719,0.72608,0.72617,1.00,1.00
2015.12.15 02:40:44.384,0.72606,0.72614,1.00,1.00
2015.12.15 02:40:44.904,0.72605,0.72613,1.00,1.00
2015.12.15 02:40:45.413,0.72604,0.72612,1.50,1.00
2015.12.15 02:40:45.961,0.72604,0.72613,1.00,1.00
2015.12.15 02:40:47.136,0.72602,0.72611,1.00,1.00
2015.12.15 02:40:47.445,0.726,0.72609,1.00,1.12
2015.12.15 02:40:47.954,0.72599,0.72608,1.00,1.00
2015.12.15 02:40:48.704,0.726,0.72609,1.00,1.37
2015.12.15 02:40:49.607,0.726,0.72609,1.00,1.00
2015.12.15 02:40:50.551,0.72599,0.72609,1.50,1.00
2015.12.15 02:40:53.083,0.726,0.72609,1.00,1.00
2015.12.15 02:40:54.149,0.72599,0.72608,1.00,1.00
2015.12.15 02:40:54.682,0.726,0.72608,1.00,1.00
2015.12.15 02:40:55.190,0.726,0.72609,1.50,1.00
2015.12.15 02:40:55.727,0.726,0.72608,1.00,1.00
2015.12.15 02:40:56.182,0.72598,0.72608,1.12,1.00
2015.12.15 02:40:58.240,0.72598,0.72607,1.00,1.00
2015.12.15 02:40:59.248,0.72599,0.72607,1.00,1.00
2015.12.15 02:40:59.773,0.72599,0.72606,1.00,1.00
2015.12.15 02:41:03.996,0.72598,0.72607,1.00,1.00
2015.12.15 02:41:04.559,0.72597,0.72607,1.00,1.87
2015.12.15 02:41:04.777,0.72599,0.72607,1.00,1.12
2015.12.15 02:41:05.389,0.72599,0.72608,1.00,1.50
2015.12.15 02:41:07.734,0.72598,0.72607,1.00,1.00
2015.12.15 02:41:08.347,0.72598,0.72606,1.00,1.00
2015.12.15 02:41:08.928,0.72598,0.72607,1.00,1.00
2015.12.15 02:41:09.525,0.72599,0.72608,1.00,2.25
2015.12.15 02:41:12.125,0.72598,0.72607,1.00,1.00
2015.12.15 02:41:12.435,0.726,0.72607,1.00,1.00
2015.12.15 02:41:12.792,0.72597,0.72606,1.87,1.00
2015.12.15 02:41:13.339,0.72598,0.72607,1.00,1.00
2015.12.15 02:41:13.492,0.72598,0.72605,1.00,1.00
2015.12.15 02:41:14.001,0.72599,0.72606,1.00,1.00
2015.12.15 02:41:16.436,0.72599,0.72607,1.00,1.00
2015.12.15 02:41:17.605,0.72599,0.72608,1.00,1.50
2015.12.15 02:41:18.642,0.726,0.72608,1.00,1.00
2015.12.15 02:41:19.169,0.726,0.72609,1.00,2.62
2015.12.15 02:41:19.677,0.72601,0.7261,1.00,2.25
2015.12.15 02:41:20.617,0.72601,0.7261,1.00,1.87
2015.12.15 02:41:21.184,0.72602,0.7261,1.00,1.12
2015.12.15 02:41:21.737,0.72601,0.7261,1.00,1.50
2015.12.15 02:41:22.320,0.72602,0.7261,1.00,1.00
2015.12.15 02:41:22.877,0.726,0.72608,1.87,1.00
2015.12.15 02:41:23.030,0.72601,0.7261,1.12,1.87
2015.12.15 02:41:24.037,0.72601,0.72608,1.00,1.00
2015.12.15 02:41:24.561,0.72601,0.72607,1.00,1.00
2015.12.15 02:41:28.389,0.726,0.72608,1.00,1.00
2015.12.15 02:41:28.900,0.726,0.72609,1.12,1.12
2015.12.15 02:41:29.256,0.72598,0.72607,1.00,1.00
2015.12.15 02:41:37.228,0.72599,0.72606,1.00,1.00
2015.12.15 02:41:38.508,0.72599,0.72608,1.00,1.87
2015.12.15 02:41:39.021,0.72598,0.72607,1.00,1.00
2015.12.15 02:41:40.846,0.72598,0.72608,1.00,2.62
2015.12.15 02:41:41.395,0.72598,0.72607,1.00,1.00
2015.12.15 02:41:41.903,0.72598,0.72608,1.00,1.50
2015.12.15 02:41:42.535,0.72599,0.72608,1.00,1.50
2015.12.15 02:41:44.145,0.72598,0.72608,1.00,1.87
2015.12.15 02:42:07.637,0.726,0.72608,1.00,1.00
2015.12.15 02:42:08.146,0.72601,0.72608,1.00,1.00
2015.12.15 02:42:08.827,0.72601,0.72611,1.50,1.12
2015.12.15 02:42:09.608,0.72603,0.72611,1.00,1.00
2015.12.15 02:42:10.228,0.72601,0.72611,1.00,1.00
2015.12.15 02:42:10.740,0.72601,0.72611,1.00,1.37
2015.12.15 02:42:11.807,0.72601,0.72609,1.00,1.00
2015.12.15 02:42:12.315,0.72601,0.72611,1.00,1.97
2015.12.15 02:42:12.827,0.726,0.72609,1.12,1.00
2015.12.15 02:42:13.715,0.72599,0.72609,1.87,1.00
2015.12.15 02:42:14.325,0.72602,0.7261,1.00,1.12
2015.12.15 02:42:14.377,0.726,0.72609,1.00,1.00
2015.12.15 02:42:14.885,0.72599,0.72609,1.87,1.00
2015.12.15 02:42:16.746,0.72599,0.72609,1.87,1.00
2015.12.15 02:42:17.560,0.72599,0.72608,1.37,1.00
2015.12.15 02:42:18.511,0.72599,0.72608,1.12,1.00
2015.12.15 02:42:19.038,0.726,0.72608,1.00,1.00
2015.12.15 02:42:20.529,0.72601,0.72608,1.00,1.00
2015.12.15 02:42:20.631,0.72601,0.7261,1.00,2.25
2015.12.15 02:42:21.143,0.72602,0.72609,1.00,1.00
2015.12.15 02:42:21.679,0.72602,0.72608,1.00,1.00
2015.12.15 02:42:21.884,0.726,0.72608,1.00,1.00
2015.12.15 02:42:22.038,0.72602,0.72609,1.00,2.25
2015.12.15 02:42:22.547,0.72601,0.72609,1.00,1.00
2015.12.15 02:42:23.096,0.726,0.72608,1.00,1.00
2015.12.15 02:42:34.454,0.72601,0.72608,1.00,1.50
2015.12.15 02:42:34.672,0.726,0.7261,1.00,2.25
2015.12.15 02:42:38.745,0.726,0.7261,1.87,1.50
2015.12.15 02:42:39.754,0.726,0.7261,1.87,1.50
2015.12.15 02:42:40.309,0.72601,0.7261,1.00,1.50
2015.12.15 02:42:42.495,0.72602,0.7261,1.00,1.00
2015.12.15 02:42:43.011,0.72602,0.72611,1.00,3.00
2015.12.15 02:42:47.156,0.72601,0.7261,1.12,1.00
2015.12.15 02:42:53.641,0.72602,0.7261,1.00,1.50
2015.12.15 02:42:54.165,0.72602,0.72611,1.00,3.75
2015.12.15 02:42:59.546,0.72602,0.72609,1.00,1.00
2015.12.15 02:43:00.201,0.72602,0.7261,1.00,1.00
2015.12.15 02:43:05.095,0.726,0.7261,1.37,1.50
2015.12.15 02:43:05.469,0.726,0.72606,1.00,1.00
2015.12.15 02:43:06.022,0.72599,0.72606,1.12,1.00
2015.12.15 02:43:08.187,0.72598,0.72606,1.00,1.00
2015.12.15 02:43:09.853,0.72598,0.72605,1.00,1.00
2015.12.15 02:43:10.672,0.72597,0.72605,1.00,1.00
2015.12.15 02:43:11.106,0.72597,0.72603,1.00,1.00
2015.12.15 02:43:11.616,0.72598,0.72603,1.00,1.00
2015.12.15 02:43:11.667,0.72596,0.72603,1.00,1.00
2015.12.15 02:43:12.205,0.72597,0.72604,1.00,1.50
2015.12.15 02:43:19.567,0.72597,0.72605,1.00,2.62
2015.12.15 02:43:20.279,0.72599,0.72606,1.00,2.62
2015.12.15 02:43:40.102,0.72598,0.72605,1.00,1.00
2015.12.15 02:43:48.797,0.72596,0.72605,1.00,1.00
2015.12.15 02:43:49.184,0.72596,0.72603,1.00,1.00
2015.12.15 02:43:49.692,0.72595,0.72604,1.12,1.00
2015.12.15 02:43:50.714,0.72595,0.72605,1.12,2.25
2015.12.15 02:43:51.245,0.72596,0.72605,1.00,2.25
2015.12.15 02:44:15.454,0.72596,0.72604,1.00,1.00
2015.12.15 02:44:15.962,0.72595,0.72604,1.12,1.00
2015.12.15 02:44:16.267,0.72596,0.72602,1.00,1.00
2015.12.15 02:44:16.873,0.72595,0.72603,1.12,1.00
2015.12.15 02:44:18.471,0.72595,0.72604,1.12,1.00
2015.12.15 02:44:18.981,0.72596,0.72605,1.00,1.50
2015.12.15 02:44:19.679,0.72597,0.72605,1.00,1.50
2015.12.15 02:44:20.263,0.72598,0.72605,1.00,1.50
2015.12.15 02:44:26.211,0.72596,0.72605,1.12,1.12
2015.12.15 02:44:36.842,0.72598,0.72604,1.00,1.00
2015.12.15 02:44:42.338,0.72596,0.72605,1.00,1.12
2015.12.15 02:44:45.292,0.72596,0.72605,1.00,1.37
2015.12.15 02:44:46.305,0.72596,0.72605,1.00,1.12
2015.12.15 02:44:49.334,0.72596,0.72605,1.00,1.37
2015.12.15 02:44:50.767,0.72595,0.72603,1.12,1.00
2015.12.15 02:44:51.325,0.72597,0.72604,1.00,1.12
2015.12.15 02:44:53.379,0.72597,0.72605,1.00,1.00
2015.12.15 02:44:56.265,0.72598,0.72605,1.00,1.00
2015.12.15 02:45:01.247,0.72595,0.72604,1.12,1.00
2015.12.15 02:45:01.401,0.72598,0.72604,1.00,1.00
2015.12.15 02:45:01.453,0.72596,0.72604,1.00,1.00
2015.12.15 02:45:01.710,0.72598,0.72605,1.00,1.00
2015.12.15 02:45:01.862,0.72596,0.72605,1.00,1.00
2015.12.15 02:45:02.612,0.72595,0.72604,1.12,1.00
2015.12.15 02:45:07.245,0.72596,0.72605,1.00,1.00
2015.12.15 02:45:07.464,0.72594,0.72603,1.37,1.00
2015.12.15 02:45:07.773,0.72597,0.72606,1.12,1.00
2015.12.15 02:45:08.283,0.72598,0.72607,1.00,2.62
2015.12.15 02:45:09.899,0.72599,0.72607,1.00,1.87
2015.12.15 02:45:10.744,0.72598,0.72607,1.12,1.87
2015.12.15 02:45:11.285,0.72599,0.72607,1.00,1.12
2015.12.15 02:45:12.467,0.72599,0.72606,1.00,1.00
2015.12.15 02:45:13.042,0.72599,0.72607,1.00,1.87
2015.12.15 02:45:24.485,0.72601,0.72607,1.00,1.12
2015.12.15 02:45:24.994,0.726,0.72607,1.00,1.12
2015.12.15 02:45:25.231,0.72598,0.72607,1.12,1.12
2015.12.15 02:45:25.333,0.72601,0.72608,1.00,1.50
2015.12.15 02:45:25.588,0.72599,0.72608,1.00,1.12
2015.12.15 02:45:26.096,0.72599,0.72607,1.00,1.00
2015.12.15 02:45:32.385,0.72598,0.72607,1.12,1.50
2015.12.15 02:45:33.523,0.72598,0.72607,1.37,1.87
2015.12.15 02:45:40.712,0.72599,0.72608,1.00,1.12
2015.12.15 02:45:41.225,0.726,0.72609,1.00,1.37
2015.12.15 02:45:41.807,0.72599,0.72608,1.00,1.87
2015.12.15 02:45:42.317,0.726,0.72608,1.12,1.00
2015.12.15 02:45:42.978,0.72599,0.72607,1.00,1.00
2015.12.15 02:45:43.641,0.72599,0.72608,1.00,1.00
2015.12.15 02:45:44.150,0.72598,0.72608,1.00,1.50
2015.12.15 02:45:44.675,0.72598,0.72607,1.00,1.00
2015.12.15 02:45:46.173,0.72598,0.72605,1.12,1.00
2015.12.15 02:45:46.376,0.72597,0.72607,1.87,1.12
2015.12.15 02:45:46.885,0.72597,0.72606,1.87,1.00
2015.12.15 02:45:47.420,0.72597,0.72607,1.87,1.12
2015.12.15 02:45:47.933,0.72598,0.72606,1.12,1.00
2015.12.15 02:45:50.010,0.72597,0.72606,1.50,1.00
2015.12.15 02:45:51.170,0.72597,0.72605,1.00,1.00
2015.12.15 02:45:58.585,0.72596,0.72605,1.00,1.00
2015.12.15 02:46:01.073,0.72595,0.72605,2.62,1.00
2015.12.15 02:46:01.778,0.72596,0.72605,1.00,1.00
2015.12.15 02:46:04.047,0.72596,0.72605,1.12,1.37
2015.12.15 02:46:05.080,0.72596,0.72605,1.00,1.12
2015.12.15 02:46:12.903,0.72595,0.72605,1.12,1.00
2015.12.15 02:46:16.102,0.72596,0.72605,1.00,1.00
2015.12.15 02:46:17.081,0.72595,0.72604,1.12,1.00
2015.12.15 02:46:17.219,0.72595,0.72602,1.00,1.00
2015.12.15 02:46:17.271,0.72593,0.72603,1.87,1.12
2015.12.15 02:46:17.732,0.72593,0.72601,1.12,1.00
2015.12.15 02:46:18.979,0.72594,0.72603,1.00,1.87
2015.12.15 02:46:19.491,0.72594,0.72603,1.12,1.00
2015.12.15 02:46:20.050,0.72593,0.72602,2.25,1.00
2015.12.15 02:46:20.435,0.72595,0.72604,1.00,1.12
2015.12.15 02:46:20.944,0.72596,0.72605,1.00,1.12
2015.12.15 02:46:21.543,0.72596,0.72606,1.37,1.87
2015.12.15 02:46:22.076,0.72597,0.72606,1.12,1.87
2015.12.15 02:46:25.633,0.72596,0.72605,1.37,1.00
2015.12.15 02:46:26.141,0.72596,0.72605,1.00,1.00
2015.12.15 02:46:26.648,0.72597,0.72604,1.00,1.00
2015.12.15 02:46:26.700,0.72595,0.72604,1.12,1.00
2015.12.15 02:46:26.852,0.72597,0.72604,1.00,1.00
2015.12.15 02:46:27.107,0.72595,0.72604,1.12,1.00
2015.12.15 02:46:27.260,0.72597,0.72606,1.00,1.87
2015.12.15 02:46:27.565,0.72595,0.72604,1.12,1.00
2015.12.15 02:46:29.496,0.72594,0.72604,2.62,1.00
2015.12.15 02:46:29.997,0.72595,0.72604,1.00,1.00
2015.12.15 02:46:30.723,0.72595,0.72605,1.00,1.12
2015.12.15 02:46:32.427,0.72595,0.72604,1.00,1.00
2015.12.15 02:46:32.959,0.72595,0.72605,1.00,1.00
2015.12.15 02:46:33.475,0.72595,0.72605,1.12,1.37
2015.12.15 02:46:34.242,0.72595,0.72605,1.12,1.12
2015.12.15 02:46:34.753,0.72596,0.72605,1.12,1.00
2015.12.15 02:46:40.490,0.72596,0.72604,1.12,1.00
2015.12.15 02:46:41.032,0.72596,0.72605,1.00,2.25
2015.12.15 02:46:49.613,0.72595,0.72604,1.00,1.00
2015.12.15 02:46:56.167,0.72597,0.72603,1.00,1.00
2015.12.15 02:46:56.218,0.72596,0.72605,1.00,1.87
2015.12.15 02:46:56.321,0.72598,0.72604,1.00,1.00
2015.12.15 02:46:56.473,0.72596,0.72605,1.00,1.87
2015.12.15 02:46:58.895,0.72597,0.72605,1.00,1.50
2015.12.15 02:47:00.290,0.72597,0.72606,1.00,1.12
2015.12.15 02:47:27.077,0.72596,0.72606,1.00,1.00
2015.12.15 02:47:37.793,0.72597,0.72606,1.00,1.12
2015.12.15 02:47:38.303,0.72596,0.72605,1.00,1.00
2015.12.15 02:47:40.974,0.72595,0.72605,1.00,1.00
2015.12.15 02:47:45.051,0.72596,0.72605,1.00,1.00
2015.12.15 02:48:00.907,0.72596,0.72606,1.00,1.12
2015.12.15 02:48:01.446,0.72596,0.72606,1.37,1.12
2015.12.15 02:48:08.632,0.72596,0.72606,1.00,1.12
2015.12.15 02:48:09.572,0.72597,0.72606,1.00,1.00
2015.12.15 02:48:10.098,0.72596,0.72606,1.00,1.00
2015.12.15 02:48:10.601,0.72596,0.72605,1.00,1.50
2015.12.15 02:48:11.110,0.72596,0.72606,1.00,1.50
2015.12.15 02:48:14.115,0.72597,0.72606,1.00,1.50
2015.12.15 02:48:16.600,0.72596,0.72605,1.12,1.00
2015.12.15 02:48:16.651,0.72595,0.72602,1.37,1.00
2015.12.15 02:48:16.753,0.72595,0.72604,1.00,1.00
2015.12.15 02:48:17.299,0.72596,0.72605,1.00,1.00
2015.12.15 02:48:18.462,0.72597,0.72606,1.00,1.12
2015.12.15 02:48:19.354,0.72596,0.72606,1.12,2.62
2015.12.15 02:48:19.899,0.72596,0.72605,1.12,1.50
2015.12.15 02:48:22.374,0.72596,0.72604,1.00,1.00
2015.12.15 02:48:22.889,0.72596,0.72605,1.00,1.12
2015.12.15 02:48:24.949,0.72598,0.72605,1.00,1.00
2015.12.15 02:48:25.687,0.72598,0.72606,1.00,1.87
2015.12.15 02:48:26.197,0.72597,0.72606,1.12,1.00
2015.12.15 02:48:34.657,0.72598,0.72606,1.00,1.00
2015.12.15 02:48:35.166,0.72597,0.72607,1.12,1.00
2015.12.15 02:48:35.508,0.72598,0.72605,1.00,1.00
2015.12.15 02:48:45.519,0.72597,0.72604,1.37,1.00
2015.12.15 02:48:46.068,0.72597,0.72604,1.00,1.00
2015.12.15 02:49:00.150,0.72596,0.72605,1.12,1.00
2015.12.15 02:49:04.592,0.72597,0.72605,1.00,1.87
2015.12.15 02:49:09.200,0.72597,0.72606,1.12,1.50
2015.12.15 02:49:22.415,0.72596,0.72606,1.12,1.50
2015.12.15 02:49:25.963,0.72596,0.72606,1.37,1.50
2015.12.15 02:49:26.643,0.72598,0.72606,1.00,1.50
2015.12.15 02:49:37.371,0.72596,0.72606,1.37,1.50
2015.12.15 02:49:37.965,0.72596,0.72606,1.37,1.87
2015.12.15 02:49:38.950,0.72596,0.72606,1.12,1.00
2015.12.15 02:49:40.978,0.72596,0.72606,1.87,1.00
2015.12.15 02:49:42.116,0.72596,0.72607,1.87,1.87
2015.12.15 02:49:44.151,0.72597,0.72605,1.12,1.00
2015.12.15 02:49:47.144,0.72596,0.72607,1.87,1.50
2015.12.15 02:49:47.998,0.72596,0.72607,2.25,1.50
2015.12.15 02:49:52.071,0.72597,0.72607,1.12,1.87
2015.12.15 02:49:58.079,0.72597,0.72607,1.37,1.50
2015.12.15 02:50:04.492,0.72596,0.72606,3.37,1.00
2015.12.15 02:50:04.993,0.72598,0.72607,1.00,1.00
2015.12.15 02:50:05.494,0.72597,0.72607,1.50,1.00
2015.12.15 02:50:06.003,0.72598,0.72606,1.37,1.00
2015.12.15 02:50:06.156,0.72598,0.72608,1.37,1.22
2015.12.15 02:50:06.747,0.72598,0.72607,1.37,1.00
2015.12.15 02:50:07.288,0.72599,0.72608,1.12,1.12
2015.12.15 02:50:08.350,0.72598,0.72608,2.62,1.12
2015.12.15 02:50:09.455,0.726,0.72609,2.25,1.09
2015.12.15 02:50:10.233,0.72601,0.7261,1.12,1.59
2015.12.15 02:50:10.561,0.72601,0.72611,2.62,2.25
2015.12.15 02:50:11.072,0.72603,0.72611,1.50,1.50
2015.12.15 02:50:11.560,0.72605,0.72611,1.00,1.00
2015.12.15 02:50:11.970,0.72603,0.72611,1.00,1.00
2015.12.15 02:50:12.503,0.72603,0.7261,1.12,1.00
2015.12.15 02:50:15.224,0.72602,0.7261,1.12,1.00
2015.12.15 02:50:15.734,0.72603,0.72611,1.37,1.00
2015.12.15 02:50:16.742,0.72603,0.72612,1.12,1.00
2015.12.15 02:50:17.049,0.72605,0.72613,1.00,1.00
2015.12.15 02:50:17.356,0.72607,0.72613,1.12,1.00
2015.12.15 02:50:18.072,0.72606,0.72612,1.50,1.00
2015.12.15 02:50:18.327,0.72606,0.72616,1.87,1.00
2015.12.15 02:50:18.877,0.72607,0.72615,1.00,1.00
2015.12.15 02:50:22.859,0.72607,0.72613,1.00,1.00
2015.12.15 02:50:23.063,0.72601,0.72608,1.00,2.25
2015.12.15 02:50:23.319,0.72598,0.72606,2.25,1.00
2015.12.15 02:50:23.421,0.72596,0.72606,1.00,1.37
2015.12.15 02:50:23.932,0.72596,0.72604,1.00,1.00
2015.12.15 02:50:24.441,0.72595,0.72606,1.00,1.87
2015.12.15 02:50:26.125,0.72597,0.72605,1.00,1.37
2015.12.15 02:50:30.586,0.72594,0.72604,2.25,1.37
2015.12.15 02:50:31.181,0.72595,0.72605,1.00,1.37
2015.12.15 02:50:31.689,0.72595,0.72605,1.00,1.37
2015.12.15 02:50:32.198,0.72594,0.72604,1.50,1.12
2015.12.15 02:50:32.417,0.72596,0.72604,1.00,1.12
2015.12.15 02:50:32.621,0.72594,0.72604,1.50,1.12
2015.12.15 02:50:33.129,0.72595,0.72603,1.00,1.12
2015.12.15 02:50:33.755,0.72595,0.72604,1.00,1.12
2015.12.15 02:50:34.756,0.72595,0.72604,1.00,1.37
2015.12.15 02:50:38.396,0.72594,0.72604,3.00,1.37
2015.12.15 02:50:39.806,0.72594,0.72604,3.00,1.12
2015.12.15 02:50:42.508,0.72595,0.72603,1.00,1.00
2015.12.15 02:50:43.017,0.72594,0.72604,1.50,1.12
2015.12.15 02:50:44.815,0.72594,0.72604,1.50,1.37
2015.12.15 02:50:50.631,0.72595,0.72605,1.00,1.37
2015.12.15 02:50:50.835,0.72595,0.72605,1.50,1.12
2015.12.15 02:50:54.641,0.72594,0.72605,2.25,1.12
2015.12.15 02:50:55.850,0.72594,0.72605,3.00,1.37
2015.12.15 02:50:56.853,0.72594,0.72605,3.00,1.37
2015.12.15 02:50:57.366,0.72594,0.72605,3.37,1.37
2015.12.15 02:50:57.874,0.72594,0.72605,3.75,1.37
2015.12.15 02:50:58.391,0.72595,0.72605,1.50,1.37
2015.12.15 02:50:58.908,0.72594,0.72605,3.37,1.37
2015.12.15 02:50:59.421,0.72595,0.72604,1.00,1.12
2015.12.15 02:51:00.572,0.72594,0.72604,2.62,1.12
2015.12.15 02:51:01.878,0.72594,0.72604,2.25,1.37
2015.12.15 02:51:03.202,0.72594,0.72604,1.00,1.12
2015.12.15 02:51:04.276,0.72595,0.72603,1.00,1.00
2015.12.15 02:51:06.599,0.72594,0.72604,1.00,1.12
2015.12.15 02:51:07.869,0.72594,0.72604,1.87,1.37
2015.12.15 02:51:11.897,0.72594,0.72604,2.25,1.37
2015.12.15 02:51:13.007,0.72594,0.72602,1.00,1.00
2015.12.15 02:51:13.059,0.72592,0.72602,1.50,1.00
2015.12.15 02:51:13.365,0.72594,0.72602,1.00,1.00
2015.12.15 02:51:13.416,0.72592,0.72602,1.00,1.87
2015.12.15 02:51:13.826,0.7259,0.726,2.25,1.00
2015.12.15 02:51:14.108,0.7259,0.72598,1.00,1.00
2015.12.15 02:51:14.418,0.72584,0.72592,1.57,1.00
2015.12.15 02:51:14.725,0.72583,0.7259,1.00,1.00
2015.12.15 02:51:15.183,0.72581,0.7259,1.50,1.00
2015.12.15 02:51:17.062,0.72582,0.72588,1.00,1.00
2015.12.15 02:51:17.998,0.72582,0.7259,1.00,1.50
2015.12.15 02:51:18.507,0.72581,0.7259,1.50,1.50
2015.12.15 02:51:19.027,0.7258,0.72588,1.00,1.00
2015.12.15 02:51:19.487,0.7258,0.7259,1.00,1.87
2015.12.15 02:51:19.793,0.72582,0.7259,1.00,1.50
2015.12.15 02:51:20.042,0.72583,0.72593,1.87,1.50
2015.12.15 02:51:20.552,0.72584,0.72594,1.12,1.50
2015.12.15 02:51:21.385,0.72584,0.72593,1.50,1.00
2015.12.15 02:51:21.690,0.72582,0.72592,4.12,1.00
2015.12.15 02:51:22.148,0.72584,0.72594,1.00,1.87
2015.12.15 02:51:22.692,0.72584,0.72594,1.50,1.50
2015.12.15 02:51:23.302,0.72585,0.72594,1.00,1.00
2015.12.15 02:51:23.812,0.72585,0.72596,1.12,1.87
2015.12.15 02:51:24.422,0.72586,0.72596,1.00,1.87
2015.12.15 02:51:24.993,0.72585,0.72596,1.87,1.37
2015.12.15 02:51:25.351,0.72589,0.72596,1.00,1.37
2015.12.15 02:51:25.763,0.72585,0.72596,1.12,1.87
2015.12.15 02:51:26.324,0.72585,0.72596,1.00,1.87
2015.12.15 02:51:26.426,0.72583,0.72594,1.87,1.12
2015.12.15 02:51:27.051,0.72582,0.72593,2.25,1.00
2015.12.15 02:51:27.611,0.72582,0.72593,1.00,1.37
2015.12.15 02:51:28.418,0.72581,0.72593,3.00,1.37
2015.12.15 02:51:29.612,0.72581,0.72593,1.12,1.37
2015.12.15 02:51:30.193,0.72583,0.72593,1.00,1.37
2015.12.15 02:51:30.651,0.72583,0.72593,1.00,1.12
2015.12.15 02:51:31.074,0.72581,0.72593,4.12,1.12
2015.12.15 02:51:31.642,0.72581,0.72593,4.12,1.37
2015.12.15 02:51:35.663,0.72582,0.72593,1.00,1.12
2015.12.15 02:51:36.292,0.72583,0.72593,1.00,1.12
2015.12.15 02:51:37.066,0.72581,0.72593,3.37,1.12
2015.12.15 02:51:37.575,0.72582,0.72593,1.00,1.12
2015.12.15 02:51:39.125,0.72581,0.72593,2.62,1.87
2015.12.15 02:51:39.628,0.72582,0.72593,1.00,1.12
2015.12.15 02:51:39.680,0.72582,0.72593,1.00,1.37
2015.12.15 02:51:41.329,0.72581,0.72593,2.25,1.37
2015.12.15 02:51:43.037,0.72582,0.72593,1.00,1.37
2015.12.15 02:51:43.393,0.72584,0.72593,1.00,1.37
2015.12.15 02:51:43.445,0.72584,0.72593,1.00,1.12
2015.12.15 02:51:43.903,0.72586,0.72593,1.00,1.12
2015.12.15 02:51:44.107,0.72584,0.72593,1.50,1.12
2015.12.15 02:51:46.293,0.72586,0.72593,1.00,1.00
2015.12.15 02:51:46.820,0.72586,0.72594,1.00,1.12
2015.12.15 02:51:47.633,0.72585,0.72594,1.00,1.50
2015.12.15 02:51:48.593,0.72585,0.72594,1.00,1.87
2015.12.15 02:51:49.050,0.72582,0.72594,2.62,1.87
2015.12.15 02:51:49.152,0.72584,0.72594,1.00,1.87
2015.12.15 02:51:49.677,0.72585,0.72593,1.00,1.12
2015.12.15 02:51:50.204,0.72586,0.72593,1.00,1.00
2015.12.15 02:51:50.357,0.72584,0.72593,1.50,1.00
2015.12.15 02:51:52.287,0.72585,0.72593,1.00,1.00
2015.12.15 02:51:53.228,0.72585,0.72594,1.00,1.12
2015.12.15 02:51:54.185,0.72585,0.72596,1.50,1.37
2015.12.15 02:51:55.125,0.72586,0.72596,1.00,1.37
2015.12.15 02:51:55.668,0.72584,0.72595,1.87,1.87
2015.12.15 02:51:56.365,0.72584,0.72595,2.25,1.87
2015.12.15 02:51:56.882,0.72584,0.72594,2.25,1.00
2015.12.15 02:51:57.341,0.72586,0.72594,1.00,1.00
2015.12.15 02:51:57.861,0.72585,0.72595,1.00,1.87
2015.12.15 02:51:58.933,0.72585,0.72594,1.50,1.00
2015.12.15 02:52:03.140,0.72587,0.72595,1.00,1.37
2015.12.15 02:52:03.343,0.72585,0.72595,1.00,1.87
2015.12.15 02:52:04.125,0.72584,0.72595,3.75,1.87
2015.12.15 02:52:04.633,0.72585,0.72595,1.00,1.87
2015.12.15 02:52:05.134,0.72586,0.72595,1.00,2.25
2015.12.15 02:52:05.665,0.72585,0.72595,1.00,1.87
2015.12.15 02:52:06.176,0.72584,0.72595,3.37,1.87
2015.12.15 02:52:06.856,0.72585,0.72595,1.00,1.87
2015.12.15 02:52:07.360,0.72585,0.72595,1.00,1.87
2015.12.15 02:52:08.177,0.72585,0.72595,1.00,1.87
2015.12.15 02:52:08.481,0.72587,0.72595,1.00,2.62
2015.12.15 02:52:18.764,0.72586,0.72596,1.00,2.25
2015.12.15 02:52:23.748,0.72586,0.72595,1.00,1.37
2015.12.15 02:52:24.868,0.72585,0.72595,1.00,1.37
2015.12.15 02:52:25.731,0.72585,0.72596,1.00,2.25
2015.12.15 02:52:26.306,0.72586,0.72597,1.00,3.75
2015.12.15 02:52:27.109,0.72588,0.72597,1.00,2.25
2015.12.15 02:52:27.639,0.72587,0.72597,1.00,1.50
2015.12.15 02:52:27.943,0.72587,0.72597,1.00,1.37
2015.12.15 02:52:28.472,0.72588,0.72597,1.00,1.37
2015.12.15 02:52:29.040,0.7259,0.72599,1.00,1.50
2015.12.15 02:52:29.091,0.72588,0.72599,2.25,1.50
2015.12.15 02:52:29.600,0.72589,0.72599,1.00,1.50
2015.12.15 02:52:30.783,0.72588,0.72598,1.00,1.50
2015.12.15 02:52:31.089,0.72591,0.72599,1.00,2.34
2015.12.15 02:52:32.336,0.72591,0.72601,1.00,1.87
2015.12.15 02:52:33.174,0.72591,0.72601,1.00,1.87
2015.12.15 02:52:33.581,0.72589,0.72599,3.00,1.12
2015.12.15 02:52:33.735,0.72591,0.72601,1.00,2.34
2015.12.15 02:52:34.260,0.7259,0.72599,1.00,1.00
2015.12.15 02:52:35.002,0.7259,0.72598,1.00,1.00
2015.12.15 02:52:35.701,0.72589,0.72599,3.00,1.00
2015.12.15 02:52:36.060,0.72592,0.726,1.00,1.75
2015.12.15 02:52:36.113,0.7259,0.726,1.00,1.75
2015.12.15 02:52:36.654,0.72589,0.72599,2.25,1.50
2015.12.15 02:52:37.378,0.72589,0.72599,1.50,1.50
2015.12.15 02:52:38.145,0.72589,0.72599,1.50,1.50
2015.12.15 02:52:38.249,0.72589,0.726,2.25,2.25
2015.12.15 02:52:38.876,0.7259,0.726,1.50,2.62
2015.12.15 02:52:42.274,0.7259,0.726,1.00,2.25
2015.12.15 02:52:49.267,0.7259,0.726,1.00,1.50
2015.12.15 02:52:50.093,0.7259,0.726,2.25,1.50
2015.12.15 02:52:50.196,0.72592,0.72599,1.00,1.12
2015.12.15 02:52:50.704,0.72592,0.726,1.00,1.00
2015.12.15 02:52:52.215,0.72592,0.72601,1.00,1.12
2015.12.15 02:52:54.321,0.72593,0.72602,1.00,1.37
2015.12.15 02:53:00.201,0.72593,0.72603,1.00,3.00
2015.12.15 02:53:01.234,0.72593,0.72602,1.00,1.37
2015.12.15 02:53:02.237,0.72593,0.72603,1.00,4.12
2015.12.15 02:53:04.232,0.72593,0.72603,1.00,4.50
2015.12.15 02:53:05.393,0.72593,0.72603,1.00,3.00
2015.12.15 02:53:05.900,0.72594,0.72603,1.00,2.25
2015.12.15 02:53:06.452,0.72594,0.72603,1.00,2.25
2015.12.15 02:53:07.929,0.72595,0.72603,1.00,1.87
2015.12.15 02:53:08.527,0.72596,0.72605,1.00,1.37
2015.12.15 02:53:13.331,0.72596,0.72605,1.00,1.37
2015.12.15 02:53:14.652,0.72596,0.72605,1.00,1.37
2015.12.15 02:53:15.979,0.72597,0.72605,1.00,1.12
2015.12.15 02:53:16.234,0.72599,0.72608,1.00,1.75
2015.12.15 02:53:16.608,0.72599,0.72608,1.00,1.12
2015.12.15 02:53:18.465,0.72599,0.72608,1.00,1.37
2015.12.15 02:53:23.483,0.72599,0.72609,2.25,1.37
2015.12.15 02:53:30.461,0.72599,0.72608,2.25,1.37
2015.12.15 02:53:31.466,0.72599,0.72608,2.25,1.12
2015.12.15 02:53:56.302,0.72599,0.72608,1.50,1.37
2015.12.15 02:53:57.158,0.72599,0.72606,1.50,1.00
2015.12.15 02:53:57.311,0.72599,0.72608,1.50,1.12
2015.12.15 02:53:57.824,0.72598,0.72608,1.50,1.12
2015.12.15 02:53:59.343,0.72598,0.72608,2.25,1.37
2015.12.15 02:54:03.350,0.72598,0.72608,3.00,1.12
2015.12.15 02:54:04.350,0.72598,0.72608,3.00,1.37
2015.12.15 02:54:06.348,0.72598,0.72608,3.00,1.12
2015.12.15 02:54:07.366,0.72598,0.72608,3.00,1.37
2015.12.15 02:54:14.370,0.72598,0.72608,2.25,1.12
2015.12.15 02:54:16.370,0.72598,0.72608,2.62,1.37
2015.12.15 02:54:22.419,0.72598,0.72606,1.50,1.37
2015.12.15 02:54:22.928,0.72597,0.72606,1.00,1.47
2015.12.15 02:54:23.622,0.72597,0.72606,1.00,1.12
2015.12.15 02:54:24.334,0.72597,0.72605,1.50,1.00
2015.12.15 02:54:30.569,0.72597,0.72607,1.00,1.87
2015.12.15 02:54:34.643,0.72597,0.72607,1.00,1.87
2015.12.15 02:54:37.150,0.72597,0.72606,1.50,1.00
2015.12.15 02:54:38.560,0.72597,0.72607,1.50,1.87
2015.12.15 02:54:39.165,0.72597,0.72607,1.50,1.87
2015.12.15 02:54:44.206,0.72597,0.72607,3.00,1.12
2015.12.15 02:54:44.817,0.72598,0.72607,1.00,1.12
2015.12.15 02:54:49.960,0.72597,0.72607,3.00,1.00
2015.12.15 02:54:51.268,0.72597,0.72607,3.00,1.37
2015.12.15 02:54:51.803,0.72598,0.72607,1.00,1.37
2015.12.15 02:54:52.322,0.72598,0.72607,1.00,1.12
2015.12.15 02:54:53.822,0.72597,0.72607,3.00,1.12
2015.12.15 02:54:56.450,0.72598,0.72607,1.00,1.87
2015.12.15 02:54:57.160,0.72597,0.72607,2.25,1.87
2015.12.15 02:54:57.669,0.72597,0.72607,1.50,1.87
2015.12.15 02:54:58.521,0.72598,0.72608,1.00,1.87
2015.12.15 02:55:01.508,0.72598,0.72608,1.00,1.87
2015.12.15 02:55:02.019,0.72597,0.72607,2.25,1.12
2015.12.15 02:55:02.522,0.72598,0.72608,1.00,1.87
2015.12.15 02:55:03.046,0.72598,0.72608,1.00,1.12
2015.12.15 02:55:08.778,0.72597,0.72608,2.25,1.87
2015.12.15 02:55:09.286,0.72597,0.72607,1.00,1.00
2015.12.15 02:55:09.794,0.72597,0.72608,1.00,1.87
2015.12.15 02:55:10.302,0.72596,0.72607,1.50,1.37
2015.12.15 02:55:11.195,0.72597,0.72607,1.00,1.37
2015.12.15 02:55:12.177,0.72598,0.72608,1.50,1.87
2015.12.15 02:55:12.682,0.72597,0.72608,1.50,1.87
2015.12.15 02:55:13.194,0.72598,0.72608,1.00,1.87
2015.12.15 02:55:13.709,0.72598,0.72608,1.00,1.87
2015.12.15 02:55:16.853,0.72599,0.72609,1.00,1.87
2015.12.15 02:55:17.936,0.72599,0.72609,1.50,1.50
2015.12.15 02:55:21.456,0.72598,0.72609,1.12,1.50
2015.12.15 02:55:21.915,0.726,0.72609,1.00,1.50
2015.12.15 02:55:22.446,0.72599,0.72609,1.00,1.50
2015.12.15 02:55:23.535,0.726,0.72609,1.00,1.50
2015.12.15 02:55:30.171,0.72599,0.72609,1.00,1.12
2015.12.15 02:55:30.688,0.72598,0.72608,1.37,1.00
2015.12.15 02:55:31.204,0.72598,0.72608,1.00,1.00
2015.12.15 02:55:32.001,0.72598,0.72607,1.00,1.00
2015.12.15 02:55:32.504,0.72597,0.72608,4.50,1.00
2015.12.15 02:55:33.012,0.72597,0.72607,2.25,1.00
2015.12.15 02:55:37.068,0.72597,0.72606,1.00,1.12
2015.12.15 02:55:37.578,0.72597,0.72605,1.00,1.00
2015.12.15 02:55:38.470,0.72597,0.72608,1.00,2.72
2015.12.15 02:55:42.532,0.72598,0.72609,1.00,1.87
2015.12.15 02:55:43.048,0.72597,0.72608,1.00,1.37
2015.12.15 02:55:43.557,0.72595,0.72606,1.00,1.87
2015.12.15 02:55:44.117,0.72596,0.72605,1.00,1.00
2015.12.15 02:55:44.653,0.72595,0.72606,1.50,1.37
2015.12.15 02:55:53.044,0.72596,0.72607,1.00,3.75
2015.12.15 02:55:54.086,0.72596,0.72607,1.00,3.37
2015.12.15 02:55:55.754,0.72597,0.72607,1.00,1.87
2015.12.15 02:55:56.262,0.72598,0.72607,1.00,1.37
2015.12.15 02:55:56.500,0.72598,0.72609,1.00,2.25
2015.12.15 02:56:01.516,0.72598,0.72609,1.00,2.62
2015.12.15 02:56:03.500,0.72598,0.72609,1.00,3.75
2015.12.15 02:56:04.623,0.72597,0.72608,2.62,1.12
2015.12.15 02:56:07.505,0.72597,0.72607,1.50,1.00
2015.12.15 02:56:08.014,0.72596,0.72607,3.00,1.37
2015.12.15 02:56:13.949,0.72595,0.726,1.50,1.00
2015.12.15 02:56:14.000,0.72596,0.72602,1.00,1.00
2015.12.15 02:56:14.051,0.72596,0.726,1.00,1.00
2015.12.15 02:56:14.103,0.72592,0.72599,1.00,1.00
2015.12.15 02:56:14.307,0.72589,0.726,3.37,1.12
2015.12.15 02:56:14.800,0.72588,0.72598,1.50,1.00
2015.12.15 02:56:15.310,0.72589,0.72599,1.00,1.12
2015.12.15 02:56:15.819,0.72588,0.72599,1.50,1.12
2015.12.15 02:56:16.328,0.72589,0.72599,1.00,1.12
2015.12.15 02:56:16.778,0.72588,0.72597,1.50,1.00
2015.12.15 02:56:17.287,0.72589,0.72598,1.00,1.12
2015.12.15 02:56:19.648,0.72589,0.72597,1.00,1.00
2015.12.15 02:56:20.157,0.72589,0.72598,1.00,1.12
2015.12.15 02:56:20.695,0.72589,0.72598,1.00,1.37
2015.12.15 02:56:22.603,0.7259,0.72598,1.00,1.37
2015.12.15 02:56:23.366,0.7259,0.72598,1.00,1.12
2015.12.15 02:56:24.299,0.72589,0.72599,1.00,1.87
2015.12.15 02:56:24.808,0.7259,0.72599,1.00,1.12
2015.12.15 02:56:25.368,0.7259,0.72599,1.00,1.37
2015.12.15 02:56:26.511,0.72588,0.72599,1.00,1.37
2015.12.15 02:56:35.576,0.72589,0.72599,1.00,1.37
2015.12.15 02:56:37.369,0.72589,0.726,1.00,1.37
2015.12.15 02:56:40.596,0.72589,0.726,1.00,1.37
2015.12.15 02:56:55.617,0.72589,0.726,1.12,1.37
2015.12.15 02:56:56.629,0.72589,0.726,1.00,1.37
2015.12.15 02:57:04.669,0.72589,0.726,1.50,1.87
2015.12.15 02:57:05.650,0.72589,0.726,1.50,1.87
2015.12.15 02:57:06.666,0.72589,0.726,1.50,1.87
2015.12.15 02:57:09.629,0.72589,0.726,1.50,1.87
2015.12.15 02:57:16.903,0.72587,0.72599,1.00,1.87
2015.12.15 02:57:19.462,0.72587,0.72599,2.25,1.87
2015.12.15 02:57:21.510,0.72587,0.72599,1.87,1.87
2015.12.15 02:57:33.793,0.72587,0.72599,1.00,1.87
2015.12.15 02:57:34.325,0.72588,0.72599,1.00,1.87
2015.12.15 02:57:34.833,0.72587,0.72599,2.25,1.87
2015.12.15 02:57:35.186,0.72587,0.72599,2.25,1.87
2015.12.15 02:57:36.785,0.72588,0.72599,1.00,1.87
2015.12.15 02:57:37.193,0.72589,0.72599,1.00,1.87
2015.12.15 02:57:38.166,0.72589,0.72599,1.00,1.87
2015.12.15 02:57:39.177,0.72589,0.72599,1.00,1.12
2015.12.15 02:57:42.795,0.72588,0.726,1.50,1.37
2015.12.15 02:57:51.046,0.72587,0.72599,2.25,1.12
2015.12.15 02:57:52.968,0.72588,0.72599,1.00,1.12
2015.12.15 02:57:53.568,0.72587,0.72598,3.00,1.12
2015.12.15 02:57:54.077,0.72588,0.72598,1.00,1.12
2015.12.15 02:57:54.624,0.72587,0.72598,1.50,1.00
2015.12.15 02:57:55.193,0.72587,0.72598,1.00,1.37
2015.12.15 02:57:56.137,0.72587,0.72598,1.37,1.37
2015.12.15 02:57:56.678,0.72587,0.72598,1.00,1.87
2015.12.15 02:57:57.802,0.72586,0.72598,2.62,1.87
2015.12.15 02:57:58.109,0.72586,0.72595,4.12,1.00
2015.12.15 02:57:58.337,0.72584,0.72595,1.00,1.37
2015.12.15 02:57:58.846,0.72583,0.72595,2.25,1.87
2015.12.15 02:57:59.355,0.72583,0.72595,3.37,1.87
2015.12.15 02:57:59.881,0.72583,0.72594,3.75,1.00
2015.12.15 02:58:00.393,0.72583,0.72594,1.00,1.87
2015.12.15 02:58:02.925,0.72582,0.72594,2.25,1.87
2015.12.15 02:58:05.328,0.72582,0.72594,3.75,1.87
2015.12.15 02:58:07.325,0.72582,0.72594,3.75,1.87
2015.12.15 02:58:09.418,0.72582,0.72593,1.87,1.37
2015.12.15 02:58:13.340,0.72582,0.72593,3.00,1.12
2015.12.15 02:58:15.228,0.72585,0.72593,1.00,1.12
2015.12.15 02:58:15.533,0.72589,0.72596,1.00,1.00
2015.12.15 02:58:15.737,0.72589,0.72598,1.00,1.50
2015.12.15 02:58:16.245,0.72589,0.72599,1.00,1.00
2015.12.15 02:58:16.774,0.72589,0.72599,1.00,1.37
2015.12.15 02:58:19.792,0.72589,0.72599,1.00,1.12
2015.12.15 02:58:20.778,0.72588,0.72599,3.00,1.37
2015.12.15 02:58:22.615,0.72589,0.72599,1.00,1.37
2015.12.15 02:58:23.180,0.72588,0.72599,3.00,1.37
2015.12.15 02:58:26.993,0.72588,0.72598,3.37,1.37
2015.12.15 02:58:27.793,0.72588,0.72598,2.25,1.12
2015.12.15 02:58:33.734,0.72589,0.72598,1.00,1.00
2015.12.15 02:58:39.718,0.72589,0.72599,1.00,1.12
2015.12.15 02:58:40.307,0.72589,0.72599,1.00,1.37
2015.12.15 02:58:40.813,0.72589,0.72599,1.00,1.12
2015.12.15 02:58:42.823,0.72589,0.72599,1.00,1.37
2015.12.15 02:58:44.825,0.72589,0.72599,1.00,1.12
2015.12.15 02:58:52.985,0.72588,0.72599,1.87,1.00
2015.12.15 02:58:53.444,0.72588,0.72597,1.37,1.00
2015.12.15 02:58:53.953,0.72587,0.72597,1.12,1.12
2015.12.15 02:59:00.652,0.72587,0.72595,1.00,1.00
2015.12.15 02:59:01.164,0.72586,0.72595,1.12,1.37
2015.12.15 02:59:01.681,0.72586,0.72595,1.50,1.00
2015.12.15 02:59:02.190,0.72586,0.72596,1.50,1.12
2015.12.15 02:59:03.896,0.72587,0.72596,1.00,1.00
2015.12.15 02:59:05.441,0.72587,0.72596,1.00,1.37
2015.12.15 02:59:06.473,0.72587,0.72596,1.00,1.12
2015.12.15 02:59:07.947,0.72586,0.72596,1.50,1.12
2015.12.15 02:59:08.481,0.72587,0.72596,1.00,1.12
2015.12.15 02:59:08.991,0.72588,0.72599,1.00,1.87
2015.12.15 02:59:09.456,0.72588,0.72598,1.00,1.00
2015.12.15 02:59:09.965,0.72588,0.72599,1.00,1.12
2015.12.15 02:59:11.492,0.72589,0.72599,1.00,1.12
2015.12.15 02:59:14.484,0.72589,0.72599,1.00,1.37
2015.12.15 02:59:18.398,0.72589,0.72599,1.00,1.37
2015.12.15 02:59:18.501,0.72587,0.72598,1.00,1.37
2015.12.15 02:59:18.988,0.72589,0.72599,1.00,1.87
2015.12.15 02:59:19.901,0.72589,0.72599,1.00,1.37
2015.12.15 02:59:20.998,0.72589,0.72599,1.50,1.00
2015.12.15 02:59:23.590,0.72589,0.72599,1.00,1.37
2015.12.15 02:59:23.693,0.72587,0.72599,1.87,1.37
2015.12.15 02:59:24.202,0.72587,0.72599,1.37,2.62
2015.12.15 02:59:24.732,0.72587,0.72599,1.00,2.62
2015.12.15 02:59:25.302,0.72586,0.72597,2.62,1.00
2015.12.15 02:59:25.830,0.72586,0.72597,2.62,1.00
2015.12.15 02:59:27.007,0.72587,0.72598,1.00,1.12
2015.12.15 02:59:27.593,0.72587,0.72599,1.87,1.37
2015.12.15 02:59:28.259,0.72587,0.72599,1.50,1.37
2015.12.15 02:59:32.612,0.72588,0.72599,1.00,1.37
2015.12.15 02:59:37.641,0.72588,0.726,1.00,2.62
2015.12.15 02:59:39.645,0.72588,0.726,1.00,2.62
2015.12.15 02:59:47.076,0.72588,0.726,2.62,1.00
2015.12.15 02:59:47.127,0.72591,0.726,1.00,1.00
2015.12.15 02:59:47.355,0.72591,0.72602,1.00,1.00
2015.12.15 02:59:47.866,0.72591,0.72603,3.00,3.00
2015.12.15 02:59:48.374,0.72591,0.72603,3.37,2.62
2015.12.15 02:59:49.369,0.72591,0.72603,4.12,2.25
2015.12.15 02:59:50.366,0.72591,0.72603,4.50,2.25
2015.12.15 02:59:55.701,0.72593,0.72603,1.00,1.87
2015.12.15 02:59:57.410,0.72593,0.72603,1.00,1.87
2015.12.15 02:59:59.379,0.72593,0.72604,1.00,1.37
