2013.07.29 16:00:00.176,0.86366,0.86377,3.60,1.50
2013.07.29 16:00:00.538,0.86368,0.8638,1.88,2.25
2013.07.29 16:00:00.808,0.8637,0.8638,1.50,1.50
2013.07.29 16:00:00.886,0.86371,0.86383,1.88,1.50
2013.07.29 16:00:01.078,0.86372,0.86384,1.13,3.19
2013.07.29 16:00:01.437,0.86376,0.86384,1.50,2.07
2013.07.29 16:00:01.915,0.86375,0.86385,1.13,2.44
2013.07.29 16:00:02.049,0.86373,0.86385,1.13,2.44
2013.07.29 16:00:04.766,0.86362,0.86374,3.19,1.13
2013.07.29 16:00:04.826,0.86366,0.86378,2.25,2.63
2013.07.29 16:00:04.945,0.86369,0.8638,3.38,2.25
2013.07.29 16:00:05.645,0.86373,0.86385,1.50,3.38
2013.07.29 16:00:05.727,0.8637,0.8638,1.50,2.25
2013.07.29 16:00:05.946,0.86375,0.86385,1.50,1.50
2013.07.29 16:00:06.306,0.86376,0.86386,1.50,1.50
2013.07.29 16:00:07.267,0.86372,0.86381,1.50,2.82
2013.07.29 16:00:07.359,0.86375,0.86383,1.50,1.50
2013.07.29 16:00:07.491,0.86371,0.8638,1.69,1.88
2013.07.29 16:00:07.561,0.86371,0.86378,1.50,1.13
2013.07.29 16:00:08.047,0.86368,0.86378,1.13,1.88
2013.07.29 16:00:09.586,0.86373,0.86383,2.44,1.69
2013.07.29 16:00:09.775,0.86366,0.86377,2.63,1.50
2013.07.29 16:00:13.329,0.86366,0.86378,1.88,2.85
2013.07.29 16:00:13.915,0.86367,0.8638,1.13,2.25
2013.07.29 16:00:14.576,0.86367,0.86379,1.13,1.50
2013.07.29 16:00:14.818,0.86368,0.8638,1.50,1.13
2013.07.29 16:00:14.998,0.8637,0.86381,1.50,2.07
2013.07.29 16:00:15.529,0.8637,0.86381,2.25,2.07
2013.07.29 16:00:15.657,0.86374,0.86384,1.50,3.19
2013.07.29 16:00:15.879,0.86373,0.86384,2.25,1.50
2013.07.29 16:00:16.035,0.86375,0.86385,3.00,2.07
2013.07.29 16:00:16.229,0.8638,0.86386,1.50,1.50
2013.07.29 16:00:16.358,0.86381,0.86389,1.50,1.50
2013.07.29 16:00:16.549,0.86377,0.86389,3.00,1.50
2013.07.29 16:00:17.063,0.86377,0.86389,3.00,1.13
2013.07.29 16:00:18.031,0.86378,0.86391,1.88,3.04
2013.07.29 16:00:18.157,0.86379,0.86392,2.25,2.44
2013.07.29 16:00:18.458,0.86382,0.86391,1.50,1.50
2013.07.29 16:00:19.356,0.86382,0.86391,1.50,1.88
2013.07.29 16:00:19.667,0.86382,0.86392,1.50,3.38
2013.07.29 16:00:20.446,0.86382,0.86392,2.63,2.25
2013.07.29 16:00:20.986,0.86382,0.86394,1.88,3.00
2013.07.29 16:00:21.828,0.8638,0.86394,5.07,3.00
2013.07.29 16:00:22.378,0.86382,0.86394,1.50,3.00
2013.07.29 16:00:22.437,0.86383,0.86394,1.50,2.25
2013.07.29 16:00:22.616,0.86383,0.86394,1.50,2.25
2013.07.29 16:00:23.155,0.86383,0.86394,1.50,2.25
2013.07.29 16:00:24.686,0.86381,0.86394,1.50,2.25
2013.07.29 16:00:25.506,0.86381,0.86394,1.50,2.25
2013.07.29 16:00:25.565,0.86382,0.86394,1.50,1.50
2013.07.29 16:00:25.806,0.86384,0.86396,1.50,1.13
2013.07.29 16:00:25.866,0.86384,0.86396,2.25,1.13
2013.07.29 16:00:26.479,0.86384,0.86397,2.25,1.88
2013.07.29 16:00:26.847,0.86376,0.86384,1.50,1.88
2013.07.29 16:00:27.026,0.86384,0.86398,1.50,1.50
2013.07.29 16:00:27.306,0.86377,0.86386,1.50,1.13
2013.07.29 16:00:27.686,0.86383,0.86396,5.07,1.88
2013.07.29 16:00:28.225,0.86383,0.86396,5.82,1.88
2013.07.29 16:00:29.325,0.86383,0.86396,2.25,3.38
2013.07.29 16:00:30.457,0.86377,0.86388,1.50,3.04
2013.07.29 16:00:30.586,0.86383,0.86394,2.44,1.88
2013.07.29 16:00:30.898,0.86385,0.86393,1.13,1.13
2013.07.29 16:00:31.197,0.86385,0.86396,1.13,2.63
2013.07.29 16:00:31.735,0.86385,0.86396,1.13,1.13
2013.07.29 16:00:32.276,0.86385,0.86396,1.13,1.88
2013.07.29 16:00:32.816,0.86385,0.86396,1.13,2.63
2013.07.29 16:00:33.356,0.86385,0.86398,1.13,1.50
2013.07.29 16:00:33.655,0.86385,0.86398,1.13,1.88
2013.07.29 16:00:34.948,0.86385,0.86396,1.13,1.50
2013.07.29 16:00:35.126,0.86384,0.86396,2.82,1.50
2013.07.29 16:00:35.676,0.86384,0.86398,2.82,1.88
2013.07.29 16:00:36.665,0.86385,0.86398,1.13,1.88
2013.07.29 16:00:37.326,0.86384,0.86397,2.44,1.13
2013.07.29 16:00:37.434,0.86381,0.86392,6.00,1.50
2013.07.29 16:00:37.926,0.86387,0.86397,1.50,1.13
2013.07.29 16:00:38.353,0.86385,0.86396,2.25,2.25
2013.07.29 16:00:40.006,0.86385,0.86398,2.25,1.88
2013.07.29 16:00:40.307,0.86387,0.86398,1.50,1.13
2013.07.29 16:00:40.327,0.86385,0.86397,4.69,1.69
2013.07.29 16:00:40.427,0.86388,0.86399,1.88,1.13
2013.07.29 16:00:40.447,0.86382,0.86392,1.50,1.50
2013.07.29 16:00:40.606,0.8639,0.86403,1.13,2.63
2013.07.29 16:00:40.632,0.86379,0.86389,3.19,2.44
2013.07.29 16:00:40.728,0.86393,0.86403,1.50,1.88
2013.07.29 16:00:40.996,0.86379,0.86387,1.32,1.13
2013.07.29 16:00:41.276,0.86391,0.86403,3.75,2.63
2013.07.29 16:00:41.635,0.86391,0.86403,3.75,2.63
2013.07.29 16:00:45.047,0.86376,0.86388,3.00,2.44
2013.07.29 16:00:45.352,0.86375,0.86387,1.50,1.50
2013.07.29 16:00:45.945,0.86391,0.86403,4.69,1.13
2013.07.29 16:00:47.387,0.86394,0.86404,1.13,1.32
2013.07.29 16:00:47.727,0.86375,0.86386,3.00,2.82
2013.07.29 16:00:47.739,0.86394,0.86406,2.25,1.50
2013.07.29 16:00:47.811,0.86396,0.86407,1.50,2.63
2013.07.29 16:00:48.116,0.86395,0.86407,2.25,2.63
2013.07.29 16:00:48.646,0.86395,0.86407,1.50,3.38
2013.07.29 16:00:49.266,0.86394,0.86405,1.50,1.50
2013.07.29 16:00:49.826,0.86374,0.86385,4.69,1.69
2013.07.29 16:00:50.374,0.86375,0.86385,1.69,4.88
2013.07.29 16:00:52.396,0.86394,0.86405,1.13,1.50
2013.07.29 16:00:53.116,0.86392,0.86404,2.44,2.63
2013.07.29 16:00:53.676,0.86392,0.86404,1.69,2.63
2013.07.29 16:00:55.546,0.86391,0.86403,3.57,1.50
2013.07.29 16:00:56.886,0.86393,0.86403,1.13,1.50
2013.07.29 16:00:57.066,0.86393,0.86404,1.13,1.50
2013.07.29 16:00:57.606,0.86394,0.86405,1.50,1.88
2013.07.29 16:00:57.777,0.86374,0.86386,2.44,2.44
2013.07.29 16:00:58.016,0.86373,0.86383,1.50,1.50
2013.07.29 16:00:58.137,0.86374,0.86386,3.57,2.82
2013.07.29 16:00:58.147,0.86393,0.86405,2.07,1.88
2013.07.29 16:00:58.206,0.86394,0.86405,1.50,1.88
2013.07.29 16:00:58.256,0.86377,0.86388,2.63,3.75
2013.07.29 16:00:58.329,0.86383,0.86393,3.75,1.88
2013.07.29 16:00:58.402,0.86387,0.86396,2.07,1.50
2013.07.29 16:00:58.445,0.86393,0.86405,1.32,1.88
2013.07.29 16:00:58.743,0.86393,0.86405,1.32,1.88
2013.07.29 16:00:59.049,0.86397,0.86409,1.88,6.79
2013.07.29 16:00:59.346,0.86396,0.86408,1.13,2.25
2013.07.29 16:00:59.407,0.86396,0.86408,1.88,2.25
2013.07.29 16:00:59.946,0.86396,0.86407,1.13,2.85
2013.07.29 16:01:00.486,0.86395,0.86406,1.13,2.25
2013.07.29 16:01:02.166,0.86396,0.86406,1.13,1.50
2013.07.29 16:01:02.708,0.86396,0.86407,1.13,2.44
2013.07.29 16:01:03.242,0.86397,0.86409,2.25,1.50
2013.07.29 16:01:03.311,0.86399,0.8641,1.13,3.19
2013.07.29 16:01:03.855,0.864,0.8641,1.13,2.25
2013.07.29 16:01:04.406,0.864,0.86411,1.13,1.50
2013.07.29 16:01:04.542,0.86391,0.86401,1.69,1.50
2013.07.29 16:01:04.826,0.864,0.86411,1.13,1.50
2013.07.29 16:01:05.098,0.86393,0.86401,1.13,1.50
2013.07.29 16:01:05.368,0.86401,0.86413,3.38,2.25
2013.07.29 16:01:05.908,0.86401,0.86412,3.38,1.50
2013.07.29 16:01:06.147,0.86404,0.86412,1.13,1.50
2013.07.29 16:01:06.387,0.86402,0.86413,2.25,1.50
2013.07.29 16:01:06.447,0.86402,0.86415,2.25,2.63
2013.07.29 16:01:06.987,0.86399,0.86412,4.32,2.25
2013.07.29 16:01:07.228,0.86399,0.86411,1.13,2.63
2013.07.29 16:01:07.827,0.86397,0.86409,2.25,1.13
2013.07.29 16:01:08.375,0.86398,0.8641,1.50,2.25
2013.07.29 16:01:08.436,0.86398,0.8641,1.50,2.25
2013.07.29 16:01:08.856,0.86398,0.86411,2.25,4.13
2013.07.29 16:01:09.396,0.86399,0.86411,1.13,3.75
2013.07.29 16:01:09.936,0.864,0.86411,1.13,1.50
2013.07.29 16:01:10.576,0.86399,0.86411,1.50,2.25
2013.07.29 16:01:11.166,0.86399,0.8641,1.13,1.13
2013.07.29 16:01:11.527,0.86401,0.8641,1.13,1.13
2013.07.29 16:01:11.828,0.86409,0.86415,1.13,1.50
2013.07.29 16:01:12.150,0.86406,0.86416,1.69,2.25
2013.07.29 16:01:12.486,0.86405,0.86415,1.50,1.50
2013.07.29 16:01:12.606,0.86405,0.86417,2.25,1.88
2013.07.29 16:01:12.666,0.86405,0.86417,2.25,1.88
2013.07.29 16:01:12.786,0.86405,0.86417,3.00,1.13
2013.07.29 16:01:13.328,0.86406,0.86419,1.13,3.38
2013.07.29 16:01:14.436,0.86405,0.86418,3.00,1.13
2013.07.29 16:01:14.497,0.86405,0.86418,2.25,1.88
2013.07.29 16:01:19.603,0.86394,0.86403,3.94,3.19
2013.07.29 16:01:20.158,0.86397,0.86405,1.13,1.50
2013.07.29 16:01:20.518,0.86397,0.86406,1.32,1.50
2013.07.29 16:01:20.747,0.86405,0.86418,1.50,1.32
2013.07.29 16:01:21.285,0.86402,0.86415,2.25,1.88
2013.07.29 16:01:21.466,0.86402,0.86415,2.25,1.88
2013.07.29 16:01:22.566,0.86402,0.86414,2.07,2.25
2013.07.29 16:01:23.368,0.86401,0.86413,1.69,1.88
2013.07.29 16:01:23.487,0.864,0.86412,1.50,1.88
2013.07.29 16:01:24.026,0.86398,0.8641,1.32,1.88
2013.07.29 16:01:24.566,0.86399,0.8641,1.13,1.13
2013.07.29 16:01:24.626,0.864,0.8641,1.13,1.13
2013.07.29 16:01:24.866,0.86403,0.86414,1.88,1.50
2013.07.29 16:01:25.406,0.86403,0.86414,1.88,1.50
2013.07.29 16:01:26.226,0.86403,0.86413,1.50,1.50
2013.07.29 16:01:27.175,0.86403,0.86413,1.50,1.50
2013.07.29 16:01:27.535,0.86403,0.86416,1.50,3.19
2013.07.29 16:01:27.778,0.86403,0.86415,1.50,2.10
2013.07.29 16:01:28.676,0.86403,0.86414,2.25,1.35
2013.07.29 16:01:30.170,0.86403,0.86413,1.88,1.50
2013.07.29 16:01:30.418,0.86401,0.86413,2.44,1.50
2013.07.29 16:01:30.488,0.86401,0.86413,1.69,2.25
2013.07.29 16:01:30.505,0.86398,0.86408,2.44,2.82
2013.07.29 16:01:31.026,0.864,0.86412,2.82,1.50
2013.07.29 16:01:32.155,0.864,0.86411,2.07,1.50
2013.07.29 16:01:33.468,0.864,0.86409,2.25,1.88
2013.07.29 16:01:33.486,0.86398,0.86411,2.44,2.25
2013.07.29 16:01:33.728,0.86398,0.8641,1.50,2.25
2013.07.29 16:01:33.916,0.86396,0.86409,2.07,1.88
2013.07.29 16:01:34.008,0.86401,0.86412,1.69,2.25
2013.07.29 16:01:34.337,0.86394,0.86407,2.07,2.63
2013.07.29 16:01:34.518,0.86401,0.86413,2.44,4.69
2013.07.29 16:01:34.637,0.86395,0.86406,1.32,1.50
2013.07.29 16:01:34.997,0.86399,0.86408,1.13,2.25
2013.07.29 16:01:35.176,0.86399,0.8641,1.13,2.25
2013.07.29 16:01:39.277,0.86399,0.86409,1.13,2.25
2013.07.29 16:01:39.787,0.86399,0.86411,1.69,1.88
2013.07.29 16:01:40.336,0.86397,0.86409,1.50,2.25
2013.07.29 16:01:40.396,0.86394,0.86407,1.50,1.13
2013.07.29 16:01:40.496,0.86399,0.8641,1.13,2.25
2013.07.29 16:01:40.737,0.86401,0.8641,1.13,1.50
2013.07.29 16:01:40.977,0.86403,0.86412,1.13,3.75
2013.07.29 16:01:41.027,0.86393,0.86405,1.50,4.69
2013.07.29 16:01:44.484,0.86395,0.86406,3.00,2.07
2013.07.29 16:01:45.268,0.86397,0.86407,1.69,1.13
2013.07.29 16:01:45.327,0.86397,0.86406,1.50,1.32
2013.07.29 16:01:45.367,0.86403,0.86412,1.13,3.75
2013.07.29 16:01:45.388,0.86394,0.86405,5.07,1.69
2013.07.29 16:01:45.630,0.86393,0.86404,1.50,4.51
2013.07.29 16:01:46.822,0.86393,0.86404,1.69,3.00
2013.07.29 16:01:47.887,0.864,0.8641,1.32,1.50
2013.07.29 16:01:48.621,0.86399,0.8641,1.32,3.00
2013.07.29 16:01:49.126,0.86399,0.8641,2.07,2.25
2013.07.29 16:01:50.184,0.86394,0.86406,1.69,1.32
2013.07.29 16:01:50.369,0.86396,0.86407,3.19,1.88
2013.07.29 16:01:51.249,0.86397,0.86409,2.25,1.88
2013.07.29 16:01:52.328,0.86397,0.8641,1.50,3.00
2013.07.29 16:01:52.516,0.86399,0.8641,1.32,2.25
2013.07.29 16:01:52.876,0.86398,0.8641,2.25,1.50
2013.07.29 16:01:52.956,0.86397,0.86408,1.50,3.19
2013.07.29 16:01:53.277,0.86396,0.86407,1.88,5.25
2013.07.29 16:01:53.606,0.864,0.86412,1.88,3.75
2013.07.29 16:01:54.166,0.86401,0.86412,1.32,3.00
2013.07.29 16:01:55.789,0.86393,0.86405,1.88,1.13
2013.07.29 16:01:56.328,0.86392,0.86402,1.50,2.07
2013.07.29 16:01:56.655,0.86401,0.86412,1.32,3.00
2013.07.29 16:01:57.195,0.86401,0.86412,1.32,3.00
2013.07.29 16:01:58.239,0.864,0.86411,1.69,2.25
2013.07.29 16:01:58.547,0.86398,0.86409,2.07,1.50
2013.07.29 16:01:58.847,0.86395,0.86406,3.19,1.50
2013.07.29 16:01:58.908,0.86394,0.86405,3.19,2.25
2013.07.29 16:01:59.027,0.86394,0.86405,2.25,1.50
2013.07.29 16:01:59.567,0.86395,0.86405,1.50,1.50
2013.07.29 16:02:00.997,0.86395,0.86406,1.88,1.50
2013.07.29 16:02:02.007,0.86391,0.86403,1.69,1.13
2013.07.29 16:02:02.187,0.86393,0.86404,2.25,1.50
2013.07.29 16:02:02.306,0.86396,0.86407,3.94,1.69
2013.07.29 16:02:02.886,0.86396,0.86406,1.13,1.50
2013.07.29 16:02:03.436,0.86396,0.86408,2.07,1.50
2013.07.29 16:02:04.627,0.86397,0.86408,1.32,1.50
2013.07.29 16:02:05.176,0.86397,0.86407,1.32,1.13
2013.07.29 16:02:05.239,0.86397,0.86408,1.50,2.25
2013.07.29 16:02:05.717,0.86396,0.86407,2.07,1.13
2013.07.29 16:02:07.586,0.86396,0.86407,1.32,2.25
2013.07.29 16:02:08.007,0.86397,0.86408,1.13,1.50
2013.07.29 16:02:08.166,0.86398,0.86407,1.13,2.25
2013.07.29 16:02:08.307,0.86397,0.86407,3.94,3.94
2013.07.29 16:02:08.406,0.86399,0.8641,1.50,1.50
2013.07.29 16:02:08.916,0.86395,0.86406,1.50,2.63
2013.07.29 16:02:08.946,0.86399,0.86412,1.32,3.00
2013.07.29 16:02:09.065,0.86399,0.86411,1.32,2.25
2013.07.29 16:02:09.486,0.86396,0.86408,3.19,1.50
2013.07.29 16:02:10.026,0.86396,0.86409,1.69,3.00
2013.07.29 16:02:10.574,0.86396,0.86409,2.44,3.00
2013.07.29 16:02:11.855,0.86396,0.86408,1.88,1.13
2013.07.29 16:02:14.756,0.86396,0.86409,1.50,3.00
2013.07.29 16:02:15.296,0.86394,0.86408,3.94,2.63
2013.07.29 16:02:15.717,0.86395,0.86407,1.69,1.50
2013.07.29 16:02:16.256,0.86396,0.86408,1.50,1.50
2013.07.29 16:02:16.675,0.86395,0.86408,2.44,1.50
2013.07.29 16:02:16.797,0.86395,0.86407,2.25,5.07
2013.07.29 16:02:17.827,0.86396,0.86408,1.50,1.50
2013.07.29 16:02:18.776,0.86395,0.86408,2.44,2.25
2013.07.29 16:02:19.297,0.86395,0.86407,1.88,1.13
2013.07.29 16:02:19.816,0.86395,0.86407,1.50,1.50
2013.07.29 16:02:20.356,0.86395,0.86409,2.63,3.94
2013.07.29 16:02:20.476,0.86398,0.86409,1.13,3.94
2013.07.29 16:02:21.587,0.86394,0.86406,3.00,1.13
2013.07.29 16:02:22.177,0.86393,0.86405,1.88,1.50
2013.07.29 16:02:22.187,0.86396,0.86408,1.50,1.50
2013.07.29 16:02:23.236,0.86394,0.86406,1.50,1.13
2013.07.29 16:02:24.850,0.86398,0.86408,1.13,1.50
2013.07.29 16:02:25.396,0.86398,0.86408,2.63,1.50
2013.07.29 16:02:25.756,0.86401,0.86412,1.13,5.44
2013.07.29 16:02:25.936,0.86401,0.86412,1.13,4.50
2013.07.29 16:02:26.126,0.86401,0.86412,1.13,4.50
2013.07.29 16:02:26.186,0.86401,0.86412,1.13,3.75
2013.07.29 16:02:27.287,0.86396,0.86408,2.25,2.25
2013.07.29 16:02:28.574,0.86398,0.86409,1.50,1.50
2013.07.29 16:02:28.827,0.86403,0.86412,1.13,2.25
2013.07.29 16:02:29.187,0.864,0.86411,2.82,1.50
2013.07.29 16:02:29.246,0.864,0.86412,2.82,2.25
2013.07.29 16:02:29.427,0.864,0.86411,2.07,1.50
2013.07.29 16:02:30.657,0.86399,0.86409,1.69,1.50
2013.07.29 16:02:30.776,0.86397,0.86407,3.57,1.50
2013.07.29 16:02:30.896,0.86399,0.86409,1.13,1.50
2013.07.29 16:02:31.535,0.86399,0.86409,1.88,1.50
2013.07.29 16:02:33.008,0.86399,0.8641,1.13,2.07
2013.07.29 16:02:33.547,0.86399,0.8641,3.00,3.19
2013.07.29 16:02:34.067,0.86397,0.86409,2.44,2.25
2013.07.29 16:02:34.426,0.86398,0.86408,1.50,1.50
2013.07.29 16:02:34.702,0.86398,0.86409,2.25,2.25
2013.07.29 16:02:35.098,0.86397,0.86408,3.19,1.50
2013.07.29 16:02:35.636,0.86395,0.86406,1.50,1.88
2013.07.29 16:02:35.677,0.86397,0.86409,1.69,5.85
2013.07.29 16:02:35.877,0.86397,0.86403,1.69,1.88
2013.07.29 16:02:36.707,0.86395,0.86404,2.44,3.38
2013.07.29 16:02:37.247,0.86395,0.86405,2.25,1.13
2013.07.29 16:02:37.396,0.86397,0.86408,1.69,1.50
2013.07.29 16:02:37.606,0.86395,0.86406,1.13,1.50
2013.07.29 16:02:38.027,0.86393,0.86405,3.75,1.50
2013.07.29 16:02:38.442,0.86397,0.86407,2.07,1.13
2013.07.29 16:02:38.468,0.86393,0.86405,2.25,1.88
2013.07.29 16:02:38.749,0.86399,0.86407,1.50,1.13
2013.07.29 16:02:38.994,0.86393,0.86405,1.13,6.57
2013.07.29 16:02:39.058,0.86403,0.86412,1.13,3.00
2013.07.29 16:02:39.119,0.86403,0.86412,1.88,3.00
2013.07.29 16:02:39.710,0.86391,0.86403,1.50,1.69
2013.07.29 16:02:39.937,0.86403,0.86412,1.13,1.50
2013.07.29 16:02:40.628,0.86403,0.86413,1.13,1.50
2013.07.29 16:02:40.827,0.86391,0.86403,2.82,2.25
2013.07.29 16:02:41.375,0.86391,0.86403,1.50,3.75
2013.07.29 16:02:41.498,0.86392,0.86404,1.13,1.50
2013.07.29 16:02:42.965,0.86403,0.86414,2.07,3.75
2013.07.29 16:02:43.468,0.86401,0.86414,3.19,3.38
2013.07.29 16:02:44.007,0.86401,0.86414,3.94,1.88
2013.07.29 16:02:44.886,0.86393,0.86404,1.50,1.13
2013.07.29 16:02:45.007,0.86395,0.86405,2.44,1.13
2013.07.29 16:02:45.187,0.86396,0.86406,1.50,1.50
2013.07.29 16:02:45.547,0.86395,0.86405,1.50,1.69
2013.07.29 16:02:46.557,0.86395,0.86405,3.19,3.75
2013.07.29 16:02:46.858,0.86392,0.86404,2.25,1.50
2013.07.29 16:02:47.327,0.86391,0.86403,1.88,3.19
2013.07.29 16:02:47.567,0.86392,0.86403,1.50,4.69
2013.07.29 16:02:48.655,0.86401,0.86415,3.94,2.63
2013.07.29 16:02:49.195,0.86401,0.86413,2.44,1.88
2013.07.29 16:02:49.976,0.86393,0.86404,1.50,1.32
2013.07.29 16:02:52.096,0.86402,0.86413,1.69,1.88
2013.07.29 16:02:52.324,0.86393,0.86406,3.38,1.50
2013.07.29 16:02:52.635,0.86404,0.86414,1.13,1.88
2013.07.29 16:02:53.176,0.86405,0.86414,1.13,1.13
2013.07.29 16:02:53.716,0.86405,0.86416,1.88,2.25
2013.07.29 16:02:54.377,0.86405,0.86416,2.63,3.75
2013.07.29 16:02:54.697,0.86393,0.86405,2.25,2.63
2013.07.29 16:02:54.818,0.86408,0.86419,3.94,1.50
2013.07.29 16:02:55.237,0.86393,0.86403,1.13,1.13
2013.07.29 16:02:55.497,0.86408,0.86419,3.19,2.25
2013.07.29 16:02:55.776,0.86393,0.86405,3.38,2.25
2013.07.29 16:02:55.916,0.86406,0.86418,2.07,2.25
2013.07.29 16:02:56.136,0.86396,0.86405,1.13,2.63
2013.07.29 16:02:57.026,0.86406,0.86418,2.07,3.75
2013.07.29 16:02:57.198,0.86395,0.86405,2.25,2.63
2013.07.29 16:02:57.613,0.86395,0.86404,3.19,1.13
2013.07.29 16:02:58.547,0.86406,0.86418,1.88,3.75
2013.07.29 16:02:59.012,0.86394,0.86406,1.69,2.25
2013.07.29 16:02:59.126,0.86408,0.86418,1.13,3.75
2013.07.29 16:02:59.248,0.86408,0.86418,1.50,3.00
2013.07.29 16:02:59.256,0.86396,0.86408,1.13,1.50
2013.07.29 16:02:59.315,0.86397,0.8641,2.82,1.13
2013.07.29 16:02:59.487,0.86406,0.86419,3.19,3.00
2013.07.29 16:02:59.789,0.86408,0.86419,1.50,2.25
2013.07.29 16:02:59.816,0.86399,0.86411,2.25,1.50
2013.07.29 16:02:59.971,0.86406,0.86419,3.19,3.00
2013.07.29 16:03:00.156,0.86408,0.86418,1.50,1.50
2013.07.29 16:03:00.517,0.86406,0.86418,2.44,1.50
2013.07.29 16:03:01.476,0.86407,0.86419,1.69,1.50
2013.07.29 16:03:01.539,0.86402,0.86413,1.50,1.50
2013.07.29 16:03:01.986,0.86408,0.86419,1.69,1.50
2013.07.29 16:03:02.238,0.86403,0.86414,2.44,1.32
2013.07.29 16:03:02.523,0.86408,0.86418,1.69,1.50
2013.07.29 16:03:02.778,0.86404,0.86415,1.50,1.88
2013.07.29 16:03:04.026,0.86408,0.86419,1.69,1.50
2013.07.29 16:03:04.328,0.8641,0.8642,1.50,5.25
2013.07.29 16:03:04.447,0.86408,0.86419,2.44,1.50
2013.07.29 16:03:04.961,0.86408,0.86419,2.44,2.25
2013.07.29 16:03:05.506,0.86407,0.86419,1.69,1.50
2013.07.29 16:03:07.289,0.86405,0.86415,1.69,1.32
2013.07.29 16:03:08.406,0.86409,0.86419,1.13,1.50
2013.07.29 16:03:08.647,0.86407,0.8642,3.19,1.88
2013.07.29 16:03:08.706,0.86409,0.8642,1.50,1.88
2013.07.29 16:03:09.247,0.86408,0.8642,1.69,1.88
2013.07.29 16:03:09.756,0.86408,0.8642,1.69,1.88
2013.07.29 16:03:10.099,0.86404,0.86415,2.44,3.94
2013.07.29 16:03:10.805,0.86404,0.86414,3.94,2.25
2013.07.29 16:03:11.176,0.86403,0.86414,1.50,1.69
2013.07.29 16:03:11.336,0.86408,0.8642,2.07,1.88
2013.07.29 16:03:12.176,0.86412,0.8642,1.13,1.50
2013.07.29 16:03:12.339,0.86404,0.86414,2.82,1.88
2013.07.29 16:03:12.418,0.86415,0.86426,1.13,3.19
2013.07.29 16:03:12.876,0.86404,0.86414,3.94,1.13
2013.07.29 16:03:13.156,0.86415,0.86424,1.13,2.44
2013.07.29 16:03:13.429,0.86404,0.86414,2.82,3.94
2013.07.29 16:03:13.696,0.86415,0.86424,1.13,1.50
2013.07.29 16:03:14.116,0.86415,0.86424,1.13,1.50
2013.07.29 16:03:14.656,0.86415,0.86426,1.13,3.00
2013.07.29 16:03:16.158,0.86405,0.86413,3.94,1.69
2013.07.29 16:03:16.683,0.86402,0.86412,1.50,1.50
2013.07.29 16:03:18.099,0.864,0.86411,1.50,2.44
2013.07.29 16:03:21.628,0.864,0.86411,1.50,2.63
2013.07.29 16:03:26.584,0.86399,0.86409,2.44,3.19
2013.07.29 16:03:27.807,0.86414,0.86425,1.13,3.38
2013.07.29 16:03:28.108,0.86401,0.86412,4.32,2.44
2013.07.29 16:03:28.167,0.86412,0.86424,1.13,1.88
2013.07.29 16:03:28.226,0.86412,0.86424,1.13,1.88
2013.07.29 16:03:28.656,0.8641,0.86422,2.07,2.25
2013.07.29 16:03:28.729,0.86403,0.86414,1.88,2.25
2013.07.29 16:03:29.206,0.86409,0.86421,1.13,2.25
2013.07.29 16:03:30.348,0.86407,0.86417,3.75,1.88
2013.07.29 16:03:31.198,0.86412,0.86421,1.13,2.25
2013.07.29 16:03:31.567,0.8641,0.86421,1.13,1.50
2013.07.29 16:03:31.637,0.86407,0.8642,2.07,2.63
2013.07.29 16:03:31.757,0.86407,0.8642,2.07,2.63
2013.07.29 16:03:32.128,0.86407,0.86419,1.32,2.25
2013.07.29 16:03:32.369,0.86407,0.86419,1.32,2.25
2013.07.29 16:03:32.650,0.86408,0.86418,1.50,1.43
2013.07.29 16:03:33.168,0.86407,0.86418,1.50,2.25
2013.07.29 16:03:33.348,0.86405,0.86416,1.50,1.88
2013.07.29 16:03:33.468,0.86405,0.86414,2.44,2.82
2013.07.29 16:03:34.129,0.86401,0.86413,2.25,3.00
2013.07.29 16:03:34.247,0.86401,0.86411,2.25,2.10
2013.07.29 16:03:34.776,0.86406,0.86418,1.69,3.00
2013.07.29 16:03:34.791,0.864,0.8641,1.13,1.69
2013.07.29 16:03:34.896,0.86405,0.86418,2.44,5.25
2013.07.29 16:03:35.076,0.86404,0.86416,2.63,1.50
2013.07.29 16:03:35.138,0.86404,0.86418,2.63,3.75
2013.07.29 16:03:35.256,0.86404,0.86416,1.88,1.50
2013.07.29 16:03:35.796,0.86403,0.86416,1.32,3.75
2013.07.29 16:03:36.336,0.86403,0.86416,1.69,3.75
2013.07.29 16:03:36.696,0.86401,0.86412,3.19,2.63
2013.07.29 16:03:37.236,0.86402,0.86412,1.32,2.25
2013.07.29 16:03:37.896,0.864,0.86412,4.13,3.00
2013.07.29 16:03:38.316,0.86402,0.86413,1.13,3.00
2013.07.29 16:03:38.437,0.86402,0.86413,1.13,3.00
2013.07.29 16:03:40.220,0.86399,0.86409,2.25,2.25
2013.07.29 16:03:40.564,0.86403,0.86415,1.13,3.75
2013.07.29 16:03:40.757,0.864,0.86411,1.88,1.69
2013.07.29 16:03:40.807,0.86402,0.86413,1.50,1.13
2013.07.29 16:03:41.717,0.86401,0.86412,1.50,1.13
2013.07.29 16:03:42.865,0.86401,0.86412,3.94,2.44
2013.07.29 16:03:43.299,0.86401,0.86412,1.13,2.25
2013.07.29 16:03:43.899,0.86402,0.86413,1.50,2.25
2013.07.29 16:03:44.197,0.86401,0.86412,1.50,1.13
2013.07.29 16:03:44.317,0.864,0.8641,1.13,2.25
2013.07.29 16:03:44.979,0.86397,0.86409,2.44,1.32
2013.07.29 16:03:45.339,0.86399,0.8641,1.13,1.88
2013.07.29 16:03:46.690,0.864,0.86412,1.50,3.94
2013.07.29 16:03:46.920,0.86401,0.86414,1.50,1.69
2013.07.29 16:03:47.706,0.86402,0.86414,1.50,5.07
2013.07.29 16:03:48.115,0.86402,0.86414,2.07,1.50
2013.07.29 16:03:48.189,0.86404,0.86414,2.07,1.13
2013.07.29 16:03:48.628,0.86404,0.86414,1.50,2.25
2013.07.29 16:03:48.670,0.86402,0.86414,3.19,4.32
2013.07.29 16:03:49.175,0.86404,0.86414,1.50,1.50
2013.07.29 16:03:49.706,0.86404,0.86414,1.50,2.25
2013.07.29 16:03:50.435,0.86402,0.86413,2.07,1.50
2013.07.29 16:03:51.229,0.86401,0.86414,3.19,3.38
2013.07.29 16:03:51.788,0.86403,0.86413,2.07,1.50
2013.07.29 16:03:52.649,0.86403,0.86414,1.50,2.63
2013.07.29 16:03:53.010,0.86402,0.86412,1.50,1.69
2013.07.29 16:03:53.369,0.86402,0.86413,1.50,1.50
2013.07.29 16:03:53.536,0.86403,0.86413,2.07,1.50
2013.07.29 16:03:54.043,0.86403,0.86414,2.07,3.00
2013.07.29 16:03:55.258,0.86401,0.86412,2.25,2.25
2013.07.29 16:03:55.407,0.86403,0.86414,2.82,2.25
2013.07.29 16:03:55.959,0.86399,0.86411,2.44,1.50
2013.07.29 16:03:56.066,0.86403,0.86414,2.82,3.00
2013.07.29 16:03:56.460,0.86398,0.8641,2.10,1.50
2013.07.29 16:03:58.336,0.86403,0.86413,1.32,2.25
2013.07.29 16:03:59.000,0.86402,0.86412,1.32,2.25
2013.07.29 16:03:59.709,0.86398,0.8641,3.00,1.13
2013.07.29 16:04:01.256,0.86397,0.86408,2.25,1.50
2013.07.29 16:04:01.436,0.86398,0.86408,1.13,1.13
2013.07.29 16:04:01.488,0.86403,0.86413,1.13,3.00
2013.07.29 16:04:01.557,0.86398,0.86409,1.50,3.00
2013.07.29 16:04:02.036,0.86403,0.86413,1.13,2.25
2013.07.29 16:04:02.097,0.86399,0.86409,1.88,1.50
2013.07.29 16:04:02.707,0.86403,0.86413,1.13,2.25
2013.07.29 16:04:02.757,0.864,0.86411,1.50,3.04
2013.07.29 16:04:03.245,0.86403,0.86413,1.13,1.50
2013.07.29 16:04:03.296,0.86401,0.86412,2.25,1.50
2013.07.29 16:04:03.597,0.864,0.8641,1.50,1.13
2013.07.29 16:04:04.456,0.86403,0.86414,1.13,3.00
2013.07.29 16:04:05.578,0.864,0.86412,1.50,2.25
2013.07.29 16:04:06.656,0.86403,0.86413,1.13,1.50
2013.07.29 16:04:07.208,0.86403,0.86414,1.13,3.75
2013.07.29 16:04:07.806,0.86405,0.86414,1.13,3.00
2013.07.29 16:04:08.487,0.86404,0.86415,1.32,2.25
2013.07.29 16:04:11.888,0.86399,0.8641,1.50,1.13
2013.07.29 16:04:12.427,0.86398,0.86411,3.94,2.44
2013.07.29 16:04:13.366,0.864,0.86413,1.50,1.50
2013.07.29 16:04:13.924,0.86398,0.86412,1.88,1.69
2013.07.29 16:04:14.526,0.86398,0.8641,1.50,1.13
2013.07.29 16:04:16.054,0.86398,0.8641,1.13,1.69
2013.07.29 16:04:18.067,0.86397,0.86409,1.13,2.25
2013.07.29 16:04:19.148,0.864,0.8641,4.13,3.19
2013.07.29 16:04:19.466,0.86403,0.86415,1.32,3.75
2013.07.29 16:04:20.376,0.86402,0.86414,3.57,1.13
2013.07.29 16:04:22.306,0.86402,0.86414,2.82,1.88
2013.07.29 16:04:22.846,0.86401,0.86413,2.82,2.25
2013.07.29 16:04:23.386,0.86403,0.86414,1.13,2.63
2013.07.29 16:04:23.646,0.86404,0.86415,1.13,3.00
2013.07.29 16:04:25.216,0.86404,0.86415,1.32,1.50
2013.07.29 16:04:31.407,0.86399,0.86411,2.25,2.55
2013.07.29 16:04:31.706,0.86403,0.86411,3.38,1.50
2013.07.29 16:04:31.894,0.86402,0.86412,5.25,2.44
2013.07.29 16:04:32.204,0.86401,0.86411,1.50,2.85
2013.07.29 16:04:33.018,0.86403,0.86414,1.32,1.50
2013.07.29 16:04:33.943,0.86403,0.86415,1.32,4.50
2013.07.29 16:04:34.778,0.86399,0.86411,2.25,1.88
2013.07.29 16:04:35.316,0.86398,0.8641,1.50,3.75
2013.07.29 16:04:40.677,0.86404,0.86415,1.88,1.88
2013.07.29 16:04:40.736,0.86405,0.86415,1.50,1.88
2013.07.29 16:04:40.917,0.86404,0.86415,1.88,1.88
2013.07.29 16:04:41.336,0.86404,0.86414,1.13,2.25
2013.07.29 16:04:41.757,0.86404,0.86414,1.13,1.50
2013.07.29 16:04:42.056,0.86404,0.86413,1.13,3.00
2013.07.29 16:04:42.166,0.86398,0.86408,4.32,2.44
2013.07.29 16:04:42.647,0.86398,0.86409,1.13,3.75
2013.07.29 16:04:43.076,0.86404,0.86413,1.13,3.00
2013.07.29 16:04:44.122,0.86398,0.86411,2.07,1.69
2013.07.29 16:04:44.507,0.86398,0.86411,1.50,2.25
2013.07.29 16:04:45.836,0.86398,0.8641,1.50,1.50
2013.07.29 16:04:45.993,0.86398,0.8641,1.32,1.50
2013.07.29 16:04:46.019,0.86404,0.86413,1.13,2.25
2013.07.29 16:04:46.357,0.86399,0.86411,1.69,3.19
2013.07.29 16:04:46.566,0.86405,0.86414,2.63,3.00
2013.07.29 16:04:47.116,0.86405,0.86414,2.63,1.50
2013.07.29 16:04:47.237,0.86405,0.86414,1.13,1.50
2013.07.29 16:04:48.696,0.86404,0.86414,1.50,1.50
2013.07.29 16:04:49.176,0.86404,0.86414,2.25,3.00
2013.07.29 16:04:49.416,0.86403,0.86414,1.88,3.75
2013.07.29 16:04:49.656,0.86403,0.86414,1.88,3.75
2013.07.29 16:04:50.186,0.86403,0.86414,1.88,2.25
2013.07.29 16:04:50.198,0.86398,0.86409,2.25,1.88
2013.07.29 16:04:50.555,0.86398,0.86409,1.50,2.44
2013.07.29 16:04:51.727,0.86405,0.86414,1.50,1.50
2013.07.29 16:04:51.906,0.86403,0.86414,1.88,1.50
2013.07.29 16:04:52.459,0.86403,0.86413,1.88,1.50
2013.07.29 16:04:52.588,0.86406,0.86414,1.50,1.50
2013.07.29 16:04:52.706,0.86403,0.86414,1.13,1.50
2013.07.29 16:04:53.216,0.86406,0.86414,1.50,1.50
2013.07.29 16:04:53.726,0.86406,0.86415,1.50,3.75
2013.07.29 16:04:54.028,0.86406,0.86414,1.50,1.50
2013.07.29 16:04:55.837,0.86399,0.8641,2.44,1.32
2013.07.29 16:04:56.495,0.86398,0.8641,1.69,1.50
2013.07.29 16:04:56.937,0.86403,0.86414,2.07,1.50
2013.07.29 16:04:57.176,0.86404,0.86414,1.50,3.75
2013.07.29 16:04:57.430,0.86406,0.86414,1.50,3.75
2013.07.29 16:04:57.736,0.86403,0.86414,1.32,3.00
2013.07.29 16:04:57.916,0.86406,0.86414,1.50,3.00
2013.07.29 16:04:57.966,0.86397,0.86408,2.44,5.07
2013.07.29 16:04:58.216,0.86403,0.86414,2.07,3.00
2013.07.29 16:04:58.455,0.86398,0.86409,1.50,2.63
2013.07.29 16:04:58.787,0.86403,0.86414,2.07,3.75
2013.07.29 16:04:59.525,0.86397,0.86408,3.23,2.63
2013.07.29 16:04:59.737,0.86403,0.86414,2.07,3.00
2013.07.29 16:05:01.237,0.86404,0.86413,1.13,1.50
2013.07.29 16:05:01.346,0.86397,0.86408,1.32,3.00
2013.07.29 16:05:01.776,0.86404,0.86414,1.88,2.25
2013.07.29 16:05:01.884,0.86395,0.86404,2.44,2.44
2013.07.29 16:05:02.017,0.86406,0.86414,1.50,3.00
2013.07.29 16:05:02.245,0.86391,0.86403,1.50,1.88
2013.07.29 16:05:02.376,0.86403,0.86413,1.69,3.00
2013.07.29 16:05:02.676,0.86405,0.86413,1.50,3.00
2013.07.29 16:05:02.976,0.86402,0.86413,2.44,1.50
2013.07.29 16:05:03.156,0.86406,0.86413,1.50,1.50
2013.07.29 16:05:03.456,0.86402,0.86413,3.19,3.00
2013.07.29 16:05:04.066,0.86402,0.86412,2.25,1.50
2013.07.29 16:05:04.367,0.86403,0.86412,1.13,1.50
2013.07.29 16:05:04.788,0.86404,0.86412,1.50,3.00
2013.07.29 16:05:05.026,0.86398,0.86409,1.50,1.13
2013.07.29 16:05:05.576,0.86397,0.86407,1.88,1.50
2013.07.29 16:05:06.118,0.86396,0.86406,1.50,1.50
2013.07.29 16:05:06.177,0.86395,0.86406,1.13,1.50
2013.07.29 16:05:09.184,0.86389,0.86402,1.50,2.25
2013.07.29 16:05:09.425,0.86391,0.86402,1.50,4.88
2013.07.29 16:05:09.896,0.86396,0.86407,1.13,2.25
2013.07.29 16:05:10.197,0.86398,0.86407,1.50,1.50
2013.07.29 16:05:10.204,0.86393,0.86404,1.13,1.88
2013.07.29 16:05:10.746,0.86398,0.86408,1.50,3.75
2013.07.29 16:05:12.005,0.86396,0.86407,3.60,1.13
2013.07.29 16:05:12.185,0.86398,0.86408,2.25,2.25
2013.07.29 16:05:12.365,0.864,0.86408,2.63,3.00
2013.07.29 16:05:12.424,0.86398,0.86406,3.75,1.88
2013.07.29 16:05:12.586,0.86398,0.86408,1.50,4.50
2013.07.29 16:05:12.706,0.86393,0.86405,2.82,2.85
2013.07.29 16:05:12.928,0.86395,0.86404,2.25,1.50
2013.07.29 16:05:13.186,0.86392,0.86404,2.25,2.10
2013.07.29 16:05:13.475,0.86392,0.86399,2.44,1.50
2013.07.29 16:05:13.729,0.86392,0.86403,1.50,2.85
2013.07.29 16:05:14.546,0.86392,0.86402,2.25,1.50
2013.07.29 16:05:15.726,0.86385,0.86396,1.13,2.07
2013.07.29 16:05:16.255,0.86385,0.86396,1.50,2.07
2013.07.29 16:05:17.986,0.86392,0.86402,3.94,1.50
2013.07.29 16:05:18.346,0.86395,0.86402,1.50,1.50
2013.07.29 16:05:18.527,0.86396,0.86406,1.50,3.00
2013.07.29 16:05:19.066,0.86398,0.86406,1.50,1.50
2013.07.29 16:05:19.434,0.86387,0.86398,1.50,1.88
2013.07.29 16:05:19.597,0.86398,0.86408,1.50,2.63
2013.07.29 16:05:20.086,0.86398,0.86407,1.50,1.13
2013.07.29 16:05:20.615,0.86389,0.86402,1.50,1.50
2013.07.29 16:05:20.627,0.86396,0.86404,1.50,2.25
2013.07.29 16:05:20.987,0.86393,0.86404,2.44,1.50
2013.07.29 16:05:21.226,0.86396,0.86405,1.50,1.50
2013.07.29 16:05:21.286,0.86396,0.86406,1.50,3.75
2013.07.29 16:05:21.347,0.86396,0.86403,1.50,2.48
2013.07.29 16:05:21.466,0.86392,0.86402,1.50,1.35
2013.07.29 16:05:21.587,0.86393,0.864,2.25,1.50
2013.07.29 16:05:22.126,0.86395,0.86404,1.50,1.50
2013.07.29 16:05:22.666,0.86394,0.86404,2.25,1.50
2013.07.29 16:05:22.726,0.86393,0.86404,1.50,1.50
2013.07.29 16:05:23.126,0.86393,0.86404,1.50,1.50
2013.07.29 16:05:23.607,0.86396,0.86404,1.50,2.25
2013.07.29 16:05:23.694,0.86391,0.86403,3.00,1.88
2013.07.29 16:05:23.847,0.86391,0.86402,3.38,3.00
2013.07.29 16:05:25.896,0.86391,0.86401,1.50,1.13
2013.07.29 16:05:25.956,0.86389,0.86401,1.32,1.13
2013.07.29 16:05:26.077,0.86388,0.86401,5.44,2.63
2013.07.29 16:05:26.379,0.86391,0.86401,1.50,2.25
2013.07.29 16:05:26.987,0.86388,0.86401,3.57,3.00
2013.07.29 16:05:27.167,0.86389,0.86401,2.07,2.25
2013.07.29 16:05:27.234,0.86392,0.86403,1.50,1.69
2013.07.29 16:05:27.466,0.86389,0.86401,2.07,3.00
2013.07.29 16:05:27.707,0.86389,0.864,1.69,1.50
2013.07.29 16:05:28.066,0.86388,0.864,3.94,1.50
2013.07.29 16:05:28.187,0.86389,0.864,1.69,1.50
2013.07.29 16:05:28.496,0.86386,0.86397,1.13,5.48
2013.07.29 16:05:28.796,0.86386,0.86397,1.13,2.25
2013.07.29 16:05:29.371,0.86388,0.86399,2.63,2.25
2013.07.29 16:05:30.323,0.86393,0.86405,1.13,2.44
2013.07.29 16:05:30.457,0.86391,0.86399,1.50,2.25
2013.07.29 16:05:30.696,0.86388,0.864,2.25,3.38
2013.07.29 16:05:32.136,0.86388,0.864,3.00,4.32
2013.07.29 16:05:32.516,0.86388,0.864,3.00,2.07
2013.07.29 16:05:32.968,0.8639,0.86401,1.13,2.25
2013.07.29 16:05:33.386,0.86391,0.86403,1.50,4.32
2013.07.29 16:05:33.893,0.86391,0.86402,1.50,1.69
2013.07.29 16:05:34.305,0.86391,0.86404,1.13,1.88
2013.07.29 16:05:34.544,0.86391,0.86402,3.00,1.69
2013.07.29 16:05:34.917,0.86395,0.86404,1.13,1.50
2013.07.29 16:05:35.204,0.86391,0.86403,1.13,2.25
2013.07.29 16:05:35.217,0.86393,0.86405,1.88,1.88
2013.07.29 16:05:35.544,0.8639,0.86402,3.19,2.44
2013.07.29 16:05:35.637,0.86393,0.86405,1.69,1.50
2013.07.29 16:05:36.154,0.8639,0.86401,1.13,2.25
2013.07.29 16:05:36.176,0.86392,0.86403,2.82,2.25
2013.07.29 16:05:36.597,0.86393,0.86404,1.32,1.50
2013.07.29 16:05:36.695,0.8639,0.86401,1.50,1.50
2013.07.29 16:05:36.836,0.86393,0.86405,1.69,1.50
2013.07.29 16:05:36.897,0.86392,0.86405,4.69,1.50
2013.07.29 16:05:37.205,0.86392,0.86404,3.19,3.57
2013.07.29 16:05:37.744,0.86398,0.86409,4.69,1.69
2013.07.29 16:05:38.535,0.864,0.86412,1.13,2.63
2013.07.29 16:05:39.437,0.86394,0.86405,1.88,1.69
2013.07.29 16:05:39.986,0.86394,0.86406,1.88,2.07
2013.07.29 16:05:40.229,0.86395,0.86406,1.50,2.07
2013.07.29 16:05:40.477,0.86394,0.86406,2.63,1.69
2013.07.29 16:05:40.716,0.86396,0.86406,1.50,1.69
2013.07.29 16:05:41.694,0.86401,0.86412,2.63,1.50
2013.07.29 16:05:42.235,0.86399,0.86408,3.00,1.88
2013.07.29 16:05:42.536,0.86396,0.86403,1.50,2.10
2013.07.29 16:05:42.897,0.86396,0.86402,1.50,2.10
2013.07.29 16:05:43.016,0.86396,0.86403,1.50,1.50
2013.07.29 16:05:43.197,0.86396,0.86405,1.88,1.69
2013.07.29 16:05:43.437,0.86396,0.86406,2.63,2.25
2013.07.29 16:05:43.806,0.86398,0.86409,1.50,2.07
2013.07.29 16:05:44.497,0.86398,0.86408,1.50,1.50
2013.07.29 16:05:44.636,0.86395,0.86406,1.50,2.25
2013.07.29 16:05:44.916,0.86394,0.86406,2.07,1.13
2013.07.29 16:05:45.472,0.86394,0.86405,1.69,3.00
2013.07.29 16:05:47.000,0.86394,0.86406,1.50,3.00
2013.07.29 16:05:47.189,0.86394,0.86406,2.82,1.50
2013.07.29 16:05:47.498,0.86393,0.86403,4.69,1.13
2013.07.29 16:05:47.739,0.86395,0.86406,1.50,1.50
2013.07.29 16:05:47.799,0.86397,0.86407,1.13,3.19
2013.07.29 16:05:47.869,0.86397,0.86409,1.13,3.75
2013.07.29 16:05:48.409,0.86399,0.86409,1.13,1.50
2013.07.29 16:05:48.464,0.86395,0.86405,2.25,3.00
2013.07.29 16:05:48.648,0.86399,0.86409,1.88,1.50
2013.07.29 16:05:48.948,0.86399,0.86409,1.88,1.50
2013.07.29 16:05:49.024,0.86392,0.86404,1.13,1.50
2013.07.29 16:05:49.139,0.86401,0.8641,1.13,1.50
2013.07.29 16:05:49.452,0.86406,0.86413,1.50,2.25
2013.07.29 16:05:49.871,0.86408,0.86419,1.13,2.25
2013.07.29 16:05:50.079,0.8641,0.8642,1.50,1.13
2013.07.29 16:05:50.148,0.86409,0.86417,1.50,1.50
2013.07.29 16:05:50.209,0.86407,0.86415,1.50,2.63
2013.07.29 16:05:50.399,0.86405,0.86412,1.50,1.13
2013.07.29 16:05:50.518,0.86406,0.86412,1.50,4.32
2013.07.29 16:05:50.997,0.86401,0.86411,1.50,1.50
2013.07.29 16:05:51.128,0.86405,0.86412,1.13,1.50
2013.07.29 16:05:51.430,0.86403,0.86413,1.50,2.25
2013.07.29 16:05:51.621,0.86401,0.86413,1.50,2.25
2013.07.29 16:05:52.533,0.86401,0.86413,1.50,2.63
2013.07.29 16:05:52.716,0.86399,0.86409,2.25,2.25
2013.07.29 16:05:53.185,0.86392,0.86402,1.50,1.13
2013.07.29 16:05:53.266,0.86399,0.8641,2.25,1.50
2013.07.29 16:05:53.446,0.86399,0.8641,2.25,1.50
2013.07.29 16:05:54.118,0.86399,0.8641,1.50,1.50
2013.07.29 16:05:54.247,0.86398,0.86409,1.69,1.50
2013.07.29 16:05:54.368,0.86398,0.86409,2.44,1.50
2013.07.29 16:05:55.277,0.86399,0.86411,3.19,2.25
2013.07.29 16:05:55.584,0.8639,0.86401,2.82,1.50
2013.07.29 16:05:55.817,0.86402,0.86413,1.50,6.94
2013.07.29 16:05:55.825,0.8639,0.86401,2.44,6.00
2013.07.29 16:05:56.059,0.86406,0.86416,1.13,2.25
2013.07.29 16:05:56.178,0.86403,0.86416,3.57,1.88
2013.07.29 16:05:56.184,0.86392,0.86404,1.13,1.50
2013.07.29 16:05:56.537,0.86404,0.86417,1.32,3.19
2013.07.29 16:05:56.726,0.86395,0.86404,3.57,2.44
2013.07.29 16:05:56.966,0.86396,0.86407,1.32,2.29
2013.07.29 16:05:57.089,0.86405,0.86416,1.13,1.50
2013.07.29 16:05:57.505,0.86397,0.86409,3.00,1.50
2013.07.29 16:05:58.086,0.86404,0.86418,2.82,2.44
2013.07.29 16:05:58.522,0.86399,0.8641,3.38,1.88
2013.07.29 16:05:58.626,0.86407,0.86419,1.13,4.69
2013.07.29 16:05:59.065,0.864,0.8641,6.00,1.50
2013.07.29 16:05:59.107,0.86406,0.86418,1.13,1.69
2013.07.29 16:05:59.358,0.86406,0.86418,1.13,1.69
2013.07.29 16:05:59.477,0.86405,0.86418,1.50,1.69
2013.07.29 16:05:59.659,0.86406,0.86417,2.25,1.32
2013.07.29 16:06:00.198,0.86409,0.86418,1.13,1.50
2013.07.29 16:06:00.633,0.86402,0.86412,1.50,1.13
2013.07.29 16:06:00.737,0.86406,0.86418,1.50,1.50
2013.07.29 16:06:01.181,0.86398,0.86409,1.13,1.69
2013.07.29 16:06:01.517,0.86408,0.86419,1.13,2.25
2013.07.29 16:06:02.067,0.86408,0.86419,1.88,2.25
2013.07.29 16:06:02.606,0.86408,0.86419,1.13,1.50
2013.07.29 16:06:02.989,0.86408,0.8642,1.88,1.50
2013.07.29 16:06:03.299,0.86411,0.86424,2.63,2.25
2013.07.29 16:06:03.371,0.86412,0.86425,1.13,2.44
2013.07.29 16:06:03.798,0.86412,0.86426,2.25,1.69
2013.07.29 16:06:04.340,0.86412,0.86425,2.63,2.82
2013.07.29 16:06:04.651,0.86411,0.86422,2.25,1.13
2013.07.29 16:06:04.694,0.86394,0.86407,2.25,1.50
2013.07.29 16:06:04.958,0.8641,0.86419,1.50,1.13
2013.07.29 16:06:05.080,0.86411,0.86422,1.13,2.10
2013.07.29 16:06:05.219,0.86393,0.86404,1.50,1.50
2013.07.29 16:06:05.626,0.86412,0.86423,1.13,1.88
2013.07.29 16:06:05.772,0.86391,0.86404,2.44,1.50
2013.07.29 16:06:06.047,0.8641,0.86421,2.63,2.25
2013.07.29 16:06:06.348,0.86406,0.86412,1.50,2.25
2013.07.29 16:06:06.370,0.86391,0.86403,1.69,1.69
2013.07.29 16:06:06.588,0.86397,0.86405,1.13,1.50
2013.07.29 16:06:06.888,0.86398,0.86409,1.13,2.25
2013.07.29 16:06:06.948,0.86399,0.86409,2.25,3.00
2013.07.29 16:06:07.344,0.864,0.86411,2.44,1.50
2013.07.29 16:06:07.910,0.864,0.86412,2.44,1.50
2013.07.29 16:06:08.922,0.8639,0.86401,1.69,1.13
2013.07.29 16:06:09.240,0.86391,0.86402,4.13,1.50
2013.07.29 16:06:09.406,0.864,0.86412,1.32,5.10
2013.07.29 16:06:09.526,0.864,0.86412,1.13,5.85
2013.07.29 16:06:10.127,0.864,0.86411,1.13,2.25
2013.07.29 16:06:10.486,0.864,0.8641,1.13,1.50
2013.07.29 16:06:12.507,0.86398,0.86409,1.32,2.25
2013.07.29 16:06:12.687,0.86395,0.86408,3.19,1.50
2013.07.29 16:06:13.069,0.86395,0.86406,2.82,1.88
2013.07.29 16:06:13.380,0.86396,0.86407,1.69,1.50
2013.07.29 16:06:15.287,0.86397,0.86407,1.13,1.50
2013.07.29 16:06:16.068,0.86397,0.86406,1.50,1.50
2013.07.29 16:06:16.367,0.86394,0.86408,6.19,2.25
2013.07.29 16:06:16.923,0.86395,0.86408,1.32,2.25
2013.07.29 16:06:18.396,0.86395,0.86408,1.32,3.75
2013.07.29 16:06:19.266,0.86395,0.86407,1.32,1.50
2013.07.29 16:06:20.866,0.86397,0.86408,1.13,1.50
2013.07.29 16:06:21.397,0.86397,0.86408,1.13,1.50
2013.07.29 16:06:21.757,0.86394,0.86405,1.13,2.63
2013.07.29 16:06:22.057,0.86392,0.86405,1.50,4.69
2013.07.29 16:06:22.116,0.86392,0.86404,1.50,1.50
2013.07.29 16:06:22.788,0.86394,0.86405,1.13,3.94
2013.07.29 16:06:23.578,0.86393,0.86405,1.13,3.94
2013.07.29 16:06:23.699,0.86392,0.86405,1.69,2.44
2013.07.29 16:06:23.888,0.86392,0.86405,3.19,2.25
2013.07.29 16:06:24.127,0.86394,0.86406,1.88,2.63
2013.07.29 16:06:24.668,0.86394,0.86405,1.88,1.50
2013.07.29 16:06:25.278,0.86394,0.86406,1.88,2.63
2013.07.29 16:06:25.696,0.86394,0.86405,1.88,1.50
2013.07.29 16:06:26.506,0.86394,0.86406,1.13,1.88
2013.07.29 16:06:26.806,0.86394,0.86406,1.13,1.88
2013.07.29 16:06:28.676,0.86394,0.86406,1.13,2.63
2013.07.29 16:06:29.014,0.86393,0.86405,1.50,1.88
2013.07.29 16:06:29.218,0.86394,0.86406,1.88,1.50
2013.07.29 16:06:29.759,0.86394,0.86406,2.63,1.50
2013.07.29 16:06:30.933,0.86399,0.86409,1.69,6.94
2013.07.29 16:06:30.994,0.86401,0.86413,1.50,3.23
2013.07.29 16:06:31.081,0.86394,0.86406,2.44,1.50
2013.07.29 16:06:32.673,0.86402,0.86412,3.19,1.50
2013.07.29 16:06:32.836,0.86392,0.86405,4.69,2.63
2013.07.29 16:06:32.912,0.864,0.86409,2.25,1.50
2013.07.29 16:06:33.137,0.86392,0.86404,3.19,1.50
2013.07.29 16:06:33.533,0.86395,0.86408,5.07,1.69
2013.07.29 16:06:34.303,0.86395,0.86405,1.50,3.57
2013.07.29 16:06:34.759,0.86392,0.86404,2.07,1.50
2013.07.29 16:06:34.843,0.86395,0.86402,1.13,3.75
2013.07.29 16:06:35.383,0.86392,0.86404,3.19,2.07
2013.07.29 16:06:35.750,0.86391,0.86402,1.88,1.69
2013.07.29 16:06:36.053,0.8639,0.86402,1.13,1.50
2013.07.29 16:06:39.684,0.8639,0.86402,1.13,2.25
2013.07.29 16:06:41.347,0.86391,0.86403,4.32,3.75
2013.07.29 16:06:42.847,0.86391,0.86403,3.19,3.75
2013.07.29 16:06:43.028,0.8639,0.864,1.32,1.13
2013.07.29 16:06:43.267,0.86388,0.864,1.50,2.63
2013.07.29 16:06:43.776,0.86387,0.864,4.13,1.13
2013.07.29 16:06:44.574,0.86392,0.86404,1.50,2.25
2013.07.29 16:06:44.618,0.86387,0.864,4.13,1.13
2013.07.29 16:06:44.796,0.86387,0.864,4.13,1.13
2013.07.29 16:06:45.036,0.8639,0.86402,1.13,1.13
2013.07.29 16:06:47.377,0.8639,0.86402,1.88,1.88
2013.07.29 16:06:47.856,0.86389,0.86401,2.25,3.38
2013.07.29 16:06:48.516,0.86388,0.86401,1.32,4.13
2013.07.29 16:06:50.358,0.86389,0.86401,1.50,3.75
2013.07.29 16:06:50.417,0.86389,0.86401,1.50,3.75
2013.07.29 16:06:52.137,0.86389,0.864,3.75,1.50
2013.07.29 16:06:52.316,0.86387,0.864,3.38,2.25
2013.07.29 16:06:53.254,0.86392,0.86404,3.00,2.25
2013.07.29 16:06:53.516,0.86387,0.86399,3.38,1.50
2013.07.29 16:06:53.794,0.86393,0.86405,1.13,3.94
2013.07.29 16:06:54.126,0.86387,0.864,3.38,2.25
2013.07.29 16:06:54.453,0.86395,0.86405,1.13,1.04
2013.07.29 16:06:54.511,0.86396,0.86405,1.13,1.69
2013.07.29 16:06:54.666,0.86387,0.86399,1.50,1.50
2013.07.29 16:06:56.294,0.86396,0.86408,1.50,2.25
2013.07.29 16:06:56.906,0.86386,0.86399,3.19,1.50
2013.07.29 16:06:57.134,0.86393,0.86405,2.44,4.69
2013.07.29 16:06:57.664,0.86392,0.86403,1.50,1.50
2013.07.29 16:06:58.212,0.8639,0.86401,1.13,2.25
2013.07.29 16:06:58.873,0.86385,0.86398,3.00,1.88
2013.07.29 16:06:58.933,0.86382,0.86395,1.50,4.50
2013.07.29 16:07:00.346,0.86386,0.86399,1.88,1.50
2013.07.29 16:07:00.850,0.86386,0.864,3.57,2.82
2013.07.29 16:07:04.336,0.86386,0.86397,1.88,1.13
2013.07.29 16:07:04.886,0.86384,0.86397,3.57,2.63
2013.07.29 16:07:04.919,0.8638,0.86392,1.50,1.50
2013.07.29 16:07:06.377,0.86384,0.86397,3.19,1.88
2013.07.29 16:07:06.916,0.86384,0.86397,1.32,3.38
2013.07.29 16:07:07.438,0.86384,0.86397,1.32,3.38
2013.07.29 16:07:07.722,0.86379,0.8639,2.63,1.88
2013.07.29 16:07:08.306,0.86383,0.86397,2.44,2.63
2013.07.29 16:07:08.697,0.86386,0.86397,1.50,2.63
2013.07.29 16:07:10.727,0.86387,0.86397,1.50,1.13
2013.07.29 16:07:11.277,0.86387,0.864,3.00,2.82
2013.07.29 16:07:12.489,0.86387,0.86399,2.25,1.13
2013.07.29 16:07:12.799,0.86384,0.86394,3.00,1.13
2013.07.29 16:07:13.228,0.86382,0.86393,2.25,2.85
2013.07.29 16:07:13.767,0.86382,0.86394,2.25,1.88
2013.07.29 16:07:14.067,0.86382,0.86393,2.25,1.73
2013.07.29 16:07:14.971,0.86377,0.86389,1.69,1.50
2013.07.29 16:07:18.946,0.86382,0.86394,2.25,2.25
2013.07.29 16:07:19.510,0.86383,0.86393,1.50,1.35
2013.07.29 16:07:20.156,0.86383,0.86393,1.50,1.35
2013.07.29 16:07:20.692,0.86383,0.86393,1.50,1.35
2013.07.29 16:07:22.216,0.86382,0.86393,2.25,1.35
2013.07.29 16:07:22.516,0.86382,0.86394,2.25,2.10
2013.07.29 16:07:23.056,0.86382,0.86394,2.25,1.50
2013.07.29 16:07:23.177,0.86382,0.86392,1.50,2.25
2013.07.29 16:07:23.417,0.86382,0.86393,1.50,1.50
2013.07.29 16:07:23.596,0.86381,0.86393,1.50,2.25
2013.07.29 16:07:24.136,0.8638,0.86393,2.82,1.50
2013.07.29 16:07:25.027,0.8638,0.86392,2.07,1.50
2013.07.29 16:07:25.566,0.8638,0.86392,1.69,1.50
2013.07.29 16:07:26.107,0.86382,0.86393,1.50,1.69
2013.07.29 16:07:26.613,0.86382,0.86393,1.50,1.69
2013.07.29 16:07:27.347,0.86382,0.86389,1.50,1.13
2013.07.29 16:07:27.646,0.86382,0.86391,1.50,1.32
2013.07.29 16:07:28.066,0.86383,0.86395,1.50,1.50
2013.07.29 16:07:28.126,0.86383,0.86396,2.25,2.25
2013.07.29 16:07:29.316,0.86383,0.86396,3.00,3.00
2013.07.29 16:07:29.617,0.86385,0.86396,1.50,2.25
2013.07.29 16:07:30.036,0.86385,0.86396,1.50,2.25
2013.07.29 16:07:31.307,0.86385,0.86396,2.25,1.50
2013.07.29 16:07:32.364,0.86377,0.86388,2.44,1.50
2013.07.29 16:07:33.868,0.86377,0.86388,1.13,1.13
2013.07.29 16:07:35.883,0.86377,0.86388,1.32,1.50
2013.07.29 16:07:36.892,0.86376,0.86387,2.63,3.94
2013.07.29 16:07:38.903,0.86376,0.86387,1.35,2.82
2013.07.29 16:07:39.036,0.86383,0.86395,2.25,2.10
2013.07.29 16:07:41.819,0.86376,0.86388,1.50,1.32
2013.07.29 16:07:42.417,0.86383,0.86393,1.69,2.25
2013.07.29 16:07:43.096,0.86383,0.86394,1.69,2.25
2013.07.29 16:07:43.662,0.86383,0.86394,1.69,3.00
2013.07.29 16:07:44.208,0.86376,0.86388,3.00,3.75
2013.07.29 16:07:44.908,0.86378,0.86388,2.25,1.50
2013.07.29 16:07:45.449,0.86379,0.86388,3.00,2.63
2013.07.29 16:07:51.386,0.86378,0.86389,1.32,1.32
2013.07.29 16:07:51.897,0.86383,0.86393,2.44,1.50
2013.07.29 16:07:52.016,0.86384,0.86395,1.88,2.25
2013.07.29 16:07:54.181,0.86379,0.8639,1.50,2.07
2013.07.29 16:07:54.306,0.86385,0.86395,1.13,1.50
2013.07.29 16:07:54.488,0.86387,0.86395,2.25,1.50
2013.07.29 16:07:54.549,0.86387,0.86395,1.50,1.50
2013.07.29 16:07:54.798,0.86387,0.86398,2.25,2.82
2013.07.29 16:07:54.899,0.86381,0.86391,1.69,2.63
2013.07.29 16:07:55.346,0.86386,0.86397,2.25,3.23
2013.07.29 16:07:55.407,0.86386,0.86393,1.50,1.50
2013.07.29 16:07:55.469,0.86384,0.86393,3.00,1.50
2013.07.29 16:07:55.647,0.86384,0.86396,2.25,3.00
2013.07.29 16:07:55.658,0.8638,0.86392,1.50,1.50
2013.07.29 16:07:55.707,0.86384,0.86394,2.63,1.50
2013.07.29 16:07:55.826,0.86385,0.86395,1.50,1.50
2013.07.29 16:07:55.886,0.86385,0.86397,1.50,3.57
2013.07.29 16:07:56.499,0.86379,0.8639,2.25,1.50
2013.07.29 16:07:57.059,0.86377,0.86389,2.25,2.25
2013.07.29 16:07:57.599,0.86375,0.86388,1.50,3.19
2013.07.29 16:07:57.627,0.86384,0.86396,2.25,2.63
2013.07.29 16:07:57.747,0.86383,0.86396,3.00,3.38
2013.07.29 16:07:57.859,0.86376,0.86388,1.50,2.44
2013.07.29 16:07:58.818,0.86378,0.86387,6.57,1.69
2013.07.29 16:07:58.998,0.86377,0.86389,1.50,1.50
2013.07.29 16:07:59.176,0.86383,0.86395,1.50,2.25
2013.07.29 16:08:01.074,0.86377,0.86389,1.50,3.94
2013.07.29 16:08:01.195,0.86379,0.8639,1.50,1.13
2013.07.29 16:08:01.433,0.86379,0.86389,2.25,1.32
2013.07.29 16:08:01.975,0.86378,0.8639,1.69,2.25
2013.07.29 16:08:02.282,0.86377,0.8639,1.13,1.35
2013.07.29 16:08:04.205,0.86379,0.86391,1.50,2.44
2013.07.29 16:08:04.628,0.86383,0.86395,1.50,2.25
2013.07.29 16:08:04.713,0.86377,0.86389,1.50,1.50
2013.07.29 16:08:05.846,0.86379,0.86391,3.94,1.69
2013.07.29 16:08:06.855,0.8638,0.86392,2.25,1.13
2013.07.29 16:08:07.967,0.86382,0.86395,3.19,1.13
2013.07.29 16:08:08.507,0.86384,0.86395,1.50,2.63
2013.07.29 16:08:09.616,0.86383,0.86394,3.19,1.50
2013.07.29 16:08:10.141,0.86383,0.86394,1.69,1.50
2013.07.29 16:08:10.807,0.86383,0.86394,1.69,1.50
2013.07.29 16:08:11.946,0.86383,0.86395,1.69,2.63
2013.07.29 16:08:13.278,0.86383,0.86395,2.44,2.63
2013.07.29 16:08:13.807,0.86383,0.86395,2.44,2.63
2013.07.29 16:08:14.224,0.8638,0.86391,1.50,3.00
2013.07.29 16:08:14.866,0.86383,0.86395,3.19,1.50
2013.07.29 16:08:15.191,0.86385,0.86396,2.25,1.50
2013.07.29 16:08:15.340,0.86385,0.86398,1.50,4.69
2013.07.29 16:08:15.886,0.86387,0.86399,1.50,3.19
2013.07.29 16:08:16.007,0.86387,0.86399,2.25,1.69
2013.07.29 16:08:16.806,0.86387,0.864,2.25,3.94
2013.07.29 16:08:17.445,0.86378,0.86389,1.50,1.50
2013.07.29 16:08:17.975,0.86379,0.86389,1.50,1.13
2013.07.29 16:08:18.775,0.86377,0.86387,1.50,1.69
2013.07.29 16:08:19.067,0.86387,0.86399,1.50,2.44
2013.07.29 16:08:19.307,0.86386,0.86397,1.50,1.50
2013.07.29 16:08:19.826,0.86386,0.86398,1.50,1.50
2013.07.29 16:08:20.826,0.86385,0.86395,1.88,2.10
2013.07.29 16:08:21.186,0.86383,0.86392,2.25,2.25
2013.07.29 16:08:21.261,0.86377,0.86387,2.25,1.50
2013.07.29 16:08:21.687,0.86382,0.86392,1.50,1.50
2013.07.29 16:08:22.226,0.86382,0.86392,1.50,1.50
2013.07.29 16:08:23.057,0.86381,0.86393,2.25,1.50
2013.07.29 16:08:23.297,0.86384,0.86395,1.50,2.82
2013.07.29 16:08:23.416,0.86384,0.86395,1.50,1.32
2013.07.29 16:08:24.996,0.86387,0.86397,1.50,1.69
2013.07.29 16:08:26.782,0.86387,0.86395,1.50,1.50
2013.07.29 16:08:26.970,0.86384,0.86395,1.50,2.25
2013.07.29 16:08:27.305,0.86378,0.86388,2.07,3.94
2013.07.29 16:08:27.516,0.86384,0.86395,2.85,2.25
2013.07.29 16:08:30.121,0.86384,0.86395,2.85,3.38
2013.07.29 16:08:30.286,0.86378,0.8639,1.13,3.19
2013.07.29 16:08:30.307,0.86382,0.86392,1.50,1.88
2013.07.29 16:08:30.367,0.86382,0.86393,1.50,2.25
2013.07.29 16:08:30.906,0.86384,0.86394,1.50,1.50
2013.07.29 16:08:30.961,0.8638,0.86391,3.19,1.69
2013.07.29 16:08:31.493,0.86379,0.86389,1.50,3.00
2013.07.29 16:08:31.743,0.86378,0.86389,2.25,3.94
2013.07.29 16:08:32.106,0.86383,0.86394,1.50,2.48
2013.07.29 16:08:32.167,0.86382,0.86392,3.00,1.13
2013.07.29 16:08:32.708,0.86382,0.86391,1.50,1.50
2013.07.29 16:08:33.247,0.86384,0.86393,1.50,2.25
2013.07.29 16:08:33.800,0.86384,0.86395,1.50,2.63
2013.07.29 16:08:35.086,0.86384,0.86393,1.50,3.00
2013.07.29 16:08:35.627,0.86381,0.86392,1.50,2.25
2013.07.29 16:08:36.836,0.86379,0.8639,3.19,3.00
2013.07.29 16:08:36.954,0.86379,0.86388,1.32,4.32
2013.07.29 16:08:37.256,0.86377,0.86389,2.44,1.50
2013.07.29 16:08:37.376,0.86378,0.86388,5.44,4.32
2013.07.29 16:08:37.667,0.86381,0.86393,2.44,4.13
2013.07.29 16:08:38.054,0.86379,0.86389,1.50,1.69
2013.07.29 16:08:38.207,0.86383,0.86392,1.50,1.50
2013.07.29 16:08:40.506,0.86382,0.86392,1.69,2.25
2013.07.29 16:08:41.047,0.86382,0.86391,1.50,1.50
2013.07.29 16:08:44.216,0.86377,0.86387,2.25,1.50
2013.07.29 16:08:44.357,0.86382,0.86391,1.50,1.50
2013.07.29 16:08:46.144,0.86382,0.86391,1.50,1.50
2013.07.29 16:08:47.356,0.86382,0.86391,1.50,1.50
2013.07.29 16:08:49.486,0.86382,0.86392,1.50,2.25
2013.07.29 16:08:50.079,0.86382,0.86391,1.50,1.50
2013.07.29 16:08:53.037,0.8638,0.86391,1.69,1.50
2013.07.29 16:08:53.337,0.86381,0.86392,3.00,1.50
2013.07.29 16:08:53.999,0.86383,0.86393,1.50,3.19
2013.07.29 16:08:54.558,0.86383,0.86392,1.50,1.50
2013.07.29 16:08:55.088,0.86381,0.86392,3.00,1.50
2013.07.29 16:08:55.636,0.86381,0.8639,1.69,1.50
2013.07.29 16:08:57.336,0.86381,0.8639,1.69,1.50
2013.07.29 16:08:57.888,0.86381,0.8639,1.69,1.50
2013.07.29 16:08:58.656,0.86382,0.86391,1.50,3.00
2013.07.29 16:08:59.206,0.86382,0.86392,1.50,1.50
2013.07.29 16:09:00.297,0.86382,0.86392,1.50,1.50
2013.07.29 16:09:00.866,0.86381,0.86392,2.25,2.25
2013.07.29 16:09:01.406,0.8638,0.86391,1.69,3.75
2013.07.29 16:09:02.887,0.86382,0.86391,1.50,1.50
2013.07.29 16:09:03.015,0.86375,0.86385,1.13,1.50
2013.07.29 16:09:03.434,0.86382,0.86392,2.25,1.88
2013.07.29 16:09:03.564,0.86373,0.86384,4.88,2.44
2013.07.29 16:09:03.685,0.86372,0.86383,1.50,2.25
2013.07.29 16:09:04.657,0.86382,0.86392,2.25,1.50
2013.07.29 16:09:05.004,0.86372,0.86381,2.44,1.50
2013.07.29 16:09:05.017,0.86382,0.86392,2.25,1.50
2013.07.29 16:09:05.317,0.86382,0.86392,2.63,1.50
2013.07.29 16:09:05.678,0.86382,0.86391,1.50,1.50
2013.07.29 16:09:06.354,0.86371,0.86381,4.13,1.13
2013.07.29 16:09:06.594,0.8637,0.86382,3.00,1.88
2013.07.29 16:09:07.237,0.86379,0.86389,5.10,1.13
2013.07.29 16:09:07.538,0.86377,0.86387,1.50,2.63
2013.07.29 16:09:07.897,0.86376,0.86385,1.69,1.88
2013.07.29 16:09:08.196,0.86372,0.86382,1.88,1.50
2013.07.29 16:09:09.036,0.86372,0.86383,1.88,1.88
2013.07.29 16:09:09.580,0.86372,0.86383,2.63,1.88
2013.07.29 16:09:09.707,0.86372,0.86382,2.63,1.50
2013.07.29 16:09:11.308,0.86373,0.86383,2.25,1.13
2013.07.29 16:09:11.367,0.86375,0.86385,1.50,2.25
2013.07.29 16:09:11.435,0.86372,0.86381,1.69,1.50
2013.07.29 16:09:11.614,0.86372,0.8638,1.50,1.13
2013.07.29 16:09:11.906,0.86375,0.86385,1.50,1.50
2013.07.29 16:09:13.264,0.86371,0.8638,3.00,3.00
2013.07.29 16:09:13.348,0.86374,0.86385,1.88,1.50
2013.07.29 16:09:13.827,0.86374,0.86385,1.69,2.25
2013.07.29 16:09:13.947,0.86372,0.86383,2.44,1.13
2013.07.29 16:09:14.486,0.86371,0.86383,3.19,1.50
2013.07.29 16:09:15.445,0.86371,0.86383,3.94,1.50
2013.07.29 16:09:15.945,0.86372,0.86381,2.25,2.25
2013.07.29 16:09:16.334,0.86369,0.86379,1.13,2.44
2013.07.29 16:09:16.746,0.86371,0.86383,3.94,1.50
2013.07.29 16:09:17.282,0.86371,0.86383,5.29,2.25
2013.07.29 16:09:17.601,0.86369,0.86378,2.63,2.44
2013.07.29 16:09:17.849,0.86371,0.86383,5.29,1.50
2013.07.29 16:09:18.115,0.86368,0.86378,3.75,2.25
2013.07.29 16:09:18.386,0.86371,0.86383,5.29,1.50
2013.07.29 16:09:18.480,0.86371,0.86379,1.50,2.25
2013.07.29 16:09:18.664,0.86372,0.86381,1.13,2.25
2013.07.29 16:09:19.204,0.86372,0.86382,1.88,4.50
2013.07.29 16:09:19.324,0.86372,0.86382,2.25,2.25
2013.07.29 16:09:28.803,0.86372,0.8638,1.50,1.88
2013.07.29 16:09:29.835,0.86371,0.8638,3.00,1.50
2013.07.29 16:09:30.378,0.8637,0.8638,2.25,1.32
2013.07.29 16:09:30.934,0.8637,0.8638,1.13,1.13
2013.07.29 16:09:33.105,0.86371,0.86382,1.88,1.50
2013.07.29 16:09:33.643,0.86371,0.86381,1.13,2.44
2013.07.29 16:09:34.805,0.86371,0.86382,4.69,1.50
2013.07.29 16:09:35.344,0.8637,0.8638,2.44,3.19
2013.07.29 16:09:37.404,0.8637,0.8638,2.25,1.13
2013.07.29 16:09:37.833,0.8637,0.86381,3.57,1.50
2013.07.29 16:09:38.374,0.86371,0.86382,1.50,1.50
2013.07.29 16:09:40.613,0.86372,0.86381,1.88,5.82
2013.07.29 16:09:42.120,0.86371,0.86383,4.54,2.25
2013.07.29 16:09:42.667,0.86372,0.86384,1.69,3.75
2013.07.29 16:09:43.925,0.86371,0.8638,1.32,3.00
2013.07.29 16:09:44.454,0.86371,0.86381,2.44,2.25
2013.07.29 16:09:44.873,0.86373,0.86382,5.67,2.44
2013.07.29 16:09:49.708,0.86373,0.86383,1.50,2.25
2013.07.29 16:09:50.128,0.86376,0.86386,1.69,2.25
2013.07.29 16:09:51.365,0.86374,0.86384,1.13,5.44
2013.07.29 16:09:51.915,0.86374,0.86384,3.00,1.50
2013.07.29 16:09:52.463,0.86375,0.86384,1.88,2.25
2013.07.29 16:09:57.165,0.86374,0.86384,1.32,1.50
2013.07.29 16:09:57.408,0.86377,0.86386,1.50,2.25
2013.07.29 16:09:57.947,0.86379,0.86387,1.50,1.50
2013.07.29 16:09:58.068,0.86378,0.8639,3.75,2.25
2013.07.29 16:09:58.145,0.86373,0.86383,2.63,2.63
2013.07.29 16:10:00.113,0.86374,0.86384,3.19,1.13
2013.07.29 16:10:00.187,0.86379,0.8639,1.50,3.00
2013.07.29 16:10:01.798,0.86379,0.8639,1.88,1.50
2013.07.29 16:10:03.537,0.86378,0.8639,4.32,1.50
2013.07.29 16:10:04.139,0.86378,0.86389,3.57,1.50
2013.07.29 16:10:04.647,0.8638,0.86389,1.50,1.50
2013.07.29 16:10:05.195,0.8638,0.86391,1.50,1.69
2013.07.29 16:10:05.524,0.86372,0.86383,4.69,1.13
2013.07.29 16:10:07.238,0.86378,0.8639,3.19,3.00
2013.07.29 16:10:07.556,0.86373,0.86382,1.50,1.50
2013.07.29 16:10:07.806,0.86378,0.8639,1.50,3.38
2013.07.29 16:10:07.862,0.86373,0.86384,1.50,1.13
2013.07.29 16:10:08.383,0.86378,0.8639,2.63,3.00
2013.07.29 16:10:08.764,0.86372,0.86383,1.50,1.13
2013.07.29 16:10:09.302,0.86373,0.86383,1.50,2.25
2013.07.29 16:10:09.604,0.86372,0.86383,2.25,1.13
2013.07.29 16:10:10.614,0.86372,0.86383,2.82,3.19
2013.07.29 16:10:12.656,0.86379,0.8639,1.50,1.50
2013.07.29 16:10:12.854,0.86371,0.86382,1.88,6.19
2013.07.29 16:10:13.207,0.86379,0.86391,3.94,1.50
2013.07.29 16:10:13.717,0.86379,0.86391,3.00,2.25
2013.07.29 16:10:15.128,0.86379,0.86391,3.00,1.50
2013.07.29 16:10:15.219,0.86371,0.86383,1.69,2.82
2013.07.29 16:10:15.723,0.86372,0.86384,1.50,1.13
2013.07.29 16:10:16.280,0.86379,0.86391,2.25,3.00
2013.07.29 16:10:16.588,0.86375,0.86387,2.67,2.25
2013.07.29 16:10:16.876,0.86373,0.86384,1.69,1.13
2013.07.29 16:10:16.949,0.86379,0.8639,1.88,1.69
2013.07.29 16:10:17.187,0.86379,0.86391,1.88,2.44
2013.07.29 16:10:17.453,0.86371,0.86383,1.32,2.25
2013.07.29 16:10:17.727,0.86381,0.86391,1.13,2.44
2013.07.29 16:10:18.437,0.86381,0.86391,1.13,3.19
2013.07.29 16:10:18.618,0.86379,0.8639,3.00,2.25
2013.07.29 16:10:18.814,0.86379,0.8639,1.50,2.25
2013.07.29 16:10:19.846,0.86379,0.86391,1.50,3.94
2013.07.29 16:10:24.566,0.86379,0.86391,1.50,4.69
2013.07.29 16:10:25.619,0.86379,0.86391,5.10,3.19
2013.07.29 16:10:26.157,0.8638,0.86392,1.13,4.50
2013.07.29 16:10:26.697,0.8638,0.86391,1.13,2.63
2013.07.29 16:10:27.207,0.86379,0.86391,1.50,3.38
2013.07.29 16:10:30.554,0.86372,0.86382,1.13,1.69
2013.07.29 16:10:31.666,0.86379,0.86391,1.50,2.82
2013.07.29 16:10:31.788,0.86378,0.86391,2.82,4.69
2013.07.29 16:10:32.326,0.86377,0.86389,2.25,2.63
2013.07.29 16:10:34.086,0.86377,0.86389,2.25,1.92
2013.07.29 16:10:34.387,0.86377,0.86387,1.50,1.50
2013.07.29 16:10:34.567,0.86377,0.86389,2.25,1.69
2013.07.29 16:10:34.927,0.86378,0.8639,1.50,2.82
2013.07.29 16:10:36.016,0.86378,0.8639,1.50,1.88
2013.07.29 16:10:36.317,0.86378,0.8639,1.50,3.38
2013.07.29 16:10:36.376,0.86377,0.86389,3.19,2.85
2013.07.29 16:10:36.618,0.86377,0.86388,2.44,2.25
2013.07.29 16:10:36.977,0.86376,0.86388,1.88,3.00
2013.07.29 16:10:37.037,0.86377,0.86389,2.25,1.13
2013.07.29 16:10:39.326,0.86377,0.86388,2.25,1.35
2013.07.29 16:10:39.821,0.86372,0.86383,1.50,1.88
2013.07.29 16:10:39.867,0.86377,0.86389,3.00,1.69
2013.07.29 16:10:40.406,0.86377,0.8639,3.00,3.57
2013.07.29 16:10:41.857,0.86377,0.86388,3.00,1.35
2013.07.29 16:10:42.403,0.86372,0.86383,1.50,1.69
2013.07.29 16:10:42.997,0.86375,0.86387,1.50,2.25
2013.07.29 16:10:43.194,0.86371,0.86382,2.44,1.13
2013.07.29 16:10:43.420,0.86375,0.86386,1.50,2.25
2013.07.29 16:10:45.736,0.86375,0.86386,1.50,1.50
2013.07.29 16:10:45.976,0.86376,0.86387,1.50,3.00
2013.07.29 16:10:46.012,0.86371,0.86383,2.13,1.50
2013.07.29 16:10:46.158,0.86376,0.86387,1.88,1.13
2013.07.29 16:10:46.316,0.86372,0.86384,3.94,1.50
2013.07.29 16:10:47.336,0.86376,0.86388,4.13,2.25
2013.07.29 16:10:48.234,0.86372,0.86384,2.25,1.69
2013.07.29 16:10:48.534,0.86375,0.86385,1.50,2.25
2013.07.29 16:10:48.599,0.86374,0.86386,1.50,3.19
2013.07.29 16:10:48.817,0.86376,0.86388,4.13,1.88
2013.07.29 16:10:50.624,0.86372,0.86384,1.69,2.10
2013.07.29 16:10:51.103,0.86371,0.86382,1.50,1.13
2013.07.29 16:10:52.074,0.86372,0.86383,1.50,5.82
2013.07.29 16:10:52.614,0.86372,0.86384,3.75,2.44
2013.07.29 16:10:52.913,0.86372,0.86384,2.25,2.44
2013.07.29 16:10:53.473,0.86371,0.86384,2.82,3.94
2013.07.29 16:10:53.569,0.86376,0.86387,4.32,2.25
2013.07.29 16:10:53.654,0.86371,0.86384,3.00,2.25
2013.07.29 16:10:54.119,0.86374,0.86385,3.60,1.50
2013.07.29 16:10:54.324,0.8637,0.86382,2.44,3.19
2013.07.29 16:10:54.624,0.86372,0.86383,1.69,1.88
2013.07.29 16:10:54.983,0.86371,0.86383,2.44,1.32
2013.07.29 16:10:56.603,0.86373,0.86383,1.13,1.50
2013.07.29 16:10:57.154,0.86372,0.86383,2.55,1.88
2013.07.29 16:10:57.274,0.86371,0.86382,1.88,1.50
2013.07.29 16:10:57.419,0.86371,0.86381,1.88,1.50
2013.07.29 16:11:02.281,0.86369,0.86379,1.50,1.69
2013.07.29 16:11:02.801,0.86368,0.86378,1.50,2.25
2013.07.29 16:11:03.407,0.86365,0.86377,1.50,3.57
2013.07.29 16:11:03.636,0.86374,0.86386,2.44,3.00
2013.07.29 16:11:04.176,0.86374,0.86386,1.50,3.75
2013.07.29 16:11:05.187,0.86366,0.86377,2.07,4.50
2013.07.29 16:11:05.266,0.86374,0.86386,1.50,3.75
2013.07.29 16:11:05.894,0.86372,0.86384,3.19,1.13
2013.07.29 16:11:07.010,0.86366,0.86376,1.69,2.07
2013.07.29 16:11:07.311,0.86366,0.86376,3.94,1.88
2013.07.29 16:11:07.790,0.86365,0.86375,2.44,3.79
2013.07.29 16:11:07.971,0.86366,0.86375,1.50,1.13
2013.07.29 16:11:08.209,0.86366,0.86378,2.63,3.57
2013.07.29 16:11:08.217,0.86373,0.86385,1.69,3.38
2013.07.29 16:11:08.510,0.86365,0.86377,1.50,1.50
2013.07.29 16:11:09.050,0.86365,0.86377,1.50,2.29
2013.07.29 16:11:10.130,0.86364,0.86376,1.88,1.13
2013.07.29 16:11:10.251,0.86366,0.86375,0.75,0.75
2013.07.29 16:11:10.498,0.86366,0.86375,2.63,1.88
2013.07.29 16:11:10.620,0.86367,0.86376,1.69,1.13
2013.07.29 16:11:10.740,0.86366,0.86376,1.50,1.69
2013.07.29 16:11:10.800,0.86366,0.86376,1.50,2.44
2013.07.29 16:11:10.860,0.86367,0.86377,1.69,1.50
2013.07.29 16:11:10.920,0.86365,0.86376,3.60,3.94
2013.07.29 16:11:11.589,0.86366,0.86377,1.69,1.88
2013.07.29 16:11:13.397,0.86374,0.86384,1.69,1.50
2013.07.29 16:11:14.429,0.86366,0.86375,2.82,1.88
2013.07.29 16:11:14.790,0.86366,0.86376,2.25,3.19
2013.07.29 16:11:15.659,0.86367,0.86378,2.25,1.13
2013.07.29 16:11:16.171,0.86366,0.86377,5.25,1.88
2013.07.29 16:11:16.831,0.86365,0.86375,1.69,2.07
2013.07.29 16:11:17.370,0.86365,0.86374,2.07,1.69
2013.07.29 16:11:17.911,0.86366,0.86376,2.63,1.50
2013.07.29 16:11:18.158,0.86366,0.86377,2.25,1.13
2013.07.29 16:11:19.576,0.86374,0.86385,1.69,2.25
2013.07.29 16:11:20.676,0.86372,0.86385,4.32,3.00
2013.07.29 16:11:22.391,0.86366,0.86377,1.50,1.13
2013.07.29 16:11:22.568,0.86368,0.86376,1.69,3.19
2013.07.29 16:11:22.997,0.86367,0.86375,2.25,1.50
2013.07.29 16:11:23.360,0.86368,0.86376,1.50,2.63
2013.07.29 16:11:24.870,0.86366,0.86377,1.50,0.38
2013.07.29 16:11:25.411,0.86366,0.86377,2.25,2.25
2013.07.29 16:11:25.951,0.86365,0.86376,3.57,3.75
2013.07.29 16:11:27.835,0.86366,0.86377,2.82,1.50
2013.07.29 16:11:27.960,0.86366,0.86376,1.35,3.75
2013.07.29 16:11:28.080,0.86364,0.86376,3.00,1.13
2013.07.29 16:11:28.748,0.86365,0.86375,2.44,1.50
2013.07.29 16:11:28.857,0.86374,0.86384,1.69,1.35
2013.07.29 16:11:28.868,0.86365,0.86377,1.13,1.50
2013.07.29 16:11:29.417,0.86374,0.86387,2.44,3.00
2013.07.29 16:11:29.481,0.86366,0.86377,1.50,1.69
2013.07.29 16:11:31.190,0.86366,0.86375,1.50,1.32
2013.07.29 16:11:31.731,0.86366,0.86377,1.13,2.44
2013.07.29 16:11:32.151,0.86366,0.86376,1.50,2.63
2013.07.29 16:11:32.691,0.86365,0.86375,4.13,1.32
2013.07.29 16:11:33.231,0.86365,0.86375,2.44,1.69
2013.07.29 16:11:33.861,0.86366,0.86376,2.07,2.07
2013.07.29 16:11:34.401,0.86366,0.86376,0.25,1.50
2013.07.29 16:11:35.150,0.86366,0.86376,3.19,2.25
2013.07.29 16:11:35.458,0.86373,0.86385,2.44,3.75
2013.07.29 16:11:35.697,0.86372,0.86384,2.82,1.13
2013.07.29 16:11:35.718,0.86365,0.86376,1.50,1.50
2013.07.29 16:11:35.906,0.86366,0.86376,2.44,1.50
2013.07.29 16:11:36.246,0.86366,0.86376,2.44,3.75
2013.07.29 16:11:36.448,0.86373,0.86385,1.50,1.13
2013.07.29 16:11:36.988,0.86372,0.86385,2.44,3.38
2013.07.29 16:11:38.086,0.86372,0.86385,2.07,5.48
2013.07.29 16:11:38.737,0.86372,0.86385,2.07,4.50
2013.07.29 16:11:41.391,0.86367,0.86377,2.25,4.88
2013.07.29 16:11:42.467,0.86368,0.86378,1.69,1.50
2013.07.29 16:11:43.241,0.86367,0.86377,1.69,2.25
2013.07.29 16:11:43.797,0.86373,0.86385,1.69,3.23
2013.07.29 16:11:44.161,0.86367,0.86377,5.44,3.57
2013.07.29 16:11:44.278,0.86372,0.86382,2.44,1.50
2013.07.29 16:11:44.817,0.86371,0.86382,1.88,2.25
2013.07.29 16:11:44.821,0.86367,0.86377,2.63,2.82
2013.07.29 16:11:44.876,0.8637,0.86382,3.57,2.25
2013.07.29 16:11:45.371,0.86366,0.86377,2.07,1.69
2013.07.29 16:11:45.930,0.86368,0.86377,1.88,1.13
2013.07.29 16:11:46.469,0.86367,0.86377,1.13,1.50
2013.07.29 16:11:46.837,0.8637,0.86382,4.32,2.25
2013.07.29 16:11:47.421,0.86367,0.86377,3.38,3.19
2013.07.29 16:11:48.471,0.86369,0.86378,1.50,1.69
2013.07.29 16:11:49.009,0.86367,0.86377,2.25,5.82
2013.07.29 16:11:50.541,0.86367,0.86377,2.07,1.50
2013.07.29 16:11:51.550,0.86368,0.86376,1.50,3.04
2013.07.29 16:11:52.076,0.8637,0.86381,1.32,2.25
2013.07.29 16:11:52.090,0.86367,0.86377,3.23,1.73
2013.07.29 16:11:52.456,0.86366,0.86376,3.38,1.50
2013.07.29 16:11:53.189,0.86368,0.86376,2.63,1.50
2013.07.29 16:11:53.430,0.86368,0.86378,2.25,2.07
2013.07.29 16:11:53.977,0.8637,0.86381,1.32,2.63
2013.07.29 16:11:55.066,0.8637,0.86381,1.32,2.63
2013.07.29 16:11:56.087,0.86369,0.8638,2.07,1.50
2013.07.29 16:11:56.267,0.8637,0.86381,1.88,1.50
2013.07.29 16:11:56.690,0.86367,0.86377,1.13,2.25
2013.07.29 16:11:57.098,0.8637,0.86382,2.63,1.13
2013.07.29 16:11:57.237,0.86367,0.86378,1.13,5.44
2013.07.29 16:11:57.419,0.86369,0.86377,1.69,1.32
2013.07.29 16:11:57.960,0.86367,0.86377,1.50,2.25
2013.07.29 16:11:58.080,0.86367,0.86377,2.44,2.44
2013.07.29 16:11:58.141,0.86368,0.86378,3.00,1.50
2013.07.29 16:11:58.388,0.86367,0.86376,3.00,1.50
2013.07.29 16:11:58.698,0.86366,0.86377,1.13,3.00
2013.07.29 16:11:59.121,0.86365,0.86375,1.69,1.50
2013.07.29 16:12:00.474,0.86365,0.86375,3.38,2.25
2013.07.29 16:12:01.014,0.86366,0.86377,1.50,1.50
2013.07.29 16:12:01.559,0.86365,0.86377,3.75,2.44
2013.07.29 16:12:05.894,0.86366,0.86378,1.50,1.50
2013.07.29 16:12:09.117,0.8637,0.86382,2.82,1.13
2013.07.29 16:12:09.658,0.8637,0.86381,2.25,1.50
2013.07.29 16:12:10.199,0.8637,0.86383,4.13,2.82
2013.07.29 16:12:12.271,0.86365,0.86376,2.07,1.50
2013.07.29 16:12:13.788,0.86365,0.86376,4.32,2.25
2013.07.29 16:12:15.297,0.8637,0.86382,4.32,1.35
2013.07.29 16:12:16.228,0.86364,0.86375,1.50,3.00
2013.07.29 16:12:16.396,0.8637,0.86382,2.82,1.73
2013.07.29 16:12:16.577,0.86369,0.86381,1.50,3.60
2013.07.29 16:12:18.313,0.86363,0.86375,2.44,1.50
2013.07.29 16:12:19.847,0.86372,0.86381,1.13,3.60
2013.07.29 16:12:20.149,0.86373,0.86383,1.50,1.50
2013.07.29 16:12:20.207,0.86372,0.86383,1.13,1.50
2013.07.29 16:12:20.267,0.86372,0.86384,1.88,3.75
2013.07.29 16:12:21.234,0.86365,0.86376,3.94,1.13
2013.07.29 16:12:23.328,0.86372,0.86384,2.63,2.25
2013.07.29 16:12:23.558,0.86372,0.86384,2.63,4.50
2013.07.29 16:12:24.067,0.8637,0.86381,2.44,2.48
2013.07.29 16:12:24.186,0.86369,0.86381,3.57,2.48
2013.07.29 16:12:31.361,0.86366,0.86378,3.00,2.25
2013.07.29 16:12:31.673,0.86366,0.86376,2.10,1.50
2013.07.29 16:12:36.467,0.8637,0.86382,2.82,3.60
2013.07.29 16:12:38.503,0.86367,0.86377,1.69,2.25
2013.07.29 16:12:42.097,0.86371,0.86383,1.13,1.13
2013.07.29 16:12:42.217,0.86371,0.86384,3.38,2.85
2013.07.29 16:12:42.844,0.86368,0.86378,2.25,1.50
2013.07.29 16:12:43.068,0.86373,0.86385,1.50,3.42
2013.07.29 16:12:43.384,0.86367,0.86376,2.25,1.88
2013.07.29 16:12:43.606,0.86371,0.86385,3.00,3.79
2013.07.29 16:12:44.424,0.86365,0.86375,1.13,1.88
2013.07.29 16:12:44.974,0.86364,0.86376,3.57,1.50
2013.07.29 16:12:45.127,0.86371,0.86385,3.19,2.25
2013.07.29 16:12:45.211,0.86365,0.86376,3.19,1.13
2013.07.29 16:12:45.341,0.86367,0.86377,1.50,3.94
2013.07.29 16:12:45.486,0.86374,0.86385,1.50,2.25
2013.07.29 16:12:45.882,0.86368,0.86379,1.50,2.44
2013.07.29 16:12:46.547,0.86373,0.86384,1.50,3.60
2013.07.29 16:12:47.035,0.86367,0.86378,1.50,1.50
2013.07.29 16:12:47.574,0.86365,0.86377,3.19,1.50
2013.07.29 16:12:48.274,0.86365,0.86376,2.82,5.44
2013.07.29 16:12:50.004,0.86364,0.86375,2.07,2.44
2013.07.29 16:12:51.049,0.86372,0.86383,2.07,1.50
2013.07.29 16:12:51.771,0.86372,0.86383,1.32,2.25
2013.07.29 16:12:54.211,0.86365,0.86375,1.88,1.50
2013.07.29 16:12:56.514,0.86366,0.86376,3.42,2.07
2013.07.29 16:12:57.053,0.86367,0.86377,3.38,2.44
2013.07.29 16:12:57.593,0.86367,0.86377,1.50,2.25
2013.07.29 16:13:04.854,0.86364,0.86376,1.50,1.50
2013.07.29 16:13:06.576,0.86363,0.86374,5.29,1.32
2013.07.29 16:13:10.867,0.8637,0.86382,3.19,1.50
2013.07.29 16:13:10.927,0.8637,0.86382,1.69,1.50
2013.07.29 16:13:11.188,0.86362,0.86373,2.44,3.00
2013.07.29 16:13:11.347,0.8637,0.86381,1.69,4.13
2013.07.29 16:13:11.706,0.86364,0.86375,1.69,3.57
2013.07.29 16:13:12.007,0.86367,0.86381,3.75,5.07
2013.07.29 16:13:12.515,0.86364,0.86374,6.23,1.88
2013.07.29 16:13:12.577,0.86367,0.8638,3.00,2.25
2013.07.29 16:13:13.006,0.86363,0.86373,1.13,2.25
2013.07.29 16:13:13.532,0.86363,0.86374,1.35,1.50
2013.07.29 16:13:14.156,0.86362,0.86373,1.88,3.38
2013.07.29 16:13:15.427,0.86368,0.86379,1.13,1.13
2013.07.29 16:13:16.627,0.86367,0.86378,2.44,3.00
2013.07.29 16:13:17.178,0.86367,0.86378,1.32,2.25
2013.07.29 16:13:17.417,0.86367,0.86378,1.69,2.25
2013.07.29 16:13:17.839,0.8637,0.8638,1.13,1.50
2013.07.29 16:13:18.257,0.86368,0.8638,1.69,1.13
2013.07.29 16:13:18.857,0.86368,0.8638,1.69,1.13
2013.07.29 16:13:19.397,0.86365,0.86378,5.07,1.50
2013.07.29 16:13:20.131,0.86365,0.86377,5.82,1.50
2013.07.29 16:13:20.678,0.86366,0.86378,1.32,2.25
2013.07.29 16:13:20.917,0.86365,0.86377,2.82,2.25
2013.07.29 16:13:24.088,0.86367,0.86378,1.69,3.00
2013.07.29 16:13:24.147,0.86367,0.86378,1.69,1.50
2013.07.29 16:13:24.686,0.86368,0.8638,1.88,2.25
2013.07.29 16:13:25.827,0.86367,0.8638,2.82,3.38
2013.07.29 16:13:25.947,0.86367,0.86378,1.69,1.50
2013.07.29 16:13:26.641,0.86366,0.86378,3.94,1.50
2013.07.29 16:13:26.736,0.86361,0.86372,1.50,3.94
2013.07.29 16:13:27.282,0.86363,0.86373,1.32,3.94
2013.07.29 16:13:27.386,0.86366,0.86378,3.19,1.50
2013.07.29 16:13:27.524,0.86363,0.86373,2.25,1.13
2013.07.29 16:13:28.096,0.86361,0.86372,1.50,1.50
2013.07.29 16:13:30.172,0.8636,0.86371,1.32,1.69
2013.07.29 16:13:34.668,0.86368,0.86379,1.13,1.50
2013.07.29 16:13:34.788,0.8637,0.8638,1.50,2.63
2013.07.29 16:13:35.327,0.86367,0.86379,1.69,1.50
2013.07.29 16:13:35.507,0.86367,0.86378,1.50,1.50
2013.07.29 16:13:36.226,0.86369,0.86379,1.50,3.00
2013.07.29 16:13:36.767,0.86369,0.86379,1.50,2.25
2013.07.29 16:13:37.845,0.86362,0.86371,2.44,1.13
2013.07.29 16:13:38.346,0.86363,0.86373,1.88,1.50
2013.07.29 16:13:38.847,0.86364,0.86375,1.88,1.50
2013.07.29 16:13:39.391,0.86363,0.86373,3.00,2.44
2013.07.29 16:13:40.296,0.86365,0.86374,3.00,1.50
2013.07.29 16:13:40.841,0.86365,0.86374,2.25,2.63
2013.07.29 16:13:41.505,0.86363,0.86373,3.57,1.50
2013.07.29 16:13:42.054,0.86362,0.86374,3.00,1.88
2013.07.29 16:13:43.366,0.86362,0.86373,1.88,3.94
2013.07.29 16:13:45.226,0.86361,0.86372,2.44,3.00
2013.07.29 16:13:47.185,0.86363,0.86372,1.50,1.88
2013.07.29 16:13:47.365,0.86364,0.86372,3.75,1.13
2013.07.29 16:13:47.786,0.86366,0.86373,1.50,2.25
2013.07.29 16:13:50.066,0.86365,0.86374,1.13,1.69
2013.07.29 16:13:50.603,0.86365,0.86374,1.69,2.07
2013.07.29 16:13:51.186,0.86363,0.86372,1.50,1.88
2013.07.29 16:13:51.485,0.86361,0.86372,1.13,3.19
2013.07.29 16:13:51.666,0.86363,0.86373,2.63,3.19
2013.07.29 16:13:51.845,0.8636,0.86374,1.13,3.75
2013.07.29 16:13:51.903,0.86361,0.86374,2.07,1.50
2013.07.29 16:13:52.230,0.86361,0.8637,2.63,3.00
2013.07.29 16:13:55.165,0.8636,0.86373,1.13,1.50
2013.07.29 16:13:55.717,0.8636,0.86372,2.63,3.00
2013.07.29 16:13:56.716,0.86359,0.8637,1.50,5.07
2013.07.29 16:13:56.799,0.86367,0.86379,3.57,2.10
2013.07.29 16:13:57.097,0.86365,0.86376,2.07,1.50
2013.07.29 16:13:57.617,0.86364,0.86375,3.19,1.50
2013.07.29 16:13:58.706,0.86358,0.86369,3.19,1.88
2013.07.29 16:13:59.607,0.86364,0.86374,2.44,1.50
2013.07.29 16:14:00.147,0.86364,0.86373,1.50,1.50
2013.07.29 16:14:00.429,0.86358,0.8637,1.50,2.44
2013.07.29 16:14:01.050,0.86357,0.86369,2.25,1.50
2013.07.29 16:14:01.590,0.86356,0.86368,3.38,1.50
2013.07.29 16:14:01.647,0.86363,0.86373,2.82,1.50
2013.07.29 16:14:02.096,0.86359,0.86369,1.50,1.50
2013.07.29 16:14:02.639,0.86356,0.8637,3.75,3.38
2013.07.29 16:14:03.146,0.86363,0.86373,1.50,2.25
2013.07.29 16:14:03.190,0.86356,0.86368,2.63,2.25
2013.07.29 16:14:03.769,0.86358,0.86369,1.50,1.13
2013.07.29 16:14:06.270,0.86356,0.86368,1.69,1.50
2013.07.29 16:14:06.809,0.86356,0.86368,1.69,1.69
2013.07.29 16:14:07.109,0.86356,0.86368,1.13,1.69
2013.07.29 16:14:07.237,0.86364,0.86373,1.50,3.00
2013.07.29 16:14:07.977,0.86361,0.86373,3.19,3.60
2013.07.29 16:14:10.250,0.86357,0.86367,1.50,1.32
2013.07.29 16:14:10.790,0.86356,0.86368,1.88,2.44
2013.07.29 16:14:10.970,0.86355,0.86365,4.50,1.88
2013.07.29 16:14:11.267,0.86361,0.86372,2.44,2.25
2013.07.29 16:14:11.627,0.86361,0.86372,3.19,1.50
2013.07.29 16:14:12.178,0.86361,0.86371,1.69,1.50
2013.07.29 16:14:12.727,0.8636,0.86371,1.32,1.50
2013.07.29 16:14:12.868,0.86356,0.86368,2.44,1.13
2013.07.29 16:14:14.168,0.86358,0.86369,3.57,2.44
2013.07.29 16:14:16.990,0.86357,0.86369,4.69,2.44
2013.07.29 16:14:17.530,0.86356,0.86368,1.50,1.50
2013.07.29 16:14:18.639,0.86356,0.86368,1.50,2.25
2013.07.29 16:14:18.738,0.8636,0.86373,3.57,4.88
2013.07.29 16:14:18.798,0.8636,0.86373,3.19,4.13
2013.07.29 16:14:19.199,0.86358,0.86369,2.44,1.50
2013.07.29 16:14:19.339,0.86361,0.86373,2.44,1.88
2013.07.29 16:14:19.738,0.86358,0.86369,3.19,1.69
2013.07.29 16:14:19.877,0.86363,0.86373,1.50,1.50
2013.07.29 16:14:21.730,0.86356,0.86368,1.50,1.50
2013.07.29 16:14:21.970,0.86358,0.86369,1.13,3.19
2013.07.29 16:14:22.220,0.86357,0.86368,1.50,1.50
2013.07.29 16:14:22.608,0.86357,0.86368,1.50,1.50
2013.07.29 16:14:29.587,0.86361,0.86373,3.57,2.10
2013.07.29 16:14:30.841,0.86362,0.86373,1.13,2.10
2013.07.29 16:14:31.388,0.86362,0.86374,2.82,1.35
2013.07.29 16:14:31.627,0.86363,0.86375,1.50,3.75
2013.07.29 16:14:33.286,0.86362,0.86374,2.82,2.48
2013.07.29 16:14:33.827,0.86362,0.86374,2.82,1.13
2013.07.29 16:14:34.007,0.86362,0.86373,2.82,2.25
2013.07.29 16:14:37.847,0.86362,0.86373,1.13,2.44
2013.07.29 16:14:39.557,0.86361,0.86372,1.50,1.88
2013.07.29 16:14:39.917,0.86363,0.86373,1.50,2.25
2013.07.29 16:14:41.047,0.86363,0.86373,2.25,1.50
2013.07.29 16:14:41.870,0.86356,0.86367,2.44,2.07
2013.07.29 16:14:44.180,0.86356,0.86366,1.50,2.07
2013.07.29 16:14:47.167,0.86362,0.86373,2.25,1.50
2013.07.29 16:14:47.970,0.86356,0.86366,2.25,1.69
2013.07.29 16:14:48.330,0.86357,0.86367,2.25,1.50
2013.07.29 16:14:51.379,0.86359,0.86369,2.44,1.50
2013.07.29 16:14:51.919,0.86358,0.86368,1.50,2.63
2013.07.29 16:14:52.040,0.86357,0.86367,1.50,3.19
2013.07.29 16:14:56.070,0.86359,0.86368,1.50,2.07
2013.07.29 16:14:57.380,0.86357,0.86367,2.25,1.50
2013.07.29 16:14:58.276,0.86357,0.86367,1.50,2.63
2013.07.29 16:15:00.174,0.86358,0.86366,3.57,2.63
2013.07.29 16:15:00.723,0.86355,0.86366,1.69,1.13
2013.07.29 16:15:01.564,0.86356,0.86367,1.13,1.50
2013.07.29 16:15:02.102,0.86356,0.86366,1.50,1.50
2013.07.29 16:15:02.284,0.86355,0.86367,1.50,1.13
2013.07.29 16:15:02.344,0.86354,0.86366,1.13,3.00
2013.07.29 16:15:02.407,0.86362,0.86373,3.57,1.50
2013.07.29 16:15:02.702,0.86353,0.86365,1.69,1.50
2013.07.29 16:15:03.254,0.86353,0.86365,2.63,1.50
2013.07.29 16:15:03.810,0.86353,0.86365,2.82,3.19
2013.07.29 16:15:04.243,0.86355,0.86366,2.82,1.32
2013.07.29 16:15:04.518,0.86363,0.86373,1.50,1.50
2013.07.29 16:15:04.789,0.86353,0.86365,1.69,2.82
2013.07.29 16:15:05.043,0.86355,0.86365,4.69,4.69
2013.07.29 16:15:05.077,0.86362,0.86373,3.19,1.50
2013.07.29 16:15:05.584,0.86353,0.86364,1.13,3.19
2013.07.29 16:15:05.763,0.86354,0.86364,3.19,2.44
2013.07.29 16:15:05.884,0.86354,0.86362,1.50,1.13
2013.07.29 16:15:05.943,0.86353,0.8636,1.50,5.07
2013.07.29 16:15:06.004,0.86352,0.8636,1.50,3.19
2013.07.29 16:15:06.397,0.86362,0.86373,1.32,1.35
2013.07.29 16:15:07.118,0.86362,0.86373,1.13,2.10
2013.07.29 16:15:07.358,0.86364,0.86374,1.50,1.88
2013.07.29 16:15:07.539,0.86362,0.86373,2.07,3.00
2013.07.29 16:15:07.693,0.86351,0.86363,2.82,1.13
2013.07.29 16:15:08.258,0.86362,0.86372,1.13,2.25
2013.07.29 16:15:08.319,0.86361,0.86372,2.63,3.00
2013.07.29 16:15:08.437,0.86361,0.8637,1.50,1.50
2013.07.29 16:15:10.004,0.86353,0.86364,1.50,3.00
2013.07.29 16:15:10.619,0.86354,0.86365,1.73,2.44
2013.07.29 16:15:10.687,0.8636,0.8637,1.13,1.50
2013.07.29 16:15:10.928,0.8636,0.86371,2.25,3.00
2013.07.29 16:15:11.173,0.86353,0.86364,3.00,2.07
2013.07.29 16:15:11.468,0.8636,0.86371,2.25,2.25
2013.07.29 16:15:11.721,0.86353,0.86363,1.50,1.69
2013.07.29 16:15:11.961,0.86354,0.86364,1.50,6.94
2013.07.29 16:15:12.007,0.86359,0.86369,1.13,1.50
2013.07.29 16:15:12.247,0.86359,0.86368,1.13,1.50
2013.07.29 16:15:12.263,0.86355,0.86365,1.69,2.25
2013.07.29 16:15:12.745,0.86354,0.86365,1.50,1.69
2013.07.29 16:15:13.283,0.86354,0.86365,3.75,1.69
2013.07.29 16:15:13.464,0.86354,0.86364,1.50,1.88
2013.07.29 16:15:18.966,0.86355,0.86366,2.44,3.19
2013.07.29 16:15:23.784,0.86355,0.86366,1.69,2.25
2013.07.29 16:15:25.798,0.86358,0.86368,1.50,1.50
2013.07.29 16:15:26.278,0.86355,0.86366,1.50,1.50
2013.07.29 16:15:26.962,0.86355,0.86364,1.69,1.69
2013.07.29 16:15:27.324,0.86354,0.86364,2.44,3.19
2013.07.29 16:15:27.444,0.86355,0.86365,1.32,3.19
2013.07.29 16:15:27.983,0.86355,0.86365,2.44,1.69
2013.07.29 16:15:28.532,0.86355,0.86366,3.19,3.79
2013.07.29 16:15:28.748,0.86355,0.86366,2.07,1.50
2013.07.29 16:15:29.194,0.86355,0.86365,3.19,1.88
2013.07.29 16:15:29.287,0.86355,0.86365,2.63,1.50
2013.07.29 16:15:29.433,0.86355,0.86365,1.13,3.75
2013.07.29 16:15:29.967,0.86355,0.86366,1.13,1.50
2013.07.29 16:15:31.067,0.86354,0.86367,3.57,1.50
2013.07.29 16:15:32.053,0.86356,0.86367,2.63,2.82
2013.07.29 16:15:32.173,0.86357,0.86368,1.13,3.00
2013.07.29 16:15:32.713,0.86356,0.86367,5.85,5.07
2013.07.29 16:15:33.955,0.86355,0.86367,1.13,1.50
2013.07.29 16:15:35.924,0.86356,0.86367,1.50,1.50
2013.07.29 16:15:36.127,0.86356,0.86367,1.13,1.50
2013.07.29 16:15:36.468,0.86355,0.86365,2.25,1.69
2013.07.29 16:15:36.674,0.86358,0.86369,1.50,2.25
2013.07.29 16:15:37.031,0.86355,0.86365,1.13,3.38
2013.07.29 16:15:37.117,0.8636,0.86369,1.13,2.25
2013.07.29 16:15:38.014,0.86354,0.86365,1.69,1.13
2013.07.29 16:15:38.554,0.86353,0.86363,2.85,1.50
2013.07.29 16:15:39.101,0.86353,0.86363,1.50,1.50
2013.07.29 16:15:39.162,0.86353,0.86363,2.63,2.44
2013.07.29 16:15:39.411,0.86353,0.86364,1.50,3.00
2013.07.29 16:15:39.627,0.8636,0.86369,1.13,1.50
2013.07.29 16:15:40.274,0.86352,0.86363,1.50,2.07
2013.07.29 16:15:40.812,0.86352,0.86362,2.82,3.75
2013.07.29 16:15:42.021,0.8636,0.86371,1.13,3.19
2013.07.29 16:15:42.679,0.8636,0.86372,1.13,1.32
2013.07.29 16:15:43.594,0.86354,0.86363,1.13,1.50
2013.07.29 16:15:43.902,0.86354,0.86365,6.00,1.50
2013.07.29 16:15:47.691,0.86355,0.86366,3.00,3.75
2013.07.29 16:15:49.757,0.8636,0.86372,1.88,2.25
2013.07.29 16:15:50.307,0.8636,0.86372,1.50,2.25
2013.07.29 16:15:50.547,0.86359,0.8637,3.00,1.50
2013.07.29 16:15:51.087,0.86359,0.8637,2.25,3.00
2013.07.29 16:15:51.578,0.8636,0.8637,1.13,2.25
2013.07.29 16:15:55.602,0.86357,0.86368,2.44,1.50
2013.07.29 16:15:56.164,0.86356,0.86368,1.69,1.88
2013.07.29 16:15:56.457,0.86361,0.86372,1.50,5.25
2013.07.29 16:15:57.364,0.86355,0.86367,2.25,2.25
2013.07.29 16:16:02.051,0.86357,0.86369,4.50,3.00
2013.07.29 16:16:03.628,0.86363,0.86372,1.69,2.25
2013.07.29 16:16:05.468,0.86363,0.86373,1.69,1.50
2013.07.29 16:16:06.187,0.86363,0.86375,2.44,2.63
2013.07.29 16:16:06.227,0.8636,0.86368,2.44,1.88
2013.07.29 16:16:06.710,0.86359,0.8637,2.25,2.25
2013.07.29 16:16:07.270,0.8636,0.8637,1.88,1.50
2013.07.29 16:16:08.028,0.86361,0.8637,3.19,1.88
2013.07.29 16:16:08.388,0.86362,0.86372,1.50,1.69
2013.07.29 16:16:09.059,0.8636,0.86371,1.88,3.94
2013.07.29 16:16:10.271,0.8636,0.86371,1.50,2.44
2013.07.29 16:16:13.018,0.86359,0.8637,1.50,3.94
2013.07.29 16:16:13.548,0.8636,0.86371,1.88,2.25
2013.07.29 16:16:14.682,0.86364,0.86375,1.69,2.63
2013.07.29 16:16:19.697,0.86364,0.86374,1.69,1.88
2013.07.29 16:16:20.709,0.86359,0.86372,2.25,6.94
2013.07.29 16:16:23.171,0.86359,0.86371,5.44,1.50
2013.07.29 16:16:24.050,0.86359,0.86371,1.50,3.00
2013.07.29 16:16:24.530,0.86361,0.86371,3.28,3.19
2013.07.29 16:16:25.078,0.8636,0.86369,1.99,1.13
2013.07.29 16:16:28.110,0.86359,0.86371,1.13,3.19
2013.07.29 16:16:28.368,0.86363,0.86374,3.94,1.50
2013.07.29 16:16:29.577,0.86363,0.86374,2.25,2.25
2013.07.29 16:16:30.747,0.86363,0.86374,2.25,1.50
2013.07.29 16:16:31.930,0.86359,0.8637,3.19,2.44
2013.07.29 16:16:39.830,0.8636,0.86371,3.38,1.50
2013.07.29 16:16:39.837,0.86363,0.86373,2.25,2.25
2013.07.29 16:16:40.257,0.86363,0.86375,2.25,4.50
2013.07.29 16:16:40.373,0.8636,0.86369,2.25,1.50
2013.07.29 16:16:44.101,0.86359,0.86368,1.50,1.50
2013.07.29 16:16:44.640,0.86358,0.86369,2.25,1.50
2013.07.29 16:16:44.880,0.8636,0.86368,1.50,3.00
2013.07.29 16:16:44.898,0.86362,0.86374,1.69,3.00
2013.07.29 16:16:45.720,0.8636,0.86371,2.63,3.94
2013.07.29 16:16:45.780,0.86361,0.86371,1.73,1.32
2013.07.29 16:16:46.620,0.8636,0.86372,2.82,2.25
2013.07.29 16:16:47.160,0.8636,0.8637,1.50,1.50
2013.07.29 16:16:47.668,0.86364,0.86375,1.88,3.00
2013.07.29 16:16:48.148,0.86364,0.86376,3.38,2.44
2013.07.29 16:16:48.470,0.8636,0.86372,2.25,1.69
2013.07.29 16:16:48.536,0.86362,0.8637,4.50,1.50
2013.07.29 16:16:48.894,0.86359,0.86371,2.25,6.94
2013.07.29 16:16:49.459,0.86359,0.8637,4.50,1.69
2013.07.29 16:16:49.647,0.8636,0.86369,1.13,1.50
2013.07.29 16:16:50.384,0.8636,0.86371,2.25,3.57
2013.07.29 16:16:51.190,0.86364,0.86376,1.88,3.75
2013.07.29 16:16:53.889,0.8636,0.86371,1.13,2.25
2013.07.29 16:16:56.230,0.8636,0.86372,1.13,2.63
2013.07.29 16:16:56.290,0.86359,0.8637,1.13,2.82
2013.07.29 16:16:56.410,0.86359,0.86371,2.44,1.50
2013.07.29 16:16:56.830,0.86359,0.86372,1.50,1.50
2013.07.29 16:16:57.129,0.8636,0.86371,1.50,1.69
2013.07.29 16:16:57.980,0.86361,0.86372,1.13,2.25
2013.07.29 16:16:58.739,0.86366,0.86377,1.13,2.25
2013.07.29 16:16:58.857,0.86367,0.86378,1.50,1.69
2013.07.29 16:16:59.409,0.86368,0.8638,1.50,1.69
2013.07.29 16:16:59.900,0.86363,0.86373,1.32,1.50
2013.07.29 16:16:59.956,0.86368,0.8638,2.63,1.69
2013.07.29 16:17:00.595,0.86362,0.86374,3.19,2.25
2013.07.29 16:17:00.655,0.8636,0.86373,3.19,1.13
2013.07.29 16:17:00.895,0.8636,0.8637,2.25,1.50
2013.07.29 16:17:01.324,0.86361,0.86373,1.69,2.44
2013.07.29 16:17:01.875,0.86362,0.86375,1.69,1.32
2013.07.29 16:17:01.994,0.86363,0.86375,2.44,1.50
2013.07.29 16:17:02.449,0.86368,0.8638,3.57,1.50
2013.07.29 16:17:03.820,0.86364,0.86374,1.88,2.25
2013.07.29 16:17:04.252,0.86368,0.8638,2.07,1.50
2013.07.29 16:17:04.335,0.86363,0.86373,1.32,1.69
2013.07.29 16:17:04.703,0.86361,0.86373,1.13,1.88
2013.07.29 16:17:04.798,0.86368,0.86379,1.13,2.25
2013.07.29 16:17:05.243,0.86362,0.86372,2.44,3.94
2013.07.29 16:17:05.907,0.86368,0.8638,1.69,3.00
2013.07.29 16:17:05.994,0.86364,0.86373,1.50,3.75
2013.07.29 16:17:06.626,0.86363,0.86372,1.13,1.50
2013.07.29 16:17:07.164,0.86361,0.86372,1.50,2.63
2013.07.29 16:17:07.224,0.8636,0.86373,1.32,1.69
2013.07.29 16:17:07.283,0.86362,0.86373,1.50,1.88
2013.07.29 16:17:07.645,0.86364,0.86375,1.50,1.13
2013.07.29 16:17:08.954,0.86362,0.86374,1.88,2.29
2013.07.29 16:17:09.478,0.8637,0.8638,1.50,2.63
2013.07.29 16:17:09.520,0.86362,0.86374,1.88,3.19
2013.07.29 16:17:10.209,0.86362,0.86374,1.50,1.32
2013.07.29 16:17:10.772,0.86363,0.86374,1.13,6.00
2013.07.29 16:17:10.843,0.86362,0.86373,2.25,1.73
2013.07.29 16:17:11.085,0.86361,0.86373,3.94,1.13
2013.07.29 16:17:12.105,0.86362,0.8637,2.25,1.50
2013.07.29 16:17:12.344,0.86362,0.86371,1.50,1.50
2013.07.29 16:17:12.465,0.86363,0.86373,1.13,2.25
2013.07.29 16:17:15.347,0.86369,0.86378,1.69,2.63
2013.07.29 16:17:15.408,0.86367,0.86378,1.13,3.38
2013.07.29 16:17:15.587,0.86366,0.86376,1.50,3.00
2013.07.29 16:17:16.007,0.86365,0.86376,1.50,3.00
2013.07.29 16:17:17.495,0.86364,0.86376,1.13,1.13
2013.07.29 16:17:17.688,0.86365,0.86376,3.00,3.00
2013.07.29 16:17:19.317,0.86365,0.86376,3.00,3.60
2013.07.29 16:17:20.647,0.86365,0.86376,2.25,4.35
2013.07.29 16:17:23.148,0.86365,0.86375,2.25,2.25
2013.07.29 16:17:23.667,0.86365,0.86376,2.25,4.35
2013.07.29 16:17:24.315,0.86364,0.86374,3.75,1.50
2013.07.29 16:17:24.435,0.86364,0.86374,1.50,1.50
2013.07.29 16:17:24.658,0.86365,0.86376,3.00,3.38
2013.07.29 16:17:24.975,0.86363,0.86374,1.50,2.25
2013.07.29 16:17:25.335,0.86361,0.86372,1.50,1.50
2013.07.29 16:17:26.875,0.86361,0.86372,1.13,1.50
2013.07.29 16:17:27.420,0.86362,0.86373,1.50,1.13
2013.07.29 16:17:27.965,0.8636,0.86372,1.50,1.50
2013.07.29 16:17:28.346,0.86362,0.86373,2.25,1.69
2013.07.29 16:17:28.885,0.86364,0.86374,1.50,2.63
2013.07.29 16:17:29.394,0.86365,0.86375,2.07,3.75
2013.07.29 16:17:29.515,0.86363,0.86374,1.69,1.50
2013.07.29 16:17:29.757,0.86365,0.86376,3.00,3.00
2013.07.29 16:17:30.738,0.86364,0.86376,3.38,3.75
2013.07.29 16:17:31.476,0.86363,0.86374,2.07,1.69
2013.07.29 16:17:33.564,0.86362,0.86373,4.13,1.13
2013.07.29 16:17:34.446,0.86361,0.86372,3.00,1.50
2013.07.29 16:17:35.797,0.86367,0.86375,1.69,1.50
2013.07.29 16:17:37.435,0.86362,0.86374,4.13,2.63
2013.07.29 16:17:38.312,0.86361,0.86373,3.38,1.50
2013.07.29 16:17:38.875,0.86362,0.86372,2.25,3.19
2013.07.29 16:17:38.917,0.86364,0.86375,3.38,1.50
2013.07.29 16:17:39.421,0.86363,0.86373,2.25,2.63
2013.07.29 16:17:39.665,0.86364,0.86372,3.00,1.88
2013.07.29 16:17:39.785,0.86364,0.86374,2.25,1.13
2013.07.29 16:17:40.735,0.86363,0.86373,1.88,3.00
2013.07.29 16:17:41.095,0.86363,0.86372,2.07,1.50
2013.07.29 16:17:42.848,0.86365,0.86375,1.50,2.25
2013.07.29 16:17:43.296,0.8636,0.86372,2.25,2.25
2013.07.29 16:17:43.419,0.86361,0.86373,1.13,2.82
2013.07.29 16:17:44.598,0.86362,0.86373,1.32,4.32
2013.07.29 16:17:48.160,0.86363,0.86373,2.25,1.32
2013.07.29 16:17:49.725,0.86361,0.86373,3.57,2.25
2013.07.29 16:17:50.137,0.86364,0.86375,2.44,1.88
2013.07.29 16:17:50.264,0.86361,0.86373,2.44,3.19
2013.07.29 16:17:50.956,0.86364,0.86374,1.50,1.50
2013.07.29 16:17:52.278,0.86364,0.86375,3.19,3.38
2013.07.29 16:17:52.683,0.86364,0.86374,2.63,4.88
2013.07.29 16:17:52.817,0.86364,0.86374,1.69,3.38
2013.07.29 16:17:53.983,0.86364,0.86374,1.13,2.82
2013.07.29 16:17:54.533,0.86361,0.86372,1.13,1.50
2013.07.29 16:17:54.835,0.86361,0.86371,2.63,2.63
2013.07.29 16:18:00.958,0.86362,0.86374,2.82,2.63
2013.07.29 16:18:03.547,0.86363,0.86374,3.00,1.88
2013.07.29 16:18:06.464,0.86357,0.86367,2.25,1.50
2013.07.29 16:18:06.859,0.86363,0.86375,4.50,4.13
2013.07.29 16:18:08.632,0.86356,0.86367,1.50,1.50
2013.07.29 16:18:09.413,0.86357,0.86366,1.32,2.25
2013.07.29 16:18:09.578,0.86364,0.86374,1.50,3.75
2013.07.29 16:18:09.964,0.86357,0.86368,1.13,1.69
2013.07.29 16:18:10.177,0.86363,0.86374,2.25,2.63
2013.07.29 16:18:10.510,0.86357,0.86365,2.25,7.92
2013.07.29 16:18:11.084,0.86355,0.86366,2.25,1.50
2013.07.29 16:18:12.564,0.86362,0.86373,3.57,1.50
2013.07.29 16:18:15.147,0.86357,0.86364,3.00,1.50
2013.07.29 16:18:16.848,0.86362,0.86374,2.82,3.38
2013.07.29 16:18:17.414,0.86356,0.86363,4.32,2.25
2013.07.29 16:18:17.473,0.86356,0.86365,1.69,2.29
2013.07.29 16:18:18.014,0.86356,0.86366,1.69,1.13
2013.07.29 16:18:19.452,0.86355,0.86365,1.69,1.13
2013.07.29 16:18:20.008,0.86353,0.86364,1.32,1.69
2013.07.29 16:18:20.537,0.86352,0.86362,1.50,4.50
2013.07.29 16:18:21.484,0.86353,0.86363,1.88,1.50
2013.07.29 16:18:22.433,0.86353,0.86362,1.50,2.25
2013.07.29 16:18:24.372,0.86355,0.86363,1.50,2.44
2013.07.29 16:18:24.613,0.86355,0.86366,1.13,2.25
2013.07.29 16:18:25.044,0.86359,0.86366,1.50,1.88
2013.07.29 16:18:25.761,0.86359,0.86369,3.57,2.25
2013.07.29 16:18:26.314,0.86357,0.86368,2.25,4.69
2013.07.29 16:18:37.953,0.86365,0.86375,1.69,3.38
2013.07.29 16:18:39.744,0.86357,0.86366,3.57,3.19
2013.07.29 16:18:44.079,0.86363,0.86373,3.00,3.75
2013.07.29 16:18:44.437,0.86363,0.86373,3.00,2.25
2013.07.29 16:18:44.737,0.86363,0.86373,2.25,3.00
2013.07.29 16:18:45.598,0.86362,0.86373,3.75,3.00
2013.07.29 16:18:47.232,0.86356,0.86365,3.94,1.50
2013.07.29 16:18:48.168,0.86362,0.86371,1.69,1.50
2013.07.29 16:18:48.707,0.86362,0.86371,1.69,1.50
2013.07.29 16:18:49.607,0.86361,0.86372,3.94,2.25
2013.07.29 16:18:50.557,0.86361,0.86371,3.94,1.50
2013.07.29 16:18:51.098,0.86361,0.86371,1.50,3.00
2013.07.29 16:18:53.147,0.8636,0.86371,2.25,3.00
2013.07.29 16:18:53.508,0.8636,0.86369,1.50,2.25
2013.07.29 16:18:54.047,0.8636,0.86369,3.19,1.50
2013.07.29 16:18:54.110,0.86357,0.86365,1.69,2.07
2013.07.29 16:18:54.648,0.8636,0.8637,3.19,2.25
2013.07.29 16:18:54.741,0.86357,0.86365,1.50,3.19
2013.07.29 16:18:54.949,0.8636,0.86368,1.69,1.88
2013.07.29 16:18:55.043,0.86355,0.86364,3.19,1.50
2013.07.29 16:18:55.163,0.86355,0.86364,3.00,1.50
2013.07.29 16:18:55.581,0.86354,0.86362,0.75,2.25
2013.07.29 16:18:55.859,0.8636,0.86367,1.69,2.25
2013.07.29 16:18:55.882,0.86353,0.8636,2.25,1.50
2013.07.29 16:18:56.158,0.86356,0.86365,1.69,1.50
2013.07.29 16:18:56.818,0.86356,0.86367,1.69,2.63
2013.07.29 16:18:57.184,0.86351,0.86361,1.88,1.88
2013.07.29 16:18:57.357,0.86356,0.86365,1.69,1.50
2013.07.29 16:18:57.537,0.86356,0.86367,1.69,3.38
2013.07.29 16:18:58.097,0.86356,0.86367,3.19,2.63
2013.07.29 16:18:58.508,0.86356,0.86366,3.19,2.25
2013.07.29 16:18:59.048,0.86355,0.86366,2.44,2.25
2013.07.29 16:19:00.789,0.86352,0.86363,1.50,3.00
2013.07.29 16:19:02.698,0.86355,0.86366,2.82,2.25
2013.07.29 16:19:03.972,0.86354,0.86362,4.88,1.50
2013.07.29 16:19:06.188,0.86355,0.86367,3.57,2.63
2013.07.29 16:19:06.249,0.86357,0.86367,1.13,1.13
2013.07.29 16:19:06.669,0.8636,0.86369,1.50,1.13
2013.07.29 16:19:08.319,0.86354,0.86364,4.13,1.50
2013.07.29 16:19:09.917,0.86355,0.86366,3.75,1.69
2013.07.29 16:19:10.558,0.86357,0.86368,1.88,2.25
2013.07.29 16:19:12.418,0.86358,0.86369,3.75,1.50
2013.07.29 16:19:14.859,0.86359,0.86367,2.07,2.44
2013.07.29 16:19:18.031,0.86359,0.86369,1.50,1.50
2013.07.29 16:19:18.909,0.86359,0.86369,2.44,1.50
2013.07.29 16:19:19.961,0.86358,0.86369,4.13,1.13
2013.07.29 16:19:21.628,0.86357,0.86368,2.44,2.82
2013.07.29 16:19:21.987,0.8636,0.86368,1.69,2.07
2013.07.29 16:19:22.048,0.86362,0.86368,2.25,1.13
2013.07.29 16:19:22.228,0.86361,0.86371,1.50,1.69
2013.07.29 16:19:23.469,0.86361,0.86371,1.50,1.13
2013.07.29 16:19:23.907,0.86362,0.86372,1.13,1.50
2013.07.29 16:19:26.138,0.86361,0.86371,1.13,1.35
2013.07.29 16:19:26.678,0.86362,0.86372,3.19,1.13
2013.07.29 16:19:27.958,0.86364,0.86374,1.50,2.82
2013.07.29 16:19:28.558,0.86363,0.86371,2.44,2.25
2013.07.29 16:19:28.798,0.86362,0.86369,3.19,3.19
2013.07.29 16:19:30.148,0.86361,0.8637,1.50,1.50
2013.07.29 16:19:30.448,0.86363,0.86371,3.00,1.13
2013.07.29 16:19:30.869,0.86363,0.86374,3.00,1.50
2013.07.29 16:19:30.930,0.86366,0.86376,1.13,2.63
2013.07.29 16:19:31.291,0.86369,0.86378,2.25,1.32
2013.07.29 16:19:31.647,0.86371,0.86382,1.50,1.32
2013.07.29 16:19:32.009,0.86371,0.86382,1.50,1.32
2013.07.29 16:19:32.129,0.86371,0.86384,4.13,2.63
2013.07.29 16:19:32.189,0.86373,0.86384,1.50,1.13
2013.07.29 16:19:32.429,0.86373,0.86387,1.50,2.25
2013.07.29 16:19:32.788,0.86375,0.86386,1.50,1.88
2013.07.29 16:19:33.208,0.86374,0.86383,1.50,1.13
2013.07.29 16:19:33.451,0.86373,0.86383,2.25,1.88
2013.07.29 16:19:33.478,0.8636,0.86368,2.07,1.13
2013.07.29 16:19:33.509,0.86373,0.86383,1.50,1.88
2013.07.29 16:19:33.808,0.86373,0.86385,3.00,2.25
2013.07.29 16:19:33.928,0.86373,0.86385,3.00,1.88
2013.07.29 16:19:34.558,0.86358,0.86367,4.69,2.07
2013.07.29 16:19:35.043,0.86359,0.86368,3.19,1.50
2013.07.29 16:19:35.717,0.86362,0.8637,5.07,2.07
2013.07.29 16:19:35.958,0.86366,0.86375,4.88,4.05
2013.07.29 16:19:36.265,0.86366,0.86374,4.32,4.69
2013.07.29 16:19:36.659,0.86373,0.86383,3.19,1.13
2013.07.29 16:19:36.808,0.86363,0.86372,3.38,1.50
2013.07.29 16:19:36.959,0.86371,0.8638,2.25,1.50
2013.07.29 16:19:37.258,0.86367,0.86377,4.69,1.50
2013.07.29 16:19:37.798,0.86368,0.8638,2.44,1.50
2013.07.29 16:19:37.934,0.86362,0.86372,1.50,1.88
2013.07.29 16:19:38.487,0.86361,0.8637,1.50,2.07
2013.07.29 16:19:40.199,0.86359,0.86369,2.63,2.25
2013.07.29 16:19:40.707,0.86358,0.86369,2.07,1.88
2013.07.29 16:19:40.818,0.86368,0.8638,3.94,1.50
2013.07.29 16:19:43.429,0.86357,0.86368,1.69,1.50
2013.07.29 16:19:43.968,0.86355,0.86366,1.13,2.25
2013.07.29 16:19:44.908,0.86357,0.86368,1.50,1.88
2013.07.29 16:19:47.173,0.86369,0.8638,2.25,1.13
2013.07.29 16:19:47.318,0.86359,0.86369,1.13,1.13
2013.07.29 16:19:47.794,0.86369,0.86382,2.25,3.75
2013.07.29 16:19:47.878,0.8636,0.8637,1.50,2.25
2013.07.29 16:19:48.747,0.86361,0.86372,2.48,1.50
2013.07.29 16:19:49.305,0.8636,0.86372,3.57,1.88
2013.07.29 16:19:49.809,0.86368,0.86382,6.75,4.13
2013.07.29 16:19:49.857,0.86361,0.86372,2.63,1.50
2013.07.29 16:19:50.351,0.86369,0.86382,1.13,2.63
2013.07.29 16:19:50.397,0.86361,0.86372,0.25,1.50
2013.07.29 16:19:50.898,0.86368,0.86382,6.38,1.88
2013.07.29 16:19:51.188,0.86369,0.86383,3.75,3.00
2013.07.29 16:19:51.338,0.86359,0.86371,2.25,2.25
2013.07.29 16:19:51.429,0.86369,0.86383,3.75,3.00
2013.07.29 16:19:51.578,0.8636,0.86369,2.44,2.25
2013.07.29 16:19:51.818,0.86361,0.86372,3.38,5.25
2013.07.29 16:19:51.936,0.86363,0.86372,1.50,2.07
2013.07.29 16:19:51.996,0.86369,0.86383,4.50,3.00
2013.07.29 16:19:52.059,0.86369,0.86383,4.50,3.00
2013.07.29 16:19:52.599,0.86369,0.8638,1.50,2.25
2013.07.29 16:19:53.469,0.86369,0.86382,2.25,3.00
2013.07.29 16:19:53.828,0.8637,0.86383,6.38,1.50
2013.07.29 16:19:57.108,0.86362,0.86374,1.69,2.25
2013.07.29 16:20:00.569,0.86377,0.86387,2.25,1.50
2013.07.29 16:20:00.998,0.86377,0.86389,3.75,1.50
2013.07.29 16:20:01.519,0.86378,0.86389,1.50,1.50
2013.07.29 16:20:01.567,0.86372,0.86382,3.19,1.50
2013.07.29 16:20:02.297,0.86371,0.86381,1.50,3.00
2013.07.29 16:20:02.928,0.86378,0.86389,3.38,1.50
2013.07.29 16:20:02.988,0.8638,0.86389,1.50,1.50
2013.07.29 16:20:03.178,0.86378,0.86389,2.63,1.50
2013.07.29 16:20:03.757,0.86379,0.86389,3.00,1.50
2013.07.29 16:20:04.089,0.86377,0.86389,3.00,1.88
2013.07.29 16:20:04.156,0.8637,0.86382,2.44,2.25
2013.07.29 16:20:04.697,0.8637,0.86382,1.32,1.88
2013.07.29 16:20:05.366,0.8637,0.86382,1.88,2.44
2013.07.29 16:20:05.467,0.86372,0.86383,2.25,1.13
2013.07.29 16:20:06.239,0.86377,0.86387,3.00,1.50
2013.07.29 16:20:06.539,0.86374,0.86387,4.50,2.25
2013.07.29 16:20:06.599,0.86374,0.86386,3.75,1.50
2013.07.29 16:20:07.017,0.8637,0.86382,1.69,1.50
2013.07.29 16:20:07.159,0.86373,0.86384,2.44,2.63
2013.07.29 16:20:07.564,0.8637,0.86381,3.00,2.25
2013.07.29 16:20:07.692,0.86371,0.86381,2.44,2.44
2013.07.29 16:20:07.822,0.86372,0.86382,1.50,4.88
2013.07.29 16:20:08.449,0.86374,0.86385,2.63,2.25
2013.07.29 16:20:08.509,0.86374,0.86386,4.88,2.25
2013.07.29 16:20:09.048,0.86376,0.86388,2.25,3.75
2013.07.29 16:20:09.097,0.86371,0.86382,3.19,4.69
2013.07.29 16:20:09.348,0.86376,0.86388,2.25,2.63
2013.07.29 16:20:09.529,0.86374,0.86386,5.44,2.25
2013.07.29 16:20:09.638,0.8637,0.86381,1.50,2.82
2013.07.29 16:20:09.950,0.86374,0.86386,3.19,3.38
2013.07.29 16:20:10.248,0.86375,0.86386,1.69,2.63
2013.07.29 16:20:11.738,0.8637,0.86382,1.13,2.44
2013.07.29 16:20:13.087,0.86371,0.86382,2.25,2.25
2013.07.29 16:20:13.628,0.86371,0.86382,4.69,2.44
2013.07.29 16:20:14.178,0.8637,0.86382,1.13,3.00
2013.07.29 16:20:14.531,0.86375,0.86385,1.50,1.13
2013.07.29 16:20:15.088,0.86375,0.86384,1.50,1.50
2013.07.29 16:20:15.448,0.86373,0.86383,2.25,1.13
2013.07.29 16:20:15.748,0.86375,0.86384,1.50,1.50
2013.07.29 16:20:16.128,0.86375,0.86385,1.50,1.88
2013.07.29 16:20:16.417,0.8637,0.86381,1.50,1.13
2013.07.29 16:20:17.872,0.86375,0.86387,1.69,2.63
2013.07.29 16:20:18.668,0.8637,0.8638,1.50,1.50
2013.07.29 16:20:19.754,0.86372,0.86381,4.69,3.19
2013.07.29 16:20:20.308,0.8637,0.8638,2.07,1.50
2013.07.29 16:20:20.888,0.86375,0.86388,2.44,3.94
2013.07.29 16:20:20.946,0.8637,0.86382,4.13,1.50
2013.07.29 16:20:21.007,0.86369,0.8638,2.25,1.50
2013.07.29 16:20:21.314,0.86369,0.86379,1.50,2.25
2013.07.29 16:20:21.398,0.86375,0.86388,3.19,2.44
2013.07.29 16:20:21.798,0.86369,0.86382,1.13,3.30
2013.07.29 16:20:21.898,0.86375,0.86388,4.32,1.32
2013.07.29 16:20:22.216,0.86369,0.86383,1.50,1.13
2013.07.29 16:20:22.619,0.86375,0.86388,3.19,2.44
2013.07.29 16:20:22.697,0.8637,0.86381,2.25,1.50
2013.07.29 16:20:22.938,0.86369,0.8638,1.50,1.50
2013.07.29 16:20:23.490,0.86369,0.86381,2.25,3.94
2013.07.29 16:20:24.168,0.86376,0.86386,1.50,1.88
2013.07.29 16:20:24.698,0.86375,0.86386,2.44,1.50
2013.07.29 16:20:25.598,0.8637,0.8638,1.50,5.82
2013.07.29 16:20:25.658,0.86372,0.8638,2.25,4.88
2013.07.29 16:20:26.016,0.86371,0.86381,1.88,1.50
2013.07.29 16:20:27.957,0.86372,0.86381,1.69,2.25
2013.07.29 16:20:28.586,0.86371,0.8638,2.82,2.44
2013.07.29 16:20:29.097,0.8637,0.8638,2.67,2.25
2013.07.29 16:20:29.517,0.86372,0.86381,1.50,1.13
2013.07.29 16:20:29.756,0.86372,0.86382,1.69,3.00
2013.07.29 16:20:30.477,0.86375,0.86383,2.25,1.13
2013.07.29 16:20:30.717,0.86374,0.86383,5.07,2.25
2013.07.29 16:20:30.845,0.86372,0.86381,2.25,1.69
2013.07.29 16:20:31.807,0.8637,0.8638,1.13,1.50
2013.07.29 16:20:32.287,0.86373,0.86381,2.44,1.13
2013.07.29 16:20:32.826,0.86373,0.8638,3.19,1.50
2013.07.29 16:20:34.265,0.86372,0.86382,4.13,1.88
2013.07.29 16:20:34.575,0.86372,0.8638,1.13,1.88
2013.07.29 16:20:35.056,0.8637,0.86379,2.44,5.44
2013.07.29 16:20:35.587,0.86369,0.86378,6.57,1.69
2013.07.29 16:20:36.306,0.8637,0.86379,2.63,2.25
2013.07.29 16:20:36.667,0.8637,0.86379,1.13,1.50
2013.07.29 16:20:38.008,0.86369,0.86379,1.69,2.07
2013.07.29 16:20:38.547,0.8637,0.86381,1.88,3.00
2013.07.29 16:20:38.908,0.86371,0.8638,1.50,2.44
2013.07.29 16:20:40.208,0.86372,0.8638,1.13,4.32
2013.07.29 16:20:40.349,0.86375,0.86387,2.25,1.50
2013.07.29 16:20:40.538,0.8637,0.86381,1.50,3.38
2013.07.29 16:20:41.076,0.86371,0.8638,2.82,3.60
2013.07.29 16:20:41.136,0.8637,0.86382,3.00,1.88
2013.07.29 16:20:41.204,0.86372,0.86382,4.13,3.57
2013.07.29 16:20:41.326,0.86374,0.86382,0.75,0.75
2013.07.29 16:20:41.448,0.86372,0.86381,3.19,8.82
2013.07.29 16:20:41.988,0.86371,0.8638,2.44,2.07
2013.07.29 16:20:42.534,0.86371,0.86378,2.25,1.13
2013.07.29 16:20:42.597,0.8637,0.86378,1.50,2.25
2013.07.29 16:20:42.800,0.86375,0.86387,2.63,1.50
2013.07.29 16:20:43.477,0.86371,0.86381,3.00,1.13
2013.07.29 16:20:43.669,0.86375,0.86387,2.25,1.88
2013.07.29 16:20:43.957,0.86371,0.86382,1.13,1.13
2013.07.29 16:20:44.257,0.8637,0.8638,1.50,1.50
2013.07.29 16:20:44.497,0.86371,0.86381,1.13,1.13
2013.07.29 16:20:44.864,0.86372,0.86383,1.69,1.50
2013.07.29 16:20:44.927,0.86371,0.86384,4.50,2.44
2013.07.29 16:20:45.626,0.86372,0.86382,1.50,2.25
2013.07.29 16:20:45.806,0.86372,0.86382,1.50,1.13
2013.07.29 16:20:46.266,0.86373,0.86381,1.13,1.50
2013.07.29 16:20:46.627,0.86372,0.86382,1.13,2.25
2013.07.29 16:20:47.977,0.86371,0.86381,4.13,1.50
2013.07.29 16:20:48.348,0.86376,0.86387,2.25,1.13
2013.07.29 16:20:49.170,0.86376,0.86387,1.50,2.25
2013.07.29 16:20:49.338,0.8637,0.86381,1.13,1.50
2013.07.29 16:20:49.709,0.86376,0.86386,1.50,1.50
2013.07.29 16:20:50.658,0.8637,0.86382,1.13,2.25
2013.07.29 16:20:50.709,0.86376,0.86385,1.50,1.13
2013.07.29 16:20:50.952,0.86373,0.86384,2.25,1.50
2013.07.29 16:20:51.591,0.8637,0.86382,3.75,2.44
2013.07.29 16:20:52.092,0.86371,0.86382,2.82,3.57
2013.07.29 16:20:52.637,0.86371,0.86382,1.50,1.69
2013.07.29 16:20:53.088,0.86371,0.86383,1.50,2.25
2013.07.29 16:20:53.628,0.86372,0.86383,3.19,1.50
2013.07.29 16:20:53.748,0.8637,0.86382,2.25,1.88
2013.07.29 16:20:54.286,0.8637,0.86381,2.25,3.38
2013.07.29 16:20:54.475,0.86371,0.86382,1.32,1.13
2013.07.29 16:20:54.897,0.86372,0.86381,1.69,2.07
2013.07.29 16:20:55.017,0.86373,0.86382,1.88,1.50
2013.07.29 16:20:55.144,0.86373,0.86383,3.00,1.50
2013.07.29 16:20:55.265,0.8637,0.86382,1.13,3.19
2013.07.29 16:20:55.575,0.8637,0.86382,2.63,3.75
2013.07.29 16:20:56.357,0.8637,0.86382,3.00,1.50
2013.07.29 16:20:57.915,0.86371,0.86382,1.69,3.00
2013.07.29 16:20:58.217,0.86371,0.86382,1.13,1.50
2013.07.29 16:20:58.277,0.8637,0.86382,1.50,1.50
2013.07.29 16:20:59.137,0.8637,0.8638,2.25,2.25
2013.07.29 16:20:59.668,0.86369,0.86379,1.50,1.50
2013.07.29 16:21:00.420,0.86373,0.86382,2.25,1.50
2013.07.29 16:21:03.029,0.86373,0.86382,1.50,1.13
2013.07.29 16:21:03.568,0.86371,0.86382,3.38,1.88
2013.07.29 16:21:05.065,0.86368,0.86378,1.50,2.25
2013.07.29 16:21:06.045,0.86369,0.8638,5.44,1.32
2013.07.29 16:21:07.064,0.86369,0.8638,2.25,3.75
2013.07.29 16:21:08.204,0.8637,0.86382,1.50,2.25
2013.07.29 16:21:08.239,0.86371,0.86382,3.00,1.13
2013.07.29 16:21:08.384,0.86371,0.86382,2.25,1.50
2013.07.29 16:21:08.932,0.8637,0.86381,1.32,1.69
2013.07.29 16:21:09.674,0.86368,0.8638,1.50,1.50
2013.07.29 16:21:09.778,0.86372,0.86384,1.50,2.63
2013.07.29 16:21:10.468,0.86371,0.86384,4.50,2.63
2013.07.29 16:21:11.465,0.86368,0.86381,1.50,2.82
2013.07.29 16:21:11.585,0.86368,0.86379,1.50,4.13
2013.07.29 16:21:11.765,0.86368,0.86378,3.19,3.00
2013.07.29 16:21:12.786,0.86367,0.86379,2.25,1.50
2013.07.29 16:21:13.345,0.86369,0.86381,1.50,1.69
2013.07.29 16:21:13.405,0.8637,0.86381,1.50,2.07
2013.07.29 16:21:14.644,0.8637,0.8638,2.82,1.50
2013.07.29 16:21:15.192,0.86369,0.8638,1.50,1.88
2013.07.29 16:21:16.343,0.86372,0.86385,1.50,1.32
2013.07.29 16:21:16.408,0.86375,0.86386,1.13,3.00
2013.07.29 16:21:16.591,0.86375,0.86386,2.25,1.50
2013.07.29 16:21:16.659,0.86375,0.86387,3.00,1.50
2013.07.29 16:21:16.780,0.86376,0.86387,2.25,1.50
2013.07.29 16:21:17.319,0.86376,0.86388,2.25,1.13
2013.07.29 16:21:17.678,0.86376,0.86387,1.50,2.25
2013.07.29 16:21:19.036,0.86368,0.86378,1.32,2.25
2013.07.29 16:21:19.581,0.86366,0.86378,1.69,1.69
2013.07.29 16:21:20.026,0.86369,0.86379,2.25,1.69
2013.07.29 16:21:20.566,0.86369,0.8638,1.69,2.29
2013.07.29 16:21:20.668,0.86377,0.86388,2.25,1.50
2013.07.29 16:21:21.232,0.86377,0.86388,2.25,1.50
2013.07.29 16:21:22.018,0.86377,0.86388,3.94,1.50
2013.07.29 16:21:23.805,0.8637,0.86382,1.32,1.50
2013.07.29 16:21:23.985,0.8637,0.8638,1.69,1.32
2013.07.29 16:21:25.667,0.86369,0.8638,1.50,1.13
2013.07.29 16:21:26.628,0.86378,0.86388,1.50,1.50
2013.07.29 16:21:27.138,0.86377,0.86388,1.50,2.25
2013.07.29 16:21:27.586,0.86371,0.86381,1.50,2.25
2013.07.29 16:21:27.648,0.86377,0.86388,1.50,2.25
2013.07.29 16:21:28.126,0.86369,0.86381,1.32,2.44
2013.07.29 16:21:28.686,0.86368,0.86381,1.88,2.63
2013.07.29 16:21:29.226,0.86367,0.8638,1.88,1.50
2013.07.29 16:21:30.665,0.86367,0.86379,3.57,1.50
2013.07.29 16:21:31.203,0.86367,0.8638,2.44,3.19
2013.07.29 16:21:31.318,0.86377,0.86388,1.69,2.25
2013.07.29 16:21:31.745,0.86369,0.86381,1.50,1.50
2013.07.29 16:21:32.046,0.86368,0.86381,5.44,1.69
2013.07.29 16:21:32.348,0.86377,0.86388,1.69,2.25
2013.07.29 16:21:32.644,0.8637,0.86381,1.50,1.50
2013.07.29 16:21:32.708,0.86376,0.86388,3.19,4.13
2013.07.29 16:21:33.005,0.86367,0.8638,2.07,1.50
2013.07.29 16:21:33.190,0.86369,0.86381,1.50,1.50
2013.07.29 16:21:35.136,0.86367,0.86381,2.25,1.50
2013.07.29 16:21:35.646,0.86368,0.86381,1.50,2.25
2013.07.29 16:21:36.667,0.86369,0.86382,1.50,1.50
2013.07.29 16:21:37.293,0.86368,0.86381,1.69,1.13
2013.07.29 16:21:39.778,0.86376,0.86386,2.25,1.50
2013.07.29 16:21:40.378,0.86374,0.86385,4.69,1.13
2013.07.29 16:21:40.910,0.86374,0.86385,3.19,1.13
2013.07.29 16:21:40.984,0.86368,0.8638,4.13,2.44
2013.07.29 16:21:41.225,0.86368,0.86381,2.82,1.13
2013.07.29 16:21:41.646,0.8637,0.86381,1.88,3.38
2013.07.29 16:21:42.194,0.86369,0.86379,5.82,1.50
2013.07.29 16:21:42.315,0.86368,0.86379,1.50,2.44
2013.07.29 16:21:42.495,0.86369,0.8638,1.32,1.50
2013.07.29 16:21:42.675,0.86369,0.86381,2.25,1.69
2013.07.29 16:21:42.976,0.86369,0.86381,1.50,1.50
2013.07.29 16:21:43.089,0.86374,0.86385,3.19,1.50
2013.07.29 16:21:44.696,0.86371,0.86382,1.50,1.69
2013.07.29 16:21:45.236,0.86371,0.86382,1.50,3.38
2013.07.29 16:21:45.946,0.86371,0.86383,2.63,3.00
2013.07.29 16:21:46.247,0.86371,0.86383,3.38,1.50
2013.07.29 16:21:46.307,0.86374,0.86385,2.44,2.25
2013.07.29 16:21:47.098,0.86374,0.86385,1.69,2.25
2013.07.29 16:21:47.456,0.86371,0.86381,1.13,1.50
2013.07.29 16:21:47.638,0.86374,0.86385,1.69,1.13
2013.07.29 16:21:47.976,0.86371,0.86382,2.25,1.32
2013.07.29 16:21:48.516,0.86372,0.86382,1.13,1.13
2013.07.29 16:21:49.044,0.8637,0.86382,6.60,1.50
2013.07.29 16:21:49.603,0.8637,0.86382,1.88,1.88
2013.07.29 16:21:53.246,0.8637,0.86382,1.50,4.22
2013.07.29 16:21:53.850,0.86373,0.86384,3.94,2.25
2013.07.29 16:21:54.336,0.86371,0.86382,2.82,1.32
2013.07.29 16:21:54.576,0.8637,0.86381,1.13,2.44
2013.07.29 16:21:54.637,0.86369,0.8638,1.50,1.69
2013.07.29 16:21:55.176,0.86369,0.86379,3.75,2.25
2013.07.29 16:21:55.355,0.8637,0.86381,4.13,6.00
2013.07.29 16:21:55.895,0.8637,0.8638,1.50,1.13
2013.07.29 16:21:56.014,0.86369,0.86379,1.50,7.69
2013.07.29 16:21:56.434,0.8637,0.86378,1.13,1.69
2013.07.29 16:21:56.801,0.86373,0.86381,1.50,2.10
2013.07.29 16:21:56.915,0.86369,0.8638,1.88,1.50
2013.07.29 16:21:57.032,0.8637,0.86381,2.25,1.88
2013.07.29 16:21:57.216,0.8637,0.86381,1.13,1.50
2013.07.29 16:21:57.228,0.86371,0.8638,2.63,1.13
2013.07.29 16:21:57.591,0.8637,0.8638,1.50,2.63
2013.07.29 16:21:57.938,0.86372,0.86382,1.50,1.13
2013.07.29 16:21:58.238,0.86372,0.86383,3.38,3.75
2013.07.29 16:21:58.419,0.86373,0.86383,1.50,3.00
2013.07.29 16:21:58.636,0.86368,0.8638,1.13,2.25
2013.07.29 16:21:58.658,0.86373,0.86383,2.63,1.50
2013.07.29 16:21:58.958,0.86373,0.86384,2.25,1.13
2013.07.29 16:22:02.369,0.86373,0.86384,3.38,1.13
2013.07.29 16:22:02.573,0.86367,0.86379,1.50,1.50
2013.07.29 16:22:02.934,0.86373,0.86384,3.38,1.13
2013.07.29 16:22:02.998,0.86373,0.86384,3.38,1.13
2013.07.29 16:22:03.053,0.86365,0.86377,4.32,1.69
2013.07.29 16:22:03.300,0.86375,0.86386,2.25,3.00
2013.07.29 16:22:03.478,0.86375,0.86385,1.50,1.13
2013.07.29 16:22:03.531,0.86365,0.86377,6.00,2.82
2013.07.29 16:22:03.952,0.86364,0.86377,2.25,1.13
2013.07.29 16:22:04.472,0.86363,0.86376,3.38,1.50
2013.07.29 16:22:05.242,0.86364,0.86377,3.19,3.57
2013.07.29 16:22:06.030,0.86375,0.86385,1.69,1.13
2013.07.29 16:22:07.172,0.86364,0.86376,2.63,2.25
2013.07.29 16:22:07.712,0.86364,0.86375,3.94,2.82
2013.07.29 16:22:08.013,0.86365,0.86375,1.32,1.13
2013.07.29 16:22:09.412,0.86366,0.86377,1.50,2.25
2013.07.29 16:22:09.472,0.86365,0.86376,1.50,1.50
2013.07.29 16:22:11.618,0.86366,0.86375,1.50,3.38
2013.07.29 16:22:11.809,0.86375,0.86386,1.69,2.25
2013.07.29 16:22:12.680,0.86375,0.86385,3.19,1.50
2013.07.29 16:22:13.019,0.86364,0.86375,1.50,2.44
2013.07.29 16:22:15.658,0.86375,0.86386,1.50,2.25
2013.07.29 16:22:16.870,0.86375,0.86385,1.50,1.88
2013.07.29 16:22:16.988,0.86374,0.86384,1.50,1.13
2013.07.29 16:22:17.360,0.86374,0.86385,2.25,1.50
2013.07.29 16:22:17.720,0.86373,0.86384,2.82,2.25
2013.07.29 16:22:18.879,0.86373,0.86384,2.82,2.25
2013.07.29 16:22:19.418,0.86373,0.86385,3.57,2.25
2013.07.29 16:22:19.570,0.86364,0.86377,1.13,1.50
2013.07.29 16:22:19.919,0.86374,0.86385,1.13,1.88
2013.07.29 16:22:20.088,0.86366,0.86377,4.50,1.88
2013.07.29 16:22:20.158,0.86374,0.86386,1.88,1.50
2013.07.29 16:22:20.219,0.86375,0.86386,2.25,1.50
2013.07.29 16:22:20.399,0.86374,0.86387,2.25,1.50
2013.07.29 16:22:20.768,0.86375,0.86386,2.25,1.50
2013.07.29 16:22:21.232,0.86367,0.86378,1.88,1.50
2013.07.29 16:22:23.301,0.86368,0.8638,1.88,2.25
2013.07.29 16:22:26.219,0.86369,0.86377,1.88,2.25
2013.07.29 16:22:26.281,0.86366,0.86377,1.13,3.00
2013.07.29 16:22:27.393,0.86365,0.86375,4.50,1.88
2013.07.29 16:22:27.470,0.86374,0.86385,3.75,1.13
2013.07.29 16:22:28.848,0.86374,0.86385,3.38,1.13
2013.07.29 16:22:29.388,0.86374,0.86385,2.25,1.13
2013.07.29 16:22:29.929,0.86374,0.86385,2.25,2.63
2013.07.29 16:22:30.212,0.86365,0.86375,1.50,1.50
2013.07.29 16:22:30.489,0.86374,0.86385,3.57,2.63
2013.07.29 16:22:30.848,0.86375,0.86386,1.32,1.50
2013.07.29 16:22:31.398,0.86376,0.86387,1.50,1.50
2013.07.29 16:22:31.672,0.86364,0.86376,1.04,1.69
2013.07.29 16:22:32.642,0.86365,0.86377,1.69,2.44
2013.07.29 16:22:33.183,0.86365,0.86377,1.50,1.69
2013.07.29 16:22:33.731,0.86364,0.86376,2.25,1.32
2013.07.29 16:22:34.272,0.86364,0.86374,1.32,1.88
2013.07.29 16:22:34.470,0.86367,0.86374,1.32,3.19
2013.07.29 16:22:34.772,0.86364,0.86376,2.07,3.94
2013.07.29 16:22:34.952,0.86364,0.86375,1.50,1.69
2013.07.29 16:22:35.265,0.86365,0.86373,1.69,1.13
2013.07.29 16:22:35.512,0.86364,0.86375,1.50,1.50
2013.07.29 16:22:36.051,0.86364,0.86375,1.13,1.69
2013.07.29 16:22:36.531,0.86365,0.86374,1.50,1.50
2013.07.29 16:22:36.651,0.86363,0.86375,2.25,1.69
2013.07.29 16:22:37.318,0.86375,0.86386,4.32,1.13
2013.07.29 16:22:38.118,0.86375,0.86388,2.07,3.38
2013.07.29 16:22:38.690,0.86376,0.86388,1.69,2.63
2013.07.29 16:22:41.647,0.86364,0.86373,3.38,1.50
2013.07.29 16:22:42.191,0.86364,0.86375,2.25,1.50
2013.07.29 16:22:42.742,0.86365,0.86374,1.13,1.50
2013.07.29 16:22:42.990,0.86365,0.86374,3.00,1.50
2013.07.29 16:22:43.351,0.86366,0.86376,1.32,6.79
2013.07.29 16:22:43.711,0.86364,0.86376,3.94,1.69
2013.07.29 16:22:43.909,0.86375,0.86386,3.19,2.63
2013.07.29 16:22:43.969,0.86374,0.86385,3.94,1.13
2013.07.29 16:22:44.031,0.86374,0.86385,2.44,1.13
2013.07.29 16:22:44.161,0.86374,0.86386,3.94,3.75
2013.07.29 16:22:44.542,0.86373,0.86384,3.57,1.13
2013.07.29 16:22:44.608,0.86373,0.86384,3.57,1.50
2013.07.29 16:22:44.763,0.86365,0.86376,1.50,1.88
2013.07.29 16:22:44.910,0.86372,0.8638,3.19,1.88
2013.07.29 16:22:44.969,0.86369,0.8638,3.57,1.88
2013.07.29 16:22:45.300,0.86366,0.86377,1.69,2.25
2013.07.29 16:22:45.509,0.8637,0.8638,1.69,1.50
2013.07.29 16:22:45.541,0.86365,0.86375,2.63,1.88
2013.07.29 16:22:45.701,0.86369,0.8638,3.57,1.13
2013.07.29 16:22:46.082,0.86365,0.86374,2.07,1.88
2013.07.29 16:22:46.253,0.86369,0.8638,1.69,1.13
2013.07.29 16:22:46.622,0.86362,0.86374,2.44,2.82
2013.07.29 16:22:47.223,0.86364,0.86374,1.88,1.69
2013.07.29 16:22:48.138,0.86369,0.8638,3.19,1.13
2013.07.29 16:22:48.878,0.86369,0.8638,2.44,1.50
2013.07.29 16:22:49.428,0.86364,0.86374,5.82,2.44
2013.07.29 16:22:49.859,0.86368,0.8638,1.13,1.50
2013.07.29 16:22:49.933,0.86363,0.86375,1.13,1.69
2013.07.29 16:22:50.629,0.86368,0.86379,1.13,2.10
2013.07.29 16:22:50.689,0.86368,0.86378,1.13,1.13
2013.07.29 16:22:51.049,0.8637,0.86378,1.50,1.13
2013.07.29 16:22:51.168,0.86367,0.86378,3.75,1.13
2013.07.29 16:22:51.252,0.86364,0.86375,2.25,1.50
2013.07.29 16:22:52.188,0.86367,0.86379,3.75,1.88
2013.07.29 16:22:52.583,0.86367,0.86375,2.07,5.82
2013.07.29 16:22:53.122,0.86367,0.86377,2.63,1.50
2013.07.29 16:22:53.912,0.86368,0.86376,3.94,3.75
2013.07.29 16:22:54.432,0.86367,0.86376,2.07,1.50
2013.07.29 16:22:54.972,0.86365,0.86376,2.25,1.50
2013.07.29 16:22:55.332,0.86364,0.86376,2.25,1.13
2013.07.29 16:22:56.043,0.86365,0.86377,1.13,1.88
2013.07.29 16:22:56.798,0.86367,0.86379,2.25,1.88
2013.07.29 16:22:57.133,0.86365,0.86377,1.13,2.29
2013.07.29 16:22:58.288,0.86368,0.86378,1.50,1.50
2013.07.29 16:22:58.482,0.86365,0.86377,2.44,2.82
2013.07.29 16:22:58.660,0.86364,0.86376,2.25,1.69
2013.07.29 16:22:59.022,0.86364,0.86372,0.75,0.75
2013.07.29 16:22:59.142,0.86362,0.86372,1.50,1.50
2013.07.29 16:22:59.681,0.86363,0.86373,1.50,1.88
2013.07.29 16:23:05.442,0.86366,0.86379,3.94,2.25
2013.07.29 16:23:05.988,0.86366,0.86378,2.44,2.25
2013.07.29 16:23:06.231,0.8636,0.86372,3.38,3.19
2013.07.29 16:23:08.523,0.86362,0.86374,3.94,3.00
2013.07.29 16:23:08.789,0.86364,0.86375,1.13,3.00
2013.07.29 16:23:19.834,0.86364,0.86373,1.13,2.44
2013.07.29 16:23:20.956,0.86365,0.86374,1.50,1.50
2013.07.29 16:23:21.511,0.86364,0.86375,2.44,1.50
2013.07.29 16:23:22.963,0.86363,0.86374,2.25,1.50
2013.07.29 16:23:23.502,0.86363,0.86373,1.69,2.07
2013.07.29 16:23:24.342,0.86364,0.86373,1.69,2.82
2013.07.29 16:23:24.599,0.86363,0.86373,1.69,1.13
2013.07.29 16:23:25.176,0.86362,0.86373,3.19,1.69
2013.07.29 16:23:29.402,0.86363,0.86373,2.25,1.13
2013.07.29 16:23:29.943,0.86363,0.86373,1.13,1.50
2013.07.29 16:23:30.350,0.86366,0.86376,2.63,1.50
2013.07.29 16:23:30.588,0.86366,0.86378,3.00,2.25
2013.07.29 16:23:30.888,0.86368,0.8638,3.00,1.50
2013.07.29 16:23:31.128,0.86368,0.86381,3.38,2.25
2013.07.29 16:23:31.188,0.86371,0.86381,1.50,2.25
2013.07.29 16:23:31.428,0.86368,0.86381,3.38,3.00
2013.07.29 16:23:31.472,0.86362,0.86373,1.50,2.25
2013.07.29 16:23:31.908,0.8637,0.86381,1.50,2.25
2013.07.29 16:23:32.012,0.86362,0.86374,1.32,4.69
2013.07.29 16:23:32.268,0.8637,0.86379,1.50,1.13
2013.07.29 16:23:32.328,0.86369,0.86379,1.50,1.13
2013.07.29 16:23:32.928,0.86368,0.8638,1.50,1.13
2013.07.29 16:23:34.689,0.86369,0.8638,1.50,2.63
2013.07.29 16:23:35.048,0.86368,0.8638,2.25,3.23
2013.07.29 16:23:35.862,0.86365,0.86374,2.07,1.32
2013.07.29 16:23:36.373,0.86363,0.86374,2.25,1.13
2013.07.29 16:23:36.739,0.86362,0.86372,2.25,2.25
2013.07.29 16:23:38.497,0.86364,0.86374,1.50,1.13
2013.07.29 16:23:38.743,0.86364,0.86375,1.88,1.50
2013.07.29 16:23:38.802,0.86364,0.86375,2.82,1.50
2013.07.29 16:23:39.043,0.86366,0.86374,2.25,4.13
2013.07.29 16:23:39.993,0.86364,0.86375,4.50,1.13
2013.07.29 16:23:40.503,0.86364,0.86374,3.38,1.13
2013.07.29 16:23:41.021,0.86365,0.86376,3.04,1.69
2013.07.29 16:23:41.768,0.86365,0.86374,1.50,2.25
2013.07.29 16:23:42.272,0.86363,0.86373,4.32,1.50
2013.07.29 16:23:42.631,0.86364,0.86374,2.44,1.69
2013.07.29 16:23:44.382,0.86362,0.86372,1.13,1.88
2013.07.29 16:23:45.132,0.86363,0.86374,3.38,1.50
2013.07.29 16:23:45.493,0.86365,0.86373,1.69,1.50
2013.07.29 16:23:46.350,0.86368,0.8638,1.50,1.50
2013.07.29 16:23:46.415,0.86368,0.8638,1.88,1.13
2013.07.29 16:23:47.078,0.8637,0.8638,1.13,1.73
2013.07.29 16:23:48.022,0.86362,0.86373,1.50,3.38
2013.07.29 16:23:48.082,0.86364,0.86375,2.25,2.44
2013.07.29 16:23:48.442,0.86366,0.86376,2.25,3.57
2013.07.29 16:23:48.599,0.8637,0.86382,1.88,2.44
2013.07.29 16:23:48.982,0.86365,0.86375,1.50,3.94
2013.07.29 16:23:50.112,0.86363,0.86374,3.38,3.19
2013.07.29 16:23:50.348,0.8637,0.86381,1.88,1.50
2013.07.29 16:23:50.898,0.86371,0.86383,1.50,3.19
2013.07.29 16:23:51.532,0.86363,0.86373,1.13,1.69
2013.07.29 16:23:52.079,0.86362,0.86372,2.48,2.25
2013.07.29 16:23:52.231,0.86371,0.86384,3.75,2.63
2013.07.29 16:23:54.391,0.86362,0.86372,2.25,1.88
2013.07.29 16:23:54.943,0.86363,0.86373,1.50,1.50
2013.07.29 16:23:55.163,0.86364,0.86373,3.75,1.13
2013.07.29 16:23:55.642,0.86363,0.86375,1.13,3.75
2013.07.29 16:23:57.321,0.86364,0.86375,2.63,1.69
2013.07.29 16:23:57.962,0.86364,0.86375,3.00,1.88
2013.07.29 16:23:58.622,0.86363,0.86375,3.38,1.50
2013.07.29 16:23:58.981,0.86364,0.86376,1.88,1.50
2013.07.29 16:23:59.760,0.86364,0.86376,3.19,2.44
2013.07.29 16:24:00.909,0.86372,0.86384,1.50,1.50
2013.07.29 16:24:01.324,0.86368,0.86378,3.19,1.50
2013.07.29 16:24:05.175,0.86368,0.86379,2.07,3.00
2013.07.29 16:24:06.729,0.86372,0.86384,1.50,2.25
2013.07.29 16:24:08.164,0.86369,0.86381,4.32,2.25
2013.07.29 16:24:08.472,0.86371,0.86381,3.38,1.13
2013.07.29 16:24:08.842,0.8637,0.86378,1.69,1.50
2013.07.29 16:24:08.963,0.86369,0.86378,1.88,2.44
2013.07.29 16:24:09.212,0.86368,0.86378,1.13,1.50
2013.07.29 16:24:09.279,0.86369,0.86377,1.69,1.50
2013.07.29 16:24:09.700,0.86367,0.86379,1.13,2.25
2013.07.29 16:24:09.774,0.86368,0.86381,2.07,2.25
2013.07.29 16:24:13.085,0.8637,0.86381,3.19,1.13
2013.07.29 16:24:18.684,0.86369,0.86381,2.63,3.75
2013.07.29 16:24:21.769,0.86372,0.86384,2.82,1.88
2013.07.29 16:24:22.429,0.86372,0.86386,6.57,2.25
2013.07.29 16:24:22.968,0.86374,0.86386,1.50,1.50
2013.07.29 16:24:23.219,0.86372,0.86385,3.94,3.38
2013.07.29 16:24:23.995,0.86369,0.8638,1.50,1.13
2013.07.29 16:24:24.199,0.86374,0.86385,1.13,4.50
2013.07.29 16:24:24.559,0.86376,0.86385,1.50,3.00
2013.07.29 16:24:24.738,0.86373,0.86385,1.69,3.00
2013.07.29 16:24:25.072,0.86369,0.86381,2.63,1.69
2013.07.29 16:24:25.245,0.86372,0.86385,3.57,3.00
2013.07.29 16:24:25.619,0.86373,0.86385,2.07,3.00
2013.07.29 16:24:25.979,0.86372,0.86385,4.32,3.00
2013.07.29 16:24:26.124,0.8637,0.86382,1.13,1.50
2013.07.29 16:24:28.534,0.86369,0.8638,2.44,2.25
2013.07.29 16:24:28.787,0.86368,0.8638,1.50,4.13
2013.07.29 16:24:29.630,0.86368,0.86379,1.69,3.57
2013.07.29 16:24:30.185,0.86369,0.8638,1.13,1.13
2013.07.29 16:24:30.861,0.86369,0.86378,1.50,2.44
2013.07.29 16:24:31.968,0.86372,0.86384,3.00,1.13
2013.07.29 16:24:32.508,0.86373,0.86386,1.13,1.69
2013.07.29 16:24:33.875,0.86368,0.86377,1.32,2.44
2013.07.29 16:24:34.346,0.86375,0.86387,1.50,3.98
2013.07.29 16:24:34.954,0.8637,0.86379,2.25,2.25
2013.07.29 16:24:35.408,0.86376,0.86387,1.69,2.25
2013.07.29 16:24:35.949,0.86376,0.86386,1.69,1.50
2013.07.29 16:24:36.902,0.86375,0.86386,1.69,1.50
2013.07.29 16:24:37.446,0.86375,0.86387,1.69,2.25
2013.07.29 16:24:37.723,0.8637,0.8638,2.63,3.00
2013.07.29 16:24:38.334,0.8637,0.86378,5.25,1.69
2013.07.29 16:24:38.453,0.86369,0.8638,1.50,3.75
2013.07.29 16:24:38.513,0.86369,0.8638,1.50,2.82
2013.07.29 16:24:41.139,0.86369,0.86381,2.85,3.94
2013.07.29 16:24:43.792,0.86374,0.86386,1.13,1.13
2013.07.29 16:24:43.873,0.86368,0.8638,2.44,2.44
2013.07.29 16:24:44.755,0.86369,0.86379,1.50,1.13
2013.07.29 16:24:45.294,0.86369,0.86381,2.25,1.88
2013.07.29 16:24:45.474,0.86369,0.86381,3.19,1.13
2013.07.29 16:24:45.774,0.86369,0.8638,1.50,1.50
2013.07.29 16:24:45.895,0.86368,0.8638,3.57,3.94
2013.07.29 16:24:46.015,0.86369,0.86379,1.50,1.73
2013.07.29 16:24:48.924,0.86369,0.8638,1.69,1.13
2013.07.29 16:24:49.344,0.8637,0.8638,2.25,1.88
2013.07.29 16:24:50.312,0.86373,0.86381,3.19,1.88
2013.07.29 16:24:50.630,0.86374,0.86386,1.88,1.88
2013.07.29 16:24:50.641,0.8637,0.8638,1.50,3.00
2013.07.29 16:24:51.004,0.8637,0.8638,2.25,1.50
2013.07.29 16:24:51.510,0.86374,0.86386,1.13,1.88
2013.07.29 16:24:52.201,0.86374,0.86386,1.13,1.88
2013.07.29 16:24:52.879,0.86369,0.86381,1.50,1.50
2013.07.29 16:24:56.245,0.86368,0.86381,3.00,1.88
2013.07.29 16:24:58.794,0.86368,0.86379,1.50,2.25
2013.07.29 16:24:58.859,0.86373,0.86382,1.50,1.13
2013.07.29 16:24:59.171,0.86372,0.86383,1.50,1.73
2013.07.29 16:24:59.555,0.86366,0.86378,2.25,1.50
2013.07.29 16:24:59.919,0.86372,0.86382,1.50,1.50
2013.07.29 16:25:00.512,0.8637,0.86383,3.00,3.00
2013.07.29 16:25:00.940,0.8637,0.86383,3.75,4.50
2013.07.29 16:25:02.500,0.86371,0.86382,1.50,3.00
2013.07.29 16:25:05.050,0.86372,0.86382,1.13,2.25
2013.07.29 16:25:06.050,0.86372,0.86383,1.13,1.50
2013.07.29 16:25:06.102,0.86365,0.86377,3.75,1.88
2013.07.29 16:25:06.410,0.86366,0.86378,2.25,1.50
2013.07.29 16:25:06.472,0.86368,0.86378,1.50,1.50
2013.07.29 16:25:07.414,0.86368,0.86379,2.63,3.19
2013.07.29 16:25:08.043,0.8637,0.86381,2.25,1.13
2013.07.29 16:25:08.933,0.86372,0.86382,1.50,2.25
2013.07.29 16:25:09.482,0.86374,0.86382,1.50,3.00
2013.07.29 16:25:09.784,0.86374,0.86383,1.50,3.00
2013.07.29 16:25:10.143,0.86375,0.86384,1.10,1.13
2013.07.29 16:25:10.203,0.86375,0.86386,1.32,1.50
2013.07.29 16:25:12.199,0.86372,0.86383,1.50,2.25
2013.07.29 16:25:13.083,0.86375,0.86386,3.75,3.00
2013.07.29 16:25:14.383,0.86375,0.86386,1.69,2.25
2013.07.29 16:25:15.059,0.86372,0.86383,1.88,2.63
2013.07.29 16:25:15.484,0.86375,0.86383,1.88,1.50
2013.07.29 16:25:16.043,0.86374,0.86383,1.13,1.50
2013.07.29 16:25:20.569,0.86371,0.86383,2.44,1.50
2013.07.29 16:25:21.108,0.86372,0.86383,1.50,3.00
2013.07.29 16:25:23.748,0.86372,0.86383,1.50,3.00
2013.07.29 16:25:26.728,0.86371,0.86383,2.25,2.25
2013.07.29 16:25:28.642,0.86371,0.86383,2.25,2.25
2013.07.29 16:25:29.383,0.86372,0.86381,6.75,1.69
2013.07.29 16:25:29.639,0.86371,0.86383,2.63,1.50
2013.07.29 16:25:29.999,0.86376,0.86384,1.50,1.50
2013.07.29 16:25:30.133,0.86372,0.86381,1.13,2.25
2013.07.29 16:25:30.178,0.86375,0.86384,3.00,1.50
2013.07.29 16:25:30.419,0.86375,0.86386,3.00,1.50
2013.07.29 16:25:30.614,0.86373,0.86383,1.50,3.19
2013.07.29 16:25:30.914,0.86375,0.86384,1.88,3.00
2013.07.29 16:25:31.092,0.86375,0.86386,2.63,1.13
2013.07.29 16:25:31.159,0.86378,0.86387,2.44,1.50
2013.07.29 16:25:31.523,0.8638,0.86389,1.88,1.50
2013.07.29 16:25:32.599,0.86375,0.86387,1.69,1.13
2013.07.29 16:25:33.138,0.86377,0.86387,1.13,1.13
2013.07.29 16:25:33.679,0.86377,0.86387,2.63,1.50
2013.07.29 16:25:34.100,0.86377,0.8639,3.38,2.25
2013.07.29 16:25:34.338,0.86379,0.86391,1.50,2.25
2013.07.29 16:25:34.702,0.86377,0.86391,5.25,1.88
2013.07.29 16:25:34.830,0.86378,0.8639,1.50,1.50
2013.07.29 16:25:35.415,0.86378,0.86391,1.13,3.00
2013.07.29 16:25:35.742,0.86382,0.86393,1.88,1.50
2013.07.29 16:25:36.290,0.86383,0.86393,1.50,1.13
2013.07.29 16:25:36.433,0.86379,0.86389,4.73,1.69
2013.07.29 16:25:37.443,0.86378,0.86386,1.50,1.50
2013.07.29 16:25:37.502,0.86374,0.86384,2.44,3.94
2013.07.29 16:25:37.928,0.86384,0.86395,1.50,2.25
2013.07.29 16:25:38.229,0.86382,0.86394,2.44,1.88
2013.07.29 16:25:38.483,0.86374,0.86383,2.63,2.82
2013.07.29 16:25:38.722,0.86373,0.86381,1.32,1.69
2013.07.29 16:25:38.788,0.86383,0.86394,1.69,1.88
2013.07.29 16:25:39.023,0.86371,0.86383,6.19,1.50
2013.07.29 16:25:39.351,0.86384,0.86397,1.88,2.82
2013.07.29 16:25:39.410,0.86386,0.86397,1.88,2.63
2013.07.29 16:25:39.591,0.86388,0.86398,1.13,2.25
2013.07.29 16:25:39.902,0.86387,0.86401,1.50,2.25
2013.07.29 16:25:40.449,0.86388,0.864,1.13,1.50
2013.07.29 16:25:40.652,0.86372,0.86383,3.38,2.25
2013.07.29 16:25:40.994,0.86387,0.864,3.75,1.13
2013.07.29 16:25:41.887,0.86389,0.864,1.50,1.13
2013.07.29 16:25:43.942,0.86371,0.86381,1.50,3.19
2013.07.29 16:25:45.235,0.86371,0.86383,1.69,1.69
2013.07.29 16:25:47.044,0.86373,0.86384,1.50,1.69
2013.07.29 16:25:47.581,0.86374,0.86385,1.69,2.63
2013.07.29 16:25:48.009,0.86388,0.86399,2.07,1.50
2013.07.29 16:25:48.193,0.86375,0.86386,2.44,1.13
2013.07.29 16:25:48.309,0.86387,0.86398,1.50,5.48
2013.07.29 16:25:48.369,0.86386,0.86397,2.63,2.25
2013.07.29 16:25:48.919,0.86386,0.86396,1.13,1.88
2013.07.29 16:25:49.548,0.86386,0.86396,2.63,1.13
2013.07.29 16:25:53.093,0.86377,0.86387,1.13,1.04
2013.07.29 16:25:53.811,0.86379,0.86389,2.82,4.32
2013.07.29 16:25:54.364,0.86377,0.86389,1.88,1.69
2013.07.29 16:25:54.423,0.86376,0.86388,1.69,1.69
2013.07.29 16:25:55.289,0.86386,0.86397,3.38,1.50
2013.07.29 16:25:55.374,0.86375,0.86386,1.50,1.13
2013.07.29 16:25:55.528,0.86387,0.86399,1.13,6.00
2013.07.29 16:25:55.888,0.86387,0.86398,1.88,1.88
2013.07.29 16:25:55.924,0.86373,0.86385,1.88,1.69
2013.07.29 16:25:56.043,0.86375,0.86386,1.50,3.38
2013.07.29 16:25:56.462,0.86376,0.86386,1.32,3.19
2013.07.29 16:25:56.655,0.86377,0.86388,2.44,3.57
2013.07.29 16:25:57.002,0.86376,0.86387,2.25,1.88
2013.07.29 16:25:57.243,0.86377,0.86388,1.13,1.50
2013.07.29 16:25:58.920,0.86387,0.86398,1.88,3.00
2013.07.29 16:25:59.084,0.86378,0.86389,1.50,2.07
2013.07.29 16:25:59.621,0.86379,0.86391,3.00,1.50
2013.07.29 16:26:00.814,0.86381,0.86393,1.69,2.44
2013.07.29 16:26:00.998,0.86381,0.8639,1.69,3.57
2013.07.29 16:26:01.608,0.86387,0.86398,1.88,2.25
2013.07.29 16:26:02.148,0.86387,0.86397,1.13,1.50
2013.07.29 16:26:02.728,0.86385,0.86397,3.38,1.50
2013.07.29 16:26:03.272,0.86386,0.86397,2.25,1.50
2013.07.29 16:26:03.999,0.86385,0.86397,4.13,2.25
2013.07.29 16:26:05.800,0.8638,0.86391,2.26,1.88
2013.07.29 16:26:06.328,0.86381,0.86392,1.50,1.50
2013.07.29 16:26:06.698,0.86385,0.86397,1.13,3.00
2013.07.29 16:26:07.244,0.86386,0.86397,1.50,2.25
2013.07.29 16:26:07.299,0.86379,0.86392,1.50,1.32
2013.07.29 16:26:07.750,0.86385,0.86396,1.13,2.25
2013.07.29 16:26:08.484,0.86381,0.86392,2.25,2.07
2013.07.29 16:26:09.719,0.8638,0.86392,1.13,2.25
2013.07.29 16:26:09.938,0.86385,0.86396,2.07,2.25
2013.07.29 16:26:12.276,0.86379,0.86393,1.69,1.13
2013.07.29 16:26:12.824,0.86379,0.86393,2.63,5.63
2013.07.29 16:26:13.008,0.86385,0.86397,2.07,2.25
2013.07.29 16:26:14.699,0.86386,0.86398,1.69,4.13
2013.07.29 16:26:14.867,0.8638,0.86392,4.13,1.50
2013.07.29 16:26:15.169,0.8638,0.8639,1.13,1.50
2013.07.29 16:26:15.249,0.86385,0.86397,3.57,1.50
2013.07.29 16:26:15.848,0.86385,0.86396,2.07,1.50
2013.07.29 16:26:17.858,0.8638,0.86391,6.23,1.88
2013.07.29 16:26:18.552,0.86386,0.86397,1.69,1.50
2013.07.29 16:26:18.979,0.86388,0.86398,1.50,2.25
2013.07.29 16:26:19.139,0.86381,0.86392,1.88,1.69
2013.07.29 16:26:19.258,0.8638,0.86392,3.00,3.38
2013.07.29 16:26:19.519,0.86388,0.864,1.50,4.32
2013.07.29 16:26:21.151,0.86388,0.864,1.50,4.13
2013.07.29 16:26:21.209,0.8638,0.86392,1.69,3.00
2013.07.29 16:26:21.689,0.86388,0.864,3.75,2.63
2013.07.29 16:26:21.749,0.8638,0.86392,1.50,2.82
2013.07.29 16:26:22.483,0.86388,0.86399,1.50,2.63
2013.07.29 16:26:23.038,0.86386,0.86396,2.44,1.50
2013.07.29 16:26:23.237,0.86381,0.86392,2.25,1.13
2013.07.29 16:26:23.628,0.86385,0.86396,1.50,1.50
2013.07.29 16:26:23.811,0.8638,0.86392,1.88,3.19
2013.07.29 16:26:24.631,0.86381,0.86392,1.50,2.44
2013.07.29 16:26:24.638,0.86386,0.86397,1.50,3.38
2013.07.29 16:26:25.179,0.86384,0.86397,3.00,5.63
2013.07.29 16:26:25.428,0.8638,0.86392,3.19,1.88
2013.07.29 16:26:25.998,0.86384,0.86396,1.69,1.88
2013.07.29 16:26:26.128,0.8638,0.86392,1.50,2.25
2013.07.29 16:26:26.518,0.86384,0.86397,1.69,5.63
2013.07.29 16:26:26.609,0.8638,0.86392,2.82,4.32
2013.07.29 16:26:26.727,0.86381,0.86392,5.82,1.69
2013.07.29 16:26:27.329,0.8638,0.86392,1.13,1.50
2013.07.29 16:26:27.759,0.86384,0.86397,1.69,4.88
2013.07.29 16:26:28.177,0.8638,0.86392,1.69,1.50
2013.07.29 16:26:28.358,0.86384,0.86397,1.69,4.88
2013.07.29 16:26:28.718,0.86381,0.86391,6.94,1.69
2013.07.29 16:26:29.031,0.86384,0.86395,1.69,1.13
2013.07.29 16:26:30.598,0.86384,0.86397,2.07,4.50
2013.07.29 16:26:30.718,0.86385,0.86397,2.44,2.25
2013.07.29 16:26:31.090,0.86385,0.86396,2.44,1.50
2013.07.29 16:26:31.151,0.86385,0.86395,1.69,1.13
2013.07.29 16:26:32.580,0.86384,0.86397,2.63,2.48
2013.07.29 16:26:32.700,0.86384,0.86397,2.63,2.85
2013.07.29 16:26:33.173,0.86387,0.86399,1.50,5.44
2013.07.29 16:26:33.246,0.86387,0.86397,1.50,1.13
2013.07.29 16:26:33.748,0.86386,0.86395,1.13,1.13
2013.07.29 16:26:34.182,0.86387,0.86397,1.88,1.50
2013.07.29 16:26:34.252,0.86387,0.86397,1.88,1.50
2013.07.29 16:26:34.607,0.8638,0.86392,1.69,3.19
2013.07.29 16:26:34.799,0.86387,0.86398,2.63,1.88
2013.07.29 16:26:35.411,0.86379,0.8639,1.50,1.50
2013.07.29 16:26:35.721,0.86387,0.86398,2.25,3.38
2013.07.29 16:26:35.755,0.86379,0.86392,3.38,1.50
2013.07.29 16:26:36.009,0.8638,0.86392,2.25,3.19
2013.07.29 16:26:36.229,0.86386,0.86397,1.50,1.50
2013.07.29 16:26:36.617,0.86381,0.86392,2.44,1.50
2013.07.29 16:26:36.745,0.8638,0.86392,0.75,0.75
2013.07.29 16:26:37.228,0.86381,0.86392,2.07,2.44
2013.07.29 16:26:37.778,0.86381,0.86391,1.50,1.69
2013.07.29 16:26:37.846,0.86381,0.86391,1.13,1.50
2013.07.29 16:26:37.967,0.86381,0.86391,2.25,2.25
2013.07.29 16:26:38.628,0.86382,0.86391,1.69,1.69
2013.07.29 16:26:38.688,0.8638,0.8639,1.88,1.69
2013.07.29 16:26:39.109,0.8638,0.8639,1.50,2.25
2013.07.29 16:26:39.410,0.86382,0.86391,1.88,1.13
2013.07.29 16:26:39.849,0.86387,0.86398,1.13,3.75
2013.07.29 16:26:40.389,0.86388,0.86398,1.50,1.88
2013.07.29 16:26:40.512,0.86387,0.86398,1.50,3.23
2013.07.29 16:26:40.579,0.86387,0.86398,1.50,3.23
2013.07.29 16:26:41.120,0.86387,0.86398,3.00,2.63
2013.07.29 16:26:41.768,0.86381,0.86391,1.50,2.25
2013.07.29 16:26:41.888,0.8638,0.86392,1.69,2.44
2013.07.29 16:26:42.427,0.86381,0.86392,2.25,2.25
2013.07.29 16:26:42.727,0.8638,0.86391,2.25,3.00
2013.07.29 16:26:45.248,0.86387,0.86398,2.25,2.63
2013.07.29 16:26:46.329,0.86386,0.86398,1.88,2.63
2013.07.29 16:26:46.499,0.86381,0.86392,1.50,2.25
2013.07.29 16:26:46.869,0.86385,0.86397,1.88,1.13
2013.07.29 16:26:47.278,0.8638,0.86391,2.85,1.50
2013.07.29 16:26:47.668,0.86386,0.86398,2.63,1.50
2013.07.29 16:26:47.729,0.8638,0.86392,3.38,2.63
2013.07.29 16:26:48.269,0.86381,0.86392,1.50,2.10
2013.07.29 16:26:49.675,0.86388,0.86399,3.38,2.07
2013.07.29 16:26:52.829,0.86381,0.86392,2.25,1.50
2013.07.29 16:26:53.377,0.8638,0.86391,3.19,2.44
2013.07.29 16:26:53.445,0.8638,0.86391,1.50,1.50
2013.07.29 16:26:53.747,0.8638,0.86392,1.69,1.50
2013.07.29 16:26:54.499,0.8638,0.86391,2.63,2.25
2013.07.29 16:26:55.660,0.86388,0.86399,2.63,1.88
2013.07.29 16:26:56.199,0.8638,0.86392,1.50,1.50
2013.07.29 16:26:57.429,0.8638,0.86392,1.50,1.50
2013.07.29 16:26:57.609,0.8638,0.86392,1.50,3.00
2013.07.29 16:26:59.128,0.86383,0.86393,1.50,1.88
2013.07.29 16:27:00.009,0.86383,0.86393,1.69,1.69
2013.07.29 16:27:00.579,0.86381,0.86392,5.44,1.88
2013.07.29 16:27:01.119,0.86381,0.86393,2.82,3.57
2013.07.29 16:27:01.657,0.8638,0.8639,2.25,3.00
2013.07.29 16:27:01.778,0.86388,0.86399,2.63,1.50
2013.07.29 16:27:02.598,0.86388,0.86398,2.63,1.50
2013.07.29 16:27:05.329,0.86388,0.86398,1.50,4.50
2013.07.29 16:27:05.509,0.86384,0.86396,2.63,1.13
2013.07.29 16:27:06.050,0.86383,0.86394,2.25,1.88
2013.07.29 16:27:06.109,0.86383,0.86394,2.25,2.63
2013.07.29 16:27:07.988,0.8638,0.86389,2.07,2.44
2013.07.29 16:27:09.359,0.8638,0.8639,3.38,1.13
2013.07.29 16:27:09.419,0.8638,0.8639,1.50,2.07
2013.07.29 16:27:09.719,0.86379,0.86388,3.57,1.69
2013.07.29 16:27:10.138,0.86379,0.86388,4.99,2.25
2013.07.29 16:27:10.679,0.8638,0.86389,1.88,1.50
2013.07.29 16:27:11.248,0.86381,0.8639,1.50,1.50
2013.07.29 16:27:13.638,0.8638,0.8639,1.32,2.07
2013.07.29 16:27:14.186,0.86377,0.86389,1.50,1.50
2013.07.29 16:27:14.258,0.86378,0.8639,1.50,1.50
2013.07.29 16:27:15.841,0.86383,0.86392,1.50,1.88
2013.07.29 16:27:15.934,0.8638,0.86391,2.82,2.44
2013.07.29 16:27:15.972,0.86379,0.8639,4.88,1.50
2013.07.29 16:27:16.158,0.86379,0.8639,1.13,1.50
2013.07.29 16:27:16.679,0.86379,0.8639,1.13,2.25
2013.07.29 16:27:17.229,0.8638,0.86391,1.50,2.44
2013.07.29 16:27:18.946,0.86379,0.8639,1.69,1.50
2013.07.29 16:27:19.549,0.86378,0.86389,2.07,1.69
2013.07.29 16:27:20.089,0.86377,0.86387,2.25,1.69
2013.07.29 16:27:20.628,0.86376,0.86387,1.50,1.13
2013.07.29 16:27:21.048,0.86376,0.86386,1.50,2.63
2013.07.29 16:27:22.475,0.86379,0.8639,1.88,2.25
2013.07.29 16:27:22.887,0.86375,0.86388,1.88,1.50
2013.07.29 16:27:23.008,0.86379,0.8639,1.88,1.50
2013.07.29 16:27:23.340,0.8638,0.8639,1.13,1.13
2013.07.29 16:27:23.579,0.86381,0.86393,1.50,1.88
2013.07.29 16:27:23.977,0.86377,0.86389,3.94,1.50
2013.07.29 16:27:24.118,0.86381,0.86392,1.50,1.50
2013.07.29 16:27:24.523,0.86379,0.86391,3.00,2.07
2013.07.29 16:27:26.207,0.8638,0.86391,1.50,0.38
2013.07.29 16:27:26.388,0.86381,0.86393,2.25,1.50
2013.07.29 16:27:27.149,0.86378,0.86391,1.50,1.69
2013.07.29 16:27:27.698,0.86379,0.86392,3.75,2.44
2013.07.29 16:27:27.998,0.86377,0.8639,1.69,1.50
2013.07.29 16:27:28.308,0.86383,0.86394,1.88,1.50
2013.07.29 16:27:28.359,0.86377,0.86389,1.50,3.38
2013.07.29 16:27:30.939,0.86377,0.86389,1.50,1.13
2013.07.29 16:27:31.169,0.86384,0.86394,1.13,1.50
2013.07.29 16:27:31.409,0.86384,0.86396,1.88,3.00
2013.07.29 16:27:32.738,0.86377,0.86388,1.69,1.50
2013.07.29 16:27:33.779,0.86383,0.86396,3.38,3.75
2013.07.29 16:27:34.082,0.86387,0.86396,2.25,1.50
2013.07.29 16:27:34.211,0.86388,0.864,1.13,2.25
2013.07.29 16:27:34.509,0.86388,0.86399,1.88,1.50
2013.07.29 16:27:34.696,0.86378,0.86389,3.00,3.00
2013.07.29 16:27:35.179,0.86377,0.86389,3.98,2.44
2013.07.29 16:27:35.478,0.86377,0.86386,2.25,1.50
2013.07.29 16:27:36.149,0.86391,0.86401,1.50,3.00
2013.07.29 16:27:36.205,0.86378,0.86387,2.25,1.50
2013.07.29 16:27:36.695,0.86391,0.86401,1.50,1.50
2013.07.29 16:27:36.778,0.86379,0.86388,2.63,1.50
2013.07.29 16:27:37.249,0.86391,0.86401,1.50,1.50
2013.07.29 16:27:37.498,0.86379,0.86387,1.88,2.07
2013.07.29 16:27:37.686,0.86378,0.86384,2.25,2.25
2013.07.29 16:27:38.187,0.86377,0.86386,1.13,3.00
2013.07.29 16:27:38.247,0.86378,0.86388,1.69,1.13
2013.07.29 16:27:38.437,0.86379,0.86389,1.69,1.32
2013.07.29 16:27:39.539,0.86379,0.86389,1.50,1.50
2013.07.29 16:27:40.045,0.86378,0.86389,1.50,1.50
2013.07.29 16:27:41.806,0.86379,0.86389,1.13,1.69
2013.07.29 16:27:42.348,0.86379,0.86389,1.13,3.94
2013.07.29 16:27:42.715,0.86381,0.8639,3.19,3.57
2013.07.29 16:27:42.911,0.86382,0.86391,4.17,2.82
2013.07.29 16:27:43.116,0.86382,0.86392,1.32,1.13
2013.07.29 16:27:43.201,0.86391,0.86401,1.50,2.25
2013.07.29 16:27:43.458,0.8638,0.86392,1.50,1.69
2013.07.29 16:27:43.748,0.86391,0.86401,1.50,3.38
2013.07.29 16:27:43.818,0.86382,0.86392,2.44,1.69
2013.07.29 16:27:44.289,0.86391,0.86402,1.88,3.00
2013.07.29 16:27:45.408,0.86391,0.86402,1.88,1.50
2013.07.29 16:27:46.977,0.86383,0.86391,1.50,1.13
2013.07.29 16:27:47.535,0.86383,0.8639,1.13,3.75
2013.07.29 16:27:48.077,0.8638,0.86389,1.88,1.69
2013.07.29 16:27:48.437,0.86379,0.86389,1.88,1.50
2013.07.29 16:27:48.504,0.86377,0.86389,1.50,1.69
2013.07.29 16:27:48.576,0.86378,0.86386,1.79,1.50
2013.07.29 16:27:48.705,0.86377,0.86385,1.69,1.13
2013.07.29 16:27:55.139,0.86379,0.86389,4.32,1.50
2013.07.29 16:27:55.378,0.86383,0.86391,2.25,2.25
2013.07.29 16:27:56.039,0.86386,0.86394,1.69,1.69
2013.07.29 16:27:56.778,0.86391,0.86403,1.88,3.00
2013.07.29 16:27:59.689,0.86393,0.86404,1.50,2.44
2013.07.29 16:27:59.749,0.86393,0.86404,1.50,2.44
2013.07.29 16:28:03.862,0.86389,0.86397,1.50,2.25
2013.07.29 16:28:04.434,0.8639,0.86399,3.19,4.32
2013.07.29 16:28:04.976,0.86391,0.864,2.07,1.50
2013.07.29 16:28:06.045,0.86391,0.86401,6.23,2.63
2013.07.29 16:28:06.585,0.8639,0.864,1.50,1.69
2013.07.29 16:28:06.834,0.8639,0.86402,1.69,2.07
2013.07.29 16:28:07.536,0.8639,0.86402,2.44,1.50
2013.07.29 16:28:08.076,0.8639,0.86402,1.50,1.50
2013.07.29 16:28:08.616,0.8639,0.86401,1.50,1.13
2013.07.29 16:28:09.035,0.86392,0.864,1.50,1.35
2013.07.29 16:28:12.355,0.86394,0.86399,2.63,1.88
2013.07.29 16:28:16.582,0.86391,0.86399,3.00,2.63
2013.07.29 16:28:16.904,0.86391,0.86399,5.07,2.44
2013.07.29 16:28:16.965,0.86392,0.864,1.88,2.25
2013.07.29 16:28:17.145,0.86392,0.86398,2.44,1.50
2013.07.29 16:28:17.509,0.86391,0.86397,1.50,1.13
2013.07.29 16:28:18.846,0.8639,0.86397,1.50,5.63
2013.07.29 16:28:19.085,0.86392,0.86397,1.50,3.19
2013.07.29 16:28:20.224,0.86392,0.864,1.50,3.75
2013.07.29 16:28:20.585,0.86391,0.864,1.50,1.50
2013.07.29 16:28:21.006,0.8639,0.86402,1.50,1.13
2013.07.29 16:28:21.626,0.8639,0.86402,2.25,1.50
2013.07.29 16:28:24.145,0.86392,0.86401,3.00,2.07
2013.07.29 16:28:25.305,0.86393,0.864,4.50,2.44
2013.07.29 16:28:25.664,0.86392,0.86401,1.50,3.75
2013.07.29 16:28:25.845,0.8639,0.864,1.80,1.88
2013.07.29 16:28:26.026,0.8639,0.86399,1.13,2.25
2013.07.29 16:28:28.329,0.86393,0.86404,1.13,1.50
2013.07.29 16:28:29.155,0.86391,0.86401,2.44,1.13
2013.07.29 16:28:29.276,0.86391,0.86401,1.88,1.50
2013.07.29 16:28:33.245,0.86391,0.864,3.19,2.82
2013.07.29 16:28:33.773,0.8639,0.86399,1.69,3.57
2013.07.29 16:28:34.086,0.86391,0.864,2.44,2.25
2013.07.29 16:28:34.809,0.86392,0.86405,4.69,1.13
2013.07.29 16:28:34.929,0.86394,0.86405,1.50,1.13
2013.07.29 16:28:35.470,0.86396,0.86406,1.50,2.63
2013.07.29 16:28:35.774,0.86396,0.86406,1.50,3.38
2013.07.29 16:28:35.904,0.86396,0.86406,1.50,3.38
2013.07.29 16:28:36.092,0.86395,0.86406,1.50,2.63
2013.07.29 16:28:36.339,0.86396,0.86406,1.50,1.88
2013.07.29 16:28:36.844,0.86396,0.86406,1.50,2.63
2013.07.29 16:28:37.096,0.86391,0.86401,1.50,1.50
2013.07.29 16:28:37.635,0.86393,0.86401,1.13,2.25
2013.07.29 16:28:37.756,0.86395,0.864,3.00,3.38
2013.07.29 16:28:37.960,0.86396,0.86406,1.50,2.63
2013.07.29 16:28:38.445,0.86392,0.86401,3.75,2.25
2013.07.29 16:28:38.811,0.86396,0.86405,1.50,3.75
2013.07.29 16:28:40.753,0.86391,0.86401,1.13,1.69
2013.07.29 16:28:41.021,0.86396,0.86404,1.50,1.50
2013.07.29 16:28:41.201,0.86392,0.86404,2.25,1.50
2013.07.29 16:28:41.236,0.8639,0.86401,2.25,3.00
2013.07.29 16:28:41.380,0.86392,0.86404,1.50,3.75
2013.07.29 16:28:41.499,0.86392,0.86404,1.50,3.75
2013.07.29 16:28:41.535,0.8639,0.86401,1.13,2.07
2013.07.29 16:28:41.715,0.8639,0.86402,2.25,1.50
2013.07.29 16:28:42.256,0.8639,0.86402,1.69,1.50
2013.07.29 16:28:42.796,0.8639,0.86401,1.69,3.57
2013.07.29 16:28:43.335,0.86391,0.86401,3.00,1.13
2013.07.29 16:28:43.875,0.8639,0.86401,2.07,2.63
2013.07.29 16:28:43.995,0.8639,0.86401,3.19,1.13
2013.07.29 16:28:44.235,0.86391,0.864,1.50,1.50
2013.07.29 16:28:44.786,0.86391,0.86401,1.50,2.44
2013.07.29 16:28:45.266,0.86392,0.86401,2.59,1.99
2013.07.29 16:28:45.624,0.8639,0.864,5.07,2.07
2013.07.29 16:28:46.134,0.86391,0.86401,2.44,2.44
2013.07.29 16:28:46.479,0.8639,0.864,2.25,1.50
2013.07.29 16:28:47.015,0.8639,0.864,2.25,2.25
2013.07.29 16:28:47.315,0.8639,0.86401,1.50,4.88
2013.07.29 16:28:47.374,0.86391,0.86401,1.69,1.13
2013.07.29 16:28:51.217,0.86391,0.86401,2.82,1.88
2013.07.29 16:28:51.632,0.86393,0.86405,2.25,2.25
2013.07.29 16:28:51.692,0.86394,0.86406,1.50,3.00
2013.07.29 16:28:53.176,0.86391,0.86401,2.82,2.25
2013.07.29 16:28:53.796,0.86391,0.86401,2.63,1.50
2013.07.29 16:28:54.575,0.86391,0.86401,2.63,1.13
2013.07.29 16:28:56.696,0.86391,0.86401,1.69,3.75
2013.07.29 16:28:57.242,0.8639,0.86401,3.00,3.19
2013.07.29 16:28:57.786,0.8639,0.86402,1.88,1.88
2013.07.29 16:28:57.971,0.8639,0.86401,3.00,2.63
2013.07.29 16:28:58.429,0.86391,0.86401,1.50,2.82
2013.07.29 16:28:59.106,0.86391,0.86401,2.63,3.75
2013.07.29 16:28:59.725,0.86389,0.86399,2.44,1.88
2013.07.29 16:29:00.893,0.86389,0.86401,2.25,2.44
2013.07.29 16:29:01.077,0.8639,0.86402,1.69,1.69
2013.07.29 16:29:01.435,0.86391,0.86402,1.13,1.50
2013.07.29 16:29:06.053,0.8639,0.86401,5.44,3.94
2013.07.29 16:29:07.704,0.86391,0.86402,1.50,1.50
2013.07.29 16:29:08.356,0.86391,0.86402,1.88,2.07
2013.07.29 16:29:08.536,0.86391,0.86401,1.50,3.00
2013.07.29 16:29:08.896,0.8639,0.864,1.13,3.00
2013.07.29 16:29:08.963,0.86389,0.86403,2.63,1.50
2013.07.29 16:29:09.515,0.8639,0.86402,1.13,1.50
2013.07.29 16:29:11.425,0.86393,0.86402,1.13,1.13
2013.07.29 16:29:12.153,0.86391,0.86402,1.50,1.88
2013.07.29 16:29:12.396,0.86391,0.864,1.13,3.00
2013.07.29 16:29:12.726,0.8639,0.86399,1.50,1.88
2013.07.29 16:29:12.999,0.86395,0.86406,2.25,1.50
2013.07.29 16:29:13.694,0.86389,0.86402,1.13,1.50
2013.07.29 16:29:14.415,0.86391,0.86402,2.44,1.50
2013.07.29 16:29:14.654,0.8639,0.864,3.94,1.50
2013.07.29 16:29:15.315,0.8639,0.86402,1.32,2.63
2013.07.29 16:29:15.825,0.8639,0.86402,2.25,3.57
2013.07.29 16:29:17.338,0.86392,0.86402,1.50,1.50
2013.07.29 16:29:17.714,0.8639,0.86402,1.13,1.50
2013.07.29 16:29:18.239,0.86391,0.864,3.19,2.82
2013.07.29 16:29:18.610,0.86391,0.86401,3.19,4.13
2013.07.29 16:29:18.677,0.86392,0.86402,1.50,1.13
2013.07.29 16:29:18.987,0.8639,0.86402,2.07,3.94
2013.07.29 16:29:19.116,0.86391,0.86402,4.92,1.50
2013.07.29 16:29:19.595,0.86391,0.86401,1.69,2.07
2013.07.29 16:29:19.716,0.86391,0.86401,1.88,2.63
2013.07.29 16:29:20.219,0.86395,0.86408,4.50,3.19
2013.07.29 16:29:21.537,0.86391,0.86401,2.63,1.50
2013.07.29 16:29:23.366,0.8639,0.86401,3.19,2.07
2013.07.29 16:29:24.136,0.86391,0.86402,5.07,1.69
2013.07.29 16:29:25.116,0.86391,0.86403,2.63,1.50
2013.07.29 16:29:25.674,0.86391,0.86401,2.44,1.69
2013.07.29 16:29:35.066,0.8639,0.86399,1.88,1.13
2013.07.29 16:29:35.606,0.8639,0.86399,2.25,3.00
2013.07.29 16:29:36.552,0.86391,0.86399,1.13,2.63
2013.07.29 16:29:36.995,0.86392,0.86401,1.69,1.69
2013.07.29 16:29:37.535,0.8639,0.864,1.50,1.13
2013.07.29 16:29:38.375,0.86393,0.86399,1.69,1.50
2013.07.29 16:29:38.436,0.86393,0.864,1.50,2.45
2013.07.29 16:29:38.496,0.86393,0.864,3.00,1.50
2013.07.29 16:29:38.856,0.86394,0.864,1.50,2.44
2013.07.29 16:29:39.215,0.86392,0.86402,2.63,1.50
2013.07.29 16:29:39.703,0.86392,0.86402,1.88,3.38
2013.07.29 16:29:41.015,0.8639,0.86402,1.50,1.50
2013.07.29 16:29:42.165,0.86391,0.86402,1.88,1.52
2013.07.29 16:29:42.354,0.8639,0.864,1.88,3.19
2013.07.29 16:29:42.483,0.8639,0.86401,1.69,1.88
2013.07.29 16:29:44.041,0.8639,0.86402,1.69,1.32
2013.07.29 16:29:44.985,0.8639,0.86402,2.25,2.07
2013.07.29 16:29:45.664,0.86391,0.86402,2.44,2.25
2013.07.29 16:29:46.093,0.8639,0.86402,1.88,1.88
2013.07.29 16:29:46.225,0.86392,0.86402,2.67,3.19
2013.07.29 16:29:46.765,0.86391,0.86402,1.50,1.50
2013.07.29 16:29:47.320,0.8639,0.86401,1.69,1.50
2013.07.29 16:29:47.682,0.86397,0.86406,1.88,1.50
2013.07.29 16:29:48.093,0.8639,0.86402,3.57,1.32
2013.07.29 16:29:48.219,0.86397,0.86406,1.50,1.50
2013.07.29 16:29:48.656,0.8639,0.86402,2.25,1.13
2013.07.29 16:29:48.778,0.86395,0.86406,2.44,1.50
2013.07.29 16:29:49.359,0.86395,0.86406,2.44,3.00
2013.07.29 16:29:49.376,0.8639,0.86402,1.50,5.44
2013.07.29 16:29:50.042,0.8639,0.86402,1.32,2.63
2013.07.29 16:29:50.338,0.86395,0.86408,3.19,1.50
2013.07.29 16:29:50.591,0.86391,0.86402,1.88,1.50
2013.07.29 16:29:51.025,0.8639,0.86402,2.25,3.94
2013.07.29 16:29:51.565,0.86391,0.86401,1.50,1.50
2013.07.29 16:29:52.015,0.86391,0.86401,1.50,1.13
2013.07.29 16:29:52.563,0.86389,0.86399,1.50,2.44
2013.07.29 16:29:52.685,0.86391,0.864,1.69,1.50
2013.07.29 16:29:53.225,0.8639,0.864,1.69,3.00
2013.07.29 16:29:54.436,0.8639,0.864,2.07,1.69
2013.07.29 16:29:55.038,0.86396,0.86408,1.69,1.50
2013.07.29 16:29:55.726,0.86392,0.86401,2.44,5.82
2013.07.29 16:29:57.328,0.86392,0.86401,4.13,1.50
2013.07.29 16:29:57.399,0.86395,0.864,1.50,5.82
2013.07.29 16:29:57.477,0.86391,0.86403,1.50,3.19
2013.07.29 16:29:57.673,0.86392,0.86402,4.54,4.88
2013.07.29 16:29:58.155,0.86391,0.86402,2.07,2.44
2013.07.29 16:29:58.294,0.86391,0.86402,1.69,2.07
2013.07.29 16:29:58.376,0.8639,0.86401,1.50,1.69
2013.07.29 16:29:59.026,0.8639,0.86401,2.44,1.13
2013.07.29 16:30:00.130,0.8639,0.86401,2.25,4.88
2013.07.29 16:30:01.919,0.86396,0.86408,2.44,2.63
2013.07.29 16:30:02.232,0.86391,0.86402,2.25,1.13
2013.07.29 16:30:02.771,0.86391,0.86401,2.07,3.19
2013.07.29 16:30:03.072,0.86392,0.86401,1.88,1.50
2013.07.29 16:30:04.552,0.86392,0.86402,1.32,1.50
2013.07.29 16:30:04.731,0.86396,0.86408,4.88,1.50
2013.07.29 16:30:05.092,0.86391,0.864,2.25,1.13
2013.07.29 16:30:05.632,0.86391,0.864,3.38,1.92
2013.07.29 16:30:05.859,0.86398,0.86409,1.50,1.50
2013.07.29 16:30:06.399,0.86399,0.8641,1.13,1.88
2013.07.29 16:30:06.669,0.86393,0.86401,1.69,5.25
2013.07.29 16:30:07.212,0.86392,0.86401,1.50,2.44
2013.07.29 16:30:07.750,0.86392,0.864,1.50,2.44
2013.07.29 16:30:07.992,0.86398,0.86409,1.13,1.13
2013.07.29 16:30:08.300,0.86398,0.86407,1.13,1.50
2013.07.29 16:30:09.931,0.86391,0.864,1.13,3.19
2013.07.29 16:30:10.532,0.86389,0.86398,3.75,1.13
2013.07.29 16:30:16.622,0.86391,0.864,2.07,2.44
2013.07.29 16:30:17.161,0.86389,0.86398,1.50,1.50
2013.07.29 16:30:20.698,0.86397,0.86408,1.50,1.88
2013.07.29 16:30:21.872,0.8639,0.86399,1.50,1.13
2013.07.29 16:30:22.802,0.86392,0.86401,2.07,2.44
2013.07.29 16:30:22.829,0.86396,0.86408,1.50,1.88
2013.07.29 16:30:23.342,0.86391,0.86402,2.07,1.50
2013.07.29 16:30:23.539,0.86395,0.86408,3.57,1.88
2013.07.29 16:30:25.793,0.8639,0.86401,1.69,1.50
2013.07.29 16:30:29.989,0.86391,0.86402,1.32,1.69
2013.07.29 16:30:40.523,0.86392,0.86403,1.50,2.44
2013.07.29 16:30:41.061,0.86393,0.86403,1.50,1.50
2013.07.29 16:30:41.282,0.86395,0.86409,4.32,2.25
2013.07.29 16:30:41.412,0.86395,0.86407,1.32,1.13
2013.07.29 16:30:41.601,0.86393,0.86403,1.32,1.50
2013.07.29 16:30:41.953,0.86396,0.86407,1.88,1.50
2013.07.29 16:30:41.962,0.86391,0.86402,1.50,1.69
2013.07.29 16:30:42.505,0.86392,0.86402,2.82,1.69
2013.07.29 16:30:44.069,0.86396,0.86407,1.50,2.07
2013.07.29 16:30:45.429,0.86394,0.86406,2.07,1.88
2013.07.29 16:30:45.563,0.8639,0.86402,2.25,1.50
2013.07.29 16:30:45.970,0.86393,0.86405,3.19,2.25
2013.07.29 16:30:46.070,0.8639,0.86403,1.32,3.75
2013.07.29 16:30:46.139,0.8639,0.86403,1.50,3.19
2013.07.29 16:30:48.039,0.86393,0.86405,3.19,3.00
2013.07.29 16:30:48.579,0.86393,0.86404,1.50,2.25
2013.07.29 16:30:50.412,0.86392,0.86403,1.50,1.32
2013.07.29 16:30:50.952,0.86392,0.86402,2.25,1.69
2013.07.29 16:30:51.498,0.86392,0.86402,1.50,1.50
2013.07.29 16:30:52.972,0.86391,0.864,1.13,1.50
2013.07.29 16:30:57.956,0.86391,0.86401,1.32,1.13
2013.07.29 16:30:58.468,0.86391,0.86401,3.38,1.32
2013.07.29 16:30:58.658,0.86391,0.86401,1.13,1.50
2013.07.29 16:30:58.780,0.86389,0.86399,1.13,1.50
2013.07.29 16:31:01.866,0.8639,0.864,1.50,5.44
2013.07.29 16:31:02.595,0.86392,0.86401,2.25,2.63
2013.07.29 16:31:03.126,0.86393,0.86403,1.13,3.19
2013.07.29 16:31:04.246,0.86393,0.86403,1.69,1.88
2013.07.29 16:31:04.634,0.86394,0.86403,2.25,1.50
2013.07.29 16:31:06.216,0.86393,0.86402,1.50,1.50
2013.07.29 16:31:08.724,0.86394,0.86403,2.44,4.32
2013.07.29 16:31:09.702,0.86393,0.86404,1.50,1.50
2013.07.29 16:31:10.145,0.86392,0.86403,1.13,1.69
2013.07.29 16:31:10.648,0.86393,0.86402,1.50,1.13
2013.07.29 16:31:11.185,0.86391,0.86402,3.00,2.44
2013.07.29 16:31:12.462,0.86393,0.86405,1.69,1.50
2013.07.29 16:31:12.975,0.86394,0.86405,1.50,1.50
2013.07.29 16:31:13.429,0.86394,0.86404,1.50,1.13
2013.07.29 16:31:13.969,0.86394,0.86405,1.50,2.63
2013.07.29 16:31:14.509,0.86394,0.86405,1.50,1.88
2013.07.29 16:31:14.929,0.86396,0.86408,3.38,1.88
2013.07.29 16:31:15.169,0.86398,0.86409,1.50,1.50
2013.07.29 16:31:15.489,0.86398,0.86411,3.00,4.32
2013.07.29 16:31:15.909,0.864,0.86412,3.38,1.13
2013.07.29 16:31:16.509,0.86401,0.86412,1.50,1.13
2013.07.29 16:31:18.365,0.86391,0.86402,1.13,3.19
2013.07.29 16:31:18.612,0.864,0.86413,3.00,2.63
2013.07.29 16:31:18.965,0.86389,0.864,3.38,2.82
2013.07.29 16:31:19.085,0.86391,0.86402,3.04,1.50
2013.07.29 16:31:20.375,0.86393,0.86403,1.11,3.19
2013.07.29 16:31:20.915,0.86393,0.86404,1.13,1.50
2013.07.29 16:31:21.155,0.86393,0.86402,1.50,1.88
2013.07.29 16:31:21.395,0.86392,0.864,1.50,2.25
2013.07.29 16:31:25.884,0.86393,0.86403,1.88,1.69
2013.07.29 16:31:26.349,0.864,0.8641,1.69,1.13
2013.07.29 16:31:27.105,0.86394,0.86404,3.19,2.25
2013.07.29 16:31:27.655,0.86395,0.86403,2.25,1.13
2013.07.29 16:31:28.195,0.86394,0.86401,1.50,1.88
2013.07.29 16:31:28.230,0.86398,0.8641,3.94,1.13
2013.07.29 16:31:28.563,0.86393,0.86401,2.44,6.57
2013.07.29 16:31:28.865,0.8639,0.86401,4.13,1.13
2013.07.29 16:31:29.301,0.86398,0.8641,2.44,1.13
2013.07.29 16:31:30.155,0.86391,0.86402,2.07,1.13
2013.07.29 16:31:30.696,0.86392,0.86402,1.50,4.17
2013.07.29 16:31:31.235,0.86393,0.86403,3.94,1.13
2013.07.29 16:31:31.775,0.86393,0.86403,3.75,2.25
2013.07.29 16:31:33.105,0.86393,0.86403,1.50,1.50
2013.07.29 16:31:33.625,0.86393,0.86402,2.44,1.13
2013.07.29 16:31:33.749,0.86397,0.86409,2.82,1.13
2013.07.29 16:31:34.165,0.86395,0.86403,1.50,1.50
2013.07.29 16:31:34.405,0.86393,0.86405,1.50,2.25
2013.07.29 16:31:34.430,0.86397,0.8641,2.82,2.63
2013.07.29 16:31:35.764,0.86393,0.86404,1.50,1.50
2013.07.29 16:31:36.125,0.86393,0.86404,2.44,1.50
2013.07.29 16:31:36.604,0.86394,0.86404,1.13,1.50
2013.07.29 16:31:36.725,0.86393,0.86403,3.00,1.50
2013.07.29 16:31:37.785,0.86393,0.86404,2.44,2.82
2013.07.29 16:31:38.324,0.86392,0.86403,1.13,1.50
2013.07.29 16:31:38.865,0.86392,0.86402,3.57,1.50
2013.07.29 16:31:39.405,0.86393,0.86404,1.50,3.19
2013.07.29 16:31:39.953,0.86393,0.86403,1.13,1.13
2013.07.29 16:31:40.315,0.86394,0.86402,3.19,1.50
2013.07.29 16:31:40.858,0.86393,0.86402,2.25,1.50
2013.07.29 16:31:41.324,0.86391,0.86404,2.25,1.88
2013.07.29 16:31:41.564,0.86392,0.86404,1.88,1.50
2013.07.29 16:31:41.822,0.86392,0.86405,1.50,3.00
2013.07.29 16:31:41.885,0.86391,0.86403,3.38,2.44
2013.07.29 16:31:42.356,0.86393,0.86404,2.25,1.69
2013.07.29 16:31:42.894,0.86393,0.86402,1.69,1.50
2013.07.29 16:31:43.195,0.86392,0.86403,1.13,5.44
2013.07.29 16:31:43.376,0.86391,0.86403,1.50,3.75
2013.07.29 16:31:43.614,0.86391,0.86403,1.13,1.50
2013.07.29 16:31:44.011,0.86398,0.8641,2.63,1.88
2013.07.29 16:31:44.035,0.86391,0.86401,3.38,4.69
2013.07.29 16:31:44.575,0.86391,0.86402,2.25,2.25
2013.07.29 16:31:44.695,0.8639,0.86402,2.82,1.13
2013.07.29 16:31:44.814,0.86391,0.86401,1.50,1.50
2013.07.29 16:31:44.875,0.86392,0.86402,1.13,1.50
2013.07.29 16:31:45.235,0.86393,0.86402,1.50,1.50
2013.07.29 16:31:45.781,0.86395,0.86402,2.25,2.63
2013.07.29 16:31:46.025,0.86394,0.86401,2.25,2.44
2013.07.29 16:31:46.145,0.86392,0.864,1.88,1.50
2013.07.29 16:31:47.425,0.8639,0.86401,1.50,3.94
2013.07.29 16:31:47.662,0.86391,0.86403,1.50,1.13
2013.07.29 16:31:47.852,0.86393,0.86404,2.25,3.38
2013.07.29 16:31:49.484,0.86394,0.86405,1.50,2.25
2013.07.29 16:31:49.785,0.86393,0.86403,1.13,1.88
2013.07.29 16:31:51.719,0.86397,0.8641,3.57,1.88
2013.07.29 16:31:53.605,0.86391,0.86404,2.63,1.50
2013.07.29 16:31:54.112,0.86393,0.86404,1.50,1.50
2013.07.29 16:31:54.545,0.86394,0.86405,1.50,3.57
2013.07.29 16:31:54.792,0.86391,0.86405,1.88,1.69
2013.07.29 16:31:55.042,0.86392,0.86403,2.25,2.25
2013.07.29 16:31:55.288,0.86392,0.86404,2.82,2.25
2013.07.29 16:31:55.416,0.86392,0.86404,1.88,3.00
2013.07.29 16:31:55.925,0.86392,0.86404,1.88,1.69
2013.07.29 16:31:56.464,0.86393,0.86405,1.50,3.00
2013.07.29 16:31:56.639,0.86399,0.8641,1.13,1.88
2013.07.29 16:31:57.004,0.86392,0.86404,1.32,3.00
2013.07.29 16:31:57.158,0.86399,0.8641,1.13,1.13
2013.07.29 16:31:57.183,0.86392,0.86402,2.44,1.13
2013.07.29 16:31:57.725,0.86391,0.86402,3.19,1.13
2013.07.29 16:31:57.900,0.86398,0.8641,2.63,1.88
2013.07.29 16:31:58.201,0.86397,0.86408,1.69,1.50
2013.07.29 16:31:58.264,0.86391,0.86399,2.63,1.50
2013.07.29 16:31:58.624,0.86391,0.864,1.88,2.25
2013.07.29 16:31:58.739,0.86397,0.86408,1.32,1.50
2013.07.29 16:31:58.984,0.86392,0.86401,1.13,1.50
2013.07.29 16:31:59.298,0.86392,0.86402,1.50,0.75
2013.07.29 16:31:59.524,0.86397,0.86408,1.88,1.50
2013.07.29 16:32:00.379,0.8639,0.86401,1.50,2.25
2013.07.29 16:32:01.894,0.8639,0.86402,1.50,1.88
2013.07.29 16:32:02.015,0.8639,0.86402,2.10,1.88
2013.07.29 16:32:02.194,0.8639,0.86402,2.63,1.50
2013.07.29 16:32:02.254,0.8639,0.86401,2.25,2.44
2013.07.29 16:32:02.374,0.86391,0.86401,2.29,1.13
2013.07.29 16:32:03.161,0.86396,0.86408,1.50,2.25
2013.07.29 16:32:03.352,0.86391,0.86401,3.04,3.94
2013.07.29 16:32:03.949,0.86396,0.86408,1.50,1.50
2013.07.29 16:32:05.033,0.8639,0.864,3.00,1.88
2013.07.29 16:32:05.634,0.86391,0.86401,2.82,1.69
2013.07.29 16:32:08.322,0.8639,0.86402,1.50,1.50
2013.07.29 16:32:09.289,0.86396,0.86407,1.69,1.50
2013.07.29 16:32:10.614,0.86389,0.864,1.32,1.69
2013.07.29 16:32:11.161,0.8639,0.864,1.13,1.13
2013.07.29 16:32:11.714,0.86389,0.86399,1.13,1.13
2013.07.29 16:32:12.263,0.8639,0.86402,2.44,2.07
2013.07.29 16:32:14.357,0.8639,0.86401,1.13,1.50
2013.07.29 16:32:14.739,0.86392,0.86401,2.25,1.88
2013.07.29 16:32:14.817,0.86391,0.86401,1.50,1.50
2013.07.29 16:32:15.202,0.86394,0.86401,1.13,1.50
2013.07.29 16:32:15.787,0.86395,0.86401,2.44,1.13
2013.07.29 16:32:16.213,0.86393,0.86399,1.88,2.44
2013.07.29 16:32:16.401,0.86391,0.864,3.19,1.50
2013.07.29 16:32:16.642,0.8639,0.86402,3.75,1.50
2013.07.29 16:32:16.703,0.8639,0.86402,4.32,3.19
2013.07.29 16:32:16.824,0.8639,0.86402,1.50,2.25
2013.07.29 16:32:16.872,0.86396,0.86407,2.44,1.50
2013.07.29 16:32:16.944,0.86391,0.86401,2.07,3.00
2013.07.29 16:32:17.123,0.86393,0.86401,1.13,3.19
2013.07.29 16:32:18.610,0.86391,0.864,2.63,3.75
2013.07.29 16:32:19.154,0.86391,0.86401,1.50,1.50
2013.07.29 16:32:19.705,0.8639,0.864,3.19,1.69
2013.07.29 16:32:21.134,0.86391,0.864,2.07,1.50
2013.07.29 16:32:21.674,0.86391,0.86399,1.50,3.19
2013.07.29 16:32:22.034,0.8639,0.86401,1.32,2.82
2013.07.29 16:32:22.654,0.8639,0.864,2.25,3.38
2013.07.29 16:32:23.910,0.86396,0.86407,3.00,1.50
2013.07.29 16:32:27.129,0.86396,0.86406,2.25,2.63
2013.07.29 16:32:27.690,0.86395,0.86406,1.32,2.63
2013.07.29 16:32:28.889,0.86396,0.86407,1.50,1.50
2013.07.29 16:32:29.129,0.86397,0.86408,2.63,1.50
2013.07.29 16:32:29.669,0.86398,0.86409,1.88,3.00
2013.07.29 16:32:30.171,0.86397,0.86409,2.63,2.25
2013.07.29 16:32:31.915,0.8639,0.86402,1.50,1.32
2013.07.29 16:32:34.911,0.8639,0.86401,2.25,5.25
2013.07.29 16:32:36.124,0.8639,0.864,2.63,1.50
2013.07.29 16:32:36.664,0.86389,0.86402,1.13,1.50
2013.07.29 16:32:36.902,0.86391,0.86398,2.25,2.45
2013.07.29 16:32:37.203,0.8639,0.864,2.25,1.13
2013.07.29 16:32:37.264,0.86392,0.86401,2.44,3.00
2013.07.29 16:32:37.444,0.86391,0.86399,1.88,1.50
2013.07.29 16:32:40.935,0.8639,0.864,1.50,1.50
2013.07.29 16:32:44.781,0.86397,0.86409,3.57,1.50
2013.07.29 16:32:45.870,0.86397,0.86408,1.69,1.13
2013.07.29 16:32:46.409,0.86396,0.86407,2.25,2.25
2013.07.29 16:32:46.899,0.86396,0.86406,1.50,1.50
2013.07.29 16:32:47.450,0.86396,0.86406,1.50,2.63
2013.07.29 16:32:47.754,0.86391,0.86401,1.88,1.13
2013.07.29 16:32:47.809,0.86396,0.86406,1.50,3.00
2013.07.29 16:32:47.882,0.8639,0.86401,1.50,2.44
2013.07.29 16:32:47.933,0.86394,0.86406,1.69,3.00
2013.07.29 16:32:48.063,0.86391,0.864,2.44,4.32
2013.07.29 16:32:48.360,0.86395,0.86406,1.13,1.88
2013.07.29 16:32:48.603,0.8639,0.86402,3.19,2.82
2013.07.29 16:32:48.720,0.86396,0.86407,3.38,1.50
2013.07.29 16:32:51.909,0.86396,0.86408,2.63,1.69
2013.07.29 16:33:00.571,0.86393,0.86401,1.50,2.63
2013.07.29 16:33:00.640,0.86391,0.86399,1.50,1.13
2013.07.29 16:33:05.172,0.86391,0.86399,1.50,1.50
2013.07.29 16:33:05.652,0.86391,0.864,2.25,1.50
2013.07.29 16:33:05.711,0.8639,0.864,5.25,1.50
2013.07.29 16:33:10.457,0.86389,0.86399,1.50,1.13
2013.07.29 16:33:19.153,0.8639,0.864,1.50,1.50
2013.07.29 16:33:19.310,0.86397,0.86408,1.88,1.50
2013.07.29 16:33:19.669,0.86397,0.86408,1.13,1.50
2013.07.29 16:33:21.341,0.8639,0.864,1.88,1.69
2013.07.29 16:33:22.243,0.86391,0.864,3.75,1.69
2013.07.29 16:33:22.783,0.86391,0.864,2.07,1.69
2013.07.29 16:33:23.322,0.86389,0.86401,2.44,1.13
2013.07.29 16:33:28.313,0.86389,0.86399,1.50,2.44
2013.07.29 16:33:28.551,0.86391,0.864,1.69,1.35
2013.07.29 16:33:30.641,0.86389,0.86399,3.00,4.50
2013.07.29 16:33:30.820,0.86392,0.864,1.88,1.69
2013.07.29 16:33:31.363,0.86389,0.86401,1.50,1.50
2013.07.29 16:33:32.552,0.86391,0.864,2.07,2.25
2013.07.29 16:33:33.092,0.8639,0.864,2.44,2.44
2013.07.29 16:33:42.959,0.86397,0.86409,1.88,1.50
2013.07.29 16:33:43.509,0.86397,0.8641,1.13,2.63
2013.07.29 16:33:43.893,0.8639,0.86399,1.13,1.50
2013.07.29 16:33:45.170,0.86389,0.86399,3.75,3.00
2013.07.29 16:33:45.712,0.8639,0.864,1.88,1.69
2013.07.29 16:33:45.892,0.8639,0.864,3.01,3.00
2013.07.29 16:33:47.073,0.8639,0.864,1.50,1.13
2013.07.29 16:33:53.519,0.86396,0.86407,3.94,1.13
2013.07.29 16:33:53.821,0.86396,0.86407,1.50,1.88
2013.07.29 16:33:54.240,0.86394,0.86404,1.32,2.63
2013.07.29 16:33:54.780,0.86394,0.86404,1.32,1.88
2013.07.29 16:33:55.470,0.86394,0.86403,1.13,1.50
2013.07.29 16:33:57.363,0.86391,0.86401,2.44,1.69
2013.07.29 16:33:57.723,0.86389,0.86399,1.50,1.50
2013.07.29 16:33:57.903,0.86389,0.86399,1.69,5.07
2013.07.29 16:33:58.383,0.8639,0.864,1.50,1.50
2013.07.29 16:33:58.563,0.86389,0.864,1.69,2.63
2013.07.29 16:34:00.482,0.86391,0.864,3.19,2.25
2013.07.29 16:34:01.156,0.86394,0.86404,1.13,1.88
2013.07.29 16:34:01.644,0.86392,0.86401,1.50,1.50
2013.07.29 16:34:01.699,0.86394,0.86403,1.13,1.50
2013.07.29 16:34:02.192,0.86393,0.86402,3.19,1.13
2013.07.29 16:34:04.450,0.86392,0.86404,3.19,1.88
2013.07.29 16:34:04.734,0.86394,0.86403,1.13,1.50
2013.07.29 16:34:04.914,0.86396,0.86404,1.50,1.69
2013.07.29 16:34:05.095,0.86394,0.86404,1.69,1.13
2013.07.29 16:34:05.530,0.86394,0.86404,1.13,1.50
2013.07.29 16:34:05.604,0.86394,0.86405,2.25,3.00
2013.07.29 16:34:05.649,0.86394,0.86403,1.13,1.50
2013.07.29 16:34:06.191,0.86394,0.86404,1.13,2.25
2013.07.29 16:34:06.832,0.86397,0.86405,3.94,1.13
2013.07.29 16:34:08.600,0.86392,0.86403,1.50,1.50
2013.07.29 16:34:08.840,0.86392,0.86401,1.13,1.50
2013.07.29 16:34:10.294,0.86398,0.86407,3.38,1.50
2013.07.29 16:34:15.884,0.864,0.86408,1.50,3.19
2013.07.29 16:34:16.424,0.86398,0.86407,2.44,2.25
2013.07.29 16:34:16.484,0.86396,0.86406,4.13,1.50
2013.07.29 16:34:16.630,0.86392,0.86403,1.88,1.50
2013.07.29 16:34:16.689,0.86392,0.86404,2.07,1.50
2013.07.29 16:34:16.930,0.86395,0.86405,1.13,1.50
2013.07.29 16:34:16.994,0.86394,0.86404,2.25,3.75
2013.07.29 16:34:17.231,0.86396,0.86406,1.50,2.25
2013.07.29 16:34:17.354,0.86394,0.86403,1.13,1.88
2013.07.29 16:34:17.422,0.86393,0.86402,1.45,2.44
2013.07.29 16:34:17.470,0.86395,0.86405,2.63,1.50
2013.07.29 16:34:17.723,0.86392,0.864,1.69,1.13
2013.07.29 16:34:17.844,0.86391,0.86402,1.13,1.69
2013.07.29 16:34:17.964,0.86392,0.86403,2.07,1.50
2013.07.29 16:34:18.279,0.86395,0.86406,2.63,2.63
2013.07.29 16:34:18.844,0.86393,0.86403,1.50,1.50
2013.07.29 16:34:19.119,0.86395,0.86406,2.63,2.25
2013.07.29 16:34:19.443,0.86393,0.86401,2.07,3.75
2013.07.29 16:34:19.659,0.86397,0.86406,1.50,1.50
2013.07.29 16:34:19.954,0.8639,0.86401,3.00,1.69
2013.07.29 16:34:22.291,0.8639,0.864,1.13,1.50
2013.07.29 16:34:22.834,0.86392,0.86403,1.50,1.88
2013.07.29 16:34:23.493,0.86394,0.86403,3.00,2.25
2013.07.29 16:34:23.801,0.86396,0.86405,2.44,1.69
2013.07.29 16:34:23.864,0.86397,0.86406,1.69,3.75
2013.07.29 16:34:24.284,0.86396,0.86406,2.25,1.13
2013.07.29 16:34:24.345,0.86394,0.86404,1.69,2.82
2013.07.29 16:34:24.703,0.86392,0.86404,1.13,3.38
2013.07.29 16:34:24.763,0.86393,0.86405,1.13,2.44
2013.07.29 16:34:24.823,0.86395,0.86406,1.13,2.25
2013.07.29 16:34:26.560,0.86398,0.86409,1.50,2.25
2013.07.29 16:34:27.182,0.86398,0.86407,1.50,1.50
2013.07.29 16:34:27.395,0.86396,0.86405,3.00,1.32
2013.07.29 16:34:28.435,0.86397,0.86406,3.19,1.50
2013.07.29 16:34:28.919,0.86398,0.86409,1.50,1.50
2013.07.29 16:34:29.491,0.86398,0.8641,3.00,1.88
2013.07.29 16:34:29.665,0.86397,0.86407,1.13,2.44
2013.07.29 16:34:29.839,0.864,0.86409,2.25,1.50
2013.07.29 16:34:30.200,0.86412,0.86419,1.13,1.13
2013.07.29 16:34:30.203,0.86398,0.86408,2.25,2.25
2013.07.29 16:34:30.743,0.86413,0.86425,1.50,2.07
2013.07.29 16:34:34.504,0.86397,0.86407,1.32,1.13
2013.07.29 16:34:35.043,0.86396,0.86406,1.50,1.50
2013.07.29 16:34:35.705,0.86397,0.86404,1.69,1.69
2013.07.29 16:34:36.191,0.86413,0.86425,1.50,2.63
2013.07.29 16:34:36.250,0.86398,0.86404,1.69,2.44
2013.07.29 16:34:36.553,0.86397,0.86406,2.25,1.13
2013.07.29 16:34:38.109,0.86411,0.86423,4.69,1.88
2013.07.29 16:34:40.180,0.86411,0.86423,4.69,1.88
2013.07.29 16:34:42.479,0.86411,0.86423,3.94,1.88
2013.07.29 16:34:42.540,0.86411,0.86422,3.94,1.13
2013.07.29 16:34:42.719,0.86409,0.8642,1.13,1.88
2013.07.29 16:34:42.900,0.86406,0.86419,2.44,1.13
2013.07.29 16:34:43.439,0.86408,0.86418,1.13,1.50
2013.07.29 16:34:43.499,0.86399,0.86407,3.00,1.69
2013.07.29 16:34:43.828,0.864,0.86409,1.13,1.13
2013.07.29 16:34:44.430,0.86409,0.86418,1.50,1.50
2013.07.29 16:34:44.609,0.86409,0.8642,1.50,2.25
2013.07.29 16:34:45.134,0.86408,0.86419,2.07,1.50
2013.07.29 16:34:45.680,0.86408,0.8642,2.07,2.25
2013.07.29 16:34:45.799,0.86408,0.8642,2.07,2.25
2013.07.29 16:34:46.819,0.86408,0.8642,2.07,2.25
2013.07.29 16:34:47.655,0.86403,0.86409,1.13,1.88
2013.07.29 16:34:47.819,0.86406,0.86419,2.44,1.50
2013.07.29 16:34:48.371,0.86406,0.8642,2.44,3.75
2013.07.29 16:34:49.439,0.86406,0.86418,2.44,1.50
2013.07.29 16:34:49.654,0.86404,0.86413,1.71,3.19
2013.07.29 16:34:49.954,0.86406,0.86413,2.07,2.44
2013.07.29 16:34:50.323,0.86403,0.86412,3.94,1.50
2013.07.29 16:34:50.751,0.86402,0.8641,2.25,1.50
2013.07.29 16:34:51.059,0.86409,0.8642,1.50,3.00
2013.07.29 16:34:51.305,0.864,0.86408,1.50,1.13
2013.07.29 16:34:53.615,0.86399,0.86407,1.88,1.13
2013.07.29 16:34:54.165,0.86397,0.86406,2.25,1.88
2013.07.29 16:34:54.228,0.86397,0.86404,3.19,3.38
2013.07.29 16:34:56.284,0.86396,0.86403,3.38,2.25
2013.07.29 16:34:56.470,0.86394,0.86404,1.50,2.63
2013.07.29 16:34:56.534,0.86393,0.86403,1.13,2.63
2013.07.29 16:34:56.660,0.86395,0.86404,1.69,1.50
2013.07.29 16:34:57.412,0.86396,0.86406,1.50,4.13
2013.07.29 16:34:57.935,0.864,0.86409,3.27,1.50
2013.07.29 16:34:57.995,0.86402,0.86412,2.82,1.50
2013.07.29 16:34:58.019,0.86409,0.8642,1.13,1.50
2013.07.29 16:34:58.199,0.86409,0.8642,1.32,1.50
2013.07.29 16:34:59.180,0.86409,0.8642,1.32,1.50
2013.07.29 16:35:00.780,0.86405,0.86413,4.32,3.75
2013.07.29 16:35:01.391,0.86403,0.86413,3.19,2.07
2013.07.29 16:35:01.930,0.86401,0.86413,1.88,1.69
2013.07.29 16:35:02.050,0.86399,0.86411,3.57,1.69
2013.07.29 16:35:02.591,0.86398,0.86409,1.50,4.88
2013.07.29 16:35:02.951,0.86399,0.86407,1.69,1.88
2013.07.29 16:35:03.900,0.8641,0.86422,1.13,2.25
2013.07.29 16:35:04.439,0.8641,0.86423,1.13,3.98
2013.07.29 16:35:06.717,0.86409,0.86421,3.94,1.13
2013.07.29 16:35:06.974,0.86408,0.86419,1.32,1.13
2013.07.29 16:35:07.522,0.86408,0.86419,1.32,1.13
2013.07.29 16:35:10.632,0.86408,0.86418,1.13,1.88
2013.07.29 16:35:11.154,0.86407,0.86418,1.32,1.88
2013.07.29 16:35:15.079,0.86408,0.8642,3.57,2.25
2013.07.29 16:35:15.139,0.86409,0.8642,1.13,1.88
2013.07.29 16:35:15.379,0.8641,0.86421,1.13,1.13
2013.07.29 16:35:15.623,0.86409,0.86421,2.25,2.63
2013.07.29 16:35:16.170,0.86408,0.86418,1.88,1.13
2013.07.29 16:35:18.432,0.86401,0.86408,3.19,3.19
2013.07.29 16:35:18.798,0.86406,0.86418,2.07,1.88
2013.07.29 16:35:18.829,0.864,0.8641,2.25,1.88
2013.07.29 16:35:19.138,0.86399,0.8641,1.50,1.50
2013.07.29 16:35:19.260,0.864,0.86409,2.25,1.50
2013.07.29 16:35:20.517,0.86399,0.86407,2.45,1.88
2013.07.29 16:35:20.640,0.86399,0.86407,3.00,1.88
2013.07.29 16:35:21.120,0.86398,0.86408,1.13,2.25
2013.07.29 16:35:21.659,0.864,0.86406,1.50,3.00
2013.07.29 16:35:21.967,0.86399,0.86408,1.13,1.13
2013.07.29 16:35:22.760,0.86408,0.86419,1.13,1.13
2013.07.29 16:35:22.941,0.86407,0.86417,1.50,1.50
2013.07.29 16:35:23.123,0.86405,0.86416,1.32,1.13
2013.07.29 16:35:23.251,0.86406,0.86416,1.88,2.25
2013.07.29 16:35:23.379,0.86399,0.86408,4.50,3.00
2013.07.29 16:35:23.789,0.86406,0.86416,1.13,1.88
2013.07.29 16:35:23.921,0.86398,0.86409,2.25,3.19
2013.07.29 16:35:24.431,0.86397,0.86408,2.25,1.69
2013.07.29 16:35:24.991,0.86399,0.86409,3.98,1.50
2013.07.29 16:35:25.957,0.864,0.8641,1.13,1.69
2013.07.29 16:35:26.251,0.864,0.8641,3.57,6.42
2013.07.29 16:35:26.855,0.86399,0.86409,1.50,1.69
2013.07.29 16:35:26.925,0.86401,0.8641,1.50,1.13
2013.07.29 16:35:27.913,0.86399,0.8641,2.25,1.50
2013.07.29 16:35:29.327,0.86404,0.86416,3.57,1.88
2013.07.29 16:35:29.724,0.86397,0.86409,1.50,1.69
2013.07.29 16:35:30.474,0.86396,0.86408,1.50,3.00
2013.07.29 16:35:30.937,0.86404,0.86416,3.57,1.88
2013.07.29 16:35:31.010,0.86395,0.86407,4.13,1.69
2013.07.29 16:35:32.589,0.86404,0.86416,3.94,1.50
2013.07.29 16:35:32.618,0.86397,0.86408,1.13,1.32
2013.07.29 16:35:32.951,0.86404,0.86416,1.88,2.63
2013.07.29 16:35:33.160,0.86399,0.86408,3.94,1.13
2013.07.29 16:35:33.189,0.86404,0.86416,1.13,2.63
2013.07.29 16:35:34.660,0.86403,0.86414,1.13,1.13
2013.07.29 16:35:34.951,0.86399,0.8641,1.50,1.50
2013.07.29 16:35:35.200,0.86403,0.86414,1.88,1.13
2013.07.29 16:35:35.440,0.86403,0.86416,2.63,1.50
2013.07.29 16:35:36.043,0.86404,0.86416,2.25,1.50
2013.07.29 16:35:36.559,0.86404,0.86416,2.25,1.88
2013.07.29 16:35:36.690,0.86401,0.8641,1.50,1.50
2013.07.29 16:35:37.228,0.86402,0.86411,1.50,1.88
2013.07.29 16:35:37.648,0.864,0.8641,2.63,3.19
2013.07.29 16:35:38.200,0.86401,0.86411,2.25,1.50
2013.07.29 16:35:38.639,0.86402,0.86412,3.00,2.25
2013.07.29 16:35:39.002,0.86404,0.86416,2.07,2.63
2013.07.29 16:35:39.240,0.86405,0.86417,1.32,2.25
2013.07.29 16:35:39.600,0.86405,0.86418,2.82,1.69
2013.07.29 16:35:39.840,0.86406,0.86419,1.32,3.38
2013.07.29 16:35:43.354,0.864,0.86411,1.50,2.44
2013.07.29 16:35:43.860,0.86399,0.86409,1.50,1.50
2013.07.29 16:35:44.521,0.86397,0.86408,3.60,1.50
2013.07.29 16:35:45.030,0.86397,0.86407,2.44,3.00
2013.07.29 16:35:45.571,0.86396,0.86406,3.38,2.63
2013.07.29 16:35:45.817,0.86398,0.86408,2.82,1.50
2013.07.29 16:35:47.170,0.86406,0.86419,3.57,1.88
2013.07.29 16:35:47.490,0.86398,0.8641,1.69,2.63
2013.07.29 16:35:50.350,0.86396,0.86409,4.24,1.13
2013.07.29 16:35:51.440,0.86396,0.86407,2.25,1.50
2013.07.29 16:35:52.361,0.86395,0.86407,2.44,2.07
2013.07.29 16:35:54.641,0.86406,0.86418,1.88,6.23
2013.07.29 16:35:54.991,0.86396,0.86407,1.13,2.25
2013.07.29 16:35:55.001,0.86401,0.86412,1.32,3.23
2013.07.29 16:35:55.231,0.86397,0.86408,1.13,1.50
2013.07.29 16:35:55.300,0.86401,0.86413,1.32,2.63
2013.07.29 16:35:55.421,0.864,0.86411,1.32,1.13
2013.07.29 16:35:55.746,0.86395,0.86406,1.69,1.50
2013.07.29 16:35:56.865,0.86397,0.86407,1.50,1.50
2013.07.29 16:35:58.140,0.86399,0.8641,2.82,1.13
2013.07.29 16:35:58.320,0.86401,0.86411,1.13,2.85
2013.07.29 16:35:58.379,0.86401,0.86411,1.13,2.85
2013.07.29 16:35:58.510,0.86398,0.86408,3.75,1.32
2013.07.29 16:35:58.980,0.86403,0.86413,1.13,2.25
2013.07.29 16:36:01.050,0.86396,0.86406,1.50,2.07
2013.07.29 16:36:01.637,0.86397,0.86407,4.69,1.13
2013.07.29 16:36:03.328,0.86398,0.86408,1.50,1.50
2013.07.29 16:36:03.868,0.86399,0.86409,1.69,3.00
2013.07.29 16:36:04.370,0.86399,0.86409,1.50,1.50
2013.07.29 16:36:05.200,0.86398,0.86408,1.50,1.50
2013.07.29 16:36:05.739,0.86399,0.86409,1.13,6.04
2013.07.29 16:36:05.849,0.86401,0.86414,3.94,2.25
2013.07.29 16:36:06.390,0.86404,0.86414,1.13,1.50
2013.07.29 16:36:06.760,0.86399,0.86409,1.13,1.88
2013.07.29 16:36:06.940,0.86403,0.86414,1.32,1.50
2013.07.29 16:36:07.318,0.86399,0.86409,2.25,3.38
2013.07.29 16:36:07.540,0.86403,0.86414,1.32,2.25
2013.07.29 16:36:08.339,0.86401,0.86413,3.57,1.88
2013.07.29 16:36:08.841,0.86399,0.86409,1.88,3.19
2013.07.29 16:36:09.120,0.86401,0.86411,2.07,1.13
2013.07.29 16:36:09.659,0.86401,0.86411,1.32,1.13
2013.07.29 16:36:12.671,0.86398,0.86408,2.85,1.88
2013.07.29 16:36:12.840,0.86401,0.86411,1.32,1.50
2013.07.29 16:36:13.319,0.86402,0.86411,1.13,1.13
2013.07.29 16:36:13.500,0.86404,0.86412,1.13,1.50
2013.07.29 16:36:14.059,0.86404,0.86414,1.13,2.25
2013.07.29 16:36:14.900,0.86404,0.86414,1.13,2.25
2013.07.29 16:36:15.091,0.86398,0.86406,2.63,1.50
2013.07.29 16:36:15.850,0.86398,0.86407,2.63,1.50
2013.07.29 16:36:17.699,0.86406,0.86414,1.13,2.25
2013.07.29 16:36:18.120,0.86404,0.86414,1.50,3.38
2013.07.29 16:36:18.240,0.86402,0.86413,2.07,4.73
2013.07.29 16:36:18.360,0.86401,0.86413,1.32,5.10
2013.07.29 16:36:21.030,0.86398,0.86408,1.69,2.25
2013.07.29 16:36:21.151,0.86398,0.86407,2.25,2.82
2013.07.29 16:36:21.692,0.86399,0.86408,1.13,2.25
2013.07.29 16:36:22.894,0.86402,0.86413,1.88,1.88
2013.07.29 16:36:23.529,0.86402,0.86414,5.07,1.13
2013.07.29 16:36:23.769,0.86403,0.86415,3.00,1.88
2013.07.29 16:36:24.490,0.86403,0.86415,2.25,2.63
2013.07.29 16:36:24.849,0.86402,0.86412,1.13,1.13
2013.07.29 16:36:25.629,0.864,0.86411,2.07,1.13
2013.07.29 16:36:25.710,0.86399,0.86409,2.82,3.00
2013.07.29 16:36:26.203,0.864,0.86411,2.07,1.13
2013.07.29 16:36:26.257,0.86397,0.86408,1.50,1.13
2013.07.29 16:36:26.679,0.86397,0.86408,1.50,2.25
2013.07.29 16:36:27.231,0.86395,0.86406,1.13,1.69
2013.07.29 16:36:27.290,0.86395,0.86405,1.69,1.69
2013.07.29 16:36:27.651,0.86395,0.86406,1.50,2.44
2013.07.29 16:36:29.811,0.864,0.86411,1.13,1.13
2013.07.29 16:36:33.640,0.864,0.86411,1.69,1.13
2013.07.29 16:36:33.999,0.86402,0.86413,1.13,1.50
2013.07.29 16:36:34.365,0.86403,0.86416,1.88,2.82
2013.07.29 16:36:34.560,0.86404,0.86416,2.25,2.25
2013.07.29 16:36:34.980,0.86403,0.86414,1.88,1.13
2013.07.29 16:36:35.101,0.86403,0.86414,1.50,1.50
2013.07.29 16:36:35.520,0.86401,0.86413,2.82,1.50
2013.07.29 16:36:36.400,0.86401,0.86414,2.82,1.88
2013.07.29 16:36:36.520,0.86401,0.86413,2.82,1.50
2013.07.29 16:36:36.640,0.86402,0.86414,1.13,1.88
2013.07.29 16:36:38.441,0.86396,0.86408,3.38,4.13
2013.07.29 16:36:39.300,0.86401,0.86414,5.44,2.25
2013.07.29 16:36:39.600,0.86401,0.86412,3.19,3.23
2013.07.29 16:36:39.900,0.86399,0.86411,4.32,1.88
2013.07.29 16:36:41.360,0.86396,0.86408,2.82,1.32
2013.07.29 16:36:41.700,0.864,0.86411,1.50,1.88
2013.07.29 16:36:42.240,0.864,0.86411,3.00,1.50
2013.07.29 16:36:42.545,0.864,0.86411,1.50,2.63
2013.07.29 16:36:42.909,0.864,0.86411,1.50,2.25
2013.07.29 16:36:46.332,0.864,0.86411,1.13,1.50
2013.07.29 16:36:47.242,0.864,0.86411,1.88,1.73
2013.07.29 16:36:47.981,0.86397,0.86409,1.50,1.50
2013.07.29 16:36:48.022,0.86399,0.86411,2.82,1.35
2013.07.29 16:36:48.380,0.86403,0.86411,1.13,1.13
2013.07.29 16:36:48.501,0.86403,0.86414,1.13,4.32
2013.07.29 16:36:48.527,0.86398,0.86408,3.57,1.69
2013.07.29 16:36:48.561,0.86403,0.86414,1.13,3.38
2013.07.29 16:36:48.682,0.86403,0.86415,2.63,1.50
2013.07.29 16:36:48.921,0.86404,0.86417,1.88,1.88
2013.07.29 16:36:48.982,0.86405,0.86417,1.13,1.88
2013.07.29 16:36:49.080,0.86399,0.86407,3.19,3.00
2013.07.29 16:36:49.319,0.86397,0.86406,1.69,2.63
2013.07.29 16:36:49.342,0.86405,0.86417,1.13,3.75
2013.07.29 16:36:49.473,0.86405,0.86417,1.88,2.63
2013.07.29 16:36:49.512,0.86397,0.86406,1.13,3.57
2013.07.29 16:36:50.140,0.86397,0.86407,1.88,2.25
2013.07.29 16:36:50.551,0.86406,0.86417,1.88,3.38
2013.07.29 16:36:50.671,0.86406,0.86416,1.88,1.13
2013.07.29 16:36:51.210,0.86406,0.86415,1.88,1.13
2013.07.29 16:36:51.900,0.86406,0.86417,1.32,2.63
2013.07.29 16:36:52.440,0.86406,0.86416,1.69,2.25
2013.07.29 16:36:52.740,0.86403,0.86415,2.07,4.13
2013.07.29 16:36:53.339,0.86403,0.86416,1.32,2.63
2013.07.29 16:36:53.460,0.86405,0.86416,1.50,2.63
2013.07.29 16:36:53.819,0.86398,0.86409,1.69,1.50
2013.07.29 16:36:54.339,0.86403,0.86416,2.07,3.00
2013.07.29 16:36:54.867,0.86405,0.86416,1.50,1.88
2013.07.29 16:36:55.100,0.86405,0.86415,1.50,1.13
2013.07.29 16:36:55.675,0.86403,0.86415,2.82,1.13
2013.07.29 16:36:56.287,0.86403,0.86415,3.57,1.50
2013.07.29 16:36:56.409,0.86404,0.86416,1.88,1.88
2013.07.29 16:36:56.710,0.86403,0.86415,2.07,1.13
2013.07.29 16:36:57.622,0.86399,0.8641,1.50,2.82
2013.07.29 16:36:57.777,0.86398,0.86408,2.25,2.29
2013.07.29 16:37:02.339,0.86404,0.86416,1.50,3.00
2013.07.29 16:37:02.377,0.86401,0.86411,4.32,5.67
2013.07.29 16:37:02.399,0.86404,0.86416,2.25,3.00
2013.07.29 16:37:02.716,0.86404,0.86415,1.50,1.13
2013.07.29 16:37:03.701,0.86401,0.86412,3.19,1.69
2013.07.29 16:37:03.777,0.86403,0.86413,3.38,2.25
2013.07.29 16:37:04.025,0.86404,0.86413,2.44,1.50
2013.07.29 16:37:04.606,0.86404,0.86413,2.85,1.50
2013.07.29 16:37:05.147,0.86406,0.86414,5.44,3.19
2013.07.29 16:37:07.557,0.86407,0.86416,1.50,1.88
2013.07.29 16:37:17.689,0.86403,0.86414,1.69,1.13
2013.07.29 16:37:18.050,0.86403,0.86414,2.07,1.13
2013.07.29 16:37:18.110,0.86403,0.86414,2.07,1.13
2013.07.29 16:37:19.407,0.86407,0.86417,1.13,4.32
2013.07.29 16:37:19.915,0.86405,0.86417,1.13,5.44
2013.07.29 16:37:20.337,0.86405,0.86414,1.88,1.69
2013.07.29 16:37:20.697,0.86404,0.86413,1.69,1.50
2013.07.29 16:37:20.862,0.86403,0.86414,3.57,1.13
2013.07.29 16:37:21.160,0.86404,0.86415,1.13,1.50
2013.07.29 16:37:21.520,0.86407,0.86416,1.50,1.88
2013.07.29 16:37:21.883,0.86405,0.86413,1.50,1.50
2013.07.29 16:37:22.079,0.86407,0.86416,1.50,1.88
2013.07.29 16:37:22.496,0.86405,0.86413,2.25,1.50
2013.07.29 16:37:22.617,0.86402,0.86412,1.50,1.13
2013.07.29 16:37:22.857,0.86403,0.86411,1.13,2.25
2013.07.29 16:37:22.980,0.86405,0.86416,3.00,1.88
2013.07.29 16:37:23.486,0.86403,0.86411,5.67,2.44
2013.07.29 16:37:24.017,0.86404,0.86413,1.69,3.94
2013.07.29 16:37:25.375,0.86405,0.86416,3.38,1.50
2013.07.29 16:37:25.499,0.86406,0.86418,3.75,3.38
2013.07.29 16:37:25.860,0.86409,0.86418,2.25,1.50
2013.07.29 16:37:25.981,0.86409,0.8642,3.38,1.88
2013.07.29 16:37:26.045,0.8641,0.8642,1.50,1.13
2013.07.29 16:37:26.110,0.86412,0.8642,1.50,1.13
2013.07.29 16:37:26.479,0.86404,0.86413,3.57,2.07
2013.07.29 16:37:26.650,0.86411,0.86421,2.25,1.13
2013.07.29 16:37:26.996,0.86402,0.86411,2.25,1.50
2013.07.29 16:37:27.116,0.86401,0.86409,3.19,2.44
2013.07.29 16:37:27.357,0.86401,0.86409,1.69,2.44
2013.07.29 16:37:29.229,0.86401,0.86411,1.32,1.13
2013.07.29 16:37:29.839,0.86411,0.86423,2.25,2.07
2013.07.29 16:37:30.020,0.86411,0.86423,2.25,2.82
2013.07.29 16:37:30.560,0.86412,0.86424,1.50,3.00
2013.07.29 16:37:30.927,0.86412,0.86421,1.50,1.13
2013.07.29 16:37:35.927,0.86404,0.86414,1.50,1.69
2013.07.29 16:37:41.700,0.86404,0.86414,3.00,1.88
2013.07.29 16:37:42.256,0.86405,0.86413,1.50,1.05
2013.07.29 16:37:42.377,0.86405,0.86412,1.69,1.69
2013.07.29 16:37:45.761,0.86411,0.86421,2.25,1.13
2013.07.29 16:37:45.881,0.86411,0.86421,1.50,1.73
2013.07.29 16:37:46.061,0.8641,0.8642,3.00,1.50
2013.07.29 16:37:46.420,0.86409,0.86419,1.50,1.50
2013.07.29 16:37:46.721,0.8641,0.86419,1.50,1.13
2013.07.29 16:37:47.153,0.86402,0.86412,1.88,3.75
2013.07.29 16:37:47.516,0.86403,0.86413,1.32,3.75
2013.07.29 16:37:47.936,0.86404,0.86414,1.50,1.69
2013.07.29 16:37:48.487,0.86405,0.86416,1.88,2.82
2013.07.29 16:37:52.151,0.8641,0.86422,3.75,2.82
2013.07.29 16:37:52.690,0.86412,0.86422,2.25,1.32
2013.07.29 16:37:53.560,0.86412,0.86422,1.50,2.07
2013.07.29 16:37:54.110,0.8641,0.8642,1.50,1.13
2013.07.29 16:37:54.410,0.86408,0.8642,4.69,1.13
2013.07.29 16:37:54.950,0.8641,0.86422,1.50,2.82
2013.07.29 16:37:55.163,0.86405,0.86415,1.50,1.13
2013.07.29 16:37:55.528,0.86406,0.86415,1.50,1.50
2013.07.29 16:37:56.301,0.8641,0.86422,1.88,3.19
2013.07.29 16:37:56.422,0.86411,0.86422,1.13,2.44
2013.07.29 16:37:56.950,0.86413,0.86424,1.50,2.44
2013.07.29 16:37:57.432,0.86415,0.86425,1.50,1.13
2013.07.29 16:37:57.611,0.86415,0.86428,3.75,1.50
2013.07.29 16:37:57.670,0.86415,0.86428,3.75,1.50
2013.07.29 16:37:58.210,0.86415,0.86426,2.25,1.50
2013.07.29 16:37:58.511,0.86413,0.86426,1.69,2.63
2013.07.29 16:37:58.607,0.86408,0.86416,2.63,2.25
2013.07.29 16:37:58.630,0.86413,0.86425,1.69,1.13
2013.07.29 16:37:58.930,0.86412,0.86424,4.32,2.25
2013.07.29 16:38:00.250,0.86412,0.86425,3.75,4.50
2013.07.29 16:38:01.841,0.86412,0.86425,3.75,4.13
2013.07.29 16:38:02.380,0.86412,0.86424,3.00,1.50
2013.07.29 16:38:06.672,0.86407,0.86417,3.00,3.38
2013.07.29 16:38:07.040,0.86412,0.86422,1.50,1.88
2013.07.29 16:38:07.221,0.86406,0.86418,1.50,1.50
2013.07.29 16:38:07.580,0.86411,0.86421,1.50,1.50
2013.07.29 16:38:07.761,0.86409,0.86416,1.69,2.44
2013.07.29 16:38:07.941,0.86409,0.86417,1.50,1.88
2013.07.29 16:38:08.180,0.86412,0.86422,1.50,1.50
2013.07.29 16:38:08.480,0.86414,0.86425,1.13,3.19
2013.07.29 16:38:08.602,0.86409,0.86418,1.50,2.07
2013.07.29 16:38:08.721,0.86414,0.86424,1.13,1.13
2013.07.29 16:38:08.960,0.86413,0.86425,1.13,2.25
2013.07.29 16:38:09.031,0.86408,0.86418,2.25,1.50
2013.07.29 16:38:09.151,0.86406,0.86416,3.19,3.57
2013.07.29 16:38:09.500,0.86411,0.86425,2.44,3.00
2013.07.29 16:38:09.559,0.86411,0.86425,2.44,3.38
2013.07.29 16:38:09.692,0.86408,0.86416,1.50,1.50
2013.07.29 16:38:10.202,0.86406,0.86416,1.50,1.13
2013.07.29 16:38:10.761,0.86409,0.86416,2.44,3.57
2013.07.29 16:38:11.309,0.86407,0.86416,1.69,2.25
2013.07.29 16:38:11.433,0.86405,0.86415,3.00,2.25
2013.07.29 16:38:16.720,0.86411,0.86425,3.57,3.00
2013.07.29 16:38:17.764,0.86406,0.86414,1.88,1.13
2013.07.29 16:38:18.074,0.86406,0.86415,3.94,2.44
2013.07.29 16:38:22.600,0.86411,0.86424,2.82,2.25
2013.07.29 16:38:22.842,0.86407,0.86418,1.50,1.69
2013.07.29 16:38:22.959,0.86411,0.86423,1.69,1.50
2013.07.29 16:38:23.869,0.86412,0.86424,1.50,2.25
2013.07.29 16:38:24.560,0.86407,0.86419,2.25,3.19
2013.07.29 16:38:24.980,0.86411,0.86424,2.07,1.69
2013.07.29 16:38:25.120,0.86406,0.86417,2.44,2.63
2013.07.29 16:38:26.110,0.86409,0.86418,1.50,2.82
2013.07.29 16:38:26.366,0.86409,0.86417,1.69,1.50
2013.07.29 16:38:26.892,0.86408,0.86417,1.43,1.35
2013.07.29 16:38:27.010,0.86406,0.86415,1.13,1.13
2013.07.29 16:38:27.981,0.86411,0.86424,2.44,1.88
2013.07.29 16:38:28.012,0.86407,0.86418,2.44,4.13
2013.07.29 16:38:28.103,0.86411,0.86423,1.50,1.88
2013.07.29 16:38:28.471,0.86409,0.86421,1.69,3.00
2013.07.29 16:38:28.650,0.86412,0.86419,1.13,1.50
2013.07.29 16:38:28.652,0.86407,0.86419,2.25,2.25
2013.07.29 16:38:28.894,0.8641,0.86421,1.50,1.50
2013.07.29 16:38:31.952,0.86407,0.86418,3.94,1.50
2013.07.29 16:38:31.980,0.86409,0.86422,1.13,1.88
2013.07.29 16:38:32.551,0.86407,0.86418,2.63,1.50
2013.07.29 16:38:33.092,0.86406,0.86417,2.25,1.88
2013.07.29 16:38:33.330,0.86409,0.86422,2.63,1.13
2013.07.29 16:38:33.980,0.8641,0.86423,1.13,2.25
2013.07.29 16:38:35.812,0.86408,0.86419,2.25,1.50
2013.07.29 16:38:36.746,0.8641,0.86421,1.32,2.25
2013.07.29 16:38:36.959,0.86406,0.86417,1.50,1.50
2013.07.29 16:38:37.020,0.86408,0.86418,1.88,2.82
2013.07.29 16:38:37.260,0.86406,0.86418,1.13,1.50
2013.07.29 16:38:40.762,0.86409,0.86418,2.44,2.25
2013.07.29 16:38:41.182,0.86407,0.86416,2.07,1.69
2013.07.29 16:38:43.802,0.86407,0.86418,6.79,2.07
2013.07.29 16:38:44.462,0.86407,0.86418,1.50,3.19
2013.07.29 16:38:44.522,0.86407,0.86419,1.13,3.00
2013.07.29 16:38:44.702,0.86408,0.86419,2.44,1.50
2013.07.29 16:38:45.336,0.86406,0.86417,2.25,2.44
2013.07.29 16:38:45.862,0.86408,0.86419,2.25,3.38
2013.07.29 16:38:47.771,0.86408,0.8642,1.69,1.50
2013.07.29 16:38:48.341,0.86406,0.86418,1.88,1.50
2013.07.29 16:38:48.886,0.86407,0.86418,1.13,1.50
2013.07.29 16:38:49.021,0.86407,0.86417,1.50,1.13
2013.07.29 16:38:49.442,0.86408,0.86415,4.50,2.44
2013.07.29 16:38:49.501,0.86408,0.86416,2.63,1.50
2013.07.29 16:38:49.682,0.86408,0.86418,3.19,1.13
2013.07.29 16:38:49.742,0.86407,0.86416,1.88,3.75
2013.07.29 16:38:50.042,0.86407,0.86416,1.88,4.13
2013.07.29 16:38:50.572,0.86409,0.86417,2.63,2.25
2013.07.29 16:38:52.742,0.86409,0.86418,1.88,1.50
2013.07.29 16:38:52.982,0.8641,0.8642,2.07,2.10
2013.07.29 16:38:53.484,0.86409,0.86418,2.44,3.94
2013.07.29 16:38:54.038,0.86409,0.86418,1.50,1.88
2013.07.29 16:38:54.635,0.86407,0.86416,1.69,1.50
2013.07.29 16:38:55.142,0.86407,0.86415,2.25,2.07
2013.07.29 16:39:01.933,0.86405,0.86413,1.69,3.75
2013.07.29 16:39:02.474,0.86403,0.86411,1.13,1.69
2013.07.29 16:39:03.227,0.86409,0.86421,1.69,4.13
2013.07.29 16:39:03.410,0.86407,0.8642,2.44,2.25
2013.07.29 16:39:09.410,0.86407,0.86418,2.82,1.50
2013.07.29 16:39:10.904,0.86403,0.86411,1.69,5.82
2013.07.29 16:39:11.872,0.86404,0.86412,1.13,1.50
2013.07.29 16:39:12.413,0.86403,0.86411,3.94,5.07
2013.07.29 16:39:12.952,0.86405,0.86413,3.00,2.25
2013.07.29 16:39:13.191,0.86404,0.8641,1.50,5.07
2013.07.29 16:39:13.873,0.86402,0.86411,3.75,1.69
2013.07.29 16:39:14.180,0.86403,0.86413,2.44,1.32
2013.07.29 16:39:14.482,0.86402,0.86411,2.07,1.13
2013.07.29 16:39:15.101,0.86402,0.86411,2.44,1.50
2013.07.29 16:39:15.813,0.86401,0.86412,1.13,1.69
2013.07.29 16:39:16.753,0.86401,0.86413,1.88,1.50
2013.07.29 16:39:19.224,0.86402,0.86412,2.63,2.25
2013.07.29 16:39:19.770,0.86402,0.86412,3.19,1.69
2013.07.29 16:39:20.013,0.86401,0.86412,2.25,1.50
2013.07.29 16:39:22.580,0.86403,0.86413,3.38,3.00
2013.07.29 16:39:23.122,0.86402,0.86412,1.50,2.25
2013.07.29 16:39:23.243,0.86402,0.86411,1.50,2.85
2013.07.29 16:39:24.102,0.86401,0.86413,1.69,1.13
2013.07.29 16:39:24.964,0.86401,0.86413,1.50,3.19
2013.07.29 16:39:25.502,0.86401,0.86413,2.25,1.13
2013.07.29 16:39:26.043,0.86402,0.86412,1.50,2.25
2013.07.29 16:39:26.584,0.86403,0.86413,3.38,3.75
2013.07.29 16:39:27.214,0.86402,0.86412,1.50,1.50
2013.07.29 16:39:27.754,0.86401,0.86413,4.13,1.13
2013.07.29 16:39:28.843,0.86401,0.86413,1.50,1.88
2013.07.29 16:39:29.820,0.86408,0.8642,1.88,1.50
2013.07.29 16:39:30.036,0.86403,0.86413,2.44,1.50
2013.07.29 16:39:30.360,0.86408,0.86421,2.63,2.25
2013.07.29 16:39:31.203,0.86401,0.86413,1.13,2.25
2013.07.29 16:39:31.706,0.86403,0.86413,1.50,3.38
2013.07.29 16:39:32.343,0.86402,0.86412,1.13,1.50
2013.07.29 16:39:33.871,0.86401,0.86413,1.50,1.50
2013.07.29 16:39:34.433,0.86401,0.86413,1.50,1.50
2013.07.29 16:39:34.612,0.86402,0.86411,1.88,2.63
2013.07.29 16:39:34.853,0.86402,0.86412,3.00,1.32
2013.07.29 16:39:36.442,0.86403,0.86412,1.50,1.88
2013.07.29 16:39:37.173,0.86401,0.86413,3.19,3.19
2013.07.29 16:39:40.043,0.86401,0.86413,1.50,1.88
2013.07.29 16:39:42.532,0.86407,0.86421,5.82,2.63
2013.07.29 16:39:42.650,0.86407,0.8642,5.07,1.13
2013.07.29 16:39:45.870,0.86407,0.8642,2.07,1.88
2013.07.29 16:39:46.351,0.86401,0.86413,4.88,1.50
2013.07.29 16:39:46.422,0.86401,0.86411,2.25,1.50
2013.07.29 16:39:46.611,0.86402,0.86411,1.69,1.13
2013.07.29 16:39:46.732,0.86401,0.86409,3.19,1.13
2013.07.29 16:39:46.792,0.86401,0.86411,2.63,2.25
2013.07.29 16:39:47.412,0.86404,0.86411,1.52,4.88
2013.07.29 16:39:47.713,0.86402,0.86411,2.82,1.88
2013.07.29 16:39:47.952,0.86402,0.86411,1.32,2.25
2013.07.29 16:39:48.501,0.86402,0.86411,2.44,2.25
2013.07.29 16:39:49.485,0.86403,0.86412,3.19,1.50
2013.07.29 16:39:50.111,0.86404,0.86412,1.50,1.50
2013.07.29 16:39:50.993,0.86403,0.86412,2.44,2.44
2013.07.29 16:39:51.020,0.86407,0.86418,1.69,1.13
2013.07.29 16:39:51.140,0.86407,0.8642,1.69,3.23
2013.07.29 16:39:51.233,0.86402,0.86409,3.20,1.69
2013.07.29 16:39:51.903,0.86402,0.86411,2.07,3.94
2013.07.29 16:39:52.233,0.86406,0.86418,3.38,1.50
2013.07.29 16:39:53.908,0.86404,0.86411,3.00,1.69
2013.07.29 16:39:54.453,0.86403,0.86411,2.25,1.50
2013.07.29 16:39:54.754,0.86401,0.8641,1.50,1.69
2013.07.29 16:39:55.413,0.86402,0.86409,4.69,2.63
2013.07.29 16:39:57.640,0.86406,0.86418,3.19,1.88
2013.07.29 16:39:58.191,0.86405,0.86417,1.50,3.38
2013.07.29 16:39:59.209,0.86404,0.86417,2.82,3.38
2013.07.29 16:40:00.478,0.86401,0.86409,1.50,4.54
2013.07.29 16:40:01.018,0.86402,0.8641,1.13,1.13
2013.07.29 16:40:01.319,0.86402,0.8641,1.50,1.50
2013.07.29 16:40:01.879,0.86402,0.8641,2.44,1.50
2013.07.29 16:40:02.399,0.86402,0.8641,3.19,1.88
2013.07.29 16:40:03.618,0.86402,0.8641,2.63,1.50
2013.07.29 16:40:03.737,0.86401,0.8641,3.00,1.88
2013.07.29 16:40:04.872,0.86401,0.86411,1.50,1.50
2013.07.29 16:40:05.399,0.86401,0.86411,1.50,4.69
2013.07.29 16:40:05.577,0.86402,0.8641,1.50,1.50
2013.07.29 16:40:05.767,0.86402,0.86408,1.50,1.50
2013.07.29 16:40:06.469,0.86401,0.86411,3.38,1.50
2013.07.29 16:40:06.828,0.86401,0.86411,1.50,1.69
2013.07.29 16:40:08.777,0.864,0.86412,1.69,3.94
2013.07.29 16:40:08.906,0.86401,0.86411,1.69,1.50
2013.07.29 16:40:09.087,0.86401,0.8641,2.25,1.88
2013.07.29 16:40:09.267,0.86401,0.8641,1.50,8.07
2013.07.29 16:40:10.228,0.86402,0.8641,2.44,3.19
2013.07.29 16:40:12.308,0.86401,0.8641,2.25,1.50
2013.07.29 16:40:12.848,0.86402,0.8641,1.45,2.44
2013.07.29 16:40:12.968,0.86403,0.8641,3.94,2.82
2013.07.29 16:40:14.670,0.86405,0.86417,2.07,1.50
2013.07.29 16:40:14.792,0.86406,0.86419,1.69,2.82
2013.07.29 16:40:18.239,0.86401,0.86411,1.13,1.50
2013.07.29 16:40:18.281,0.86406,0.86418,1.69,1.88
2013.07.29 16:40:18.882,0.86405,0.86418,2.82,1.88
2013.07.29 16:40:19.217,0.86405,0.86418,3.57,1.88
2013.07.29 16:40:19.318,0.86401,0.86411,1.88,8.25
2013.07.29 16:40:26.163,0.86401,0.8641,3.19,2.07
2013.07.29 16:40:29.908,0.86401,0.86411,2.63,6.38
2013.07.29 16:40:30.267,0.86401,0.86411,3.00,1.50
2013.07.29 16:40:30.327,0.86401,0.86411,1.69,2.07
2013.07.29 16:40:30.868,0.864,0.86412,2.44,1.32
2013.07.29 16:40:31.588,0.86401,0.8641,3.00,1.13
2013.07.29 16:40:32.928,0.86401,0.86411,1.50,1.32
2013.07.29 16:40:33.467,0.86402,0.86411,4.32,1.69
2013.07.29 16:40:33.588,0.86401,0.86411,2.25,2.82
2013.07.29 16:40:33.776,0.86401,0.8641,1.50,1.50
2013.07.29 16:40:34.927,0.86402,0.8641,1.32,3.19
2013.07.29 16:40:35.374,0.86402,0.86411,1.13,2.63
2013.07.29 16:40:38.629,0.86402,0.86411,1.50,1.50
2013.07.29 16:40:42.194,0.864,0.86412,1.50,2.63
2013.07.29 16:40:43.129,0.86401,0.86411,1.13,3.94
2013.07.29 16:40:44.157,0.86401,0.8641,2.63,3.00
2013.07.29 16:40:44.578,0.86401,0.86409,2.07,3.19
2013.07.29 16:40:44.637,0.86403,0.8641,2.25,1.50
2013.07.29 16:40:44.938,0.86401,0.86411,2.25,1.88
2013.07.29 16:40:45.340,0.86405,0.86418,4.69,1.88
2013.07.29 16:40:47.987,0.86401,0.86411,2.25,1.50
2013.07.29 16:40:48.166,0.86402,0.86411,2.67,1.88
2013.07.29 16:40:48.249,0.86405,0.86418,3.19,1.88
2013.07.29 16:40:48.469,0.86401,0.86411,1.50,1.50
2013.07.29 16:40:49.680,0.86405,0.86418,3.94,1.88
2013.07.29 16:40:50.169,0.86401,0.86411,1.32,2.25
2013.07.29 16:40:50.673,0.86401,0.86411,2.25,2.82
2013.07.29 16:40:51.188,0.864,0.86412,2.07,2.25
2013.07.29 16:40:52.339,0.86405,0.86416,3.94,1.13
2013.07.29 16:40:52.640,0.86405,0.86417,3.00,1.88
2013.07.29 16:40:53.180,0.86405,0.86417,3.00,1.88
2013.07.29 16:40:57.836,0.86401,0.86411,1.50,3.00
2013.07.29 16:40:58.398,0.864,0.8641,1.32,1.50
2013.07.29 16:41:01.660,0.86405,0.86414,3.00,1.13
2013.07.29 16:41:02.200,0.86405,0.86417,1.50,1.88
2013.07.29 16:41:03.130,0.86405,0.86417,2.25,1.13
2013.07.29 16:41:07.521,0.86405,0.86418,3.38,1.50
2013.07.29 16:41:07.582,0.86405,0.86419,4.88,2.25
2013.07.29 16:41:07.640,0.86407,0.86419,1.13,1.50
2013.07.29 16:41:08.200,0.86409,0.86421,1.50,2.44
2013.07.29 16:41:08.951,0.86407,0.8642,2.25,2.25
2013.07.29 16:41:09.252,0.86406,0.86418,2.25,2.63
2013.07.29 16:41:09.973,0.86406,0.86417,1.50,1.50
2013.07.29 16:41:10.030,0.86404,0.86417,3.19,1.50
2013.07.29 16:41:10.613,0.86405,0.86418,1.69,2.25
2013.07.29 16:41:11.160,0.86405,0.86418,2.44,1.50
2013.07.29 16:41:11.860,0.86405,0.86418,2.82,1.13
2013.07.29 16:41:19.423,0.86408,0.86419,1.50,2.25
2013.07.29 16:41:19.491,0.86408,0.86419,1.50,2.25
2013.07.29 16:41:20.030,0.86408,0.86418,1.50,1.50
2013.07.29 16:41:20.549,0.86408,0.86418,1.50,1.50
2013.07.29 16:41:20.922,0.864,0.8641,1.50,1.69
2013.07.29 16:41:21.012,0.86406,0.86418,2.25,1.50
2013.07.29 16:41:21.539,0.86406,0.86418,3.19,1.50
2013.07.29 16:41:21.980,0.86401,0.86411,4.13,2.07
2013.07.29 16:41:22.601,0.86406,0.86418,1.32,1.13
2013.07.29 16:41:22.901,0.86403,0.86413,1.50,4.69
2013.07.29 16:41:23.141,0.86406,0.86418,1.32,3.38
2013.07.29 16:41:23.401,0.86402,0.86411,6.19,2.07
2013.07.29 16:41:26.661,0.86402,0.86411,1.50,1.88
2013.07.29 16:41:28.399,0.86402,0.86411,1.13,1.13
2013.07.29 16:41:30.301,0.86406,0.86418,1.32,1.88
2013.07.29 16:41:30.711,0.86404,0.86411,2.63,1.50
2013.07.29 16:41:31.250,0.86403,0.86411,1.50,2.82
2013.07.29 16:41:31.558,0.86403,0.86411,1.50,1.32
2013.07.29 16:41:32.888,0.864,0.86411,2.25,4.32
2013.07.29 16:41:33.910,0.86406,0.8642,1.32,2.63
2013.07.29 16:41:34.551,0.86407,0.8642,1.50,1.88
2013.07.29 16:41:35.151,0.86408,0.8642,2.44,1.13
2013.07.29 16:41:35.221,0.86401,0.86409,1.50,2.07
2013.07.29 16:41:35.570,0.8641,0.86422,2.63,2.25
2013.07.29 16:41:36.121,0.86409,0.86421,2.25,1.50
2013.07.29 16:41:36.870,0.8641,0.86423,1.13,1.50
2013.07.29 16:41:37.451,0.86401,0.86409,1.50,1.05
2013.07.29 16:41:37.990,0.86402,0.8641,3.94,1.32
2013.07.29 16:41:40.630,0.86402,0.86412,2.25,2.63
2013.07.29 16:41:41.050,0.86401,0.86411,1.13,1.50
2013.07.29 16:41:41.351,0.864,0.8641,2.63,5.63
2013.07.29 16:41:42.135,0.86398,0.8641,3.38,1.50
2013.07.29 16:41:44.961,0.86399,0.86411,1.69,1.32
2013.07.29 16:41:45.261,0.86401,0.86411,3.00,3.19
2013.07.29 16:41:45.561,0.86401,0.86412,1.88,1.50
2013.07.29 16:41:45.928,0.86401,0.86411,1.13,1.50
2013.07.29 16:41:45.996,0.864,0.8641,1.50,1.50
2013.07.29 16:41:49.170,0.86401,0.86409,1.13,1.69
2013.07.29 16:41:49.807,0.86401,0.8641,2.63,1.88
2013.07.29 16:41:50.352,0.86401,0.8641,3.23,3.00
2013.07.29 16:41:50.899,0.86403,0.86411,1.69,2.44
2013.07.29 16:41:51.158,0.86402,0.8641,3.00,3.00
2013.07.29 16:41:51.505,0.86401,0.86409,3.00,3.94
2013.07.29 16:41:52.191,0.86402,0.86411,2.63,2.82
2013.07.29 16:41:52.880,0.86402,0.86411,2.25,1.13
2013.07.29 16:41:55.521,0.86402,0.86413,1.69,1.13
2013.07.29 16:41:56.481,0.86402,0.86413,1.50,2.44
2013.07.29 16:41:56.820,0.8641,0.86423,1.13,3.00
2013.07.29 16:41:57.742,0.86401,0.86414,1.32,1.13
2013.07.29 16:41:58.281,0.86401,0.86414,2.35,2.44
2013.07.29 16:41:58.826,0.86403,0.86414,1.69,2.44
2013.07.29 16:41:58.898,0.86404,0.86414,3.94,2.25
2013.07.29 16:42:01.293,0.86404,0.86416,1.50,1.50
2013.07.29 16:42:01.633,0.8641,0.86422,1.13,1.88
2013.07.29 16:42:02.910,0.86409,0.86421,1.69,2.25
2013.07.29 16:42:03.313,0.86405,0.86416,1.06,1.50
2013.07.29 16:42:03.502,0.8641,0.86422,1.32,3.75
2013.07.29 16:42:03.852,0.86406,0.86415,2.85,1.50
2013.07.29 16:42:04.153,0.86406,0.86417,1.13,2.25
2013.07.29 16:42:04.692,0.86405,0.86415,2.82,3.94
2013.07.29 16:42:06.567,0.86409,0.86421,2.07,1.13
2013.07.29 16:42:06.930,0.86408,0.8642,2.44,2.25
2013.07.29 16:42:07.665,0.8641,0.86422,2.82,2.25
2013.07.29 16:42:07.910,0.8641,0.86422,3.19,1.50
2013.07.29 16:42:08.450,0.8641,0.86422,3.94,1.50
2013.07.29 16:42:08.751,0.86406,0.86414,2.44,1.50
2013.07.29 16:42:09.172,0.86405,0.86415,3.00,1.13
2013.07.29 16:42:10.331,0.86404,0.86415,2.25,3.38
2013.07.29 16:42:13.264,0.8641,0.86419,1.50,1.13
2013.07.29 16:42:13.511,0.86406,0.86417,2.07,1.13
2013.07.29 16:42:13.803,0.86406,0.86414,2.44,1.88
2013.07.29 16:42:14.050,0.86406,0.86417,2.07,1.13
2013.07.29 16:42:14.461,0.86408,0.86414,1.32,2.25
2013.07.29 16:42:14.590,0.86406,0.86417,1.88,1.88
2013.07.29 16:42:15.009,0.86407,0.86415,1.69,3.00
2013.07.29 16:42:16.380,0.86406,0.86417,1.69,1.88
2013.07.29 16:42:16.711,0.86407,0.86417,1.50,1.50
2013.07.29 16:42:16.743,0.86406,0.86415,2.63,4.13
2013.07.29 16:42:16.983,0.86405,0.86414,3.57,2.25
2013.07.29 16:42:17.521,0.86404,0.86414,3.38,1.69
2013.07.29 16:42:17.972,0.86406,0.86417,2.07,1.50
2013.07.29 16:42:19.331,0.86406,0.86416,1.50,3.57
2013.07.29 16:42:20.728,0.86407,0.86417,1.50,1.50
2013.07.29 16:42:21.280,0.86408,0.86417,1.50,1.50
2013.07.29 16:42:21.911,0.86405,0.86416,2.25,2.25
2013.07.29 16:42:22.863,0.86405,0.86416,1.13,1.54
2013.07.29 16:42:23.791,0.86406,0.86417,3.57,1.50
2013.07.29 16:42:24.202,0.86405,0.86413,2.82,1.13
2013.07.29 16:42:24.742,0.86404,0.86413,1.50,1.13
2013.07.29 16:42:25.949,0.86402,0.86411,2.44,3.19
2013.07.29 16:42:28.077,0.86407,0.86417,1.50,1.50
2013.07.29 16:42:28.552,0.86404,0.86413,1.50,1.50
2013.07.29 16:42:28.631,0.86408,0.86419,2.63,1.13
2013.07.29 16:42:28.934,0.86408,0.86419,1.13,1.13
2013.07.29 16:42:29.962,0.86406,0.86417,2.82,1.50
2013.07.29 16:42:30.213,0.86404,0.86413,3.75,2.25
2013.07.29 16:42:31.183,0.86404,0.86415,3.19,2.44
2013.07.29 16:42:31.729,0.86404,0.86415,1.50,1.50
2013.07.29 16:42:32.332,0.86403,0.86415,1.32,1.50
2013.07.29 16:42:32.852,0.86403,0.86415,1.88,1.50
2013.07.29 16:42:33.695,0.86407,0.86418,2.25,1.50
2013.07.29 16:42:33.833,0.86404,0.86416,1.50,1.50
2013.07.29 16:42:34.373,0.86404,0.86416,1.13,1.50
2013.07.29 16:42:34.390,0.86407,0.86419,3.75,1.50
2013.07.29 16:42:34.919,0.86403,0.86414,1.13,1.50
2013.07.29 16:42:35.462,0.86401,0.86413,1.50,1.50
2013.07.29 16:42:35.581,0.86402,0.86412,3.19,1.50
2013.07.29 16:42:35.701,0.86403,0.86415,1.50,1.13
2013.07.29 16:42:36.933,0.86404,0.86415,1.50,1.13
2013.07.29 16:42:37.472,0.86404,0.86414,1.13,1.50
2013.07.29 16:42:38.043,0.86408,0.86418,2.25,1.13
2013.07.29 16:42:42.561,0.86405,0.86413,1.50,1.88
2013.07.29 16:42:43.064,0.86408,0.86418,1.50,1.13
2013.07.29 16:42:43.102,0.86403,0.86412,1.50,1.88
2013.07.29 16:42:43.722,0.86408,0.86418,1.50,1.13
2013.07.29 16:42:45.062,0.86404,0.86411,1.50,2.25
2013.07.29 16:42:45.340,0.86408,0.86418,3.75,1.13
2013.07.29 16:42:45.602,0.86404,0.86411,1.88,1.50
2013.07.29 16:42:45.880,0.86408,0.86419,1.88,1.50
2013.07.29 16:42:46.269,0.86405,0.86412,2.25,2.25
2013.07.29 16:42:46.810,0.86404,0.86411,1.13,1.32
2013.07.29 16:42:47.942,0.86409,0.86422,2.82,1.50
2013.07.29 16:42:48.003,0.86412,0.86423,1.13,2.63
2013.07.29 16:42:48.202,0.86404,0.86411,3.00,2.25
2013.07.29 16:42:48.323,0.86405,0.86413,4.28,1.50
2013.07.29 16:42:48.560,0.86414,0.86424,1.13,1.50
2013.07.29 16:42:48.682,0.86406,0.86413,1.50,2.82
2013.07.29 16:42:49.411,0.86414,0.86424,1.13,1.50
2013.07.29 16:42:50.131,0.86413,0.86425,1.88,2.44
2013.07.29 16:42:50.770,0.86414,0.86425,1.13,3.19
2013.07.29 16:42:52.600,0.86414,0.86425,1.13,2.44
2013.07.29 16:42:53.141,0.86414,0.86423,1.13,1.50
2013.07.29 16:42:53.690,0.86413,0.86423,1.13,1.50
2013.07.29 16:42:54.701,0.86412,0.86423,1.50,3.00
2013.07.29 16:42:59.513,0.86407,0.86415,1.13,1.88
2013.07.29 16:43:01.661,0.86406,0.86416,1.50,1.50
2013.07.29 16:43:02.200,0.86404,0.86416,3.19,1.69
2013.07.29 16:43:06.051,0.86404,0.86414,1.69,1.50
2013.07.29 16:43:07.091,0.86405,0.86416,1.50,1.88
2013.07.29 16:43:07.832,0.86406,0.86417,1.50,2.25
2013.07.29 16:43:08.411,0.86406,0.86417,2.25,1.69
2013.07.29 16:43:08.592,0.86405,0.86415,1.50,1.69
2013.07.29 16:43:10.942,0.86405,0.86415,1.50,1.69
2013.07.29 16:43:11.302,0.86405,0.86416,3.00,1.13
2013.07.29 16:43:16.549,0.86407,0.86418,1.13,3.19
2013.07.29 16:43:16.610,0.86405,0.86416,1.13,2.44
2013.07.29 16:43:16.969,0.86406,0.86414,1.32,1.88
2013.07.29 16:43:17.141,0.86405,0.86415,2.25,2.55
2013.07.29 16:43:20.222,0.86405,0.86414,2.63,1.50
2013.07.29 16:43:20.761,0.86406,0.86415,3.19,3.38
2013.07.29 16:43:21.130,0.86407,0.86416,3.38,2.25
2013.07.29 16:43:21.372,0.86408,0.86414,2.44,1.13
2013.07.29 16:43:27.461,0.86406,0.86415,1.13,1.50
2013.07.29 16:43:27.582,0.86405,0.86414,1.50,1.13
2013.07.29 16:43:27.711,0.86412,0.86421,1.13,1.69
2013.07.29 16:43:29.112,0.86405,0.86415,2.63,2.44
2013.07.29 16:43:30.490,0.86411,0.86421,1.50,1.69
2013.07.29 16:43:30.850,0.86412,0.86421,1.50,1.69
2013.07.29 16:43:33.841,0.86405,0.86415,1.50,2.25
2013.07.29 16:43:34.381,0.86405,0.86414,2.44,1.50
2013.07.29 16:43:34.936,0.86405,0.86415,1.69,3.00
2013.07.29 16:43:35.657,0.86405,0.86415,2.63,2.85
2013.07.29 16:43:36.661,0.86412,0.86421,1.50,1.69
2013.07.29 16:43:36.721,0.8641,0.8642,2.25,1.50
2013.07.29 16:43:37.260,0.86409,0.86418,1.50,1.50
2013.07.29 16:43:37.816,0.86408,0.8642,2.25,1.13
2013.07.29 16:43:37.943,0.86409,0.86421,1.50,6.98
2013.07.29 16:43:38.481,0.86411,0.8642,1.50,1.13
2013.07.29 16:43:39.020,0.86411,0.8642,1.50,2.07
2013.07.29 16:43:40.620,0.86406,0.86416,2.44,2.07
2013.07.29 16:43:40.701,0.86408,0.86419,1.88,1.69
2013.07.29 16:43:40.760,0.86408,0.86419,1.13,1.69
2013.07.29 16:43:41.912,0.86408,0.86419,1.88,1.32
2013.07.29 16:43:42.031,0.86409,0.8642,1.50,3.75
2013.07.29 16:43:42.571,0.86412,0.8642,1.50,1.50
2013.07.29 16:43:43.120,0.86411,0.8642,1.13,2.63
2013.07.29 16:43:43.670,0.86411,0.86423,1.13,3.19
2013.07.29 16:43:44.022,0.86405,0.86417,2.82,2.25
2013.07.29 16:43:44.281,0.8641,0.86422,1.50,1.32
2013.07.29 16:43:44.610,0.86404,0.86416,2.25,2.82
2013.07.29 16:43:45.151,0.86405,0.86417,1.69,2.82
2013.07.29 16:43:45.991,0.86404,0.86416,1.50,1.69
2013.07.29 16:43:46.837,0.86406,0.86417,3.19,1.32
2013.07.29 16:43:47.139,0.86405,0.86417,1.13,1.50
2013.07.29 16:43:47.661,0.86411,0.86423,1.88,3.57
2013.07.29 16:43:48.200,0.86413,0.86423,1.13,1.13
2013.07.29 16:43:48.992,0.86412,0.86423,1.50,1.88
2013.07.29 16:43:49.531,0.8641,0.86421,2.25,1.50
2013.07.29 16:43:55.141,0.86404,0.86414,1.50,1.69
2013.07.29 16:43:55.202,0.86404,0.86414,2.44,1.50
2013.07.29 16:43:55.381,0.86404,0.86416,1.88,2.82
2013.07.29 16:44:12.739,0.86403,0.86413,1.88,2.25
2013.07.29 16:44:13.778,0.86402,0.86412,2.82,2.44
2013.07.29 16:44:14.438,0.864,0.86411,1.69,3.00
2013.07.29 16:44:15.766,0.864,0.8641,1.13,1.50
2013.07.29 16:44:16.948,0.86398,0.86409,3.19,2.44
2013.07.29 16:44:17.489,0.86398,0.86405,1.69,2.07
2013.07.29 16:44:18.028,0.86397,0.86406,2.44,2.25
2013.07.29 16:44:18.528,0.86396,0.86406,3.98,3.00
2013.07.29 16:44:19.990,0.86409,0.8642,2.25,1.88
2013.07.29 16:44:20.171,0.8641,0.8642,1.50,1.88
2013.07.29 16:44:23.151,0.86409,0.8642,1.50,2.63
2013.07.29 16:44:23.210,0.86408,0.8642,4.88,2.63
2013.07.29 16:44:24.009,0.86398,0.86408,2.25,1.32
2013.07.29 16:44:25.208,0.864,0.86409,3.19,3.19
2013.07.29 16:44:25.749,0.86399,0.8641,4.88,2.44
2013.07.29 16:44:25.859,0.86408,0.86419,2.63,1.50
2013.07.29 16:44:26.287,0.86401,0.86411,2.25,1.50
2013.07.29 16:44:26.792,0.86408,0.86419,2.63,2.25
2013.07.29 16:44:27.091,0.86408,0.86419,2.25,3.60
2013.07.29 16:44:27.570,0.86406,0.86417,1.50,3.19
2013.07.29 16:44:28.111,0.86405,0.86415,3.00,1.35
2013.07.29 16:44:28.350,0.86404,0.86415,1.13,1.35
2013.07.29 16:44:28.410,0.86404,0.86416,1.13,1.69
2013.07.29 16:44:29.709,0.86402,0.86412,2.25,3.38
2013.07.29 16:44:31.071,0.86405,0.86416,1.88,2.25
2013.07.29 16:44:31.459,0.86401,0.86412,2.44,1.69
2013.07.29 16:44:31.822,0.86405,0.86416,1.50,3.38
2013.07.29 16:44:31.998,0.864,0.8641,1.69,1.69
2013.07.29 16:44:32.062,0.86404,0.86414,1.88,1.88
2013.07.29 16:44:32.660,0.86404,0.86415,1.50,2.10
2013.07.29 16:44:32.908,0.86399,0.86409,2.44,1.50
2013.07.29 16:44:32.961,0.86403,0.86413,2.25,3.00
2013.07.29 16:44:33.028,0.86399,0.86407,1.50,1.13
2013.07.29 16:44:33.501,0.86402,0.86411,1.13,1.88
2013.07.29 16:44:33.831,0.86404,0.86413,1.13,2.25
2013.07.29 16:44:34.228,0.864,0.8641,3.19,1.69
2013.07.29 16:44:34.383,0.86403,0.86414,1.50,2.25
2013.07.29 16:44:34.805,0.86403,0.86413,1.50,2.25
2013.07.29 16:44:35.351,0.86404,0.86415,1.88,2.07
2013.07.29 16:44:35.369,0.86401,0.86412,1.88,1.13
2013.07.29 16:44:35.428,0.86402,0.86414,1.50,2.25
2013.07.29 16:44:35.549,0.86402,0.86413,2.44,2.63
2013.07.29 16:44:35.901,0.86405,0.86415,1.13,2.44
2013.07.29 16:44:36.143,0.86403,0.86415,3.00,2.82
2013.07.29 16:44:36.332,0.86403,0.86413,1.50,1.50
2013.07.29 16:44:36.871,0.86403,0.86414,1.50,1.50
2013.07.29 16:44:41.378,0.86401,0.86413,2.63,1.41
2013.07.29 16:44:42.541,0.86403,0.86412,1.50,1.13
2013.07.29 16:44:42.722,0.86402,0.86411,1.13,1.13
2013.07.29 16:44:43.819,0.86401,0.86413,1.69,1.50
2013.07.29 16:44:43.939,0.86402,0.86414,1.50,2.63
2013.07.29 16:44:44.011,0.86399,0.86411,2.25,1.88
2013.07.29 16:44:44.191,0.864,0.86411,1.13,1.50
2013.07.29 16:44:44.493,0.86402,0.86411,1.13,1.50
2013.07.29 16:44:44.612,0.86405,0.86412,1.13,1.50
2013.07.29 16:44:44.792,0.86403,0.86414,1.13,1.50
2013.07.29 16:44:45.030,0.86405,0.86414,1.50,1.50
2013.07.29 16:44:45.151,0.86403,0.86414,1.13,1.50
2013.07.29 16:44:48.880,0.86403,0.86414,1.13,1.50
2013.07.29 16:44:49.428,0.86404,0.86414,1.13,1.50
2013.07.29 16:44:50.269,0.86404,0.86413,2.25,1.13
2013.07.29 16:44:50.829,0.86403,0.86412,2.44,2.25
2013.07.29 16:44:55.060,0.86401,0.86411,4.32,2.25
2013.07.29 16:44:57.598,0.864,0.8641,2.44,3.57
2013.07.29 16:44:58.888,0.86401,0.86409,1.50,1.13
2013.07.29 16:45:00.645,0.86401,0.86409,1.50,1.50
2013.07.29 16:45:01.184,0.86399,0.86409,3.57,4.32
2013.07.29 16:45:04.181,0.86405,0.86416,2.63,4.69
2013.07.29 16:45:04.482,0.86405,0.86417,2.63,3.00
2013.07.29 16:45:04.601,0.86405,0.86417,3.38,3.00
2013.07.29 16:45:04.925,0.86399,0.86408,2.25,3.19
2013.07.29 16:45:08.464,0.86397,0.86406,1.50,1.13
2013.07.29 16:45:08.791,0.86406,0.86417,4.13,2.25
2013.07.29 16:45:09.004,0.86398,0.86407,1.88,1.50
2013.07.29 16:45:09.152,0.86408,0.86418,1.13,1.50
2013.07.29 16:45:18.645,0.864,0.86408,1.13,1.60
2013.07.29 16:45:19.355,0.86401,0.86408,3.00,2.25
2013.07.29 16:45:20.221,0.86407,0.86417,1.88,1.50
2013.07.29 16:45:20.395,0.86401,0.86408,1.50,1.50
2013.07.29 16:45:21.135,0.864,0.86407,1.50,3.00
2013.07.29 16:45:21.445,0.86398,0.86406,2.25,2.25
2013.07.29 16:45:23.723,0.86397,0.86404,4.13,2.25
2013.07.29 16:45:27.313,0.86397,0.86406,3.75,1.13
2013.07.29 16:45:31.045,0.86395,0.86407,2.82,3.19
2013.07.29 16:45:32.581,0.86407,0.86416,1.50,1.69
2013.07.29 16:45:32.942,0.86403,0.86414,2.25,1.88
2013.07.29 16:45:33.012,0.86403,0.86414,2.25,1.88
2013.07.29 16:45:33.534,0.86395,0.86405,1.50,1.50
2013.07.29 16:45:34.290,0.86403,0.86414,2.25,1.13
2013.07.29 16:45:34.471,0.86406,0.86415,1.50,1.50
2013.07.29 16:45:35.535,0.86394,0.86405,2.25,2.44
2013.07.29 16:45:36.690,0.86403,0.86415,3.75,3.00
2013.07.29 16:45:37.430,0.86403,0.86415,4.50,2.25
2013.07.29 16:45:38.570,0.86403,0.86414,4.50,1.50
2013.07.29 16:45:39.110,0.86403,0.86413,1.50,2.25
2013.07.29 16:45:39.273,0.86393,0.86403,1.13,1.13
2013.07.29 16:45:39.882,0.86394,0.86405,1.50,1.50
2013.07.29 16:45:40.064,0.86396,0.86407,1.50,2.07
2013.07.29 16:45:40.150,0.86403,0.86413,2.25,1.69
2013.07.29 16:45:41.511,0.86403,0.86413,1.50,2.82
2013.07.29 16:45:41.872,0.86403,0.86413,1.50,2.82
2013.07.29 16:45:42.178,0.86395,0.86405,2.25,1.13
2013.07.29 16:45:42.410,0.86403,0.86413,1.50,1.69
2013.07.29 16:45:42.915,0.86403,0.86411,1.50,1.50
2013.07.29 16:45:43.226,0.86398,0.86408,3.00,1.50
2013.07.29 16:45:43.485,0.86394,0.86404,1.88,1.13
2013.07.29 16:45:43.771,0.86398,0.86409,1.88,3.00
2013.07.29 16:45:44.025,0.86396,0.86406,4.13,1.50
2013.07.29 16:45:46.741,0.86398,0.86409,2.63,3.00
2013.07.29 16:45:46.921,0.86399,0.86409,1.50,1.50
2013.07.29 16:45:47.461,0.86398,0.86409,2.63,1.50
2013.07.29 16:45:48.911,0.86398,0.86409,3.38,2.25
2013.07.29 16:45:55.495,0.86397,0.86406,1.50,1.50
2013.07.29 16:45:55.642,0.86398,0.86409,4.13,1.69
2013.07.29 16:45:56.035,0.86395,0.86405,1.50,0.75
2013.07.29 16:45:56.904,0.86396,0.86406,2.44,1.88
2013.07.29 16:45:57.084,0.86398,0.86408,2.07,1.50
2013.07.29 16:45:57.922,0.86398,0.86407,2.25,1.50
2013.07.29 16:45:58.403,0.86399,0.8641,3.38,2.25
2013.07.29 16:45:58.462,0.86401,0.8641,1.13,2.25
2013.07.29 16:45:59.002,0.86403,0.86411,1.50,2.07
2013.07.29 16:46:00.864,0.86402,0.86411,1.13,1.69
2013.07.29 16:46:01.171,0.86403,0.86412,1.50,2.25
2013.07.29 16:46:03.272,0.86403,0.86413,1.50,3.00
2013.07.29 16:46:03.571,0.86403,0.86415,1.88,3.19
2013.07.29 16:46:03.691,0.86404,0.86415,1.50,2.44
2013.07.29 16:46:04.051,0.86404,0.86415,1.50,2.44
2013.07.29 16:46:05.059,0.86404,0.86415,1.88,2.25
2013.07.29 16:46:05.638,0.86404,0.86415,1.50,1.50
2013.07.29 16:46:06.092,0.86404,0.86415,1.50,1.50
2013.07.29 16:46:11.722,0.86402,0.86414,4.13,1.50
2013.07.29 16:46:12.231,0.86402,0.86414,4.13,2.25
2013.07.29 16:46:12.615,0.86397,0.86407,1.13,1.13
2013.07.29 16:46:13.038,0.86402,0.86414,4.13,1.69
2013.07.29 16:46:14.085,0.86397,0.86405,1.88,1.50
2013.07.29 16:46:14.444,0.86396,0.86407,1.50,2.63
2013.07.29 16:46:14.771,0.86402,0.86414,2.25,2.07
2013.07.29 16:46:14.892,0.86401,0.86412,2.25,1.50
2013.07.29 16:46:15.371,0.864,0.86411,2.25,3.60
2013.07.29 16:46:15.852,0.86399,0.86409,1.13,1.50
2013.07.29 16:46:16.384,0.86398,0.86409,3.00,1.50
2013.07.29 16:46:17.132,0.86398,0.86409,3.00,1.50
2013.07.29 16:46:17.660,0.86398,0.86409,1.50,1.50
2013.07.29 16:46:18.801,0.86398,0.86409,3.75,1.50
2013.07.29 16:46:19.340,0.86398,0.8641,1.50,3.79
2013.07.29 16:46:19.881,0.86398,0.8641,1.50,3.79
2013.07.29 16:46:20.945,0.86396,0.86406,1.50,1.13
2013.07.29 16:46:23.603,0.86398,0.86408,1.50,2.63
2013.07.29 16:46:27.185,0.86396,0.86407,1.13,3.00
2013.07.29 16:46:27.912,0.86399,0.8641,2.25,2.29
2013.07.29 16:46:28.329,0.86396,0.86406,2.25,1.50
2013.07.29 16:46:28.932,0.86397,0.86406,1.50,1.13
2013.07.29 16:46:31.045,0.86397,0.86406,2.25,2.25
2013.07.29 16:46:32.005,0.86397,0.86407,1.88,1.50
2013.07.29 16:46:32.364,0.86395,0.86407,2.48,2.82
2013.07.29 16:46:32.423,0.86395,0.86407,2.25,2.63
2013.07.29 16:46:32.943,0.86395,0.86406,1.13,1.50
2013.07.29 16:46:33.495,0.86396,0.86407,2.44,1.88
2013.07.29 16:46:35.730,0.864,0.8641,2.25,1.35
2013.07.29 16:46:35.925,0.86395,0.86407,2.63,2.25
2013.07.29 16:46:36.105,0.86394,0.86405,2.25,1.13
2013.07.29 16:46:36.644,0.86394,0.86402,1.50,1.32
2013.07.29 16:46:37.814,0.86395,0.86405,1.13,1.88
2013.07.29 16:46:38.245,0.86396,0.86404,1.50,3.57
2013.07.29 16:46:38.844,0.86396,0.86404,1.50,3.00
2013.07.29 16:46:39.021,0.864,0.8641,3.38,1.35
2013.07.29 16:46:39.023,0.86395,0.86406,1.32,2.07
2013.07.29 16:46:39.367,0.86401,0.86413,1.50,7.73
2013.07.29 16:46:39.444,0.86395,0.86406,2.25,1.50
2013.07.29 16:46:39.684,0.86396,0.86406,1.88,1.50
2013.07.29 16:46:39.910,0.86403,0.86415,3.00,2.63
2013.07.29 16:46:40.111,0.86399,0.86406,1.50,1.69
2013.07.29 16:46:40.211,0.86404,0.86415,1.50,1.88
2013.07.29 16:46:40.414,0.86398,0.86405,4.32,2.07
2013.07.29 16:46:40.774,0.86398,0.86406,1.32,1.50
2013.07.29 16:46:40.831,0.86403,0.86415,1.88,1.88
2013.07.29 16:46:41.190,0.864,0.86412,2.63,1.88
2013.07.29 16:46:41.314,0.864,0.86408,1.69,1.50
2013.07.29 16:46:41.974,0.86397,0.86407,2.25,2.25
2013.07.29 16:46:42.092,0.86399,0.8641,3.00,2.85
2013.07.29 16:46:42.404,0.86396,0.86407,1.32,1.50
2013.07.29 16:46:42.585,0.86396,0.86406,2.44,1.50
2013.07.29 16:46:42.824,0.86396,0.86406,1.13,4.13
2013.07.29 16:46:43.731,0.864,0.8641,1.50,2.85
2013.07.29 16:46:45.122,0.864,0.8641,1.50,2.85
2013.07.29 16:46:45.724,0.86399,0.8641,4.50,2.85
2013.07.29 16:46:46.514,0.86397,0.86407,2.10,1.88
2013.07.29 16:46:48.175,0.86396,0.86406,1.50,3.00
2013.07.29 16:46:51.081,0.86401,0.86412,1.13,3.00
2013.07.29 16:46:51.381,0.86402,0.86415,1.88,3.19
2013.07.29 16:46:51.860,0.86402,0.86415,1.88,3.19
2013.07.29 16:46:52.440,0.86396,0.86406,2.25,1.50
2013.07.29 16:46:52.965,0.86396,0.86406,1.50,2.63
2013.07.29 16:46:54.815,0.86396,0.86406,1.13,2.25
2013.07.29 16:46:55.026,0.86403,0.86415,1.50,3.94
2013.07.29 16:46:55.355,0.86396,0.86405,2.44,1.88
2013.07.29 16:46:55.895,0.86396,0.86406,3.23,3.19
2013.07.29 16:46:56.434,0.86396,0.86406,1.69,1.50
2013.07.29 16:46:56.915,0.86397,0.86406,3.19,4.13
2013.07.29 16:46:57.573,0.86397,0.86406,2.25,2.82
2013.07.29 16:46:57.702,0.86397,0.86407,1.50,1.88
2013.07.29 16:46:58.245,0.86396,0.86408,1.13,2.07
2013.07.29 16:46:58.754,0.86399,0.86407,1.69,3.00
2013.07.29 16:47:01.173,0.86398,0.86406,1.50,2.25
2013.07.29 16:47:01.902,0.86396,0.86405,1.69,1.13
2013.07.29 16:47:03.180,0.86403,0.86415,3.00,2.25
2013.07.29 16:47:03.421,0.86403,0.86412,3.00,1.13
2013.07.29 16:47:03.722,0.86402,0.86409,1.50,1.13
2013.07.29 16:47:04.202,0.864,0.86411,3.00,2.67
2013.07.29 16:47:04.441,0.86403,0.86411,1.50,1.69
2013.07.29 16:47:06.032,0.86395,0.86404,1.50,1.50
2013.07.29 16:47:09.623,0.86394,0.86404,1.50,3.23
2013.07.29 16:47:09.715,0.86403,0.86412,1.50,1.88
2013.07.29 16:47:10.972,0.86396,0.86405,2.07,1.13
2013.07.29 16:47:12.102,0.86396,0.86405,1.69,2.44
2013.07.29 16:47:12.354,0.86403,0.86411,1.50,1.13
2013.07.29 16:47:12.771,0.86401,0.86411,2.25,1.13
2013.07.29 16:47:13.411,0.86401,0.86411,2.25,1.13
2013.07.29 16:47:18.071,0.86403,0.86411,1.50,1.50
2013.07.29 16:47:20.993,0.86396,0.86405,2.44,2.44
2013.07.29 16:47:29.181,0.86402,0.86413,2.25,1.88
2013.07.29 16:47:29.241,0.86402,0.86413,2.25,1.50
2013.07.29 16:47:31.781,0.86402,0.86413,3.00,1.50
2013.07.29 16:47:35.789,0.86394,0.86404,1.50,1.13
2013.07.29 16:47:36.146,0.86403,0.86413,1.50,1.50
2013.07.29 16:47:37.412,0.86403,0.86411,1.50,1.50
2013.07.29 16:47:37.651,0.864,0.8641,2.25,1.13
2013.07.29 16:47:37.961,0.86399,0.86408,1.50,1.50
2013.07.29 16:47:38.586,0.86398,0.86408,1.50,1.50
2013.07.29 16:47:38.902,0.86394,0.86404,3.94,2.82
2013.07.29 16:47:40.534,0.86398,0.8641,2.63,3.79
2013.07.29 16:47:40.962,0.86398,0.86409,1.50,2.63
2013.07.29 16:47:41.011,0.86394,0.86404,2.25,1.13
2013.07.29 16:47:41.261,0.86398,0.86409,1.50,1.88
2013.07.29 16:47:41.682,0.86399,0.8641,1.50,1.50
2013.07.29 16:47:42.422,0.86401,0.86411,1.88,1.13
2013.07.29 16:47:42.964,0.86401,0.86412,1.13,2.25
2013.07.29 16:47:43.273,0.86394,0.86404,4.50,1.50
2013.07.29 16:47:43.393,0.86395,0.86404,1.50,1.13
2013.07.29 16:47:43.931,0.86399,0.86411,3.38,1.88
2013.07.29 16:47:44.412,0.86399,0.86411,2.82,1.88
2013.07.29 16:47:44.991,0.86399,0.86411,3.57,3.60
2013.07.29 16:47:45.541,0.864,0.86411,1.32,1.50
2013.07.29 16:47:45.961,0.86399,0.86411,2.25,1.50
2013.07.29 16:47:46.521,0.86399,0.86411,2.25,2.25
2013.07.29 16:47:48.862,0.86399,0.86411,2.82,2.63
2013.07.29 16:47:49.892,0.86396,0.86406,2.82,1.50
2013.07.29 16:47:51.331,0.86399,0.86411,1.88,3.00
2013.07.29 16:47:51.832,0.86399,0.86411,2.63,2.25
2013.07.29 16:47:53.740,0.86399,0.86411,1.88,2.25
2013.07.29 16:47:54.651,0.86399,0.86411,1.88,2.25
2013.07.29 16:47:55.261,0.86399,0.8641,1.50,1.50
2013.07.29 16:47:55.933,0.86394,0.86404,1.13,2.25
2013.07.29 16:47:56.331,0.86399,0.8641,1.88,1.50
2013.07.29 16:47:58.019,0.86399,0.86411,2.63,3.00
2013.07.29 16:47:59.381,0.86399,0.8641,2.07,1.50
2013.07.29 16:48:00.372,0.86398,0.8641,2.07,1.50
2013.07.29 16:48:00.851,0.86398,0.86409,2.07,1.50
2013.07.29 16:48:03.129,0.86392,0.86402,2.63,2.07
2013.07.29 16:48:03.669,0.86393,0.864,4.32,1.13
2013.07.29 16:48:04.112,0.86397,0.86409,3.94,1.50
2013.07.29 16:48:04.670,0.86397,0.86408,3.00,1.50
2013.07.29 16:48:06.347,0.86397,0.86407,3.19,2.10
2013.07.29 16:48:06.922,0.86397,0.86406,2.63,1.13
2013.07.29 16:48:10.921,0.86397,0.86405,2.25,1.13
2013.07.29 16:48:11.468,0.86397,0.86405,2.25,1.13
2013.07.29 16:48:12.814,0.86397,0.86405,2.25,1.13
2013.07.29 16:48:13.300,0.86389,0.86401,2.25,2.44
2013.07.29 16:48:13.360,0.86391,0.86401,1.50,1.50
2013.07.29 16:48:13.721,0.86393,0.86405,3.19,1.88
2013.07.29 16:48:14.261,0.86393,0.86405,2.44,2.63
2013.07.29 16:48:15.411,0.86394,0.86405,1.13,1.50
2013.07.29 16:48:15.591,0.86394,0.86406,1.88,1.50
2013.07.29 16:48:15.831,0.86396,0.86408,1.50,2.07
2013.07.29 16:48:15.951,0.86396,0.86407,2.25,1.50
2013.07.29 16:48:16.491,0.86396,0.86405,1.50,1.50
2013.07.29 16:48:17.064,0.86396,0.86406,1.50,1.50
2013.07.29 16:48:23.816,0.86391,0.86401,2.44,1.50
2013.07.29 16:48:27.069,0.86391,0.86401,2.82,1.50
2013.07.29 16:48:27.250,0.8639,0.86402,0.75,0.38
2013.07.29 16:48:28.108,0.86389,0.86401,2.44,2.25
2013.07.29 16:48:29.239,0.86391,0.86402,2.44,2.25
2013.07.29 16:48:29.431,0.86397,0.86407,1.50,2.25
2013.07.29 16:48:29.621,0.86397,0.86407,2.25,1.50
2013.07.29 16:48:29.981,0.86397,0.86407,1.50,1.13
2013.07.29 16:48:30.059,0.86389,0.86402,2.44,2.25
2013.07.29 16:48:30.221,0.86394,0.86407,1.69,1.13
2013.07.29 16:48:30.359,0.86391,0.86402,1.50,1.50
2013.07.29 16:48:31.101,0.86394,0.86407,1.69,1.13
2013.07.29 16:48:31.494,0.8639,0.864,1.13,1.50
2013.07.29 16:48:31.622,0.86389,0.86399,1.13,1.13
2013.07.29 16:48:32.058,0.86392,0.86399,1.50,1.50
2013.07.29 16:48:32.358,0.8639,0.86401,2.63,2.25
2013.07.29 16:48:32.479,0.8639,0.86401,1.50,2.63
2013.07.29 16:48:32.786,0.8639,0.86402,1.88,1.13
2013.07.29 16:48:32.969,0.86392,0.86402,1.13,2.82
2013.07.29 16:48:36.029,0.86391,0.86402,2.07,1.50
2013.07.29 16:48:36.089,0.8639,0.86401,2.10,2.25
2013.07.29 16:48:37.147,0.86388,0.864,2.85,2.25
2013.07.29 16:48:37.361,0.86396,0.86408,2.63,1.50
2013.07.29 16:48:37.481,0.86397,0.86408,1.13,1.50
2013.07.29 16:48:38.267,0.86388,0.86398,1.50,2.25
2013.07.29 16:48:38.457,0.86389,0.864,3.38,1.50
2013.07.29 16:48:38.655,0.86389,0.864,2.82,2.44
2013.07.29 16:48:39.346,0.86389,0.864,2.25,3.00
2013.07.29 16:48:39.588,0.8639,0.864,1.13,1.69
2013.07.29 16:48:40.176,0.86398,0.86409,2.25,1.35
2013.07.29 16:48:43.106,0.86392,0.86401,3.57,1.69
2013.07.29 16:48:44.621,0.86398,0.86409,1.50,2.85
2013.07.29 16:48:44.741,0.86396,0.86408,2.82,1.13
2013.07.29 16:48:45.162,0.86397,0.86409,1.50,3.94
2013.07.29 16:48:45.283,0.86397,0.86409,1.32,3.00
2013.07.29 16:48:45.831,0.86398,0.8641,1.13,1.13
2013.07.29 16:48:47.918,0.86389,0.86402,0.75,0.75
2013.07.29 16:48:48.459,0.86389,0.86403,1.50,1.32
2013.07.29 16:48:48.811,0.86398,0.86409,2.07,1.13
2013.07.29 16:48:48.999,0.86391,0.86402,2.44,2.25
2013.07.29 16:48:49.691,0.86389,0.864,3.75,3.57
2013.07.29 16:48:50.199,0.8639,0.86401,1.13,1.69
2013.07.29 16:48:50.738,0.8639,0.86401,1.50,2.25
2013.07.29 16:48:50.919,0.86389,0.864,1.32,1.69
2013.07.29 16:48:50.978,0.86389,0.86401,1.69,1.50
2013.07.29 16:48:53.360,0.86389,0.86399,2.44,1.69
2013.07.29 16:48:53.440,0.8639,0.86399,2.07,1.69
2013.07.29 16:48:53.880,0.86389,0.86401,2.63,2.07
2013.07.29 16:48:54.238,0.86389,0.86401,4.50,2.44
2013.07.29 16:48:54.779,0.8639,0.86402,1.69,1.13
2013.07.29 16:48:55.329,0.8639,0.86402,2.25,1.35
2013.07.29 16:48:56.048,0.8639,0.86402,1.50,1.50
2013.07.29 16:48:56.591,0.86391,0.86401,1.50,1.88
2013.07.29 16:48:59.108,0.86389,0.86401,3.42,2.44
2013.07.29 16:48:59.649,0.86391,0.86402,2.07,1.50
2013.07.29 16:48:59.889,0.86392,0.86404,2.63,2.82
2013.07.29 16:49:01.776,0.86398,0.86411,1.50,3.38
2013.07.29 16:49:04.204,0.86393,0.86404,1.50,1.69
2013.07.29 16:49:06.312,0.86394,0.86405,2.25,1.50
2013.07.29 16:49:06.842,0.86395,0.86406,1.13,1.50
2013.07.29 16:49:07.394,0.86396,0.86406,1.50,1.50
2013.07.29 16:49:07.412,0.86398,0.86411,1.50,3.38
2013.07.29 16:49:07.754,0.86396,0.86406,3.19,1.13
2013.07.29 16:49:07.951,0.86399,0.86411,1.50,2.25
2013.07.29 16:49:09.040,0.86394,0.86405,1.69,1.69
2013.07.29 16:49:10.984,0.86395,0.86406,3.00,3.94
2013.07.29 16:49:11.532,0.86396,0.86407,1.50,2.25
2013.07.29 16:49:11.728,0.86396,0.86406,3.00,1.69
2013.07.29 16:49:12.045,0.86395,0.86407,1.50,1.13
2013.07.29 16:49:12.284,0.86395,0.86407,1.88,2.25
2013.07.29 16:49:12.351,0.86401,0.86411,1.13,1.13
2013.07.29 16:49:12.403,0.86395,0.86406,1.50,2.44
2013.07.29 16:49:12.645,0.86396,0.86407,1.50,2.25
2013.07.29 16:49:12.651,0.86401,0.86413,3.75,3.19
2013.07.29 16:49:12.705,0.86399,0.86406,1.50,2.63
2013.07.29 16:49:13.063,0.86397,0.86407,6.19,1.32
2013.07.29 16:49:13.223,0.86402,0.86413,1.13,2.25
2013.07.29 16:49:13.933,0.86394,0.86406,2.25,2.44
2013.07.29 16:49:14.401,0.86401,0.86413,2.44,2.25
2013.07.29 16:49:14.906,0.86395,0.86406,3.00,1.50
2013.07.29 16:49:15.417,0.86395,0.86406,2.25,1.69
2013.07.29 16:49:15.780,0.86396,0.86405,5.63,1.50
2013.07.29 16:49:16.084,0.86396,0.86404,1.50,4.13
2013.07.29 16:49:16.645,0.86401,0.86413,1.32,2.25
2013.07.29 16:49:17.175,0.86396,0.86407,1.05,1.07
2013.07.29 16:49:17.191,0.864,0.86412,2.82,1.50
2013.07.29 16:49:17.705,0.86397,0.86408,2.44,1.50
2013.07.29 16:49:18.305,0.86398,0.86407,2.48,2.25
2013.07.29 16:49:18.926,0.86395,0.86407,1.50,1.69
2013.07.29 16:49:18.984,0.86395,0.86407,3.57,1.88
2013.07.29 16:49:19.292,0.86397,0.86407,1.69,3.57
2013.07.29 16:49:19.362,0.86397,0.86407,3.38,2.63
2013.07.29 16:49:19.855,0.86396,0.86408,2.25,1.13
2013.07.29 16:49:20.285,0.86396,0.86407,3.19,1.13
2013.07.29 16:49:20.532,0.86395,0.86406,1.50,1.32
2013.07.29 16:49:20.594,0.86394,0.86405,3.00,1.13
2013.07.29 16:49:20.844,0.86395,0.86404,4.13,1.88
2013.07.29 16:49:21.623,0.86395,0.86405,2.44,3.94
2013.07.29 16:49:21.683,0.86394,0.86404,1.69,1.88
2013.07.29 16:49:23.468,0.86394,0.86406,1.50,3.00
2013.07.29 16:49:24.055,0.86395,0.86406,2.44,2.44
2013.07.29 16:49:24.963,0.86396,0.86406,1.13,1.50
2013.07.29 16:49:25.270,0.86396,0.86403,1.13,3.57
2013.07.29 16:49:25.582,0.86397,0.86403,2.10,1.50
2013.07.29 16:49:26.003,0.86394,0.86405,4.32,1.69
2013.07.29 16:49:26.245,0.86395,0.86405,1.50,1.50
2013.07.29 16:49:28.654,0.86396,0.86407,4.13,1.50
2013.07.29 16:49:28.884,0.86401,0.86413,1.50,3.75
2013.07.29 16:49:29.245,0.86396,0.86408,1.50,0.75
2013.07.29 16:49:30.946,0.86395,0.86408,3.75,3.94
2013.07.29 16:49:32.978,0.86401,0.86413,1.69,2.63
2013.07.29 16:49:36.731,0.86402,0.86413,2.63,1.50
2013.07.29 16:49:37.295,0.86403,0.86413,1.50,1.50
2013.07.29 16:49:39.853,0.86402,0.86413,3.19,2.25
2013.07.29 16:49:40.411,0.86402,0.86413,1.50,1.88
2013.07.29 16:49:44.694,0.86395,0.86407,2.25,2.25
2013.07.29 16:49:47.506,0.86396,0.86408,1.50,1.32
2013.07.29 16:49:48.062,0.86394,0.86406,2.63,1.41
2013.07.29 16:49:48.723,0.86394,0.86406,2.25,1.50
2013.07.29 16:49:49.575,0.86395,0.86407,3.00,2.25
2013.07.29 16:49:50.256,0.86394,0.86405,2.07,1.32
2013.07.29 16:49:50.861,0.86394,0.86403,1.32,3.42
2013.07.29 16:49:51.402,0.86394,0.86406,3.94,2.07
2013.07.29 16:49:52.505,0.86393,0.86405,1.13,1.50
2013.07.29 16:49:53.045,0.86393,0.86403,1.69,1.69
2013.07.29 16:49:53.286,0.86393,0.86404,1.32,1.50
2013.07.29 16:49:53.330,0.86401,0.86413,2.82,2.63
2013.07.29 16:49:53.851,0.86401,0.86413,2.82,1.88
2013.07.29 16:49:53.946,0.86394,0.86405,1.50,3.38
2013.07.29 16:49:54.484,0.86395,0.86407,1.50,1.88
2013.07.29 16:49:55.396,0.86396,0.86407,3.30,2.25
2013.07.29 16:49:55.515,0.86396,0.86407,1.13,1.13
2013.07.29 16:49:56.055,0.86395,0.86407,2.82,4.69
2013.07.29 16:49:56.355,0.86395,0.86407,2.25,2.25
2013.07.29 16:49:56.715,0.86396,0.86407,1.50,1.50
2013.07.29 16:49:57.075,0.86395,0.86404,3.00,1.88
2013.07.29 16:49:57.254,0.86395,0.86406,2.25,1.50
2013.07.29 16:49:59.062,0.86401,0.86413,1.32,2.63
2013.07.29 16:49:59.601,0.86401,0.86413,2.07,3.75
2013.07.29 16:50:00.131,0.86402,0.86413,1.69,2.25
2013.07.29 16:50:00.237,0.86397,0.86407,2.25,1.32
2013.07.29 16:50:02.827,0.86396,0.86407,3.94,1.50
2013.07.29 16:50:20.897,0.86397,0.86408,3.00,1.69
2013.07.29 16:50:20.957,0.86398,0.86409,1.88,2.25
2013.07.29 16:50:20.961,0.86401,0.86413,1.69,2.25
2013.07.29 16:50:21.263,0.864,0.86412,1.32,1.13
2013.07.29 16:50:21.317,0.86396,0.86408,1.50,1.50
2013.07.29 16:50:21.382,0.864,0.86413,1.69,2.63
2013.07.29 16:50:21.625,0.86402,0.86413,1.50,1.50
2013.07.29 16:50:21.933,0.86405,0.86414,1.13,2.25
2013.07.29 16:50:22.291,0.86406,0.86414,1.13,2.25
2013.07.29 16:50:22.531,0.86406,0.86417,1.13,2.82
2013.07.29 16:50:23.071,0.86405,0.86417,2.25,1.69
2013.07.29 16:50:23.611,0.86405,0.86416,2.25,1.50
2013.07.29 16:50:26.047,0.86396,0.86407,1.50,4.32
2013.07.29 16:50:28.488,0.86398,0.86409,2.85,1.50
2013.07.29 16:50:29.027,0.86399,0.86408,3.94,7.35
2013.07.29 16:50:30.646,0.86401,0.8641,2.44,1.50
2013.07.29 16:50:33.152,0.86403,0.86416,4.32,1.88
2013.07.29 16:50:33.271,0.86403,0.86414,2.07,1.50
2013.07.29 16:50:35.186,0.86398,0.86409,1.50,1.13
2013.07.29 16:50:36.937,0.86398,0.86409,1.88,1.77
2013.07.29 16:50:39.123,0.86397,0.86408,1.13,1.41
2013.07.29 16:50:39.907,0.86397,0.86408,1.32,1.13
2013.07.29 16:50:40.446,0.86397,0.86408,1.50,2.82
2013.07.29 16:50:40.865,0.86396,0.86409,2.44,1.35
2013.07.29 16:50:43.169,0.86403,0.86413,1.32,1.50
2013.07.29 16:50:43.293,0.86401,0.86413,3.00,1.88
2013.07.29 16:50:43.715,0.864,0.86412,1.13,1.13
2013.07.29 16:50:44.144,0.86401,0.86413,2.63,3.38
2013.07.29 16:50:44.331,0.86401,0.86414,3.38,4.69
2013.07.29 16:50:44.873,0.86401,0.86412,1.88,2.10
2013.07.29 16:50:46.537,0.86395,0.86407,1.50,4.13
2013.07.29 16:50:46.571,0.864,0.86412,1.69,2.85
2013.07.29 16:50:48.451,0.864,0.86412,2.82,2.10
2013.07.29 16:50:50.863,0.86395,0.86405,3.75,1.50
2013.07.29 16:50:52.184,0.86396,0.86408,1.50,2.25
2013.07.29 16:50:52.222,0.86401,0.86413,1.32,1.50
2013.07.29 16:50:52.606,0.86396,0.86409,2.07,1.13
2013.07.29 16:50:52.786,0.86397,0.86408,4.50,1.50
2013.07.29 16:50:52.921,0.86402,0.86413,1.13,1.50
2013.07.29 16:50:52.982,0.86404,0.86415,1.13,3.57
2013.07.29 16:50:53.086,0.86398,0.86408,2.63,2.25
2013.07.29 16:50:53.221,0.86404,0.86413,1.88,1.50
2013.07.29 16:50:53.275,0.86398,0.86408,1.50,1.50
2013.07.29 16:50:53.342,0.86404,0.86415,1.88,1.13
2013.07.29 16:50:53.345,0.86397,0.86407,1.69,3.19
2013.07.29 16:50:53.881,0.86404,0.86414,1.50,1.50
2013.07.29 16:50:54.707,0.86396,0.86406,2.44,2.44
2013.07.29 16:50:55.293,0.86404,0.86414,1.50,1.50
2013.07.29 16:50:55.472,0.86403,0.86416,3.57,3.75
2013.07.29 16:50:56.101,0.86403,0.86416,3.57,1.50
2013.07.29 16:50:57.167,0.86403,0.86415,1.69,2.63
2013.07.29 16:50:57.711,0.86403,0.86415,1.13,2.25
2013.07.29 16:50:58.085,0.86397,0.86408,1.32,3.94
2013.07.29 16:51:00.440,0.86395,0.86406,2.63,2.25
2013.07.29 16:51:00.502,0.86401,0.86413,3.19,1.13
2013.07.29 16:51:00.682,0.86401,0.86413,2.25,2.82
2013.07.29 16:51:01.474,0.86399,0.86411,1.32,1.50
2013.07.29 16:51:03.181,0.86402,0.86412,1.13,2.25
2013.07.29 16:51:03.490,0.86397,0.86408,2.07,1.69
2013.07.29 16:51:03.721,0.864,0.86413,2.44,1.88
2013.07.29 16:51:04.282,0.864,0.86413,2.44,2.25
2013.07.29 16:51:04.642,0.864,0.86411,1.32,2.10
2013.07.29 16:51:06.563,0.86396,0.86408,2.25,2.25
2013.07.29 16:51:10.309,0.86397,0.86408,1.50,1.50
2013.07.29 16:51:10.816,0.86395,0.86406,3.00,1.50
2013.07.29 16:51:11.379,0.86397,0.86406,1.50,4.88
2013.07.29 16:51:11.920,0.86395,0.86405,2.07,1.69
2013.07.29 16:51:13.222,0.864,0.86412,3.38,1.50
2013.07.29 16:51:13.459,0.86395,0.86407,1.88,1.13
2013.07.29 16:51:13.523,0.864,0.86411,1.13,1.50
2013.07.29 16:51:14.854,0.86399,0.86412,2.44,4.69
2013.07.29 16:51:15.391,0.86399,0.86412,3.19,3.19
2013.07.29 16:51:15.601,0.86395,0.86407,3.38,1.50
2013.07.29 16:51:16.391,0.864,0.86412,1.50,1.69
2013.07.29 16:51:16.581,0.86396,0.86408,2.44,3.57
2013.07.29 16:51:17.021,0.86401,0.86412,2.25,1.50
2013.07.29 16:51:17.351,0.86396,0.86408,1.13,2.25
2013.07.29 16:51:17.865,0.86401,0.86411,1.50,1.88
2013.07.29 16:51:18.591,0.86399,0.8641,1.69,1.13
2013.07.29 16:51:19.872,0.864,0.86411,1.13,1.50
2013.07.29 16:51:20.421,0.86396,0.86408,1.50,1.69
2013.07.29 16:51:20.969,0.86397,0.86408,5.44,1.69
2013.07.29 16:51:21.453,0.86397,0.86408,2.63,1.69
2013.07.29 16:51:21.572,0.86399,0.86411,2.82,2.10
2013.07.29 16:51:23.900,0.86396,0.86407,1.50,2.63
2013.07.29 16:51:24.508,0.86398,0.86408,1.50,2.07
2013.07.29 16:51:25.058,0.86398,0.86408,1.88,2.07
2013.07.29 16:51:25.442,0.86399,0.86411,2.44,1.35
2013.07.29 16:51:25.630,0.86397,0.86408,2.25,2.63
2013.07.29 16:51:26.042,0.864,0.86412,1.88,3.04
2013.07.29 16:51:26.127,0.86396,0.86406,2.25,2.44
2013.07.29 16:51:26.281,0.86401,0.86412,1.13,1.50
2013.07.29 16:51:26.641,0.86404,0.86416,1.13,2.25
2013.07.29 16:51:26.729,0.86397,0.86407,2.44,4.69
2013.07.29 16:51:27.705,0.86404,0.86415,1.88,2.25
2013.07.29 16:51:28.091,0.86398,0.86408,1.13,5.07
2013.07.29 16:51:29.381,0.86404,0.86415,1.88,2.25
2013.07.29 16:51:32.870,0.86396,0.86408,4.13,1.88
2013.07.29 16:51:33.922,0.86403,0.86414,1.32,2.25
2013.07.29 16:51:34.469,0.86398,0.86409,1.50,2.25
2013.07.29 16:51:35.010,0.86397,0.86408,1.50,2.25
2013.07.29 16:51:35.087,0.86402,0.86414,2.44,2.25
2013.07.29 16:51:35.211,0.86402,0.86414,2.44,2.25
2013.07.29 16:51:35.983,0.86403,0.86415,2.07,2.25
2013.07.29 16:51:36.278,0.86397,0.86407,2.63,1.13
2013.07.29 16:51:36.524,0.86403,0.86415,1.32,2.25
2013.07.29 16:51:37.480,0.86396,0.86406,4.13,2.44
2013.07.29 16:51:37.511,0.86402,0.86415,1.69,1.50
2013.07.29 16:51:38.027,0.86398,0.86406,1.69,1.50
2013.07.29 16:51:38.051,0.86403,0.86416,1.88,2.25
2013.07.29 16:51:38.390,0.86398,0.86406,1.50,1.13
2013.07.29 16:51:38.929,0.86396,0.86405,1.50,3.75
2013.07.29 16:51:39.321,0.86404,0.86416,1.13,1.50
2013.07.29 16:51:39.784,0.86395,0.86407,2.63,4.50
2013.07.29 16:51:40.189,0.86396,0.86408,3.19,1.13
2013.07.29 16:51:42.361,0.86396,0.86408,1.32,1.50
2013.07.29 16:51:42.901,0.86397,0.86408,3.04,1.69
2013.07.29 16:51:44.001,0.86404,0.86415,1.13,1.50
2013.07.29 16:51:45.113,0.86404,0.86416,1.13,2.25
2013.07.29 16:51:45.172,0.86404,0.86416,1.13,2.25
2013.07.29 16:51:46.140,0.86404,0.86416,1.13,2.25
2013.07.29 16:51:46.320,0.86397,0.86408,1.13,1.41
2013.07.29 16:51:46.861,0.86396,0.86407,1.50,1.97
2013.07.29 16:51:47.159,0.86397,0.86408,1.69,1.32
2013.07.29 16:51:47.280,0.86396,0.86407,3.00,1.50
2013.07.29 16:51:47.821,0.86397,0.86407,1.35,1.69
2013.07.29 16:51:48.359,0.86397,0.86408,1.50,1.13
2013.07.29 16:51:48.659,0.86396,0.86407,1.50,1.50
2013.07.29 16:51:48.727,0.86396,0.86408,1.13,1.13
2013.07.29 16:51:48.849,0.86396,0.86406,1.32,1.13
2013.07.29 16:51:48.971,0.86396,0.86406,1.50,1.69
2013.07.29 16:51:49.090,0.86396,0.86407,1.50,1.50
2013.07.29 16:51:49.210,0.86398,0.86407,1.88,4.14
2013.07.29 16:51:49.661,0.86404,0.86416,1.13,2.25
2013.07.29 16:51:49.680,0.86398,0.86407,1.50,2.44
2013.07.29 16:51:50.401,0.86404,0.86415,1.13,1.50
2013.07.29 16:51:50.931,0.86404,0.86416,1.32,2.25
2013.07.29 16:51:56.130,0.86397,0.8641,2.63,2.63
2013.07.29 16:51:57.671,0.86404,0.86416,1.32,3.00
2013.07.29 16:51:58.599,0.86399,0.8641,2.25,1.88
2013.07.29 16:52:00.321,0.86404,0.86416,1.88,3.94
2013.07.29 16:52:03.281,0.86398,0.86408,2.25,1.50
2013.07.29 16:52:04.731,0.86397,0.86408,1.88,2.25
2013.07.29 16:52:07.367,0.86396,0.86406,1.50,1.50
2013.07.29 16:52:07.911,0.86398,0.86408,3.19,3.00
2013.07.29 16:52:08.208,0.86398,0.86406,2.25,1.50
2013.07.29 16:52:10.379,0.86397,0.86406,1.50,1.50
2013.07.29 16:52:10.940,0.86397,0.86407,3.94,2.25
2013.07.29 16:52:11.479,0.86396,0.86408,5.07,2.44
2013.07.29 16:52:12.041,0.86398,0.86408,3.00,1.13
2013.07.29 16:52:12.550,0.86395,0.86407,3.19,1.50
2013.07.29 16:52:13.090,0.86397,0.86408,3.00,2.25
2013.07.29 16:52:13.156,0.86396,0.86408,3.00,1.50
2013.07.29 16:52:13.591,0.86404,0.86416,1.13,3.19
2013.07.29 16:52:15.461,0.86395,0.86407,2.63,1.13
2013.07.29 16:52:16.539,0.86396,0.86408,2.85,1.50
2013.07.29 16:52:16.960,0.86396,0.86407,1.50,2.63
2013.07.29 16:52:17.461,0.86403,0.86415,2.07,2.25
2013.07.29 16:52:17.822,0.86403,0.86413,2.07,1.50
2013.07.29 16:52:18.241,0.86395,0.86407,1.50,1.69
2013.07.29 16:52:18.781,0.86397,0.86408,1.32,4.69
2013.07.29 16:52:18.812,0.86402,0.86413,2.82,1.50
2013.07.29 16:52:19.561,0.86395,0.86406,1.13,5.82
2013.07.29 16:52:20.098,0.86395,0.86404,2.63,1.50
2013.07.29 16:52:20.276,0.86396,0.86407,1.50,1.50
2013.07.29 16:52:20.340,0.86398,0.86407,1.88,1.88
2013.07.29 16:52:20.406,0.86397,0.86406,6.19,1.50
2013.07.29 16:52:20.711,0.86396,0.86406,1.32,1.50
2013.07.29 16:52:20.831,0.86396,0.86408,1.50,1.13
2013.07.29 16:52:21.241,0.86402,0.86414,3.57,1.50
2013.07.29 16:52:21.751,0.86396,0.86407,1.13,2.25
2013.07.29 16:52:22.291,0.86397,0.86407,2.07,6.00
2013.07.29 16:52:23.321,0.86403,0.86414,1.32,1.50
2013.07.29 16:52:25.970,0.86396,0.86407,1.69,3.19
2013.07.29 16:52:29.031,0.86395,0.86407,2.63,1.50
2013.07.29 16:52:30.761,0.86396,0.86408,2.25,1.50
2013.07.29 16:52:31.642,0.86402,0.86414,2.63,2.25
2013.07.29 16:52:31.730,0.86397,0.86408,2.07,1.50
2013.07.29 16:52:31.761,0.86402,0.86413,1.50,1.13
2013.07.29 16:52:31.821,0.86402,0.86413,1.50,1.88
2013.07.29 16:52:32.030,0.86396,0.86406,2.25,1.88
2013.07.29 16:52:32.062,0.864,0.86412,1.13,1.32
2013.07.29 16:52:32.122,0.86399,0.86412,4.32,1.32
2013.07.29 16:52:32.390,0.86396,0.86407,1.13,1.50
2013.07.29 16:52:32.481,0.86402,0.86412,1.13,2.07
2013.07.29 16:52:32.750,0.86396,0.86408,2.82,1.50
2013.07.29 16:52:32.842,0.864,0.86412,1.13,2.07
2013.07.29 16:52:33.397,0.864,0.86412,2.63,1.69
2013.07.29 16:52:33.651,0.86396,0.86408,1.32,2.25
2013.07.29 16:52:34.862,0.86401,0.86413,1.13,2.44
2013.07.29 16:52:38.951,0.86401,0.86413,1.50,2.25
2013.07.29 16:52:40.183,0.86397,0.86408,3.19,1.13
2013.07.29 16:52:41.952,0.86396,0.86407,1.13,1.50
2013.07.29 16:52:42.551,0.86395,0.86407,2.25,1.50
2013.07.29 16:52:44.261,0.864,0.86413,2.63,2.63
2013.07.29 16:52:46.540,0.86396,0.86404,1.50,1.13
2013.07.29 16:52:46.628,0.86396,0.86407,3.38,1.50
2013.07.29 16:52:47.420,0.86398,0.86408,1.80,1.13
2013.07.29 16:52:47.970,0.86396,0.86406,1.50,3.19
2013.07.29 16:52:58.216,0.86399,0.86412,4.69,2.85
2013.07.29 16:52:58.524,0.86399,0.8641,3.19,1.50
2013.07.29 16:52:59.751,0.86395,0.86405,2.20,3.38
2013.07.29 16:53:00.126,0.86394,0.86404,2.25,2.25
2013.07.29 16:53:03.225,0.86396,0.86406,3.19,3.38
2013.07.29 16:53:03.974,0.86395,0.86406,2.44,5.07
2013.07.29 16:53:04.506,0.86394,0.86406,3.94,1.50
2013.07.29 16:53:04.865,0.86396,0.86407,1.69,1.50
2013.07.29 16:53:05.285,0.86395,0.86408,1.50,3.19
2013.07.29 16:53:05.405,0.86396,0.86408,1.50,2.63
2013.07.29 16:53:07.356,0.86398,0.86406,1.10,1.13
2013.07.29 16:53:07.533,0.86397,0.86407,2.25,1.69
2013.07.29 16:53:09.095,0.86396,0.86407,1.13,1.50
2013.07.29 16:53:13.736,0.86396,0.86406,1.69,1.69
2013.07.29 16:53:14.096,0.86394,0.86404,1.69,6.57
2013.07.29 16:53:14.156,0.86396,0.86406,1.50,2.63
2013.07.29 16:53:14.216,0.86397,0.86405,2.25,1.50
2013.07.29 16:53:14.455,0.86396,0.86406,3.19,1.32
2013.07.29 16:53:14.696,0.86397,0.86407,1.88,1.50
2013.07.29 16:53:15.555,0.86397,0.86407,1.50,1.88
2013.07.29 16:53:17.336,0.86396,0.86405,2.25,1.50
2013.07.29 16:53:17.395,0.86394,0.86404,1.50,3.19
2013.07.29 16:53:17.815,0.86393,0.86403,1.13,2.25
2013.07.29 16:53:19.243,0.86394,0.86405,2.82,2.25
2013.07.29 16:53:20.355,0.86396,0.86406,2.44,3.19
2013.07.29 16:53:22.163,0.86396,0.86406,4.50,1.69
2013.07.29 16:53:24.133,0.86397,0.86407,1.88,1.13
2013.07.29 16:53:24.646,0.86395,0.86407,3.19,3.57
2013.07.29 16:53:24.704,0.86395,0.86406,2.82,1.50
2013.07.29 16:53:28.562,0.86397,0.86407,1.50,3.00
2013.07.29 16:53:29.054,0.86398,0.86407,2.25,3.57
2013.07.29 16:53:29.362,0.86398,0.86406,1.69,1.50
2013.07.29 16:53:31.633,0.86399,0.8641,1.88,2.85
2013.07.29 16:53:32.171,0.86399,0.86411,1.13,3.00
2013.07.29 16:53:34.548,0.86398,0.86411,2.07,2.25
2013.07.29 16:53:34.854,0.86398,0.86411,3.57,2.25
2013.07.29 16:53:35.211,0.86399,0.86412,1.13,2.25
2013.07.29 16:53:35.512,0.86401,0.86412,1.13,1.50
2013.07.29 16:53:35.691,0.86401,0.86414,1.13,2.44
2013.07.29 16:53:35.924,0.86397,0.86407,2.63,2.44
2013.07.29 16:53:36.252,0.86402,0.86414,1.13,2.44
2013.07.29 16:53:38.035,0.86397,0.86407,2.44,1.13
2013.07.29 16:53:38.454,0.86395,0.86406,1.50,3.38
2013.07.29 16:53:38.514,0.86397,0.86408,1.32,2.10
2013.07.29 16:53:39.054,0.86398,0.86408,5.07,3.19
2013.07.29 16:53:39.596,0.86396,0.86406,1.69,2.63
2013.07.29 16:53:40.145,0.86395,0.86408,1.69,1.50
2013.07.29 16:53:41.446,0.86396,0.86406,2.25,1.13
2013.07.29 16:53:41.926,0.86395,0.86406,1.50,1.13
2013.07.29 16:53:42.464,0.86397,0.86408,1.50,1.13
2013.07.29 16:53:42.772,0.86398,0.86407,1.50,2.25
2013.07.29 16:53:42.955,0.86396,0.86408,1.13,1.88
2013.07.29 16:53:43.022,0.86397,0.86408,2.25,3.75
2013.07.29 16:53:43.153,0.86398,0.86408,1.69,2.44
2013.07.29 16:53:44.985,0.86397,0.86408,2.25,1.13
2013.07.29 16:53:45.345,0.86395,0.86406,2.82,3.75
2013.07.29 16:53:45.405,0.86394,0.86405,1.32,2.25
2013.07.29 16:53:45.546,0.86402,0.86413,2.44,1.50
2013.07.29 16:53:46.165,0.86394,0.86406,1.13,2.55
2013.07.29 16:53:46.725,0.86396,0.86407,2.63,1.69
2013.07.29 16:53:46.905,0.86398,0.86405,5.85,1.50
2013.07.29 16:53:47.074,0.86402,0.86413,2.07,1.50
2013.07.29 16:53:47.086,0.86397,0.86407,3.19,1.13
2013.07.29 16:53:50.325,0.86396,0.86406,2.44,1.50
2013.07.29 16:53:50.434,0.86404,0.86413,1.13,1.50
2013.07.29 16:53:51.226,0.86397,0.86406,1.13,5.25
2013.07.29 16:53:51.583,0.86397,0.86406,1.50,1.50
2013.07.29 16:53:51.654,0.86395,0.86405,2.25,2.63
2013.07.29 16:53:51.671,0.86404,0.86414,1.13,2.25
2013.07.29 16:53:52.195,0.86396,0.86408,3.38,5.25
2013.07.29 16:53:52.382,0.86395,0.86407,1.50,1.13
2013.07.29 16:53:52.813,0.86404,0.86415,1.13,2.44
2013.07.29 16:53:53.114,0.86395,0.86406,1.88,1.13
2013.07.29 16:53:54.391,0.86403,0.86414,2.44,1.50
2013.07.29 16:53:55.426,0.86396,0.86406,2.25,2.44
2013.07.29 16:53:55.935,0.86395,0.86405,1.13,3.00
2013.07.29 16:53:56.474,0.86395,0.86404,4.50,2.25
2013.07.29 16:53:58.695,0.86395,0.86406,1.13,1.50
2013.07.29 16:53:59.340,0.86396,0.86406,1.13,1.50
2013.07.29 16:53:59.805,0.86397,0.86408,2.25,1.13
2013.07.29 16:54:00.621,0.86396,0.86406,1.69,1.50
2013.07.29 16:54:02.484,0.86396,0.86406,2.25,1.13
2013.07.29 16:54:03.251,0.86397,0.86406,1.69,1.88
2013.07.29 16:54:03.611,0.86395,0.86407,1.50,1.13
2013.07.29 16:54:04.151,0.86396,0.86406,3.00,1.69
2013.07.29 16:54:05.160,0.86397,0.86407,1.50,2.63
2013.07.29 16:54:05.282,0.86396,0.86406,1.13,1.69
2013.07.29 16:54:06.301,0.86396,0.86407,2.07,1.50
2013.07.29 16:54:06.841,0.86396,0.86407,1.13,1.50
2013.07.29 16:54:07.380,0.86397,0.86405,1.69,1.50
2013.07.29 16:54:07.929,0.86396,0.86406,1.50,2.25
2013.07.29 16:54:08.231,0.86397,0.86407,1.50,1.13
2013.07.29 16:54:09.491,0.86395,0.86406,1.69,1.50
2013.07.29 16:54:12.241,0.86395,0.86407,2.25,3.94
2013.07.29 16:54:12.789,0.86395,0.86407,2.25,3.00
2013.07.29 16:54:13.492,0.86395,0.86407,1.50,1.13
2013.07.29 16:54:16.248,0.86395,0.86405,3.57,2.82
2013.07.29 16:54:16.790,0.86394,0.86407,1.50,1.88
2013.07.29 16:54:17.102,0.86395,0.86407,1.13,2.25
2013.07.29 16:54:17.352,0.86395,0.86405,2.82,1.50
2013.07.29 16:54:18.211,0.86395,0.86405,1.50,1.50
2013.07.29 16:54:18.992,0.86396,0.86406,1.50,1.50
2013.07.29 16:54:19.529,0.86395,0.86407,2.25,2.25
2013.07.29 16:54:19.652,0.86396,0.86406,1.50,3.19
2013.07.29 16:54:22.802,0.86394,0.86407,1.88,1.69
2013.07.29 16:54:23.352,0.86395,0.86407,2.25,1.13
2013.07.29 16:54:24.332,0.86396,0.86407,2.25,1.13
2013.07.29 16:54:24.871,0.86396,0.86406,1.50,2.44
2013.07.29 16:54:28.051,0.86396,0.86407,2.25,4.13
2013.07.29 16:54:28.492,0.86401,0.86414,4.32,1.50
2013.07.29 16:54:29.670,0.86395,0.86405,1.13,0.75
2013.07.29 16:54:30.091,0.86401,0.86415,5.82,2.82
2013.07.29 16:54:30.651,0.86402,0.86414,1.32,1.50
2013.07.29 16:54:31.662,0.86401,0.86414,2.44,2.25
2013.07.29 16:54:32.212,0.86401,0.86414,1.32,3.00
2013.07.29 16:54:33.143,0.86396,0.86407,1.13,1.50
2013.07.29 16:54:34.212,0.86396,0.86407,3.57,4.73
2013.07.29 16:54:37.491,0.864,0.86413,4.69,1.50
2013.07.29 16:54:38.962,0.86396,0.86407,1.13,2.82
2013.07.29 16:54:39.201,0.86401,0.86413,1.69,1.50
2013.07.29 16:54:39.989,0.86396,0.86406,1.13,1.13
2013.07.29 16:54:40.680,0.86395,0.86407,1.50,1.69
2013.07.29 16:54:41.241,0.86395,0.86406,1.50,2.44
2013.07.29 16:54:41.779,0.86397,0.86407,1.88,1.50
2013.07.29 16:54:43.245,0.86396,0.86407,2.63,3.38
2013.07.29 16:54:43.872,0.86396,0.86406,1.13,3.19
2013.07.29 16:54:45.150,0.86396,0.86406,2.63,1.50
2013.07.29 16:54:45.382,0.86401,0.86414,2.82,1.50
2013.07.29 16:54:45.701,0.86396,0.86407,3.00,2.25
2013.07.29 16:54:46.652,0.86395,0.86407,1.32,3.19
2013.07.29 16:54:47.535,0.86396,0.86406,1.50,2.44
2013.07.29 16:54:48.731,0.86395,0.86405,4.05,1.50
2013.07.29 16:54:49.572,0.86396,0.86406,1.50,3.19
2013.07.29 16:54:49.692,0.86397,0.86406,2.25,2.82
2013.07.29 16:54:49.812,0.86396,0.86407,3.57,1.32
2013.07.29 16:54:50.109,0.86398,0.86406,1.69,2.82
2013.07.29 16:54:50.472,0.86396,0.86407,1.69,3.04
2013.07.29 16:54:50.971,0.86401,0.86414,2.82,1.50
2013.07.29 16:54:51.931,0.86395,0.86407,1.32,2.44
2013.07.29 16:54:52.412,0.86396,0.86407,6.42,1.69
2013.07.29 16:54:52.642,0.86401,0.86414,2.82,2.25
2013.07.29 16:54:52.952,0.86396,0.86407,1.50,2.82
2013.07.29 16:54:53.282,0.86401,0.86414,2.82,1.50
2013.07.29 16:54:53.492,0.86395,0.86405,1.50,1.69
2013.07.29 16:54:55.736,0.86402,0.86414,1.50,1.50
2013.07.29 16:54:58.152,0.86395,0.86405,1.32,2.07
2013.07.29 16:54:58.701,0.86402,0.86413,1.69,1.50
2013.07.29 16:54:58.711,0.86395,0.86406,2.63,2.25
2013.07.29 16:54:59.250,0.86396,0.86406,1.13,1.50
2013.07.29 16:54:59.790,0.86397,0.86407,1.50,1.88
2013.07.29 16:55:02.011,0.86397,0.86407,1.13,1.69
2013.07.29 16:55:05.501,0.86398,0.8641,1.88,1.50
2013.07.29 16:55:05.961,0.86402,0.86414,1.69,2.25
2013.07.29 16:55:06.011,0.86399,0.86412,2.44,2.07
2013.07.29 16:55:06.555,0.86399,0.86412,3.38,1.88
2013.07.29 16:55:07.281,0.86399,0.86411,3.38,1.50
2013.07.29 16:55:07.580,0.86399,0.86409,1.13,2.63
2013.07.29 16:55:07.940,0.86401,0.86411,2.07,1.50
2013.07.29 16:55:08.000,0.86401,0.86411,1.50,1.50
2013.07.29 16:55:09.601,0.864,0.8641,2.25,1.50
2013.07.29 16:55:10.841,0.86402,0.86415,3.75,1.88
2013.07.29 16:55:11.240,0.86399,0.8641,1.13,1.50
2013.07.29 16:55:11.502,0.86402,0.86414,1.50,3.38
2013.07.29 16:55:11.771,0.864,0.86411,1.50,2.25
2013.07.29 16:55:11.803,0.86403,0.86415,3.75,1.88
2013.07.29 16:55:12.162,0.86406,0.86418,1.50,3.19
2013.07.29 16:55:12.282,0.86404,0.86418,3.19,2.25
2013.07.29 16:55:12.832,0.86406,0.86418,2.25,1.50
2013.07.29 16:55:13.392,0.86406,0.86419,2.25,1.13
2013.07.29 16:55:13.580,0.86401,0.86412,1.50,2.63
2013.07.29 16:55:15.104,0.86409,0.86419,1.13,1.13
2013.07.29 16:55:15.462,0.86411,0.86422,1.50,1.50
2013.07.29 16:55:15.614,0.86401,0.86411,1.32,3.19
2013.07.29 16:55:15.641,0.86409,0.86422,1.13,1.50
2013.07.29 16:55:16.130,0.86401,0.86411,2.63,3.75
2013.07.29 16:55:16.301,0.86409,0.86422,1.88,2.25
2013.07.29 16:55:16.371,0.864,0.86412,1.50,2.82
2013.07.29 16:55:16.843,0.86408,0.8642,1.13,1.50
2013.07.29 16:55:16.991,0.86401,0.86413,3.00,2.25
2013.07.29 16:55:17.381,0.86407,0.8642,2.44,1.50
2013.07.29 16:55:17.531,0.86402,0.86414,2.25,3.57
2013.07.29 16:55:19.501,0.86401,0.86414,1.69,2.44
2013.07.29 16:55:19.621,0.86404,0.86414,1.69,1.50
2013.07.29 16:55:20.171,0.86404,0.86415,1.88,3.94
2013.07.29 16:55:20.350,0.86403,0.86414,3.57,3.57
2013.07.29 16:55:20.733,0.86402,0.86413,4.32,1.69
2013.07.29 16:55:21.510,0.86402,0.86412,1.50,1.13
2013.07.29 16:55:21.861,0.86408,0.8642,1.69,1.50
2013.07.29 16:55:22.111,0.864,0.86411,1.69,2.82
2013.07.29 16:55:22.222,0.86412,0.86421,1.13,3.00
2013.07.29 16:55:22.461,0.8641,0.86422,1.88,1.32
2013.07.29 16:55:22.971,0.86408,0.8642,4.32,1.50
2013.07.29 16:55:23.802,0.86399,0.86411,1.69,3.19
2013.07.29 16:55:24.715,0.86408,0.8642,2.07,1.13
2013.07.29 16:55:25.021,0.86399,0.86409,1.50,1.50
2013.07.29 16:55:27.042,0.86407,0.86419,2.44,1.50
2013.07.29 16:55:27.222,0.86412,0.8642,1.13,1.50
2013.07.29 16:55:27.512,0.864,0.86411,1.69,1.88
2013.07.29 16:55:27.701,0.86408,0.86421,3.38,1.88
2013.07.29 16:55:28.051,0.86401,0.86412,1.13,2.25
2013.07.29 16:55:30.632,0.86408,0.86418,1.88,2.10
2013.07.29 16:55:31.892,0.86407,0.86418,2.07,1.50
2013.07.29 16:55:32.491,0.86407,0.86419,1.50,2.44
2013.07.29 16:55:32.552,0.864,0.86412,1.50,2.63
2013.07.29 16:55:35.339,0.86403,0.86414,1.88,1.50
2013.07.29 16:55:35.706,0.86405,0.86415,1.69,1.88
2013.07.29 16:55:35.836,0.86405,0.86415,1.50,1.50
2013.07.29 16:55:36.298,0.86408,0.86419,1.50,2.25
2013.07.29 16:55:36.662,0.86409,0.8642,1.88,1.50
2013.07.29 16:55:36.744,0.86403,0.86414,3.19,2.44
2013.07.29 16:55:37.271,0.86404,0.86413,1.32,3.94
2013.07.29 16:55:37.561,0.86409,0.86418,1.88,1.50
2013.07.29 16:55:37.870,0.86404,0.86411,2.25,2.44
2013.07.29 16:55:37.990,0.86404,0.86411,1.13,2.44
2013.07.29 16:55:40.812,0.86407,0.86418,3.19,2.25
2013.07.29 16:55:41.251,0.86404,0.86413,2.10,3.00
2013.07.29 16:55:41.451,0.86407,0.86418,3.19,2.25
2013.07.29 16:55:41.730,0.86403,0.86413,3.00,2.44
2013.07.29 16:55:41.912,0.86403,0.86412,2.44,1.50
2013.07.29 16:55:42.211,0.86402,0.86412,1.13,2.25
2013.07.29 16:55:42.571,0.86401,0.86412,1.69,1.69
2013.07.29 16:55:42.931,0.86403,0.86412,1.13,1.50
2013.07.29 16:55:43.094,0.86407,0.86418,2.07,3.00
2013.07.29 16:55:43.469,0.86401,0.86413,1.65,1.88
2013.07.29 16:55:43.606,0.86407,0.86418,2.07,3.00
2013.07.29 16:55:43.792,0.86401,0.86413,1.50,1.13
2013.07.29 16:55:46.461,0.864,0.86412,1.69,1.50
2013.07.29 16:55:47.891,0.864,0.86411,1.50,1.69
2013.07.29 16:55:49.021,0.86399,0.86411,3.75,1.50
2013.07.29 16:55:49.532,0.864,0.86411,1.50,1.88
2013.07.29 16:55:50.081,0.86401,0.86411,1.69,1.69
2013.07.29 16:55:50.711,0.86402,0.86412,1.13,1.88
2013.07.29 16:55:51.771,0.86409,0.86418,1.88,1.50
2013.07.29 16:55:52.136,0.86409,0.86421,3.00,3.19
2013.07.29 16:55:52.681,0.86409,0.8642,1.88,3.57
2013.07.29 16:55:53.232,0.86407,0.86418,2.82,2.10
2013.07.29 16:55:53.590,0.86401,0.86413,0.75,0.75
2013.07.29 16:55:53.871,0.86402,0.86413,1.88,1.50
2013.07.29 16:55:54.131,0.86401,0.86414,1.13,1.50
2013.07.29 16:55:54.431,0.864,0.86412,2.44,1.50
2013.07.29 16:55:54.740,0.86401,0.86413,3.38,2.44
2013.07.29 16:55:54.891,0.86402,0.86412,2.82,5.07
2013.07.29 16:55:56.400,0.86403,0.86413,1.69,2.44
2013.07.29 16:55:56.460,0.86403,0.86413,1.50,2.44
2013.07.29 16:55:56.971,0.86409,0.8642,1.13,2.85
2013.07.29 16:55:57.003,0.86402,0.86412,4.13,2.25
2013.07.29 16:55:57.379,0.86403,0.86412,2.25,2.44
2013.07.29 16:55:57.509,0.86402,0.86413,1.50,3.19
2013.07.29 16:55:57.770,0.86401,0.86413,1.13,2.07
2013.07.29 16:55:58.381,0.86401,0.86411,1.50,1.50
2013.07.29 16:55:58.919,0.864,0.86411,2.25,1.50
2013.07.29 16:55:59.459,0.86401,0.86412,1.69,3.00
2013.07.29 16:55:59.529,0.86402,0.86412,2.82,3.57
2013.07.29 16:55:59.649,0.86403,0.86415,2.63,1.13
2013.07.29 16:56:00.086,0.86405,0.86413,1.13,3.00
2013.07.29 16:56:00.676,0.86403,0.86413,2.25,1.50
2013.07.29 16:56:00.865,0.86401,0.86413,1.88,2.25
2013.07.29 16:56:00.987,0.86402,0.86412,1.88,1.69
2013.07.29 16:56:01.528,0.864,0.86414,1.13,2.25
2013.07.29 16:56:02.069,0.86401,0.86413,1.50,1.88
2013.07.29 16:56:02.608,0.86401,0.86413,1.32,1.50
2013.07.29 16:56:05.090,0.86403,0.86413,1.88,1.50
2013.07.29 16:56:05.878,0.86403,0.86412,2.25,1.13
2013.07.29 16:56:06.303,0.86401,0.86413,1.50,2.25
2013.07.29 16:56:07.659,0.86401,0.86413,1.13,1.50
2013.07.29 16:56:07.717,0.86401,0.86413,1.50,1.88
2013.07.29 16:56:08.258,0.86402,0.86412,1.13,4.54
2013.07.29 16:56:08.333,0.86409,0.86421,2.25,1.50
2013.07.29 16:56:08.808,0.86401,0.86413,2.25,2.25
2013.07.29 16:56:09.622,0.86409,0.8642,1.50,2.10
2013.07.29 16:56:09.838,0.86401,0.86413,1.50,3.75
2013.07.29 16:56:10.086,0.86403,0.86412,2.82,1.69
2013.07.29 16:56:10.155,0.86404,0.86411,3.94,1.50
2013.07.29 16:56:10.337,0.86404,0.8641,2.82,4.69
2013.07.29 16:56:10.578,0.86403,0.86412,2.07,2.25
2013.07.29 16:56:10.644,0.86403,0.86412,1.69,1.69
2013.07.29 16:56:10.724,0.86403,0.86411,3.19,2.63
2013.07.29 16:56:11.475,0.86405,0.86413,1.50,1.13
2013.07.29 16:56:11.615,0.86403,0.86411,3.19,1.32
2013.07.29 16:56:11.693,0.86403,0.86413,1.13,1.69
2013.07.29 16:56:12.288,0.864,0.86414,4.69,3.57
2013.07.29 16:56:13.499,0.86401,0.86413,1.13,1.50
2013.07.29 16:56:13.620,0.86403,0.86413,2.44,2.44
2013.07.29 16:56:14.527,0.86402,0.86412,1.69,2.82
2013.07.29 16:56:15.068,0.86402,0.86412,1.59,3.75
2013.07.29 16:56:15.369,0.86401,0.86413,1.13,1.13
2013.07.29 16:56:15.909,0.86401,0.86413,3.19,2.25
2013.07.29 16:56:16.410,0.86401,0.86413,1.13,2.25
2013.07.29 16:56:19.022,0.86408,0.86419,1.13,1.35
2013.07.29 16:56:19.922,0.86408,0.86419,1.50,2.25
2013.07.29 16:56:20.792,0.86408,0.86419,1.50,1.50
2013.07.29 16:56:22.202,0.86408,0.86419,1.50,1.50
2013.07.29 16:56:23.327,0.86403,0.86413,1.50,1.50
2013.07.29 16:56:23.382,0.86408,0.86419,1.50,1.50
2013.07.29 16:56:23.869,0.86401,0.86413,2.25,1.50
2013.07.29 16:56:24.408,0.86402,0.86412,3.00,1.13
2013.07.29 16:56:24.769,0.86402,0.86412,1.50,1.32
2013.07.29 16:56:24.948,0.86402,0.86412,1.88,2.25
2013.07.29 16:56:25.249,0.86402,0.86412,2.63,1.13
2013.07.29 16:56:25.787,0.86402,0.86412,1.50,1.13
2013.07.29 16:56:26.338,0.86402,0.86412,2.63,1.50
2013.07.29 16:56:26.727,0.86401,0.86413,1.88,2.25
2013.07.29 16:56:26.787,0.86401,0.86413,1.69,1.50
2013.07.29 16:56:27.884,0.86401,0.86413,1.50,1.13
2013.07.29 16:56:28.128,0.86401,0.86413,1.88,2.25
2013.07.29 16:56:28.247,0.86401,0.86413,1.69,1.32
2013.07.29 16:56:29.569,0.86402,0.86412,1.88,2.63
2013.07.29 16:56:29.869,0.86404,0.86412,2.85,2.25
2013.07.29 16:56:30.406,0.86404,0.86412,1.13,2.44
2013.07.29 16:56:32.736,0.86401,0.86413,1.50,1.13
2013.07.29 16:56:33.279,0.86401,0.86413,1.50,3.94
2013.07.29 16:56:33.459,0.86401,0.86413,1.35,1.50
2013.07.29 16:56:35.670,0.86401,0.86413,1.50,1.50
2013.07.29 16:56:36.209,0.86401,0.86413,2.25,3.75
2013.07.29 16:56:36.329,0.864,0.86414,1.50,1.50
2013.07.29 16:56:37.620,0.86401,0.86413,2.44,13.13
2013.07.29 16:56:41.999,0.86401,0.86413,1.32,2.44
2013.07.29 16:56:43.719,0.86401,0.86413,2.25,4.13
2013.07.29 16:56:47.709,0.86401,0.86413,1.88,2.25
2013.07.29 16:56:47.829,0.86401,0.86413,4.13,1.50
2013.07.29 16:56:47.953,0.86407,0.86418,1.50,1.88
2013.07.29 16:56:48.428,0.86401,0.86413,1.50,1.32
2013.07.29 16:56:48.492,0.86407,0.86419,5.07,1.50
2013.07.29 16:56:48.851,0.86408,0.8642,1.50,1.69
2013.07.29 16:56:48.969,0.86401,0.86413,3.00,1.69
2013.07.29 16:56:49.376,0.86407,0.8642,4.69,2.44
2013.07.29 16:56:50.281,0.86401,0.86413,1.69,3.00
2013.07.29 16:56:51.939,0.86408,0.8642,1.13,2.44
2013.07.29 16:56:52.491,0.86407,0.86419,3.19,2.25
2013.07.29 16:56:53.149,0.86401,0.86413,5.25,2.25
2013.07.29 16:56:53.531,0.86407,0.86419,2.44,2.25
2013.07.29 16:56:53.689,0.86401,0.86413,1.88,1.50
2013.07.29 16:56:55.068,0.86401,0.86413,2.25,3.00
2013.07.29 16:56:56.671,0.86407,0.86419,2.07,1.50
2013.07.29 16:56:57.555,0.86401,0.86413,1.88,3.19
2013.07.29 16:56:57.798,0.86403,0.86412,3.00,1.13
2013.07.29 16:56:57.918,0.86402,0.86412,2.29,2.25
2013.07.29 16:56:59.058,0.86402,0.86412,1.50,2.25
2013.07.29 16:57:00.654,0.86401,0.86413,3.00,1.88
2013.07.29 16:57:01.199,0.86401,0.86412,1.50,1.50
2013.07.29 16:57:01.262,0.86402,0.86411,2.63,1.50
2013.07.29 16:57:01.572,0.86401,0.86412,1.50,1.50
2013.07.29 16:57:01.993,0.86401,0.86412,1.69,2.44
2013.07.29 16:57:04.086,0.86401,0.86412,1.50,2.63
2013.07.29 16:57:04.613,0.86403,0.86412,1.88,1.50
2013.07.29 16:57:05.284,0.86402,0.86412,1.69,5.44
2013.07.29 16:57:05.781,0.86407,0.86418,1.50,1.50
2013.07.29 16:57:05.844,0.86401,0.86412,3.57,1.50
2013.07.29 16:57:06.385,0.86401,0.8641,1.69,1.50
2013.07.29 16:57:06.581,0.86407,0.86419,1.50,2.25
2013.07.29 16:57:06.944,0.86401,0.86412,1.50,3.57
2013.07.29 16:57:07.353,0.86407,0.86419,1.50,1.50
2013.07.29 16:57:08.763,0.86407,0.86419,1.50,2.25
2013.07.29 16:57:09.384,0.86407,0.86418,1.50,1.50
2013.07.29 16:57:09.572,0.86401,0.86412,1.50,4.69
2013.07.29 16:57:10.053,0.86401,0.86411,1.50,2.63
2013.07.29 16:57:10.592,0.86402,0.86411,1.13,2.07
2013.07.29 16:57:10.952,0.86401,0.8641,2.44,1.69
2013.07.29 16:57:11.734,0.864,0.86412,1.50,2.25
2013.07.29 16:57:15.914,0.86401,0.86412,1.50,1.50
2013.07.29 16:57:16.454,0.86401,0.86411,1.88,1.50
2013.07.29 16:57:16.714,0.86407,0.86419,1.88,2.25
2013.07.29 16:57:17.443,0.86401,0.86412,6.23,2.25
2013.07.29 16:57:17.520,0.86407,0.86419,1.88,1.50
2013.07.29 16:57:17.562,0.86403,0.86412,1.35,1.50
2013.07.29 16:57:21.034,0.86407,0.86419,1.88,1.50
2013.07.29 16:57:21.871,0.86407,0.86418,1.88,1.50
2013.07.29 16:57:23.282,0.86407,0.86418,1.50,1.50
2013.07.29 16:57:26.234,0.86401,0.86411,1.32,2.44
2013.07.29 16:57:27.373,0.864,0.8641,1.50,1.50
2013.07.29 16:57:27.856,0.86401,0.86408,2.25,4.69
2013.07.29 16:57:28.203,0.86401,0.86409,3.75,2.25
2013.07.29 16:57:28.383,0.86401,0.86409,1.50,1.88
2013.07.29 16:57:30.094,0.86399,0.86411,1.13,1.69
2013.07.29 16:57:30.401,0.86401,0.86411,1.50,1.13
2013.07.29 16:57:31.142,0.86401,0.86411,3.00,2.25
2013.07.29 16:57:31.884,0.864,0.8641,2.25,1.13
2013.07.29 16:57:32.443,0.86401,0.86412,2.25,6.94
2013.07.29 16:57:33.049,0.864,0.86412,2.25,1.50
2013.07.29 16:57:34.402,0.86401,0.86412,2.25,2.25
2013.07.29 16:57:34.703,0.86402,0.86411,2.63,1.50
2013.07.29 16:57:36.853,0.86402,0.86411,1.13,5.25
2013.07.29 16:57:36.928,0.86407,0.86418,1.50,1.50
2013.07.29 16:57:37.393,0.86401,0.86411,1.13,1.50
2013.07.29 16:57:38.154,0.86401,0.86411,2.44,1.69
2013.07.29 16:57:38.694,0.86401,0.8641,1.69,2.44
2013.07.29 16:57:39.303,0.86402,0.86411,2.25,1.13
2013.07.29 16:57:39.843,0.86402,0.86411,1.88,1.50
2013.07.29 16:57:40.383,0.86402,0.86411,2.63,1.13
2013.07.29 16:57:40.442,0.86402,0.86411,1.13,4.13
2013.07.29 16:57:40.804,0.86402,0.86411,1.50,1.50
2013.07.29 16:57:40.864,0.86401,0.86412,2.63,1.50
2013.07.29 16:57:41.103,0.86403,0.86412,2.82,3.00
2013.07.29 16:57:44.340,0.86401,0.86411,2.25,1.13
2013.07.29 16:57:45.234,0.86402,0.86412,2.25,2.63
2013.07.29 16:57:47.022,0.86401,0.86411,1.32,1.50
2013.07.29 16:57:47.551,0.86401,0.86412,1.13,1.50
2013.07.29 16:57:50.034,0.864,0.86412,2.44,1.50
2013.07.29 16:57:50.094,0.86401,0.86412,1.32,3.19
2013.07.29 16:57:50.641,0.864,0.86412,1.88,3.00
2013.07.29 16:57:50.994,0.86406,0.86419,4.88,2.07
2013.07.29 16:57:51.923,0.86406,0.86418,3.38,2.25
2013.07.29 16:57:52.243,0.86401,0.86412,1.88,1.50
2013.07.29 16:57:52.604,0.86401,0.86412,1.50,1.73
2013.07.29 16:57:53.412,0.86406,0.86418,3.38,1.50
2013.07.29 16:57:54.353,0.86401,0.86412,1.13,1.50
2013.07.29 16:57:54.713,0.864,0.86412,3.75,1.13
2013.07.29 16:58:01.604,0.86402,0.86412,1.88,3.19
2013.07.29 16:58:02.152,0.86401,0.86412,1.88,2.25
2013.07.29 16:58:03.184,0.86402,0.86413,2.85,1.50
2013.07.29 16:58:03.723,0.86403,0.86413,1.50,1.69
2013.07.29 16:58:04.022,0.86404,0.86412,1.88,1.50
2013.07.29 16:58:04.323,0.86403,0.86413,2.25,1.13
2013.07.29 16:58:04.647,0.86407,0.86418,2.07,1.50
2013.07.29 16:58:04.862,0.86401,0.86411,1.13,1.50
2013.07.29 16:58:04.932,0.86402,0.86412,2.25,1.13
2013.07.29 16:58:05.172,0.86403,0.86411,1.50,1.50
2013.07.29 16:58:05.331,0.86407,0.86418,3.04,1.50
2013.07.29 16:58:05.473,0.86403,0.86412,1.50,3.75
2013.07.29 16:58:05.832,0.86407,0.86419,4.92,1.50
2013.07.29 16:58:05.892,0.86407,0.86419,3.57,1.50
2013.07.29 16:58:06.093,0.864,0.86413,1.69,2.63
2013.07.29 16:58:06.635,0.86399,0.86411,1.69,2.25
2013.07.29 16:58:07.305,0.86401,0.86413,1.50,1.32
2013.07.29 16:58:07.604,0.86399,0.86411,1.50,2.25
2013.07.29 16:58:08.144,0.86401,0.86413,1.13,1.50
2013.07.29 16:58:08.222,0.86407,0.86419,1.32,2.25
2013.07.29 16:58:08.684,0.86401,0.86413,1.50,2.25
2013.07.29 16:58:08.772,0.86407,0.86419,2.82,3.00
2013.07.29 16:58:09.212,0.86407,0.86419,2.07,3.38
2013.07.29 16:58:09.752,0.86406,0.86419,1.32,4.50
2013.07.29 16:58:09.874,0.864,0.86412,1.69,5.44
2013.07.29 16:58:10.412,0.864,0.86412,2.44,1.50
2013.07.29 16:58:12.768,0.864,0.8641,1.50,1.88
2013.07.29 16:58:15.135,0.864,0.86413,2.25,1.50
2013.07.29 16:58:19.142,0.86401,0.86413,3.38,1.13
2013.07.29 16:58:19.682,0.86402,0.86414,3.19,2.07
2013.07.29 16:58:20.622,0.86407,0.86419,1.69,3.38
2013.07.29 16:58:21.574,0.86402,0.86413,3.94,1.50
2013.07.29 16:58:22.468,0.86407,0.86419,1.69,3.38
2013.07.29 16:58:22.512,0.864,0.86411,3.00,1.32
2013.07.29 16:58:23.774,0.86402,0.86413,3.00,1.50
2013.07.29 16:58:24.423,0.864,0.86412,1.50,1.69
2013.07.29 16:58:24.542,0.86402,0.86413,2.82,3.57
2013.07.29 16:58:25.562,0.864,0.86412,3.75,1.50
2013.07.29 16:58:25.622,0.86401,0.86412,1.69,1.32
2013.07.29 16:58:25.723,0.86406,0.86419,3.94,1.88
2013.07.29 16:58:25.984,0.86403,0.86412,1.69,2.25
2013.07.29 16:58:26.104,0.86403,0.86411,3.94,2.25
2013.07.29 16:58:26.282,0.86404,0.86413,1.50,1.50
2013.07.29 16:58:30.357,0.86406,0.86419,1.32,1.50
2013.07.29 16:58:30.493,0.86405,0.86419,4.13,3.00
2013.07.29 16:58:31.040,0.86405,0.86416,1.50,1.50
2013.07.29 16:58:31.163,0.86405,0.86416,1.50,1.50
2013.07.29 16:58:31.403,0.86405,0.86417,1.13,2.25
2013.07.29 16:58:31.840,0.86403,0.86413,1.50,2.44
2013.07.29 16:58:32.545,0.86404,0.86416,1.32,2.25
2013.07.29 16:58:33.092,0.86404,0.86416,2.44,2.25
2013.07.29 16:58:33.397,0.86406,0.86415,1.13,1.80
2013.07.29 16:58:33.986,0.86401,0.86411,3.57,1.88
2013.07.29 16:58:34.534,0.864,0.8641,4.69,3.00
2013.07.29 16:58:36.213,0.86401,0.86412,3.19,4.13
2013.07.29 16:58:37.722,0.86401,0.86411,3.19,1.50
2013.07.29 16:58:40.301,0.864,0.86411,2.07,1.69
2013.07.29 16:58:40.843,0.864,0.86411,3.00,3.75
2013.07.29 16:58:41.034,0.864,0.8641,1.50,1.88
2013.07.29 16:58:41.052,0.86408,0.86417,1.13,2.25
2013.07.29 16:58:42.014,0.864,0.86411,5.82,3.00
2013.07.29 16:58:42.569,0.86402,0.86412,3.57,1.50
2013.07.29 16:58:42.923,0.86403,0.86413,2.82,1.88
2013.07.29 16:58:43.255,0.86405,0.86417,1.50,2.25
2013.07.29 16:58:45.584,0.86401,0.86412,2.25,1.35
2013.07.29 16:58:46.131,0.86402,0.86411,1.13,1.50
2013.07.29 16:58:47.934,0.86403,0.86411,3.94,1.69
2013.07.29 16:58:48.293,0.86403,0.86412,3.00,1.13
2013.07.29 16:58:50.823,0.86402,0.86413,1.50,2.25
2013.07.29 16:58:52.103,0.86402,0.86413,1.69,1.50
2013.07.29 16:58:52.402,0.86403,0.86412,1.50,1.50
2013.07.29 16:58:54.802,0.86402,0.86412,3.57,2.44
2013.07.29 16:58:55.103,0.86403,0.86413,1.50,1.13
2013.07.29 16:58:57.923,0.86402,0.86412,1.13,1.50
2013.07.29 16:58:58.044,0.86403,0.8641,2.63,1.50
2013.07.29 16:58:58.234,0.86403,0.86408,3.00,1.13
2013.07.29 16:58:58.773,0.86401,0.86413,2.44,2.25
2013.07.29 16:58:59.194,0.864,0.86412,1.50,1.88
2013.07.29 16:58:59.482,0.86405,0.86417,1.50,2.25
2013.07.29 16:58:59.587,0.86401,0.8641,1.32,1.50
2013.07.29 16:58:59.753,0.86403,0.8641,3.94,2.25
2013.07.29 16:58:59.874,0.86402,0.86409,1.88,2.25
2013.07.29 16:58:59.932,0.86402,0.86408,2.44,3.57
2013.07.29 16:59:01.862,0.86403,0.86413,2.44,1.50
2013.07.29 16:59:02.102,0.86404,0.86414,1.97,1.88
2013.07.29 16:59:02.643,0.86405,0.86414,1.69,2.44
2013.07.29 16:59:02.703,0.86406,0.86416,2.63,1.13
2013.07.29 16:59:02.763,0.86405,0.86417,1.50,1.50
2013.07.29 16:59:04.133,0.86406,0.86417,1.13,2.25
2013.07.29 16:59:08.251,0.86405,0.86417,2.44,1.69
2013.07.29 16:59:08.792,0.86406,0.86418,1.13,2.25
2013.07.29 16:59:09.930,0.86406,0.86418,1.13,2.25
2013.07.29 16:59:10.653,0.86404,0.86416,1.13,2.25
2013.07.29 16:59:12.561,0.86404,0.86416,2.44,1.50
2013.07.29 16:59:14.382,0.86406,0.86418,1.50,1.50
2013.07.29 16:59:17.002,0.86404,0.86416,1.50,2.44
2013.07.29 16:59:18.191,0.86406,0.86416,1.50,1.13
2013.07.29 16:59:18.680,0.86406,0.86417,4.69,1.50
2013.07.29 16:59:19.231,0.86406,0.86417,2.44,3.79
2013.07.29 16:59:19.532,0.86405,0.86416,2.44,3.94
2013.07.29 16:59:20.072,0.86406,0.86416,2.25,2.63
2013.07.29 16:59:20.742,0.86406,0.86418,1.50,2.25
2013.07.29 16:59:21.311,0.86407,0.86419,1.13,3.75
2013.07.29 16:59:22.163,0.86406,0.86417,1.13,1.50
2013.07.29 16:59:22.257,0.86407,0.86419,1.50,3.75
2013.07.29 16:59:22.497,0.86406,0.86417,2.82,2.25
2013.07.29 16:59:22.702,0.86405,0.86417,2.10,1.88
2013.07.29 16:59:22.832,0.86411,0.86421,1.13,1.50
2013.07.29 16:59:23.248,0.86406,0.86418,2.25,1.50
2013.07.29 16:59:23.382,0.86411,0.86422,2.25,1.50
2013.07.29 16:59:25.356,0.86411,0.86423,2.25,2.25
2013.07.29 16:59:25.572,0.86405,0.86417,1.88,1.50
2013.07.29 16:59:27.850,0.86404,0.86415,1.50,3.19
2013.07.29 16:59:31.194,0.86412,0.86423,1.32,1.50
2013.07.29 16:59:32.223,0.86412,0.86423,1.69,2.25
2013.07.29 16:59:32.762,0.86411,0.86423,3.57,2.25
2013.07.29 16:59:33.631,0.86412,0.86423,1.69,1.50
2013.07.29 16:59:33.853,0.86403,0.86415,1.88,1.69
2013.07.29 16:59:34.031,0.86405,0.86416,1.50,2.63
2013.07.29 16:59:34.712,0.86412,0.86423,1.32,1.88
2013.07.29 16:59:35.243,0.86405,0.86416,1.32,1.69
2013.07.29 16:59:35.269,0.86412,0.86423,2.07,1.50
2013.07.29 16:59:35.365,0.86405,0.86416,6.00,3.00
2013.07.29 16:59:37.143,0.86406,0.86418,1.50,1.13
2013.07.29 16:59:37.683,0.86407,0.86418,2.25,2.07
2013.07.29 16:59:38.022,0.86412,0.86425,2.63,1.88
2013.07.29 16:59:38.092,0.86408,0.8642,1.50,1.88
2013.07.29 16:59:38.572,0.86407,0.86419,1.50,1.50
2013.07.29 16:59:38.582,0.86413,0.86425,1.50,2.63
2013.07.29 16:59:38.883,0.86406,0.86418,2.25,1.50
2013.07.29 16:59:39.123,0.86414,0.86424,1.13,2.25
2013.07.29 16:59:39.423,0.86407,0.86418,3.00,2.25
2013.07.29 16:59:39.603,0.86405,0.86418,3.00,1.50
2013.07.29 16:59:39.662,0.86414,0.86423,1.13,1.50
2013.07.29 16:59:40.040,0.86406,0.86418,2.25,2.25
2013.07.29 16:59:40.163,0.86404,0.86416,1.13,2.25
2013.07.29 16:59:40.283,0.86404,0.86415,1.69,1.50
2013.07.29 16:59:40.402,0.86404,0.86415,1.50,1.50
2013.07.29 16:59:40.472,0.86412,0.86423,4.32,1.50
2013.07.29 16:59:40.710,0.86404,0.86414,3.38,1.50
2013.07.29 16:59:41.012,0.86413,0.86423,1.69,1.50
2013.07.29 16:59:42.653,0.86406,0.86415,3.00,1.13
2013.07.29 16:59:43.191,0.86407,0.86417,4.32,1.69
2013.07.29 16:59:43.693,0.86408,0.86418,1.32,4.32
2013.07.29 16:59:43.802,0.86412,0.86423,3.57,1.50
2013.07.29 16:59:45.715,0.86415,0.86423,1.13,1.50
2013.07.29 16:59:46.314,0.86413,0.86422,2.44,1.50
2013.07.29 16:59:46.852,0.86413,0.86422,1.69,1.50
2013.07.29 16:59:47.393,0.8641,0.86421,2.25,1.13
2013.07.29 16:59:47.452,0.8641,0.8642,2.25,2.63
2013.07.29 16:59:47.932,0.8641,0.86418,2.25,1.50
2013.07.29 16:59:48.422,0.86406,0.86417,2.25,2.44
2013.07.29 16:59:48.472,0.86409,0.86418,2.25,1.50
2013.07.29 16:59:48.723,0.86405,0.86416,2.25,1.13
2013.07.29 16:59:48.996,0.86409,0.86418,1.13,1.50
2013.07.29 16:59:49.083,0.86406,0.86417,2.63,1.50
2013.07.29 16:59:49.482,0.86406,0.86418,1.69,2.63
2013.07.29 16:59:49.642,0.86407,0.86419,3.19,1.50
2013.07.29 16:59:50.135,0.86406,0.86418,1.13,2.07
2013.07.29 16:59:50.911,0.86406,0.86418,2.44,2.44
2013.07.29 16:59:51.743,0.86408,0.86418,1.50,1.50
2013.07.29 16:59:52.162,0.86406,0.86418,3.75,1.50
2013.07.29 16:59:52.323,0.86407,0.86418,1.50,5.25
2013.07.29 16:59:52.675,0.86407,0.86418,1.13,1.50
2013.07.29 16:59:53.801,0.86409,0.86419,1.50,1.88
2013.07.29 16:59:54.023,0.86407,0.86417,1.50,1.13
2013.07.29 16:59:54.143,0.86407,0.86418,1.88,1.50
2013.07.29 16:59:54.391,0.86407,0.86418,2.82,3.00
2013.07.29 16:59:54.442,0.86408,0.86419,3.38,1.50
2013.07.29 16:59:54.801,0.8641,0.8642,1.50,1.50
2013.07.29 16:59:54.979,0.86407,0.86418,2.44,1.50
2013.07.29 16:59:55.433,0.8641,0.8642,3.00,1.50
2013.07.29 16:59:56.023,0.8641,0.86419,1.50,1.50
2013.07.29 16:59:56.063,0.86408,0.86418,3.19,4.32
2013.07.29 16:59:58.422,0.86407,0.86418,2.25,1.69
2013.07.29 16:59:58.962,0.86405,0.86416,1.50,1.69
2013.07.29 16:59:59.201,0.86406,0.86417,3.00,3.00
2013.07.29 16:59:59.621,0.86404,0.86416,2.25,1.50
