2009.10.02 11:00:00.125,0.9173,0.9174,2.40,5.30
2009.10.02 11:00:00.294,0.9173,0.9174,2.40,4.80
2009.10.02 11:00:00.414,0.9173,0.9174,2.40,3.20
2009.10.02 11:00:00.584,0.91725,0.9174,22.00,2.40
2009.10.02 11:00:00.755,0.91725,0.9174,14.00,2.40
2009.10.02 11:00:00.864,0.91725,0.9174,14.00,5.60
2009.10.02 11:00:01.274,0.91725,0.9174,6.40,7.20
2009.10.02 11:00:01.614,0.91725,0.9174,14.70,1.30
2009.10.02 11:00:01.964,0.91725,0.9174,4.70,7.20
2009.10.02 11:00:02.244,0.9173,0.9174,2.40,4.00
2009.10.02 11:00:02.594,0.9173,0.9174,3.20,1.00
2009.10.02 11:00:02.924,0.91725,0.9174,17.10,4.00
2009.10.02 11:00:03.094,0.91725,0.9174,11.10,4.00
2009.10.02 11:00:05.113,0.91725,0.9174,11.10,7.20
2009.10.02 11:00:05.283,0.91725,0.9174,7.10,8.00
2009.10.02 11:00:05.793,0.91725,0.9174,7.90,7.20
2009.10.02 11:00:07.412,0.91725,0.9174,7.90,6.40
2009.10.02 11:00:07.632,0.91725,0.9174,7.90,3.20
2009.10.02 11:00:08.092,0.91725,0.9174,7.10,4.00
2009.10.02 11:00:08.212,0.91725,0.9174,7.10,7.20
2009.10.02 11:00:08.602,0.91725,0.9174,7.10,8.00
2009.10.02 11:00:08.832,0.91725,0.9174,7.10,7.20
2009.10.02 11:00:09.532,0.91725,0.9174,7.10,7.30
2009.10.02 11:00:09.772,0.91725,0.9174,3.90,7.30
2009.10.02 11:00:10.012,0.91725,0.9174,7.10,4.80
2009.10.02 11:00:10.582,0.91725,0.9174,3.90,8.00
2009.10.02 11:00:11.801,0.91725,0.9174,2.40,8.00
2009.10.02 11:00:12.192,0.91725,0.9174,2.40,8.60
2009.10.02 11:00:12.762,0.91725,0.9174,3.90,21.40
2009.10.02 11:00:12.982,0.9172,0.91735,4.70,8.90
2009.10.02 11:00:13.262,0.91725,0.91735,2.40,6.40
2009.10.02 11:00:14.271,0.91725,0.91735,2.40,7.20
2009.10.02 11:00:15.021,0.91725,0.91735,2.40,6.40
2009.10.02 11:00:15.801,0.91725,0.91735,2.40,3.20
2009.10.02 11:00:16.030,0.91725,0.91735,2.40,4.00
2009.10.02 11:00:17.560,0.91725,0.91735,2.40,1.60
2009.10.02 11:00:17.820,0.91725,0.91735,3.90,1.60
2009.10.02 11:00:18.290,0.91725,0.9174,9.20,2.40
2009.10.02 11:00:18.470,0.91725,0.9174,13.20,4.00
2009.10.02 11:00:18.690,0.91725,0.9174,7.90,8.00
2009.10.02 11:00:18.860,0.91725,0.9174,11.90,4.00
2009.10.02 11:00:19.100,0.91725,0.9174,11.90,3.20
2009.10.02 11:00:19.500,0.91725,0.9174,7.90,3.20
2009.10.02 11:00:19.890,0.9172,0.9174,20.00,10.90
2009.10.02 11:00:20.240,0.9172,0.9173,7.10,1.60
2009.10.02 11:00:25.149,0.9172,0.9173,3.90,3.20
2009.10.02 11:00:26.069,0.9172,0.9173,3.90,4.00
2009.10.02 11:00:27.788,0.9172,0.9173,4.60,4.00
2009.10.02 11:00:28.198,0.91725,0.91735,2.40,12.80
2009.10.02 11:00:28.367,0.91725,0.91735,2.40,8.80
2009.10.02 11:00:28.487,0.91725,0.91735,2.40,7.20
2009.10.02 11:00:28.877,0.9172,0.9173,8.70,2.40
2009.10.02 11:00:29.048,0.91715,0.9173,13.10,5.70
2009.10.02 11:00:29.168,0.91715,0.9173,16.40,5.60
2009.10.02 11:00:29.287,0.91715,0.9173,17.20,3.20
2009.10.02 11:00:31.267,0.91715,0.9173,13.20,7.20
2009.10.02 11:00:36.716,0.91715,0.9173,11.10,8.10
2009.10.02 11:00:37.065,0.91715,0.9173,7.10,8.10
2009.10.02 11:00:37.305,0.91715,0.9173,7.90,7.30
2009.10.02 11:00:37.885,0.9172,0.9173,2.40,4.80
2009.10.02 11:00:38.125,0.9172,0.9173,2.40,3.20
2009.10.02 11:00:38.405,0.91715,0.9173,11.10,2.40
2009.10.02 11:00:38.695,0.91715,0.9173,11.10,4.00
2009.10.02 11:00:38.995,0.91715,0.9173,7.90,4.00
2009.10.02 11:00:39.285,0.91715,0.9173,17.40,2.40
2009.10.02 11:00:39.405,0.9172,0.9173,1.00,2.40
2009.10.02 11:00:39.565,0.9172,0.91735,4.00,1.00
2009.10.02 11:00:39.905,0.9172,0.91735,11.00,6.10
2009.10.02 11:00:40.025,0.9172,0.9173,5.00,2.40
2009.10.02 11:00:40.195,0.9172,0.9173,1.10,2.40
2009.10.02 11:00:40.435,0.9172,0.9173,2.40,1.00
2009.10.02 11:00:40.614,0.9172,0.9173,3.20,1.00
2009.10.02 11:00:41.074,0.9172,0.9173,2.40,1.00
2009.10.02 11:00:42.004,0.9172,0.91735,3.20,6.10
2009.10.02 11:00:42.814,0.9172,0.91735,3.20,5.60
2009.10.02 11:00:43.324,0.9172,0.91735,7.10,5.60
2009.10.02 11:00:43.554,0.9172,0.91735,6.40,5.60
2009.10.02 11:00:43.674,0.9172,0.91735,2.40,6.40
2009.10.02 11:00:44.624,0.9172,0.91735,3.90,6.40
2009.10.02 11:00:45.244,0.9172,0.91735,3.90,6.50
2009.10.02 11:00:46.103,0.9172,0.91735,3.90,6.50
2009.10.02 11:00:46.404,0.91715,0.9173,12.20,2.40
2009.10.02 11:00:46.693,0.91715,0.9173,11.10,2.40
2009.10.02 11:00:46.973,0.91715,0.9173,11.10,5.70
2009.10.02 11:00:47.483,0.91715,0.9173,7.90,5.70
2009.10.02 11:00:50.222,0.91715,0.9173,11.10,5.70
2009.10.02 11:00:50.282,0.91715,0.9173,11.10,5.60
2009.10.02 11:00:50.562,0.91715,0.9173,21.10,5.60
2009.10.02 11:00:52.512,0.91715,0.9173,16.20,5.60
2009.10.02 11:00:52.801,0.91715,0.9173,7.90,5.60
2009.10.02 11:00:53.701,0.91715,0.9173,4.70,5.60
2009.10.02 11:00:56.951,0.91715,0.9173,8.70,5.60
2009.10.02 11:00:57.311,0.91715,0.91725,8.70,1.60
2009.10.02 11:00:57.541,0.91715,0.91725,3.90,1.60
2009.10.02 11:00:57.820,0.91715,0.9173,9.90,9.40
2009.10.02 11:00:58.110,0.91715,0.9173,3.90,10.20
2009.10.02 11:00:58.500,0.91715,0.91725,4.70,1.60
2009.10.02 11:00:58.620,0.91715,0.9173,7.90,7.30
2009.10.02 11:00:58.970,0.91715,0.9173,7.90,7.20
2009.10.02 11:00:59.140,0.91715,0.9173,11.90,7.20
2009.10.02 11:00:59.550,0.91715,0.91725,7.90,1.60
2009.10.02 11:01:00.900,0.91715,0.91725,7.10,1.60
2009.10.02 11:01:02.999,0.91715,0.91725,4.70,4.00
2009.10.02 11:01:03.299,0.91715,0.91725,2.40,1.60
2009.10.02 11:01:04.449,0.9171,0.91725,16.80,4.00
2009.10.02 11:01:04.629,0.9171,0.91725,16.70,7.20
2009.10.02 11:01:04.739,0.91715,0.91725,2.40,1.60
2009.10.02 11:01:05.019,0.91715,0.91725,2.40,1.60
2009.10.02 11:01:05.429,0.91715,0.91725,3.90,1.60
2009.10.02 11:01:06.629,0.9172,0.91725,2.40,1.60
2009.10.02 11:01:06.849,0.91715,0.91725,7.90,1.60
2009.10.02 11:01:08.308,0.91715,0.91725,7.10,1.60
2009.10.02 11:01:09.218,0.91715,0.91725,3.90,1.60
2009.10.02 11:01:11.387,0.9171,0.91725,11.90,4.00
2009.10.02 11:01:12.657,0.9171,0.91725,11.90,7.30
2009.10.02 11:01:13.057,0.9171,0.91725,11.10,8.10
2009.10.02 11:01:13.457,0.9171,0.91725,11.10,9.70
2009.10.02 11:01:14.207,0.9171,0.91725,16.30,9.70
2009.10.02 11:01:14.266,0.9171,0.91725,18.30,7.20
2009.10.02 11:01:14.326,0.9171,0.91725,18.70,4.80
2009.10.02 11:01:14.507,0.9171,0.91725,13.50,4.90
2009.10.02 11:01:14.567,0.9171,0.91725,15.90,5.70
2009.10.02 11:01:14.686,0.9171,0.91725,14.60,8.10
2009.10.02 11:01:14.746,0.9171,0.91725,11.10,8.10
2009.10.02 11:01:14.807,0.9171,0.91725,7.10,8.10
2009.10.02 11:01:14.866,0.9171,0.91725,8.30,8.10
2009.10.02 11:01:15.216,0.9171,0.91725,16.70,1.00
2009.10.02 11:01:15.576,0.91715,0.9173,10.30,8.60
2009.10.02 11:01:15.926,0.91715,0.9173,14.70,8.10
2009.10.02 11:01:16.266,0.91715,0.9173,7.90,8.60
2009.10.02 11:01:16.656,0.91715,0.9173,7.10,8.60
2009.10.02 11:01:16.956,0.91715,0.91725,7.10,1.60
2009.10.02 11:01:17.406,0.91715,0.9173,7.10,8.10
2009.10.02 11:01:18.096,0.91715,0.9173,11.10,8.10
2009.10.02 11:01:18.156,0.91715,0.9173,12.30,8.10
2009.10.02 11:01:20.155,0.91715,0.9173,12.30,9.70
2009.10.02 11:01:20.385,0.91715,0.9173,11.10,9.70
2009.10.02 11:01:20.565,0.91715,0.9173,3.90,10.20
2009.10.02 11:01:20.675,0.91715,0.9173,7.90,9.70
2009.10.02 11:01:21.085,0.91715,0.9173,13.10,9.60
2009.10.02 11:01:21.425,0.91715,0.9173,21.50,3.20
2009.10.02 11:01:22.645,0.9172,0.91735,2.40,10.20
2009.10.02 11:01:22.885,0.9172,0.91735,2.40,13.40
2009.10.02 11:01:23.415,0.9172,0.91735,2.40,13.70
2009.10.02 11:01:23.635,0.9172,0.91735,2.40,13.40
2009.10.02 11:01:24.164,0.9172,0.91735,2.40,13.70
2009.10.02 11:01:24.514,0.91715,0.91735,14.70,18.20
2009.10.02 11:01:24.794,0.91715,0.91735,9.10,18.20
2009.10.02 11:01:27.313,0.91715,0.91735,12.30,18.60
2009.10.02 11:01:28.643,0.91715,0.91735,13.10,18.60
2009.10.02 11:01:28.813,0.91715,0.9173,13.10,8.80
2009.10.02 11:01:28.983,0.91715,0.9173,12.30,9.60
2009.10.02 11:01:29.043,0.91715,0.9173,18.30,8.80
2009.10.02 11:01:29.163,0.91715,0.9173,18.30,8.90
2009.10.02 11:01:29.213,0.91715,0.9173,17.10,8.90
2009.10.02 11:01:29.733,0.91715,0.9173,17.10,7.30
2009.10.02 11:01:30.643,0.91715,0.9173,16.30,8.10
2009.10.02 11:01:31.382,0.91715,0.9173,13.10,8.10
2009.10.02 11:01:32.842,0.91715,0.9173,7.90,8.10
2009.10.02 11:01:33.012,0.91715,0.9173,9.10,8.10
2009.10.02 11:01:33.662,0.91715,0.9173,14.30,8.10
2009.10.02 11:01:33.902,0.91715,0.9173,13.10,8.10
2009.10.02 11:01:35.222,0.91715,0.9173,7.60,8.10
2009.10.02 11:01:35.911,0.91715,0.9173,6.40,8.10
2009.10.02 11:01:36.381,0.91715,0.9173,2.40,11.30
2009.10.02 11:01:36.711,0.91715,0.9173,2.40,11.70
2009.10.02 11:01:37.421,0.91715,0.9173,3.60,8.60
2009.10.02 11:01:37.811,0.91715,0.9173,10.30,8.10
2009.10.02 11:01:38.161,0.91715,0.91725,7.90,1.00
2009.10.02 11:01:38.331,0.91715,0.91725,2.40,2.40
2009.10.02 11:01:38.850,0.91715,0.91725,2.40,5.60
2009.10.02 11:01:40.270,0.91715,0.91725,2.40,4.80
2009.10.02 11:01:40.900,0.91715,0.91725,2.40,1.60
2009.10.02 11:01:41.250,0.91715,0.9173,3.60,8.60
2009.10.02 11:01:41.600,0.91715,0.9173,14.30,8.10
2009.10.02 11:01:41.830,0.91715,0.9173,14.30,6.50
2009.10.02 11:01:42.290,0.91715,0.9173,17.50,6.50
2009.10.02 11:01:45.879,0.91715,0.9173,14.30,5.70
2009.10.02 11:01:46.719,0.91715,0.9173,13.50,9.70
2009.10.02 11:01:46.949,0.9171,0.9173,14.00,21.00
2009.10.02 11:01:47.349,0.9171,0.9173,14.80,19.70
2009.10.02 11:01:47.629,0.91715,0.91725,4.70,2.40
2009.10.02 11:01:47.908,0.91715,0.9173,7.10,8.10
2009.10.02 11:01:50.348,0.91715,0.9173,7.10,8.60
2009.10.02 11:01:50.528,0.91715,0.9173,7.10,8.10
2009.10.02 11:01:50.798,0.91715,0.9173,7.90,7.30
2009.10.02 11:01:50.908,0.91715,0.9173,7.10,11.30
2009.10.02 11:01:51.088,0.9171,0.9173,9.50,21.50
2009.10.02 11:01:51.438,0.91705,0.91715,7.10,2.40
2009.10.02 11:01:53.707,0.91705,0.91715,7.50,2.40
2009.10.02 11:01:53.997,0.91715,0.91725,1.00,3.20
2009.10.02 11:01:54.287,0.91715,0.9173,3.20,8.80
2009.10.02 11:01:54.457,0.9171,0.9173,4.70,16.50
2009.10.02 11:01:54.977,0.9171,0.9173,3.90,23.30
2009.10.02 11:01:55.257,0.9171,0.91725,1.50,7.00
2009.10.02 11:01:55.717,0.9171,0.91725,1.50,13.80
2009.10.02 11:01:56.416,0.9171,0.91725,2.40,21.70
2009.10.02 11:01:56.766,0.9171,0.9172,2.40,2.40
2009.10.02 11:01:57.116,0.91705,0.9172,3.90,8.10
2009.10.02 11:01:57.456,0.91705,0.9172,7.10,8.50
2009.10.02 11:01:57.806,0.91705,0.91715,8.00,2.40
2009.10.02 11:01:58.196,0.91705,0.9172,11.10,11.20
2009.10.02 11:01:58.526,0.91705,0.9172,7.10,12.00
2009.10.02 11:01:58.876,0.91705,0.9172,3.90,12.80
2009.10.02 11:01:59.226,0.91705,0.9172,3.90,12.00
2009.10.02 11:01:59.576,0.91705,0.9172,4.70,8.80
2009.10.02 11:01:59.796,0.91705,0.9172,8.30,7.20
2009.10.02 11:02:00.205,0.9171,0.9172,1.50,4.00
2009.10.02 11:02:00.845,0.91705,0.9172,7.90,11.20
2009.10.02 11:02:01.875,0.91705,0.9172,11.50,8.00
2009.10.02 11:02:02.165,0.9171,0.9172,2.40,1.60
2009.10.02 11:02:05.704,0.91705,0.9172,8.40,4.00
2009.10.02 11:02:06.064,0.91705,0.9172,8.00,4.00
2009.10.02 11:02:06.754,0.91705,0.9172,12.00,1.60
2009.10.02 11:02:07.444,0.91705,0.9172,16.80,1.60
2009.10.02 11:02:07.654,0.91705,0.9172,11.90,4.00
2009.10.02 11:02:07.954,0.91705,0.9172,8.00,4.00
2009.10.02 11:02:08.303,0.9171,0.9172,2.40,1.60
2009.10.02 11:02:08.533,0.9171,0.91725,2.40,12.10
2009.10.02 11:02:08.763,0.9171,0.9172,2.40,1.60
2009.10.02 11:02:09.603,0.9171,0.9172,2.40,1.60
2009.10.02 11:02:09.713,0.9171,0.9172,3.20,1.60
2009.10.02 11:02:09.833,0.9171,0.9172,3.20,1.60
2009.10.02 11:02:09.943,0.9171,0.91725,4.80,11.20
2009.10.02 11:02:10.053,0.91715,0.91725,2.40,8.80
2009.10.02 11:02:10.163,0.91715,0.91725,2.40,1.60
2009.10.02 11:02:10.843,0.91715,0.91725,2.40,7.20
2009.10.02 11:02:11.183,0.9171,0.91725,4.70,7.20
2009.10.02 11:02:11.533,0.9171,0.91725,3.90,12.10
2009.10.02 11:02:12.223,0.9171,0.91725,4.70,11.20
2009.10.02 11:02:12.562,0.91715,0.91725,2.40,1.60
2009.10.02 11:02:12.863,0.9171,0.91725,12.70,4.00
2009.10.02 11:02:13.092,0.9171,0.91725,7.90,7.20
2009.10.02 11:02:13.372,0.9171,0.91725,7.90,7.20
2009.10.02 11:02:15.422,0.91715,0.91725,2.40,7.20
2009.10.02 11:02:15.832,0.91715,0.91725,2.40,1.60
2009.10.02 11:02:16.162,0.91715,0.91725,2.40,7.20
2009.10.02 11:02:16.912,0.91715,0.91725,2.40,8.00
2009.10.02 11:02:17.251,0.91715,0.91725,2.40,1.60
2009.10.02 11:02:17.592,0.91705,0.91725,15.90,12.00
2009.10.02 11:02:17.921,0.91705,0.9172,7.90,4.80
2009.10.02 11:02:18.621,0.91705,0.9172,11.10,4.80
2009.10.02 11:02:19.101,0.91705,0.9172,4.70,5.60
2009.10.02 11:02:19.221,0.91705,0.91715,4.70,2.40
2009.10.02 11:02:19.381,0.917,0.91715,11.90,2.40
2009.10.02 11:02:19.551,0.917,0.91715,11.90,4.00
2009.10.02 11:02:20.471,0.917,0.91715,7.90,4.00
2009.10.02 11:02:20.810,0.917,0.91715,11.90,4.00
2009.10.02 11:02:21.630,0.917,0.9171,3.90,2.40
2009.10.02 11:02:25.289,0.917,0.9171,7.90,2.40
2009.10.02 11:02:25.349,0.917,0.9171,11.10,2.40
2009.10.02 11:02:25.399,0.917,0.91715,11.10,4.00
2009.10.02 11:02:25.789,0.917,0.91715,20.30,1.60
2009.10.02 11:02:26.079,0.91705,0.9172,4.70,4.80
2009.10.02 11:02:26.359,0.91705,0.9172,4.70,8.80
2009.10.02 11:02:26.999,0.91705,0.9172,4.70,12.00
2009.10.02 11:02:27.339,0.91705,0.9171,4.70,2.40
2009.10.02 11:02:27.699,0.917,0.91715,10.30,2.40
2009.10.02 11:02:27.989,0.917,0.91715,7.90,2.40
2009.10.02 11:02:29.208,0.917,0.91715,7.90,2.40
2009.10.02 11:02:34.077,0.917,0.91715,7.90,2.40
2009.10.02 11:02:34.187,0.91705,0.91715,7.10,2.40
2009.10.02 11:02:34.367,0.91705,0.91715,11.10,2.40
2009.10.02 11:02:34.487,0.91705,0.91715,7.90,2.40
2009.10.02 11:02:35.177,0.91705,0.91715,3.20,2.40
2009.10.02 11:02:35.457,0.917,0.91715,18.70,2.40
2009.10.02 11:02:36.067,0.917,0.91715,10.30,2.40
2009.10.02 11:02:36.357,0.917,0.91715,7.90,2.40
2009.10.02 11:02:37.416,0.917,0.91715,7.90,2.40
2009.10.02 11:02:38.097,0.917,0.91715,7.90,5.70
2009.10.02 11:02:38.386,0.917,0.91715,7.10,6.50
2009.10.02 11:02:38.546,0.917,0.91715,7.10,8.10
2009.10.02 11:02:40.916,0.917,0.91715,11.10,7.30
2009.10.02 11:02:41.136,0.9171,0.91715,9.10,4.80
2009.10.02 11:02:41.376,0.91715,0.91725,3.90,5.60
2009.10.02 11:02:41.725,0.91715,0.91725,7.20,1.60
2009.10.02 11:02:42.465,0.91715,0.91725,3.20,1.60
2009.10.02 11:02:42.815,0.91715,0.91725,11.10,1.60
2009.10.02 11:02:43.115,0.91715,0.9173,8.70,8.00
2009.10.02 11:02:43.525,0.9171,0.91725,11.90,4.00
2009.10.02 11:02:43.695,0.9171,0.91725,17.10,4.00
2009.10.02 11:02:43.875,0.9171,0.91725,15.10,3.20
2009.10.02 11:02:44.725,0.91715,0.91725,2.40,3.60
2009.10.02 11:02:45.245,0.9171,0.9172,10.30,1.60
2009.10.02 11:02:45.535,0.9171,0.91725,11.90,4.80
2009.10.02 11:02:45.824,0.9171,0.91725,11.10,4.80
2009.10.02 11:02:46.335,0.9171,0.91725,15.90,4.80
2009.10.02 11:02:47.334,0.9171,0.91725,9.00,4.80
2009.10.02 11:02:47.674,0.9171,0.91725,9.00,5.60
2009.10.02 11:02:48.304,0.9171,0.91725,3.40,5.60
2009.10.02 11:02:50.303,0.9171,0.9172,6.60,2.40
2009.10.02 11:02:50.363,0.9171,0.91725,9.00,5.60
2009.10.02 11:02:50.943,0.91715,0.91725,3.20,3.20
2009.10.02 11:02:51.633,0.9171,0.9173,15.90,6.40
2009.10.02 11:02:51.973,0.9171,0.9173,16.20,6.40
2009.10.02 11:02:52.323,0.9171,0.91725,16.20,5.60
2009.10.02 11:02:52.663,0.9171,0.91725,12.20,5.60
2009.10.02 11:02:53.063,0.9172,0.9173,4.00,3.20
2009.10.02 11:02:53.643,0.9171,0.9173,7.90,8.40
2009.10.02 11:02:53.803,0.9171,0.91725,2.40,6.40
2009.10.02 11:02:54.023,0.9171,0.91725,3.20,5.60
2009.10.02 11:02:54.202,0.9171,0.91725,7.50,2.40
2009.10.02 11:02:54.553,0.9171,0.91725,11.60,5.60
2009.10.02 11:02:54.952,0.9171,0.91725,11.40,5.60
2009.10.02 11:02:55.642,0.9171,0.9173,8.70,17.70
2009.10.02 11:02:55.992,0.9171,0.9173,9.80,16.10
2009.10.02 11:02:56.872,0.9171,0.9173,21.80,3.20
2009.10.02 11:02:57.282,0.91715,0.9173,9.00,1.00
2009.10.02 11:02:57.512,0.91715,0.9173,11.10,1.00
2009.10.02 11:02:57.752,0.9171,0.91725,7.10,10.40
2009.10.02 11:02:57.992,0.91705,0.91725,7.90,14.00
2009.10.02 11:02:58.282,0.91705,0.91725,2.40,23.60
2009.10.02 11:02:58.921,0.91705,0.9172,2.40,10.40
2009.10.02 11:03:00.101,0.91705,0.9172,3.20,10.10
2009.10.02 11:03:00.271,0.91715,0.9172,2.40,4.40
2009.10.02 11:03:00.331,0.91715,0.91725,2.40,4.40
2009.10.02 11:03:00.571,0.9171,0.91725,8.70,6.90
2009.10.02 11:03:00.621,0.9171,0.91725,15.10,2.40
2009.10.02 11:03:00.681,0.9171,0.91725,12.70,1.00
2009.10.02 11:03:00.851,0.9171,0.91725,13.80,1.00
2009.10.02 11:03:02.071,0.91715,0.9173,11.10,1.00
2009.10.02 11:03:02.411,0.9172,0.91735,1.90,7.20
2009.10.02 11:03:02.820,0.9172,0.91735,5.50,7.20
2009.10.02 11:03:03.160,0.9172,0.91735,7.90,5.60
2009.10.02 11:03:03.730,0.9172,0.91735,11.10,3.20
2009.10.02 11:03:03.900,0.9172,0.91735,11.90,3.20
2009.10.02 11:03:04.540,0.9172,0.91735,12.20,3.20
2009.10.02 11:03:04.710,0.9172,0.91735,5.80,5.60
2009.10.02 11:03:05.450,0.9172,0.91735,2.60,6.80
2009.10.02 11:03:05.910,0.9172,0.91735,5.80,5.60
2009.10.02 11:03:06.180,0.9172,0.91735,9.00,5.60
2009.10.02 11:03:07.080,0.9172,0.91735,9.00,2.40
2009.10.02 11:03:09.029,0.91725,0.91735,2.40,2.40
2009.10.02 11:03:09.309,0.9172,0.91735,13.10,2.40
2009.10.02 11:03:09.369,0.91725,0.91735,2.40,2.40
2009.10.02 11:03:11.168,0.91725,0.91735,2.40,3.20
2009.10.02 11:03:11.458,0.9172,0.91735,9.00,2.90
2009.10.02 11:03:11.758,0.91725,0.9174,2.40,7.00
2009.10.02 11:03:12.038,0.9172,0.9174,9.00,20.10
2009.10.02 11:03:12.378,0.9172,0.91735,2.40,10.90
2009.10.02 11:03:12.728,0.9172,0.91735,2.40,16.10
2009.10.02 11:03:13.068,0.9172,0.91735,2.40,16.20
2009.10.02 11:03:13.648,0.9172,0.91735,2.40,19.40
2009.10.02 11:03:13.878,0.9172,0.9173,2.40,3.20
2009.10.02 11:03:14.168,0.9172,0.9173,2.40,8.50
2009.10.02 11:03:14.287,0.91715,0.9173,2.40,10.90
2009.10.02 11:03:14.617,0.91715,0.91725,2.40,2.40
2009.10.02 11:03:14.737,0.91715,0.91725,2.40,5.60
2009.10.02 11:03:15.557,0.91715,0.91725,6.40,3.20
2009.10.02 11:03:15.727,0.9172,0.9173,7.10,1.00
2009.10.02 11:03:15.907,0.9172,0.91735,7.90,8.50
2009.10.02 11:03:16.137,0.9172,0.91735,11.10,4.50
2009.10.02 11:03:16.437,0.9172,0.91735,11.90,4.40
2009.10.02 11:03:17.187,0.9172,0.91735,12.00,4.40
2009.10.02 11:03:17.407,0.91725,0.9174,17.10,11.60
2009.10.02 11:03:17.697,0.9173,0.91745,2.40,6.50
2009.10.02 11:03:17.937,0.9173,0.91745,2.40,7.00
2009.10.02 11:03:18.217,0.9173,0.91745,2.40,6.50
2009.10.02 11:03:19.007,0.9173,0.91745,3.90,6.50
2009.10.02 11:03:19.646,0.9173,0.91745,5.80,5.70
2009.10.02 11:03:22.996,0.9173,0.91745,5.80,5.70
2009.10.02 11:03:23.225,0.9173,0.9174,9.00,2.40
2009.10.02 11:03:23.406,0.9173,0.9174,2.60,2.40
2009.10.02 11:03:23.585,0.9173,0.9174,1.10,2.40
2009.10.02 11:03:23.825,0.9173,0.91745,1.10,10.50
2009.10.02 11:03:23.935,0.91725,0.91735,12.20,2.40
2009.10.02 11:03:24.105,0.91725,0.91735,9.00,2.40
2009.10.02 11:03:24.345,0.91725,0.91735,8.20,2.40
2009.10.02 11:03:24.525,0.91725,0.91735,7.10,2.40
2009.10.02 11:03:24.695,0.91725,0.91735,1.50,2.40
2009.10.02 11:03:24.865,0.91725,0.91735,1.10,2.40
2009.10.02 11:03:25.035,0.9172,0.91735,9.00,2.40
2009.10.02 11:03:25.145,0.9172,0.91735,12.20,2.40
2009.10.02 11:03:25.855,0.9172,0.91735,9.00,2.40
2009.10.02 11:03:26.245,0.9172,0.91735,20.20,2.40
2009.10.02 11:03:29.324,0.91725,0.91735,1.10,2.40
2009.10.02 11:03:29.604,0.9172,0.91735,12.20,2.40
2009.10.02 11:03:29.954,0.9172,0.91735,12.20,6.40
2009.10.02 11:03:30.124,0.9172,0.91735,9.00,2.40
2009.10.02 11:03:30.294,0.9172,0.91735,5.80,3.20
2009.10.02 11:03:30.704,0.9172,0.91735,9.00,2.40
2009.10.02 11:03:31.613,0.9172,0.91735,8.20,3.20
2009.10.02 11:03:31.963,0.9172,0.91735,9.80,6.40
2009.10.02 11:03:32.313,0.9172,0.9173,3.40,2.40
2009.10.02 11:03:32.663,0.9172,0.9173,6.60,2.40
2009.10.02 11:03:33.013,0.9172,0.91735,9.00,2.40
2009.10.02 11:03:33.293,0.9172,0.91735,12.20,2.80
2009.10.02 11:03:33.684,0.9172,0.91735,12.20,2.40
2009.10.02 11:03:34.034,0.9172,0.9173,8.20,1.00
2009.10.02 11:03:34.203,0.91715,0.9172,9.10,1.60
2009.10.02 11:03:34.374,0.9171,0.91725,11.10,10.80
2009.10.02 11:03:34.724,0.9171,0.91725,13.10,4.00
2009.10.02 11:03:34.893,0.9171,0.91725,13.10,2.40
2009.10.02 11:03:35.063,0.9171,0.91725,17.80,2.40
2009.10.02 11:03:35.293,0.91715,0.91725,7.90,4.00
2009.10.02 11:03:35.523,0.9171,0.9172,11.90,2.40
2009.10.02 11:03:35.813,0.91715,0.91725,7.10,2.40
2009.10.02 11:03:36.043,0.91715,0.91725,7.90,4.00
2009.10.02 11:03:36.273,0.9171,0.91725,4.70,9.60
2009.10.02 11:03:36.633,0.9171,0.91725,5.90,3.00
2009.10.02 11:03:36.983,0.9171,0.9172,4.70,2.40
2009.10.02 11:03:37.323,0.9171,0.91725,11.10,8.40
2009.10.02 11:03:37.543,0.9171,0.9172,3.90,2.40
2009.10.02 11:03:37.823,0.91705,0.9172,12.00,2.40
2009.10.02 11:03:39.152,0.91705,0.91715,8.70,4.00
2009.10.02 11:03:39.502,0.9171,0.9172,3.90,8.80
2009.10.02 11:03:39.612,0.9171,0.9172,3.90,2.40
2009.10.02 11:03:39.962,0.9171,0.9172,1.50,2.40
2009.10.02 11:03:40.072,0.91705,0.9172,11.90,2.40
2009.10.02 11:03:40.192,0.91705,0.9172,16.30,2.40
2009.10.02 11:03:41.462,0.91715,0.91725,1.00,4.40
2009.10.02 11:03:41.811,0.9171,0.91725,8.70,4.40
2009.10.02 11:03:42.152,0.9171,0.91725,23.50,2.40
2009.10.02 11:03:42.482,0.91715,0.91725,7.10,2.40
2009.10.02 11:03:42.772,0.91715,0.91725,3.90,2.40
2009.10.02 11:03:43.291,0.9171,0.91725,8.70,4.40
2009.10.02 11:03:43.571,0.9171,0.9172,4.70,2.40
2009.10.02 11:03:43.801,0.9171,0.9172,7.90,2.40
2009.10.02 11:03:44.271,0.9171,0.9172,4.70,2.40
2009.10.02 11:03:45.751,0.9171,0.9172,5.50,2.40
2009.10.02 11:03:46.520,0.9171,0.9172,4.70,2.40
2009.10.02 11:03:46.690,0.9171,0.91715,1.50,4.00
2009.10.02 11:03:46.870,0.91705,0.91715,2.80,4.00
2009.10.02 11:03:47.040,0.91705,0.91715,1.20,4.00
2009.10.02 11:03:47.270,0.917,0.91715,8.00,8.00
2009.10.02 11:03:47.450,0.917,0.91715,8.00,13.60
2009.10.02 11:03:48.030,0.917,0.91715,8.00,9.60
2009.10.02 11:03:48.250,0.917,0.91715,11.20,4.40
2009.10.02 11:03:48.490,0.917,0.91715,12.40,1.00
2009.10.02 11:03:48.720,0.91705,0.9172,11.10,2.80
2009.10.02 11:03:48.960,0.91705,0.9172,7.90,6.80
2009.10.02 11:03:49.600,0.91705,0.9172,7.10,3.60
2009.10.02 11:03:49.940,0.91705,0.9172,7.10,8.80
2009.10.02 11:03:50.450,0.91705,0.91715,3.90,2.40
2009.10.02 11:03:50.790,0.917,0.91715,1.50,15.20
2009.10.02 11:03:51.130,0.91695,0.9171,11.10,2.80
2009.10.02 11:03:51.469,0.91695,0.9171,7.90,2.80
2009.10.02 11:03:52.220,0.91695,0.9171,18.70,2.80
2009.10.02 11:03:52.449,0.91705,0.9171,11.10,1.00
2009.10.02 11:03:52.679,0.91705,0.9172,9.50,3.20
2009.10.02 11:03:52.959,0.917,0.9171,11.10,2.40
2009.10.02 11:03:53.179,0.9171,0.91725,7.90,11.30
2009.10.02 11:03:53.529,0.9171,0.91725,1.50,3.60
2009.10.02 11:03:53.799,0.9171,0.91725,4.70,3.60
2009.10.02 11:03:54.099,0.9171,0.9172,4.70,5.20
2009.10.02 11:03:54.379,0.917,0.91715,10.60,8.40
2009.10.02 11:03:54.599,0.917,0.9171,9.80,2.40
2009.10.02 11:03:54.879,0.917,0.9171,1.10,2.40
2009.10.02 11:03:55.349,0.91695,0.9171,9.80,2.40
2009.10.02 11:03:55.469,0.917,0.9171,1.00,2.40
2009.10.02 11:03:55.578,0.917,0.9171,2.30,2.40
2009.10.02 11:03:56.688,0.917,0.9171,4.70,2.40
2009.10.02 11:03:56.808,0.917,0.9171,7.90,2.40
2009.10.02 11:03:57.508,0.917,0.9171,9.00,2.40
2009.10.02 11:03:58.717,0.917,0.9171,8.30,2.40
2009.10.02 11:03:58.957,0.917,0.9171,11.50,2.40
2009.10.02 11:03:59.118,0.917,0.91715,12.30,8.40
2009.10.02 11:03:59.298,0.917,0.9171,8.30,2.40
2009.10.02 11:03:59.468,0.917,0.9171,5.90,2.40
2009.10.02 11:03:59.647,0.917,0.9171,2.70,2.40
2009.10.02 11:04:00.187,0.917,0.9171,5.10,2.40
2009.10.02 11:04:00.357,0.917,0.9171,8.30,2.40
2009.10.02 11:04:00.977,0.917,0.91715,11.50,8.00
2009.10.02 11:04:01.257,0.917,0.91715,8.30,4.00
2009.10.02 11:04:01.537,0.917,0.9171,7.90,2.40
2009.10.02 11:04:03.096,0.917,0.91715,11.90,4.00
2009.10.02 11:04:03.447,0.917,0.9171,13.60,5.20
2009.10.02 11:04:03.617,0.917,0.9171,1.60,17.60
2009.10.02 11:04:03.846,0.917,0.9171,4.70,7.20
2009.10.02 11:04:04.017,0.917,0.9171,8.70,6.40
2009.10.02 11:04:04.176,0.917,0.9171,2.30,2.40
2009.10.02 11:04:04.466,0.917,0.9171,5.50,2.40
2009.10.02 11:04:04.816,0.917,0.91715,11.20,13.20
2009.10.02 11:04:06.626,0.917,0.91715,12.00,13.20
2009.10.02 11:04:08.815,0.917,0.91715,11.20,13.20
2009.10.02 11:04:09.225,0.917,0.91715,11.20,8.00
2009.10.02 11:04:09.445,0.917,0.91715,12.00,8.00
2009.10.02 11:04:10.925,0.91705,0.91715,7.10,4.00
2009.10.02 11:04:11.375,0.917,0.91715,12.00,4.00
2009.10.02 11:04:11.645,0.917,0.91715,12.30,8.40
2009.10.02 11:04:11.994,0.917,0.91715,12.30,4.00
2009.10.02 11:04:17.153,0.917,0.91715,13.20,8.40
2009.10.02 11:04:17.433,0.91705,0.91715,7.10,2.40
2009.10.02 11:04:17.833,0.91705,0.9172,7.90,2.50
2009.10.02 11:04:18.063,0.91705,0.91725,11.10,11.30
2009.10.02 11:04:18.233,0.9171,0.91725,7.90,3.20
2009.10.02 11:04:18.583,0.9171,0.91725,15.10,2.40
2009.10.02 11:04:18.863,0.9171,0.91725,15.90,2.40
2009.10.02 11:04:19.502,0.9171,0.91725,16.60,2.40
2009.10.02 11:04:19.853,0.9171,0.91725,9.00,10.40
2009.10.02 11:04:19.912,0.9171,0.9172,6.60,2.40
2009.10.02 11:04:20.032,0.9171,0.9172,1.20,2.40
2009.10.02 11:04:20.092,0.9171,0.9172,1.00,5.20
2009.10.02 11:04:20.202,0.9171,0.9172,1.00,9.20
2009.10.02 11:04:20.262,0.91705,0.9172,4.80,4.80
2009.10.02 11:04:20.382,0.91705,0.9172,11.90,8.00
2009.10.02 11:04:20.502,0.91705,0.9172,11.90,3.60
2009.10.02 11:04:20.792,0.91705,0.9172,11.90,2.80
2009.10.02 11:04:21.972,0.91705,0.9172,12.00,2.80
2009.10.02 11:04:22.262,0.91705,0.9172,6.30,9.60
2009.10.02 11:04:22.562,0.91705,0.9172,1.00,23.20
2009.10.02 11:04:22.842,0.917,0.91715,12.40,8.40
2009.10.02 11:04:23.142,0.917,0.91715,12.00,8.40
2009.10.02 11:04:25.991,0.917,0.91715,8.00,9.20
2009.10.02 11:04:26.161,0.917,0.91715,7.90,9.30
2009.10.02 11:04:26.511,0.917,0.9171,2.30,2.40
2009.10.02 11:04:29.290,0.917,0.9171,1.50,2.40
2009.10.02 11:04:29.580,0.91695,0.9171,1.50,15.60
2009.10.02 11:04:30.740,0.91695,0.91705,2.30,2.40
2009.10.02 11:04:31.250,0.91695,0.91705,2.30,4.00
2009.10.02 11:04:31.310,0.91695,0.91705,2.30,2.40
2009.10.02 11:04:31.550,0.91695,0.91705,5.50,2.40
2009.10.02 11:04:31.610,0.91695,0.9171,8.70,4.70
2009.10.02 11:04:31.730,0.917,0.9171,5.50,6.40
2009.10.02 11:04:32.069,0.917,0.9171,5.50,2.40
2009.10.02 11:04:32.419,0.91695,0.9171,11.90,2.40
2009.10.02 11:04:32.820,0.91695,0.91705,7.10,2.40
2009.10.02 11:04:33.109,0.91695,0.9171,11.10,4.00
2009.10.02 11:04:33.379,0.91695,0.9171,3.60,18.40
2009.10.02 11:04:33.719,0.9169,0.91705,13.10,2.40
2009.10.02 11:04:34.009,0.9169,0.91705,9.10,4.00
2009.10.02 11:04:34.399,0.91695,0.91705,3.90,2.40
2009.10.02 11:04:34.699,0.91695,0.91705,2.40,2.40
2009.10.02 11:04:35.049,0.91695,0.91705,6.40,2.40
2009.10.02 11:04:35.269,0.91695,0.9171,12.30,5.60
2009.10.02 11:04:35.509,0.91695,0.9171,12.30,5.30
2009.10.02 11:04:35.689,0.917,0.91715,3.90,16.40
2009.10.02 11:04:35.929,0.917,0.9171,2.30,2.40
2009.10.02 11:04:37.579,0.917,0.91715,8.80,8.40
2009.10.02 11:04:37.878,0.917,0.9171,1.50,2.40
2009.10.02 11:04:38.508,0.917,0.9171,4.70,2.40
2009.10.02 11:04:38.788,0.917,0.91715,8.00,8.40
2009.10.02 11:04:39.308,0.917,0.91715,2.30,9.20
2009.10.02 11:04:42.257,0.917,0.91715,7.90,8.40
2009.10.02 11:04:42.427,0.917,0.91715,7.10,9.20
2009.10.02 11:04:42.667,0.917,0.9171,5.50,2.40
2009.10.02 11:04:43.067,0.917,0.91715,11.20,8.40
2009.10.02 11:04:43.417,0.917,0.91715,11.90,4.40
2009.10.02 11:04:43.757,0.917,0.91715,8.70,9.60
2009.10.02 11:04:44.247,0.917,0.91715,8.00,9.60
2009.10.02 11:04:44.537,0.917,0.91715,7.90,9.60
2009.10.02 11:04:44.716,0.917,0.91715,7.90,10.40
2009.10.02 11:04:44.937,0.91705,0.91715,4.00,8.00
2009.10.02 11:04:45.166,0.91705,0.91715,5.50,1.00
2009.10.02 11:04:45.727,0.91705,0.91715,5.50,4.00
2009.10.02 11:04:46.016,0.917,0.91715,11.90,4.40
2009.10.02 11:04:47.046,0.917,0.91715,8.00,5.20
2009.10.02 11:04:47.406,0.917,0.91715,8.00,10.40
2009.10.02 11:04:52.275,0.91695,0.91715,7.90,23.40
2009.10.02 11:04:52.605,0.91695,0.9171,11.90,2.40
2009.10.02 11:04:52.835,0.91695,0.9171,7.90,2.40
2009.10.02 11:04:53.015,0.91695,0.9171,7.90,2.40
2009.10.02 11:04:56.194,0.91695,0.91715,7.90,22.80
2009.10.02 11:04:56.534,0.91695,0.91715,7.90,22.70
2009.10.02 11:04:57.234,0.91695,0.91715,15.10,20.10
2009.10.02 11:04:57.584,0.91695,0.9171,11.10,2.40
2009.10.02 11:04:57.923,0.91695,0.9171,15.10,2.40
2009.10.02 11:04:58.273,0.91695,0.9171,15.90,2.40
2009.10.02 11:05:00.103,0.91695,0.9171,12.00,2.40
2009.10.02 11:05:00.343,0.91695,0.9171,8.00,2.40
2009.10.02 11:05:00.403,0.91695,0.9171,7.90,2.40
2009.10.02 11:05:00.583,0.91695,0.9171,8.00,2.40
2009.10.02 11:05:01.452,0.91695,0.9171,7.90,2.40
2009.10.02 11:05:01.802,0.91695,0.9171,7.90,2.40
2009.10.02 11:05:04.192,0.91695,0.9171,11.90,2.40
2009.10.02 11:05:04.362,0.91695,0.9171,7.90,5.60
2009.10.02 11:05:04.702,0.91695,0.9171,4.70,5.60
2009.10.02 11:05:05.581,0.91695,0.9171,17.90,5.60
2009.10.02 11:05:05.931,0.91695,0.9171,11.10,9.60
2009.10.02 11:05:06.281,0.917,0.91705,1.20,5.60
2009.10.02 11:05:06.681,0.91695,0.91705,1.20,8.80
2009.10.02 11:05:07.021,0.9169,0.91705,12.70,10.80
2009.10.02 11:05:07.351,0.9169,0.91705,16.00,9.60
2009.10.02 11:05:07.691,0.91695,0.91705,2.40,6.90
2009.10.02 11:05:10.040,0.91685,0.91695,2.40,3.20
2009.10.02 11:05:10.271,0.91685,0.91695,2.40,1.00
2009.10.02 11:05:10.510,0.91685,0.917,6.40,6.50
2009.10.02 11:05:10.681,0.91685,0.917,7.20,5.60
2009.10.02 11:05:10.850,0.91685,0.917,12.40,3.20
2009.10.02 11:05:11.560,0.91685,0.917,4.00,7.20
2009.10.02 11:05:11.920,0.9168,0.91695,7.10,6.40
2009.10.02 11:05:12.630,0.9168,0.91695,7.10,6.50
2009.10.02 11:05:13.500,0.9168,0.91695,7.10,7.00
2009.10.02 11:05:13.680,0.91675,0.91695,17.40,11.70
2009.10.02 11:05:13.799,0.91675,0.91695,8.20,19.90
2009.10.02 11:05:13.910,0.91675,0.91695,7.10,23.80
2009.10.02 11:05:14.249,0.91675,0.91695,5.60,23.50
2009.10.02 11:05:14.360,0.91675,0.91695,2.40,23.50
2009.10.02 11:05:14.479,0.9167,0.91685,16.20,2.40
2009.10.02 11:05:14.719,0.9167,0.91685,5.80,2.40
2009.10.02 11:05:15.339,0.9167,0.91685,2.40,13.60
2009.10.02 11:05:15.569,0.91665,0.9168,8.30,3.20
2009.10.02 11:05:15.789,0.91665,0.9168,8.30,6.40
2009.10.02 11:05:16.239,0.91665,0.9168,8.00,5.60
2009.10.02 11:05:16.939,0.91665,0.9168,12.00,2.40
2009.10.02 11:05:17.229,0.9167,0.91685,6.40,6.40
2009.10.02 11:05:18.338,0.9167,0.91685,7.20,5.60
2009.10.02 11:05:18.868,0.9167,0.91685,8.70,5.60
2009.10.02 11:05:19.048,0.9167,0.91685,8.70,3.20
2009.10.02 11:05:19.228,0.9167,0.91685,8.80,3.20
2009.10.02 11:05:19.748,0.9167,0.91685,11.60,4.00
2009.10.02 11:05:19.988,0.9167,0.91685,5.00,6.40
2009.10.02 11:05:20.348,0.9167,0.91685,3.90,6.90
2009.10.02 11:05:21.078,0.9167,0.91685,3.90,7.00
2009.10.02 11:05:21.418,0.9167,0.91685,7.10,6.50
2009.10.02 11:05:21.528,0.9167,0.91685,9.00,2.50
2009.10.02 11:05:21.868,0.9167,0.91685,9.00,2.40
2009.10.02 11:05:23.317,0.91675,0.91685,4.00,2.40
2009.10.02 11:05:23.557,0.91675,0.9169,6.40,6.40
2009.10.02 11:05:23.737,0.91675,0.9169,7.20,5.60
2009.10.02 11:05:23.977,0.91675,0.9169,6.40,6.40
2009.10.02 11:05:24.377,0.91675,0.9169,2.40,6.40
2009.10.02 11:05:24.547,0.91675,0.9169,2.40,10.10
2009.10.02 11:05:24.777,0.91675,0.9169,3.90,10.10
2009.10.02 11:05:25.367,0.91675,0.9169,2.40,10.10
2009.10.02 11:05:29.136,0.9168,0.91685,2.40,1.00
2009.10.02 11:05:29.246,0.9168,0.9169,2.40,15.30
2009.10.02 11:05:29.416,0.9168,0.9169,2.40,6.40
2009.10.02 11:05:30.915,0.9167,0.91685,13.60,13.20
2009.10.02 11:05:31.196,0.9167,0.91685,4.00,17.20
2009.10.02 11:05:31.495,0.9167,0.91685,3.90,17.70
2009.10.02 11:05:31.835,0.91665,0.9168,8.00,5.60
2009.10.02 11:05:32.235,0.91665,0.9168,8.00,9.60
2009.10.02 11:05:32.535,0.91665,0.9168,7.20,10.40
2009.10.02 11:05:32.935,0.91665,0.9168,2.40,19.30
2009.10.02 11:05:33.165,0.91665,0.91675,1.00,3.20
2009.10.02 11:05:33.445,0.91665,0.91675,1.00,3.20
2009.10.02 11:05:33.715,0.9166,0.91675,7.90,2.40
2009.10.02 11:05:34.125,0.9166,0.91675,7.90,2.40
2009.10.02 11:05:34.305,0.9166,0.91675,7.10,3.20
2009.10.02 11:05:34.485,0.9166,0.91675,7.10,3.20
2009.10.02 11:05:34.714,0.9166,0.91675,7.10,6.40
2009.10.02 11:05:35.815,0.9167,0.91675,1.10,7.20
2009.10.02 11:05:35.994,0.9166,0.91675,7.10,10.40
2009.10.02 11:05:36.414,0.9166,0.91675,7.90,9.60
2009.10.02 11:05:36.574,0.9166,0.91675,7.90,9.70
2009.10.02 11:05:36.804,0.9166,0.91675,4.70,9.60
2009.10.02 11:05:37.154,0.91665,0.91675,1.00,2.40
2009.10.02 11:05:37.484,0.91665,0.91675,1.50,2.40
2009.10.02 11:05:38.184,0.9166,0.91675,11.10,2.40
2009.10.02 11:05:39.873,0.9166,0.9167,7.90,2.40
2009.10.02 11:05:39.933,0.9166,0.9167,5.90,2.40
2009.10.02 11:05:42.333,0.91665,0.9168,5.90,5.60
2009.10.02 11:05:42.632,0.91665,0.91675,9.10,2.40
2009.10.02 11:05:42.972,0.91665,0.91675,8.30,2.40
2009.10.02 11:05:43.992,0.91665,0.91675,9.10,2.40
2009.10.02 11:05:48.391,0.91665,0.91675,10.00,2.40
2009.10.02 11:05:48.681,0.91665,0.91675,13.20,2.40
2009.10.02 11:05:48.971,0.91665,0.9168,9.90,2.40
2009.10.02 11:05:49.271,0.91665,0.91675,9.10,2.40
2009.10.02 11:05:50.891,0.91665,0.91675,8.30,2.40
2009.10.02 11:05:51.120,0.91665,0.91675,2.70,2.40
2009.10.02 11:05:51.231,0.9166,0.91675,14.30,2.40
2009.10.02 11:05:51.340,0.9166,0.91675,13.50,2.40
2009.10.02 11:05:51.690,0.9166,0.91675,16.30,2.40
2009.10.02 11:05:56.389,0.91665,0.91675,4.70,2.40
2009.10.02 11:05:58.469,0.91665,0.9168,7.10,12.10
2009.10.02 11:05:59.149,0.91665,0.9168,7.10,16.10
2009.10.02 11:06:01.058,0.91665,0.9168,3.90,16.10
2009.10.02 11:06:02.188,0.91665,0.9168,2.40,16.10
2009.10.02 11:06:02.658,0.91665,0.91675,2.40,2.40
2009.10.02 11:06:02.888,0.9166,0.91675,9.10,2.40
2009.10.02 11:06:03.118,0.9166,0.91675,5.90,2.40
2009.10.02 11:06:03.767,0.9166,0.91675,5.90,2.40
2009.10.02 11:06:04.057,0.9166,0.91675,8.30,3.20
2009.10.02 11:06:04.297,0.9166,0.91675,5.10,3.20
2009.10.02 11:06:05.057,0.9166,0.91675,5.90,2.40
2009.10.02 11:06:06.007,0.9166,0.91675,5.90,2.80
2009.10.02 11:06:06.347,0.9166,0.91675,5.90,2.90
2009.10.02 11:06:06.627,0.9166,0.91675,9.10,2.90
2009.10.02 11:06:07.607,0.9166,0.91675,8.30,10.90
2009.10.02 11:06:08.316,0.9166,0.91675,8.30,7.70
2009.10.02 11:06:08.896,0.9166,0.91675,8.30,11.10
2009.10.02 11:06:09.116,0.9166,0.91675,8.30,11.00
2009.10.02 11:06:12.545,0.9166,0.91675,9.10,6.10
2009.10.02 11:06:12.885,0.9166,0.91675,8.30,7.00
2009.10.02 11:06:13.115,0.9166,0.91675,8.30,10.50
2009.10.02 11:06:13.895,0.9166,0.91675,8.30,7.30
2009.10.02 11:06:14.305,0.9166,0.91675,9.10,2.40
2009.10.02 11:06:14.525,0.91665,0.9168,4.40,11.00
2009.10.02 11:06:14.805,0.91665,0.9168,8.30,7.30
2009.10.02 11:06:14.985,0.91665,0.9168,8.30,10.50
2009.10.02 11:06:16.445,0.91665,0.9168,2.40,19.30
2009.10.02 11:06:16.734,0.91665,0.91675,2.40,2.40
2009.10.02 11:06:18.074,0.91665,0.91675,3.90,2.40
2009.10.02 11:06:18.364,0.91665,0.91675,2.40,2.40
2009.10.02 11:06:19.774,0.91665,0.9168,7.10,16.10
2009.10.02 11:06:20.204,0.91665,0.9168,7.10,11.00
2009.10.02 11:06:20.383,0.91665,0.9168,8.30,10.50
2009.10.02 11:06:23.233,0.91665,0.91675,3.60,1.00
2009.10.02 11:06:23.463,0.9166,0.91675,8.30,3.20
2009.10.02 11:06:23.803,0.9166,0.91675,8.30,7.20
2009.10.02 11:06:24.222,0.9166,0.9167,3.60,2.40
2009.10.02 11:06:24.393,0.9166,0.91675,3.60,11.00
2009.10.02 11:06:24.572,0.9166,0.91675,3.60,11.00
2009.10.02 11:06:24.802,0.9166,0.91675,3.60,11.00
2009.10.02 11:06:25.022,0.9166,0.91675,5.10,10.50
2009.10.02 11:06:25.872,0.9166,0.91675,5.90,9.60
2009.10.02 11:06:26.112,0.9166,0.91675,5.10,3.30
2009.10.02 11:06:26.452,0.9166,0.91675,5.10,10.50
2009.10.02 11:06:28.471,0.9166,0.91675,5.90,5.60
2009.10.02 11:06:29.511,0.9166,0.91675,8.30,3.20
2009.10.02 11:06:29.621,0.9166,0.91675,5.10,3.30
2009.10.02 11:06:29.681,0.9166,0.91675,5.10,7.30
2009.10.02 11:06:30.641,0.9166,0.91675,5.90,6.50
2009.10.02 11:06:30.761,0.9166,0.91675,5.90,6.40
2009.10.02 11:06:30.881,0.9166,0.91675,9.10,6.40
2009.10.02 11:06:31.001,0.9166,0.91675,9.10,2.40
2009.10.02 11:06:36.050,0.9166,0.91675,13.10,2.40
2009.10.02 11:06:42.138,0.91665,0.9168,2.40,11.80
2009.10.02 11:06:42.488,0.9166,0.91675,9.90,2.40
2009.10.02 11:06:42.848,0.91665,0.91675,2.40,1.30
2009.10.02 11:06:43.078,0.91665,0.91675,2.40,1.00
2009.10.02 11:06:45.017,0.91665,0.91675,2.40,1.00
2009.10.02 11:06:45.127,0.91665,0.9168,2.40,15.00
2009.10.02 11:06:45.697,0.91665,0.9168,2.40,11.00
2009.10.02 11:06:55.485,0.91665,0.9168,2.40,15.00
2009.10.02 11:06:59.654,0.91665,0.9168,2.40,14.90
2009.10.02 11:07:05.123,0.91665,0.9168,3.90,7.70
2009.10.02 11:07:05.173,0.91665,0.9168,7.10,6.90
2009.10.02 11:07:06.202,0.91665,0.9168,11.20,3.70
2009.10.02 11:07:06.312,0.91665,0.9168,7.10,6.90
2009.10.02 11:07:07.532,0.91665,0.9168,3.90,6.90
2009.10.02 11:07:13.741,0.91665,0.9168,7.90,6.10
2009.10.02 11:07:13.921,0.91665,0.9168,7.90,5.60
2009.10.02 11:07:14.321,0.91665,0.9168,7.10,6.40
2009.10.02 11:07:14.610,0.91665,0.9168,7.10,6.90
2009.10.02 11:07:17.850,0.91665,0.9168,8.30,6.90
2009.10.02 11:07:26.258,0.91665,0.9168,13.10,6.10
2009.10.02 11:07:26.368,0.91665,0.9168,13.10,6.00
2009.10.02 11:07:26.488,0.91665,0.9168,13.10,2.80
2009.10.02 11:07:26.547,0.91665,0.9168,9.50,2.80
2009.10.02 11:07:26.598,0.91665,0.9168,9.50,2.40
2009.10.02 11:07:27.167,0.91665,0.9168,8.30,3.20
2009.10.02 11:07:27.527,0.91665,0.9168,8.30,3.70
2009.10.02 11:07:28.187,0.91665,0.9168,8.30,3.80
2009.10.02 11:07:28.857,0.91665,0.9168,9.10,2.90
2009.10.02 11:07:29.017,0.91665,0.9168,12.30,2.80
2009.10.02 11:07:29.407,0.91665,0.9168,12.30,2.40
2009.10.02 11:07:30.387,0.91675,0.91685,2.40,8.60
2009.10.02 11:07:30.627,0.91675,0.91685,2.40,7.80
2009.10.02 11:07:31.377,0.91675,0.9168,2.40,1.00
2009.10.02 11:07:31.726,0.91675,0.91685,2.40,13.80
2009.10.02 11:07:31.787,0.9167,0.9168,3.10,3.20
2009.10.02 11:07:31.896,0.9167,0.9168,1.60,3.20
2009.10.02 11:07:31.956,0.91665,0.9168,12.30,2.40
2009.10.02 11:07:32.296,0.91665,0.9168,13.40,2.40
2009.10.02 11:07:32.636,0.9167,0.91685,10.30,4.00
2009.10.02 11:07:33.036,0.9167,0.91685,14.60,4.00
2009.10.02 11:07:33.276,0.9167,0.91685,10.10,3.20
2009.10.02 11:07:33.846,0.91675,0.91685,3.60,1.00
2009.10.02 11:07:34.426,0.91675,0.91685,3.60,3.20
2009.10.02 11:07:34.996,0.91675,0.91685,2.40,5.60
2009.10.02 11:07:35.616,0.9167,0.91685,4.40,5.60
2009.10.02 11:07:35.855,0.9167,0.91685,5.90,5.60
2009.10.02 11:07:36.035,0.9167,0.91685,5.90,3.20
2009.10.02 11:07:37.535,0.9167,0.91685,5.90,5.60
2009.10.02 11:07:39.524,0.9167,0.91685,5.10,6.40
2009.10.02 11:07:39.884,0.9167,0.91685,9.90,5.60
2009.10.02 11:07:40.164,0.91675,0.91685,2.40,6.40
2009.10.02 11:07:40.504,0.9167,0.91685,9.10,7.20
2009.10.02 11:07:40.734,0.9167,0.91685,5.10,7.70
2009.10.02 11:07:40.974,0.9167,0.91685,5.10,6.90
2009.10.02 11:07:41.194,0.9167,0.91685,5.10,7.70
2009.10.02 11:07:41.864,0.9167,0.91685,5.10,10.90
2009.10.02 11:07:42.104,0.9167,0.91685,3.60,15.00
2009.10.02 11:07:42.334,0.9167,0.91685,2.40,20.20
2009.10.02 11:07:42.554,0.9167,0.9168,2.40,5.60
2009.10.02 11:07:44.153,0.9167,0.9168,2.40,2.40
2009.10.02 11:07:44.794,0.9167,0.9168,2.40,6.40
2009.10.02 11:07:45.193,0.9167,0.9168,2.40,5.60
2009.10.02 11:07:45.763,0.91665,0.9168,8.30,9.60
2009.10.02 11:07:45.933,0.91665,0.9168,8.30,10.10
2009.10.02 11:07:46.163,0.91665,0.9168,8.30,10.90
2009.10.02 11:07:46.333,0.91665,0.9168,8.30,10.40
2009.10.02 11:07:46.513,0.91665,0.9168,5.10,16.10
2009.10.02 11:07:46.683,0.91665,0.91675,2.40,2.40
2009.10.02 11:07:49.372,0.91665,0.91675,3.60,2.40
2009.10.02 11:07:49.603,0.91665,0.91675,4.40,2.40
2009.10.02 11:07:49.722,0.91665,0.9168,8.30,12.50
2009.10.02 11:07:49.892,0.9167,0.9168,2.40,12.60
2009.10.02 11:07:50.112,0.9167,0.9168,2.40,4.10
2009.10.02 11:07:50.342,0.9167,0.9168,2.40,1.60
2009.10.02 11:07:50.632,0.91665,0.9168,14.60,3.20
2009.10.02 11:07:50.852,0.91665,0.9168,9.90,3.70
2009.10.02 11:07:53.531,0.91665,0.9168,9.90,6.90
2009.10.02 11:07:54.631,0.91665,0.9168,10.80,6.10
2009.10.02 11:07:54.691,0.9167,0.9168,2.40,3.70
2009.10.02 11:07:55.161,0.9167,0.9168,3.60,3.20
2009.10.02 11:07:55.271,0.9167,0.9168,3.60,1.00
2009.10.02 11:07:55.841,0.9167,0.9168,2.40,2.40
2009.10.02 11:07:57.020,0.9167,0.9168,2.40,1.00
2009.10.02 11:07:57.290,0.9167,0.91685,2.40,20.10
2009.10.02 11:07:57.530,0.9167,0.91685,3.90,20.10
2009.10.02 11:07:58.430,0.91675,0.91685,2.40,12.60
2009.10.02 11:07:58.790,0.91675,0.91685,2.40,8.50
2009.10.02 11:07:59.120,0.91675,0.91685,2.40,7.70
2009.10.02 11:07:59.470,0.91675,0.91685,2.40,4.50
2009.10.02 11:08:00.989,0.9167,0.91685,8.40,6.40
2009.10.02 11:08:06.028,0.9167,0.91685,12.40,6.40
2009.10.02 11:08:06.598,0.9167,0.91685,8.40,6.40
2009.10.02 11:08:06.998,0.9167,0.91685,8.30,6.40
2009.10.02 11:08:07.758,0.9167,0.91685,12.70,2.40
2009.10.02 11:08:08.108,0.9167,0.9169,18.00,10.10
2009.10.02 11:08:08.348,0.9167,0.9169,18.10,10.10
2009.10.02 11:08:08.757,0.9168,0.9169,2.40,6.10
2009.10.02 11:08:09.267,0.9168,0.9169,2.40,5.60
2009.10.02 11:08:09.557,0.9168,0.9169,3.60,5.60
2009.10.02 11:08:11.277,0.9168,0.9169,3.60,2.40
2009.10.02 11:08:12.687,0.91685,0.91695,1.20,6.10
2009.10.02 11:08:13.016,0.91685,0.91695,1.20,5.60
2009.10.02 11:08:13.186,0.91685,0.91695,1.20,2.40
2009.10.02 11:08:16.745,0.9168,0.91695,9.10,5.60
2009.10.02 11:08:17.085,0.9168,0.91695,10.30,2.40
2009.10.02 11:08:18.165,0.9168,0.917,13.40,10.90
2009.10.02 11:08:18.465,0.9168,0.917,20.20,6.90
2009.10.02 11:08:18.705,0.9168,0.917,17.80,6.90
2009.10.02 11:08:19.275,0.9168,0.917,21.80,6.40
2009.10.02 11:08:19.575,0.91685,0.917,1.20,6.40
2009.10.02 11:08:20.255,0.91685,0.917,1.20,6.90
2009.10.02 11:08:20.595,0.91685,0.917,3.60,6.90
2009.10.02 11:08:20.775,0.91685,0.917,2.70,6.40
2009.10.02 11:08:20.995,0.91685,0.917,2.70,10.90
2009.10.02 11:08:22.854,0.91685,0.917,1.20,6.90
2009.10.02 11:08:23.084,0.9168,0.917,14.70,15.30
2009.10.02 11:08:26.003,0.91685,0.917,10.30,5.60
2009.10.02 11:08:26.353,0.91685,0.917,9.50,6.40
2009.10.02 11:08:26.753,0.91685,0.917,8.20,11.60
2009.10.02 11:08:27.093,0.91685,0.917,7.10,11.60
2009.10.02 11:08:28.563,0.91685,0.917,7.10,12.10
2009.10.02 11:08:28.852,0.91685,0.917,4.70,12.10
2009.10.02 11:08:28.913,0.91685,0.917,1.50,12.10
2009.10.02 11:08:30.172,0.9168,0.917,9.10,19.30
2009.10.02 11:08:31.212,0.9168,0.91695,8.30,3.20
2009.10.02 11:08:32.752,0.9168,0.9169,9.10,2.40
2009.10.02 11:08:33.112,0.9168,0.917,17.60,11.00
2009.10.02 11:08:33.331,0.91685,0.917,2.40,10.50
2009.10.02 11:08:33.611,0.9168,0.917,13.20,14.20
2009.10.02 11:08:33.832,0.9168,0.91695,13.10,2.40
2009.10.02 11:08:34.062,0.9168,0.91695,16.30,2.40
2009.10.02 11:08:34.341,0.91685,0.917,7.10,11.00
2009.10.02 11:08:34.841,0.91685,0.91695,1.50,2.40
2009.10.02 11:08:36.301,0.91685,0.917,3.90,11.50
2009.10.02 11:08:36.641,0.91685,0.917,7.10,7.70
2009.10.02 11:08:36.991,0.91685,0.917,7.10,3.70
2009.10.02 11:08:37.620,0.91685,0.917,7.10,3.80
2009.10.02 11:08:39.220,0.91685,0.917,7.10,7.00
2009.10.02 11:08:39.690,0.91685,0.917,7.10,10.20
2009.10.02 11:08:40.680,0.91685,0.917,7.10,14.20
2009.10.02 11:08:43.939,0.91685,0.91705,19.80,11.80
2009.10.02 11:08:44.059,0.91685,0.917,12.30,11.60
2009.10.02 11:08:44.219,0.9169,0.917,1.60,16.00
2009.10.02 11:08:44.389,0.91685,0.91695,4.70,8.40
2009.10.02 11:08:44.509,0.9168,0.91695,7.80,13.20
2009.10.02 11:08:44.629,0.9168,0.91695,7.10,13.20
2009.10.02 11:08:44.809,0.9168,0.91695,7.10,13.60
2009.10.02 11:08:45.819,0.9168,0.91695,8.40,8.40
2009.10.02 11:08:45.919,0.9168,0.91695,8.40,4.40
2009.10.02 11:08:46.029,0.9168,0.91695,9.20,1.20
2009.10.02 11:08:46.148,0.91685,0.91695,5.10,1.00
2009.10.02 11:08:46.319,0.91685,0.91695,5.10,6.00
2009.10.02 11:08:46.378,0.91685,0.91695,2.70,12.80
2009.10.02 11:08:46.488,0.9168,0.91695,8.00,12.80
2009.10.02 11:08:46.608,0.9168,0.91695,8.00,13.60
2009.10.02 11:08:52.847,0.9168,0.91695,8.00,9.60
2009.10.02 11:08:59.915,0.9168,0.91695,8.00,9.70
2009.10.02 11:09:00.275,0.9168,0.91695,8.00,13.70
2009.10.02 11:09:00.385,0.9168,0.91695,7.20,14.50
2009.10.02 11:09:00.555,0.9168,0.91695,7.20,10.60
2009.10.02 11:09:01.065,0.9168,0.91695,4.00,13.80
2009.10.02 11:09:02.865,0.9168,0.91695,3.90,17.00
2009.10.02 11:09:03.214,0.91675,0.9169,8.00,6.10
2009.10.02 11:09:03.384,0.91675,0.9169,7.20,13.70
2009.10.02 11:09:03.555,0.91675,0.9169,2.40,16.90
2009.10.02 11:09:03.844,0.91675,0.9169,2.40,13.70
2009.10.02 11:09:04.014,0.91675,0.9169,7.20,6.90
2009.10.02 11:09:04.624,0.91675,0.9169,7.20,6.40
2009.10.02 11:09:05.734,0.91675,0.9169,7.20,3.20
2009.10.02 11:09:07.873,0.91675,0.9169,7.20,6.40
2009.10.02 11:09:13.362,0.91675,0.9169,8.00,5.60
2009.10.02 11:09:13.652,0.91675,0.9169,7.20,3.20
2009.10.02 11:09:24.429,0.9168,0.91695,2.40,25.40
2009.10.02 11:09:24.539,0.91675,0.9169,11.20,3.20
2009.10.02 11:09:24.599,0.91675,0.9169,12.00,2.40
2009.10.02 11:09:24.709,0.91675,0.9169,11.20,3.20
2009.10.02 11:09:24.939,0.91675,0.9169,8.00,2.40
2009.10.02 11:09:25.049,0.91675,0.9169,7.20,3.20
2009.10.02 11:09:25.159,0.91675,0.9169,7.20,6.40
2009.10.02 11:09:25.499,0.91675,0.9169,7.10,6.40
2009.10.02 11:09:25.849,0.9167,0.9169,8.00,21.30
2009.10.02 11:09:26.189,0.9167,0.91685,12.00,2.40
2009.10.02 11:09:26.818,0.9167,0.91685,11.20,3.60
2009.10.02 11:09:27.748,0.9167,0.91685,7.20,3.70
2009.10.02 11:09:29.068,0.9167,0.91685,11.20,3.70
2009.10.02 11:09:29.348,0.91675,0.91685,2.40,1.00
2009.10.02 11:09:29.628,0.91675,0.9169,2.40,21.00
2009.10.02 11:09:30.018,0.91675,0.9169,2.40,21.00
2009.10.02 11:09:30.258,0.9167,0.91685,7.10,6.90
2009.10.02 11:09:30.428,0.9167,0.91685,7.20,6.90
2009.10.02 11:09:30.838,0.9167,0.91685,7.20,6.40
2009.10.02 11:09:31.617,0.9167,0.91685,7.20,6.40
2009.10.02 11:09:31.948,0.9167,0.91685,7.20,3.20
2009.10.02 11:09:36.236,0.9167,0.91685,7.20,6.40
2009.10.02 11:09:36.516,0.9167,0.91685,7.20,6.80
2009.10.02 11:09:37.836,0.9167,0.91685,7.20,10.10
2009.10.02 11:09:38.986,0.9167,0.91685,7.10,10.20
2009.10.02 11:09:39.216,0.91665,0.9168,11.10,3.20
2009.10.02 11:09:39.266,0.91665,0.9168,7.10,3.20
2009.10.02 11:09:39.376,0.91665,0.91675,4.70,2.40
2009.10.02 11:09:39.436,0.91665,0.91675,3.20,2.40
2009.10.02 11:09:39.486,0.9166,0.9168,13.00,15.90
2009.10.02 11:09:39.546,0.9166,0.9167,11.90,2.40
2009.10.02 11:09:39.666,0.9166,0.9167,8.70,2.40
2009.10.02 11:09:39.716,0.9166,0.9167,4.70,2.40
2009.10.02 11:09:40.015,0.9166,0.91675,4.70,2.40
2009.10.02 11:09:40.375,0.91665,0.91675,2.40,3.20
2009.10.02 11:09:41.625,0.9166,0.91675,7.10,6.90
2009.10.02 11:09:42.885,0.9166,0.91675,3.90,3.70
2009.10.02 11:09:45.705,0.91655,0.91675,7.90,15.00
2009.10.02 11:09:46.224,0.91655,0.91675,11.90,20.20
2009.10.02 11:09:46.734,0.91655,0.91675,7.90,20.20
2009.10.02 11:09:46.854,0.91655,0.9167,7.90,5.60
2009.10.02 11:09:47.214,0.91655,0.9167,7.90,5.60
2009.10.02 11:09:47.903,0.91655,0.9167,12.00,5.60
2009.10.02 11:09:48.254,0.91655,0.9167,7.90,5.60
2009.10.02 11:09:49.173,0.91655,0.9167,7.90,5.80
2009.10.02 11:09:49.293,0.91655,0.9167,7.90,5.70
2009.10.02 11:09:49.403,0.91655,0.9166,4.70,2.40
2009.10.02 11:09:49.523,0.91655,0.9166,1.00,2.40
2009.10.02 11:09:49.634,0.91655,0.91665,3.20,1.00
2009.10.02 11:09:49.803,0.91655,0.91665,2.40,1.00
2009.10.02 11:09:50.023,0.9165,0.91665,15.10,2.90
2009.10.02 11:09:50.323,0.91655,0.91665,2.40,1.00
2009.10.02 11:09:50.713,0.91655,0.91665,2.40,2.40
2009.10.02 11:09:51.063,0.91655,0.91665,3.90,2.40
2009.10.02 11:09:52.572,0.91655,0.9167,7.10,6.40
2009.10.02 11:09:52.922,0.91655,0.9167,11.10,6.40
2009.10.02 11:09:53.262,0.91655,0.9167,11.90,3.20
2009.10.02 11:09:53.562,0.91655,0.9167,11.10,6.40
2009.10.02 11:09:53.912,0.91655,0.9167,9.00,5.60
2009.10.02 11:10:01.020,0.91655,0.91665,4.70,2.40
2009.10.02 11:10:01.250,0.91655,0.91665,3.20,2.40
2009.10.02 11:10:01.301,0.9165,0.91665,16.20,2.40
2009.10.02 11:10:02.510,0.9165,0.91665,13.00,2.40
2009.10.02 11:10:02.870,0.9165,0.91665,16.20,2.40
2009.10.02 11:10:03.210,0.9165,0.91665,5.60,14.90
2009.10.02 11:10:03.560,0.91645,0.9166,16.20,2.40
2009.10.02 11:10:03.950,0.91645,0.9166,12.20,2.40
2009.10.02 11:10:06.759,0.91645,0.9166,7.40,3.20
2009.10.02 11:10:08.559,0.91645,0.9166,8.20,2.40
2009.10.02 11:10:12.298,0.91645,0.9166,8.10,2.40
2009.10.02 11:10:16.007,0.91645,0.9166,1.00,18.40
2009.10.02 11:10:16.067,0.91645,0.9166,1.00,14.80
2009.10.02 11:10:18.076,0.91645,0.91655,1.00,2.40
2009.10.02 11:10:18.376,0.9165,0.9166,2.40,3.10
2009.10.02 11:10:18.666,0.9165,0.9166,2.40,2.40
2009.10.02 11:10:19.426,0.91645,0.91655,5.00,2.40
2009.10.02 11:10:19.536,0.91645,0.91655,4.20,2.40
2009.10.02 11:10:19.826,0.91645,0.91655,5.00,4.00
2009.10.02 11:10:27.304,0.9164,0.91655,11.50,4.00
2009.10.02 11:10:27.704,0.9164,0.91655,14.70,4.00
2009.10.02 11:10:30.643,0.91645,0.91655,3.60,6.80
2009.10.02 11:10:31.003,0.9164,0.91655,12.30,3.20
2009.10.02 11:10:31.803,0.9164,0.91655,11.10,3.20
2009.10.02 11:10:32.873,0.9164,0.91655,11.90,2.40
2009.10.02 11:10:33.053,0.9164,0.91655,13.00,2.40
2009.10.02 11:10:33.233,0.9164,0.91655,11.10,3.20
2009.10.02 11:10:33.403,0.9164,0.91655,11.90,2.40
2009.10.02 11:10:33.682,0.9164,0.91655,18.20,2.40
2009.10.02 11:10:38.221,0.9164,0.91655,2.40,6.50
2009.10.02 11:10:38.801,0.9164,0.91655,2.40,10.20
2009.10.02 11:10:39.671,0.9164,0.9165,2.40,1.00
2009.10.02 11:10:39.791,0.91635,0.9165,7.10,3.20
2009.10.02 11:10:39.901,0.91635,0.9165,7.90,2.40
2009.10.02 11:10:45.680,0.9164,0.91655,3.60,11.00
2009.10.02 11:10:45.910,0.9164,0.9165,3.60,2.40
2009.10.02 11:10:46.559,0.9164,0.9165,5.10,2.40
2009.10.02 11:10:47.979,0.9164,0.9165,3.90,2.40
2009.10.02 11:10:51.538,0.9164,0.91655,5.10,6.90
2009.10.02 11:10:51.658,0.9164,0.91655,5.10,6.40
2009.10.02 11:10:59.987,0.9164,0.91655,6.50,3.70
2009.10.02 11:11:00.166,0.9164,0.91655,10.50,3.20
2009.10.02 11:11:00.386,0.9164,0.91655,18.00,1.00
2009.10.02 11:11:00.556,0.9164,0.9166,18.00,6.50
2009.10.02 11:11:01.096,0.9164,0.91655,14.70,2.40
2009.10.02 11:11:01.326,0.9164,0.91655,9.50,6.40
2009.10.02 11:11:01.546,0.9164,0.91655,5.10,6.90
2009.10.02 11:11:02.006,0.9164,0.91655,5.10,12.10
2009.10.02 11:11:02.246,0.9164,0.91655,1.50,20.10
2009.10.02 11:11:03.795,0.91635,0.91655,8.40,20.10
2009.10.02 11:11:03.975,0.91635,0.9165,8.30,11.60
2009.10.02 11:11:04.195,0.91635,0.91645,7.10,2.40
2009.10.02 11:11:04.885,0.91635,0.91645,5.60,7.60
2009.10.02 11:11:05.115,0.9163,0.91645,7.20,13.20
2009.10.02 11:11:05.355,0.9163,0.9164,7.10,2.40
2009.10.02 11:11:07.074,0.9163,0.9164,7.90,2.40
2009.10.02 11:11:09.324,0.9163,0.9164,7.10,2.40
2009.10.02 11:11:11.433,0.9163,0.91645,7.90,12.80
2009.10.02 11:11:11.823,0.91635,0.91645,1.50,7.60
2009.10.02 11:11:12.163,0.91635,0.91645,1.50,5.20
2009.10.02 11:11:12.513,0.91635,0.91645,1.50,4.80
2009.10.02 11:11:12.863,0.91635,0.91645,2.70,2.80
2009.10.02 11:11:13.153,0.91635,0.91645,5.90,2.80
2009.10.02 11:11:13.383,0.91635,0.91645,1.50,4.00
2009.10.02 11:11:16.043,0.91635,0.9165,9.20,8.00
2009.10.02 11:11:16.263,0.91635,0.9165,9.20,2.80
2009.10.02 11:11:16.382,0.91635,0.9165,9.10,2.40
2009.10.02 11:11:16.793,0.91635,0.9165,9.20,2.40
2009.10.02 11:11:18.342,0.91635,0.9165,9.10,2.40
2009.10.02 11:11:18.562,0.91635,0.9165,9.20,2.40
2009.10.02 11:11:21.591,0.9164,0.9165,2.40,2.40
2009.10.02 11:11:21.761,0.9164,0.9165,3.90,2.40
2009.10.02 11:11:21.881,0.9164,0.9165,1.50,2.40
2009.10.02 11:11:26.790,0.9164,0.91655,7.90,6.10
2009.10.02 11:11:26.960,0.9164,0.91655,11.90,4.00
2009.10.02 11:11:27.240,0.9164,0.91655,12.00,4.00
2009.10.02 11:11:27.650,0.9164,0.91655,12.00,9.20
2009.10.02 11:11:27.810,0.9164,0.91655,11.90,4.40
2009.10.02 11:11:28.099,0.9164,0.91655,12.00,4.40
2009.10.02 11:11:28.389,0.91645,0.91655,1.50,9.60
2009.10.02 11:11:28.729,0.91645,0.91655,1.50,4.00
2009.10.02 11:11:29.409,0.91645,0.91655,1.50,4.40
2009.10.02 11:11:30.299,0.91645,0.91655,1.50,4.00
2009.10.02 11:11:32.449,0.9164,0.91655,11.90,4.00
2009.10.02 11:11:37.147,0.9164,0.9165,7.90,2.40
2009.10.02 11:11:37.387,0.9164,0.9165,7.90,2.40
2009.10.02 11:11:37.837,0.9164,0.9165,11.10,2.40
2009.10.02 11:11:38.077,0.9164,0.91655,11.10,2.80
2009.10.02 11:11:38.357,0.91645,0.9166,9.00,3.20
2009.10.02 11:11:38.657,0.9165,0.9166,1.50,2.40
2009.10.02 11:11:39.687,0.9165,0.91655,1.50,2.40
2009.10.02 11:11:39.807,0.91645,0.91655,9.00,2.40
2009.10.02 11:11:39.967,0.91645,0.9166,9.00,2.40
2009.10.02 11:11:40.026,0.9165,0.9166,1.50,2.40
2009.10.02 11:11:40.077,0.9165,0.91665,1.50,21.80
2009.10.02 11:11:40.187,0.9165,0.91665,1.50,21.80
2009.10.02 11:11:42.246,0.9165,0.91665,1.50,14.70
2009.10.02 11:11:42.486,0.91645,0.91655,8.20,2.40
2009.10.02 11:11:44.865,0.91645,0.91665,9.00,20.90
2009.10.02 11:11:45.086,0.9165,0.91665,4.70,16.10
2009.10.02 11:11:45.145,0.9165,0.91665,4.70,7.70
2009.10.02 11:11:45.255,0.9165,0.91665,4.70,3.70
2009.10.02 11:11:45.356,0.9165,0.91665,4.70,3.20
2009.10.02 11:11:45.575,0.9165,0.91665,11.10,3.20
2009.10.02 11:11:45.686,0.9165,0.91665,11.10,3.20
2009.10.02 11:11:46.375,0.91655,0.91665,1.50,3.20
2009.10.02 11:11:55.363,0.9165,0.91655,11.10,5.20
2009.10.02 11:11:55.593,0.9165,0.91655,4.00,9.20
2009.10.02 11:11:55.823,0.91645,0.91655,6.30,1.00
2009.10.02 11:11:56.053,0.91645,0.91655,7.10,2.40
2009.10.02 11:11:56.643,0.91645,0.9166,7.10,3.20
2009.10.02 11:11:56.813,0.9165,0.9166,1.50,3.00
2009.10.02 11:11:56.932,0.9165,0.91655,1.50,1.00
2009.10.02 11:11:57.213,0.9165,0.9166,1.50,2.40
2009.10.02 11:12:04.211,0.91645,0.9166,15.10,2.40
2009.10.02 11:12:04.491,0.91645,0.9166,15.90,2.40
2009.10.02 11:12:05.071,0.91645,0.91665,15.90,6.90
2009.10.02 11:12:05.191,0.9165,0.91665,3.90,6.90
2009.10.02 11:12:05.360,0.9165,0.91665,7.10,6.40
2009.10.02 11:12:05.470,0.9165,0.91665,11.10,6.40
2009.10.02 11:12:05.690,0.9165,0.91665,11.10,3.20
2009.10.02 11:12:09.589,0.9165,0.91665,11.90,2.40
2009.10.02 11:12:12.249,0.91645,0.9166,7.90,2.40
2009.10.02 11:12:12.479,0.91645,0.9166,11.10,2.40
2009.10.02 11:12:13.049,0.91645,0.9166,11.10,5.60
2009.10.02 11:12:13.399,0.91645,0.9166,7.90,5.60
2009.10.02 11:12:13.748,0.91645,0.9166,3.90,6.40
2009.10.02 11:12:14.088,0.91645,0.91655,3.90,2.40
2009.10.02 11:12:19.607,0.91645,0.91655,2.40,2.40
2009.10.02 11:12:20.317,0.91645,0.91655,2.40,5.60
2009.10.02 11:12:20.667,0.91645,0.91655,2.40,2.40
2009.10.02 11:12:23.236,0.91645,0.91655,3.20,2.40
2009.10.02 11:12:23.766,0.91645,0.9166,3.20,11.20
2009.10.02 11:12:23.996,0.91645,0.9166,3.20,7.20
2009.10.02 11:12:29.675,0.91645,0.9166,2.40,12.50
2009.10.02 11:12:29.845,0.91645,0.91655,3.20,2.40
2009.10.02 11:12:30.195,0.91645,0.9166,3.20,11.80
2009.10.02 11:12:30.494,0.91645,0.9166,3.20,11.40
2009.10.02 11:12:30.834,0.91645,0.9166,2.40,12.00
2009.10.02 11:12:31.174,0.9164,0.9166,3.90,21.70
2009.10.02 11:12:31.504,0.9164,0.91655,1.50,17.30
2009.10.02 11:12:31.834,0.91635,0.9165,15.90,2.40
2009.10.02 11:12:32.944,0.91635,0.9165,5.60,4.00
2009.10.02 11:12:33.284,0.91635,0.9165,12.00,2.40
2009.10.02 11:12:33.584,0.91635,0.9165,16.00,2.40
2009.10.02 11:12:33.824,0.9164,0.9165,3.20,2.40
2009.10.02 11:12:33.994,0.9164,0.91655,3.20,6.40
2009.10.02 11:12:34.234,0.91645,0.91655,2.40,3.20
2009.10.02 11:12:34.404,0.9164,0.91655,12.80,5.60
2009.10.02 11:12:34.693,0.9164,0.91655,12.00,5.60
2009.10.02 11:12:34.933,0.9164,0.91655,11.90,5.60
2009.10.02 11:12:36.193,0.9164,0.91655,11.90,5.60
2009.10.02 11:12:38.852,0.9164,0.91655,16.40,5.60
2009.10.02 11:12:44.991,0.9164,0.9166,16.70,5.60
2009.10.02 11:12:45.051,0.9164,0.9166,16.70,5.60
2009.10.02 11:12:45.221,0.91645,0.9166,4.70,5.60
2009.10.02 11:12:45.281,0.91645,0.9166,6.40,5.60
2009.10.02 11:12:45.341,0.91645,0.9166,6.40,5.60
2009.10.02 11:12:45.401,0.91645,0.9166,3.20,5.70
2009.10.02 11:12:45.521,0.91645,0.9166,3.20,5.60
2009.10.02 11:12:45.581,0.91645,0.9166,3.20,5.60
2009.10.02 11:12:45.641,0.91645,0.9166,7.20,5.60
2009.10.02 11:12:47.890,0.91645,0.9166,8.70,5.60
2009.10.02 11:12:48.410,0.91645,0.9166,11.90,5.60
2009.10.02 11:12:50.920,0.91645,0.9166,18.70,1.00
2009.10.02 11:12:54.239,0.9165,0.9166,3.20,1.00
2009.10.02 11:12:54.409,0.9165,0.9166,2.40,1.00
2009.10.02 11:12:54.749,0.9165,0.91665,2.40,6.40
2009.10.02 11:12:54.809,0.91645,0.91665,22.70,6.40
2009.10.02 11:13:02.087,0.91645,0.9166,4.70,6.90
2009.10.02 11:13:05.406,0.91645,0.9166,4.70,6.40
2009.10.02 11:13:05.516,0.91645,0.9166,8.70,6.40
2009.10.02 11:13:05.686,0.91645,0.9166,11.10,6.40
2009.10.02 11:13:05.966,0.91645,0.9166,11.90,5.60
2009.10.02 11:13:06.136,0.91645,0.9166,7.90,5.60
2009.10.02 11:13:06.246,0.91645,0.9166,4.70,5.60
2009.10.02 11:13:06.306,0.91645,0.9166,3.90,6.40
2009.10.02 11:13:11.225,0.91645,0.9166,2.40,6.40
2009.10.02 11:13:13.654,0.91645,0.9166,3.20,5.60
2009.10.02 11:13:18.913,0.91645,0.91655,3.20,1.00
2009.10.02 11:13:19.093,0.91645,0.9166,3.20,5.60
2009.10.02 11:13:19.952,0.91645,0.9166,2.40,6.40
2009.10.02 11:13:20.243,0.91645,0.9166,2.40,10.40
2009.10.02 11:13:20.362,0.91645,0.9166,3.20,5.60
2009.10.02 11:13:23.172,0.91645,0.9166,4.70,5.60
2009.10.02 11:13:33.669,0.91645,0.9166,7.90,4.00
2009.10.02 11:13:34.009,0.91645,0.9166,5.00,10.40
2009.10.02 11:13:34.369,0.91645,0.9166,18.20,2.40
2009.10.02 11:13:34.549,0.9165,0.91665,7.90,9.60
2009.10.02 11:13:34.769,0.9165,0.91665,7.90,2.40
2009.10.02 11:13:34.949,0.9165,0.91665,12.20,2.40
2009.10.02 11:13:35.129,0.9165,0.91665,15.10,2.40
2009.10.02 11:13:35.289,0.9165,0.91665,15.90,2.40
2009.10.02 11:13:35.469,0.9165,0.91665,15.40,2.40
2009.10.02 11:13:36.279,0.9165,0.91665,15.40,2.40
2009.10.02 11:13:37.009,0.9165,0.91665,15.50,2.40
2009.10.02 11:13:38.378,0.91655,0.91665,2.40,2.40
2009.10.02 11:13:43.007,0.9165,0.9166,5.50,2.40
2009.10.02 11:13:43.247,0.9165,0.9166,4.70,2.40
2009.10.02 11:13:46.336,0.9165,0.9166,7.90,2.40
2009.10.02 11:13:46.678,0.9165,0.91665,9.10,7.20
2009.10.02 11:13:47.376,0.9165,0.91665,13.10,7.20
2009.10.02 11:13:47.726,0.9165,0.91665,18.40,5.60
2009.10.02 11:13:48.016,0.9166,0.9167,3.60,5.60
2009.10.02 11:13:49.746,0.9166,0.9167,4.40,5.60
2009.10.02 11:13:49.865,0.9166,0.9167,4.40,2.40
2009.10.02 11:13:50.035,0.9166,0.9167,5.90,2.40
2009.10.02 11:13:55.094,0.9166,0.9167,2.30,2.40
2009.10.02 11:13:55.384,0.9166,0.9167,1.00,2.40
2009.10.02 11:13:56.204,0.9166,0.9167,2.00,2.40
2009.10.02 11:13:56.254,0.9166,0.9167,4.40,2.40
2009.10.02 11:13:58.753,0.9166,0.91675,7.60,11.30
2009.10.02 11:13:58.983,0.9166,0.91675,9.20,7.30
2009.10.02 11:14:01.192,0.9166,0.91675,9.20,11.30
2009.10.02 11:14:01.922,0.9166,0.91675,6.00,11.30
2009.10.02 11:14:02.033,0.9166,0.91675,6.00,11.20
2009.10.02 11:14:02.303,0.9166,0.9167,4.00,8.00
2009.10.02 11:14:02.532,0.9166,0.9167,1.00,8.00
2009.10.02 11:14:02.762,0.9166,0.9167,4.40,6.40
2009.10.02 11:14:04.762,0.9166,0.9167,3.60,6.40
2009.10.02 11:14:05.322,0.9166,0.9167,4.40,6.40
2009.10.02 11:14:05.442,0.9166,0.9167,3.60,9.60
2009.10.02 11:14:06.481,0.9166,0.9167,4.40,5.60
2009.10.02 11:14:06.862,0.9166,0.9167,3.60,5.60
2009.10.02 11:14:08.241,0.9166,0.91675,4.40,11.70
2009.10.02 11:14:08.411,0.9166,0.9167,4.40,3.20
2009.10.02 11:14:08.581,0.9166,0.9167,3.60,5.60
2009.10.02 11:14:08.761,0.9166,0.9167,4.40,5.60
2009.10.02 11:14:09.111,0.9166,0.9167,4.40,2.40
2009.10.02 11:14:15.679,0.9166,0.9167,3.60,2.40
2009.10.02 11:14:17.619,0.9166,0.9167,3.60,2.40
2009.10.02 11:14:23.927,0.9166,0.9167,2.40,2.40
2009.10.02 11:14:25.937,0.9166,0.9167,3.20,2.40
2009.10.02 11:14:26.626,0.9166,0.9167,2.40,2.40
2009.10.02 11:14:33.935,0.9166,0.9167,3.20,2.40
2009.10.02 11:14:39.233,0.9166,0.9167,3.20,2.40
2009.10.02 11:14:40.423,0.9166,0.9167,3.20,2.40
2009.10.02 11:14:43.852,0.9166,0.91675,4.00,11.70
2009.10.02 11:14:44.132,0.9166,0.9167,4.70,2.40
2009.10.02 11:14:44.422,0.9166,0.9167,3.90,2.40
2009.10.02 11:14:44.652,0.9166,0.9167,3.20,2.40
2009.10.02 11:14:45.762,0.9166,0.91675,8.40,11.70
2009.10.02 11:14:45.882,0.9166,0.91675,8.40,7.70
2009.10.02 11:14:46.392,0.9166,0.91675,6.70,7.70
2009.10.02 11:14:46.502,0.9166,0.91675,5.90,7.70
2009.10.02 11:14:46.672,0.9166,0.91675,5.90,7.80
2009.10.02 11:14:46.902,0.9166,0.91675,5.90,7.30
2009.10.02 11:14:47.362,0.9166,0.91675,9.90,7.20
2009.10.02 11:14:48.691,0.9166,0.91675,5.90,7.20
2009.10.02 11:14:48.931,0.9166,0.91675,4.70,11.70
2009.10.02 11:14:58.159,0.9166,0.9167,11.90,2.40
2009.10.02 11:14:58.439,0.9166,0.91675,11.90,7.20
2009.10.02 11:14:58.909,0.9166,0.91675,8.70,7.20
2009.10.02 11:15:07.487,0.9166,0.91675,5.50,7.20
2009.10.02 11:15:07.767,0.9166,0.91675,4.80,11.20
2009.10.02 11:15:08.186,0.9166,0.91675,5.60,11.20
2009.10.02 11:15:08.416,0.9166,0.91675,8.80,7.20
2009.10.02 11:15:14.115,0.9166,0.91675,10.00,4.80
2009.10.02 11:15:14.295,0.9166,0.91675,13.20,7.20
2009.10.02 11:15:14.585,0.9166,0.91675,12.00,7.20
2009.10.02 11:15:14.965,0.9166,0.91675,8.80,11.20
2009.10.02 11:15:15.585,0.9166,0.91675,12.00,7.20
2009.10.02 11:15:16.045,0.9166,0.91675,12.00,4.00
2009.10.02 11:15:16.215,0.9166,0.91675,8.80,4.00
2009.10.02 11:15:16.395,0.9166,0.91675,8.00,4.00
2009.10.02 11:15:16.514,0.9166,0.91675,11.20,4.00
2009.10.02 11:15:16.624,0.9166,0.91675,12.00,4.00
2009.10.02 11:15:17.734,0.9166,0.91675,8.80,4.00
2009.10.02 11:15:18.034,0.9166,0.91675,8.00,7.20
2009.10.02 11:15:20.634,0.9166,0.91675,4.80,7.20
2009.10.02 11:15:27.942,0.9166,0.9167,1.50,12.00
2009.10.02 11:15:28.062,0.9165,0.9166,8.00,2.40
2009.10.02 11:15:28.242,0.91645,0.9166,5.60,5.60
2009.10.02 11:15:28.422,0.91645,0.9166,4.30,6.40
2009.10.02 11:15:28.771,0.91645,0.9165,1.50,2.40
2009.10.02 11:15:29.111,0.9164,0.9165,7.40,2.40
2009.10.02 11:15:33.380,0.9164,0.9166,11.90,10.90
2009.10.02 11:15:33.610,0.9164,0.9166,12.70,10.10
2009.10.02 11:15:33.901,0.9164,0.9166,13.80,10.10
2009.10.02 11:15:34.190,0.9164,0.9166,16.70,6.40
2009.10.02 11:15:34.470,0.9164,0.9166,26.20,6.40
2009.10.02 11:15:34.590,0.9164,0.9166,28.60,6.40
2009.10.02 11:15:34.810,0.91645,0.9166,13.80,5.60
2009.10.02 11:15:34.920,0.91645,0.91665,16.20,6.80
2009.10.02 11:15:35.030,0.91645,0.91665,16.70,6.40
2009.10.02 11:15:35.150,0.91645,0.91665,20.70,6.40
2009.10.02 11:15:35.330,0.91645,0.91665,25.60,5.60
2009.10.02 11:15:35.550,0.9165,0.91665,10.40,5.60
2009.10.02 11:15:35.720,0.9165,0.91665,11.90,5.60
2009.10.02 11:15:37.450,0.9165,0.91665,12.70,5.60
2009.10.02 11:15:37.559,0.91655,0.91665,1.00,2.40
2009.10.02 11:15:38.000,0.91655,0.9167,4.00,6.40
2009.10.02 11:15:38.989,0.9165,0.91665,13.90,8.40
2009.10.02 11:15:39.339,0.9165,0.9167,21.20,6.40
2009.10.02 11:15:39.639,0.9165,0.9167,17.10,5.60
2009.10.02 11:15:39.939,0.9165,0.9167,16.70,5.60
2009.10.02 11:15:40.049,0.91655,0.9167,8.00,5.60
2009.10.02 11:15:40.349,0.91655,0.9167,8.00,5.60
2009.10.02 11:15:42.388,0.91655,0.9167,11.20,5.60
2009.10.02 11:15:43.988,0.91655,0.9167,1.00,16.40
2009.10.02 11:15:44.348,0.91655,0.9167,7.90,8.00
2009.10.02 11:15:44.508,0.91655,0.9167,7.90,5.60
2009.10.02 11:15:44.898,0.91655,0.9167,11.10,5.60
2009.10.02 11:15:45.068,0.91655,0.9167,11.20,5.60
2009.10.02 11:15:45.178,0.91655,0.9167,8.00,5.60
2009.10.02 11:15:45.458,0.91655,0.9167,11.20,5.60
2009.10.02 11:15:45.628,0.91655,0.9167,8.00,5.60
2009.10.02 11:15:45.907,0.91655,0.9167,11.20,5.60
2009.10.02 11:15:46.357,0.91655,0.9167,7.10,6.40
2009.10.02 11:15:48.937,0.91655,0.9167,11.20,5.60
2009.10.02 11:15:49.157,0.91655,0.9167,12.00,5.60
2009.10.02 11:15:49.497,0.91655,0.9167,12.40,2.40
2009.10.02 11:15:55.115,0.91655,0.9167,12.30,2.40
2009.10.02 11:15:55.745,0.91655,0.91675,7.90,16.30
2009.10.02 11:15:55.865,0.91655,0.91665,11.20,2.40
2009.10.02 11:15:55.985,0.91655,0.9167,11.20,2.40
2009.10.02 11:15:56.105,0.91655,0.9167,12.00,2.40
2009.10.02 11:15:56.215,0.91655,0.9167,11.20,2.90
2009.10.02 11:15:56.375,0.91655,0.9167,11.20,2.40
2009.10.02 11:15:59.684,0.91655,0.9167,3.20,10.80
2009.10.02 11:15:59.914,0.91655,0.9167,1.00,11.20
2009.10.02 11:16:00.324,0.9165,0.91665,15.90,5.60
2009.10.02 11:16:00.544,0.9165,0.91665,15.50,5.60
2009.10.02 11:16:01.594,0.9165,0.91665,16.00,5.60
2009.10.02 11:16:01.924,0.9165,0.91665,15.90,6.10
2009.10.02 11:16:04.073,0.9165,0.91665,15.90,2.90
2009.10.02 11:16:05.193,0.91655,0.91665,4.00,2.90
2009.10.02 11:16:05.303,0.91655,0.91665,6.40,1.00
2009.10.02 11:16:05.413,0.91655,0.91665,6.40,1.00
2009.10.02 11:16:05.523,0.91655,0.91665,3.20,1.00
2009.10.02 11:16:05.703,0.91655,0.9167,2.40,6.90
2009.10.02 11:16:06.282,0.91655,0.9167,1.00,6.10
2009.10.02 11:16:06.892,0.91655,0.91665,1.00,2.40
2009.10.02 11:16:07.192,0.9165,0.91665,16.00,2.90
2009.10.02 11:16:07.462,0.9165,0.91665,15.90,2.90
2009.10.02 11:16:07.782,0.91655,0.91665,6.40,1.00
2009.10.02 11:16:08.072,0.91655,0.9167,10.40,6.10
2009.10.02 11:16:08.312,0.91655,0.9167,12.00,6.10
2009.10.02 11:16:09.052,0.91655,0.9167,12.00,6.10
2009.10.02 11:16:09.392,0.91655,0.9167,12.00,6.10
2009.10.02 11:16:09.572,0.91655,0.9167,8.80,6.10
2009.10.02 11:16:09.802,0.91655,0.9167,4.00,6.10
2009.10.02 11:16:13.081,0.91655,0.9167,3.20,6.90
2009.10.02 11:16:13.421,0.91655,0.9167,1.00,6.10
2009.10.02 11:16:13.711,0.91655,0.9167,2.40,6.80
2009.10.02 11:16:13.991,0.91655,0.9167,1.00,6.80
2009.10.02 11:16:14.431,0.9165,0.9167,11.20,6.90
2009.10.02 11:16:14.721,0.9165,0.9167,7.20,14.10
2009.10.02 11:16:15.421,0.9165,0.9167,7.20,14.10
2009.10.02 11:16:15.770,0.9165,0.91665,9.20,1.00
2009.10.02 11:16:16.001,0.91655,0.9167,2.40,10.10
2009.10.02 11:16:21.599,0.91655,0.9167,4.00,6.90
2009.10.02 11:16:21.839,0.91655,0.9167,4.00,6.40
2009.10.02 11:16:22.299,0.91655,0.9167,4.80,5.60
2009.10.02 11:16:24.148,0.91655,0.9167,4.80,5.60
2009.10.02 11:16:25.608,0.91655,0.9167,4.00,6.40
2009.10.02 11:16:26.068,0.91655,0.9167,4.80,5.60
2009.10.02 11:16:26.448,0.91655,0.9167,4.00,6.40
2009.10.02 11:16:26.738,0.91655,0.9167,7.20,6.40
2009.10.02 11:16:29.677,0.91655,0.9167,4.00,6.40
2009.10.02 11:16:29.917,0.91655,0.9167,4.00,15.30
2009.10.02 11:16:30.377,0.91655,0.9167,4.00,12.10
2009.10.02 11:16:30.607,0.91655,0.9167,4.00,11.60
2009.10.02 11:16:33.496,0.91655,0.9167,8.00,10.80
2009.10.02 11:16:33.956,0.91655,0.9167,8.00,5.60
2009.10.02 11:16:34.306,0.91655,0.9167,8.00,2.40
2009.10.02 11:16:36.575,0.91655,0.9167,8.00,2.90
2009.10.02 11:16:36.905,0.91655,0.9167,8.00,2.40
2009.10.02 11:16:40.105,0.91655,0.9167,7.90,2.40
2009.10.02 11:16:40.334,0.91655,0.9167,4.70,11.60
2009.10.02 11:16:42.554,0.9165,0.91665,16.00,2.40
2009.10.02 11:16:42.784,0.9165,0.91665,15.10,2.40
2009.10.02 11:16:47.083,0.91655,0.91665,4.70,2.40
2009.10.02 11:16:47.482,0.91655,0.91665,1.50,2.40
2009.10.02 11:16:54.681,0.9165,0.91665,16.00,2.40
2009.10.02 11:16:55.361,0.91655,0.91665,1.50,2.40
2009.10.02 11:16:59.550,0.9165,0.91665,11.90,2.40
2009.10.02 11:17:02.909,0.9165,0.91665,11.10,3.20
2009.10.02 11:17:03.249,0.9165,0.91665,11.10,2.40
2009.10.02 11:17:03.529,0.9166,0.9167,2.40,10.80
2009.10.02 11:17:03.859,0.91655,0.9167,3.20,10.80
2009.10.02 11:17:04.159,0.91655,0.9167,4.70,5.60
2009.10.02 11:17:06.028,0.91655,0.9167,1.50,17.20
2009.10.02 11:17:17.855,0.9165,0.91665,7.90,3.00
2009.10.02 11:17:19.145,0.9165,0.9166,7.10,2.40
2009.10.02 11:17:19.385,0.9165,0.9166,11.10,2.40
2009.10.02 11:17:19.605,0.9165,0.91665,7.90,2.40
2009.10.02 11:17:19.885,0.9165,0.91665,7.90,2.50
2009.10.02 11:17:20.335,0.9165,0.91665,7.90,2.40
2009.10.02 11:17:20.745,0.9165,0.91665,11.10,2.40
2009.10.02 11:17:20.975,0.9165,0.91665,11.10,2.90
2009.10.02 11:17:21.784,0.9165,0.91665,7.90,2.90
2009.10.02 11:17:22.074,0.9165,0.91665,11.90,2.90
2009.10.02 11:17:22.584,0.9165,0.91665,12.00,2.90
2009.10.02 11:17:22.814,0.9165,0.91665,12.00,2.80
2009.10.02 11:17:23.034,0.9165,0.91665,11.20,6.90
2009.10.02 11:17:23.384,0.9165,0.91665,7.90,6.10
2009.10.02 11:17:24.414,0.9165,0.91665,7.90,2.80
2009.10.02 11:17:24.744,0.9165,0.91665,15.90,2.80
2009.10.02 11:17:25.444,0.9165,0.91665,15.90,2.40
2009.10.02 11:17:39.920,0.91655,0.9166,4.70,1.10
2009.10.02 11:17:42.289,0.91655,0.91665,7.10,2.40
2009.10.02 11:17:43.219,0.91655,0.9166,7.10,1.00
2009.10.02 11:17:44.279,0.91655,0.91665,7.10,2.40
2009.10.02 11:17:46.048,0.91655,0.9166,7.10,1.00
2009.10.02 11:17:50.678,0.91655,0.91665,7.10,2.40
2009.10.02 11:17:51.427,0.91655,0.91665,7.10,2.80
2009.10.02 11:17:51.657,0.91655,0.91665,7.10,2.40
2009.10.02 11:17:51.707,0.91655,0.91665,7.10,2.80
2009.10.02 11:17:55.006,0.91655,0.91665,7.10,2.40
2009.10.02 11:18:00.245,0.91655,0.91665,3.90,2.40
2009.10.02 11:18:01.185,0.9165,0.9166,5.10,2.40
2009.10.02 11:18:02.125,0.9165,0.9166,3.60,2.40
2009.10.02 11:18:02.715,0.9165,0.9166,3.60,5.60
2009.10.02 11:18:06.084,0.9165,0.9166,4.40,2.40
2009.10.02 11:18:06.264,0.9165,0.91665,4.40,5.60
2009.10.02 11:18:06.433,0.9165,0.91665,5.10,6.40
2009.10.02 11:18:06.774,0.9165,0.91665,6.00,5.60
2009.10.02 11:18:06.934,0.9165,0.91665,5.90,5.60
2009.10.02 11:18:09.083,0.9165,0.91665,5.90,5.70
2009.10.02 11:18:09.373,0.9165,0.91665,3.70,6.40
2009.10.02 11:18:09.603,0.9165,0.91665,3.60,7.00
2009.10.02 11:18:09.943,0.9165,0.91665,3.60,6.90
2009.10.02 11:18:10.633,0.9165,0.91665,1.20,14.60
2009.10.02 11:18:10.863,0.9165,0.9166,3.60,6.40
2009.10.02 11:18:11.273,0.9165,0.9166,3.60,3.20
2009.10.02 11:18:11.512,0.9165,0.91665,3.60,7.30
2009.10.02 11:18:11.742,0.9165,0.91665,3.60,6.50
2009.10.02 11:18:12.142,0.9165,0.91665,4.40,5.70
2009.10.02 11:18:12.322,0.9165,0.91665,4.40,5.60
2009.10.02 11:18:12.672,0.9165,0.91665,5.90,5.60
2009.10.02 11:18:12.962,0.9165,0.91665,11.20,2.40
2009.10.02 11:18:13.312,0.9165,0.91665,12.00,2.40
2009.10.02 11:18:13.712,0.9165,0.91665,17.60,2.40
2009.10.02 11:18:14.062,0.9166,0.9167,2.40,1.00
2009.10.02 11:18:14.412,0.9166,0.9167,3.20,1.60
2009.10.02 11:18:14.742,0.9166,0.9167,3.20,1.60
2009.10.02 11:18:14.972,0.9166,0.9167,3.90,2.40
2009.10.02 11:18:16.941,0.9166,0.91675,4.70,6.40
2009.10.02 11:18:18.431,0.91665,0.91675,1.00,6.40
2009.10.02 11:18:18.781,0.91665,0.9168,15.50,1.00
2009.10.02 11:18:19.171,0.9167,0.91685,8.70,5.60
2009.10.02 11:18:19.521,0.91675,0.91685,2.40,3.20
2009.10.02 11:18:19.860,0.91675,0.91685,3.20,3.20
2009.10.02 11:18:22.610,0.91675,0.9169,2.40,6.50
2009.10.02 11:18:22.850,0.91675,0.9169,6.40,5.70
2009.10.02 11:18:23.150,0.9168,0.9169,2.40,2.40
2009.10.02 11:18:30.238,0.9168,0.9169,2.40,2.40
2009.10.02 11:18:31.328,0.91675,0.9169,7.90,5.70
2009.10.02 11:18:31.618,0.91675,0.9169,4.70,5.60
2009.10.02 11:18:32.208,0.91675,0.9169,11.90,5.70
2009.10.02 11:18:32.557,0.9168,0.9169,2.40,5.60
2009.10.02 11:18:32.897,0.91675,0.9169,11.90,5.70
2009.10.02 11:18:35.986,0.91675,0.9169,8.70,5.70
2009.10.02 11:18:36.217,0.91675,0.9169,8.70,5.60
2009.10.02 11:18:36.787,0.91675,0.9169,11.90,5.70
2009.10.02 11:18:37.076,0.9168,0.9169,2.40,5.60
2009.10.02 11:18:37.716,0.91675,0.9169,7.90,5.70
2009.10.02 11:18:38.006,0.91675,0.9169,4.70,5.70
2009.10.02 11:18:43.645,0.91675,0.9169,8.70,5.70
2009.10.02 11:18:46.174,0.91675,0.9169,3.20,5.70
2009.10.02 11:18:46.454,0.91675,0.9169,3.20,5.70
2009.10.02 11:18:46.564,0.91675,0.9169,2.40,6.50
2009.10.02 11:18:46.684,0.9167,0.9169,16.20,7.80
2009.10.02 11:18:46.804,0.9167,0.91685,13.00,2.50
2009.10.02 11:18:46.864,0.9167,0.91685,9.80,2.40
2009.10.02 11:18:47.154,0.9167,0.9168,3.90,2.40
2009.10.02 11:18:50.433,0.9167,0.91685,3.90,6.50
2009.10.02 11:18:50.653,0.9167,0.91685,17.20,5.60
2009.10.02 11:18:50.833,0.9168,0.91695,11.10,11.60
2009.10.02 11:18:51.063,0.91685,0.91695,7.10,1.00
2009.10.02 11:18:51.293,0.91685,0.91695,7.90,2.80
2009.10.02 11:18:52.213,0.9169,0.91695,10.00,2.40
2009.10.02 11:18:52.553,0.9169,0.91705,7.60,5.20
2009.10.02 11:18:52.873,0.9169,0.91705,11.20,9.60
2009.10.02 11:18:53.203,0.9169,0.91705,11.90,4.40
2009.10.02 11:18:53.543,0.9169,0.91705,12.00,4.40
2009.10.02 11:18:53.842,0.9169,0.91705,12.30,9.60
2009.10.02 11:18:54.242,0.9169,0.91705,7.10,10.40
2009.10.02 11:18:54.582,0.9169,0.91705,7.20,10.40
2009.10.02 11:18:54.912,0.9169,0.91705,7.20,14.40
2009.10.02 11:18:55.252,0.9169,0.91705,8.00,9.60
2009.10.02 11:18:56.152,0.9169,0.91705,8.00,9.20
2009.10.02 11:18:56.442,0.9169,0.91705,11.20,4.00
2009.10.02 11:18:57.231,0.9169,0.917,7.90,2.40
2009.10.02 11:18:57.582,0.9169,0.917,7.10,2.40
2009.10.02 11:18:57.861,0.91685,0.917,11.20,2.40
2009.10.02 11:18:58.191,0.91685,0.917,15.20,2.40
2009.10.02 11:18:58.551,0.91685,0.917,17.60,2.40
2009.10.02 11:18:58.971,0.91685,0.917,17.90,2.40
2009.10.02 11:18:59.251,0.91685,0.917,18.40,2.40
2009.10.02 11:18:59.471,0.91685,0.917,16.80,2.40
2009.10.02 11:18:59.761,0.91685,0.917,16.00,2.40
2009.10.02 11:19:01.380,0.91685,0.917,12.00,2.40
2009.10.02 11:19:02.001,0.91685,0.917,16.00,2.40
2009.10.02 11:19:02.840,0.91685,0.917,15.20,2.40
2009.10.02 11:19:03.190,0.91685,0.91695,15.10,2.40
2009.10.02 11:19:03.520,0.91685,0.91695,11.10,2.40
2009.10.02 11:19:04.210,0.91685,0.917,11.20,4.00
2009.10.02 11:19:04.500,0.91685,0.917,12.00,4.00
2009.10.02 11:19:05.400,0.91685,0.91695,7.90,2.40
2009.10.02 11:19:05.749,0.91685,0.917,7.90,9.20
2009.10.02 11:19:07.219,0.91685,0.91695,4.70,2.40
2009.10.02 11:19:07.499,0.9168,0.91695,11.20,2.40
2009.10.02 11:19:07.839,0.91685,0.91695,6.40,2.40
2009.10.02 11:19:08.119,0.91685,0.91695,7.90,2.40
2009.10.02 11:19:08.399,0.91685,0.91695,7.10,2.40
2009.10.02 11:19:10.998,0.91685,0.91695,7.90,2.40
2009.10.02 11:19:11.568,0.91685,0.91695,8.00,2.40
2009.10.02 11:19:11.628,0.91685,0.91695,3.20,2.40
2009.10.02 11:19:11.738,0.91685,0.91695,1.00,2.40
2009.10.02 11:19:11.798,0.91685,0.91695,5.60,2.40
2009.10.02 11:19:11.848,0.91685,0.917,7.90,12.40
2009.10.02 11:19:11.968,0.91685,0.917,7.90,9.20
2009.10.02 11:19:15.617,0.91685,0.917,7.90,9.20
2009.10.02 11:19:16.237,0.91685,0.917,7.10,14.00
2009.10.02 11:19:16.287,0.91685,0.917,7.90,13.20
2009.10.02 11:19:16.467,0.91685,0.917,7.90,13.20
2009.10.02 11:19:16.587,0.91685,0.917,7.90,9.20
2009.10.02 11:19:18.556,0.91685,0.917,3.20,11.20
2009.10.02 11:19:18.786,0.9168,0.917,12.00,16.90
2009.10.02 11:19:19.826,0.9168,0.91695,11.20,4.00
2009.10.02 11:19:20.866,0.9168,0.91695,12.40,2.40
2009.10.02 11:19:21.206,0.9168,0.91695,11.60,4.00
2009.10.02 11:19:21.546,0.9168,0.91695,11.20,4.00
2009.10.02 11:19:21.945,0.9168,0.9169,7.90,2.40
2009.10.02 11:19:23.645,0.9168,0.9169,7.10,2.40
2009.10.02 11:19:23.995,0.9168,0.91695,8.00,9.20
2009.10.02 11:19:24.455,0.9168,0.91695,4.80,10.00
2009.10.02 11:19:24.695,0.9168,0.9169,1.50,2.40
2009.10.02 11:19:28.104,0.9168,0.9169,3.20,2.40
2009.10.02 11:19:28.374,0.9168,0.9169,7.90,2.40
2009.10.02 11:19:28.714,0.9168,0.9169,4.70,2.40
2009.10.02 11:19:28.944,0.9168,0.9169,3.90,2.40
2009.10.02 11:19:31.763,0.9168,0.9169,4.70,2.40
2009.10.02 11:19:31.943,0.9168,0.9169,3.90,2.40
2009.10.02 11:19:32.293,0.9168,0.9169,4.70,2.40
2009.10.02 11:19:33.762,0.9168,0.9169,3.90,2.40
2009.10.02 11:19:35.902,0.9168,0.9169,3.90,2.80
2009.10.02 11:19:36.182,0.9168,0.9169,3.90,2.40
2009.10.02 11:19:42.631,0.9168,0.9169,1.50,9.20
2009.10.02 11:19:44.041,0.9168,0.9169,1.50,14.00
2009.10.02 11:19:44.790,0.9168,0.9169,1.50,13.20
2009.10.02 11:19:45.120,0.9168,0.9169,1.50,9.20
2009.10.02 11:19:48.779,0.9168,0.9169,1.50,4.00
2009.10.02 11:19:51.328,0.9168,0.91695,7.90,5.20
2009.10.02 11:19:51.508,0.9168,0.91695,7.90,2.40
2009.10.02 11:19:51.629,0.9168,0.91695,7.90,2.40
2009.10.02 11:19:51.798,0.9168,0.91695,7.10,3.20
2009.10.02 11:19:52.148,0.9168,0.91695,7.90,2.40
2009.10.02 11:19:52.318,0.9168,0.91695,7.10,3.20
2009.10.02 11:19:52.668,0.9168,0.91695,7.90,2.40
2009.10.02 11:19:55.028,0.9168,0.91695,7.10,3.20
2009.10.02 11:19:55.247,0.9168,0.91695,1.50,3.60
2009.10.02 11:19:55.477,0.9168,0.91695,7.10,7.30
2009.10.02 11:19:55.708,0.9168,0.91695,7.10,3.20
2009.10.02 11:19:56.167,0.9168,0.9169,7.10,2.40
2009.10.02 11:19:57.037,0.91675,0.9169,10.40,2.40
2009.10.02 11:19:57.087,0.91675,0.9169,8.00,2.40
2009.10.02 11:20:01.046,0.9168,0.9169,2.40,2.40
2009.10.02 11:20:01.166,0.9168,0.9169,5.60,2.40
2009.10.02 11:20:01.336,0.9168,0.9169,7.10,2.40
2009.10.02 11:20:01.816,0.9168,0.9169,7.10,3.10
2009.10.02 11:20:04.705,0.9168,0.9169,7.10,2.40
2009.10.02 11:20:19.092,0.9168,0.9169,3.90,2.40
2009.10.02 11:20:37.058,0.9168,0.91695,3.90,13.80
2009.10.02 11:20:37.347,0.9168,0.91695,3.90,10.60
2009.10.02 11:20:37.687,0.9168,0.91695,3.90,10.60
2009.10.02 11:20:42.396,0.9168,0.91695,7.10,6.20
2009.10.02 11:20:42.516,0.9168,0.91695,7.10,6.10
2009.10.02 11:20:42.846,0.9168,0.91695,3.90,6.10
2009.10.02 11:20:58.752,0.9168,0.91695,3.90,13.90
2009.10.02 11:20:59.052,0.9168,0.91695,7.10,7.80
2009.10.02 11:21:01.022,0.9168,0.91695,7.10,7.80
2009.10.02 11:21:01.202,0.9168,0.91695,7.10,8.30
2009.10.02 11:21:01.371,0.9168,0.91695,7.10,11.50
2009.10.02 11:21:01.551,0.9168,0.91695,7.10,11.40
2009.10.02 11:21:01.721,0.9168,0.91695,3.90,7.80
2009.10.02 11:21:03.931,0.9168,0.91695,7.10,7.80
2009.10.02 11:21:04.941,0.9168,0.91695,7.20,7.80
2009.10.02 11:21:05.181,0.91685,0.91695,2.40,4.60
2009.10.02 11:21:05.421,0.91685,0.91695,2.40,1.40
2009.10.02 11:21:08.960,0.9168,0.91695,8.40,3.80
2009.10.02 11:21:09.310,0.9168,0.91695,7.60,4.60
2009.10.02 11:21:09.640,0.91685,0.91695,7.10,1.30
2009.10.02 11:21:26.286,0.91685,0.91695,7.10,2.90
2009.10.02 11:21:26.506,0.9168,0.9169,5.50,2.40
2009.10.02 11:21:26.616,0.9168,0.9169,4.70,2.40
2009.10.02 11:21:26.726,0.9168,0.91695,11.20,3.70
2009.10.02 11:21:26.846,0.9168,0.91695,8.00,3.70
2009.10.02 11:21:33.174,0.9168,0.91695,7.10,4.50
2009.10.02 11:21:33.394,0.9168,0.91695,7.90,3.70
2009.10.02 11:21:34.184,0.9168,0.91695,8.00,3.70
2009.10.02 11:21:38.833,0.9168,0.91695,7.20,4.50
2009.10.02 11:21:39.003,0.9168,0.91695,7.10,4.50
2009.10.02 11:21:41.422,0.9168,0.91695,7.10,5.00
2009.10.02 11:21:41.532,0.9168,0.91695,7.10,8.20
2009.10.02 11:21:41.642,0.9168,0.91695,3.90,11.40
2009.10.02 11:21:41.762,0.9168,0.91695,3.90,11.50
2009.10.02 11:21:46.791,0.9168,0.91695,7.10,8.20
2009.10.02 11:21:47.131,0.9168,0.91695,7.10,4.60
2009.10.02 11:21:47.181,0.9168,0.91695,7.10,5.00
2009.10.02 11:21:47.411,0.9168,0.91695,7.10,5.00
2009.10.02 11:21:48.510,0.9168,0.91695,7.10,4.50
2009.10.02 11:21:48.790,0.9168,0.91695,9.20,3.70
2009.10.02 11:21:49.020,0.9168,0.91695,8.00,3.70
2009.10.02 11:21:50.270,0.9168,0.91695,7.90,3.70
2009.10.02 11:21:50.940,0.9168,0.91695,7.10,4.50
2009.10.02 11:21:55.698,0.9168,0.91695,7.90,3.70
2009.10.02 11:21:56.208,0.9168,0.91695,11.20,3.70
2009.10.02 11:21:58.118,0.9168,0.91695,8.00,3.70
2009.10.02 11:21:58.988,0.9168,0.91695,8.00,3.70
2009.10.02 11:21:59.208,0.9168,0.91695,8.00,3.70
2009.10.02 11:21:59.548,0.91685,0.91695,7.10,3.70
2009.10.02 11:21:59.878,0.9168,0.91695,8.00,3.70
2009.10.02 11:22:00.977,0.9168,0.91695,12.00,3.70
2009.10.02 11:22:01.277,0.91685,0.91695,3.20,3.70
2009.10.02 11:22:01.457,0.91685,0.91695,7.10,3.70
2009.10.02 11:22:08.655,0.9168,0.91695,12.00,3.70
2009.10.02 11:22:10.385,0.9168,0.91695,8.00,3.70
2009.10.02 11:22:21.382,0.9168,0.91695,7.20,4.50
2009.10.02 11:22:26.671,0.9168,0.91695,8.00,3.70
2009.10.02 11:22:29.331,0.9168,0.91695,7.20,4.50
2009.10.02 11:22:34.799,0.9168,0.91695,8.00,3.70
2009.10.02 11:22:36.429,0.9168,0.91695,7.20,4.50
2009.10.02 11:22:38.318,0.9168,0.917,13.60,15.80
2009.10.02 11:22:38.488,0.917,0.91705,3.20,8.30
2009.10.02 11:22:38.728,0.917,0.91705,2.40,1.00
2009.10.02 11:22:38.938,0.917,0.91705,11.50,2.40
2009.10.02 11:22:39.108,0.91705,0.91715,6.40,1.00
2009.10.02 11:22:39.458,0.91705,0.9172,17.10,5.60
2009.10.02 11:22:39.818,0.91705,0.9172,17.10,2.40
2009.10.02 11:22:40.148,0.91705,0.9172,11.90,2.40
2009.10.02 11:22:41.677,0.91705,0.9172,11.90,2.40
2009.10.02 11:22:42.998,0.91705,0.9172,11.10,2.40
2009.10.02 11:22:43.217,0.91705,0.9172,7.90,2.40
2009.10.02 11:22:43.577,0.91705,0.9172,7.90,8.00
2009.10.02 11:22:45.647,0.91705,0.91715,11.10,2.40
2009.10.02 11:22:46.826,0.91705,0.91715,7.90,2.40
2009.10.02 11:22:46.946,0.91705,0.91715,11.10,2.40
2009.10.02 11:22:47.106,0.91705,0.9172,11.10,8.00
2009.10.02 11:22:47.276,0.91705,0.9172,11.90,2.40
2009.10.02 11:22:47.436,0.91705,0.9172,11.90,2.40
2009.10.02 11:22:48.086,0.9171,0.9172,1.00,2.40
2009.10.02 11:22:48.316,0.91705,0.9172,12.60,2.40
2009.10.02 11:22:48.546,0.91705,0.9172,12.60,2.40
2009.10.02 11:22:50.515,0.91705,0.9172,12.30,2.40
2009.10.02 11:22:50.786,0.91705,0.9172,11.90,2.40
2009.10.02 11:22:51.875,0.91705,0.9172,12.30,2.40
2009.10.02 11:22:52.575,0.91705,0.9172,11.90,2.40
2009.10.02 11:22:52.915,0.91705,0.9172,12.30,2.40
2009.10.02 11:22:53.185,0.9171,0.91725,9.10,11.20
2009.10.02 11:22:53.405,0.9171,0.91725,13.10,5.60
2009.10.02 11:22:53.635,0.9171,0.91725,9.10,5.60
2009.10.02 11:22:53.864,0.9171,0.91725,9.90,4.00
2009.10.02 11:22:54.215,0.9171,0.91725,9.90,7.20
2009.10.02 11:22:54.545,0.9171,0.91725,6.40,7.20
2009.10.02 11:22:54.835,0.9171,0.9172,1.00,4.00
2009.10.02 11:22:55.194,0.9171,0.9172,1.00,2.40
2009.10.02 11:22:55.544,0.91705,0.9172,11.90,5.60
2009.10.02 11:22:55.884,0.91705,0.9172,12.30,2.40
2009.10.02 11:22:56.064,0.91705,0.9172,12.30,2.40
2009.10.02 11:22:56.244,0.91705,0.9172,12.30,5.60
2009.10.02 11:22:56.364,0.91705,0.9172,11.90,5.60
2009.10.02 11:22:58.143,0.9171,0.9172,3.20,3.20
2009.10.02 11:22:58.493,0.9171,0.91725,3.20,17.00
2009.10.02 11:22:58.843,0.9171,0.91725,4.70,17.00
2009.10.02 11:22:59.813,0.9171,0.91725,13.20,12.90
2009.10.02 11:23:00.043,0.9171,0.91725,8.40,7.20
2009.10.02 11:23:00.393,0.9171,0.91725,8.00,7.20
2009.10.02 11:23:00.733,0.9171,0.91725,9.20,7.20
2009.10.02 11:23:01.073,0.9171,0.91725,4.80,11.20
2009.10.02 11:23:01.363,0.9171,0.91725,4.80,11.20
2009.10.02 11:23:01.543,0.9171,0.9172,2.40,2.40
2009.10.02 11:23:01.653,0.91705,0.9172,15.90,2.40
2009.10.02 11:23:01.823,0.91705,0.9172,11.90,2.40
2009.10.02 11:23:01.992,0.91705,0.9172,11.90,2.40
2009.10.02 11:23:02.233,0.91705,0.9172,11.90,2.40
2009.10.02 11:23:03.122,0.91705,0.9172,7.90,2.40
2009.10.02 11:23:03.352,0.91705,0.9172,11.10,2.40
2009.10.02 11:23:05.102,0.91705,0.9172,7.90,2.40
2009.10.02 11:23:05.452,0.91705,0.9172,7.90,2.50
2009.10.02 11:23:05.622,0.91705,0.9172,4.70,2.40
2009.10.02 11:23:05.792,0.91705,0.9172,7.90,2.40
2009.10.02 11:23:06.881,0.91705,0.9172,11.10,2.40
2009.10.02 11:23:06.941,0.91705,0.9172,11.90,2.40
2009.10.02 11:23:07.111,0.91705,0.9172,11.90,2.40
2009.10.02 11:23:07.931,0.91705,0.9172,12.00,2.40
2009.10.02 11:23:08.161,0.91705,0.9172,12.00,2.40
2009.10.02 11:23:08.321,0.91705,0.9172,8.00,2.40
2009.10.02 11:23:08.491,0.91705,0.91715,7.90,2.40
2009.10.02 11:23:08.731,0.91705,0.91715,4.70,2.40
2009.10.02 11:23:10.970,0.91705,0.91715,2.40,2.40
2009.10.02 11:23:11.310,0.917,0.91715,1.00,16.40
2009.10.02 11:23:11.550,0.917,0.9171,3.20,2.40
2009.10.02 11:23:11.720,0.917,0.9171,4.70,2.40
2009.10.02 11:23:13.970,0.917,0.9171,3.90,2.40
2009.10.02 11:23:14.260,0.91695,0.9171,13.90,2.40
2009.10.02 11:23:14.420,0.91695,0.9171,11.90,2.40
2009.10.02 11:23:14.760,0.917,0.9171,2.40,2.40
2009.10.02 11:23:15.439,0.917,0.9171,3.90,2.40
2009.10.02 11:23:17.949,0.917,0.9171,4.70,2.40
2009.10.02 11:23:18.688,0.917,0.9171,3.20,2.40
2009.10.02 11:23:18.918,0.917,0.9171,2.40,2.40
2009.10.02 11:23:19.268,0.917,0.9171,2.40,5.60
2009.10.02 11:23:20.908,0.917,0.9171,3.20,5.60
2009.10.02 11:23:21.188,0.917,0.9171,3.20,2.40
2009.10.02 11:23:21.238,0.917,0.9171,3.20,2.40
2009.10.02 11:23:21.658,0.917,0.9171,4.70,2.40
2009.10.02 11:23:28.357,0.917,0.9171,3.90,2.40
2009.10.02 11:23:29.996,0.917,0.9171,4.70,2.40
2009.10.02 11:23:36.034,0.917,0.9171,3.90,2.40
2009.10.02 11:23:37.364,0.917,0.9171,4.70,2.40
2009.10.02 11:23:37.604,0.917,0.9171,3.90,2.40
2009.10.02 11:23:45.272,0.917,0.9171,2.40,2.40
2009.10.02 11:23:45.842,0.917,0.9171,3.90,2.40
2009.10.02 11:23:51.011,0.917,0.91715,13.50,1.00
2009.10.02 11:23:51.301,0.917,0.9171,3.90,2.40
2009.10.02 11:23:51.591,0.917,0.9171,4.70,2.40
2009.10.02 11:23:51.931,0.917,0.9171,3.90,2.40
2009.10.02 11:23:53.290,0.917,0.9171,4.70,2.40
2009.10.02 11:23:54.280,0.917,0.9171,3.90,2.40
2009.10.02 11:23:54.570,0.917,0.9171,4.70,2.40
2009.10.02 11:23:55.560,0.917,0.9171,3.90,2.40
2009.10.02 11:23:58.939,0.917,0.9171,4.70,2.40
2009.10.02 11:23:59.379,0.917,0.9171,3.90,2.40
2009.10.02 11:24:05.867,0.91705,0.9171,7.10,5.60
2009.10.02 11:24:06.087,0.917,0.9171,2.30,12.00
2009.10.02 11:24:06.347,0.917,0.91715,8.70,5.20
2009.10.02 11:24:06.687,0.91705,0.91715,1.50,2.40
2009.10.02 11:24:12.976,0.917,0.91715,7.90,2.40
2009.10.02 11:24:13.606,0.91705,0.91715,3.90,2.40
2009.10.02 11:24:24.773,0.9171,0.91725,2.40,11.60
2009.10.02 11:24:25.053,0.9171,0.91725,9.10,6.10
2009.10.02 11:24:25.333,0.9171,0.9172,2.70,5.20
2009.10.02 11:24:25.623,0.9171,0.9172,5.10,1.00
2009.10.02 11:24:25.912,0.9171,0.91725,5.90,2.40
2009.10.02 11:24:26.373,0.9171,0.91725,9.10,2.40
2009.10.02 11:24:26.612,0.9171,0.91725,8.30,3.20
2009.10.02 11:24:27.292,0.9171,0.91725,7.90,2.40
2009.10.02 11:24:27.522,0.91715,0.91725,2.40,1.00
2009.10.02 11:24:27.742,0.91715,0.9173,3.90,12.50
2009.10.02 11:24:27.912,0.91715,0.9173,4.70,11.70
2009.10.02 11:24:28.082,0.91715,0.9173,9.10,7.70
2009.10.02 11:24:28.262,0.91715,0.9173,9.10,4.00
2009.10.02 11:24:28.542,0.91715,0.9173,7.10,4.80
2009.10.02 11:24:28.702,0.91715,0.9173,3.90,8.80
2009.10.02 11:24:37.980,0.91715,0.9173,3.90,17.20
2009.10.02 11:24:38.279,0.91715,0.9173,3.90,8.00
2009.10.02 11:24:38.500,0.91715,0.9173,8.00,8.00
2009.10.02 11:24:39.009,0.91715,0.9173,8.00,4.00
2009.10.02 11:24:39.239,0.91715,0.9173,11.90,4.00
2009.10.02 11:24:40.149,0.91715,0.9173,13.20,4.00
2009.10.02 11:24:40.489,0.9172,0.9173,1.50,4.00
2009.10.02 11:24:45.988,0.91715,0.9173,7.90,8.00
2009.10.02 11:24:46.167,0.91715,0.9173,7.90,13.20
2009.10.02 11:24:46.347,0.91715,0.9173,7.90,13.70
2009.10.02 11:24:47.397,0.91715,0.9173,7.90,13.20
2009.10.02 11:24:49.407,0.91715,0.9173,8.00,13.20
2009.10.02 11:24:49.637,0.9172,0.9173,2.40,8.00
2009.10.02 11:24:49.857,0.9172,0.9173,2.40,8.00
2009.10.02 11:24:50.427,0.9172,0.9173,2.40,8.40
2009.10.02 11:24:56.725,0.9172,0.9173,2.40,14.00
2009.10.02 11:24:58.795,0.9172,0.9173,2.40,13.20
2009.10.02 11:24:59.134,0.9172,0.91735,1.00,21.70
2009.10.02 11:24:59.485,0.9172,0.91735,1.50,28.20
2009.10.02 11:24:59.774,0.91715,0.9173,7.90,13.20
2009.10.02 11:25:00.384,0.91715,0.9173,7.90,13.60
2009.10.02 11:25:06.013,0.91715,0.9173,12.30,7.20
2009.10.02 11:25:06.183,0.91715,0.9173,11.90,4.00
2009.10.02 11:25:06.633,0.91715,0.9173,11.90,8.00
2009.10.02 11:25:08.902,0.91715,0.9173,8.70,13.20
2009.10.02 11:25:09.882,0.91715,0.9173,7.90,13.60
2009.10.02 11:25:12.111,0.91715,0.9173,13.20,6.80
2009.10.02 11:25:12.221,0.91715,0.9173,12.50,4.00
2009.10.02 11:25:12.731,0.91715,0.9173,11.90,4.00
2009.10.02 11:25:12.901,0.91715,0.9173,11.90,8.00
2009.10.02 11:25:14.181,0.91715,0.9173,11.90,8.40
2009.10.02 11:25:26.538,0.91715,0.9173,8.00,13.60
2009.10.02 11:25:28.717,0.91715,0.9173,8.00,13.20
2009.10.02 11:25:28.897,0.91715,0.9173,8.00,9.20
2009.10.02 11:25:30.457,0.91715,0.9173,11.20,9.20
2009.10.02 11:25:30.737,0.91715,0.9173,15.90,7.60
2009.10.02 11:25:31.027,0.91715,0.9173,15.90,2.40
2009.10.02 11:25:31.266,0.91715,0.9173,15.90,4.00
2009.10.02 11:25:32.027,0.9172,0.9173,1.50,2.40
2009.10.02 11:25:32.956,0.9172,0.9173,2.30,2.40
2009.10.02 11:25:33.116,0.9172,0.9173,4.00,4.00
2009.10.02 11:25:33.236,0.9172,0.9173,6.40,1.60
2009.10.02 11:25:33.346,0.9172,0.91735,9.60,4.70
2009.10.02 11:25:33.736,0.9172,0.91735,11.10,4.00
2009.10.02 11:25:35.736,0.9172,0.91735,7.90,4.00
2009.10.02 11:25:38.385,0.91725,0.91735,1.50,4.00
2009.10.02 11:25:41.204,0.91725,0.91735,1.50,4.80
2009.10.02 11:25:41.434,0.9172,0.9173,1.50,2.40
2009.10.02 11:25:45.883,0.9172,0.91735,7.10,10.80
2009.10.02 11:25:46.223,0.9172,0.91735,4.70,10.40
2009.10.02 11:25:46.613,0.9172,0.91735,1.50,10.40
2009.10.02 11:25:47.693,0.9172,0.9173,2.30,2.40
2009.10.02 11:25:47.923,0.9172,0.9173,7.90,2.40
2009.10.02 11:25:50.432,0.9172,0.9173,7.10,2.40
2009.10.02 11:25:50.542,0.9172,0.9173,4.70,2.40
2009.10.02 11:25:50.722,0.9172,0.9173,1.50,2.40
2009.10.02 11:25:52.682,0.91715,0.9173,12.00,2.40
2009.10.02 11:25:52.912,0.91715,0.9173,7.90,2.40
2009.10.02 11:25:53.091,0.91715,0.9173,11.90,2.40
2009.10.02 11:26:00.060,0.9172,0.91735,8.00,5.60
2009.10.02 11:26:01.389,0.9172,0.91735,11.20,5.60
2009.10.02 11:26:01.619,0.9172,0.91735,12.00,4.00
2009.10.02 11:26:01.739,0.9172,0.91735,15.90,3.20
2009.10.02 11:26:01.899,0.91725,0.91735,7.10,1.00
2009.10.02 11:26:02.109,0.91725,0.91735,4.70,3.20
2009.10.02 11:26:02.229,0.91725,0.91735,1.50,4.80
2009.10.02 11:26:02.339,0.91725,0.91735,1.00,4.80
2009.10.02 11:26:02.619,0.9173,0.9174,1.50,4.40
2009.10.02 11:26:02.899,0.9173,0.9174,3.90,2.40
2009.10.02 11:26:03.129,0.9173,0.91735,2.40,1.00
2009.10.02 11:26:03.369,0.9173,0.91735,1.50,1.00
2009.10.02 11:26:04.009,0.9173,0.9174,3.90,2.40
2009.10.02 11:26:04.299,0.9173,0.9174,1.50,2.40
2009.10.02 11:26:07.438,0.9173,0.9174,3.90,2.40
2009.10.02 11:26:18.905,0.9173,0.9174,4.80,2.40
2009.10.02 11:26:19.245,0.9173,0.91745,8.00,2.40
2009.10.02 11:26:19.945,0.9173,0.9174,1.50,2.40
2009.10.02 11:26:21.804,0.9173,0.9174,4.70,2.40
2009.10.02 11:26:22.275,0.9173,0.91745,11.10,2.40
2009.10.02 11:26:25.563,0.91735,0.91745,3.90,2.40
2009.10.02 11:26:25.854,0.91735,0.91745,7.10,2.40
2009.10.02 11:26:26.273,0.91735,0.9175,7.90,2.40
2009.10.02 11:26:26.503,0.91735,0.91745,7.10,2.40
2009.10.02 11:26:26.673,0.9174,0.9175,3.90,4.00
2009.10.02 11:26:26.954,0.91735,0.9175,11.90,2.40
2009.10.02 11:26:27.073,0.9174,0.91755,2.40,10.90
2009.10.02 11:26:27.183,0.9174,0.9175,2.40,3.20
2009.10.02 11:26:27.303,0.91735,0.9175,11.90,5.60
2009.10.02 11:26:27.423,0.91735,0.9175,7.90,5.60
2009.10.02 11:26:28.183,0.91735,0.9175,4.70,5.60
2009.10.02 11:26:28.523,0.91735,0.9175,4.80,5.60
2009.10.02 11:26:28.823,0.91735,0.9175,8.00,5.60
2009.10.02 11:26:29.123,0.91735,0.9175,11.90,5.60
2009.10.02 11:26:29.483,0.91735,0.91745,7.90,2.40
2009.10.02 11:26:30.223,0.91735,0.9175,9.10,12.40
2009.10.02 11:26:30.453,0.91735,0.9175,8.00,12.40
2009.10.02 11:26:30.682,0.91735,0.9175,8.00,10.80
2009.10.02 11:26:32.852,0.91735,0.9175,7.90,14.90
2009.10.02 11:26:33.192,0.91735,0.9175,8.00,16.40
2009.10.02 11:26:33.312,0.91735,0.9175,8.00,12.40
2009.10.02 11:26:34.352,0.91735,0.9175,7.90,12.60
2009.10.02 11:26:34.762,0.91735,0.91745,7.90,2.40
2009.10.02 11:26:35.811,0.91735,0.9175,7.20,17.20
2009.10.02 11:26:35.981,0.91735,0.9175,8.00,12.40
2009.10.02 11:26:36.221,0.91735,0.9175,9.10,12.40
2009.10.02 11:26:36.461,0.91735,0.9175,8.00,12.40
2009.10.02 11:26:36.701,0.91735,0.9175,8.00,10.80
2009.10.02 11:26:36.921,0.91735,0.9175,11.20,10.80
2009.10.02 11:26:37.031,0.91735,0.9175,11.90,8.40
2009.10.02 11:26:37.191,0.91735,0.9175,8.30,9.20
2009.10.02 11:26:37.301,0.91735,0.9175,12.30,6.40
2009.10.02 11:26:37.411,0.91735,0.9175,7.10,6.40
2009.10.02 11:26:37.531,0.9174,0.9175,2.40,3.20
2009.10.02 11:26:38.171,0.91735,0.9175,7.10,17.70
2009.10.02 11:26:41.960,0.91735,0.9175,3.90,18.20
2009.10.02 11:26:44.229,0.9173,0.91745,3.90,6.40
2009.10.02 11:26:44.449,0.91725,0.91745,11.90,15.20
2009.10.02 11:26:44.679,0.91725,0.91745,15.10,12.00
2009.10.02 11:26:44.919,0.91725,0.91745,11.90,15.20
2009.10.02 11:26:45.149,0.91725,0.9174,11.90,5.60
2009.10.02 11:26:46.658,0.91725,0.9174,15.10,5.60
2009.10.02 11:26:46.768,0.9173,0.9174,2.40,5.60
2009.10.02 11:26:46.888,0.9173,0.9174,2.40,2.40
2009.10.02 11:26:48.248,0.9173,0.9174,2.40,2.40
2009.10.02 11:26:48.778,0.91725,0.9174,15.90,2.40
2009.10.02 11:26:49.128,0.91725,0.9174,15.10,2.40
2009.10.02 11:26:49.758,0.91725,0.9174,15.10,2.40
2009.10.02 11:26:49.928,0.91725,0.9174,15.20,2.40
2009.10.02 11:26:50.098,0.91725,0.9174,15.10,2.40
2009.10.02 11:26:50.278,0.91725,0.9174,11.90,2.40
2009.10.02 11:26:55.286,0.91725,0.9174,7.10,3.20
2009.10.02 11:26:55.456,0.91725,0.9174,8.20,6.40
2009.10.02 11:26:55.626,0.91725,0.9174,7.10,6.40
2009.10.02 11:26:56.106,0.91725,0.9174,8.20,6.40
2009.10.02 11:26:56.326,0.91725,0.9174,7.10,6.40
2009.10.02 11:26:58.865,0.91725,0.9174,7.90,5.60
2009.10.02 11:26:59.035,0.91725,0.9174,9.00,5.60
2009.10.02 11:26:59.265,0.91725,0.9174,7.90,5.60
2009.10.02 11:27:05.334,0.91725,0.9174,11.20,3.20
2009.10.02 11:27:05.614,0.9173,0.91745,2.40,6.40
2009.10.02 11:27:05.894,0.9173,0.91745,1.50,10.40
2009.10.02 11:27:12.202,0.9173,0.91745,4.00,6.40
2009.10.02 11:27:12.382,0.9173,0.91745,8.00,2.40
2009.10.02 11:27:12.492,0.9173,0.91745,7.90,2.40
2009.10.02 11:27:12.672,0.9173,0.91745,8.00,2.40
2009.10.02 11:27:13.362,0.9173,0.91745,7.10,8.40
2009.10.02 11:27:13.722,0.9173,0.91745,7.20,8.40
2009.10.02 11:27:13.892,0.9173,0.91745,7.10,8.40
2009.10.02 11:27:14.302,0.9173,0.91745,7.10,11.60
2009.10.02 11:27:14.512,0.9173,0.91745,7.20,12.10
2009.10.02 11:27:14.742,0.9173,0.91745,8.30,12.10
2009.10.02 11:27:14.922,0.9173,0.91745,7.20,15.30
2009.10.02 11:27:15.622,0.9173,0.91745,4.00,15.30
2009.10.02 11:27:17.011,0.9173,0.91745,3.90,15.30
2009.10.02 11:27:17.191,0.9173,0.91745,3.90,12.10
2009.10.02 11:27:17.541,0.9173,0.91745,3.90,11.60
2009.10.02 11:27:17.891,0.9173,0.91745,4.00,11.60
2009.10.02 11:27:18.981,0.9173,0.91745,4.00,15.30
2009.10.02 11:27:19.491,0.91725,0.91745,7.90,19.40
2009.10.02 11:27:20.130,0.91725,0.9174,12.00,2.40
2009.10.02 11:27:20.461,0.91725,0.9174,9.00,5.60
2009.10.02 11:27:20.690,0.91725,0.9174,8.00,5.60
2009.10.02 11:27:22.060,0.91725,0.9174,7.90,5.60
2009.10.02 11:27:22.410,0.91725,0.9174,8.00,5.60
2009.10.02 11:27:23.960,0.91725,0.9174,7.90,5.60
2009.10.02 11:27:24.119,0.91725,0.9174,8.00,5.60
2009.10.02 11:27:24.390,0.91725,0.9174,7.90,5.60
2009.10.02 11:27:24.679,0.91725,0.9174,8.00,5.60
2009.10.02 11:27:26.039,0.91725,0.9174,11.90,5.60
2009.10.02 11:27:26.799,0.91725,0.9174,11.10,6.40
2009.10.02 11:27:27.079,0.91725,0.9174,12.20,6.40
2009.10.02 11:27:27.499,0.91725,0.9174,7.10,6.40
2009.10.02 11:27:27.729,0.91725,0.9174,7.10,10.40
2009.10.02 11:27:28.088,0.91725,0.9174,7.10,6.40
2009.10.02 11:27:28.368,0.91725,0.9174,7.10,10.40
2009.10.02 11:27:29.218,0.91725,0.9174,7.90,9.60
2009.10.02 11:27:29.508,0.91725,0.9174,11.90,2.40
2009.10.02 11:27:29.808,0.91725,0.9174,7.90,2.40
2009.10.02 11:27:32.237,0.91725,0.9174,7.90,2.40
2009.10.02 11:27:32.518,0.91725,0.9174,7.10,3.20
2009.10.02 11:27:32.698,0.91725,0.9174,7.10,6.40
2009.10.02 11:27:34.127,0.91725,0.9174,7.10,10.40
2009.10.02 11:27:35.067,0.91725,0.91735,3.90,1.00
2009.10.02 11:27:35.357,0.91725,0.91735,7.10,1.00
2009.10.02 11:27:35.597,0.91725,0.9174,7.10,7.30
2009.10.02 11:27:36.457,0.91725,0.9174,7.10,10.50
2009.10.02 11:27:37.386,0.9172,0.91735,7.90,2.40
2009.10.02 11:27:37.676,0.9172,0.91735,13.00,2.40
2009.10.02 11:27:37.976,0.9172,0.91735,7.10,3.20
2009.10.02 11:27:39.316,0.9172,0.91735,7.10,3.20
2009.10.02 11:27:53.342,0.9172,0.91735,7.10,3.20
2009.10.02 11:27:53.462,0.9172,0.91735,7.10,3.20
2009.10.02 11:27:58.791,0.9172,0.91735,4.70,3.20
2009.10.02 11:27:59.141,0.9172,0.91735,4.70,6.90
2009.10.02 11:27:59.941,0.9172,0.91735,4.70,10.10
2009.10.02 11:28:00.171,0.9172,0.9173,1.50,2.40
2009.10.02 11:28:00.681,0.91715,0.9173,7.90,2.40
2009.10.02 11:28:01.021,0.91715,0.9173,4.70,6.40
2009.10.02 11:28:01.361,0.91715,0.9173,1.50,10.10
2009.10.02 11:28:03.800,0.91715,0.9173,1.50,14.10
2009.10.02 11:28:04.610,0.9171,0.9173,13.00,14.10
2009.10.02 11:28:04.890,0.9171,0.91725,4.70,8.00
2009.10.02 11:28:05.250,0.91705,0.9172,11.20,4.80
2009.10.02 11:28:06.879,0.91705,0.91715,7.20,1.60
2009.10.02 11:28:08.899,0.91705,0.9171,3.90,1.60
2009.10.02 11:28:09.179,0.91705,0.9171,2.40,1.60
2009.10.02 11:28:11.278,0.917,0.9171,7.90,1.60
2009.10.02 11:28:11.738,0.917,0.9171,7.10,1.60
2009.10.02 11:28:12.028,0.917,0.91715,7.10,13.20
2009.10.02 11:28:12.708,0.917,0.9171,5.60,8.00
2009.10.02 11:28:12.938,0.917,0.9171,5.50,1.00
2009.10.02 11:28:13.168,0.917,0.9171,11.90,1.60
2009.10.02 11:28:13.338,0.917,0.91715,12.00,4.00
2009.10.02 11:28:14.078,0.917,0.91715,11.90,4.00
2009.10.02 11:28:15.377,0.91705,0.91715,3.90,2.40
2009.10.02 11:28:15.727,0.91705,0.91715,3.90,4.00
2009.10.02 11:28:16.407,0.91705,0.91715,3.90,2.40
2009.10.02 11:28:16.587,0.91705,0.9172,9.10,16.20
2009.10.02 11:28:16.757,0.91705,0.9172,7.90,9.20
2009.10.02 11:28:16.937,0.91705,0.9172,7.10,10.00
2009.10.02 11:28:17.117,0.91705,0.91715,7.10,2.40
2009.10.02 11:28:22.885,0.91705,0.91715,7.90,2.40
2009.10.02 11:28:23.105,0.91705,0.91715,7.10,2.40
2009.10.02 11:28:28.114,0.917,0.91715,7.90,4.00
2009.10.02 11:28:29.934,0.917,0.91715,13.10,4.00
2009.10.02 11:28:30.174,0.917,0.91715,10.30,4.00
2009.10.02 11:28:30.454,0.917,0.91715,7.90,4.00
2009.10.02 11:28:31.583,0.917,0.91715,7.10,8.00
2009.10.02 11:28:31.643,0.917,0.91715,7.10,8.40
2009.10.02 11:28:34.632,0.917,0.91715,7.10,5.20
2009.10.02 11:28:34.913,0.917,0.91715,7.10,4.80
2009.10.02 11:28:36.562,0.917,0.91715,7.10,5.20
2009.10.02 11:28:36.912,0.917,0.9171,3.90,4.00
2009.10.02 11:28:38.122,0.917,0.9171,3.90,1.60
2009.10.02 11:28:39.281,0.917,0.9171,7.10,1.60
2009.10.02 11:28:40.001,0.917,0.91715,7.10,4.80
2009.10.02 11:28:41.061,0.917,0.91715,7.90,4.00
2009.10.02 11:28:41.291,0.917,0.91715,7.10,4.80
2009.10.02 11:28:43.940,0.91705,0.91715,1.50,4.00
2009.10.02 11:28:44.930,0.91695,0.9171,22.80,2.40
2009.10.02 11:28:45.270,0.91695,0.9171,16.30,2.40
2009.10.02 11:28:46.290,0.91695,0.9171,7.90,4.00
2009.10.02 11:28:47.889,0.91695,0.9171,7.10,4.80
2009.10.02 11:28:55.158,0.917,0.91715,1.10,8.00
2009.10.02 11:28:55.378,0.917,0.91715,2.40,6.80
2009.10.02 11:28:55.538,0.91695,0.91715,8.20,11.80
2009.10.02 11:28:56.217,0.91695,0.9171,2.60,4.00
2009.10.02 11:28:56.557,0.91695,0.9171,6.40,3.20
2009.10.02 11:28:56.967,0.91695,0.9171,9.00,2.40
2009.10.02 11:29:00.206,0.91695,0.9171,9.10,2.40
2009.10.02 11:29:00.386,0.91695,0.91715,13.10,15.00
2009.10.02 11:29:00.726,0.917,0.9171,1.50,2.40
2009.10.02 11:29:01.056,0.917,0.91715,3.90,11.80
2009.10.02 11:29:01.506,0.917,0.91715,3.90,11.00
2009.10.02 11:29:01.616,0.917,0.9171,1.50,2.40
2009.10.02 11:29:01.776,0.91695,0.9171,9.00,2.40
2009.10.02 11:29:04.135,0.91695,0.9171,7.90,2.40
2009.10.02 11:29:05.675,0.91695,0.91715,15.50,11.00
2009.10.02 11:29:06.025,0.917,0.91715,1.50,14.20
2009.10.02 11:29:06.385,0.91695,0.91715,7.90,15.00
2009.10.02 11:29:11.374,0.91695,0.91715,12.30,11.80
2009.10.02 11:29:11.554,0.917,0.91715,3.90,11.00
2009.10.02 11:29:11.724,0.917,0.9171,1.50,2.40
2009.10.02 11:29:12.124,0.917,0.91715,2.40,11.00
2009.10.02 11:29:12.413,0.917,0.91715,3.90,11.00
2009.10.02 11:29:12.593,0.917,0.91715,1.50,14.20
2009.10.02 11:29:12.763,0.91695,0.9171,7.90,2.40
2009.10.02 11:29:17.392,0.91695,0.91715,11.10,11.80
2009.10.02 11:29:17.572,0.91695,0.91715,16.60,11.00
2009.10.02 11:29:17.742,0.91695,0.9171,9.00,2.40
2009.10.02 11:29:17.862,0.91695,0.9171,7.90,2.40
2009.10.02 11:29:18.042,0.91695,0.9171,12.30,2.40
2009.10.02 11:29:18.212,0.91695,0.9171,12.70,1.00
2009.10.02 11:29:18.622,0.91695,0.9171,9.40,2.40
2009.10.02 11:29:18.732,0.91695,0.9171,9.00,5.60
2009.10.02 11:29:19.182,0.91695,0.9171,8.20,6.40
2009.10.02 11:29:19.532,0.91695,0.9171,8.20,10.50
2009.10.02 11:29:19.862,0.91695,0.9171,7.10,10.50
2009.10.02 11:29:21.371,0.91695,0.9171,7.90,9.60
2009.10.02 11:29:21.532,0.91695,0.9171,7.90,5.60
2009.10.02 11:29:32.529,0.91695,0.9171,9.00,5.60
2009.10.02 11:29:32.589,0.91695,0.9171,7.90,5.60
2009.10.02 11:29:33.108,0.91695,0.9171,9.00,5.60
2009.10.02 11:29:33.579,0.91695,0.9171,7.90,5.60
2009.10.02 11:29:37.917,0.91695,0.9171,6.40,5.60
2009.10.02 11:29:37.977,0.91695,0.9171,3.20,5.60
2009.10.02 11:29:38.308,0.91695,0.9171,2.40,6.40
2009.10.02 11:29:42.676,0.91695,0.91715,16.40,16.10
2009.10.02 11:29:42.956,0.91695,0.91715,16.30,12.10
2009.10.02 11:29:43.187,0.91695,0.9171,15.90,2.40
2009.10.02 11:29:43.486,0.917,0.91715,3.90,6.90
2009.10.02 11:29:43.876,0.917,0.91715,3.90,6.40
2009.10.02 11:29:44.556,0.917,0.9171,3.90,8.00
2009.10.02 11:29:44.786,0.9169,0.9171,17.20,10.40
2009.10.02 11:29:45.076,0.9169,0.91705,16.80,2.40
2009.10.02 11:29:45.356,0.9169,0.91705,16.80,2.40
2009.10.02 11:29:45.946,0.9169,0.91705,3.20,2.40
2009.10.02 11:29:46.295,0.9169,0.91705,4.70,2.40
2009.10.02 11:29:47.445,0.9169,0.91705,7.90,2.40
2009.10.02 11:29:47.565,0.9169,0.91705,9.50,2.40
2009.10.02 11:29:48.905,0.9169,0.91705,6.30,2.40
2009.10.02 11:29:49.135,0.9169,0.91705,5.50,2.40
2009.10.02 11:29:49.605,0.9169,0.91705,3.90,3.20
2009.10.02 11:29:51.234,0.9169,0.91705,3.90,3.20
2009.10.02 11:29:51.584,0.9169,0.91705,4.70,2.40
2009.10.02 11:29:51.924,0.9169,0.91705,4.70,2.40
2009.10.02 11:29:52.034,0.9169,0.91705,3.90,3.20
2009.10.02 11:29:52.154,0.9169,0.91705,3.90,3.20
2009.10.02 11:29:52.324,0.9169,0.91705,3.90,3.20
2009.10.02 11:29:52.434,0.9169,0.91705,4.70,2.40
2009.10.02 11:29:53.294,0.91695,0.9171,7.90,4.40
2009.10.02 11:29:53.634,0.91695,0.9171,8.70,9.60
2009.10.02 11:29:53.974,0.91695,0.9171,4.70,9.60
2009.10.02 11:29:54.313,0.91695,0.9171,5.50,9.60
2009.10.02 11:29:55.003,0.91695,0.9171,5.60,9.60
2009.10.02 11:29:55.393,0.91695,0.9171,4.80,10.40
2009.10.02 11:29:55.693,0.91695,0.9171,4.00,10.40
2009.10.02 11:30:00.412,0.91695,0.9171,4.00,10.50
2009.10.02 11:30:00.652,0.91695,0.9171,4.00,13.70
2009.10.02 11:30:00.892,0.91695,0.9171,4.80,12.90
2009.10.02 11:30:01.122,0.91695,0.9171,4.80,9.70
2009.10.02 11:30:03.151,0.91695,0.91705,2.40,2.40
2009.10.02 11:30:03.261,0.91695,0.91705,1.60,2.40
2009.10.02 11:30:03.371,0.91695,0.91705,1.50,2.40
2009.10.02 11:30:03.481,0.9169,0.91705,13.60,2.40
2009.10.02 11:30:04.041,0.9169,0.91705,12.80,2.40
2009.10.02 11:30:04.442,0.9169,0.91705,16.00,2.40
2009.10.02 11:30:05.121,0.9169,0.91705,16.80,2.40
2009.10.02 11:30:05.471,0.9169,0.91705,16.00,2.40
2009.10.02 11:30:05.871,0.9169,0.91705,16.80,2.40
2009.10.02 11:30:06.211,0.9169,0.91705,12.80,2.40
2009.10.02 11:30:06.551,0.9169,0.91705,13.20,2.40
2009.10.02 11:30:06.910,0.9169,0.91705,12.40,2.40
2009.10.02 11:30:07.260,0.9169,0.91705,6.40,6.40
2009.10.02 11:30:07.601,0.9169,0.91705,2.40,6.40
2009.10.02 11:30:07.840,0.9169,0.91705,3.90,6.40
2009.10.02 11:30:08.020,0.9169,0.91705,3.90,9.60
2009.10.02 11:30:08.250,0.9169,0.91705,3.90,10.10
2009.10.02 11:30:08.480,0.9169,0.91705,3.90,6.90
2009.10.02 11:30:08.660,0.9169,0.91705,4.00,10.10
2009.10.02 11:30:09.020,0.9169,0.91705,3.90,10.10
2009.10.02 11:30:09.360,0.91685,0.917,9.20,2.40
2009.10.02 11:30:09.720,0.91685,0.917,13.20,2.40
2009.10.02 11:30:10.070,0.91685,0.917,12.40,2.40
2009.10.02 11:30:11.949,0.91685,0.917,16.40,2.40
2009.10.02 11:30:12.119,0.91685,0.91705,16.40,8.50
2009.10.02 11:30:12.299,0.9169,0.91705,3.90,6.40
2009.10.02 11:30:12.589,0.9169,0.91705,3.90,3.20
2009.10.02 11:30:12.769,0.9169,0.91705,3.90,3.70
2009.10.02 11:30:13.169,0.9169,0.91705,7.90,2.40
2009.10.02 11:30:13.509,0.9169,0.91705,8.00,2.40
2009.10.02 11:30:13.849,0.9169,0.91705,3.90,13.20
2009.10.02 11:30:14.139,0.91685,0.91705,16.40,13.60
2009.10.02 11:30:14.869,0.9169,0.91705,1.00,9.60
2009.10.02 11:30:18.407,0.91695,0.9171,7.10,16.90
2009.10.02 11:30:19.147,0.91695,0.9171,7.20,16.90
2009.10.02 11:30:19.827,0.91695,0.91705,7.20,1.00
2009.10.02 11:30:20.117,0.91695,0.91705,1.50,2.40
2009.10.02 11:30:21.207,0.9169,0.91705,8.80,2.40
2009.10.02 11:30:21.567,0.9169,0.91705,11.20,2.40
2009.10.02 11:30:21.897,0.9169,0.91705,15.20,2.40
2009.10.02 11:30:22.247,0.9169,0.9171,16.00,16.90
2009.10.02 11:30:22.527,0.91695,0.9171,4.00,8.50
2009.10.02 11:30:22.697,0.9169,0.91705,16.80,2.40
2009.10.02 11:30:22.987,0.9169,0.91705,16.00,2.40
2009.10.02 11:30:23.166,0.9169,0.91705,15.20,2.40
2009.10.02 11:30:23.836,0.9169,0.91705,16.80,2.40
2009.10.02 11:30:24.126,0.91695,0.9171,8.00,4.40
2009.10.02 11:30:24.356,0.91695,0.9171,16.40,4.00
2009.10.02 11:30:24.707,0.91705,0.91715,2.40,3.20
2009.10.02 11:30:25.096,0.91705,0.91715,6.40,2.40
2009.10.02 11:30:25.456,0.91705,0.91715,2.40,2.40
2009.10.02 11:30:26.156,0.91705,0.9172,2.40,11.60
2009.10.02 11:30:26.506,0.91705,0.9172,4.00,6.40
2009.10.02 11:30:26.796,0.9171,0.9172,2.40,5.60
2009.10.02 11:30:27.955,0.9171,0.9172,2.40,3.20
2009.10.02 11:30:29.385,0.9171,0.91725,7.20,5.60
2009.10.02 11:30:29.885,0.9171,0.91725,3.90,11.60
2009.10.02 11:30:30.275,0.9171,0.91725,4.80,10.80
2009.10.02 11:30:30.615,0.9171,0.91725,12.00,5.60
2009.10.02 11:30:31.664,0.91715,0.91725,2.40,3.20
2009.10.02 11:30:31.894,0.91715,0.9173,2.40,6.90
2009.10.02 11:30:32.304,0.91715,0.9173,2.40,15.30
2009.10.02 11:30:32.544,0.91715,0.91725,2.40,2.40
2009.10.02 11:30:32.764,0.91715,0.91725,2.40,1.00
2009.10.02 11:30:33.114,0.91715,0.91725,2.40,2.40
2009.10.02 11:30:33.414,0.91715,0.91725,2.40,1.00
2009.10.02 11:30:40.172,0.91715,0.91725,2.40,2.40
2009.10.02 11:30:40.462,0.91715,0.91725,2.40,1.00
2009.10.02 11:30:44.261,0.9171,0.91725,11.90,2.40
2009.10.02 11:30:44.951,0.9171,0.91725,15.10,2.40
2009.10.02 11:30:45.221,0.9171,0.91725,15.10,2.40
2009.10.02 11:30:45.451,0.9171,0.91725,11.90,2.40
2009.10.02 11:30:45.721,0.9171,0.91725,15.20,1.00
2009.10.02 11:30:49.850,0.9171,0.91725,15.20,5.20
2009.10.02 11:30:50.200,0.9171,0.91725,7.20,8.40
2009.10.02 11:30:55.269,0.9171,0.91725,7.20,15.30
2009.10.02 11:30:55.889,0.9171,0.91725,4.00,15.30
2009.10.02 11:30:58.468,0.9171,0.91725,1.50,15.30
2009.10.02 11:30:58.588,0.91705,0.9172,7.10,3.20
2009.10.02 11:30:58.648,0.91705,0.9172,7.10,11.60
2009.10.02 11:30:58.758,0.91705,0.9172,7.10,19.30
2009.10.02 11:30:58.868,0.91705,0.9172,7.20,19.30
2009.10.02 11:30:58.988,0.91705,0.9172,7.20,16.10
2009.10.02 11:30:59.048,0.91705,0.9172,7.20,16.10
2009.10.02 11:30:59.268,0.91705,0.9172,7.20,15.60
2009.10.02 11:30:59.628,0.91705,0.9172,7.20,11.60
2009.10.02 11:31:05.186,0.91705,0.9172,7.20,16.10
2009.10.02 11:31:05.767,0.91705,0.9172,7.20,12.10
2009.10.02 11:31:05.986,0.91705,0.9172,7.20,15.30
2009.10.02 11:31:06.216,0.91705,0.9172,7.10,19.30
2009.10.02 11:31:06.906,0.91705,0.9172,7.20,12.10
2009.10.02 11:31:07.396,0.91705,0.9172,7.20,6.40
2009.10.02 11:31:07.636,0.91705,0.9172,12.00,3.20
2009.10.02 11:31:07.876,0.9171,0.9172,2.40,1.00
2009.10.02 11:31:08.296,0.9171,0.9172,2.40,1.00
2009.10.02 11:31:08.406,0.91705,0.9172,7.10,7.20
2009.10.02 11:31:08.635,0.91705,0.91715,3.90,2.40
2009.10.02 11:31:08.745,0.917,0.91715,11.90,2.40
2009.10.02 11:31:09.495,0.917,0.91715,9.00,2.40
2009.10.02 11:31:09.835,0.917,0.91715,5.00,6.90
2009.10.02 11:31:10.115,0.917,0.9171,3.90,1.60
2009.10.02 11:31:11.205,0.917,0.9171,3.90,2.40
2009.10.02 11:31:13.756,0.917,0.91715,4.70,2.40
2009.10.02 11:31:13.924,0.917,0.91715,7.90,2.40
2009.10.02 11:31:15.274,0.917,0.91715,11.90,2.40
2009.10.02 11:31:15.744,0.917,0.91715,11.10,6.90
2009.10.02 11:31:15.904,0.917,0.91715,7.10,10.10
2009.10.02 11:31:16.194,0.917,0.91715,7.10,6.90
2009.10.02 11:31:16.584,0.917,0.91715,11.20,3.20
2009.10.02 11:31:17.863,0.917,0.91715,11.10,3.20
2009.10.02 11:31:18.493,0.917,0.91715,11.20,3.20
2009.10.02 11:31:19.753,0.917,0.91715,12.00,2.40
2009.10.02 11:31:20.033,0.917,0.91715,12.00,2.40
2009.10.02 11:31:21.492,0.917,0.91715,11.90,2.40
2009.10.02 11:31:24.802,0.917,0.91715,15.90,2.40
2009.10.02 11:31:28.321,0.917,0.91715,15.90,2.40
2009.10.02 11:31:28.501,0.91705,0.91715,11.10,2.40
2009.10.02 11:31:28.601,0.91705,0.9172,11.10,2.40
2009.10.02 11:31:28.661,0.91705,0.9172,11.10,2.40
2009.10.02 11:31:28.831,0.91705,0.9172,7.90,2.40
2009.10.02 11:31:30.930,0.91705,0.9172,7.10,7.20
2009.10.02 11:31:32.090,0.91705,0.9172,7.10,7.20
2009.10.02 11:31:32.910,0.91705,0.9172,7.10,7.40
2009.10.02 11:31:33.020,0.91705,0.9172,7.10,7.30
2009.10.02 11:31:38.568,0.91705,0.9172,7.10,10.50
2009.10.02 11:31:39.368,0.91705,0.9172,7.10,7.30
2009.10.02 11:31:44.797,0.91705,0.9172,7.10,10.50
2009.10.02 11:31:46.466,0.91705,0.9172,7.90,9.70
2009.10.02 11:31:46.746,0.91705,0.9172,7.90,9.60
2009.10.02 11:31:50.685,0.91705,0.9172,7.10,10.40
2009.10.02 11:31:51.385,0.91705,0.9172,7.10,10.90
2009.10.02 11:31:56.694,0.91705,0.9172,7.10,14.20
2009.10.02 11:31:57.034,0.91705,0.9172,3.90,14.20
2009.10.02 11:31:57.384,0.91705,0.9172,3.90,11.00
2009.10.02 11:31:57.564,0.91705,0.9172,3.90,10.90
2009.10.02 11:31:57.904,0.91705,0.9172,7.10,6.90
2009.10.02 11:31:58.084,0.91705,0.9172,3.90,10.10
2009.10.02 11:31:58.324,0.917,0.9172,22.10,6.40
2009.10.02 11:31:58.553,0.917,0.9172,24.50,10.40
2009.10.02 11:31:58.774,0.9171,0.9172,2.40,6.40
2009.10.02 11:32:00.053,0.9171,0.9172,2.40,3.20
2009.10.02 11:32:00.573,0.9171,0.9172,2.40,6.40
2009.10.02 11:32:04.222,0.9171,0.9172,2.40,4.00
2009.10.02 11:32:04.572,0.9171,0.9172,2.40,3.20
2009.10.02 11:32:04.932,0.9171,0.9172,3.50,1.00
2009.10.02 11:32:05.912,0.9171,0.9172,2.40,1.00
2009.10.02 11:32:07.352,0.9171,0.9172,3.50,1.00
2009.10.02 11:32:09.521,0.9171,0.91725,3.50,10.50
2009.10.02 11:32:09.811,0.9171,0.91725,3.50,14.20
2009.10.02 11:32:10.451,0.91705,0.91715,1.00,4.00
2009.10.02 11:32:10.691,0.91705,0.9172,7.90,1.00
2009.10.02 11:32:10.930,0.91705,0.9172,9.00,1.00
2009.10.02 11:32:15.209,0.91705,0.91725,12.20,10.90
2009.10.02 11:32:15.379,0.91705,0.91725,16.20,6.90
2009.10.02 11:32:15.550,0.9171,0.91725,3.90,4.50
2009.10.02 11:32:15.719,0.9171,0.91725,5.00,4.00
2009.10.02 11:32:18.439,0.9171,0.91725,5.80,3.20
2009.10.02 11:32:18.499,0.9171,0.91725,5.80,3.20
2009.10.02 11:32:19.428,0.9171,0.91725,5.00,4.00
2009.10.02 11:32:21.048,0.9171,0.91725,4.20,4.00
2009.10.02 11:32:21.968,0.9171,0.91725,1.60,10.10
2009.10.02 11:32:22.138,0.9171,0.9172,2.40,1.00
2009.10.02 11:32:22.308,0.91705,0.9172,7.10,6.40
2009.10.02 11:32:22.478,0.91705,0.9172,8.20,10.40
2009.10.02 11:32:22.648,0.91705,0.9172,7.10,10.40
2009.10.02 11:32:22.827,0.9171,0.9172,2.40,6.40
2009.10.02 11:32:23.877,0.9171,0.9172,2.40,10.90
2009.10.02 11:32:24.057,0.9171,0.9172,2.40,6.90
2009.10.02 11:32:27.687,0.9171,0.9172,2.40,3.20
2009.10.02 11:32:28.446,0.9171,0.9172,7.60,3.20
2009.10.02 11:32:28.506,0.9171,0.9172,8.80,3.20
2009.10.02 11:32:28.566,0.9171,0.91725,8.80,5.40
2009.10.02 11:32:28.626,0.9171,0.91725,12.80,1.30
2009.10.02 11:32:28.746,0.91715,0.91725,2.40,1.00
2009.10.02 11:32:28.926,0.91715,0.91725,2.40,1.00
2009.10.02 11:32:29.156,0.91715,0.91725,2.40,3.20
2009.10.02 11:32:30.886,0.91715,0.91725,2.40,1.00
2009.10.02 11:32:31.226,0.9172,0.9173,2.40,4.00
2009.10.02 11:32:32.255,0.9172,0.9173,2.40,3.20
2009.10.02 11:32:32.785,0.9172,0.9173,2.40,4.00
2009.10.02 11:32:34.695,0.9172,0.9173,2.40,3.20
2009.10.02 11:32:35.095,0.9172,0.9173,2.40,4.00
2009.10.02 11:32:37.144,0.91715,0.9173,3.40,6.90
2009.10.02 11:32:37.314,0.91715,0.9173,2.40,6.90
2009.10.02 11:32:37.494,0.91715,0.9173,2.40,10.90
2009.10.02 11:32:37.834,0.91715,0.9173,2.40,16.10
2009.10.02 11:32:37.884,0.91715,0.9173,2.40,19.30
2009.10.02 11:32:38.064,0.91715,0.9173,2.40,14.10
2009.10.02 11:32:38.294,0.91715,0.9173,2.40,10.90
2009.10.02 11:32:38.354,0.91715,0.9173,2.40,14.10
2009.10.02 11:32:38.464,0.91715,0.9173,2.40,18.10
2009.10.02 11:32:38.524,0.91715,0.9173,2.40,18.10
2009.10.02 11:32:38.884,0.9171,0.91725,9.00,7.20
2009.10.02 11:32:40.243,0.9171,0.91725,9.00,3.20
2009.10.02 11:32:40.533,0.9171,0.91725,17.40,3.20
2009.10.02 11:32:40.883,0.9171,0.9173,33.40,3.20
2009.10.02 11:32:41.213,0.91715,0.9173,9.90,1.00
2009.10.02 11:32:44.142,0.9172,0.91735,2.40,6.50
2009.10.02 11:32:46.712,0.9172,0.91735,2.40,6.60
2009.10.02 11:32:47.002,0.9172,0.91735,2.40,7.50
2009.10.02 11:32:47.222,0.9172,0.91735,2.40,6.90
2009.10.02 11:32:54.820,0.9172,0.9173,2.40,3.20
2009.10.02 11:32:55.610,0.9172,0.9173,2.40,1.00
2009.10.02 11:33:05.477,0.9172,0.9173,2.40,2.40
2009.10.02 11:33:05.597,0.9172,0.9173,2.40,4.00
2009.10.02 11:33:05.767,0.9172,0.9173,2.40,1.60
2009.10.02 11:33:05.937,0.9172,0.9173,2.40,1.00
2009.10.02 11:33:26.322,0.9172,0.9173,2.40,4.00
2009.10.02 11:33:26.622,0.9172,0.9173,2.40,1.00
2009.10.02 11:33:30.131,0.9172,0.9173,2.40,1.60
2009.10.02 11:33:30.861,0.9172,0.9173,2.40,1.60
2009.10.02 11:33:31.271,0.9172,0.9173,2.40,2.40
2009.10.02 11:33:34.820,0.9172,0.9173,3.90,2.40
2009.10.02 11:33:44.238,0.9172,0.9173,3.90,6.40
2009.10.02 11:33:44.588,0.9172,0.9173,2.40,17.40
2009.10.02 11:33:44.988,0.9171,0.91715,6.30,2.40
2009.10.02 11:33:45.338,0.91705,0.9172,11.90,2.40
2009.10.02 11:33:45.568,0.91705,0.9172,16.20,2.40
2009.10.02 11:33:45.858,0.91705,0.9172,20.20,2.40
2009.10.02 11:33:46.358,0.9171,0.9172,7.90,2.40
2009.10.02 11:33:47.067,0.9171,0.9172,3.90,2.40
2009.10.02 11:33:47.767,0.9171,0.9172,7.90,2.40
2009.10.02 11:33:50.347,0.9171,0.9172,11.90,2.40
2009.10.02 11:33:50.677,0.9171,0.91725,11.90,2.40
2009.10.02 11:33:50.906,0.9171,0.91725,7.10,3.20
2009.10.02 11:33:51.136,0.9171,0.91725,7.10,6.40
2009.10.02 11:33:51.776,0.9171,0.91725,7.90,9.60
2009.10.02 11:33:52.066,0.9171,0.91725,4.70,9.60
2009.10.02 11:33:52.946,0.9171,0.9172,3.90,2.40
2009.10.02 11:33:53.626,0.9171,0.9172,4.70,2.40
2009.10.02 11:33:54.756,0.9171,0.91725,8.70,9.60
2009.10.02 11:33:54.986,0.9171,0.91725,15.10,2.40
2009.10.02 11:33:55.205,0.9171,0.91725,11.10,2.40
2009.10.02 11:33:55.486,0.91715,0.91725,2.40,1.00
2009.10.02 11:33:55.716,0.91715,0.9173,2.40,10.90
2009.10.02 11:33:56.285,0.9171,0.9173,15.10,16.10
2009.10.02 11:33:56.635,0.9171,0.9173,15.90,6.40
2009.10.02 11:34:00.234,0.91715,0.91725,4.00,2.40
2009.10.02 11:34:00.454,0.91715,0.91725,3.20,2.40
2009.10.02 11:34:00.634,0.9171,0.91725,15.90,2.40
2009.10.02 11:34:00.814,0.9171,0.91725,11.90,2.40
2009.10.02 11:34:01.284,0.9171,0.91725,15.90,2.40
2009.10.02 11:34:02.674,0.91715,0.91725,2.40,2.40
2009.10.02 11:34:02.844,0.91715,0.91725,7.90,2.40
2009.10.02 11:34:04.583,0.91715,0.9173,11.10,5.60
2009.10.02 11:34:05.423,0.91715,0.91725,7.10,2.40
2009.10.02 11:34:06.343,0.91715,0.91725,7.90,2.40
2009.10.02 11:34:10.112,0.91715,0.91725,7.10,2.40
2009.10.02 11:34:10.352,0.91715,0.91725,5.60,2.40
2009.10.02 11:34:10.472,0.91715,0.91725,2.40,2.40
2009.10.02 11:34:10.582,0.91715,0.91725,2.40,2.40
2009.10.02 11:34:12.321,0.9171,0.91725,7.90,2.40
2009.10.02 11:34:12.791,0.9171,0.91725,9.00,2.40
2009.10.02 11:34:16.130,0.9171,0.91725,9.00,5.60
2009.10.02 11:34:16.360,0.9171,0.91725,8.20,6.40
2009.10.02 11:34:16.650,0.9171,0.91725,5.00,6.40
2009.10.02 11:34:16.890,0.9171,0.91725,3.90,6.40
2009.10.02 11:34:24.688,0.9171,0.9172,4.70,2.40
2009.10.02 11:34:24.868,0.9171,0.91725,4.70,5.60
2009.10.02 11:34:26.488,0.9171,0.91725,7.90,9.60
2009.10.02 11:34:26.838,0.9171,0.91725,3.90,10.40
2009.10.02 11:34:27.568,0.9171,0.91725,5.10,10.40
2009.10.02 11:34:28.497,0.9171,0.9172,3.90,7.20
2009.10.02 11:34:28.957,0.917,0.91715,1.20,13.60
2009.10.02 11:34:29.078,0.91695,0.9171,14.00,2.40
2009.10.02 11:34:29.197,0.91695,0.9171,13.20,2.40
2009.10.02 11:34:29.547,0.91695,0.9171,17.20,2.40
2009.10.02 11:34:32.406,0.91695,0.9171,16.40,2.40
2009.10.02 11:34:32.586,0.91705,0.9171,1.20,2.40
2009.10.02 11:34:32.747,0.91705,0.91715,2.70,2.40
2009.10.02 11:34:33.026,0.91705,0.91715,5.10,2.40
2009.10.02 11:34:33.366,0.91705,0.91715,8.30,2.40
2009.10.02 11:34:34.356,0.91705,0.9172,8.30,7.20
2009.10.02 11:34:34.636,0.91705,0.9172,9.50,7.20
2009.10.02 11:34:34.866,0.91705,0.9172,13.50,3.20
2009.10.02 11:34:35.166,0.91705,0.9172,9.10,2.40
2009.10.02 11:34:35.506,0.91705,0.9172,10.20,2.40
2009.10.02 11:34:36.195,0.91705,0.9172,10.20,2.40
2009.10.02 11:34:37.896,0.91705,0.91725,13.40,11.00
2009.10.02 11:34:38.065,0.91705,0.91725,17.40,10.90
2009.10.02 11:34:38.405,0.9171,0.91725,5.90,6.10
2009.10.02 11:34:38.635,0.9171,0.91725,5.90,5.60
2009.10.02 11:34:39.625,0.9171,0.91725,9.10,2.40
2009.10.02 11:34:40.365,0.9171,0.91715,4.70,2.40
2009.10.02 11:34:40.595,0.91705,0.91715,9.20,2.40
2009.10.02 11:34:40.764,0.91705,0.91725,16.20,10.40
2009.10.02 11:34:40.994,0.91705,0.91725,13.40,9.60
2009.10.02 11:34:41.224,0.9171,0.91725,8.30,10.40
2009.10.02 11:34:41.794,0.9171,0.91725,12.30,5.60
2009.10.02 11:34:42.154,0.9171,0.9173,17.40,6.40
2009.10.02 11:34:42.504,0.91715,0.9173,3.60,10.10
2009.10.02 11:34:43.984,0.91715,0.9173,3.60,6.90
2009.10.02 11:34:44.154,0.9172,0.9173,2.40,6.90
2009.10.02 11:34:44.214,0.9172,0.9173,2.40,6.40
2009.10.02 11:34:45.184,0.9172,0.9173,2.40,5.60
2009.10.02 11:34:54.711,0.9172,0.9173,2.40,1.00
2009.10.02 11:34:55.061,0.9172,0.91735,3.60,6.40
2009.10.02 11:34:55.291,0.9172,0.9173,3.60,1.00
2009.10.02 11:34:55.521,0.9172,0.9173,2.40,1.00
2009.10.02 11:35:04.229,0.91715,0.9173,3.60,6.40
2009.10.02 11:35:04.519,0.91715,0.9173,2.40,16.10
2009.10.02 11:35:04.809,0.91715,0.9173,3.60,10.80
2009.10.02 11:35:07.428,0.91715,0.9173,3.60,10.80
2009.10.02 11:35:08.188,0.91715,0.9173,3.60,23.20
2009.10.02 11:35:08.418,0.91715,0.91725,3.60,6.40
2009.10.02 11:35:08.648,0.91715,0.91725,1.20,6.40
2009.10.02 11:35:08.938,0.91715,0.91725,1.20,5.60
2009.10.02 11:35:12.387,0.91715,0.91725,3.60,5.60
2009.10.02 11:35:12.847,0.91715,0.91725,1.20,10.40
2009.10.02 11:35:13.017,0.91715,0.91725,1.20,10.90
2009.10.02 11:35:13.137,0.91715,0.91725,1.20,10.10
2009.10.02 11:35:13.197,0.91715,0.91725,3.60,10.10
2009.10.02 11:35:13.297,0.91715,0.91725,1.20,5.60
2009.10.02 11:35:14.057,0.91715,0.91725,1.20,6.40
2009.10.02 11:35:16.906,0.91715,0.91725,1.20,6.90
2009.10.02 11:35:17.246,0.91715,0.91725,1.20,6.40
2009.10.02 11:35:18.145,0.91715,0.91725,1.20,5.60
2009.10.02 11:35:21.765,0.91715,0.91725,1.20,6.40
2009.10.02 11:35:24.284,0.91715,0.9172,1.20,2.40
2009.10.02 11:35:24.404,0.91715,0.91725,1.20,14.10
2009.10.02 11:35:25.344,0.91715,0.91725,1.20,6.40
2009.10.02 11:35:25.634,0.91715,0.91725,1.20,6.60
2009.10.02 11:35:34.072,0.91715,0.91725,1.20,10.60
2009.10.02 11:35:34.132,0.91715,0.91725,1.20,6.60
2009.10.02 11:35:34.421,0.91715,0.91725,1.20,5.80
2009.10.02 11:35:36.191,0.91715,0.91725,1.20,5.70
2009.10.02 11:35:36.411,0.91715,0.91725,3.60,1.00
2009.10.02 11:35:36.701,0.91715,0.91725,4.70,1.00
2009.10.02 11:35:37.841,0.91715,0.91725,1.50,4.00
2009.10.02 11:35:37.951,0.9171,0.91725,14.70,8.00
2009.10.02 11:35:38.011,0.9171,0.91725,12.30,8.00
2009.10.02 11:35:39.280,0.9171,0.91725,12.30,4.00
2009.10.02 11:35:39.740,0.9171,0.91725,12.30,8.00
2009.10.02 11:35:40.200,0.9171,0.91725,12.30,8.10
2009.10.02 11:35:46.029,0.91715,0.91725,3.90,8.00
2009.10.02 11:35:46.319,0.91715,0.91725,1.50,4.00
2009.10.02 11:35:46.609,0.9171,0.91725,13.10,8.00
2009.10.02 11:35:46.849,0.9171,0.91725,13.10,4.00
2009.10.02 11:35:48.418,0.91715,0.91725,3.90,4.00
2009.10.02 11:35:56.636,0.91715,0.91725,3.90,8.00
2009.10.02 11:35:56.917,0.91715,0.91725,2.40,8.50
2009.10.02 11:35:57.206,0.91715,0.91725,2.40,8.00
2009.10.02 11:35:59.095,0.91715,0.91725,2.40,4.00
2009.10.02 11:35:59.745,0.91715,0.91725,2.40,8.00
2009.10.02 11:35:59.965,0.91715,0.91725,2.40,8.80
2009.10.02 11:36:00.145,0.91715,0.91725,2.40,8.90
2009.10.02 11:36:06.494,0.9171,0.91725,7.90,8.90
2009.10.02 11:36:08.513,0.9171,0.91725,11.10,8.90
2009.10.02 11:36:08.623,0.9171,0.91725,16.30,7.30
2009.10.02 11:36:08.683,0.9171,0.91725,18.10,4.90
2009.10.02 11:36:08.803,0.9171,0.91725,18.10,1.00
2009.10.02 11:36:09.083,0.9171,0.91725,15.30,1.00
2009.10.02 11:36:09.653,0.9171,0.91725,12.90,2.50
2009.10.02 11:36:09.773,0.91715,0.91725,2.40,1.00
2009.10.02 11:36:10.583,0.9172,0.91725,2.40,1.00
2009.10.02 11:36:15.821,0.91715,0.91725,2.40,1.00
2009.10.02 11:36:16.352,0.91715,0.91725,2.40,1.00
2009.10.02 11:36:19.711,0.91715,0.91725,2.40,2.50
2009.10.02 11:36:20.110,0.91715,0.91725,2.40,3.30
2009.10.02 11:36:20.290,0.9171,0.91725,2.40,14.10
2009.10.02 11:36:20.580,0.9171,0.9172,2.40,4.00
2009.10.02 11:36:21.950,0.9171,0.9172,2.40,4.20
2009.10.02 11:36:22.180,0.9171,0.9172,2.40,4.10
2009.10.02 11:36:31.648,0.91705,0.9172,7.90,8.90
2009.10.02 11:36:32.168,0.9171,0.9172,2.40,3.30
2009.10.02 11:36:33.028,0.9171,0.9172,2.40,3.20
2009.10.02 11:36:44.715,0.91705,0.91715,3.20,4.00
2009.10.02 11:36:45.005,0.9171,0.91715,1.00,4.00
2009.10.02 11:36:45.354,0.9171,0.9172,2.40,1.00
2009.10.02 11:36:45.744,0.9171,0.91725,2.40,7.20
2009.10.02 11:36:46.084,0.9171,0.91725,3.90,7.20
2009.10.02 11:36:50.063,0.9171,0.9172,1.60,5.60
2009.10.02 11:36:50.753,0.9171,0.9172,2.40,5.60
2009.10.02 11:36:52.753,0.9171,0.9172,2.40,2.40
2009.10.02 11:36:53.623,0.9171,0.9172,2.40,2.40
2009.10.02 11:37:01.471,0.917,0.9172,9.30,3.80
2009.10.02 11:37:07.879,0.917,0.9172,10.80,2.40
2009.10.02 11:37:07.989,0.917,0.9172,14.00,2.40
2009.10.02 11:37:10.568,0.91705,0.9172,7.10,3.20
2009.10.02 11:37:10.798,0.91705,0.9172,7.10,6.40
2009.10.02 11:37:11.388,0.9171,0.9172,2.40,2.40
2009.10.02 11:37:13.328,0.9171,0.9172,2.40,2.40
2009.10.02 11:37:15.817,0.9171,0.91725,18.70,6.50
2009.10.02 11:37:16.097,0.9172,0.91725,1.20,5.70
2009.10.02 11:37:16.387,0.9172,0.91725,1.20,2.50
2009.10.02 11:37:16.717,0.91715,0.91725,2.80,2.50
2009.10.02 11:37:17.007,0.91715,0.91725,1.20,2.40
2009.10.02 11:37:17.287,0.91715,0.9173,14.70,4.00
2009.10.02 11:37:17.517,0.91715,0.9173,5.30,19.40
2009.10.02 11:37:17.857,0.91715,0.91725,5.10,2.80
2009.10.02 11:37:18.087,0.91715,0.9173,5.70,8.10
2009.10.02 11:37:18.316,0.91715,0.9173,9.10,7.00
2009.10.02 11:37:18.547,0.91715,0.9173,9.10,6.90
2009.10.02 11:37:18.776,0.91715,0.9173,5.10,6.90
2009.10.02 11:37:19.647,0.9172,0.9173,2.40,5.60
2009.10.02 11:37:19.876,0.9172,0.9173,2.40,6.40
2009.10.02 11:37:23.165,0.9172,0.91725,2.40,2.40
2009.10.02 11:37:23.285,0.9171,0.91725,10.70,8.80
2009.10.02 11:37:23.455,0.9172,0.91725,2.40,5.60
2009.10.02 11:37:23.575,0.9172,0.9173,2.40,6.90
2009.10.02 11:37:23.745,0.9172,0.9173,2.40,6.40
2009.10.02 11:37:24.275,0.91715,0.9173,8.30,6.90
2009.10.02 11:37:25.755,0.91715,0.9173,8.30,6.40
2009.10.02 11:37:34.003,0.91715,0.9173,9.10,2.40
2009.10.02 11:37:38.822,0.9172,0.91735,2.40,10.10
2009.10.02 11:37:38.992,0.9172,0.91735,3.90,6.40
2009.10.02 11:37:39.161,0.9172,0.91735,5.10,6.40
2009.10.02 11:37:40.361,0.9172,0.91735,9.10,5.60
2009.10.02 11:37:42.751,0.9172,0.91735,5.10,6.40
2009.10.02 11:37:42.861,0.9172,0.91735,5.10,6.40
2009.10.02 11:37:44.720,0.9172,0.91735,9.10,2.40
2009.10.02 11:37:44.890,0.9172,0.9174,17.00,16.90
2009.10.02 11:37:45.280,0.91725,0.9174,7.90,10.40
2009.10.02 11:37:45.510,0.91725,0.9174,11.20,2.40
2009.10.02 11:37:45.740,0.9173,0.91745,5.10,7.20
2009.10.02 11:37:46.030,0.9173,0.91745,5.10,6.90
2009.10.02 11:37:46.380,0.9173,0.91745,3.60,7.20
2009.10.02 11:37:46.720,0.9173,0.91745,3.60,7.70
2009.10.02 11:37:47.760,0.9173,0.91745,2.40,10.90
2009.10.02 11:37:48.109,0.91725,0.91745,9.10,19.40
2009.10.02 11:37:49.789,0.91725,0.91745,16.30,6.90
2009.10.02 11:37:50.069,0.91725,0.91745,13.10,15.30
2009.10.02 11:37:50.299,0.9173,0.91745,1.50,12.10
2009.10.02 11:37:50.639,0.91735,0.91745,2.40,3.20
2009.10.02 11:37:50.989,0.91735,0.91745,2.40,1.00
2009.10.02 11:37:55.018,0.91735,0.9175,7.10,8.40
2009.10.02 11:37:55.308,0.91735,0.91745,7.10,1.60
2009.10.02 11:37:55.668,0.9173,0.91745,12.30,4.00
2009.10.02 11:37:55.958,0.9173,0.91745,13.20,4.00
2009.10.02 11:37:56.348,0.91735,0.91745,3.90,4.00
2009.10.02 11:37:56.668,0.9173,0.91745,9.10,4.40
2009.10.02 11:37:57.387,0.9173,0.91745,9.10,4.50
2009.10.02 11:37:57.737,0.9173,0.91745,8.30,5.30
2009.10.02 11:37:58.087,0.9173,0.91745,8.30,5.40
2009.10.02 11:37:58.317,0.9173,0.91745,8.30,8.60
2009.10.02 11:37:58.827,0.9173,0.91745,8.30,5.40
2009.10.02 11:37:59.067,0.9173,0.91745,7.10,5.40
2009.10.02 11:38:02.516,0.9173,0.91745,7.10,4.90
2009.10.02 11:38:03.206,0.9173,0.91745,7.10,4.80
2009.10.02 11:38:04.965,0.9173,0.91745,7.10,8.90
2009.10.02 11:38:05.655,0.9173,0.91745,7.10,12.10
2009.10.02 11:38:11.364,0.9173,0.91745,3.90,12.50
2009.10.02 11:38:12.714,0.9173,0.91745,8.70,7.70
2009.10.02 11:38:12.833,0.91735,0.91745,2.40,4.80
2009.10.02 11:38:12.954,0.91735,0.9175,2.40,8.50
2009.10.02 11:38:13.174,0.91735,0.9175,2.40,11.70
2009.10.02 11:38:13.284,0.91735,0.9175,3.60,11.70
2009.10.02 11:38:13.393,0.9174,0.9175,2.40,11.70
2009.10.02 11:38:13.453,0.91735,0.9175,2.40,11.70
2009.10.02 11:38:13.693,0.9173,0.9175,19.80,11.70
2009.10.02 11:38:14.163,0.9173,0.9174,14.20,2.40
2009.10.02 11:38:14.503,0.9173,0.91745,7.10,6.40
2009.10.02 11:38:14.843,0.9173,0.9174,3.90,2.40
2009.10.02 11:38:16.563,0.9173,0.9174,2.40,2.40
2009.10.02 11:38:18.722,0.9173,0.9174,2.40,1.00
2009.10.02 11:38:18.832,0.9173,0.91745,2.40,6.40
2009.10.02 11:38:18.892,0.9173,0.91745,2.40,6.40
2009.10.02 11:38:19.752,0.91735,0.91745,2.40,3.20
2009.10.02 11:38:19.922,0.91735,0.91745,2.40,4.00
2009.10.02 11:38:20.142,0.9173,0.91745,4.00,6.40
2009.10.02 11:38:21.382,0.9173,0.91745,4.00,6.90
2009.10.02 11:38:22.171,0.9173,0.91745,4.80,6.10
2009.10.02 11:38:22.571,0.91735,0.91745,2.40,3.20
2009.10.02 11:38:22.971,0.91735,0.91745,2.40,1.00
2009.10.02 11:38:23.631,0.9173,0.91745,3.90,14.50
2009.10.02 11:38:24.791,0.9173,0.91745,3.90,17.80
2009.10.02 11:38:25.021,0.9173,0.91745,3.90,17.70
2009.10.02 11:38:26.190,0.9173,0.91745,3.90,21.00
2009.10.02 11:38:26.490,0.9173,0.91745,2.40,21.00
2009.10.02 11:38:26.830,0.9173,0.91745,2.40,17.70
2009.10.02 11:38:27.180,0.9173,0.91745,3.90,17.70
2009.10.02 11:38:32.169,0.9173,0.91745,3.90,20.90
2009.10.02 11:38:32.469,0.9173,0.91745,3.90,21.00
2009.10.02 11:38:33.049,0.9173,0.91745,3.90,17.80
2009.10.02 11:38:33.339,0.9173,0.91745,3.90,17.70
2009.10.02 11:38:35.208,0.9173,0.91745,3.90,21.00
2009.10.02 11:38:40.547,0.9173,0.91745,3.90,17.80
2009.10.02 11:38:40.767,0.9173,0.91745,3.90,17.70
2009.10.02 11:38:40.997,0.9173,0.91745,1.50,20.90
2009.10.02 11:38:41.217,0.91725,0.91745,7.90,21.60
2009.10.02 11:38:44.416,0.91725,0.9174,11.10,2.40
2009.10.02 11:38:44.536,0.91725,0.9174,11.90,2.40
2009.10.02 11:38:44.946,0.91725,0.9174,12.00,2.40
2009.10.02 11:38:50.225,0.91725,0.9174,17.20,2.40
2009.10.02 11:38:50.344,0.9173,0.91745,3.20,10.40
2009.10.02 11:38:50.524,0.9173,0.91745,3.90,6.40
2009.10.02 11:38:56.673,0.91725,0.91745,8.00,21.00
2009.10.02 11:38:59.982,0.9173,0.9174,2.40,2.40
2009.10.02 11:39:18.068,0.9173,0.91745,3.90,10.40
2009.10.02 11:39:18.228,0.9173,0.91745,4.70,5.60
2009.10.02 11:39:18.458,0.9173,0.91745,7.90,6.10
2009.10.02 11:39:19.158,0.9173,0.91745,7.90,2.40
2009.10.02 11:39:23.076,0.9173,0.91745,7.90,4.00
2009.10.02 11:39:23.137,0.9173,0.91745,7.90,8.00
2009.10.02 11:39:23.606,0.9173,0.91745,4.70,11.70
2009.10.02 11:39:23.656,0.9173,0.9174,3.90,2.40
2009.10.02 11:39:23.826,0.9173,0.9174,3.90,4.00
2009.10.02 11:39:23.926,0.9173,0.9174,1.50,4.00
2009.10.02 11:39:23.987,0.91725,0.9174,9.20,4.00
2009.10.02 11:39:30.065,0.9172,0.91735,14.70,2.40
2009.10.02 11:39:30.395,0.91725,0.91735,7.90,2.40
2009.10.02 11:39:34.234,0.91725,0.9174,9.20,4.00
2009.10.02 11:39:34.864,0.91725,0.9174,12.40,4.00
2009.10.02 11:39:36.473,0.9173,0.91745,4.70,12.00
2009.10.02 11:39:36.713,0.9173,0.9174,3.90,2.40
2009.10.02 11:39:38.153,0.9173,0.9174,3.90,9.20
2009.10.02 11:39:38.323,0.91725,0.9174,1.00,14.40
2009.10.02 11:39:38.503,0.9172,0.9174,13.20,16.90
2009.10.02 11:39:38.673,0.9172,0.9174,10.00,20.10
2009.10.02 11:39:38.843,0.9172,0.9174,9.20,20.10
2009.10.02 11:39:40.393,0.9172,0.9174,12.40,17.00
2009.10.02 11:39:40.622,0.9172,0.91735,13.20,4.00
2009.10.02 11:39:41.412,0.91725,0.91735,1.00,4.00
2009.10.02 11:39:42.032,0.9172,0.91735,13.20,4.00
2009.10.02 11:39:42.322,0.91725,0.91735,1.00,4.00
2009.10.02 11:39:42.682,0.91725,0.91735,1.00,2.40
2009.10.02 11:39:43.022,0.91725,0.91735,1.00,4.00
2009.10.02 11:39:43.372,0.91725,0.91735,4.00,4.00
2009.10.02 11:39:43.712,0.91725,0.9174,11.10,2.40
2009.10.02 11:39:44.361,0.91725,0.9174,21.10,2.40
2009.10.02 11:39:44.541,0.91725,0.91745,21.50,2.40
2009.10.02 11:39:45.471,0.91725,0.91745,22.30,2.40
2009.10.02 11:39:47.611,0.9173,0.91745,11.90,2.40
2009.10.02 11:39:47.900,0.91735,0.91745,3.90,2.40
2009.10.02 11:39:48.840,0.91735,0.91745,7.10,2.40
2009.10.02 11:39:52.610,0.91735,0.91745,7.10,3.20
2009.10.02 11:39:52.960,0.9173,0.9174,2.40,3.20
2009.10.02 11:39:54.629,0.9173,0.9174,2.40,1.00
2009.10.02 11:39:55.299,0.9173,0.9174,3.20,3.20
2009.10.02 11:39:55.649,0.9173,0.91745,3.20,5.60
2009.10.02 11:39:57.789,0.9173,0.91745,2.40,14.00
2009.10.02 11:39:57.908,0.9173,0.9174,2.40,3.20
2009.10.02 11:39:58.189,0.9173,0.91745,2.40,7.00
2009.10.02 11:39:58.358,0.9173,0.91745,2.40,6.40
2009.10.02 11:39:58.688,0.9173,0.91745,3.90,6.40
2009.10.02 11:40:00.468,0.9173,0.91745,7.90,5.60
2009.10.02 11:40:01.028,0.9173,0.91745,3.90,6.40
2009.10.02 11:40:01.378,0.9173,0.91745,5.10,6.40
2009.10.02 11:40:01.717,0.9173,0.91745,2.40,10.20
2009.10.02 11:40:02.687,0.9173,0.9174,3.90,2.40
2009.10.02 11:40:05.096,0.9173,0.9174,2.40,2.40
2009.10.02 11:40:05.726,0.9173,0.9174,2.40,2.40
2009.10.02 11:40:06.346,0.91725,0.9174,1.50,10.50
2009.10.02 11:40:06.566,0.9172,0.91735,12.30,4.00
2009.10.02 11:40:11.755,0.9172,0.91735,8.30,4.80
2009.10.02 11:40:11.925,0.9172,0.91735,2.40,14.20
2009.10.02 11:40:12.095,0.91715,0.91735,8.00,21.40
2009.10.02 11:40:12.845,0.91715,0.9173,11.20,2.40
2009.10.02 11:40:14.954,0.91715,0.9173,8.00,2.40
2009.10.02 11:40:15.244,0.91715,0.9173,11.20,2.40
2009.10.02 11:40:16.874,0.9172,0.9173,7.10,2.40
2009.10.02 11:40:17.214,0.91715,0.9173,8.00,2.40
2009.10.02 11:40:17.764,0.91715,0.9173,11.20,2.40
2009.10.02 11:40:18.053,0.9172,0.9173,7.10,2.40
2009.10.02 11:40:19.883,0.9172,0.9173,4.70,2.40
2009.10.02 11:40:20.103,0.91715,0.9173,7.20,3.20
2009.10.02 11:40:20.283,0.91715,0.9173,1.60,15.80
2009.10.02 11:40:20.463,0.91715,0.9173,1.50,19.80
2009.10.02 11:40:23.052,0.91715,0.91725,1.50,4.00
2009.10.02 11:40:23.172,0.9171,0.9172,4.80,2.40
2009.10.02 11:40:23.282,0.91705,0.9172,15.90,2.40
2009.10.02 11:40:23.342,0.91705,0.9172,15.20,2.40
2009.10.02 11:40:23.462,0.91705,0.9172,13.00,2.40
2009.10.02 11:40:23.582,0.91705,0.9172,12.20,2.50
2009.10.02 11:40:23.693,0.91705,0.9172,9.00,2.50
2009.10.02 11:40:23.752,0.91705,0.9172,5.00,10.50
2009.10.02 11:40:24.092,0.91705,0.9172,2.30,9.70
2009.10.02 11:40:24.503,0.91705,0.9172,12.20,2.40
2009.10.02 11:40:25.522,0.9171,0.9172,1.50,2.40
2009.10.02 11:40:26.952,0.9171,0.91725,3.90,6.40
2009.10.02 11:40:27.301,0.9171,0.91725,3.90,6.90
2009.10.02 11:40:27.771,0.9171,0.91725,3.90,6.40
2009.10.02 11:40:27.941,0.9171,0.91725,3.90,6.90
2009.10.02 11:40:28.481,0.9171,0.91725,3.90,6.40
2009.10.02 11:40:28.641,0.9171,0.91725,3.90,6.90
2009.10.02 11:40:29.691,0.9171,0.91725,7.10,6.90
2009.10.02 11:40:29.911,0.9171,0.91725,7.10,6.40
2009.10.02 11:40:30.640,0.9171,0.9172,4.70,2.40
2009.10.02 11:40:30.921,0.9171,0.9172,1.50,2.40
2009.10.02 11:40:32.670,0.9171,0.91725,3.90,10.90
2009.10.02 11:40:32.850,0.9171,0.91725,4.70,10.10
2009.10.02 11:40:33.010,0.91715,0.91725,2.40,10.10
2009.10.02 11:40:33.190,0.9171,0.9172,1.50,2.40
2009.10.02 11:40:34.000,0.91705,0.9172,12.30,2.40
2009.10.02 11:40:34.290,0.9171,0.91725,2.40,10.40
2009.10.02 11:40:34.579,0.9171,0.91715,2.40,3.20
2009.10.02 11:40:34.879,0.91705,0.91715,2.40,3.20
2009.10.02 11:40:35.179,0.91705,0.91715,2.40,5.60
2009.10.02 11:40:36.259,0.917,0.91715,11.20,8.00
2009.10.02 11:40:36.479,0.917,0.91715,8.80,8.00
2009.10.02 11:40:36.709,0.917,0.9171,5.60,1.00
2009.10.02 11:40:37.119,0.917,0.9171,4.80,3.20
2009.10.02 11:40:37.349,0.917,0.9171,2.40,3.20
2009.10.02 11:40:37.689,0.917,0.91705,2.40,3.20
2009.10.02 11:40:38.039,0.917,0.9171,2.40,5.60
2009.10.02 11:40:38.429,0.91695,0.9171,3.20,10.00
2009.10.02 11:40:38.479,0.917,0.91705,2.40,3.20
2009.10.02 11:40:38.598,0.9169,0.91705,10.70,5.60
2009.10.02 11:40:38.718,0.917,0.9171,2.40,10.20
2009.10.02 11:40:38.779,0.917,0.9171,2.40,6.20
2009.10.02 11:40:38.899,0.91695,0.9171,6.40,7.00
2009.10.02 11:40:39.069,0.9169,0.9171,22.70,7.00
2009.10.02 11:40:39.188,0.91695,0.9171,3.20,6.10
2009.10.02 11:40:39.308,0.91695,0.91705,3.20,1.00
2009.10.02 11:40:39.658,0.917,0.9171,2.40,6.10
2009.10.02 11:40:40.878,0.91695,0.9171,2.40,6.90
2009.10.02 11:40:41.228,0.91695,0.91705,2.40,1.00
2009.10.02 11:40:41.918,0.917,0.9171,2.40,3.70
2009.10.02 11:40:42.248,0.917,0.9171,2.40,3.20
2009.10.02 11:40:42.608,0.91695,0.9171,3.20,5.70
2009.10.02 11:40:42.727,0.91695,0.9171,2.40,9.70
2009.10.02 11:40:43.077,0.91695,0.9171,3.20,6.10
2009.10.02 11:40:43.197,0.917,0.9171,2.40,3.70
2009.10.02 11:40:43.307,0.917,0.9171,2.40,3.20
2009.10.02 11:40:44.047,0.917,0.9171,2.40,4.00
2009.10.02 11:40:46.117,0.91695,0.9171,14.40,5.70
2009.10.02 11:40:46.337,0.917,0.9171,2.40,3.20
2009.10.02 11:40:49.676,0.917,0.9171,3.20,3.20
2009.10.02 11:40:51.305,0.917,0.9171,3.20,1.00
2009.10.02 11:40:52.335,0.91705,0.91715,2.40,5.60
2009.10.02 11:40:53.035,0.917,0.91715,14.80,5.60
2009.10.02 11:40:53.675,0.917,0.91715,16.30,5.60
2009.10.02 11:40:54.895,0.917,0.91715,14.80,5.60
2009.10.02 11:40:55.125,0.917,0.91715,14.00,5.60
2009.10.02 11:40:55.304,0.917,0.91715,9.60,5.60
2009.10.02 11:40:55.484,0.917,0.91715,3.20,5.60
2009.10.02 11:40:55.654,0.917,0.91715,3.20,8.10
2009.10.02 11:40:56.684,0.917,0.91715,3.20,8.50
2009.10.02 11:40:57.914,0.91705,0.91715,2.40,5.60
2009.10.02 11:40:59.913,0.917,0.91715,6.40,5.60
2009.10.02 11:41:00.143,0.917,0.91715,3.20,5.60
2009.10.02 11:41:03.963,0.91695,0.9171,14.00,5.60
2009.10.02 11:41:04.343,0.91695,0.9171,23.10,3.20
2009.10.02 11:41:04.582,0.91695,0.9171,13.10,6.40
2009.10.02 11:41:04.912,0.91705,0.91715,2.40,15.30
2009.10.02 11:41:05.192,0.917,0.91715,4.80,6.40
2009.10.02 11:41:05.542,0.917,0.91715,8.00,5.60
2009.10.02 11:41:05.882,0.917,0.91715,2.40,6.40
2009.10.02 11:41:06.282,0.917,0.91715,2.40,6.40
2009.10.02 11:41:06.562,0.917,0.91715,2.40,8.80
2009.10.02 11:41:07.122,0.91695,0.9171,13.60,5.70
2009.10.02 11:41:09.951,0.91695,0.9171,16.80,5.70
2009.10.02 11:41:10.071,0.917,0.9171,2.40,3.30
2009.10.02 11:41:10.131,0.917,0.9171,2.40,3.20
2009.10.02 11:41:10.651,0.917,0.9171,3.20,3.20
2009.10.02 11:41:13.640,0.917,0.9171,3.20,1.00
2009.10.02 11:41:13.810,0.917,0.91715,3.20,8.10
2009.10.02 11:41:13.930,0.917,0.91715,3.20,5.70
2009.10.02 11:41:19.379,0.91705,0.91715,2.40,3.30
2009.10.02 11:41:19.439,0.91705,0.91715,2.40,3.20
2009.10.02 11:41:21.068,0.91705,0.91715,2.40,5.60
2009.10.02 11:41:21.278,0.917,0.91715,2.40,6.50
2009.10.02 11:41:21.458,0.917,0.91715,2.40,8.80
2009.10.02 11:41:23.538,0.91695,0.91705,17.90,1.00
2009.10.02 11:41:23.718,0.91695,0.91705,8.40,1.00
2009.10.02 11:41:24.897,0.917,0.9171,6.40,1.00
2009.10.02 11:41:25.227,0.91705,0.91715,2.40,5.60
2009.10.02 11:41:27.067,0.91705,0.91715,2.40,3.20
2009.10.02 11:41:27.717,0.91705,0.91715,2.40,5.60
2009.10.02 11:41:28.356,0.917,0.91715,4.70,5.70
2009.10.02 11:41:28.696,0.917,0.91715,2.40,6.50
2009.10.02 11:41:29.276,0.917,0.91715,2.40,14.50
2009.10.02 11:41:29.566,0.917,0.91715,2.40,18.50
2009.10.02 11:41:31.026,0.91695,0.9171,11.10,5.60
2009.10.02 11:41:31.366,0.91705,0.9171,3.60,3.20
2009.10.02 11:41:31.656,0.91705,0.91715,2.40,12.40
2009.10.02 11:41:31.946,0.917,0.9171,1.60,2.90
2009.10.02 11:41:32.236,0.91695,0.9171,9.00,2.40
2009.10.02 11:41:32.516,0.9169,0.9171,18.40,4.00
2009.10.02 11:41:32.756,0.9169,0.9171,11.20,11.20
2009.10.02 11:41:32.925,0.9169,0.9171,10.40,11.70
2009.10.02 11:41:33.755,0.91695,0.91705,6.00,5.60
2009.10.02 11:41:33.925,0.91695,0.91705,9.60,3.20
2009.10.02 11:41:34.095,0.91695,0.91705,9.60,1.00
2009.10.02 11:41:37.074,0.91695,0.91705,4.40,1.00
2009.10.02 11:41:37.944,0.917,0.9171,2.40,3.20
2009.10.02 11:41:40.783,0.91695,0.9171,7.60,7.00
2009.10.02 11:41:41.063,0.91695,0.9171,9.60,5.70
2009.10.02 11:41:41.343,0.91695,0.9171,3.60,6.40
2009.10.02 11:41:41.633,0.91695,0.9171,9.60,5.60
2009.10.02 11:41:42.773,0.91695,0.9171,9.60,5.70
2009.10.02 11:41:43.173,0.91695,0.91705,8.80,1.00
2009.10.02 11:41:43.513,0.91695,0.91705,4.40,1.00
2009.10.02 11:41:44.203,0.91695,0.91705,9.60,1.00
2009.10.02 11:41:44.323,0.91695,0.91705,8.80,1.00
2009.10.02 11:41:44.442,0.9169,0.91705,23.10,2.40
2009.10.02 11:41:44.603,0.9169,0.91705,18.70,2.40
2009.10.02 11:41:44.723,0.9169,0.91705,17.90,2.40
2009.10.02 11:41:44.842,0.9169,0.91705,15.10,2.40
2009.10.02 11:41:44.952,0.9169,0.91705,15.40,2.40
2009.10.02 11:41:45.123,0.9169,0.91705,11.90,2.40
2009.10.02 11:41:46.322,0.9169,0.91705,4.60,6.50
2009.10.02 11:41:46.712,0.9169,0.91705,11.80,2.40
2009.10.02 11:41:47.172,0.91695,0.91705,2.40,1.00
2009.10.02 11:41:47.882,0.9169,0.917,7.40,2.40
2009.10.02 11:41:48.162,0.9169,0.917,2.40,2.40
2009.10.02 11:41:48.762,0.9169,0.917,2.40,5.60
2009.10.02 11:41:49.101,0.91695,0.91705,2.40,2.40
2009.10.02 11:41:49.441,0.91695,0.91705,2.40,1.00
2009.10.02 11:41:52.560,0.917,0.91705,2.40,1.00
2009.10.02 11:41:52.891,0.9169,0.91705,12.00,2.40
2009.10.02 11:41:53.181,0.9169,0.91705,21.60,2.40
2009.10.02 11:41:53.460,0.917,0.9171,2.40,5.60
2009.10.02 11:41:58.709,0.917,0.9171,2.40,6.40
2009.10.02 11:41:58.769,0.91695,0.9171,3.60,6.40
2009.10.02 11:41:58.949,0.91695,0.91705,4.40,2.40
2009.10.02 11:41:59.009,0.91695,0.91705,8.40,1.00
2009.10.02 11:41:59.129,0.91695,0.9171,11.60,5.60
2009.10.02 11:42:02.968,0.91695,0.9171,12.30,6.40
2009.10.02 11:42:03.128,0.91695,0.9171,8.30,6.40
2009.10.02 11:42:03.798,0.91695,0.91705,12.30,2.40
2009.10.02 11:42:03.968,0.91695,0.9171,12.40,2.40
2009.10.02 11:42:04.358,0.91695,0.9171,21.60,1.00
2009.10.02 11:42:04.538,0.917,0.9171,2.40,2.40
2009.10.02 11:42:04.718,0.917,0.9171,2.40,2.40
2009.10.02 11:42:05.068,0.917,0.91715,2.40,7.70
2009.10.02 11:42:05.418,0.917,0.91715,2.40,7.20
2009.10.02 11:42:06.337,0.917,0.91715,3.20,6.40
2009.10.02 11:42:06.567,0.917,0.91715,6.80,6.40
2009.10.02 11:42:06.788,0.917,0.91715,6.40,7.20
2009.10.02 11:42:07.127,0.917,0.91715,2.40,10.40
2009.10.02 11:42:07.517,0.917,0.91715,2.40,6.90
2009.10.02 11:42:07.837,0.917,0.91715,2.40,10.90
2009.10.02 11:42:08.657,0.917,0.91715,2.40,6.90
2009.10.02 11:42:08.877,0.917,0.91715,2.40,10.90
2009.10.02 11:42:09.287,0.917,0.91715,2.40,6.90
2009.10.02 11:42:09.447,0.917,0.91715,2.40,10.90
2009.10.02 11:42:09.677,0.917,0.91715,2.40,6.90
2009.10.02 11:42:10.287,0.917,0.91715,3.90,6.90
2009.10.02 11:42:10.577,0.917,0.91715,7.10,3.70
2009.10.02 11:42:10.856,0.917,0.91715,7.90,2.90
2009.10.02 11:42:11.186,0.917,0.91715,16.40,1.00
2009.10.02 11:42:11.476,0.917,0.91715,18.00,1.00
2009.10.02 11:42:12.006,0.917,0.9172,18.80,6.90
2009.10.02 11:42:12.356,0.91705,0.9172,4.00,6.90
2009.10.02 11:42:13.286,0.91705,0.9172,3.90,10.90
2009.10.02 11:42:13.516,0.91705,0.9172,3.90,6.90
2009.10.02 11:42:14.256,0.91705,0.9172,3.90,11.60
2009.10.02 11:42:14.665,0.91705,0.9172,4.00,11.60
2009.10.02 11:42:16.375,0.91705,0.9172,2.40,11.60
2009.10.02 11:42:16.955,0.91705,0.9172,2.40,14.80
2009.10.02 11:42:17.125,0.91705,0.9172,2.40,19.30
2009.10.02 11:42:17.525,0.91705,0.91715,2.40,1.00
2009.10.02 11:42:25.023,0.91705,0.91715,2.40,1.00
2009.10.02 11:42:28.102,0.91705,0.91715,1.00,2.40
2009.10.02 11:42:28.552,0.917,0.91715,7.20,5.70
2009.10.02 11:42:28.672,0.917,0.91715,2.40,10.90
2009.10.02 11:42:28.832,0.917,0.9171,2.40,1.00
2009.10.02 11:42:29.002,0.917,0.91715,2.40,6.40
2009.10.02 11:42:33.781,0.917,0.91715,2.40,6.90
2009.10.02 11:42:35.590,0.917,0.9171,2.40,1.00
2009.10.02 11:42:35.761,0.91695,0.91705,1.50,4.00
2009.10.02 11:42:36.001,0.91695,0.9171,11.60,2.40
2009.10.02 11:42:36.290,0.917,0.9171,1.00,1.00
2009.10.02 11:42:36.530,0.91695,0.9171,8.20,5.60
2009.10.02 11:42:36.810,0.91695,0.9171,7.40,5.60
2009.10.02 11:42:37.290,0.91695,0.9171,9.00,5.60
2009.10.02 11:42:39.050,0.91695,0.91705,1.10,5.60
2009.10.02 11:42:39.279,0.9169,0.91705,11.20,5.60
2009.10.02 11:42:39.449,0.9169,0.91705,8.80,5.60
2009.10.02 11:42:39.669,0.9169,0.91705,8.00,5.60
2009.10.02 11:42:39.939,0.9169,0.91705,12.70,2.40
2009.10.02 11:42:40.049,0.91695,0.9171,3.20,9.60
2009.10.02 11:42:40.559,0.91695,0.9171,4.30,9.60
2009.10.02 11:42:40.889,0.9169,0.9171,13.00,10.80
2009.10.02 11:42:42.269,0.9169,0.917,2.40,1.00
2009.10.02 11:42:42.489,0.9169,0.917,3.20,1.00
2009.10.02 11:42:42.769,0.9169,0.91705,12.70,5.60
2009.10.02 11:42:42.999,0.9169,0.91705,15.10,5.60
2009.10.02 11:42:43.849,0.917,0.9171,2.40,4.00
2009.10.02 11:42:44.239,0.91695,0.9171,1.10,10.40
2009.10.02 11:42:44.578,0.91695,0.9171,1.00,9.60
2009.10.02 11:42:44.918,0.91695,0.9171,3.20,5.70
2009.10.02 11:42:45.778,0.91695,0.9171,3.20,5.60
2009.10.02 11:42:46.458,0.9169,0.9171,7.90,14.40
2009.10.02 11:42:46.748,0.9169,0.91705,9.60,5.60
2009.10.02 11:42:47.087,0.9169,0.91705,7.60,5.60
2009.10.02 11:42:47.448,0.9169,0.917,3.50,3.20
2009.10.02 11:42:47.797,0.9169,0.917,2.40,3.20
2009.10.02 11:42:49.057,0.9169,0.917,2.40,1.00
2009.10.02 11:42:50.487,0.9169,0.91705,14.20,5.60
2009.10.02 11:42:50.827,0.9169,0.9171,19.80,10.90
2009.10.02 11:42:51.167,0.91695,0.9171,3.20,9.60
2009.10.02 11:42:51.567,0.91695,0.9171,9.00,5.60
2009.10.02 11:42:51.927,0.91695,0.91705,5.80,2.40
2009.10.02 11:42:52.257,0.91695,0.91705,4.70,2.40
2009.10.02 11:42:52.647,0.91695,0.91705,1.50,2.40
2009.10.02 11:42:52.996,0.9169,0.91705,12.00,2.40
2009.10.02 11:42:53.156,0.9169,0.91705,11.90,2.40
2009.10.02 11:42:53.326,0.9169,0.91705,12.20,2.40
2009.10.02 11:42:53.496,0.9169,0.91705,11.10,2.40
2009.10.02 11:42:53.666,0.9169,0.91705,12.20,2.50
2009.10.02 11:42:53.846,0.9169,0.91705,11.10,2.40
2009.10.02 11:42:54.366,0.9169,0.91705,3.90,6.50
2009.10.02 11:42:55.006,0.9169,0.91705,13.10,5.60
2009.10.02 11:42:55.296,0.9169,0.91705,16.60,5.60
2009.10.02 11:42:56.465,0.9169,0.91705,20.60,5.60
2009.10.02 11:42:57.715,0.9169,0.91705,17.40,5.60
2009.10.02 11:42:58.005,0.9169,0.91705,16.60,5.70
2009.10.02 11:42:58.345,0.9169,0.91705,7.90,8.50
2009.10.02 11:42:58.525,0.9169,0.917,3.90,2.40
2009.10.02 11:43:00.724,0.9169,0.917,1.50,2.40
2009.10.02 11:43:01.064,0.91685,0.917,8.30,2.40
2009.10.02 11:43:01.354,0.91685,0.917,8.30,2.80
2009.10.02 11:43:02.034,0.91685,0.917,8.40,2.80
2009.10.02 11:43:03.354,0.91685,0.917,8.30,4.40
2009.10.02 11:43:04.523,0.91685,0.91695,11.50,2.40
2009.10.02 11:43:04.583,0.91685,0.917,17.50,2.40
2009.10.02 11:43:04.643,0.91685,0.917,21.50,2.40
2009.10.02 11:43:04.694,0.91685,0.917,16.30,2.40
2009.10.02 11:43:04.753,0.9169,0.917,2.40,2.40
2009.10.02 11:43:05.043,0.9169,0.917,3.90,2.40
2009.10.02 11:43:05.163,0.9169,0.917,7.90,2.40
2009.10.02 11:43:05.443,0.9169,0.91705,16.20,5.60
2009.10.02 11:43:05.743,0.9169,0.91705,13.00,5.60
2009.10.02 11:43:06.033,0.9169,0.91705,9.00,5.70
2009.10.02 11:43:06.393,0.9169,0.91695,5.20,2.40
2009.10.02 11:43:06.633,0.9169,0.917,17.40,1.00
2009.10.02 11:43:06.863,0.9169,0.91705,17.40,5.70
2009.10.02 11:43:07.093,0.9169,0.91705,10.30,6.50
2009.10.02 11:43:07.333,0.9169,0.917,5.80,2.40
2009.10.02 11:43:07.693,0.9169,0.917,6.60,2.40
2009.10.02 11:43:08.052,0.9169,0.917,1.50,2.40
2009.10.02 11:43:08.913,0.91685,0.91695,4.70,2.40
2009.10.02 11:43:09.213,0.91685,0.917,12.30,5.60
2009.10.02 11:43:09.452,0.9169,0.917,2.40,5.60
2009.10.02 11:43:10.482,0.9169,0.91705,4.70,5.60
2009.10.02 11:43:10.782,0.9169,0.91705,12.80,2.40
2009.10.02 11:43:11.342,0.9169,0.91705,11.90,2.40
2009.10.02 11:43:11.692,0.917,0.9171,2.40,6.40
2009.10.02 11:43:13.721,0.917,0.9171,2.40,9.60
2009.10.02 11:43:13.831,0.917,0.9171,2.40,10.10
2009.10.02 11:43:14.061,0.9169,0.9171,15.40,10.10
2009.10.02 11:43:14.301,0.9169,0.91705,13.00,2.40
2009.10.02 11:43:14.531,0.9169,0.91705,13.00,2.40
2009.10.02 11:43:15.751,0.9169,0.91705,12.20,3.20
2009.10.02 11:43:15.981,0.9169,0.917,11.10,2.40
2009.10.02 11:43:17.320,0.9169,0.917,2.40,2.40
2009.10.02 11:43:18.230,0.9169,0.917,3.60,2.40
2009.10.02 11:43:19.570,0.9169,0.917,3.60,2.70
2009.10.02 11:43:20.080,0.9169,0.91695,4.40,1.00
2009.10.02 11:43:20.200,0.91685,0.91695,13.20,1.00
2009.10.02 11:43:20.490,0.91685,0.91705,17.90,2.40
2009.10.02 11:43:20.770,0.91695,0.91705,1.20,6.40
2009.10.02 11:43:21.060,0.91685,0.917,14.40,2.40
2009.10.02 11:43:21.289,0.91685,0.917,9.60,2.40
2009.10.02 11:43:22.339,0.91685,0.91695,8.70,2.40
2009.10.02 11:43:24.029,0.91685,0.917,8.70,6.40
2009.10.02 11:43:24.209,0.91685,0.917,8.80,6.40
2009.10.02 11:43:24.378,0.91685,0.917,8.70,6.40
2009.10.02 11:43:24.549,0.91685,0.917,8.80,6.40
2009.10.02 11:43:25.168,0.91685,0.917,8.80,5.60
2009.10.02 11:43:26.268,0.91685,0.917,8.80,3.20
2009.10.02 11:43:27.608,0.91685,0.917,9.60,2.40
2009.10.02 11:43:28.008,0.91685,0.917,9.60,2.40
2009.10.02 11:43:28.348,0.91685,0.917,9.60,2.40
2009.10.02 11:43:34.846,0.91685,0.917,8.80,6.40
2009.10.02 11:43:36.476,0.91685,0.917,8.80,3.20
2009.10.02 11:43:37.095,0.91685,0.917,5.60,6.40
2009.10.02 11:43:37.315,0.91685,0.917,5.50,6.40
2009.10.02 11:43:37.706,0.91685,0.91695,1.40,9.70
2009.10.02 11:43:38.046,0.91685,0.91695,1.00,7.00
2009.10.02 11:43:38.395,0.91685,0.91695,1.00,3.30
2009.10.02 11:43:38.685,0.91685,0.91695,1.00,3.20
2009.10.02 11:43:38.955,0.91685,0.91695,1.00,2.40
2009.10.02 11:43:39.825,0.91685,0.91695,1.00,6.40
2009.10.02 11:43:40.165,0.91685,0.91695,1.00,5.60
2009.10.02 11:43:40.795,0.91685,0.91695,1.00,6.50
2009.10.02 11:43:41.085,0.91685,0.91695,1.00,6.40
2009.10.02 11:43:42.324,0.91685,0.91695,1.00,5.60
2009.10.02 11:43:42.675,0.91685,0.91695,2.50,1.00
2009.10.02 11:43:43.204,0.91685,0.91695,1.00,2.40
2009.10.02 11:43:43.434,0.91685,0.91695,1.60,2.40
2009.10.02 11:43:44.364,0.91685,0.917,4.00,7.00
2009.10.02 11:43:44.654,0.91685,0.917,11.30,6.90
2009.10.02 11:43:44.884,0.91685,0.917,11.30,3.60
2009.10.02 11:43:45.064,0.91685,0.917,8.60,3.60
2009.10.02 11:43:45.294,0.91685,0.917,12.60,3.60
2009.10.02 11:43:46.753,0.9169,0.917,1.50,2.80
2009.10.02 11:43:47.053,0.9169,0.917,1.50,3.60
2009.10.02 11:43:47.393,0.9169,0.917,1.50,2.80
2009.10.02 11:43:56.821,0.9169,0.917,1.50,2.40
2009.10.02 11:43:57.451,0.9169,0.91705,4.70,4.80
2009.10.02 11:43:57.671,0.9169,0.91705,7.20,5.20
2009.10.02 11:43:58.011,0.9169,0.917,11.90,2.40
2009.10.02 11:43:58.360,0.91695,0.917,1.50,2.40
2009.10.02 11:43:58.750,0.91695,0.9171,15.10,2.40
2009.10.02 11:43:59.100,0.91695,0.91715,15.90,6.40
2009.10.02 11:43:59.440,0.91695,0.91715,20.30,5.60
2009.10.02 11:44:00.230,0.917,0.9171,7.90,2.40
2009.10.02 11:44:00.700,0.917,0.9171,3.90,2.40
2009.10.02 11:44:00.980,0.917,0.91715,4.70,5.60
2009.10.02 11:44:01.390,0.917,0.9171,4.00,6.40
2009.10.02 11:44:01.720,0.91695,0.9171,2.40,6.40
2009.10.02 11:44:02.070,0.91695,0.9171,3.20,5.60
2009.10.02 11:44:02.780,0.91695,0.9171,4.30,5.60
2009.10.02 11:44:06.678,0.91695,0.9171,1.10,6.40
2009.10.02 11:44:07.309,0.91695,0.9171,4.30,5.60
2009.10.02 11:44:13.007,0.91695,0.91705,1.10,2.40
2009.10.02 11:44:13.347,0.91695,0.9171,3.50,12.10
2009.10.02 11:44:13.457,0.91695,0.9171,2.40,6.90
2009.10.02 11:44:13.517,0.91695,0.91705,2.40,2.40
2009.10.02 11:44:13.567,0.91695,0.91705,2.40,2.40
2009.10.02 11:44:14.837,0.91695,0.91705,2.40,3.20
2009.10.02 11:44:15.056,0.9169,0.91705,8.20,3.20
2009.10.02 11:44:15.496,0.9169,0.917,2.60,2.40
2009.10.02 11:44:15.716,0.9169,0.91705,7.10,6.40
2009.10.02 11:44:16.006,0.9169,0.91705,8.20,6.40
2009.10.02 11:44:18.976,0.9169,0.91705,9.00,5.60
2009.10.02 11:44:19.095,0.91695,0.91705,2.40,5.60
2009.10.02 11:44:19.385,0.91695,0.91705,2.40,6.40
2009.10.02 11:44:19.445,0.9169,0.91705,12.30,6.40
2009.10.02 11:44:19.566,0.9169,0.91705,12.20,6.40
2009.10.02 11:44:19.865,0.9169,0.91705,8.20,6.40
2009.10.02 11:44:22.475,0.9169,0.91705,2.60,6.90
2009.10.02 11:44:22.944,0.9169,0.917,1.50,2.40
2009.10.02 11:44:25.054,0.9169,0.91705,13.00,5.60
2009.10.02 11:44:25.294,0.9169,0.91705,16.20,5.60
2009.10.02 11:44:25.474,0.9169,0.91705,12.20,5.60
2009.10.02 11:44:25.714,0.9169,0.91705,16.20,2.40
2009.10.02 11:44:25.944,0.9169,0.91705,21.40,2.40
2009.10.02 11:44:26.104,0.9169,0.91705,23.80,2.40
2009.10.02 11:44:26.334,0.91695,0.91705,2.30,2.40
2009.10.02 11:44:26.564,0.91695,0.9171,4.70,5.60
2009.10.02 11:44:26.844,0.9169,0.91705,23.50,2.40
2009.10.02 11:44:27.084,0.9169,0.9171,24.20,5.60
2009.10.02 11:44:27.383,0.9169,0.91705,24.20,2.40
2009.10.02 11:44:27.743,0.9169,0.9171,23.90,9.60
2009.10.02 11:44:28.043,0.9169,0.9171,24.20,5.60
2009.10.02 11:44:28.403,0.9169,0.9171,23.90,9.60
2009.10.02 11:44:28.643,0.9169,0.9171,23.90,6.40
2009.10.02 11:44:28.823,0.91695,0.9171,4.30,5.60
2009.10.02 11:44:29.053,0.91695,0.9171,3.20,5.60
2009.10.02 11:44:29.463,0.91695,0.9171,1.10,6.40
2009.10.02 11:44:29.843,0.91695,0.9171,3.20,9.60
2009.10.02 11:44:30.073,0.91695,0.9171,2.40,6.40
2009.10.02 11:44:30.303,0.91695,0.91705,1.90,2.40
2009.10.02 11:44:30.533,0.91695,0.9171,2.40,6.40
2009.10.02 11:44:30.772,0.9169,0.91705,23.80,2.40
2009.10.02 11:44:31.053,0.91695,0.91705,1.10,2.40
2009.10.02 11:44:31.323,0.9169,0.91705,23.80,2.40
2009.10.02 11:44:31.553,0.91695,0.9171,3.20,5.60
2009.10.02 11:44:31.782,0.91695,0.9171,2.40,6.40
2009.10.02 11:44:41.300,0.91695,0.9171,7.90,5.60
2009.10.02 11:44:41.470,0.91695,0.9171,15.10,2.40
2009.10.02 11:44:41.860,0.91695,0.9171,15.10,2.40
2009.10.02 11:44:43.350,0.91695,0.9171,11.10,3.20
2009.10.02 11:44:43.520,0.91695,0.9171,7.10,3.20
2009.10.02 11:44:43.580,0.91695,0.9171,7.10,6.40
2009.10.02 11:44:43.639,0.91695,0.9171,7.10,6.40
2009.10.02 11:44:44.479,0.91695,0.9171,3.90,6.40
2009.10.02 11:44:46.689,0.91695,0.9171,4.70,5.60
2009.10.02 11:44:47.029,0.91695,0.9171,8.70,5.60
2009.10.02 11:44:47.189,0.91695,0.9171,11.90,5.60
2009.10.02 11:44:47.709,0.91695,0.9171,4.70,5.60
2009.10.02 11:44:48.039,0.91695,0.9171,8.70,5.60
2009.10.02 11:44:48.388,0.91695,0.9171,11.90,5.60
2009.10.02 11:44:52.168,0.917,0.91715,3.90,12.10
2009.10.02 11:44:52.748,0.917,0.91715,4.70,6.10
2009.10.02 11:44:53.037,0.917,0.91715,4.70,5.60
2009.10.02 11:44:53.667,0.917,0.91715,4.70,2.40
2009.10.02 11:44:55.467,0.917,0.91715,4.70,2.40
2009.10.02 11:44:56.396,0.917,0.91715,8.70,2.40
2009.10.02 11:45:03.645,0.917,0.91715,11.90,2.40
2009.10.02 11:45:04.055,0.917,0.91715,11.10,11.60
2009.10.02 11:45:04.225,0.917,0.91715,7.10,11.60
2009.10.02 11:45:04.395,0.917,0.9171,1.50,2.40
2009.10.02 11:45:04.564,0.917,0.91715,2.40,14.80
2009.10.02 11:45:04.905,0.917,0.91715,2.40,15.30
2009.10.02 11:45:05.245,0.91695,0.91715,12.00,15.20
2009.10.02 11:45:05.645,0.91695,0.91715,3.90,19.70
2009.10.02 11:45:05.994,0.91695,0.91715,2.40,23.80
2009.10.02 11:45:06.344,0.91695,0.91715,3.20,19.20
2009.10.02 11:45:06.684,0.91695,0.91715,11.90,19.20
2009.10.02 11:45:07.374,0.91695,0.91715,11.10,19.30
2009.10.02 11:45:07.764,0.91695,0.91715,2.40,19.70
2009.10.02 11:45:08.104,0.91695,0.91715,3.90,19.70
2009.10.02 11:45:08.784,0.91695,0.91715,7.10,19.70
2009.10.02 11:45:09.403,0.91695,0.9171,11.10,3.20
2009.10.02 11:45:10.053,0.91695,0.9171,11.10,6.40
2009.10.02 11:45:15.932,0.91695,0.9171,7.10,6.90
2009.10.02 11:45:16.542,0.91695,0.9171,1.50,14.20
2009.10.02 11:45:16.892,0.9169,0.91705,7.10,3.20
2009.10.02 11:45:18.291,0.9169,0.91705,7.10,3.30
2009.10.02 11:45:19.861,0.9169,0.91705,3.90,6.50
2009.10.02 11:45:20.511,0.9169,0.91705,7.10,6.50
2009.10.02 11:45:21.890,0.9169,0.91705,7.10,6.40
2009.10.02 11:45:22.120,0.9169,0.91705,7.90,5.60
2009.10.02 11:45:22.300,0.91695,0.91705,2.40,5.60
2009.10.02 11:45:23.120,0.91695,0.91705,2.40,6.40
2009.10.02 11:45:24.440,0.91695,0.91705,2.40,5.60
2009.10.02 11:45:25.629,0.9169,0.91705,7.90,5.60
2009.10.02 11:45:27.959,0.9169,0.91705,11.10,5.60
2009.10.02 11:45:41.326,0.9169,0.91705,7.90,2.40
2009.10.02 11:45:41.616,0.9169,0.91705,7.90,2.40
2009.10.02 11:45:45.005,0.9169,0.91705,11.10,2.40
2009.10.02 11:45:46.065,0.9169,0.91705,7.10,6.40
2009.10.02 11:45:46.415,0.9169,0.91705,7.10,3.20
2009.10.02 11:45:47.384,0.9169,0.91705,7.10,3.70
2009.10.02 11:45:47.684,0.9169,0.91705,7.10,3.20
2009.10.02 11:45:48.204,0.9169,0.91705,12.70,2.40
2009.10.02 11:45:48.314,0.9169,0.91705,17.50,2.40
2009.10.02 11:45:48.434,0.9169,0.9171,21.50,2.40
2009.10.02 11:45:48.844,0.91695,0.9171,8.00,2.40
2009.10.02 11:45:48.964,0.91695,0.9171,12.00,2.40
2009.10.02 11:45:49.084,0.91695,0.9171,12.00,2.40
2009.10.02 11:45:52.963,0.91695,0.9171,8.00,2.40
2009.10.02 11:45:54.163,0.91695,0.9171,12.00,2.40
2009.10.02 11:45:55.062,0.917,0.9171,4.80,2.40
2009.10.02 11:45:55.536,0.917,0.9171,7.90,2.40
2009.10.02 11:45:55.822,0.917,0.9171,4.70,2.40
2009.10.02 11:45:56.152,0.917,0.9171,5.50,2.40
2009.10.02 11:45:56.532,0.917,0.9171,4.70,2.40
2009.10.02 11:45:56.882,0.917,0.9171,1.50,2.40
2009.10.02 11:45:57.172,0.91695,0.9171,11.10,3.20
2009.10.02 11:45:57.522,0.91695,0.9171,7.10,6.40
2009.10.02 11:45:59.931,0.91695,0.91705,3.90,2.40
2009.10.02 11:46:00.791,0.91695,0.91705,1.50,2.40
2009.10.02 11:46:01.031,0.9169,0.91705,9.00,2.40
2009.10.02 11:46:01.371,0.9169,0.91705,9.00,2.40
2009.10.02 11:46:01.951,0.9169,0.91705,16.20,2.40
2009.10.02 11:46:02.941,0.9169,0.91705,8.20,6.40
2009.10.02 11:46:03.230,0.9169,0.91705,7.10,6.40
2009.10.02 11:46:04.100,0.9169,0.91705,13.10,5.60
2009.10.02 11:46:04.430,0.91695,0.91705,2.40,2.40
2009.10.02 11:46:05.760,0.9169,0.91705,16.60,2.40
2009.10.02 11:46:05.990,0.9169,0.91705,10.30,2.40
2009.10.02 11:46:06.170,0.9169,0.91705,7.90,2.40
2009.10.02 11:46:08.539,0.9169,0.91705,7.90,5.60
2009.10.02 11:46:09.859,0.9169,0.91705,11.10,2.40
2009.10.02 11:46:10.029,0.9169,0.91705,15.10,2.40
2009.10.02 11:46:10.369,0.9169,0.91705,15.10,2.40
2009.10.02 11:46:10.879,0.9169,0.91705,15.90,2.40
2009.10.02 11:46:11.228,0.91695,0.9171,7.10,7.60
2009.10.02 11:46:11.578,0.91695,0.9171,11.10,6.40
2009.10.02 11:46:15.977,0.9169,0.9171,16.60,14.90
2009.10.02 11:46:16.337,0.9169,0.91705,15.80,3.20
2009.10.02 11:46:18.207,0.9169,0.917,4.70,2.40
2009.10.02 11:46:22.186,0.9169,0.917,4.80,2.40
2009.10.02 11:46:28.204,0.9169,0.917,4.70,2.40
2009.10.02 11:46:41.341,0.9169,0.917,1.50,2.40
2009.10.02 11:46:45.310,0.9169,0.917,5.50,2.40
2009.10.02 11:46:45.370,0.91695,0.917,3.20,2.40
2009.10.02 11:46:45.480,0.91695,0.91705,4.70,5.90
2009.10.02 11:46:45.600,0.91695,0.91705,7.90,1.20
2009.10.02 11:46:45.930,0.91695,0.9171,7.20,4.80
2009.10.02 11:46:46.270,0.91695,0.9171,7.90,2.40
2009.10.02 11:46:46.610,0.917,0.9171,1.50,2.40
2009.10.02 11:46:46.970,0.917,0.9171,3.90,2.40
2009.10.02 11:46:47.380,0.917,0.9171,7.20,2.40
2009.10.02 11:46:48.080,0.917,0.9171,1.50,2.40
2009.10.02 11:46:48.310,0.91695,0.9171,12.00,2.50
2009.10.02 11:46:48.530,0.91695,0.91705,11.90,2.40
2009.10.02 11:46:48.709,0.91695,0.91705,7.90,2.40
2009.10.02 11:46:49.129,0.91695,0.91705,7.10,2.40
2009.10.02 11:46:50.269,0.91695,0.9171,12.00,5.60
2009.10.02 11:46:50.969,0.91695,0.9171,22.30,2.40
2009.10.02 11:46:58.707,0.91695,0.9171,13.20,2.40
2009.10.02 11:46:58.947,0.91695,0.9171,8.80,5.60
2009.10.02 11:46:59.227,0.91695,0.9171,8.00,10.10
2009.10.02 11:46:59.507,0.91695,0.9171,5.50,10.10
2009.10.02 11:46:59.747,0.9169,0.9171,11.90,10.20
2009.10.02 11:46:59.927,0.9169,0.91705,11.10,3.20
2009.10.02 11:47:00.217,0.9169,0.91705,11.90,2.40
2009.10.02 11:47:00.617,0.9169,0.91705,11.10,3.20
2009.10.02 11:47:01.137,0.91685,0.917,11.90,2.40
2009.10.02 11:47:01.497,0.91685,0.917,11.90,2.50
2009.10.02 11:47:02.406,0.9169,0.917,8.40,1.00
2009.10.02 11:47:02.686,0.91695,0.91705,2.40,3.60
2009.10.02 11:47:02.926,0.9169,0.91705,9.10,6.40
2009.10.02 11:47:03.446,0.9169,0.91705,6.70,14.80
2009.10.02 11:47:03.726,0.91685,0.917,16.70,2.40
2009.10.02 11:47:03.966,0.91685,0.917,16.20,2.40
2009.10.02 11:47:04.196,0.91685,0.917,16.80,2.40
2009.10.02 11:47:04.426,0.9169,0.91705,12.10,2.40
2009.10.02 11:47:04.896,0.9169,0.91705,11.10,3.20
2009.10.02 11:47:05.835,0.9169,0.91705,11.90,5.60
2009.10.02 11:47:06.525,0.9169,0.91705,9.50,5.50
2009.10.02 11:47:06.875,0.91685,0.91705,8.00,24.50
2009.10.02 11:47:07.565,0.91685,0.91705,7.20,25.30
2009.10.02 11:47:10.234,0.91685,0.91705,8.00,18.00
2009.10.02 11:47:10.654,0.91685,0.917,7.20,3.20
2009.10.02 11:47:11.114,0.91685,0.917,7.20,3.20
2009.10.02 11:47:11.454,0.91685,0.917,8.00,2.90
2009.10.02 11:47:11.804,0.9169,0.91695,1.00,2.40
2009.10.02 11:47:12.084,0.91685,0.91695,7.10,2.40
2009.10.02 11:47:12.314,0.91685,0.91695,2.40,2.40
2009.10.02 11:47:12.814,0.9169,0.91695,1.00,2.40
2009.10.02 11:47:13.164,0.91685,0.91695,3.90,2.40
2009.10.02 11:47:13.524,0.9168,0.91695,13.20,2.40
2009.10.02 11:47:13.854,0.9168,0.91695,13.10,5.60
2009.10.02 11:47:14.124,0.9168,0.91695,12.30,6.40
2009.10.02 11:47:14.294,0.9168,0.91695,12.30,3.20
2009.10.02 11:47:15.123,0.9168,0.91695,9.10,10.10
2009.10.02 11:47:17.003,0.9168,0.91695,9.20,10.10
2009.10.02 11:47:17.353,0.9168,0.91695,7.90,6.40
2009.10.02 11:47:17.683,0.9168,0.9169,7.10,2.40
2009.10.02 11:47:19.952,0.9168,0.9169,3.90,2.40
2009.10.02 11:47:21.702,0.9168,0.9169,7.10,2.40
2009.10.02 11:47:24.101,0.9168,0.91695,7.20,6.40
2009.10.02 11:47:24.331,0.9168,0.91695,7.20,3.20
2009.10.02 11:47:24.441,0.9168,0.9169,7.10,2.40
2009.10.02 11:47:28.630,0.9168,0.9169,3.90,2.40
2009.10.02 11:47:29.310,0.9168,0.9169,2.40,2.40
2009.10.02 11:47:31.069,0.9168,0.9169,3.20,2.40
2009.10.02 11:47:31.299,0.9168,0.9169,4.70,2.40
2009.10.02 11:47:31.579,0.9168,0.9169,7.90,2.40
2009.10.02 11:47:32.789,0.9168,0.91695,7.90,2.40
2009.10.02 11:47:33.599,0.9168,0.91695,8.00,2.40
2009.10.02 11:47:33.839,0.9168,0.91695,11.10,3.20
2009.10.02 11:47:34.079,0.9168,0.91695,8.00,2.40
2009.10.02 11:47:34.319,0.9168,0.9169,11.10,2.40
2009.10.02 11:47:34.539,0.9168,0.9169,7.10,2.40
2009.10.02 11:47:35.568,0.9168,0.91695,8.00,5.60
2009.10.02 11:47:35.848,0.9168,0.91695,8.00,2.40
2009.10.02 11:47:36.528,0.91685,0.917,2.40,19.60
2009.10.02 11:47:36.868,0.9168,0.917,8.80,22.00
2009.10.02 11:47:37.138,0.9168,0.917,8.00,22.00
2009.10.02 11:47:38.927,0.91685,0.917,1.00,18.80
2009.10.02 11:47:39.107,0.91685,0.917,2.40,18.80
2009.10.02 11:47:39.228,0.91685,0.917,1.60,16.90
2009.10.02 11:47:39.337,0.91685,0.91695,1.00,3.20
2009.10.02 11:47:39.578,0.9168,0.9169,7.10,2.40
2009.10.02 11:47:41.227,0.9168,0.91695,4.70,6.10
2009.10.02 11:47:41.447,0.9168,0.91695,8.00,5.60
2009.10.02 11:47:41.687,0.9168,0.91695,8.00,2.40
2009.10.02 11:47:43.816,0.9168,0.91695,7.90,2.40
2009.10.02 11:47:43.986,0.9168,0.91695,8.00,2.40
2009.10.02 11:47:44.276,0.9168,0.91695,15.20,2.40
2009.10.02 11:47:44.336,0.91685,0.91695,2.40,1.00
2009.10.02 11:47:44.726,0.9168,0.91695,7.10,3.20
2009.10.02 11:47:47.105,0.9168,0.91695,7.90,5.60
2009.10.02 11:47:47.275,0.9168,0.91695,13.10,5.60
2009.10.02 11:47:47.436,0.9168,0.91695,12.30,6.40
2009.10.02 11:47:48.345,0.9168,0.91695,13.20,5.60
2009.10.02 11:47:48.705,0.9168,0.91695,13.20,2.40
2009.10.02 11:47:49.455,0.9168,0.91695,13.20,2.40
2009.10.02 11:47:49.965,0.91685,0.91695,1.60,2.40
2009.10.02 11:47:50.555,0.91685,0.91695,4.80,2.40
2009.10.02 11:47:51.574,0.91685,0.91695,1.60,2.40
2009.10.02 11:47:54.194,0.91685,0.91695,4.80,2.40
2009.10.02 11:47:55.123,0.91685,0.91695,4.70,2.40
2009.10.02 11:48:04.451,0.91685,0.917,3.20,22.80
2009.10.02 11:48:04.561,0.9168,0.9169,14.40,2.40
2009.10.02 11:48:04.621,0.91685,0.91695,3.60,2.40
2009.10.02 11:48:04.741,0.91685,0.91695,6.80,2.40
2009.10.02 11:48:04.801,0.91685,0.91695,8.30,2.40
2009.10.02 11:48:04.911,0.91685,0.91695,7.10,2.40
2009.10.02 11:48:04.971,0.91685,0.91695,4.70,2.40
2009.10.02 11:48:12.250,0.91685,0.91695,3.60,2.40
2009.10.02 11:48:14.709,0.91685,0.91695,2.40,2.40
2009.10.02 11:48:25.666,0.9168,0.9169,7.80,2.40
2009.10.02 11:48:25.936,0.9168,0.9169,4.70,2.40
2009.10.02 11:48:26.336,0.9168,0.9169,3.90,2.40
2009.10.02 11:48:26.626,0.9168,0.9169,2.40,2.40
2009.10.02 11:48:27.256,0.9168,0.9169,2.40,2.40
2009.10.02 11:48:31.025,0.91675,0.9169,13.20,2.40
2009.10.02 11:48:31.135,0.91675,0.9169,13.20,5.60
2009.10.02 11:48:31.595,0.91675,0.9169,10.00,5.60
2009.10.02 11:48:41.212,0.91675,0.9169,13.20,5.60
2009.10.02 11:48:43.912,0.91675,0.9169,13.30,5.60
2009.10.02 11:48:44.082,0.91675,0.9169,13.20,5.60
2009.10.02 11:48:45.521,0.9168,0.9169,2.40,5.60
2009.10.02 11:48:45.751,0.9168,0.9169,2.40,2.40
2009.10.02 11:48:48.921,0.91675,0.9169,13.10,2.40
2009.10.02 11:48:49.101,0.91675,0.9169,13.20,2.40
2009.10.02 11:48:49.211,0.91675,0.9169,13.20,2.40
2009.10.02 11:48:50.470,0.91675,0.9169,13.20,2.40
2009.10.02 11:48:50.820,0.9168,0.9169,2.40,2.40
2009.10.02 11:48:51.910,0.9168,0.9169,2.40,2.40
2009.10.02 11:48:53.319,0.9168,0.9169,2.40,3.20
2009.10.02 11:48:53.539,0.91675,0.9169,13.10,6.30
2009.10.02 11:48:53.759,0.91675,0.9169,13.20,5.60
2009.10.02 11:48:56.099,0.9168,0.9169,2.40,5.60
2009.10.02 11:48:56.609,0.9168,0.9169,3.90,2.40
2009.10.02 11:49:07.076,0.9168,0.9169,4.70,2.40
2009.10.02 11:49:07.316,0.9168,0.9169,7.90,2.40
2009.10.02 11:49:08.806,0.9168,0.9169,3.90,2.40
2009.10.02 11:49:09.146,0.9168,0.91695,4.80,5.60
2009.10.02 11:49:10.125,0.9168,0.91695,3.90,9.60
2009.10.02 11:49:10.365,0.91675,0.9169,13.20,2.40
2009.10.02 11:49:10.525,0.91675,0.9169,18.40,2.40
2009.10.02 11:49:11.605,0.91675,0.9169,21.60,2.40
2009.10.02 11:49:11.965,0.9168,0.9169,3.90,2.40
2009.10.02 11:49:12.305,0.9168,0.9169,7.10,2.40
2009.10.02 11:49:13.125,0.9168,0.9169,1.50,2.40
2009.10.02 11:49:14.564,0.9168,0.9169,1.50,2.50
2009.10.02 11:49:14.684,0.9168,0.91685,1.50,2.40
2009.10.02 11:49:15.214,0.9168,0.9169,2.40,2.40
2009.10.02 11:49:16.634,0.9168,0.9169,3.20,2.40
2009.10.02 11:49:16.844,0.9168,0.91695,8.70,5.70
2009.10.02 11:49:17.464,0.91675,0.9169,23.90,2.40
2009.10.02 11:49:17.684,0.91675,0.9169,20.40,2.40
2009.10.02 11:49:17.914,0.9168,0.91695,6.40,6.50
2009.10.02 11:49:18.144,0.9168,0.91695,8.70,5.70
2009.10.02 11:49:18.503,0.9168,0.91695,7.90,6.50
2009.10.02 11:49:19.183,0.9168,0.9169,4.00,2.40
2009.10.02 11:49:19.293,0.91675,0.9169,19.10,2.40
2009.10.02 11:49:19.413,0.9168,0.91695,2.40,7.90
2009.10.02 11:49:19.703,0.9168,0.91695,6.40,7.90
2009.10.02 11:49:19.813,0.9168,0.91695,9.10,6.50
2009.10.02 11:49:19.923,0.9168,0.91695,9.90,5.70
2009.10.02 11:49:19.983,0.91685,0.91695,2.40,5.60
2009.10.02 11:49:20.323,0.9168,0.91695,11.10,5.70
2009.10.02 11:49:20.613,0.9168,0.91695,8.70,5.70
2009.10.02 11:49:20.893,0.9168,0.91695,7.90,6.50
2009.10.02 11:49:21.183,0.9168,0.91695,1.50,7.00
2009.10.02 11:49:23.992,0.9168,0.91695,6.40,10.10
2009.10.02 11:49:24.232,0.9168,0.91695,2.40,10.10
2009.10.02 11:49:24.462,0.9168,0.91695,2.40,10.20
2009.10.02 11:49:24.692,0.9168,0.91695,6.40,10.20
2009.10.02 11:49:25.222,0.9168,0.91695,2.40,10.20
2009.10.02 11:49:32.440,0.9168,0.91695,6.40,9.70
2009.10.02 11:49:32.670,0.9168,0.91695,2.40,10.20
2009.10.02 11:49:32.960,0.9168,0.91695,6.40,6.50
2009.10.02 11:49:33.470,0.9168,0.91695,6.40,9.70
2009.10.02 11:49:33.760,0.9168,0.91695,6.40,10.60
2009.10.02 11:49:34.100,0.9168,0.91695,2.40,10.60
2009.10.02 11:49:36.769,0.9168,0.91695,7.10,7.40
2009.10.02 11:49:36.949,0.9168,0.91695,11.90,2.40
2009.10.02 11:49:37.579,0.91685,0.91695,2.40,5.60
2009.10.02 11:49:39.929,0.91685,0.91695,2.40,6.40
2009.10.02 11:49:43.967,0.91685,0.91695,2.40,5.60
2009.10.02 11:49:44.427,0.91685,0.91695,2.40,2.40
2009.10.02 11:49:44.478,0.9168,0.91695,20.30,2.40
2009.10.02 11:49:44.597,0.9168,0.91695,21.40,2.40
2009.10.02 11:49:44.707,0.9168,0.91695,23.80,2.40
2009.10.02 11:49:44.817,0.9168,0.91695,23.90,2.40
2009.10.02 11:49:44.877,0.9168,0.91695,23.60,2.40
2009.10.02 11:49:44.937,0.9168,0.91695,23.60,1.00
2009.10.02 11:49:45.037,0.91685,0.917,2.40,6.40
2009.10.02 11:49:46.866,0.9168,0.91695,20.60,2.40
2009.10.02 11:49:47.247,0.9168,0.91695,20.60,2.40
2009.10.02 11:49:52.006,0.9168,0.91695,19.50,2.40
2009.10.02 11:49:58.414,0.9168,0.91695,16.30,5.60
2009.10.02 11:49:58.774,0.9168,0.91695,11.10,5.60
2009.10.02 11:50:00.513,0.91685,0.91695,2.40,6.40
2009.10.02 11:50:06.832,0.91685,0.91695,2.40,5.60
2009.10.02 11:50:09.211,0.91685,0.91695,2.40,3.20
2009.10.02 11:50:10.411,0.9168,0.91695,20.30,5.60
2009.10.02 11:50:14.520,0.9168,0.91695,20.40,5.60
2009.10.02 11:50:14.790,0.9168,0.91695,20.30,5.60
2009.10.02 11:50:17.749,0.9168,0.91695,20.40,5.60
2009.10.02 11:50:17.989,0.9168,0.91695,20.30,5.60
2009.10.02 11:50:23.838,0.9168,0.91695,23.60,2.40
2009.10.02 11:50:35.365,0.9168,0.91695,23.60,2.40
2009.10.02 11:50:35.485,0.9169,0.91695,1.00,2.40
2009.10.02 11:50:35.645,0.9169,0.917,1.00,5.60
2009.10.02 11:50:35.765,0.9169,0.917,1.00,2.40
2009.10.02 11:50:36.115,0.91685,0.917,11.90,5.60
2009.10.02 11:50:37.054,0.91685,0.917,12.00,5.60
2009.10.02 11:50:37.494,0.91685,0.91695,11.10,2.40
2009.10.02 11:50:37.794,0.91685,0.91695,3.90,2.40
2009.10.02 11:50:38.094,0.91685,0.91695,7.90,2.40
2009.10.02 11:50:38.334,0.91685,0.917,15.20,5.60
2009.10.02 11:50:38.564,0.91685,0.917,7.90,5.60
2009.10.02 11:50:39.134,0.91685,0.917,11.90,2.50
2009.10.02 11:50:39.764,0.91685,0.917,15.20,2.40
2009.10.02 11:50:40.044,0.91685,0.91705,11.90,11.20
2009.10.02 11:50:41.483,0.9169,0.917,1.50,2.40
2009.10.02 11:50:41.983,0.9169,0.917,2.30,2.40
2009.10.02 11:50:42.213,0.9169,0.917,4.70,2.40
2009.10.02 11:50:42.503,0.9169,0.917,1.50,2.40
2009.10.02 11:50:45.633,0.9169,0.917,5.50,2.40
2009.10.02 11:50:45.742,0.9169,0.917,5.60,2.40
2009.10.02 11:50:45.802,0.9169,0.917,8.00,2.40
2009.10.02 11:50:46.082,0.9169,0.917,11.20,2.40
2009.10.02 11:50:46.662,0.9169,0.917,15.20,2.40
2009.10.02 11:50:47.012,0.9169,0.917,9.60,2.40
2009.10.02 11:50:47.362,0.9169,0.917,2.30,2.40
2009.10.02 11:50:47.702,0.9169,0.917,5.50,2.40
2009.10.02 11:50:48.062,0.9169,0.917,1.50,2.40
2009.10.02 11:50:51.051,0.9169,0.917,3.90,2.40
2009.10.02 11:50:51.111,0.9169,0.917,1.50,2.40
2009.10.02 11:50:51.791,0.91685,0.91695,11.90,2.40
2009.10.02 11:50:52.421,0.9169,0.917,1.50,2.40
2009.10.02 11:50:55.820,0.9169,0.917,5.50,2.40
2009.10.02 11:50:55.930,0.9169,0.917,8.00,2.40
2009.10.02 11:50:55.990,0.9169,0.917,5.60,2.40
2009.10.02 11:50:56.040,0.9169,0.917,2.40,2.40
2009.10.02 11:50:56.150,0.9169,0.917,2.30,2.40
2009.10.02 11:50:56.210,0.9169,0.917,1.50,2.40
2009.10.02 11:51:02.148,0.9169,0.91705,15.20,2.40
2009.10.02 11:51:02.498,0.9169,0.91705,15.80,2.40
2009.10.02 11:51:02.718,0.9169,0.9171,16.40,13.70
2009.10.02 11:51:02.948,0.91695,0.9171,7.90,4.40
2009.10.02 11:51:03.348,0.91695,0.9171,4.80,11.60
2009.10.02 11:51:04.038,0.91695,0.91705,4.70,2.40
2009.10.02 11:51:04.448,0.91695,0.91705,4.80,2.40
2009.10.02 11:51:04.618,0.91695,0.91705,1.60,2.40
2009.10.02 11:51:05.488,0.91695,0.91705,4.70,2.40
2009.10.02 11:51:05.598,0.91695,0.91705,4.80,2.40
2009.10.02 11:51:05.997,0.91695,0.91705,4.70,2.40
2009.10.02 11:51:06.107,0.91695,0.91705,4.80,2.40
2009.10.02 11:51:09.077,0.91695,0.91705,1.60,2.40
2009.10.02 11:51:10.056,0.91695,0.91705,4.70,2.40
2009.10.02 11:51:10.686,0.9169,0.9171,12.00,22.00
2009.10.02 11:51:10.806,0.9169,0.9171,8.00,22.00
2009.10.02 11:51:10.927,0.9169,0.9171,7.90,22.00
2009.10.02 11:51:11.317,0.9169,0.9171,11.10,18.80
2009.10.02 11:51:11.667,0.9169,0.917,8.00,2.40
2009.10.02 11:51:12.006,0.9169,0.917,12.80,2.40
2009.10.02 11:51:12.646,0.9169,0.917,8.00,2.40
2009.10.02 11:51:12.936,0.9169,0.917,15.20,2.40
2009.10.02 11:51:13.226,0.9169,0.917,11.20,2.40
2009.10.02 11:51:16.895,0.9169,0.917,12.00,2.40
2009.10.02 11:51:19.244,0.9169,0.917,7.90,2.40
2009.10.02 11:51:26.782,0.9169,0.917,3.90,2.40
2009.10.02 11:51:27.132,0.9169,0.917,4.00,2.40
2009.10.02 11:51:27.472,0.9169,0.917,3.90,2.40
2009.10.02 11:51:28.712,0.9169,0.917,2.40,2.40
2009.10.02 11:51:30.292,0.91685,0.917,15.50,5.60
2009.10.02 11:51:30.582,0.91685,0.917,14.80,5.60
2009.10.02 11:51:39.379,0.91685,0.91695,5.50,2.40
2009.10.02 11:51:39.549,0.91685,0.917,8.00,7.80
2009.10.02 11:51:39.720,0.9169,0.917,4.00,4.50
2009.10.02 11:51:39.889,0.91685,0.91695,7.70,2.40
2009.10.02 11:51:40.000,0.91685,0.917,8.50,3.10
2009.10.02 11:51:40.110,0.91685,0.917,8.50,2.40
2009.10.02 11:51:40.229,0.9169,0.917,1.50,3.20
2009.10.02 11:51:40.409,0.91685,0.917,11.70,3.20
2009.10.02 11:51:40.529,0.91685,0.91695,11.10,2.40
2009.10.02 11:51:40.740,0.91685,0.91695,11.70,2.40
2009.10.02 11:51:41.659,0.91695,0.91705,1.20,12.40
2009.10.02 11:51:42.009,0.9169,0.91705,16.30,6.40
2009.10.02 11:51:42.299,0.9169,0.91705,17.00,6.40
2009.10.02 11:51:42.579,0.9169,0.91705,17.00,3.20
2009.10.02 11:51:43.149,0.9169,0.917,17.00,2.40
2009.10.02 11:51:43.309,0.9169,0.917,11.80,2.40
2009.10.02 11:51:43.479,0.9169,0.917,8.50,2.40
2009.10.02 11:51:43.639,0.9169,0.917,7.30,2.40
2009.10.02 11:51:43.808,0.9169,0.91705,13.00,4.20
2009.10.02 11:51:43.968,0.9169,0.91705,17.10,2.40
2009.10.02 11:51:44.088,0.9169,0.91705,17.20,2.40
2009.10.02 11:51:44.438,0.9169,0.91705,17.90,2.40
2009.10.02 11:51:44.828,0.9169,0.91705,17.20,2.40
2009.10.02 11:51:45.188,0.9169,0.91705,18.20,6.40
2009.10.02 11:51:45.308,0.9169,0.91705,15.50,3.60
2009.10.02 11:51:45.418,0.9169,0.91705,8.00,6.00
2009.10.02 11:51:45.538,0.9169,0.917,7.90,2.40
2009.10.02 11:51:45.708,0.9169,0.917,13.90,2.40
2009.10.02 11:51:45.828,0.9169,0.91705,22.30,2.40
2009.10.02 11:51:46.068,0.9169,0.91705,25.50,2.40
2009.10.02 11:51:47.428,0.9169,0.91705,27.00,2.40
2009.10.02 11:51:47.708,0.9169,0.91705,25.60,2.40
2009.10.02 11:51:47.937,0.91695,0.91705,9.50,2.40
2009.10.02 11:51:48.437,0.91695,0.9171,9.50,4.60
2009.10.02 11:51:48.797,0.91695,0.9171,11.70,8.60
2009.10.02 11:51:53.777,0.917,0.9171,2.40,8.60
2009.10.02 11:51:54.056,0.91695,0.9171,1.50,9.00
2009.10.02 11:51:54.336,0.91695,0.9171,4.70,19.80
2009.10.02 11:51:54.576,0.9169,0.9171,7.90,19.80
2009.10.02 11:51:55.576,0.91695,0.91705,2.40,2.40
2009.10.02 11:51:55.806,0.9169,0.91705,7.90,2.40
2009.10.02 11:51:56.335,0.9169,0.91705,7.90,5.60
2009.10.02 11:51:56.696,0.9169,0.91705,7.10,6.40
2009.10.02 11:51:58.465,0.9169,0.91705,7.10,10.40
2009.10.02 11:51:58.815,0.9169,0.91705,3.90,6.40
2009.10.02 11:51:59.705,0.9169,0.91705,3.90,6.90
2009.10.02 11:52:00.005,0.9169,0.91705,3.90,6.40
2009.10.02 11:52:00.175,0.9169,0.91705,3.90,6.90
2009.10.02 11:52:00.354,0.9169,0.91705,3.90,6.40
2009.10.02 11:52:01.494,0.9169,0.91705,4.70,5.60
2009.10.02 11:52:01.724,0.9169,0.91705,3.90,10.10
2009.10.02 11:52:01.954,0.9169,0.91705,2.40,9.60
2009.10.02 11:52:02.134,0.9169,0.91705,2.40,14.10
2009.10.02 11:52:02.534,0.9169,0.91705,3.90,14.10
2009.10.02 11:52:03.184,0.9169,0.91705,4.70,10.10
2009.10.02 11:52:03.484,0.9169,0.91705,4.70,5.60
2009.10.02 11:52:03.764,0.9169,0.91705,4.70,9.60
2009.10.02 11:52:04.694,0.9169,0.91705,6.10,9.60
2009.10.02 11:52:04.863,0.9169,0.91705,5.30,10.40
2009.10.02 11:52:04.973,0.9169,0.91705,3.90,10.40
2009.10.02 11:52:05.673,0.9169,0.91705,3.90,6.40
2009.10.02 11:52:06.213,0.9169,0.91705,4.70,5.60
2009.10.02 11:52:06.333,0.9169,0.91705,3.90,6.40
2009.10.02 11:52:07.253,0.9169,0.91705,4.70,5.60
2009.10.02 11:52:07.893,0.9169,0.91705,7.10,6.40
2009.10.02 11:52:08.233,0.9169,0.91705,7.10,6.40
2009.10.02 11:52:08.412,0.91695,0.91705,2.40,5.60
2009.10.02 11:52:08.582,0.9169,0.91705,7.90,5.60
2009.10.02 11:52:10.632,0.9169,0.91705,4.70,5.60
2009.10.02 11:52:11.732,0.9169,0.91705,7.90,5.60
2009.10.02 11:52:11.902,0.9169,0.91705,7.90,2.40
2009.10.02 11:52:12.132,0.9169,0.91705,10.90,2.40
2009.10.02 11:52:12.302,0.91695,0.91705,6.10,2.40
2009.10.02 11:52:12.521,0.91695,0.91705,4.70,2.40
2009.10.02 11:52:13.961,0.91695,0.91705,1.50,2.40
2009.10.02 11:52:14.201,0.91695,0.91705,4.70,2.40
2009.10.02 11:52:21.540,0.91695,0.91705,1.50,2.40
2009.10.02 11:52:25.608,0.91695,0.91705,2.90,2.40
2009.10.02 11:52:25.838,0.91695,0.91705,1.50,2.40
2009.10.02 11:52:27.408,0.91695,0.9171,3.90,6.40
2009.10.02 11:52:28.028,0.91695,0.91705,1.50,2.40
2009.10.02 11:52:36.246,0.91695,0.91705,2.90,2.40
2009.10.02 11:52:36.586,0.91695,0.91705,1.50,2.40
2009.10.02 11:52:41.864,0.91695,0.91705,2.90,2.40
2009.10.02 11:52:42.104,0.91695,0.91705,1.40,2.40
2009.10.02 11:52:42.214,0.9169,0.91705,11.90,2.40
2009.10.02 11:52:42.744,0.9169,0.91705,3.90,6.90
2009.10.02 11:52:43.864,0.9169,0.91705,1.50,14.60
2009.10.02 11:52:44.214,0.91685,0.917,9.10,2.40
2009.10.02 11:52:44.504,0.91685,0.917,9.10,2.40
2009.10.02 11:52:44.974,0.91685,0.917,9.00,2.40
2009.10.02 11:52:47.563,0.91685,0.917,8.20,6.40
2009.10.02 11:52:47.683,0.91685,0.917,5.00,9.70
2009.10.02 11:52:48.043,0.91685,0.917,3.90,10.20
2009.10.02 11:52:50.533,0.91685,0.917,4.70,5.60
2009.10.02 11:52:50.643,0.91685,0.917,3.90,6.40
2009.10.02 11:52:50.812,0.91685,0.917,7.10,6.40
2009.10.02 11:52:52.312,0.91685,0.917,11.20,5.60
2009.10.02 11:52:52.482,0.91685,0.917,17.20,1.00
2009.10.02 11:52:52.702,0.91685,0.917,17.50,3.20
2009.10.02 11:52:52.912,0.91685,0.917,7.10,3.20
2009.10.02 11:52:53.082,0.91685,0.917,7.10,6.90
2009.10.02 11:52:53.662,0.91685,0.917,7.90,5.60
2009.10.02 11:52:54.541,0.91685,0.917,7.10,6.50
2009.10.02 11:52:54.941,0.91685,0.917,2.40,6.50
2009.10.02 11:52:56.091,0.9168,0.917,21.10,10.20
2009.10.02 11:52:56.312,0.9168,0.91695,14.70,6.50
2009.10.02 11:52:56.651,0.9168,0.91695,8.30,6.50
2009.10.02 11:52:57.401,0.9168,0.91695,9.10,5.70
2009.10.02 11:52:57.681,0.9168,0.91695,13.10,3.30
2009.10.02 11:52:57.971,0.91685,0.91695,2.40,3.20
2009.10.02 11:53:02.330,0.91685,0.91695,2.40,5.60
2009.10.02 11:53:02.610,0.91685,0.91695,2.40,3.20
2009.10.02 11:53:05.159,0.91685,0.917,2.40,14.10
2009.10.02 11:53:05.329,0.9168,0.91695,16.70,3.20
2009.10.02 11:53:05.499,0.9168,0.91695,13.50,5.60
2009.10.02 11:53:05.729,0.9168,0.917,17.90,10.10
2009.10.02 11:53:06.059,0.91685,0.917,2.40,10.10
2009.10.02 11:53:06.398,0.9168,0.91695,5.50,10.10
2009.10.02 11:53:06.698,0.9168,0.9169,1.50,2.40
2009.10.02 11:53:07.828,0.9168,0.91695,4.70,6.00
2009.10.02 11:53:08.058,0.9168,0.91695,11.90,2.40
2009.10.02 11:53:09.128,0.9168,0.91695,12.00,2.40
2009.10.02 11:53:10.338,0.91685,0.917,3.90,9.60
2009.10.02 11:53:10.508,0.91685,0.917,4.70,5.60
2009.10.02 11:53:10.947,0.91685,0.917,9.00,5.60
2009.10.02 11:53:11.347,0.91685,0.91695,2.60,2.40
2009.10.02 11:53:11.688,0.91685,0.91695,1.50,2.40
2009.10.02 11:53:14.586,0.91685,0.91695,3.90,2.40
2009.10.02 11:53:14.877,0.91685,0.91695,5.30,2.40
2009.10.02 11:53:15.117,0.91685,0.91695,3.90,2.40
2009.10.02 11:53:15.577,0.91685,0.91695,1.50,2.40
2009.10.02 11:53:15.697,0.9168,0.91695,11.90,2.40
2009.10.02 11:53:18.166,0.9168,0.91695,11.90,2.40
2009.10.02 11:53:18.386,0.91685,0.91695,7.10,2.40
2009.10.02 11:53:18.676,0.9168,0.91695,11.90,2.80
2009.10.02 11:53:18.906,0.9168,0.91695,11.10,6.40
2009.10.02 11:53:19.256,0.9168,0.91695,11.10,6.80
2009.10.02 11:53:19.605,0.9168,0.9169,8.70,2.40
2009.10.02 11:53:20.125,0.9168,0.9169,4.70,2.40
2009.10.02 11:53:22.125,0.9168,0.9169,6.10,2.40
2009.10.02 11:53:22.345,0.9168,0.9169,8.70,2.40
2009.10.02 11:53:22.585,0.9168,0.9169,4.70,2.40
2009.10.02 11:53:26.074,0.91685,0.917,7.90,5.60
2009.10.02 11:53:26.424,0.91685,0.917,7.10,6.40
2009.10.02 11:53:27.044,0.91685,0.917,4.70,5.60
2009.10.02 11:53:27.383,0.91685,0.917,7.90,5.60
2009.10.02 11:53:29.913,0.91685,0.917,12.50,5.60
2009.10.02 11:53:30.203,0.91685,0.91705,11.90,12.10
2009.10.02 11:53:30.523,0.9169,0.917,1.60,2.40
2009.10.02 11:53:30.643,0.9169,0.917,1.00,2.40
2009.10.02 11:53:30.993,0.91685,0.917,11.90,2.40
2009.10.02 11:53:31.173,0.91685,0.917,8.70,2.40
2009.10.02 11:53:31.932,0.91685,0.91705,21.10,6.40
2009.10.02 11:53:32.292,0.9169,0.917,2.40,2.40
2009.10.02 11:53:32.582,0.9169,0.91705,3.90,6.40
2009.10.02 11:53:32.812,0.9169,0.91705,3.90,10.40
2009.10.02 11:53:33.032,0.9169,0.91705,3.90,6.40
2009.10.02 11:53:33.482,0.9169,0.91705,3.90,10.40
2009.10.02 11:53:33.712,0.9169,0.91705,3.90,6.40
2009.10.02 11:53:37.951,0.9169,0.91705,3.90,10.40
2009.10.02 11:53:38.241,0.9169,0.91705,3.90,6.40
2009.10.02 11:53:38.921,0.9169,0.91705,3.90,10.40
2009.10.02 11:53:39.261,0.9169,0.91705,3.90,6.40
2009.10.02 11:53:39.371,0.9169,0.91705,3.90,10.10
2009.10.02 11:53:39.491,0.9169,0.91705,3.90,10.10
2009.10.02 11:53:42.380,0.9169,0.91705,1.50,10.90
2009.10.02 11:53:42.720,0.9169,0.91705,7.10,6.40
2009.10.02 11:53:46.509,0.9169,0.917,2.20,2.40
2009.10.02 11:53:46.789,0.91685,0.91705,17.10,6.50
2009.10.02 11:53:47.139,0.9169,0.917,3.90,2.40
2009.10.02 11:53:47.759,0.9169,0.917,7.90,2.40
2009.10.02 11:53:48.139,0.9169,0.917,3.90,2.40
2009.10.02 11:53:55.187,0.9169,0.91705,3.90,6.40
2009.10.02 11:53:55.597,0.9169,0.917,3.90,2.40
2009.10.02 11:53:56.896,0.9169,0.917,2.40,2.40
2009.10.02 11:53:58.156,0.91685,0.917,9.00,2.40
2009.10.02 11:53:58.386,0.91685,0.917,8.20,6.40
2009.10.02 11:53:59.186,0.91685,0.917,9.00,5.60
2009.10.02 11:53:59.466,0.91685,0.917,8.20,6.40
2009.10.02 11:54:01.985,0.91685,0.91695,5.80,2.40
2009.10.02 11:54:02.155,0.91685,0.91695,2.60,2.40
2009.10.02 11:54:02.325,0.91685,0.917,3.90,10.80
2009.10.02 11:54:02.505,0.91685,0.917,3.90,6.40
2009.10.02 11:54:02.685,0.91685,0.917,5.00,6.40
2009.10.02 11:54:03.895,0.91685,0.917,6.40,6.40
2009.10.02 11:54:04.345,0.91685,0.917,5.00,6.40
2009.10.02 11:54:06.274,0.91685,0.917,3.50,6.40
2009.10.02 11:54:06.694,0.91685,0.917,3.90,6.40
2009.10.02 11:54:06.924,0.91685,0.917,5.80,5.60
2009.10.02 11:54:07.494,0.9169,0.91705,8.30,1.00
2009.10.02 11:54:07.904,0.91695,0.9171,3.90,6.90
2009.10.02 11:54:08.244,0.91695,0.91705,7.90,2.40
2009.10.02 11:54:09.044,0.91695,0.91705,7.10,2.40
2009.10.02 11:54:11.633,0.91695,0.9171,7.10,6.40
2009.10.02 11:54:13.062,0.91695,0.9171,7.20,3.20
2009.10.02 11:54:18.001,0.91695,0.9171,7.20,6.40
2009.10.02 11:54:18.531,0.91695,0.91705,7.20,1.60
2009.10.02 11:54:22.071,0.917,0.9171,7.90,4.00
2009.10.02 11:54:22.370,0.917,0.9171,7.10,4.00
2009.10.02 11:54:22.700,0.917,0.9171,8.50,4.00
2009.10.02 11:54:23.030,0.917,0.9171,7.10,4.00
2009.10.02 11:54:25.599,0.917,0.9171,3.90,4.00
2009.10.02 11:54:26.419,0.917,0.9171,7.10,4.00
2009.10.02 11:54:32.498,0.917,0.9171,8.50,4.00
2009.10.02 11:54:32.668,0.917,0.9171,7.10,4.00
2009.10.02 11:54:38.106,0.917,0.9171,1.50,4.00
2009.10.02 11:54:38.396,0.917,0.91705,1.50,1.60
2009.10.02 11:54:39.216,0.917,0.9171,4.70,6.00
2009.10.02 11:54:39.396,0.917,0.9171,7.10,4.00
2009.10.02 11:54:44.285,0.917,0.9171,1.50,4.40
2009.10.02 11:54:44.455,0.917,0.9171,4.70,6.00
2009.10.02 11:54:44.575,0.917,0.9171,7.10,4.00
2009.10.02 11:54:49.624,0.917,0.9171,4.70,4.00
2009.10.02 11:54:49.744,0.917,0.9171,1.50,4.00
2009.10.02 11:54:49.924,0.917,0.9171,1.50,6.00
2009.10.02 11:54:50.044,0.917,0.9171,7.10,3.20
2009.10.02 11:54:50.214,0.917,0.9171,7.90,1.60
2009.10.02 11:54:55.533,0.917,0.91715,4.70,16.80
2009.10.02 11:54:55.703,0.917,0.91705,7.10,1.60
2009.10.02 11:54:55.823,0.917,0.9171,7.10,5.60
2009.10.02 11:54:55.993,0.917,0.9171,7.10,4.00
2009.10.02 11:54:56.113,0.917,0.9171,1.50,4.00
2009.10.02 11:54:56.973,0.917,0.9171,1.50,4.40
2009.10.02 11:54:58.092,0.917,0.9171,1.50,4.00
2009.10.02 11:54:59.952,0.91695,0.9171,11.90,4.00
2009.10.02 11:55:02.661,0.91695,0.9171,7.90,4.00
2009.10.02 11:55:02.941,0.91695,0.9171,7.10,4.80
2009.10.02 11:55:03.231,0.91695,0.9171,7.10,5.20
2009.10.02 11:55:04.081,0.91695,0.9171,11.90,4.40
2009.10.02 11:55:04.141,0.917,0.9171,3.90,4.00
2009.10.02 11:55:05.771,0.917,0.9171,1.50,4.00
2009.10.02 11:55:05.891,0.91695,0.9171,12.00,4.00
2009.10.02 11:55:06.121,0.91695,0.9171,7.20,4.80
2009.10.02 11:55:06.471,0.91695,0.9171,5.50,9.20
2009.10.02 11:55:06.760,0.91695,0.9171,1.00,11.20
2009.10.02 11:55:07.100,0.91695,0.9171,13.10,4.00
2009.10.02 11:55:07.450,0.91695,0.9171,13.20,4.00
2009.10.02 11:55:07.780,0.91695,0.9171,9.20,4.40
2009.10.02 11:55:16.898,0.91695,0.9171,8.40,5.20
2009.10.02 11:55:17.078,0.91695,0.9171,7.20,5.20
2009.10.02 11:55:17.188,0.91695,0.91705,11.20,1.60
2009.10.02 11:55:17.358,0.91695,0.9171,16.30,4.40
2009.10.02 11:55:17.688,0.91695,0.9171,16.30,4.00
2009.10.02 11:55:17.978,0.91695,0.9171,16.30,4.00
2009.10.02 11:55:18.378,0.917,0.91715,8.00,3.60
2009.10.02 11:55:18.708,0.917,0.91715,16.40,1.60
2009.10.02 11:55:21.477,0.91705,0.91715,8.00,1.60
2009.10.02 11:55:21.837,0.91705,0.9172,8.00,4.00
2009.10.02 11:55:22.186,0.91705,0.9172,7.20,4.00
2009.10.02 11:55:22.816,0.91705,0.9172,8.00,4.00
2009.10.02 11:55:31.494,0.91705,0.9172,8.00,2.80
2009.10.02 11:55:34.473,0.917,0.9172,12.00,15.60
2009.10.02 11:55:34.823,0.917,0.91715,2.30,9.20
2009.10.02 11:55:34.883,0.917,0.91715,1.50,10.40
2009.10.02 11:55:34.943,0.91695,0.9171,19.20,2.40
2009.10.02 11:55:34.993,0.91695,0.9171,16.80,2.40
2009.10.02 11:55:35.053,0.91695,0.9171,16.80,2.80
2009.10.02 11:55:35.113,0.91695,0.9171,16.00,2.80
2009.10.02 11:55:35.163,0.91695,0.9171,16.00,2.40
2009.10.02 11:55:35.394,0.91695,0.9171,8.80,2.40
2009.10.02 11:55:35.454,0.91695,0.9171,8.70,2.40
2009.10.02 11:55:35.513,0.91695,0.9171,11.10,2.40
2009.10.02 11:55:35.863,0.91695,0.9171,15.90,2.80
2009.10.02 11:55:36.323,0.91695,0.9171,12.70,8.00
2009.10.02 11:55:36.613,0.91695,0.91705,1.00,4.00
2009.10.02 11:55:36.833,0.91695,0.91705,3.20,2.00
2009.10.02 11:55:37.013,0.91695,0.9171,7.90,2.80
2009.10.02 11:55:37.233,0.91695,0.9171,11.90,2.80
2009.10.02 11:55:37.873,0.91695,0.9171,11.90,2.40
2009.10.02 11:55:38.043,0.91695,0.9171,12.00,2.40
2009.10.02 11:55:38.793,0.91695,0.9171,15.20,2.40
2009.10.02 11:55:39.022,0.917,0.9171,3.90,2.40
2009.10.02 11:55:39.362,0.917,0.9171,4.70,2.40
2009.10.02 11:55:39.702,0.91695,0.9171,9.50,4.40
2009.10.02 11:55:40.052,0.91695,0.9171,17.30,2.40
2009.10.02 11:55:40.272,0.917,0.9171,4.70,2.40
2009.10.02 11:55:40.552,0.917,0.9171,3.90,2.40
2009.10.02 11:55:41.772,0.917,0.9171,4.70,2.40
2009.10.02 11:55:45.521,0.917,0.9171,3.90,2.40
2009.10.02 11:55:45.981,0.917,0.9171,4.80,2.40
2009.10.02 11:55:46.211,0.917,0.9171,4.00,2.40
2009.10.02 11:55:47.650,0.917,0.9171,4.70,2.40
2009.10.02 11:55:48.040,0.917,0.91715,8.00,4.00
2009.10.02 11:55:48.390,0.91705,0.9172,4.00,3.20
2009.10.02 11:55:49.070,0.91705,0.9172,7.20,3.20
2009.10.02 11:55:49.420,0.91705,0.91715,4.70,8.00
2009.10.02 11:55:49.750,0.91695,0.9171,15.90,3.10
2009.10.02 11:55:49.870,0.917,0.91715,2.40,5.70
2009.10.02 11:55:49.930,0.917,0.91715,7.10,6.40
2009.10.02 11:55:50.270,0.917,0.91715,7.90,2.80
2009.10.02 11:55:50.330,0.91705,0.91715,2.40,2.40
2009.10.02 11:55:50.500,0.917,0.91715,11.90,2.40
2009.10.02 11:55:51.010,0.917,0.91715,7.90,2.40
2009.10.02 11:55:52.029,0.917,0.91715,7.90,7.60
2009.10.02 11:55:52.419,0.91695,0.91715,12.00,14.40
2009.10.02 11:55:52.759,0.91695,0.9171,8.00,2.40
2009.10.02 11:55:54.649,0.91695,0.9171,7.20,3.20
2009.10.02 11:55:57.488,0.91695,0.9171,8.00,2.40
2009.10.02 11:55:59.887,0.91695,0.9171,7.20,3.20
2009.10.02 11:56:00.528,0.91695,0.9171,8.00,2.40
2009.10.02 11:56:07.356,0.91695,0.9171,7.20,3.20
2009.10.02 11:56:10.335,0.91695,0.91705,7.20,1.00
2009.10.02 11:56:10.735,0.9169,0.91705,3.90,3.20
2009.10.02 11:56:10.915,0.9169,0.917,4.00,2.40
2009.10.02 11:56:11.545,0.9169,0.917,3.90,2.40
2009.10.02 11:56:13.024,0.9169,0.91705,8.00,2.40
2009.10.02 11:56:13.254,0.9169,0.91705,15.10,1.60
2009.10.02 11:56:13.954,0.91695,0.91705,7.10,1.60
2009.10.02 11:56:16.943,0.91695,0.91705,11.20,1.60
2009.10.02 11:56:17.113,0.91695,0.91705,8.00,1.60
2009.10.02 11:56:20.053,0.917,0.91705,2.40,1.60
2009.10.02 11:56:20.283,0.91695,0.9171,8.80,4.00
2009.10.02 11:56:20.403,0.91695,0.9171,8.00,4.00
2009.10.02 11:56:21.452,0.91695,0.91705,7.90,1.60
2009.10.02 11:56:21.732,0.91695,0.91705,3.90,4.00
2009.10.02 11:56:23.252,0.91695,0.91705,4.70,1.60
2009.10.02 11:56:23.602,0.91695,0.91705,7.90,1.60
2009.10.02 11:56:24.172,0.9169,0.917,12.00,1.60
2009.10.02 11:56:24.701,0.9169,0.917,8.00,1.60
2009.10.02 11:56:27.521,0.91695,0.91705,3.20,3.60
2009.10.02 11:56:27.741,0.91695,0.91705,6.40,3.20
2009.10.02 11:56:27.921,0.91695,0.91705,7.90,1.60
2009.10.02 11:56:29.231,0.91695,0.91705,8.00,1.60
2009.10.02 11:56:32.020,0.91695,0.91705,4.80,9.20
2009.10.02 11:56:32.200,0.91695,0.917,1.50,1.60
2009.10.02 11:56:32.379,0.91695,0.91705,4.70,3.20
2009.10.02 11:56:32.600,0.91695,0.91705,4.70,3.20
2009.10.02 11:56:32.779,0.91695,0.91705,7.90,1.60
2009.10.02 11:56:34.039,0.91695,0.91705,8.00,1.60
2009.10.02 11:56:36.588,0.91695,0.91705,11.20,1.60
2009.10.02 11:56:36.698,0.91695,0.91705,12.00,1.60
2009.10.02 11:56:36.808,0.91695,0.9171,12.00,4.00
2009.10.02 11:56:37.388,0.917,0.9171,3.90,4.00
2009.10.02 11:56:38.828,0.917,0.9171,4.00,4.00
2009.10.02 11:56:39.178,0.91695,0.9171,12.00,4.40
2009.10.02 11:56:39.528,0.91695,0.9171,8.00,6.00
2009.10.02 11:56:39.818,0.91695,0.9171,8.80,11.20
2009.10.02 11:56:40.108,0.91695,0.9171,8.00,11.20
2009.10.02 11:56:41.568,0.91695,0.9171,7.20,12.00
2009.10.02 11:56:41.918,0.91695,0.91705,1.00,4.80
2009.10.02 11:56:42.198,0.9169,0.91705,2.40,8.00
2009.10.02 11:56:42.537,0.91695,0.91705,2.40,7.20
2009.10.02 11:56:42.877,0.9169,0.91705,7.90,5.20
2009.10.02 11:56:43.157,0.9169,0.91705,3.90,4.80
2009.10.02 11:56:44.227,0.9169,0.91705,7.90,4.80
2009.10.02 11:56:44.986,0.9169,0.91705,8.00,4.80
2009.10.02 11:56:45.047,0.9169,0.91705,8.00,4.80
2009.10.02 11:56:45.167,0.9169,0.91705,7.90,4.80
2009.10.02 11:56:45.226,0.9169,0.91705,3.90,4.80
2009.10.02 11:56:45.336,0.9169,0.91705,3.90,4.80
2009.10.02 11:56:45.446,0.9169,0.917,2.40,2.40
2009.10.02 11:56:45.497,0.9169,0.917,2.40,4.00
2009.10.02 11:56:45.677,0.9169,0.917,2.40,4.40
2009.10.02 11:56:46.066,0.9169,0.917,2.40,4.00
2009.10.02 11:56:46.626,0.9169,0.917,3.20,4.00
2009.10.02 11:56:46.856,0.9169,0.917,2.40,4.00
2009.10.02 11:56:52.275,0.91695,0.917,2.40,1.60
2009.10.02 11:56:52.445,0.9169,0.917,12.00,1.60
2009.10.02 11:56:52.615,0.9169,0.917,8.80,1.60
2009.10.02 11:56:52.835,0.9169,0.917,4.80,1.60
2009.10.02 11:56:54.514,0.9169,0.917,1.00,4.00
2009.10.02 11:56:54.734,0.9169,0.917,4.80,3.20
2009.10.02 11:56:54.914,0.9169,0.917,4.80,1.60
2009.10.02 11:56:58.093,0.9169,0.917,4.00,1.60
2009.10.02 11:56:58.274,0.9169,0.917,2.40,4.00
2009.10.02 11:56:58.453,0.91685,0.91695,13.10,2.40
2009.10.02 11:56:58.633,0.91685,0.91695,7.20,4.00
2009.10.02 11:56:59.163,0.91685,0.91695,7.20,1.60
2009.10.02 11:56:59.463,0.9169,0.917,3.20,4.00
2009.10.02 11:57:00.973,0.91685,0.917,16.30,4.00
2009.10.02 11:57:01.093,0.9169,0.917,3.20,4.00
2009.10.02 11:57:02.712,0.9169,0.917,2.40,4.00
2009.10.02 11:57:03.352,0.91685,0.917,12.00,4.00
2009.10.02 11:57:03.592,0.91685,0.91695,12.00,1.60
2009.10.02 11:57:04.632,0.91685,0.91695,15.20,1.60
2009.10.02 11:57:04.862,0.91685,0.917,15.20,4.40
2009.10.02 11:57:05.092,0.91685,0.917,16.00,4.00
2009.10.02 11:57:05.332,0.91685,0.917,15.20,4.00
2009.10.02 11:57:05.892,0.91685,0.917,15.20,4.00
2009.10.02 11:57:06.001,0.91685,0.917,15.90,4.00
2009.10.02 11:57:06.801,0.91685,0.917,15.90,4.60
2009.10.02 11:57:07.141,0.91685,0.917,12.00,4.60
2009.10.02 11:57:10.390,0.91685,0.91695,8.80,1.00
2009.10.02 11:57:10.620,0.91685,0.91695,6.40,2.90
2009.10.02 11:57:11.270,0.91685,0.91695,2.40,2.90
2009.10.02 11:57:15.799,0.91685,0.9169,2.30,1.00
2009.10.02 11:57:21.278,0.91685,0.91695,2.30,2.40
2009.10.02 11:57:23.887,0.91685,0.91695,2.40,2.40
2009.10.02 11:57:28.596,0.91685,0.91695,2.30,2.40
2009.10.02 11:57:28.766,0.91685,0.91695,1.50,2.40
2009.10.02 11:57:28.996,0.91685,0.91695,2.30,2.40
2009.10.02 11:57:29.356,0.91685,0.91695,1.50,2.40
2009.10.02 11:57:29.656,0.91685,0.91695,2.30,2.40
2009.10.02 11:57:29.896,0.91685,0.91695,1.50,2.40
2009.10.02 11:57:30.136,0.91685,0.91695,2.30,2.40
2009.10.02 11:57:31.865,0.91685,0.91695,1.50,2.40
2009.10.02 11:57:32.445,0.9168,0.91695,16.00,2.40
2009.10.02 11:57:39.153,0.91685,0.917,11.60,6.10
2009.10.02 11:57:39.333,0.91685,0.917,11.60,5.60
2009.10.02 11:57:39.623,0.91685,0.917,14.00,2.40
2009.10.02 11:57:40.743,0.91685,0.917,9.10,3.20
2009.10.02 11:57:40.803,0.91685,0.917,7.90,4.80
2009.10.02 11:57:40.903,0.91685,0.91695,5.50,2.40
2009.10.02 11:57:40.963,0.91685,0.91695,1.50,2.40
2009.10.02 11:57:45.872,0.91685,0.91695,1.60,2.40
2009.10.02 11:57:45.982,0.91685,0.91695,1.60,2.40
2009.10.02 11:57:46.562,0.91685,0.91695,1.50,2.40
2009.10.02 11:57:49.051,0.91685,0.91695,1.60,2.40
2009.10.02 11:57:49.221,0.91685,0.917,8.00,2.80
2009.10.02 11:57:49.441,0.91685,0.917,12.00,2.80
2009.10.02 11:57:49.621,0.91685,0.917,11.10,4.70
2009.10.02 11:57:49.921,0.91685,0.917,5.50,3.90
2009.10.02 11:57:53.770,0.91685,0.917,1.50,4.70
2009.10.02 11:57:54.470,0.91685,0.91695,2.30,2.40
2009.10.02 11:57:54.810,0.91685,0.91695,5.50,2.40
2009.10.02 11:57:55.160,0.91685,0.91695,8.80,2.40
2009.10.02 11:57:56.259,0.91685,0.91695,5.60,2.40
2009.10.02 11:57:56.489,0.91685,0.91695,1.50,2.40
2009.10.02 11:57:57.109,0.91685,0.91695,5.50,2.40
2009.10.02 11:57:57.699,0.91685,0.91695,1.50,2.40
2009.10.02 11:58:01.788,0.91685,0.91695,2.30,2.40
2009.10.02 11:58:05.397,0.91685,0.91695,4.70,2.40
2009.10.02 11:58:05.517,0.91685,0.91695,7.90,2.40
2009.10.02 11:58:07.487,0.91685,0.91695,11.90,2.40
2009.10.02 11:58:07.997,0.91685,0.91695,7.90,2.40
2009.10.02 11:58:09.046,0.91685,0.91695,11.90,2.40
2009.10.02 11:58:09.556,0.91685,0.917,16.30,2.40
2009.10.02 11:58:09.776,0.9169,0.917,5.50,2.40
2009.10.02 11:58:10.236,0.9169,0.917,4.70,2.40
2009.10.02 11:58:11.996,0.9169,0.917,4.80,2.40
2009.10.02 11:58:12.406,0.9169,0.917,12.80,2.40
2009.10.02 11:58:12.575,0.917,0.9171,3.60,12.00
2009.10.02 11:58:12.745,0.917,0.9171,2.40,5.20
2009.10.02 11:58:12.926,0.91695,0.9171,7.20,3.60
2009.10.02 11:58:13.095,0.917,0.9171,3.90,1.00
2009.10.02 11:58:13.275,0.917,0.91715,3.90,10.10
2009.10.02 11:58:13.625,0.917,0.91715,3.90,3.20
2009.10.02 11:58:13.975,0.917,0.91715,4.70,2.40
2009.10.02 11:58:14.655,0.91695,0.9171,11.10,2.40
2009.10.02 11:58:14.985,0.91695,0.9171,15.10,2.40
2009.10.02 11:58:16.705,0.917,0.9171,2.40,3.20
2009.10.02 11:58:16.824,0.91695,0.9171,7.20,3.20
2009.10.02 11:58:17.504,0.91695,0.9171,7.10,3.20
2009.10.02 11:58:18.204,0.91695,0.9171,7.20,3.20
2009.10.02 11:58:18.544,0.91695,0.9171,7.10,3.20
2009.10.02 11:58:18.934,0.91695,0.9171,7.20,3.20
2009.10.02 11:58:19.234,0.91695,0.9171,8.00,2.80
2009.10.02 11:58:19.974,0.91695,0.9171,8.00,2.40
2009.10.02 11:58:21.483,0.91695,0.9171,7.10,3.20
2009.10.02 11:58:21.823,0.91695,0.9171,11.60,2.40
2009.10.02 11:58:22.113,0.91695,0.9171,8.80,2.40
2009.10.02 11:58:22.353,0.91695,0.9171,8.00,2.40
2009.10.02 11:58:23.453,0.91705,0.91715,3.90,2.80
2009.10.02 11:58:23.833,0.91695,0.91715,9.20,18.00
2009.10.02 11:58:24.183,0.91695,0.9171,8.40,2.40
2009.10.02 11:58:24.992,0.91695,0.9171,8.40,2.40
2009.10.02 11:58:25.272,0.917,0.91715,5.60,18.00
2009.10.02 11:58:25.383,0.917,0.91715,7.20,14.80
2009.10.02 11:58:25.442,0.917,0.91715,7.10,14.40
2009.10.02 11:58:25.552,0.917,0.91715,3.90,9.20
2009.10.02 11:58:25.612,0.917,0.91715,3.90,9.20
2009.10.02 11:58:25.892,0.917,0.9171,4.70,2.40
2009.10.02 11:58:25.943,0.917,0.9171,2.30,2.40
2009.10.02 11:58:26.282,0.917,0.9171,3.90,2.40
2009.10.02 11:58:26.562,0.91695,0.9171,12.00,2.40
2009.10.02 11:58:26.852,0.91695,0.9171,8.00,2.40
2009.10.02 11:58:29.521,0.91695,0.9171,7.90,2.40
2009.10.02 11:58:29.811,0.91695,0.9171,8.00,2.40
2009.10.02 11:58:31.331,0.91695,0.9171,7.20,3.20
2009.10.02 11:58:31.501,0.91695,0.9171,7.10,3.20
2009.10.02 11:58:31.771,0.91695,0.9171,8.00,2.40
2009.10.02 11:58:34.601,0.91695,0.91705,4.70,4.00
2009.10.02 11:58:34.880,0.9169,0.91705,8.80,4.00
2009.10.02 11:58:35.280,0.9169,0.9171,8.80,10.40
2009.10.02 11:58:35.390,0.9169,0.9171,12.40,7.60
2009.10.02 11:58:35.560,0.9169,0.9171,16.40,2.80
2009.10.02 11:58:36.380,0.91695,0.9171,8.00,2.40
2009.10.02 11:58:37.360,0.91695,0.9171,7.10,3.60
2009.10.02 11:58:37.999,0.91695,0.9171,7.20,3.60
2009.10.02 11:58:39.279,0.91695,0.9171,7.20,6.80
2009.10.02 11:58:39.559,0.91695,0.91705,3.90,2.40
2009.10.02 11:58:40.609,0.91695,0.91705,1.50,2.40
2009.10.02 11:58:40.669,0.9169,0.91705,11.90,2.40
2009.10.02 11:58:40.839,0.9169,0.91705,3.90,3.20
2009.10.02 11:58:41.069,0.9169,0.917,3.90,2.40
2009.10.02 11:58:41.989,0.91685,0.917,11.90,2.40
2009.10.02 11:58:42.568,0.91685,0.917,7.90,2.40
2009.10.02 11:58:43.628,0.91685,0.917,11.90,2.40
2009.10.02 11:58:43.868,0.91685,0.917,7.90,2.40
2009.10.02 11:58:44.098,0.91685,0.917,11.90,2.40
2009.10.02 11:58:44.328,0.9169,0.91705,2.40,12.10
2009.10.02 11:58:44.828,0.9169,0.91705,2.40,8.90
2009.10.02 11:58:44.948,0.9169,0.91705,3.90,8.90
2009.10.02 11:58:45.608,0.9169,0.91705,3.90,12.10
2009.10.02 11:58:45.907,0.9169,0.91705,3.90,15.30
2009.10.02 11:58:46.147,0.9169,0.91705,2.40,15.40
2009.10.02 11:58:48.137,0.91685,0.91705,12.00,15.40
2009.10.02 11:58:48.257,0.91685,0.917,11.90,2.40
2009.10.02 11:58:48.667,0.9169,0.917,3.90,2.40
2009.10.02 11:58:49.017,0.9169,0.917,1.50,8.40
2009.10.02 11:58:49.177,0.9169,0.917,3.20,10.40
2009.10.02 11:58:49.517,0.91685,0.917,7.20,5.20
2009.10.02 11:58:50.396,0.91685,0.917,7.20,8.40
2009.10.02 11:58:50.516,0.91685,0.917,4.00,8.40
2009.10.02 11:58:50.976,0.9168,0.917,12.00,18.10
2009.10.02 11:58:51.266,0.9168,0.917,15.20,9.70
2009.10.02 11:58:51.546,0.91685,0.91695,3.90,2.40
2009.10.02 11:58:52.906,0.9168,0.91695,11.10,3.20
2009.10.02 11:58:53.236,0.9168,0.91695,7.10,3.20
2009.10.02 11:58:53.916,0.9168,0.91695,7.90,2.40
2009.10.02 11:58:54.215,0.9168,0.91695,23.50,2.40
2009.10.02 11:58:55.325,0.9168,0.917,22.70,4.00
2009.10.02 11:58:55.615,0.91685,0.917,3.90,6.40
2009.10.02 11:58:55.785,0.91685,0.917,3.90,6.80
2009.10.02 11:58:56.005,0.91685,0.917,3.90,6.00
2009.10.02 11:58:56.545,0.91685,0.91695,2.40,1.60
2009.10.02 11:58:56.995,0.9168,0.91695,11.10,2.40
2009.10.02 11:58:57.285,0.9168,0.91695,11.10,3.20
2009.10.02 11:58:57.625,0.9168,0.91695,12.00,2.40
2009.10.02 11:58:59.264,0.9168,0.91695,12.00,4.00
2009.10.02 11:59:04.923,0.91685,0.917,7.10,4.80
2009.10.02 11:59:05.143,0.91685,0.917,7.90,4.00
2009.10.02 11:59:05.323,0.91685,0.917,12.00,4.00
2009.10.02 11:59:05.553,0.9169,0.917,3.90,4.00
2009.10.02 11:59:07.752,0.9169,0.917,3.90,1.60
2009.10.02 11:59:07.922,0.9169,0.91705,7.10,8.00
2009.10.02 11:59:08.102,0.9169,0.91705,7.90,4.00
2009.10.02 11:59:08.602,0.91695,0.91705,9.50,1.60
2009.10.02 11:59:08.953,0.91695,0.91705,7.10,2.40
2009.10.02 11:59:09.302,0.91695,0.91705,7.10,4.00
2009.10.02 11:59:09.602,0.9169,0.91705,12.00,4.00
2009.10.02 11:59:09.952,0.9169,0.91705,8.80,4.00
2009.10.02 11:59:10.242,0.91695,0.91705,9.50,1.60
2009.10.02 11:59:11.241,0.91695,0.91705,9.60,1.60
2009.10.02 11:59:12.481,0.91695,0.91705,14.30,1.60
2009.10.02 11:59:12.881,0.917,0.9171,7.10,1.60
2009.10.02 11:59:14.101,0.917,0.9171,7.20,1.60
2009.10.02 11:59:15.831,0.917,0.9171,7.10,2.40
2009.10.02 11:59:15.951,0.91695,0.9171,9.60,4.80
2009.10.02 11:59:16.060,0.91695,0.9171,9.60,4.80
2009.10.02 11:59:16.290,0.91695,0.91705,9.50,1.60
2009.10.02 11:59:16.410,0.91695,0.91705,7.20,1.60
2009.10.02 11:59:16.640,0.91695,0.91705,9.60,1.60
2009.10.02 11:59:18.390,0.91695,0.91705,7.20,1.60
2009.10.02 11:59:19.149,0.91695,0.91705,3.90,4.00
2009.10.02 11:59:21.889,0.9169,0.91705,8.00,4.00
2009.10.02 11:59:22.998,0.9169,0.91705,8.00,4.00
2009.10.02 11:59:23.278,0.9169,0.91705,11.90,4.00
2009.10.02 11:59:25.008,0.91685,0.917,20.00,4.00
2009.10.02 11:59:25.238,0.91685,0.91695,10.40,1.60
2009.10.02 11:59:28.807,0.91685,0.91695,13.60,1.60
2009.10.02 11:59:28.987,0.91685,0.91695,14.40,1.60
2009.10.02 11:59:29.317,0.91685,0.917,15.60,6.00
2009.10.02 11:59:29.707,0.91685,0.917,15.60,5.60
2009.10.02 11:59:30.397,0.91695,0.917,7.10,1.60
2009.10.02 11:59:30.517,0.91695,0.91705,7.10,2.40
2009.10.02 11:59:30.627,0.91695,0.9171,7.10,5.20
2009.10.02 11:59:30.967,0.91695,0.91705,7.10,1.60
2009.10.02 11:59:31.886,0.91695,0.91705,7.20,1.60
2009.10.02 11:59:32.107,0.91695,0.91705,7.20,1.60
2009.10.02 11:59:32.396,0.91695,0.91705,9.60,1.60
2009.10.02 11:59:33.576,0.91695,0.91705,10.40,1.60
2009.10.02 11:59:33.756,0.91695,0.91705,9.60,1.60
2009.10.02 11:59:34.136,0.91695,0.91705,6.30,1.60
2009.10.02 11:59:34.376,0.91695,0.91705,3.90,4.00
2009.10.02 11:59:36.475,0.91695,0.91705,1.50,4.00
2009.10.02 11:59:36.706,0.9169,0.91705,15.20,4.00
2009.10.02 11:59:36.995,0.9169,0.91705,15.10,4.00
2009.10.02 11:59:43.144,0.91695,0.91705,9.60,1.60
2009.10.02 11:59:45.593,0.91695,0.91705,7.20,1.60
2009.10.02 11:59:46.283,0.91695,0.91705,8.00,1.60
2009.10.02 11:59:46.523,0.917,0.91705,2.40,1.60
2009.10.02 11:59:46.753,0.91695,0.9171,9.60,8.00
2009.10.02 11:59:46.983,0.91695,0.91705,7.20,1.60
2009.10.02 11:59:50.242,0.91695,0.91705,12.00,1.60
2009.10.02 11:59:50.542,0.917,0.9171,3.90,1.60
2009.10.02 11:59:52.112,0.917,0.9171,4.00,1.60
2009.10.02 11:59:52.332,0.91695,0.9171,11.20,4.00
2009.10.02 11:59:52.621,0.91695,0.9171,9.60,4.80
2009.10.02 11:59:52.862,0.91695,0.9171,10.80,4.40
2009.10.02 11:59:53.431,0.91695,0.91705,10.40,1.60
2009.10.02 11:59:55.581,0.917,0.91705,3.90,1.60
2009.10.02 11:59:55.821,0.917,0.9171,3.90,1.60
2009.10.02 11:59:56.041,0.917,0.9171,2.40,1.60
2009.10.02 11:59:56.161,0.91695,0.9171,13.60,4.00
2009.10.02 11:59:56.281,0.91695,0.9171,14.10,4.00
2009.10.02 11:59:56.391,0.91695,0.9171,14.00,1.60
2009.10.02 11:59:56.801,0.917,0.9171,1.00,4.00
2009.10.02 11:59:57.151,0.91695,0.9171,10.40,4.00
2009.10.02 11:59:57.850,0.91695,0.9171,14.40,1.60
2009.10.02 11:59:58.200,0.91695,0.9171,19.20,1.60
2009.10.02 11:59:58.480,0.91695,0.9171,6.40,4.00
2009.10.02 11:59:58.830,0.91695,0.9171,2.40,6.90
2009.10.02 11:59:59.220,0.91695,0.9171,2.40,10.10
2009.10.02 11:59:59.910,0.9169,0.9171,8.00,19.30
