2012.04.27 07:00:00.433,0.81449,0.81458,1.13,1.50
2012.04.27 07:00:00.964,0.8145,0.8146,1.88,1.50
2012.04.27 07:00:01.482,0.81451,0.81462,1.50,2.25
2012.04.27 07:00:02.117,0.81449,0.8146,1.13,1.50
2012.04.27 07:00:02.633,0.81449,0.81461,2.63,2.25
2012.04.27 07:00:02.844,0.81449,0.81457,1.13,1.50
2012.04.27 07:00:03.171,0.8145,0.81458,2.25,1.50
2012.04.27 07:00:03.373,0.8145,0.8146,2.25,1.50
2012.04.27 07:00:03.564,0.8145,0.81457,1.13,1.50
2012.04.27 07:00:04.095,0.8145,0.81457,1.13,1.50
2012.04.27 07:00:04.283,0.8145,0.81457,1.13,1.50
2012.04.27 07:00:08.576,0.81447,0.81457,4.88,1.50
2012.04.27 07:00:08.785,0.81452,0.81461,1.50,1.88
2012.04.27 07:00:08.923,0.81447,0.81457,2.63,1.50
2012.04.27 07:00:08.993,0.81448,0.81457,1.13,1.50
2012.04.27 07:00:09.569,0.81448,0.81456,1.13,1.50
2012.04.27 07:00:09.650,0.81453,0.81459,1.50,1.88
2012.04.27 07:00:10.227,0.81449,0.81459,1.50,2.63
2012.04.27 07:00:10.545,0.81446,0.81456,2.25,1.50
2012.04.27 07:00:10.614,0.81445,0.81454,1.35,1.50
2012.04.27 07:00:10.825,0.81447,0.81457,1.50,2.25
2012.04.27 07:00:11.943,0.8145,0.81458,1.50,2.25
2012.04.27 07:00:13.563,0.81452,0.8146,1.50,1.50
2012.04.27 07:00:13.704,0.81446,0.81457,2.25,1.50
2012.04.27 07:00:14.222,0.81445,0.81457,1.50,3.00
2012.04.27 07:00:14.354,0.81449,0.81457,1.50,3.00
2012.04.27 07:00:14.633,0.81441,0.81451,2.10,1.50
2012.04.27 07:00:14.706,0.81444,0.81454,1.50,1.50
2012.04.27 07:00:16.257,0.81448,0.81454,1.50,1.50
2012.04.27 07:00:16.457,0.81444,0.81456,5.31,2.25
2012.04.27 07:00:16.524,0.8145,0.81461,1.50,1.88
2012.04.27 07:00:17.155,0.81449,0.81459,2.25,1.50
2012.04.27 07:00:17.661,0.81446,0.81458,2.25,1.69
2012.04.27 07:00:18.018,0.81444,0.81456,5.48,1.50
2012.04.27 07:00:18.565,0.81446,0.81458,2.25,1.50
2012.04.27 07:00:19.262,0.81446,0.81458,2.63,1.50
2012.04.27 07:00:19.522,0.81446,0.81455,1.13,1.50
2012.04.27 07:00:20.025,0.81446,0.81453,1.13,1.50
2012.04.27 07:00:21.094,0.81444,0.81453,1.13,1.50
2012.04.27 07:00:21.918,0.81444,0.81452,1.13,1.50
2012.04.27 07:00:22.434,0.81444,0.81453,1.13,1.50
2012.04.27 07:00:24.345,0.81445,0.81453,2.25,1.50
2012.04.27 07:00:24.415,0.81449,0.81459,1.50,1.13
2012.04.27 07:00:24.932,0.81448,0.8146,2.25,3.00
2012.04.27 07:00:25.061,0.81447,0.81457,2.25,1.50
2012.04.27 07:00:25.313,0.81447,0.81459,2.25,1.50
2012.04.27 07:00:25.875,0.81448,0.81458,1.13,1.50
2012.04.27 07:00:28.226,0.81446,0.81455,1.13,1.50
2012.04.27 07:00:28.743,0.81446,0.81455,1.13,1.50
2012.04.27 07:00:29.675,0.81447,0.81458,1.13,1.50
2012.04.27 07:00:29.745,0.81445,0.81456,1.13,1.50
2012.04.27 07:00:29.875,0.81445,0.81455,1.13,1.50
2012.04.27 07:00:30.011,0.81445,0.81453,1.13,1.50
2012.04.27 07:00:30.524,0.81444,0.81454,1.13,1.50
2012.04.27 07:00:33.328,0.81445,0.81453,1.88,1.50
2012.04.27 07:00:33.407,0.8145,0.8146,1.50,2.63
2012.04.27 07:00:33.554,0.81451,0.81462,1.50,1.13
2012.04.27 07:00:35.073,0.81451,0.81461,2.25,1.50
2012.04.27 07:00:35.501,0.81448,0.81458,1.13,1.50
2012.04.27 07:00:35.642,0.8145,0.81462,2.25,2.25
2012.04.27 07:00:35.782,0.81448,0.81458,1.13,1.50
2012.04.27 07:00:38.572,0.8145,0.81459,1.13,1.50
2012.04.27 07:00:38.892,0.8145,0.81457,1.13,1.50
2012.04.27 07:00:39.580,0.8145,0.81458,1.13,1.50
2012.04.27 07:00:40.560,0.8145,0.81458,1.13,1.50
2012.04.27 07:00:41.182,0.81448,0.81458,1.88,1.50
2012.04.27 07:00:41.524,0.81446,0.81456,1.13,1.50
2012.04.27 07:00:42.054,0.81447,0.81457,2.63,1.50
2012.04.27 07:00:42.647,0.81449,0.81459,1.50,1.50
2012.04.27 07:00:43.184,0.8145,0.81458,1.50,1.50
2012.04.27 07:00:43.982,0.8145,0.81459,1.13,1.50
2012.04.27 07:00:44.315,0.8145,0.81461,1.13,1.50
2012.04.27 07:00:44.625,0.81451,0.81459,1.88,1.50
2012.04.27 07:00:44.766,0.81451,0.81461,1.88,1.50
2012.04.27 07:00:44.964,0.81451,0.81463,4.13,1.50
2012.04.27 07:00:45.104,0.81455,0.81465,1.50,2.25
2012.04.27 07:00:45.614,0.81455,0.81465,1.88,1.50
2012.04.27 07:00:46.131,0.81456,0.81465,1.50,1.88
2012.04.27 07:00:46.850,0.81456,0.81465,1.50,1.88
2012.04.27 07:00:47.134,0.81455,0.81466,1.88,1.50
2012.04.27 07:00:47.393,0.81458,0.81466,1.50,1.50
2012.04.27 07:00:48.135,0.81456,0.81466,1.50,1.50
2012.04.27 07:00:48.322,0.81458,0.81466,1.50,1.50
2012.04.27 07:00:48.646,0.81456,0.81466,1.50,3.75
2012.04.27 07:00:48.922,0.81453,0.81462,1.13,1.50
2012.04.27 07:00:49.472,0.81453,0.81463,1.50,1.50
2012.04.27 07:00:49.920,0.81455,0.81464,1.50,1.50
2012.04.27 07:00:50.327,0.8145,0.81462,1.88,2.63
2012.04.27 07:00:50.524,0.81448,0.8146,3.60,1.50
2012.04.27 07:00:50.843,0.81448,0.81457,2.10,1.50
2012.04.27 07:00:51.386,0.81448,0.81458,3.23,1.50
2012.04.27 07:00:53.229,0.81449,0.81459,1.13,1.50
2012.04.27 07:00:54.136,0.81449,0.81458,1.13,1.50
2012.04.27 07:00:54.535,0.81448,0.81457,1.73,1.50
2012.04.27 07:00:54.663,0.81448,0.81455,1.13,1.50
2012.04.27 07:00:55.187,0.81445,0.81455,3.38,1.50
2012.04.27 07:00:55.513,0.81444,0.81453,1.13,1.50
2012.04.27 07:00:56.532,0.81444,0.81453,1.13,1.50
2012.04.27 07:00:58.185,0.81446,0.81456,1.13,1.50
2012.04.27 07:00:58.683,0.81447,0.81456,1.88,1.50
2012.04.27 07:00:58.753,0.81448,0.81458,1.88,1.50
2012.04.27 07:00:59.315,0.8145,0.8146,1.88,3.00
2012.04.27 07:00:59.585,0.81451,0.81463,1.50,5.25
2012.04.27 07:01:00.141,0.81449,0.81461,1.88,1.50
2012.04.27 07:01:00.220,0.81454,0.81463,1.50,2.63
2012.04.27 07:01:00.543,0.81449,0.81459,2.63,1.50
2012.04.27 07:01:01.402,0.81449,0.81461,2.63,1.50
2012.04.27 07:01:01.603,0.81452,0.81462,1.50,1.50
2012.04.27 07:01:01.754,0.81452,0.81464,1.50,3.75
2012.04.27 07:01:01.882,0.81452,0.81462,1.50,1.50
2012.04.27 07:01:02.426,0.81453,0.81463,1.50,1.50
2012.04.27 07:01:02.496,0.81451,0.81463,1.50,1.50
2012.04.27 07:01:03.259,0.8145,0.81462,2.63,2.25
2012.04.27 07:01:03.794,0.81452,0.81463,1.50,2.16
2012.04.27 07:01:04.354,0.81451,0.81461,1.50,3.38
2012.04.27 07:01:04.875,0.81448,0.8146,2.63,3.00
2012.04.27 07:01:06.136,0.81449,0.81459,1.88,1.50
2012.04.27 07:01:06.713,0.8145,0.8146,1.88,2.25
2012.04.27 07:01:08.763,0.81448,0.81459,1.13,1.50
2012.04.27 07:01:09.190,0.81451,0.81461,1.50,1.50
2012.04.27 07:01:09.722,0.81448,0.8146,1.88,1.50
2012.04.27 07:01:10.524,0.81449,0.81461,1.88,2.25
2012.04.27 07:01:11.071,0.8145,0.8146,1.88,1.50
2012.04.27 07:01:11.501,0.81454,0.81461,1.50,1.50
2012.04.27 07:01:12.061,0.8145,0.81462,1.88,3.00
2012.04.27 07:01:12.562,0.8145,0.8146,2.03,1.50
2012.04.27 07:01:13.006,0.81454,0.81463,1.50,2.63
2012.04.27 07:01:13.782,0.81457,0.81463,1.50,2.25
2012.04.27 07:01:14.293,0.81457,0.81463,1.50,2.25
2012.04.27 07:01:14.367,0.81454,0.81463,1.50,2.25
2012.04.27 07:01:14.998,0.81454,0.81463,1.50,2.25
2012.04.27 07:01:15.192,0.8145,0.8146,1.50,1.50
2012.04.27 07:01:15.334,0.81448,0.81458,3.98,1.50
2012.04.27 07:01:15.686,0.81448,0.81457,1.50,4.50
2012.04.27 07:01:15.818,0.81448,0.81458,1.50,4.13
2012.04.27 07:01:16.361,0.81447,0.81457,3.00,1.50
2012.04.27 07:01:17.206,0.81447,0.81458,3.00,1.50
2012.04.27 07:01:18.632,0.81447,0.81457,2.82,1.50
2012.04.27 07:01:19.182,0.81448,0.81458,1.88,2.25
2012.04.27 07:01:19.574,0.81446,0.81456,2.03,1.50
2012.04.27 07:01:19.925,0.81444,0.81452,1.50,1.50
2012.04.27 07:01:20.135,0.8145,0.81458,1.50,1.50
2012.04.27 07:01:20.698,0.81451,0.81458,1.50,1.50
2012.04.27 07:01:21.294,0.81451,0.81457,1.50,1.50
2012.04.27 07:01:22.035,0.81449,0.81457,1.50,1.50
2012.04.27 07:01:22.304,0.81451,0.81459,1.50,1.88
2012.04.27 07:01:22.865,0.81449,0.81459,1.50,2.25
2012.04.27 07:01:23.143,0.81449,0.81457,1.50,1.50
2012.04.27 07:01:23.215,0.81446,0.81456,3.60,1.50
2012.04.27 07:01:23.664,0.8145,0.81459,1.50,1.50
2012.04.27 07:01:23.804,0.81451,0.81461,1.50,2.25
2012.04.27 07:01:23.946,0.81453,0.81461,1.13,1.50
2012.04.27 07:01:24.155,0.81453,0.81462,1.13,1.50
2012.04.27 07:01:24.436,0.81451,0.81461,1.88,2.25
2012.04.27 07:01:24.785,0.81448,0.81457,2.48,1.50
2012.04.27 07:01:24.985,0.81452,0.81462,1.88,3.00
2012.04.27 07:01:26.322,0.8145,0.8146,1.50,1.50
2012.04.27 07:01:26.834,0.81449,0.81459,1.88,2.25
2012.04.27 07:01:27.365,0.81447,0.81457,1.88,2.25
2012.04.27 07:01:27.492,0.81447,0.81457,1.88,2.25
2012.04.27 07:01:28.431,0.81448,0.81457,1.50,1.50
2012.04.27 07:01:29.416,0.81452,0.81459,1.50,1.50
2012.04.27 07:01:29.492,0.81452,0.81459,1.50,1.50
2012.04.27 07:01:30.717,0.81451,0.8146,1.50,3.84
2012.04.27 07:01:31.222,0.81451,0.81457,1.50,2.63
2012.04.27 07:01:31.603,0.81447,0.81457,1.50,1.50
2012.04.27 07:01:31.743,0.81444,0.81456,1.88,2.25
2012.04.27 07:01:32.114,0.81447,0.81458,1.50,1.88
2012.04.27 07:01:32.241,0.81447,0.81458,1.50,1.13
2012.04.27 07:01:33.001,0.8145,0.81459,1.50,1.50
2012.04.27 07:01:33.533,0.81449,0.81459,1.50,3.00
2012.04.27 07:01:34.259,0.81447,0.81457,1.88,2.25
2012.04.27 07:01:34.404,0.81447,0.81458,1.88,1.50
2012.04.27 07:01:34.844,0.8145,0.81458,1.50,1.50
2012.04.27 07:01:35.654,0.81451,0.8146,1.50,2.44
2012.04.27 07:01:36.256,0.81451,0.8146,1.50,2.82
2012.04.27 07:01:36.775,0.81451,0.81457,1.50,1.50
2012.04.27 07:01:36.919,0.81445,0.81455,1.50,2.25
2012.04.27 07:01:37.067,0.81443,0.81453,2.25,1.50
2012.04.27 07:01:37.414,0.81442,0.81451,1.13,1.50
2012.04.27 07:01:37.485,0.81442,0.81454,2.63,3.38
2012.04.27 07:01:38.035,0.81441,0.81453,1.13,1.50
2012.04.27 07:01:38.599,0.81441,0.81452,1.88,1.50
2012.04.27 07:01:39.122,0.81442,0.8145,2.25,1.50
2012.04.27 07:01:39.194,0.81442,0.81453,2.25,1.50
2012.04.27 07:01:40.554,0.81441,0.81453,2.63,1.50
2012.04.27 07:01:40.953,0.81441,0.81451,2.78,1.50
2012.04.27 07:01:41.614,0.81441,0.81453,3.94,1.50
2012.04.27 07:01:42.123,0.81442,0.81453,1.13,1.50
2012.04.27 07:01:42.256,0.81444,0.81454,1.88,1.50
2012.04.27 07:01:42.812,0.81441,0.81453,3.57,1.50
2012.04.27 07:01:43.352,0.81444,0.81455,1.13,1.50
2012.04.27 07:01:43.882,0.81442,0.81452,2.82,1.50
2012.04.27 07:01:46.493,0.81443,0.81453,1.88,1.50
2012.04.27 07:01:47.022,0.81442,0.81452,2.63,1.50
2012.04.27 07:01:47.164,0.81443,0.81454,1.13,1.50
2012.04.27 07:01:47.373,0.81445,0.81454,1.88,1.50
2012.04.27 07:01:47.882,0.81449,0.81459,1.50,1.88
2012.04.27 07:01:47.960,0.81444,0.81453,1.47,1.50
2012.04.27 07:01:50.737,0.81445,0.81455,1.13,2.25
2012.04.27 07:01:51.154,0.81445,0.81455,1.50,3.00
2012.04.27 07:01:51.223,0.81444,0.81454,1.88,2.25
2012.04.27 07:01:51.434,0.81442,0.8145,1.28,1.50
2012.04.27 07:01:51.787,0.81439,0.81448,2.03,1.50
2012.04.27 07:01:52.721,0.81438,0.81447,3.15,1.50
2012.04.27 07:01:53.021,0.81435,0.81443,2.25,1.50
2012.04.27 07:01:53.719,0.81432,0.81442,1.88,1.50
2012.04.27 07:01:54.641,0.81432,0.81443,1.88,1.69
2012.04.27 07:01:54.724,0.8143,0.8144,1.88,1.50
2012.04.27 07:01:54.796,0.81433,0.81443,1.50,2.44
2012.04.27 07:01:55.006,0.81435,0.81445,1.50,2.46
2012.04.27 07:01:55.280,0.81435,0.81445,1.50,1.50
2012.04.27 07:01:55.499,0.81435,0.81443,1.50,1.50
2012.04.27 07:01:55.580,0.81431,0.81441,1.69,2.25
2012.04.27 07:01:55.728,0.81432,0.81441,1.88,2.25
2012.04.27 07:01:55.875,0.81437,0.81447,1.50,2.16
2012.04.27 07:01:57.063,0.81437,0.81447,1.50,2.44
2012.04.27 07:01:58.223,0.81437,0.81447,1.50,2.25
2012.04.27 07:01:58.553,0.81433,0.81445,3.68,1.50
2012.04.27 07:01:58.892,0.81436,0.81446,2.25,2.25
2012.04.27 07:01:59.789,0.81439,0.81448,1.50,1.41
2012.04.27 07:02:00.218,0.8144,0.81448,1.13,1.50
2012.04.27 07:02:00.297,0.81439,0.81451,3.75,1.80
2012.04.27 07:02:00.644,0.81442,0.81452,1.50,2.25
2012.04.27 07:02:00.856,0.81442,0.81454,2.44,2.25
2012.04.27 07:02:01.138,0.81447,0.81457,1.50,2.91
2012.04.27 07:02:02.136,0.81444,0.81454,1.50,1.50
2012.04.27 07:02:02.863,0.81442,0.81452,1.88,1.50
2012.04.27 07:02:03.316,0.8144,0.8145,1.69,1.50
2012.04.27 07:02:04.668,0.81441,0.81451,1.50,2.25
2012.04.27 07:02:05.307,0.81441,0.81447,1.50,1.13
2012.04.27 07:02:05.445,0.81438,0.81445,1.50,1.50
2012.04.27 07:02:05.515,0.81435,0.81445,1.50,3.00
2012.04.27 07:02:05.591,0.81435,0.81445,1.50,3.00
2012.04.27 07:02:05.937,0.81431,0.81442,2.63,5.25
2012.04.27 07:02:06.158,0.81432,0.81442,1.50,2.25
2012.04.27 07:02:06.785,0.81435,0.81445,1.50,3.00
2012.04.27 07:02:07.113,0.81432,0.81442,1.88,1.50
2012.04.27 07:02:07.454,0.81435,0.81447,1.50,3.00
2012.04.27 07:02:08.147,0.81435,0.81444,1.50,2.25
2012.04.27 07:02:08.892,0.81431,0.81441,1.73,1.50
2012.04.27 07:02:10.115,0.81432,0.81441,1.13,1.50
2012.04.27 07:02:11.549,0.81432,0.8144,1.13,1.50
2012.04.27 07:02:11.626,0.81432,0.81442,1.13,1.50
2012.04.27 07:02:12.417,0.81432,0.81441,1.13,1.50
2012.04.27 07:02:12.945,0.81432,0.8144,1.88,1.50
2012.04.27 07:02:13.407,0.81432,0.81442,3.38,1.50
2012.04.27 07:02:13.747,0.81432,0.8144,1.13,1.50
2012.04.27 07:02:14.283,0.81432,0.81441,1.13,1.50
2012.04.27 07:02:14.801,0.81432,0.8144,1.13,1.50
2012.04.27 07:02:15.445,0.81433,0.81445,1.88,4.50
2012.04.27 07:02:16.207,0.81432,0.81442,2.63,1.50
2012.04.27 07:02:16.764,0.81432,0.81441,1.13,1.50
2012.04.27 07:02:17.573,0.81433,0.81444,1.13,1.50
2012.04.27 07:02:17.648,0.81436,0.81446,1.50,1.88
2012.04.27 07:02:17.865,0.81436,0.81448,2.25,2.25
2012.04.27 07:02:18.397,0.81439,0.81448,1.50,1.50
2012.04.27 07:02:18.971,0.81435,0.81445,1.50,1.50
2012.04.27 07:02:19.505,0.81434,0.81446,2.25,3.00
2012.04.27 07:02:19.788,0.81437,0.81448,1.50,3.66
2012.04.27 07:02:19.929,0.81437,0.81448,1.50,2.91
2012.04.27 07:02:20.148,0.81439,0.8145,1.50,2.53
2012.04.27 07:02:20.505,0.81442,0.81452,1.50,1.03
2012.04.27 07:02:20.578,0.81442,0.81453,1.50,3.75
2012.04.27 07:02:20.863,0.8144,0.81451,2.25,1.50
2012.04.27 07:02:21.318,0.8144,0.81453,2.25,2.25
2012.04.27 07:02:21.400,0.8144,0.81451,2.25,1.50
2012.04.27 07:02:21.964,0.81441,0.8145,1.13,1.50
2012.04.27 07:02:22.035,0.81441,0.81452,1.13,1.50
2012.04.27 07:02:22.597,0.81441,0.8145,1.13,1.50
2012.04.27 07:02:23.136,0.81441,0.81451,2.63,1.50
2012.04.27 07:02:23.755,0.81442,0.81454,1.88,2.25
2012.04.27 07:02:23.834,0.81442,0.81452,2.63,1.50
2012.04.27 07:02:24.112,0.81442,0.81454,1.13,1.50
2012.04.27 07:02:24.634,0.81442,0.81455,2.63,2.25
2012.04.27 07:02:25.068,0.81445,0.81457,2.25,2.25
2012.04.27 07:02:25.148,0.81445,0.81455,2.25,1.50
2012.04.27 07:02:25.474,0.81443,0.81453,2.82,1.50
2012.04.27 07:02:26.223,0.81447,0.81457,1.50,3.75
2012.04.27 07:02:26.307,0.81448,0.81456,1.50,1.50
2012.04.27 07:02:26.444,0.81444,0.81454,1.50,1.50
2012.04.27 07:02:26.856,0.81442,0.81452,3.00,1.50
2012.04.27 07:02:27.064,0.81442,0.81454,3.00,2.25
2012.04.27 07:02:27.599,0.81443,0.81454,1.69,1.50
2012.04.27 07:02:27.886,0.81446,0.81458,2.25,3.00
2012.04.27 07:02:27.957,0.81449,0.81458,1.50,1.50
2012.04.27 07:02:28.595,0.81449,0.81458,1.50,2.16
2012.04.27 07:02:28.680,0.81442,0.81454,2.63,1.50
2012.04.27 07:02:29.333,0.81444,0.81456,1.88,3.00
2012.04.27 07:02:29.772,0.81446,0.81456,1.50,1.50
2012.04.27 07:02:30.619,0.81447,0.81456,1.50,1.50
2012.04.27 07:02:30.698,0.81442,0.81455,2.63,3.00
2012.04.27 07:02:31.226,0.81442,0.81455,2.63,3.66
2012.04.27 07:02:31.300,0.81442,0.81452,1.13,1.50
2012.04.27 07:02:31.812,0.81442,0.81453,2.63,1.50
2012.04.27 07:02:32.157,0.81444,0.81455,1.50,1.50
2012.04.27 07:02:32.663,0.81443,0.81456,2.25,1.50
2012.04.27 07:02:33.174,0.81444,0.81457,1.50,3.75
2012.04.27 07:02:33.503,0.81443,0.81454,2.25,1.50
2012.04.27 07:02:34.235,0.81443,0.81455,1.69,2.25
2012.04.27 07:02:34.574,0.81446,0.81456,1.50,1.50
2012.04.27 07:02:34.715,0.81444,0.81456,1.50,1.50
2012.04.27 07:02:35.344,0.81442,0.81452,1.13,1.50
2012.04.27 07:02:35.556,0.81444,0.81456,2.44,1.41
2012.04.27 07:02:35.904,0.81446,0.81458,3.00,3.75
2012.04.27 07:02:35.977,0.81449,0.81458,1.50,2.25
2012.04.27 07:02:36.268,0.81446,0.81459,2.78,2.25
2012.04.27 07:02:36.707,0.81451,0.81461,1.50,2.08
2012.04.27 07:02:37.253,0.8145,0.8146,1.50,1.50
2012.04.27 07:02:37.587,0.81452,0.81461,1.50,1.50
2012.04.27 07:02:37.726,0.81452,0.81464,3.00,2.16
2012.04.27 07:02:37.916,0.81453,0.81464,1.13,2.25
2012.04.27 07:02:38.335,0.81455,0.81468,2.25,2.25
2012.04.27 07:02:38.677,0.81454,0.8146,1.80,1.50
2012.04.27 07:02:39.094,0.81452,0.81457,2.25,1.50
2012.04.27 07:02:39.234,0.81452,0.81463,2.25,1.50
2012.04.27 07:02:39.363,0.81452,0.81463,2.25,1.50
2012.04.27 07:02:39.884,0.81453,0.81462,1.05,1.50
2012.04.27 07:02:40.215,0.81452,0.8146,1.65,1.50
2012.04.27 07:02:40.404,0.81451,0.8146,1.50,1.50
2012.04.27 07:02:40.965,0.81449,0.81461,4.35,1.50
2012.04.27 07:02:42.130,0.8145,0.81461,1.50,2.25
2012.04.27 07:02:42.212,0.8145,0.81457,1.13,1.50
2012.04.27 07:02:42.683,0.81452,0.81462,1.50,1.50
2012.04.27 07:02:43.026,0.81449,0.81459,2.44,1.50
2012.04.27 07:02:43.536,0.81448,0.8146,2.82,2.25
2012.04.27 07:02:44.065,0.81448,0.81457,1.13,1.50
2012.04.27 07:02:44.832,0.81447,0.81458,2.25,1.50
2012.04.27 07:02:46.512,0.81447,0.81459,3.38,3.00
2012.04.27 07:02:47.065,0.81447,0.81459,3.38,3.75
2012.04.27 07:02:47.384,0.81446,0.81455,1.50,1.50
2012.04.27 07:02:48.282,0.81445,0.81455,1.50,3.38
2012.04.27 07:02:48.565,0.81442,0.81452,2.63,1.50
2012.04.27 07:02:48.704,0.8144,0.8145,2.46,1.50
2012.04.27 07:02:49.254,0.8144,0.81451,1.71,2.25
2012.04.27 07:02:49.444,0.81439,0.81451,3.38,2.25
2012.04.27 07:02:49.514,0.81439,0.81449,3.38,1.50
2012.04.27 07:02:49.858,0.81443,0.81453,1.71,2.25
2012.04.27 07:02:50.215,0.8144,0.8145,2.46,1.50
2012.04.27 07:02:51.153,0.8144,0.81452,4.71,1.50
2012.04.27 07:02:51.534,0.81442,0.8145,1.13,1.50
2012.04.27 07:02:52.065,0.81442,0.81451,1.50,1.50
2012.04.27 07:02:52.253,0.81442,0.81454,1.50,2.25
2012.04.27 07:02:52.824,0.81442,0.81454,3.00,1.50
2012.04.27 07:02:52.954,0.81442,0.81452,3.00,1.50
2012.04.27 07:02:55.814,0.81441,0.81451,1.13,1.50
2012.04.27 07:02:56.381,0.8144,0.81451,1.13,1.50
2012.04.27 07:02:56.845,0.81442,0.81451,1.13,1.50
2012.04.27 07:02:57.109,0.81444,0.81456,2.25,3.00
2012.04.27 07:02:57.750,0.81444,0.81456,1.50,2.25
2012.04.27 07:02:57.899,0.8144,0.8145,2.63,1.50
2012.04.27 07:02:58.444,0.8144,0.8145,2.63,1.50
2012.04.27 07:02:59.911,0.81441,0.81451,1.88,1.50
2012.04.27 07:03:00.710,0.81443,0.81453,1.50,1.50
2012.04.27 07:03:00.854,0.81441,0.81453,2.63,1.50
2012.04.27 07:03:01.364,0.81441,0.81453,1.50,3.00
2012.04.27 07:03:01.566,0.8144,0.8145,2.25,1.50
2012.04.27 07:03:01.914,0.81438,0.81448,2.63,1.50
2012.04.27 07:03:01.984,0.81439,0.81451,2.25,1.50
2012.04.27 07:03:02.503,0.81439,0.8145,1.13,1.50
2012.04.27 07:03:03.248,0.81439,0.8145,1.13,1.50
2012.04.27 07:03:03.762,0.81441,0.81451,1.13,1.50
2012.04.27 07:03:06.248,0.81442,0.81452,1.50,1.88
2012.04.27 07:03:06.324,0.81439,0.81449,1.50,1.50
2012.04.27 07:03:06.399,0.81441,0.81452,1.50,1.88
2012.04.27 07:03:06.615,0.81441,0.81453,2.25,2.44
2012.04.27 07:03:06.756,0.8144,0.8145,2.25,1.50
2012.04.27 07:03:07.294,0.8144,0.81451,1.13,1.50
2012.04.27 07:03:07.803,0.81439,0.81446,1.13,1.50
2012.04.27 07:03:08.453,0.81438,0.81447,1.88,1.50
2012.04.27 07:03:08.959,0.81438,0.81447,1.88,1.50
2012.04.27 07:03:09.515,0.81438,0.81445,1.88,1.50
2012.04.27 07:03:09.953,0.81438,0.81447,1.88,1.50
2012.04.27 07:03:10.763,0.81438,0.81447,1.50,1.50
2012.04.27 07:03:12.275,0.81439,0.81449,1.50,1.50
2012.04.27 07:03:12.415,0.81441,0.81451,1.50,2.44
2012.04.27 07:03:12.977,0.8144,0.8145,1.50,2.44
2012.04.27 07:03:13.483,0.81436,0.81448,1.50,1.50
2012.04.27 07:03:13.624,0.81435,0.81445,3.90,1.50
2012.04.27 07:03:13.693,0.81438,0.8145,1.50,3.19
2012.04.27 07:03:14.365,0.8144,0.8145,1.50,2.44
2012.04.27 07:03:14.682,0.81438,0.8145,1.50,2.44
2012.04.27 07:03:15.265,0.81439,0.81451,1.50,3.94
2012.04.27 07:03:15.782,0.81439,0.81449,1.50,2.25
2012.04.27 07:03:17.193,0.81439,0.81449,1.50,2.25
2012.04.27 07:03:18.469,0.81437,0.81447,1.50,1.50
2012.04.27 07:03:18.869,0.8144,0.8145,1.50,2.63
2012.04.27 07:03:19.228,0.81438,0.81447,1.50,1.13
2012.04.27 07:03:19.755,0.81437,0.81447,1.50,2.63
2012.04.27 07:03:20.275,0.81436,0.81448,1.50,2.25
2012.04.27 07:03:20.833,0.81437,0.81449,1.50,2.44
2012.04.27 07:03:21.456,0.81439,0.8145,1.50,1.69
2012.04.27 07:03:21.983,0.81438,0.8145,1.88,2.44
2012.04.27 07:03:22.531,0.81438,0.81449,1.88,1.13
2012.04.27 07:03:23.094,0.81435,0.81447,2.03,2.25
2012.04.27 07:03:23.614,0.8144,0.81449,1.50,1.13
2012.04.27 07:03:23.803,0.81437,0.81449,1.88,2.63
2012.04.27 07:03:24.054,0.8144,0.81449,1.50,1.13
2012.04.27 07:03:24.677,0.81439,0.81451,1.50,2.63
2012.04.27 07:03:25.573,0.8144,0.8145,1.50,2.25
2012.04.27 07:03:26.313,0.81439,0.81449,1.50,2.25
2012.04.27 07:03:27.016,0.81439,0.81449,1.50,1.50
2012.04.27 07:03:27.556,0.81438,0.8145,1.69,1.50
2012.04.27 07:03:28.243,0.8144,0.8145,1.50,2.25
2012.04.27 07:03:28.796,0.81439,0.81451,1.88,2.44
2012.04.27 07:03:30.143,0.8144,0.81452,1.50,3.00
2012.04.27 07:03:30.654,0.81439,0.81449,1.88,1.50
2012.04.27 07:03:31.215,0.81441,0.81451,1.50,1.13
2012.04.27 07:03:31.284,0.81437,0.81449,3.38,1.50
2012.04.27 07:03:31.354,0.81437,0.81447,3.38,1.50
2012.04.27 07:03:31.563,0.81438,0.81449,2.48,1.50
2012.04.27 07:03:31.778,0.81439,0.81451,2.48,2.25
2012.04.27 07:03:32.332,0.8144,0.81451,2.10,1.50
2012.04.27 07:03:32.883,0.8144,0.81451,3.23,1.50
2012.04.27 07:03:35.379,0.81441,0.8145,1.13,1.50
2012.04.27 07:03:35.933,0.8144,0.8145,2.25,1.50
2012.04.27 07:03:36.484,0.8144,0.8145,1.88,1.50
2012.04.27 07:03:38.075,0.81442,0.81452,1.50,3.19
2012.04.27 07:03:38.415,0.81438,0.8145,1.50,2.25
2012.04.27 07:03:38.933,0.81438,0.81449,1.88,3.96
2012.04.27 07:03:39.914,0.81434,0.81446,2.63,2.25
2012.04.27 07:03:40.257,0.81434,0.81444,2.63,1.50
2012.04.27 07:03:40.524,0.81435,0.81447,2.63,1.69
2012.04.27 07:03:40.594,0.81435,0.81445,2.63,1.50
2012.04.27 07:03:41.787,0.81437,0.81449,1.88,4.71
2012.04.27 07:03:43.234,0.81438,0.81448,1.50,1.69
2012.04.27 07:03:43.553,0.81434,0.81442,1.13,1.50
2012.04.27 07:03:44.104,0.81434,0.81443,1.13,1.50
2012.04.27 07:03:45.542,0.81435,0.81445,1.88,1.50
2012.04.27 07:03:47.186,0.81434,0.81444,1.50,2.25
2012.04.27 07:03:47.657,0.81435,0.81447,1.50,2.44
2012.04.27 07:03:47.723,0.81434,0.81444,2.63,1.50
2012.04.27 07:03:48.032,0.81436,0.81448,1.50,2.44
2012.04.27 07:03:48.511,0.81436,0.81448,1.50,1.69
2012.04.27 07:03:48.646,0.81441,0.8145,1.50,2.46
2012.04.27 07:03:49.036,0.81439,0.8145,1.50,4.39
2012.04.27 07:03:49.107,0.81439,0.81448,1.50,2.46
2012.04.27 07:03:49.176,0.81437,0.81447,1.50,1.88
2012.04.27 07:03:49.647,0.81435,0.81447,2.25,2.63
2012.04.27 07:03:51.088,0.81434,0.81446,2.25,2.25
2012.04.27 07:03:51.635,0.81433,0.81445,3.60,1.50
2012.04.27 07:03:54.695,0.81434,0.81446,1.50,3.00
2012.04.27 07:03:54.824,0.81436,0.81446,1.50,3.00
2012.04.27 07:03:55.381,0.81435,0.81445,1.50,2.25
2012.04.27 07:03:55.883,0.81433,0.81445,4.73,2.25
2012.04.27 07:03:57.948,0.81435,0.81446,1.50,1.50
2012.04.27 07:03:58.473,0.81434,0.81446,1.88,2.25
2012.04.27 07:03:59.125,0.81434,0.81446,1.88,2.25
2012.04.27 07:03:59.682,0.81435,0.81447,1.50,3.00
2012.04.27 07:03:59.992,0.81438,0.81447,1.50,1.50
2012.04.27 07:04:00.535,0.81439,0.81447,1.50,2.25
2012.04.27 07:04:00.784,0.81437,0.81447,1.50,3.00
2012.04.27 07:04:01.291,0.81437,0.81448,1.50,1.50
2012.04.27 07:04:01.573,0.81435,0.81445,1.50,1.50
2012.04.27 07:04:02.122,0.81436,0.81446,1.50,2.25
2012.04.27 07:04:03.196,0.81436,0.81446,1.50,2.44
2012.04.27 07:04:03.725,0.81435,0.81445,2.25,1.50
2012.04.27 07:04:04.265,0.81438,0.81447,1.50,1.69
2012.04.27 07:04:04.818,0.81437,0.81448,1.50,1.50
2012.04.27 07:04:05.154,0.81435,0.81447,1.50,2.44
2012.04.27 07:04:06.008,0.81435,0.81446,1.13,2.25
2012.04.27 07:04:06.357,0.81442,0.8145,2.10,2.25
2012.04.27 07:04:06.564,0.81444,0.81454,1.50,1.88
2012.04.27 07:04:06.825,0.81442,0.81454,1.88,3.38
2012.04.27 07:04:07.271,0.81441,0.81451,1.13,1.50
2012.04.27 07:04:07.802,0.81442,0.8145,1.88,1.50
2012.04.27 07:04:08.013,0.81442,0.81452,3.38,1.50
2012.04.27 07:04:08.516,0.81442,0.81452,3.75,1.50
2012.04.27 07:04:08.724,0.81444,0.81454,1.13,1.50
2012.04.27 07:04:09.285,0.81447,0.81456,1.50,1.13
2012.04.27 07:04:09.415,0.81444,0.81455,1.13,2.25
2012.04.27 07:04:09.736,0.81442,0.81454,4.73,2.25
2012.04.27 07:04:10.329,0.81442,0.81452,2.85,2.46
2012.04.27 07:04:10.854,0.81441,0.81452,1.88,2.46
2012.04.27 07:04:11.693,0.81441,0.81453,1.88,3.94
2012.04.27 07:04:11.762,0.8144,0.8145,2.48,1.50
2012.04.27 07:04:12.094,0.81442,0.81452,1.50,2.25
2012.04.27 07:04:12.786,0.81448,0.81455,1.50,1.88
2012.04.27 07:04:13.323,0.81443,0.81453,2.25,1.50
2012.04.27 07:04:13.804,0.81441,0.8145,3.23,1.50
2012.04.27 07:04:14.003,0.81441,0.81453,2.63,2.25
2012.04.27 07:04:14.074,0.81441,0.81452,2.63,1.71
2012.04.27 07:04:14.144,0.81441,0.81452,2.63,1.71
2012.04.27 07:04:14.216,0.81443,0.81452,1.50,1.71
2012.04.27 07:04:15.543,0.81445,0.81452,1.50,1.71
2012.04.27 07:04:15.864,0.81444,0.81452,1.50,1.13
2012.04.27 07:04:16.372,0.81447,0.81452,1.50,1.13
2012.04.27 07:04:16.786,0.8144,0.81451,2.25,1.50
2012.04.27 07:04:17.066,0.81444,0.8145,1.50,1.13
2012.04.27 07:04:17.265,0.81441,0.81451,1.50,1.13
2012.04.27 07:04:18.032,0.81439,0.8145,1.88,1.13
2012.04.27 07:04:18.605,0.8144,0.8145,1.50,3.38
2012.04.27 07:04:18.673,0.81438,0.8145,1.50,3.38
2012.04.27 07:04:21.330,0.81438,0.8145,1.50,3.19
2012.04.27 07:04:22.741,0.81438,0.81445,1.50,1.50
2012.04.27 07:04:23.491,0.81437,0.81445,1.50,1.50
2012.04.27 07:04:23.569,0.81433,0.81442,1.73,1.50
2012.04.27 07:04:24.235,0.81434,0.81444,1.88,2.25
2012.04.27 07:04:25.593,0.81434,0.81446,1.88,2.25
2012.04.27 07:04:26.605,0.81433,0.81443,1.73,1.50
2012.04.27 07:04:27.354,0.81433,0.81443,2.85,1.50
2012.04.27 07:04:27.914,0.81433,0.81443,3.23,1.50
2012.04.27 07:04:28.465,0.81435,0.81445,1.50,2.44
2012.04.27 07:04:28.854,0.81434,0.81446,2.10,2.44
2012.04.27 07:04:29.124,0.81434,0.81444,2.10,1.50
2012.04.27 07:04:30.632,0.81435,0.81447,1.50,2.44
2012.04.27 07:04:31.364,0.81438,0.81446,1.50,1.69
2012.04.27 07:04:31.505,0.81434,0.81446,3.00,3.19
2012.04.27 07:04:32.027,0.81435,0.81447,1.50,2.44
2012.04.27 07:04:32.154,0.81439,0.81446,1.50,1.69
2012.04.27 07:04:32.353,0.81437,0.81446,1.50,1.69
2012.04.27 07:04:32.563,0.81435,0.81445,1.50,1.50
2012.04.27 07:04:33.407,0.81433,0.81445,4.73,2.25
2012.04.27 07:04:33.755,0.81436,0.81446,1.50,3.19
2012.04.27 07:04:34.293,0.81437,0.81446,1.50,1.69
2012.04.27 07:04:34.802,0.81436,0.81446,1.50,3.19
2012.04.27 07:04:35.005,0.81434,0.81446,3.75,3.19
2012.04.27 07:04:35.253,0.81436,0.81446,1.50,2.44
2012.04.27 07:04:35.565,0.81438,0.81448,1.50,1.69
2012.04.27 07:04:36.356,0.81435,0.81445,1.88,1.50
2012.04.27 07:04:36.432,0.81433,0.81443,2.25,1.50
2012.04.27 07:04:36.696,0.81436,0.81443,1.13,1.50
2012.04.27 07:04:36.977,0.81435,0.81447,2.25,2.25
2012.04.27 07:04:37.048,0.81442,0.81448,1.50,1.50
2012.04.27 07:04:37.396,0.81439,0.81448,1.50,1.50
2012.04.27 07:04:37.594,0.81436,0.81448,1.50,3.19
2012.04.27 07:04:37.723,0.81435,0.81445,1.88,1.50
2012.04.27 07:04:38.122,0.81435,0.81447,1.88,2.25
2012.04.27 07:04:38.565,0.81438,0.81448,1.50,2.25
2012.04.27 07:04:38.839,0.81436,0.81448,4.32,1.50
2012.04.27 07:04:39.338,0.81436,0.81448,2.82,1.50
2012.04.27 07:04:39.482,0.81436,0.81448,4.32,1.50
2012.04.27 07:04:39.965,0.81439,0.81447,1.13,1.50
2012.04.27 07:04:40.154,0.81439,0.8145,2.63,1.50
2012.04.27 07:04:40.343,0.81439,0.81447,1.88,1.50
2012.04.27 07:04:40.663,0.81442,0.81452,2.85,2.25
2012.04.27 07:04:40.795,0.81445,0.81455,1.50,1.88
2012.04.27 07:04:40.994,0.81444,0.81453,1.50,1.50
2012.04.27 07:04:41.134,0.81439,0.81451,3.19,3.00
2012.04.27 07:04:41.383,0.81439,0.81448,2.07,1.50
2012.04.27 07:04:41.454,0.8144,0.8145,1.69,1.50
2012.04.27 07:04:41.974,0.8144,0.81452,2.63,2.25
2012.04.27 07:04:42.835,0.8144,0.81452,2.63,3.00
2012.04.27 07:04:43.385,0.8144,0.81452,2.63,3.00
2012.04.27 07:04:43.855,0.81447,0.81454,1.50,1.50
2012.04.27 07:04:43.997,0.81441,0.81451,2.63,1.50
2012.04.27 07:04:44.524,0.81442,0.81452,2.63,1.50
2012.04.27 07:04:45.420,0.81442,0.81452,3.75,1.50
2012.04.27 07:04:45.499,0.81442,0.8145,2.25,1.50
2012.04.27 07:04:46.054,0.81442,0.81452,2.25,1.50
2012.04.27 07:04:47.075,0.81443,0.81452,2.48,1.50
2012.04.27 07:04:47.213,0.81445,0.81455,1.50,1.50
2012.04.27 07:04:47.943,0.81445,0.81453,1.50,1.50
2012.04.27 07:04:48.075,0.81442,0.81452,2.63,3.00
2012.04.27 07:04:48.803,0.81441,0.81452,1.88,1.50
2012.04.27 07:04:48.877,0.81438,0.8145,3.57,2.25
2012.04.27 07:04:48.945,0.81438,0.8145,3.57,2.25
2012.04.27 07:04:49.484,0.81441,0.81451,1.88,3.00
2012.04.27 07:04:49.954,0.81444,0.81453,1.50,2.25
2012.04.27 07:04:51.155,0.81444,0.81453,1.50,1.50
2012.04.27 07:04:51.474,0.81446,0.81454,1.50,2.25
2012.04.27 07:04:54.112,0.81445,0.81455,1.50,4.50
2012.04.27 07:04:54.646,0.8144,0.8145,1.50,1.50
2012.04.27 07:04:55.212,0.81441,0.81451,2.85,1.50
2012.04.27 07:04:55.730,0.81441,0.81452,2.48,2.25
2012.04.27 07:04:57.474,0.81441,0.81452,2.10,1.50
2012.04.27 07:04:57.673,0.81443,0.81453,1.50,1.50
2012.04.27 07:04:58.246,0.81442,0.81452,1.88,1.50
2012.04.27 07:04:58.572,0.81442,0.81454,2.63,1.50
2012.04.27 07:04:58.893,0.81445,0.81455,1.50,2.25
2012.04.27 07:05:00.212,0.81442,0.81452,1.50,1.50
2012.04.27 07:05:02.192,0.81441,0.81452,3.38,1.50
2012.04.27 07:05:02.707,0.81441,0.81452,2.63,1.50
2012.04.27 07:05:03.717,0.81441,0.81452,2.48,2.25
2012.04.27 07:05:04.037,0.81441,0.81452,2.48,2.25
2012.04.27 07:05:04.574,0.81441,0.81452,3.23,3.00
2012.04.27 07:05:04.917,0.8144,0.81449,1.13,1.13
2012.04.27 07:05:05.265,0.81437,0.81446,1.50,1.39
2012.04.27 07:05:05.840,0.81435,0.81443,1.88,1.50
2012.04.27 07:05:05.919,0.81434,0.81442,1.50,1.78
2012.04.27 07:05:06.464,0.81433,0.81442,1.50,1.41
2012.04.27 07:05:07.025,0.81432,0.81444,1.50,2.44
2012.04.27 07:05:07.566,0.81431,0.81443,2.25,1.50
2012.04.27 07:05:07.915,0.8143,0.8144,3.60,1.50
2012.04.27 07:05:08.574,0.81431,0.81441,1.13,1.50
2012.04.27 07:05:08.996,0.81429,0.81442,4.13,2.44
2012.04.27 07:05:09.136,0.81428,0.81441,4.35,3.96
2012.04.27 07:05:09.903,0.81429,0.81439,2.25,1.69
2012.04.27 07:05:10.176,0.81429,0.81439,2.25,2.44
2012.04.27 07:05:10.306,0.81427,0.81438,1.88,2.25
2012.04.27 07:05:10.837,0.81426,0.81436,1.13,3.00
2012.04.27 07:05:11.321,0.81422,0.81433,3.23,2.25
2012.04.27 07:05:11.833,0.81422,0.81432,2.85,2.25
2012.04.27 07:05:12.508,0.81422,0.81434,2.85,3.38
2012.04.27 07:05:12.579,0.81424,0.81434,1.50,1.88
2012.04.27 07:05:12.935,0.81427,0.81436,1.50,3.21
2012.04.27 07:05:13.265,0.81426,0.81435,1.13,1.69
2012.04.27 07:05:13.547,0.8143,0.81437,1.50,1.50
2012.04.27 07:05:14.083,0.8143,0.81438,1.50,2.34
2012.04.27 07:05:14.602,0.8143,0.81438,1.50,1.69
2012.04.27 07:05:14.853,0.8143,0.81438,1.50,1.69
2012.04.27 07:05:15.045,0.81428,0.81438,1.50,4.03
2012.04.27 07:05:15.114,0.81428,0.81438,1.50,4.03
2012.04.27 07:05:15.184,0.81428,0.81437,1.50,1.50
2012.04.27 07:05:15.255,0.81424,0.81435,2.63,1.50
2012.04.27 07:05:15.384,0.81426,0.81435,1.50,1.50
2012.04.27 07:05:15.853,0.81428,0.81435,1.50,1.50
2012.04.27 07:05:16.413,0.81427,0.81435,1.50,1.50
2012.04.27 07:05:17.505,0.81424,0.81436,1.50,3.38
2012.04.27 07:05:18.104,0.81423,0.81433,1.50,1.50
2012.04.27 07:05:18.634,0.81422,0.81433,1.35,2.25
2012.04.27 07:05:19.141,0.81423,0.81433,1.50,1.50
2012.04.27 07:05:19.463,0.81425,0.81435,1.50,3.00
2012.04.27 07:05:20.025,0.81424,0.81435,1.50,1.50
2012.04.27 07:05:20.761,0.81423,0.81433,1.50,1.50
2012.04.27 07:05:21.253,0.81425,0.81434,1.50,1.69
2012.04.27 07:05:21.942,0.81425,0.81435,1.50,3.00
2012.04.27 07:05:23.122,0.81425,0.81436,1.50,1.78
2012.04.27 07:05:23.193,0.81428,0.81436,1.50,2.16
2012.04.27 07:05:23.756,0.81426,0.81435,1.50,1.50
2012.04.27 07:05:24.427,0.81427,0.81436,1.50,1.88
2012.04.27 07:05:24.499,0.81425,0.81435,1.50,3.96
2012.04.27 07:05:25.493,0.81426,0.81435,1.50,2.46
2012.04.27 07:05:25.704,0.81426,0.81436,1.50,4.50
2012.04.27 07:05:25.975,0.81429,0.81437,1.50,1.59
2012.04.27 07:05:26.043,0.81429,0.81437,1.50,1.59
2012.04.27 07:05:26.356,0.81429,0.81437,1.50,3.86
2012.04.27 07:05:26.901,0.81429,0.81435,1.50,1.13
2012.04.27 07:05:27.583,0.81426,0.81435,1.50,1.13
2012.04.27 07:05:28.181,0.81427,0.81435,1.50,1.13
2012.04.27 07:05:31.345,0.81426,0.81435,1.50,1.13
2012.04.27 07:05:31.534,0.81424,0.81435,1.50,1.13
2012.04.27 07:05:32.484,0.81424,0.81434,1.50,1.13
2012.04.27 07:05:33.346,0.81423,0.81433,1.50,1.88
2012.04.27 07:05:33.616,0.81421,0.81434,3.38,1.13
2012.04.27 07:05:34.039,0.81423,0.81434,1.50,2.63
2012.04.27 07:05:34.434,0.81421,0.81433,1.13,1.88
2012.04.27 07:05:36.163,0.81425,0.81435,1.50,2.46
2012.04.27 07:05:36.714,0.81424,0.81434,1.50,1.88
2012.04.27 07:05:37.416,0.81425,0.81436,1.50,3.58
2012.04.27 07:05:37.494,0.81425,0.81436,1.50,1.78
2012.04.27 07:05:37.694,0.81428,0.81436,1.50,1.13
2012.04.27 07:05:38.205,0.81428,0.81437,1.50,1.41
2012.04.27 07:05:38.728,0.81424,0.81435,1.50,1.69
2012.04.27 07:05:38.806,0.81426,0.81434,1.50,1.50
2012.04.27 07:05:40.536,0.81428,0.81435,1.50,1.88
2012.04.27 07:05:41.091,0.81428,0.81436,1.50,2.16
2012.04.27 07:05:41.695,0.81426,0.81436,1.50,1.69
2012.04.27 07:05:42.529,0.81425,0.81435,1.50,1.69
2012.04.27 07:05:43.052,0.81425,0.81434,1.50,1.88
2012.04.27 07:05:43.335,0.81421,0.81433,3.38,1.50
2012.04.27 07:05:43.835,0.81423,0.81434,1.50,3.00
2012.04.27 07:05:44.374,0.81424,0.81435,1.88,2.25
2012.04.27 07:05:44.624,0.81428,0.81434,1.50,1.50
2012.04.27 07:05:45.489,0.81425,0.81434,1.50,1.50
2012.04.27 07:05:45.564,0.81427,0.81434,1.50,1.50
2012.04.27 07:05:46.126,0.81427,0.81434,1.50,1.50
2012.04.27 07:05:46.194,0.81425,0.81434,1.50,1.50
2012.04.27 07:05:46.263,0.81422,0.81434,2.63,3.00
2012.04.27 07:05:47.059,0.81424,0.81434,1.50,1.50
2012.04.27 07:05:47.613,0.81423,0.81433,1.50,1.50
2012.04.27 07:05:48.574,0.81423,0.81433,1.50,1.88
2012.04.27 07:05:50.324,0.81424,0.81433,1.50,1.50
2012.04.27 07:05:50.642,0.81426,0.81434,1.50,1.88
2012.04.27 07:05:51.272,0.81424,0.81434,1.50,1.88
2012.04.27 07:05:53.123,0.81421,0.81433,3.38,1.88
2012.04.27 07:05:53.253,0.81421,0.81433,3.38,1.88
2012.04.27 07:05:53.919,0.81421,0.8143,1.13,1.50
2012.04.27 07:05:54.564,0.81421,0.81431,1.13,2.25
2012.04.27 07:05:55.213,0.81419,0.8143,2.25,2.63
2012.04.27 07:05:55.358,0.81417,0.81429,2.25,3.00
2012.04.27 07:05:55.638,0.81419,0.81427,1.50,1.50
2012.04.27 07:05:56.103,0.81417,0.81429,2.63,3.75
2012.04.27 07:05:57.314,0.81418,0.81429,1.50,1.69
2012.04.27 07:05:58.145,0.81417,0.81428,1.13,2.25
2012.04.27 07:05:58.656,0.81417,0.81427,1.88,2.25
2012.04.27 07:05:58.783,0.81417,0.81427,1.88,3.96
2012.04.27 07:05:59.116,0.81414,0.81424,1.88,3.96
2012.04.27 07:05:59.373,0.81417,0.81427,1.50,4.22
2012.04.27 07:05:59.444,0.81415,0.81422,1.88,1.71
2012.04.27 07:05:59.516,0.81414,0.81422,2.63,1.71
2012.04.27 07:05:59.779,0.81416,0.81427,2.63,3.58
2012.04.27 07:06:00.304,0.81414,0.81423,1.13,1.50
2012.04.27 07:06:01.122,0.81413,0.81423,2.63,1.50
2012.04.27 07:06:01.202,0.81413,0.81425,3.75,1.50
2012.04.27 07:06:01.475,0.81413,0.81425,3.75,1.50
2012.04.27 07:06:01.724,0.81416,0.81428,1.50,3.19
2012.04.27 07:06:02.095,0.81416,0.81426,1.50,2.46
2012.04.27 07:06:02.166,0.81416,0.81426,1.50,1.13
2012.04.27 07:06:02.695,0.81414,0.81424,2.25,1.50
2012.04.27 07:06:03.246,0.81414,0.81426,2.25,2.25
2012.04.27 07:06:03.703,0.81413,0.81423,3.75,1.50
2012.04.27 07:06:04.307,0.81413,0.81425,3.75,1.88
2012.04.27 07:06:04.646,0.81415,0.81427,1.50,3.94
2012.04.27 07:06:04.842,0.81419,0.81427,1.50,1.69
2012.04.27 07:06:04.973,0.81417,0.81427,1.50,3.94
2012.04.27 07:06:05.524,0.81418,0.81427,1.50,1.69
2012.04.27 07:06:06.083,0.81417,0.81427,1.50,3.00
2012.04.27 07:06:06.575,0.81415,0.81427,1.50,1.50
2012.04.27 07:06:07.136,0.81415,0.81427,1.50,1.13
2012.04.27 07:06:07.684,0.81412,0.81425,5.10,2.25
2012.04.27 07:06:08.247,0.81414,0.81425,1.50,1.50
2012.04.27 07:06:08.775,0.81412,0.81424,5.29,1.50
2012.04.27 07:06:08.848,0.81414,0.81426,1.50,3.00
2012.04.27 07:06:09.487,0.81413,0.81426,1.88,3.00
2012.04.27 07:06:09.894,0.81412,0.81423,2.25,1.50
2012.04.27 07:06:10.396,0.81412,0.81424,1.88,2.25
2012.04.27 07:06:10.912,0.81412,0.81423,7.73,1.50
2012.04.27 07:06:11.385,0.81414,0.81425,2.25,2.25
2012.04.27 07:06:11.893,0.81415,0.81426,1.50,3.00
2012.04.27 07:06:12.534,0.81413,0.81426,2.63,3.00
2012.04.27 07:06:13.128,0.81413,0.81426,3.00,3.19
2012.04.27 07:06:13.546,0.81412,0.81423,3.00,2.25
2012.04.27 07:06:13.684,0.81413,0.81423,2.48,2.25
2012.04.27 07:06:14.214,0.81413,0.81424,4.32,1.50
2012.04.27 07:06:14.754,0.81414,0.81426,2.63,3.00
2012.04.27 07:06:15.282,0.81416,0.81426,1.13,1.50
2012.04.27 07:06:15.793,0.81415,0.81426,1.13,2.25
2012.04.27 07:06:16.054,0.81413,0.81427,5.07,3.00
2012.04.27 07:06:16.407,0.81415,0.81426,1.13,2.25
2012.04.27 07:06:16.816,0.81416,0.81429,3.57,3.00
2012.04.27 07:06:17.146,0.81416,0.81426,2.63,1.13
2012.04.27 07:06:17.742,0.81413,0.81423,2.25,1.50
2012.04.27 07:06:18.017,0.81413,0.8142,2.25,1.50
2012.04.27 07:06:18.334,0.81412,0.81422,1.50,1.50
2012.04.27 07:06:18.596,0.81415,0.81424,1.50,1.13
2012.04.27 07:06:19.255,0.81415,0.81424,1.50,1.88
2012.04.27 07:06:19.471,0.81411,0.81422,2.25,1.88
2012.04.27 07:06:20.247,0.8141,0.8142,1.50,2.25
2012.04.27 07:06:20.387,0.81406,0.81418,4.13,1.50
2012.04.27 07:06:20.842,0.81406,0.81416,1.50,1.50
2012.04.27 07:06:21.194,0.81408,0.81416,1.13,1.50
2012.04.27 07:06:21.454,0.81408,0.81418,2.63,1.50
2012.04.27 07:06:21.916,0.81409,0.81419,2.63,1.50
2012.04.27 07:06:22.196,0.81413,0.81423,1.50,2.82
2012.04.27 07:06:22.636,0.81415,0.81424,1.50,1.50
2012.04.27 07:06:23.227,0.81414,0.81423,1.50,1.50
2012.04.27 07:06:23.304,0.8141,0.81421,1.69,1.50
2012.04.27 07:06:23.846,0.8141,0.81422,3.57,1.50
2012.04.27 07:06:26.091,0.81414,0.81426,1.50,3.38
2012.04.27 07:06:26.436,0.81416,0.81425,1.50,1.50
2012.04.27 07:06:26.873,0.81414,0.81425,1.50,1.50
2012.04.27 07:06:27.385,0.81413,0.81423,1.50,2.25
2012.04.27 07:06:28.113,0.81415,0.81424,1.50,1.69
2012.04.27 07:06:28.425,0.81415,0.81425,1.50,5.46
2012.04.27 07:06:28.566,0.81413,0.81423,1.50,2.25
2012.04.27 07:06:29.170,0.81414,0.81424,1.50,2.25
2012.04.27 07:06:29.457,0.81412,0.81421,1.50,1.13
2012.04.27 07:06:29.597,0.81408,0.8142,4.73,1.50
2012.04.27 07:06:30.103,0.81411,0.81421,1.50,3.00
2012.04.27 07:06:30.615,0.8141,0.8142,1.50,1.50
2012.04.27 07:06:30.933,0.81408,0.81419,2.25,1.50
2012.04.27 07:06:31.484,0.81407,0.81419,2.25,1.50
2012.04.27 07:06:32.252,0.81407,0.81419,3.38,1.50
2012.04.27 07:06:32.923,0.81406,0.81415,1.50,1.50
2012.04.27 07:06:33.473,0.81407,0.81416,1.13,1.50
2012.04.27 07:06:35.075,0.81409,0.81417,1.13,1.50
2012.04.27 07:06:35.215,0.8141,0.81419,1.13,1.50
2012.04.27 07:06:35.475,0.81409,0.81421,1.50,1.50
2012.04.27 07:06:36.037,0.8141,0.81421,1.13,1.50
2012.04.27 07:06:36.543,0.8141,0.81423,1.50,2.63
2012.04.27 07:06:36.618,0.81412,0.81423,1.50,3.38
2012.04.27 07:06:36.693,0.8141,0.81422,1.50,2.25
2012.04.27 07:06:37.278,0.81411,0.81423,1.50,3.38
2012.04.27 07:06:37.815,0.81412,0.81423,1.88,1.50
2012.04.27 07:06:38.028,0.81414,0.81427,1.50,3.21
2012.04.27 07:06:38.095,0.81418,0.81426,1.50,1.69
2012.04.27 07:06:38.343,0.81412,0.81425,2.25,2.44
2012.04.27 07:06:39.696,0.81411,0.81423,2.25,1.13
2012.04.27 07:06:40.025,0.81411,0.81422,1.50,4.88
2012.04.27 07:06:40.095,0.81408,0.81418,1.88,1.50
2012.04.27 07:06:40.636,0.81406,0.81418,6.60,1.50
2012.04.27 07:06:41.176,0.81407,0.81418,2.25,1.50
2012.04.27 07:06:41.956,0.81408,0.81419,1.50,1.50
2012.04.27 07:06:42.492,0.81409,0.81419,1.50,1.50
2012.04.27 07:06:42.563,0.81408,0.81417,1.50,1.50
2012.04.27 07:06:47.594,0.81407,0.81417,1.50,1.50
2012.04.27 07:06:52.761,0.81406,0.81417,5.85,1.69
2012.04.27 07:06:55.513,0.81405,0.81416,1.32,1.50
2012.04.27 07:06:56.043,0.81406,0.81416,1.50,1.50
2012.04.27 07:06:58.383,0.81405,0.81416,1.88,1.50
2012.04.27 07:06:58.924,0.81404,0.81413,2.48,1.50
2012.04.27 07:06:59.847,0.81403,0.81413,2.82,1.50
2012.04.27 07:07:00.103,0.81405,0.81415,1.50,1.50
2012.04.27 07:07:00.634,0.81406,0.81416,2.25,1.50
2012.04.27 07:07:00.704,0.81409,0.81419,1.50,4.13
2012.04.27 07:07:01.173,0.81411,0.8142,1.50,1.88
2012.04.27 07:07:01.732,0.8141,0.81421,1.50,3.38
2012.04.27 07:07:01.877,0.81408,0.81418,1.50,2.25
2012.04.27 07:07:02.277,0.81405,0.81417,2.25,2.25
2012.04.27 07:07:02.695,0.81411,0.81417,1.13,2.25
2012.04.27 07:07:02.775,0.81409,0.81417,2.85,1.50
2012.04.27 07:07:02.849,0.8141,0.81422,1.50,2.25
2012.04.27 07:07:03.338,0.81414,0.81422,1.50,1.13
2012.04.27 07:07:03.487,0.81408,0.81418,2.63,1.50
2012.04.27 07:07:03.675,0.81408,0.8142,1.88,1.50
2012.04.27 07:07:06.836,0.81409,0.8142,1.88,1.50
2012.04.27 07:07:07.326,0.81412,0.81421,1.50,1.50
2012.04.27 07:07:07.398,0.81408,0.8142,2.25,2.25
2012.04.27 07:07:07.902,0.81408,0.8142,2.25,2.25
2012.04.27 07:07:08.424,0.81408,0.81418,2.25,1.50
2012.04.27 07:07:08.856,0.81408,0.8142,2.25,2.25
2012.04.27 07:07:08.952,0.81411,0.81421,1.50,1.88
2012.04.27 07:07:09.289,0.81413,0.81423,1.50,2.63
2012.04.27 07:07:09.813,0.81412,0.81423,1.50,2.63
2012.04.27 07:07:10.318,0.81414,0.81424,1.50,4.50
2012.04.27 07:07:10.865,0.81416,0.81424,1.50,3.00
2012.04.27 07:07:11.074,0.81412,0.81422,1.50,2.25
2012.04.27 07:07:11.265,0.81412,0.81424,1.50,4.50
2012.04.27 07:07:11.775,0.81412,0.81423,2.10,1.50
2012.04.27 07:07:12.584,0.81413,0.81423,1.50,1.50
2012.04.27 07:07:13.103,0.81414,0.81424,1.50,1.50
2012.04.27 07:07:15.754,0.81415,0.81424,1.50,1.88
2012.04.27 07:07:16.470,0.81412,0.81422,2.25,1.50
2012.04.27 07:07:16.973,0.81413,0.81423,1.50,1.50
2012.04.27 07:07:17.622,0.81412,0.81422,2.25,1.50
2012.04.27 07:07:18.313,0.81411,0.81421,2.25,1.50
2012.04.27 07:07:18.821,0.8141,0.81422,4.50,2.25
2012.04.27 07:07:19.503,0.8141,0.81422,1.50,4.13
2012.04.27 07:07:19.573,0.8141,0.81422,1.50,4.50
2012.04.27 07:07:19.828,0.81407,0.81419,3.19,1.50
2012.04.27 07:07:20.513,0.81407,0.81419,2.07,2.25
2012.04.27 07:07:21.038,0.81407,0.81417,2.25,1.50
2012.04.27 07:07:21.665,0.81407,0.81417,2.29,1.50
2012.04.27 07:07:22.063,0.81407,0.81415,2.07,1.50
2012.04.27 07:07:22.133,0.81407,0.81417,2.07,1.50
2012.04.27 07:07:22.263,0.81407,0.81415,2.07,1.50
2012.04.27 07:07:22.776,0.81406,0.81416,4.13,1.50
2012.04.27 07:07:23.595,0.81406,0.81415,1.13,1.50
2012.04.27 07:07:24.089,0.81408,0.81415,1.13,1.50
2012.04.27 07:07:24.170,0.81408,0.81417,1.88,1.50
2012.04.27 07:07:24.250,0.81408,0.81419,1.88,1.50
2012.04.27 07:07:24.834,0.81409,0.81419,1.50,1.50
2012.04.27 07:07:25.294,0.8141,0.81422,1.50,2.25
2012.04.27 07:07:25.553,0.81414,0.81423,1.50,1.50
2012.04.27 07:07:25.624,0.81412,0.81423,1.50,1.50
2012.04.27 07:07:26.430,0.81413,0.81423,1.50,1.88
2012.04.27 07:07:26.510,0.81415,0.81425,1.50,3.38
2012.04.27 07:07:27.078,0.81412,0.81424,1.50,3.38
2012.04.27 07:07:27.395,0.81414,0.81424,1.50,3.38
2012.04.27 07:07:27.825,0.81412,0.81424,1.50,3.38
2012.04.27 07:07:28.546,0.81413,0.81424,1.50,1.88
2012.04.27 07:07:29.535,0.8141,0.81422,3.19,2.25
2012.04.27 07:07:32.313,0.8141,0.81422,1.50,2.25
2012.04.27 07:07:32.924,0.81412,0.81422,1.50,2.25
2012.04.27 07:07:33.715,0.8141,0.8142,2.25,1.50
2012.04.27 07:07:34.478,0.81409,0.8142,1.13,1.50
2012.04.27 07:07:35.247,0.81409,0.8142,1.50,1.50
2012.04.27 07:07:35.528,0.81412,0.81424,1.50,3.38
2012.04.27 07:07:35.599,0.81414,0.81424,1.50,1.13
2012.04.27 07:07:36.117,0.81415,0.81424,1.50,1.13
2012.04.27 07:07:36.673,0.81416,0.81425,1.50,1.50
2012.04.27 07:07:37.175,0.81415,0.81424,1.50,1.88
2012.04.27 07:07:37.862,0.81415,0.81423,1.50,3.75
2012.04.27 07:07:38.064,0.81415,0.81423,1.50,3.38
2012.04.27 07:07:38.277,0.8141,0.81422,2.10,1.50
2012.04.27 07:07:38.706,0.81413,0.81423,1.50,2.25
2012.04.27 07:07:38.975,0.81411,0.81423,1.88,2.25
2012.04.27 07:07:39.104,0.81413,0.81424,1.50,1.50
2012.04.27 07:07:39.628,0.81414,0.81424,1.50,1.88
2012.04.27 07:07:39.788,0.81411,0.81423,3.75,2.25
2012.04.27 07:07:40.197,0.8141,0.8142,1.35,1.50
2012.04.27 07:07:40.944,0.8141,0.81418,1.35,1.50
2012.04.27 07:07:41.015,0.81411,0.81421,1.50,2.25
2012.04.27 07:07:41.146,0.81409,0.81421,2.25,3.00
2012.04.27 07:07:41.216,0.81408,0.81418,2.25,1.50
2012.04.27 07:07:44.866,0.81408,0.8142,2.25,1.50
2012.04.27 07:07:45.056,0.81407,0.81417,3.00,1.50
2012.04.27 07:07:45.585,0.81407,0.81416,1.50,1.50
2012.04.27 07:07:45.907,0.81405,0.81414,1.50,1.50
2012.04.27 07:07:46.215,0.81405,0.81416,1.50,1.50
2012.04.27 07:07:46.725,0.81406,0.81415,2.25,1.50
2012.04.27 07:07:46.853,0.81407,0.81417,2.25,1.50
2012.04.27 07:07:47.416,0.81407,0.81417,3.00,1.50
2012.04.27 07:07:48.019,0.81407,0.81417,2.25,1.50
2012.04.27 07:07:48.598,0.81407,0.81417,2.25,1.50
2012.04.27 07:07:49.209,0.81405,0.81414,2.10,1.50
2012.04.27 07:07:49.758,0.81405,0.81415,3.23,1.50
2012.04.27 07:07:50.029,0.81407,0.81417,1.13,1.50
2012.04.27 07:07:50.096,0.81407,0.81419,2.63,1.50
2012.04.27 07:07:50.848,0.81407,0.81415,1.50,1.50
2012.04.27 07:07:51.059,0.81405,0.81415,3.60,1.50
2012.04.27 07:07:51.585,0.81405,0.81415,2.85,1.50
2012.04.27 07:07:51.715,0.81407,0.81417,1.50,3.09
2012.04.27 07:07:52.044,0.81409,0.81418,1.50,2.34
2012.04.27 07:07:52.365,0.81409,0.81416,1.50,1.71
2012.04.27 07:07:52.627,0.81407,0.81416,1.88,1.71
2012.04.27 07:07:52.697,0.81407,0.81417,1.50,1.50
2012.04.27 07:07:52.956,0.81407,0.81416,1.50,1.13
2012.04.27 07:07:53.422,0.8141,0.81417,1.50,1.78
2012.04.27 07:07:53.947,0.81408,0.81417,1.50,1.97
2012.04.27 07:07:54.157,0.8141,0.81416,1.50,1.69
2012.04.27 07:07:54.664,0.81411,0.81416,1.50,1.69
2012.04.27 07:07:55.175,0.8141,0.81416,1.50,1.13
2012.04.27 07:07:55.656,0.81405,0.81416,1.50,1.13
2012.04.27 07:07:55.864,0.81407,0.81416,1.50,1.13
2012.04.27 07:07:56.535,0.81408,0.81416,1.50,1.13
2012.04.27 07:07:56.876,0.81408,0.81416,1.50,2.44
2012.04.27 07:07:57.369,0.81408,0.81417,1.50,1.59
2012.04.27 07:07:57.440,0.81408,0.81418,1.50,1.88
2012.04.27 07:07:57.657,0.81406,0.81414,1.13,1.50
2012.04.27 07:07:58.216,0.81406,0.81413,1.88,1.50
2012.04.27 07:07:58.726,0.81404,0.81413,2.25,1.50
2012.04.27 07:07:59.299,0.81403,0.81413,1.88,1.50
2012.04.27 07:07:59.487,0.81403,0.81415,3.38,1.50
2012.04.27 07:07:59.755,0.81407,0.81417,1.50,3.00
2012.04.27 07:08:00.088,0.81405,0.81417,1.50,3.19
2012.04.27 07:08:00.286,0.81404,0.81414,3.00,1.50
2012.04.27 07:08:00.675,0.81405,0.81415,2.25,1.50
2012.04.27 07:08:01.406,0.81406,0.81415,1.50,1.50
2012.04.27 07:08:02.213,0.81408,0.81418,1.50,1.50
2012.04.27 07:08:02.295,0.8141,0.81421,1.50,2.07
2012.04.27 07:08:02.637,0.81408,0.81418,2.25,1.50
2012.04.27 07:08:03.025,0.8141,0.81421,1.50,2.82
2012.04.27 07:08:03.547,0.8141,0.8142,1.50,2.07
2012.04.27 07:08:04.094,0.8141,0.81419,1.50,1.50
2012.04.27 07:08:04.587,0.81408,0.81418,1.50,2.25
2012.04.27 07:08:05.588,0.81409,0.81418,1.13,1.50
2012.04.27 07:08:06.015,0.81411,0.81421,1.50,1.50
2012.04.27 07:08:06.865,0.81409,0.81421,1.50,3.00
2012.04.27 07:08:07.366,0.81408,0.81421,2.25,3.94
2012.04.27 07:08:07.575,0.81407,0.81418,3.00,1.50
2012.04.27 07:08:07.645,0.81407,0.81418,2.25,2.25
2012.04.27 07:08:08.334,0.81408,0.81418,1.13,1.50
2012.04.27 07:08:08.404,0.81408,0.8142,2.63,2.25
2012.04.27 07:08:09.053,0.81411,0.81421,1.50,2.44
2012.04.27 07:08:09.304,0.81409,0.81421,2.25,2.25
2012.04.27 07:08:09.866,0.81411,0.81421,1.13,2.25
2012.04.27 07:08:10.221,0.8141,0.81417,1.50,1.50
2012.04.27 07:08:10.724,0.81409,0.81417,1.50,1.50
2012.04.27 07:08:10.799,0.81411,0.81421,1.50,3.00
2012.04.27 07:08:10.998,0.81406,0.81416,2.25,1.50
2012.04.27 07:08:11.589,0.81406,0.81416,2.63,1.50
2012.04.27 07:08:11.663,0.81408,0.8142,1.50,2.25
2012.04.27 07:08:12.217,0.81408,0.8142,2.25,1.50
2012.04.27 07:08:12.608,0.81411,0.81422,1.50,1.88
2012.04.27 07:08:12.824,0.81408,0.8142,2.25,1.50
2012.04.27 07:08:13.516,0.81411,0.81421,1.50,2.53
2012.04.27 07:08:13.731,0.81408,0.81417,2.25,1.13
2012.04.27 07:08:14.311,0.81405,0.81416,2.25,1.50
2012.04.27 07:08:14.704,0.81405,0.81418,1.13,1.50
2012.04.27 07:08:15.036,0.81405,0.81416,2.44,1.50
2012.04.27 07:08:15.548,0.81405,0.81416,2.82,1.50
2012.04.27 07:08:16.065,0.81405,0.81415,1.32,1.50
2012.04.27 07:08:16.276,0.81407,0.81418,2.25,1.50
2012.04.27 07:08:17.368,0.81405,0.81415,1.13,1.50
2012.04.27 07:08:17.563,0.81405,0.81416,1.13,1.50
2012.04.27 07:08:18.074,0.81406,0.81417,3.00,1.50
2012.04.27 07:08:18.518,0.81406,0.81418,1.13,2.16
2012.04.27 07:08:18.588,0.81406,0.8142,2.63,1.50
2012.04.27 07:08:19.095,0.81407,0.81418,2.25,1.50
2012.04.27 07:08:20.018,0.81409,0.8142,1.50,1.50
2012.04.27 07:08:20.494,0.81405,0.81417,1.88,1.50
2012.04.27 07:08:21.504,0.81405,0.81418,2.25,3.38
2012.04.27 07:08:21.996,0.81404,0.81416,1.50,1.50
2012.04.27 07:08:22.615,0.81404,0.81415,2.25,1.50
2012.04.27 07:08:23.140,0.81404,0.81416,3.57,1.50
2012.04.27 07:08:23.407,0.81405,0.81418,3.19,1.50
2012.04.27 07:08:24.207,0.81406,0.81419,2.44,1.50
2012.04.27 07:08:24.279,0.81406,0.81416,2.44,1.50
2012.04.27 07:08:24.465,0.81408,0.81418,1.50,1.50
2012.04.27 07:08:24.904,0.81408,0.8142,1.50,2.91
2012.04.27 07:08:25.036,0.81408,0.81418,1.50,1.50
2012.04.27 07:08:25.594,0.81408,0.8142,2.25,2.25
2012.04.27 07:08:26.458,0.81408,0.81419,1.13,1.50
2012.04.27 07:08:26.916,0.81408,0.81416,1.13,1.50
2012.04.27 07:08:26.988,0.81406,0.81416,2.25,1.50
2012.04.27 07:08:28.763,0.81407,0.81419,1.50,1.69
2012.04.27 07:08:29.450,0.81407,0.81418,1.50,1.69
2012.04.27 07:08:29.994,0.81407,0.81418,1.50,1.69
2012.04.27 07:08:33.816,0.81405,0.81417,1.50,1.50
2012.04.27 07:08:34.079,0.81404,0.81416,3.00,1.50
2012.04.27 07:08:34.147,0.81406,0.81418,2.25,2.82
2012.04.27 07:08:34.466,0.81406,0.81416,2.25,1.50
2012.04.27 07:08:35.672,0.81406,0.81416,1.50,1.50
2012.04.27 07:08:36.184,0.81406,0.81417,1.50,2.46
2012.04.27 07:08:36.693,0.81406,0.81417,1.50,3.11
2012.04.27 07:08:37.155,0.81403,0.81415,3.00,2.25
2012.04.27 07:08:37.418,0.81403,0.81413,1.50,1.50
2012.04.27 07:08:37.954,0.81402,0.81412,1.13,1.50
2012.04.27 07:08:38.086,0.81404,0.81414,1.50,1.50
2012.04.27 07:08:39.336,0.81402,0.81414,2.25,1.50
2012.04.27 07:08:40.541,0.81404,0.81414,1.50,1.50
2012.04.27 07:08:45.146,0.81402,0.81414,2.25,1.50
2012.04.27 07:08:45.693,0.81403,0.81413,2.25,1.50
2012.04.27 07:08:46.098,0.81401,0.81411,3.00,1.50
2012.04.27 07:08:46.642,0.814,0.81409,1.50,1.50
2012.04.27 07:08:47.198,0.81396,0.81406,1.32,1.50
2012.04.27 07:08:47.408,0.81395,0.81403,1.50,1.50
2012.04.27 07:08:47.759,0.81392,0.81401,3.00,1.13
2012.04.27 07:08:47.829,0.8139,0.814,3.38,1.50
2012.04.27 07:08:47.968,0.8139,0.814,2.63,1.50
2012.04.27 07:08:48.531,0.8139,0.814,2.63,1.50
2012.04.27 07:08:50.827,0.81391,0.814,2.07,1.50
2012.04.27 07:08:51.385,0.81392,0.81402,1.69,1.50
2012.04.27 07:08:51.714,0.81393,0.81403,1.69,1.50
2012.04.27 07:08:52.247,0.81394,0.81404,2.25,1.50
2012.04.27 07:08:52.880,0.81396,0.81408,3.00,2.91
2012.04.27 07:08:53.529,0.81398,0.81407,1.13,1.50
2012.04.27 07:08:53.598,0.81399,0.81409,1.50,1.50
2012.04.27 07:08:54.178,0.81397,0.81409,2.25,1.50
2012.04.27 07:08:54.668,0.81399,0.81409,1.50,1.50
2012.04.27 07:08:55.409,0.81398,0.81407,2.48,1.50
2012.04.27 07:08:55.946,0.81398,0.81408,2.10,1.50
2012.04.27 07:08:56.359,0.81398,0.81407,1.50,1.50
2012.04.27 07:08:56.627,0.81397,0.81408,1.50,1.50
2012.04.27 07:08:57.136,0.81398,0.81407,1.50,1.88
2012.04.27 07:08:57.679,0.81399,0.81408,1.50,1.22
2012.04.27 07:08:58.208,0.81399,0.81407,1.50,2.36
2012.04.27 07:08:58.282,0.81397,0.81407,1.50,2.36
2012.04.27 07:08:59.256,0.81396,0.81406,1.50,1.69
2012.04.27 07:09:00.205,0.81397,0.81407,1.50,3.49
2012.04.27 07:09:00.457,0.81397,0.81407,1.50,4.61
2012.04.27 07:09:00.599,0.81395,0.81406,1.50,2.83
2012.04.27 07:09:01.218,0.81393,0.81402,1.50,1.50
2012.04.27 07:09:01.555,0.81391,0.81401,1.50,1.50
2012.04.27 07:09:02.307,0.81391,0.81401,1.50,2.25
2012.04.27 07:09:02.658,0.81387,0.81396,2.10,1.50
2012.04.27 07:09:02.729,0.81386,0.81396,1.88,1.50
2012.04.27 07:09:05.308,0.81388,0.81396,4.88,1.50
2012.04.27 07:09:05.707,0.81389,0.81399,1.88,1.50
2012.04.27 07:09:06.301,0.81393,0.81405,1.50,2.25
2012.04.27 07:09:06.964,0.81393,0.81404,1.50,1.88
2012.04.27 07:09:07.039,0.81396,0.81404,1.50,1.13
2012.04.27 07:09:07.546,0.81395,0.81404,1.50,1.13
2012.04.27 07:09:08.057,0.81394,0.81404,1.50,1.88
2012.04.27 07:09:08.605,0.81396,0.81404,1.50,1.13
2012.04.27 07:09:09.281,0.81397,0.81406,1.50,1.50
2012.04.27 07:09:09.739,0.81398,0.81407,1.50,1.50
2012.04.27 07:09:10.010,0.81401,0.81408,1.50,1.41
2012.04.27 07:09:10.162,0.81399,0.81408,1.50,1.41
2012.04.27 07:09:11.304,0.81399,0.81409,1.50,1.50
2012.04.27 07:09:11.955,0.81398,0.81408,1.50,1.50
2012.04.27 07:09:12.928,0.81395,0.81406,2.07,1.50
2012.04.27 07:09:13.196,0.81394,0.81405,1.13,1.50
2012.04.27 07:09:13.587,0.81392,0.81403,3.42,1.50
2012.04.27 07:09:13.931,0.81388,0.81401,2.85,2.16
2012.04.27 07:09:14.009,0.81388,0.81401,2.10,2.16
2012.04.27 07:09:14.616,0.8139,0.81402,1.50,1.88
2012.04.27 07:09:15.066,0.81388,0.81397,3.21,1.50
2012.04.27 07:09:15.534,0.8139,0.81403,2.44,2.25
2012.04.27 07:09:15.675,0.81388,0.81401,4.56,1.50
2012.04.27 07:09:15.995,0.81394,0.81402,1.50,1.50
2012.04.27 07:09:16.125,0.81394,0.81405,1.50,1.50
2012.04.27 07:09:16.949,0.81395,0.81406,1.13,1.50
2012.04.27 07:09:17.487,0.81396,0.81409,3.94,2.25
2012.04.27 07:09:18.377,0.81396,0.81406,2.07,1.50
2012.04.27 07:09:18.913,0.81396,0.81407,2.07,1.50
2012.04.27 07:09:19.675,0.81396,0.81405,1.88,1.50
2012.04.27 07:09:20.455,0.81396,0.81406,1.88,1.50
2012.04.27 07:09:21.005,0.81396,0.81405,1.88,1.50
2012.04.27 07:09:22.395,0.81396,0.81406,3.57,1.50
2012.04.27 07:09:22.905,0.81397,0.81407,1.50,1.50
2012.04.27 07:09:23.154,0.81397,0.81409,1.50,1.50
2012.04.27 07:09:24.364,0.81396,0.81407,1.50,1.50
2012.04.27 07:09:25.386,0.81396,0.81408,3.00,1.50
2012.04.27 07:09:25.892,0.81396,0.81406,3.00,1.50
2012.04.27 07:09:26.408,0.81397,0.81407,1.50,1.50
2012.04.27 07:09:27.701,0.81396,0.81406,1.50,1.50
2012.04.27 07:09:28.655,0.81395,0.81405,2.63,1.50
2012.04.27 07:09:30.166,0.81395,0.81405,2.25,1.50
2012.04.27 07:09:30.381,0.81397,0.81407,1.13,1.50
2012.04.27 07:09:31.149,0.81396,0.81406,6.42,1.50
2012.04.27 07:09:31.666,0.81397,0.81407,2.25,1.50
2012.04.27 07:09:31.984,0.81396,0.81405,4.17,1.50
2012.04.27 07:09:33.116,0.81397,0.81407,2.25,1.50
2012.04.27 07:09:34.066,0.81396,0.81406,4.17,1.50
2012.04.27 07:09:34.991,0.81396,0.81406,1.13,1.50
2012.04.27 07:09:41.747,0.81394,0.81404,3.75,1.71
2012.04.27 07:09:41.952,0.81394,0.81406,3.00,3.58
2012.04.27 07:09:42.394,0.81394,0.81404,2.25,1.88
2012.04.27 07:09:42.729,0.8139,0.81397,1.50,1.50
2012.04.27 07:09:42.801,0.81388,0.81396,2.25,1.50
2012.04.27 07:09:43.595,0.81388,0.81396,1.50,1.50
2012.04.27 07:09:44.147,0.81389,0.81397,2.44,1.50
2012.04.27 07:09:44.467,0.81389,0.81399,6.04,1.50
2012.04.27 07:09:45.073,0.81389,0.81399,3.19,1.50
2012.04.27 07:09:45.857,0.81388,0.81397,3.38,1.50
2012.04.27 07:09:47.882,0.8139,0.81397,1.50,1.50
2012.04.27 07:09:47.963,0.8139,0.81402,3.75,1.50
2012.04.27 07:09:48.496,0.8139,0.81405,1.50,1.88
2012.04.27 07:09:48.641,0.81389,0.81403,1.50,2.44
2012.04.27 07:09:48.849,0.81388,0.81404,1.50,3.96
2012.04.27 07:09:50.530,0.81388,0.81401,2.63,1.13
2012.04.27 07:09:51.067,0.81388,0.81401,1.50,1.13
2012.04.27 07:09:51.637,0.81387,0.81401,1.50,3.96
2012.04.27 07:09:51.710,0.81386,0.81398,2.25,1.50
2012.04.27 07:09:51.780,0.81386,0.81395,2.25,1.13
2012.04.27 07:09:52.128,0.8138,0.81394,3.00,4.13
2012.04.27 07:09:52.516,0.8138,0.81388,1.50,1.13
2012.04.27 07:09:53.028,0.81376,0.81386,3.00,1.50
2012.04.27 07:09:53.168,0.81377,0.81387,1.13,2.25
2012.04.27 07:09:53.687,0.8138,0.81388,1.50,1.13
2012.04.27 07:09:53.899,0.81377,0.81386,1.13,1.50
2012.04.27 07:09:54.177,0.81378,0.81388,2.25,2.25
2012.04.27 07:09:54.728,0.81378,0.8139,1.50,3.00
2012.04.27 07:09:55.551,0.81381,0.8139,1.50,1.50
2012.04.27 07:09:55.772,0.81376,0.81387,2.25,1.50
2012.04.27 07:09:56.062,0.81374,0.81386,3.19,2.25
2012.04.27 07:09:56.407,0.81373,0.81383,1.50,3.00
2012.04.27 07:09:56.478,0.81373,0.81383,1.50,3.00
2012.04.27 07:09:56.621,0.81365,0.81377,1.13,1.50
2012.04.27 07:09:57.168,0.81367,0.81376,1.13,1.50
2012.04.27 07:09:57.308,0.81372,0.81381,1.50,1.13
2012.04.27 07:09:57.848,0.81371,0.81381,1.50,3.38
2012.04.27 07:09:57.987,0.81371,0.81381,1.50,3.38
2012.04.27 07:09:58.679,0.81372,0.81381,1.50,1.50
2012.04.27 07:09:59.159,0.81372,0.81381,1.50,1.50
2012.04.27 07:09:59.621,0.81366,0.81374,1.50,2.10
2012.04.27 07:09:59.766,0.81354,0.81368,6.00,1.69
2012.04.27 07:09:59.837,0.81354,0.8136,4.50,1.13
2012.04.27 07:10:00.375,0.81348,0.81354,1.50,1.50
2012.04.27 07:10:00.475,0.81342,0.81354,2.85,1.13
2012.04.27 07:10:00.623,0.81341,0.81355,1.13,1.13
2012.04.27 07:10:01.144,0.81341,0.81356,1.88,2.10
2012.04.27 07:10:01.649,0.8134,0.81354,1.13,2.10
2012.04.27 07:10:01.927,0.81339,0.81354,1.50,2.85
2012.04.27 07:10:03.103,0.81339,0.81353,2.25,2.07
2012.04.27 07:10:04.604,0.81339,0.81354,2.25,1.35
2012.04.27 07:10:05.123,0.81339,0.81354,1.50,1.35
2012.04.27 07:10:05.700,0.8134,0.81354,1.13,1.35
2012.04.27 07:10:05.780,0.81341,0.81354,1.50,1.35
2012.04.27 07:10:06.335,0.81341,0.81354,3.00,1.35
2012.04.27 07:10:07.029,0.81343,0.81355,1.50,1.32
2012.04.27 07:10:07.666,0.81343,0.81357,1.69,1.22
2012.04.27 07:10:08.339,0.81346,0.81357,1.50,1.30
2012.04.27 07:10:08.843,0.81346,0.81358,2.25,1.88
2012.04.27 07:10:09.788,0.81347,0.81358,1.50,1.50
2012.04.27 07:10:10.128,0.81347,0.81358,1.50,1.50
2012.04.27 07:10:10.268,0.81348,0.8136,2.25,3.62
2012.04.27 07:10:10.808,0.81352,0.81362,1.50,4.18
2012.04.27 07:10:12.164,0.81352,0.81362,1.50,2.25
2012.04.27 07:10:12.484,0.81355,0.81363,1.50,1.52
2012.04.27 07:10:13.579,0.81355,0.81362,1.50,1.50
2012.04.27 07:10:14.272,0.81349,0.81359,1.50,1.50
2012.04.27 07:10:14.686,0.81351,0.81361,1.50,1.14
2012.04.27 07:10:15.042,0.81353,0.81361,1.50,1.13
2012.04.27 07:10:15.388,0.8135,0.81362,2.25,2.25
2012.04.27 07:10:15.462,0.8135,0.81362,2.40,2.25
2012.04.27 07:10:15.797,0.81351,0.81363,2.59,1.50
2012.04.27 07:10:16.118,0.81355,0.81365,1.65,1.50
2012.04.27 07:10:16.612,0.81357,0.81366,1.50,1.50
2012.04.27 07:10:17.032,0.81355,0.81365,1.50,2.25
2012.04.27 07:10:17.556,0.81356,0.81364,1.50,1.50
2012.04.27 07:10:18.058,0.8136,0.81366,1.50,1.50
2012.04.27 07:10:19.340,0.81358,0.8137,2.25,6.11
2012.04.27 07:10:19.674,0.81359,0.81367,2.25,2.16
2012.04.27 07:10:19.819,0.81359,0.81367,1.50,1.50
2012.04.27 07:10:19.958,0.81361,0.81367,1.50,1.50
2012.04.27 07:10:20.157,0.81361,0.81371,1.50,1.50
2012.04.27 07:10:20.298,0.81361,0.81373,1.50,3.66
2012.04.27 07:10:20.369,0.81359,0.81369,2.25,1.50
2012.04.27 07:10:20.907,0.81361,0.81371,1.50,1.50
2012.04.27 07:10:21.435,0.81361,0.81372,1.50,2.25
2012.04.27 07:10:22.171,0.81362,0.81373,2.63,2.25
2012.04.27 07:10:22.715,0.81361,0.81371,3.00,1.50
2012.04.27 07:10:23.125,0.81361,0.81371,3.00,1.50
2012.04.27 07:10:23.195,0.81361,0.81369,1.50,1.50
2012.04.27 07:10:23.618,0.81361,0.81373,3.00,1.50
2012.04.27 07:10:24.139,0.81363,0.81373,1.13,1.50
2012.04.27 07:10:24.277,0.81365,0.81377,1.50,2.25
2012.04.27 07:10:24.834,0.81366,0.81378,1.50,3.19
2012.04.27 07:10:24.913,0.81364,0.81376,1.50,3.94
2012.04.27 07:10:25.766,0.81362,0.81372,1.50,1.50
2012.04.27 07:10:26.307,0.81363,0.81373,1.50,3.13
2012.04.27 07:10:26.857,0.81362,0.81373,1.50,2.48
2012.04.27 07:10:27.897,0.8136,0.81372,2.25,2.25
2012.04.27 07:10:28.109,0.81358,0.8137,3.38,2.25
2012.04.27 07:10:28.437,0.81357,0.81367,2.18,1.50
2012.04.27 07:10:28.927,0.81356,0.81366,2.25,1.50
2012.04.27 07:10:29.445,0.81356,0.81366,1.80,1.50
2012.04.27 07:10:30.175,0.81356,0.81366,1.05,2.25
2012.04.27 07:10:30.726,0.81355,0.81367,2.25,2.25
2012.04.27 07:10:31.257,0.81357,0.81367,1.13,2.25
2012.04.27 07:10:31.326,0.81357,0.81367,1.13,3.00
2012.04.27 07:10:31.666,0.8136,0.81365,1.50,1.50
2012.04.27 07:10:31.997,0.81356,0.81364,1.50,3.00
2012.04.27 07:10:32.125,0.81356,0.81364,1.50,3.00
2012.04.27 07:10:32.718,0.81355,0.81364,1.50,1.50
2012.04.27 07:10:33.065,0.81357,0.81363,1.50,1.50
2012.04.27 07:10:33.398,0.81355,0.81363,1.50,1.50
2012.04.27 07:10:33.905,0.81355,0.81364,1.50,1.50
2012.04.27 07:10:34.471,0.81355,0.81364,1.50,1.50
2012.04.27 07:10:34.875,0.81357,0.81364,1.50,1.50
2012.04.27 07:10:35.135,0.81355,0.81364,1.50,2.10
2012.04.27 07:10:35.407,0.81353,0.81364,1.50,1.35
2012.04.27 07:10:36.136,0.81355,0.81364,1.50,2.10
2012.04.27 07:10:36.209,0.81353,0.81364,1.50,2.10
2012.04.27 07:10:36.969,0.81353,0.81363,1.50,3.00
2012.04.27 07:10:37.321,0.81348,0.81356,2.46,1.50
2012.04.27 07:10:37.796,0.81347,0.81358,2.44,1.50
2012.04.27 07:10:39.437,0.81347,0.81359,4.32,2.25
2012.04.27 07:10:39.760,0.81348,0.81357,2.25,1.50
2012.04.27 07:10:39.899,0.81346,0.81356,1.50,1.50
2012.04.27 07:10:40.169,0.81348,0.81358,1.13,1.50
2012.04.27 07:10:40.238,0.81351,0.81361,1.50,1.35
2012.04.27 07:10:40.556,0.81349,0.81359,1.50,1.50
2012.04.27 07:10:40.874,0.81351,0.81361,1.50,1.35
2012.04.27 07:10:41.179,0.81351,0.8136,1.50,1.50
2012.04.27 07:10:44.395,0.81351,0.8136,1.50,1.50
2012.04.27 07:10:44.466,0.81351,0.81361,1.50,1.50
2012.04.27 07:10:45.178,0.81354,0.81362,1.50,1.50
2012.04.27 07:10:49.764,0.81354,0.81361,1.50,1.50
2012.04.27 07:10:50.029,0.81351,0.81363,1.88,2.25
2012.04.27 07:10:50.169,0.81354,0.81364,1.50,3.00
2012.04.27 07:10:50.770,0.81356,0.81364,1.50,1.50
2012.04.27 07:10:51.408,0.81351,0.81363,2.63,1.50
2012.04.27 07:10:51.822,0.81353,0.81363,1.50,3.00
2012.04.27 07:10:52.417,0.81353,0.81363,1.50,2.25
2012.04.27 07:10:52.934,0.81352,0.81363,1.13,1.50
2012.04.27 07:10:53.715,0.81352,0.8136,2.10,1.50
2012.04.27 07:10:53.790,0.81353,0.81365,2.85,3.00
2012.04.27 07:10:53.869,0.81353,0.81365,2.85,3.00
2012.04.27 07:10:53.938,0.81353,0.81363,1.50,2.85
2012.04.27 07:10:54.277,0.81352,0.81362,1.50,2.25
2012.04.27 07:10:54.345,0.81348,0.8136,2.44,2.25
2012.04.27 07:10:54.886,0.81349,0.81359,2.25,1.50
2012.04.27 07:10:54.958,0.81352,0.81361,4.50,2.63
2012.04.27 07:10:55.029,0.81352,0.81361,4.50,1.50
2012.04.27 07:10:55.167,0.81352,0.81363,4.50,3.00
2012.04.27 07:10:55.676,0.81353,0.81363,2.25,3.00
2012.04.27 07:10:56.494,0.81354,0.81364,2.25,1.13
2012.04.27 07:10:57.036,0.81352,0.81362,4.50,1.50
2012.04.27 07:10:58.717,0.81353,0.81364,1.50,1.50
2012.04.27 07:10:59.045,0.81353,0.81362,1.50,1.50
2012.04.27 07:10:59.565,0.81353,0.81364,1.50,1.50
2012.04.27 07:10:59.635,0.81353,0.81362,1.50,1.50
2012.04.27 07:11:00.046,0.81351,0.81361,3.19,1.50
2012.04.27 07:11:00.190,0.81351,0.81363,2.44,1.50
2012.04.27 07:11:00.610,0.81351,0.8136,1.50,1.50
2012.04.27 07:11:00.679,0.8135,0.81358,1.50,1.50
2012.04.27 07:11:01.206,0.8135,0.81357,1.50,1.50
2012.04.27 07:11:02.464,0.81349,0.81357,1.13,1.50
2012.04.27 07:11:03.259,0.81347,0.81357,2.82,1.50
2012.04.27 07:11:04.143,0.81347,0.81357,1.50,1.50
2012.04.27 07:11:04.237,0.8135,0.81361,2.25,1.88
2012.04.27 07:11:04.381,0.81351,0.81361,1.50,1.50
2012.04.27 07:11:04.602,0.81353,0.81363,1.50,1.50
2012.04.27 07:11:04.819,0.81351,0.81361,2.25,1.50
2012.04.27 07:11:05.336,0.81351,0.81361,2.63,1.50
2012.04.27 07:11:05.548,0.81351,0.81366,1.13,1.32
2012.04.27 07:11:06.070,0.81352,0.81366,1.50,2.67
2012.04.27 07:11:06.691,0.81351,0.81365,1.50,1.50
2012.04.27 07:11:07.669,0.81352,0.81366,1.50,2.76
2012.04.27 07:11:08.012,0.8135,0.81362,1.50,1.88
2012.04.27 07:11:08.438,0.81349,0.81362,1.88,3.28
2012.04.27 07:11:08.649,0.81347,0.8136,1.69,1.41
2012.04.27 07:11:09.513,0.81349,0.81361,1.13,1.50
2012.04.27 07:11:09.595,0.8135,0.81365,1.88,2.72
2012.04.27 07:11:09.668,0.8135,0.81365,1.88,2.72
2012.04.27 07:11:10.762,0.8135,0.81364,1.13,1.13
2012.04.27 07:11:11.657,0.8135,0.81364,1.13,1.13
2012.04.27 07:11:12.521,0.81349,0.81363,1.13,1.88
2012.04.27 07:11:13.092,0.81348,0.81358,1.88,1.03
2012.04.27 07:11:13.310,0.81343,0.81355,2.65,1.50
2012.04.27 07:11:13.530,0.8134,0.81356,4.17,1.88
2012.04.27 07:11:14.076,0.81341,0.81355,1.32,1.50
2012.04.27 07:11:14.628,0.81341,0.81356,1.69,1.88
2012.04.27 07:11:15.362,0.8134,0.81356,3.00,2.16
2012.04.27 07:11:15.868,0.81341,0.81356,1.50,1.50
2012.04.27 07:11:16.009,0.8134,0.81355,2.25,1.50
2012.04.27 07:11:16.530,0.81338,0.81353,2.25,1.59
2012.04.27 07:11:16.938,0.81338,0.81353,1.88,1.50
2012.04.27 07:11:17.287,0.81338,0.81353,1.13,1.50
2012.04.27 07:11:17.360,0.81338,0.81353,1.13,1.50
2012.04.27 07:11:17.846,0.81338,0.81354,1.32,1.13
2012.04.27 07:11:18.408,0.81339,0.81354,1.69,1.13
2012.04.27 07:11:18.755,0.81339,0.81354,1.69,1.13
2012.04.27 07:11:19.096,0.81339,0.81354,1.50,1.32
2012.04.27 07:11:19.447,0.81339,0.81354,2.10,1.32
2012.04.27 07:11:19.995,0.81339,0.81354,1.50,1.32
2012.04.27 07:11:20.130,0.81339,0.81354,1.50,1.32
2012.04.27 07:11:20.690,0.81339,0.81353,1.50,1.32
2012.04.27 07:11:21.065,0.81339,0.81353,2.25,1.13
2012.04.27 07:11:21.269,0.81339,0.81353,1.13,1.13
2012.04.27 07:11:23.466,0.81339,0.81353,1.50,1.32
2012.04.27 07:11:24.286,0.81344,0.81354,4.88,1.50
2012.04.27 07:11:24.425,0.8134,0.81354,3.38,1.50
2012.04.27 07:11:24.948,0.81339,0.81354,2.44,2.25
2012.04.27 07:11:25.280,0.81345,0.81354,1.13,1.88
2012.04.27 07:11:25.957,0.81346,0.81356,1.50,1.50
2012.04.27 07:11:26.168,0.81346,0.8136,1.50,1.13
2012.04.27 07:11:26.769,0.81346,0.8136,1.50,1.13
2012.04.27 07:11:26.844,0.81346,0.81358,1.50,1.13
2012.04.27 07:11:27.980,0.81344,0.81358,1.88,1.13
2012.04.27 07:11:28.587,0.81346,0.81358,1.50,1.13
2012.04.27 07:11:29.097,0.81345,0.81358,1.50,1.13
2012.04.27 07:11:29.648,0.81344,0.81358,2.25,1.13
2012.04.27 07:11:29.722,0.81344,0.81357,1.50,1.13
2012.04.27 07:11:30.376,0.81342,0.81357,1.88,1.13
2012.04.27 07:11:30.887,0.81342,0.81356,1.88,1.13
2012.04.27 07:11:30.956,0.81341,0.81356,2.63,1.78
2012.04.27 07:11:31.476,0.8134,0.81353,1.69,1.50
2012.04.27 07:11:32.366,0.81342,0.81354,1.50,1.50
2012.04.27 07:11:32.898,0.81342,0.81354,1.50,1.69
2012.04.27 07:11:33.580,0.81341,0.81353,1.50,3.51
2012.04.27 07:11:33.649,0.81339,0.81353,3.38,2.63
2012.04.27 07:11:35.340,0.81339,0.81352,1.50,1.32
2012.04.27 07:11:35.899,0.81336,0.81352,1.50,2.44
2012.04.27 07:11:37.230,0.81336,0.81351,1.88,1.88
2012.04.27 07:11:37.789,0.81336,0.8135,1.50,2.38
2012.04.27 07:11:38.339,0.81336,0.8135,1.50,1.88
2012.04.27 07:11:39.851,0.81336,0.81348,1.50,1.13
2012.04.27 07:11:39.998,0.81335,0.81348,1.50,1.78
2012.04.27 07:11:40.487,0.81338,0.8135,1.50,2.07
2012.04.27 07:11:40.628,0.81339,0.81351,1.50,2.25
2012.04.27 07:11:41.957,0.81339,0.81351,1.88,1.13
2012.04.27 07:11:42.028,0.81336,0.81351,2.44,1.13
2012.04.27 07:11:42.226,0.81336,0.8135,1.69,1.13
2012.04.27 07:11:44.298,0.81336,0.8135,1.50,2.20
2012.04.27 07:11:45.201,0.81335,0.81349,1.50,1.63
2012.04.27 07:11:45.715,0.81336,0.8135,1.88,1.50
2012.04.27 07:11:46.110,0.81336,0.81351,3.00,2.70
2012.04.27 07:11:46.625,0.81337,0.81351,1.50,2.20
2012.04.27 07:11:47.109,0.81337,0.81351,1.50,2.20
2012.04.27 07:11:47.177,0.81337,0.81351,2.25,2.70
2012.04.27 07:11:47.699,0.81339,0.81351,1.50,2.01
2012.04.27 07:11:48.279,0.81339,0.81351,1.50,1.76
2012.04.27 07:11:48.880,0.8134,0.81352,1.69,1.76
2012.04.27 07:11:49.019,0.8134,0.81354,1.69,1.88
2012.04.27 07:11:49.428,0.81338,0.81353,3.96,1.78
2012.04.27 07:11:50.276,0.81341,0.81352,1.50,1.13
2012.04.27 07:11:50.785,0.81338,0.81352,2.07,1.13
2012.04.27 07:11:50.926,0.81338,0.81352,1.69,1.13
2012.04.27 07:11:51.437,0.81338,0.81352,1.69,1.13
2012.04.27 07:11:51.938,0.81338,0.81352,2.44,1.13
2012.04.27 07:11:52.507,0.81338,0.81352,2.44,1.13
2012.04.27 07:11:53.742,0.81341,0.81354,1.13,1.88
2012.04.27 07:11:54.074,0.81342,0.81354,1.50,1.50
2012.04.27 07:11:54.617,0.81341,0.81353,5.63,1.50
2012.04.27 07:11:55.160,0.81342,0.81353,1.50,1.50
2012.04.27 07:11:58.861,0.81344,0.81356,2.63,1.50
2012.04.27 07:11:59.009,0.81347,0.81357,1.50,1.88
2012.04.27 07:11:59.077,0.8135,0.81359,1.50,1.13
2012.04.27 07:11:59.696,0.8135,0.8136,1.50,2.63
2012.04.27 07:12:00.196,0.81349,0.81361,2.25,2.82
2012.04.27 07:12:04.234,0.81349,0.81361,3.00,1.50
2012.04.27 07:12:04.698,0.81349,0.81361,3.19,1.50
2012.04.27 07:12:05.036,0.81349,0.81359,2.44,1.50
2012.04.27 07:12:05.359,0.81349,0.81355,1.69,1.50
2012.04.27 07:12:05.503,0.8135,0.81357,1.69,1.50
2012.04.27 07:12:06.529,0.81348,0.81357,1.88,1.50
2012.04.27 07:12:06.741,0.8135,0.81362,2.25,3.00
2012.04.27 07:12:07.196,0.81351,0.81363,2.25,1.88
2012.04.27 07:12:07.750,0.8135,0.8136,1.50,1.50
2012.04.27 07:12:07.898,0.81347,0.81357,3.75,1.50
2012.04.27 07:12:08.106,0.81351,0.81361,1.50,2.07
2012.04.27 07:12:11.145,0.81351,0.81363,2.25,3.38
2012.04.27 07:12:11.661,0.81352,0.81362,2.25,1.50
2012.04.27 07:12:12.477,0.81353,0.81363,1.50,2.25
2012.04.27 07:12:13.001,0.81352,0.81364,2.25,2.63
2012.04.27 07:12:13.135,0.81351,0.8136,1.50,1.50
2012.04.27 07:12:13.685,0.81352,0.8136,1.50,1.50
2012.04.27 07:12:13.887,0.81352,0.81362,3.19,1.50
2012.04.27 07:12:14.170,0.81355,0.81363,1.50,1.50
2012.04.27 07:12:14.238,0.81355,0.81366,1.50,1.50
2012.04.27 07:12:14.365,0.81357,0.81367,1.50,2.25
2012.04.27 07:12:14.720,0.81355,0.81367,1.50,2.25
2012.04.27 07:12:14.991,0.81352,0.81363,1.69,1.50
2012.04.27 07:12:15.508,0.81351,0.81362,1.69,1.50
2012.04.27 07:12:15.717,0.81355,0.81367,1.50,4.35
2012.04.27 07:12:16.466,0.81356,0.81367,1.50,2.85
2012.04.27 07:12:17.027,0.81355,0.81367,1.50,3.98
2012.04.27 07:12:17.618,0.81356,0.81367,1.50,2.10
2012.04.27 07:12:18.125,0.81357,0.81367,1.50,1.50
2012.04.27 07:12:19.558,0.81359,0.81369,1.50,1.35
2012.04.27 07:12:19.696,0.81359,0.81371,2.44,1.50
2012.04.27 07:12:19.769,0.81362,0.81372,1.50,2.25
2012.04.27 07:12:20.299,0.8136,0.81371,1.50,1.50
2012.04.27 07:12:20.836,0.81362,0.81371,1.50,1.50
2012.04.27 07:12:20.907,0.81363,0.81374,1.50,1.50
2012.04.27 07:12:21.117,0.81365,0.81376,1.50,1.13
2012.04.27 07:12:21.437,0.81367,0.81376,1.50,1.13
2012.04.27 07:12:21.968,0.81365,0.81377,1.50,2.63
2012.04.27 07:12:22.227,0.81367,0.81377,1.50,1.88
2012.04.27 07:12:22.416,0.81365,0.81377,2.25,1.88
2012.04.27 07:12:24.220,0.81365,0.81377,2.25,1.50
2012.04.27 07:12:24.360,0.81371,0.81379,1.50,1.13
2012.04.27 07:12:24.718,0.81369,0.81379,1.50,1.88
2012.04.27 07:12:25.236,0.8137,0.81382,1.50,2.63
2012.04.27 07:12:25.856,0.8137,0.81381,2.25,1.50
2012.04.27 07:12:26.616,0.81369,0.81381,1.69,1.50
2012.04.27 07:12:26.757,0.8137,0.81382,1.50,2.25
2012.04.27 07:12:26.896,0.81369,0.8138,2.44,1.50
2012.04.27 07:12:27.097,0.81371,0.81384,1.50,2.63
2012.04.27 07:12:28.393,0.81371,0.81383,1.50,1.50
2012.04.27 07:12:31.206,0.81371,0.81384,1.50,1.50
2012.04.27 07:12:31.477,0.81373,0.81384,1.50,1.50
2012.04.27 07:12:32.149,0.81372,0.81384,5.44,1.50
2012.04.27 07:12:32.414,0.81371,0.81384,2.07,1.50
2012.04.27 07:12:33.037,0.81371,0.81384,1.88,1.50
2012.04.27 07:12:33.641,0.8137,0.81382,1.69,1.50
2012.04.27 07:12:34.177,0.81369,0.81382,1.50,1.50
2012.04.27 07:12:34.715,0.8137,0.81382,1.50,1.50
2012.04.27 07:12:35.886,0.81369,0.81382,1.50,1.13
2012.04.27 07:12:36.016,0.81369,0.81382,1.50,1.13
2012.04.27 07:12:36.840,0.81369,0.81382,1.50,1.13
2012.04.27 07:12:37.346,0.81369,0.81384,1.50,2.44
2012.04.27 07:12:38.036,0.8137,0.81384,1.50,2.25
2012.04.27 07:12:39.031,0.81372,0.81384,1.50,1.50
2012.04.27 07:12:39.115,0.81372,0.81384,1.50,1.50
2012.04.27 07:12:39.615,0.81374,0.81386,1.50,3.00
2012.04.27 07:12:39.946,0.81374,0.81383,1.50,1.50
2012.04.27 07:12:42.180,0.81372,0.81383,3.19,1.50
2012.04.27 07:12:42.753,0.81373,0.81383,3.00,1.50
2012.04.27 07:12:43.287,0.81373,0.81383,1.50,1.50
2012.04.27 07:12:44.814,0.81373,0.81383,1.50,1.50
2012.04.27 07:12:45.185,0.81372,0.8138,1.50,1.50
2012.04.27 07:12:45.660,0.81371,0.81378,3.38,1.50
2012.04.27 07:12:46.273,0.8137,0.81378,3.38,1.50
2012.04.27 07:12:46.814,0.8137,0.81378,3.38,1.50
2012.04.27 07:12:47.899,0.81371,0.81378,3.00,1.50
2012.04.27 07:12:49.016,0.81372,0.81378,1.50,1.50
2012.04.27 07:12:50.366,0.81374,0.81382,4.50,1.50
2012.04.27 07:12:50.843,0.81374,0.81382,4.50,1.50
2012.04.27 07:12:50.919,0.81374,0.81383,4.50,1.50
2012.04.27 07:12:50.989,0.81374,0.81384,3.75,1.50
2012.04.27 07:12:51.120,0.81374,0.81384,4.50,1.50
2012.04.27 07:12:52.245,0.81373,0.81384,1.32,1.50
2012.04.27 07:12:52.386,0.81373,0.81381,2.25,1.50
2012.04.27 07:12:52.531,0.81375,0.81385,4.50,1.50
2012.04.27 07:12:52.613,0.81375,0.81387,4.50,2.94
2012.04.27 07:12:53.497,0.81376,0.81389,2.25,1.88
2012.04.27 07:12:53.876,0.81376,0.81389,1.50,1.88
2012.04.27 07:12:54.397,0.81375,0.81389,1.50,1.88
2012.04.27 07:12:54.916,0.81375,0.81389,1.50,2.25
2012.04.27 07:12:55.606,0.81375,0.81389,1.50,2.25
2012.04.27 07:12:55.746,0.81375,0.81389,1.50,2.25
2012.04.27 07:12:57.395,0.81376,0.81389,1.50,1.50
2012.04.27 07:12:58.045,0.81376,0.81389,1.50,1.13
2012.04.27 07:12:59.287,0.81376,0.8139,1.50,2.07
2012.04.27 07:13:00.341,0.81375,0.81389,1.50,1.13
2012.04.27 07:13:00.828,0.81375,0.81389,1.50,1.88
2012.04.27 07:13:02.186,0.81375,0.81389,2.25,1.88
2012.04.27 07:13:02.596,0.81375,0.81389,2.25,1.50
2012.04.27 07:13:03.610,0.81374,0.81387,1.88,1.50
2012.04.27 07:13:03.960,0.81371,0.81385,1.13,3.21
2012.04.27 07:13:04.459,0.8137,0.81384,2.25,1.69
2012.04.27 07:13:05.019,0.81373,0.81384,1.50,1.50
2012.04.27 07:13:05.304,0.81372,0.81386,1.50,1.50
2012.04.27 07:13:05.376,0.81372,0.81387,2.25,1.13
2012.04.27 07:13:05.915,0.81373,0.81388,1.50,1.35
2012.04.27 07:13:07.479,0.81374,0.81387,1.50,1.50
2012.04.27 07:13:08.031,0.81376,0.81386,1.50,1.50
2012.04.27 07:13:08.939,0.81374,0.81386,1.50,2.25
2012.04.27 07:13:09.429,0.81373,0.81384,1.50,1.50
2012.04.27 07:13:09.958,0.81375,0.81385,1.50,1.50
2012.04.27 07:13:11.712,0.81375,0.81385,1.50,1.50
2012.04.27 07:13:13.105,0.81373,0.81384,1.50,1.50
2012.04.27 07:13:14.608,0.81373,0.81384,1.50,1.50
2012.04.27 07:13:14.999,0.81373,0.81387,1.50,1.50
2012.04.27 07:13:15.307,0.81372,0.81386,1.50,1.50
2012.04.27 07:13:16.487,0.81372,0.81387,1.69,2.25
2012.04.27 07:13:17.005,0.81372,0.81386,1.69,1.88
2012.04.27 07:13:17.540,0.81371,0.8138,1.50,1.50
2012.04.27 07:13:18.086,0.81369,0.8138,1.69,1.50
2012.04.27 07:13:19.546,0.81371,0.8138,2.25,1.50
2012.04.27 07:13:21.269,0.8137,0.8138,1.69,1.50
2012.04.27 07:13:21.822,0.81368,0.81383,1.88,1.32
2012.04.27 07:13:21.900,0.81367,0.81382,1.50,1.50
2012.04.27 07:13:23.927,0.81367,0.81382,1.50,1.97
2012.04.27 07:13:25.977,0.81367,0.81381,1.50,1.50
2012.04.27 07:13:26.185,0.81366,0.8138,1.69,1.78
2012.04.27 07:13:26.507,0.81365,0.81379,2.44,1.78
2012.04.27 07:13:27.029,0.81364,0.81377,1.50,2.53
2012.04.27 07:13:27.496,0.81361,0.81376,1.88,1.41
2012.04.27 07:13:28.571,0.81361,0.81377,1.50,2.25
2012.04.27 07:13:29.115,0.81362,0.81376,1.50,1.41
2012.04.27 07:13:30.478,0.81362,0.81376,1.50,1.13
2012.04.27 07:13:31.257,0.8136,0.81374,1.50,1.41
2012.04.27 07:13:31.766,0.8136,0.81375,1.50,1.78
2012.04.27 07:13:34.377,0.81361,0.81376,1.69,1.13
2012.04.27 07:13:34.687,0.81361,0.81376,1.69,1.13
2012.04.27 07:13:35.358,0.81362,0.81376,1.50,1.13
2012.04.27 07:13:35.871,0.81364,0.81378,1.50,2.07
2012.04.27 07:13:38.487,0.81364,0.81378,1.69,1.50
2012.04.27 07:13:39.778,0.81364,0.81378,1.50,1.32
2012.04.27 07:13:40.118,0.81362,0.81376,2.25,1.88
2012.04.27 07:13:40.259,0.81363,0.81377,1.50,1.88
2012.04.27 07:13:40.786,0.81363,0.81378,1.69,2.25
2012.04.27 07:13:41.365,0.81362,0.81378,2.07,2.25
2012.04.27 07:13:41.907,0.81363,0.81377,1.69,1.50
2012.04.27 07:13:42.187,0.81362,0.81374,1.69,1.50
2012.04.27 07:13:42.718,0.81362,0.81376,1.50,1.50
2012.04.27 07:13:42.788,0.81363,0.81377,2.25,3.19
2012.04.27 07:13:43.317,0.81363,0.81378,3.00,2.07
2012.04.27 07:13:44.816,0.81366,0.8138,1.50,2.25
2012.04.27 07:13:45.448,0.81366,0.81379,1.50,2.63
2012.04.27 07:13:45.522,0.81365,0.81378,1.88,2.25
2012.04.27 07:13:46.155,0.81363,0.81377,2.25,2.07
2012.04.27 07:13:47.415,0.81363,0.81377,2.25,2.07
2012.04.27 07:13:47.948,0.81365,0.81378,1.50,4.99
2012.04.27 07:13:48.474,0.81364,0.81377,1.50,1.32
2012.04.27 07:13:49.834,0.81365,0.81377,1.50,1.50
2012.04.27 07:13:51.055,0.81364,0.81377,3.10,2.53
2012.04.27 07:13:51.617,0.81364,0.81377,3.00,2.53
2012.04.27 07:13:51.688,0.81364,0.81377,3.00,2.53
2012.04.27 07:13:52.098,0.81366,0.81379,1.50,1.50
2012.04.27 07:13:52.707,0.81365,0.81379,1.88,1.50
2012.04.27 07:13:54.006,0.81364,0.81379,1.69,1.13
2012.04.27 07:13:56.504,0.81364,0.81379,1.69,1.88
2012.04.27 07:13:58.207,0.81365,0.81379,1.88,1.50
2012.04.27 07:13:58.628,0.81367,0.81379,2.07,1.50
2012.04.27 07:13:59.147,0.81367,0.8138,2.82,2.25
2012.04.27 07:14:02.189,0.8137,0.8138,1.13,2.25
2012.04.27 07:14:03.356,0.81369,0.81381,3.38,1.50
2012.04.27 07:14:04.013,0.81368,0.81381,3.00,1.50
2012.04.27 07:14:05.426,0.81368,0.81376,1.13,1.50
2012.04.27 07:14:05.567,0.81364,0.81376,3.00,1.50
2012.04.27 07:14:05.777,0.81365,0.81379,1.50,1.69
2012.04.27 07:14:06.855,0.81364,0.81379,1.50,1.69
2012.04.27 07:14:07.168,0.81364,0.81377,1.50,1.50
2012.04.27 07:14:07.663,0.81363,0.81376,3.00,2.25
2012.04.27 07:14:07.999,0.81362,0.81372,3.38,1.50
2012.04.27 07:14:10.162,0.81362,0.81374,1.88,1.50
2012.04.27 07:14:10.236,0.81362,0.81375,1.88,1.50
2012.04.27 07:14:10.746,0.81363,0.81375,1.50,1.88
2012.04.27 07:14:13.308,0.81362,0.81374,1.13,1.50
2012.04.27 07:14:14.030,0.81362,0.81374,1.50,1.50
2012.04.27 07:14:14.558,0.81364,0.81374,1.50,1.50
2012.04.27 07:14:16.207,0.81364,0.81376,2.25,1.50
2012.04.27 07:14:16.278,0.81365,0.81378,1.50,2.44
2012.04.27 07:14:18.736,0.81364,0.81379,2.44,1.88
2012.04.27 07:14:19.521,0.81366,0.81379,1.50,1.50
2012.04.27 07:14:21.228,0.81365,0.81379,1.69,2.25
2012.04.27 07:14:21.787,0.81364,0.81379,3.79,1.50
2012.04.27 07:14:22.313,0.81366,0.81379,1.88,1.50
2012.04.27 07:14:22.457,0.81368,0.81379,1.05,1.50
2012.04.27 07:14:23.215,0.81365,0.8138,1.69,3.00
2012.04.27 07:14:24.740,0.81367,0.81382,2.25,6.57
2012.04.27 07:14:25.395,0.81368,0.81382,1.69,1.13
2012.04.27 07:14:25.895,0.81369,0.81384,2.29,1.88
2012.04.27 07:14:26.026,0.81369,0.81384,1.54,1.88
2012.04.27 07:14:26.276,0.81369,0.81384,1.69,1.88
2012.04.27 07:14:26.548,0.81372,0.81384,1.35,1.50
2012.04.27 07:14:26.897,0.81371,0.81378,1.50,2.25
2012.04.27 07:14:27.160,0.81369,0.81378,1.13,1.50
2012.04.27 07:14:27.668,0.81369,0.81378,1.50,1.50
2012.04.27 07:14:28.136,0.81364,0.81375,3.57,2.25
2012.04.27 07:14:28.783,0.81363,0.81375,4.13,2.25
2012.04.27 07:14:29.094,0.81363,0.81372,2.63,1.50
2012.04.27 07:14:30.369,0.81364,0.81376,3.94,2.25
2012.04.27 07:14:30.498,0.81364,0.81376,5.07,2.25
2012.04.27 07:14:31.879,0.81364,0.81376,3.00,1.69
2012.04.27 07:14:32.516,0.81364,0.81372,1.50,1.50
2012.04.27 07:14:32.868,0.8136,0.81368,1.50,1.50
2012.04.27 07:14:33.427,0.81361,0.81371,2.25,2.25
2012.04.27 07:14:33.956,0.81361,0.81373,1.50,2.25
2012.04.27 07:14:34.508,0.81363,0.81371,1.50,3.38
2012.04.27 07:14:34.650,0.81359,0.81369,1.50,2.25
2012.04.27 07:14:34.717,0.81359,0.81369,1.50,2.25
2012.04.27 07:14:35.154,0.81356,0.81367,1.13,2.25
2012.04.27 07:14:35.685,0.81357,0.81368,1.88,1.50
2012.04.27 07:14:36.317,0.81358,0.8137,1.50,2.44
2012.04.27 07:14:36.836,0.81358,0.8137,1.50,2.44
2012.04.27 07:14:37.040,0.81362,0.81369,1.50,1.50
2012.04.27 07:14:37.388,0.81356,0.81368,1.50,2.25
2012.04.27 07:14:37.575,0.81358,0.81368,1.50,2.25
2012.04.27 07:14:38.500,0.81356,0.81368,1.50,2.25
2012.04.27 07:14:39.094,0.81355,0.81365,2.25,1.50
2012.04.27 07:14:39.926,0.81356,0.81368,1.50,2.25
2012.04.27 07:14:40.574,0.81354,0.81364,3.00,1.50
2012.04.27 07:14:40.895,0.81354,0.81366,3.00,2.25
2012.04.27 07:14:42.395,0.81358,0.81368,1.50,2.25
2012.04.27 07:14:42.472,0.81356,0.81368,2.25,2.25
2012.04.27 07:14:42.844,0.81358,0.8137,1.50,3.00
2012.04.27 07:14:45.545,0.81361,0.81371,1.50,4.50
2012.04.27 07:14:46.224,0.8136,0.81371,1.50,3.00
2012.04.27 07:14:47.769,0.81361,0.81369,1.50,1.50
2012.04.27 07:14:51.801,0.81359,0.81371,3.75,2.25
2012.04.27 07:14:52.317,0.81359,0.81367,4.71,1.50
2012.04.27 07:14:52.455,0.81359,0.81374,4.71,3.00
2012.04.27 07:14:53.338,0.81359,0.81373,2.25,1.88
2012.04.27 07:14:53.907,0.81359,0.81372,2.25,2.25
2012.04.27 07:14:55.654,0.81359,0.81372,2.44,1.50
2012.04.27 07:14:57.280,0.81364,0.81373,1.50,2.07
2012.04.27 07:14:57.489,0.81361,0.81373,1.50,3.57
2012.04.27 07:14:57.807,0.81359,0.81367,1.50,1.50
2012.04.27 07:14:58.335,0.81359,0.81367,2.25,1.50
2012.04.27 07:14:59.378,0.81359,0.81367,2.25,1.50
2012.04.27 07:14:59.451,0.8136,0.81372,1.50,2.25
2012.04.27 07:15:00.145,0.81361,0.81373,1.50,3.38
2012.04.27 07:15:00.576,0.81359,0.81369,3.00,1.50
2012.04.27 07:15:00.895,0.81361,0.81371,1.50,1.50
2012.04.27 07:15:01.670,0.81359,0.81367,2.25,1.50
2012.04.27 07:15:01.926,0.81365,0.81375,1.50,2.44
2012.04.27 07:15:02.067,0.81365,0.81375,1.50,2.44
2012.04.27 07:15:02.478,0.81361,0.8137,2.63,1.50
2012.04.27 07:15:02.555,0.8136,0.81372,4.50,1.50
2012.04.27 07:15:02.698,0.8136,0.8137,1.50,1.50
2012.04.27 07:15:02.899,0.81362,0.81372,1.50,1.50
2012.04.27 07:15:03.025,0.81359,0.81368,1.50,1.50
2012.04.27 07:15:03.218,0.8136,0.8137,1.50,1.50
2012.04.27 07:15:03.779,0.81361,0.81373,1.50,4.88
2012.04.27 07:15:05.896,0.81358,0.81365,2.48,1.50
2012.04.27 07:15:05.968,0.81358,0.8137,3.98,2.25
2012.04.27 07:15:06.498,0.81359,0.81371,3.19,2.25
2012.04.27 07:15:06.698,0.81359,0.81367,1.69,1.50
2012.04.27 07:15:07.065,0.81361,0.8137,2.25,1.50
2012.04.27 07:15:07.579,0.8136,0.8137,1.50,1.50
2012.04.27 07:15:07.650,0.81362,0.8137,1.50,1.50
2012.04.27 07:15:07.859,0.8136,0.8137,1.50,1.50
2012.04.27 07:15:08.464,0.81361,0.8137,1.50,1.50
2012.04.27 07:15:09.649,0.81361,0.8137,6.00,1.50
2012.04.27 07:15:09.988,0.81362,0.81371,2.63,1.50
2012.04.27 07:15:11.044,0.81362,0.81372,1.13,1.50
2012.04.27 07:15:12.704,0.81366,0.81372,1.50,1.50
2012.04.27 07:15:12.979,0.81366,0.81376,2.25,2.25
2012.04.27 07:15:13.489,0.81366,0.81376,2.25,1.50
2012.04.27 07:15:13.974,0.81366,0.81378,2.25,4.13
2012.04.27 07:15:14.176,0.81365,0.81377,2.25,2.25
2012.04.27 07:15:14.506,0.81368,0.81378,1.50,4.88
2012.04.27 07:15:16.728,0.8137,0.81378,1.50,2.63
2012.04.27 07:15:17.037,0.81368,0.81378,1.50,2.63
2012.04.27 07:15:17.164,0.81368,0.81379,1.50,2.63
2012.04.27 07:15:17.299,0.81366,0.81376,1.50,1.50
2012.04.27 07:15:17.604,0.81369,0.81377,1.50,1.50
2012.04.27 07:15:17.676,0.81369,0.81379,1.50,3.00
2012.04.27 07:15:18.074,0.81365,0.81377,1.88,1.50
2012.04.27 07:15:18.218,0.81366,0.81377,1.50,1.50
2012.04.27 07:15:18.544,0.81369,0.81379,1.50,3.75
2012.04.27 07:15:21.157,0.81367,0.81377,3.00,1.50
2012.04.27 07:15:24.249,0.81366,0.81378,2.44,2.25
2012.04.27 07:15:24.647,0.81364,0.81376,2.46,1.50
2012.04.27 07:15:24.908,0.81363,0.81376,5.63,2.25
2012.04.27 07:15:24.977,0.81363,0.81376,4.88,3.00
2012.04.27 07:15:25.177,0.81363,0.81375,4.88,2.25
2012.04.27 07:15:25.672,0.81366,0.81376,1.50,1.50
2012.04.27 07:15:26.197,0.81367,0.81376,1.50,1.50
2012.04.27 07:15:26.754,0.81365,0.81376,1.50,1.50
2012.04.27 07:15:27.255,0.81366,0.81376,1.50,1.50
2012.04.27 07:15:28.134,0.81365,0.81376,1.50,1.50
2012.04.27 07:15:28.204,0.81367,0.81376,1.50,1.50
2012.04.27 07:15:28.528,0.81368,0.81378,1.50,2.63
2012.04.27 07:15:29.219,0.81366,0.81377,3.00,1.50
2012.04.27 07:15:29.734,0.81367,0.81379,2.25,4.13
2012.04.27 07:15:32.086,0.81367,0.81377,1.50,1.50
2012.04.27 07:15:32.797,0.81365,0.81377,1.50,1.50
2012.04.27 07:15:33.006,0.81365,0.81377,1.50,2.25
2012.04.27 07:15:33.398,0.81367,0.81377,1.50,2.25
2012.04.27 07:15:33.743,0.81368,0.81376,1.50,2.25
2012.04.27 07:15:33.818,0.81365,0.81375,2.63,2.25
2012.04.27 07:15:33.948,0.81365,0.81373,2.63,1.50
2012.04.27 07:15:34.159,0.81365,0.81374,1.50,1.50
2012.04.27 07:15:34.231,0.81365,0.81375,3.75,1.50
2012.04.27 07:15:34.356,0.81366,0.81378,2.25,2.25
2012.04.27 07:15:34.730,0.81366,0.81376,2.25,1.50
2012.04.27 07:15:35.188,0.8137,0.81377,1.50,1.50
2012.04.27 07:15:37.890,0.8137,0.81377,2.25,1.50
2012.04.27 07:15:38.237,0.8137,0.8138,4.13,2.25
2012.04.27 07:15:38.438,0.81371,0.81377,1.50,1.50
2012.04.27 07:15:38.577,0.81369,0.81377,2.25,1.50
2012.04.27 07:15:39.183,0.81369,0.81379,1.50,1.50
2012.04.27 07:15:39.735,0.8137,0.81378,1.50,1.50
2012.04.27 07:15:40.901,0.8137,0.81378,1.50,1.50
2012.04.27 07:15:41.490,0.8137,0.81377,1.69,1.50
2012.04.27 07:15:42.006,0.8137,0.81379,1.50,1.50
2012.04.27 07:15:42.076,0.81372,0.81381,1.50,3.00
2012.04.27 07:15:43.698,0.81372,0.81381,1.50,2.25
2012.04.27 07:15:43.980,0.8137,0.81381,1.50,2.25
2012.04.27 07:15:44.105,0.8137,0.81379,1.50,1.50
2012.04.27 07:15:44.296,0.8137,0.81381,1.50,2.25
2012.04.27 07:15:45.049,0.8137,0.81381,2.25,2.25
2012.04.27 07:15:46.289,0.8137,0.81382,1.50,3.00
2012.04.27 07:15:46.358,0.81372,0.81382,1.50,3.00
2012.04.27 07:15:49.119,0.8137,0.81382,2.44,2.25
2012.04.27 07:15:49.250,0.81372,0.81382,1.50,2.25
2012.04.27 07:15:51.615,0.81373,0.81383,1.50,1.50
2012.04.27 07:15:52.416,0.81374,0.81383,1.50,1.50
2012.04.27 07:15:53.025,0.81371,0.81381,2.63,2.25
2012.04.27 07:15:53.634,0.81372,0.81382,1.50,2.25
2012.04.27 07:15:54.035,0.81371,0.81379,1.13,1.50
2012.04.27 07:15:54.565,0.81369,0.81379,3.57,1.50
2012.04.27 07:15:55.624,0.81369,0.81379,5.08,1.50
2012.04.27 07:15:56.177,0.81369,0.8138,3.58,1.50
2012.04.27 07:15:56.709,0.81371,0.8138,1.69,1.50
2012.04.27 07:15:57.618,0.81373,0.81383,2.44,1.50
2012.04.27 07:15:58.328,0.81374,0.81383,1.50,2.25
2012.04.27 07:15:58.718,0.81374,0.81381,1.50,1.50
2012.04.27 07:15:59.057,0.81367,0.81377,2.63,1.50
2012.04.27 07:15:59.457,0.81371,0.81379,1.50,1.50
2012.04.27 07:15:59.987,0.81371,0.8138,1.50,1.50
2012.04.27 07:16:00.606,0.81373,0.81381,1.50,2.25
2012.04.27 07:16:00.797,0.81371,0.81381,1.50,3.00
2012.04.27 07:16:01.545,0.81372,0.81382,1.50,2.25
2012.04.27 07:16:01.951,0.81374,0.81383,1.50,1.50
2012.04.27 07:16:02.508,0.81375,0.81383,1.50,1.50
2012.04.27 07:16:02.716,0.81375,0.81383,1.50,1.50
2012.04.27 07:16:03.470,0.81377,0.81384,1.50,1.50
2012.04.27 07:16:04.665,0.81377,0.81387,2.25,2.25
2012.04.27 07:16:04.797,0.81379,0.81391,1.50,2.25
2012.04.27 07:16:04.927,0.81378,0.81387,1.50,1.50
2012.04.27 07:16:05.206,0.81379,0.81389,1.50,1.50
2012.04.27 07:16:05.396,0.8138,0.81389,1.50,1.50
2012.04.27 07:16:05.538,0.8138,0.81389,1.50,1.50
2012.04.27 07:16:05.735,0.81376,0.81386,2.25,1.50
2012.04.27 07:16:05.936,0.81376,0.81388,3.00,2.25
2012.04.27 07:16:06.266,0.81379,0.81389,1.50,2.25
2012.04.27 07:16:07.599,0.81379,0.81389,1.50,2.25
2012.04.27 07:16:07.672,0.81376,0.81386,1.69,1.50
2012.04.27 07:16:07.748,0.81381,0.81389,1.50,2.25
2012.04.27 07:16:07.891,0.81379,0.81389,1.50,3.00
2012.04.27 07:16:08.097,0.81381,0.81389,1.50,1.50
2012.04.27 07:16:08.987,0.81381,0.81389,1.50,1.50
2012.04.27 07:16:09.518,0.81382,0.81389,1.50,1.50
2012.04.27 07:16:10.621,0.81381,0.81389,1.50,1.50
2012.04.27 07:16:11.258,0.81381,0.8139,1.50,1.50
2012.04.27 07:16:11.748,0.81381,0.81392,1.50,1.50
2012.04.27 07:16:11.818,0.81385,0.81392,1.50,1.50
2012.04.27 07:16:11.965,0.81381,0.81391,1.50,2.25
2012.04.27 07:16:12.747,0.81381,0.81393,2.44,1.50
2012.04.27 07:16:12.823,0.8138,0.8139,1.69,1.50
2012.04.27 07:16:13.168,0.81379,0.81388,3.00,1.50
2012.04.27 07:16:13.239,0.8138,0.8139,2.63,2.25
2012.04.27 07:16:13.576,0.8138,0.8139,5.08,2.25
2012.04.27 07:16:13.938,0.81384,0.81393,1.50,1.50
2012.04.27 07:16:14.288,0.81384,0.81395,2.25,1.88
2012.04.27 07:16:14.358,0.81387,0.81395,1.50,1.88
2012.04.27 07:16:14.485,0.81387,0.81396,1.50,1.50
2012.04.27 07:16:14.557,0.81389,0.81396,1.50,1.50
2012.04.27 07:16:14.770,0.81387,0.81396,1.50,1.50
2012.04.27 07:16:14.978,0.81385,0.81396,2.25,1.50
2012.04.27 07:16:15.166,0.81384,0.81394,2.44,1.50
2012.04.27 07:16:15.305,0.81386,0.81396,1.50,2.25
2012.04.27 07:16:15.837,0.81387,0.81397,1.50,3.75
2012.04.27 07:16:16.394,0.81388,0.81397,4.50,3.75
2012.04.27 07:16:16.653,0.81387,0.81397,4.71,3.00
2012.04.27 07:16:16.867,0.81392,0.814,1.50,1.50
2012.04.27 07:16:18.965,0.81392,0.81401,1.50,2.25
2012.04.27 07:16:19.395,0.81387,0.81397,1.50,1.50
2012.04.27 07:16:19.536,0.81389,0.81399,1.50,1.50
2012.04.27 07:16:20.058,0.81388,0.81398,1.50,1.50
2012.04.27 07:16:20.329,0.81386,0.81397,1.13,1.50
2012.04.27 07:16:21.337,0.81386,0.81397,1.50,1.50
2012.04.27 07:16:21.749,0.81387,0.81399,2.63,2.25
2012.04.27 07:16:21.877,0.81389,0.81399,1.50,2.25
2012.04.27 07:16:22.659,0.81387,0.81399,2.63,1.50
2012.04.27 07:16:22.929,0.81389,0.81399,1.50,1.50
2012.04.27 07:16:24.797,0.81388,0.81398,1.50,1.50
2012.04.27 07:16:25.413,0.81386,0.81396,3.00,1.50
2012.04.27 07:16:25.772,0.81386,0.81394,1.50,1.50
2012.04.27 07:16:25.850,0.8138,0.81389,2.63,2.25
2012.04.27 07:16:25.919,0.8138,0.81385,1.13,2.10
2012.04.27 07:16:26.248,0.81373,0.81378,2.25,1.50
2012.04.27 07:16:26.317,0.81368,0.81378,3.00,1.50
2012.04.27 07:16:26.565,0.81365,0.81376,1.50,2.25
2012.04.27 07:16:26.638,0.81364,0.81373,1.50,1.50
2012.04.27 07:16:27.049,0.81362,0.81373,1.13,2.25
2012.04.27 07:16:27.438,0.81363,0.81369,1.88,1.50
2012.04.27 07:16:27.856,0.81364,0.81376,1.50,3.00
2012.04.27 07:16:28.345,0.81361,0.81371,1.50,1.50
2012.04.27 07:16:28.689,0.8136,0.81368,1.88,1.50
2012.04.27 07:16:29.170,0.8136,0.81371,3.38,1.50
2012.04.27 07:16:29.569,0.81363,0.81374,1.50,1.13
2012.04.27 07:16:29.709,0.81361,0.81374,1.50,2.63
2012.04.27 07:16:29.778,0.8136,0.81373,1.88,2.85
2012.04.27 07:16:30.095,0.81362,0.81372,1.50,2.25
2012.04.27 07:16:30.877,0.81362,0.81372,1.50,2.25
2012.04.27 07:16:31.428,0.8136,0.81371,2.63,1.50
2012.04.27 07:16:31.500,0.81361,0.81371,1.13,1.50
2012.04.27 07:16:31.697,0.81361,0.81373,3.75,3.00
2012.04.27 07:16:32.254,0.81362,0.81372,1.88,1.50
2012.04.27 07:16:34.418,0.8136,0.8137,2.63,1.50
2012.04.27 07:16:34.911,0.81358,0.81367,1.88,1.50
2012.04.27 07:16:34.980,0.81359,0.8137,1.88,3.00
2012.04.27 07:16:35.109,0.81363,0.8137,1.50,1.50
2012.04.27 07:16:35.658,0.81363,0.81372,1.50,1.50
2012.04.27 07:16:36.060,0.81363,0.8137,3.38,1.50
2012.04.27 07:16:36.723,0.81367,0.81374,1.50,1.88
2012.04.27 07:16:37.014,0.81362,0.81372,1.50,1.50
2012.04.27 07:16:37.090,0.81359,0.81371,3.38,2.25
2012.04.27 07:16:37.229,0.81359,0.81365,1.13,1.50
2012.04.27 07:16:37.441,0.81359,0.81368,1.13,1.50
2012.04.27 07:16:37.518,0.81358,0.81366,1.13,1.50
2012.04.27 07:16:37.588,0.81358,0.81368,1.13,1.50
2012.04.27 07:16:37.660,0.81357,0.81369,4.13,2.25
2012.04.27 07:16:37.860,0.81362,0.8137,1.50,1.50
2012.04.27 07:16:38.197,0.81365,0.8137,1.50,1.50
2012.04.27 07:16:38.337,0.81362,0.8137,1.50,1.50
2012.04.27 07:16:38.526,0.81362,0.81372,1.50,1.50
2012.04.27 07:16:39.193,0.8136,0.81372,3.57,1.50
2012.04.27 07:16:39.747,0.8136,0.81372,3.57,1.50
2012.04.27 07:16:40.395,0.81361,0.81371,1.50,1.50
2012.04.27 07:16:44.859,0.81361,0.81371,1.50,2.63
2012.04.27 07:16:44.928,0.81361,0.8137,1.50,1.13
2012.04.27 07:16:45.144,0.81361,0.8137,1.50,1.13
2012.04.27 07:16:45.629,0.81361,0.81369,1.50,1.50
2012.04.27 07:16:45.777,0.81358,0.81366,1.60,1.50
2012.04.27 07:16:45.851,0.81358,0.81366,1.60,1.50
2012.04.27 07:16:46.004,0.8136,0.81368,1.50,2.25
2012.04.27 07:16:46.085,0.81356,0.81365,1.50,1.13
2012.04.27 07:16:46.302,0.81353,0.81365,3.19,1.13
2012.04.27 07:16:46.871,0.81353,0.81365,1.50,1.88
2012.04.27 07:16:47.417,0.81351,0.81365,3.98,1.88
2012.04.27 07:16:47.978,0.8135,0.8136,3.00,1.50
2012.04.27 07:16:48.318,0.81349,0.81359,2.63,2.25
2012.04.27 07:16:48.388,0.81353,0.81361,1.50,1.50
2012.04.27 07:16:48.598,0.8135,0.81361,1.50,1.50
2012.04.27 07:16:49.111,0.81351,0.81362,2.25,1.50
2012.04.27 07:16:50.226,0.81352,0.81362,1.50,3.00
2012.04.27 07:16:50.488,0.81351,0.8136,1.50,1.50
2012.04.27 07:16:50.980,0.81352,0.81363,2.25,1.50
2012.04.27 07:16:51.719,0.81355,0.81363,1.50,1.50
2012.04.27 07:16:52.197,0.81355,0.81365,1.50,4.13
2012.04.27 07:16:52.690,0.81354,0.81363,1.50,1.50
2012.04.27 07:16:53.575,0.81354,0.81364,1.50,1.69
2012.04.27 07:16:53.654,0.81351,0.8136,1.50,1.50
2012.04.27 07:16:54.177,0.81351,0.8136,1.50,1.50
2012.04.27 07:16:55.116,0.81351,0.8136,1.50,1.50
2012.04.27 07:16:55.651,0.8135,0.8136,3.75,1.50
2012.04.27 07:16:56.197,0.81351,0.8136,1.69,1.50
2012.04.27 07:16:56.336,0.81352,0.81362,2.25,1.50
2012.04.27 07:16:57.028,0.81353,0.81364,2.25,1.13
2012.04.27 07:16:57.105,0.81355,0.81364,1.50,1.13
2012.04.27 07:16:57.621,0.81357,0.81364,1.50,2.85
2012.04.27 07:16:57.969,0.81353,0.81361,1.35,2.25
2012.04.27 07:16:58.038,0.81353,0.81361,1.35,2.25
2012.04.27 07:16:58.167,0.81354,0.81361,1.69,2.25
2012.04.27 07:16:58.442,0.81353,0.81365,3.79,1.50
2012.04.27 07:16:58.723,0.81353,0.81362,1.54,1.50
2012.04.27 07:16:59.257,0.81352,0.81361,1.50,1.50
2012.04.27 07:16:59.663,0.81352,0.81361,1.50,1.50
2012.04.27 07:16:59.740,0.81351,0.81363,3.75,1.50
2012.04.27 07:17:00.200,0.81353,0.81363,1.50,3.00
2012.04.27 07:17:00.269,0.8135,0.8136,2.25,2.25
2012.04.27 07:17:00.336,0.81355,0.81361,1.50,1.50
2012.04.27 07:17:00.465,0.81355,0.81365,1.50,3.75
2012.04.27 07:17:00.536,0.8135,0.81361,1.50,1.50
2012.04.27 07:17:00.809,0.81352,0.81363,2.25,1.50
2012.04.27 07:17:00.882,0.81352,0.81364,3.75,1.50
2012.04.27 07:17:01.429,0.81357,0.81367,1.50,1.50
2012.04.27 07:17:01.756,0.81359,0.81367,1.50,1.50
2012.04.27 07:17:03.198,0.81359,0.81369,2.44,1.50
2012.04.27 07:17:03.270,0.81362,0.81369,1.50,1.50
2012.04.27 07:17:03.409,0.81362,0.81371,1.50,1.50
2012.04.27 07:17:03.618,0.81359,0.81369,3.19,2.25
2012.04.27 07:17:04.032,0.81359,0.81369,3.60,1.50
2012.04.27 07:17:04.110,0.81362,0.81372,1.50,1.69
2012.04.27 07:17:04.578,0.8136,0.8137,2.25,1.50
2012.04.27 07:17:05.126,0.81361,0.81371,1.50,1.50
2012.04.27 07:17:05.718,0.8136,0.81368,1.50,1.50
2012.04.27 07:17:08.708,0.81359,0.81368,2.10,1.50
2012.04.27 07:17:08.777,0.8136,0.8137,2.25,1.50
2012.04.27 07:17:09.327,0.81361,0.8137,2.10,1.50
2012.04.27 07:17:10.073,0.81362,0.81372,3.75,1.50
2012.04.27 07:17:11.256,0.81362,0.81372,3.38,1.50
2012.04.27 07:17:11.828,0.81361,0.81371,3.60,1.50
2012.04.27 07:17:11.956,0.81361,0.81371,2.85,1.50
2012.04.27 07:17:12.327,0.81361,0.81371,2.25,1.50
2012.04.27 07:17:12.755,0.81362,0.81372,3.00,1.50
2012.04.27 07:17:13.988,0.81362,0.81373,1.50,1.50
2012.04.27 07:17:15.069,0.81363,0.81375,3.00,2.25
2012.04.27 07:17:15.258,0.81364,0.81376,2.25,4.50
2012.04.27 07:17:16.226,0.81366,0.81376,1.50,1.50
2012.04.27 07:17:16.767,0.81366,0.81376,2.25,1.13
2012.04.27 07:17:17.709,0.81366,0.81376,1.69,1.50
2012.04.27 07:17:17.792,0.81371,0.8138,1.50,1.50
2012.04.27 07:17:18.150,0.8137,0.8138,3.00,1.50
2012.04.27 07:17:18.286,0.8137,0.81378,1.50,1.50
2012.04.27 07:17:18.847,0.81369,0.81379,2.25,1.50
2012.04.27 07:17:19.798,0.81369,0.81379,2.25,1.50
2012.04.27 07:17:20.396,0.81371,0.81377,1.13,1.50
2012.04.27 07:17:20.477,0.81371,0.81382,3.23,1.50
2012.04.27 07:17:20.688,0.81371,0.81381,1.88,2.25
2012.04.27 07:17:20.758,0.81371,0.81381,1.88,3.00
2012.04.27 07:17:21.086,0.81371,0.81378,1.50,1.50
2012.04.27 07:17:21.585,0.81372,0.81379,1.50,1.50
2012.04.27 07:17:22.667,0.81374,0.81379,1.50,1.50
2012.04.27 07:17:22.867,0.81371,0.81378,2.25,1.50
2012.04.27 07:17:23.644,0.8137,0.81378,2.25,1.50
2012.04.27 07:17:24.901,0.81372,0.81379,1.50,1.50
2012.04.27 07:17:25.181,0.81372,0.81381,1.50,1.50
2012.04.27 07:17:25.248,0.81374,0.81385,2.25,2.08
2012.04.27 07:17:25.318,0.81374,0.81386,2.25,1.50
2012.04.27 07:17:25.716,0.81377,0.81387,1.50,3.19
2012.04.27 07:17:26.611,0.81376,0.81386,1.50,1.50
2012.04.27 07:17:27.085,0.81376,0.81388,1.50,2.82
2012.04.27 07:17:27.370,0.81379,0.81389,1.50,5.07
2012.04.27 07:17:27.916,0.81378,0.81389,1.50,2.63
2012.04.27 07:17:28.479,0.81379,0.81389,1.50,1.50
2012.04.27 07:17:28.808,0.81379,0.81386,1.50,1.13
2012.04.27 07:17:28.949,0.81376,0.81386,2.25,1.50
2012.04.27 07:17:29.509,0.81377,0.81387,2.25,1.50
2012.04.27 07:17:29.581,0.81379,0.81389,1.50,2.25
2012.04.27 07:17:30.084,0.8138,0.8139,1.50,1.88
2012.04.27 07:17:30.957,0.81378,0.81388,2.25,1.50
2012.04.27 07:17:31.496,0.81376,0.81387,1.69,1.50
2012.04.27 07:17:31.778,0.81379,0.81389,2.25,2.25
2012.04.27 07:17:32.627,0.81378,0.81388,3.96,1.50
2012.04.27 07:17:33.167,0.81379,0.81389,2.44,1.50
2012.04.27 07:17:33.509,0.81379,0.81391,2.44,1.50
2012.04.27 07:17:33.579,0.81378,0.81388,3.96,1.50
2012.04.27 07:17:33.896,0.81378,0.8139,3.96,1.50
2012.04.27 07:17:34.415,0.81379,0.81391,3.96,1.50
2012.04.27 07:17:34.546,0.8138,0.81394,2.44,1.13
2012.04.27 07:17:35.418,0.81381,0.81396,1.13,1.13
2012.04.27 07:17:35.899,0.81381,0.81398,1.13,3.19
2012.04.27 07:17:36.449,0.81381,0.81397,2.46,3.00
2012.04.27 07:17:36.956,0.8138,0.81397,1.88,3.19
2012.04.27 07:17:37.480,0.8138,0.81397,1.88,3.19
2012.04.27 07:17:38.680,0.81383,0.81397,2.07,1.13
2012.04.27 07:17:39.457,0.81382,0.81397,2.07,1.13
2012.04.27 07:17:40.289,0.81385,0.81398,1.13,1.13
2012.04.27 07:17:40.827,0.81385,0.81398,1.13,1.13
2012.04.27 07:17:40.898,0.81382,0.81397,3.75,1.88
2012.04.27 07:17:41.438,0.81381,0.81397,1.88,4.71
2012.04.27 07:17:42.102,0.81383,0.81397,1.69,1.88
2012.04.27 07:17:42.629,0.81383,0.81397,1.69,3.00
2012.04.27 07:17:42.898,0.8138,0.81395,2.25,1.13
2012.04.27 07:17:43.247,0.8138,0.81397,1.13,2.82
2012.04.27 07:17:43.767,0.8138,0.81395,1.88,1.50
2012.04.27 07:17:43.837,0.8138,0.81395,1.88,1.50
2012.04.27 07:17:44.497,0.81382,0.81397,1.88,2.07
2012.04.27 07:17:44.948,0.81388,0.81399,1.50,1.32
2012.04.27 07:17:45.476,0.81388,0.81399,1.50,1.13
2012.04.27 07:17:45.818,0.81388,0.81398,1.50,3.75
2012.04.27 07:17:45.887,0.81386,0.81397,1.50,1.50
2012.04.27 07:17:46.420,0.81385,0.81397,2.25,2.63
2012.04.27 07:17:46.605,0.81387,0.81397,1.50,2.63
2012.04.27 07:17:46.970,0.81385,0.81397,1.50,2.63
2012.04.27 07:17:47.441,0.81382,0.81394,3.00,1.50
2012.04.27 07:17:47.925,0.81382,0.81394,2.63,1.50
2012.04.27 07:17:48.188,0.81381,0.81392,1.50,1.50
2012.04.27 07:17:48.977,0.81381,0.81391,1.50,1.50
2012.04.27 07:17:50.358,0.81382,0.81391,2.10,1.50
2012.04.27 07:17:51.016,0.81383,0.81391,4.71,1.50
2012.04.27 07:17:51.097,0.81384,0.81396,2.07,2.25
2012.04.27 07:17:51.659,0.81384,0.81396,2.07,1.50
2012.04.27 07:17:57.237,0.81385,0.81396,2.44,1.50
2012.04.27 07:17:59.492,0.81385,0.81396,1.32,1.50
2012.04.27 07:18:02.764,0.81385,0.81396,1.50,2.25
2012.04.27 07:18:03.329,0.81388,0.81396,1.13,2.25
2012.04.27 07:18:03.868,0.81387,0.81396,1.13,2.25
2012.04.27 07:18:04.188,0.81389,0.81398,1.50,1.50
2012.04.27 07:18:04.724,0.8139,0.81398,1.50,1.50
2012.04.27 07:18:05.266,0.81391,0.81398,1.50,1.50
2012.04.27 07:18:05.406,0.81389,0.81398,1.50,1.50
2012.04.27 07:18:07.128,0.81388,0.81398,1.50,3.00
2012.04.27 07:18:08.001,0.81383,0.81395,2.63,3.00
2012.04.27 07:18:08.085,0.81382,0.8139,2.25,1.50
2012.04.27 07:18:08.159,0.81384,0.81394,1.50,2.25
2012.04.27 07:18:08.613,0.81388,0.81398,1.50,3.00
2012.04.27 07:18:09.116,0.81387,0.81398,1.50,2.25
2012.04.27 07:18:11.520,0.81388,0.81398,1.50,1.50
2012.04.27 07:18:12.138,0.81389,0.81399,1.50,3.00
2012.04.27 07:18:12.697,0.8139,0.81398,1.50,1.50
2012.04.27 07:18:12.767,0.81384,0.81396,3.75,1.50
2012.04.27 07:18:13.295,0.81384,0.81396,2.25,1.50
2012.04.27 07:18:13.488,0.81383,0.81393,3.75,1.50
2012.04.27 07:18:14.387,0.81384,0.81395,1.13,1.50
2012.04.27 07:18:14.938,0.81384,0.81394,2.25,1.50
2012.04.27 07:18:15.406,0.81387,0.81397,1.50,2.25
2012.04.27 07:18:15.723,0.81389,0.81399,1.50,4.32
2012.04.27 07:18:15.916,0.81387,0.81398,1.50,1.50
2012.04.27 07:18:16.238,0.81385,0.81397,1.50,1.50
2012.04.27 07:18:16.795,0.81386,0.81398,1.50,3.00
2012.04.27 07:18:17.047,0.81385,0.81395,1.50,1.50
2012.04.27 07:18:18.575,0.81383,0.81394,1.13,1.50
2012.04.27 07:18:20.640,0.81383,0.81392,1.13,1.50
2012.04.27 07:18:21.128,0.81383,0.81395,2.82,1.50
2012.04.27 07:18:21.203,0.81385,0.81397,2.25,3.00
2012.04.27 07:18:21.528,0.81388,0.81398,1.50,3.75
2012.04.27 07:18:22.047,0.81384,0.81394,2.25,1.50
2012.04.27 07:18:22.857,0.81383,0.81395,2.82,1.50
2012.04.27 07:18:23.327,0.81388,0.81398,1.50,4.13
2012.04.27 07:18:24.083,0.81389,0.81398,1.50,2.63
2012.04.27 07:18:24.410,0.81386,0.81396,1.50,1.50
2012.04.27 07:18:24.726,0.81386,0.81398,1.50,3.00
2012.04.27 07:18:24.990,0.81384,0.81394,2.82,1.50
2012.04.27 07:18:25.440,0.81384,0.81396,2.63,1.50
2012.04.27 07:18:25.510,0.81384,0.81393,1.13,1.50
2012.04.27 07:18:25.778,0.81384,0.81395,1.13,1.50
2012.04.27 07:18:26.306,0.81386,0.81396,1.50,1.50
2012.04.27 07:18:27.906,0.81386,0.81398,1.50,3.75
2012.04.27 07:18:28.301,0.81388,0.81399,1.50,2.25
2012.04.27 07:18:28.626,0.81384,0.81395,1.24,1.50
2012.04.27 07:18:28.947,0.81383,0.81393,4.63,1.50
2012.04.27 07:18:29.532,0.81383,0.81393,2.25,2.16
2012.04.27 07:18:29.616,0.81384,0.81392,1.50,1.50
2012.04.27 07:18:30.167,0.81383,0.81393,1.50,2.25
2012.04.27 07:18:30.627,0.8138,0.8139,3.94,1.50
2012.04.27 07:18:31.657,0.81378,0.81389,1.50,1.50
2012.04.27 07:18:31.799,0.81378,0.81389,1.88,1.50
2012.04.27 07:18:32.826,0.81377,0.81389,2.25,2.25
2012.04.27 07:18:33.378,0.81377,0.81389,3.00,2.25
2012.04.27 07:18:33.519,0.8138,0.81391,1.50,1.88
2012.04.27 07:18:33.588,0.81378,0.8139,2.25,2.25
2012.04.27 07:18:34.118,0.81379,0.81389,1.50,2.25
2012.04.27 07:18:35.328,0.81383,0.81391,1.50,1.50
2012.04.27 07:18:35.678,0.8138,0.8139,1.50,2.25
2012.04.27 07:18:35.947,0.8138,0.8139,1.50,2.25
2012.04.27 07:18:36.287,0.81378,0.81387,1.50,1.41
2012.04.27 07:18:36.609,0.81379,0.81388,1.50,3.21
2012.04.27 07:18:36.856,0.81373,0.81388,2.25,3.96
2012.04.27 07:18:37.178,0.81375,0.81387,1.50,1.35
2012.04.27 07:18:37.388,0.81372,0.81387,1.13,1.35
2012.04.27 07:18:37.897,0.81372,0.81388,1.88,3.38
2012.04.27 07:18:38.438,0.81372,0.81384,1.50,1.88
2012.04.27 07:18:39.000,0.81371,0.81386,1.50,1.88
2012.04.27 07:18:39.519,0.81372,0.81389,1.13,2.34
2012.04.27 07:18:39.590,0.81372,0.81389,1.13,1.32
2012.04.27 07:18:41.095,0.81373,0.81389,1.32,4.13
2012.04.27 07:18:41.359,0.81374,0.81389,5.44,3.00
2012.04.27 07:18:41.503,0.81374,0.81389,1.69,1.13
2012.04.27 07:18:42.047,0.81373,0.81389,2.82,2.25
2012.04.27 07:18:42.709,0.81374,0.81389,1.32,1.13
2012.04.27 07:18:43.778,0.81373,0.81387,1.69,1.88
2012.04.27 07:18:44.518,0.81373,0.81387,3.21,1.88
2012.04.27 07:18:45.045,0.81373,0.81388,3.21,3.00
2012.04.27 07:18:47.461,0.81374,0.81388,1.50,1.88
2012.04.27 07:18:47.750,0.81373,0.81389,2.82,2.25
2012.04.27 07:18:48.306,0.81373,0.81389,2.07,1.88
2012.04.27 07:18:49.148,0.81375,0.81388,1.13,1.13
2012.04.27 07:18:50.131,0.81376,0.81388,1.13,1.13
2012.04.27 07:18:50.280,0.81376,0.81389,1.13,1.13
2012.04.27 07:18:51.982,0.81374,0.81389,1.50,1.50
2012.04.27 07:18:52.542,0.81373,0.81389,3.57,1.50
2012.04.27 07:18:52.985,0.81376,0.8139,1.13,1.13
2012.04.27 07:18:57.048,0.81376,0.81391,3.96,1.50
2012.04.27 07:18:57.388,0.8138,0.81393,1.13,1.69
2012.04.27 07:18:57.727,0.81378,0.81392,1.88,1.50
2012.04.27 07:18:57.995,0.81378,0.81392,1.13,1.50
2012.04.27 07:19:02.127,0.81376,0.81391,3.00,1.88
2012.04.27 07:19:02.448,0.81374,0.8139,3.57,1.13
2012.04.27 07:19:12.757,0.81375,0.81389,1.50,1.69
2012.04.27 07:19:13.699,0.81374,0.81387,2.63,1.13
2012.04.27 07:19:14.436,0.81375,0.81387,1.50,1.13
2012.04.27 07:19:14.999,0.81374,0.81387,2.25,1.13
2012.04.27 07:19:15.806,0.81375,0.81387,1.50,1.13
2012.04.27 07:19:16.383,0.81374,0.81387,1.50,1.13
2012.04.27 07:19:16.944,0.81373,0.81387,2.63,1.13
2012.04.27 07:19:19.076,0.81372,0.81387,3.94,1.13
2012.04.27 07:19:21.869,0.81371,0.81385,1.32,2.63
2012.04.27 07:19:22.748,0.81371,0.81385,1.32,2.63
2012.04.27 07:19:22.828,0.81369,0.81384,1.13,2.82
2012.04.27 07:19:23.168,0.81367,0.81381,1.13,2.85
2012.04.27 07:19:23.678,0.81365,0.81381,3.57,3.23
2012.04.27 07:19:24.225,0.81365,0.81381,3.57,3.98
2012.04.27 07:19:25.439,0.81366,0.81378,1.69,2.10
2012.04.27 07:19:26.342,0.81366,0.81382,1.88,1.69
2012.04.27 07:19:26.845,0.81366,0.8138,1.13,1.13
2012.04.27 07:19:27.557,0.81368,0.8138,1.13,1.13
2012.04.27 07:19:28.080,0.81366,0.8138,3.57,1.13
2012.04.27 07:19:28.597,0.81366,0.8138,2.63,1.32
2012.04.27 07:19:28.950,0.81366,0.8138,2.63,1.32
2012.04.27 07:19:29.516,0.81366,0.8138,1.50,1.32
2012.04.27 07:19:30.967,0.81366,0.8138,1.88,1.13
2012.04.27 07:19:31.297,0.81369,0.8138,1.13,1.13
2012.04.27 07:19:32.100,0.8137,0.8138,1.13,1.13
2012.04.27 07:19:34.699,0.81367,0.8138,2.63,1.13
2012.04.27 07:19:36.845,0.81368,0.8138,1.50,1.13
2012.04.27 07:19:37.357,0.81367,0.8138,2.63,1.13
2012.04.27 07:19:38.525,0.81365,0.8138,3.00,1.13
2012.04.27 07:19:47.577,0.81365,0.8138,2.63,1.50
2012.04.27 07:19:48.040,0.81367,0.81381,1.88,1.13
2012.04.27 07:19:48.708,0.81368,0.81383,3.75,2.82
2012.04.27 07:19:48.920,0.81369,0.81384,1.88,1.69
2012.04.27 07:19:49.128,0.81371,0.81384,1.13,1.50
2012.04.27 07:19:49.868,0.81372,0.81384,1.13,1.50
2012.04.27 07:19:49.941,0.8137,0.81385,3.57,3.60
2012.04.27 07:19:50.467,0.81371,0.81385,1.50,2.85
2012.04.27 07:19:51.016,0.81372,0.81385,1.50,2.85
2012.04.27 07:19:51.527,0.81371,0.81385,1.88,2.85
2012.04.27 07:19:52.238,0.81372,0.81385,1.50,2.85
2012.04.27 07:19:52.980,0.8137,0.81384,3.38,2.25
2012.04.27 07:19:53.120,0.81368,0.81383,3.00,1.50
2012.04.27 07:19:55.086,0.81368,0.81383,2.07,1.13
2012.04.27 07:19:57.168,0.81371,0.81385,1.88,1.50
2012.04.27 07:19:57.729,0.8137,0.81386,2.44,1.50
2012.04.27 07:19:58.968,0.81372,0.81386,1.88,1.50
2012.04.27 07:19:59.478,0.81374,0.81387,1.13,2.25
2012.04.27 07:19:59.736,0.81374,0.81387,1.88,2.25
2012.04.27 07:19:59.811,0.81376,0.81387,1.13,2.25
2012.04.27 07:20:00.597,0.81376,0.81388,1.13,4.92
2012.04.27 07:20:01.257,0.81376,0.81388,1.13,2.82
2012.04.27 07:20:03.617,0.81374,0.81388,1.13,2.63
2012.04.27 07:20:04.267,0.81375,0.81388,1.13,2.44
2012.04.27 07:20:04.401,0.81375,0.81388,5.63,2.07
2012.04.27 07:20:04.942,0.81378,0.81388,1.13,1.50
2012.04.27 07:20:05.026,0.81379,0.8139,1.88,1.50
2012.04.27 07:20:05.298,0.8138,0.8139,1.88,1.50
2012.04.27 07:20:05.698,0.81381,0.81392,2.25,2.18
2012.04.27 07:20:05.768,0.81379,0.81388,1.88,1.50
2012.04.27 07:20:06.097,0.81378,0.81385,1.50,1.50
2012.04.27 07:20:06.168,0.81378,0.81385,1.50,1.50
2012.04.27 07:20:06.429,0.8138,0.81392,1.50,4.50
2012.04.27 07:20:06.986,0.81381,0.81392,1.50,3.00
2012.04.27 07:20:07.826,0.81379,0.81387,1.50,1.50
2012.04.27 07:20:08.420,0.8138,0.8139,2.25,2.25
2012.04.27 07:20:09.046,0.81382,0.81392,1.50,2.63
2012.04.27 07:20:09.706,0.81381,0.81391,2.25,2.25
2012.04.27 07:20:10.255,0.81382,0.81392,1.50,2.63
2012.04.27 07:20:10.767,0.81382,0.81392,1.50,2.63
2012.04.27 07:20:13.289,0.8138,0.8139,2.25,2.25
2012.04.27 07:20:13.856,0.8138,0.8139,1.50,2.82
2012.04.27 07:20:15.103,0.81379,0.81389,1.50,1.88
2012.04.27 07:20:15.648,0.8138,0.8139,2.25,2.82
2012.04.27 07:20:16.177,0.8138,0.8139,1.50,1.50
2012.04.27 07:20:16.545,0.81381,0.81393,2.25,4.17
2012.04.27 07:20:17.106,0.8138,0.81392,2.25,2.25
2012.04.27 07:20:18.808,0.81381,0.81393,1.50,3.23
2012.04.27 07:20:18.937,0.81383,0.81393,1.50,1.73
2012.04.27 07:20:19.469,0.81383,0.81394,1.50,1.50
2012.04.27 07:20:20.064,0.81383,0.81394,1.50,1.88
2012.04.27 07:20:22.466,0.81383,0.81394,1.50,1.88
2012.04.27 07:20:23.111,0.81383,0.81394,1.50,1.88
2012.04.27 07:20:27.469,0.81384,0.81392,1.50,1.13
2012.04.27 07:20:28.008,0.81383,0.81392,1.50,1.13
2012.04.27 07:20:28.577,0.81384,0.81392,1.50,1.13
2012.04.27 07:20:28.986,0.81382,0.81392,1.50,1.13
2012.04.27 07:20:29.687,0.81384,0.81392,1.50,1.13
2012.04.27 07:20:30.215,0.81383,0.81392,1.50,1.13
2012.04.27 07:20:31.450,0.81381,0.81391,2.25,1.50
2012.04.27 07:20:33.389,0.81382,0.81392,1.50,1.88
2012.04.27 07:20:33.877,0.81384,0.81393,1.50,1.13
2012.04.27 07:20:34.599,0.81384,0.81393,1.50,1.13
2012.04.27 07:20:38.839,0.81384,0.81393,1.50,1.13
2012.04.27 07:20:39.147,0.8138,0.81392,3.00,2.25
2012.04.27 07:20:39.215,0.8138,0.8139,1.50,1.50
2012.04.27 07:20:48.056,0.81377,0.81387,2.59,1.50
2012.04.27 07:20:48.387,0.81377,0.81387,1.84,1.50
2012.04.27 07:20:48.589,0.81376,0.81384,2.78,1.50
2012.04.27 07:20:48.908,0.81376,0.8138,1.13,1.50
2012.04.27 07:20:49.099,0.81375,0.8138,1.65,1.50
2012.04.27 07:20:49.169,0.81374,0.81384,3.00,1.50
2012.04.27 07:20:50.697,0.81377,0.81384,1.32,1.50
2012.04.27 07:20:50.839,0.81378,0.81389,1.50,1.88
2012.04.27 07:20:50.909,0.81378,0.8139,1.50,2.25
2012.04.27 07:20:51.477,0.81379,0.81391,1.50,3.98
2012.04.27 07:20:51.546,0.81377,0.81387,3.94,1.50
2012.04.27 07:20:53.437,0.81377,0.81388,2.82,1.50
2012.04.27 07:20:53.566,0.81378,0.8139,2.44,2.25
2012.04.27 07:20:53.706,0.81379,0.81389,1.50,1.50
2012.04.27 07:20:54.152,0.81379,0.81391,3.00,2.25
2012.04.27 07:20:57.176,0.81381,0.81393,1.50,2.82
2012.04.27 07:20:59.157,0.81383,0.81394,1.50,2.67
2012.04.27 07:20:59.407,0.81383,0.81394,1.50,1.69
2012.04.27 07:20:59.926,0.81383,0.81394,1.50,1.69
2012.04.27 07:21:05.216,0.81383,0.81395,2.25,3.19
2012.04.27 07:21:05.350,0.81383,0.81395,3.00,2.44
2012.04.27 07:21:06.008,0.81384,0.81395,1.50,2.34
2012.04.27 07:21:06.362,0.81389,0.81397,1.50,3.86
2012.04.27 07:21:07.436,0.81389,0.81397,1.50,2.34
2012.04.27 07:21:07.947,0.81389,0.81397,1.50,2.34
2012.04.27 07:21:08.678,0.81389,0.81396,1.50,2.16
2012.04.27 07:21:09.194,0.81389,0.81396,1.50,1.41
2012.04.27 07:21:09.619,0.81389,0.81398,1.50,1.88
2012.04.27 07:21:10.096,0.81385,0.81392,1.65,1.50
2012.04.27 07:21:10.351,0.81387,0.81395,1.13,1.50
2012.04.27 07:21:10.680,0.81388,0.81395,2.25,1.50
2012.04.27 07:21:10.818,0.8139,0.81397,1.50,1.50
2012.04.27 07:21:11.386,0.8139,0.81398,1.50,1.50
2012.04.27 07:21:11.892,0.81391,0.81399,1.50,1.50
2012.04.27 07:21:16.476,0.8139,0.81399,1.50,1.50
2012.04.27 07:21:16.831,0.81389,0.81396,1.88,1.50
2012.04.27 07:21:16.970,0.8139,0.81399,1.50,1.50
2012.04.27 07:21:17.037,0.81392,0.81402,2.25,2.25
2012.04.27 07:21:17.595,0.81394,0.81403,1.50,1.13
2012.04.27 07:21:19.749,0.81393,0.81403,2.25,2.63
2012.04.27 07:21:21.368,0.81393,0.81403,2.25,1.13
2012.04.27 07:21:22.932,0.81393,0.81405,2.25,2.63
2012.04.27 07:21:23.269,0.81395,0.81405,1.50,1.88
2012.04.27 07:21:23.907,0.81396,0.81406,1.50,1.88
2012.04.27 07:21:24.188,0.81396,0.81406,1.50,1.88
2012.04.27 07:21:24.398,0.81395,0.81403,1.50,1.50
2012.04.27 07:21:24.855,0.81395,0.81405,3.00,1.50
2012.04.27 07:21:25.406,0.81395,0.81404,1.50,1.50
2012.04.27 07:21:25.537,0.81395,0.81401,1.50,1.50
2012.04.27 07:21:26.519,0.81395,0.81406,1.13,2.25
2012.04.27 07:21:27.074,0.81394,0.81406,1.50,1.50
2012.04.27 07:21:28.139,0.81394,0.81406,1.50,3.00
2012.04.27 07:21:28.639,0.81396,0.81405,1.50,1.13
2012.04.27 07:21:29.146,0.81394,0.81406,2.44,1.88
2012.04.27 07:21:30.087,0.81394,0.81406,2.44,1.88
2012.04.27 07:21:30.455,0.81392,0.81404,4.71,1.50
2012.04.27 07:21:30.985,0.81393,0.81405,2.44,1.50
2012.04.27 07:21:34.017,0.81395,0.81407,1.50,2.25
2012.04.27 07:21:34.646,0.81394,0.81406,2.44,2.25
2012.04.27 07:21:35.163,0.81395,0.81407,1.50,2.25
2012.04.27 07:21:35.936,0.81395,0.81405,1.50,1.50
2012.04.27 07:21:36.255,0.81397,0.81406,1.50,1.13
2012.04.27 07:21:36.798,0.81397,0.81407,1.50,4.03
2012.04.27 07:21:38.896,0.81397,0.81403,1.50,1.13
2012.04.27 07:21:39.167,0.81395,0.81403,1.50,1.88
2012.04.27 07:21:39.299,0.8139,0.81402,2.25,1.50
2012.04.27 07:21:39.741,0.81388,0.81398,1.50,1.50
2012.04.27 07:21:40.310,0.81388,0.81397,1.50,1.50
2012.04.27 07:21:40.835,0.81388,0.81397,1.50,1.50
2012.04.27 07:21:44.779,0.81392,0.81397,1.50,1.50
2012.04.27 07:21:44.849,0.81392,0.81403,1.50,2.63
2012.04.27 07:21:45.058,0.81389,0.81399,2.44,1.50
2012.04.27 07:21:45.306,0.81388,0.81398,4.71,1.50
2012.04.27 07:21:46.365,0.81389,0.81399,2.44,1.50
2012.04.27 07:21:48.489,0.81391,0.81403,2.40,3.00
2012.04.27 07:21:49.026,0.81391,0.81401,2.40,1.50
2012.04.27 07:21:49.975,0.81391,0.81403,2.25,3.00
2012.04.27 07:21:50.476,0.81391,0.81403,2.25,2.25
2012.04.27 07:21:51.828,0.81391,0.81401,2.59,1.50
2012.04.27 07:21:52.448,0.81392,0.81402,2.25,1.50
2012.04.27 07:21:56.625,0.81391,0.81403,3.00,1.50
2012.04.27 07:21:58.475,0.81391,0.81401,3.15,1.50
2012.04.27 07:22:00.478,0.81391,0.81403,3.15,1.50
2012.04.27 07:22:02.125,0.81391,0.81401,2.25,1.50
2012.04.27 07:22:02.654,0.81392,0.81402,2.25,1.50
2012.04.27 07:22:03.504,0.81391,0.81401,3.15,1.50
2012.04.27 07:22:04.109,0.81392,0.81402,2.25,1.50
2012.04.27 07:22:05.588,0.81391,0.81401,2.25,1.50
2012.04.27 07:22:06.475,0.8139,0.81402,3.90,1.50
2012.04.27 07:22:06.549,0.81392,0.81404,2.25,2.63
2012.04.27 07:22:06.805,0.81394,0.81404,1.50,2.63
2012.04.27 07:22:08.920,0.81392,0.81404,2.25,2.63
2012.04.27 07:22:10.208,0.81392,0.81404,3.00,1.50
2012.04.27 07:22:10.678,0.81391,0.81401,3.53,1.50
2012.04.27 07:22:11.360,0.81392,0.81402,1.50,1.50
2012.04.27 07:22:11.837,0.81393,0.81405,2.25,2.63
2012.04.27 07:22:12.477,0.81393,0.81405,1.50,4.50
2012.04.27 07:22:12.760,0.81393,0.81403,1.50,1.88
2012.04.27 07:22:12.830,0.81391,0.81401,1.88,1.50
2012.04.27 07:22:13.030,0.8139,0.81398,1.13,1.50
2012.04.27 07:22:13.296,0.81388,0.81397,1.13,1.50
2012.04.27 07:22:13.854,0.81389,0.81397,1.50,1.50
2012.04.27 07:22:14.748,0.81388,0.81396,1.88,1.50
2012.04.27 07:22:15.306,0.81388,0.814,4.13,1.50
2012.04.27 07:22:15.827,0.81394,0.81403,1.50,2.85
2012.04.27 07:22:16.099,0.8139,0.814,1.50,1.50
2012.04.27 07:22:16.448,0.8139,0.81399,1.50,1.88
2012.04.27 07:22:16.799,0.81386,0.81395,1.71,1.50
2012.04.27 07:22:17.247,0.81386,0.81398,4.33,1.50
2012.04.27 07:22:17.873,0.81388,0.814,2.44,1.50
2012.04.27 07:22:18.019,0.81388,0.814,2.44,1.50
2012.04.27 07:22:19.908,0.81388,0.814,2.44,1.50
2012.04.27 07:22:20.470,0.81388,0.814,2.44,1.50
2012.04.27 07:22:24.526,0.81392,0.81402,1.50,2.63
2012.04.27 07:22:24.715,0.8139,0.81402,2.25,2.63
2012.04.27 07:22:25.560,0.81392,0.81402,1.50,2.63
2012.04.27 07:22:26.066,0.81393,0.81403,1.50,1.50
2012.04.27 07:22:27.375,0.81393,0.81403,1.50,1.50
2012.04.27 07:22:28.077,0.81392,0.814,1.13,1.50
2012.04.27 07:22:28.286,0.81395,0.81405,1.69,1.50
2012.04.27 07:22:28.628,0.81393,0.81401,2.08,1.50
2012.04.27 07:22:28.876,0.81394,0.81406,2.44,3.75
2012.04.27 07:22:29.076,0.81393,0.81401,1.71,1.50
2012.04.27 07:22:29.620,0.81392,0.81402,1.69,1.50
2012.04.27 07:22:30.307,0.81392,0.81402,3.19,1.50
2012.04.27 07:22:30.498,0.81396,0.81406,1.50,2.25
2012.04.27 07:22:30.767,0.81398,0.81406,1.50,1.50
2012.04.27 07:22:31.018,0.81396,0.81406,1.50,1.50
2012.04.27 07:22:32.287,0.81395,0.81407,1.69,2.25
2012.04.27 07:22:34.156,0.81394,0.81406,2.63,2.25
2012.04.27 07:22:34.287,0.81398,0.81408,1.50,1.88
2012.04.27 07:22:34.715,0.81395,0.81407,1.50,2.25
2012.04.27 07:22:35.235,0.81396,0.81408,1.50,3.38
2012.04.27 07:22:36.769,0.81396,0.81408,3.38,3.00
2012.04.27 07:22:37.286,0.81397,0.81409,2.25,2.25
2012.04.27 07:22:39.791,0.81399,0.81409,1.50,2.25
2012.04.27 07:22:40.108,0.81401,0.8141,1.50,2.25
2012.04.27 07:22:40.628,0.81402,0.8141,1.50,1.50
2012.04.27 07:22:41.270,0.81402,0.81412,1.50,2.25
2012.04.27 07:22:41.669,0.81404,0.81413,1.50,1.50
2012.04.27 07:22:42.528,0.81406,0.81414,1.50,1.50
2012.04.27 07:22:42.872,0.81409,0.81417,2.25,2.16
2012.04.27 07:22:42.948,0.81409,0.81417,2.25,1.50
2012.04.27 07:22:43.228,0.81412,0.81421,2.25,1.50
2012.04.27 07:22:43.499,0.81415,0.81421,1.50,1.50
2012.04.27 07:22:45.347,0.81412,0.81424,2.25,1.88
2012.04.27 07:22:45.880,0.81414,0.81423,1.50,1.50
2012.04.27 07:22:46.410,0.81416,0.81426,2.25,2.25
2012.04.27 07:22:46.479,0.81416,0.81426,2.25,2.25
2012.04.27 07:22:47.623,0.81418,0.81428,2.25,1.50
2012.04.27 07:22:48.039,0.81419,0.8143,1.50,2.25
2012.04.27 07:22:48.465,0.81419,0.8143,1.50,2.25
2012.04.27 07:22:49.056,0.81421,0.81431,1.50,2.10
2012.04.27 07:22:49.866,0.81418,0.81428,3.38,1.50
2012.04.27 07:22:51.201,0.81418,0.81428,1.50,1.50
2012.04.27 07:22:51.811,0.81416,0.81428,2.63,3.00
2012.04.27 07:22:52.360,0.81418,0.81427,1.50,1.50
2012.04.27 07:22:52.752,0.81417,0.81427,1.50,3.00
2012.04.27 07:22:54.229,0.81415,0.81427,1.50,3.38
2012.04.27 07:22:54.903,0.81415,0.81425,1.50,2.25
2012.04.27 07:22:55.119,0.81419,0.81425,1.50,1.41
2012.04.27 07:22:55.190,0.81417,0.81425,1.50,1.41
2012.04.27 07:22:55.726,0.81416,0.81425,1.50,1.13
2012.04.27 07:22:59.090,0.81411,0.81421,3.19,1.50
2012.04.27 07:22:59.608,0.81411,0.81421,2.44,1.50
2012.04.27 07:23:00.531,0.8141,0.81418,2.40,1.50
2012.04.27 07:23:00.920,0.81411,0.81421,1.50,1.50
2012.04.27 07:23:01.059,0.81412,0.81424,1.88,2.25
2012.04.27 07:23:01.429,0.81415,0.81426,1.50,1.50
2012.04.27 07:23:01.686,0.81412,0.81424,1.88,2.25
2012.04.27 07:23:02.257,0.81413,0.81425,1.50,3.00
2012.04.27 07:23:02.745,0.81415,0.81425,1.50,1.50
2012.04.27 07:23:03.779,0.81415,0.81427,2.25,2.25
2012.04.27 07:23:04.037,0.81417,0.81428,1.50,1.13
2012.04.27 07:23:04.358,0.81419,0.81428,1.50,1.32
2012.04.27 07:23:04.426,0.81416,0.81428,1.50,2.82
2012.04.27 07:23:04.966,0.81417,0.81427,1.50,2.44
2012.04.27 07:23:07.249,0.81417,0.81427,1.50,2.82
2012.04.27 07:23:10.556,0.81417,0.81427,1.50,2.25
2012.04.27 07:23:10.750,0.81417,0.81427,1.50,4.13
2012.04.27 07:23:11.267,0.81416,0.81426,1.50,1.50
2012.04.27 07:23:11.849,0.81413,0.81425,2.44,2.25
2012.04.27 07:23:11.916,0.81413,0.81425,2.44,2.25
2012.04.27 07:23:12.429,0.81414,0.81426,1.50,3.75
2012.04.27 07:23:13.003,0.81415,0.81425,1.50,2.25
2012.04.27 07:23:13.749,0.81416,0.81425,1.50,2.46
2012.04.27 07:23:13.878,0.81411,0.8142,1.50,1.50
2012.04.27 07:23:15.027,0.81411,0.81422,2.25,1.50
2012.04.27 07:23:15.396,0.81411,0.8142,2.25,1.50
2012.04.27 07:23:16.483,0.81412,0.81424,1.50,1.50
2012.04.27 07:23:16.917,0.81412,0.81422,1.50,1.50
2012.04.27 07:23:17.245,0.81415,0.81424,1.50,1.50
2012.04.27 07:23:19.508,0.81415,0.81423,1.50,1.88
2012.04.27 07:23:19.579,0.81411,0.81422,1.50,1.35
2012.04.27 07:23:19.790,0.81411,0.8142,1.50,1.50
2012.04.27 07:23:20.129,0.81411,0.81417,1.50,2.46
2012.04.27 07:23:20.715,0.81404,0.81417,2.25,2.46
2012.04.27 07:23:20.803,0.81403,0.81415,1.50,2.44
2012.04.27 07:23:21.009,0.81406,0.81416,1.50,2.44
2012.04.27 07:23:21.525,0.81406,0.81416,1.50,2.44
2012.04.27 07:23:24.698,0.81409,0.81417,1.50,2.46
2012.04.27 07:23:24.767,0.81409,0.81417,1.50,1.13
2012.04.27 07:23:25.625,0.81407,0.81417,1.50,1.13
2012.04.27 07:23:26.077,0.81409,0.81418,1.50,2.25
2012.04.27 07:23:26.626,0.81408,0.81418,1.50,2.25
2012.04.27 07:23:27.175,0.81409,0.81418,1.50,4.33
2012.04.27 07:23:27.247,0.81407,0.81418,1.50,4.33
2012.04.27 07:23:27.317,0.81409,0.81418,1.50,4.33
2012.04.27 07:23:27.577,0.81407,0.81417,1.50,1.13
2012.04.27 07:23:27.858,0.8141,0.81417,1.50,1.13
2012.04.27 07:23:28.068,0.81406,0.81417,1.50,1.13
2012.04.27 07:23:28.209,0.81406,0.81418,1.50,2.25
2012.04.27 07:23:28.857,0.81406,0.81418,3.00,1.50
2012.04.27 07:23:28.931,0.8141,0.81421,1.50,1.69
2012.04.27 07:23:29.245,0.81407,0.81417,1.50,1.50
2012.04.27 07:23:30.401,0.81408,0.81419,1.50,1.50
2012.04.27 07:23:30.800,0.8141,0.81422,1.50,2.44
2012.04.27 07:23:31.692,0.8141,0.81422,1.50,2.25
2012.04.27 07:23:32.267,0.8141,0.81422,2.25,1.50
2012.04.27 07:23:32.337,0.81413,0.81423,1.50,3.00
2012.04.27 07:23:32.645,0.8141,0.8142,1.50,1.50
2012.04.27 07:23:32.959,0.8141,0.81418,1.50,1.50
2012.04.27 07:23:33.637,0.81408,0.81418,4.13,1.50
2012.04.27 07:23:33.766,0.81412,0.81422,1.50,1.50
2012.04.27 07:23:34.153,0.81412,0.81422,1.50,3.75
2012.04.27 07:23:34.287,0.81409,0.81419,2.25,1.50
2012.04.27 07:23:34.870,0.81408,0.81418,1.50,1.50
2012.04.27 07:23:35.067,0.81405,0.81416,2.63,1.50
2012.04.27 07:23:37.000,0.81404,0.81416,1.88,2.25
2012.04.27 07:23:37.268,0.81403,0.81413,1.50,2.25
2012.04.27 07:23:37.598,0.81406,0.81415,1.50,1.50
2012.04.27 07:23:37.942,0.81404,0.81414,1.50,1.50
2012.04.27 07:23:38.469,0.81401,0.81411,1.50,1.50
2012.04.27 07:23:38.982,0.814,0.8141,2.25,2.25
2012.04.27 07:23:39.494,0.81398,0.8141,3.00,2.25
2012.04.27 07:23:39.576,0.81397,0.81408,2.10,1.50
2012.04.27 07:23:40.088,0.81397,0.81408,2.10,1.50
2012.04.27 07:23:41.328,0.81396,0.81406,2.73,1.50
2012.04.27 07:23:41.876,0.81395,0.81407,2.63,2.25
2012.04.27 07:23:43.687,0.81396,0.81406,1.50,1.50
2012.04.27 07:23:44.216,0.81395,0.81405,2.25,1.50
2012.04.27 07:23:46.487,0.81395,0.81405,2.25,1.50
2012.04.27 07:23:47.279,0.81395,0.81405,1.50,2.25
2012.04.27 07:23:47.629,0.81392,0.81398,1.05,1.50
2012.04.27 07:23:47.760,0.81382,0.81397,4.33,1.50
2012.04.27 07:23:48.039,0.81384,0.81395,1.98,1.50
2012.04.27 07:23:48.113,0.81381,0.81395,2.07,1.50
2012.04.27 07:23:48.663,0.81377,0.81393,1.32,1.50
2012.04.27 07:23:49.219,0.81377,0.8139,1.13,1.50
2012.04.27 07:23:49.410,0.81377,0.8139,1.13,1.50
2012.04.27 07:23:49.689,0.81376,0.8139,5.52,1.50
2012.04.27 07:23:50.740,0.81376,0.81388,2.25,1.50
2012.04.27 07:23:51.306,0.81376,0.81387,2.25,1.50
2012.04.27 07:23:54.107,0.81374,0.81387,2.25,1.50
2012.04.27 07:23:55.211,0.81374,0.81387,2.07,1.50
2012.04.27 07:23:55.758,0.81374,0.81388,4.33,1.50
2012.04.27 07:23:56.408,0.81374,0.81388,2.83,2.25
2012.04.27 07:23:56.479,0.81374,0.81387,1.13,1.69
2012.04.27 07:23:56.737,0.81373,0.81386,2.25,2.63
2012.04.27 07:23:56.808,0.81372,0.81385,3.98,1.50
2012.04.27 07:23:58.010,0.81372,0.81387,4.83,1.69
2012.04.27 07:23:58.086,0.81371,0.81385,2.48,4.03
2012.04.27 07:23:58.227,0.81371,0.81385,4.28,2.25
2012.04.27 07:23:58.689,0.81371,0.81385,3.30,2.63
2012.04.27 07:23:59.040,0.8137,0.81381,1.50,1.69
2012.04.27 07:23:59.601,0.81369,0.81381,1.50,3.94
2012.04.27 07:23:59.808,0.81368,0.8138,1.95,1.69
2012.04.27 07:24:00.022,0.81366,0.8138,4.50,1.69
2012.04.27 07:24:00.578,0.81366,0.8138,3.75,1.69
2012.04.27 07:24:01.551,0.81366,0.8138,3.75,1.69
2012.04.27 07:24:02.056,0.81366,0.8138,3.75,1.69
2012.04.27 07:24:03.350,0.81366,0.81379,3.42,1.50
2012.04.27 07:24:03.759,0.81368,0.81381,1.80,3.00
2012.04.27 07:24:03.970,0.81369,0.81381,2.25,2.25
2012.04.27 07:24:04.438,0.81369,0.81383,2.25,1.50
2012.04.27 07:24:04.788,0.81369,0.81383,3.00,1.50
2012.04.27 07:24:05.597,0.8137,0.81383,1.20,1.50
2012.04.27 07:24:05.670,0.81369,0.81383,1.95,1.50
2012.04.27 07:24:07.108,0.81369,0.81383,1.32,1.50
2012.04.27 07:24:07.439,0.8137,0.81383,1.13,1.50
2012.04.27 07:24:07.582,0.8137,0.81384,1.88,1.50
2012.04.27 07:24:08.147,0.81372,0.81386,1.50,2.25
2012.04.27 07:24:08.289,0.81372,0.81386,1.50,1.50
2012.04.27 07:24:08.357,0.81372,0.81386,1.50,1.50
2012.04.27 07:24:09.052,0.8137,0.81384,2.44,1.50
2012.04.27 07:24:09.308,0.81369,0.81385,2.89,2.25
2012.04.27 07:24:09.717,0.8137,0.81385,1.69,2.25
2012.04.27 07:24:10.057,0.81372,0.81384,1.50,1.50
2012.04.27 07:24:10.130,0.81372,0.81384,1.50,1.50
2012.04.27 07:24:10.338,0.81372,0.81386,1.13,1.50
2012.04.27 07:24:11.078,0.81373,0.81387,3.08,2.25
2012.04.27 07:24:11.868,0.81375,0.81385,1.69,1.50
2012.04.27 07:24:12.387,0.81376,0.81388,1.50,2.25
2012.04.27 07:24:12.828,0.81376,0.81386,2.25,2.25
2012.04.27 07:24:12.900,0.81376,0.81386,2.63,1.50
2012.04.27 07:24:13.439,0.81376,0.81388,1.88,2.25
2012.04.27 07:24:13.937,0.81378,0.81389,1.50,1.50
2012.04.27 07:24:14.885,0.81381,0.81389,1.50,1.50
2012.04.27 07:24:15.388,0.81382,0.8139,1.50,1.50
2012.04.27 07:24:15.937,0.81382,0.81391,1.50,1.13
2012.04.27 07:24:16.289,0.81382,0.81391,1.50,1.13
2012.04.27 07:24:16.605,0.81382,0.81391,1.50,1.13
2012.04.27 07:24:18.637,0.81382,0.81391,1.50,1.13
2012.04.27 07:24:18.947,0.81382,0.81391,1.50,1.13
2012.04.27 07:24:20.816,0.81376,0.81386,3.19,1.50
2012.04.27 07:24:21.870,0.81377,0.81386,1.13,1.50
2012.04.27 07:24:22.010,0.81378,0.81389,1.50,1.50
2012.04.27 07:24:22.278,0.81377,0.81387,4.73,1.50
2012.04.27 07:24:22.956,0.8138,0.81387,4.50,1.50
2012.04.27 07:24:23.109,0.81382,0.81391,1.50,1.50
2012.04.27 07:24:23.441,0.81384,0.81394,2.25,1.50
2012.04.27 07:24:23.965,0.81383,0.81393,3.00,1.50
2012.04.27 07:24:24.468,0.81383,0.81393,2.25,1.50
2012.04.27 07:24:25.016,0.81382,0.81392,2.82,1.50
2012.04.27 07:24:25.481,0.81385,0.81395,1.50,2.25
2012.04.27 07:24:26.271,0.81389,0.81397,1.50,2.10
2012.04.27 07:24:26.353,0.81389,0.81399,2.25,1.50
2012.04.27 07:24:26.870,0.81389,0.81399,3.60,1.50
2012.04.27 07:24:27.407,0.81389,0.81398,2.10,1.50
2012.04.27 07:24:27.967,0.81389,0.81398,2.10,1.50
2012.04.27 07:24:29.678,0.81388,0.81398,2.25,1.50
2012.04.27 07:24:31.206,0.81388,0.81398,2.25,1.50
2012.04.27 07:24:32.779,0.81388,0.81398,2.25,1.50
2012.04.27 07:24:33.414,0.8139,0.81398,1.88,1.50
2012.04.27 07:24:33.495,0.8139,0.814,1.88,1.50
2012.04.27 07:24:34.198,0.8139,0.81398,1.13,1.50
2012.04.27 07:24:34.857,0.8139,0.81398,1.13,1.50
2012.04.27 07:24:35.881,0.81389,0.81398,1.13,1.50
2012.04.27 07:24:37.418,0.81388,0.81398,2.25,1.50
2012.04.27 07:24:39.172,0.8139,0.81398,2.07,1.50
2012.04.27 07:24:39.452,0.8139,0.81398,3.57,1.50
2012.04.27 07:24:39.520,0.81391,0.81403,2.44,1.50
2012.04.27 07:24:41.908,0.8139,0.81401,2.82,1.50
2012.04.27 07:24:42.556,0.8139,0.81401,2.82,1.50
2012.04.27 07:24:43.060,0.81389,0.81398,1.69,1.50
2012.04.27 07:24:43.598,0.81391,0.814,1.88,1.50
2012.04.27 07:24:44.479,0.81391,0.814,2.07,1.50
2012.04.27 07:24:44.550,0.81391,0.81403,3.57,1.50
2012.04.27 07:24:46.377,0.81391,0.81401,3.38,1.50
2012.04.27 07:24:46.918,0.81393,0.81401,4.50,1.50
2012.04.27 07:24:47.180,0.81397,0.81407,1.50,2.25
2012.04.27 07:24:47.307,0.81396,0.81405,1.50,1.50
2012.04.27 07:24:47.557,0.81398,0.81408,1.50,2.25
2012.04.27 07:24:48.079,0.81399,0.81409,1.50,2.25
2012.04.27 07:24:49.370,0.81401,0.81411,1.50,2.25
2012.04.27 07:24:50.301,0.81401,0.81411,1.50,1.50
2012.04.27 07:24:50.498,0.81396,0.81411,2.63,1.50
2012.04.27 07:24:50.628,0.81401,0.81411,1.50,3.00
2012.04.27 07:24:51.726,0.81399,0.81411,1.50,3.19
2012.04.27 07:24:52.666,0.814,0.81411,1.50,1.69
2012.04.27 07:24:56.740,0.81399,0.81409,2.63,1.50
2012.04.27 07:24:56.807,0.814,0.81412,2.25,3.00
2012.04.27 07:24:57.071,0.814,0.8141,2.40,1.13
2012.04.27 07:24:57.611,0.814,0.81411,1.50,1.88
2012.04.27 07:24:58.001,0.81399,0.81409,1.71,1.50
2012.04.27 07:24:58.516,0.81401,0.81411,1.69,2.25
2012.04.27 07:24:59.038,0.814,0.81412,2.44,2.63
2012.04.27 07:24:59.614,0.81401,0.81411,1.50,1.50
2012.04.27 07:24:59.827,0.81399,0.81409,2.44,1.50
2012.04.27 07:25:00.590,0.81401,0.81412,1.50,3.23
2012.04.27 07:25:02.869,0.814,0.8141,2.25,1.50
2012.04.27 07:25:03.439,0.81399,0.81408,1.50,1.50
2012.04.27 07:25:03.511,0.81396,0.81407,1.09,1.50
2012.04.27 07:25:03.771,0.81396,0.81409,2.48,1.50
2012.04.27 07:25:04.050,0.81395,0.81408,1.62,1.35
2012.04.27 07:25:04.894,0.81392,0.81407,1.69,1.50
2012.04.27 07:25:05.848,0.81392,0.81408,2.44,3.23
2012.04.27 07:25:06.810,0.81393,0.81408,1.69,1.13
2012.04.27 07:25:07.468,0.81394,0.81408,1.50,1.13
2012.04.27 07:25:07.977,0.81393,0.81408,2.33,3.21
2012.04.27 07:25:09.761,0.81394,0.81408,1.13,1.71
2012.04.27 07:25:10.300,0.81394,0.81408,2.63,2.46
2012.04.27 07:25:10.440,0.81394,0.81408,2.63,2.46
2012.04.27 07:25:10.979,0.81393,0.81408,1.73,3.21
2012.04.27 07:25:11.507,0.81393,0.81405,1.73,1.13
2012.04.27 07:25:11.710,0.81393,0.81407,1.69,1.88
2012.04.27 07:25:13.101,0.81398,0.8141,1.13,2.25
2012.04.27 07:25:13.640,0.81397,0.8141,1.50,1.88
2012.04.27 07:25:15.686,0.81398,0.81411,1.13,2.63
2012.04.27 07:25:15.887,0.81398,0.81411,1.13,2.63
2012.04.27 07:25:16.680,0.81397,0.81411,1.50,2.63
2012.04.27 07:25:17.348,0.81397,0.81411,1.88,3.15
2012.04.27 07:25:17.973,0.81398,0.81411,1.13,1.50
2012.04.27 07:25:18.042,0.81397,0.8141,1.69,1.50
2012.04.27 07:25:18.372,0.81395,0.81406,1.71,1.50
2012.04.27 07:25:18.442,0.81393,0.81406,1.88,1.50
2012.04.27 07:25:20.119,0.81394,0.81407,1.50,1.50
2012.04.27 07:25:20.331,0.81395,0.81408,2.63,1.50
2012.04.27 07:25:21.189,0.81396,0.81408,1.13,1.50
2012.04.27 07:25:22.293,0.81395,0.81409,2.46,1.50
2012.04.27 07:25:22.377,0.81393,0.81404,1.17,1.13
2012.04.27 07:25:22.646,0.81392,0.81404,1.73,1.88
2012.04.27 07:25:22.912,0.81389,0.81403,2.25,1.88
2012.04.27 07:25:23.450,0.81389,0.81403,1.88,2.63
2012.04.27 07:25:23.901,0.8139,0.81404,1.88,2.63
2012.04.27 07:25:24.111,0.81392,0.81405,1.50,1.88
2012.04.27 07:25:24.818,0.81392,0.81406,1.50,1.50
2012.04.27 07:25:25.349,0.81393,0.81407,1.50,2.25
2012.04.27 07:25:25.877,0.81393,0.81407,1.50,2.25
2012.04.27 07:25:27.477,0.81393,0.81407,1.50,2.25
2012.04.27 07:25:28.628,0.81392,0.81406,1.50,3.38
2012.04.27 07:25:33.332,0.81392,0.81404,1.50,1.13
2012.04.27 07:25:34.050,0.8139,0.81404,1.13,3.38
2012.04.27 07:25:36.099,0.81391,0.81403,1.35,1.13
2012.04.27 07:25:37.209,0.81391,0.81404,1.35,2.63
2012.04.27 07:25:37.539,0.81392,0.81405,2.25,1.13
2012.04.27 07:25:38.039,0.81393,0.81408,1.88,3.57
2012.04.27 07:25:39.546,0.81393,0.81406,1.13,1.13
2012.04.27 07:25:40.079,0.81394,0.81407,1.50,1.13
2012.04.27 07:25:43.319,0.81393,0.81407,1.50,3.94
2012.04.27 07:25:43.602,0.81392,0.81405,3.00,1.13
2012.04.27 07:25:43.814,0.81391,0.81404,2.10,1.88
2012.04.27 07:25:44.350,0.81392,0.81404,1.95,1.13
2012.04.27 07:25:45.958,0.81391,0.81404,3.70,1.13
2012.04.27 07:25:46.459,0.81393,0.81407,1.73,3.28
2012.04.27 07:25:47.388,0.81394,0.81407,1.50,2.63
2012.04.27 07:25:47.650,0.81395,0.81407,1.50,1.88
2012.04.27 07:25:48.358,0.81394,0.81407,1.50,2.25
2012.04.27 07:25:48.856,0.81394,0.81407,1.50,1.88
2012.04.27 07:25:49.418,0.81393,0.81408,1.50,2.82
2012.04.27 07:25:51.161,0.81394,0.81408,1.50,1.13
2012.04.27 07:25:55.063,0.81396,0.8141,2.63,2.72
2012.04.27 07:25:55.611,0.81396,0.8141,1.69,2.25
2012.04.27 07:25:57.540,0.81395,0.8141,3.00,2.25
2012.04.27 07:25:58.459,0.81395,0.81409,1.88,2.25
2012.04.27 07:25:59.491,0.81395,0.81409,1.88,1.88
2012.04.27 07:25:59.628,0.81395,0.81409,1.88,1.13
2012.04.27 07:26:00.198,0.81397,0.81409,1.50,1.88
2012.04.27 07:26:00.697,0.81397,0.81409,1.50,1.50
2012.04.27 07:26:03.219,0.81397,0.81409,1.50,1.50
2012.04.27 07:26:04.054,0.81395,0.8141,1.69,4.13
2012.04.27 07:26:08.161,0.81396,0.81409,1.50,1.50
2012.04.27 07:26:08.868,0.81396,0.81409,1.13,2.63
2012.04.27 07:26:08.946,0.81396,0.8141,2.63,1.13
2012.04.27 07:26:09.338,0.81399,0.8141,3.21,1.88
2012.04.27 07:26:09.540,0.81399,0.81413,3.21,4.88
2012.04.27 07:26:10.501,0.814,0.81412,1.69,1.50
2012.04.27 07:26:10.852,0.81401,0.81415,2.44,2.25
2012.04.27 07:26:11.123,0.81404,0.81418,1.69,2.25
2012.04.27 07:26:11.682,0.81406,0.81418,1.50,1.50
2012.04.27 07:26:12.550,0.81406,0.81419,1.13,1.13
2012.04.27 07:26:13.241,0.81404,0.81417,1.13,1.88
2012.04.27 07:26:13.334,0.81404,0.81416,1.13,1.50
2012.04.27 07:26:15.216,0.81403,0.81415,1.13,1.13
2012.04.27 07:26:15.730,0.81403,0.81416,1.13,2.25
2012.04.27 07:26:16.297,0.81403,0.81416,1.13,2.25
2012.04.27 07:26:20.192,0.81404,0.81416,1.13,1.50
2012.04.27 07:26:20.699,0.81403,0.81415,1.13,1.88
2012.04.27 07:26:21.622,0.81403,0.81417,1.88,1.50
2012.04.27 07:26:22.485,0.81404,0.81418,1.13,2.25
2012.04.27 07:26:25.606,0.81404,0.81419,1.50,3.28
2012.04.27 07:26:25.681,0.81405,0.81419,1.88,3.28
2012.04.27 07:26:26.123,0.81405,0.81419,1.13,2.91
2012.04.27 07:26:26.655,0.81406,0.81419,1.17,1.88
2012.04.27 07:26:27.155,0.81406,0.81419,1.17,2.63
2012.04.27 07:26:28.188,0.81406,0.81419,1.17,2.63
2012.04.27 07:26:29.004,0.81407,0.81419,1.73,1.50
2012.04.27 07:26:29.539,0.81405,0.8142,1.32,1.88
2012.04.27 07:26:29.960,0.81405,0.8142,1.32,1.88
2012.04.27 07:26:30.510,0.81406,0.8142,2.07,1.13
2012.04.27 07:26:30.860,0.8141,0.81421,2.25,1.88
2012.04.27 07:26:31.389,0.81412,0.81424,1.50,3.21
2012.04.27 07:26:31.462,0.81412,0.81426,1.50,4.48
2012.04.27 07:26:32.092,0.81412,0.81425,1.50,1.84
2012.04.27 07:26:32.614,0.8141,0.81425,2.25,1.74
2012.04.27 07:26:32.901,0.8141,0.81423,1.50,2.46
2012.04.27 07:26:33.299,0.81407,0.81421,3.00,1.69
2012.04.27 07:26:33.580,0.81407,0.81421,1.50,2.82
2012.04.27 07:26:34.475,0.81407,0.81422,2.07,2.25
2012.04.27 07:26:34.819,0.81408,0.81423,1.50,1.50
2012.04.27 07:26:35.362,0.81411,0.81423,1.50,1.50
2012.04.27 07:26:37.315,0.81407,0.81422,5.31,1.50
2012.04.27 07:26:37.396,0.81407,0.81421,1.88,2.63
2012.04.27 07:26:37.541,0.81407,0.81416,1.88,1.50
2012.04.27 07:26:38.169,0.81407,0.81416,1.50,1.50
2012.04.27 07:26:38.689,0.81407,0.81416,1.50,1.50
2012.04.27 07:26:39.270,0.81409,0.81419,2.25,1.50
2012.04.27 07:26:39.488,0.81411,0.81421,1.50,3.75
2012.04.27 07:26:39.991,0.81411,0.81421,2.25,2.25
2012.04.27 07:26:40.341,0.81414,0.81423,1.50,1.13
2012.04.27 07:26:40.671,0.81417,0.81424,1.50,2.46
2012.04.27 07:26:40.742,0.81417,0.81425,1.50,2.07
2012.04.27 07:26:40.812,0.81412,0.81423,2.18,1.50
2012.04.27 07:26:41.603,0.81417,0.81424,1.50,1.13
2012.04.27 07:26:41.940,0.81417,0.81424,1.50,4.33
2012.04.27 07:26:42.462,0.81417,0.81425,1.50,1.88
2012.04.27 07:26:43.002,0.81414,0.81426,2.25,2.40
2012.04.27 07:26:43.401,0.81415,0.81427,2.25,3.75
2012.04.27 07:26:43.742,0.81415,0.81425,1.50,1.13
2012.04.27 07:26:43.881,0.81414,0.81425,2.25,1.13
2012.04.27 07:26:43.951,0.81412,0.81423,1.92,1.50
2012.04.27 07:26:45.415,0.81413,0.81424,2.25,1.50
2012.04.27 07:26:45.870,0.81412,0.81422,3.38,1.50
2012.04.27 07:26:47.021,0.81412,0.81422,3.00,1.50
2012.04.27 07:26:47.611,0.81413,0.81424,1.50,1.88
2012.04.27 07:26:47.988,0.81412,0.8142,1.50,1.50
2012.04.27 07:26:48.599,0.81412,0.81422,2.25,1.88
2012.04.27 07:26:49.120,0.81412,0.81421,1.50,1.50
2012.04.27 07:26:49.671,0.81412,0.81422,3.00,1.88
2012.04.27 07:26:49.859,0.81412,0.81424,3.00,3.38
2012.04.27 07:26:50.068,0.81414,0.81423,1.50,1.71
2012.04.27 07:26:50.519,0.8141,0.81421,1.20,3.38
2012.04.27 07:26:50.923,0.81408,0.81418,3.75,1.50
2012.04.27 07:26:52.006,0.81409,0.81419,2.25,1.69
2012.04.27 07:26:52.270,0.81411,0.81421,2.25,1.69
2012.04.27 07:26:52.681,0.81412,0.81419,1.50,1.50
2012.04.27 07:26:52.821,0.81412,0.81424,3.00,3.00
2012.04.27 07:26:53.220,0.81415,0.81426,1.50,2.25
2012.04.27 07:26:53.677,0.81417,0.81427,1.50,3.75
2012.04.27 07:26:54.030,0.81414,0.81424,2.40,1.50
2012.04.27 07:26:57.522,0.81414,0.81424,1.28,2.25
2012.04.27 07:26:58.347,0.81413,0.81424,1.05,1.50
2012.04.27 07:26:58.675,0.81413,0.81422,1.05,1.50
2012.04.27 07:26:58.749,0.81414,0.81424,1.05,1.50
2012.04.27 07:26:59.310,0.81413,0.81424,1.24,1.50
2012.04.27 07:26:59.440,0.81413,0.81425,2.74,1.50
2012.04.27 07:27:01.230,0.81413,0.81425,2.74,1.50
2012.04.27 07:27:01.562,0.81417,0.81429,1.50,4.13
2012.04.27 07:27:02.197,0.81416,0.81428,2.25,2.25
2012.04.27 07:27:03.444,0.81414,0.81426,3.34,1.50
2012.04.27 07:27:04.620,0.81417,0.81429,1.50,3.94
2012.04.27 07:27:05.130,0.81418,0.81428,1.50,2.25
2012.04.27 07:27:05.833,0.8142,0.81428,1.88,2.25
2012.04.27 07:27:06.112,0.81422,0.81432,1.50,3.00
2012.04.27 07:27:06.379,0.81422,0.81429,1.50,1.13
2012.04.27 07:27:06.450,0.81419,0.81429,1.50,1.88
2012.04.27 07:27:06.523,0.81419,0.81427,1.50,1.13
2012.04.27 07:27:06.873,0.81415,0.81424,1.50,2.63
2012.04.27 07:27:07.400,0.81415,0.81422,1.65,1.50
2012.04.27 07:27:07.949,0.81415,0.81423,1.50,1.50
2012.04.27 07:27:08.495,0.81415,0.81424,1.50,1.50
2012.04.27 07:27:10.093,0.81415,0.81423,1.50,1.50
2012.04.27 07:27:10.571,0.81415,0.81425,1.50,1.50
2012.04.27 07:27:10.839,0.81415,0.81427,4.09,1.50
2012.04.27 07:27:11.487,0.81415,0.81425,4.09,1.50
2012.04.27 07:27:13.050,0.81418,0.81428,1.50,3.75
2012.04.27 07:27:13.608,0.81419,0.81428,1.50,1.50
2012.04.27 07:27:14.849,0.81421,0.81431,1.50,5.34
2012.04.27 07:27:15.049,0.81419,0.81431,2.25,4.69
2012.04.27 07:27:15.565,0.8142,0.8143,1.50,2.25
2012.04.27 07:27:20.668,0.81417,0.81427,2.25,1.50
2012.04.27 07:27:21.181,0.81417,0.81425,2.25,1.13
2012.04.27 07:27:21.499,0.81417,0.81428,1.50,1.13
2012.04.27 07:27:21.749,0.81415,0.81425,2.40,1.50
2012.04.27 07:27:21.817,0.81415,0.81427,2.40,1.50
2012.04.27 07:27:22.768,0.81416,0.81426,2.25,1.50
2012.04.27 07:27:23.715,0.81415,0.81427,2.40,1.50
2012.04.27 07:27:23.910,0.81417,0.81429,1.50,3.38
2012.04.27 07:27:24.468,0.81417,0.81429,2.25,2.25
2012.04.27 07:27:25.023,0.81417,0.81429,2.25,2.44
2012.04.27 07:27:25.091,0.81416,0.81427,2.25,1.13
2012.04.27 07:27:25.284,0.81416,0.81427,2.44,1.13
2012.04.27 07:27:25.712,0.81416,0.81423,1.50,1.13
2012.04.27 07:27:25.782,0.81414,0.81423,1.80,1.13
2012.04.27 07:27:26.042,0.81412,0.81426,3.98,3.38
2012.04.27 07:27:26.113,0.81413,0.81426,1.50,2.63
2012.04.27 07:27:26.615,0.81412,0.81429,3.38,6.96
2012.04.27 07:27:26.688,0.81415,0.81429,1.50,4.52
2012.04.27 07:27:26.998,0.81419,0.81429,1.50,4.88
2012.04.27 07:27:27.508,0.81413,0.81427,1.05,1.50
2012.04.27 07:27:27.770,0.81413,0.81428,1.05,2.63
2012.04.27 07:27:28.039,0.81414,0.81428,2.40,1.88
2012.04.27 07:27:29.532,0.81417,0.81429,1.50,1.69
2012.04.27 07:27:29.789,0.81417,0.81429,1.50,1.69
2012.04.27 07:27:29.990,0.81417,0.8143,1.50,3.57
2012.04.27 07:27:30.345,0.8142,0.8143,1.50,1.50
2012.04.27 07:27:31.787,0.8142,0.81427,1.50,2.46
2012.04.27 07:27:31.989,0.81418,0.81427,1.50,2.46
2012.04.27 07:27:32.416,0.81418,0.81428,1.50,4.69
2012.04.27 07:27:32.490,0.81416,0.81426,1.50,1.50
2012.04.27 07:27:33.030,0.81417,0.81427,1.50,2.44
2012.04.27 07:27:33.221,0.81417,0.81425,1.50,1.13
2012.04.27 07:27:33.646,0.81415,0.81425,1.50,3.21
2012.04.27 07:27:33.792,0.81415,0.81425,2.25,1.50
2012.04.27 07:27:33.936,0.81418,0.81427,1.50,2.25
2012.04.27 07:27:34.209,0.81416,0.81426,1.50,1.50
2012.04.27 07:27:34.278,0.81418,0.81425,1.50,1.50
2012.04.27 07:27:34.411,0.81414,0.81424,1.50,1.50
2012.04.27 07:27:34.927,0.81415,0.81425,1.50,1.88
2012.04.27 07:27:35.367,0.81414,0.81424,1.50,1.69
2012.04.27 07:27:36.251,0.81412,0.81422,3.38,1.50
2012.04.27 07:27:36.759,0.81412,0.81422,4.60,1.69
2012.04.27 07:27:37.150,0.81415,0.81425,1.50,1.50
2012.04.27 07:27:37.459,0.81415,0.81425,1.50,3.21
2012.04.27 07:27:37.781,0.81413,0.81423,2.25,1.88
2012.04.27 07:27:38.222,0.81415,0.81426,1.50,1.13
2012.04.27 07:27:38.469,0.81417,0.81426,1.50,1.13
2012.04.27 07:27:38.814,0.81416,0.81424,1.50,1.13
2012.04.27 07:27:38.891,0.81413,0.81424,1.50,1.13
2012.04.27 07:27:39.396,0.81414,0.81424,1.50,1.13
2012.04.27 07:27:39.601,0.81414,0.81423,2.25,1.71
2012.04.27 07:27:39.669,0.81412,0.81424,3.00,1.50
2012.04.27 07:27:40.220,0.81413,0.81425,2.25,2.25
2012.04.27 07:27:43.676,0.81412,0.81424,3.00,1.50
2012.04.27 07:27:44.809,0.81412,0.81424,3.38,3.00
2012.04.27 07:27:45.257,0.81413,0.81423,1.50,3.38
2012.04.27 07:27:45.759,0.81413,0.81423,2.25,1.13
2012.04.27 07:27:46.084,0.81415,0.81425,1.50,3.38
2012.04.27 07:27:46.743,0.81414,0.81424,1.50,1.13
2012.04.27 07:27:47.160,0.81412,0.81422,1.50,2.25
2012.04.27 07:27:47.229,0.81414,0.81422,1.50,2.25
2012.04.27 07:27:48.681,0.81409,0.81421,3.00,1.88
2012.04.27 07:27:49.341,0.81409,0.8142,2.25,1.13
2012.04.27 07:27:50.021,0.81409,0.8142,2.25,1.13
2012.04.27 07:27:50.095,0.81409,0.81419,2.25,1.13
2012.04.27 07:27:50.560,0.81412,0.81419,1.50,1.13
2012.04.27 07:27:50.770,0.81412,0.8142,1.50,1.13
2012.04.27 07:27:52.269,0.81412,0.81422,1.50,3.00
2012.04.27 07:27:54.616,0.81412,0.81422,1.50,2.25
2012.04.27 07:27:55.238,0.81412,0.81422,1.50,4.78
2012.04.27 07:27:59.761,0.81412,0.81421,1.50,3.28
2012.04.27 07:28:00.200,0.81407,0.81417,2.07,1.50
2012.04.27 07:28:00.449,0.81407,0.81415,2.07,1.50
2012.04.27 07:28:01.051,0.81408,0.81416,1.13,1.50
2012.04.27 07:28:01.624,0.81406,0.81415,1.69,1.50
2012.04.27 07:28:01.703,0.81406,0.81417,2.44,1.13
2012.04.27 07:28:01.770,0.81405,0.81415,3.00,1.50
2012.04.27 07:28:02.240,0.81408,0.81417,1.13,1.50
2012.04.27 07:28:04.806,0.81407,0.81416,2.25,1.50
2012.04.27 07:28:05.488,0.81407,0.81416,2.25,1.50
2012.04.27 07:28:06.037,0.81407,0.81418,2.63,3.00
2012.04.27 07:28:07.137,0.81407,0.81419,1.13,3.19
2012.04.27 07:28:07.687,0.81406,0.81417,2.63,1.50
2012.04.27 07:28:08.395,0.81408,0.81421,2.25,3.19
2012.04.27 07:28:08.610,0.8141,0.81421,1.50,3.00
2012.04.27 07:28:08.937,0.81412,0.81421,1.50,1.50
2012.04.27 07:28:09.959,0.81412,0.81422,1.50,3.98
2012.04.27 07:28:10.389,0.81407,0.81415,2.25,2.10
2012.04.27 07:28:10.604,0.81401,0.81413,3.98,1.50
2012.04.27 07:28:10.685,0.81402,0.81414,1.50,2.25
2012.04.27 07:28:10.829,0.81404,0.81417,1.50,2.46
2012.04.27 07:28:11.600,0.81405,0.81418,1.50,1.50
2012.04.27 07:28:12.518,0.81405,0.81418,1.50,1.88
2012.04.27 07:28:13.245,0.81405,0.81418,1.50,1.50
2012.04.27 07:28:14.609,0.81405,0.81419,1.50,5.07
2012.04.27 07:28:15.776,0.81405,0.81419,3.00,4.22
2012.04.27 07:28:17.334,0.81405,0.81419,4.13,2.44
2012.04.27 07:28:17.904,0.81407,0.8142,2.25,1.54
2012.04.27 07:28:18.451,0.81408,0.81421,3.00,1.13
2012.04.27 07:28:18.522,0.8141,0.81422,1.50,2.07
2012.04.27 07:28:19.071,0.8141,0.81423,1.69,1.50
2012.04.27 07:28:19.400,0.81411,0.81424,1.50,4.13
2012.04.27 07:28:20.199,0.81411,0.81424,1.50,1.88
2012.04.27 07:28:20.748,0.8141,0.81424,1.50,2.07
2012.04.27 07:28:22.787,0.81411,0.81426,1.50,3.83
2012.04.27 07:28:23.049,0.81413,0.81426,1.50,1.88
2012.04.27 07:28:24.218,0.81412,0.81426,2.25,1.88
2012.04.27 07:28:25.399,0.81412,0.81424,1.50,1.13
2012.04.27 07:28:25.530,0.81411,0.81424,3.00,1.13
2012.04.27 07:28:26.304,0.81411,0.81424,2.25,1.88
2012.04.27 07:28:26.844,0.81411,0.81424,3.38,2.67
2012.04.27 07:28:27.360,0.81411,0.81424,3.38,2.67
2012.04.27 07:28:30.360,0.81411,0.81424,2.25,1.73
2012.04.27 07:28:30.939,0.8141,0.81424,3.00,2.48
2012.04.27 07:28:32.177,0.81412,0.81424,2.25,1.50
2012.04.27 07:28:32.739,0.81412,0.81424,2.25,1.13
2012.04.27 07:28:34.223,0.81412,0.81425,2.25,2.25
2012.04.27 07:28:34.772,0.81412,0.81425,2.25,2.25
2012.04.27 07:28:37.037,0.81412,0.81425,3.00,1.88
2012.04.27 07:28:40.670,0.81413,0.81425,1.50,1.50
2012.04.27 07:28:40.802,0.81415,0.81426,1.50,1.35
2012.04.27 07:28:41.015,0.81415,0.81427,1.50,2.25
2012.04.27 07:28:41.737,0.81417,0.81427,1.50,1.50
2012.04.27 07:28:41.817,0.8142,0.81432,2.25,2.25
2012.04.27 07:28:42.311,0.8142,0.8143,1.50,2.25
2012.04.27 07:28:44.409,0.8142,0.8143,3.00,1.50
2012.04.27 07:28:45.118,0.81423,0.81433,1.50,1.88
2012.04.27 07:28:45.252,0.81421,0.81431,1.50,1.50
2012.04.27 07:28:45.703,0.8142,0.81428,1.35,1.50
2012.04.27 07:28:46.240,0.8142,0.81427,1.35,1.50
2012.04.27 07:28:46.723,0.81417,0.81427,4.13,1.50
2012.04.27 07:28:47.528,0.81417,0.81427,4.13,1.50
2012.04.27 07:28:48.459,0.81417,0.81427,4.13,1.50
2012.04.27 07:28:50.133,0.81417,0.81426,3.00,1.13
2012.04.27 07:28:50.343,0.81419,0.81426,1.50,1.13
2012.04.27 07:28:50.551,0.81415,0.81425,2.63,1.50
2012.04.27 07:28:50.693,0.81414,0.81423,1.13,1.50
2012.04.27 07:28:51.030,0.81413,0.81421,1.13,1.50
2012.04.27 07:28:51.702,0.81413,0.81423,2.63,1.50
2012.04.27 07:28:51.777,0.81413,0.81425,2.25,3.19
2012.04.27 07:28:51.978,0.81413,0.81423,2.25,1.50
2012.04.27 07:28:52.542,0.81413,0.81423,2.25,1.50
2012.04.27 07:28:53.049,0.81417,0.81424,1.50,1.13
2012.04.27 07:28:53.179,0.81415,0.81424,2.25,1.13
2012.04.27 07:28:53.370,0.81415,0.81426,2.25,3.00
2012.04.27 07:28:53.950,0.81415,0.81426,1.69,2.25
2012.04.27 07:28:54.211,0.81419,0.81429,1.50,1.50
2012.04.27 07:28:54.720,0.81416,0.81426,2.44,2.85
2012.04.27 07:28:55.277,0.81416,0.81426,1.50,2.85
2012.04.27 07:28:55.357,0.81417,0.81429,2.63,1.88
2012.04.27 07:28:55.688,0.81417,0.81426,1.13,1.50
2012.04.27 07:28:56.058,0.81418,0.81428,2.25,1.88
2012.04.27 07:28:56.706,0.81417,0.81427,2.63,1.50
2012.04.27 07:28:57.251,0.81417,0.81428,1.13,2.25
2012.04.27 07:28:57.448,0.81417,0.81428,2.46,2.25
2012.04.27 07:28:57.952,0.81419,0.81428,1.13,1.50
2012.04.27 07:28:58.681,0.81421,0.8143,1.88,1.50
2012.04.27 07:28:58.940,0.81421,0.81428,1.13,1.50
2012.04.27 07:28:59.458,0.8142,0.81428,1.13,1.50
2012.04.27 07:28:59.801,0.81421,0.81428,1.13,1.50
2012.04.27 07:29:00.433,0.81421,0.8143,1.13,1.50
2012.04.27 07:29:01.159,0.81421,0.8143,1.13,1.50
2012.04.27 07:29:01.287,0.81421,0.8143,1.13,1.50
2012.04.27 07:29:01.791,0.81421,0.81431,1.13,1.50
2012.04.27 07:29:01.857,0.81421,0.81433,2.63,1.50
2012.04.27 07:29:02.472,0.81422,0.81432,1.13,2.63
2012.04.27 07:29:02.546,0.81422,0.81429,1.13,1.50
2012.04.27 07:29:02.883,0.8142,0.81432,2.44,1.50
2012.04.27 07:29:03.013,0.81419,0.8143,2.46,1.50
2012.04.27 07:29:03.352,0.81423,0.81433,2.25,2.25
2012.04.27 07:29:03.562,0.81426,0.81435,1.50,1.88
2012.04.27 07:29:04.768,0.81425,0.81435,1.50,3.38
2012.04.27 07:29:06.510,0.81423,0.81433,2.25,2.25
2012.04.27 07:29:06.637,0.81425,0.81434,1.50,1.50
2012.04.27 07:29:07.931,0.81425,0.81435,1.50,3.00
2012.04.27 07:29:08.448,0.81425,0.81435,2.25,2.25
2012.04.27 07:29:08.759,0.81423,0.81433,2.25,1.50
2012.04.27 07:29:08.828,0.81424,0.81436,2.25,3.75
2012.04.27 07:29:09.158,0.81426,0.81436,1.50,3.38
2012.04.27 07:29:10.480,0.81425,0.81435,1.50,2.25
2012.04.27 07:29:11.038,0.81423,0.81433,2.25,1.50
2012.04.27 07:29:12.330,0.81424,0.81435,2.25,2.25
2012.04.27 07:29:12.518,0.81423,0.81433,2.25,1.50
2012.04.27 07:29:13.128,0.81423,0.81433,2.25,1.50
2012.04.27 07:29:13.471,0.81419,0.81431,3.21,3.38
2012.04.27 07:29:13.798,0.81419,0.81427,1.71,1.50
2012.04.27 07:29:15.863,0.81419,0.81428,1.13,1.50
2012.04.27 07:29:16.271,0.8142,0.8143,1.13,1.50
2012.04.27 07:29:16.402,0.8142,0.81432,2.63,2.25
2012.04.27 07:29:16.601,0.8142,0.8143,1.88,1.50
2012.04.27 07:29:16.910,0.81418,0.81428,4.71,1.50
2012.04.27 07:29:17.710,0.81417,0.81427,4.71,1.50
2012.04.27 07:29:18.147,0.81419,0.8143,1.13,1.50
2012.04.27 07:29:19.051,0.81419,0.81428,1.13,1.50
2012.04.27 07:29:19.709,0.81418,0.81428,2.44,1.50
2012.04.27 07:29:19.922,0.81421,0.81431,1.50,2.25
2012.04.27 07:29:20.451,0.81423,0.81432,1.50,1.88
2012.04.27 07:29:20.641,0.81423,0.81432,1.50,2.16
2012.04.27 07:29:20.712,0.81426,0.81432,1.50,2.16
2012.04.27 07:29:21.229,0.81425,0.81432,1.50,1.50
2012.04.27 07:29:21.418,0.81422,0.81432,1.50,2.25
2012.04.27 07:29:22.036,0.81425,0.81435,1.50,3.57
2012.04.27 07:29:22.548,0.81425,0.81435,1.50,3.57
2012.04.27 07:29:22.739,0.81422,0.81434,1.50,2.25
2012.04.27 07:29:23.268,0.81422,0.81432,1.50,1.50
2012.04.27 07:29:24.092,0.81421,0.81431,3.00,1.50
2012.04.27 07:29:25.415,0.81422,0.81432,1.50,1.50
2012.04.27 07:29:25.630,0.8142,0.81431,1.35,1.50
2012.04.27 07:29:26.189,0.81421,0.81431,1.50,1.50
2012.04.27 07:29:26.712,0.8142,0.81431,1.35,1.50
2012.04.27 07:29:27.268,0.8142,0.8143,2.85,1.50
2012.04.27 07:29:28.431,0.81422,0.81432,1.50,3.00
2012.04.27 07:29:29.073,0.81419,0.8143,1.88,1.50
2012.04.27 07:29:29.210,0.8142,0.81432,1.88,2.25
2012.04.27 07:29:29.422,0.8142,0.8143,1.88,1.35
2012.04.27 07:29:29.563,0.81416,0.81426,2.63,2.25
2012.04.27 07:29:29.701,0.81416,0.81426,3.96,2.25
2012.04.27 07:29:30.220,0.81417,0.81426,1.88,1.13
2012.04.27 07:29:30.539,0.8142,0.81428,1.50,1.88
2012.04.27 07:29:31.619,0.8142,0.81429,1.50,2.25
2012.04.27 07:29:32.103,0.8142,0.8143,1.50,2.10
2012.04.27 07:29:32.560,0.81422,0.81429,1.50,1.13
2012.04.27 07:29:32.701,0.81422,0.81431,1.50,2.25
2012.04.27 07:29:32.843,0.81422,0.81431,1.50,2.25
2012.04.27 07:29:33.241,0.81419,0.81428,1.50,1.50
2012.04.27 07:29:34.112,0.81418,0.81422,3.75,1.50
2012.04.27 07:29:34.251,0.81416,0.81426,1.13,1.50
2012.04.27 07:29:34.321,0.81419,0.81426,1.50,1.50
2012.04.27 07:29:34.467,0.81418,0.81428,2.63,1.50
2012.04.27 07:29:34.614,0.81421,0.8143,1.50,2.10
2012.04.27 07:29:35.089,0.81422,0.81434,1.50,3.00
2012.04.27 07:29:35.161,0.81425,0.81434,1.50,1.50
2012.04.27 07:29:35.233,0.81423,0.81433,1.50,2.25
2012.04.27 07:29:35.760,0.81422,0.81434,3.00,2.25
2012.04.27 07:29:36.313,0.81425,0.81437,1.88,2.63
2012.04.27 07:29:37.059,0.8143,0.81438,1.50,1.50
2012.04.27 07:29:37.501,0.8143,0.81439,1.50,1.54
2012.04.27 07:29:38.011,0.8143,0.81439,1.50,1.50
2012.04.27 07:29:38.720,0.81429,0.81438,1.50,1.50
2012.04.27 07:29:38.802,0.81434,0.81442,1.50,1.50
2012.04.27 07:29:39.356,0.81433,0.81443,1.50,1.50
2012.04.27 07:29:39.640,0.8143,0.81442,2.44,1.50
2012.04.27 07:29:39.991,0.81433,0.81443,1.50,2.25
2012.04.27 07:29:40.391,0.81431,0.81441,1.50,1.50
2012.04.27 07:29:40.929,0.81431,0.81441,3.00,1.50
2012.04.27 07:29:41.426,0.81434,0.81445,1.50,1.13
2012.04.27 07:29:41.993,0.81434,0.81445,1.50,2.46
2012.04.27 07:29:42.520,0.81433,0.81445,1.50,4.56
2012.04.27 07:29:42.852,0.81433,0.81445,1.50,3.96
2012.04.27 07:29:42.922,0.8143,0.81442,3.38,2.25
2012.04.27 07:29:43.060,0.81434,0.81443,1.50,1.13
2012.04.27 07:29:43.129,0.81432,0.81442,1.50,2.25
2012.04.27 07:29:43.276,0.81435,0.81443,1.50,1.13
2012.04.27 07:29:44.521,0.81435,0.81443,1.50,1.13
2012.04.27 07:29:44.592,0.81432,0.81442,1.50,3.96
2012.04.27 07:29:45.102,0.81432,0.81442,1.50,3.96
2012.04.27 07:29:45.979,0.81432,0.8144,1.50,1.13
2012.04.27 07:29:46.801,0.81434,0.81441,1.50,1.13
2012.04.27 07:29:47.691,0.81434,0.81442,1.50,1.69
2012.04.27 07:29:48.201,0.81434,0.8144,1.50,1.13
2012.04.27 07:29:48.729,0.81426,0.81438,1.50,1.50
2012.04.27 07:29:49.250,0.81426,0.81438,1.50,2.63
2012.04.27 07:29:49.759,0.81427,0.81438,1.50,2.63
2012.04.27 07:29:50.138,0.81427,0.81439,3.75,1.50
2012.04.27 07:29:51.082,0.8143,0.8144,1.50,1.50
2012.04.27 07:29:51.432,0.81432,0.81442,1.50,1.69
2012.04.27 07:29:52.193,0.8143,0.81442,1.50,3.19
2012.04.27 07:29:52.260,0.8143,0.8144,1.50,1.50
2012.04.27 07:29:52.749,0.81427,0.81437,2.25,1.50
2012.04.27 07:29:53.749,0.81426,0.81436,1.88,1.50
2012.04.27 07:29:54.959,0.81425,0.81436,2.10,1.50
2012.04.27 07:29:56.519,0.81424,0.81436,1.50,4.47
2012.04.27 07:29:56.591,0.81423,0.81433,2.25,1.50
2012.04.27 07:29:56.942,0.81418,0.81428,3.00,1.50
2012.04.27 07:29:57.439,0.81416,0.81425,2.63,1.50
2012.04.27 07:29:57.582,0.81417,0.81429,2.25,1.50
2012.04.27 07:29:57.862,0.8142,0.81432,1.50,4.43
2012.04.27 07:29:58.401,0.81422,0.81431,1.50,1.65
2012.04.27 07:29:59.038,0.81423,0.81431,1.50,1.65
2012.04.27 07:29:59.559,0.81422,0.81431,1.50,1.65
2012.04.27 07:30:01.429,0.81423,0.81433,1.50,4.28
2012.04.27 07:30:01.852,0.81425,0.81433,1.50,2.78
2012.04.27 07:30:01.990,0.8142,0.81432,1.50,1.65
2012.04.27 07:30:02.558,0.81423,0.81434,1.50,1.50
2012.04.27 07:30:03.728,0.81423,0.81433,1.50,2.03
2012.04.27 07:30:04.270,0.81423,0.81433,1.50,1.65
2012.04.27 07:30:07.270,0.81422,0.81432,1.50,1.50
2012.04.27 07:30:07.822,0.81422,0.81432,1.50,1.50
2012.04.27 07:30:08.172,0.81417,0.81427,1.50,1.50
2012.04.27 07:30:08.678,0.81417,0.81426,1.50,1.50
2012.04.27 07:30:10.213,0.81416,0.81426,2.03,1.50
2012.04.27 07:30:10.352,0.81417,0.81427,4.71,1.50
2012.04.27 07:30:10.919,0.81419,0.81429,2.44,1.50
2012.04.27 07:30:10.987,0.81419,0.81429,2.44,1.50
2012.04.27 07:30:12.309,0.81418,0.81429,2.25,1.50
2012.04.27 07:30:12.759,0.81421,0.81431,2.25,1.50
2012.04.27 07:30:13.432,0.81423,0.81433,1.50,2.25
2012.04.27 07:30:14.068,0.8142,0.8143,2.44,1.50
2012.04.27 07:30:14.598,0.81421,0.81431,2.25,1.50
2012.04.27 07:30:15.107,0.8142,0.8143,2.25,1.50
2012.04.27 07:30:15.666,0.81419,0.81429,1.50,1.50
2012.04.27 07:30:16.958,0.81419,0.81428,1.50,1.50
2012.04.27 07:30:18.119,0.8142,0.8143,2.63,1.50
2012.04.27 07:30:18.687,0.81419,0.8143,3.38,1.50
2012.04.27 07:30:19.384,0.81421,0.81429,2.44,1.50
2012.04.27 07:30:19.467,0.81424,0.81436,1.50,2.63
2012.04.27 07:30:19.541,0.81427,0.81436,1.50,1.88
2012.04.27 07:30:19.683,0.81425,0.81436,2.25,1.13
2012.04.27 07:30:19.755,0.81427,0.81436,1.50,1.13
2012.04.27 07:30:20.101,0.81429,0.81436,1.50,1.13
2012.04.27 07:30:20.171,0.81426,0.81436,1.50,2.63
2012.04.27 07:30:20.771,0.81425,0.81435,1.50,2.25
2012.04.27 07:30:21.148,0.81422,0.81433,1.32,1.50
2012.04.27 07:30:21.281,0.81422,0.8143,1.32,1.50
2012.04.27 07:30:21.422,0.81422,0.81432,1.32,1.50
2012.04.27 07:30:22.252,0.81424,0.81436,1.50,2.25
2012.04.27 07:30:22.323,0.81426,0.81436,1.50,2.25
2012.04.27 07:30:22.460,0.81424,0.81436,1.50,2.25
2012.04.27 07:30:24.049,0.81426,0.81436,1.50,2.25
2012.04.27 07:30:24.651,0.81424,0.81436,1.50,2.25
2012.04.27 07:30:25.172,0.81425,0.81437,1.50,2.25
2012.04.27 07:30:25.358,0.81425,0.81437,1.50,2.25
2012.04.27 07:30:25.909,0.81426,0.81438,1.50,2.25
2012.04.27 07:30:27.139,0.81424,0.81436,1.69,1.50
2012.04.27 07:30:27.709,0.81425,0.81437,1.50,2.25
2012.04.27 07:30:28.286,0.81424,0.81436,1.50,1.50
2012.04.27 07:30:28.798,0.81425,0.81437,1.50,2.25
2012.04.27 07:30:29.510,0.81425,0.81435,1.50,1.50
2012.04.27 07:30:30.010,0.81425,0.81437,1.50,2.25
2012.04.27 07:30:30.521,0.81427,0.81436,1.50,1.50
2012.04.27 07:30:30.841,0.81429,0.81437,1.50,1.50
2012.04.27 07:30:32.541,0.81431,0.81438,1.50,1.50
2012.04.27 07:30:33.130,0.81431,0.81439,1.50,1.69
2012.04.27 07:30:33.452,0.81431,0.81439,1.50,2.25
2012.04.27 07:30:33.758,0.81431,0.81437,1.50,1.50
2012.04.27 07:30:34.450,0.81431,0.8144,1.50,1.50
2012.04.27 07:30:35.147,0.81431,0.81437,1.50,1.13
2012.04.27 07:30:35.420,0.81428,0.81437,1.50,3.00
2012.04.27 07:30:35.560,0.81425,0.81435,1.50,2.25
2012.04.27 07:30:35.810,0.81421,0.81433,4.17,1.50
2012.04.27 07:30:41.957,0.81422,0.81433,1.50,1.50
2012.04.27 07:30:42.471,0.81422,0.81431,1.50,1.50
2012.04.27 07:30:47.022,0.81421,0.8143,2.07,1.50
2012.04.27 07:30:47.589,0.81421,0.8143,2.07,1.50
2012.04.27 07:30:49.461,0.81422,0.81432,1.73,1.50
2012.04.27 07:30:49.602,0.81423,0.81434,1.50,1.50
2012.04.27 07:30:50.153,0.81424,0.81436,3.00,3.38
2012.04.27 07:30:51.521,0.81423,0.81433,3.38,1.50
2012.04.27 07:30:51.891,0.81424,0.81436,2.25,2.25
2012.04.27 07:30:52.101,0.81424,0.81434,2.25,1.50
2012.04.27 07:30:52.861,0.81423,0.81433,1.13,1.50
2012.04.27 07:30:53.418,0.81423,0.81433,1.13,1.50
2012.04.27 07:30:54.129,0.81424,0.81433,1.28,1.50
2012.04.27 07:30:54.453,0.81425,0.81435,1.50,1.50
2012.04.27 07:30:55.021,0.81425,0.81437,1.65,2.25
2012.04.27 07:30:56.710,0.81424,0.81433,1.65,1.50
2012.04.27 07:30:57.258,0.81424,0.81433,1.28,1.50
2012.04.27 07:30:57.388,0.81424,0.81436,2.78,2.25
2012.04.27 07:30:58.623,0.81423,0.81434,1.28,2.25
2012.04.27 07:30:59.041,0.81421,0.81433,2.70,1.50
2012.04.27 07:30:59.601,0.81421,0.81433,3.15,1.50
2012.04.27 07:31:00.101,0.81421,0.81431,1.65,1.50
2012.04.27 07:31:00.632,0.81421,0.81432,2.25,1.50
2012.04.27 07:31:01.031,0.81421,0.81432,2.33,1.50
2012.04.27 07:31:01.161,0.81422,0.81434,3.00,1.50
2012.04.27 07:31:01.672,0.81425,0.81435,2.25,1.50
2012.04.27 07:31:01.882,0.81425,0.81437,2.25,3.38
2012.04.27 07:31:02.201,0.81423,0.81434,1.50,1.50
2012.04.27 07:31:02.839,0.81423,0.81434,1.50,1.50
2012.04.27 07:31:05.110,0.81425,0.81435,1.50,1.50
2012.04.27 07:31:06.363,0.81423,0.81433,2.63,1.50
2012.04.27 07:31:06.608,0.81424,0.81436,2.25,2.25
2012.04.27 07:31:07.721,0.81423,0.81433,2.63,1.50
2012.04.27 07:31:07.909,0.81424,0.81436,2.25,2.25
2012.04.27 07:31:08.428,0.81425,0.81437,1.50,3.19
2012.04.27 07:31:08.962,0.81424,0.81436,1.50,3.19
2012.04.27 07:31:09.510,0.81422,0.81432,1.50,1.50
2012.04.27 07:31:10.050,0.81421,0.81431,3.08,1.50
2012.04.27 07:31:10.382,0.8142,0.8143,1.20,1.88
2012.04.27 07:31:10.923,0.81415,0.81425,1.69,1.50
2012.04.27 07:31:11.272,0.81414,0.81423,1.13,1.50
2012.04.27 07:31:11.591,0.81414,0.8142,1.13,1.50
2012.04.27 07:31:12.411,0.81413,0.8142,1.13,1.50
2012.04.27 07:31:12.482,0.81413,0.81422,2.07,1.50
2012.04.27 07:31:12.741,0.81414,0.81424,2.07,1.50
2012.04.27 07:31:13.301,0.81414,0.81424,5.44,1.50
2012.04.27 07:31:13.501,0.81416,0.81426,2.25,1.50
2012.04.27 07:31:13.713,0.81417,0.81427,2.25,1.50
2012.04.27 07:31:14.505,0.81416,0.81428,3.00,3.38
2012.04.27 07:31:15.142,0.81419,0.81429,1.50,2.10
2012.04.27 07:31:15.688,0.81417,0.81429,2.63,2.10
2012.04.27 07:31:16.131,0.81417,0.81427,2.63,1.50
2012.04.27 07:31:16.651,0.81416,0.81428,2.63,1.50
2012.04.27 07:31:17.172,0.81417,0.81429,1.88,2.25
2012.04.27 07:31:17.888,0.81417,0.81427,2.63,1.50
2012.04.27 07:31:18.430,0.81418,0.81426,1.50,1.50
2012.04.27 07:31:18.499,0.81419,0.81428,1.50,1.13
2012.04.27 07:31:23.040,0.81419,0.81429,1.50,3.38
2012.04.27 07:31:23.560,0.81418,0.81429,1.50,3.38
2012.04.27 07:31:23.631,0.81418,0.81425,1.50,1.50
2012.04.27 07:31:23.939,0.81417,0.81427,1.88,1.50
2012.04.27 07:31:24.730,0.81417,0.81424,1.50,1.50
2012.04.27 07:31:25.291,0.81417,0.81425,1.50,1.50
2012.04.27 07:31:25.358,0.81417,0.81427,1.50,1.50
2012.04.27 07:31:25.887,0.81417,0.81426,1.50,1.50
2012.04.27 07:31:28.548,0.81417,0.81424,1.50,1.50
2012.04.27 07:31:30.599,0.81414,0.81424,1.88,1.50
2012.04.27 07:31:33.732,0.81415,0.81424,2.46,1.50
2012.04.27 07:31:37.080,0.81415,0.81422,2.46,1.50
2012.04.27 07:31:37.627,0.81415,0.81423,2.46,1.50
2012.04.27 07:31:38.613,0.81419,0.81428,1.50,1.50
2012.04.27 07:31:38.922,0.81421,0.81429,1.50,1.50
2012.04.27 07:31:39.470,0.8142,0.81429,1.50,1.50
2012.04.27 07:31:39.981,0.81419,0.81426,1.50,1.13
2012.04.27 07:31:40.541,0.81419,0.81425,2.25,1.13
2012.04.27 07:31:40.752,0.81418,0.81428,1.50,1.13
2012.04.27 07:31:40.828,0.81418,0.81426,1.50,1.50
2012.04.27 07:31:41.047,0.81418,0.81428,3.75,1.50
2012.04.27 07:31:41.692,0.81419,0.81429,1.88,2.25
2012.04.27 07:31:41.889,0.81421,0.81431,1.50,2.25
2012.04.27 07:31:42.981,0.8142,0.8143,1.50,2.25
2012.04.27 07:31:43.294,0.81421,0.81431,1.50,2.25
2012.04.27 07:31:43.820,0.8142,0.8143,1.50,1.50
2012.04.27 07:31:44.013,0.81418,0.81428,2.25,1.50
2012.04.27 07:31:44.680,0.81418,0.8143,2.25,1.50
2012.04.27 07:31:45.333,0.81421,0.81431,1.50,2.25
2012.04.27 07:31:45.681,0.81423,0.81428,1.50,1.50
2012.04.27 07:31:46.200,0.81422,0.81427,1.50,1.50
2012.04.27 07:31:47.092,0.81423,0.81429,2.25,1.50
2012.04.27 07:31:47.235,0.81426,0.81435,2.10,1.88
2012.04.27 07:31:47.312,0.8143,0.81437,1.50,1.41
2012.04.27 07:31:47.381,0.8143,0.8144,2.25,2.25
2012.04.27 07:31:47.796,0.8143,0.8144,1.69,2.63
2012.04.27 07:31:47.874,0.8143,0.8144,2.44,3.00
2012.04.27 07:31:48.081,0.81428,0.81439,2.46,2.25
2012.04.27 07:31:48.222,0.81427,0.81439,2.25,2.25
2012.04.27 07:31:48.364,0.8143,0.8144,1.50,3.00
2012.04.27 07:31:48.441,0.8143,0.8144,1.50,2.25
2012.04.27 07:31:48.701,0.8143,0.8144,2.25,1.50
2012.04.27 07:31:48.841,0.81431,0.81443,2.25,1.88
2012.04.27 07:31:49.113,0.81429,0.81439,1.13,1.50
2012.04.27 07:31:49.432,0.81429,0.8144,2.63,1.50
2012.04.27 07:31:49.870,0.81434,0.81442,1.50,1.13
2012.04.27 07:31:50.249,0.81431,0.81441,1.50,1.50
2012.04.27 07:31:51.008,0.81431,0.8144,1.50,2.25
2012.04.27 07:31:51.222,0.81427,0.81439,2.25,3.00
2012.04.27 07:31:52.541,0.81427,0.81439,3.75,1.50
2012.04.27 07:31:52.612,0.81429,0.81439,1.71,1.50
2012.04.27 07:31:52.950,0.81434,0.81443,2.25,1.41
2012.04.27 07:31:53.093,0.81434,0.81445,1.50,2.16
2012.04.27 07:31:53.587,0.81436,0.81446,1.50,3.19
2012.04.27 07:31:53.665,0.81437,0.81447,1.50,1.50
2012.04.27 07:31:53.982,0.81438,0.81447,1.50,1.50
2012.04.27 07:31:54.110,0.81439,0.81451,2.25,3.21
2012.04.27 07:31:54.321,0.81437,0.81445,1.50,1.50
2012.04.27 07:31:54.461,0.81439,0.81449,1.50,1.50
2012.04.27 07:31:54.960,0.81438,0.81449,1.50,1.50
2012.04.27 07:31:55.480,0.81439,0.81449,1.50,3.00
2012.04.27 07:31:56.153,0.81438,0.81449,1.50,1.50
2012.04.27 07:31:56.221,0.81436,0.81446,1.50,1.50
2012.04.27 07:31:56.542,0.81438,0.81448,1.50,2.25
2012.04.27 07:31:57.462,0.81438,0.81448,1.50,2.25
2012.04.27 07:31:58.338,0.81438,0.81448,1.50,3.00
2012.04.27 07:31:58.469,0.81436,0.81446,1.50,2.25
2012.04.27 07:31:58.598,0.81434,0.81446,2.25,3.75
2012.04.27 07:31:58.728,0.81433,0.81443,1.50,1.50
2012.04.27 07:31:59.040,0.81438,0.81448,1.50,2.44
2012.04.27 07:31:59.371,0.81438,0.81447,1.50,2.25
2012.04.27 07:31:59.839,0.81434,0.81446,3.19,1.50
2012.04.27 07:32:00.347,0.81434,0.81445,1.69,1.50
2012.04.27 07:32:00.859,0.81432,0.81443,2.63,1.50
2012.04.27 07:32:01.635,0.81432,0.81443,1.88,1.50
2012.04.27 07:32:01.989,0.81435,0.81445,3.00,1.50
2012.04.27 07:32:03.412,0.81437,0.81445,3.21,1.50
2012.04.27 07:32:03.541,0.81437,0.81449,4.71,1.50
2012.04.27 07:32:03.894,0.81442,0.81452,1.50,3.66
2012.04.27 07:32:04.099,0.8144,0.8145,1.50,1.50
2012.04.27 07:32:04.640,0.81438,0.81447,2.46,1.50
2012.04.27 07:32:05.091,0.81441,0.8145,1.50,1.50
2012.04.27 07:32:05.619,0.8144,0.8145,1.88,2.25
2012.04.27 07:32:07.470,0.81438,0.81447,2.46,1.50
2012.04.27 07:32:07.952,0.8144,0.8145,1.50,4.35
2012.04.27 07:32:08.921,0.81439,0.81449,1.69,3.00
2012.04.27 07:32:11.097,0.81436,0.81447,1.13,1.50
2012.04.27 07:32:11.708,0.81436,0.81444,1.13,1.50
2012.04.27 07:32:12.078,0.81436,0.81446,1.13,1.50
2012.04.27 07:32:12.886,0.81437,0.81449,1.50,3.75
2012.04.27 07:32:13.105,0.81437,0.81446,1.69,1.13
2012.04.27 07:32:13.432,0.81437,0.81446,3.19,1.13
2012.04.27 07:32:13.575,0.8144,0.81449,2.25,2.25
2012.04.27 07:32:15.791,0.8144,0.81451,2.25,5.10
2012.04.27 07:32:16.330,0.8144,0.81451,2.44,2.48
2012.04.27 07:32:16.592,0.8144,0.81449,2.44,1.88
2012.04.27 07:32:16.782,0.8144,0.8145,2.44,2.63
2012.04.27 07:32:16.990,0.81437,0.81445,2.44,1.50
2012.04.27 07:32:17.189,0.81438,0.8145,2.44,2.63
2012.04.27 07:32:18.062,0.81441,0.8145,1.50,1.13
2012.04.27 07:32:19.090,0.81437,0.81446,2.44,1.50
2012.04.27 07:32:19.161,0.81438,0.81448,2.44,1.50
2012.04.27 07:32:19.681,0.81438,0.81447,2.46,1.50
2012.04.27 07:32:19.872,0.81439,0.81449,1.69,1.50
2012.04.27 07:32:20.391,0.81439,0.81448,1.69,1.50
2012.04.27 07:32:20.462,0.81439,0.81451,3.19,4.73
2012.04.27 07:32:20.977,0.81441,0.81451,1.50,3.98
2012.04.27 07:32:21.487,0.81441,0.81449,1.50,2.63
2012.04.27 07:32:21.829,0.81438,0.81446,2.46,1.50
2012.04.27 07:32:22.341,0.81437,0.81445,2.44,1.50
2012.04.27 07:32:22.839,0.81437,0.81447,3.94,1.50
2012.04.27 07:32:23.222,0.8144,0.81449,1.13,1.50
2012.04.27 07:32:23.540,0.8144,0.81451,2.63,3.23
2012.04.27 07:32:24.552,0.8144,0.8145,1.13,1.50
2012.04.27 07:32:25.167,0.81439,0.81451,3.00,1.88
2012.04.27 07:32:26.732,0.81442,0.81452,1.50,2.25
2012.04.27 07:32:26.863,0.8144,0.81452,2.25,2.63
2012.04.27 07:32:27.614,0.81439,0.81449,3.00,1.50
2012.04.27 07:32:28.170,0.81439,0.8145,1.50,2.40
2012.04.27 07:32:29.099,0.81439,0.81449,2.25,1.50
2012.04.27 07:32:29.769,0.81437,0.81447,4.69,1.50
2012.04.27 07:32:29.840,0.81437,0.81449,4.69,1.50
2012.04.27 07:32:30.171,0.81437,0.81445,2.44,1.50
2012.04.27 07:32:31.498,0.81436,0.81443,2.25,1.50
2012.04.27 07:32:32.292,0.81437,0.81444,2.25,1.50
2012.04.27 07:32:32.799,0.81437,0.81445,2.25,1.50
2012.04.27 07:32:34.000,0.81438,0.81448,1.50,1.50
2012.04.27 07:32:34.543,0.81438,0.81447,1.50,1.50
2012.04.27 07:32:35.691,0.81438,0.81448,3.00,1.50
2012.04.27 07:32:36.141,0.81441,0.81451,1.50,1.65
2012.04.27 07:32:37.098,0.81438,0.8145,3.00,2.25
2012.04.27 07:32:37.711,0.8144,0.8145,1.50,2.25
2012.04.27 07:32:38.324,0.8144,0.81446,1.50,1.50
2012.04.27 07:32:41.072,0.8144,0.81449,1.50,1.50
2012.04.27 07:32:41.564,0.81441,0.81451,2.25,2.63
2012.04.27 07:32:42.484,0.81438,0.81449,1.50,1.50
2012.04.27 07:32:42.833,0.81437,0.81445,2.44,1.50
2012.04.27 07:32:43.698,0.81437,0.81443,1.50,1.50
2012.04.27 07:32:44.207,0.81437,0.81444,2.25,1.50
2012.04.27 07:32:44.959,0.81439,0.8145,1.50,1.50
2012.04.27 07:32:45.509,0.81439,0.81445,2.25,1.50
2012.04.27 07:32:47.521,0.81439,0.81447,3.75,1.50
2012.04.27 07:32:47.730,0.81439,0.81445,3.94,1.50
2012.04.27 07:32:47.931,0.81439,0.81449,3.94,1.50
2012.04.27 07:32:48.795,0.81439,0.8145,3.94,1.50
2012.04.27 07:32:48.875,0.81444,0.81451,1.50,2.18
2012.04.27 07:32:48.950,0.81444,0.81451,1.50,2.03
2012.04.27 07:32:49.021,0.8144,0.81445,1.50,1.50
2012.04.27 07:32:49.340,0.81445,0.81454,1.50,1.32
2012.04.27 07:32:49.670,0.81443,0.81453,1.50,1.50
2012.04.27 07:32:50.211,0.81442,0.81452,1.50,1.50
2012.04.27 07:32:50.857,0.81444,0.81454,1.50,1.13
2012.04.27 07:32:52.721,0.81444,0.81456,1.50,3.42
2012.04.27 07:32:53.131,0.81445,0.81454,2.63,1.50
2012.04.27 07:32:53.202,0.81445,0.81457,3.00,2.91
2012.04.27 07:32:53.348,0.8145,0.81457,2.25,1.41
2012.04.27 07:32:53.423,0.81445,0.81455,2.25,1.50
2012.04.27 07:32:53.494,0.8145,0.81457,1.50,2.25
2012.04.27 07:32:54.021,0.81449,0.81455,1.50,1.50
2012.04.27 07:32:54.089,0.81451,0.81462,1.50,1.50
2012.04.27 07:32:54.727,0.8145,0.81462,2.25,3.38
2012.04.27 07:32:54.807,0.8145,0.81461,1.50,1.13
2012.04.27 07:32:55.331,0.81451,0.81459,1.50,1.50
2012.04.27 07:32:55.854,0.8145,0.81459,1.50,1.50
2012.04.27 07:32:56.401,0.81451,0.8146,1.50,1.50
2012.04.27 07:32:56.909,0.81451,0.81461,1.50,1.88
2012.04.27 07:32:57.540,0.81451,0.81461,1.50,1.88
2012.04.27 07:32:59.354,0.81449,0.81459,2.44,2.25
2012.04.27 07:32:59.877,0.81449,0.81459,2.44,1.50
2012.04.27 07:33:00.271,0.81452,0.81462,1.50,2.25
2012.04.27 07:33:01.157,0.81451,0.81461,1.50,2.25
2012.04.27 07:33:01.752,0.8145,0.81462,1.50,3.38
2012.04.27 07:33:02.180,0.81452,0.81462,1.50,3.38
2012.04.27 07:33:03.107,0.81452,0.81461,1.50,1.50
2012.04.27 07:33:03.609,0.81452,0.81461,1.50,1.50
2012.04.27 07:33:04.234,0.81452,0.81462,1.50,2.25
2012.04.27 07:33:05.232,0.81449,0.81461,2.63,2.25
2012.04.27 07:33:05.370,0.81452,0.81462,1.50,2.63
2012.04.27 07:33:05.710,0.81452,0.81461,1.50,1.50
2012.04.27 07:33:06.222,0.81452,0.81461,1.50,1.13
2012.04.27 07:33:06.470,0.81452,0.81462,1.50,2.63
2012.04.27 07:33:06.932,0.81452,0.81462,1.50,3.19
2012.04.27 07:33:07.833,0.81452,0.81462,1.50,3.19
2012.04.27 07:33:08.029,0.81452,0.81457,1.50,1.35
2012.04.27 07:33:08.099,0.81445,0.81455,2.25,1.50
2012.04.27 07:33:08.243,0.81447,0.81455,1.50,1.50
2012.04.27 07:33:08.311,0.81448,0.81458,1.50,1.50
2012.04.27 07:33:08.831,0.81447,0.81458,1.50,1.50
2012.04.27 07:33:08.900,0.81447,0.81455,2.25,1.50
2012.04.27 07:33:09.220,0.81446,0.81452,1.69,1.50
2012.04.27 07:33:09.544,0.81451,0.8146,1.50,3.13
2012.04.27 07:33:09.800,0.8145,0.8146,2.25,3.21
2012.04.27 07:33:10.061,0.81452,0.8146,1.50,1.50
2012.04.27 07:33:10.680,0.81447,0.81457,3.00,1.50
2012.04.27 07:33:11.221,0.81447,0.81459,3.19,3.00
2012.04.27 07:33:13.598,0.81447,0.81457,3.00,1.50
2012.04.27 07:33:14.120,0.81447,0.81459,3.00,3.38
2012.04.27 07:33:15.971,0.8145,0.81459,2.63,4.13
2012.04.27 07:33:17.025,0.81451,0.81462,1.50,2.37
2012.04.27 07:33:17.561,0.81451,0.81462,1.50,1.62
2012.04.27 07:33:18.167,0.81451,0.81462,1.50,1.13
2012.04.27 07:33:18.510,0.81452,0.81463,1.50,1.50
2012.04.27 07:33:19.022,0.81451,0.81463,2.63,1.50
2012.04.27 07:33:19.562,0.81451,0.81463,2.63,1.88
2012.04.27 07:33:21.523,0.81451,0.81463,2.25,2.63
2012.04.27 07:33:23.650,0.81451,0.81463,2.25,2.63
2012.04.27 07:33:23.989,0.8145,0.81459,1.65,1.50
2012.04.27 07:33:24.240,0.81449,0.81461,4.05,1.69
2012.04.27 07:33:24.781,0.81452,0.81462,2.25,1.50
2012.04.27 07:33:25.230,0.81452,0.8146,2.25,6.38
2012.04.27 07:33:25.372,0.81448,0.81459,2.93,1.13
2012.04.27 07:33:25.582,0.81446,0.81453,2.63,1.50
2012.04.27 07:33:25.891,0.81445,0.81455,5.63,1.50
2012.04.27 07:33:26.031,0.8145,0.8146,1.50,3.00
2012.04.27 07:33:26.661,0.81448,0.8146,2.25,3.75
2012.04.27 07:33:26.982,0.81452,0.8146,1.50,2.25
2012.04.27 07:33:27.805,0.81452,0.8146,1.50,1.50
2012.04.27 07:33:28.572,0.8145,0.81461,1.50,1.88
2012.04.27 07:33:28.642,0.81452,0.81461,1.50,1.13
2012.04.27 07:33:31.831,0.81449,0.81459,2.25,1.50
2012.04.27 07:33:32.362,0.81449,0.81459,1.50,2.25
2012.04.27 07:33:32.511,0.8145,0.81459,1.50,2.85
2012.04.27 07:33:32.654,0.81444,0.81456,3.19,2.25
2012.04.27 07:33:33.360,0.81444,0.81456,6.75,2.63
2012.04.27 07:33:34.691,0.81444,0.81456,2.63,2.63
2012.04.27 07:33:35.292,0.81444,0.81456,2.25,2.63
2012.04.27 07:33:35.819,0.81444,0.81456,2.25,2.82
2012.04.27 07:33:36.339,0.81443,0.81453,1.88,1.50
2012.04.27 07:33:36.790,0.81444,0.81455,1.69,1.50
2012.04.27 07:33:38.650,0.81444,0.81454,2.44,1.50
2012.04.27 07:33:40.839,0.81444,0.81456,2.25,2.63
2012.04.27 07:33:41.390,0.81444,0.81454,1.50,1.50
2012.04.27 07:33:41.708,0.81442,0.81452,4.13,1.50
2012.04.27 07:33:42.218,0.81442,0.81452,3.00,1.50
2012.04.27 07:33:42.732,0.81445,0.81453,1.50,1.13
2012.04.27 07:33:43.269,0.81444,0.81453,1.50,1.88
2012.04.27 07:33:43.599,0.81442,0.81452,1.50,2.25
2012.04.27 07:33:44.170,0.81443,0.81452,1.50,1.13
2012.04.27 07:33:44.372,0.81441,0.81452,1.50,1.13
2012.04.27 07:33:48.270,0.81442,0.81454,1.50,2.63
2012.04.27 07:33:48.811,0.81445,0.81454,1.50,1.13
2012.04.27 07:33:49.376,0.81443,0.81454,1.50,1.13
2012.04.27 07:33:49.930,0.81442,0.81452,1.50,1.88
2012.04.27 07:33:52.211,0.81442,0.81452,1.50,3.75
2012.04.27 07:33:52.779,0.81438,0.81447,1.50,1.50
2012.04.27 07:33:53.290,0.81438,0.81446,1.50,1.50
2012.04.27 07:33:53.849,0.81438,0.81445,1.50,1.50
2012.04.27 07:33:54.119,0.81438,0.81447,1.50,1.50
2012.04.27 07:33:54.510,0.81437,0.81445,2.25,1.50
2012.04.27 07:33:54.894,0.81437,0.81449,3.75,2.25
2012.04.27 07:33:55.090,0.81437,0.81447,3.75,1.50
2012.04.27 07:33:55.789,0.81437,0.81449,3.75,1.50
2012.04.27 07:33:55.860,0.81437,0.81447,3.75,1.50
2012.04.27 07:33:56.823,0.81438,0.81448,2.25,1.50
2012.04.27 07:33:57.490,0.81438,0.81447,1.50,1.50
2012.04.27 07:33:58.501,0.81437,0.81447,3.00,1.50
2012.04.27 07:33:59.091,0.81438,0.81445,1.50,1.50
2012.04.27 07:33:59.164,0.81438,0.81448,2.85,1.50
2012.04.27 07:33:59.240,0.81446,0.81452,1.50,1.13
2012.04.27 07:33:59.442,0.81444,0.81455,2.25,1.17
2012.04.27 07:33:59.581,0.81444,0.81454,1.50,1.32
2012.04.27 07:33:59.791,0.81441,0.81453,2.25,1.50
2012.04.27 07:33:59.862,0.8144,0.81451,2.25,1.50
2012.04.27 07:34:00.419,0.81442,0.81452,1.50,1.50
2012.04.27 07:34:00.488,0.81442,0.81454,1.50,3.19
2012.04.27 07:34:00.862,0.81441,0.81451,1.50,1.50
2012.04.27 07:34:01.432,0.81441,0.81451,1.50,1.50
2012.04.27 07:34:01.820,0.81445,0.81455,2.25,1.50
2012.04.27 07:34:02.773,0.81445,0.81455,1.50,1.50
2012.04.27 07:34:03.052,0.81445,0.81455,3.75,1.50
2012.04.27 07:34:03.569,0.81447,0.81455,1.50,1.50
2012.04.27 07:34:06.120,0.81447,0.81455,1.50,1.50
2012.04.27 07:34:06.739,0.81447,0.81457,3.75,1.50
2012.04.27 07:34:06.869,0.81447,0.81459,3.00,1.50
2012.04.27 07:34:07.128,0.81447,0.81453,1.50,1.50
2012.04.27 07:34:07.203,0.81448,0.81458,2.25,1.50
2012.04.27 07:34:07.332,0.81449,0.81461,2.25,3.19
2012.04.27 07:34:07.404,0.81449,0.81456,1.50,1.35
2012.04.27 07:34:07.659,0.81445,0.81456,2.63,2.25
2012.04.27 07:34:07.739,0.81447,0.81456,1.88,1.50
2012.04.27 07:34:08.261,0.81447,0.81455,1.50,1.50
2012.04.27 07:34:08.762,0.81447,0.81457,3.00,1.50
2012.04.27 07:34:09.317,0.81445,0.81456,2.63,1.50
2012.04.27 07:34:09.771,0.81445,0.81456,2.63,1.50
2012.04.27 07:34:10.339,0.81446,0.81455,1.88,1.50
2012.04.27 07:34:10.808,0.81447,0.81455,2.63,1.50
2012.04.27 07:34:11.138,0.81447,0.81453,1.69,1.50
2012.04.27 07:34:11.592,0.81447,0.81457,3.96,1.50
2012.04.27 07:34:11.732,0.81447,0.81459,4.71,1.50
2012.04.27 07:34:12.281,0.8145,0.81459,1.50,1.69
2012.04.27 07:34:12.886,0.81446,0.81455,1.13,1.50
2012.04.27 07:34:13.291,0.81446,0.81458,2.44,2.25
2012.04.27 07:34:13.960,0.81447,0.81457,2.44,1.50
2012.04.27 07:34:14.481,0.81448,0.81458,2.25,1.50
2012.04.27 07:34:15.074,0.81448,0.81458,2.25,1.50
2012.04.27 07:34:16.155,0.81448,0.81458,1.50,3.60
2012.04.27 07:34:16.361,0.81445,0.81455,4.71,1.50
2012.04.27 07:34:16.699,0.81445,0.81455,1.50,3.00
2012.04.27 07:34:17.249,0.81444,0.81454,1.50,2.63
2012.04.27 07:34:18.722,0.81444,0.81454,1.88,1.13
2012.04.27 07:34:19.381,0.81447,0.81457,1.50,1.13
2012.04.27 07:34:19.909,0.81446,0.81457,1.50,1.13
2012.04.27 07:34:20.440,0.81446,0.81457,1.50,1.50
2012.04.27 07:34:21.038,0.81446,0.81455,1.50,1.13
2012.04.27 07:34:21.590,0.81446,0.81455,1.50,1.13
2012.04.27 07:34:21.662,0.81444,0.81455,1.69,1.50
2012.04.27 07:34:22.060,0.81443,0.81453,1.50,1.41
2012.04.27 07:34:22.708,0.81443,0.81454,1.50,1.41
2012.04.27 07:34:23.211,0.81444,0.81455,1.50,1.97
2012.04.27 07:34:24.502,0.81447,0.81455,1.50,1.03
2012.04.27 07:34:28.386,0.81447,0.81457,1.50,4.03
2012.04.27 07:34:28.979,0.81444,0.81456,3.38,1.50
2012.04.27 07:34:29.520,0.81444,0.81456,3.38,1.50
2012.04.27 07:34:30.193,0.81445,0.81456,1.88,1.50
2012.04.27 07:34:31.650,0.81446,0.81458,2.25,2.25
2012.04.27 07:34:32.212,0.81448,0.81458,1.50,2.91
2012.04.27 07:34:32.732,0.81446,0.81457,1.50,1.50
2012.04.27 07:34:33.168,0.81447,0.81459,3.00,4.35
2012.04.27 07:34:33.740,0.81447,0.81458,1.50,1.50
2012.04.27 07:34:35.194,0.81447,0.81459,3.00,5.10
2012.04.27 07:34:35.699,0.81447,0.81459,3.00,1.50
2012.04.27 07:34:35.963,0.81453,0.81461,1.50,1.13
2012.04.27 07:34:36.232,0.81449,0.81459,2.25,1.50
2012.04.27 07:34:36.760,0.81451,0.81462,1.50,1.73
2012.04.27 07:34:37.211,0.8145,0.81459,2.25,1.13
2012.04.27 07:34:37.624,0.81447,0.81456,1.50,1.50
2012.04.27 07:34:41.527,0.81445,0.81456,1.13,1.50
2012.04.27 07:34:42.200,0.81444,0.81456,3.00,2.25
2012.04.27 07:34:43.959,0.81444,0.81456,1.69,2.25
2012.04.27 07:34:44.459,0.81443,0.81455,1.69,2.25
2012.04.27 07:34:44.532,0.81442,0.81452,2.44,1.50
2012.04.27 07:34:45.047,0.81443,0.81453,1.69,1.50
2012.04.27 07:34:45.370,0.81446,0.81456,1.50,2.25
2012.04.27 07:34:46.300,0.81446,0.81456,1.50,2.25
2012.04.27 07:34:46.560,0.81443,0.81455,1.50,2.25
2012.04.27 07:34:46.879,0.81445,0.81455,1.50,1.50
2012.04.27 07:34:47.188,0.81443,0.81453,1.13,1.50
2012.04.27 07:34:47.501,0.81443,0.81454,1.13,2.25
2012.04.27 07:34:48.089,0.81449,0.81458,1.50,1.69
2012.04.27 07:34:48.292,0.81449,0.81459,1.50,5.48
2012.04.27 07:34:48.802,0.8145,0.81459,1.50,4.73
2012.04.27 07:34:49.059,0.8145,0.81459,1.50,5.48
2012.04.27 07:34:49.570,0.81449,0.81459,2.25,7.73
2012.04.27 07:34:50.100,0.81449,0.81459,1.50,7.92
2012.04.27 07:34:50.478,0.81448,0.81458,1.50,1.69
2012.04.27 07:34:50.681,0.81448,0.81459,1.50,5.29
2012.04.27 07:34:51.494,0.81447,0.81457,1.50,1.50
2012.04.27 07:34:51.819,0.81445,0.81455,2.63,1.50
2012.04.27 07:34:58.469,0.81445,0.81455,2.25,1.50
2012.04.27 07:35:02.280,0.81445,0.81455,2.25,1.50
2012.04.27 07:35:02.410,0.81447,0.81457,2.25,1.50
2012.04.27 07:35:02.941,0.81448,0.81458,2.25,1.50
2012.04.27 07:35:05.293,0.81447,0.81459,2.25,2.63
2012.04.27 07:35:05.931,0.81445,0.81455,2.25,1.50
2012.04.27 07:35:09.261,0.81446,0.81455,1.50,1.50
2012.04.27 07:35:09.642,0.81447,0.81458,1.50,1.88
2012.04.27 07:35:09.841,0.81447,0.81459,2.25,2.63
2012.04.27 07:35:10.398,0.81447,0.81457,2.25,1.50
2012.04.27 07:35:10.909,0.81448,0.81458,1.50,1.50
2012.04.27 07:35:11.966,0.8145,0.81459,1.50,1.13
2012.04.27 07:35:12.482,0.81449,0.81459,2.25,1.50
2012.04.27 07:35:12.612,0.81449,0.81461,2.25,2.48
2012.04.27 07:35:13.160,0.81448,0.8146,3.38,1.50
2012.04.27 07:35:13.711,0.81449,0.81461,2.25,2.48
2012.04.27 07:35:14.530,0.81451,0.81462,2.25,3.60
2012.04.27 07:35:15.299,0.8145,0.81462,2.25,5.48
2012.04.27 07:35:15.859,0.8145,0.81462,2.25,5.48
2012.04.27 07:35:16.410,0.8145,0.81462,2.25,5.85
2012.04.27 07:35:16.957,0.81451,0.81461,1.50,2.48
2012.04.27 07:35:17.995,0.8145,0.81462,2.25,4.73
2012.04.27 07:35:19.159,0.81452,0.81462,1.50,4.73
2012.04.27 07:35:19.360,0.8145,0.81462,2.25,5.85
2012.04.27 07:35:20.491,0.8145,0.81462,2.25,3.98
2012.04.27 07:35:21.030,0.81452,0.81462,1.50,3.23
2012.04.27 07:35:21.561,0.81453,0.81462,1.50,3.23
2012.04.27 07:35:22.171,0.81452,0.81462,1.50,4.73
2012.04.27 07:35:25.040,0.8145,0.8146,1.50,2.63
2012.04.27 07:35:25.241,0.8145,0.8146,1.50,2.63
2012.04.27 07:35:26.821,0.81448,0.8146,1.50,2.63
2012.04.27 07:35:27.031,0.8145,0.8146,1.50,2.63
2012.04.27 07:35:31.577,0.81448,0.81459,2.63,1.73
2012.04.27 07:35:34.263,0.8145,0.8146,2.25,1.88
2012.04.27 07:35:34.770,0.8145,0.8146,3.00,1.88
2012.04.27 07:35:35.140,0.81453,0.81461,1.50,2.48
2012.04.27 07:35:35.589,0.8145,0.81461,2.25,2.48
2012.04.27 07:35:37.601,0.81451,0.81461,1.50,2.48
2012.04.27 07:35:38.128,0.81449,0.81461,1.50,4.73
2012.04.27 07:35:38.451,0.81447,0.81457,2.63,1.50
2012.04.27 07:35:38.760,0.81447,0.81459,2.63,1.50
2012.04.27 07:35:39.269,0.81448,0.81458,2.63,1.50
2012.04.27 07:35:39.530,0.81449,0.81461,1.50,4.73
2012.04.27 07:35:40.038,0.81448,0.8146,2.25,1.88
2012.04.27 07:35:40.290,0.8145,0.8146,1.50,1.88
2012.04.27 07:35:40.431,0.81448,0.8146,2.25,1.88
2012.04.27 07:35:40.629,0.8145,0.8146,1.50,1.88
2012.04.27 07:35:41.409,0.81449,0.81459,1.50,1.50
2012.04.27 07:35:41.958,0.81449,0.81461,1.50,4.73
2012.04.27 07:35:42.631,0.81448,0.8146,2.25,1.88
2012.04.27 07:35:42.947,0.81446,0.81458,3.19,1.50
2012.04.27 07:35:43.304,0.81446,0.81455,1.50,1.50
2012.04.27 07:35:44.999,0.81447,0.81457,2.25,1.50
2012.04.27 07:35:45.558,0.81447,0.81459,2.25,1.50
2012.04.27 07:35:45.821,0.8145,0.8146,1.50,1.88
2012.04.27 07:35:46.338,0.81449,0.81459,1.50,1.50
2012.04.27 07:35:46.858,0.8145,0.8146,1.50,1.88
2012.04.27 07:35:47.110,0.81448,0.8146,2.25,1.88
2012.04.27 07:35:47.678,0.81449,0.81461,1.50,3.98
2012.04.27 07:35:48.481,0.8145,0.8146,1.50,1.88
2012.04.27 07:35:49.012,0.81451,0.81461,1.50,2.48
2012.04.27 07:35:53.599,0.81453,0.81461,1.50,2.48
2012.04.27 07:35:55.538,0.81452,0.81461,1.50,2.48
2012.04.27 07:35:55.671,0.8145,0.81461,2.25,2.48
2012.04.27 07:36:00.489,0.81448,0.81459,1.50,1.50
2012.04.27 07:36:01.273,0.81449,0.81461,2.25,3.98
2012.04.27 07:36:01.842,0.81449,0.81461,2.44,3.98
2012.04.27 07:36:03.090,0.81449,0.81461,2.44,3.98
2012.04.27 07:36:05.555,0.81455,0.81461,1.50,2.48
2012.04.27 07:36:07.108,0.81455,0.81464,2.25,1.13
2012.04.27 07:36:07.610,0.81455,0.81464,1.50,1.13
2012.04.27 07:36:07.932,0.81455,0.81464,1.50,1.13
2012.04.27 07:36:08.836,0.81455,0.81462,1.50,1.13
2012.04.27 07:36:09.502,0.81455,0.81464,2.25,1.50
2012.04.27 07:36:09.571,0.81455,0.81465,3.00,3.00
2012.04.27 07:36:09.762,0.8146,0.81465,1.50,1.50
2012.04.27 07:36:09.830,0.8146,0.81469,1.50,1.50
2012.04.27 07:36:09.961,0.81459,0.81468,1.50,1.13
2012.04.27 07:36:10.220,0.81459,0.81469,1.50,2.25
2012.04.27 07:36:10.480,0.81462,0.8147,1.50,1.50
2012.04.27 07:36:10.931,0.81462,0.81472,1.50,3.00
2012.04.27 07:36:11.490,0.81462,0.81471,1.50,1.88
2012.04.27 07:36:12.253,0.81462,0.81467,1.50,1.50
2012.04.27 07:36:12.663,0.81458,0.81468,1.50,2.25
2012.04.27 07:36:13.170,0.81459,0.81469,1.50,3.38
2012.04.27 07:36:13.442,0.81457,0.81467,1.50,1.50
2012.04.27 07:36:19.489,0.81457,0.81467,3.75,1.50
2012.04.27 07:36:19.820,0.81459,0.81467,3.60,1.50
2012.04.27 07:36:20.472,0.81459,0.81467,3.04,1.50
2012.04.27 07:36:20.931,0.8146,0.81469,1.13,1.50
2012.04.27 07:36:21.143,0.8146,0.81467,1.13,1.50
2012.04.27 07:36:21.668,0.81459,0.81467,2.07,1.50
2012.04.27 07:36:22.760,0.8146,0.81467,1.32,1.50
2012.04.27 07:36:24.011,0.8146,0.81467,2.07,1.50
2012.04.27 07:36:26.932,0.81463,0.81473,1.50,1.13
2012.04.27 07:36:27.135,0.81464,0.81475,2.25,2.85
2012.04.27 07:36:27.285,0.81464,0.81472,1.50,1.50
2012.04.27 07:36:27.361,0.81461,0.81472,1.50,1.50
2012.04.27 07:36:27.569,0.8146,0.8147,1.13,1.50
2012.04.27 07:36:28.140,0.8146,0.8147,2.44,1.50
2012.04.27 07:36:29.665,0.81461,0.81469,1.13,1.50
2012.04.27 07:36:30.200,0.8146,0.81468,1.13,1.50
2012.04.27 07:36:30.412,0.81461,0.81471,1.50,1.50
2012.04.27 07:36:30.936,0.81467,0.81474,1.50,1.50
2012.04.27 07:36:31.508,0.81467,0.81477,1.50,6.19
2012.04.27 07:36:31.581,0.81465,0.81475,2.25,1.50
2012.04.27 07:36:31.791,0.81467,0.81474,1.50,1.88
2012.04.27 07:36:32.298,0.81466,0.81474,1.50,1.13
2012.04.27 07:36:32.809,0.81466,0.81475,1.50,1.13
2012.04.27 07:36:33.320,0.81466,0.81476,1.50,3.58
2012.04.27 07:36:34.197,0.81466,0.81476,1.50,1.88
2012.04.27 07:36:34.931,0.81465,0.81474,1.50,1.69
2012.04.27 07:36:35.449,0.81464,0.81474,1.50,1.32
2012.04.27 07:36:36.978,0.81465,0.81473,1.50,1.50
2012.04.27 07:36:37.307,0.81467,0.81473,1.50,1.50
2012.04.27 07:36:37.571,0.81465,0.81474,1.50,2.25
2012.04.27 07:36:39.420,0.81467,0.81475,1.50,1.13
2012.04.27 07:36:41.422,0.81462,0.81474,1.50,1.13
2012.04.27 07:36:41.492,0.81462,0.81472,1.13,1.88
2012.04.27 07:36:41.618,0.81462,0.81472,1.13,1.88
2012.04.27 07:36:44.180,0.81465,0.81473,1.50,1.50
2012.04.27 07:36:46.143,0.81464,0.81472,1.50,1.13
2012.04.27 07:36:46.341,0.81462,0.8147,1.50,2.25
2012.04.27 07:36:46.482,0.81459,0.8147,1.50,2.63
2012.04.27 07:36:46.551,0.81462,0.8147,1.50,1.13
2012.04.27 07:36:47.404,0.81462,0.8147,1.50,1.13
2012.04.27 07:36:48.489,0.81462,0.81471,1.50,1.13
2012.04.27 07:36:50.198,0.81461,0.81471,1.50,1.13
2012.04.27 07:36:51.082,0.81461,0.81472,3.00,1.13
2012.04.27 07:36:51.400,0.81464,0.81472,1.50,1.13
2012.04.27 07:36:51.859,0.81462,0.81472,2.25,2.63
2012.04.27 07:36:52.830,0.81462,0.81472,2.25,2.63
2012.04.27 07:36:53.520,0.81462,0.8147,1.50,1.50
2012.04.27 07:36:54.081,0.81461,0.81469,2.44,1.50
2012.04.27 07:36:54.678,0.81462,0.81471,1.13,1.50
2012.04.27 07:36:55.101,0.81464,0.81474,2.25,1.88
2012.04.27 07:36:55.231,0.81466,0.81477,1.50,3.58
2012.04.27 07:36:55.303,0.81464,0.81474,2.25,1.88
2012.04.27 07:36:55.441,0.81462,0.81472,2.25,1.50
2012.04.27 07:36:55.642,0.81463,0.81474,2.25,1.50
2012.04.27 07:36:55.774,0.81463,0.81473,1.50,1.13
2012.04.27 07:36:56.310,0.81464,0.81474,1.50,1.88
2012.04.27 07:36:56.500,0.8146,0.81469,2.44,1.50
2012.04.27 07:36:56.640,0.8146,0.81467,1.69,1.50
2012.04.27 07:36:57.118,0.81465,0.81473,1.50,1.13
2012.04.27 07:36:57.403,0.81461,0.81471,1.50,1.88
2012.04.27 07:36:57.473,0.81459,0.81467,2.25,1.50
2012.04.27 07:36:58.160,0.81459,0.81471,2.25,2.63
2012.04.27 07:36:58.631,0.81458,0.8147,2.63,2.25
2012.04.27 07:36:58.962,0.81457,0.81465,3.00,1.50
2012.04.27 07:36:59.102,0.81457,0.81465,2.25,1.50
2012.04.27 07:36:59.931,0.81455,0.81461,1.69,1.50
2012.04.27 07:37:00.202,0.81453,0.81461,2.46,1.50
2012.04.27 07:37:00.270,0.81457,0.81466,1.50,3.00
2012.04.27 07:37:00.401,0.81454,0.81464,1.69,1.88
2012.04.27 07:37:02.260,0.81453,0.81465,2.25,2.63
2012.04.27 07:37:02.793,0.81454,0.81464,3.00,1.88
2012.04.27 07:37:03.357,0.81453,0.81461,1.50,1.50
2012.04.27 07:37:03.500,0.81454,0.81464,2.25,1.50
2012.04.27 07:37:03.830,0.81456,0.81465,1.50,1.88
2012.04.27 07:37:04.142,0.81454,0.81464,1.50,2.25
2012.04.27 07:37:04.347,0.81456,0.81464,1.50,1.50
2012.04.27 07:37:05.083,0.81456,0.81464,1.50,1.88
2012.04.27 07:37:05.151,0.81451,0.81463,3.00,2.25
2012.04.27 07:37:06.056,0.81452,0.81464,2.25,2.63
2012.04.27 07:37:07.203,0.81453,0.81463,1.50,2.25
2012.04.27 07:37:08.071,0.81457,0.81464,1.50,1.78
2012.04.27 07:37:08.542,0.81457,0.81465,1.50,1.88
2012.04.27 07:37:09.418,0.81458,0.81465,1.50,1.13
2012.04.27 07:37:09.499,0.81457,0.81466,1.50,2.63
2012.04.27 07:37:09.703,0.81453,0.81464,1.88,1.50
2012.04.27 07:37:09.833,0.81455,0.81464,1.50,1.50
2012.04.27 07:37:10.340,0.81455,0.81461,1.50,1.88
2012.04.27 07:37:10.622,0.8145,0.8146,1.88,1.13
2012.04.27 07:37:11.105,0.81451,0.81462,1.50,1.88
2012.04.27 07:37:11.182,0.81453,0.81462,1.50,1.13
2012.04.27 07:37:11.932,0.81454,0.81463,1.50,2.25
2012.04.27 07:37:12.466,0.81455,0.81462,1.50,1.13
2012.04.27 07:37:12.682,0.81452,0.81462,1.50,2.63
2012.04.27 07:37:13.240,0.81453,0.81462,1.50,1.13
2012.04.27 07:37:13.943,0.81452,0.81462,1.50,2.82
2012.04.27 07:37:14.274,0.8145,0.81459,2.10,1.13
2012.04.27 07:37:14.842,0.81452,0.81459,1.50,1.13
2012.04.27 07:37:15.399,0.81451,0.81459,1.50,1.13
2012.04.27 07:37:17.260,0.81451,0.81459,1.50,1.88
2012.04.27 07:37:17.522,0.81449,0.81459,1.50,4.50
2012.04.27 07:37:17.593,0.81447,0.81457,2.44,1.50
2012.04.27 07:37:18.287,0.81448,0.81457,2.10,1.50
2012.04.27 07:37:18.366,0.81451,0.81461,1.50,2.25
2012.04.27 07:37:18.880,0.81452,0.81461,1.50,1.13
2012.04.27 07:37:19.400,0.81451,0.8146,1.88,1.13
2012.04.27 07:37:20.612,0.81452,0.8146,1.50,1.13
2012.04.27 07:37:21.130,0.81451,0.81461,1.50,3.00
2012.04.27 07:37:22.319,0.81449,0.81459,1.88,2.63
2012.04.27 07:37:22.818,0.81448,0.81458,1.50,1.13
2012.04.27 07:37:22.890,0.8145,0.81458,1.50,1.13
2012.04.27 07:37:23.391,0.81449,0.81458,1.50,1.13
2012.04.27 07:37:24.079,0.8145,0.81458,1.50,1.13
2012.04.27 07:37:24.620,0.8145,0.81459,1.50,1.13
2012.04.27 07:37:26.063,0.81452,0.81459,1.50,1.13
2012.04.27 07:37:26.144,0.81452,0.81462,1.88,2.63
2012.04.27 07:37:26.282,0.81455,0.81463,1.50,1.13
2012.04.27 07:37:26.564,0.81453,0.81464,1.88,2.25
2012.04.27 07:37:26.831,0.81456,0.81464,1.50,2.25
2012.04.27 07:37:27.362,0.81455,0.81464,1.50,1.88
2012.04.27 07:37:27.915,0.81457,0.81465,1.50,1.13
2012.04.27 07:37:28.274,0.81453,0.81463,2.74,1.50
2012.04.27 07:37:29.018,0.81453,0.81462,1.24,1.50
2012.04.27 07:37:29.564,0.81453,0.81463,1.88,1.50
2012.04.27 07:37:30.069,0.81454,0.81462,1.13,1.50
2012.04.27 07:37:30.259,0.81454,0.81466,2.63,3.00
2012.04.27 07:37:30.769,0.81454,0.81464,2.78,2.63
2012.04.27 07:37:31.861,0.81454,0.81464,2.63,2.63
2012.04.27 07:37:32.390,0.81455,0.81464,1.13,1.50
2012.04.27 07:37:32.948,0.81455,0.81464,1.13,1.50
2012.04.27 07:37:33.530,0.81455,0.81465,3.00,1.50
2012.04.27 07:37:34.354,0.81456,0.81465,1.13,1.50
2012.04.27 07:37:34.984,0.81458,0.81466,1.13,1.88
2012.04.27 07:37:35.120,0.81456,0.81468,2.82,1.50
2012.04.27 07:37:35.313,0.81456,0.81466,2.82,1.50
2012.04.27 07:37:35.850,0.81456,0.81467,1.69,1.50
2012.04.27 07:37:36.412,0.81456,0.81466,1.50,1.50
2012.04.27 07:37:36.830,0.81461,0.8147,1.50,1.88
2012.04.27 07:37:37.242,0.81461,0.81471,1.50,4.13
2012.04.27 07:37:37.756,0.81458,0.81468,2.63,1.50
2012.04.27 07:37:38.082,0.81458,0.81468,2.63,1.50
2012.04.27 07:37:38.223,0.81459,0.81468,1.13,1.50
2012.04.27 07:37:38.786,0.81461,0.81468,1.50,1.50
2012.04.27 07:37:38.863,0.81461,0.8147,2.25,1.50
2012.04.27 07:37:39.415,0.81461,0.8147,1.50,1.50
2012.04.27 07:37:40.089,0.81462,0.81473,1.13,1.88
2012.04.27 07:37:40.169,0.81464,0.81476,2.82,1.88
2012.04.27 07:37:40.725,0.81466,0.81477,1.50,1.13
2012.04.27 07:37:40.803,0.81466,0.81477,1.50,1.13
2012.04.27 07:37:40.871,0.81469,0.81477,1.50,1.13
2012.04.27 07:37:41.203,0.81467,0.81479,2.25,2.48
2012.04.27 07:37:41.612,0.81469,0.8148,2.25,2.48
2012.04.27 07:37:41.945,0.81469,0.81481,2.25,2.25
2012.04.27 07:37:42.091,0.81472,0.81482,1.50,2.25
2012.04.27 07:37:42.162,0.8147,0.81482,2.25,1.88
2012.04.27 07:37:43.445,0.81469,0.81479,2.44,1.50
2012.04.27 07:37:44.123,0.81469,0.81478,2.07,1.50
2012.04.27 07:37:44.191,0.81472,0.81482,1.50,1.88
2012.04.27 07:37:44.393,0.81469,0.81478,1.69,1.50
2012.04.27 07:37:44.733,0.81471,0.81481,2.25,1.88
2012.04.27 07:37:44.802,0.81471,0.81481,2.25,1.88
2012.04.27 07:37:45.580,0.8147,0.81481,1.13,1.88
2012.04.27 07:37:46.150,0.81471,0.81479,1.13,1.88
2012.04.27 07:37:46.773,0.8147,0.81477,1.13,1.50
2012.04.27 07:37:47.290,0.81469,0.81478,1.50,1.50
2012.04.27 07:37:47.816,0.8147,0.81477,1.50,1.50
2012.04.27 07:37:48.295,0.81472,0.81483,1.13,1.13
2012.04.27 07:37:48.382,0.81472,0.81482,1.88,1.88
2012.04.27 07:37:48.934,0.81472,0.81482,2.25,1.88
2012.04.27 07:37:49.182,0.81472,0.81482,2.25,1.88
2012.04.27 07:37:49.731,0.81474,0.81484,1.50,3.38
2012.04.27 07:37:50.302,0.81474,0.81482,1.50,1.13
2012.04.27 07:37:50.686,0.81472,0.81482,1.50,1.13
2012.04.27 07:37:51.201,0.81471,0.81481,2.25,2.63
2012.04.27 07:37:51.754,0.81471,0.81483,3.75,3.75
2012.04.27 07:37:52.316,0.81472,0.81483,1.50,1.88
2012.04.27 07:37:52.952,0.81472,0.8148,1.88,1.50
2012.04.27 07:37:53.282,0.81475,0.81485,1.50,1.88
2012.04.27 07:37:53.793,0.81473,0.81483,2.25,1.88
2012.04.27 07:37:54.426,0.81472,0.81483,1.50,1.88
2012.04.27 07:37:54.563,0.81469,0.81479,2.25,1.50
2012.04.27 07:37:55.318,0.81471,0.81478,1.35,1.50
2012.04.27 07:37:55.580,0.81472,0.81484,2.63,2.25
2012.04.27 07:37:55.779,0.81473,0.81484,2.82,1.50
2012.04.27 07:37:56.300,0.81474,0.81484,1.50,1.50
2012.04.27 07:37:56.843,0.81472,0.81484,3.00,1.50
2012.04.27 07:37:57.703,0.81473,0.81485,2.25,1.50
2012.04.27 07:37:57.912,0.81473,0.81483,2.25,1.50
2012.04.27 07:37:58.450,0.81473,0.81483,2.25,1.50
2012.04.27 07:37:59.291,0.81472,0.81479,1.50,1.50
2012.04.27 07:37:59.642,0.81471,0.81477,1.50,1.50
2012.04.27 07:38:00.247,0.81467,0.81477,3.19,1.50
2012.04.27 07:38:00.534,0.81467,0.81477,4.13,1.50
2012.04.27 07:38:01.120,0.81466,0.81476,3.94,1.50
2012.04.27 07:38:01.197,0.81472,0.81481,1.50,1.50
2012.04.27 07:38:01.276,0.81472,0.81481,1.50,1.50
2012.04.27 07:38:01.601,0.81467,0.81477,2.25,1.50
2012.04.27 07:38:01.992,0.8147,0.81476,1.50,1.50
2012.04.27 07:38:02.183,0.8147,0.81481,1.50,1.50
2012.04.27 07:38:02.321,0.81469,0.81481,1.50,1.50
2012.04.27 07:38:02.390,0.81467,0.81478,4.17,1.50
2012.04.27 07:38:02.917,0.81468,0.81478,1.50,1.50
2012.04.27 07:38:02.998,0.81469,0.8148,1.50,1.50
2012.04.27 07:38:03.070,0.81467,0.81477,2.63,1.50
2012.04.27 07:38:03.620,0.81466,0.81478,3.75,1.50
2012.04.27 07:38:03.819,0.81466,0.81478,2.63,2.25
2012.04.27 07:38:04.259,0.81466,0.81475,1.13,1.50
2012.04.27 07:38:04.614,0.81469,0.81479,1.50,1.32
2012.04.27 07:38:05.129,0.8147,0.81479,1.50,1.32
2012.04.27 07:38:05.269,0.81468,0.81479,1.50,1.32
2012.04.27 07:38:05.799,0.81467,0.81477,2.25,1.50
2012.04.27 07:38:06.580,0.81468,0.8148,2.25,1.50
2012.04.27 07:38:06.852,0.81466,0.81478,4.88,1.50
2012.04.27 07:38:07.182,0.81468,0.8148,2.25,2.25
2012.04.27 07:38:07.252,0.81468,0.8148,2.25,2.25
2012.04.27 07:38:07.779,0.8147,0.8148,2.25,1.88
2012.04.27 07:38:08.590,0.81472,0.81482,1.50,2.07
2012.04.27 07:38:09.111,0.81472,0.81482,1.50,2.82
2012.04.27 07:38:10.322,0.81471,0.8148,1.50,2.07
2012.04.27 07:38:10.390,0.81466,0.81478,3.75,1.50
2012.04.27 07:38:10.463,0.81466,0.81476,3.00,1.50
2012.04.27 07:38:11.341,0.81467,0.81477,1.50,1.50
2012.04.27 07:38:11.941,0.81466,0.81477,2.25,1.50
2012.04.27 07:38:12.683,0.81466,0.81477,4.35,1.50
2012.04.27 07:38:13.292,0.81467,0.81477,3.19,2.25
2012.04.27 07:38:13.947,0.81467,0.81479,2.44,2.25
2012.04.27 07:38:14.453,0.81467,0.81477,3.21,1.50
2012.04.27 07:38:14.580,0.81469,0.8148,1.69,1.50
2012.04.27 07:38:14.719,0.81469,0.8148,1.69,1.50
2012.04.27 07:38:15.231,0.81469,0.8148,1.69,1.50
2012.04.27 07:38:15.751,0.81469,0.8148,1.69,1.50
2012.04.27 07:38:16.091,0.81472,0.81481,1.50,1.13
2012.04.27 07:38:16.432,0.81474,0.81482,1.50,2.25
2012.04.27 07:38:17.043,0.81474,0.8148,1.50,1.13
2012.04.27 07:38:17.242,0.81469,0.81479,1.50,3.00
2012.04.27 07:38:17.443,0.81466,0.81475,3.10,1.50
2012.04.27 07:38:18.640,0.81466,0.81475,3.10,1.50
2012.04.27 07:38:18.781,0.81469,0.81481,1.50,5.46
2012.04.27 07:38:18.980,0.81467,0.81477,3.00,1.50
2012.04.27 07:38:19.891,0.81467,0.81475,1.50,1.50
2012.04.27 07:38:20.411,0.81467,0.81475,1.50,1.50
2012.04.27 07:38:20.860,0.81467,0.81477,3.00,1.50
2012.04.27 07:38:21.298,0.8147,0.8148,1.50,2.25
2012.04.27 07:38:22.310,0.8147,0.81481,1.50,1.88
2012.04.27 07:38:22.382,0.81472,0.81481,1.50,1.88
2012.04.27 07:38:23.085,0.81468,0.81478,4.13,1.50
2012.04.27 07:38:23.163,0.81468,0.81478,1.88,1.50
2012.04.27 07:38:23.481,0.81469,0.81481,1.50,1.50
2012.04.27 07:38:23.990,0.81469,0.81481,1.69,1.50
2012.04.27 07:38:24.520,0.8147,0.81481,3.19,1.50
2012.04.27 07:38:25.560,0.81471,0.81482,2.25,1.50
2012.04.27 07:38:26.532,0.81471,0.81482,1.50,2.07
2012.04.27 07:38:26.929,0.8147,0.81482,1.50,3.19
2012.04.27 07:38:27.121,0.81467,0.81477,1.50,1.50
2012.04.27 07:38:27.673,0.81468,0.81477,1.50,1.50
2012.04.27 07:38:28.230,0.81467,0.81477,2.35,1.50
2012.04.27 07:38:28.732,0.81466,0.81477,2.73,1.50
2012.04.27 07:38:29.301,0.8147,0.8148,1.50,3.19
2012.04.27 07:38:30.023,0.81467,0.81479,2.25,1.50
2012.04.27 07:38:30.329,0.81466,0.81477,2.25,1.50
2012.04.27 07:38:31.042,0.81466,0.81477,2.63,1.50
2012.04.27 07:38:31.520,0.81467,0.81477,5.73,1.50
2012.04.27 07:38:31.594,0.81472,0.81482,1.50,2.82
2012.04.27 07:38:32.176,0.81474,0.81482,1.50,1.13
2012.04.27 07:38:32.733,0.81473,0.81484,1.50,2.82
2012.04.27 07:38:33.170,0.81475,0.81484,1.50,2.82
2012.04.27 07:38:33.552,0.81475,0.81485,1.50,3.38
2012.04.27 07:38:33.683,0.81477,0.81486,1.50,1.13
2012.04.27 07:38:34.132,0.81473,0.81485,3.23,1.50
2012.04.27 07:38:35.094,0.81475,0.81484,1.88,1.50
2012.04.27 07:38:35.232,0.81475,0.81487,3.00,1.88
2012.04.27 07:38:35.363,0.81479,0.81488,1.50,1.88
2012.04.27 07:38:35.690,0.81481,0.81489,1.50,1.32
2012.04.27 07:38:38.227,0.8148,0.81489,1.50,1.13
2012.04.27 07:38:38.730,0.81481,0.81488,1.50,1.13
2012.04.27 07:38:38.860,0.81478,0.81488,1.50,1.13
2012.04.27 07:38:40.080,0.81477,0.81488,1.50,1.13
2012.04.27 07:38:40.498,0.81475,0.81485,2.25,1.50
2012.04.27 07:38:40.998,0.81475,0.81485,2.25,1.50
2012.04.27 07:38:43.948,0.81475,0.81487,2.25,1.88
2012.04.27 07:38:45.070,0.81479,0.81487,1.50,1.13
2012.04.27 07:38:45.937,0.81477,0.81487,1.50,1.13
2012.04.27 07:38:48.321,0.81477,0.81487,1.50,1.88
2012.04.27 07:38:48.660,0.81475,0.81486,1.50,2.63
2012.04.27 07:38:49.551,0.8147,0.81482,4.60,1.50
2012.04.27 07:38:49.626,0.81469,0.8148,1.50,2.25
2012.04.27 07:38:50.183,0.8147,0.81479,2.46,1.50
2012.04.27 07:38:50.393,0.8147,0.81481,2.46,1.50
2012.04.27 07:38:50.949,0.8147,0.81482,3.96,1.88
2012.04.27 07:38:51.080,0.8147,0.8148,2.46,1.50
2012.04.27 07:38:51.580,0.8147,0.81481,2.46,1.50
2012.04.27 07:38:53.912,0.81472,0.81479,1.13,1.50
2012.04.27 07:38:54.660,0.81469,0.81479,4.13,1.50
2012.04.27 07:38:56.869,0.81469,0.81481,2.63,1.50
2012.04.27 07:38:56.944,0.81469,0.81481,1.88,2.25
2012.04.27 07:38:57.490,0.8147,0.8148,1.88,1.88
2012.04.27 07:38:57.931,0.81467,0.81477,5.46,1.50
2012.04.27 07:38:58.273,0.81469,0.81477,1.17,1.50
2012.04.27 07:38:58.398,0.81469,0.81481,2.67,1.88
2012.04.27 07:38:58.468,0.81469,0.81481,2.67,1.88
2012.04.27 07:38:58.610,0.81469,0.81477,1.17,1.50
2012.04.27 07:38:59.821,0.81467,0.81477,6.21,1.50
2012.04.27 07:39:00.338,0.81467,0.81477,6.21,1.50
2012.04.27 07:39:00.981,0.81473,0.81483,1.50,2.63
2012.04.27 07:39:02.192,0.81473,0.81483,1.50,4.13
2012.04.27 07:39:02.680,0.81468,0.81478,1.50,1.50
2012.04.27 07:39:02.753,0.81468,0.81478,2.25,1.50
2012.04.27 07:39:03.035,0.81471,0.81481,2.25,1.32
2012.04.27 07:39:03.112,0.81471,0.81479,1.50,1.13
2012.04.27 07:39:04.122,0.8147,0.81479,1.50,1.13
2012.04.27 07:39:04.631,0.81466,0.81478,2.63,1.88
2012.04.27 07:39:05.442,0.81466,0.81477,1.13,1.50
2012.04.27 07:39:05.722,0.81466,0.81477,1.13,1.50
2012.04.27 07:39:06.070,0.81467,0.81477,1.50,2.25
2012.04.27 07:39:06.639,0.81466,0.81476,1.50,1.13
2012.04.27 07:39:07.571,0.81469,0.81477,1.50,1.13
2012.04.27 07:39:08.699,0.81467,0.81477,1.50,1.88
2012.04.27 07:39:09.559,0.8147,0.81478,1.50,1.13
2012.04.27 07:39:10.243,0.81468,0.81477,1.50,1.13
2012.04.27 07:39:10.751,0.81467,0.81477,2.25,2.63
2012.04.27 07:39:11.314,0.81468,0.81477,1.50,1.13
2012.04.27 07:39:11.862,0.81469,0.8148,2.25,2.07
2012.04.27 07:39:13.261,0.81467,0.81477,2.25,1.88
2012.04.27 07:39:13.614,0.81468,0.81478,2.25,1.13
2012.04.27 07:39:16.795,0.81468,0.81478,1.50,1.13
2012.04.27 07:39:17.119,0.8147,0.81478,1.50,1.13
2012.04.27 07:39:18.101,0.81466,0.81475,1.50,1.13
2012.04.27 07:39:18.381,0.81463,0.81475,2.25,2.63
2012.04.27 07:39:18.921,0.81465,0.81475,1.50,2.63
2012.04.27 07:39:18.990,0.81465,0.81475,1.50,2.63
2012.04.27 07:39:20.276,0.81465,0.81473,1.50,4.88
2012.04.27 07:39:20.357,0.81462,0.81469,1.50,1.50
2012.04.27 07:39:21.097,0.81463,0.81475,2.63,1.50
2012.04.27 07:39:21.383,0.81466,0.81478,2.25,2.07
2012.04.27 07:39:21.523,0.81466,0.81478,2.44,1.88
2012.04.27 07:39:21.663,0.81466,0.81478,2.44,1.88
2012.04.27 07:39:21.852,0.81471,0.8148,1.50,2.25
2012.04.27 07:39:22.254,0.81469,0.81479,1.50,2.63
2012.04.27 07:39:23.239,0.81471,0.81479,1.50,1.32
2012.04.27 07:39:23.903,0.81472,0.81479,1.50,1.13
2012.04.27 07:39:24.163,0.8147,0.8148,1.50,1.88
2012.04.27 07:39:27.102,0.81472,0.81479,1.50,1.13
2012.04.27 07:39:28.013,0.81471,0.81479,1.50,1.13
2012.04.27 07:39:28.530,0.81472,0.81479,1.50,1.13
2012.04.27 07:39:28.602,0.8147,0.81479,1.50,1.88
2012.04.27 07:39:30.810,0.81471,0.81479,1.50,2.63
2012.04.27 07:39:32.452,0.81472,0.81479,1.50,1.50
2012.04.27 07:39:32.594,0.8147,0.81479,1.50,1.50
2012.04.27 07:39:33.779,0.81472,0.81479,1.50,1.13
2012.04.27 07:39:34.631,0.8147,0.81479,1.50,1.32
2012.04.27 07:39:35.180,0.81471,0.81479,1.50,1.13
2012.04.27 07:39:37.204,0.8147,0.81479,1.50,1.13
2012.04.27 07:39:37.511,0.81472,0.81479,1.50,1.13
2012.04.27 07:39:38.101,0.81471,0.81479,1.50,1.13
2012.04.27 07:39:38.757,0.81471,0.81479,1.50,1.88
2012.04.27 07:39:39.176,0.81468,0.81477,1.50,1.13
2012.04.27 07:39:39.697,0.81468,0.81478,1.50,2.07
2012.04.27 07:39:40.240,0.81467,0.81477,2.25,1.50
2012.04.27 07:39:40.373,0.81465,0.81475,2.82,1.50
2012.04.27 07:39:40.694,0.81468,0.81478,1.50,1.50
2012.04.27 07:39:40.833,0.81468,0.8148,3.75,1.50
2012.04.27 07:39:41.373,0.81471,0.81483,1.50,2.63
2012.04.27 07:39:41.629,0.81468,0.81477,1.50,1.50
2012.04.27 07:39:42.273,0.81468,0.81478,1.13,1.50
2012.04.27 07:39:46.923,0.81467,0.81478,2.25,1.50
2012.04.27 07:39:47.466,0.81469,0.81481,1.50,3.38
2012.04.27 07:39:47.543,0.81471,0.8148,1.50,1.13
2012.04.27 07:39:47.683,0.81469,0.8148,1.50,1.13
2012.04.27 07:39:48.201,0.81468,0.8148,1.50,1.88
2012.04.27 07:39:48.271,0.81468,0.8148,2.25,1.88
2012.04.27 07:39:48.599,0.81467,0.81479,2.25,1.88
2012.04.27 07:39:49.096,0.81466,0.81476,2.63,1.50
2012.04.27 07:39:49.861,0.81468,0.8148,2.25,2.63
2012.04.27 07:39:49.991,0.81468,0.8148,2.25,4.13
2012.04.27 07:39:50.062,0.81466,0.81478,3.19,1.50
2012.04.27 07:39:50.381,0.81466,0.81476,2.44,1.50
2012.04.27 07:39:51.302,0.81466,0.81476,3.19,1.50
2012.04.27 07:39:51.563,0.81466,0.81478,3.19,1.50
2012.04.27 07:39:52.214,0.81467,0.81479,2.25,1.50
2012.04.27 07:39:52.288,0.81467,0.81478,2.25,1.13
2012.04.27 07:39:53.742,0.81467,0.81479,2.63,1.88
2012.04.27 07:39:54.072,0.81468,0.81475,1.50,1.50
2012.04.27 07:39:54.610,0.81468,0.81475,1.50,1.50
2012.04.27 07:39:56.463,0.81466,0.81475,3.00,1.50
2012.04.27 07:39:57.511,0.81466,0.81475,3.00,1.50
2012.04.27 07:39:58.452,0.81468,0.81475,1.50,1.50
2012.04.27 07:40:00.053,0.81467,0.81479,2.63,2.63
2012.04.27 07:40:00.371,0.81467,0.81479,2.63,2.63
2012.04.27 07:40:06.790,0.81464,0.81476,2.44,1.50
2012.04.27 07:40:06.933,0.81464,0.81476,3.19,1.50
2012.04.27 07:40:07.439,0.81468,0.81479,1.50,1.78
2012.04.27 07:40:07.630,0.81469,0.81479,1.50,2.63
2012.04.27 07:40:08.180,0.8147,0.81479,1.50,1.13
2012.04.27 07:40:08.952,0.81471,0.81481,1.50,1.88
2012.04.27 07:40:09.026,0.81468,0.8148,2.44,2.63
2012.04.27 07:40:10.096,0.81469,0.81481,2.25,3.38
2012.04.27 07:40:10.354,0.81469,0.81481,2.25,3.38
2012.04.27 07:40:10.820,0.81469,0.81481,3.00,1.88
2012.04.27 07:40:11.022,0.81469,0.81481,2.25,1.88
2012.04.27 07:40:11.231,0.81469,0.81481,2.25,2.63
2012.04.27 07:40:11.934,0.81469,0.81481,2.25,2.63
2012.04.27 07:40:12.004,0.81471,0.81481,1.50,1.13
2012.04.27 07:40:12.129,0.81469,0.81479,2.25,1.88
2012.04.27 07:40:12.771,0.8147,0.8148,1.50,1.88
2012.04.27 07:40:13.435,0.81469,0.81479,2.25,1.88
2012.04.27 07:40:16.205,0.81467,0.81477,3.19,1.50
2012.04.27 07:40:18.509,0.81472,0.81481,1.50,1.50
2012.04.27 07:40:18.585,0.8147,0.81482,2.25,3.38
2012.04.27 07:40:18.663,0.81472,0.81481,1.50,1.13
2012.04.27 07:40:18.991,0.81472,0.81482,1.50,1.88
2012.04.27 07:40:19.329,0.81473,0.81482,4.50,1.88
2012.04.27 07:40:19.542,0.81474,0.81482,1.13,1.50
2012.04.27 07:40:20.182,0.81474,0.81486,2.25,2.63
2012.04.27 07:40:21.270,0.81482,0.81489,1.50,1.24
2012.04.27 07:40:21.348,0.81485,0.81493,1.50,1.32
2012.04.27 07:40:21.663,0.8148,0.81492,2.25,2.07
2012.04.27 07:40:21.911,0.81483,0.81493,1.50,1.88
2012.04.27 07:40:22.302,0.81483,0.81493,1.50,3.75
2012.04.27 07:40:22.701,0.81483,0.8149,1.50,1.50
2012.04.27 07:40:22.972,0.81478,0.81488,1.50,3.00
2012.04.27 07:40:23.352,0.8148,0.81488,1.50,1.50
2012.04.27 07:40:23.481,0.81478,0.81488,1.50,3.75
2012.04.27 07:40:24.246,0.81477,0.81488,1.50,2.63
2012.04.27 07:40:24.323,0.81479,0.81488,1.50,2.63
2012.04.27 07:40:24.892,0.8148,0.81488,1.50,1.88
2012.04.27 07:40:25.090,0.81478,0.81487,1.50,1.13
2012.04.27 07:40:25.650,0.81475,0.81487,2.25,2.63
2012.04.27 07:40:25.792,0.81477,0.81487,1.50,3.38
2012.04.27 07:40:26.302,0.81478,0.81487,1.50,1.88
2012.04.27 07:40:27.188,0.81475,0.81487,2.25,3.38
2012.04.27 07:40:27.580,0.81478,0.81487,1.50,1.88
2012.04.27 07:40:28.018,0.8148,0.81487,1.50,1.88
2012.04.27 07:40:28.210,0.81478,0.81487,1.50,1.88
2012.04.27 07:40:28.590,0.81476,0.81486,1.50,1.50
2012.04.27 07:40:29.112,0.81474,0.81484,2.25,1.50
2012.04.27 07:40:29.682,0.81473,0.81483,3.00,1.50
2012.04.27 07:40:30.201,0.81474,0.81484,2.25,1.50
2012.04.27 07:40:30.706,0.81474,0.81481,1.13,1.50
2012.04.27 07:40:31.032,0.81474,0.81483,1.13,1.50
2012.04.27 07:40:31.428,0.81475,0.81485,1.50,1.88
2012.04.27 07:40:32.109,0.81477,0.81485,2.46,1.88
2012.04.27 07:40:32.703,0.81478,0.81488,1.13,1.88
2012.04.27 07:40:33.232,0.81478,0.81488,1.13,1.88
2012.04.27 07:40:34.273,0.8148,0.8149,1.50,1.88
2012.04.27 07:40:34.832,0.81479,0.8149,1.13,1.88
2012.04.27 07:40:38.642,0.81476,0.81487,2.46,1.88
2012.04.27 07:40:39.341,0.81476,0.81488,3.96,1.88
2012.04.27 07:40:39.960,0.81476,0.81488,3.96,1.88
2012.04.27 07:40:40.289,0.81476,0.81483,2.46,1.50
2012.04.27 07:40:40.862,0.81475,0.81483,2.08,6.00
2012.04.27 07:40:41.010,0.81474,0.81483,1.50,1.50
2012.04.27 07:40:41.084,0.81473,0.81483,1.50,1.50
2012.04.27 07:40:41.230,0.81472,0.81481,1.50,1.50
2012.04.27 07:40:41.774,0.8147,0.8148,2.25,1.50
2012.04.27 07:40:41.909,0.81472,0.81482,1.50,1.50
2012.04.27 07:40:42.333,0.81471,0.8148,1.13,1.50
2012.04.27 07:40:42.951,0.81474,0.81484,1.69,1.88
2012.04.27 07:40:43.472,0.81473,0.81483,2.44,1.50
2012.04.27 07:40:43.994,0.81473,0.81483,2.25,1.50
2012.04.27 07:40:44.062,0.81471,0.81481,2.63,1.50
2012.04.27 07:40:44.614,0.8147,0.81478,1.13,1.50
2012.04.27 07:40:44.749,0.81467,0.81478,1.88,1.50
2012.04.27 07:40:44.821,0.81471,0.81481,1.50,3.38
2012.04.27 07:40:45.009,0.81469,0.81479,2.25,1.50
2012.04.27 07:40:45.341,0.81467,0.81477,1.88,1.50
2012.04.27 07:40:46.592,0.81467,0.81479,3.00,1.50
2012.04.27 07:40:47.141,0.81467,0.81477,2.25,1.50
2012.04.27 07:40:47.611,0.81466,0.81475,2.29,1.50
2012.04.27 07:40:47.940,0.8147,0.8148,1.50,1.50
2012.04.27 07:40:48.690,0.8147,0.8148,2.25,3.00
2012.04.27 07:40:49.011,0.81467,0.81477,2.25,1.50
2012.04.27 07:40:49.846,0.81466,0.81476,3.19,1.50
2012.04.27 07:40:50.874,0.81467,0.81476,1.35,1.50
2012.04.27 07:40:51.203,0.81467,0.81477,3.60,2.25
2012.04.27 07:40:51.762,0.81467,0.81478,1.50,2.25
2012.04.27 07:40:52.111,0.81467,0.81475,1.50,1.50
2012.04.27 07:40:53.093,0.81465,0.81473,1.50,1.50
2012.04.27 07:40:53.164,0.81463,0.81473,2.03,1.50
2012.04.27 07:40:53.710,0.81464,0.81472,1.13,1.50
2012.04.27 07:40:53.959,0.81463,0.81475,2.63,3.00
2012.04.27 07:40:54.361,0.81463,0.81473,1.13,1.50
2012.04.27 07:40:54.893,0.81462,0.81473,1.13,1.50
2012.04.27 07:40:55.421,0.81461,0.81472,1.88,1.50
2012.04.27 07:40:55.964,0.81463,0.81473,1.50,1.50
2012.04.27 07:40:56.582,0.81463,0.81475,3.00,2.25
2012.04.27 07:40:56.656,0.81464,0.81476,2.25,1.88
2012.04.27 07:40:57.110,0.81465,0.81473,1.50,1.50
2012.04.27 07:40:57.254,0.81464,0.81476,2.25,1.50
2012.04.27 07:40:57.381,0.81468,0.81477,1.50,1.50
2012.04.27 07:40:57.911,0.81467,0.81477,1.50,3.75
2012.04.27 07:40:57.982,0.81463,0.81475,1.50,1.50
2012.04.27 07:40:58.053,0.81462,0.81473,1.50,1.50
2012.04.27 07:40:58.393,0.81462,0.81472,1.50,1.50
2012.04.27 07:40:58.594,0.81464,0.81475,1.50,1.50
2012.04.27 07:40:59.407,0.81467,0.81477,1.50,2.63
2012.04.27 07:40:59.731,0.81469,0.81479,1.50,2.16
2012.04.27 07:41:00.140,0.81465,0.81477,3.00,1.50
2012.04.27 07:41:00.661,0.81466,0.81478,1.50,1.88
2012.04.27 07:41:01.219,0.81465,0.81477,3.00,1.50
2012.04.27 07:41:01.752,0.81466,0.81478,2.25,1.88
2012.04.27 07:41:01.881,0.81469,0.8148,1.50,2.63
2012.04.27 07:41:02.351,0.81472,0.8148,1.50,3.28
2012.04.27 07:41:02.490,0.81469,0.81478,1.50,1.13
2012.04.27 07:41:03.002,0.81466,0.81478,1.50,2.63
2012.04.27 07:41:03.983,0.8147,0.81478,1.50,1.13
2012.04.27 07:41:05.462,0.81468,0.8148,1.50,4.03
2012.04.27 07:41:05.532,0.8147,0.8148,1.50,4.03
2012.04.27 07:41:06.039,0.81472,0.8148,1.50,1.88
2012.04.27 07:41:06.593,0.81471,0.8148,1.50,1.88
2012.04.27 07:41:07.763,0.81468,0.8148,1.50,5.83
2012.04.27 07:41:07.890,0.81466,0.81478,3.75,2.25
2012.04.27 07:41:08.089,0.81469,0.81479,1.50,2.25
2012.04.27 07:41:08.668,0.81468,0.8148,1.50,5.46
2012.04.27 07:41:09.340,0.8147,0.8148,1.50,5.46
2012.04.27 07:41:11.121,0.8147,0.81478,1.50,1.88
2012.04.27 07:41:11.676,0.81466,0.81478,2.25,3.75
2012.04.27 07:41:11.870,0.81464,0.81474,3.75,1.50
2012.04.27 07:41:12.180,0.81464,0.81472,1.50,1.50
2012.04.27 07:41:12.431,0.81464,0.81475,1.50,1.50
2012.04.27 07:41:13.089,0.81464,0.81476,3.00,1.88
2012.04.27 07:41:13.648,0.81464,0.81474,3.00,1.50
2012.04.27 07:41:14.169,0.81464,0.81473,1.50,1.50
2012.04.27 07:41:14.719,0.81464,0.81474,3.00,1.50
2012.04.27 07:41:15.053,0.81463,0.81472,1.50,1.50
2012.04.27 07:41:15.252,0.81462,0.81472,1.50,1.50
2012.04.27 07:41:19.913,0.81462,0.81472,1.50,1.50
2012.04.27 07:41:20.502,0.81462,0.81472,1.50,1.88
2012.04.27 07:41:21.535,0.81461,0.81472,2.25,1.88
2012.04.27 07:41:22.034,0.81461,0.81469,1.50,1.50
2012.04.27 07:41:22.104,0.81461,0.81473,3.00,1.88
2012.04.27 07:41:22.830,0.81462,0.81471,1.50,1.50
2012.04.27 07:41:23.141,0.81462,0.81471,1.88,1.50
2012.04.27 07:41:23.401,0.81463,0.81475,3.00,3.00
2012.04.27 07:41:24.284,0.81463,0.81473,3.75,1.88
2012.04.27 07:41:25.400,0.81462,0.81471,1.50,1.50
2012.04.27 07:41:26.378,0.81462,0.81472,3.00,1.88
2012.04.27 07:41:27.530,0.81462,0.81474,3.75,1.88
2012.04.27 07:41:28.242,0.81462,0.81474,3.75,1.88
2012.04.27 07:41:28.760,0.81462,0.81474,4.13,1.88
2012.04.27 07:41:28.829,0.81468,0.81478,1.50,4.93
2012.04.27 07:41:29.139,0.81463,0.81475,2.25,1.88
2012.04.27 07:41:29.691,0.81462,0.81474,3.00,1.88
2012.04.27 07:41:29.759,0.81462,0.81474,3.00,1.88
2012.04.27 07:41:29.831,0.8147,0.81478,1.50,3.13
2012.04.27 07:41:29.900,0.81463,0.81473,2.25,1.88
2012.04.27 07:41:30.041,0.8147,0.81478,1.50,3.13
2012.04.27 07:41:30.229,0.81464,0.81473,1.50,1.88
2012.04.27 07:41:30.359,0.81468,0.81478,1.50,3.51
2012.04.27 07:41:30.672,0.81463,0.81473,3.00,1.88
2012.04.27 07:41:31.040,0.8147,0.81478,1.50,3.13
2012.04.27 07:41:31.992,0.81468,0.81478,1.50,3.51
2012.04.27 07:41:33.526,0.81463,0.81475,3.00,1.88
2012.04.27 07:41:34.497,0.81469,0.81478,1.50,2.78
2012.04.27 07:41:34.757,0.81463,0.81475,3.75,1.88
2012.04.27 07:41:34.885,0.81467,0.81477,1.50,1.88
2012.04.27 07:41:35.365,0.81469,0.81478,1.50,2.78
2012.04.27 07:41:36.702,0.81469,0.81478,1.50,2.78
2012.04.27 07:41:37.224,0.81468,0.81476,1.50,1.43
2012.04.27 07:41:38.167,0.81468,0.81477,1.50,1.13
2012.04.27 07:41:38.594,0.81472,0.81479,1.50,1.32
2012.04.27 07:41:39.714,0.81472,0.81479,1.50,1.32
2012.04.27 07:41:40.653,0.81472,0.81479,1.50,1.13
2012.04.27 07:41:41.714,0.81472,0.81479,1.50,1.13
2012.04.27 07:41:42.208,0.81469,0.81478,1.50,1.13
2012.04.27 07:41:42.525,0.81466,0.81476,2.25,1.88
2012.04.27 07:41:42.977,0.81465,0.81474,1.13,1.50
2012.04.27 07:41:43.485,0.81464,0.81476,2.25,1.88
2012.04.27 07:41:43.563,0.81467,0.81477,1.50,2.63
2012.04.27 07:41:44.054,0.81465,0.81477,2.25,2.63
2012.04.27 07:41:44.564,0.81466,0.81477,1.50,1.13
2012.04.27 07:41:46.796,0.81464,0.81474,1.50,1.69
2012.04.27 07:41:47.360,0.81465,0.81475,1.50,2.25
2012.04.27 07:41:47.441,0.81463,0.81475,2.25,2.25
2012.04.27 07:41:47.517,0.81466,0.81476,1.50,2.25
2012.04.27 07:41:47.589,0.81462,0.81472,3.75,1.50
2012.04.27 07:41:47.997,0.8146,0.81471,2.25,1.50
2012.04.27 07:41:48.068,0.8146,0.81471,2.25,1.50
2012.04.27 07:41:48.625,0.8146,0.81471,1.50,1.50
2012.04.27 07:41:48.837,0.81459,0.81471,1.50,1.50
2012.04.27 07:41:49.326,0.81458,0.81468,1.35,1.50
2012.04.27 07:41:49.676,0.81459,0.81468,1.50,1.50
2012.04.27 07:41:50.328,0.8146,0.8147,2.25,1.50
2012.04.27 07:41:50.542,0.81458,0.81467,1.35,1.50
2012.04.27 07:41:52.116,0.81458,0.81468,2.25,1.50
2012.04.27 07:41:52.675,0.81457,0.81467,2.44,1.50
2012.04.27 07:41:53.195,0.81458,0.81468,2.25,1.50
2012.04.27 07:41:53.327,0.8146,0.8147,2.25,2.63
2012.04.27 07:41:53.574,0.81457,0.81467,3.19,1.50
2012.04.27 07:41:53.764,0.81457,0.81467,3.19,1.50
2012.04.27 07:41:54.077,0.81459,0.81469,1.50,2.25
2012.04.27 07:41:54.420,0.81459,0.81467,1.50,1.13
2012.04.27 07:41:54.695,0.81455,0.81464,1.50,1.50
2012.04.27 07:41:55.191,0.8146,0.81469,1.50,1.50
2012.04.27 07:41:55.542,0.81462,0.8147,1.50,1.13
2012.04.27 07:41:56.044,0.81461,0.8147,1.50,1.13
2012.04.27 07:41:56.577,0.81456,0.81468,3.00,1.50
2012.04.27 07:41:57.037,0.81457,0.81468,1.50,1.50
2012.04.27 07:41:57.179,0.81459,0.81471,2.25,2.63
2012.04.27 07:41:57.246,0.81459,0.81467,1.50,1.50
2012.04.27 07:41:57.803,0.81459,0.81467,1.35,1.50
2012.04.27 07:41:59.820,0.81459,0.81469,2.25,1.50
2012.04.27 07:42:00.800,0.81459,0.8147,2.25,1.13
2012.04.27 07:42:01.405,0.81459,0.81471,2.25,1.88
2012.04.27 07:42:01.961,0.81459,0.81471,2.25,1.88
2012.04.27 07:42:02.959,0.81458,0.8147,2.25,2.63
2012.04.27 07:42:03.813,0.81456,0.81466,3.00,1.50
2012.04.27 07:42:04.167,0.81456,0.81466,3.00,1.50
2012.04.27 07:42:04.379,0.81453,0.81465,2.25,1.50
2012.04.27 07:42:04.658,0.81451,0.81463,3.75,1.50
2012.04.27 07:42:04.986,0.81452,0.81463,2.59,1.50
2012.04.27 07:42:05.174,0.81455,0.81465,2.25,1.50
2012.04.27 07:42:05.507,0.81453,0.81463,2.25,1.50
2012.04.27 07:42:06.192,0.81453,0.81463,2.63,1.50
2012.04.27 07:42:06.282,0.81454,0.81464,2.25,1.50
2012.04.27 07:42:06.568,0.81451,0.81461,3.00,1.50
2012.04.27 07:42:06.825,0.81451,0.81461,2.25,1.50
2012.04.27 07:42:07.239,0.81448,0.81458,2.10,1.50
2012.04.27 07:42:07.715,0.81449,0.8146,2.25,1.50
2012.04.27 07:42:08.177,0.81449,0.81461,2.63,3.00
2012.04.27 07:42:08.736,0.81449,0.81459,3.38,1.50
2012.04.27 07:42:09.304,0.81449,0.81459,3.00,1.50
2012.04.27 07:42:09.926,0.81449,0.81459,3.00,3.38
2012.04.27 07:42:10.127,0.81449,0.81459,2.25,2.63
2012.04.27 07:42:10.270,0.8145,0.81461,1.50,1.50
2012.04.27 07:42:10.777,0.8145,0.81461,1.50,1.50
2012.04.27 07:42:10.983,0.81451,0.81461,2.25,1.50
2012.04.27 07:42:11.683,0.81452,0.81461,2.25,1.50
2012.04.27 07:42:11.767,0.81456,0.81467,2.25,1.13
2012.04.27 07:42:11.977,0.81457,0.81467,1.50,2.63
2012.04.27 07:42:12.517,0.81456,0.81467,2.25,1.13
2012.04.27 07:42:12.968,0.81454,0.81464,2.25,1.50
2012.04.27 07:42:13.176,0.81454,0.81464,2.25,1.50
2012.04.27 07:42:14.405,0.81455,0.81465,3.00,1.50
2012.04.27 07:42:14.480,0.81456,0.81468,3.00,2.63
2012.04.27 07:42:15.445,0.81456,0.81468,2.25,2.63
2012.04.27 07:42:16.064,0.81455,0.81467,3.00,2.63
2012.04.27 07:42:16.194,0.81457,0.81467,1.50,2.63
2012.04.27 07:42:16.667,0.81455,0.81467,2.25,1.88
2012.04.27 07:42:17.768,0.81455,0.81467,3.00,1.50
2012.04.27 07:42:17.969,0.81458,0.81468,1.50,3.38
2012.04.27 07:42:19.180,0.81458,0.81467,1.50,1.50
2012.04.27 07:42:19.260,0.81455,0.81467,2.25,4.13
2012.04.27 07:42:19.531,0.81453,0.81465,2.25,1.50
2012.04.27 07:42:19.987,0.81457,0.81467,1.50,1.50
2012.04.27 07:42:20.497,0.81456,0.81466,1.50,2.25
2012.04.27 07:42:21.085,0.81454,0.81464,1.50,1.50
2012.04.27 07:42:21.997,0.81454,0.81464,1.50,2.25
2012.04.27 07:42:22.266,0.81451,0.81463,2.25,2.25
2012.04.27 07:42:22.394,0.81451,0.81461,2.25,1.50
2012.04.27 07:42:22.706,0.81453,0.81463,2.25,2.25
2012.04.27 07:42:23.040,0.81456,0.81465,1.50,2.63
2012.04.27 07:42:23.402,0.81456,0.81466,1.50,2.63
2012.04.27 07:42:23.939,0.81456,0.81467,1.88,1.13
2012.04.27 07:42:24.018,0.81462,0.81468,1.50,1.50
2012.04.27 07:42:24.525,0.81461,0.81468,1.50,1.50
2012.04.27 07:42:25.256,0.8146,0.81468,1.50,1.50
2012.04.27 07:42:25.804,0.81459,0.81468,1.50,1.50
2012.04.27 07:42:26.365,0.8146,0.81468,1.50,1.50
2012.04.27 07:42:27.102,0.81459,0.81468,1.50,1.50
2012.04.27 07:42:27.427,0.81453,0.81463,1.32,1.50
2012.04.27 07:42:27.616,0.81453,0.81465,2.82,1.50
2012.04.27 07:42:28.299,0.81454,0.81466,2.25,2.25
2012.04.27 07:42:28.434,0.81454,0.81464,2.25,1.50
2012.04.27 07:42:28.780,0.81452,0.81462,4.50,1.50
2012.04.27 07:42:28.918,0.81454,0.81465,1.50,2.25
2012.04.27 07:42:29.446,0.81455,0.81464,1.50,2.25
2012.04.27 07:42:31.114,0.81456,0.81464,1.50,2.63
2012.04.27 07:42:31.544,0.81453,0.81464,1.50,2.63
2012.04.27 07:42:32.906,0.8145,0.8146,2.25,1.50
2012.04.27 07:42:33.416,0.81449,0.81459,2.63,1.50
2012.04.27 07:42:34.180,0.81448,0.81457,4.92,1.50
2012.04.27 07:42:34.258,0.81448,0.81459,4.92,1.50
2012.04.27 07:42:34.774,0.8145,0.8146,2.25,1.50
2012.04.27 07:42:34.845,0.8145,0.81462,2.25,1.50
2012.04.27 07:42:36.065,0.8145,0.81459,1.50,1.50
2012.04.27 07:42:36.205,0.81449,0.81461,3.38,1.50
2012.04.27 07:42:36.395,0.81453,0.81463,1.50,3.38
2012.04.27 07:42:36.776,0.81451,0.81461,1.50,1.50
2012.04.27 07:42:37.307,0.81451,0.81463,1.50,4.50
2012.04.27 07:42:37.836,0.81453,0.81463,1.50,2.63
2012.04.27 07:42:38.385,0.81452,0.81462,2.25,1.50
2012.04.27 07:42:38.895,0.81451,0.81461,1.50,1.50
2012.04.27 07:42:39.704,0.81452,0.81463,1.50,1.13
2012.04.27 07:42:40.530,0.81452,0.81464,3.19,2.25
2012.04.27 07:42:40.749,0.81455,0.81465,1.50,3.00
2012.04.27 07:42:41.425,0.81456,0.81466,1.50,2.07
2012.04.27 07:42:41.772,0.81454,0.81464,2.25,1.50
2012.04.27 07:42:42.324,0.81455,0.81465,1.50,2.25
2012.04.27 07:42:44.162,0.81457,0.81465,1.50,1.13
2012.04.27 07:42:44.533,0.81455,0.81465,1.50,1.13
2012.04.27 07:42:45.036,0.81456,0.81465,1.50,1.13
2012.04.27 07:42:46.525,0.81456,0.81468,1.50,3.00
2012.04.27 07:42:46.595,0.81456,0.81466,1.50,1.50
2012.04.27 07:42:49.054,0.81457,0.81467,1.50,1.50
2012.04.27 07:42:49.814,0.81456,0.81466,1.50,1.50
2012.04.27 07:42:50.376,0.81455,0.81467,1.50,1.69
2012.04.27 07:42:50.707,0.81454,0.81464,2.25,1.50
2012.04.27 07:42:51.231,0.81455,0.81465,1.50,1.50
2012.04.27 07:42:51.586,0.81455,0.81465,1.50,2.63
2012.04.27 07:42:51.657,0.81453,0.81465,2.25,2.63
2012.04.27 07:42:52.875,0.81455,0.81465,1.50,3.38
2012.04.27 07:42:53.606,0.81454,0.81464,1.50,2.25
2012.04.27 07:42:54.671,0.81456,0.81466,1.50,2.63
2012.04.27 07:42:55.997,0.81457,0.81465,1.50,1.13
2012.04.27 07:42:58.007,0.81457,0.81467,1.50,3.00
2012.04.27 07:42:58.288,0.8146,0.81468,1.50,1.50
2012.04.27 07:42:58.831,0.81453,0.81465,2.44,1.50
2012.04.27 07:42:59.050,0.81456,0.81468,1.88,3.38
2012.04.27 07:43:00.061,0.81461,0.81468,1.50,1.13
2012.04.27 07:43:00.767,0.8146,0.81468,1.50,1.13
2012.04.27 07:43:01.115,0.81462,0.81468,1.50,1.13
2012.04.27 07:43:02.968,0.81459,0.81469,2.25,1.50
2012.04.27 07:43:03.430,0.81462,0.81469,1.50,1.88
2012.04.27 07:43:03.996,0.8146,0.81469,1.50,1.88
2012.04.27 07:43:04.136,0.81462,0.81469,1.50,1.88
2012.04.27 07:43:05.492,0.8146,0.81469,1.50,1.13
2012.04.27 07:43:06.075,0.81456,0.81466,1.50,1.50
2012.04.27 07:43:06.617,0.81457,0.81467,1.50,3.00
2012.04.27 07:43:07.226,0.81456,0.81466,1.50,1.50
2012.04.27 07:43:07.476,0.81454,0.81464,3.00,1.50
2012.04.27 07:43:07.855,0.81454,0.81462,1.50,1.50
2012.04.27 07:43:07.986,0.81454,0.81466,3.00,1.50
2012.04.27 07:43:09.084,0.81454,0.81466,1.50,4.71
2012.04.27 07:43:09.637,0.81457,0.81465,1.50,1.50
2012.04.27 07:43:09.958,0.81455,0.81466,1.50,3.75
2012.04.27 07:43:10.485,0.81454,0.81464,1.50,1.50
2012.04.27 07:43:13.076,0.81454,0.81461,1.50,1.13
2012.04.27 07:43:13.540,0.81449,0.81459,1.69,1.50
2012.04.27 07:43:14.050,0.8145,0.8146,2.25,4.13
2012.04.27 07:43:14.515,0.81448,0.8146,2.25,4.88
2012.04.27 07:43:15.258,0.81447,0.81457,2.25,1.50
2012.04.27 07:43:16.106,0.81448,0.81458,2.25,1.50
2012.04.27 07:43:16.695,0.81447,0.81458,1.13,1.50
2012.04.27 07:43:17.207,0.81447,0.81459,2.63,1.50
2012.04.27 07:43:17.724,0.81447,0.81458,1.13,1.50
2012.04.27 07:43:18.051,0.81449,0.81458,1.35,1.50
2012.04.27 07:43:18.329,0.8145,0.81461,1.50,1.50
2012.04.27 07:43:19.235,0.81452,0.81462,2.25,1.50
2012.04.27 07:43:19.755,0.81451,0.81461,2.25,1.50
2012.04.27 07:43:20.178,0.81451,0.81461,3.19,1.50
2012.04.27 07:43:20.579,0.81452,0.81463,1.50,1.50
2012.04.27 07:43:20.925,0.81452,0.81463,1.50,1.50
2012.04.27 07:43:21.819,0.81452,0.81462,2.25,1.50
2012.04.27 07:43:21.893,0.81453,0.81465,2.25,1.50
2012.04.27 07:43:22.421,0.81455,0.81465,1.50,1.50
2012.04.27 07:43:22.708,0.81453,0.81465,2.25,1.50
2012.04.27 07:43:23.044,0.81452,0.81462,3.75,1.50
2012.04.27 07:43:23.115,0.81452,0.81464,3.75,1.50
2012.04.27 07:43:23.245,0.81452,0.81462,3.75,1.50
2012.04.27 07:43:23.694,0.81452,0.81464,3.75,1.50
2012.04.27 07:43:23.967,0.81452,0.81463,2.44,1.50
2012.04.27 07:43:24.255,0.81455,0.81465,2.46,1.50
2012.04.27 07:43:24.851,0.81457,0.81469,2.44,1.88
2012.04.27 07:43:25.071,0.81459,0.8147,1.50,1.32
2012.04.27 07:43:25.405,0.81461,0.8147,1.50,2.44
2012.04.27 07:43:27.695,0.81458,0.8147,1.50,2.63
2012.04.27 07:43:27.768,0.81456,0.8147,2.25,1.32
2012.04.27 07:43:28.085,0.81459,0.81469,1.50,1.50
2012.04.27 07:43:28.975,0.81457,0.81468,1.50,1.13
2012.04.27 07:43:29.045,0.81455,0.81468,2.25,1.13
2012.04.27 07:43:29.475,0.81458,0.81468,1.50,2.63
2012.04.27 07:43:30.027,0.81459,0.81469,1.50,2.63
2012.04.27 07:43:30.791,0.81458,0.8147,1.50,1.88
2012.04.27 07:43:31.125,0.81462,0.81471,1.50,1.13
2012.04.27 07:43:31.844,0.81461,0.81471,1.50,2.78
2012.04.27 07:43:31.920,0.81458,0.81469,1.50,2.44
2012.04.27 07:43:32.175,0.81455,0.81465,1.50,1.50
2012.04.27 07:43:32.245,0.81455,0.81466,1.50,1.50
2012.04.27 07:43:33.469,0.81458,0.81468,1.50,2.63
2012.04.27 07:43:34.029,0.81457,0.81467,1.50,1.50
2012.04.27 07:43:34.357,0.81454,0.81464,2.25,1.50
2012.04.27 07:43:34.545,0.81454,0.81466,2.25,1.50
2012.04.27 07:43:35.066,0.81456,0.81466,1.50,2.25
2012.04.27 07:43:35.568,0.81454,0.81466,2.25,2.25
2012.04.27 07:43:35.635,0.81457,0.81467,1.50,3.00
2012.04.27 07:43:35.867,0.81455,0.81467,2.25,2.25
2012.04.27 07:43:36.561,0.81457,0.81467,1.50,2.44
2012.04.27 07:43:37.105,0.81456,0.81466,1.50,1.69
2012.04.27 07:43:37.774,0.81454,0.81464,1.50,1.50
2012.04.27 07:43:38.336,0.81452,0.81463,1.69,1.50
2012.04.27 07:43:38.847,0.81451,0.81463,3.00,1.50
2012.04.27 07:43:39.306,0.81454,0.81466,1.50,3.57
2012.04.27 07:43:39.826,0.81454,0.81464,1.50,1.50
2012.04.27 07:43:40.387,0.81455,0.81465,1.50,1.50
2012.04.27 07:43:40.886,0.81452,0.81462,2.44,1.50
2012.04.27 07:43:41.214,0.81451,0.8146,1.13,1.50
2012.04.27 07:43:41.605,0.81451,0.81463,2.63,1.50
2012.04.27 07:43:41.939,0.81451,0.81461,2.63,1.50
2012.04.27 07:43:42.606,0.81452,0.81462,2.25,1.50
2012.04.27 07:43:42.945,0.81456,0.81467,1.50,2.25
2012.04.27 07:43:43.265,0.81455,0.81464,1.13,1.50
2012.04.27 07:43:43.635,0.81455,0.81466,1.13,1.50
2012.04.27 07:43:44.178,0.81457,0.81467,1.50,2.25
2012.04.27 07:43:44.498,0.81455,0.81467,1.50,2.25
2012.04.27 07:43:45.079,0.81455,0.81466,1.50,1.50
2012.04.27 07:43:45.636,0.81455,0.81466,1.50,2.63
2012.04.27 07:43:46.148,0.81454,0.81464,2.44,1.50
2012.04.27 07:43:46.357,0.81454,0.81466,2.44,1.88
2012.04.27 07:43:46.496,0.81455,0.81465,2.44,1.50
2012.04.27 07:43:47.263,0.8146,0.81468,1.50,1.13
2012.04.27 07:43:48.655,0.81459,0.81468,1.50,1.13
2012.04.27 07:43:49.463,0.8146,0.81468,1.50,1.13
2012.04.27 07:43:49.986,0.81462,0.81468,1.50,1.13
2012.04.27 07:43:50.055,0.81458,0.81468,1.50,2.63
2012.04.27 07:43:50.605,0.81458,0.81468,1.50,2.63
2012.04.27 07:43:51.416,0.81457,0.81469,1.50,3.00
2012.04.27 07:43:52.968,0.81456,0.81468,2.25,3.00
2012.04.27 07:43:53.647,0.81456,0.81466,2.25,1.50
2012.04.27 07:43:53.906,0.81454,0.81465,1.13,1.50
2012.04.27 07:43:54.725,0.81453,0.81464,2.25,1.13
2012.04.27 07:43:54.803,0.8145,0.81462,3.94,1.50
2012.04.27 07:43:55.157,0.81455,0.81463,1.50,1.13
2012.04.27 07:43:55.706,0.81454,0.81463,1.50,1.88
2012.04.27 07:43:56.225,0.81455,0.81463,1.50,1.13
2012.04.27 07:43:57.105,0.81456,0.81463,1.50,1.13
2012.04.27 07:43:57.873,0.81455,0.81463,1.50,1.13
2012.04.27 07:43:57.950,0.81453,0.81463,1.50,1.13
2012.04.27 07:43:58.083,0.81451,0.81463,2.25,2.63
2012.04.27 07:43:58.597,0.8145,0.81462,2.63,1.50
2012.04.27 07:43:59.084,0.81455,0.81465,1.50,2.25
2012.04.27 07:43:59.394,0.81453,0.81463,1.50,2.63
2012.04.27 07:43:59.719,0.81453,0.81463,1.50,3.00
2012.04.27 07:43:59.974,0.8145,0.81461,1.13,1.50
2012.04.27 07:44:00.544,0.8145,0.81461,1.13,1.50
2012.04.27 07:44:01.308,0.81452,0.81462,1.50,1.50
2012.04.27 07:44:01.868,0.81451,0.81461,2.25,1.50
2012.04.27 07:44:03.768,0.81452,0.81462,1.50,1.50
2012.04.27 07:44:04.564,0.81451,0.81461,2.25,1.50
2012.04.27 07:44:04.642,0.81453,0.81463,1.50,1.50
2012.04.27 07:44:04.994,0.81453,0.81463,1.50,1.88
2012.04.27 07:44:07.824,0.81453,0.81463,1.50,1.88
2012.04.27 07:44:11.466,0.81454,0.81462,1.50,1.13
2012.04.27 07:44:12.227,0.81454,0.81463,1.50,1.69
2012.04.27 07:44:13.074,0.81454,0.81463,1.50,1.13
2012.04.27 07:44:13.567,0.81458,0.81465,1.50,1.13
2012.04.27 07:44:13.777,0.8146,0.81468,1.50,1.41
2012.04.27 07:44:13.907,0.81457,0.81469,2.25,3.00
2012.04.27 07:44:14.419,0.81456,0.81468,2.25,1.88
2012.04.27 07:44:14.700,0.81457,0.81468,1.13,1.88
2012.04.27 07:44:15.557,0.81459,0.81471,2.25,2.63
2012.04.27 07:44:16.087,0.81459,0.81471,2.25,1.88
2012.04.27 07:44:16.229,0.81462,0.81472,1.50,4.32
2012.04.27 07:44:16.540,0.81465,0.81472,1.50,2.07
2012.04.27 07:44:17.044,0.81464,0.81472,1.50,2.82
2012.04.27 07:44:17.527,0.81464,0.81472,1.50,1.13
2012.04.27 07:44:18.066,0.81464,0.81473,1.50,1.13
2012.04.27 07:44:18.640,0.81464,0.81474,1.50,1.88
2012.04.27 07:44:18.711,0.81464,0.81475,1.50,2.40
2012.04.27 07:44:19.497,0.81464,0.81475,1.50,1.65
2012.04.27 07:44:20.016,0.81465,0.81475,1.50,2.78
2012.04.27 07:44:20.566,0.81464,0.81474,1.50,2.25
2012.04.27 07:44:20.876,0.81462,0.81474,1.50,2.63
2012.04.27 07:44:21.656,0.81462,0.81473,1.50,1.13
2012.04.27 07:44:22.164,0.81461,0.81473,2.25,3.75
2012.04.27 07:44:26.685,0.81461,0.81471,2.25,1.69
2012.04.27 07:44:27.224,0.81461,0.81469,1.50,1.50
2012.04.27 07:44:27.558,0.81459,0.81469,1.50,3.00
2012.04.27 07:44:27.761,0.81457,0.81469,1.50,2.63
2012.04.27 07:44:28.305,0.81457,0.81467,1.50,1.50
2012.04.27 07:44:29.070,0.81458,0.81468,1.50,2.25
2012.04.27 07:44:29.822,0.81454,0.81466,2.25,1.50
2012.04.27 07:44:30.357,0.81453,0.81465,2.25,1.50
2012.04.27 07:44:30.908,0.81455,0.81465,1.50,1.50
2012.04.27 07:44:31.117,0.81457,0.81467,2.25,1.50
2012.04.27 07:44:31.258,0.81458,0.81469,1.50,2.25
2012.04.27 07:44:32.180,0.8146,0.81469,1.50,2.25
2012.04.27 07:44:32.770,0.81457,0.81467,2.25,1.50
2012.04.27 07:44:33.406,0.81455,0.81467,2.25,1.50
2012.04.27 07:44:33.594,0.81458,0.81468,1.50,1.69
2012.04.27 07:44:34.027,0.81462,0.81469,1.50,1.13
2012.04.27 07:44:34.574,0.81454,0.81466,3.38,1.50
2012.04.27 07:44:35.126,0.81454,0.81464,1.13,1.50
2012.04.27 07:44:35.736,0.81456,0.81465,1.13,1.50
2012.04.27 07:44:36.382,0.81456,0.81465,1.13,1.50
2012.04.27 07:44:37.393,0.81456,0.81465,1.13,1.50
2012.04.27 07:44:37.465,0.81457,0.81469,1.50,3.38
2012.04.27 07:44:37.975,0.81457,0.81469,1.50,1.50
2012.04.27 07:44:38.048,0.81461,0.8147,1.50,1.88
2012.04.27 07:44:38.594,0.81459,0.81469,1.50,1.88
2012.04.27 07:44:39.047,0.81457,0.81467,2.25,1.50
2012.04.27 07:44:39.898,0.81456,0.81466,1.50,1.50
2012.04.27 07:44:40.216,0.81454,0.81464,2.25,1.50
2012.04.27 07:44:41.035,0.81455,0.81465,2.25,1.50
2012.04.27 07:44:41.566,0.81454,0.81464,2.25,1.50
2012.04.27 07:44:42.036,0.81454,0.81466,2.25,1.88
2012.04.27 07:44:42.594,0.81456,0.81466,1.50,1.88
2012.04.27 07:44:44.215,0.81454,0.81464,2.44,1.50
2012.04.27 07:44:44.583,0.81454,0.81466,2.44,1.88
2012.04.27 07:44:45.076,0.81454,0.81464,2.44,1.50
2012.04.27 07:44:45.623,0.81455,0.81465,2.25,1.50
2012.04.27 07:44:47.047,0.81456,0.81466,1.50,1.50
2012.04.27 07:44:47.628,0.81453,0.81465,3.94,1.50
2012.04.27 07:44:48.211,0.81455,0.81465,2.25,1.50
2012.04.27 07:44:49.585,0.81456,0.81468,2.25,2.25
2012.04.27 07:44:50.136,0.81456,0.81468,2.63,1.50
2012.04.27 07:44:50.643,0.81456,0.81466,2.63,1.50
2012.04.27 07:44:51.194,0.81457,0.81467,2.25,1.50
2012.04.27 07:44:51.743,0.81456,0.81466,1.88,1.50
2012.04.27 07:44:51.935,0.81456,0.81468,1.88,1.50
2012.04.27 07:44:52.358,0.81456,0.81466,1.88,1.50
2012.04.27 07:44:52.992,0.81455,0.81465,2.44,1.50
2012.04.27 07:44:54.348,0.81457,0.81468,1.50,1.88
2012.04.27 07:44:54.875,0.81457,0.81467,1.50,1.50
2012.04.27 07:44:55.850,0.81457,0.81468,1.50,1.13
2012.04.27 07:44:56.369,0.81456,0.81466,2.25,1.50
2012.04.27 07:44:56.575,0.81456,0.81468,2.25,2.63
2012.04.27 07:44:57.146,0.81457,0.81468,1.50,1.13
2012.04.27 07:44:57.704,0.81457,0.81467,1.50,1.50
2012.04.27 07:44:58.224,0.81458,0.81468,1.50,1.88
2012.04.27 07:44:59.116,0.81456,0.81468,2.25,1.88
2012.04.27 07:45:00.039,0.81455,0.81464,1.13,1.50
2012.04.27 07:45:00.465,0.81455,0.81466,1.13,1.50
2012.04.27 07:45:01.106,0.81456,0.81466,1.50,1.50
2012.04.27 07:45:01.247,0.81457,0.81467,2.25,1.50
2012.04.27 07:45:01.575,0.81461,0.81469,1.50,1.13
2012.04.27 07:45:01.826,0.81459,0.81468,1.50,1.88
2012.04.27 07:45:02.075,0.81457,0.81469,1.50,3.38
2012.04.27 07:45:02.266,0.81459,0.81469,1.50,1.13
2012.04.27 07:45:02.825,0.81461,0.8147,1.50,1.50
2012.04.27 07:45:03.334,0.8146,0.81471,1.50,1.88
2012.04.27 07:45:03.647,0.81462,0.8147,1.50,1.88
2012.04.27 07:45:03.916,0.81454,0.81464,3.00,1.50
2012.04.27 07:45:04.944,0.81454,0.81464,2.46,1.50
2012.04.27 07:45:05.019,0.81455,0.81466,1.69,1.50
2012.04.27 07:45:05.650,0.81454,0.81466,1.50,2.63
2012.04.27 07:45:06.197,0.81453,0.81466,1.50,3.19
2012.04.27 07:45:06.608,0.81451,0.81464,1.50,2.25
2012.04.27 07:45:07.168,0.81452,0.81463,1.50,1.50
2012.04.27 07:45:07.379,0.8145,0.81462,2.25,1.50
2012.04.27 07:45:07.659,0.81448,0.81459,3.98,1.50
2012.04.27 07:45:08.216,0.81447,0.81459,1.50,2.44
2012.04.27 07:45:08.769,0.81446,0.81458,1.50,1.50
2012.04.27 07:45:09.428,0.81447,0.81458,1.50,1.50
2012.04.27 07:45:10.157,0.81447,0.81458,1.50,1.50
2012.04.27 07:45:10.684,0.81449,0.81459,1.50,1.69
2012.04.27 07:45:11.249,0.81452,0.81458,1.50,1.13
2012.04.27 07:45:11.766,0.81451,0.81458,1.50,1.13
2012.04.27 07:45:12.631,0.81448,0.8146,1.50,3.57
2012.04.27 07:45:12.709,0.8145,0.81459,1.50,1.13
2012.04.27 07:45:13.342,0.81454,0.81461,1.50,2.07
2012.04.27 07:45:13.679,0.81455,0.8146,1.50,1.52
2012.04.27 07:45:13.805,0.81453,0.8146,1.50,1.71
2012.04.27 07:45:14.368,0.81454,0.8146,1.50,1.71
2012.04.27 07:45:14.905,0.81454,0.81461,1.50,2.83
2012.04.27 07:45:16.544,0.81453,0.81461,1.50,2.83
2012.04.27 07:45:17.428,0.81453,0.81459,1.50,2.46
2012.04.27 07:45:17.709,0.8145,0.81459,1.50,2.46
2012.04.27 07:45:18.005,0.81453,0.8146,1.50,1.13
2012.04.27 07:45:18.357,0.81455,0.81461,1.50,2.25
2012.04.27 07:45:18.876,0.81454,0.81461,1.50,2.25
2012.04.27 07:45:19.461,0.8145,0.81461,1.50,1.88
2012.04.27 07:45:19.907,0.81452,0.81461,1.50,1.13
2012.04.27 07:45:20.237,0.81455,0.81462,1.50,1.13
2012.04.27 07:45:20.485,0.81455,0.81463,1.50,2.07
2012.04.27 07:45:20.739,0.81448,0.81458,1.88,1.50
2012.04.27 07:45:21.851,0.81447,0.81459,5.67,1.50
2012.04.27 07:45:22.067,0.81449,0.81461,2.63,2.25
2012.04.27 07:45:22.658,0.81453,0.81463,1.50,3.38
2012.04.27 07:45:23.077,0.81451,0.81463,1.50,3.38
2012.04.27 07:45:23.206,0.81451,0.81461,1.50,1.50
2012.04.27 07:45:23.776,0.81451,0.81463,1.50,2.63
2012.04.27 07:45:24.155,0.81449,0.81459,2.25,1.50
2012.04.27 07:45:24.286,0.81449,0.81461,2.25,1.50
2012.04.27 07:45:24.846,0.81449,0.81461,2.25,1.50
2012.04.27 07:45:25.056,0.81452,0.81463,1.50,1.13
2012.04.27 07:45:25.898,0.81452,0.81463,1.50,1.13
2012.04.27 07:45:25.972,0.8145,0.81462,1.88,2.25
2012.04.27 07:45:26.106,0.8145,0.81459,1.50,2.10
2012.04.27 07:45:26.308,0.81445,0.81455,1.50,2.25
2012.04.27 07:45:26.448,0.81445,0.81455,2.25,1.50
2012.04.27 07:45:26.799,0.81445,0.81455,1.50,2.25
2012.04.27 07:45:26.867,0.81445,0.81455,1.50,2.25
2012.04.27 07:45:27.195,0.81443,0.81455,1.50,2.25
2012.04.27 07:45:27.704,0.81444,0.81454,1.50,2.25
2012.04.27 07:45:28.250,0.81445,0.81455,1.50,2.63
2012.04.27 07:45:28.388,0.81449,0.81455,1.50,1.13
2012.04.27 07:45:28.585,0.81447,0.81455,1.50,1.13
2012.04.27 07:45:29.325,0.81448,0.81457,1.50,2.63
2012.04.27 07:45:29.405,0.81446,0.81458,1.50,4.50
2012.04.27 07:45:29.915,0.81447,0.81457,1.50,3.00
2012.04.27 07:45:30.444,0.81447,0.81458,1.50,1.88
2012.04.27 07:45:34.525,0.81446,0.81458,1.50,2.63
2012.04.27 07:45:34.957,0.81449,0.81458,1.50,1.13
2012.04.27 07:45:35.479,0.81449,0.81459,1.50,2.07
2012.04.27 07:45:36.036,0.81448,0.81457,1.50,1.50
2012.04.27 07:45:36.166,0.81444,0.81456,1.50,2.25
2012.04.27 07:45:36.438,0.81443,0.81455,1.50,2.25
2012.04.27 07:45:36.941,0.81442,0.81454,1.50,2.25
2012.04.27 07:45:37.428,0.81442,0.81452,2.07,1.50
2012.04.27 07:45:37.839,0.81444,0.81452,1.50,1.50
2012.04.27 07:45:38.098,0.81447,0.81457,1.50,1.50
2012.04.27 07:45:38.238,0.81449,0.81459,1.50,1.50
2012.04.27 07:45:38.587,0.81447,0.81458,1.73,1.50
2012.04.27 07:45:39.659,0.81446,0.81457,3.00,2.10
2012.04.27 07:45:39.800,0.81445,0.81455,1.50,2.25
2012.04.27 07:45:39.926,0.81445,0.81455,1.50,4.35
2012.04.27 07:45:40.055,0.81445,0.81455,1.50,4.73
2012.04.27 07:45:40.385,0.81449,0.81455,1.50,3.23
2012.04.27 07:45:40.564,0.81444,0.81455,1.50,3.23
2012.04.27 07:45:42.622,0.81449,0.81456,1.50,1.50
2012.04.27 07:45:42.836,0.81444,0.81456,1.50,3.04
2012.04.27 07:45:42.975,0.81446,0.81456,1.50,1.50
2012.04.27 07:45:43.479,0.81446,0.81458,2.25,1.50
2012.04.27 07:45:43.546,0.81451,0.8146,1.50,1.88
2012.04.27 07:45:43.624,0.81449,0.8146,1.50,1.88
2012.04.27 07:45:43.756,0.81449,0.8146,1.50,1.88
2012.04.27 07:45:44.261,0.81449,0.81459,1.50,2.25
2012.04.27 07:45:44.550,0.81447,0.81457,1.50,3.00
2012.04.27 07:45:44.618,0.81445,0.81455,1.50,2.25
2012.04.27 07:45:45.016,0.81443,0.81455,1.69,2.25
2012.04.27 07:45:45.286,0.81445,0.81455,1.50,1.50
2012.04.27 07:45:45.862,0.81443,0.81453,1.50,2.25
2012.04.27 07:45:46.205,0.81445,0.81454,1.50,1.13
2012.04.27 07:45:50.237,0.81445,0.81454,1.50,1.13
2012.04.27 07:45:51.186,0.81445,0.81453,1.50,1.69
2012.04.27 07:45:51.747,0.81439,0.81451,3.38,2.63
2012.04.27 07:45:52.034,0.81445,0.81451,1.50,1.13
2012.04.27 07:45:52.656,0.81444,0.81451,1.50,1.13
2012.04.27 07:45:54.304,0.81445,0.81451,1.50,1.13
2012.04.27 07:45:55.778,0.81442,0.81451,1.50,1.13
2012.04.27 07:45:56.745,0.81441,0.81451,1.50,1.78
2012.04.27 07:45:57.366,0.81442,0.81451,1.50,1.13
2012.04.27 07:45:57.866,0.8144,0.81451,1.50,1.78
2012.04.27 07:45:59.454,0.8144,0.81451,1.50,1.13
2012.04.27 07:45:59.966,0.81439,0.81451,1.50,4.03
2012.04.27 07:46:00.477,0.8144,0.8145,1.50,2.25
2012.04.27 07:46:01.025,0.81441,0.81451,1.50,3.38
2012.04.27 07:46:01.093,0.81438,0.81448,1.50,1.50
2012.04.27 07:46:01.708,0.81437,0.81447,2.25,1.50
2012.04.27 07:46:03.366,0.81437,0.81449,2.25,2.25
2012.04.27 07:46:05.711,0.81437,0.81449,2.44,3.38
2012.04.27 07:46:06.059,0.81437,0.81447,1.50,3.75
2012.04.27 07:46:06.827,0.81437,0.81446,1.50,1.13
2012.04.27 07:46:06.902,0.81435,0.81445,1.50,2.25
2012.04.27 07:46:07.405,0.81435,0.81445,1.50,2.63
2012.04.27 07:46:07.539,0.81436,0.81445,1.50,1.13
2012.04.27 07:46:08.075,0.81435,0.81445,1.50,1.13
2012.04.27 07:46:08.637,0.81434,0.81445,1.50,1.13
2012.04.27 07:46:09.158,0.81435,0.81445,1.50,1.13
2012.04.27 07:46:09.297,0.81434,0.81446,1.50,2.91
2012.04.27 07:46:09.510,0.81434,0.81446,1.50,2.25
2012.04.27 07:46:09.846,0.81437,0.81446,1.50,1.78
2012.04.27 07:46:11.126,0.81437,0.81446,1.50,1.13
2012.04.27 07:46:11.807,0.81434,0.81446,1.50,2.25
2012.04.27 07:46:11.934,0.81436,0.81445,1.50,1.13
2012.04.27 07:46:12.467,0.81436,0.81444,1.50,1.50
2012.04.27 07:46:13.078,0.81431,0.81441,1.50,1.50
2012.04.27 07:46:13.766,0.8143,0.81442,1.50,3.28
2012.04.27 07:46:13.838,0.8143,0.8144,1.50,2.25
2012.04.27 07:46:14.358,0.81429,0.81441,1.50,2.25
2012.04.27 07:46:14.916,0.81428,0.81438,2.25,1.50
2012.04.27 07:46:19.703,0.81427,0.81438,1.69,2.25
2012.04.27 07:46:20.539,0.81427,0.81438,1.69,2.25
2012.04.27 07:46:20.886,0.8143,0.81439,3.00,1.50
2012.04.27 07:46:21.407,0.81429,0.81439,1.88,1.50
2012.04.27 07:46:21.537,0.81431,0.81441,1.50,2.25
2012.04.27 07:46:22.249,0.81432,0.81442,1.50,2.53
2012.04.27 07:46:23.105,0.81431,0.81442,1.50,1.88
2012.04.27 07:46:23.626,0.8143,0.8144,1.50,1.50
2012.04.27 07:46:24.155,0.81431,0.81441,1.50,3.00
2012.04.27 07:46:26.527,0.81429,0.81441,2.25,3.66
2012.04.27 07:46:26.654,0.81427,0.81439,4.13,1.50
2012.04.27 07:46:26.978,0.8143,0.81439,1.88,1.50
2012.04.27 07:46:27.292,0.81428,0.81439,1.50,1.50
2012.04.27 07:46:27.615,0.81427,0.81439,4.13,2.25
2012.04.27 07:46:27.818,0.81428,0.81438,1.50,2.25
2012.04.27 07:46:28.239,0.81426,0.81437,1.13,2.16
2012.04.27 07:46:28.305,0.81428,0.81438,1.50,2.91
2012.04.27 07:46:28.941,0.81427,0.81437,2.25,1.50
2012.04.27 07:46:29.486,0.81426,0.81436,4.88,1.50
2012.04.27 07:46:29.557,0.81428,0.81438,1.50,1.50
2012.04.27 07:46:30.078,0.81428,0.81437,1.88,1.50
2012.04.27 07:46:30.207,0.81428,0.81439,1.88,1.50
2012.04.27 07:46:30.514,0.81429,0.81441,2.25,2.25
2012.04.27 07:46:31.880,0.8143,0.81441,1.13,2.91
2012.04.27 07:46:32.403,0.81431,0.81441,1.50,1.50
2012.04.27 07:46:36.977,0.81433,0.81442,1.50,1.13
2012.04.27 07:46:37.618,0.81432,0.81442,1.50,2.63
2012.04.27 07:46:39.809,0.8143,0.8144,1.50,1.50
2012.04.27 07:46:43.178,0.81428,0.81439,1.50,1.50
2012.04.27 07:46:43.605,0.8143,0.8144,1.50,2.63
2012.04.27 07:46:44.115,0.81431,0.8144,1.50,1.13
2012.04.27 07:46:44.624,0.8143,0.8144,1.50,1.13
2012.04.27 07:46:45.409,0.81429,0.8144,1.50,1.13
2012.04.27 07:46:49.037,0.8143,0.8144,1.50,1.13
2012.04.27 07:46:57.209,0.81427,0.81439,2.25,1.50
2012.04.27 07:46:57.875,0.81427,0.81437,3.00,1.50
2012.04.27 07:46:58.508,0.81428,0.81439,1.50,1.50
2012.04.27 07:46:58.634,0.8143,0.8144,1.50,1.88
2012.04.27 07:47:00.519,0.81431,0.8144,1.13,1.88
2012.04.27 07:47:00.656,0.81432,0.81443,1.50,1.32
2012.04.27 07:47:01.248,0.81432,0.81442,1.50,1.13
2012.04.27 07:47:01.388,0.81429,0.81441,1.50,2.63
2012.04.27 07:47:01.655,0.81427,0.81439,3.00,1.50
2012.04.27 07:47:01.798,0.81426,0.81435,3.00,1.50
2012.04.27 07:47:02.377,0.81426,0.81436,5.25,1.50
2012.04.27 07:47:04.663,0.81427,0.81439,4.32,1.50
2012.04.27 07:47:05.484,0.81428,0.81439,1.88,1.50
2012.04.27 07:47:06.036,0.81429,0.81441,2.25,2.63
2012.04.27 07:47:06.167,0.81431,0.81441,1.13,2.63
2012.04.27 07:47:06.583,0.81429,0.81441,1.50,2.63
2012.04.27 07:47:06.726,0.81427,0.81439,4.32,1.50
2012.04.27 07:47:06.927,0.81427,0.81437,4.13,1.50
2012.04.27 07:47:07.126,0.81427,0.81439,4.13,1.50
2012.04.27 07:47:08.425,0.81427,0.81438,1.50,1.50
2012.04.27 07:47:09.766,0.8143,0.81436,1.13,1.50
2012.04.27 07:47:09.906,0.81427,0.81436,1.88,1.50
2012.04.27 07:47:10.420,0.81427,0.81437,1.50,1.50
2012.04.27 07:47:11.204,0.81427,0.81435,1.50,1.50
2012.04.27 07:47:12.686,0.81426,0.81435,2.25,1.50
2012.04.27 07:47:16.356,0.81426,0.81435,2.25,1.50
2012.04.27 07:47:16.555,0.81425,0.81435,3.23,1.50
2012.04.27 07:47:16.768,0.81425,0.81435,3.75,1.50
2012.04.27 07:47:17.327,0.81425,0.81435,3.45,1.50
2012.04.27 07:47:17.878,0.81426,0.81435,1.50,1.50
2012.04.27 07:47:18.418,0.81426,0.81435,1.50,1.50
2012.04.27 07:47:18.998,0.81425,0.81435,3.45,1.50
2012.04.27 07:47:19.478,0.81425,0.81432,1.20,1.50
2012.04.27 07:47:19.548,0.81425,0.81434,1.20,2.25
2012.04.27 07:47:19.746,0.81422,0.81432,2.25,1.50
2012.04.27 07:47:20.158,0.81424,0.81434,1.50,1.50
2012.04.27 07:47:20.486,0.81421,0.81431,3.19,1.50
2012.04.27 07:47:21.071,0.81421,0.8143,1.69,1.50
2012.04.27 07:47:21.933,0.81422,0.81432,1.50,1.50
2012.04.27 07:47:23.104,0.81421,0.81432,2.25,1.50
2012.04.27 07:47:24.063,0.81422,0.81434,2.25,1.88
2012.04.27 07:47:24.837,0.81425,0.81434,1.50,1.50
2012.04.27 07:47:25.202,0.81425,0.81434,1.50,1.88
2012.04.27 07:47:28.445,0.81423,0.81432,1.50,1.13
2012.04.27 07:47:29.279,0.81421,0.81432,2.25,1.13
2012.04.27 07:47:29.855,0.81421,0.81431,1.50,1.13
2012.04.27 07:47:30.175,0.8142,0.8143,2.25,2.63
2012.04.27 07:47:30.446,0.81415,0.81425,3.57,1.50
2012.04.27 07:47:30.967,0.81417,0.81427,2.63,1.50
2012.04.27 07:47:31.465,0.81416,0.81424,2.07,1.50
2012.04.27 07:47:33.357,0.81417,0.81424,1.88,1.50
2012.04.27 07:47:33.497,0.81417,0.81428,1.88,1.50
2012.04.27 07:47:34.348,0.81418,0.81427,1.69,1.50
2012.04.27 07:47:34.486,0.81418,0.81429,1.69,1.50
2012.04.27 07:47:35.014,0.81419,0.81429,1.50,1.50
2012.04.27 07:47:36.976,0.81421,0.81432,1.50,1.13
2012.04.27 07:47:37.346,0.81419,0.81431,1.88,2.25
2012.04.27 07:47:37.556,0.81417,0.81427,3.00,1.50
2012.04.27 07:47:38.057,0.81418,0.81428,1.50,1.50
2012.04.27 07:47:38.604,0.81419,0.81429,1.50,2.25
2012.04.27 07:47:39.124,0.81418,0.81428,1.50,1.50
2012.04.27 07:47:40.345,0.81418,0.8143,3.38,2.25
2012.04.27 07:47:41.017,0.8142,0.8143,1.50,1.50
2012.04.27 07:47:41.335,0.81418,0.81427,1.88,1.50
2012.04.27 07:47:41.408,0.81418,0.81429,1.88,1.50
2012.04.27 07:47:42.765,0.81417,0.81427,3.38,1.50
2012.04.27 07:47:43.286,0.81416,0.81427,2.63,1.50
2012.04.27 07:47:44.124,0.81417,0.81426,2.25,1.50
2012.04.27 07:47:44.496,0.81417,0.81426,2.25,1.50
2012.04.27 07:47:45.006,0.81418,0.81426,1.13,1.50
2012.04.27 07:47:45.668,0.81418,0.81426,1.88,1.50
2012.04.27 07:47:46.206,0.81418,0.81427,1.50,1.50
2012.04.27 07:47:47.964,0.81418,0.81428,3.75,1.50
2012.04.27 07:47:50.567,0.81419,0.81429,2.25,1.50
2012.04.27 07:47:51.105,0.81418,0.81427,1.50,1.50
2012.04.27 07:47:51.647,0.81418,0.81427,1.50,1.50
2012.04.27 07:47:52.062,0.81416,0.81426,1.13,2.25
2012.04.27 07:47:52.278,0.81414,0.81426,3.00,3.00
2012.04.27 07:47:53.326,0.81414,0.81423,3.19,1.50
2012.04.27 07:47:54.055,0.81414,0.81424,4.88,1.50
2012.04.27 07:47:54.582,0.81413,0.81423,4.92,1.50
2012.04.27 07:47:55.091,0.81414,0.81423,1.50,1.50
2012.04.27 07:47:55.863,0.81414,0.81424,3.00,1.50
2012.04.27 07:47:57.484,0.81414,0.81424,3.00,1.50
2012.04.27 07:47:57.798,0.81416,0.81424,2.25,1.50
2012.04.27 07:47:58.318,0.81417,0.81424,1.50,1.50
2012.04.27 07:47:58.697,0.81418,0.81424,1.50,1.50
2012.04.27 07:47:58.767,0.81418,0.81426,1.50,1.50
2012.04.27 07:47:59.102,0.81417,0.81425,2.63,1.50
2012.04.27 07:47:59.319,0.81418,0.81428,3.38,2.25
2012.04.27 07:47:59.828,0.81419,0.8143,2.25,2.63
2012.04.27 07:47:59.904,0.81419,0.81425,2.63,1.50
2012.04.27 07:48:00.437,0.81418,0.81425,1.50,1.50
2012.04.27 07:48:00.756,0.81418,0.81429,1.50,1.50
2012.04.27 07:48:00.884,0.81418,0.81427,1.50,1.50
2012.04.27 07:48:01.286,0.81419,0.81429,1.50,1.50
2012.04.27 07:48:01.787,0.81421,0.81431,1.50,2.25
2012.04.27 07:48:02.106,0.81417,0.81427,4.32,1.50
2012.04.27 07:48:02.993,0.81417,0.81427,2.25,1.50
2012.04.27 07:48:04.314,0.81417,0.81428,2.85,1.50
2012.04.27 07:48:06.207,0.81417,0.81429,3.60,3.38
2012.04.27 07:48:06.725,0.81418,0.81428,1.50,1.50
2012.04.27 07:48:09.626,0.81417,0.81428,2.10,1.50
2012.04.27 07:48:11.353,0.81417,0.81429,3.60,3.00
2012.04.27 07:48:11.808,0.81416,0.81426,1.88,1.50
2012.04.27 07:48:16.055,0.81417,0.81426,1.50,2.25
2012.04.27 07:48:16.694,0.81415,0.81426,4.77,1.88
2012.04.27 07:48:18.335,0.81418,0.81428,1.50,1.50
2012.04.27 07:48:18.884,0.81417,0.81428,1.80,1.50
2012.04.27 07:48:19.347,0.81419,0.81428,2.10,1.50
2012.04.27 07:48:19.757,0.81419,0.81431,3.75,2.63
2012.04.27 07:48:19.896,0.81419,0.81428,2.25,1.50
2012.04.27 07:48:19.965,0.8142,0.8143,1.50,1.50
2012.04.27 07:48:20.478,0.81419,0.81429,1.50,1.50
2012.04.27 07:48:21.564,0.81417,0.81429,4.50,1.50
2012.04.27 07:48:23.337,0.81418,0.81429,2.25,1.50
2012.04.27 07:48:23.526,0.81418,0.81427,2.63,1.50
2012.04.27 07:48:23.727,0.81419,0.81429,1.88,1.50
2012.04.27 07:48:25.512,0.81422,0.81433,1.13,2.25
2012.04.27 07:48:25.590,0.81421,0.81433,1.50,2.25
2012.04.27 07:48:25.847,0.81417,0.81428,1.50,1.50
2012.04.27 07:48:26.366,0.81418,0.81428,2.25,1.50
2012.04.27 07:48:26.907,0.81417,0.81427,2.25,1.50
2012.04.27 07:48:27.427,0.81416,0.81426,1.50,1.50
2012.04.27 07:48:29.045,0.81416,0.81426,1.88,2.25
2012.04.27 07:48:29.577,0.81414,0.81425,2.44,1.50
2012.04.27 07:48:29.790,0.81413,0.81423,2.44,1.50
2012.04.27 07:48:30.297,0.81415,0.81425,1.50,1.50
2012.04.27 07:48:30.688,0.81417,0.81425,1.50,1.50
2012.04.27 07:48:32.097,0.81416,0.81425,1.50,1.50
2012.04.27 07:48:32.606,0.81415,0.81425,1.50,3.00
2012.04.27 07:48:32.855,0.81412,0.81424,2.25,2.25
2012.04.27 07:48:33.386,0.81413,0.81423,1.50,2.25
2012.04.27 07:48:35.365,0.81414,0.81424,1.50,2.25
2012.04.27 07:48:36.069,0.81414,0.81424,1.50,2.25
2012.04.27 07:48:37.270,0.81415,0.81425,1.50,1.50
2012.04.27 07:48:37.796,0.81414,0.81426,3.00,3.00
2012.04.27 07:48:37.939,0.81416,0.81426,1.50,3.00
2012.04.27 07:48:43.679,0.81414,0.81426,3.00,3.00
2012.04.27 07:48:46.487,0.81414,0.81425,2.25,1.50
2012.04.27 07:48:46.818,0.81416,0.81425,1.50,1.69
2012.04.27 07:48:46.946,0.81411,0.81421,2.25,1.50
2012.04.27 07:48:47.016,0.81411,0.81421,2.63,1.50
2012.04.27 07:48:47.087,0.81413,0.81425,2.63,3.19
2012.04.27 07:48:47.297,0.81415,0.81426,1.50,1.13
2012.04.27 07:48:47.606,0.81418,0.81428,1.50,1.13
2012.04.27 07:48:47.917,0.81421,0.81428,1.50,1.13
2012.04.27 07:48:47.987,0.81421,0.81428,1.50,1.13
2012.04.27 07:48:48.496,0.81421,0.81428,1.50,1.13
2012.04.27 07:48:49.190,0.81421,0.81429,1.50,1.13
2012.04.27 07:48:50.237,0.81414,0.81426,3.75,2.25
2012.04.27 07:48:50.755,0.81415,0.81426,1.50,1.50
2012.04.27 07:48:51.076,0.81421,0.81429,1.50,1.13
2012.04.27 07:48:52.836,0.81421,0.81429,1.50,1.13
2012.04.27 07:48:53.344,0.81421,0.8143,1.50,1.73
2012.04.27 07:48:54.489,0.81421,0.81429,1.50,2.83
2012.04.27 07:48:54.847,0.81415,0.81425,1.50,2.25
2012.04.27 07:48:55.035,0.81415,0.81425,1.50,2.63
2012.04.27 07:49:03.313,0.81415,0.81423,1.50,1.73
2012.04.27 07:49:03.384,0.81413,0.81423,1.50,3.23
2012.04.27 07:49:03.575,0.81411,0.81422,4.13,1.13
2012.04.27 07:49:03.709,0.81413,0.81422,1.50,1.13
2012.04.27 07:49:04.268,0.81414,0.81423,1.50,1.13
2012.04.27 07:49:04.788,0.81412,0.81424,1.50,2.63
2012.04.27 07:49:05.116,0.81411,0.81421,2.25,1.50
2012.04.27 07:49:05.648,0.81412,0.81422,1.50,2.63
2012.04.27 07:49:07.879,0.81413,0.81422,1.50,1.13
2012.04.27 07:49:08.398,0.81412,0.81422,1.50,1.88
2012.04.27 07:49:08.526,0.81412,0.81424,2.25,2.25
2012.04.27 07:49:09.034,0.81413,0.81423,1.50,1.50
2012.04.27 07:49:10.648,0.81413,0.81424,3.75,1.13
2012.04.27 07:49:11.616,0.81413,0.81425,2.63,2.82
2012.04.27 07:49:13.627,0.81413,0.81423,1.50,1.50
2012.04.27 07:49:14.026,0.81411,0.81422,1.50,1.13
2012.04.27 07:49:14.556,0.81411,0.81422,1.50,1.13
2012.04.27 07:49:15.186,0.81412,0.81422,1.50,1.13
2012.04.27 07:49:17.439,0.81413,0.81422,1.50,1.13
2012.04.27 07:49:18.226,0.81415,0.81422,1.50,1.13
2012.04.27 07:49:18.547,0.81415,0.81425,2.63,2.25
2012.04.27 07:49:18.616,0.81415,0.81425,1.88,2.25
2012.04.27 07:49:19.124,0.81415,0.81424,1.50,1.13
2012.04.27 07:49:19.435,0.81415,0.81425,1.50,1.88
2012.04.27 07:49:19.627,0.81415,0.81424,1.50,1.13
2012.04.27 07:49:22.075,0.81415,0.81425,2.25,2.25
2012.04.27 07:49:22.282,0.81419,0.81428,1.50,2.53
2012.04.27 07:49:22.625,0.81422,0.81431,1.50,1.32
2012.04.27 07:49:23.189,0.81422,0.81431,1.50,1.13
2012.04.27 07:49:24.696,0.81422,0.8143,1.50,1.13
2012.04.27 07:49:25.572,0.81422,0.8143,1.50,1.97
2012.04.27 07:49:25.717,0.81418,0.81428,1.50,2.25
2012.04.27 07:49:25.786,0.81415,0.81425,2.25,1.50
2012.04.27 07:49:25.975,0.81415,0.81427,2.25,1.50
2012.04.27 07:49:27.965,0.81415,0.81427,2.25,2.44
2012.04.27 07:49:29.062,0.81417,0.81429,1.50,3.96
2012.04.27 07:49:29.407,0.8142,0.81431,1.50,3.49
2012.04.27 07:49:31.486,0.8142,0.81429,1.50,1.13
2012.04.27 07:49:32.276,0.81417,0.81428,1.50,1.50
2012.04.27 07:49:32.544,0.81419,0.81428,1.50,1.50
2012.04.27 07:49:32.995,0.81416,0.81428,1.50,3.00
2012.04.27 07:49:34.547,0.81417,0.81427,1.50,2.25
2012.04.27 07:49:35.137,0.81418,0.81428,1.50,3.00
2012.04.27 07:49:35.875,0.81419,0.81428,1.50,1.32
2012.04.27 07:49:39.053,0.81418,0.81428,1.50,2.82
2012.04.27 07:49:39.928,0.81418,0.81429,1.50,2.46
2012.04.27 07:49:40.597,0.81421,0.81429,1.50,1.50
2012.04.27 07:49:40.903,0.81421,0.8143,1.50,1.13
2012.04.27 07:49:47.204,0.81421,0.8143,1.50,1.13
2012.04.27 07:49:47.895,0.81421,0.8143,1.50,1.13
2012.04.27 07:49:48.396,0.81421,0.8143,1.50,1.13
2012.04.27 07:49:48.957,0.81421,0.8143,1.50,1.13
2012.04.27 07:49:51.414,0.81421,0.81428,1.50,1.13
2012.04.27 07:49:52.926,0.81421,0.81431,1.50,2.82
2012.04.27 07:49:53.436,0.8142,0.81429,1.50,1.13
2012.04.27 07:49:56.675,0.8142,0.81431,1.50,1.13
2012.04.27 07:49:57.206,0.81418,0.81429,1.88,2.25
2012.04.27 07:49:57.337,0.81418,0.81427,1.88,1.50
2012.04.27 07:49:58.765,0.81418,0.81427,1.50,1.50
2012.04.27 07:50:00.199,0.81418,0.81427,1.50,1.50
2012.04.27 07:50:02.403,0.81418,0.81427,1.50,1.50
2012.04.27 07:50:06.615,0.81418,0.81427,1.13,1.50
2012.04.27 07:50:07.068,0.81418,0.81427,1.13,1.50
2012.04.27 07:50:08.065,0.81419,0.81429,1.50,1.50
2012.04.27 07:50:08.613,0.81419,0.81427,1.50,1.50
2012.04.27 07:50:09.265,0.81418,0.81427,3.38,1.50
2012.04.27 07:50:09.339,0.81421,0.81433,1.50,3.00
2012.04.27 07:50:09.406,0.81423,0.81433,1.50,3.00
2012.04.27 07:50:11.024,0.81424,0.81433,1.50,1.50
2012.04.27 07:50:12.385,0.81422,0.81433,1.50,1.32
2012.04.27 07:50:12.455,0.81422,0.81433,1.50,1.32
2012.04.27 07:50:12.768,0.81424,0.81433,1.50,2.07
2012.04.27 07:50:12.957,0.81421,0.81433,1.50,3.57
2012.04.27 07:50:13.086,0.81419,0.81431,1.50,2.25
2012.04.27 07:50:13.155,0.81421,0.81431,1.50,2.25
2012.04.27 07:50:13.626,0.81421,0.81431,1.50,1.50
2012.04.27 07:50:14.224,0.81421,0.81431,1.50,2.25
2012.04.27 07:50:14.295,0.81419,0.81431,1.50,2.25
2012.04.27 07:50:16.893,0.8142,0.81432,1.50,2.44
2012.04.27 07:50:19.626,0.8142,0.81432,1.50,2.44
2012.04.27 07:50:19.957,0.81417,0.81427,1.50,1.50
2012.04.27 07:50:20.524,0.81416,0.81428,3.00,2.25
2012.04.27 07:50:21.056,0.81417,0.81429,1.50,2.25
2012.04.27 07:50:21.548,0.81421,0.8143,1.50,1.88
2012.04.27 07:50:22.097,0.8142,0.81431,1.50,1.88
2012.04.27 07:50:22.647,0.81421,0.81431,1.50,3.38
2012.04.27 07:50:22.949,0.81417,0.81429,1.88,2.25
2012.04.27 07:50:23.512,0.81419,0.81429,1.50,1.50
2012.04.27 07:50:24.016,0.81417,0.81429,2.63,1.50
2012.04.27 07:50:24.345,0.8142,0.81431,1.50,1.13
2012.04.27 07:50:24.870,0.81421,0.81431,1.50,1.88
2012.04.27 07:50:25.206,0.81423,0.81432,1.50,1.13
2012.04.27 07:50:25.718,0.81422,0.81432,1.50,2.63
2012.04.27 07:50:26.036,0.81418,0.81428,2.07,1.50
2012.04.27 07:50:26.750,0.81418,0.81428,2.07,1.50
2012.04.27 07:50:27.147,0.81421,0.81431,1.50,1.88
2012.04.27 07:50:27.670,0.8142,0.8143,1.50,1.50
2012.04.27 07:50:28.007,0.8142,0.81432,1.88,1.50
2012.04.27 07:50:28.265,0.81419,0.8143,1.13,1.50
2012.04.27 07:50:28.578,0.8142,0.81432,1.88,1.50
2012.04.27 07:50:29.144,0.8142,0.8143,1.88,1.50
2012.04.27 07:50:29.277,0.8142,0.81432,1.69,1.50
2012.04.27 07:50:30.114,0.81419,0.81431,3.96,1.50
2012.04.27 07:50:30.194,0.81419,0.81428,2.46,1.50
2012.04.27 07:50:30.567,0.81419,0.81429,1.13,1.50
2012.04.27 07:50:40.165,0.81418,0.81429,2.82,1.50
2012.04.27 07:50:40.414,0.81421,0.81431,1.50,1.50
2012.04.27 07:50:40.964,0.81421,0.81431,2.63,1.50
2012.04.27 07:50:43.983,0.81421,0.81431,2.44,1.50
2012.04.27 07:50:44.114,0.8142,0.81429,1.69,1.50
2012.04.27 07:50:46.055,0.8142,0.81432,3.19,1.50
2012.04.27 07:50:46.584,0.8142,0.81432,3.19,1.50
2012.04.27 07:50:47.236,0.81422,0.81431,1.13,1.50
2012.04.27 07:50:47.758,0.81422,0.8143,1.13,1.50
2012.04.27 07:50:47.896,0.8142,0.81428,3.21,1.50
2012.04.27 07:50:48.407,0.8142,0.81428,1.69,1.50
2012.04.27 07:50:54.979,0.81419,0.81431,2.44,1.50
2012.04.27 07:50:55.190,0.81418,0.81427,3.21,1.50
2012.04.27 07:50:55.888,0.81419,0.81428,1.69,1.50
2012.04.27 07:50:56.425,0.81421,0.81427,1.88,1.50
2012.04.27 07:50:56.640,0.81421,0.81432,2.63,1.50
2012.04.27 07:50:57.137,0.81423,0.81433,1.50,1.13
2012.04.27 07:50:58.227,0.81421,0.81433,4.50,2.25
2012.04.27 07:50:58.736,0.81423,0.81433,1.50,2.25
2012.04.27 07:50:59.423,0.81426,0.81435,1.50,1.13
2012.04.27 07:50:59.938,0.81425,0.81435,1.50,2.63
2012.04.27 07:51:00.486,0.81422,0.81434,2.44,2.25
2012.04.27 07:51:01.175,0.81424,0.81435,1.50,1.13
2012.04.27 07:51:02.026,0.81422,0.81434,2.44,2.25
2012.04.27 07:51:02.706,0.81424,0.81435,1.50,1.13
2012.04.27 07:51:03.018,0.81425,0.81436,1.32,2.25
2012.04.27 07:51:03.589,0.8143,0.81439,1.50,1.78
2012.04.27 07:51:03.662,0.81428,0.81438,1.50,1.50
2012.04.27 07:51:04.176,0.81427,0.81437,1.50,1.50
2012.04.27 07:51:04.677,0.81428,0.81438,1.50,1.50
2012.04.27 07:51:05.177,0.81427,0.81439,1.50,2.63
2012.04.27 07:51:05.696,0.81427,0.81439,1.69,1.88
2012.04.27 07:51:06.206,0.81429,0.8144,1.50,1.13
2012.04.27 07:51:07.127,0.8143,0.8144,1.50,1.13
2012.04.27 07:51:07.657,0.8143,0.81442,3.19,3.60
2012.04.27 07:51:08.097,0.8143,0.81441,2.44,1.50
2012.04.27 07:51:09.337,0.8143,0.81441,1.50,1.88
2012.04.27 07:51:09.886,0.81429,0.8144,1.50,1.41
2012.04.27 07:51:10.137,0.81427,0.81437,1.50,1.50
2012.04.27 07:51:10.703,0.81426,0.81437,1.50,1.32
2012.04.27 07:51:11.195,0.81426,0.81435,1.50,1.13
2012.04.27 07:51:11.336,0.81424,0.81435,1.50,1.13
2012.04.27 07:51:11.895,0.81425,0.81435,1.50,1.13
2012.04.27 07:51:12.907,0.81424,0.81436,1.50,2.63
2012.04.27 07:51:13.500,0.81425,0.81434,1.50,1.13
2012.04.27 07:51:14.548,0.81426,0.81435,1.13,1.13
2012.04.27 07:51:14.826,0.81425,0.81437,1.50,2.63
2012.04.27 07:51:15.257,0.81429,0.81438,1.50,1.32
2012.04.27 07:51:15.816,0.81429,0.81438,1.50,1.13
2012.04.27 07:51:16.150,0.81427,0.81438,1.50,1.13
2012.04.27 07:51:16.908,0.81429,0.81438,1.50,1.13
2012.04.27 07:51:17.560,0.81429,0.8144,1.50,1.32
2012.04.27 07:51:18.088,0.8143,0.8144,1.50,1.13
2012.04.27 07:51:18.606,0.8143,0.8144,2.63,1.13
2012.04.27 07:51:20.408,0.8143,0.8144,1.50,1.13
2012.04.27 07:51:36.642,0.81428,0.81437,1.50,1.50
2012.04.27 07:51:36.722,0.81424,0.81434,1.50,2.25
2012.04.27 07:51:36.795,0.81426,0.81435,1.50,2.25
2012.04.27 07:51:37.176,0.81426,0.81436,1.50,3.38
2012.04.27 07:51:37.545,0.81424,0.81436,1.50,1.88
2012.04.27 07:51:37.865,0.81426,0.81436,1.50,1.50
2012.04.27 07:51:38.196,0.81426,0.81436,1.50,2.25
2012.04.27 07:51:38.767,0.81426,0.81434,1.50,1.13
2012.04.27 07:51:39.125,0.81428,0.81434,1.50,1.13
2012.04.27 07:51:39.255,0.81426,0.81434,1.50,1.13
2012.04.27 07:51:41.725,0.81425,0.81435,1.50,2.82
2012.04.27 07:51:46.084,0.81426,0.81435,1.50,1.13
2012.04.27 07:51:46.278,0.81428,0.81436,1.50,2.10
2012.04.27 07:51:46.419,0.81426,0.81436,1.50,1.88
2012.04.27 07:51:47.014,0.81429,0.81438,1.50,1.13
2012.04.27 07:51:47.545,0.81428,0.81438,1.69,2.25
2012.04.27 07:51:48.178,0.81429,0.81439,1.50,1.50
2012.04.27 07:51:49.546,0.81428,0.81438,1.50,2.25
2012.04.27 07:51:51.165,0.81428,0.81438,1.50,3.79
2012.04.27 07:51:51.296,0.81425,0.81434,1.50,1.50
2012.04.27 07:51:54.251,0.81421,0.81433,1.50,3.00
2012.04.27 07:52:00.277,0.81421,0.81433,1.50,2.44
2012.04.27 07:52:03.367,0.81421,0.81433,2.25,2.25
2012.04.27 07:52:03.625,0.81424,0.81434,1.50,1.50
2012.04.27 07:52:04.145,0.81424,0.81435,1.50,2.82
2012.04.27 07:52:09.987,0.81424,0.81435,2.25,1.13
2012.04.27 07:52:10.060,0.81426,0.81436,1.50,2.25
2012.04.27 07:52:10.586,0.81427,0.81438,1.50,1.32
2012.04.27 07:52:10.898,0.81429,0.81438,1.50,1.32
2012.04.27 07:52:11.549,0.8143,0.81438,1.50,1.13
2012.04.27 07:52:11.747,0.81427,0.81436,1.50,1.13
2012.04.27 07:52:13.877,0.81427,0.81437,1.50,1.50
2012.04.27 07:52:14.424,0.81428,0.81439,1.50,2.25
2012.04.27 07:52:14.965,0.81428,0.81439,1.50,1.88
2012.04.27 07:52:15.845,0.81427,0.81437,1.50,1.50
2012.04.27 07:52:15.916,0.81427,0.81439,1.50,3.38
2012.04.27 07:52:16.226,0.8143,0.81439,1.50,1.88
2012.04.27 07:52:19.396,0.8143,0.8144,1.50,2.25
2012.04.27 07:52:19.594,0.81427,0.81439,2.63,1.50
2012.04.27 07:52:20.037,0.81431,0.8144,1.50,1.50
2012.04.27 07:52:21.496,0.81431,0.81441,1.50,1.69
2012.04.27 07:52:22.017,0.81432,0.81442,1.13,1.50
2012.04.27 07:52:22.347,0.81435,0.81443,1.50,2.25
2012.04.27 07:52:26.596,0.81435,0.81443,1.50,1.50
2012.04.27 07:52:27.698,0.81435,0.81445,1.50,1.50
2012.04.27 07:52:28.207,0.81436,0.81445,1.88,1.50
2012.04.27 07:52:28.527,0.81437,0.81446,1.88,1.50
2012.04.27 07:52:29.075,0.81439,0.81447,1.50,1.50
2012.04.27 07:52:30.215,0.81439,0.81451,1.50,4.50
2012.04.27 07:52:30.285,0.81441,0.81451,1.50,2.25
2012.04.27 07:52:30.415,0.81439,0.81449,2.25,2.25
2012.04.27 07:52:32.442,0.81439,0.81447,2.25,1.50
2012.04.27 07:52:32.975,0.81439,0.81448,2.25,2.25
2012.04.27 07:52:36.156,0.81438,0.81448,1.50,3.00
2012.04.27 07:52:36.289,0.81441,0.81448,1.50,1.50
2012.04.27 07:52:36.852,0.81437,0.81446,1.50,2.25
2012.04.27 07:52:36.939,0.81436,0.81446,1.50,3.00
2012.04.27 07:52:37.547,0.81435,0.81444,1.50,1.50
2012.04.27 07:52:38.535,0.81434,0.81444,1.50,1.50
2012.04.27 07:52:38.955,0.81436,0.81444,1.50,1.50
2012.04.27 07:52:39.646,0.81434,0.81446,1.50,2.25
2012.04.27 07:52:40.173,0.81436,0.81446,1.50,2.91
2012.04.27 07:52:40.249,0.81434,0.81444,1.50,1.50
2012.04.27 07:52:40.857,0.81435,0.81445,1.50,2.44
2012.04.27 07:52:41.407,0.81434,0.81446,1.50,2.82
2012.04.27 07:52:42.805,0.81434,0.81446,1.50,3.66
2012.04.27 07:52:43.456,0.81434,0.81444,1.50,1.50
2012.04.27 07:52:44.017,0.81433,0.81445,1.50,3.66
2012.04.27 07:52:44.857,0.81431,0.81443,2.25,1.50
2012.04.27 07:52:45.394,0.81433,0.81444,1.50,2.25
2012.04.27 07:52:46.020,0.81432,0.81443,1.50,2.25
2012.04.27 07:52:46.430,0.8143,0.81443,1.50,2.25
2012.04.27 07:52:46.707,0.81429,0.8144,3.38,1.50
2012.04.27 07:52:47.247,0.81431,0.8144,1.50,1.50
2012.04.27 07:52:47.758,0.81432,0.81444,1.50,1.88
2012.04.27 07:52:48.362,0.81435,0.81445,1.50,2.63
2012.04.27 07:52:48.875,0.81435,0.81445,1.50,1.13
2012.04.27 07:52:51.309,0.81435,0.81445,2.25,1.13
2012.04.27 07:52:57.147,0.81436,0.81446,2.25,2.25
2012.04.27 07:52:58.909,0.81436,0.81446,2.25,1.13
2012.04.27 07:52:59.606,0.81436,0.81446,2.25,1.13
2012.04.27 07:53:00.125,0.81436,0.81447,2.25,1.13
2012.04.27 07:53:00.876,0.81436,0.81447,2.25,1.13
2012.04.27 07:53:01.386,0.81436,0.81447,3.19,1.13
2012.04.27 07:53:01.767,0.81439,0.81447,1.50,1.13
2012.04.27 07:53:02.030,0.81438,0.8145,2.44,2.63
2012.04.27 07:53:02.502,0.81441,0.8145,1.50,1.13
2012.04.27 07:53:03.223,0.81441,0.81451,1.50,1.13
2012.04.27 07:53:03.356,0.81442,0.81448,3.75,1.50
2012.04.27 07:53:03.830,0.81446,0.81455,3.00,2.25
2012.04.27 07:53:04.179,0.81448,0.81456,1.50,1.50
2012.04.27 07:53:04.249,0.8145,0.8146,1.50,1.88
2012.04.27 07:53:04.378,0.81452,0.81459,1.50,1.13
2012.04.27 07:53:04.449,0.81449,0.8146,1.50,1.88
2012.04.27 07:53:04.578,0.81449,0.8146,2.25,2.25
2012.04.27 07:53:04.917,0.81448,0.8146,1.50,3.28
2012.04.27 07:53:05.592,0.8145,0.8146,1.50,3.38
2012.04.27 07:53:06.097,0.81449,0.81459,1.50,2.63
2012.04.27 07:53:08.578,0.81449,0.81459,1.50,2.48
2012.04.27 07:53:09.085,0.81448,0.81458,1.50,1.13
2012.04.27 07:53:10.388,0.81449,0.81458,1.50,1.13
2012.04.27 07:53:10.577,0.81449,0.81459,1.50,1.35
2012.04.27 07:53:10.847,0.81452,0.81462,1.50,3.66
2012.04.27 07:53:11.057,0.81449,0.81461,2.25,3.98
2012.04.27 07:53:11.577,0.81449,0.81459,1.50,1.88
2012.04.27 07:53:12.080,0.81448,0.81458,1.50,1.13
2012.04.27 07:53:12.625,0.81447,0.81457,1.50,1.50
2012.04.27 07:53:14.869,0.81447,0.81456,1.50,2.48
2012.04.27 07:53:15.138,0.81445,0.81456,1.50,3.98
2012.04.27 07:53:15.276,0.81447,0.81456,1.50,2.48
2012.04.27 07:53:15.349,0.81445,0.81455,1.50,1.50
2012.04.27 07:53:15.959,0.81444,0.81456,2.25,2.82
2012.04.27 07:53:16.487,0.81445,0.81454,1.13,1.50
2012.04.27 07:53:17.038,0.81444,0.81454,1.50,2.25
2012.04.27 07:53:17.688,0.81445,0.81454,1.50,1.13
2012.04.27 07:53:20.028,0.81444,0.81456,2.25,4.03
2012.04.27 07:53:20.701,0.81443,0.81455,1.50,2.44
2012.04.27 07:53:21.270,0.8144,0.8145,3.38,1.50
2012.04.27 07:53:21.597,0.8144,0.81448,3.00,1.50
2012.04.27 07:53:21.927,0.81441,0.8145,2.63,1.50
2012.04.27 07:53:22.056,0.81442,0.81454,2.25,2.25
2012.04.27 07:53:22.591,0.81447,0.81455,1.50,1.13
2012.04.27 07:53:23.105,0.81447,0.81455,1.50,1.13
2012.04.27 07:53:23.356,0.81442,0.81454,3.00,2.25
2012.04.27 07:53:23.668,0.8144,0.81451,3.75,1.50
2012.04.27 07:53:24.396,0.8144,0.81451,1.88,1.50
2012.04.27 07:53:24.713,0.8144,0.81449,1.69,1.50
2012.04.27 07:53:26.255,0.8144,0.81448,1.50,1.50
2012.04.27 07:53:27.006,0.81438,0.81448,2.07,1.50
2012.04.27 07:53:28.787,0.81438,0.81448,1.50,1.50
2012.04.27 07:53:31.827,0.81437,0.81448,2.29,1.50
2012.04.27 07:53:32.016,0.81438,0.81449,1.50,1.50
2012.04.27 07:53:32.325,0.81437,0.81447,4.54,1.50
2012.04.27 07:53:32.516,0.81439,0.81449,2.25,2.25
2012.04.27 07:53:32.797,0.81438,0.81447,1.50,1.50
2012.04.27 07:53:33.782,0.81438,0.81447,1.50,1.50
2012.04.27 07:53:34.675,0.8144,0.81452,2.25,2.25
2012.04.27 07:53:35.200,0.81439,0.81451,2.25,1.50
2012.04.27 07:53:35.704,0.81441,0.81451,1.50,1.50
2012.04.27 07:53:36.255,0.8144,0.8145,2.25,1.50
2012.04.27 07:53:37.591,0.81437,0.81447,2.25,1.50
2012.04.27 07:53:37.935,0.81436,0.81445,2.63,1.50
2012.04.27 07:53:38.125,0.81436,0.81447,2.63,1.50
2012.04.27 07:53:38.638,0.81436,0.81446,2.25,1.50
2012.04.27 07:53:39.089,0.81436,0.81446,3.75,1.50
2012.04.27 07:53:39.221,0.81436,0.81448,3.75,1.50
2012.04.27 07:53:39.368,0.81436,0.81445,2.63,1.50
2012.04.27 07:53:39.736,0.81437,0.81449,2.63,1.50
2012.04.27 07:53:39.868,0.81437,0.81447,2.25,1.50
2012.04.27 07:53:41.977,0.81437,0.81448,2.25,1.69
2012.04.27 07:53:42.358,0.8144,0.81446,1.50,1.13
2012.04.27 07:53:43.525,0.81439,0.81448,1.50,1.32
2012.04.27 07:53:43.664,0.81439,0.81448,1.50,1.32
2012.04.27 07:53:44.448,0.81438,0.81448,1.50,2.63
2012.04.27 07:53:44.518,0.81438,0.81448,1.50,2.63
2012.04.27 07:53:44.588,0.81436,0.81448,2.25,2.63
2012.04.27 07:53:44.658,0.81434,0.81446,3.00,2.25
2012.04.27 07:53:44.857,0.81438,0.81447,1.50,1.88
2012.04.27 07:53:45.375,0.81437,0.81447,1.50,1.32
2012.04.27 07:53:46.138,0.8144,0.81448,1.50,1.13
2012.04.27 07:53:46.469,0.81436,0.81448,2.25,2.63
2012.04.27 07:53:47.430,0.81438,0.81448,1.50,2.63
2012.04.27 07:53:47.946,0.81437,0.81448,1.50,2.63
2012.04.27 07:53:48.019,0.81437,0.81445,1.50,1.50
2012.04.27 07:53:48.545,0.81437,0.81446,1.50,1.50
2012.04.27 07:53:49.075,0.81437,0.81446,1.50,1.50
2012.04.27 07:53:50.510,0.81437,0.81447,1.50,1.50
2012.04.27 07:53:50.580,0.81437,0.81449,4.13,1.50
2012.04.27 07:53:51.129,0.81438,0.8145,3.00,2.25
2012.04.27 07:53:54.418,0.81439,0.81451,4.13,2.82
2012.04.27 07:53:55.539,0.81441,0.81451,1.50,2.63
2012.04.27 07:53:56.216,0.81442,0.81453,1.50,1.13
2012.04.27 07:53:56.807,0.81442,0.81452,1.50,1.88
2012.04.27 07:53:56.878,0.81445,0.81453,1.50,1.13
2012.04.27 07:53:57.248,0.81441,0.81452,1.50,1.13
2012.04.27 07:53:57.460,0.81443,0.81452,1.50,1.13
2012.04.27 07:53:57.987,0.81444,0.81452,1.50,1.13
2012.04.27 07:53:58.685,0.81443,0.81452,1.50,1.13
2012.04.27 07:53:58.898,0.81441,0.81452,1.50,1.13
2012.04.27 07:53:59.437,0.8144,0.8145,3.38,1.50
2012.04.27 07:53:59.967,0.81441,0.81451,1.50,1.88
2012.04.27 07:54:00.589,0.8144,0.8145,3.38,1.50
2012.04.27 07:54:01.201,0.81441,0.8145,1.13,1.50
2012.04.27 07:54:01.736,0.81441,0.81451,3.00,1.50
2012.04.27 07:54:02.136,0.8144,0.81449,1.88,1.50
2012.04.27 07:54:02.696,0.8144,0.8145,3.38,1.50
2012.04.27 07:54:03.199,0.81441,0.81451,1.50,1.50
2012.04.27 07:54:04.467,0.8144,0.8145,2.25,1.50
2012.04.27 07:54:04.992,0.81438,0.8145,3.38,1.50
2012.04.27 07:54:09.159,0.81439,0.8145,2.44,1.50
2012.04.27 07:54:10.259,0.81441,0.8145,1.13,1.50
2012.04.27 07:54:10.598,0.81442,0.81453,4.33,2.25
2012.04.27 07:54:11.146,0.81445,0.81453,1.50,1.88
2012.04.27 07:54:11.467,0.81445,0.81453,1.50,1.88
2012.04.27 07:54:12.028,0.81444,0.81453,1.50,1.88
2012.04.27 07:54:12.620,0.81444,0.81453,1.50,1.88
2012.04.27 07:54:13.648,0.81444,0.81453,1.50,1.13
2012.04.27 07:54:14.377,0.81444,0.81454,1.50,1.88
2012.04.27 07:54:16.129,0.81444,0.81454,1.50,1.13
2012.04.27 07:54:17.117,0.81444,0.81454,1.50,1.88
2012.04.27 07:54:17.625,0.81443,0.81453,1.50,1.88
2012.04.27 07:54:17.697,0.81443,0.81453,1.50,1.88
2012.04.27 07:54:18.400,0.81442,0.81454,1.50,3.57
2012.04.27 07:54:19.022,0.81439,0.81451,3.38,2.03
2012.04.27 07:54:19.230,0.81438,0.81447,1.50,1.50
2012.04.27 07:54:19.806,0.81437,0.81446,3.00,1.50
2012.04.27 07:54:20.328,0.81438,0.81447,1.13,1.50
2012.04.27 07:54:20.396,0.8144,0.8145,1.50,1.50
2012.04.27 07:54:20.958,0.81439,0.81449,2.25,1.50
2012.04.27 07:54:22.178,0.8144,0.81449,1.13,1.50
2012.04.27 07:54:22.687,0.8144,0.8145,2.63,2.25
2012.04.27 07:54:23.238,0.81441,0.81451,1.50,2.78
2012.04.27 07:54:23.568,0.81443,0.81453,1.50,3.15
2012.04.27 07:54:24.018,0.81445,0.81453,2.44,2.03
2012.04.27 07:54:24.372,0.81449,0.81459,2.25,1.13
2012.04.27 07:54:24.447,0.81449,0.81461,3.19,1.88
2012.04.27 07:54:24.517,0.81452,0.81462,1.88,2.63
2012.04.27 07:54:25.031,0.81452,0.81462,1.50,2.25
2012.04.27 07:54:25.389,0.81452,0.81461,1.50,1.32
2012.04.27 07:54:25.461,0.81449,0.81461,1.50,2.82
2012.04.27 07:54:26.117,0.8145,0.8146,2.25,2.63
2012.04.27 07:54:26.867,0.81451,0.81462,2.25,1.13
2012.04.27 07:54:27.843,0.81452,0.81463,1.13,2.25
2012.04.27 07:54:27.990,0.81455,0.81465,1.50,3.00
2012.04.27 07:54:28.129,0.81453,0.81463,1.88,1.50
2012.04.27 07:54:28.197,0.81453,0.81463,8.25,1.50
2012.04.27 07:54:28.271,0.81454,0.81466,2.25,1.50
2012.04.27 07:54:28.608,0.81456,0.81468,2.25,2.63
2012.04.27 07:54:28.747,0.81458,0.81468,1.13,3.38
2012.04.27 07:54:29.298,0.81459,0.81468,1.50,1.50
2012.04.27 07:54:29.887,0.8146,0.81468,1.50,1.13
2012.04.27 07:54:30.491,0.8146,0.8147,1.50,3.00
2012.04.27 07:54:31.005,0.81461,0.8147,1.50,1.13
2012.04.27 07:54:32.285,0.81461,0.81471,1.50,2.63
2012.04.27 07:54:33.309,0.8146,0.81471,1.50,2.16
2012.04.27 07:54:33.850,0.8146,0.8147,1.50,3.66
2012.04.27 07:54:34.296,0.8146,0.81467,1.50,1.88
2012.04.27 07:54:34.486,0.81456,0.81467,1.50,1.88
2012.04.27 07:54:34.758,0.81458,0.81467,1.50,2.53
2012.04.27 07:54:35.306,0.81457,0.81467,1.50,3.00
2012.04.27 07:54:35.860,0.81457,0.81466,1.50,1.41
2012.04.27 07:54:36.207,0.81457,0.81467,2.25,2.91
2012.04.27 07:54:36.756,0.81457,0.81467,2.25,2.25
2012.04.27 07:54:37.075,0.81457,0.81467,1.50,2.91
2012.04.27 07:54:37.985,0.81456,0.81466,1.50,3.66
2012.04.27 07:54:40.792,0.81456,0.81466,1.50,2.63
2012.04.27 07:54:42.494,0.81453,0.81465,3.38,2.44
2012.04.27 07:54:42.826,0.81456,0.81466,1.50,1.59
2012.04.27 07:54:43.357,0.81456,0.81466,1.50,1.13
2012.04.27 07:54:44.471,0.81456,0.81467,6.00,1.13
2012.04.27 07:54:44.549,0.81456,0.81467,1.50,1.78
2012.04.27 07:54:45.338,0.81456,0.81467,2.25,1.13
2012.04.27 07:54:51.275,0.81459,0.81467,1.50,1.13
2012.04.27 07:54:51.777,0.8146,0.81467,1.50,1.13
2012.04.27 07:54:52.027,0.81457,0.81467,2.25,2.63
2012.04.27 07:54:52.919,0.81458,0.81467,1.50,1.78
2012.04.27 07:54:53.056,0.8146,0.81467,1.50,1.78
2012.04.27 07:54:53.126,0.81457,0.81467,2.25,3.28
2012.04.27 07:54:53.326,0.81459,0.81467,1.50,1.78
2012.04.27 07:54:53.577,0.81456,0.81468,3.38,3.66
2012.04.27 07:54:53.846,0.8146,0.81469,1.50,1.50
2012.04.27 07:54:54.373,0.8146,0.81469,1.50,1.88
2012.04.27 07:54:54.519,0.81457,0.81467,2.25,1.50
2012.04.27 07:54:58.607,0.81457,0.81467,2.25,2.63
2012.04.27 07:55:00.848,0.81456,0.81466,2.25,2.63
2012.04.27 07:55:01.166,0.81454,0.81464,1.50,2.25
2012.04.27 07:55:01.919,0.81455,0.81463,1.50,1.50
2012.04.27 07:55:02.116,0.81451,0.81461,1.50,2.25
2012.04.27 07:55:02.567,0.81454,0.81462,1.50,1.13
2012.04.27 07:55:02.977,0.81453,0.81463,2.25,1.88
2012.04.27 07:55:03.108,0.81455,0.81463,1.50,2.53
2012.04.27 07:55:03.242,0.81452,0.81462,2.25,1.50
2012.04.27 07:55:03.744,0.81452,0.81462,2.63,2.63
2012.04.27 07:55:05.045,0.81452,0.81462,2.25,2.63
2012.04.27 07:55:05.616,0.81452,0.81462,2.25,2.63
2012.04.27 07:55:11.456,0.81452,0.81462,2.25,2.25
2012.04.27 07:55:12.068,0.81452,0.81462,1.50,2.25
2012.04.27 07:55:12.350,0.81449,0.81459,3.38,1.50
2012.04.27 07:55:12.627,0.81451,0.81462,1.50,1.88
2012.04.27 07:55:13.101,0.81451,0.81461,1.50,1.13
2012.04.27 07:55:13.615,0.81452,0.8146,1.50,1.13
2012.04.27 07:55:14.116,0.81451,0.81461,1.50,3.00
2012.04.27 07:55:14.653,0.81451,0.81461,2.63,1.50
2012.04.27 07:55:14.996,0.81448,0.81459,2.07,1.50
2012.04.27 07:55:15.506,0.81451,0.81462,1.50,1.35
2012.04.27 07:55:15.637,0.81449,0.81461,1.69,2.25
2012.04.27 07:55:16.152,0.81449,0.81461,2.44,2.25
2012.04.27 07:55:16.232,0.81449,0.81459,3.38,1.50
2012.04.27 07:55:16.747,0.8145,0.8146,1.50,1.50
2012.04.27 07:55:17.086,0.81452,0.81461,1.50,1.50
2012.04.27 07:55:17.596,0.81451,0.8146,1.50,1.50
2012.04.27 07:55:17.730,0.81448,0.8146,2.63,3.00
2012.04.27 07:55:18.272,0.81449,0.8146,1.50,1.50
2012.04.27 07:55:19.472,0.81452,0.8146,1.50,1.50
2012.04.27 07:55:19.827,0.8145,0.8146,1.13,1.50
2012.04.27 07:55:20.336,0.81451,0.81461,1.50,2.07
2012.04.27 07:55:20.537,0.8145,0.8146,1.50,2.63
2012.04.27 07:55:20.606,0.81448,0.8146,1.50,2.63
2012.04.27 07:55:21.139,0.81449,0.81457,1.50,1.88
2012.04.27 07:55:21.210,0.81449,0.81457,1.50,1.50
2012.04.27 07:55:21.282,0.81445,0.81455,1.50,2.25
2012.04.27 07:55:21.416,0.81442,0.81454,2.63,1.50
2012.04.27 07:55:21.488,0.81442,0.81452,1.13,1.50
2012.04.27 07:55:21.829,0.81446,0.81452,1.13,1.50
2012.04.27 07:55:22.386,0.81451,0.81459,1.50,1.13
2012.04.27 07:55:22.897,0.8145,0.8146,1.50,1.13
2012.04.27 07:55:23.668,0.81451,0.8146,1.50,1.13
2012.04.27 07:55:25.628,0.81451,0.81461,1.50,1.13
2012.04.27 07:55:25.704,0.81449,0.81461,1.50,2.25
2012.04.27 07:55:26.696,0.81451,0.81461,1.50,1.13
2012.04.27 07:55:27.316,0.81448,0.8146,3.00,1.50
2012.04.27 07:55:27.831,0.81448,0.8146,1.50,2.25
2012.04.27 07:55:27.897,0.81447,0.81457,3.00,1.50
2012.04.27 07:55:29.385,0.81447,0.81457,3.00,1.50
2012.04.27 07:55:29.887,0.81448,0.81458,1.50,1.50
2012.04.27 07:55:30.398,0.81446,0.81458,3.75,1.50
2012.04.27 07:55:30.769,0.81446,0.81455,1.88,1.50
2012.04.27 07:55:32.970,0.81447,0.81457,2.25,1.50
2012.04.27 07:55:38.305,0.81446,0.81455,1.69,1.50
2012.04.27 07:55:38.615,0.81448,0.81458,2.44,1.50
2012.04.27 07:55:38.807,0.8145,0.8146,1.50,2.25
2012.04.27 07:55:39.114,0.81452,0.81462,1.50,3.38
2012.04.27 07:55:39.308,0.81452,0.81462,1.50,3.38
2012.04.27 07:55:39.434,0.81452,0.81462,1.50,3.38
2012.04.27 07:55:40.328,0.8145,0.81462,1.50,3.38
2012.04.27 07:55:41.027,0.81449,0.81459,1.50,1.50
2012.04.27 07:55:41.836,0.81447,0.81458,1.88,1.50
2012.04.27 07:55:42.938,0.81445,0.81455,4.32,1.50
2012.04.27 07:55:44.236,0.81446,0.81455,3.21,1.50
2012.04.27 07:55:45.686,0.81446,0.81455,1.50,1.50
2012.04.27 07:55:46.778,0.81446,0.81455,1.69,1.50
2012.04.27 07:55:46.909,0.81447,0.81457,2.82,1.50
2012.04.27 07:55:47.389,0.81447,0.81459,3.57,1.50
2012.04.27 07:55:47.458,0.81451,0.81461,1.50,2.25
2012.04.27 07:55:48.177,0.81451,0.81463,1.50,3.38
2012.04.27 07:55:48.770,0.81454,0.81462,1.50,1.13
2012.04.27 07:55:49.217,0.8145,0.81462,3.75,1.88
2012.04.27 07:55:49.420,0.81453,0.81463,1.69,1.50
2012.04.27 07:55:49.758,0.81457,0.81466,1.50,1.13
2012.04.27 07:55:49.826,0.81455,0.81466,1.50,1.13
2012.04.27 07:55:50.436,0.81455,0.81466,1.88,1.13
2012.04.27 07:55:50.520,0.81457,0.81467,2.25,1.50
2012.04.27 07:55:50.591,0.8146,0.8147,1.50,6.38
2012.04.27 07:55:51.141,0.81458,0.81468,1.50,1.13
2012.04.27 07:55:51.325,0.8146,0.81468,1.50,1.13
2012.04.27 07:55:51.736,0.81458,0.81469,1.69,1.13
2012.04.27 07:55:51.876,0.8146,0.81469,1.50,1.13
2012.04.27 07:55:52.386,0.81459,0.81469,1.50,1.50
2012.04.27 07:55:52.906,0.81459,0.8147,1.50,2.85
2012.04.27 07:55:54.099,0.81458,0.8147,1.69,4.35
2012.04.27 07:55:54.587,0.81457,0.81467,3.19,1.50
2012.04.27 07:55:54.860,0.81457,0.81469,3.19,1.50
2012.04.27 07:55:54.999,0.81461,0.81471,1.50,1.50
2012.04.27 07:55:55.534,0.81462,0.81472,1.50,1.50
2012.04.27 07:55:57.321,0.81463,0.81473,1.50,1.13
2012.04.27 07:55:57.657,0.81465,0.81474,1.50,2.10
2012.04.27 07:55:57.987,0.81467,0.81477,1.50,1.50
2012.04.27 07:55:58.176,0.81468,0.81479,1.50,1.13
2012.04.27 07:56:00.468,0.8147,0.81479,1.50,1.13
2012.04.27 07:56:01.054,0.81468,0.81478,1.50,2.25
2012.04.27 07:56:04.118,0.81465,0.81475,1.50,1.13
2012.04.27 07:56:04.329,0.81463,0.81475,1.50,1.50
2012.04.27 07:56:04.471,0.81462,0.81473,1.13,1.50
2012.04.27 07:56:04.994,0.81462,0.81473,1.88,1.50
2012.04.27 07:56:05.529,0.81464,0.81473,1.13,1.50
2012.04.27 07:56:05.847,0.81467,0.81476,1.50,2.25
2012.04.27 07:56:06.259,0.81463,0.81475,2.25,3.00
2012.04.27 07:56:06.399,0.81462,0.81472,1.13,1.50
2012.04.27 07:56:06.739,0.8146,0.8147,1.88,1.50
2012.04.27 07:56:07.582,0.81459,0.8147,1.88,1.50
2012.04.27 07:56:08.137,0.81459,0.81469,4.13,1.50
2012.04.27 07:56:09.449,0.81461,0.81467,1.88,1.50
2012.04.27 07:56:10.006,0.81461,0.81468,1.88,1.50
2012.04.27 07:56:10.560,0.81461,0.81469,1.88,1.50
2012.04.27 07:56:11.089,0.81461,0.8147,1.88,1.50
2012.04.27 07:56:11.605,0.81462,0.8147,1.88,1.50
2012.04.27 07:56:12.156,0.81462,0.81471,1.88,1.50
2012.04.27 07:56:12.586,0.81461,0.81473,2.25,1.50
2012.04.27 07:56:13.015,0.8146,0.81469,1.88,1.50
2012.04.27 07:56:13.696,0.81459,0.81469,3.38,1.50
2012.04.27 07:56:13.838,0.81461,0.81473,1.50,2.25
2012.04.27 07:56:14.395,0.81461,0.81471,1.50,1.50
2012.04.27 07:56:14.896,0.81461,0.81473,2.63,3.00
2012.04.27 07:56:15.442,0.81462,0.81472,1.50,2.25
2012.04.27 07:56:15.956,0.81463,0.81473,1.50,1.50
2012.04.27 07:56:16.297,0.81462,0.8147,1.13,1.50
2012.04.27 07:56:16.857,0.81461,0.8147,1.88,1.50
2012.04.27 07:56:17.446,0.81461,0.81473,3.38,2.25
2012.04.27 07:56:18.056,0.81464,0.81473,1.50,1.13
2012.04.27 07:56:18.616,0.81464,0.81473,1.50,1.50
2012.04.27 07:56:19.143,0.81461,0.81471,1.50,1.50
2012.04.27 07:56:19.646,0.81462,0.81472,1.50,2.25
2012.04.27 07:56:20.041,0.81458,0.81468,1.69,1.50
2012.04.27 07:56:20.567,0.81459,0.81469,1.13,1.50
2012.04.27 07:56:20.639,0.81461,0.81473,1.50,2.63
2012.04.27 07:56:21.778,0.81459,0.81471,2.63,1.50
2012.04.27 07:56:22.206,0.81459,0.81469,2.63,1.50
2012.04.27 07:56:23.533,0.8146,0.8147,1.50,1.50
2012.04.27 07:56:24.084,0.81459,0.8147,1.13,1.50
2012.04.27 07:56:24.584,0.81459,0.81471,2.63,1.50
2012.04.27 07:56:26.895,0.81459,0.8147,1.13,1.50
2012.04.27 07:56:27.446,0.81459,0.81471,2.63,1.50
2012.04.27 07:56:30.124,0.81459,0.81469,2.63,1.50
2012.04.27 07:56:30.315,0.81459,0.81471,2.63,2.25
2012.04.27 07:56:30.516,0.81459,0.81469,2.63,1.50
2012.04.27 07:56:31.075,0.8146,0.8147,1.50,1.50
2012.04.27 07:56:32.280,0.81459,0.81469,2.63,1.50
2012.04.27 07:56:32.774,0.81459,0.81471,2.63,2.25
2012.04.27 07:56:33.065,0.81459,0.81471,3.38,2.25
2012.04.27 07:56:33.408,0.81464,0.81473,1.50,1.35
2012.04.27 07:56:33.956,0.81464,0.81473,1.50,1.35
2012.04.27 07:56:38.917,0.81464,0.81474,6.00,1.50
2012.04.27 07:56:39.046,0.81465,0.81475,1.13,2.85
2012.04.27 07:56:39.307,0.8147,0.81476,1.50,1.13
2012.04.27 07:56:39.815,0.81466,0.81477,2.63,1.13
2012.04.27 07:56:39.950,0.81466,0.81475,1.50,1.50
2012.04.27 07:56:40.088,0.81464,0.81475,3.38,1.50
2012.04.27 07:56:40.156,0.81467,0.81475,1.13,1.50
2012.04.27 07:56:40.227,0.81467,0.81476,1.13,2.48
2012.04.27 07:56:41.039,0.81467,0.81477,1.88,2.48
2012.04.27 07:56:41.371,0.8147,0.81479,1.50,1.28
2012.04.27 07:56:41.685,0.81468,0.81478,2.63,2.63
2012.04.27 07:56:42.128,0.8147,0.81478,1.50,1.13
2012.04.27 07:56:42.448,0.8147,0.8148,1.50,3.75
2012.04.27 07:56:42.851,0.81467,0.81476,1.13,1.50
2012.04.27 07:56:42.923,0.81467,0.81478,1.13,3.98
2012.04.27 07:56:43.355,0.81466,0.81478,1.50,3.98
2012.04.27 07:56:43.889,0.81465,0.81477,2.25,2.25
2012.04.27 07:56:44.337,0.81464,0.81474,1.50,2.25
2012.04.27 07:56:44.477,0.81461,0.81472,3.00,1.50
2012.04.27 07:56:44.616,0.81461,0.81469,1.88,1.50
2012.04.27 07:56:45.170,0.81461,0.8147,1.88,1.50
2012.04.27 07:56:45.968,0.81465,0.81475,2.25,3.38
2012.04.27 07:56:46.318,0.81467,0.81476,1.50,1.73
2012.04.27 07:56:46.661,0.81467,0.81473,1.50,1.41
2012.04.27 07:56:46.859,0.81466,0.81476,1.50,2.48
2012.04.27 07:56:46.988,0.81464,0.81476,1.50,3.98
2012.04.27 07:56:47.796,0.81466,0.81476,1.50,4.35
2012.04.27 07:56:47.936,0.81463,0.81473,1.69,1.50
2012.04.27 07:56:48.008,0.81461,0.81471,3.38,1.50
2012.04.27 07:56:48.550,0.81463,0.81474,1.50,1.13
2012.04.27 07:56:49.105,0.81464,0.81474,1.50,1.88
2012.04.27 07:56:49.178,0.81464,0.81475,1.50,1.50
2012.04.27 07:56:49.378,0.81464,0.81476,1.50,3.00
2012.04.27 07:56:49.590,0.81466,0.81476,1.50,2.25
2012.04.27 07:56:49.970,0.81463,0.81475,3.38,2.25
2012.04.27 07:56:50.108,0.81461,0.81473,2.44,1.50
2012.04.27 07:56:50.616,0.81462,0.81472,1.50,1.50
2012.04.27 07:56:51.158,0.8146,0.8147,5.08,1.50
2012.04.27 07:56:51.722,0.8146,0.81469,1.32,1.50
2012.04.27 07:56:52.058,0.8146,0.81471,1.32,1.50
2012.04.27 07:56:52.569,0.81464,0.81474,1.50,1.50
2012.04.27 07:56:53.135,0.81464,0.81474,1.50,4.78
2012.04.27 07:56:53.336,0.81462,0.81472,1.50,2.25
2012.04.27 07:56:53.609,0.8146,0.81472,1.50,2.25
2012.04.27 07:56:53.809,0.81459,0.81467,1.13,1.50
2012.04.27 07:56:54.334,0.81457,0.81467,5.44,1.50
2012.04.27 07:56:54.668,0.81462,0.81472,1.50,4.35
2012.04.27 07:56:55.169,0.8146,0.81469,1.50,2.85
2012.04.27 07:56:55.238,0.81458,0.81469,1.50,2.85
2012.04.27 07:56:55.756,0.81459,0.81468,1.50,1.50
2012.04.27 07:56:55.886,0.81456,0.81468,1.50,3.00
2012.04.27 07:56:56.326,0.81459,0.81468,1.50,1.50
2012.04.27 07:56:57.744,0.81459,0.81468,1.50,1.50
2012.04.27 07:56:58.278,0.81457,0.81469,1.50,3.38
2012.04.27 07:56:58.905,0.81457,0.81467,1.50,2.25
2012.04.27 07:56:59.465,0.81456,0.81468,2.25,2.25
2012.04.27 07:56:59.877,0.81457,0.81467,1.32,1.50
2012.04.27 07:57:00.196,0.81462,0.8147,1.50,1.13
2012.04.27 07:57:00.814,0.81458,0.81468,1.69,2.25
2012.04.27 07:57:01.358,0.81459,0.81468,1.50,1.50
2012.04.27 07:57:01.567,0.81455,0.81467,2.44,1.50
2012.04.27 07:57:02.277,0.81457,0.81469,1.50,2.63
2012.04.27 07:57:03.489,0.81458,0.81468,1.50,1.50
2012.04.27 07:57:04.338,0.81456,0.81466,1.50,1.50
2012.04.27 07:57:05.001,0.81456,0.81466,1.50,2.25
2012.04.27 07:57:05.070,0.81453,0.81463,1.13,1.50
2012.04.27 07:57:05.457,0.81453,0.81463,3.58,1.50
2012.04.27 07:57:05.809,0.81455,0.81465,1.69,2.25
2012.04.27 07:57:05.878,0.81453,0.81462,2.83,1.50
2012.04.27 07:57:06.005,0.81455,0.81465,1.69,2.25
2012.04.27 07:57:06.197,0.81454,0.81464,1.69,3.00
2012.04.27 07:57:06.974,0.81451,0.81461,3.21,1.50
2012.04.27 07:57:07.057,0.81449,0.81458,2.63,1.50
2012.04.27 07:57:07.133,0.81451,0.81461,1.50,2.25
2012.04.27 07:57:07.659,0.81451,0.81463,1.88,2.25
2012.04.27 07:57:07.793,0.81453,0.81463,1.13,1.50
2012.04.27 07:57:08.358,0.81451,0.81462,3.00,1.50
2012.04.27 07:57:08.903,0.81451,0.81463,4.50,1.50
2012.04.27 07:57:09.225,0.81451,0.81461,4.50,1.50
2012.04.27 07:57:09.497,0.81453,0.81465,1.50,2.25
2012.04.27 07:57:10.374,0.81454,0.81466,1.50,2.63
2012.04.27 07:57:10.454,0.81451,0.81463,4.50,1.50
2012.04.27 07:57:10.838,0.81451,0.81459,2.63,1.50
2012.04.27 07:57:11.087,0.8145,0.81459,3.00,1.50
2012.04.27 07:57:11.587,0.8145,0.81457,1.50,1.50
2012.04.27 07:57:12.025,0.81449,0.81459,1.88,1.50
2012.04.27 07:57:12.155,0.81451,0.81463,1.50,3.00
2012.04.27 07:57:12.345,0.81448,0.81455,2.63,1.50
2012.04.27 07:57:12.596,0.81448,0.81457,2.63,1.50
2012.04.27 07:57:13.117,0.81448,0.81456,2.63,1.50
2012.04.27 07:57:14.789,0.8145,0.8146,2.25,1.50
2012.04.27 07:57:15.307,0.81445,0.81455,2.25,1.50
2012.04.27 07:57:15.837,0.81445,0.81456,2.25,1.50
2012.04.27 07:57:16.307,0.81444,0.81454,1.88,1.50
2012.04.27 07:57:16.820,0.81445,0.81455,1.50,1.50
2012.04.27 07:57:18.255,0.81446,0.81458,1.50,2.25
2012.04.27 07:57:18.445,0.81445,0.81455,2.25,1.50
2012.04.27 07:57:19.027,0.81446,0.81458,1.50,2.25
2012.04.27 07:57:19.348,0.81448,0.81458,1.50,2.25
2012.04.27 07:57:19.858,0.81446,0.81456,2.07,1.50
2012.04.27 07:57:20.255,0.81447,0.81459,3.00,3.00
2012.04.27 07:57:21.001,0.81446,0.81455,1.13,1.50
2012.04.27 07:57:21.078,0.81447,0.81457,1.88,1.50
2012.04.27 07:57:21.289,0.81446,0.81455,1.13,1.50
2012.04.27 07:57:24.257,0.81447,0.81459,3.75,1.50
2012.04.27 07:57:24.387,0.81449,0.81461,1.50,3.75
2012.04.27 07:57:24.952,0.81447,0.81458,1.13,1.50
2012.04.27 07:57:25.624,0.81447,0.81459,2.63,1.50
2012.04.27 07:57:28.020,0.81447,0.81459,3.00,1.50
2012.04.27 07:57:29.169,0.81447,0.81459,2.63,1.50
2012.04.27 07:57:30.017,0.81447,0.81459,2.82,1.50
2012.04.27 07:57:30.326,0.8145,0.8146,1.50,1.50
2012.04.27 07:57:30.837,0.81449,0.81461,1.50,2.25
2012.04.27 07:57:31.146,0.81453,0.81462,1.50,1.50
2012.04.27 07:57:35.886,0.81454,0.81462,1.50,1.50
2012.04.27 07:57:44.317,0.81451,0.81461,1.50,1.69
2012.04.27 07:57:44.826,0.81452,0.81461,1.50,1.69
2012.04.27 07:57:46.259,0.81452,0.81461,1.50,2.63
2012.04.27 07:57:46.327,0.81454,0.8146,1.50,1.13
2012.04.27 07:57:46.469,0.81446,0.81458,3.38,1.50
2012.04.27 07:57:46.728,0.81446,0.81456,1.13,1.50
2012.04.27 07:57:48.818,0.81448,0.81458,1.69,1.50
2012.04.27 07:57:49.239,0.8145,0.8146,1.50,2.25
2012.04.27 07:57:49.748,0.81449,0.81459,1.50,1.50
2012.04.27 07:57:50.088,0.81446,0.81456,2.63,1.50
2012.04.27 07:57:50.596,0.81446,0.81456,2.63,1.50
2012.04.27 07:57:51.949,0.81447,0.81456,1.13,1.50
2012.04.27 07:57:52.150,0.81451,0.81461,1.50,3.00
2012.04.27 07:57:52.656,0.81452,0.81462,1.50,3.75
2012.04.27 07:57:53.606,0.81451,0.81462,1.50,2.25
2012.04.27 07:57:54.369,0.81452,0.81462,1.50,3.00
2012.04.27 07:57:55.146,0.81454,0.81463,1.50,2.25
2012.04.27 07:57:57.436,0.81455,0.81462,1.50,1.50
2012.04.27 07:57:57.838,0.81454,0.81462,1.50,1.50
2012.04.27 07:57:58.668,0.81451,0.81462,2.25,1.88
2012.04.27 07:57:59.286,0.81454,0.81463,1.50,1.50
2012.04.27 07:58:00.127,0.81454,0.81465,1.50,1.88
2012.04.27 07:58:00.447,0.81454,0.81464,1.50,1.50
2012.04.27 07:58:02.497,0.81453,0.81464,1.50,2.63
2012.04.27 07:58:02.807,0.81455,0.81463,1.50,1.13
2012.04.27 07:58:02.877,0.81453,0.81463,1.50,1.13
2012.04.27 07:58:03.647,0.81453,0.81464,2.25,2.40
2012.04.27 07:58:03.784,0.81453,0.81464,1.50,3.00
2012.04.27 07:58:03.999,0.81451,0.81462,1.50,1.13
2012.04.27 07:58:04.816,0.8145,0.8146,1.50,2.25
2012.04.27 07:58:04.895,0.81453,0.81463,1.50,2.63
2012.04.27 07:58:05.179,0.81454,0.81463,1.50,1.13
2012.04.27 07:58:06.578,0.81454,0.81462,1.50,1.50
2012.04.27 07:58:06.966,0.81452,0.81462,1.50,2.25
2012.04.27 07:58:07.336,0.81454,0.81463,1.50,1.88
2012.04.27 07:58:07.886,0.81453,0.81463,1.50,1.13
2012.04.27 07:58:08.079,0.81455,0.81464,1.50,1.69
2012.04.27 07:58:08.859,0.81455,0.81464,1.50,1.65
2012.04.27 07:58:09.267,0.81458,0.81466,1.50,1.41
2012.04.27 07:58:09.340,0.81456,0.81468,1.50,4.35
2012.04.27 07:58:09.719,0.81454,0.81465,1.69,2.25
2012.04.27 07:58:09.787,0.81454,0.81463,1.69,1.50
2012.04.27 07:58:10.108,0.81458,0.81468,1.50,3.23
2012.04.27 07:58:11.007,0.81459,0.81468,1.50,1.50
2012.04.27 07:58:11.539,0.81459,0.81469,1.50,1.50
2012.04.27 07:58:11.813,0.81461,0.8147,1.50,1.50
2012.04.27 07:58:12.169,0.81457,0.81466,3.96,1.50
2012.04.27 07:58:12.237,0.81457,0.81466,2.63,1.50
2012.04.27 07:58:12.558,0.81458,0.81466,1.50,1.50
2012.04.27 07:58:13.057,0.81462,0.81472,1.50,3.12
2012.04.27 07:58:13.129,0.81458,0.81468,3.75,1.50
2012.04.27 07:58:13.698,0.81458,0.81467,3.38,1.50
2012.04.27 07:58:13.774,0.81458,0.8147,4.88,1.50
2012.04.27 07:58:14.288,0.81459,0.81471,2.25,1.50
2012.04.27 07:58:14.476,0.81461,0.81471,1.50,1.50
2012.04.27 07:58:14.997,0.81462,0.81472,1.50,3.15
2012.04.27 07:58:15.568,0.8146,0.8147,1.50,1.50
2012.04.27 07:58:15.757,0.81462,0.81472,1.50,2.40
2012.04.27 07:58:17.526,0.8146,0.81472,2.25,2.40
2012.04.27 07:58:18.087,0.81462,0.81472,1.50,1.50
2012.04.27 07:58:18.397,0.81464,0.81473,1.50,2.63
2012.04.27 07:58:19.625,0.81464,0.81473,1.50,2.63
2012.04.27 07:58:22.497,0.81462,0.81472,1.50,2.25
2012.04.27 07:58:23.480,0.81465,0.81473,1.50,1.13
2012.04.27 07:58:24.628,0.81465,0.81473,1.50,2.63
2012.04.27 07:58:24.697,0.81461,0.81471,2.25,1.50
2012.04.27 07:58:25.386,0.81462,0.81472,1.50,3.19
2012.04.27 07:58:27.081,0.81462,0.81471,1.50,1.13
2012.04.27 07:58:27.220,0.81462,0.81469,1.50,3.58
2012.04.27 07:58:27.919,0.81461,0.81467,1.50,1.69
2012.04.27 07:58:27.987,0.81453,0.81463,2.25,1.50
2012.04.27 07:58:28.240,0.81454,0.81465,1.69,1.50
2012.04.27 07:58:28.776,0.81454,0.81466,3.19,1.50
2012.04.27 07:58:30.479,0.81454,0.81464,1.50,1.50
2012.04.27 07:58:30.547,0.81452,0.81464,3.57,1.50
2012.04.27 07:58:30.687,0.81452,0.81462,2.07,1.50
2012.04.27 07:58:30.817,0.81453,0.81465,2.25,1.50
2012.04.27 07:58:31.400,0.81454,0.81466,3.00,4.13
2012.04.27 07:58:31.469,0.81454,0.81466,2.25,4.13
2012.04.27 07:58:31.729,0.81451,0.81463,1.50,1.50
2012.04.27 07:58:32.246,0.8145,0.81462,2.63,1.50
2012.04.27 07:58:32.378,0.8145,0.81458,1.13,1.50
2012.04.27 07:58:33.059,0.81448,0.81458,1.13,1.50
2012.04.27 07:58:33.578,0.81447,0.81458,3.00,1.50
2012.04.27 07:58:34.096,0.81447,0.81456,1.50,1.50
2012.04.27 07:58:34.239,0.81447,0.81458,1.50,1.50
2012.04.27 07:58:34.380,0.81447,0.81456,1.50,1.50
2012.04.27 07:58:34.991,0.81446,0.81455,3.38,1.13
2012.04.27 07:58:35.513,0.81443,0.81452,1.50,1.50
2012.04.27 07:58:35.658,0.81442,0.81452,2.25,1.50
2012.04.27 07:58:36.186,0.81442,0.81451,1.50,1.50
2012.04.27 07:58:36.689,0.81442,0.81452,1.88,1.50
2012.04.27 07:58:38.859,0.81445,0.81453,2.82,1.50
2012.04.27 07:58:38.937,0.81445,0.81456,1.69,2.25
2012.04.27 07:58:39.078,0.8145,0.81457,1.50,1.41
2012.04.27 07:58:39.567,0.81448,0.81458,1.50,3.19
2012.04.27 07:58:40.605,0.81445,0.81456,1.50,1.50
2012.04.27 07:58:41.381,0.81448,0.81458,1.50,1.69
2012.04.27 07:58:41.724,0.81444,0.81455,1.13,1.50
2012.04.27 07:58:42.260,0.81442,0.81454,3.57,1.50
2012.04.27 07:58:42.814,0.81443,0.81455,2.25,1.50
2012.04.27 07:58:43.128,0.81443,0.81455,2.25,1.50
2012.04.27 07:58:43.329,0.81446,0.81457,2.25,1.88
2012.04.27 07:58:43.477,0.81446,0.81455,1.50,1.13
2012.04.27 07:58:43.552,0.81444,0.81454,1.50,1.69
2012.04.27 07:58:44.320,0.81442,0.81452,2.25,1.50
2012.04.27 07:58:44.663,0.81441,0.8145,1.88,1.50
2012.04.27 07:58:45.295,0.81441,0.8145,2.25,1.50
2012.04.27 07:58:47.995,0.81441,0.8145,1.88,1.50
2012.04.27 07:58:48.624,0.81441,0.8145,1.88,1.50
2012.04.27 07:58:49.183,0.81442,0.8145,1.13,1.50
2012.04.27 07:58:49.386,0.81441,0.81453,3.00,1.50
2012.04.27 07:58:49.583,0.81441,0.81451,1.50,1.50
2012.04.27 07:58:50.120,0.81442,0.81452,1.13,1.50
2012.04.27 07:58:50.454,0.81441,0.8145,1.50,1.50
2012.04.27 07:58:50.967,0.81441,0.8145,1.50,1.50
2012.04.27 07:58:51.426,0.81441,0.81452,1.88,1.50
2012.04.27 07:58:51.625,0.81441,0.8145,1.88,1.50
2012.04.27 07:58:51.954,0.81441,0.81452,1.88,1.50
2012.04.27 07:58:52.204,0.81441,0.81451,1.88,1.50
2012.04.27 07:58:52.821,0.81439,0.81451,3.00,1.50
2012.04.27 07:58:53.444,0.81441,0.8145,1.50,1.50
2012.04.27 07:58:54.275,0.81441,0.81451,3.00,1.50
2012.04.27 07:58:54.615,0.81441,0.81453,4.69,1.50
2012.04.27 07:58:54.684,0.81444,0.81456,2.25,2.25
2012.04.27 07:58:55.212,0.81443,0.81455,2.25,1.50
2012.04.27 07:58:55.824,0.81446,0.81458,2.25,3.00
2012.04.27 07:58:55.902,0.81449,0.81458,1.50,1.50
2012.04.27 07:58:56.294,0.81449,0.81459,1.50,1.50
2012.04.27 07:58:56.369,0.81452,0.81459,1.50,2.25
2012.04.27 07:58:56.564,0.81448,0.81458,2.25,1.88
2012.04.27 07:58:56.826,0.81451,0.8146,1.50,1.50
2012.04.27 07:58:57.275,0.81447,0.81457,2.25,1.50
2012.04.27 07:58:57.844,0.8145,0.8146,2.25,2.25
2012.04.27 07:58:58.356,0.81449,0.81459,2.25,1.50
2012.04.27 07:58:58.567,0.81453,0.81462,2.25,1.32
2012.04.27 07:58:58.895,0.81448,0.81458,1.50,1.50
2012.04.27 07:58:59.697,0.81451,0.81462,2.25,1.32
2012.04.27 07:59:00.215,0.81452,0.81464,2.25,5.08
2012.04.27 07:59:01.624,0.81452,0.81462,2.25,2.25
2012.04.27 07:59:03.488,0.8145,0.81462,2.25,2.25
2012.04.27 07:59:03.554,0.81448,0.8146,3.19,1.50
2012.04.27 07:59:03.890,0.81448,0.81457,1.69,1.50
2012.04.27 07:59:04.094,0.8145,0.81462,2.25,2.25
2012.04.27 07:59:04.626,0.81451,0.81461,2.25,1.50
2012.04.27 07:59:04.758,0.81449,0.81458,1.50,1.50
2012.04.27 07:59:05.023,0.81449,0.81461,3.98,1.50
2012.04.27 07:59:06.813,0.81449,0.81459,3.60,1.50
2012.04.27 07:59:07.586,0.81449,0.81459,3.60,1.50
2012.04.27 07:59:07.857,0.81449,0.81459,2.25,1.50
2012.04.27 07:59:08.373,0.81449,0.81459,2.25,1.50
2012.04.27 07:59:08.517,0.81447,0.81457,2.25,1.50
2012.04.27 07:59:08.645,0.81447,0.81459,2.25,1.50
2012.04.27 07:59:08.836,0.81452,0.81461,1.50,2.25
2012.04.27 07:59:09.083,0.81449,0.81459,2.25,1.50
2012.04.27 07:59:09.777,0.81452,0.81462,2.25,2.07
2012.04.27 07:59:10.128,0.81448,0.81457,1.50,1.50
2012.04.27 07:59:10.196,0.81447,0.81459,4.13,1.50
2012.04.27 07:59:10.777,0.81447,0.81459,4.13,1.50
2012.04.27 07:59:11.255,0.81451,0.81461,2.25,1.13
2012.04.27 07:59:12.421,0.81446,0.81458,2.44,1.50
2012.04.27 07:59:12.953,0.81451,0.81461,2.25,2.83
2012.04.27 07:59:13.306,0.81453,0.81461,1.50,1.13
2012.04.27 07:59:13.447,0.81451,0.81461,1.50,1.50
2012.04.27 07:59:13.578,0.81449,0.81461,2.25,3.75
2012.04.27 07:59:13.649,0.81447,0.81457,2.25,2.25
2012.04.27 07:59:13.719,0.81447,0.81457,2.25,2.25
2012.04.27 07:59:14.005,0.81444,0.81454,3.00,1.50
2012.04.27 07:59:14.515,0.81444,0.81453,1.50,1.50
2012.04.27 07:59:14.645,0.81444,0.81456,3.00,1.50
2012.04.27 07:59:15.354,0.81444,0.81455,1.50,1.50
2012.04.27 07:59:16.034,0.81444,0.81455,1.50,1.50
2012.04.27 07:59:16.437,0.81444,0.81453,2.25,1.50
2012.04.27 07:59:17.063,0.81444,0.81454,2.25,1.50
2012.04.27 07:59:17.565,0.81444,0.81454,3.75,1.50
2012.04.27 07:59:17.886,0.81444,0.81454,3.75,1.50
2012.04.27 07:59:18.512,0.81444,0.81453,2.25,1.50
2012.04.27 07:59:19.154,0.81444,0.81454,2.44,1.50
2012.04.27 07:59:19.988,0.81445,0.81454,1.50,2.25
2012.04.27 07:59:20.326,0.81444,0.81452,1.50,1.50
2012.04.27 07:59:20.843,0.81444,0.81452,1.50,1.50
2012.04.27 07:59:20.987,0.81443,0.81452,2.10,1.50
2012.04.27 07:59:21.564,0.81444,0.81453,1.50,1.50
2012.04.27 07:59:21.816,0.81443,0.81452,2.10,1.50
2012.04.27 07:59:23.303,0.81443,0.81452,2.48,1.50
2012.04.27 07:59:23.847,0.81443,0.81452,1.50,1.50
2012.04.27 07:59:24.451,0.81443,0.81453,1.50,1.50
2012.04.27 07:59:26.305,0.81443,0.81453,2.82,1.50
2012.04.27 07:59:26.767,0.81445,0.81456,1.50,1.50
2012.04.27 07:59:27.610,0.81446,0.81458,2.25,2.25
2012.04.27 07:59:27.758,0.81444,0.81456,4.13,2.25
2012.04.27 07:59:28.072,0.81444,0.81453,1.50,1.50
2012.04.27 07:59:28.515,0.81445,0.81455,2.25,2.25
2012.04.27 07:59:29.075,0.81444,0.81454,3.75,1.50
2012.04.27 07:59:29.633,0.81444,0.81455,1.50,1.50
2012.04.27 07:59:30.174,0.81444,0.81456,4.50,1.50
2012.04.27 07:59:31.673,0.81444,0.81455,2.63,1.50
2012.04.27 07:59:31.925,0.81444,0.81453,1.50,1.50
2012.04.27 07:59:32.234,0.81444,0.81455,1.50,1.50
2012.04.27 07:59:32.782,0.81448,0.81458,2.25,2.25
2012.04.27 07:59:33.103,0.81449,0.81461,1.50,2.07
2012.04.27 07:59:33.795,0.81452,0.81462,1.50,4.13
2012.04.27 07:59:34.136,0.81447,0.81457,2.44,1.50
2012.04.27 07:59:34.695,0.8145,0.8146,1.50,1.13
2012.04.27 07:59:35.312,0.81448,0.8146,2.25,2.63
2012.04.27 07:59:36.118,0.8145,0.8146,1.50,2.63
2012.04.27 07:59:36.663,0.8145,0.8146,1.50,2.25
2012.04.27 07:59:37.662,0.8145,0.8146,1.50,2.25
2012.04.27 07:59:37.992,0.81448,0.8146,2.25,2.25
2012.04.27 07:59:38.367,0.8145,0.8146,1.50,2.25
2012.04.27 07:59:38.696,0.81449,0.81458,1.50,1.13
2012.04.27 07:59:39.276,0.81449,0.81459,2.25,1.50
2012.04.27 07:59:39.780,0.81447,0.81457,1.50,1.50
2012.04.27 07:59:40.125,0.81445,0.81455,3.38,1.50
2012.04.27 07:59:40.444,0.81446,0.81458,1.88,3.00
2012.04.27 07:59:40.519,0.81449,0.81458,1.50,1.50
2012.04.27 07:59:40.795,0.81446,0.81457,1.50,1.69
2012.04.27 07:59:41.056,0.81444,0.81456,2.25,2.25
2012.04.27 07:59:41.906,0.81445,0.81455,2.25,1.50
2012.04.27 07:59:41.981,0.81446,0.81457,1.50,1.88
2012.04.27 07:59:42.325,0.81444,0.81455,1.13,2.25
2012.04.27 07:59:42.644,0.81448,0.81456,1.50,1.50
2012.04.27 07:59:43.166,0.81448,0.81458,1.50,1.88
2012.04.27 07:59:43.237,0.81446,0.81458,1.50,3.38
2012.04.27 07:59:43.365,0.81443,0.81455,1.88,1.69
2012.04.27 07:59:43.564,0.81445,0.81456,1.50,3.96
2012.04.27 07:59:43.693,0.81446,0.81456,1.50,1.50
2012.04.27 07:59:44.157,0.81446,0.81456,1.50,1.50
2012.04.27 07:59:44.752,0.81447,0.81455,1.50,1.88
2012.04.27 07:59:44.834,0.81443,0.81454,1.13,2.25
2012.04.27 07:59:44.905,0.81443,0.81454,1.13,1.50
2012.04.27 07:59:45.107,0.81446,0.81458,1.50,3.57
2012.04.27 07:59:45.247,0.81444,0.81457,1.50,2.25
2012.04.27 07:59:45.375,0.81444,0.81457,1.50,2.25
2012.04.27 07:59:45.685,0.81446,0.81456,1.50,1.69
2012.04.27 07:59:46.433,0.81447,0.81456,1.50,1.69
2012.04.27 07:59:47.103,0.81447,0.81455,1.50,1.69
2012.04.27 07:59:47.756,0.81442,0.81452,2.25,1.50
2012.04.27 07:59:48.238,0.81445,0.81455,1.50,4.50
2012.04.27 07:59:48.304,0.81443,0.81455,1.50,4.50
2012.04.27 07:59:49.296,0.81445,0.81454,1.50,1.13
2012.04.27 07:59:49.855,0.81444,0.81454,1.50,2.63
2012.04.27 07:59:50.398,0.81445,0.81454,1.50,2.25
2012.04.27 07:59:52.336,0.81447,0.81455,1.50,1.32
2012.04.27 07:59:52.643,0.8145,0.81456,1.50,3.94
2012.04.27 07:59:53.587,0.81446,0.81455,1.50,1.32
2012.04.27 07:59:53.776,0.81448,0.81454,1.50,1.32
2012.04.27 07:59:54.276,0.81449,0.81454,1.50,1.32
2012.04.27 07:59:54.534,0.81445,0.81454,1.50,1.32
2012.04.27 07:59:56.847,0.81443,0.81453,2.25,2.25
2012.04.27 07:59:57.986,0.81443,0.81455,1.50,2.40
2012.04.27 07:59:58.417,0.81443,0.81455,3.00,1.88
2012.04.27 07:59:58.755,0.81447,0.81457,1.88,5.23
2012.04.27 07:59:59.065,0.81449,0.81457,1.50,2.16
