2010.12.30 20:00:00.020,0.86167,0.86183,1.50,1.50
2010.12.30 20:00:00.574,0.86168,0.86183,1.50,1.50
2010.12.30 20:00:01.164,0.8617,0.86184,1.50,2.25
2010.12.30 20:00:01.738,0.86173,0.86184,1.50,2.25
2010.12.30 20:00:02.207,0.86175,0.86186,1.50,2.25
2010.12.30 20:00:02.332,0.86173,0.86186,1.50,1.50
2010.12.30 20:00:04.294,0.86175,0.86189,1.50,1.50
2010.12.30 20:00:04.852,0.86175,0.8619,1.50,2.25
2010.12.30 20:00:05.675,0.86177,0.8619,1.50,2.25
2010.12.30 20:00:07.374,0.86175,0.8619,1.50,2.25
2010.12.30 20:00:07.604,0.86177,0.8619,1.50,2.25
2010.12.30 20:00:08.363,0.86177,0.8619,1.50,2.25
2010.12.30 20:00:08.490,0.86174,0.8619,1.50,3.00
2010.12.30 20:00:09.043,0.86174,0.8619,1.50,2.25
2010.12.30 20:00:10.512,0.86174,0.86188,1.50,1.50
2010.12.30 20:00:11.072,0.86173,0.86188,1.50,1.50
2010.12.30 20:00:11.674,0.86173,0.86188,1.50,1.50
2010.12.30 20:00:12.132,0.86173,0.86189,1.50,2.25
2010.12.30 20:00:13.037,0.86174,0.86189,1.50,2.25
2010.12.30 20:00:13.592,0.86173,0.86189,1.50,2.25
2010.12.30 20:00:13.921,0.86175,0.86189,1.50,2.25
2010.12.30 20:00:14.856,0.86174,0.86189,1.50,3.00
2010.12.30 20:00:15.412,0.86172,0.86189,1.50,3.00
2010.12.30 20:00:15.977,0.86177,0.86189,1.50,1.50
2010.12.30 20:00:16.732,0.86178,0.86189,1.50,1.50
2010.12.30 20:00:17.965,0.8618,0.86189,1.50,1.50
2010.12.30 20:00:18.087,0.8618,0.86193,1.50,1.50
2010.12.30 20:00:18.766,0.86178,0.86193,1.50,1.50
2010.12.30 20:00:19.010,0.86174,0.86189,1.50,1.50
2010.12.30 20:00:19.248,0.86172,0.86189,1.50,1.50
2010.12.30 20:00:19.750,0.86173,0.86186,1.50,1.50
2010.12.30 20:00:20.304,0.86172,0.86185,1.50,2.25
2010.12.30 20:00:20.547,0.86167,0.86185,1.50,4.02
2010.12.30 20:00:21.029,0.86166,0.86182,1.50,2.25
2010.12.30 20:00:23.491,0.86165,0.86181,1.50,1.02
2010.12.30 20:00:24.150,0.86167,0.86181,1.50,1.02
2010.12.30 20:00:25.263,0.86162,0.86179,3.00,1.50
2010.12.30 20:00:25.734,0.86162,0.86179,3.00,3.00
2010.12.30 20:00:25.980,0.86166,0.86181,2.63,1.50
2010.12.30 20:00:26.396,0.86169,0.86185,2.02,2.25
2010.12.30 20:00:26.745,0.86173,0.86187,1.50,1.50
2010.12.30 20:00:27.265,0.86174,0.86186,1.50,1.50
2010.12.30 20:00:29.341,0.86175,0.86186,1.50,1.50
2010.12.30 20:00:30.422,0.86174,0.86186,1.50,1.50
2010.12.30 20:00:30.641,0.86174,0.86189,1.50,1.50
2010.12.30 20:00:31.194,0.86174,0.8619,1.50,1.50
2010.12.30 20:00:31.762,0.86178,0.8619,1.50,1.50
2010.12.30 20:00:31.982,0.86179,0.86193,1.50,1.50
2010.12.30 20:00:32.541,0.86179,0.86192,1.50,1.50
2010.12.30 20:00:34.702,0.86179,0.86194,2.02,1.50
2010.12.30 20:00:36.785,0.8618,0.86194,1.50,1.50
2010.12.30 20:00:37.015,0.8618,0.86196,1.50,1.50
2010.12.30 20:00:37.681,0.86181,0.86196,1.50,1.50
2010.12.30 20:00:42.932,0.8618,0.86196,1.50,1.50
2010.12.30 20:00:43.494,0.86179,0.86196,2.02,1.50
2010.12.30 20:00:44.061,0.8618,0.86196,2.02,1.50
2010.12.30 20:00:44.613,0.86181,0.86196,1.50,1.50
2010.12.30 20:00:45.206,0.86179,0.86196,1.50,1.50
2010.12.30 20:00:46.093,0.8618,0.86196,1.50,1.50
2010.12.30 20:00:47.722,0.86179,0.86196,2.02,1.50
2010.12.30 20:00:49.462,0.8618,0.86196,1.50,1.50
2010.12.30 20:00:50.555,0.86179,0.86196,2.02,1.50
2010.12.30 20:00:55.319,0.86179,0.86197,2.02,1.50
2010.12.30 20:00:55.563,0.86179,0.86199,2.77,2.25
2010.12.30 20:00:56.016,0.86179,0.86199,3.52,1.50
2010.12.30 20:00:56.166,0.86183,0.86201,2.77,1.50
2010.12.30 20:00:57.224,0.86185,0.86201,1.50,1.50
2010.12.30 20:00:57.834,0.86185,0.86201,2.02,1.50
2010.12.30 20:00:59.773,0.86186,0.86201,2.02,1.50
2010.12.30 20:01:00.413,0.86189,0.86208,1.27,3.00
2010.12.30 20:01:00.950,0.8619,0.86207,1.27,1.50
2010.12.30 20:01:02.034,0.8619,0.86209,1.27,2.25
2010.12.30 20:01:02.702,0.8619,0.86208,1.27,1.50
2010.12.30 20:01:03.641,0.8619,0.8621,1.27,3.75
2010.12.30 20:01:08.850,0.86192,0.86209,1.50,2.25
2010.12.30 20:01:09.402,0.86191,0.8621,1.50,3.75
2010.12.30 20:01:10.891,0.86191,0.86208,2.02,1.50
2010.12.30 20:01:13.193,0.8619,0.8621,3.52,3.75
2010.12.30 20:01:15.182,0.86192,0.86209,1.50,1.50
2010.12.30 20:01:15.732,0.86191,0.86208,2.02,1.50
2010.12.30 20:01:16.282,0.86189,0.86208,2.02,3.00
2010.12.30 20:01:16.845,0.86189,0.86206,2.02,1.50
2010.12.30 20:01:17.472,0.86189,0.86206,2.02,1.50
2010.12.30 20:01:18.320,0.86188,0.86206,2.02,3.00
2010.12.30 20:01:19.863,0.86188,0.86205,2.02,1.50
2010.12.30 20:01:21.703,0.86185,0.86204,1.50,1.50
2010.12.30 20:01:22.591,0.86183,0.86204,3.75,2.25
2010.12.30 20:01:23.142,0.86183,0.86203,3.75,1.50
2010.12.30 20:01:24.018,0.86185,0.86202,1.50,1.50
2010.12.30 20:01:25.038,0.86186,0.86202,1.02,1.50
2010.12.30 20:01:25.703,0.86186,0.86203,2.52,1.50
2010.12.30 20:01:26.313,0.86184,0.86203,3.75,1.50
2010.12.30 20:01:34.430,0.86185,0.86203,1.50,1.50
2010.12.30 20:01:35.249,0.86185,0.86202,1.50,1.50
2010.12.30 20:01:35.806,0.86184,0.86199,1.50,1.50
2010.12.30 20:01:36.144,0.86177,0.86193,1.50,2.52
2010.12.30 20:01:36.508,0.86177,0.86195,1.50,1.39
2010.12.30 20:01:46.131,0.86177,0.86195,1.50,2.25
2010.12.30 20:01:46.245,0.86185,0.86198,1.50,3.38
2010.12.30 20:01:46.364,0.86186,0.86198,1.50,3.00
2010.12.30 20:01:46.485,0.86187,0.86198,1.88,1.50
2010.12.30 20:01:46.603,0.86192,0.86204,2.25,1.50
2010.12.30 20:01:47.049,0.86198,0.86215,1.50,1.50
2010.12.30 20:01:47.164,0.86197,0.86217,1.50,1.50
2010.12.30 20:01:47.395,0.86197,0.86216,1.50,1.50
2010.12.30 20:01:47.732,0.86196,0.86212,2.02,1.50
2010.12.30 20:01:48.394,0.86197,0.86212,1.50,1.50
2010.12.30 20:01:50.211,0.86197,0.86214,1.50,1.50
2010.12.30 20:01:50.983,0.86197,0.86213,1.50,1.50
2010.12.30 20:02:00.495,0.86199,0.86213,1.50,1.50
2010.12.30 20:02:00.723,0.862,0.86215,1.50,1.50
2010.12.30 20:02:01.412,0.86201,0.86214,1.50,1.50
2010.12.30 20:02:02.262,0.86199,0.86214,1.50,1.50
2010.12.30 20:02:02.755,0.86195,0.86214,2.02,1.50
2010.12.30 20:02:03.474,0.86197,0.86214,1.50,1.50
2010.12.30 20:02:03.598,0.86195,0.86214,1.50,3.00
2010.12.30 20:02:04.895,0.86196,0.86214,1.50,1.50
2010.12.30 20:02:05.454,0.86197,0.86214,1.50,1.50
2010.12.30 20:02:08.521,0.86198,0.86214,1.50,1.50
2010.12.30 20:02:11.196,0.86196,0.86214,1.50,1.50
2010.12.30 20:02:11.702,0.86202,0.86218,1.50,1.50
2010.12.30 20:02:11.814,0.86202,0.86221,1.50,3.75
2010.12.30 20:02:12.154,0.862,0.86221,2.02,2.25
2010.12.30 20:02:12.485,0.86203,0.86221,1.50,2.25
2010.12.30 20:02:13.052,0.86204,0.86221,1.50,2.25
2010.12.30 20:02:15.612,0.86202,0.86221,2.02,1.50
2010.12.30 20:02:16.868,0.86205,0.86221,2.02,1.50
2010.12.30 20:02:21.707,0.86207,0.86223,2.02,1.50
2010.12.30 20:02:22.165,0.86207,0.86224,2.77,1.50
2010.12.30 20:02:23.403,0.86206,0.86222,2.02,1.02
2010.12.30 20:02:23.637,0.86205,0.86224,2.02,4.02
2010.12.30 20:02:24.293,0.86205,0.8622,2.02,1.50
2010.12.30 20:02:26.612,0.86208,0.8622,1.50,1.50
2010.12.30 20:02:28.241,0.86207,0.8622,1.50,1.50
2010.12.30 20:02:30.552,0.86206,0.8622,2.02,1.50
2010.12.30 20:02:31.273,0.86207,0.8622,1.50,1.50
2010.12.30 20:02:32.619,0.86207,0.8622,1.50,1.77
2010.12.30 20:02:33.171,0.86207,0.8622,1.50,1.50
2010.12.30 20:02:37.612,0.86206,0.8622,1.50,1.50
2010.12.30 20:02:38.223,0.86207,0.86223,1.50,1.02
2010.12.30 20:02:38.343,0.86207,0.86224,1.50,1.02
2010.12.30 20:02:38.574,0.86206,0.86222,2.63,1.02
2010.12.30 20:02:39.952,0.86207,0.86222,1.50,1.02
2010.12.30 20:02:40.171,0.86207,0.86224,1.50,1.02
2010.12.30 20:02:40.392,0.86206,0.86223,1.50,1.02
2010.12.30 20:02:41.701,0.86207,0.86221,1.50,1.77
2010.12.30 20:02:45.580,0.86204,0.86221,2.02,1.77
2010.12.30 20:02:45.698,0.86204,0.86221,2.02,1.77
2010.12.30 20:02:46.278,0.86205,0.86221,2.02,1.77
2010.12.30 20:02:47.054,0.86205,0.86221,2.02,1.77
2010.12.30 20:02:47.624,0.86206,0.86221,2.02,1.77
2010.12.30 20:02:48.207,0.86205,0.86221,2.77,1.77
2010.12.30 20:02:48.545,0.86208,0.86223,1.50,2.52
2010.12.30 20:02:49.115,0.86207,0.86221,1.50,1.77
2010.12.30 20:02:49.704,0.86206,0.86221,1.50,1.77
2010.12.30 20:02:50.312,0.86205,0.86221,2.02,1.77
2010.12.30 20:02:51.050,0.86204,0.86221,1.50,2.52
2010.12.30 20:02:52.006,0.86205,0.86221,1.50,1.77
2010.12.30 20:02:55.318,0.86203,0.86223,1.27,1.02
2010.12.30 20:02:55.890,0.86206,0.86223,1.50,1.02
2010.12.30 20:02:56.444,0.86206,0.86224,1.27,1.77
2010.12.30 20:02:58.383,0.86205,0.86221,1.50,1.02
2010.12.30 20:02:58.494,0.86203,0.86221,2.02,1.02
2010.12.30 20:02:59.008,0.86203,0.8622,2.02,1.77
2010.12.30 20:02:59.561,0.86203,0.8622,2.02,1.50
2010.12.30 20:03:00.874,0.86206,0.8622,1.50,1.50
2010.12.30 20:03:01.654,0.86203,0.8622,2.77,1.77
2010.12.30 20:03:05.111,0.86205,0.8622,1.50,1.50
2010.12.30 20:03:07.253,0.86203,0.8622,2.77,1.50
2010.12.30 20:03:07.372,0.86206,0.8622,1.50,1.50
2010.12.30 20:03:08.491,0.86204,0.8622,2.02,1.50
2010.12.30 20:03:09.463,0.86203,0.8622,2.02,1.50
2010.12.30 20:03:21.053,0.86205,0.8622,1.50,1.50
2010.12.30 20:03:21.558,0.86204,0.8622,1.50,1.50
2010.12.30 20:03:21.902,0.86201,0.86217,2.02,1.50
2010.12.30 20:03:23.163,0.86199,0.86216,2.40,1.50
2010.12.30 20:03:23.870,0.862,0.86218,2.02,1.50
2010.12.30 20:03:25.742,0.862,0.86218,2.02,1.50
2010.12.30 20:03:28.058,0.862,0.86216,2.02,1.02
2010.12.30 20:03:29.382,0.862,0.86216,1.50,3.27
2010.12.30 20:03:30.677,0.86198,0.86216,2.02,3.27
2010.12.30 20:03:32.364,0.86198,0.86216,1.50,3.27
2010.12.30 20:03:34.781,0.86199,0.86216,1.50,4.77
2010.12.30 20:03:35.958,0.862,0.86216,1.50,3.27
2010.12.30 20:03:36.522,0.86201,0.86216,1.50,3.27
2010.12.30 20:03:40.303,0.86199,0.86216,1.50,3.27
2010.12.30 20:03:40.427,0.86202,0.86216,1.50,2.52
2010.12.30 20:03:41.533,0.86202,0.86216,1.50,1.77
2010.12.30 20:03:45.641,0.86199,0.86216,2.02,1.77
2010.12.30 20:03:46.394,0.86201,0.86216,1.50,1.77
2010.12.30 20:03:46.526,0.86199,0.86214,2.02,1.02
2010.12.30 20:03:47.048,0.862,0.86212,1.50,1.77
2010.12.30 20:03:47.969,0.862,0.86212,1.50,1.50
2010.12.30 20:03:48.302,0.86198,0.86212,1.50,1.50
2010.12.30 20:03:48.853,0.86198,0.86211,1.50,1.50
2010.12.30 20:03:51.544,0.86198,0.86212,2.02,1.50
2010.12.30 20:03:52.110,0.86196,0.86213,2.77,1.50
2010.12.30 20:03:52.228,0.86196,0.86212,2.77,1.02
2010.12.30 20:03:52.561,0.86196,0.8621,2.02,1.02
2010.12.30 20:03:53.113,0.86194,0.8621,1.27,2.52
2010.12.30 20:03:53.679,0.86194,0.8621,1.27,2.25
2010.12.30 20:03:56.015,0.86192,0.8621,2.77,2.25
2010.12.30 20:03:56.243,0.86192,0.8621,2.02,2.25
2010.12.30 20:03:56.582,0.86191,0.86208,2.02,1.50
2010.12.30 20:03:57.201,0.86194,0.86211,1.50,1.02
2010.12.30 20:03:57.319,0.86194,0.86213,1.50,2.25
2010.12.30 20:03:57.872,0.86195,0.86213,1.50,3.75
2010.12.30 20:04:00.326,0.86194,0.86212,2.02,1.50
2010.12.30 20:04:01.481,0.86195,0.86213,1.50,3.75
2010.12.30 20:04:04.141,0.86194,0.86213,3.90,1.50
2010.12.30 20:04:06.401,0.86196,0.86213,2.77,1.50
2010.12.30 20:04:09.198,0.86196,0.86213,2.77,1.77
2010.12.30 20:04:25.718,0.86197,0.86214,2.77,1.02
2010.12.30 20:04:26.351,0.86199,0.86214,2.02,1.02
2010.12.30 20:04:44.313,0.86198,0.86214,1.50,1.02
2010.12.30 20:04:44.857,0.86198,0.86214,1.50,1.02
2010.12.30 20:04:49.812,0.86198,0.86214,2.32,1.02
2010.12.30 20:04:50.359,0.86199,0.86214,3.15,1.02
2010.12.30 20:04:50.483,0.86204,0.86216,1.50,2.52
2010.12.30 20:04:50.595,0.86203,0.86213,1.50,1.02
2010.12.30 20:04:54.383,0.86204,0.86213,1.50,1.02
2010.12.30 20:04:58.316,0.86204,0.86218,2.02,2.52
2010.12.30 20:04:58.881,0.86205,0.86223,1.50,1.77
2010.12.30 20:04:59.214,0.86207,0.86224,1.50,2.52
2010.12.30 20:05:00.113,0.86208,0.86224,1.50,2.52
2010.12.30 20:05:00.939,0.86208,0.86221,1.50,1.50
2010.12.30 20:05:01.312,0.86206,0.86221,2.02,1.50
2010.12.30 20:05:01.423,0.86208,0.86221,1.50,1.50
2010.12.30 20:05:01.983,0.86207,0.86221,1.50,1.50
2010.12.30 20:05:02.600,0.86206,0.8622,1.50,1.02
2010.12.30 20:05:03.852,0.86207,0.86221,1.50,1.77
2010.12.30 20:05:06.396,0.86207,0.86218,1.50,1.50
2010.12.30 20:05:07.621,0.86208,0.86218,1.50,1.50
2010.12.30 20:05:08.435,0.86208,0.86219,1.50,1.50
2010.12.30 20:05:09.004,0.86208,0.8622,1.50,1.50
2010.12.30 20:05:11.152,0.86209,0.86223,1.50,1.77
2010.12.30 20:05:11.375,0.86209,0.86223,1.50,1.77
2010.12.30 20:05:12.122,0.86208,0.86223,1.50,1.77
2010.12.30 20:05:15.692,0.86207,0.8622,1.50,1.50
2010.12.30 20:05:21.284,0.86207,0.86221,1.50,1.50
2010.12.30 20:05:22.099,0.86207,0.8622,1.50,1.50
2010.12.30 20:05:29.464,0.86208,0.8622,1.50,1.50
2010.12.30 20:05:29.801,0.86208,0.86222,1.50,1.50
2010.12.30 20:05:30.637,0.86208,0.86221,1.50,1.50
2010.12.30 20:05:31.442,0.86207,0.86221,1.50,1.50
2010.12.30 20:05:35.723,0.86208,0.86221,1.50,1.50
2010.12.30 20:05:35.956,0.86206,0.86221,2.02,1.50
2010.12.30 20:05:36.481,0.86205,0.86221,1.50,1.50
2010.12.30 20:05:37.383,0.86203,0.86219,1.50,1.50
2010.12.30 20:05:38.352,0.86204,0.86219,1.50,1.50
2010.12.30 20:05:39.562,0.86203,0.86219,1.50,1.50
2010.12.30 20:05:40.165,0.86203,0.8622,1.50,1.50
2010.12.30 20:05:40.919,0.86203,0.86217,1.50,1.50
2010.12.30 20:05:41.253,0.86204,0.86217,2.25,1.50
2010.12.30 20:05:41.377,0.86204,0.86224,2.77,7.77
2010.12.30 20:05:41.496,0.86205,0.86224,2.02,2.25
2010.12.30 20:05:42.019,0.86206,0.86223,2.02,1.50
2010.12.30 20:05:42.136,0.86208,0.8622,1.50,1.50
2010.12.30 20:05:42.693,0.86207,0.8622,2.02,1.50
2010.12.30 20:05:44.305,0.86208,0.8622,1.50,1.50
2010.12.30 20:05:44.806,0.86207,0.86223,2.02,1.50
2010.12.30 20:05:45.331,0.86207,0.86224,2.02,2.52
2010.12.30 20:05:47.164,0.86208,0.86225,2.77,1.02
2010.12.30 20:05:47.539,0.8621,0.86225,2.02,1.02
2010.12.30 20:05:48.104,0.86211,0.86225,2.02,1.02
2010.12.30 20:05:48.893,0.8621,0.86227,2.77,2.52
2010.12.30 20:05:49.321,0.86212,0.86227,1.50,1.77
2010.12.30 20:05:49.440,0.8621,0.86224,2.02,1.02
2010.12.30 20:05:49.665,0.86209,0.86225,2.77,1.02
2010.12.30 20:05:50.222,0.8621,0.86226,2.02,1.77
2010.12.30 20:05:50.773,0.8621,0.86226,2.77,1.77
2010.12.30 20:05:52.303,0.86211,0.86226,1.27,1.77
2010.12.30 20:05:53.215,0.8621,0.86227,3.52,1.77
2010.12.30 20:05:53.553,0.8621,0.86226,3.52,1.02
2010.12.30 20:05:54.112,0.86211,0.86226,2.02,1.02
2010.12.30 20:05:55.343,0.8621,0.86226,2.02,1.02
2010.12.30 20:05:55.784,0.8621,0.86226,2.02,1.02
2010.12.30 20:06:00.002,0.8621,0.86226,2.77,1.02
2010.12.30 20:06:02.703,0.86211,0.86227,2.77,1.50
2010.12.30 20:06:03.045,0.86209,0.86227,2.77,1.77
2010.12.30 20:06:03.438,0.86209,0.86223,2.77,1.02
2010.12.30 20:06:03.562,0.8621,0.86223,2.02,1.02
2010.12.30 20:06:04.111,0.8621,0.86226,2.02,1.02
2010.12.30 20:06:04.834,0.8621,0.86226,2.02,1.02
2010.12.30 20:06:06.274,0.8621,0.86226,2.77,1.02
2010.12.30 20:06:06.833,0.86211,0.86227,2.02,1.77
2010.12.30 20:06:08.268,0.8621,0.86227,2.02,2.52
2010.12.30 20:06:08.389,0.8621,0.86221,2.02,1.02
2010.12.30 20:06:08.616,0.86208,0.86221,1.50,1.02
2010.12.30 20:06:08.845,0.86209,0.86221,4.27,1.02
2010.12.30 20:06:08.966,0.8621,0.86226,2.02,2.52
2010.12.30 20:06:09.194,0.86213,0.86226,1.50,2.52
2010.12.30 20:06:11.433,0.86212,0.86226,1.50,2.52
2010.12.30 20:06:12.009,0.86211,0.86226,2.02,2.52
2010.12.30 20:06:13.265,0.86209,0.86226,2.02,2.52
2010.12.30 20:06:13.823,0.8621,0.86223,1.50,1.02
2010.12.30 20:06:14.153,0.86208,0.86223,1.50,1.02
2010.12.30 20:06:14.713,0.86208,0.86222,1.50,1.50
2010.12.30 20:06:15.262,0.86207,0.86222,1.50,1.50
2010.12.30 20:06:20.922,0.86208,0.86222,1.50,1.50
2010.12.30 20:06:21.255,0.86209,0.86224,1.50,1.50
2010.12.30 20:06:21.948,0.86209,0.86226,2.02,1.50
2010.12.30 20:06:22.173,0.86209,0.86228,2.02,2.25
2010.12.30 20:06:22.732,0.86209,0.86227,3.52,1.50
2010.12.30 20:06:23.283,0.86209,0.86228,3.15,1.50
2010.12.30 20:06:25.344,0.86212,0.86228,1.50,1.50
2010.12.30 20:06:26.875,0.8621,0.86228,2.40,1.50
2010.12.30 20:06:27.390,0.8621,0.86229,2.02,2.25
2010.12.30 20:06:27.946,0.8621,0.86229,2.02,2.25
2010.12.30 20:06:29.066,0.86209,0.86227,2.02,1.50
2010.12.30 20:06:29.293,0.86208,0.86226,2.63,1.50
2010.12.30 20:06:29.880,0.86215,0.86228,1.27,1.50
2010.12.30 20:06:30.443,0.86216,0.86229,2.02,1.50
2010.12.30 20:06:30.885,0.86216,0.86229,2.77,1.50
2010.12.30 20:06:31.003,0.86216,0.86231,2.77,1.50
2010.12.30 20:06:31.343,0.86217,0.86234,1.27,1.50
2010.12.30 20:06:31.903,0.86218,0.86233,1.27,1.50
2010.12.30 20:06:32.875,0.86217,0.86233,1.27,1.50
2010.12.30 20:06:33.767,0.86215,0.86235,1.27,3.00
2010.12.30 20:06:34.455,0.86216,0.86235,1.27,3.00
2010.12.30 20:06:40.998,0.86215,0.86235,1.27,1.50
2010.12.30 20:06:42.416,0.86215,0.86232,1.27,1.50
2010.12.30 20:06:42.841,0.86212,0.86232,2.77,2.25
2010.12.30 20:06:46.444,0.86212,0.86232,2.77,2.25
2010.12.30 20:06:52.947,0.86211,0.86231,2.02,1.50
2010.12.30 20:06:53.558,0.86212,0.86231,2.02,3.00
2010.12.30 20:06:59.215,0.86212,0.86231,1.27,1.50
2010.12.30 20:06:59.336,0.86211,0.86231,4.50,1.50
2010.12.30 20:07:00.259,0.86211,0.86229,2.25,1.50
2010.12.30 20:07:00.493,0.86207,0.86227,2.02,2.25
2010.12.30 20:07:04.443,0.86207,0.86226,2.02,1.50
2010.12.30 20:07:04.986,0.86207,0.86227,3.52,2.25
2010.12.30 20:07:06.989,0.86208,0.86228,1.27,3.00
2010.12.30 20:07:07.334,0.86209,0.86226,1.27,1.50
2010.12.30 20:07:07.993,0.86209,0.86226,3.52,1.50
2010.12.30 20:07:10.252,0.86209,0.86228,3.52,1.50
2010.12.30 20:07:17.164,0.86208,0.86228,2.77,1.50
2010.12.30 20:07:17.856,0.86211,0.86228,1.27,1.50
2010.12.30 20:07:17.975,0.86209,0.86228,1.27,1.50
2010.12.30 20:07:19.515,0.86206,0.86228,2.77,2.25
2010.12.30 20:07:20.083,0.86205,0.86226,2.77,3.00
2010.12.30 20:07:21.180,0.86207,0.86226,2.02,3.00
2010.12.30 20:07:29.732,0.86208,0.86227,2.77,1.50
2010.12.30 20:07:30.553,0.86207,0.86227,2.77,1.50
2010.12.30 20:07:31.367,0.86207,0.86226,2.77,1.50
2010.12.30 20:07:33.892,0.86207,0.86225,1.27,1.50
2010.12.30 20:07:34.249,0.86206,0.86225,4.27,1.50
2010.12.30 20:07:37.393,0.86206,0.86224,2.77,1.50
2010.12.30 20:07:38.175,0.86207,0.86225,2.02,1.50
2010.12.30 20:08:00.242,0.86208,0.86227,1.50,3.75
2010.12.30 20:08:00.793,0.86207,0.86226,2.02,1.50
2010.12.30 20:08:01.582,0.86208,0.86228,2.02,3.75
2010.12.30 20:08:01.915,0.86209,0.86228,2.77,1.50
2010.12.30 20:08:02.256,0.8621,0.8623,3.15,1.50
2010.12.30 20:08:02.813,0.86212,0.8623,1.65,1.50
2010.12.30 20:08:05.581,0.86212,0.86232,1.65,3.00
2010.12.30 20:08:08.590,0.8621,0.86229,4.27,1.50
2010.12.30 20:08:09.260,0.8621,0.86227,1.27,1.50
2010.12.30 20:08:09.376,0.86209,0.86227,1.50,3.00
2010.12.30 20:08:09.917,0.86209,0.86227,1.50,1.50
2010.12.30 20:08:10.483,0.86208,0.86228,2.02,1.50
2010.12.30 20:08:17.594,0.86209,0.86228,1.27,1.50
2010.12.30 20:08:18.147,0.86207,0.86227,3.52,1.50
2010.12.30 20:08:18.264,0.86207,0.86225,1.50,2.25
2010.12.30 20:08:19.276,0.86203,0.86223,1.50,3.75
2010.12.30 20:08:20.034,0.86202,0.86223,2.77,3.75
2010.12.30 20:08:28.143,0.86203,0.86223,1.27,1.50
2010.12.30 20:08:31.258,0.86204,0.86223,2.02,1.50
2010.12.30 20:08:34.708,0.86206,0.86223,2.77,1.50
2010.12.30 20:08:35.504,0.86208,0.86224,1.27,1.50
2010.12.30 20:08:37.113,0.86207,0.86224,1.27,1.50
2010.12.30 20:08:38.003,0.86207,0.86224,2.77,1.50
2010.12.30 20:08:39.376,0.86207,0.86224,1.27,1.50
2010.12.30 20:08:39.616,0.86203,0.86224,1.50,3.00
2010.12.30 20:08:39.845,0.86203,0.86224,1.50,3.75
2010.12.30 20:08:40.459,0.86202,0.86221,1.50,2.25
2010.12.30 20:08:41.027,0.86201,0.86221,2.02,2.25
2010.12.30 20:08:42.234,0.862,0.8622,1.50,3.75
2010.12.30 20:08:43.043,0.862,0.8622,1.50,3.75
2010.12.30 20:08:44.223,0.86201,0.86219,1.50,2.25
2010.12.30 20:08:44.784,0.86198,0.86219,1.50,4.50
2010.12.30 20:08:45.343,0.86199,0.86218,1.50,1.50
2010.12.30 20:08:46.014,0.862,0.86217,1.50,2.25
2010.12.30 20:08:53.355,0.862,0.86217,1.50,2.25
2010.12.30 20:08:54.091,0.86198,0.86217,1.50,2.25
2010.12.30 20:08:54.639,0.86197,0.86217,1.50,3.75
2010.12.30 20:08:54.763,0.86196,0.86217,3.00,4.50
2010.12.30 20:08:55.435,0.86192,0.86211,3.00,1.50
2010.12.30 20:08:55.566,0.86195,0.86213,1.50,1.88
2010.12.30 20:08:56.014,0.86196,0.86214,1.50,2.25
2010.12.30 20:08:57.164,0.86194,0.86213,1.50,2.25
2010.12.30 20:08:57.804,0.86195,0.86213,1.50,2.25
2010.12.30 20:09:03.502,0.86196,0.86213,1.50,2.25
2010.12.30 20:09:07.447,0.86196,0.86213,2.77,1.50
2010.12.30 20:09:08.004,0.86198,0.86214,2.02,1.50
2010.12.30 20:09:21.592,0.86198,0.86214,2.02,1.50
2010.12.30 20:09:21.924,0.86201,0.86214,1.50,1.50
2010.12.30 20:09:22.043,0.86201,0.86216,1.50,1.50
2010.12.30 20:09:22.634,0.86201,0.86217,2.02,1.50
2010.12.30 20:09:25.619,0.86202,0.8622,1.50,2.25
2010.12.30 20:09:25.743,0.86202,0.8622,2.77,1.50
2010.12.30 20:09:25.858,0.86203,0.86222,2.02,2.25
2010.12.30 20:09:26.314,0.86201,0.86222,3.52,2.25
2010.12.30 20:09:26.652,0.86201,0.86222,3.52,3.00
2010.12.30 20:09:33.096,0.86202,0.8622,1.50,2.25
2010.12.30 20:09:40.615,0.86202,0.86217,1.50,1.50
2010.12.30 20:09:54.483,0.86205,0.86217,1.50,1.50
2010.12.30 20:09:54.976,0.86205,0.8622,1.50,1.50
2010.12.30 20:09:59.333,0.86206,0.8622,1.50,1.50
2010.12.30 20:09:59.902,0.86205,0.8622,1.50,1.50
2010.12.30 20:10:00.628,0.86206,0.8622,1.50,1.50
2010.12.30 20:10:01.639,0.86206,0.86223,1.50,2.25
2010.12.30 20:10:02.308,0.86207,0.86221,1.50,1.50
2010.12.30 20:10:04.788,0.86206,0.86221,1.50,1.50
2010.12.30 20:10:12.166,0.86207,0.86221,1.50,1.50
2010.12.30 20:10:20.361,0.86207,0.86222,1.50,2.25
2010.12.30 20:10:29.497,0.86207,0.86221,1.50,1.50
2010.12.30 20:10:36.878,0.862,0.86219,3.38,1.50
2010.12.30 20:10:37.443,0.86201,0.86219,1.50,1.50
2010.12.30 20:10:39.623,0.86202,0.86219,1.50,1.50
2010.12.30 20:10:56.050,0.86203,0.86218,1.50,2.25
2010.12.30 20:10:58.049,0.86201,0.86218,1.50,2.25
2010.12.30 20:10:58.604,0.862,0.86217,1.50,1.50
2010.12.30 20:11:01.802,0.862,0.86215,1.50,2.25
2010.12.30 20:11:02.026,0.86194,0.86212,3.00,1.50
2010.12.30 20:11:02.628,0.86194,0.8621,1.50,1.50
2010.12.30 20:11:03.293,0.86194,0.8621,1.50,1.50
2010.12.30 20:11:03.803,0.86196,0.86211,1.50,1.50
2010.12.30 20:11:04.925,0.86194,0.86209,1.50,1.50
2010.12.30 20:11:05.483,0.86192,0.86209,1.50,1.50
2010.12.30 20:11:05.595,0.86192,0.86211,1.50,1.50
2010.12.30 20:11:05.713,0.86194,0.86209,1.50,2.25
2010.12.30 20:11:06.655,0.86194,0.86209,1.50,1.50
2010.12.30 20:11:07.214,0.86195,0.86209,1.50,1.50
2010.12.30 20:11:13.760,0.86196,0.86209,1.50,1.50
2010.12.30 20:11:14.313,0.86195,0.86209,1.50,1.50
2010.12.30 20:11:17.401,0.86196,0.86209,1.50,1.50
2010.12.30 20:11:17.933,0.86195,0.86209,1.50,1.50
2010.12.30 20:11:19.202,0.86196,0.86209,1.50,2.25
2010.12.30 20:11:20.146,0.86195,0.86209,1.50,1.50
2010.12.30 20:11:21.713,0.86194,0.86209,1.50,2.25
2010.12.30 20:11:36.606,0.86194,0.86209,1.50,2.25
2010.12.30 20:11:37.239,0.86194,0.86208,1.50,2.25
2010.12.30 20:11:37.366,0.86192,0.86207,1.50,1.50
2010.12.30 20:11:37.595,0.8619,0.86207,1.50,1.50
2010.12.30 20:11:37.824,0.86189,0.86207,1.50,2.25
2010.12.30 20:11:38.495,0.8619,0.86207,1.50,2.25
2010.12.30 20:11:39.098,0.86189,0.86208,1.50,3.75
2010.12.30 20:11:40.223,0.86191,0.86206,1.50,2.25
2010.12.30 20:11:48.856,0.8619,0.86206,1.50,2.25
2010.12.30 20:11:58.073,0.86189,0.86206,1.50,1.50
2010.12.30 20:11:58.733,0.86189,0.86205,1.50,1.50
2010.12.30 20:12:03.148,0.8619,0.86205,1.50,1.50
2010.12.30 20:12:03.693,0.86192,0.86205,1.50,1.50
2010.12.30 20:12:03.814,0.86193,0.86207,1.50,1.50
2010.12.30 20:12:04.149,0.86191,0.86207,2.02,1.50
2010.12.30 20:12:14.376,0.86192,0.86207,1.50,1.50
2010.12.30 20:12:18.040,0.86192,0.86209,1.50,1.50
2010.12.30 20:12:21.113,0.86192,0.86209,2.77,1.50
2010.12.30 20:12:25.194,0.86192,0.86209,2.02,1.50
2010.12.30 20:12:25.975,0.86191,0.86209,2.02,1.50
2010.12.30 20:12:26.328,0.86191,0.86207,2.02,1.50
2010.12.30 20:12:27.835,0.86193,0.86207,1.50,1.50
2010.12.30 20:12:40.149,0.86193,0.8621,1.50,1.50
2010.12.30 20:13:01.232,0.86192,0.8621,2.02,1.50
2010.12.30 20:13:06.100,0.8619,0.8621,2.77,2.25
2010.12.30 20:13:09.804,0.8619,0.8621,2.02,3.00
2010.12.30 20:13:10.795,0.86191,0.86207,2.02,1.50
2010.12.30 20:13:28.248,0.86191,0.86208,2.02,1.50
2010.12.30 20:13:29.528,0.86191,0.86208,2.02,1.50
2010.12.30 20:13:30.133,0.86193,0.86208,1.50,1.50
2010.12.30 20:13:38.725,0.86191,0.86208,2.77,1.50
2010.12.30 20:13:41.873,0.86191,0.86208,2.77,1.50
2010.12.30 20:13:42.424,0.86194,0.86208,1.50,1.50
2010.12.30 20:13:43.084,0.86194,0.86208,2.77,1.50
2010.12.30 20:13:44.564,0.86192,0.86207,2.77,1.50
2010.12.30 20:13:45.113,0.86192,0.86207,1.50,1.50
2010.12.30 20:13:45.933,0.8619,0.86207,2.02,1.50
2010.12.30 20:13:50.188,0.8619,0.86208,2.02,1.50
2010.12.30 20:13:50.518,0.8619,0.86206,2.02,1.50
2010.12.30 20:13:55.297,0.86191,0.86206,1.50,1.50
2010.12.30 20:14:04.736,0.8619,0.86206,1.50,1.50
2010.12.30 20:14:05.074,0.8619,0.86204,1.50,1.50
2010.12.30 20:14:16.684,0.86192,0.86204,1.50,1.50
2010.12.30 20:14:28.916,0.86191,0.86204,1.50,1.50
2010.12.30 20:14:29.564,0.86191,0.86205,1.50,1.50
2010.12.30 20:14:35.895,0.86193,0.86208,1.50,1.50
2010.12.30 20:14:36.019,0.86193,0.86211,1.50,1.50
2010.12.30 20:14:36.696,0.86192,0.86211,1.50,3.00
2010.12.30 20:14:36.821,0.86191,0.86208,1.50,1.50
2010.12.30 20:14:50.414,0.86191,0.86209,1.50,1.50
2010.12.30 20:14:50.946,0.86191,0.86205,1.50,1.50
2010.12.30 20:15:06.326,0.86192,0.86205,1.50,1.50
2010.12.30 20:15:10.557,0.86188,0.86205,2.02,1.50
2010.12.30 20:15:10.796,0.86191,0.86206,1.50,1.50
2010.12.30 20:15:11.671,0.86189,0.86205,2.02,1.50
2010.12.30 20:15:15.123,0.86191,0.86205,1.50,1.50
2010.12.30 20:15:15.674,0.8619,0.86205,2.02,1.50
2010.12.30 20:15:29.864,0.86192,0.86205,1.50,1.50
2010.12.30 20:15:30.424,0.86192,0.86206,2.02,1.50
2010.12.30 20:15:45.383,0.86191,0.86206,2.02,1.50
2010.12.30 20:15:45.933,0.86192,0.86206,1.50,1.50
2010.12.30 20:15:46.277,0.86193,0.86208,2.77,1.50
2010.12.30 20:15:46.790,0.86193,0.86209,2.02,1.50
2010.12.30 20:15:50.514,0.86192,0.86209,2.02,1.50
2010.12.30 20:15:54.009,0.86194,0.86209,2.02,1.50
2010.12.30 20:15:54.567,0.86194,0.86209,2.02,1.50
2010.12.30 20:15:55.544,0.86193,0.86209,2.02,1.50
2010.12.30 20:15:56.112,0.86191,0.86209,2.02,1.50
2010.12.30 20:15:56.443,0.86191,0.86207,2.02,1.50
2010.12.30 20:16:05.726,0.86191,0.86212,2.02,2.25
2010.12.30 20:16:06.139,0.86193,0.86212,1.27,1.50
2010.12.30 20:16:11.563,0.86194,0.86212,1.50,2.25
2010.12.30 20:16:13.456,0.86194,0.86212,1.50,2.25
2010.12.30 20:16:23.682,0.86193,0.86212,1.50,3.00
2010.12.30 20:16:40.106,0.86192,0.86211,1.50,3.00
2010.12.30 20:16:41.424,0.86195,0.86206,1.50,1.50
2010.12.30 20:16:41.954,0.86194,0.86206,1.50,1.50
2010.12.30 20:16:42.614,0.86191,0.86206,1.50,1.50
2010.12.30 20:16:43.455,0.86191,0.86208,1.50,2.25
2010.12.30 20:16:44.023,0.86191,0.86206,1.50,1.50
2010.12.30 20:16:44.355,0.86187,0.86205,2.02,1.50
2010.12.30 20:16:44.934,0.86187,0.86205,1.50,2.25
2010.12.30 20:16:45.047,0.86187,0.86201,1.50,1.50
2010.12.30 20:16:54.353,0.86188,0.86201,1.50,1.50
2010.12.30 20:16:57.706,0.86187,0.86201,1.50,1.50
2010.12.30 20:16:58.155,0.86185,0.86199,1.50,1.50
2010.12.30 20:16:58.504,0.86187,0.86199,1.50,1.50
2010.12.30 20:16:59.783,0.86186,0.86199,1.50,1.50
2010.12.30 20:17:05.508,0.86184,0.86199,1.50,2.25
2010.12.30 20:17:05.740,0.86184,0.86199,1.50,1.50
2010.12.30 20:17:05.859,0.86181,0.86199,1.50,1.50
2010.12.30 20:17:06.455,0.86182,0.86198,1.50,3.00
2010.12.30 20:17:06.574,0.8618,0.86194,1.50,1.50
2010.12.30 20:17:13.112,0.86181,0.86194,1.50,1.50
2010.12.30 20:17:13.744,0.86179,0.86194,1.50,1.50
2010.12.30 20:17:14.495,0.8618,0.86192,1.50,1.50
2010.12.30 20:17:20.303,0.8618,0.86193,1.50,1.50
2010.12.30 20:17:20.721,0.8618,0.86191,1.50,1.50
2010.12.30 20:17:22.885,0.8618,0.86198,1.50,1.50
2010.12.30 20:17:23.004,0.86182,0.86198,1.50,1.50
2010.12.30 20:17:23.556,0.86183,0.86199,1.50,1.50
2010.12.30 20:17:23.676,0.86181,0.862,1.50,2.25
2010.12.30 20:17:23.796,0.86181,0.86198,1.50,1.50
2010.12.30 20:17:26.236,0.86181,0.86197,1.50,2.25
2010.12.30 20:17:34.326,0.86181,0.862,1.50,3.00
2010.12.30 20:17:34.554,0.86183,0.862,1.50,3.00
2010.12.30 20:17:35.181,0.86182,0.86199,1.50,1.50
2010.12.30 20:17:36.926,0.86182,0.86199,1.50,1.50
2010.12.30 20:17:37.289,0.86186,0.862,1.50,1.50
2010.12.30 20:17:37.806,0.86186,0.86205,2.02,1.50
2010.12.30 20:17:38.391,0.86187,0.86204,1.50,2.25
2010.12.30 20:17:38.944,0.86187,0.86204,1.50,1.50
2010.12.30 20:17:41.065,0.86186,0.86204,1.50,1.50
2010.12.30 20:17:41.654,0.86185,0.86204,2.02,1.50
2010.12.30 20:17:45.834,0.86185,0.86203,2.02,1.50
2010.12.30 20:17:46.334,0.86187,0.86203,1.50,1.50
2010.12.30 20:17:46.675,0.86187,0.86199,1.50,1.50
2010.12.30 20:17:46.794,0.86185,0.86199,1.50,1.50
2010.12.30 20:17:47.353,0.86184,0.86199,1.50,1.50
2010.12.30 20:17:52.224,0.86185,0.86199,1.50,1.50
2010.12.30 20:17:58.773,0.86182,0.86199,2.02,1.50
2010.12.30 20:17:59.215,0.86185,0.86199,1.50,1.50
2010.12.30 20:17:59.768,0.86184,0.86198,1.50,1.50
2010.12.30 20:18:17.273,0.86184,0.86199,1.50,1.50
2010.12.30 20:18:22.972,0.86185,0.86199,1.50,1.50
2010.12.30 20:18:23.527,0.86182,0.862,2.02,1.50
2010.12.30 20:18:24.172,0.86181,0.862,1.50,2.25
2010.12.30 20:18:27.438,0.86184,0.86199,1.50,1.50
2010.12.30 20:18:27.666,0.86182,0.86199,2.02,1.50
2010.12.30 20:18:28.155,0.86184,0.862,1.50,2.25
2010.12.30 20:18:28.275,0.86182,0.862,1.50,2.25
2010.12.30 20:18:28.834,0.86183,0.862,1.50,2.25
2010.12.30 20:18:29.746,0.86181,0.862,1.50,2.25
2010.12.30 20:18:32.698,0.86181,0.862,1.50,3.00
2010.12.30 20:18:33.269,0.86178,0.86196,1.50,1.50
2010.12.30 20:18:34.385,0.86178,0.86195,1.50,1.50
2010.12.30 20:18:40.484,0.86178,0.86193,1.50,1.50
2010.12.30 20:18:45.482,0.86179,0.86193,1.50,1.50
2010.12.30 20:18:47.727,0.8618,0.86193,1.50,1.50
2010.12.30 20:18:48.309,0.8618,0.86194,1.50,1.50
2010.12.30 20:18:49.064,0.86182,0.86194,1.50,1.50
2010.12.30 20:18:49.284,0.86181,0.86196,1.50,1.50
2010.12.30 20:18:54.243,0.8618,0.86196,1.50,2.25
2010.12.30 20:19:10.402,0.8618,0.86195,1.50,1.50
2010.12.30 20:19:22.982,0.86179,0.86195,1.50,1.50
2010.12.30 20:19:34.874,0.8618,0.86195,1.50,1.50
2010.12.30 20:19:35.375,0.8618,0.86198,2.02,2.25
2010.12.30 20:19:35.943,0.8618,0.86198,1.50,3.00
2010.12.30 20:19:36.538,0.86184,0.86198,1.50,2.25
2010.12.30 20:19:36.666,0.86181,0.86198,1.50,1.50
2010.12.30 20:19:37.225,0.8618,0.86197,1.50,1.50
2010.12.30 20:19:46.124,0.86181,0.86197,1.50,1.50
2010.12.30 20:19:51.742,0.86185,0.86197,1.50,1.50
2010.12.30 20:19:53.500,0.86184,0.86197,1.50,1.50
2010.12.30 20:19:54.075,0.86185,0.86197,1.50,1.50
2010.12.30 20:20:00.424,0.86185,0.862,1.50,2.25
2010.12.30 20:20:00.943,0.86184,0.862,1.50,2.25
2010.12.30 20:20:02.374,0.86183,0.862,1.50,2.25
2010.12.30 20:20:02.921,0.86179,0.862,1.50,2.25
2010.12.30 20:20:03.148,0.86176,0.86198,2.25,2.25
2010.12.30 20:20:03.486,0.86179,0.86195,1.50,2.25
2010.12.30 20:20:04.954,0.86177,0.86196,1.50,2.25
2010.12.30 20:20:08.744,0.86178,0.86196,1.50,2.25
2010.12.30 20:20:09.128,0.86176,0.86196,1.50,2.25
2010.12.30 20:20:09.837,0.86175,0.86196,2.02,2.25
2010.12.30 20:20:11.503,0.86176,0.86196,1.50,2.25
2010.12.30 20:20:12.124,0.86177,0.86196,1.50,2.25
2010.12.30 20:20:14.113,0.86175,0.86196,2.02,2.25
2010.12.30 20:20:14.845,0.86175,0.86196,2.77,4.50
2010.12.30 20:20:15.763,0.86175,0.86196,2.02,4.50
2010.12.30 20:20:21.815,0.86175,0.86196,2.02,4.50
2010.12.30 20:20:23.694,0.86175,0.86193,1.50,1.50
2010.12.30 20:20:23.810,0.86172,0.86192,2.25,1.50
2010.12.30 20:20:24.144,0.86174,0.86192,1.50,1.50
2010.12.30 20:20:26.206,0.86174,0.86194,2.02,2.25
2010.12.30 20:20:28.242,0.86176,0.86194,1.50,2.25
2010.12.30 20:20:36.712,0.86175,0.86194,2.02,2.25
2010.12.30 20:20:37.042,0.86177,0.86194,1.50,2.25
2010.12.30 20:20:42.675,0.86178,0.86196,1.50,1.50
2010.12.30 20:20:43.274,0.86178,0.86197,1.50,3.00
2010.12.30 20:20:44.849,0.86177,0.86197,2.25,3.00
2010.12.30 20:20:45.195,0.86175,0.86196,2.25,1.50
2010.12.30 20:20:45.754,0.86176,0.86196,1.50,1.50
2010.12.30 20:20:48.662,0.86175,0.86195,2.25,2.25
2010.12.30 20:20:48.886,0.86175,0.86194,2.25,1.50
2010.12.30 20:20:49.006,0.86173,0.86194,1.77,3.00
2010.12.30 20:20:49.565,0.86172,0.86193,5.52,3.00
2010.12.30 20:20:50.073,0.86171,0.86192,3.03,2.52
2010.12.30 20:20:50.190,0.86171,0.8619,1.02,2.25
2010.12.30 20:20:50.746,0.86169,0.8619,1.02,3.00
2010.12.30 20:20:51.415,0.86169,0.86187,1.02,1.50
2010.12.30 20:20:51.757,0.86168,0.86187,1.50,2.25
2010.12.30 20:20:51.875,0.86166,0.86186,2.02,1.50
2010.12.30 20:20:52.313,0.86166,0.86186,1.50,2.25
2010.12.30 20:20:52.975,0.86164,0.86186,2.02,2.25
2010.12.30 20:20:53.525,0.86165,0.86186,1.50,2.25
2010.12.30 20:20:54.146,0.86165,0.86183,1.50,1.50
2010.12.30 20:20:57.353,0.86165,0.86183,1.50,2.25
2010.12.30 20:21:01.624,0.86163,0.86184,3.52,1.50
2010.12.30 20:21:04.873,0.86165,0.86184,1.50,1.50
2010.12.30 20:21:05.463,0.86166,0.86184,1.50,1.50
2010.12.30 20:21:33.578,0.86166,0.86183,1.50,1.50
2010.12.30 20:21:33.697,0.86165,0.86183,1.50,2.25
2010.12.30 20:21:34.218,0.86164,0.86181,1.50,1.50
2010.12.30 20:21:35.184,0.86163,0.86181,2.02,1.50
2010.12.30 20:21:36.909,0.8616,0.86179,1.50,1.50
2010.12.30 20:21:37.358,0.8616,0.86177,1.50,1.50
2010.12.30 20:21:37.694,0.86161,0.8618,1.50,1.50
2010.12.30 20:21:38.745,0.86161,0.86181,2.25,3.00
2010.12.30 20:21:39.307,0.86161,0.86181,2.25,3.00
2010.12.30 20:21:39.804,0.86161,0.86181,2.25,2.25
2010.12.30 20:21:40.685,0.86161,0.86181,1.50,1.50
2010.12.30 20:21:41.026,0.86162,0.86181,1.50,4.50
2010.12.30 20:21:50.630,0.86162,0.86178,1.50,1.50
2010.12.30 20:21:56.360,0.8616,0.86178,2.02,1.50
2010.12.30 20:21:57.010,0.86158,0.86176,2.02,1.50
2010.12.30 20:21:57.128,0.86158,0.86173,1.50,1.50
2010.12.30 20:21:57.696,0.86157,0.86173,1.50,1.50
2010.12.30 20:21:59.264,0.86157,0.86172,1.50,1.50
2010.12.30 20:22:01.025,0.86157,0.86173,1.50,1.50
2010.12.30 20:22:06.733,0.86158,0.86173,1.50,1.50
2010.12.30 20:22:07.284,0.86158,0.86175,1.50,2.25
2010.12.30 20:22:09.301,0.86159,0.86174,1.50,2.25
2010.12.30 20:22:09.744,0.86159,0.86177,1.50,1.50
2010.12.30 20:22:10.294,0.86159,0.86179,1.50,3.00
2010.12.30 20:22:11.176,0.86161,0.86179,1.50,3.00
2010.12.30 20:22:11.735,0.86162,0.86179,1.50,3.00
2010.12.30 20:22:13.466,0.86164,0.86179,1.50,3.00
2010.12.30 20:22:14.025,0.86164,0.86179,1.50,1.50
2010.12.30 20:22:20.099,0.86164,0.86178,1.50,1.50
2010.12.30 20:22:20.636,0.86164,0.86179,1.50,1.50
2010.12.30 20:22:37.206,0.86162,0.86181,2.25,2.25
2010.12.30 20:22:37.764,0.86162,0.86183,2.25,2.25
2010.12.30 20:22:41.070,0.86161,0.8618,2.25,1.50
2010.12.30 20:22:41.954,0.86161,0.86182,2.25,2.25
2010.12.30 20:22:43.607,0.86162,0.86179,2.25,1.50
2010.12.30 20:22:45.046,0.86164,0.86181,1.50,1.50
2010.12.30 20:22:45.278,0.86163,0.8618,4.88,1.50
2010.12.30 20:22:58.675,0.86166,0.86182,2.25,1.50
2010.12.30 20:22:59.221,0.86168,0.86183,1.50,1.50
2010.12.30 20:22:59.558,0.86168,0.86183,1.50,1.50
2010.12.30 20:23:10.363,0.86166,0.86183,2.25,1.50
2010.12.30 20:23:10.888,0.86166,0.86182,2.25,1.50
2010.12.30 20:23:15.978,0.86167,0.86182,1.50,1.50
2010.12.30 20:23:16.535,0.86166,0.86182,2.25,1.50
2010.12.30 20:23:16.985,0.86167,0.86183,1.50,1.50
2010.12.30 20:23:18.637,0.86169,0.86183,1.88,1.50
2010.12.30 20:23:18.866,0.8617,0.86187,1.50,1.13
2010.12.30 20:23:18.988,0.8617,0.86189,1.50,1.50
2010.12.30 20:23:19.509,0.86168,0.86187,1.50,1.50
2010.12.30 20:23:19.628,0.86168,0.86186,1.50,1.50
2010.12.30 20:23:20.315,0.86168,0.86188,1.88,3.00
2010.12.30 20:23:21.021,0.86167,0.86188,3.00,3.00
2010.12.30 20:23:21.365,0.86169,0.86185,1.50,1.50
2010.12.30 20:23:21.922,0.86169,0.86186,2.25,1.50
2010.12.30 20:23:31.555,0.86169,0.86186,2.25,1.50
2010.12.30 20:23:41.217,0.86169,0.86187,2.63,1.50
2010.12.30 20:23:50.495,0.86169,0.86189,4.13,1.50
2010.12.30 20:23:57.318,0.86169,0.86188,1.50,1.50
2010.12.30 20:23:57.655,0.86169,0.86185,1.50,1.50
2010.12.30 20:23:58.645,0.86169,0.86188,1.50,1.50
2010.12.30 20:24:00.655,0.86169,0.86187,1.50,1.50
2010.12.30 20:24:01.116,0.86169,0.86189,1.50,1.50
2010.12.30 20:24:02.097,0.86169,0.86187,1.50,1.50
2010.12.30 20:24:02.215,0.86169,0.86186,1.50,1.50
2010.12.30 20:24:03.066,0.86169,0.86188,3.00,1.50
2010.12.30 20:24:03.717,0.86167,0.86189,3.00,1.50
2010.12.30 20:24:03.947,0.86167,0.86186,3.00,1.50
2010.12.30 20:24:04.540,0.86168,0.86186,1.50,1.50
2010.12.30 20:24:10.215,0.86167,0.86186,1.50,1.50
2010.12.30 20:24:13.581,0.86168,0.86187,1.50,1.50
2010.12.30 20:24:18.817,0.86169,0.86187,1.50,1.50
2010.12.30 20:24:19.046,0.86169,0.86188,1.50,2.25
2010.12.30 20:24:19.604,0.8617,0.8619,2.25,3.00
2010.12.30 20:24:24.406,0.86169,0.86189,2.63,1.50
2010.12.30 20:24:25.000,0.86169,0.86189,1.50,1.50
2010.12.30 20:24:25.336,0.86169,0.86187,1.50,1.50
2010.12.30 20:24:27.301,0.86166,0.86187,1.13,1.50
2010.12.30 20:24:28.054,0.86166,0.86187,2.63,1.50
2010.12.30 20:24:29.705,0.86168,0.86187,1.50,1.50
2010.12.30 20:25:03.177,0.8617,0.86187,1.50,2.25
2010.12.30 20:25:03.635,0.86172,0.8619,1.50,1.50
2010.12.30 20:25:04.196,0.86171,0.8619,1.50,1.50
2010.12.30 20:25:08.318,0.86172,0.8619,1.50,1.50
2010.12.30 20:25:09.858,0.86172,0.86188,1.50,1.50
2010.12.30 20:25:10.193,0.8617,0.86188,3.00,1.50
2010.12.30 20:25:10.538,0.86166,0.86187,3.75,1.50
2010.12.30 20:25:11.107,0.86168,0.86187,1.50,1.13
2010.12.30 20:25:11.727,0.86168,0.86186,1.50,1.50
2010.12.30 20:25:12.536,0.86169,0.86187,1.50,1.13
2010.12.30 20:25:12.656,0.86169,0.86188,1.88,3.00
2010.12.30 20:25:12.776,0.86171,0.86188,1.50,3.00
2010.12.30 20:25:13.333,0.86171,0.86189,1.50,2.25
2010.12.30 20:25:13.674,0.86173,0.86189,1.50,2.25
2010.12.30 20:25:14.176,0.86174,0.8619,1.50,2.25
2010.12.30 20:25:14.696,0.86173,0.86191,2.25,1.50
2010.12.30 20:25:15.315,0.86173,0.86192,2.25,1.50
2010.12.30 20:25:15.436,0.86173,0.86192,1.50,1.50
2010.12.30 20:25:15.556,0.86171,0.86192,3.38,1.50
2010.12.30 20:25:17.647,0.86171,0.86193,1.50,1.13
2010.12.30 20:25:18.200,0.86171,0.86189,1.50,1.50
2010.12.30 20:25:18.754,0.86171,0.8619,1.50,1.50
2010.12.30 20:25:21.174,0.86171,0.8619,3.00,1.50
2010.12.30 20:25:21.898,0.86173,0.8619,1.50,1.50
2010.12.30 20:25:22.025,0.86175,0.86193,1.50,1.50
2010.12.30 20:25:22.147,0.86175,0.86195,1.50,3.75
2010.12.30 20:25:22.485,0.86175,0.86194,1.50,1.50
2010.12.30 20:25:23.035,0.86175,0.86195,1.50,4.50
2010.12.30 20:25:25.104,0.86174,0.86195,1.50,3.00
2010.12.30 20:25:25.654,0.86174,0.86197,1.88,4.50
2010.12.30 20:25:26.204,0.86175,0.86196,1.50,2.25
2010.12.30 20:25:26.708,0.86173,0.86196,3.75,2.25
2010.12.30 20:25:26.825,0.86173,0.86192,1.50,1.88
2010.12.30 20:25:27.384,0.86172,0.86192,1.50,1.50
2010.12.30 20:25:28.206,0.86172,0.86191,1.50,3.00
2010.12.30 20:25:28.546,0.86172,0.86189,1.50,1.50
2010.12.30 20:25:30.297,0.8617,0.86188,1.50,2.25
2010.12.30 20:25:30.971,0.86169,0.86187,1.50,1.13
2010.12.30 20:25:31.088,0.86168,0.86183,1.50,1.50
2010.12.30 20:25:31.329,0.86164,0.86183,1.50,1.88
2010.12.30 20:25:31.896,0.86165,0.86182,1.50,2.25
2010.12.30 20:25:32.440,0.86164,0.86181,1.50,4.50
2010.12.30 20:25:32.557,0.86164,0.8618,1.50,1.39
2010.12.30 20:25:37.158,0.86165,0.86179,1.50,1.88
2010.12.30 20:25:37.685,0.86164,0.86179,1.50,1.88
2010.12.30 20:25:38.644,0.86164,0.86179,1.50,1.50
2010.12.30 20:25:41.539,0.86163,0.86179,1.50,1.50
2010.12.30 20:25:46.446,0.86163,0.8618,1.50,2.63
2010.12.30 20:25:46.788,0.86159,0.86176,2.02,2.63
2010.12.30 20:25:47.166,0.86159,0.86176,1.50,3.38
2010.12.30 20:25:48.466,0.86159,0.86175,1.50,1.50
2010.12.30 20:25:49.024,0.86159,0.86175,1.50,2.25
2010.12.30 20:25:49.357,0.86159,0.86175,1.50,2.25
2010.12.30 20:25:49.586,0.86159,0.86174,1.50,1.50
2010.12.30 20:25:50.145,0.86159,0.86175,1.50,3.00
2010.12.30 20:25:50.735,0.86159,0.86175,1.50,3.00
2010.12.30 20:25:51.295,0.86159,0.86175,1.50,2.25
2010.12.30 20:25:51.877,0.86159,0.86175,1.50,1.50
2010.12.30 20:25:55.064,0.86157,0.86175,2.02,1.50
2010.12.30 20:25:55.625,0.86157,0.86174,2.02,2.25
2010.12.30 20:25:56.684,0.86158,0.86174,1.50,2.25
2010.12.30 20:25:58.187,0.8616,0.86174,1.50,1.50
2010.12.30 20:26:00.864,0.8616,0.86175,1.50,1.50
2010.12.30 20:26:01.197,0.86161,0.86177,1.50,1.13
2010.12.30 20:26:01.539,0.86164,0.86177,1.50,1.13
2010.12.30 20:26:06.585,0.8616,0.86178,1.50,2.25
2010.12.30 20:26:07.029,0.8616,0.86178,1.50,4.88
2010.12.30 20:26:07.652,0.8616,0.86174,1.50,1.13
2010.12.30 20:26:09.736,0.86158,0.86174,1.50,1.13
2010.12.30 20:26:21.673,0.8616,0.86175,1.50,2.25
2010.12.30 20:26:22.225,0.8616,0.86176,1.50,4.88
2010.12.30 20:26:25.064,0.8616,0.86176,1.50,4.13
2010.12.30 20:26:30.455,0.86159,0.86176,1.50,4.88
2010.12.30 20:26:30.998,0.8616,0.86174,1.50,1.13
2010.12.30 20:26:33.305,0.86159,0.86174,1.50,1.13
2010.12.30 20:26:33.895,0.86158,0.86174,1.50,2.25
2010.12.30 20:26:35.334,0.8616,0.86174,1.02,4.13
2010.12.30 20:26:35.682,0.86163,0.86181,1.77,2.25
2010.12.30 20:26:35.907,0.86166,0.86181,1.02,2.25
2010.12.30 20:26:36.456,0.86168,0.8618,1.50,1.50
2010.12.30 20:26:38.025,0.86166,0.8618,1.02,1.50
2010.12.30 20:26:38.135,0.86163,0.8618,2.25,1.50
2010.12.30 20:26:41.889,0.86165,0.8618,1.50,1.50
2010.12.30 20:26:45.265,0.86166,0.8618,1.50,2.25
2010.12.30 20:26:49.684,0.86166,0.8618,1.50,3.00
2010.12.30 20:26:49.795,0.86164,0.8618,1.50,3.00
2010.12.30 20:26:50.127,0.86161,0.86178,2.25,1.50
2010.12.30 20:27:02.000,0.86163,0.86178,1.50,2.25
2010.12.30 20:27:02.345,0.86165,0.8618,1.50,2.25
2010.12.30 20:27:03.445,0.86166,0.86182,1.50,2.25
2010.12.30 20:27:04.614,0.86165,0.86182,1.50,2.25
2010.12.30 20:27:04.724,0.86167,0.86182,1.50,2.25
2010.12.30 20:27:05.485,0.86166,0.86182,1.50,2.25
2010.12.30 20:27:06.035,0.86165,0.86182,1.50,2.25
2010.12.30 20:27:06.375,0.86164,0.86179,1.50,1.50
2010.12.30 20:27:06.934,0.86163,0.86179,1.50,3.00
2010.12.30 20:27:07.663,0.86162,0.86179,2.25,3.00
2010.12.30 20:27:11.716,0.86161,0.86177,2.25,1.13
2010.12.30 20:27:12.056,0.86164,0.86178,1.50,1.88
2010.12.30 20:27:12.175,0.86164,0.86179,1.50,1.13
2010.12.30 20:27:23.556,0.86163,0.86179,1.50,1.13
2010.12.30 20:27:23.786,0.86163,0.86178,1.50,1.88
2010.12.30 20:27:24.324,0.86162,0.86178,1.50,1.88
2010.12.30 20:27:27.084,0.86163,0.86178,1.50,3.38
2010.12.30 20:27:27.194,0.86163,0.86182,1.50,3.00
2010.12.30 20:27:27.836,0.86165,0.86182,1.50,3.00
2010.12.30 20:27:27.965,0.86166,0.86184,1.50,2.25
2010.12.30 20:27:28.079,0.86164,0.86182,2.25,1.50
2010.12.30 20:27:28.747,0.86164,0.86181,1.50,1.50
2010.12.30 20:27:29.282,0.86163,0.8618,1.50,1.88
2010.12.30 20:27:31.581,0.86165,0.86185,1.50,4.88
2010.12.30 20:27:32.915,0.86166,0.86184,1.50,2.25
2010.12.30 20:27:40.226,0.86166,0.86183,1.50,1.13
2010.12.30 20:27:40.465,0.86166,0.86183,1.50,1.88
2010.12.30 20:27:41.147,0.86165,0.86181,1.50,2.25
2010.12.30 20:27:41.725,0.86165,0.86181,1.50,1.50
2010.12.30 20:27:42.995,0.86166,0.86181,1.50,1.50
2010.12.30 20:27:49.046,0.86165,0.86181,1.50,1.50
2010.12.30 20:27:50.761,0.86167,0.86181,1.50,2.25
2010.12.30 20:27:55.383,0.86167,0.86183,1.50,1.13
2010.12.30 20:27:56.329,0.86167,0.86185,2.40,3.38
2010.12.30 20:27:56.449,0.8617,0.8619,1.50,2.63
2010.12.30 20:27:56.840,0.8617,0.8619,1.50,1.88
2010.12.30 20:27:57.421,0.86171,0.8619,1.50,1.50
2010.12.30 20:27:58.985,0.86171,0.86191,1.50,2.25
2010.12.30 20:27:59.536,0.86171,0.86191,2.02,2.25
2010.12.30 20:28:00.228,0.86172,0.86191,1.50,2.25
2010.12.30 20:28:00.816,0.86171,0.86191,2.02,2.25
2010.12.30 20:28:10.108,0.86174,0.86193,2.63,1.50
2010.12.30 20:28:10.567,0.86176,0.86195,1.50,1.50
2010.12.30 20:28:11.787,0.86176,0.86194,1.50,1.50
2010.12.30 20:28:19.265,0.86176,0.86193,1.50,1.50
2010.12.30 20:28:19.701,0.86176,0.86185,1.50,1.13
2010.12.30 20:28:19.845,0.86169,0.86184,1.50,1.50
2010.12.30 20:28:20.474,0.86171,0.86185,1.50,1.50
2010.12.30 20:28:28.813,0.86169,0.86185,1.50,1.50
2010.12.30 20:28:38.592,0.86169,0.86184,1.50,1.50
2010.12.30 20:28:48.760,0.8617,0.86184,1.50,1.50
2010.12.30 20:28:49.680,0.86176,0.86192,3.15,1.50
2010.12.30 20:28:50.236,0.86179,0.86192,1.27,1.50
2010.12.30 20:28:52.507,0.8618,0.86192,1.27,1.50
2010.12.30 20:28:53.065,0.8618,0.86195,1.27,1.50
2010.12.30 20:28:54.400,0.86181,0.86198,2.02,1.50
2010.12.30 20:28:54.516,0.86181,0.86196,2.02,1.50
2010.12.30 20:28:55.445,0.86181,0.86196,2.02,1.50
2010.12.30 20:29:00.414,0.86182,0.86198,1.27,1.50
2010.12.30 20:29:01.973,0.86183,0.862,1.27,1.50
2010.12.30 20:29:03.396,0.86182,0.862,2.02,1.50
2010.12.30 20:29:05.306,0.86182,0.862,2.02,1.50
2010.12.30 20:29:05.756,0.8618,0.86198,2.77,1.50
2010.12.30 20:29:08.866,0.86182,0.86198,1.27,1.50
2010.12.30 20:29:10.194,0.86182,0.862,1.27,1.50
2010.12.30 20:29:10.774,0.86182,0.86201,1.27,1.50
2010.12.30 20:29:13.644,0.86181,0.86201,2.77,2.25
2010.12.30 20:29:22.166,0.8618,0.86201,1.27,2.25
2010.12.30 20:29:22.401,0.86179,0.86199,2.02,1.50
2010.12.30 20:29:25.486,0.86179,0.86196,1.50,1.50
2010.12.30 20:29:35.094,0.86178,0.86196,1.50,1.50
2010.12.30 20:29:36.593,0.86177,0.86196,1.50,1.50
2010.12.30 20:29:41.285,0.86178,0.86196,1.50,1.50
2010.12.30 20:29:58.817,0.86178,0.86197,1.50,1.50
2010.12.30 20:29:59.381,0.86179,0.86197,1.50,1.50
2010.12.30 20:29:59.826,0.86181,0.86197,1.50,1.50
2010.12.30 20:30:00.387,0.86178,0.86197,1.50,3.00
2010.12.30 20:30:00.966,0.86179,0.86197,1.50,1.50
2010.12.30 20:30:02.552,0.86179,0.86197,1.50,1.50
2010.12.30 20:30:02.676,0.8618,0.86199,1.88,3.00
2010.12.30 20:30:02.912,0.86181,0.862,3.75,1.50
2010.12.30 20:30:03.461,0.86182,0.86199,3.00,1.50
2010.12.30 20:30:04.128,0.86182,0.862,3.00,1.50
2010.12.30 20:30:04.713,0.86182,0.862,3.00,1.50
2010.12.30 20:30:06.505,0.86182,0.862,3.00,1.50
2010.12.30 20:30:06.946,0.8618,0.86198,1.50,2.25
2010.12.30 20:30:07.177,0.8618,0.86196,1.50,1.50
2010.12.30 20:30:07.696,0.86179,0.86196,1.50,1.50
2010.12.30 20:30:11.586,0.8618,0.86196,1.50,3.00
2010.12.30 20:30:13.857,0.8618,0.86196,1.50,3.00
2010.12.30 20:30:20.685,0.86178,0.86196,1.50,1.50
2010.12.30 20:30:21.411,0.86177,0.86194,1.50,1.50
2010.12.30 20:30:26.704,0.86177,0.86196,2.02,2.63
2010.12.30 20:30:27.102,0.86177,0.86196,2.40,1.88
2010.12.30 20:30:27.228,0.86181,0.86199,1.50,2.25
2010.12.30 20:30:27.567,0.86174,0.86193,3.00,2.25
2010.12.30 20:30:27.796,0.86176,0.86195,1.50,3.00
2010.12.30 20:30:28.679,0.86176,0.86193,1.50,1.50
2010.12.30 20:30:29.029,0.86176,0.86191,1.50,1.50
2010.12.30 20:30:29.801,0.86176,0.8619,1.50,1.50
2010.12.30 20:30:30.146,0.86173,0.8619,1.50,1.50
2010.12.30 20:30:30.695,0.86174,0.8619,1.50,1.50
2010.12.30 20:30:34.177,0.8617,0.86191,1.50,1.50
2010.12.30 20:30:34.623,0.86169,0.86189,1.50,3.00
2010.12.30 20:30:35.516,0.8617,0.86189,1.50,1.50
2010.12.30 20:30:35.748,0.86171,0.8619,1.13,2.25
2010.12.30 20:30:36.537,0.86171,0.8619,3.00,1.50
2010.12.30 20:30:37.097,0.86171,0.8619,1.50,2.25
2010.12.30 20:30:39.807,0.8617,0.86188,1.50,2.25
2010.12.30 20:30:40.156,0.86169,0.86186,1.50,1.50
2010.12.30 20:30:48.395,0.86172,0.86186,1.50,1.50
2010.12.30 20:30:48.507,0.86172,0.8619,1.50,3.00
2010.12.30 20:30:50.757,0.86171,0.86191,1.50,1.50
2010.12.30 20:30:54.085,0.86169,0.8619,1.50,2.25
2010.12.30 20:30:54.416,0.86169,0.86186,1.50,1.50
2010.12.30 20:30:54.976,0.86168,0.86186,3.00,1.50
2010.12.30 20:30:55.657,0.86168,0.86184,1.50,1.50
2010.12.30 20:30:56.222,0.86168,0.86185,1.65,1.50
2010.12.30 20:30:56.342,0.86171,0.86189,1.50,2.25
2010.12.30 20:30:56.459,0.86169,0.86187,1.88,2.25
2010.12.30 20:30:57.157,0.86169,0.86187,1.50,2.25
2010.12.30 20:30:58.218,0.86168,0.86187,1.50,2.25
2010.12.30 20:31:16.083,0.86168,0.86187,1.50,2.25
2010.12.30 20:31:25.884,0.86168,0.86188,1.50,1.50
2010.12.30 20:31:27.467,0.86167,0.86186,1.50,1.50
2010.12.30 20:31:27.588,0.86165,0.86184,1.50,1.50
2010.12.30 20:31:27.707,0.86165,0.86183,1.50,1.50
2010.12.30 20:31:28.312,0.86166,0.86183,1.50,1.50
2010.12.30 20:31:28.646,0.86168,0.86183,1.50,1.50
2010.12.30 20:31:29.341,0.86168,0.86185,1.50,2.25
2010.12.30 20:31:29.925,0.86167,0.86185,1.50,2.25
2010.12.30 20:31:31.144,0.86168,0.86185,1.50,2.25
2010.12.30 20:31:31.267,0.86168,0.86186,1.50,1.50
2010.12.30 20:31:31.387,0.86168,0.86185,1.50,1.50
2010.12.30 20:31:32.172,0.86167,0.86185,1.50,1.50
2010.12.30 20:31:39.476,0.86168,0.86185,1.50,1.50
2010.12.30 20:31:39.696,0.86165,0.86183,3.00,1.50
2010.12.30 20:31:40.376,0.86165,0.86183,1.50,1.50
2010.12.30 20:31:40.886,0.86163,0.86183,1.50,3.00
2010.12.30 20:31:41.518,0.86166,0.86183,1.50,2.25
2010.12.30 20:31:41.757,0.8616,0.86181,2.77,2.25
2010.12.30 20:31:43.177,0.8616,0.8618,2.77,2.25
2010.12.30 20:31:43.727,0.8616,0.8618,2.77,3.75
2010.12.30 20:31:44.936,0.8616,0.8618,2.25,3.75
2010.12.30 20:31:49.134,0.8616,0.86179,2.25,1.50
2010.12.30 20:32:10.764,0.86159,0.86178,3.75,1.50
2010.12.30 20:32:11.424,0.8616,0.86179,2.25,1.50
2010.12.30 20:32:11.663,0.86159,0.86177,2.25,1.50
2010.12.30 20:32:11.782,0.86159,0.8618,2.25,3.75
2010.12.30 20:32:12.438,0.86158,0.86176,2.25,1.50
2010.12.30 20:32:14.281,0.86159,0.86179,2.25,1.50
2010.12.30 20:32:22.320,0.86159,0.8618,2.25,2.25
2010.12.30 20:32:23.520,0.86159,0.86179,2.25,1.50
2010.12.30 20:32:23.636,0.86158,0.86176,3.75,1.50
2010.12.30 20:32:23.968,0.86158,0.86177,1.50,1.50
2010.12.30 20:32:24.307,0.86155,0.86174,3.52,1.50
2010.12.30 20:32:28.166,0.86156,0.86175,1.50,2.25
2010.12.30 20:32:38.205,0.86155,0.86174,3.78,2.25
2010.12.30 20:32:38.539,0.86158,0.86174,1.39,1.50
2010.12.30 20:32:38.984,0.86165,0.86178,1.02,1.50
2010.12.30 20:32:39.217,0.86165,0.8618,2.52,1.50
2010.12.30 20:32:40.161,0.86165,0.86181,2.25,2.25
2010.12.30 20:32:42.299,0.86164,0.86184,1.50,3.00
2010.12.30 20:32:42.862,0.86164,0.86184,2.02,3.75
2010.12.30 20:32:42.979,0.86164,0.8618,1.50,1.50
2010.12.30 20:32:43.733,0.86163,0.8618,2.02,2.25
2010.12.30 20:33:06.985,0.86162,0.86181,1.50,2.25
2010.12.30 20:33:09.865,0.86162,0.86181,1.50,2.25
2010.12.30 20:33:35.307,0.8616,0.8618,2.77,2.25
2010.12.30 20:33:42.498,0.8616,0.8618,2.02,2.25
2010.12.30 20:33:51.964,0.86162,0.8618,1.50,2.25
2010.12.30 20:33:52.686,0.86166,0.8618,1.50,1.50
2010.12.30 20:33:53.346,0.86165,0.8618,2.77,1.50
2010.12.30 20:33:53.462,0.86166,0.86183,1.50,1.50
2010.12.30 20:33:54.036,0.86165,0.86183,1.27,1.50
2010.12.30 20:33:54.257,0.86167,0.86183,1.50,1.50
2010.12.30 20:33:54.709,0.86165,0.86183,1.27,1.50
2010.12.30 20:33:54.831,0.86162,0.86183,2.25,2.25
2010.12.30 20:33:55.378,0.86163,0.86183,1.50,2.25
2010.12.30 20:33:55.966,0.86163,0.86183,2.77,2.25
2010.12.30 20:33:56.544,0.86163,0.86183,2.77,3.00
2010.12.30 20:33:57.676,0.86163,0.86183,3.52,1.50
2010.12.30 20:33:58.284,0.86163,0.86183,2.77,1.50
2010.12.30 20:33:58.400,0.86165,0.86183,1.50,1.50
2010.12.30 20:34:00.457,0.86165,0.86185,1.50,2.25
2010.12.30 20:34:01.089,0.86166,0.86185,1.50,2.25
2010.12.30 20:34:01.986,0.86164,0.86185,2.02,3.75
2010.12.30 20:34:02.546,0.86164,0.86185,1.50,3.00
2010.12.30 20:34:03.686,0.86164,0.86185,2.02,3.00
2010.12.30 20:34:22.056,0.86165,0.86185,1.50,3.00
2010.12.30 20:34:23.536,0.86165,0.86185,2.02,2.25
2010.12.30 20:34:23.657,0.86167,0.86185,1.50,2.25
2010.12.30 20:34:25.619,0.86168,0.86185,1.50,2.25
2010.12.30 20:34:26.101,0.86171,0.86186,1.50,1.50
2010.12.30 20:34:26.658,0.8617,0.86187,1.50,1.50
2010.12.30 20:34:26.998,0.86171,0.86186,2.02,1.50
2010.12.30 20:34:27.575,0.86171,0.86187,2.77,1.50
2010.12.30 20:34:27.948,0.8617,0.86187,1.50,1.50
2010.12.30 20:34:28.177,0.86168,0.86187,1.50,1.50
2010.12.30 20:34:28.408,0.8617,0.86187,2.02,1.50
2010.12.30 20:34:28.966,0.86169,0.86186,2.77,1.50
2010.12.30 20:34:29.722,0.86169,0.86186,1.50,1.50
2010.12.30 20:34:30.359,0.86169,0.86187,2.02,1.50
2010.12.30 20:34:30.809,0.86168,0.86187,1.50,1.50
2010.12.30 20:34:31.036,0.86168,0.86185,1.50,1.50
2010.12.30 20:34:31.835,0.86167,0.86186,2.77,1.50
2010.12.30 20:34:39.200,0.86164,0.86186,2.02,3.00
2010.12.30 20:34:39.316,0.86167,0.86186,1.50,3.00
2010.12.30 20:34:39.867,0.86166,0.86186,1.50,3.75
2010.12.30 20:34:41.352,0.86166,0.86186,1.50,3.75
2010.12.30 20:34:50.705,0.86165,0.86186,1.50,4.50
2010.12.30 20:34:51.550,0.86166,0.86186,1.50,4.50
2010.12.30 20:34:53.076,0.86164,0.86185,1.50,2.25
2010.12.30 20:34:53.837,0.86163,0.86184,3.75,1.50
2010.12.30 20:34:54.285,0.86162,0.86182,3.00,2.25
2010.12.30 20:34:57.995,0.86163,0.86183,1.50,3.75
2010.12.30 20:34:58.117,0.86161,0.86182,4.27,2.25
2010.12.30 20:34:58.456,0.86163,0.86182,1.50,2.25
2010.12.30 20:35:00.287,0.86161,0.86182,4.27,2.25
2010.12.30 20:35:00.846,0.86162,0.86182,1.50,3.75
2010.12.30 20:35:02.375,0.86161,0.86181,3.75,1.50
2010.12.30 20:35:03.004,0.86161,0.86182,3.75,2.25
2010.12.30 20:35:03.427,0.86163,0.86182,1.50,3.75
2010.12.30 20:35:04.134,0.86162,0.86182,1.50,3.75
2010.12.30 20:35:05.445,0.86162,0.86182,1.50,2.25
2010.12.30 20:35:06.131,0.86163,0.86182,1.50,2.25
2010.12.30 20:35:06.496,0.86165,0.86182,1.50,2.25
2010.12.30 20:35:06.831,0.86165,0.86185,2.25,3.00
2010.12.30 20:35:06.951,0.86166,0.86185,1.27,2.25
2010.12.30 20:35:09.102,0.86166,0.86185,2.02,2.25
2010.12.30 20:35:09.925,0.86164,0.86185,1.27,2.25
2010.12.30 20:35:10.506,0.86164,0.86185,1.27,2.25
2010.12.30 20:35:12.226,0.86164,0.86185,2.77,2.25
2010.12.30 20:35:12.760,0.86164,0.86185,1.27,4.50
2010.12.30 20:35:13.317,0.86162,0.86184,3.52,1.50
2010.12.30 20:35:14.016,0.86163,0.86183,1.50,2.25
2010.12.30 20:35:20.725,0.86163,0.86183,2.02,2.25
2010.12.30 20:35:21.055,0.86166,0.86185,1.50,3.75
2010.12.30 20:35:21.166,0.86166,0.86185,1.50,3.75
2010.12.30 20:35:21.715,0.86166,0.86185,1.50,3.75
2010.12.30 20:35:22.284,0.86167,0.86185,1.50,1.50
2010.12.30 20:35:22.510,0.86164,0.86185,1.27,2.25
2010.12.30 20:35:23.079,0.86165,0.86185,2.02,2.25
2010.12.30 20:35:23.947,0.86165,0.86185,2.02,3.00
2010.12.30 20:35:28.443,0.86163,0.86184,2.77,1.50
2010.12.30 20:35:28.997,0.86164,0.86184,1.50,4.50
2010.12.30 20:35:29.868,0.86163,0.86184,1.50,4.50
2010.12.30 20:35:32.667,0.86164,0.86184,1.50,3.00
2010.12.30 20:35:33.278,0.86164,0.86182,2.25,1.50
2010.12.30 20:35:33.838,0.86163,0.86184,2.77,3.00
2010.12.30 20:35:36.028,0.86164,0.86184,2.25,2.25
2010.12.30 20:35:36.595,0.86165,0.86184,1.27,2.25
2010.12.30 20:35:40.084,0.86166,0.86184,1.50,2.25
2010.12.30 20:35:40.527,0.86166,0.86184,2.77,1.50
2010.12.30 20:35:40.767,0.86166,0.86187,2.77,2.25
2010.12.30 20:35:41.283,0.86166,0.86185,2.77,1.50
2010.12.30 20:35:44.416,0.86165,0.86185,1.27,2.25
2010.12.30 20:35:44.856,0.86166,0.86185,1.27,1.50
2010.12.30 20:35:47.478,0.86166,0.86187,1.27,2.25
2010.12.30 20:35:48.289,0.86167,0.86188,1.27,3.75
2010.12.30 20:35:48.748,0.86166,0.86188,2.77,4.50
2010.12.30 20:35:49.892,0.86169,0.86187,1.50,1.50
2010.12.30 20:35:50.228,0.86169,0.86185,1.50,1.50
2010.12.30 20:35:55.440,0.86168,0.86185,2.77,1.50
2010.12.30 20:35:57.345,0.86168,0.86188,1.27,2.25
2010.12.30 20:36:00.708,0.86166,0.86188,3.52,3.75
2010.12.30 20:36:01.047,0.86166,0.86188,1.27,3.00
2010.12.30 20:36:01.475,0.86167,0.86188,1.27,3.00
2010.12.30 20:36:02.601,0.8617,0.86188,1.27,1.50
2010.12.30 20:36:04.597,0.86169,0.86187,1.50,1.50
2010.12.30 20:36:04.827,0.86169,0.86185,1.50,1.50
2010.12.30 20:36:05.299,0.8617,0.86185,1.27,1.50
2010.12.30 20:36:05.855,0.8617,0.86186,1.27,1.50
2010.12.30 20:36:06.636,0.8617,0.86185,1.27,1.50
2010.12.30 20:36:06.748,0.86169,0.86185,1.50,1.50
2010.12.30 20:36:07.198,0.8617,0.86185,2.02,1.50
2010.12.30 20:36:08.957,0.86169,0.86187,1.27,1.50
2010.12.30 20:36:09.526,0.86169,0.86186,1.27,1.50
2010.12.30 20:36:11.996,0.8617,0.86188,2.02,1.50
2010.12.30 20:36:12.806,0.8617,0.86188,2.02,1.50
2010.12.30 20:36:14.826,0.86173,0.86188,1.50,1.50
2010.12.30 20:36:14.947,0.86173,0.8619,1.50,1.50
2010.12.30 20:36:15.608,0.86173,0.86189,2.02,1.50
2010.12.30 20:36:19.767,0.86173,0.86189,1.27,1.50
2010.12.30 20:36:20.383,0.86173,0.8619,2.77,1.50
2010.12.30 20:36:20.953,0.86174,0.86191,2.02,1.50
2010.12.30 20:36:21.824,0.86173,0.8619,1.50,1.50
2010.12.30 20:36:22.137,0.86173,0.8619,2.77,1.50
2010.12.30 20:36:22.828,0.86173,0.8619,2.77,1.50
2010.12.30 20:36:22.949,0.86169,0.86187,1.27,1.50
2010.12.30 20:36:23.389,0.86167,0.86187,1.27,2.25
2010.12.30 20:36:23.629,0.86166,0.86183,2.02,1.50
2010.12.30 20:36:25.263,0.86166,0.86186,2.02,2.25
2010.12.30 20:36:26.523,0.86163,0.86184,1.27,2.25
2010.12.30 20:36:26.965,0.86162,0.86182,2.77,1.50
2010.12.30 20:36:27.084,0.86162,0.86182,2.25,2.25
2010.12.30 20:36:28.116,0.86164,0.86182,1.50,2.25
2010.12.30 20:36:29.375,0.86163,0.86182,1.50,2.25
2010.12.30 20:36:29.707,0.86164,0.86182,1.50,2.25
2010.12.30 20:36:31.437,0.86167,0.86182,1.50,2.25
2010.12.30 20:36:31.559,0.86167,0.86182,1.50,1.50
2010.12.30 20:36:31.678,0.86167,0.86185,1.50,3.00
2010.12.30 20:36:32.017,0.86168,0.86187,1.50,1.50
2010.12.30 20:36:32.752,0.86168,0.86188,1.50,3.00
2010.12.30 20:36:33.086,0.8617,0.86188,1.50,3.00
2010.12.30 20:36:33.635,0.8617,0.86188,1.50,3.00
2010.12.30 20:36:35.266,0.8617,0.86188,1.50,3.00
2010.12.30 20:36:35.728,0.86167,0.86188,1.50,3.75
2010.12.30 20:36:35.848,0.86167,0.86181,1.50,1.50
2010.12.30 20:36:35.970,0.86164,0.86181,1.50,1.50
2010.12.30 20:36:36.196,0.86166,0.86181,1.50,1.50
2010.12.30 20:36:36.919,0.86165,0.86181,1.50,1.50
2010.12.30 20:36:37.478,0.86166,0.86181,1.50,1.50
2010.12.30 20:36:38.038,0.86167,0.86181,1.50,1.50
2010.12.30 20:36:38.156,0.86165,0.86181,2.02,1.50
2010.12.30 20:36:38.717,0.86164,0.86182,1.50,1.50
2010.12.30 20:36:38.948,0.86164,0.86182,2.02,1.50
2010.12.30 20:36:39.554,0.86165,0.86181,2.02,1.50
2010.12.30 20:36:40.739,0.86167,0.86186,1.50,1.50
2010.12.30 20:36:41.401,0.86166,0.86187,2.02,2.25
2010.12.30 20:36:41.522,0.86169,0.86184,1.50,1.50
2010.12.30 20:36:43.180,0.86168,0.86184,2.02,1.50
2010.12.30 20:36:43.976,0.86168,0.86188,2.02,3.75
2010.12.30 20:36:44.085,0.8617,0.86188,1.50,3.75
2010.12.30 20:36:44.636,0.8617,0.86188,2.02,3.00
2010.12.30 20:36:56.634,0.8617,0.86188,2.02,2.25
2010.12.30 20:36:57.837,0.8617,0.86187,2.02,1.50
2010.12.30 20:36:58.287,0.86168,0.86186,1.50,1.50
2010.12.30 20:36:58.613,0.86168,0.86186,2.02,1.50
2010.12.30 20:36:59.166,0.86168,0.86187,2.02,2.25
2010.12.30 20:37:00.596,0.8617,0.86187,2.02,1.50
2010.12.30 20:37:01.346,0.8617,0.86187,2.02,1.50
2010.12.30 20:37:02.257,0.86171,0.86187,1.50,1.50
2010.12.30 20:37:05.556,0.8617,0.86187,1.27,1.50
2010.12.30 20:37:08.956,0.86169,0.86187,2.02,2.25
2010.12.30 20:37:09.505,0.8617,0.86187,1.27,1.50
2010.12.30 20:37:09.615,0.8617,0.8619,1.27,2.25
2010.12.30 20:37:09.727,0.86175,0.86191,1.50,1.50
2010.12.30 20:37:09.959,0.86176,0.86196,2.02,4.13
2010.12.30 20:37:10.403,0.86174,0.8619,2.02,1.50
2010.12.30 20:37:10.968,0.86173,0.86191,3.15,1.50
2010.12.30 20:37:11.087,0.86173,0.86193,3.15,1.50
2010.12.30 20:37:11.538,0.86175,0.86193,2.02,1.50
2010.12.30 20:37:12.046,0.86175,0.86193,2.77,1.50
2010.12.30 20:37:12.161,0.86177,0.86197,1.88,1.50
2010.12.30 20:37:12.279,0.86177,0.86199,2.40,2.25
2010.12.30 20:37:12.619,0.86178,0.86199,1.50,2.25
2010.12.30 20:37:13.179,0.86179,0.86198,1.50,2.25
2010.12.30 20:37:13.740,0.86177,0.86197,7.50,1.50
2010.12.30 20:37:13.866,0.86176,0.86197,2.02,3.00
2010.12.30 20:37:14.306,0.86176,0.86195,2.02,1.50
2010.12.30 20:37:16.527,0.86176,0.86195,1.50,1.50
2010.12.30 20:37:17.376,0.86176,0.86195,2.02,1.50
2010.12.30 20:37:18.117,0.86176,0.86198,3.52,3.00
2010.12.30 20:37:18.678,0.86175,0.86196,2.77,3.00
2010.12.30 20:37:19.680,0.86175,0.86197,2.02,4.50
2010.12.30 20:37:20.019,0.86174,0.86196,2.02,1.50
2010.12.30 20:37:20.576,0.86174,0.86192,1.50,1.50
2010.12.30 20:37:48.793,0.86174,0.86191,1.50,1.50
2010.12.30 20:37:50.405,0.86173,0.86191,2.02,1.50
2010.12.30 20:37:56.960,0.86173,0.86191,2.02,1.50
2010.12.30 20:37:57.516,0.86172,0.86191,2.77,1.50
2010.12.30 20:37:58.223,0.86172,0.86191,2.77,1.50
2010.12.30 20:37:59.456,0.86172,0.86192,2.77,2.25
2010.12.30 20:38:14.340,0.86172,0.86191,2.77,1.50
2010.12.30 20:38:27.875,0.86174,0.86191,1.50,1.50
2010.12.30 20:38:30.874,0.86172,0.86191,2.77,1.50
2010.12.30 20:38:31.424,0.86172,0.86191,2.02,1.50
2010.12.30 20:38:39.426,0.86172,0.86188,2.02,1.50
2010.12.30 20:38:42.989,0.86172,0.86188,1.50,1.50
2010.12.30 20:38:43.326,0.86175,0.86188,1.50,1.50
2010.12.30 20:38:43.889,0.86176,0.86191,1.50,1.50
2010.12.30 20:38:44.667,0.86177,0.86191,1.50,1.50
2010.12.30 20:38:47.036,0.86175,0.86191,2.77,1.50
2010.12.30 20:38:47.571,0.86174,0.8619,2.25,1.50
2010.12.30 20:38:47.810,0.86171,0.86187,2.02,1.50
2010.12.30 20:38:48.377,0.86171,0.86187,1.50,1.50
2010.12.30 20:38:50.096,0.86171,0.86189,1.50,2.25
2010.12.30 20:38:50.447,0.86171,0.86187,1.50,1.50
2010.12.30 20:38:52.108,0.86173,0.86187,1.50,1.50
2010.12.30 20:38:52.681,0.86172,0.86187,2.02,1.50
2010.12.30 20:38:54.616,0.86173,0.86187,1.50,1.50
2010.12.30 20:38:59.812,0.86171,0.86187,2.02,1.50
2010.12.30 20:39:00.365,0.86171,0.86187,2.02,1.50
2010.12.30 20:39:09.225,0.86174,0.86187,1.50,1.50
2010.12.30 20:39:09.776,0.86173,0.86187,1.50,1.50
2010.12.30 20:39:10.288,0.86172,0.86187,1.50,1.50
2010.12.30 20:39:10.847,0.86172,0.86188,1.50,1.50
2010.12.30 20:39:11.427,0.86172,0.86187,1.50,1.50
2010.12.30 20:39:24.837,0.86175,0.86187,1.50,1.50
2010.12.30 20:39:25.274,0.86175,0.86193,1.50,1.50
2010.12.30 20:39:25.404,0.86177,0.86194,2.02,1.50
2010.12.30 20:39:28.773,0.86176,0.86194,1.50,1.50
2010.12.30 20:39:29.000,0.86174,0.86193,1.50,2.25
2010.12.30 20:39:29.596,0.86173,0.86191,2.02,1.50
2010.12.30 20:39:30.586,0.86174,0.86191,1.50,2.25
2010.12.30 20:39:31.136,0.86172,0.86191,2.02,2.25
2010.12.30 20:39:32.152,0.86172,0.86191,2.02,2.25
2010.12.30 20:39:41.010,0.86174,0.86191,1.50,2.25
2010.12.30 20:39:42.666,0.86172,0.86191,2.02,2.25
2010.12.30 20:39:42.886,0.86172,0.86191,2.02,2.25
2010.12.30 20:39:44.993,0.86174,0.86194,1.50,3.00
2010.12.30 20:39:50.316,0.86174,0.86194,1.50,3.75
2010.12.30 20:39:56.046,0.86175,0.86194,1.50,2.25
2010.12.30 20:39:56.599,0.86176,0.86194,1.50,3.00
2010.12.30 20:39:58.087,0.86177,0.86194,1.50,3.00
2010.12.30 20:39:58.687,0.86177,0.86191,1.50,1.50
2010.12.30 20:40:00.880,0.86175,0.86191,1.50,2.25
2010.12.30 20:40:01.438,0.86174,0.86193,1.50,3.00
2010.12.30 20:40:01.557,0.86172,0.86192,1.50,3.75
2010.12.30 20:40:04.969,0.86173,0.86192,1.50,2.25
2010.12.30 20:40:13.096,0.86174,0.86192,1.50,2.25
2010.12.30 20:40:14.742,0.86175,0.86194,1.50,4.50
2010.12.30 20:40:15.197,0.86173,0.86194,3.00,4.50
2010.12.30 20:40:16.755,0.86175,0.86194,1.50,3.00
2010.12.30 20:40:17.217,0.86175,0.86194,1.50,2.25
2010.12.30 20:40:17.439,0.86174,0.86194,1.50,4.50
2010.12.30 20:40:18.205,0.86173,0.86193,2.02,2.25
2010.12.30 20:40:18.767,0.86173,0.86191,1.50,2.25
2010.12.30 20:40:19.326,0.86173,0.86191,1.50,2.25
2010.12.30 20:40:19.932,0.86173,0.86191,1.50,1.50
2010.12.30 20:40:20.488,0.86175,0.86191,1.50,1.50
2010.12.30 20:40:20.830,0.86175,0.86194,1.50,2.25
2010.12.30 20:40:21.057,0.86175,0.86194,2.02,2.25
2010.12.30 20:40:21.609,0.86176,0.86194,2.02,1.50
2010.12.30 20:40:22.193,0.86177,0.86194,1.50,1.50
2010.12.30 20:40:22.747,0.86175,0.86195,2.77,1.50
2010.12.30 20:40:23.199,0.86173,0.86195,2.77,3.00
2010.12.30 20:40:23.645,0.86168,0.86188,2.02,3.75
2010.12.30 20:40:24.118,0.86167,0.86188,3.52,2.25
2010.12.30 20:40:32.925,0.86167,0.86187,1.50,2.25
2010.12.30 20:40:40.382,0.86167,0.86186,1.50,1.50
2010.12.30 20:40:50.076,0.86165,0.86182,1.27,1.50
2010.12.30 20:40:50.419,0.8616,0.8618,2.25,2.25
2010.12.30 20:40:55.265,0.86163,0.8618,1.50,1.50
2010.12.30 20:40:55.827,0.86163,0.86181,2.02,2.25
2010.12.30 20:41:02.027,0.86165,0.86183,1.50,1.50
2010.12.30 20:41:02.356,0.86163,0.86183,2.02,1.50
2010.12.30 20:41:02.466,0.86165,0.86183,1.50,1.50
2010.12.30 20:41:07.844,0.86165,0.86184,1.50,3.00
2010.12.30 20:41:09.218,0.86164,0.86183,1.27,2.25
2010.12.30 20:41:09.801,0.86163,0.86183,1.50,4.50
2010.12.30 20:41:10.474,0.86162,0.8618,2.25,2.25
2010.12.30 20:41:10.996,0.86163,0.8618,1.50,2.25
2010.12.30 20:41:12.696,0.86162,0.8618,2.25,2.25
2010.12.30 20:41:15.616,0.86163,0.8618,1.50,2.25
2010.12.30 20:41:20.087,0.86161,0.8618,2.77,3.00
2010.12.30 20:41:20.755,0.86159,0.8618,6.00,4.50
2010.12.30 20:41:20.878,0.86159,0.8618,2.77,2.25
2010.12.30 20:41:21.467,0.86159,0.86177,2.77,1.50
2010.12.30 20:41:23.942,0.8616,0.86177,2.02,1.50
2010.12.30 20:41:24.064,0.86161,0.86181,1.27,2.25
2010.12.30 20:41:24.298,0.86162,0.86181,6.52,1.50
2010.12.30 20:41:24.877,0.86163,0.8618,1.27,1.50
2010.12.30 20:41:28.041,0.86163,0.8618,2.77,1.50
2010.12.30 20:41:36.967,0.86161,0.8618,2.02,1.50
2010.12.30 20:41:41.057,0.8616,0.8618,2.02,1.50
2010.12.30 20:41:41.615,0.86162,0.8618,1.50,2.25
2010.12.30 20:41:42.976,0.8616,0.8618,2.02,2.25
2010.12.30 20:41:43.418,0.86162,0.8618,1.50,2.25
2010.12.30 20:41:44.234,0.86162,0.8618,2.02,1.50
2010.12.30 20:41:51.457,0.86162,0.8618,1.50,1.50
2010.12.30 20:41:56.076,0.86162,0.8618,2.02,1.50
2010.12.30 20:41:59.804,0.86162,0.86181,2.02,3.75
2010.12.30 20:42:00.141,0.86156,0.86177,4.27,1.50
2010.12.30 20:42:00.709,0.86156,0.86178,4.27,3.00
2010.12.30 20:42:22.280,0.86155,0.86178,2.25,4.50
2010.12.30 20:42:23.254,0.86156,0.86178,3.75,3.00
2010.12.30 20:42:25.691,0.86157,0.86178,1.50,3.00
2010.12.30 20:42:25.814,0.86158,0.86178,1.02,3.00
2010.12.30 20:42:26.394,0.86158,0.8618,4.02,3.00
2010.12.30 20:42:30.249,0.86158,0.8618,3.75,1.50
2010.12.30 20:42:50.701,0.86159,0.86178,2.25,1.50
2010.12.30 20:42:51.047,0.86159,0.86177,1.27,2.25
2010.12.30 20:42:51.799,0.8616,0.86178,1.50,2.25
2010.12.30 20:42:52.836,0.8616,0.86178,1.50,1.50
2010.12.30 20:42:53.707,0.86159,0.86178,1.27,3.00
2010.12.30 20:42:54.154,0.86159,0.86175,1.27,2.25
2010.12.30 20:42:54.277,0.86155,0.86176,2.52,2.25
2010.12.30 20:42:54.837,0.86155,0.86176,4.02,2.25
2010.12.30 20:42:56.266,0.86155,0.86175,4.02,1.50
2010.12.30 20:42:56.817,0.86156,0.86176,2.25,3.75
2010.12.30 20:43:10.368,0.86155,0.86176,4.27,3.75
2010.12.30 20:43:10.949,0.86155,0.86175,4.27,1.50
2010.12.30 20:43:23.212,0.86154,0.86173,1.02,2.25
2010.12.30 20:43:23.548,0.86155,0.86176,1.77,4.50
2010.12.30 20:43:26.060,0.86154,0.86174,4.02,1.50
2010.12.30 20:43:26.619,0.86154,0.86173,4.02,1.50
2010.12.30 20:43:27.133,0.86154,0.86167,1.02,1.50
2010.12.30 20:43:27.469,0.86152,0.8617,4.02,1.88
2010.12.30 20:43:27.589,0.86152,0.86168,3.27,1.50
2010.12.30 20:43:28.770,0.86152,0.86169,1.77,1.50
2010.12.30 20:43:28.889,0.86153,0.86169,1.02,1.50
2010.12.30 20:43:29.434,0.86153,0.8617,1.02,1.50
2010.12.30 20:43:30.423,0.86153,0.8617,1.02,1.88
2010.12.30 20:43:30.986,0.86152,0.8617,2.52,1.88
2010.12.30 20:43:31.826,0.86155,0.8617,1.02,1.88
2010.12.30 20:43:32.376,0.86155,0.86173,1.02,3.75
2010.12.30 20:43:32.928,0.86154,0.86173,1.77,3.75
2010.12.30 20:43:34.197,0.86154,0.86173,1.02,3.75
2010.12.30 20:43:34.529,0.86154,0.86174,1.02,2.25
2010.12.30 20:43:34.994,0.86154,0.86171,1.02,1.50
2010.12.30 20:43:35.548,0.86154,0.86172,1.02,2.25
2010.12.30 20:43:36.151,0.86155,0.86174,1.77,3.75
2010.12.30 20:43:36.266,0.86155,0.86174,1.77,2.25
2010.12.30 20:43:39.947,0.86154,0.86175,2.52,3.75
2010.12.30 20:43:40.169,0.86154,0.86172,2.52,1.50
2010.12.30 20:43:40.701,0.86154,0.86174,4.02,1.50
2010.12.30 20:43:41.826,0.86154,0.86172,2.52,1.50
2010.12.30 20:43:42.166,0.86154,0.8617,1.02,1.50
2010.12.30 20:43:42.497,0.86152,0.8617,4.02,1.50
2010.12.30 20:43:43.203,0.86152,0.8617,4.77,1.50
2010.12.30 20:43:44.407,0.86155,0.86172,1.77,2.25
2010.12.30 20:43:44.964,0.86155,0.86171,1.77,1.50
2010.12.30 20:43:45.295,0.86155,0.86171,1.02,1.50
2010.12.30 20:43:45.968,0.86155,0.8617,1.02,1.50
2010.12.30 20:43:46.676,0.86155,0.8617,1.02,1.50
2010.12.30 20:44:00.977,0.86155,0.86169,1.02,1.50
2010.12.30 20:44:01.529,0.86155,0.8617,1.02,1.50
2010.12.30 20:44:05.096,0.86155,0.86169,1.02,1.50
2010.12.30 20:44:05.537,0.86152,0.86169,3.27,1.50
2010.12.30 20:44:07.308,0.86153,0.86169,1.02,1.50
2010.12.30 20:44:09.668,0.86152,0.86169,4.02,1.50
2010.12.30 20:44:11.048,0.86152,0.8617,4.02,1.50
2010.12.30 20:44:11.588,0.86152,0.86168,2.52,1.50
2010.12.30 20:44:12.042,0.86148,0.86167,1.50,1.80
2010.12.30 20:44:12.159,0.86144,0.86162,2.52,1.50
2010.12.30 20:44:12.748,0.86144,0.86164,2.52,2.25
2010.12.30 20:44:13.099,0.86147,0.86166,2.52,1.50
2010.12.30 20:44:13.218,0.86147,0.86167,2.25,2.25
2010.12.30 20:44:14.907,0.86147,0.86166,2.25,1.50
2010.12.30 20:44:18.565,0.86147,0.86166,2.33,1.50
2010.12.30 20:44:23.658,0.86144,0.86164,4.58,1.50
2010.12.30 20:44:24.169,0.86144,0.86162,2.33,1.50
2010.12.30 20:44:24.867,0.86144,0.86164,4.09,2.25
2010.12.30 20:44:29.908,0.86144,0.86163,2.59,1.50
2010.12.30 20:44:32.021,0.86147,0.86165,1.50,2.25
2010.12.30 20:44:32.382,0.86149,0.86168,1.02,1.50
2010.12.30 20:44:32.938,0.86149,0.86167,1.53,1.50
2010.12.30 20:44:34.076,0.86149,0.86167,1.27,1.50
2010.12.30 20:44:45.668,0.86148,0.86169,4.72,1.50
2010.12.30 20:44:45.897,0.86148,0.86167,2.33,1.50
2010.12.30 20:44:59.417,0.86148,0.86167,1.50,2.25
2010.12.30 20:45:00.838,0.86148,0.8617,2.77,2.25
2010.12.30 20:45:01.428,0.86148,0.86167,4.27,1.50
2010.12.30 20:45:07.366,0.86148,0.86169,2.77,2.25
2010.12.30 20:45:07.983,0.86148,0.86168,2.77,1.50
2010.12.30 20:45:10.085,0.86148,0.86169,5.02,2.25
2010.12.30 20:45:11.419,0.86149,0.86171,3.52,2.25
2010.12.30 20:45:11.961,0.8615,0.8617,1.50,2.25
2010.12.30 20:45:12.537,0.8615,0.8617,2.02,2.25
2010.12.30 20:45:17.049,0.8615,0.86169,1.50,1.50
2010.12.30 20:45:17.780,0.86148,0.8617,2.77,2.25
2010.12.30 20:45:18.339,0.86149,0.86169,1.50,2.25
2010.12.30 20:45:18.466,0.8615,0.86168,1.50,2.25
2010.12.30 20:45:18.579,0.8615,0.86168,1.50,1.50
2010.12.30 20:45:18.807,0.86152,0.86169,1.50,2.25
2010.12.30 20:45:21.342,0.86153,0.8617,1.50,2.25
2010.12.30 20:45:21.925,0.86153,0.8617,1.50,2.25
2010.12.30 20:45:23.398,0.86153,0.8617,1.50,2.25
2010.12.30 20:45:23.950,0.86154,0.8617,1.50,1.50
2010.12.30 20:45:30.075,0.86155,0.8617,1.50,1.50
2010.12.30 20:45:34.337,0.86154,0.8617,2.02,1.50
2010.12.30 20:45:41.548,0.86153,0.8617,2.02,1.50
2010.12.30 20:45:45.667,0.86155,0.8617,1.50,1.50
2010.12.30 20:45:46.217,0.86153,0.8617,2.02,1.50
2010.12.30 20:45:46.877,0.86151,0.8617,2.77,1.50
2010.12.30 20:45:48.718,0.86151,0.8617,2.02,2.25
2010.12.30 20:45:49.798,0.86152,0.8617,1.50,2.25
2010.12.30 20:45:50.349,0.86152,0.8617,1.50,2.25
2010.12.30 20:45:50.466,0.8615,0.8617,1.50,2.25
2010.12.30 20:45:50.677,0.86152,0.8617,1.50,2.25
2010.12.30 20:45:51.227,0.86151,0.8617,1.50,3.75
2010.12.30 20:46:03.637,0.86152,0.8617,1.50,3.75
2010.12.30 20:46:07.056,0.86151,0.8617,1.50,3.75
2010.12.30 20:46:07.616,0.86152,0.8617,1.50,3.75
2010.12.30 20:46:08.837,0.8615,0.8617,1.50,2.25
2010.12.30 20:46:09.447,0.86151,0.8617,1.50,2.25
2010.12.30 20:46:27.637,0.8615,0.8617,1.50,2.25
2010.12.30 20:46:27.969,0.86152,0.8617,1.50,3.75
2010.12.30 20:46:33.335,0.8615,0.86171,1.50,4.50
2010.12.30 20:46:38.486,0.86152,0.86171,1.50,4.50
2010.12.30 20:46:44.307,0.86152,0.86171,2.02,3.75
2010.12.30 20:47:13.466,0.86153,0.86171,1.50,2.25
2010.12.30 20:47:14.094,0.86153,0.86171,2.77,1.50
2010.12.30 20:47:14.211,0.86154,0.86173,2.02,2.25
2010.12.30 20:47:18.807,0.86156,0.86173,2.02,1.50
2010.12.30 20:47:19.903,0.86158,0.86173,1.50,1.50
2010.12.30 20:47:21.267,0.86156,0.86173,2.02,1.50
2010.12.30 20:47:25.196,0.86158,0.86173,1.50,1.50
2010.12.30 20:47:31.866,0.86157,0.86173,1.50,1.50
2010.12.30 20:47:32.453,0.86155,0.86172,2.02,1.50
2010.12.30 20:47:37.986,0.86154,0.86172,2.02,1.50
2010.12.30 20:47:38.425,0.86153,0.86172,2.02,3.00
2010.12.30 20:47:38.866,0.86153,0.86172,2.02,1.50
2010.12.30 20:47:44.398,0.86153,0.86173,2.77,3.75
2010.12.30 20:47:46.439,0.86152,0.86173,2.02,3.00
2010.12.30 20:47:50.027,0.86152,0.86173,2.02,3.75
2010.12.30 20:47:50.245,0.86152,0.86173,2.02,4.50
2010.12.30 20:47:50.969,0.86151,0.86172,1.50,3.00
2010.12.30 20:47:51.209,0.86151,0.8617,1.50,3.00
2010.12.30 20:47:51.547,0.86151,0.86168,1.50,3.00
2010.12.30 20:47:52.881,0.86151,0.86168,1.50,1.50
2010.12.30 20:47:54.597,0.86151,0.86168,1.50,2.25
2010.12.30 20:48:04.969,0.86152,0.86168,1.50,2.25
2010.12.30 20:48:05.527,0.86151,0.86168,2.25,1.50
2010.12.30 20:48:11.909,0.86149,0.86168,2.25,2.25
2010.12.30 20:48:12.469,0.8615,0.86168,1.50,3.00
2010.12.30 20:48:14.224,0.86147,0.86165,2.25,1.50
2010.12.30 20:48:25.348,0.86147,0.86167,2.25,3.00
2010.12.30 20:48:25.887,0.86149,0.86167,1.50,3.00
2010.12.30 20:48:26.048,0.86152,0.86168,1.50,2.25
2010.12.30 20:48:26.169,0.86152,0.86168,1.50,2.25
2010.12.30 20:48:26.860,0.86151,0.86168,1.50,2.25
2010.12.30 20:48:27.312,0.86152,0.8617,1.50,3.75
2010.12.30 20:48:27.969,0.86153,0.8617,1.50,1.50
2010.12.30 20:48:28.538,0.86152,0.8617,2.25,2.25
2010.12.30 20:48:29.732,0.86151,0.8617,2.25,2.25
2010.12.30 20:48:30.298,0.86151,0.86172,2.25,4.50
2010.12.30 20:48:32.067,0.86151,0.86172,2.25,4.50
2010.12.30 20:48:32.646,0.86149,0.86168,6.00,1.50
2010.12.30 20:48:37.919,0.86149,0.86168,6.00,2.25
2010.12.30 20:48:38.618,0.86149,0.86168,6.00,2.25
2010.12.30 20:48:43.467,0.86147,0.86168,8.02,2.25
2010.12.30 20:48:46.408,0.86147,0.86168,7.50,3.00
2010.12.30 20:48:51.080,0.86149,0.86168,2.25,2.25
2010.12.30 20:48:51.199,0.86149,0.86168,2.25,2.25
2010.12.30 20:48:54.327,0.86148,0.86168,2.77,2.25
2010.12.30 20:48:56.217,0.86148,0.86168,2.77,2.25
2010.12.30 20:48:58.617,0.8615,0.86168,1.50,2.25
2010.12.30 20:48:58.928,0.86152,0.86168,1.50,2.25
2010.12.30 20:48:59.479,0.86151,0.86168,1.50,2.25
2010.12.30 20:48:59.606,0.86149,0.86168,2.77,2.25
2010.12.30 20:49:03.890,0.86151,0.86168,1.50,2.25
2010.12.30 20:49:04.446,0.86152,0.86168,1.50,2.25
2010.12.30 20:49:14.127,0.86151,0.86168,1.50,2.25
2010.12.30 20:49:23.370,0.86153,0.86169,1.50,3.00
2010.12.30 20:49:23.928,0.86152,0.86169,1.50,3.00
2010.12.30 20:49:44.099,0.8615,0.86168,1.50,2.25
2010.12.30 20:49:54.017,0.8615,0.86168,1.50,2.25
2010.12.30 20:49:55.937,0.8615,0.86168,1.50,2.25
2010.12.30 20:50:00.408,0.86152,0.86168,1.50,2.25
2010.12.30 20:50:01.238,0.86153,0.86168,1.50,1.50
2010.12.30 20:50:02.241,0.86156,0.86168,1.50,1.50
2010.12.30 20:50:02.699,0.86156,0.86171,1.50,1.50
2010.12.30 20:50:05.108,0.86157,0.86171,1.50,1.50
2010.12.30 20:50:06.928,0.86156,0.86171,1.50,1.50
2010.12.30 20:50:07.786,0.86157,0.86171,1.50,1.50
2010.12.30 20:50:10.084,0.86157,0.86172,1.50,1.50
2010.12.30 20:50:14.478,0.86156,0.86172,1.50,1.50
2010.12.30 20:50:15.038,0.86157,0.86172,1.50,1.50
2010.12.30 20:50:28.361,0.86155,0.86172,2.02,1.50
2010.12.30 20:50:28.700,0.86157,0.86172,1.50,1.50
2010.12.30 20:50:29.480,0.86156,0.86172,1.50,1.50
2010.12.30 20:50:29.816,0.86159,0.86172,1.50,1.50
2010.12.30 20:50:32.275,0.86159,0.86173,1.50,1.50
2010.12.30 20:50:32.937,0.86157,0.86173,1.50,1.50
2010.12.30 20:50:33.507,0.86158,0.86173,1.50,1.50
2010.12.30 20:50:37.797,0.86157,0.86173,1.50,2.25
2010.12.30 20:50:38.347,0.86156,0.86173,1.50,2.25
2010.12.30 20:50:56.004,0.86157,0.86173,2.02,1.50
2010.12.30 20:50:59.437,0.86158,0.86173,1.50,1.50
2010.12.30 20:51:00.608,0.86157,0.86173,2.02,1.50
2010.12.30 20:51:12.509,0.86155,0.86173,2.02,2.25
2010.12.30 20:51:12.629,0.86157,0.86173,1.50,2.25
2010.12.30 20:51:17.832,0.86156,0.86173,1.50,2.25
2010.12.30 20:51:26.048,0.86156,0.86173,1.50,2.25
2010.12.30 20:51:27.627,0.86158,0.86173,1.50,2.25
2010.12.30 20:51:29.118,0.86158,0.86173,1.50,3.00
2010.12.30 20:51:29.583,0.86155,0.86172,1.50,1.50
2010.12.30 20:51:33.127,0.86153,0.86173,1.50,3.00
2010.12.30 20:51:34.341,0.86155,0.86173,1.50,2.25
2010.12.30 20:51:34.569,0.86157,0.86173,1.50,2.25
2010.12.30 20:51:41.253,0.86156,0.86173,1.50,2.25
2010.12.30 20:51:44.426,0.86156,0.86172,1.50,1.50
2010.12.30 20:51:48.316,0.86156,0.86172,1.50,2.25
2010.12.30 20:51:48.648,0.86154,0.86172,1.50,2.25
2010.12.30 20:51:49.218,0.86154,0.86172,1.50,2.25
2010.12.30 20:51:52.605,0.86154,0.86172,1.50,3.00
2010.12.30 20:51:54.061,0.86156,0.86172,1.50,3.00
2010.12.30 20:51:54.408,0.86156,0.86172,1.50,3.00
2010.12.30 20:51:54.520,0.86148,0.86168,2.25,1.50
2010.12.30 20:51:55.183,0.86148,0.86166,2.25,2.25
2010.12.30 20:51:57.309,0.86148,0.86166,2.77,2.25
2010.12.30 20:51:58.108,0.86148,0.86166,2.25,2.25
2010.12.30 20:51:59.144,0.86147,0.86166,6.08,2.25
2010.12.30 20:51:59.264,0.86147,0.86165,4.58,1.50
2010.12.30 20:52:05.827,0.86147,0.86166,6.08,3.00
2010.12.30 20:52:06.378,0.86148,0.86166,2.25,3.00
2010.12.30 20:52:06.940,0.86147,0.86166,4.58,3.00
2010.12.30 20:52:07.741,0.86147,0.86166,6.08,3.00
2010.12.30 20:52:08.430,0.86147,0.86166,4.95,1.50
2010.12.30 20:52:08.970,0.8615,0.86169,2.25,1.50
2010.12.30 20:52:19.915,0.86151,0.86171,2.25,3.00
2010.12.30 20:52:20.477,0.8615,0.86171,2.25,3.00
2010.12.30 20:52:21.638,0.8615,0.86171,2.25,3.00
2010.12.30 20:52:29.951,0.86154,0.86171,1.50,1.50
2010.12.30 20:52:30.723,0.86154,0.86172,1.50,3.00
2010.12.30 20:52:31.277,0.86153,0.86171,1.50,2.25
2010.12.30 20:52:32.978,0.86152,0.86171,1.50,2.25
2010.12.30 20:52:33.360,0.86149,0.8617,3.52,2.25
2010.12.30 20:52:34.078,0.86149,0.8617,3.00,2.25
2010.12.30 20:52:34.716,0.8615,0.86171,1.50,3.00
2010.12.30 20:52:38.489,0.8615,0.86171,1.50,2.25
2010.12.30 20:52:39.447,0.86154,0.86171,1.50,1.50
2010.12.30 20:52:39.681,0.86152,0.86172,1.50,4.50
2010.12.30 20:52:39.907,0.86155,0.86172,1.50,4.50
2010.12.30 20:52:40.549,0.86153,0.86172,1.50,3.00
2010.12.30 20:52:40.802,0.86153,0.86171,1.50,1.50
2010.12.30 20:52:41.030,0.86151,0.86171,2.02,3.00
2010.12.30 20:52:41.684,0.86153,0.86171,1.50,3.00
2010.12.30 20:52:41.920,0.8615,0.86169,1.50,1.50
2010.12.30 20:52:42.039,0.86152,0.86169,1.50,2.25
2010.12.30 20:52:42.378,0.8615,0.86169,1.50,1.50
2010.12.30 20:52:42.487,0.86152,0.86169,1.50,1.50
2010.12.30 20:52:43.489,0.86153,0.86169,1.50,1.50
2010.12.30 20:52:43.937,0.8615,0.86169,1.50,1.50
2010.12.30 20:52:44.269,0.86152,0.86169,2.25,1.50
2010.12.30 20:52:44.388,0.86152,0.86171,2.25,2.25
2010.12.30 20:52:44.778,0.86154,0.86171,1.50,2.25
2010.12.30 20:52:44.897,0.86151,0.86171,1.50,2.25
2010.12.30 20:52:49.968,0.86151,0.86171,1.50,2.25
2010.12.30 20:52:50.801,0.86151,0.86169,1.50,1.50
2010.12.30 20:52:51.500,0.86151,0.8617,3.00,2.25
2010.12.30 20:52:52.835,0.86152,0.86171,1.50,1.50
2010.12.30 20:52:52.951,0.86151,0.86169,2.25,1.50
2010.12.30 20:52:53.469,0.8615,0.86169,1.50,1.50
2010.12.30 20:52:53.808,0.86152,0.86169,1.50,1.50
2010.12.30 20:52:56.148,0.8615,0.86169,3.00,1.50
2010.12.30 20:52:56.972,0.86151,0.8617,1.50,2.25
2010.12.30 20:53:03.888,0.8615,0.8617,1.50,2.25
2010.12.30 20:53:04.440,0.8615,0.86168,1.50,1.50
2010.12.30 20:53:07.038,0.86148,0.86168,2.33,1.50
2010.12.30 20:53:09.250,0.86149,0.86169,2.25,1.50
2010.12.30 20:53:39.866,0.8615,0.8617,1.50,3.75
2010.12.30 20:53:40.677,0.86149,0.86169,3.75,1.50
2010.12.30 20:53:42.208,0.86149,0.86168,2.25,1.50
2010.12.30 20:53:42.751,0.86149,0.8617,3.75,3.75
2010.12.30 20:53:43.531,0.86149,0.86169,2.25,1.50
2010.12.30 20:53:44.983,0.86149,0.8617,2.25,3.75
2010.12.30 20:53:45.747,0.86148,0.86169,4.13,1.50
2010.12.30 20:53:46.574,0.8615,0.86169,1.50,1.50
2010.12.30 20:53:47.139,0.86149,0.86169,1.13,1.50
2010.12.30 20:53:47.884,0.86149,0.86169,4.65,1.50
2010.12.30 20:53:48.438,0.86149,0.86169,3.15,1.50
2010.12.30 20:53:48.550,0.86149,0.86166,2.02,1.50
2010.12.30 20:53:49.108,0.86148,0.86166,1.50,1.50
2010.12.30 20:53:50.320,0.86148,0.86165,1.50,1.50
2010.12.30 20:53:50.873,0.86145,0.86165,2.33,2.25
2010.12.30 20:53:51.539,0.86149,0.86165,1.50,1.50
2010.12.30 20:54:00.570,0.86149,0.86167,1.50,1.50
2010.12.30 20:54:01.127,0.86149,0.86166,1.50,1.50
2010.12.30 20:54:02.969,0.86149,0.86166,2.02,1.50
2010.12.30 20:54:03.088,0.8615,0.86168,1.50,1.50
2010.12.30 20:54:03.605,0.86149,0.86168,2.02,2.25
2010.12.30 20:54:12.807,0.86149,0.86167,2.02,1.50
2010.12.30 20:54:13.314,0.86149,0.86166,1.50,1.50
2010.12.30 20:54:21.898,0.8615,0.86167,1.50,1.50
2010.12.30 20:54:24.219,0.86149,0.86167,3.00,1.50
2010.12.30 20:54:26.641,0.86149,0.86166,1.50,1.50
2010.12.30 20:54:26.977,0.86149,0.86168,1.50,1.50
2010.12.30 20:54:29.578,0.86148,0.86168,3.00,1.50
2010.12.30 20:54:37.129,0.86148,0.86166,3.00,1.50
2010.12.30 20:54:41.856,0.86148,0.86167,1.50,1.50
2010.12.30 20:54:42.547,0.86148,0.86165,1.50,1.50
2010.12.30 20:54:43.228,0.86147,0.86165,2.77,1.50
2010.12.30 20:54:43.557,0.86146,0.86167,6.60,2.25
2010.12.30 20:54:49.457,0.86147,0.86167,1.50,2.25
2010.12.30 20:54:50.006,0.86148,0.86167,1.50,2.25
2010.12.30 20:54:53.847,0.86147,0.86167,2.02,2.25
2010.12.30 20:55:05.667,0.86147,0.86165,1.50,1.50
2010.12.30 20:55:12.306,0.86147,0.86166,1.50,1.50
2010.12.30 20:55:12.808,0.86147,0.86164,1.50,1.50
2010.12.30 20:55:13.028,0.86147,0.86166,1.50,1.50
2010.12.30 20:55:14.478,0.86146,0.86166,3.75,1.50
2010.12.30 20:55:15.984,0.86147,0.86166,1.50,1.50
2010.12.30 20:55:16.099,0.86146,0.86164,3.75,1.50
2010.12.30 20:55:23.590,0.86146,0.86166,4.13,1.50
2010.12.30 20:55:24.157,0.86149,0.86169,2.02,2.25
2010.12.30 20:55:24.488,0.86149,0.86169,3.52,2.25
2010.12.30 20:55:26.029,0.86149,0.86169,3.00,3.00
2010.12.30 20:55:26.481,0.86149,0.86166,1.50,1.50
2010.12.30 20:55:26.971,0.86146,0.86164,2.25,1.50
2010.12.30 20:55:28.897,0.86146,0.86165,2.25,2.25
2010.12.30 20:55:40.152,0.86146,0.86164,2.25,1.50
2010.12.30 20:55:41.030,0.86144,0.86166,5.40,3.00
2010.12.30 20:55:41.149,0.86145,0.86164,2.25,1.50
2010.12.30 20:55:41.705,0.86145,0.86166,3.75,2.25
2010.12.30 20:55:42.278,0.86147,0.86165,1.50,1.50
2010.12.30 20:55:44.818,0.86147,0.86166,1.50,1.50
2010.12.30 20:55:59.327,0.86146,0.86166,1.50,2.25
2010.12.30 20:55:59.877,0.86147,0.86165,1.50,1.50
2010.12.30 20:56:01.175,0.86147,0.86167,1.50,2.25
2010.12.30 20:56:08.729,0.86148,0.86169,2.02,3.38
2010.12.30 20:56:09.286,0.86148,0.86169,2.02,3.00
2010.12.30 20:56:11.529,0.8615,0.86169,1.50,1.50
2010.12.30 20:56:12.030,0.86152,0.8617,2.02,1.50
2010.12.30 20:56:12.588,0.86152,0.8617,1.50,2.25
2010.12.30 20:56:13.173,0.86151,0.8617,2.02,3.75
2010.12.30 20:56:16.730,0.8615,0.86169,1.50,2.25
2010.12.30 20:56:17.178,0.86148,0.86168,2.02,2.25
2010.12.30 20:56:17.728,0.86148,0.86166,2.02,1.50
2010.12.30 20:56:19.048,0.86148,0.86166,1.50,3.00
2010.12.30 20:56:19.731,0.86149,0.86167,1.50,2.25
2010.12.30 20:56:20.627,0.86148,0.86168,3.52,2.25
2010.12.30 20:56:22.209,0.86148,0.86168,3.52,2.25
2010.12.30 20:56:28.565,0.86148,0.86167,3.00,1.50
2010.12.30 20:56:29.356,0.86148,0.86168,3.00,2.25
2010.12.30 20:56:31.187,0.86148,0.86167,1.50,2.25
2010.12.30 20:56:37.786,0.86148,0.86166,3.00,1.50
2010.12.30 20:56:38.997,0.86148,0.86165,1.50,1.50
2010.12.30 20:56:39.563,0.86149,0.86167,1.50,2.25
2010.12.30 20:56:40.346,0.86149,0.86168,1.50,2.25
2010.12.30 20:56:41.247,0.86148,0.86168,3.52,2.25
2010.12.30 20:56:41.797,0.86148,0.86167,2.02,1.50
2010.12.30 20:56:42.127,0.86147,0.86167,2.02,3.75
2010.12.30 20:57:00.006,0.86147,0.86166,1.50,2.25
2010.12.30 20:57:00.557,0.86148,0.86166,1.50,2.25
2010.12.30 20:57:02.588,0.86148,0.86165,1.50,1.50
2010.12.30 20:57:03.159,0.86148,0.86166,1.50,2.25
2010.12.30 20:57:14.346,0.86147,0.86166,1.50,2.25
2010.12.30 20:57:14.981,0.86147,0.86162,1.50,1.50
2010.12.30 20:57:15.104,0.86145,0.86162,1.50,1.50
2010.12.30 20:57:15.221,0.86141,0.86161,3.75,2.25
2010.12.30 20:57:15.451,0.86142,0.86161,6.00,2.25
2010.12.30 20:57:17.088,0.86143,0.86163,2.25,2.25
2010.12.30 20:57:17.200,0.86142,0.86165,6.00,3.00
2010.12.30 20:57:17.806,0.86144,0.86165,2.25,3.00
2010.12.30 20:57:35.477,0.86145,0.86164,3.75,2.25
2010.12.30 20:57:45.749,0.86145,0.86162,2.25,1.50
2010.12.30 20:57:48.626,0.86145,0.86163,3.75,2.25
2010.12.30 20:57:49.382,0.86145,0.86162,2.25,1.50
2010.12.30 20:57:49.984,0.86145,0.86163,2.25,1.50
2010.12.30 20:57:56.798,0.86145,0.86161,2.25,1.50
2010.12.30 20:57:57.452,0.86145,0.86162,2.25,1.50
2010.12.30 20:57:58.021,0.86143,0.86161,4.50,2.25
2010.12.30 20:57:58.358,0.86138,0.86157,1.58,1.77
2010.12.30 20:57:58.920,0.86138,0.86157,3.08,1.50
2010.12.30 20:57:59.479,0.86138,0.86157,1.58,1.50
2010.12.30 20:58:00.572,0.86138,0.86159,1.58,1.50
2010.12.30 20:58:01.081,0.86139,0.8616,1.58,2.25
2010.12.30 20:58:03.786,0.86137,0.86157,1.58,1.50
2010.12.30 20:58:08.989,0.86136,0.86157,3.08,1.50
2010.12.30 20:58:09.549,0.86137,0.86157,1.50,1.50
2010.12.30 20:58:11.009,0.86138,0.86157,1.50,1.50
2010.12.30 20:58:11.569,0.86139,0.86157,1.50,1.50
2010.12.30 20:58:14.939,0.8614,0.86157,1.50,1.50
2010.12.30 20:58:15.388,0.8614,0.8616,1.50,1.50
2010.12.30 20:58:15.895,0.86141,0.8616,1.50,1.50
2010.12.30 20:58:19.575,0.86141,0.86162,1.50,3.75
2010.12.30 20:58:20.174,0.86146,0.86162,1.50,1.50
2010.12.30 20:58:20.508,0.86147,0.86165,1.50,1.50
2010.12.30 20:58:22.670,0.86146,0.86165,1.50,1.50
2010.12.30 20:58:23.295,0.86144,0.86165,1.50,1.50
2010.12.30 20:58:23.408,0.86146,0.86164,1.50,1.50
2010.12.30 20:58:23.957,0.86146,0.86165,1.50,1.50
2010.12.30 20:58:24.872,0.86143,0.86164,1.50,3.00
2010.12.30 20:58:24.990,0.86143,0.86162,1.50,1.50
2010.12.30 20:58:25.327,0.86144,0.8616,1.50,1.50
2010.12.30 20:58:25.438,0.86144,0.86163,1.50,1.50
2010.12.30 20:58:26.007,0.86144,0.86162,1.50,1.50
2010.12.30 20:58:26.448,0.86142,0.86162,1.50,3.00
2010.12.30 20:58:26.667,0.8614,0.86161,1.50,1.50
2010.12.30 20:58:27.577,0.8614,0.86159,1.50,1.50
2010.12.30 20:58:28.577,0.86141,0.86159,1.50,1.50
2010.12.30 20:58:38.396,0.8614,0.86159,1.50,1.50
2010.12.30 20:58:40.678,0.8614,0.86158,1.50,1.50
2010.12.30 20:58:45.240,0.86141,0.86158,1.50,1.50
2010.12.30 20:58:49.433,0.86144,0.86159,1.50,1.50
2010.12.30 20:58:49.979,0.86144,0.86164,1.50,3.75
2010.12.30 20:58:50.558,0.86144,0.86164,1.50,3.75
2010.12.30 20:58:51.086,0.86143,0.86163,1.50,2.25
2010.12.30 20:58:51.420,0.86145,0.86164,1.50,3.75
2010.12.30 20:58:52.116,0.86146,0.86164,1.50,2.25
2010.12.30 20:58:53.118,0.86144,0.86164,1.50,3.75
2010.12.30 20:58:53.708,0.86145,0.86164,1.50,2.25
2010.12.30 20:58:54.459,0.86146,0.86164,1.50,2.25
2010.12.30 20:58:55.876,0.86144,0.86164,1.50,3.75
2010.12.30 20:58:56.899,0.86146,0.86164,1.50,3.75
2010.12.30 20:59:00.958,0.86145,0.86164,1.50,3.75
2010.12.30 20:59:01.737,0.86145,0.86164,1.50,1.50
2010.12.30 20:59:02.288,0.86146,0.86164,1.50,1.50
2010.12.30 20:59:03.809,0.86144,0.86164,1.50,1.50
2010.12.30 20:59:04.383,0.86144,0.86163,1.50,1.02
2010.12.30 20:59:05.049,0.86143,0.86163,1.50,1.02
2010.12.30 20:59:05.279,0.86146,0.86163,1.50,1.02
2010.12.30 20:59:05.509,0.86146,0.86166,1.50,3.75
2010.12.30 20:59:06.067,0.86147,0.86165,1.50,1.50
2010.12.30 20:59:10.654,0.86147,0.86165,1.50,1.50
2010.12.30 20:59:11.689,0.86148,0.86165,1.50,1.50
2010.12.30 20:59:12.611,0.86147,0.86165,1.50,1.50
2010.12.30 20:59:12.738,0.86145,0.86166,1.50,3.75
2010.12.30 20:59:12.971,0.86144,0.86163,1.50,1.50
2010.12.30 20:59:13.774,0.86145,0.86163,1.50,1.50
2010.12.30 20:59:13.999,0.86143,0.86163,1.50,1.50
2010.12.30 20:59:14.108,0.86142,0.8616,3.75,1.50
2010.12.30 20:59:14.550,0.8614,0.86158,1.50,1.50
2010.12.30 20:59:14.889,0.8614,0.86155,1.50,1.50
2010.12.30 20:59:15.559,0.86141,0.86155,1.50,1.50
2010.12.30 20:59:16.008,0.86146,0.86165,1.50,2.25
2010.12.30 20:59:16.557,0.86145,0.86165,1.50,2.25
2010.12.30 20:59:17.211,0.86146,0.86165,1.50,1.50
2010.12.30 20:59:19.442,0.86147,0.86165,1.50,1.50
2010.12.30 20:59:19.560,0.86147,0.86167,1.50,1.50
2010.12.30 20:59:19.680,0.8615,0.86168,1.50,1.50
2010.12.30 20:59:20.237,0.8615,0.86169,1.50,1.50
2010.12.30 20:59:21.152,0.86148,0.86168,1.50,1.50
2010.12.30 20:59:21.272,0.86148,0.86165,1.50,1.50
2010.12.30 20:59:21.388,0.86146,0.86165,1.50,1.50
2010.12.30 20:59:23.180,0.86148,0.86165,1.50,1.50
2010.12.30 20:59:23.655,0.86148,0.86168,1.50,1.02
2010.12.30 20:59:26.809,0.86146,0.86164,1.50,1.50
2010.12.30 20:59:27.358,0.86146,0.86166,1.50,2.25
2010.12.30 20:59:29.060,0.86145,0.86166,1.50,2.25
2010.12.30 20:59:29.399,0.86148,0.86167,1.50,2.25
2010.12.30 20:59:29.508,0.86148,0.86167,1.50,1.50
2010.12.30 20:59:29.941,0.86146,0.86166,1.50,1.50
2010.12.30 20:59:30.070,0.86147,0.86164,1.50,2.25
2010.12.30 20:59:30.790,0.86146,0.86164,1.50,2.25
2010.12.30 20:59:30.917,0.86145,0.86165,3.00,1.50
2010.12.30 20:59:31.468,0.86146,0.86165,1.50,1.50
2010.12.30 20:59:32.009,0.86144,0.86163,1.50,1.50
2010.12.30 20:59:32.136,0.86144,0.8616,1.50,1.50
2010.12.30 20:59:32.691,0.86143,0.86161,1.50,2.25
2010.12.30 20:59:33.020,0.8614,0.86162,1.50,3.75
2010.12.30 20:59:33.578,0.86141,0.8616,1.50,2.25
2010.12.30 20:59:36.437,0.8614,0.8616,1.50,2.25
2010.12.30 20:59:38.085,0.86141,0.86162,1.50,3.75
2010.12.30 20:59:38.798,0.86144,0.86164,1.50,3.75
2010.12.30 20:59:39.839,0.86145,0.86164,1.50,1.50
2010.12.30 20:59:40.068,0.86145,0.86166,1.50,2.25
2010.12.30 20:59:40.735,0.86145,0.86165,1.50,1.50
2010.12.30 20:59:40.850,0.86143,0.86164,1.50,3.00
2010.12.30 20:59:41.408,0.86142,0.86164,1.50,3.75
2010.12.30 20:59:42.650,0.86143,0.86164,1.50,2.25
2010.12.30 20:59:42.878,0.86145,0.86164,1.50,2.25
2010.12.30 20:59:44.107,0.86147,0.86165,1.50,2.25
2010.12.30 20:59:44.449,0.86145,0.86164,1.50,1.50
2010.12.30 20:59:44.788,0.86143,0.86164,1.50,1.50
2010.12.30 20:59:44.904,0.86143,0.8616,1.50,1.50
2010.12.30 20:59:45.460,0.86142,0.8616,1.50,1.50
2010.12.30 20:59:46.260,0.86141,0.8616,1.50,1.50
2010.12.30 20:59:46.624,0.86143,0.8616,1.50,1.50
2010.12.30 20:59:50.490,0.86143,0.86163,1.50,1.50
2010.12.30 20:59:50.609,0.86146,0.86164,1.50,1.50
2010.12.30 20:59:50.937,0.86146,0.86163,1.50,4.50
2010.12.30 20:59:51.499,0.86145,0.86163,1.50,6.00
2010.12.30 20:59:52.043,0.86142,0.8616,1.50,2.25
2010.12.30 20:59:52.708,0.86143,0.86162,1.50,4.02
2010.12.30 20:59:53.257,0.86144,0.86162,1.50,2.52
2010.12.30 20:59:54.008,0.86145,0.86162,1.50,2.52
2010.12.30 20:59:54.233,0.86144,0.86162,1.50,1.50
2010.12.30 20:59:54.460,0.86146,0.86162,1.50,1.50
2010.12.30 20:59:54.907,0.86144,0.86163,1.50,1.77
2010.12.30 20:59:55.025,0.86144,0.86161,1.50,1.50
2010.12.30 20:59:56.249,0.86146,0.86161,1.50,1.50
2010.12.30 20:59:57.020,0.86144,0.86161,1.50,1.77
2010.12.30 20:59:57.673,0.86147,0.86161,1.50,1.50
2010.12.30 20:59:57.899,0.86144,0.86161,1.50,1.50
2010.12.30 20:59:58.730,0.86143,0.86161,1.50,1.50
2010.12.30 20:59:59.338,0.8614,0.86161,2.25,1.50
