2014.04.11 03:00:04.329,0.8284,0.82849,1.19,2.07
2014.04.11 03:00:04.837,0.82839,0.82849,4.32,1.32
2014.04.11 03:00:06.755,0.82839,0.82849,3.19,2.07
2014.04.11 03:00:08.239,0.82839,0.82848,3.94,1.19
2014.04.11 03:00:27.841,0.8284,0.82848,1.19,1.32
2014.04.11 03:00:34.955,0.82839,0.82848,4.69,2.44
2014.04.11 03:00:36.927,0.8284,0.82848,1.19,1.69
2014.04.11 03:00:37.973,0.82839,0.82848,4.69,2.44
2014.04.11 03:00:42.048,0.8284,0.82848,1.19,1.69
2014.04.11 03:00:42.978,0.82841,0.82848,1.19,1.50
2014.04.11 03:00:43.949,0.8284,0.82848,1.19,1.69
2014.04.11 03:00:55.068,0.82839,0.82848,3.94,2.44
2014.04.11 03:00:56.167,0.8284,0.82848,1.19,1.69
2014.04.11 03:00:59.168,0.82839,0.82848,3.19,2.44
2014.04.11 03:01:02.195,0.8284,0.82848,1.19,1.69
2014.04.11 03:01:31.339,0.82839,0.82848,3.57,3.19
2014.04.11 03:01:35.375,0.8284,0.82848,1.19,1.69
2014.04.11 03:01:44.382,0.82841,0.82848,1.19,1.00
2014.04.11 03:01:50.425,0.8284,0.82848,1.69,1.25
2014.04.11 03:02:07.464,0.82841,0.82849,1.19,1.25
2014.04.11 03:02:11.790,0.8284,0.82849,1.69,1.69
2014.04.11 03:02:39.569,0.82841,0.82848,1.19,1.00
2014.04.11 03:02:40.605,0.8284,0.82848,1.19,1.25
2014.04.11 03:02:43.596,0.82841,0.82848,1.19,1.00
2014.04.11 03:02:48.703,0.8284,0.82848,1.69,1.25
2014.04.11 03:03:02.994,0.82841,0.82848,1.19,1.00
2014.04.11 03:03:07.501,0.82841,0.82849,1.19,1.25
2014.04.11 03:03:11.316,0.82841,0.82845,1.00,1.00
2014.04.11 03:03:12.753,0.8284,0.82845,1.69,1.00
2014.04.11 03:03:33.085,0.82841,0.82848,1.32,2.44
2014.04.11 03:03:33.238,0.82842,0.82848,1.57,1.00
2014.04.11 03:03:33.648,0.82844,0.8285,1.32,1.00
2014.04.11 03:03:34.407,0.82845,0.82853,1.25,2.44
2014.04.11 03:03:35.137,0.82845,0.82853,1.69,1.69
2014.04.11 03:03:36.043,0.82844,0.8285,1.69,1.00
2014.04.11 03:03:36.409,0.82844,0.82848,1.50,1.00
2014.04.11 03:03:37.560,0.82842,0.82848,1.25,1.00
2014.04.11 03:03:40.562,0.8284,0.82848,4.32,1.25
2014.04.11 03:03:45.790,0.82841,0.82848,2.07,1.00
2014.04.11 03:03:46.815,0.8284,0.82848,2.07,1.25
2014.04.11 03:03:50.428,0.8284,0.82848,1.69,2.44
2014.04.11 03:03:54.847,0.8284,0.82848,1.69,1.69
2014.04.11 03:03:58.960,0.82841,0.82848,1.19,1.50
2014.04.11 03:04:14.185,0.8284,0.82848,3.94,1.25
2014.04.11 03:04:16.209,0.82841,0.82848,1.19,1.00
2014.04.11 03:04:19.207,0.8284,0.82848,3.94,1.25
2014.04.11 03:04:26.371,0.82841,0.82848,1.19,1.00
2014.04.11 03:04:28.336,0.8284,0.82848,3.94,1.25
2014.04.11 03:04:35.001,0.8284,0.82848,3.57,1.69
2014.04.11 03:04:39.973,0.8284,0.82849,3.19,1.19
2014.04.11 03:04:41.981,0.8284,0.82848,2.44,1.19
2014.04.11 03:04:55.049,0.8284,0.82849,3.19,1.19
2014.04.11 03:05:02.040,0.8284,0.82848,1.69,1.19
2014.04.11 03:05:04.048,0.8284,0.82849,2.44,1.19
2014.04.11 03:05:05.050,0.8284,0.82848,1.69,1.19
2014.04.11 03:05:08.061,0.8284,0.82849,2.44,1.19
2014.04.11 03:05:14.216,0.8284,0.82848,1.69,1.32
2014.04.11 03:05:23.009,0.8284,0.82849,2.44,1.57
2014.04.11 03:05:25.017,0.8284,0.82848,1.69,1.32
2014.04.11 03:05:27.412,0.82842,0.82848,1.00,1.32
2014.04.11 03:05:28.433,0.82842,0.82849,1.00,1.57
2014.04.11 03:05:34.157,0.82842,0.82849,1.00,1.57
2014.04.11 03:05:49.600,0.82842,0.82848,1.00,1.32
2014.04.11 03:05:51.046,0.82842,0.82849,1.25,1.69
2014.04.11 03:05:52.106,0.82841,0.82848,1.19,1.00
2014.04.11 03:05:53.236,0.8284,0.82848,2.44,1.25
2014.04.11 03:05:55.778,0.8284,0.82847,1.69,1.00
2014.04.11 03:05:56.183,0.82839,0.82843,1.00,1.00
2014.04.11 03:05:57.864,0.82838,0.82843,1.69,1.00
2014.04.11 03:05:58.177,0.82837,0.82841,1.13,1.50
2014.04.11 03:05:58.484,0.82835,0.8284,1.19,1.00
2014.04.11 03:05:58.636,0.82832,0.82837,1.19,1.00
2014.04.11 03:05:58.788,0.8283,0.82837,2.44,1.00
2014.04.11 03:05:58.941,0.8283,0.82835,1.19,1.00
2014.04.11 03:05:59.448,0.82829,0.82836,1.19,1.00
2014.04.11 03:06:00.247,0.82828,0.82836,1.32,1.25
2014.04.11 03:06:00.753,0.82828,0.82835,1.19,1.00
2014.04.11 03:06:01.362,0.82827,0.82835,1.32,1.25
2014.04.11 03:06:06.390,0.82827,0.82833,1.32,1.00
2014.04.11 03:06:09.480,0.82828,0.82833,1.19,1.00
2014.04.11 03:06:12.928,0.82826,0.82833,1.19,1.00
2014.04.11 03:06:13.030,0.82825,0.82833,1.25,1.69
2014.04.11 03:06:13.538,0.82824,0.82831,2.07,1.00
2014.04.11 03:06:14.047,0.82823,0.82831,1.19,1.25
2014.04.11 03:06:14.525,0.82825,0.82831,1.19,1.00
2014.04.11 03:06:15.816,0.82825,0.82832,1.19,1.00
2014.04.11 03:06:16.330,0.82825,0.82833,1.32,1.69
2014.04.11 03:06:18.175,0.82825,0.82831,1.32,1.00
2014.04.11 03:06:19.442,0.82826,0.82831,1.32,1.00
2014.04.11 03:06:20.861,0.82825,0.82831,1.32,1.00
2014.04.11 03:06:21.316,0.82825,0.82833,1.32,1.69
2014.04.11 03:06:22.625,0.82826,0.82833,1.19,1.00
2014.04.11 03:06:23.953,0.82825,0.82833,1.32,1.69
2014.04.11 03:06:24.408,0.82828,0.82834,1.00,1.19
2014.04.11 03:06:24.864,0.82825,0.82833,1.19,1.69
2014.04.11 03:06:24.965,0.82825,0.8283,1.19,1.00
2014.04.11 03:06:25.067,0.82825,0.82832,1.19,1.00
2014.04.11 03:06:25.572,0.82825,0.82833,1.19,2.07
2014.04.11 03:06:26.280,0.82827,0.82833,2.25,1.32
2014.04.11 03:06:26.736,0.82828,0.82836,1.32,3.19
2014.04.11 03:06:27.475,0.82828,0.82835,2.07,1.00
2014.04.11 03:06:28.539,0.82828,0.82836,2.07,3.19
2014.04.11 03:06:29.431,0.82828,0.82835,1.19,1.00
2014.04.11 03:06:29.937,0.82827,0.82836,3.57,3.19
2014.04.11 03:06:31.506,0.82828,0.82836,1.32,2.44
2014.04.11 03:06:33.476,0.82827,0.82836,3.57,3.19
2014.04.11 03:06:42.069,0.82827,0.82834,1.19,1.00
2014.04.11 03:06:42.575,0.82826,0.82834,3.19,1.25
2014.04.11 03:06:51.651,0.82827,0.82834,1.19,1.00
2014.04.11 03:06:54.620,0.82826,0.82834,3.19,1.25
2014.04.11 03:06:57.631,0.82826,0.82834,2.44,1.69
2014.04.11 03:07:02.649,0.82826,0.82834,1.19,2.44
2014.04.11 03:07:03.660,0.82825,0.82834,2.44,3.19
2014.04.11 03:07:05.791,0.82826,0.82834,1.19,2.44
2014.04.11 03:07:10.899,0.82829,0.82834,1.19,2.25
2014.04.11 03:07:11.366,0.82829,0.82836,1.19,2.25
2014.04.11 03:07:12.150,0.82829,0.82834,1.19,1.00
2014.04.11 03:07:12.505,0.82827,0.82834,1.19,1.00
2014.04.11 03:07:13.545,0.82826,0.82834,2.44,1.25
2014.04.11 03:07:16.840,0.82827,0.82834,1.19,1.00
2014.04.11 03:07:18.511,0.82826,0.82834,2.44,1.25
2014.04.11 03:07:20.764,0.82827,0.82834,1.19,1.00
2014.04.11 03:07:24.813,0.82827,0.82834,1.57,1.00
2014.04.11 03:07:25.270,0.82828,0.82836,2.82,2.44
2014.04.11 03:07:25.973,0.82829,0.82836,1.69,2.25
2014.04.11 03:07:29.456,0.82828,0.82836,1.69,2.44
2014.04.11 03:07:29.659,0.82828,0.82834,1.69,1.00
2014.04.11 03:07:30.494,0.82828,0.82834,1.25,1.00
2014.04.11 03:07:37.422,0.82828,0.82834,1.32,1.00
2014.04.11 03:07:39.419,0.82827,0.82834,3.57,1.00
2014.04.11 03:07:41.285,0.82829,0.82835,1.00,1.25
2014.04.11 03:07:42.410,0.82829,0.82837,1.32,1.69
2014.04.11 03:07:49.862,0.82829,0.82835,1.13,1.00
2014.04.11 03:07:50.530,0.82829,0.82833,1.00,1.00
2014.04.11 03:07:56.150,0.82826,0.82833,2.82,1.00
2014.04.11 03:07:57.526,0.82824,0.82833,4.32,3.19
2014.04.11 03:07:58.543,0.82825,0.82833,2.82,2.25
2014.04.11 03:07:59.467,0.82824,0.82832,1.69,1.50
2014.04.11 03:07:59.568,0.82824,0.82831,1.25,1.25
2014.04.11 03:08:00.175,0.82822,0.8283,1.57,1.50
2014.04.11 03:08:01.168,0.82821,0.82829,3.57,1.50
2014.04.11 03:08:13.558,0.82823,0.82829,1.00,1.50
2014.04.11 03:08:15.617,0.82823,0.8283,1.25,1.50
2014.04.11 03:08:16.572,0.82823,0.8283,1.00,1.69
2014.04.11 03:08:18.582,0.82823,0.8283,1.25,1.00
2014.04.11 03:08:20.601,0.82823,0.8283,1.13,1.69
2014.04.11 03:08:21.626,0.82823,0.8283,1.25,1.00
2014.04.11 03:08:25.351,0.82823,0.8283,1.00,1.69
2014.04.11 03:08:28.321,0.82823,0.8283,1.25,1.00
2014.04.11 03:08:45.347,0.82824,0.8283,1.00,1.00
2014.04.11 03:08:45.867,0.82824,0.82831,3.57,1.00
2014.04.11 03:08:48.516,0.82824,0.82831,4.32,1.00
2014.04.11 03:08:50.456,0.82824,0.82832,4.32,1.00
2014.04.11 03:08:50.962,0.82824,0.82833,4.32,1.50
2014.04.11 03:09:28.303,0.82826,0.82833,1.63,1.00
2014.04.11 03:09:29.143,0.82826,0.82833,1.32,1.25
2014.04.11 03:09:33.559,0.82827,0.82833,1.00,1.25
2014.04.11 03:09:38.543,0.82825,0.82833,1.19,2.25
2014.04.11 03:09:44.105,0.82825,0.82833,1.32,3.19
2014.04.11 03:09:46.229,0.82825,0.82833,1.32,2.25
2014.04.11 03:09:48.333,0.82825,0.82831,1.32,1.00
2014.04.11 03:09:50.228,0.82825,0.82831,1.32,1.00
2014.04.11 03:09:54.878,0.82825,0.82831,1.63,1.00
2014.04.11 03:10:03.271,0.82825,0.82831,1.25,1.00
2014.04.11 03:10:04.299,0.82825,0.82831,1.19,1.00
2014.04.11 03:10:13.973,0.82825,0.82833,1.19,3.00
2014.04.11 03:10:22.938,0.82824,0.82832,2.44,1.00
2014.04.11 03:10:23.242,0.82823,0.8283,3.19,1.00
2014.04.11 03:10:25.237,0.82823,0.8283,1.00,2.44
2014.04.11 03:10:26.358,0.82823,0.8283,1.38,2.44
2014.04.11 03:10:26.460,0.82824,0.82831,1.57,1.50
2014.04.11 03:10:27.018,0.82824,0.82832,2.44,1.00
2014.04.11 03:10:28.182,0.82825,0.82832,1.63,1.50
2014.04.11 03:10:28.435,0.82824,0.82831,2.82,1.25
2014.04.11 03:10:28.943,0.82823,0.8283,3.19,1.00
2014.04.11 03:10:29.450,0.82824,0.82831,2.44,1.25
2014.04.11 03:10:30.895,0.82825,0.82831,1.00,1.25
2014.04.11 03:10:31.402,0.82825,0.82831,1.69,1.00
2014.04.11 03:10:32.312,0.82826,0.82831,1.63,1.00
2014.04.11 03:10:34.414,0.82824,0.82831,3.57,1.00
2014.04.11 03:10:35.489,0.82823,0.82831,3.94,1.25
2014.04.11 03:10:35.998,0.82823,0.8283,1.69,1.00
2014.04.11 03:10:36.556,0.82823,0.8283,1.25,2.25
2014.04.11 03:10:37.567,0.82823,0.8283,1.00,3.19
2014.04.11 03:10:39.136,0.82824,0.8283,1.00,3.19
2014.04.11 03:10:39.187,0.82824,0.8283,1.38,3.00
2014.04.11 03:10:39.289,0.82824,0.8283,1.25,1.00
2014.04.11 03:10:40.408,0.82824,0.8283,1.69,1.00
2014.04.11 03:10:41.368,0.82824,0.8283,1.69,1.00
2014.04.11 03:10:41.691,0.82823,0.8283,2.82,1.25
2014.04.11 03:10:42.913,0.82824,0.8283,1.00,1.50
2014.04.11 03:10:46.837,0.82827,0.82831,1.00,1.50
2014.04.11 03:10:47.090,0.82827,0.82832,1.00,1.50
2014.04.11 03:10:55.545,0.82828,0.82832,1.00,1.00
2014.04.11 03:11:06.318,0.82827,0.82832,1.25,1.50
2014.04.11 03:11:10.866,0.82825,0.82832,2.82,1.50
2014.04.11 03:11:11.373,0.82824,0.82832,2.82,2.25
2014.04.11 03:11:16.563,0.82824,0.82831,2.82,1.00
2014.04.11 03:11:17.131,0.82824,0.82831,2.44,1.25
2014.04.11 03:11:17.656,0.82825,0.82831,1.00,1.25
2014.04.11 03:11:18.607,0.82825,0.82831,1.69,1.00
2014.04.11 03:11:22.008,0.82824,0.82831,2.44,1.00
2014.04.11 03:11:24.009,0.82824,0.82831,2.44,1.25
2014.04.11 03:11:24.514,0.82824,0.8283,1.25,1.00
2014.04.11 03:11:25.111,0.82824,0.8283,1.19,1.00
2014.04.11 03:11:26.116,0.82823,0.8283,2.44,1.00
2014.04.11 03:11:28.126,0.82823,0.8283,2.44,1.25
2014.04.11 03:11:29.365,0.82823,0.8283,2.82,1.25
2014.04.11 03:11:31.264,0.82823,0.8283,2.44,1.00
2014.04.11 03:11:32.443,0.82823,0.8283,2.44,2.25
2014.04.11 03:11:34.467,0.82823,0.8283,2.25,1.69
2014.04.11 03:11:34.978,0.82823,0.8283,3.57,1.00
2014.04.11 03:11:35.482,0.82823,0.8283,3.57,1.00
2014.04.11 03:11:36.125,0.82824,0.8283,1.19,1.00
2014.04.11 03:11:36.708,0.82823,0.8283,2.44,1.50
2014.04.11 03:11:40.746,0.82823,0.8283,2.44,1.25
2014.04.11 03:12:03.940,0.82823,0.8283,2.44,1.00
2014.04.11 03:12:07.011,0.82823,0.8283,2.44,1.25
2014.04.11 03:12:17.372,0.82823,0.8283,2.44,1.00
2014.04.11 03:12:22.475,0.82823,0.8283,2.44,1.25
2014.04.11 03:12:23.602,0.82823,0.8283,2.82,1.25
2014.04.11 03:12:24.058,0.82824,0.82833,2.07,1.69
2014.04.11 03:12:24.798,0.82824,0.82832,2.07,1.00
2014.04.11 03:12:29.110,0.82823,0.82831,2.44,1.00
2014.04.11 03:12:32.031,0.82824,0.82832,1.57,1.25
2014.04.11 03:12:33.003,0.82823,0.82831,2.44,1.00
2014.04.11 03:12:33.510,0.82824,0.82832,1.57,1.25
2014.04.11 03:12:34.277,0.82823,0.82831,2.44,1.00
2014.04.11 03:12:34.891,0.82824,0.82832,2.07,1.25
2014.04.11 03:12:35.914,0.82824,0.82832,1.69,1.00
2014.04.11 03:12:36.016,0.82823,0.82832,3.19,1.69
2014.04.11 03:12:41.615,0.82824,0.82832,2.07,1.25
2014.04.11 03:12:43.096,0.82823,0.82831,2.44,1.00
2014.04.11 03:12:43.831,0.82824,0.82831,1.63,1.00
2014.04.11 03:12:44.102,0.82824,0.82833,2.07,2.25
2014.04.11 03:12:44.628,0.82824,0.82832,1.69,1.50
2014.04.11 03:12:44.680,0.82824,0.82831,1.25,1.00
2014.04.11 03:12:46.139,0.82824,0.82832,2.07,1.25
2014.04.11 03:12:46.765,0.82823,0.82831,2.44,1.00
2014.04.11 03:12:47.739,0.82823,0.8283,2.44,1.00
2014.04.11 03:12:49.043,0.82823,0.82831,2.82,2.44
2014.04.11 03:12:49.144,0.82823,0.82832,3.57,2.25
2014.04.11 03:12:50.832,0.82824,0.82831,1.19,1.00
2014.04.11 03:12:51.438,0.82823,0.82831,2.44,1.50
2014.04.11 03:12:52.664,0.82824,0.82832,2.07,1.00
2014.04.11 03:12:53.934,0.82823,0.82831,3.57,1.00
2014.04.11 03:12:55.079,0.82823,0.82831,2.44,1.50
2014.04.11 03:12:57.087,0.82823,0.82831,2.44,1.69
2014.04.11 03:12:59.388,0.82823,0.82831,2.82,1.69
2014.04.11 03:12:59.540,0.82824,0.82833,2.07,2.44
2014.04.11 03:13:00.488,0.82824,0.82833,2.07,2.25
2014.04.11 03:13:01.471,0.82824,0.82833,2.07,2.44
2014.04.11 03:13:02.483,0.82824,0.82833,2.07,2.25
2014.04.11 03:13:03.313,0.82824,0.82832,1.69,1.00
2014.04.11 03:13:03.364,0.82823,0.82832,3.19,2.44
2014.04.11 03:13:10.779,0.82823,0.82831,2.44,1.19
2014.04.11 03:13:11.782,0.82823,0.82831,2.44,1.00
2014.04.11 03:13:18.930,0.82823,0.82831,2.44,1.19
2014.04.11 03:13:25.920,0.82823,0.82831,2.44,1.00
2014.04.11 03:13:26.924,0.82823,0.82831,2.44,1.19
2014.04.11 03:13:27.967,0.82823,0.82831,2.44,1.00
2014.04.11 03:13:30.202,0.82823,0.8283,2.44,1.00
2014.04.11 03:13:37.558,0.82823,0.8283,2.44,1.25
2014.04.11 03:13:48.620,0.82823,0.8283,3.19,1.00
2014.04.11 03:13:50.593,0.82823,0.8283,2.44,1.25
2014.04.11 03:13:58.655,0.82823,0.8283,2.44,1.00
2014.04.11 03:14:07.749,0.82823,0.8283,2.07,1.25
2014.04.11 03:14:08.753,0.82823,0.8283,1.69,1.00
2014.04.11 03:14:13.770,0.82823,0.8283,1.69,1.25
2014.04.11 03:14:21.829,0.82823,0.8283,1.69,1.00
2014.04.11 03:14:22.801,0.82822,0.8283,2.44,2.25
2014.04.11 03:14:23.807,0.82822,0.8283,2.44,1.69
2014.04.11 03:14:25.811,0.82822,0.8283,2.44,1.50
2014.04.11 03:14:31.831,0.82822,0.8283,2.07,1.69
2014.04.11 03:14:32.824,0.82822,0.8283,2.07,1.50
2014.04.11 03:14:35.932,0.82822,0.8283,2.07,1.69
2014.04.11 03:14:37.948,0.82822,0.8283,2.07,1.00
2014.04.11 03:14:41.173,0.82822,0.8283,2.07,1.19
2014.04.11 03:14:41.683,0.82822,0.8283,2.07,1.19
2014.04.11 03:14:46.677,0.82822,0.8283,2.07,1.00
2014.04.11 03:14:47.496,0.82822,0.8283,2.07,1.19
2014.04.11 03:14:54.530,0.82822,0.82831,2.44,2.82
2014.04.11 03:14:55.533,0.82823,0.82831,1.69,1.50
2014.04.11 03:14:59.942,0.82823,0.8283,2.82,1.00
2014.04.11 03:15:10.272,0.82823,0.8283,1.00,1.69
2014.04.11 03:15:20.305,0.82823,0.8283,1.25,1.00
2014.04.11 03:15:33.969,0.82823,0.8283,1.00,1.69
2014.04.11 03:15:36.665,0.82823,0.8283,1.25,1.00
2014.04.11 03:15:37.870,0.82823,0.82831,1.19,1.50
2014.04.11 03:15:38.891,0.82823,0.8283,1.25,1.00
2014.04.11 03:15:43.186,0.82823,0.8283,1.00,1.69
2014.04.11 03:15:45.194,0.82823,0.8283,1.25,1.50
2014.04.11 03:15:48.275,0.82823,0.8283,1.00,1.69
2014.04.11 03:15:50.241,0.82823,0.8283,1.25,1.00
2014.04.11 03:16:03.754,0.82824,0.8283,1.00,1.00
2014.04.11 03:16:04.259,0.82823,0.82831,2.44,2.44
2014.04.11 03:16:12.289,0.82823,0.82831,1.69,1.50
2014.04.11 03:16:15.331,0.82823,0.82831,1.69,2.44
2014.04.11 03:16:26.385,0.82823,0.8283,1.88,1.69
2014.04.11 03:16:27.341,0.82823,0.8283,1.69,1.00
2014.04.11 03:16:44.116,0.82822,0.82829,2.82,1.00
2014.04.11 03:16:49.163,0.82822,0.8283,2.07,1.50
2014.04.11 03:16:50.153,0.82823,0.8283,1.00,1.69
2014.04.11 03:16:56.194,0.82823,0.8283,1.25,1.00
2014.04.11 03:16:57.175,0.82823,0.8283,1.00,1.69
2014.04.11 03:16:59.200,0.82823,0.8283,1.25,1.50
2014.04.11 03:17:00.187,0.82823,0.82829,1.00,1.00
2014.04.11 03:17:01.191,0.82823,0.8283,1.25,1.00
2014.04.11 03:17:02.195,0.82823,0.8283,1.00,1.69
2014.04.11 03:17:03.197,0.82823,0.8283,1.25,1.50
2014.04.11 03:17:47.311,0.82823,0.82831,2.82,1.00
2014.04.11 03:17:50.325,0.82823,0.82831,1.69,1.69
2014.04.11 03:18:05.397,0.82823,0.8283,1.50,1.69
2014.04.11 03:18:06.407,0.82823,0.8283,1.69,1.00
2014.04.11 03:18:09.443,0.82823,0.8283,1.50,1.69
2014.04.11 03:18:14.693,0.82822,0.8283,1.69,1.69
2014.04.11 03:18:15.528,0.82822,0.8283,1.69,1.00
2014.04.11 03:18:56.688,0.82822,0.8283,2.07,1.69
2014.04.11 03:19:47.581,0.82823,0.8283,1.00,1.69
2014.04.11 03:20:00.972,0.82823,0.8283,2.44,1.50
2014.04.11 03:20:06.359,0.82823,0.8283,2.25,2.44
2014.04.11 03:20:07.464,0.82823,0.8283,2.44,1.50
2014.04.11 03:20:10.757,0.82823,0.82829,2.25,1.00
2014.04.11 03:20:11.967,0.82823,0.8283,2.44,1.50
2014.04.11 03:20:12.971,0.82823,0.8283,2.25,2.44
2014.04.11 03:20:20.339,0.82822,0.82829,1.69,1.00
2014.04.11 03:20:32.095,0.82822,0.82829,1.50,1.69
2014.04.11 03:20:33.098,0.82822,0.82829,1.69,1.00
2014.04.11 03:20:49.376,0.82823,0.82829,1.50,1.00
2014.04.11 03:20:50.354,0.82823,0.8283,1.69,1.00
2014.04.11 03:20:51.869,0.82822,0.8283,2.44,1.69
2014.04.11 03:20:52.605,0.82823,0.8283,2.25,1.69
2014.04.11 03:20:53.139,0.82823,0.8283,2.44,1.00
2014.04.11 03:21:00.902,0.82823,0.82831,2.44,2.25
2014.04.11 03:21:02.890,0.82823,0.82831,2.44,2.44
2014.04.11 03:21:05.901,0.82823,0.82831,2.44,2.25
2014.04.11 03:21:06.905,0.82823,0.82831,2.44,2.44
2014.04.11 03:21:11.953,0.82823,0.82831,3.19,1.25
2014.04.11 03:21:14.029,0.82823,0.82831,2.44,2.44
2014.04.11 03:21:21.057,0.82823,0.8283,2.25,1.69
2014.04.11 03:21:22.363,0.82823,0.8283,2.44,1.00
2014.04.11 03:21:26.375,0.82823,0.8283,2.25,1.69
2014.04.11 03:21:27.907,0.82823,0.8283,2.44,1.00
2014.04.11 03:22:45.301,0.82823,0.8283,1.50,1.69
2014.04.11 03:22:46.326,0.82823,0.8283,1.69,1.00
2014.04.11 03:22:49.339,0.82823,0.8283,1.50,1.69
2014.04.11 03:23:00.744,0.82823,0.8283,1.69,1.00
2014.04.11 03:23:03.142,0.82822,0.82829,1.69,1.00
2014.04.11 03:23:08.677,0.82823,0.82829,1.50,1.00
2014.04.11 03:23:09.205,0.82822,0.82829,2.44,1.00
2014.04.11 03:23:19.022,0.82823,0.82829,1.00,1.00
2014.04.11 03:23:19.990,0.82823,0.8283,1.25,1.00
2014.04.11 03:23:33.069,0.82823,0.82829,2.25,1.00
2014.04.11 03:23:53.562,0.82823,0.82828,1.50,1.00
2014.04.11 03:24:53.811,0.82823,0.82829,1.00,1.50
2014.04.11 03:24:54.342,0.82821,0.82829,2.07,1.50
2014.04.11 03:25:01.888,0.82822,0.82829,2.25,1.00
2014.04.11 03:25:01.940,0.82825,0.82829,1.00,1.00
2014.04.11 03:25:02.093,0.82825,0.82831,1.50,1.25
2014.04.11 03:25:08.285,0.82825,0.8283,1.00,1.00
2014.04.11 03:25:31.052,0.82825,0.8283,1.00,1.69
2014.04.11 03:25:33.191,0.82825,0.8283,1.00,1.00
2014.04.11 03:25:44.150,0.82825,0.82831,1.00,1.50
2014.04.11 03:25:50.276,0.82825,0.82831,1.00,2.44
2014.04.11 03:26:01.375,0.82825,0.8283,1.00,1.69
2014.04.11 03:26:02.139,0.82824,0.8283,1.50,1.69
2014.04.11 03:26:04.288,0.82824,0.8283,1.50,1.00
2014.04.11 03:26:29.453,0.82824,0.82832,2.44,1.00
2014.04.11 03:26:32.486,0.82824,0.82831,2.82,1.00
2014.04.11 03:26:45.505,0.82824,0.82831,2.25,1.69
2014.04.11 03:26:47.545,0.82824,0.82831,2.44,1.00
2014.04.11 03:26:49.508,0.82824,0.82831,2.25,1.69
2014.04.11 03:27:01.801,0.82824,0.8283,1.00,1.69
2014.04.11 03:27:03.793,0.82824,0.8283,1.00,1.00
2014.04.11 03:27:11.515,0.82824,0.8283,1.00,1.69
2014.04.11 03:27:15.714,0.82822,0.82829,1.69,1.00
2014.04.11 03:27:16.239,0.82823,0.82829,1.50,1.00
2014.04.11 03:27:17.231,0.82823,0.8283,1.69,1.00
2014.04.11 03:27:31.260,0.82824,0.8283,1.00,3.00
2014.04.11 03:27:51.125,0.82826,0.8283,1.13,1.00
2014.04.11 03:27:51.429,0.82829,0.82834,1.00,1.88
2014.04.11 03:27:51.632,0.82827,0.82834,2.07,1.00
2014.04.11 03:27:52.137,0.82827,0.82835,2.44,1.25
2014.04.11 03:27:52.390,0.82827,0.82833,1.69,1.00
2014.04.11 03:27:53.246,0.82827,0.82833,1.25,1.00
2014.04.11 03:27:54.255,0.82827,0.82833,1.69,1.00
2014.04.11 03:27:55.250,0.82828,0.82833,1.19,1.00
2014.04.11 03:27:56.267,0.82827,0.82833,1.69,1.00
2014.04.11 03:27:57.230,0.82828,0.82833,1.19,1.00
2014.04.11 03:27:58.261,0.82827,0.82833,1.69,1.00
2014.04.11 03:28:01.264,0.82826,0.82833,1.69,1.00
2014.04.11 03:28:02.290,0.82826,0.82833,1.25,1.25
2014.04.11 03:28:08.320,0.82825,0.82833,1.25,1.69
2014.04.11 03:28:09.781,0.82825,0.82833,1.69,1.25
2014.04.11 03:28:21.942,0.82825,0.82833,1.25,1.69
2014.04.11 03:28:24.626,0.82824,0.82831,1.69,1.00
2014.04.11 03:28:25.502,0.82824,0.82831,1.25,1.25
2014.04.11 03:28:27.713,0.82824,0.82831,1.19,1.00
2014.04.11 03:28:51.213,0.82823,0.82831,3.57,1.25
2014.04.11 03:28:55.224,0.82824,0.82831,1.19,1.00
2014.04.11 03:29:06.998,0.82823,0.82831,3.57,1.25
2014.04.11 03:29:08.280,0.82824,0.82831,1.19,1.00
2014.04.11 03:29:10.820,0.82824,0.82832,1.69,1.25
2014.04.11 03:29:14.923,0.82825,0.82833,1.19,1.25
2014.04.11 03:29:16.895,0.82824,0.82833,2.44,1.69
2014.04.11 03:29:29.444,0.82824,0.82831,2.07,1.00
2014.04.11 03:29:34.588,0.82824,0.82833,2.82,1.69
2014.04.11 03:29:35.460,0.82825,0.82833,1.19,1.25
2014.04.11 03:29:45.490,0.82824,0.82833,2.82,1.69
2014.04.11 03:29:47.500,0.82825,0.82833,1.19,1.25
2014.04.11 03:29:48.809,0.82824,0.82833,2.44,1.69
2014.04.11 03:30:00.935,0.82825,0.82833,1.19,1.25
2014.04.11 03:30:01.983,0.82824,0.82833,2.44,1.69
2014.04.11 03:30:03.998,0.82825,0.82833,1.19,1.25
2014.04.11 03:30:04.958,0.82824,0.82833,2.44,2.82
2014.04.11 03:30:05.464,0.82824,0.82831,2.07,1.00
2014.04.11 03:30:05.976,0.82825,0.82831,1.19,1.00
2014.04.11 03:30:06.142,0.82825,0.82833,1.19,1.69
2014.04.11 03:30:13.806,0.82825,0.82833,1.19,1.63
2014.04.11 03:30:13.908,0.82824,0.82832,1.25,1.32
2014.04.11 03:30:15.017,0.82822,0.82831,2.82,1.69
2014.04.11 03:30:21.032,0.82823,0.82831,1.19,1.25
2014.04.11 03:30:25.770,0.82822,0.8283,1.69,1.19
2014.04.11 03:30:26.840,0.82821,0.82828,1.19,1.00
2014.04.11 03:30:30.015,0.82823,0.82828,1.19,1.00
2014.04.11 03:30:30.572,0.82823,0.82831,1.57,1.69
2014.04.11 03:30:31.080,0.82824,0.82831,2.07,1.25
2014.04.11 03:30:31.238,0.82826,0.82833,1.19,1.00
2014.04.11 03:30:32.211,0.82827,0.82833,1.19,1.00
2014.04.11 03:30:33.222,0.82826,0.82833,1.32,1.00
2014.04.11 03:30:38.850,0.82826,0.82831,1.19,1.00
2014.04.11 03:30:39.398,0.82825,0.82831,1.19,1.00
2014.04.11 03:30:40.371,0.82825,0.82833,1.19,1.25
2014.04.11 03:30:44.221,0.82826,0.82833,1.19,1.00
2014.04.11 03:30:47.537,0.82827,0.82833,1.32,1.00
2014.04.11 03:31:06.261,0.82827,0.82833,1.25,1.00
2014.04.11 03:31:09.431,0.82827,0.82833,1.19,1.00
2014.04.11 03:31:10.435,0.82826,0.82833,1.69,1.00
2014.04.11 03:31:11.559,0.82827,0.82833,1.19,1.00
2014.04.11 03:31:12.547,0.82826,0.82833,2.07,1.00
2014.04.11 03:31:17.560,0.82828,0.82833,1.19,1.00
2014.04.11 03:31:17.662,0.82828,0.82835,1.19,1.50
2014.04.11 03:31:18.494,0.82827,0.82835,1.25,2.82
2014.04.11 03:31:19.011,0.82826,0.82833,1.19,1.00
2014.04.11 03:31:20.467,0.82825,0.82833,2.44,1.25
2014.04.11 03:31:21.482,0.82826,0.82833,1.19,1.00
2014.04.11 03:31:23.511,0.82825,0.82833,2.82,1.25
2014.04.11 03:31:23.612,0.82827,0.82833,1.32,1.00
2014.04.11 03:31:23.916,0.82827,0.82835,2.07,1.69
2014.04.11 03:31:24.579,0.82827,0.82833,1.19,1.00
2014.04.11 03:31:25.518,0.82826,0.82833,1.32,1.00
2014.04.11 03:31:30.507,0.82825,0.82833,2.82,1.25
2014.04.11 03:31:33.531,0.82826,0.82833,1.19,1.00
2014.04.11 03:31:44.063,0.82827,0.82833,1.19,1.00
2014.04.11 03:31:46.080,0.82826,0.82833,1.32,1.00
2014.04.11 03:31:50.189,0.82825,0.82833,2.82,1.25
2014.04.11 03:31:52.127,0.82826,0.82833,1.32,1.00
2014.04.11 03:31:58.119,0.82825,0.82833,2.82,1.25
2014.04.11 03:32:01.418,0.82826,0.82833,1.19,1.00
2014.04.11 03:32:12.632,0.82826,0.82834,2.07,1.25
2014.04.11 03:32:13.207,0.82826,0.82834,1.25,1.69
2014.04.11 03:32:13.969,0.82826,0.82834,1.69,1.25
2014.04.11 03:32:18.530,0.82827,0.82834,1.19,1.00
2014.04.11 03:32:21.410,0.82826,0.82834,2.07,1.25
2014.04.11 03:32:22.443,0.82827,0.82834,1.19,1.00
2014.04.11 03:32:24.418,0.82826,0.82834,2.82,1.25
2014.04.11 03:32:25.332,0.82828,0.82835,1.19,1.00
2014.04.11 03:32:25.891,0.8283,0.82836,1.00,1.25
2014.04.11 03:32:26.437,0.8283,0.82836,1.00,1.69
2014.04.11 03:32:28.152,0.82827,0.82835,1.69,1.69
2014.04.11 03:32:29.764,0.82827,0.82835,1.25,1.69
2014.04.11 03:32:33.838,0.82827,0.82835,1.63,1.69
2014.04.11 03:32:34.192,0.8283,0.82837,1.13,1.19
2014.04.11 03:32:35.102,0.8283,0.82838,1.32,2.44
2014.04.11 03:32:45.050,0.8283,0.82837,1.00,1.69
2014.04.11 03:32:48.060,0.8283,0.82836,1.00,1.19
2014.04.11 03:32:53.053,0.8283,0.82837,1.00,1.69
2014.04.11 03:32:54.058,0.8283,0.82836,1.00,1.19
2014.04.11 03:32:56.297,0.8283,0.82837,1.00,1.69
2014.04.11 03:32:58.147,0.8283,0.82837,1.25,1.25
2014.04.11 03:33:04.849,0.82832,0.82838,1.25,1.00
2014.04.11 03:33:06.855,0.82832,0.82838,1.69,1.00
2014.04.11 03:33:08.764,0.82832,0.8284,1.69,1.47
2014.04.11 03:33:09.340,0.82832,0.8284,1.25,2.22
2014.04.11 03:33:10.888,0.82832,0.82841,1.69,2.82
2014.04.11 03:33:13.916,0.82831,0.8284,2.82,1.69
2014.04.11 03:33:16.169,0.82832,0.8284,2.82,2.44
2014.04.11 03:33:16.220,0.82834,0.8284,1.19,1.00
2014.04.11 03:33:16.607,0.82834,0.82842,1.19,1.69
2014.04.11 03:33:17.323,0.82833,0.82842,1.69,2.44
2014.04.11 03:33:29.331,0.82834,0.82842,1.19,1.25
2014.04.11 03:33:30.336,0.82833,0.82842,2.82,1.69
2014.04.11 03:33:31.339,0.82834,0.82842,1.19,1.25
2014.04.11 03:33:33.373,0.82833,0.82842,2.82,1.69
2014.04.11 03:33:36.345,0.82834,0.82842,1.19,1.25
2014.04.11 03:33:44.392,0.82833,0.82842,2.07,2.44
2014.04.11 03:33:45.419,0.82834,0.82842,1.32,1.25
2014.04.11 03:33:46.196,0.82836,0.82843,1.00,2.07
2014.04.11 03:33:47.137,0.82836,0.82842,1.00,1.19
2014.04.11 03:33:49.215,0.82836,0.82843,1.00,2.07
2014.04.11 03:34:14.376,0.82834,0.82842,1.69,1.32
2014.04.11 03:34:14.894,0.82834,0.82842,1.25,2.07
2014.04.11 03:34:21.710,0.82833,0.82841,1.25,1.19
2014.04.11 03:34:26.474,0.82832,0.8284,1.25,1.69
2014.04.11 03:34:29.068,0.82832,0.8284,1.69,1.25
2014.04.11 03:34:43.195,0.82832,0.8284,1.25,2.07
2014.04.11 03:34:58.336,0.82832,0.8284,1.69,1.25
2014.04.11 03:34:59.356,0.82833,0.8284,1.19,1.00
2014.04.11 03:35:00.352,0.82832,0.8284,1.19,1.25
2014.04.11 03:35:01.227,0.82833,0.8284,1.19,1.00
2014.04.11 03:35:02.334,0.82832,0.8284,1.19,1.25
2014.04.11 03:35:10.077,0.82831,0.8284,2.44,2.07
2014.04.11 03:35:12.368,0.82831,0.82839,1.69,1.19
2014.04.11 03:35:13.377,0.82831,0.8284,2.44,2.07
2014.04.11 03:35:14.412,0.82831,0.82839,1.69,1.19
2014.04.11 03:35:19.440,0.82831,0.8284,1.69,2.82
2014.04.11 03:35:22.612,0.82831,0.82839,1.25,1.32
2014.04.11 03:35:26.427,0.82831,0.8284,1.19,2.07
2014.04.11 03:35:29.488,0.8283,0.82839,1.69,1.32
2014.04.11 03:35:32.450,0.82831,0.8284,1.19,2.07
2014.04.11 03:35:35.461,0.8283,0.82839,1.69,1.32
2014.04.11 03:35:37.499,0.82831,0.8284,1.19,2.07
2014.04.11 03:35:38.493,0.8283,0.82839,1.69,1.32
2014.04.11 03:35:53.985,0.82831,0.8284,1.19,2.07
2014.04.11 03:35:54.929,0.8283,0.82839,1.69,1.32
2014.04.11 03:36:02.056,0.82831,0.8284,1.19,2.07
2014.04.11 03:36:10.216,0.82832,0.82839,1.00,1.32
2014.04.11 03:36:21.930,0.82832,0.82838,1.00,1.19
2014.04.11 03:36:22.935,0.82832,0.82839,1.00,1.32
2014.04.11 03:36:29.222,0.82832,0.8284,1.25,1.32
2014.04.11 03:36:35.189,0.82832,0.82839,1.00,1.19
2014.04.11 03:37:01.530,0.82832,0.8284,1.25,2.07
2014.04.11 03:37:02.246,0.82832,0.82839,1.00,1.32
2014.04.11 03:37:06.716,0.8283,0.82839,1.69,1.32
2014.04.11 03:37:07.286,0.82831,0.8284,1.19,2.82
2014.04.11 03:37:08.106,0.82831,0.82838,1.69,1.00
2014.04.11 03:37:08.794,0.82831,0.82838,1.25,1.32
2014.04.11 03:37:14.188,0.82831,0.82838,1.00,2.07
2014.04.11 03:37:15.193,0.82831,0.82838,1.25,1.32
2014.04.11 03:37:16.198,0.82831,0.82838,1.00,2.07
2014.04.11 03:37:16.843,0.8283,0.82838,1.69,2.07
2014.04.11 03:37:22.125,0.8283,0.82838,2.44,1.32
2014.04.11 03:37:26.747,0.82832,0.82838,1.19,1.00
2014.04.11 03:37:27.590,0.82832,0.8284,1.69,1.32
2014.04.11 03:37:28.095,0.82832,0.8284,1.25,2.07
2014.04.11 03:37:29.342,0.82831,0.82838,1.19,1.00
2014.04.11 03:37:30.061,0.8283,0.82838,2.44,1.25
2014.04.11 03:38:01.797,0.8283,0.82838,1.69,1.69
2014.04.11 03:38:02.776,0.8283,0.82838,2.44,1.25
2014.04.11 03:38:05.828,0.8283,0.82838,1.69,1.69
2014.04.11 03:38:13.617,0.8283,0.82838,1.69,1.25
2014.04.11 03:38:17.637,0.8283,0.82838,1.25,1.69
2014.04.11 03:38:18.689,0.8283,0.82838,1.69,1.25
2014.04.11 03:38:19.653,0.8283,0.82838,1.25,1.69
2014.04.11 03:38:20.933,0.8283,0.82838,1.69,1.32
2014.04.11 03:38:21.685,0.8283,0.82838,1.25,2.07
2014.04.11 03:38:24.688,0.8283,0.82838,1.69,1.25
2014.04.11 03:38:27.359,0.8283,0.82838,1.25,2.07
2014.04.11 03:38:49.729,0.8283,0.82839,1.19,2.07
2014.04.11 03:38:52.868,0.82829,0.82838,1.69,1.32
2014.04.11 03:38:54.852,0.82829,0.82837,1.25,1.32
2014.04.11 03:38:59.863,0.82828,0.82836,1.25,1.19
2014.04.11 03:39:02.874,0.82828,0.82837,1.69,1.32
2014.04.11 03:39:04.902,0.82828,0.82836,1.25,1.19
2014.04.11 03:39:07.942,0.82828,0.82837,1.69,1.32
2014.04.11 03:39:38.186,0.82829,0.82838,1.19,2.07
2014.04.11 03:39:39.193,0.82828,0.82837,1.69,1.32
2014.04.11 03:40:20.059,0.82829,0.82838,1.19,2.07
2014.04.11 03:40:24.302,0.82828,0.82837,1.69,1.32
2014.04.11 03:40:33.005,0.82829,0.82838,1.19,2.07
2014.04.11 03:40:42.144,0.8283,0.82839,1.19,2.07
2014.04.11 03:40:44.130,0.82829,0.82838,1.69,1.32
2014.04.11 03:40:52.659,0.82831,0.82839,2.07,1.25
2014.04.11 03:40:53.409,0.82834,0.8284,1.00,1.19
2014.04.11 03:40:53.915,0.82834,0.82841,1.00,1.19
2014.04.11 03:40:54.672,0.82834,0.82842,1.25,2.07
2014.04.11 03:40:57.787,0.82834,0.82842,1.69,1.25
2014.04.11 03:40:58.791,0.82834,0.82842,1.25,1.69
2014.04.11 03:41:00.561,0.82834,0.82842,1.25,2.07
2014.04.11 03:41:01.219,0.82832,0.82841,2.44,4.32
2014.04.11 03:41:01.725,0.82832,0.82839,1.50,1.19
2014.04.11 03:41:16.265,0.82831,0.82839,1.25,1.19
2014.04.11 03:41:22.040,0.8283,0.82838,1.25,1.69
2014.04.11 03:41:24.181,0.8283,0.82838,1.69,1.25
2014.04.11 03:41:27.158,0.8283,0.82838,1.25,1.69
2014.04.11 03:41:29.172,0.8283,0.82838,1.69,1.25
2014.04.11 03:41:33.120,0.8283,0.82838,1.25,1.69
2014.04.11 03:41:33.693,0.82832,0.82838,1.19,1.00
2014.04.11 03:41:34.198,0.82832,0.82838,1.00,1.25
2014.04.11 03:41:34.818,0.8283,0.82838,2.07,1.25
2014.04.11 03:41:53.457,0.8283,0.82838,1.25,1.69
2014.04.11 03:41:55.461,0.8283,0.82838,1.19,1.25
2014.04.11 03:41:56.450,0.82829,0.82838,2.82,1.69
2014.04.11 03:41:57.454,0.8283,0.82838,1.19,1.25
2014.04.11 03:42:00.511,0.82829,0.82838,2.82,1.69
2014.04.11 03:42:01.526,0.8283,0.82838,1.19,1.25
2014.04.11 03:42:08.528,0.82829,0.82838,2.82,1.69
2014.04.11 03:42:10.545,0.8283,0.82838,1.32,1.25
2014.04.11 03:42:22.545,0.82829,0.82838,2.07,1.19
2014.04.11 03:42:25.560,0.8283,0.82839,1.19,2.07
2014.04.11 03:42:36.539,0.82829,0.82838,2.07,1.19
2014.04.11 03:42:38.558,0.8283,0.82839,1.19,2.07
2014.04.11 03:42:39.728,0.82829,0.82838,2.07,1.19
2014.04.11 03:42:45.584,0.8283,0.82839,1.19,1.69
2014.04.11 03:42:49.388,0.82832,0.82839,1.19,1.00
2014.04.11 03:42:49.895,0.82832,0.8284,1.19,1.32
2014.04.11 03:42:50.478,0.82831,0.8284,1.19,2.07
2014.04.11 03:42:55.518,0.8283,0.82839,2.44,1.19
2014.04.11 03:42:59.502,0.82831,0.8284,1.19,2.07
2014.04.11 03:43:00.520,0.8283,0.82839,2.82,1.19
2014.04.11 03:43:03.518,0.82831,0.8284,1.69,1.19
2014.04.11 03:43:06.521,0.8283,0.82839,1.69,1.19
2014.04.11 03:43:07.147,0.8283,0.82835,1.69,1.00
2014.04.11 03:43:07.676,0.8283,0.82835,1.25,1.00
2014.04.11 03:43:15.380,0.82827,0.82833,1.25,1.00
2014.04.11 03:43:16.549,0.82825,0.82833,2.44,1.25
2014.04.11 03:43:20.462,0.82826,0.82833,1.32,1.00
2014.04.11 03:43:45.598,0.82825,0.82833,2.44,1.25
2014.04.11 03:43:47.609,0.82826,0.82833,1.69,1.00
2014.04.11 03:43:50.048,0.82826,0.82833,1.19,1.38
2014.04.11 03:43:50.201,0.82825,0.82833,1.69,2.82
2014.04.11 03:43:51.298,0.82825,0.82833,2.44,1.32
2014.04.11 03:43:52.397,0.82825,0.82833,1.69,2.07
2014.04.11 03:43:54.189,0.82826,0.82833,1.00,1.32
2014.04.11 03:43:54.747,0.82826,0.82834,1.25,2.07
2014.04.11 03:43:55.414,0.82826,0.82833,1.00,1.19
2014.04.11 03:43:56.408,0.82826,0.82834,1.25,2.07
2014.04.11 03:44:05.464,0.82826,0.82834,1.69,1.25
2014.04.11 03:44:06.453,0.82826,0.82834,1.25,1.69
2014.04.11 03:44:10.467,0.82826,0.82834,1.69,1.25
2014.04.11 03:44:11.498,0.82826,0.82834,1.25,1.69
2014.04.11 03:44:12.567,0.82826,0.82834,1.69,1.25
2014.04.11 03:44:21.836,0.82826,0.82832,1.69,1.00
2014.04.11 03:44:22.141,0.82826,0.82831,1.00,1.19
2014.04.11 03:44:22.348,0.82826,0.82833,1.00,2.07
2014.04.11 03:44:22.856,0.82824,0.82831,1.19,1.00
2014.04.11 03:44:23.362,0.82826,0.82833,1.00,2.07
2014.04.11 03:44:25.655,0.82826,0.82834,1.25,2.82
2014.04.11 03:44:27.428,0.82828,0.82834,1.00,1.69
2014.04.11 03:44:27.978,0.82828,0.82834,1.00,1.25
2014.04.11 03:44:46.767,0.82828,0.82835,1.25,1.25
2014.04.11 03:44:54.776,0.82828,0.82835,1.00,1.69
2014.04.11 03:44:59.124,0.82826,0.82833,1.32,1.00
2014.04.11 03:44:59.781,0.82828,0.82835,1.00,1.69
2014.04.11 03:45:11.288,0.82826,0.82833,1.32,1.00
2014.04.11 03:45:11.839,0.82828,0.82835,1.00,1.69
2014.04.11 03:45:14.105,0.82828,0.82835,1.25,1.25
2014.04.11 03:45:17.918,0.82828,0.82835,1.00,1.69
2014.04.11 03:45:20.975,0.82828,0.82835,1.25,1.25
2014.04.11 03:45:22.715,0.82828,0.82835,1.25,2.07
2014.04.11 03:45:22.969,0.82825,0.82833,2.44,1.25
2014.04.11 03:45:23.983,0.82825,0.82833,1.69,1.69
2014.04.11 03:45:26.001,0.82825,0.82833,2.44,1.25
2014.04.11 03:45:37.012,0.82825,0.82833,1.69,1.69
2014.04.11 03:45:45.217,0.82825,0.82833,1.69,1.25
2014.04.11 03:45:46.232,0.82825,0.82833,1.25,1.69
2014.04.11 03:45:52.240,0.82825,0.82833,1.69,1.25
2014.04.11 03:46:04.331,0.82825,0.82833,1.25,2.07
2014.04.11 03:46:22.569,0.82824,0.82831,1.69,1.00
2014.04.11 03:46:47.743,0.82823,0.82831,1.69,1.25
2014.04.11 03:46:49.748,0.82824,0.82831,1.19,1.00
2014.04.11 03:46:50.767,0.82825,0.82831,1.19,1.00
2014.04.11 03:46:50.869,0.82825,0.82833,1.69,1.25
2014.04.11 03:46:55.081,0.82825,0.82831,1.00,1.25
2014.04.11 03:46:56.121,0.82825,0.82833,1.25,2.07
2014.04.11 03:46:56.985,0.82824,0.82831,2.07,1.00
2014.04.11 03:46:57.492,0.82825,0.82833,1.25,1.69
2014.04.11 03:46:58.106,0.82825,0.82833,1.69,1.25
2014.04.11 03:47:01.099,0.82825,0.82833,1.25,1.69
2014.04.11 03:47:02.356,0.82824,0.82831,1.19,1.00
2014.04.11 03:47:04.456,0.82825,0.82833,1.25,1.19
2014.04.11 03:47:05.102,0.82825,0.82834,1.69,2.44
2014.04.11 03:47:11.156,0.82826,0.82834,1.19,1.69
2014.04.11 03:47:21.284,0.82827,0.82836,1.69,2.44
2014.04.11 03:47:26.813,0.82828,0.82836,1.19,1.69
2014.04.11 03:47:28.791,0.82827,0.82836,2.44,2.44
2014.04.11 03:47:31.841,0.82828,0.82836,1.19,1.25
2014.04.11 03:47:43.928,0.82827,0.82835,2.07,1.19
2014.04.11 03:47:44.916,0.82828,0.82835,1.00,1.19
2014.04.11 03:47:45.420,0.82828,0.82836,1.25,1.69
2014.04.11 03:48:07.622,0.82828,0.82834,1.25,1.00
2014.04.11 03:48:12.041,0.82826,0.82834,1.69,1.25
2014.04.11 03:48:17.845,0.82825,0.82833,1.69,1.32
2014.04.11 03:48:18.354,0.82823,0.82831,1.69,1.25
2014.04.11 03:48:18.996,0.82823,0.82831,1.25,1.69
2014.04.11 03:48:25.005,0.82824,0.82831,1.00,1.32
2014.04.11 03:48:49.139,0.82824,0.82832,1.25,2.07
2014.04.11 03:48:49.494,0.82824,0.8283,1.00,1.32
2014.04.11 03:48:50.001,0.82824,0.8283,1.00,2.07
2014.04.11 03:48:50.549,0.82824,0.8283,1.13,1.32
2014.04.11 03:48:51.519,0.82824,0.82832,1.32,1.69
2014.04.11 03:48:52.535,0.82824,0.82833,1.69,2.82
2014.04.11 03:48:54.035,0.82824,0.82832,1.25,1.19
2014.04.11 03:48:54.187,0.82827,0.82832,1.00,1.19
2014.04.11 03:48:54.491,0.82827,0.82834,1.00,2.82
2014.04.11 03:48:55.136,0.82825,0.82833,3.19,1.25
2014.04.11 03:48:55.639,0.82825,0.82833,1.25,1.69
2014.04.11 03:49:00.479,0.82826,0.82833,1.50,1.69
2014.04.11 03:49:00.681,0.82827,0.82834,1.25,1.25
2014.04.11 03:49:02.856,0.82827,0.82834,1.25,1.63
2014.04.11 03:49:03.073,0.82825,0.82832,1.50,1.19
2014.04.11 03:49:03.378,0.82827,0.82832,1.00,1.19
2014.04.11 03:49:03.885,0.82827,0.82833,1.00,1.57
2014.04.11 03:49:04.038,0.82827,0.82835,1.25,1.69
2014.04.11 03:49:04.392,0.8283,0.82835,1.00,1.19
2014.04.11 03:49:05.013,0.8283,0.82836,1.00,2.07
2014.04.11 03:49:12.106,0.82827,0.82835,2.44,1.25
2014.04.11 03:49:12.624,0.82827,0.82835,1.69,1.69
2014.04.11 03:49:31.018,0.82827,0.82835,2.82,1.25
2014.04.11 03:49:31.989,0.82828,0.82835,1.00,1.69
2014.04.11 03:49:33.038,0.82828,0.82835,1.25,1.25
2014.04.11 03:49:33.352,0.8283,0.82836,1.00,1.19
2014.04.11 03:49:37.627,0.8283,0.82837,1.00,1.32
2014.04.11 03:49:46.770,0.82828,0.82835,1.50,1.25
2014.04.11 03:49:47.276,0.82829,0.82835,1.00,1.25
2014.04.11 03:49:51.464,0.8283,0.82837,1.00,1.19
2014.04.11 03:49:51.975,0.8283,0.82838,1.50,1.19
2014.04.11 03:49:52.598,0.8283,0.82838,1.69,1.25
2014.04.11 03:50:01.634,0.8283,0.82838,1.50,1.19
2014.04.11 03:50:02.604,0.8283,0.82838,1.69,1.25
2014.04.11 03:50:06.629,0.8283,0.82838,2.25,2.07
2014.04.11 03:50:25.369,0.8283,0.82835,1.25,1.00
2014.04.11 03:50:25.675,0.82827,0.82835,2.25,1.32
2014.04.11 03:50:29.394,0.82828,0.82836,2.07,1.25
2014.04.11 03:50:30.014,0.8283,0.82836,1.00,1.00
2014.04.11 03:50:30.983,0.8283,0.82838,1.00,1.19
2014.04.11 03:50:31.532,0.8283,0.82838,1.69,1.25
2014.04.11 03:50:51.670,0.82831,0.82838,1.69,1.00
2014.04.11 03:50:53.678,0.82831,0.82838,1.00,1.25
2014.04.11 03:50:57.352,0.82832,0.82839,1.00,2.07
2014.04.11 03:50:57.865,0.82832,0.82839,1.25,1.32
2014.04.11 03:50:58.439,0.82831,0.82838,2.44,1.00
2014.04.11 03:51:01.709,0.82831,0.82838,1.50,1.69
2014.04.11 03:51:07.970,0.82832,0.82838,1.00,1.50
2014.04.11 03:51:15.210,0.82832,0.82839,1.25,1.32
2014.04.11 03:51:37.565,0.82832,0.82838,1.25,1.00
2014.04.11 03:51:38.084,0.8283,0.82838,2.44,1.69
2014.04.11 03:51:38.798,0.8283,0.82838,1.50,1.69
2014.04.11 03:51:45.298,0.8283,0.82838,1.69,1.69
2014.04.11 03:52:50.324,0.82831,0.82839,2.44,2.07
2014.04.11 03:53:07.377,0.82832,0.82841,2.44,3.57
2014.04.11 03:53:09.476,0.82832,0.82841,2.44,3.57
2014.04.11 03:53:14.414,0.82833,0.82841,2.44,1.25
2014.04.11 03:53:15.950,0.82833,0.82841,2.44,1.63
2014.04.11 03:53:16.461,0.82833,0.82841,1.00,2.82
2014.04.11 03:53:17.190,0.82832,0.82841,3.00,2.82
2014.04.11 03:53:29.029,0.82832,0.82841,3.19,2.82
2014.04.11 03:53:30.031,0.82832,0.82841,3.00,2.82
2014.04.11 03:53:33.029,0.82832,0.82841,3.19,2.07
2014.04.11 03:53:39.188,0.82832,0.8284,2.25,1.32
2014.04.11 03:53:40.203,0.82833,0.82839,1.00,1.25
2014.04.11 03:53:41.703,0.82834,0.82839,1.00,1.00
2014.04.11 03:53:43.864,0.82833,0.82841,2.44,1.69
2014.04.11 03:53:43.915,0.82833,0.82839,2.44,1.00
2014.04.11 03:53:44.683,0.82832,0.82839,2.44,1.00
2014.04.11 03:53:45.325,0.82832,0.82841,3.19,3.94
2014.04.11 03:53:52.162,0.82833,0.82841,1.69,1.25
2014.04.11 03:54:01.172,0.82834,0.82841,1.69,1.00
2014.04.11 03:54:02.867,0.82834,0.82838,1.50,1.00
2014.04.11 03:54:03.070,0.82835,0.82841,1.00,1.00
2014.04.11 03:54:04.159,0.82835,0.82841,1.69,1.00
2014.04.11 03:54:04.412,0.82835,0.82843,1.69,1.69
2014.04.11 03:54:04.615,0.82835,0.82841,1.69,1.00
2014.04.11 03:54:06.386,0.82835,0.82843,1.69,1.50
2014.04.11 03:54:06.589,0.82835,0.82841,1.69,1.00
2014.04.11 03:54:07.839,0.82835,0.82843,1.69,1.50
2014.04.11 03:54:08.143,0.82835,0.82841,1.69,1.00
2014.04.11 03:54:09.468,0.82836,0.82843,1.00,1.69
2014.04.11 03:54:09.570,0.82836,0.82841,1.00,1.00
2014.04.11 03:54:10.345,0.82836,0.82843,1.00,1.50
2014.04.11 03:54:10.548,0.82836,0.82841,1.00,1.00
2014.04.11 03:54:11.326,0.82836,0.82843,1.00,2.44
2014.04.11 03:54:12.200,0.82835,0.82843,1.00,3.94
2014.04.11 03:54:14.230,0.82835,0.82843,1.69,3.94
2014.04.11 03:54:18.341,0.82835,0.82843,1.50,3.94
2014.04.11 03:54:20.211,0.82835,0.82843,1.69,3.94
2014.04.11 03:54:52.131,0.82836,0.82842,1.00,1.50
2014.04.11 03:54:53.206,0.82835,0.82842,1.00,1.69
2014.04.11 03:55:02.429,0.82836,0.82842,1.00,1.50
2014.04.11 03:55:07.203,0.82835,0.82843,1.69,1.32
2014.04.11 03:55:19.090,0.82836,0.82844,1.00,2.82
2014.04.11 03:55:19.593,0.82835,0.82842,1.69,2.63
2014.04.11 03:55:19.898,0.82834,0.82842,1.50,2.82
2014.04.11 03:55:25.141,0.82834,0.8284,1.00,1.50
2014.04.11 03:55:25.393,0.82832,0.8284,3.00,2.44
2014.04.11 03:55:25.495,0.82831,0.82835,4.88,1.00
2014.04.11 03:55:25.699,0.82832,0.82838,1.50,1.13
2014.04.11 03:55:26.205,0.82831,0.82837,1.00,1.19
2014.04.11 03:55:26.747,0.8283,0.82837,1.50,1.19
2014.04.11 03:55:31.194,0.82831,0.82837,1.00,1.19
2014.04.11 03:55:31.703,0.82831,0.82838,1.00,1.69
2014.04.11 03:55:49.098,0.82831,0.82837,1.00,1.19
2014.04.11 03:55:52.108,0.82831,0.82838,1.00,1.69
2014.04.11 03:55:59.862,0.8283,0.82838,1.69,2.07
2014.04.11 03:56:01.714,0.82831,0.82838,1.00,2.44
2014.04.11 03:56:04.167,0.8283,0.82838,1.69,2.82
2014.04.11 03:56:05.263,0.82831,0.82837,1.00,1.25
2014.04.11 03:56:05.838,0.8283,0.82837,1.69,1.25
2014.04.11 03:56:06.360,0.82831,0.82837,1.00,1.69
2014.04.11 03:56:12.898,0.82831,0.82837,1.00,1.25
2014.04.11 03:56:14.155,0.8283,0.82838,1.69,2.82
2014.04.11 03:56:14.662,0.82831,0.82838,1.00,3.57
2014.04.11 03:56:15.343,0.82831,0.82837,1.00,1.19
2014.04.11 03:56:18.342,0.82831,0.82838,1.00,2.07
2014.04.11 03:56:19.779,0.8283,0.82838,1.69,2.07
2014.04.11 03:56:23.383,0.8283,0.82838,1.69,2.82
2014.04.11 03:56:24.059,0.8283,0.82838,1.69,2.82
2014.04.11 03:56:25.051,0.8283,0.82837,1.50,2.07
2014.04.11 03:56:30.072,0.8283,0.82838,1.25,2.07
2014.04.11 03:56:33.085,0.8283,0.82837,1.00,1.19
2014.04.11 03:56:33.466,0.82832,0.82837,1.00,1.19
2014.04.11 03:56:33.669,0.8283,0.82837,1.50,1.19
2014.04.11 03:56:44.147,0.8283,0.82836,1.00,1.19
2014.04.11 03:56:45.150,0.8283,0.82837,1.00,1.19
2014.04.11 03:56:58.929,0.8283,0.82838,1.69,1.32
2014.04.11 03:56:59.440,0.82832,0.82838,1.00,1.32
2014.04.11 03:57:00.041,0.82832,0.82838,1.00,1.32
2014.04.11 03:57:00.865,0.8283,0.82838,1.25,2.07
2014.04.11 03:57:02.422,0.8283,0.82837,1.00,1.19
2014.04.11 03:57:05.428,0.8283,0.82838,1.25,2.82
2014.04.11 03:57:21.516,0.8283,0.82837,1.00,1.19
2014.04.11 03:57:22.537,0.8283,0.82838,1.25,2.07
2014.04.11 03:57:23.517,0.8283,0.82838,1.69,1.25
2014.04.11 03:57:25.341,0.82832,0.82838,1.19,1.00
2014.04.11 03:57:25.494,0.82832,0.8284,1.69,1.25
2014.04.11 03:57:25.797,0.82835,0.82841,1.00,1.69
2014.04.11 03:57:27.556,0.82835,0.82841,1.00,1.25
2014.04.11 03:57:28.876,0.82833,0.8284,1.19,1.00
2014.04.11 03:57:29.543,0.82833,0.8284,1.25,1.25
2014.04.11 03:57:34.968,0.82833,0.8284,1.19,1.00
2014.04.11 03:57:36.310,0.82832,0.8284,2.07,1.25
2014.04.11 03:57:40.068,0.82833,0.8284,1.19,1.00
2014.04.11 03:57:49.704,0.82832,0.8284,1.32,1.00
2014.04.11 03:57:49.862,0.82833,0.8284,1.19,1.00
2014.04.11 03:57:50.496,0.82834,0.82841,1.25,1.25
2014.04.11 03:57:55.357,0.82837,0.82842,1.00,1.69
2014.04.11 03:57:55.812,0.82834,0.82842,1.69,1.69
2014.04.11 03:57:56.619,0.82834,0.82842,2.44,1.25
2014.04.11 03:57:57.711,0.82834,0.82842,1.69,1.69
2014.04.11 03:58:00.899,0.82834,0.82841,1.50,1.19
2014.04.11 03:58:01.955,0.82834,0.8284,1.00,1.19
2014.04.11 03:58:09.059,0.82834,0.82841,1.00,2.07
2014.04.11 03:58:09.876,0.82832,0.82841,2.44,2.82
2014.04.11 03:58:10.997,0.82832,0.8284,1.69,1.19
2014.04.11 03:58:14.004,0.82832,0.82841,2.44,2.82
2014.04.11 03:59:00.097,0.82832,0.8284,1.69,1.19
2014.04.11 03:59:02.111,0.82832,0.82841,1.69,2.44
2014.04.11 03:59:05.105,0.82834,0.82841,1.00,1.69
2014.04.11 03:59:05.906,0.82834,0.82841,1.25,1.25
2014.04.11 03:59:15.215,0.82834,0.82841,1.00,1.69
2014.04.11 03:59:17.221,0.82834,0.82841,1.25,1.25
2014.04.11 03:59:18.256,0.82834,0.82841,1.00,1.69
2014.04.11 03:59:19.264,0.82834,0.82841,1.25,1.25
2014.04.11 03:59:20.244,0.82834,0.82841,1.00,1.69
2014.04.11 03:59:22.244,0.82834,0.82841,1.25,1.25
2014.04.11 03:59:28.243,0.82834,0.82841,1.00,1.19
2014.04.11 03:59:31.263,0.82834,0.82842,1.25,1.69
2014.04.11 03:59:40.083,0.82837,0.82842,1.00,1.69
2014.04.11 03:59:40.671,0.82837,0.82843,1.00,2.44
2014.04.11 03:59:43.294,0.82837,0.82842,1.00,1.19
2014.04.11 03:59:45.902,0.82835,0.82842,1.00,1.32
2014.04.11 03:59:46.830,0.82835,0.82843,1.25,2.82
2014.04.11 03:59:47.858,0.82835,0.82842,1.00,1.19
2014.04.11 03:59:48.934,0.82835,0.82843,1.25,2.82
2014.04.11 03:59:49.957,0.82835,0.82842,1.00,1.19
2014.04.11 03:59:51.940,0.82835,0.82843,1.25,2.82
2014.04.11 03:59:53.088,0.82835,0.82841,1.00,1.19
2014.04.11 03:59:56.102,0.82835,0.82842,1.00,2.07
2014.04.11 03:59:57.098,0.82835,0.82841,1.00,1.32
