2018.05.07 10:00:01.175,0.88159,0.88167,1.50,1.12
2018.05.07 10:00:01.366,0.88161,0.88171,4.12,1.20
2018.05.07 10:00:01.420,0.88166,0.88173,1.50,1.10
2018.05.07 10:00:01.576,0.88168,0.88177,2.25,2.25
2018.05.07 10:00:02.124,0.88169,0.88178,1.87,1.50
2018.05.07 10:00:02.489,0.88167,0.88176,3.00,1.50
2018.05.07 10:00:02.818,0.88169,0.88177,1.50,1.00
2018.05.07 10:00:03.340,0.88168,0.88177,2.25,3.00
2018.05.07 10:00:03.887,0.88168,0.88176,1.50,1.00
2018.05.07 10:00:04.205,0.88163,0.88169,1.00,1.00
2018.05.07 10:00:04.726,0.88162,0.8817,2.25,1.37
2018.05.07 10:00:05.080,0.88162,0.88171,1.00,1.00
2018.05.07 10:00:05.582,0.88163,0.88171,1.12,1.50
2018.05.07 10:00:06.484,0.88162,0.8817,2.62,1.00
2018.05.07 10:00:07.052,0.88161,0.8817,1.50,1.00
2018.05.07 10:00:07.582,0.88162,0.8817,1.50,1.00
2018.05.07 10:00:08.131,0.88161,0.88169,1.50,1.00
2018.05.07 10:00:08.925,0.88162,0.88169,1.20,1.00
2018.05.07 10:00:09.031,0.88163,0.88171,1.10,1.50
2018.05.07 10:00:09.564,0.88162,0.8817,3.82,1.00
2018.05.07 10:00:09.622,0.88164,0.88172,1.50,1.50
2018.05.07 10:00:10.148,0.88164,0.88171,1.10,1.00
2018.05.07 10:00:10.656,0.88165,0.88171,1.20,1.00
2018.05.07 10:00:11.166,0.88164,0.88171,1.10,1.00
2018.05.07 10:00:11.712,0.88164,0.88174,2.70,2.25
2018.05.07 10:00:11.765,0.88166,0.88174,1.20,1.00
2018.05.07 10:00:12.087,0.88164,0.88173,1.20,2.25
2018.05.07 10:00:12.618,0.88163,0.88171,1.57,1.50
2018.05.07 10:00:13.154,0.88163,0.88172,1.20,1.00
2018.05.07 10:00:13.801,0.88162,0.88171,4.20,1.00
2018.05.07 10:00:14.610,0.88163,0.88172,1.95,1.50
2018.05.07 10:00:14.878,0.88164,0.88174,1.20,1.50
2018.05.07 10:00:15.291,0.88167,0.88175,1.00,1.87
2018.05.07 10:00:15.447,0.88167,0.88177,3.07,1.00
2018.05.07 10:00:15.667,0.88169,0.88177,1.20,1.50
2018.05.07 10:00:15.821,0.88171,0.8818,1.87,2.62
2018.05.07 10:00:16.080,0.88173,0.88181,2.25,1.00
2018.05.07 10:00:16.235,0.88174,0.88183,3.07,1.12
2018.05.07 10:00:16.287,0.88176,0.88183,1.50,1.12
2018.05.07 10:00:16.660,0.88174,0.88182,2.32,1.00
2018.05.07 10:00:17.227,0.88174,0.8818,1.20,1.00
2018.05.07 10:00:17.330,0.8817,0.88178,1.95,1.00
2018.05.07 10:00:17.382,0.88169,0.88178,3.45,1.00
2018.05.07 10:00:17.925,0.8817,0.88178,1.95,1.50
2018.05.07 10:00:18.361,0.88171,0.8818,2.62,1.50
2018.05.07 10:00:18.675,0.88172,0.88182,6.07,1.12
2018.05.07 10:00:18.831,0.88175,0.88183,1.00,1.50
2018.05.07 10:00:19.904,0.88174,0.88182,1.20,1.00
2018.05.07 10:00:20.007,0.88173,0.88182,2.32,1.00
2018.05.07 10:00:20.166,0.88172,0.8818,3.37,1.00
2018.05.07 10:00:22.790,0.88172,0.88182,6.37,1.87
2018.05.07 10:00:22.843,0.88172,0.88181,1.12,1.12
2018.05.07 10:00:23.026,0.88174,0.88183,1.00,1.20
2018.05.07 10:00:23.560,0.88173,0.88182,3.37,1.00
2018.05.07 10:00:23.947,0.88176,0.88184,1.50,1.37
2018.05.07 10:00:24.474,0.88175,0.88184,1.12,1.37
2018.05.07 10:00:24.629,0.88176,0.88185,1.87,1.12
2018.05.07 10:00:29.933,0.88177,0.88185,1.00,1.00
2018.05.07 10:00:30.711,0.88177,0.88184,1.00,1.00
2018.05.07 10:00:31.631,0.88177,0.88185,1.00,1.00
2018.05.07 10:00:31.935,0.88176,0.88183,1.00,1.00
2018.05.07 10:00:32.472,0.88175,0.88183,1.00,1.00
2018.05.07 10:00:33.443,0.88173,0.88181,1.00,2.25
2018.05.07 10:00:36.305,0.88173,0.88182,2.25,3.37
2018.05.07 10:00:38.438,0.88173,0.88181,2.25,1.00
2018.05.07 10:00:38.727,0.88174,0.88183,1.10,1.12
2018.05.07 10:00:38.831,0.88173,0.88179,1.95,1.00
2018.05.07 10:00:39.201,0.88174,0.88182,1.95,1.00
2018.05.07 10:00:39.253,0.88172,0.8818,3.45,1.00
2018.05.07 10:00:39.804,0.88172,0.88181,1.57,1.37
2018.05.07 10:00:40.399,0.88173,0.88182,1.37,1.00
2018.05.07 10:00:40.918,0.88174,0.88184,2.25,1.47
2018.05.07 10:00:41.378,0.88175,0.88184,4.87,1.47
2018.05.07 10:00:41.431,0.88176,0.88185,3.19,1.00
2018.05.07 10:00:41.795,0.88176,0.88182,1.50,1.00
2018.05.07 10:00:42.343,0.88174,0.88182,3.75,1.00
2018.05.07 10:00:42.888,0.88175,0.88183,1.87,1.12
2018.05.07 10:00:43.112,0.88173,0.88182,1.12,1.00
2018.05.07 10:00:43.381,0.88175,0.88183,1.12,1.12
2018.05.07 10:00:43.641,0.88175,0.88185,2.62,1.00
2018.05.07 10:00:44.070,0.88178,0.88187,1.00,1.50
2018.05.07 10:00:44.394,0.88172,0.88181,1.87,1.00
2018.05.07 10:00:44.758,0.8817,0.88177,1.00,3.00
2018.05.07 10:00:45.106,0.88166,0.88172,1.00,4.69
2018.05.07 10:00:45.209,0.88161,0.8817,3.37,1.00
2018.05.07 10:00:45.261,0.8816,0.8817,1.00,3.00
2018.05.07 10:00:45.365,0.8816,0.88168,1.00,3.07
2018.05.07 10:00:45.417,0.88158,0.88168,1.12,3.07
2018.05.07 10:00:45.946,0.88158,0.88167,1.12,1.57
2018.05.07 10:00:47.374,0.88158,0.88168,1.12,4.20
2018.05.07 10:00:47.810,0.88161,0.88169,1.00,1.00
2018.05.07 10:00:47.915,0.88161,0.88171,1.00,4.95
2018.05.07 10:00:48.625,0.8816,0.88168,1.87,1.00
2018.05.07 10:00:48.889,0.88165,0.88175,1.00,4.20
2018.05.07 10:00:48.941,0.88167,0.88174,1.00,1.87
2018.05.07 10:00:49.444,0.88166,0.88173,1.00,1.50
2018.05.07 10:00:49.566,0.88163,0.88173,1.12,3.07
2018.05.07 10:00:50.512,0.88164,0.88173,1.50,2.32
2018.05.07 10:00:51.041,0.88165,0.88173,1.00,3.82
2018.05.07 10:00:51.742,0.88164,0.88173,1.00,3.82
2018.05.07 10:00:52.306,0.88163,0.88173,1.12,4.20
2018.05.07 10:00:53.005,0.88163,0.88172,1.12,1.00
2018.05.07 10:00:53.215,0.88162,0.8817,1.00,5.25
2018.05.07 10:00:53.550,0.88153,0.88162,1.12,2.25
2018.05.07 10:00:54.794,0.88154,0.88162,1.12,1.00
2018.05.07 10:00:54.898,0.88155,0.88165,3.00,2.25
2018.05.07 10:00:54.951,0.88158,0.88165,1.00,1.50
2018.05.07 10:00:55.460,0.88158,0.88166,1.00,3.07
2018.05.07 10:00:57.462,0.88158,0.88168,1.50,1.57
2018.05.07 10:00:57.763,0.8816,0.88168,1.00,1.00
2018.05.07 10:00:58.297,0.88158,0.88167,1.87,1.50
2018.05.07 10:00:58.457,0.8816,0.88169,2.25,1.95
2018.05.07 10:00:58.510,0.8816,0.8817,2.62,2.62
2018.05.07 10:00:58.657,0.88162,0.88169,1.00,1.00
2018.05.07 10:00:59.192,0.88162,0.8817,1.00,1.00
2018.05.07 10:01:00.609,0.88162,0.88169,1.50,1.00
2018.05.07 10:01:00.753,0.88162,0.88171,1.50,3.07
2018.05.07 10:01:01.174,0.88161,0.88169,1.12,2.25
2018.05.07 10:01:01.279,0.88157,0.88166,1.12,1.00
2018.05.07 10:01:02.165,0.88157,0.88167,1.50,1.50
2018.05.07 10:01:02.221,0.8816,0.88167,1.12,1.00
2018.05.07 10:01:02.273,0.8816,0.88169,1.50,1.00
2018.05.07 10:01:02.480,0.88164,0.88171,1.50,1.00
2018.05.07 10:01:02.890,0.88162,0.88171,1.87,1.00
2018.05.07 10:01:03.401,0.88162,0.8817,1.87,2.25
2018.05.07 10:01:04.992,0.8816,0.88169,2.25,1.50
2018.05.07 10:01:05.044,0.88159,0.88168,1.12,1.50
2018.05.07 10:01:05.572,0.88158,0.88168,3.00,3.82
2018.05.07 10:01:06.064,0.8816,0.88169,1.50,1.87
2018.05.07 10:01:07.635,0.8816,0.88168,1.50,1.50
2018.05.07 10:01:08.236,0.88159,0.88169,2.25,1.50
2018.05.07 10:01:11.214,0.88159,0.88168,1.12,1.50
2018.05.07 10:01:11.474,0.88156,0.88166,1.57,3.00
2018.05.07 10:01:11.580,0.88158,0.88166,1.87,1.00
2018.05.07 10:01:12.086,0.88157,0.88166,1.12,2.25
2018.05.07 10:01:12.898,0.88159,0.88167,1.50,2.25
2018.05.07 10:01:13.207,0.88162,0.88171,3.00,1.00
2018.05.07 10:01:13.464,0.88165,0.88173,1.50,2.32
2018.05.07 10:01:14.003,0.88163,0.88172,3.00,1.10
2018.05.07 10:01:14.110,0.88162,0.88171,3.00,1.00
2018.05.07 10:01:15.217,0.88161,0.88171,2.62,3.00
2018.05.07 10:01:15.745,0.88161,0.8817,1.00,2.25
2018.05.07 10:01:16.292,0.8816,0.88168,1.50,1.00
2018.05.07 10:01:16.396,0.88158,0.88166,1.87,1.00
2018.05.07 10:01:16.501,0.88155,0.88164,1.00,1.50
2018.05.07 10:01:19.236,0.88153,0.88162,1.50,2.25
2018.05.07 10:01:19.550,0.88153,0.8816,1.00,1.50
2018.05.07 10:01:21.760,0.88152,0.8816,3.00,1.00
2018.05.07 10:01:24.650,0.88152,0.88161,2.25,1.50
2018.05.07 10:01:26.234,0.88153,0.88161,1.50,1.50
2018.05.07 10:01:26.380,0.88153,0.88163,3.00,3.82
2018.05.07 10:01:26.641,0.88157,0.88165,1.50,1.87
2018.05.07 10:01:26.962,0.88154,0.88162,1.50,1.00
2018.05.07 10:01:27.491,0.88151,0.88161,3.37,1.00
2018.05.07 10:01:27.700,0.88149,0.88159,3.82,4.50
2018.05.07 10:01:27.754,0.88149,0.88157,2.62,1.00
2018.05.07 10:01:27.807,0.88147,0.88156,1.95,1.00
2018.05.07 10:01:28.017,0.88145,0.88153,1.87,2.25
2018.05.07 10:01:28.355,0.88142,0.88148,1.00,1.00
2018.05.07 10:01:28.408,0.8814,0.88149,2.25,1.00
2018.05.07 10:01:30.622,0.8814,0.8815,3.00,2.25
2018.05.07 10:01:30.727,0.88144,0.88151,1.50,1.12
2018.05.07 10:01:30.901,0.88145,0.88154,1.87,3.37
2018.05.07 10:01:32.875,0.88145,0.88155,3.75,4.12
2018.05.07 10:01:33.321,0.88147,0.88153,1.50,1.00
2018.05.07 10:01:33.373,0.88145,0.88153,2.62,1.00
2018.05.07 10:01:35.981,0.88146,0.88154,1.00,1.00
2018.05.07 10:01:37.082,0.88146,0.88155,1.00,2.62
2018.05.07 10:01:37.712,0.88148,0.88155,2.62,1.00
2018.05.07 10:01:37.871,0.88148,0.88157,1.00,1.50
2018.05.07 10:01:38.387,0.88147,0.88156,1.50,1.50
2018.05.07 10:01:39.041,0.88147,0.88156,2.25,1.87
2018.05.07 10:01:39.668,0.88147,0.88155,1.00,1.50
2018.05.07 10:01:40.811,0.88146,0.88155,3.00,1.50
2018.05.07 10:01:43.749,0.88149,0.88156,2.25,1.00
2018.05.07 10:01:43.906,0.88151,0.8816,1.00,1.87
2018.05.07 10:01:44.685,0.88151,0.88159,1.00,1.50
2018.05.07 10:01:44.893,0.88152,0.88161,1.00,1.57
2018.05.07 10:01:45.742,0.88151,0.88161,1.50,2.25
2018.05.07 10:01:46.665,0.88152,0.88161,1.00,1.57
2018.05.07 10:01:48.938,0.88152,0.8816,1.00,1.00
2018.05.07 10:01:49.650,0.88152,0.88161,1.00,2.32
2018.05.07 10:01:51.216,0.88152,0.8816,1.00,1.00
2018.05.07 10:01:51.792,0.88152,0.88159,1.00,1.00
2018.05.07 10:01:52.296,0.88152,0.8816,1.00,1.00
2018.05.07 10:01:53.133,0.88151,0.8816,1.50,1.00
2018.05.07 10:01:53.947,0.88151,0.88161,1.50,3.07
2018.05.07 10:01:57.772,0.88148,0.88157,1.95,1.50
2018.05.07 10:01:58.289,0.88147,0.88156,3.00,1.50
2018.05.07 10:02:00.992,0.88146,0.88154,4.87,1.50
2018.05.07 10:02:01.796,0.88146,0.88156,1.87,2.25
2018.05.07 10:02:02.495,0.88148,0.88156,1.00,1.50
2018.05.07 10:02:03.084,0.88148,0.88157,1.00,1.87
2018.05.07 10:02:04.663,0.88149,0.88158,1.20,1.12
2018.05.07 10:02:04.715,0.88151,0.88159,1.00,3.75
2018.05.07 10:02:05.063,0.88152,0.8816,1.00,3.00
2018.05.07 10:02:05.898,0.8815,0.88159,1.50,1.50
2018.05.07 10:02:06.400,0.88149,0.88158,3.07,1.50
2018.05.07 10:02:06.909,0.88149,0.88159,2.32,2.62
2018.05.07 10:02:08.444,0.8815,0.88159,1.50,2.25
2018.05.07 10:02:08.881,0.88148,0.88154,3.75,1.50
2018.05.07 10:02:08.933,0.88148,0.88156,1.50,1.50
2018.05.07 10:02:09.599,0.88148,0.88155,1.00,2.25
2018.05.07 10:02:13.060,0.88148,0.88153,1.12,1.50
2018.05.07 10:02:13.581,0.88146,0.88154,1.50,1.50
2018.05.07 10:02:14.070,0.88148,0.88156,1.00,2.25
2018.05.07 10:02:14.227,0.88151,0.88158,1.50,1.50
2018.05.07 10:02:14.484,0.88152,0.8816,1.00,1.50
2018.05.07 10:02:15.024,0.88152,0.88161,1.50,2.62
2018.05.07 10:02:15.729,0.88153,0.88161,1.50,2.25
2018.05.07 10:02:15.781,0.88154,0.88164,1.00,5.70
2018.05.07 10:02:15.885,0.88157,0.88166,1.69,3.07
2018.05.07 10:02:16.235,0.88159,0.88168,1.50,3.37
2018.05.07 10:02:17.197,0.88159,0.88168,3.75,1.87
2018.05.07 10:02:18.167,0.88159,0.88167,3.00,2.25
2018.05.07 10:02:18.683,0.88158,0.88165,1.00,1.50
2018.05.07 10:02:19.219,0.88157,0.88165,1.00,1.50
2018.05.07 10:02:19.927,0.88156,0.88165,4.50,1.50
2018.05.07 10:02:22.734,0.88156,0.88164,1.00,1.50
2018.05.07 10:02:23.584,0.88156,0.88163,1.00,1.50
2018.05.07 10:02:24.128,0.88155,0.88163,3.00,1.50
2018.05.07 10:02:25.340,0.88156,0.88163,1.00,1.50
2018.05.07 10:02:25.445,0.88156,0.88165,3.75,1.87
2018.05.07 10:02:25.498,0.88158,0.88165,1.00,1.50
2018.05.07 10:02:25.550,0.88158,0.88167,1.00,2.25
2018.05.07 10:02:26.059,0.88159,0.88168,1.50,2.62
2018.05.07 10:02:27.259,0.8816,0.88168,1.00,3.37
2018.05.07 10:02:28.764,0.88161,0.88169,1.00,2.62
2018.05.07 10:02:29.232,0.8816,0.88166,1.00,1.50
2018.05.07 10:02:29.439,0.88158,0.88166,1.50,1.50
2018.05.07 10:02:29.880,0.88157,0.88164,2.25,1.50
2018.05.07 10:02:30.041,0.88157,0.88166,2.25,1.50
2018.05.07 10:02:30.986,0.88157,0.88165,3.00,1.50
2018.05.07 10:02:31.503,0.88157,0.88166,3.00,1.50
2018.05.07 10:02:31.703,0.88157,0.88164,3.00,1.50
2018.05.07 10:02:32.252,0.88157,0.88166,3.00,1.50
2018.05.07 10:02:32.768,0.88157,0.88165,1.00,1.50
2018.05.07 10:02:33.662,0.88156,0.88165,3.37,1.87
2018.05.07 10:02:38.544,0.88156,0.88164,2.25,1.50
2018.05.07 10:02:40.697,0.88156,0.88163,1.50,1.50
2018.05.07 10:02:40.748,0.88156,0.88165,3.00,1.50
2018.05.07 10:02:40.800,0.88158,0.88166,1.00,2.62
2018.05.07 10:02:41.585,0.88157,0.88166,1.50,1.87
2018.05.07 10:02:42.760,0.88157,0.88165,1.50,1.50
2018.05.07 10:02:43.172,0.88159,0.88166,1.00,1.50
2018.05.07 10:02:43.704,0.88158,0.88167,2.25,1.50
2018.05.07 10:02:44.015,0.88161,0.88169,1.00,1.50
2018.05.07 10:02:44.655,0.88161,0.8817,1.00,2.25
2018.05.07 10:02:45.187,0.88162,0.88171,1.50,1.57
2018.05.07 10:02:45.960,0.88161,0.88171,3.00,3.07
2018.05.07 10:02:46.533,0.88161,0.8817,3.37,1.00
2018.05.07 10:02:46.839,0.8816,0.88168,1.50,1.50
2018.05.07 10:02:48.881,0.88159,0.88168,2.62,1.50
2018.05.07 10:02:49.195,0.88158,0.88166,1.50,1.00
2018.05.07 10:02:49.723,0.88158,0.88167,1.00,1.57
2018.05.07 10:02:50.228,0.88156,0.88164,3.07,1.50
2018.05.07 10:02:50.540,0.88157,0.88166,1.00,1.50
2018.05.07 10:02:51.070,0.88156,0.88165,3.00,1.50
2018.05.07 10:02:51.910,0.88156,0.88166,2.25,3.75
2018.05.07 10:02:52.154,0.88158,0.88166,1.00,1.50
2018.05.07 10:02:55.972,0.88158,0.88167,1.69,2.25
2018.05.07 10:02:56.304,0.88162,0.8817,1.00,1.50
2018.05.07 10:02:56.831,0.88161,0.88169,1.87,1.50
2018.05.07 10:02:57.387,0.88161,0.8817,1.87,1.50
2018.05.07 10:02:57.921,0.88162,0.88169,1.00,1.50
2018.05.07 10:02:58.759,0.88162,0.88168,1.00,1.50
2018.05.07 10:02:59.365,0.88162,0.88169,1.00,1.50
2018.05.07 10:02:59.991,0.88162,0.88167,1.00,1.50
2018.05.07 10:03:00.094,0.88159,0.88167,1.50,1.50
2018.05.07 10:03:00.953,0.8816,0.88168,1.00,1.50
2018.05.07 10:03:01.629,0.88159,0.88165,1.00,1.50
2018.05.07 10:03:01.682,0.88157,0.88164,1.10,2.25
2018.05.07 10:03:02.197,0.88156,0.88163,1.12,1.50
2018.05.07 10:03:02.718,0.88155,0.88164,4.20,1.50
2018.05.07 10:03:03.251,0.88155,0.88164,1.95,1.50
2018.05.07 10:03:04.808,0.88155,0.88163,1.50,1.50
2018.05.07 10:03:08.870,0.88157,0.88165,1.00,2.25
2018.05.07 10:03:09.420,0.88157,0.88164,1.12,1.50
2018.05.07 10:03:09.954,0.88156,0.88166,3.00,1.87
2018.05.07 10:03:10.493,0.88156,0.88165,3.75,1.50
2018.05.07 10:03:11.188,0.88156,0.88164,2.25,1.50
2018.05.07 10:03:12.707,0.88156,0.88164,1.00,1.50
2018.05.07 10:03:12.759,0.88156,0.88166,2.25,1.87
2018.05.07 10:03:13.304,0.88157,0.88166,2.25,1.50
2018.05.07 10:03:16.664,0.88156,0.88165,3.75,1.50
2018.05.07 10:03:17.183,0.88157,0.88164,1.50,1.50
2018.05.07 10:03:20.617,0.88157,0.88165,1.00,2.25
2018.05.07 10:03:20.668,0.88157,0.88163,1.00,1.50
2018.05.07 10:03:21.939,0.88158,0.88166,1.00,3.00
2018.05.07 10:03:22.134,0.88157,0.88164,1.00,1.50
2018.05.07 10:03:22.390,0.88155,0.88166,4.87,2.25
2018.05.07 10:03:22.895,0.88157,0.88167,1.00,3.37
2018.05.07 10:03:23.416,0.88158,0.88166,1.50,1.50
2018.05.07 10:03:24.017,0.88158,0.88168,3.75,2.70
2018.05.07 10:03:24.525,0.88159,0.88168,1.00,1.87
2018.05.07 10:03:24.839,0.88158,0.88166,1.50,3.00
2018.05.07 10:03:25.089,0.88155,0.88164,2.25,1.50
2018.05.07 10:03:25.141,0.88157,0.88166,1.00,2.62
2018.05.07 10:03:26.575,0.88157,0.88164,1.00,1.50
2018.05.07 10:03:26.999,0.88155,0.88161,1.50,1.50
2018.05.07 10:03:27.501,0.88154,0.88162,1.87,1.50
2018.05.07 10:03:30.238,0.88154,0.88161,1.00,1.50
2018.05.07 10:03:30.753,0.88153,0.88161,1.50,1.50
2018.05.07 10:03:32.061,0.88151,0.8816,1.57,1.50
2018.05.07 10:03:32.363,0.88152,0.88162,3.37,1.95
2018.05.07 10:03:33.862,0.88154,0.88164,1.00,3.75
2018.05.07 10:03:34.236,0.88154,0.88164,1.50,3.37
2018.05.07 10:03:34.855,0.88154,0.88163,3.00,1.50
2018.05.07 10:03:35.723,0.88154,0.88164,5.25,1.00
2018.05.07 10:03:35.827,0.88156,0.88165,1.12,1.50
2018.05.07 10:03:36.136,0.88155,0.88163,1.50,1.50
2018.05.07 10:03:37.035,0.88155,0.88164,1.00,1.50
2018.05.07 10:03:37.568,0.88154,0.88163,2.62,1.50
2018.05.07 10:03:38.172,0.88154,0.88162,1.50,2.25
2018.05.07 10:03:38.821,0.88153,0.88161,1.00,1.50
2018.05.07 10:03:39.330,0.88152,0.8816,1.50,1.50
2018.05.07 10:03:39.514,0.88153,0.88162,1.25,1.57
2018.05.07 10:03:40.751,0.88155,0.88163,1.12,1.50
2018.05.07 10:03:41.056,0.88157,0.88164,1.00,1.50
2018.05.07 10:03:41.567,0.88157,0.88165,1.50,1.50
2018.05.07 10:03:42.077,0.88158,0.88165,1.00,1.50
2018.05.07 10:03:42.463,0.88159,0.88167,1.50,1.87
2018.05.07 10:03:42.673,0.8816,0.88169,1.87,1.87
2018.05.07 10:03:43.178,0.88161,0.88169,1.00,1.50
2018.05.07 10:03:48.695,0.88161,0.88168,1.00,1.50
2018.05.07 10:03:49.244,0.8816,0.88168,2.25,2.25
2018.05.07 10:03:49.745,0.8816,0.88167,2.25,1.00
2018.05.07 10:03:50.293,0.8816,0.88168,1.87,2.25
2018.05.07 10:03:51.354,0.8816,0.88167,1.87,1.50
2018.05.07 10:03:51.407,0.8816,0.88165,1.00,1.50
2018.05.07 10:03:51.564,0.88156,0.88163,1.87,1.50
2018.05.07 10:03:52.110,0.88154,0.88162,3.75,1.50
2018.05.07 10:03:52.617,0.88156,0.88164,1.00,1.00
2018.05.07 10:03:53.148,0.88156,0.88165,1.00,2.25
2018.05.07 10:03:56.662,0.88156,0.88166,1.31,3.45
2018.05.07 10:03:56.868,0.88158,0.88165,1.00,1.50
2018.05.07 10:03:57.025,0.88157,0.88167,1.12,1.50
2018.05.07 10:03:57.541,0.88157,0.88166,1.12,1.50
2018.05.07 10:04:00.757,0.88156,0.88165,4.12,1.50
2018.05.07 10:04:00.967,0.88159,0.88167,1.00,1.47
2018.05.07 10:04:01.075,0.88159,0.88168,1.12,1.50
2018.05.07 10:04:01.689,0.88159,0.88169,1.12,3.07
2018.05.07 10:04:02.150,0.88161,0.88169,1.00,1.87
2018.05.07 10:04:02.662,0.88161,0.8817,1.00,1.50
2018.05.07 10:04:04.760,0.8816,0.8817,3.82,1.50
2018.05.07 10:04:05.177,0.8816,0.88168,1.50,1.00
2018.05.07 10:04:05.724,0.8816,0.88169,1.50,2.25
2018.05.07 10:04:06.396,0.8816,0.88168,1.50,1.50
2018.05.07 10:04:08.532,0.8816,0.88167,1.00,1.00
2018.05.07 10:04:09.653,0.8816,0.88168,1.00,2.25
2018.05.07 10:04:10.812,0.8816,0.88167,1.00,1.00
2018.05.07 10:04:12.577,0.88158,0.88166,1.00,1.50
2018.05.07 10:04:13.121,0.88157,0.88166,1.12,1.50
2018.05.07 10:04:13.670,0.88156,0.88165,2.25,1.50
2018.05.07 10:04:19.301,0.88156,0.88166,1.12,1.50
2018.05.07 10:04:19.859,0.88157,0.88166,1.50,1.50
2018.05.07 10:04:21.164,0.88156,0.88166,2.25,1.50
2018.05.07 10:04:26.990,0.88157,0.88167,1.50,4.57
2018.05.07 10:04:27.545,0.88157,0.88167,1.87,4.20
2018.05.07 10:04:28.051,0.88161,0.88168,1.50,1.00
2018.05.07 10:04:28.104,0.88161,0.8817,2.25,1.00
2018.05.07 10:04:28.208,0.88161,0.88172,2.81,4.57
2018.05.07 10:04:28.872,0.88162,0.88172,1.50,3.82
2018.05.07 10:04:30.258,0.88162,0.88171,1.50,1.00
2018.05.07 10:04:30.845,0.88162,0.88172,1.50,3.00
2018.05.07 10:04:31.827,0.88162,0.88171,1.87,1.00
2018.05.07 10:04:32.393,0.88162,0.8817,1.50,1.50
2018.05.07 10:04:32.943,0.88161,0.88169,2.25,2.25
2018.05.07 10:04:34.155,0.88161,0.88171,2.25,2.62
2018.05.07 10:04:35.222,0.88161,0.88171,3.37,1.50
2018.05.07 10:04:36.164,0.88163,0.88171,1.50,3.00
2018.05.07 10:04:41.435,0.88163,0.8817,1.50,1.00
2018.05.07 10:04:42.154,0.88163,0.88171,1.50,3.00
2018.05.07 10:04:52.116,0.88161,0.8817,1.00,1.50
2018.05.07 10:04:53.288,0.8816,0.88168,2.25,1.50
2018.05.07 10:04:56.655,0.8816,0.88169,1.00,2.62
2018.05.07 10:04:57.341,0.88161,0.88169,1.50,1.87
2018.05.07 10:04:59.517,0.88159,0.88169,3.37,1.12
2018.05.07 10:05:00.956,0.88161,0.88169,1.50,1.50
2018.05.07 10:05:01.448,0.88162,0.88171,2.25,1.95
2018.05.07 10:05:01.980,0.88163,0.8817,1.50,1.00
2018.05.07 10:05:02.496,0.88162,0.88171,3.00,1.00
2018.05.07 10:05:08.346,0.88163,0.88171,1.50,2.25
2018.05.07 10:05:12.836,0.88162,0.88171,3.00,2.62
2018.05.07 10:05:15.342,0.88162,0.8817,1.00,2.62
2018.05.07 10:05:15.503,0.8816,0.8817,2.62,3.00
2018.05.07 10:05:16.458,0.8816,0.8817,2.25,3.07
2018.05.07 10:05:21.743,0.88159,0.88168,1.12,2.25
2018.05.07 10:05:23.701,0.88159,0.88168,1.00,2.70
2018.05.07 10:05:24.707,0.88159,0.88168,1.00,2.32
2018.05.07 10:05:26.107,0.88158,0.88168,1.50,3.45
2018.05.07 10:05:26.159,0.88157,0.88165,3.37,1.50
2018.05.07 10:05:27.134,0.88157,0.88168,2.62,4.57
2018.05.07 10:05:27.272,0.88159,0.88168,1.50,1.00
2018.05.07 10:05:32.143,0.8816,0.8817,2.25,4.69
2018.05.07 10:05:32.298,0.88163,0.88171,1.50,1.20
2018.05.07 10:05:32.625,0.88165,0.88172,1.50,1.50
2018.05.07 10:05:33.034,0.88162,0.88172,3.19,1.50
2018.05.07 10:05:33.362,0.88161,0.8817,2.25,1.50
2018.05.07 10:05:35.282,0.88161,0.88169,1.87,1.00
2018.05.07 10:05:36.448,0.88161,0.8817,1.87,1.50
2018.05.07 10:05:46.155,0.88159,0.88168,3.75,2.62
2018.05.07 10:05:46.679,0.88159,0.88169,3.75,1.87
2018.05.07 10:05:46.982,0.8816,0.88167,1.87,1.50
2018.05.07 10:05:47.636,0.88159,0.88168,2.32,1.50
2018.05.07 10:05:51.850,0.88159,0.88168,2.32,2.25
2018.05.07 10:05:55.643,0.88159,0.88168,2.14,2.25
2018.05.07 10:06:00.253,0.8816,0.88169,1.50,1.57
2018.05.07 10:06:00.758,0.8816,0.8817,3.37,2.25
2018.05.07 10:06:02.796,0.8816,0.88168,3.37,1.50
2018.05.07 10:06:03.355,0.8816,0.88169,1.12,1.87
2018.05.07 10:06:04.012,0.88162,0.88169,1.50,1.87
2018.05.07 10:06:04.065,0.88161,0.88171,1.50,2.25
2018.05.07 10:06:04.724,0.88162,0.88171,1.50,1.87
2018.05.07 10:06:06.165,0.88161,0.88171,3.64,1.50
2018.05.07 10:06:13.338,0.88161,0.8817,3.00,1.50
2018.05.07 10:06:13.655,0.88159,0.88168,2.62,1.50
2018.05.07 10:06:14.187,0.88158,0.88168,4.57,1.50
2018.05.07 10:06:14.691,0.88159,0.88168,1.50,2.25
2018.05.07 10:06:20.315,0.88158,0.88165,1.00,1.50
2018.05.07 10:06:20.834,0.88157,0.88165,1.50,1.50
2018.05.07 10:06:22.727,0.88158,0.88167,1.50,3.00
2018.05.07 10:06:23.258,0.88157,0.88166,1.87,1.50
2018.05.07 10:06:24.316,0.88156,0.88166,3.94,1.50
2018.05.07 10:06:24.846,0.88156,0.88167,3.94,2.32
2018.05.07 10:06:25.001,0.88158,0.88166,1.50,1.50
2018.05.07 10:06:25.263,0.88156,0.88167,3.00,1.57
2018.05.07 10:06:25.317,0.88157,0.88165,1.50,1.50
2018.05.07 10:06:25.615,0.88156,0.88167,2.62,1.95
2018.05.07 10:06:28.753,0.88159,0.88168,1.50,4.57
2018.05.07 10:06:28.805,0.88157,0.88167,1.50,1.57
2018.05.07 10:06:31.730,0.88156,0.88165,1.12,1.50
2018.05.07 10:06:33.351,0.88155,0.88163,1.87,1.50
2018.05.07 10:06:34.131,0.88153,0.88163,3.37,1.10
2018.05.07 10:06:36.423,0.88152,0.88163,3.75,2.32
2018.05.07 10:06:38.088,0.88153,0.88163,1.00,3.45
2018.05.07 10:06:39.293,0.88152,0.88163,3.75,2.32
2018.05.07 10:06:42.858,0.88153,0.88163,1.00,3.07
2018.05.07 10:06:43.415,0.88152,0.88163,3.37,2.32
2018.05.07 10:06:44.115,0.88151,0.8816,1.47,1.50
2018.05.07 10:06:46.573,0.88151,0.8816,3.75,1.50
2018.05.07 10:06:47.180,0.88151,0.88161,2.25,2.25
2018.05.07 10:06:47.792,0.88151,0.88161,4.12,2.62
2018.05.07 10:06:48.630,0.88151,0.88161,3.37,2.62
2018.05.07 10:06:49.206,0.88152,0.88161,2.25,1.12
2018.05.07 10:06:49.744,0.88151,0.8816,2.62,1.50
2018.05.07 10:06:50.057,0.88153,0.88162,1.50,1.57
2018.05.07 10:06:50.637,0.88154,0.88163,1.00,1.57
2018.05.07 10:06:51.331,0.88154,0.88162,1.00,1.57
2018.05.07 10:06:52.042,0.88154,0.88163,1.00,1.95
2018.05.07 10:06:54.127,0.88154,0.88163,1.00,1.57
2018.05.07 10:06:54.607,0.88152,0.88162,1.87,2.25
2018.05.07 10:06:55.646,0.88151,0.88162,3.75,2.32
2018.05.07 10:06:56.244,0.88152,0.88162,1.00,2.32
2018.05.07 10:06:56.879,0.88151,0.88162,3.75,2.32
2018.05.07 10:06:59.608,0.88152,0.88162,1.50,2.32
2018.05.07 10:07:01.073,0.88153,0.88161,1.50,1.50
2018.05.07 10:07:01.739,0.88153,0.88162,1.50,1.10
2018.05.07 10:07:02.343,0.88152,0.88162,2.25,1.95
2018.05.07 10:07:03.120,0.88151,0.88161,5.25,1.00
2018.05.07 10:07:03.654,0.88151,0.88162,2.25,4.20
2018.05.07 10:07:04.165,0.88151,0.88162,2.25,3.82
2018.05.07 10:07:06.143,0.88151,0.88161,3.75,1.00
2018.05.07 10:07:06.737,0.88151,0.88162,2.25,3.82
2018.05.07 10:07:08.580,0.88153,0.88162,1.50,1.10
2018.05.07 10:07:08.909,0.88156,0.88165,1.50,1.20
2018.05.07 10:07:09.219,0.88158,0.88165,1.50,1.00
2018.05.07 10:07:09.726,0.88158,0.88166,1.50,2.70
2018.05.07 10:07:13.462,0.88156,0.88163,1.00,1.50
2018.05.07 10:07:13.516,0.88154,0.88163,3.07,1.50
2018.05.07 10:07:13.621,0.88156,0.88165,1.50,1.57
2018.05.07 10:07:13.922,0.88158,0.88167,1.50,2.62
2018.05.07 10:07:14.442,0.88157,0.88166,2.25,1.00
2018.05.07 10:07:15.089,0.88157,0.88165,1.50,1.00
2018.05.07 10:07:15.611,0.88157,0.88164,1.50,1.00
2018.05.07 10:07:16.138,0.88157,0.88165,1.50,1.00
2018.05.07 10:07:16.972,0.88157,0.88163,1.50,1.00
2018.05.07 10:07:19.177,0.88157,0.88165,1.50,1.00
2018.05.07 10:07:20.778,0.88158,0.88165,1.50,1.00
2018.05.07 10:07:20.830,0.8816,0.88165,1.50,1.00
2018.05.07 10:07:21.063,0.8816,0.88168,2.25,1.00
2018.05.07 10:07:21.593,0.8816,0.88169,2.25,1.12
2018.05.07 10:07:22.186,0.8816,0.88168,2.25,1.50
2018.05.07 10:07:26.923,0.8816,0.88168,2.62,1.00
2018.05.07 10:07:27.685,0.8816,0.88168,1.50,1.00
2018.05.07 10:07:28.309,0.8816,0.88167,1.50,1.00
2018.05.07 10:07:28.974,0.8816,0.88168,1.50,1.00
2018.05.07 10:07:29.635,0.8816,0.88167,1.50,1.00
2018.05.07 10:07:31.777,0.88159,0.88167,2.62,1.00
2018.05.07 10:07:34.215,0.88158,0.88166,1.87,1.00
2018.05.07 10:07:34.269,0.88155,0.88164,1.07,1.50
2018.05.07 10:07:34.321,0.88154,0.88163,1.10,2.25
2018.05.07 10:07:34.426,0.88152,0.88162,1.87,3.37
2018.05.07 10:07:34.581,0.88152,0.8816,1.87,1.00
2018.05.07 10:07:41.865,0.88154,0.8816,1.50,1.00
2018.05.07 10:07:44.942,0.88155,0.8816,2.25,1.00
2018.05.07 10:07:45.098,0.88155,0.88163,2.25,1.00
2018.05.07 10:07:45.684,0.88154,0.88162,1.87,1.00
2018.05.07 10:07:45.831,0.88156,0.88162,1.50,1.00
2018.05.07 10:07:45.943,0.88157,0.88164,1.50,1.00
2018.05.07 10:07:46.484,0.88153,0.88161,1.12,1.00
2018.05.07 10:07:46.536,0.88151,0.8816,3.37,2.25
2018.05.07 10:07:47.043,0.8815,0.88159,1.50,1.00
2018.05.07 10:07:48.680,0.8815,0.88157,2.25,1.00
2018.05.07 10:07:56.829,0.88151,0.88157,1.10,1.00
2018.05.07 10:07:56.984,0.8815,0.88159,2.70,1.00
2018.05.07 10:07:58.504,0.8815,0.88159,3.07,1.00
2018.05.07 10:07:59.108,0.88152,0.88159,1.50,1.00
2018.05.07 10:08:03.334,0.88151,0.88159,1.50,1.00
2018.05.07 10:08:08.066,0.88151,0.8816,3.45,1.50
2018.05.07 10:08:08.118,0.88153,0.8816,1.50,2.25
2018.05.07 10:08:08.677,0.88153,0.88159,1.10,1.50
2018.05.07 10:08:10.176,0.88151,0.88159,1.20,1.50
2018.05.07 10:08:10.715,0.88151,0.88158,1.20,1.00
2018.05.07 10:08:19.533,0.88151,0.88157,1.20,1.00
2018.05.07 10:08:20.055,0.88149,0.88156,3.07,1.50
2018.05.07 10:08:20.646,0.88149,0.88156,2.70,1.50
2018.05.07 10:08:23.290,0.88149,0.88157,2.70,1.00
2018.05.07 10:08:23.830,0.88149,0.88158,2.70,4.50
2018.05.07 10:08:26.405,0.88149,0.88157,3.45,1.00
2018.05.07 10:08:26.921,0.88149,0.88158,2.70,3.75
2018.05.07 10:08:27.450,0.88149,0.88157,1.20,1.50
2018.05.07 10:08:28.884,0.88149,0.88156,1.20,1.50
2018.05.07 10:08:29.214,0.88151,0.88158,1.50,1.50
2018.05.07 10:08:29.684,0.88149,0.88157,1.57,2.25
2018.05.07 10:08:30.276,0.8815,0.88157,1.10,2.25
2018.05.07 10:08:30.766,0.88152,0.8816,1.50,1.87
2018.05.07 10:08:31.280,0.88152,0.88161,2.70,4.12
2018.05.07 10:08:32.431,0.88152,0.88156,1.20,2.25
2018.05.07 10:08:32.534,0.8815,0.88154,1.00,1.50
2018.05.07 10:08:32.689,0.88149,0.88156,1.20,1.12
2018.05.07 10:08:32.795,0.88151,0.88157,1.20,3.75
2018.05.07 10:08:33.312,0.88151,0.88158,1.20,1.00
2018.05.07 10:08:33.836,0.88151,0.88159,1.20,3.00
2018.05.07 10:08:34.368,0.88151,0.88158,1.20,1.00
2018.05.07 10:08:34.870,0.88151,0.88159,1.20,2.25
2018.05.07 10:08:36.050,0.88151,0.88158,1.20,1.00
2018.05.07 10:08:37.062,0.88151,0.88159,1.20,2.25
2018.05.07 10:08:38.053,0.88151,0.88158,1.95,1.00
2018.05.07 10:08:38.613,0.88151,0.88159,1.20,1.00
2018.05.07 10:08:40.069,0.88151,0.88158,1.95,1.00
2018.05.07 10:08:40.924,0.88151,0.88159,1.20,1.00
2018.05.07 10:08:43.846,0.88151,0.8816,1.20,3.00
2018.05.07 10:08:46.271,0.88151,0.88159,1.20,1.00
2018.05.07 10:08:47.952,0.88151,0.88158,1.20,1.00
2018.05.07 10:08:48.514,0.88151,0.88159,1.20,2.25
2018.05.07 10:08:50.099,0.88151,0.88158,1.95,1.00
2018.05.07 10:08:52.761,0.88151,0.88159,1.20,1.50
2018.05.07 10:08:58.193,0.88152,0.8816,1.50,1.00
2018.05.07 10:08:58.909,0.88152,0.88161,2.70,3.00
2018.05.07 10:08:59.419,0.88152,0.8816,2.70,1.00
2018.05.07 10:09:06.386,0.88151,0.88158,3.07,1.50
2018.05.07 10:09:06.888,0.8815,0.88157,1.10,1.50
2018.05.07 10:09:09.635,0.88149,0.88157,2.70,1.50
2018.05.07 10:09:10.279,0.88149,0.88156,1.20,1.50
2018.05.07 10:09:11.906,0.88149,0.88157,1.20,1.50
2018.05.07 10:09:12.601,0.88151,0.88158,1.10,3.00
2018.05.07 10:09:13.117,0.88152,0.88159,1.10,3.37
2018.05.07 10:09:13.661,0.88152,0.88158,1.10,1.00
2018.05.07 10:09:14.014,0.8815,0.88159,1.20,2.62
2018.05.07 10:09:14.117,0.88152,0.88159,1.10,2.62
2018.05.07 10:09:15.794,0.8815,0.88158,1.10,3.75
2018.05.07 10:09:15.846,0.8815,0.88156,1.10,1.00
2018.05.07 10:09:16.312,0.88149,0.88158,3.07,2.25
2018.05.07 10:09:21.881,0.88149,0.88157,1.20,1.50
2018.05.07 10:09:22.678,0.88149,0.88158,2.70,3.75
2018.05.07 10:09:26.686,0.88149,0.88156,1.57,1.50
2018.05.07 10:09:27.659,0.88149,0.88155,1.20,1.00
2018.05.07 10:09:28.170,0.88149,0.88156,1.20,2.25
2018.05.07 10:09:28.380,0.88149,0.88158,1.20,2.25
2018.05.07 10:09:30.391,0.88149,0.88157,1.20,1.50
2018.05.07 10:09:34.474,0.88149,0.88156,1.20,1.50
2018.05.07 10:09:35.005,0.88148,0.88156,1.57,1.00
2018.05.07 10:09:36.282,0.8815,0.88157,1.50,1.12
2018.05.07 10:09:36.819,0.88149,0.88156,1.20,1.00
2018.05.07 10:09:37.788,0.88148,0.88156,1.20,1.50
2018.05.07 10:09:43.308,0.88148,0.88155,1.20,1.00
2018.05.07 10:09:50.283,0.88147,0.88154,1.20,1.50
2018.05.07 10:09:50.991,0.88148,0.88155,1.20,2.25
2018.05.07 10:09:51.550,0.88148,0.88154,1.20,1.00
2018.05.07 10:09:56.542,0.88148,0.88153,1.20,1.50
2018.05.07 10:09:58.930,0.88148,0.88154,1.20,2.25
2018.05.07 10:09:59.289,0.88148,0.88152,1.20,1.50
2018.05.07 10:09:59.811,0.88148,0.88153,1.20,1.50
2018.05.07 10:10:00.353,0.88148,0.88152,1.20,1.50
2018.05.07 10:10:00.925,0.88148,0.88153,1.20,1.50
2018.05.07 10:10:01.799,0.88148,0.88154,1.20,1.50
2018.05.07 10:10:02.323,0.88148,0.88155,1.20,1.00
2018.05.07 10:10:02.848,0.88148,0.88154,1.20,3.00
2018.05.07 10:10:03.115,0.88147,0.88154,1.20,2.25
2018.05.07 10:10:03.666,0.88147,0.88154,1.20,2.25
2018.05.07 10:10:03.886,0.88147,0.88156,3.07,1.12
2018.05.07 10:10:04.932,0.88147,0.88155,1.57,1.50
2018.05.07 10:10:05.488,0.88147,0.88155,1.20,1.00
2018.05.07 10:10:06.129,0.88147,0.88154,1.20,1.50
2018.05.07 10:10:06.677,0.88147,0.88155,1.20,2.25
2018.05.07 10:10:08.578,0.88147,0.88155,1.20,2.25
2018.05.07 10:10:08.632,0.88147,0.88153,1.20,1.00
2018.05.07 10:10:09.037,0.88147,0.88155,1.10,1.00
2018.05.07 10:10:09.196,0.88147,0.88153,1.10,1.00
2018.05.07 10:10:09.402,0.88147,0.88155,1.10,2.25
2018.05.07 10:10:09.927,0.88147,0.88154,1.10,1.00
2018.05.07 10:10:10.030,0.88145,0.88154,3.00,1.00
2018.05.07 10:10:12.618,0.88145,0.88154,3.37,1.00
2018.05.07 10:10:15.628,0.88145,0.88154,3.00,1.00
2018.05.07 10:10:17.935,0.88146,0.88154,1.50,1.12
2018.05.07 10:10:18.090,0.88145,0.88152,1.87,1.00
2018.05.07 10:10:18.829,0.88142,0.88151,1.95,1.00
2018.05.07 10:10:19.348,0.88142,0.8815,1.00,1.00
2018.05.07 10:10:23.650,0.88142,0.88149,1.00,1.00
2018.05.07 10:10:24.450,0.88142,0.8815,1.00,1.50
2018.05.07 10:10:25.964,0.88142,0.88149,1.00,1.00
2018.05.07 10:10:26.489,0.88142,0.8815,1.00,1.50
2018.05.07 10:10:27.019,0.88142,0.88149,1.00,1.00
2018.05.07 10:10:27.493,0.88143,0.88151,2.25,1.00
2018.05.07 10:10:27.563,0.88145,0.88151,1.00,1.00
2018.05.07 10:10:27.869,0.88145,0.88153,1.00,1.00
2018.05.07 10:10:28.333,0.88147,0.88153,1.50,1.00
2018.05.07 10:10:28.636,0.88144,0.88152,3.00,1.00
2018.05.07 10:10:29.000,0.88144,0.88154,3.00,3.37
2018.05.07 10:10:29.361,0.88144,0.88152,1.50,1.00
2018.05.07 10:10:29.941,0.88144,0.88153,1.50,1.00
2018.05.07 10:10:32.418,0.88144,0.88153,3.75,1.00
2018.05.07 10:10:33.067,0.88145,0.88154,3.75,1.00
2018.05.07 10:10:34.442,0.88144,0.88154,3.00,2.25
2018.05.07 10:10:35.046,0.88145,0.88153,1.87,1.00
2018.05.07 10:10:35.307,0.88148,0.88156,1.12,1.00
2018.05.07 10:10:37.999,0.88146,0.88155,1.87,1.00
2018.05.07 10:10:38.517,0.88145,0.88154,2.25,2.25
2018.05.07 10:10:39.177,0.88145,0.88153,1.12,1.00
2018.05.07 10:10:40.381,0.88144,0.88152,1.50,1.00
2018.05.07 10:10:40.991,0.88143,0.88151,2.62,2.25
2018.05.07 10:10:41.045,0.88147,0.88151,1.00,1.00
2018.05.07 10:10:41.097,0.88147,0.88155,1.00,1.00
2018.05.07 10:10:41.609,0.88147,0.88154,1.00,1.00
2018.05.07 10:10:42.133,0.88147,0.88155,1.00,1.00
2018.05.07 10:10:42.999,0.88147,0.88154,1.00,1.00
2018.05.07 10:10:47.842,0.88146,0.88154,1.20,1.50
2018.05.07 10:10:48.361,0.88146,0.88155,1.20,1.50
2018.05.07 10:10:50.430,0.88146,0.88155,1.20,1.50
2018.05.07 10:10:50.964,0.88146,0.88154,1.57,2.25
2018.05.07 10:10:59.940,0.88147,0.88154,1.20,1.00
2018.05.07 10:11:03.079,0.88147,0.88154,1.95,1.00
2018.05.07 10:11:06.157,0.88149,0.88156,1.20,1.00
2018.05.07 10:11:06.891,0.88148,0.88157,4.76,2.25
2018.05.07 10:11:08.310,0.8815,0.88157,1.20,2.25
2018.05.07 10:11:10.581,0.88149,0.88156,1.20,1.00
2018.05.07 10:11:10.863,0.8815,0.88158,1.20,2.25
2018.05.07 10:11:11.404,0.8815,0.88158,1.57,2.25
2018.05.07 10:11:12.498,0.88152,0.88159,1.20,1.00
2018.05.07 10:11:12.960,0.88151,0.88161,4.57,1.12
2018.05.07 10:11:13.807,0.88153,0.88161,1.20,1.00
2018.05.07 10:11:19.043,0.88153,0.88161,1.20,2.25
2018.05.07 10:11:19.148,0.88152,0.88161,3.07,1.00
2018.05.07 10:11:22.196,0.88153,0.88161,1.10,1.50
2018.05.07 10:11:27.758,0.88151,0.8816,1.57,2.62
2018.05.07 10:11:27.913,0.88151,0.88158,1.20,1.50
2018.05.07 10:11:28.219,0.88149,0.88157,1.20,3.00
2018.05.07 10:11:28.761,0.88148,0.88156,1.57,1.00
2018.05.07 10:11:34.561,0.88148,0.88156,1.57,3.00
2018.05.07 10:11:34.775,0.8815,0.88156,1.20,1.00
2018.05.07 10:11:35.366,0.8815,0.88157,1.20,3.37
2018.05.07 10:11:43.117,0.8815,0.88158,2.70,1.00
2018.05.07 10:11:44.119,0.88151,0.88158,1.50,2.25
2018.05.07 10:11:45.731,0.88153,0.88159,1.10,1.00
2018.05.07 10:11:46.257,0.88152,0.8816,3.45,1.00
2018.05.07 10:11:48.486,0.88153,0.8816,1.20,1.00
2018.05.07 10:11:48.858,0.88156,0.88163,1.20,1.00
2018.05.07 10:11:49.713,0.88156,0.88162,1.20,1.50
2018.05.07 10:11:50.239,0.88156,0.88163,1.10,3.75
2018.05.07 10:11:50.741,0.88155,0.88162,1.20,1.00
2018.05.07 10:11:51.325,0.88156,0.88162,1.20,1.00
2018.05.07 10:11:51.949,0.88156,0.88163,1.10,1.00
2018.05.07 10:11:52.516,0.88155,0.88163,3.45,1.00
2018.05.07 10:11:58.364,0.88154,0.88163,3.45,1.00
2018.05.07 10:11:58.894,0.88155,0.88162,1.10,1.00
2018.05.07 10:11:59.890,0.88155,0.88163,1.10,3.00
2018.05.07 10:12:00.596,0.88155,0.88162,1.10,1.50
2018.05.07 10:12:01.142,0.88154,0.88161,1.20,2.25
2018.05.07 10:12:03.715,0.88153,0.88161,1.20,2.25
2018.05.07 10:12:04.218,0.88152,0.88159,1.57,1.00
2018.05.07 10:12:10.390,0.88153,0.8816,1.20,1.50
2018.05.07 10:12:11.148,0.88154,0.8816,1.20,1.50
2018.05.07 10:12:11.690,0.88154,0.88162,1.20,2.25
2018.05.07 10:12:15.305,0.88154,0.88161,1.20,1.50
2018.05.07 10:12:16.193,0.88155,0.88161,1.20,2.25
2018.05.07 10:12:16.707,0.88154,0.88161,1.20,2.25
2018.05.07 10:12:17.647,0.88154,0.88162,1.10,2.25
2018.05.07 10:12:24.293,0.88154,0.88162,1.20,2.25
2018.05.07 10:12:24.396,0.88154,0.8816,1.20,1.00
2018.05.07 10:12:27.845,0.88153,0.88159,1.20,1.50
2018.05.07 10:12:27.898,0.88151,0.88159,1.10,2.25
2018.05.07 10:12:30.132,0.88152,0.88159,1.57,1.00
2018.05.07 10:12:30.954,0.88152,0.8816,2.70,1.50
2018.05.07 10:12:31.603,0.88152,0.8816,3.07,1.00
2018.05.07 10:12:32.146,0.88152,0.8816,3.07,1.00
2018.05.07 10:12:32.936,0.88152,0.88161,2.70,1.00
2018.05.07 10:12:36.015,0.88152,0.88159,1.20,2.25
2018.05.07 10:12:36.537,0.8815,0.88158,1.95,1.50
2018.05.07 10:12:37.278,0.8815,0.88158,1.95,1.50
2018.05.07 10:12:38.285,0.8815,0.88158,1.95,1.50
2018.05.07 10:12:39.774,0.88151,0.8816,1.57,1.12
2018.05.07 10:12:45.318,0.88149,0.88158,3.75,1.50
2018.05.07 10:12:45.853,0.8815,0.88158,1.12,1.00
2018.05.07 10:12:46.380,0.8815,0.8816,1.12,2.62
2018.05.07 10:12:46.892,0.88151,0.8816,1.12,1.00
2018.05.07 10:12:47.422,0.88152,0.8816,1.00,1.00
2018.05.07 10:12:49.444,0.88153,0.8816,1.50,1.00
2018.05.07 10:12:49.629,0.88151,0.88161,3.37,3.00
2018.05.07 10:12:50.140,0.88151,0.8816,2.62,1.00
2018.05.07 10:12:51.114,0.88152,0.8816,1.50,2.25
2018.05.07 10:12:51.921,0.88153,0.8816,1.50,1.00
2018.05.07 10:12:52.086,0.88151,0.88159,2.62,1.50
2018.05.07 10:12:53.169,0.8815,0.88159,1.00,1.00
2018.05.07 10:12:54.210,0.88149,0.88159,6.45,1.00
2018.05.07 10:12:54.734,0.88151,0.8816,2.62,1.50
2018.05.07 10:12:55.242,0.88152,0.8816,1.87,2.25
2018.05.07 10:12:58.005,0.88151,0.8816,1.00,3.00
2018.05.07 10:12:58.531,0.88151,0.88159,1.00,1.00
2018.05.07 10:13:14.672,0.88151,0.8816,2.25,2.25
2018.05.07 10:13:23.349,0.8815,0.88158,3.75,1.00
2018.05.07 10:13:23.878,0.88151,0.88159,3.37,1.50
2018.05.07 10:13:24.529,0.88152,0.88159,1.00,1.50
2018.05.07 10:13:25.075,0.88151,0.88159,3.37,1.50
2018.05.07 10:13:25.609,0.88152,0.8816,1.50,1.00
2018.05.07 10:13:27.010,0.88151,0.8816,1.50,1.00
2018.05.07 10:13:28.808,0.88151,0.88159,1.50,1.50
2018.05.07 10:13:29.332,0.88151,0.8816,1.87,1.50
2018.05.07 10:13:32.681,0.88151,0.88161,6.00,1.50
2018.05.07 10:13:33.854,0.88151,0.88159,1.95,1.50
2018.05.07 10:13:34.168,0.88151,0.88161,3.45,2.25
2018.05.07 10:13:34.621,0.88152,0.88159,1.12,1.50
2018.05.07 10:13:35.159,0.88151,0.8816,3.75,2.25
2018.05.07 10:13:38.850,0.88151,0.8816,2.25,2.25
2018.05.07 10:13:39.372,0.8815,0.88159,2.25,2.25
2018.05.07 10:13:39.877,0.88151,0.8816,1.50,2.25
2018.05.07 10:13:42.807,0.88151,0.88159,1.00,1.50
2018.05.07 10:13:45.173,0.8815,0.88158,1.37,1.50
2018.05.07 10:13:45.709,0.88149,0.88157,3.07,1.50
2018.05.07 10:13:46.221,0.88149,0.88158,3.00,3.00
2018.05.07 10:13:47.101,0.88149,0.88158,3.82,1.50
2018.05.07 10:13:47.631,0.8815,0.88158,2.25,1.50
2018.05.07 10:13:48.143,0.88149,0.88158,3.00,1.50
2018.05.07 10:13:49.260,0.88149,0.88157,3.75,1.50
2018.05.07 10:13:49.596,0.88143,0.88152,1.10,2.62
2018.05.07 10:13:49.650,0.8814,0.88148,2.25,1.50
2018.05.07 10:13:49.756,0.88137,0.88146,2.25,2.25
2018.05.07 10:13:49.915,0.88136,0.88144,1.00,1.00
2018.05.07 10:13:51.893,0.88136,0.88145,1.87,1.00
2018.05.07 10:13:52.050,0.88134,0.88144,2.32,1.00
2018.05.07 10:13:52.221,0.88132,0.88142,2.89,2.25
2018.05.07 10:13:52.637,0.88135,0.88143,1.50,1.00
2018.05.07 10:13:53.148,0.88133,0.88142,3.82,1.00
2018.05.07 10:13:53.921,0.88133,0.88142,3.45,1.00
2018.05.07 10:13:54.528,0.88134,0.88142,1.50,1.00
2018.05.07 10:13:55.029,0.88135,0.88142,1.00,1.00
2018.05.07 10:14:00.660,0.88135,0.88145,4.31,1.00
2018.05.07 10:14:01.162,0.88135,0.88145,3.64,1.00
2018.05.07 10:14:03.765,0.88139,0.88144,1.50,1.00
2018.05.07 10:14:03.819,0.88135,0.88146,5.32,3.75
2018.05.07 10:14:04.286,0.88135,0.88144,5.32,1.50
2018.05.07 10:14:05.781,0.88135,0.88144,6.07,1.50
2018.05.07 10:14:08.798,0.88135,0.88143,1.00,1.00
2018.05.07 10:14:09.701,0.88137,0.88143,1.50,1.00
2018.05.07 10:14:09.754,0.88135,0.88143,2.25,1.00
2018.05.07 10:14:09.963,0.88138,0.88143,1.50,1.00
2018.05.07 10:14:10.563,0.88137,0.88148,3.00,3.07
2018.05.07 10:14:10.669,0.88137,0.88146,3.07,1.00
2018.05.07 10:14:12.364,0.88137,0.88146,1.87,1.00
2018.05.07 10:14:12.882,0.88137,0.88145,1.87,1.00
2018.05.07 10:14:13.191,0.88138,0.88147,1.10,2.62
2018.05.07 10:14:13.703,0.88137,0.88146,4.12,1.00
2018.05.07 10:14:14.332,0.88138,0.88146,1.12,1.00
2018.05.07 10:14:14.912,0.88138,0.88146,4.12,1.00
2018.05.07 10:14:15.171,0.88137,0.88147,1.95,1.87
2018.05.07 10:14:15.510,0.88136,0.88145,2.62,1.00
2018.05.07 10:14:15.868,0.88137,0.88146,2.70,1.50
2018.05.07 10:14:16.393,0.88137,0.88145,1.12,1.00
2018.05.07 10:14:18.166,0.88135,0.88144,4.95,1.00
2018.05.07 10:14:19.279,0.88135,0.88144,1.50,1.50
2018.05.07 10:14:21.400,0.88136,0.88144,2.62,1.00
2018.05.07 10:14:21.763,0.88136,0.88146,1.20,1.00
2018.05.07 10:14:22.348,0.88135,0.88145,3.82,1.00
2018.05.07 10:14:22.892,0.88135,0.88144,3.75,1.00
2018.05.07 10:14:24.453,0.88135,0.88144,3.00,1.00
2018.05.07 10:14:26.459,0.88135,0.88144,3.00,1.00
2018.05.07 10:14:26.990,0.88136,0.88144,2.62,1.00
2018.05.07 10:14:29.097,0.88137,0.88145,2.25,1.00
2018.05.07 10:14:29.151,0.88139,0.88145,1.50,1.00
2018.05.07 10:14:29.309,0.88139,0.88147,1.50,1.00
2018.05.07 10:14:29.855,0.88139,0.88148,2.25,1.00
2018.05.07 10:14:32.380,0.88139,0.88147,1.50,1.00
2018.05.07 10:14:34.362,0.88139,0.88148,1.50,1.00
2018.05.07 10:14:34.878,0.88139,0.88147,1.50,1.00
2018.05.07 10:14:36.188,0.8814,0.88148,1.50,1.50
2018.05.07 10:14:36.624,0.88138,0.88146,1.50,1.00
2018.05.07 10:14:37.395,0.88137,0.88145,2.25,1.00
2018.05.07 10:14:40.665,0.88137,0.88145,4.57,1.00
2018.05.07 10:14:41.187,0.88139,0.88146,1.20,2.25
2018.05.07 10:14:41.704,0.8814,0.88146,1.10,2.25
2018.05.07 10:14:43.467,0.88139,0.88146,1.10,1.50
2018.05.07 10:14:44.002,0.88139,0.88147,2.70,1.00
2018.05.07 10:14:44.524,0.88141,0.88148,2.70,1.00
2018.05.07 10:14:45.899,0.88141,0.88149,1.57,1.00
2018.05.07 10:14:50.193,0.8814,0.88149,1.20,3.00
2018.05.07 10:14:50.713,0.8814,0.88148,1.20,1.00
2018.05.07 10:14:51.375,0.88141,0.88148,1.20,1.00
2018.05.07 10:14:52.277,0.8814,0.88148,1.10,1.50
2018.05.07 10:14:52.840,0.88139,0.88147,1.20,1.00
2018.05.07 10:14:53.385,0.88139,0.88147,1.20,1.00
2018.05.07 10:14:57.913,0.8814,0.88147,1.50,1.00
2018.05.07 10:14:58.277,0.88138,0.88147,3.00,1.00
2018.05.07 10:14:58.825,0.88139,0.88147,1.50,1.00
2018.05.07 10:14:59.469,0.88139,0.88146,1.50,1.00
2018.05.07 10:15:00.190,0.88138,0.88146,2.25,1.00
2018.05.07 10:15:00.741,0.88139,0.88146,1.50,1.00
2018.05.07 10:15:01.246,0.88138,0.88146,2.25,1.00
2018.05.07 10:15:01.790,0.88139,0.88146,1.50,1.00
2018.05.07 10:15:02.105,0.88137,0.88146,1.00,1.00
2018.05.07 10:15:02.311,0.88136,0.88144,1.50,1.00
2018.05.07 10:15:02.669,0.88138,0.88145,1.50,1.00
2018.05.07 10:15:09.730,0.88137,0.88145,1.87,1.00
2018.05.07 10:15:10.240,0.88136,0.88145,4.49,1.00
2018.05.07 10:15:16.580,0.88137,0.88145,1.00,1.00
2018.05.07 10:15:17.122,0.88136,0.88145,3.82,1.00
2018.05.07 10:15:18.267,0.88135,0.88144,4.57,1.00
2018.05.07 10:15:18.772,0.88137,0.88144,1.50,1.00
2018.05.07 10:15:19.300,0.88136,0.88144,1.95,1.00
2018.05.07 10:15:19.871,0.88135,0.88144,3.75,1.00
2018.05.07 10:15:20.389,0.88135,0.88144,3.00,1.00
2018.05.07 10:15:21.337,0.88135,0.88144,5.25,1.00
2018.05.07 10:15:24.542,0.88135,0.88144,3.37,1.00
2018.05.07 10:15:29.191,0.88135,0.88144,1.12,1.00
2018.05.07 10:15:34.099,0.88136,0.88144,1.50,1.00
2018.05.07 10:15:37.297,0.88135,0.88144,2.25,1.00
2018.05.07 10:15:38.280,0.88136,0.88145,3.00,1.00
2018.05.07 10:15:39.305,0.88136,0.88145,3.37,1.00
2018.05.07 10:15:39.831,0.88135,0.88144,3.37,1.00
2018.05.07 10:15:40.347,0.88135,0.88144,3.00,1.00
2018.05.07 10:15:40.906,0.88136,0.88145,1.87,1.12
2018.05.07 10:15:49.042,0.88137,0.88145,1.87,1.00
2018.05.07 10:15:53.311,0.88138,0.88145,1.20,1.00
2018.05.07 10:15:53.715,0.8814,0.88146,1.10,1.00
2018.05.07 10:15:54.519,0.88138,0.88146,1.20,1.00
2018.05.07 10:15:54.955,0.8814,0.88146,1.20,1.00
2018.05.07 10:15:55.162,0.8814,0.88148,3.07,1.50
2018.05.07 10:15:56.223,0.88141,0.88148,1.10,1.00
2018.05.07 10:15:56.752,0.88141,0.88149,1.20,2.25
2018.05.07 10:15:59.981,0.88141,0.88148,2.70,1.00
2018.05.07 10:16:00.498,0.88141,0.8815,1.10,1.87
2018.05.07 10:16:01.031,0.88142,0.88149,1.20,2.25
2018.05.07 10:16:01.397,0.88143,0.88151,1.20,1.00
2018.05.07 10:16:01.906,0.88144,0.88151,1.20,1.00
2018.05.07 10:16:02.450,0.88145,0.88151,1.50,1.00
2018.05.07 10:16:02.608,0.88146,0.88154,1.10,1.00
2018.05.07 10:16:05.549,0.88146,0.88154,1.57,2.62
2018.05.07 10:16:05.600,0.88145,0.88154,1.20,1.50
2018.05.07 10:16:05.652,0.88145,0.88152,2.70,1.00
2018.05.07 10:16:05.704,0.88144,0.88151,1.57,1.00
2018.05.07 10:16:05.756,0.88144,0.88153,1.57,3.37
2018.05.07 10:16:05.809,0.88146,0.88152,1.10,3.75
2018.05.07 10:16:05.911,0.88144,0.88152,1.20,1.00
2018.05.07 10:16:06.488,0.88144,0.88151,1.10,1.00
2018.05.07 10:16:12.800,0.88145,0.88151,1.20,1.00
2018.05.07 10:16:13.317,0.88145,0.88152,1.20,1.00
2018.05.07 10:16:13.831,0.88145,0.88153,1.57,1.00
2018.05.07 10:16:18.653,0.88146,0.88153,1.10,1.00
2018.05.07 10:16:20.299,0.88145,0.88153,1.20,1.00
2018.05.07 10:16:26.894,0.88145,0.88152,1.20,1.00
2018.05.07 10:16:29.776,0.88143,0.88152,2.25,1.00
2018.05.07 10:16:30.400,0.88143,0.88151,2.25,1.00
2018.05.07 10:16:35.600,0.88144,0.88151,1.50,1.00
2018.05.07 10:16:41.200,0.88146,0.88151,1.00,1.00
2018.05.07 10:16:41.253,0.88147,0.88153,1.50,1.00
2018.05.07 10:16:41.410,0.8815,0.88154,1.50,1.00
2018.05.07 10:16:41.462,0.8815,0.88156,1.50,1.00
2018.05.07 10:16:44.040,0.88148,0.88156,1.50,1.00
2018.05.07 10:16:44.769,0.88148,0.88157,1.50,1.00
2018.05.07 10:16:45.314,0.88148,0.88156,1.50,3.00
2018.05.07 10:16:45.853,0.88148,0.88155,1.50,1.00
2018.05.07 10:16:46.778,0.88147,0.88155,1.50,1.00
2018.05.07 10:16:47.312,0.88148,0.88155,1.50,1.00
2018.05.07 10:16:47.979,0.88148,0.88156,1.50,2.25
2018.05.07 10:16:51.652,0.88146,0.88156,2.62,1.57
2018.05.07 10:16:51.756,0.88145,0.88154,1.00,1.50
2018.05.07 10:16:52.293,0.88144,0.88153,3.00,1.00
2018.05.07 10:16:55.137,0.88145,0.88155,1.87,3.00
2018.05.07 10:16:55.646,0.88145,0.88156,2.62,5.70
2018.05.07 10:16:57.573,0.88145,0.88155,1.87,1.50
2018.05.07 10:16:58.128,0.88145,0.88154,3.00,1.00
2018.05.07 10:16:58.666,0.88145,0.88155,1.50,2.25
2018.05.07 10:16:59.480,0.88146,0.88155,1.50,2.25
2018.05.07 10:17:00.082,0.88145,0.88154,1.87,2.62
2018.05.07 10:17:00.522,0.88147,0.88155,1.50,1.87
2018.05.07 10:17:00.729,0.88145,0.88154,4.87,2.25
2018.05.07 10:17:06.115,0.88145,0.88155,2.62,3.37
2018.05.07 10:17:08.071,0.88146,0.88154,1.50,1.50
2018.05.07 10:17:08.225,0.88145,0.88152,3.07,1.00
2018.05.07 10:17:08.276,0.88145,0.88154,4.50,1.50
2018.05.07 10:17:09.131,0.88145,0.88153,4.12,1.00
2018.05.07 10:17:09.748,0.88145,0.88154,2.62,1.50
2018.05.07 10:17:10.294,0.88145,0.88153,4.50,1.00
2018.05.07 10:17:10.906,0.88145,0.88154,3.07,1.50
2018.05.07 10:17:16.829,0.88147,0.88154,1.50,2.25
2018.05.07 10:17:18.231,0.88145,0.88154,3.37,2.25
2018.05.07 10:17:18.693,0.88147,0.88155,1.50,1.50
2018.05.07 10:17:19.153,0.88145,0.88155,2.25,3.00
2018.05.07 10:17:19.699,0.88146,0.88154,1.50,1.50
2018.05.07 10:17:20.930,0.88147,0.88154,1.50,1.50
2018.05.07 10:17:21.035,0.88145,0.88154,3.37,1.00
2018.05.07 10:17:21.194,0.88147,0.88154,1.50,1.00
2018.05.07 10:17:21.730,0.88146,0.88155,1.50,3.75
2018.05.07 10:17:22.529,0.88149,0.88155,1.50,1.00
2018.05.07 10:17:23.070,0.88149,0.88156,1.50,3.00
2018.05.07 10:17:26.634,0.88148,0.88156,1.50,1.00
2018.05.07 10:17:26.893,0.88145,0.88155,2.32,2.25
2018.05.07 10:17:26.997,0.88145,0.88153,5.25,1.00
2018.05.07 10:17:27.685,0.88145,0.88154,1.95,3.00
2018.05.07 10:17:28.212,0.88145,0.88153,1.57,2.25
2018.05.07 10:17:28.754,0.88146,0.88154,1.50,1.00
2018.05.07 10:17:30.207,0.88145,0.88154,2.32,1.00
2018.05.07 10:17:34.667,0.88146,0.88155,2.62,1.00
2018.05.07 10:17:35.202,0.88147,0.88154,1.50,1.00
2018.05.07 10:17:35.753,0.88148,0.88154,1.50,1.00
2018.05.07 10:17:36.046,0.88146,0.88154,1.95,1.00
2018.05.07 10:17:36.638,0.88147,0.88154,1.50,2.25
2018.05.07 10:17:37.325,0.88148,0.88155,1.50,1.50
2018.05.07 10:17:37.838,0.88147,0.88154,1.50,1.50
2018.05.07 10:17:38.471,0.88144,0.88154,7.95,2.25
2018.05.07 10:17:40.966,0.88145,0.88154,1.95,1.00
2018.05.07 10:17:42.120,0.88147,0.88154,1.50,2.25
2018.05.07 10:17:42.780,0.88146,0.88154,1.50,2.25
2018.05.07 10:17:43.453,0.88146,0.88155,1.50,4.50
2018.05.07 10:17:43.976,0.88146,0.88154,1.50,2.25
2018.05.07 10:17:44.667,0.88145,0.88154,1.87,1.00
2018.05.07 10:17:45.192,0.88146,0.88154,1.50,1.00
2018.05.07 10:17:45.865,0.88145,0.88154,2.25,1.00
2018.05.07 10:17:46.260,0.88147,0.88154,1.50,1.00
2018.05.07 10:17:46.804,0.88146,0.88154,1.50,1.50
2018.05.07 10:17:48.210,0.88145,0.88154,4.50,1.50
2018.05.07 10:17:48.789,0.88146,0.88154,1.50,2.25
2018.05.07 10:17:51.144,0.88145,0.88154,4.12,2.25
2018.05.07 10:17:51.683,0.88146,0.88154,1.50,1.00
2018.05.07 10:17:52.891,0.88145,0.88154,1.87,1.00
2018.05.07 10:17:53.405,0.88145,0.88155,1.87,3.75
2018.05.07 10:17:57.125,0.88145,0.88154,4.12,1.00
2018.05.07 10:17:57.694,0.88145,0.88155,1.87,5.25
2018.05.07 10:17:58.392,0.88146,0.88155,1.50,2.25
2018.05.07 10:17:58.705,0.88148,0.88155,1.50,1.00
2018.05.07 10:17:59.228,0.88148,0.88157,3.00,2.32
2018.05.07 10:17:59.779,0.88146,0.88155,2.25,1.00
2018.05.07 10:18:00.233,0.88145,0.88154,3.37,1.00
2018.05.07 10:18:00.802,0.88146,0.88154,1.50,1.00
2018.05.07 10:18:05.504,0.88146,0.88155,2.32,1.00
2018.05.07 10:18:05.557,0.88148,0.88156,1.50,3.37
2018.05.07 10:18:05.989,0.88147,0.88158,1.12,4.87
2018.05.07 10:18:06.536,0.88147,0.88157,2.62,2.25
2018.05.07 10:18:07.072,0.88146,0.88157,4.20,3.00
2018.05.07 10:18:07.585,0.88147,0.88157,1.50,1.50
2018.05.07 10:18:08.416,0.88147,0.88156,2.25,1.00
2018.05.07 10:18:08.921,0.88147,0.88157,1.50,1.50
2018.05.07 10:18:08.974,0.88146,0.88155,3.45,1.00
2018.05.07 10:18:13.279,0.88145,0.88155,1.20,3.37
2018.05.07 10:18:13.864,0.88145,0.88154,1.95,1.00
2018.05.07 10:18:14.498,0.88144,0.88155,3.00,3.75
2018.05.07 10:18:15.205,0.88146,0.88154,3.00,1.00
2018.05.07 10:18:15.716,0.88145,0.88154,1.50,1.50
2018.05.07 10:18:16.344,0.88144,0.88154,3.00,1.50
2018.05.07 10:18:17.253,0.88144,0.88153,2.62,1.50
2018.05.07 10:18:17.775,0.88145,0.88154,1.00,4.50
2018.05.07 10:18:18.338,0.88145,0.88153,1.00,1.00
2018.05.07 10:18:20.262,0.88145,0.88154,1.00,3.00
2018.05.07 10:18:20.761,0.88145,0.88152,1.00,1.00
2018.05.07 10:18:21.769,0.88145,0.88151,2.25,1.00
2018.05.07 10:18:22.403,0.88145,0.88152,1.00,1.50
2018.05.07 10:18:22.799,0.88144,0.88154,2.25,3.75
2018.05.07 10:18:23.515,0.88144,0.88153,2.25,1.00
2018.05.07 10:18:24.094,0.88145,0.88153,1.00,3.00
2018.05.07 10:18:24.198,0.88142,0.88152,1.87,4.50
2018.05.07 10:18:24.303,0.8814,0.88149,3.82,1.50
2018.05.07 10:18:24.604,0.88139,0.88148,1.00,1.00
2018.05.07 10:18:25.120,0.88139,0.88149,1.00,3.00
2018.05.07 10:18:26.394,0.88139,0.88148,2.25,1.00
2018.05.07 10:18:26.938,0.88139,0.88149,1.00,4.87
2018.05.07 10:18:27.389,0.88139,0.88148,2.70,1.50
2018.05.07 10:18:27.596,0.88141,0.8815,2.70,1.87
2018.05.07 10:18:28.605,0.88142,0.88151,1.10,2.25
2018.05.07 10:18:29.102,0.88141,0.88149,1.95,1.00
2018.05.07 10:18:29.363,0.88144,0.88152,1.50,1.50
2018.05.07 10:18:29.883,0.88143,0.88153,1.45,3.37
2018.05.07 10:18:30.040,0.88143,0.88153,1.00,3.37
2018.05.07 10:18:31.350,0.88143,0.88153,1.00,4.57
2018.05.07 10:18:32.498,0.88144,0.88153,1.50,5.32
2018.05.07 10:18:33.035,0.88143,0.88153,2.62,2.62
2018.05.07 10:18:33.358,0.88145,0.88154,1.50,5.32
2018.05.07 10:18:33.860,0.88145,0.88154,1.50,5.32
2018.05.07 10:18:33.963,0.88143,0.88154,3.37,5.32
2018.05.07 10:18:35.148,0.88144,0.88153,2.81,1.12
2018.05.07 10:18:35.512,0.88144,0.88151,1.87,1.00
2018.05.07 10:18:35.652,0.88144,0.88153,1.87,3.75
2018.05.07 10:18:36.500,0.88145,0.88152,1.50,1.00
2018.05.07 10:18:36.714,0.88146,0.88154,1.00,1.00
2018.05.07 10:18:37.125,0.88145,0.88156,3.07,4.20
2018.05.07 10:18:37.650,0.88146,0.88156,1.50,2.62
2018.05.07 10:18:38.157,0.88147,0.88156,1.50,4.87
2018.05.07 10:18:38.302,0.88145,0.88156,5.25,4.87
2018.05.07 10:18:38.867,0.88146,0.88155,1.50,1.87
2018.05.07 10:18:39.707,0.88145,0.88156,2.62,3.37
2018.05.07 10:18:41.110,0.88146,0.88156,1.50,1.87
2018.05.07 10:18:41.397,0.88145,0.88154,1.20,3.00
2018.05.07 10:18:42.253,0.88146,0.88154,1.50,1.00
2018.05.07 10:18:42.773,0.88144,0.88153,4.20,1.50
2018.05.07 10:18:44.771,0.88145,0.88153,1.00,2.25
2018.05.07 10:18:45.422,0.88144,0.88153,3.00,1.50
2018.05.07 10:18:47.541,0.88145,0.88153,1.50,3.00
2018.05.07 10:18:48.082,0.88144,0.88153,2.62,2.25
2018.05.07 10:18:48.830,0.88145,0.88153,1.50,1.50
2018.05.07 10:18:49.669,0.88144,0.88153,3.00,1.50
2018.05.07 10:18:51.518,0.88145,0.88154,1.00,1.37
2018.05.07 10:18:52.065,0.88145,0.88154,1.00,1.00
2018.05.07 10:18:53.499,0.88145,0.88153,2.25,1.00
2018.05.07 10:18:54.007,0.88145,0.88154,1.00,1.50
2018.05.07 10:18:56.979,0.88144,0.88154,3.82,1.00
2018.05.07 10:18:57.688,0.88144,0.88153,2.25,1.50
2018.05.07 10:18:57.843,0.88142,0.88149,2.62,1.00
2018.05.07 10:18:57.945,0.88139,0.88147,2.25,1.00
2018.05.07 10:18:58.217,0.88137,0.88145,1.00,1.00
2018.05.07 10:18:58.767,0.88137,0.88146,1.00,1.00
2018.05.07 10:19:00.075,0.88139,0.88145,1.50,1.00
2018.05.07 10:19:00.179,0.8814,0.88147,1.50,2.62
2018.05.07 10:19:00.232,0.88138,0.88147,1.50,2.70
2018.05.07 10:19:00.957,0.88138,0.88147,1.50,3.07
2018.05.07 10:19:01.463,0.88137,0.88147,2.62,1.20
2018.05.07 10:19:01.939,0.88135,0.88146,3.00,2.32
2018.05.07 10:19:02.284,0.88135,0.88143,2.25,1.00
2018.05.07 10:19:03.415,0.88136,0.88145,3.00,1.12
2018.05.07 10:19:04.400,0.88136,0.88146,1.50,1.12
2018.05.07 10:19:04.454,0.88139,0.88147,1.50,2.89
2018.05.07 10:19:04.507,0.88137,0.88147,1.50,1.95
2018.05.07 10:19:04.560,0.88137,0.88144,1.50,1.00
2018.05.07 10:19:04.614,0.88136,0.88146,1.12,3.45
2018.05.07 10:19:04.775,0.88135,0.88144,1.69,1.00
2018.05.07 10:19:05.208,0.88135,0.88142,3.00,1.00
2018.05.07 10:19:05.259,0.88135,0.88144,3.00,1.50
2018.05.07 10:19:07.554,0.88138,0.88146,2.25,2.32
2018.05.07 10:19:07.606,0.88139,0.88147,1.50,1.87
2018.05.07 10:19:08.125,0.88138,0.88148,1.87,1.87
2018.05.07 10:19:08.639,0.88139,0.88148,1.50,1.87
2018.05.07 10:19:09.927,0.88138,0.88148,2.62,1.12
2018.05.07 10:19:11.036,0.88138,0.88147,2.62,2.25
2018.05.07 10:19:11.565,0.88137,0.88147,2.62,2.70
2018.05.07 10:19:11.617,0.88139,0.88146,1.50,1.10
2018.05.07 10:19:11.669,0.88137,0.88147,1.12,2.62
2018.05.07 10:19:11.828,0.88137,0.88145,1.00,1.50
2018.05.07 10:19:11.985,0.88135,0.88145,2.25,1.50
2018.05.07 10:19:12.037,0.88135,0.88143,1.50,1.00
2018.05.07 10:19:12.586,0.88136,0.88143,1.50,1.00
2018.05.07 10:19:13.137,0.88135,0.88144,1.50,1.50
2018.05.07 10:19:13.240,0.88133,0.88143,1.87,3.75
2018.05.07 10:19:14.136,0.88134,0.88143,1.50,2.25
2018.05.07 10:19:14.661,0.88134,0.88143,1.50,3.00
2018.05.07 10:19:15.237,0.88132,0.88143,3.37,4.12
2018.05.07 10:19:15.906,0.88136,0.88144,2.25,3.37
2018.05.07 10:19:16.411,0.88136,0.88145,1.50,2.62
2018.05.07 10:19:16.920,0.88135,0.88146,3.75,7.20
2018.05.07 10:19:17.431,0.88136,0.88145,1.50,4.12
2018.05.07 10:19:17.642,0.88134,0.88145,2.81,2.70
2018.05.07 10:19:17.694,0.88134,0.88143,3.56,1.50
2018.05.07 10:19:18.756,0.88134,0.88143,3.56,1.50
2018.05.07 10:19:19.560,0.88134,0.88145,4.31,2.62
2018.05.07 10:19:20.085,0.88135,0.88144,1.50,1.50
2018.05.07 10:19:25.599,0.88134,0.88144,3.45,1.00
2018.05.07 10:19:25.656,0.88137,0.88146,1.50,2.32
2018.05.07 10:19:26.200,0.88136,0.88147,2.25,3.45
2018.05.07 10:19:26.529,0.88137,0.88147,1.50,4.57
2018.05.07 10:19:27.041,0.88136,0.88144,2.25,1.00
2018.05.07 10:19:27.318,0.88133,0.88143,3.00,1.50
2018.05.07 10:19:27.370,0.88133,0.88142,1.00,1.87
2018.05.07 10:19:27.883,0.88132,0.88141,1.87,1.87
2018.05.07 10:19:28.351,0.88134,0.88142,1.50,1.37
2018.05.07 10:19:28.700,0.88133,0.88143,3.00,2.62
2018.05.07 10:19:29.269,0.88133,0.88141,1.00,1.00
2018.05.07 10:19:29.581,0.88129,0.88137,3.00,1.00
2018.05.07 10:19:33.859,0.88129,0.88139,3.00,2.25
2018.05.07 10:19:35.686,0.8813,0.88138,1.50,1.12
2018.05.07 10:19:43.404,0.88129,0.88137,1.10,1.00
2018.05.07 10:19:43.509,0.88127,0.88136,2.62,1.50
2018.05.07 10:19:44.023,0.88127,0.88135,1.00,1.00
2018.05.07 10:19:46.033,0.88125,0.88136,3.94,3.75
2018.05.07 10:19:47.230,0.88124,0.88134,3.00,1.50
2018.05.07 10:19:47.282,0.88123,0.88133,1.50,2.62
2018.05.07 10:19:47.334,0.88123,0.88131,1.50,1.00
2018.05.07 10:19:47.597,0.88125,0.88134,2.44,1.00
2018.05.07 10:19:47.910,0.88125,0.88136,2.44,5.32
2018.05.07 10:19:48.015,0.88127,0.88136,1.00,3.82
2018.05.07 10:19:48.328,0.88129,0.88137,1.00,2.62
2018.05.07 10:19:48.431,0.88127,0.88137,1.00,2.62
2018.05.07 10:19:53.270,0.88127,0.88137,1.25,2.70
2018.05.07 10:19:53.812,0.88128,0.88137,2.25,1.95
2018.05.07 10:19:54.321,0.88127,0.88135,2.25,1.00
2018.05.07 10:19:57.447,0.88124,0.88131,2.25,1.00
2018.05.07 10:19:58.033,0.88124,0.88133,3.00,1.87
2018.05.07 10:19:58.557,0.88125,0.88133,1.50,1.87
2018.05.07 10:19:59.614,0.88125,0.88135,1.50,3.45
2018.05.07 10:20:00.133,0.88124,0.88134,3.94,1.10
2018.05.07 10:20:00.902,0.88124,0.88133,3.00,1.00
2018.05.07 10:20:02.327,0.88124,0.88134,1.50,3.37
2018.05.07 10:20:03.620,0.88124,0.88133,3.19,1.50
2018.05.07 10:20:04.133,0.88125,0.88134,1.50,4.12
2018.05.07 10:20:04.754,0.88124,0.88134,3.00,2.62
2018.05.07 10:20:05.285,0.88124,0.88133,1.50,1.00
2018.05.07 10:20:08.606,0.88124,0.8813,1.00,1.00
2018.05.07 10:20:08.660,0.88121,0.88129,3.75,1.00
2018.05.07 10:20:08.817,0.88119,0.88128,6.45,1.00
2018.05.07 10:20:10.353,0.8812,0.88129,1.50,3.37
2018.05.07 10:20:10.776,0.88121,0.88131,2.25,1.20
2018.05.07 10:20:11.362,0.88121,0.8813,1.00,1.00
2018.05.07 10:20:11.899,0.8812,0.88129,1.50,2.25
2018.05.07 10:20:12.449,0.88119,0.88129,1.69,2.25
2018.05.07 10:20:15.505,0.8812,0.88129,1.50,2.25
2018.05.07 10:20:15.712,0.88122,0.8813,1.00,1.00
2018.05.07 10:20:16.257,0.8812,0.88129,1.12,3.00
2018.05.07 10:20:16.361,0.88118,0.88127,2.32,1.50
2018.05.07 10:20:16.915,0.88118,0.88127,1.50,1.50
2018.05.07 10:20:17.626,0.88118,0.88128,1.00,3.00
2018.05.07 10:20:19.381,0.88117,0.88127,4.76,1.00
2018.05.07 10:20:19.794,0.88119,0.88127,1.20,1.00
2018.05.07 10:20:20.560,0.88119,0.88126,1.20,1.00
2018.05.07 10:20:21.070,0.88119,0.88127,1.20,1.00
2018.05.07 10:20:21.383,0.88117,0.88125,1.95,1.00
2018.05.07 10:20:21.936,0.88116,0.88126,2.70,1.50
2018.05.07 10:20:22.272,0.88118,0.88125,1.10,1.00
2018.05.07 10:20:22.428,0.88116,0.88125,1.50,1.00
2018.05.07 10:20:22.964,0.88117,0.88124,1.50,1.00
2018.05.07 10:20:24.313,0.88116,0.88124,1.57,1.50
2018.05.07 10:20:24.868,0.88115,0.88124,1.76,1.50
2018.05.07 10:20:25.590,0.88116,0.88124,1.50,1.87
2018.05.07 10:20:26.364,0.88116,0.88123,1.57,1.00
2018.05.07 10:20:26.910,0.88117,0.88123,1.50,1.00
2018.05.07 10:20:27.524,0.88118,0.88124,1.50,1.00
2018.05.07 10:20:28.062,0.8812,0.88126,1.50,1.37
2018.05.07 10:20:28.114,0.8812,0.88128,1.50,1.12
2018.05.07 10:20:31.984,0.88123,0.88129,1.50,1.12
2018.05.07 10:20:32.036,0.88121,0.88129,1.50,1.12
2018.05.07 10:20:32.544,0.88122,0.8813,1.57,1.37
2018.05.07 10:20:33.053,0.88122,0.88131,1.50,1.87
2018.05.07 10:20:36.696,0.88123,0.8813,1.50,1.00
2018.05.07 10:20:37.614,0.88123,0.88131,2.70,1.87
2018.05.07 10:20:42.889,0.88123,0.8813,1.50,1.00
2018.05.07 10:20:43.476,0.88123,0.88132,1.50,1.37
2018.05.07 10:20:44.003,0.88124,0.88132,1.10,1.37
2018.05.07 10:20:44.550,0.88124,0.88132,1.10,1.12
2018.05.07 10:20:45.073,0.88123,0.88132,1.50,1.12
2018.05.07 10:20:45.331,0.88123,0.8813,1.50,1.00
2018.05.07 10:20:45.846,0.88123,0.88131,1.50,1.20
2018.05.07 10:20:47.048,0.88123,0.88132,1.50,2.70
2018.05.07 10:20:47.409,0.88122,0.8813,2.62,1.00
2018.05.07 10:20:48.016,0.88122,0.88131,1.95,2.25
2018.05.07 10:20:48.548,0.88122,0.88131,2.70,3.00
2018.05.07 10:20:49.028,0.88124,0.88131,1.50,2.25
2018.05.07 10:20:49.548,0.88122,0.88131,3.07,2.62
2018.05.07 10:20:50.079,0.88123,0.88131,1.50,1.87
2018.05.07 10:20:50.597,0.88124,0.88131,1.50,1.87
2018.05.07 10:20:51.149,0.88124,0.88132,2.70,1.00
2018.05.07 10:20:52.183,0.88125,0.88134,1.10,1.87
2018.05.07 10:20:52.794,0.88125,0.88134,1.10,1.87
2018.05.07 10:20:53.296,0.88124,0.88133,1.20,1.50
2018.05.07 10:20:53.348,0.88123,0.88133,1.50,2.25
2018.05.07 10:20:53.401,0.88122,0.88131,2.70,1.37
2018.05.07 10:20:54.284,0.88122,0.88131,3.07,1.37
2018.05.07 10:20:54.785,0.88122,0.8813,1.95,1.00
2018.05.07 10:20:55.322,0.88125,0.88131,1.50,1.00
2018.05.07 10:20:55.375,0.88125,0.88134,2.25,1.37
2018.05.07 10:20:55.927,0.88124,0.88133,1.87,1.95
2018.05.07 10:20:58.404,0.88124,0.88133,1.50,3.07
2018.05.07 10:20:58.734,0.88122,0.88131,3.07,1.87
2018.05.07 10:20:59.239,0.88122,0.8813,3.00,1.00
2018.05.07 10:21:04.898,0.88123,0.88131,1.50,1.87
2018.05.07 10:21:05.442,0.88122,0.88131,1.87,1.87
2018.05.07 10:21:07.281,0.88123,0.8813,1.50,1.00
2018.05.07 10:21:07.334,0.88121,0.88131,1.87,2.62
2018.05.07 10:21:07.438,0.8812,0.88129,2.25,1.20
2018.05.07 10:21:07.491,0.88119,0.88128,2.25,1.00
2018.05.07 10:21:07.763,0.88119,0.88126,1.87,1.00
2018.05.07 10:21:14.643,0.8812,0.88126,1.50,1.00
2018.05.07 10:21:15.313,0.88119,0.88126,1.87,1.00
2018.05.07 10:21:22.895,0.88119,0.88124,1.50,1.00
2018.05.07 10:21:22.947,0.88117,0.88124,1.87,1.00
2018.05.07 10:21:23.261,0.88115,0.88124,1.50,2.25
2018.05.07 10:21:23.313,0.88113,0.88122,1.50,1.00
2018.05.07 10:21:23.649,0.88112,0.8812,1.50,1.12
2018.05.07 10:21:24.370,0.88112,0.88118,1.50,1.00
2018.05.07 10:21:25.171,0.88111,0.88118,1.50,1.00
2018.05.07 10:21:25.481,0.88113,0.88118,1.50,1.00
2018.05.07 10:21:25.865,0.88111,0.88119,1.50,1.00
2018.05.07 10:21:25.917,0.88113,0.88119,1.50,1.00
2018.05.07 10:21:26.675,0.88113,0.8812,1.50,1.00
2018.05.07 10:21:27.221,0.88112,0.88119,1.50,1.00
2018.05.07 10:21:30.389,0.88113,0.8812,1.50,1.00
2018.05.07 10:21:31.024,0.88112,0.8812,1.50,1.00
2018.05.07 10:21:31.364,0.88112,0.88118,1.50,1.00
2018.05.07 10:21:31.690,0.88112,0.8812,1.50,1.00
2018.05.07 10:21:33.405,0.88114,0.8812,1.50,1.00
2018.05.07 10:21:33.921,0.88113,0.8812,1.50,1.00
2018.05.07 10:21:36.011,0.88113,0.88121,1.50,1.00
2018.05.07 10:21:38.541,0.88114,0.88121,1.50,1.50
2018.05.07 10:21:38.803,0.88116,0.88124,1.57,1.00
2018.05.07 10:21:39.346,0.88114,0.88124,4.20,1.87
2018.05.07 10:21:39.895,0.88114,0.88123,1.50,1.00
2018.05.07 10:21:40.414,0.88114,0.88122,1.50,1.00
2018.05.07 10:21:42.361,0.88115,0.88122,1.50,1.12
2018.05.07 10:21:42.889,0.88116,0.88123,1.50,1.00
2018.05.07 10:21:43.440,0.88115,0.88123,2.32,1.00
2018.05.07 10:21:43.957,0.88116,0.88123,1.50,1.00
2018.05.07 10:21:44.499,0.88116,0.88124,1.50,1.00
2018.05.07 10:21:46.338,0.88116,0.88124,1.00,1.87
2018.05.07 10:21:49.117,0.88115,0.88123,1.20,1.00
2018.05.07 10:21:49.170,0.88112,0.8812,2.89,1.00
2018.05.07 10:21:49.534,0.88109,0.88116,4.20,1.00
2018.05.07 10:21:50.078,0.88111,0.88116,1.10,1.00
2018.05.07 10:21:50.824,0.88109,0.88116,3.45,1.00
2018.05.07 10:21:51.126,0.88108,0.88115,2.32,1.00
2018.05.07 10:21:51.793,0.88109,0.88115,1.10,1.00
2018.05.07 10:21:52.301,0.88108,0.88115,3.45,1.00
2018.05.07 10:21:52.689,0.8811,0.88115,1.50,1.00
2018.05.07 10:21:52.843,0.88108,0.88115,3.45,1.00
2018.05.07 10:21:52.996,0.88108,0.88117,3.45,1.00
2018.05.07 10:21:54.105,0.88111,0.88118,1.50,1.00
2018.05.07 10:21:55.178,0.88111,0.88119,1.57,1.50
2018.05.07 10:21:56.730,0.8811,0.88119,1.95,1.00
2018.05.07 10:21:57.241,0.8811,0.88118,1.95,1.00
2018.05.07 10:21:57.762,0.88108,0.88117,1.95,1.87
2018.05.07 10:21:58.073,0.88106,0.88115,3.45,2.25
2018.05.07 10:21:58.617,0.88106,0.88114,3.45,1.00
2018.05.07 10:21:59.316,0.88107,0.88115,1.20,1.00
2018.05.07 10:22:00.034,0.88107,0.88115,1.20,2.62
2018.05.07 10:22:01.461,0.88109,0.88115,1.50,1.00
2018.05.07 10:22:01.575,0.88109,0.88117,2.70,1.00
2018.05.07 10:22:02.115,0.88109,0.88118,2.70,1.00
2018.05.07 10:22:02.657,0.8811,0.88119,2.70,1.87
2018.05.07 10:22:03.256,0.8811,0.88119,2.32,1.87
2018.05.07 10:22:04.575,0.8811,0.88118,1.50,1.00
2018.05.07 10:22:05.104,0.8811,0.88119,2.25,1.00
2018.05.07 10:22:05.632,0.88111,0.88119,2.25,1.00
2018.05.07 10:22:06.921,0.88112,0.88119,1.50,1.00
2018.05.07 10:22:06.973,0.88113,0.88121,1.50,1.12
2018.05.07 10:22:07.496,0.88114,0.88122,1.50,1.87
2018.05.07 10:22:08.010,0.88113,0.88123,1.50,1.87
2018.05.07 10:22:08.165,0.88115,0.88123,1.50,1.87
2018.05.07 10:22:08.268,0.88113,0.88123,1.50,1.87
2018.05.07 10:22:09.178,0.88114,0.88121,1.50,1.00
2018.05.07 10:22:09.439,0.88111,0.8812,3.37,1.00
2018.05.07 10:22:09.594,0.88113,0.88121,1.50,2.70
2018.05.07 10:22:10.184,0.88114,0.88121,1.50,1.37
2018.05.07 10:22:10.235,0.88112,0.88121,1.50,1.37
2018.05.07 10:22:10.771,0.88112,0.88121,1.50,1.12
2018.05.07 10:22:11.189,0.88114,0.88122,1.50,1.37
2018.05.07 10:22:11.805,0.88115,0.88123,1.50,1.87
2018.05.07 10:22:12.011,0.88116,0.88125,1.50,1.00
2018.05.07 10:22:12.522,0.88115,0.88125,2.62,1.87
2018.05.07 10:22:13.059,0.88116,0.88125,1.50,1.87
2018.05.07 10:22:13.631,0.88116,0.88125,1.50,1.87
2018.05.07 10:22:14.351,0.88116,0.88125,1.50,1.12
2018.05.07 10:22:15.318,0.88115,0.88125,1.87,1.12
2018.05.07 10:22:16.405,0.88115,0.88125,1.87,3.45
2018.05.07 10:22:17.404,0.88115,0.88125,1.87,1.95
2018.05.07 10:22:18.315,0.88117,0.88125,1.50,1.95
2018.05.07 10:22:18.626,0.88119,0.88126,1.50,3.37
2018.05.07 10:22:19.490,0.88119,0.88126,1.50,1.87
2018.05.07 10:22:20.484,0.88117,0.88126,2.32,1.87
2018.05.07 10:22:21.123,0.88118,0.88126,1.50,1.87
2018.05.07 10:22:21.654,0.88117,0.88126,2.32,1.50
2018.05.07 10:22:22.218,0.88118,0.88126,1.50,1.50
2018.05.07 10:22:22.405,0.88117,0.88123,1.50,1.00
2018.05.07 10:22:22.458,0.88115,0.88123,1.20,1.00
2018.05.07 10:22:22.979,0.88114,0.88122,1.20,1.00
2018.05.07 10:22:24.114,0.88116,0.88122,1.50,1.00
2018.05.07 10:22:24.476,0.88118,0.88124,1.50,1.00
2018.05.07 10:22:24.993,0.88118,0.88126,1.50,1.87
2018.05.07 10:22:26.183,0.88119,0.88126,1.50,1.00
2018.05.07 10:22:26.772,0.88118,0.88127,1.50,1.20
2018.05.07 10:22:26.825,0.8812,0.88127,1.50,1.00
2018.05.07 10:22:27.187,0.88121,0.88129,1.50,1.00
2018.05.07 10:22:28.433,0.8812,0.88129,1.87,1.00
2018.05.07 10:22:28.998,0.88121,0.8813,1.50,1.87
2018.05.07 10:22:30.989,0.88121,0.8813,1.50,2.62
2018.05.07 10:22:31.638,0.88119,0.8813,3.37,2.62
2018.05.07 10:22:32.998,0.88119,0.88128,3.37,1.00
2018.05.07 10:22:33.532,0.88121,0.88129,1.50,1.12
2018.05.07 10:22:33.637,0.88119,0.88129,2.25,1.87
2018.05.07 10:22:33.794,0.88121,0.8813,1.50,1.50
2018.05.07 10:22:33.945,0.88122,0.88131,1.50,3.07
2018.05.07 10:22:34.158,0.88124,0.88132,1.50,1.20
2018.05.07 10:22:34.575,0.88122,0.88132,3.00,1.20
2018.05.07 10:22:35.868,0.88122,0.88132,1.87,2.25
2018.05.07 10:22:36.836,0.88123,0.88132,1.50,2.25
2018.05.07 10:22:37.340,0.88122,0.88132,1.87,2.25
2018.05.07 10:22:39.162,0.88123,0.88132,1.50,2.25
2018.05.07 10:22:40.284,0.88122,0.88132,1.87,2.25
2018.05.07 10:22:42.847,0.88121,0.88129,2.25,1.00
2018.05.07 10:22:43.617,0.88122,0.88129,1.50,1.00
2018.05.07 10:22:44.139,0.88123,0.8813,1.50,1.10
2018.05.07 10:22:45.121,0.8812,0.88129,1.12,1.00
2018.05.07 10:22:45.428,0.88122,0.88129,1.50,1.87
2018.05.07 10:22:45.942,0.88123,0.8813,1.50,1.37
2018.05.07 10:22:46.497,0.88123,0.8813,1.50,1.00
2018.05.07 10:22:47.012,0.88122,0.8813,1.50,1.00
2018.05.07 10:22:47.583,0.88123,0.8813,1.50,1.00
2018.05.07 10:22:48.153,0.88122,0.88131,1.50,1.57
2018.05.07 10:22:48.663,0.88122,0.88131,1.50,1.57
2018.05.07 10:22:49.064,0.88124,0.88131,1.50,1.57
2018.05.07 10:22:49.247,0.88122,0.88131,1.50,1.57
2018.05.07 10:22:49.351,0.88125,0.88131,1.50,1.20
2018.05.07 10:22:49.587,0.88123,0.88132,1.50,1.47
2018.05.07 10:22:49.640,0.88125,0.88132,1.50,1.47
2018.05.07 10:22:49.848,0.88123,0.88132,1.50,3.45
2018.05.07 10:22:50.005,0.88121,0.88132,2.62,2.70
2018.05.07 10:22:51.315,0.88122,0.8813,1.00,1.00
2018.05.07 10:22:51.834,0.88124,0.8813,1.50,1.00
2018.05.07 10:22:51.887,0.88122,0.8813,1.50,1.00
2018.05.07 10:22:52.861,0.88123,0.8813,1.50,1.12
2018.05.07 10:22:53.758,0.88125,0.88133,1.50,4.20
2018.05.07 10:22:54.207,0.88124,0.88133,1.50,5.70
2018.05.07 10:22:55.181,0.88125,0.88133,1.50,2.70
2018.05.07 10:22:55.709,0.88124,0.88133,1.50,2.70
2018.05.07 10:22:55.762,0.88126,0.88133,1.50,2.70
2018.05.07 10:22:55.911,0.88124,0.88133,1.50,2.70
2018.05.07 10:22:56.594,0.88124,0.88133,1.50,5.32
2018.05.07 10:22:57.205,0.88123,0.88133,1.50,5.32
2018.05.07 10:22:57.370,0.88125,0.88132,1.50,1.10
2018.05.07 10:22:57.473,0.88123,0.88132,1.50,2.32
2018.05.07 10:22:57.524,0.88125,0.88132,1.50,2.32
2018.05.07 10:22:57.644,0.88123,0.88132,1.50,3.07
2018.05.07 10:22:58.161,0.88123,0.88132,1.50,2.32
2018.05.07 10:22:59.023,0.88122,0.88132,1.50,3.82
2018.05.07 10:22:59.257,0.8812,0.88129,2.25,1.50
2018.05.07 10:22:59.569,0.88118,0.88126,1.50,2.62
2018.05.07 10:23:00.116,0.88117,0.88125,2.25,1.10
2018.05.07 10:23:01.780,0.88116,0.88125,1.50,1.20
2018.05.07 10:23:02.350,0.88119,0.88126,1.50,2.70
2018.05.07 10:23:02.878,0.88118,0.88126,1.50,1.12
2018.05.07 10:23:05.730,0.88116,0.88125,3.37,1.00
2018.05.07 10:23:06.241,0.88116,0.88124,1.50,1.50
2018.05.07 10:23:09.927,0.88115,0.88124,2.62,1.57
2018.05.07 10:23:10.442,0.88115,0.88123,2.62,1.00
2018.05.07 10:23:10.887,0.88117,0.88123,1.50,1.00
2018.05.07 10:23:11.094,0.88118,0.88125,1.50,1.12
2018.05.07 10:23:11.632,0.88114,0.88124,2.62,1.00
2018.05.07 10:23:11.736,0.88114,0.88122,1.00,1.00
2018.05.07 10:23:12.572,0.88114,0.88121,1.50,1.00
2018.05.07 10:23:12.881,0.88114,0.88123,1.00,1.00
2018.05.07 10:23:13.672,0.88115,0.88123,1.50,1.00
2018.05.07 10:23:13.985,0.88114,0.88121,1.50,1.00
2018.05.07 10:23:14.517,0.88114,0.88122,1.50,1.10
2018.05.07 10:23:15.036,0.88115,0.88122,1.50,1.12
2018.05.07 10:23:15.820,0.88115,0.88123,1.50,1.12
2018.05.07 10:23:16.628,0.88115,0.88123,1.50,1.95
2018.05.07 10:23:17.162,0.88114,0.88123,1.50,1.12
2018.05.07 10:23:17.754,0.88115,0.88123,1.50,1.12
2018.05.07 10:23:20.638,0.88115,0.88122,1.50,1.00
2018.05.07 10:23:21.201,0.88114,0.88122,1.50,1.00
2018.05.07 10:23:21.633,0.88116,0.88123,1.50,2.62
2018.05.07 10:23:21.828,0.88114,0.88123,2.25,1.12
2018.05.07 10:23:22.360,0.88113,0.88123,2.62,1.20
2018.05.07 10:23:22.991,0.88113,0.88122,2.62,1.00
2018.05.07 10:23:23.582,0.88112,0.88121,3.00,1.50
2018.05.07 10:23:24.029,0.88111,0.8812,1.50,1.57
2018.05.07 10:23:24.739,0.88113,0.8812,1.50,1.87
2018.05.07 10:23:24.843,0.88111,0.8812,1.50,1.37
2018.05.07 10:23:24.999,0.88113,0.88119,1.50,1.87
2018.05.07 10:23:25.103,0.88111,0.88119,1.50,1.50
2018.05.07 10:23:25.715,0.8811,0.88119,2.62,1.50
2018.05.07 10:23:26.128,0.88112,0.88118,1.00,1.00
2018.05.07 10:23:26.234,0.8811,0.88119,1.50,1.87
2018.05.07 10:23:26.337,0.88112,0.88119,1.50,1.87
2018.05.07 10:23:27.140,0.88112,0.88118,1.50,1.00
2018.05.07 10:23:27.663,0.88111,0.88118,1.50,1.00
2018.05.07 10:23:28.198,0.88111,0.88119,1.50,1.50
2018.05.07 10:23:29.435,0.88112,0.88119,1.50,1.50
2018.05.07 10:23:30.059,0.88111,0.8812,1.50,1.87
2018.05.07 10:23:30.748,0.88112,0.8812,1.50,1.87
2018.05.07 10:23:31.289,0.88111,0.8812,1.50,1.87
2018.05.07 10:23:31.828,0.8811,0.88119,1.50,1.00
2018.05.07 10:23:32.612,0.88111,0.88118,1.50,1.00
2018.05.07 10:23:33.168,0.88112,0.88118,1.50,1.00
2018.05.07 10:23:34.056,0.88112,0.88119,1.50,1.00
2018.05.07 10:23:34.595,0.88111,0.88119,1.50,1.00
2018.05.07 10:23:35.134,0.88112,0.88119,1.50,1.00
2018.05.07 10:23:35.635,0.88111,0.88119,1.50,1.00
2018.05.07 10:23:36.168,0.88112,0.88119,1.50,1.00
2018.05.07 10:23:37.115,0.88112,0.8812,1.50,1.87
2018.05.07 10:23:37.707,0.88112,0.88119,1.50,1.00
2018.05.07 10:23:37.759,0.8811,0.8812,1.50,1.87
2018.05.07 10:23:38.725,0.88109,0.8812,2.25,2.70
2018.05.07 10:23:38.777,0.88109,0.88117,2.25,1.00
2018.05.07 10:23:39.321,0.8811,0.88117,1.50,1.00
2018.05.07 10:23:39.856,0.88109,0.88117,2.25,1.00
2018.05.07 10:23:40.466,0.8811,0.88117,1.50,1.00
2018.05.07 10:23:41.336,0.88109,0.88117,2.25,1.00
2018.05.07 10:23:42.023,0.8811,0.88117,1.50,1.00
2018.05.07 10:23:42.596,0.88111,0.88117,1.50,1.00
2018.05.07 10:23:43.127,0.8811,0.88118,1.50,1.00
2018.05.07 10:23:43.895,0.88114,0.88118,1.50,1.00
2018.05.07 10:23:43.947,0.88112,0.88118,1.50,1.00
2018.05.07 10:23:44.000,0.88113,0.88121,1.50,2.70
2018.05.07 10:23:44.517,0.88113,0.8812,1.50,1.00
2018.05.07 10:23:45.158,0.88113,0.88121,1.50,1.20
2018.05.07 10:23:46.318,0.8811,0.8812,4.87,1.50
2018.05.07 10:23:46.822,0.88111,0.8812,1.50,2.70
2018.05.07 10:23:48.005,0.8811,0.8812,2.62,4.20
2018.05.07 10:23:48.541,0.8811,0.8812,2.25,3.07
2018.05.07 10:23:49.349,0.8811,0.8812,1.87,3.07
2018.05.07 10:23:52.582,0.88111,0.8812,1.50,2.32
2018.05.07 10:23:53.086,0.8811,0.8812,1.87,2.32
2018.05.07 10:23:54.954,0.88112,0.8812,1.50,3.07
2018.05.07 10:23:56.694,0.8811,0.8812,1.87,3.07
2018.05.07 10:24:00.132,0.88112,0.8812,1.50,3.75
2018.05.07 10:24:01.796,0.8811,0.8812,1.87,3.00
2018.05.07 10:24:04.361,0.88112,0.8812,1.50,3.37
2018.05.07 10:24:04.897,0.88113,0.88121,1.50,2.62
2018.05.07 10:24:05.433,0.88113,0.88121,1.50,2.62
2018.05.07 10:24:06.262,0.88113,0.8812,1.50,1.00
2018.05.07 10:24:06.573,0.88116,0.88123,1.50,2.32
2018.05.07 10:24:07.158,0.88116,0.88123,1.50,1.95
2018.05.07 10:24:13.521,0.88116,0.88124,1.50,1.95
2018.05.07 10:24:14.647,0.88115,0.88124,1.50,3.82
2018.05.07 10:24:20.558,0.88116,0.88124,1.50,4.20
2018.05.07 10:24:24.400,0.88116,0.88124,1.50,3.45
2018.05.07 10:24:25.190,0.88116,0.88124,1.50,3.45
2018.05.07 10:24:27.939,0.88116,0.88124,1.50,3.45
2018.05.07 10:24:32.067,0.88118,0.88124,1.50,2.70
2018.05.07 10:24:32.222,0.88116,0.88124,1.50,2.70
2018.05.07 10:24:35.736,0.88117,0.88124,1.50,1.00
2018.05.07 10:24:36.270,0.88116,0.88124,1.50,1.57
2018.05.07 10:24:37.362,0.88116,0.88123,1.50,1.00
2018.05.07 10:24:37.957,0.88116,0.88124,1.50,1.57
2018.05.07 10:24:41.517,0.88117,0.88124,1.50,2.32
2018.05.07 10:24:42.094,0.88116,0.88124,1.50,1.10
2018.05.07 10:24:43.865,0.88117,0.88124,1.50,3.45
2018.05.07 10:24:44.319,0.88115,0.88124,1.50,1.47
2018.05.07 10:24:44.889,0.88116,0.88124,1.50,1.47
2018.05.07 10:24:45.402,0.88115,0.88124,1.50,3.45
2018.05.07 10:24:46.301,0.88115,0.88124,1.50,1.20
2018.05.07 10:24:50.733,0.88115,0.88123,1.50,1.10
2018.05.07 10:24:50.785,0.88113,0.88122,2.25,1.00
2018.05.07 10:24:51.302,0.88112,0.88122,1.87,1.95
2018.05.07 10:24:51.753,0.88114,0.88123,1.50,3.82
2018.05.07 10:24:52.821,0.88114,0.88124,1.50,4.95
2018.05.07 10:24:53.143,0.88116,0.88123,1.50,1.20
2018.05.07 10:24:53.660,0.88115,0.88124,1.50,3.82
2018.05.07 10:24:58.238,0.88115,0.88122,1.50,1.10
2018.05.07 10:24:58.291,0.88113,0.88122,1.50,2.32
2018.05.07 10:24:58.867,0.88112,0.88121,1.87,1.10
2018.05.07 10:24:59.989,0.88111,0.88121,1.50,1.10
2018.05.07 10:25:00.042,0.88113,0.88121,1.50,1.10
2018.05.07 10:25:00.381,0.88115,0.88122,1.50,1.95
2018.05.07 10:25:00.484,0.88113,0.88122,2.25,1.20
2018.05.07 10:25:01.114,0.88114,0.88122,1.50,1.20
2018.05.07 10:25:02.301,0.88114,0.88122,1.50,1.47
2018.05.07 10:25:02.858,0.88113,0.88122,1.50,1.47
2018.05.07 10:25:05.697,0.88114,0.88123,1.50,3.07
2018.05.07 10:25:07.978,0.88113,0.88123,1.50,3.07
2018.05.07 10:25:10.320,0.88113,0.88123,1.50,1.95
2018.05.07 10:25:10.988,0.88114,0.88123,1.50,1.95
2018.05.07 10:25:16.777,0.88113,0.88123,1.50,1.20
2018.05.07 10:25:16.828,0.88115,0.88123,1.50,3.45
2018.05.07 10:25:16.880,0.88113,0.88123,1.50,1.95
2018.05.07 10:25:16.932,0.88113,0.88121,1.50,1.00
2018.05.07 10:25:17.443,0.88112,0.88121,1.00,1.00
2018.05.07 10:25:17.950,0.88111,0.88121,3.37,1.12
2018.05.07 10:25:18.508,0.88113,0.88122,1.50,2.32
2018.05.07 10:25:19.036,0.88114,0.88122,1.50,1.95
2018.05.07 10:25:19.559,0.88114,0.88122,1.50,1.95
2018.05.07 10:25:20.406,0.88113,0.88122,1.50,1.95
2018.05.07 10:25:21.454,0.88112,0.88122,1.50,1.95
2018.05.07 10:25:21.760,0.88114,0.88122,1.50,1.95
2018.05.07 10:25:22.926,0.88113,0.88122,1.50,1.95
2018.05.07 10:25:23.473,0.88115,0.88122,1.50,1.87
2018.05.07 10:25:23.525,0.88113,0.88122,2.25,1.12
2018.05.07 10:25:24.294,0.88114,0.88123,2.25,1.57
2018.05.07 10:25:25.352,0.88114,0.88123,1.50,1.00
2018.05.07 10:25:26.880,0.88115,0.88123,1.50,1.50
2018.05.07 10:25:32.745,0.88116,0.88123,1.50,1.50
2018.05.07 10:25:35.219,0.88115,0.88123,1.50,1.50
2018.05.07 10:25:35.906,0.88115,0.88123,1.50,1.87
2018.05.07 10:25:36.431,0.88114,0.88123,1.50,2.25
2018.05.07 10:25:38.540,0.88114,0.88122,1.50,1.00
2018.05.07 10:25:39.081,0.88113,0.88121,1.50,1.00
2018.05.07 10:25:39.970,0.88114,0.88121,1.50,1.00
2018.05.07 10:25:40.506,0.88115,0.88121,1.50,1.00
2018.05.07 10:25:42.650,0.88114,0.88121,1.50,1.00
2018.05.07 10:25:42.704,0.88112,0.88121,1.50,1.50
2018.05.07 10:25:43.215,0.88112,0.8812,1.50,1.50
2018.05.07 10:25:43.756,0.88111,0.8812,1.50,1.50
2018.05.07 10:25:48.406,0.88114,0.8812,1.50,1.00
2018.05.07 10:25:55.520,0.88113,0.8812,1.50,1.50
2018.05.07 10:25:55.830,0.88115,0.88121,1.50,1.12
2018.05.07 10:25:56.141,0.88115,0.88123,1.50,3.07
2018.05.07 10:25:56.915,0.88115,0.88122,1.50,1.00
2018.05.07 10:25:57.642,0.88117,0.88122,1.50,1.00
2018.05.07 10:25:58.348,0.88115,0.88122,1.50,1.00
2018.05.07 10:25:58.894,0.88116,0.88122,1.50,1.00
2018.05.07 10:25:59.153,0.88114,0.88122,1.50,1.10
2018.05.07 10:25:59.365,0.88112,0.88121,2.62,1.00
2018.05.07 10:26:01.306,0.88112,0.8812,1.50,1.00
2018.05.07 10:26:01.564,0.8811,0.88118,1.87,1.00
2018.05.07 10:26:02.116,0.88111,0.88118,1.50,1.00
2018.05.07 10:26:02.738,0.88111,0.88119,1.50,1.12
2018.05.07 10:26:03.331,0.88112,0.88119,1.50,1.12
2018.05.07 10:26:03.498,0.8811,0.88119,1.50,1.12
2018.05.07 10:26:03.818,0.88112,0.88119,1.50,1.12
2018.05.07 10:26:04.060,0.8811,0.88119,1.50,1.87
2018.05.07 10:26:04.164,0.88108,0.88117,1.50,1.50
2018.05.07 10:26:04.475,0.88108,0.88115,1.50,1.00
2018.05.07 10:26:04.937,0.88106,0.88115,1.50,1.00
2018.05.07 10:26:05.476,0.88108,0.88115,1.50,1.00
2018.05.07 10:26:06.047,0.88107,0.88115,1.50,1.00
2018.05.07 10:26:06.588,0.88106,0.88115,1.50,1.50
2018.05.07 10:26:07.262,0.88108,0.88115,1.50,1.87
2018.05.07 10:26:07.889,0.88107,0.88115,1.50,1.87
2018.05.07 10:26:09.236,0.88107,0.88115,1.50,1.87
2018.05.07 10:26:09.777,0.88106,0.88115,1.50,1.37
2018.05.07 10:26:10.120,0.88108,0.88115,1.50,1.37
2018.05.07 10:26:10.635,0.88108,0.88115,1.50,1.12
2018.05.07 10:26:11.116,0.88106,0.88115,1.50,1.12
2018.05.07 10:26:11.653,0.88107,0.88115,1.50,1.00
2018.05.07 10:26:12.166,0.88106,0.88115,2.25,1.00
2018.05.07 10:26:13.369,0.88107,0.88115,1.50,1.12
2018.05.07 10:26:13.832,0.88105,0.88114,1.87,1.00
2018.05.07 10:26:14.274,0.88108,0.88115,1.50,1.00
2018.05.07 10:26:14.377,0.88108,0.88117,1.50,1.95
2018.05.07 10:26:14.902,0.88108,0.88116,1.50,1.00
2018.05.07 10:26:15.452,0.88109,0.88117,1.50,1.87
2018.05.07 10:26:15.788,0.88106,0.88117,2.62,7.57
2018.05.07 10:26:15.840,0.88106,0.88115,1.87,1.50
2018.05.07 10:26:16.383,0.88105,0.88115,1.50,2.70
2018.05.07 10:26:16.699,0.88107,0.88115,1.50,1.87
2018.05.07 10:26:17.217,0.88108,0.88116,1.50,3.82
2018.05.07 10:26:17.787,0.88108,0.88116,1.50,3.45
2018.05.07 10:26:18.374,0.88108,0.88115,1.50,1.00
2018.05.07 10:26:19.114,0.88108,0.88116,1.50,2.70
2018.05.07 10:26:19.628,0.88108,0.88115,1.50,1.00
2018.05.07 10:26:20.180,0.88108,0.88116,1.50,1.95
2018.05.07 10:26:20.748,0.88107,0.88114,1.50,1.00
2018.05.07 10:26:21.007,0.88105,0.88114,2.62,1.50
2018.05.07 10:26:21.209,0.88107,0.88114,1.50,1.50
2018.05.07 10:26:21.314,0.88108,0.88116,1.50,2.32
2018.05.07 10:26:22.312,0.88108,0.88117,1.50,3.45
2018.05.07 10:26:23.352,0.88108,0.88116,1.50,1.50
2018.05.07 10:26:24.324,0.88108,0.88117,1.50,4.95
2018.05.07 10:26:25.396,0.88108,0.88116,1.50,1.00
2018.05.07 10:26:25.908,0.88108,0.88117,1.50,4.20
2018.05.07 10:26:27.093,0.88108,0.88117,1.50,4.95
2018.05.07 10:26:27.604,0.88107,0.88117,1.50,4.95
2018.05.07 10:26:31.682,0.88106,0.88117,2.25,5.70
2018.05.07 10:26:32.010,0.88108,0.88117,1.50,4.20
2018.05.07 10:26:32.522,0.88107,0.88117,1.50,4.20
2018.05.07 10:26:33.069,0.88107,0.88115,1.50,1.00
2018.05.07 10:26:33.617,0.88107,0.88116,1.50,1.00
2018.05.07 10:26:37.566,0.88109,0.88116,1.50,2.62
2018.05.07 10:26:37.618,0.88107,0.88116,1.50,2.62
2018.05.07 10:26:38.160,0.88107,0.88116,1.50,3.37
2018.05.07 10:26:38.695,0.88108,0.88116,1.50,1.87
2018.05.07 10:26:39.291,0.88108,0.88116,1.50,1.50
2018.05.07 10:26:47.510,0.88109,0.88116,1.50,1.87
2018.05.07 10:26:49.225,0.88109,0.88117,1.50,2.70
2018.05.07 10:26:53.357,0.88109,0.88116,1.50,1.00
2018.05.07 10:26:54.150,0.88109,0.88117,1.50,2.70
2018.05.07 10:26:59.181,0.88107,0.88117,1.50,1.95
2018.05.07 10:26:59.732,0.88107,0.88116,1.50,1.00
2018.05.07 10:27:00.259,0.88107,0.88117,1.50,3.45
2018.05.07 10:27:00.541,0.88107,0.88115,1.50,1.00
2018.05.07 10:27:00.859,0.8811,0.88117,1.50,1.12
2018.05.07 10:27:01.325,0.88108,0.88117,1.87,1.20
2018.05.07 10:27:01.530,0.8811,0.88117,1.50,1.12
2018.05.07 10:27:02.054,0.88111,0.88118,1.50,2.70
2018.05.07 10:27:03.227,0.88109,0.88118,1.50,2.62
2018.05.07 10:27:03.335,0.8811,0.88116,1.50,1.00
2018.05.07 10:27:03.492,0.88111,0.88119,1.50,1.95
2018.05.07 10:27:04.025,0.88112,0.88119,1.50,1.95
2018.05.07 10:27:04.557,0.88112,0.88118,1.50,1.00
2018.05.07 10:27:05.078,0.88112,0.88119,1.50,2.70
2018.05.07 10:27:06.097,0.8811,0.88119,1.57,1.50
2018.05.07 10:27:06.615,0.88111,0.88119,1.50,3.37
2018.05.07 10:27:06.720,0.88113,0.88119,1.50,2.62
2018.05.07 10:27:07.246,0.88114,0.88119,1.50,1.87
2018.05.07 10:27:07.505,0.88112,0.88119,1.50,1.12
2018.05.07 10:27:08.016,0.88113,0.88119,1.50,2.62
2018.05.07 10:27:08.621,0.88112,0.88119,1.50,1.12
2018.05.07 10:27:09.141,0.88113,0.88119,1.50,1.00
2018.05.07 10:27:09.557,0.88115,0.8812,1.50,1.00
2018.05.07 10:27:09.712,0.88114,0.88123,2.25,1.12
2018.05.07 10:27:10.216,0.88114,0.88123,2.70,1.87
2018.05.07 10:27:10.744,0.88114,0.88123,1.95,1.12
2018.05.07 10:27:11.032,0.88116,0.88123,1.50,1.87
2018.05.07 10:27:11.377,0.88114,0.88123,1.95,1.87
2018.05.07 10:27:12.016,0.88115,0.88124,1.50,4.57
2018.05.07 10:27:12.747,0.88115,0.88123,1.50,1.12
2018.05.07 10:27:14.231,0.88114,0.88123,1.50,1.00
2018.05.07 10:27:14.413,0.88116,0.88124,1.50,3.37
2018.05.07 10:27:15.252,0.88117,0.88124,1.50,1.95
2018.05.07 10:27:15.794,0.88116,0.88124,1.50,1.12
2018.05.07 10:27:16.750,0.88116,0.88125,1.50,4.57
2018.05.07 10:27:17.164,0.88114,0.88123,1.50,1.00
2018.05.07 10:27:17.726,0.88113,0.88123,1.50,3.00
2018.05.07 10:27:19.192,0.88113,0.88122,1.50,1.00
2018.05.07 10:27:19.615,0.88116,0.88124,1.50,6.45
2018.05.07 10:27:19.924,0.88118,0.88124,1.50,1.50
2018.05.07 10:27:20.428,0.88117,0.88125,1.50,5.70
2018.05.07 10:27:20.867,0.88119,0.88123,1.50,1.12
2018.05.07 10:27:20.919,0.88117,0.88123,1.50,1.12
2018.05.07 10:27:20.971,0.88114,0.88124,2.25,1.12
2018.05.07 10:27:21.023,0.88114,0.88122,1.50,1.50
2018.05.07 10:27:21.574,0.88113,0.88121,1.50,1.00
2018.05.07 10:27:27.107,0.88113,0.88122,1.50,2.70
2018.05.07 10:27:27.625,0.88112,0.8812,1.50,1.00
2018.05.07 10:27:28.375,0.88112,0.88121,1.50,4.20
2018.05.07 10:27:28.894,0.88112,0.8812,1.50,1.00
2018.05.07 10:27:29.418,0.88112,0.88121,1.50,5.32
2018.05.07 10:27:32.494,0.88111,0.88121,1.87,3.82
2018.05.07 10:27:32.931,0.88109,0.88119,2.25,1.12
2018.05.07 10:27:33.441,0.88111,0.88118,1.50,1.00
2018.05.07 10:27:33.974,0.88111,0.88119,1.50,1.50
2018.05.07 10:27:34.496,0.8811,0.88119,1.50,1.10
2018.05.07 10:27:35.018,0.88111,0.8812,1.50,2.62
2018.05.07 10:27:35.804,0.88111,0.88119,1.50,1.00
2018.05.07 10:27:36.320,0.88112,0.8812,1.50,3.00
2018.05.07 10:27:36.565,0.8811,0.8812,1.50,2.25
2018.05.07 10:27:36.823,0.88113,0.8812,1.50,3.75
2018.05.07 10:27:37.370,0.88112,0.88121,1.50,1.95
2018.05.07 10:27:37.924,0.88112,0.88121,1.50,1.95
2018.05.07 10:27:38.714,0.88112,0.8812,1.50,1.00
2018.05.07 10:27:39.037,0.88116,0.88124,1.50,2.62
2018.05.07 10:27:39.310,0.88114,0.88123,2.25,1.12
2018.05.07 10:27:40.845,0.88114,0.88124,1.50,2.70
2018.05.07 10:27:41.849,0.88114,0.88124,1.50,2.70
2018.05.07 10:27:43.887,0.88114,0.88124,1.50,3.45
2018.05.07 10:27:44.895,0.88114,0.88124,1.50,3.45
2018.05.07 10:27:45.155,0.88117,0.88124,1.50,2.70
2018.05.07 10:27:45.207,0.88115,0.88124,1.50,1.95
2018.05.07 10:27:45.308,0.88117,0.88123,1.50,1.20
2018.05.07 10:27:45.361,0.88113,0.88123,2.25,3.00
2018.05.07 10:27:45.917,0.88113,0.88123,1.50,4.57
2018.05.07 10:27:46.596,0.88113,0.88122,1.50,1.20
2018.05.07 10:27:47.153,0.88112,0.88121,1.50,1.57
2018.05.07 10:27:47.312,0.88112,0.88119,1.50,1.00
2018.05.07 10:27:47.825,0.88111,0.88119,1.50,1.00
2018.05.07 10:27:49.340,0.88111,0.88118,1.50,1.00
2018.05.07 10:27:49.842,0.88111,0.88119,1.50,2.62
2018.05.07 10:27:51.120,0.88112,0.88119,1.50,2.62
2018.05.07 10:27:51.519,0.8811,0.88118,1.50,1.00
2018.05.07 10:27:52.039,0.88111,0.88118,1.50,1.00
2018.05.07 10:27:52.667,0.88112,0.88118,1.50,1.00
2018.05.07 10:27:53.213,0.88112,0.88119,1.50,1.00
2018.05.07 10:27:55.395,0.88113,0.8812,1.50,1.95
2018.05.07 10:27:55.916,0.88114,0.88121,1.50,2.70
2018.05.07 10:27:56.452,0.88114,0.88121,1.50,2.32
2018.05.07 10:27:56.777,0.88112,0.88121,2.25,1.50
2018.05.07 10:27:56.952,0.88114,0.88121,1.50,1.50
2018.05.07 10:27:57.515,0.88113,0.88121,1.50,1.50
2018.05.07 10:27:58.121,0.88114,0.88121,1.50,1.50
2018.05.07 10:27:58.826,0.88113,0.88121,1.50,1.50
2018.05.07 10:27:59.348,0.88112,0.88121,1.50,1.00
2018.05.07 10:27:59.898,0.88112,0.88121,1.50,1.87
2018.05.07 10:28:00.585,0.88111,0.88121,1.87,2.70
2018.05.07 10:28:01.101,0.88111,0.88121,1.50,2.70
2018.05.07 10:28:01.482,0.88111,0.88119,1.50,2.25
2018.05.07 10:28:03.063,0.8811,0.88119,1.50,2.32
2018.05.07 10:28:03.619,0.88111,0.88118,1.50,1.20
2018.05.07 10:28:04.170,0.8811,0.88119,1.50,1.47
2018.05.07 10:28:04.716,0.88111,0.88119,1.50,1.95
2018.05.07 10:28:05.329,0.8811,0.88119,1.50,2.70
2018.05.07 10:28:06.039,0.8811,0.88118,1.50,1.10
2018.05.07 10:28:06.622,0.88109,0.88117,1.50,1.10
2018.05.07 10:28:07.967,0.8811,0.88118,1.50,1.12
2018.05.07 10:28:08.540,0.88112,0.88118,1.50,1.57
2018.05.07 10:28:09.113,0.88111,0.88119,1.50,1.57
2018.05.07 10:28:09.640,0.88112,0.88119,1.50,1.20
2018.05.07 10:28:10.382,0.88113,0.88119,1.50,1.20
2018.05.07 10:28:10.909,0.88113,0.8812,1.50,1.37
2018.05.07 10:28:11.394,0.88111,0.88121,1.50,4.57
2018.05.07 10:28:11.900,0.8811,0.88119,1.50,1.12
2018.05.07 10:28:12.410,0.88111,0.88119,1.50,2.62
2018.05.07 10:28:12.936,0.88109,0.88118,1.87,1.00
2018.05.07 10:28:12.987,0.88109,0.88116,1.87,1.00
2018.05.07 10:28:13.535,0.88109,0.88117,1.50,1.57
2018.05.07 10:28:14.045,0.88108,0.88116,1.50,1.00
2018.05.07 10:28:16.760,0.88109,0.88116,1.50,1.12
2018.05.07 10:28:17.309,0.88108,0.88116,1.50,1.12
2018.05.07 10:28:22.387,0.88109,0.88116,1.50,1.00
2018.05.07 10:28:23.202,0.88108,0.88116,1.50,1.00
2018.05.07 10:28:24.040,0.88109,0.88116,1.50,1.00
2018.05.07 10:28:24.583,0.88108,0.88115,1.50,1.00
2018.05.07 10:28:25.834,0.88107,0.88115,1.87,1.00
2018.05.07 10:28:28.357,0.88106,0.88115,1.50,1.57
2018.05.07 10:28:28.882,0.88106,0.88114,1.50,1.00
2018.05.07 10:28:29.415,0.88105,0.88113,1.50,1.00
2018.05.07 10:28:30.193,0.88105,0.88111,1.50,1.00
2018.05.07 10:28:30.520,0.88106,0.88113,1.50,1.00
2018.05.07 10:28:31.088,0.88108,0.88113,1.50,1.00
2018.05.07 10:28:31.786,0.88108,0.88114,1.50,1.00
2018.05.07 10:28:31.837,0.88106,0.88114,1.50,1.00
2018.05.07 10:28:31.990,0.88108,0.88113,1.50,1.00
2018.05.07 10:28:32.208,0.88106,0.88113,1.50,1.00
2018.05.07 10:28:32.734,0.88105,0.88113,2.70,1.00
2018.05.07 10:28:33.041,0.88107,0.88113,1.10,1.00
2018.05.07 10:28:33.441,0.88105,0.88112,2.70,1.00
2018.05.07 10:28:33.650,0.88107,0.88112,1.50,1.00
2018.05.07 10:28:33.702,0.88107,0.88114,1.50,1.12
2018.05.07 10:28:34.210,0.88106,0.88114,1.50,1.12
2018.05.07 10:28:34.314,0.88108,0.88114,1.50,1.12
2018.05.07 10:28:34.844,0.88108,0.88113,1.50,1.00
2018.05.07 10:28:35.376,0.88108,0.88114,1.50,1.00
2018.05.07 10:28:37.505,0.88106,0.88114,2.70,1.00
2018.05.07 10:28:38.044,0.88105,0.88114,2.70,1.00
2018.05.07 10:28:38.628,0.88105,0.88113,2.70,1.00
2018.05.07 10:28:42.309,0.88106,0.88114,1.10,1.00
2018.05.07 10:28:43.012,0.88105,0.88113,2.70,1.00
2018.05.07 10:28:45.584,0.88106,0.88113,1.10,1.00
2018.05.07 10:28:46.312,0.88105,0.88113,1.20,1.00
2018.05.07 10:28:48.702,0.88107,0.88113,1.10,1.00
2018.05.07 10:28:49.206,0.88108,0.88113,1.50,1.50
2018.05.07 10:28:49.702,0.88108,0.88115,1.50,1.12
2018.05.07 10:28:51.116,0.88107,0.88115,3.07,1.00
2018.05.07 10:28:51.921,0.88108,0.88113,1.10,1.00
2018.05.07 10:28:52.752,0.88107,0.88113,1.20,1.00
2018.05.07 10:28:52.906,0.88107,0.88115,1.20,1.50
2018.05.07 10:28:53.414,0.88107,0.88114,2.70,1.00
2018.05.07 10:28:53.972,0.88107,0.88115,2.70,1.50
2018.05.07 10:28:55.414,0.88108,0.88115,1.10,1.50
2018.05.07 10:28:58.344,0.88108,0.88114,1.10,1.50
2018.05.07 10:28:58.396,0.88106,0.88114,1.20,1.00
2018.05.07 10:28:59.018,0.88106,0.88115,2.70,1.50
2018.05.07 10:28:59.539,0.88106,0.88114,2.70,1.00
2018.05.07 10:29:00.087,0.88107,0.88114,1.50,1.00
2018.05.07 10:29:00.621,0.88106,0.88114,2.70,1.00
2018.05.07 10:29:01.524,0.88108,0.88114,1.50,1.00
2018.05.07 10:29:02.224,0.88107,0.88114,1.50,1.00
2018.05.07 10:29:03.476,0.88106,0.88114,1.20,1.00
2018.05.07 10:29:04.484,0.88106,0.88115,1.20,3.75
2018.05.07 10:29:05.019,0.88106,0.88114,1.20,1.00
2018.05.07 10:29:05.609,0.88107,0.88114,1.50,1.00
2018.05.07 10:29:06.147,0.88106,0.88115,2.70,1.87
2018.05.07 10:29:07.738,0.88107,0.88115,1.50,1.50
2018.05.07 10:29:09.547,0.88106,0.88115,2.70,1.50
2018.05.07 10:29:10.156,0.88107,0.88115,1.10,1.00
2018.05.07 10:29:10.367,0.88105,0.88115,3.07,4.12
2018.05.07 10:29:10.626,0.88106,0.88113,1.10,1.00
2018.05.07 10:29:12.737,0.88105,0.88113,1.57,1.00
2018.05.07 10:29:14.855,0.88104,0.88113,1.57,3.00
2018.05.07 10:29:15.457,0.88104,0.88112,1.57,1.00
2018.05.07 10:29:16.135,0.88105,0.88112,1.20,1.00
2018.05.07 10:29:16.713,0.88106,0.88112,1.10,1.00
2018.05.07 10:29:18.031,0.88105,0.88112,1.20,1.00
2018.05.07 10:29:18.595,0.88104,0.88112,1.20,1.00
2018.05.07 10:29:19.336,0.88103,0.88112,1.50,2.62
2018.05.07 10:29:19.646,0.88102,0.8811,1.20,1.50
2018.05.07 10:29:20.193,0.88101,0.8811,2.70,1.50
2018.05.07 10:29:20.504,0.88103,0.88111,1.50,1.50
2018.05.07 10:29:21.045,0.88104,0.88111,1.10,1.00
2018.05.07 10:29:21.586,0.88105,0.88112,1.50,1.50
2018.05.07 10:29:22.092,0.88103,0.88112,1.57,5.25
2018.05.07 10:29:22.633,0.88103,0.88111,1.50,1.00
2018.05.07 10:29:23.158,0.88102,0.88111,2.70,1.00
2018.05.07 10:29:23.719,0.88102,0.8811,2.70,1.00
2018.05.07 10:29:27.510,0.88102,0.88109,1.10,1.00
2018.05.07 10:29:28.035,0.88101,0.88108,1.10,1.00
2018.05.07 10:29:28.688,0.88101,0.88109,2.32,3.00
2018.05.07 10:29:28.902,0.88103,0.88109,1.57,1.00
2018.05.07 10:29:29.212,0.88105,0.88109,1.50,1.00
2018.05.07 10:29:29.266,0.88104,0.88111,1.50,1.12
2018.05.07 10:29:29.320,0.88106,0.88111,1.50,1.00
2018.05.07 10:29:29.841,0.88107,0.88112,1.50,1.87
2018.05.07 10:29:30.358,0.88106,0.88112,1.50,1.50
2018.05.07 10:29:30.926,0.88105,0.88112,2.70,1.00
2018.05.07 10:29:31.461,0.88106,0.88112,1.50,1.00
2018.05.07 10:29:32.052,0.88107,0.88112,1.50,1.00
2018.05.07 10:29:32.752,0.88106,0.88112,1.50,1.00
2018.05.07 10:29:33.911,0.88105,0.88112,2.70,1.00
2018.05.07 10:29:34.448,0.88106,0.88112,1.50,1.00
2018.05.07 10:29:34.975,0.88105,0.88112,2.70,1.00
2018.05.07 10:29:35.571,0.88106,0.88112,1.50,1.00
2018.05.07 10:29:36.076,0.88105,0.88112,1.20,1.00
2018.05.07 10:29:36.607,0.88104,0.88112,2.32,1.00
2018.05.07 10:29:37.188,0.88103,0.88111,2.70,1.50
2018.05.07 10:29:39.368,0.88104,0.88111,1.20,1.50
2018.05.07 10:29:39.891,0.88104,0.88112,1.50,2.62
2018.05.07 10:29:40.409,0.88106,0.88112,1.20,1.50
2018.05.07 10:29:40.971,0.88106,0.88113,2.32,1.00
2018.05.07 10:29:45.509,0.88107,0.88113,1.50,1.00
2018.05.07 10:29:46.042,0.88106,0.88113,2.70,1.00
2018.05.07 10:29:46.582,0.88107,0.88113,1.50,1.00
2018.05.07 10:29:46.877,0.88107,0.88115,1.50,1.50
2018.05.07 10:29:47.643,0.88106,0.88115,2.70,1.50
2018.05.07 10:29:48.610,0.88107,0.88115,1.50,1.50
2018.05.07 10:29:49.536,0.88106,0.88115,3.45,1.50
2018.05.07 10:29:54.682,0.88107,0.88115,1.10,1.12
2018.05.07 10:29:55.706,0.88107,0.88114,1.10,1.00
2018.05.07 10:29:56.663,0.88107,0.88115,1.10,4.50
2018.05.07 10:29:57.338,0.88106,0.88115,2.70,3.75
2018.05.07 10:29:57.993,0.88105,0.88113,1.20,1.00
2018.05.07 10:29:58.622,0.88104,0.88113,2.70,1.50
2018.05.07 10:29:59.145,0.88105,0.88113,2.32,1.50
2018.05.07 10:30:00.035,0.88104,0.88113,2.70,1.50
2018.05.07 10:30:00.384,0.88106,0.88113,1.50,1.50
2018.05.07 10:30:00.651,0.88104,0.88113,1.20,3.00
2018.05.07 10:30:00.841,0.88105,0.88111,2.32,1.00
2018.05.07 10:30:01.357,0.88104,0.88112,1.57,1.00
2018.05.07 10:30:02.615,0.88104,0.88114,3.45,6.00
2018.05.07 10:30:03.135,0.88105,0.88113,1.20,1.00
2018.05.07 10:30:03.672,0.88106,0.88114,1.57,1.50
2018.05.07 10:30:03.985,0.88108,0.88116,1.00,1.00
2018.05.07 10:30:04.501,0.88109,0.88117,2.32,4.12
2018.05.07 10:30:05.386,0.8811,0.88117,1.10,2.62
2018.05.07 10:30:06.411,0.8811,0.88117,1.20,3.37
2018.05.07 10:30:07.500,0.8811,0.88116,1.20,1.50
2018.05.07 10:30:08.090,0.8811,0.88117,1.10,2.62
2018.05.07 10:30:09.027,0.8811,0.88116,1.10,1.00
2018.05.07 10:30:09.541,0.88109,0.88117,1.95,2.62
2018.05.07 10:30:12.584,0.88109,0.88116,1.95,1.00
2018.05.07 10:30:13.090,0.8811,0.88116,1.50,1.00
2018.05.07 10:30:13.606,0.88109,0.88115,1.57,1.00
2018.05.07 10:30:13.709,0.88109,0.88117,1.57,2.25
2018.05.07 10:30:14.249,0.88109,0.88116,1.57,1.00
2018.05.07 10:30:14.822,0.88109,0.88117,1.57,2.25
2018.05.07 10:30:15.462,0.88109,0.88117,1.00,4.12
2018.05.07 10:30:16.551,0.88109,0.88117,1.00,1.87
2018.05.07 10:30:18.366,0.88108,0.88115,2.25,1.00
2018.05.07 10:30:18.675,0.88106,0.88115,1.95,3.37
2018.05.07 10:30:19.259,0.88106,0.88114,3.45,1.87
2018.05.07 10:30:19.886,0.88108,0.88114,1.10,1.87
2018.05.07 10:30:21.120,0.88108,0.88115,1.57,1.50
2018.05.07 10:30:21.423,0.88108,0.88114,1.00,4.69
2018.05.07 10:30:21.478,0.88104,0.88114,3.45,4.69
2018.05.07 10:30:21.685,0.88106,0.88114,1.00,1.87
2018.05.07 10:30:22.240,0.88105,0.88113,1.20,1.87
2018.05.07 10:30:23.867,0.88105,0.88113,1.95,2.62
2018.05.07 10:30:24.426,0.88104,0.88113,1.00,3.37
2018.05.07 10:30:25.085,0.88104,0.88113,1.00,2.62
2018.05.07 10:30:25.832,0.88104,0.88113,1.00,3.07
2018.05.07 10:30:26.337,0.88103,0.88113,2.25,3.75
2018.05.07 10:30:37.158,0.88104,0.88113,1.50,3.75
2018.05.07 10:30:37.876,0.88104,0.88113,1.50,3.37
2018.05.07 10:30:38.862,0.88104,0.88113,1.50,6.56
2018.05.07 10:30:52.292,0.88104,0.88113,1.50,1.87
2018.05.07 10:31:03.989,0.88103,0.88113,3.45,3.56
2018.05.07 10:31:16.733,0.88103,0.88112,3.45,1.00
2018.05.07 10:31:17.324,0.88103,0.88113,3.45,3.37
2018.05.07 10:31:22.758,0.88105,0.88113,1.10,1.87
2018.05.07 10:31:23.963,0.88105,0.88112,1.00,1.50
2018.05.07 10:31:24.855,0.88105,0.8811,1.00,1.50
2018.05.07 10:31:24.908,0.88103,0.88111,1.00,3.75
2018.05.07 10:31:24.962,0.88103,0.88109,1.00,1.00
2018.05.07 10:31:25.471,0.88102,0.8811,1.10,3.75
2018.05.07 10:31:26.788,0.88101,0.8811,1.00,3.00
2018.05.07 10:31:27.302,0.881,0.88109,1.95,1.12
2018.05.07 10:31:32.993,0.88101,0.88108,1.10,2.25
2018.05.07 10:31:33.560,0.881,0.88108,1.20,2.25
2018.05.07 10:31:38.301,0.881,0.88109,1.20,2.06
2018.05.07 10:31:42.934,0.881,0.88108,1.20,1.00
2018.05.07 10:31:48.834,0.88099,0.88105,1.00,1.00
2018.05.07 10:31:49.045,0.88097,0.88105,1.00,1.50
2018.05.07 10:31:49.598,0.88097,0.88105,2.70,1.50
2018.05.07 10:32:00.725,0.88099,0.88107,1.50,1.87
2018.05.07 10:32:00.777,0.88101,0.88108,1.20,1.87
2018.05.07 10:32:01.378,0.881,0.88108,1.95,3.37
2018.05.07 10:32:01.888,0.881,0.88108,1.95,3.00
2018.05.07 10:32:02.943,0.88101,0.88108,1.10,1.00
2018.05.07 10:32:04.024,0.881,0.88108,1.57,1.00
2018.05.07 10:32:08.077,0.88101,0.88108,1.00,1.00
2018.05.07 10:32:08.340,0.88101,0.8811,1.00,4.50
2018.05.07 10:32:09.594,0.88101,0.88109,2.25,1.50
2018.05.07 10:32:09.913,0.88103,0.88111,1.50,1.47
2018.05.07 10:32:10.019,0.88103,0.88112,1.50,1.95
2018.05.07 10:32:10.564,0.88102,0.88111,2.25,1.50
2018.05.07 10:32:11.131,0.88102,0.8811,1.00,1.00
2018.05.07 10:32:11.660,0.88101,0.8811,2.25,2.25
2018.05.07 10:32:13.270,0.88102,0.8811,1.50,1.37
2018.05.07 10:32:14.173,0.88102,0.88111,1.50,2.25
2018.05.07 10:32:15.467,0.88101,0.88111,2.62,3.00
2018.05.07 10:32:21.116,0.88102,0.88111,1.50,1.87
2018.05.07 10:32:28.660,0.88103,0.88111,1.00,1.87
2018.05.07 10:32:28.767,0.88104,0.88113,1.50,1.50
2018.05.07 10:32:28.922,0.88106,0.88114,1.50,3.07
2018.05.07 10:32:29.775,0.88106,0.88113,1.50,1.00
2018.05.07 10:32:29.878,0.88104,0.88113,2.25,1.00
2018.05.07 10:32:30.085,0.88104,0.88111,1.00,1.50
2018.05.07 10:32:30.613,0.88103,0.88111,1.50,1.50
2018.05.07 10:32:31.398,0.88102,0.88111,1.00,3.19
2018.05.07 10:32:32.064,0.88101,0.88111,1.87,3.00
2018.05.07 10:32:32.574,0.88102,0.8811,1.50,3.00
2018.05.07 10:32:33.112,0.88099,0.88109,2.25,1.00
2018.05.07 10:32:33.751,0.88099,0.88108,2.25,1.00
2018.05.07 10:32:34.369,0.88098,0.88108,2.62,3.45
2018.05.07 10:32:36.553,0.88098,0.88107,2.25,1.00
2018.05.07 10:32:37.826,0.88098,0.88106,1.50,1.00
2018.05.07 10:32:38.377,0.88098,0.88107,2.25,1.50
2018.05.07 10:32:39.985,0.88099,0.88107,1.50,1.00
2018.05.07 10:32:43.114,0.88099,0.88106,1.50,1.00
2018.05.07 10:32:43.218,0.88101,0.88109,1.50,2.70
2018.05.07 10:32:43.320,0.88101,0.8811,1.50,4.12
2018.05.07 10:32:43.859,0.88101,0.8811,2.25,1.50
2018.05.07 10:32:44.383,0.88101,0.88109,2.25,1.00
2018.05.07 10:32:46.013,0.881,0.88109,3.00,1.00
2018.05.07 10:32:48.796,0.88099,0.88109,2.25,3.37
2018.05.07 10:32:49.762,0.88099,0.88109,1.50,2.89
2018.05.07 10:32:51.148,0.88098,0.88109,3.75,3.64
2018.05.07 10:32:51.974,0.88098,0.88108,3.00,1.50
2018.05.07 10:32:53.914,0.88099,0.88108,1.50,1.12
2018.05.07 10:32:54.575,0.88099,0.88108,1.50,1.50
2018.05.07 10:32:59.759,0.881,0.88107,1.50,1.12
2018.05.07 10:33:00.239,0.88098,0.88106,2.25,1.00
2018.05.07 10:33:00.750,0.88099,0.88107,1.50,1.00
2018.05.07 10:33:01.108,0.88102,0.8811,1.50,2.25
2018.05.07 10:33:01.210,0.88104,0.88113,1.50,1.57
2018.05.07 10:33:01.617,0.88106,0.88114,1.50,1.95
2018.05.07 10:33:02.135,0.88106,0.88114,1.50,1.87
2018.05.07 10:33:02.745,0.88105,0.88113,1.00,1.00
2018.05.07 10:33:03.052,0.88104,0.88111,1.50,1.00
2018.05.07 10:33:10.217,0.88103,0.88111,1.00,1.10
2018.05.07 10:33:10.270,0.88101,0.88111,2.62,2.32
2018.05.07 10:33:10.428,0.88101,0.88109,1.50,1.00
2018.05.07 10:33:11.359,0.881,0.88109,1.50,1.00
2018.05.07 10:33:11.882,0.88101,0.88109,1.50,1.00
2018.05.07 10:33:12.309,0.88103,0.88111,1.50,1.95
2018.05.07 10:33:13.025,0.88103,0.88112,1.50,3.07
2018.05.07 10:33:17.612,0.88102,0.88112,1.50,4.57
2018.05.07 10:33:18.280,0.881,0.88111,3.75,3.45
2018.05.07 10:33:18.808,0.881,0.8811,2.25,1.00
2018.05.07 10:33:26.582,0.881,0.88111,2.25,1.95
2018.05.07 10:33:34.524,0.881,0.88109,1.00,1.00
2018.05.07 10:33:34.756,0.88096,0.88107,3.37,2.62
2018.05.07 10:33:34.858,0.88096,0.88105,2.25,1.12
2018.05.07 10:33:35.842,0.88096,0.88105,1.50,2.62
2018.05.07 10:33:37.028,0.88096,0.88104,1.50,1.00
2018.05.07 10:33:37.670,0.88096,0.88105,1.50,2.25
2018.05.07 10:33:38.101,0.88094,0.88103,3.00,1.00
2018.05.07 10:33:40.360,0.88095,0.88103,1.50,1.00
2018.05.07 10:33:41.593,0.88095,0.88104,2.25,1.50
2018.05.07 10:33:41.907,0.88097,0.88106,1.50,2.62
2018.05.07 10:33:42.810,0.88097,0.88106,1.50,1.87
2018.05.07 10:33:45.790,0.88097,0.88106,1.50,1.87
2018.05.07 10:33:46.782,0.88095,0.88106,5.25,1.87
2018.05.07 10:33:47.362,0.88096,0.88106,1.50,2.62
2018.05.07 10:33:47.907,0.88095,0.88105,1.12,2.25
2018.05.07 10:33:48.432,0.88095,0.88104,1.12,1.00
2018.05.07 10:33:49.042,0.88095,0.88105,1.12,3.00
2018.05.07 10:33:50.241,0.88095,0.88104,1.12,1.00
2018.05.07 10:33:50.742,0.88095,0.88105,1.12,3.00
2018.05.07 10:33:50.955,0.88095,0.88103,1.00,1.50
2018.05.07 10:33:51.227,0.88091,0.88101,4.95,1.50
2018.05.07 10:33:51.652,0.88093,0.88103,3.37,1.00
2018.05.07 10:33:52.184,0.88094,0.88103,2.25,1.00
2018.05.07 10:33:52.713,0.88093,0.88104,5.25,2.62
2018.05.07 10:33:53.803,0.88093,0.88104,3.75,2.62
2018.05.07 10:33:54.332,0.88094,0.88103,1.00,1.00
2018.05.07 10:33:54.834,0.88093,0.88104,1.87,2.62
2018.05.07 10:33:55.378,0.88093,0.88103,3.37,1.00
2018.05.07 10:33:55.991,0.88093,0.88104,1.87,2.62
2018.05.07 10:33:56.651,0.88093,0.88103,1.87,1.00
2018.05.07 10:33:59.740,0.88093,0.88104,1.87,3.37
2018.05.07 10:34:02.611,0.88094,0.88104,1.00,4.12
2018.05.07 10:34:03.416,0.88094,0.88103,1.12,1.00
2018.05.07 10:34:04.156,0.88094,0.88104,1.12,4.12
2018.05.07 10:34:05.388,0.88094,0.88103,1.12,1.00
2018.05.07 10:34:05.930,0.88094,0.88104,1.12,4.12
2018.05.07 10:34:06.583,0.88094,0.88103,1.12,1.00
2018.05.07 10:34:07.245,0.88094,0.88104,1.12,4.12
2018.05.07 10:34:08.438,0.88094,0.88103,1.20,1.00
2018.05.07 10:34:10.718,0.88094,0.88104,1.20,4.12
2018.05.07 10:34:13.076,0.88094,0.88103,1.20,1.00
2018.05.07 10:34:13.735,0.88094,0.88104,1.10,3.75
2018.05.07 10:34:14.256,0.88094,0.88103,1.10,1.50
2018.05.07 10:34:16.140,0.88094,0.88104,1.20,4.12
2018.05.07 10:34:16.679,0.88096,0.88104,1.50,2.62
2018.05.07 10:34:17.526,0.88096,0.88105,1.50,1.57
2018.05.07 10:34:18.167,0.88097,0.88105,1.00,1.12
2018.05.07 10:34:20.965,0.88097,0.88106,2.25,3.00
2018.05.07 10:34:22.339,0.88098,0.88106,1.00,3.37
2018.05.07 10:34:25.165,0.88097,0.88106,1.12,3.00
2018.05.07 10:34:25.722,0.88096,0.88105,1.50,2.25
2018.05.07 10:34:26.313,0.88096,0.88105,1.12,2.25
2018.05.07 10:34:47.095,0.88098,0.88105,1.00,1.12
2018.05.07 10:34:47.355,0.88099,0.88108,1.50,2.32
2018.05.07 10:34:47.901,0.88098,0.88106,2.25,1.00
2018.05.07 10:34:48.411,0.88098,0.88107,2.25,1.95
2018.05.07 10:34:48.969,0.88098,0.88106,2.25,1.00
2018.05.07 10:34:53.189,0.88099,0.88106,1.50,1.00
2018.05.07 10:34:53.701,0.88098,0.88106,2.25,1.00
2018.05.07 10:34:54.248,0.88098,0.88107,2.25,1.95
2018.05.07 10:34:55.100,0.88098,0.88106,2.25,1.00
2018.05.07 10:34:55.628,0.88099,0.88107,1.50,1.12
2018.05.07 10:34:55.679,0.88102,0.88107,1.50,1.12
2018.05.07 10:34:55.732,0.88102,0.88109,1.50,1.12
2018.05.07 10:34:56.260,0.88102,0.8811,2.25,1.50
2018.05.07 10:34:58.218,0.88101,0.8811,2.25,4.87
2018.05.07 10:34:58.322,0.88101,0.88108,1.00,2.25
2018.05.07 10:34:58.636,0.88097,0.88105,1.50,1.00
2018.05.07 10:34:58.982,0.88095,0.88104,3.75,1.00
2018.05.07 10:34:59.797,0.88097,0.88103,1.50,1.00
2018.05.07 10:34:59.849,0.88095,0.88103,2.25,1.00
2018.05.07 10:35:00.492,0.88095,0.88104,1.50,1.50
2018.05.07 10:35:02.327,0.88096,0.88104,1.50,1.00
2018.05.07 10:35:02.876,0.88096,0.88105,1.50,2.62
2018.05.07 10:35:03.131,0.88095,0.88103,1.00,1.50
2018.05.07 10:35:03.633,0.88093,0.88103,3.37,1.50
2018.05.07 10:35:06.049,0.88094,0.88102,2.25,1.50
2018.05.07 10:35:06.560,0.88095,0.88102,1.50,1.00
2018.05.07 10:35:07.022,0.88096,0.88104,1.50,2.62
2018.05.07 10:35:07.720,0.88096,0.88103,1.50,1.00
2018.05.07 10:35:08.320,0.88097,0.88103,1.50,1.50
2018.05.07 10:35:08.860,0.88095,0.88103,1.50,1.00
2018.05.07 10:35:09.386,0.88096,0.88103,1.50,1.00
2018.05.07 10:35:09.981,0.88095,0.88103,1.50,1.00
2018.05.07 10:35:10.911,0.88096,0.88103,1.50,1.00
2018.05.07 10:35:11.066,0.88098,0.88103,1.50,1.00
2018.05.07 10:35:11.366,0.88099,0.88106,1.50,1.50
2018.05.07 10:35:11.432,0.88097,0.88106,1.50,1.50
2018.05.07 10:35:11.587,0.88099,0.88107,1.50,2.62
2018.05.07 10:35:11.640,0.88097,0.88107,2.25,2.70
2018.05.07 10:35:12.483,0.88098,0.88107,1.00,2.70
2018.05.07 10:35:13.095,0.88097,0.88107,1.50,4.39
2018.05.07 10:35:13.619,0.88096,0.88105,1.10,1.00
2018.05.07 10:35:14.466,0.88096,0.88104,1.50,1.00
2018.05.07 10:35:15.588,0.88096,0.88105,1.50,2.25
2018.05.07 10:35:17.081,0.88097,0.88104,1.00,1.00
2018.05.07 10:35:17.658,0.88096,0.88105,2.25,1.50
2018.05.07 10:35:18.327,0.88098,0.88107,1.50,3.94
2018.05.07 10:35:18.793,0.88096,0.88107,2.25,4.12
2018.05.07 10:35:19.345,0.88098,0.88107,1.50,2.62
2018.05.07 10:35:19.603,0.88096,0.88106,3.37,1.00
2018.05.07 10:35:20.415,0.88097,0.88106,1.50,1.00
2018.05.07 10:35:20.926,0.88096,0.88105,1.12,1.00
2018.05.07 10:35:21.710,0.88096,0.88104,2.62,1.00
2018.05.07 10:35:22.944,0.88095,0.88105,3.07,1.00
2018.05.07 10:35:23.858,0.88097,0.88105,1.50,3.07
2018.05.07 10:35:23.910,0.88095,0.88105,1.50,3.07
2018.05.07 10:35:24.471,0.88095,0.88104,2.25,1.87
2018.05.07 10:35:25.437,0.88094,0.88104,2.62,1.12
2018.05.07 10:35:25.952,0.88095,0.88104,1.50,1.12
2018.05.07 10:35:26.276,0.88093,0.88103,3.37,1.00
2018.05.07 10:35:27.446,0.88093,0.88102,2.25,1.50
2018.05.07 10:35:27.969,0.88093,0.88103,1.00,3.37
2018.05.07 10:35:28.334,0.88095,0.88103,1.50,1.12
2018.05.07 10:35:28.836,0.88094,0.88103,1.57,1.12
2018.05.07 10:35:29.406,0.88095,0.88104,2.25,2.62
2018.05.07 10:35:29.713,0.88097,0.88105,1.50,3.00
2018.05.07 10:35:30.387,0.88098,0.88105,1.50,1.50
2018.05.07 10:35:30.564,0.88096,0.88105,3.37,1.12
2018.05.07 10:35:31.293,0.88097,0.88105,1.50,1.12
2018.05.07 10:35:31.996,0.88096,0.88105,2.25,1.00
2018.05.07 10:35:32.498,0.88097,0.88105,1.50,2.62
2018.05.07 10:35:33.098,0.88096,0.88105,2.25,1.12
2018.05.07 10:35:33.642,0.88097,0.88105,1.50,1.12
2018.05.07 10:35:34.051,0.88096,0.88104,2.25,1.20
2018.05.07 10:35:34.569,0.88094,0.88103,2.25,1.10
2018.05.07 10:35:36.694,0.88095,0.88103,1.50,1.10
2018.05.07 10:35:37.464,0.88094,0.88103,1.00,2.32
2018.05.07 10:35:38.263,0.88094,0.88102,1.00,1.00
2018.05.07 10:35:39.060,0.88094,0.88103,1.00,2.70
2018.05.07 10:35:42.444,0.88094,0.88102,1.00,1.00
2018.05.07 10:35:42.990,0.88094,0.88103,2.25,1.95
2018.05.07 10:35:50.143,0.88095,0.88103,1.50,2.32
2018.05.07 10:35:50.691,0.88094,0.88103,2.25,2.32
2018.05.07 10:35:51.258,0.88095,0.88103,1.50,2.32
2018.05.07 10:35:51.804,0.88095,0.88103,1.50,4.57
2018.05.07 10:35:52.351,0.88094,0.88103,2.25,2.32
2018.05.07 10:35:52.870,0.88095,0.88103,1.50,2.32
2018.05.07 10:35:53.390,0.88094,0.88102,2.25,1.87
2018.05.07 10:35:54.300,0.88094,0.88103,1.00,3.07
2018.05.07 10:35:54.962,0.88094,0.88101,1.00,1.95
2018.05.07 10:35:55.193,0.88091,0.881,1.87,1.50
2018.05.07 10:35:56.665,0.88091,0.881,1.50,2.32
2018.05.07 10:36:00.241,0.88092,0.881,1.50,1.57
2018.05.07 10:36:00.832,0.88091,0.881,1.00,1.57
2018.05.07 10:36:03.299,0.88092,0.881,1.00,1.20
2018.05.07 10:36:04.924,0.88091,0.881,2.25,1.20
2018.05.07 10:36:05.079,0.88093,0.88101,1.50,2.32
2018.05.07 10:36:07.772,0.88093,0.88101,1.50,1.50
2018.05.07 10:36:08.443,0.88093,0.88102,1.50,1.87
2018.05.07 10:36:11.075,0.88093,0.88102,1.50,1.87
2018.05.07 10:36:13.359,0.88092,0.88101,2.62,1.87
2018.05.07 10:36:14.087,0.88091,0.88101,1.87,1.69
2018.05.07 10:36:16.021,0.88091,0.88102,3.37,4.95
2018.05.07 10:36:20.854,0.88091,0.88101,3.00,1.50
2018.05.07 10:36:21.429,0.88092,0.88101,1.50,1.50
2018.05.07 10:36:24.177,0.88092,0.88102,2.25,2.70
2018.05.07 10:36:24.513,0.88094,0.88101,1.00,1.00
2018.05.07 10:36:25.064,0.88093,0.88102,1.00,2.62
2018.05.07 10:36:25.935,0.88092,0.88102,3.37,2.25
2018.05.07 10:36:26.870,0.88093,0.88102,1.00,2.62
2018.05.07 10:36:27.374,0.88092,0.88102,3.45,2.62
2018.05.07 10:36:30.508,0.88093,0.88102,1.00,3.37
2018.05.07 10:36:31.821,0.88093,0.88101,1.00,1.50
2018.05.07 10:36:32.362,0.88092,0.88101,2.25,1.50
2018.05.07 10:36:36.135,0.88093,0.88101,1.50,1.50
2018.05.07 10:36:36.667,0.88092,0.88102,2.62,1.12
2018.05.07 10:36:37.250,0.88092,0.88101,2.62,1.50
2018.05.07 10:36:37.868,0.88092,0.88102,2.62,2.62
2018.05.07 10:36:38.731,0.88093,0.88101,1.57,1.50
2018.05.07 10:36:40.766,0.88092,0.88103,2.32,3.37
2018.05.07 10:36:41.308,0.88093,0.88102,2.32,1.00
2018.05.07 10:36:43.181,0.88094,0.88102,1.00,1.00
2018.05.07 10:36:43.724,0.88093,0.88102,3.07,1.00
2018.05.07 10:36:44.664,0.88094,0.88102,1.00,1.00
2018.05.07 10:36:45.455,0.88093,0.88102,3.07,1.00
2018.05.07 10:36:45.814,0.88092,0.88099,1.87,1.00
2018.05.07 10:36:45.866,0.88093,0.88101,1.50,1.12
2018.05.07 10:36:46.091,0.88095,0.88102,1.00,1.57
2018.05.07 10:36:46.143,0.88095,0.88104,2.25,1.95
2018.05.07 10:36:46.196,0.88097,0.88104,1.50,1.87
2018.05.07 10:36:46.742,0.88096,0.88106,2.25,1.87
2018.05.07 10:36:46.952,0.88098,0.88106,2.62,1.12
2018.05.07 10:36:47.232,0.881,0.88111,4.12,3.00
2018.05.07 10:36:47.748,0.881,0.8811,3.37,1.25
2018.05.07 10:36:52.836,0.88099,0.8811,3.75,3.00
2018.05.07 10:36:53.446,0.881,0.8811,1.00,3.75
2018.05.07 10:36:54.001,0.88099,0.8811,4.50,3.00
2018.05.07 10:36:54.509,0.881,0.8811,1.50,3.00
2018.05.07 10:36:55.049,0.88099,0.8811,3.37,3.00
2018.05.07 10:36:55.190,0.88099,0.88108,3.37,1.50
2018.05.07 10:36:55.351,0.88099,0.8811,3.37,3.00
2018.05.07 10:36:55.777,0.88101,0.8811,1.50,1.00
2018.05.07 10:36:56.152,0.88103,0.88112,1.50,1.95
2018.05.07 10:36:57.134,0.88103,0.88113,2.25,4.20
2018.05.07 10:36:57.982,0.88103,0.88113,1.50,4.20
2018.05.07 10:36:58.510,0.88104,0.88113,1.50,4.20
2018.05.07 10:36:59.026,0.88104,0.88112,1.50,1.50
2018.05.07 10:36:59.568,0.88103,0.88113,2.62,4.20
2018.05.07 10:37:00.201,0.88103,0.88112,2.62,1.50
2018.05.07 10:37:00.770,0.88104,0.88113,1.00,2.70
2018.05.07 10:37:01.091,0.88101,0.8811,1.00,1.50
2018.05.07 10:37:01.632,0.88101,0.88109,1.00,2.62
2018.05.07 10:37:01.736,0.88098,0.88108,2.32,1.50
2018.05.07 10:37:02.256,0.88099,0.88108,1.50,1.00
2018.05.07 10:37:02.809,0.88098,0.88109,3.45,3.45
2018.05.07 10:37:03.338,0.88099,0.88109,1.50,3.37
2018.05.07 10:37:03.850,0.88099,0.88109,1.50,1.87
2018.05.07 10:37:04.381,0.88098,0.88107,1.00,1.50
2018.05.07 10:37:04.901,0.88097,0.88107,1.50,1.00
2018.05.07 10:37:06.373,0.88097,0.88106,1.50,1.00
2018.05.07 10:37:06.922,0.88097,0.88107,1.50,3.37
2018.05.07 10:37:07.471,0.88098,0.88107,1.50,3.37
2018.05.07 10:37:07.897,0.88096,0.88106,1.12,2.25
2018.05.07 10:37:07.951,0.88094,0.88104,6.07,1.00
2018.05.07 10:37:08.467,0.88095,0.88103,1.50,1.50
2018.05.07 10:37:09.009,0.88094,0.88103,1.00,1.00
2018.05.07 10:37:09.620,0.88094,0.88104,1.00,3.37
2018.05.07 10:37:11.056,0.88094,0.88103,1.00,1.50
2018.05.07 10:37:11.557,0.88094,0.88104,1.00,3.37
2018.05.07 10:37:12.516,0.88094,0.88103,2.25,1.00
2018.05.07 10:37:13.051,0.88094,0.88104,2.25,2.62
2018.05.07 10:37:14.466,0.88094,0.88103,2.25,1.00
2018.05.07 10:37:14.989,0.88093,0.88104,2.25,4.87
2018.05.07 10:37:15.501,0.88093,0.88103,1.57,1.50
2018.05.07 10:37:16.042,0.88094,0.88103,1.00,1.00
2018.05.07 10:37:16.602,0.88093,0.88103,1.00,1.50
2018.05.07 10:37:18.339,0.88093,0.88104,2.62,4.87
2018.05.07 10:37:18.900,0.88093,0.88103,3.37,1.50
2018.05.07 10:37:19.637,0.88094,0.88103,1.50,1.87
2018.05.07 10:37:23.363,0.88095,0.88103,1.50,2.25
2018.05.07 10:37:23.685,0.88093,0.88103,3.75,1.00
2018.05.07 10:37:24.303,0.88093,0.88104,3.00,4.87
2018.05.07 10:37:24.784,0.88093,0.88102,3.37,1.50
2018.05.07 10:37:25.290,0.88093,0.88104,3.37,5.25
2018.05.07 10:37:25.876,0.88093,0.88104,3.00,4.87
2018.05.07 10:37:26.384,0.88093,0.88103,1.50,1.50
2018.05.07 10:37:31.059,0.88093,0.88101,3.00,1.50
2018.05.07 10:37:31.566,0.88093,0.88102,1.50,1.50
2018.05.07 10:37:32.076,0.88093,0.88103,1.50,1.50
2018.05.07 10:37:33.378,0.88094,0.88103,1.00,2.25
2018.05.07 10:37:35.379,0.88093,0.88103,1.87,1.50
2018.05.07 10:37:35.737,0.88092,0.88101,1.87,1.50
2018.05.07 10:37:36.287,0.88092,0.88102,1.87,3.00
2018.05.07 10:37:36.808,0.88092,0.88101,2.62,1.50
2018.05.07 10:37:43.864,0.88092,0.88099,1.12,1.50
2018.05.07 10:37:43.966,0.88092,0.88101,2.62,1.50
2018.05.07 10:37:44.558,0.88093,0.88102,1.00,4.12
2018.05.07 10:37:45.085,0.88092,0.88102,2.32,1.50
2018.05.07 10:37:46.640,0.88092,0.88103,3.07,3.75
2018.05.07 10:37:47.153,0.88093,0.88103,1.50,3.00
2018.05.07 10:37:48.072,0.88093,0.88102,1.50,1.00
2018.05.07 10:37:48.682,0.88093,0.88103,1.50,3.00
2018.05.07 10:37:51.093,0.88093,0.88102,1.50,1.00
2018.05.07 10:37:53.227,0.88094,0.88102,1.50,1.00
2018.05.07 10:37:53.357,0.88092,0.88102,4.50,2.25
2018.05.07 10:37:53.620,0.88094,0.88103,1.50,1.87
2018.05.07 10:37:53.879,0.88092,0.88103,4.31,2.70
2018.05.07 10:37:54.556,0.88092,0.881,1.57,1.50
2018.05.07 10:37:54.820,0.88092,0.88102,1.95,1.50
2018.05.07 10:37:55.601,0.88092,0.88102,2.25,1.57
2018.05.07 10:37:55.778,0.88094,0.88103,1.50,4.12
2018.05.07 10:37:56.296,0.88093,0.88103,1.57,4.31
2018.05.07 10:37:56.837,0.88095,0.88102,1.50,1.50
2018.05.07 10:37:57.032,0.88093,0.88103,1.95,4.31
2018.05.07 10:37:57.566,0.88093,0.88102,1.20,1.50
2018.05.07 10:37:58.566,0.88094,0.88102,1.50,1.50
2018.05.07 10:37:59.156,0.88093,0.88103,1.50,3.19
2018.05.07 10:37:59.970,0.88093,0.88102,1.50,1.00
2018.05.07 10:38:00.495,0.88093,0.88103,1.50,3.00
2018.05.07 10:38:00.931,0.88093,0.88103,2.62,3.00
2018.05.07 10:38:00.983,0.88093,0.88102,2.25,1.00
2018.05.07 10:38:01.382,0.88095,0.88103,1.50,2.44
2018.05.07 10:38:02.175,0.88096,0.88104,1.50,2.62
2018.05.07 10:38:02.489,0.88099,0.88107,1.50,5.32
2018.05.07 10:38:02.868,0.88097,0.88107,1.50,5.89
2018.05.07 10:38:03.714,0.88096,0.88106,2.25,1.87
2018.05.07 10:38:04.568,0.88098,0.88106,1.50,2.62
2018.05.07 10:38:05.451,0.88098,0.88106,1.50,2.81
2018.05.07 10:38:06.121,0.88097,0.88106,1.50,2.62
2018.05.07 10:38:08.118,0.88096,0.88104,1.12,1.50
2018.05.07 10:38:08.634,0.88095,0.88103,1.50,2.25
2018.05.07 10:38:09.224,0.88094,0.88103,2.25,1.00
2018.05.07 10:38:09.861,0.88094,0.88102,1.00,1.50
2018.05.07 10:38:10.489,0.88094,0.88103,2.25,3.75
2018.05.07 10:38:11.058,0.88095,0.88103,1.50,1.50
2018.05.07 10:38:11.621,0.88094,0.88103,2.25,1.12
2018.05.07 10:38:11.970,0.88096,0.88103,1.50,2.62
2018.05.07 10:38:12.584,0.88095,0.88103,1.50,3.00
2018.05.07 10:38:13.355,0.88096,0.88103,1.50,3.00
2018.05.07 10:38:14.471,0.88094,0.88103,2.25,1.12
2018.05.07 10:38:15.013,0.88095,0.88103,1.50,1.87
2018.05.07 10:38:18.934,0.88094,0.88103,2.25,3.00
2018.05.07 10:38:19.466,0.88095,0.88103,1.50,2.25
2018.05.07 10:38:20.239,0.88096,0.88103,1.50,1.12
2018.05.07 10:38:20.773,0.88095,0.88103,1.50,1.87
2018.05.07 10:38:21.711,0.88095,0.88102,1.50,1.00
2018.05.07 10:38:22.500,0.88094,0.88102,2.25,1.00
2018.05.07 10:38:23.031,0.88093,0.88102,1.87,3.00
2018.05.07 10:38:23.085,0.8809,0.881,3.00,2.62
2018.05.07 10:38:23.295,0.88092,0.881,1.50,1.12
2018.05.07 10:38:25.211,0.88091,0.88099,1.50,1.00
2018.05.07 10:38:25.722,0.88091,0.881,2.25,1.00
2018.05.07 10:38:26.228,0.88092,0.881,1.50,1.12
2018.05.07 10:38:26.773,0.88091,0.881,1.50,1.12
2018.05.07 10:38:27.473,0.88092,0.881,1.50,1.00
2018.05.07 10:38:27.907,0.88094,0.88101,1.50,2.25
2018.05.07 10:38:28.476,0.88095,0.88101,1.50,1.00
2018.05.07 10:38:29.009,0.88095,0.88102,1.50,1.50
2018.05.07 10:38:29.564,0.88094,0.88102,1.50,1.50
2018.05.07 10:38:30.119,0.88095,0.88102,1.50,1.12
2018.05.07 10:38:30.646,0.88094,0.88102,2.25,1.12
2018.05.07 10:38:30.992,0.88096,0.88102,1.50,1.12
2018.05.07 10:38:31.097,0.88094,0.88102,1.50,1.12
2018.05.07 10:38:32.225,0.88095,0.88102,1.50,1.00
2018.05.07 10:38:32.740,0.88096,0.88102,1.50,1.00
2018.05.07 10:38:33.253,0.88095,0.88102,1.50,1.00
2018.05.07 10:38:33.476,0.88093,0.88098,1.37,1.00
2018.05.07 10:38:33.580,0.8809,0.88099,1.95,1.00
2018.05.07 10:38:34.122,0.88092,0.88099,1.50,1.20
2018.05.07 10:38:34.633,0.88093,0.88099,1.50,1.20
2018.05.07 10:38:34.735,0.88093,0.881,1.50,1.95
2018.05.07 10:38:35.376,0.88092,0.881,3.37,1.95
2018.05.07 10:38:35.577,0.88094,0.881,1.50,1.95
2018.05.07 10:38:36.113,0.88093,0.881,1.50,1.95
2018.05.07 10:38:36.639,0.88092,0.881,1.87,1.95
2018.05.07 10:38:38.398,0.88091,0.881,4.50,3.45
2018.05.07 10:38:38.923,0.88092,0.881,1.50,1.95
2018.05.07 10:38:39.517,0.88091,0.881,3.00,1.95
2018.05.07 10:38:40.058,0.88092,0.881,1.00,1.95
2018.05.07 10:38:40.582,0.88091,0.881,1.50,2.70
2018.05.07 10:38:41.227,0.8809,0.881,3.37,1.95
2018.05.07 10:38:41.828,0.88091,0.88098,2.25,1.10
2018.05.07 10:38:42.370,0.88091,0.881,1.50,3.07
2018.05.07 10:38:43.925,0.88092,0.88099,1.00,1.57
2018.05.07 10:38:44.453,0.88091,0.881,1.00,1.95
2018.05.07 10:38:45.454,0.88092,0.881,1.00,2.32
2018.05.07 10:38:46.216,0.8809,0.881,2.62,2.32
2018.05.07 10:38:50.289,0.88091,0.88099,1.50,1.10
2018.05.07 10:38:50.831,0.88092,0.881,1.50,1.20
2018.05.07 10:38:51.364,0.88093,0.88102,1.50,2.32
2018.05.07 10:38:53.863,0.88092,0.88101,1.50,1.10
2018.05.07 10:38:54.406,0.88093,0.88101,1.50,1.20
2018.05.07 10:38:57.164,0.88092,0.88101,2.25,1.20
2018.05.07 10:38:57.631,0.88094,0.88101,1.50,1.20
2018.05.07 10:38:57.735,0.88092,0.88101,1.87,1.95
2018.05.07 10:38:58.248,0.88092,0.88101,1.87,1.57
2018.05.07 10:38:59.422,0.88091,0.881,4.50,1.00
2018.05.07 10:38:59.474,0.88093,0.881,1.50,1.00
2018.05.07 10:38:59.984,0.88092,0.88101,1.50,1.20
2018.05.07 10:39:00.490,0.88091,0.881,4.50,1.00
2018.05.07 10:39:01.032,0.88092,0.88101,1.50,1.95
2018.05.07 10:39:01.549,0.88093,0.88102,1.50,1.95
2018.05.07 10:39:11.368,0.88092,0.88102,3.75,1.20
2018.05.07 10:39:12.217,0.88093,0.88102,1.50,1.20
2018.05.07 10:39:12.744,0.88094,0.88102,1.50,1.20
2018.05.07 10:39:12.920,0.88092,0.88102,3.00,1.20
2018.05.07 10:39:13.396,0.88094,0.88102,1.50,1.20
2018.05.07 10:39:13.909,0.88092,0.88102,4.87,1.95
2018.05.07 10:39:16.351,0.88092,0.88102,2.62,3.07
2018.05.07 10:39:16.899,0.88092,0.881,1.12,1.00
2018.05.07 10:39:17.531,0.88092,0.88101,1.12,1.57
2018.05.07 10:39:18.772,0.88092,0.881,1.12,1.00
2018.05.07 10:39:19.309,0.88092,0.88101,2.62,1.57
2018.05.07 10:39:20.048,0.88093,0.88101,1.50,1.10
2018.05.07 10:39:20.728,0.88092,0.88101,2.62,1.57
2018.05.07 10:39:21.372,0.88093,0.881,1.50,1.00
2018.05.07 10:39:22.020,0.88092,0.881,1.50,1.00
2018.05.07 10:39:23.499,0.88093,0.881,1.50,1.00
2018.05.07 10:39:29.627,0.88092,0.881,2.25,1.00
2018.05.07 10:39:30.170,0.88093,0.88101,1.50,1.95
2018.05.07 10:39:31.830,0.88092,0.88101,1.87,1.95
2018.05.07 10:39:32.365,0.88093,0.88101,1.50,1.95
2018.05.07 10:39:32.958,0.88092,0.88101,2.25,1.95
2018.05.07 10:39:33.496,0.88093,0.88101,1.00,1.10
2018.05.07 10:39:34.811,0.88094,0.88101,1.50,1.10
2018.05.07 10:39:37.458,0.88093,0.88101,3.00,1.95
2018.05.07 10:39:44.659,0.88094,0.88101,1.50,1.20
2018.05.07 10:39:45.242,0.88093,0.88101,2.62,1.20
2018.05.07 10:39:52.729,0.88093,0.881,1.00,1.20
2018.05.07 10:39:53.278,0.88092,0.88099,1.00,1.20
2018.05.07 10:39:54.001,0.88092,0.88098,1.00,1.10
2018.05.07 10:39:54.550,0.88092,0.88099,1.00,1.20
2018.05.07 10:39:55.345,0.88092,0.88098,1.00,1.10
2018.05.07 10:39:55.655,0.8809,0.88096,1.50,1.00
2018.05.07 10:39:55.997,0.88088,0.88092,2.25,1.00
2018.05.07 10:39:56.362,0.88088,0.88092,2.25,1.00
2018.05.07 10:39:58.324,0.88088,0.88094,1.00,1.00
2018.05.07 10:40:01.772,0.88088,0.88095,1.00,1.57
2018.05.07 10:40:08.945,0.88088,0.88093,1.00,1.00
2018.05.07 10:40:13.554,0.88086,0.88093,3.75,1.00
2018.05.07 10:40:13.815,0.88085,0.88089,1.00,1.00
2018.05.07 10:40:13.867,0.88082,0.88088,1.50,1.00
2018.05.07 10:40:14.026,0.88081,0.88086,1.50,1.10
2018.05.07 10:40:14.393,0.88083,0.88088,1.50,1.20
2018.05.07 10:40:14.583,0.88083,0.8809,1.50,1.95
2018.05.07 10:40:15.105,0.88084,0.8809,1.50,1.10
2018.05.07 10:40:15.621,0.88084,0.88091,1.87,1.95
2018.05.07 10:40:17.414,0.88085,0.88091,1.00,1.95
2018.05.07 10:40:17.471,0.88084,0.88094,2.62,3.37
2018.05.07 10:40:18.872,0.88085,0.88094,1.00,4.12
2018.05.07 10:40:19.400,0.88084,0.88094,1.12,2.25
2018.05.07 10:40:20.418,0.88085,0.88094,1.50,1.00
2018.05.07 10:40:21.047,0.88085,0.88094,2.25,2.70
2018.05.07 10:40:21.549,0.88085,0.88094,1.50,1.95
2018.05.07 10:40:21.602,0.88085,0.88093,3.00,1.20
2018.05.07 10:40:22.121,0.88086,0.88093,1.50,1.20
2018.05.07 10:40:22.643,0.88085,0.88093,1.12,1.20
2018.05.07 10:40:23.624,0.88085,0.88094,3.37,1.95
2018.05.07 10:40:25.111,0.88086,0.88094,2.25,1.95
2018.05.07 10:40:25.218,0.88087,0.88095,3.75,1.10
2018.05.07 10:40:25.742,0.88087,0.88096,3.00,1.20
2018.05.07 10:40:27.123,0.88087,0.88097,3.00,2.32
2018.05.07 10:40:28.206,0.88088,0.88098,2.62,4.20
2018.05.07 10:40:28.710,0.88089,0.88098,1.00,3.07
2018.05.07 10:40:29.321,0.88088,0.88098,3.37,2.32
2018.05.07 10:40:29.871,0.88089,0.88098,1.50,2.32
2018.05.07 10:40:30.400,0.8809,0.88098,1.50,1.57
2018.05.07 10:40:31.782,0.88089,0.88098,3.00,1.57
2018.05.07 10:40:33.368,0.88091,0.88098,1.50,1.57
2018.05.07 10:40:33.421,0.88089,0.88098,3.00,1.57
2018.05.07 10:40:40.133,0.8809,0.88099,1.50,2.32
2018.05.07 10:40:40.781,0.88091,0.88099,1.50,2.70
2018.05.07 10:40:43.842,0.8809,0.88099,2.25,2.70
2018.05.07 10:40:44.057,0.88092,0.88099,1.50,1.95
2018.05.07 10:40:44.590,0.88091,0.88099,1.50,1.20
2018.05.07 10:40:46.790,0.8809,0.88098,1.50,1.57
2018.05.07 10:40:47.291,0.88089,0.88098,3.00,1.00
2018.05.07 10:40:47.841,0.88089,0.88097,2.25,1.69
2018.05.07 10:40:49.001,0.88088,0.88096,1.50,1.00
2018.05.07 10:40:49.469,0.88087,0.88094,1.50,1.00
2018.05.07 10:40:50.177,0.88087,0.88095,1.50,1.00
2018.05.07 10:40:50.692,0.88086,0.88095,1.50,1.50
2018.05.07 10:40:51.004,0.88088,0.88096,1.50,1.87
2018.05.07 10:40:53.560,0.88089,0.88096,1.50,1.12
2018.05.07 10:40:54.550,0.88087,0.88096,2.62,1.12
2018.05.07 10:40:55.576,0.88088,0.88096,1.50,1.12
2018.05.07 10:40:57.046,0.88088,0.88097,2.25,2.32
2018.05.07 10:40:57.596,0.88089,0.88097,1.50,3.82
2018.05.07 10:40:58.238,0.88088,0.88097,1.00,2.32
2018.05.07 10:41:00.913,0.88089,0.88097,1.50,4.20
2018.05.07 10:41:01.462,0.88088,0.88096,2.25,1.50
2018.05.07 10:41:01.995,0.88088,0.88097,1.00,4.20
2018.05.07 10:41:02.337,0.88086,0.88095,1.87,1.50
2018.05.07 10:41:02.871,0.88086,0.88094,1.12,1.00
2018.05.07 10:41:04.614,0.88087,0.88094,1.50,1.00
2018.05.07 10:41:05.122,0.88088,0.88095,1.50,1.00
2018.05.07 10:41:05.860,0.88087,0.88095,1.50,1.00
2018.05.07 10:41:06.268,0.88089,0.88095,1.50,1.00
2018.05.07 10:41:06.320,0.88087,0.88095,1.50,1.00
2018.05.07 10:41:06.862,0.88086,0.88095,2.25,1.00
2018.05.07 10:41:07.371,0.88087,0.88095,1.50,1.00
2018.05.07 10:41:08.312,0.88088,0.88095,1.50,1.00
2018.05.07 10:41:08.881,0.88087,0.88095,1.50,1.00
2018.05.07 10:41:09.453,0.88089,0.88095,1.50,1.00
2018.05.07 10:41:09.609,0.88087,0.88096,1.50,1.57
2018.05.07 10:41:10.129,0.88086,0.88095,2.25,1.00
2018.05.07 10:41:10.648,0.88087,0.88095,1.50,1.00
2018.05.07 10:41:11.638,0.88088,0.88095,1.50,1.00
2018.05.07 10:41:12.183,0.88087,0.88095,1.50,1.00
2018.05.07 10:41:13.550,0.88086,0.88095,2.25,1.00
2018.05.07 10:41:14.070,0.88087,0.88095,1.50,1.00
2018.05.07 10:41:14.680,0.88088,0.88095,1.50,1.00
2018.05.07 10:41:14.835,0.8809,0.88095,1.50,1.00
2018.05.07 10:41:14.887,0.88088,0.88096,1.87,1.12
2018.05.07 10:41:15.457,0.88087,0.88095,3.00,1.00
2018.05.07 10:41:16.010,0.88087,0.88094,1.50,1.00
2018.05.07 10:41:16.372,0.88089,0.88095,1.50,1.00
2018.05.07 10:41:16.477,0.88087,0.88095,1.50,1.00
2018.05.07 10:41:17.225,0.88088,0.88095,1.50,1.00
2018.05.07 10:41:17.883,0.88087,0.88095,1.50,1.00
2018.05.07 10:41:20.843,0.88086,0.88095,2.25,1.00
2018.05.07 10:41:22.699,0.88088,0.88095,1.50,1.00
2018.05.07 10:41:23.232,0.88086,0.88095,2.25,1.00
2018.05.07 10:41:23.950,0.88087,0.88095,1.50,1.00
2018.05.07 10:41:24.675,0.88088,0.88095,1.50,1.00
2018.05.07 10:41:25.203,0.88087,0.88095,1.50,1.00
2018.05.07 10:41:25.735,0.88086,0.88095,1.50,1.00
2018.05.07 10:41:26.319,0.88085,0.88094,3.00,1.50
2018.05.07 10:41:26.371,0.88088,0.88094,1.50,1.00
2018.05.07 10:41:26.476,0.88087,0.88096,1.50,1.95
2018.05.07 10:41:26.529,0.88089,0.88096,1.50,1.95
2018.05.07 10:41:33.945,0.88087,0.88096,1.50,1.50
2018.05.07 10:41:33.997,0.88088,0.88094,1.50,1.00
2018.05.07 10:41:35.155,0.88086,0.88094,3.00,1.00
2018.05.07 10:41:35.897,0.88086,0.88093,1.00,1.00
2018.05.07 10:41:40.078,0.88084,0.88092,6.00,1.00
2018.05.07 10:41:40.291,0.88084,0.88092,2.25,1.00
2018.05.07 10:41:40.393,0.88084,0.88094,2.62,3.00
2018.05.07 10:41:41.192,0.88085,0.88094,1.50,1.10
2018.05.07 10:41:41.295,0.88087,0.88094,1.50,1.00
2018.05.07 10:41:41.704,0.88089,0.88095,1.50,1.00
2018.05.07 10:41:42.225,0.88089,0.88096,1.50,1.87
2018.05.07 10:41:44.089,0.88088,0.88096,1.50,1.57
2018.05.07 10:41:44.799,0.88087,0.88095,1.50,1.00
2018.05.07 10:41:48.362,0.88088,0.88097,1.00,2.25
2018.05.07 10:41:48.416,0.88088,0.88097,7.12,1.50
2018.05.07 10:41:48.699,0.88089,0.88099,1.87,1.87
2018.05.07 10:41:49.226,0.88089,0.88098,1.87,2.25
2018.05.07 10:41:50.733,0.88091,0.881,1.00,4.57
2018.05.07 10:41:51.278,0.88089,0.88099,4.87,1.95
2018.05.07 10:41:52.023,0.88089,0.88098,3.37,1.00
2018.05.07 10:41:52.780,0.88089,0.88099,3.00,1.20
2018.05.07 10:41:53.086,0.88088,0.88098,3.37,3.09
2018.05.07 10:41:53.189,0.88087,0.88096,1.87,1.87
2018.05.07 10:41:54.127,0.88087,0.88095,1.12,1.00
2018.05.07 10:41:56.418,0.88088,0.88095,1.50,1.12
2018.05.07 10:41:57.527,0.88086,0.88095,3.00,1.00
2018.05.07 10:42:04.676,0.88086,0.88094,2.25,1.00
2018.05.07 10:42:04.728,0.88085,0.88094,1.50,1.00
2018.05.07 10:42:04.832,0.88087,0.88095,1.50,1.50
2018.05.07 10:42:05.381,0.88086,0.88097,1.87,8.25
2018.05.07 10:42:06.942,0.88088,0.88096,1.50,3.00
2018.05.07 10:42:07.459,0.88088,0.88096,2.25,1.50
2018.05.07 10:42:10.907,0.88088,0.88097,1.00,1.87
2018.05.07 10:42:11.599,0.88088,0.88096,1.00,1.50
2018.05.07 10:42:17.271,0.88088,0.88097,1.00,4.87
2018.05.07 10:42:17.879,0.88088,0.88096,1.00,1.00
2018.05.07 10:42:20.436,0.88087,0.88096,1.00,1.57
2018.05.07 10:42:21.018,0.88088,0.88097,1.50,3.75
2018.05.07 10:42:21.529,0.88086,0.88097,4.87,5.25
2018.05.07 10:42:22.041,0.88089,0.88097,1.50,1.87
2018.05.07 10:42:22.820,0.88088,0.88097,1.50,1.12
2018.05.07 10:42:23.177,0.8809,0.88097,1.50,1.12
2018.05.07 10:42:23.395,0.88088,0.88097,1.50,1.87
2018.05.07 10:42:24.652,0.8809,0.88097,1.50,1.00
2018.05.07 10:42:24.810,0.88088,0.88097,2.62,1.00
2018.05.07 10:42:25.122,0.8809,0.88097,1.50,1.12
2018.05.07 10:42:25.332,0.88089,0.88099,2.25,2.25
2018.05.07 10:42:26.131,0.8809,0.88098,1.00,1.00
2018.05.07 10:42:26.654,0.88089,0.881,3.37,5.25
2018.05.07 10:42:28.338,0.88091,0.88099,1.50,1.00
2018.05.07 10:42:28.856,0.88092,0.881,1.50,1.12
2018.05.07 10:42:30.242,0.88092,0.88101,1.50,1.00
2018.05.07 10:42:33.106,0.8809,0.881,1.87,2.70
2018.05.07 10:42:33.212,0.88092,0.88101,2.25,1.95
2018.05.07 10:42:33.387,0.88092,0.88103,3.00,6.07
2018.05.07 10:42:33.906,0.88092,0.88101,1.00,1.50
2018.05.07 10:42:34.437,0.8809,0.881,3.37,1.00
2018.05.07 10:42:34.955,0.88089,0.881,3.75,3.37
2018.05.07 10:42:35.493,0.8809,0.881,1.00,4.12
2018.05.07 10:42:36.037,0.88089,0.881,3.37,4.50
2018.05.07 10:42:38.110,0.88091,0.881,1.00,3.00
2018.05.07 10:42:40.175,0.88091,0.881,1.00,2.62
2018.05.07 10:42:41.250,0.88091,0.881,1.00,2.62
2018.05.07 10:42:44.725,0.88092,0.88101,1.50,2.32
2018.05.07 10:42:45.433,0.88091,0.88101,2.25,2.32
2018.05.07 10:42:46.992,0.88091,0.88101,2.25,2.32
2018.05.07 10:42:55.841,0.88094,0.88102,1.50,1.57
2018.05.07 10:42:56.344,0.88093,0.88103,2.32,1.87
2018.05.07 10:42:56.852,0.88093,0.88102,2.32,1.50
2018.05.07 10:43:01.602,0.88092,0.88101,1.50,1.50
2018.05.07 10:43:01.654,0.8809,0.88101,5.32,1.87
2018.05.07 10:43:02.187,0.8809,0.881,1.50,2.25
2018.05.07 10:43:05.466,0.8809,0.88099,1.87,1.00
2018.05.07 10:43:07.721,0.88089,0.88098,1.00,1.00
2018.05.07 10:43:08.265,0.88089,0.88099,1.00,3.37
2018.05.07 10:43:20.668,0.88089,0.88099,1.50,3.37
2018.05.07 10:43:21.330,0.88089,0.88097,1.00,1.50
2018.05.07 10:43:21.523,0.88087,0.88097,2.62,1.50
2018.05.07 10:43:23.428,0.88088,0.88096,1.00,1.00
2018.05.07 10:43:23.948,0.88087,0.88096,2.62,1.00
2018.05.07 10:43:24.491,0.88088,0.88097,2.25,1.37
2018.05.07 10:43:26.030,0.88089,0.88098,1.50,7.50
2018.05.07 10:43:26.631,0.88089,0.88098,1.50,1.00
2018.05.07 10:43:26.683,0.88092,0.88099,1.00,1.87
2018.05.07 10:43:26.838,0.8809,0.88099,1.87,2.25
2018.05.07 10:43:27.156,0.88088,0.88098,3.37,1.50
2018.05.07 10:43:27.691,0.88088,0.88099,2.62,3.45
2018.05.07 10:43:28.501,0.88088,0.88098,3.00,1.00
2018.05.07 10:43:29.172,0.88088,0.88099,1.50,4.50
2018.05.07 10:43:29.454,0.8809,0.88099,1.50,3.75
2018.05.07 10:43:30.202,0.8809,0.88098,1.50,1.00
2018.05.07 10:43:30.724,0.8809,0.88099,1.50,3.00
2018.05.07 10:43:31.250,0.88088,0.88098,6.07,1.00
2018.05.07 10:43:40.089,0.8809,0.881,1.50,1.95
2018.05.07 10:43:40.422,0.88092,0.88101,1.50,4.50
2018.05.07 10:43:40.980,0.88093,0.88101,1.50,2.25
2018.05.07 10:43:42.031,0.88093,0.88101,1.50,1.50
2018.05.07 10:43:42.557,0.88094,0.88102,1.50,2.25
2018.05.07 10:43:43.111,0.88094,0.88102,1.50,1.87
2018.05.07 10:43:46.827,0.88092,0.88102,2.62,1.10
2018.05.07 10:43:58.825,0.88091,0.88101,3.00,3.00
2018.05.07 10:43:59.036,0.8809,0.88099,3.37,1.00
2018.05.07 10:43:59.571,0.88089,0.881,6.07,4.95
2018.05.07 10:44:00.100,0.8809,0.88099,1.50,1.12
2018.05.07 10:44:00.763,0.88089,0.881,4.57,4.57
2018.05.07 10:44:03.128,0.88089,0.88099,1.20,2.62
2018.05.07 10:44:04.084,0.88088,0.88098,2.25,1.87
2018.05.07 10:44:21.139,0.88091,0.881,1.12,2.62
2018.05.07 10:44:21.193,0.88092,0.881,1.50,1.12
2018.05.07 10:44:21.816,0.88092,0.88102,3.00,3.00
2018.05.07 10:44:22.423,0.88093,0.88101,1.00,1.00
2018.05.07 10:44:24.023,0.88092,0.88101,1.12,1.12
2018.05.07 10:44:24.282,0.88091,0.88099,1.37,1.50
2018.05.07 10:44:24.387,0.88091,0.88101,1.37,4.57
2018.05.07 10:44:25.007,0.88091,0.88101,1.50,3.00
2018.05.07 10:44:25.879,0.88091,0.881,1.50,1.50
2018.05.07 10:44:26.188,0.88089,0.881,5.25,3.37
2018.05.07 10:44:26.765,0.8809,0.88101,1.50,6.07
2018.05.07 10:44:31.765,0.88089,0.88099,4.12,1.00
2018.05.07 10:44:32.298,0.88089,0.88098,1.87,1.87
2018.05.07 10:44:32.808,0.88087,0.88098,4.95,2.62
2018.05.07 10:44:33.703,0.88087,0.88098,5.89,4.20
2018.05.07 10:44:34.270,0.88088,0.88098,1.50,1.20
2018.05.07 10:44:36.039,0.88088,0.88097,2.25,2.25
2018.05.07 10:44:37.933,0.88089,0.88097,1.50,2.32
2018.05.07 10:44:38.498,0.88088,0.88097,1.00,1.57
2018.05.07 10:44:40.198,0.88087,0.88098,1.87,5.32
2018.05.07 10:44:40.879,0.88086,0.88095,2.62,1.50
2018.05.07 10:44:41.585,0.88087,0.88096,1.50,2.25
2018.05.07 10:44:42.106,0.88088,0.88097,1.87,1.50
2018.05.07 10:44:42.705,0.88088,0.88098,1.87,1.87
2018.05.07 10:44:43.251,0.88089,0.88098,1.50,1.87
2018.05.07 10:44:45.251,0.88089,0.88097,1.50,1.00
2018.05.07 10:44:45.816,0.88089,0.88098,1.50,1.12
2018.05.07 10:44:47.625,0.88088,0.88098,1.87,2.25
2018.05.07 10:44:50.806,0.88089,0.88098,1.50,1.00
2018.05.07 10:44:55.268,0.88087,0.88097,4.20,1.50
2018.05.07 10:44:55.972,0.88087,0.88098,4.20,4.57
2018.05.07 10:44:58.082,0.88088,0.88098,1.50,2.32
2018.05.07 10:44:58.290,0.8809,0.88097,1.50,1.00
2018.05.07 10:44:58.468,0.88092,0.88101,1.50,1.87
2018.05.07 10:45:00.735,0.88093,0.88103,1.50,3.00
2018.05.07 10:45:00.893,0.88095,0.88103,1.00,1.12
2018.05.07 10:45:01.409,0.88094,0.88104,1.50,4.12
2018.05.07 10:45:02.326,0.88094,0.88102,1.50,1.12
2018.05.07 10:45:02.590,0.88091,0.881,1.00,3.00
2018.05.07 10:45:02.811,0.88089,0.88099,5.32,1.12
2018.05.07 10:45:03.350,0.8809,0.88098,1.00,1.00
2018.05.07 10:45:03.921,0.88089,0.88099,4.50,2.62
2018.05.07 10:45:05.557,0.88089,0.88098,1.50,1.00
2018.05.07 10:45:06.091,0.88089,0.88099,1.50,2.70
2018.05.07 10:45:06.621,0.88089,0.88098,3.00,1.50
2018.05.07 10:45:09.031,0.88089,0.88097,1.00,1.50
2018.05.07 10:45:09.084,0.88087,0.88097,1.12,3.00
2018.05.07 10:45:09.293,0.8809,0.88097,1.50,1.12
2018.05.07 10:45:09.398,0.8809,0.881,1.50,3.00
2018.05.07 10:45:09.711,0.88092,0.881,1.50,1.00
2018.05.07 10:45:10.237,0.88091,0.88101,2.25,2.32
2018.05.07 10:45:12.038,0.88093,0.88101,1.50,1.57
2018.05.07 10:45:13.193,0.88093,0.88102,1.50,3.00
2018.05.07 10:45:18.313,0.88093,0.88101,1.50,1.10
2018.05.07 10:45:19.264,0.88091,0.881,3.37,1.00
2018.05.07 10:45:19.318,0.88092,0.88102,1.87,1.00
2018.05.07 10:45:19.445,0.88094,0.88103,2.25,3.00
2018.05.07 10:45:20.040,0.88093,0.88102,1.50,1.00
2018.05.07 10:45:20.648,0.88093,0.88103,1.50,4.12
2018.05.07 10:45:21.156,0.88093,0.88103,1.50,4.50
2018.05.07 10:45:21.901,0.88093,0.88101,1.50,1.00
2018.05.07 10:45:22.435,0.88092,0.88102,1.50,2.25
2018.05.07 10:45:23.574,0.88091,0.88101,3.37,2.62
2018.05.07 10:45:24.873,0.88091,0.881,1.12,1.00
2018.05.07 10:45:25.826,0.88091,0.88099,1.12,1.00
2018.05.07 10:45:26.412,0.88091,0.881,1.12,2.25
2018.05.07 10:45:26.960,0.8809,0.881,1.00,4.50
2018.05.07 10:45:27.267,0.8809,0.88098,1.00,1.00
2018.05.07 10:45:27.787,0.8809,0.88099,2.25,3.45
2018.05.07 10:45:30.742,0.88089,0.88099,1.50,2.62
2018.05.07 10:45:33.173,0.88089,0.88099,1.50,2.70
2018.05.07 10:45:41.168,0.88089,0.88099,1.50,2.70
2018.05.07 10:45:42.790,0.88091,0.881,1.50,2.62
2018.05.07 10:45:43.344,0.88092,0.88101,1.50,2.25
2018.05.07 10:45:44.041,0.88093,0.88101,1.50,3.00
2018.05.07 10:45:44.205,0.88091,0.88101,1.50,2.32
2018.05.07 10:45:44.360,0.8809,0.88099,1.87,1.00
2018.05.07 10:45:44.987,0.88091,0.88099,1.50,1.00
2018.05.07 10:45:49.477,0.88092,0.881,1.50,2.62
2018.05.07 10:45:50.989,0.88091,0.88099,1.50,1.00
2018.05.07 10:45:51.518,0.8809,0.88099,1.87,1.00
2018.05.07 10:45:52.215,0.8809,0.88098,1.50,1.00
2018.05.07 10:45:52.972,0.8809,0.88099,1.50,1.95
2018.05.07 10:45:53.580,0.8809,0.88099,1.50,1.95
2018.05.07 10:45:54.088,0.8809,0.88099,1.50,1.57
2018.05.07 10:45:56.324,0.8809,0.88098,1.50,1.00
2018.05.07 10:45:57.646,0.8809,0.88099,1.50,1.57
2018.05.07 10:45:58.253,0.88089,0.88099,1.87,1.95
2018.05.07 10:46:02.390,0.88092,0.881,1.50,2.62
2018.05.07 10:46:02.755,0.88089,0.88098,2.62,1.00
2018.05.07 10:46:02.860,0.88088,0.88096,1.00,1.50
2018.05.07 10:46:02.966,0.88086,0.88096,1.95,1.12
2018.05.07 10:46:03.018,0.88085,0.88094,6.75,1.00
2018.05.07 10:46:03.507,0.88084,0.88092,3.07,1.50
2018.05.07 10:46:03.716,0.88081,0.88091,2.25,2.25
2018.05.07 10:46:03.768,0.88081,0.88088,2.25,1.00
2018.05.07 10:46:03.871,0.88081,0.8809,3.00,1.12
2018.05.07 10:46:04.381,0.8808,0.88089,5.62,1.00
2018.05.07 10:46:05.937,0.88079,0.8809,4.50,3.37
2018.05.07 10:46:06.465,0.88079,0.88089,4.50,1.00
2018.05.07 10:46:07.744,0.88079,0.88089,1.88,3.00
2018.05.07 10:46:08.370,0.88079,0.88088,2.63,1.00
2018.05.07 10:46:09.298,0.88079,0.88089,1.12,5.25
2018.05.07 10:46:09.466,0.88081,0.88089,1.50,1.00
2018.05.07 10:46:10.017,0.88082,0.8809,1.50,1.87
2018.05.07 10:46:10.903,0.88081,0.8809,2.25,1.50
2018.05.07 10:46:13.201,0.88082,0.8809,1.50,1.00
2018.05.07 10:46:13.463,0.8808,0.88089,1.50,1.00
2018.05.07 10:46:13.828,0.88082,0.88089,1.50,1.00
2018.05.07 10:46:14.525,0.88081,0.88089,2.25,1.50
2018.05.07 10:46:15.056,0.8808,0.88089,1.50,3.00
2018.05.07 10:46:15.582,0.88081,0.88089,1.50,1.00
2018.05.07 10:46:20.980,0.88079,0.88088,3.75,1.00
2018.05.07 10:46:21.517,0.88079,0.88089,4.50,1.00
2018.05.07 10:46:22.698,0.8808,0.88089,1.50,1.00
2018.05.07 10:46:23.205,0.8808,0.8809,1.50,2.62
2018.05.07 10:46:25.808,0.8808,0.88089,1.50,1.00
2018.05.07 10:46:30.025,0.88081,0.88089,1.50,1.00
2018.05.07 10:46:30.286,0.88083,0.8809,1.50,2.62
2018.05.07 10:46:30.389,0.8808,0.8809,3.00,2.62
2018.05.07 10:46:31.015,0.8808,0.88089,2.62,1.12
2018.05.07 10:46:33.670,0.88081,0.88089,1.50,1.50
2018.05.07 10:46:34.797,0.8808,0.88089,2.25,1.00
2018.05.07 10:46:54.399,0.88079,0.88089,3.37,1.50
2018.05.07 10:46:54.451,0.88081,0.88089,1.50,1.50
2018.05.07 10:46:56.573,0.8808,0.88088,3.00,1.00
2018.05.07 10:46:57.117,0.88081,0.88088,1.50,1.00
2018.05.07 10:46:57.776,0.88081,0.88089,1.50,1.50
2018.05.07 10:47:10.086,0.8808,0.88088,2.62,1.00
2018.05.07 10:47:10.885,0.8808,0.88089,1.87,2.25
2018.05.07 10:47:11.401,0.8808,0.88088,1.87,1.00
2018.05.07 10:47:14.420,0.88079,0.88088,1.12,1.00
2018.05.07 10:47:14.962,0.88078,0.88086,3.00,1.00
2018.05.07 10:47:15.627,0.88078,0.88087,3.00,1.00
2018.05.07 10:47:16.566,0.88078,0.88085,2.62,1.00
2018.05.07 10:47:16.794,0.88078,0.88087,1.12,1.00
2018.05.07 10:47:17.274,0.88081,0.88088,1.00,1.12
2018.05.07 10:47:19.471,0.88081,0.88087,1.00,1.00
2018.05.07 10:47:20.994,0.88081,0.88086,1.00,1.00
2018.05.07 10:47:21.695,0.88081,0.88087,1.00,2.62
2018.05.07 10:47:25.839,0.88081,0.88085,1.00,1.00
2018.05.07 10:47:26.429,0.88081,0.88086,1.00,1.00
2018.05.07 10:47:27.686,0.88081,0.88086,1.00,1.20
2018.05.07 10:47:29.926,0.88081,0.88086,1.00,1.50
2018.05.07 10:47:31.929,0.88081,0.88085,1.00,1.50
2018.05.07 10:47:32.446,0.88081,0.88086,1.00,1.00
2018.05.07 10:47:33.006,0.88081,0.88087,1.00,1.12
2018.05.07 10:47:33.577,0.88081,0.88086,1.00,1.50
2018.05.07 10:47:34.325,0.88081,0.88087,1.00,1.50
2018.05.07 10:47:34.847,0.88081,0.88086,1.00,1.50
2018.05.07 10:47:35.349,0.88081,0.88087,1.00,1.00
2018.05.07 10:47:39.037,0.88081,0.88086,1.00,1.00
2018.05.07 10:47:39.563,0.88081,0.88087,1.00,1.00
2018.05.07 10:47:39.866,0.88084,0.8809,1.00,1.50
2018.05.07 10:47:40.707,0.88084,0.88092,1.00,5.70
2018.05.07 10:47:41.301,0.88084,0.8809,1.00,1.00
2018.05.07 10:47:41.812,0.88084,0.88091,1.00,2.25
2018.05.07 10:47:45.849,0.88084,0.88091,1.00,2.62
2018.05.07 10:47:46.850,0.88084,0.88091,1.00,1.00
2018.05.07 10:47:50.318,0.88084,0.8809,1.00,1.00
2018.05.07 10:47:51.274,0.88084,0.88091,1.00,1.50
2018.05.07 10:47:51.979,0.88084,0.8809,1.00,1.00
2018.05.07 10:47:52.489,0.88084,0.88091,1.00,1.50
2018.05.07 10:47:53.132,0.88084,0.8809,1.00,1.00
2018.05.07 10:47:53.844,0.88084,0.88091,1.00,1.50
2018.05.07 10:47:54.913,0.88084,0.8809,1.00,1.00
2018.05.07 10:47:55.446,0.88084,0.88091,1.00,1.50
2018.05.07 10:47:56.394,0.88084,0.88093,1.00,2.62
2018.05.07 10:47:57.375,0.88084,0.88093,1.00,2.25
2018.05.07 10:47:59.205,0.88084,0.88092,1.00,1.50
2018.05.07 10:47:59.749,0.88084,0.88093,1.00,1.00
2018.05.07 10:48:01.748,0.88084,0.88094,3.19,3.00
2018.05.07 10:48:02.079,0.88087,0.88095,1.50,1.50
2018.05.07 10:48:02.679,0.88086,0.88095,3.00,3.00
2018.05.07 10:48:03.186,0.88085,0.88094,2.44,1.00
2018.05.07 10:48:03.649,0.88087,0.88095,1.50,1.00
2018.05.07 10:48:04.166,0.88086,0.88095,2.62,1.00
2018.05.07 10:48:14.314,0.88084,0.88094,9.37,1.50
2018.05.07 10:48:14.973,0.88084,0.88094,6.00,1.87
2018.05.07 10:48:18.048,0.88084,0.88094,1.50,4.50
2018.05.07 10:48:18.571,0.88084,0.88093,1.00,1.50
2018.05.07 10:48:18.884,0.88084,0.88091,1.00,1.00
2018.05.07 10:48:19.364,0.88085,0.88094,1.50,2.25
2018.05.07 10:48:23.060,0.88087,0.88094,1.50,1.00
2018.05.07 10:48:23.165,0.88085,0.88094,2.25,1.00
2018.05.07 10:48:24.792,0.88086,0.88094,1.50,4.12
2018.05.07 10:48:25.324,0.88087,0.88094,1.50,1.87
2018.05.07 10:48:25.631,0.88085,0.88094,1.50,1.87
2018.05.07 10:48:26.615,0.88086,0.88094,1.50,1.87
2018.05.07 10:48:27.825,0.88085,0.88094,2.81,1.87
2018.05.07 10:48:28.082,0.88087,0.88094,1.50,1.87
2018.05.07 10:48:29.699,0.88086,0.88094,1.50,1.87
2018.05.07 10:48:30.333,0.88087,0.88094,1.50,1.00
2018.05.07 10:48:30.912,0.88087,0.88095,1.50,1.87
2018.05.07 10:48:31.541,0.88086,0.88095,2.25,1.87
2018.05.07 10:48:32.058,0.88087,0.88095,1.50,1.87
2018.05.07 10:48:32.730,0.88086,0.88095,2.44,1.50
2018.05.07 10:48:33.069,0.88088,0.88095,1.50,1.50
2018.05.07 10:48:34.258,0.88086,0.88095,2.62,1.50
2018.05.07 10:48:34.614,0.88088,0.88095,1.50,1.50
2018.05.07 10:48:35.201,0.88087,0.88095,1.50,1.50
2018.05.07 10:48:35.563,0.88085,0.88094,3.00,2.25
2018.05.07 10:48:35.673,0.88083,0.88093,1.50,2.25
2018.05.07 10:48:35.777,0.88083,0.88091,1.00,1.00
2018.05.07 10:48:36.831,0.88083,0.88089,1.00,1.00
2018.05.07 10:48:42.293,0.88083,0.8809,1.00,1.50
2018.05.07 10:48:42.800,0.88083,0.88091,2.25,1.00
2018.05.07 10:48:43.494,0.88083,0.8809,1.00,1.00
2018.05.07 10:48:46.215,0.88083,0.88089,1.00,1.50
2018.05.07 10:48:46.756,0.88083,0.8809,1.00,1.00
2018.05.07 10:48:50.332,0.88084,0.8809,1.50,1.00
2018.05.07 10:48:50.566,0.88083,0.88092,2.62,1.12
2018.05.07 10:48:51.596,0.88083,0.8809,1.00,1.00
2018.05.07 10:48:53.518,0.88084,0.8809,2.25,1.00
2018.05.07 10:48:53.570,0.88084,0.88093,2.25,1.00
2018.05.07 10:48:58.742,0.88083,0.88092,2.25,1.00
2018.05.07 10:48:59.004,0.88083,0.8809,1.00,1.00
2018.05.07 10:49:02.845,0.88083,0.88089,1.00,1.50
2018.05.07 10:49:03.375,0.88083,0.8809,1.00,1.00
2018.05.07 10:49:08.195,0.88083,0.88089,1.00,1.00
2018.05.07 10:49:08.749,0.88083,0.8809,1.00,3.00
2018.05.07 10:49:11.594,0.88083,0.88089,1.00,1.50
2018.05.07 10:49:12.864,0.88083,0.8809,1.00,3.00
2018.05.07 10:49:17.381,0.88083,0.88089,1.00,1.00
2018.05.07 10:49:20.259,0.88083,0.8809,1.00,1.12
2018.05.07 10:49:22.468,0.88084,0.88092,1.00,1.00
2018.05.07 10:49:22.520,0.88085,0.88092,2.81,1.00
2018.05.07 10:49:22.572,0.88086,0.88094,1.31,1.50
2018.05.07 10:49:23.074,0.88086,0.88095,1.87,1.87
2018.05.07 10:49:28.142,0.88086,0.88095,2.25,1.50
2018.05.07 10:49:29.759,0.88086,0.88096,2.25,1.95
2018.05.07 10:49:34.141,0.88089,0.88097,1.50,1.10
2018.05.07 10:49:34.248,0.8809,0.88099,1.50,2.25
2018.05.07 10:49:34.764,0.88091,0.88101,1.00,6.82
2018.05.07 10:49:35.315,0.8809,0.881,2.25,1.12
2018.05.07 10:49:35.893,0.88092,0.88101,1.50,3.82
2018.05.07 10:49:40.002,0.88094,0.88101,1.50,1.12
2018.05.07 10:49:40.344,0.88092,0.88101,2.25,1.12
2018.05.07 10:49:41.799,0.88091,0.88101,2.25,1.95
2018.05.07 10:49:42.309,0.88091,0.881,2.62,1.87
2018.05.07 10:49:43.161,0.88091,0.88099,1.87,1.00
2018.05.07 10:49:44.306,0.88091,0.881,2.62,1.12
2018.05.07 10:49:45.315,0.88092,0.88101,1.00,2.32
2018.05.07 10:49:46.310,0.88091,0.88101,3.75,2.32
2018.05.07 10:49:46.880,0.88092,0.88101,1.00,2.32
2018.05.07 10:49:47.434,0.88091,0.88101,3.75,1.95
2018.05.07 10:49:48.010,0.88091,0.88101,3.75,1.10
2018.05.07 10:49:51.139,0.88092,0.88101,1.50,2.32
2018.05.07 10:49:51.191,0.88097,0.88101,1.50,1.10
2018.05.07 10:49:51.295,0.88095,0.88102,1.50,1.00
2018.05.07 10:49:51.495,0.88096,0.88104,1.50,1.00
2018.05.07 10:49:52.030,0.88097,0.88105,1.50,1.87
2018.05.07 10:49:52.543,0.88096,0.88105,2.25,1.87
2018.05.07 10:49:53.404,0.88095,0.88105,3.00,1.50
2018.05.07 10:49:53.919,0.88095,0.88104,3.00,1.00
2018.05.07 10:49:55.018,0.88096,0.88104,1.00,1.00
2018.05.07 10:49:55.593,0.88095,0.88105,3.37,1.50
2018.05.07 10:49:56.851,0.88096,0.88105,1.50,3.00
2018.05.07 10:49:57.382,0.88096,0.88104,1.50,1.50
2018.05.07 10:49:58.669,0.88093,0.88103,4.20,1.50
2018.05.07 10:49:58.773,0.88091,0.88101,1.20,3.75
2018.05.07 10:49:58.981,0.8809,0.88098,3.00,1.00
2018.05.07 10:50:01.265,0.8809,0.88097,2.25,1.00
2018.05.07 10:50:01.783,0.88091,0.88097,1.50,1.00
2018.05.07 10:50:02.289,0.8809,0.88097,2.25,1.00
2018.05.07 10:50:02.700,0.8809,0.88099,1.00,1.00
2018.05.07 10:50:03.009,0.8809,0.88097,1.00,1.00
2018.05.07 10:50:03.607,0.88089,0.88097,1.12,2.25
2018.05.07 10:50:04.142,0.88089,0.88098,1.87,3.00
2018.05.07 10:50:05.085,0.88089,0.88097,1.12,1.00
2018.05.07 10:50:07.706,0.8809,0.88097,1.50,1.00
2018.05.07 10:50:08.187,0.88091,0.88099,1.50,1.12
2018.05.07 10:50:08.727,0.8809,0.88099,3.75,1.12
2018.05.07 10:50:10.424,0.88091,0.88099,1.50,1.00
2018.05.07 10:50:10.966,0.8809,0.88099,1.50,1.00
2018.05.07 10:50:12.062,0.88091,0.88099,1.50,2.25
2018.05.07 10:50:12.464,0.88089,0.88099,3.19,1.20
2018.05.07 10:50:13.565,0.88089,0.88098,2.25,1.00
2018.05.07 10:50:14.721,0.88091,0.88098,2.06,1.00
2018.05.07 10:50:15.242,0.8809,0.88099,4.69,1.00
2018.05.07 10:50:16.211,0.8809,0.881,4.50,1.20
2018.05.07 10:50:17.582,0.8809,0.88099,5.06,1.50
2018.05.07 10:50:18.292,0.8809,0.88098,3.56,1.00
2018.05.07 10:50:18.882,0.8809,0.88098,2.81,1.00
2018.05.07 10:50:21.475,0.8809,0.881,2.62,1.50
2018.05.07 10:50:23.493,0.88088,0.88099,5.25,3.00
2018.05.07 10:50:24.014,0.88089,0.88098,1.87,2.25
2018.05.07 10:50:24.523,0.88088,0.88098,3.37,1.87
2018.05.07 10:50:25.047,0.88087,0.88097,5.70,1.00
2018.05.07 10:50:25.648,0.88088,0.88096,1.00,1.87
2018.05.07 10:50:26.262,0.88087,0.88096,3.75,1.12
2018.05.07 10:50:26.839,0.88087,0.88096,3.94,1.87
2018.05.07 10:50:27.389,0.88087,0.88096,5.44,1.12
2018.05.07 10:50:27.956,0.88088,0.88096,1.50,1.00
2018.05.07 10:50:28.267,0.88092,0.88101,4.87,1.50
2018.05.07 10:50:28.853,0.88095,0.88101,1.50,1.00
2018.05.07 10:50:30.229,0.88095,0.88103,1.50,1.50
2018.05.07 10:50:31.825,0.88093,0.88103,4.50,1.12
2018.05.07 10:50:31.957,0.88093,0.88101,2.62,1.00
2018.05.07 10:50:32.009,0.8809,0.881,1.87,2.25
2018.05.07 10:50:32.535,0.88091,0.88099,1.50,1.00
2018.05.07 10:50:33.068,0.8809,0.88099,1.00,1.50
2018.05.07 10:50:34.828,0.8809,0.88098,1.25,1.50
2018.05.07 10:50:35.359,0.8809,0.88099,1.00,2.25
2018.05.07 10:50:35.994,0.8809,0.881,1.00,2.70
2018.05.07 10:50:37.359,0.8809,0.88098,1.00,1.50
2018.05.07 10:50:37.885,0.88089,0.88097,1.12,2.25
2018.05.07 10:50:38.513,0.88087,0.88097,4.57,2.25
2018.05.07 10:50:41.089,0.88087,0.88095,1.00,1.50
2018.05.07 10:50:41.830,0.88087,0.88097,1.00,3.00
2018.05.07 10:50:42.335,0.88086,0.88096,2.06,2.25
2018.05.07 10:50:42.902,0.88086,0.88095,1.50,1.50
2018.05.07 10:50:43.409,0.88086,0.88096,3.94,1.00
2018.05.07 10:50:43.970,0.88087,0.88096,1.50,3.00
2018.05.07 10:50:44.485,0.88086,0.88096,1.12,3.00
2018.05.07 10:50:45.220,0.88087,0.88096,1.50,3.75
2018.05.07 10:50:46.144,0.88086,0.88096,1.12,3.00
2018.05.07 10:50:47.734,0.88085,0.88095,2.81,4.87
2018.05.07 10:50:47.786,0.88085,0.88096,3.56,3.45
2018.05.07 10:50:47.838,0.88086,0.88096,2.44,1.87
2018.05.07 10:50:51.763,0.88086,0.88095,2.44,1.20
2018.05.07 10:50:53.110,0.88087,0.88095,1.50,1.20
2018.05.07 10:50:53.656,0.88086,0.88094,1.00,1.00
2018.05.07 10:50:54.200,0.88086,0.88095,1.00,1.87
2018.05.07 10:50:55.076,0.88084,0.88095,3.37,4.12
2018.05.07 10:50:55.128,0.88087,0.88095,1.62,1.12
2018.05.07 10:50:55.385,0.88088,0.88097,1.12,1.50
2018.05.07 10:50:56.389,0.88088,0.88097,2.81,1.50
2018.05.07 10:50:56.931,0.88088,0.88097,3.37,1.50
2018.05.07 10:50:57.496,0.88088,0.88096,1.31,1.00
2018.05.07 10:50:58.308,0.88087,0.88096,2.81,1.00
2018.05.07 10:50:58.832,0.88087,0.88096,2.81,1.00
2018.05.07 10:51:01.146,0.88087,0.88098,4.69,7.95
2018.05.07 10:51:02.156,0.88088,0.88096,1.50,1.50
2018.05.07 10:51:02.672,0.88087,0.88096,1.87,3.00
2018.05.07 10:51:03.313,0.88086,0.88096,2.25,1.50
2018.05.07 10:51:06.683,0.88087,0.88096,1.50,1.50
2018.05.07 10:51:07.194,0.88086,0.88096,1.95,1.50
2018.05.07 10:51:07.752,0.88087,0.88096,1.50,1.50
2018.05.07 10:51:08.324,0.88086,0.88096,1.87,1.50
2018.05.07 10:51:08.946,0.88086,0.88095,1.87,1.50
2018.05.07 10:51:09.210,0.88087,0.88096,3.56,1.00
2018.05.07 10:51:09.720,0.88088,0.88098,2.62,1.50
2018.05.07 10:51:13.832,0.88087,0.88096,4.87,1.50
2018.05.07 10:51:14.343,0.88087,0.88096,1.50,2.62
2018.05.07 10:51:16.339,0.8809,0.88098,1.50,1.00
2018.05.07 10:51:16.598,0.88092,0.88101,1.00,3.07
2018.05.07 10:51:17.708,0.88091,0.88101,3.37,1.10
2018.05.07 10:51:18.595,0.88091,0.88101,3.37,1.50
2018.05.07 10:51:20.124,0.88091,0.88101,1.37,1.95
2018.05.07 10:51:20.280,0.88091,0.88101,1.37,1.57
2018.05.07 10:51:21.381,0.88091,0.88101,2.25,1.57
2018.05.07 10:51:22.060,0.88091,0.881,1.50,1.00
2018.05.07 10:51:22.620,0.88091,0.88101,1.00,1.57
2018.05.07 10:51:23.040,0.88091,0.88099,1.00,1.50
2018.05.07 10:51:23.614,0.8809,0.88098,1.87,1.50
2018.05.07 10:51:24.665,0.88086,0.88095,2.70,1.00
2018.05.07 10:51:24.933,0.88084,0.88093,1.00,2.25
2018.05.07 10:51:25.256,0.88084,0.88092,1.00,3.00
2018.05.07 10:51:25.576,0.88084,0.88093,2.25,1.87
2018.05.07 10:51:26.102,0.88084,0.88092,1.00,1.00
2018.05.07 10:51:26.608,0.88084,0.88091,1.00,1.00
2018.05.07 10:51:29.444,0.88083,0.88091,1.00,1.50
2018.05.07 10:51:32.552,0.88083,0.88092,1.25,2.62
2018.05.07 10:51:33.492,0.88083,0.88091,1.00,1.00
2018.05.07 10:51:34.674,0.88083,0.88092,1.00,2.62
2018.05.07 10:51:35.682,0.88082,0.88091,3.00,1.00
2018.05.07 10:51:37.034,0.88086,0.88091,2.25,1.00
2018.05.07 10:51:37.086,0.88088,0.88094,1.00,1.00
2018.05.07 10:51:37.297,0.88088,0.88097,1.00,3.45
2018.05.07 10:51:49.802,0.88087,0.88095,2.25,1.00
2018.05.07 10:51:50.314,0.88087,0.88096,1.50,2.62
2018.05.07 10:51:54.893,0.88087,0.88095,1.87,1.00
2018.05.07 10:51:55.414,0.88087,0.88096,1.12,1.12
2018.05.07 10:51:55.961,0.88087,0.88095,1.87,1.00
2018.05.07 10:51:56.493,0.88088,0.88097,1.50,3.75
2018.05.07 10:51:57.066,0.88087,0.88095,1.50,1.50
2018.05.07 10:51:57.727,0.88087,0.88097,1.50,4.12
2018.05.07 10:51:58.512,0.88087,0.88095,1.00,2.25
2018.05.07 10:51:59.049,0.88087,0.88096,1.00,1.00
2018.05.07 10:51:59.498,0.88089,0.88097,1.00,1.00
2018.05.07 10:51:59.763,0.88091,0.881,2.25,1.00
2018.05.07 10:52:00.351,0.88092,0.88102,2.62,4.95
2018.05.07 10:52:00.863,0.88092,0.881,1.12,1.50
2018.05.07 10:52:01.604,0.88092,0.88101,1.12,1.87
2018.05.07 10:52:06.199,0.88092,0.881,2.62,1.00
2018.05.07 10:52:06.724,0.88092,0.88101,1.87,3.37
2018.05.07 10:52:06.978,0.88091,0.88099,1.87,1.50
2018.05.07 10:52:07.776,0.88091,0.881,1.00,1.00
2018.05.07 10:52:08.318,0.88091,0.88101,1.00,3.82
2018.05.07 10:52:09.272,0.88092,0.88099,1.00,1.00
2018.05.07 10:52:09.827,0.88092,0.881,1.00,3.37
2018.05.07 10:52:10.139,0.88092,0.88098,1.00,1.50
2018.05.07 10:52:10.653,0.88092,0.88099,1.00,1.50
2018.05.07 10:52:11.155,0.88092,0.88098,1.00,1.50
2018.05.07 10:52:11.660,0.88092,0.88099,1.00,1.50
2018.05.07 10:52:12.564,0.88092,0.88097,1.00,1.50
2018.05.07 10:52:12.725,0.88092,0.88099,1.00,1.50
2018.05.07 10:52:13.417,0.88092,0.881,1.00,3.37
2018.05.07 10:52:13.469,0.8809,0.88098,1.00,1.50
2018.05.07 10:52:13.520,0.8809,0.881,1.00,3.37
2018.05.07 10:52:15.369,0.88091,0.881,1.50,1.12
2018.05.07 10:52:15.916,0.88092,0.88101,1.00,3.07
2018.05.07 10:52:17.307,0.88092,0.88101,1.00,3.07
2018.05.07 10:52:18.143,0.88092,0.881,2.25,1.00
2018.05.07 10:52:18.679,0.88092,0.88101,1.00,3.07
2018.05.07 10:52:19.941,0.88092,0.881,3.00,1.00
2018.05.07 10:52:20.778,0.88092,0.88101,2.25,3.07
2018.05.07 10:52:21.321,0.88093,0.88101,1.50,3.07
2018.05.07 10:52:21.981,0.88092,0.88101,1.00,3.07
2018.05.07 10:52:23.470,0.88092,0.881,1.50,1.00
2018.05.07 10:52:24.073,0.88092,0.88101,1.00,2.70
2018.05.07 10:52:24.853,0.88091,0.88101,2.25,2.70
2018.05.07 10:52:25.497,0.88091,0.881,1.50,1.50
2018.05.07 10:52:26.161,0.88091,0.88101,1.50,2.70
2018.05.07 10:52:26.478,0.88091,0.88099,1.50,1.00
2018.05.07 10:52:27.195,0.8809,0.88099,3.00,1.50
2018.05.07 10:52:29.435,0.88091,0.88099,1.50,1.00
2018.05.07 10:52:29.592,0.88091,0.88101,2.25,3.82
2018.05.07 10:52:30.230,0.88091,0.88101,3.56,1.20
2018.05.07 10:52:30.780,0.88091,0.881,1.00,1.12
2018.05.07 10:52:31.360,0.88091,0.88099,1.00,1.00
2018.05.07 10:52:35.057,0.8809,0.88099,4.87,1.50
2018.05.07 10:52:38.198,0.8809,0.88099,4.69,1.00
2018.05.07 10:52:38.354,0.88093,0.881,1.50,1.00
2018.05.07 10:52:38.869,0.88092,0.881,2.25,1.00
2018.05.07 10:52:39.410,0.88091,0.881,1.31,1.50
2018.05.07 10:52:39.802,0.88088,0.88096,2.62,1.00
2018.05.07 10:52:40.009,0.88085,0.88094,1.57,1.12
2018.05.07 10:52:40.522,0.88085,0.88093,1.50,2.25
2018.05.07 10:52:42.097,0.88084,0.88093,1.69,2.25
2018.05.07 10:52:49.515,0.88083,0.88092,2.62,1.50
2018.05.07 10:52:50.296,0.88083,0.8809,1.00,1.00
2018.05.07 10:52:51.166,0.88083,0.88091,1.00,3.00
2018.05.07 10:52:52.103,0.88083,0.8809,1.00,1.50
2018.05.07 10:52:53.114,0.88083,0.88091,1.00,1.00
2018.05.07 10:52:55.414,0.88083,0.88092,1.00,5.25
2018.05.07 10:52:55.722,0.88083,0.8809,1.00,2.25
2018.05.07 10:52:55.902,0.88083,0.88092,1.00,4.50
2018.05.07 10:52:56.416,0.88083,0.88091,1.00,2.25
2018.05.07 10:52:57.279,0.88083,0.8809,1.00,1.50
2018.05.07 10:52:57.331,0.88081,0.8809,3.00,1.50
2018.05.07 10:52:57.844,0.8808,0.8809,1.00,5.25
2018.05.07 10:52:58.615,0.8808,0.88088,1.00,1.50
2018.05.07 10:53:00.033,0.8808,0.88089,2.44,1.87
2018.05.07 10:53:00.578,0.88081,0.8809,1.12,1.37
2018.05.07 10:53:01.327,0.88081,0.88091,1.00,3.37
2018.05.07 10:53:02.039,0.88082,0.88091,1.25,3.00
2018.05.07 10:53:02.193,0.88081,0.88092,2.89,4.57
2018.05.07 10:53:02.583,0.88081,0.8809,3.82,2.25
2018.05.07 10:53:03.130,0.88082,0.8809,1.00,1.50
2018.05.07 10:53:08.790,0.88082,0.88091,2.25,1.00
2018.05.07 10:53:09.114,0.88088,0.88097,1.87,1.57
2018.05.07 10:53:09.220,0.88089,0.88098,2.62,1.50
2018.05.07 10:53:09.787,0.88089,0.88099,3.37,1.50
2018.05.07 10:53:10.408,0.88089,0.881,5.62,3.07
2018.05.07 10:53:11.213,0.88089,0.881,6.00,3.45
2018.05.07 10:53:11.931,0.88089,0.88099,4.50,1.50
2018.05.07 10:53:12.658,0.8809,0.88098,1.12,1.50
2018.05.07 10:53:12.867,0.88091,0.881,1.50,2.32
2018.05.07 10:53:15.268,0.88092,0.88101,1.50,2.25
2018.05.07 10:53:16.226,0.88091,0.88101,2.62,2.25
2018.05.07 10:53:16.763,0.88092,0.881,1.00,1.87
2018.05.07 10:53:17.295,0.88091,0.881,4.50,1.87
2018.05.07 10:53:18.893,0.88092,0.88101,1.00,3.75
2018.05.07 10:53:19.123,0.88091,0.88098,1.50,1.50
2018.05.07 10:53:20.193,0.8809,0.88098,1.50,1.50
2018.05.07 10:53:20.649,0.8809,0.88096,1.00,1.50
2018.05.07 10:53:21.235,0.8809,0.88097,1.00,2.25
2018.05.07 10:53:21.613,0.88087,0.88097,3.00,2.25
2018.05.07 10:53:22.123,0.88087,0.88096,2.25,1.50
2018.05.07 10:53:22.644,0.88087,0.88097,1.37,1.50
2018.05.07 10:53:23.242,0.88087,0.88095,1.87,1.50
2018.05.07 10:53:24.623,0.88087,0.88095,1.12,1.50
2018.05.07 10:53:26.184,0.88089,0.88098,1.50,2.25
2018.05.07 10:53:26.702,0.8809,0.88098,1.12,1.50
2018.05.07 10:53:29.773,0.88088,0.88099,7.50,5.62
2018.05.07 10:53:30.751,0.88089,0.88098,2.25,1.50
2018.05.07 10:53:31.315,0.8809,0.88099,1.12,1.87
2018.05.07 10:53:36.315,0.88089,0.88098,4.31,1.50
2018.05.07 10:53:36.826,0.88089,0.881,5.81,3.75
2018.05.07 10:53:42.006,0.8809,0.881,1.37,3.75
2018.05.07 10:53:43.918,0.8809,0.881,1.00,3.00
2018.05.07 10:53:44.999,0.88091,0.88101,1.87,2.32
2018.05.07 10:53:45.106,0.88089,0.88097,1.50,1.50
2018.05.07 10:53:45.661,0.88088,0.88097,1.50,1.50
2018.05.07 10:53:46.195,0.88087,0.88097,2.25,2.25
2018.05.07 10:53:46.504,0.88087,0.88095,1.00,1.00
2018.05.07 10:53:47.019,0.88087,0.88096,1.00,2.25
2018.05.07 10:53:47.565,0.88086,0.88095,4.69,1.50
2018.05.07 10:53:48.087,0.88086,0.88096,3.00,1.50
2018.05.07 10:53:48.632,0.88086,0.88097,3.00,3.45
2018.05.07 10:53:49.971,0.88086,0.88097,2.62,6.07
2018.05.07 10:53:50.576,0.88087,0.88095,1.50,1.50
2018.05.07 10:53:51.139,0.88086,0.88096,2.62,1.00
2018.05.07 10:53:51.629,0.88089,0.88097,1.50,1.20
2018.05.07 10:53:52.201,0.88089,0.88099,1.87,5.32
2018.05.07 10:53:52.782,0.88088,0.88099,3.07,3.82
2018.05.07 10:53:53.098,0.88087,0.88096,5.32,1.00
2018.05.07 10:53:53.512,0.88087,0.88096,2.32,3.00
2018.05.07 10:53:54.030,0.88086,0.88095,2.25,1.00
2018.05.07 10:53:55.041,0.88086,0.88096,2.25,2.25
2018.05.07 10:53:55.316,0.88086,0.88093,1.12,1.50
2018.05.07 10:53:55.838,0.88084,0.88093,3.00,1.50
2018.05.07 10:53:56.693,0.88083,0.88093,4.50,1.50
2018.05.07 10:53:57.648,0.88084,0.88094,1.50,1.95
2018.05.07 10:53:58.715,0.88083,0.88093,3.00,1.00
2018.05.07 10:53:59.257,0.88084,0.88093,2.62,1.00
2018.05.07 10:54:01.587,0.88083,0.88093,2.62,3.00
2018.05.07 10:54:02.280,0.88083,0.88092,2.62,1.50
2018.05.07 10:54:02.781,0.88084,0.88094,1.50,4.87
2018.05.07 10:54:02.988,0.88086,0.88094,1.50,4.12
2018.05.07 10:54:03.589,0.88085,0.88094,1.00,4.87
2018.05.07 10:54:04.215,0.88085,0.88094,1.00,4.57
2018.05.07 10:54:04.841,0.88085,0.88093,1.00,1.00
2018.05.07 10:54:05.377,0.88085,0.88094,1.00,4.57
2018.05.07 10:54:05.946,0.88083,0.88093,6.37,1.00
2018.05.07 10:54:06.603,0.88083,0.88093,2.62,3.00
2018.05.07 10:54:10.199,0.88083,0.88091,1.87,1.50
2018.05.07 10:54:10.892,0.88083,0.88092,1.87,1.87
2018.05.07 10:54:11.475,0.88083,0.88091,1.00,1.50
2018.05.07 10:54:11.995,0.88083,0.8809,1.00,1.00
2018.05.07 10:54:12.697,0.88083,0.88092,1.00,2.62
2018.05.07 10:54:18.749,0.88083,0.88093,1.00,3.37
2018.05.07 10:54:19.947,0.88084,0.88093,1.87,2.62
2018.05.07 10:54:20.155,0.88088,0.88095,1.50,2.25
2018.05.07 10:54:20.258,0.88088,0.88097,2.25,3.07
2018.05.07 10:54:20.441,0.88091,0.88098,1.50,1.10
2018.05.07 10:54:20.947,0.88091,0.88099,1.50,4.57
2018.05.07 10:54:20.999,0.88089,0.88099,1.50,3.82
2018.05.07 10:54:21.052,0.88089,0.88098,1.87,1.57
2018.05.07 10:54:21.312,0.88086,0.88096,2.62,2.25
2018.05.07 10:54:21.416,0.88088,0.88096,1.50,2.25
2018.05.07 10:54:21.519,0.88086,0.88096,1.87,2.25
2018.05.07 10:54:24.741,0.88087,0.88096,1.50,1.00
2018.05.07 10:54:32.822,0.88088,0.88096,1.50,2.25
2018.05.07 10:54:33.106,0.88085,0.88095,3.00,2.25
2018.05.07 10:54:33.794,0.88086,0.88095,1.50,3.07
2018.05.07 10:54:34.469,0.88087,0.88095,1.50,2.32
2018.05.07 10:54:34.673,0.88084,0.88094,2.62,2.32
2018.05.07 10:54:34.725,0.88084,0.88092,1.12,1.50
2018.05.07 10:54:34.878,0.88083,0.88094,4.57,3.00
2018.05.07 10:54:35.104,0.88086,0.88094,1.50,1.00
2018.05.07 10:54:35.676,0.88086,0.88095,1.50,2.62
2018.05.07 10:54:36.198,0.88085,0.88095,3.00,1.95
2018.05.07 10:54:36.916,0.88084,0.88094,5.32,1.50
2018.05.07 10:54:37.230,0.88087,0.88096,1.50,1.57
2018.05.07 10:54:37.867,0.88087,0.88097,1.50,3.82
2018.05.07 10:54:38.408,0.88087,0.88097,1.50,3.45
2018.05.07 10:54:41.260,0.88087,0.88097,1.50,1.95
2018.05.07 10:54:41.822,0.88087,0.88097,1.50,3.45
2018.05.07 10:54:42.444,0.88086,0.88096,3.75,1.50
2018.05.07 10:54:42.989,0.88086,0.88097,4.50,3.45
2018.05.07 10:54:43.745,0.88086,0.88096,4.50,1.50
2018.05.07 10:54:44.435,0.88087,0.88097,1.50,3.45
2018.05.07 10:54:45.946,0.88087,0.88096,2.62,1.00
2018.05.07 10:54:46.593,0.88087,0.88097,1.87,3.82
2018.05.07 10:54:47.140,0.88087,0.88096,1.12,2.25
2018.05.07 10:54:47.782,0.88088,0.88096,1.50,1.50
2018.05.07 10:54:48.329,0.88087,0.88097,1.87,3.82
2018.05.07 10:54:49.493,0.88087,0.88096,2.62,1.50
2018.05.07 10:54:50.366,0.88087,0.88097,1.87,4.57
2018.05.07 10:54:51.048,0.88087,0.88096,2.62,1.50
2018.05.07 10:54:53.822,0.88087,0.88095,2.62,1.00
2018.05.07 10:54:54.335,0.88087,0.88096,1.87,1.00
2018.05.07 10:54:54.842,0.88087,0.88095,2.62,1.00
2018.05.07 10:54:55.405,0.88087,0.88096,1.87,1.00
2018.05.07 10:54:55.991,0.88087,0.88097,1.87,3.82
2018.05.07 10:54:57.117,0.88087,0.88096,2.25,1.00
2018.05.07 10:54:57.459,0.88087,0.88094,1.00,1.50
2018.05.07 10:54:57.982,0.88086,0.88094,1.12,1.50
2018.05.07 10:54:58.376,0.88088,0.88096,1.50,4.57
2018.05.07 10:54:58.532,0.88086,0.88096,1.50,3.07
2018.05.07 10:54:59.077,0.88087,0.88096,1.50,1.57
2018.05.07 10:55:00.331,0.88086,0.88096,2.62,1.20
2018.05.07 10:55:00.642,0.88085,0.88092,1.00,1.50
2018.05.07 10:55:01.217,0.88084,0.88092,2.62,1.50
2018.05.07 10:55:01.827,0.88083,0.88092,1.50,1.50
2018.05.07 10:55:02.567,0.88083,0.88093,3.75,2.25
2018.05.07 10:55:03.078,0.88084,0.88094,3.00,4.12
2018.05.07 10:55:03.647,0.88083,0.88094,5.51,2.70
2018.05.07 10:55:03.972,0.88086,0.88095,1.50,3.07
2018.05.07 10:55:04.494,0.88084,0.88094,4.12,1.50
2018.05.07 10:55:05.026,0.88085,0.88093,1.00,1.00
2018.05.07 10:55:05.587,0.88084,0.88094,3.75,1.00
2018.05.07 10:55:06.102,0.88085,0.88095,1.50,3.37
2018.05.07 10:55:06.604,0.88086,0.88095,1.50,1.87
2018.05.07 10:55:14.036,0.88087,0.88095,1.50,1.20
2018.05.07 10:55:14.557,0.88087,0.88096,3.19,1.10
2018.05.07 10:55:15.647,0.88088,0.88097,1.50,1.20
2018.05.07 10:55:15.750,0.88089,0.88098,1.50,2.32
2018.05.07 10:55:15.904,0.88088,0.88095,1.50,1.00
2018.05.07 10:55:16.496,0.88087,0.88097,1.87,6.07
2018.05.07 10:55:20.985,0.88087,0.88095,2.25,1.00
2018.05.07 10:55:21.509,0.88087,0.88096,1.50,1.12
2018.05.07 10:55:22.578,0.88087,0.88095,2.25,1.00
2018.05.07 10:55:23.088,0.88087,0.88096,1.50,2.62
2018.05.07 10:55:23.896,0.88088,0.88096,1.50,2.62
2018.05.07 10:55:24.434,0.88087,0.88096,1.50,3.37
2018.05.07 10:55:27.714,0.88087,0.88095,2.25,1.00
2018.05.07 10:55:28.334,0.88086,0.88096,3.37,3.37
2018.05.07 10:55:29.080,0.88087,0.88095,1.00,1.00
2018.05.07 10:55:29.622,0.88086,0.88096,3.56,1.95
2018.05.07 10:55:30.132,0.88086,0.88095,1.87,3.00
2018.05.07 10:55:31.031,0.88087,0.88095,1.50,3.00
2018.05.07 10:55:32.299,0.88086,0.88095,1.00,1.50
2018.05.07 10:55:33.189,0.88085,0.88094,4.69,1.00
2018.05.07 10:55:34.139,0.88085,0.88094,4.50,1.00
2018.05.07 10:55:34.737,0.88086,0.88095,1.00,3.00
2018.05.07 10:55:35.618,0.88085,0.88095,2.25,2.25
2018.05.07 10:55:36.277,0.88085,0.88094,1.50,2.25
2018.05.07 10:55:39.399,0.88086,0.88095,1.12,1.50
2018.05.07 10:55:39.909,0.88087,0.88095,1.87,1.00
2018.05.07 10:55:40.452,0.88087,0.88096,1.12,2.70
2018.05.07 10:55:41.021,0.88087,0.88095,1.87,1.00
2018.05.07 10:55:41.634,0.88087,0.88096,2.62,1.12
2018.05.07 10:55:43.963,0.88087,0.88095,2.62,1.00
2018.05.07 10:55:46.427,0.88087,0.88094,2.25,1.00
2018.05.07 10:55:47.121,0.88087,0.88095,1.50,1.00
2018.05.07 10:55:47.668,0.88087,0.88094,1.12,1.00
2018.05.07 10:55:48.259,0.88086,0.88094,1.00,1.00
2018.05.07 10:55:48.778,0.88086,0.88093,1.12,1.00
2018.05.07 10:55:49.469,0.88086,0.88094,1.12,1.00
2018.05.07 10:55:54.010,0.88087,0.88095,1.50,3.00
2018.05.07 10:55:54.679,0.88087,0.88093,1.50,1.00
2018.05.07 10:55:55.217,0.88087,0.88094,1.50,1.00
2018.05.07 10:55:58.297,0.88086,0.88094,2.25,1.00
2018.05.07 10:55:59.334,0.88086,0.88095,2.25,1.00
2018.05.07 10:55:59.903,0.88087,0.88096,1.50,1.20
2018.05.07 10:56:00.592,0.88086,0.88096,2.25,2.70
2018.05.07 10:56:01.865,0.88087,0.88096,1.50,1.57
2018.05.07 10:56:05.313,0.88086,0.88096,2.25,3.45
2018.05.07 10:56:05.828,0.88086,0.88095,1.50,1.00
2018.05.07 10:56:06.351,0.88085,0.88095,4.50,3.75
2018.05.07 10:56:07.635,0.88085,0.88095,3.37,3.00
2018.05.07 10:56:19.965,0.8809,0.88095,1.50,1.00
2018.05.07 10:56:20.142,0.88089,0.88097,1.50,1.10
2018.05.07 10:56:24.684,0.88088,0.88098,1.50,5.70
2018.05.07 10:56:25.269,0.88089,0.88098,1.50,4.20
2018.05.07 10:56:29.617,0.88089,0.88098,2.25,2.25
2018.05.07 10:56:30.134,0.8809,0.88097,2.25,1.00
2018.05.07 10:56:30.683,0.8809,0.88098,1.50,1.00
2018.05.07 10:56:36.169,0.88089,0.88098,4.50,1.00
2018.05.07 10:56:36.678,0.88091,0.88098,1.50,1.00
2018.05.07 10:56:37.247,0.88091,0.88097,1.50,1.00
2018.05.07 10:56:37.863,0.88091,0.88098,1.50,1.00
2018.05.07 10:56:38.153,0.88091,0.88101,1.50,3.75
2018.05.07 10:56:38.798,0.88092,0.88102,1.50,2.70
2018.05.07 10:56:45.810,0.88092,0.88101,2.25,1.00
2018.05.07 10:56:48.635,0.88095,0.88102,1.50,1.57
2018.05.07 10:56:49.201,0.88096,0.88102,1.50,1.87
2018.05.07 10:56:51.168,0.88094,0.88102,1.87,1.00
2018.05.07 10:56:54.536,0.88097,0.88102,1.50,1.00
2018.05.07 10:56:54.693,0.88093,0.88102,1.87,2.25
2018.05.07 10:56:58.254,0.88093,0.88101,1.50,1.50
2018.05.07 10:57:00.394,0.88091,0.881,4.12,1.50
2018.05.07 10:57:00.920,0.88091,0.881,2.62,1.00
2018.05.07 10:57:01.179,0.88093,0.881,1.50,1.00
2018.05.07 10:57:01.434,0.88091,0.881,1.87,1.50
2018.05.07 10:57:02.051,0.8809,0.881,2.25,2.62
2018.05.07 10:57:05.164,0.88089,0.88098,2.62,1.87
2018.05.07 10:57:05.683,0.88089,0.88097,1.87,1.00
2018.05.07 10:57:06.895,0.88089,0.88096,1.50,1.00
2018.05.07 10:57:07.665,0.88087,0.88096,3.00,1.00
2018.05.07 10:57:09.713,0.88087,0.88097,1.87,2.32
2018.05.07 10:57:11.564,0.88087,0.88096,2.62,1.00
2018.05.07 10:57:12.178,0.88087,0.88097,1.87,2.32
2018.05.07 10:57:13.044,0.88086,0.88096,4.12,2.62
2018.05.07 10:57:13.579,0.88086,0.88095,2.62,1.00
2018.05.07 10:57:14.011,0.88086,0.88095,1.87,4.12
2018.05.07 10:57:14.115,0.88084,0.88094,3.00,2.25
2018.05.07 10:57:14.167,0.88086,0.88094,1.50,3.00
2018.05.07 10:57:14.219,0.88084,0.88094,3.00,3.00
2018.05.07 10:57:14.270,0.88086,0.88094,1.50,2.25
2018.05.07 10:57:14.322,0.88084,0.88094,2.62,2.25
2018.05.07 10:57:14.577,0.88083,0.88092,1.50,1.50
2018.05.07 10:57:14.956,0.88082,0.8809,2.25,1.00
2018.05.07 10:57:15.378,0.88083,0.88092,1.50,3.82
2018.05.07 10:57:15.635,0.88084,0.8809,1.50,1.00
2018.05.07 10:57:15.687,0.88082,0.8809,3.00,1.00
2018.05.07 10:57:16.580,0.88082,0.88089,3.00,1.00
2018.05.07 10:57:18.212,0.88082,0.8809,3.75,1.00
2018.05.07 10:57:18.747,0.88083,0.8809,1.50,1.00
2018.05.07 10:57:19.384,0.88082,0.8809,3.00,1.00
2018.05.07 10:57:19.911,0.88081,0.88087,1.00,1.50
2018.05.07 10:57:20.452,0.8808,0.88087,1.00,1.50
2018.05.07 10:57:21.443,0.88079,0.88087,2.25,1.00
2018.05.07 10:57:21.973,0.88079,0.88088,2.25,3.00
2018.05.07 10:57:26.045,0.88079,0.88085,1.00,1.00
2018.05.07 10:57:26.203,0.88076,0.88085,4.50,1.50
2018.05.07 10:57:26.386,0.88078,0.88088,1.50,4.57
2018.05.07 10:57:26.695,0.8808,0.88088,1.00,1.50
2018.05.07 10:57:28.881,0.8808,0.88089,1.00,2.62
2018.05.07 10:57:29.840,0.8808,0.88088,2.25,1.00
2018.05.07 10:57:30.424,0.8808,0.88087,1.00,1.00
2018.05.07 10:57:30.959,0.8808,0.88088,1.00,1.95
2018.05.07 10:57:31.565,0.8808,0.88087,1.00,1.00
2018.05.07 10:57:33.249,0.8808,0.88088,1.00,1.50
2018.05.07 10:57:40.278,0.88081,0.8809,1.50,4.57
2018.05.07 10:57:40.837,0.88081,0.8809,2.25,1.12
2018.05.07 10:57:41.551,0.8808,0.8809,1.87,3.07
2018.05.07 10:57:42.087,0.88082,0.8809,1.50,1.10
2018.05.07 10:57:42.596,0.88083,0.88091,1.50,1.87
2018.05.07 10:57:43.967,0.8808,0.8809,4.50,2.25
2018.05.07 10:57:44.872,0.8808,0.88089,4.12,1.00
2018.05.07 10:57:45.417,0.8808,0.8809,2.62,2.25
2018.05.07 10:57:45.973,0.88081,0.88091,4.87,1.50
2018.05.07 10:57:46.470,0.88083,0.88091,1.50,1.00
2018.05.07 10:57:47.015,0.88082,0.88091,1.50,1.00
2018.05.07 10:57:47.547,0.88081,0.88092,3.00,2.70
2018.05.07 10:57:48.337,0.88083,0.88092,1.50,1.95
2018.05.07 10:57:48.513,0.88081,0.88092,3.00,1.20
2018.05.07 10:57:48.969,0.88081,0.8809,3.00,1.00
2018.05.07 10:57:50.228,0.88082,0.88091,1.00,2.62
2018.05.07 10:57:50.969,0.88082,0.88092,1.50,3.45
2018.05.07 10:57:51.534,0.88082,0.88091,1.50,1.00
2018.05.07 10:57:51.842,0.8808,0.88088,2.25,1.50
2018.05.07 10:57:52.203,0.88079,0.88086,1.00,1.00
2018.05.07 10:57:54.653,0.88079,0.88085,1.00,1.50
2018.05.07 10:57:55.214,0.88078,0.88085,1.12,1.50
2018.05.07 10:57:55.526,0.88076,0.88085,2.62,2.25
2018.05.07 10:57:56.053,0.88077,0.88084,1.00,1.50
2018.05.07 10:57:56.570,0.88076,0.88085,1.12,2.25
2018.05.07 10:57:57.449,0.88076,0.88086,3.37,1.87
2018.05.07 10:57:57.636,0.88078,0.88086,1.00,1.12
2018.05.07 10:57:57.948,0.8808,0.88086,2.25,1.00
2018.05.07 10:57:58.499,0.8808,0.88088,2.25,1.12
2018.05.07 10:57:59.836,0.88081,0.88088,1.50,1.00
2018.05.07 10:57:59.888,0.8808,0.8809,2.25,3.75
2018.05.07 10:58:00.451,0.88081,0.8809,1.00,1.12
2018.05.07 10:58:03.492,0.8808,0.8809,3.00,1.00
2018.05.07 10:58:04.260,0.88081,0.8809,1.50,2.25
2018.05.07 10:58:04.994,0.88082,0.88089,1.00,1.00
2018.05.07 10:58:05.510,0.88081,0.8809,3.75,1.00
2018.05.07 10:58:10.089,0.8808,0.88089,3.45,1.50
2018.05.07 10:58:11.062,0.88081,0.8809,3.00,1.50
2018.05.07 10:58:11.616,0.88081,0.88091,2.25,1.87
2018.05.07 10:58:13.858,0.88081,0.8809,2.25,1.00
2018.05.07 10:58:13.963,0.8808,0.88088,4.87,1.00
2018.05.07 10:58:14.472,0.8808,0.88089,1.87,1.00
2018.05.07 10:58:15.602,0.8808,0.88088,4.12,1.00
2018.05.07 10:58:16.149,0.8808,0.88089,2.62,1.00
2018.05.07 10:58:17.829,0.8808,0.88088,1.12,1.00
2018.05.07 10:58:18.353,0.8808,0.88089,1.12,1.50
2018.05.07 10:58:19.321,0.88081,0.88089,1.50,1.00
2018.05.07 10:58:19.923,0.8808,0.88089,3.37,1.50
2018.05.07 10:58:23.013,0.8808,0.88088,1.00,1.12
2018.05.07 10:58:23.328,0.88077,0.88086,2.25,1.95
2018.05.07 10:58:26.959,0.88077,0.88085,2.62,1.00
2018.05.07 10:58:27.322,0.88078,0.88087,1.12,1.50
2018.05.07 10:58:29.342,0.88078,0.88086,2.62,1.00
2018.05.07 10:58:29.859,0.88078,0.88087,1.12,1.00
2018.05.07 10:58:34.838,0.8808,0.88087,1.50,1.00
2018.05.07 10:58:34.969,0.88078,0.88087,3.75,1.00
2018.05.07 10:58:35.427,0.8808,0.88087,1.50,1.00
2018.05.07 10:58:36.035,0.8808,0.88088,1.50,1.00
2018.05.07 10:58:36.788,0.88079,0.88088,1.87,1.00
2018.05.07 10:58:37.630,0.8808,0.88088,1.50,1.00
2018.05.07 10:58:38.873,0.88079,0.88088,2.44,1.00
2018.05.07 10:58:39.480,0.8808,0.88088,1.50,1.00
2018.05.07 10:58:40.210,0.88079,0.88088,2.25,1.00
2018.05.07 10:58:40.906,0.8808,0.88088,1.50,1.00
2018.05.07 10:58:41.579,0.88078,0.88089,3.26,2.25
2018.05.07 10:58:42.098,0.8808,0.88089,2.25,3.00
2018.05.07 10:58:42.715,0.88082,0.8809,1.50,2.62
2018.05.07 10:58:43.392,0.88083,0.8809,1.00,1.00
2018.05.07 10:58:44.663,0.88082,0.8809,1.12,1.50
2018.05.07 10:58:45.181,0.88083,0.88092,1.50,2.32
2018.05.07 10:58:45.816,0.88081,0.88092,4.12,3.07
2018.05.07 10:58:45.868,0.88084,0.88093,1.12,2.70
2018.05.07 10:58:46.400,0.88085,0.88095,2.25,3.07
2018.05.07 10:58:47.812,0.88085,0.88095,2.25,1.57
2018.05.07 10:58:48.322,0.88086,0.88095,1.50,2.32
2018.05.07 10:58:49.442,0.88085,0.88095,2.25,1.57
2018.05.07 10:58:53.575,0.88085,0.88094,2.62,1.00
2018.05.07 10:58:54.095,0.88086,0.88095,3.00,1.12
2018.05.07 10:58:54.623,0.88085,0.88094,3.75,1.00
2018.05.07 10:58:59.890,0.88084,0.88094,4.50,5.25
2018.05.07 10:59:01.192,0.88082,0.88091,1.50,1.00
2018.05.07 10:59:01.503,0.88085,0.88092,1.87,1.00
2018.05.07 10:59:12.436,0.88083,0.88092,2.06,1.00
2018.05.07 10:59:12.950,0.88083,0.88093,1.50,1.87
2018.05.07 10:59:14.577,0.88083,0.88092,2.25,1.00
2018.05.07 10:59:15.126,0.88083,0.88093,1.50,1.12
2018.05.07 10:59:17.112,0.88082,0.88093,4.50,2.62
2018.05.07 10:59:17.576,0.88083,0.88091,1.00,1.00
2018.05.07 10:59:17.781,0.88084,0.88093,1.50,2.25
2018.05.07 10:59:18.311,0.88085,0.88094,1.50,1.95
2018.05.07 10:59:18.839,0.88085,0.88094,1.50,1.57
2018.05.07 10:59:19.597,0.88084,0.88095,2.81,3.82
2018.05.07 10:59:20.145,0.88085,0.88094,1.12,1.10
2018.05.07 10:59:23.641,0.88084,0.88094,3.30,2.32
2018.05.07 10:59:24.158,0.88085,0.88093,1.00,2.32
2018.05.07 10:59:24.664,0.88083,0.88093,4.12,3.07
2018.05.07 10:59:27.103,0.88083,0.88092,1.50,1.50
2018.05.07 10:59:27.650,0.88082,0.88092,2.62,1.10
2018.05.07 10:59:28.291,0.88083,0.88092,1.50,1.57
2018.05.07 10:59:28.964,0.88082,0.88092,1.50,1.57
2018.05.07 10:59:29.629,0.88082,0.88092,1.50,2.32
2018.05.07 10:59:30.210,0.88083,0.88091,1.50,1.12
2018.05.07 10:59:30.719,0.88082,0.88091,3.75,1.12
2018.05.07 10:59:32.597,0.88082,0.88091,3.94,1.12
2018.05.07 10:59:33.453,0.88084,0.88091,1.50,1.00
2018.05.07 10:59:33.505,0.88084,0.88093,1.50,1.12
2018.05.07 10:59:38.670,0.88083,0.88093,2.25,1.50
2018.05.07 10:59:39.129,0.88083,0.88091,1.00,1.00
2018.05.07 10:59:40.089,0.88082,0.8809,2.62,1.00
2018.05.07 10:59:40.620,0.88082,0.8809,2.25,1.00
2018.05.07 10:59:41.664,0.88082,0.88091,3.00,1.50
2018.05.07 10:59:42.441,0.88082,0.88092,2.25,2.70
2018.05.07 10:59:43.165,0.88083,0.88092,1.50,2.70
2018.05.07 10:59:43.681,0.88082,0.88092,3.75,2.32
2018.05.07 10:59:44.637,0.88083,0.88092,1.00,2.32
2018.05.07 10:59:45.167,0.88086,0.88093,1.50,2.70
2018.05.07 10:59:45.220,0.88084,0.88093,1.50,1.95
2018.05.07 10:59:45.398,0.88083,0.88091,1.87,1.00
2018.05.07 10:59:46.182,0.88082,0.88091,2.25,1.00
2018.05.07 10:59:47.112,0.88082,0.8809,1.50,1.50
2018.05.07 10:59:47.651,0.88081,0.8809,2.06,1.00
2018.05.07 10:59:48.350,0.8808,0.88089,2.44,1.00
2018.05.07 10:59:48.755,0.88082,0.88089,1.50,1.00
2018.05.07 10:59:49.023,0.88082,0.88091,2.81,1.50
2018.05.07 10:59:50.334,0.88083,0.88091,1.50,1.57
2018.05.07 10:59:51.241,0.88082,0.88091,2.44,1.00
2018.05.07 10:59:51.863,0.88083,0.88091,1.50,1.00
2018.05.07 10:59:52.479,0.88082,0.88091,1.50,1.50
2018.05.07 10:59:54.015,0.88083,0.88091,1.50,1.50
2018.05.07 10:59:55.828,0.88083,0.88092,1.50,1.87
2018.05.07 10:59:56.329,0.88084,0.88092,1.50,3.07
2018.05.07 10:59:57.378,0.88084,0.88091,1.50,1.00
2018.05.07 10:59:57.483,0.88082,0.88091,2.25,1.00
2018.05.07 10:59:57.639,0.88084,0.88091,1.50,2.25
2018.05.07 10:59:57.899,0.88082,0.8809,2.25,1.50
2018.05.07 10:59:58.185,0.88079,0.88089,4.95,1.50
2018.05.07 10:59:58.290,0.88079,0.88087,1.87,1.50
2018.05.07 10:59:58.500,0.8808,0.88089,1.50,1.87
2018.05.07 10:59:59.024,0.88081,0.88089,1.50,3.00
