2008.02.21 03:00:09.541,0.7577,0.7579,1.10,0.30
2008.02.21 03:00:09.682,0.7577,0.7579,9.10,0.30
2008.02.21 03:00:09.827,0.75775,0.7579,0.80,0.30
2008.02.21 03:00:09.969,0.75775,0.7579,0.80,0.30
2008.02.21 03:00:10.097,0.75775,0.7579,0.80,0.30
2008.02.21 03:00:10.208,0.75775,0.7579,0.80,0.30
2008.02.21 03:00:10.690,0.75775,0.7579,0.80,0.30
2008.02.21 03:00:12.480,0.75775,0.7579,0.80,0.30
2008.02.21 03:00:12.680,0.75775,0.7579,0.80,0.30
2008.02.21 03:00:12.755,0.75775,0.7579,0.80,0.30
2008.02.21 03:00:12.838,0.75775,0.7579,0.80,0.30
2008.02.21 03:00:12.971,0.7577,0.7579,11.50,0.30
2008.02.21 03:00:13.043,0.7577,0.7579,11.50,0.30
2008.02.21 03:00:13.377,0.7577,0.7579,0.40,0.30
2008.02.21 03:00:13.712,0.7577,0.7579,0.40,0.30
2008.02.21 03:00:15.217,0.7577,0.7579,0.40,0.30
2008.02.21 03:00:15.452,0.7577,0.7579,0.40,0.30
2008.02.21 03:00:15.581,0.7577,0.7579,0.40,0.30
2008.02.21 03:00:15.673,0.7577,0.7579,0.40,0.30
2008.02.21 03:00:15.768,0.75775,0.7579,0.80,0.30
2008.02.21 03:00:15.979,0.75775,0.7579,0.80,0.30
2008.02.21 03:00:16.153,0.75775,0.7579,0.80,0.30
2008.02.21 03:00:16.323,0.75775,0.7579,0.80,0.30
2008.02.21 03:00:16.533,0.75775,0.7579,0.80,0.30
2008.02.21 03:00:16.772,0.75775,0.7579,0.80,0.30
2008.02.21 03:00:16.981,0.75775,0.7579,0.80,0.30
2008.02.21 03:00:17.213,0.75775,0.7579,0.80,0.30
2008.02.21 03:00:18.151,0.75775,0.7579,0.80,0.30
2008.02.21 03:00:21.223,0.75775,0.7579,0.80,0.30
2008.02.21 03:00:26.945,0.75775,0.7579,0.80,0.30
2008.02.21 03:00:27.002,0.75775,0.7579,0.80,0.30
2008.02.21 03:00:27.159,0.75775,0.7579,0.80,0.30
2008.02.21 03:00:27.212,0.75775,0.7579,0.80,0.30
2008.02.21 03:00:28.166,0.75775,0.7579,0.80,0.30
2008.02.21 03:00:28.398,0.75775,0.7579,0.80,0.30
2008.02.21 03:00:28.632,0.7577,0.7579,0.70,0.30
2008.02.21 03:00:28.701,0.7577,0.7579,2.10,0.30
2008.02.21 03:00:30.202,0.7577,0.7579,2.30,0.30
2008.02.21 03:00:30.310,0.7577,0.7579,0.90,0.30
2008.02.21 03:00:30.419,0.7577,0.7579,0.90,0.30
2008.02.21 03:00:30.528,0.7577,0.7579,0.60,0.30
2008.02.21 03:00:31.420,0.7577,0.7579,0.60,0.30
2008.02.21 03:00:35.786,0.7577,0.7579,4.30,0.30
2008.02.21 03:00:36.001,0.7577,0.7579,1.10,0.30
2008.02.21 03:00:36.050,0.7577,0.7579,2.10,0.30
2008.02.21 03:00:36.198,0.7577,0.7579,4.00,0.30
2008.02.21 03:00:36.917,0.7577,0.7579,1.70,0.30
2008.02.21 03:00:37.931,0.7577,0.7579,0.60,0.30
2008.02.21 03:00:37.999,0.7577,0.7579,0.80,0.30
2008.02.21 03:00:38.150,0.7577,0.7579,0.70,0.30
2008.02.21 03:00:38.218,0.7577,0.7579,0.80,0.30
2008.02.21 03:00:39.179,0.7577,0.7579,0.70,0.30
2008.02.21 03:00:41.700,0.7577,0.7579,0.60,0.30
2008.02.21 03:00:44.667,0.7577,0.7579,0.80,0.30
2008.02.21 03:00:45.184,0.7577,0.7579,0.80,0.30
2008.02.21 03:00:45.481,0.7577,0.7579,1.10,0.30
2008.02.21 03:00:51.836,0.7577,0.7579,1.10,0.30
2008.02.21 03:00:51.917,0.7577,0.7579,9.10,0.30
2008.02.21 03:00:51.966,0.7577,0.7579,9.10,0.30
2008.02.21 03:00:52.192,0.7577,0.7579,9.10,0.30
2008.02.21 03:00:52.263,0.7577,0.7579,9.10,0.30
2008.02.21 03:00:53.010,0.7577,0.7579,9.10,0.30
2008.02.21 03:01:11.743,0.7577,0.7579,9.10,0.30
2008.02.21 03:01:12.066,0.7577,0.7579,9.10,0.30
2008.02.21 03:01:12.390,0.7577,0.7579,9.10,0.30
2008.02.21 03:01:20.613,0.7577,0.7579,9.10,0.30
2008.02.21 03:01:20.714,0.7577,0.7579,9.10,0.30
2008.02.21 03:01:20.754,0.7577,0.7579,9.10,0.30
2008.02.21 03:01:20.924,0.7577,0.7579,9.10,0.30
2008.02.21 03:01:21.231,0.7577,0.7579,9.10,0.30
2008.02.21 03:01:21.424,0.7577,0.7579,9.10,0.30
2008.02.21 03:01:21.738,0.7577,0.7579,9.10,0.30
2008.02.21 03:01:21.941,0.7577,0.7579,9.10,0.30
2008.02.21 03:01:22.252,0.7577,0.7579,9.10,0.30
2008.02.21 03:01:22.680,0.7577,0.7579,9.10,0.30
2008.02.21 03:01:22.826,0.7577,0.7579,9.10,0.30
2008.02.21 03:01:22.930,0.7577,0.7579,9.10,0.30
2008.02.21 03:01:23.022,0.7577,0.7579,8.30,0.30
2008.02.21 03:01:23.116,0.7577,0.7579,8.30,0.30
2008.02.21 03:01:23.209,0.7577,0.7579,8.30,0.30
2008.02.21 03:01:23.302,0.7577,0.7579,0.40,0.30
2008.02.21 03:01:23.396,0.7577,0.7579,0.40,0.30
2008.02.21 03:01:23.489,0.7577,0.7579,0.40,0.30
2008.02.21 03:01:23.657,0.7577,0.7579,0.40,0.30
2008.02.21 03:01:23.751,0.7577,0.7579,0.40,0.30
2008.02.21 03:01:23.934,0.7577,0.7579,0.40,0.30
2008.02.21 03:01:24.118,0.7577,0.7579,0.40,0.30
2008.02.21 03:01:24.302,0.7577,0.7579,0.40,0.30
2008.02.21 03:01:24.486,0.7577,0.7579,0.40,0.30
2008.02.21 03:01:25.582,0.7577,0.7579,0.40,0.30
2008.02.21 03:01:25.705,0.7577,0.7579,0.40,0.30
2008.02.21 03:01:25.909,0.7577,0.7579,0.40,0.30
2008.02.21 03:01:26.121,0.7577,0.7579,0.40,0.30
2008.02.21 03:01:26.220,0.7577,0.7579,0.40,0.30
2008.02.21 03:01:26.318,0.7577,0.7579,10.70,0.30
2008.02.21 03:01:26.422,0.7577,0.7579,10.70,0.30
2008.02.21 03:01:26.631,0.7577,0.7579,10.70,0.30
2008.02.21 03:01:26.730,0.7577,0.7579,8.30,0.30
2008.02.21 03:01:26.936,0.7577,0.7579,8.30,0.30
2008.02.21 03:01:27.450,0.7577,0.7579,8.30,0.30
2008.02.21 03:01:27.655,0.7577,0.7579,8.30,0.30
2008.02.21 03:01:34.927,0.7577,0.7579,8.30,0.30
2008.02.21 03:01:35.742,0.7577,0.7579,8.30,0.30
2008.02.21 03:01:35.840,0.7577,0.7579,8.30,0.30
2008.02.21 03:01:35.952,0.7577,0.7579,8.30,0.30
2008.02.21 03:01:36.290,0.7577,0.7579,8.30,0.30
2008.02.21 03:01:37.211,0.7577,0.7579,8.30,0.30
2008.02.21 03:01:54.627,0.7577,0.7579,8.30,0.30
2008.02.21 03:01:54.664,0.7577,0.7579,8.30,0.30
2008.02.21 03:01:54.941,0.7577,0.7579,8.30,0.30
2008.02.21 03:01:55.135,0.7577,0.7579,8.30,0.30
2008.02.21 03:01:57.490,0.7577,0.7579,9.10,0.30
2008.02.21 03:01:57.534,0.7577,0.7579,9.10,0.30
2008.02.21 03:01:57.666,0.7577,0.7579,11.50,0.30
2008.02.21 03:01:57.743,0.7577,0.7579,11.50,0.30
2008.02.21 03:01:57.776,0.7578,0.75795,0.40,4.80
2008.02.21 03:01:57.905,0.7578,0.75795,0.40,4.80
2008.02.21 03:01:58.068,0.7578,0.75795,0.40,4.80
2008.02.21 03:01:58.231,0.7577,0.7579,9.10,0.30
2008.02.21 03:01:58.394,0.7577,0.7579,9.10,0.30
2008.02.21 03:01:58.559,0.7577,0.7579,9.10,0.30
2008.02.21 03:02:01.670,0.7577,0.7579,8.30,0.30
2008.02.21 03:02:01.803,0.7577,0.7579,8.30,0.30
2008.02.21 03:02:02.197,0.7577,0.7579,8.30,0.30
2008.02.21 03:02:02.281,0.7577,0.7579,8.30,0.30
2008.02.21 03:02:02.359,0.7577,0.7579,8.30,0.30
2008.02.21 03:02:07.488,0.7577,0.7579,8.30,0.30
2008.02.21 03:02:21.213,0.7577,0.7579,8.30,0.30
2008.02.21 03:02:21.416,0.7577,0.7579,8.30,0.30
2008.02.21 03:02:21.476,0.7577,0.7579,2.70,0.30
2008.02.21 03:02:21.933,0.7577,0.7579,3.40,0.30
2008.02.21 03:02:22.436,0.7577,0.7579,4.30,0.30
2008.02.21 03:02:22.639,0.7577,0.7579,3.90,0.30
2008.02.21 03:02:23.407,0.7577,0.7579,4.10,0.30
2008.02.21 03:02:23.466,0.7577,0.7579,4.50,0.30
2008.02.21 03:02:23.589,0.7577,0.7579,3.40,0.30
2008.02.21 03:02:24.394,0.7577,0.7579,3.60,0.30
2008.02.21 03:02:24.695,0.7577,0.7579,3.10,0.30
2008.02.21 03:02:34.655,0.7577,0.7579,1.50,0.30
2008.02.21 03:02:34.773,0.7577,0.7579,0.40,0.30
2008.02.21 03:02:34.984,0.7577,0.7579,0.40,0.30
2008.02.21 03:02:35.913,0.7577,0.7579,0.40,0.30
2008.02.21 03:02:38.181,0.7577,0.7579,1.90,0.30
2008.02.21 03:02:38.424,0.7577,0.7579,3.50,0.30
2008.02.21 03:02:38.516,0.7577,0.7579,3.90,0.30
2008.02.21 03:02:38.742,0.7577,0.7579,3.80,0.30
2008.02.21 03:02:39.967,0.7577,0.7579,1.30,0.30
2008.02.21 03:02:41.907,0.7577,0.7579,1.20,0.30
2008.02.21 03:02:48.451,0.7577,0.7579,0.70,0.30
2008.02.21 03:03:02.251,0.7577,0.7579,2.10,0.30
2008.02.21 03:03:02.452,0.7577,0.7579,2.30,0.30
2008.02.21 03:03:10.312,0.7577,0.7579,8.30,0.30
2008.02.21 03:03:19.484,0.7577,0.7579,8.30,0.30
2008.02.21 03:03:21.406,0.7577,0.7579,8.30,0.30
2008.02.21 03:03:21.725,0.7577,0.7579,8.30,0.30
2008.02.21 03:03:29.970,0.7577,0.7579,8.30,0.30
2008.02.21 03:03:30.004,0.7577,0.7579,8.30,0.30
2008.02.21 03:03:37.227,0.7577,0.7579,8.30,0.30
2008.02.21 03:03:38.633,0.7577,0.7579,8.30,0.30
2008.02.21 03:03:51.037,0.7577,0.7579,8.30,0.30
2008.02.21 03:03:51.152,0.7577,0.7579,8.30,0.30
2008.02.21 03:03:51.965,0.7577,0.7579,8.30,0.30
2008.02.21 03:03:52.172,0.7577,0.7579,8.30,0.30
2008.02.21 03:03:54.111,0.7577,0.7579,8.30,0.30
2008.02.21 03:03:54.311,0.7577,0.7579,8.30,0.30
2008.02.21 03:03:54.490,0.7577,0.7579,0.40,0.30
2008.02.21 03:03:54.729,0.7577,0.7579,0.40,0.30
2008.02.21 03:03:54.792,0.7577,0.7579,0.40,0.30
2008.02.21 03:03:55.202,0.7577,0.7579,0.40,0.30
2008.02.21 03:03:56.937,0.7577,0.7579,0.40,0.30
2008.02.21 03:03:57.363,0.7577,0.7579,0.40,0.30
2008.02.21 03:03:57.467,0.7577,0.7579,0.40,0.30
2008.02.21 03:03:57.516,0.7577,0.7579,0.40,0.30
2008.02.21 03:04:12.659,0.7577,0.7579,0.40,0.90
2008.02.21 03:04:12.712,0.7577,0.7579,0.40,0.70
2008.02.21 03:04:12.937,0.7577,0.7579,0.40,0.50
2008.02.21 03:04:13.461,0.7577,0.7579,0.40,0.90
2008.02.21 03:04:13.969,0.7577,0.7579,0.40,0.70
2008.02.21 03:04:15.696,0.7577,0.7579,0.40,0.90
2008.02.21 03:04:21.495,0.7577,0.7579,0.40,0.60
2008.02.21 03:04:21.700,0.7577,0.7579,0.40,0.70
2008.02.21 03:04:22.424,0.7577,0.7579,0.40,0.90
2008.02.21 03:04:27.012,0.7577,0.7579,0.40,0.90
2008.02.21 03:04:27.081,0.7577,0.7579,0.40,0.30
2008.02.21 03:04:27.349,0.7577,0.7579,0.40,0.30
2008.02.21 03:04:27.709,0.7577,0.7579,0.40,0.30
2008.02.21 03:04:28.524,0.7577,0.7579,0.40,0.30
2008.02.21 03:04:29.957,0.7577,0.7579,0.40,0.30
2008.02.21 03:04:30.665,0.7577,0.7579,0.40,0.30
2008.02.21 03:04:43.903,0.7577,0.7579,0.40,0.30
2008.02.21 03:04:43.957,0.7577,0.7579,0.40,1.00
2008.02.21 03:04:44.230,0.7577,0.7579,0.40,1.00
2008.02.21 03:04:45.146,0.7577,0.7579,0.40,1.00
2008.02.21 03:04:48.561,0.7577,0.7579,0.40,1.00
2008.02.21 03:04:48.697,0.7577,0.7579,0.40,0.30
2008.02.21 03:04:49.202,0.7577,0.7579,0.40,0.30
2008.02.21 03:04:50.018,0.7577,0.7579,0.40,0.30
2008.02.21 03:04:50.230,0.7577,0.7579,0.40,0.30
2008.02.21 03:05:12.378,0.7577,0.7579,0.40,0.30
2008.02.21 03:05:21.615,0.7577,0.7579,0.40,0.30
2008.02.21 03:05:21.710,0.7577,0.7579,0.40,0.30
2008.02.21 03:05:30.156,0.7577,0.7579,0.40,1.00
2008.02.21 03:05:30.336,0.7577,0.7579,0.40,1.00
2008.02.21 03:05:30.515,0.7577,0.7579,0.40,1.00
2008.02.21 03:05:30.683,0.7577,0.7579,0.40,1.00
2008.02.21 03:05:30.993,0.7577,0.7579,0.40,1.00
2008.02.21 03:05:31.390,0.7577,0.7579,0.40,1.00
2008.02.21 03:05:31.534,0.7577,0.7579,0.40,1.00
2008.02.21 03:05:37.879,0.7577,0.7579,0.40,1.00
2008.02.21 03:05:39.669,0.7577,0.7579,0.40,1.00
2008.02.21 03:05:39.885,0.7577,0.7579,0.40,1.00
2008.02.21 03:05:39.962,0.7577,0.7579,0.40,1.00
2008.02.21 03:05:40.024,0.7577,0.7579,0.40,0.30
2008.02.21 03:05:40.164,0.7577,0.7579,0.40,1.00
2008.02.21 03:05:40.302,0.7577,0.7579,0.40,1.00
2008.02.21 03:06:02.635,0.7577,0.7579,0.40,0.30
2008.02.21 03:06:02.688,0.7577,0.7579,0.40,0.30
2008.02.21 03:06:03.061,0.7577,0.7579,0.40,0.30
2008.02.21 03:06:03.971,0.7577,0.7579,0.40,0.30
2008.02.21 03:06:04.177,0.7577,0.7579,0.40,0.30
2008.02.21 03:06:11.948,0.7577,0.7579,0.40,0.30
2008.02.21 03:06:20.485,0.7577,0.7579,0.40,0.30
2008.02.21 03:06:21.710,0.7577,0.7579,0.40,0.30
2008.02.21 03:06:21.914,0.7577,0.7579,0.40,0.30
2008.02.21 03:06:22.327,0.7577,0.7579,0.40,0.30
2008.02.21 03:06:22.942,0.7577,0.7579,0.40,0.30
2008.02.21 03:06:26.145,0.7577,0.7579,0.40,0.30
2008.02.21 03:06:26.373,0.7577,0.7579,0.40,0.30
2008.02.21 03:06:30.649,0.7577,0.7579,0.40,0.30
2008.02.21 03:06:30.966,0.7577,0.7579,0.40,0.30
2008.02.21 03:06:37.847,0.7577,0.7579,0.40,0.30
2008.02.21 03:06:37.988,0.7577,0.7579,0.40,0.30
2008.02.21 03:06:38.049,0.7577,0.7579,0.40,0.30
2008.02.21 03:06:39.746,0.7577,0.7579,0.40,0.30
2008.02.21 03:06:40.241,0.7577,0.7579,0.40,0.30
2008.02.21 03:06:47.016,0.7577,0.7579,0.40,0.30
2008.02.21 03:06:57.978,0.7577,0.7579,0.40,0.30
2008.02.21 03:06:58.193,0.7577,0.7579,0.40,0.30
2008.02.21 03:06:58.694,0.75765,0.75795,5.00,21.60
2008.02.21 03:07:01.944,0.75765,0.75795,7.70,21.60
2008.02.21 03:07:02.172,0.75765,0.75795,8.00,21.60
2008.02.21 03:07:04.603,0.75765,0.75795,1.60,21.60
2008.02.21 03:07:04.931,0.75765,0.75795,1.30,21.60
2008.02.21 03:07:05.241,0.75765,0.75795,3.20,21.60
2008.02.21 03:07:06.382,0.75765,0.75795,3.70,21.60
2008.02.21 03:07:06.738,0.75765,0.75795,3.40,21.60
2008.02.21 03:07:07.419,0.75765,0.75795,6.90,21.60
2008.02.21 03:07:07.678,0.75765,0.75795,6.00,21.60
2008.02.21 03:07:09.892,0.75765,0.75795,7.50,21.60
2008.02.21 03:07:10.238,0.75765,0.75795,3.90,21.60
2008.02.21 03:07:15.823,0.75765,0.75795,2.30,21.70
2008.02.21 03:07:16.939,0.75765,0.75795,3.70,21.70
2008.02.21 03:07:20.294,0.75765,0.75795,7.90,21.60
2008.02.21 03:07:21.946,0.75765,0.75795,6.50,21.60
2008.02.21 03:07:22.245,0.75765,0.75795,3.50,21.60
2008.02.21 03:07:24.619,0.75765,0.75795,6.80,21.70
2008.02.21 03:07:24.714,0.75765,0.75795,5.90,22.50
2008.02.21 03:07:24.935,0.75765,0.75795,0.50,22.50
2008.02.21 03:07:25.028,0.75765,0.7579,8.30,0.80
2008.02.21 03:07:25.175,0.75765,0.7579,2.20,0.80
2008.02.21 03:07:25.609,0.75765,0.7579,1.20,0.80
2008.02.21 03:07:25.997,0.75765,0.7579,3.10,0.80
2008.02.21 03:07:26.176,0.75765,0.7579,4.10,0.80
2008.02.21 03:07:26.345,0.75765,0.75795,6.80,21.70
2008.02.21 03:07:26.514,0.75765,0.75795,5.90,21.60
2008.02.21 03:07:26.724,0.75765,0.75795,8.60,21.60
2008.02.21 03:07:26.892,0.75765,0.75795,8.00,21.60
2008.02.21 03:07:27.660,0.75765,0.75795,2.70,21.60
2008.02.21 03:07:28.649,0.75765,0.75795,1.70,22.40
2008.02.21 03:07:28.868,0.75765,0.7579,5.20,0.80
2008.02.21 03:07:29.086,0.75765,0.7579,1.10,0.80
2008.02.21 03:07:29.914,0.75765,0.7579,5.50,0.80
2008.02.21 03:07:30.980,0.75765,0.7579,3.40,0.80
2008.02.21 03:07:31.170,0.75765,0.7579,8.70,0.80
2008.02.21 03:07:36.127,0.75765,0.7579,0.50,0.80
2008.02.21 03:07:38.841,0.75765,0.7579,0.70,0.80
2008.02.21 03:07:38.934,0.75765,0.7579,0.80,0.80
2008.02.21 03:07:39.008,0.75765,0.7579,0.70,0.80
2008.02.21 03:07:39.244,0.75765,0.7579,0.60,0.80
2008.02.21 03:07:39.349,0.75765,0.7579,0.60,0.80
2008.02.21 03:07:40.176,0.75765,0.7579,8.80,0.80
2008.02.21 03:07:40.472,0.75765,0.7579,8.80,0.80
2008.02.21 03:07:41.575,0.75765,0.7579,8.80,0.80
2008.02.21 03:08:10.383,0.75765,0.7579,8.80,0.80
2008.02.21 03:08:17.452,0.75765,0.7579,8.80,0.80
2008.02.21 03:08:22.363,0.75765,0.7579,8.80,0.80
2008.02.21 03:08:23.398,0.75765,0.7579,8.80,0.80
2008.02.21 03:08:25.204,0.75765,0.7579,8.80,0.80
2008.02.21 03:08:27.660,0.75765,0.7579,8.80,0.80
2008.02.21 03:08:30.996,0.75765,0.7579,8.80,0.80
2008.02.21 03:08:31.209,0.75765,0.7579,8.80,0.80
2008.02.21 03:08:34.845,0.75765,0.7579,8.80,0.80
2008.02.21 03:08:35.167,0.75765,0.7579,8.80,0.80
2008.02.21 03:08:36.347,0.75765,0.7579,8.80,0.80
2008.02.21 03:08:36.705,0.75765,0.7579,8.80,0.80
2008.02.21 03:08:36.779,0.75765,0.7578,4.80,0.30
2008.02.21 03:08:37.404,0.7577,0.75785,0.40,4.00
2008.02.21 03:08:37.598,0.7577,0.75785,0.40,4.00
2008.02.21 03:08:37.791,0.7577,0.7579,0.40,1.00
2008.02.21 03:08:37.985,0.7577,0.7579,0.40,1.00
2008.02.21 03:08:38.164,0.7577,0.7579,0.40,1.00
2008.02.21 03:08:38.344,0.7577,0.7579,0.40,1.00
2008.02.21 03:08:46.149,0.7577,0.7579,0.40,1.00
2008.02.21 03:08:46.313,0.7577,0.75785,0.40,0.80
2008.02.21 03:08:46.529,0.7577,0.75785,0.40,0.80
2008.02.21 03:08:46.694,0.7577,0.75785,0.40,0.80
2008.02.21 03:08:47.714,0.7577,0.75785,0.40,0.80
2008.02.21 03:08:48.167,0.75765,0.7578,8.80,0.30
2008.02.21 03:08:48.357,0.75765,0.7578,4.80,0.30
2008.02.21 03:08:48.545,0.75765,0.7578,4.80,0.30
2008.02.21 03:08:48.752,0.75765,0.7578,4.80,0.30
2008.02.21 03:08:53.367,0.75765,0.7578,4.80,0.30
2008.02.21 03:08:53.481,0.7577,0.75785,0.40,0.80
2008.02.21 03:08:53.735,0.7577,0.75785,0.40,0.80
2008.02.21 03:08:55.918,0.7577,0.75785,0.40,0.80
2008.02.21 03:08:56.293,0.7577,0.75785,0.40,0.80
2008.02.21 03:08:57.814,0.7577,0.7579,0.40,1.00
2008.02.21 03:08:57.922,0.7577,0.7579,0.40,1.00
2008.02.21 03:08:58.031,0.7577,0.7579,0.40,1.00
2008.02.21 03:08:58.216,0.7577,0.7579,0.40,1.00
2008.02.21 03:08:58.935,0.7577,0.7579,0.40,1.00
2008.02.21 03:09:05.028,0.7577,0.7579,0.40,1.00
2008.02.21 03:09:05.077,0.7577,0.75785,0.40,0.80
2008.02.21 03:09:05.136,0.7577,0.75785,0.40,0.80
2008.02.21 03:09:05.188,0.7577,0.7579,0.40,0.30
2008.02.21 03:09:05.237,0.75765,0.7578,3.40,0.30
2008.02.21 03:09:05.356,0.75765,0.7578,1.30,0.30
2008.02.21 03:09:05.484,0.75765,0.7578,0.80,0.30
2008.02.21 03:09:05.602,0.75765,0.7578,0.50,0.30
2008.02.21 03:09:05.722,0.75765,0.7578,1.20,0.30
2008.02.21 03:09:05.882,0.75765,0.7578,0.90,0.30
2008.02.21 03:09:06.002,0.75765,0.7578,0.50,0.30
2008.02.21 03:09:06.130,0.75765,0.7578,1.60,0.30
2008.02.21 03:09:06.249,0.75765,0.7578,2.50,0.30
2008.02.21 03:09:06.905,0.75765,0.7578,2.10,0.30
2008.02.21 03:09:07.875,0.75765,0.7578,1.20,0.30
2008.02.21 03:09:08.036,0.75765,0.7578,0.70,0.30
2008.02.21 03:09:08.153,0.75765,0.7578,0.80,0.30
2008.02.21 03:09:08.272,0.75765,0.7578,2.20,0.30
2008.02.21 03:09:08.390,0.75765,0.7578,2.40,0.30
2008.02.21 03:09:08.509,0.7577,0.7579,0.40,1.00
2008.02.21 03:09:08.728,0.7577,0.7579,0.40,1.00
2008.02.21 03:09:08.947,0.7577,0.7579,0.40,1.00
2008.02.21 03:09:09.235,0.7577,0.7579,0.40,1.00
2008.02.21 03:09:09.452,0.7577,0.7579,0.40,1.00
2008.02.21 03:09:09.662,0.7577,0.7579,0.40,1.00
2008.02.21 03:09:11.403,0.7577,0.7579,0.40,1.00
2008.02.21 03:09:11.517,0.75765,0.7578,1.00,0.30
2008.02.21 03:09:11.694,0.75765,0.7578,1.30,0.30
2008.02.21 03:09:11.822,0.75765,0.7578,1.30,0.30
2008.02.21 03:09:11.950,0.75765,0.7578,2.70,0.30
2008.02.21 03:09:12.683,0.7577,0.75785,0.40,4.00
2008.02.21 03:09:12.826,0.7577,0.7579,0.40,1.00
2008.02.21 03:09:12.969,0.7577,0.7579,0.40,1.00
2008.02.21 03:09:16.469,0.7577,0.7579,0.40,1.00
2008.02.21 03:09:16.982,0.7577,0.7579,0.40,1.00
2008.02.21 03:09:17.899,0.7577,0.7579,0.40,1.00
2008.02.21 03:09:19.438,0.7577,0.7579,0.40,1.00
2008.02.21 03:09:22.693,0.7577,0.7579,0.40,1.00
2008.02.21 03:09:31.164,0.7577,0.7579,0.40,1.00
2008.02.21 03:09:32.185,0.7577,0.7579,0.40,1.00
2008.02.21 03:09:41.292,0.7577,0.7579,0.40,1.00
2008.02.21 03:09:50.699,0.7577,0.75785,0.40,0.80
2008.02.21 03:09:50.844,0.7577,0.75785,0.40,0.80
2008.02.21 03:09:50.920,0.7577,0.75785,0.40,0.80
2008.02.21 03:09:51.094,0.7577,0.75785,0.40,0.80
2008.02.21 03:09:51.175,0.7577,0.75785,0.40,0.80
2008.02.21 03:09:51.288,0.7577,0.75785,0.40,0.80
2008.02.21 03:09:51.503,0.7577,0.75785,0.40,0.80
2008.02.21 03:09:52.006,0.7577,0.75785,0.40,0.80
2008.02.21 03:09:53.134,0.7577,0.75785,0.40,0.80
2008.02.21 03:09:53.426,0.7577,0.75785,0.40,0.80
2008.02.21 03:09:58.835,0.7577,0.75785,0.40,0.80
2008.02.21 03:09:58.928,0.7577,0.7579,0.40,1.00
2008.02.21 03:09:59.091,0.7577,0.7579,0.40,1.00
2008.02.21 03:09:59.246,0.7577,0.7579,0.40,1.00
2008.02.21 03:09:59.961,0.7577,0.7579,0.40,1.00
2008.02.21 03:10:00.165,0.7577,0.7579,0.40,1.00
2008.02.21 03:10:00.676,0.7577,0.7579,0.40,1.00
2008.02.21 03:10:03.181,0.7577,0.7579,0.40,1.00
2008.02.21 03:10:03.227,0.7577,0.7579,0.40,1.00
2008.02.21 03:10:03.397,0.7577,0.7579,0.40,1.00
2008.02.21 03:10:03.514,0.7577,0.75785,0.40,0.80
2008.02.21 03:10:03.629,0.7577,0.75785,0.40,0.80
2008.02.21 03:10:03.716,0.7577,0.75785,0.40,0.80
2008.02.21 03:10:03.920,0.7577,0.75785,0.40,0.80
2008.02.21 03:10:04.535,0.7577,0.75785,0.40,0.80
2008.02.21 03:10:21.100,0.7577,0.75785,0.40,0.80
2008.02.21 03:10:21.153,0.7577,0.7579,0.40,1.00
2008.02.21 03:10:21.195,0.7577,0.7579,0.40,1.00
2008.02.21 03:10:21.654,0.7577,0.7579,0.40,1.00
2008.02.21 03:10:21.713,0.7577,0.7579,0.40,1.00
2008.02.21 03:10:21.953,0.7577,0.7579,0.40,1.00
2008.02.21 03:10:22.155,0.7577,0.7579,0.40,1.00
2008.02.21 03:10:26.903,0.7577,0.7579,0.40,1.00
2008.02.21 03:10:32.249,0.7577,0.7579,0.40,1.00
2008.02.21 03:10:32.450,0.7577,0.7579,0.40,1.00
2008.02.21 03:10:40.517,0.7577,0.7579,0.40,1.00
2008.02.21 03:10:49.474,0.7577,0.7579,0.40,1.00
2008.02.21 03:11:07.608,0.7577,0.7579,0.40,1.00
2008.02.21 03:11:07.732,0.7577,0.75785,0.40,0.80
2008.02.21 03:11:07.907,0.7577,0.75785,0.40,0.80
2008.02.21 03:11:08.434,0.7577,0.75785,0.40,0.80
2008.02.21 03:11:08.525,0.7577,0.75785,0.40,0.80
2008.02.21 03:11:08.735,0.7577,0.75785,0.40,0.80
2008.02.21 03:11:08.941,0.7577,0.75785,0.40,0.80
2008.02.21 03:11:12.876,0.7577,0.75785,0.40,0.80
2008.02.21 03:11:13.410,0.7577,0.75785,0.40,0.80
2008.02.21 03:11:13.742,0.7577,0.7579,0.40,1.00
2008.02.21 03:11:14.076,0.7577,0.7579,0.40,1.00
2008.02.21 03:11:14.446,0.7577,0.7579,0.40,1.00
2008.02.21 03:11:14.749,0.7577,0.7579,0.40,1.00
2008.02.21 03:11:14.907,0.7577,0.7579,0.40,1.00
2008.02.21 03:11:15.067,0.7577,0.75785,0.40,0.80
2008.02.21 03:11:15.225,0.7577,0.7579,0.40,1.00
2008.02.21 03:11:15.383,0.7577,0.7579,0.40,1.00
2008.02.21 03:11:15.613,0.7577,0.7579,0.40,1.00
2008.02.21 03:11:15.842,0.7577,0.7579,0.40,1.00
2008.02.21 03:11:16.071,0.7577,0.7579,0.40,1.00
2008.02.21 03:11:16.299,0.7577,0.7579,0.40,1.00
2008.02.21 03:11:17.460,0.7577,0.7579,0.40,1.00
2008.02.21 03:11:21.391,0.7577,0.7579,0.40,1.00
2008.02.21 03:11:21.454,0.7577,0.75785,0.40,0.80
2008.02.21 03:11:21.514,0.7577,0.75785,0.40,0.80
2008.02.21 03:11:21.681,0.7577,0.75785,0.40,0.80
2008.02.21 03:11:21.981,0.7577,0.75785,0.40,0.80
2008.02.21 03:11:22.684,0.7577,0.75785,0.40,0.80
2008.02.21 03:11:23.061,0.7577,0.75785,0.40,0.80
2008.02.21 03:11:24.608,0.7577,0.75785,0.40,0.80
2008.02.21 03:11:25.418,0.7577,0.7579,0.40,1.00
2008.02.21 03:11:25.519,0.7577,0.7579,0.40,1.00
2008.02.21 03:11:25.724,0.7577,0.7579,0.40,1.00
2008.02.21 03:11:25.799,0.7577,0.7579,0.40,1.00
2008.02.21 03:11:25.936,0.7577,0.7579,0.40,1.00
2008.02.21 03:11:26.449,0.7577,0.7579,0.40,1.00
2008.02.21 03:11:26.757,0.7577,0.7579,0.40,1.00
2008.02.21 03:11:32.446,0.7577,0.7579,0.40,1.00
2008.02.21 03:11:32.662,0.7577,0.7579,0.40,1.00
2008.02.21 03:11:39.285,0.7577,0.7579,0.40,1.00
2008.02.21 03:11:39.399,0.75765,0.7578,4.30,0.30
2008.02.21 03:11:39.437,0.75765,0.7578,0.60,0.30
2008.02.21 03:11:39.490,0.75765,0.7578,1.30,0.30
2008.02.21 03:11:39.620,0.75765,0.7578,0.90,0.30
2008.02.21 03:11:39.708,0.75765,0.7578,1.30,0.30
2008.02.21 03:11:39.797,0.75765,0.7578,0.60,0.30
2008.02.21 03:11:39.886,0.75765,0.7578,1.30,0.30
2008.02.21 03:11:39.975,0.75765,0.7578,0.70,0.30
2008.02.21 03:11:40.154,0.75765,0.7578,0.90,0.30
2008.02.21 03:11:40.243,0.75765,0.7578,2.00,0.30
2008.02.21 03:11:40.427,0.75765,0.7578,2.70,0.30
2008.02.21 03:11:40.515,0.7577,0.75785,0.40,0.80
2008.02.21 03:11:40.850,0.75765,0.7578,0.90,0.30
2008.02.21 03:11:41.186,0.75765,0.7578,0.90,0.30
2008.02.21 03:11:41.520,0.75765,0.7578,2.40,0.30
2008.02.21 03:11:41.936,0.75765,0.7578,2.50,0.30
2008.02.21 03:11:43.972,0.75765,0.7578,0.60,0.30
2008.02.21 03:11:45.717,0.75765,0.7578,2.30,0.30
2008.02.21 03:11:45.843,0.75765,0.7578,0.50,0.30
2008.02.21 03:11:45.961,0.7577,0.75785,0.40,4.80
2008.02.21 03:11:46.066,0.7577,0.75785,0.40,0.80
2008.02.21 03:11:46.235,0.7577,0.75785,0.40,0.80
2008.02.21 03:11:50.805,0.7577,0.75785,0.40,0.80
2008.02.21 03:11:51.421,0.7577,0.75785,0.40,0.80
2008.02.21 03:11:56.087,0.7577,0.75785,0.40,0.80
2008.02.21 03:11:56.192,0.7577,0.75785,0.40,0.80
2008.02.21 03:11:58.554,0.7577,0.75785,0.40,0.80
2008.02.21 03:11:59.679,0.7577,0.75785,0.40,0.80
2008.02.21 03:12:04.457,0.7577,0.75785,0.40,0.80
2008.02.21 03:12:05.329,0.7577,0.75785,0.40,0.80
2008.02.21 03:12:05.478,0.7577,0.75785,0.40,0.80
2008.02.21 03:12:05.753,0.7577,0.75785,0.40,0.80
2008.02.21 03:12:06.277,0.7577,0.75785,0.40,0.80
2008.02.21 03:12:06.460,0.7577,0.75785,0.40,0.80
2008.02.21 03:12:06.676,0.7577,0.75785,0.40,0.80
2008.02.21 03:12:11.170,0.7577,0.75785,0.40,0.80
2008.02.21 03:12:15.436,0.7577,0.75785,0.40,0.80
2008.02.21 03:12:26.877,0.7577,0.75785,0.40,0.80
2008.02.21 03:12:29.202,0.7577,0.75785,0.40,0.80
2008.02.21 03:12:31.527,0.7577,0.75785,0.40,0.80
2008.02.21 03:12:31.741,0.7577,0.7579,0.40,1.00
2008.02.21 03:12:31.939,0.7577,0.7579,0.40,1.00
2008.02.21 03:12:32.137,0.7577,0.7579,0.40,1.00
2008.02.21 03:12:32.336,0.7577,0.7579,0.40,1.00
2008.02.21 03:12:32.534,0.7577,0.7579,0.40,1.00
2008.02.21 03:12:32.723,0.7577,0.7579,0.40,1.00
2008.02.21 03:12:33.179,0.7577,0.7579,0.40,1.00
2008.02.21 03:12:33.379,0.7577,0.75785,0.40,0.80
2008.02.21 03:12:33.470,0.7577,0.75785,0.40,0.80
2008.02.21 03:12:33.687,0.7577,0.75785,0.40,0.80
2008.02.21 03:12:34.087,0.7577,0.75785,0.40,0.80
2008.02.21 03:12:34.222,0.7577,0.7579,0.40,1.00
2008.02.21 03:12:34.356,0.7577,0.7579,0.40,1.00
2008.02.21 03:12:34.462,0.7577,0.7579,0.40,1.00
2008.02.21 03:12:34.626,0.7577,0.7579,0.40,1.00
2008.02.21 03:12:34.789,0.7577,0.7579,0.40,0.30
2008.02.21 03:12:35.058,0.7577,0.7579,0.40,0.30
2008.02.21 03:12:35.221,0.7577,0.7579,0.40,0.30
2008.02.21 03:12:35.440,0.7577,0.7579,0.40,0.30
2008.02.21 03:12:36.167,0.7577,0.7579,0.40,0.30
2008.02.21 03:12:53.637,0.7577,0.7579,0.40,0.30
2008.02.21 03:12:53.757,0.7577,0.7579,0.40,0.30
2008.02.21 03:12:53.964,0.7577,0.7579,0.40,0.30
2008.02.21 03:12:54.157,0.7577,0.7579,0.40,1.00
2008.02.21 03:12:54.207,0.7577,0.7579,0.40,1.00
2008.02.21 03:12:54.471,0.7577,0.7579,0.40,1.00
2008.02.21 03:12:54.678,0.7577,0.7579,0.40,1.00
2008.02.21 03:12:54.887,0.7577,0.7579,0.40,1.00
2008.02.21 03:12:55.096,0.7577,0.7579,0.40,1.00
2008.02.21 03:12:55.470,0.7577,0.7579,0.40,1.00
2008.02.21 03:12:57.215,0.7577,0.7579,0.40,1.00
2008.02.21 03:12:57.406,0.7577,0.7579,0.40,1.00
2008.02.21 03:13:00.807,0.7577,0.7579,0.40,0.90
2008.02.21 03:13:05.760,0.7577,0.7579,0.40,0.50
2008.02.21 03:13:05.799,0.7577,0.7579,0.40,0.60
2008.02.21 03:13:07.435,0.7577,0.7579,0.40,0.80
2008.02.21 03:13:07.515,0.7577,0.7579,0.40,0.70
2008.02.21 03:13:07.696,0.7577,0.7579,0.40,0.70
2008.02.21 03:13:23.671,0.7577,0.7579,0.40,0.50
2008.02.21 03:13:23.755,0.7577,0.7579,0.40,0.80
2008.02.21 03:13:33.464,0.7577,0.7579,0.40,1.00
2008.02.21 03:13:33.664,0.7577,0.7579,0.40,1.00
2008.02.21 03:13:33.975,0.7577,0.7579,0.40,1.00
2008.02.21 03:13:34.490,0.7577,0.7579,0.40,1.00
2008.02.21 03:13:34.893,0.7577,0.7579,0.40,1.00
2008.02.21 03:13:35.202,0.7577,0.7579,0.40,1.00
2008.02.21 03:13:35.726,0.7577,0.7579,0.40,1.00
2008.02.21 03:13:38.956,0.7577,0.7579,0.40,1.00
2008.02.21 03:13:39.870,0.7577,0.7579,0.40,1.00
2008.02.21 03:13:39.955,0.7577,0.75785,0.40,0.80
2008.02.21 03:13:40.189,0.7577,0.75785,0.40,0.80
2008.02.21 03:13:40.528,0.7577,0.75785,0.40,0.80
2008.02.21 03:13:40.703,0.7577,0.75785,0.40,0.80
2008.02.21 03:13:41.216,0.7577,0.75785,0.40,0.80
2008.02.21 03:13:42.443,0.7577,0.75785,0.40,0.80
2008.02.21 03:13:45.075,0.7577,0.7579,0.40,1.00
2008.02.21 03:13:45.184,0.7577,0.7579,0.40,1.00
2008.02.21 03:13:45.294,0.7577,0.7579,0.40,1.00
2008.02.21 03:13:45.496,0.7577,0.7579,0.40,1.00
2008.02.21 03:13:45.696,0.7577,0.7579,0.40,1.00
2008.02.21 03:13:45.877,0.7577,0.7579,0.40,1.00
2008.02.21 03:13:46.090,0.7577,0.7579,0.40,1.00
2008.02.21 03:13:46.718,0.7577,0.75785,0.40,0.80
2008.02.21 03:13:46.846,0.7577,0.75785,0.40,0.80
2008.02.21 03:13:47.152,0.7577,0.75785,0.40,0.80
2008.02.21 03:13:47.226,0.7577,0.75785,0.40,0.80
2008.02.21 03:13:48.045,0.7577,0.75785,0.40,0.80
2008.02.21 03:13:48.654,0.7577,0.75785,0.40,0.80
2008.02.21 03:13:48.762,0.7577,0.75785,0.40,0.80
2008.02.21 03:13:51.919,0.7577,0.75785,0.40,0.80
2008.02.21 03:14:05.650,0.7577,0.7578,0.40,0.80
2008.02.21 03:14:05.699,0.7577,0.7578,0.40,0.80
2008.02.21 03:14:05.794,0.7577,0.7578,0.40,0.80
2008.02.21 03:14:05.961,0.7577,0.75785,0.40,0.80
2008.02.21 03:14:10.414,0.7577,0.75785,0.40,0.80
2008.02.21 03:14:26.053,0.7577,0.75785,0.40,0.80
2008.02.21 03:14:26.145,0.7577,0.7579,0.40,1.00
2008.02.21 03:14:26.233,0.7577,0.7579,0.40,1.00
2008.02.21 03:14:26.321,0.7577,0.7579,0.40,1.00
2008.02.21 03:14:26.426,0.7577,0.7579,0.40,1.00
2008.02.21 03:14:26.592,0.7577,0.7579,0.40,1.00
2008.02.21 03:14:26.714,0.7577,0.7579,0.40,1.00
2008.02.21 03:14:26.928,0.7577,0.7579,0.40,1.00
2008.02.21 03:14:27.270,0.7577,0.7579,0.40,1.00
2008.02.21 03:14:27.484,0.7577,0.7579,0.40,1.00
2008.02.21 03:14:27.706,0.7577,0.7579,0.40,1.00
2008.02.21 03:14:31.008,0.7577,0.7579,0.40,0.90
2008.02.21 03:14:46.902,0.7577,0.7579,0.40,0.90
2008.02.21 03:15:13.420,0.7577,0.7579,0.40,0.60
2008.02.21 03:15:13.656,0.7577,0.7579,0.40,0.70
2008.02.21 03:15:26.659,0.7577,0.7579,0.40,1.00
2008.02.21 03:15:26.958,0.7577,0.7579,0.40,1.00
2008.02.21 03:15:31.823,0.7577,0.7579,0.40,1.00
2008.02.21 03:15:32.076,0.7577,0.7579,0.40,1.00
2008.02.21 03:15:32.184,0.7577,0.7579,0.40,0.30
2008.02.21 03:15:32.468,0.7577,0.7579,0.40,0.30
2008.02.21 03:15:35.795,0.7577,0.7579,0.40,0.30
2008.02.21 03:15:35.918,0.7577,0.7579,0.40,1.00
2008.02.21 03:15:36.004,0.7577,0.7579,0.40,1.00
2008.02.21 03:15:36.221,0.7577,0.7579,0.40,1.00
2008.02.21 03:15:36.402,0.7577,0.7579,0.40,1.00
2008.02.21 03:15:36.926,0.7577,0.7579,0.40,1.00
2008.02.21 03:15:42.146,0.7577,0.7579,0.40,1.00
2008.02.21 03:15:43.639,0.7577,0.7579,0.40,1.00
2008.02.21 03:15:43.780,0.7577,0.7579,0.40,1.00
2008.02.21 03:15:43.970,0.7577,0.7579,0.40,0.30
2008.02.21 03:15:44.174,0.7577,0.7579,0.40,1.00
2008.02.21 03:15:44.360,0.7577,0.7579,0.40,1.00
2008.02.21 03:15:44.550,0.7577,0.7579,0.40,0.30
2008.02.21 03:15:46.897,0.7577,0.7579,0.40,0.30
2008.02.21 03:15:47.717,0.7577,0.7579,0.40,0.30
2008.02.21 03:15:47.908,0.7577,0.7579,0.40,0.30
2008.02.21 03:15:47.960,0.7577,0.7579,0.40,1.00
2008.02.21 03:15:48.133,0.7577,0.7579,0.40,1.00
2008.02.21 03:15:48.844,0.7577,0.7579,0.40,1.00
2008.02.21 03:15:56.349,0.7577,0.7579,0.40,1.00
2008.02.21 03:15:56.477,0.7576,0.7579,0.40,1.00
2008.02.21 03:15:57.417,0.7576,0.7579,0.40,1.00
2008.02.21 03:15:58.840,0.7576,0.7579,0.40,1.00
2008.02.21 03:15:59.030,0.7576,0.7579,0.40,1.00
2008.02.21 03:16:03.480,0.7576,0.7579,0.40,1.00
2008.02.21 03:16:03.572,0.7576,0.7579,0.40,1.00
2008.02.21 03:16:03.771,0.7576,0.7579,0.40,0.30
2008.02.21 03:16:03.979,0.7576,0.7579,0.40,0.30
2008.02.21 03:16:04.220,0.7576,0.7579,0.40,0.30
2008.02.21 03:16:04.450,0.7576,0.7579,0.40,0.30
2008.02.21 03:16:13.331,0.7577,0.7579,0.40,0.30
2008.02.21 03:16:13.394,0.7577,0.7579,0.40,0.30
2008.02.21 03:16:13.472,0.7577,0.7579,0.40,0.30
2008.02.21 03:16:13.510,0.7577,0.7579,0.40,0.30
2008.02.21 03:16:13.706,0.7577,0.7579,0.40,0.30
2008.02.21 03:16:14.421,0.7577,0.7579,0.40,0.30
2008.02.21 03:16:14.625,0.7577,0.7579,0.40,0.30
2008.02.21 03:16:16.440,0.7577,0.7579,0.40,0.30
2008.02.21 03:16:22.867,0.7577,0.7579,0.40,0.30
2008.02.21 03:16:22.969,0.7577,0.7579,0.40,0.30
2008.02.21 03:16:23.180,0.7577,0.7579,0.40,0.30
2008.02.21 03:16:23.279,0.7577,0.7579,0.40,0.30
2008.02.21 03:16:23.604,0.7577,0.7579,0.40,0.30
2008.02.21 03:16:23.810,0.7577,0.7579,0.40,0.30
2008.02.21 03:16:26.965,0.7577,0.7579,0.40,0.30
2008.02.21 03:16:27.162,0.7577,0.7579,0.40,0.30
2008.02.21 03:16:27.246,0.7577,0.7579,0.40,0.30
2008.02.21 03:16:28.878,0.7577,0.7579,0.40,0.30
2008.02.21 03:16:29.002,0.7577,0.7579,0.40,0.30
2008.02.21 03:16:29.159,0.7577,0.7579,0.40,0.30
2008.02.21 03:16:29.281,0.7577,0.7579,0.40,0.30
2008.02.21 03:16:29.415,0.7577,0.7579,0.40,0.30
2008.02.21 03:16:29.902,0.7577,0.7579,0.40,0.30
2008.02.21 03:16:30.417,0.7577,0.7579,0.40,0.30
2008.02.21 03:16:33.114,0.7577,0.7579,0.40,0.30
2008.02.21 03:16:33.257,0.7577,0.7579,0.40,0.30
2008.02.21 03:16:33.391,0.7577,0.7579,0.40,0.30
2008.02.21 03:16:33.524,0.7577,0.7579,0.40,0.30
2008.02.21 03:16:33.658,0.7577,0.7579,0.40,0.30
2008.02.21 03:16:33.792,0.7577,0.7579,0.40,0.30
2008.02.21 03:16:33.925,0.7577,0.7579,0.40,0.30
2008.02.21 03:16:34.778,0.7577,0.7579,0.40,0.30
2008.02.21 03:16:35.199,0.7577,0.7579,0.40,0.30
2008.02.21 03:16:37.138,0.7577,0.7579,0.40,0.30
2008.02.21 03:16:52.126,0.7577,0.7579,0.40,0.30
2008.02.21 03:16:52.837,0.7577,0.7579,0.40,0.30
2008.02.21 03:16:52.940,0.7577,0.7579,0.40,0.30
2008.02.21 03:16:53.045,0.7577,0.7579,0.40,0.30
2008.02.21 03:16:53.147,0.7577,0.7579,0.40,0.30
2008.02.21 03:16:53.649,0.7577,0.7579,0.40,0.30
2008.02.21 03:16:59.312,0.7577,0.7579,0.40,0.30
2008.02.21 03:16:59.691,0.7577,0.7579,0.40,0.30
2008.02.21 03:17:13.371,0.7577,0.7579,0.40,0.30
2008.02.21 03:17:13.419,0.7577,0.7579,0.40,0.30
2008.02.21 03:17:13.502,0.7577,0.7579,0.40,0.30
2008.02.21 03:17:13.708,0.7577,0.7579,0.40,0.30
2008.02.21 03:17:14.636,0.7577,0.7579,0.40,0.30
2008.02.21 03:17:19.292,0.7577,0.7579,0.40,0.30
2008.02.21 03:17:20.448,0.7577,0.7579,0.40,0.30
2008.02.21 03:17:20.540,0.7577,0.7579,0.40,0.30
2008.02.21 03:17:20.634,0.7577,0.7579,0.40,0.30
2008.02.21 03:17:23.945,0.7577,0.7579,0.40,0.30
2008.02.21 03:17:24.197,0.7577,0.7579,0.40,0.30
2008.02.21 03:17:27.164,0.7577,0.7579,0.40,0.30
2008.02.21 03:17:27.461,0.7577,0.7579,0.40,0.30
2008.02.21 03:17:27.569,0.7577,0.7579,0.40,0.30
2008.02.21 03:17:27.666,0.7577,0.7579,0.40,0.30
2008.02.21 03:17:27.882,0.7577,0.7579,0.40,0.30
2008.02.21 03:17:28.190,0.7577,0.7579,0.40,0.30
2008.02.21 03:17:28.233,0.7577,0.7579,0.40,0.30
2008.02.21 03:17:28.394,0.7577,0.7579,0.40,0.30
2008.02.21 03:17:28.438,0.7577,0.7579,0.40,0.30
2008.02.21 03:17:36.921,0.7577,0.7579,0.40,0.30
2008.02.21 03:17:36.985,0.7577,0.7579,0.40,0.30
2008.02.21 03:17:37.944,0.7577,0.7579,0.40,0.30
2008.02.21 03:17:38.208,0.7577,0.7579,1.10,0.30
2008.02.21 03:17:44.940,0.7577,0.7579,0.40,0.30
2008.02.21 03:17:44.988,0.7577,0.7579,0.40,0.30
2008.02.21 03:17:45.143,0.7577,0.7579,0.40,0.30
2008.02.21 03:17:45.337,0.7577,0.7579,0.40,0.30
2008.02.21 03:17:45.616,0.7577,0.7579,0.40,0.30
2008.02.21 03:17:45.685,0.7577,0.7579,0.40,0.30
2008.02.21 03:17:45.752,0.7577,0.7579,0.40,0.30
2008.02.21 03:17:49.467,0.7577,0.7579,0.40,0.30
2008.02.21 03:17:49.530,0.7577,0.7579,0.40,0.30
2008.02.21 03:17:49.623,0.7577,0.7579,0.40,0.30
2008.02.21 03:17:49.746,0.7577,0.7579,0.40,0.30
2008.02.21 03:17:49.828,0.7577,0.7579,0.40,0.30
2008.02.21 03:17:49.928,0.7577,0.7579,0.40,0.30
2008.02.21 03:17:51.543,0.7577,0.7579,0.40,0.30
2008.02.21 03:17:51.787,0.7577,0.7579,0.40,0.30
2008.02.21 03:17:51.851,0.7577,0.7579,0.40,0.30
2008.02.21 03:17:51.975,0.7577,0.7579,0.40,0.30
2008.02.21 03:17:52.037,0.7577,0.7579,0.40,0.30
2008.02.21 03:17:52.188,0.7577,0.7579,0.40,0.30
2008.02.21 03:17:52.916,0.7577,0.7579,0.40,0.30
2008.02.21 03:17:54.714,0.7577,0.7579,0.40,0.30
2008.02.21 03:17:58.729,0.7577,0.7579,0.40,0.30
2008.02.21 03:17:58.904,0.7577,0.7579,0.40,0.30
2008.02.21 03:17:59.132,0.7577,0.7579,0.40,0.30
2008.02.21 03:18:00.363,0.7577,0.7579,0.40,0.30
2008.02.21 03:18:00.537,0.7577,0.7579,0.40,0.30
2008.02.21 03:18:00.710,0.7577,0.7579,0.40,0.30
2008.02.21 03:18:03.439,0.7577,0.7579,0.40,0.30
2008.02.21 03:18:13.665,0.7577,0.7579,0.40,0.30
2008.02.21 03:18:14.271,0.7577,0.7579,0.40,0.30
2008.02.21 03:18:18.959,0.7577,0.7579,0.40,0.30
2008.02.21 03:18:23.163,0.7577,0.7579,0.40,0.30
2008.02.21 03:18:24.185,0.7577,0.7579,0.40,0.30
2008.02.21 03:18:27.101,0.7577,0.7579,0.40,0.30
2008.02.21 03:18:27.317,0.7577,0.7579,0.40,0.30
2008.02.21 03:18:37.187,0.7577,0.7579,0.40,0.30
2008.02.21 03:18:51.466,0.7577,0.7579,0.40,0.30
2008.02.21 03:18:52.187,0.7577,0.7579,0.40,0.30
2008.02.21 03:18:53.538,0.7577,0.7579,0.40,0.30
2008.02.21 03:19:01.940,0.7577,0.7579,0.40,0.30
2008.02.21 03:19:02.153,0.7577,0.7579,0.40,0.30
2008.02.21 03:19:02.391,0.7577,0.7579,0.40,0.30
2008.02.21 03:19:03.680,0.7577,0.7579,0.40,0.30
2008.02.21 03:19:14.375,0.7577,0.7579,0.40,0.30
2008.02.21 03:19:22.563,0.7577,0.7579,0.40,0.30
2008.02.21 03:19:22.770,0.7577,0.7579,0.40,0.30
2008.02.21 03:19:24.463,0.7577,0.7579,0.40,0.30
2008.02.21 03:19:24.684,0.7577,0.7579,0.40,0.30
2008.02.21 03:19:27.317,0.7577,0.7579,0.40,0.30
2008.02.21 03:19:27.420,0.7577,0.7579,0.40,0.30
2008.02.21 03:19:27.814,0.7577,0.7579,0.40,0.30
2008.02.21 03:19:28.640,0.7577,0.7579,0.40,0.30
2008.02.21 03:19:29.678,0.7577,0.7579,0.40,0.30
2008.02.21 03:19:30.807,0.7577,0.7579,0.40,0.30
2008.02.21 03:19:32.917,0.7577,0.7579,0.40,0.30
2008.02.21 03:19:37.952,0.7577,0.7579,0.40,0.30
2008.02.21 03:19:43.157,0.7577,0.7579,0.40,0.30
2008.02.21 03:19:43.440,0.7577,0.7579,0.40,0.30
2008.02.21 03:19:43.630,0.7577,0.7579,0.40,0.30
2008.02.21 03:19:44.432,0.7577,0.7579,0.40,0.30
2008.02.21 03:19:45.461,0.7577,0.7579,0.40,0.30
2008.02.21 03:19:46.174,0.7577,0.7579,0.40,0.30
2008.02.21 03:19:54.171,0.7577,0.7579,0.40,0.30
2008.02.21 03:19:54.326,0.7577,0.7579,0.40,0.30
2008.02.21 03:19:55.358,0.7577,0.7579,0.40,0.30
2008.02.21 03:19:55.669,0.7577,0.7579,0.40,0.30
2008.02.21 03:19:56.660,0.7577,0.7579,0.40,0.30
2008.02.21 03:20:07.980,0.7577,0.7579,0.40,0.30
2008.02.21 03:20:08.086,0.7577,0.7579,0.40,0.30
2008.02.21 03:20:14.388,0.7577,0.7579,0.40,0.30
2008.02.21 03:20:14.497,0.7577,0.7579,0.40,0.30
2008.02.21 03:20:27.418,0.7577,0.7579,0.40,0.30
2008.02.21 03:20:27.635,0.7577,0.7579,0.40,0.30
2008.02.21 03:20:32.499,0.7577,0.7579,0.40,0.30
2008.02.21 03:20:32.723,0.7577,0.7579,0.40,0.30
2008.02.21 03:20:35.464,0.7577,0.7579,0.40,0.30
2008.02.21 03:20:36.076,0.7577,0.7579,0.40,0.30
2008.02.21 03:20:51.821,0.7577,0.7579,0.40,0.30
2008.02.21 03:20:51.864,0.7577,0.7579,0.40,0.30
2008.02.21 03:20:51.897,0.7577,0.7579,0.40,0.30
2008.02.21 03:20:52.145,0.7577,0.7579,0.40,0.30
2008.02.21 03:20:52.183,0.7577,0.7579,0.40,0.30
2008.02.21 03:20:52.352,0.7577,0.7579,0.40,0.30
2008.02.21 03:20:52.388,0.7577,0.7579,0.40,0.30
2008.02.21 03:20:52.428,0.7577,0.7579,0.40,0.30
2008.02.21 03:20:52.513,0.7577,0.7579,0.40,0.30
2008.02.21 03:20:52.847,0.7577,0.7579,1.10,0.30
2008.02.21 03:20:53.284,0.7577,0.7579,1.10,0.30
2008.02.21 03:20:53.618,0.7577,0.7579,1.10,0.30
2008.02.21 03:20:53.717,0.7577,0.7579,1.10,0.30
2008.02.21 03:20:55.352,0.7577,0.7579,1.10,0.30
2008.02.21 03:20:55.453,0.7577,0.7579,0.40,0.30
2008.02.21 03:20:55.669,0.7577,0.7579,0.40,0.30
2008.02.21 03:20:55.817,0.7577,0.7579,0.40,0.30
2008.02.21 03:20:55.966,0.75765,0.7579,16.80,0.30
2008.02.21 03:20:56.115,0.75765,0.7579,16.80,0.30
2008.02.21 03:20:56.262,0.75765,0.7579,16.80,0.30
2008.02.21 03:20:56.410,0.75765,0.7579,16.80,0.30
2008.02.21 03:20:56.698,0.75765,0.7579,16.80,0.30
2008.02.21 03:20:57.102,0.75765,0.7579,16.80,0.30
2008.02.21 03:20:57.120,0.75765,0.7579,0.50,0.30
2008.02.21 03:20:57.846,0.75765,0.7579,0.70,0.30
2008.02.21 03:20:57.920,0.7577,0.7579,0.40,0.30
2008.02.21 03:20:58.376,0.7577,0.7579,0.40,0.30
2008.02.21 03:20:58.788,0.7577,0.7579,0.40,0.30
2008.02.21 03:20:58.931,0.7577,0.7579,0.40,0.30
2008.02.21 03:20:59.136,0.7577,0.7579,0.40,0.30
2008.02.21 03:20:59.900,0.7577,0.7579,0.40,0.30
2008.02.21 03:21:00.044,0.7577,0.7579,0.40,0.80
2008.02.21 03:21:00.538,0.7577,0.7579,0.40,0.70
2008.02.21 03:21:00.959,0.7577,0.7579,0.40,0.90
2008.02.21 03:21:14.490,0.7577,0.7579,0.40,1.00
2008.02.21 03:21:14.694,0.7577,0.7579,0.40,1.00
2008.02.21 03:21:27.532,0.7577,0.7579,0.40,1.00
2008.02.21 03:21:27.642,0.7577,0.7579,0.40,1.00
2008.02.21 03:21:29.555,0.7577,0.7579,0.40,1.00
2008.02.21 03:21:30.386,0.7577,0.7579,0.40,1.00
2008.02.21 03:21:32.463,0.7577,0.7579,0.40,1.00
2008.02.21 03:21:41.730,0.7577,0.7579,0.40,1.00
2008.02.21 03:21:44.921,0.7577,0.7579,0.40,1.00
2008.02.21 03:21:44.949,0.7577,0.7579,0.40,1.00
2008.02.21 03:21:45.221,0.7577,0.7579,0.40,1.00
2008.02.21 03:21:45.344,0.7577,0.7579,0.40,1.00
2008.02.21 03:21:45.541,0.7577,0.7579,0.40,1.00
2008.02.21 03:21:46.173,0.7577,0.7579,0.40,1.00
2008.02.21 03:21:46.874,0.7577,0.7579,0.40,1.00
2008.02.21 03:21:47.219,0.7577,0.7579,0.40,1.00
2008.02.21 03:21:48.513,0.7577,0.7579,0.40,0.30
2008.02.21 03:21:49.019,0.7577,0.7579,0.40,0.30
2008.02.21 03:21:50.038,0.7577,0.7579,0.40,0.30
2008.02.21 03:21:51.572,0.7577,0.7579,0.40,0.30
2008.02.21 03:21:52.889,0.7577,0.7579,0.40,0.30
2008.02.21 03:21:55.452,0.7577,0.7579,0.40,0.30
2008.02.21 03:21:55.762,0.7577,0.7579,0.40,0.30
2008.02.21 03:21:55.926,0.7577,0.7579,0.40,0.30
2008.02.21 03:21:56.169,0.7577,0.7579,0.40,0.30
2008.02.21 03:22:14.592,0.7577,0.7579,0.40,0.30
2008.02.21 03:22:14.700,0.7577,0.7579,0.40,0.30
2008.02.21 03:22:24.772,0.7577,0.7579,0.40,0.30
2008.02.21 03:22:27.644,0.7577,0.7579,0.40,0.30
2008.02.21 03:22:27.948,0.7577,0.7579,0.40,0.30
2008.02.21 03:22:31.734,0.7577,0.7579,0.40,0.30
2008.02.21 03:22:42.317,0.7577,0.7579,0.40,0.30
2008.02.21 03:22:46.377,0.7577,0.7579,0.40,0.30
2008.02.21 03:23:14.674,0.7577,0.7579,0.40,0.30
2008.02.21 03:23:14.889,0.7577,0.7579,0.40,0.30
2008.02.21 03:23:15.389,0.7577,0.7579,0.40,0.30
2008.02.21 03:23:17.189,0.7577,0.7579,0.40,0.30
2008.02.21 03:23:27.953,0.7577,0.7579,0.40,0.30
2008.02.21 03:23:28.031,0.7577,0.7579,0.40,0.30
2008.02.21 03:23:29.555,0.7577,0.7579,0.40,0.30
2008.02.21 03:23:29.688,0.7577,0.7579,0.40,0.30
2008.02.21 03:23:29.898,0.7577,0.7579,0.40,0.30
2008.02.21 03:23:30.062,0.7577,0.7579,0.40,0.30
2008.02.21 03:23:30.205,0.7577,0.7579,0.40,0.30
2008.02.21 03:23:30.317,0.7577,0.7579,0.40,0.30
2008.02.21 03:23:30.485,0.7577,0.7579,0.40,0.30
2008.02.21 03:23:30.595,0.7577,0.7579,0.40,0.30
2008.02.21 03:23:30.690,0.7577,0.7579,0.40,0.30
2008.02.21 03:23:30.889,0.7577,0.7579,0.40,0.30
2008.02.21 03:23:31.087,0.7577,0.7579,0.40,0.30
2008.02.21 03:23:31.287,0.7577,0.7579,0.40,0.30
2008.02.21 03:23:31.486,0.7577,0.7579,0.40,0.30
2008.02.21 03:23:34.425,0.7577,0.7579,0.40,0.30
2008.02.21 03:23:35.150,0.7577,0.7579,0.40,0.30
2008.02.21 03:23:35.193,0.7577,0.7579,0.40,0.30
2008.02.21 03:23:35.393,0.7577,0.7579,0.40,0.30
2008.02.21 03:23:35.436,0.7577,0.7579,0.40,0.30
2008.02.21 03:23:35.673,0.7577,0.7579,0.40,0.30
2008.02.21 03:23:35.716,0.7577,0.7579,0.40,0.30
2008.02.21 03:23:36.063,0.7577,0.7579,0.40,0.30
2008.02.21 03:23:36.211,0.7577,0.7579,0.40,0.30
2008.02.21 03:23:38.588,0.7577,0.7579,0.40,0.30
2008.02.21 03:23:38.953,0.7577,0.7579,0.40,0.30
2008.02.21 03:23:39.094,0.7577,0.7579,0.40,0.30
2008.02.21 03:23:39.768,0.7577,0.7579,0.40,0.30
2008.02.21 03:23:39.921,0.7577,0.7579,0.40,0.30
2008.02.21 03:23:40.074,0.7577,0.7579,0.40,0.30
2008.02.21 03:23:40.228,0.7577,0.7579,0.40,0.30
2008.02.21 03:23:44.452,0.7577,0.7579,0.40,0.30
2008.02.21 03:23:55.448,0.7577,0.7579,1.10,0.30
2008.02.21 03:23:55.601,0.7577,0.7579,1.10,0.30
2008.02.21 03:23:55.755,0.7577,0.7579,1.10,0.30
2008.02.21 03:23:57.474,0.7577,0.7579,0.80,0.30
2008.02.21 03:23:58.322,0.7577,0.7579,0.60,0.30
2008.02.21 03:23:58.420,0.7577,0.7579,0.50,0.30
2008.02.21 03:23:58.466,0.7577,0.7579,0.70,0.30
2008.02.21 03:23:58.596,0.7577,0.7579,0.80,0.30
2008.02.21 03:23:58.710,0.7577,0.7579,0.40,0.30
2008.02.21 03:23:58.946,0.7577,0.7579,0.40,0.30
2008.02.21 03:23:59.148,0.7577,0.7579,0.40,0.30
2008.02.21 03:24:00.173,0.7577,0.7579,0.40,0.30
2008.02.21 03:24:03.491,0.7577,0.7579,0.40,0.30
2008.02.21 03:24:03.884,0.7577,0.7579,0.40,0.30
2008.02.21 03:24:04.033,0.7577,0.7579,0.40,0.30
2008.02.21 03:24:08.137,0.7577,0.7579,0.40,0.30
2008.02.21 03:24:08.348,0.7578,0.75795,0.40,4.80
2008.02.21 03:24:08.567,0.7578,0.75795,0.40,4.80
2008.02.21 03:24:08.775,0.7578,0.75795,0.40,2.40
2008.02.21 03:24:08.983,0.7578,0.75795,0.40,2.40
2008.02.21 03:24:09.192,0.7578,0.75795,0.40,2.40
2008.02.21 03:24:09.466,0.7578,0.75795,0.40,2.40
2008.02.21 03:24:09.934,0.7578,0.75795,0.40,2.40
2008.02.21 03:24:10.663,0.7578,0.75795,0.40,2.40
2008.02.21 03:24:10.810,0.7578,0.75795,0.40,2.40
2008.02.21 03:24:10.959,0.7578,0.75795,0.40,2.40
2008.02.21 03:24:11.147,0.7578,0.75795,0.40,2.40
2008.02.21 03:24:11.296,0.7578,0.75795,0.40,4.80
2008.02.21 03:24:11.473,0.7578,0.75795,0.40,4.80
2008.02.21 03:24:11.651,0.7578,0.75795,0.40,4.80
2008.02.21 03:24:11.866,0.7578,0.75795,0.40,2.40
2008.02.21 03:24:12.035,0.7578,0.75795,0.40,2.40
2008.02.21 03:24:12.469,0.7578,0.75795,0.40,2.40
2008.02.21 03:24:12.678,0.7578,0.75795,0.40,2.40
2008.02.21 03:24:12.886,0.7578,0.758,0.40,1.00
2008.02.21 03:24:13.095,0.7578,0.758,0.40,1.00
2008.02.21 03:24:13.304,0.7578,0.758,0.70,3.40
2008.02.21 03:24:13.519,0.7578,0.758,0.40,3.40
2008.02.21 03:24:14.136,0.7578,0.758,0.40,3.40
2008.02.21 03:24:14.361,0.7578,0.75795,0.40,2.40
2008.02.21 03:24:14.594,0.7578,0.75795,0.40,2.40
2008.02.21 03:24:14.829,0.75775,0.7579,0.80,0.30
2008.02.21 03:24:15.063,0.7577,0.7579,0.50,0.30
2008.02.21 03:24:15.296,0.7577,0.7579,0.70,0.30
2008.02.21 03:24:15.863,0.7577,0.7579,0.80,0.30
2008.02.21 03:24:16.163,0.7577,0.7579,0.80,0.30
2008.02.21 03:24:17.230,0.7577,0.7579,0.90,0.30
2008.02.21 03:24:17.359,0.7578,0.75795,0.40,4.80
2008.02.21 03:24:17.582,0.7578,0.75795,0.40,4.80
2008.02.21 03:24:17.806,0.7578,0.75795,0.40,4.80
2008.02.21 03:24:18.030,0.7578,0.75795,0.40,2.40
2008.02.21 03:24:18.938,0.7578,0.75795,0.40,2.40
2008.02.21 03:24:20.161,0.7578,0.75795,0.40,2.40
2008.02.21 03:24:20.264,0.7578,0.75795,0.40,2.40
2008.02.21 03:24:20.417,0.7578,0.75795,0.40,2.40
2008.02.21 03:24:25.224,0.7578,0.75795,0.40,2.40
2008.02.21 03:24:25.283,0.7577,0.7579,0.50,0.30
2008.02.21 03:24:25.316,0.7577,0.7579,0.80,0.30
2008.02.21 03:24:25.499,0.7577,0.7579,1.40,0.30
2008.02.21 03:24:25.737,0.7577,0.7579,3.50,0.30
2008.02.21 03:24:25.773,0.7577,0.7579,1.10,0.30
2008.02.21 03:24:25.828,0.7577,0.7579,1.10,0.30
2008.02.21 03:24:25.901,0.7577,0.7579,1.10,0.30
2008.02.21 03:24:26.415,0.7577,0.7579,1.10,0.30
2008.02.21 03:24:27.837,0.7577,0.7579,1.10,0.30
2008.02.21 03:24:27.954,0.7577,0.7579,1.10,0.30
2008.02.21 03:24:28.160,0.7577,0.7579,1.10,0.30
2008.02.21 03:24:31.033,0.7577,0.7579,1.10,0.30
2008.02.21 03:24:31.544,0.7577,0.7579,1.10,0.30
2008.02.21 03:24:33.150,0.7577,0.7579,1.10,0.30
2008.02.21 03:24:33.424,0.7577,0.7579,1.10,0.30
2008.02.21 03:24:34.904,0.7577,0.7579,1.10,0.30
2008.02.21 03:24:49.136,0.7577,0.7579,1.10,0.30
2008.02.21 03:24:49.168,0.7577,0.7579,1.10,0.30
2008.02.21 03:24:49.465,0.7577,0.7579,1.10,0.30
2008.02.21 03:24:49.614,0.7578,0.75795,0.40,0.60
2008.02.21 03:24:49.849,0.7578,0.75795,0.40,0.70
2008.02.21 03:24:50.082,0.7578,0.75795,0.40,0.60
2008.02.21 03:24:50.564,0.7578,0.75795,0.40,0.90
2008.02.21 03:24:50.798,0.7577,0.7579,1.10,0.30
2008.02.21 03:24:51.007,0.7577,0.7579,1.10,0.30
2008.02.21 03:24:51.216,0.7577,0.7579,1.10,0.30
2008.02.21 03:24:52.072,0.7577,0.7579,1.10,0.30
2008.02.21 03:24:52.930,0.75775,0.7579,0.80,0.30
2008.02.21 03:24:53.040,0.7578,0.75795,0.40,0.70
2008.02.21 03:24:53.147,0.7578,0.75795,0.40,0.60
2008.02.21 03:24:53.255,0.7578,0.75795,0.40,0.80
2008.02.21 03:24:53.363,0.7578,0.75795,0.40,0.60
2008.02.21 03:24:53.471,0.7578,0.75795,0.40,0.50
2008.02.21 03:24:53.606,0.7578,0.75795,0.40,0.90
2008.02.21 03:24:53.718,0.75775,0.7579,0.80,0.30
2008.02.21 03:24:53.827,0.75775,0.7579,0.80,0.30
2008.02.21 03:24:54.136,0.7577,0.7579,1.10,0.30
2008.02.21 03:24:54.444,0.7577,0.7579,1.10,0.30
2008.02.21 03:24:54.896,0.7577,0.7579,1.10,0.30
2008.02.21 03:24:55.208,0.7577,0.7579,1.10,0.30
2008.02.21 03:25:03.462,0.7577,0.7579,1.10,0.30
2008.02.21 03:25:05.432,0.7577,0.7579,0.40,0.30
2008.02.21 03:25:05.495,0.7577,0.7579,0.40,0.30
2008.02.21 03:25:05.605,0.7577,0.7579,0.40,0.30
2008.02.21 03:25:05.664,0.7577,0.7579,1.10,0.30
2008.02.21 03:25:06.471,0.7577,0.7579,1.10,0.30
2008.02.21 03:25:12.365,0.7577,0.7579,1.10,0.30
2008.02.21 03:25:12.499,0.7578,0.75795,0.40,0.50
2008.02.21 03:25:12.675,0.7578,0.75795,0.40,0.60
2008.02.21 03:25:12.808,0.7578,0.75795,0.40,0.70
2008.02.21 03:25:12.954,0.7578,0.75795,0.40,0.50
2008.02.21 03:25:13.202,0.7578,0.75795,0.40,0.70
2008.02.21 03:25:13.451,0.7578,0.75795,0.40,0.50
2008.02.21 03:25:13.700,0.7577,0.7579,0.40,0.30
2008.02.21 03:25:13.949,0.7577,0.7579,1.10,0.30
2008.02.21 03:25:14.162,0.7577,0.7579,1.10,0.30
2008.02.21 03:25:14.700,0.7577,0.7579,1.10,0.30
2008.02.21 03:25:14.913,0.7577,0.7579,1.10,0.30
2008.02.21 03:25:15.127,0.7577,0.7579,1.10,0.30
2008.02.21 03:25:15.937,0.7577,0.7579,0.40,0.30
2008.02.21 03:25:16.091,0.7577,0.7579,0.40,0.30
2008.02.21 03:25:16.245,0.7577,0.7579,1.10,0.30
2008.02.21 03:25:16.397,0.7577,0.7579,1.10,0.30
2008.02.21 03:25:16.551,0.7577,0.7579,1.10,0.30
2008.02.21 03:25:16.704,0.7577,0.7579,0.40,0.30
2008.02.21 03:25:16.874,0.7577,0.7579,0.40,0.30
2008.02.21 03:25:17.079,0.7577,0.7579,0.40,0.30
2008.02.21 03:25:17.413,0.7577,0.7579,0.40,0.30
2008.02.21 03:25:17.746,0.7577,0.7579,0.40,0.30
2008.02.21 03:25:18.079,0.7577,0.7579,0.40,0.30
2008.02.21 03:25:18.261,0.7577,0.7579,0.40,0.30
2008.02.21 03:25:18.436,0.7577,0.7579,0.40,0.30
2008.02.21 03:25:18.610,0.7577,0.7579,0.40,0.30
2008.02.21 03:25:18.783,0.7577,0.7579,1.10,0.30
2008.02.21 03:25:18.956,0.7577,0.7579,1.10,0.30
2008.02.21 03:25:19.669,0.7577,0.7579,1.10,0.30
2008.02.21 03:25:22.452,0.7577,0.7579,1.10,0.30
2008.02.21 03:25:22.537,0.7577,0.7579,1.10,0.30
2008.02.21 03:25:28.139,0.7577,0.7579,1.10,0.30
2008.02.21 03:25:29.181,0.7577,0.7579,1.10,0.30
2008.02.21 03:25:29.979,0.7577,0.7579,1.10,0.30
2008.02.21 03:25:31.515,0.7577,0.7579,1.10,0.30
2008.02.21 03:25:36.676,0.7577,0.7579,0.90,0.30
2008.02.21 03:25:43.592,0.7577,0.7579,0.80,0.30
2008.02.21 03:25:43.950,0.7577,0.7579,0.60,0.30
2008.02.21 03:25:51.374,0.7577,0.7579,0.80,0.30
2008.02.21 03:25:51.409,0.7578,0.75795,0.40,8.80
2008.02.21 03:25:51.448,0.7578,0.75795,0.40,4.80
2008.02.21 03:25:51.508,0.7578,0.75795,0.40,4.80
2008.02.21 03:25:51.602,0.7578,0.75795,0.40,4.80
2008.02.21 03:25:51.642,0.7578,0.75795,0.40,4.80
2008.02.21 03:25:51.681,0.7578,0.75795,0.40,4.80
2008.02.21 03:25:51.892,0.7578,0.75795,0.40,4.80
2008.02.21 03:25:51.946,0.7578,0.75795,0.40,2.40
2008.02.21 03:25:51.977,0.7578,0.75795,0.40,2.40
2008.02.21 03:25:52.190,0.7578,0.75795,0.40,2.40
2008.02.21 03:25:52.998,0.7578,0.75795,0.40,2.40
2008.02.21 03:25:55.853,0.7578,0.75795,0.40,2.40
2008.02.21 03:25:55.954,0.7578,0.75795,0.40,2.40
2008.02.21 03:26:01.690,0.7578,0.75795,0.40,2.40
2008.02.21 03:26:02.460,0.7578,0.75795,0.40,2.40
2008.02.21 03:26:02.708,0.7578,0.75795,0.40,2.40
2008.02.21 03:26:05.580,0.7578,0.75795,0.40,2.40
2008.02.21 03:26:05.939,0.7578,0.75795,0.40,2.40
2008.02.21 03:26:06.078,0.7578,0.75795,0.40,2.40
2008.02.21 03:26:06.462,0.7578,0.75795,0.40,2.40
2008.02.21 03:26:07.978,0.7578,0.75795,0.40,2.40
2008.02.21 03:26:08.082,0.7578,0.75795,0.40,2.40
2008.02.21 03:26:08.197,0.7578,0.75795,0.40,2.40
2008.02.21 03:26:08.366,0.7578,0.75795,0.40,2.40
2008.02.21 03:26:08.481,0.7578,0.75795,0.40,4.80
2008.02.21 03:26:08.690,0.7578,0.75795,0.40,4.80
2008.02.21 03:26:08.804,0.7578,0.75795,0.40,4.80
2008.02.21 03:26:08.916,0.7578,0.75795,0.40,4.80
2008.02.21 03:26:09.029,0.7578,0.75795,0.40,2.40
2008.02.21 03:26:10.432,0.7578,0.75795,0.40,2.40
2008.02.21 03:26:11.143,0.7578,0.75795,0.40,2.40
2008.02.21 03:26:29.104,0.7578,0.75795,0.40,2.40
2008.02.21 03:26:29.208,0.7578,0.75795,0.40,2.40
2008.02.21 03:26:29.412,0.7578,0.75795,0.40,2.40
2008.02.21 03:26:29.613,0.7578,0.75795,0.40,2.40
2008.02.21 03:26:30.436,0.7578,0.75795,0.40,2.40
2008.02.21 03:26:35.618,0.7578,0.75795,0.40,2.40
2008.02.21 03:26:52.029,0.7578,0.75795,0.40,2.40
2008.02.21 03:26:54.098,0.7578,0.75795,0.40,2.40
2008.02.21 03:27:07.209,0.7578,0.75795,0.40,2.40
2008.02.21 03:27:07.947,0.7578,0.75795,0.40,2.40
2008.02.21 03:27:08.100,0.7578,0.75795,0.40,2.40
2008.02.21 03:27:08.253,0.7578,0.75795,0.40,2.40
2008.02.21 03:27:08.457,0.7578,0.75795,0.40,2.40
2008.02.21 03:27:10.544,0.7578,0.75795,0.40,2.40
2008.02.21 03:27:10.654,0.75775,0.7579,0.80,0.30
2008.02.21 03:27:10.764,0.7577,0.7579,2.70,0.30
2008.02.21 03:27:10.866,0.7577,0.7579,2.70,0.30
2008.02.21 03:27:10.970,0.7577,0.7579,2.70,0.30
2008.02.21 03:27:11.073,0.7577,0.7579,2.70,0.30
2008.02.21 03:27:11.190,0.7577,0.7579,2.70,0.30
2008.02.21 03:27:11.294,0.7577,0.7579,0.40,0.30
2008.02.21 03:27:11.717,0.7577,0.7579,0.40,0.30
2008.02.21 03:27:12.121,0.7577,0.7579,0.40,0.30
2008.02.21 03:27:16.116,0.7577,0.7579,0.40,0.30
2008.02.21 03:27:16.725,0.7577,0.7579,0.40,0.30
2008.02.21 03:27:16.936,0.7577,0.7579,0.40,0.30
2008.02.21 03:27:17.025,0.7577,0.7579,0.40,0.30
2008.02.21 03:27:21.888,0.7577,0.7579,0.40,0.30
2008.02.21 03:27:22.064,0.7577,0.7579,0.40,0.30
2008.02.21 03:27:22.198,0.7578,0.75795,0.40,0.60
2008.02.21 03:27:22.332,0.7578,0.75795,0.40,0.60
2008.02.21 03:27:22.465,0.7578,0.75795,0.40,0.90
2008.02.21 03:27:22.595,0.7578,0.75795,0.40,0.50
2008.02.21 03:27:22.801,0.7578,0.75795,0.40,0.80
2008.02.21 03:27:23.101,0.7578,0.75795,0.40,0.90
2008.02.21 03:27:23.230,0.7578,0.75795,0.40,0.60
2008.02.21 03:27:23.625,0.7578,0.75795,0.40,0.90
2008.02.21 03:27:29.216,0.7578,0.75795,0.40,0.70
2008.02.21 03:27:29.429,0.7578,0.75795,0.40,0.80
2008.02.21 03:27:29.620,0.7578,0.75795,0.40,0.90
2008.02.21 03:27:30.949,0.7578,0.75795,0.40,0.60
2008.02.21 03:27:33.709,0.7578,0.75795,0.40,0.80
2008.02.21 03:27:33.882,0.7578,0.75795,0.40,0.90
2008.02.21 03:27:34.129,0.7578,0.75795,0.40,0.70
2008.02.21 03:27:47.981,0.7578,0.75795,0.40,0.70
2008.02.21 03:28:03.419,0.7578,0.75795,0.40,2.40
2008.02.21 03:28:05.576,0.7578,0.75795,0.40,2.40
2008.02.21 03:28:20.847,0.7578,0.75795,0.40,2.40
2008.02.21 03:28:22.700,0.7578,0.75795,0.40,2.40
2008.02.21 03:28:23.422,0.7578,0.75795,0.40,2.40
2008.02.21 03:28:29.328,0.7578,0.75795,0.40,2.40
2008.02.21 03:28:29.445,0.7578,0.75795,0.40,2.40
2008.02.21 03:28:29.636,0.7578,0.75795,0.40,2.40
2008.02.21 03:28:30.741,0.7578,0.75795,0.40,2.40
2008.02.21 03:28:49.170,0.7578,0.75795,0.40,2.40
2008.02.21 03:29:00.582,0.7578,0.75795,1.10,2.40
2008.02.21 03:29:00.653,0.7578,0.75795,1.10,2.40
2008.02.21 03:29:00.732,0.7578,0.75795,1.10,2.40
2008.02.21 03:29:00.781,0.7578,0.758,1.10,1.00
2008.02.21 03:29:00.839,0.7578,0.758,1.10,1.00
2008.02.21 03:29:00.888,0.7578,0.758,1.10,1.00
2008.02.21 03:29:01.919,0.7578,0.758,1.10,1.00
2008.02.21 03:29:04.059,0.7578,0.758,1.10,1.00
2008.02.21 03:29:04.163,0.7578,0.758,0.40,1.00
2008.02.21 03:29:04.258,0.7578,0.758,0.40,3.40
2008.02.21 03:29:04.362,0.7578,0.758,0.40,3.40
2008.02.21 03:29:04.415,0.7578,0.75795,0.40,2.40
2008.02.21 03:29:05.387,0.7578,0.75795,0.40,2.40
2008.02.21 03:29:05.952,0.7578,0.75795,0.40,2.40
2008.02.21 03:29:06.555,0.7578,0.75795,0.40,2.40
2008.02.21 03:29:12.041,0.7578,0.75795,0.40,2.40
2008.02.21 03:29:12.214,0.7578,0.75795,1.10,2.40
2008.02.21 03:29:12.272,0.7578,0.75795,1.10,2.40
2008.02.21 03:29:12.331,0.7578,0.75795,1.10,2.40
2008.02.21 03:29:12.389,0.7578,0.758,1.10,1.00
2008.02.21 03:29:12.447,0.7578,0.758,1.10,1.00
2008.02.21 03:29:13.428,0.7578,0.758,1.10,1.00
2008.02.21 03:29:27.072,0.7578,0.758,1.10,1.00
2008.02.21 03:29:27.178,0.7578,0.758,0.40,1.00
2008.02.21 03:29:27.356,0.7578,0.758,0.40,3.40
2008.02.21 03:29:27.410,0.7578,0.758,0.40,3.40
2008.02.21 03:29:27.486,0.7578,0.75795,0.40,2.40
2008.02.21 03:29:28.406,0.7578,0.75795,0.40,2.40
2008.02.21 03:29:28.717,0.7578,0.75795,0.40,2.40
2008.02.21 03:29:29.426,0.7578,0.75795,0.40,2.40
2008.02.21 03:29:29.629,0.7578,0.75795,0.40,2.40
2008.02.21 03:29:30.662,0.7578,0.75795,0.40,2.40
2008.02.21 03:29:31.642,0.7578,0.75795,0.40,2.40
2008.02.21 03:29:34.687,0.7578,0.75795,0.40,2.40
2008.02.21 03:29:38.882,0.7578,0.75795,0.40,2.40
2008.02.21 03:29:39.166,0.7578,0.75795,0.40,0.70
2008.02.21 03:29:39.335,0.7578,0.75795,0.40,0.80
2008.02.21 03:29:39.699,0.7578,0.75795,0.40,0.80
2008.02.21 03:30:11.381,0.7578,0.75795,0.40,2.40
2008.02.21 03:30:13.503,0.7578,0.75795,0.40,2.40
2008.02.21 03:30:13.753,0.7577,0.7579,3.50,0.30
2008.02.21 03:30:14.003,0.7577,0.7579,1.10,0.30
2008.02.21 03:30:14.252,0.7577,0.7579,1.10,0.30
2008.02.21 03:30:14.633,0.7577,0.7579,1.10,0.30
2008.02.21 03:30:17.292,0.7577,0.7579,1.10,0.30
2008.02.21 03:30:17.397,0.75775,0.7579,0.80,0.30
2008.02.21 03:30:17.436,0.75775,0.7579,0.80,0.30
2008.02.21 03:30:17.482,0.7578,0.75795,0.40,8.80
2008.02.21 03:30:17.522,0.7578,0.75795,0.40,4.80
2008.02.21 03:30:17.715,0.7578,0.75795,0.40,4.80
2008.02.21 03:30:17.918,0.7578,0.75795,0.40,4.80
2008.02.21 03:30:18.117,0.7578,0.75795,0.40,2.40
2008.02.21 03:30:18.317,0.7578,0.75795,0.40,2.40
2008.02.21 03:30:19.041,0.7578,0.75795,0.40,2.40
2008.02.21 03:30:20.361,0.7578,0.75795,0.40,2.40
2008.02.21 03:30:28.887,0.7578,0.75795,0.40,2.40
2008.02.21 03:30:30.266,0.7578,0.75795,0.40,0.90
2008.02.21 03:30:30.642,0.7578,0.75795,0.40,0.50
2008.02.21 03:30:30.943,0.7578,0.75795,0.40,0.60
2008.02.21 03:30:31.972,0.7578,0.75795,0.40,0.50
2008.02.21 03:30:35.646,0.7578,0.75795,0.40,0.70
2008.02.21 03:30:36.354,0.7578,0.75795,0.40,0.60
2008.02.21 03:30:41.741,0.7578,0.75795,0.40,0.60
2008.02.21 03:30:54.892,0.7578,0.75795,0.40,0.60
2008.02.21 03:30:58.642,0.7578,0.75795,0.40,2.40
2008.02.21 03:30:58.740,0.7578,0.75795,0.40,2.40
2008.02.21 03:31:03.846,0.7578,0.75795,0.40,2.40
2008.02.21 03:31:05.808,0.7578,0.75795,0.40,2.40
2008.02.21 03:31:06.492,0.7578,0.75795,0.40,2.40
2008.02.21 03:31:06.549,0.7578,0.75795,0.40,2.40
2008.02.21 03:31:06.654,0.75775,0.7579,4.00,0.30
2008.02.21 03:31:06.714,0.75775,0.7579,4.00,0.30
2008.02.21 03:31:06.785,0.7577,0.7579,3.50,0.30
2008.02.21 03:31:06.843,0.7577,0.7579,3.50,0.30
2008.02.21 03:31:07.012,0.7577,0.7579,3.50,0.30
2008.02.21 03:31:07.181,0.7577,0.7579,1.10,0.30
2008.02.21 03:31:07.349,0.7577,0.7579,1.10,0.30
2008.02.21 03:31:07.732,0.7577,0.7579,1.10,0.30
2008.02.21 03:31:07.900,0.7577,0.7579,1.10,0.30
2008.02.21 03:31:08.153,0.7577,0.7579,1.10,0.30
2008.02.21 03:31:10.659,0.7577,0.7579,1.10,0.30
2008.02.21 03:31:12.912,0.7577,0.7579,1.10,0.30
2008.02.21 03:31:12.945,0.7578,0.75795,0.40,8.80
2008.02.21 03:31:12.978,0.7578,0.75795,0.40,8.80
2008.02.21 03:31:13.067,0.7578,0.75795,0.40,8.80
2008.02.21 03:31:13.099,0.7578,0.75795,0.40,4.80
2008.02.21 03:31:13.230,0.7578,0.75795,0.40,4.80
2008.02.21 03:31:13.476,0.7578,0.75795,0.40,4.80
2008.02.21 03:31:13.746,0.7578,0.75795,0.40,2.40
2008.02.21 03:31:14.558,0.7578,0.75795,0.40,2.40
2008.02.21 03:31:20.365,0.7578,0.75795,0.40,0.80
2008.02.21 03:31:30.621,0.7578,0.75795,0.40,0.70
2008.02.21 03:31:30.730,0.7578,0.75795,0.40,0.90
2008.02.21 03:31:30.934,0.7578,0.75795,0.40,0.50
2008.02.21 03:31:31.135,0.7578,0.75795,0.40,0.90
2008.02.21 03:31:31.959,0.7578,0.75795,0.40,0.90
2008.02.21 03:31:38.911,0.7578,0.75795,0.40,0.50
2008.02.21 03:31:39.111,0.7578,0.75795,0.40,0.80
2008.02.21 03:31:40.193,0.7578,0.75795,0.40,0.80
2008.02.21 03:31:40.409,0.7578,0.75795,0.40,0.80
2008.02.21 03:31:51.316,0.7578,0.75795,0.40,2.40
2008.02.21 03:31:54.681,0.7578,0.75795,0.40,2.40
2008.02.21 03:31:56.633,0.7578,0.75795,0.40,2.40
2008.02.21 03:31:59.549,0.7578,0.75795,0.40,2.40
2008.02.21 03:31:59.911,0.7578,0.75795,0.40,2.40
2008.02.21 03:32:05.469,0.7578,0.75795,0.40,2.40
2008.02.21 03:32:05.576,0.7578,0.75795,0.40,2.40
2008.02.21 03:32:05.675,0.7578,0.75795,0.40,2.40
2008.02.21 03:32:05.976,0.7578,0.75795,0.40,2.40
2008.02.21 03:32:06.186,0.7578,0.75795,0.40,2.40
2008.02.21 03:32:08.710,0.7578,0.75795,0.40,2.40
2008.02.21 03:32:08.938,0.7578,0.75795,0.40,2.40
2008.02.21 03:32:09.166,0.7578,0.75795,0.40,2.40
2008.02.21 03:32:09.389,0.7578,0.75795,0.40,2.40
2008.02.21 03:32:09.614,0.7578,0.75795,0.40,4.80
2008.02.21 03:32:09.837,0.7578,0.75795,0.40,2.40
2008.02.21 03:32:10.061,0.7578,0.75795,0.40,2.40
2008.02.21 03:32:10.290,0.75775,0.7579,0.80,0.30
2008.02.21 03:32:10.540,0.7577,0.7579,3.50,0.30
2008.02.21 03:32:10.789,0.7577,0.7579,3.50,0.30
2008.02.21 03:32:11.038,0.7577,0.7579,1.10,0.30
2008.02.21 03:32:11.399,0.7577,0.7579,1.10,0.30
2008.02.21 03:32:11.645,0.7577,0.75795,1.10,4.80
2008.02.21 03:32:12.340,0.7577,0.75795,1.10,4.80
2008.02.21 03:32:12.465,0.7578,0.75795,0.40,4.80
2008.02.21 03:32:12.590,0.7578,0.75795,0.40,4.80
2008.02.21 03:32:12.721,0.7578,0.75795,0.40,2.40
2008.02.21 03:32:12.846,0.7578,0.75795,0.40,2.40
2008.02.21 03:32:12.971,0.7578,0.75795,0.40,2.40
2008.02.21 03:32:13.093,0.7578,0.75795,0.40,2.40
2008.02.21 03:32:13.217,0.7578,0.75795,0.40,2.40
2008.02.21 03:32:13.349,0.7578,0.75795,0.40,4.80
2008.02.21 03:32:13.683,0.7578,0.75795,0.40,4.80
2008.02.21 03:32:14.479,0.7578,0.75795,0.40,2.40
2008.02.21 03:32:14.996,0.7578,0.75795,0.40,2.40
2008.02.21 03:32:15.150,0.7578,0.75795,0.40,2.40
2008.02.21 03:32:15.303,0.7578,0.75795,0.40,2.40
2008.02.21 03:32:15.477,0.7578,0.75795,0.40,2.40
2008.02.21 03:32:15.650,0.7578,0.75795,0.40,2.40
2008.02.21 03:32:15.823,0.7578,0.75795,0.40,4.80
2008.02.21 03:32:16.495,0.75775,0.75795,4.00,4.80
2008.02.21 03:32:16.724,0.7577,0.75795,1.10,4.80
2008.02.21 03:32:16.973,0.7577,0.75795,1.10,4.80
2008.02.21 03:32:19.134,0.7577,0.75795,1.10,4.80
2008.02.21 03:32:19.960,0.7577,0.75795,1.10,4.80
2008.02.21 03:32:20.882,0.7577,0.75795,1.10,4.80
2008.02.21 03:32:21.909,0.7577,0.75795,1.10,8.80
2008.02.21 03:32:22.042,0.7577,0.7579,1.10,0.30
2008.02.21 03:32:22.370,0.7577,0.7579,1.10,0.30
2008.02.21 03:32:23.228,0.7577,0.75795,1.10,8.80
2008.02.21 03:32:23.406,0.7577,0.75795,1.10,4.80
2008.02.21 03:32:23.740,0.7577,0.75795,1.10,4.80
2008.02.21 03:32:23.921,0.75775,0.75795,0.80,4.80
2008.02.21 03:32:24.045,0.7578,0.75795,0.40,4.80
2008.02.21 03:32:24.169,0.7578,0.75795,0.40,4.80
2008.02.21 03:32:24.292,0.7578,0.75795,0.40,2.40
2008.02.21 03:32:24.431,0.7578,0.75795,0.40,2.40
2008.02.21 03:32:24.555,0.7578,0.75795,0.40,2.40
2008.02.21 03:32:24.679,0.7578,0.75795,0.40,2.40
2008.02.21 03:32:25.171,0.7578,0.75795,0.40,2.40
2008.02.21 03:32:28.503,0.7578,0.75795,0.40,0.80
2008.02.21 03:32:28.591,0.7578,0.75795,0.40,0.90
2008.02.21 03:32:28.736,0.7578,0.75795,2.70,0.60
2008.02.21 03:32:28.915,0.7579,0.75805,0.80,0.80
2008.02.21 03:32:29.094,0.7579,0.75805,0.80,0.80
2008.02.21 03:32:29.274,0.7579,0.75805,0.80,0.50
2008.02.21 03:32:29.452,0.7578,0.758,3.50,0.30
2008.02.21 03:32:29.630,0.7578,0.758,3.50,0.30
2008.02.21 03:32:29.808,0.7578,0.758,1.10,0.30
2008.02.21 03:32:29.984,0.7578,0.758,1.10,0.30
2008.02.21 03:32:30.158,0.7578,0.758,1.10,0.30
2008.02.21 03:32:30.330,0.7578,0.758,1.10,0.30
2008.02.21 03:32:30.503,0.7578,0.758,1.10,0.30
2008.02.21 03:32:30.840,0.7578,0.758,1.10,0.30
2008.02.21 03:32:31.015,0.7578,0.758,1.10,0.30
2008.02.21 03:32:31.188,0.7578,0.758,1.10,0.30
2008.02.21 03:32:31.468,0.7578,0.758,0.40,0.30
2008.02.21 03:32:31.642,0.7578,0.758,0.40,0.30
2008.02.21 03:32:31.817,0.7578,0.75795,0.40,0.80
2008.02.21 03:32:31.991,0.7578,0.75795,0.40,0.70
2008.02.21 03:32:32.189,0.7578,0.75795,0.40,0.60
2008.02.21 03:32:33.758,0.7578,0.75795,0.40,0.80
2008.02.21 03:32:33.856,0.7578,0.75795,0.40,0.70
2008.02.21 03:32:33.923,0.7578,0.75795,0.40,0.60
2008.02.21 03:32:34.080,0.7578,0.75795,0.40,0.90
2008.02.21 03:32:34.177,0.7578,0.758,0.40,0.70
2008.02.21 03:32:34.427,0.7578,0.758,0.40,0.30
2008.02.21 03:32:34.675,0.7578,0.758,0.40,0.30
2008.02.21 03:32:34.925,0.7578,0.75795,0.40,0.60
2008.02.21 03:32:35.173,0.7578,0.75795,0.40,0.90
2008.02.21 03:32:35.427,0.7578,0.75795,0.40,0.90
2008.02.21 03:32:35.681,0.7578,0.75795,0.40,0.90
2008.02.21 03:32:36.839,0.7578,0.75795,0.40,0.70
2008.02.21 03:32:37.858,0.7578,0.75795,0.40,0.90
2008.02.21 03:32:38.043,0.7578,0.75795,1.10,0.50
2008.02.21 03:32:38.229,0.7578,0.758,1.10,0.70
2008.02.21 03:32:38.433,0.7578,0.75805,1.10,0.50
2008.02.21 03:32:38.637,0.7578,0.75805,1.10,0.90
2008.02.21 03:32:38.850,0.7578,0.75805,1.10,0.60
2008.02.21 03:32:39.046,0.7578,0.75805,1.10,0.80
2008.02.21 03:32:39.249,0.7578,0.75805,1.10,0.80
2008.02.21 03:32:39.980,0.7578,0.75805,1.10,0.60
2008.02.21 03:32:43.715,0.7578,0.758,1.10,0.30
2008.02.21 03:32:43.769,0.7578,0.758,1.10,0.30
2008.02.21 03:32:43.830,0.7578,0.758,1.10,0.30
2008.02.21 03:32:52.867,0.7578,0.758,1.10,0.30
2008.02.21 03:32:52.945,0.7578,0.758,1.10,0.30
2008.02.21 03:32:53.146,0.7578,0.758,1.10,0.30
2008.02.21 03:32:53.975,0.7578,0.758,1.10,0.30
2008.02.21 03:32:54.254,0.7578,0.758,1.10,0.30
2008.02.21 03:32:54.477,0.7578,0.758,1.10,0.30
2008.02.21 03:32:54.948,0.7578,0.758,1.10,0.30
2008.02.21 03:32:55.207,0.7578,0.758,1.10,0.30
2008.02.21 03:32:55.558,0.7578,0.758,0.60,0.30
2008.02.21 03:33:01.201,0.7578,0.758,0.80,0.30
2008.02.21 03:33:05.189,0.7578,0.758,0.80,0.30
2008.02.21 03:33:05.263,0.7578,0.758,0.90,0.30
2008.02.21 03:33:05.358,0.7578,0.758,0.90,0.30
2008.02.21 03:33:05.446,0.7578,0.758,0.90,0.30
2008.02.21 03:33:05.511,0.7578,0.758,0.90,0.30
2008.02.21 03:33:06.379,0.7578,0.758,0.50,0.30
2008.02.21 03:33:06.848,0.7578,0.758,0.50,0.30
2008.02.21 03:33:15.893,0.7578,0.758,0.50,0.30
2008.02.21 03:33:16.029,0.7578,0.758,0.60,0.30
2008.02.21 03:33:16.397,0.7578,0.758,0.60,0.30
2008.02.21 03:33:16.733,0.7578,0.758,0.50,0.30
2008.02.21 03:33:17.066,0.7578,0.758,0.40,0.30
2008.02.21 03:33:17.401,0.7578,0.758,0.40,2.60
2008.02.21 03:33:17.580,0.7578,0.758,0.40,2.60
2008.02.21 03:33:17.758,0.7578,0.758,0.80,2.60
2008.02.21 03:33:17.936,0.7578,0.758,0.90,0.30
2008.02.21 03:33:18.241,0.7578,0.758,0.80,0.30
2008.02.21 03:33:18.426,0.7578,0.758,0.70,0.30
2008.02.21 03:33:18.670,0.7578,0.758,0.70,0.30
2008.02.21 03:33:18.913,0.7578,0.758,0.60,0.30
2008.02.21 03:33:19.155,0.7578,0.758,0.50,0.30
2008.02.21 03:33:23.983,0.7578,0.758,1.10,0.30
2008.02.21 03:33:24.077,0.7578,0.758,1.10,0.30
2008.02.21 03:33:24.226,0.7578,0.758,1.10,0.30
2008.02.21 03:33:25.465,0.7578,0.758,1.10,0.30
2008.02.21 03:33:25.798,0.7578,0.758,0.40,0.30
2008.02.21 03:33:25.897,0.7578,0.758,0.40,2.60
2008.02.21 03:33:25.995,0.7578,0.758,0.40,2.60
2008.02.21 03:33:26.706,0.7578,0.758,0.40,2.60
2008.02.21 03:33:31.965,0.7578,0.758,0.40,2.60
2008.02.21 03:33:32.163,0.7578,0.758,0.40,2.60
2008.02.21 03:33:33.646,0.7578,0.758,0.40,0.50
2008.02.21 03:33:38.612,0.7578,0.758,0.40,0.50
2008.02.21 03:33:38.711,0.7578,0.758,0.40,0.90
2008.02.21 03:33:38.810,0.7578,0.758,0.40,0.50
2008.02.21 03:33:38.917,0.7578,0.758,1.10,0.90
2008.02.21 03:33:39.213,0.7578,0.758,1.10,0.70
2008.02.21 03:33:39.312,0.7578,0.758,1.10,0.30
2008.02.21 03:33:39.410,0.7578,0.758,1.10,0.30
2008.02.21 03:33:39.508,0.7578,0.758,1.10,0.30
2008.02.21 03:33:40.143,0.7578,0.758,1.10,0.30
2008.02.21 03:33:42.257,0.7578,0.758,1.10,0.30
2008.02.21 03:33:42.449,0.7578,0.758,0.40,0.30
2008.02.21 03:33:42.548,0.7578,0.758,0.40,0.30
2008.02.21 03:33:42.658,0.7578,0.758,0.40,0.30
2008.02.21 03:33:42.857,0.7578,0.758,0.40,0.30
2008.02.21 03:33:43.056,0.7578,0.758,0.40,0.90
2008.02.21 03:33:43.396,0.7578,0.758,0.40,0.90
2008.02.21 03:33:49.705,0.7578,0.758,0.40,0.90
2008.02.21 03:33:49.786,0.7578,0.758,0.40,0.80
2008.02.21 03:33:49.856,0.75785,0.758,0.80,0.50
2008.02.21 03:33:49.924,0.75785,0.758,0.80,0.60
2008.02.21 03:33:49.992,0.75785,0.758,0.80,0.30
2008.02.21 03:33:50.210,0.75785,0.758,0.80,0.30
2008.02.21 03:33:50.363,0.75785,0.758,0.80,0.30
2008.02.21 03:33:50.512,0.7579,0.75805,0.40,0.50
2008.02.21 03:33:50.671,0.7579,0.75805,0.40,0.90
2008.02.21 03:33:50.820,0.7579,0.75805,1.10,0.50
2008.02.21 03:33:50.969,0.7579,0.7581,0.40,0.70
2008.02.21 03:33:51.161,0.7579,0.7581,0.40,0.70
2008.02.21 03:33:51.478,0.7579,0.75805,0.40,0.60
2008.02.21 03:33:52.584,0.7579,0.75805,0.40,0.50
2008.02.21 03:33:52.856,0.7579,0.75805,0.40,0.90
2008.02.21 03:33:53.004,0.7579,0.75805,0.40,0.70
2008.02.21 03:33:53.237,0.7579,0.75805,0.40,0.80
2008.02.21 03:33:53.396,0.7579,0.75805,1.10,0.90
2008.02.21 03:33:53.544,0.7579,0.75805,1.10,0.50
2008.02.21 03:33:53.725,0.7579,0.75805,1.10,0.90
2008.02.21 03:33:53.873,0.7579,0.75805,1.10,0.80
2008.02.21 03:33:54.023,0.7579,0.75805,0.40,0.70
2008.02.21 03:33:54.172,0.7579,0.75805,0.40,0.60
2008.02.21 03:33:54.435,0.7579,0.75805,0.40,0.90
2008.02.21 03:33:54.698,0.7579,0.75805,0.40,0.80
2008.02.21 03:33:54.961,0.7579,0.75805,0.40,0.70
2008.02.21 03:33:55.226,0.7579,0.75805,0.40,0.90
2008.02.21 03:33:55.618,0.7579,0.75805,0.40,0.80
2008.02.21 03:33:57.304,0.7579,0.75805,0.40,0.90
2008.02.21 03:33:57.553,0.7579,0.75805,0.40,0.70
2008.02.21 03:33:59.766,0.7579,0.75805,0.40,0.80
2008.02.21 03:33:59.986,0.7579,0.75805,0.40,0.60
2008.02.21 03:34:00.189,0.7579,0.75805,0.40,0.90
2008.02.21 03:34:05.415,0.7579,0.75805,0.40,4.80
2008.02.21 03:34:06.199,0.7579,0.75805,0.40,4.80
2008.02.21 03:34:08.716,0.7579,0.75805,0.40,0.70
2008.02.21 03:34:38.598,0.7579,0.75805,0.40,4.80
2008.02.21 03:34:40.979,0.7579,0.75805,0.40,4.80
2008.02.21 03:34:46.871,0.7579,0.75805,0.40,4.80
2008.02.21 03:34:46.986,0.7579,0.75805,0.40,4.80
2008.02.21 03:34:47.147,0.7579,0.75805,0.40,4.80
2008.02.21 03:34:49.337,0.7579,0.75805,0.40,4.80
2008.02.21 03:34:49.469,0.7579,0.75805,0.40,4.80
2008.02.21 03:34:49.538,0.7579,0.75805,0.40,2.40
2008.02.21 03:34:49.684,0.7579,0.75805,0.40,2.40
2008.02.21 03:34:49.781,0.7579,0.75805,0.40,2.40
2008.02.21 03:34:50.397,0.7579,0.75805,0.40,2.40
2008.02.21 03:34:50.495,0.7579,0.75805,0.40,4.80
2008.02.21 03:34:50.695,0.7579,0.75805,0.40,4.80
2008.02.21 03:34:51.420,0.7579,0.75805,0.40,2.40
2008.02.21 03:34:51.518,0.7579,0.75805,0.40,2.40
2008.02.21 03:34:53.415,0.7579,0.75805,0.40,2.40
2008.02.21 03:34:53.469,0.7579,0.75805,0.40,2.40
2008.02.21 03:34:54.390,0.7579,0.75805,0.40,2.40
2008.02.21 03:34:55.193,0.7579,0.75805,0.40,2.40
2008.02.21 03:34:55.809,0.7579,0.75805,0.40,0.90
2008.02.21 03:34:59.166,0.7579,0.75805,0.40,0.90
2008.02.21 03:34:59.234,0.7579,0.75805,0.40,0.90
2008.02.21 03:35:06.364,0.7579,0.75805,0.40,0.60
2008.02.21 03:35:10.417,0.7579,0.75805,0.40,0.80
2008.02.21 03:35:10.480,0.7579,0.75805,0.40,0.80
2008.02.21 03:35:10.545,0.7579,0.75805,0.40,0.90
2008.02.21 03:35:10.607,0.7579,0.75805,0.40,0.90
2008.02.21 03:35:10.736,0.7579,0.75805,0.40,0.90
2008.02.21 03:35:11.546,0.7579,0.75805,0.40,0.90
2008.02.21 03:35:19.428,0.7579,0.75805,0.40,0.80
2008.02.21 03:35:19.481,0.7579,0.75805,0.40,0.60
2008.02.21 03:35:19.520,0.7579,0.75805,0.40,0.50
2008.02.21 03:35:19.567,0.7579,0.75805,0.40,0.70
2008.02.21 03:35:19.639,0.7579,0.75805,0.40,0.90
2008.02.21 03:35:19.678,0.7579,0.75805,0.40,0.70
2008.02.21 03:35:20.701,0.7579,0.75805,0.40,0.80
2008.02.21 03:35:24.626,0.7579,0.75805,0.40,4.80
2008.02.21 03:35:24.706,0.7579,0.75805,0.40,4.80
2008.02.21 03:35:38.530,0.7579,0.75805,0.40,4.80
2008.02.21 03:35:38.797,0.7579,0.75805,0.40,4.80
2008.02.21 03:35:38.935,0.7579,0.75805,0.40,4.80
2008.02.21 03:35:46.912,0.7579,0.75805,0.40,0.90
2008.02.21 03:35:46.921,0.7579,0.75805,0.40,0.80
2008.02.21 03:35:47.902,0.7579,0.75805,0.40,0.60
2008.02.21 03:35:55.457,0.7579,0.75805,0.40,4.80
2008.02.21 03:36:05.491,0.7579,0.75805,0.40,4.80
2008.02.21 03:36:06.970,0.7579,0.75805,0.40,4.80
2008.02.21 03:36:14.966,0.7579,0.75805,0.40,4.80
2008.02.21 03:36:19.627,0.7579,0.75805,0.40,4.80
2008.02.21 03:36:20.459,0.7579,0.75805,0.40,4.80
2008.02.21 03:36:25.009,0.7579,0.75805,0.40,4.80
2008.02.21 03:36:38.637,0.7579,0.75805,0.40,2.40
2008.02.21 03:36:38.770,0.7579,0.75805,0.40,2.40
2008.02.21 03:36:38.910,0.7579,0.75805,0.40,2.40
2008.02.21 03:36:39.043,0.7579,0.75805,0.40,2.40
2008.02.21 03:36:41.807,0.7579,0.75805,0.40,2.40
2008.02.21 03:36:41.963,0.7579,0.75805,0.40,2.40
2008.02.21 03:36:42.115,0.7579,0.75805,0.70,2.40
2008.02.21 03:36:42.297,0.7579,0.7581,0.60,2.60
2008.02.21 03:36:42.482,0.7579,0.7581,0.40,2.60
2008.02.21 03:36:42.666,0.7579,0.7581,0.40,2.60
2008.02.21 03:36:43.153,0.7579,0.7581,0.40,2.60
2008.02.21 03:36:43.392,0.7579,0.75805,0.40,2.40
2008.02.21 03:36:43.631,0.7579,0.75805,0.40,2.40
2008.02.21 03:36:44.160,0.7579,0.75805,0.40,2.40
2008.02.21 03:36:44.400,0.7579,0.75805,0.40,2.40
2008.02.21 03:36:44.519,0.7579,0.75805,1.10,2.40
2008.02.21 03:36:44.638,0.7579,0.75805,1.10,2.40
2008.02.21 03:36:44.757,0.7579,0.75805,1.10,2.40
2008.02.21 03:36:44.886,0.7579,0.7581,1.10,2.60
2008.02.21 03:36:44.994,0.7579,0.7581,0.40,2.60
2008.02.21 03:36:45.111,0.7579,0.7581,0.40,2.60
2008.02.21 03:36:45.231,0.7579,0.7581,0.40,2.60
2008.02.21 03:36:45.565,0.7579,0.75805,0.40,2.40
2008.02.21 03:36:45.898,0.7579,0.75805,0.40,2.40
2008.02.21 03:36:46.240,0.7579,0.75805,0.40,4.80
2008.02.21 03:36:46.439,0.7579,0.75805,0.40,2.40
2008.02.21 03:36:47.650,0.7579,0.75805,0.40,2.40
2008.02.21 03:36:47.849,0.75785,0.758,4.80,0.30
2008.02.21 03:36:48.069,0.75785,0.758,4.80,0.30
2008.02.21 03:36:48.869,0.75785,0.758,4.80,0.30
2008.02.21 03:36:49.179,0.75785,0.758,0.80,0.30
2008.02.21 03:36:50.993,0.75785,0.758,0.80,0.30
2008.02.21 03:36:51.681,0.75785,0.758,0.80,0.30
2008.02.21 03:36:51.834,0.75785,0.758,0.80,0.30
2008.02.21 03:36:51.982,0.75785,0.758,0.80,0.30
2008.02.21 03:36:52.131,0.75785,0.758,0.80,0.30
2008.02.21 03:36:52.279,0.7578,0.758,0.40,0.30
2008.02.21 03:36:52.428,0.7578,0.758,1.10,0.30
2008.02.21 03:36:52.698,0.7578,0.758,1.10,0.30
2008.02.21 03:36:52.912,0.7578,0.758,1.10,0.30
2008.02.21 03:36:53.054,0.7578,0.758,1.10,0.30
2008.02.21 03:36:53.126,0.7578,0.758,1.10,0.30
2008.02.21 03:36:53.424,0.7578,0.758,1.10,0.30
2008.02.21 03:36:53.637,0.7578,0.758,1.10,0.30
2008.02.21 03:36:53.837,0.7578,0.758,1.10,0.30
2008.02.21 03:36:54.034,0.7578,0.758,0.40,0.30
2008.02.21 03:36:54.233,0.75775,0.758,7.20,0.30
2008.02.21 03:36:54.432,0.75775,0.758,0.80,0.30
2008.02.21 03:36:54.869,0.75775,0.758,0.80,0.30
2008.02.21 03:36:56.198,0.75775,0.758,0.80,0.30
2008.02.21 03:36:56.414,0.75775,0.758,0.80,0.30
2008.02.21 03:36:56.720,0.75775,0.758,0.80,0.30
2008.02.21 03:36:56.893,0.75775,0.758,0.80,0.30
2008.02.21 03:36:57.066,0.75775,0.758,0.80,0.30
2008.02.21 03:36:57.240,0.75775,0.758,0.80,0.30
2008.02.21 03:36:57.413,0.75775,0.758,4.80,0.30
2008.02.21 03:36:57.586,0.7578,0.758,0.40,0.30
2008.02.21 03:36:57.881,0.7578,0.758,0.40,0.30
2008.02.21 03:36:58.174,0.7578,0.758,0.40,0.30
2008.02.21 03:36:58.610,0.7578,0.758,0.40,0.30
2008.02.21 03:36:58.934,0.7578,0.758,0.40,0.30
2008.02.21 03:36:59.974,0.7578,0.758,0.40,0.30
2008.02.21 03:37:01.426,0.7578,0.758,0.40,0.30
2008.02.21 03:37:04.209,0.7578,0.758,0.40,0.30
2008.02.21 03:37:05.654,0.7578,0.758,0.40,0.30
2008.02.21 03:37:06.906,0.7578,0.758,0.40,0.30
2008.02.21 03:37:14.081,0.7578,0.758,0.40,0.30
2008.02.21 03:37:14.415,0.7578,0.758,0.40,0.30
2008.02.21 03:37:14.523,0.7578,0.758,1.10,0.30
2008.02.21 03:37:14.644,0.7578,0.758,1.10,0.30
2008.02.21 03:37:14.753,0.7578,0.758,1.10,0.30
2008.02.21 03:37:14.949,0.7578,0.758,1.10,0.30
2008.02.21 03:37:15.921,0.7578,0.758,1.10,0.30
2008.02.21 03:37:19.148,0.7578,0.758,1.10,0.30
2008.02.21 03:37:19.232,0.7578,0.758,1.10,0.30
2008.02.21 03:37:19.406,0.7578,0.758,1.10,0.30
2008.02.21 03:37:19.652,0.7578,0.758,1.10,0.30
2008.02.21 03:37:19.897,0.7579,0.75805,0.40,0.70
2008.02.21 03:37:20.143,0.7579,0.75805,0.40,4.80
2008.02.21 03:37:20.423,0.7579,0.75805,0.40,4.80
2008.02.21 03:37:20.666,0.7578,0.758,1.10,0.30
2008.02.21 03:37:20.830,0.7579,0.75805,0.40,8.80
2008.02.21 03:37:20.993,0.7579,0.75805,0.40,4.80
2008.02.21 03:37:21.173,0.7579,0.75805,0.40,4.80
2008.02.21 03:37:21.935,0.7579,0.75805,0.40,4.80
2008.02.21 03:37:24.115,0.7579,0.75805,0.40,4.80
2008.02.21 03:37:24.233,0.7579,0.75805,0.40,4.80
2008.02.21 03:37:24.351,0.7578,0.758,1.10,0.30
2008.02.21 03:37:24.470,0.7578,0.758,1.10,0.30
2008.02.21 03:37:36.205,0.7578,0.758,1.10,0.30
2008.02.21 03:37:46.391,0.7578,0.758,1.10,0.30
2008.02.21 03:37:55.190,0.7578,0.758,0.70,0.30
2008.02.21 03:38:00.631,0.7578,0.758,0.70,0.30
2008.02.21 03:38:08.503,0.7578,0.758,0.60,0.30
2008.02.21 03:38:08.612,0.7578,0.758,0.50,0.30
2008.02.21 03:38:08.721,0.75785,0.758,0.80,0.30
2008.02.21 03:38:08.830,0.75785,0.758,0.80,0.30
2008.02.21 03:38:08.948,0.75785,0.758,0.80,0.30
2008.02.21 03:38:09.126,0.75785,0.758,0.80,0.30
2008.02.21 03:38:09.274,0.75785,0.758,0.80,0.30
2008.02.21 03:38:09.608,0.75785,0.758,0.80,0.30
2008.02.21 03:38:09.942,0.7578,0.758,0.80,0.30
2008.02.21 03:38:10.735,0.7578,0.758,0.90,0.30
2008.02.21 03:38:11.455,0.7578,0.758,0.60,0.30
2008.02.21 03:38:16.470,0.7578,0.758,0.70,0.30
2008.02.21 03:38:20.656,0.7578,0.758,0.60,0.30
2008.02.21 03:38:30.426,0.7578,0.758,0.90,0.30
2008.02.21 03:38:30.629,0.7578,0.758,0.60,0.30
2008.02.21 03:38:30.791,0.7578,0.758,0.90,0.30
2008.02.21 03:38:30.955,0.75785,0.758,0.80,0.30
2008.02.21 03:38:31.132,0.75785,0.758,0.80,0.30
2008.02.21 03:38:31.456,0.75785,0.758,0.80,0.30
2008.02.21 03:38:31.863,0.75785,0.758,0.80,0.30
2008.02.21 03:38:32.898,0.75785,0.758,0.80,0.30
2008.02.21 03:38:33.072,0.75785,0.758,0.80,0.30
2008.02.21 03:38:33.220,0.7578,0.758,0.60,0.30
2008.02.21 03:38:33.370,0.7578,0.758,0.80,0.30
2008.02.21 03:38:33.519,0.7578,0.758,0.50,0.30
2008.02.21 03:38:33.667,0.7578,0.758,0.60,0.30
2008.02.21 03:38:34.137,0.7578,0.758,0.80,0.30
2008.02.21 03:38:34.956,0.7578,0.758,0.80,0.30
2008.02.21 03:38:54.965,0.7578,0.758,1.10,0.30
2008.02.21 03:39:05.953,0.7578,0.758,1.10,0.30
2008.02.21 03:39:09.428,0.7578,0.758,1.10,0.30
2008.02.21 03:39:18.905,0.7578,0.758,1.10,0.30
2008.02.21 03:39:20.627,0.7578,0.758,1.10,0.30
2008.02.21 03:39:20.926,0.7578,0.758,1.10,0.30
2008.02.21 03:39:26.930,0.7578,0.758,1.10,0.30
2008.02.21 03:39:26.977,0.7578,0.758,1.10,0.30
2008.02.21 03:39:27.035,0.7579,0.75805,0.40,8.80
2008.02.21 03:39:27.083,0.7579,0.75805,0.40,8.80
2008.02.21 03:39:27.273,0.7579,0.75805,0.40,4.80
2008.02.21 03:39:27.417,0.7579,0.75805,0.40,4.80
2008.02.21 03:39:29.203,0.7579,0.75805,0.40,4.80
2008.02.21 03:39:29.935,0.7579,0.75805,0.40,4.80
2008.02.21 03:39:30.009,0.7579,0.75805,0.40,4.80
2008.02.21 03:39:30.082,0.7578,0.758,1.10,0.30
2008.02.21 03:39:30.155,0.7578,0.758,1.10,0.30
2008.02.21 03:39:30.229,0.7578,0.758,1.10,0.30
2008.02.21 03:39:33.362,0.7578,0.758,1.10,0.30
2008.02.21 03:39:33.877,0.7578,0.758,1.10,0.30
2008.02.21 03:39:40.482,0.7578,0.758,1.10,0.30
2008.02.21 03:39:41.399,0.7578,0.758,0.90,0.30
2008.02.21 03:39:42.528,0.7578,0.758,0.60,0.30
2008.02.21 03:39:42.773,0.7578,0.758,0.60,0.30
2008.02.21 03:39:47.786,0.7578,0.758,0.80,0.30
2008.02.21 03:39:47.927,0.7578,0.758,0.80,0.30
2008.02.21 03:39:58.472,0.7578,0.758,0.80,0.30
2008.02.21 03:40:05.473,0.7578,0.758,0.70,0.30
2008.02.21 03:40:07.161,0.7578,0.758,0.90,0.30
2008.02.21 03:40:07.328,0.7578,0.758,0.60,0.30
2008.02.21 03:40:07.401,0.7578,0.758,0.40,0.30
2008.02.21 03:40:07.533,0.7578,0.758,0.40,0.30
2008.02.21 03:40:07.610,0.7578,0.758,0.40,0.30
2008.02.21 03:40:07.685,0.7578,0.758,0.40,0.30
2008.02.21 03:40:07.759,0.7578,0.758,0.40,0.30
2008.02.21 03:40:08.094,0.7578,0.758,0.40,0.30
2008.02.21 03:40:08.428,0.7578,0.758,0.40,0.30
2008.02.21 03:40:12.974,0.7578,0.758,0.40,0.30
2008.02.21 03:40:15.997,0.7578,0.758,0.40,0.30
2008.02.21 03:40:16.045,0.7578,0.758,0.40,0.30
2008.02.21 03:40:20.934,0.7578,0.758,0.40,0.30
2008.02.21 03:40:42.685,0.7578,0.758,0.40,0.30
2008.02.21 03:40:43.608,0.7578,0.758,0.40,0.30
2008.02.21 03:40:43.761,0.7578,0.758,0.40,0.30
2008.02.21 03:40:54.182,0.7578,0.758,0.40,0.30
2008.02.21 03:40:55.166,0.7578,0.758,1.10,0.30
2008.02.21 03:40:55.311,0.7578,0.758,1.10,0.30
2008.02.21 03:40:55.455,0.7578,0.758,1.10,0.30
2008.02.21 03:40:55.606,0.7578,0.758,1.10,0.30
2008.02.21 03:40:55.750,0.7579,0.75805,0.40,8.80
2008.02.21 03:40:55.894,0.7579,0.75805,0.40,8.80
2008.02.21 03:40:56.036,0.7579,0.75805,0.40,8.80
2008.02.21 03:40:56.180,0.7579,0.75805,0.40,8.80
2008.02.21 03:40:56.433,0.7579,0.75805,0.40,4.80
2008.02.21 03:40:56.686,0.7579,0.75805,0.40,4.80
2008.02.21 03:40:56.940,0.7579,0.75805,0.40,2.40
2008.02.21 03:40:57.203,0.7579,0.75805,0.40,2.40
2008.02.21 03:41:04.095,0.7579,0.75805,0.40,2.40
2008.02.21 03:41:04.133,0.7579,0.75805,0.40,2.40
2008.02.21 03:41:04.215,0.7579,0.75805,0.40,2.40
2008.02.21 03:41:04.936,0.7579,0.75805,0.40,3.20
2008.02.21 03:41:05.163,0.7579,0.75805,0.40,5.60
2008.02.21 03:41:05.241,0.7579,0.75805,0.40,5.60
2008.02.21 03:41:06.164,0.7579,0.75805,0.40,5.60
2008.02.21 03:41:07.291,0.7579,0.75805,0.40,4.80
2008.02.21 03:41:07.352,0.7579,0.75805,0.40,2.40
2008.02.21 03:41:07.554,0.7579,0.75805,0.40,4.80
2008.02.21 03:41:07.623,0.7579,0.75805,0.40,4.80
2008.02.21 03:41:07.683,0.7579,0.75805,0.40,2.40
2008.02.21 03:41:07.741,0.7579,0.75805,0.40,2.40
2008.02.21 03:41:08.576,0.7579,0.75805,0.40,2.40
2008.02.21 03:41:10.882,0.7579,0.75805,0.40,2.40
2008.02.21 03:41:10.951,0.7579,0.75805,0.40,2.40
2008.02.21 03:41:11.015,0.7579,0.75805,0.40,2.40
2008.02.21 03:41:11.079,0.7579,0.75805,0.40,2.40
2008.02.21 03:41:11.175,0.7579,0.75805,0.40,3.20
2008.02.21 03:41:11.248,0.7579,0.75805,0.40,5.60
2008.02.21 03:41:11.369,0.7579,0.75805,0.40,5.60
2008.02.21 03:41:11.567,0.7579,0.75805,0.40,5.60
2008.02.21 03:41:11.676,0.7579,0.75805,0.40,5.60
2008.02.21 03:41:11.882,0.7579,0.75805,0.40,5.60
2008.02.21 03:41:12.199,0.7579,0.75805,0.40,5.60
2008.02.21 03:41:12.599,0.7579,0.75805,0.40,5.60
2008.02.21 03:41:33.962,0.7579,0.75805,0.40,4.80
2008.02.21 03:41:34.162,0.7579,0.75805,0.40,4.80
2008.02.21 03:41:34.350,0.7579,0.75805,0.40,4.80
2008.02.21 03:41:34.888,0.7579,0.75805,0.40,4.80
2008.02.21 03:41:35.079,0.7579,0.75805,0.40,2.40
2008.02.21 03:41:35.267,0.7579,0.75805,0.40,2.40
2008.02.21 03:41:35.555,0.7579,0.75805,0.40,2.40
2008.02.21 03:41:35.809,0.7579,0.75805,0.40,2.40
2008.02.21 03:41:36.063,0.7579,0.75805,0.40,2.40
2008.02.21 03:41:36.317,0.7579,0.75805,0.70,2.40
2008.02.21 03:41:36.515,0.7579,0.75805,0.60,2.40
2008.02.21 03:41:36.713,0.7579,0.75805,1.10,2.40
2008.02.21 03:41:37.163,0.7579,0.75805,1.10,2.40
2008.02.21 03:41:37.764,0.7579,0.7581,1.10,3.40
2008.02.21 03:41:38.396,0.7579,0.7581,1.10,3.40
2008.02.21 03:41:38.554,0.7579,0.7581,0.40,3.40
2008.02.21 03:41:38.714,0.7579,0.7581,0.40,3.40
2008.02.21 03:41:38.873,0.7579,0.75805,0.40,2.40
2008.02.21 03:41:39.032,0.7579,0.75805,0.40,2.40
2008.02.21 03:41:39.190,0.7579,0.75805,0.40,2.40
2008.02.21 03:41:39.473,0.7579,0.75805,0.40,2.40
2008.02.21 03:41:40.173,0.7579,0.75805,0.40,2.40
2008.02.21 03:41:40.443,0.7579,0.75805,0.40,2.40
2008.02.21 03:41:40.901,0.7579,0.75805,1.10,2.40
2008.02.21 03:41:41.020,0.7579,0.75805,1.10,2.40
2008.02.21 03:41:41.138,0.7579,0.75805,1.10,2.40
2008.02.21 03:41:41.257,0.7579,0.7581,1.10,1.00
2008.02.21 03:41:41.405,0.7579,0.7581,1.10,1.00
2008.02.21 03:41:41.703,0.7579,0.7581,1.10,1.00
2008.02.21 03:41:42.001,0.7579,0.7581,1.10,1.00
2008.02.21 03:41:42.300,0.7579,0.7581,1.10,3.40
2008.02.21 03:41:42.685,0.7579,0.7581,1.10,1.00
2008.02.21 03:41:42.839,0.7579,0.7581,1.10,1.00
2008.02.21 03:41:43.099,0.7579,0.7581,1.10,3.40
2008.02.21 03:41:43.253,0.7579,0.7581,1.10,1.00
2008.02.21 03:41:43.407,0.7579,0.7581,1.10,1.00
2008.02.21 03:41:43.937,0.7579,0.7581,1.10,3.40
2008.02.21 03:41:49.767,0.7579,0.7581,1.10,3.40
2008.02.21 03:41:50.472,0.7579,0.7581,1.10,3.40
2008.02.21 03:41:51.272,0.7579,0.7581,1.10,3.40
2008.02.21 03:41:57.724,0.7579,0.7581,1.10,3.40
2008.02.21 03:41:57.900,0.7579,0.7581,0.40,3.40
2008.02.21 03:41:57.995,0.7579,0.7581,0.40,3.40
2008.02.21 03:41:58.083,0.7579,0.75805,0.40,2.40
2008.02.21 03:41:58.172,0.7579,0.75805,0.40,2.40
2008.02.21 03:41:58.260,0.7579,0.75805,0.40,2.40
2008.02.21 03:41:58.348,0.7579,0.75805,0.40,2.40
2008.02.21 03:41:58.437,0.7579,0.75805,0.40,2.40
2008.02.21 03:41:58.726,0.7579,0.75805,0.40,2.40
2008.02.21 03:41:58.814,0.7579,0.75805,0.40,2.40
2008.02.21 03:41:58.924,0.7579,0.75805,0.40,2.40
2008.02.21 03:41:59.062,0.7579,0.75805,0.40,2.40
2008.02.21 03:41:59.395,0.7579,0.75805,0.40,2.40
2008.02.21 03:41:59.729,0.7579,0.75805,0.40,2.40
2008.02.21 03:42:00.063,0.7579,0.75805,0.40,4.80
2008.02.21 03:42:00.227,0.7579,0.75805,0.40,4.80
2008.02.21 03:42:00.390,0.7579,0.75805,0.40,4.80
2008.02.21 03:42:00.604,0.7579,0.75805,0.40,2.40
2008.02.21 03:42:00.767,0.7579,0.75805,0.40,2.40
2008.02.21 03:42:00.931,0.7579,0.75805,0.40,2.40
2008.02.21 03:42:01.094,0.7579,0.75805,0.40,4.80
2008.02.21 03:42:01.333,0.7579,0.75805,0.40,5.60
2008.02.21 03:42:01.572,0.7579,0.75805,0.40,5.60
2008.02.21 03:42:01.811,0.7579,0.75805,0.40,3.20
2008.02.21 03:42:02.049,0.7579,0.75805,0.40,3.20
2008.02.21 03:42:02.288,0.7579,0.75805,0.40,3.20
2008.02.21 03:42:02.486,0.7579,0.75805,0.40,3.20
2008.02.21 03:42:03.720,0.7579,0.75805,0.40,5.60
2008.02.21 03:42:04.211,0.7579,0.75805,0.40,5.60
2008.02.21 03:42:05.127,0.7579,0.75805,0.40,5.60
2008.02.21 03:42:06.163,0.7579,0.75805,0.40,5.60
2008.02.21 03:42:11.704,0.7579,0.75805,0.40,5.60
2008.02.21 03:42:27.456,0.7579,0.75805,0.40,5.60
2008.02.21 03:42:30.268,0.7579,0.75805,0.40,5.60
2008.02.21 03:42:30.479,0.7579,0.75805,0.40,4.80
2008.02.21 03:42:30.689,0.7579,0.75805,0.40,4.80
2008.02.21 03:42:30.872,0.7579,0.75805,0.40,4.80
2008.02.21 03:42:31.055,0.7579,0.75805,0.40,4.80
2008.02.21 03:42:31.426,0.7579,0.75805,0.40,4.80
2008.02.21 03:42:32.231,0.7579,0.75805,0.40,4.80
2008.02.21 03:42:32.370,0.7579,0.75805,0.40,4.80
2008.02.21 03:42:32.520,0.7579,0.75805,0.40,2.40
2008.02.21 03:42:32.676,0.7579,0.75805,0.40,2.40
2008.02.21 03:42:34.149,0.7579,0.75805,0.40,2.40
2008.02.21 03:42:34.383,0.7579,0.75805,0.40,2.40
2008.02.21 03:42:34.617,0.7579,0.75805,0.40,4.80
2008.02.21 03:42:34.850,0.7579,0.75805,0.40,4.80
2008.02.21 03:42:34.999,0.7579,0.75805,0.40,4.80
2008.02.21 03:42:35.153,0.7579,0.75805,0.40,4.80
2008.02.21 03:42:35.394,0.7579,0.75805,0.40,4.80
2008.02.21 03:42:35.570,0.7579,0.758,0.40,2.40
2008.02.21 03:42:35.868,0.7579,0.75805,0.40,4.80
2008.02.21 03:42:36.252,0.7579,0.75805,0.40,4.80
2008.02.21 03:42:42.027,0.7579,0.75805,0.40,4.80
2008.02.21 03:42:43.168,0.7579,0.75805,0.40,4.80
2008.02.21 03:42:51.073,0.7579,0.75805,0.40,4.80
2008.02.21 03:42:51.197,0.7579,0.75805,0.40,4.80
2008.02.21 03:42:51.321,0.7579,0.75805,0.40,2.40
2008.02.21 03:42:51.445,0.7579,0.75805,0.40,2.40
2008.02.21 03:42:51.720,0.7579,0.75805,0.40,2.40
2008.02.21 03:42:52.114,0.7579,0.75805,0.40,2.40
2008.02.21 03:42:53.919,0.7579,0.75805,0.40,2.40
2008.02.21 03:42:53.982,0.7579,0.75805,0.40,2.40
2008.02.21 03:42:54.065,0.7579,0.75805,0.40,2.40
2008.02.21 03:42:54.142,0.7579,0.75805,0.40,2.40
2008.02.21 03:42:54.288,0.7579,0.75805,0.40,2.40
2008.02.21 03:42:54.433,0.7579,0.75805,0.40,4.80
2008.02.21 03:42:54.575,0.7579,0.75805,0.40,4.80
2008.02.21 03:42:54.719,0.7579,0.75805,0.40,4.80
2008.02.21 03:42:54.800,0.7579,0.75805,0.40,4.80
2008.02.21 03:42:54.964,0.7579,0.75805,0.40,4.80
2008.02.21 03:42:55.161,0.7579,0.75805,0.40,4.80
2008.02.21 03:42:57.930,0.7579,0.75805,0.40,4.80
2008.02.21 03:42:58.919,0.7579,0.75805,0.40,4.80
2008.02.21 03:43:00.319,0.7579,0.75805,0.40,4.80
2008.02.21 03:43:00.450,0.7579,0.75805,0.40,4.80
2008.02.21 03:43:00.578,0.7579,0.75805,0.40,4.80
2008.02.21 03:43:00.705,0.7579,0.75805,0.40,4.80
2008.02.21 03:43:01.695,0.7579,0.75805,0.40,4.80
2008.02.21 03:43:04.253,0.7579,0.75805,0.40,4.80
2008.02.21 03:43:04.463,0.7579,0.75805,0.40,4.80
2008.02.21 03:43:04.546,0.7578,0.758,1.10,0.30
2008.02.21 03:43:04.711,0.7578,0.758,1.10,0.30
2008.02.21 03:43:04.939,0.7578,0.758,1.10,0.30
2008.02.21 03:43:09.429,0.7578,0.758,1.10,0.30
2008.02.21 03:43:19.550,0.7578,0.758,1.10,0.30
2008.02.21 03:43:21.837,0.7578,0.758,1.10,0.30
2008.02.21 03:43:27.278,0.7578,0.758,1.10,0.30
2008.02.21 03:43:27.442,0.7578,0.758,1.10,0.30
2008.02.21 03:43:27.537,0.7578,0.758,1.10,0.30
2008.02.21 03:43:27.647,0.7578,0.758,0.40,0.30
2008.02.21 03:43:27.710,0.7578,0.758,0.40,0.30
2008.02.21 03:43:27.774,0.7578,0.758,0.40,0.30
2008.02.21 03:43:27.880,0.7578,0.758,0.40,0.30
2008.02.21 03:43:27.949,0.7578,0.758,0.40,0.30
2008.02.21 03:43:28.054,0.7578,0.758,0.40,0.30
2008.02.21 03:43:28.117,0.7578,0.758,0.40,0.30
2008.02.21 03:43:28.366,0.7578,0.758,0.40,0.30
2008.02.21 03:43:28.679,0.7578,0.758,0.40,0.30
2008.02.21 03:43:28.929,0.75775,0.758,4.80,0.30
2008.02.21 03:43:29.177,0.75775,0.758,4.80,0.30
2008.02.21 03:43:29.346,0.75775,0.758,4.80,2.60
2008.02.21 03:43:29.515,0.75775,0.758,4.80,2.60
2008.02.21 03:43:29.683,0.75775,0.758,4.80,2.60
2008.02.21 03:43:29.852,0.75775,0.758,0.80,2.60
2008.02.21 03:43:30.021,0.75775,0.758,0.80,2.60
2008.02.21 03:43:31.131,0.75775,0.758,0.80,2.60
2008.02.21 03:43:31.366,0.7578,0.758,0.40,2.60
2008.02.21 03:43:31.505,0.7578,0.758,0.40,2.60
2008.02.21 03:43:31.656,0.7578,0.758,0.40,2.60
2008.02.21 03:43:31.963,0.7578,0.758,0.40,2.60
2008.02.21 03:43:32.365,0.7578,0.758,0.40,2.60
2008.02.21 03:43:49.648,0.75775,0.758,4.80,2.60
2008.02.21 03:43:49.932,0.75775,0.758,4.80,2.60
2008.02.21 03:43:50.030,0.75775,0.758,4.00,2.60
2008.02.21 03:43:50.129,0.7577,0.758,3.50,2.60
2008.02.21 03:43:50.230,0.75775,0.758,0.80,2.60
2008.02.21 03:43:50.375,0.75775,0.758,0.80,2.60
2008.02.21 03:43:50.475,0.75775,0.758,0.80,2.60
2008.02.21 03:43:50.572,0.75775,0.758,0.80,2.60
2008.02.21 03:43:50.682,0.75775,0.758,0.80,2.60
2008.02.21 03:43:50.770,0.75775,0.758,0.80,2.60
2008.02.21 03:43:51.071,0.75775,0.758,0.80,2.60
2008.02.21 03:43:51.698,0.75775,0.758,0.80,2.60
2008.02.21 03:43:53.038,0.75775,0.758,0.80,2.60
2008.02.21 03:43:53.182,0.7578,0.758,0.40,2.60
2008.02.21 03:43:53.325,0.7578,0.758,0.40,2.60
2008.02.21 03:43:53.462,0.7578,0.758,0.40,2.60
2008.02.21 03:43:53.603,0.7578,0.758,0.40,2.60
2008.02.21 03:43:53.736,0.7578,0.758,0.40,2.60
2008.02.21 03:43:53.904,0.7578,0.758,0.40,2.60
2008.02.21 03:43:57.447,0.7578,0.758,0.40,0.30
2008.02.21 03:43:57.511,0.7578,0.758,0.40,0.30
2008.02.21 03:43:57.574,0.7578,0.758,0.40,0.30
2008.02.21 03:43:57.708,0.7578,0.758,0.40,0.30
2008.02.21 03:43:57.908,0.7578,0.758,0.40,0.30
2008.02.21 03:43:58.382,0.7578,0.758,0.40,0.30
2008.02.21 03:43:58.479,0.7578,0.758,0.40,2.60
2008.02.21 03:43:58.670,0.7578,0.758,0.40,2.60
2008.02.21 03:43:58.849,0.7578,0.758,0.40,2.60
2008.02.21 03:43:59.037,0.7578,0.758,0.40,2.60
2008.02.21 03:43:59.205,0.7578,0.758,0.40,0.30
2008.02.21 03:43:59.384,0.7578,0.758,0.40,0.30
2008.02.21 03:43:59.605,0.7578,0.758,0.40,0.30
2008.02.21 03:43:59.934,0.7578,0.758,0.40,0.30
2008.02.21 03:43:59.946,0.7578,0.758,0.40,0.30
2008.02.21 03:44:00.182,0.7578,0.758,0.40,0.30
2008.02.21 03:44:00.432,0.7578,0.758,0.40,0.30
2008.02.21 03:44:00.693,0.7578,0.758,0.40,0.70
2008.02.21 03:44:00.999,0.7578,0.758,0.40,0.30
2008.02.21 03:44:01.242,0.7578,0.758,0.40,0.30
2008.02.21 03:44:04.436,0.7578,0.758,0.40,0.30
2008.02.21 03:44:06.445,0.7578,0.758,0.40,0.30
2008.02.21 03:44:08.494,0.7578,0.758,0.40,0.30
2008.02.21 03:44:08.695,0.7578,0.758,0.40,0.30
2008.02.21 03:44:08.949,0.7578,0.758,0.40,0.30
2008.02.21 03:44:09.584,0.7578,0.758,0.40,0.30
2008.02.21 03:44:26.939,0.7578,0.758,0.40,0.30
2008.02.21 03:44:27.074,0.7578,0.758,0.40,2.60
2008.02.21 03:44:27.207,0.7578,0.758,0.40,2.60
2008.02.21 03:44:27.576,0.7578,0.758,0.40,0.30
2008.02.21 03:44:27.740,0.7578,0.758,0.40,0.30
2008.02.21 03:44:27.930,0.7578,0.758,0.40,0.30
2008.02.21 03:44:28.168,0.7578,0.758,0.40,0.30
2008.02.21 03:44:28.331,0.7578,0.758,0.40,0.30
2008.02.21 03:44:28.504,0.7578,0.758,0.40,0.30
2008.02.21 03:44:28.685,0.7578,0.758,0.40,0.30
2008.02.21 03:44:28.944,0.7578,0.758,0.40,2.60
2008.02.21 03:44:36.002,0.7578,0.758,0.40,2.60
2008.02.21 03:44:36.057,0.7578,0.758,0.40,2.60
2008.02.21 03:44:36.137,0.7578,0.758,0.40,2.60
2008.02.21 03:44:36.215,0.7578,0.758,0.40,2.60
2008.02.21 03:44:36.358,0.7578,0.758,0.40,2.60
2008.02.21 03:44:37.393,0.7578,0.758,0.40,0.30
2008.02.21 03:44:37.512,0.7578,0.758,0.40,0.30
2008.02.21 03:44:37.727,0.7578,0.758,0.40,0.30
2008.02.21 03:44:43.996,0.7578,0.758,0.40,0.30
2008.02.21 03:44:44.194,0.7578,0.758,0.40,0.30
2008.02.21 03:44:44.393,0.7578,0.758,0.40,0.30
2008.02.21 03:44:44.601,0.7578,0.758,0.40,0.30
2008.02.21 03:44:44.800,0.7578,0.758,0.40,1.00
2008.02.21 03:44:45.019,0.7578,0.758,0.40,1.00
2008.02.21 03:44:45.684,0.7578,0.758,0.40,1.00
2008.02.21 03:44:51.561,0.7578,0.758,0.40,1.00
2008.02.21 03:44:51.594,0.7578,0.758,0.40,1.00
2008.02.21 03:44:51.889,0.7578,0.758,0.40,1.00
2008.02.21 03:44:52.704,0.7578,0.758,0.40,1.00
2008.02.21 03:44:56.053,0.7578,0.758,0.40,0.60
2008.02.21 03:44:57.487,0.7578,0.758,0.40,0.70
2008.02.21 03:44:58.410,0.7578,0.758,0.40,0.80
2008.02.21 03:44:58.730,0.7578,0.758,0.40,0.60
2008.02.21 03:45:03.294,0.7578,0.758,0.40,0.70
2008.02.21 03:45:03.402,0.7578,0.758,0.40,0.90
2008.02.21 03:45:03.702,0.7578,0.758,0.40,0.90
2008.02.21 03:45:05.953,0.7578,0.758,0.40,0.80
2008.02.21 03:45:06.163,0.7578,0.758,0.40,0.70
2008.02.21 03:45:06.371,0.7578,0.758,0.40,0.90
2008.02.21 03:45:07.453,0.7578,0.758,0.40,0.90
2008.02.21 03:45:11.138,0.7578,0.758,0.40,0.70
2008.02.21 03:45:29.798,0.7578,0.758,0.40,0.70
2008.02.21 03:45:30.013,0.7578,0.758,0.40,0.80
2008.02.21 03:45:37.138,0.7578,0.758,0.40,0.80
2008.02.21 03:45:57.980,0.7578,0.758,0.40,2.60
2008.02.21 03:45:58.065,0.7578,0.758,0.40,2.60
2008.02.21 03:45:58.150,0.7578,0.758,0.40,2.60
2008.02.21 03:45:58.234,0.7578,0.758,0.40,2.60
2008.02.21 03:45:58.317,0.7578,0.758,0.40,2.60
2008.02.21 03:45:58.406,0.7578,0.758,0.40,2.60
2008.02.21 03:45:58.571,0.7578,0.758,0.40,0.30
2008.02.21 03:45:58.706,0.7578,0.758,0.40,0.30
2008.02.21 03:45:58.884,0.7578,0.758,0.40,0.30
2008.02.21 03:45:59.293,0.7578,0.758,0.40,0.30
2008.02.21 03:45:59.606,0.7578,0.758,0.40,0.30
2008.02.21 03:45:59.920,0.7578,0.758,0.40,1.00
2008.02.21 03:46:00.459,0.7578,0.758,0.40,1.00
2008.02.21 03:46:00.661,0.7578,0.758,0.40,1.00
2008.02.21 03:46:01.435,0.7578,0.758,0.40,1.00
2008.02.21 03:46:02.045,0.7578,0.758,0.40,3.40
2008.02.21 03:46:07.196,0.7578,0.758,0.40,0.50
2008.02.21 03:46:07.383,0.7578,0.758,0.40,0.60
2008.02.21 03:46:07.690,0.7578,0.758,0.40,0.70
2008.02.21 03:46:12.155,0.7578,0.758,0.40,0.90
2008.02.21 03:46:12.190,0.7578,0.758,0.40,0.70
2008.02.21 03:46:12.405,0.7578,0.758,0.40,0.50
2008.02.21 03:46:12.685,0.7578,0.758,0.40,0.60
2008.02.21 03:46:12.886,0.7578,0.758,0.40,0.30
2008.02.21 03:46:13.091,0.7578,0.758,0.40,0.30
2008.02.21 03:46:13.705,0.7578,0.758,0.40,0.30
2008.02.21 03:46:15.405,0.7578,0.758,0.40,0.30
2008.02.21 03:46:16.399,0.7578,0.758,0.40,0.30
2008.02.21 03:46:16.479,0.7578,0.758,1.10,0.30
2008.02.21 03:46:16.654,0.7578,0.758,1.10,0.30
2008.02.21 03:46:16.733,0.7578,0.758,1.10,0.30
2008.02.21 03:46:16.949,0.7578,0.758,0.40,0.30
2008.02.21 03:46:17.027,0.7578,0.758,0.40,0.30
2008.02.21 03:46:17.228,0.7578,0.758,0.40,0.30
2008.02.21 03:46:17.492,0.7578,0.758,0.40,0.30
2008.02.21 03:46:23.086,0.7578,0.758,0.40,0.30
2008.02.21 03:46:23.591,0.7578,0.758,0.40,0.30
2008.02.21 03:46:23.717,0.7578,0.758,0.40,0.30
2008.02.21 03:46:23.827,0.7578,0.758,0.40,0.60
2008.02.21 03:46:23.977,0.7578,0.758,0.40,0.70
2008.02.21 03:46:28.369,0.7578,0.758,0.40,0.60
2008.02.21 03:46:28.557,0.7578,0.758,0.40,0.30
2008.02.21 03:46:28.745,0.7578,0.758,0.40,0.30
2008.02.21 03:46:29.009,0.7578,0.758,0.40,0.30
2008.02.21 03:46:43.720,0.7578,0.758,0.40,0.30
2008.02.21 03:46:58.493,0.7578,0.758,0.40,0.30
2008.02.21 03:46:59.255,0.7578,0.758,0.40,0.30
2008.02.21 03:46:59.288,0.7578,0.758,0.40,0.30
2008.02.21 03:46:59.422,0.7578,0.758,1.10,0.30
2008.02.21 03:46:59.727,0.7578,0.758,1.10,0.30
2008.02.21 03:47:01.887,0.7578,0.758,1.10,0.30
2008.02.21 03:47:07.592,0.7578,0.758,1.10,0.30
2008.02.21 03:47:07.688,0.7578,0.758,1.10,0.30
2008.02.21 03:47:16.292,0.7578,0.758,1.10,0.30
2008.02.21 03:47:29.297,0.7578,0.758,1.10,0.30
2008.02.21 03:47:47.676,0.7578,0.758,1.10,0.30
2008.02.21 03:47:47.709,0.7578,0.758,1.10,0.30
2008.02.21 03:47:47.763,0.7578,0.758,1.10,0.30
2008.02.21 03:47:47.899,0.7578,0.758,1.10,0.30
2008.02.21 03:47:47.970,0.7578,0.758,1.10,0.30
2008.02.21 03:47:48.214,0.75785,0.758,0.80,0.30
2008.02.21 03:47:48.395,0.75785,0.758,0.80,0.30
2008.02.21 03:47:48.559,0.7579,0.75805,0.40,8.80
2008.02.21 03:47:48.733,0.7579,0.75805,0.40,6.40
2008.02.21 03:47:48.933,0.7579,0.75805,0.40,6.40
2008.02.21 03:47:49.106,0.7579,0.75805,0.40,2.40
2008.02.21 03:47:49.341,0.7579,0.75805,0.40,2.40
2008.02.21 03:47:49.574,0.7579,0.75805,0.40,4.80
2008.02.21 03:47:50.266,0.7579,0.75805,0.40,4.80
2008.02.21 03:47:50.500,0.75785,0.758,4.00,0.30
2008.02.21 03:47:50.584,0.75785,0.758,4.00,0.30
2008.02.21 03:47:50.769,0.75785,0.758,4.00,0.30
2008.02.21 03:47:50.853,0.7578,0.758,3.50,0.30
2008.02.21 03:47:50.936,0.7578,0.758,3.50,0.30
2008.02.21 03:47:51.019,0.7578,0.758,3.50,0.30
2008.02.21 03:47:51.200,0.7578,0.758,3.50,0.30
2008.02.21 03:47:51.545,0.7578,0.758,1.10,0.30
2008.02.21 03:47:51.763,0.7578,0.758,1.10,0.30
2008.02.21 03:47:51.982,0.7578,0.758,1.10,0.30
2008.02.21 03:47:59.929,0.7578,0.758,1.10,0.30
2008.02.21 03:48:00.012,0.7578,0.758,1.10,0.30
2008.02.21 03:48:00.591,0.7578,0.758,1.10,0.30
2008.02.21 03:48:01.682,0.7578,0.758,1.10,0.30
2008.02.21 03:48:02.789,0.7578,0.758,1.10,0.30
2008.02.21 03:48:03.224,0.7578,0.758,1.10,0.30
2008.02.21 03:48:03.424,0.7578,0.758,1.10,0.30
2008.02.21 03:48:03.548,0.7578,0.758,1.10,0.30
2008.02.21 03:48:03.732,0.7578,0.758,1.10,0.30
2008.02.21 03:48:06.602,0.7578,0.758,1.10,0.30
2008.02.21 03:48:07.690,0.7578,0.758,1.10,0.30
2008.02.21 03:48:07.990,0.7578,0.758,1.10,0.30
2008.02.21 03:48:11.961,0.7578,0.758,1.10,0.30
2008.02.21 03:48:12.984,0.7578,0.758,1.10,0.30
2008.02.21 03:48:14.935,0.7578,0.758,1.10,0.30
2008.02.21 03:48:16.167,0.7578,0.758,1.10,0.30
2008.02.21 03:48:17.447,0.7578,0.758,1.10,0.30
2008.02.21 03:48:18.474,0.7578,0.758,1.10,0.30
2008.02.21 03:48:19.193,0.7578,0.758,1.10,0.30
2008.02.21 03:48:25.475,0.7578,0.758,0.90,0.30
2008.02.21 03:48:27.645,0.7578,0.758,0.60,0.30
2008.02.21 03:48:30.436,0.7578,0.758,0.80,0.30
2008.02.21 03:48:30.900,0.7578,0.758,0.60,0.30
2008.02.21 03:48:31.730,0.7578,0.758,0.60,0.30
2008.02.21 03:48:31.972,0.7578,0.758,0.90,0.30
2008.02.21 03:48:32.648,0.7578,0.758,0.80,0.30
2008.02.21 03:48:36.857,0.7578,0.758,0.90,0.30
2008.02.21 03:48:36.949,0.7578,0.758,0.80,0.30
2008.02.21 03:48:37.006,0.7578,0.758,0.40,0.30
2008.02.21 03:48:37.263,0.7578,0.758,0.40,0.30
2008.02.21 03:48:37.727,0.7578,0.758,0.40,0.30
2008.02.21 03:48:38.654,0.7578,0.758,0.40,0.30
2008.02.21 03:48:42.511,0.7578,0.758,0.40,0.30
2008.02.21 03:49:01.432,0.7578,0.758,0.40,0.30
2008.02.21 03:49:01.616,0.7578,0.758,0.40,0.30
2008.02.21 03:49:01.800,0.7578,0.758,0.40,0.30
2008.02.21 03:49:01.953,0.7578,0.758,0.40,0.30
2008.02.21 03:49:02.071,0.7578,0.758,0.40,0.30
2008.02.21 03:49:02.190,0.75775,0.758,8.80,0.30
2008.02.21 03:49:02.308,0.75775,0.758,6.40,0.30
2008.02.21 03:49:02.492,0.75775,0.758,6.40,0.30
2008.02.21 03:49:02.610,0.75775,0.758,6.40,0.70
2008.02.21 03:49:02.728,0.75775,0.758,6.40,0.30
2008.02.21 03:49:02.876,0.75775,0.758,8.80,0.30
2008.02.21 03:49:03.071,0.75775,0.758,2.40,0.30
2008.02.21 03:49:03.222,0.75775,0.758,4.80,0.30
2008.02.21 03:49:04.940,0.75775,0.758,4.80,0.30
2008.02.21 03:49:05.931,0.75775,0.758,4.80,0.30
2008.02.21 03:49:06.400,0.75775,0.758,4.80,0.30
2008.02.21 03:49:06.512,0.7578,0.758,0.40,0.30
2008.02.21 03:49:06.550,0.7578,0.758,0.40,0.30
2008.02.21 03:49:06.652,0.7578,0.758,0.40,0.30
2008.02.21 03:49:06.949,0.7578,0.758,0.40,0.30
2008.02.21 03:49:12.970,0.7578,0.758,0.40,0.30
2008.02.21 03:49:22.404,0.7578,0.758,0.40,0.30
2008.02.21 03:49:24.592,0.7578,0.758,0.40,0.30
2008.02.21 03:49:24.945,0.7578,0.758,0.40,0.30
2008.02.21 03:49:25.899,0.7578,0.758,0.40,0.30
2008.02.21 03:49:29.553,0.7578,0.758,0.40,0.30
2008.02.21 03:49:34.564,0.7578,0.758,0.40,0.30
2008.02.21 03:49:39.553,0.7578,0.758,0.40,0.30
2008.02.21 03:49:39.928,0.7578,0.758,0.40,0.30
2008.02.21 03:49:40.005,0.7578,0.758,0.40,0.30
2008.02.21 03:49:40.483,0.7578,0.758,0.40,0.30
2008.02.21 03:49:40.692,0.7578,0.758,0.40,0.30
2008.02.21 03:49:41.205,0.7578,0.758,0.40,0.30
2008.02.21 03:49:43.010,0.7578,0.758,0.40,0.30
2008.02.21 03:49:43.233,0.7578,0.758,0.40,0.30
2008.02.21 03:49:43.441,0.7578,0.758,0.40,0.30
2008.02.21 03:49:43.559,0.7578,0.758,0.40,0.30
2008.02.21 03:49:44.257,0.7578,0.758,0.40,0.30
2008.02.21 03:49:48.128,0.7578,0.758,0.40,0.30
2008.02.21 03:49:49.003,0.7578,0.758,0.40,0.30
2008.02.21 03:49:49.226,0.7578,0.758,0.40,0.30
2008.02.21 03:49:49.555,0.7578,0.758,0.40,0.30
2008.02.21 03:49:50.243,0.7578,0.758,0.40,0.30
2008.02.21 03:49:51.174,0.7578,0.758,0.40,0.30
2008.02.21 03:49:51.479,0.7578,0.758,0.40,0.30
2008.02.21 03:49:52.198,0.7578,0.758,0.40,0.30
2008.02.21 03:49:54.304,0.7578,0.758,0.40,0.30
2008.02.21 03:49:54.562,0.7578,0.758,0.40,0.30
2008.02.21 03:50:29.077,0.7578,0.758,0.40,0.30
2008.02.21 03:50:33.441,0.7578,0.758,0.40,0.30
2008.02.21 03:50:41.032,0.7578,0.758,0.40,0.30
2008.02.21 03:50:41.102,0.7578,0.758,0.40,0.30
2008.02.21 03:50:48.958,0.7578,0.758,0.40,0.30
2008.02.21 03:50:49.157,0.7578,0.758,0.40,0.30
2008.02.21 03:50:54.143,0.7578,0.758,0.40,0.30
2008.02.21 03:51:14.200,0.7578,0.758,0.40,0.30
2008.02.21 03:51:14.257,0.7578,0.758,0.40,0.30
2008.02.21 03:51:14.317,0.7578,0.758,0.40,0.30
2008.02.21 03:51:14.528,0.7578,0.758,0.40,0.30
2008.02.21 03:51:14.721,0.7578,0.758,0.40,0.30
2008.02.21 03:51:14.748,0.7578,0.758,0.40,0.30
2008.02.21 03:51:14.835,0.75775,0.758,2.40,0.30
2008.02.21 03:51:14.874,0.75775,0.758,2.40,2.60
2008.02.21 03:51:15.261,0.75775,0.758,2.40,2.60
2008.02.21 03:51:18.880,0.75775,0.758,2.40,2.60
2008.02.21 03:51:21.757,0.75775,0.758,6.40,2.60
2008.02.21 03:51:21.805,0.75775,0.758,6.40,2.60
2008.02.21 03:51:21.865,0.7578,0.758,0.40,2.60
2008.02.21 03:51:25.808,0.7578,0.758,0.40,2.60
2008.02.21 03:51:25.943,0.7578,0.758,0.40,2.60
2008.02.21 03:51:26.143,0.7578,0.758,0.40,2.60
2008.02.21 03:51:26.270,0.7578,0.758,0.40,2.60
2008.02.21 03:51:26.440,0.7578,0.758,0.40,2.60
2008.02.21 03:51:26.714,0.7578,0.758,0.40,2.60
2008.02.21 03:51:26.987,0.7578,0.758,0.40,0.30
2008.02.21 03:51:27.261,0.7578,0.758,0.40,0.30
2008.02.21 03:51:27.942,0.7578,0.758,0.40,2.60
2008.02.21 03:51:28.119,0.7578,0.758,0.40,2.60
2008.02.21 03:51:28.299,0.7578,0.758,0.40,0.30
2008.02.21 03:51:29.204,0.7578,0.758,0.40,0.30
2008.02.21 03:51:41.062,0.7578,0.758,0.40,0.30
2008.02.21 03:51:41.291,0.7578,0.758,0.40,0.30
2008.02.21 03:51:41.707,0.7578,0.758,0.40,0.30
2008.02.21 03:51:41.881,0.7578,0.758,0.40,0.30
2008.02.21 03:51:42.125,0.7578,0.758,0.40,0.30
2008.02.21 03:51:42.209,0.7578,0.758,0.40,0.30
2008.02.21 03:51:43.153,0.7578,0.758,0.40,0.30
2008.02.21 03:51:49.047,0.7578,0.758,0.40,0.30
2008.02.21 03:51:49.154,0.7578,0.758,0.40,0.30
2008.02.21 03:51:54.149,0.7578,0.758,0.40,0.30
2008.02.21 03:51:54.453,0.7578,0.758,0.40,0.30
2008.02.21 03:51:56.829,0.7578,0.758,0.40,0.30
2008.02.21 03:51:57.163,0.7578,0.758,0.40,0.30
2008.02.21 03:52:04.494,0.7578,0.758,0.40,0.30
2008.02.21 03:52:08.940,0.7578,0.758,0.40,0.30
2008.02.21 03:52:13.342,0.7578,0.758,0.40,0.30
2008.02.21 03:52:16.460,0.7578,0.758,0.40,0.30
2008.02.21 03:52:18.908,0.7578,0.758,0.40,0.30
2008.02.21 03:52:22.669,0.7578,0.758,0.40,0.30
2008.02.21 03:52:36.889,0.7578,0.758,0.40,0.30
2008.02.21 03:52:37.002,0.7578,0.758,0.40,0.30
2008.02.21 03:52:37.471,0.7578,0.758,0.40,0.30
2008.02.21 03:52:37.970,0.7578,0.758,0.40,0.30
2008.02.21 03:52:38.185,0.7578,0.758,0.40,0.30
2008.02.21 03:52:41.610,0.7578,0.758,0.40,0.30
2008.02.21 03:52:41.723,0.7578,0.758,0.40,2.60
2008.02.21 03:52:41.836,0.7578,0.758,0.40,2.60
2008.02.21 03:52:42.195,0.7578,0.758,0.40,2.60
2008.02.21 03:52:42.399,0.7578,0.758,0.40,2.60
2008.02.21 03:52:49.396,0.7578,0.758,0.40,2.60
2008.02.21 03:52:49.534,0.7578,0.758,0.40,0.30
2008.02.21 03:52:49.703,0.7578,0.758,0.40,0.30
2008.02.21 03:52:50.182,0.7578,0.758,0.40,0.30
2008.02.21 03:52:50.736,0.7578,0.758,0.40,0.30
2008.02.21 03:52:54.424,0.7578,0.758,0.40,0.30
2008.02.21 03:53:01.510,0.7578,0.758,0.40,0.30
2008.02.21 03:53:01.749,0.7578,0.758,0.40,0.30
2008.02.21 03:53:08.072,0.7578,0.758,0.40,0.30
2008.02.21 03:53:31.409,0.7578,0.758,0.40,0.30
2008.02.21 03:53:31.543,0.7578,0.758,0.40,0.30
2008.02.21 03:53:32.741,0.7578,0.758,0.40,0.30
2008.02.21 03:53:33.103,0.7578,0.758,0.40,0.30
2008.02.21 03:53:35.562,0.7578,0.758,0.40,0.30
2008.02.21 03:53:35.996,0.7578,0.758,0.40,0.30
2008.02.21 03:53:36.069,0.7578,0.758,0.40,0.30
2008.02.21 03:53:36.187,0.7578,0.758,0.40,1.00
2008.02.21 03:53:37.204,0.7578,0.758,0.40,1.00
2008.02.21 03:53:39.040,0.7578,0.758,0.40,1.00
2008.02.21 03:53:39.089,0.7578,0.758,0.40,3.40
2008.02.21 03:53:39.158,0.7578,0.758,0.40,3.40
2008.02.21 03:53:39.249,0.7578,0.758,0.40,3.40
2008.02.21 03:53:39.659,0.7578,0.758,0.40,3.40
2008.02.21 03:53:42.062,0.7578,0.758,0.40,3.40
2008.02.21 03:53:42.261,0.7578,0.758,0.40,2.60
2008.02.21 03:53:42.459,0.7578,0.758,0.40,3.40
2008.02.21 03:53:44.011,0.7578,0.758,0.40,1.00
2008.02.21 03:53:44.167,0.7578,0.758,0.40,1.00
2008.02.21 03:53:44.452,0.7578,0.758,0.40,1.00
2008.02.21 03:53:46.986,0.7578,0.758,0.40,1.00
2008.02.21 03:53:47.070,0.7578,0.758,0.40,3.40
2008.02.21 03:53:47.144,0.7578,0.758,0.40,3.40
2008.02.21 03:53:47.514,0.7578,0.758,0.40,3.40
2008.02.21 03:53:47.592,0.7578,0.758,0.40,1.00
2008.02.21 03:53:47.690,0.7578,0.758,0.40,1.00
2008.02.21 03:53:47.762,0.7578,0.758,0.40,1.00
2008.02.21 03:53:47.835,0.7578,0.758,0.40,1.00
2008.02.21 03:53:48.042,0.7578,0.758,0.40,1.00
2008.02.21 03:53:48.106,0.75775,0.758,1.80,1.00
2008.02.21 03:53:50.017,0.75775,0.758,2.50,1.00
2008.02.21 03:53:50.075,0.75775,0.758,1.10,1.00
2008.02.21 03:53:50.143,0.75775,0.758,1.40,3.40
2008.02.21 03:53:50.193,0.75775,0.758,0.50,3.40
2008.02.21 03:53:59.112,0.75775,0.758,1.00,1.00
2008.02.21 03:53:59.156,0.75775,0.758,1.70,1.00
2008.02.21 03:54:25.616,0.75775,0.758,4.80,1.00
2008.02.21 03:54:26.000,0.75775,0.758,4.80,1.00
2008.02.21 03:54:26.110,0.75775,0.7579,4.80,0.30
2008.02.21 03:54:26.199,0.75775,0.7579,4.80,0.30
2008.02.21 03:54:26.253,0.75775,0.7579,4.80,0.30
2008.02.21 03:54:26.307,0.75775,0.7579,4.80,0.30
2008.02.21 03:54:26.409,0.75775,0.7579,4.80,0.30
2008.02.21 03:54:27.334,0.75775,0.7579,4.80,0.30
2008.02.21 03:54:29.276,0.75775,0.7579,4.80,0.30
2008.02.21 03:54:30.038,0.75775,0.7579,4.80,0.30
2008.02.21 03:54:31.404,0.75775,0.7579,4.80,0.30
2008.02.21 03:54:31.713,0.75775,0.7579,4.80,0.30
2008.02.21 03:54:37.607,0.75775,0.7579,4.80,0.30
2008.02.21 03:54:38.971,0.75775,0.7579,4.80,0.30
2008.02.21 03:54:39.209,0.75775,0.7579,4.80,0.30
2008.02.21 03:54:40.241,0.75775,0.7579,1.40,0.30
2008.02.21 03:54:44.153,0.75775,0.7579,2.80,0.30
2008.02.21 03:54:44.564,0.75775,0.7579,0.80,0.30
2008.02.21 03:54:44.662,0.75775,0.7579,2.40,0.30
2008.02.21 03:54:44.965,0.75775,0.7579,2.60,0.30
2008.02.21 03:54:47.938,0.75775,0.7579,2.40,0.30
2008.02.21 03:54:47.992,0.75775,0.7579,0.50,0.30
2008.02.21 03:54:49.438,0.75775,0.7579,1.30,0.30
2008.02.21 03:54:50.890,0.75775,0.7579,0.90,0.30
2008.02.21 03:54:51.174,0.75775,0.7579,2.00,0.30
2008.02.21 03:54:52.082,0.75775,0.7579,2.20,0.30
2008.02.21 03:54:53.136,0.75775,0.7579,1.00,0.30
2008.02.21 03:54:53.295,0.7577,0.7579,0.90,1.00
2008.02.21 03:54:53.592,0.7577,0.7579,1.30,1.00
2008.02.21 03:54:53.761,0.7577,0.7579,1.90,1.00
2008.02.21 03:54:53.930,0.7577,0.7579,1.30,1.00
2008.02.21 03:54:54.099,0.7577,0.7579,2.10,1.00
2008.02.21 03:54:54.268,0.75775,0.7579,2.70,0.30
2008.02.21 03:54:54.478,0.75775,0.7579,1.10,0.30
2008.02.21 03:54:55.145,0.75775,0.7579,0.70,0.30
2008.02.21 03:54:55.379,0.75775,0.7579,1.00,0.30
2008.02.21 03:54:55.613,0.75775,0.7579,1.50,0.30
2008.02.21 03:54:55.716,0.75775,0.7579,1.50,0.30
2008.02.21 03:54:56.996,0.75775,0.7579,0.50,0.30
2008.02.21 03:54:57.918,0.75775,0.7579,2.30,0.30
2008.02.21 03:55:11.031,0.75775,0.7579,4.80,0.30
2008.02.21 03:55:21.911,0.75775,0.7579,4.80,0.30
2008.02.21 03:55:22.019,0.75775,0.7579,4.80,0.30
2008.02.21 03:55:22.239,0.75775,0.7579,4.80,0.30
2008.02.21 03:55:23.320,0.75775,0.7579,2.40,0.30
2008.02.21 03:55:23.514,0.7577,0.7579,3.50,1.00
2008.02.21 03:55:23.709,0.7577,0.7579,3.50,1.00
2008.02.21 03:55:23.857,0.7577,0.7579,3.50,1.00
2008.02.21 03:55:24.015,0.7577,0.7579,3.50,1.00
2008.02.21 03:55:24.261,0.7577,0.7579,3.50,1.00
2008.02.21 03:55:24.411,0.7577,0.7579,3.50,1.00
2008.02.21 03:55:24.559,0.7577,0.7579,3.50,0.30
2008.02.21 03:55:24.708,0.75775,0.7579,2.40,0.30
2008.02.21 03:55:24.922,0.75775,0.7579,4.80,0.30
2008.02.21 03:55:25.331,0.75775,0.7579,2.50,0.30
2008.02.21 03:55:25.399,0.75775,0.7579,1.40,0.30
2008.02.21 03:55:25.621,0.75775,0.7579,1.70,0.30
2008.02.21 03:55:25.911,0.75775,0.7579,2.60,0.30
2008.02.21 03:55:29.189,0.75775,0.7579,2.10,0.30
2008.02.21 03:55:29.492,0.75775,0.7579,2.00,0.30
2008.02.21 03:55:29.703,0.75775,0.7579,1.40,0.30
2008.02.21 03:55:31.504,0.75775,0.7579,1.90,0.30
2008.02.21 03:55:31.653,0.75775,0.7579,2.80,0.30
2008.02.21 03:55:31.715,0.75775,0.7579,1.50,0.30
2008.02.21 03:55:32.181,0.75775,0.7579,0.50,0.30
2008.02.21 03:55:51.759,0.75775,0.7579,0.60,0.30
2008.02.21 03:55:51.797,0.75775,0.7579,1.50,0.30
2008.02.21 03:55:51.862,0.7577,0.7579,1.60,0.30
2008.02.21 03:55:51.983,0.7577,0.7579,1.70,0.30
2008.02.21 03:55:52.064,0.7577,0.7579,0.80,0.30
2008.02.21 03:55:52.186,0.7577,0.7579,1.30,0.30
2008.02.21 03:55:52.285,0.7577,0.7579,0.40,0.30
2008.02.21 03:55:52.384,0.7577,0.7579,0.40,0.30
2008.02.21 03:55:52.483,0.7577,0.7579,0.40,0.30
2008.02.21 03:55:52.900,0.7577,0.7579,0.40,0.30
2008.02.21 03:55:53.121,0.7577,0.7579,0.40,0.30
2008.02.21 03:56:22.940,0.7577,0.7579,0.40,0.30
2008.02.21 03:56:23.965,0.7577,0.7579,0.40,0.30
2008.02.21 03:56:24.997,0.7577,0.7579,0.40,0.30
2008.02.21 03:56:25.912,0.7577,0.7579,0.40,0.30
2008.02.21 03:56:33.892,0.7577,0.7579,0.40,0.30
2008.02.21 03:56:34.248,0.7577,0.7579,0.40,0.30
2008.02.21 03:56:35.387,0.7577,0.7579,0.40,0.30
2008.02.21 03:56:37.477,0.7577,0.7579,0.40,0.30
2008.02.21 03:56:51.857,0.7577,0.7579,0.40,0.30
2008.02.21 03:56:52.997,0.7577,0.7579,0.40,0.30
2008.02.21 03:56:53.512,0.7577,0.7579,0.40,0.30
2008.02.21 03:56:59.918,0.7577,0.7579,0.40,0.30
2008.02.21 03:56:59.983,0.7577,0.7579,0.40,0.30
2008.02.21 03:57:00.137,0.7577,0.7579,0.40,0.30
2008.02.21 03:57:23.090,0.7577,0.7579,0.40,0.30
2008.02.21 03:57:26.009,0.7577,0.7579,0.40,0.30
2008.02.21 03:57:28.939,0.7577,0.7579,0.40,0.30
2008.02.21 03:57:47.046,0.7577,0.7579,0.40,0.30
2008.02.21 03:57:52.772,0.7577,0.7579,0.40,0.30
2008.02.21 03:57:52.974,0.7577,0.7579,0.40,0.30
2008.02.21 03:57:53.489,0.7577,0.7579,0.40,0.30
2008.02.21 03:57:55.935,0.7577,0.7579,0.40,0.30
2008.02.21 03:57:56.183,0.7577,0.7579,0.40,0.30
2008.02.21 03:57:57.186,0.7577,0.7579,0.40,0.30
2008.02.21 03:57:59.291,0.7577,0.7579,0.40,0.30
2008.02.21 03:57:59.450,0.7577,0.75795,0.40,16.00
2008.02.21 03:57:59.520,0.7577,0.75795,0.40,12.00
2008.02.21 03:57:59.577,0.7577,0.75795,0.40,12.00
2008.02.21 03:57:59.650,0.7577,0.75795,0.40,12.00
2008.02.21 03:57:59.708,0.7577,0.75795,1.10,12.00
2008.02.21 03:57:59.767,0.7577,0.758,1.10,3.40
2008.02.21 03:57:59.914,0.7577,0.758,1.10,3.40
2008.02.21 03:58:00.209,0.7577,0.758,1.10,3.40
2008.02.21 03:58:00.437,0.7577,0.758,1.10,3.40
2008.02.21 03:58:00.743,0.7577,0.758,1.10,3.40
2008.02.21 03:58:00.951,0.7577,0.758,1.10,3.40
2008.02.21 03:58:02.656,0.7577,0.758,0.50,3.40
2008.02.21 03:58:08.595,0.7577,0.758,0.50,3.40
2008.02.21 03:58:11.420,0.7577,0.758,0.50,3.40
2008.02.21 03:58:11.534,0.7577,0.758,0.80,3.40
2008.02.21 03:58:11.731,0.7577,0.758,0.50,3.40
2008.02.21 03:58:11.980,0.7577,0.758,0.90,3.40
2008.02.21 03:58:12.093,0.7577,0.75795,0.50,0.80
2008.02.21 03:58:12.227,0.7577,0.7579,0.70,0.30
2008.02.21 03:58:12.379,0.7577,0.7579,0.50,0.30
2008.02.21 03:58:12.515,0.7577,0.7579,0.40,0.30
2008.02.21 03:58:12.658,0.7577,0.7579,0.40,0.30
2008.02.21 03:58:13.174,0.7577,0.7579,0.40,0.30
2008.02.21 03:58:13.691,0.7577,0.7579,0.40,0.30
2008.02.21 03:58:14.162,0.7577,0.7579,0.40,0.30
2008.02.21 03:58:14.518,0.7577,0.7579,0.40,0.30
2008.02.21 03:58:15.261,0.7577,0.7579,0.40,0.30
2008.02.21 03:58:17.217,0.7577,0.7579,0.40,0.30
2008.02.21 03:58:17.438,0.7577,0.7579,0.40,0.30
2008.02.21 03:58:17.568,0.7577,0.7579,0.40,0.30
2008.02.21 03:58:18.198,0.7577,0.7579,0.40,0.30
2008.02.21 03:58:21.700,0.7577,0.7579,0.40,0.30
2008.02.21 03:58:22.145,0.7577,0.7579,0.40,0.30
2008.02.21 03:58:22.247,0.7577,0.7579,0.40,0.30
2008.02.21 03:58:22.327,0.7577,0.7579,0.40,0.30
2008.02.21 03:58:22.521,0.7577,0.7579,0.40,0.30
2008.02.21 03:58:22.731,0.7577,0.7579,0.40,0.30
2008.02.21 03:58:22.931,0.7577,0.7579,0.40,0.30
2008.02.21 03:58:23.749,0.7577,0.7579,0.40,0.30
2008.02.21 03:58:25.889,0.7577,0.7579,0.40,0.30
2008.02.21 03:58:26.027,0.7577,0.7579,0.40,0.30
2008.02.21 03:58:26.220,0.7577,0.7579,0.40,0.30
2008.02.21 03:58:26.610,0.7577,0.7579,0.40,0.30
2008.02.21 03:58:26.749,0.7577,0.7579,0.40,0.30
2008.02.21 03:58:27.259,0.7577,0.7579,0.40,0.30
2008.02.21 03:58:27.662,0.7577,0.7579,0.40,0.30
2008.02.21 03:58:46.411,0.7577,0.7579,0.40,0.30
2008.02.21 03:58:47.169,0.7577,0.7579,0.40,0.30
2008.02.21 03:58:47.302,0.7577,0.7579,0.40,0.30
2008.02.21 03:58:52.515,0.7577,0.7579,0.40,0.30
2008.02.21 03:58:52.587,0.7577,0.7579,1.10,0.30
2008.02.21 03:58:52.621,0.7577,0.7579,1.10,0.30
2008.02.21 03:58:52.698,0.7577,0.7579,1.10,0.30
2008.02.21 03:58:53.067,0.7577,0.7579,1.10,0.30
2008.02.21 03:58:53.186,0.7577,0.7579,1.10,0.30
2008.02.21 03:58:53.797,0.7577,0.7579,1.10,0.30
2008.02.21 03:58:55.767,0.7577,0.7579,1.10,0.30
2008.02.21 03:58:55.923,0.7577,0.7579,1.10,0.30
2008.02.21 03:58:55.976,0.7577,0.7579,1.10,0.30
2008.02.21 03:58:56.029,0.7577,0.75795,1.10,0.50
2008.02.21 03:58:56.083,0.7577,0.75795,1.10,0.50
2008.02.21 03:58:56.158,0.7577,0.75795,1.10,0.50
2008.02.21 03:58:56.460,0.7577,0.75795,1.10,0.90
2008.02.21 03:59:08.672,0.7577,0.75795,0.40,0.80
2008.02.21 03:59:08.709,0.7577,0.7579,0.40,0.30
2008.02.21 03:59:08.748,0.7577,0.7579,0.40,0.30
2008.02.21 03:59:08.786,0.7577,0.7579,0.40,0.30
2008.02.21 03:59:08.880,0.7577,0.7579,0.40,0.30
2008.02.21 03:59:08.977,0.7577,0.7579,0.40,0.30
2008.02.21 03:59:09.105,0.7577,0.7579,0.40,0.30
2008.02.21 03:59:09.234,0.7577,0.7579,1.10,0.30
2008.02.21 03:59:09.396,0.7577,0.7579,1.10,0.30
2008.02.21 03:59:10.616,0.7577,0.7579,1.90,0.30
2008.02.21 03:59:10.735,0.7578,0.75795,0.40,0.70
2008.02.21 03:59:10.853,0.7578,0.75795,0.40,0.60
2008.02.21 03:59:12.109,0.7578,0.75795,0.40,0.50
2008.02.21 03:59:12.530,0.7578,0.75795,0.40,0.80
2008.02.21 03:59:13.059,0.7578,0.75795,0.40,0.50
2008.02.21 03:59:13.137,0.7578,0.75795,0.40,0.70
2008.02.21 03:59:13.216,0.7578,0.75795,0.40,0.70
2008.02.21 03:59:13.265,0.7578,0.75795,0.40,0.70
2008.02.21 03:59:13.447,0.7578,0.75795,0.40,0.70
2008.02.21 03:59:20.821,0.7578,0.75795,0.40,0.70
2008.02.21 03:59:21.721,0.7578,0.75795,0.40,0.90
2008.02.21 03:59:22.173,0.7578,0.75795,0.40,0.80
2008.02.21 03:59:22.657,0.7578,0.75795,0.40,0.80
2008.02.21 03:59:27.199,0.7578,0.75795,0.40,10.40
2008.02.21 03:59:27.263,0.7578,0.75795,0.40,11.20
2008.02.21 03:59:27.419,0.7578,0.75795,0.40,11.20
2008.02.21 03:59:27.478,0.7578,0.75795,0.40,11.20
2008.02.21 03:59:56.881,0.7578,0.75795,0.40,11.20
