2017.09.13 23:00:00.050,0.9,0.90013,1.00,1.69
2017.09.13 23:00:00.956,0.9,0.90013,1.00,1.87
2017.09.13 23:00:01.267,0.90001,0.90011,1.00,1.00
2017.09.13 23:00:01.836,0.90001,0.90012,1.00,1.25
2017.09.13 23:00:02.143,0.89999,0.90011,1.00,1.19
2017.09.13 23:00:02.300,0.89997,0.9001,1.00,1.25
2017.09.13 23:00:02.881,0.89997,0.90009,1.00,1.00
2017.09.13 23:00:03.382,0.89997,0.9001,1.00,2.44
2017.09.13 23:00:03.764,0.89995,0.9001,1.50,2.06
2017.09.13 23:00:04.274,0.89996,0.90009,1.00,1.00
2017.09.13 23:00:05.057,0.89995,0.90009,1.69,1.50
2017.09.13 23:00:19.938,0.89995,0.90008,1.44,1.00
2017.09.13 23:00:20.981,0.89995,0.90008,1.12,1.00
2017.09.13 23:00:21.589,0.89995,0.90009,1.00,2.25
2017.09.13 23:00:22.199,0.89995,0.90008,1.12,1.00
2017.09.13 23:00:22.858,0.89995,0.90009,1.00,2.25
2017.09.13 23:00:23.568,0.89995,0.90009,1.00,2.44
2017.09.13 23:00:31.292,0.89996,0.90009,1.00,1.69
2017.09.13 23:00:31.751,0.89998,0.9001,1.00,1.19
2017.09.13 23:00:32.257,0.89997,0.90011,1.25,2.81
2017.09.13 23:00:32.569,0.89999,0.90011,1.00,1.69
2017.09.13 23:00:33.081,0.89998,0.90011,1.00,1.87
2017.09.13 23:00:46.992,0.89997,0.90009,1.00,1.19
2017.09.13 23:01:11.545,0.89998,0.90009,1.00,1.19
2017.09.13 23:01:15.142,0.89998,0.9001,1.00,1.19
2017.09.13 23:01:22.956,0.89999,0.90012,1.00,2.62
2017.09.13 23:01:24.592,0.89999,0.90012,1.50,1.19
2017.09.13 23:01:32.978,0.89999,0.90011,1.69,1.19
2017.09.13 23:01:33.508,0.89999,0.90011,1.50,1.19
2017.09.13 23:01:38.215,0.89999,0.90011,1.69,1.19
2017.09.13 23:01:38.725,0.89999,0.90011,1.00,1.19
2017.09.13 23:01:38.930,0.89997,0.90011,1.00,1.69
2017.09.13 23:01:43.697,0.89997,0.90011,1.25,1.25
2017.09.13 23:01:43.748,0.89999,0.90011,1.00,1.25
2017.09.13 23:01:44.295,0.89998,0.90012,1.00,1.19
2017.09.13 23:02:02.467,0.89999,0.90012,1.00,1.44
2017.09.13 23:02:07.602,0.89999,0.90012,1.00,1.25
2017.09.13 23:02:13.765,0.89999,0.90012,1.44,1.87
2017.09.13 23:02:16.898,0.89999,0.90012,1.25,1.25
2017.09.13 23:02:17.798,0.89999,0.90012,1.44,1.12
2017.09.13 23:02:18.336,0.89999,0.90012,1.25,1.25
2017.09.13 23:02:18.870,0.89999,0.90011,1.69,1.00
2017.09.13 23:02:22.717,0.89999,0.90013,2.06,1.19
2017.09.13 23:02:35.791,0.89999,0.90013,1.87,1.87
2017.09.13 23:02:36.334,0.89999,0.90013,1.69,1.19
2017.09.13 23:02:39.746,0.89999,0.90013,1.87,2.06
2017.09.13 23:02:41.735,0.89999,0.90013,1.69,1.19
2017.09.13 23:02:43.000,0.89999,0.90012,1.87,1.25
2017.09.13 23:02:43.540,0.89999,0.90013,2.06,1.87
2017.09.13 23:03:06.139,0.89999,0.90012,1.44,1.25
2017.09.13 23:03:07.929,0.89998,0.90012,1.87,1.25
2017.09.13 23:03:09.015,0.89996,0.90009,4.31,1.00
2017.09.13 23:03:09.399,0.89996,0.90009,2.62,1.00
2017.09.13 23:03:09.760,0.89996,0.90007,1.87,1.00
2017.09.13 23:03:10.272,0.89994,0.90007,1.87,1.00
2017.09.13 23:03:26.057,0.89994,0.90006,1.50,1.00
2017.09.13 23:04:10.089,0.89995,0.90007,1.87,1.25
2017.09.13 23:04:10.973,0.89995,0.90006,1.87,1.00
2017.09.13 23:04:13.148,0.89995,0.90007,1.87,1.87
2017.09.13 23:04:40.087,0.89995,0.90007,1.87,1.19
2017.09.13 23:04:40.678,0.89995,0.90007,1.87,1.25
2017.09.13 23:04:48.544,0.89995,0.90006,2.62,1.00
2017.09.13 23:04:51.373,0.89994,0.90005,3.19,1.00
2017.09.13 23:05:00.019,0.89994,0.90005,2.44,1.00
2017.09.13 23:05:04.635,0.89995,0.90005,1.50,1.00
2017.09.13 23:05:05.147,0.89995,0.90004,1.50,1.00
2017.09.13 23:05:05.788,0.89995,0.90005,1.50,1.00
2017.09.13 23:05:18.541,0.89995,0.90004,1.50,1.00
2017.09.13 23:05:20.272,0.89995,0.90008,2.44,1.69
2017.09.13 23:05:30.739,0.89996,0.90008,1.50,1.69
2017.09.13 23:05:31.283,0.89995,0.90008,2.25,1.19
2017.09.13 23:05:37.276,0.89994,0.90007,1.00,1.19
2017.09.13 23:05:37.583,0.89993,0.90004,1.00,1.00
2017.09.13 23:05:44.129,0.89991,0.90004,1.50,1.19
2017.09.13 23:05:46.185,0.8999,0.90004,1.00,3.56
2017.09.13 23:05:46.718,0.89991,0.90002,1.00,1.25
2017.09.13 23:05:49.038,0.8999,0.90003,1.00,1.69
2017.09.13 23:05:49.222,0.89989,0.90002,1.50,1.19
2017.09.13 23:05:55.543,0.8999,0.90003,1.00,1.44
2017.09.13 23:05:55.800,0.89991,0.90004,1.00,2.06
2017.09.13 23:05:56.057,0.89993,0.90004,1.00,1.19
2017.09.13 23:06:04.233,0.89994,0.90005,1.00,4.50
2017.09.13 23:06:14.122,0.89994,0.90005,1.00,4.12
2017.09.13 23:06:14.750,0.89992,0.90003,1.00,1.25
2017.09.13 23:06:15.158,0.8999,0.90003,1.00,1.31
2017.09.13 23:06:15.709,0.89989,0.89999,1.00,1.00
2017.09.13 23:06:16.220,0.89989,0.90001,2.25,1.19
2017.09.13 23:06:19.079,0.89989,0.90001,2.25,1.00
2017.09.13 23:06:19.435,0.89994,0.90006,3.00,1.26
2017.09.13 23:06:19.742,0.89996,0.90008,1.00,2.32
2017.09.13 23:06:25.023,0.89995,0.90006,2.25,1.32
2017.09.13 23:06:27.511,0.89996,0.90006,1.50,1.32
2017.09.13 23:06:34.229,0.89995,0.90007,2.25,1.26
2017.09.13 23:06:34.538,0.89993,0.90005,1.50,1.29
2017.09.13 23:06:35.862,0.89994,0.90005,3.00,1.10
2017.09.13 23:06:35.913,0.89996,0.90007,1.50,1.32
2017.09.13 23:06:36.066,0.89996,0.90007,2.25,1.00
2017.09.13 23:06:36.576,0.89996,0.90008,3.00,1.25
2017.09.13 23:06:44.512,0.89995,0.90006,1.00,1.00
2017.09.13 23:06:44.717,0.89993,0.90006,1.50,1.00
2017.09.13 23:06:44.819,0.89995,0.90006,1.00,1.50
2017.09.13 23:06:53.820,0.89995,0.90005,1.00,1.25
2017.09.13 23:06:53.923,0.89992,0.90004,1.00,1.00
2017.09.13 23:06:54.429,0.89991,0.90003,3.75,1.00
2017.09.13 23:06:54.969,0.89991,0.90002,1.00,1.00
2017.09.13 23:06:55.807,0.89991,0.90003,3.19,1.00
2017.09.13 23:06:55.961,0.89993,0.90004,1.50,1.25
2017.09.13 23:06:56.630,0.89992,0.90004,1.50,1.25
2017.09.13 23:07:00.240,0.89991,0.90002,2.81,1.00
2017.09.13 23:07:00.851,0.89991,0.90002,1.69,1.00
2017.09.13 23:07:01.362,0.89991,0.90002,1.19,1.00
2017.09.13 23:07:03.311,0.89991,0.90001,1.19,1.00
2017.09.13 23:07:03.515,0.89991,0.90003,2.44,1.00
2017.09.13 23:07:14.521,0.89993,0.90004,1.69,1.25
2017.09.13 23:07:20.433,0.89993,0.90005,1.50,1.25
2017.09.13 23:07:23.286,0.89994,0.90005,1.50,1.25
2017.09.13 23:07:23.390,0.89992,0.90005,1.50,1.25
2017.09.13 23:07:23.761,0.89992,0.90003,1.00,1.00
2017.09.13 23:07:24.268,0.89991,0.90003,1.31,1.00
2017.09.13 23:07:24.894,0.89992,0.90003,1.50,1.50
2017.09.13 23:07:25.891,0.89992,0.90004,1.50,1.00
2017.09.13 23:07:26.401,0.89991,0.90004,1.87,1.00
2017.09.13 23:07:29.436,0.89991,0.90002,1.87,1.00
2017.09.13 23:07:30.091,0.89991,0.90002,1.87,1.00
2017.09.13 23:07:30.636,0.89991,0.90002,1.25,1.00
2017.09.13 23:07:33.332,0.89991,0.90003,1.87,1.00
2017.09.13 23:07:33.385,0.89992,0.90005,1.50,1.69
2017.09.13 23:07:33.937,0.89992,0.90005,3.19,1.25
2017.09.13 23:07:34.479,0.89992,0.90005,2.44,1.25
2017.09.13 23:07:35.122,0.89992,0.90005,3.94,1.25
2017.09.13 23:07:35.638,0.89992,0.90005,3.19,1.25
2017.09.13 23:07:40.086,0.89992,0.90005,4.50,1.00
2017.09.13 23:07:40.941,0.89992,0.90005,3.75,1.00
2017.09.13 23:07:45.986,0.89993,0.90005,1.50,1.00
2017.09.13 23:07:50.062,0.89992,0.90005,2.62,1.00
2017.09.13 23:07:50.571,0.89992,0.90004,1.25,1.50
2017.09.13 23:07:51.342,0.89991,0.90003,3.19,1.00
2017.09.13 23:07:51.869,0.89992,0.90002,1.00,1.00
2017.09.13 23:07:52.379,0.89991,0.90002,2.44,1.00
2017.09.13 23:07:56.721,0.89991,0.90004,2.62,1.12
2017.09.13 23:07:57.442,0.89992,0.90004,1.25,1.12
2017.09.13 23:08:01.566,0.89991,0.90004,2.62,1.00
2017.09.13 23:08:04.082,0.89991,0.90002,2.44,1.00
2017.09.13 23:08:05.958,0.89992,0.90002,1.50,1.00
2017.09.13 23:08:07.038,0.89991,0.90002,2.44,1.00
2017.09.13 23:08:08.850,0.89991,0.9,2.44,1.00
2017.09.13 23:08:10.677,0.89992,0.9,1.00,1.00
2017.09.13 23:08:10.932,0.89992,0.90002,1.25,1.00
2017.09.13 23:08:11.813,0.89991,0.90002,1.69,1.00
2017.09.13 23:08:12.471,0.89991,0.90004,1.87,1.12
2017.09.13 23:08:13.864,0.89992,0.90004,1.00,1.00
2017.09.13 23:08:18.166,0.89991,0.90004,2.62,1.00
2017.09.13 23:08:18.372,0.89992,0.90002,1.50,1.00
2017.09.13 23:08:18.678,0.89992,0.9,1.00,1.50
2017.09.13 23:08:19.135,0.8999,0.9,1.69,1.50
2017.09.13 23:08:21.107,0.89989,0.9,1.69,1.00
2017.09.13 23:08:21.365,0.89988,0.89998,1.00,1.00
2017.09.13 23:08:22.132,0.89987,0.89998,1.69,1.50
2017.09.13 23:08:22.961,0.89988,0.89998,1.50,1.50
2017.09.13 23:08:23.564,0.89988,0.89999,2.44,1.00
2017.09.13 23:08:26.573,0.8999,0.89999,1.00,1.00
2017.09.13 23:08:27.102,0.89989,0.9,2.44,1.00
2017.09.13 23:08:39.121,0.89988,0.9,1.25,1.00
2017.09.13 23:08:40.756,0.89987,0.89999,5.06,1.00
2017.09.13 23:08:45.642,0.89988,0.89997,1.25,1.00
2017.09.13 23:08:52.047,0.89988,0.89997,2.62,1.00
2017.09.13 23:08:53.058,0.89987,0.89996,1.19,1.00
2017.09.13 23:08:53.110,0.89987,0.89997,1.25,1.00
2017.09.13 23:08:53.701,0.89986,0.89996,1.69,1.00
2017.09.13 23:08:57.794,0.89987,0.89997,1.25,1.00
2017.09.13 23:08:58.219,0.89989,0.89997,1.00,1.00
2017.09.13 23:08:58.678,0.89987,0.89998,4.12,1.00
2017.09.13 23:08:59.372,0.89987,0.89996,3.37,1.00
2017.09.13 23:09:01.311,0.89987,0.89996,3.37,1.00
2017.09.13 23:09:01.363,0.8999,0.9,1.50,1.00
2017.09.13 23:09:01.414,0.89993,0.90002,1.50,1.00
2017.09.13 23:09:03.682,0.89993,0.90003,1.50,1.00
2017.09.13 23:09:05.661,0.89993,0.90004,1.69,1.00
2017.09.13 23:09:10.025,0.89993,0.90004,3.37,1.00
2017.09.13 23:09:23.082,0.89993,0.90004,3.37,1.00
2017.09.13 23:09:24.533,0.89992,0.90003,1.69,1.00
2017.09.13 23:09:26.124,0.89992,0.9,1.19,1.00
2017.09.13 23:09:26.176,0.89991,0.9,3.19,1.00
2017.09.13 23:09:26.278,0.89993,0.9,1.00,1.00
2017.09.13 23:09:26.330,0.89992,0.90002,1.00,1.00
2017.09.13 23:09:26.381,0.89994,0.90002,1.00,1.00
2017.09.13 23:09:26.586,0.89992,0.90002,1.87,1.00
2017.09.13 23:09:28.746,0.89992,0.90002,3.19,1.00
2017.09.13 23:09:29.382,0.89992,0.90002,1.69,1.00
2017.09.13 23:09:30.778,0.89993,0.90002,1.69,1.00
2017.09.13 23:09:31.431,0.89993,0.90003,1.69,1.00
2017.09.13 23:09:33.306,0.89993,0.90002,2.44,1.00
2017.09.13 23:09:54.121,0.89992,0.90002,2.62,1.00
2017.09.13 23:09:55.040,0.89994,0.90002,1.50,1.00
2017.09.13 23:09:56.288,0.89995,0.90002,1.00,1.00
2017.09.13 23:09:59.039,0.89994,0.90002,1.25,1.00
2017.09.13 23:10:00.092,0.89993,0.90002,1.25,1.00
2017.09.13 23:10:00.634,0.89992,0.90002,1.00,1.00
2017.09.13 23:10:10.415,0.89991,0.90002,2.62,1.00
2017.09.13 23:10:11.069,0.89992,0.90002,1.00,1.00
2017.09.13 23:10:11.665,0.89991,0.90002,2.62,1.00
2017.09.13 23:10:12.209,0.89992,0.90002,1.00,1.00
2017.09.13 23:10:12.539,0.89993,0.90002,3.00,1.00
2017.09.13 23:10:13.632,0.89993,0.90002,1.12,1.00
2017.09.13 23:10:14.371,0.89994,0.90002,1.00,1.00
2017.09.13 23:10:14.935,0.89993,0.90002,1.12,1.00
2017.09.13 23:10:31.718,0.89993,0.90002,1.50,1.00
2017.09.13 23:10:55.330,0.89993,0.90002,1.00,1.00
2017.09.13 23:10:55.893,0.89992,0.90002,1.50,1.00
2017.09.13 23:11:08.540,0.89992,0.90001,1.87,1.00
2017.09.13 23:11:13.868,0.89992,0.90003,1.87,1.00
2017.09.13 23:11:14.665,0.89993,0.90003,1.00,1.00
2017.09.13 23:11:15.378,0.89992,0.90004,2.25,1.00
2017.09.13 23:11:16.562,0.89993,0.90004,2.25,1.00
2017.09.13 23:11:19.652,0.89993,0.90004,1.00,1.00
2017.09.13 23:11:20.673,0.89992,0.90004,1.87,1.00
2017.09.13 23:11:21.411,0.89993,0.90004,1.00,1.00
2017.09.13 23:11:22.297,0.89991,0.90004,1.12,1.25
2017.09.13 23:11:22.656,0.89991,0.90003,2.25,1.00
2017.09.13 23:11:22.860,0.8999,0.90003,2.25,1.25
2017.09.13 23:11:23.400,0.8999,0.90002,1.50,1.00
2017.09.13 23:11:30.371,0.8999,0.90002,3.75,1.00
2017.09.13 23:11:31.107,0.8999,0.90002,1.87,1.00
2017.09.13 23:11:36.778,0.8999,0.90002,1.87,1.69
2017.09.13 23:11:46.743,0.8999,0.90001,1.87,1.00
2017.09.13 23:11:47.350,0.8999,0.90002,1.50,1.25
2017.09.13 23:11:48.857,0.8999,0.9,1.87,1.50
2017.09.13 23:11:49.107,0.89988,0.89999,1.25,1.00
2017.09.13 23:11:49.313,0.89988,0.90001,2.44,1.69
2017.09.13 23:11:49.824,0.89988,0.90001,1.25,1.87
2017.09.13 23:11:52.143,0.89989,0.90001,1.00,1.69
2017.09.13 23:11:55.197,0.89988,0.90001,2.25,1.19
2017.09.13 23:11:56.666,0.89989,0.90002,1.00,1.19
2017.09.13 23:11:57.217,0.8999,0.90003,1.00,2.81
2017.09.13 23:11:59.145,0.89989,0.90003,3.19,2.44
2017.09.13 23:11:59.575,0.89989,0.90003,4.12,1.19
2017.09.13 23:12:00.104,0.89989,0.90003,2.44,1.19
2017.09.13 23:12:02.273,0.89989,0.90003,4.50,1.69
2017.09.13 23:12:05.575,0.89989,0.90002,2.25,1.25
2017.09.13 23:12:06.355,0.8999,0.90001,1.00,1.00
2017.09.13 23:12:11.794,0.89989,0.90001,2.25,1.00
2017.09.13 23:12:12.316,0.89988,0.90001,2.81,1.00
2017.09.13 23:12:13.464,0.89989,0.90001,1.50,1.00
2017.09.13 23:12:14.139,0.89988,0.90001,3.56,1.00
2017.09.13 23:12:14.793,0.89989,0.90001,1.00,1.00
2017.09.13 23:12:18.489,0.89988,0.90001,2.62,1.12
2017.09.13 23:12:19.617,0.89989,0.90001,1.00,1.12
2017.09.13 23:12:20.125,0.89988,0.90001,2.62,1.12
2017.09.13 23:12:22.016,0.89989,0.90001,1.00,1.87
2017.09.13 23:12:22.576,0.89989,0.90001,1.00,1.12
2017.09.13 23:12:23.374,0.89989,0.90001,1.00,1.44
2017.09.13 23:12:23.897,0.89988,0.90001,2.62,1.12
2017.09.13 23:12:24.434,0.89989,0.90001,2.25,1.87
2017.09.13 23:12:25.790,0.89988,0.90001,2.62,1.25
2017.09.13 23:12:26.067,0.8999,0.90001,1.00,2.06
2017.09.13 23:12:26.642,0.89989,0.90001,1.00,1.12
2017.09.13 23:12:27.478,0.89988,0.90001,3.37,1.25
2017.09.13 23:12:28.943,0.89989,0.90001,1.50,1.12
2017.09.13 23:12:36.114,0.89988,0.90001,3.37,1.31
2017.09.13 23:12:50.641,0.89989,0.90001,2.25,1.87
2017.09.13 23:12:51.597,0.89988,0.90001,1.87,1.25
2017.09.13 23:12:54.044,0.89988,0.89999,1.12,1.00
2017.09.13 23:12:54.557,0.89987,0.89999,1.12,1.00
2017.09.13 23:12:55.180,0.89987,0.89999,1.87,1.00
2017.09.13 23:12:55.712,0.89987,0.89999,1.87,1.00
2017.09.13 23:12:56.283,0.89986,0.89998,1.69,1.00
2017.09.13 23:13:01.413,0.89986,0.89997,1.00,1.00
2017.09.13 23:13:01.465,0.89984,0.89996,3.37,1.00
2017.09.13 23:13:02.169,0.89985,0.89995,1.00,1.00
2017.09.13 23:13:02.885,0.89984,0.89995,1.00,1.00
2017.09.13 23:13:04.375,0.89984,0.89996,1.50,1.50
2017.09.13 23:13:04.910,0.89984,0.89996,3.00,1.50
2017.09.13 23:13:05.426,0.89984,0.89996,1.00,1.50
2017.09.13 23:13:08.168,0.89984,0.89995,1.50,1.00
2017.09.13 23:13:08.322,0.89984,0.89997,4.69,2.06
2017.09.13 23:13:09.412,0.89984,0.89997,3.37,1.25
2017.09.13 23:13:09.926,0.89985,0.89997,2.06,1.25
2017.09.13 23:13:12.987,0.89984,0.89997,2.81,1.25
2017.09.13 23:13:13.303,0.89983,0.89994,1.00,1.00
2017.09.13 23:13:13.834,0.89982,0.89993,1.87,1.00
2017.09.13 23:13:17.204,0.89983,0.89993,1.00,1.25
2017.09.13 23:13:17.750,0.89983,0.89994,1.00,1.69
2017.09.13 23:13:17.955,0.89984,0.89996,1.00,1.12
2017.09.13 23:13:18.466,0.89984,0.89995,1.00,1.25
2017.09.13 23:13:19.011,0.89982,0.89995,2.81,1.25
2017.09.13 23:13:19.062,0.89983,0.89992,1.00,1.25
2017.09.13 23:13:20.126,0.89982,0.89992,1.87,1.00
2017.09.13 23:13:20.640,0.89982,0.89993,1.87,1.00
2017.09.13 23:13:21.153,0.89983,0.89993,1.00,1.00
2017.09.13 23:13:22.364,0.89982,0.89993,3.00,1.00
2017.09.13 23:13:23.525,0.89983,0.89993,1.00,1.25
2017.09.13 23:13:24.663,0.89982,0.89992,2.62,1.00
2017.09.13 23:13:25.260,0.89983,0.89992,1.00,1.25
2017.09.13 23:13:25.784,0.89982,0.89992,1.87,1.00
2017.09.13 23:13:27.399,0.89982,0.89992,3.75,1.50
2017.09.13 23:13:27.501,0.89982,0.89992,2.62,1.50
2017.09.13 23:13:28.093,0.89983,0.89992,1.00,1.50
2017.09.13 23:13:28.884,0.89981,0.89989,1.50,1.00
2017.09.13 23:13:28.936,0.8998,0.89989,1.50,1.00
2017.09.13 23:13:28.988,0.89979,0.89988,1.00,1.87
2017.09.13 23:13:29.142,0.89977,0.89987,1.50,2.62
2017.09.13 23:13:29.298,0.89974,0.89985,2.06,1.00
2017.09.13 23:13:29.350,0.89974,0.89985,1.69,1.00
2017.09.13 23:13:29.862,0.89974,0.89986,2.44,1.25
2017.09.13 23:13:34.018,0.89978,0.89988,1.00,1.69
2017.09.13 23:13:34.640,0.89979,0.8999,1.00,1.35
2017.09.13 23:13:36.849,0.89979,0.89991,1.87,1.81
2017.09.13 23:13:37.793,0.8998,0.89992,1.00,1.43
2017.09.13 23:13:38.334,0.89981,0.89993,1.50,3.49
2017.09.13 23:13:38.969,0.89981,0.89992,1.00,1.00
2017.09.13 23:14:02.136,0.8998,0.89992,1.00,1.25
2017.09.13 23:14:08.835,0.89983,0.89993,1.00,1.00
2017.09.13 23:14:08.938,0.89986,0.9,1.00,6.56
2017.09.13 23:14:09.453,0.89987,0.90001,1.25,1.12
2017.09.13 23:14:09.965,0.89988,0.90001,1.00,1.12
2017.09.13 23:14:20.942,0.89988,0.90001,1.00,2.44
2017.09.13 23:14:21.620,0.89988,0.90001,1.12,2.25
2017.09.13 23:14:22.722,0.89986,0.9,3.75,1.00
2017.09.13 23:14:24.195,0.89987,0.9,3.00,1.25
2017.09.13 23:14:27.997,0.89986,0.89998,1.81,1.00
2017.09.13 23:14:30.002,0.89985,0.89997,3.94,1.00
2017.09.13 23:14:39.227,0.89985,0.89996,1.12,1.00
2017.09.13 23:14:39.280,0.89983,0.89994,3.19,1.00
2017.09.13 23:14:39.824,0.89984,0.89995,1.25,1.00
2017.09.13 23:14:40.438,0.89983,0.89994,1.31,1.00
2017.09.13 23:14:42.501,0.89983,0.89993,3.37,1.00
2017.09.13 23:14:43.713,0.89983,0.89994,2.25,1.00
2017.09.13 23:14:49.760,0.89984,0.89995,2.25,1.00
2017.09.13 23:14:51.462,0.89985,0.89995,1.25,1.00
2017.09.13 23:14:51.616,0.89986,0.89998,1.00,1.00
2017.09.13 23:14:52.136,0.89986,0.89998,1.19,1.00
2017.09.13 23:14:52.927,0.89986,0.89997,1.69,1.00
2017.09.13 23:14:56.290,0.89986,0.89999,1.19,1.25
2017.09.13 23:15:10.127,0.89986,0.89999,1.87,1.00
2017.09.13 23:15:10.894,0.89987,0.89999,1.25,1.00
2017.09.13 23:15:11.453,0.89987,0.9,1.69,1.25
2017.09.13 23:15:22.829,0.89986,0.9,4.69,1.25
2017.09.13 23:15:22.880,0.89987,0.89998,2.44,1.00
2017.09.13 23:15:23.386,0.89987,0.89999,1.31,1.00
2017.09.13 23:15:40.110,0.89986,0.9,3.75,1.25
2017.09.13 23:15:41.276,0.89986,0.9,1.12,3.19
2017.09.13 23:15:43.017,0.89986,0.89999,2.25,2.25
2017.09.13 23:15:43.672,0.89987,0.89999,1.00,2.25
2017.09.13 23:15:45.761,0.89987,0.9,1.00,2.44
2017.09.13 23:15:46.816,0.89993,0.90001,1.00,1.00
2017.09.13 23:15:47.156,0.90004,0.9001,1.19,1.00
2017.09.13 23:15:47.208,0.90006,0.90013,1.00,1.00
2017.09.13 23:15:47.260,0.90004,0.90015,1.00,1.19
2017.09.13 23:15:47.568,0.90003,0.90014,1.00,1.44
2017.09.13 23:15:48.115,0.90002,0.90014,1.00,1.87
2017.09.13 23:15:51.285,0.90002,0.90014,1.00,1.12
2017.09.13 23:16:00.059,0.90001,0.90013,1.00,1.00
2017.09.13 23:16:02.001,0.90001,0.90013,1.00,1.19
2017.09.13 23:16:02.990,0.9,0.90013,1.00,1.50
2017.09.13 23:16:08.164,0.9,0.90013,1.00,1.69
2017.09.13 23:16:08.978,0.9,0.90013,1.00,1.69
2017.09.13 23:16:10.984,0.9,0.90013,1.00,3.19
2017.09.13 23:16:11.292,0.9,0.90013,1.00,2.81
2017.09.13 23:16:11.948,0.9,0.90013,1.00,2.81
2017.09.13 23:16:13.807,0.89999,0.90012,1.87,1.25
2017.09.13 23:16:14.709,0.89999,0.90013,2.44,3.37
2017.09.13 23:16:14.862,0.89999,0.90013,3.19,3.37
2017.09.13 23:16:15.472,0.89999,0.90012,4.12,1.25
2017.09.13 23:16:15.991,0.89999,0.90013,1.87,3.00
2017.09.13 23:16:16.943,0.89999,0.90008,1.50,1.00
2017.09.13 23:16:17.154,0.89997,0.90007,1.87,1.00
2017.09.13 23:16:17.205,0.89998,0.90005,1.00,1.00
2017.09.13 23:16:17.461,0.89995,0.90006,3.00,1.00
2017.09.13 23:16:18.009,0.89995,0.90007,3.75,1.00
2017.09.13 23:16:19.946,0.89995,0.90007,5.25,1.00
2017.09.13 23:16:20.980,0.89997,0.90007,1.25,1.00
2017.09.13 23:16:21.900,0.89996,0.90007,2.81,1.00
2017.09.13 23:16:22.003,0.89997,0.90007,1.31,1.00
2017.09.13 23:16:22.157,0.89997,0.90009,1.44,1.00
2017.09.13 23:16:32.119,0.89997,0.90008,1.31,1.00
2017.09.13 23:16:39.795,0.89998,0.90008,1.00,1.00
2017.09.13 23:16:47.608,0.89997,0.90008,1.31,1.00
2017.09.13 23:16:48.197,0.89997,0.90008,1.19,1.00
2017.09.13 23:16:55.139,0.9,0.90008,1.00,1.00
2017.09.13 23:16:55.946,0.89997,0.90008,1.87,1.00
2017.09.13 23:16:58.387,0.89999,0.90008,1.00,1.00
2017.09.13 23:16:58.899,0.89998,0.90008,1.00,1.00
2017.09.13 23:17:00.249,0.89999,0.90008,1.25,1.00
2017.09.13 23:17:00.984,0.89999,0.90008,1.44,1.00
2017.09.13 23:17:01.502,0.89998,0.90008,1.69,1.00
2017.09.13 23:17:02.265,0.89999,0.90008,1.44,1.00
2017.09.13 23:17:04.106,0.89999,0.90008,1.25,1.00
2017.09.13 23:17:04.614,0.89998,0.90008,1.50,1.00
2017.09.13 23:17:06.821,0.89998,0.90008,1.31,1.00
2017.09.13 23:17:09.760,0.89998,0.90008,1.12,1.00
2017.09.13 23:17:10.261,0.89999,0.90008,1.12,1.00
2017.09.13 23:17:11.526,0.89999,0.90008,1.31,1.00
2017.09.13 23:17:12.057,0.89997,0.90008,3.19,1.00
2017.09.13 23:17:14.140,0.89998,0.90009,1.62,1.00
2017.09.13 23:17:15.330,0.89998,0.90009,1.56,1.00
2017.09.13 23:17:16.956,0.89998,0.90009,1.62,1.00
2017.09.13 23:17:19.297,0.89999,0.90009,1.19,1.00
2017.09.13 23:17:19.913,0.89997,0.90009,3.56,1.00
2017.09.13 23:17:24.018,0.89998,0.90009,2.44,1.00
2017.09.13 23:17:27.103,0.89999,0.90009,1.31,1.00
2017.09.13 23:17:50.708,0.89998,0.90009,1.69,1.00
2017.09.13 23:17:52.081,0.89997,0.90009,3.19,1.00
2017.09.13 23:17:54.198,0.89998,0.90009,1.69,1.00
2017.09.13 23:17:55.313,0.89998,0.90009,1.19,1.00
2017.09.13 23:17:57.659,0.89998,0.90009,1.69,1.00
2017.09.13 23:17:58.389,0.89998,0.90009,1.19,1.00
2017.09.13 23:17:59.888,0.89998,0.90009,2.44,1.00
2017.09.13 23:18:00.398,0.89998,0.90009,2.44,1.00
2017.09.13 23:18:02.569,0.89998,0.90009,1.50,1.00
2017.09.13 23:18:03.708,0.89998,0.90009,1.62,1.00
2017.09.13 23:18:04.831,0.89997,0.90009,3.56,1.00
2017.09.13 23:18:05.560,0.89998,0.90009,1.69,1.00
2017.09.13 23:18:11.862,0.89997,0.90009,1.69,1.00
2017.09.13 23:18:15.604,0.89999,0.90009,2.62,1.00
2017.09.13 23:18:15.818,0.89998,0.90009,3.75,1.00
2017.09.13 23:18:15.869,0.89999,0.90009,1.87,1.00
2017.09.13 23:18:15.923,0.89998,0.90009,3.00,1.00
2017.09.13 23:18:16.587,0.89999,0.90009,1.00,1.00
2017.09.13 23:18:17.245,0.9,0.90009,1.25,1.00
2017.09.13 23:18:17.960,0.89998,0.90009,3.56,1.00
2017.09.13 23:18:18.490,0.89998,0.90009,2.81,1.00
2017.09.13 23:18:19.723,0.89997,0.90009,3.19,1.00
2017.09.13 23:18:23.970,0.89998,0.90009,1.62,1.00
2017.09.13 23:18:24.498,0.89999,0.90009,1.69,1.00
2017.09.13 23:18:30.346,0.89998,0.9001,2.62,1.00
2017.09.13 23:18:30.818,0.90001,0.90011,1.25,1.00
2017.09.13 23:18:32.385,0.89999,0.90011,2.06,1.00
2017.09.13 23:18:32.919,0.89999,0.90011,2.06,1.00
2017.09.13 23:18:34.120,0.89999,0.90011,3.00,1.00
2017.09.13 23:18:40.878,0.89999,0.90011,2.06,1.00
2017.09.13 23:18:46.739,0.89998,0.90011,3.37,1.00
2017.09.13 23:18:46.841,0.89999,0.90011,1.25,1.00
2017.09.13 23:18:47.046,0.89999,0.90011,1.62,1.00
2017.09.13 23:18:47.791,0.89999,0.90011,1.19,1.00
2017.09.13 23:18:53.883,0.89997,0.9001,3.94,1.00
2017.09.13 23:18:54.661,0.89999,0.90009,1.19,1.00
2017.09.13 23:18:55.046,0.89997,0.90008,1.69,1.00
2017.09.13 23:18:55.590,0.89998,0.90008,1.31,1.00
2017.09.13 23:18:56.091,0.89996,0.90008,2.81,1.00
2017.09.13 23:18:57.352,0.89997,0.90008,1.56,1.00
2017.09.13 23:18:57.893,0.89996,0.90008,2.44,1.00
2017.09.13 23:18:58.978,0.89998,0.90008,1.31,1.00
2017.09.13 23:18:59.611,0.89997,0.90008,2.06,1.00
2017.09.13 23:19:03.164,0.89997,0.90008,1.00,1.00
2017.09.13 23:19:03.893,0.89998,0.90008,1.00,1.00
2017.09.13 23:19:15.043,0.89996,0.90008,3.37,1.00
2017.09.13 23:19:27.205,0.89997,0.90008,2.44,1.00
2017.09.13 23:19:31.954,0.89996,0.90008,3.37,1.00
2017.09.13 23:19:40.096,0.89996,0.90008,1.69,1.00
2017.09.13 23:19:55.725,0.89997,0.90009,2.44,1.00
2017.09.13 23:19:56.261,0.89998,0.90009,1.31,1.00
2017.09.13 23:19:56.774,0.89997,0.90009,6.56,1.00
2017.09.13 23:19:58.046,0.89998,0.90009,4.31,1.00
2017.09.13 23:19:58.752,0.89998,0.90009,1.87,1.00
2017.09.13 23:20:01.955,0.89998,0.90009,1.50,1.00
2017.09.13 23:20:02.761,0.89998,0.90009,1.12,1.00
2017.09.13 23:20:03.315,0.89997,0.90009,5.25,1.00
2017.09.13 23:20:03.962,0.89997,0.90009,3.37,1.00
2017.09.13 23:20:06.264,0.89998,0.90009,2.06,1.00
2017.09.13 23:20:07.041,0.89998,0.90009,1.69,1.00
2017.09.13 23:20:10.761,0.89999,0.90009,1.25,1.00
2017.09.13 23:20:11.017,0.9,0.9001,1.44,1.00
2017.09.13 23:20:11.523,0.89998,0.9001,2.81,1.00
2017.09.13 23:20:12.868,0.89999,0.9001,1.12,1.00
2017.09.13 23:20:16.106,0.89999,0.9001,1.69,1.00
2017.09.13 23:20:16.662,0.89999,0.9001,1.00,1.00
2017.09.13 23:20:16.969,0.9,0.90011,1.50,1.00
2017.09.13 23:20:17.354,0.89999,0.90011,3.75,1.00
2017.09.13 23:20:17.870,0.9,0.90011,1.25,1.00
2017.09.13 23:20:19.043,0.9,0.90011,2.62,1.00
2017.09.13 23:20:20.980,0.9,0.90011,1.25,1.00
2017.09.13 23:20:22.773,0.89999,0.90011,1.69,1.00
2017.09.13 23:20:27.929,0.89999,0.90011,1.87,1.00
2017.09.13 23:20:28.452,0.89999,0.90011,1.87,1.00
2017.09.13 23:20:28.959,0.89999,0.9001,2.06,1.00
2017.09.13 23:20:29.991,0.89998,0.9001,5.44,1.00
2017.09.13 23:20:41.810,0.89999,0.9001,2.25,1.00
2017.09.13 23:20:42.320,0.89998,0.9001,2.06,1.00
2017.09.13 23:20:42.534,0.89998,0.90008,1.25,1.00
2017.09.13 23:20:43.121,0.89998,0.90008,1.44,1.00
2017.09.13 23:20:43.763,0.89998,0.90008,1.25,1.00
2017.09.13 23:20:47.684,0.89998,0.90008,1.31,1.00
2017.09.13 23:20:48.368,0.89997,0.90008,3.00,1.00
2017.09.13 23:20:49.153,0.89998,0.90008,2.25,1.00
2017.09.13 23:20:49.690,0.89998,0.90009,1.00,1.00
2017.09.13 23:20:50.624,0.89998,0.90009,1.31,1.00
2017.09.13 23:20:51.291,0.89997,0.90009,3.00,1.00
2017.09.13 23:20:51.797,0.89997,0.90009,4.31,1.00
2017.09.13 23:20:52.315,0.89997,0.90008,4.12,1.00
2017.09.13 23:20:52.831,0.89998,0.90008,1.87,1.00
2017.09.13 23:20:56.694,0.89999,0.90008,1.00,1.00
2017.09.13 23:20:57.288,0.89999,0.90009,1.00,1.00
2017.09.13 23:20:58.138,0.89998,0.90009,2.25,1.00
2017.09.13 23:20:58.806,0.89999,0.90009,1.00,1.00
2017.09.13 23:20:59.381,0.89998,0.90009,3.37,1.00
2017.09.13 23:20:59.892,0.89998,0.9001,2.81,1.00
2017.09.13 23:21:00.589,0.89999,0.9001,1.25,1.00
2017.09.13 23:21:02.270,0.89998,0.9001,3.00,1.00
2017.09.13 23:21:02.872,0.89999,0.9001,1.00,1.00
2017.09.13 23:21:03.561,0.89998,0.9001,1.50,1.00
2017.09.13 23:21:04.073,0.89999,0.9001,1.12,1.00
2017.09.13 23:21:06.058,0.9,0.9001,1.25,1.00
2017.09.13 23:21:06.752,0.89999,0.9001,1.12,1.00
2017.09.13 23:21:08.233,0.89998,0.9001,2.81,1.00
2017.09.13 23:21:08.773,0.89998,0.9001,1.87,1.00
2017.09.13 23:21:09.505,0.89998,0.9001,2.06,1.00
2017.09.13 23:21:10.018,0.89998,0.9001,1.87,1.00
2017.09.13 23:21:10.522,0.89998,0.9001,1.87,1.00
2017.09.13 23:21:14.006,0.9,0.9001,1.00,1.00
2017.09.13 23:21:15.096,0.89999,0.9001,2.06,1.00
2017.09.13 23:21:16.021,0.9,0.9001,1.00,1.00
2017.09.13 23:21:16.530,0.89999,0.9001,1.31,1.00
2017.09.13 23:21:16.813,0.9,0.90011,1.44,1.00
2017.09.13 23:21:17.469,0.9,0.90011,1.37,1.00
2017.09.13 23:21:17.979,0.89999,0.90011,3.94,1.00
2017.09.13 23:21:18.387,0.89999,0.90011,1.87,1.00
2017.09.13 23:21:19.127,0.89999,0.90011,2.25,1.00
2017.09.13 23:21:19.720,0.89999,0.90011,1.25,1.00
2017.09.13 23:21:20.439,0.89999,0.90011,3.75,1.25
2017.09.13 23:21:20.951,0.89998,0.90011,2.62,1.00
2017.09.13 23:21:21.635,0.89999,0.9001,1.31,1.00
2017.09.13 23:21:26.225,0.9,0.9001,1.00,1.00
2017.09.13 23:21:27.620,0.89999,0.9001,1.69,1.00
2017.09.13 23:21:28.166,0.9,0.9001,1.00,1.00
2017.09.13 23:21:28.691,0.89999,0.9001,1.69,1.00
2017.09.13 23:21:29.220,0.89999,0.90011,1.00,1.00
2017.09.13 23:21:29.937,0.89998,0.90009,1.12,1.00
2017.09.13 23:21:30.449,0.89996,0.90008,2.62,1.00
2017.09.13 23:21:31.002,0.89997,0.90008,1.25,1.12
2017.09.13 23:21:37.874,0.89996,0.90008,3.37,1.75
2017.09.13 23:21:38.467,0.89997,0.90008,1.87,1.75
2017.09.13 23:21:39.256,0.89997,0.90007,1.12,1.50
2017.09.13 23:21:39.768,0.89997,0.90007,1.12,1.00
2017.09.13 23:21:42.462,0.89997,0.90007,1.69,1.00
2017.09.13 23:21:43.058,0.89997,0.90007,1.25,1.00
2017.09.13 23:21:44.866,0.89997,0.90007,1.69,1.00
2017.09.13 23:21:45.460,0.89997,0.90007,1.00,1.00
2017.09.13 23:21:46.003,0.89997,0.90007,1.69,1.00
2017.09.13 23:21:46.416,0.89996,0.90007,3.00,1.00
2017.09.13 23:21:47.417,0.89996,0.90007,2.25,1.00
2017.09.13 23:21:48.557,0.89994,0.90005,2.81,1.00
2017.09.13 23:21:48.868,0.89991,0.9,2.06,1.12
2017.09.13 23:21:49.177,0.89991,0.9,2.00,1.12
2017.09.13 23:21:49.668,0.89989,0.89998,2.44,1.00
2017.09.13 23:21:49.770,0.8999,0.89999,1.00,1.00
2017.09.13 23:21:50.285,0.89989,0.89999,1.69,1.00
2017.09.13 23:21:53.747,0.89989,0.89999,1.50,1.00
2017.09.13 23:21:54.253,0.89988,0.89999,3.19,1.00
2017.09.13 23:21:55.090,0.89988,0.89999,3.94,1.00
2017.09.13 23:21:57.068,0.8999,0.89999,1.00,1.00
2017.09.13 23:21:58.062,0.89989,0.89999,1.00,1.00
2017.09.13 23:21:59.192,0.89988,0.89999,3.94,1.00
2017.09.13 23:22:01.216,0.89989,0.89999,1.50,1.00
2017.09.13 23:22:03.474,0.89988,0.89999,3.19,1.00
2017.09.13 23:22:03.526,0.89988,0.90001,3.19,2.44
2017.09.13 23:22:04.185,0.89988,0.9,3.56,1.00
2017.09.13 23:22:08.711,0.89988,0.9,3.56,1.00
2017.09.13 23:22:09.494,0.89989,0.9,1.12,1.00
2017.09.13 23:22:11.134,0.89989,0.9,1.37,1.00
2017.09.13 23:22:13.817,0.89989,0.9,3.56,1.00
2017.09.13 23:22:14.474,0.8999,0.9,1.00,1.00
2017.09.13 23:22:15.015,0.89989,0.9,2.06,1.00
2017.09.13 23:22:15.794,0.89989,0.9,3.94,1.00
2017.09.13 23:22:17.373,0.89989,0.9,2.81,1.00
2017.09.13 23:22:22.020,0.8999,0.9,1.00,1.00
2017.09.13 23:22:22.979,0.89989,0.9,2.06,1.00
2017.09.13 23:22:23.761,0.89989,0.9,3.94,1.00
2017.09.13 23:22:26.566,0.89989,0.9,2.06,1.00
2017.09.13 23:22:27.395,0.89989,0.90001,2.06,1.00
2017.09.13 23:22:28.344,0.8999,0.90001,1.00,1.00
2017.09.13 23:22:28.950,0.8999,0.9,1.00,1.00
2017.09.13 23:22:29.104,0.89987,0.89999,1.62,1.00
2017.09.13 23:22:29.652,0.89987,0.89998,2.06,1.12
2017.09.13 23:22:30.168,0.89988,0.89999,1.00,2.44
2017.09.13 23:22:30.703,0.89987,0.89999,4.31,3.19
2017.09.13 23:22:31.356,0.89988,0.89999,1.87,3.19
2017.09.13 23:22:32.910,0.89987,0.89999,3.19,1.00
2017.09.13 23:22:35.083,0.89987,0.89999,1.31,1.00
2017.09.13 23:22:38.594,0.89988,0.89999,1.00,1.25
2017.09.13 23:22:39.279,0.89987,0.89999,1.31,1.25
2017.09.13 23:22:39.898,0.89987,0.89998,1.31,1.00
2017.09.13 23:22:39.950,0.89987,0.89998,2.44,1.50
2017.09.13 23:22:40.600,0.89987,0.89998,2.44,1.50
2017.09.13 23:22:47.976,0.89989,0.89999,1.50,1.00
2017.09.13 23:22:48.130,0.89989,0.90001,1.50,1.31
2017.09.13 23:22:48.663,0.89989,0.90002,1.00,1.69
2017.09.13 23:22:49.819,0.8999,0.90002,1.00,2.44
2017.09.13 23:22:50.805,0.89989,0.89999,1.50,1.00
2017.09.13 23:22:55.544,0.89988,0.9,1.69,2.81
2017.09.13 23:22:56.500,0.89987,0.89998,3.19,1.00
2017.09.13 23:22:57.020,0.89987,0.89999,1.19,1.69
2017.09.13 23:22:58.124,0.89987,0.89999,1.19,2.62
2017.09.13 23:23:01.129,0.89986,0.89999,3.56,2.62
2017.09.13 23:23:01.645,0.89987,0.89999,2.06,2.06
2017.09.13 23:23:02.195,0.89987,0.89999,1.56,2.81
2017.09.13 23:23:04.991,0.89986,0.89998,2.81,2.25
2017.09.13 23:23:05.518,0.89987,0.89998,1.12,2.25
2017.09.13 23:23:07.977,0.89987,0.89997,1.87,1.00
2017.09.13 23:23:09.001,0.89988,0.89997,1.00,1.25
2017.09.13 23:23:09.155,0.89986,0.89997,1.25,1.50
2017.09.13 23:23:09.895,0.89984,0.89997,3.56,1.69
2017.09.13 23:23:11.192,0.89985,0.89997,2.06,1.19
2017.09.13 23:23:14.143,0.89985,0.89997,1.62,1.00
2017.09.13 23:23:14.739,0.89984,0.89997,2.81,1.00
2017.09.13 23:23:19.067,0.89983,0.89997,3.94,2.44
2017.09.13 23:23:19.583,0.89983,0.89997,3.94,2.44
2017.09.13 23:23:21.116,0.89984,0.89997,1.31,1.25
2017.09.13 23:23:24.091,0.89984,0.89997,3.19,1.25
2017.09.13 23:23:26.035,0.89985,0.89997,1.12,2.06
2017.09.13 23:23:26.819,0.89984,0.89997,1.69,1.25
2017.09.13 23:23:27.497,0.89984,0.89997,1.69,1.31
2017.09.13 23:23:28.086,0.89984,0.89997,1.69,1.31
2017.09.13 23:23:28.820,0.89984,0.89997,1.69,2.25
2017.09.13 23:23:29.346,0.89984,0.89997,1.31,1.69
2017.09.13 23:23:29.640,0.89983,0.89997,3.94,1.87
2017.09.13 23:23:29.877,0.89983,0.89997,2.44,1.25
2017.09.13 23:23:30.414,0.89984,0.89996,1.69,1.25
2017.09.13 23:23:32.223,0.89984,0.89996,1.69,2.44
2017.09.13 23:23:33.208,0.89984,0.89996,1.31,2.62
2017.09.13 23:23:35.144,0.89982,0.89996,2.44,3.75
2017.09.13 23:23:35.591,0.89982,0.89994,1.62,2.62
2017.09.13 23:23:35.643,0.89981,0.89994,1.19,1.69
2017.09.13 23:23:36.160,0.8998,0.89993,2.25,3.56
2017.09.13 23:23:36.675,0.8998,0.89993,2.44,2.62
2017.09.13 23:23:37.150,0.89985,0.89993,1.00,1.00
2017.09.13 23:23:37.254,0.89984,0.89996,1.12,1.25
2017.09.13 23:23:37.306,0.89985,0.89997,1.37,1.44
2017.09.13 23:23:37.818,0.89986,0.89999,1.31,2.81
2017.09.13 23:23:50.835,0.89983,0.89996,2.62,1.00
2017.09.13 23:23:50.989,0.89981,0.89995,3.94,1.19
2017.09.13 23:23:53.002,0.89981,0.89995,2.81,2.81
2017.09.13 23:23:53.538,0.89981,0.89995,2.06,2.62
2017.09.13 23:23:54.994,0.89981,0.89995,3.37,1.69
2017.09.13 23:23:55.569,0.89981,0.89995,3.37,1.69
2017.09.13 23:23:56.330,0.89982,0.89994,1.44,1.31
2017.09.13 23:23:56.746,0.8998,0.89993,3.19,1.00
2017.09.13 23:23:57.264,0.89981,0.89993,1.87,1.25
2017.09.13 23:23:58.112,0.8998,0.89994,3.00,1.31
2017.09.13 23:23:58.972,0.89981,0.89994,1.31,2.06
2017.09.13 23:23:59.511,0.8998,0.89994,3.75,1.31
2017.09.13 23:24:00.156,0.8998,0.89994,1.31,1.87
2017.09.13 23:24:00.703,0.8998,0.89994,1.31,2.06
2017.09.13 23:24:01.224,0.8998,0.89994,2.44,1.69
2017.09.13 23:24:01.733,0.8998,0.89994,2.44,2.06
2017.09.13 23:24:02.242,0.8998,0.89994,1.69,1.69
2017.09.13 23:24:02.344,0.8998,0.89994,2.62,2.81
2017.09.13 23:24:02.446,0.8998,0.89994,2.62,2.81
2017.09.13 23:24:03.057,0.8998,0.89994,2.44,2.44
2017.09.13 23:24:03.821,0.8998,0.89994,1.69,2.44
2017.09.13 23:24:08.489,0.8998,0.89993,1.87,1.00
2017.09.13 23:24:08.593,0.89982,0.89994,1.69,2.06
2017.09.13 23:24:08.696,0.89983,0.89996,1.25,1.69
2017.09.13 23:24:08.851,0.89981,0.89994,3.56,1.00
2017.09.13 23:24:09.112,0.8998,0.89993,3.37,1.25
2017.09.13 23:24:09.577,0.89978,0.89991,3.19,1.00
2017.09.13 23:24:10.101,0.89979,0.89991,1.12,1.00
2017.09.13 23:24:14.158,0.89979,0.89991,2.25,1.44
2017.09.13 23:24:14.517,0.89981,0.89991,1.50,1.31
2017.09.13 23:24:15.074,0.8998,0.89991,1.87,1.31
2017.09.13 23:24:15.613,0.8998,0.89991,2.25,1.00
2017.09.13 23:24:15.921,0.8998,0.89992,4.87,1.00
2017.09.13 23:24:16.725,0.89982,0.89992,1.12,1.00
2017.09.13 23:24:19.342,0.8998,0.89992,2.44,1.00
2017.09.13 23:24:27.735,0.89982,0.89992,2.06,1.00
2017.09.13 23:24:27.787,0.89981,0.89994,3.37,1.50
2017.09.13 23:24:29.459,0.89982,0.89994,1.19,1.50
2017.09.13 23:24:35.469,0.89981,0.89994,1.87,1.50
2017.09.13 23:24:38.830,0.89981,0.89994,2.06,1.50
2017.09.13 23:24:39.344,0.8998,0.89994,3.94,1.50
2017.09.13 23:24:45.618,0.8998,0.89994,6.75,1.50
2017.09.13 23:24:50.843,0.89981,0.89994,1.56,1.00
2017.09.13 23:24:50.997,0.8998,0.89992,2.62,1.00
2017.09.13 23:24:51.050,0.8998,0.89992,1.87,1.00
2017.09.13 23:24:51.466,0.8998,0.8999,1.19,1.00
2017.09.13 23:24:51.978,0.8998,0.89991,1.19,1.00
2017.09.13 23:24:58.314,0.89981,0.89994,1.25,1.62
2017.09.13 23:24:59.308,0.89983,0.89995,1.00,2.25
2017.09.13 23:24:59.449,0.89983,0.89995,1.00,1.25
2017.09.13 23:24:59.990,0.89984,0.89997,1.12,2.44
2017.09.13 23:25:00.892,0.89983,0.89994,1.00,1.00
2017.09.13 23:25:01.623,0.89983,0.89994,1.50,1.00
2017.09.13 23:25:01.675,0.89982,0.89994,4.87,1.00
2017.09.13 23:25:02.196,0.89982,0.89994,4.50,1.00
2017.09.13 23:25:02.658,0.89982,0.89994,1.87,1.00
2017.09.13 23:25:03.860,0.89982,0.89994,3.00,1.00
2017.09.13 23:25:04.769,0.89983,0.89994,1.50,1.00
2017.09.13 23:25:05.430,0.89982,0.89994,3.00,1.00
2017.09.13 23:25:05.967,0.89983,0.89996,2.06,1.00
2017.09.13 23:25:06.480,0.89982,0.89995,2.06,1.00
2017.09.13 23:25:06.633,0.89982,0.89993,1.44,1.00
2017.09.13 23:25:07.288,0.89982,0.89993,1.31,1.00
2017.09.13 23:25:10.269,0.89983,0.89993,1.12,1.00
2017.09.13 23:25:10.411,0.89983,0.89995,1.31,1.00
2017.09.13 23:25:11.497,0.89984,0.89995,1.69,1.00
2017.09.13 23:25:11.550,0.89985,0.89997,1.25,1.00
2017.09.13 23:25:12.061,0.89985,0.89997,1.44,1.00
2017.09.13 23:25:12.981,0.89985,0.89997,1.25,1.00
2017.09.13 23:25:14.266,0.89985,0.89998,2.81,1.00
2017.09.13 23:25:14.909,0.89985,0.89999,3.37,1.50
2017.09.13 23:25:15.568,0.89985,0.89999,2.44,1.00
2017.09.13 23:25:21.629,0.89986,0.89999,1.31,1.00
2017.09.13 23:25:22.468,0.89986,0.89999,2.06,1.00
2017.09.13 23:25:23.083,0.89986,0.89999,1.31,1.00
2017.09.13 23:25:23.135,0.89985,0.89997,2.44,1.00
2017.09.13 23:25:23.443,0.89981,0.89993,1.00,1.00
2017.09.13 23:25:23.830,0.8998,0.89991,1.87,1.00
2017.09.13 23:25:24.139,0.89979,0.89989,1.31,1.00
2017.09.13 23:25:25.301,0.89978,0.8999,3.37,1.25
2017.09.13 23:25:25.818,0.89979,0.89991,1.87,1.19
2017.09.13 23:25:26.363,0.89979,0.89991,4.12,1.19
2017.09.13 23:25:26.890,0.8998,0.89991,2.62,1.00
2017.09.13 23:25:28.545,0.8998,0.89991,1.50,1.00
2017.09.13 23:25:39.971,0.8998,0.89991,1.31,1.00
2017.09.13 23:25:40.583,0.8998,0.89991,1.31,1.00
2017.09.13 23:25:41.861,0.89981,0.89991,1.00,1.00
2017.09.13 23:25:43.090,0.8998,0.89991,1.31,1.00
2017.09.13 23:25:43.701,0.8998,0.89991,2.44,1.00
2017.09.13 23:25:48.100,0.89979,0.89991,4.31,1.00
2017.09.13 23:25:48.729,0.89981,0.89991,1.12,1.00
2017.09.13 23:25:49.601,0.89979,0.89991,3.19,1.00
2017.09.13 23:25:56.532,0.8998,0.89991,2.44,1.00
2017.09.13 23:25:58.018,0.89981,0.89991,1.12,1.87
2017.09.13 23:25:58.942,0.8998,0.89991,2.44,1.00
2017.09.13 23:25:59.551,0.89981,0.89991,1.31,1.44
2017.09.13 23:26:00.008,0.89981,0.89992,1.31,1.87
2017.09.13 23:26:01.830,0.8998,0.89992,2.06,1.87
2017.09.13 23:26:02.639,0.8998,0.89992,1.19,1.25
2017.09.13 23:26:04.326,0.8998,0.89992,2.44,2.06
2017.09.13 23:26:04.825,0.8998,0.89992,1.19,1.25
2017.09.13 23:26:09.929,0.89979,0.89992,2.06,1.44
2017.09.13 23:26:10.459,0.89979,0.89992,3.00,2.62
2017.09.13 23:26:13.252,0.89978,0.89992,5.62,1.50
2017.09.13 23:26:13.729,0.89979,0.89992,3.00,2.81
2017.09.13 23:26:15.000,0.89981,0.89992,1.00,1.69
2017.09.13 23:26:15.739,0.8998,0.89992,1.31,1.25
2017.09.13 23:26:20.103,0.8998,0.89992,1.25,2.25
2017.09.13 23:26:23.113,0.89979,0.89992,1.69,1.00
2017.09.13 23:26:25.054,0.8998,0.8999,1.00,1.00
2017.09.13 23:26:25.557,0.89978,0.89991,3.94,1.69
2017.09.13 23:26:30.802,0.8998,0.8999,1.12,1.00
2017.09.13 23:26:31.480,0.89979,0.89991,2.06,3.00
2017.09.13 23:26:32.244,0.89979,0.89991,1.25,2.44
2017.09.13 23:26:45.239,0.89979,0.89991,1.69,2.81
2017.09.13 23:26:46.480,0.89979,0.89991,1.69,3.00
2017.09.13 23:26:46.993,0.89979,0.89991,1.31,1.12
2017.09.13 23:26:47.827,0.8998,0.89991,1.00,2.25
2017.09.13 23:26:48.421,0.89979,0.89991,1.31,1.31
2017.09.13 23:26:49.827,0.8998,0.89991,1.00,2.25
2017.09.13 23:26:50.342,0.89979,0.89991,1.31,1.31
2017.09.13 23:26:54.209,0.89979,0.89991,1.62,1.31
2017.09.13 23:26:55.466,0.8998,0.89991,1.12,2.25
2017.09.13 23:26:57.069,0.8998,0.89991,1.12,2.06
2017.09.13 23:26:57.700,0.8998,0.89991,1.12,2.25
2017.09.13 23:26:58.332,0.89978,0.89991,1.69,1.31
2017.09.13 23:27:01.799,0.89978,0.89991,2.06,1.50
2017.09.13 23:27:11.652,0.89979,0.89992,1.12,3.00
2017.09.13 23:27:12.687,0.8998,0.89992,1.00,2.62
2017.09.13 23:27:13.862,0.89979,0.89992,2.25,1.69
2017.09.13 23:27:14.649,0.89979,0.89992,2.62,1.25
2017.09.13 23:27:16.336,0.89979,0.89992,3.00,1.25
2017.09.13 23:27:17.054,0.89979,0.89992,2.62,1.25
2017.09.13 23:27:18.984,0.8998,0.89993,1.00,1.50
2017.09.13 23:27:23.992,0.8998,0.89993,1.25,2.44
2017.09.13 23:27:25.854,0.8998,0.89992,1.31,1.00
2017.09.13 23:27:26.470,0.8998,0.89993,1.25,2.06
2017.09.13 23:27:27.142,0.8998,0.89992,2.06,1.00
2017.09.13 23:27:28.408,0.89981,0.89992,1.00,1.25
2017.09.13 23:27:30.542,0.8998,0.89993,3.19,1.87
2017.09.13 23:27:30.594,0.8998,0.89993,3.19,1.87
2017.09.13 23:27:31.000,0.8998,0.89993,2.44,1.87
2017.09.13 23:27:32.546,0.89979,0.89993,2.44,1.87
2017.09.13 23:27:33.130,0.89979,0.89993,2.81,2.44
2017.09.13 23:27:40.121,0.89979,0.89993,2.62,2.44
2017.09.13 23:27:40.536,0.8998,0.89992,1.19,1.44
2017.09.13 23:27:40.587,0.8998,0.89993,1.19,2.44
2017.09.13 23:27:41.352,0.8998,0.89992,3.56,1.62
2017.09.13 23:27:42.584,0.8998,0.89993,1.19,3.37
2017.09.13 23:27:43.187,0.89981,0.89992,1.25,1.31
2017.09.13 23:27:43.827,0.8998,0.89993,1.69,3.56
2017.09.13 23:27:55.113,0.8998,0.89992,1.87,1.25
2017.09.13 23:27:56.065,0.89979,0.89993,3.75,3.00
2017.09.13 23:27:57.230,0.8998,0.89992,1.87,1.25
2017.09.13 23:27:57.822,0.8998,0.89992,2.06,1.00
2017.09.13 23:27:58.569,0.89979,0.89992,3.19,1.00
2017.09.13 23:27:59.941,0.89979,0.89993,2.44,1.12
2017.09.13 23:28:00.455,0.89979,0.89993,3.75,2.62
2017.09.13 23:28:01.528,0.89979,0.89993,3.19,1.25
2017.09.13 23:28:03.383,0.89979,0.89993,4.31,1.44
2017.09.13 23:28:03.889,0.8998,0.89993,1.25,1.87
2017.09.13 23:28:05.205,0.8998,0.89993,1.62,1.87
2017.09.13 23:28:06.242,0.89979,0.89993,3.75,1.87
2017.09.13 23:28:06.747,0.8998,0.89992,1.87,1.00
2017.09.13 23:28:07.280,0.89979,0.89993,3.19,1.87
2017.09.13 23:28:16.509,0.8998,0.89992,2.81,1.00
2017.09.13 23:28:17.011,0.8998,0.89993,2.81,1.69
2017.09.13 23:28:23.148,0.89979,0.89993,3.94,1.87
2017.09.13 23:28:26.551,0.8998,0.89993,1.25,1.87
2017.09.13 23:28:27.339,0.89981,0.89993,1.00,1.25
2017.09.13 23:28:29.051,0.89979,0.89993,4.31,1.25
2017.09.13 23:28:33.472,0.89981,0.89993,1.00,1.69
2017.09.13 23:28:36.549,0.8998,0.89993,1.69,1.87
2017.09.13 23:28:37.051,0.8998,0.89993,2.44,1.25
2017.09.13 23:28:40.063,0.89979,0.89993,3.56,1.25
2017.09.13 23:28:45.246,0.89981,0.89993,1.50,1.12
2017.09.13 23:28:45.401,0.89981,0.89995,2.62,1.31
2017.09.13 23:28:45.504,0.89984,0.89996,1.25,1.87
2017.09.13 23:28:46.147,0.89984,0.89996,1.44,1.25
2017.09.13 23:28:46.667,0.89985,0.89998,1.25,2.81
2017.09.13 23:28:47.737,0.89985,0.89997,1.00,1.44
2017.09.13 23:28:48.598,0.89984,0.89998,1.25,2.81
2017.09.13 23:28:50.125,0.89985,0.89999,1.00,3.19
2017.09.13 23:28:51.430,0.89985,0.89998,1.00,1.44
2017.09.13 23:28:52.043,0.89985,0.89998,1.00,1.50
2017.09.13 23:28:52.450,0.89985,0.89997,1.00,1.44
2017.09.13 23:28:52.956,0.89985,0.89998,1.00,3.00
2017.09.13 23:28:55.343,0.89985,0.89997,1.50,1.37
2017.09.13 23:28:55.960,0.89985,0.89998,1.00,2.62
2017.09.13 23:29:00.697,0.89985,0.89997,1.00,2.25
2017.09.13 23:29:01.523,0.89985,0.89997,1.00,1.50
2017.09.13 23:29:02.698,0.89985,0.89997,1.00,2.25
2017.09.13 23:29:03.346,0.89985,0.89997,1.00,1.12
2017.09.13 23:29:03.880,0.89983,0.89997,1.62,2.81
2017.09.13 23:29:04.389,0.89983,0.89997,1.25,3.00
2017.09.13 23:29:04.920,0.89983,0.89996,1.25,1.44
2017.09.13 23:29:05.659,0.89983,0.89997,1.25,3.19
2017.09.13 23:29:08.712,0.89983,0.89996,1.25,1.87
2017.09.13 23:29:09.240,0.89983,0.89996,1.31,1.25
2017.09.13 23:29:10.010,0.89983,0.89996,1.31,3.19
2017.09.13 23:29:13.007,0.89983,0.89995,1.12,2.62
2017.09.13 23:29:17.001,0.89983,0.89996,1.87,1.00
2017.09.13 23:29:17.104,0.89986,0.89997,1.00,1.87
2017.09.13 23:29:17.613,0.89984,0.89997,1.62,1.25
2017.09.13 23:29:25.127,0.89984,0.89997,2.62,1.19
2017.09.13 23:29:25.865,0.89984,0.89997,4.69,1.00
2017.09.13 23:29:30.111,0.89984,0.89997,2.44,1.25
2017.09.13 23:29:32.273,0.89985,0.89997,1.25,1.00
2017.09.13 23:29:32.798,0.89985,0.89997,2.44,1.00
2017.09.13 23:29:33.330,0.89985,0.89997,1.69,1.00
2017.09.13 23:29:35.489,0.89986,0.89997,1.00,1.50
2017.09.13 23:29:36.095,0.89985,0.89997,2.44,1.25
2017.09.13 23:29:38.550,0.89985,0.89996,1.69,1.00
2017.09.13 23:29:39.839,0.89986,0.89996,1.00,1.00
2017.09.13 23:29:40.840,0.89985,0.89996,1.69,1.00
2017.09.13 23:29:41.379,0.89985,0.89996,2.06,1.00
2017.09.13 23:29:45.105,0.89985,0.89996,1.31,1.00
2017.09.13 23:29:48.270,0.89986,0.89998,1.25,2.62
2017.09.13 23:29:51.021,0.89986,0.89999,2.25,2.06
2017.09.13 23:29:59.768,0.89985,0.89999,2.25,1.19
2017.09.13 23:30:02.752,0.89986,0.9,1.62,3.37
2017.09.13 23:30:03.260,0.89986,0.9,1.25,2.62
2017.09.13 23:30:03.528,0.89986,0.9,1.70,2.62
2017.09.13 23:30:04.054,0.89987,0.9,1.01,1.69
2017.09.13 23:30:04.157,0.89988,0.89999,1.45,1.25
2017.09.13 23:30:04.658,0.89988,0.89998,1.70,1.00
2017.09.13 23:30:05.170,0.89987,0.89999,1.64,1.25
2017.09.13 23:30:10.129,0.89988,0.9,1.32,1.87
2017.09.13 23:30:14.814,0.89988,0.9,1.01,1.19
2017.09.13 23:30:15.349,0.89988,0.9,1.32,1.31
2017.09.13 23:30:20.120,0.89988,0.89999,1.01,1.31
2017.09.13 23:30:20.971,0.89988,0.89999,1.01,1.31
2017.09.13 23:30:26.825,0.89987,0.89999,2.70,1.12
2017.09.13 23:30:27.678,0.89987,0.89999,1.95,1.12
2017.09.13 23:30:29.620,0.89987,0.89999,1.76,1.25
2017.09.13 23:30:29.723,0.89987,0.89999,2.89,1.00
2017.09.13 23:30:29.978,0.89988,0.89999,1.10,1.25
2017.09.13 23:30:35.729,0.89987,0.89999,2.14,1.00
2017.09.13 23:30:36.294,0.89988,0.89999,1.10,1.25
2017.09.13 23:30:38.951,0.89987,0.89999,2.14,1.25
2017.09.13 23:30:39.598,0.89989,0.89999,1.07,1.25
2017.09.13 23:30:50.950,0.89987,0.89999,2.14,1.25
2017.09.13 23:30:51.480,0.89988,0.89999,1.10,1.25
2017.09.13 23:30:52.747,0.89987,0.89999,2.14,1.25
2017.09.13 23:30:54.679,0.89988,0.89998,1.01,1.00
2017.09.13 23:30:58.141,0.89989,0.89999,1.10,1.00
2017.09.13 23:30:59.138,0.89988,0.89998,1.01,1.00
2017.09.13 23:31:00.176,0.89987,0.89999,4.01,1.00
2017.09.13 23:31:00.728,0.89988,0.89998,1.32,1.00
2017.09.13 23:31:01.513,0.89988,0.89999,1.07,1.00
2017.09.13 23:31:02.695,0.89988,0.89998,1.32,1.00
2017.09.13 23:31:03.700,0.89988,0.89999,1.07,1.00
2017.09.13 23:31:04.967,0.89988,0.89998,1.32,1.00
2017.09.13 23:31:05.577,0.89988,0.89999,1.07,1.00
2017.09.13 23:31:06.762,0.89988,0.89998,1.07,1.00
2017.09.13 23:31:07.371,0.89988,0.89999,1.07,1.25
2017.09.13 23:31:08.949,0.89988,0.89999,1.10,1.25
2017.09.13 23:31:09.463,0.89987,0.89999,2.07,1.25
2017.09.13 23:31:18.628,0.89987,0.89999,1.76,1.12
2017.09.13 23:31:20.346,0.89988,0.89998,1.10,1.00
2017.09.13 23:31:27.017,0.89988,0.89998,1.01,1.00
2017.09.13 23:31:27.549,0.89988,0.89999,1.45,1.00
2017.09.13 23:31:28.075,0.89987,0.89999,2.32,1.00
2017.09.13 23:31:28.602,0.89987,0.89998,2.89,1.00
2017.09.13 23:31:29.109,0.89988,0.89999,1.10,1.00
2017.09.13 23:31:29.693,0.89988,0.89999,1.07,1.00
2017.09.13 23:31:30.204,0.89988,0.89998,1.01,1.00
2017.09.13 23:31:30.728,0.89988,0.89999,1.10,1.00
2017.09.13 23:31:31.348,0.89988,0.89998,1.01,1.00
2017.09.13 23:31:32.407,0.89988,0.89999,1.10,1.00
2017.09.13 23:31:32.920,0.89987,0.89999,2.32,1.00
2017.09.13 23:31:34.178,0.89987,0.89998,3.64,1.00
2017.09.13 23:31:34.824,0.89988,0.89999,1.07,1.25
2017.09.13 23:31:35.482,0.89988,0.89999,1.10,1.25
2017.09.13 23:31:37.184,0.89988,0.89999,1.07,1.00
2017.09.13 23:31:41.984,0.89988,0.89998,1.10,1.00
2017.09.13 23:31:42.574,0.89987,0.89999,2.07,1.00
2017.09.13 23:31:43.155,0.89988,0.89999,1.95,1.00
2017.09.13 23:31:43.699,0.89989,0.89998,1.07,1.00
2017.09.13 23:31:43.925,0.89988,0.89998,1.57,1.00
2017.09.13 23:31:44.433,0.89987,0.89999,2.89,1.00
2017.09.13 23:31:45.281,0.89988,0.89999,1.10,1.00
2017.09.13 23:31:46.154,0.89988,0.89998,1.57,1.00
2017.09.13 23:31:49.012,0.89988,0.89998,1.57,1.00
2017.09.13 23:31:51.349,0.89987,0.89999,2.14,1.00
2017.09.13 23:31:55.002,0.89988,0.89999,1.10,1.00
2017.09.13 23:31:55.995,0.89988,0.89998,1.32,1.00
2017.09.13 23:31:56.542,0.89988,0.89999,1.01,1.12
2017.09.13 23:32:00.140,0.89987,0.89998,2.70,1.00
2017.09.13 23:32:00.649,0.89987,0.89999,1.76,1.12
2017.09.13 23:32:01.152,0.89988,0.89999,1.32,1.12
2017.09.13 23:32:01.945,0.89988,0.89998,1.32,1.25
2017.09.13 23:32:02.952,0.89988,0.89999,1.32,1.12
2017.09.13 23:32:03.834,0.89987,0.89999,1.76,1.12
2017.09.13 23:32:04.866,0.89987,0.89998,1.95,1.00
2017.09.13 23:32:05.606,0.89987,0.89999,2.14,1.25
2017.09.13 23:32:16.788,0.89987,0.89998,2.32,1.25
2017.09.13 23:32:17.339,0.89988,0.89998,1.07,1.25
2017.09.13 23:32:18.154,0.89988,0.89999,1.07,1.25
2017.09.13 23:32:19.154,0.89987,0.89999,1.76,1.25
2017.09.13 23:32:26.047,0.89987,0.89998,1.95,1.25
2017.09.13 23:32:29.131,0.89987,0.89999,1.76,1.00
2017.09.13 23:32:31.578,0.89987,0.89999,1.76,1.00
2017.09.13 23:32:32.763,0.89987,0.89998,1.95,1.00
2017.09.13 23:32:33.372,0.89987,0.89999,1.76,1.00
2017.09.13 23:32:33.875,0.89987,0.89998,1.95,1.00
2017.09.13 23:32:34.425,0.89987,0.89999,1.76,1.00
2017.09.13 23:32:34.927,0.89987,0.89999,2.14,1.00
2017.09.13 23:32:35.687,0.89987,0.89999,2.14,1.00
2017.09.13 23:32:36.272,0.89988,0.89998,1.10,1.00
2017.09.13 23:32:37.105,0.89987,0.89999,1.95,1.25
2017.09.13 23:32:37.888,0.89987,0.89999,2.14,1.00
2017.09.13 23:32:38.428,0.89987,0.89999,1.76,1.00
2017.09.13 23:32:39.177,0.89988,0.89998,1.10,1.00
2017.09.13 23:32:39.709,0.89988,0.89999,1.10,1.25
2017.09.13 23:32:49.037,0.89988,0.89998,1.57,1.25
2017.09.13 23:32:49.621,0.89989,0.89999,1.47,1.25
2017.09.13 23:32:50.156,0.89989,0.9,1.00,1.87
2017.09.13 23:32:50.827,0.89989,0.89999,1.25,1.25
2017.09.13 23:32:51.341,0.89989,0.9,1.00,1.69
2017.09.13 23:32:57.856,0.89989,0.9,1.20,1.69
2017.09.13 23:32:58.933,0.89989,0.89999,1.20,1.00
2017.09.13 23:32:59.594,0.89989,0.9,1.20,1.69
2017.09.13 23:33:00.152,0.89989,0.9,1.20,1.69
2017.09.13 23:33:00.655,0.89989,0.90001,1.37,1.31
2017.09.13 23:33:00.971,0.89989,0.89999,1.10,1.00
2017.09.13 23:33:01.483,0.89989,0.89999,1.07,1.00
2017.09.13 23:33:01.643,0.89988,0.89999,1.20,1.00
2017.09.13 23:33:02.158,0.89988,0.89998,1.10,1.00
2017.09.13 23:33:03.787,0.89987,0.9,2.14,1.25
2017.09.13 23:33:04.318,0.89988,0.9,1.01,1.25
2017.09.13 23:33:05.974,0.89988,0.90001,1.20,2.25
2017.09.13 23:33:06.200,0.89988,0.90001,1.45,2.25
2017.09.13 23:33:06.816,0.89988,0.90001,1.20,2.25
2017.09.13 23:33:07.928,0.89988,0.90001,1.95,2.25
2017.09.13 23:33:08.644,0.89988,0.90001,1.95,2.25
2017.09.13 23:33:09.300,0.89988,0.90001,1.95,2.25
2017.09.13 23:33:10.393,0.89988,0.90001,2.14,1.87
2017.09.13 23:33:13.138,0.89988,0.9,2.14,1.25
2017.09.13 23:33:16.125,0.89989,0.90001,1.01,1.12
2017.09.13 23:33:16.818,0.89989,0.90001,2.14,1.25
2017.09.13 23:33:18.033,0.89989,0.9,1.95,1.00
2017.09.13 23:33:20.131,0.89989,0.90001,1.76,1.25
2017.09.13 23:33:20.819,0.8999,0.90002,1.32,1.31
2017.09.13 23:33:21.329,0.89989,0.90002,1.57,1.44
2017.09.13 23:33:21.880,0.89989,0.90001,1.76,1.25
2017.09.13 23:33:22.612,0.89989,0.90001,1.76,1.25
2017.09.13 23:33:23.163,0.89989,0.9,1.76,1.00
2017.09.13 23:33:23.871,0.89989,0.89999,1.95,1.00
2017.09.13 23:33:24.531,0.89989,0.9,1.76,1.00
2017.09.13 23:33:26.743,0.89989,0.9,1.76,1.00
2017.09.13 23:33:27.984,0.89989,0.89999,1.95,1.00
2017.09.13 23:33:31.272,0.89989,0.9,1.57,1.00
2017.09.13 23:33:31.851,0.89989,0.89999,2.32,1.25
2017.09.13 23:33:32.649,0.89989,0.9,1.20,1.69
2017.09.13 23:33:33.179,0.89989,0.89999,1.20,1.00
2017.09.13 23:33:35.028,0.89989,0.89998,1.57,1.00
2017.09.13 23:33:37.239,0.89989,0.89998,1.07,1.00
2017.09.13 23:33:37.789,0.89989,0.89999,1.45,1.00
2017.09.13 23:33:40.074,0.89989,0.89998,1.47,1.00
2017.09.13 23:33:40.754,0.89988,0.89999,1.95,1.00
2017.09.13 23:33:51.229,0.89988,0.89998,1.47,1.00
2017.09.13 23:33:51.988,0.89988,0.89998,1.10,1.00
2017.09.13 23:33:53.444,0.89988,0.89998,1.07,1.00
2017.09.13 23:33:54.817,0.89988,0.89997,1.57,1.00
2017.09.13 23:33:55.125,0.89984,0.89993,1.25,1.00
2017.09.13 23:33:55.177,0.89983,0.89991,1.01,1.00
2017.09.13 23:33:55.229,0.89982,0.89993,3.45,1.00
2017.09.13 23:33:55.768,0.89983,0.89992,1.01,1.00
2017.09.13 23:33:59.152,0.89984,0.89994,1.76,1.00
2017.09.13 23:33:59.684,0.89984,0.89994,1.39,1.00
2017.09.13 23:34:07.944,0.89984,0.89994,1.39,1.00
2017.09.13 23:34:07.996,0.89984,0.89994,1.70,1.00
2017.09.13 23:34:08.569,0.89984,0.89995,1.01,1.25
2017.09.13 23:34:15.861,0.89984,0.89995,1.01,1.00
2017.09.13 23:34:16.528,0.89985,0.89995,1.07,1.00
2017.09.13 23:34:19.077,0.89985,0.89995,1.10,1.00
2017.09.13 23:34:21.972,0.89985,0.89995,1.07,1.00
2017.09.13 23:34:26.499,0.89984,0.89995,1.76,1.00
2017.09.13 23:34:27.010,0.89984,0.89994,1.45,1.00
2017.09.13 23:34:27.620,0.89983,0.89994,2.07,1.00
2017.09.13 23:34:28.513,0.89983,0.89994,3.26,1.00
2017.09.13 23:34:29.074,0.89983,0.89994,2.07,1.00
2017.09.13 23:34:30.029,0.89983,0.89994,1.70,1.50
2017.09.13 23:34:30.569,0.89983,0.89994,1.01,1.00
2017.09.13 23:34:38.534,0.89985,0.89994,1.07,1.00
2017.09.13 23:34:39.268,0.89985,0.89994,1.20,1.00
2017.09.13 23:34:39.835,0.89984,0.89994,1.20,1.00
2017.09.13 23:34:40.620,0.89985,0.89994,1.10,1.00
2017.09.13 23:34:41.181,0.89985,0.89994,1.07,1.00
2017.09.13 23:34:41.940,0.89985,0.89994,1.10,1.00
2017.09.13 23:34:44.875,0.89985,0.89994,1.07,1.00
2017.09.13 23:34:45.445,0.89983,0.89994,2.14,1.50
2017.09.13 23:34:46.129,0.89985,0.89993,1.07,1.00
2017.09.13 23:34:46.685,0.89984,0.89993,1.45,1.00
2017.09.13 23:34:47.231,0.89985,0.89994,1.47,1.50
2017.09.13 23:34:47.748,0.89984,0.89993,1.95,1.00
2017.09.13 23:34:48.542,0.89983,0.89994,2.89,1.50
2017.09.13 23:34:49.239,0.89983,0.89992,2.89,1.50
2017.09.13 23:34:49.878,0.89983,0.89992,1.70,1.00
2017.09.13 23:34:50.541,0.89983,0.89993,1.70,1.50
2017.09.13 23:34:54.548,0.89985,0.89993,1.10,1.00
2017.09.13 23:34:56.126,0.89984,0.89993,1.82,1.00
2017.09.13 23:34:57.110,0.89983,0.89993,2.32,1.00
2017.09.13 23:34:57.725,0.89983,0.89993,3.82,1.00
2017.09.13 23:34:58.532,0.89983,0.89993,2.32,1.00
2017.09.13 23:35:03.464,0.89985,0.89993,1.07,1.00
2017.09.13 23:35:04.188,0.89983,0.89993,3.45,1.50
2017.09.13 23:35:04.526,0.89983,0.89991,3.45,1.00
2017.09.13 23:35:05.074,0.89983,0.89991,2.70,1.00
2017.09.13 23:35:07.955,0.89984,0.89991,1.10,1.00
2017.09.13 23:35:08.477,0.89983,0.89991,3.45,1.00
2017.09.13 23:35:19.574,0.89982,0.89991,3.00,1.00
2017.09.13 23:35:20.939,0.89982,0.89991,3.00,1.00
2017.09.13 23:35:21.296,0.89983,0.89991,1.37,1.00
2017.09.13 23:35:22.578,0.89982,0.89993,3.19,1.00
2017.09.13 23:35:23.089,0.89982,0.89993,3.00,1.00
2017.09.13 23:35:36.317,0.89983,0.89993,3.00,1.00
2017.09.13 23:35:37.007,0.89983,0.89993,2.25,1.00
2017.09.13 23:35:40.729,0.89981,0.89991,3.00,1.00
2017.09.13 23:35:50.266,0.89979,0.8999,4.20,1.00
2017.09.13 23:35:50.369,0.89979,0.89989,1.25,1.00
2017.09.13 23:35:50.914,0.89978,0.89988,2.06,1.00
2017.09.13 23:35:52.553,0.89978,0.89988,3.19,1.25
2017.09.13 23:35:53.219,0.89978,0.89988,3.19,1.25
2017.09.13 23:35:55.970,0.8998,0.89987,1.00,1.00
2017.09.13 23:35:56.521,0.89979,0.89988,2.06,1.69
2017.09.13 23:35:57.375,0.89979,0.89988,3.19,1.25
2017.09.13 23:35:59.242,0.89979,0.89987,2.81,1.00
2017.09.13 23:35:59.780,0.89979,0.89988,1.31,1.69
2017.09.13 23:36:03.064,0.89979,0.89987,1.25,1.00
2017.09.13 23:36:05.722,0.89978,0.89988,2.81,1.69
2017.09.13 23:36:06.225,0.89979,0.89987,1.25,1.00
2017.09.13 23:36:06.751,0.89978,0.89988,2.06,1.69
2017.09.13 23:36:07.806,0.89979,0.89987,1.25,1.00
2017.09.13 23:36:08.062,0.8998,0.89989,2.06,1.00
2017.09.13 23:36:08.572,0.89979,0.89989,2.81,1.00
2017.09.13 23:36:10.184,0.89984,0.89992,1.00,1.00
2017.09.13 23:36:10.715,0.89984,0.89993,1.31,1.00
2017.09.13 23:36:11.455,0.89981,0.89993,1.50,1.69
2017.09.13 23:36:13.732,0.89982,0.89993,3.75,1.25
2017.09.13 23:36:14.996,0.89982,0.89994,2.62,1.69
2017.09.13 23:36:15.715,0.89982,0.89993,4.50,1.25
2017.09.13 23:36:16.621,0.89982,0.89993,3.37,1.87
2017.09.13 23:36:17.158,0.89982,0.89993,2.62,1.69
2017.09.13 23:36:17.734,0.89982,0.89992,2.62,1.00
2017.09.13 23:36:18.511,0.89982,0.89993,2.44,1.69
2017.09.13 23:36:24.024,0.89981,0.89993,2.44,1.69
2017.09.13 23:36:26.112,0.89981,0.89992,3.19,1.00
2017.09.13 23:36:31.743,0.89983,0.89992,1.25,1.50
2017.09.13 23:36:34.017,0.89981,0.89992,3.19,1.00
2017.09.13 23:36:34.637,0.89982,0.89992,2.06,1.50
2017.09.13 23:36:35.177,0.89981,0.89992,3.19,1.00
2017.09.13 23:36:36.034,0.89981,0.89992,3.00,1.00
2017.09.13 23:36:39.833,0.89981,0.89992,2.25,1.00
2017.09.13 23:36:40.376,0.89982,0.89993,2.25,1.25
2017.09.13 23:36:40.937,0.89983,0.89993,1.25,1.25
2017.09.13 23:36:41.468,0.89982,0.89993,1.87,1.25
2017.09.13 23:36:41.905,0.89983,0.89993,1.44,1.25
2017.09.13 23:36:42.084,0.89982,0.89993,2.25,1.25
2017.09.13 23:36:42.594,0.89983,0.89993,1.25,1.25
2017.09.13 23:36:43.103,0.89982,0.89993,2.25,1.25
2017.09.13 23:36:45.348,0.89982,0.89993,1.50,1.25
2017.09.13 23:36:46.190,0.89981,0.89993,1.87,1.25
2017.09.13 23:36:46.828,0.89981,0.89993,1.56,1.69
2017.09.13 23:36:47.337,0.8998,0.89993,4.69,1.25
2017.09.13 23:36:52.501,0.89982,0.89993,1.31,1.69
2017.09.13 23:36:53.245,0.89981,0.89993,3.19,1.25
2017.09.13 23:36:56.523,0.89981,0.89993,1.56,1.69
2017.09.13 23:36:57.090,0.8998,0.89993,3.19,1.25
2017.09.13 23:36:57.953,0.89981,0.89993,1.56,1.69
2017.09.13 23:37:06.042,0.89981,0.89993,2.06,1.25
2017.09.13 23:37:07.938,0.89981,0.89991,1.69,1.00
2017.09.13 23:37:28.355,0.8998,0.89992,3.94,1.50
2017.09.13 23:37:28.887,0.8998,0.89992,2.44,1.50
2017.09.13 23:37:29.727,0.89981,0.89991,1.87,1.00
2017.09.13 23:37:30.375,0.8998,0.89992,2.44,1.50
2017.09.13 23:37:32.622,0.8998,0.89992,3.00,1.50
2017.09.13 23:37:32.941,0.8998,0.89991,2.62,1.00
2017.09.13 23:37:33.462,0.8998,0.89991,2.81,1.00
2017.09.13 23:37:34.682,0.8998,0.89991,3.37,1.00
2017.09.13 23:37:36.763,0.89981,0.89991,1.00,1.00
2017.09.13 23:37:38.176,0.8998,0.89991,3.56,1.00
2017.09.13 23:37:41.094,0.89981,0.89991,1.12,1.00
2017.09.13 23:37:42.024,0.8998,0.89991,2.25,1.00
2017.09.13 23:37:42.597,0.89981,0.89991,1.69,1.50
2017.09.13 23:37:43.109,0.89981,0.8999,1.12,1.00
2017.09.13 23:37:44.517,0.8998,0.8999,2.44,1.00
2017.09.13 23:37:50.223,0.8998,0.8999,1.69,1.00
2017.09.13 23:37:50.731,0.89981,0.8999,1.00,1.00
2017.09.13 23:37:51.242,0.8998,0.8999,2.62,1.00
2017.09.13 23:37:55.048,0.89979,0.8999,3.56,1.00
2017.09.13 23:37:57.297,0.89979,0.89989,2.62,1.00
2017.09.13 23:38:00.052,0.89978,0.89989,3.94,1.00
2017.09.13 23:38:00.625,0.8998,0.89989,1.50,1.00
2017.09.13 23:38:03.914,0.89979,0.89989,2.06,1.00
2017.09.13 23:38:12.927,0.89978,0.89989,2.62,1.69
2017.09.13 23:38:13.493,0.89978,0.89988,1.69,1.00
2017.09.13 23:38:14.748,0.89978,0.89988,3.19,1.50
2017.09.13 23:38:15.381,0.89979,0.89987,2.62,1.50
2017.09.13 23:38:16.986,0.89979,0.89987,1.00,1.50
2017.09.13 23:38:19.376,0.89979,0.89986,1.50,1.00
2017.09.13 23:38:19.904,0.89979,0.89987,1.12,1.00
2017.09.13 23:38:22.975,0.89976,0.89986,1.94,1.25
2017.09.13 23:38:23.498,0.89975,0.89986,3.56,1.69
2017.09.13 23:38:24.172,0.89975,0.89985,5.06,1.00
2017.09.13 23:38:33.877,0.89975,0.89986,4.12,1.25
2017.09.13 23:38:34.718,0.89975,0.89984,3.00,1.00
2017.09.13 23:38:35.088,0.89974,0.89985,1.37,1.00
2017.09.13 23:38:35.615,0.89974,0.89984,1.12,1.00
2017.09.13 23:38:36.237,0.89974,0.89985,1.25,1.50
2017.09.13 23:38:36.888,0.89973,0.89984,2.62,1.00
2017.09.13 23:38:44.665,0.89974,0.89985,2.25,1.50
2017.09.13 23:38:45.183,0.89974,0.89985,1.50,1.50
2017.09.13 23:38:45.714,0.89974,0.89985,1.50,1.50
2017.09.13 23:38:46.327,0.89975,0.89984,1.00,1.00
2017.09.13 23:38:46.828,0.89974,0.89985,2.25,1.50
2017.09.13 23:38:47.953,0.89975,0.89984,1.25,1.00
2017.09.13 23:38:48.493,0.89974,0.89985,1.50,1.50
2017.09.13 23:38:50.452,0.89975,0.89985,1.25,1.50
2017.09.13 23:38:50.955,0.89975,0.89984,1.25,1.00
2017.09.13 23:38:51.795,0.89974,0.89985,2.25,1.50
2017.09.13 23:38:52.446,0.89974,0.89985,2.62,1.50
2017.09.13 23:38:52.993,0.89975,0.89985,1.00,1.50
2017.09.13 23:38:55.241,0.89975,0.89985,1.50,1.00
2017.09.13 23:38:55.748,0.89975,0.89985,1.12,1.00
2017.09.13 23:38:56.566,0.89976,0.89984,1.00,1.00
2017.09.13 23:38:57.457,0.89975,0.89985,1.50,1.50
2017.09.13 23:38:57.959,0.89975,0.89985,1.50,1.50
2017.09.13 23:39:00.747,0.89975,0.89985,1.37,1.50
2017.09.13 23:39:02.718,0.89976,0.89984,1.00,1.00
2017.09.13 23:39:04.028,0.89975,0.89985,1.12,1.50
2017.09.13 23:39:04.913,0.89976,0.89984,1.00,1.00
2017.09.13 23:39:05.067,0.89973,0.89985,3.37,1.50
2017.09.13 23:39:09.546,0.89977,0.89985,1.00,1.69
2017.09.13 23:39:10.092,0.89976,0.89985,1.00,1.69
2017.09.13 23:39:10.780,0.89975,0.89985,1.12,1.00
2017.09.13 23:39:11.427,0.89975,0.89985,1.50,1.00
2017.09.13 23:39:11.955,0.89974,0.89985,1.87,1.00
2017.09.13 23:39:12.687,0.89975,0.89985,1.37,1.50
2017.09.13 23:39:17.049,0.89974,0.89985,1.50,1.50
2017.09.13 23:39:17.550,0.89975,0.89984,1.31,1.00
2017.09.13 23:39:18.073,0.89975,0.89984,1.69,1.00
2017.09.13 23:39:18.628,0.89976,0.89985,1.00,1.50
2017.09.13 23:39:19.199,0.89976,0.89984,1.50,1.00
2017.09.13 23:39:27.958,0.89973,0.89984,4.87,1.00
2017.09.13 23:39:29.200,0.89974,0.89984,1.87,1.00
2017.09.13 23:39:34.678,0.89976,0.89985,1.69,1.00
2017.09.13 23:39:43.568,0.89976,0.89985,1.69,1.00
2017.09.13 23:39:44.076,0.89975,0.89986,1.31,1.00
2017.09.13 23:39:44.798,0.89974,0.89985,3.37,1.00
2017.09.13 23:39:45.338,0.89975,0.89986,1.19,1.00
2017.09.13 23:39:45.851,0.89975,0.89987,1.69,1.00
2017.09.13 23:39:46.379,0.89974,0.89986,1.87,1.00
2017.09.13 23:39:50.437,0.89976,0.89986,1.31,1.00
2017.09.13 23:39:50.952,0.89975,0.89987,3.00,1.00
2017.09.13 23:39:51.569,0.89977,0.89986,1.25,1.00
2017.09.13 23:39:52.267,0.89977,0.89987,1.25,1.00
2017.09.13 23:39:52.775,0.89976,0.89988,3.19,1.69
2017.09.13 23:39:54.926,0.89976,0.89987,1.31,1.00
2017.09.13 23:39:59.374,0.89975,0.89986,1.69,1.00
2017.09.13 23:39:59.888,0.89975,0.89986,1.19,1.50
2017.09.13 23:40:00.436,0.89975,0.89987,1.56,2.25
2017.09.13 23:40:01.303,0.89976,0.89986,1.31,1.00
2017.09.13 23:40:01.820,0.89975,0.89987,1.56,1.50
2017.09.13 23:40:02.332,0.89975,0.89987,1.56,1.50
2017.09.13 23:40:02.973,0.89976,0.89986,1.69,1.00
2017.09.13 23:40:03.484,0.89975,0.89987,3.19,1.00
2017.09.13 23:40:04.207,0.89977,0.89988,1.31,1.87
2017.09.13 23:40:05.270,0.89976,0.89989,1.19,1.50
2017.09.13 23:40:05.795,0.89976,0.89988,1.19,1.00
2017.09.13 23:40:06.460,0.89976,0.89987,1.19,1.00
2017.09.13 23:40:07.004,0.89976,0.89988,1.44,1.00
2017.09.13 23:40:07.643,0.89976,0.89987,1.19,1.00
2017.09.13 23:40:08.152,0.89976,0.89986,1.44,1.00
2017.09.13 23:40:08.685,0.89976,0.89987,1.19,1.00
2017.09.13 23:40:09.679,0.89976,0.89986,1.62,1.00
2017.09.13 23:40:10.284,0.89976,0.89987,1.44,1.00
2017.09.13 23:40:10.539,0.89977,0.8999,1.31,2.25
2017.09.13 23:40:11.050,0.89977,0.89989,1.31,1.00
2017.09.13 23:40:11.615,0.89977,0.89988,1.56,1.00
2017.09.13 23:40:12.123,0.89977,0.89989,1.44,1.00
2017.09.13 23:40:13.728,0.89977,0.89988,2.06,1.00
2017.09.13 23:40:14.247,0.89977,0.89989,1.19,1.00
2017.09.13 23:40:15.285,0.89978,0.89988,1.69,1.00
2017.09.13 23:40:15.897,0.89977,0.89989,1.31,1.00
2017.09.13 23:40:22.608,0.89977,0.89989,3.94,1.25
2017.09.13 23:40:23.116,0.89978,0.89989,1.25,1.25
2017.09.13 23:40:24.789,0.89978,0.89988,1.69,1.00
2017.09.13 23:40:25.484,0.89978,0.89989,1.25,1.00
2017.09.13 23:40:25.993,0.89978,0.89988,1.25,1.00
2017.09.13 23:40:26.574,0.89977,0.89989,2.81,1.00
2017.09.13 23:40:28.482,0.89978,0.89988,1.25,1.00
2017.09.13 23:40:28.993,0.89977,0.89989,2.81,1.00
2017.09.13 23:40:29.707,0.89978,0.89988,1.12,1.00
2017.09.13 23:40:30.239,0.89977,0.89989,2.06,1.00
2017.09.13 23:40:30.783,0.89977,0.8999,1.69,1.87
2017.09.13 23:40:31.433,0.89977,0.8999,1.31,2.25
2017.09.13 23:40:32.329,0.89977,0.8999,1.19,1.87
2017.09.13 23:40:32.942,0.89977,0.89989,1.19,1.12
2017.09.13 23:40:33.443,0.89977,0.8999,1.19,2.25
2017.09.13 23:40:34.995,0.89977,0.89989,2.06,1.00
2017.09.13 23:40:35.504,0.89977,0.8999,1.19,2.25
2017.09.13 23:40:36.083,0.89977,0.89989,1.19,1.12
2017.09.13 23:40:36.740,0.89977,0.8999,1.19,2.25
2017.09.13 23:40:40.102,0.89977,0.8999,1.19,2.44
2017.09.13 23:40:41.742,0.89977,0.89989,1.19,1.00
2017.09.13 23:40:42.734,0.89977,0.8999,1.19,2.44
2017.09.13 23:40:43.990,0.89977,0.89989,1.19,1.12
2017.09.13 23:40:46.782,0.89977,0.8999,1.19,2.06
2017.09.13 23:40:47.324,0.89977,0.89989,1.19,1.00
2017.09.13 23:40:48.249,0.89977,0.89988,1.56,1.00
2017.09.13 23:40:48.989,0.89977,0.89989,1.31,1.00
2017.09.13 23:40:49.547,0.89977,0.89988,1.56,1.00
2017.09.13 23:40:50.122,0.89977,0.89989,1.19,1.00
2017.09.13 23:40:50.631,0.89977,0.89988,1.44,1.00
2017.09.13 23:40:51.140,0.89977,0.89989,1.31,1.00
2017.09.13 23:40:52.338,0.89977,0.89988,1.44,1.00
2017.09.13 23:40:52.947,0.89977,0.89989,1.31,1.00
2017.09.13 23:40:55.107,0.89976,0.89989,1.69,1.69
2017.09.13 23:40:55.864,0.89976,0.89988,1.37,1.25
2017.09.13 23:40:56.403,0.89976,0.89989,1.69,1.12
2017.09.13 23:40:58.535,0.89976,0.89989,1.87,2.06
2017.09.13 23:40:59.181,0.89976,0.89989,2.06,1.25
2017.09.13 23:40:59.718,0.89977,0.89989,1.19,1.00
2017.09.13 23:41:02.123,0.89976,0.89988,2.06,1.00
2017.09.13 23:41:03.945,0.89976,0.89989,1.87,1.50
2017.09.13 23:41:05.247,0.89982,0.8999,1.25,1.00
2017.09.13 23:41:05.299,0.89981,0.89994,2.81,3.00
2017.09.13 23:41:05.504,0.89984,0.89998,2.62,1.69
2017.09.13 23:41:06.353,0.89985,0.89998,1.50,1.69
2017.09.13 23:41:06.872,0.89985,0.89998,2.25,1.19
2017.09.13 23:41:07.069,0.89985,0.89997,2.44,1.25
2017.09.13 23:41:07.640,0.89985,0.89998,2.25,1.19
2017.09.13 23:41:08.206,0.89985,0.89998,2.25,1.19
2017.09.13 23:41:09.252,0.89985,0.89997,2.81,1.25
2017.09.13 23:41:09.781,0.89985,0.89998,2.62,1.19
2017.09.13 23:41:10.088,0.89985,0.89994,1.31,1.25
2017.09.13 23:41:10.600,0.89985,0.89996,1.12,1.69
2017.09.13 23:41:12.068,0.89985,0.89996,1.37,1.87
2017.09.13 23:41:17.729,0.89985,0.89995,1.31,1.25
2017.09.13 23:41:18.272,0.89984,0.89996,5.62,1.19
2017.09.13 23:41:19.253,0.89984,0.89996,5.62,1.19
2017.09.13 23:41:28.094,0.89986,0.89995,1.00,1.19
2017.09.13 23:41:28.827,0.89986,0.89995,1.00,1.25
2017.09.13 23:41:46.298,0.89985,0.89997,1.62,1.69
2017.09.13 23:41:46.910,0.89985,0.89997,1.44,1.19
2017.09.13 23:41:47.725,0.89985,0.89997,1.69,1.69
2017.09.13 23:41:48.304,0.89985,0.89997,1.50,1.19
2017.09.13 23:41:51.443,0.89984,0.89997,6.37,1.69
2017.09.13 23:41:52.008,0.89984,0.89998,5.62,2.44
2017.09.13 23:41:53.869,0.89984,0.89997,5.25,1.19
2017.09.13 23:41:54.379,0.89984,0.89998,5.25,2.44
2017.09.13 23:41:54.919,0.89984,0.89997,5.25,1.19
2017.09.13 23:41:55.431,0.89985,0.89997,1.37,1.69
2017.09.13 23:41:56.656,0.89984,0.89997,4.50,1.19
2017.09.13 23:42:06.436,0.89985,0.89997,2.19,1.69
2017.09.13 23:42:08.268,0.89986,0.89997,1.00,1.19
2017.09.13 23:42:09.374,0.89985,0.89997,2.19,1.69
2017.09.13 23:42:09.944,0.89986,0.89997,1.00,1.19
2017.09.13 23:42:11.176,0.89985,0.89997,2.19,1.69
2017.09.13 23:42:12.879,0.89986,0.89997,1.00,1.19
2017.09.13 23:42:14.624,0.89985,0.89997,1.87,1.69
2017.09.13 23:42:15.509,0.89986,0.89997,1.00,1.19
2017.09.13 23:42:19.100,0.89985,0.89997,1.87,1.69
2017.09.13 23:42:19.710,0.89986,0.89997,1.00,1.19
2017.09.13 23:42:23.620,0.89985,0.89997,1.50,1.69
2017.09.13 23:42:23.934,0.89985,0.89998,1.62,1.69
2017.09.13 23:42:25.824,0.89984,0.89996,2.25,1.50
2017.09.13 23:42:33.396,0.89984,0.89996,1.62,1.00
2017.09.13 23:42:52.433,0.89985,0.89996,1.44,1.00
2017.09.13 23:42:52.944,0.89985,0.89996,1.12,1.00
2017.09.13 23:43:08.550,0.89984,0.89995,3.19,1.00
2017.09.13 23:43:10.272,0.89984,0.89995,2.44,1.00
2017.09.13 23:43:10.805,0.89984,0.89995,2.81,1.00
2017.09.13 23:43:30.073,0.89984,0.89995,1.69,1.00
2017.09.13 23:43:31.236,0.89984,0.89995,2.06,1.00
2017.09.13 23:43:31.541,0.89984,0.89995,2.62,1.00
2017.09.13 23:43:32.084,0.89984,0.89995,2.25,1.00
2017.09.13 23:43:32.466,0.89984,0.89995,2.44,1.00
2017.09.13 23:43:32.568,0.89984,0.89995,2.44,1.00
2017.09.13 23:43:34.959,0.89987,0.89998,1.00,1.69
2017.09.13 23:43:42.626,0.89987,0.89996,1.00,1.69
2017.09.13 23:43:42.831,0.89985,0.89995,1.00,1.87
2017.09.13 23:43:43.036,0.89984,0.89992,1.00,3.56
2017.09.13 23:43:43.088,0.89982,0.89992,1.00,3.37
2017.09.13 23:43:43.415,0.89985,0.89995,1.00,1.00
2017.09.13 23:43:43.925,0.89985,0.89996,1.00,1.25
2017.09.13 23:43:44.529,0.89985,0.89995,1.00,1.00
2017.09.13 23:43:45.059,0.89986,0.89995,1.00,1.00
2017.09.13 23:43:46.480,0.89986,0.89994,1.00,1.00
2017.09.13 23:43:51.274,0.89986,0.89995,1.00,1.00
2017.09.13 23:43:51.792,0.89986,0.89996,1.00,1.87
2017.09.13 23:44:01.673,0.89986,0.89995,1.00,1.69
2017.09.13 23:44:02.613,0.89985,0.89995,1.00,1.69
2017.09.13 23:44:03.376,0.89985,0.89996,1.00,1.87
2017.09.13 23:44:09.874,0.89985,0.89995,1.25,1.69
2017.09.13 23:44:10.960,0.89985,0.89996,1.00,1.87
2017.09.13 23:44:25.133,0.89985,0.89996,1.00,1.87
2017.09.13 23:44:36.562,0.89985,0.89995,1.44,1.25
2017.09.13 23:44:37.080,0.89985,0.89996,1.50,1.19
2017.09.13 23:44:40.136,0.89986,0.89996,1.00,1.25
2017.09.13 23:44:40.649,0.89986,0.89998,2.44,1.87
2017.09.13 23:44:42.055,0.89986,0.89997,2.62,1.25
2017.09.13 23:44:43.596,0.89988,0.89999,1.00,1.19
2017.09.13 23:44:43.647,0.89987,0.9,2.44,1.69
2017.09.13 23:44:44.323,0.89987,0.89998,1.00,1.00
2017.09.13 23:44:44.892,0.89987,0.89999,1.00,1.25
2017.09.13 23:44:55.861,0.89987,0.89998,1.25,1.00
2017.09.13 23:44:56.382,0.89987,0.89999,1.25,1.25
2017.09.13 23:45:00.151,0.89989,0.89999,1.00,1.25
2017.09.13 23:45:01.337,0.8999,0.89998,1.00,1.00
2017.09.13 23:45:01.585,0.89988,0.9,1.00,3.19
2017.09.13 23:45:02.130,0.89989,0.9,1.00,2.06
2017.09.13 23:45:09.318,0.89989,0.89998,1.00,1.00
2017.09.13 23:45:09.913,0.89989,0.89999,1.00,1.25
2017.09.13 23:45:11.423,0.8999,0.9,1.00,1.12
2017.09.13 23:45:18.207,0.8999,0.89999,1.00,1.00
2017.09.13 23:45:20.097,0.8999,0.9,1.00,1.25
2017.09.13 23:45:21.800,0.8999,0.90001,1.00,1.19
2017.09.13 23:45:39.353,0.8999,0.89998,1.00,1.00
2017.09.13 23:45:39.901,0.8999,0.89999,1.00,1.25
2017.09.13 23:45:48.256,0.89989,0.89999,1.00,1.25
2017.09.13 23:45:55.929,0.89989,0.89998,1.00,1.00
2017.09.13 23:45:59.986,0.89989,0.9,1.00,1.19
2017.09.13 23:46:04.143,0.89989,0.89998,1.00,1.00
2017.09.13 23:46:04.969,0.89989,0.89999,1.00,1.25
2017.09.13 23:46:10.174,0.89989,0.89999,1.00,1.19
2017.09.13 23:46:15.069,0.8999,0.89999,1.00,1.19
2017.09.13 23:46:29.644,0.8999,0.90001,1.12,1.19
2017.09.13 23:46:31.026,0.89991,0.90001,1.00,1.19
2017.09.13 23:46:59.996,0.89991,0.9,1.00,1.19
2017.09.13 23:47:00.522,0.89991,0.90001,1.00,1.19
2017.09.13 23:47:01.944,0.89991,0.89999,1.00,1.25
2017.09.13 23:47:12.967,0.8999,0.9,1.00,1.19
2017.09.13 23:47:31.102,0.8999,0.9,1.00,1.19
2017.09.13 23:47:40.134,0.8999,0.89999,1.00,1.25
2017.09.13 23:47:46.777,0.8999,0.89998,1.00,1.00
2017.09.13 23:47:47.289,0.8999,0.9,1.00,1.69
2017.09.13 23:47:48.159,0.8999,0.89998,1.00,1.00
2017.09.13 23:47:48.676,0.89991,0.89999,1.00,1.12
2017.09.13 23:47:49.571,0.89991,0.89998,1.00,1.00
2017.09.13 23:47:52.096,0.89991,0.89999,1.00,1.25
2017.09.13 23:47:52.789,0.89991,0.89998,1.00,1.00
2017.09.13 23:47:53.321,0.89991,0.89999,1.00,1.25
2017.09.13 23:47:53.943,0.89991,0.89998,1.00,1.00
2017.09.13 23:47:54.462,0.89991,0.89999,1.00,1.25
2017.09.13 23:47:55.085,0.89991,0.89999,1.00,1.19
2017.09.13 23:47:55.631,0.89991,0.89999,1.00,1.25
2017.09.13 23:47:56.161,0.89991,0.89998,1.00,1.00
2017.09.13 23:47:57.200,0.89991,0.89999,1.00,1.25
2017.09.13 23:48:15.207,0.89989,0.89999,1.12,1.25
2017.09.13 23:48:25.892,0.8999,0.9,1.00,1.19
2017.09.13 23:48:40.157,0.8999,0.9,1.12,1.19
2017.09.13 23:48:45.889,0.8999,0.9,1.12,1.25
2017.09.13 23:48:46.181,0.8999,0.89999,1.12,1.19
2017.09.13 23:48:48.239,0.89988,0.89998,1.50,1.25
2017.09.13 23:48:49.707,0.89989,0.9,1.00,1.19
2017.09.13 23:49:01.721,0.89988,0.89998,1.12,1.25
2017.09.13 23:49:01.826,0.89989,0.89995,1.00,1.00
2017.09.13 23:49:01.878,0.89987,0.89996,1.50,1.25
2017.09.13 23:49:02.411,0.89988,0.89998,1.00,1.31
2017.09.13 23:49:05.147,0.8999,0.89999,1.00,1.19
2017.09.13 23:49:20.097,0.8999,0.89999,1.00,1.69
2017.09.13 23:49:24.016,0.8999,0.89999,1.00,1.19
2017.09.13 23:49:31.518,0.8999,0.89998,1.00,1.19
2017.09.13 23:49:32.033,0.8999,0.89996,1.00,1.00
2017.09.13 23:49:33.629,0.8999,0.89997,1.00,1.25
2017.09.13 23:49:34.096,0.89988,0.89998,1.00,1.19
2017.09.13 23:49:35.314,0.89988,0.89996,1.00,1.00
2017.09.13 23:49:35.940,0.89988,0.89997,1.00,1.25
2017.09.13 23:49:36.628,0.89988,0.89996,1.00,1.00
2017.09.13 23:49:37.173,0.89988,0.89997,1.00,1.25
2017.09.13 23:49:38.154,0.89988,0.89996,1.00,1.00
2017.09.13 23:49:38.745,0.89988,0.89997,1.00,1.25
2017.09.13 23:49:39.410,0.89988,0.89996,1.00,1.00
2017.09.13 23:49:39.996,0.89988,0.89997,1.00,1.25
2017.09.13 23:49:40.735,0.89988,0.89996,1.00,1.00
2017.09.13 23:49:41.244,0.89988,0.89997,1.00,1.25
2017.09.13 23:49:45.412,0.89988,0.89996,1.00,1.25
2017.09.13 23:49:45.465,0.89985,0.89994,4.12,1.25
2017.09.13 23:49:45.607,0.89984,0.89994,1.12,1.25
2017.09.13 23:49:58.081,0.89986,0.89996,1.00,2.81
2017.09.13 23:49:58.471,0.89988,0.89998,1.00,3.19
2017.09.13 23:49:59.776,0.89985,0.89994,1.37,1.25
2017.09.13 23:50:00.286,0.89985,0.89995,1.00,1.19
2017.09.13 23:50:05.528,0.89989,0.89995,1.00,1.69
2017.09.13 23:50:05.580,0.89989,0.89996,1.00,1.25
2017.09.13 23:50:06.381,0.89989,0.89998,1.00,1.19
2017.09.13 23:50:10.122,0.89988,0.89996,1.00,1.00
2017.09.13 23:50:18.670,0.89988,0.89997,1.00,1.31
2017.09.13 23:50:24.091,0.89988,0.89997,1.00,1.31
2017.09.13 23:50:24.719,0.89988,0.89995,1.00,1.00
2017.09.13 23:50:25.530,0.89988,0.89996,1.00,1.25
2017.09.13 23:50:33.200,0.89986,0.89995,1.00,1.00
2017.09.13 23:50:33.747,0.89986,0.89996,1.00,1.25
2017.09.13 23:50:40.974,0.89986,0.89995,1.00,1.00
2017.09.13 23:50:41.754,0.89986,0.89996,1.00,1.25
2017.09.13 23:50:42.520,0.89986,0.89995,1.00,1.00
2017.09.13 23:50:43.613,0.89986,0.89996,1.00,1.25
2017.09.13 23:50:47.805,0.89986,0.89995,1.00,1.00
2017.09.13 23:50:48.306,0.89986,0.89996,1.00,1.25
2017.09.13 23:50:49.142,0.89986,0.89995,1.00,1.00
2017.09.13 23:50:49.956,0.89986,0.89996,1.00,1.25
2017.09.13 23:50:51.141,0.89986,0.89996,1.00,1.19
2017.09.13 23:50:55.090,0.89986,0.89996,1.00,1.25
2017.09.13 23:51:08.725,0.89986,0.89995,1.00,1.00
2017.09.13 23:51:11.247,0.89986,0.89996,1.00,1.25
2017.09.13 23:51:11.790,0.89986,0.89995,1.00,1.00
2017.09.13 23:51:13.982,0.89986,0.89996,1.00,1.25
2017.09.13 23:51:14.848,0.89986,0.89995,1.00,1.00
2017.09.13 23:51:54.974,0.89985,0.89995,1.25,1.00
2017.09.13 23:51:55.584,0.89985,0.89996,1.00,1.00
2017.09.13 23:51:58.720,0.89985,0.89995,1.25,1.00
2017.09.13 23:51:59.418,0.89985,0.89996,1.00,1.00
2017.09.13 23:52:03.890,0.89985,0.89995,1.00,1.00
2017.09.13 23:52:06.264,0.89985,0.89993,1.00,1.00
2017.09.13 23:52:06.366,0.89985,0.89995,1.00,1.25
2017.09.13 23:52:18.190,0.89985,0.89994,1.00,1.00
2017.09.13 23:52:18.724,0.89985,0.89995,1.00,1.25
2017.09.13 23:52:19.828,0.89985,0.89994,1.00,1.00
2017.09.13 23:52:20.356,0.89985,0.89995,1.00,1.12
2017.09.13 23:52:24.172,0.89985,0.89994,1.00,1.00
2017.09.13 23:52:25.173,0.89985,0.89995,1.00,1.25
2017.09.13 23:52:32.481,0.89986,0.89994,1.00,1.00
2017.09.13 23:52:32.983,0.89986,0.89996,1.00,1.19
2017.09.13 23:52:40.090,0.89986,0.89996,1.00,1.25
2017.09.13 23:52:40.616,0.89986,0.89996,1.00,1.19
2017.09.13 23:52:52.739,0.89986,0.89996,1.00,1.00
2017.09.13 23:52:53.581,0.89986,0.89995,1.25,1.00
2017.09.13 23:52:54.360,0.89986,0.89996,1.00,1.00
2017.09.13 23:52:57.274,0.89986,0.89995,1.00,1.00
2017.09.13 23:52:57.926,0.89986,0.89996,1.00,1.00
2017.09.13 23:53:03.177,0.89986,0.89995,1.25,1.00
2017.09.13 23:53:05.091,0.89986,0.89996,1.00,1.00
2017.09.13 23:53:05.850,0.89986,0.89995,1.25,1.00
2017.09.13 23:53:06.512,0.89986,0.89996,1.00,1.00
2017.09.13 23:53:07.132,0.89986,0.89995,1.00,1.00
2017.09.13 23:53:08.547,0.89987,0.89995,1.00,1.00
2017.09.13 23:53:10.238,0.89987,0.89996,1.00,1.00
2017.09.13 23:53:12.109,0.89987,0.89995,1.00,1.25
2017.09.13 23:53:15.447,0.89987,0.89994,1.00,1.00
2017.09.13 23:53:16.126,0.89987,0.89995,1.00,1.25
2017.09.13 23:53:30.129,0.89987,0.89996,1.00,1.25
2017.09.13 23:53:32.112,0.89986,0.89994,1.00,1.00
2017.09.13 23:53:36.959,0.89986,0.89995,1.00,1.00
2017.09.13 23:53:37.618,0.89985,0.89995,1.00,1.50
2017.09.13 23:53:37.827,0.8998,0.89991,1.31,1.50
2017.09.13 23:53:38.339,0.89983,0.89992,1.00,1.19
2017.09.13 23:53:38.647,0.89984,0.89994,1.50,1.69
2017.09.13 23:53:39.860,0.89984,0.89994,1.00,1.19
2017.09.13 23:53:42.727,0.89984,0.89995,1.00,2.06
2017.09.13 23:53:43.214,0.89986,0.89994,1.00,1.25
2017.09.13 23:54:10.099,0.89986,0.89995,1.00,2.81
2017.09.13 23:54:18.598,0.89985,0.89995,1.00,2.81
2017.09.13 23:54:25.092,0.89985,0.89995,1.00,2.06
2017.09.13 23:54:38.727,0.89987,0.89996,1.00,2.62
2017.09.13 23:54:47.357,0.89987,0.89995,1.00,1.25
2017.09.13 23:54:47.690,0.8999,0.89999,1.00,1.31
2017.09.13 23:54:48.204,0.89991,0.89999,1.00,1.19
2017.09.13 23:55:05.083,0.89991,0.89999,1.00,1.19
2017.09.13 23:55:06.931,0.8999,0.89999,1.00,1.69
2017.09.13 23:55:07.084,0.89988,0.89999,1.87,2.44
2017.09.13 23:55:07.347,0.89991,0.89998,1.50,1.50
2017.09.13 23:55:07.654,0.89991,0.90001,1.00,1.69
2017.09.13 23:55:07.757,0.89993,0.90003,1.00,3.00
2017.09.13 23:55:19.674,0.89995,0.90003,1.00,1.31
2017.09.13 23:55:23.814,0.89995,0.90004,1.00,1.50
2017.09.13 23:55:23.866,0.89997,0.90006,1.00,2.81
2017.09.13 23:55:24.377,0.89998,0.90005,1.00,1.25
2017.09.13 23:55:26.914,0.89998,0.90007,1.00,1.25
2017.09.13 23:55:27.419,0.89999,0.90007,1.00,1.25
2017.09.13 23:55:32.932,0.9,0.90008,1.00,1.19
2017.09.13 23:55:33.394,0.9,0.9001,1.00,1.31
2017.09.13 23:55:33.903,0.90001,0.90009,1.00,1.00
2017.09.13 23:55:34.427,0.90001,0.9001,1.00,1.31
2017.09.13 23:55:35.080,0.90001,0.90009,1.00,1.00
2017.09.13 23:55:35.608,0.90002,0.90011,1.00,1.87
2017.09.13 23:55:45.316,0.90001,0.90011,1.00,1.69
2017.09.13 23:55:45.573,0.9,0.90008,1.00,1.25
2017.09.13 23:55:46.109,0.89999,0.90009,1.00,2.06
2017.09.13 23:55:47.249,0.89999,0.90007,1.00,1.25
2017.09.13 23:55:48.034,0.89999,0.90008,1.00,1.31
2017.09.13 23:55:48.543,0.89999,0.90007,1.00,1.00
2017.09.13 23:55:49.357,0.89999,0.90008,1.00,1.31
2017.09.13 23:55:50.621,0.89999,0.90007,1.00,1.00
2017.09.13 23:55:51.152,0.89999,0.90008,1.00,1.50
2017.09.13 23:55:55.239,0.89999,0.90007,1.00,1.00
2017.09.13 23:55:55.776,0.89999,0.90008,1.00,1.31
2017.09.13 23:55:56.837,0.89999,0.90007,1.00,1.00
2017.09.13 23:55:57.763,0.89999,0.90008,1.00,1.31
2017.09.13 23:56:00.052,0.89999,0.90007,1.00,1.00
2017.09.13 23:56:09.546,0.89999,0.90008,1.12,1.31
2017.09.13 23:56:10.053,0.89999,0.90007,1.00,1.00
2017.09.13 23:56:24.887,0.89999,0.90006,1.00,1.25
2017.09.13 23:56:25.422,0.89998,0.90007,1.25,1.12
2017.09.13 23:56:31.743,0.89998,0.90006,1.25,1.00
2017.09.13 23:56:32.202,0.9,0.90008,1.00,1.31
2017.09.13 23:56:40.528,0.9,0.90008,1.00,1.31
2017.09.13 23:56:46.338,0.90001,0.9001,1.00,1.25
2017.09.13 23:56:46.442,0.90003,0.90011,1.00,1.31
2017.09.13 23:56:46.988,0.90004,0.90011,1.00,1.25
2017.09.13 23:56:47.526,0.90004,0.9001,1.00,1.00
2017.09.13 23:56:47.816,0.90004,0.90012,1.00,1.25
2017.09.13 23:56:50.866,0.90005,0.90013,1.00,1.12
2017.09.13 23:56:51.376,0.90005,0.90015,1.00,1.50
2017.09.13 23:56:51.921,0.90006,0.90014,1.00,1.00
2017.09.13 23:56:52.358,0.90008,0.90016,1.00,1.19
2017.09.13 23:56:52.665,0.9001,0.90018,1.00,1.69
2017.09.13 23:56:53.411,0.90011,0.90017,1.00,1.00
2017.09.13 23:56:53.925,0.90011,0.90018,1.00,1.00
2017.09.13 23:56:55.089,0.90011,0.90019,1.00,1.00
2017.09.13 23:57:05.041,0.90012,0.9002,1.00,1.87
2017.09.13 23:57:05.568,0.90011,0.90018,1.00,1.25
2017.09.13 23:57:07.434,0.90011,0.90017,1.00,1.00
2017.09.13 23:57:08.043,0.90011,0.90019,1.00,1.50
2017.09.13 23:57:17.453,0.9001,0.90018,1.00,1.25
2017.09.13 23:57:19.552,0.90009,0.90018,1.00,1.87
2017.09.13 23:57:20.097,0.9001,0.90018,1.00,1.69
2017.09.13 23:57:20.618,0.90011,0.90018,1.00,1.69
2017.09.13 23:57:26.838,0.90011,0.90017,1.00,1.00
2017.09.13 23:57:27.855,0.90011,0.90018,1.00,1.87
2017.09.13 23:57:28.943,0.90011,0.90017,1.00,1.00
2017.09.13 23:57:30.125,0.9001,0.90018,1.00,1.87
2017.09.13 23:57:30.734,0.9001,0.90017,1.00,1.50
2017.09.13 23:57:31.736,0.90009,0.90017,1.00,1.25
2017.09.13 23:57:32.241,0.90008,0.90016,1.00,1.00
2017.09.13 23:57:36.389,0.90008,0.90017,1.00,2.25
2017.09.13 23:57:37.723,0.90008,0.90016,1.00,1.00
2017.09.13 23:57:38.234,0.90008,0.90016,1.00,1.44
2017.09.13 23:57:38.865,0.90007,0.90014,1.12,1.00
2017.09.13 23:57:39.396,0.90006,0.90015,1.37,1.25
2017.09.13 23:57:40.731,0.90006,0.90014,1.00,1.00
2017.09.13 23:57:42.871,0.90006,0.90013,1.00,1.00
2017.09.13 23:57:43.532,0.90006,0.90014,1.00,1.00
2017.09.13 23:57:44.702,0.90007,0.90015,1.00,1.25
2017.09.13 23:57:45.298,0.90007,0.90014,1.00,1.00
2017.09.13 23:57:45.801,0.90007,0.90016,1.00,1.31
2017.09.13 23:57:46.822,0.90009,0.90016,1.00,1.87
2017.09.13 23:57:47.313,0.90007,0.90016,1.00,1.31
2017.09.13 23:57:47.828,0.90006,0.90015,1.00,1.25
2017.09.13 23:57:48.494,0.90007,0.90016,1.00,1.50
2017.09.13 23:57:50.237,0.90006,0.90015,1.00,1.25
2017.09.13 23:57:50.441,0.90008,0.90016,1.00,1.19
2017.09.13 23:57:50.646,0.90009,0.90017,1.00,1.25
2017.09.13 23:57:50.842,0.90011,0.90018,1.00,1.25
2017.09.13 23:57:51.171,0.90013,0.90021,1.00,2.81
2017.09.13 23:57:51.224,0.90013,0.90021,1.00,1.25
2017.09.13 23:57:51.328,0.90015,0.90023,1.00,1.69
2017.09.13 23:57:51.740,0.90013,0.90021,1.00,1.00
2017.09.13 23:57:52.266,0.90013,0.9002,1.00,1.00
2017.09.13 23:57:52.797,0.90013,0.90019,1.00,1.00
2017.09.13 23:57:53.338,0.90013,0.9002,1.00,1.00
2017.09.13 23:57:53.893,0.90013,0.90021,1.00,1.00
2017.09.13 23:57:55.066,0.90014,0.90021,1.00,1.00
2017.09.13 23:57:55.577,0.90014,0.9002,1.00,1.00
2017.09.13 23:57:55.780,0.90014,0.90022,1.00,1.31
2017.09.13 23:57:59.122,0.90014,0.9002,1.00,1.00
2017.09.13 23:57:59.275,0.90013,0.90022,1.00,1.87
2017.09.13 23:57:59.582,0.90013,0.9002,1.00,1.00
2017.09.13 23:58:00.109,0.90013,0.90021,1.00,1.00
2017.09.13 23:58:00.678,0.90012,0.9002,1.00,1.00
2017.09.13 23:58:02.242,0.90012,0.90021,1.00,1.00
2017.09.13 23:58:03.161,0.90012,0.90022,1.00,1.50
2017.09.13 23:58:07.965,0.90014,0.90022,1.00,1.50
2017.09.13 23:58:09.914,0.90014,0.90021,1.00,1.00
2017.09.13 23:58:10.700,0.90014,0.90022,1.00,1.50
2017.09.13 23:58:17.028,0.90012,0.90022,1.00,1.50
2017.09.13 23:58:17.541,0.90012,0.90021,1.00,1.00
2017.09.13 23:58:18.045,0.90012,0.90022,1.00,1.31
2017.09.13 23:58:21.366,0.90012,0.90021,1.00,1.00
2017.09.13 23:58:21.921,0.90012,0.90022,1.00,1.31
2017.09.13 23:58:22.885,0.90012,0.90021,1.00,1.00
2017.09.13 23:58:23.434,0.90012,0.90022,1.00,1.31
2017.09.13 23:58:24.081,0.90012,0.90021,1.00,1.00
2017.09.13 23:58:24.635,0.90012,0.90022,1.00,1.31
2017.09.13 23:58:25.191,0.90012,0.90021,1.00,1.00
2017.09.13 23:58:25.891,0.90012,0.90022,1.00,1.31
2017.09.13 23:58:27.675,0.90012,0.90021,1.00,1.00
2017.09.13 23:58:28.216,0.90012,0.90022,1.00,1.31
2017.09.13 23:58:29.105,0.90012,0.90021,1.00,1.00
2017.09.13 23:58:29.882,0.90012,0.90022,1.00,1.31
2017.09.13 23:58:30.416,0.90011,0.9002,1.00,1.00
2017.09.13 23:58:30.855,0.90009,0.90019,1.00,1.12
2017.09.13 23:58:31.619,0.90008,0.90019,2.81,1.87
2017.09.13 23:58:32.173,0.90008,0.90019,2.44,1.12
2017.09.13 23:58:34.941,0.90008,0.90019,1.69,1.12
2017.09.13 23:58:35.617,0.90008,0.90018,1.87,1.00
2017.09.13 23:58:36.157,0.90008,0.90019,1.69,1.50
2017.09.13 23:58:39.791,0.90009,0.9002,1.31,1.00
2017.09.13 23:58:39.842,0.9001,0.9002,1.19,1.00
2017.09.13 23:58:40.355,0.9001,0.90019,1.19,1.00
2017.09.13 23:58:40.901,0.9001,0.90018,1.19,1.00
2017.09.13 23:58:42.950,0.9001,0.90017,1.19,1.00
2017.09.13 23:58:58.432,0.9001,0.90016,1.19,1.00
2017.09.13 23:58:58.637,0.90007,0.90015,1.19,1.00
2017.09.13 23:59:01.657,0.90004,0.90015,1.87,1.00
2017.09.13 23:59:06.653,0.90004,0.90013,3.75,1.00
2017.09.13 23:59:06.705,0.90004,0.90013,1.19,1.00
2017.09.13 23:59:10.571,0.90004,0.90014,1.31,1.00
2017.09.13 23:59:10.868,0.90002,0.90012,2.62,1.00
2017.09.13 23:59:11.177,0.90001,0.9001,1.87,1.00
2017.09.13 23:59:11.691,0.90002,0.90011,1.31,1.00
2017.09.13 23:59:12.000,0.90003,0.90012,1.69,1.00
2017.09.13 23:59:20.626,0.90003,0.90013,2.06,1.00
2017.09.13 23:59:37.596,0.90002,0.90014,5.06,1.00
2017.09.13 23:59:41.920,0.90002,0.90015,5.25,1.00
2017.09.13 23:59:43.989,0.90004,0.90016,1.87,1.50
2017.09.13 23:59:55.300,0.90004,0.90015,2.44,1.00
2017.09.13 23:59:57.076,0.90004,0.90016,1.87,1.50
2017.09.13 23:59:58.889,0.90005,0.90016,4.50,1.00
2017.09.13 23:59:59.044,0.90006,0.90018,3.00,2.25
