2007.09.05 17:00:00.510,0.6759,0.676,8.00,35.90
2007.09.05 17:00:00.570,0.6759,0.676,8.00,37.80
2007.09.05 17:00:00.611,0.6759,0.676,8.00,38.60
2007.09.05 17:00:00.640,0.6759,0.676,8.00,40.20
2007.09.05 17:00:00.674,0.6759,0.676,8.00,41.80
2007.09.05 17:00:00.706,0.6759,0.676,8.00,44.20
2007.09.05 17:00:00.780,0.6759,0.676,8.00,45.60
2007.09.05 17:00:00.812,0.6759,0.676,8.00,46.40
2007.09.05 17:00:00.893,0.6759,0.676,8.00,45.60
2007.09.05 17:00:00.912,0.6759,0.676,8.00,43.20
2007.09.05 17:00:00.975,0.6759,0.676,8.80,40.00
2007.09.05 17:00:01.080,0.6759,0.676,8.80,38.30
2007.09.05 17:00:01.132,0.6759,0.676,9.60,37.50
2007.09.05 17:00:01.230,0.6759,0.676,9.60,35.10
2007.09.05 17:00:01.295,0.6759,0.676,9.60,35.40
2007.09.05 17:00:01.711,0.6759,0.676,9.60,34.60
2007.09.05 17:00:01.833,0.6759,0.676,9.60,33.80
2007.09.05 17:00:01.845,0.6759,0.676,9.60,33.00
2007.09.05 17:00:01.929,0.6759,0.676,10.40,33.00
2007.09.05 17:00:02.018,0.6759,0.676,10.40,32.70
2007.09.05 17:00:03.380,0.6759,0.676,9.60,32.70
2007.09.05 17:00:04.415,0.6759,0.676,9.60,30.30
2007.09.05 17:00:04.466,0.6759,0.676,14.40,18.30
2007.09.05 17:00:04.513,0.6759,0.676,15.20,18.30
2007.09.05 17:00:04.560,0.6759,0.676,15.20,17.50
2007.09.05 17:00:04.660,0.6759,0.676,16.00,17.50
2007.09.05 17:00:04.725,0.6759,0.676,16.00,16.70
2007.09.05 17:00:08.906,0.6759,0.676,16.00,19.10
2007.09.05 17:00:08.930,0.6759,0.676,16.00,27.10
2007.09.05 17:00:09.041,0.6759,0.676,12.00,31.10
2007.09.05 17:00:10.181,0.6759,0.676,11.20,31.10
2007.09.05 17:00:10.562,0.6759,0.676,10.40,31.10
2007.09.05 17:00:14.418,0.6759,0.676,10.40,23.10
2007.09.05 17:00:14.462,0.6759,0.676,10.40,20.70
2007.09.05 17:00:14.527,0.6759,0.676,14.40,16.70
2007.09.05 17:00:16.388,0.67585,0.676,19.20,16.70
2007.09.05 17:00:17.530,0.6759,0.676,4.30,28.70
2007.09.05 17:00:17.539,0.67585,0.676,15.20,31.10
2007.09.05 17:00:17.709,0.6759,0.676,3.90,31.90
2007.09.05 17:00:18.451,0.67585,0.676,14.40,32.70
2007.09.05 17:00:18.949,0.67585,0.676,30.30,24.80
2007.09.05 17:00:18.981,0.6759,0.676,5.90,24.80
2007.09.05 17:00:19.042,0.67585,0.676,45.50,20.80
2007.09.05 17:00:19.168,0.6759,0.676,15.60,16.80
2007.09.05 17:00:27.759,0.6759,0.676,7.80,16.00
2007.09.05 17:00:28.273,0.6759,0.676,15.30,16.00
2007.09.05 17:00:28.825,0.6759,0.676,19.60,15.20
2007.09.05 17:00:29.960,0.67585,0.676,43.20,15.20
2007.09.05 17:00:29.983,0.67585,0.676,22.40,27.10
2007.09.05 17:00:30.031,0.67585,0.676,22.40,31.10
2007.09.05 17:00:30.186,0.67585,0.676,14.40,31.10
2007.09.05 17:00:32.364,0.67585,0.676,15.20,31.10
2007.09.05 17:00:32.403,0.67585,0.676,16.80,31.10
2007.09.05 17:00:32.475,0.67585,0.676,16.00,31.10
2007.09.05 17:00:32.603,0.6759,0.676,5.40,31.10
2007.09.05 17:00:33.730,0.67585,0.676,19.20,19.10
2007.09.05 17:00:33.761,0.67585,0.676,19.20,16.70
2007.09.05 17:00:33.942,0.6759,0.676,4.90,24.70
2007.09.05 17:00:33.965,0.67585,0.676,19.20,27.10
2007.09.05 17:00:34.078,0.67585,0.676,20.80,27.10
2007.09.05 17:00:34.249,0.67585,0.676,28.80,19.20
2007.09.05 17:00:34.273,0.67585,0.676,28.00,19.20
2007.09.05 17:00:34.410,0.6759,0.676,5.80,19.20
2007.09.05 17:00:34.480,0.6759,0.676,10.80,19.20
2007.09.05 17:00:34.499,0.6759,0.676,3.50,19.20
2007.09.05 17:00:35.162,0.6759,0.676,8.70,23.20
2007.09.05 17:00:35.257,0.67585,0.676,22.30,24.00
2007.09.05 17:00:35.359,0.67585,0.676,21.50,24.00
2007.09.05 17:00:35.414,0.6759,0.676,8.80,24.00
2007.09.05 17:00:35.465,0.67585,0.676,12.80,31.90
2007.09.05 17:00:35.995,0.67585,0.676,12.80,31.90
2007.09.05 17:00:36.364,0.67585,0.676,12.80,31.90
2007.09.05 17:00:36.410,0.67585,0.676,12.80,32.70
2007.09.05 17:00:36.545,0.6759,0.676,0.60,33.50
2007.09.05 17:00:38.492,0.67585,0.676,13.60,33.50
2007.09.05 17:00:38.702,0.67585,0.676,12.00,33.50
2007.09.05 17:00:39.003,0.67585,0.676,11.20,32.70
2007.09.05 17:00:39.410,0.67585,0.676,11.20,32.70
2007.09.05 17:00:39.533,0.6759,0.676,3.30,33.50
2007.09.05 17:00:43.945,0.67585,0.676,10.40,34.30
2007.09.05 17:00:50.310,0.6759,0.676,8.00,33.50
2007.09.05 17:00:51.336,0.6759,0.676,8.00,32.70
2007.09.05 17:00:52.030,0.6759,0.676,8.00,33.50
2007.09.05 17:00:53.551,0.6759,0.676,8.00,32.70
2007.09.05 17:00:55.221,0.6759,0.676,8.00,31.90
2007.09.05 17:00:55.334,0.6759,0.676,12.80,27.90
2007.09.05 17:00:55.511,0.6759,0.676,13.60,27.90
2007.09.05 17:00:55.628,0.6759,0.676,13.60,27.10
2007.09.05 17:00:55.753,0.6759,0.676,12.80,27.10
2007.09.05 17:00:56.112,0.6759,0.676,12.00,27.10
2007.09.05 17:00:57.471,0.6759,0.67605,12.00,30.30
2007.09.05 17:00:58.340,0.6759,0.676,12.80,0.80
2007.09.05 17:00:58.406,0.6759,0.67605,13.60,30.30
2007.09.05 17:01:00.060,0.6759,0.67605,12.80,30.30
2007.09.05 17:01:00.240,0.6759,0.67605,12.00,30.30
2007.09.05 17:01:03.106,0.6759,0.67605,12.80,22.30
2007.09.05 17:01:03.191,0.6759,0.676,20.70,0.70
2007.09.05 17:01:03.215,0.6759,0.676,20.70,0.60
2007.09.05 17:01:03.330,0.6759,0.67605,21.50,12.80
2007.09.05 17:01:04.949,0.6759,0.67605,21.50,15.20
2007.09.05 17:01:05.121,0.6759,0.676,21.50,0.60
2007.09.05 17:01:05.242,0.6759,0.67605,13.60,31.10
2007.09.05 17:01:07.679,0.6759,0.676,12.80,0.80
2007.09.05 17:01:07.929,0.6759,0.67605,13.60,30.30
2007.09.05 17:01:12.046,0.6759,0.676,13.60,0.90
2007.09.05 17:01:12.150,0.6759,0.676,13.60,0.50
2007.09.05 17:01:16.210,0.6759,0.67605,13.60,27.90
2007.09.05 17:01:16.231,0.6759,0.67605,13.60,30.30
2007.09.05 17:01:16.646,0.6759,0.67605,13.60,27.90
2007.09.05 17:01:16.799,0.6759,0.676,13.60,0.70
2007.09.05 17:01:18.175,0.6759,0.67605,13.60,22.30
2007.09.05 17:01:18.253,0.6759,0.67605,13.60,30.30
2007.09.05 17:01:19.721,0.6759,0.67605,13.60,27.90
2007.09.05 17:01:19.810,0.6759,0.67605,13.60,19.90
2007.09.05 17:01:23.097,0.6759,0.67605,13.60,27.90
2007.09.05 17:01:23.108,0.6759,0.676,13.60,0.80
2007.09.05 17:01:23.211,0.6759,0.67605,9.60,34.30
2007.09.05 17:01:23.314,0.6759,0.67605,9.60,35.10
2007.09.05 17:01:23.911,0.6759,0.67605,9.60,35.10
2007.09.05 17:01:25.191,0.6759,0.676,13.60,0.50
2007.09.05 17:01:25.780,0.6759,0.676,13.60,26.30
2007.09.05 17:01:25.817,0.6759,0.676,13.60,18.30
2007.09.05 17:01:28.249,0.6759,0.676,14.40,18.30
2007.09.05 17:01:28.321,0.6759,0.676,15.20,18.30
2007.09.05 17:01:28.624,0.6759,0.676,16.00,18.30
2007.09.05 17:01:30.248,0.6759,0.676,16.00,13.50
2007.09.05 17:01:30.357,0.6759,0.676,23.90,5.60
2007.09.05 17:01:30.426,0.6759,0.676,23.90,4.80
2007.09.05 17:01:30.668,0.6759,0.676,24.50,4.80
2007.09.05 17:01:31.194,0.6759,0.676,43.70,4.80
2007.09.05 17:01:31.262,0.6759,0.676,43.70,7.20
2007.09.05 17:01:31.310,0.6759,0.676,43.70,11.20
2007.09.05 17:01:31.361,0.6759,0.676,42.90,11.20
2007.09.05 17:01:31.401,0.6759,0.676,41.50,19.20
2007.09.05 17:01:31.575,0.6759,0.676,39.10,16.80
2007.09.05 17:01:31.588,0.6759,0.676,39.10,12.80
2007.09.05 17:01:31.608,0.6759,0.676,39.10,4.80
2007.09.05 17:01:31.712,0.6759,0.676,22.30,4.80
2007.09.05 17:01:31.765,0.6759,0.676,22.30,7.20
2007.09.05 17:01:31.795,0.6759,0.676,21.60,11.20
2007.09.05 17:01:31.833,0.6759,0.676,21.60,19.20
2007.09.05 17:01:32.096,0.6759,0.676,21.50,19.20
2007.09.05 17:01:32.336,0.6759,0.676,21.50,11.20
2007.09.05 17:01:32.550,0.6759,0.676,13.60,19.10
2007.09.05 17:01:32.594,0.6759,0.676,13.60,16.70
2007.09.05 17:01:32.862,0.6759,0.676,13.60,12.70
2007.09.05 17:01:33.385,0.6759,0.676,21.50,4.80
2007.09.05 17:01:33.585,0.6759,0.676,29.50,4.80
2007.09.05 17:01:33.632,0.6759,0.676,31.90,4.80
2007.09.05 17:01:33.684,0.6759,0.676,40.70,4.80
2007.09.05 17:01:33.789,0.6759,0.676,40.70,8.80
2007.09.05 17:01:33.887,0.6759,0.676,43.90,8.80
2007.09.05 17:01:33.976,0.6759,0.676,44.00,4.80
2007.09.05 17:01:34.102,0.6759,0.676,23.20,12.70
2007.09.05 17:01:34.145,0.6759,0.676,23.20,16.70
2007.09.05 17:01:34.205,0.6759,0.676,14.40,16.70
2007.09.05 17:01:34.222,0.6759,0.676,13.60,16.70
2007.09.05 17:01:34.343,0.6759,0.676,13.60,16.70
2007.09.05 17:01:34.784,0.6759,0.676,13.60,0.70
2007.09.05 17:01:35.024,0.6759,0.676,14.40,0.50
2007.09.05 17:01:35.092,0.6759,0.67605,15.20,19.90
2007.09.05 17:01:35.192,0.6759,0.676,15.20,0.80
2007.09.05 17:01:35.275,0.6759,0.67605,16.00,15.90
2007.09.05 17:01:35.386,0.6759,0.67605,23.90,8.00
2007.09.05 17:01:35.544,0.6759,0.67605,26.30,8.00
2007.09.05 17:01:35.685,0.6759,0.67605,34.30,8.00
2007.09.05 17:01:35.728,0.6759,0.67605,43.10,8.00
2007.09.05 17:01:35.771,0.6759,0.67605,43.10,8.00
2007.09.05 17:01:35.832,0.6759,0.67605,43.70,8.00
2007.09.05 17:01:36.023,0.6759,0.67605,43.80,8.00
2007.09.05 17:01:38.096,0.6759,0.67605,35.80,8.00
2007.09.05 17:01:38.121,0.6759,0.676,33.40,0.80
2007.09.05 17:01:38.229,0.6759,0.676,24.60,0.70
2007.09.05 17:01:38.267,0.6759,0.67605,24.60,12.00
2007.09.05 17:01:38.319,0.6759,0.67605,23.80,12.00
2007.09.05 17:01:38.423,0.6759,0.676,15.20,0.60
2007.09.05 17:01:38.445,0.6759,0.67605,14.40,19.90
2007.09.05 17:01:38.662,0.6759,0.67605,13.60,19.90
2007.09.05 17:01:39.557,0.6759,0.676,13.60,0.60
2007.09.05 17:01:39.563,0.6759,0.676,13.60,0.50
2007.09.05 17:01:48.223,0.6759,0.67605,9.60,34.30
2007.09.05 17:01:48.312,0.6759,0.676,9.60,0.60
2007.09.05 17:01:48.594,0.6759,0.67605,9.60,35.10
2007.09.05 17:01:48.730,0.6759,0.676,13.60,0.60
2007.09.05 17:01:49.371,0.6759,0.676,12.80,0.70
2007.09.05 17:01:49.608,0.6759,0.67605,13.60,31.90
2007.09.05 17:01:57.765,0.6759,0.67605,9.60,35.90
2007.09.05 17:01:57.892,0.6759,0.676,8.80,0.90
2007.09.05 17:01:58.037,0.6759,0.676,8.00,0.60
2007.09.05 17:01:58.385,0.6759,0.67605,8.80,36.70
2007.09.05 17:01:58.798,0.6759,0.67605,8.00,36.70
2007.09.05 17:01:58.892,0.6759,0.67605,8.80,36.70
2007.09.05 17:01:59.333,0.6759,0.676,9.60,0.90
2007.09.05 17:01:59.473,0.6759,0.67605,9.60,35.90
2007.09.05 17:02:01.891,0.6759,0.67605,13.60,31.10
2007.09.05 17:02:01.913,0.6759,0.67605,13.60,31.70
2007.09.05 17:02:02.031,0.6759,0.67605,13.60,30.90
2007.09.05 17:02:02.089,0.6759,0.67605,13.60,30.30
2007.09.05 17:02:11.998,0.6759,0.67605,9.60,34.30
2007.09.05 17:02:26.874,0.6759,0.676,8.80,0.50
2007.09.05 17:02:27.688,0.6759,0.67605,8.80,32.70
2007.09.05 17:02:27.727,0.6759,0.67605,8.80,24.70
2007.09.05 17:02:27.857,0.6759,0.676,17.50,0.80
2007.09.05 17:02:27.949,0.6759,0.67605,18.30,16.80
2007.09.05 17:02:28.760,0.6759,0.67605,17.50,16.80
2007.09.05 17:02:30.044,0.6759,0.67605,18.30,16.80
2007.09.05 17:02:30.073,0.6759,0.676,19.10,0.90
2007.09.05 17:02:30.179,0.6759,0.67605,19.90,16.80
2007.09.05 17:02:30.251,0.6759,0.67605,19.90,19.20
2007.09.05 17:02:30.289,0.6759,0.676,19.90,0.50
2007.09.05 17:02:30.406,0.6759,0.676,19.90,0.70
2007.09.05 17:02:30.500,0.6759,0.67605,12.00,35.90
2007.09.05 17:02:30.559,0.6759,0.67605,12.00,35.90
2007.09.05 17:02:32.736,0.6759,0.67605,12.00,33.50
2007.09.05 17:02:32.785,0.6759,0.676,12.00,0.60
2007.09.05 17:02:33.425,0.6759,0.676,19.90,0.60
2007.09.05 17:02:36.177,0.6759,0.67605,19.90,25.60
2007.09.05 17:02:36.213,0.6759,0.676,19.90,0.80
2007.09.05 17:02:36.296,0.6759,0.676,19.10,0.50
2007.09.05 17:02:36.402,0.6759,0.67605,11.20,35.90
2007.09.05 17:02:36.423,0.6759,0.676,10.40,0.70
2007.09.05 17:02:36.565,0.6759,0.676,9.60,0.70
2007.09.05 17:02:41.745,0.6759,0.67605,9.60,35.10
2007.09.05 17:02:41.781,0.6759,0.67605,9.60,34.30
2007.09.05 17:02:44.252,0.6759,0.67605,17.50,15.20
2007.09.05 17:02:44.310,0.6759,0.67605,17.50,14.40
2007.09.05 17:02:44.345,0.6759,0.676,25.50,0.60
2007.09.05 17:02:44.416,0.6759,0.67605,25.50,14.40
2007.09.05 17:02:45.228,0.6759,0.67605,27.90,12.00
2007.09.05 17:02:45.817,0.6759,0.676,28.00,4.80
2007.09.05 17:02:46.154,0.6759,0.676,25.60,4.80
2007.09.05 17:02:46.455,0.6759,0.676,24.80,4.80
2007.09.05 17:02:48.984,0.6759,0.676,25.60,4.80
2007.09.05 17:02:49.732,0.6759,0.676,26.40,4.80
2007.09.05 17:02:52.473,0.6759,0.676,34.40,4.80
2007.09.05 17:02:52.750,0.6759,0.676,36.80,4.80
2007.09.05 17:02:53.673,0.6759,0.676,37.60,4.80
2007.09.05 17:02:53.765,0.6759,0.676,38.40,4.80
2007.09.05 17:02:53.811,0.6759,0.676,39.20,4.80
2007.09.05 17:02:56.551,0.6759,0.676,43.20,4.80
2007.09.05 17:02:56.639,0.6759,0.676,46.40,4.80
2007.09.05 17:02:56.763,0.6759,0.676,47.20,4.80
2007.09.05 17:02:56.866,0.6759,0.676,48.00,4.80
2007.09.05 17:02:57.106,0.6759,0.676,47.20,4.80
2007.09.05 17:02:57.143,0.6759,0.676,44.70,4.80
2007.09.05 17:02:57.170,0.6759,0.676,40.70,4.80
2007.09.05 17:02:57.279,0.6759,0.676,45.50,4.80
2007.09.05 17:02:57.402,0.6759,0.676,43.10,4.80
2007.09.05 17:02:57.452,0.6759,0.676,42.40,4.80
2007.09.05 17:02:57.650,0.6759,0.676,43.20,4.80
2007.09.05 17:02:57.774,0.6759,0.676,40.80,4.80
2007.09.05 17:02:57.797,0.6759,0.676,29.60,4.80
2007.09.05 17:02:57.904,0.6759,0.676,28.80,4.80
2007.09.05 17:02:59.154,0.6759,0.676,28.00,4.80
2007.09.05 17:03:00.672,0.6759,0.676,27.20,4.80
2007.09.05 17:03:00.705,0.6759,0.676,26.40,4.80
2007.09.05 17:03:02.756,0.6759,0.676,27.20,4.80
2007.09.05 17:03:27.786,0.6759,0.676,21.60,16.70
2007.09.05 17:03:27.798,0.6759,0.676,29.60,4.80
2007.09.05 17:03:32.825,0.6759,0.676,20.80,16.70
2007.09.05 17:03:32.918,0.6759,0.676,12.80,16.70
2007.09.05 17:03:32.946,0.6759,0.676,12.80,20.70
2007.09.05 17:03:34.708,0.6759,0.676,10.40,20.70
2007.09.05 17:03:34.817,0.6759,0.676,10.40,23.10
2007.09.05 17:03:34.910,0.6759,0.676,10.40,31.10
2007.09.05 17:03:35.115,0.6759,0.676,12.80,31.10
2007.09.05 17:03:35.118,0.6759,0.676,12.80,31.90
2007.09.05 17:03:35.329,0.6759,0.676,10.40,31.90
2007.09.05 17:03:35.436,0.6759,0.676,10.40,32.70
2007.09.05 17:03:35.645,0.6759,0.676,12.80,32.70
2007.09.05 17:03:36.250,0.6759,0.676,10.40,32.70
2007.09.05 17:03:36.469,0.6759,0.676,9.60,32.70
2007.09.05 17:03:39.826,0.6759,0.676,12.00,32.70
2007.09.05 17:03:40.242,0.6759,0.676,9.60,32.70
2007.09.05 17:03:43.801,0.6759,0.676,9.60,33.50
2007.09.05 17:03:44.152,0.6759,0.676,9.60,34.30
2007.09.05 17:03:44.234,0.6759,0.676,10.40,34.30
2007.09.05 17:03:44.352,0.6759,0.676,11.20,34.30
2007.09.05 17:03:44.428,0.6759,0.676,10.40,34.30
2007.09.05 17:03:44.463,0.6759,0.676,9.60,34.30
2007.09.05 17:03:45.402,0.6759,0.676,8.80,34.30
2007.09.05 17:03:46.187,0.6759,0.676,8.80,33.50
2007.09.05 17:03:46.195,0.6759,0.676,8.80,32.70
2007.09.05 17:03:49.817,0.67585,0.676,13.60,32.70
2007.09.05 17:03:53.036,0.6759,0.676,1.70,32.70
2007.09.05 17:03:53.371,0.6759,0.676,7.90,32.70
2007.09.05 17:03:53.477,0.67585,0.676,21.60,28.70
2007.09.05 17:03:54.902,0.67585,0.676,21.60,28.70
2007.09.05 17:03:55.951,0.67585,0.676,13.60,28.70
2007.09.05 17:03:56.013,0.67585,0.676,13.60,32.70
2007.09.05 17:04:10.059,0.67585,0.676,13.60,32.70
2007.09.05 17:04:12.377,0.6759,0.676,0.50,33.50
2007.09.05 17:04:12.384,0.6759,0.676,1.20,34.30
2007.09.05 17:04:14.449,0.67585,0.676,13.60,34.30
2007.09.05 17:04:20.926,0.6759,0.676,8.80,33.50
2007.09.05 17:04:21.042,0.6759,0.676,9.60,32.70
2007.09.05 17:04:21.353,0.6759,0.676,9.60,33.50
2007.09.05 17:04:22.142,0.6759,0.676,8.80,34.30
2007.09.05 17:04:22.323,0.6759,0.676,8.80,33.50
2007.09.05 17:04:22.811,0.6759,0.676,9.60,32.70
2007.09.05 17:04:35.104,0.6759,0.676,9.60,32.70
2007.09.05 17:04:35.342,0.6759,0.676,9.60,31.90
2007.09.05 17:04:36.766,0.6759,0.676,9.60,32.70
2007.09.05 17:04:36.778,0.6759,0.676,9.60,33.50
2007.09.05 17:04:40.066,0.6759,0.676,8.80,33.50
2007.09.05 17:04:40.208,0.6759,0.676,8.00,33.50
2007.09.05 17:04:40.935,0.6759,0.676,8.80,33.50
2007.09.05 17:04:41.019,0.6759,0.676,8.80,34.30
2007.09.05 17:04:41.134,0.6759,0.676,8.80,33.50
2007.09.05 17:04:41.254,0.6759,0.676,8.80,32.70
2007.09.05 17:04:41.433,0.6759,0.676,9.60,33.80
2007.09.05 17:04:41.460,0.6759,0.676,8.80,31.90
2007.09.05 17:04:41.842,0.6759,0.676,8.00,32.70
2007.09.05 17:04:41.996,0.6759,0.676,8.80,32.70
2007.09.05 17:04:42.546,0.6759,0.676,8.00,32.70
2007.09.05 17:04:42.870,0.6759,0.676,8.00,34.30
2007.09.05 17:04:42.978,0.6759,0.676,8.00,35.10
2007.09.05 17:04:43.054,0.6759,0.676,8.00,35.90
2007.09.05 17:04:43.202,0.6759,0.676,8.00,36.70
2007.09.05 17:04:46.061,0.6759,0.676,8.00,0.70
2007.09.05 17:04:47.279,0.6759,0.67605,8.00,39.10
2007.09.05 17:04:47.368,0.6759,0.676,8.80,0.80
2007.09.05 17:04:47.400,0.6759,0.67605,8.80,37.50
2007.09.05 17:04:47.558,0.6759,0.67605,8.80,37.50
2007.09.05 17:04:47.648,0.6759,0.67605,9.60,37.50
2007.09.05 17:04:48.784,0.6759,0.676,9.60,0.80
2007.09.05 17:04:49.111,0.6759,0.67605,9.60,35.90
2007.09.05 17:04:49.211,0.6759,0.676,10.40,0.60
2007.09.05 17:04:49.343,0.6759,0.676,10.40,0.90
2007.09.05 17:04:49.855,0.6759,0.67605,9.60,35.90
2007.09.05 17:04:50.808,0.6759,0.67605,9.60,36.70
2007.09.05 17:04:52.387,0.6759,0.67605,8.80,39.90
2007.09.05 17:04:52.441,0.6759,0.67605,8.80,39.90
2007.09.05 17:04:52.464,0.6759,0.676,8.80,0.60
2007.09.05 17:04:52.642,0.6759,0.676,8.80,0.80
2007.09.05 17:04:52.678,0.6759,0.676,8.00,0.80
2007.09.05 17:04:53.191,0.6759,0.67605,8.00,39.90
2007.09.05 17:04:58.303,0.6759,0.67605,8.00,39.10
2007.09.05 17:04:58.316,0.6759,0.67605,8.00,37.50
2007.09.05 17:04:58.564,0.6759,0.67605,8.00,36.70
2007.09.05 17:04:58.754,0.6759,0.676,8.00,0.60
2007.09.05 17:04:58.811,0.6759,0.676,8.00,0.80
2007.09.05 17:04:58.853,0.6759,0.67605,8.80,35.90
2007.09.05 17:04:59.060,0.6759,0.676,9.60,0.90
2007.09.05 17:05:04.914,0.6759,0.676,9.60,0.60
2007.09.05 17:05:05.354,0.6759,0.67605,9.60,35.90
2007.09.05 17:05:05.973,0.6759,0.67605,9.60,36.70
2007.09.05 17:05:08.448,0.6759,0.67605,8.80,36.70
2007.09.05 17:05:08.662,0.6759,0.67605,8.00,36.70
2007.09.05 17:05:08.997,0.6759,0.67605,8.80,37.50
2007.09.05 17:05:09.350,0.6759,0.676,9.60,0.60
2007.09.05 17:05:09.575,0.6759,0.676,9.60,0.50
2007.09.05 17:05:09.740,0.6759,0.676,8.80,0.60
2007.09.05 17:05:09.844,0.6759,0.67605,8.00,38.30
2007.09.05 17:05:10.367,0.6759,0.67605,8.80,38.30
2007.09.05 17:05:10.906,0.6759,0.676,8.00,0.50
2007.09.05 17:05:11.088,0.6759,0.67605,8.80,38.30
2007.09.05 17:05:11.638,0.6759,0.676,8.00,0.90
2007.09.05 17:05:12.835,0.6759,0.676,8.80,0.70
2007.09.05 17:05:13.096,0.6759,0.676,9.60,0.50
2007.09.05 17:05:13.369,0.6759,0.676,9.60,32.70
2007.09.05 17:05:38.412,0.6759,0.676,8.80,34.30
2007.09.05 17:05:38.438,0.6759,0.676,8.80,35.10
2007.09.05 17:05:38.602,0.6759,0.676,8.00,35.90
2007.09.05 17:05:38.726,0.6759,0.676,8.00,35.10
2007.09.05 17:05:38.760,0.6759,0.676,8.00,35.90
2007.09.05 17:05:39.081,0.6759,0.676,8.00,35.10
2007.09.05 17:05:39.170,0.6759,0.676,8.00,35.90
2007.09.05 17:05:39.211,0.6759,0.676,8.00,38.30
2007.09.05 17:05:39.468,0.6759,0.676,8.00,39.10
2007.09.05 17:05:39.928,0.6759,0.676,8.00,38.30
2007.09.05 17:05:40.936,0.6759,0.676,8.00,39.10
2007.09.05 17:05:44.522,0.6759,0.676,8.00,41.30
2007.09.05 17:05:44.589,0.6759,0.676,8.00,42.10
2007.09.05 17:05:44.626,0.6759,0.676,8.00,42.90
2007.09.05 17:05:44.693,0.6759,0.676,8.00,43.70
2007.09.05 17:05:45.039,0.6759,0.676,8.00,40.90
2007.09.05 17:05:45.095,0.6759,0.676,8.00,40.10
2007.09.05 17:05:45.238,0.6759,0.676,8.00,38.50
2007.09.05 17:05:45.278,0.6759,0.676,8.00,46.90
2007.09.05 17:05:45.395,0.6759,0.676,8.00,38.90
2007.09.05 17:05:45.515,0.6759,0.676,8.00,39.70
2007.09.05 17:05:45.724,0.6759,0.676,8.00,37.30
2007.09.05 17:05:46.036,0.6759,0.676,8.00,39.70
2007.09.05 17:05:46.657,0.6759,0.676,8.00,37.30
2007.09.05 17:05:47.848,0.6759,0.676,8.00,37.60
2007.09.05 17:05:48.271,0.6759,0.676,8.80,37.60
2007.09.05 17:05:49.002,0.6759,0.676,8.00,37.60
2007.09.05 17:05:49.312,0.6759,0.676,1.20,37.60
2007.09.05 17:05:52.716,0.67585,0.676,11.20,35.10
2007.09.05 17:05:52.799,0.6759,0.676,2.50,34.30
2007.09.05 17:05:52.997,0.6759,0.676,1.70,36.70
2007.09.05 17:05:53.082,0.6759,0.676,4.00,36.70
2007.09.05 17:05:53.499,0.67585,0.676,8.80,36.70
2007.09.05 17:05:53.503,0.67585,0.676,11.20,34.30
2007.09.05 17:05:54.125,0.67585,0.676,12.00,34.30
2007.09.05 17:05:55.082,0.6759,0.676,2.30,34.30
2007.09.05 17:06:04.223,0.67585,0.676,11.20,31.90
2007.09.05 17:06:04.332,0.6759,0.676,2.60,21.50
2007.09.05 17:06:04.874,0.67585,0.676,12.00,20.70
2007.09.05 17:06:05.705,0.6759,0.676,3.90,21.50
2007.09.05 17:06:05.756,0.67585,0.676,12.00,22.30
2007.09.05 17:06:05.805,0.67585,0.676,12.00,21.80
2007.09.05 17:06:06.126,0.67585,0.676,12.00,29.80
2007.09.05 17:06:06.150,0.67585,0.676,12.00,31.40
2007.09.05 17:06:06.574,0.67585,0.676,12.00,21.00
2007.09.05 17:06:06.677,0.6759,0.676,4.20,20.70
2007.09.05 17:06:08.104,0.67585,0.676,12.00,23.10
2007.09.05 17:06:08.146,0.6759,0.676,1.10,31.40
2007.09.05 17:06:08.256,0.6759,0.676,3.50,31.80
2007.09.05 17:06:08.292,0.67585,0.676,12.00,31.80
2007.09.05 17:06:08.350,0.67585,0.676,12.00,31.40
2007.09.05 17:06:08.580,0.67585,0.676,11.20,31.40
2007.09.05 17:06:08.804,0.67585,0.676,11.20,31.10
2007.09.05 17:06:09.140,0.67585,0.676,12.00,31.10
2007.09.05 17:06:09.670,0.67585,0.676,11.20,32.70
2007.09.05 17:06:09.733,0.6759,0.676,1.20,34.30
2007.09.05 17:06:09.747,0.67585,0.676,11.20,35.10
2007.09.05 17:06:09.790,0.67585,0.676,11.20,35.40
2007.09.05 17:06:10.161,0.67585,0.676,8.80,37.80
2007.09.05 17:06:10.216,0.67585,0.676,8.80,38.60
2007.09.05 17:06:10.296,0.6759,0.676,1.00,37.80
2007.09.05 17:06:10.530,0.6759,0.676,4.40,37.00
2007.09.05 17:06:11.050,0.6759,0.676,1.90,37.00
2007.09.05 17:06:11.795,0.6759,0.676,0.60,37.50
2007.09.05 17:06:11.999,0.67585,0.676,8.80,38.30
2007.09.05 17:06:12.196,0.67585,0.676,8.80,46.30
2007.09.05 17:06:14.297,0.6759,0.676,0.60,46.60
2007.09.05 17:06:14.849,0.6759,0.676,1.40,47.40
2007.09.05 17:06:14.963,0.6759,0.676,2.20,47.10
2007.09.05 17:06:15.281,0.6759,0.676,1.10,47.90
2007.09.05 17:06:16.518,0.6759,0.676,2.10,39.90
2007.09.05 17:06:16.747,0.6759,0.676,4.10,39.90
2007.09.05 17:06:20.319,0.6759,0.676,8.00,40.20
2007.09.05 17:06:20.392,0.6759,0.676,8.00,48.20
2007.09.05 17:06:20.468,0.6759,0.676,4.00,48.20
2007.09.05 17:06:20.832,0.6759,0.676,4.00,48.80
2007.09.05 17:06:23.764,0.6759,0.676,4.00,48.50
2007.09.05 17:06:24.690,0.6759,0.676,4.00,40.50
2007.09.05 17:06:24.720,0.6759,0.676,8.00,40.50
2007.09.05 17:06:26.544,0.6759,0.676,8.00,38.10
2007.09.05 17:06:26.652,0.6759,0.676,8.00,38.90
2007.09.05 17:06:26.757,0.6759,0.676,4.00,38.90
2007.09.05 17:06:26.799,0.6759,0.676,4.00,47.20
2007.09.05 17:06:26.855,0.6759,0.676,4.00,48.00
2007.09.05 17:06:26.894,0.6759,0.676,4.00,55.70
2007.09.05 17:06:27.064,0.6759,0.676,4.00,57.30
2007.09.05 17:06:27.119,0.67585,0.676,4.80,60.90
2007.09.05 17:06:27.238,0.6759,0.676,4.00,60.90
2007.09.05 17:06:27.279,0.6759,0.676,4.00,58.50
2007.09.05 17:06:27.313,0.6759,0.676,4.00,54.50
2007.09.05 17:06:28.195,0.6759,0.676,4.00,56.90
2007.09.05 17:06:30.273,0.6759,0.676,4.00,56.10
2007.09.05 17:06:30.392,0.6759,0.676,4.00,55.90
2007.09.05 17:06:30.589,0.6759,0.676,4.00,57.80
2007.09.05 17:06:30.769,0.6759,0.676,4.00,60.20
2007.09.05 17:06:31.942,0.6759,0.676,4.00,61.80
2007.09.05 17:06:32.053,0.6759,0.676,4.00,63.40
2007.09.05 17:06:32.172,0.6759,0.676,4.00,63.20
2007.09.05 17:06:32.188,0.6759,0.676,4.00,64.00
2007.09.05 17:06:32.203,0.6759,0.67595,4.00,0.80
2007.09.05 17:06:32.461,0.6759,0.67595,4.00,1.60
2007.09.05 17:06:32.702,0.67585,0.67595,4.00,1.60
2007.09.05 17:06:32.714,0.67585,0.67595,4.00,0.80
2007.09.05 17:06:33.068,0.67585,0.676,4.00,63.50
2007.09.05 17:06:33.157,0.67585,0.676,4.00,65.90
2007.09.05 17:06:33.265,0.67585,0.676,4.80,65.90
2007.09.05 17:06:33.350,0.6759,0.676,4.00,60.30
2007.09.05 17:06:33.647,0.67585,0.676,4.80,64.60
2007.09.05 17:06:33.759,0.67585,0.676,4.80,64.90
2007.09.05 17:06:33.804,0.67585,0.676,4.00,64.90
2007.09.05 17:06:35.322,0.67585,0.676,4.00,66.10
2007.09.05 17:06:35.522,0.67585,0.676,4.00,67.30
2007.09.05 17:06:35.794,0.67585,0.67595,4.00,0.80
2007.09.05 17:06:36.420,0.6758,0.67595,48.80,0.80
2007.09.05 17:06:37.689,0.67585,0.676,2.50,65.40
2007.09.05 17:06:37.697,0.67585,0.676,1.90,55.80
2007.09.05 17:06:37.755,0.6758,0.676,44.20,55.00
2007.09.05 17:06:37.801,0.67585,0.676,2.40,48.20
2007.09.05 17:06:37.875,0.6758,0.676,59.40,46.60
2007.09.05 17:06:38.070,0.6758,0.6759,60.20,4.00
2007.09.05 17:06:38.231,0.6758,0.6759,60.20,4.00
2007.09.05 17:06:38.283,0.6758,0.6759,62.20,4.00
2007.09.05 17:06:43.282,0.67585,0.6759,2.20,4.00
2007.09.05 17:06:43.329,0.6758,0.6759,64.20,4.00
2007.09.05 17:06:44.205,0.6758,0.6759,64.20,4.00
2007.09.05 17:06:44.302,0.6758,0.6759,61.00,4.00
2007.09.05 17:06:46.667,0.6758,0.6759,63.40,4.00
2007.09.05 17:06:52.192,0.67585,0.6759,3.50,4.00
2007.09.05 17:06:52.719,0.67585,0.6759,2.70,4.00
2007.09.05 17:06:53.324,0.6758,0.6759,61.00,4.00
2007.09.05 17:06:55.596,0.67585,0.6759,4.80,4.00
2007.09.05 17:06:55.636,0.6759,0.67595,1.00,4.80
2007.09.05 17:06:55.727,0.6759,0.67595,0.90,4.80
2007.09.05 17:06:55.759,0.67585,0.67595,12.80,0.80
2007.09.05 17:06:55.799,0.67585,0.676,10.40,54.60
2007.09.05 17:06:55.839,0.67585,0.676,10.40,54.00
2007.09.05 17:06:56.108,0.6759,0.676,1.40,54.80
2007.09.05 17:06:56.262,0.6758,0.676,56.90,54.80
2007.09.05 17:06:56.493,0.67585,0.676,10.40,54.80
2007.09.05 17:06:56.692,0.6758,0.676,56.90,54.80
2007.09.05 17:06:56.789,0.6759,0.676,0.50,54.80
2007.09.05 17:06:56.823,0.6759,0.676,2.30,52.40
2007.09.05 17:06:57.208,0.67585,0.676,4.50,52.40
2007.09.05 17:06:57.237,0.6758,0.676,56.10,54.80
2007.09.05 17:06:57.416,0.67585,0.676,0.50,55.40
2007.09.05 17:06:57.736,0.67585,0.676,3.30,57.60
2007.09.05 17:06:57.869,0.67585,0.676,2.20,57.60
2007.09.05 17:06:57.942,0.67585,0.67595,1.80,0.80
2007.09.05 17:06:58.150,0.6758,0.67595,58.50,0.80
2007.09.05 17:06:58.250,0.67585,0.67595,11.20,0.80
2007.09.05 17:06:58.691,0.6758,0.67595,56.10,0.80
2007.09.05 17:06:58.963,0.67585,0.676,1.10,57.60
2007.09.05 17:06:59.430,0.6758,0.676,56.10,57.00
2007.09.05 17:07:04.585,0.67585,0.676,2.00,56.60
2007.09.05 17:07:12.229,0.67585,0.676,4.80,57.00
2007.09.05 17:07:19.674,0.67585,0.676,7.20,57.00
2007.09.05 17:07:19.690,0.6759,0.676,4.00,53.00
2007.09.05 17:07:19.799,0.6759,0.67595,4.00,0.80
2007.09.05 17:07:20.209,0.67585,0.67595,4.80,0.80
2007.09.05 17:07:21.025,0.67585,0.676,4.80,57.00
2007.09.05 17:07:21.381,0.6759,0.676,4.00,53.00
2007.09.05 17:07:21.466,0.6759,0.676,4.00,50.60
2007.09.05 17:07:22.171,0.6759,0.676,4.00,53.00
2007.09.05 17:07:22.198,0.67585,0.676,4.80,57.00
2007.09.05 17:07:27.462,0.67585,0.67595,4.80,0.80
2007.09.05 17:07:28.336,0.67585,0.67595,7.20,0.80
2007.09.05 17:07:28.400,0.67585,0.676,7.20,54.60
2007.09.05 17:07:28.413,0.6759,0.676,4.00,50.60
2007.09.05 17:07:28.724,0.67585,0.676,7.20,54.60
2007.09.05 17:07:28.739,0.67585,0.676,4.80,57.00
2007.09.05 17:07:29.346,0.67585,0.676,7.20,57.00
2007.09.05 17:07:29.390,0.6759,0.676,4.00,53.00
2007.09.05 17:07:29.463,0.6759,0.676,4.00,50.60
2007.09.05 17:07:36.815,0.6759,0.676,1.00,50.60
2007.09.05 17:07:41.653,0.6759,0.676,2.10,53.00
2007.09.05 17:07:41.692,0.6758,0.676,56.10,56.70
2007.09.05 17:07:42.348,0.67585,0.676,8.80,52.70
2007.09.05 17:07:45.268,0.67585,0.676,11.20,50.30
2007.09.05 17:07:45.678,0.67585,0.676,8.80,52.70
2007.09.05 17:07:46.836,0.6758,0.676,49.50,59.10
2007.09.05 17:07:46.954,0.67585,0.67595,0.80,4.00
2007.09.05 17:07:47.411,0.6758,0.67595,49.50,4.80
2007.09.05 17:07:47.896,0.6758,0.67595,6.50,4.80
2007.09.05 17:07:48.877,0.6758,0.67595,49.50,4.80
2007.09.05 17:07:52.121,0.67575,0.67595,57.40,5.60
2007.09.05 17:07:52.242,0.67575,0.6759,57.40,2.40
2007.09.05 17:07:52.302,0.67575,0.6759,55.00,10.40
2007.09.05 17:07:52.714,0.67575,0.6759,50.40,14.40
2007.09.05 17:07:52.752,0.6758,0.6759,20.50,12.00
2007.09.05 17:07:52.825,0.6758,0.6759,22.70,4.00
2007.09.05 17:07:58.799,0.6758,0.6759,7.70,4.00
2007.09.05 17:08:01.159,0.6758,0.6759,4.80,4.00
2007.09.05 17:08:09.254,0.6758,0.6759,45.60,4.00
2007.09.05 17:08:10.150,0.67585,0.6759,0.80,4.00
2007.09.05 17:08:10.968,0.6758,0.6759,45.60,4.00
2007.09.05 17:08:11.698,0.67585,0.6759,0.80,4.00
2007.09.05 17:08:13.076,0.6758,0.6759,45.60,4.00
2007.09.05 17:08:15.089,0.67585,0.6759,0.80,4.00
2007.09.05 17:08:15.259,0.67585,0.6759,0.80,12.00
2007.09.05 17:08:15.327,0.67585,0.6759,0.80,14.40
2007.09.05 17:08:15.693,0.6758,0.6759,48.60,14.40
2007.09.05 17:08:15.902,0.6758,0.6759,48.00,14.40
2007.09.05 17:08:16.303,0.6758,0.6759,56.00,6.40
2007.09.05 17:08:16.448,0.6758,0.6759,56.00,4.00
2007.09.05 17:08:16.943,0.6758,0.6759,56.80,4.00
2007.09.05 17:08:18.231,0.67575,0.6759,59.20,4.00
2007.09.05 17:08:20.305,0.6758,0.6759,14.50,4.00
2007.09.05 17:08:20.425,0.67575,0.6759,44.00,4.00
2007.09.05 17:08:21.047,0.6758,0.6759,13.00,4.00
2007.09.05 17:08:21.178,0.67585,0.6759,0.80,4.00
2007.09.05 17:08:21.292,0.6758,0.6759,44.00,4.00
2007.09.05 17:08:23.226,0.6758,0.6759,45.40,6.40
2007.09.05 17:08:23.273,0.67585,0.6759,0.80,14.40
2007.09.05 17:08:23.341,0.6758,0.6759,12.10,14.40
2007.09.05 17:08:23.470,0.6758,0.6759,15.20,14.40
2007.09.05 17:08:23.898,0.67575,0.6759,34.40,26.30
2007.09.05 17:08:25.042,0.67575,0.6759,35.20,26.30
2007.09.05 17:08:25.174,0.6758,0.6759,16.50,23.90
2007.09.05 17:08:25.248,0.67575,0.6759,40.00,11.90
2007.09.05 17:08:25.365,0.67575,0.6759,48.00,4.00
2007.09.05 17:08:25.424,0.67575,0.6759,48.80,4.00
2007.09.05 17:08:25.480,0.67575,0.6759,49.40,4.00
2007.09.05 17:08:25.892,0.6758,0.6759,11.70,4.00
2007.09.05 17:08:26.104,0.67575,0.6759,52.60,4.00
2007.09.05 17:08:29.679,0.6758,0.6759,16.70,6.40
2007.09.05 17:08:29.730,0.67575,0.6759,49.40,6.40
2007.09.05 17:08:29.898,0.6758,0.6759,19.50,6.40
2007.09.05 17:08:30.009,0.6758,0.6759,18.10,22.30
2007.09.05 17:08:30.107,0.67575,0.6759,36.80,26.30
2007.09.05 17:08:31.321,0.67575,0.6759,36.80,23.90
2007.09.05 17:08:31.371,0.67575,0.6759,44.80,4.00
2007.09.05 17:08:34.816,0.6758,0.6759,12.40,4.80
2007.09.05 17:08:35.123,0.67575,0.6759,43.20,4.80
2007.09.05 17:08:35.160,0.67575,0.6759,42.40,4.80
2007.09.05 17:08:35.250,0.67575,0.6759,40.80,4.80
2007.09.05 17:08:35.368,0.67575,0.6759,41.60,13.60
2007.09.05 17:08:35.439,0.67575,0.6759,41.60,5.60
2007.09.05 17:08:36.063,0.6758,0.6759,15.40,5.60
2007.09.05 17:08:36.095,0.67575,0.6759,44.80,5.60
2007.09.05 17:08:36.164,0.67575,0.6759,44.80,5.60
2007.09.05 17:08:38.610,0.6758,0.6759,5.50,5.60
2007.09.05 17:08:45.485,0.67575,0.6759,44.00,4.80
2007.09.05 17:08:45.508,0.6758,0.6759,18.70,4.00
2007.09.05 17:08:46.455,0.67575,0.6759,43.20,4.00
2007.09.05 17:08:46.564,0.67575,0.6759,42.40,4.00
2007.09.05 17:08:46.660,0.6758,0.6759,14.80,4.00
2007.09.05 17:08:47.820,0.67575,0.6759,43.20,4.00
2007.09.05 17:08:48.007,0.67575,0.6759,44.00,4.00
2007.09.05 17:08:48.075,0.6758,0.6759,20.10,4.00
2007.09.05 17:08:51.002,0.67575,0.6759,44.00,4.80
2007.09.05 17:08:51.083,0.67575,0.6759,43.20,4.80
2007.09.05 17:08:51.235,0.6758,0.6759,16.30,4.80
2007.09.05 17:08:51.609,0.67575,0.6759,43.20,4.80
2007.09.05 17:08:51.650,0.67575,0.6759,44.00,4.80
2007.09.05 17:08:51.826,0.67575,0.6759,44.80,4.80
2007.09.05 17:08:53.104,0.67575,0.6759,44.80,4.00
2007.09.05 17:09:04.766,0.6758,0.6759,5.10,4.00
2007.09.05 17:09:04.862,0.67575,0.6759,45.60,4.00
2007.09.05 17:09:04.870,0.6758,0.6759,1.80,4.00
2007.09.05 17:09:05.060,0.67575,0.6759,46.40,4.00
2007.09.05 17:09:05.073,0.6758,0.6759,5.30,4.00
2007.09.05 17:09:05.362,0.6758,0.6759,21.00,4.00
2007.09.05 17:09:05.697,0.6758,0.6759,13.70,4.00
2007.09.05 17:09:05.904,0.67575,0.6759,44.80,4.00
2007.09.05 17:09:15.287,0.6758,0.6759,40.00,4.00
2007.09.05 17:09:15.321,0.6758,0.6759,39.20,4.00
2007.09.05 17:09:15.506,0.6758,0.6759,38.40,4.00
2007.09.05 17:09:15.798,0.6758,0.6759,39.20,4.00
2007.09.05 17:09:15.936,0.6758,0.6759,40.00,4.00
2007.09.05 17:09:16.142,0.6758,0.6759,40.80,4.00
2007.09.05 17:09:16.340,0.6758,0.6759,41.60,4.00
2007.09.05 17:09:16.452,0.6758,0.6759,42.40,4.00
2007.09.05 17:09:16.776,0.6758,0.6759,41.60,4.00
2007.09.05 17:09:16.983,0.6758,0.6759,40.80,4.00
2007.09.05 17:09:20.531,0.67585,0.6759,4.00,4.00
2007.09.05 17:09:20.556,0.67585,0.67595,4.00,1.60
2007.09.05 17:09:20.665,0.67585,0.67595,4.00,0.80
2007.09.05 17:09:21.016,0.6758,0.67595,48.00,4.80
2007.09.05 17:09:21.075,0.6758,0.6759,40.80,4.00
2007.09.05 17:09:24.638,0.67575,0.6759,44.00,4.00
2007.09.05 17:09:32.237,0.6758,0.6759,11.20,4.00
2007.09.05 17:09:32.554,0.67575,0.6759,43.20,4.00
2007.09.05 17:09:32.782,0.67575,0.6759,42.40,4.00
2007.09.05 17:09:32.850,0.67575,0.6759,41.60,4.00
2007.09.05 17:09:33.046,0.67575,0.6759,42.40,4.00
2007.09.05 17:09:33.063,0.67575,0.6759,42.40,4.00
2007.09.05 17:09:33.412,0.67575,0.6759,42.40,4.00
2007.09.05 17:09:44.011,0.67575,0.6759,41.60,4.00
2007.09.05 17:09:44.038,0.67575,0.6759,41.60,4.00
2007.09.05 17:09:45.040,0.67575,0.6759,44.00,4.00
2007.09.05 17:09:45.050,0.6758,0.6759,7.00,4.00
2007.09.05 17:09:50.855,0.67575,0.6759,44.00,4.00
2007.09.05 17:09:50.970,0.67575,0.6759,44.00,4.00
2007.09.05 17:09:52.083,0.67575,0.6759,36.00,4.00
2007.09.05 17:09:52.368,0.67575,0.6759,36.00,8.00
2007.09.05 17:09:57.704,0.6758,0.67595,28.80,9.60
2007.09.05 17:10:00.401,0.6758,0.67595,29.60,9.60
2007.09.05 17:10:00.712,0.6758,0.67595,30.40,9.60
2007.09.05 17:10:00.792,0.6758,0.67595,29.60,9.60
2007.09.05 17:10:01.082,0.6758,0.67595,28.80,9.60
2007.09.05 17:10:04.915,0.6758,0.6759,28.80,0.60
2007.09.05 17:10:05.011,0.6758,0.67595,36.80,9.60
2007.09.05 17:10:08.835,0.6758,0.6759,36.80,0.90
2007.09.05 17:10:08.976,0.6758,0.67595,36.80,12.80
2007.09.05 17:10:09.046,0.6758,0.67595,28.80,32.70
2007.09.05 17:10:09.100,0.6758,0.67595,28.80,32.70
2007.09.05 17:10:09.157,0.6758,0.67595,20.80,32.70
2007.09.05 17:10:09.454,0.6758,0.67595,20.80,28.70
2007.09.05 17:10:09.492,0.6758,0.67595,20.80,25.50
2007.09.05 17:10:09.613,0.6758,0.6759,20.80,0.90
2007.09.05 17:10:09.664,0.6758,0.6759,36.80,0.90
2007.09.05 17:10:09.765,0.6758,0.67595,36.80,10.40
2007.09.05 17:10:09.976,0.6758,0.67595,28.80,30.30
2007.09.05 17:10:10.003,0.6758,0.67595,28.80,33.50
2007.09.05 17:10:10.121,0.6758,0.6759,28.80,0.70
2007.09.05 17:10:10.197,0.6758,0.6759,20.80,0.50
2007.09.05 17:10:10.822,0.6758,0.67595,20.80,32.70
2007.09.05 17:10:11.734,0.6758,0.67595,20.80,33.50
2007.09.05 17:10:11.950,0.6758,0.67595,20.80,34.30
2007.09.05 17:10:22.505,0.6758,0.6759,20.80,0.50
2007.09.05 17:10:37.672,0.6758,0.6759,18.40,34.30
2007.09.05 17:10:37.714,0.6758,0.6759,18.40,42.30
2007.09.05 17:10:37.734,0.6758,0.6759,14.40,42.30
2007.09.05 17:10:37.806,0.6758,0.6759,14.40,50.30
2007.09.05 17:10:40.047,0.6758,0.6759,15.20,42.30
2007.09.05 17:10:40.260,0.6758,0.6759,15.20,34.30
2007.09.05 17:10:40.353,0.6758,0.6759,19.20,34.30
2007.09.05 17:10:41.105,0.6758,0.6759,27.20,26.40
2007.09.05 17:10:41.200,0.6758,0.6759,35.20,25.60
2007.09.05 17:10:41.301,0.6758,0.6759,35.20,21.60
2007.09.05 17:10:41.375,0.6758,0.6759,35.20,20.80
2007.09.05 17:10:41.618,0.6758,0.6759,27.20,28.70
2007.09.05 17:10:41.708,0.6758,0.6759,18.40,28.70
2007.09.05 17:10:41.843,0.6758,0.6759,18.40,32.70
2007.09.05 17:10:47.110,0.6758,0.6759,18.40,31.90
2007.09.05 17:10:47.204,0.6758,0.6759,19.20,31.10
2007.09.05 17:10:47.460,0.6758,0.6759,20.00,30.30
2007.09.05 17:10:47.744,0.6758,0.6759,20.00,26.30
2007.09.05 17:10:48.016,0.6758,0.6759,20.80,26.30
2007.09.05 17:10:48.129,0.6758,0.6759,28.80,27.10
2007.09.05 17:10:48.152,0.6758,0.6759,29.60,27.10
2007.09.05 17:10:48.302,0.6758,0.6759,30.40,27.10
2007.09.05 17:10:48.646,0.6758,0.6759,22.40,27.10
2007.09.05 17:10:48.792,0.6758,0.6759,22.40,31.10
2007.09.05 17:10:49.058,0.6758,0.6759,21.60,31.10
2007.09.05 17:10:49.150,0.6758,0.6759,20.80,31.10
2007.09.05 17:10:49.269,0.6758,0.6759,20.00,31.10
2007.09.05 17:10:49.288,0.6758,0.6759,18.40,31.10
2007.09.05 17:10:49.387,0.6758,0.6759,18.40,31.90
2007.09.05 17:10:53.568,0.6758,0.6759,18.40,32.70
2007.09.05 17:10:53.609,0.6758,0.6759,18.40,33.50
2007.09.05 17:10:56.045,0.6758,0.6759,18.40,34.30
2007.09.05 17:10:57.084,0.6758,0.6759,18.40,33.50
2007.09.05 17:10:57.894,0.6758,0.6759,18.40,34.30
2007.09.05 17:11:00.629,0.6758,0.6759,18.40,42.30
2007.09.05 17:11:00.703,0.6758,0.6759,14.40,42.30
2007.09.05 17:11:11.573,0.6758,0.6759,14.40,41.50
2007.09.05 17:11:11.707,0.6758,0.6759,15.20,40.70
2007.09.05 17:11:11.720,0.6758,0.6759,16.00,39.90
2007.09.05 17:11:11.819,0.6758,0.6759,16.00,39.10
2007.09.05 17:11:11.912,0.6758,0.6759,16.00,38.30
2007.09.05 17:11:12.100,0.6758,0.6759,15.20,38.30
2007.09.05 17:11:12.201,0.6758,0.6759,15.20,39.10
2007.09.05 17:11:12.524,0.6758,0.6759,14.40,39.10
2007.09.05 17:11:12.613,0.6758,0.6759,14.40,39.90
2007.09.05 17:11:13.303,0.6758,0.6759,14.40,40.70
2007.09.05 17:11:23.771,0.6758,0.6759,14.40,41.50
2007.09.05 17:11:24.355,0.6758,0.6759,14.40,42.30
2007.09.05 17:11:32.495,0.6758,0.6759,0.60,42.30
2007.09.05 17:12:00.880,0.6758,0.6759,18.40,42.30
2007.09.05 17:12:00.903,0.6758,0.6759,18.40,34.30
2007.09.05 17:12:01.741,0.6758,0.6759,18.40,42.30
2007.09.05 17:12:01.892,0.6758,0.6759,14.40,42.30
2007.09.05 17:12:03.714,0.6758,0.6759,4.10,42.30
2007.09.05 17:12:23.846,0.6758,0.6759,3.90,41.50
2007.09.05 17:12:24.288,0.67575,0.6759,23.20,40.70
2007.09.05 17:12:24.984,0.6758,0.6759,0.90,41.50
2007.09.05 17:12:25.101,0.6758,0.6759,1.80,42.30
2007.09.05 17:12:31.003,0.6758,0.6759,7.30,41.50
2007.09.05 17:12:31.090,0.67575,0.6759,24.00,41.50
2007.09.05 17:12:31.243,0.67575,0.6759,24.00,40.70
2007.09.05 17:12:31.422,0.67575,0.6759,24.00,32.70
2007.09.05 17:12:31.568,0.67575,0.6759,24.00,32.70
2007.09.05 17:12:31.646,0.6758,0.6759,6.90,32.70
2007.09.05 17:12:41.084,0.6758,0.6759,20.00,32.70
2007.09.05 17:12:46.333,0.6758,0.6759,20.00,31.90
2007.09.05 17:12:46.506,0.6758,0.6759,20.80,31.10
2007.09.05 17:12:46.750,0.6758,0.6759,20.80,26.30
2007.09.05 17:12:46.829,0.6758,0.6759,28.80,26.30
2007.09.05 17:12:49.059,0.6758,0.6759,29.60,26.30
2007.09.05 17:12:49.964,0.6758,0.6759,29.60,27.10
2007.09.05 17:12:50.940,0.6758,0.6759,13.40,27.10
2007.09.05 17:12:58.721,0.67575,0.6759,33.60,26.30
2007.09.05 17:12:59.116,0.67575,0.6759,33.60,27.10
2007.09.05 17:13:03.375,0.67575,0.6759,46.40,15.20
2007.09.05 17:13:03.494,0.6758,0.6759,18.90,14.40
2007.09.05 17:13:06.122,0.67575,0.6759,51.20,14.40
2007.09.05 17:13:06.134,0.6758,0.6759,44.80,14.40
2007.09.05 17:13:06.147,0.6758,0.6759,49.20,10.40
2007.09.05 17:13:06.330,0.67585,0.6759,2.40,8.00
2007.09.05 17:13:06.361,0.6758,0.67595,57.20,0.80
2007.09.05 17:13:06.733,0.6758,0.67595,57.20,0.80
2007.09.05 17:13:07.112,0.67585,0.67595,1.60,4.80
2007.09.05 17:13:13.196,0.67585,0.67595,2.60,4.00
2007.09.05 17:13:14.187,0.6758,0.67595,59.60,4.80
2007.09.05 17:13:15.350,0.6758,0.6759,59.60,2.40
2007.09.05 17:13:15.376,0.67585,0.6759,0.50,10.40
2007.09.05 17:13:15.443,0.6758,0.6759,45.40,10.40
2007.09.05 17:13:17.001,0.67575,0.6759,50.20,10.40
2007.09.05 17:13:18.342,0.6758,0.6759,3.30,10.40
2007.09.05 17:13:20.132,0.67575,0.6759,50.60,10.40
2007.09.05 17:13:20.236,0.67575,0.6759,56.80,10.40
2007.09.05 17:13:23.207,0.6758,0.6759,51.60,10.40
2007.09.05 17:13:25.540,0.6758,0.67595,51.60,15.20
2007.09.05 17:13:25.700,0.6758,0.6759,51.20,0.90
2007.09.05 17:13:28.622,0.6758,0.67595,50.40,15.20
2007.09.05 17:13:28.689,0.6758,0.67595,49.60,15.20
2007.09.05 17:13:28.919,0.6758,0.6759,48.80,0.70
2007.09.05 17:13:30.134,0.6758,0.67595,49.20,15.20
2007.09.05 17:13:30.260,0.6758,0.676,50.00,56.00
2007.09.05 17:13:30.354,0.6758,0.67595,49.20,0.50
2007.09.05 17:13:31.200,0.6758,0.676,50.00,52.20
2007.09.05 17:13:31.469,0.6758,0.67595,51.60,0.70
2007.09.05 17:13:44.733,0.6758,0.6759,47.60,0.90
2007.09.05 17:13:45.157,0.6758,0.67595,49.20,8.80
2007.09.05 17:13:45.216,0.67585,0.67595,2.40,8.80
2007.09.05 17:13:45.304,0.67585,0.67595,3.20,8.80
2007.09.05 17:13:46.500,0.67585,0.67595,7.20,8.80
2007.09.05 17:13:47.596,0.67585,0.67595,3.20,8.80
2007.09.05 17:13:52.542,0.67585,0.67595,4.00,8.80
2007.09.05 17:13:53.048,0.67585,0.6759,2.40,4.00
2007.09.05 17:13:53.247,0.67585,0.6759,1.60,6.40
2007.09.05 17:13:53.309,0.67585,0.6759,1.60,14.40
2007.09.05 17:13:53.443,0.67585,0.6759,1.60,12.00
2007.09.05 17:13:53.505,0.67585,0.6759,1.60,4.00
2007.09.05 17:13:53.643,0.6758,0.6759,50.40,4.00
2007.09.05 17:13:53.713,0.6758,0.6759,49.60,4.00
2007.09.05 17:13:53.762,0.6758,0.6759,49.60,6.40
2007.09.05 17:13:53.842,0.6758,0.6759,51.20,14.40
2007.09.05 17:13:53.944,0.6758,0.6759,50.40,14.40
2007.09.05 17:13:54.233,0.6758,0.6759,53.60,14.40
2007.09.05 17:13:55.008,0.6758,0.6759,50.40,14.40
2007.09.05 17:13:55.409,0.6758,0.6759,52.80,14.40
2007.09.05 17:14:00.613,0.6758,0.6759,52.80,0.80
2007.09.05 17:14:18.394,0.6758,0.67595,52.00,19.20
2007.09.05 17:14:19.326,0.6758,0.6759,52.80,0.50
2007.09.05 17:14:31.152,0.6758,0.6759,52.00,14.40
2007.09.05 17:14:31.264,0.6758,0.6759,52.80,14.40
2007.09.05 17:14:31.648,0.6758,0.6759,50.40,14.40
2007.09.05 17:14:31.679,0.6758,0.6759,46.40,14.40
2007.09.05 17:14:31.775,0.6758,0.6759,46.40,18.40
2007.09.05 17:14:32.509,0.6758,0.6759,46.80,18.40
2007.09.05 17:14:33.004,0.6758,0.6759,53.20,14.40
2007.09.05 17:14:36.685,0.6758,0.6759,53.20,12.00
2007.09.05 17:14:36.847,0.6758,0.6759,53.20,8.00
2007.09.05 17:14:36.950,0.6758,0.6759,53.20,4.00
2007.09.05 17:14:37.205,0.6758,0.6759,53.20,6.40
2007.09.05 17:14:37.370,0.6758,0.6759,53.20,14.40
2007.09.05 17:14:43.774,0.6758,0.6759,52.80,14.40
2007.09.05 17:14:46.724,0.6758,0.6759,52.80,0.70
2007.09.05 17:15:05.997,0.6758,0.6759,52.80,0.90
2007.09.05 17:15:11.580,0.6758,0.67595,50.40,22.40
2007.09.05 17:15:11.588,0.6758,0.67595,46.40,26.40
2007.09.05 17:15:12.095,0.6758,0.67595,48.80,24.00
2007.09.05 17:15:12.103,0.6758,0.67595,52.80,20.00
2007.09.05 17:15:13.412,0.6758,0.6759,48.80,0.50
2007.09.05 17:15:13.520,0.6758,0.67595,46.40,24.00
2007.09.05 17:15:16.082,0.6758,0.6759,48.80,19.20
2007.09.05 17:15:16.122,0.6758,0.6759,52.80,15.20
2007.09.05 17:15:16.698,0.6758,0.6759,50.40,15.20
2007.09.05 17:15:16.752,0.6758,0.6759,45.60,19.20
2007.09.05 17:15:16.945,0.6758,0.6759,44.80,20.00
2007.09.05 17:15:17.077,0.6758,0.6759,46.40,16.00
2007.09.05 17:15:17.108,0.6758,0.6759,44.80,16.00
2007.09.05 17:15:17.276,0.6758,0.6759,45.20,16.00
2007.09.05 17:15:19.263,0.6758,0.6759,44.40,16.00
2007.09.05 17:15:20.192,0.6758,0.6759,45.20,16.00
2007.09.05 17:15:22.011,0.6758,0.6759,46.00,16.00
2007.09.05 17:15:22.027,0.6758,0.6759,46.80,16.00
2007.09.05 17:15:22.667,0.6758,0.6759,47.60,16.00
2007.09.05 17:15:22.768,0.6758,0.6759,48.40,16.00
2007.09.05 17:15:23.380,0.6758,0.6759,48.00,16.00
2007.09.05 17:15:23.718,0.6758,0.6759,48.80,16.00
2007.09.05 17:15:24.017,0.6758,0.6759,48.00,16.00
2007.09.05 17:15:24.206,0.6758,0.6759,50.40,16.00
2007.09.05 17:15:24.223,0.6758,0.6759,54.40,12.00
2007.09.05 17:15:26.305,0.6758,0.6759,53.60,12.00
2007.09.05 17:15:26.357,0.6758,0.6759,52.80,12.00
2007.09.05 17:15:26.632,0.6758,0.6759,53.60,12.00
2007.09.05 17:15:27.083,0.6758,0.6759,52.80,12.00
2007.09.05 17:15:30.261,0.6758,0.6759,53.60,12.00
2007.09.05 17:15:31.082,0.6758,0.6759,52.00,12.00
2007.09.05 17:15:31.182,0.6758,0.6759,51.20,12.00
2007.09.05 17:15:31.296,0.6758,0.6759,52.00,12.00
2007.09.05 17:15:34.671,0.6758,0.6759,49.60,12.00
2007.09.05 17:15:34.726,0.6758,0.6759,45.60,16.00
2007.09.05 17:15:35.172,0.67575,0.6759,48.80,16.00
2007.09.05 17:15:37.824,0.67575,0.6759,44.80,20.00
2007.09.05 17:15:39.276,0.67575,0.6759,48.80,16.00
2007.09.05 17:15:54.066,0.67575,0.6759,49.60,16.00
2007.09.05 17:15:55.197,0.67575,0.6759,52.00,16.00
2007.09.05 17:15:55.381,0.6758,0.6759,24.30,12.00
2007.09.05 17:15:58.069,0.67575,0.6759,53.60,12.00
2007.09.05 17:15:58.172,0.67575,0.6759,49.60,16.00
2007.09.05 17:15:58.685,0.67575,0.6759,52.00,16.00
2007.09.05 17:15:58.804,0.67575,0.6759,56.00,12.00
2007.09.05 17:16:00.009,0.67575,0.6759,56.80,12.00
2007.09.05 17:16:03.710,0.6758,0.6759,52.80,12.00
2007.09.05 17:16:14.935,0.6758,0.6759,53.20,12.00
2007.09.05 17:16:15.849,0.6758,0.6759,54.00,12.00
2007.09.05 17:16:15.946,0.6758,0.6759,54.00,11.20
2007.09.05 17:16:16.506,0.6758,0.6759,54.80,11.20
2007.09.05 17:16:17.309,0.6758,0.6759,54.80,10.40
2007.09.05 17:16:17.832,0.6758,0.6759,54.80,11.20
2007.09.05 17:16:20.142,0.6758,0.6759,54.00,11.20
2007.09.05 17:16:20.307,0.6758,0.6759,53.20,11.20
2007.09.05 17:16:20.521,0.6758,0.6759,52.40,11.20
2007.09.05 17:16:20.658,0.6758,0.6759,53.20,11.20
2007.09.05 17:16:20.820,0.6758,0.6759,54.00,11.20
2007.09.05 17:16:21.306,0.6758,0.6759,54.80,11.20
2007.09.05 17:16:23.298,0.6758,0.6759,54.00,11.20
2007.09.05 17:16:23.575,0.6758,0.6759,53.20,11.20
2007.09.05 17:16:24.019,0.6758,0.6759,52.40,11.20
2007.09.05 17:16:24.045,0.6758,0.6759,50.80,11.20
2007.09.05 17:16:24.203,0.6758,0.6759,50.00,11.20
2007.09.05 17:16:24.339,0.6758,0.6759,50.80,11.20
2007.09.05 17:16:24.544,0.6758,0.6759,51.60,11.20
2007.09.05 17:16:24.961,0.6758,0.6759,50.80,11.20
2007.09.05 17:16:25.108,0.6758,0.6759,50.00,11.20
2007.09.05 17:16:25.959,0.6758,0.6759,50.80,11.20
2007.09.05 17:16:26.002,0.6758,0.6759,51.60,11.20
2007.09.05 17:16:26.162,0.6758,0.6759,52.40,11.20
2007.09.05 17:16:29.078,0.6758,0.6759,51.60,11.20
2007.09.05 17:16:29.182,0.6758,0.6759,50.80,11.20
2007.09.05 17:16:29.230,0.6758,0.6759,50.00,11.20
2007.09.05 17:16:29.917,0.6758,0.6759,50.80,11.20
2007.09.05 17:16:30.012,0.6758,0.6759,51.60,11.20
2007.09.05 17:16:30.951,0.6758,0.6759,50.80,11.20
2007.09.05 17:16:30.973,0.6758,0.6759,50.00,11.20
2007.09.05 17:16:31.969,0.6758,0.6759,50.80,11.20
2007.09.05 17:16:32.123,0.6758,0.6759,51.60,11.20
2007.09.05 17:16:32.145,0.6758,0.6759,52.40,11.20
2007.09.05 17:16:36.430,0.6758,0.6759,52.00,11.20
2007.09.05 17:16:36.756,0.6758,0.6759,52.00,3.20
2007.09.05 17:16:36.778,0.6758,0.6759,53.60,0.80
2007.09.05 17:16:36.850,0.6758,0.67595,53.60,4.80
2007.09.05 17:16:37.051,0.6758,0.67595,54.40,4.80
2007.09.05 17:16:37.073,0.67585,0.67595,0.80,4.80
2007.09.05 17:16:37.352,0.67585,0.67595,1.60,4.80
2007.09.05 17:16:38.842,0.67585,0.67595,0.80,4.80
2007.09.05 17:16:38.849,0.6758,0.67595,54.40,4.80
2007.09.05 17:16:38.890,0.6758,0.67595,57.20,4.80
2007.09.05 17:16:39.730,0.6758,0.67595,56.80,4.80
2007.09.05 17:16:39.769,0.6758,0.6759,54.40,2.40
2007.09.05 17:16:40.021,0.6758,0.6759,50.40,0.50
2007.09.05 17:16:40.184,0.6758,0.67595,52.80,19.20
2007.09.05 17:16:40.280,0.6758,0.67595,50.40,21.60
2007.09.05 17:16:40.363,0.6758,0.67595,49.60,21.60
2007.09.05 17:16:40.453,0.6758,0.67595,48.80,21.60
2007.09.05 17:16:40.687,0.6758,0.67595,48.00,21.60
2007.09.05 17:16:41.188,0.6758,0.6759,47.20,0.70
2007.09.05 17:16:41.305,0.6758,0.6759,46.40,0.60
2007.09.05 17:16:43.059,0.6758,0.67595,46.40,22.40
2007.09.05 17:16:43.140,0.6758,0.6759,48.80,0.70
2007.09.05 17:16:43.154,0.6758,0.67595,52.80,18.40
2007.09.05 17:16:53.571,0.6758,0.67595,53.60,18.40
2007.09.05 17:16:53.706,0.6758,0.6759,54.40,0.90
2007.09.05 17:16:55.033,0.6758,0.67595,53.60,16.00
2007.09.05 17:16:55.220,0.6758,0.6759,52.80,0.70
2007.09.05 17:16:56.357,0.6758,0.67595,53.60,16.00
2007.09.05 17:16:56.552,0.6758,0.6759,54.40,0.90
2007.09.05 17:16:59.558,0.6758,0.6759,54.40,0.90
2007.09.05 17:16:59.651,0.6758,0.6759,52.00,0.60
2007.09.05 17:16:59.677,0.6758,0.6759,48.80,0.90
2007.09.05 17:16:59.979,0.6758,0.6759,48.80,0.60
2007.09.05 17:17:00.070,0.6758,0.67595,51.20,21.60
2007.09.05 17:17:20.571,0.6758,0.67595,50.40,29.60
2007.09.05 17:17:20.988,0.6758,0.67595,51.20,29.60
2007.09.05 17:17:29.327,0.6758,0.6759,51.20,15.20
2007.09.05 17:17:29.830,0.6758,0.6759,51.20,14.40
2007.09.05 17:17:31.828,0.6758,0.6759,51.20,15.20
2007.09.05 17:17:32.331,0.6758,0.6759,51.20,14.40
2007.09.05 17:17:36.197,0.6758,0.6759,53.60,14.40
2007.09.05 17:17:36.246,0.6758,0.6759,57.60,11.20
2007.09.05 17:17:38.321,0.6758,0.6759,57.60,10.40
2007.09.05 17:17:40.225,0.6758,0.6759,4.50,10.40
2007.09.05 17:17:50.834,0.6758,0.6759,4.80,11.20
2007.09.05 17:17:51.321,0.6758,0.6759,7.40,10.40
2007.09.05 17:18:00.226,0.67575,0.6759,56.80,14.40
2007.09.05 17:18:20.916,0.6758,0.6759,52.80,14.40
2007.09.05 17:18:21.637,0.6758,0.6759,53.60,14.40
2007.09.05 17:18:26.650,0.6758,0.67595,53.60,27.20
2007.09.05 17:18:28.305,0.6758,0.6759,53.60,0.50
2007.09.05 17:18:28.820,0.6758,0.67595,53.60,27.20
2007.09.05 17:18:43.488,0.6758,0.6759,54.40,0.90
2007.09.05 17:18:43.698,0.6758,0.67595,53.60,27.20
2007.09.05 17:18:57.751,0.6758,0.6759,52.80,14.40
2007.09.05 17:19:01.078,0.6758,0.6759,52.00,14.40
2007.09.05 17:19:01.126,0.6758,0.6759,51.20,14.40
2007.09.05 17:19:01.317,0.6758,0.6759,48.80,14.40
2007.09.05 17:19:02.011,0.6758,0.6759,47.20,15.20
2007.09.05 17:19:02.114,0.6758,0.6759,46.40,15.20
2007.09.05 17:19:02.479,0.6758,0.6759,47.20,15.20
2007.09.05 17:19:05.820,0.6758,0.6759,46.40,15.20
2007.09.05 17:19:06.059,0.6758,0.6759,45.60,16.00
2007.09.05 17:19:06.359,0.6758,0.6759,46.40,16.00
2007.09.05 17:19:06.434,0.6758,0.6759,47.20,16.00
2007.09.05 17:19:06.589,0.6758,0.6759,48.00,15.20
2007.09.05 17:19:10.269,0.6758,0.6759,48.80,15.20
2007.09.05 17:19:16.224,0.6758,0.6759,48.00,15.20
2007.09.05 17:19:16.308,0.6758,0.6759,47.20,15.20
2007.09.05 17:19:18.635,0.6758,0.6759,46.40,15.20
2007.09.05 17:19:19.072,0.6758,0.6759,47.20,15.20
2007.09.05 17:19:19.177,0.6758,0.6759,44.80,15.20
2007.09.05 17:19:19.991,0.6758,0.67595,44.80,33.60
2007.09.05 17:19:20.218,0.6758,0.67595,47.20,32.00
2007.09.05 17:19:21.235,0.6758,0.67595,48.00,32.00
2007.09.05 17:19:21.667,0.6758,0.67595,50.40,32.00
2007.09.05 17:19:29.675,0.6758,0.6759,49.60,0.60
2007.09.05 17:19:32.131,0.6758,0.67595,48.00,29.60
2007.09.05 17:19:36.133,0.6758,0.67595,48.80,29.60
2007.09.05 17:20:00.723,0.6758,0.6759,52.80,15.20
2007.09.05 17:20:00.793,0.6758,0.6759,52.80,11.20
2007.09.05 17:20:02.425,0.67575,0.6759,56.00,11.20
2007.09.05 17:20:04.966,0.6758,0.6759,9.00,11.20
2007.09.05 17:20:06.810,0.6758,0.6759,16.30,10.40
2007.09.05 17:20:08.041,0.67575,0.6759,55.20,11.20
2007.09.05 17:20:09.052,0.67575,0.6759,55.20,10.40
2007.09.05 17:20:10.000,0.6758,0.6759,18.20,11.20
2007.09.05 17:20:13.480,0.67575,0.6759,56.00,11.20
2007.09.05 17:20:14.957,0.6758,0.6759,16.40,10.40
2007.09.05 17:20:18.005,0.6758,0.6759,13.10,10.40
2007.09.05 17:20:18.027,0.67575,0.6759,53.60,11.20
2007.09.05 17:20:19.148,0.67575,0.6759,54.40,11.20
2007.09.05 17:20:19.244,0.67575,0.6759,53.60,11.20
2007.09.05 17:20:19.931,0.67575,0.6759,54.40,11.20
2007.09.05 17:20:22.653,0.67575,0.6759,52.00,11.20
2007.09.05 17:20:22.725,0.67575,0.6759,48.00,15.20
2007.09.05 17:20:23.987,0.6758,0.6759,15.20,15.20
2007.09.05 17:20:25.207,0.6758,0.6759,16.80,15.20
2007.09.05 17:20:27.575,0.67575,0.6759,47.20,15.20
2007.09.05 17:20:30.768,0.6758,0.6759,18.70,15.20
2007.09.05 17:20:31.108,0.6758,0.6759,7.30,15.20
2007.09.05 17:20:33.778,0.6758,0.6759,43.20,15.20
2007.09.05 17:20:33.955,0.6758,0.6759,44.00,15.20
2007.09.05 17:20:35.017,0.6758,0.6759,43.20,15.20
2007.09.05 17:20:35.184,0.6758,0.6759,42.40,15.20
2007.09.05 17:20:39.252,0.6758,0.6759,43.20,15.20
2007.09.05 17:20:39.753,0.6758,0.6759,44.00,14.40
2007.09.05 17:20:39.906,0.6758,0.6759,44.80,14.40
2007.09.05 17:20:40.493,0.6758,0.6759,44.00,15.20
2007.09.05 17:20:40.572,0.6758,0.6759,43.20,15.20
2007.09.05 17:20:43.623,0.6758,0.67595,43.20,32.00
2007.09.05 17:20:45.379,0.6758,0.6759,42.40,0.60
2007.09.05 17:20:51.246,0.6758,0.6759,41.60,0.80
2007.09.05 17:20:51.329,0.6758,0.67595,40.80,32.80
2007.09.05 17:20:51.530,0.6758,0.67595,40.00,32.80
2007.09.05 17:20:52.225,0.6758,0.6759,40.00,0.60
2007.09.05 17:20:53.900,0.6758,0.67595,40.00,33.60
2007.09.05 17:20:53.945,0.6758,0.67595,40.00,33.60
2007.09.05 17:20:54.829,0.6758,0.6759,35.20,0.80
2007.09.05 17:20:54.928,0.6758,0.67595,27.20,37.60
2007.09.05 17:20:55.077,0.6758,0.67595,27.20,37.60
2007.09.05 17:21:12.766,0.6758,0.6759,27.10,25.60
2007.09.05 17:21:15.264,0.6758,0.6759,19.20,33.50
2007.09.05 17:21:15.669,0.6758,0.6759,15.20,33.50
2007.09.05 17:21:20.046,0.6758,0.6759,15.20,41.50
2007.09.05 17:21:20.374,0.6758,0.6759,15.20,33.50
2007.09.05 17:21:20.500,0.6758,0.6759,19.20,33.50
2007.09.05 17:21:24.448,0.6758,0.6759,15.20,33.50
2007.09.05 17:21:26.745,0.6758,0.6759,15.20,41.50
2007.09.05 17:21:27.378,0.6758,0.6759,15.20,33.50
2007.09.05 17:21:27.710,0.6758,0.6759,19.20,33.50
2007.09.05 17:21:29.093,0.6758,0.6759,15.20,33.50
2007.09.05 17:21:39.863,0.6758,0.6759,15.20,41.50
2007.09.05 17:21:40.398,0.6758,0.6759,15.20,33.50
2007.09.05 17:21:40.714,0.6758,0.6759,19.20,33.50
2007.09.05 17:21:43.025,0.6758,0.6759,15.20,33.50
2007.09.05 17:21:43.297,0.6758,0.6759,15.20,32.70
2007.09.05 17:21:44.013,0.6758,0.6759,15.20,39.90
2007.09.05 17:21:44.447,0.6758,0.6759,15.20,31.90
2007.09.05 17:21:44.476,0.6758,0.6759,19.20,31.90
2007.09.05 17:21:45.307,0.6758,0.6759,19.20,32.50
2007.09.05 17:21:46.803,0.6758,0.6759,19.20,31.90
2007.09.05 17:21:50.237,0.6758,0.6759,19.20,32.70
2007.09.05 17:21:50.277,0.6758,0.6759,19.20,33.50
2007.09.05 17:21:50.334,0.6758,0.6759,19.20,34.60
2007.09.05 17:21:50.378,0.6758,0.6759,19.20,37.00
2007.09.05 17:21:50.638,0.6758,0.6759,19.20,38.60
2007.09.05 17:21:50.888,0.6758,0.6759,19.20,37.80
2007.09.05 17:21:52.042,0.6758,0.6759,15.20,37.80
2007.09.05 17:21:53.242,0.6758,0.6759,15.20,36.20
2007.09.05 17:21:53.370,0.6758,0.6759,15.20,35.40
2007.09.05 17:21:53.996,0.6758,0.67595,15.20,47.40
2007.09.05 17:21:54.594,0.6758,0.67595,15.20,46.60
2007.09.05 17:21:54.787,0.6758,0.67595,15.20,45.80
2007.09.05 17:21:55.359,0.6758,0.67595,15.20,51.90
2007.09.05 17:21:55.883,0.6758,0.67595,15.20,43.90
2007.09.05 17:21:55.945,0.6758,0.67595,19.20,43.90
2007.09.05 17:21:58.526,0.6758,0.6759,15.20,0.60
2007.09.05 17:21:58.783,0.6758,0.67595,15.20,51.90
2007.09.05 17:22:00.408,0.6758,0.67595,15.20,43.90
2007.09.05 17:22:00.607,0.6758,0.67595,19.20,43.90
2007.09.05 17:22:01.143,0.6758,0.67595,15.20,43.90
2007.09.05 17:22:01.900,0.6758,0.67595,15.20,52.50
2007.09.05 17:22:02.325,0.6758,0.67595,15.20,53.20
2007.09.05 17:22:02.660,0.6758,0.67595,11.20,54.00
2007.09.05 17:22:02.753,0.6758,0.6759,10.40,0.50
2007.09.05 17:22:02.814,0.6758,0.67595,8.00,56.80
2007.09.05 17:22:02.874,0.6758,0.67595,0.80,56.80
2007.09.05 17:22:03.183,0.67575,0.67595,16.80,56.80
2007.09.05 17:22:03.346,0.67575,0.6759,16.00,41.60
2007.09.05 17:22:04.460,0.6758,0.67585,0.80,0.80
2007.09.05 17:22:04.585,0.6758,0.67595,0.80,56.80
2007.09.05 17:22:05.147,0.6758,0.6759,0.80,41.60
2007.09.05 17:22:05.640,0.6758,0.67585,4.80,0.80
2007.09.05 17:22:06.149,0.6758,0.67595,4.80,62.40
2007.09.05 17:22:06.391,0.6758,0.67595,4.80,67.20
2007.09.05 17:22:06.732,0.6758,0.6759,0.80,0.80
2007.09.05 17:22:06.961,0.6758,0.67595,0.80,66.40
2007.09.05 17:22:07.740,0.6758,0.67595,3.20,66.40
2007.09.05 17:22:07.896,0.6758,0.67595,15.20,64.00
2007.09.05 17:22:08.158,0.6758,0.6759,15.20,0.60
2007.09.05 17:22:08.264,0.6758,0.67595,15.20,57.60
2007.09.05 17:22:08.618,0.6758,0.67595,15.20,56.00
2007.09.05 17:22:10.231,0.6758,0.67595,12.80,56.80
2007.09.05 17:22:10.247,0.6758,0.6759,4.80,0.90
2007.09.05 17:22:10.314,0.6758,0.67595,4.80,52.70
2007.09.05 17:22:10.585,0.6758,0.6759,4.80,0.90
2007.09.05 17:22:11.666,0.6758,0.6759,7.20,0.70
2007.09.05 17:22:11.764,0.6758,0.67595,15.20,53.50
2007.09.05 17:22:12.058,0.6758,0.67595,15.20,52.70
2007.09.05 17:22:12.108,0.6758,0.67595,15.20,52.70
2007.09.05 17:22:12.703,0.6758,0.67595,12.80,55.90
2007.09.05 17:22:12.795,0.6758,0.67595,12.80,56.70
2007.09.05 17:22:12.822,0.6758,0.6759,4.80,0.60
2007.09.05 17:22:12.925,0.6758,0.67595,4.80,59.10
2007.09.05 17:22:13.031,0.6758,0.67595,4.80,59.90
2007.09.05 17:22:13.047,0.6758,0.6759,4.80,0.80
2007.09.05 17:22:13.082,0.6758,0.67595,4.80,57.50
2007.09.05 17:22:13.157,0.6758,0.6759,4.80,0.70
2007.09.05 17:22:13.190,0.6758,0.67595,4.80,63.90
2007.09.05 17:22:13.277,0.6758,0.6759,12.80,0.70
2007.09.05 17:22:13.296,0.6758,0.67595,15.20,58.30
2007.09.05 17:22:13.365,0.6758,0.67595,15.20,57.50
2007.09.05 17:22:13.392,0.6758,0.67595,15.20,55.10
2007.09.05 17:22:13.597,0.6758,0.67595,15.20,52.70
2007.09.05 17:22:13.765,0.6758,0.67595,15.20,51.90
2007.09.05 17:22:13.884,0.6758,0.6759,15.20,0.50
2007.09.05 17:22:14.011,0.6758,0.67595,15.20,42.30
2007.09.05 17:22:14.020,0.6758,0.6759,16.00,0.70
2007.09.05 17:22:14.125,0.6758,0.67595,17.60,42.30
2007.09.05 17:22:14.250,0.6758,0.67595,18.40,42.30
2007.09.05 17:22:14.365,0.6758,0.6759,19.20,0.60
2007.09.05 17:22:14.857,0.6758,0.6759,23.20,0.90
2007.09.05 17:22:14.902,0.6758,0.6759,22.40,0.60
2007.09.05 17:22:14.957,0.6758,0.67595,21.60,43.90
2007.09.05 17:22:15.104,0.6758,0.6759,20.80,0.90
2007.09.05 17:22:15.158,0.6758,0.6759,19.20,0.50
2007.09.05 17:22:15.200,0.6758,0.6759,20.00,0.80
2007.09.05 17:22:15.257,0.6758,0.6759,20.80,0.80
2007.09.05 17:22:15.436,0.6758,0.67595,21.60,43.90
2007.09.05 17:22:15.598,0.6758,0.67595,17.60,43.90
2007.09.05 17:22:15.616,0.6758,0.6759,17.60,0.80
2007.09.05 17:22:15.948,0.6758,0.6759,17.60,0.60
2007.09.05 17:22:16.173,0.6758,0.67595,18.40,43.10
2007.09.05 17:22:16.240,0.6758,0.67595,22.40,43.90
2007.09.05 17:22:16.891,0.6758,0.67595,23.20,47.10
2007.09.05 17:22:17.435,0.6758,0.67595,23.20,47.10
2007.09.05 17:22:18.226,0.6758,0.6759,23.20,0.70
2007.09.05 17:22:18.278,0.6758,0.6759,23.20,0.70
2007.09.05 17:22:18.386,0.6758,0.67595,22.40,45.50
2007.09.05 17:22:18.438,0.6758,0.67595,21.60,45.50
2007.09.05 17:22:18.605,0.6758,0.6759,20.80,0.90
2007.09.05 17:22:18.741,0.6758,0.67595,20.00,45.50
2007.09.05 17:22:19.334,0.6758,0.67595,19.20,45.50
2007.09.05 17:22:19.827,0.6758,0.6759,19.20,0.50
2007.09.05 17:22:20.035,0.6758,0.67595,15.20,45.50
2007.09.05 17:22:22.320,0.6758,0.67595,14.40,53.50
2007.09.05 17:22:22.432,0.6758,0.67595,14.40,54.30
2007.09.05 17:22:22.542,0.6758,0.6759,14.40,0.80
2007.09.05 17:22:22.620,0.6758,0.67595,14.40,54.30
2007.09.05 17:22:23.395,0.6758,0.6759,15.20,42.30
2007.09.05 17:22:24.162,0.6758,0.6759,15.20,43.10
2007.09.05 17:22:24.282,0.6758,0.6759,12.80,43.10
2007.09.05 17:22:24.356,0.67575,0.6759,16.00,44.50
2007.09.05 17:22:24.392,0.67575,0.6759,16.80,44.50
2007.09.05 17:22:24.683,0.67575,0.67585,16.80,0.80
2007.09.05 17:22:25.205,0.67575,0.6759,16.80,44.50
2007.09.05 17:22:25.239,0.67575,0.6759,16.80,46.90
2007.09.05 17:22:25.496,0.67575,0.6759,16.80,44.50
2007.09.05 17:22:25.916,0.67575,0.6759,17.60,44.50
2007.09.05 17:22:26.921,0.6758,0.6759,0.80,44.50
2007.09.05 17:22:27.356,0.6758,0.6759,0.80,52.50
2007.09.05 17:22:27.446,0.6758,0.6759,0.80,63.70
2007.09.05 17:22:27.466,0.6758,0.6759,0.80,62.90
2007.09.05 17:22:27.669,0.6758,0.6759,0.80,61.50
2007.09.05 17:22:27.760,0.6758,0.6759,0.80,60.70
2007.09.05 17:22:27.838,0.6758,0.6759,0.80,59.90
2007.09.05 17:22:27.981,0.6758,0.6759,0.80,51.90
2007.09.05 17:22:27.990,0.6758,0.6759,0.80,47.90
2007.09.05 17:22:28.411,0.67575,0.6759,8.00,48.70
2007.09.05 17:22:28.439,0.67575,0.6759,8.00,49.50
2007.09.05 17:22:28.490,0.67575,0.6759,8.00,57.50
2007.09.05 17:22:28.521,0.67575,0.6759,8.00,57.40
2007.09.05 17:22:28.586,0.67575,0.6759,7.20,58.20
2007.09.05 17:22:28.644,0.67575,0.6759,7.20,58.50
2007.09.05 17:22:28.702,0.67575,0.6759,4.80,60.90
2007.09.05 17:22:28.753,0.67575,0.6759,4.00,60.90
2007.09.05 17:22:28.835,0.67575,0.6759,4.00,62.10
2007.09.05 17:22:28.959,0.67575,0.6759,4.00,62.80
2007.09.05 17:22:29.002,0.67575,0.6759,6.40,61.20
2007.09.05 17:22:29.083,0.67575,0.6759,6.40,62.00
2007.09.05 17:22:29.262,0.67575,0.6759,6.40,61.20
2007.09.05 17:22:29.429,0.67575,0.6759,4.00,63.60
2007.09.05 17:22:30.027,0.67575,0.6759,4.00,63.20
2007.09.05 17:22:30.352,0.67575,0.6759,6.40,60.80
2007.09.05 17:22:30.444,0.67575,0.6759,6.40,61.20
2007.09.05 17:22:30.560,0.67575,0.6759,6.40,62.00
2007.09.05 17:22:30.737,0.67575,0.67585,6.40,0.80
2007.09.05 17:22:31.264,0.67575,0.67585,4.00,0.80
2007.09.05 17:22:31.513,0.67575,0.6759,4.00,66.00
2007.09.05 17:22:31.865,0.67575,0.6759,4.00,66.00
2007.09.05 17:22:32.179,0.67575,0.6759,4.00,66.00
2007.09.05 17:22:32.295,0.67575,0.67585,4.00,0.80
2007.09.05 17:22:33.202,0.67575,0.6759,4.00,65.20
2007.09.05 17:22:35.358,0.67575,0.6759,4.00,63.60
2007.09.05 17:22:35.445,0.67575,0.6759,4.00,61.20
2007.09.05 17:22:35.660,0.67575,0.6759,4.00,60.40
2007.09.05 17:22:35.673,0.67575,0.6759,4.00,59.60
2007.09.05 17:22:35.862,0.67575,0.6759,4.80,59.00
2007.09.05 17:22:35.882,0.6758,0.6759,0.80,51.00
2007.09.05 17:22:36.011,0.6758,0.6759,0.80,50.20
2007.09.05 17:22:36.021,0.6758,0.6759,0.80,52.10
2007.09.05 17:22:36.187,0.6758,0.6759,0.80,49.70
2007.09.05 17:22:37.037,0.6758,0.6759,0.80,48.90
2007.09.05 17:22:37.484,0.67575,0.6759,9.60,47.10
2007.09.05 17:22:37.521,0.67575,0.6759,8.80,55.90
2007.09.05 17:22:37.574,0.67575,0.6759,8.00,56.70
2007.09.05 17:22:37.629,0.67575,0.6759,8.00,58.50
2007.09.05 17:22:37.801,0.67575,0.6759,8.00,59.30
2007.09.05 17:22:37.878,0.67575,0.6759,8.00,60.90
2007.09.05 17:22:37.968,0.67575,0.6759,8.00,59.90
2007.09.05 17:22:38.094,0.67575,0.6759,8.00,60.70
2007.09.05 17:22:38.176,0.67575,0.6759,8.00,61.50
2007.09.05 17:22:38.412,0.67575,0.67585,7.20,0.80
2007.09.05 17:22:38.479,0.67575,0.67585,4.80,0.80
2007.09.05 17:22:46.321,0.67575,0.67585,4.00,0.80
2007.09.05 17:22:52.377,0.67575,0.67585,0.60,0.80
2007.09.05 17:22:53.945,0.6757,0.67585,72.70,0.80
2007.09.05 17:22:54.059,0.6757,0.6759,72.70,63.90
2007.09.05 17:22:54.258,0.6757,0.6759,70.30,66.30
2007.09.05 17:22:55.502,0.6757,0.6759,70.30,63.90
2007.09.05 17:22:55.668,0.6757,0.67585,70.30,0.80
2007.09.05 17:23:02.077,0.67575,0.6759,2.00,63.90
2007.09.05 17:23:02.268,0.6757,0.6759,72.70,67.30
2007.09.05 17:23:02.845,0.67575,0.6759,1.00,67.30
2007.09.05 17:23:04.442,0.67575,0.6759,2.30,66.50
2007.09.05 17:23:04.847,0.67575,0.6759,2.70,65.70
2007.09.05 17:23:04.950,0.67575,0.6759,2.50,64.90
2007.09.05 17:23:09.167,0.67575,0.6759,1.40,65.70
2007.09.05 17:23:09.359,0.6757,0.6759,71.90,66.50
2007.09.05 17:23:09.976,0.67575,0.6759,2.10,65.70
2007.09.05 17:23:10.281,0.67575,0.6759,1.00,64.90
2007.09.05 17:23:13.148,0.6757,0.6759,74.30,62.50
2007.09.05 17:23:13.296,0.67575,0.6759,1.80,59.10
2007.09.05 17:23:13.408,0.67575,0.6759,8.00,59.10
2007.09.05 17:23:13.549,0.67575,0.6759,8.00,51.10
2007.09.05 17:23:13.598,0.6758,0.6759,0.80,50.40
2007.09.05 17:23:13.817,0.6758,0.6759,0.80,49.70
2007.09.05 17:23:16.539,0.6758,0.6759,0.80,0.90
2007.09.05 17:23:24.532,0.6758,0.67595,12.80,51.90
2007.09.05 17:23:24.540,0.6758,0.67595,15.20,51.70
2007.09.05 17:23:24.639,0.6758,0.67595,15.20,43.70
2007.09.05 17:23:24.699,0.6758,0.6759,19.20,0.90
2007.09.05 17:23:30.469,0.6758,0.67595,15.20,55.70
2007.09.05 17:23:30.506,0.6758,0.6759,15.20,0.70
2007.09.05 17:23:30.581,0.6758,0.67595,11.20,58.00
2007.09.05 17:23:33.494,0.6758,0.67595,11.20,55.60
2007.09.05 17:23:33.512,0.6758,0.6759,15.20,0.90
2007.09.05 17:23:36.463,0.6758,0.67595,11.20,52.40
2007.09.05 17:23:36.564,0.6758,0.6759,11.20,0.60
2007.09.05 17:23:36.576,0.6758,0.67595,11.20,61.50
2007.09.05 17:23:38.496,0.6758,0.6759,15.20,0.70
2007.09.05 17:23:38.529,0.6758,0.6759,15.20,0.50
2007.09.05 17:23:39.492,0.6758,0.67595,11.20,59.10
2007.09.05 17:23:39.534,0.6758,0.6759,11.20,0.70
2007.09.05 17:23:44.042,0.6758,0.6759,11.20,0.80
2007.09.05 17:23:44.077,0.6758,0.67595,15.20,54.60
2007.09.05 17:23:44.980,0.6758,0.6759,15.20,42.30
2007.09.05 17:23:45.073,0.6758,0.6759,11.20,46.30
2007.09.05 17:23:47.137,0.6758,0.6759,11.20,43.90
2007.09.05 17:23:47.159,0.6758,0.6759,15.20,39.90
2007.09.05 17:23:47.602,0.6758,0.6759,1.20,39.90
2007.09.05 17:23:48.464,0.67575,0.6759,28.00,42.30
2007.09.05 17:23:48.522,0.67575,0.6759,24.00,42.30
2007.09.05 17:23:48.616,0.6758,0.6759,5.30,46.30
2007.09.05 17:23:50.506,0.6758,0.6759,0.90,43.90
2007.09.05 17:23:50.513,0.67575,0.6759,32.00,39.90
2007.09.05 17:23:52.086,0.67575,0.6759,32.00,39.10
2007.09.05 17:23:52.358,0.67575,0.6759,32.80,39.90
2007.09.05 17:24:17.057,0.6758,0.6759,23.10,24.00
2007.09.05 17:24:17.168,0.6758,0.6759,27.10,20.00
2007.09.05 17:24:17.189,0.6758,0.6759,31.10,20.00
2007.09.05 17:24:17.463,0.6758,0.6759,31.20,20.00
2007.09.05 17:24:19.582,0.6758,0.6759,11.20,35.90
2007.09.05 17:24:19.660,0.6758,0.6759,7.20,35.90
2007.09.05 17:24:19.668,0.6758,0.6759,4.80,35.90
2007.09.05 17:24:25.108,0.6758,0.6759,12.80,35.90
2007.09.05 17:24:25.120,0.6758,0.6759,15.20,35.90
2007.09.05 17:24:25.314,0.6758,0.6759,23.10,28.00
2007.09.05 17:24:25.623,0.6758,0.6759,20.70,28.00
2007.09.05 17:24:25.639,0.6758,0.6759,12.70,28.00
2007.09.05 17:24:25.738,0.6758,0.6759,4.80,35.90
2007.09.05 17:24:26.043,0.6758,0.6759,5.60,35.90
2007.09.05 17:24:28.605,0.6758,0.6759,25.50,28.00
2007.09.05 17:24:28.703,0.6758,0.6759,29.50,28.00
2007.09.05 17:24:28.726,0.6758,0.6759,31.90,28.00
2007.09.05 17:24:28.735,0.6758,0.6759,31.90,20.00
2007.09.05 17:24:28.959,0.6758,0.6759,32.00,20.00
2007.09.05 17:24:31.119,0.6758,0.6759,32.00,19.20
2007.09.05 17:24:31.691,0.6758,0.6759,32.00,20.00
2007.09.05 17:24:31.884,0.6758,0.6759,33.60,19.20
2007.09.05 17:24:32.211,0.6758,0.6759,34.40,19.20
2007.09.05 17:24:32.252,0.6758,0.6759,35.20,19.20
2007.09.05 17:24:32.422,0.6758,0.6759,34.40,20.00
2007.09.05 17:24:32.518,0.6758,0.6759,35.20,19.20
2007.09.05 17:24:32.638,0.6758,0.6759,34.40,19.20
2007.09.05 17:24:32.737,0.6758,0.6759,33.60,19.20
2007.09.05 17:24:33.076,0.6758,0.6759,32.80,20.00
2007.09.05 17:24:33.144,0.6758,0.6759,30.40,20.00
2007.09.05 17:24:33.177,0.6758,0.6759,10.40,27.90
2007.09.05 17:24:33.273,0.6758,0.6759,10.40,35.90
2007.09.05 17:24:33.386,0.6758,0.6759,6.40,35.90
2007.09.05 17:24:33.574,0.6758,0.6759,18.40,35.90
2007.09.05 17:24:33.663,0.6758,0.6759,20.80,35.90
2007.09.05 17:24:33.697,0.6758,0.6759,28.70,20.00
2007.09.05 17:24:33.860,0.6758,0.6759,32.70,19.20
2007.09.05 17:24:34.471,0.6758,0.6759,32.80,20.00
2007.09.05 17:24:34.576,0.6758,0.6759,30.40,20.00
2007.09.05 17:24:34.642,0.6758,0.6759,10.40,27.90
2007.09.05 17:24:34.737,0.6758,0.6759,10.40,35.90
2007.09.05 17:24:34.943,0.6758,0.6759,6.40,35.90
2007.09.05 17:24:34.979,0.6758,0.6759,6.40,35.10
2007.09.05 17:24:35.169,0.6758,0.6759,26.30,27.20
2007.09.05 17:24:35.179,0.6758,0.6759,28.70,27.20
2007.09.05 17:24:35.274,0.6758,0.6759,27.90,19.20
2007.09.05 17:24:35.352,0.6758,0.6759,31.90,19.20
2007.09.05 17:24:35.515,0.6758,0.6759,32.00,19.20
2007.09.05 17:24:35.901,0.6758,0.6759,32.00,20.00
2007.09.05 17:24:36.101,0.6758,0.6759,12.00,27.90
2007.09.05 17:24:36.111,0.6758,0.6759,11.20,27.90
2007.09.05 17:24:36.216,0.6758,0.6759,11.20,35.90
2007.09.05 17:24:36.236,0.6758,0.6759,8.80,35.90
2007.09.05 17:24:36.421,0.6758,0.6759,5.60,35.90
2007.09.05 17:24:36.629,0.6758,0.6759,5.60,35.10
2007.09.05 17:24:37.153,0.6758,0.6759,8.00,35.10
2007.09.05 17:24:37.182,0.6758,0.6759,27.90,27.20
2007.09.05 17:24:37.304,0.6758,0.6759,27.90,19.20
2007.09.05 17:24:37.529,0.6758,0.6759,31.90,19.20
2007.09.05 17:24:37.772,0.6758,0.6759,32.00,19.20
2007.09.05 17:24:38.113,0.6758,0.6759,12.00,27.10
2007.09.05 17:24:38.169,0.6758,0.6759,9.60,27.10
2007.09.05 17:24:38.232,0.6758,0.6759,9.60,35.10
2007.09.05 17:24:38.311,0.6758,0.6759,5.60,35.90
2007.09.05 17:24:38.787,0.6758,0.6759,5.60,35.10
2007.09.05 17:24:40.080,0.6758,0.6759,25.50,27.20
2007.09.05 17:24:40.112,0.6758,0.6759,27.90,27.20
2007.09.05 17:24:40.180,0.6758,0.6759,27.90,19.20
2007.09.05 17:24:40.338,0.6758,0.6759,32.00,20.00
2007.09.05 17:24:40.705,0.6758,0.6759,40.00,20.00
2007.09.05 17:24:40.933,0.6758,0.6759,40.00,16.00
2007.09.05 17:24:41.099,0.6758,0.6759,40.00,15.20
2007.09.05 17:24:42.490,0.6758,0.6759,40.00,16.00
2007.09.05 17:24:43.232,0.6758,0.6759,40.00,20.00
2007.09.05 17:24:43.255,0.6758,0.6759,32.00,20.00
2007.09.05 17:24:43.773,0.6758,0.6759,40.00,20.00
2007.09.05 17:24:43.782,0.6758,0.6759,40.00,16.00
2007.09.05 17:24:44.195,0.67575,0.6759,53.60,16.00
2007.09.05 17:24:46.291,0.67575,0.6759,54.40,16.00
2007.09.05 17:24:46.690,0.67575,0.6759,54.40,15.20
2007.09.05 17:24:46.822,0.67575,0.6759,54.40,14.40
2007.09.05 17:24:47.137,0.6758,0.6759,8.00,14.40
2007.09.05 17:24:47.305,0.67575,0.6759,56.80,14.40
2007.09.05 17:24:47.360,0.6758,0.6759,10.90,15.20
2007.09.05 17:24:56.230,0.67575,0.6759,56.00,16.00
2007.09.05 17:24:58.773,0.6758,0.6759,13.50,15.20
2007.09.05 17:25:03.656,0.6758,0.6759,10.30,16.00
2007.09.05 17:25:09.279,0.67575,0.6759,48.00,20.00
2007.09.05 17:25:12.658,0.6758,0.6759,32.80,22.40
2007.09.05 17:25:12.876,0.6758,0.6759,32.00,22.40
2007.09.05 17:25:12.957,0.6758,0.6759,31.20,22.40
2007.09.05 17:25:13.176,0.6758,0.6759,31.20,20.00
2007.09.05 17:25:13.300,0.6758,0.6759,39.20,20.00
2007.09.05 17:25:13.543,0.6758,0.6759,39.20,16.00
2007.09.05 17:25:15.768,0.6758,0.6759,39.20,20.00
2007.09.05 17:25:15.815,0.6758,0.6759,31.20,20.00
2007.09.05 17:25:16.762,0.6758,0.6759,33.60,20.00
2007.09.05 17:25:16.865,0.6758,0.6759,32.80,20.00
2007.09.05 17:25:16.931,0.6758,0.6759,33.60,20.00
2007.09.05 17:25:16.980,0.6758,0.6759,32.00,20.00
2007.09.05 17:25:17.187,0.6758,0.6759,31.20,19.20
2007.09.05 17:25:17.444,0.6758,0.6759,39.20,19.20
2007.09.05 17:25:17.455,0.6758,0.6759,39.20,15.20
2007.09.05 17:25:17.846,0.6758,0.6759,31.20,15.20
2007.09.05 17:25:17.903,0.6758,0.6759,31.20,19.20
2007.09.05 17:25:20.220,0.6758,0.6759,31.20,20.00
2007.09.05 17:25:20.669,0.6758,0.6759,27.20,24.00
2007.09.05 17:25:21.196,0.6758,0.6759,31.20,20.00
2007.09.05 17:25:21.505,0.6758,0.6759,33.60,20.00
2007.09.05 17:25:21.539,0.6758,0.6759,33.60,16.00
2007.09.05 17:25:21.665,0.6758,0.6759,44.80,16.00
2007.09.05 17:25:22.010,0.6758,0.6759,46.40,16.00
2007.09.05 17:25:22.045,0.6758,0.6759,48.00,16.00
2007.09.05 17:25:22.162,0.6758,0.6759,48.80,16.00
2007.09.05 17:25:22.317,0.6758,0.6759,47.20,16.00
2007.09.05 17:25:23.627,0.6758,0.6759,45.60,16.00
2007.09.05 17:25:23.747,0.6758,0.6759,46.40,16.00
2007.09.05 17:25:23.760,0.6758,0.6759,47.20,16.00
2007.09.05 17:25:23.962,0.6758,0.6759,48.00,16.00
2007.09.05 17:25:24.362,0.6758,0.6759,47.20,16.00
2007.09.05 17:25:24.412,0.6758,0.6759,47.20,15.20
2007.09.05 17:25:24.805,0.6758,0.6759,48.00,15.20
2007.09.05 17:25:25.196,0.6758,0.6759,47.20,15.20
2007.09.05 17:25:25.481,0.6758,0.6759,46.40,15.20
2007.09.05 17:25:25.826,0.6758,0.6759,47.20,15.20
2007.09.05 17:25:26.323,0.6758,0.6759,48.00,15.20
2007.09.05 17:25:26.768,0.6758,0.6759,47.20,15.20
2007.09.05 17:25:27.093,0.6758,0.6759,46.40,16.00
2007.09.05 17:25:32.252,0.6758,0.6759,54.40,16.00
2007.09.05 17:25:32.346,0.6758,0.6759,48.00,16.00
2007.09.05 17:25:32.351,0.6758,0.6759,48.80,16.00
2007.09.05 17:25:32.742,0.6758,0.6759,49.60,16.00
2007.09.05 17:25:32.885,0.6758,0.6759,50.40,16.00
2007.09.05 17:25:33.074,0.6758,0.6759,49.60,16.00
2007.09.05 17:25:33.130,0.6758,0.6759,48.80,16.00
2007.09.05 17:25:36.337,0.6758,0.6759,49.60,16.00
2007.09.05 17:25:36.356,0.6758,0.6759,50.40,16.00
2007.09.05 17:25:36.960,0.6758,0.6759,49.60,16.00
2007.09.05 17:25:37.105,0.6758,0.6759,48.80,16.00
2007.09.05 17:25:37.795,0.6758,0.6759,49.60,16.00
2007.09.05 17:25:37.945,0.6758,0.6759,50.40,16.00
2007.09.05 17:25:39.760,0.6758,0.6759,49.60,16.00
2007.09.05 17:25:39.981,0.6758,0.6759,48.80,16.00
2007.09.05 17:25:39.991,0.6758,0.6759,48.00,16.00
2007.09.05 17:25:40.156,0.6758,0.6759,47.20,16.00
2007.09.05 17:25:41.900,0.6758,0.6759,47.20,0.50
2007.09.05 17:25:54.009,0.6758,0.67595,48.00,22.40
2007.09.05 17:25:54.130,0.6758,0.6759,48.80,0.90
2007.09.05 17:26:17.359,0.6758,0.6759,48.00,16.00
2007.09.05 17:26:17.497,0.6758,0.6759,47.20,16.00
2007.09.05 17:26:17.981,0.6758,0.6759,48.00,16.00
2007.09.05 17:26:18.182,0.6758,0.6759,48.80,16.00
2007.09.05 17:26:22.889,0.6758,0.6759,48.00,16.00
2007.09.05 17:26:23.753,0.6758,0.6759,47.20,16.00
2007.09.05 17:26:24.622,0.6758,0.6759,48.00,16.00
2007.09.05 17:26:24.657,0.6758,0.6759,48.80,16.00
2007.09.05 17:26:26.785,0.6758,0.6759,48.00,16.00
2007.09.05 17:26:26.881,0.6758,0.6759,47.20,16.00
2007.09.05 17:26:26.901,0.6758,0.6759,54.40,16.00
2007.09.05 17:26:26.933,0.6758,0.6759,46.40,16.00
2007.09.05 17:26:33.943,0.6758,0.6759,44.00,16.00
2007.09.05 17:26:33.998,0.6758,0.6759,43.20,16.00
2007.09.05 17:26:34.110,0.6758,0.6759,42.40,16.00
2007.09.05 17:26:34.216,0.6758,0.6759,40.80,16.00
2007.09.05 17:26:34.467,0.6758,0.6759,41.60,16.00
2007.09.05 17:26:34.599,0.6758,0.6759,42.40,16.00
2007.09.05 17:26:34.882,0.6758,0.6759,41.60,16.00
2007.09.05 17:26:35.385,0.6758,0.6759,40.80,15.20
2007.09.05 17:26:36.189,0.6758,0.6759,40.80,16.00
2007.09.05 17:26:39.781,0.6758,0.6759,40.80,15.20
2007.09.05 17:26:40.626,0.6758,0.6759,40.80,16.00
2007.09.05 17:26:41.195,0.6758,0.6759,36.80,20.00
2007.09.05 17:26:41.316,0.6758,0.6759,36.00,20.00
2007.09.05 17:26:41.426,0.6758,0.6759,35.20,20.00
2007.09.05 17:26:41.768,0.6758,0.6759,39.20,16.00
2007.09.05 17:26:43.692,0.6758,0.6759,35.20,20.00
2007.09.05 17:26:44.222,0.6758,0.6759,36.00,20.00
2007.09.05 17:26:44.290,0.6758,0.6759,36.80,20.00
2007.09.05 17:26:44.431,0.6758,0.6759,36.00,20.00
2007.09.05 17:26:44.600,0.6758,0.6759,35.20,20.00
2007.09.05 17:26:45.513,0.6758,0.6759,39.20,16.00
2007.09.05 17:26:47.368,0.6758,0.6759,40.00,16.00
2007.09.05 17:26:47.393,0.6758,0.6759,40.80,16.00
2007.09.05 17:26:47.592,0.6758,0.6759,41.60,16.00
2007.09.05 17:26:47.866,0.6758,0.6759,40.80,16.00
2007.09.05 17:26:47.880,0.6758,0.6759,40.00,16.00
2007.09.05 17:26:48.156,0.6758,0.6759,39.20,16.00
2007.09.05 17:26:49.163,0.6758,0.6759,39.20,15.20
2007.09.05 17:26:52.002,0.6758,0.6759,40.00,15.20
2007.09.05 17:26:52.062,0.6758,0.6759,40.80,15.20
2007.09.05 17:26:52.745,0.6758,0.6759,40.80,16.00
2007.09.05 17:26:53.407,0.6758,0.6759,36.80,20.00
2007.09.05 17:26:58.859,0.6758,0.6759,44.80,20.00
2007.09.05 17:26:58.879,0.6758,0.6759,52.80,20.00
2007.09.05 17:26:58.959,0.6758,0.6759,53.60,20.00
2007.09.05 17:26:59.081,0.6758,0.6759,57.60,16.00
2007.09.05 17:26:59.393,0.6758,0.6759,41.60,16.00
2007.09.05 17:26:59.485,0.6758,0.6759,36.80,20.00
2007.09.05 17:27:02.264,0.6758,0.6759,36.00,20.00
2007.09.05 17:27:02.694,0.6758,0.6759,35.20,20.00
2007.09.05 17:27:05.719,0.6758,0.6759,39.20,16.00
2007.09.05 17:27:06.282,0.6758,0.6759,40.00,16.00
2007.09.05 17:27:07.241,0.6758,0.6759,39.20,16.00
2007.09.05 17:27:09.136,0.6758,0.6759,15.60,16.00
2007.09.05 17:27:14.966,0.6758,0.6759,13.90,16.00
2007.09.05 17:27:15.105,0.6758,0.6759,19.50,16.00
2007.09.05 17:28:13.001,0.6758,0.6759,41.60,16.00
2007.09.05 17:28:13.085,0.6758,0.6759,41.60,13.60
2007.09.05 17:28:13.191,0.6758,0.6759,51.20,4.80
2007.09.05 17:28:13.227,0.6758,0.6759,52.00,4.00
2007.09.05 17:28:13.486,0.6758,0.6759,45.60,4.00
2007.09.05 17:28:13.595,0.6758,0.6759,44.80,6.40
2007.09.05 17:28:13.602,0.6758,0.6759,45.60,14.40
2007.09.05 17:28:13.740,0.6758,0.6759,44.80,14.40
2007.09.05 17:28:13.801,0.6758,0.6759,43.20,14.40
2007.09.05 17:28:14.104,0.6758,0.6759,40.80,14.40
2007.09.05 17:28:14.934,0.6758,0.6759,40.00,14.40
2007.09.05 17:28:15.125,0.6758,0.6759,39.20,14.40
2007.09.05 17:28:15.884,0.6758,0.6759,40.00,14.40
2007.09.05 17:28:16.045,0.6758,0.6759,40.80,14.40
2007.09.05 17:28:20.736,0.6758,0.6759,40.80,15.20
2007.09.05 17:28:20.818,0.6758,0.6759,40.80,16.00
2007.09.05 17:28:36.537,0.6758,0.6759,40.80,20.00
2007.09.05 17:28:36.567,0.6758,0.6759,28.80,31.90
2007.09.05 17:28:36.674,0.6758,0.6759,20.80,31.90
2007.09.05 17:28:36.694,0.6758,0.6759,20.00,31.90
2007.09.05 17:28:36.771,0.6758,0.6759,19.20,31.90
2007.09.05 17:28:38.660,0.67575,0.6759,32.00,31.90
2007.09.05 17:29:24.742,0.6758,0.6759,20.00,31.90
2007.09.05 17:29:27.575,0.6758,0.6759,21.60,31.90
2007.09.05 17:29:27.789,0.6758,0.6759,20.00,31.90
2007.09.05 17:29:30.623,0.6758,0.6759,28.00,24.00
2007.09.05 17:29:30.755,0.6758,0.6759,40.00,16.00
2007.09.05 17:29:30.839,0.6758,0.6759,40.80,16.00
2007.09.05 17:29:31.072,0.6758,0.6759,41.60,16.00
2007.09.05 17:29:44.347,0.6758,0.6759,41.60,20.00
2007.09.05 17:29:44.395,0.6758,0.6759,33.60,20.00
2007.09.05 17:29:46.030,0.6758,0.67595,33.60,22.40
2007.09.05 17:29:50.874,0.6758,0.67595,41.60,22.40
2007.09.05 17:29:50.901,0.6758,0.67595,41.60,22.40
2007.09.05 17:29:55.827,0.6758,0.6759,42.40,0.80
2007.09.05 17:29:55.983,0.6758,0.67595,42.40,21.60
2007.09.05 17:29:56.048,0.6758,0.67595,43.20,20.80
2007.09.05 17:29:56.080,0.6758,0.67595,44.00,20.80
2007.09.05 17:29:56.663,0.6758,0.67595,43.20,21.60
2007.09.05 17:29:56.959,0.6758,0.67595,44.00,21.60
2007.09.05 17:29:57.094,0.6758,0.6759,44.00,0.70
2007.09.05 17:29:57.293,0.6758,0.67595,44.00,22.40
2007.09.05 17:29:57.319,0.6758,0.67595,43.20,22.40
2007.09.05 17:29:57.363,0.6758,0.67595,42.40,22.40
2007.09.05 17:29:57.551,0.6758,0.67595,41.60,22.40
2007.09.05 17:29:57.723,0.6758,0.6759,41.60,0.90
2007.09.05 17:29:57.789,0.6758,0.67595,41.60,20.80
2007.09.05 17:29:58.237,0.6758,0.6759,41.60,0.90
2007.09.05 17:29:58.755,0.6758,0.67595,41.60,22.40
2007.09.05 17:30:02.704,0.6758,0.6759,41.60,0.50
2007.09.05 17:30:02.926,0.6758,0.67595,41.60,21.60
2007.09.05 17:30:03.291,0.6758,0.6759,41.60,0.80
2007.09.05 17:30:03.819,0.6758,0.67595,41.60,20.80
2007.09.05 17:30:03.972,0.6758,0.6759,41.60,0.60
2007.09.05 17:30:04.718,0.6758,0.67595,41.60,20.80
2007.09.05 17:30:05.579,0.6758,0.67595,42.40,21.60
2007.09.05 17:30:07.454,0.6758,0.67595,41.60,21.60
2007.09.05 17:30:08.799,0.6758,0.6759,41.60,0.80
2007.09.05 17:30:09.056,0.6758,0.67595,41.60,22.40
2007.09.05 17:30:09.297,0.6758,0.6759,41.60,0.80
2007.09.05 17:30:09.547,0.6758,0.67595,41.60,21.60
2007.09.05 17:30:12.376,0.6758,0.67595,42.40,21.60
2007.09.05 17:30:12.416,0.6758,0.67595,44.00,21.60
2007.09.05 17:30:12.831,0.6758,0.6759,44.00,0.60
2007.09.05 17:30:13.026,0.6758,0.67595,44.00,22.40
2007.09.05 17:30:13.342,0.6758,0.6759,44.00,15.20
2007.09.05 17:30:13.790,0.6758,0.6759,44.00,14.40
2007.09.05 17:30:18.085,0.6758,0.6759,44.80,14.40
2007.09.05 17:30:18.100,0.67585,0.6759,0.80,14.40
2007.09.05 17:30:18.207,0.67585,0.6759,0.80,12.00
2007.09.05 17:30:18.302,0.67585,0.6759,0.80,4.00
2007.09.05 17:30:18.471,0.67585,0.6759,1.60,4.00
2007.09.05 17:30:18.720,0.67585,0.6759,1.60,12.00
2007.09.05 17:30:18.732,0.67585,0.6759,0.80,14.40
2007.09.05 17:30:19.028,0.6758,0.6759,60.80,14.40
2007.09.05 17:30:19.337,0.6758,0.6759,52.80,14.40
2007.09.05 17:30:19.364,0.6758,0.6759,44.00,14.40
2007.09.05 17:30:21.290,0.6758,0.6759,46.40,12.00
2007.09.05 17:30:21.371,0.6758,0.67595,54.40,4.80
2007.09.05 17:30:22.108,0.6758,0.67595,55.20,4.80
2007.09.05 17:30:22.735,0.6758,0.67595,56.20,4.80
2007.09.05 17:30:23.350,0.6758,0.67595,53.80,7.20
2007.09.05 17:30:24.192,0.6758,0.67595,54.60,7.20
2007.09.05 17:30:27.758,0.6758,0.67595,57.00,7.20
2007.09.05 17:30:27.865,0.67585,0.67595,8.00,4.80
2007.09.05 17:30:27.950,0.67585,0.67595,12.00,0.80
2007.09.05 17:30:28.180,0.67585,0.67595,12.80,0.80
2007.09.05 17:30:28.787,0.67585,0.67595,4.80,0.80
2007.09.05 17:30:28.893,0.67585,0.67595,4.00,0.80
2007.09.05 17:30:28.991,0.6758,0.67595,56.20,4.80
2007.09.05 17:30:29.100,0.6758,0.67595,57.00,4.80
2007.09.05 17:30:33.103,0.6758,0.67595,57.80,4.80
2007.09.05 17:30:33.210,0.6758,0.67595,56.80,4.80
2007.09.05 17:30:33.220,0.67585,0.67595,0.80,4.80
2007.09.05 17:30:33.421,0.6758,0.67595,55.20,4.80
2007.09.05 17:30:33.623,0.6758,0.67595,56.80,4.80
2007.09.05 17:30:34.031,0.6758,0.67595,56.00,4.80
2007.09.05 17:30:34.242,0.6758,0.67595,55.20,4.80
2007.09.05 17:30:35.572,0.6758,0.67595,56.00,4.80
2007.09.05 17:30:37.891,0.6758,0.67595,56.80,4.80
2007.09.05 17:30:38.018,0.6758,0.67595,57.60,4.80
2007.09.05 17:31:01.832,0.6758,0.67595,58.40,4.80
2007.09.05 17:31:10.463,0.67585,0.67595,1.60,4.80
2007.09.05 17:31:10.879,0.67585,0.67595,5.60,4.80
2007.09.05 17:31:11.713,0.67585,0.67595,5.60,0.50
2007.09.05 17:31:18.348,0.67585,0.67595,5.60,15.20
2007.09.05 17:31:18.552,0.67585,0.67595,1.60,15.20
2007.09.05 17:31:26.423,0.67585,0.67595,1.60,7.20
2007.09.05 17:31:26.472,0.67585,0.67595,1.60,0.50
2007.09.05 17:31:26.590,0.67585,0.676,5.60,43.20
2007.09.05 17:31:27.113,0.67585,0.676,4.80,43.20
2007.09.05 17:31:27.358,0.67585,0.6759,4.80,0.70
2007.09.05 17:31:27.393,0.67585,0.67595,4.80,15.20
2007.09.05 17:31:27.692,0.67585,0.6759,0.80,0.70
2007.09.05 17:31:27.876,0.67585,0.67595,0.80,7.20
2007.09.05 17:31:27.901,0.67585,0.676,0.80,44.00
2007.09.05 17:31:28.101,0.67585,0.67595,4.80,0.70
2007.09.05 17:31:28.418,0.67585,0.67595,4.80,7.20
2007.09.05 17:31:28.460,0.67585,0.67595,4.80,15.20
2007.09.05 17:31:28.610,0.67585,0.67595,0.80,15.20
2007.09.05 17:31:29.403,0.67585,0.6759,0.80,0.60
2007.09.05 17:31:29.556,0.67585,0.67595,4.80,7.20
2007.09.05 17:31:29.659,0.67585,0.676,4.80,51.10
2007.09.05 17:31:34.194,0.67585,0.6759,4.80,0.70
2007.09.05 17:31:34.325,0.67585,0.67595,4.80,16.00
2007.09.05 17:31:34.598,0.67585,0.67595,4.00,20.00
2007.09.05 17:31:34.649,0.6758,0.67595,67.20,20.80
2007.09.05 17:31:34.714,0.6758,0.6759,68.00,0.70
2007.09.05 17:31:34.981,0.6758,0.67595,55.20,24.80
2007.09.05 17:31:35.013,0.6758,0.6759,47.20,0.60
2007.09.05 17:31:35.398,0.6758,0.67595,46.40,24.00
2007.09.05 17:31:35.707,0.6758,0.67595,46.40,24.00
2007.09.05 17:31:40.885,0.6758,0.6759,46.40,15.20
2007.09.05 17:31:41.165,0.6758,0.6759,46.40,16.00
2007.09.05 17:31:44.337,0.6758,0.6759,46.40,15.20
2007.09.05 17:31:44.598,0.6758,0.6759,46.40,14.40
2007.09.05 17:31:45.366,0.6758,0.6759,46.40,15.20
2007.09.05 17:31:45.384,0.6758,0.6759,46.40,16.00
2007.09.05 17:31:50.298,0.6758,0.6759,48.00,16.00
2007.09.05 17:31:55.781,0.6758,0.6759,48.00,15.20
2007.09.05 17:31:56.056,0.6758,0.6759,48.00,14.40
2007.09.05 17:31:56.388,0.6758,0.6759,46.40,14.40
2007.09.05 17:31:56.455,0.6758,0.6759,45.60,14.40
2007.09.05 17:31:56.497,0.6758,0.6759,45.60,15.20
2007.09.05 17:31:56.555,0.6758,0.6759,44.80,15.20
2007.09.05 17:31:56.566,0.6758,0.6759,44.00,15.20
2007.09.05 17:31:56.809,0.6758,0.6759,44.00,16.00
2007.09.05 17:31:59.527,0.6758,0.6759,49.60,16.00
2007.09.05 17:32:05.181,0.6758,0.6759,48.80,16.00
2007.09.05 17:32:05.585,0.6758,0.6759,48.00,16.00
2007.09.05 17:32:13.068,0.6758,0.6759,48.00,0.70
2007.09.05 17:32:16.365,0.6758,0.67595,48.80,20.80
2007.09.05 17:32:18.622,0.6758,0.67595,49.60,24.80
2007.09.05 17:32:24.159,0.6758,0.67595,47.20,22.10
2007.09.05 17:32:24.230,0.6758,0.6759,43.20,0.50
2007.09.05 17:32:24.259,0.6758,0.67595,40.00,22.10
2007.09.05 17:32:24.334,0.6758,0.6759,27.20,0.80
2007.09.05 17:32:24.426,0.6758,0.6759,27.20,0.50
2007.09.05 17:32:24.554,0.6758,0.67595,19.20,34.60
2007.09.05 17:32:24.686,0.6758,0.6759,21.60,0.50
2007.09.05 17:32:24.741,0.6758,0.67595,25.60,30.90
2007.09.05 17:32:24.794,0.6758,0.67595,28.00,30.90
2007.09.05 17:32:24.845,0.6758,0.67595,40.00,30.30
2007.09.05 17:32:25.459,0.6758,0.67595,48.00,21.60
2007.09.05 17:32:25.782,0.6758,0.6759,48.80,0.90
2007.09.05 17:32:26.139,0.6758,0.67595,49.60,21.60
2007.09.05 17:32:26.632,0.6758,0.67595,47.20,24.80
2007.09.05 17:32:26.703,0.6758,0.67595,39.20,24.80
2007.09.05 17:32:26.746,0.6758,0.6759,36.00,0.50
2007.09.05 17:32:26.822,0.6758,0.67595,35.20,27.20
2007.09.05 17:32:27.027,0.6758,0.67595,23.20,39.90
2007.09.05 17:32:27.060,0.6758,0.6759,23.20,0.50
2007.09.05 17:32:27.173,0.6758,0.67595,23.20,39.10
2007.09.05 17:32:27.245,0.6758,0.6759,27.20,0.60
2007.09.05 17:32:27.354,0.6758,0.67595,28.00,34.30
2007.09.05 17:32:27.461,0.6758,0.6759,36.00,0.90
2007.09.05 17:32:27.583,0.6758,0.67595,36.80,25.60
2007.09.05 17:32:27.689,0.6758,0.6759,39.20,0.70
2007.09.05 17:32:27.764,0.6758,0.67595,47.20,24.00
2007.09.05 17:32:28.072,0.6758,0.67595,48.00,24.00
2007.09.05 17:32:28.405,0.6758,0.67595,48.80,23.20
2007.09.05 17:32:28.598,0.6758,0.6759,48.00,0.90
2007.09.05 17:32:29.126,0.6758,0.67595,48.00,24.80
2007.09.05 17:32:29.145,0.6758,0.67595,47.20,24.80
2007.09.05 17:32:29.196,0.6758,0.67595,47.20,25.60
2007.09.05 17:32:29.355,0.6758,0.67595,47.20,25.60
2007.09.05 17:32:29.485,0.6758,0.6759,47.20,0.50
2007.09.05 17:32:29.566,0.6758,0.67595,47.20,24.80
2007.09.05 17:32:29.616,0.6758,0.6759,47.20,0.70
2007.09.05 17:32:29.685,0.6758,0.67595,47.20,24.80
2007.09.05 17:32:29.721,0.6758,0.6759,47.20,0.60
2007.09.05 17:32:29.956,0.6758,0.67595,47.20,26.40
2007.09.05 17:32:34.994,0.6758,0.6759,47.20,0.50
2007.09.05 17:32:35.098,0.6758,0.67595,47.20,27.50
2007.09.05 17:32:35.157,0.6758,0.67595,47.20,28.30
2007.09.05 17:32:35.793,0.6758,0.6759,47.20,0.50
2007.09.05 17:32:35.898,0.6758,0.6759,47.20,0.70
2007.09.05 17:32:37.356,0.6758,0.6759,47.20,0.50
2007.09.05 17:32:40.780,0.6758,0.6759,47.20,0.60
2007.09.05 17:32:40.903,0.6758,0.67595,47.20,24.80
2007.09.05 17:32:40.937,0.6758,0.6759,47.20,0.80
2007.09.05 17:32:40.993,0.6758,0.67595,48.00,24.00
2007.09.05 17:32:41.104,0.6758,0.6759,44.00,0.90
2007.09.05 17:32:43.040,0.6758,0.6759,43.20,20.00
2007.09.05 17:32:44.296,0.6758,0.6759,44.00,20.00
2007.09.05 17:32:44.587,0.6758,0.6759,48.00,16.00
2007.09.05 17:32:44.611,0.6758,0.6759,48.00,15.20
2007.09.05 17:32:44.797,0.6758,0.6759,48.80,14.40
2007.09.05 17:32:45.109,0.6758,0.6759,49.60,14.40
2007.09.05 17:32:45.330,0.6758,0.6759,48.80,15.20
2007.09.05 17:32:46.249,0.6758,0.6759,48.00,15.20
2007.09.05 17:32:46.875,0.6758,0.6759,47.20,15.20
2007.09.05 17:32:47.505,0.6758,0.6759,39.20,23.10
2007.09.05 17:32:47.593,0.6758,0.6759,39.20,27.90
2007.09.05 17:32:47.745,0.6758,0.6759,35.20,31.90
2007.09.05 17:32:47.782,0.6758,0.6759,26.40,31.90
2007.09.05 17:32:47.810,0.6758,0.6759,25.60,31.90
2007.09.05 17:32:50.067,0.6758,0.6759,25.60,31.10
2007.09.05 17:32:50.268,0.6758,0.6759,26.40,31.10
2007.09.05 17:32:51.011,0.6758,0.6759,25.60,31.10
2007.09.05 17:32:51.254,0.6758,0.6759,26.40,31.10
2007.09.05 17:32:51.773,0.6758,0.6759,25.60,31.90
2007.09.05 17:32:52.436,0.6758,0.6759,25.60,31.10
2007.09.05 17:32:55.150,0.6758,0.67595,25.60,34.30
2007.09.05 17:32:58.644,0.6758,0.6759,25.60,0.80
2007.09.05 17:32:59.135,0.6758,0.67595,25.60,34.30
2007.09.05 17:32:59.918,0.6758,0.6759,26.40,0.80
2007.09.05 17:32:59.989,0.6758,0.6759,27.20,0.60
2007.09.05 17:33:00.309,0.6758,0.67595,26.40,34.30
2007.09.05 17:33:00.678,0.6758,0.6759,25.60,0.70
2007.09.05 17:33:02.589,0.6758,0.67595,26.40,33.50
2007.09.05 17:33:02.720,0.6758,0.67595,27.20,33.50
2007.09.05 17:33:03.101,0.6758,0.6759,26.40,0.90
2007.09.05 17:33:03.225,0.6758,0.67595,25.60,34.30
2007.09.05 17:33:04.072,0.6758,0.6759,25.60,0.60
2007.09.05 17:33:04.839,0.6758,0.67595,25.60,34.30
2007.09.05 17:33:06.612,0.6758,0.67595,33.60,26.40
2007.09.05 17:33:06.814,0.6758,0.67595,34.40,26.40
2007.09.05 17:33:07.016,0.6758,0.67595,35.20,26.40
2007.09.05 17:33:07.099,0.6758,0.67595,35.20,26.40
2007.09.05 17:33:07.235,0.6758,0.67595,43.20,26.40
2007.09.05 17:33:13.637,0.6758,0.6759,35.20,0.60
2007.09.05 17:33:13.745,0.6758,0.67595,27.20,34.30
2007.09.05 17:33:13.814,0.6758,0.67595,27.20,34.30
2007.09.05 17:33:16.861,0.6758,0.67595,26.40,34.30
2007.09.05 17:33:16.930,0.6758,0.67595,25.60,34.30
2007.09.05 17:33:18.999,0.6758,0.67595,26.40,34.30
2007.09.05 17:33:19.118,0.67585,0.6759,5.60,0.60
2007.09.05 17:33:19.213,0.67585,0.67595,5.60,22.40
2007.09.05 17:33:19.403,0.67585,0.6759,5.60,0.80
2007.09.05 17:33:19.628,0.67585,0.67595,5.60,21.60
2007.09.05 17:33:19.791,0.67585,0.67595,9.60,21.60
2007.09.05 17:33:20.162,0.67585,0.6759,4.00,0.70
2007.09.05 17:33:20.308,0.6758,0.67595,51.20,21.60
2007.09.05 17:33:20.364,0.6758,0.6759,0.60,0.60
2007.09.05 17:33:28.754,0.67575,0.6759,52.80,14.40
2007.09.05 17:33:28.766,0.67575,0.6759,52.00,14.40
2007.09.05 17:33:29.031,0.6758,0.6759,18.10,14.40
2007.09.05 17:33:29.171,0.67575,0.6759,51.20,14.40
2007.09.05 17:33:29.482,0.67575,0.6759,52.80,14.40
2007.09.05 17:33:29.533,0.67575,0.6759,53.60,14.40
2007.09.05 17:33:29.690,0.6758,0.6759,19.50,15.20
2007.09.05 17:33:32.011,0.6758,0.6759,2.90,16.00
2007.09.05 17:33:32.688,0.6758,0.6759,19.70,15.20
2007.09.05 17:33:37.308,0.67575,0.6759,53.60,14.40
2007.09.05 17:33:37.565,0.67575,0.6759,53.60,14.40
2007.09.05 17:33:38.011,0.67575,0.6759,53.60,15.20
2007.09.05 17:33:41.464,0.6758,0.6759,14.40,15.20
2007.09.05 17:33:41.558,0.67575,0.6759,56.80,15.20
2007.09.05 17:33:41.701,0.6758,0.6759,25.90,15.20
2007.09.05 17:33:43.386,0.6758,0.6759,16.00,14.40
2007.09.05 17:33:48.166,0.6758,0.6759,6.20,15.20
2007.09.05 17:33:50.615,0.6758,0.6759,19.70,14.40
2007.09.05 17:33:50.738,0.6758,0.6759,11.00,14.40
2007.09.05 17:33:51.279,0.67575,0.6759,56.80,14.40
2007.09.05 17:33:51.786,0.6758,0.6759,9.10,19.20
2007.09.05 17:33:51.960,0.67575,0.6759,52.00,20.00
2007.09.05 17:33:52.708,0.6758,0.6759,10.80,15.20
2007.09.05 17:33:52.975,0.6758,0.6759,16.40,14.40
2007.09.05 17:33:53.654,0.67575,0.6759,58.40,14.40
2007.09.05 17:33:53.693,0.67575,0.6759,57.60,12.00
2007.09.05 17:33:53.740,0.67575,0.6759,57.60,4.00
2007.09.05 17:33:53.778,0.6758,0.6759,9.90,4.00
2007.09.05 17:33:53.817,0.67585,0.6759,2.00,4.00
2007.09.05 17:33:54.004,0.6758,0.6759,57.60,4.00
2007.09.05 17:34:02.221,0.6758,0.6759,61.60,6.40
2007.09.05 17:34:02.333,0.6758,0.6759,61.60,14.40
2007.09.05 17:34:03.153,0.67585,0.6759,2.50,14.40
2007.09.05 17:34:03.239,0.67585,0.6759,3.80,14.40
2007.09.05 17:34:03.263,0.6758,0.6759,63.20,12.00
2007.09.05 17:34:03.368,0.6758,0.6759,63.20,4.00
2007.09.05 17:34:03.668,0.67585,0.6759,1.50,6.40
2007.09.05 17:34:03.786,0.6758,0.6759,62.20,14.40
2007.09.05 17:34:04.075,0.67585,0.6759,0.60,14.40
2007.09.05 17:34:04.182,0.6758,0.6759,12.10,14.40
2007.09.05 17:34:04.299,0.67575,0.6759,57.60,14.40
2007.09.05 17:34:07.253,0.6758,0.6759,13.50,14.40
2007.09.05 17:34:07.464,0.6758,0.6759,2.90,14.40
2007.09.05 17:34:08.675,0.67575,0.6759,56.80,12.00
2007.09.05 17:34:08.716,0.6758,0.6759,6.80,4.00
2007.09.05 17:34:09.136,0.6758,0.6759,20.90,4.00
2007.09.05 17:34:09.191,0.67585,0.6759,0.80,4.00
2007.09.05 17:34:09.290,0.6758,0.6759,56.60,4.00
2007.09.05 17:34:09.519,0.67585,0.6759,4.50,4.00
2007.09.05 17:34:41.926,0.67585,0.6759,8.00,4.00
2007.09.05 17:34:41.937,0.67585,0.6759,7.20,4.00
2007.09.05 17:35:42.670,0.67585,0.6759,7.20,6.40
2007.09.05 17:35:42.894,0.67585,0.6759,7.20,14.40
2007.09.05 17:35:49.902,0.6758,0.6759,61.60,14.40
2007.09.05 17:35:50.173,0.6758,0.6759,60.80,12.00
2007.09.05 17:35:50.244,0.67585,0.6759,0.50,4.00
2007.09.05 17:36:14.672,0.67578,0.67588,11.30,35.50
2007.09.05 17:36:24.317,0.67572,0.67587,26.20,12.00
2007.09.05 17:36:24.350,0.6757,0.6758,27.50,0.90
2007.09.05 17:36:24.414,0.6756,0.6758,21.90,0.50
2007.09.05 17:36:24.502,0.67557,0.67577,26.20,4.00
2007.09.05 17:36:24.541,0.67554,0.6758,10.70,0.70
2007.09.05 17:36:27.898,0.67559,0.67584,27.00,12.00
2007.09.05 17:36:27.969,0.67565,0.67585,10.70,18.40
2007.09.05 17:36:28.212,0.67568,0.67588,25.90,4.00
2007.09.05 17:36:28.274,0.67567,0.67592,22.70,47.20
2007.09.05 17:36:28.403,0.67578,0.67588,10.40,0.80
2007.09.05 17:36:28.485,0.67576,0.67591,12.70,37.50
2007.09.05 17:36:31.644,0.67576,0.67586,21.10,0.50
2007.09.05 17:36:31.664,0.67573,0.67583,21.90,0.50
2007.09.05 17:36:41.356,0.67573,0.67583,12.90,12.00
2007.09.05 17:36:41.972,0.67572,0.67582,0.80,4.00
2007.09.05 17:36:43.747,0.67569,0.67584,29.10,12.70
2007.09.05 17:36:52.003,0.67573,0.67583,13.50,37.50
2007.09.05 17:36:52.105,0.67577,0.67583,27.00,12.00
2007.09.05 17:37:20.046,0.67573,0.67583,26.20,0.80
2007.09.05 17:37:20.060,0.67569,0.67584,10.40,0.80
2007.09.05 17:37:20.156,0.6757,0.6758,21.10,0.50
2007.09.05 17:37:20.567,0.6757,0.6758,29.00,0.70
2007.09.05 17:37:20.611,0.67566,0.67581,26.20,12.00
2007.09.05 17:37:21.604,0.67566,0.67581,21.10,0.50
2007.09.05 17:37:22.461,0.67567,0.67577,22.70,47.20
2007.09.05 17:37:25.686,0.6757,0.67575,21.10,0.50
2007.09.05 17:37:25.801,0.67564,0.67579,11.30,0.80
2007.09.05 17:37:26.276,0.67563,0.67579,10.70,35.50
2007.09.05 17:37:26.345,0.67564,0.67579,27.00,12.00
2007.09.05 17:37:26.525,0.67568,0.67578,12.90,12.00
2007.09.05 17:37:26.627,0.6757,0.6758,11.30,35.50
2007.09.05 17:37:26.694,0.67571,0.67576,10.40,0.70
2007.09.05 17:37:26.739,0.6757,0.67575,27.00,12.00
2007.09.05 17:37:35.225,0.67568,0.67578,26.20,12.00
2007.09.05 17:37:41.526,0.67568,0.67578,26.20,0.80
2007.09.05 17:37:41.841,0.67563,0.67583,26.20,12.00
2007.09.05 17:37:42.006,0.67561,0.67586,25.90,0.90
2007.09.05 17:37:42.112,0.67564,0.67584,12.70,37.50
2007.09.05 17:37:42.405,0.67561,0.67586,30.80,0.50
2007.09.05 17:37:42.766,0.67561,0.67586,26.00,0.50
2007.09.05 17:37:42.795,0.67561,0.67586,26.20,4.00
2007.09.05 17:37:50.676,0.67563,0.67588,12.70,37.50
2007.09.05 17:37:50.900,0.67573,0.67583,10.40,0.70
2007.09.05 17:37:51.972,0.67573,0.67583,0.90,0.80
2007.09.05 17:38:04.845,0.67585,0.6759,7.20,3.20
2007.09.05 17:38:13.946,0.67585,0.6759,7.20,4.00
2007.09.05 17:38:14.818,0.67585,0.6759,7.20,3.30
2007.09.05 17:38:24.831,0.67585,0.6759,7.20,3.50
2007.09.05 17:38:34.837,0.67585,0.6759,7.20,3.60
2007.09.05 17:38:39.267,0.67585,0.67595,7.20,6.60
2007.09.05 17:38:39.281,0.67585,0.67595,7.20,4.20
2007.09.05 17:38:39.410,0.67585,0.67595,7.20,4.80
2007.09.05 17:38:41.742,0.67585,0.6759,7.20,2.40
2007.09.05 17:38:41.778,0.67585,0.6759,7.20,10.40
2007.09.05 17:38:43.823,0.67585,0.6759,7.20,11.20
2007.09.05 17:38:44.348,0.67585,0.6759,7.20,14.80
2007.09.05 17:38:44.645,0.67585,0.6759,7.20,14.00
2007.09.05 17:38:44.768,0.67585,0.6759,7.20,14.20
2007.09.05 17:38:52.715,0.67585,0.6759,7.20,15.00
2007.09.05 17:38:54.832,0.67585,0.6759,7.20,15.20
2007.09.05 17:38:54.983,0.67585,0.67595,7.20,20.00
2007.09.05 17:39:23.284,0.6758,0.67595,58.40,22.40
2007.09.05 17:39:23.325,0.6758,0.67595,49.60,22.40
2007.09.05 17:39:23.340,0.6758,0.6759,49.60,0.90
2007.09.05 17:39:23.444,0.6758,0.6759,41.60,0.70
2007.09.05 17:39:37.736,0.67585,0.6759,7.20,19.20
2007.09.05 17:39:37.924,0.67585,0.6759,7.20,15.20
2007.09.05 17:39:49.357,0.67585,0.6759,7.20,12.80
2007.09.05 17:39:49.405,0.67585,0.67595,7.20,4.80
2007.09.05 17:40:26.895,0.67585,0.6759,7.20,8.00
2007.09.05 17:40:26.910,0.67585,0.6759,7.20,10.40
2007.09.05 17:40:29.461,0.67585,0.6759,7.20,14.40
2007.09.05 17:40:39.976,0.67585,0.6759,7.20,16.00
2007.09.05 17:40:40.128,0.67585,0.6759,7.20,16.80
2007.09.05 17:40:40.270,0.67585,0.6759,7.20,17.60
2007.09.05 17:40:40.646,0.67585,0.6759,7.20,16.80
2007.09.05 17:40:40.662,0.67585,0.6759,7.20,16.80
2007.09.05 17:40:40.851,0.67585,0.6759,7.20,16.00
2007.09.05 17:40:41.341,0.67585,0.6759,7.20,15.20
2007.09.05 17:40:41.484,0.67585,0.6759,7.20,14.40
2007.09.05 17:40:41.517,0.67585,0.6759,7.20,15.20
2007.09.05 17:40:41.938,0.67585,0.6759,7.20,10.40
2007.09.05 17:40:42.260,0.67585,0.6759,7.20,14.40
2007.09.05 17:40:42.678,0.67585,0.6759,7.20,10.40
2007.09.05 17:40:43.688,0.6758,0.6759,63.20,10.40
2007.09.05 17:40:44.535,0.67585,0.6759,1.40,14.40
2007.09.05 17:40:46.225,0.6758,0.6759,65.60,8.00
2007.09.05 17:40:46.352,0.6758,0.67595,65.60,6.40
2007.09.05 17:40:47.153,0.67585,0.67595,1.60,5.60
2007.09.05 17:40:47.247,0.67585,0.67595,3.10,6.40
2007.09.05 17:40:47.461,0.6758,0.67595,65.60,5.60
2007.09.05 17:40:47.568,0.67585,0.67595,3.50,4.80
2007.09.05 17:40:49.204,0.67585,0.6759,2.20,10.40
2007.09.05 17:40:49.309,0.67585,0.6759,2.80,14.40
2007.09.05 17:40:55.339,0.67585,0.6759,3.50,10.40
2007.09.05 17:40:56.182,0.6758,0.6759,65.60,8.00
2007.09.05 17:40:56.313,0.6758,0.67595,65.60,4.80
2007.09.05 17:40:59.372,0.6758,0.67595,65.60,4.00
2007.09.05 17:40:59.675,0.6758,0.6759,62.40,2.40
2007.09.05 17:40:59.812,0.6758,0.6759,58.40,14.40
2007.09.05 17:41:02.436,0.67575,0.6759,41.60,30.30
2007.09.05 17:41:02.533,0.6758,0.6759,5.90,34.30
2007.09.05 17:41:02.609,0.67575,0.6759,36.00,38.30
2007.09.05 17:41:02.624,0.6758,0.6759,4.10,38.30
2007.09.05 17:41:02.840,0.6758,0.6759,3.40,38.30
2007.09.05 17:41:02.943,0.67575,0.6759,51.20,30.40
2007.09.05 17:41:03.034,0.6758,0.6759,40.00,30.40
2007.09.05 17:41:03.055,0.67585,0.6759,1.40,18.40
2007.09.05 17:41:03.068,0.6758,0.6759,56.80,14.40
2007.09.05 17:41:03.269,0.6758,0.6759,56.80,15.20
2007.09.05 17:41:04.321,0.6758,0.6759,57.60,14.40
2007.09.05 17:41:04.466,0.6758,0.6759,10.40,14.40
2007.09.05 17:41:04.513,0.67575,0.6759,53.60,14.40
2007.09.05 17:41:09.651,0.67575,0.6759,49.60,18.40
2007.09.05 17:41:12.246,0.6758,0.6759,49.60,14.40
2007.09.05 17:41:23.852,0.6758,0.6759,50.40,14.40
2007.09.05 17:41:25.393,0.6758,0.6759,49.60,14.40
2007.09.05 17:41:30.226,0.6758,0.6759,50.40,14.40
2007.09.05 17:41:39.025,0.6758,0.6759,9.90,14.40
2007.09.05 17:41:42.060,0.6758,0.6759,13.00,12.00
2007.09.05 17:41:42.083,0.6758,0.6759,19.20,4.00
2007.09.05 17:41:49.063,0.6758,0.6759,20.90,4.00
2007.09.05 17:41:50.821,0.67575,0.6759,62.40,4.00
2007.09.05 17:41:51.190,0.6758,0.6759,3.30,6.40
2007.09.05 17:41:51.247,0.6758,0.6759,22.40,14.40
2007.09.05 17:41:54.754,0.67575,0.6759,62.40,12.00
2007.09.05 17:41:54.791,0.67575,0.6759,62.40,4.00
2007.09.05 17:41:57.751,0.67575,0.6759,62.40,12.00
2007.09.05 17:41:57.762,0.67575,0.6759,62.40,14.40
2007.09.05 17:42:01.052,0.6758,0.6759,0.50,14.40
2007.09.05 17:42:01.193,0.6758,0.6759,20.30,14.40
2007.09.05 17:42:04.107,0.67575,0.6759,61.60,14.40
2007.09.05 17:42:05.646,0.67575,0.6759,62.40,14.40
2007.09.05 17:42:05.744,0.67575,0.6759,62.40,12.00
2007.09.05 17:42:05.830,0.6758,0.6759,4.00,4.00
2007.09.05 17:42:06.454,0.6758,0.6759,58.40,4.00
2007.09.05 17:42:33.261,0.6758,0.6759,58.40,6.40
2007.09.05 17:42:33.300,0.6758,0.6759,66.40,14.40
2007.09.05 17:42:33.674,0.6758,0.6759,64.00,14.40
2007.09.05 17:42:39.353,0.6758,0.67595,64.00,23.20
2007.09.05 17:42:41.046,0.6758,0.6759,63.20,0.90
2007.09.05 17:42:41.144,0.6758,0.6759,62.40,0.80
2007.09.05 17:42:41.455,0.6758,0.67595,61.60,23.20
2007.09.05 17:42:44.692,0.6758,0.67595,48.00,27.20
2007.09.05 17:42:44.934,0.6758,0.67595,47.20,27.20
2007.09.05 17:42:47.170,0.6758,0.67595,50.40,23.20
2007.09.05 17:42:49.162,0.6758,0.67595,46.40,27.20
2007.09.05 17:42:50.280,0.6758,0.6759,46.40,0.90
2007.09.05 17:42:50.311,0.6758,0.67595,38.40,28.00
2007.09.05 17:42:51.252,0.6758,0.67595,38.40,28.80
2007.09.05 17:42:51.425,0.6758,0.6759,38.40,0.70
2007.09.05 17:42:51.633,0.6758,0.6759,38.40,0.80
2007.09.05 17:42:51.890,0.6758,0.67595,37.60,30.40
2007.09.05 17:42:52.372,0.6758,0.6759,38.40,0.70
2007.09.05 17:42:53.846,0.6758,0.67595,37.60,30.40
2007.09.05 17:42:54.819,0.6758,0.67595,38.40,30.40
2007.09.05 17:42:55.059,0.6758,0.67595,38.30,30.40
2007.09.05 17:42:55.112,0.6758,0.67595,37.50,30.40
2007.09.05 17:42:55.300,0.6758,0.67595,38.30,30.40
2007.09.05 17:42:56.029,0.6758,0.67595,37.50,30.40
2007.09.05 17:43:26.261,0.6758,0.6759,33.50,26.40
2007.09.05 17:43:26.351,0.6758,0.6759,32.70,34.40
2007.09.05 17:43:28.294,0.6758,0.6759,33.50,26.40
2007.09.05 17:43:28.296,0.6758,0.6759,37.50,26.40
2007.09.05 17:43:30.592,0.6758,0.6759,35.90,26.40
2007.09.05 17:43:32.967,0.6758,0.6759,35.10,26.40
2007.09.05 17:43:33.389,0.6758,0.6759,31.10,34.40
2007.09.05 17:43:46.867,0.6758,0.6759,35.10,34.40
2007.09.05 17:43:46.900,0.6758,0.6759,35.10,26.40
2007.09.05 17:43:52.974,0.6758,0.6759,35.10,0.50
2007.09.05 17:43:58.763,0.67585,0.67595,8.00,29.60
2007.09.05 17:43:58.889,0.67585,0.6759,8.00,0.60
2007.09.05 17:43:59.039,0.67585,0.67595,8.00,25.60
2007.09.05 17:43:59.702,0.6758,0.6759,58.30,0.60
2007.09.05 17:43:59.834,0.6758,0.67595,48.70,25.60
2007.09.05 17:43:59.929,0.6758,0.67595,43.90,29.60
2007.09.05 17:44:00.003,0.6758,0.6759,43.90,0.50
2007.09.05 17:44:00.139,0.6758,0.6759,35.90,0.90
2007.09.05 17:44:00.213,0.6758,0.67595,35.10,29.60
2007.09.05 17:44:06.812,0.6758,0.67595,31.10,29.60
2007.09.05 17:44:06.973,0.6758,0.67595,31.10,37.60
2007.09.05 17:44:12.966,0.6758,0.6759,31.90,0.50
2007.09.05 17:44:13.411,0.6758,0.6759,31.90,0.80
2007.09.05 17:44:13.585,0.6758,0.6759,35.90,0.60
2007.09.05 17:44:13.810,0.6758,0.67595,35.10,29.60
2007.09.05 17:44:14.325,0.6758,0.6759,35.10,0.80
2007.09.05 17:44:14.389,0.6758,0.67595,31.10,37.60
2007.09.05 17:44:24.743,0.6758,0.6759,31.10,0.80
2007.09.05 17:44:24.971,0.6758,0.67595,31.10,36.80
2007.09.05 17:44:28.293,0.6758,0.67595,28.70,36.80
2007.09.05 17:44:28.395,0.6758,0.67595,20.70,37.60
2007.09.05 17:44:28.514,0.6758,0.6759,20.70,0.80
2007.09.05 17:44:30.021,0.6758,0.6759,20.70,0.50
2007.09.05 17:44:30.366,0.6758,0.67595,20.70,39.20
2007.09.05 17:44:33.326,0.6758,0.67595,20.70,38.40
2007.09.05 17:44:33.365,0.6758,0.6759,20.70,0.80
2007.09.05 17:44:47.374,0.6758,0.6759,23.10,34.40
2007.09.05 17:44:47.485,0.6758,0.6759,31.90,34.40
2007.09.05 17:44:49.676,0.6758,0.6759,31.10,34.40
2007.09.05 17:44:53.993,0.6758,0.6759,31.90,34.40
2007.09.05 17:44:54.420,0.6758,0.6759,35.90,34.40
2007.09.05 17:44:54.527,0.6758,0.6759,35.90,26.40
2007.09.05 17:44:57.856,0.6758,0.6759,35.10,26.40
2007.09.05 17:44:57.953,0.6758,0.6759,35.10,34.40
2007.09.05 17:44:58.041,0.6758,0.6759,31.10,34.40
2007.09.05 17:45:00.579,0.6758,0.67595,31.10,37.60
2007.09.05 17:45:25.025,0.6758,0.67595,31.90,37.60
2007.09.05 17:45:25.665,0.6758,0.67595,36.00,37.60
2007.09.05 17:45:25.753,0.6758,0.6759,36.00,0.60
2007.09.05 17:45:28.042,0.6758,0.67595,35.20,29.60
2007.09.05 17:45:28.571,0.6758,0.67595,35.20,37.60
2007.09.05 17:45:28.613,0.6758,0.67595,31.20,37.60
2007.09.05 17:45:28.782,0.6758,0.6759,32.00,34.40
2007.09.05 17:45:28.872,0.6758,0.6759,31.90,34.40
2007.09.05 17:45:29.004,0.6758,0.6759,31.90,26.40
2007.09.05 17:45:29.287,0.6758,0.6759,36.00,26.40
2007.09.05 17:45:29.301,0.6758,0.6759,35.20,26.40
2007.09.05 17:45:29.616,0.6758,0.6759,35.20,34.40
2007.09.05 17:45:29.720,0.6758,0.6759,31.10,34.40
2007.09.05 17:45:53.724,0.6758,0.6759,35.90,30.40
2007.09.05 17:45:53.816,0.6758,0.6759,37.50,29.60
2007.09.05 17:45:53.893,0.6758,0.6759,38.30,29.60
2007.09.05 17:45:53.949,0.6758,0.6759,38.30,30.40
2007.09.05 17:45:54.127,0.6758,0.6759,37.50,30.40
2007.09.05 17:45:54.162,0.6758,0.6759,38.30,28.80
2007.09.05 17:45:54.228,0.6758,0.6759,39.10,28.80
2007.09.05 17:45:54.342,0.6758,0.6759,39.10,29.60
2007.09.05 17:45:54.526,0.6758,0.6759,43.10,29.60
2007.09.05 17:45:54.592,0.6758,0.6759,43.10,21.60
2007.09.05 17:45:54.690,0.6758,0.6759,42.30,22.40
2007.09.05 17:45:54.704,0.6758,0.6759,41.50,22.40
2007.09.05 17:45:54.802,0.6758,0.6759,40.70,22.40
2007.09.05 17:45:55.133,0.6758,0.6759,40.70,30.40
2007.09.05 17:45:55.316,0.6758,0.6759,36.70,30.40
2007.09.05 17:45:55.420,0.6758,0.6759,36.70,29.60
2007.09.05 17:45:55.536,0.6758,0.6759,36.70,28.80
2007.09.05 17:45:55.551,0.6758,0.6759,36.70,28.00
2007.09.05 17:45:56.368,0.6758,0.6759,36.70,28.80
2007.09.05 17:45:56.482,0.6758,0.6759,36.70,29.60
2007.09.05 17:45:56.492,0.6758,0.6759,36.70,30.40
2007.09.05 17:45:58.014,0.6758,0.6759,36.70,31.20
2007.09.05 17:45:58.235,0.6758,0.6759,32.70,35.20
2007.09.05 17:45:58.334,0.6758,0.6759,31.90,35.20
2007.09.05 17:45:58.374,0.6758,0.6759,31.90,34.40
2007.09.05 17:45:58.440,0.6758,0.6759,31.90,32.80
2007.09.05 17:45:58.527,0.6758,0.6759,31.10,32.80
2007.09.05 17:46:08.989,0.6758,0.6759,31.90,32.80
2007.09.05 17:46:09.489,0.6758,0.6759,31.90,24.80
2007.09.05 17:46:09.674,0.6758,0.6759,35.90,24.80
2007.09.05 17:46:10.222,0.6758,0.6759,35.90,24.00
2007.09.05 17:46:10.925,0.6758,0.6759,36.00,24.00
2007.09.05 17:46:11.568,0.6758,0.6759,36.00,23.20
2007.09.05 17:46:11.732,0.6758,0.6759,36.00,22.40
2007.09.05 17:46:11.891,0.6758,0.6759,36.80,22.40
2007.09.05 17:46:12.088,0.6758,0.6759,40.80,18.40
2007.09.05 17:46:12.377,0.6758,0.6759,41.60,18.40
2007.09.05 17:46:15.062,0.6758,0.6759,41.60,19.20
2007.09.05 17:46:15.091,0.6758,0.6759,37.60,24.00
2007.09.05 17:46:15.796,0.6758,0.6759,36.80,24.00
2007.09.05 17:46:15.999,0.6758,0.6759,36.80,32.00
2007.09.05 17:46:16.032,0.6758,0.6759,32.70,32.00
2007.09.05 17:46:20.242,0.6758,0.6759,32.70,0.80
2007.09.05 17:46:21.994,0.6758,0.67595,31.90,36.80
2007.09.05 17:46:22.528,0.6758,0.6759,31.10,0.90
2007.09.05 17:46:33.775,0.6758,0.67595,31.90,37.60
2007.09.05 17:46:34.115,0.6758,0.6759,35.90,0.70
2007.09.05 17:46:34.193,0.6758,0.67595,35.90,29.60
2007.09.05 17:46:34.351,0.6758,0.67595,36.00,29.60
2007.09.05 17:46:36.595,0.6758,0.67595,36.80,28.80
2007.09.05 17:46:36.823,0.6758,0.6759,36.80,0.60
2007.09.05 17:46:37.169,0.6758,0.67595,37.60,36.80
2007.09.05 17:46:37.211,0.6758,0.67595,38.40,36.00
2007.09.05 17:46:37.276,0.6758,0.6759,34.30,0.90
2007.09.05 17:46:37.557,0.6758,0.67595,34.30,36.80
2007.09.05 17:46:37.588,0.6758,0.6759,34.30,0.90
2007.09.05 17:46:37.795,0.6758,0.6759,38.40,0.80
2007.09.05 17:46:37.984,0.6758,0.67595,38.40,28.80
2007.09.05 17:46:38.005,0.6758,0.67595,38.40,28.00
2007.09.05 17:46:38.519,0.6758,0.6759,37.60,0.50
2007.09.05 17:46:38.725,0.6758,0.67595,41.60,24.00
2007.09.05 17:46:47.023,0.6758,0.6759,40.80,0.60
2007.09.05 17:46:47.229,0.6758,0.6759,40.80,0.70
2007.09.05 17:46:47.331,0.6758,0.67595,36.70,32.00
2007.09.05 17:46:47.541,0.6758,0.6759,36.70,0.70
2007.09.05 17:46:55.002,0.6758,0.6759,37.50,28.00
2007.09.05 17:46:55.224,0.6758,0.6759,37.50,20.00
2007.09.05 17:46:55.242,0.6758,0.6759,41.50,20.00
2007.09.05 17:46:55.510,0.6758,0.6759,41.60,19.20
2007.09.05 17:46:55.582,0.6758,0.6759,41.60,18.40
2007.09.05 17:46:57.570,0.6758,0.6759,32.80,26.30
2007.09.05 17:46:57.666,0.6758,0.6759,28.80,31.10
2007.09.05 17:46:57.713,0.6758,0.6759,28.00,31.10
2007.09.05 17:46:57.758,0.6758,0.6759,27.20,39.10
2007.09.05 17:46:57.769,0.6758,0.6759,23.20,39.90
2007.09.05 17:47:23.015,0.6758,0.6759,24.00,39.90
2007.09.05 17:47:24.048,0.6758,0.6759,23.20,39.90
2007.09.05 17:47:26.728,0.6758,0.6759,10.90,39.90
2007.09.05 17:47:28.193,0.6758,0.6759,11.40,39.10
2007.09.05 17:47:28.405,0.67575,0.6759,32.00,39.10
2007.09.05 17:47:28.517,0.6758,0.6759,6.60,38.30
2007.09.05 17:47:28.699,0.6758,0.6759,11.70,39.10
2007.09.05 17:47:28.826,0.67575,0.6759,36.00,39.10
2007.09.05 17:47:29.121,0.67575,0.6759,36.00,39.90
2007.09.05 17:47:29.633,0.67575,0.6759,36.00,39.10
2007.09.05 17:47:29.887,0.67575,0.6759,36.00,38.30
2007.09.05 17:47:30.155,0.67575,0.6759,36.00,39.10
2007.09.05 17:47:30.470,0.6758,0.6759,4.90,39.10
2007.09.05 17:47:30.566,0.6758,0.6759,0.90,39.90
2007.09.05 17:47:30.692,0.6758,0.6759,1.30,39.90
2007.09.05 17:47:31.098,0.67575,0.6759,33.60,40.70
2007.09.05 17:47:31.208,0.67575,0.6759,28.80,41.50
2007.09.05 17:47:31.301,0.6758,0.6759,3.50,41.50
2007.09.05 17:47:31.425,0.67575,0.6759,20.80,42.30
2007.09.05 17:47:31.613,0.6758,0.6759,1.40,42.30
2007.09.05 17:47:31.720,0.67575,0.6759,39.90,34.40
2007.09.05 17:47:32.202,0.67575,0.6759,39.90,33.60
2007.09.05 17:47:32.227,0.6758,0.6759,9.90,32.80
2007.09.05 17:47:32.285,0.6758,0.6759,0.60,32.00
2007.09.05 17:47:35.743,0.67575,0.6759,32.00,39.90
2007.09.05 17:47:36.579,0.6758,0.6759,4.30,43.10
2007.09.05 17:47:36.640,0.67575,0.6759,32.00,43.90
2007.09.05 17:47:36.716,0.6758,0.6759,5.30,47.10
2007.09.05 17:47:39.159,0.67575,0.6759,31.20,47.10
2007.09.05 17:47:39.242,0.67575,0.6759,30.40,47.10
2007.09.05 17:47:43.708,0.6758,0.6759,5.70,47.10
2007.09.05 17:47:43.801,0.6758,0.67585,5.60,0.80
2007.09.05 17:47:43.826,0.67575,0.67585,20.00,0.80
2007.09.05 17:47:43.911,0.67575,0.6759,20.00,43.90
2007.09.05 17:47:43.948,0.67575,0.6759,20.00,41.50
2007.09.05 17:47:44.242,0.67575,0.6759,21.60,42.30
2007.09.05 17:47:44.300,0.67575,0.6759,30.40,42.30
2007.09.05 17:47:56.326,0.6758,0.6759,24.00,42.30
2007.09.05 17:47:56.431,0.6758,0.6759,24.00,41.50
2007.09.05 17:47:56.603,0.6758,0.6759,24.00,40.70
2007.09.05 17:47:56.731,0.6758,0.6759,24.00,39.90
2007.09.05 17:47:59.869,0.6758,0.6759,23.20,39.90
2007.09.05 17:48:15.737,0.6758,0.6759,22.40,39.90
2007.09.05 17:48:15.819,0.6758,0.6759,20.00,39.90
2007.09.05 17:48:15.840,0.6758,0.6759,12.00,39.90
2007.09.05 17:48:16.228,0.6758,0.6759,12.00,0.60
2007.09.05 17:48:19.895,0.6758,0.6759,12.80,39.90
2007.09.05 17:48:38.834,0.6758,0.6759,23.20,39.90
2007.09.05 17:48:46.146,0.6758,0.6759,20.80,39.90
2007.09.05 17:48:46.243,0.6758,0.6759,12.80,39.90
2007.09.05 17:48:49.771,0.6758,0.6759,0.80,45.50
2007.09.05 17:48:49.867,0.67575,0.6759,13.60,47.00
2007.09.05 17:48:49.954,0.67575,0.6758,9.60,10.40
2007.09.05 17:48:50.183,0.67575,0.6758,8.80,10.40
2007.09.05 17:48:52.736,0.67575,0.6758,8.80,8.00
2007.09.05 17:48:52.758,0.67575,0.67585,8.80,4.00
2007.09.05 17:48:53.544,0.67575,0.67585,8.00,4.00
2007.09.05 17:48:53.790,0.67575,0.6759,12.00,42.30
2007.09.05 17:48:53.961,0.67575,0.6759,12.80,42.30
2007.09.05 17:48:55.869,0.6758,0.6759,0.80,42.30
2007.09.05 17:48:56.309,0.6758,0.67595,0.80,47.90
2007.09.05 17:48:57.812,0.6758,0.67595,0.80,59.90
2007.09.05 17:48:58.019,0.6758,0.6759,0.80,54.30
2007.09.05 17:49:00.635,0.67575,0.6759,13.60,54.30
2007.09.05 17:49:03.394,0.67575,0.67585,12.80,0.60
2007.09.05 17:49:05.150,0.67575,0.6759,13.60,54.30
2007.09.05 17:49:05.563,0.67575,0.6759,9.60,54.30
2007.09.05 17:49:05.991,0.67575,0.6759,13.60,54.30
2007.09.05 17:49:07.111,0.67575,0.6759,12.80,54.30
2007.09.05 17:49:08.421,0.67575,0.67585,13.60,0.50
2007.09.05 17:49:13.049,0.6758,0.67585,0.80,0.90
2007.09.05 17:49:13.351,0.67575,0.6759,13.60,54.30
2007.09.05 17:49:13.466,0.67575,0.6759,12.80,55.10
2007.09.05 17:49:14.304,0.67575,0.6759,12.80,57.50
2007.09.05 17:49:29.841,0.67575,0.67585,12.80,5.60
2007.09.05 17:49:30.121,0.67575,0.67585,12.80,6.40
2007.09.05 17:49:30.256,0.67575,0.6758,12.80,2.40
2007.09.05 17:49:30.397,0.67575,0.6758,12.80,10.40
2007.09.05 17:49:30.589,0.67575,0.6758,12.00,10.40
2007.09.05 17:49:32.680,0.67575,0.6758,12.00,2.40
2007.09.05 17:49:32.741,0.67575,0.67585,12.00,7.20
2007.09.05 17:49:32.836,0.67575,0.67585,12.00,5.60
2007.09.05 17:49:32.987,0.67575,0.67585,12.00,0.80
2007.09.05 17:49:33.214,0.6758,0.67585,0.80,0.80
2007.09.05 17:49:33.250,0.6758,0.67585,0.80,1.60
2007.09.05 17:49:33.611,0.67575,0.67585,12.00,1.60
2007.09.05 17:49:33.646,0.67575,0.67585,12.00,2.40
2007.09.05 17:49:34.413,0.6758,0.67585,0.80,2.40
2007.09.05 17:49:34.496,0.6758,0.67585,0.80,1.60
2007.09.05 17:49:34.609,0.6758,0.6759,0.80,55.30
2007.09.05 17:49:34.790,0.6758,0.6759,0.80,54.50
2007.09.05 17:49:34.927,0.6758,0.6759,0.80,46.30
2007.09.05 17:49:37.086,0.6758,0.6759,0.80,47.10
2007.09.05 17:49:37.161,0.6758,0.67585,0.80,0.80
2007.09.05 17:49:37.582,0.6758,0.67585,0.80,4.80
2007.09.05 17:49:37.779,0.6758,0.67585,0.80,4.00
2007.09.05 17:49:37.990,0.6758,0.6759,0.80,58.30
2007.09.05 17:49:38.175,0.6758,0.6759,0.80,59.10
2007.09.05 17:49:38.458,0.6758,0.6759,0.80,47.10
2007.09.05 17:49:38.482,0.6758,0.6759,0.80,46.30
2007.09.05 17:49:39.593,0.6758,0.6759,0.80,46.60
2007.09.05 17:49:39.717,0.6758,0.6759,0.80,46.30
2007.09.05 17:49:40.193,0.6758,0.6759,0.80,46.60
2007.09.05 17:49:40.290,0.6758,0.6759,0.80,43.90
2007.09.05 17:49:40.325,0.6758,0.6759,0.80,43.10
2007.09.05 17:49:40.614,0.6758,0.6759,1.60,43.10
2007.09.05 17:49:40.715,0.6758,0.6759,1.60,42.30
2007.09.05 17:49:41.053,0.6758,0.6759,2.40,42.30
2007.09.05 17:49:41.761,0.6758,0.67595,2.40,47.10
2007.09.05 17:49:41.958,0.6758,0.6759,2.40,0.60
2007.09.05 17:49:42.081,0.6758,0.6759,2.40,0.80
2007.09.05 17:49:42.212,0.6758,0.6759,2.40,0.60
2007.09.05 17:49:50.903,0.6758,0.67595,1.60,47.90
2007.09.05 17:49:50.955,0.6758,0.67595,0.80,47.90
2007.09.05 17:49:51.062,0.6758,0.6759,0.80,0.90
2007.09.05 17:49:51.131,0.6758,0.6759,0.80,0.70
2007.09.05 17:49:51.200,0.6758,0.6759,0.80,0.80
2007.09.05 17:50:01.175,0.6758,0.6759,1.60,0.50
2007.09.05 17:50:01.237,0.6758,0.67595,2.40,49.50
2007.09.05 17:50:06.937,0.6758,0.6759,10.40,0.70
2007.09.05 17:50:06.960,0.6758,0.67595,22.30,41.60
2007.09.05 17:50:06.984,0.6758,0.6759,24.70,0.50
2007.09.05 17:50:07.067,0.6758,0.6759,32.70,0.90
2007.09.05 17:50:37.022,0.6758,0.6759,36.70,30.40
2007.09.05 17:50:40.682,0.6758,0.6759,32.70,34.40
2007.09.05 17:50:42.460,0.6758,0.6759,36.70,34.40
2007.09.05 17:50:42.704,0.6758,0.6759,36.70,26.40
2007.09.05 17:50:42.723,0.6758,0.6759,36.80,26.40
2007.09.05 17:50:47.964,0.6758,0.6759,40.80,22.40
2007.09.05 17:50:48.283,0.6758,0.6759,41.60,22.40
2007.09.05 17:50:48.789,0.6758,0.6759,40.80,22.40
2007.09.05 17:50:49.324,0.6758,0.6759,41.60,22.40
2007.09.05 17:51:01.199,0.6758,0.6759,40.80,22.40
2007.09.05 17:51:01.288,0.6758,0.6759,40.00,22.40
2007.09.05 17:51:02.517,0.6758,0.6759,40.80,22.40
2007.09.05 17:51:02.567,0.6758,0.6759,41.60,22.40
2007.09.05 17:51:12.251,0.6758,0.6759,42.40,22.40
2007.09.05 17:51:12.757,0.6758,0.6759,41.60,22.40
2007.09.05 17:51:13.087,0.6758,0.6759,41.60,21.60
2007.09.05 17:51:13.191,0.6758,0.6759,42.40,21.60
2007.09.05 17:51:13.475,0.6758,0.6759,43.20,20.80
2007.09.05 17:51:13.600,0.6758,0.6759,42.40,20.80
2007.09.05 17:51:13.856,0.6758,0.6759,41.60,20.80
2007.09.05 17:51:20.640,0.6758,0.6759,41.60,21.60
2007.09.05 17:51:20.743,0.6757,0.6759,34.00,22.40
2007.09.05 17:51:21.044,0.6757,0.6759,34.00,21.60
2007.09.05 17:51:22.214,0.6757,0.6759,34.00,20.80
2007.09.05 17:51:25.345,0.6757,0.6759,10.10,20.80
2007.09.05 17:51:26.818,0.67565,0.6759,38.00,20.80
2007.09.05 17:51:48.019,0.6757,0.6759,16.30,21.60
2007.09.05 17:51:48.040,0.6757,0.6759,9.10,22.40
2007.09.05 17:51:48.834,0.6757,0.6759,12.00,21.60
2007.09.05 17:51:48.925,0.6757,0.6759,14.80,20.80
2007.09.05 17:51:52.991,0.6757,0.6759,32.40,21.60
2007.09.05 17:51:53.326,0.6757,0.6759,32.40,22.40
2007.09.05 17:51:54.384,0.6758,0.6759,41.60,22.40
2007.09.05 17:51:54.876,0.6757,0.6759,32.40,22.40
2007.09.05 17:51:55.562,0.6758,0.6759,41.60,22.40
2007.09.05 17:51:55.967,0.6758,0.6759,41.60,21.60
2007.09.05 17:51:56.345,0.6757,0.6759,32.40,20.80
2007.09.05 17:51:57.626,0.6757,0.6759,32.40,21.60
2007.09.05 17:51:57.859,0.6758,0.6759,41.60,22.40
2007.09.05 17:52:00.133,0.6758,0.6759,41.60,21.60
2007.09.05 17:52:00.145,0.6757,0.6759,32.40,20.80
2007.09.05 17:52:00.419,0.67565,0.6759,35.60,20.80
2007.09.05 17:52:00.939,0.6758,0.6759,18.70,20.80
2007.09.05 17:52:01.239,0.6758,0.6759,2.90,21.60
2007.09.05 17:52:02.200,0.6758,0.6759,16.30,22.40
2007.09.05 17:52:02.485,0.6758,0.6759,16.40,22.40
2007.09.05 17:52:02.520,0.67575,0.6759,41.60,22.40
2007.09.05 17:52:03.724,0.6758,0.6759,15.70,22.40
2007.09.05 17:52:03.944,0.6758,0.6759,10.90,22.40
2007.09.05 17:52:06.810,0.67575,0.6759,43.20,21.60
2007.09.05 17:52:06.999,0.6758,0.6759,8.70,20.80
2007.09.05 17:52:08.015,0.67575,0.6759,43.20,20.80
2007.09.05 17:52:08.272,0.67575,0.6759,43.20,21.60
2007.09.05 17:52:08.279,0.67575,0.6759,43.20,22.40
2007.09.05 17:52:08.566,0.6758,0.6759,11.80,23.20
2007.09.05 17:52:08.831,0.67575,0.6759,43.90,23.20
2007.09.05 17:52:09.092,0.6758,0.6759,14.20,23.20
2007.09.05 17:52:11.182,0.6758,0.6759,7.20,22.40
2007.09.05 17:52:11.400,0.67575,0.6759,44.80,21.60
2007.09.05 17:52:12.419,0.6758,0.6759,10.20,21.60
2007.09.05 17:52:12.685,0.6758,0.6759,0.60,20.80
2007.09.05 17:52:15.184,0.67575,0.6759,47.20,16.80
2007.09.05 17:52:15.395,0.6758,0.6759,16.20,16.80
2007.09.05 17:52:31.008,0.6758,0.6759,49.60,16.80
2007.09.05 17:52:31.453,0.6758,0.6759,50.40,16.80
2007.09.05 17:52:33.572,0.6758,0.6759,49.60,16.80
2007.09.05 17:52:34.215,0.6758,0.6759,50.40,16.80
2007.09.05 17:52:48.276,0.67585,0.6759,8.00,14.40
2007.09.05 17:53:01.166,0.67561,0.67577,33.80,22.00
2007.09.05 17:53:01.270,0.67561,0.67576,10.40,17.20
2007.09.05 17:53:04.149,0.67557,0.67577,29.90,29.10
2007.09.05 17:53:04.222,0.67556,0.67576,10.40,14.40
2007.09.05 17:53:09.176,0.67555,0.67575,31.40,21.20
2007.09.05 17:53:09.228,0.67556,0.67576,47.40,15.50
2007.09.05 17:53:10.399,0.67555,0.67575,31.40,21.20
2007.09.05 17:53:11.255,0.67555,0.67575,31.40,21.20
2007.09.05 17:53:11.307,0.67555,0.67575,31.40,21.20
2007.09.05 17:53:13.153,0.67554,0.67574,10.40,16.40
2007.09.05 17:53:13.241,0.6756,0.6757,33.80,22.00
2007.09.05 17:53:20.380,0.67561,0.67571,30.70,29.10
2007.09.05 17:53:42.331,0.67563,0.67573,10.40,18.40
2007.09.05 17:53:42.597,0.67561,0.67576,39.40,15.00
2007.09.05 17:53:42.763,0.67563,0.67573,0.80,29.10
2007.09.05 17:53:44.648,0.67554,0.67579,0.80,26.30
2007.09.05 17:53:44.769,0.67552,0.67578,10.40,16.40
2007.09.05 17:53:48.138,0.67552,0.67577,0.80,29.10
2007.09.05 17:53:48.238,0.67554,0.67574,36.20,21.20
2007.09.05 17:53:51.551,0.67558,0.67573,39.40,15.60
2007.09.05 17:53:55.280,0.6756,0.67575,10.40,18.40
2007.09.05 17:53:55.343,0.6756,0.67575,10.40,16.40
2007.09.05 17:53:55.437,0.67559,0.67574,10.40,18.60
2007.09.05 17:53:56.158,0.6756,0.6757,39.40,0.60
2007.09.05 17:53:56.409,0.67553,0.67573,39.40,0.60
2007.09.05 17:53:57.826,0.67554,0.67574,31.40,21.20
2007.09.05 17:53:58.077,0.67555,0.67575,30.70,29.10
2007.09.05 17:53:58.189,0.67555,0.67575,36.20,21.20
2007.09.05 17:53:58.321,0.67553,0.67573,10.40,16.40
2007.09.05 17:53:58.879,0.67554,0.6757,28.30,29.10
2007.09.05 17:54:08.980,0.6758,0.6759,61.60,16.80
2007.09.05 17:54:11.223,0.6758,0.6759,50.40,16.80
2007.09.05 17:54:58.159,0.6758,0.6759,49.60,16.80
2007.09.05 17:55:00.207,0.6758,0.6759,50.40,16.80
2007.09.05 17:55:00.970,0.6758,0.6759,49.60,16.80
2007.09.05 17:55:01.487,0.6758,0.67595,49.60,27.20
2007.09.05 17:55:01.651,0.6758,0.67595,48.80,27.20
2007.09.05 17:55:03.590,0.6758,0.67595,48.00,26.40
2007.09.05 17:55:04.122,0.6758,0.67595,48.80,26.40
2007.09.05 17:55:04.711,0.6757,0.67595,20.00,25.60
2007.09.05 17:55:04.822,0.6757,0.67595,20.00,26.40
2007.09.05 17:55:04.855,0.6757,0.67595,19.60,27.50
2007.09.05 17:55:04.957,0.6757,0.67595,25.80,27.50
2007.09.05 17:55:05.099,0.6757,0.6759,25.00,0.80
2007.09.05 17:55:05.470,0.6757,0.6759,17.00,0.70
2007.09.05 17:55:05.601,0.6757,0.67595,17.00,26.70
2007.09.05 17:55:05.722,0.6757,0.6759,17.00,0.60
2007.09.05 17:55:05.793,0.6757,0.6759,17.00,0.70
2007.09.05 17:55:05.883,0.6757,0.67595,25.00,26.40
2007.09.05 17:55:05.977,0.6757,0.67595,25.00,26.40
2007.09.05 17:55:06.096,0.6757,0.67595,25.00,26.70
2007.09.05 17:55:07.243,0.6757,0.67595,29.00,26.40
2007.09.05 17:55:07.377,0.6757,0.67595,29.80,25.60
2007.09.05 17:55:07.634,0.6757,0.67595,33.00,24.80
2007.09.05 17:55:07.655,0.6757,0.67595,33.00,24.80
2007.09.05 17:55:08.060,0.6757,0.67595,24.80,26.40
2007.09.05 17:55:08.165,0.6757,0.6759,24.80,0.90
2007.09.05 17:55:08.178,0.6757,0.6759,24.80,0.60
2007.09.05 17:55:08.228,0.6757,0.67595,24.80,28.00
2007.09.05 17:55:08.424,0.6757,0.67595,24.80,28.00
2007.09.05 17:55:08.614,0.6757,0.67595,24.90,28.00
2007.09.05 17:55:08.683,0.6757,0.67595,32.90,28.00
2007.09.05 17:55:11.679,0.6757,0.6759,32.90,0.70
2007.09.05 17:55:11.687,0.6758,0.6759,36.70,0.80
2007.09.05 17:55:12.183,0.6758,0.6759,36.70,0.80
2007.09.05 17:55:12.247,0.6758,0.67595,36.70,34.40
2007.09.05 17:55:12.305,0.6758,0.67595,36.70,33.60
2007.09.05 17:55:12.326,0.6758,0.67595,36.70,32.80
2007.09.05 17:55:12.553,0.6757,0.67595,32.90,32.80
2007.09.05 17:55:12.585,0.6757,0.67595,24.90,24.80
2007.09.05 17:55:12.886,0.6757,0.6759,24.80,0.50
2007.09.05 17:55:25.884,0.6757,0.67595,25.60,24.00
2007.09.05 17:55:37.579,0.6757,0.6759,28.00,0.90
2007.09.05 17:55:55.146,0.6757,0.6759,43.90,28.70
2007.09.05 17:55:55.268,0.6757,0.6759,48.50,32.70
2007.09.05 17:55:55.351,0.6757,0.6759,57.30,40.70
2007.09.05 17:55:55.360,0.6757,0.6759,54.90,40.70
2007.09.05 17:55:55.401,0.6758,0.6759,19.20,44.70
2007.09.05 17:55:55.675,0.6758,0.6759,23.20,40.70
2007.09.05 17:56:12.632,0.6758,0.6759,19.20,44.70
2007.09.05 17:56:12.729,0.6758,0.6759,23.20,40.70
2007.09.05 17:56:20.006,0.6758,0.6759,23.20,41.50
2007.09.05 17:56:20.072,0.6758,0.6759,23.20,42.30
2007.09.05 17:56:20.115,0.6758,0.6759,22.40,42.30
2007.09.05 17:56:20.175,0.6758,0.6759,20.00,42.30
2007.09.05 17:56:20.226,0.6758,0.6759,12.00,42.30
2007.09.05 17:56:20.348,0.6758,0.6759,12.00,43.10
2007.09.05 17:56:22.673,0.6758,0.6759,14.40,43.10
2007.09.05 17:56:22.725,0.6758,0.6759,15.20,43.10
2007.09.05 17:56:22.868,0.6758,0.6759,23.20,41.50
2007.09.05 17:56:23.224,0.6758,0.6759,23.20,40.70
2007.09.05 17:56:32.285,0.6758,0.6759,22.40,40.70
2007.09.05 17:56:40.189,0.6758,0.6759,22.40,0.70
2007.09.05 17:56:45.399,0.6758,0.67595,23.20,45.50
2007.09.05 17:57:10.755,0.6758,0.6759,22.40,40.70
2007.09.05 17:57:22.194,0.6758,0.6759,23.20,40.70
2007.09.05 17:57:22.695,0.6758,0.6759,27.20,36.70
2007.09.05 17:57:22.828,0.6758,0.6759,28.00,36.70
2007.09.05 17:57:22.891,0.6758,0.6759,28.80,36.70
2007.09.05 17:57:23.136,0.6758,0.6759,28.00,36.70
2007.09.05 17:57:23.264,0.6758,0.6759,24.80,40.70
2007.09.05 17:57:25.190,0.6758,0.6759,24.00,40.70
2007.09.05 17:57:33.386,0.6758,0.6759,23.20,40.70
2007.09.05 17:57:33.652,0.6758,0.6759,22.40,40.70
2007.09.05 17:57:39.909,0.6758,0.6759,22.40,0.50
2007.09.05 17:57:55.255,0.6758,0.6759,23.20,0.80
2007.09.05 17:58:09.194,0.6758,0.6759,20.80,40.70
2007.09.05 17:58:09.229,0.6758,0.6759,8.00,40.70
2007.09.05 17:58:10.595,0.6758,0.6759,8.80,40.70
2007.09.05 17:58:11.251,0.6758,0.6759,16.80,36.70
2007.09.05 17:58:11.728,0.6758,0.6759,19.20,36.70
2007.09.05 17:58:11.774,0.6758,0.6759,27.20,36.70
2007.09.05 17:58:14.984,0.6758,0.67595,27.20,40.70
2007.09.05 17:58:15.338,0.6758,0.6759,26.40,0.70
2007.09.05 17:58:19.541,0.6758,0.67595,22.40,44.70
2007.09.05 17:58:23.402,0.6758,0.6759,23.20,0.80
2007.09.05 17:58:28.245,0.6758,0.6759,22.40,0.50
2007.09.05 17:58:37.883,0.6758,0.67595,18.40,44.70
2007.09.05 17:58:37.975,0.6758,0.6759,18.40,0.90
2007.09.05 17:58:39.219,0.6758,0.67595,19.20,48.70
2007.09.05 17:59:00.878,0.6758,0.6759,19.20,36.70
2007.09.05 17:59:00.921,0.6758,0.6759,19.20,34.30
2007.09.05 17:59:13.971,0.6758,0.6759,18.40,34.30
2007.09.05 17:59:26.465,0.6758,0.6759,19.20,34.30
2007.09.05 17:59:26.493,0.6758,0.6759,19.20,31.90
2007.09.05 17:59:26.589,0.6758,0.6759,23.20,19.90
2007.09.05 17:59:26.684,0.6758,0.6759,24.00,19.90
2007.09.05 17:59:26.798,0.6758,0.6759,31.90,12.00
2007.09.05 17:59:26.886,0.6758,0.6759,31.90,12.00
2007.09.05 17:59:26.995,0.6758,0.676,31.90,41.80
2007.09.05 17:59:27.002,0.6758,0.676,32.70,41.80
2007.09.05 17:59:27.206,0.6758,0.676,32.70,42.60
2007.09.05 17:59:27.229,0.6758,0.676,32.00,41.80
2007.09.05 17:59:27.407,0.6758,0.676,32.00,41.00
2007.09.05 17:59:27.430,0.6758,0.676,32.70,41.00
2007.09.05 17:59:27.463,0.6758,0.676,32.70,40.20
2007.09.05 17:59:27.511,0.67585,0.676,8.00,40.20
2007.09.05 17:59:27.529,0.67585,0.676,8.00,32.20
2007.09.05 17:59:27.840,0.67585,0.6759,8.00,8.00
2007.09.05 17:59:27.851,0.67585,0.67595,8.00,4.00
2007.09.05 17:59:28.011,0.6758,0.67595,52.70,4.00
2007.09.05 17:59:28.053,0.6758,0.67595,44.70,4.00
2007.09.05 17:59:28.075,0.6758,0.67595,44.80,4.00
2007.09.05 17:59:28.367,0.6758,0.676,40.80,44.30
2007.09.05 17:59:28.473,0.6758,0.676,32.80,40.30
2007.09.05 17:59:28.565,0.6758,0.676,32.70,40.30
2007.09.05 17:59:30.032,0.6758,0.676,33.50,42.40
2007.09.05 17:59:30.182,0.6758,0.676,35.10,42.40
2007.09.05 17:59:30.190,0.6758,0.676,35.90,42.40
2007.09.05 17:59:30.275,0.6758,0.676,35.10,42.40
2007.09.05 17:59:30.362,0.6758,0.676,35.90,48.30
2007.09.05 17:59:30.383,0.6758,0.676,36.70,48.30
2007.09.05 17:59:30.496,0.6758,0.676,44.70,40.30
2007.09.05 17:59:30.501,0.67585,0.676,8.00,40.30
2007.09.05 17:59:30.593,0.67585,0.676,8.00,38.10
2007.09.05 17:59:30.693,0.67585,0.676,8.00,41.30
2007.09.05 17:59:30.713,0.67585,0.676,8.00,42.90
2007.09.05 17:59:30.820,0.67585,0.676,8.00,34.90
2007.09.05 17:59:30.960,0.67585,0.6759,8.00,10.40
2007.09.05 17:59:32.234,0.67585,0.6759,8.00,8.00
2007.09.05 17:59:32.264,0.67585,0.67595,8.00,4.00
2007.09.05 17:59:33.977,0.6759,0.67595,8.00,4.00
2007.09.05 17:59:34.168,0.6759,0.67595,8.80,4.00
2007.09.05 17:59:34.183,0.6759,0.676,8.80,34.70
2007.09.05 17:59:36.034,0.6759,0.676,8.80,35.50
2007.09.05 17:59:36.092,0.6759,0.6761,8.80,24.20
2007.09.05 17:59:37.254,0.6759,0.6761,8.90,24.30
2007.09.05 17:59:37.600,0.6759,0.676,8.80,34.70
2007.09.05 17:59:43.026,0.6759,0.676,0.80,37.90
2007.09.05 17:59:43.074,0.6759,0.676,0.80,38.60
2007.09.05 17:59:43.175,0.67585,0.676,12.00,38.60
2007.09.05 17:59:43.323,0.67585,0.6759,8.00,10.40
2007.09.05 17:59:43.489,0.67585,0.6759,8.00,0.50
