2010.10.25 07:00:00.132,0.89273,0.89282,3.80,1.10
2010.10.25 07:00:01.024,0.89275,0.89284,1.50,1.10
2010.10.25 07:00:01.857,0.89273,0.89283,3.00,1.80
2010.10.25 07:00:02.730,0.89273,0.89282,2.30,1.10
2010.10.25 07:00:02.862,0.89268,0.89275,2.30,2.30
2010.10.25 07:00:03.538,0.8927,0.89276,1.50,2.60
2010.10.25 07:00:03.662,0.89273,0.89281,2.30,1.90
2010.10.25 07:00:04.374,0.89273,0.89283,1.10,7.90
2010.10.25 07:00:05.146,0.89271,0.89281,1.50,2.60
2010.10.25 07:00:06.059,0.89272,0.89279,1.50,3.00
2010.10.25 07:00:06.914,0.89269,0.89275,1.50,1.10
2010.10.25 07:00:07.493,0.89269,0.89276,2.30,2.60
2010.10.25 07:00:08.042,0.89267,0.89276,2.30,2.30
2010.10.25 07:00:08.751,0.89269,0.89279,3.00,3.30
2010.10.25 07:00:09.314,0.8927,0.89279,3.80,1.80
2010.10.25 07:00:09.850,0.89264,0.89271,10.50,1.50
2010.10.25 07:00:10.415,0.89269,0.89278,3.80,1.80
2010.10.25 07:00:10.980,0.89269,0.89279,4.50,1.50
2010.10.25 07:00:11.697,0.89274,0.89284,4.50,3.00
2010.10.25 07:00:12.165,0.8928,0.89288,1.50,1.80
2010.10.25 07:00:13.022,0.89279,0.89287,1.50,1.80
2010.10.25 07:00:13.818,0.89276,0.89285,1.50,3.30
2010.10.25 07:00:14.056,0.89273,0.89284,3.00,4.10
2010.10.25 07:00:14.598,0.89273,0.89284,3.00,4.10
2010.10.25 07:00:15.448,0.89273,0.89283,1.50,1.80
2010.10.25 07:00:16.019,0.89271,0.89281,3.00,1.50
2010.10.25 07:00:16.577,0.89271,0.89281,3.00,1.50
2010.10.25 07:00:17.308,0.89271,0.89281,3.00,1.50
2010.10.25 07:00:17.873,0.89272,0.89282,3.00,1.50
2010.10.25 07:00:18.459,0.89272,0.89282,3.00,1.50
2010.10.25 07:00:19.137,0.89272,0.89282,3.00,1.50
2010.10.25 07:00:20.034,0.89273,0.89284,2.30,4.80
2010.10.25 07:00:20.604,0.89278,0.89287,3.00,1.50
2010.10.25 07:00:21.211,0.89278,0.89286,3.80,1.80
2010.10.25 07:00:21.853,0.89276,0.89283,3.80,1.50
2010.10.25 07:00:22.772,0.89275,0.89284,1.50,2.30
2010.10.25 07:00:23.239,0.89274,0.89285,5.30,3.30
2010.10.25 07:00:23.796,0.89278,0.89285,2.30,1.50
2010.10.25 07:00:24.588,0.89275,0.89284,3.80,2.30
2010.10.25 07:00:25.495,0.89274,0.89284,3.00,2.30
2010.10.25 07:00:26.219,0.89276,0.89284,3.00,2.30
2010.10.25 07:00:27.117,0.89274,0.89283,2.30,1.80
2010.10.25 07:00:27.682,0.89273,0.89282,3.00,1.80
2010.10.25 07:00:28.345,0.89273,0.89282,3.00,1.80
2010.10.25 07:00:29.060,0.89273,0.89281,3.00,1.50
2010.10.25 07:00:29.926,0.89271,0.89281,5.30,1.50
2010.10.25 07:00:30.823,0.89272,0.89281,2.30,2.60
2010.10.25 07:00:31.688,0.89272,0.89282,2.30,2.70
2010.10.25 07:00:32.272,0.89271,0.8928,2.30,1.10
2010.10.25 07:00:32.725,0.89265,0.89277,3.80,4.50
2010.10.25 07:00:33.540,0.89265,0.89276,3.80,2.30
2010.10.25 07:00:34.418,0.89264,0.89275,3.80,3.00
2010.10.25 07:00:35.290,0.89264,0.89274,1.50,1.50
2010.10.25 07:00:35.813,0.89264,0.89273,1.50,1.10
2010.10.25 07:00:36.408,0.89264,0.89273,1.50,1.10
2010.10.25 07:00:36.911,0.89264,0.89273,1.50,1.10
2010.10.25 07:00:37.454,0.89263,0.89273,3.80,1.10
2010.10.25 07:00:38.231,0.89263,0.89273,3.80,1.10
2010.10.25 07:00:38.796,0.89262,0.89273,3.80,2.90
2010.10.25 07:00:39.363,0.89262,0.89272,1.50,1.20
2010.10.25 07:00:40.054,0.89261,0.89272,4.80,2.70
2010.10.25 07:00:40.513,0.89262,0.89273,1.50,5.20
2010.10.25 07:00:41.096,0.89262,0.89273,1.50,4.80
2010.10.25 07:00:41.749,0.89262,0.89272,1.50,2.30
2010.10.25 07:00:42.319,0.89262,0.89273,2.30,2.60
2010.10.25 07:00:42.883,0.89261,0.8927,1.10,4.50
2010.10.25 07:00:43.574,0.89261,0.8927,1.10,2.30
2010.10.25 07:00:44.054,0.8926,0.89269,4.10,2.30
2010.10.25 07:00:44.583,0.89265,0.89275,1.50,3.00
2010.10.25 07:00:45.160,0.89269,0.89276,2.30,2.30
2010.10.25 07:00:45.742,0.89266,0.89275,2.30,1.50
2010.10.25 07:00:46.292,0.89263,0.89273,2.30,2.70
2010.10.25 07:00:46.894,0.89256,0.89267,2.30,2.30
2010.10.25 07:00:47.561,0.89255,0.89265,1.20,2.30
2010.10.25 07:00:48.416,0.89254,0.89265,3.80,2.30
2010.10.25 07:00:48.663,0.89255,0.89265,1.50,4.50
2010.10.25 07:00:49.306,0.89254,0.89264,2.30,1.50
2010.10.25 07:00:50.165,0.89254,0.89264,2.30,2.70
2010.10.25 07:00:50.293,0.89262,0.89271,6.70,3.90
2010.10.25 07:00:50.961,0.89268,0.89276,3.00,3.80
2010.10.25 07:00:51.305,0.8927,0.8928,2.30,1.50
2010.10.25 07:00:51.895,0.89274,0.89284,1.50,3.80
2010.10.25 07:00:52.492,0.8928,0.89284,2.30,1.50
2010.10.25 07:00:53.346,0.89279,0.89287,2.30,1.80
2010.10.25 07:00:53.772,0.89274,0.89281,1.50,2.30
2010.10.25 07:00:54.236,0.89273,0.8928,1.50,1.50
2010.10.25 07:00:55.049,0.89267,0.89279,4.50,6.30
2010.10.25 07:00:55.493,0.8927,0.89279,1.50,4.10
2010.10.25 07:00:56.010,0.89268,0.89277,1.50,2.60
2010.10.25 07:00:56.758,0.89264,0.89274,2.30,1.10
2010.10.25 07:00:57.211,0.89264,0.89275,2.30,2.30
2010.10.25 07:00:57.836,0.89267,0.89275,1.50,1.20
2010.10.25 07:00:58.736,0.89265,0.89274,1.50,1.20
2010.10.25 07:00:59.516,0.89259,0.89269,1.50,1.10
2010.10.25 07:01:00.208,0.89257,0.89267,1.50,3.40
2010.10.25 07:01:00.990,0.89257,0.89265,2.60,3.00
2010.10.25 07:01:01.639,0.89266,0.89274,2.30,1.20
2010.10.25 07:01:02.458,0.89271,0.89282,4.50,2.70
2010.10.25 07:01:03.267,0.89272,0.8928,2.30,1.50
2010.10.25 07:01:03.825,0.8927,0.89279,1.50,1.20
2010.10.25 07:01:04.725,0.89269,0.89278,2.30,2.30
2010.10.25 07:01:05.580,0.89265,0.89274,1.50,3.00
2010.10.25 07:01:06.300,0.89265,0.89274,1.50,4.20
2010.10.25 07:01:07.160,0.89261,0.89272,5.30,2.30
2010.10.25 07:01:07.614,0.89262,0.89271,2.30,3.40
2010.10.25 07:01:08.135,0.89261,0.89272,3.00,1.50
2010.10.25 07:01:08.705,0.89261,0.89271,1.50,3.00
2010.10.25 07:01:09.523,0.89258,0.89269,2.30,3.80
2010.10.25 07:01:10.409,0.89261,0.89271,2.30,2.90
2010.10.25 07:01:11.296,0.89261,0.89272,6.00,2.90
2010.10.25 07:01:12.092,0.8926,0.89268,4.50,2.30
2010.10.25 07:01:12.936,0.89259,0.8927,4.50,1.50
2010.10.25 07:01:13.398,0.89261,0.89272,4.50,2.60
2010.10.25 07:01:13.963,0.89259,0.89271,4.50,4.50
2010.10.25 07:01:14.765,0.8926,0.89271,2.30,4.50
2010.10.25 07:01:15.339,0.8926,0.89271,2.30,3.80
2010.10.25 07:01:15.949,0.8926,0.89269,2.30,3.00
2010.10.25 07:01:16.703,0.8926,0.89269,2.30,3.00
2010.10.25 07:01:17.268,0.8926,0.89269,2.30,3.00
2010.10.25 07:01:17.791,0.8926,0.89268,2.30,1.10
2010.10.25 07:01:18.595,0.89259,0.89268,3.00,1.10
2010.10.25 07:01:19.256,0.89259,0.89268,2.30,1.10
2010.10.25 07:01:19.791,0.89259,0.89268,2.30,1.10
2010.10.25 07:01:20.311,0.89259,0.89268,2.30,1.10
2010.10.25 07:01:20.892,0.89258,0.89268,2.30,1.10
2010.10.25 07:01:21.657,0.89259,0.89268,2.30,1.10
2010.10.25 07:01:22.531,0.89259,0.89269,2.30,3.30
2010.10.25 07:01:23.403,0.8926,0.89269,5.30,1.10
2010.10.25 07:01:24.301,0.89261,0.89269,1.50,1.10
2010.10.25 07:01:25.205,0.89267,0.89273,1.10,2.30
2010.10.25 07:01:25.858,0.89265,0.89275,3.00,2.30
2010.10.25 07:01:26.698,0.89266,0.89272,1.50,2.30
2010.10.25 07:01:27.585,0.89266,0.89275,3.80,1.50
2010.10.25 07:01:28.144,0.89266,0.89277,3.80,1.50
2010.10.25 07:01:28.759,0.89266,0.89277,3.80,1.50
2010.10.25 07:01:29.616,0.89266,0.89277,3.80,1.50
2010.10.25 07:01:30.535,0.89265,0.89271,1.50,2.30
2010.10.25 07:01:30.999,0.89261,0.89268,1.50,1.10
2010.10.25 07:01:31.596,0.89259,0.89268,4.50,1.10
2010.10.25 07:01:32.477,0.89258,0.89267,5.30,1.80
2010.10.25 07:01:33.376,0.89262,0.89268,1.50,1.10
2010.10.25 07:01:33.838,0.89262,0.89268,2.30,1.10
2010.10.25 07:01:34.383,0.89262,0.89268,2.30,1.10
2010.10.25 07:01:35.069,0.89262,0.89268,1.50,1.10
2010.10.25 07:01:35.959,0.89259,0.89268,2.30,1.10
2010.10.25 07:01:36.777,0.89259,0.89268,4.50,1.10
2010.10.25 07:01:37.644,0.89258,0.89267,3.80,1.80
2010.10.25 07:01:38.120,0.89254,0.89264,1.50,5.30
2010.10.25 07:01:38.678,0.89255,0.89265,1.50,4.10
2010.10.25 07:01:39.386,0.89256,0.89265,1.50,4.10
2010.10.25 07:01:39.947,0.89256,0.89263,1.50,1.10
2010.10.25 07:01:40.547,0.89255,0.89263,1.50,1.10
2010.10.25 07:01:41.394,0.89257,0.89263,1.50,1.10
2010.10.25 07:01:41.986,0.89258,0.89268,1.50,4.80
2010.10.25 07:01:42.548,0.89259,0.89266,2.30,1.50
2010.10.25 07:01:43.223,0.89258,0.89263,2.30,1.10
2010.10.25 07:01:44.144,0.89255,0.89263,1.50,1.10
2010.10.25 07:01:44.599,0.89254,0.89263,1.50,3.30
2010.10.25 07:01:45.167,0.89254,0.89263,1.50,1.10
2010.10.25 07:01:46.031,0.89255,0.89263,1.50,1.10
2010.10.25 07:01:46.282,0.89255,0.89263,1.50,1.10
2010.10.25 07:01:47.037,0.89255,0.89263,1.50,1.10
2010.10.25 07:01:47.616,0.89255,0.89263,1.50,1.10
2010.10.25 07:01:48.127,0.89255,0.89263,1.50,1.10
2010.10.25 07:01:48.995,0.89257,0.89263,1.50,1.10
2010.10.25 07:01:49.249,0.89258,0.89267,3.80,1.10
2010.10.25 07:01:49.914,0.89257,0.89264,2.30,1.10
2010.10.25 07:01:50.592,0.89255,0.89264,1.50,3.30
2010.10.25 07:01:51.440,0.89256,0.89264,1.50,3.30
2010.10.25 07:01:51.901,0.89255,0.89264,1.50,3.30
2010.10.25 07:01:52.456,0.89255,0.89264,1.50,3.30
2010.10.25 07:01:53.199,0.89255,0.89264,1.50,3.30
2010.10.25 07:01:53.761,0.89255,0.89264,1.50,3.30
2010.10.25 07:01:54.293,0.89255,0.89264,1.50,3.30
2010.10.25 07:01:55.120,0.89254,0.89264,2.30,4.80
2010.10.25 07:01:56.034,0.89253,0.89263,2.30,4.10
2010.10.25 07:01:56.593,0.89252,0.89262,1.50,2.30
2010.10.25 07:01:57.166,0.89252,0.89262,1.50,2.70
2010.10.25 07:01:57.841,0.89252,0.89262,1.50,2.70
2010.10.25 07:01:58.777,0.89248,0.89256,1.50,4.20
2010.10.25 07:01:59.452,0.89247,0.89258,3.80,5.20
2010.10.25 07:02:00.243,0.89249,0.89259,2.60,2.30
2010.10.25 07:02:01.172,0.89249,0.8926,3.80,2.30
2010.10.25 07:02:01.724,0.89247,0.89258,3.80,2.30
2010.10.25 07:02:02.234,0.89248,0.89258,1.50,1.20
2010.10.25 07:02:03.127,0.8925,0.8926,2.30,1.80
2010.10.25 07:02:03.980,0.89251,0.89258,1.50,1.10
2010.10.25 07:02:04.852,0.89252,0.89258,1.50,1.10
2010.10.25 07:02:05.424,0.89252,0.89258,1.50,1.10
2010.10.25 07:02:05.976,0.89253,0.89259,1.50,1.80
2010.10.25 07:02:06.827,0.89252,0.89259,1.50,1.80
2010.10.25 07:02:07.710,0.8925,0.89259,3.00,1.10
2010.10.25 07:02:08.269,0.8925,0.89259,3.00,1.10
2010.10.25 07:02:08.877,0.8925,0.89259,5.30,1.10
2010.10.25 07:02:09.674,0.8925,0.89259,1.50,1.10
2010.10.25 07:02:10.278,0.8925,0.89259,1.50,1.10
2010.10.25 07:02:10.828,0.8925,0.89259,1.50,4.10
2010.10.25 07:02:11.597,0.89249,0.89258,1.50,1.40
2010.10.25 07:02:12.412,0.8925,0.89259,1.50,1.80
2010.10.25 07:02:13.214,0.89248,0.89257,1.50,3.00
2010.10.25 07:02:14.020,0.89248,0.89257,1.50,1.20
2010.10.25 07:02:14.264,0.89248,0.89257,1.50,1.20
2010.10.25 07:02:15.007,0.89249,0.89257,1.50,1.20
2010.10.25 07:02:15.594,0.89246,0.89256,4.80,2.30
2010.10.25 07:02:16.175,0.89246,0.89256,2.60,4.50
2010.10.25 07:02:16.830,0.89246,0.89256,3.30,2.30
2010.10.25 07:02:17.388,0.89246,0.89256,4.80,2.30
2010.10.25 07:02:17.960,0.89248,0.89258,1.50,2.90
2010.10.25 07:02:18.637,0.89247,0.89257,4.50,1.50
2010.10.25 07:02:19.550,0.89247,0.89257,2.30,1.50
2010.10.25 07:02:19.803,0.89248,0.89258,2.30,4.10
2010.10.25 07:02:20.477,0.89248,0.89257,3.00,1.50
2010.10.25 07:02:21.045,0.89248,0.89258,2.30,1.80
2010.10.25 07:02:21.611,0.89248,0.89258,2.30,2.60
2010.10.25 07:02:22.476,0.89247,0.89257,4.50,1.50
2010.10.25 07:02:22.718,0.89247,0.89257,4.50,1.50
2010.10.25 07:02:23.460,0.89247,0.89257,4.50,1.50
2010.10.25 07:02:24.363,0.89247,0.89257,1.50,2.30
2010.10.25 07:02:25.235,0.89246,0.89256,2.60,2.30
2010.10.25 07:02:25.479,0.89246,0.89256,2.60,2.30
2010.10.25 07:02:26.259,0.89246,0.89256,2.60,2.30
2010.10.25 07:02:27.135,0.89244,0.89254,5.60,2.70
2010.10.25 07:02:27.926,0.89242,0.89251,2.30,1.50
2010.10.25 07:02:28.384,0.89241,0.89252,1.10,4.90
2010.10.25 07:02:28.974,0.89242,0.8925,1.10,3.00
2010.10.25 07:02:29.536,0.89242,0.89251,1.10,2.30
2010.10.25 07:02:30.353,0.89241,0.89252,4.80,2.30
2010.10.25 07:02:30.930,0.89241,0.89252,6.00,1.80
2010.10.25 07:02:31.488,0.89239,0.89249,1.50,3.00
2010.10.25 07:02:32.216,0.89239,0.89249,1.50,3.40
2010.10.25 07:02:33.088,0.89241,0.89249,1.50,5.70
2010.10.25 07:02:33.843,0.89242,0.89251,1.50,2.30
2010.10.25 07:02:34.719,0.89241,0.89251,2.30,3.00
2010.10.25 07:02:34.945,0.89242,0.89251,2.30,1.50
2010.10.25 07:02:35.696,0.89242,0.89252,2.30,2.70
2010.10.25 07:02:36.264,0.89242,0.89251,2.30,2.30
2010.10.25 07:02:36.830,0.89242,0.89251,2.30,2.30
2010.10.25 07:02:37.393,0.89242,0.89251,2.30,2.30
2010.10.25 07:02:37.949,0.89242,0.89251,2.30,2.30
2010.10.25 07:02:38.630,0.89242,0.89251,2.30,1.50
2010.10.25 07:02:39.502,0.89244,0.89252,2.30,1.10
2010.10.25 07:02:40.099,0.89244,0.89252,2.30,2.60
2010.10.25 07:02:40.714,0.89243,0.89252,2.30,2.60
2010.10.25 07:02:41.557,0.89243,0.89252,1.50,2.60
2010.10.25 07:02:42.025,0.89243,0.89254,5.60,2.30
2010.10.25 07:02:42.624,0.89243,0.89253,2.30,3.00
2010.10.25 07:02:43.494,0.89244,0.89253,2.30,2.30
2010.10.25 07:02:44.411,0.89245,0.89256,2.30,2.70
2010.10.25 07:02:44.866,0.89247,0.89256,1.50,3.00
2010.10.25 07:02:45.477,0.89242,0.89253,2.30,3.80
2010.10.25 07:02:46.166,0.89242,0.8925,1.50,2.30
2010.10.25 07:02:47.068,0.89242,0.8925,1.50,2.30
2010.10.25 07:02:47.623,0.89242,0.8925,1.50,2.30
2010.10.25 07:02:48.308,0.89242,0.8925,1.50,2.30
2010.10.25 07:02:48.855,0.89242,0.8925,2.30,2.30
2010.10.25 07:02:49.449,0.89234,0.89246,3.00,4.20
2010.10.25 07:02:50.080,0.89233,0.89243,1.50,2.30
2010.10.25 07:02:50.975,0.89234,0.89244,1.50,4.90
2010.10.25 07:02:51.858,0.89235,0.89245,3.80,2.30
2010.10.25 07:02:52.682,0.89235,0.89245,2.30,2.30
2010.10.25 07:02:53.471,0.89233,0.89242,2.30,2.30
2010.10.25 07:02:54.377,0.89233,0.89243,1.50,4.50
2010.10.25 07:02:55.127,0.89232,0.89243,2.30,5.20
2010.10.25 07:02:55.947,0.89235,0.89244,1.50,3.40
2010.10.25 07:02:56.832,0.89236,0.89244,2.30,1.20
2010.10.25 07:02:57.419,0.89236,0.89246,3.80,2.30
2010.10.25 07:02:57.974,0.89236,0.89246,3.80,2.30
2010.10.25 07:02:58.669,0.89236,0.89246,4.50,1.50
2010.10.25 07:02:59.503,0.89237,0.89248,1.50,4.50
2010.10.25 07:03:00.451,0.89238,0.89247,1.50,1.10
2010.10.25 07:03:00.686,0.89238,0.89248,1.50,5.20
2010.10.25 07:03:01.277,0.89238,0.89247,1.50,1.20
2010.10.25 07:03:02.057,0.89236,0.89246,1.50,1.50
2010.10.25 07:03:02.845,0.89237,0.89246,2.30,2.30
2010.10.25 07:03:03.697,0.89235,0.89245,1.50,1.20
2010.10.25 07:03:04.604,0.89236,0.89245,2.30,2.70
2010.10.25 07:03:05.505,0.89233,0.89242,2.30,2.30
2010.10.25 07:03:05.962,0.89232,0.89242,1.50,2.30
2010.10.25 07:03:06.566,0.89232,0.8924,2.30,1.20
2010.10.25 07:03:07.121,0.89231,0.89241,1.10,3.00
2010.10.25 07:03:07.916,0.89231,0.89242,2.60,4.90
2010.10.25 07:03:08.491,0.89231,0.89241,1.10,3.00
2010.10.25 07:03:09.039,0.89231,0.89242,1.10,7.20
2010.10.25 07:03:09.834,0.89231,0.89242,1.10,4.90
2010.10.25 07:03:10.398,0.89231,0.89242,1.10,4.90
2010.10.25 07:03:11.004,0.89231,0.89242,1.10,4.90
2010.10.25 07:03:11.512,0.89231,0.89242,1.10,4.90
2010.10.25 07:03:12.154,0.89231,0.89242,1.10,4.90
2010.10.25 07:03:12.850,0.89231,0.8924,1.10,1.20
2010.10.25 07:03:13.601,0.89226,0.89236,1.50,2.70
2010.10.25 07:03:14.477,0.89226,0.89235,1.50,3.40
2010.10.25 07:03:15.057,0.89226,0.89235,1.50,3.00
2010.10.25 07:03:15.593,0.89225,0.89235,1.50,3.00
2010.10.25 07:03:15.932,0.89233,0.89237,2.60,7.20
2010.10.25 07:03:16.053,0.89234,0.8924,2.30,1.50
2010.10.25 07:03:16.645,0.89226,0.89237,1.50,3.00
2010.10.25 07:03:17.531,0.89224,0.89235,2.30,2.60
2010.10.25 07:03:18.426,0.89224,0.89234,1.80,1.20
2010.10.25 07:03:19.289,0.89223,0.89233,1.80,3.00
2010.10.25 07:03:19.858,0.89223,0.89233,1.80,3.40
2010.10.25 07:03:20.438,0.89224,0.89235,1.50,4.90
2010.10.25 07:03:21.110,0.89224,0.89235,1.50,4.50
2010.10.25 07:03:21.976,0.89224,0.89235,3.80,2.70
2010.10.25 07:03:22.631,0.89224,0.89233,1.50,2.30
2010.10.25 07:03:23.148,0.89224,0.89233,1.50,2.30
2010.10.25 07:03:24.000,0.89224,0.89233,1.50,2.30
2010.10.25 07:03:24.522,0.89223,0.89233,1.80,2.30
2010.10.25 07:03:25.108,0.89223,0.89233,1.80,2.30
2010.10.25 07:03:25.664,0.89225,0.89235,1.50,3.40
2010.10.25 07:03:26.215,0.89224,0.89235,3.80,2.30
2010.10.25 07:03:26.913,0.89225,0.89236,1.50,4.90
2010.10.25 07:03:27.660,0.89221,0.89229,2.30,3.00
2010.10.25 07:03:28.224,0.89224,0.89229,1.50,3.00
2010.10.25 07:03:28.842,0.89223,0.89233,1.50,2.70
2010.10.25 07:03:29.767,0.89221,0.89231,1.10,4.50
2010.10.25 07:03:30.529,0.89221,0.8923,1.10,2.30
2010.10.25 07:03:31.108,0.89221,0.89231,1.80,6.40
2010.10.25 07:03:31.672,0.89221,0.89229,1.10,2.70
2010.10.25 07:03:32.386,0.89221,0.89229,1.10,1.50
2010.10.25 07:03:32.844,0.89217,0.89223,2.30,1.50
2010.10.25 07:03:33.349,0.89215,0.89223,1.10,2.30
2010.10.25 07:03:34.183,0.89213,0.89222,1.50,2.30
2010.10.25 07:03:34.644,0.89215,0.89227,4.10,3.40
2010.10.25 07:03:35.203,0.89215,0.89227,3.80,4.90
2010.10.25 07:03:35.895,0.89215,0.89225,3.80,1.20
2010.10.25 07:03:36.473,0.89218,0.89226,2.30,1.20
2010.10.25 07:03:37.000,0.89222,0.8923,1.50,3.00
2010.10.25 07:03:37.811,0.89226,0.89235,2.30,2.30
2010.10.25 07:03:38.667,0.89226,0.89236,3.80,1.20
2010.10.25 07:03:38.911,0.89227,0.89237,2.30,2.30
2010.10.25 07:03:39.581,0.89227,0.89238,2.30,2.70
2010.10.25 07:03:40.473,0.89229,0.8924,1.50,4.90
2010.10.25 07:03:41.023,0.8923,0.8924,1.50,4.90
2010.10.25 07:03:41.529,0.89231,0.8924,2.30,2.30
2010.10.25 07:03:42.281,0.89231,0.89241,3.80,2.30
2010.10.25 07:03:43.153,0.89231,0.89241,3.80,3.00
2010.10.25 07:03:43.375,0.89231,0.8924,2.30,2.30
2010.10.25 07:03:44.201,0.89227,0.89231,1.50,1.50
2010.10.25 07:03:44.764,0.89223,0.8923,1.50,1.80
2010.10.25 07:03:45.321,0.89223,0.8923,1.50,1.80
2010.10.25 07:03:46.115,0.89223,0.89229,1.50,2.60
2010.10.25 07:03:46.684,0.8922,0.89229,1.50,1.80
2010.10.25 07:03:47.286,0.89219,0.89229,1.50,3.30
2010.10.25 07:03:47.984,0.89219,0.89229,1.50,3.30
2010.10.25 07:03:48.546,0.8922,0.89229,1.50,1.80
2010.10.25 07:03:49.094,0.8922,0.89229,1.50,1.80
2010.10.25 07:03:49.956,0.8922,0.89229,1.50,4.10
2010.10.25 07:03:50.597,0.8922,0.89229,1.50,4.10
2010.10.25 07:03:51.203,0.89219,0.89229,1.50,4.10
2010.10.25 07:03:51.768,0.8922,0.8923,1.50,4.50
2010.10.25 07:03:52.340,0.8922,0.8923,2.30,2.30
2010.10.25 07:03:52.896,0.89214,0.89224,15.80,1.80
2010.10.25 07:03:53.428,0.89214,0.89221,1.50,2.30
2010.10.25 07:03:54.255,0.89213,0.89224,3.80,2.70
2010.10.25 07:03:54.823,0.89215,0.89224,2.30,1.20
2010.10.25 07:03:55.334,0.89215,0.89224,2.30,1.20
2010.10.25 07:03:56.142,0.89215,0.89224,2.30,1.20
2010.10.25 07:03:56.495,0.89215,0.89224,2.30,1.20
2010.10.25 07:03:57.007,0.89215,0.89224,2.30,1.20
2010.10.25 07:03:57.620,0.89225,0.89233,4.10,3.40
2010.10.25 07:03:58.420,0.89223,0.89231,2.30,3.40
2010.10.25 07:03:58.995,0.89222,0.89232,3.80,3.30
2010.10.25 07:03:59.544,0.89222,0.89231,3.80,1.50
2010.10.25 07:04:00.102,0.89223,0.89231,2.30,1.50
2010.10.25 07:04:00.638,0.89221,0.89231,1.50,1.80
2010.10.25 07:04:01.216,0.89218,0.89229,4.50,2.60
2010.10.25 07:04:01.721,0.8922,0.89229,1.50,1.10
2010.10.25 07:04:02.491,0.8922,0.8923,1.50,5.60
2010.10.25 07:04:03.367,0.8922,0.8923,1.50,6.30
2010.10.25 07:04:03.934,0.8922,0.8923,1.50,6.30
2010.10.25 07:04:04.459,0.8922,0.8923,1.50,5.60
2010.10.25 07:04:05.296,0.8922,0.8923,1.50,3.30
2010.10.25 07:04:05.853,0.8922,0.8923,1.50,5.60
2010.10.25 07:04:06.382,0.8922,0.8923,1.50,3.30
2010.10.25 07:04:07.205,0.89221,0.8923,1.50,1.80
2010.10.25 07:04:08.013,0.8922,0.8923,1.50,3.30
2010.10.25 07:04:08.475,0.8922,0.8923,1.50,3.30
2010.10.25 07:04:09.136,0.8922,0.8923,1.50,3.30
2010.10.25 07:04:09.734,0.8922,0.8923,1.50,3.30
2010.10.25 07:04:10.633,0.8922,0.8923,1.50,3.30
2010.10.25 07:04:11.194,0.8922,0.8923,1.50,4.80
2010.10.25 07:04:11.701,0.89219,0.89227,1.50,1.10
2010.10.25 07:04:12.265,0.89219,0.89228,1.50,1.10
2010.10.25 07:04:12.852,0.89217,0.89226,3.80,1.20
2010.10.25 07:04:13.557,0.89216,0.89224,4.50,1.20
2010.10.25 07:04:14.014,0.89215,0.89222,1.50,1.10
2010.10.25 07:04:14.521,0.89215,0.89222,1.50,1.10
2010.10.25 07:04:15.248,0.89214,0.89222,4.50,1.10
2010.10.25 07:04:15.729,0.89214,0.89222,4.50,1.10
2010.10.25 07:04:16.319,0.89215,0.89222,1.50,1.10
2010.10.25 07:04:17.006,0.89216,0.89222,1.50,1.10
2010.10.25 07:04:17.918,0.89214,0.89222,4.50,1.10
2010.10.25 07:04:18.821,0.89215,0.89222,1.50,1.10
2010.10.25 07:04:19.395,0.89215,0.89222,1.50,1.10
2010.10.25 07:04:19.950,0.89215,0.89223,3.80,1.10
2010.10.25 07:04:20.648,0.89216,0.89224,1.50,1.20
2010.10.25 07:04:21.514,0.89219,0.89226,1.50,1.50
2010.10.25 07:04:22.095,0.89219,0.89224,2.30,1.50
2010.10.25 07:04:22.682,0.8922,0.89229,1.50,3.80
2010.10.25 07:04:23.289,0.89218,0.89227,2.30,1.10
2010.10.25 07:04:24.141,0.89217,0.89226,1.50,2.60
2010.10.25 07:04:24.600,0.89216,0.89226,2.30,2.60
2010.10.25 07:04:25.174,0.89216,0.89224,1.50,1.10
2010.10.25 07:04:25.847,0.89215,0.89224,3.80,1.10
2010.10.25 07:04:26.728,0.89215,0.89224,2.30,3.30
2010.10.25 07:04:26.970,0.89215,0.89225,3.80,2.70
2010.10.25 07:04:27.720,0.89215,0.89223,3.80,1.10
2010.10.25 07:04:28.410,0.89215,0.89223,2.30,1.10
2010.10.25 07:04:28.961,0.89215,0.89222,2.30,1.40
2010.10.25 07:04:29.754,0.89215,0.89222,2.30,1.40
2010.10.25 07:04:30.207,0.89215,0.89222,2.30,1.20
2010.10.25 07:04:30.812,0.89215,0.89221,2.30,1.10
2010.10.25 07:04:31.627,0.89215,0.89221,2.30,1.10
2010.10.25 07:04:32.175,0.89215,0.89221,2.30,1.10
2010.10.25 07:04:32.838,0.89215,0.89221,2.30,1.40
2010.10.25 07:04:33.719,0.89213,0.8922,1.50,2.20
2010.10.25 07:04:34.282,0.89213,0.8922,1.50,1.10
2010.10.25 07:04:34.800,0.89213,0.8922,1.50,1.10
2010.10.25 07:04:35.701,0.89216,0.89225,2.30,1.10
2010.10.25 07:04:36.576,0.89218,0.89229,1.50,5.70
2010.10.25 07:04:37.136,0.8922,0.89227,2.30,1.20
2010.10.25 07:04:37.693,0.8922,0.89227,2.30,1.20
2010.10.25 07:04:38.438,0.8922,0.89227,2.30,1.20
2010.10.25 07:04:38.980,0.89219,0.89227,1.50,1.20
2010.10.25 07:04:39.542,0.89218,0.89227,3.80,1.20
2010.10.25 07:04:40.099,0.89218,0.89227,1.50,1.20
2010.10.25 07:04:40.625,0.89217,0.89226,3.80,1.20
2010.10.25 07:04:41.196,0.89215,0.89223,3.80,1.20
2010.10.25 07:04:41.711,0.89214,0.89221,4.50,1.20
2010.10.25 07:04:42.207,0.89214,0.8922,4.50,1.20
2010.10.25 07:04:42.803,0.89214,0.8922,3.00,1.20
2010.10.25 07:04:43.501,0.89214,0.8922,4.50,1.20
2010.10.25 07:04:44.054,0.89214,0.8922,4.50,1.20
2010.10.25 07:04:44.627,0.89214,0.89222,3.00,1.20
2010.10.25 07:04:45.316,0.89214,0.89222,3.00,1.20
2010.10.25 07:04:45.944,0.89214,0.89222,3.00,1.20
2010.10.25 07:04:46.511,0.89214,0.89222,4.50,1.20
2010.10.25 07:04:47.305,0.89214,0.89222,4.50,1.20
2010.10.25 07:04:47.844,0.89214,0.89222,4.50,1.20
2010.10.25 07:04:48.415,0.89214,0.89222,4.50,1.20
2010.10.25 07:04:48.968,0.89214,0.89222,4.50,1.20
2010.10.25 07:04:49.634,0.89214,0.89222,4.50,1.20
2010.10.25 07:04:50.298,0.89214,0.89222,4.50,1.20
2010.10.25 07:04:51.197,0.89214,0.89221,4.50,1.20
2010.10.25 07:04:51.655,0.89214,0.89222,4.50,1.20
2010.10.25 07:04:52.273,0.89216,0.89224,2.30,1.20
2010.10.25 07:04:53.053,0.89216,0.89223,3.80,1.20
2010.10.25 07:04:53.615,0.89213,0.89222,2.30,1.20
2010.10.25 07:04:54.204,0.89213,0.89222,2.30,1.20
2010.10.25 07:04:55.075,0.89213,0.89222,2.30,1.20
2010.10.25 07:04:55.315,0.89213,0.89222,2.30,1.20
2010.10.25 07:04:56.128,0.89213,0.89222,3.80,1.20
2010.10.25 07:04:56.688,0.89213,0.89222,3.80,1.20
2010.10.25 07:04:57.222,0.89214,0.89224,2.30,1.20
2010.10.25 07:04:58.105,0.89215,0.89224,2.30,1.20
2010.10.25 07:04:58.350,0.89215,0.89224,2.30,1.20
2010.10.25 07:04:59.164,0.89214,0.89221,2.30,1.50
2010.10.25 07:04:59.734,0.89213,0.89221,1.50,1.50
2010.10.25 07:05:00.291,0.89213,0.8922,1.50,1.10
2010.10.25 07:05:01.161,0.89213,0.8922,1.50,1.80
2010.10.25 07:05:01.729,0.89213,0.89221,1.50,1.50
2010.10.25 07:05:02.298,0.89212,0.89221,3.00,4.10
2010.10.25 07:05:02.959,0.89209,0.89216,2.30,2.60
2010.10.25 07:05:03.846,0.89207,0.89214,3.00,1.10
2010.10.25 07:05:04.725,0.89207,0.89218,2.30,8.90
2010.10.25 07:05:04.962,0.89207,0.89217,2.30,2.60
2010.10.25 07:05:05.682,0.89207,0.89218,4.50,1.10
2010.10.25 07:05:06.248,0.89206,0.89215,1.50,1.80
2010.10.25 07:05:06.854,0.89206,0.89215,1.50,1.80
2010.10.25 07:05:07.881,0.89206,0.89215,1.50,1.80
2010.10.25 07:05:08.814,0.89206,0.89214,1.50,1.10
2010.10.25 07:05:09.080,0.89206,0.89214,1.50,1.10
2010.10.25 07:05:09.766,0.89207,0.89217,3.80,1.10
2010.10.25 07:05:10.336,0.89207,0.89217,3.80,1.10
2010.10.25 07:05:10.860,0.89208,0.89212,1.50,4.80
2010.10.25 07:05:11.551,0.89206,0.89216,4.50,1.50
2010.10.25 07:05:12.444,0.89211,0.89219,2.30,1.50
2010.10.25 07:05:13.022,0.89211,0.8922,2.30,2.30
2010.10.25 07:05:13.693,0.89209,0.89219,1.50,3.00
2010.10.25 07:05:14.563,0.89209,0.89219,1.50,3.00
2010.10.25 07:05:14.829,0.89209,0.89219,1.50,3.30
2010.10.25 07:05:15.481,0.89211,0.89221,1.50,6.40
2010.10.25 07:05:16.313,0.89211,0.89221,1.50,3.80
2010.10.25 07:05:16.788,0.89212,0.89221,2.30,1.50
2010.10.25 07:05:17.399,0.89212,0.89221,2.30,1.50
2010.10.25 07:05:17.964,0.89212,0.89221,2.30,1.50
2010.10.25 07:05:18.509,0.89212,0.89221,2.30,1.50
2010.10.25 07:05:19.394,0.89214,0.89223,1.50,1.80
2010.10.25 07:05:20.297,0.89215,0.89223,1.50,1.10
2010.10.25 07:05:20.862,0.89215,0.89223,1.50,1.10
2010.10.25 07:05:21.442,0.89215,0.89224,1.50,4.10
2010.10.25 07:05:22.006,0.89215,0.89224,1.50,4.10
2010.10.25 07:05:22.675,0.89215,0.89224,1.50,4.10
2010.10.25 07:05:23.346,0.89214,0.89224,2.30,5.60
2010.10.25 07:05:23.933,0.89214,0.89224,3.00,4.80
2010.10.25 07:05:24.445,0.89213,0.89223,3.30,1.80
2010.10.25 07:05:25.239,0.89214,0.89224,2.30,6.30
2010.10.25 07:05:25.838,0.89214,0.89224,2.30,4.80
2010.10.25 07:05:26.363,0.89214,0.89224,3.00,5.60
2010.10.25 07:05:27.141,0.89216,0.89225,2.30,3.30
2010.10.25 07:05:27.701,0.89216,0.89225,2.30,1.50
2010.10.25 07:05:28.255,0.89215,0.89225,3.30,2.30
2010.10.25 07:05:28.815,0.89216,0.89225,2.30,2.30
2010.10.25 07:05:29.352,0.89216,0.89225,2.30,1.50
2010.10.25 07:05:30.246,0.89216,0.89225,2.30,1.50
2010.10.25 07:05:30.831,0.89218,0.89228,1.50,1.50
2010.10.25 07:05:31.414,0.89219,0.89229,2.30,2.30
2010.10.25 07:05:32.002,0.89222,0.89229,2.30,1.50
2010.10.25 07:05:32.902,0.89218,0.89229,4.50,4.50
2010.10.25 07:05:33.456,0.8922,0.89229,2.30,2.30
2010.10.25 07:05:34.016,0.8922,0.89229,2.30,2.30
2010.10.25 07:05:34.703,0.8922,0.89229,2.30,2.30
2010.10.25 07:05:35.231,0.8922,0.89229,2.30,1.50
2010.10.25 07:05:35.795,0.8922,0.89229,2.30,1.50
2010.10.25 07:05:36.367,0.8922,0.8923,2.30,2.60
2010.10.25 07:05:36.906,0.8922,0.8923,3.00,1.50
2010.10.25 07:05:37.771,0.89219,0.8923,5.30,1.80
2010.10.25 07:05:38.012,0.8922,0.8923,2.30,1.80
2010.10.25 07:05:38.825,0.8922,0.89231,2.30,7.10
2010.10.25 07:05:39.670,0.89223,0.8923,1.50,1.10
2010.10.25 07:05:40.349,0.89219,0.89227,2.30,1.10
2010.10.25 07:05:40.806,0.89222,0.89231,2.30,2.60
2010.10.25 07:05:41.373,0.89222,0.8923,2.30,1.50
2010.10.25 07:05:42.054,0.89221,0.8923,2.30,2.60
2010.10.25 07:05:42.616,0.89221,0.89229,2.30,1.10
2010.10.25 07:05:43.125,0.8922,0.89229,5.30,1.10
2010.10.25 07:05:43.926,0.8922,0.89229,5.30,1.10
2010.10.25 07:05:44.837,0.89218,0.89227,2.30,1.10
2010.10.25 07:05:45.676,0.8922,0.89229,2.30,3.30
2010.10.25 07:05:45.912,0.8922,0.8923,1.50,3.30
2010.10.25 07:05:46.575,0.8922,0.8923,2.30,2.60
2010.10.25 07:05:47.141,0.8922,0.8923,4.50,2.60
2010.10.25 07:05:47.714,0.8922,0.8923,4.50,2.60
2010.10.25 07:05:48.485,0.8922,0.8923,4.50,2.60
2010.10.25 07:05:49.053,0.8922,0.8923,4.50,2.60
2010.10.25 07:05:49.623,0.8922,0.8923,4.50,2.60
2010.10.25 07:05:50.492,0.8922,0.89229,3.00,1.80
2010.10.25 07:05:50.774,0.89219,0.89229,2.30,1.50
2010.10.25 07:05:51.459,0.8922,0.89229,4.50,1.80
2010.10.25 07:05:52.135,0.89221,0.89231,2.30,4.10
2010.10.25 07:05:52.824,0.89223,0.89231,1.50,1.50
2010.10.25 07:05:53.717,0.89222,0.8923,2.30,1.10
2010.10.25 07:05:54.629,0.89222,0.89229,6.80,1.10
2010.10.25 07:05:55.378,0.89222,0.89228,5.30,1.10
2010.10.25 07:05:56.176,0.89223,0.89231,2.30,1.50
2010.10.25 07:05:56.634,0.89223,0.89228,1.50,1.10
2010.10.25 07:05:57.157,0.89222,0.89228,1.50,1.10
2010.10.25 07:05:58.077,0.89221,0.89228,1.50,1.10
2010.10.25 07:05:58.880,0.89219,0.89225,1.50,1.80
2010.10.25 07:05:59.446,0.8922,0.89228,2.30,1.10
2010.10.25 07:06:00.104,0.8922,0.89228,2.30,1.10
2010.10.25 07:06:00.810,0.89219,0.89224,2.30,1.10
2010.10.25 07:06:01.383,0.89217,0.89223,2.30,1.10
2010.10.25 07:06:01.955,0.89217,0.89224,2.30,1.80
2010.10.25 07:06:02.633,0.89218,0.89224,2.30,1.80
2010.10.25 07:06:03.198,0.89217,0.89223,2.30,1.10
2010.10.25 07:06:03.770,0.89217,0.89223,1.50,1.10
2010.10.25 07:06:04.451,0.89217,0.89223,2.30,1.10
2010.10.25 07:06:05.378,0.89217,0.89223,2.30,1.10
2010.10.25 07:06:05.942,0.89217,0.89223,2.30,1.10
2010.10.25 07:06:06.487,0.89215,0.89223,3.00,1.10
2010.10.25 07:06:07.203,0.89216,0.89223,2.30,1.10
2010.10.25 07:06:07.796,0.89216,0.89223,2.30,1.10
2010.10.25 07:06:08.299,0.89216,0.89223,2.30,1.10
2010.10.25 07:06:09.095,0.89216,0.89223,1.50,1.10
2010.10.25 07:06:09.676,0.89215,0.89223,1.50,1.10
2010.10.25 07:06:10.179,0.89216,0.89223,1.50,1.10
2010.10.25 07:06:10.755,0.89217,0.89226,1.50,2.30
2010.10.25 07:06:11.310,0.89217,0.89224,1.50,1.10
2010.10.25 07:06:11.971,0.8922,0.89226,1.50,2.30
2010.10.25 07:06:12.825,0.89221,0.89226,1.50,1.10
2010.10.25 07:06:13.294,0.89221,0.89226,1.50,2.60
2010.10.25 07:06:13.798,0.89217,0.89226,2.30,2.60
2010.10.25 07:06:14.703,0.89219,0.89226,2.30,1.80
2010.10.25 07:06:15.173,0.89221,0.89229,5.30,1.10
2010.10.25 07:06:15.780,0.89224,0.89229,1.50,1.10
2010.10.25 07:06:16.452,0.89222,0.89228,2.30,1.10
2010.10.25 07:06:17.193,0.89222,0.8923,2.30,1.10
2010.10.25 07:06:18.088,0.89227,0.89231,1.50,1.10
2010.10.25 07:06:18.543,0.89227,0.89231,1.50,1.80
2010.10.25 07:06:19.135,0.89226,0.89231,2.30,2.60
2010.10.25 07:06:19.811,0.89225,0.89231,2.30,2.60
2010.10.25 07:06:20.598,0.89225,0.89235,3.00,3.30
2010.10.25 07:06:20.947,0.89235,0.89239,2.30,2.30
2010.10.25 07:06:21.465,0.8923,0.89241,1.50,4.50
2010.10.25 07:06:22.396,0.89234,0.89241,3.00,2.30
2010.10.25 07:06:23.238,0.89233,0.89241,2.30,2.30
2010.10.25 07:06:24.082,0.89233,0.8924,2.30,1.80
2010.10.25 07:06:24.313,0.89234,0.89243,3.80,2.30
2010.10.25 07:06:24.980,0.89236,0.89242,1.50,2.30
2010.10.25 07:06:25.719,0.89237,0.89248,3.00,2.30
2010.10.25 07:06:25.986,0.89238,0.89246,3.00,8.90
2010.10.25 07:06:26.686,0.89235,0.89241,2.30,1.50
2010.10.25 07:06:27.159,0.89239,0.89245,1.10,1.50
2010.10.25 07:06:27.754,0.89239,0.89247,5.60,1.50
2010.10.25 07:06:28.362,0.89244,0.8925,1.10,1.50
2010.10.25 07:06:29.140,0.89243,0.89253,1.10,3.30
2010.10.25 07:06:29.486,0.89242,0.8925,2.30,1.10
2010.10.25 07:06:30.367,0.89242,0.8925,2.30,1.10
2010.10.25 07:06:31.139,0.89241,0.89251,5.30,2.50
2010.10.25 07:06:31.601,0.8924,0.8925,5.60,1.10
2010.10.25 07:06:32.164,0.8924,0.8925,1.10,2.60
2010.10.25 07:06:32.798,0.89241,0.8925,1.50,2.60
2010.10.25 07:06:33.255,0.89241,0.89249,3.00,1.10
2010.10.25 07:06:33.870,0.89241,0.89249,1.50,1.10
2010.10.25 07:06:34.589,0.89241,0.89249,1.50,1.10
2010.10.25 07:06:35.051,0.89241,0.89249,1.50,1.10
2010.10.25 07:06:35.655,0.89241,0.8925,3.80,1.10
2010.10.25 07:06:36.319,0.89241,0.8925,3.80,1.10
2010.10.25 07:06:37.213,0.89241,0.8925,3.80,1.10
2010.10.25 07:06:37.453,0.8924,0.8925,1.10,2.60
2010.10.25 07:06:38.143,0.8924,0.89249,3.30,1.80
2010.10.25 07:06:38.997,0.8924,0.8925,5.60,2.60
2010.10.25 07:06:39.585,0.8924,0.8925,5.60,2.60
2010.10.25 07:06:40.158,0.89241,0.8925,2.30,1.10
2010.10.25 07:06:40.873,0.89243,0.8925,1.50,1.10
2010.10.25 07:06:41.571,0.89242,0.89249,1.50,1.80
2010.10.25 07:06:42.335,0.8924,0.89249,5.30,1.10
2010.10.25 07:06:43.216,0.89244,0.8925,1.50,1.10
2010.10.25 07:06:43.949,0.89244,0.89253,2.30,2.60
2010.10.25 07:06:44.842,0.89244,0.89252,1.50,1.80
2010.10.25 07:06:45.693,0.89244,0.89251,2.30,1.80
2010.10.25 07:06:46.531,0.89244,0.8925,4.50,1.10
2010.10.25 07:06:47.411,0.89244,0.8925,5.30,1.10
2010.10.25 07:06:47.650,0.89243,0.89249,3.00,1.80
2010.10.25 07:06:48.414,0.89242,0.8925,2.30,1.10
2010.10.25 07:06:49.281,0.89239,0.89247,2.30,1.10
2010.10.25 07:06:50.136,0.89236,0.89243,4.50,1.10
2010.10.25 07:06:51.034,0.89234,0.89243,3.00,1.10
2010.10.25 07:06:51.503,0.89234,0.89243,4.50,1.10
2010.10.25 07:06:52.046,0.89234,0.89243,3.00,1.10
2010.10.25 07:06:52.728,0.89234,0.89243,3.00,1.10
2010.10.25 07:06:53.297,0.89234,0.89243,1.50,2.60
2010.10.25 07:06:53.842,0.89235,0.89243,3.00,1.10
2010.10.25 07:06:54.611,0.89236,0.89246,5.30,3.80
2010.10.25 07:06:55.174,0.89237,0.89246,3.80,2.60
2010.10.25 07:06:55.686,0.89237,0.89246,3.00,2.60
2010.10.25 07:06:56.447,0.89237,0.89247,5.30,2.60
2010.10.25 07:06:57.375,0.89232,0.8924,4.50,1.10
2010.10.25 07:06:58.142,0.89232,0.89242,2.30,1.80
2010.10.25 07:06:58.370,0.89232,0.89242,3.00,1.80
2010.10.25 07:06:59.032,0.89234,0.89243,2.30,2.30
2010.10.25 07:06:59.606,0.89232,0.89241,3.00,1.10
2010.10.25 07:07:00.168,0.89231,0.89241,1.50,2.30
2010.10.25 07:07:00.944,0.89231,0.89242,4.50,3.30
2010.10.25 07:07:01.517,0.89229,0.89237,2.30,1.10
2010.10.25 07:07:02.122,0.89225,0.89237,6.80,4.80
2010.10.25 07:07:02.793,0.89228,0.89238,3.00,1.80
2010.10.25 07:07:03.601,0.89225,0.89237,7.50,4.10
2010.10.25 07:07:04.055,0.89226,0.89236,2.30,2.90
2010.10.25 07:07:04.657,0.89226,0.89234,2.30,1.50
2010.10.25 07:07:05.275,0.89226,0.89234,2.30,1.50
2010.10.25 07:07:05.908,0.89226,0.89234,2.30,1.50
2010.10.25 07:07:06.527,0.89226,0.89234,2.30,1.50
2010.10.25 07:07:07.058,0.89226,0.89234,2.30,1.50
2010.10.25 07:07:07.602,0.89226,0.89235,2.30,2.30
2010.10.25 07:07:08.461,0.89227,0.89235,2.30,1.50
2010.10.25 07:07:09.055,0.89226,0.89234,2.30,1.80
2010.10.25 07:07:09.653,0.89225,0.89233,3.00,1.50
2010.10.25 07:07:10.349,0.89227,0.89235,3.00,1.50
2010.10.25 07:07:11.216,0.89227,0.89233,3.00,1.50
2010.10.25 07:07:11.466,0.89223,0.89233,3.00,3.80
2010.10.25 07:07:12.160,0.89225,0.89234,2.30,1.50
2010.10.25 07:07:12.612,0.8922,0.89226,1.50,1.50
2010.10.25 07:07:13.199,0.8922,0.89227,3.00,1.10
2010.10.25 07:07:13.836,0.89219,0.89226,1.50,1.80
2010.10.25 07:07:14.419,0.89218,0.89223,1.50,1.10
2010.10.25 07:07:15.011,0.89213,0.89221,3.00,1.10
2010.10.25 07:07:15.580,0.89212,0.89219,2.30,1.10
2010.10.25 07:07:16.253,0.8921,0.89216,3.80,1.10
2010.10.25 07:07:17.090,0.8921,0.89218,2.30,1.10
2010.10.25 07:07:17.548,0.89209,0.89217,1.50,1.10
2010.10.25 07:07:18.049,0.89209,0.89218,1.50,1.10
2010.10.25 07:07:18.824,0.89211,0.8922,1.50,3.00
2010.10.25 07:07:19.609,0.89212,0.89221,5.30,2.60
2010.10.25 07:07:20.422,0.89212,0.89221,5.30,3.30
2010.10.25 07:07:21.225,0.89212,0.89219,5.30,1.10
2010.10.25 07:07:21.847,0.89212,0.89219,5.30,1.10
2010.10.25 07:07:22.385,0.89212,0.89219,5.30,1.10
2010.10.25 07:07:22.950,0.89212,0.89219,5.30,1.10
2010.10.25 07:07:23.536,0.89211,0.89216,3.00,1.80
2010.10.25 07:07:24.312,0.89211,0.89216,3.00,1.80
2010.10.25 07:07:25.231,0.89208,0.89216,5.30,1.80
2010.10.25 07:07:25.847,0.89208,0.89216,5.30,1.80
2010.10.25 07:07:26.453,0.89208,0.89215,5.30,1.10
2010.10.25 07:07:27.256,0.89208,0.89215,5.30,1.10
2010.10.25 07:07:28.287,0.89211,0.89216,3.00,1.50
2010.10.25 07:07:29.078,0.89214,0.89219,2.30,1.10
2010.10.25 07:07:30.008,0.89214,0.8922,1.50,1.10
2010.10.25 07:07:30.796,0.89217,0.89224,2.30,1.50
2010.10.25 07:07:31.254,0.89217,0.89227,3.00,2.30
2010.10.25 07:07:31.789,0.89218,0.89227,3.00,1.50
2010.10.25 07:07:32.541,0.89218,0.89228,3.80,1.90
2010.10.25 07:07:33.349,0.89225,0.89232,2.30,1.50
2010.10.25 07:07:33.915,0.89224,0.89232,2.30,1.50
2010.10.25 07:07:34.486,0.89223,0.89232,2.30,1.50
2010.10.25 07:07:35.204,0.89219,0.89225,3.00,1.10
2010.10.25 07:07:35.663,0.89218,0.89227,2.30,1.50
2010.10.25 07:07:36.197,0.89219,0.89228,1.50,1.50
2010.10.25 07:07:36.774,0.89216,0.89226,2.30,2.30
2010.10.25 07:07:37.325,0.89216,0.89225,4.50,1.10
2010.10.25 07:07:38.100,0.89217,0.89225,1.50,1.10
2010.10.25 07:07:38.625,0.89217,0.89225,1.50,1.10
2010.10.25 07:07:39.203,0.89217,0.89225,1.50,1.10
2010.10.25 07:07:40.072,0.89217,0.89225,1.50,1.10
2010.10.25 07:07:40.632,0.89217,0.89225,1.50,1.10
2010.10.25 07:07:41.152,0.89217,0.89225,1.50,1.10
2010.10.25 07:07:41.650,0.89217,0.89225,1.50,1.10
2010.10.25 07:07:42.402,0.89217,0.89225,1.50,1.10
2010.10.25 07:07:43.015,0.89217,0.89225,1.50,1.10
2010.10.25 07:07:43.777,0.89216,0.89225,4.50,1.10
2010.10.25 07:07:44.334,0.89217,0.89225,1.50,1.10
2010.10.25 07:07:44.853,0.89217,0.89225,1.50,1.10
2010.10.25 07:07:45.408,0.89217,0.89225,1.50,1.10
2010.10.25 07:07:45.990,0.89217,0.89225,1.50,1.10
2010.10.25 07:07:46.759,0.89217,0.89225,1.50,1.10
2010.10.25 07:07:47.386,0.89217,0.89225,1.50,1.10
2010.10.25 07:07:48.087,0.89217,0.89225,1.50,1.10
2010.10.25 07:07:48.554,0.89217,0.89225,1.50,1.10
2010.10.25 07:07:49.124,0.89217,0.89225,1.50,1.10
2010.10.25 07:07:49.683,0.89217,0.89225,1.50,1.10
2010.10.25 07:07:50.240,0.89216,0.89225,4.50,1.10
2010.10.25 07:07:50.934,0.89216,0.89226,4.50,2.30
2010.10.25 07:07:51.499,0.89217,0.89224,1.50,1.10
2010.10.25 07:07:52.891,0.89217,0.89224,1.50,1.10
2010.10.25 07:07:53.460,0.89217,0.89224,1.50,1.10
2010.10.25 07:07:53.993,0.89217,0.89224,1.50,1.10
2010.10.25 07:07:54.590,0.89216,0.89224,2.30,1.10
2010.10.25 07:07:55.103,0.89217,0.89224,1.50,1.10
2010.10.25 07:07:55.679,0.89217,0.89224,1.50,1.10
2010.10.25 07:07:56.276,0.89217,0.89224,1.50,1.10
2010.10.25 07:07:56.839,0.89217,0.89224,1.50,1.10
2010.10.25 07:07:57.394,0.89217,0.89224,1.50,1.10
2010.10.25 07:07:57.968,0.89217,0.89224,1.50,1.10
2010.10.25 07:07:58.535,0.89217,0.89224,1.50,1.10
2010.10.25 07:07:59.056,0.89217,0.89226,1.50,4.50
2010.10.25 07:07:59.698,0.89218,0.89226,1.50,3.80
2010.10.25 07:08:00.193,0.89218,0.89226,1.50,3.80
2010.10.25 07:08:00.731,0.89218,0.89227,2.30,1.80
2010.10.25 07:08:01.283,0.89219,0.89226,2.30,1.50
2010.10.25 07:08:01.832,0.89219,0.89227,2.30,1.50
2010.10.25 07:08:02.324,0.89219,0.89227,2.30,1.50
2010.10.25 07:08:02.921,0.89219,0.89227,2.30,1.50
2010.10.25 07:08:03.756,0.89218,0.89227,2.60,1.50
2010.10.25 07:08:04.283,0.89218,0.89227,2.60,1.50
2010.10.25 07:08:04.801,0.89219,0.89228,2.30,1.10
2010.10.25 07:08:05.696,0.89219,0.89228,1.50,1.10
2010.10.25 07:08:06.593,0.8922,0.89228,1.50,1.10
2010.10.25 07:08:07.309,0.89223,0.89229,2.30,1.10
2010.10.25 07:08:08.153,0.89223,0.89229,2.30,1.10
2010.10.25 07:08:08.997,0.89223,0.89229,2.30,1.10
2010.10.25 07:08:09.306,0.89223,0.89229,2.30,1.10
2010.10.25 07:08:10.127,0.89223,0.89229,2.30,1.10
2010.10.25 07:08:10.592,0.89223,0.89229,2.30,1.10
2010.10.25 07:08:11.120,0.89223,0.89228,1.50,1.10
2010.10.25 07:08:12.085,0.89221,0.89228,1.50,1.10
2010.10.25 07:08:12.983,0.8922,0.89228,2.30,1.10
2010.10.25 07:08:13.534,0.8922,0.89229,1.10,5.60
2010.10.25 07:08:14.104,0.89222,0.8923,2.30,1.10
2010.10.25 07:08:14.780,0.89222,0.8923,3.00,2.60
2010.10.25 07:08:15.656,0.89222,0.8923,2.30,2.60
2010.10.25 07:08:16.218,0.8922,0.89229,3.00,1.10
2010.10.25 07:08:16.752,0.8922,0.89228,2.30,2.60
2010.10.25 07:08:17.611,0.89221,0.89227,1.50,1.50
2010.10.25 07:08:17.847,0.89221,0.89226,1.50,1.50
2010.10.25 07:08:18.405,0.89221,0.89226,1.50,1.50
2010.10.25 07:08:18.928,0.89221,0.89226,1.50,1.50
2010.10.25 07:08:19.826,0.8922,0.89227,2.30,1.50
2010.10.25 07:08:20.065,0.89219,0.89227,2.30,1.50
2010.10.25 07:08:20.800,0.89219,0.89227,2.30,1.50
2010.10.25 07:08:21.742,0.89222,0.89228,1.50,1.50
2010.10.25 07:08:22.586,0.89223,0.89231,1.80,2.30
2010.10.25 07:08:23.354,0.89226,0.89233,1.50,1.10
2010.10.25 07:08:23.938,0.89227,0.89234,2.30,1.10
2010.10.25 07:08:24.488,0.89228,0.89234,2.30,1.10
2010.10.25 07:08:25.184,0.89238,0.89243,1.50,12.20
2010.10.25 07:08:25.878,0.8924,0.89249,1.50,7.00
2010.10.25 07:08:26.792,0.89238,0.89245,3.00,1.10
2010.10.25 07:08:27.694,0.89245,0.89251,1.10,1.50
2010.10.25 07:08:28.153,0.89245,0.89254,3.00,2.30
2010.10.25 07:08:28.680,0.89244,0.89255,3.80,2.30
2010.10.25 07:08:29.477,0.8925,0.8926,3.80,1.50
2010.10.25 07:08:29.936,0.89246,0.89256,3.00,2.30
2010.10.25 07:08:30.532,0.89247,0.89256,2.30,3.80
2010.10.25 07:08:30.644,0.89249,0.89258,3.00,1.50
2010.10.25 07:08:31.280,0.89249,0.89259,3.00,2.60
2010.10.25 07:08:31.856,0.8925,0.89257,2.30,1.50
2010.10.25 07:08:32.429,0.89246,0.89252,1.50,1.50
2010.10.25 07:08:33.061,0.89246,0.89252,1.50,1.50
2010.10.25 07:08:33.516,0.89244,0.89251,1.50,2.60
2010.10.25 07:08:34.038,0.89239,0.89246,1.50,1.80
2010.10.25 07:08:34.702,0.89238,0.89246,3.30,1.50
2010.10.25 07:08:35.467,0.89239,0.89245,1.50,1.10
2010.10.25 07:08:36.391,0.89238,0.89244,2.30,1.10
2010.10.25 07:08:36.847,0.89237,0.89244,2.30,1.10
2010.10.25 07:08:37.433,0.89234,0.89244,6.80,1.80
2010.10.25 07:08:38.097,0.89234,0.8924,5.30,1.10
2010.10.25 07:08:38.691,0.89236,0.8924,2.30,1.10
2010.10.25 07:08:39.250,0.89239,0.89245,1.50,1.10
2010.10.25 07:08:39.882,0.8924,0.89245,1.50,1.10
2010.10.25 07:08:40.771,0.8924,0.89245,1.50,1.10
2010.10.25 07:08:41.336,0.8924,0.89245,1.50,1.10
2010.10.25 07:08:41.898,0.89239,0.89245,3.00,1.10
2010.10.25 07:08:42.600,0.89239,0.89245,1.50,1.10
2010.10.25 07:08:43.412,0.89235,0.8924,2.30,1.10
2010.10.25 07:08:44.158,0.89234,0.89244,5.30,1.10
2010.10.25 07:08:44.715,0.89235,0.89244,2.30,1.10
2010.10.25 07:08:45.258,0.89236,0.89244,1.50,1.10
2010.10.25 07:08:45.981,0.89237,0.89246,3.00,2.30
2010.10.25 07:08:46.782,0.89238,0.89246,2.30,1.50
2010.10.25 07:08:47.354,0.89235,0.89241,2.30,1.80
2010.10.25 07:08:47.904,0.89234,0.89241,3.00,1.80
2010.10.25 07:08:48.526,0.89234,0.89241,3.00,2.60
2010.10.25 07:08:49.214,0.8924,0.89248,1.50,5.60
2010.10.25 07:08:49.343,0.89244,0.89249,1.50,1.10
2010.10.25 07:08:49.964,0.89244,0.89251,2.30,1.80
2010.10.25 07:08:50.790,0.89242,0.89251,5.30,1.80
2010.10.25 07:08:51.354,0.89244,0.89251,2.30,1.80
2010.10.25 07:08:51.928,0.89242,0.89249,4.50,1.10
2010.10.25 07:08:52.648,0.89242,0.8925,3.80,2.60
2010.10.25 07:08:53.515,0.89242,0.8925,1.50,2.60
2010.10.25 07:08:53.651,0.89239,0.89244,4.50,1.10
2010.10.25 07:08:54.471,0.89236,0.8924,1.50,1.10
2010.10.25 07:08:55.170,0.89238,0.89246,3.00,4.10
2010.10.25 07:08:55.905,0.89239,0.89246,2.30,3.00
2010.10.25 07:08:56.375,0.89239,0.89246,2.30,2.30
2010.10.25 07:08:56.970,0.89243,0.89251,3.00,1.50
2010.10.25 07:08:57.600,0.89246,0.89254,2.30,2.30
2010.10.25 07:08:58.161,0.89248,0.89256,3.00,1.50
2010.10.25 07:08:58.729,0.89249,0.89257,3.00,1.80
2010.10.25 07:08:59.592,0.89244,0.89251,3.00,2.60
2010.10.25 07:08:59.831,0.89243,0.89251,3.80,2.60
2010.10.25 07:09:00.619,0.89241,0.8925,3.00,3.00
2010.10.25 07:09:01.480,0.8924,0.89248,4.50,1.10
2010.10.25 07:09:02.254,0.89241,0.89249,4.50,1.80
2010.10.25 07:09:02.490,0.89241,0.89249,4.50,1.10
2010.10.25 07:09:03.202,0.89241,0.89249,4.50,1.10
2010.10.25 07:09:04.114,0.89241,0.89249,4.50,1.10
2010.10.25 07:09:04.680,0.89239,0.89246,7.50,1.10
2010.10.25 07:09:05.281,0.89239,0.89245,1.50,1.80
2010.10.25 07:09:06.168,0.89239,0.89243,1.50,1.10
2010.10.25 07:09:06.737,0.89239,0.89243,1.50,1.10
2010.10.25 07:09:07.273,0.89239,0.89243,1.50,1.10
2010.10.25 07:09:08.108,0.89239,0.89243,2.30,1.10
2010.10.25 07:09:08.590,0.89239,0.89244,2.30,1.10
2010.10.25 07:09:09.053,0.89245,0.89253,1.50,1.10
2010.10.25 07:09:09.718,0.89246,0.89253,1.50,1.10
2010.10.25 07:09:09.844,0.89241,0.89249,1.50,3.30
2010.10.25 07:09:10.371,0.89239,0.89249,2.30,2.60
2010.10.25 07:09:11.236,0.89239,0.89249,3.80,2.60
2010.10.25 07:09:11.821,0.89247,0.89254,2.30,1.50
2010.10.25 07:09:12.396,0.89246,0.89253,1.50,1.50
2010.10.25 07:09:13.180,0.89244,0.8925,1.50,2.30
2010.10.25 07:09:13.744,0.89245,0.89254,3.00,1.50
2010.10.25 07:09:14.258,0.89242,0.8925,3.00,1.50
2010.10.25 07:09:15.032,0.89237,0.89248,6.80,1.80
2010.10.25 07:09:15.609,0.89235,0.89247,4.50,5.20
2010.10.25 07:09:16.174,0.89238,0.89247,2.30,2.90
2010.10.25 07:09:16.757,0.89238,0.89248,2.30,1.80
2010.10.25 07:09:17.328,0.89238,0.89248,3.00,1.80
2010.10.25 07:09:17.863,0.89238,0.89247,3.00,1.10
2010.10.25 07:09:18.672,0.89236,0.89245,2.30,1.80
2010.10.25 07:09:19.238,0.89236,0.89244,2.30,1.10
2010.10.25 07:09:19.802,0.89235,0.89244,4.50,1.10
2010.10.25 07:09:20.356,0.89235,0.89244,5.30,1.10
2010.10.25 07:09:20.915,0.89235,0.89244,2.30,1.10
2010.10.25 07:09:21.723,0.89235,0.89244,2.30,1.10
2010.10.25 07:09:22.287,0.89233,0.89243,3.00,1.80
2010.10.25 07:09:22.843,0.89232,0.89241,1.50,3.80
2010.10.25 07:09:23.508,0.8923,0.89239,2.30,1.10
2010.10.25 07:09:23.965,0.89228,0.89238,1.50,2.60
2010.10.25 07:09:24.524,0.89228,0.89238,2.30,4.10
2010.10.25 07:09:25.285,0.89228,0.89238,2.30,1.80
2010.10.25 07:09:26.181,0.89228,0.89238,2.30,1.50
2010.10.25 07:09:27.050,0.89229,0.89239,3.80,2.30
2010.10.25 07:09:28.281,0.8923,0.89239,4.10,1.50
2010.10.25 07:09:28.998,0.89234,0.89244,4.50,1.80
2010.10.25 07:09:29.911,0.89235,0.89244,3.00,1.10
2010.10.25 07:09:30.354,0.89235,0.89244,1.50,1.10
2010.10.25 07:09:30.903,0.89235,0.89244,1.50,1.10
2010.10.25 07:09:31.555,0.89236,0.89245,1.50,1.80
2010.10.25 07:09:32.121,0.89236,0.89245,2.30,1.10
2010.10.25 07:09:32.675,0.89236,0.89245,2.30,1.10
2010.10.25 07:09:33.437,0.89236,0.89245,2.30,1.10
2010.10.25 07:09:33.968,0.89236,0.89245,2.30,1.10
2010.10.25 07:09:34.560,0.89236,0.89245,2.30,1.10
2010.10.25 07:09:35.439,0.89237,0.89246,2.30,1.50
2010.10.25 07:09:36.315,0.89239,0.89246,1.50,1.80
2010.10.25 07:09:37.138,0.89236,0.89246,4.50,3.30
2010.10.25 07:09:37.634,0.89236,0.89246,2.30,3.30
2010.10.25 07:09:38.197,0.89236,0.89245,2.30,1.10
2010.10.25 07:09:39.041,0.89236,0.89245,2.30,1.10
2010.10.25 07:09:39.629,0.89235,0.89243,3.30,1.50
2010.10.25 07:09:40.196,0.89235,0.89244,1.10,1.80
2010.10.25 07:09:40.868,0.89235,0.89244,1.10,1.80
2010.10.25 07:09:41.517,0.89235,0.89245,3.30,2.60
2010.10.25 07:09:42.076,0.89235,0.89245,3.30,2.60
2010.10.25 07:09:42.784,0.89235,0.89245,3.30,2.60
2010.10.25 07:09:43.303,0.89235,0.89245,3.30,2.60
2010.10.25 07:09:43.887,0.89235,0.89245,3.30,2.60
2010.10.25 07:09:44.686,0.89234,0.89244,7.10,1.80
2010.10.25 07:09:45.560,0.89234,0.89244,7.10,1.80
2010.10.25 07:09:46.111,0.89234,0.89244,7.10,1.80
2010.10.25 07:09:46.664,0.89234,0.89244,7.10,1.80
2010.10.25 07:09:47.236,0.89234,0.89244,7.10,1.80
2010.10.25 07:09:48.004,0.89234,0.89244,7.10,1.80
2010.10.25 07:09:48.565,0.89235,0.89245,1.80,2.60
2010.10.25 07:09:49.108,0.89235,0.89245,1.80,2.60
2010.10.25 07:09:49.959,0.89235,0.89245,1.80,2.60
2010.10.25 07:09:50.834,0.89237,0.89245,2.30,1.10
2010.10.25 07:09:51.069,0.89237,0.89245,2.30,1.10
2010.10.25 07:09:51.631,0.89237,0.89245,2.30,1.10
2010.10.25 07:09:52.186,0.89237,0.89245,2.30,1.10
2010.10.25 07:09:52.758,0.89236,0.89245,3.00,1.10
2010.10.25 07:09:53.547,0.89237,0.89245,2.30,1.10
2010.10.25 07:09:54.147,0.89237,0.89245,2.30,1.10
2010.10.25 07:09:54.682,0.89236,0.89245,2.30,1.10
2010.10.25 07:09:55.219,0.89236,0.89245,2.30,1.10
2010.10.25 07:09:55.791,0.89236,0.89245,2.30,1.10
2010.10.25 07:09:56.569,0.89236,0.89245,2.30,1.10
2010.10.25 07:09:57.133,0.89235,0.89245,5.60,2.60
2010.10.25 07:09:57.706,0.89236,0.89245,1.50,2.60
2010.10.25 07:09:58.265,0.89235,0.89244,1.10,1.80
2010.10.25 07:09:58.752,0.89235,0.89244,1.10,1.80
2010.10.25 07:09:59.360,0.89235,0.89245,2.60,2.60
2010.10.25 07:10:00.092,0.89236,0.89245,2.30,1.10
2010.10.25 07:10:00.846,0.89235,0.89245,2.60,2.60
2010.10.25 07:10:01.350,0.89235,0.89244,1.10,1.80
2010.10.25 07:10:01.861,0.89236,0.89245,2.30,1.10
2010.10.25 07:10:02.428,0.89237,0.89245,1.50,1.10
2010.10.25 07:10:02.989,0.89238,0.89245,2.30,1.10
2010.10.25 07:10:03.742,0.89237,0.89245,2.30,1.10
2010.10.25 07:10:04.636,0.89238,0.89247,3.30,1.50
2010.10.25 07:10:04.883,0.89237,0.89247,4.80,1.50
2010.10.25 07:10:05.581,0.89237,0.89247,4.80,1.50
2010.10.25 07:10:06.395,0.89237,0.89246,3.00,1.50
2010.10.25 07:10:06.965,0.89233,0.89242,2.30,1.50
2010.10.25 07:10:07.530,0.89234,0.89242,1.50,1.80
2010.10.25 07:10:08.093,0.89234,0.89242,1.50,1.50
2010.10.25 07:10:08.707,0.89232,0.89241,4.50,1.80
2010.10.25 07:10:09.407,0.89232,0.89241,1.50,1.80
2010.10.25 07:10:10.318,0.89232,0.8924,2.30,1.10
2010.10.25 07:10:10.673,0.8923,0.89239,1.80,1.10
2010.10.25 07:10:11.277,0.89231,0.89239,1.80,2.30
2010.10.25 07:10:11.984,0.89231,0.89239,1.80,2.30
2010.10.25 07:10:12.460,0.8923,0.89239,2.30,3.00
2010.10.25 07:10:13.066,0.89229,0.89238,2.30,1.50
2010.10.25 07:10:13.692,0.89229,0.89238,1.50,1.80
2010.10.25 07:10:14.283,0.89229,0.89238,1.50,2.60
2010.10.25 07:10:14.879,0.89229,0.89237,1.50,1.50
2010.10.25 07:10:15.640,0.89229,0.89237,1.50,1.50
2010.10.25 07:10:16.223,0.89228,0.89237,2.60,1.50
2010.10.25 07:10:16.759,0.89229,0.89239,4.50,5.60
2010.10.25 07:10:17.612,0.8923,0.89239,2.30,4.10
2010.10.25 07:10:17.732,0.89225,0.8923,3.80,1.10
2010.10.25 07:10:18.350,0.89223,0.8923,2.60,1.50
2010.10.25 07:10:19.145,0.89221,0.89231,4.10,2.30
2010.10.25 07:10:19.924,0.89221,0.89231,2.60,2.30
2010.10.25 07:10:20.164,0.89221,0.8923,1.10,1.50
2010.10.25 07:10:20.754,0.89222,0.89231,1.10,3.80
2010.10.25 07:10:21.982,0.89221,0.89231,4.50,1.50
2010.10.25 07:10:22.450,0.8922,0.89229,1.10,1.50
2010.10.25 07:10:22.891,0.89227,0.89231,2.60,3.40
2010.10.25 07:10:23.642,0.89229,0.89234,4.80,1.50
2010.10.25 07:10:24.592,0.89231,0.89237,1.10,2.30
2010.10.25 07:10:24.823,0.8923,0.89237,1.80,1.20
2010.10.25 07:10:25.427,0.89231,0.8924,4.10,1.50
2010.10.25 07:10:26.178,0.89231,0.89239,4.10,1.50
2010.10.25 07:10:27.022,0.89231,0.89239,4.10,1.50
2010.10.25 07:10:27.807,0.89232,0.89239,2.60,1.50
2010.10.25 07:10:28.049,0.89233,0.89241,2.30,2.30
2010.10.25 07:10:28.629,0.89231,0.89241,4.80,2.30
2010.10.25 07:10:29.199,0.89231,0.89241,4.80,2.30
2010.10.25 07:10:29.774,0.89231,0.89241,4.80,2.30
2010.10.25 07:10:30.647,0.89231,0.89239,1.10,2.30
2010.10.25 07:10:31.118,0.89224,0.89233,2.30,3.80
2010.10.25 07:10:31.559,0.89221,0.89231,4.50,1.50
2010.10.25 07:10:32.366,0.89222,0.89232,3.00,1.50
2010.10.25 07:10:33.122,0.89222,0.89232,4.50,1.50
2010.10.25 07:10:33.357,0.89222,0.89232,3.80,1.50
2010.10.25 07:10:33.995,0.89222,0.89232,1.50,1.50
2010.10.25 07:10:34.863,0.89221,0.89231,5.30,1.50
2010.10.25 07:10:35.473,0.89222,0.89232,2.30,4.50
2010.10.25 07:10:35.992,0.89223,0.89232,1.50,2.30
2010.10.25 07:10:36.857,0.89223,0.89232,1.50,1.50
2010.10.25 07:10:37.095,0.89223,0.89232,1.50,1.50
2010.10.25 07:10:37.879,0.89224,0.89234,3.00,2.30
2010.10.25 07:10:38.762,0.89222,0.89232,2.30,1.80
2010.10.25 07:10:39.619,0.8922,0.8923,3.00,1.50
2010.10.25 07:10:40.494,0.89219,0.8923,5.30,2.30
2010.10.25 07:10:41.350,0.89221,0.8923,3.00,2.30
2010.10.25 07:10:42.255,0.89219,0.89226,3.00,2.30
2010.10.25 07:10:42.829,0.89218,0.89228,5.30,1.50
2010.10.25 07:10:43.383,0.89219,0.89229,2.30,1.50
2010.10.25 07:10:44.108,0.89219,0.89229,2.30,1.50
2010.10.25 07:10:44.565,0.89215,0.89225,3.00,1.50
2010.10.25 07:10:45.153,0.89215,0.89225,2.30,1.50
2010.10.25 07:10:45.851,0.89218,0.89225,1.10,1.50
2010.10.25 07:10:46.631,0.89214,0.89223,5.60,1.50
2010.10.25 07:10:47.076,0.89214,0.89223,4.80,1.50
2010.10.25 07:10:47.602,0.89214,0.89224,6.30,1.80
2010.10.25 07:10:48.268,0.89214,0.89224,6.30,1.80
2010.10.25 07:10:48.730,0.89219,0.89225,1.10,2.30
2010.10.25 07:10:49.320,0.89219,0.89224,1.10,1.50
2010.10.25 07:10:50.061,0.89216,0.89224,1.10,1.50
2010.10.25 07:10:50.960,0.89215,0.89224,1.10,1.50
2010.10.25 07:10:51.196,0.89214,0.89223,2.30,1.50
2010.10.25 07:10:52.048,0.89214,0.89223,1.80,1.50
2010.10.25 07:10:52.581,0.89214,0.89223,2.60,1.50
2010.10.25 07:10:53.152,0.89214,0.89222,2.60,1.50
2010.10.25 07:10:53.930,0.89214,0.89222,2.60,1.50
2010.10.25 07:10:54.535,0.89214,0.89222,2.60,1.50
2010.10.25 07:10:55.099,0.89214,0.89222,2.60,1.50
2010.10.25 07:10:55.844,0.89214,0.89222,2.60,1.50
2010.10.25 07:10:56.431,0.89214,0.89222,2.60,1.50
2010.10.25 07:10:56.996,0.89214,0.89222,2.60,1.50
2010.10.25 07:10:57.653,0.89214,0.89222,2.60,1.50
2010.10.25 07:10:58.398,0.89214,0.89222,2.60,1.50
2010.10.25 07:10:58.893,0.89214,0.89222,2.60,1.50
2010.10.25 07:10:59.491,0.89213,0.89219,2.60,2.30
2010.10.25 07:11:00.266,0.89211,0.89218,2.60,1.50
2010.10.25 07:11:00.719,0.8921,0.89218,1.10,1.50
2010.10.25 07:11:01.331,0.8921,0.89219,1.10,1.50
2010.10.25 07:11:01.866,0.8921,0.89218,1.10,1.50
2010.10.25 07:11:02.428,0.8921,0.89218,1.10,1.50
2010.10.25 07:11:02.948,0.8921,0.89218,1.10,1.50
2010.10.25 07:11:03.511,0.8921,0.89218,1.10,1.50
2010.10.25 07:11:04.093,0.8921,0.89218,1.10,1.50
2010.10.25 07:11:04.880,0.8921,0.89218,1.10,1.50
2010.10.25 07:11:05.553,0.8921,0.89218,1.10,1.50
2010.10.25 07:11:06.084,0.8921,0.89218,1.10,1.50
2010.10.25 07:11:06.686,0.8921,0.89218,1.10,1.50
2010.10.25 07:11:07.253,0.8921,0.89218,1.10,1.50
2010.10.25 07:11:08.049,0.8921,0.89219,1.10,1.50
2010.10.25 07:11:08.613,0.8921,0.89219,1.10,1.50
2010.10.25 07:11:09.166,0.8921,0.89219,1.10,1.50
2010.10.25 07:11:09.945,0.8921,0.89219,1.80,1.50
2010.10.25 07:11:10.185,0.89211,0.89221,4.10,2.30
2010.10.25 07:11:10.743,0.89212,0.89221,2.30,1.50
2010.10.25 07:11:11.323,0.89212,0.89222,3.80,2.30
2010.10.25 07:11:12.096,0.89212,0.89222,3.80,2.30
2010.10.25 07:11:12.769,0.89212,0.89222,3.80,2.30
2010.10.25 07:11:13.508,0.89212,0.89222,3.80,2.30
2010.10.25 07:11:14.162,0.89212,0.89222,3.80,2.30
2010.10.25 07:11:14.735,0.89212,0.89222,3.80,2.30
2010.10.25 07:11:15.392,0.89212,0.89222,3.80,2.30
2010.10.25 07:11:15.942,0.89212,0.89222,4.80,2.30
2010.10.25 07:11:16.550,0.89215,0.89225,4.80,1.50
2010.10.25 07:11:17.292,0.89215,0.89225,5.60,1.50
2010.10.25 07:11:17.857,0.89217,0.89225,1.10,1.50
2010.10.25 07:11:18.483,0.89217,0.89225,1.10,1.50
2010.10.25 07:11:19.214,0.89217,0.89225,1.10,1.50
2010.10.25 07:11:19.794,0.89215,0.89225,6.30,1.50
2010.10.25 07:11:20.420,0.89215,0.89225,6.30,1.50
2010.10.25 07:11:21.231,0.89215,0.89225,6.30,1.50
2010.10.25 07:11:22.123,0.89215,0.89225,5.60,1.50
2010.10.25 07:11:22.987,0.89216,0.89225,2.60,1.50
2010.10.25 07:11:23.229,0.89217,0.89225,1.10,1.50
2010.10.25 07:11:24.104,0.89217,0.89224,1.10,1.50
2010.10.25 07:11:24.949,0.89217,0.89226,1.80,1.50
2010.10.25 07:11:25.411,0.8922,0.89229,1.50,3.80
2010.10.25 07:11:25.914,0.8922,0.89229,1.10,1.50
2010.10.25 07:11:26.768,0.89219,0.89228,3.00,1.50
2010.10.25 07:11:27.659,0.89219,0.89228,3.00,1.50
2010.10.25 07:11:28.216,0.8922,0.89228,3.00,1.50
2010.10.25 07:11:28.791,0.8922,0.89231,2.60,3.80
2010.10.25 07:11:29.365,0.89223,0.89232,1.80,3.80
2010.10.25 07:11:30.084,0.89223,0.89232,3.80,1.20
2010.10.25 07:11:30.547,0.89221,0.8923,2.30,2.30
2010.10.25 07:11:31.054,0.8922,0.8923,3.80,2.30
2010.10.25 07:11:31.625,0.8922,0.8923,3.80,2.30
2010.10.25 07:11:32.431,0.8922,0.8923,3.80,2.30
2010.10.25 07:11:32.889,0.89221,0.8923,2.30,3.00
2010.10.25 07:11:33.398,0.89219,0.8923,4.50,3.00
2010.10.25 07:11:34.288,0.89219,0.89228,2.30,1.50
2010.10.25 07:11:34.525,0.89218,0.89227,4.10,1.50
2010.10.25 07:11:35.322,0.89218,0.89227,4.10,1.50
2010.10.25 07:11:35.822,0.89218,0.89227,4.10,1.50
2010.10.25 07:11:36.416,0.8922,0.89227,2.30,1.50
2010.10.25 07:11:37.248,0.89218,0.89227,4.10,1.50
2010.10.25 07:11:37.764,0.8922,0.89227,2.30,1.50
2010.10.25 07:11:38.384,0.8922,0.89227,2.30,1.50
2010.10.25 07:11:38.951,0.89218,0.89226,4.10,1.50
2010.10.25 07:11:39.465,0.89218,0.89226,4.10,1.50
2010.10.25 07:11:40.255,0.89218,0.89224,1.50,1.80
2010.10.25 07:11:40.836,0.89213,0.89223,5.60,1.50
2010.10.25 07:11:41.414,0.89213,0.89223,2.30,1.50
2010.10.25 07:11:42.131,0.89214,0.89224,5.60,1.50
2010.10.25 07:11:43.028,0.89217,0.89226,1.10,4.50
2010.10.25 07:11:43.269,0.89217,0.89226,1.10,2.30
2010.10.25 07:11:43.966,0.89218,0.89227,1.10,3.80
2010.10.25 07:11:44.540,0.89216,0.89226,8.20,1.50
2010.10.25 07:11:45.101,0.89215,0.89224,2.30,2.30
2010.10.25 07:11:45.989,0.89212,0.89222,4.10,1.50
2010.10.25 07:11:46.563,0.89211,0.8922,1.10,1.50
2010.10.25 07:11:47.100,0.89211,0.89221,1.80,2.30
2010.10.25 07:11:47.969,0.8921,0.8922,4.80,1.50
2010.10.25 07:11:48.546,0.8921,0.8922,4.80,1.50
2010.10.25 07:11:49.072,0.8921,0.89219,1.10,1.50
2010.10.25 07:11:49.866,0.8921,0.8922,1.10,1.50
2010.10.25 07:11:50.679,0.89209,0.89217,1.80,2.30
2010.10.25 07:11:51.135,0.89212,0.89217,1.10,1.50
2010.10.25 07:11:51.744,0.8921,0.89218,1.10,1.50
2010.10.25 07:11:52.491,0.8921,0.89218,1.10,1.50
2010.10.25 07:11:53.055,0.8921,0.89219,1.10,1.50
2010.10.25 07:11:53.600,0.89212,0.89222,1.80,1.50
2010.10.25 07:11:54.460,0.89213,0.89223,1.50,2.30
2010.10.25 07:11:55.710,0.89215,0.89224,2.60,2.30
2010.10.25 07:11:56.282,0.89213,0.89222,1.50,3.40
2010.10.25 07:11:56.834,0.89212,0.89222,1.80,4.90
2010.10.25 07:11:57.353,0.89213,0.89222,3.00,1.50
2010.10.25 07:11:58.032,0.89218,0.89225,2.30,2.30
2010.10.25 07:11:58.733,0.89218,0.89228,2.30,1.50
2010.10.25 07:11:59.586,0.89218,0.89229,2.30,5.60
2010.10.25 07:11:59.847,0.89218,0.89228,2.30,1.80
2010.10.25 07:12:00.535,0.89219,0.89228,2.30,2.60
2010.10.25 07:12:01.323,0.89218,0.89228,2.30,1.80
2010.10.25 07:12:02.207,0.89218,0.89228,2.30,1.80
2010.10.25 07:12:03.089,0.8922,0.89229,2.30,1.10
2010.10.25 07:12:03.546,0.8922,0.89229,5.30,1.10
2010.10.25 07:12:04.117,0.89221,0.89229,2.30,1.10
2010.10.25 07:12:04.841,0.89222,0.89229,1.50,1.10
2010.10.25 07:12:05.306,0.8922,0.89228,1.50,1.10
2010.10.25 07:12:05.829,0.89219,0.89228,5.30,1.10
2010.10.25 07:12:06.394,0.89226,0.89231,1.10,6.00
2010.10.25 07:12:06.937,0.89223,0.89233,1.50,4.10
2010.10.25 07:12:07.818,0.89221,0.89231,3.30,4.50
2010.10.25 07:12:08.674,0.89221,0.89231,3.00,4.50
2010.10.25 07:12:08.935,0.89221,0.89231,1.50,4.50
2010.10.25 07:12:09.693,0.8922,0.8923,2.30,1.50
2010.10.25 07:12:10.510,0.89221,0.89231,1.50,4.50
2010.10.25 07:12:11.080,0.89226,0.89232,3.00,1.50
2010.10.25 07:12:11.642,0.89222,0.89232,2.70,2.30
2010.10.25 07:12:12.422,0.89222,0.89232,2.30,2.30
2010.10.25 07:12:13.091,0.89222,0.89232,2.30,2.30
2010.10.25 07:12:13.664,0.89222,0.89232,2.30,2.30
2010.10.25 07:12:14.213,0.89222,0.89232,2.30,2.30
2010.10.25 07:12:14.747,0.89222,0.89232,2.30,2.30
2010.10.25 07:12:15.600,0.89223,0.89232,1.50,1.50
2010.10.25 07:12:16.210,0.89225,0.89233,2.30,1.50
2010.10.25 07:12:16.694,0.89225,0.89233,3.80,1.50
2010.10.25 07:12:17.557,0.89225,0.89233,3.00,1.50
2010.10.25 07:12:18.160,0.89225,0.89233,3.00,1.50
2010.10.25 07:12:18.725,0.89225,0.89234,2.30,1.50
2010.10.25 07:12:19.196,0.89223,0.89231,1.50,2.30
2010.10.25 07:12:19.812,0.89224,0.89231,3.00,2.30
2010.10.25 07:12:20.536,0.89224,0.89234,2.30,3.80
2010.10.25 07:12:21.114,0.89225,0.89234,3.80,1.50
2010.10.25 07:12:21.661,0.89226,0.89235,1.50,1.50
2010.10.25 07:12:22.545,0.89225,0.89235,5.30,1.50
2010.10.25 07:12:23.426,0.89226,0.89236,3.80,1.50
2010.10.25 07:12:24.124,0.8923,0.89241,4.50,2.30
2010.10.25 07:12:24.705,0.89233,0.8924,3.00,1.50
2010.10.25 07:12:25.248,0.89232,0.8924,3.00,1.50
2010.10.25 07:12:25.952,0.89232,0.8924,3.00,1.50
2010.10.25 07:12:26.506,0.89231,0.8924,1.50,1.50
2010.10.25 07:12:27.058,0.89231,0.8924,1.50,1.50
2010.10.25 07:12:27.831,0.89232,0.89241,3.80,1.50
2010.10.25 07:12:28.397,0.89232,0.89242,3.80,1.50
2010.10.25 07:12:28.925,0.89234,0.89241,1.50,1.50
2010.10.25 07:12:29.796,0.89234,0.89241,1.50,1.50
2010.10.25 07:12:30.707,0.89236,0.89242,1.50,1.50
2010.10.25 07:12:31.169,0.8924,0.89247,1.50,6.00
2010.10.25 07:12:31.777,0.89241,0.89246,1.50,1.50
2010.10.25 07:12:32.508,0.89241,0.89246,1.50,1.50
2010.10.25 07:12:33.079,0.89241,0.89246,1.50,1.50
2010.10.25 07:12:33.609,0.89241,0.89246,1.50,1.50
2010.10.25 07:12:34.225,0.89241,0.89248,1.50,1.50
2010.10.25 07:12:34.828,0.89241,0.89247,1.50,1.50
2010.10.25 07:12:35.700,0.89239,0.89247,1.50,1.50
2010.10.25 07:12:36.585,0.89232,0.89243,3.00,1.80
2010.10.25 07:12:37.445,0.89234,0.89242,1.50,1.50
2010.10.25 07:12:38.137,0.89236,0.89243,1.50,1.50
2010.10.25 07:12:38.714,0.89236,0.89243,1.50,1.50
2010.10.25 07:12:39.180,0.89236,0.89243,1.50,1.50
2010.10.25 07:12:39.693,0.89236,0.89243,1.50,1.50
2010.10.25 07:12:40.571,0.89236,0.89243,1.50,1.50
2010.10.25 07:12:41.143,0.89239,0.89246,3.00,1.50
2010.10.25 07:12:41.711,0.89239,0.89247,1.50,1.50
2010.10.25 07:12:42.285,0.89239,0.89246,1.50,1.50
2010.10.25 07:12:42.862,0.89239,0.89247,1.50,1.50
2010.10.25 07:12:43.603,0.89239,0.89247,1.50,1.50
2010.10.25 07:12:44.523,0.89244,0.89249,1.50,2.30
2010.10.25 07:12:44.990,0.89244,0.8925,1.50,2.30
2010.10.25 07:12:45.578,0.89244,0.89251,1.50,3.80
2010.10.25 07:12:46.260,0.89243,0.89251,1.50,1.50
2010.10.25 07:12:46.841,0.89243,0.89251,1.50,1.50
2010.10.25 07:12:47.371,0.89243,0.89251,1.50,1.50
2010.10.25 07:12:47.965,0.89241,0.8925,2.30,3.00
2010.10.25 07:12:48.504,0.89241,0.8925,2.30,3.00
2010.10.25 07:12:49.277,0.89241,0.8925,2.30,3.00
2010.10.25 07:12:49.785,0.89241,0.8925,2.30,3.00
2010.10.25 07:12:50.305,0.89241,0.8925,2.30,3.00
2010.10.25 07:12:51.179,0.89241,0.8925,2.30,3.00
2010.10.25 07:12:51.746,0.89243,0.89251,1.50,1.50
2010.10.25 07:12:52.301,0.89241,0.89251,2.30,5.30
2010.10.25 07:12:53.154,0.89241,0.8925,1.10,4.50
2010.10.25 07:12:54.079,0.89241,0.8925,1.50,4.50
2010.10.25 07:12:54.533,0.89243,0.89251,3.00,1.50
2010.10.25 07:12:55.112,0.89244,0.89251,2.30,1.50
2010.10.25 07:12:56.009,0.89244,0.89251,2.60,1.50
2010.10.25 07:12:56.772,0.89246,0.89252,1.50,2.30
2010.10.25 07:12:57.655,0.89244,0.89251,2.30,1.50
2010.10.25 07:12:58.116,0.89241,0.89251,1.50,6.00
2010.10.25 07:12:58.665,0.89241,0.89251,1.50,6.00
2010.10.25 07:12:59.329,0.89242,0.89251,1.50,4.50
2010.10.25 07:12:59.879,0.89242,0.89251,1.50,4.50
2010.10.25 07:13:00.426,0.89242,0.89251,1.50,4.50
2010.10.25 07:13:00.993,0.89242,0.89251,1.50,4.50
2010.10.25 07:13:01.542,0.89241,0.89251,1.50,4.50
2010.10.25 07:13:02.349,0.89242,0.89251,2.30,4.50
2010.10.25 07:13:02.914,0.89242,0.89251,2.30,2.30
2010.10.25 07:13:03.477,0.89242,0.89251,2.30,2.30
2010.10.25 07:13:04.199,0.89242,0.89251,2.30,2.30
2010.10.25 07:13:05.097,0.89242,0.89251,2.60,1.50
2010.10.25 07:13:05.920,0.89243,0.89251,1.50,1.50
2010.10.25 07:13:06.783,0.89241,0.89251,1.50,4.50
2010.10.25 07:13:07.055,0.89241,0.8925,1.50,3.00
2010.10.25 07:13:07.723,0.89241,0.89251,1.50,4.50
2010.10.25 07:13:08.297,0.89241,0.89251,1.50,4.50
2010.10.25 07:13:08.819,0.89241,0.89251,1.50,4.50
2010.10.25 07:13:09.714,0.89241,0.89251,1.50,4.50
2010.10.25 07:13:10.326,0.89241,0.89251,1.50,4.50
2010.10.25 07:13:10.918,0.89241,0.89251,2.30,4.50
2010.10.25 07:13:11.610,0.89242,0.89251,2.30,2.30
2010.10.25 07:13:12.166,0.89243,0.89251,1.50,1.50
2010.10.25 07:13:12.675,0.89243,0.89251,1.50,1.50
2010.10.25 07:13:13.597,0.89242,0.89251,2.60,1.50
2010.10.25 07:13:14.095,0.89243,0.89251,1.50,3.80
2010.10.25 07:13:14.617,0.89243,0.89251,1.50,1.50
2010.10.25 07:13:15.290,0.89243,0.89251,1.50,1.50
2010.10.25 07:13:15.868,0.89242,0.89251,2.60,3.80
2010.10.25 07:13:16.437,0.89242,0.89251,2.60,3.80
2010.10.25 07:13:17.205,0.89242,0.89251,2.60,1.50
2010.10.25 07:13:17.788,0.89243,0.89251,1.50,1.50
2010.10.25 07:13:18.371,0.89243,0.89251,1.50,1.50
2010.10.25 07:13:18.932,0.89243,0.89251,1.50,1.50
2010.10.25 07:13:19.476,0.89244,0.89251,1.50,1.50
2010.10.25 07:13:20.260,0.89244,0.89251,1.50,1.50
2010.10.25 07:13:20.826,0.89244,0.89254,2.60,3.00
2010.10.25 07:13:21.386,0.89246,0.89254,1.80,1.50
2010.10.25 07:13:22.088,0.89246,0.89254,1.80,1.50
2010.10.25 07:13:22.693,0.89246,0.89254,1.80,1.50
2010.10.25 07:13:23.274,0.89246,0.89254,1.80,1.50
2010.10.25 07:13:24.068,0.89246,0.89254,1.80,1.50
2010.10.25 07:13:24.542,0.89246,0.89254,1.80,1.50
2010.10.25 07:13:25.119,0.89247,0.89254,1.50,1.50
2010.10.25 07:13:25.681,0.89247,0.89254,1.50,1.50
2010.10.25 07:13:26.360,0.89246,0.89254,1.80,1.50
2010.10.25 07:13:26.815,0.89245,0.89254,2.30,1.50
2010.10.25 07:13:27.407,0.89245,0.89251,1.50,1.50
2010.10.25 07:13:28.128,0.89244,0.89251,1.50,1.50
2010.10.25 07:13:28.688,0.89244,0.89251,1.50,1.50
2010.10.25 07:13:29.285,0.89244,0.89251,1.50,1.50
2010.10.25 07:13:30.066,0.89244,0.89251,1.50,1.50
2010.10.25 07:13:30.971,0.89241,0.89251,2.30,3.80
2010.10.25 07:13:31.204,0.89243,0.89251,2.30,1.50
2010.10.25 07:13:31.736,0.89242,0.89251,3.30,3.80
2010.10.25 07:13:32.578,0.89243,0.89251,1.50,1.50
2010.10.25 07:13:33.142,0.8924,0.8925,1.50,3.00
2010.10.25 07:13:33.713,0.89236,0.89247,4.50,1.50
2010.10.25 07:13:34.567,0.89237,0.89248,3.80,1.50
2010.10.25 07:13:35.141,0.89237,0.89248,3.80,1.50
2010.10.25 07:13:35.670,0.89237,0.89248,3.80,1.50
2010.10.25 07:13:36.514,0.89237,0.89248,3.80,1.50
2010.10.25 07:13:37.158,0.89238,0.89248,3.00,1.50
2010.10.25 07:13:37.707,0.89238,0.89248,3.00,1.50
2010.10.25 07:13:38.262,0.89238,0.89248,3.00,1.50
2010.10.25 07:13:38.790,0.89238,0.89248,3.00,1.50
2010.10.25 07:13:39.354,0.8924,0.8925,3.00,1.50
2010.10.25 07:13:40.189,0.8924,0.8925,3.00,1.50
2010.10.25 07:13:41.135,0.8924,0.8925,3.00,1.50
2010.10.25 07:13:41.364,0.8924,0.8925,3.00,1.50
2010.10.25 07:13:42.163,0.8924,0.8925,3.00,1.50
2010.10.25 07:13:42.714,0.8924,0.8925,3.00,1.50
2010.10.25 07:13:43.327,0.8924,0.8925,3.00,1.50
2010.10.25 07:13:43.867,0.8924,0.8925,3.00,1.50
2010.10.25 07:13:44.534,0.8924,0.8925,3.00,1.50
2010.10.25 07:13:45.222,0.8924,0.8925,3.00,1.50
2010.10.25 07:13:45.817,0.8924,0.8925,3.00,1.50
2010.10.25 07:13:46.441,0.8924,0.8925,3.00,1.50
2010.10.25 07:13:47.295,0.8924,0.89249,3.00,1.50
2010.10.25 07:13:47.877,0.89235,0.89245,1.50,4.50
2010.10.25 07:13:48.485,0.89235,0.89245,1.50,2.30
2010.10.25 07:13:49.249,0.89235,0.89245,3.80,3.30
2010.10.25 07:13:49.817,0.89236,0.89245,2.30,1.80
2010.10.25 07:13:50.392,0.89236,0.89245,2.30,1.10
2010.10.25 07:13:51.009,0.89235,0.89245,3.80,2.60
2010.10.25 07:13:51.686,0.89233,0.89238,1.50,1.10
2010.10.25 07:13:52.574,0.89231,0.89241,3.00,7.10
2010.10.25 07:13:53.138,0.89231,0.8924,1.50,2.60
2010.10.25 07:13:53.783,0.89231,0.8924,1.50,1.10
2010.10.25 07:13:54.372,0.89231,0.8924,1.50,1.10
2010.10.25 07:13:54.939,0.89231,0.8924,1.50,2.60
2010.10.25 07:13:55.444,0.89231,0.89239,1.50,1.80
2010.10.25 07:13:55.877,0.89237,0.89243,2.60,3.00
2010.10.25 07:13:56.414,0.89244,0.89251,1.10,2.30
2010.10.25 07:13:56.931,0.89244,0.89251,1.10,1.50
2010.10.25 07:13:57.058,0.89248,0.89255,1.10,6.00
2010.10.25 07:13:57.820,0.8925,0.89258,1.10,1.50
2010.10.25 07:13:58.690,0.8925,0.89255,1.80,1.50
2010.10.25 07:13:59.148,0.8925,0.89258,1.10,1.50
2010.10.25 07:13:59.735,0.89246,0.89254,3.80,1.10
2010.10.25 07:14:00.380,0.89244,0.89254,3.00,4.80
2010.10.25 07:14:00.959,0.89244,0.89254,2.60,3.80
2010.10.25 07:14:01.519,0.89246,0.89253,1.50,3.80
2010.10.25 07:14:02.253,0.89244,0.89254,2.30,4.10
2010.10.25 07:14:03.040,0.89248,0.89258,5.30,1.10
2010.10.25 07:14:03.283,0.89249,0.89257,2.30,1.50
2010.10.25 07:14:04.099,0.89247,0.89257,3.80,1.80
2010.10.25 07:14:04.771,0.89247,0.89257,1.50,1.10
2010.10.25 07:14:05.330,0.89247,0.89257,3.80,2.60
2010.10.25 07:14:05.936,0.89248,0.89256,2.30,1.50
2010.10.25 07:14:06.605,0.89246,0.89257,3.80,2.60
2010.10.25 07:14:07.510,0.89246,0.89255,1.50,1.80
2010.10.25 07:14:08.411,0.89244,0.89254,3.80,1.80
2010.10.25 07:14:09.295,0.89243,0.89253,4.50,2.60
2010.10.25 07:14:10.297,0.89241,0.89251,1.50,2.70
2010.10.25 07:14:10.957,0.89241,0.8925,1.50,1.20
2010.10.25 07:14:11.425,0.89242,0.8925,1.50,1.20
2010.10.25 07:14:11.939,0.89242,0.89251,2.30,1.20
2010.10.25 07:14:12.737,0.89242,0.89248,2.30,1.20
2010.10.25 07:14:13.609,0.89241,0.89249,4.50,1.20
2010.10.25 07:14:14.165,0.89241,0.89251,4.50,2.70
2010.10.25 07:14:14.688,0.89241,0.89251,4.50,2.30
2010.10.25 07:14:15.565,0.89241,0.89251,4.50,2.30
2010.10.25 07:14:16.504,0.89243,0.89252,2.30,1.10
2010.10.25 07:14:16.963,0.89243,0.89252,2.30,1.10
2010.10.25 07:14:17.529,0.89243,0.89253,2.30,4.80
2010.10.25 07:14:18.307,0.89244,0.89254,1.50,4.50
2010.10.25 07:14:19.210,0.89249,0.89254,1.50,2.30
2010.10.25 07:14:19.746,0.8925,0.89257,2.30,2.30
2010.10.25 07:14:20.571,0.89251,0.89261,1.50,2.60
2010.10.25 07:14:21.271,0.89249,0.8926,5.30,4.10
2010.10.25 07:14:22.069,0.89246,0.89257,5.30,2.90
2010.10.25 07:14:22.912,0.89247,0.89257,2.30,2.60
2010.10.25 07:14:23.735,0.89248,0.89259,1.50,4.50
2010.10.25 07:14:24.198,0.89246,0.89257,3.80,2.60
2010.10.25 07:14:24.812,0.89247,0.89258,3.00,4.80
2010.10.25 07:14:25.536,0.89246,0.89255,4.50,1.10
2010.10.25 07:14:26.333,0.89247,0.89257,1.50,1.20
2010.10.25 07:14:27.128,0.89248,0.89258,2.30,3.30
2010.10.25 07:14:27.977,0.89249,0.89258,1.50,1.10
2010.10.25 07:14:28.774,0.89249,0.8926,6.00,1.40
2010.10.25 07:14:29.678,0.89249,0.8926,4.50,1.80
2010.10.25 07:14:30.488,0.8925,0.89259,2.30,1.10
2010.10.25 07:14:31.054,0.89251,0.8926,1.50,1.10
2010.10.25 07:14:31.635,0.89251,0.8926,3.00,1.10
2010.10.25 07:14:32.270,0.89253,0.89261,1.50,1.50
2010.10.25 07:14:33.174,0.89249,0.89259,1.50,1.50
2010.10.25 07:14:34.040,0.89248,0.8926,4.50,4.50
2010.10.25 07:14:34.566,0.89248,0.89259,4.50,1.10
2010.10.25 07:14:35.167,0.89249,0.8926,6.80,1.50
2010.10.25 07:14:36.017,0.8925,0.8926,1.50,1.50
2010.10.25 07:14:36.586,0.89251,0.89261,3.00,1.80
2010.10.25 07:14:37.144,0.89251,0.89261,3.00,1.80
2010.10.25 07:14:37.674,0.89253,0.89261,1.50,2.60
2010.10.25 07:14:38.279,0.89253,0.89261,1.50,2.60
2010.10.25 07:14:38.968,0.89255,0.89261,1.50,2.60
2010.10.25 07:14:39.846,0.89253,0.89261,2.30,2.60
2010.10.25 07:14:40.586,0.89252,0.89261,2.30,2.60
2010.10.25 07:14:41.549,0.89252,0.89261,2.30,2.60
2010.10.25 07:14:41.772,0.89252,0.89261,2.30,2.60
2010.10.25 07:14:42.322,0.89253,0.89261,2.30,2.60
2010.10.25 07:14:42.902,0.89253,0.89261,2.30,2.60
2010.10.25 07:14:43.640,0.89254,0.89261,1.50,2.60
2010.10.25 07:14:44.207,0.89253,0.89261,2.30,4.80
2010.10.25 07:14:44.749,0.89253,0.89261,2.30,2.60
2010.10.25 07:14:45.480,0.89254,0.89261,3.00,2.60
2010.10.25 07:14:46.078,0.89253,0.89261,3.00,2.60
2010.10.25 07:14:46.628,0.89253,0.89261,3.00,4.80
2010.10.25 07:14:47.665,0.89253,0.89261,3.00,2.60
2010.10.25 07:14:48.180,0.89253,0.89261,3.00,2.60
2010.10.25 07:14:48.702,0.89253,0.89261,3.00,2.60
2010.10.25 07:14:49.216,0.89253,0.89261,3.00,2.60
2010.10.25 07:14:49.812,0.89253,0.89261,3.00,2.60
2010.10.25 07:14:50.368,0.89253,0.89261,3.00,2.60
2010.10.25 07:14:50.888,0.89253,0.89261,3.00,2.60
2010.10.25 07:14:51.786,0.89254,0.89261,2.30,2.60
2010.10.25 07:14:52.366,0.89253,0.89261,2.30,2.60
2010.10.25 07:14:52.940,0.89253,0.89261,3.00,4.80
2010.10.25 07:14:53.587,0.89253,0.89261,2.30,4.80
2010.10.25 07:14:54.512,0.89253,0.89261,2.30,4.80
2010.10.25 07:14:55.065,0.89252,0.89261,2.30,4.80
2010.10.25 07:14:55.682,0.89252,0.89261,2.30,4.80
2010.10.25 07:14:56.230,0.89253,0.89261,2.30,4.80
2010.10.25 07:14:56.829,0.89253,0.89261,2.30,4.80
2010.10.25 07:14:57.383,0.89253,0.89261,2.30,4.80
2010.10.25 07:14:57.987,0.89253,0.89261,2.30,4.80
2010.10.25 07:14:58.764,0.89253,0.89261,2.30,4.80
2010.10.25 07:14:59.331,0.89253,0.89261,2.30,2.60
2010.10.25 07:14:59.858,0.89253,0.89261,2.30,2.60
2010.10.25 07:15:00.715,0.89253,0.89261,2.30,2.60
2010.10.25 07:15:01.308,0.89254,0.89261,1.50,2.60
2010.10.25 07:15:01.993,0.89254,0.89261,1.50,2.60
2010.10.25 07:15:02.527,0.89254,0.89261,1.50,2.60
2010.10.25 07:15:03.034,0.89253,0.89261,2.30,2.60
2010.10.25 07:15:03.589,0.89252,0.89261,1.50,4.10
2010.10.25 07:15:04.145,0.89252,0.89261,1.50,4.80
2010.10.25 07:15:04.924,0.89252,0.89261,1.50,4.80
2010.10.25 07:15:05.804,0.89251,0.89261,2.30,6.30
2010.10.25 07:15:07.332,0.89251,0.89261,2.30,6.30
2010.10.25 07:15:07.933,0.89252,0.89261,1.50,4.80
2010.10.25 07:15:08.447,0.89252,0.89261,1.50,4.80
2010.10.25 07:15:08.964,0.89251,0.89261,2.30,6.30
2010.10.25 07:15:09.482,0.89251,0.89261,2.30,6.30
2010.10.25 07:15:10.324,0.8925,0.8926,2.60,1.80
2010.10.25 07:15:10.898,0.89248,0.89256,1.50,1.10
2010.10.25 07:15:11.466,0.89248,0.89256,4.50,1.10
2010.10.25 07:15:12.129,0.89248,0.89256,1.50,3.30
2010.10.25 07:15:12.698,0.89247,0.89255,2.30,1.10
2010.10.25 07:15:13.229,0.89247,0.89256,1.50,3.30
2010.10.25 07:15:14.053,0.89248,0.89256,1.50,1.80
2010.10.25 07:15:14.638,0.89247,0.89256,1.50,5.60
2010.10.25 07:15:15.212,0.89248,0.89258,1.50,2.60
2010.10.25 07:15:16.059,0.89248,0.89256,1.50,4.80
2010.10.25 07:15:16.628,0.89248,0.89255,1.50,1.10
2010.10.25 07:15:17.146,0.89248,0.89258,3.80,1.10
2010.10.25 07:15:17.977,0.89248,0.89256,1.50,2.60
2010.10.25 07:15:18.536,0.89249,0.89259,3.00,1.10
2010.10.25 07:15:19.093,0.89249,0.89259,4.50,1.10
2010.10.25 07:15:19.737,0.89249,0.89259,4.50,1.10
2010.10.25 07:15:20.596,0.89249,0.89259,4.50,1.10
2010.10.25 07:15:21.474,0.8925,0.8926,1.80,2.30
2010.10.25 07:15:22.055,0.8925,0.89258,1.50,1.80
2010.10.25 07:15:22.674,0.89247,0.89256,2.30,1.50
2010.10.25 07:15:23.425,0.89248,0.89257,2.30,1.50
2010.10.25 07:15:23.993,0.89248,0.89258,3.80,1.80
2010.10.25 07:15:24.555,0.89248,0.89258,3.80,1.80
2010.10.25 07:15:25.198,0.89249,0.89259,1.50,3.30
2010.10.25 07:15:25.791,0.89248,0.89257,2.30,1.50
2010.10.25 07:15:26.538,0.89247,0.89254,2.30,1.10
2010.10.25 07:15:27.106,0.89246,0.89254,1.50,1.10
2010.10.25 07:15:27.675,0.89243,0.8925,3.00,1.20
2010.10.25 07:15:28.320,0.89243,0.89248,3.00,1.20
2010.10.25 07:15:29.181,0.89237,0.89247,2.30,2.30
2010.10.25 07:15:29.437,0.89237,0.89243,1.50,2.30
2010.10.25 07:15:30.151,0.89237,0.89243,1.50,1.10
2010.10.25 07:15:30.270,0.89242,0.8925,1.50,1.40
2010.10.25 07:15:30.995,0.89243,0.8925,1.50,1.20
2010.10.25 07:15:31.870,0.89241,0.8925,1.50,1.20
2010.10.25 07:15:32.434,0.89241,0.8925,1.50,1.20
2010.10.25 07:15:33.043,0.89242,0.89252,3.80,2.30
2010.10.25 07:15:33.691,0.89244,0.89254,1.50,3.70
2010.10.25 07:15:34.268,0.89245,0.89254,1.50,1.40
2010.10.25 07:15:34.778,0.89245,0.89254,1.50,1.40
2010.10.25 07:15:35.723,0.89243,0.89253,3.80,2.30
2010.10.25 07:15:36.285,0.89241,0.8925,1.50,1.40
2010.10.25 07:15:36.826,0.89241,0.8925,1.50,1.40
2010.10.25 07:15:37.597,0.89241,0.8925,1.50,1.20
2010.10.25 07:15:38.073,0.89239,0.89246,1.50,2.30
2010.10.25 07:15:38.655,0.89239,0.89249,1.50,3.40
2010.10.25 07:15:39.346,0.89241,0.89249,1.50,3.40
2010.10.25 07:15:40.225,0.89237,0.89245,1.50,1.10
2010.10.25 07:15:41.105,0.89237,0.89245,1.50,4.10
2010.10.25 07:15:41.982,0.89236,0.89244,1.50,2.60
2010.10.25 07:15:42.556,0.89235,0.89242,1.50,1.10
2010.10.25 07:15:43.124,0.89235,0.89242,1.50,1.80
2010.10.25 07:15:43.970,0.89234,0.89242,1.50,1.10
2010.10.25 07:15:44.563,0.89232,0.89241,1.50,3.30
2010.10.25 07:15:45.122,0.89234,0.89241,1.50,3.30
2010.10.25 07:15:45.752,0.89235,0.89243,1.50,1.40
2010.10.25 07:15:46.371,0.89239,0.89247,1.50,1.20
2010.10.25 07:15:46.887,0.89238,0.89247,3.80,1.20
2010.10.25 07:15:47.518,0.89238,0.89247,3.80,1.20
2010.10.25 07:15:48.368,0.89238,0.89245,2.30,2.30
2010.10.25 07:15:49.164,0.89234,0.89242,1.50,3.40
2010.10.25 07:15:50.055,0.89234,0.89243,1.50,1.20
2010.10.25 07:15:50.506,0.89233,0.89242,1.50,3.40
2010.10.25 07:15:51.116,0.89233,0.89242,1.50,1.20
2010.10.25 07:15:51.848,0.89233,0.89242,1.50,1.20
2010.10.25 07:15:52.420,0.89227,0.89235,4.80,3.80
2010.10.25 07:15:53.013,0.89216,0.89227,4.50,1.20
2010.10.25 07:15:53.664,0.89218,0.89226,1.50,1.20
2010.10.25 07:15:54.129,0.89215,0.89224,1.50,3.00
2010.10.25 07:15:54.682,0.89212,0.89223,1.80,3.40
2010.10.25 07:15:55.279,0.89213,0.89223,1.50,1.20
2010.10.25 07:15:55.727,0.89214,0.89224,2.30,2.30
2010.10.25 07:15:56.230,0.89215,0.89226,1.50,4.90
2010.10.25 07:15:57.096,0.89215,0.89226,1.50,4.90
2010.10.25 07:15:57.602,0.89214,0.89226,4.50,4.90
2010.10.25 07:15:58.205,0.89214,0.89226,3.80,4.90
2010.10.25 07:15:59.110,0.89214,0.89223,1.50,3.40
2010.10.25 07:15:59.347,0.89216,0.89226,2.60,2.30
2010.10.25 07:16:00.106,0.89216,0.89227,4.10,2.70
2010.10.25 07:16:00.960,0.89215,0.89224,1.50,3.00
2010.10.25 07:16:01.421,0.89212,0.89223,1.50,4.90
2010.10.25 07:16:01.960,0.89227,0.89231,1.50,1.40
2010.10.25 07:16:02.645,0.89227,0.89232,2.60,2.30
2010.10.25 07:16:02.886,0.89231,0.89242,2.30,2.70
2010.10.25 07:16:03.410,0.89233,0.8924,1.10,1.50
2010.10.25 07:16:04.298,0.89233,0.89243,1.50,2.30
2010.10.25 07:16:04.880,0.89229,0.89236,3.80,1.10
2010.10.25 07:16:05.324,0.89226,0.89234,1.80,3.00
2010.10.25 07:16:06.198,0.89223,0.89233,1.80,3.40
2010.10.25 07:16:06.764,0.89225,0.89235,1.50,3.40
2010.10.25 07:16:07.285,0.89226,0.89234,1.50,1.20
2010.10.25 07:16:08.107,0.89225,0.89234,3.80,1.20
2010.10.25 07:16:08.990,0.89225,0.89234,1.50,3.40
2010.10.25 07:16:09.570,0.89226,0.89234,1.50,3.40
2010.10.25 07:16:10.162,0.89226,0.89234,1.50,3.40
2010.10.25 07:16:10.865,0.89224,0.89234,1.50,2.30
2010.10.25 07:16:11.548,0.89224,0.89234,3.80,2.70
2010.10.25 07:16:12.494,0.89224,0.89233,2.30,2.30
2010.10.25 07:16:12.954,0.89224,0.89234,1.50,4.50
2010.10.25 07:16:13.460,0.89224,0.89234,1.50,4.50
2010.10.25 07:16:14.324,0.89222,0.89231,2.60,1.20
2010.10.25 07:16:14.664,0.89222,0.8923,2.30,1.20
2010.10.25 07:16:15.273,0.89224,0.89233,1.50,3.00
2010.10.25 07:16:16.125,0.89228,0.89237,2.30,2.30
2010.10.25 07:16:16.985,0.8923,0.89238,2.30,1.20
2010.10.25 07:16:17.907,0.89229,0.89238,1.50,1.20
2010.10.25 07:16:18.367,0.89229,0.89238,1.50,1.20
2010.10.25 07:16:18.943,0.89229,0.89239,1.50,2.70
2010.10.25 07:16:19.438,0.89229,0.89239,1.50,2.70
2010.10.25 07:16:20.068,0.89231,0.89239,1.10,2.30
2010.10.25 07:16:20.896,0.89232,0.89243,1.50,4.90
2010.10.25 07:16:21.477,0.89233,0.89244,1.80,4.50
2010.10.25 07:16:22.060,0.89233,0.89244,1.50,4.50
2010.10.25 07:16:22.859,0.89233,0.89244,1.50,4.50
2010.10.25 07:16:23.779,0.89233,0.89244,1.50,6.80
2010.10.25 07:16:24.337,0.89234,0.89244,1.50,2.30
2010.10.25 07:16:24.932,0.89233,0.89243,4.50,1.50
2010.10.25 07:16:25.482,0.89234,0.89244,1.50,1.50
2010.10.25 07:16:26.033,0.89234,0.89244,1.50,1.50
2010.10.25 07:16:26.781,0.89234,0.89244,1.50,2.30
2010.10.25 07:16:27.344,0.89234,0.89244,1.50,2.70
2010.10.25 07:16:27.891,0.89233,0.89243,3.80,2.30
2010.10.25 07:16:28.456,0.89233,0.89242,2.30,2.30
2010.10.25 07:16:29.079,0.89231,0.89239,4.10,2.30
2010.10.25 07:16:29.844,0.89226,0.89235,3.00,1.50
2010.10.25 07:16:30.304,0.89229,0.89238,2.30,2.70
2010.10.25 07:16:30.925,0.89229,0.89239,2.30,2.70
2010.10.25 07:16:31.578,0.89229,0.89238,2.30,2.30
2010.10.25 07:16:32.153,0.89228,0.89238,2.30,2.70
2010.10.25 07:16:32.730,0.89227,0.89238,1.50,4.50
2010.10.25 07:16:33.486,0.89227,0.89238,3.80,2.30
2010.10.25 07:16:34.065,0.8923,0.89239,2.30,1.50
2010.10.25 07:16:34.576,0.8923,0.89239,2.30,1.50
2010.10.25 07:16:35.148,0.8923,0.8924,3.80,2.30
2010.10.25 07:16:35.754,0.8923,0.8924,1.50,2.30
2010.10.25 07:16:36.436,0.8923,0.89241,3.80,2.30
2010.10.25 07:16:36.905,0.89229,0.8924,4.50,2.30
2010.10.25 07:16:37.421,0.89229,0.8924,4.50,2.30
2010.10.25 07:16:38.255,0.8923,0.89239,2.30,1.50
2010.10.25 07:16:38.827,0.89229,0.89239,1.50,2.30
2010.10.25 07:16:39.442,0.89229,0.89239,1.50,2.30
2010.10.25 07:16:40.191,0.89229,0.89239,2.30,1.50
2010.10.25 07:16:40.762,0.8923,0.8924,2.30,3.80
2010.10.25 07:16:41.319,0.8923,0.8924,2.30,3.80
2010.10.25 07:16:41.901,0.8923,0.8924,2.30,3.80
2010.10.25 07:16:42.448,0.8923,0.8924,2.30,4.10
2010.10.25 07:16:43.153,0.89235,0.89243,1.50,4.50
2010.10.25 07:16:43.811,0.89234,0.89244,1.50,1.10
2010.10.25 07:16:44.540,0.89234,0.89242,1.50,2.60
2010.10.25 07:16:45.277,0.89235,0.89245,2.30,2.30
2010.10.25 07:16:45.847,0.89236,0.89245,2.30,2.30
2010.10.25 07:16:46.410,0.89236,0.89245,2.30,2.30
2010.10.25 07:16:47.270,0.89236,0.89245,2.30,2.30
2010.10.25 07:16:47.830,0.89235,0.89245,2.30,3.80
2010.10.25 07:16:48.459,0.89233,0.89242,1.50,2.30
2010.10.25 07:16:49.327,0.89231,0.89242,2.30,5.30
2010.10.25 07:16:49.898,0.89231,0.8924,2.30,3.00
2010.10.25 07:16:50.469,0.89231,0.8924,1.50,3.30
2010.10.25 07:16:51.117,0.89227,0.89238,1.50,4.50
2010.10.25 07:16:52.018,0.89225,0.89235,3.30,3.00
2010.10.25 07:16:52.883,0.89228,0.89238,1.80,3.00
2010.10.25 07:16:53.453,0.89228,0.89238,1.80,3.00
2010.10.25 07:16:54.083,0.8923,0.89239,3.00,2.30
2010.10.25 07:16:54.743,0.89229,0.89236,1.10,2.30
2010.10.25 07:16:54.870,0.89232,0.89242,3.00,1.90
2010.10.25 07:16:55.618,0.89228,0.89237,2.60,2.30
2010.10.25 07:16:56.480,0.89229,0.89239,3.00,2.30
2010.10.25 07:16:57.361,0.89233,0.89241,1.10,2.30
2010.10.25 07:16:58.234,0.89233,0.89241,1.50,2.60
2010.10.25 07:16:59.030,0.89237,0.89243,1.80,2.30
2010.10.25 07:16:59.484,0.89238,0.89248,3.80,1.50
2010.10.25 07:17:00.083,0.8924,0.89249,1.50,1.50
2010.10.25 07:17:00.765,0.8924,0.89248,3.80,1.50
2010.10.25 07:17:01.347,0.89238,0.89246,3.80,1.50
2010.10.25 07:17:01.899,0.89238,0.89246,3.00,1.50
2010.10.25 07:17:02.520,0.89236,0.89246,2.60,4.90
2010.10.25 07:17:03.336,0.89236,0.89244,1.10,1.50
2010.10.25 07:17:04.211,0.89236,0.89244,1.10,1.50
2010.10.25 07:17:04.449,0.89236,0.89244,1.10,1.50
2010.10.25 07:17:05.140,0.89236,0.89244,1.10,1.50
2010.10.25 07:17:05.584,0.89236,0.89244,1.10,1.50
2010.10.25 07:17:06.137,0.89236,0.89244,1.10,1.50
2010.10.25 07:17:07.030,0.89236,0.89244,1.10,1.50
2010.10.25 07:17:07.588,0.89236,0.89244,1.10,1.50
2010.10.25 07:17:08.215,0.89236,0.89244,1.10,1.50
2010.10.25 07:17:09.089,0.89236,0.89245,1.10,1.50
2010.10.25 07:17:09.653,0.89238,0.89245,1.50,1.50
2010.10.25 07:17:10.190,0.89238,0.89245,1.50,1.50
2010.10.25 07:17:11.070,0.89237,0.89245,1.10,1.50
2010.10.25 07:17:11.621,0.89237,0.89245,1.10,1.50
2010.10.25 07:17:12.226,0.89237,0.89245,1.10,1.50
2010.10.25 07:17:13.084,0.89237,0.89245,3.30,1.50
2010.10.25 07:17:13.655,0.89237,0.89245,4.80,1.50
2010.10.25 07:17:14.312,0.89237,0.89245,2.60,1.50
2010.10.25 07:17:14.876,0.89234,0.89241,3.80,2.30
2010.10.25 07:17:15.465,0.89236,0.89241,1.10,2.30
2010.10.25 07:17:16.225,0.89237,0.89241,1.10,2.30
2010.10.25 07:17:17.153,0.89237,0.89246,1.10,1.50
2010.10.25 07:17:17.705,0.89237,0.89247,2.60,1.50
2010.10.25 07:17:18.287,0.89237,0.89247,2.60,1.50
2010.10.25 07:17:19.000,0.89237,0.89247,2.60,1.50
2010.10.25 07:17:19.567,0.89236,0.89246,6.30,1.50
2010.10.25 07:17:20.103,0.89238,0.89248,3.00,3.80
2010.10.25 07:17:20.665,0.89238,0.89247,3.80,1.50
2010.10.25 07:17:21.192,0.89238,0.89247,1.50,1.50
2010.10.25 07:17:22.053,0.89237,0.89246,1.50,1.50
2010.10.25 07:17:22.613,0.89236,0.89246,6.30,1.50
2010.10.25 07:17:23.177,0.89236,0.89246,6.30,1.50
2010.10.25 07:17:23.946,0.89236,0.89246,6.30,1.50
2010.10.25 07:17:24.464,0.89236,0.89246,6.30,1.50
2010.10.25 07:17:25.034,0.89236,0.89246,6.30,1.50
2010.10.25 07:17:25.613,0.89237,0.89245,1.10,1.50
2010.10.25 07:17:26.154,0.89236,0.89245,2.60,1.50
2010.10.25 07:17:27.085,0.89237,0.89245,1.10,1.50
2010.10.25 07:17:27.539,0.89244,0.89254,1.50,1.50
2010.10.25 07:17:28.393,0.89245,0.89254,4.50,2.30
2010.10.25 07:17:29.222,0.89245,0.89254,3.00,1.10
2010.10.25 07:17:30.092,0.89243,0.89252,3.00,1.80
2010.10.25 07:17:30.334,0.89242,0.89251,2.30,2.30
2010.10.25 07:17:31.043,0.89242,0.89251,2.30,2.30
2010.10.25 07:17:31.597,0.89242,0.89251,2.30,2.30
2010.10.25 07:17:32.203,0.89241,0.89251,2.30,3.80
2010.10.25 07:17:32.905,0.89241,0.89251,2.30,3.80
2010.10.25 07:17:33.465,0.89241,0.8925,2.30,2.30
2010.10.25 07:17:34.043,0.89243,0.89253,2.30,2.60
2010.10.25 07:17:34.788,0.89241,0.89251,2.30,1.50
2010.10.25 07:17:35.671,0.89241,0.8925,1.50,1.50
2010.10.25 07:17:35.920,0.89241,0.89251,3.00,1.50
2010.10.25 07:17:36.698,0.89242,0.89252,2.30,3.80
2010.10.25 07:17:37.276,0.89246,0.89252,1.50,2.30
2010.10.25 07:17:37.755,0.89242,0.89251,1.50,2.30
2010.10.25 07:17:38.604,0.89242,0.8925,1.50,2.30
2010.10.25 07:17:39.175,0.89242,0.8925,1.50,2.30
2010.10.25 07:17:39.727,0.89242,0.8925,1.50,2.30
2010.10.25 07:17:40.639,0.89242,0.8925,1.50,2.30
2010.10.25 07:17:41.114,0.89243,0.89253,3.80,2.30
2010.10.25 07:17:41.625,0.89243,0.89251,1.50,1.10
2010.10.25 07:17:42.446,0.89243,0.89253,1.50,4.80
2010.10.25 07:17:43.208,0.89241,0.89251,4.50,1.50
2010.10.25 07:17:44.097,0.89241,0.89251,4.50,1.50
2010.10.25 07:17:44.977,0.89244,0.89251,5.70,1.50
2010.10.25 07:17:45.104,0.8925,0.8926,3.00,1.50
2010.10.25 07:17:45.728,0.89251,0.89261,2.30,6.00
2010.10.25 07:17:46.302,0.8925,0.89259,1.10,1.50
2010.10.25 07:17:47.184,0.89249,0.89259,4.80,2.30
2010.10.25 07:17:47.748,0.89249,0.89259,7.10,2.60
2010.10.25 07:17:48.342,0.89249,0.89257,6.30,1.50
2010.10.25 07:17:48.908,0.89249,0.89258,4.80,1.50
2010.10.25 07:17:49.506,0.89249,0.89259,6.30,1.80
2010.10.25 07:17:50.359,0.89249,0.89259,6.30,1.80
2010.10.25 07:17:50.893,0.89249,0.89259,6.30,1.80
2010.10.25 07:17:51.394,0.89249,0.89259,6.30,1.80
2010.10.25 07:17:51.962,0.8925,0.8926,1.80,3.30
2010.10.25 07:17:52.515,0.89249,0.89259,6.30,1.80
2010.10.25 07:17:53.307,0.89249,0.89259,7.10,1.80
2010.10.25 07:17:53.752,0.89249,0.89259,6.30,2.60
2010.10.25 07:17:54.348,0.89249,0.89259,6.30,2.60
2010.10.25 07:17:55.073,0.89249,0.89258,4.80,2.30
2010.10.25 07:17:55.642,0.89249,0.89258,4.80,2.30
2010.10.25 07:17:56.199,0.8925,0.89259,1.80,1.40
2010.10.25 07:17:56.970,0.8925,0.8926,2.60,2.60
2010.10.25 07:17:57.740,0.89251,0.8926,1.50,1.10
2010.10.25 07:17:58.557,0.89249,0.89259,6.30,2.60
2010.10.25 07:17:59.117,0.89249,0.89258,4.80,2.70
2010.10.25 07:17:59.675,0.8925,0.89258,1.80,1.20
2010.10.25 07:18:00.326,0.89249,0.89255,5.30,1.10
2010.10.25 07:18:01.096,0.89249,0.89259,3.00,1.50
2010.10.25 07:18:01.969,0.89252,0.89261,1.50,7.20
2010.10.25 07:18:02.431,0.89249,0.89259,3.80,2.60
2010.10.25 07:18:02.937,0.89249,0.89259,1.50,2.60
2010.10.25 07:18:03.746,0.89246,0.89256,6.00,2.30
2010.10.25 07:18:04.228,0.89245,0.89253,2.30,2.60
2010.10.25 07:18:04.787,0.89242,0.89252,4.50,2.60
2010.10.25 07:18:05.314,0.89243,0.89253,3.80,2.30
2010.10.25 07:18:05.891,0.89245,0.89254,1.50,1.10
2010.10.25 07:18:06.444,0.89247,0.89257,2.30,2.60
2010.10.25 07:18:07.000,0.89247,0.89257,3.00,2.60
2010.10.25 07:18:07.876,0.89245,0.89254,2.30,1.20
2010.10.25 07:18:08.446,0.89243,0.89252,3.80,1.10
2010.10.25 07:18:09.063,0.89241,0.8925,2.30,3.00
2010.10.25 07:18:09.766,0.89239,0.89249,1.50,3.00
2010.10.25 07:18:09.895,0.89243,0.89249,1.10,4.50
2010.10.25 07:18:10.691,0.89243,0.8925,3.00,2.30
2010.10.25 07:18:11.597,0.89244,0.89251,2.30,1.20
2010.10.25 07:18:12.515,0.89246,0.89251,1.50,4.90
2010.10.25 07:18:12.991,0.89245,0.8925,4.50,1.20
2010.10.25 07:18:13.573,0.89243,0.89251,2.30,2.20
2010.10.25 07:18:14.205,0.89243,0.89251,2.30,1.20
2010.10.25 07:18:14.783,0.89239,0.89248,4.50,1.20
2010.10.25 07:18:15.243,0.89248,0.89254,1.50,2.30
2010.10.25 07:18:15.814,0.8924,0.89248,6.30,1.20
2010.10.25 07:18:16.222,0.8924,0.89248,1.50,1.20
2010.10.25 07:18:16.783,0.89238,0.89248,1.10,4.50
2010.10.25 07:18:17.294,0.89238,0.89248,2.60,3.00
2010.10.25 07:18:17.907,0.89238,0.89248,2.30,3.00
2010.10.25 07:18:18.755,0.89238,0.89248,2.30,3.00
2010.10.25 07:18:19.314,0.89238,0.89248,1.50,3.00
2010.10.25 07:18:19.828,0.89238,0.89248,1.50,3.00
2010.10.25 07:18:20.678,0.89238,0.89248,1.50,3.00
2010.10.25 07:18:20.920,0.89238,0.89248,1.50,3.00
2010.10.25 07:18:21.772,0.89237,0.89248,2.60,4.50
2010.10.25 07:18:22.346,0.89238,0.89248,1.50,3.00
2010.10.25 07:18:22.863,0.89238,0.89248,1.50,3.00
2010.10.25 07:18:23.422,0.89237,0.89248,1.80,3.00
2010.10.25 07:18:23.975,0.89237,0.89248,1.80,4.50
2010.10.25 07:18:24.546,0.89239,0.89248,1.50,3.00
2010.10.25 07:18:25.149,0.89239,0.89249,1.50,1.20
2010.10.25 07:18:25.832,0.89239,0.89249,1.50,1.20
2010.10.25 07:18:26.274,0.89238,0.89249,2.30,4.90
2010.10.25 07:18:26.803,0.89238,0.89247,4.50,1.20
2010.10.25 07:18:27.535,0.89239,0.89248,1.50,3.00
2010.10.25 07:18:28.412,0.89238,0.89248,3.00,2.30
2010.10.25 07:18:28.632,0.89238,0.89248,3.00,2.30
2010.10.25 07:18:29.182,0.89238,0.89248,2.30,2.30
2010.10.25 07:18:29.736,0.89239,0.89248,1.50,3.00
2010.10.25 07:18:30.541,0.89237,0.89247,1.10,2.30
2010.10.25 07:18:31.107,0.89235,0.89245,2.60,4.50
2010.10.25 07:18:31.611,0.89235,0.89244,1.80,1.20
2010.10.25 07:18:32.427,0.89232,0.89242,2.30,1.10
2010.10.25 07:18:33.245,0.8923,0.89239,2.30,2.70
2010.10.25 07:18:33.958,0.89225,0.89234,3.30,1.20
2010.10.25 07:18:34.680,0.89229,0.89237,2.60,2.30
2010.10.25 07:18:35.146,0.89229,0.89236,2.60,2.30
2010.10.25 07:18:35.729,0.8923,0.89236,1.10,2.30
2010.10.25 07:18:36.499,0.8923,0.89236,1.10,2.30
2010.10.25 07:18:37.775,0.89227,0.89235,3.00,1.20
2010.10.25 07:18:38.238,0.89226,0.89233,1.80,2.30
2010.10.25 07:18:38.812,0.89225,0.89234,1.80,1.10
2010.10.25 07:18:39.526,0.89224,0.89232,4.80,2.70
2010.10.25 07:18:40.335,0.89224,0.89232,2.60,1.20
2010.10.25 07:18:40.803,0.89224,0.8923,2.60,1.20
2010.10.25 07:18:41.478,0.89224,0.8923,2.60,1.20
2010.10.25 07:18:42.090,0.89224,0.8923,2.60,1.20
2010.10.25 07:18:42.668,0.89224,0.89233,2.60,2.70
2010.10.25 07:18:43.214,0.89224,0.89233,2.60,2.70
2010.10.25 07:18:43.749,0.89227,0.89233,1.10,1.20
2010.10.25 07:18:44.326,0.89224,0.8923,2.60,1.20
2010.10.25 07:18:44.980,0.89224,0.89234,4.10,2.90
2010.10.25 07:18:45.604,0.89224,0.89234,4.10,2.90
2010.10.25 07:18:46.161,0.89224,0.89233,2.60,2.30
2010.10.25 07:18:46.867,0.89224,0.89233,2.60,2.30
2010.10.25 07:18:47.313,0.89224,0.89234,6.30,2.90
2010.10.25 07:18:47.865,0.89226,0.89233,2.60,1.20
2010.10.25 07:18:48.482,0.89225,0.89233,2.60,1.20
2010.10.25 07:18:49.047,0.89225,0.89233,2.60,1.20
2010.10.25 07:18:49.644,0.89225,0.89233,2.60,1.20
2010.10.25 07:18:50.468,0.89225,0.89233,3.30,1.20
2010.10.25 07:18:51.142,0.89225,0.89233,3.30,1.20
2010.10.25 07:18:51.720,0.89229,0.89235,1.50,2.30
2010.10.25 07:18:52.278,0.89226,0.89235,1.80,1.20
2010.10.25 07:18:52.925,0.89227,0.89236,1.50,1.20
2010.10.25 07:18:53.618,0.89227,0.89236,1.50,1.20
2010.10.25 07:18:54.295,0.89227,0.89236,1.50,1.20
2010.10.25 07:18:54.999,0.89227,0.89236,1.50,1.20
2010.10.25 07:18:55.491,0.89227,0.89236,1.50,1.20
2010.10.25 07:18:56.099,0.89227,0.89236,1.50,1.20
2010.10.25 07:18:56.846,0.89226,0.89236,1.80,2.70
2010.10.25 07:18:57.417,0.89226,0.89234,1.80,1.20
2010.10.25 07:18:57.971,0.89226,0.89234,1.80,1.20
2010.10.25 07:18:58.515,0.89226,0.89234,1.80,1.20
2010.10.25 07:18:59.078,0.89226,0.89234,1.80,1.20
2010.10.25 07:18:59.863,0.89226,0.89234,1.80,1.20
2010.10.25 07:19:00.708,0.89226,0.89234,1.80,1.20
2010.10.25 07:19:01.048,0.89226,0.89234,1.80,1.20
2010.10.25 07:19:01.682,0.89226,0.89234,1.80,1.20
2010.10.25 07:19:02.313,0.89226,0.89234,1.80,1.20
2010.10.25 07:19:02.882,0.8923,0.89237,4.80,2.30
2010.10.25 07:19:03.690,0.89227,0.89233,2.30,1.20
2010.10.25 07:19:04.254,0.89227,0.89233,1.50,1.20
2010.10.25 07:19:04.847,0.89227,0.89233,1.50,1.20
2010.10.25 07:19:05.418,0.89229,0.89236,4.80,2.70
2010.10.25 07:19:05.966,0.89229,0.89236,2.60,2.70
2010.10.25 07:19:06.859,0.89229,0.89235,2.60,2.30
2010.10.25 07:19:07.692,0.89229,0.89236,2.60,2.70
2010.10.25 07:19:07.913,0.89229,0.89236,2.60,2.70
2010.10.25 07:19:08.661,0.89229,0.89236,2.60,2.70
2010.10.25 07:19:09.236,0.89229,0.89236,2.60,2.30
2010.10.25 07:19:09.778,0.89229,0.89236,2.60,2.30
2010.10.25 07:19:10.627,0.89229,0.89236,2.60,2.30
2010.10.25 07:19:10.937,0.89229,0.89236,2.60,2.30
2010.10.25 07:19:11.684,0.89229,0.89236,2.60,2.30
2010.10.25 07:19:12.252,0.89229,0.89236,2.60,2.70
2010.10.25 07:19:12.851,0.8923,0.89236,1.10,2.70
2010.10.25 07:19:13.444,0.8923,0.89236,1.10,2.70
2010.10.25 07:19:14.037,0.8923,0.89236,1.10,2.70
2010.10.25 07:19:14.784,0.8923,0.89236,1.10,2.70
2010.10.25 07:19:15.659,0.89227,0.89232,4.10,2.30
2010.10.25 07:19:15.912,0.89221,0.89229,3.30,1.20
2010.10.25 07:19:16.467,0.89222,0.89226,1.80,1.20
2010.10.25 07:19:17.257,0.89221,0.89226,2.60,1.20
2010.10.25 07:19:17.734,0.89221,0.89226,2.60,1.20
2010.10.25 07:19:18.332,0.89221,0.89226,1.10,1.20
2010.10.25 07:19:18.857,0.89221,0.89226,2.60,1.20
2010.10.25 07:19:19.445,0.89221,0.89228,2.60,1.20
2010.10.25 07:19:19.987,0.89221,0.89228,2.60,1.20
2010.10.25 07:19:20.572,0.89221,0.89231,2.60,2.70
2010.10.25 07:19:21.368,0.89222,0.89231,1.50,1.20
2010.10.25 07:19:22.183,0.89222,0.89232,1.50,2.70
2010.10.25 07:19:22.667,0.89222,0.89231,2.30,2.30
2010.10.25 07:19:23.266,0.89221,0.8923,1.10,2.30
2010.10.25 07:19:23.986,0.89221,0.89231,2.60,4.50
2010.10.25 07:19:24.434,0.89221,0.89231,2.60,2.30
2010.10.25 07:19:24.969,0.89221,0.89231,2.60,4.50
2010.10.25 07:19:25.534,0.89221,0.89229,2.60,1.20
2010.10.25 07:19:26.121,0.89221,0.89228,2.30,1.10
2010.10.25 07:19:26.905,0.89217,0.89222,2.30,1.10
2010.10.25 07:19:27.487,0.89217,0.89225,1.80,1.20
2010.10.25 07:19:28.074,0.89218,0.89227,1.80,1.20
2010.10.25 07:19:28.825,0.89218,0.89227,1.80,1.20
2010.10.25 07:19:29.393,0.89218,0.89227,1.50,1.20
2010.10.25 07:19:29.958,0.89218,0.89227,1.50,1.20
2010.10.25 07:19:30.853,0.89218,0.89227,1.50,1.20
2010.10.25 07:19:31.403,0.89218,0.89227,1.50,1.20
2010.10.25 07:19:31.976,0.89218,0.89227,1.50,1.20
2010.10.25 07:19:32.538,0.89219,0.89228,1.50,2.30
2010.10.25 07:19:33.111,0.89218,0.89228,1.50,1.50
2010.10.25 07:19:33.994,0.89219,0.89229,1.50,4.90
2010.10.25 07:19:34.562,0.89219,0.89228,1.50,3.00
2010.10.25 07:19:35.139,0.89219,0.89228,1.50,2.30
2010.10.25 07:19:35.794,0.8922,0.89228,1.50,2.30
2010.10.25 07:19:36.610,0.89221,0.8923,3.00,1.50
2010.10.25 07:19:37.512,0.89222,0.89231,3.00,1.50
2010.10.25 07:19:38.034,0.89222,0.89231,3.00,1.50
2010.10.25 07:19:38.600,0.89222,0.89231,3.00,1.50
2010.10.25 07:19:39.187,0.89225,0.89232,1.50,1.50
2010.10.25 07:19:39.772,0.89225,0.89235,6.00,1.50
2010.10.25 07:19:40.617,0.89225,0.89234,3.80,1.50
2010.10.25 07:19:41.198,0.89225,0.89234,3.80,1.50
2010.10.25 07:19:41.748,0.89225,0.89235,5.30,1.50
2010.10.25 07:19:42.488,0.89225,0.89235,3.00,1.50
2010.10.25 07:19:43.058,0.89224,0.89235,4.50,1.50
2010.10.25 07:19:43.724,0.89224,0.89234,4.50,1.50
2010.10.25 07:19:44.372,0.89224,0.89234,4.50,1.50
2010.10.25 07:19:44.981,0.89224,0.89234,3.00,1.50
2010.10.25 07:19:45.571,0.89224,0.89234,4.50,1.50
2010.10.25 07:19:46.127,0.89224,0.89234,3.00,1.50
2010.10.25 07:19:46.722,0.89225,0.89234,3.00,1.50
2010.10.25 07:19:47.264,0.89225,0.89234,3.00,1.50
2010.10.25 07:19:47.804,0.89225,0.89234,3.00,1.50
2010.10.25 07:19:48.374,0.89225,0.89234,3.00,1.50
2010.10.25 07:19:48.901,0.89225,0.89234,3.00,1.50
2010.10.25 07:19:49.781,0.89225,0.89234,3.00,1.50
2010.10.25 07:19:50.358,0.89225,0.89234,3.00,1.50
2010.10.25 07:19:50.881,0.89224,0.89234,1.50,3.80
2010.10.25 07:19:51.386,0.89224,0.89234,1.50,3.80
2010.10.25 07:19:52.011,0.89224,0.89234,3.00,3.80
2010.10.25 07:19:52.695,0.89224,0.89234,3.00,3.80
2010.10.25 07:19:53.260,0.89222,0.89232,1.50,4.50
2010.10.25 07:19:54.129,0.89221,0.89231,2.30,3.80
2010.10.25 07:19:54.700,0.8922,0.8923,3.00,1.50
2010.10.25 07:19:55.319,0.8922,0.89228,2.30,2.30
2010.10.25 07:19:55.959,0.8922,0.89228,3.00,2.30
2010.10.25 07:19:56.524,0.8922,0.89228,3.00,2.30
2010.10.25 07:19:57.106,0.8922,0.89228,3.00,2.30
2010.10.25 07:19:58.018,0.89221,0.89228,2.30,2.30
2010.10.25 07:19:58.584,0.8922,0.8923,3.00,6.00
2010.10.25 07:19:59.199,0.89221,0.89229,1.50,2.30
2010.10.25 07:19:59.995,0.89223,0.89232,1.50,2.30
2010.10.25 07:20:00.575,0.89224,0.89232,1.50,2.30
2010.10.25 07:20:01.142,0.89226,0.89236,6.00,1.50
2010.10.25 07:20:01.811,0.89226,0.89235,4.80,1.50
2010.10.25 07:20:02.643,0.89226,0.89235,1.10,1.50
2010.10.25 07:20:03.457,0.89224,0.89234,3.00,1.80
2010.10.25 07:20:04.019,0.89224,0.89233,3.00,1.50
2010.10.25 07:20:04.626,0.89224,0.89233,2.30,1.50
2010.10.25 07:20:05.464,0.89224,0.89233,2.30,1.50
2010.10.25 07:20:06.066,0.89224,0.89232,2.30,1.50
2010.10.25 07:20:06.674,0.89223,0.89232,1.50,3.80
2010.10.25 07:20:07.237,0.89221,0.8923,2.30,3.00
2010.10.25 07:20:07.793,0.89221,0.8923,2.30,3.00
2010.10.25 07:20:08.501,0.89221,0.8923,2.30,3.30
2010.10.25 07:20:09.056,0.89222,0.8923,1.50,3.30
2010.10.25 07:20:09.609,0.89227,0.89233,1.10,4.50
2010.10.25 07:20:10.359,0.89229,0.89233,2.30,2.30
2010.10.25 07:20:10.867,0.89228,0.89237,3.80,1.50
2010.10.25 07:20:11.454,0.89228,0.89237,3.80,1.50
2010.10.25 07:20:12.147,0.89228,0.89237,3.80,1.50
2010.10.25 07:20:12.791,0.89228,0.89237,3.80,1.50
2010.10.25 07:20:13.316,0.89228,0.89237,3.80,1.50
2010.10.25 07:20:13.902,0.89228,0.89238,3.80,1.80
2010.10.25 07:20:14.764,0.89229,0.89239,1.50,2.60
2010.10.25 07:20:15.493,0.89229,0.89238,1.50,1.80
2010.10.25 07:20:16.386,0.89227,0.89237,2.30,1.50
2010.10.25 07:20:16.648,0.89226,0.89236,6.00,1.10
2010.10.25 07:20:17.314,0.89226,0.89235,2.30,2.60
2010.10.25 07:20:17.889,0.89222,0.89233,4.50,1.50
2010.10.25 07:20:18.491,0.89222,0.89233,4.50,1.50
2010.10.25 07:20:19.294,0.89222,0.89233,4.50,1.50
2010.10.25 07:20:19.854,0.89223,0.89233,4.50,1.50
2010.10.25 07:20:20.474,0.89226,0.89236,4.50,1.50
2010.10.25 07:20:21.383,0.89227,0.89237,1.50,2.30
2010.10.25 07:20:21.943,0.89227,0.89237,1.50,2.30
2010.10.25 07:20:22.546,0.89227,0.89237,5.30,1.50
2010.10.25 07:20:23.330,0.89228,0.89238,2.30,1.80
2010.10.25 07:20:23.885,0.89228,0.89238,2.30,1.80
2010.10.25 07:20:24.475,0.89228,0.89238,2.30,1.80
2010.10.25 07:20:25.033,0.89228,0.89238,3.00,1.80
2010.10.25 07:20:25.594,0.89228,0.89238,3.00,1.80
2010.10.25 07:20:26.183,0.89228,0.89238,3.00,1.80
2010.10.25 07:20:26.695,0.89228,0.89238,3.00,1.80
2010.10.25 07:20:27.253,0.89228,0.89238,3.00,1.80
2010.10.25 07:20:27.829,0.89228,0.89238,3.00,1.80
2010.10.25 07:20:28.283,0.89229,0.89239,3.00,4.80
2010.10.25 07:20:28.864,0.89229,0.89239,3.00,4.80
2010.10.25 07:20:29.425,0.89233,0.89241,1.50,3.80
2010.10.25 07:20:29.978,0.89231,0.89238,1.50,1.10
2010.10.25 07:20:30.580,0.89228,0.89237,3.00,1.10
2010.10.25 07:20:31.433,0.89231,0.89238,1.50,1.50
2010.10.25 07:20:32.335,0.89231,0.89239,1.50,2.60
2010.10.25 07:20:32.586,0.8923,0.89239,1.50,2.60
2010.10.25 07:20:33.436,0.8923,0.89239,1.50,1.10
2010.10.25 07:20:33.945,0.8923,0.89239,1.50,1.10
2010.10.25 07:20:34.710,0.8923,0.89239,1.50,1.10
2010.10.25 07:20:35.280,0.8923,0.89239,3.00,1.10
2010.10.25 07:20:35.849,0.8923,0.89239,1.50,1.10
2010.10.25 07:20:36.638,0.89229,0.89237,3.00,1.10
2010.10.25 07:20:37.094,0.89231,0.89239,1.50,1.10
2010.10.25 07:20:37.677,0.89231,0.89239,1.50,1.10
2010.10.25 07:20:38.543,0.89231,0.89239,1.50,1.10
2010.10.25 07:20:39.109,0.8923,0.89239,3.00,1.10
2010.10.25 07:20:39.677,0.8923,0.89239,3.00,1.10
2010.10.25 07:20:40.543,0.8923,0.89239,3.00,1.10
2010.10.25 07:20:41.148,0.8923,0.89239,1.50,1.10
2010.10.25 07:20:41.688,0.8923,0.89239,1.50,4.80
2010.10.25 07:20:42.473,0.89232,0.89239,1.50,1.10
2010.10.25 07:20:43.038,0.89231,0.89239,1.50,1.10
2010.10.25 07:20:43.580,0.89231,0.89239,1.50,1.10
2010.10.25 07:20:44.391,0.89231,0.89239,1.50,1.10
2010.10.25 07:20:44.935,0.89231,0.89238,1.50,1.10
2010.10.25 07:20:45.490,0.89231,0.89238,1.50,1.10
2010.10.25 07:20:46.391,0.89231,0.89238,1.50,1.10
2010.10.25 07:20:46.944,0.89231,0.89238,3.00,1.10
2010.10.25 07:20:47.448,0.89231,0.89238,3.00,1.10
2010.10.25 07:20:48.049,0.89231,0.89238,3.00,1.10
2010.10.25 07:20:48.580,0.89231,0.89238,3.00,1.10
2010.10.25 07:20:49.142,0.89231,0.89238,3.00,1.10
2010.10.25 07:20:49.674,0.89231,0.89238,3.00,1.10
2010.10.25 07:20:50.183,0.89231,0.89238,3.00,1.10
2010.10.25 07:20:50.761,0.89231,0.89238,3.00,1.10
2010.10.25 07:20:51.479,0.89231,0.89238,1.50,1.10
2010.10.25 07:20:51.965,0.89231,0.89238,3.00,1.10
2010.10.25 07:20:52.573,0.89231,0.89238,3.00,1.10
2010.10.25 07:20:53.125,0.89231,0.89238,3.00,1.10
2010.10.25 07:20:53.694,0.89231,0.89238,3.00,1.10
2010.10.25 07:20:54.454,0.89231,0.89238,2.30,1.10
2010.10.25 07:20:55.040,0.89231,0.89239,2.30,1.10
2010.10.25 07:20:55.620,0.89231,0.89239,2.30,1.10
2010.10.25 07:20:56.175,0.89232,0.8924,2.30,3.00
2010.10.25 07:20:56.782,0.89233,0.89241,2.30,1.80
2010.10.25 07:20:57.474,0.89233,0.89241,2.30,1.80
2010.10.25 07:20:58.219,0.89232,0.89238,2.30,1.10
2010.10.25 07:20:58.675,0.89231,0.89238,1.50,1.10
2010.10.25 07:20:59.235,0.89239,0.89244,1.10,1.50
2010.10.25 07:20:59.772,0.89237,0.89247,3.80,4.20
2010.10.25 07:21:00.565,0.89237,0.89248,5.30,1.90
2010.10.25 07:21:01.482,0.89242,0.89253,2.30,2.20
2010.10.25 07:21:02.357,0.89242,0.89252,2.30,1.50
2010.10.25 07:21:03.638,0.89243,0.89254,3.80,4.80
2010.10.25 07:21:03.758,0.89243,0.89254,5.30,1.80
2010.10.25 07:21:04.469,0.89244,0.89255,3.00,4.80
2010.10.25 07:21:05.318,0.89245,0.89255,1.50,4.50
2010.10.25 07:21:06.184,0.89242,0.89253,2.30,4.10
2010.10.25 07:21:06.646,0.89242,0.89249,1.50,2.30
2010.10.25 07:21:07.242,0.8924,0.8925,2.30,1.50
2010.10.25 07:21:07.935,0.8924,0.8925,2.30,1.50
2010.10.25 07:21:08.495,0.89239,0.89248,2.30,2.30
2010.10.25 07:21:09.106,0.89238,0.89248,3.00,2.30
2010.10.25 07:21:09.695,0.89238,0.89248,2.30,2.30
2010.10.25 07:21:10.276,0.8924,0.8925,3.00,1.50
2010.10.25 07:21:10.970,0.8924,0.8925,5.30,1.50
2010.10.25 07:21:11.534,0.8924,0.8925,5.30,1.50
2010.10.25 07:21:12.096,0.8924,0.8925,5.30,1.50
2010.10.25 07:21:12.868,0.8924,0.8925,5.30,1.50
2010.10.25 07:21:13.560,0.8924,0.8925,5.30,1.50
2010.10.25 07:21:14.175,0.8924,0.8925,5.30,1.50
2010.10.25 07:21:14.768,0.8924,0.8925,5.30,1.50
2010.10.25 07:21:15.334,0.8924,0.8925,3.00,1.50
2010.10.25 07:21:15.896,0.89239,0.89248,2.30,2.30
2010.10.25 07:21:16.490,0.8924,0.89249,1.50,2.30
2010.10.25 07:21:17.324,0.89238,0.89246,1.50,2.30
2010.10.25 07:21:17.802,0.89238,0.89246,1.50,2.30
2010.10.25 07:21:18.396,0.89238,0.89248,1.50,1.50
2010.10.25 07:21:19.069,0.89238,0.89246,1.50,2.30
2010.10.25 07:21:19.529,0.89237,0.89246,2.30,2.30
2010.10.25 07:21:20.094,0.89236,0.89245,1.50,2.30
2010.10.25 07:21:20.707,0.89235,0.89245,1.50,4.50
2010.10.25 07:21:21.174,0.89234,0.89243,2.30,2.30
2010.10.25 07:21:21.712,0.89234,0.89243,2.30,2.30
2010.10.25 07:21:22.296,0.89233,0.89242,2.30,2.30
2010.10.25 07:21:22.876,0.89233,0.89242,2.30,2.30
2010.10.25 07:21:23.647,0.89233,0.89243,2.30,3.80
2010.10.25 07:21:24.229,0.89235,0.89245,2.30,1.50
2010.10.25 07:21:24.787,0.89234,0.89245,3.00,3.80
2010.10.25 07:21:25.482,0.89234,0.89244,3.00,4.50
2010.10.25 07:21:25.937,0.89234,0.89243,3.00,2.30
2010.10.25 07:21:26.453,0.89233,0.89243,3.00,3.80
2010.10.25 07:21:27.232,0.89233,0.89243,2.30,1.50
2010.10.25 07:21:28.111,0.89236,0.89244,1.10,1.50
2010.10.25 07:21:28.662,0.89235,0.89244,2.30,2.30
2010.10.25 07:21:29.551,0.89235,0.89244,2.30,2.30
2010.10.25 07:21:30.008,0.89235,0.89244,2.30,2.30
2010.10.25 07:21:30.589,0.89236,0.89244,1.50,2.30
2010.10.25 07:21:31.419,0.89237,0.89247,1.50,2.30
2010.10.25 07:21:31.877,0.89236,0.89245,2.30,2.30
2010.10.25 07:21:32.445,0.89237,0.89248,2.30,4.50
2010.10.25 07:21:33.185,0.89237,0.89248,2.30,4.50
2010.10.25 07:21:33.747,0.89236,0.89247,5.30,1.50
2010.10.25 07:21:34.359,0.89236,0.89246,3.00,2.30
2010.10.25 07:21:35.010,0.89238,0.89248,2.30,2.30
2010.10.25 07:21:35.566,0.89238,0.89249,4.50,1.50
2010.10.25 07:21:36.151,0.89241,0.89249,2.30,1.50
2010.10.25 07:21:36.974,0.8924,0.89248,3.30,1.50
2010.10.25 07:21:37.856,0.89239,0.89249,6.80,1.50
2010.10.25 07:21:38.711,0.89241,0.89249,1.80,1.50
2010.10.25 07:21:38.953,0.89241,0.89249,1.80,1.50
2010.10.25 07:21:39.681,0.89241,0.89248,1.80,1.50
2010.10.25 07:21:40.417,0.89244,0.89251,1.10,1.50
2010.10.25 07:21:41.336,0.89241,0.89251,3.30,4.50
2010.10.25 07:21:41.799,0.89241,0.89251,3.30,4.50
2010.10.25 07:21:42.299,0.89241,0.89251,3.30,1.50
2010.10.25 07:21:43.153,0.89242,0.89251,1.10,1.50
2010.10.25 07:21:43.713,0.89242,0.89251,1.10,1.50
2010.10.25 07:21:44.299,0.89244,0.89251,1.10,1.50
2010.10.25 07:21:44.880,0.89246,0.89252,1.80,1.50
2010.10.25 07:21:45.437,0.89246,0.89253,1.10,2.30
2010.10.25 07:21:46.032,0.89246,0.89254,1.10,1.50
2010.10.25 07:21:46.821,0.89246,0.89254,1.10,1.50
2010.10.25 07:21:47.550,0.89244,0.89252,2.60,1.50
2010.10.25 07:21:48.007,0.89246,0.89253,1.10,1.50
2010.10.25 07:21:48.583,0.89246,0.89253,1.10,1.50
2010.10.25 07:21:49.359,0.89246,0.89252,1.10,1.50
2010.10.25 07:21:49.934,0.89246,0.89252,1.10,2.30
2010.10.25 07:21:50.503,0.89244,0.89252,1.80,2.30
2010.10.25 07:21:51.342,0.89244,0.89251,2.60,1.50
2010.10.25 07:21:51.910,0.89247,0.89252,1.10,2.30
2010.10.25 07:21:52.437,0.89244,0.8925,1.80,1.50
2010.10.25 07:21:53.184,0.89244,0.89251,1.80,2.70
2010.10.25 07:21:54.046,0.89244,0.89251,2.60,2.70
2010.10.25 07:21:54.616,0.89247,0.89252,1.10,2.30
2010.10.25 07:21:55.164,0.89246,0.89252,1.10,1.50
2010.10.25 07:21:55.892,0.89246,0.89252,1.10,1.50
2010.10.25 07:21:56.470,0.89246,0.89252,1.10,1.50
2010.10.25 07:21:56.980,0.89245,0.89251,1.10,1.50
2010.10.25 07:21:57.544,0.89244,0.89251,2.60,1.50
2010.10.25 07:21:58.087,0.89244,0.8925,2.60,1.50
2010.10.25 07:21:58.648,0.89245,0.89251,1.10,1.50
2010.10.25 07:21:59.219,0.89244,0.89251,1.50,2.30
2010.10.25 07:21:59.872,0.89237,0.89248,2.30,6.80
2010.10.25 07:22:00.782,0.89239,0.89249,1.50,4.20
2010.10.25 07:22:01.412,0.89242,0.89252,1.50,2.30
2010.10.25 07:22:02.302,0.89241,0.89251,2.30,2.70
2010.10.25 07:22:03.050,0.89241,0.89251,1.10,2.70
2010.10.25 07:22:03.616,0.8924,0.89251,5.30,2.70
2010.10.25 07:22:04.139,0.8924,0.89251,5.30,2.30
2010.10.25 07:22:04.715,0.8924,0.89251,4.50,2.30
2010.10.25 07:22:05.221,0.8924,0.89251,4.50,2.30
2010.10.25 07:22:05.706,0.89238,0.89242,6.00,3.80
2010.10.25 07:22:06.282,0.89237,0.89241,3.00,2.30
2010.10.25 07:22:06.953,0.89237,0.89241,5.70,3.00
2010.10.25 07:22:07.068,0.89241,0.8925,2.30,1.50
2010.10.25 07:22:07.650,0.89241,0.89249,1.10,1.50
2010.10.25 07:22:08.516,0.89243,0.89249,1.10,1.50
2010.10.25 07:22:09.331,0.8924,0.89248,2.30,1.10
2010.10.25 07:22:10.132,0.89239,0.89248,2.30,2.70
2010.10.25 07:22:10.703,0.89239,0.89248,2.30,2.30
2010.10.25 07:22:11.374,0.89239,0.8925,2.30,2.70
2010.10.25 07:22:12.261,0.89236,0.89241,1.80,3.80
2010.10.25 07:22:12.615,0.89238,0.89248,1.10,3.80
2010.10.25 07:22:13.176,0.89236,0.89248,3.80,4.90
2010.10.25 07:22:14.050,0.89236,0.89241,2.30,1.50
2010.10.25 07:22:14.253,0.89233,0.89239,2.30,1.10
2010.10.25 07:22:14.912,0.89229,0.89239,3.00,1.10
2010.10.25 07:22:15.620,0.89229,0.89239,1.50,5.30
2010.10.25 07:22:16.479,0.8923,0.89239,1.50,1.10
2010.10.25 07:22:17.351,0.8923,0.8924,1.50,5.60
2010.10.25 07:22:17.989,0.8923,0.8924,1.50,5.60
2010.10.25 07:22:18.551,0.8923,0.8924,1.50,5.60
2010.10.25 07:22:19.351,0.8923,0.8924,1.50,6.30
2010.10.25 07:22:19.916,0.89229,0.89239,2.30,3.30
2010.10.25 07:22:20.524,0.89229,0.89239,2.30,2.30
2010.10.25 07:22:21.348,0.89231,0.89241,4.90,1.50
2010.10.25 07:22:22.232,0.89235,0.89244,1.10,4.50
2010.10.25 07:22:22.687,0.89232,0.89243,4.50,2.30
2010.10.25 07:22:23.196,0.89235,0.89244,2.30,4.50
2010.10.25 07:22:23.911,0.89235,0.89244,2.30,2.30
2010.10.25 07:22:24.472,0.89234,0.89245,3.80,2.70
2010.10.25 07:22:24.992,0.89235,0.89245,2.30,2.70
2010.10.25 07:22:25.556,0.89241,0.89245,2.30,1.50
2010.10.25 07:22:26.015,0.89229,0.89235,1.50,4.80
2010.10.25 07:22:26.925,0.8923,0.8924,4.50,1.10
2010.10.25 07:22:27.707,0.89233,0.89243,1.50,2.30
2010.10.25 07:22:28.475,0.89239,0.89245,1.10,2.30
2010.10.25 07:22:29.027,0.89237,0.89243,8.70,1.10
2010.10.25 07:22:29.165,0.89232,0.89237,1.50,1.50
2010.10.25 07:22:29.947,0.89233,0.89238,1.50,4.80
2010.10.25 07:22:30.807,0.89227,0.89235,2.30,1.10
2010.10.25 07:22:31.332,0.89229,0.89235,1.50,1.10
2010.10.25 07:22:31.926,0.89228,0.89235,3.00,1.10
2010.10.25 07:22:32.734,0.8923,0.89236,1.50,1.50
2010.10.25 07:22:33.187,0.8923,0.89238,1.50,2.60
2010.10.25 07:22:33.721,0.89229,0.89236,2.30,1.80
2010.10.25 07:22:34.491,0.89229,0.89234,2.30,1.10
2010.10.25 07:22:35.354,0.89228,0.89234,1.50,1.10
2010.10.25 07:22:36.053,0.89225,0.89235,2.30,3.30
2010.10.25 07:22:36.764,0.89228,0.89235,1.50,1.10
2010.10.25 07:22:37.638,0.89228,0.89235,1.50,1.10
2010.10.25 07:22:37.891,0.8923,0.89236,2.30,1.80
2010.10.25 07:22:38.865,0.89231,0.89238,1.50,2.30
2010.10.25 07:22:38.988,0.89237,0.89246,3.30,1.50
2010.10.25 07:22:39.745,0.89237,0.89246,2.30,1.50
2010.10.25 07:22:40.313,0.89237,0.89247,2.30,2.30
2010.10.25 07:22:40.929,0.89238,0.89248,1.50,1.20
2010.10.25 07:22:41.732,0.89238,0.89249,3.80,4.50
2010.10.25 07:22:42.185,0.89238,0.89242,2.30,1.10
2010.10.25 07:22:42.775,0.89233,0.89241,1.50,1.50
2010.10.25 07:22:43.392,0.89233,0.89241,1.50,1.50
2010.10.25 07:22:43.955,0.89232,0.89241,2.30,4.80
2010.10.25 07:22:44.538,0.89232,0.89241,2.30,4.80
2010.10.25 07:22:45.046,0.89232,0.89241,2.30,4.80
2010.10.25 07:22:45.717,0.89232,0.89241,2.30,4.80
2010.10.25 07:22:46.515,0.89233,0.89241,2.30,1.80
2010.10.25 07:22:47.078,0.89233,0.89241,2.30,1.80
2010.10.25 07:22:47.654,0.89233,0.89241,2.30,1.80
2010.10.25 07:22:48.554,0.89232,0.89241,2.30,4.10
2010.10.25 07:22:49.016,0.89232,0.89241,8.70,3.80
2010.10.25 07:22:49.567,0.89235,0.89246,3.80,2.30
2010.10.25 07:22:50.238,0.89238,0.89247,2.30,2.30
2010.10.25 07:22:50.808,0.89238,0.89245,2.30,1.20
2010.10.25 07:22:51.361,0.89234,0.89244,1.50,3.00
2010.10.25 07:22:51.992,0.89234,0.89244,1.50,3.00
2010.10.25 07:22:52.888,0.89235,0.89246,2.30,2.30
2010.10.25 07:22:53.349,0.89236,0.89247,1.50,4.90
2010.10.25 07:22:53.946,0.89236,0.89247,1.50,4.90
2010.10.25 07:22:54.692,0.89239,0.89247,2.60,4.20
2010.10.25 07:22:55.541,0.89239,0.89248,4.80,1.50
2010.10.25 07:22:56.416,0.89235,0.89241,1.50,2.60
2010.10.25 07:22:56.654,0.89234,0.89241,1.50,3.30
2010.10.25 07:22:57.359,0.89233,0.89241,1.50,3.30
2010.10.25 07:22:57.871,0.89233,0.89241,1.50,3.30
2010.10.25 07:22:58.427,0.89233,0.8924,1.50,1.10
2010.10.25 07:22:59.341,0.89234,0.8924,3.00,1.10
2010.10.25 07:22:59.461,0.8924,0.89247,2.30,1.50
2010.10.25 07:23:00.051,0.89242,0.89251,2.60,1.50
2010.10.25 07:23:00.510,0.89244,0.89253,2.30,2.60
2010.10.25 07:23:01.106,0.89244,0.89253,2.30,2.60
2010.10.25 07:23:01.800,0.89244,0.89253,2.30,2.60
2010.10.25 07:23:02.597,0.89244,0.89253,2.30,1.80
2010.10.25 07:23:03.168,0.89243,0.89253,3.80,2.30
2010.10.25 07:23:03.710,0.89243,0.89253,3.80,2.30
2010.10.25 07:23:04.505,0.89244,0.89254,1.50,3.70
2010.10.25 07:23:04.952,0.89243,0.89253,3.80,2.30
2010.10.25 07:23:05.482,0.89243,0.89253,3.80,2.30
2010.10.25 07:23:06.042,0.89243,0.89253,1.50,2.30
2010.10.25 07:23:06.560,0.89243,0.89253,1.50,2.30
2010.10.25 07:23:07.215,0.89243,0.89253,1.50,2.30
2010.10.25 07:23:07.889,0.89243,0.89253,1.50,2.30
2010.10.25 07:23:08.759,0.89242,0.89252,1.50,3.40
2010.10.25 07:23:09.553,0.89244,0.89254,2.30,3.40
2010.10.25 07:23:10.464,0.89244,0.89254,1.50,5.30
2010.10.25 07:23:10.757,0.89244,0.89254,1.50,5.60
2010.10.25 07:23:11.458,0.89244,0.89254,1.50,5.30
2010.10.25 07:23:11.911,0.89246,0.89254,1.50,2.30
2010.10.25 07:23:12.501,0.89246,0.89256,1.50,2.70
2010.10.25 07:23:13.391,0.89246,0.89256,1.50,2.70
2010.10.25 07:23:13.965,0.89247,0.89256,2.30,1.20
2010.10.25 07:23:14.490,0.89247,0.89256,2.30,1.20
2010.10.25 07:23:15.056,0.89247,0.89256,2.30,2.70
2010.10.25 07:23:15.650,0.89247,0.89256,2.30,2.70
2010.10.25 07:23:16.205,0.89247,0.89256,2.30,2.70
2010.10.25 07:23:16.724,0.89246,0.89254,2.30,1.20
2010.10.25 07:23:17.416,0.89245,0.89253,2.30,1.20
2010.10.25 07:23:17.984,0.89244,0.89253,3.80,1.20
2010.10.25 07:23:18.553,0.89243,0.89253,1.80,2.70
2010.10.25 07:23:19.248,0.89243,0.89254,1.80,7.20
2010.10.25 07:23:20.035,0.89241,0.89251,2.30,6.40
2010.10.25 07:23:20.276,0.89239,0.89248,1.50,3.40
2010.10.25 07:23:20.929,0.89237,0.89247,1.50,3.00
2010.10.25 07:23:21.510,0.89239,0.89248,1.50,1.20
2010.10.25 07:23:22.015,0.89239,0.89248,1.50,1.20
2010.10.25 07:23:22.841,0.89239,0.89248,1.50,1.20
2010.10.25 07:23:23.423,0.89236,0.89245,1.50,1.20
2010.10.25 07:23:23.951,0.89236,0.89245,1.50,1.20
2010.10.25 07:23:24.710,0.89237,0.89247,3.80,1.20
2010.10.25 07:23:25.578,0.89237,0.89246,2.30,1.10
2010.10.25 07:23:26.151,0.89235,0.89245,3.80,1.20
2010.10.25 07:23:26.715,0.89235,0.89244,3.80,1.20
2010.10.25 07:23:27.531,0.89235,0.89244,1.50,1.20
2010.10.25 07:23:28.119,0.89237,0.89247,1.50,5.70
2010.10.25 07:23:28.721,0.89239,0.89248,1.50,1.50
2010.10.25 07:23:29.472,0.89239,0.89248,1.50,1.50
2010.10.25 07:23:30.007,0.89239,0.89248,1.50,1.50
2010.10.25 07:23:30.548,0.8924,0.89249,1.80,1.90
2010.10.25 07:23:31.398,0.89244,0.89252,1.10,2.30
2010.10.25 07:23:31.904,0.89244,0.89252,1.10,4.50
2010.10.25 07:23:32.486,0.89242,0.89252,4.10,2.30
2010.10.25 07:23:33.086,0.89242,0.89252,3.80,3.40
2010.10.25 07:23:33.624,0.89242,0.89252,3.80,3.40
2010.10.25 07:23:34.195,0.89242,0.89251,2.30,3.00
2010.10.25 07:23:34.761,0.89241,0.8925,1.50,1.50
2010.10.25 07:23:35.636,0.89241,0.8925,1.50,1.80
2010.10.25 07:23:36.208,0.89242,0.89251,1.10,6.00
2010.10.25 07:23:36.723,0.89242,0.89251,1.10,2.30
2010.10.25 07:23:37.523,0.89241,0.89251,4.80,2.30
2010.10.25 07:23:38.352,0.89241,0.89251,5.60,1.50
2010.10.25 07:23:39.261,0.89241,0.89251,5.60,1.50
2010.10.25 07:23:40.154,0.89241,0.89251,3.80,4.10
2010.10.25 07:23:41.036,0.89241,0.89251,1.80,6.30
2010.10.25 07:23:41.608,0.89241,0.8925,1.80,1.20
2010.10.25 07:23:42.133,0.89241,0.8925,1.80,1.20
2010.10.25 07:23:42.666,0.89241,0.8925,1.80,1.20
2010.10.25 07:23:43.343,0.89241,0.8925,1.80,1.20
2010.10.25 07:23:44.074,0.89241,0.8925,1.80,1.20
2010.10.25 07:23:44.652,0.89241,0.8925,1.80,1.20
2010.10.25 07:23:45.202,0.89242,0.8925,1.10,1.20
2010.10.25 07:23:45.893,0.89242,0.89252,2.60,2.70
2010.10.25 07:23:46.470,0.89243,0.89253,1.50,2.30
2010.10.25 07:23:47.040,0.89243,0.89253,1.50,2.30
2010.10.25 07:23:47.754,0.89245,0.89254,1.50,2.30
2010.10.25 07:23:48.207,0.89244,0.89254,1.50,3.80
2010.10.25 07:23:48.785,0.89244,0.89253,1.50,1.20
2010.10.25 07:23:49.360,0.89244,0.89253,1.50,1.20
2010.10.25 07:23:49.927,0.89244,0.89253,1.50,1.20
2010.10.25 07:23:50.663,0.89245,0.89253,1.50,1.20
2010.10.25 07:23:51.570,0.89246,0.89255,1.50,2.20
2010.10.25 07:23:51.686,0.8925,0.89256,1.50,1.50
2010.10.25 07:23:52.321,0.89251,0.89261,1.50,2.60
2010.10.25 07:23:53.079,0.89251,0.8926,2.30,4.10
2010.10.25 07:23:53.896,0.89251,0.89259,2.30,1.80
2010.10.25 07:23:54.469,0.89252,0.8926,3.00,3.00
2010.10.25 07:23:55.029,0.89253,0.89261,2.30,1.80
2010.10.25 07:23:55.755,0.89258,0.89266,3.00,1.50
2010.10.25 07:23:56.215,0.8926,0.89269,3.00,3.30
2010.10.25 07:23:56.738,0.8926,0.89268,2.30,1.10
2010.10.25 07:23:57.521,0.89259,0.89269,3.00,4.10
2010.10.25 07:23:58.403,0.89261,0.8927,2.30,3.30
2010.10.25 07:23:58.641,0.89261,0.8927,2.30,1.80
2010.10.25 07:23:59.333,0.89261,0.8927,2.30,1.80
2010.10.25 07:24:00.225,0.89263,0.8927,3.00,1.10
2010.10.25 07:24:00.464,0.89263,0.8927,3.00,1.10
2010.10.25 07:24:01.169,0.89263,0.8927,3.00,1.10
2010.10.25 07:24:01.656,0.8927,0.89276,1.50,4.80
2010.10.25 07:24:02.171,0.89269,0.89277,1.80,1.50
2010.10.25 07:24:02.979,0.89269,0.89276,3.00,1.10
2010.10.25 07:24:03.549,0.89268,0.89276,1.50,1.50
2010.10.25 07:24:04.075,0.89268,0.89277,1.50,1.50
2010.10.25 07:24:04.958,0.89266,0.89276,4.50,3.80
2010.10.25 07:24:05.523,0.89266,0.89275,2.30,1.80
2010.10.25 07:24:06.067,0.89268,0.89276,1.50,3.00
2010.10.25 07:24:06.852,0.89266,0.89276,2.30,6.00
2010.10.25 07:24:07.651,0.89268,0.89277,1.50,1.50
2010.10.25 07:24:08.145,0.89268,0.89277,1.50,1.50
2010.10.25 07:24:08.659,0.89268,0.89277,1.50,1.50
2010.10.25 07:24:09.532,0.89268,0.89277,1.50,1.50
2010.10.25 07:24:10.333,0.89268,0.89277,1.50,1.50
2010.10.25 07:24:11.176,0.89267,0.89278,3.00,3.80
2010.10.25 07:24:11.628,0.89267,0.89278,3.00,3.80
2010.10.25 07:24:12.188,0.89267,0.89278,3.00,3.80
2010.10.25 07:24:12.888,0.89267,0.89278,3.00,3.80
2010.10.25 07:24:13.815,0.89268,0.89278,1.50,1.50
2010.10.25 07:24:14.782,0.8927,0.89279,1.50,3.30
2010.10.25 07:24:15.245,0.89267,0.89277,5.30,1.50
2010.10.25 07:24:15.854,0.89268,0.89277,1.50,1.50
2010.10.25 07:24:16.523,0.89268,0.89279,5.30,2.60
2010.10.25 07:24:17.417,0.89268,0.89279,3.00,4.80
2010.10.25 07:24:18.224,0.89267,0.89277,2.30,1.50
2010.10.25 07:24:18.710,0.89265,0.89274,1.80,1.50
2010.10.25 07:24:19.274,0.89263,0.89273,2.30,4.80
2010.10.25 07:24:19.939,0.89262,0.89272,4.50,1.80
2010.10.25 07:24:20.516,0.89263,0.89272,1.50,1.50
2010.10.25 07:24:21.087,0.89263,0.89273,2.30,1.50
2010.10.25 07:24:21.762,0.89262,0.89272,3.00,4.10
2010.10.25 07:24:22.665,0.89258,0.89269,3.30,3.80
2010.10.25 07:24:23.228,0.89258,0.89267,1.50,3.80
2010.10.25 07:24:23.825,0.89257,0.89267,2.30,3.80
2010.10.25 07:24:24.716,0.89256,0.89266,2.30,1.50
2010.10.25 07:24:25.285,0.89255,0.89265,3.00,1.50
2010.10.25 07:24:25.821,0.89256,0.89266,2.30,3.80
2010.10.25 07:24:26.681,0.89256,0.89266,1.50,3.80
2010.10.25 07:24:27.355,0.8926,0.89267,1.50,1.50
2010.10.25 07:24:27.819,0.89259,0.89269,1.50,4.50
2010.10.25 07:24:28.376,0.89259,0.89266,1.50,2.30
2010.10.25 07:24:29.085,0.89258,0.89263,1.50,2.30
2010.10.25 07:24:29.557,0.89257,0.89265,1.50,2.30
2010.10.25 07:24:30.132,0.89259,0.89267,2.30,1.50
2010.10.25 07:24:30.884,0.89256,0.89264,1.80,2.30
2010.10.25 07:24:31.819,0.89253,0.89262,1.50,2.30
2010.10.25 07:24:32.278,0.89253,0.89263,1.50,4.90
2010.10.25 07:24:32.856,0.89252,0.89262,1.80,2.30
2010.10.25 07:24:33.747,0.89254,0.89263,1.50,3.40
2010.10.25 07:24:34.654,0.89252,0.89262,2.60,3.80
2010.10.25 07:24:35.124,0.89255,0.89264,1.10,4.50
2010.10.25 07:24:35.733,0.89254,0.89264,1.50,4.50
2010.10.25 07:24:36.490,0.89253,0.89262,1.50,2.30
2010.10.25 07:24:37.363,0.89251,0.89261,3.30,1.50
2010.10.25 07:24:37.584,0.89251,0.89261,3.30,1.50
2010.10.25 07:24:38.302,0.89251,0.8926,1.10,1.50
2010.10.25 07:24:38.880,0.89251,0.8926,1.10,2.30
2010.10.25 07:24:39.414,0.89253,0.89262,2.20,1.20
2010.10.25 07:24:40.316,0.89257,0.89268,2.30,4.20
2010.10.25 07:24:40.989,0.89258,0.89267,1.50,3.40
2010.10.25 07:24:41.686,0.8926,0.89269,2.30,2.70
2010.10.25 07:24:42.519,0.8926,0.89269,2.30,1.50
2010.10.25 07:24:43.324,0.8926,0.89269,2.30,1.50
2010.10.25 07:24:44.257,0.89262,0.89271,2.30,1.50
2010.10.25 07:24:45.129,0.89263,0.89273,4.50,1.50
2010.10.25 07:24:45.908,0.89265,0.89275,3.00,1.50
2010.10.25 07:24:46.723,0.89266,0.89276,3.00,3.80
2010.10.25 07:24:47.506,0.89267,0.89276,1.50,1.50
2010.10.25 07:24:47.967,0.89267,0.89276,1.50,1.50
2010.10.25 07:24:48.550,0.89268,0.89276,2.30,1.50
2010.10.25 07:24:49.259,0.89268,0.89276,2.30,1.50
2010.10.25 07:24:49.706,0.89268,0.89276,1.50,1.50
2010.10.25 07:24:50.303,0.89268,0.89277,1.50,1.50
2010.10.25 07:24:50.965,0.89268,0.89277,1.50,1.50
2010.10.25 07:24:51.849,0.89269,0.89278,3.80,2.60
2010.10.25 07:24:52.088,0.89272,0.8928,1.50,2.30
2010.10.25 07:24:52.742,0.89272,0.89278,3.00,1.10
2010.10.25 07:24:53.636,0.89272,0.89279,2.30,1.10
2010.10.25 07:24:54.196,0.89271,0.89279,3.00,2.60
2010.10.25 07:24:54.808,0.89271,0.8928,2.30,2.60
2010.10.25 07:24:55.560,0.89271,0.8928,3.00,2.60
2010.10.25 07:24:56.132,0.89272,0.8928,2.30,3.30
2010.10.25 07:24:56.692,0.89267,0.89274,2.30,2.60
2010.10.25 07:24:57.561,0.89271,0.89279,2.30,1.10
2010.10.25 07:24:58.134,0.8927,0.8928,3.00,2.60
2010.10.25 07:24:58.712,0.89271,0.8928,2.30,3.30
2010.10.25 07:24:59.447,0.89271,0.8928,3.00,3.30
2010.10.25 07:25:00.172,0.89273,0.89281,2.30,1.50
2010.10.25 07:25:01.070,0.8927,0.89278,2.30,1.10
2010.10.25 07:25:01.891,0.89269,0.89278,2.30,2.60
2010.10.25 07:25:02.613,0.89265,0.89275,2.30,2.70
2010.10.25 07:25:03.074,0.89267,0.89276,2.60,4.90
2010.10.25 07:25:03.670,0.89265,0.89275,2.30,2.30
2010.10.25 07:25:04.262,0.89265,0.89275,2.30,4.50
2010.10.25 07:25:04.701,0.89265,0.89275,2.60,4.50
2010.10.25 07:25:05.323,0.89267,0.89275,1.10,4.50
2010.10.25 07:25:06.184,0.89265,0.89275,2.30,4.90
2010.10.25 07:25:06.845,0.8927,0.89276,2.30,1.50
2010.10.25 07:25:07.318,0.89269,0.89278,2.30,2.60
2010.10.25 07:25:07.924,0.89269,0.89279,3.00,4.10
2010.10.25 07:25:08.567,0.89269,0.89279,3.00,1.80
2010.10.25 07:25:09.129,0.89268,0.89278,6.00,1.80
2010.10.25 07:25:09.693,0.89268,0.89277,1.50,1.50
2010.10.25 07:25:10.510,0.89268,0.89277,1.50,1.50
2010.10.25 07:25:10.772,0.89268,0.89278,3.80,4.10
2010.10.25 07:25:11.466,0.8927,0.8928,1.50,4.80
2010.10.25 07:25:11.923,0.8927,0.8928,3.00,4.80
2010.10.25 07:25:12.523,0.89271,0.8928,2.30,3.30
2010.10.25 07:25:13.254,0.89271,0.8928,2.30,3.30
2010.10.25 07:25:14.285,0.8927,0.8928,3.00,4.80
2010.10.25 07:25:14.405,0.89271,0.8928,2.30,3.30
2010.10.25 07:25:15.113,0.8927,0.8928,3.00,4.80
2010.10.25 07:25:15.576,0.89273,0.89281,1.50,4.80
2010.10.25 07:25:16.161,0.89272,0.89281,3.00,4.80
2010.10.25 07:25:16.781,0.89272,0.8928,3.00,1.10
2010.10.25 07:25:17.353,0.89272,0.8928,3.00,1.10
2010.10.25 07:25:17.912,0.89272,0.8928,3.00,1.10
2010.10.25 07:25:18.808,0.89274,0.89281,2.30,1.80
2010.10.25 07:25:19.677,0.89274,0.89281,2.30,1.80
2010.10.25 07:25:19.923,0.89274,0.89281,2.30,1.80
2010.10.25 07:25:20.640,0.89273,0.89278,2.30,1.10
2010.10.25 07:25:21.095,0.89273,0.89279,1.50,1.10
2010.10.25 07:25:21.677,0.89272,0.8928,2.30,1.10
2010.10.25 07:25:22.359,0.89272,0.8928,2.30,1.10
2010.10.25 07:25:22.939,0.89273,0.89281,1.50,4.80
2010.10.25 07:25:23.544,0.89273,0.89281,1.50,4.80
2010.10.25 07:25:24.400,0.89273,0.89281,1.50,4.80
2010.10.25 07:25:24.965,0.89273,0.89281,1.50,4.80
2010.10.25 07:25:25.505,0.89273,0.89281,1.50,4.80
2010.10.25 07:25:26.431,0.89273,0.89281,1.50,4.80
2010.10.25 07:25:27.306,0.89274,0.89281,3.00,2.60
2010.10.25 07:25:27.877,0.89275,0.89281,2.30,1.80
2010.10.25 07:25:28.493,0.89276,0.89282,1.50,3.30
2010.10.25 07:25:29.254,0.89275,0.89281,1.50,1.80
2010.10.25 07:25:29.814,0.89275,0.89281,1.50,1.80
2010.10.25 07:25:30.375,0.89273,0.89279,2.30,1.10
2010.10.25 07:25:30.946,0.89273,0.89279,2.30,1.10
2010.10.25 07:25:31.549,0.89275,0.89281,2.30,2.60
2010.10.25 07:25:32.231,0.89274,0.89281,1.50,1.80
2010.10.25 07:25:32.810,0.89272,0.89278,3.00,1.10
2010.10.25 07:25:33.368,0.89272,0.89278,1.50,1.10
2010.10.25 07:25:34.147,0.89272,0.89278,1.50,1.10
2010.10.25 07:25:34.728,0.89272,0.89279,2.30,1.10
2010.10.25 07:25:35.246,0.89273,0.89281,2.30,5.60
2010.10.25 07:25:35.815,0.89273,0.89281,2.30,5.60
2010.10.25 07:25:36.413,0.89273,0.89281,2.30,5.60
2010.10.25 07:25:37.259,0.89272,0.89281,2.30,5.60
2010.10.25 07:25:37.904,0.89272,0.89281,2.30,5.60
2010.10.25 07:25:38.486,0.89273,0.89281,2.30,3.30
2010.10.25 07:25:39.185,0.89273,0.89281,2.30,3.30
2010.10.25 07:25:39.765,0.89273,0.89281,2.30,3.30
2010.10.25 07:25:40.384,0.89273,0.89281,2.30,3.30
2010.10.25 07:25:41.257,0.89274,0.89281,1.50,2.30
2010.10.25 07:25:41.707,0.89273,0.89281,1.50,2.30
2010.10.25 07:25:42.218,0.89272,0.89281,2.30,1.80
2010.10.25 07:25:42.795,0.89272,0.89281,2.30,1.80
2010.10.25 07:25:43.334,0.89272,0.89281,2.30,1.80
2010.10.25 07:25:44.117,0.89272,0.89281,2.30,1.80
2010.10.25 07:25:44.791,0.89272,0.8928,2.30,1.10
2010.10.25 07:25:45.315,0.89272,0.8928,2.30,1.10
2010.10.25 07:25:46.120,0.89272,0.8928,2.30,1.10
2010.10.25 07:25:46.698,0.89272,0.8928,2.30,1.10
2010.10.25 07:25:47.224,0.89272,0.8928,2.30,1.10
2010.10.25 07:25:48.123,0.89272,0.8928,4.50,1.10
2010.10.25 07:25:48.677,0.89272,0.8928,2.30,1.10
2010.10.25 07:25:49.286,0.89272,0.89279,2.30,1.10
2010.10.25 07:25:49.980,0.89271,0.89279,1.50,1.10
2010.10.25 07:25:50.868,0.89268,0.89277,1.50,1.50
2010.10.25 07:25:51.744,0.89269,0.89278,1.50,1.80
2010.10.25 07:25:52.314,0.89268,0.89278,3.00,1.80
2010.10.25 07:25:52.829,0.89268,0.89278,3.00,1.80
2010.10.25 07:25:53.655,0.89269,0.89278,1.50,4.10
2010.10.25 07:25:54.606,0.89268,0.89278,3.00,4.10
2010.10.25 07:25:55.075,0.8927,0.89279,1.50,1.80
2010.10.25 07:25:55.673,0.8927,0.89279,1.50,4.10
2010.10.25 07:25:56.301,0.8927,0.89279,3.00,2.60
2010.10.25 07:25:56.858,0.8927,0.89279,1.50,4.10
2010.10.25 07:25:57.452,0.89267,0.89276,4.50,1.50
2010.10.25 07:25:58.194,0.89267,0.89277,4.50,3.00
2010.10.25 07:25:58.758,0.89267,0.89276,2.30,1.80
2010.10.25 07:25:59.322,0.89266,0.89276,3.00,5.60
2010.10.25 07:26:00.231,0.89266,0.89276,3.00,5.60
2010.10.25 07:26:00.809,0.89267,0.89276,1.50,5.60
2010.10.25 07:26:01.417,0.89266,0.89276,2.30,5.60
2010.10.25 07:26:02.196,0.89268,0.89277,1.80,3.80
2010.10.25 07:26:03.007,0.89268,0.89277,1.50,1.50
2010.10.25 07:26:03.484,0.89268,0.89278,3.00,1.50
2010.10.25 07:26:04.081,0.89267,0.89277,2.30,1.50
2010.10.25 07:26:04.947,0.89267,0.89277,2.30,1.50
2010.10.25 07:26:05.504,0.89267,0.89277,2.30,1.50
2010.10.25 07:26:06.088,0.89267,0.89277,2.30,1.50
2010.10.25 07:26:06.797,0.89267,0.89277,2.30,1.50
2010.10.25 07:26:07.686,0.89267,0.89277,2.30,1.50
2010.10.25 07:26:08.339,0.89268,0.89278,2.30,4.10
2010.10.25 07:26:08.883,0.89268,0.89278,2.30,4.10
2010.10.25 07:26:09.675,0.89268,0.89278,2.30,4.10
2010.10.25 07:26:10.240,0.89267,0.89277,2.30,1.50
2010.10.25 07:26:10.851,0.89267,0.89277,2.30,1.50
2010.10.25 07:26:11.409,0.89268,0.89278,3.00,4.10
2010.10.25 07:26:11.920,0.89268,0.89278,2.30,4.10
2010.10.25 07:26:12.681,0.8927,0.89279,1.50,3.30
2010.10.25 07:26:13.254,0.89273,0.89281,1.50,4.10
2010.10.25 07:26:13.818,0.89273,0.89281,1.50,4.10
2010.10.25 07:26:14.557,0.89273,0.89281,1.50,4.10
2010.10.25 07:26:15.404,0.8927,0.89277,1.10,1.50
2010.10.25 07:26:15.860,0.89265,0.89275,2.60,2.60
2010.10.25 07:26:16.450,0.89265,0.89274,1.80,1.10
2010.10.25 07:26:17.323,0.89265,0.89274,1.80,1.10
2010.10.25 07:26:17.885,0.89265,0.89274,1.80,1.10
2010.10.25 07:26:18.477,0.89264,0.89274,4.80,2.60
2010.10.25 07:26:19.163,0.89264,0.89274,4.80,2.60
2010.10.25 07:26:19.735,0.89264,0.89274,4.80,2.60
2010.10.25 07:26:20.297,0.89266,0.89275,1.50,3.70
2010.10.25 07:26:21.022,0.89266,0.89276,1.50,7.10
2010.10.25 07:26:21.587,0.89266,0.89276,2.30,6.30
2010.10.25 07:26:22.096,0.89265,0.89275,1.80,2.60
2010.10.25 07:26:22.962,0.89265,0.89275,1.80,3.30
2010.10.25 07:26:23.514,0.89265,0.89274,1.50,4.80
2010.10.25 07:26:24.122,0.89264,0.89273,1.50,1.80
2010.10.25 07:26:24.905,0.89264,0.89273,1.50,1.80
2010.10.25 07:26:25.467,0.89264,0.89273,1.50,1.80
2010.10.25 07:26:25.975,0.89264,0.89273,1.50,1.80
2010.10.25 07:26:26.647,0.89264,0.89273,1.50,1.80
2010.10.25 07:26:27.166,0.89264,0.89273,1.50,1.80
2010.10.25 07:26:27.829,0.89264,0.89273,1.50,1.80
2010.10.25 07:26:28.406,0.89264,0.89273,1.50,1.80
2010.10.25 07:26:29.046,0.89264,0.89273,1.50,1.80
2010.10.25 07:26:29.630,0.89264,0.89273,1.50,1.80
2010.10.25 07:26:30.402,0.89264,0.89273,1.50,1.80
2010.10.25 07:26:31.058,0.89264,0.89273,1.50,1.80
2010.10.25 07:26:31.650,0.89264,0.89272,1.50,1.50
2010.10.25 07:26:32.397,0.89264,0.89272,1.50,1.50
2010.10.25 07:26:32.969,0.89264,0.89272,1.50,1.50
2010.10.25 07:26:33.617,0.89264,0.89272,1.50,1.50
2010.10.25 07:26:34.177,0.89264,0.89273,1.50,1.80
2010.10.25 07:26:34.743,0.89264,0.89273,2.30,1.80
2010.10.25 07:26:35.498,0.89264,0.89273,2.30,1.80
2010.10.25 07:26:36.066,0.89264,0.89272,2.30,1.50
2010.10.25 07:26:36.612,0.89264,0.89273,2.30,1.80
2010.10.25 07:26:37.326,0.89264,0.89273,2.30,2.60
2010.10.25 07:26:37.791,0.89261,0.89266,1.50,2.60
2010.10.25 07:26:38.303,0.8926,0.89266,2.30,2.60
2010.10.25 07:26:39.195,0.89261,0.89266,1.50,2.60
2010.10.25 07:26:40.088,0.89259,0.89266,3.00,2.60
2010.10.25 07:26:40.927,0.89257,0.89266,3.30,1.80
2010.10.25 07:26:41.765,0.89262,0.8927,2.30,1.10
2010.10.25 07:26:42.540,0.89261,0.89268,2.30,1.10
2010.10.25 07:26:43.396,0.89262,0.89271,2.30,4.80
2010.10.25 07:26:44.244,0.89262,0.8927,2.30,1.10
2010.10.25 07:26:44.687,0.89262,0.8927,2.30,1.10
2010.10.25 07:26:45.124,0.89262,0.89268,2.30,1.10
2010.10.25 07:26:46.011,0.89261,0.89266,2.30,1.10
2010.10.25 07:26:46.901,0.89263,0.8927,1.50,1.10
2010.10.25 07:26:47.585,0.89263,0.8927,1.50,1.10
2010.10.25 07:26:48.435,0.89264,0.8927,1.50,1.10
2010.10.25 07:26:49.102,0.89263,0.89271,1.50,2.60
2010.10.25 07:26:49.971,0.89263,0.89271,1.50,2.60
2010.10.25 07:26:50.808,0.89261,0.89267,2.30,1.10
2010.10.25 07:26:51.262,0.89262,0.8927,1.50,1.80
2010.10.25 07:26:51.881,0.89262,0.89269,1.50,1.10
2010.10.25 07:26:52.596,0.89262,0.89269,1.50,1.10
2010.10.25 07:26:53.803,0.89262,0.89269,1.50,1.10
2010.10.25 07:26:53.926,0.89263,0.89269,1.50,1.10
2010.10.25 07:26:54.614,0.89265,0.89273,2.30,2.30
2010.10.25 07:26:55.069,0.89269,0.89279,5.30,3.30
2010.10.25 07:26:55.655,0.89269,0.89279,4.50,2.30
2010.10.25 07:26:56.238,0.89269,0.89279,4.50,2.30
2010.10.25 07:26:57.145,0.89271,0.89279,1.50,3.30
2010.10.25 07:26:57.998,0.89269,0.89279,5.30,1.80
2010.10.25 07:26:58.572,0.89269,0.89279,2.30,1.80
2010.10.25 07:26:59.171,0.89269,0.89279,3.00,1.80
2010.10.25 07:26:59.987,0.8927,0.89279,3.00,1.80
2010.10.25 07:27:00.739,0.8927,0.8928,2.30,4.10
2010.10.25 07:27:00.994,0.8927,0.8928,4.50,3.30
2010.10.25 07:27:01.657,0.8927,0.8928,4.50,3.30
2010.10.25 07:27:02.256,0.89269,0.89279,5.30,1.80
2010.10.25 07:27:02.823,0.8927,0.89279,3.00,1.10
2010.10.25 07:27:03.486,0.8927,0.8928,2.30,3.30
2010.10.25 07:27:04.390,0.89271,0.89279,3.00,1.10
2010.10.25 07:27:04.960,0.89271,0.89278,3.00,1.10
2010.10.25 07:27:05.518,0.89273,0.8928,2.30,1.80
2010.10.25 07:27:05.992,0.89274,0.89281,3.00,1.80
2010.10.25 07:27:06.600,0.89278,0.89284,1.50,1.10
2010.10.25 07:27:07.376,0.89278,0.89285,2.30,1.10
2010.10.25 07:27:08.280,0.89278,0.89283,2.30,1.10
2010.10.25 07:27:09.141,0.8928,0.89286,1.50,1.80
2010.10.25 07:27:09.389,0.8928,0.89285,3.00,1.10
2010.10.25 07:27:09.948,0.8928,0.89285,1.50,1.10
2010.10.25 07:27:10.830,0.89288,0.89296,1.50,2.90
2010.10.25 07:27:11.592,0.8929,0.89299,1.50,2.60
2010.10.25 07:27:12.060,0.89289,0.89295,1.50,1.10
2010.10.25 07:27:12.633,0.89289,0.89297,1.50,1.10
2010.10.25 07:27:13.355,0.89293,0.89299,2.30,1.10
2010.10.25 07:27:13.823,0.89304,0.89309,1.50,27.90
2010.10.25 07:27:14.403,0.89301,0.89305,3.80,1.10
2010.10.25 07:27:15.071,0.89306,0.89311,1.50,3.20
2010.10.25 07:27:15.630,0.89304,0.89311,3.00,2.50
2010.10.25 07:27:16.198,0.89302,0.89311,8.70,2.50
2010.10.25 07:27:16.788,0.89308,0.89313,1.50,1.70
2010.10.25 07:27:17.483,0.89308,0.89315,1.50,3.30
2010.10.25 07:27:18.012,0.89308,0.89316,1.50,2.60
2010.10.25 07:27:18.565,0.89306,0.89315,3.00,1.10
2010.10.25 07:27:19.264,0.89306,0.89315,3.00,1.10
2010.10.25 07:27:20.119,0.89297,0.89301,3.80,2.60
2010.10.25 07:27:20.940,0.893,0.89306,2.30,4.50
2010.10.25 07:27:21.191,0.89301,0.8931,3.80,2.60
2010.10.25 07:27:21.752,0.89301,0.89311,5.30,1.10
2010.10.25 07:27:22.640,0.89302,0.8931,1.50,1.10
2010.10.25 07:27:22.984,0.89294,0.89302,8.10,1.10
2010.10.25 07:27:23.927,0.89299,0.89304,3.00,5.70
2010.10.25 07:27:24.578,0.89292,0.89299,2.30,1.10
2010.10.25 07:27:25.438,0.89291,0.89297,2.30,1.10
2010.10.25 07:27:26.276,0.89292,0.89299,1.50,1.80
2010.10.25 07:27:26.728,0.89292,0.89299,1.50,1.80
2010.10.25 07:27:27.339,0.8929,0.89297,3.80,1.10
2010.10.25 07:27:28.539,0.8929,0.89295,1.50,1.10
2010.10.25 07:27:29.310,0.89287,0.89295,3.00,1.10
2010.10.25 07:27:29.876,0.89287,0.89295,3.00,3.30
2010.10.25 07:27:30.383,0.89287,0.89294,3.00,2.30
2010.10.25 07:27:31.207,0.89287,0.89294,3.00,2.60
2010.10.25 07:27:31.708,0.89287,0.89294,3.00,2.60
2010.10.25 07:27:32.344,0.89288,0.89296,2.60,2.30
2010.10.25 07:27:33.197,0.89293,0.89298,1.50,4.50
2010.10.25 07:27:34.089,0.89292,0.89297,1.50,2.30
2010.10.25 07:27:34.331,0.89292,0.89296,1.50,2.30
2010.10.25 07:27:34.668,0.89292,0.89302,3.80,1.50
2010.10.25 07:27:35.243,0.89292,0.89303,3.80,1.80
2010.10.25 07:27:35.943,0.89292,0.89303,3.00,4.10
2010.10.25 07:27:36.879,0.89291,0.89301,1.50,3.80
2010.10.25 07:27:37.336,0.89293,0.89304,2.30,5.60
2010.10.25 07:27:37.959,0.893,0.8931,1.50,4.50
2010.10.25 07:27:38.535,0.89302,0.8931,1.50,1.50
2010.10.25 07:27:39.336,0.89303,0.89311,1.50,1.50
2010.10.25 07:27:40.223,0.89303,0.89312,1.50,1.80
2010.10.25 07:27:40.773,0.89303,0.89312,1.50,1.80
2010.10.25 07:27:41.339,0.89303,0.89311,1.50,1.50
2010.10.25 07:27:41.900,0.89303,0.89311,1.50,1.50
2010.10.25 07:27:42.505,0.89297,0.89301,2.30,1.50
2010.10.25 07:27:43.367,0.89297,0.89301,1.50,1.80
2010.10.25 07:27:43.620,0.89295,0.893,3.00,1.10
2010.10.25 07:27:44.293,0.89296,0.893,2.30,1.10
2010.10.25 07:27:45.002,0.89294,0.893,3.80,1.10
2010.10.25 07:27:45.553,0.89294,0.893,3.00,1.10
2010.10.25 07:27:46.131,0.89293,0.89298,2.30,1.10
2010.10.25 07:27:46.713,0.8929,0.89295,2.30,1.10
2010.10.25 07:27:47.281,0.89294,0.89304,1.50,4.80
2010.10.25 07:27:47.835,0.89295,0.89305,1.50,4.80
2010.10.25 07:27:48.571,0.89294,0.89304,1.50,1.10
2010.10.25 07:27:49.469,0.893,0.89305,1.50,3.80
2010.10.25 07:27:49.589,0.89293,0.89298,2.30,1.10
2010.10.25 07:27:50.397,0.89293,0.89298,1.50,1.10
2010.10.25 07:27:51.196,0.89292,0.89298,2.30,1.10
2010.10.25 07:27:52.126,0.89292,0.89299,2.30,1.10
2010.10.25 07:27:52.365,0.89292,0.89299,2.30,1.10
2010.10.25 07:27:52.936,0.89292,0.89299,2.30,1.10
2010.10.25 07:27:53.852,0.89292,0.89299,3.00,1.10
2010.10.25 07:27:54.419,0.89292,0.893,3.00,1.80
2010.10.25 07:27:54.966,0.89293,0.893,2.30,1.80
2010.10.25 07:27:55.831,0.89292,0.893,3.00,1.80
2010.10.25 07:27:56.397,0.89293,0.893,2.30,1.80
2010.10.25 07:27:56.929,0.89293,0.893,2.30,1.80
2010.10.25 07:27:57.502,0.89293,0.893,2.30,1.80
2010.10.25 07:27:58.065,0.89295,0.89301,2.30,4.80
2010.10.25 07:27:58.748,0.89295,0.89301,2.30,1.10
2010.10.25 07:27:59.317,0.89295,0.89301,1.50,2.60
2010.10.25 07:27:59.825,0.89292,0.89301,2.30,4.80
2010.10.25 07:28:00.665,0.8929,0.893,2.30,2.60
2010.10.25 07:28:01.214,0.8929,0.893,3.00,2.60
2010.10.25 07:28:01.786,0.89291,0.893,2.30,1.10
2010.10.25 07:28:02.553,0.89293,0.893,1.50,1.10
2010.10.25 07:28:03.130,0.89294,0.893,2.30,1.10
2010.10.25 07:28:03.712,0.89294,0.893,2.30,1.10
2010.10.25 07:28:04.457,0.89294,0.893,2.30,1.10
2010.10.25 07:28:05.125,0.89294,0.893,2.30,1.10
2010.10.25 07:28:05.657,0.89293,0.893,2.30,1.10
2010.10.25 07:28:06.390,0.89293,0.893,2.30,1.10
2010.10.25 07:28:06.846,0.89293,0.89303,3.00,2.60
2010.10.25 07:28:07.444,0.89294,0.89302,2.30,1.80
2010.10.25 07:28:08.142,0.89294,0.89302,2.30,1.80
2010.10.25 07:28:08.697,0.89292,0.89298,2.30,1.10
2010.10.25 07:28:09.271,0.89293,0.893,1.50,1.80
2010.10.25 07:28:09.844,0.89291,0.89298,2.30,1.10
2010.10.25 07:28:10.390,0.89293,0.89299,1.50,1.10
2010.10.25 07:28:11.223,0.89288,0.89294,6.80,1.10
2010.10.25 07:28:11.682,0.89289,0.89299,2.30,3.30
2010.10.25 07:28:12.198,0.8929,0.89299,2.30,1.80
2010.10.25 07:28:12.944,0.8929,0.89299,2.30,1.80
2010.10.25 07:28:13.807,0.8929,0.89299,2.30,1.10
2010.10.25 07:28:14.024,0.8929,0.89299,2.30,1.10
2010.10.25 07:28:14.914,0.8929,0.893,2.30,5.60
2010.10.25 07:28:15.469,0.8929,0.893,2.30,1.50
2010.10.25 07:28:16.022,0.89291,0.89301,2.30,6.30
2010.10.25 07:28:16.576,0.89291,0.89301,2.30,6.30
2010.10.25 07:28:17.198,0.89291,0.893,1.50,1.80
2010.10.25 07:28:17.992,0.89291,0.893,1.50,2.60
2010.10.25 07:28:18.631,0.89291,0.893,1.50,2.60
2010.10.25 07:28:19.214,0.89291,0.893,1.50,2.60
2010.10.25 07:28:20.145,0.89291,0.893,1.50,2.60
2010.10.25 07:28:20.605,0.89291,0.893,1.50,2.60
2010.10.25 07:28:21.228,0.89291,0.893,3.00,1.10
2010.10.25 07:28:21.934,0.89291,0.893,3.00,1.10
2010.10.25 07:28:22.498,0.89292,0.893,2.30,1.10
2010.10.25 07:28:23.013,0.89291,0.893,2.30,1.10
2010.10.25 07:28:23.863,0.89291,0.893,3.00,1.10
2010.10.25 07:28:24.429,0.8929,0.893,3.30,2.60
2010.10.25 07:28:24.945,0.8929,0.89299,1.80,1.50
2010.10.25 07:28:25.759,0.89289,0.89298,4.80,1.50
2010.10.25 07:28:26.202,0.89289,0.89298,4.10,1.50
2010.10.25 07:28:26.792,0.8929,0.893,1.80,3.30
2010.10.25 07:28:27.431,0.89291,0.893,2.30,1.10
2010.10.25 07:28:28.320,0.8929,0.893,3.30,2.60
2010.10.25 07:28:28.899,0.8929,0.89298,1.10,1.50
2010.10.25 07:28:29.423,0.8929,0.89298,1.50,1.10
2010.10.25 07:28:30.215,0.89287,0.89295,2.30,1.50
2010.10.25 07:28:30.775,0.89285,0.89295,2.30,4.80
2010.10.25 07:28:31.289,0.89285,0.89294,1.50,3.80
2010.10.25 07:28:32.123,0.89287,0.89295,1.50,2.30
2010.10.25 07:28:33.002,0.89288,0.89297,1.50,1.80
2010.10.25 07:28:33.575,0.89288,0.89297,1.50,1.80
2010.10.25 07:28:34.131,0.89289,0.89298,1.50,2.30
2010.10.25 07:28:34.794,0.89288,0.89297,1.50,3.80
2010.10.25 07:28:35.250,0.89288,0.89296,1.50,4.10
2010.10.25 07:28:35.853,0.89289,0.89297,1.50,1.80
2010.10.25 07:28:36.766,0.89289,0.89297,1.50,1.80
2010.10.25 07:28:37.213,0.8929,0.89296,1.50,1.50
2010.10.25 07:28:37.741,0.8929,0.89297,1.50,1.80
2010.10.25 07:28:38.305,0.8929,0.89297,1.50,1.80
2010.10.25 07:28:38.991,0.89287,0.89297,5.30,1.80
2010.10.25 07:28:39.550,0.89288,0.89297,1.50,1.80
2010.10.25 07:28:40.146,0.89288,0.89297,1.50,1.80
2010.10.25 07:28:40.939,0.89288,0.89297,1.50,1.80
2010.10.25 07:28:41.497,0.89288,0.89296,1.50,1.50
2010.10.25 07:28:42.068,0.89292,0.89299,1.50,1.10
2010.10.25 07:28:42.784,0.89292,0.89299,1.50,1.10
2010.10.25 07:28:43.336,0.89292,0.89299,2.30,1.10
2010.10.25 07:28:43.910,0.89292,0.89299,2.30,1.10
2010.10.25 07:28:44.417,0.89297,0.89306,1.10,15.40
2010.10.25 07:28:45.220,0.89299,0.89306,2.30,6.00
2010.10.25 07:28:45.341,0.89303,0.8931,1.50,1.50
2010.10.25 07:28:46.078,0.89303,0.89311,1.50,1.50
2010.10.25 07:28:46.888,0.89303,0.89313,3.00,1.80
2010.10.25 07:28:47.723,0.89305,0.89315,5.30,1.50
2010.10.25 07:28:48.600,0.89306,0.89316,5.30,1.80
2010.10.25 07:28:49.202,0.89307,0.89316,3.00,1.50
2010.10.25 07:28:49.719,0.89307,0.89316,3.00,1.50
2010.10.25 07:28:50.297,0.89307,0.89316,3.00,1.50
2010.10.25 07:28:51.063,0.89307,0.89316,3.00,1.50
2010.10.25 07:28:51.521,0.89305,0.89311,1.50,1.50
2010.10.25 07:28:52.036,0.89305,0.89314,1.50,4.10
2010.10.25 07:28:52.740,0.89304,0.89314,2.30,2.60
2010.10.25 07:28:53.200,0.89304,0.89313,2.30,1.10
2010.10.25 07:28:53.814,0.89309,0.89314,1.50,1.10
2010.10.25 07:28:54.572,0.8931,0.89318,3.80,2.30
2010.10.25 07:28:55.455,0.89312,0.8932,1.50,1.80
2010.10.25 07:28:55.699,0.89312,0.89321,1.50,6.30
2010.10.25 07:28:56.377,0.89312,0.8932,1.50,1.10
2010.10.25 07:28:56.946,0.89312,0.8932,3.00,1.10
2010.10.25 07:28:57.541,0.89312,0.8932,3.00,1.10
2010.10.25 07:28:58.422,0.89312,0.8932,1.50,2.60
2010.10.25 07:28:58.982,0.89309,0.89319,7.10,1.80
2010.10.25 07:28:59.612,0.8931,0.8932,3.00,2.60
2010.10.25 07:29:00.184,0.89312,0.8932,1.50,2.60
2010.10.25 07:29:00.704,0.89312,0.8932,1.50,1.10
2010.10.25 07:29:01.604,0.89312,0.8932,1.50,2.60
2010.10.25 07:29:01.836,0.89312,0.8932,1.50,1.10
2010.10.25 07:29:02.662,0.89312,0.8932,1.50,1.10
2010.10.25 07:29:03.249,0.89312,0.8932,1.50,2.60
2010.10.25 07:29:03.812,0.8932,0.89324,2.30,1.50
2010.10.25 07:29:04.574,0.89322,0.89328,1.50,1.50
2010.10.25 07:29:05.205,0.89322,0.89326,7.20,1.50
2010.10.25 07:29:05.764,0.89322,0.89327,6.00,1.50
2010.10.25 07:29:06.563,0.89325,0.89331,3.00,1.80
2010.10.25 07:29:07.146,0.89324,0.89331,1.50,1.50
2010.10.25 07:29:07.726,0.89324,0.89331,1.50,1.50
2010.10.25 07:29:08.386,0.89324,0.89331,1.50,1.50
2010.10.25 07:29:08.988,0.89324,0.89331,1.50,1.50
2010.10.25 07:29:09.492,0.89324,0.89331,1.50,1.50
2010.10.25 07:29:10.072,0.89324,0.89331,1.50,3.80
2010.10.25 07:29:10.648,0.89324,0.89331,1.50,1.50
2010.10.25 07:29:11.490,0.8932,0.89329,3.00,2.60
2010.10.25 07:29:12.089,0.89329,0.89336,6.90,6.80
2010.10.25 07:29:12.644,0.89328,0.89337,2.40,1.50
2010.10.25 07:29:13.415,0.89327,0.89336,1.60,1.50
2010.10.25 07:29:14.433,0.89325,0.89335,4.50,1.80
2010.10.25 07:29:15.128,0.89328,0.89336,1.50,3.80
2010.10.25 07:29:15.696,0.89328,0.89335,1.50,1.50
2010.10.25 07:29:16.211,0.89328,0.89335,1.50,1.50
2010.10.25 07:29:17.100,0.89324,0.89334,2.30,4.10
2010.10.25 07:29:17.666,0.89324,0.89334,3.00,4.10
2010.10.25 07:29:18.198,0.89325,0.89334,2.30,1.10
2010.10.25 07:29:18.770,0.89331,0.89335,3.00,6.30
2010.10.25 07:29:19.372,0.89332,0.89338,1.50,1.50
2010.10.25 07:29:20.121,0.89334,0.89339,1.10,1.50
2010.10.25 07:29:20.698,0.89335,0.89339,1.50,1.50
2010.10.25 07:29:21.308,0.89335,0.89339,1.50,1.50
2010.10.25 07:29:21.920,0.89335,0.8934,1.50,1.50
2010.10.25 07:29:22.819,0.89335,0.89342,1.50,1.50
2010.10.25 07:29:23.065,0.89335,0.89342,1.50,1.50
2010.10.25 07:29:23.712,0.89335,0.89342,1.50,1.50
2010.10.25 07:29:24.288,0.89337,0.89347,1.10,3.80
2010.10.25 07:29:24.860,0.8934,0.89347,1.50,1.80
2010.10.25 07:29:25.636,0.89338,0.89346,1.50,1.80
2010.10.25 07:29:26.098,0.89336,0.89345,3.80,1.50
2010.10.25 07:29:26.705,0.89336,0.89346,1.50,4.10
2010.10.25 07:29:27.424,0.89336,0.89346,1.50,4.10
2010.10.25 07:29:28.296,0.89335,0.89343,1.50,2.30
2010.10.25 07:29:29.176,0.89335,0.89343,1.50,2.30
2010.10.25 07:29:30.059,0.89336,0.89345,1.50,1.50
2010.10.25 07:29:30.631,0.8933,0.89337,19.00,1.10
2010.10.25 07:29:31.157,0.89329,0.89335,1.50,1.80
2010.10.25 07:29:31.940,0.89323,0.89331,4.90,1.10
2010.10.25 07:29:32.717,0.89323,0.89331,1.90,2.60
2010.10.25 07:29:33.287,0.89323,0.89329,1.90,1.10
2010.10.25 07:29:33.853,0.89323,0.89329,1.90,1.10
2010.10.25 07:29:34.726,0.89323,0.8933,1.90,1.10
2010.10.25 07:29:35.625,0.89322,0.8933,1.50,1.10
2010.10.25 07:29:36.396,0.89322,0.8933,1.50,1.10
2010.10.25 07:29:36.634,0.89322,0.8933,1.50,1.10
2010.10.25 07:29:37.319,0.89322,0.8933,1.50,1.10
2010.10.25 07:29:37.896,0.89322,0.8933,1.50,2.60
2010.10.25 07:29:38.446,0.89322,0.8933,3.00,1.10
2010.10.25 07:29:39.139,0.89322,0.8933,3.00,1.10
2010.10.25 07:29:40.056,0.89323,0.8933,1.50,1.10
2010.10.25 07:29:40.635,0.89325,0.89334,2.30,2.30
2010.10.25 07:29:41.248,0.89325,0.89333,1.50,1.10
2010.10.25 07:29:42.028,0.89325,0.89334,1.50,1.80
2010.10.25 07:29:42.922,0.89325,0.89334,1.50,2.60
2010.10.25 07:29:43.511,0.89325,0.89334,1.50,2.60
2010.10.25 07:29:44.108,0.89325,0.89334,1.50,2.60
2010.10.25 07:29:44.999,0.89325,0.89334,1.50,2.60
2010.10.25 07:29:45.570,0.89325,0.89334,1.50,4.80
2010.10.25 07:29:46.433,0.89325,0.89333,1.50,1.80
2010.10.25 07:29:46.948,0.89325,0.89333,1.50,1.80
2010.10.25 07:29:47.638,0.89325,0.89333,1.50,1.80
2010.10.25 07:29:48.139,0.89325,0.89333,1.50,1.80
2010.10.25 07:29:48.722,0.89325,0.89333,1.50,1.50
2010.10.25 07:29:49.404,0.89325,0.89334,1.50,3.30
2010.10.25 07:29:50.281,0.89323,0.89332,1.50,1.50
2010.10.25 07:29:50.737,0.89325,0.89334,1.50,4.80
2010.10.25 07:29:51.282,0.89324,0.89331,1.50,4.80
2010.10.25 07:29:51.847,0.89323,0.89331,1.50,4.80
2010.10.25 07:29:52.431,0.89323,0.89331,1.50,4.80
2010.10.25 07:29:53.295,0.89325,0.89333,1.50,4.80
2010.10.25 07:29:54.211,0.89325,0.89333,1.50,4.10
2010.10.25 07:29:54.775,0.89325,0.89332,1.50,1.50
2010.10.25 07:29:55.389,0.89325,0.89332,1.50,1.50
2010.10.25 07:29:56.175,0.89325,0.89332,1.50,1.50
2010.10.25 07:29:57.052,0.89325,0.89333,1.50,1.80
2010.10.25 07:29:57.290,0.89325,0.89334,1.50,4.80
2010.10.25 07:29:57.901,0.89325,0.89334,1.50,4.80
2010.10.25 07:29:58.142,0.8932,0.89324,13.90,1.10
2010.10.25 07:29:58.880,0.89321,0.89326,1.50,4.80
2010.10.25 07:29:59.338,0.89318,0.89323,1.50,1.10
2010.10.25 07:29:59.905,0.89319,0.89323,1.50,1.10
2010.10.25 07:30:00.712,0.89318,0.89323,1.50,1.10
2010.10.25 07:30:01.298,0.89318,0.89323,1.50,1.10
2010.10.25 07:30:01.903,0.89316,0.89323,1.50,1.10
2010.10.25 07:30:02.587,0.89316,0.89323,1.50,1.10
2010.10.25 07:30:03.463,0.89316,0.89323,1.50,1.10
2010.10.25 07:30:03.701,0.89317,0.89323,1.50,1.10
2010.10.25 07:30:04.308,0.89317,0.89323,1.50,2.60
2010.10.25 07:30:05.129,0.89317,0.89323,1.50,2.60
2010.10.25 07:30:05.695,0.89317,0.89323,1.50,1.10
2010.10.25 07:30:06.247,0.89317,0.89323,1.50,1.10
2010.10.25 07:30:07.131,0.89317,0.89322,1.50,1.80
2010.10.25 07:30:07.694,0.89318,0.89323,1.50,1.10
2010.10.25 07:30:08.236,0.89318,0.89323,1.50,2.60
2010.10.25 07:30:09.050,0.89318,0.89323,1.50,1.10
2010.10.25 07:30:09.634,0.89317,0.89323,1.50,2.60
2010.10.25 07:30:10.253,0.89317,0.89323,1.50,2.60
2010.10.25 07:30:11.004,0.89317,0.89323,1.50,2.60
2010.10.25 07:30:11.642,0.89317,0.89323,1.50,2.60
2010.10.25 07:30:12.227,0.89315,0.89323,1.50,1.10
2010.10.25 07:30:13.008,0.89317,0.89323,1.50,1.10
2010.10.25 07:30:13.562,0.89315,0.89323,3.00,1.10
2010.10.25 07:30:14.231,0.89315,0.89323,3.00,1.10
2010.10.25 07:30:14.674,0.89315,0.89323,3.00,1.10
2010.10.25 07:30:15.375,0.89315,0.89323,3.00,1.10
2010.10.25 07:30:16.291,0.89314,0.8932,2.30,1.10
2010.10.25 07:30:17.195,0.89313,0.8932,1.50,1.10
2010.10.25 07:30:18.068,0.89312,0.8932,3.00,1.10
2010.10.25 07:30:18.528,0.89306,0.89313,13.90,1.10
2010.10.25 07:30:19.063,0.89309,0.89313,3.00,1.10
2010.10.25 07:30:19.618,0.89308,0.89313,3.80,1.10
2010.10.25 07:30:20.169,0.89307,0.89313,3.00,1.10
2010.10.25 07:30:20.969,0.89305,0.89311,2.30,1.50
2010.10.25 07:30:21.428,0.89303,0.8931,2.30,1.10
2010.10.25 07:30:21.931,0.89303,0.8931,3.00,1.10
2010.10.25 07:30:22.772,0.89305,0.8931,1.50,1.10
2010.10.25 07:30:23.324,0.89305,0.8931,1.50,1.10
2010.10.25 07:30:23.907,0.89305,0.8931,1.50,1.10
2010.10.25 07:30:24.782,0.89305,0.8931,1.50,1.10
2010.10.25 07:30:25.355,0.89306,0.89313,1.50,3.30
2010.10.25 07:30:25.884,0.89305,0.8931,3.00,1.10
2010.10.25 07:30:26.661,0.89306,0.89313,2.30,1.10
2010.10.25 07:30:27.518,0.89308,0.89315,2.30,1.10
2010.10.25 07:30:27.979,0.8931,0.89315,3.80,1.10
2010.10.25 07:30:28.557,0.89311,0.89318,2.30,2.60
2010.10.25 07:30:29.189,0.89314,0.89321,1.50,3.30
2010.10.25 07:30:29.993,0.89313,0.89321,5.30,2.60
2010.10.25 07:30:30.900,0.89312,0.8932,3.00,1.10
2010.10.25 07:30:31.598,0.89312,0.8932,3.00,1.10
2010.10.25 07:30:32.170,0.89312,0.8932,3.00,1.10
2010.10.25 07:30:32.696,0.89312,0.8932,1.50,1.10
2010.10.25 07:30:33.541,0.89312,0.8932,1.50,1.10
2010.10.25 07:30:34.075,0.89312,0.8932,1.50,2.60
2010.10.25 07:30:34.751,0.89311,0.89316,1.50,1.50
2010.10.25 07:30:35.324,0.8931,0.89318,3.00,2.60
2010.10.25 07:30:35.846,0.89308,0.89313,1.50,1.10
2010.10.25 07:30:36.684,0.89308,0.89315,1.50,1.10
2010.10.25 07:30:37.281,0.89308,0.89315,1.50,1.10
2010.10.25 07:30:37.876,0.89306,0.89314,1.50,1.10
2010.10.25 07:30:38.575,0.89306,0.89314,1.50,1.10
2010.10.25 07:30:39.134,0.89305,0.89314,2.30,1.80
2010.10.25 07:30:39.688,0.89305,0.89314,2.30,1.80
2010.10.25 07:30:40.512,0.89305,0.89316,3.00,5.60
2010.10.25 07:30:40.975,0.89307,0.89315,2.30,1.10
2010.10.25 07:30:41.478,0.89307,0.89315,2.30,1.10
2010.10.25 07:30:42.382,0.89307,0.89315,2.30,1.10
2010.10.25 07:30:42.995,0.89307,0.89315,2.30,1.10
2010.10.25 07:30:43.549,0.89307,0.89315,2.30,1.10
2010.10.25 07:30:44.255,0.89307,0.89315,5.30,1.10
2010.10.25 07:30:45.161,0.89307,0.89315,2.30,1.10
2010.10.25 07:30:46.014,0.89307,0.89315,2.30,1.10
2010.10.25 07:30:46.571,0.89308,0.89315,1.50,1.10
2010.10.25 07:30:47.135,0.89309,0.89315,3.00,1.80
2010.10.25 07:30:47.848,0.8931,0.89315,2.30,1.80
2010.10.25 07:30:48.304,0.8931,0.89315,2.30,1.80
2010.10.25 07:30:48.907,0.8931,0.89315,2.30,1.80
2010.10.25 07:30:49.605,0.8931,0.89315,2.30,1.80
2010.10.25 07:30:50.519,0.89307,0.89312,2.30,1.10
2010.10.25 07:30:50.980,0.89306,0.89313,3.00,1.10
2010.10.25 07:30:51.555,0.89306,0.89313,3.00,1.10
2010.10.25 07:30:52.254,0.89307,0.89314,2.30,1.80
2010.10.25 07:30:52.907,0.89307,0.89314,2.30,1.80
2010.10.25 07:30:53.487,0.89307,0.89314,2.30,1.80
2010.10.25 07:30:54.178,0.89306,0.89314,3.00,1.80
2010.10.25 07:30:55.009,0.89306,0.89314,3.00,1.80
2010.10.25 07:30:55.577,0.89306,0.89314,3.00,1.80
2010.10.25 07:30:56.166,0.89306,0.89314,3.00,1.80
2010.10.25 07:30:57.075,0.89306,0.89314,3.00,1.80
2010.10.25 07:30:57.565,0.89308,0.89315,2.30,1.10
2010.10.25 07:30:58.147,0.89306,0.89314,2.30,1.80
2010.10.25 07:30:58.992,0.89309,0.89316,2.30,1.50
2010.10.25 07:30:59.448,0.89306,0.8931,2.30,1.10
2010.10.25 07:31:00.017,0.89305,0.8931,1.50,1.10
2010.10.25 07:31:00.589,0.89305,0.8931,1.50,1.80
2010.10.25 07:31:01.206,0.89307,0.89313,2.30,1.10
2010.10.25 07:31:01.877,0.89307,0.89313,2.30,1.80
2010.10.25 07:31:02.338,0.89307,0.89313,2.30,1.10
2010.10.25 07:31:02.885,0.89307,0.89313,1.50,1.10
2010.10.25 07:31:03.758,0.8931,0.89316,1.50,3.30
2010.10.25 07:31:04.329,0.89309,0.89314,1.50,1.10
2010.10.25 07:31:04.877,0.89305,0.89311,2.30,2.60
2010.10.25 07:31:05.762,0.89309,0.89316,1.50,2.60
2010.10.25 07:31:06.671,0.8931,0.8932,2.30,2.60
2010.10.25 07:31:07.224,0.89312,0.89322,4.10,3.00
2010.10.25 07:31:07.781,0.89314,0.89324,1.50,6.50
2010.10.25 07:31:08.627,0.89315,0.89325,1.50,4.80
2010.10.25 07:31:09.207,0.89317,0.89326,2.60,3.00
2010.10.25 07:31:09.789,0.89322,0.89331,1.50,2.60
2010.10.25 07:31:10.666,0.89322,0.89331,1.50,2.60
2010.10.25 07:31:11.253,0.89322,0.89332,5.60,1.50
2010.10.25 07:31:11.770,0.89328,0.89335,1.50,3.30
2010.10.25 07:31:12.478,0.89329,0.89336,3.00,1.50
2010.10.25 07:31:13.348,0.89328,0.89336,1.50,1.80
2010.10.25 07:31:13.925,0.89329,0.89336,1.50,1.50
2010.10.25 07:31:14.506,0.8933,0.89336,2.30,1.50
2010.10.25 07:31:15.217,0.8933,0.89336,2.30,1.50
2010.10.25 07:31:15.846,0.8933,0.89336,2.30,1.80
2010.10.25 07:31:16.368,0.8933,0.89336,2.30,1.80
2010.10.25 07:31:17.607,0.8933,0.89336,2.30,1.80
2010.10.25 07:31:18.499,0.8933,0.89336,1.50,1.80
2010.10.25 07:31:19.418,0.89329,0.89336,1.50,1.80
2010.10.25 07:31:19.979,0.89329,0.89336,1.50,1.80
2010.10.25 07:31:20.492,0.89331,0.89336,1.50,1.80
2010.10.25 07:31:21.248,0.89332,0.8934,3.00,4.50
2010.10.25 07:31:21.367,0.89337,0.89344,3.00,1.50
2010.10.25 07:31:22.129,0.89336,0.89345,3.00,1.50
2010.10.25 07:31:22.731,0.89336,0.89345,3.00,1.50
2010.10.25 07:31:23.321,0.89336,0.89345,3.00,1.50
2010.10.25 07:31:23.887,0.89336,0.89345,3.00,1.50
2010.10.25 07:31:24.562,0.89336,0.89345,3.00,1.50
2010.10.25 07:31:25.377,0.89337,0.89347,5.30,1.50
2010.10.25 07:31:26.173,0.89337,0.89345,2.30,1.50
2010.10.25 07:31:28.757,0.89337,0.89346,1.50,1.50
2010.10.25 07:31:28.887,0.89341,0.89351,1.50,4.10
2010.10.25 07:31:29.469,0.8934,0.8935,4.50,1.80
2010.10.25 07:31:30.280,0.89337,0.89345,2.30,1.80
2010.10.25 07:31:31.134,0.8933,0.8934,3.00,2.30
2010.10.25 07:31:31.586,0.89329,0.89339,1.50,1.50
2010.10.25 07:31:32.102,0.89328,0.89337,3.00,1.10
2010.10.25 07:31:32.885,0.89327,0.89335,2.30,2.60
2010.10.25 07:31:33.445,0.89325,0.89336,3.00,2.80
2010.10.25 07:31:34.016,0.89329,0.89336,2.30,1.50
2010.10.25 07:31:34.699,0.8933,0.89339,1.50,2.30
2010.10.25 07:31:35.157,0.89331,0.89337,12.80,1.10
2010.10.25 07:31:35.715,0.89336,0.8934,2.30,1.50
2010.10.25 07:31:36.336,0.89332,0.8934,3.00,1.50
2010.10.25 07:31:36.796,0.89331,0.8934,1.50,3.00
2010.10.25 07:31:37.320,0.89326,0.89337,3.00,3.80
2010.10.25 07:31:37.997,0.89331,0.89339,2.30,1.50
2010.10.25 07:31:38.833,0.89332,0.89341,3.80,1.50
2010.10.25 07:31:39.624,0.89332,0.8934,2.30,1.50
2010.10.25 07:31:40.075,0.89331,0.89339,3.30,1.50
2010.10.25 07:31:40.635,0.89331,0.89339,1.10,1.50
2010.10.25 07:31:41.303,0.8933,0.89339,4.10,1.50
2010.10.25 07:31:41.865,0.8933,0.89339,3.30,2.30
2010.10.25 07:31:42.380,0.8933,0.89339,3.30,2.30
2010.10.25 07:31:43.282,0.89331,0.8934,1.10,2.30
2010.10.25 07:31:43.749,0.89329,0.89337,4.50,1.10
2010.10.25 07:31:44.298,0.89331,0.89339,1.80,1.50
2010.10.25 07:31:44.992,0.89331,0.8934,1.80,1.50
2010.10.25 07:31:45.822,0.89331,0.89339,1.80,1.50
2010.10.25 07:31:46.280,0.8933,0.89338,1.50,1.80
2010.10.25 07:31:46.785,0.8933,0.89338,3.00,1.50
2010.10.25 07:31:47.638,0.8933,0.89339,3.00,1.50
2010.10.25 07:31:48.097,0.89332,0.89339,2.30,1.50
2010.10.25 07:31:48.681,0.89331,0.89339,3.00,1.50
2010.10.25 07:31:49.464,0.89331,0.89339,3.00,1.50
2010.10.25 07:31:50.369,0.89332,0.8934,2.30,1.50
2010.10.25 07:31:51.217,0.8933,0.8934,5.30,1.80
2010.10.25 07:31:51.767,0.89331,0.89341,2.30,4.10
2010.10.25 07:31:52.322,0.89331,0.8934,2.30,1.10
2010.10.25 07:31:52.940,0.89332,0.89339,4.50,1.10
2010.10.25 07:31:53.797,0.89332,0.89341,3.80,1.50
2010.10.25 07:31:54.370,0.89334,0.89341,1.50,1.50
2010.10.25 07:31:54.928,0.89335,0.89341,3.00,1.50
2010.10.25 07:31:55.719,0.89335,0.89341,3.00,1.50
2010.10.25 07:31:56.285,0.89335,0.89341,3.00,2.60
2010.10.25 07:31:56.869,0.89335,0.89341,1.50,2.60
2010.10.25 07:31:57.766,0.89332,0.8934,4.50,1.80
2010.10.25 07:31:58.338,0.89331,0.8934,3.00,1.10
2010.10.25 07:31:58.844,0.89332,0.8934,1.50,1.80
2010.10.25 07:31:59.378,0.89332,0.8934,1.50,1.80
2010.10.25 07:31:59.938,0.89333,0.89341,3.00,3.30
2010.10.25 07:32:00.754,0.89333,0.8934,2.30,1.10
2010.10.25 07:32:01.263,0.89333,0.89341,2.30,3.30
2010.10.25 07:32:01.815,0.89332,0.89341,3.00,2.60
2010.10.25 07:32:02.671,0.89332,0.8934,3.00,1.80
2010.10.25 07:32:03.229,0.89332,0.8934,3.00,1.80
2010.10.25 07:32:03.750,0.89332,0.8934,3.00,1.80
2010.10.25 07:32:04.260,0.89332,0.8934,3.00,1.80
2010.10.25 07:32:04.839,0.89332,0.8934,3.00,1.80
2010.10.25 07:32:05.526,0.89334,0.89341,3.00,1.80
2010.10.25 07:32:06.447,0.89335,0.89341,2.30,1.50
2010.10.25 07:32:07.350,0.89336,0.89345,2.30,5.60
2010.10.25 07:32:08.705,0.89336,0.89341,1.50,1.80
2010.10.25 07:32:09.297,0.89333,0.89341,1.50,4.80
2010.10.25 07:32:09.849,0.89332,0.89341,2.30,4.80
2010.10.25 07:32:10.606,0.89332,0.89341,2.30,3.30
2010.10.25 07:32:11.170,0.89331,0.89341,3.30,5.60
2010.10.25 07:32:11.685,0.89332,0.89341,2.30,7.40
2010.10.25 07:32:12.554,0.89333,0.89341,1.50,4.80
2010.10.25 07:32:13.403,0.89334,0.89341,1.50,2.60
2010.10.25 07:32:13.957,0.89333,0.89341,2.30,2.60
2010.10.25 07:32:14.527,0.89333,0.89341,2.30,2.60
2010.10.25 07:32:15.091,0.89332,0.89341,2.30,4.80
2010.10.25 07:32:15.973,0.89332,0.89341,2.30,4.80
2010.10.25 07:32:16.212,0.89332,0.89341,2.30,4.80
2010.10.25 07:32:16.904,0.89332,0.89341,2.30,4.80
2010.10.25 07:32:17.802,0.89331,0.89339,1.80,1.50
2010.10.25 07:32:18.369,0.89331,0.89341,1.80,6.30
2010.10.25 07:32:18.925,0.89331,0.89341,3.30,4.80
2010.10.25 07:32:19.647,0.89331,0.89341,3.30,4.80
2010.10.25 07:32:20.565,0.89331,0.89341,3.30,4.80
2010.10.25 07:32:21.409,0.89331,0.89341,3.30,4.80
2010.10.25 07:32:22.287,0.89331,0.89341,2.60,4.80
2010.10.25 07:32:23.124,0.89331,0.89341,1.80,6.30
2010.10.25 07:32:23.785,0.89331,0.89341,1.80,6.30
2010.10.25 07:32:24.342,0.89331,0.89341,1.80,5.60
2010.10.25 07:32:25.132,0.89331,0.89341,1.80,5.60
2010.10.25 07:32:26.032,0.89332,0.8934,1.50,1.50
2010.10.25 07:32:26.491,0.89331,0.89341,1.80,3.30
2010.10.25 07:32:26.994,0.89332,0.89341,2.30,1.80
2010.10.25 07:32:27.834,0.89333,0.89341,2.30,1.80
2010.10.25 07:32:28.286,0.89334,0.8934,3.00,1.10
2010.10.25 07:32:28.849,0.89337,0.89346,1.80,3.80
2010.10.25 07:32:29.550,0.89337,0.89347,4.10,3.00
2010.10.25 07:32:30.035,0.89335,0.89344,2.30,1.10
2010.10.25 07:32:30.633,0.89335,0.89344,2.30,1.10
2010.10.25 07:32:31.329,0.89335,0.89344,3.00,1.10
2010.10.25 07:32:31.907,0.89336,0.89345,1.50,2.60
2010.10.25 07:32:32.519,0.89336,0.89343,1.50,1.10
2010.10.25 07:32:33.225,0.89339,0.89345,1.50,1.10
2010.10.25 07:32:33.685,0.89339,0.89346,1.50,1.50
2010.10.25 07:32:34.200,0.89338,0.89343,3.00,1.10
2010.10.25 07:32:35.008,0.8934,0.89346,1.50,1.80
2010.10.25 07:32:35.578,0.8934,0.89346,1.50,1.80
2010.10.25 07:32:36.088,0.8934,0.89346,1.50,1.80
2010.10.25 07:32:36.654,0.8934,0.89345,1.50,1.10
2010.10.25 07:32:37.205,0.8934,0.89345,1.50,1.10
2010.10.25 07:32:37.785,0.8934,0.89345,1.50,1.10
2010.10.25 07:32:38.435,0.8934,0.89345,1.50,1.10
2010.10.25 07:32:38.993,0.8934,0.89345,1.50,1.10
2010.10.25 07:32:39.585,0.8934,0.89345,1.50,1.10
2010.10.25 07:32:40.492,0.8934,0.89345,1.50,1.10
2010.10.25 07:32:41.056,0.89337,0.89344,2.30,1.10
2010.10.25 07:32:41.577,0.89336,0.89344,1.50,1.10
2010.10.25 07:32:42.447,0.89336,0.89344,1.50,1.10
2010.10.25 07:32:43.007,0.89336,0.89344,1.50,1.10
2010.10.25 07:32:43.582,0.89335,0.89344,4.50,1.10
2010.10.25 07:32:44.310,0.89335,0.89344,2.30,1.10
2010.10.25 07:32:44.877,0.89335,0.89344,2.30,1.10
2010.10.25 07:32:45.443,0.89335,0.89344,2.30,1.10
2010.10.25 07:32:46.222,0.89335,0.89344,2.30,1.10
2010.10.25 07:32:46.796,0.89335,0.89344,1.50,1.10
2010.10.25 07:32:47.344,0.89335,0.89344,1.50,1.10
2010.10.25 07:32:47.894,0.89335,0.89344,2.30,1.10
2010.10.25 07:32:48.405,0.89335,0.89344,1.50,1.10
2010.10.25 07:32:49.224,0.89335,0.89344,2.30,1.10
2010.10.25 07:32:49.703,0.89335,0.89344,2.30,1.10
2010.10.25 07:32:50.205,0.89335,0.89344,2.30,1.10
2010.10.25 07:32:50.795,0.89335,0.89344,2.30,1.10
2010.10.25 07:32:51.400,0.89334,0.89344,3.00,1.10
2010.10.25 07:32:52.177,0.89334,0.89344,3.00,1.10
2010.10.25 07:32:52.752,0.89334,0.89344,5.30,1.10
2010.10.25 07:32:53.450,0.89334,0.89344,5.30,1.10
2010.10.25 07:32:54.115,0.89334,0.89344,5.30,1.10
2010.10.25 07:32:55.023,0.89334,0.89344,5.30,1.10
2010.10.25 07:32:55.886,0.89334,0.89342,1.50,2.30
2010.10.25 07:32:56.126,0.89334,0.89344,3.00,1.10
2010.10.25 07:32:56.871,0.89334,0.89344,2.30,1.10
2010.10.25 07:32:57.450,0.89334,0.89344,3.00,1.10
2010.10.25 07:32:58.059,0.89334,0.89344,2.30,1.80
2010.10.25 07:32:58.516,0.8933,0.89339,1.80,1.50
2010.10.25 07:32:59.086,0.89328,0.89338,3.00,2.60
2010.10.25 07:32:59.765,0.89329,0.89338,2.30,2.60
2010.10.25 07:33:00.339,0.89329,0.89339,2.30,5.60
2010.10.25 07:33:00.939,0.89328,0.89339,4.80,5.60
2010.10.25 07:33:01.594,0.89328,0.89337,1.80,1.50
2010.10.25 07:33:02.158,0.89328,0.89338,1.80,3.30
2010.10.25 07:33:02.761,0.89328,0.89338,3.30,1.80
2010.10.25 07:33:03.311,0.89328,0.89339,3.30,6.30
2010.10.25 07:33:03.869,0.89329,0.89339,2.30,4.80
2010.10.25 07:33:04.672,0.89329,0.89339,2.30,4.80
2010.10.25 07:33:05.247,0.89325,0.8933,8.30,1.10
2010.10.25 07:33:05.791,0.89322,0.89329,1.50,1.10
2010.10.25 07:33:06.344,0.89322,0.89329,1.50,1.10
2010.10.25 07:33:06.903,0.89322,0.89329,1.50,1.10
2010.10.25 07:33:10.396,0.89321,0.89329,2.30,1.10
2010.10.25 07:33:10.533,0.89322,0.89333,3.80,3.30
2010.10.25 07:33:11.069,0.89322,0.89333,3.80,2.30
2010.10.25 07:33:11.640,0.89326,0.89334,2.60,2.30
2010.10.25 07:33:12.167,0.89327,0.89336,2.30,2.30
2010.10.25 07:33:12.727,0.89327,0.89336,2.30,2.30
2010.10.25 07:33:13.287,0.89327,0.89336,2.60,2.30
2010.10.25 07:33:14.339,0.89327,0.89336,2.60,2.30
2010.10.25 07:33:14.942,0.89327,0.89336,2.60,2.30
2010.10.25 07:33:15.493,0.89327,0.89336,2.60,2.30
2010.10.25 07:33:16.307,0.89327,0.89335,2.60,2.30
2010.10.25 07:33:16.884,0.89327,0.89336,2.60,4.50
2010.10.25 07:33:17.488,0.89329,0.89335,2.60,2.30
2010.10.25 07:33:18.192,0.89328,0.89333,1.50,2.30
2010.10.25 07:33:18.654,0.89331,0.89337,1.80,2.30
2010.10.25 07:33:19.209,0.89331,0.89337,1.80,2.30
2010.10.25 07:33:20.022,0.89331,0.89341,4.10,1.50
2010.10.25 07:33:20.642,0.89331,0.89341,4.10,1.50
2010.10.25 07:33:21.243,0.89331,0.89341,4.10,1.50
2010.10.25 07:33:21.775,0.89331,0.8934,1.80,2.30
2010.10.25 07:33:22.397,0.89331,0.89341,3.30,3.80
2010.10.25 07:33:23.143,0.89332,0.89341,3.80,1.50
2010.10.25 07:33:23.708,0.89338,0.89343,1.50,1.50
2010.10.25 07:33:24.261,0.89337,0.89345,2.60,1.50
2010.10.25 07:33:25.124,0.89337,0.89346,4.80,1.50
2010.10.25 07:33:25.695,0.89338,0.89344,1.50,1.50
2010.10.25 07:33:26.208,0.89337,0.89345,3.30,1.50
2010.10.25 07:33:26.781,0.89337,0.89346,4.80,1.50
2010.10.25 07:33:27.350,0.89338,0.89346,1.50,1.50
2010.10.25 07:33:28.496,0.89338,0.89346,1.50,1.50
2010.10.25 07:33:28.956,0.89339,0.89348,1.50,2.60
2010.10.25 07:33:29.541,0.89339,0.89348,3.00,1.10
2010.10.25 07:33:30.220,0.89339,0.89348,3.00,1.10
2010.10.25 07:33:31.414,0.89339,0.89348,3.00,1.10
2010.10.25 07:33:31.502,0.89339,0.89348,3.00,1.10
2010.10.25 07:33:31.957,0.89338,0.89347,2.60,1.50
2010.10.25 07:33:32.461,0.89338,0.89347,2.60,1.50
2010.10.25 07:33:33.279,0.89339,0.89348,1.10,1.50
2010.10.25 07:33:33.856,0.8934,0.89349,1.10,1.80
2010.10.25 07:33:34.616,0.8934,0.89349,1.10,1.80
2010.10.25 07:33:35.487,0.89338,0.89347,1.10,3.80
2010.10.25 07:33:35.955,0.89336,0.89347,1.80,3.80
2010.10.25 07:33:36.542,0.89337,0.89347,1.50,1.50
2010.10.25 07:33:37.240,0.89336,0.89347,6.30,1.50
2010.10.25 07:33:37.859,0.89337,0.89347,1.50,1.50
2010.10.25 07:33:38.445,0.89338,0.89348,1.50,1.80
2010.10.25 07:33:39.022,0.89337,0.89347,1.50,1.50
2010.10.25 07:33:39.811,0.89338,0.89347,1.50,1.50
2010.10.25 07:33:40.761,0.89337,0.89348,5.30,1.80
2010.10.25 07:33:41.216,0.89339,0.89348,1.50,2.60
2010.10.25 07:33:41.794,0.89341,0.89348,1.50,1.80
2010.10.25 07:33:42.450,0.89338,0.89348,1.50,4.10
2010.10.25 07:33:43.335,0.89341,0.89351,1.50,5.30
2010.10.25 07:33:43.572,0.89341,0.89351,1.50,5.60
2010.10.25 07:33:44.299,0.89341,0.89351,3.00,4.10
2010.10.25 07:33:44.755,0.89341,0.89351,3.00,1.80
2010.10.25 07:33:45.353,0.89341,0.8935,3.00,1.10
2010.10.25 07:33:45.949,0.89341,0.8935,3.00,1.10
2010.10.25 07:33:46.850,0.89341,0.8935,3.00,1.10
2010.10.25 07:33:47.102,0.89344,0.89352,1.50,3.00
2010.10.25 07:33:47.823,0.89344,0.89351,1.50,1.50
2010.10.25 07:33:48.403,0.89344,0.89351,1.50,1.50
2010.10.25 07:33:48.974,0.89344,0.89351,1.50,1.50
2010.10.25 07:33:49.805,0.89344,0.89351,1.50,1.50
2010.10.25 07:33:50.266,0.89348,0.89356,1.80,1.50
2010.10.25 07:33:50.866,0.89348,0.89356,1.80,3.00
2010.10.25 07:33:51.635,0.89348,0.89356,1.80,3.00
2010.10.25 07:33:52.206,0.89348,0.89356,1.80,3.00
2010.10.25 07:33:52.791,0.89348,0.89356,1.80,1.50
2010.10.25 07:33:53.695,0.89352,0.89357,1.80,1.50
2010.10.25 07:33:54.221,0.89352,0.89358,1.10,1.50
2010.10.25 07:33:54.827,0.89351,0.89358,1.10,1.50
2010.10.25 07:33:55.521,0.89351,0.89357,1.10,1.50
2010.10.25 07:33:56.103,0.89351,0.89357,1.10,1.50
2010.10.25 07:33:56.646,0.89349,0.89357,2.60,2.30
2010.10.25 07:33:57.436,0.89351,0.89358,1.10,2.30
2010.10.25 07:33:58.319,0.89358,0.89362,1.10,5.00
2010.10.25 07:33:58.775,0.89354,0.89363,1.10,2.80
2010.10.25 07:33:59.302,0.89353,0.89363,3.00,2.80
2010.10.25 07:34:00.120,0.89359,0.89363,1.50,1.50
2010.10.25 07:34:00.578,0.89352,0.89361,3.00,3.00
2010.10.25 07:34:01.170,0.89351,0.89361,1.50,4.10
2010.10.25 07:34:01.982,0.8935,0.89361,5.60,4.80
2010.10.25 07:34:02.548,0.89353,0.89361,1.50,1.80
2010.10.25 07:34:03.064,0.89353,0.89361,1.50,1.80
2010.10.25 07:34:03.968,0.89353,0.8936,2.30,1.10
2010.10.25 07:34:04.857,0.89353,0.8936,2.30,1.10
2010.10.25 07:34:05.185,0.89353,0.8936,1.50,1.10
2010.10.25 07:34:05.816,0.89353,0.8936,1.50,1.10
2010.10.25 07:34:06.331,0.89352,0.8936,3.00,1.10
2010.10.25 07:34:06.879,0.89351,0.8936,2.30,1.10
2010.10.25 07:34:07.642,0.89352,0.8936,1.50,1.10
2010.10.25 07:34:08.564,0.8935,0.8936,3.30,1.10
2010.10.25 07:34:09.005,0.8935,0.8936,3.30,1.10
2010.10.25 07:34:09.557,0.8935,0.8936,3.30,1.10
2010.10.25 07:34:10.125,0.8936,0.89365,1.10,1.50
2010.10.25 07:34:10.690,0.8936,0.89364,1.10,1.50
2010.10.25 07:34:11.266,0.8936,0.89364,1.10,1.50
2010.10.25 07:34:11.779,0.8936,0.89365,1.10,1.50
2010.10.25 07:34:12.628,0.8936,0.89364,1.10,1.50
2010.10.25 07:34:13.578,0.89359,0.89365,5.60,2.80
2010.10.25 07:34:13.816,0.89354,0.89364,1.10,3.80
2010.10.25 07:34:14.500,0.89355,0.89363,1.10,2.30
2010.10.25 07:34:14.960,0.89355,0.8936,1.10,1.50
2010.10.25 07:34:15.538,0.89355,0.8936,1.10,2.30
2010.10.25 07:34:16.285,0.89355,0.8936,1.10,1.50
2010.10.25 07:34:16.853,0.89356,0.89361,1.10,2.30
2010.10.25 07:34:17.381,0.89356,0.89361,1.10,2.30
2010.10.25 07:34:17.947,0.89355,0.89361,1.10,2.30
2010.10.25 07:34:18.521,0.89357,0.89362,1.10,2.30
2010.10.25 07:34:19.202,0.89355,0.89362,2.60,2.00
2010.10.25 07:34:20.207,0.89355,0.89361,1.10,2.30
2010.10.25 07:34:20.766,0.89357,0.89362,1.10,2.80
2010.10.25 07:34:21.413,0.89355,0.89361,1.10,2.30
2010.10.25 07:34:22.278,0.89355,0.8936,1.10,2.30
2010.10.25 07:34:22.805,0.89355,0.8936,1.10,2.30
2010.10.25 07:34:23.343,0.89355,0.8936,1.10,2.30
2010.10.25 07:34:24.140,0.89353,0.89359,1.10,1.50
2010.10.25 07:34:24.759,0.89352,0.89359,1.10,2.30
2010.10.25 07:34:25.304,0.89352,0.89359,1.10,2.30
2010.10.25 07:34:26.226,0.89353,0.89359,1.80,2.80
2010.10.25 07:34:26.348,0.89349,0.89356,2.30,1.50
2010.10.25 07:34:27.058,0.89349,0.89357,3.00,3.00
2010.10.25 07:34:27.980,0.89354,0.89359,2.30,1.50
2010.10.25 07:34:28.727,0.89351,0.8936,4.10,1.50
2010.10.25 07:34:29.185,0.89352,0.89356,1.80,1.50
2010.10.25 07:34:29.729,0.89344,0.89349,4.50,1.10
2010.10.25 07:34:30.603,0.89344,0.89349,2.30,1.10
2010.10.25 07:34:31.178,0.89344,0.89351,2.30,2.60
2010.10.25 07:34:31.752,0.89344,0.89351,2.30,2.60
2010.10.25 07:34:32.206,0.89339,0.89349,2.60,1.50
2010.10.25 07:34:32.848,0.8934,0.89348,1.10,2.30
2010.10.25 07:34:33.543,0.89341,0.89348,1.10,2.30
2010.10.25 07:34:34.105,0.89341,0.89348,1.10,2.30
2010.10.25 07:34:34.630,0.89341,0.89348,1.10,2.30
2010.10.25 07:34:35.201,0.89341,0.89348,1.10,2.30
2010.10.25 07:34:35.782,0.89341,0.89348,1.10,2.30
2010.10.25 07:34:36.558,0.89341,0.89348,1.10,2.30
2010.10.25 07:34:37.123,0.89341,0.89348,1.10,2.30
2010.10.25 07:34:37.710,0.89341,0.89349,1.10,2.80
2010.10.25 07:34:38.297,0.89341,0.89349,1.10,2.80
2010.10.25 07:34:38.848,0.89342,0.89349,1.10,1.50
2010.10.25 07:34:39.642,0.89341,0.89348,1.10,2.30
2010.10.25 07:34:40.205,0.89341,0.89348,1.10,2.30
2010.10.25 07:34:40.810,0.89341,0.89348,1.10,2.30
2010.10.25 07:34:41.360,0.89341,0.89348,1.10,2.30
2010.10.25 07:34:42.266,0.89341,0.89347,1.10,2.80
2010.10.25 07:34:42.908,0.89341,0.89347,1.10,2.80
2010.10.25 07:34:43.466,0.89341,0.89348,1.10,4.50
2010.10.25 07:34:44.271,0.89341,0.89348,1.10,1.50
2010.10.25 07:34:44.862,0.89341,0.89348,1.10,2.30
2010.10.25 07:34:45.441,0.89341,0.89348,1.10,1.50
2010.10.25 07:34:46.249,0.89341,0.89348,1.10,1.50
2010.10.25 07:34:46.824,0.89341,0.89348,1.10,1.50
2010.10.25 07:34:47.358,0.89341,0.89348,1.10,1.50
2010.10.25 07:34:48.160,0.89341,0.89348,1.10,1.50
2010.10.25 07:34:48.661,0.89341,0.89349,1.10,2.30
2010.10.25 07:34:49.247,0.89341,0.89349,1.10,2.30
2010.10.25 07:34:49.787,0.89341,0.89349,1.10,2.30
2010.10.25 07:34:50.467,0.89341,0.89349,1.10,2.30
2010.10.25 07:34:51.025,0.89341,0.89349,1.10,2.30
2010.10.25 07:34:51.611,0.89341,0.89349,1.10,2.30
2010.10.25 07:34:52.373,0.89341,0.89349,1.10,2.30
2010.10.25 07:34:52.977,0.89341,0.89346,1.10,2.30
2010.10.25 07:34:53.501,0.89341,0.89347,1.10,2.30
2010.10.25 07:34:54.292,0.89341,0.89347,1.10,2.30
2010.10.25 07:34:55.229,0.89341,0.89349,1.10,2.80
2010.10.25 07:34:55.712,0.89341,0.89348,1.10,2.30
2010.10.25 07:34:56.274,0.89341,0.89348,1.10,2.30
2010.10.25 07:34:56.846,0.89341,0.89348,1.10,2.30
2010.10.25 07:34:57.398,0.89341,0.89349,1.10,1.50
2010.10.25 07:34:58.159,0.89339,0.89349,1.50,2.60
2010.10.25 07:34:58.836,0.89339,0.89348,1.50,1.50
2010.10.25 07:34:59.418,0.89339,0.89348,1.50,1.50
2010.10.25 07:35:00.249,0.89339,0.89348,1.50,1.50
2010.10.25 07:35:00.818,0.89339,0.89348,1.50,1.50
2010.10.25 07:35:01.326,0.89337,0.89347,1.10,3.80
2010.10.25 07:35:02.106,0.89337,0.89347,1.10,3.80
2010.10.25 07:35:02.679,0.89337,0.89347,1.10,3.80
2010.10.25 07:35:03.317,0.89337,0.89347,1.10,3.80
2010.10.25 07:35:03.880,0.89339,0.89347,1.10,3.80
2010.10.25 07:35:04.445,0.8934,0.89347,1.10,1.50
2010.10.25 07:35:05.024,0.8934,0.89347,1.10,1.50
2010.10.25 07:35:05.677,0.8934,0.89347,1.10,1.50
2010.10.25 07:35:06.373,0.8934,0.89347,1.10,1.50
2010.10.25 07:35:06.937,0.89338,0.89347,1.10,3.80
2010.10.25 07:35:07.598,0.89338,0.89347,1.10,3.80
2010.10.25 07:35:08.157,0.89337,0.89346,1.10,1.50
2010.10.25 07:35:08.741,0.89337,0.89346,1.10,1.50
2010.10.25 07:35:09.320,0.89337,0.89347,1.10,3.80
2010.10.25 07:35:09.876,0.89337,0.89347,1.10,3.80
2010.10.25 07:35:10.431,0.89339,0.89347,1.80,1.50
2010.10.25 07:35:11.158,0.8934,0.89347,1.10,1.50
2010.10.25 07:35:11.778,0.89341,0.89349,1.10,2.30
2010.10.25 07:35:12.309,0.89338,0.89349,2.60,5.60
2010.10.25 07:35:12.869,0.89337,0.89348,5.60,1.50
2010.10.25 07:35:13.429,0.89338,0.89348,1.50,1.50
2010.10.25 07:35:14.299,0.89338,0.89349,5.30,2.60
2010.10.25 07:35:15.228,0.89338,0.89349,5.30,1.80
2010.10.25 07:35:16.123,0.89338,0.89348,3.80,1.50
2010.10.25 07:35:16.565,0.89337,0.89348,3.30,3.80
2010.10.25 07:35:17.164,0.89337,0.89347,2.60,2.30
2010.10.25 07:35:17.869,0.89337,0.89347,2.60,2.30
2010.10.25 07:35:18.780,0.89337,0.89348,3.30,4.50
2010.10.25 07:35:19.235,0.89337,0.89348,3.30,4.50
2010.10.25 07:35:19.782,0.89337,0.89348,3.30,4.50
2010.10.25 07:35:20.349,0.89337,0.89348,3.30,4.50
2010.10.25 07:35:20.902,0.89337,0.89348,5.60,1.50
2010.10.25 07:35:21.399,0.89337,0.89348,5.60,1.50
2010.10.25 07:35:21.958,0.89337,0.89348,5.60,1.50
2010.10.25 07:35:22.520,0.89338,0.89348,1.50,1.50
2010.10.25 07:35:23.091,0.89339,0.89349,2.30,1.50
2010.10.25 07:35:24.179,0.89339,0.89347,1.50,1.50
2010.10.25 07:35:25.056,0.89338,0.89348,3.80,1.50
2010.10.25 07:35:25.691,0.89339,0.89348,1.50,1.50
2010.10.25 07:35:26.505,0.89339,0.89348,1.50,1.50
2010.10.25 07:35:27.059,0.89339,0.89348,1.50,1.50
2010.10.25 07:35:27.574,0.89339,0.89348,1.50,1.50
2010.10.25 07:35:28.139,0.89339,0.89348,1.50,1.50
2010.10.25 07:35:28.736,0.89339,0.89348,1.50,1.50
2010.10.25 07:35:29.492,0.89338,0.89346,1.50,1.50
2010.10.25 07:35:30.416,0.89337,0.89346,2.30,1.50
2010.10.25 07:35:31.306,0.89336,0.89346,3.30,1.50
2010.10.25 07:35:31.868,0.89336,0.89346,3.30,1.80
2010.10.25 07:35:32.425,0.89336,0.89346,3.30,1.80
2010.10.25 07:35:32.976,0.89336,0.89346,3.30,4.10
2010.10.25 07:35:33.488,0.89336,0.89346,3.30,4.10
2010.10.25 07:35:34.001,0.89336,0.89346,3.30,4.10
2010.10.25 07:35:34.575,0.89336,0.89346,1.80,5.60
2010.10.25 07:35:35.437,0.89336,0.89346,1.80,5.60
2010.10.25 07:35:36.024,0.89336,0.89346,1.80,5.60
2010.10.25 07:35:36.625,0.89336,0.89346,1.80,5.60
2010.10.25 07:35:37.302,0.89336,0.89346,3.30,4.10
2010.10.25 07:35:38.297,0.89339,0.89346,1.50,1.50
2010.10.25 07:35:38.840,0.89339,0.89347,1.50,1.50
2010.10.25 07:35:39.936,0.89341,0.89348,2.60,1.50
2010.10.25 07:35:40.471,0.89341,0.89348,1.80,1.50
2010.10.25 07:35:41.022,0.89341,0.89348,1.80,1.50
2010.10.25 07:35:41.533,0.89341,0.89348,1.80,1.50
2010.10.25 07:35:42.099,0.89342,0.89349,1.50,1.50
2010.10.25 07:35:42.670,0.89342,0.89349,1.50,1.50
2010.10.25 07:35:43.177,0.89342,0.89349,1.50,1.50
2010.10.25 07:35:43.731,0.89342,0.89349,1.50,1.50
2010.10.25 07:35:44.627,0.89341,0.89349,2.60,1.50
2010.10.25 07:35:45.561,0.89341,0.89349,2.60,1.50
2010.10.25 07:35:46.232,0.89341,0.89349,2.60,1.50
2010.10.25 07:35:46.967,0.89341,0.89349,2.60,1.50
2010.10.25 07:35:47.523,0.89341,0.8935,2.60,1.50
2010.10.25 07:35:48.286,0.89341,0.8935,2.60,1.50
2010.10.25 07:35:48.736,0.89341,0.89351,1.80,5.60
2010.10.25 07:35:49.339,0.89342,0.89351,1.50,4.10
2010.10.25 07:35:50.220,0.89342,0.89351,1.50,4.10
2010.10.25 07:35:51.018,0.89341,0.89349,1.10,1.50
2010.10.25 07:35:51.942,0.89341,0.89349,1.10,1.50
2010.10.25 07:35:52.519,0.89341,0.89349,1.10,1.50
2010.10.25 07:35:53.031,0.89341,0.89349,1.10,1.50
2010.10.25 07:35:53.624,0.89341,0.89349,1.10,1.50
2010.10.25 07:35:54.138,0.8934,0.89349,1.80,1.80
2010.10.25 07:35:54.713,0.8934,0.89349,1.80,1.80
2010.10.25 07:35:55.274,0.89341,0.89349,1.50,1.80
2010.10.25 07:35:56.161,0.89341,0.8935,1.50,1.10
2010.10.25 07:35:56.388,0.89341,0.8935,1.50,2.60
2010.10.25 07:35:57.066,0.89341,0.8935,1.50,2.60
2010.10.25 07:35:57.624,0.8934,0.8935,1.80,2.60
2010.10.25 07:35:58.225,0.8934,0.8935,1.80,2.60
2010.10.25 07:35:59.001,0.89341,0.8935,1.50,2.60
2010.10.25 07:35:59.572,0.89341,0.8935,1.50,2.60
2010.10.25 07:36:00.406,0.8934,0.8935,1.80,2.60
2010.10.25 07:36:00.970,0.8934,0.8935,3.30,1.10
2010.10.25 07:36:01.538,0.8934,0.8935,2.60,1.10
2010.10.25 07:36:02.248,0.89341,0.89349,1.50,1.80
2010.10.25 07:36:02.706,0.89341,0.8935,1.50,1.10
2010.10.25 07:36:03.223,0.89341,0.8935,3.00,1.10
2010.10.25 07:36:04.010,0.89343,0.8935,1.50,1.10
2010.10.25 07:36:04.367,0.89355,0.89361,1.10,13.90
2010.10.25 07:36:04.926,0.89356,0.89363,1.50,4.50
2010.10.25 07:36:05.683,0.89354,0.89362,1.50,4.50
2010.10.25 07:36:06.473,0.89354,0.89361,1.50,4.50
2010.10.25 07:36:07.347,0.89353,0.89361,1.50,2.30
2010.10.25 07:36:07.602,0.89352,0.8936,1.50,2.30
2010.10.25 07:36:08.449,0.89352,0.89359,1.50,1.50
2010.10.25 07:36:09.006,0.89352,0.89359,1.50,1.50
2010.10.25 07:36:09.597,0.8935,0.89358,1.50,1.50
2010.10.25 07:36:10.360,0.89355,0.89362,1.50,3.00
2010.10.25 07:36:11.082,0.89357,0.89363,1.10,1.50
2010.10.25 07:36:11.949,0.89358,0.89362,1.50,1.10
2010.10.25 07:36:12.807,0.89352,0.89362,2.30,1.10
2010.10.25 07:36:13.371,0.89351,0.89362,6.00,2.60
2010.10.25 07:36:13.941,0.89351,0.89362,3.80,4.80
2010.10.25 07:36:14.846,0.89351,0.89362,5.30,2.60
2010.10.25 07:36:15.410,0.89351,0.89361,5.30,1.10
2010.10.25 07:36:15.929,0.89351,0.89361,4.50,2.60
2010.10.25 07:36:16.526,0.89351,0.8936,4.50,1.10
2010.10.25 07:36:17.055,0.89349,0.89356,2.30,4.10
2010.10.25 07:36:17.934,0.8935,0.8936,3.00,1.80
2010.10.25 07:36:18.789,0.89349,0.89358,3.00,1.80
2010.10.25 07:36:19.693,0.8935,0.89358,1.50,1.80
2010.10.25 07:36:20.282,0.8935,0.89358,1.50,1.80
2010.10.25 07:36:20.872,0.89347,0.89356,3.00,1.50
2010.10.25 07:36:21.436,0.89347,0.89356,3.00,1.80
2010.10.25 07:36:21.970,0.89347,0.89356,3.00,1.80
2010.10.25 07:36:22.492,0.89347,0.89356,3.00,1.80
2010.10.25 07:36:23.044,0.89346,0.89353,3.00,1.10
2010.10.25 07:36:23.645,0.89346,0.89355,3.80,1.10
2010.10.25 07:36:24.409,0.89346,0.89355,3.80,1.10
2010.10.25 07:36:24.974,0.89346,0.89355,3.80,1.10
2010.10.25 07:36:25.547,0.89346,0.89355,3.80,1.10
2010.10.25 07:36:26.064,0.89346,0.89355,3.80,1.10
2010.10.25 07:36:26.627,0.89346,0.89354,1.50,1.80
2010.10.25 07:36:27.232,0.89345,0.89354,1.10,2.60
2010.10.25 07:36:27.805,0.89345,0.89352,1.10,1.50
2010.10.25 07:36:28.376,0.89345,0.89353,1.10,1.50
2010.10.25 07:36:29.078,0.89345,0.89353,1.10,1.50
2010.10.25 07:36:29.646,0.89345,0.89353,1.10,1.50
2010.10.25 07:36:30.186,0.89345,0.89353,1.10,1.50
2010.10.25 07:36:30.765,0.89345,0.89354,1.10,2.60
2010.10.25 07:36:31.326,0.89345,0.89354,1.10,2.60
2010.10.25 07:36:31.953,0.89346,0.89354,1.50,1.80
2010.10.25 07:36:32.517,0.89346,0.89355,2.30,2.60
2010.10.25 07:36:33.135,0.89346,0.89355,2.30,2.60
2010.10.25 07:36:33.806,0.8935,0.89359,1.50,2.60
2010.10.25 07:36:34.268,0.89349,0.89359,3.80,1.10
2010.10.25 07:36:34.837,0.8935,0.89359,1.50,4.10
2010.10.25 07:36:35.405,0.8935,0.89359,1.50,4.10
2010.10.25 07:36:36.167,0.8935,0.89359,1.50,4.10
2010.10.25 07:36:36.770,0.8935,0.89358,1.50,4.10
2010.10.25 07:36:37.364,0.8935,0.89357,1.50,1.50
2010.10.25 07:36:38.177,0.89349,0.89357,2.30,1.50
2010.10.25 07:36:38.757,0.89347,0.89355,1.50,1.50
2010.10.25 07:36:39.298,0.89346,0.89354,2.60,1.50
2010.10.25 07:36:39.862,0.89347,0.89356,1.50,1.50
2010.10.25 07:36:40.444,0.89347,0.89356,1.50,1.50
2010.10.25 07:36:41.224,0.89347,0.89356,1.50,1.50
2010.10.25 07:36:41.880,0.89347,0.89356,1.50,1.50
2010.10.25 07:36:42.740,0.89347,0.89356,1.50,1.50
2010.10.25 07:36:43.325,0.89347,0.89356,1.50,1.50
2010.10.25 07:36:43.914,0.89348,0.89356,1.50,3.80
2010.10.25 07:36:44.765,0.89348,0.89355,1.50,1.50
2010.10.25 07:36:45.327,0.89348,0.89356,1.50,1.50
2010.10.25 07:36:45.893,0.89348,0.89356,1.50,1.50
2010.10.25 07:36:46.583,0.89349,0.89356,1.50,1.50
2010.10.25 07:36:47.057,0.89349,0.89356,1.50,1.50
2010.10.25 07:36:47.563,0.89348,0.89355,2.30,1.50
2010.10.25 07:36:48.444,0.89348,0.89355,1.50,1.50
2010.10.25 07:36:49.008,0.89347,0.89355,1.50,1.50
2010.10.25 07:36:49.583,0.89348,0.89355,1.50,1.50
2010.10.25 07:36:50.422,0.89347,0.89355,1.50,3.80
2010.10.25 07:36:51.100,0.89347,0.89355,1.50,3.80
2010.10.25 07:36:51.646,0.89346,0.89355,1.50,1.50
2010.10.25 07:36:52.536,0.89347,0.89354,1.10,1.50
2010.10.25 07:36:53.095,0.89347,0.89354,1.10,1.50
2010.10.25 07:36:53.609,0.89346,0.89354,1.80,1.50
2010.10.25 07:36:54.443,0.89346,0.89354,1.80,1.50
2010.10.25 07:36:55.332,0.89344,0.89354,3.30,1.50
2010.10.25 07:36:55.601,0.89344,0.89353,3.30,1.50
2010.10.25 07:36:56.334,0.89345,0.89353,3.30,1.50
2010.10.25 07:36:56.912,0.89348,0.89357,1.50,1.50
2010.10.25 07:36:57.460,0.89348,0.89356,1.50,1.50
2010.10.25 07:36:58.333,0.89349,0.89357,1.50,3.80
2010.10.25 07:36:58.595,0.89349,0.89356,1.50,1.10
2010.10.25 07:36:59.374,0.8935,0.89358,1.50,1.50
2010.10.25 07:37:00.265,0.89351,0.89359,1.50,1.50
2010.10.25 07:37:00.839,0.89357,0.89364,1.50,5.30
2010.10.25 07:37:01.388,0.89357,0.89366,1.50,3.00
2010.10.25 07:37:02.115,0.89359,0.89368,1.50,1.50
2010.10.25 07:37:02.454,0.8936,0.89375,3.00,9.50
2010.10.25 07:37:03.090,0.89366,0.89375,1.50,3.80
2010.10.25 07:37:03.974,0.89368,0.89375,1.50,1.50
2010.10.25 07:37:04.537,0.89368,0.89376,1.50,1.50
2010.10.25 07:37:05.110,0.89368,0.89376,1.50,1.50
2010.10.25 07:37:06.021,0.8938,0.89389,1.50,5.30
2010.10.25 07:37:06.143,0.89379,0.89389,3.30,2.30
2010.10.25 07:37:06.866,0.89379,0.89387,3.80,1.10
2010.10.25 07:37:07.642,0.89374,0.89384,3.00,1.50
2010.10.25 07:37:08.441,0.89379,0.89389,4.80,1.10
2010.10.25 07:37:08.675,0.89387,0.89392,1.10,5.80
2010.10.25 07:37:09.316,0.89387,0.89393,1.10,6.00
2010.10.25 07:37:09.775,0.89382,0.8939,1.80,1.50
2010.10.25 07:37:10.363,0.89389,0.89394,1.80,4.50
2010.10.25 07:37:11.173,0.89384,0.89392,1.50,2.30
2010.10.25 07:37:11.737,0.89385,0.89392,1.80,1.50
2010.10.25 07:37:12.330,0.89383,0.89393,3.30,3.80
2010.10.25 07:37:13.157,0.89389,0.89395,1.50,1.50
2010.10.25 07:37:13.518,0.89392,0.89398,1.80,1.50
2010.10.25 07:37:14.096,0.89394,0.894,2.30,1.50
2010.10.25 07:37:14.954,0.89395,0.89403,1.80,1.50
2010.10.25 07:37:15.736,0.894,0.89405,1.10,1.50
2010.10.25 07:37:15.966,0.89399,0.89405,1.50,1.50
2010.10.25 07:37:16.774,0.89398,0.89406,1.10,1.50
2010.10.25 07:37:17.644,0.89397,0.89407,2.60,3.80
2010.10.25 07:37:17.904,0.89399,0.89407,1.50,1.50
2010.10.25 07:37:18.618,0.894,0.89408,1.10,1.50
2010.10.25 07:37:19.533,0.89397,0.89408,1.80,2.30
2010.10.25 07:37:19.985,0.89399,0.89407,1.50,3.80
2010.10.25 07:37:20.537,0.89399,0.89407,1.50,3.80
2010.10.25 07:37:21.572,0.89397,0.89406,1.80,1.50
2010.10.25 07:37:22.026,0.89396,0.89406,3.00,3.80
2010.10.25 07:37:22.647,0.89396,0.89405,1.80,1.50
2010.10.25 07:37:23.340,0.89398,0.89406,1.10,3.80
2010.10.25 07:37:23.896,0.89398,0.89406,1.10,3.80
2010.10.25 07:37:24.497,0.89396,0.89406,3.00,5.30
2010.10.25 07:37:25.357,0.89396,0.89404,1.10,1.50
2010.10.25 07:37:25.926,0.89396,0.89403,1.10,1.50
2010.10.25 07:37:26.493,0.89396,0.89403,1.10,1.50
2010.10.25 07:37:26.995,0.89397,0.89404,1.10,3.80
2010.10.25 07:37:27.544,0.89397,0.89404,1.10,1.50
2010.10.25 07:37:28.324,0.89397,0.89404,1.10,1.50
2010.10.25 07:37:29.223,0.89401,0.89408,1.10,2.30
2010.10.25 07:37:29.989,0.894,0.89404,1.80,1.50
2010.10.25 07:37:30.874,0.89398,0.89404,1.10,1.50
2010.10.25 07:37:31.450,0.89401,0.89405,1.80,1.50
2010.10.25 07:37:31.992,0.89401,0.89405,1.80,1.50
2010.10.25 07:37:32.549,0.89401,0.89407,1.80,1.50
2010.10.25 07:37:33.077,0.89401,0.89407,1.10,1.50
2010.10.25 07:37:33.973,0.89401,0.89407,1.10,1.50
2010.10.25 07:37:34.547,0.89401,0.89407,1.10,1.50
2010.10.25 07:37:35.127,0.89401,0.89405,1.10,1.50
2010.10.25 07:37:35.757,0.89401,0.89405,1.10,1.50
2010.10.25 07:37:36.342,0.894,0.89405,1.80,1.50
2010.10.25 07:37:36.844,0.894,0.89405,1.80,1.50
2010.10.25 07:37:37.412,0.89402,0.89407,1.80,1.50
2010.10.25 07:37:37.957,0.89402,0.89408,1.10,1.50
2010.10.25 07:37:38.743,0.89402,0.89408,1.10,1.50
2010.10.25 07:37:39.317,0.89402,0.89408,1.10,1.50
2010.10.25 07:37:40.073,0.89401,0.89408,1.80,1.50
2010.10.25 07:37:40.636,0.89401,0.89408,1.80,1.50
2010.10.25 07:37:41.180,0.89401,0.89409,1.80,1.50
2010.10.25 07:37:42.037,0.89401,0.89409,1.80,1.50
2010.10.25 07:37:42.401,0.89401,0.89409,1.80,1.50
2010.10.25 07:37:43.225,0.89402,0.89409,1.10,1.50
2010.10.25 07:37:43.787,0.89401,0.8941,1.50,1.50
2010.10.25 07:37:44.288,0.89401,0.8941,1.50,1.50
2010.10.25 07:37:44.846,0.89401,0.8941,1.80,1.50
2010.10.25 07:37:45.528,0.89403,0.8941,1.10,1.50
2010.10.25 07:37:46.084,0.89402,0.89409,1.50,1.50
2010.10.25 07:37:46.717,0.89396,0.89401,8.60,1.50
2010.10.25 07:37:47.279,0.89395,0.89401,1.50,1.80
2010.10.25 07:37:47.780,0.89396,0.89401,1.50,1.50
2010.10.25 07:37:48.450,0.89395,0.89402,2.60,2.30
2010.10.25 07:37:49.078,0.89398,0.89405,1.10,3.00
2010.10.25 07:37:49.973,0.89397,0.89407,1.50,1.50
2010.10.25 07:37:50.870,0.89397,0.89406,1.50,3.80
2010.10.25 07:37:51.316,0.89397,0.89406,1.50,3.80
2010.10.25 07:37:51.863,0.89397,0.89406,1.50,3.80
2010.10.25 07:37:52.716,0.89397,0.89406,3.00,1.50
2010.10.25 07:37:53.635,0.89397,0.89406,1.50,2.60
2010.10.25 07:37:54.097,0.89398,0.89406,1.50,4.10
2010.10.25 07:37:54.654,0.894,0.89407,1.50,1.50
2010.10.25 07:37:55.516,0.89401,0.89409,3.00,1.10
2010.10.25 07:37:55.768,0.89401,0.8941,1.50,2.60
2010.10.25 07:37:56.441,0.894,0.89409,1.50,2.60
2010.10.25 07:37:56.898,0.89399,0.89406,3.00,1.50
2010.10.25 07:37:57.435,0.89399,0.89406,3.00,1.50
2010.10.25 07:37:58.001,0.89399,0.89406,2.30,1.90
2010.10.25 07:37:58.602,0.894,0.89409,1.50,2.30
2010.10.25 07:37:59.391,0.89402,0.89411,1.50,3.80
2010.10.25 07:37:59.897,0.89401,0.89411,2.30,7.10
2010.10.25 07:38:00.652,0.89401,0.8941,1.50,1.80
2010.10.25 07:38:01.505,0.89399,0.89409,1.50,4.50
2010.10.25 07:38:01.751,0.89399,0.89409,1.50,4.80
2010.10.25 07:38:02.439,0.89399,0.89409,1.50,8.60
2010.10.25 07:38:03.340,0.89399,0.89409,2.30,4.80
2010.10.25 07:38:03.911,0.894,0.8941,2.30,2.60
2010.10.25 07:38:04.501,0.894,0.8941,2.30,2.30
2010.10.25 07:38:05.299,0.894,0.8941,2.30,2.30
2010.10.25 07:38:05.874,0.894,0.8941,2.30,2.30
2010.10.25 07:38:06.701,0.89399,0.89409,4.50,2.30
2010.10.25 07:38:07.320,0.89407,0.89417,2.60,3.80
2010.10.25 07:38:07.892,0.8941,0.89417,1.10,1.50
2010.10.25 07:38:08.488,0.89412,0.89418,2.30,1.50
2010.10.25 07:38:09.030,0.89412,0.89418,3.00,1.50
2010.10.25 07:38:09.584,0.8941,0.89421,5.30,3.00
2010.10.25 07:38:10.125,0.89411,0.89418,1.50,1.50
2010.10.25 07:38:10.792,0.89408,0.89416,1.50,4.80
2010.10.25 07:38:11.613,0.89404,0.89414,1.10,2.30
2010.10.25 07:38:12.221,0.89404,0.89414,1.10,2.30
2010.10.25 07:38:12.771,0.89404,0.89414,1.10,2.30
2010.10.25 07:38:13.331,0.89403,0.89414,1.50,3.00
2010.10.25 07:38:13.895,0.89402,0.89414,3.80,4.10
2010.10.25 07:38:14.710,0.89403,0.89413,2.30,4.50
2010.10.25 07:38:15.066,0.89401,0.89413,6.30,4.50
2010.10.25 07:38:15.619,0.89403,0.89407,1.50,3.30
2010.10.25 07:38:15.738,0.89395,0.89406,5.60,2.30
2010.10.25 07:38:16.526,0.89396,0.89405,1.50,1.10
2010.10.25 07:38:17.145,0.89395,0.89405,3.00,1.10
2010.10.25 07:38:18.052,0.8939,0.89401,4.80,1.50
2010.10.25 07:38:18.950,0.89391,0.89401,2.60,4.10
2010.10.25 07:38:19.176,0.894,0.89405,1.10,14.00
2010.10.25 07:38:19.843,0.894,0.89408,1.10,2.30
2010.10.25 07:38:20.409,0.89399,0.8941,4.50,1.50
2010.10.25 07:38:20.959,0.89401,0.89411,3.00,1.50
2010.10.25 07:38:21.824,0.89404,0.89411,1.50,1.50
2010.10.25 07:38:22.389,0.89404,0.89412,1.50,3.80
2010.10.25 07:38:22.970,0.894,0.89409,3.00,2.60
2010.10.25 07:38:23.784,0.89402,0.89409,1.50,3.30
2010.10.25 07:38:24.682,0.89403,0.89411,1.50,1.50
2010.10.25 07:38:25.580,0.89402,0.89406,2.30,3.30
2010.10.25 07:38:26.039,0.89398,0.89407,3.80,1.10
2010.10.25 07:38:26.737,0.89398,0.89409,3.80,2.60
2010.10.25 07:38:27.556,0.89398,0.89409,3.80,2.60
2010.10.25 07:38:28.127,0.89397,0.89405,1.50,2.30
2010.10.25 07:38:28.743,0.89397,0.89406,1.50,7.10
2010.10.25 07:38:29.438,0.89397,0.89405,1.50,2.60
2010.10.25 07:38:30.366,0.89397,0.89405,1.50,2.60
2010.10.25 07:38:30.820,0.89397,0.89405,1.50,2.30
2010.10.25 07:38:31.431,0.89397,0.89406,1.50,3.80
2010.10.25 07:38:32.235,0.89396,0.89406,1.50,8.30
2010.10.25 07:38:32.797,0.89396,0.89404,1.50,2.30
2010.10.25 07:38:33.574,0.89396,0.89404,1.50,2.30
2010.10.25 07:38:34.020,0.89398,0.89406,3.80,3.30
2010.10.25 07:38:34.626,0.89397,0.89406,2.30,1.50
2010.10.25 07:38:35.338,0.89398,0.89408,1.50,4.80
2010.10.25 07:38:35.929,0.89399,0.89409,1.50,6.80
2010.10.25 07:38:36.661,0.89399,0.89409,1.50,6.80
2010.10.25 07:38:37.217,0.89399,0.89409,1.50,6.80
2010.10.25 07:38:37.757,0.89399,0.89409,1.50,6.80
2010.10.25 07:38:38.323,0.89399,0.89409,1.50,6.80
2010.10.25 07:38:38.835,0.89399,0.89409,1.50,6.80
2010.10.25 07:38:39.402,0.89398,0.89408,2.30,4.50
2010.10.25 07:38:40.168,0.89399,0.89408,1.50,3.00
2010.10.25 07:38:40.737,0.89398,0.89408,2.30,4.50
2010.10.25 07:38:41.270,0.89398,0.89408,2.30,4.50
2010.10.25 07:38:41.866,0.89398,0.89408,2.30,4.50
2010.10.25 07:38:42.557,0.89398,0.89408,2.30,4.50
2010.10.25 07:38:43.232,0.89398,0.89408,2.30,4.50
2010.10.25 07:38:43.834,0.89398,0.89408,2.30,4.50
2010.10.25 07:38:44.445,0.89398,0.89408,2.30,2.30
2010.10.25 07:38:45.172,0.89399,0.89409,2.30,2.60
2010.10.25 07:38:46.023,0.89399,0.89409,2.30,1.10
2010.10.25 07:38:46.612,0.89396,0.89404,3.80,1.10
2010.10.25 07:38:47.189,0.89396,0.89401,1.50,1.50
2010.10.25 07:38:48.063,0.89396,0.89405,1.50,4.50
2010.10.25 07:38:48.634,0.89396,0.89405,1.50,4.50
2010.10.25 07:38:49.174,0.89395,0.89404,2.30,2.30
2010.10.25 07:38:49.735,0.89395,0.89404,2.30,2.30
2010.10.25 07:38:50.340,0.89395,0.89404,1.50,2.30
2010.10.25 07:38:51.125,0.89395,0.89404,1.50,3.00
2010.10.25 07:38:51.686,0.89394,0.89404,1.50,5.30
2010.10.25 07:38:52.283,0.89394,0.89404,1.50,5.30
2010.10.25 07:38:52.824,0.89394,0.89404,1.50,5.30
2010.10.25 07:38:53.383,0.89394,0.89404,1.50,5.00
2010.10.25 07:38:54.254,0.89394,0.89404,1.50,5.30
2010.10.25 07:38:54.604,0.89394,0.89404,1.50,5.30
2010.10.25 07:38:55.153,0.89394,0.89403,1.50,3.00
2010.10.25 07:38:55.736,0.89394,0.89403,1.50,3.00
2010.10.25 07:38:56.430,0.89393,0.89403,1.50,4.50
2010.10.25 07:38:57.016,0.89393,0.89403,1.50,4.50
2010.10.25 07:38:57.540,0.89393,0.89403,1.50,4.50
2010.10.25 07:38:58.418,0.89393,0.89401,1.50,1.50
2010.10.25 07:38:58.998,0.8939,0.89398,1.50,1.80
2010.10.25 07:38:59.610,0.8939,0.89398,1.50,1.10
2010.10.25 07:39:00.458,0.8939,0.89396,1.50,1.80
2010.10.25 07:39:00.935,0.89391,0.89396,2.30,1.50
2010.10.25 07:39:01.508,0.89389,0.89399,1.50,3.00
2010.10.25 07:39:02.185,0.89389,0.89397,3.80,1.10
2010.10.25 07:39:02.646,0.89391,0.894,1.50,1.30
2010.10.25 07:39:03.167,0.89393,0.89401,2.60,1.50
2010.10.25 07:39:03.898,0.89391,0.89396,1.50,1.80
2010.10.25 07:39:04.765,0.89391,0.89396,1.50,1.80
2010.10.25 07:39:05.342,0.89386,0.89396,4.10,1.80
2010.10.25 07:39:05.914,0.89386,0.89396,4.10,1.80
2010.10.25 07:39:06.661,0.89389,0.89398,1.10,1.50
2010.10.25 07:39:07.225,0.89388,0.89396,1.10,1.50
2010.10.25 07:39:07.767,0.89389,0.89399,1.50,4.80
2010.10.25 07:39:08.340,0.89392,0.89399,1.10,2.30
2010.10.25 07:39:08.877,0.89397,0.89405,1.10,3.00
2010.10.25 07:39:09.695,0.89396,0.89405,3.30,2.30
2010.10.25 07:39:10.258,0.89394,0.89401,4.10,1.50
2010.10.25 07:39:10.871,0.89393,0.89402,1.10,2.30
2010.10.25 07:39:11.616,0.89392,0.89402,4.80,3.00
2010.10.25 07:39:12.193,0.89392,0.89401,4.80,3.00
2010.10.25 07:39:12.793,0.89391,0.894,1.80,1.10
2010.10.25 07:39:13.477,0.89391,0.894,1.80,1.10
2010.10.25 07:39:14.051,0.89389,0.89397,1.50,1.10
2010.10.25 07:39:14.581,0.89388,0.89395,1.50,1.80
2010.10.25 07:39:15.448,0.89388,0.89394,1.50,1.10
2010.10.25 07:39:16.016,0.89388,0.89394,1.50,1.10
2010.10.25 07:39:16.574,0.89388,0.89394,1.50,1.10
2010.10.25 07:39:17.138,0.89388,0.89394,1.50,1.10
2010.10.25 07:39:17.679,0.89388,0.89394,1.50,1.10
2010.10.25 07:39:18.563,0.89388,0.89394,1.50,1.10
2010.10.25 07:39:19.124,0.89389,0.89396,1.50,4.50
2010.10.25 07:39:19.664,0.89388,0.89396,1.50,5.30
2010.10.25 07:39:20.475,0.89388,0.89395,1.50,1.50
2010.10.25 07:39:21.047,0.89387,0.89395,1.50,1.80
2010.10.25 07:39:21.772,0.89387,0.89395,1.50,1.80
2010.10.25 07:39:22.296,0.89387,0.89395,1.50,1.80
2010.10.25 07:39:23.204,0.89387,0.89395,1.50,1.80
2010.10.25 07:39:23.766,0.89387,0.89395,1.50,1.80
2010.10.25 07:39:24.391,0.89387,0.89395,1.50,1.80
2010.10.25 07:39:24.947,0.89388,0.89397,1.80,1.50
2010.10.25 07:39:25.487,0.89388,0.89397,1.80,1.50
2010.10.25 07:39:26.056,0.89388,0.89397,1.80,1.50
2010.10.25 07:39:26.602,0.89388,0.89397,1.80,1.50
2010.10.25 07:39:27.174,0.89388,0.89397,1.50,1.50
2010.10.25 07:39:27.760,0.89388,0.89397,1.50,1.50
2010.10.25 07:39:28.315,0.89388,0.89397,1.50,1.50
2010.10.25 07:39:28.937,0.89388,0.89397,1.50,1.80
2010.10.25 07:39:29.425,0.89388,0.89397,1.50,1.80
2010.10.25 07:39:30.195,0.89388,0.89397,1.50,1.50
2010.10.25 07:39:31.073,0.8939,0.89399,1.50,3.80
2010.10.25 07:39:31.313,0.8939,0.89399,1.50,3.80
2010.10.25 07:39:32.110,0.8939,0.89399,1.50,3.80
2010.10.25 07:39:32.670,0.8939,0.89399,1.50,3.80
2010.10.25 07:39:33.263,0.8939,0.89399,1.50,3.80
2010.10.25 07:39:33.880,0.8939,0.89399,1.50,3.80
2010.10.25 07:39:34.383,0.89389,0.89399,1.50,5.30
2010.10.25 07:39:34.945,0.89388,0.89396,2.30,4.50
2010.10.25 07:39:35.660,0.89386,0.89395,1.50,1.10
2010.10.25 07:39:36.118,0.89389,0.89398,1.50,1.50
2010.10.25 07:39:36.730,0.89389,0.89398,1.50,1.50
2010.10.25 07:39:37.292,0.89389,0.89398,1.50,1.50
2010.10.25 07:39:37.886,0.89389,0.89398,1.50,1.50
2010.10.25 07:39:38.779,0.8939,0.89399,1.50,1.50
2010.10.25 07:39:39.417,0.8939,0.89399,1.50,1.50
2010.10.25 07:39:40.174,0.8939,0.89399,1.50,2.00
2010.10.25 07:39:40.736,0.89389,0.89397,1.50,1.50
2010.10.25 07:39:41.272,0.89389,0.89398,1.50,1.10
2010.10.25 07:39:41.828,0.89389,0.89399,1.50,3.00
2010.10.25 07:39:42.332,0.89389,0.89399,1.50,3.00
2010.10.25 07:39:42.929,0.89388,0.89394,1.50,3.30
2010.10.25 07:39:43.546,0.89386,0.89392,1.50,1.80
2010.10.25 07:39:44.392,0.89386,0.89392,1.50,1.80
2010.10.25 07:39:44.975,0.89385,0.89391,1.50,2.60
2010.10.25 07:39:45.520,0.89385,0.89391,1.50,1.10
2010.10.25 07:39:46.076,0.89385,0.89391,1.50,1.10
2010.10.25 07:39:46.870,0.89385,0.89391,1.50,1.10
2010.10.25 07:39:47.486,0.89385,0.89391,1.50,1.10
2010.10.25 07:39:48.058,0.89384,0.89391,1.50,1.10
2010.10.25 07:39:48.943,0.89384,0.89391,1.50,1.10
2010.10.25 07:39:49.486,0.89383,0.89391,1.50,3.30
2010.10.25 07:39:50.342,0.89383,0.89391,1.50,3.30
2010.10.25 07:39:50.953,0.89383,0.89391,1.50,3.30
2010.10.25 07:39:51.681,0.89383,0.89391,1.50,3.30
2010.10.25 07:39:52.612,0.89383,0.89391,1.50,3.30
2010.10.25 07:39:52.989,0.89383,0.89391,1.50,3.30
2010.10.25 07:39:53.556,0.89383,0.89391,1.50,3.30
2010.10.25 07:39:54.165,0.89383,0.89391,1.50,3.30
2010.10.25 07:39:54.975,0.89383,0.89391,1.50,3.30
2010.10.25 07:39:55.536,0.89383,0.89391,1.50,3.30
2010.10.25 07:39:56.133,0.89382,0.89391,1.50,3.30
2010.10.25 07:39:56.638,0.89382,0.89391,1.50,3.30
2010.10.25 07:39:57.286,0.89383,0.89391,1.50,3.30
2010.10.25 07:39:57.858,0.89383,0.89391,1.50,3.30
2010.10.25 07:39:58.380,0.89382,0.89391,1.50,4.80
2010.10.25 07:39:59.057,0.89382,0.89391,1.50,4.80
2010.10.25 07:39:59.621,0.89382,0.89391,1.50,4.80
2010.10.25 07:40:00.143,0.89382,0.89391,1.50,4.80
2010.10.25 07:40:00.752,0.89381,0.89391,2.60,6.30
2010.10.25 07:40:01.318,0.89381,0.89391,2.60,7.10
2010.10.25 07:40:01.912,0.8938,0.8939,2.60,2.30
2010.10.25 07:40:02.791,0.8938,0.8939,1.80,3.50
2010.10.25 07:40:03.027,0.89379,0.89389,6.30,2.30
2010.10.25 07:40:03.791,0.89379,0.89389,6.30,1.50
2010.10.25 07:40:04.590,0.89381,0.89391,1.80,7.80
2010.10.25 07:40:05.477,0.89381,0.89391,1.80,8.30
2010.10.25 07:40:05.926,0.89381,0.89389,1.80,1.30
2010.10.25 07:40:06.517,0.89379,0.89389,6.30,2.80
2010.10.25 07:40:07.142,0.89379,0.89389,6.30,2.80
2010.10.25 07:40:07.714,0.89379,0.89389,6.30,2.80
2010.10.25 07:40:08.218,0.89379,0.89389,6.30,2.80
2010.10.25 07:40:08.797,0.8938,0.89389,1.80,1.30
2010.10.25 07:40:09.345,0.89379,0.89388,4.80,2.30
2010.10.25 07:40:10.545,0.89379,0.89388,4.80,2.30
2010.10.25 07:40:11.148,0.89384,0.8939,1.50,1.30
2010.10.25 07:40:11.957,0.89383,0.89391,1.50,4.80
2010.10.25 07:40:12.742,0.89382,0.89391,2.30,2.60
2010.10.25 07:40:13.625,0.89382,0.89391,2.30,2.60
2010.10.25 07:40:14.183,0.89384,0.89389,1.50,1.10
2010.10.25 07:40:14.804,0.89383,0.89391,1.50,2.30
2010.10.25 07:40:15.490,0.89383,0.89391,1.50,2.30
2010.10.25 07:40:15.608,0.89379,0.89384,15.80,1.10
2010.10.25 07:40:16.378,0.89382,0.89386,1.50,3.80
2010.10.25 07:40:16.946,0.89382,0.89389,1.50,1.80
2010.10.25 07:40:17.484,0.89382,0.89389,1.50,1.80
2010.10.25 07:40:18.068,0.89381,0.89389,1.50,1.50
2010.10.25 07:40:18.627,0.89381,0.89389,1.50,1.50
2010.10.25 07:40:19.381,0.89381,0.89389,1.50,1.50
2010.10.25 07:40:19.946,0.89381,0.89389,1.50,1.50
2010.10.25 07:40:20.461,0.89381,0.89389,1.50,1.50
2010.10.25 07:40:21.116,0.89381,0.89389,1.50,1.50
2010.10.25 07:40:21.786,0.89381,0.89389,1.50,1.50
2010.10.25 07:40:22.467,0.89381,0.89389,1.50,1.10
2010.10.25 07:40:23.038,0.8938,0.8939,2.30,5.60
2010.10.25 07:40:23.588,0.8938,0.8939,2.30,5.60
2010.10.25 07:40:24.249,0.89381,0.8939,1.50,3.30
2010.10.25 07:40:24.830,0.8938,0.89386,2.30,1.80
2010.10.25 07:40:25.938,0.89378,0.89386,1.50,2.60
2010.10.25 07:40:26.697,0.89376,0.89383,1.50,2.30
2010.10.25 07:40:27.576,0.89375,0.89383,1.50,3.00
2010.10.25 07:40:28.147,0.89375,0.89382,1.50,2.30
2010.10.25 07:40:28.680,0.89375,0.89385,1.50,5.60
2010.10.25 07:40:29.249,0.89376,0.89384,1.50,1.10
2010.10.25 07:40:29.705,0.89375,0.89383,1.50,3.00
2010.10.25 07:40:30.214,0.8938,0.89385,1.50,3.30
2010.10.25 07:40:30.827,0.8938,0.89388,2.30,1.10
2010.10.25 07:40:31.616,0.89384,0.8939,2.30,2.30
2010.10.25 07:40:32.527,0.89384,0.89396,5.30,7.50
2010.10.25 07:40:32.996,0.89389,0.89398,2.30,1.80
2010.10.25 07:40:33.548,0.89386,0.89396,2.30,6.30
2010.10.25 07:40:34.179,0.89386,0.89395,2.30,3.00
2010.10.25 07:40:34.895,0.89379,0.89388,4.10,2.30
2010.10.25 07:40:35.779,0.89378,0.89384,2.30,1.80
2010.10.25 07:40:36.699,0.89376,0.89384,1.50,3.00
2010.10.25 07:40:37.277,0.89375,0.89384,2.30,3.00
2010.10.25 07:40:37.769,0.89381,0.89386,1.10,2.30
2010.10.25 07:40:38.623,0.89376,0.89385,3.30,4.50
2010.10.25 07:40:39.192,0.89384,0.89389,7.20,3.00
2010.10.25 07:40:39.801,0.89386,0.89393,1.10,3.00
2010.10.25 07:40:40.339,0.89386,0.89392,1.10,3.00
2010.10.25 07:40:41.155,0.89386,0.89394,1.80,1.50
2010.10.25 07:40:41.720,0.89386,0.89396,3.30,4.50
2010.10.25 07:40:42.279,0.89387,0.89396,2.60,1.50
2010.10.25 07:40:42.997,0.89387,0.89397,4.10,2.30
2010.10.25 07:40:43.447,0.89387,0.89397,4.10,2.30
2010.10.25 07:40:44.001,0.89387,0.89397,4.10,2.30
2010.10.25 07:40:44.590,0.89388,0.89398,3.00,1.50
2010.10.25 07:40:45.051,0.89393,0.89401,1.80,3.00
2010.10.25 07:40:45.926,0.89396,0.89402,1.80,1.50
2010.10.25 07:40:46.773,0.89396,0.89403,1.80,1.50
2010.10.25 07:40:47.353,0.89396,0.89403,1.80,1.50
2010.10.25 07:40:47.948,0.89396,0.89403,1.80,1.50
2010.10.25 07:40:48.706,0.89396,0.89403,1.80,1.50
2010.10.25 07:40:49.279,0.89396,0.89403,1.80,1.50
2010.10.25 07:40:49.781,0.89396,0.89403,1.80,1.50
2010.10.25 07:40:50.303,0.89396,0.89403,1.80,1.50
2010.10.25 07:40:50.846,0.89396,0.89402,1.80,1.50
2010.10.25 07:40:51.408,0.89396,0.89403,1.80,1.50
2010.10.25 07:40:52.008,0.89396,0.89403,1.80,1.50
2010.10.25 07:40:52.788,0.89396,0.89403,1.10,1.50
2010.10.25 07:40:53.367,0.89395,0.89403,1.10,1.50
2010.10.25 07:40:53.894,0.89395,0.89403,1.10,1.50
2010.10.25 07:40:54.466,0.89395,0.89403,1.10,1.50
2010.10.25 07:40:55.126,0.89395,0.89403,1.10,1.50
2010.10.25 07:40:55.806,0.89395,0.89403,1.10,1.50
2010.10.25 07:40:56.409,0.89395,0.89403,1.10,1.50
2010.10.25 07:40:57.010,0.89395,0.89402,1.10,1.50
2010.10.25 07:40:57.895,0.89395,0.89401,1.10,1.50
2010.10.25 07:40:58.451,0.8939,0.89401,4.80,2.80
2010.10.25 07:40:58.989,0.8939,0.89401,4.80,2.80
2010.10.25 07:40:59.561,0.8939,0.89401,3.80,2.80
2010.10.25 07:41:00.128,0.89389,0.89398,3.00,2.30
2010.10.25 07:41:00.898,0.89388,0.89399,5.30,2.80
2010.10.25 07:41:01.660,0.89388,0.89397,3.00,2.30
2010.10.25 07:41:02.551,0.89386,0.89396,2.60,4.50
2010.10.25 07:41:02.996,0.89386,0.89396,2.60,4.50
2010.10.25 07:41:03.552,0.89387,0.89398,2.60,5.00
2010.10.25 07:41:04.317,0.89387,0.89398,3.30,4.50
2010.10.25 07:41:04.875,0.89389,0.89398,1.50,3.00
2010.10.25 07:41:05.382,0.89389,0.89398,1.50,3.00
2010.10.25 07:41:06.274,0.89389,0.89398,1.50,3.00
2010.10.25 07:41:06.835,0.89389,0.89398,1.50,3.00
2010.10.25 07:41:07.410,0.89389,0.89398,1.50,3.00
2010.10.25 07:41:08.324,0.89388,0.89398,1.50,4.50
2010.10.25 07:41:08.787,0.89388,0.89398,1.50,5.00
2010.10.25 07:41:09.309,0.89389,0.89398,1.50,3.50
2010.10.25 07:41:09.877,0.89388,0.89398,1.50,5.00
2010.10.25 07:41:10.398,0.89388,0.89398,1.50,5.00
2010.10.25 07:41:11.208,0.89388,0.89398,1.50,5.00
2010.10.25 07:41:11.724,0.89388,0.89398,1.50,5.00
2010.10.25 07:41:12.333,0.89388,0.89398,1.50,5.00
2010.10.25 07:41:12.902,0.89388,0.89396,1.50,1.30
2010.10.25 07:41:13.467,0.89384,0.89393,4.10,2.30
2010.10.25 07:41:14.154,0.89384,0.89393,1.50,2.80
2010.10.25 07:41:14.616,0.89388,0.89397,1.10,1.50
2010.10.25 07:41:15.210,0.89388,0.89398,4.10,1.50
2010.10.25 07:41:15.899,0.89392,0.89401,1.50,1.30
2010.10.25 07:41:16.361,0.89393,0.89401,1.50,1.30
2010.10.25 07:41:16.965,0.89391,0.89401,1.10,3.00
2010.10.25 07:41:17.641,0.89391,0.89401,1.10,3.50
2010.10.25 07:41:18.532,0.8939,0.89399,4.50,1.30
2010.10.25 07:41:19.107,0.89388,0.89399,4.50,1.30
2010.10.25 07:41:19.664,0.89389,0.89399,1.50,1.30
2010.10.25 07:41:20.367,0.89389,0.89399,1.50,1.30
2010.10.25 07:41:21.257,0.89391,0.89401,4.50,2.30
2010.10.25 07:41:21.742,0.89393,0.89401,2.60,1.50
2010.10.25 07:41:22.350,0.89392,0.894,3.00,1.30
2010.10.25 07:41:23.050,0.89393,0.89398,1.50,1.30
2010.10.25 07:41:23.967,0.8939,0.89396,3.80,1.30
2010.10.25 07:41:24.469,0.8939,0.89396,3.80,1.30
2010.10.25 07:41:24.979,0.8939,0.89396,2.30,1.30
2010.10.25 07:41:25.833,0.8939,0.89396,3.80,1.30
2010.10.25 07:41:26.438,0.8939,0.89396,3.80,1.30
2010.10.25 07:41:27.039,0.8939,0.89396,3.80,1.30
2010.10.25 07:41:27.595,0.8939,0.89396,3.80,1.30
2010.10.25 07:41:28.136,0.89389,0.89397,1.50,1.30
2010.10.25 07:41:28.812,0.89386,0.89396,2.30,2.80
2010.10.25 07:41:29.752,0.89382,0.8939,3.80,1.30
2010.10.25 07:41:30.578,0.8938,0.89389,1.80,1.30
2010.10.25 07:41:31.479,0.89379,0.89387,5.60,1.30
2010.10.25 07:41:32.365,0.8938,0.89387,1.80,1.30
2010.10.25 07:41:32.915,0.89381,0.89389,2.30,2.80
2010.10.25 07:41:33.498,0.89379,0.89387,6.30,1.30
2010.10.25 07:41:34.359,0.89383,0.8939,2.30,1.50
2010.10.25 07:41:34.839,0.89384,0.89388,4.10,1.30
2010.10.25 07:41:35.354,0.89383,0.89389,1.10,2.80
2010.10.25 07:41:36.155,0.89383,0.89389,1.10,2.80
2010.10.25 07:41:36.725,0.89379,0.89387,1.80,1.30
2010.10.25 07:41:37.275,0.89379,0.89388,1.80,2.80
2010.10.25 07:41:37.986,0.89377,0.89385,3.80,1.30
2010.10.25 07:41:38.554,0.89377,0.89385,2.30,1.30
2010.10.25 07:41:39.138,0.89385,0.89393,1.10,21.50
2010.10.25 07:41:39.916,0.89385,0.89389,2.30,1.50
2010.10.25 07:41:40.508,0.89382,0.89388,1.10,2.80
2010.10.25 07:41:41.093,0.89379,0.89388,4.80,2.80
2010.10.25 07:41:41.814,0.89381,0.89388,1.10,1.30
2010.10.25 07:41:42.381,0.89381,0.89389,2.60,1.30
2010.10.25 07:41:42.934,0.89383,0.89391,1.10,2.30
2010.10.25 07:41:43.600,0.89384,0.8939,1.80,2.80
2010.10.25 07:41:44.488,0.89384,0.89392,3.30,1.50
2010.10.25 07:41:45.010,0.89384,0.89392,3.30,1.50
2010.10.25 07:41:45.512,0.89384,0.89392,3.30,1.50
2010.10.25 07:41:46.310,0.89384,0.89391,3.30,1.50
2010.10.25 07:41:47.249,0.89384,0.89391,3.30,1.50
2010.10.25 07:41:48.042,0.89384,0.89391,2.60,1.50
2010.10.25 07:41:48.264,0.89384,0.89391,2.60,1.50
2010.10.25 07:41:49.006,0.89384,0.89392,2.60,1.50
2010.10.25 07:41:49.584,0.89384,0.89392,2.60,1.50
2010.10.25 07:41:50.158,0.89384,0.89391,2.60,1.50
2010.10.25 07:41:50.951,0.89384,0.89392,2.60,1.50
2010.10.25 07:41:51.435,0.89384,0.89392,2.60,1.50
2010.10.25 07:41:52.048,0.89384,0.89392,2.60,1.50
2010.10.25 07:41:52.916,0.89384,0.89392,3.30,1.50
2010.10.25 07:41:53.480,0.89384,0.89392,3.30,2.00
2010.10.25 07:41:54.092,0.89384,0.89394,7.10,2.30
2010.10.25 07:41:54.739,0.89386,0.89394,1.10,1.50
2010.10.25 07:41:55.332,0.89384,0.89394,7.80,1.50
2010.10.25 07:41:55.931,0.89384,0.89394,7.80,1.50
2010.10.25 07:41:56.733,0.89384,0.89394,7.80,1.50
2010.10.25 07:41:57.356,0.89384,0.89394,7.80,1.50
2010.10.25 07:41:57.891,0.89386,0.89395,1.10,2.30
2010.10.25 07:41:58.648,0.89384,0.89395,3.80,4.50
2010.10.25 07:41:59.234,0.89385,0.89393,1.10,1.50
2010.10.25 07:41:59.806,0.89385,0.89394,1.10,2.30
2010.10.25 07:42:00.478,0.89385,0.89394,3.30,2.30
2010.10.25 07:42:01.058,0.89386,0.89396,2.30,2.30
2010.10.25 07:42:01.633,0.89387,0.89397,1.50,4.10
2010.10.25 07:42:02.398,0.89386,0.89396,3.80,1.50
2010.10.25 07:42:03.346,0.89387,0.89397,2.30,4.10
2010.10.25 07:42:03.918,0.89387,0.89397,3.30,3.80
2010.10.25 07:42:04.463,0.89387,0.89397,2.60,3.80
2010.10.25 07:42:05.025,0.89387,0.89397,2.60,3.80
2010.10.25 07:42:05.688,0.89387,0.89397,2.60,3.80
2010.10.25 07:42:06.261,0.89387,0.89396,1.10,1.50
2010.10.25 07:42:06.804,0.89385,0.89395,3.30,3.80
2010.10.25 07:42:07.699,0.89386,0.89396,2.30,3.80
2010.10.25 07:42:08.155,0.8939,0.894,4.80,2.30
2010.10.25 07:42:08.729,0.89391,0.89401,2.30,2.30
2010.10.25 07:42:09.404,0.89391,0.89401,2.30,2.30
2010.10.25 07:42:09.976,0.8939,0.894,2.30,5.30
2010.10.25 07:42:10.515,0.89389,0.89399,1.50,1.50
2010.10.25 07:42:11.076,0.89388,0.89399,1.80,5.30
2010.10.25 07:42:11.652,0.89387,0.89397,2.30,2.30
2010.10.25 07:42:12.216,0.89386,0.89395,2.30,2.30
2010.10.25 07:42:12.800,0.89384,0.89393,1.50,1.30
2010.10.25 07:42:13.496,0.89382,0.8939,1.80,1.30
2010.10.25 07:42:14.067,0.89381,0.89391,2.60,1.30
2010.10.25 07:42:14.753,0.89381,0.89391,1.10,1.30
2010.10.25 07:42:15.618,0.89381,0.89391,1.10,1.30
2010.10.25 07:42:15.851,0.89381,0.89391,1.10,1.30
2010.10.25 07:42:16.588,0.89381,0.89391,1.10,1.30
2010.10.25 07:42:17.155,0.89381,0.89391,2.60,1.30
2010.10.25 07:42:17.906,0.89381,0.89391,1.10,2.80
2010.10.25 07:42:18.482,0.89381,0.89391,1.10,2.80
2010.10.25 07:42:19.069,0.89379,0.89389,2.60,1.30
2010.10.25 07:42:19.860,0.89379,0.89389,4.10,2.30
2010.10.25 07:42:20.718,0.89384,0.89392,2.60,4.50
2010.10.25 07:42:21.181,0.89384,0.89392,1.80,3.00
2010.10.25 07:42:21.784,0.89384,0.89393,1.80,2.80
2010.10.25 07:42:22.477,0.89384,0.89393,3.80,3.30
2010.10.25 07:42:23.053,0.89382,0.89391,4.10,2.30
2010.10.25 07:42:23.655,0.89379,0.89383,9.00,1.10
2010.10.25 07:42:24.373,0.89377,0.89383,1.50,2.60
2010.10.25 07:42:24.949,0.89376,0.89382,2.30,1.50
2010.10.25 07:42:25.503,0.89374,0.89383,3.80,2.30
2010.10.25 07:42:26.147,0.89372,0.89381,3.80,1.30
2010.10.25 07:42:26.728,0.89371,0.8938,1.10,3.00
2010.10.25 07:42:27.253,0.89371,0.8938,1.10,3.00
2010.10.25 07:42:28.043,0.89371,0.89382,4.80,2.80
2010.10.25 07:42:28.508,0.89372,0.8938,1.10,1.30
2010.10.25 07:42:29.027,0.89379,0.89386,2.60,2.30
2010.10.25 07:42:29.821,0.89379,0.89388,2.60,2.30
2010.10.25 07:42:30.401,0.89379,0.89389,4.80,3.00
2010.10.25 07:42:30.936,0.89379,0.89389,4.80,3.00
2010.10.25 07:42:31.804,0.89379,0.89389,4.80,3.00
2010.10.25 07:42:32.377,0.89382,0.89391,1.10,2.30
2010.10.25 07:42:32.924,0.89382,0.89391,1.10,2.30
2010.10.25 07:42:33.493,0.89385,0.89392,1.10,2.80
2010.10.25 07:42:34.112,0.89384,0.89395,5.60,1.80
2010.10.25 07:42:34.808,0.89384,0.89394,3.00,2.30
2010.10.25 07:42:35.642,0.89384,0.89394,2.30,1.50
2010.10.25 07:42:36.226,0.89383,0.89392,1.50,3.00
2010.10.25 07:42:36.798,0.89384,0.89392,1.50,3.50
2010.10.25 07:42:37.499,0.89384,0.89392,1.50,1.30
2010.10.25 07:42:38.071,0.89383,0.89392,1.50,1.30
2010.10.25 07:42:38.661,0.89384,0.89392,1.50,1.30
2010.10.25 07:42:39.336,0.89385,0.89392,1.50,1.30
2010.10.25 07:42:40.183,0.89387,0.89395,1.50,2.30
2010.10.25 07:42:41.067,0.89385,0.89395,3.80,2.80
2010.10.25 07:42:41.952,0.89386,0.89397,4.50,2.80
2010.10.25 07:42:42.175,0.89387,0.89397,1.50,1.30
2010.10.25 07:42:42.727,0.89387,0.89397,1.50,1.30
2010.10.25 07:42:43.277,0.89387,0.89397,1.50,1.30
2010.10.25 07:42:43.983,0.89386,0.89397,4.80,2.80
2010.10.25 07:42:44.849,0.89386,0.89396,1.10,4.50
2010.10.25 07:42:45.424,0.89386,0.89397,2.60,5.00
2010.10.25 07:42:46.035,0.89386,0.89397,2.60,5.00
2010.10.25 07:42:46.746,0.89386,0.89394,1.10,1.30
2010.10.25 07:42:47.657,0.89389,0.89399,3.80,2.30
2010.10.25 07:42:48.121,0.89387,0.89395,1.80,1.30
2010.10.25 07:42:48.703,0.89386,0.89397,4.80,2.30
2010.10.25 07:42:49.304,0.89386,0.89397,4.80,2.30
2010.10.25 07:42:49.873,0.89387,0.89398,1.80,5.00
2010.10.25 07:42:50.471,0.89387,0.89396,1.10,4.50
2010.10.25 07:42:51.064,0.89387,0.89394,1.10,1.30
2010.10.25 07:42:51.519,0.89387,0.89394,1.10,1.30
2010.10.25 07:42:52.053,0.89387,0.89394,1.10,1.30
2010.10.25 07:42:52.620,0.89387,0.89394,1.10,1.30
2010.10.25 07:42:53.135,0.89384,0.89394,3.80,1.30
2010.10.25 07:42:53.931,0.89385,0.89394,1.10,2.30
2010.10.25 07:42:54.421,0.89385,0.89394,1.10,1.10
2010.10.25 07:42:55.004,0.89389,0.89395,1.10,5.00
2010.10.25 07:42:55.734,0.89388,0.89395,1.10,5.00
2010.10.25 07:42:56.302,0.89387,0.89395,1.10,2.80
2010.10.25 07:42:56.808,0.89385,0.89395,1.10,5.00
2010.10.25 07:42:57.614,0.89385,0.89394,1.10,6.50
2010.10.25 07:42:58.175,0.89385,0.89393,1.10,1.30
2010.10.25 07:42:58.749,0.89385,0.89393,1.10,1.30
2010.10.25 07:42:59.318,0.89385,0.89393,1.10,1.30
2010.10.25 07:42:59.878,0.89385,0.89393,1.10,1.30
2010.10.25 07:43:00.457,0.89385,0.89393,1.10,2.80
2010.10.25 07:43:01.037,0.89383,0.8939,4.50,1.10
2010.10.25 07:43:01.792,0.89382,0.89392,1.80,3.00
2010.10.25 07:43:02.646,0.89382,0.89392,1.10,2.30
2010.10.25 07:43:03.166,0.89381,0.89392,5.60,2.30
2010.10.25 07:43:03.783,0.89381,0.89391,1.80,4.50
2010.10.25 07:43:04.445,0.89381,0.89391,1.10,4.50
2010.10.25 07:43:04.998,0.89381,0.89391,1.10,4.50
2010.10.25 07:43:05.605,0.89381,0.89391,1.10,4.50
2010.10.25 07:43:06.154,0.89381,0.8939,3.30,1.50
2010.10.25 07:43:06.721,0.89381,0.8939,3.30,1.50
2010.10.25 07:43:07.303,0.89381,0.89389,1.10,1.50
2010.10.25 07:43:07.863,0.8938,0.89389,1.80,1.50
2010.10.25 07:43:08.558,0.8938,0.8939,1.80,2.30
2010.10.25 07:43:09.141,0.89383,0.89391,2.30,3.80
2010.10.25 07:43:09.704,0.89382,0.89391,1.50,5.60
2010.10.25 07:43:10.371,0.89381,0.8939,2.30,1.80
2010.10.25 07:43:11.253,0.89381,0.89389,2.30,1.50
2010.10.25 07:43:11.503,0.89381,0.89389,2.30,1.50
2010.10.25 07:43:12.386,0.89381,0.89389,2.30,1.50
2010.10.25 07:43:12.835,0.8938,0.89389,1.80,1.50
2010.10.25 07:43:13.433,0.8938,0.89389,1.80,1.50
2010.10.25 07:43:14.325,0.8938,0.89389,1.10,2.30
2010.10.25 07:43:14.888,0.8938,0.89389,2.60,1.10
2010.10.25 07:43:15.444,0.8938,0.8939,1.10,3.30
2010.10.25 07:43:16.138,0.8938,0.89389,1.10,1.80
2010.10.25 07:43:17.018,0.8938,0.8939,1.10,2.60
2010.10.25 07:43:17.257,0.8938,0.89389,1.10,1.10
2010.10.25 07:43:17.929,0.8938,0.89389,2.60,1.10
2010.10.25 07:43:18.802,0.8938,0.89386,1.10,1.30
2010.10.25 07:43:19.039,0.8938,0.89389,2.60,1.10
2010.10.25 07:43:19.740,0.8938,0.8939,2.60,1.80
2010.10.25 07:43:20.492,0.8938,0.89388,1.10,1.30
2010.10.25 07:43:20.739,0.8938,0.89388,1.10,1.30
2010.10.25 07:43:21.441,0.8938,0.89388,1.10,1.30
2010.10.25 07:43:21.978,0.89379,0.89388,5.60,1.30
2010.10.25 07:43:22.535,0.8938,0.89389,4.10,1.10
2010.10.25 07:43:23.322,0.89381,0.89389,1.50,1.10
2010.10.25 07:43:23.888,0.89379,0.89389,7.10,3.00
2010.10.25 07:43:24.455,0.89379,0.89388,5.60,2.30
2010.10.25 07:43:25.095,0.89379,0.89388,5.60,2.30
2010.10.25 07:43:25.962,0.89379,0.89388,5.60,2.30
2010.10.25 07:43:26.408,0.89379,0.89387,5.60,1.50
2010.10.25 07:43:26.947,0.89379,0.89387,4.80,1.50
2010.10.25 07:43:27.507,0.89379,0.89387,2.60,1.50
2010.10.25 07:43:28.070,0.89379,0.89387,2.60,1.50
2010.10.25 07:43:28.871,0.89379,0.89387,2.60,1.50
2010.10.25 07:43:29.450,0.89379,0.89387,2.60,2.30
2010.10.25 07:43:30.031,0.89379,0.89387,2.60,2.30
2010.10.25 07:43:30.703,0.89379,0.89387,2.60,2.30
2010.10.25 07:43:31.265,0.89379,0.89387,2.60,2.30
2010.10.25 07:43:31.783,0.89379,0.89387,2.60,2.30
2010.10.25 07:43:32.649,0.89376,0.89386,1.10,2.30
2010.10.25 07:43:32.886,0.89373,0.89383,3.00,1.80
2010.10.25 07:43:33.455,0.89373,0.89383,1.50,2.60
2010.10.25 07:43:34.047,0.89372,0.89383,2.30,4.80
2010.10.25 07:43:34.702,0.89373,0.89383,1.50,2.60
2010.10.25 07:43:35.266,0.89373,0.89382,1.50,1.30
2010.10.25 07:43:35.847,0.89371,0.89382,4.50,2.80
2010.10.25 07:43:36.529,0.89371,0.8938,1.50,2.30
2010.10.25 07:43:37.434,0.89371,0.8938,1.50,1.50
2010.10.25 07:43:38.304,0.89375,0.89383,1.50,1.50
2010.10.25 07:43:38.546,0.89373,0.89383,1.50,4.10
2010.10.25 07:43:39.260,0.89373,0.89383,1.50,4.10
2010.10.25 07:43:39.821,0.89373,0.89382,1.50,1.80
2010.10.25 07:43:40.360,0.89372,0.89382,2.30,1.80
2010.10.25 07:43:40.933,0.89375,0.89383,4.10,1.50
2010.10.25 07:43:41.490,0.89376,0.89383,1.10,1.50
2010.10.25 07:43:42.066,0.89374,0.89383,6.30,1.50
2010.10.25 07:43:42.584,0.89374,0.89384,6.30,1.50
2010.10.25 07:43:43.377,0.89375,0.89383,1.10,1.50
2010.10.25 07:43:43.918,0.89375,0.89383,2.30,1.10
2010.10.25 07:43:44.501,0.89378,0.89386,2.30,2.60
2010.10.25 07:43:45.334,0.89377,0.89386,1.50,3.30
2010.10.25 07:43:45.777,0.89377,0.89385,1.50,1.10
2010.10.25 07:43:46.291,0.89377,0.89385,1.50,1.10
2010.10.25 07:43:47.173,0.89375,0.89385,3.80,3.30
2010.10.25 07:43:47.749,0.89375,0.89384,1.50,1.10
2010.10.25 07:43:48.292,0.89374,0.89383,4.10,1.80
2010.10.25 07:43:48.862,0.89374,0.89383,4.80,1.50
2010.10.25 07:43:49.376,0.89374,0.89384,6.30,2.60
2010.10.25 07:43:50.152,0.89374,0.89383,4.80,1.50
2010.10.25 07:43:50.716,0.89374,0.89384,6.30,2.60
2010.10.25 07:43:51.244,0.89374,0.89383,4.80,1.50
2010.10.25 07:43:52.109,0.89374,0.89383,4.10,1.50
2010.10.25 07:43:52.696,0.89374,0.89383,4.10,1.50
2010.10.25 07:43:53.296,0.89374,0.89383,4.10,1.50
2010.10.25 07:43:54.117,0.89374,0.89383,4.10,1.50
2010.10.25 07:43:54.671,0.89374,0.89383,4.10,1.50
2010.10.25 07:43:55.552,0.89374,0.89383,4.10,1.50
2010.10.25 07:43:56.122,0.89374,0.89383,4.10,1.50
2010.10.25 07:43:56.683,0.89374,0.89383,4.10,1.50
2010.10.25 07:43:57.496,0.89374,0.89382,4.80,1.50
2010.10.25 07:43:57.957,0.89374,0.89382,4.80,1.50
2010.10.25 07:43:58.546,0.89374,0.89382,4.80,1.50
2010.10.25 07:43:59.198,0.89374,0.89383,4.80,1.50
2010.10.25 07:44:00.013,0.89374,0.89382,4.80,1.50
2010.10.25 07:44:00.900,0.89374,0.89381,1.50,1.50
2010.10.25 07:44:01.781,0.89374,0.89383,4.80,1.50
2010.10.25 07:44:02.352,0.89374,0.89383,4.80,2.30
2010.10.25 07:44:02.865,0.89377,0.89382,1.10,1.50
2010.10.25 07:44:03.773,0.89377,0.89382,1.10,1.50
2010.10.25 07:44:04.328,0.89377,0.89382,1.10,1.50
2010.10.25 07:44:04.920,0.89377,0.89382,1.10,1.50
2010.10.25 07:44:05.614,0.89377,0.89382,1.10,1.50
2010.10.25 07:44:06.482,0.89377,0.89382,1.10,1.50
2010.10.25 07:44:06.925,0.89377,0.89382,1.10,1.50
2010.10.25 07:44:07.462,0.89377,0.89384,3.30,1.50
2010.10.25 07:44:08.251,0.89377,0.89385,3.30,1.50
2010.10.25 07:44:08.818,0.89377,0.89383,3.30,1.50
2010.10.25 07:44:09.357,0.89377,0.89383,3.30,1.50
2010.10.25 07:44:09.903,0.89377,0.89383,3.30,1.50
2010.10.25 07:44:10.452,0.89377,0.89382,3.30,1.50
2010.10.25 07:44:11.332,0.89377,0.89382,3.30,1.50
2010.10.25 07:44:11.660,0.89377,0.89382,3.30,1.50
2010.10.25 07:44:12.253,0.89377,0.89382,3.30,1.50
2010.10.25 07:44:13.208,0.89377,0.89382,3.30,1.50
2010.10.25 07:44:13.672,0.89377,0.89384,1.10,2.30
2010.10.25 07:44:14.177,0.89377,0.89384,1.10,2.30
2010.10.25 07:44:15.009,0.89376,0.89384,1.10,2.30
2010.10.25 07:44:15.588,0.89375,0.89384,3.30,2.30
2010.10.25 07:44:16.101,0.89374,0.89384,5.60,2.30
2010.10.25 07:44:16.964,0.89375,0.89385,1.50,2.30
2010.10.25 07:44:17.516,0.89374,0.89384,6.30,2.60
2010.10.25 07:44:18.070,0.89375,0.89383,1.80,1.30
2010.10.25 07:44:18.860,0.89374,0.89383,4.80,2.00
2010.10.25 07:44:19.650,0.89374,0.89383,4.80,1.50
2010.10.25 07:44:20.478,0.89374,0.89383,4.80,1.50
2010.10.25 07:44:20.925,0.89374,0.89383,4.80,1.50
2010.10.25 07:44:21.458,0.89374,0.89382,4.80,1.50
2010.10.25 07:44:22.026,0.89374,0.89382,4.80,1.50
2010.10.25 07:44:22.616,0.89374,0.89382,4.80,1.50
2010.10.25 07:44:23.177,0.89372,0.89381,1.10,1.50
2010.10.25 07:44:23.718,0.89372,0.89379,1.10,1.50
2010.10.25 07:44:24.565,0.89371,0.89378,1.10,1.50
2010.10.25 07:44:25.015,0.89371,0.89377,1.10,2.30
2010.10.25 07:44:25.571,0.89371,0.89377,1.10,2.30
2010.10.25 07:44:26.654,0.8937,0.89377,1.80,2.30
2010.10.25 07:44:27.385,0.8937,0.89378,1.80,2.80
2010.10.25 07:44:27.892,0.8937,0.89378,1.80,2.80
2010.10.25 07:44:28.544,0.8937,0.89378,1.80,2.80
2010.10.25 07:44:29.096,0.8937,0.89378,1.80,2.80
2010.10.25 07:44:29.725,0.8937,0.89378,1.80,1.50
2010.10.25 07:44:30.469,0.8937,0.89378,1.10,2.30
2010.10.25 07:44:31.037,0.8937,0.89379,1.10,1.50
2010.10.25 07:44:31.629,0.8937,0.89379,1.10,1.50
2010.10.25 07:44:32.425,0.8937,0.89378,1.80,1.50
2010.10.25 07:44:33.300,0.89369,0.89377,1.80,1.50
2010.10.25 07:44:34.178,0.89371,0.89377,1.10,1.50
2010.10.25 07:44:34.747,0.89369,0.89376,3.30,1.50
2010.10.25 07:44:35.363,0.89369,0.89378,3.30,2.30
2010.10.25 07:44:36.028,0.89372,0.89377,1.10,1.50
2010.10.25 07:44:36.528,0.89369,0.89375,2.60,1.50
2010.10.25 07:44:37.055,0.8937,0.89376,1.10,1.50
2010.10.25 07:44:37.925,0.89364,0.89373,2.60,1.50
2010.10.25 07:44:38.159,0.89361,0.89372,5.60,2.30
2010.10.25 07:44:38.927,0.89361,0.89372,3.30,4.50
2010.10.25 07:44:39.842,0.89361,0.89371,5.60,1.50
2010.10.25 07:44:40.303,0.89362,0.89372,1.50,4.50
2010.10.25 07:44:40.811,0.89362,0.89372,1.50,4.50
2010.10.25 07:44:41.615,0.89363,0.89372,1.50,3.00
2010.10.25 07:44:42.168,0.89363,0.89373,1.50,4.80
2010.10.25 07:44:42.783,0.89366,0.89374,2.60,2.30
2010.10.25 07:44:43.569,0.89366,0.89374,3.30,2.30
2010.10.25 07:44:44.433,0.89359,0.89368,1.40,1.30
2010.10.25 07:44:44.889,0.89354,0.89363,2.60,2.30
2010.10.25 07:44:45.480,0.8935,0.8936,1.50,3.50
2010.10.25 07:44:46.097,0.89347,0.89356,1.50,3.00
2010.10.25 07:44:46.748,0.89344,0.89354,2.30,2.30
2010.10.25 07:44:47.635,0.89343,0.89352,1.50,1.10
2010.10.25 07:44:48.439,0.89345,0.89351,1.50,1.30
2010.10.25 07:44:48.903,0.8934,0.89348,1.50,3.50
2010.10.25 07:44:49.470,0.89346,0.89352,2.30,1.50
2010.10.25 07:44:50.148,0.89349,0.89358,1.50,2.30
2010.10.25 07:44:50.621,0.89349,0.89358,2.30,2.30
2010.10.25 07:44:51.233,0.89346,0.89355,3.00,2.30
2010.10.25 07:44:51.944,0.89346,0.89357,3.80,3.80
2010.10.25 07:44:52.405,0.89346,0.89357,3.80,3.80
2010.10.25 07:44:53.020,0.89346,0.89356,3.00,1.50
2010.10.25 07:44:53.705,0.89346,0.89356,3.00,1.50
2010.10.25 07:44:54.566,0.89349,0.89355,5.70,3.80
2010.10.25 07:44:55.510,0.89347,0.89352,1.10,2.30
2010.10.25 07:44:55.630,0.89349,0.89359,2.30,2.30
2010.10.25 07:44:56.349,0.89346,0.89356,2.60,1.50
2010.10.25 07:44:56.810,0.89351,0.89361,3.00,2.30
2010.10.25 07:44:57.410,0.89351,0.89361,3.00,2.30
2010.10.25 07:44:58.153,0.89351,0.89361,3.00,1.50
2010.10.25 07:44:58.269,0.89359,0.89364,1.50,1.50
2010.10.25 07:44:59.154,0.8936,0.89366,1.10,1.50
2010.10.25 07:44:59.720,0.8936,0.89365,1.10,1.50
2010.10.25 07:45:00.303,0.8936,0.89365,1.10,1.50
2010.10.25 07:45:01.016,0.89361,0.89366,2.30,1.50
2010.10.25 07:45:01.868,0.89364,0.89371,2.30,1.50
2010.10.25 07:45:02.330,0.89363,0.89371,2.30,1.50
2010.10.25 07:45:02.881,0.89361,0.8937,3.00,1.50
2010.10.25 07:45:03.579,0.89361,0.89371,3.00,2.30
2010.10.25 07:45:04.061,0.89361,0.89371,3.00,2.30
2010.10.25 07:45:04.680,0.89361,0.8937,3.00,1.50
2010.10.25 07:45:05.542,0.89361,0.8937,3.00,1.50
2010.10.25 07:45:06.469,0.89361,0.8937,3.00,2.00
2010.10.25 07:45:07.143,0.8936,0.89368,3.30,1.50
2010.10.25 07:45:07.867,0.89364,0.8937,1.50,1.50
2010.10.25 07:45:08.622,0.89361,0.89367,1.80,1.50
2010.10.25 07:45:09.417,0.89362,0.89369,2.60,1.50
2010.10.25 07:45:10.003,0.89361,0.89369,1.80,1.50
2010.10.25 07:45:10.614,0.8936,0.89368,3.00,1.50
2010.10.25 07:45:11.371,0.89359,0.89368,4.50,1.50
2010.10.25 07:45:11.942,0.89359,0.89368,2.30,2.30
2010.10.25 07:45:12.527,0.89359,0.89366,2.30,1.50
2010.10.25 07:45:13.248,0.89359,0.89366,4.50,1.50
2010.10.25 07:45:14.149,0.8936,0.89368,3.00,1.50
2010.10.25 07:45:15.357,0.89359,0.89366,2.30,1.50
2010.10.25 07:45:16.113,0.89359,0.89365,1.50,1.30
2010.10.25 07:45:17.008,0.89359,0.89365,1.50,2.80
2010.10.25 07:45:17.627,0.89359,0.89365,1.50,2.80
2010.10.25 07:45:18.210,0.89357,0.89362,2.30,1.30
2010.10.25 07:45:18.982,0.89355,0.89363,1.10,1.30
2010.10.25 07:45:19.556,0.89355,0.89363,1.10,1.30
2010.10.25 07:45:20.108,0.89356,0.89363,1.10,1.30
2010.10.25 07:45:20.935,0.89356,0.89363,1.10,1.30
2010.10.25 07:45:21.409,0.89357,0.89363,2.30,1.50
2010.10.25 07:45:21.940,0.89356,0.89363,3.30,1.50
2010.10.25 07:45:22.722,0.89354,0.89364,7.50,1.30
2010.10.25 07:45:23.296,0.89354,0.89365,9.30,3.30
2010.10.25 07:45:23.865,0.89354,0.89364,6.30,2.60
2010.10.25 07:45:24.561,0.89355,0.89364,1.10,2.30
2010.10.25 07:45:25.020,0.89357,0.89364,2.30,1.50
2010.10.25 07:45:25.536,0.89354,0.89363,6.90,1.10
2010.10.25 07:45:26.108,0.89354,0.89363,4.50,3.30
2010.10.25 07:45:26.663,0.89358,0.89365,1.10,2.80
2010.10.25 07:45:27.477,0.89357,0.89365,1.10,1.50
2010.10.25 07:45:28.230,0.89355,0.89364,1.10,2.80
2010.10.25 07:45:29.092,0.89354,0.89363,6.20,2.30
2010.10.25 07:45:29.339,0.89354,0.89361,4.10,1.50
2010.10.25 07:45:29.951,0.89356,0.89361,1.10,1.50
2010.10.25 07:45:30.770,0.89354,0.8936,3.20,1.50
2010.10.25 07:45:31.540,0.89356,0.89362,1.10,2.30
2010.10.25 07:45:31.778,0.89356,0.89364,1.10,2.80
2010.10.25 07:45:32.400,0.89353,0.89363,7.10,1.10
2010.10.25 07:45:33.184,0.89358,0.89364,3.00,1.50
2010.10.25 07:45:34.014,0.89358,0.89365,3.30,1.90
2010.10.25 07:45:34.509,0.89361,0.89368,2.30,1.50
2010.10.25 07:45:35.045,0.8936,0.89368,1.10,1.50
2010.10.25 07:45:35.555,0.89359,0.89365,1.50,1.50
2010.10.25 07:45:36.325,0.89354,0.89364,4.50,1.50
2010.10.25 07:45:37.070,0.89354,0.89364,2.60,1.80
2010.10.25 07:45:37.769,0.89354,0.89363,4.10,1.50
2010.10.25 07:45:38.692,0.89359,0.89364,1.80,1.50
2010.10.25 07:45:39.559,0.89359,0.89363,1.80,1.50
2010.10.25 07:45:40.267,0.89354,0.89361,4.80,2.30
2010.10.25 07:45:40.912,0.89354,0.89361,2.60,2.30
2010.10.25 07:45:41.486,0.89354,0.89361,2.60,2.30
2010.10.25 07:45:42.056,0.89354,0.89361,4.10,2.30
2010.10.25 07:45:42.659,0.89354,0.89361,1.80,2.30
2010.10.25 07:45:43.525,0.89354,0.8936,1.80,1.50
2010.10.25 07:45:44.402,0.89354,0.89361,1.80,1.50
2010.10.25 07:45:44.961,0.89354,0.8936,1.80,1.50
2010.10.25 07:45:45.528,0.89354,0.8936,1.80,1.50
2010.10.25 07:45:46.319,0.89354,0.8936,1.80,1.50
2010.10.25 07:45:46.888,0.89354,0.8936,1.80,2.80
2010.10.25 07:45:47.469,0.89354,0.8936,1.80,2.80
2010.10.25 07:45:48.334,0.89354,0.8936,2.60,2.80
2010.10.25 07:45:49.271,0.89354,0.89359,3.80,1.50
2010.10.25 07:45:49.730,0.89354,0.8936,3.20,1.50
2010.10.25 07:45:50.240,0.89354,0.8936,3.50,1.50
2010.10.25 07:45:50.840,0.89354,0.8936,3.50,1.50
2010.10.25 07:45:51.667,0.89354,0.8936,2.60,2.30
2010.10.25 07:45:52.537,0.89352,0.89357,1.10,2.80
2010.10.25 07:45:53.338,0.89349,0.89356,2.60,4.50
2010.10.25 07:45:54.212,0.8935,0.89357,1.80,2.80
2010.10.25 07:45:54.783,0.8935,0.89357,1.80,2.80
2010.10.25 07:45:55.303,0.8935,0.89357,1.80,2.80
2010.10.25 07:45:56.051,0.89349,0.89357,1.80,2.80
2010.10.25 07:45:56.619,0.89349,0.89357,2.60,2.80
2010.10.25 07:45:57.166,0.8935,0.89356,1.80,2.30
2010.10.25 07:45:57.766,0.8935,0.89356,1.10,2.30
2010.10.25 07:45:58.595,0.8935,0.89356,1.10,2.30
2010.10.25 07:45:59.479,0.8935,0.89357,1.10,2.80
2010.10.25 07:46:00.106,0.8935,0.89357,1.10,2.80
2010.10.25 07:46:00.669,0.8935,0.89357,1.10,2.80
2010.10.25 07:46:01.477,0.8935,0.89357,1.10,2.80
2010.10.25 07:46:01.955,0.8935,0.89357,1.10,2.80
2010.10.25 07:46:02.501,0.89349,0.89355,2.60,1.50
2010.10.25 07:46:03.170,0.89349,0.89356,2.60,2.30
2010.10.25 07:46:04.040,0.8935,0.89355,1.10,1.50
2010.10.25 07:46:04.610,0.8935,0.89355,1.10,1.50
2010.10.25 07:46:05.198,0.8935,0.89355,1.10,1.50
2010.10.25 07:46:05.922,0.8935,0.89355,1.10,1.50
2010.10.25 07:46:06.488,0.8935,0.89355,1.10,1.50
2010.10.25 07:46:07.043,0.89349,0.89355,1.80,1.50
2010.10.25 07:46:07.882,0.89351,0.89356,1.10,1.50
2010.10.25 07:46:08.781,0.89351,0.89356,1.10,2.30
2010.10.25 07:46:09.024,0.89349,0.89356,1.80,2.30
2010.10.25 07:46:09.719,0.89349,0.89355,1.80,1.50
2010.10.25 07:46:10.299,0.89351,0.89356,1.10,2.30
2010.10.25 07:46:10.878,0.89351,0.89357,1.10,2.30
2010.10.25 07:46:11.472,0.89351,0.89356,1.10,1.50
2010.10.25 07:46:12.707,0.8935,0.89357,1.10,1.50
2010.10.25 07:46:13.167,0.8935,0.89358,1.10,1.50
2010.10.25 07:46:13.751,0.8935,0.89358,1.10,1.50
2010.10.25 07:46:14.467,0.8935,0.89357,1.10,2.30
2010.10.25 07:46:15.041,0.8935,0.89357,1.10,1.50
2010.10.25 07:46:15.599,0.8935,0.89357,1.10,1.50
2010.10.25 07:46:16.376,0.8935,0.89357,1.10,1.50
2010.10.25 07:46:16.937,0.8935,0.89358,1.10,1.50
2010.10.25 07:46:17.453,0.8935,0.89358,1.10,1.50
2010.10.25 07:46:18.254,0.8935,0.89357,1.10,1.50
2010.10.25 07:46:18.821,0.8935,0.89358,1.10,2.30
2010.10.25 07:46:19.356,0.8935,0.89358,1.10,2.30
2010.10.25 07:46:20.119,0.8935,0.89358,1.10,2.30
2010.10.25 07:46:20.685,0.89349,0.89357,2.60,2.30
2010.10.25 07:46:21.238,0.89349,0.89357,2.60,2.30
2010.10.25 07:46:22.080,0.89349,0.89356,1.50,1.50
2010.10.25 07:46:22.908,0.89349,0.89356,2.60,1.50
2010.10.25 07:46:23.764,0.89349,0.89357,4.80,1.50
2010.10.25 07:46:23.994,0.89349,0.89357,4.80,1.50
2010.10.25 07:46:24.691,0.89349,0.89357,4.80,2.30
2010.10.25 07:46:25.558,0.89349,0.89357,2.60,1.50
2010.10.25 07:46:26.127,0.89349,0.89357,2.60,1.50
2010.10.25 07:46:26.726,0.89349,0.89357,2.60,1.50
2010.10.25 07:46:27.465,0.89349,0.89358,2.60,2.30
2010.10.25 07:46:28.379,0.89354,0.89361,1.10,2.30
2010.10.25 07:46:28.842,0.89354,0.89361,2.60,2.30
2010.10.25 07:46:29.437,0.89354,0.89361,3.30,1.50
2010.10.25 07:46:30.108,0.89351,0.89359,1.10,1.30
2010.10.25 07:46:31.049,0.89349,0.89357,4.80,1.50
2010.10.25 07:46:31.801,0.89349,0.89355,2.60,1.30
2010.10.25 07:46:32.047,0.89351,0.89357,1.10,2.30
2010.10.25 07:46:32.683,0.89349,0.89358,3.80,2.80
2010.10.25 07:46:33.562,0.89349,0.89358,4.80,2.30
2010.10.25 07:46:34.306,0.89349,0.89355,4.80,1.30
2010.10.25 07:46:35.176,0.89349,0.89355,2.60,2.80
2010.10.25 07:46:35.738,0.89349,0.89355,2.60,2.80
2010.10.25 07:46:36.270,0.89349,0.89355,1.50,2.80
2010.10.25 07:46:36.853,0.89349,0.89355,1.80,2.80
2010.10.25 07:46:37.371,0.89349,0.89355,1.80,2.80
2010.10.25 07:46:37.913,0.89349,0.89355,1.80,2.80
2010.10.25 07:46:38.601,0.89349,0.89355,1.80,2.80
2010.10.25 07:46:39.252,0.89349,0.89355,1.80,2.80
2010.10.25 07:46:39.808,0.89349,0.89355,1.80,1.30
2010.10.25 07:46:40.368,0.89349,0.89355,1.80,2.80
2010.10.25 07:46:41.001,0.89349,0.89355,1.80,2.30
2010.10.25 07:46:41.567,0.89349,0.89355,1.80,2.30
2010.10.25 07:46:42.073,0.89349,0.89355,1.80,2.30
2010.10.25 07:46:42.654,0.89349,0.89355,1.80,1.30
2010.10.25 07:46:43.262,0.89349,0.89355,1.80,1.30
2010.10.25 07:46:44.141,0.89349,0.89355,1.80,1.30
2010.10.25 07:46:44.670,0.89349,0.89355,1.80,1.30
2010.10.25 07:46:45.232,0.89349,0.89356,1.80,1.30
2010.10.25 07:46:46.071,0.89349,0.89355,1.80,1.30
2010.10.25 07:46:46.524,0.89349,0.89355,1.80,1.30
2010.10.25 07:46:47.080,0.89349,0.89355,1.80,1.30
2010.10.25 07:46:47.896,0.89348,0.89354,4.80,1.30
2010.10.25 07:46:48.814,0.89349,0.89357,1.80,2.80
2010.10.25 07:46:49.384,0.89349,0.89357,1.80,2.80
2010.10.25 07:46:49.952,0.89349,0.89357,1.80,2.80
2010.10.25 07:46:50.507,0.89349,0.89357,1.80,2.80
2010.10.25 07:46:51.170,0.89349,0.89357,1.80,2.80
2010.10.25 07:46:51.952,0.89349,0.89356,1.80,2.30
2010.10.25 07:46:52.817,0.89349,0.89355,1.80,2.30
2010.10.25 07:46:53.386,0.89349,0.89356,1.80,1.30
2010.10.25 07:46:53.985,0.89349,0.89356,1.80,1.30
2010.10.25 07:46:54.528,0.89349,0.89356,1.80,1.30
2010.10.25 07:46:55.081,0.89349,0.89356,1.80,1.30
2010.10.25 07:46:55.666,0.89349,0.89356,1.80,1.30
2010.10.25 07:46:56.201,0.89349,0.89356,1.80,2.80
2010.10.25 07:46:56.768,0.89349,0.89356,1.80,2.80
2010.10.25 07:46:57.348,0.89349,0.89356,1.80,2.80
2010.10.25 07:46:58.184,0.89349,0.89355,1.80,2.80
2010.10.25 07:46:58.746,0.89349,0.89354,1.80,2.30
2010.10.25 07:46:59.318,0.89349,0.89354,1.80,2.30
2010.10.25 07:47:00.062,0.89349,0.89354,1.80,2.30
2010.10.25 07:47:00.682,0.89349,0.89354,1.80,2.30
2010.10.25 07:47:01.206,0.89349,0.89355,1.80,2.80
2010.10.25 07:47:01.786,0.89349,0.89355,1.80,2.30
2010.10.25 07:47:02.303,0.89349,0.89355,1.80,2.30
2010.10.25 07:47:02.836,0.89349,0.89355,1.80,2.30
2010.10.25 07:47:03.455,0.89349,0.89355,1.80,2.30
2010.10.25 07:47:04.048,0.89349,0.89355,1.80,2.30
2010.10.25 07:47:04.619,0.89349,0.89355,1.80,2.80
2010.10.25 07:47:05.403,0.8935,0.89356,1.10,2.30
2010.10.25 07:47:05.954,0.8935,0.89356,1.10,2.30
2010.10.25 07:47:06.515,0.8935,0.89356,1.10,2.30
2010.10.25 07:47:07.220,0.8935,0.89356,1.10,2.30
2010.10.25 07:47:07.797,0.8935,0.89356,1.10,2.30
2010.10.25 07:47:08.414,0.8935,0.89356,1.10,2.30
2010.10.25 07:47:09.281,0.89348,0.89353,4.50,1.30
2010.10.25 07:47:09.862,0.89349,0.89354,1.10,2.30
2010.10.25 07:47:10.370,0.89349,0.89355,2.60,2.30
2010.10.25 07:47:11.230,0.89349,0.89355,2.60,2.30
2010.10.25 07:47:12.464,0.89349,0.89355,2.60,2.30
2010.10.25 07:47:12.522,0.89349,0.89355,2.60,2.30
2010.10.25 07:47:13.408,0.89349,0.89355,2.60,2.80
2010.10.25 07:47:13.895,0.89349,0.89355,2.60,2.80
2010.10.25 07:47:14.735,0.89349,0.89355,2.60,2.80
2010.10.25 07:47:15.284,0.89349,0.89355,1.80,2.80
2010.10.25 07:47:15.840,0.89349,0.89355,1.80,1.30
2010.10.25 07:47:16.630,0.89349,0.89355,1.80,2.80
2010.10.25 07:47:17.178,0.89349,0.89355,1.80,2.80
2010.10.25 07:47:17.768,0.89349,0.89353,1.80,1.50
2010.10.25 07:47:18.566,0.89347,0.89353,3.80,2.80
2010.10.25 07:47:19.129,0.89344,0.89351,1.90,2.80
2010.10.25 07:47:19.687,0.89344,0.89351,1.80,2.80
2010.10.25 07:47:20.486,0.89344,0.89351,1.80,2.80
2010.10.25 07:47:21.051,0.89344,0.89351,1.80,2.80
2010.10.25 07:47:21.600,0.89344,0.89351,1.80,2.80
2010.10.25 07:47:22.156,0.89344,0.89351,1.80,2.80
2010.10.25 07:47:22.729,0.89344,0.89351,1.80,2.80
2010.10.25 07:47:23.609,0.89344,0.89351,1.80,2.80
2010.10.25 07:47:23.842,0.89342,0.89348,2.60,1.50
2010.10.25 07:47:24.638,0.89342,0.89347,1.80,1.50
2010.10.25 07:47:25.606,0.89342,0.89348,1.80,2.30
2010.10.25 07:47:25.837,0.89342,0.89348,1.80,2.30
2010.10.25 07:47:26.615,0.89343,0.89348,1.50,2.30
2010.10.25 07:47:27.174,0.89343,0.89348,1.50,2.30
2010.10.25 07:47:27.749,0.89346,0.89353,2.60,5.00
2010.10.25 07:47:28.656,0.89344,0.89349,1.80,2.30
2010.10.25 07:47:29.207,0.89344,0.89349,1.80,2.30
2010.10.25 07:47:29.921,0.89344,0.89349,1.80,2.30
2010.10.25 07:47:30.436,0.89344,0.89349,1.80,2.30
2010.10.25 07:47:31.045,0.89344,0.89349,1.80,2.30
2010.10.25 07:47:31.607,0.89342,0.89348,4.10,1.50
2010.10.25 07:47:32.176,0.89343,0.89348,1.10,1.50
2010.10.25 07:47:33.035,0.89344,0.89349,1.80,1.50
2010.10.25 07:47:33.948,0.89344,0.89348,1.50,1.50
2010.10.25 07:47:34.409,0.89337,0.89344,1.50,1.50
2010.10.25 07:47:34.903,0.8933,0.8934,1.50,2.00
2010.10.25 07:47:35.587,0.89329,0.89339,5.60,2.30
2010.10.25 07:47:36.450,0.89329,0.89339,4.10,2.30
2010.10.25 07:47:36.953,0.89329,0.89338,2.60,1.50
2010.10.25 07:47:37.601,0.89331,0.89338,1.10,1.50
2010.10.25 07:47:38.177,0.8933,0.89339,1.10,1.50
2010.10.25 07:47:38.778,0.8933,0.89339,1.10,1.50
2010.10.25 07:47:39.726,0.89329,0.89339,4.10,1.50
2010.10.25 07:47:40.261,0.89329,0.89339,4.10,1.50
2010.10.25 07:47:40.789,0.89329,0.89339,6.30,1.50
2010.10.25 07:47:41.299,0.89329,0.89339,6.30,1.50
2010.10.25 07:47:41.904,0.89329,0.89339,6.30,1.50
2010.10.25 07:47:42.555,0.89329,0.89339,6.30,1.50
2010.10.25 07:47:43.107,0.8933,0.8934,1.80,1.50
2010.10.25 07:47:43.666,0.89331,0.89341,1.80,2.30
2010.10.25 07:47:44.277,0.89331,0.89341,1.80,2.30
2010.10.25 07:47:45.104,0.8933,0.8934,1.80,2.00
2010.10.25 07:47:45.556,0.8933,0.89337,1.50,1.30
2010.10.25 07:47:46.139,0.89329,0.89337,3.30,1.30
2010.10.25 07:47:46.706,0.89329,0.89337,1.80,2.30
2010.10.25 07:47:47.268,0.8933,0.89338,1.10,4.50
2010.10.25 07:47:47.941,0.8933,0.89338,1.10,4.50
2010.10.25 07:47:48.505,0.89329,0.89338,2.60,4.50
2010.10.25 07:47:49.105,0.89329,0.89338,2.60,4.50
2010.10.25 07:47:49.731,0.89329,0.89338,4.10,3.00
2010.10.25 07:47:50.298,0.89329,0.89339,5.60,2.80
2010.10.25 07:47:50.841,0.89329,0.89339,5.60,2.80
2010.10.25 07:47:51.309,0.89331,0.89341,1.90,4.80
2010.10.25 07:47:51.868,0.89332,0.89339,1.10,1.30
2010.10.25 07:47:52.759,0.8933,0.89339,2.60,1.30
2010.10.25 07:47:53.321,0.89329,0.89338,4.10,2.80
2010.10.25 07:47:53.882,0.89329,0.89338,3.30,1.30
2010.10.25 07:47:54.646,0.89329,0.89337,1.80,2.80
2010.10.25 07:47:55.212,0.89329,0.89336,1.80,2.30
2010.10.25 07:47:55.761,0.89329,0.89335,1.80,1.50
2010.10.25 07:47:56.626,0.89329,0.89335,1.80,1.50
2010.10.25 07:47:57.189,0.89329,0.89335,2.60,1.50
2010.10.25 07:47:57.798,0.89329,0.89333,1.50,2.30
2010.10.25 07:47:58.673,0.89324,0.89329,1.10,2.30
2010.10.25 07:47:59.247,0.89324,0.8933,1.10,2.80
2010.10.25 07:47:59.785,0.89324,0.89329,1.10,2.30
2010.10.25 07:48:00.669,0.89324,0.89328,1.10,2.30
2010.10.25 07:48:01.552,0.89321,0.89326,2.30,1.10
2010.10.25 07:48:01.797,0.89318,0.89324,1.10,1.50
2010.10.25 07:48:02.487,0.89318,0.89325,1.10,1.50
2010.10.25 07:48:03.379,0.89315,0.89325,5.60,1.50
2010.10.25 07:48:03.938,0.89317,0.89325,1.80,1.50
2010.10.25 07:48:04.545,0.89319,0.89326,2.60,1.50
2010.10.25 07:48:05.364,0.89321,0.89328,1.10,2.30
2010.10.25 07:48:05.954,0.8932,0.89328,1.10,4.50
2010.10.25 07:48:06.522,0.8932,0.89327,1.10,1.50
2010.10.25 07:48:07.174,0.89319,0.89327,5.60,1.50
2010.10.25 07:48:07.729,0.89319,0.89328,5.60,1.50
2010.10.25 07:48:08.330,0.8932,0.89329,1.10,1.50
2010.10.25 07:48:09.042,0.89321,0.89329,1.10,1.50
2010.10.25 07:48:09.620,0.89321,0.89329,1.10,1.50
2010.10.25 07:48:10.052,0.89329,0.89333,1.50,2.30
2010.10.25 07:48:10.628,0.89324,0.89333,1.50,2.30
2010.10.25 07:48:11.178,0.89325,0.89334,1.10,1.50
2010.10.25 07:48:11.746,0.89324,0.89334,3.00,1.50
2010.10.25 07:48:12.297,0.89323,0.89334,1.50,3.80
2010.10.25 07:48:13.053,0.89322,0.89333,4.10,1.50
2010.10.25 07:48:13.621,0.89322,0.89333,4.10,1.50
2010.10.25 07:48:14.235,0.89322,0.8933,3.30,1.50
2010.10.25 07:48:14.927,0.8932,0.89328,3.00,1.50
2010.10.25 07:48:15.749,0.89319,0.89328,5.60,1.50
2010.10.25 07:48:16.209,0.89319,0.89329,5.60,1.50
2010.10.25 07:48:16.784,0.89319,0.89329,5.60,1.50
2010.10.25 07:48:17.597,0.89319,0.89328,5.60,1.50
2010.10.25 07:48:18.171,0.89324,0.89329,1.80,1.50
2010.10.25 07:48:18.717,0.89324,0.8933,2.60,1.50
2010.10.25 07:48:19.497,0.89324,0.89329,2.60,1.50
2010.10.25 07:48:19.965,0.89328,0.89333,1.10,3.80
2010.10.25 07:48:20.561,0.89328,0.89336,1.10,4.50
2010.10.25 07:48:21.296,0.89329,0.89333,1.80,1.50
2010.10.25 07:48:21.871,0.89329,0.89334,2.60,1.50
2010.10.25 07:48:22.420,0.89329,0.89334,2.60,1.50
2010.10.25 07:48:22.976,0.89329,0.89335,2.60,1.50
2010.10.25 07:48:24.260,0.89329,0.89337,3.30,1.50
2010.10.25 07:48:24.828,0.89336,0.89344,1.10,2.30
2010.10.25 07:48:25.340,0.89336,0.89344,1.10,2.30
2010.10.25 07:48:26.208,0.89334,0.8934,2.60,1.50
2010.10.25 07:48:26.789,0.89334,0.8934,2.60,1.50
2010.10.25 07:48:27.314,0.89336,0.89344,1.10,2.30
2010.10.25 07:48:27.873,0.89336,0.89344,1.10,2.30
2010.10.25 07:48:28.414,0.89335,0.89344,1.10,2.30
2010.10.25 07:48:28.959,0.89335,0.89344,1.10,2.30
2010.10.25 07:48:29.576,0.89334,0.8934,2.60,1.50
2010.10.25 07:48:30.425,0.89334,0.89339,2.60,1.50
2010.10.25 07:48:31.065,0.89334,0.89339,2.60,1.50
2010.10.25 07:48:31.691,0.89334,0.89339,2.60,1.50
2010.10.25 07:48:32.245,0.89334,0.8934,2.60,1.50
2010.10.25 07:48:32.764,0.89334,0.8934,2.60,1.50
2010.10.25 07:48:33.355,0.89334,0.8934,2.60,1.50
2010.10.25 07:48:33.932,0.89334,0.8934,2.60,1.50
2010.10.25 07:48:34.801,0.89334,0.8934,2.60,1.50
2010.10.25 07:48:35.386,0.89332,0.89339,2.30,1.50
2010.10.25 07:48:36.011,0.89332,0.89338,2.30,1.50
2010.10.25 07:48:36.897,0.89331,0.89338,1.10,1.50
2010.10.25 07:48:37.836,0.89326,0.89335,1.10,1.50
2010.10.25 07:48:38.288,0.89325,0.89335,3.30,1.50
2010.10.25 07:48:38.896,0.89325,0.89334,1.10,2.30
2010.10.25 07:48:39.780,0.89325,0.89334,1.10,2.30
2010.10.25 07:48:40.358,0.89324,0.89332,1.50,1.50
2010.10.25 07:48:40.883,0.89324,0.89332,3.80,2.30
2010.10.25 07:48:41.699,0.89324,0.89332,3.80,2.30
2010.10.25 07:48:42.281,0.89325,0.89332,1.80,2.30
2010.10.25 07:48:42.798,0.89325,0.89333,1.80,1.50
2010.10.25 07:48:43.599,0.89325,0.89333,1.10,2.80
2010.10.25 07:48:44.181,0.89324,0.89332,5.60,1.50
2010.10.25 07:48:44.763,0.89327,0.89336,2.60,1.30
2010.10.25 07:48:45.325,0.89329,0.89337,3.80,2.30
2010.10.25 07:48:45.893,0.89329,0.89335,1.50,1.50
2010.10.25 07:48:46.477,0.89329,0.89336,1.50,2.30
2010.10.25 07:48:47.159,0.89329,0.89336,1.50,2.30
2010.10.25 07:48:48.057,0.89329,0.89335,1.50,2.30
2010.10.25 07:48:48.506,0.89329,0.89335,1.50,2.30
2010.10.25 07:48:49.040,0.89329,0.89333,1.50,1.50
2010.10.25 07:48:49.918,0.89329,0.89333,1.50,1.50
2010.10.25 07:48:50.845,0.89329,0.89333,1.50,1.50
2010.10.25 07:48:51.813,0.89329,0.89333,1.50,1.50
2010.10.25 07:48:52.676,0.89329,0.89335,1.50,1.50
2010.10.25 07:48:53.243,0.89329,0.89336,1.50,2.30
2010.10.25 07:48:53.743,0.89339,0.89343,1.50,1.50
2010.10.25 07:48:54.537,0.89338,0.89344,1.10,2.30
2010.10.25 07:48:55.001,0.89336,0.89346,3.30,2.30
2010.10.25 07:48:55.617,0.89336,0.89345,3.30,1.50
2010.10.25 07:48:56.302,0.89336,0.89345,2.60,1.50
2010.10.25 07:48:57.081,0.89335,0.89345,4.80,2.30
2010.10.25 07:48:57.943,0.89335,0.89344,1.10,2.80
2010.10.25 07:48:58.519,0.89334,0.89343,2.60,2.30
2010.10.25 07:48:59.094,0.89334,0.89343,2.60,2.30
2010.10.25 07:48:59.849,0.89334,0.89342,4.80,1.50
2010.10.25 07:49:00.366,0.89334,0.89343,3.30,2.30
2010.10.25 07:49:00.929,0.89334,0.89342,3.30,1.50
2010.10.25 07:49:01.628,0.89334,0.89342,5.60,1.50
2010.10.25 07:49:02.191,0.89334,0.89342,5.60,1.50
2010.10.25 07:49:02.749,0.89336,0.89343,2.60,1.50
2010.10.25 07:49:03.491,0.89336,0.89344,2.60,1.50
2010.10.25 07:49:04.076,0.89336,0.89345,2.60,1.50
2010.10.25 07:49:04.664,0.89338,0.89346,2.30,2.30
2010.10.25 07:49:05.418,0.89338,0.89346,2.30,2.30
2010.10.25 07:49:06.076,0.89338,0.89346,2.30,2.30
2010.10.25 07:49:06.696,0.89338,0.89346,2.30,3.00
2010.10.25 07:49:07.308,0.89336,0.89344,1.10,5.30
2010.10.25 07:49:07.839,0.89336,0.89343,3.30,1.50
2010.10.25 07:49:08.418,0.89336,0.89344,3.30,1.50
2010.10.25 07:49:09.262,0.89333,0.89342,4.50,1.10
2010.10.25 07:49:09.831,0.89336,0.89344,3.30,1.50
2010.10.25 07:49:10.452,0.89336,0.89344,3.30,1.50
2010.10.25 07:49:11.306,0.89336,0.89344,3.30,1.50
2010.10.25 07:49:12.181,0.89336,0.89344,1.10,1.50
2010.10.25 07:49:12.429,0.8933,0.8934,3.00,1.80
2010.10.25 07:49:13.122,0.89331,0.8934,1.50,1.10
2010.10.25 07:49:13.479,0.89339,0.89343,3.00,3.10
2010.10.25 07:49:14.076,0.89338,0.89345,4.10,2.30
2010.10.25 07:49:14.965,0.89338,0.89345,1.80,2.30
2010.10.25 07:49:15.528,0.89339,0.89347,2.60,1.50
2010.10.25 07:49:16.079,0.89339,0.89347,3.30,1.50
2010.10.25 07:49:16.787,0.89339,0.89345,3.30,1.50
2010.10.25 07:49:17.736,0.89338,0.89344,1.10,1.50
2010.10.25 07:49:18.643,0.89338,0.89344,1.10,1.50
2010.10.25 07:49:18.885,0.89338,0.89344,1.10,1.50
2010.10.25 07:49:19.654,0.89338,0.89344,1.10,1.50
2010.10.25 07:49:20.230,0.89339,0.89344,1.10,1.50
2010.10.25 07:49:20.787,0.89339,0.89345,1.10,1.50
2010.10.25 07:49:21.464,0.89339,0.89345,1.10,1.50
2010.10.25 07:49:21.923,0.8934,0.89346,1.10,2.30
2010.10.25 07:49:22.511,0.89339,0.89345,1.10,1.50
2010.10.25 07:49:23.208,0.8934,0.89345,1.10,1.50
2010.10.25 07:49:23.708,0.89338,0.89343,2.30,1.50
2010.10.25 07:49:24.297,0.89337,0.89343,2.30,1.50
2010.10.25 07:49:24.875,0.89337,0.89343,2.30,1.50
2010.10.25 07:49:25.450,0.89337,0.89343,2.30,1.50
2010.10.25 07:49:26.150,0.89337,0.89344,2.30,2.30
2010.10.25 07:49:26.725,0.89338,0.89344,1.50,2.30
2010.10.25 07:49:27.262,0.89338,0.89344,1.50,2.30
2010.10.25 07:49:28.092,0.89338,0.89345,1.50,2.80
2010.10.25 07:49:28.668,0.8934,0.89346,1.10,1.50
2010.10.25 07:49:29.212,0.89339,0.89346,4.80,1.50
2010.10.25 07:49:30.085,0.89339,0.89347,4.80,1.50
2010.10.25 07:49:30.636,0.89339,0.89347,4.80,1.50
2010.10.25 07:49:31.242,0.89339,0.89347,4.80,1.50
2010.10.25 07:49:32.099,0.89344,0.8935,1.50,2.30
2010.10.25 07:49:32.666,0.89344,0.89348,1.80,1.50
2010.10.25 07:49:33.288,0.89344,0.89349,1.80,1.50
2010.10.25 07:49:33.861,0.89346,0.89352,1.10,2.80
2010.10.25 07:49:34.376,0.89344,0.8935,2.60,2.30
2010.10.25 07:49:35.266,0.89344,0.8935,2.60,2.30
2010.10.25 07:49:36.146,0.89344,0.8935,2.60,2.30
2010.10.25 07:49:36.666,0.89344,0.8935,3.30,2.30
2010.10.25 07:49:37.311,0.89346,0.89351,1.80,1.50
2010.10.25 07:49:37.887,0.89344,0.89351,2.60,2.30
2010.10.25 07:49:38.409,0.89344,0.89351,2.60,2.30
2010.10.25 07:49:38.950,0.89344,0.89351,2.60,2.30
2010.10.25 07:49:39.651,0.89344,0.8935,2.60,2.30
2010.10.25 07:49:40.151,0.89344,0.8935,2.60,2.30
2010.10.25 07:49:40.748,0.89344,0.8935,2.60,2.30
2010.10.25 07:49:41.533,0.89344,0.8935,2.60,2.30
2010.10.25 07:49:42.116,0.89344,0.8935,2.60,2.30
2010.10.25 07:49:42.700,0.89344,0.8935,2.60,2.30
2010.10.25 07:49:43.259,0.89344,0.8935,2.60,2.30
2010.10.25 07:49:43.985,0.89344,0.8935,2.60,2.30
2010.10.25 07:49:44.425,0.89344,0.8935,2.60,2.30
2010.10.25 07:49:45.045,0.89344,0.89351,2.60,2.80
2010.10.25 07:49:46.011,0.89344,0.89351,2.60,2.80
2010.10.25 07:49:46.580,0.89344,0.89352,2.60,2.00
2010.10.25 07:49:47.148,0.89344,0.89352,4.80,1.50
2010.10.25 07:49:47.859,0.89344,0.89352,4.80,1.50
2010.10.25 07:49:48.425,0.89344,0.89352,4.80,1.50
2010.10.25 07:49:48.961,0.89344,0.89352,4.80,1.50
2010.10.25 07:49:49.876,0.89344,0.89352,4.10,1.50
2010.10.25 07:49:50.366,0.89344,0.89351,1.80,1.50
2010.10.25 07:49:50.923,0.89344,0.89351,1.80,1.50
2010.10.25 07:49:51.851,0.89348,0.89355,1.50,3.40
2010.10.25 07:49:52.025,0.89354,0.89363,1.50,1.50
2010.10.25 07:49:52.671,0.89354,0.89363,5.30,1.10
2010.10.25 07:49:53.580,0.89358,0.89366,2.30,1.80
2010.10.25 07:49:54.175,0.89358,0.89366,2.30,1.80
2010.10.25 07:49:54.749,0.89357,0.89365,3.80,1.50
2010.10.25 07:49:55.350,0.89354,0.89363,3.80,1.30
2010.10.25 07:49:56.205,0.89351,0.89361,4.50,1.30
2010.10.25 07:49:56.794,0.89351,0.89361,2.30,1.30
2010.10.25 07:49:57.357,0.89353,0.89361,1.50,1.30
2010.10.25 07:49:58.058,0.89355,0.89362,2.30,1.50
2010.10.25 07:49:58.527,0.89351,0.89362,4.50,1.30
2010.10.25 07:49:59.134,0.89352,0.89362,1.50,3.50
2010.10.25 07:49:59.957,0.89353,0.89362,3.80,1.30
2010.10.25 07:50:00.421,0.89347,0.89358,1.80,3.50
2010.10.25 07:50:01.029,0.89346,0.89354,2.90,1.30
2010.10.25 07:50:01.737,0.89346,0.89354,2.60,1.30
2010.10.25 07:50:02.192,0.89346,0.89354,1.20,1.30
2010.10.25 07:50:02.705,0.89345,0.89354,2.60,1.30
2010.10.25 07:50:03.480,0.89346,0.89354,2.30,1.30
2010.10.25 07:50:04.047,0.89344,0.89353,2.30,2.30
2010.10.25 07:50:04.610,0.89346,0.89357,1.80,5.00
2010.10.25 07:50:05.215,0.89349,0.89358,2.30,1.30
2010.10.25 07:50:05.782,0.8935,0.89358,2.30,1.30
2010.10.25 07:50:06.391,0.89347,0.89358,2.60,3.00
2010.10.25 07:50:07.271,0.89352,0.89361,2.30,2.60
2010.10.25 07:50:07.858,0.89356,0.89364,3.00,2.30
2010.10.25 07:50:08.471,0.89356,0.89365,3.00,2.80
2010.10.25 07:50:09.154,0.89356,0.89365,3.00,2.80
2010.10.25 07:50:09.718,0.89356,0.89365,4.50,1.30
2010.10.25 07:50:10.274,0.89355,0.89364,3.00,2.30
2010.10.25 07:50:10.915,0.89352,0.8936,3.00,1.50
2010.10.25 07:50:11.478,0.89349,0.89359,1.50,3.00
2010.10.25 07:50:12.009,0.89352,0.89362,2.30,1.50
2010.10.25 07:50:12.884,0.89349,0.8936,5.30,2.80
2010.10.25 07:50:13.786,0.8935,0.8936,2.30,2.80
2010.10.25 07:50:14.616,0.89347,0.89358,2.30,4.50
2010.10.25 07:50:14.854,0.89346,0.89357,5.30,1.50
2010.10.25 07:50:15.525,0.89346,0.89357,5.30,1.50
2010.10.25 07:50:16.427,0.89346,0.89357,2.30,4.50
2010.10.25 07:50:17.341,0.89347,0.89356,2.30,1.50
2010.10.25 07:50:17.569,0.89346,0.89356,3.00,1.50
2010.10.25 07:50:18.320,0.89349,0.89358,1.50,3.80
2010.10.25 07:50:18.890,0.89347,0.89358,5.30,1.50
2010.10.25 07:50:19.446,0.89347,0.89356,3.80,1.50
2010.10.25 07:50:20.328,0.89347,0.89357,4.50,1.50
2010.10.25 07:50:20.568,0.89348,0.89359,4.50,3.00
2010.10.25 07:50:21.361,0.89348,0.89358,4.50,1.50
2010.10.25 07:50:21.945,0.89347,0.89357,4.50,1.50
2010.10.25 07:50:22.482,0.89345,0.89355,6.30,1.50
2010.10.25 07:50:23.291,0.89345,0.89355,2.60,1.50
2010.10.25 07:50:23.854,0.89345,0.89355,2.60,1.50
2010.10.25 07:50:24.407,0.89345,0.89354,1.10,1.50
2010.10.25 07:50:25.337,0.89344,0.89351,3.30,1.50
2010.10.25 07:50:25.801,0.8934,0.8935,4.80,1.50
2010.10.25 07:50:26.319,0.89344,0.8935,2.30,1.50
2010.10.25 07:50:26.887,0.89344,0.89352,1.50,2.30
2010.10.25 07:50:27.435,0.89344,0.89351,1.50,1.50
2010.10.25 07:50:28.008,0.89342,0.89351,2.30,2.60
2010.10.25 07:50:28.578,0.89344,0.89352,1.50,2.60
2010.10.25 07:50:29.147,0.89345,0.89353,1.10,1.50
2010.10.25 07:50:29.667,0.89344,0.89353,4.80,1.50
2010.10.25 07:50:30.236,0.89344,0.89352,2.60,1.50
2010.10.25 07:50:30.794,0.89344,0.89352,2.60,1.50
2010.10.25 07:50:31.481,0.89344,0.89352,4.80,1.50
2010.10.25 07:50:32.047,0.89346,0.89352,1.10,1.50
2010.10.25 07:50:32.622,0.89346,0.89352,1.10,1.30
2010.10.25 07:50:33.192,0.89346,0.89355,1.80,1.50
2010.10.25 07:50:33.767,0.89348,0.89356,1.10,1.50
2010.10.25 07:50:34.536,0.8935,0.89357,1.10,1.50
2010.10.25 07:50:35.044,0.8935,0.89357,1.10,1.50
2010.10.25 07:50:35.561,0.8935,0.89357,1.10,1.50
2010.10.25 07:50:36.130,0.89345,0.89355,2.30,2.30
2010.10.25 07:50:36.691,0.89345,0.89354,1.10,2.30
2010.10.25 07:50:37.508,0.89345,0.89353,1.10,1.30
2010.10.25 07:50:38.356,0.89346,0.89355,1.80,2.30
2010.10.25 07:50:38.921,0.89346,0.89354,1.10,1.50
2010.10.25 07:50:39.499,0.89345,0.89354,1.10,1.50
2010.10.25 07:50:40.287,0.89345,0.89354,1.10,1.50
2010.10.25 07:50:40.869,0.8934,0.8935,1.10,1.50
2010.10.25 07:50:41.438,0.89341,0.89349,3.00,2.30
2010.10.25 07:50:42.154,0.8934,0.89349,3.30,1.50
2010.10.25 07:50:43.046,0.89341,0.89349,2.30,1.30
2010.10.25 07:50:43.938,0.8934,0.89348,1.10,2.80
2010.10.25 07:50:44.837,0.8934,0.89348,1.10,1.30
2010.10.25 07:50:45.411,0.8934,0.8935,2.60,2.30
2010.10.25 07:50:45.976,0.8934,0.8935,2.60,2.80
2010.10.25 07:50:46.782,0.89342,0.89351,2.30,2.30
2010.10.25 07:50:47.351,0.89341,0.89351,3.80,2.30
2010.10.25 07:50:47.894,0.89341,0.89351,3.80,2.30
2010.10.25 07:50:48.454,0.89341,0.89351,3.80,2.30
2010.10.25 07:50:48.979,0.89341,0.89351,3.80,2.30
2010.10.25 07:50:49.873,0.89342,0.89352,1.50,1.50
2010.10.25 07:50:50.441,0.89342,0.89351,2.60,1.50
2010.10.25 07:50:51.051,0.89342,0.89352,2.60,2.30
2010.10.25 07:50:51.832,0.89343,0.89353,2.60,2.30
2010.10.25 07:50:52.397,0.89345,0.89354,2.60,1.50
2010.10.25 07:50:52.936,0.89345,0.89354,2.60,1.50
2010.10.25 07:50:53.790,0.89346,0.89354,1.50,1.30
2010.10.25 07:50:54.615,0.89344,0.89353,1.50,2.30
2010.10.25 07:50:55.509,0.89344,0.89353,2.30,2.30
2010.10.25 07:50:56.312,0.89344,0.89352,2.60,1.50
2010.10.25 07:50:56.999,0.89347,0.89355,1.80,1.50
2010.10.25 07:50:57.876,0.89349,0.89356,2.30,1.50
2010.10.25 07:50:58.743,0.89349,0.89356,2.30,1.50
2010.10.25 07:50:59.307,0.89347,0.89356,1.50,1.50
2010.10.25 07:50:59.920,0.89346,0.89356,3.80,1.50
2010.10.25 07:51:00.605,0.89344,0.89352,1.50,1.50
2010.10.25 07:51:01.492,0.89341,0.8935,2.30,2.60
2010.10.25 07:51:02.062,0.8934,0.89351,4.10,2.30
2010.10.25 07:51:02.628,0.8934,0.8935,1.50,1.50
2010.10.25 07:51:03.352,0.8934,0.8935,1.50,1.80
2010.10.25 07:51:04.241,0.89339,0.89349,4.80,1.50
2010.10.25 07:51:04.487,0.89344,0.89349,2.30,2.60
2010.10.25 07:51:05.132,0.89343,0.89348,4.50,2.30
2010.10.25 07:51:06.004,0.89339,0.89348,4.10,2.80
2010.10.25 07:51:06.858,0.89339,0.89346,1.50,2.80
2010.10.25 07:51:07.318,0.89339,0.89345,1.80,2.30
2010.10.25 07:51:07.872,0.89339,0.89345,1.80,2.80
2010.10.25 07:51:08.442,0.89339,0.89346,4.10,2.30
2010.10.25 07:51:08.994,0.89339,0.89348,4.10,1.50
2010.10.25 07:51:09.780,0.89339,0.89347,2.30,1.80
2010.10.25 07:51:10.346,0.89337,0.89347,5.60,1.80
2010.10.25 07:51:10.857,0.89337,0.89347,5.60,1.80
2010.10.25 07:51:11.756,0.89339,0.89348,2.60,2.30
2010.10.25 07:51:12.636,0.89339,0.89349,6.30,1.80
2010.10.25 07:51:13.422,0.89341,0.8935,1.50,2.60
2010.10.25 07:51:14.289,0.8934,0.8935,3.00,2.60
2010.10.25 07:51:14.541,0.8934,0.8935,3.00,2.60
2010.10.25 07:51:15.061,0.8934,0.8935,3.00,2.60
2010.10.25 07:51:15.614,0.8934,0.8935,3.00,2.60
2010.10.25 07:51:16.192,0.8934,0.8935,3.00,2.60
2010.10.25 07:51:16.726,0.8934,0.8935,3.00,2.60
2010.10.25 07:51:17.270,0.8934,0.8935,3.00,2.60
2010.10.25 07:51:17.868,0.8934,0.8935,3.00,2.60
2010.10.25 07:51:18.764,0.8934,0.8935,3.00,2.60
2010.10.25 07:51:19.574,0.8934,0.89349,1.50,1.80
2010.10.25 07:51:20.126,0.8934,0.89349,1.50,1.80
2010.10.25 07:51:20.648,0.8934,0.89349,1.50,1.80
2010.10.25 07:51:21.233,0.8934,0.8935,3.00,2.60
2010.10.25 07:51:21.781,0.8934,0.89349,1.50,1.80
2010.10.25 07:51:22.349,0.89339,0.89348,4.10,2.30
2010.10.25 07:51:22.902,0.89339,0.89348,4.10,2.30
2010.10.25 07:51:23.602,0.89339,0.89348,4.10,2.30
2010.10.25 07:51:24.159,0.89341,0.89348,1.10,1.50
2010.10.25 07:51:24.679,0.89339,0.89348,2.60,1.50
2010.10.25 07:51:25.497,0.89339,0.89348,2.60,1.50
2010.10.25 07:51:26.441,0.89339,0.89347,2.60,2.30
2010.10.25 07:51:26.898,0.89339,0.89346,2.60,1.50
2010.10.25 07:51:27.419,0.89339,0.89347,2.60,1.50
2010.10.25 07:51:28.312,0.89339,0.89347,2.60,1.50
2010.10.25 07:51:28.879,0.89339,0.89347,1.80,1.50
2010.10.25 07:51:29.494,0.89339,0.89348,4.10,1.50
2010.10.25 07:51:30.051,0.89339,0.89346,1.80,2.30
2010.10.25 07:51:30.598,0.89339,0.89346,1.80,1.50
2010.10.25 07:51:31.333,0.89339,0.89347,4.10,1.50
2010.10.25 07:51:31.888,0.89339,0.89349,4.80,1.50
2010.10.25 07:51:32.505,0.89335,0.89342,7.90,1.80
2010.10.25 07:51:33.165,0.8933,0.8934,3.30,3.00
2010.10.25 07:51:34.066,0.89325,0.89333,1.90,1.10
2010.10.25 07:51:34.965,0.89325,0.89335,2.10,1.20
2010.10.25 07:51:35.527,0.89322,0.89326,2.30,2.30
2010.10.25 07:51:36.099,0.89322,0.89326,2.30,2.30
2010.10.25 07:51:36.864,0.89322,0.89326,2.30,2.30
2010.10.25 07:51:37.432,0.89324,0.89328,1.50,2.30
2010.10.25 07:51:37.968,0.89324,0.89328,1.50,2.30
2010.10.25 07:51:38.536,0.89324,0.89328,1.50,2.30
2010.10.25 07:51:39.095,0.89323,0.89328,1.50,2.30
2010.10.25 07:51:39.848,0.89322,0.89326,2.30,2.30
2010.10.25 07:51:40.451,0.89322,0.89326,2.30,2.30
2010.10.25 07:51:40.881,0.89323,0.89332,1.50,2.60
2010.10.25 07:51:41.725,0.89321,0.89329,1.50,1.30
2010.10.25 07:51:42.301,0.8932,0.89328,1.50,1.30
2010.10.25 07:51:42.889,0.8932,0.89328,1.50,1.30
2010.10.25 07:51:43.745,0.8932,0.89327,1.50,1.50
2010.10.25 07:51:44.318,0.89317,0.89326,1.50,4.50
2010.10.25 07:51:44.887,0.89317,0.89325,1.50,1.10
2010.10.25 07:51:45.648,0.89317,0.89325,1.50,1.10
2010.10.25 07:51:46.168,0.89317,0.89326,1.50,5.60
2010.10.25 07:51:46.727,0.89317,0.89325,1.50,1.10
2010.10.25 07:51:47.458,0.89316,0.89325,1.50,1.10
2010.10.25 07:51:48.355,0.89314,0.89324,5.60,1.50
2010.10.25 07:51:48.924,0.89314,0.89322,5.60,1.30
2010.10.25 07:51:49.528,0.89314,0.89323,4.10,1.50
2010.10.25 07:51:50.294,0.89314,0.89323,4.10,1.50
2010.10.25 07:51:50.855,0.89314,0.89323,4.10,1.50
2010.10.25 07:51:51.404,0.89316,0.89324,1.50,1.80
2010.10.25 07:51:52.164,0.89316,0.89324,1.50,1.80
2010.10.25 07:51:53.018,0.89316,0.89324,1.50,1.80
2010.10.25 07:51:53.959,0.89316,0.89324,1.50,1.10
2010.10.25 07:51:54.405,0.89316,0.89324,1.50,1.10
2010.10.25 07:51:54.930,0.89316,0.89324,1.50,1.10
2010.10.25 07:51:55.498,0.89316,0.89324,1.50,1.10
2010.10.25 07:51:56.022,0.89316,0.89324,1.50,1.10
2010.10.25 07:51:56.568,0.89316,0.89324,1.50,1.10
2010.10.25 07:51:57.149,0.89316,0.89324,1.50,1.10
2010.10.25 07:51:58.041,0.89316,0.89324,2.30,1.10
2010.10.25 07:51:58.974,0.89318,0.89324,2.30,1.10
2010.10.25 07:51:59.699,0.89319,0.89326,2.30,1.50
2010.10.25 07:52:00.542,0.89319,0.8933,3.80,1.50
2010.10.25 07:52:01.299,0.89319,0.8933,3.80,2.80
2010.10.25 07:52:02.094,0.89319,0.8933,3.80,2.80
2010.10.25 07:52:02.673,0.89319,0.8933,3.80,2.80
2010.10.25 07:52:03.226,0.8932,0.8933,2.30,2.80
2010.10.25 07:52:03.944,0.89321,0.89331,2.30,2.80
2010.10.25 07:52:04.499,0.89321,0.8933,2.30,2.30
2010.10.25 07:52:05.041,0.89318,0.8933,3.80,5.00
2010.10.25 07:52:05.932,0.89317,0.89328,4.50,2.30
2010.10.25 07:52:06.832,0.89317,0.89327,2.30,1.50
2010.10.25 07:52:07.737,0.89317,0.89326,2.30,1.50
2010.10.25 07:52:08.200,0.89317,0.89324,1.10,3.00
2010.10.25 07:52:08.708,0.89317,0.89325,1.10,1.60
2010.10.25 07:52:09.267,0.89317,0.89325,1.10,1.50
2010.10.25 07:52:09.788,0.89316,0.89326,1.10,1.50
2010.10.25 07:52:10.693,0.89316,0.89325,3.30,1.50
2010.10.25 07:52:11.259,0.89316,0.89325,3.30,1.50
2010.10.25 07:52:11.803,0.89316,0.89325,3.30,1.50
2010.10.25 07:52:12.369,0.89316,0.89325,3.30,1.50
2010.10.25 07:52:12.919,0.89314,0.89323,2.30,1.50
2010.10.25 07:52:13.580,0.89314,0.89323,1.50,2.30
2010.10.25 07:52:14.448,0.89314,0.89323,1.50,2.30
2010.10.25 07:52:15.031,0.89314,0.89322,1.80,1.50
2010.10.25 07:52:15.580,0.89314,0.89321,1.80,1.50
2010.10.25 07:52:16.149,0.89314,0.89322,1.80,1.50
2010.10.25 07:52:16.613,0.89314,0.89322,1.80,1.50
2010.10.25 07:52:17.192,0.89314,0.89322,1.80,1.50
2010.10.25 07:52:17.972,0.89314,0.89322,1.80,1.50
2010.10.25 07:52:18.536,0.89314,0.89322,1.80,1.50
2010.10.25 07:52:19.088,0.89314,0.89323,1.80,2.30
2010.10.25 07:52:19.657,0.89314,0.89323,4.10,2.30
2010.10.25 07:52:20.208,0.89314,0.89323,4.10,2.30
2010.10.25 07:52:20.947,0.89314,0.89323,4.10,2.30
2010.10.25 07:52:21.521,0.89314,0.89323,4.10,2.30
2010.10.25 07:52:22.092,0.89314,0.89323,4.10,2.30
2010.10.25 07:52:22.887,0.89314,0.89323,4.10,2.30
2010.10.25 07:52:23.461,0.89318,0.89326,1.10,1.50
2010.10.25 07:52:24.061,0.89318,0.89326,1.10,1.50
2010.10.25 07:52:24.789,0.89316,0.89326,3.30,2.30
2010.10.25 07:52:25.689,0.89319,0.89327,2.30,1.50
2010.10.25 07:52:26.262,0.89319,0.89327,2.30,1.50
2010.10.25 07:52:26.818,0.89319,0.89327,2.30,1.50
2010.10.25 07:52:27.630,0.89319,0.89327,2.30,1.50
2010.10.25 07:52:28.541,0.89319,0.89328,2.30,2.30
2010.10.25 07:52:29.436,0.89317,0.89327,2.30,1.50
2010.10.25 07:52:30.321,0.89321,0.89329,2.30,1.50
2010.10.25 07:52:30.557,0.89321,0.89329,2.30,1.50
2010.10.25 07:52:31.323,0.89321,0.8933,2.30,1.50
2010.10.25 07:52:32.205,0.89321,0.89329,2.30,2.30
2010.10.25 07:52:32.440,0.89319,0.89328,2.30,1.50
2010.10.25 07:52:33.169,0.89319,0.89329,2.30,2.30
2010.10.25 07:52:33.726,0.89319,0.89329,2.30,2.30
2010.10.25 07:52:34.254,0.89319,0.89328,1.50,3.50
2010.10.25 07:52:35.030,0.89319,0.89328,1.50,3.50
2010.10.25 07:52:35.561,0.89317,0.89327,1.50,2.30
2010.10.25 07:52:36.163,0.89318,0.89328,1.50,5.00
2010.10.25 07:52:36.934,0.89318,0.89328,1.50,5.00
2010.10.25 07:52:37.497,0.89318,0.89328,1.50,5.00
2010.10.25 07:52:38.088,0.89318,0.89328,1.50,5.00
2010.10.25 07:52:38.666,0.89318,0.89328,1.50,5.00
2010.10.25 07:52:39.546,0.89318,0.89328,1.50,5.00
2010.10.25 07:52:40.097,0.89318,0.89328,1.50,5.00
2010.10.25 07:52:40.656,0.89319,0.89328,1.50,3.00
2010.10.25 07:52:41.158,0.89319,0.8933,3.80,2.30
2010.10.25 07:52:41.718,0.89319,0.89329,3.80,2.30
2010.10.25 07:52:42.492,0.89319,0.89329,2.30,2.30
2010.10.25 07:52:43.160,0.89319,0.89329,2.30,2.30
2010.10.25 07:52:43.740,0.89317,0.89327,3.80,1.50
2010.10.25 07:52:44.538,0.89317,0.89327,3.80,2.30
2010.10.25 07:52:45.110,0.89317,0.89327,1.50,2.30
2010.10.25 07:52:45.718,0.89317,0.89327,1.50,2.30
2010.10.25 07:52:46.286,0.89317,0.89327,1.50,2.80
2010.10.25 07:52:46.814,0.89317,0.89327,1.50,2.80
2010.10.25 07:52:47.366,0.89317,0.89327,3.80,1.50
2010.10.25 07:52:48.067,0.89317,0.89327,2.30,1.50
2010.10.25 07:52:48.738,0.89317,0.89327,1.50,2.30
2010.10.25 07:52:49.299,0.89317,0.89326,1.50,3.00
2010.10.25 07:52:49.894,0.89315,0.89326,2.30,4.50
2010.10.25 07:52:50.774,0.89315,0.89326,2.30,4.50
2010.10.25 07:52:51.348,0.89315,0.89326,1.50,4.50
2010.10.25 07:52:51.958,0.89315,0.89326,1.50,4.50
2010.10.25 07:52:52.521,0.89315,0.89326,1.50,4.50
2010.10.25 07:52:53.095,0.89315,0.89326,1.50,5.00
2010.10.25 07:52:54.012,0.89314,0.89325,3.80,2.30
2010.10.25 07:52:54.649,0.89314,0.89325,3.80,2.30
2010.10.25 07:52:55.367,0.89314,0.89325,3.80,2.30
2010.10.25 07:52:56.334,0.89314,0.89325,3.80,2.30
2010.10.25 07:52:56.707,0.89314,0.89325,3.80,2.30
2010.10.25 07:52:57.362,0.89314,0.89325,3.80,2.30
2010.10.25 07:52:57.891,0.89314,0.89325,3.80,2.30
2010.10.25 07:52:58.604,0.89317,0.89326,4.50,2.80
2010.10.25 07:52:59.174,0.89318,0.89327,2.30,2.30
2010.10.25 07:52:59.731,0.89318,0.89328,2.30,2.80
2010.10.25 07:53:00.218,0.89318,0.89328,2.30,1.50
2010.10.25 07:53:00.817,0.89316,0.89323,1.50,1.30
2010.10.25 07:53:01.479,0.89317,0.89324,1.50,4.80
2010.10.25 07:53:02.324,0.89314,0.89324,1.50,6.30
2010.10.25 07:53:02.892,0.89314,0.89324,1.50,4.10
2010.10.25 07:53:03.452,0.89313,0.89322,1.50,1.10
2010.10.25 07:53:04.265,0.89312,0.89322,1.50,1.50
2010.10.25 07:53:04.818,0.89313,0.89322,1.50,1.10
2010.10.25 07:53:05.378,0.89314,0.89322,1.50,1.10
2010.10.25 07:53:06.294,0.89314,0.89324,1.50,4.10
2010.10.25 07:53:06.855,0.89314,0.89324,1.50,4.10
2010.10.25 07:53:07.425,0.89314,0.89324,1.50,4.10
2010.10.25 07:53:07.887,0.89313,0.89322,1.50,1.10
2010.10.25 07:53:08.667,0.89313,0.89323,1.50,3.00
2010.10.25 07:53:09.503,0.89314,0.89323,1.50,1.10
2010.10.25 07:53:09.970,0.89314,0.89323,1.50,1.10
2010.10.25 07:53:10.576,0.89314,0.89323,1.50,1.10
2010.10.25 07:53:11.362,0.89314,0.89323,1.50,1.10
2010.10.25 07:53:11.940,0.89314,0.89324,1.50,4.10
2010.10.25 07:53:12.486,0.89314,0.89324,1.50,4.10
2010.10.25 07:53:13.058,0.89314,0.89324,1.50,4.10
2010.10.25 07:53:13.636,0.89314,0.89324,1.50,4.10
2010.10.25 07:53:14.496,0.89314,0.89324,1.50,4.10
2010.10.25 07:53:15.011,0.89314,0.89324,1.50,4.10
2010.10.25 07:53:15.568,0.89314,0.89324,1.50,4.10
2010.10.25 07:53:16.148,0.89316,0.89327,3.30,1.50
2010.10.25 07:53:16.698,0.89316,0.89327,4.80,1.50
2010.10.25 07:53:17.579,0.89318,0.89328,1.50,2.30
2010.10.25 07:53:18.210,0.89317,0.89328,4.50,2.30
2010.10.25 07:53:18.848,0.89317,0.89328,2.30,4.50
2010.10.25 07:53:19.485,0.89317,0.89328,4.50,2.30
2010.10.25 07:53:20.060,0.89318,0.89329,1.50,4.50
2010.10.25 07:53:20.882,0.89317,0.89328,3.00,4.50
2010.10.25 07:53:21.448,0.89317,0.89328,3.00,4.50
2010.10.25 07:53:21.978,0.89317,0.89328,3.00,4.50
2010.10.25 07:53:22.861,0.89318,0.89328,2.30,2.30
2010.10.25 07:53:23.428,0.89317,0.89328,5.30,2.30
2010.10.25 07:53:23.978,0.89318,0.89328,2.30,2.30
2010.10.25 07:53:24.803,0.89316,0.89327,5.60,1.50
2010.10.25 07:53:25.750,0.89317,0.89327,2.30,1.50
2010.10.25 07:53:26.207,0.89316,0.89326,3.00,1.80
2010.10.25 07:53:26.818,0.89315,0.89326,1.50,3.00
2010.10.25 07:53:27.460,0.89315,0.89327,2.30,5.00
2010.10.25 07:53:28.039,0.89315,0.89327,3.80,5.00
2010.10.25 07:53:28.616,0.89315,0.89326,1.50,3.00
2010.10.25 07:53:29.361,0.89315,0.89326,1.50,3.00
2010.10.25 07:53:29.933,0.89315,0.89327,3.80,5.00
2010.10.25 07:53:30.459,0.89315,0.89327,3.80,5.00
2010.10.25 07:53:31.020,0.89314,0.89324,1.50,3.50
2010.10.25 07:53:31.543,0.89314,0.89324,1.50,5.00
2010.10.25 07:53:32.099,0.89316,0.89326,2.30,5.00
2010.10.25 07:53:32.688,0.89317,0.89326,1.50,1.50
2010.10.25 07:53:33.569,0.89317,0.89326,1.50,1.50
2010.10.25 07:53:33.810,0.89315,0.89324,2.30,2.30
2010.10.25 07:53:34.529,0.89316,0.89325,2.30,1.50
2010.10.25 07:53:34.990,0.89315,0.89325,2.30,2.30
2010.10.25 07:53:35.498,0.89314,0.89324,1.50,6.00
2010.10.25 07:53:36.293,0.89314,0.89323,1.50,3.30
2010.10.25 07:53:36.882,0.89313,0.89323,1.50,5.60
2010.10.25 07:53:37.399,0.89312,0.89322,1.50,5.00
2010.10.25 07:53:38.267,0.89311,0.89321,2.30,1.30
2010.10.25 07:53:38.828,0.8931,0.89321,4.80,1.30
2010.10.25 07:53:39.395,0.8931,0.89321,4.80,1.30
2010.10.25 07:53:39.959,0.8931,0.89321,4.80,1.30
2010.10.25 07:53:40.544,0.8931,0.89321,4.80,1.30
2010.10.25 07:53:41.104,0.8931,0.89322,4.80,5.30
2010.10.25 07:53:41.656,0.8931,0.89322,4.80,5.30
2010.10.25 07:53:42.220,0.89309,0.89314,3.80,1.10
2010.10.25 07:53:42.797,0.89304,0.89313,4.10,1.50
2010.10.25 07:53:43.472,0.89304,0.89313,5.60,1.50
2010.10.25 07:53:44.328,0.89307,0.89318,1.10,4.50
2010.10.25 07:53:45.106,0.89307,0.89316,2.30,1.50
2010.10.25 07:53:45.563,0.89306,0.89316,1.80,1.50
2010.10.25 07:53:46.121,0.89306,0.89316,1.50,1.50
2010.10.25 07:53:46.827,0.89305,0.89316,5.60,1.50
2010.10.25 07:53:47.388,0.89305,0.89316,4.10,1.50
2010.10.25 07:53:47.907,0.89305,0.89313,3.00,1.50
2010.10.25 07:53:48.665,0.89304,0.89314,3.80,4.50
2010.10.25 07:53:49.507,0.89304,0.89311,1.50,2.30
2010.10.25 07:53:50.116,0.89302,0.89311,2.60,2.30
2010.10.25 07:53:51.033,0.89301,0.8931,1.80,1.50
2010.10.25 07:53:51.893,0.893,0.89309,3.30,1.50
2010.10.25 07:53:52.490,0.893,0.89309,1.10,1.50
2010.10.25 07:53:52.918,0.89296,0.89301,7.30,1.50
2010.10.25 07:53:53.902,0.89292,0.89301,2.30,4.80
2010.10.25 07:53:54.023,0.89288,0.89297,4.50,1.20
2010.10.25 07:53:54.744,0.89286,0.89293,3.00,1.50
2010.10.25 07:53:55.685,0.89285,0.89293,3.80,1.10
2010.10.25 07:53:56.449,0.89285,0.89289,2.30,1.10
2010.10.25 07:53:56.913,0.89285,0.89293,3.80,1.30
2010.10.25 07:53:57.536,0.89285,0.89294,2.30,2.30
2010.10.25 07:53:58.210,0.89285,0.89294,2.30,2.30
2010.10.25 07:53:58.790,0.89287,0.89294,2.30,1.10
2010.10.25 07:53:59.366,0.89287,0.89297,6.00,1.50
2010.10.25 07:54:00.092,0.89289,0.89296,2.30,1.30
2010.10.25 07:54:00.956,0.89288,0.89297,3.30,2.30
2010.10.25 07:54:01.192,0.8929,0.893,2.30,2.30
2010.10.25 07:54:01.868,0.89291,0.89301,3.80,2.60
2010.10.25 07:54:02.772,0.89292,0.89303,5.30,1.50
2010.10.25 07:54:03.600,0.89293,0.89303,4.50,1.50
2010.10.25 07:54:04.346,0.89293,0.89303,2.30,3.80
2010.10.25 07:54:04.805,0.89292,0.89302,3.00,1.80
2010.10.25 07:54:05.411,0.89291,0.89301,5.30,1.50
2010.10.25 07:54:06.216,0.89292,0.89302,2.30,1.80
2010.10.25 07:54:06.780,0.89292,0.89302,2.30,1.80
2010.10.25 07:54:07.380,0.89292,0.89302,2.30,1.80
2010.10.25 07:54:08.108,0.89293,0.89303,2.30,3.80
2010.10.25 07:54:09.024,0.89293,0.89303,3.00,1.50
2010.10.25 07:54:09.925,0.89294,0.89304,3.00,4.50
2010.10.25 07:54:10.583,0.89294,0.89303,1.50,1.50
2010.10.25 07:54:11.119,0.89294,0.89303,1.50,1.50
2010.10.25 07:54:11.649,0.89294,0.89303,1.50,1.50
2010.10.25 07:54:12.221,0.89294,0.89303,1.50,1.50
2010.10.25 07:54:12.670,0.89294,0.89305,5.30,1.50
2010.10.25 07:54:13.213,0.89295,0.89305,3.00,1.50
2010.10.25 07:54:14.036,0.89295,0.89304,3.00,1.50
2010.10.25 07:54:14.608,0.89297,0.89305,3.80,1.50
2010.10.25 07:54:15.201,0.89295,0.89305,3.80,1.50
2010.10.25 07:54:15.955,0.89296,0.89306,3.00,1.50
2010.10.25 07:54:16.408,0.89298,0.89308,3.00,1.50
2010.10.25 07:54:16.990,0.89297,0.89307,1.50,2.30
2010.10.25 07:54:17.605,0.89297,0.89305,1.50,2.30
2010.10.25 07:54:18.058,0.89294,0.89303,1.50,3.80
2010.10.25 07:54:18.602,0.89291,0.89302,3.00,3.80
2010.10.25 07:54:19.453,0.89291,0.89301,1.50,1.50
2010.10.25 07:54:20.353,0.89291,0.893,2.30,1.50
2010.10.25 07:54:20.940,0.8929,0.893,3.80,1.50
2010.10.25 07:54:21.541,0.8929,0.89299,2.30,1.50
2010.10.25 07:54:22.230,0.89289,0.89299,4.10,1.50
2010.10.25 07:54:23.144,0.89288,0.89298,3.00,2.30
2010.10.25 07:54:24.013,0.89287,0.89297,3.00,2.30
2010.10.25 07:54:24.239,0.89287,0.89297,3.00,2.30
2010.10.25 07:54:24.977,0.89288,0.89297,3.00,2.30
2010.10.25 07:54:25.567,0.89283,0.89289,1.50,1.50
2010.10.25 07:54:26.089,0.89279,0.89286,1.50,1.50
2010.10.25 07:54:26.762,0.89279,0.89287,1.80,1.50
2010.10.25 07:54:27.339,0.89283,0.89288,1.10,2.30
2010.10.25 07:54:27.904,0.89279,0.89287,2.60,1.50
2010.10.25 07:54:28.641,0.89281,0.89287,1.10,1.50
2010.10.25 07:54:29.494,0.89279,0.89286,2.60,1.50
2010.10.25 07:54:30.124,0.89279,0.89284,1.50,1.50
2010.10.25 07:54:30.251,0.89273,0.89282,2.30,2.60
2010.10.25 07:54:30.916,0.89271,0.89282,2.60,4.80
2010.10.25 07:54:31.738,0.89271,0.89281,2.60,1.50
2010.10.25 07:54:32.617,0.89274,0.89281,1.50,1.50
2010.10.25 07:54:33.311,0.89275,0.89284,1.10,1.50
2010.10.25 07:54:34.091,0.89275,0.89283,1.80,1.50
2010.10.25 07:54:34.717,0.89272,0.89283,3.00,3.80
2010.10.25 07:54:35.342,0.89274,0.89281,1.50,2.30
2010.10.25 07:54:36.066,0.89272,0.89281,1.50,3.80
2010.10.25 07:54:36.512,0.8927,0.8928,2.60,1.50
2010.10.25 07:54:37.102,0.89269,0.89276,2.60,1.50
2010.10.25 07:54:37.642,0.89269,0.89276,4.80,1.50
2010.10.25 07:54:38.192,0.89265,0.89274,1.50,1.50
2010.10.25 07:54:39.103,0.89265,0.89273,2.30,1.10
2010.10.25 07:54:40.741,0.8927,0.89279,1.10,4.50
2010.10.25 07:54:41.196,0.89271,0.89278,3.00,1.50
2010.10.25 07:54:41.726,0.89271,0.89278,3.00,1.50
2010.10.25 07:54:42.556,0.89269,0.89279,5.30,1.50
2010.10.25 07:54:43.008,0.89269,0.89279,3.00,2.30
2010.10.25 07:54:43.535,0.8927,0.8928,2.30,1.50
2010.10.25 07:54:44.332,0.89272,0.89281,1.50,1.50
2010.10.25 07:54:45.094,0.89278,0.89285,1.50,1.50
2010.10.25 07:54:46.031,0.89278,0.89287,1.50,1.50
2010.10.25 07:54:46.801,0.89277,0.89285,1.50,1.50
2010.10.25 07:54:47.608,0.89276,0.89285,1.80,1.50
2010.10.25 07:54:48.368,0.89278,0.89289,2.30,3.80
2010.10.25 07:54:48.827,0.89279,0.89289,3.80,1.50
2010.10.25 07:54:49.389,0.8928,0.8929,1.50,1.50
2010.10.25 07:54:50.034,0.8928,0.89291,1.50,3.80
2010.10.25 07:54:50.828,0.8928,0.8929,1.50,1.50
2010.10.25 07:54:51.079,0.89279,0.8929,5.30,1.50
2010.10.25 07:54:51.728,0.89281,0.89291,3.00,3.80
2010.10.25 07:54:52.581,0.89285,0.89292,2.30,1.50
2010.10.25 07:54:52.705,0.89278,0.89288,1.50,1.50
2010.10.25 07:54:53.565,0.89277,0.89287,3.00,3.80
2010.10.25 07:54:54.461,0.89277,0.89287,3.00,3.80
2010.10.25 07:54:55.412,0.89282,0.89289,1.50,2.30
2010.10.25 07:54:56.223,0.89282,0.89291,1.50,1.50
2010.10.25 07:54:56.689,0.89283,0.89292,1.50,1.50
2010.10.25 07:54:57.292,0.8928,0.89288,3.00,2.30
2010.10.25 07:54:57.962,0.8928,0.89288,1.50,3.80
2010.10.25 07:54:58.838,0.89278,0.89288,2.30,4.50
2010.10.25 07:54:59.717,0.8928,0.89288,1.50,1.50
2010.10.25 07:54:59.969,0.89281,0.89289,3.80,1.50
2010.10.25 07:55:00.658,0.89284,0.89291,1.50,1.50
2010.10.25 07:55:01.573,0.89284,0.89291,1.50,1.50
2010.10.25 07:55:02.136,0.89283,0.89291,1.50,1.50
2010.10.25 07:55:02.690,0.89283,0.89292,1.50,1.50
2010.10.25 07:55:03.465,0.89283,0.89292,1.50,1.50
2010.10.25 07:55:04.034,0.89281,0.89292,5.30,2.30
2010.10.25 07:55:04.634,0.89281,0.89291,3.80,2.30
2010.10.25 07:55:05.316,0.89281,0.89291,3.80,2.30
2010.10.25 07:55:05.877,0.89282,0.89291,2.30,1.10
2010.10.25 07:55:06.453,0.89281,0.89289,1.50,1.10
2010.10.25 07:55:07.334,0.89281,0.89287,1.50,1.10
2010.10.25 07:55:07.904,0.89282,0.89288,2.30,1.80
2010.10.25 07:55:08.467,0.89284,0.89288,2.30,1.80
2010.10.25 07:55:09.157,0.89282,0.89287,5.30,1.10
2010.10.25 07:55:10.118,0.8928,0.89287,4.50,1.10
2010.10.25 07:55:10.567,0.8928,0.89287,4.50,1.10
2010.10.25 07:55:11.162,0.8928,0.89287,4.50,1.10
2010.10.25 07:55:11.851,0.8928,0.89287,4.50,1.10
2010.10.25 07:55:12.315,0.89281,0.89287,2.30,1.10
2010.10.25 07:55:12.842,0.89281,0.89287,2.30,1.10
2010.10.25 07:55:13.740,0.8928,0.89287,4.50,1.10
2010.10.25 07:55:14.337,0.8928,0.89287,4.50,1.10
2010.10.25 07:55:14.933,0.89279,0.89287,3.80,1.10
2010.10.25 07:55:15.663,0.89279,0.89287,3.80,1.10
2010.10.25 07:55:16.125,0.8928,0.89287,3.00,1.10
2010.10.25 07:55:16.650,0.8928,0.89287,4.50,1.10
2010.10.25 07:55:17.375,0.89281,0.89287,2.30,1.10
2010.10.25 07:55:17.830,0.8928,0.89287,4.50,1.10
2010.10.25 07:55:18.385,0.89283,0.8929,3.00,1.10
2010.10.25 07:55:19.099,0.89282,0.89287,7.50,1.80
2010.10.25 07:55:19.561,0.89282,0.89287,5.30,1.10
2010.10.25 07:55:20.143,0.89282,0.89287,3.80,1.10
2010.10.25 07:55:20.932,0.89282,0.89288,3.80,1.10
2010.10.25 07:55:21.497,0.89282,0.89288,3.80,1.10
2010.10.25 07:55:22.043,0.89282,0.89288,3.80,1.10
2010.10.25 07:55:22.936,0.89281,0.89289,2.30,1.10
2010.10.25 07:55:23.830,0.89281,0.89289,3.80,1.10
2010.10.25 07:55:24.733,0.89279,0.89289,4.50,2.60
2010.10.25 07:55:25.293,0.89279,0.89289,4.50,2.60
2010.10.25 07:55:25.822,0.89279,0.89288,4.50,1.10
2010.10.25 07:55:26.607,0.89283,0.89288,1.50,1.10
2010.10.25 07:55:27.520,0.89281,0.89288,3.00,1.10
2010.10.25 07:55:27.761,0.89278,0.89288,5.30,2.60
2010.10.25 07:55:28.334,0.8928,0.89288,3.00,2.60
2010.10.25 07:55:29.209,0.89278,0.89288,5.30,2.60
2010.10.25 07:55:29.451,0.89278,0.89288,5.30,2.60
2010.10.25 07:55:30.147,0.8928,0.89287,3.00,1.80
2010.10.25 07:55:30.908,0.8928,0.89288,3.00,1.10
2010.10.25 07:55:31.799,0.8928,0.89288,4.50,1.80
2010.10.25 07:55:32.572,0.89281,0.89288,1.50,1.80
2010.10.25 07:55:32.807,0.89281,0.89288,1.50,1.80
2010.10.25 07:55:33.493,0.89281,0.89288,1.50,1.80
2010.10.25 07:55:34.058,0.8928,0.89288,3.80,1.80
2010.10.25 07:55:34.624,0.8928,0.89288,3.00,1.80
2010.10.25 07:55:35.401,0.89279,0.89288,3.80,3.30
2010.10.25 07:55:35.983,0.89278,0.89287,3.80,1.50
2010.10.25 07:55:36.542,0.89278,0.89288,7.50,2.60
2010.10.25 07:55:37.172,0.89278,0.89288,5.30,2.60
2010.10.25 07:55:38.028,0.89278,0.89285,3.00,1.50
2010.10.25 07:55:38.660,0.89274,0.89283,3.00,1.80
2010.10.25 07:55:39.542,0.89274,0.89283,3.00,1.10
2010.10.25 07:55:40.392,0.89277,0.89283,3.00,1.10
2010.10.25 07:55:41.207,0.89276,0.89283,2.30,1.10
2010.10.25 07:55:41.666,0.89274,0.89281,3.00,1.10
2010.10.25 07:55:42.211,0.89274,0.89281,3.00,1.10
2010.10.25 07:55:43.038,0.89274,0.89281,3.80,1.50
2010.10.25 07:55:43.853,0.8927,0.89279,1.50,1.50
2010.10.25 07:55:44.300,0.89271,0.89279,3.00,2.30
2010.10.25 07:55:44.853,0.89271,0.89282,5.30,2.30
2010.10.25 07:55:45.534,0.89274,0.89281,2.30,1.50
2010.10.25 07:55:46.428,0.89274,0.89281,2.30,1.50
2010.10.25 07:55:47.193,0.89271,0.8928,1.50,1.50
2010.10.25 07:55:47.984,0.89269,0.89277,2.30,1.50
2010.10.25 07:55:48.843,0.89266,0.89276,3.80,2.30
2010.10.25 07:55:49.647,0.8927,0.8928,1.50,2.30
2010.10.25 07:55:50.515,0.89273,0.89279,2.30,1.50
2010.10.25 07:55:51.075,0.89273,0.89279,2.30,1.50
2010.10.25 07:55:51.648,0.89273,0.89278,2.30,2.30
2010.10.25 07:55:52.198,0.89268,0.89277,3.00,1.50
2010.10.25 07:55:53.044,0.89268,0.89275,2.30,1.50
2010.10.25 07:55:53.912,0.89268,0.89278,4.50,2.60
2010.10.25 07:55:54.147,0.89268,0.89277,3.00,1.80
2010.10.25 07:55:54.916,0.89267,0.89276,4.50,1.10
2010.10.25 07:55:55.511,0.89264,0.89273,2.30,1.50
2010.10.25 07:55:56.112,0.89261,0.89271,3.80,5.30
2010.10.25 07:55:56.849,0.89261,0.8927,2.30,2.30
2010.10.25 07:55:57.665,0.89262,0.89271,2.30,1.30
2010.10.25 07:55:57.785,0.8927,0.89275,2.60,1.50
2010.10.25 07:55:58.515,0.89269,0.89276,1.50,1.50
2010.10.25 07:55:59.342,0.89269,0.89275,1.80,1.50
2010.10.25 07:55:59.810,0.89265,0.89275,2.30,2.30
2010.10.25 07:56:00.193,0.89265,0.89275,2.30,2.30
2010.10.25 07:56:00.946,0.8926,0.8927,2.30,1.50
2010.10.25 07:56:02.437,0.89262,0.89271,4.10,4.50
2010.10.25 07:56:04.052,0.89269,0.89274,3.80,1.50
2010.10.25 07:56:05.923,0.89267,0.89274,1.50,1.10
2010.10.25 07:56:07.789,0.89269,0.89276,2.30,1.50
2010.10.25 07:56:09.293,0.89272,0.8928,2.30,1.50
2010.10.25 07:56:10.868,0.8927,0.89278,3.30,2.30
2010.10.25 07:56:12.658,0.8927,0.89279,3.30,2.80
2010.10.25 07:56:14.261,0.8927,0.89279,3.30,2.80
2010.10.25 07:56:15.821,0.89269,0.89278,4.10,2.80
2010.10.25 07:56:17.394,0.89271,0.89277,1.10,1.50
2010.10.25 07:56:18.963,0.89271,0.89279,3.30,2.80
2010.10.25 07:56:20.773,0.89271,0.89279,3.30,2.80
2010.10.25 07:56:22.310,0.89271,0.8928,1.50,1.50
2010.10.25 07:56:23.843,0.89271,0.89281,5.60,1.50
2010.10.25 07:56:25.663,0.89272,0.89281,2.30,2.60
2010.10.25 07:56:27.550,0.89275,0.89284,1.50,2.30
2010.10.25 07:56:29.448,0.89275,0.89285,3.80,1.80
2010.10.25 07:56:30.988,0.89275,0.89285,3.80,3.30
2010.10.25 07:56:32.595,0.89276,0.89285,2.30,1.10
2010.10.25 07:56:34.176,0.89275,0.89285,4.80,2.60
2010.10.25 07:56:35.728,0.89276,0.89285,3.80,1.10
2010.10.25 07:56:37.270,0.89276,0.89285,3.80,1.10
2010.10.25 07:56:39.103,0.89277,0.89286,4.10,3.00
2010.10.25 07:56:40.704,0.89276,0.89283,1.10,1.50
2010.10.25 07:56:42.264,0.89271,0.8928,3.80,1.10
2010.10.25 07:56:43.954,0.89264,0.89273,1.20,1.30
2010.10.25 07:56:45.516,0.89264,0.89271,1.50,1.30
2010.10.25 07:56:47.072,0.89272,0.89278,2.30,2.80
2010.10.25 07:56:48.614,0.8927,0.89277,4.50,1.30
2010.10.25 07:56:50.172,0.89272,0.89279,2.30,1.30
2010.10.25 07:56:51.756,0.89265,0.89273,3.00,1.30
2010.10.25 07:56:53.336,0.89261,0.89266,1.50,1.30
2010.10.25 07:56:54.883,0.8926,0.89266,1.50,1.30
2010.10.25 07:56:56.412,0.89262,0.89271,4.10,1.30
2010.10.25 07:56:57.986,0.89264,0.89271,2.30,2.80
2010.10.25 07:56:59.573,0.89267,0.89272,2.30,1.30
2010.10.25 07:57:00.192,0.89258,0.89264,9.40,1.10
2010.10.25 07:57:01.455,0.8926,0.89264,2.30,6.40
2010.10.25 07:57:03.013,0.89258,0.89263,2.30,1.10
2010.10.25 07:57:04.006,0.8925,0.89259,12.90,1.50
2010.10.25 07:57:04.126,0.8925,0.89255,1.50,2.30
2010.10.25 07:57:05.684,0.89259,0.89263,2.30,1.80
2010.10.25 07:57:07.233,0.89255,0.89262,4.50,1.10
2010.10.25 07:57:08.860,0.89263,0.89269,2.30,1.10
2010.10.25 07:57:10.402,0.89264,0.89272,2.30,1.10
2010.10.25 07:57:11.935,0.89269,0.89275,2.30,2.80
2010.10.25 07:57:13.448,0.8927,0.89276,2.30,1.50
2010.10.25 07:57:15.082,0.89276,0.89283,2.30,1.80
2010.10.25 07:57:16.628,0.89276,0.89281,2.30,1.80
2010.10.25 07:57:18.155,0.89278,0.89285,5.30,1.10
2010.10.25 07:57:19.922,0.8929,0.89295,2.30,2.60
2010.10.25 07:57:21.488,0.89288,0.89295,2.30,2.60
2010.10.25 07:57:23.005,0.89287,0.89294,4.50,2.60
2010.10.25 07:57:24.520,0.89287,0.89293,4.50,1.10
2010.10.25 07:57:26.323,0.89288,0.89295,2.30,3.00
2010.10.25 07:57:27.907,0.89288,0.89294,2.30,1.10
2010.10.25 07:57:29.465,0.89288,0.89295,2.30,3.30
2010.10.25 07:57:31.046,0.89281,0.89289,2.30,2.80
2010.10.25 07:57:32.779,0.89282,0.89287,2.30,1.30
2010.10.25 07:57:34.314,0.8928,0.89287,2.30,2.80
2010.10.25 07:57:35.921,0.8928,0.89287,2.30,1.30
2010.10.25 07:57:37.680,0.89281,0.89289,2.30,2.30
2010.10.25 07:57:39.212,0.89282,0.89288,2.30,1.30
2010.10.25 07:57:40.814,0.89282,0.89289,2.30,1.10
2010.10.25 07:57:41.414,0.89284,0.89291,4.50,1.10
2010.10.25 07:57:42.937,0.89282,0.8929,2.30,3.30
2010.10.25 07:57:44.814,0.89283,0.8929,2.30,1.80
2010.10.25 07:57:46.391,0.89288,0.89295,2.30,3.30
2010.10.25 07:57:47.952,0.89288,0.89296,2.30,4.80
2010.10.25 07:57:49.729,0.89286,0.89293,2.30,1.80
2010.10.25 07:57:51.262,0.89286,0.89294,2.30,2.60
2010.10.25 07:57:53.102,0.89285,0.89293,2.30,3.00
2010.10.25 07:57:54.662,0.89285,0.89293,2.30,3.00
2010.10.25 07:57:56.274,0.89285,0.89293,2.30,3.00
2010.10.25 07:57:57.793,0.89282,0.89289,2.30,1.80
2010.10.25 07:57:59.481,0.89283,0.89289,2.30,1.80
2010.10.25 07:58:01.033,0.89282,0.89289,2.30,1.80
2010.10.25 07:58:02.682,0.89276,0.89282,1.50,1.20
2010.10.25 07:58:03.475,0.89267,0.89271,6.00,1.10
2010.10.25 07:58:05.008,0.89268,0.89272,2.30,1.10
2010.10.25 07:58:05.703,0.89263,0.89271,2.30,3.00
2010.10.25 07:58:06.472,0.89269,0.89273,2.30,9.50
2010.10.25 07:58:06.612,0.89258,0.89262,2.30,2.30
2010.10.25 07:58:08.301,0.89254,0.89261,2.30,2.60
2010.10.25 07:58:09.731,0.8926,0.89265,1.10,3.00
2010.10.25 07:58:11.276,0.89265,0.89271,2.30,2.70
2010.10.25 07:58:12.042,0.89272,0.89278,2.30,2.30
2010.10.25 07:58:13.573,0.89272,0.89279,2.30,2.30
2010.10.25 07:58:15.131,0.89272,0.8928,2.30,2.30
2010.10.25 07:58:15.593,0.89278,0.89283,2.30,8.40
2010.10.25 07:58:15.715,0.89272,0.89281,2.30,1.10
2010.10.25 07:58:15.943,0.89279,0.89283,2.30,1.10
2010.10.25 07:58:17.805,0.89275,0.89288,3.30,2.70
2010.10.25 07:58:19.494,0.89279,0.89286,2.30,1.20
2010.10.25 07:58:21.035,0.89278,0.89285,2.30,1.30
2010.10.25 07:58:22.364,0.89273,0.89283,3.00,1.10
2010.10.25 07:58:23.884,0.89273,0.8928,2.30,1.10
2010.10.25 07:58:25.624,0.89273,0.89281,2.30,3.30
2010.10.25 07:58:25.755,0.89266,0.89273,7.50,1.10
2010.10.25 07:58:27.291,0.89268,0.89274,2.30,1.10
2010.10.25 07:58:28.915,0.89262,0.89271,2.30,2.80
2010.10.25 07:58:30.484,0.89262,0.89269,2.30,2.60
2010.10.25 07:58:32.063,0.89256,0.89263,2.30,1.50
2010.10.25 07:58:33.697,0.89256,0.89262,2.30,2.30
2010.10.25 07:58:35.252,0.89255,0.89263,2.30,2.60
2010.10.25 07:58:36.780,0.89255,0.89263,2.30,3.00
2010.10.25 07:58:38.289,0.89255,0.89261,2.30,1.30
2010.10.25 07:58:39.875,0.89255,0.89262,2.30,2.30
2010.10.25 07:58:41.453,0.89255,0.89262,2.30,2.30
2010.10.25 07:58:42.973,0.89255,0.89263,2.30,2.60
2010.10.25 07:58:44.494,0.89255,0.89263,2.30,2.60
2010.10.25 07:58:46.023,0.89255,0.89262,2.30,2.30
2010.10.25 07:58:47.079,0.89256,0.89262,3.00,1.50
2010.10.25 07:58:48.730,0.89257,0.89264,2.30,3.30
2010.10.25 07:58:50.284,0.89255,0.89264,3.00,2.60
2010.10.25 07:58:51.325,0.89253,0.89257,4.50,3.30
2010.10.25 07:58:51.446,0.89251,0.89257,1.10,1.50
2010.10.25 07:58:52.955,0.89255,0.89261,2.30,1.50
2010.10.25 07:58:54.581,0.89254,0.89262,2.30,2.80
2010.10.25 07:58:56.146,0.89255,0.89261,2.30,2.80
2010.10.25 07:58:57.723,0.89251,0.89258,1.10,1.30
2010.10.25 07:58:59.454,0.89251,0.8926,1.10,2.80
2010.10.25 07:59:00.994,0.89251,0.89259,1.10,3.00
2010.10.25 07:59:02.517,0.89251,0.8926,3.30,1.50
2010.10.25 07:59:04.260,0.89251,0.8926,3.30,1.50
2010.10.25 07:59:05.865,0.89251,0.89261,3.30,2.30
2010.10.25 07:59:07.402,0.89251,0.89262,4.80,2.80
2010.10.25 07:59:09.003,0.89251,0.89259,1.10,2.30
2010.10.25 07:59:10.604,0.89251,0.89259,1.10,2.30
2010.10.25 07:59:12.121,0.89251,0.89257,1.10,1.50
2010.10.25 07:59:13.673,0.89249,0.89257,1.50,1.50
2010.10.25 07:59:14.171,0.89245,0.89252,1.10,3.00
2010.10.25 07:59:15.723,0.89241,0.89253,5.60,2.30
2010.10.25 07:59:17.283,0.89242,0.89253,2.60,1.30
2010.10.25 07:59:20.343,0.89239,0.89249,1.80,3.50
2010.10.25 07:59:21.914,0.89242,0.89254,3.80,3.50
2010.10.25 07:59:23.426,0.89246,0.89256,1.10,3.80
2010.10.25 07:59:24.950,0.89246,0.89256,1.10,3.80
2010.10.25 07:59:26.550,0.89246,0.89256,1.10,3.80
2010.10.25 07:59:28.141,0.89246,0.89258,4.80,4.50
2010.10.25 07:59:29.652,0.89246,0.89257,3.30,2.30
2010.10.25 07:59:31.233,0.89246,0.89258,4.80,5.00
2010.10.25 07:59:33.047,0.8925,0.89259,3.30,2.80
2010.10.25 07:59:34.598,0.89251,0.89259,1.10,2.30
2010.10.25 07:59:35.808,0.89246,0.89258,5.60,4.50
2010.10.25 07:59:37.307,0.89246,0.89255,1.80,1.30
2010.10.25 07:59:38.833,0.89246,0.89258,4.50,5.00
2010.10.25 07:59:40.432,0.89246,0.89258,5.60,5.00
2010.10.25 07:59:41.981,0.89246,0.89258,5.60,5.00
2010.10.25 07:59:43.504,0.89246,0.89255,1.10,1.30
2010.10.25 07:59:44.584,0.89251,0.89256,1.10,17.40
2010.10.25 07:59:45.274,0.89251,0.89258,1.10,1.50
2010.10.25 07:59:46.878,0.89244,0.89249,2.60,1.30
2010.10.25 07:59:48.679,0.89244,0.89253,2.30,1.50
2010.10.25 07:59:50.300,0.89246,0.89252,1.10,1.50
2010.10.25 07:59:51.874,0.89247,0.89253,1.10,1.50
2010.10.25 07:59:53.423,0.89245,0.89251,1.10,2.30
2010.10.25 07:59:55.022,0.89246,0.89252,3.30,1.50
2010.10.25 07:59:56.581,0.89247,0.89252,2.30,1.50
2010.10.25 07:59:58.433,0.89242,0.89249,2.30,1.30
