2016.05.18 20:00:00.174,0.76896,0.76906,1.19,3.07
2016.05.18 20:00:00.758,0.76897,0.76906,1.00,1.01
2016.05.18 20:00:01.115,0.76896,0.769,1.25,1.00
2016.05.18 20:00:01.167,0.76897,0.76902,1.00,1.00
2016.05.18 20:00:01.219,0.76896,0.769,1.25,1.00
2016.05.18 20:00:01.372,0.76897,0.76903,1.00,2.44
2016.05.18 20:00:01.424,0.76896,0.769,1.00,1.00
2016.05.18 20:00:01.475,0.76892,0.76901,2.25,1.00
2016.05.18 20:00:01.698,0.76892,0.76899,1.00,1.00
2016.05.18 20:00:02.055,0.76888,0.76894,1.00,1.31
2016.05.18 20:00:02.310,0.76879,0.7689,1.12,1.69
2016.05.18 20:00:07.060,0.76878,0.76889,2.81,1.00
2016.05.18 20:00:07.774,0.76878,0.76889,2.62,1.19
2016.05.18 20:00:08.445,0.76878,0.76889,2.06,1.00
2016.05.18 20:00:09.003,0.76879,0.7689,1.00,1.69
2016.05.18 20:00:09.904,0.76878,0.76889,2.44,1.00
2016.05.18 20:00:10.411,0.76878,0.76889,1.69,1.00
2016.05.18 20:00:10.956,0.76878,0.76885,1.00,1.00
2016.05.18 20:00:11.059,0.76874,0.76885,1.37,1.19
2016.05.18 20:00:11.567,0.76873,0.76885,1.69,1.19
2016.05.18 20:00:12.247,0.76873,0.76883,1.50,1.25
2016.05.18 20:00:15.181,0.76872,0.76882,2.06,1.00
2016.05.18 20:00:15.436,0.76871,0.76882,1.31,1.19
2016.05.18 20:00:15.952,0.7687,0.76881,1.12,1.19
2016.05.18 20:00:17.882,0.7687,0.7688,1.12,1.19
2016.05.18 20:00:18.342,0.7687,0.76882,1.50,2.44
2016.05.18 20:00:19.434,0.7687,0.76882,1.50,1.69
2016.05.18 20:00:19.637,0.7687,0.76878,1.00,1.19
2016.05.18 20:00:19.739,0.7687,0.76879,1.00,1.25
2016.05.18 20:00:20.275,0.76868,0.7688,1.87,1.00
2016.05.18 20:00:20.984,0.76868,0.7688,3.00,2.44
2016.05.18 20:00:21.492,0.76868,0.7688,1.50,2.44
2016.05.18 20:00:21.969,0.7687,0.7688,1.00,1.69
2016.05.18 20:00:22.488,0.76871,0.7688,1.00,1.19
2016.05.18 20:00:26.233,0.76871,0.76881,1.50,1.50
2016.05.18 20:00:26.995,0.76872,0.76881,1.50,1.00
2016.05.18 20:00:27.513,0.76871,0.76883,1.87,2.44
2016.05.18 20:00:27.717,0.76873,0.76882,1.00,1.25
2016.05.18 20:00:28.225,0.76872,0.76884,1.00,1.69
2016.05.18 20:00:28.746,0.76871,0.76883,1.50,1.19
2016.05.18 20:00:29.052,0.76871,0.76883,2.62,1.00
2016.05.18 20:00:29.561,0.76872,0.76884,3.37,1.25
2016.05.18 20:00:31.233,0.76873,0.76884,1.12,1.25
2016.05.18 20:00:32.195,0.76872,0.76884,1.50,1.69
2016.05.18 20:00:32.703,0.76873,0.76884,1.00,2.06
2016.05.18 20:00:33.023,0.76872,0.76882,1.00,1.19
2016.05.18 20:00:33.280,0.76873,0.76884,1.87,1.69
2016.05.18 20:00:33.381,0.76875,0.76884,1.00,1.69
2016.05.18 20:00:33.889,0.76875,0.76885,1.37,1.69
2016.05.18 20:00:34.457,0.76874,0.76885,2.62,1.20
2016.05.18 20:00:34.970,0.76874,0.76885,1.50,1.25
2016.05.18 20:00:35.478,0.76874,0.76885,1.50,1.69
2016.05.18 20:00:36.446,0.76873,0.76885,2.25,2.44
2016.05.18 20:00:36.954,0.76875,0.76886,1.50,1.26
2016.05.18 20:00:37.475,0.76874,0.76885,3.00,1.00
2016.05.18 20:00:39.354,0.76874,0.76886,2.25,1.76
2016.05.18 20:00:39.936,0.76875,0.76885,1.87,1.50
2016.05.18 20:00:43.856,0.76875,0.76885,1.00,1.69
2016.05.18 20:00:44.364,0.76875,0.76885,1.19,1.00
2016.05.18 20:00:45.039,0.76875,0.76887,2.44,1.76
2016.05.18 20:00:47.035,0.76876,0.76887,2.81,1.54
2016.05.18 20:00:49.450,0.76876,0.76886,1.69,1.04
2016.05.18 20:00:49.961,0.76875,0.76885,1.37,1.00
2016.05.18 20:00:50.476,0.76875,0.76884,1.87,1.00
2016.05.18 20:00:51.004,0.76875,0.76885,1.37,1.00
2016.05.18 20:00:51.530,0.76875,0.76883,1.37,1.00
2016.05.18 20:00:51.734,0.76873,0.76882,1.69,1.00
2016.05.18 20:00:54.172,0.76874,0.76883,1.00,1.00
2016.05.18 20:00:54.731,0.76874,0.76884,1.00,1.00
2016.05.18 20:00:55.137,0.76874,0.76882,1.31,1.00
2016.05.18 20:00:55.483,0.76873,0.76878,1.00,1.69
2016.05.18 20:00:55.840,0.76867,0.76878,1.37,1.25
2016.05.18 20:00:57.532,0.76867,0.76878,1.87,1.62
2016.05.18 20:00:58.531,0.76867,0.76878,1.88,1.62
2016.05.18 20:00:59.036,0.76867,0.76878,2.25,1.25
2016.05.18 20:00:59.543,0.76868,0.76878,1.00,1.25
2016.05.18 20:00:59.747,0.76866,0.76875,1.12,1.00
2016.05.18 20:01:00.288,0.76866,0.76875,1.19,1.12
2016.05.18 20:01:00.642,0.76869,0.76874,1.00,1.00
2016.05.18 20:01:00.846,0.76866,0.76874,2.44,1.00
2016.05.18 20:01:01.825,0.76867,0.76879,1.69,2.06
2016.05.18 20:01:01.877,0.76868,0.76879,1.75,2.06
2016.05.18 20:01:02.396,0.76869,0.76879,2.07,1.00
2016.05.18 20:01:03.517,0.7687,0.76882,1.13,2.81
2016.05.18 20:01:03.973,0.7687,0.76878,1.12,1.00
2016.05.18 20:01:04.176,0.76868,0.76878,1.00,1.25
2016.05.18 20:01:05.063,0.76868,0.76878,1.00,2.44
2016.05.18 20:01:05.572,0.76868,0.76877,1.00,1.00
2016.05.18 20:01:06.302,0.76868,0.76878,1.50,1.25
2016.05.18 20:01:06.943,0.76868,0.76879,1.62,1.25
2016.05.18 20:01:07.351,0.7687,0.7688,1.37,1.00
2016.05.18 20:01:08.500,0.7687,0.7688,1.37,1.31
2016.05.18 20:01:08.653,0.76869,0.7688,1.50,1.31
2016.05.18 20:01:10.093,0.76868,0.7688,3.45,2.06
2016.05.18 20:01:12.678,0.76868,0.76878,3.45,1.00
2016.05.18 20:01:16.863,0.76869,0.76879,2.89,1.25
2016.05.18 20:01:17.016,0.7687,0.76881,1.01,1.69
2016.05.18 20:01:17.118,0.7687,0.76881,2.89,1.25
2016.05.18 20:01:17.634,0.76871,0.76879,1.01,1.00
2016.05.18 20:01:18.135,0.76872,0.7688,1.37,1.00
2016.05.18 20:01:18.847,0.76872,0.76879,1.37,1.00
2016.05.18 20:01:18.999,0.76872,0.76881,1.37,1.25
2016.05.18 20:01:19.516,0.76872,0.7688,1.37,1.00
2016.05.18 20:01:19.719,0.7687,0.7688,2.89,1.00
2016.05.18 20:01:21.053,0.76871,0.76876,1.39,1.00
2016.05.18 20:01:21.361,0.76869,0.76874,1.37,1.00
2016.05.18 20:01:21.412,0.76869,0.76879,1.37,1.19
2016.05.18 20:01:21.921,0.7687,0.76879,1.00,1.00
2016.05.18 20:01:22.329,0.76871,0.76881,1.00,1.50
2016.05.18 20:01:23.427,0.76871,0.7688,1.50,1.00
2016.05.18 20:01:23.681,0.76871,0.76878,1.50,1.00
2016.05.18 20:01:23.895,0.76868,0.76877,1.76,1.00
2016.05.18 20:01:24.404,0.76868,0.76878,1.76,1.25
2016.05.18 20:01:24.931,0.76869,0.76879,1.39,1.00
2016.05.18 20:01:25.460,0.7687,0.7688,1.00,1.25
2016.05.18 20:01:25.512,0.76869,0.76881,3.19,1.69
2016.05.18 20:01:26.019,0.76871,0.76879,1.19,1.00
2016.05.18 20:01:26.324,0.76871,0.76881,1.00,1.25
2016.05.18 20:01:26.832,0.76871,0.7688,1.31,1.00
2016.05.18 20:01:29.227,0.7687,0.7688,3.37,1.00
2016.05.18 20:01:30.972,0.7687,0.76879,2.44,1.00
2016.05.18 20:01:31.024,0.76869,0.76877,3.56,1.00
2016.05.18 20:01:31.533,0.76869,0.76876,1.00,1.00
2016.05.18 20:01:31.636,0.76868,0.76878,2.25,1.00
2016.05.18 20:01:31.892,0.7687,0.76876,1.00,1.00
2016.05.18 20:01:32.406,0.76868,0.76876,1.87,1.00
2016.05.18 20:01:32.865,0.76868,0.76874,1.12,1.00
2016.05.18 20:01:33.222,0.76868,0.76877,1.00,1.50
2016.05.18 20:01:33.657,0.76868,0.76877,1.87,1.00
2016.05.18 20:01:34.581,0.76868,0.76875,2.62,1.00
2016.05.18 20:01:34.770,0.76868,0.76876,1.87,1.00
2016.05.18 20:01:35.077,0.76868,0.76878,1.87,1.25
2016.05.18 20:01:35.585,0.76868,0.76877,1.87,1.00
2016.05.18 20:01:36.093,0.76868,0.76878,1.87,1.25
2016.05.18 20:01:37.212,0.76868,0.76877,1.50,1.00
2016.05.18 20:01:37.727,0.76868,0.76878,1.50,1.25
2016.05.18 20:01:37.885,0.76868,0.76876,1.50,1.00
2016.05.18 20:01:38.446,0.76868,0.76877,1.00,1.00
2016.05.18 20:01:38.754,0.76868,0.76875,1.00,1.00
2016.05.18 20:01:39.263,0.76867,0.76875,1.31,1.00
2016.05.18 20:01:39.777,0.76867,0.76874,1.31,1.00
2016.05.18 20:01:43.459,0.76867,0.76875,1.31,1.00
2016.05.18 20:01:43.561,0.76867,0.76877,1.69,1.00
2016.05.18 20:01:44.070,0.76869,0.76877,1.00,1.00
2016.05.18 20:01:44.854,0.76869,0.76876,1.00,1.00
2016.05.18 20:01:45.363,0.76869,0.76875,1.00,1.00
2016.05.18 20:01:45.945,0.76869,0.76874,1.00,1.00
2016.05.18 20:01:46.148,0.76867,0.76874,1.69,1.00
2016.05.18 20:01:46.698,0.76867,0.76875,1.69,1.00
2016.05.18 20:01:46.854,0.76868,0.76877,1.00,1.50
2016.05.18 20:01:47.390,0.76868,0.76876,1.00,1.00
2016.05.18 20:01:47.897,0.76868,0.76875,1.00,1.00
2016.05.18 20:01:49.008,0.76868,0.76874,1.00,1.00
2016.05.18 20:01:49.549,0.76868,0.76875,1.00,1.00
2016.05.18 20:01:50.075,0.76868,0.76874,1.00,1.00
2016.05.18 20:01:50.758,0.76868,0.76876,1.00,1.00
2016.05.18 20:01:51.266,0.76868,0.76875,1.00,1.00
2016.05.18 20:01:51.788,0.76868,0.76874,1.00,1.00
2016.05.18 20:01:52.498,0.76868,0.76875,1.00,1.00
2016.05.18 20:01:53.645,0.76867,0.76875,1.31,1.00
2016.05.18 20:01:54.696,0.76867,0.76874,1.31,1.00
2016.05.18 20:01:54.849,0.76867,0.76872,1.31,1.00
2016.05.18 20:01:55.205,0.76867,0.76873,1.19,1.00
2016.05.18 20:01:55.257,0.76866,0.76875,1.69,1.00
2016.05.18 20:01:55.460,0.76866,0.76876,1.31,1.00
2016.05.18 20:01:56.000,0.76867,0.76877,1.00,1.00
2016.05.18 20:01:56.508,0.76867,0.76878,1.00,1.25
2016.05.18 20:01:57.049,0.76868,0.76878,1.00,1.25
2016.05.18 20:01:58.528,0.76867,0.76878,1.00,1.31
2016.05.18 20:01:58.716,0.76867,0.76878,2.81,1.00
2016.05.18 20:01:59.224,0.76867,0.76877,3.56,1.00
2016.05.18 20:02:00.670,0.76869,0.76878,1.25,1.00
2016.05.18 20:02:01.026,0.76868,0.76876,1.12,1.00
2016.05.18 20:02:01.132,0.76868,0.76878,1.12,1.69
2016.05.18 20:02:01.636,0.76869,0.76877,1.00,1.00
2016.05.18 20:02:02.144,0.76868,0.76878,1.12,1.69
2016.05.18 20:02:02.721,0.76867,0.76877,2.06,1.00
2016.05.18 20:02:03.230,0.76869,0.76877,1.00,1.00
2016.05.18 20:02:04.556,0.76869,0.76876,1.00,1.00
2016.05.18 20:02:05.696,0.76869,0.76874,1.00,1.00
2016.05.18 20:02:06.730,0.76869,0.76877,1.00,1.00
2016.05.18 20:02:06.831,0.76869,0.76875,1.00,1.00
2016.05.18 20:02:06.882,0.76869,0.76877,1.00,1.00
2016.05.18 20:02:07.110,0.76869,0.76875,1.00,1.00
2016.05.18 20:02:07.328,0.76869,0.76877,1.00,1.00
2016.05.18 20:02:09.561,0.76872,0.76879,1.00,1.69
2016.05.18 20:02:10.068,0.76872,0.76879,1.19,1.00
2016.05.18 20:02:10.574,0.76872,0.76878,1.19,1.00
2016.05.18 20:02:10.982,0.76871,0.76878,1.25,1.00
2016.05.18 20:02:11.514,0.76871,0.76877,1.00,1.00
2016.05.18 20:02:12.021,0.7687,0.76877,1.69,1.00
2016.05.18 20:02:12.376,0.76871,0.7688,1.25,1.50
2016.05.18 20:02:12.682,0.76873,0.76879,1.00,1.00
2016.05.18 20:02:13.262,0.76873,0.76878,1.00,1.00
2016.05.18 20:02:13.927,0.76873,0.76879,1.00,1.00
2016.05.18 20:02:14.438,0.76872,0.76879,1.00,1.00
2016.05.18 20:02:15.102,0.76872,0.76878,1.00,1.00
2016.05.18 20:02:15.612,0.76871,0.76878,1.12,1.00
2016.05.18 20:02:16.807,0.76871,0.76877,1.12,1.00
2016.05.18 20:02:17.112,0.76869,0.76875,1.00,1.00
2016.05.18 20:02:17.826,0.76869,0.76873,1.00,1.00
2016.05.18 20:02:20.076,0.76869,0.76874,1.00,1.00
2016.05.18 20:02:20.280,0.76869,0.76876,1.00,1.00
2016.05.18 20:02:21.634,0.76869,0.76877,1.50,1.25
2016.05.18 20:02:22.765,0.76871,0.76877,1.00,1.00
2016.05.18 20:02:24.380,0.76871,0.76878,1.00,1.00
2016.05.18 20:02:24.634,0.76871,0.76876,1.00,1.00
2016.05.18 20:02:24.788,0.76871,0.76878,1.00,1.00
2016.05.18 20:02:25.310,0.76871,0.76877,1.00,1.00
2016.05.18 20:02:26.659,0.76871,0.76878,1.00,1.00
2016.05.18 20:02:28.409,0.76871,0.76876,1.00,1.00
2016.05.18 20:02:29.962,0.76871,0.76877,1.00,1.00
2016.05.18 20:02:30.720,0.7687,0.76876,1.50,1.00
2016.05.18 20:02:31.247,0.7687,0.76876,1.00,1.00
2016.05.18 20:02:32.963,0.76869,0.76876,1.50,1.00
2016.05.18 20:02:33.483,0.76869,0.76877,2.81,1.25
2016.05.18 20:02:35.659,0.7687,0.76876,2.06,1.00
2016.05.18 20:02:36.710,0.7687,0.76875,1.62,1.00
2016.05.18 20:02:37.909,0.7687,0.76875,1.62,1.00
2016.05.18 20:02:37.960,0.76869,0.76876,1.31,1.00
2016.05.18 20:02:38.504,0.76868,0.76876,2.44,1.00
2016.05.18 20:02:39.444,0.76868,0.76875,2.44,1.00
2016.05.18 20:02:40.118,0.76868,0.76876,2.44,1.00
2016.05.18 20:02:40.270,0.76869,0.76873,1.25,1.00
2016.05.18 20:02:40.575,0.76867,0.76871,1.25,1.00
2016.05.18 20:02:40.931,0.76866,0.76875,2.06,1.19
2016.05.18 20:02:41.185,0.76866,0.76873,2.06,1.00
2016.05.18 20:02:41.791,0.76866,0.76872,2.06,1.00
2016.05.18 20:02:42.254,0.76867,0.76874,1.25,1.25
2016.05.18 20:02:42.762,0.76866,0.76877,2.06,1.69
2016.05.18 20:02:42.864,0.76869,0.76879,1.25,1.69
2016.05.18 20:02:42.916,0.76869,0.76879,1.62,1.69
2016.05.18 20:02:42.967,0.76868,0.76879,3.19,1.25
2016.05.18 20:02:43.185,0.76869,0.76879,1.12,1.19
2016.05.18 20:02:44.847,0.76869,0.7688,2.06,2.44
2016.05.18 20:02:49.755,0.76871,0.76878,1.00,1.00
2016.05.18 20:02:49.807,0.76871,0.76879,1.00,1.69
2016.05.18 20:02:50.314,0.76871,0.7688,1.00,2.44
2016.05.18 20:02:54.658,0.76871,0.76878,1.00,1.00
2016.05.18 20:02:55.167,0.76871,0.76877,1.00,1.00
2016.05.18 20:02:55.814,0.76871,0.76878,1.00,1.25
2016.05.18 20:02:56.322,0.76872,0.7688,1.00,2.44
2016.05.18 20:02:58.711,0.76871,0.7688,1.00,2.44
2016.05.18 20:02:59.684,0.76871,0.76879,1.00,1.00
2016.05.18 20:03:00.207,0.76872,0.76879,1.00,1.00
2016.05.18 20:03:00.544,0.76872,0.76881,1.00,1.25
2016.05.18 20:03:02.188,0.76872,0.7688,1.00,1.00
2016.05.18 20:03:02.696,0.76872,0.76881,1.00,1.00
2016.05.18 20:03:03.320,0.76872,0.76882,1.00,1.00
2016.05.18 20:03:04.234,0.76872,0.76883,1.50,1.69
2016.05.18 20:03:04.437,0.76874,0.76883,1.00,1.25
2016.05.18 20:03:04.966,0.76874,0.76883,1.50,1.69
2016.05.18 20:03:05.470,0.76874,0.76884,2.25,1.50
2016.05.18 20:03:06.029,0.76875,0.76885,1.12,1.69
2016.05.18 20:03:06.549,0.76876,0.76886,1.00,1.19
2016.05.18 20:03:08.183,0.76876,0.76884,1.00,1.00
2016.05.18 20:03:08.995,0.76876,0.76885,1.00,1.25
2016.05.18 20:03:09.300,0.76878,0.76886,1.00,1.19
2016.05.18 20:03:10.892,0.76878,0.76884,1.00,1.00
2016.05.18 20:03:11.124,0.76875,0.76884,2.06,1.00
2016.05.18 20:03:11.632,0.76875,0.76886,2.06,1.69
2016.05.18 20:03:12.356,0.76876,0.76886,1.00,1.19
2016.05.18 20:03:12.645,0.76879,0.76888,1.00,1.25
2016.05.18 20:03:14.734,0.76879,0.76889,1.25,1.69
2016.05.18 20:03:15.241,0.7688,0.7689,1.00,1.69
2016.05.18 20:03:16.620,0.76881,0.76891,1.19,1.50
2016.05.18 20:03:17.156,0.76881,0.76891,1.50,1.69
2016.05.18 20:03:17.973,0.76881,0.76889,1.12,1.00
2016.05.18 20:03:18.228,0.76881,0.76891,1.12,1.25
2016.05.18 20:03:18.922,0.76881,0.76893,2.06,1.69
2016.05.18 20:03:19.126,0.76883,0.76893,1.00,1.69
2016.05.18 20:03:19.431,0.76883,0.76891,1.00,1.00
2016.05.18 20:03:19.482,0.76883,0.76893,1.00,1.69
2016.05.18 20:03:20.027,0.76883,0.76894,1.69,1.00
2016.05.18 20:03:21.094,0.76883,0.76893,1.31,1.00
2016.05.18 20:03:21.145,0.76883,0.76895,2.06,1.25
2016.05.18 20:03:21.247,0.76885,0.76896,1.50,1.00
2016.05.18 20:03:21.755,0.76885,0.76896,1.12,1.19
2016.05.18 20:03:22.861,0.76885,0.76894,1.12,1.00
2016.05.18 20:03:23.364,0.76885,0.76894,1.00,1.19
2016.05.18 20:03:23.887,0.76884,0.76895,1.12,1.69
2016.05.18 20:03:25.143,0.76885,0.76895,1.00,1.69
2016.05.18 20:03:25.194,0.76885,0.76895,1.00,1.00
2016.05.18 20:03:25.246,0.76886,0.76897,1.00,2.44
2016.05.18 20:03:25.399,0.76888,0.76898,1.00,1.25
2016.05.18 20:03:25.654,0.76889,0.769,1.25,1.25
2016.05.18 20:03:29.415,0.76889,0.76899,2.44,1.00
2016.05.18 20:03:29.963,0.76889,0.76901,2.44,2.44
2016.05.18 20:03:32.575,0.7689,0.76901,1.00,1.69
2016.05.18 20:03:32.677,0.7689,0.76902,1.69,1.69
2016.05.18 20:03:32.728,0.76892,0.76902,1.00,1.25
2016.05.18 20:03:33.259,0.76892,0.76903,1.69,1.00
2016.05.18 20:03:35.814,0.76892,0.76903,1.25,1.00
2016.05.18 20:03:37.714,0.76891,0.76902,2.44,1.00
2016.05.18 20:03:38.736,0.76891,0.76902,1.00,1.19
2016.05.18 20:03:39.041,0.76889,0.769,2.25,1.69
2016.05.18 20:03:39.548,0.76889,0.769,1.00,1.69
2016.05.18 20:03:40.259,0.7689,0.769,1.00,1.69
2016.05.18 20:03:41.548,0.76889,0.76899,1.00,1.19
2016.05.18 20:03:43.465,0.7689,0.76899,1.00,1.00
2016.05.18 20:03:43.567,0.7689,0.76901,1.25,1.00
2016.05.18 20:03:43.872,0.76892,0.76902,1.00,1.69
2016.05.18 20:03:45.040,0.76893,0.76903,1.00,1.69
2016.05.18 20:03:46.284,0.76892,0.76902,1.00,1.69
2016.05.18 20:03:55.872,0.76891,0.76903,2.25,1.69
2016.05.18 20:03:56.380,0.76892,0.76904,1.00,2.44
2016.05.18 20:03:56.990,0.76894,0.76903,1.00,1.19
2016.05.18 20:03:58.089,0.76893,0.76903,1.00,1.19
2016.05.18 20:03:58.655,0.76892,0.76904,1.00,2.44
2016.05.18 20:03:59.055,0.76891,0.769,1.50,1.25
2016.05.18 20:03:59.360,0.76887,0.76899,2.06,2.44
2016.05.18 20:03:59.412,0.76887,0.76899,1.69,2.44
2016.05.18 20:04:00.851,0.76885,0.76896,1.37,1.19
2016.05.18 20:04:00.953,0.76884,0.76896,1.31,1.19
2016.05.18 20:04:01.964,0.76883,0.76895,1.87,1.19
2016.05.18 20:04:02.635,0.76884,0.76896,1.00,1.31
2016.05.18 20:04:04.652,0.76884,0.76897,1.87,2.44
2016.05.18 20:04:04.703,0.76886,0.76897,1.69,1.50
2016.05.18 20:04:05.140,0.76888,0.76898,1.00,1.25
2016.05.18 20:04:06.021,0.76888,0.76899,1.25,1.12
2016.05.18 20:04:06.580,0.76888,0.76899,1.25,1.37
2016.05.18 20:04:08.461,0.76888,0.76898,1.00,1.19
2016.05.18 20:04:09.062,0.76888,0.76896,1.00,1.00
2016.05.18 20:04:09.583,0.76886,0.76896,3.56,1.50
2016.05.18 20:04:12.231,0.76886,0.76898,2.81,2.06
2016.05.18 20:04:12.738,0.76888,0.76897,1.00,1.25
2016.05.18 20:04:17.187,0.76888,0.76896,1.12,1.00
2016.05.18 20:04:17.495,0.76885,0.76891,1.00,1.00
2016.05.18 20:04:17.959,0.76881,0.76891,2.06,1.00
2016.05.18 20:04:18.468,0.76881,0.76892,1.31,1.50
2016.05.18 20:04:19.028,0.76881,0.76891,2.06,1.00
2016.05.18 20:04:20.227,0.76881,0.76889,1.31,1.00
2016.05.18 20:04:20.583,0.76879,0.76886,1.00,1.00
2016.05.18 20:04:20.736,0.76877,0.76887,1.31,1.00
2016.05.18 20:04:21.244,0.76876,0.76886,3.94,1.00
2016.05.18 20:04:23.096,0.76876,0.76888,3.94,1.00
2016.05.18 20:04:24.351,0.76877,0.76887,2.81,1.00
2016.05.18 20:04:24.402,0.76878,0.76887,1.37,1.00
2016.05.18 20:04:24.921,0.76878,0.76888,1.69,1.00
2016.05.18 20:04:25.979,0.76878,0.76887,2.06,1.00
2016.05.18 20:04:28.634,0.76878,0.76888,1.37,1.00
2016.05.18 20:04:29.877,0.76878,0.76887,1.87,1.00
2016.05.18 20:04:30.182,0.76878,0.76885,1.37,1.00
2016.05.18 20:04:30.700,0.76877,0.76885,1.62,1.00
2016.05.18 20:04:32.748,0.76877,0.76886,1.37,1.25
2016.05.18 20:04:33.256,0.76877,0.76885,1.37,1.00
2016.05.18 20:04:33.358,0.76875,0.76885,2.06,1.00
2016.05.18 20:04:38.508,0.76875,0.76883,1.56,1.00
2016.05.18 20:04:40.139,0.76875,0.76879,1.31,1.00
2016.05.18 20:04:40.342,0.76871,0.76879,1.50,1.00
2016.05.18 20:04:40.853,0.76871,0.76878,1.12,1.00
2016.05.18 20:04:41.007,0.7687,0.7688,1.62,1.00
2016.05.18 20:04:41.109,0.76871,0.76882,2.06,1.00
2016.05.18 20:04:41.617,0.76872,0.76883,1.31,1.00
2016.05.18 20:04:42.832,0.76871,0.76882,3.19,1.00
2016.05.18 20:04:43.289,0.76872,0.76884,1.69,1.25
2016.05.18 20:04:43.823,0.76873,0.76884,1.69,1.00
2016.05.18 20:04:46.474,0.76875,0.76885,1.00,1.00
2016.05.18 20:04:46.981,0.76876,0.76886,1.31,1.00
2016.05.18 20:04:51.341,0.76876,0.76886,1.31,1.00
2016.05.18 20:04:52.326,0.76878,0.76886,1.19,1.00
2016.05.18 20:04:52.829,0.76878,0.76887,1.19,1.00
2016.05.18 20:04:53.341,0.76878,0.76886,1.19,1.00
2016.05.18 20:04:53.791,0.76878,0.76888,1.19,1.50
2016.05.18 20:04:54.322,0.76878,0.76887,1.69,1.00
2016.05.18 20:04:55.782,0.76878,0.76888,1.19,1.00
2016.05.18 20:04:56.091,0.76878,0.76886,1.19,1.00
2016.05.18 20:04:56.569,0.76878,0.76888,1.19,1.00
2016.05.18 20:04:56.855,0.76878,0.76886,1.19,1.00
2016.05.18 20:05:00.365,0.76878,0.76887,1.19,1.00
2016.05.18 20:05:05.513,0.76881,0.76887,1.19,1.00
2016.05.18 20:05:06.021,0.76881,0.76888,1.19,1.00
2016.05.18 20:05:07.598,0.76881,0.76889,1.19,1.00
2016.05.18 20:05:12.989,0.76881,0.76886,1.19,1.00
2016.05.18 20:05:13.041,0.76879,0.76887,1.00,1.00
2016.05.18 20:05:13.093,0.76877,0.76884,4.31,1.00
2016.05.18 20:05:13.616,0.76877,0.76885,3.56,1.00
2016.05.18 20:05:14.124,0.76877,0.76886,2.81,1.00
2016.05.18 20:05:20.060,0.76877,0.76887,2.06,1.00
2016.05.18 20:05:21.392,0.76877,0.76887,1.31,1.00
2016.05.18 20:05:21.941,0.76877,0.76887,2.81,1.00
2016.05.18 20:05:24.968,0.76877,0.76888,2.06,1.00
2016.05.18 20:05:25.477,0.76878,0.76888,1.31,1.00
2016.05.18 20:05:26.193,0.76878,0.76886,1.31,1.00
2016.05.18 20:05:26.499,0.76879,0.76889,1.25,1.00
2016.05.18 20:05:26.551,0.7688,0.76889,1.19,1.00
2016.05.18 20:05:26.602,0.7688,0.76891,1.19,1.50
2016.05.18 20:05:27.201,0.76881,0.7689,1.25,1.00
2016.05.18 20:05:27.751,0.76882,0.76891,1.00,1.00
2016.05.18 20:05:28.304,0.76882,0.76892,1.00,1.00
2016.05.18 20:05:28.458,0.76884,0.76893,1.00,1.00
2016.05.18 20:05:30.420,0.76883,0.76893,2.06,1.00
2016.05.18 20:05:30.927,0.76883,0.7689,1.12,1.00
2016.05.18 20:05:34.398,0.7688,0.7689,2.44,1.00
2016.05.18 20:05:36.078,0.7688,0.76888,2.44,1.00
2016.05.18 20:05:36.385,0.76878,0.76887,2.06,1.00
2016.05.18 20:05:36.970,0.76882,0.76889,1.19,1.00
2016.05.18 20:05:37.023,0.76882,0.76891,1.19,1.00
2016.05.18 20:05:37.125,0.76881,0.76891,1.00,1.00
2016.05.18 20:05:39.390,0.76881,0.76892,1.12,1.00
2016.05.18 20:05:39.593,0.76883,0.76893,1.00,1.50
2016.05.18 20:05:39.898,0.76884,0.76893,1.19,1.00
2016.05.18 20:05:40.306,0.76883,0.76892,1.25,1.00
2016.05.18 20:05:40.408,0.76882,0.7689,2.44,1.00
2016.05.18 20:05:40.713,0.7688,0.7689,3.56,1.00
2016.05.18 20:05:44.416,0.7688,0.76891,2.81,1.00
2016.05.18 20:05:44.468,0.7688,0.76889,2.81,1.00
2016.05.18 20:05:50.017,0.76881,0.7689,1.31,1.00
2016.05.18 20:05:51.654,0.76881,0.76889,1.69,1.00
2016.05.18 20:05:54.159,0.76882,0.76889,1.00,1.00
2016.05.18 20:05:55.016,0.76882,0.76891,1.00,1.00
2016.05.18 20:05:55.267,0.76883,0.76891,1.31,1.00
2016.05.18 20:06:01.184,0.76883,0.76891,1.00,1.00
2016.05.18 20:06:04.289,0.76883,0.76893,1.00,1.00
2016.05.18 20:06:04.392,0.76885,0.76893,1.25,1.00
2016.05.18 20:06:09.250,0.76885,0.76892,1.00,1.00
2016.05.18 20:06:09.760,0.76884,0.76892,1.00,1.00
2016.05.18 20:06:10.110,0.76886,0.76893,1.12,1.00
2016.05.18 20:06:10.904,0.76886,0.76894,1.12,1.00
2016.05.18 20:06:19.012,0.76887,0.76894,1.00,1.00
2016.05.18 20:06:19.114,0.76887,0.76896,1.00,1.00
2016.05.18 20:06:19.267,0.76887,0.76898,1.00,1.00
2016.05.18 20:06:19.318,0.76889,0.76898,1.00,1.00
2016.05.18 20:06:20.102,0.76889,0.76899,1.69,1.00
2016.05.18 20:06:20.623,0.7689,0.76899,1.00,1.00
2016.05.18 20:06:21.976,0.7689,0.76897,1.00,1.00
2016.05.18 20:06:22.129,0.76888,0.76897,1.12,1.00
2016.05.18 20:06:22.637,0.76888,0.76896,1.00,1.00
2016.05.18 20:06:22.995,0.76886,0.76895,1.31,1.00
2016.05.18 20:06:23.503,0.76886,0.76894,1.00,1.00
2016.05.18 20:06:24.463,0.76886,0.76895,1.00,1.00
2016.05.18 20:06:27.186,0.76886,0.76894,1.00,1.00
2016.05.18 20:06:27.338,0.76884,0.76894,1.00,1.00
2016.05.18 20:06:28.490,0.76885,0.76894,1.00,1.00
2016.05.18 20:06:29.214,0.76882,0.76892,3.19,1.00
2016.05.18 20:06:29.722,0.76881,0.76892,1.87,1.50
2016.05.18 20:06:30.032,0.76879,0.76892,2.06,1.00
2016.05.18 20:06:30.652,0.76881,0.76892,1.00,1.50
2016.05.18 20:06:31.756,0.7688,0.76891,1.31,1.00
2016.05.18 20:06:32.538,0.7688,0.76892,1.31,1.00
2016.05.18 20:06:32.792,0.7688,0.76887,2.06,1.00
2016.05.18 20:06:32.945,0.76878,0.76886,1.00,1.00
2016.05.18 20:06:33.297,0.76877,0.76888,1.19,1.50
2016.05.18 20:06:33.805,0.76877,0.76888,1.25,1.50
2016.05.18 20:06:35.132,0.76875,0.76887,3.56,1.00
2016.05.18 20:06:35.183,0.76875,0.76885,2.06,1.00
2016.05.18 20:06:35.692,0.76875,0.76886,1.62,1.00
2016.05.18 20:06:36.217,0.76875,0.76885,1.62,1.00
2016.05.18 20:06:36.732,0.76875,0.76886,1.62,1.00
2016.05.18 20:06:37.063,0.76876,0.76888,1.31,2.44
2016.05.18 20:06:37.483,0.76876,0.76886,1.31,1.00
2016.05.18 20:06:37.585,0.76875,0.76886,1.62,1.00
2016.05.18 20:06:38.093,0.76875,0.76887,2.06,1.25
2016.05.18 20:06:40.454,0.76875,0.76886,1.62,1.00
2016.05.18 20:06:42.874,0.76875,0.76885,2.06,1.00
2016.05.18 20:06:43.849,0.76875,0.76886,2.06,1.00
2016.05.18 20:06:44.415,0.76876,0.76884,1.12,1.00
2016.05.18 20:06:44.467,0.76876,0.76886,1.12,1.00
2016.05.18 20:06:44.518,0.76876,0.76884,1.12,1.00
2016.05.18 20:06:45.026,0.76875,0.76885,1.62,1.00
2016.05.18 20:06:47.868,0.76875,0.76886,1.62,1.00
2016.05.18 20:06:48.400,0.76875,0.76885,1.62,1.00
2016.05.18 20:06:48.943,0.76875,0.76886,1.62,1.00
2016.05.18 20:06:49.455,0.76875,0.76885,1.62,1.00
2016.05.18 20:06:49.962,0.76875,0.76886,1.62,1.00
2016.05.18 20:06:57.872,0.76875,0.76885,1.62,1.00
2016.05.18 20:06:58.379,0.76875,0.76886,2.06,1.00
2016.05.18 20:06:58.683,0.76877,0.76887,1.37,1.69
2016.05.18 20:07:02.264,0.76877,0.76886,1.37,1.00
2016.05.18 20:07:03.144,0.76877,0.76887,1.37,1.69
2016.05.18 20:07:03.656,0.76878,0.76887,1.37,1.25
2016.05.18 20:07:04.163,0.76878,0.76886,1.37,1.00
2016.05.18 20:07:04.476,0.76876,0.76887,2.81,1.00
2016.05.18 20:07:04.992,0.76876,0.76886,2.62,1.00
2016.05.18 20:07:05.534,0.76876,0.76888,2.62,1.19
2016.05.18 20:07:06.371,0.76876,0.76888,1.56,1.50
2016.05.18 20:07:08.195,0.76875,0.76887,2.06,1.25
2016.05.18 20:07:08.704,0.76875,0.76886,1.62,1.00
2016.05.18 20:07:09.211,0.76875,0.76887,1.62,1.69
2016.05.18 20:07:09.725,0.76875,0.76886,2.06,1.00
2016.05.18 20:07:11.172,0.76875,0.76887,2.06,1.69
2016.05.18 20:07:12.237,0.76875,0.76887,3.56,1.00
2016.05.18 20:07:16.012,0.76875,0.76887,1.56,1.19
2016.05.18 20:07:25.954,0.76876,0.76885,1.31,1.00
2016.05.18 20:07:27.492,0.76875,0.76884,2.06,1.00
2016.05.18 20:07:28.000,0.76875,0.76885,1.69,1.00
2016.05.18 20:07:32.198,0.76874,0.76886,2.44,1.25
2016.05.18 20:07:34.801,0.76876,0.76885,1.25,1.00
2016.05.18 20:07:35.318,0.76875,0.76884,1.19,1.00
2016.05.18 20:07:40.690,0.76874,0.76886,2.44,2.44
2016.05.18 20:07:41.236,0.76874,0.76885,2.44,1.00
2016.05.18 20:07:45.245,0.76874,0.76884,1.12,1.00
2016.05.18 20:07:45.753,0.76873,0.76883,2.25,1.25
2016.05.18 20:07:49.072,0.76873,0.76884,1.00,2.44
2016.05.18 20:07:52.174,0.76873,0.76883,1.00,1.19
2016.05.18 20:07:52.945,0.76872,0.76883,1.50,1.19
2016.05.18 20:07:55.727,0.76872,0.76882,1.69,1.50
2016.05.18 20:07:56.235,0.76872,0.76882,1.00,1.19
2016.05.18 20:07:56.778,0.76873,0.76882,1.25,1.25
2016.05.18 20:08:03.197,0.76872,0.76881,2.44,1.00
2016.05.18 20:08:03.919,0.76873,0.76883,1.12,1.69
2016.05.18 20:08:04.961,0.76873,0.76884,1.12,1.00
2016.05.18 20:08:09.080,0.76873,0.76885,1.12,3.19
2016.05.18 20:08:09.627,0.76874,0.76885,1.00,1.25
2016.05.18 20:08:13.183,0.76874,0.76885,1.00,2.44
2016.05.18 20:08:14.267,0.76874,0.76883,1.00,1.00
2016.05.18 20:08:14.981,0.76872,0.76884,1.87,2.81
2016.05.18 20:08:16.646,0.76874,0.76884,1.00,1.69
2016.05.18 20:08:17.732,0.76874,0.76884,1.00,1.50
2016.05.18 20:08:20.810,0.76874,0.76883,1.00,1.00
2016.05.18 20:08:22.037,0.76874,0.76882,1.00,1.00
2016.05.18 20:08:22.544,0.76873,0.76883,1.12,1.00
2016.05.18 20:08:23.104,0.76873,0.76882,1.12,1.00
2016.05.18 20:08:23.642,0.76872,0.76881,1.69,1.00
2016.05.18 20:08:24.101,0.76872,0.76883,1.87,1.69
2016.05.18 20:08:24.609,0.76872,0.76882,1.50,1.00
2016.05.18 20:08:30.051,0.76872,0.76882,1.50,1.00
2016.05.18 20:08:31.018,0.76872,0.7688,1.50,1.00
2016.05.18 20:08:31.526,0.76872,0.76881,1.12,1.00
2016.05.18 20:08:37.247,0.76872,0.76882,1.12,1.00
2016.05.18 20:08:38.897,0.76872,0.76881,1.31,1.00
2016.05.18 20:08:39.890,0.76872,0.7688,1.31,1.00
2016.05.18 20:08:45.948,0.76872,0.7688,2.06,1.00
2016.05.18 20:08:45.999,0.76872,0.76882,2.06,1.00
2016.05.18 20:08:48.525,0.76872,0.76882,1.00,1.25
2016.05.18 20:08:49.032,0.76871,0.76882,1.12,1.25
2016.05.18 20:08:50.137,0.76872,0.76882,1.00,1.69
2016.05.18 20:08:50.843,0.76872,0.7688,1.00,1.00
2016.05.18 20:08:51.047,0.7687,0.7688,1.25,1.00
2016.05.18 20:08:51.866,0.7687,0.76879,1.25,1.00
2016.05.18 20:08:53.780,0.76869,0.76878,1.00,1.00
2016.05.18 20:08:54.388,0.7687,0.76879,1.00,1.25
2016.05.18 20:08:56.639,0.76869,0.76879,1.50,1.25
2016.05.18 20:09:01.156,0.76869,0.76879,1.00,1.19
2016.05.18 20:09:04.161,0.76868,0.76878,1.00,1.25
2016.05.18 20:09:04.890,0.76868,0.76877,1.00,1.00
2016.05.18 20:09:06.017,0.76868,0.76878,1.00,1.25
2016.05.18 20:09:06.816,0.76868,0.76877,1.00,1.00
2016.05.18 20:09:07.325,0.76868,0.76878,1.00,1.25
2016.05.18 20:09:08.975,0.76867,0.76878,2.06,1.25
2016.05.18 20:09:10.302,0.76868,0.76879,1.00,1.69
2016.05.18 20:09:23.009,0.76867,0.76879,1.31,2.06
2016.05.18 20:09:23.542,0.76868,0.76879,1.00,1.31
2016.05.18 20:09:25.588,0.76868,0.76877,1.00,1.25
2016.05.18 20:09:25.943,0.76868,0.76875,1.00,1.00
2016.05.18 20:09:26.146,0.76865,0.76875,1.25,1.50
2016.05.18 20:09:29.731,0.76863,0.76875,3.19,1.69
2016.05.18 20:09:50.282,0.76865,0.76875,1.00,1.25
2016.05.18 20:09:51.823,0.76866,0.76876,1.00,2.44
2016.05.18 20:09:51.925,0.76867,0.76878,1.12,1.19
2016.05.18 20:09:51.977,0.76868,0.76878,1.69,1.00
2016.05.18 20:09:52.028,0.7687,0.7688,1.00,1.50
2016.05.18 20:09:52.131,0.76868,0.7688,1.87,1.69
2016.05.18 20:09:57.139,0.76869,0.76881,1.00,3.19
2016.05.18 20:09:57.241,0.76869,0.76881,1.25,2.44
2016.05.18 20:10:03.748,0.76869,0.7688,1.25,1.00
2016.05.18 20:10:04.316,0.76869,0.76878,1.00,1.00
2016.05.18 20:10:04.368,0.76867,0.76878,2.81,1.00
2016.05.18 20:10:05.744,0.76868,0.76878,1.00,1.25
2016.05.18 20:10:14.494,0.76867,0.76877,1.69,1.00
2016.05.18 20:10:15.150,0.76867,0.76877,1.00,2.44
2016.05.18 20:10:15.661,0.76866,0.76876,1.00,1.25
2016.05.18 20:10:16.466,0.76866,0.76874,1.00,1.00
2016.05.18 20:10:17.073,0.76864,0.76874,1.31,1.00
2016.05.18 20:10:20.910,0.76863,0.76874,1.12,1.69
2016.05.18 20:10:21.752,0.76863,0.76873,1.12,1.00
2016.05.18 20:10:23.114,0.76863,0.76872,1.12,1.00
2016.05.18 20:10:25.317,0.76862,0.76873,3.19,1.00
2016.05.18 20:10:27.751,0.76863,0.76873,1.12,1.69
2016.05.18 20:10:33.700,0.76863,0.76874,1.31,1.69
2016.05.18 20:10:38.283,0.76863,0.76872,1.25,1.00
2016.05.18 20:10:38.790,0.76863,0.76875,1.69,4.69
2016.05.18 20:10:42.433,0.76863,0.76875,1.69,3.19
2016.05.18 20:10:42.486,0.76863,0.76875,1.69,2.25
2016.05.18 20:10:55.806,0.76863,0.76875,2.62,2.44
2016.05.18 20:10:57.903,0.76864,0.76876,1.31,3.19
2016.05.18 20:11:00.548,0.76864,0.76875,1.12,1.19
2016.05.18 20:11:11.065,0.76863,0.76875,1.50,2.44
2016.05.18 20:11:17.236,0.76864,0.76875,1.00,2.44
2016.05.18 20:11:21.962,0.76865,0.76874,1.00,1.19
2016.05.18 20:11:22.368,0.76863,0.76874,1.12,2.44
2016.05.18 20:11:27.370,0.76863,0.76873,1.12,1.00
2016.05.18 20:11:30.551,0.76863,0.76872,1.12,1.19
2016.05.18 20:11:32.120,0.76864,0.76872,1.00,1.19
2016.05.18 20:11:32.222,0.76864,0.76873,1.25,1.00
2016.05.18 20:11:38.937,0.76862,0.76874,2.44,3.00
2016.05.18 20:11:47.677,0.76864,0.76873,1.00,1.00
2016.05.18 20:11:50.270,0.76864,0.76873,1.00,1.69
2016.05.18 20:11:57.088,0.76864,0.76873,1.00,1.00
2016.05.18 20:11:57.607,0.76864,0.76872,1.00,1.25
2016.05.18 20:11:59.886,0.76864,0.76868,1.00,1.00
2016.05.18 20:12:00.140,0.76859,0.76869,2.44,1.69
2016.05.18 20:12:03.571,0.7686,0.76868,1.19,1.00
2016.05.18 20:12:05.291,0.76859,0.76867,1.69,1.00
2016.05.18 20:12:05.798,0.76859,0.76866,1.69,1.00
2016.05.18 20:12:07.340,0.76859,0.76867,1.69,1.00
2016.05.18 20:12:10.249,0.76859,0.76867,1.25,1.00
2016.05.18 20:12:12.307,0.76859,0.76868,1.25,2.06
2016.05.18 20:12:14.255,0.76859,0.76867,1.25,1.00
2016.05.18 20:12:15.446,0.76859,0.76867,1.19,1.50
2016.05.18 20:12:15.548,0.76856,0.76866,1.00,2.44
2016.05.18 20:12:16.141,0.76856,0.76865,1.00,1.00
2016.05.18 20:12:18.170,0.76856,0.76866,1.00,2.44
2016.05.18 20:12:33.822,0.76856,0.76866,1.00,1.69
2016.05.18 20:12:35.626,0.76855,0.76865,1.31,1.25
2016.05.18 20:13:33.455,0.76855,0.76865,1.31,1.00
2016.05.18 20:13:33.772,0.76855,0.76867,2.06,1.00
2016.05.18 20:13:36.123,0.76855,0.76866,2.06,1.00
2016.05.18 20:13:36.633,0.76854,0.76866,2.06,2.44
2016.05.18 20:13:38.950,0.76854,0.76865,1.62,1.50
2016.05.18 20:13:39.462,0.76853,0.76865,2.44,1.50
2016.05.18 20:13:41.827,0.76854,0.76866,1.69,1.25
2016.05.18 20:13:42.030,0.76855,0.76866,1.19,1.00
2016.05.18 20:13:42.532,0.76855,0.76867,1.69,1.50
2016.05.18 20:13:52.369,0.76855,0.76866,1.19,1.00
2016.05.18 20:14:00.740,0.76855,0.76867,1.19,2.25
2016.05.18 20:14:01.355,0.76855,0.76866,1.56,1.00
2016.05.18 20:14:01.964,0.76857,0.76866,1.00,1.00
2016.05.18 20:14:02.474,0.76857,0.76867,1.00,1.50
2016.05.18 20:14:02.779,0.76857,0.76865,1.00,1.00
2016.05.18 20:14:04.073,0.76857,0.76867,1.00,2.25
2016.05.18 20:14:09.728,0.76857,0.76866,1.00,1.50
2016.05.18 20:14:10.236,0.76856,0.76867,2.06,1.00
2016.05.18 20:14:10.744,0.76856,0.76868,2.06,1.69
2016.05.18 20:14:11.591,0.76856,0.76868,3.56,1.00
2016.05.18 20:14:12.643,0.76856,0.76867,2.44,1.00
2016.05.18 20:14:12.694,0.76855,0.76867,2.81,1.50
2016.05.18 20:14:21.069,0.76856,0.76868,2.81,1.00
2016.05.18 20:14:25.134,0.76856,0.76868,1.31,1.69
2016.05.18 20:14:27.437,0.76856,0.76868,2.81,1.00
2016.05.18 20:14:28.252,0.76857,0.76869,1.19,2.25
2016.05.18 20:14:31.537,0.76858,0.7687,2.44,2.25
2016.05.18 20:14:36.729,0.76859,0.76871,1.69,1.00
2016.05.18 20:14:37.056,0.7686,0.76872,2.44,1.50
2016.05.18 20:14:37.564,0.7686,0.76871,1.19,1.00
2016.05.18 20:14:38.102,0.7686,0.7687,1.19,1.00
2016.05.18 20:14:40.157,0.7686,0.76871,1.69,1.00
2016.05.18 20:14:40.364,0.76861,0.76873,1.31,1.00
2016.05.18 20:14:41.242,0.76862,0.76874,1.25,1.69
2016.05.18 20:14:41.793,0.76862,0.76873,2.06,1.00
2016.05.18 20:14:42.396,0.76862,0.76874,2.06,1.25
2016.05.18 20:14:42.833,0.76861,0.76872,3.19,1.00
2016.05.18 20:14:43.188,0.7686,0.76872,2.81,3.19
2016.05.18 20:14:43.734,0.76859,0.7687,2.06,1.25
2016.05.18 20:14:56.163,0.76859,0.76871,2.81,1.00
2016.05.18 20:14:57.283,0.76859,0.76871,1.31,1.69
2016.05.18 20:14:58.236,0.76859,0.7687,1.25,1.00
2016.05.18 20:15:00.546,0.76859,0.76871,1.25,1.69
2016.05.18 20:15:00.956,0.76858,0.76869,1.31,1.00
2016.05.18 20:15:01.464,0.76858,0.7687,3.56,1.25
2016.05.18 20:15:08.489,0.76859,0.76869,1.19,1.00
2016.05.18 20:15:08.997,0.76859,0.76868,1.12,1.00
2016.05.18 20:15:10.538,0.76859,0.76869,1.12,1.25
2016.05.18 20:15:37.284,0.76859,0.7687,1.31,1.50
2016.05.18 20:15:40.899,0.76859,0.76871,1.31,2.44
2016.05.18 20:15:46.052,0.76859,0.7687,1.31,1.00
2016.05.18 20:15:55.864,0.76859,0.7687,1.69,1.25
2016.05.18 20:15:56.452,0.76858,0.76869,1.50,1.50
2016.05.18 20:16:01.600,0.76858,0.76868,1.50,1.00
2016.05.18 20:16:02.051,0.76858,0.7687,1.50,1.87
2016.05.18 20:16:02.925,0.76858,0.7687,1.50,1.69
2016.05.18 20:16:10.184,0.76858,0.7687,2.06,1.00
2016.05.18 20:16:10.695,0.76859,0.76871,1.62,2.44
2016.05.18 20:16:29.265,0.7686,0.7687,1.12,1.00
2016.05.18 20:16:30.047,0.7686,0.7687,1.87,1.00
2016.05.18 20:16:35.342,0.7686,0.76871,1.87,1.25
2016.05.18 20:16:43.517,0.76863,0.76873,1.00,1.00
2016.05.18 20:16:43.721,0.76863,0.76875,1.19,1.50
2016.05.18 20:16:44.962,0.76864,0.76875,1.00,1.69
2016.05.18 20:16:51.778,0.76864,0.76875,1.25,1.00
2016.05.18 20:16:52.282,0.76864,0.76876,1.25,2.44
2016.05.18 20:16:53.231,0.76864,0.76874,1.25,1.00
2016.05.18 20:16:54.500,0.76863,0.76874,1.87,1.25
2016.05.18 20:16:56.262,0.76863,0.76875,2.62,1.00
2016.05.18 20:16:56.774,0.76864,0.76876,1.50,1.69
2016.05.18 20:16:57.527,0.76864,0.76876,2.25,1.25
2016.05.18 20:17:01.897,0.76864,0.76876,1.50,1.25
2016.05.18 20:17:12.271,0.76863,0.76876,2.25,2.44
2016.05.18 20:17:16.712,0.76863,0.76876,2.62,2.25
2016.05.18 20:17:17.885,0.76865,0.76876,1.00,1.50
2016.05.18 20:17:18.870,0.76865,0.76875,1.00,1.00
2016.05.18 20:17:19.436,0.76863,0.76876,2.81,1.69
2016.05.18 20:17:22.214,0.76863,0.76874,2.06,1.00
2016.05.18 20:17:22.468,0.76862,0.76874,2.25,1.50
2016.05.18 20:17:22.988,0.76862,0.76873,1.87,1.25
2016.05.18 20:17:27.710,0.76863,0.76874,1.00,2.44
2016.05.18 20:17:27.923,0.76864,0.76875,1.62,1.19
2016.05.18 20:17:45.898,0.76864,0.76876,1.37,1.69
2016.05.18 20:18:06.778,0.76863,0.76875,1.69,1.25
2016.05.18 20:18:07.082,0.76862,0.76873,2.44,1.00
2016.05.18 20:18:07.600,0.76862,0.76874,3.56,1.00
2016.05.18 20:18:12.788,0.76863,0.76874,2.44,1.00
2016.05.18 20:18:16.137,0.76863,0.76875,1.69,1.69
2016.05.18 20:18:18.296,0.76863,0.76873,1.69,1.00
2016.05.18 20:18:21.261,0.76862,0.76875,2.62,2.81
2016.05.18 20:18:22.612,0.76866,0.76875,1.19,1.87
2016.05.18 20:18:22.764,0.76868,0.76878,1.00,1.50
2016.05.18 20:18:23.302,0.76868,0.7688,1.87,2.06
2016.05.18 20:18:23.810,0.76869,0.7688,2.00,1.00
2016.05.18 20:18:24.115,0.76869,0.76875,2.00,1.00
2016.05.18 20:18:24.522,0.76869,0.76877,1.31,1.00
2016.05.18 20:18:24.674,0.76867,0.76877,4.69,1.00
2016.05.18 20:18:24.957,0.76867,0.76878,3.19,1.00
2016.05.18 20:18:25.415,0.76867,0.76875,2.44,1.00
2016.05.18 20:18:25.821,0.76867,0.76877,1.31,1.50
2016.05.18 20:18:26.328,0.76867,0.76877,2.81,1.00
2016.05.18 20:18:27.485,0.76867,0.76878,2.06,1.00
2016.05.18 20:18:29.000,0.76867,0.76879,2.06,2.25
2016.05.18 20:18:29.101,0.76867,0.76878,2.06,1.19
2016.05.18 20:18:38.457,0.76867,0.76877,1.00,1.00
2016.05.18 20:18:38.508,0.76867,0.76879,1.00,1.50
2016.05.18 20:18:39.243,0.76867,0.76879,1.19,1.50
2016.05.18 20:18:40.877,0.76867,0.76878,1.19,1.00
2016.05.18 20:18:43.276,0.76867,0.76879,1.69,1.00
2016.05.18 20:18:57.456,0.76868,0.7688,2.44,2.44
2016.05.18 20:18:59.000,0.76869,0.7688,1.00,2.44
2016.05.18 20:19:00.228,0.76868,0.7688,1.69,3.56
2016.05.18 20:19:00.735,0.76868,0.76879,1.25,1.00
2016.05.18 20:19:03.562,0.76868,0.7688,1.25,2.44
2016.05.18 20:19:04.104,0.76869,0.7688,1.00,2.44
2016.05.18 20:19:07.247,0.76867,0.7688,2.44,2.44
2016.05.18 20:19:07.756,0.76869,0.7688,1.00,2.44
2016.05.18 20:19:10.800,0.76869,0.7688,1.25,2.44
2016.05.18 20:19:13.625,0.76868,0.76879,1.50,1.00
2016.05.18 20:19:14.176,0.76867,0.76879,2.44,1.19
2016.05.18 20:19:14.875,0.76867,0.76878,1.50,1.69
2016.05.18 20:19:15.386,0.76866,0.76876,2.62,1.00
2016.05.18 20:19:16.992,0.76866,0.76877,1.50,1.25
2016.05.18 20:19:17.366,0.76867,0.76879,1.25,2.06
2016.05.18 20:19:22.476,0.76867,0.76878,1.69,1.00
2016.05.18 20:19:23.718,0.76867,0.76879,1.69,1.69
2016.05.18 20:19:24.073,0.76869,0.76879,1.00,1.69
2016.05.18 20:19:27.318,0.76869,0.7688,1.25,1.00
2016.05.18 20:19:27.830,0.76869,0.76881,1.69,1.69
2016.05.18 20:19:31.786,0.7687,0.76881,1.00,1.69
2016.05.18 20:19:32.294,0.76869,0.76882,3.45,1.19
2016.05.18 20:19:32.630,0.76871,0.76882,1.00,1.69
2016.05.18 20:19:33.142,0.7687,0.76883,1.00,4.31
2016.05.18 20:19:39.553,0.76871,0.76883,1.00,4.31
2016.05.18 20:19:39.729,0.76871,0.76883,1.25,2.44
2016.05.18 20:19:39.995,0.76871,0.76881,1.69,1.00
2016.05.18 20:19:40.654,0.76871,0.76883,1.62,2.44
2016.05.18 20:19:41.060,0.76871,0.76882,1.37,2.06
2016.05.18 20:19:42.749,0.7687,0.76881,1.20,1.19
2016.05.18 20:19:54.267,0.76869,0.76879,1.12,1.19
2016.05.18 20:19:54.369,0.76869,0.7688,1.31,4.69
2016.05.18 20:19:54.725,0.76866,0.76879,2.70,2.81
2016.05.18 20:19:57.295,0.76866,0.76878,3.56,1.25
2016.05.18 20:19:58.951,0.76868,0.76878,1.00,1.25
2016.05.18 20:19:59.620,0.76866,0.76878,3.56,1.25
2016.05.18 20:20:00.073,0.76868,0.76878,1.00,1.25
2016.05.18 20:20:01.148,0.76868,0.76877,1.00,1.00
2016.05.18 20:20:01.199,0.76866,0.76877,2.25,1.19
2016.05.18 20:20:01.402,0.76864,0.76875,1.25,1.00
2016.05.18 20:20:03.049,0.76864,0.76875,1.00,1.19
2016.05.18 20:20:05.270,0.76865,0.76875,1.00,1.19
2016.05.18 20:20:07.876,0.76864,0.76875,1.00,1.19
2016.05.18 20:20:10.810,0.76866,0.76875,1.00,1.19
2016.05.18 20:20:12.582,0.76865,0.76876,1.00,2.44
2016.05.18 20:20:13.188,0.76865,0.76876,1.00,1.25
2016.05.18 20:20:13.645,0.76865,0.76876,1.00,2.44
2016.05.18 20:20:14.148,0.76864,0.76876,1.50,2.44
2016.05.18 20:20:18.486,0.76863,0.76875,1.12,1.19
2016.05.18 20:20:19.093,0.76863,0.76875,1.00,1.69
2016.05.18 20:20:21.094,0.76863,0.76876,2.62,1.50
2016.05.18 20:20:21.603,0.76863,0.76875,1.00,2.44
2016.05.18 20:20:22.147,0.76863,0.76874,1.00,1.00
2016.05.18 20:20:24.377,0.76863,0.76876,1.50,3.19
2016.05.18 20:20:24.885,0.76864,0.76876,1.00,3.19
2016.05.18 20:20:27.002,0.76865,0.76876,1.00,2.44
2016.05.18 20:20:27.519,0.76865,0.76876,1.19,1.69
2016.05.18 20:20:28.824,0.76864,0.76876,1.50,1.50
2016.05.18 20:20:29.721,0.76865,0.76876,1.00,2.25
2016.05.18 20:20:31.184,0.76864,0.76876,1.00,2.25
2016.05.18 20:20:34.432,0.76867,0.76876,1.00,2.25
2016.05.18 20:20:36.546,0.76864,0.76876,1.50,1.50
2016.05.18 20:20:37.064,0.76864,0.76875,1.00,1.00
2016.05.18 20:20:37.694,0.76864,0.76877,2.25,3.19
2016.05.18 20:20:38.251,0.76864,0.76876,1.50,1.00
2016.05.18 20:20:43.013,0.76864,0.76875,1.00,1.00
2016.05.18 20:20:43.597,0.76863,0.76875,1.12,1.00
2016.05.18 20:20:50.858,0.76863,0.76876,1.12,1.69
2016.05.18 20:20:51.394,0.76864,0.76876,1.00,1.69
2016.05.18 20:20:54.003,0.76863,0.76876,1.12,1.69
2016.05.18 20:20:58.721,0.76863,0.76876,3.19,1.19
2016.05.18 20:21:01.746,0.76864,0.76876,1.00,1.69
2016.05.18 20:21:11.521,0.76865,0.76875,1.00,1.25
2016.05.18 20:21:20.968,0.76864,0.76877,1.50,2.44
2016.05.18 20:21:22.133,0.76866,0.76877,1.00,2.44
2016.05.18 20:21:27.262,0.76864,0.76877,1.50,2.44
2016.05.18 20:21:31.036,0.76866,0.76877,1.00,1.69
2016.05.18 20:21:32.401,0.76866,0.76877,1.00,1.25
2016.05.18 20:21:33.778,0.76865,0.76878,1.50,3.19
2016.05.18 20:21:34.986,0.76866,0.76877,1.00,1.25
2016.05.18 20:21:37.891,0.76865,0.76877,1.12,1.25
2016.05.18 20:21:40.975,0.76865,0.76877,1.87,1.69
2016.05.18 20:21:41.869,0.76866,0.76877,1.00,1.69
2016.05.18 20:21:42.945,0.76865,0.76877,1.12,1.69
2016.05.18 20:21:45.488,0.76867,0.76877,1.00,1.69
2016.05.18 20:21:47.897,0.76867,0.76877,1.00,1.00
2016.05.18 20:21:55.796,0.76868,0.76878,1.00,1.69
2016.05.18 20:21:56.304,0.76868,0.76879,1.12,1.25
2016.05.18 20:21:56.888,0.76869,0.76879,1.00,1.25
2016.05.18 20:22:00.965,0.76868,0.7688,1.12,1.19
2016.05.18 20:22:04.394,0.76868,0.76878,1.12,1.00
2016.05.18 20:22:04.698,0.76866,0.76878,1.00,4.31
2016.05.18 20:22:05.892,0.76865,0.76877,1.50,1.69
2016.05.18 20:22:24.987,0.76866,0.76876,1.25,1.00
2016.05.18 20:22:25.444,0.76866,0.76878,1.25,3.19
2016.05.18 20:22:29.930,0.76866,0.76877,1.69,1.00
2016.05.18 20:22:34.235,0.76866,0.76877,1.00,1.19
2016.05.18 20:22:41.571,0.76866,0.76877,1.69,1.00
2016.05.18 20:22:41.623,0.76868,0.76877,1.00,1.00
2016.05.18 20:22:42.131,0.76868,0.76878,1.00,1.69
2016.05.18 20:22:44.260,0.76867,0.76878,1.12,1.69
2016.05.18 20:22:50.036,0.76866,0.76878,3.37,2.44
2016.05.18 20:22:50.639,0.76866,0.76876,1.12,1.25
2016.05.18 20:22:51.595,0.76865,0.76876,1.12,1.69
2016.05.18 20:23:16.665,0.76866,0.76876,1.00,1.69
2016.05.18 20:23:17.868,0.76865,0.76876,1.00,1.69
2016.05.18 20:23:19.326,0.76866,0.76876,1.00,1.69
2016.05.18 20:23:21.586,0.76865,0.76876,1.00,1.69
2016.05.18 20:23:23.724,0.76869,0.76876,1.00,1.69
2016.05.18 20:23:27.279,0.76871,0.76876,1.00,1.25
2016.05.18 20:23:36.545,0.76868,0.76878,1.00,2.44
2016.05.18 20:23:37.102,0.76867,0.76877,1.00,1.19
2016.05.18 20:23:44.171,0.76866,0.76877,1.50,1.19
2016.05.18 20:23:46.707,0.76867,0.76876,1.00,1.25
2016.05.18 20:23:47.242,0.76866,0.76877,1.50,1.69
2016.05.18 20:23:52.194,0.76866,0.76876,1.50,2.44
2016.05.18 20:23:53.195,0.76865,0.76876,1.00,3.19
2016.05.18 20:23:55.482,0.76867,0.76876,1.00,1.69
2016.05.18 20:23:55.807,0.7687,0.76875,1.00,1.00
2016.05.18 20:24:12.549,0.76868,0.76874,1.50,1.00
2016.05.18 20:24:18.463,0.7687,0.76875,1.00,1.25
2016.05.18 20:24:41.226,0.76869,0.76877,1.00,1.19
2016.05.18 20:24:41.430,0.7687,0.76879,1.00,2.44
2016.05.18 20:24:45.211,0.7687,0.76879,1.00,1.00
2016.05.18 20:25:09.218,0.76869,0.7688,1.12,2.25
2016.05.18 20:25:09.749,0.7687,0.76879,1.00,1.00
2016.05.18 20:25:18.231,0.7687,0.76878,1.00,1.00
2016.05.18 20:25:18.282,0.7687,0.76877,1.00,1.19
2016.05.18 20:25:35.870,0.7687,0.76877,1.00,1.25
2016.05.18 20:26:18.283,0.76867,0.76878,1.76,1.19
2016.05.18 20:26:27.745,0.76869,0.76878,1.00,1.19
2016.05.18 20:26:34.447,0.7687,0.76879,1.00,1.69
2016.05.18 20:26:43.857,0.7687,0.76879,1.00,1.19
2016.05.18 20:26:44.364,0.76869,0.76879,2.25,1.19
2016.05.18 20:26:46.515,0.7687,0.76879,1.00,1.19
2016.05.18 20:26:47.048,0.76871,0.76879,1.00,1.00
2016.05.18 20:26:47.101,0.76872,0.76881,1.00,1.00
2016.05.18 20:26:47.254,0.76873,0.76883,1.00,2.44
2016.05.18 20:26:50.667,0.76871,0.76883,2.06,1.25
2016.05.18 20:26:52.145,0.76873,0.76883,1.00,1.25
2016.05.18 20:26:56.185,0.76872,0.76883,1.00,1.19
2016.05.18 20:26:56.286,0.76872,0.76884,1.50,1.19
2016.05.18 20:26:56.801,0.76873,0.76883,1.00,1.25
2016.05.18 20:26:56.957,0.76871,0.76883,2.06,1.25
2016.05.18 20:26:57.463,0.76872,0.76883,1.00,1.25
2016.05.18 20:26:58.081,0.76871,0.76883,1.69,1.25
2016.05.18 20:27:00.463,0.76872,0.76883,1.00,1.25
2016.05.18 20:27:01.770,0.76872,0.76885,3.94,1.69
2016.05.18 20:27:02.923,0.76876,0.76886,1.00,1.19
2016.05.18 20:27:03.025,0.76875,0.76887,1.19,1.69
2016.05.18 20:27:05.227,0.76875,0.76887,1.00,3.19
2016.05.18 20:27:08.528,0.76874,0.76886,1.12,1.19
2016.05.18 20:27:10.092,0.76874,0.76886,2.25,1.19
2016.05.18 20:27:13.745,0.76874,0.76884,3.00,1.00
2016.05.18 20:27:14.846,0.76874,0.76885,3.75,1.25
2016.05.18 20:27:18.882,0.76874,0.76886,1.12,1.69
2016.05.18 20:27:22.016,0.76873,0.76885,2.06,1.25
2016.05.18 20:27:22.550,0.76873,0.76884,1.87,1.00
2016.05.18 20:27:24.905,0.76875,0.76884,1.00,1.00
2016.05.18 20:27:29.128,0.76876,0.76884,1.00,1.00
2016.05.18 20:27:29.281,0.76876,0.76886,1.00,1.69
2016.05.18 20:27:34.559,0.76875,0.76886,1.00,1.25
2016.05.18 20:27:35.100,0.76875,0.76885,1.00,1.00
2016.05.18 20:27:35.687,0.76874,0.76885,2.81,1.00
2016.05.18 20:27:39.577,0.76874,0.76886,2.06,1.69
2016.05.18 20:27:42.580,0.76873,0.76885,3.00,1.25
2016.05.18 20:27:49.212,0.76873,0.76886,2.81,2.44
2016.05.18 20:28:10.879,0.76874,0.76886,1.19,2.44
2016.05.18 20:28:19.782,0.76875,0.76886,1.00,2.44
2016.05.18 20:28:38.439,0.76876,0.76886,1.00,1.69
2016.05.18 20:28:38.541,0.76873,0.76886,5.06,1.69
2016.05.18 20:28:40.086,0.76875,0.76887,1.00,2.44
2016.05.18 20:28:40.825,0.76875,0.76887,1.31,1.69
2016.05.18 20:28:49.061,0.76875,0.76887,1.31,1.00
2016.05.18 20:29:26.504,0.76875,0.76887,2.44,1.00
2016.05.18 20:29:27.025,0.76876,0.76888,3.19,1.25
2016.05.18 20:29:41.772,0.76877,0.76886,1.12,1.00
2016.05.18 20:29:41.925,0.76875,0.76887,1.20,1.69
2016.05.18 20:29:42.432,0.76875,0.76887,1.87,1.19
2016.05.18 20:29:45.632,0.76874,0.76887,4.76,1.19
2016.05.18 20:29:56.758,0.76877,0.76886,1.00,1.00
2016.05.18 20:29:56.860,0.76877,0.76889,1.31,1.50
2016.05.18 20:29:57.370,0.76878,0.76888,2.06,1.00
2016.05.18 20:29:57.846,0.76876,0.76888,3.56,1.25
2016.05.18 20:29:58.050,0.76876,0.76887,1.12,1.69
2016.05.18 20:29:58.558,0.76875,0.76885,1.87,1.00
2016.05.18 20:30:01.098,0.76877,0.76886,1.00,1.19
2016.05.18 20:30:01.149,0.76877,0.76888,1.69,1.00
2016.05.18 20:30:01.251,0.7688,0.76889,1.00,1.00
2016.05.18 20:30:01.757,0.7688,0.7689,1.00,1.25
2016.05.18 20:30:05.583,0.76879,0.7689,1.00,1.25
2016.05.18 20:30:12.352,0.7688,0.76892,1.00,1.19
2016.05.18 20:30:14.872,0.76879,0.76892,1.00,1.19
2016.05.18 20:30:17.564,0.7688,0.76892,1.00,1.19
2016.05.18 20:30:18.831,0.7688,0.76892,1.00,1.19
2016.05.18 20:30:19.380,0.76879,0.76892,1.25,1.19
2016.05.18 20:30:20.086,0.76878,0.76888,1.12,1.19
2016.05.18 20:30:21.116,0.76876,0.76887,1.00,1.25
2016.05.18 20:30:22.793,0.76875,0.76887,1.69,1.25
2016.05.18 20:30:37.858,0.76875,0.76887,1.69,1.19
2016.05.18 20:30:40.831,0.76876,0.76887,1.00,1.25
2016.05.18 20:30:49.151,0.76876,0.76885,1.00,1.00
2016.05.18 20:30:50.905,0.76876,0.76887,1.25,1.19
2016.05.18 20:30:55.787,0.76876,0.76887,1.00,1.25
2016.05.18 20:30:57.535,0.76877,0.76887,1.00,1.25
2016.05.18 20:30:57.689,0.76878,0.76889,1.69,1.00
2016.05.18 20:30:58.199,0.76878,0.7689,2.44,1.25
2016.05.18 20:30:58.845,0.76879,0.76891,1.00,1.69
2016.05.18 20:31:00.983,0.76879,0.76889,1.00,1.00
2016.05.18 20:31:01.485,0.76878,0.76889,1.12,1.00
2016.05.18 20:31:02.137,0.76878,0.76889,1.50,1.00
2016.05.18 20:31:09.289,0.76878,0.7689,1.31,1.25
2016.05.18 20:31:09.544,0.76882,0.76893,1.25,1.69
2016.05.18 20:31:10.052,0.76882,0.76893,2.06,1.19
2016.05.18 20:31:13.877,0.76882,0.76891,1.62,1.00
2016.05.18 20:31:14.344,0.76881,0.76891,1.00,1.25
2016.05.18 20:31:14.980,0.7688,0.76891,1.87,1.25
2016.05.18 20:31:15.573,0.7688,0.7689,1.12,1.00
2016.05.18 20:31:24.746,0.76879,0.7689,1.25,1.00
2016.05.18 20:31:41.299,0.7688,0.7689,1.00,1.00
2016.05.18 20:31:42.396,0.76879,0.7689,2.44,1.00
2016.05.18 20:31:42.899,0.76879,0.76891,3.19,1.69
2016.05.18 20:31:45.170,0.7688,0.76891,1.00,1.69
2016.05.18 20:31:46.277,0.76879,0.76891,3.19,1.25
2016.05.18 20:31:51.908,0.7688,0.76891,1.00,1.25
2016.05.18 20:31:59.903,0.76879,0.76891,3.19,1.25
2016.05.18 20:32:10.998,0.76879,0.76891,3.94,1.25
2016.05.18 20:32:11.532,0.76881,0.76891,1.25,1.00
2016.05.18 20:32:13.577,0.76882,0.76891,1.50,1.00
2016.05.18 20:32:13.679,0.76884,0.76894,1.00,1.00
2016.05.18 20:32:19.188,0.76884,0.76895,1.12,1.25
2016.05.18 20:32:23.330,0.76883,0.76894,2.44,1.00
2016.05.18 20:32:26.029,0.76883,0.76892,1.00,1.00
2016.05.18 20:32:26.450,0.76883,0.76894,1.00,1.25
2016.05.18 20:32:35.153,0.76883,0.76895,1.69,1.25
2016.05.18 20:32:37.025,0.76884,0.76896,1.69,1.00
2016.05.18 20:32:42.269,0.76884,0.76896,1.25,1.19
2016.05.18 20:32:47.482,0.76884,0.76896,1.69,1.50
2016.05.18 20:32:58.895,0.76884,0.76895,2.25,1.25
2016.05.18 20:33:00.670,0.76884,0.76895,1.19,1.00
2016.05.18 20:33:00.772,0.76887,0.76895,1.00,1.00
2016.05.18 20:33:00.976,0.76887,0.769,1.69,2.00
2016.05.18 20:33:01.518,0.76887,0.76898,1.50,1.25
2016.05.18 20:33:02.057,0.76886,0.76898,1.69,1.25
2016.05.18 20:33:02.260,0.76885,0.76897,1.10,2.25
2016.05.18 20:33:02.792,0.76884,0.76895,1.76,1.00
2016.05.18 20:33:03.300,0.76884,0.76895,1.57,1.25
2016.05.18 20:33:06.717,0.76883,0.76895,2.44,1.69
2016.05.18 20:33:07.021,0.76883,0.76893,1.00,1.25
2016.05.18 20:33:07.547,0.76882,0.76893,1.50,1.25
2016.05.18 20:33:11.370,0.76882,0.76893,1.87,1.25
2016.05.18 20:33:11.683,0.76882,0.76891,1.37,1.00
2016.05.18 20:33:12.607,0.76881,0.76891,1.25,1.00
2016.05.18 20:33:13.195,0.76881,0.76891,1.00,1.19
2016.05.18 20:33:14.063,0.76881,0.76891,1.25,1.00
2016.05.18 20:33:15.280,0.76881,0.76893,1.25,1.25
2016.05.18 20:33:17.823,0.76882,0.76893,1.00,1.69
2016.05.18 20:33:23.221,0.76881,0.76893,1.31,1.25
2016.05.18 20:33:25.168,0.76881,0.76893,1.69,1.25
2016.05.18 20:33:28.174,0.76881,0.76893,1.31,1.25
2016.05.18 20:33:48.087,0.76881,0.76893,2.06,1.00
2016.05.18 20:33:48.594,0.76881,0.76893,2.06,1.19
2016.05.18 20:34:01.781,0.76883,0.76892,1.00,1.25
2016.05.18 20:34:02.290,0.76882,0.76892,3.94,1.00
2016.05.18 20:34:02.443,0.76882,0.76896,3.19,1.69
2016.05.18 20:34:02.494,0.76882,0.76896,3.19,1.50
2016.05.18 20:34:02.958,0.76883,0.76896,1.50,1.50
2016.05.18 20:34:04.326,0.76883,0.76893,2.25,1.00
2016.05.18 20:34:04.760,0.76884,0.76895,1.00,1.00
2016.05.18 20:34:05.532,0.76884,0.76896,1.50,1.00
2016.05.18 20:34:07.162,0.76885,0.76897,1.00,1.00
2016.05.18 20:34:08.135,0.76884,0.76896,2.06,1.00
2016.05.18 20:34:08.842,0.76884,0.76896,1.31,1.19
2016.05.18 20:34:09.354,0.76883,0.76893,1.12,1.69
2016.05.18 20:34:09.759,0.76881,0.76893,1.25,1.31
2016.05.18 20:34:09.862,0.7688,0.76892,1.50,1.19
2016.05.18 20:34:12.241,0.7688,0.76892,1.00,1.50
2016.05.18 20:34:12.874,0.7688,0.76891,1.00,1.00
2016.05.18 20:34:14.852,0.76879,0.76891,1.00,1.50
2016.05.18 20:34:15.832,0.76879,0.76889,1.00,1.00
2016.05.18 20:34:16.682,0.76879,0.76891,1.00,1.00
2016.05.18 20:34:23.180,0.7688,0.76891,1.00,1.50
2016.05.18 20:34:23.730,0.7688,0.76892,1.00,1.00
2016.05.18 20:34:25.084,0.76882,0.76892,1.00,1.00
2016.05.18 20:34:25.847,0.76882,0.76893,1.50,1.00
2016.05.18 20:34:27.033,0.76882,0.76894,1.00,1.50
2016.05.18 20:34:27.440,0.76881,0.76892,1.12,1.00
2016.05.18 20:34:27.987,0.7688,0.76892,1.00,1.50
2016.05.18 20:34:33.077,0.7688,0.7689,1.00,1.25
2016.05.18 20:34:33.179,0.76878,0.7689,1.25,1.69
2016.05.18 20:34:33.784,0.7688,0.7689,1.00,1.69
2016.05.18 20:34:39.543,0.7688,0.7689,1.00,1.19
2016.05.18 20:34:41.970,0.76878,0.7689,1.00,1.69
2016.05.18 20:34:42.477,0.76877,0.76887,1.50,1.00
2016.05.18 20:34:42.984,0.76877,0.76886,1.00,1.00
2016.05.18 20:34:43.388,0.76875,0.76886,1.50,1.00
2016.05.18 20:34:50.240,0.76874,0.76886,1.00,1.50
2016.05.18 20:34:50.411,0.76874,0.76884,1.00,1.00
2016.05.18 20:34:55.765,0.76874,0.76883,1.00,1.00
2016.05.18 20:34:59.336,0.76874,0.76886,1.00,1.50
2016.05.18 20:35:00.097,0.76875,0.76886,1.00,1.00
2016.05.18 20:35:01.388,0.76874,0.76886,1.00,1.50
2016.05.18 20:35:11.094,0.76875,0.76886,1.00,1.00
2016.05.18 20:35:11.985,0.76874,0.76886,1.00,1.50
2016.05.18 20:35:19.963,0.76873,0.76885,1.19,1.00
2016.05.18 20:35:21.163,0.76874,0.76886,1.25,1.50
2016.05.18 20:35:29.841,0.76875,0.76887,1.00,1.12
2016.05.18 20:35:30.551,0.76876,0.76888,1.00,2.25
2016.05.18 20:35:31.121,0.76875,0.76887,1.00,1.12
2016.05.18 20:35:33.698,0.76875,0.76886,1.00,1.00
2016.05.18 20:35:40.206,0.76875,0.76887,1.00,1.50
2016.05.18 20:35:42.045,0.76876,0.76887,1.00,1.00
2016.05.18 20:35:50.877,0.76874,0.76886,1.50,1.00
2016.05.18 20:35:51.430,0.76875,0.76887,1.00,1.12
2016.05.18 20:35:59.776,0.76876,0.76888,1.00,2.25
2016.05.18 20:36:01.245,0.76876,0.76888,1.00,1.50
2016.05.18 20:36:01.296,0.76879,0.76888,1.00,1.00
2016.05.18 20:36:01.906,0.76877,0.76888,1.25,1.00
2016.05.18 20:36:02.412,0.76877,0.76887,1.00,1.25
2016.05.18 20:36:02.919,0.76876,0.76886,1.00,1.00
2016.05.18 20:36:09.182,0.76876,0.76888,1.00,1.69
2016.05.18 20:36:25.782,0.76876,0.76888,1.25,2.44
2016.05.18 20:36:26.965,0.76876,0.76884,1.25,1.00
2016.05.18 20:36:27.017,0.76873,0.76884,1.12,1.19
2016.05.18 20:36:27.119,0.76872,0.76882,1.00,1.19
2016.05.18 20:36:27.429,0.7687,0.7688,1.00,1.50
2016.05.18 20:36:28.192,0.76869,0.76881,2.44,2.44
2016.05.18 20:36:30.281,0.76869,0.76881,2.44,3.19
2016.05.18 20:36:40.730,0.7687,0.76881,1.00,1.69
2016.05.18 20:36:45.108,0.7687,0.76882,1.00,1.69
2016.05.18 20:36:46.464,0.7687,0.7688,1.00,1.19
2016.05.18 20:36:46.973,0.76869,0.76879,1.00,1.25
2016.05.18 20:36:51.304,0.76869,0.76878,1.00,1.00
2016.05.18 20:36:53.071,0.76869,0.76878,1.00,1.19
2016.05.18 20:36:59.019,0.76871,0.76876,1.00,1.19
2016.05.18 20:36:59.172,0.76869,0.76878,1.00,3.56
2016.05.18 20:36:59.490,0.76869,0.76877,1.00,1.19
2016.05.18 20:37:00.469,0.7687,0.76876,1.00,1.25
2016.05.18 20:37:00.582,0.7687,0.76876,1.00,1.19
2016.05.18 20:37:00.684,0.7687,0.76876,1.00,1.25
2016.05.18 20:37:01.192,0.7687,0.76876,1.00,1.19
2016.05.18 20:37:02.918,0.76867,0.76874,1.50,1.00
2016.05.18 20:37:03.071,0.76865,0.76877,1.00,3.19
2016.05.18 20:37:03.581,0.76864,0.76875,1.00,1.19
2016.05.18 20:37:06.433,0.76863,0.76875,1.00,1.19
2016.05.18 20:37:06.983,0.76864,0.76876,1.00,3.19
2016.05.18 20:37:09.178,0.76863,0.76875,1.00,1.69
2016.05.18 20:37:17.950,0.76864,0.76875,1.00,2.06
2016.05.18 20:37:18.982,0.76863,0.76875,1.00,2.81
2016.05.18 20:37:20.807,0.76863,0.76875,1.25,2.06
2016.05.18 20:37:25.895,0.76863,0.76875,1.00,3.56
2016.05.18 20:37:30.493,0.76864,0.76875,1.00,2.81
2016.05.18 20:37:31.387,0.76865,0.76877,1.00,3.94
2016.05.18 20:37:32.101,0.76864,0.76876,1.00,2.06
2016.05.18 20:37:37.970,0.76863,0.76875,1.50,2.06
2016.05.18 20:37:43.972,0.76861,0.76874,1.49,2.44
2016.05.18 20:37:44.024,0.7686,0.76874,1.30,1.69
2016.05.18 20:37:44.534,0.76863,0.76873,1.00,1.19
2016.05.18 20:37:53.931,0.76863,0.76873,1.00,1.25
2016.05.18 20:37:54.439,0.76864,0.76874,1.00,1.19
2016.05.18 20:38:01.551,0.76864,0.76876,1.00,2.44
2016.05.18 20:38:01.652,0.76866,0.76876,1.00,2.44
2016.05.18 20:38:08.237,0.76864,0.76876,1.00,2.44
2016.05.18 20:38:08.770,0.76864,0.76876,1.00,2.44
2016.05.18 20:38:21.735,0.76863,0.76875,1.69,1.31
2016.05.18 20:38:33.572,0.76862,0.76874,1.19,1.00
2016.05.18 20:38:34.105,0.76864,0.76876,1.50,2.06
2016.05.18 20:38:34.613,0.76865,0.76876,1.00,1.19
2016.05.18 20:38:37.446,0.76864,0.76876,1.50,1.69
2016.05.18 20:38:38.190,0.76863,0.76875,1.25,1.25
2016.05.18 20:38:39.300,0.76863,0.76874,1.25,1.00
2016.05.18 20:38:42.000,0.76864,0.76874,1.00,1.00
2016.05.18 20:38:42.554,0.76864,0.76876,1.50,1.19
2016.05.18 20:38:43.759,0.76864,0.76873,1.00,1.00
2016.05.18 20:38:48.119,0.76863,0.76873,1.69,1.00
2016.05.18 20:38:49.852,0.76863,0.76873,1.69,1.00
2016.05.18 20:38:53.476,0.76863,0.76875,1.19,1.19
2016.05.18 20:38:57.387,0.76865,0.76875,1.00,1.19
2016.05.18 20:38:57.906,0.76863,0.76875,1.69,1.19
2016.05.18 20:39:00.667,0.76863,0.76873,1.19,1.00
2016.05.18 20:39:03.578,0.76862,0.76874,1.19,1.25
2016.05.18 20:39:04.811,0.76862,0.76874,1.19,1.00
2016.05.18 20:39:05.353,0.76862,0.76873,1.19,1.00
2016.05.18 20:39:05.657,0.76861,0.7687,1.25,1.00
2016.05.18 20:39:14.024,0.7686,0.7687,1.00,1.00
2016.05.18 20:39:14.330,0.76856,0.76868,2.44,1.00
2016.05.18 20:39:14.859,0.76856,0.76867,1.69,1.00
2016.05.18 20:39:17.753,0.76856,0.76867,1.19,1.00
2016.05.18 20:39:31.946,0.76856,0.76868,1.69,1.25
2016.05.18 20:39:40.888,0.76856,0.76868,2.44,1.00
2016.05.18 20:39:47.129,0.76858,0.76868,1.00,1.00
2016.05.18 20:39:47.435,0.7686,0.76871,1.19,1.50
2016.05.18 20:39:49.245,0.7686,0.76872,1.69,1.25
2016.05.18 20:39:51.622,0.7686,0.76871,1.19,1.00
2016.05.18 20:39:51.674,0.7686,0.76871,1.00,1.25
2016.05.18 20:39:51.776,0.76859,0.76869,1.50,1.25
2016.05.18 20:39:55.677,0.76857,0.76869,1.69,1.25
2016.05.18 20:40:17.428,0.76859,0.76869,1.00,1.25
2016.05.18 20:40:18.031,0.76858,0.76869,1.00,1.25
2016.05.18 20:40:18.584,0.76858,0.76869,1.26,1.50
2016.05.18 20:40:19.919,0.7686,0.7687,1.00,1.00
2016.05.18 20:40:20.427,0.7686,0.76872,1.69,1.00
2016.05.18 20:40:22.263,0.7686,0.76872,2.32,1.00
2016.05.18 20:40:27.273,0.76862,0.76872,1.00,1.00
2016.05.18 20:40:30.170,0.76862,0.76874,1.00,1.69
2016.05.18 20:40:33.656,0.76861,0.76873,1.50,1.00
2016.05.18 20:40:39.848,0.7686,0.76872,1.50,1.00
2016.05.18 20:40:40.378,0.76861,0.76873,1.00,1.00
2016.05.18 20:41:02.840,0.76861,0.76872,1.00,1.00
2016.05.18 20:41:03.423,0.7686,0.76872,1.00,1.00
2016.05.18 20:41:12.665,0.76861,0.76873,1.00,1.69
2016.05.18 20:41:13.184,0.7686,0.76872,1.25,1.25
2016.05.18 20:41:37.326,0.76861,0.76872,1.00,1.25
2016.05.18 20:41:37.702,0.76863,0.76873,1.00,1.69
2016.05.18 20:41:42.467,0.76864,0.76874,1.00,1.19
2016.05.18 20:41:45.674,0.76864,0.76874,1.00,1.25
2016.05.18 20:42:00.725,0.76865,0.76875,1.00,1.19
2016.05.18 20:42:00.827,0.76865,0.76876,1.69,1.00
2016.05.18 20:42:00.929,0.76866,0.76878,1.69,1.25
2016.05.18 20:42:03.419,0.76866,0.76877,1.69,1.00
2016.05.18 20:42:04.121,0.76866,0.76878,1.19,1.50
2016.05.18 20:42:04.623,0.76866,0.76877,1.19,1.00
2016.05.18 20:42:05.135,0.76866,0.76877,1.00,1.25
2016.05.18 20:42:05.643,0.76865,0.76876,1.25,1.00
2016.05.18 20:42:09.445,0.76865,0.76874,1.25,1.00
2016.05.18 20:42:10.010,0.76864,0.76874,1.00,1.00
2016.05.18 20:42:13.041,0.76865,0.76874,1.00,1.00
2016.05.18 20:42:14.984,0.76865,0.76875,1.00,1.25
2016.05.18 20:42:22.376,0.76865,0.76875,1.69,1.00
2016.05.18 20:42:23.237,0.76864,0.76876,1.19,1.00
2016.05.18 20:42:25.568,0.76864,0.76877,1.69,1.00
2016.05.18 20:42:25.871,0.76874,0.76882,1.00,1.50
2016.05.18 20:42:26.380,0.76873,0.76882,1.00,1.50
2016.05.18 20:42:26.892,0.76874,0.76882,1.00,1.50
2016.05.18 20:42:28.539,0.76873,0.76884,2.06,1.00
2016.05.18 20:42:29.836,0.76874,0.76885,1.25,1.00
2016.05.18 20:42:30.188,0.76875,0.76886,1.19,1.00
2016.05.18 20:42:30.698,0.76876,0.76887,1.25,1.00
2016.05.18 20:42:33.858,0.76874,0.76886,1.69,1.00
2016.05.18 20:42:34.945,0.76874,0.76885,1.19,1.00
2016.05.18 20:42:35.540,0.76874,0.76886,1.69,1.00
2016.05.18 20:42:36.847,0.76874,0.76885,1.19,1.00
2016.05.18 20:42:36.899,0.76874,0.76885,1.25,1.00
2016.05.18 20:42:37.531,0.76873,0.76884,1.69,1.00
2016.05.18 20:42:43.447,0.76871,0.76882,2.44,1.00
2016.05.18 20:42:43.954,0.7687,0.76882,3.19,1.69
2016.05.18 20:42:45.678,0.7687,0.7688,2.44,1.00
2016.05.18 20:42:46.223,0.7687,0.76881,2.44,1.69
2016.05.18 20:42:46.827,0.7687,0.76881,2.06,1.69
2016.05.18 20:42:48.180,0.76869,0.76878,1.19,1.00
2016.05.18 20:42:48.688,0.76868,0.76877,1.19,1.00
2016.05.18 20:42:49.227,0.76868,0.76878,1.19,1.00
2016.05.18 20:42:51.944,0.76868,0.76877,1.31,1.00
2016.05.18 20:42:52.491,0.76868,0.76878,1.31,1.00
2016.05.18 20:43:05.207,0.76868,0.76879,1.19,1.50
2016.05.18 20:43:06.149,0.76867,0.76879,1.12,1.50
2016.05.18 20:43:06.454,0.76869,0.76879,1.00,1.50
2016.05.18 20:43:10.932,0.76866,0.76878,2.06,1.00
2016.05.18 20:43:11.454,0.76866,0.76877,2.06,1.00
2016.05.18 20:43:16.978,0.76866,0.76876,2.06,1.00
2016.05.18 20:43:17.283,0.76865,0.76876,1.50,1.00
2016.05.18 20:43:27.826,0.76865,0.76877,1.00,1.50
2016.05.18 20:43:30.034,0.76865,0.76875,1.00,1.00
2016.05.18 20:43:35.061,0.76864,0.76874,1.00,1.00
2016.05.18 20:43:35.365,0.76864,0.76876,1.00,1.00
2016.05.18 20:43:35.966,0.76863,0.76875,1.69,1.00
2016.05.18 20:43:36.474,0.76864,0.76876,1.00,1.00
2016.05.18 20:43:37.051,0.76864,0.76874,1.00,1.00
2016.05.18 20:43:38.030,0.76864,0.76876,1.00,1.00
2016.05.18 20:43:42.201,0.76865,0.76876,1.00,1.00
2016.05.18 20:43:42.457,0.76866,0.76878,1.00,1.12
2016.05.18 20:43:43.156,0.76865,0.76877,1.50,1.00
2016.05.18 20:43:47.978,0.76864,0.76876,1.50,1.00
2016.05.18 20:43:48.333,0.76864,0.76874,1.00,1.00
2016.05.18 20:43:53.567,0.76863,0.76873,1.00,1.00
2016.05.18 20:43:56.163,0.76863,0.76875,1.00,1.00
2016.05.18 20:43:57.165,0.76863,0.76873,1.00,1.00
2016.05.18 20:44:01.358,0.76863,0.76875,1.00,1.00
2016.05.18 20:44:05.497,0.76862,0.76874,1.69,1.00
2016.05.18 20:44:07.880,0.76863,0.76875,1.00,1.00
2016.05.18 20:44:08.032,0.76865,0.76875,1.00,1.00
2016.05.18 20:44:08.083,0.76865,0.76877,1.50,1.00
2016.05.18 20:44:08.135,0.76867,0.76877,1.00,1.00
2016.05.18 20:44:08.581,0.76869,0.76878,1.00,1.00
2016.05.18 20:44:09.091,0.76869,0.76879,1.00,1.00
2016.05.18 20:44:19.994,0.76867,0.76879,1.25,1.25
2016.05.18 20:44:20.046,0.76865,0.76877,3.56,1.00
2016.05.18 20:44:25.141,0.76865,0.76877,2.44,1.00
2016.05.18 20:44:28.789,0.76868,0.76877,1.00,1.00
2016.05.18 20:44:28.840,0.76869,0.76879,1.00,1.25
2016.05.18 20:44:28.891,0.76869,0.76879,1.19,1.00
2016.05.18 20:44:29.200,0.76869,0.76881,1.19,1.00
2016.05.18 20:44:38.239,0.76868,0.7688,2.81,1.00
2016.05.18 20:44:39.115,0.76868,0.7688,1.25,1.25
2016.05.18 20:44:39.553,0.76866,0.76878,1.31,1.00
2016.05.18 20:44:40.833,0.76865,0.76877,2.81,1.00
2016.05.18 20:44:43.079,0.76865,0.76877,1.19,1.00
2016.05.18 20:45:00.123,0.76865,0.76877,1.31,1.00
2016.05.18 20:45:04.319,0.76865,0.76877,2.81,1.00
2016.05.18 20:45:13.055,0.76867,0.76878,1.31,1.00
2016.05.18 20:45:16.201,0.76867,0.76877,1.25,1.00
2016.05.18 20:45:17.007,0.76866,0.76878,1.69,1.00
2016.05.18 20:45:17.517,0.76867,0.76879,1.25,1.00
2016.05.18 20:45:18.026,0.76867,0.76878,1.25,1.00
2016.05.18 20:45:18.568,0.76868,0.76878,1.00,1.00
2016.05.18 20:45:22.404,0.76866,0.76878,3.56,1.00
2016.05.18 20:45:27.351,0.76867,0.76881,2.06,1.00
2016.05.18 20:45:31.221,0.76867,0.76882,2.81,2.44
2016.05.18 20:45:31.323,0.76868,0.7688,1.00,1.00
2016.05.18 20:45:31.851,0.76872,0.76884,1.19,1.50
2016.05.18 20:45:32.309,0.76874,0.76886,1.00,1.00
2016.05.18 20:45:32.855,0.76873,0.76885,2.06,1.00
2016.05.18 20:45:34.853,0.76874,0.76886,1.00,1.00
2016.05.18 20:45:36.182,0.76874,0.76885,1.00,1.00
2016.05.18 20:45:36.334,0.76872,0.76883,2.06,1.00
2016.05.18 20:45:36.868,0.76872,0.76883,1.69,1.00
2016.05.18 20:45:42.755,0.76872,0.76882,1.25,1.00
2016.05.18 20:45:43.338,0.76872,0.76883,1.25,1.00
2016.05.18 20:45:46.629,0.76872,0.76882,1.25,1.00
2016.05.18 20:45:50.099,0.76871,0.76882,1.12,1.00
2016.05.18 20:45:50.420,0.76872,0.76884,1.19,1.00
2016.05.18 20:45:51.283,0.76872,0.76884,1.69,1.00
2016.05.18 20:45:51.796,0.76874,0.76885,1.19,1.00
2016.05.18 20:45:52.305,0.76874,0.76886,1.69,1.00
2016.05.18 20:45:54.355,0.76874,0.76886,1.25,1.69
2016.05.18 20:45:54.659,0.76874,0.76884,1.25,1.00
2016.05.18 20:45:55.243,0.76873,0.76884,1.00,1.00
2016.05.18 20:45:55.751,0.76873,0.76883,1.00,1.00
2016.05.18 20:45:56.279,0.76873,0.76884,1.00,1.00
2016.05.18 20:45:56.798,0.76873,0.76883,1.00,1.00
2016.05.18 20:45:57.300,0.76871,0.76883,2.06,1.00
2016.05.18 20:46:12.840,0.76871,0.76883,1.69,1.00
2016.05.18 20:46:13.879,0.7687,0.76882,3.56,1.00
2016.05.18 20:46:20.867,0.76871,0.76883,1.69,1.00
2016.05.18 20:46:25.124,0.76872,0.76883,1.00,1.00
2016.05.18 20:46:33.012,0.76871,0.76881,1.25,1.00
2016.05.18 20:46:35.737,0.76872,0.76881,1.00,1.00
2016.05.18 20:46:35.939,0.76872,0.76883,1.19,1.00
2016.05.18 20:46:36.041,0.76871,0.76883,2.62,1.00
2016.05.18 20:46:36.566,0.76871,0.76882,1.87,1.00
2016.05.18 20:46:39.058,0.7687,0.76882,1.50,1.69
2016.05.18 20:46:39.211,0.7687,0.7688,1.00,1.00
2016.05.18 20:46:39.516,0.76868,0.76878,1.00,1.00
2016.05.18 20:46:39.567,0.76866,0.76878,1.50,1.00
2016.05.18 20:46:41.832,0.76865,0.76875,1.00,1.00
2016.05.18 20:46:42.567,0.76865,0.76876,1.50,1.00
2016.05.18 20:46:42.873,0.76865,0.76874,1.50,1.00
2016.05.18 20:46:43.122,0.76865,0.76876,1.50,1.00
2016.05.18 20:46:54.062,0.76865,0.76877,2.25,1.00
2016.05.18 20:46:54.696,0.76865,0.76877,2.62,1.00
2016.05.18 20:46:55.645,0.76866,0.76878,1.12,1.50
2016.05.18 20:47:04.538,0.76865,0.76877,3.19,1.00
2016.05.18 20:47:04.899,0.76867,0.76877,1.00,1.00
2016.05.18 20:47:05.155,0.76867,0.76879,1.50,1.00
2016.05.18 20:47:05.667,0.76868,0.7688,1.25,1.00
2016.05.18 20:47:09.481,0.76867,0.76879,2.44,1.00
2016.05.18 20:47:10.881,0.76866,0.76878,3.56,1.00
2016.05.18 20:47:13.593,0.76867,0.76879,2.81,1.00
2016.05.18 20:47:14.811,0.76867,0.76878,2.44,1.00
2016.05.18 20:47:20.762,0.76868,0.76879,1.00,1.00
2016.05.18 20:47:21.968,0.76867,0.76878,1.00,1.00
2016.05.18 20:47:22.501,0.76866,0.76878,3.37,1.00
2016.05.18 20:47:25.675,0.76868,0.76878,1.00,1.00
2016.05.18 20:47:26.687,0.76866,0.76878,2.62,1.00
2016.05.18 20:47:27.705,0.76866,0.76876,1.87,1.00
2016.05.18 20:47:28.383,0.76864,0.76876,1.00,1.00
2016.05.18 20:47:32.245,0.76865,0.76877,1.00,1.00
2016.05.18 20:47:38.157,0.76867,0.76877,1.00,1.00
2016.05.18 20:47:40.042,0.76865,0.76877,2.25,1.00
2016.05.18 20:47:40.720,0.76866,0.76878,1.00,1.87
2016.05.18 20:47:45.095,0.76866,0.76876,1.00,1.00
2016.05.18 20:47:45.146,0.76864,0.76875,1.00,1.25
2016.05.18 20:47:45.197,0.76864,0.76873,1.00,1.87
2016.05.18 20:47:45.248,0.76858,0.7687,2.25,1.00
2016.05.18 20:47:45.756,0.76859,0.76869,1.00,1.00
2016.05.18 20:47:46.141,0.76857,0.76869,1.25,1.00
2016.05.18 20:47:46.557,0.76857,0.76867,1.69,1.00
2016.05.18 20:47:47.068,0.76858,0.76867,1.00,1.00
2016.05.18 20:47:47.589,0.76857,0.76867,1.69,1.00
2016.05.18 20:47:48.127,0.76858,0.76867,1.00,1.00
2016.05.18 20:47:48.997,0.76857,0.76867,2.44,1.00
2016.05.18 20:47:50.433,0.76859,0.76869,1.00,1.00
2016.05.18 20:47:50.637,0.7686,0.76872,1.00,1.25
2016.05.18 20:47:51.147,0.76861,0.76872,1.00,1.00
2016.05.18 20:47:51.702,0.7686,0.76872,1.00,1.00
2016.05.18 20:47:56.271,0.76859,0.76871,1.50,1.00
2016.05.18 20:47:56.475,0.76857,0.76869,1.50,1.00
2016.05.18 20:47:56.984,0.76857,0.76868,1.00,1.00
2016.05.18 20:47:57.500,0.76857,0.76869,1.50,1.00
2016.05.18 20:47:57.810,0.76859,0.76871,1.00,1.00
2016.05.18 20:48:02.079,0.76858,0.76868,1.00,1.00
2016.05.18 20:48:03.325,0.76856,0.76868,1.00,1.50
2016.05.18 20:48:03.832,0.76855,0.76867,1.69,1.00
2016.05.18 20:48:06.983,0.76854,0.76866,1.50,1.00
2016.05.18 20:48:09.368,0.76853,0.76865,1.00,1.00
2016.05.18 20:48:14.581,0.76853,0.76863,1.50,1.00
2016.05.18 20:48:15.455,0.76853,0.76865,3.00,1.00
2016.05.18 20:48:16.064,0.76853,0.76864,1.00,1.00
2016.05.18 20:48:19.874,0.76853,0.76865,1.50,1.00
2016.05.18 20:48:23.980,0.76853,0.76863,1.50,1.00
2016.05.18 20:48:24.284,0.76853,0.76865,1.50,1.12
2016.05.18 20:48:25.698,0.76853,0.76864,1.00,1.00
2016.05.18 20:48:26.390,0.76853,0.76865,1.50,1.00
2016.05.18 20:48:30.800,0.76853,0.76864,1.00,1.00
2016.05.18 20:48:31.587,0.76853,0.76863,1.00,1.00
2016.05.18 20:48:32.156,0.76852,0.76863,1.00,1.00
2016.05.18 20:48:32.207,0.76852,0.76861,1.00,1.00
2016.05.18 20:48:32.512,0.7685,0.76861,1.00,1.00
2016.05.18 20:48:33.057,0.76849,0.76861,2.25,1.00
2016.05.18 20:48:33.565,0.7685,0.76861,1.00,1.00
2016.05.18 20:48:34.105,0.7685,0.76862,2.25,1.00
2016.05.18 20:48:34.610,0.7685,0.76861,1.50,1.00
2016.05.18 20:48:35.159,0.76851,0.76862,1.00,1.00
2016.05.18 20:48:37.466,0.76852,0.76862,1.00,1.00
2016.05.18 20:48:39.295,0.76851,0.76862,1.00,1.00
2016.05.18 20:48:39.603,0.76849,0.76861,2.25,1.00
2016.05.18 20:48:39.756,0.7685,0.76859,1.00,1.00
2016.05.18 20:48:40.731,0.76849,0.76859,1.50,1.00
2016.05.18 20:48:41.624,0.7685,0.76859,1.00,1.00
2016.05.18 20:48:41.777,0.76848,0.76858,1.00,1.00
2016.05.18 20:48:41.829,0.76846,0.76858,1.50,1.00
2016.05.18 20:48:42.340,0.76846,0.76857,1.00,1.50
2016.05.18 20:48:42.847,0.76847,0.76857,1.00,1.50
2016.05.18 20:48:44.179,0.76846,0.76857,1.00,2.81
2016.05.18 20:48:44.434,0.76846,0.76857,1.00,2.81
2016.05.18 20:48:45.979,0.76846,0.76855,1.00,1.00
2016.05.18 20:48:46.489,0.76846,0.76855,1.00,1.19
2016.05.18 20:48:47.340,0.76842,0.76856,1.50,2.06
2016.05.18 20:48:50.537,0.76843,0.76855,1.50,1.31
2016.05.18 20:48:54.333,0.76843,0.76856,1.12,2.81
2016.05.18 20:48:55.234,0.76844,0.76857,2.25,2.62
2016.05.18 20:48:55.761,0.76844,0.76857,2.62,1.87
2016.05.18 20:48:57.309,0.76844,0.76857,1.87,2.25
2016.05.18 20:49:00.129,0.76845,0.76857,1.00,3.19
2016.05.18 20:49:00.634,0.76845,0.76857,2.25,1.12
2016.05.18 20:49:01.875,0.76846,0.76859,1.00,2.44
2016.05.18 20:49:03.174,0.76846,0.76855,1.00,1.00
2016.05.18 20:49:03.479,0.7684,0.7685,1.19,2.25
2016.05.18 20:49:03.936,0.7684,0.7685,1.69,2.25
2016.05.18 20:49:04.195,0.7684,0.76853,1.69,1.75
2016.05.18 20:49:04.741,0.76841,0.76853,1.19,1.75
2016.05.18 20:49:04.962,0.76841,0.76853,1.25,2.25
2016.05.18 20:49:05.951,0.76842,0.76853,1.00,2.25
2016.05.18 20:49:06.312,0.7684,0.76853,1.87,2.00
2016.05.18 20:49:06.516,0.7684,0.76853,2.06,1.75
2016.05.18 20:49:07.039,0.76842,0.76853,1.25,2.25
2016.05.18 20:49:07.541,0.76842,0.76853,1.25,2.25
2016.05.18 20:49:12.801,0.76841,0.76852,1.00,2.44
2016.05.18 20:49:12.903,0.76837,0.76849,1.00,1.00
2016.05.18 20:49:13.413,0.76837,0.7685,1.50,1.01
2016.05.18 20:49:13.515,0.76837,0.7685,1.00,1.76
2016.05.18 20:49:14.612,0.76837,0.7685,2.25,1.00
2016.05.18 20:49:19.192,0.76837,0.76849,1.00,1.00
2016.05.18 20:49:19.699,0.76837,0.7685,1.00,1.01
2016.05.18 20:49:20.829,0.76837,0.7685,1.00,1.19
2016.05.18 20:49:21.337,0.76836,0.7685,2.25,1.20
2016.05.18 20:49:21.883,0.76837,0.76848,1.00,1.00
2016.05.18 20:49:23.081,0.76836,0.76848,1.00,1.00
2016.05.18 20:49:24.086,0.76837,0.76848,1.50,1.00
2016.05.18 20:49:24.392,0.76838,0.7685,1.00,2.32
2016.05.18 20:49:25.367,0.76837,0.7685,1.00,2.81
2016.05.18 20:49:25.787,0.76839,0.7685,1.00,1.12
2016.05.18 20:49:26.245,0.7684,0.7685,1.00,2.25
2016.05.18 20:49:26.296,0.76837,0.7685,1.00,3.00
2016.05.18 20:49:26.399,0.76835,0.76847,1.00,1.50
2016.05.18 20:49:26.829,0.76834,0.76846,1.00,1.62
2016.05.18 20:49:27.338,0.76833,0.76846,2.25,1.62
2016.05.18 20:49:27.846,0.76832,0.76846,2.44,1.62
2016.05.18 20:49:28.603,0.76832,0.76844,1.00,1.00
2016.05.18 20:49:28.908,0.76832,0.76845,1.00,1.31
2016.05.18 20:49:30.191,0.76832,0.76845,1.00,1.25
2016.05.18 20:49:30.954,0.76833,0.76846,1.50,1.19
2016.05.18 20:49:32.267,0.76833,0.76847,1.37,1.19
2016.05.18 20:49:34.146,0.76836,0.76847,1.00,1.19
2016.05.18 20:49:38.421,0.76835,0.76847,1.00,1.19
2016.05.18 20:49:40.626,0.76834,0.76848,1.00,2.06
2016.05.18 20:49:41.726,0.76835,0.76848,1.00,2.06
2016.05.18 20:49:42.588,0.76835,0.76848,1.00,1.12
2016.05.18 20:49:42.844,0.76837,0.76851,1.00,2.70
2016.05.18 20:49:43.150,0.76839,0.76851,1.00,1.69
2016.05.18 20:49:43.659,0.7684,0.76851,1.00,1.50
2016.05.18 20:49:44.291,0.7684,0.76852,1.00,1.69
2016.05.18 20:49:44.818,0.7684,0.76852,1.00,2.06
2016.05.18 20:49:45.864,0.76839,0.76852,1.00,2.81
2016.05.18 20:49:46.388,0.7684,0.76852,1.00,2.06
2016.05.18 20:49:51.361,0.76839,0.76852,1.00,1.19
2016.05.18 20:49:51.869,0.76839,0.7685,1.00,1.00
2016.05.18 20:49:55.237,0.76839,0.76851,1.00,1.31
2016.05.18 20:49:55.746,0.7684,0.76851,1.00,1.31
2016.05.18 20:49:56.076,0.76838,0.7685,1.00,1.00
2016.05.18 20:49:56.127,0.76838,0.7685,1.00,1.19
2016.05.18 20:49:56.636,0.76837,0.76849,1.00,1.31
2016.05.18 20:50:00.881,0.76838,0.76851,1.00,1.31
2016.05.18 20:50:01.453,0.76839,0.76852,1.00,2.06
2016.05.18 20:50:01.504,0.76839,0.76852,1.00,2.06
2016.05.18 20:50:01.861,0.76841,0.76852,1.00,1.25
2016.05.18 20:50:02.964,0.76841,0.76852,1.00,1.69
2016.05.18 20:50:04.836,0.76841,0.76852,1.00,1.69
2016.05.18 20:50:05.481,0.76842,0.76854,1.00,1.69
2016.05.18 20:50:06.141,0.76842,0.76854,1.00,1.00
2016.05.18 20:50:07.443,0.76842,0.76854,1.19,1.00
2016.05.18 20:50:07.952,0.76844,0.76855,1.00,1.12
2016.05.18 20:50:09.633,0.76843,0.76855,1.25,1.00
2016.05.18 20:50:11.338,0.76843,0.76851,1.25,1.00
2016.05.18 20:50:11.441,0.76837,0.76851,2.44,2.25
2016.05.18 20:50:11.900,0.76836,0.76848,1.19,1.00
2016.05.18 20:50:12.407,0.76836,0.76848,1.19,1.50
2016.05.18 20:50:15.818,0.76835,0.76848,1.00,1.37
2016.05.18 20:50:16.835,0.76835,0.76848,3.94,2.25
2016.05.18 20:50:17.624,0.76837,0.76848,1.00,3.00
2016.05.18 20:50:21.124,0.76837,0.76849,1.69,1.75
2016.05.18 20:50:23.437,0.76839,0.76849,1.00,1.75
2016.05.18 20:50:28.289,0.76839,0.76849,1.00,1.12
2016.05.18 20:50:28.546,0.76839,0.7685,1.37,1.50
2016.05.18 20:50:28.750,0.7684,0.76852,1.00,1.75
2016.05.18 20:50:29.005,0.7684,0.76852,1.00,1.37
2016.05.18 20:50:34.875,0.7684,0.7685,1.00,1.00
2016.05.18 20:50:34.977,0.76838,0.7685,1.25,1.87
2016.05.18 20:50:36.951,0.76839,0.7685,1.00,1.12
2016.05.18 20:50:37.918,0.76839,0.76851,1.00,1.12
2016.05.18 20:50:38.506,0.76838,0.7685,1.00,1.00
2016.05.18 20:50:56.177,0.76839,0.76851,1.00,1.87
2016.05.18 20:50:59.739,0.76839,0.76849,1.00,1.00
2016.05.18 20:51:00.828,0.76839,0.76851,1.00,1.87
2016.05.18 20:51:03.331,0.76838,0.7685,1.00,1.00
2016.05.18 20:51:05.759,0.76839,0.76851,1.00,1.00
2016.05.18 20:51:06.559,0.76838,0.7685,1.00,1.00
2016.05.18 20:51:07.016,0.76837,0.76849,1.00,2.25
2016.05.18 20:51:07.559,0.76836,0.76848,1.76,1.12
2016.05.18 20:51:10.634,0.76835,0.76847,1.25,1.00
2016.05.18 20:51:10.957,0.76837,0.76849,2.25,1.00
2016.05.18 20:51:11.263,0.76839,0.76849,1.00,1.00
2016.05.18 20:51:14.746,0.76836,0.76848,1.69,1.00
2016.05.18 20:51:15.275,0.76837,0.76849,1.69,1.00
2016.05.18 20:51:15.427,0.76837,0.76847,1.69,1.00
2016.05.18 20:51:16.487,0.76836,0.76847,1.00,1.00
2016.05.18 20:51:18.863,0.76837,0.76847,1.00,1.00
2016.05.18 20:51:20.333,0.76839,0.76849,1.00,1.00
2016.05.18 20:51:20.436,0.76839,0.76851,1.25,1.00
2016.05.18 20:51:21.445,0.7684,0.76852,1.00,1.00
2016.05.18 20:51:24.138,0.76839,0.76851,1.31,1.00
2016.05.18 20:51:31.561,0.76839,0.76851,1.62,1.00
2016.05.18 20:51:32.654,0.76839,0.76851,1.25,1.00
2016.05.18 20:51:34.770,0.76841,0.76851,1.00,1.00
2016.05.18 20:51:40.793,0.7684,0.7685,1.12,1.00
2016.05.18 20:51:45.498,0.76839,0.76848,1.25,1.00
2016.05.18 20:51:45.868,0.76838,0.7685,1.69,1.00
2016.05.18 20:51:49.923,0.76839,0.7685,1.37,1.00
2016.05.18 20:51:50.301,0.76842,0.76851,2.06,1.00
2016.05.18 20:51:50.608,0.76844,0.76851,1.94,1.00
2016.05.18 20:51:50.812,0.76844,0.76855,1.69,1.00
2016.05.18 20:51:51.320,0.76844,0.76856,1.69,1.00
2016.05.18 20:51:51.807,0.76845,0.76856,2.44,1.00
2016.05.18 20:51:52.151,0.76845,0.76854,1.69,1.00
2016.05.18 20:51:52.659,0.76845,0.76855,1.69,1.00
2016.05.18 20:51:53.166,0.76845,0.76855,1.00,1.00
2016.05.18 20:51:53.672,0.76845,0.76856,1.00,1.00
2016.05.18 20:51:54.431,0.76844,0.76856,2.44,1.00
2016.05.18 20:51:54.939,0.76844,0.76854,1.50,1.00
2016.05.18 20:51:59.824,0.76845,0.76854,1.00,1.00
2016.05.18 20:52:01.044,0.76844,0.76854,1.50,1.00
2016.05.18 20:52:08.034,0.76843,0.76855,2.44,1.00
2016.05.18 20:52:11.158,0.76843,0.76854,1.69,1.00
2016.05.18 20:52:13.335,0.76843,0.76855,3.19,1.00
2016.05.18 20:52:13.640,0.76845,0.76856,1.50,1.00
2016.05.18 20:52:14.174,0.76845,0.76855,1.50,1.00
2016.05.18 20:52:15.661,0.76845,0.76857,2.25,1.00
2016.05.18 20:52:17.467,0.76846,0.76857,1.00,1.00
2016.05.18 20:52:17.772,0.76845,0.76855,1.50,1.00
2016.05.18 20:52:18.273,0.76843,0.76855,2.06,1.00
2016.05.18 20:52:20.320,0.76845,0.76855,1.00,1.00
2016.05.18 20:52:21.623,0.76844,0.76855,1.25,1.00
2016.05.18 20:52:23.325,0.76849,0.76855,1.00,1.00
2016.05.18 20:52:23.377,0.76849,0.76858,1.00,1.00
2016.05.18 20:52:23.907,0.76849,0.76859,1.00,1.50
2016.05.18 20:52:26.639,0.76849,0.7686,1.00,1.25
2016.05.18 20:52:30.742,0.76849,0.76858,1.00,1.00
2016.05.18 20:52:32.181,0.76849,0.7686,1.00,1.00
2016.05.18 20:52:32.687,0.76849,0.76861,1.50,1.50
2016.05.18 20:52:32.798,0.76849,0.76859,1.00,1.00
2016.05.18 20:52:32.849,0.76847,0.76859,1.25,1.50
2016.05.18 20:52:33.053,0.76845,0.76856,1.19,1.00
2016.05.18 20:52:33.961,0.76847,0.76856,1.37,1.00
2016.05.18 20:52:34.165,0.76846,0.76856,1.00,1.00
2016.05.18 20:52:34.696,0.76845,0.76856,1.25,1.00
2016.05.18 20:52:34.848,0.76847,0.76856,1.69,1.00
2016.05.18 20:52:35.356,0.76846,0.76856,1.19,1.00
2016.05.18 20:52:35.559,0.76845,0.76856,1.25,1.00
2016.05.18 20:52:36.068,0.76845,0.76855,1.00,1.00
2016.05.18 20:52:36.860,0.76845,0.76856,1.25,1.00
2016.05.18 20:52:37.385,0.76846,0.76856,1.00,1.00
2016.05.18 20:52:39.952,0.76845,0.76856,1.25,1.00
2016.05.18 20:52:40.704,0.76844,0.76856,1.12,1.50
2016.05.18 20:52:40.755,0.76843,0.76854,1.62,1.00
2016.05.18 20:52:41.701,0.76842,0.76854,2.44,1.50
2016.05.18 20:52:45.195,0.76842,0.76854,1.31,1.50
2016.05.18 20:52:47.002,0.76841,0.76853,2.44,1.00
2016.05.18 20:52:47.644,0.76842,0.76853,1.37,1.50
2016.05.18 20:52:48.164,0.76841,0.76853,2.44,1.50
2016.05.18 20:52:48.702,0.76843,0.76853,1.00,1.50
2016.05.18 20:52:55.982,0.76841,0.76853,1.62,1.50
2016.05.18 20:52:56.522,0.7684,0.76852,1.31,1.00
2016.05.18 20:52:57.970,0.76842,0.76852,1.00,1.00
2016.05.18 20:52:58.474,0.76839,0.76851,2.44,1.00
2016.05.18 20:52:58.781,0.76841,0.76851,2.06,1.00
2016.05.18 20:52:58.882,0.76841,0.76853,3.56,1.00
2016.05.18 20:52:58.934,0.76849,0.76857,1.19,1.00
2016.05.18 20:52:58.985,0.76852,0.76856,1.25,1.00
2016.05.18 20:52:59.087,0.76856,0.76862,1.00,1.00
2016.05.18 20:52:59.189,0.76859,0.76868,1.00,1.50
2016.05.18 20:52:59.241,0.76859,0.76864,1.00,1.00
2016.05.18 20:52:59.292,0.76859,0.76868,1.00,1.00
2016.05.18 20:52:59.344,0.76857,0.76861,1.00,1.00
2016.05.18 20:52:59.696,0.76858,0.76865,1.00,1.00
2016.05.18 20:52:59.798,0.76858,0.76863,1.00,1.00
2016.05.18 20:53:00.255,0.76858,0.76865,1.00,1.00
2016.05.18 20:53:00.615,0.76858,0.76866,1.00,2.25
2016.05.18 20:53:00.768,0.76853,0.76863,1.00,1.12
2016.05.18 20:53:00.870,0.7685,0.76862,1.00,1.00
2016.05.18 20:53:00.973,0.7685,0.7686,1.00,1.00
2016.05.18 20:53:03.603,0.76846,0.76861,1.25,2.44
2016.05.18 20:53:04.519,0.76846,0.76861,1.25,2.81
2016.05.18 20:53:05.331,0.76848,0.76858,1.00,1.00
2016.05.18 20:53:07.442,0.76848,0.7686,1.00,1.50
2016.05.18 20:53:08.135,0.76849,0.76861,1.00,2.25
2016.05.18 20:53:08.653,0.76848,0.7686,1.00,1.00
2016.05.18 20:53:09.212,0.76849,0.76861,1.00,1.00
2016.05.18 20:53:10.251,0.7685,0.76862,1.00,1.50
2016.05.18 20:53:10.806,0.76851,0.76862,1.00,1.00
2016.05.18 20:53:12.356,0.7685,0.76862,1.00,2.25
2016.05.18 20:53:12.662,0.7685,0.7686,1.00,1.00
2016.05.18 20:53:15.036,0.7685,0.76859,1.00,1.00
2016.05.18 20:53:15.341,0.7685,0.76862,1.00,1.25
2016.05.18 20:53:15.475,0.76852,0.76862,1.00,1.25
2016.05.18 20:53:15.731,0.7685,0.76861,1.12,1.00
2016.05.18 20:53:16.240,0.7685,0.76862,1.00,1.25
2016.05.18 20:53:16.749,0.76851,0.76863,1.00,1.69
2016.05.18 20:53:17.308,0.76851,0.7686,1.00,1.00
2016.05.18 20:53:17.665,0.7685,0.76862,1.00,1.25
2016.05.18 20:53:18.174,0.76851,0.76863,1.00,2.06
2016.05.18 20:53:18.937,0.76852,0.76863,1.00,1.19
2016.05.18 20:53:19.447,0.76851,0.76863,1.00,1.69
2016.05.18 20:53:19.958,0.76851,0.76863,1.12,1.00
2016.05.18 20:53:20.477,0.76852,0.76864,1.12,1.00
2016.05.18 20:53:21.729,0.76852,0.76862,1.00,1.00
2016.05.18 20:53:22.160,0.76853,0.76865,1.00,1.50
2016.05.18 20:53:22.667,0.76852,0.76864,1.25,1.00
2016.05.18 20:53:23.023,0.76854,0.76865,1.00,1.00
2016.05.18 20:53:23.530,0.76854,0.76866,1.12,1.50
2016.05.18 20:53:24.230,0.76853,0.76865,1.50,1.00
2016.05.18 20:53:27.647,0.76854,0.76866,1.00,1.50
2016.05.18 20:53:28.156,0.76853,0.76865,1.00,1.50
2016.05.18 20:53:29.052,0.76853,0.76863,1.00,1.00
2016.05.18 20:53:29.357,0.7685,0.76862,1.00,1.00
2016.05.18 20:53:29.859,0.76851,0.76863,1.00,1.69
2016.05.18 20:53:30.165,0.76849,0.76861,1.00,1.50
2016.05.18 20:53:30.673,0.76848,0.7686,1.00,1.00
2016.05.18 20:53:36.438,0.76847,0.76859,1.00,1.00
2016.05.18 20:53:39.346,0.76847,0.76858,1.00,1.00
2016.05.18 20:53:39.581,0.76845,0.76857,1.00,1.00
2016.05.18 20:53:40.275,0.76844,0.76856,1.00,1.00
2016.05.18 20:53:42.581,0.76846,0.76856,1.00,1.00
2016.05.18 20:53:43.116,0.76847,0.76857,1.00,1.00
2016.05.18 20:53:47.271,0.76845,0.76857,1.00,1.00
2016.05.18 20:53:55.751,0.76846,0.76857,1.00,1.00
2016.05.18 20:53:56.591,0.76846,0.76856,1.00,1.00
2016.05.18 20:53:59.282,0.76844,0.76856,1.50,1.00
2016.05.18 20:53:59.885,0.76845,0.76857,1.50,1.50
2016.05.18 20:54:00.392,0.76846,0.76858,1.25,1.50
2016.05.18 20:54:01.325,0.76847,0.76859,1.00,1.00
2016.05.18 20:54:01.836,0.76848,0.7686,1.00,2.62
2016.05.18 20:54:02.927,0.76848,0.7686,1.00,2.25
2016.05.18 20:54:10.144,0.76848,0.7686,1.25,1.00
2016.05.18 20:54:13.940,0.76847,0.76859,1.25,1.00
2016.05.18 20:54:14.461,0.76846,0.76858,2.06,1.00
2016.05.18 20:54:15.330,0.76847,0.76859,1.69,1.00
2016.05.18 20:54:15.971,0.76847,0.76859,1.69,1.50
2016.05.18 20:54:23.239,0.76847,0.76859,1.25,1.87
2016.05.18 20:54:32.281,0.76846,0.76858,1.19,1.00
2016.05.18 20:54:32.484,0.76846,0.76858,1.19,2.25
2016.05.18 20:54:32.992,0.76845,0.76857,1.19,1.75
2016.05.18 20:54:35.473,0.76845,0.76857,1.19,1.75
2016.05.18 20:54:38.226,0.76845,0.76855,1.19,1.00
2016.05.18 20:54:40.603,0.76845,0.76855,1.25,1.00
2016.05.18 20:54:41.188,0.76844,0.76856,1.19,1.75
2016.05.18 20:54:42.144,0.76844,0.76855,1.00,1.50
2016.05.18 20:54:42.693,0.76843,0.76855,1.25,2.25
2016.05.18 20:54:43.106,0.7684,0.76852,1.69,1.50
2016.05.18 20:54:43.412,0.76838,0.7685,1.19,1.00
2016.05.18 20:54:43.666,0.76838,0.7685,1.69,1.00
2016.05.18 20:54:44.556,0.7684,0.76851,1.25,1.00
2016.05.18 20:54:45.064,0.76839,0.76851,1.00,1.50
2016.05.18 20:54:46.217,0.76839,0.7685,1.00,1.00
2016.05.18 20:54:46.747,0.76837,0.76849,1.19,1.00
2016.05.18 20:54:49.363,0.76838,0.7685,1.25,1.50
2016.05.18 20:54:50.680,0.76839,0.7685,1.00,1.00
2016.05.18 20:54:52.019,0.76839,0.76851,1.00,1.87
2016.05.18 20:54:52.571,0.76838,0.7685,1.25,1.00
2016.05.18 20:54:54.977,0.7684,0.7685,1.00,1.00
2016.05.18 20:54:56.563,0.76839,0.76849,1.00,1.00
2016.05.18 20:54:57.214,0.76839,0.76846,1.00,1.00
2016.05.18 20:54:57.748,0.76838,0.76846,1.00,1.00
2016.05.18 20:55:00.008,0.76837,0.76846,1.00,1.00
2016.05.18 20:55:01.221,0.76837,0.76847,1.00,1.76
2016.05.18 20:55:07.221,0.76837,0.76846,1.00,1.00
2016.05.18 20:55:09.026,0.76838,0.7685,1.00,1.50
2016.05.18 20:55:10.130,0.7684,0.7685,1.00,1.50
2016.05.18 20:55:10.861,0.76837,0.76849,1.00,1.00
2016.05.18 20:55:11.412,0.76836,0.76848,1.00,1.50
2016.05.18 20:55:18.925,0.76836,0.76846,1.00,1.00
2016.05.18 20:55:19.251,0.76836,0.76848,1.00,1.50
2016.05.18 20:55:29.756,0.76835,0.76847,1.19,1.00
2016.05.18 20:55:32.852,0.76836,0.76848,1.25,1.50
2016.05.18 20:55:38.722,0.76836,0.76848,1.69,1.00
2016.05.18 20:55:38.824,0.76838,0.7685,1.00,1.00
2016.05.18 20:55:39.332,0.76839,0.76851,1.00,1.50
2016.05.18 20:55:41.529,0.76838,0.7685,1.00,1.00
2016.05.18 20:55:42.036,0.76839,0.76851,1.00,1.50
2016.05.18 20:55:42.571,0.76838,0.7685,1.00,1.00
2016.05.18 20:55:44.440,0.76838,0.76848,1.00,1.00
2016.05.18 20:55:44.542,0.76836,0.76847,1.00,1.00
2016.05.18 20:55:44.969,0.76834,0.76846,1.00,1.50
2016.05.18 20:55:45.939,0.76834,0.76845,1.00,1.00
2016.05.18 20:55:48.195,0.76833,0.76845,1.00,1.50
2016.05.18 20:56:00.558,0.76835,0.76846,1.00,1.12
2016.05.18 20:56:00.932,0.76838,0.76848,1.00,1.00
2016.05.18 20:56:01.464,0.76838,0.76849,1.00,1.00
2016.05.18 20:56:02.169,0.76837,0.76849,1.00,1.50
2016.05.18 20:56:07.150,0.7684,0.76852,1.00,1.00
2016.05.18 20:56:07.458,0.76843,0.76855,1.00,1.00
2016.05.18 20:56:07.987,0.76844,0.76854,1.00,1.00
2016.05.18 20:56:09.841,0.76844,0.76855,1.00,1.50
2016.05.18 20:56:11.031,0.76846,0.76855,1.00,1.00
2016.05.18 20:56:12.650,0.76844,0.76855,1.00,1.00
2016.05.18 20:56:12.855,0.76843,0.76852,1.00,1.00
2016.05.18 20:56:12.957,0.76841,0.76851,1.00,1.00
2016.05.18 20:56:13.059,0.76839,0.76851,1.00,1.50
2016.05.18 20:56:17.061,0.7684,0.76852,1.00,1.00
2016.05.18 20:56:30.159,0.76842,0.76851,1.00,1.00
2016.05.18 20:56:32.999,0.7684,0.76851,1.00,1.00
2016.05.18 20:56:34.080,0.7684,0.76852,1.00,1.00
2016.05.18 20:56:34.937,0.76841,0.76853,1.00,1.12
2016.05.18 20:56:36.822,0.76841,0.76851,1.00,1.00
2016.05.18 20:56:37.342,0.76842,0.76852,1.00,1.00
2016.05.18 20:56:41.329,0.76841,0.76851,1.00,1.00
2016.05.18 20:56:41.635,0.76841,0.76853,1.00,1.00
2016.05.18 20:56:43.963,0.76843,0.76853,1.00,1.00
2016.05.18 20:56:44.637,0.76841,0.76853,1.00,1.00
2016.05.18 20:56:45.582,0.76842,0.76854,1.00,1.00
2016.05.18 20:56:48.850,0.76841,0.76853,1.50,1.00
2016.05.18 20:56:49.358,0.76842,0.76854,1.00,1.00
2016.05.18 20:56:51.556,0.76841,0.76851,1.00,1.00
2016.05.18 20:56:51.762,0.76842,0.76854,1.00,1.00
2016.05.18 20:56:55.871,0.76842,0.76852,1.00,1.00
2016.05.18 20:56:55.973,0.7684,0.76852,1.00,1.00
2016.05.18 20:56:56.484,0.76841,0.76853,1.00,1.00
2016.05.18 20:56:56.854,0.76841,0.76851,1.00,1.00
2016.05.18 20:56:57.166,0.76839,0.76851,1.00,1.00
2016.05.18 20:56:57.828,0.7684,0.76852,1.00,1.00
2016.05.18 20:56:59.778,0.7684,0.7685,1.00,1.00
2016.05.18 20:57:01.048,0.7684,0.76852,1.00,1.00
2016.05.18 20:57:06.072,0.7684,0.7685,1.00,1.00
2016.05.18 20:57:06.175,0.76837,0.76849,1.00,1.00
2016.05.18 20:57:06.481,0.76835,0.76847,1.00,1.00
2016.05.18 20:57:07.299,0.76835,0.76847,1.00,1.37
2016.05.18 20:57:08.341,0.76835,0.76847,1.00,1.50
2016.05.18 20:57:09.440,0.76835,0.76847,1.00,1.00
2016.05.18 20:57:11.680,0.76836,0.76848,1.00,1.50
2016.05.18 20:57:14.575,0.76835,0.76847,1.00,1.00
2016.05.18 20:57:15.161,0.76836,0.76848,1.00,1.50
2016.05.18 20:57:20.765,0.76836,0.76847,1.00,1.00
2016.05.18 20:57:21.800,0.76836,0.76848,1.50,1.00
2016.05.18 20:57:29.144,0.76837,0.76846,1.00,1.00
2016.05.18 20:57:32.727,0.76837,0.76847,1.50,1.00
2016.05.18 20:57:39.050,0.76837,0.76849,1.00,1.00
2016.05.18 20:57:39.153,0.7684,0.7685,1.00,1.00
2016.05.18 20:57:39.462,0.76837,0.76849,1.00,1.00
2016.05.18 20:57:39.666,0.76839,0.76851,1.00,1.00
2016.05.18 20:57:40.175,0.76838,0.7685,1.00,1.00
2016.05.18 20:57:40.783,0.76839,0.76851,1.00,1.00
2016.05.18 20:57:42.638,0.7684,0.76852,1.00,1.00
2016.05.18 20:57:43.863,0.76839,0.76851,1.00,1.00
2016.05.18 20:57:47.341,0.76838,0.7685,1.00,1.00
2016.05.18 20:57:47.683,0.76835,0.76847,1.50,1.00
2016.05.18 20:57:48.217,0.76834,0.76846,1.50,1.00
2016.05.18 20:57:50.683,0.76835,0.76847,1.00,1.00
2016.05.18 20:57:52.683,0.76834,0.76846,1.00,1.00
2016.05.18 20:57:54.523,0.76833,0.76845,1.00,1.00
2016.05.18 20:57:55.540,0.76834,0.76846,1.00,1.00
2016.05.18 20:57:55.854,0.76836,0.76846,1.00,1.00
2016.05.18 20:57:58.224,0.76836,0.76848,1.00,1.00
2016.05.18 20:57:58.416,0.76836,0.76846,1.00,1.00
2016.05.18 20:57:59.152,0.76836,0.76847,1.00,1.00
2016.05.18 20:58:00.065,0.76835,0.76847,1.00,1.50
2016.05.18 20:58:06.360,0.76836,0.76847,1.00,1.00
2016.05.18 20:58:11.155,0.76836,0.76848,1.00,1.75
2016.05.18 20:58:12.118,0.76836,0.76848,1.00,1.50
2016.05.18 20:58:13.064,0.76834,0.76846,1.00,1.00
2016.05.18 20:58:13.829,0.76835,0.76846,1.00,1.00
2016.05.18 20:58:14.134,0.76837,0.76849,1.00,1.75
2016.05.18 20:58:14.811,0.76833,0.76845,1.50,1.00
2016.05.18 20:58:15.065,0.76832,0.76842,1.00,1.00
2016.05.18 20:58:15.167,0.7683,0.76842,1.50,1.00
2016.05.18 20:58:15.371,0.76832,0.76842,1.00,1.00
2016.05.18 20:58:15.423,0.76832,0.76844,1.00,1.00
2016.05.18 20:58:15.677,0.76834,0.76846,1.00,1.50
2016.05.18 20:58:16.185,0.76833,0.76845,1.00,1.00
2016.05.18 20:58:18.079,0.76833,0.76844,1.00,1.00
2016.05.18 20:58:19.548,0.76835,0.76844,1.00,1.00
2016.05.18 20:58:20.037,0.76833,0.76844,1.00,1.00
2016.05.18 20:58:22.729,0.76833,0.76843,1.00,1.00
2016.05.18 20:58:26.344,0.76832,0.76843,1.00,1.00
2016.05.18 20:58:26.915,0.76833,0.76843,1.00,1.00
2016.05.18 20:58:27.587,0.76833,0.76842,1.00,1.00
2016.05.18 20:58:28.109,0.76833,0.76845,1.00,1.26
2016.05.18 20:58:28.617,0.76833,0.76845,1.00,1.26
2016.05.18 20:58:31.137,0.76834,0.76846,1.00,1.26
2016.05.18 20:58:31.667,0.76832,0.76843,1.00,1.00
2016.05.18 20:58:32.230,0.76832,0.76842,1.00,1.00
2016.05.18 20:58:32.766,0.76832,0.76843,1.00,1.00
2016.05.18 20:58:33.314,0.76832,0.76842,1.00,1.00
2016.05.18 20:58:33.827,0.76833,0.76843,1.00,1.50
2016.05.18 20:58:35.715,0.76833,0.76844,1.00,1.00
2016.05.18 20:58:36.969,0.76832,0.76842,1.00,1.00
2016.05.18 20:58:37.479,0.76831,0.76842,1.00,1.00
2016.05.18 20:58:37.994,0.76832,0.76842,1.00,1.00
2016.05.18 20:58:38.859,0.76831,0.76842,1.00,1.00
2016.05.18 20:58:39.392,0.76832,0.76842,1.00,1.00
2016.05.18 20:58:40.150,0.7683,0.76842,1.00,1.50
2016.05.18 20:58:41.968,0.76831,0.76842,1.00,1.00
2016.05.18 20:58:42.681,0.7683,0.76842,1.00,1.50
2016.05.18 20:58:43.239,0.76831,0.76842,1.00,1.00
2016.05.18 20:58:43.797,0.76831,0.76841,1.00,1.00
2016.05.18 20:58:44.972,0.7683,0.76841,1.00,1.00
2016.05.18 20:58:45.505,0.7683,0.7684,1.00,1.00
2016.05.18 20:58:49.877,0.76832,0.7684,1.00,1.00
2016.05.18 20:58:50.385,0.76831,0.7684,1.00,1.00
2016.05.18 20:58:50.954,0.7683,0.7684,1.00,1.50
2016.05.18 20:58:52.436,0.7683,0.76839,1.00,1.00
2016.05.18 20:58:52.699,0.76824,0.76835,1.00,1.12
2016.05.18 20:58:52.751,0.76826,0.76838,1.00,2.51
2016.05.18 20:58:53.159,0.76828,0.76838,1.00,1.75
2016.05.18 20:58:53.465,0.76826,0.76838,1.00,1.75
2016.05.18 20:58:53.924,0.76826,0.76838,1.00,1.00
2016.05.18 20:58:56.554,0.76825,0.76837,1.00,1.00
2016.05.18 20:58:59.538,0.76826,0.76838,1.00,1.50
2016.05.18 20:58:59.786,0.76826,0.76836,1.00,1.00
2016.05.18 20:59:00.091,0.76826,0.76838,1.00,1.75
2016.05.18 20:59:00.244,0.76824,0.76836,1.00,1.75
2016.05.18 20:59:00.651,0.76826,0.76834,0.75,0.37
2016.05.18 20:59:01.222,0.76826,0.76838,0.75,0.75
2016.05.18 20:59:02.643,0.76826,0.76835,0.75,0.37
2016.05.18 20:59:02.744,0.76824,0.76835,0.75,1.12
2016.05.18 20:59:03.265,0.76823,0.76834,0.75,0.75
2016.05.18 20:59:03.518,0.76825,0.76837,0.75,0.75
2016.05.18 20:59:04.056,0.76826,0.76838,0.75,0.75
2016.05.18 20:59:05.244,0.76826,0.76836,0.75,0.75
2016.05.18 20:59:05.561,0.76826,0.76838,0.75,0.75
2016.05.18 20:59:05.939,0.76826,0.76836,0.75,0.75
2016.05.18 20:59:17.933,0.76824,0.76836,0.75,0.75
2016.05.18 20:59:18.440,0.76825,0.76837,0.75,0.75
2016.05.18 20:59:18.957,0.76824,0.76836,0.75,0.75
2016.05.18 20:59:20.243,0.76825,0.76837,0.75,0.75
2016.05.18 20:59:25.169,0.76826,0.76838,0.75,0.75
2016.05.18 20:59:25.220,0.76826,0.76835,0.75,0.75
2016.05.18 20:59:25.829,0.76826,0.76836,0.75,0.75
2016.05.18 20:59:26.443,0.76826,0.76838,0.75,1.50
2016.05.18 20:59:27.807,0.76826,0.76835,0.75,0.75
2016.05.18 20:59:28.134,0.76826,0.76837,0.75,0.75
2016.05.18 20:59:29.545,0.76825,0.76837,0.75,1.50
2016.05.18 20:59:30.053,0.76826,0.76837,0.75,1.50
2016.05.18 20:59:30.559,0.76825,0.76837,0.75,1.50
2016.05.18 20:59:31.073,0.76825,0.76836,0.75,0.75
2016.05.18 20:59:31.674,0.76825,0.76837,0.75,1.50
2016.05.18 20:59:32.872,0.76825,0.76836,0.75,0.75
2016.05.18 20:59:33.410,0.76825,0.76837,0.75,1.50
2016.05.18 20:59:33.925,0.76826,0.76836,0.75,0.75
2016.05.18 20:59:37.625,0.76826,0.76837,0.75,0.75
2016.05.18 20:59:38.158,0.76826,0.76836,0.75,0.75
2016.05.18 20:59:40.252,0.76825,0.76835,0.75,0.75
2016.05.18 20:59:46.253,0.76827,0.76835,0.75,1.50
2016.05.18 20:59:46.305,0.76825,0.76835,0.75,1.50
2016.05.18 20:59:47.418,0.76826,0.76835,0.75,1.50
2016.05.18 20:59:47.921,0.76825,0.76835,0.75,1.50
2016.05.18 20:59:55.242,0.76825,0.76834,0.75,0.75
2016.05.18 20:59:55.447,0.76822,0.76834,1.50,1.50
2016.05.18 20:59:55.636,0.76824,0.76834,0.75,1.50
2016.05.18 20:59:56.239,0.76823,0.76835,1.50,0.75
2016.05.18 20:59:56.543,0.76827,0.76835,0.75,0.75
2016.05.18 20:59:57.376,0.76826,0.76835,0.75,0.75
2016.05.18 20:59:59.059,0.76827,0.76835,0.75,0.75
2016.05.18 20:59:59.675,0.76826,0.76835,0.75,0.75
