2008.01.23 14:00:00.112,0.74565,0.74595,27.10,21.60
2008.01.23 14:00:00.611,0.74565,0.74595,27.10,21.60
2008.01.23 14:00:01.032,0.74565,0.74595,27.10,21.90
2008.01.23 14:00:01.508,0.74565,0.74585,0.70,4.00
2008.01.23 14:00:01.566,0.74565,0.74585,0.70,4.00
2008.01.23 14:00:01.975,0.7456,0.74585,10.40,4.00
2008.01.23 14:00:02.422,0.7456,0.74585,10.40,4.00
2008.01.23 14:00:02.616,0.74565,0.74585,12.00,6.40
2008.01.23 14:00:02.837,0.74565,0.74585,20.00,7.20
2008.01.23 14:00:03.222,0.74565,0.74585,0.70,6.40
2008.01.23 14:00:03.613,0.74565,0.74585,0.70,4.00
2008.01.23 14:00:04.077,0.7456,0.74585,8.00,4.30
2008.01.23 14:00:04.533,0.74555,0.74585,44.00,19.50
2008.01.23 14:00:04.619,0.7455,0.74585,52.00,19.50
2008.01.23 14:00:05.029,0.74555,0.74585,1.70,19.50
2008.01.23 14:00:05.513,0.74555,0.74585,15.00,7.20
2008.01.23 14:00:05.996,0.74565,0.74585,2.00,7.20
2008.01.23 14:00:06.218,0.7456,0.74585,12.70,7.20
2008.01.23 14:00:06.444,0.7456,0.74585,12.70,7.20
2008.01.23 14:00:06.854,0.74555,0.74585,60.00,4.80
2008.01.23 14:00:07.260,0.7456,0.74585,0.50,4.30
2008.01.23 14:00:07.474,0.74555,0.74585,60.00,4.80
2008.01.23 14:00:08.119,0.7456,0.74585,1.00,4.80
2008.01.23 14:00:08.351,0.74555,0.74585,43.20,7.20
2008.01.23 14:00:08.585,0.7456,0.74585,1.10,9.60
2008.01.23 14:00:09.011,0.7456,0.74585,4.80,7.20
2008.01.23 14:00:09.480,0.74555,0.74575,2.10,4.00
2008.01.23 14:00:09.762,0.7455,0.74585,41.70,21.60
2008.01.23 14:00:09.990,0.7455,0.74585,41.70,21.60
2008.01.23 14:00:10.409,0.74555,0.74585,4.10,18.40
2008.01.23 14:00:10.822,0.7456,0.74585,4.60,4.00
2008.01.23 14:00:11.238,0.7456,0.74585,4.40,4.00
2008.01.23 14:00:11.269,0.74555,0.74585,52.80,4.30
2008.01.23 14:00:11.687,0.7455,0.74585,62.80,18.70
2008.01.23 14:00:12.092,0.7456,0.74585,0.70,16.00
2008.01.23 14:00:12.606,0.7456,0.74585,1.20,16.00
2008.01.23 14:00:13.108,0.74555,0.74585,51.40,6.40
2008.01.23 14:00:13.139,0.7456,0.74585,8.70,6.40
2008.01.23 14:00:13.510,0.74565,0.74585,0.70,4.00
2008.01.23 14:00:13.885,0.74565,0.74585,0.70,4.00
2008.01.23 14:00:14.068,0.7456,0.74585,15.10,4.00
2008.01.23 14:00:14.306,0.7456,0.74585,11.10,4.00
2008.01.23 14:00:14.768,0.74555,0.74585,59.40,4.00
2008.01.23 14:00:15.238,0.74555,0.74585,61.60,8.80
2008.01.23 14:00:15.421,0.74565,0.74585,2.10,8.80
2008.01.23 14:00:15.666,0.7456,0.74585,1.70,4.00
2008.01.23 14:00:16.029,0.7456,0.7459,22.40,2.40
2008.01.23 14:00:16.410,0.7456,0.74585,13.50,6.40
2008.01.23 14:00:16.893,0.7456,0.74585,15.20,4.80
2008.01.23 14:00:17.368,0.74555,0.74585,52.20,6.40
2008.01.23 14:00:17.842,0.74555,0.74585,60.00,4.00
2008.01.23 14:00:18.093,0.7456,0.74585,1.50,7.20
2008.01.23 14:00:18.342,0.74565,0.74585,7.70,4.00
2008.01.23 14:00:18.764,0.74565,0.74585,4.50,6.40
2008.01.23 14:00:19.169,0.7456,0.74585,19.20,6.40
2008.01.23 14:00:19.561,0.7456,0.74585,19.20,7.20
2008.01.23 14:00:19.763,0.7456,0.74585,17.60,9.60
2008.01.23 14:00:20.050,0.74565,0.74585,0.60,9.60
2008.01.23 14:00:20.649,0.7456,0.74585,13.60,9.60
2008.01.23 14:00:20.989,0.74565,0.74585,0.70,9.60
2008.01.23 14:00:21.439,0.74565,0.74585,1.20,9.60
2008.01.23 14:00:21.892,0.74565,0.74585,0.50,9.60
2008.01.23 14:00:22.130,0.7456,0.74585,17.60,9.60
2008.01.23 14:00:22.369,0.74565,0.74585,1.10,9.60
2008.01.23 14:00:22.782,0.74565,0.74585,1.20,9.60
2008.01.23 14:00:23.173,0.7456,0.74585,13.60,9.60
2008.01.23 14:00:23.383,0.7456,0.74585,13.60,8.80
2008.01.23 14:00:23.602,0.74565,0.74585,0.80,8.80
2008.01.23 14:00:23.999,0.74565,0.74585,1.50,8.80
2008.01.23 14:00:24.489,0.7456,0.74585,13.60,8.80
2008.01.23 14:00:24.788,0.74565,0.74585,1.60,8.80
2008.01.23 14:00:25.518,0.7456,0.74585,13.60,8.80
2008.01.23 14:00:26.033,0.7456,0.74585,13.60,8.80
2008.01.23 14:00:26.816,0.7456,0.74585,13.60,8.80
2008.01.23 14:00:27.243,0.74565,0.74585,0.60,8.80
2008.01.23 14:00:27.505,0.7456,0.74585,13.60,9.60
2008.01.23 14:00:27.772,0.7456,0.74585,13.60,9.60
2008.01.23 14:00:28.176,0.7456,0.74585,11.20,9.90
2008.01.23 14:00:28.576,0.74555,0.74585,36.00,12.30
2008.01.23 14:00:28.783,0.74555,0.74585,18.20,24.00
2008.01.23 14:00:29.002,0.74555,0.74585,6.70,24.00
2008.01.23 14:00:29.399,0.74555,0.74585,6.90,24.00
2008.01.23 14:00:29.914,0.74555,0.74575,16.50,4.00
2008.01.23 14:00:30.038,0.7455,0.74575,41.50,4.00
2008.01.23 14:00:30.462,0.74555,0.74585,0.50,26.70
2008.01.23 14:00:30.877,0.74555,0.74585,8.30,25.90
2008.01.23 14:00:31.290,0.74555,0.74585,3.70,25.90
2008.01.23 14:00:31.519,0.7456,0.74585,1.60,21.10
2008.01.23 14:00:31.747,0.74555,0.74585,44.70,23.50
2008.01.23 14:00:32.169,0.74555,0.74585,44.70,24.30
2008.01.23 14:00:32.609,0.74555,0.74585,44.70,24.30
2008.01.23 14:00:33.074,0.74555,0.74575,34.30,4.00
2008.01.23 14:00:33.160,0.74555,0.74575,34.30,4.00
2008.01.23 14:00:33.571,0.74555,0.74575,34.30,4.00
2008.01.23 14:00:33.977,0.74555,0.74575,34.30,6.40
2008.01.23 14:00:34.190,0.74555,0.74575,31.90,6.40
2008.01.23 14:00:34.405,0.74555,0.74575,31.90,4.00
2008.01.23 14:00:34.827,0.74555,0.74575,34.30,4.00
2008.01.23 14:00:35.353,0.74555,0.74575,34.30,6.40
2008.01.23 14:00:35.493,0.74555,0.74575,34.30,6.40
2008.01.23 14:00:35.905,0.74555,0.74575,34.30,6.40
2008.01.23 14:00:36.279,0.74555,0.74575,34.30,6.40
2008.01.23 14:00:36.469,0.74555,0.74575,34.30,6.40
2008.01.23 14:00:36.681,0.74555,0.74575,34.30,6.40
2008.01.23 14:00:37.244,0.74555,0.74575,34.30,6.40
2008.01.23 14:00:37.619,0.74555,0.74575,32.70,2.40
2008.01.23 14:00:38.082,0.74555,0.74575,30.30,2.40
2008.01.23 14:00:38.349,0.74555,0.74575,27.90,2.40
2008.01.23 14:00:38.622,0.74555,0.74575,27.90,2.40
2008.01.23 14:00:39.046,0.74555,0.74575,3.10,9.10
2008.01.23 14:00:39.444,0.74555,0.74575,1.40,21.10
2008.01.23 14:00:39.647,0.74555,0.74575,0.60,21.10
2008.01.23 14:00:39.871,0.74555,0.74575,0.60,21.10
2008.01.23 14:00:40.329,0.74555,0.74575,0.60,21.10
2008.01.23 14:00:40.597,0.74555,0.74575,0.60,21.10
2008.01.23 14:00:40.864,0.74555,0.74575,0.60,21.90
2008.01.23 14:00:41.277,0.74555,0.74575,0.60,21.90
2008.01.23 14:00:41.756,0.74555,0.74575,0.60,21.90
2008.01.23 14:00:42.245,0.74555,0.74575,1.30,8.80
2008.01.23 14:00:42.437,0.74555,0.74575,1.30,8.80
2008.01.23 14:00:42.658,0.74555,0.74575,1.30,8.80
2008.01.23 14:00:43.055,0.74555,0.74575,1.30,8.80
2008.01.23 14:00:43.447,0.74555,0.74575,1.30,8.80
2008.01.23 14:00:43.687,0.74555,0.74575,1.30,9.10
2008.01.23 14:00:43.931,0.74555,0.74575,1.30,21.10
2008.01.23 14:00:44.361,0.74555,0.74575,0.60,22.90
2008.01.23 14:00:44.849,0.74555,0.74575,0.60,22.90
2008.01.23 14:00:45.137,0.74555,0.74575,0.60,22.90
2008.01.23 14:00:45.425,0.74555,0.74575,0.60,22.90
2008.01.23 14:00:45.756,0.74555,0.74575,0.60,22.90
2008.01.23 14:00:46.137,0.74555,0.74575,0.60,22.90
2008.01.23 14:00:46.334,0.74555,0.74575,0.60,22.90
2008.01.23 14:00:46.658,0.74555,0.74575,0.60,22.90
2008.01.23 14:00:47.076,0.74555,0.74575,0.60,22.90
2008.01.23 14:00:47.594,0.74555,0.74575,0.60,22.90
2008.01.23 14:00:47.611,0.74555,0.74575,0.60,0.60
2008.01.23 14:00:47.800,0.74555,0.7458,0.60,42.10
2008.01.23 14:00:48.011,0.74555,0.7457,0.60,0.30
2008.01.23 14:00:48.411,0.74555,0.7457,0.60,0.30
2008.01.23 14:00:48.433,0.74555,0.74575,0.60,22.90
2008.01.23 14:00:48.863,0.74555,0.74575,0.60,22.90
2008.01.23 14:00:49.297,0.74555,0.74575,0.60,0.80
2008.01.23 14:00:49.535,0.74555,0.74575,0.60,0.50
2008.01.23 14:00:49.990,0.74555,0.7458,0.60,42.10
2008.01.23 14:00:50.272,0.74555,0.7458,0.60,42.10
2008.01.23 14:00:50.722,0.74555,0.7458,0.60,42.10
2008.01.23 14:00:50.935,0.74555,0.7458,0.60,42.10
2008.01.23 14:00:51.195,0.74555,0.74575,0.60,0.80
2008.01.23 14:00:52.136,0.74555,0.7458,0.60,41.30
2008.01.23 14:00:52.601,0.74555,0.7458,1.30,41.30
2008.01.23 14:00:53.149,0.74555,0.74575,1.30,0.80
2008.01.23 14:00:53.536,0.74555,0.74575,7.20,0.80
2008.01.23 14:00:53.957,0.74555,0.7458,3.70,33.30
2008.01.23 14:00:54.387,0.74555,0.7458,0.60,41.30
2008.01.23 14:00:54.625,0.74555,0.7458,0.60,41.30
2008.01.23 14:00:55.045,0.74555,0.7458,0.60,41.30
2008.01.23 14:00:55.471,0.74555,0.74575,0.60,0.80
2008.01.23 14:00:55.925,0.74555,0.7458,0.60,41.30
2008.01.23 14:00:56.196,0.74555,0.7458,0.60,41.30
2008.01.23 14:00:57.001,0.74555,0.7458,0.60,41.30
2008.01.23 14:00:57.438,0.74555,0.7458,0.60,41.30
2008.01.23 14:00:57.657,0.74555,0.7458,0.60,41.30
2008.01.23 14:00:57.886,0.74555,0.74575,0.60,0.70
2008.01.23 14:00:58.099,0.74555,0.7458,0.60,41.30
2008.01.23 14:00:58.462,0.74555,0.74575,0.60,0.70
2008.01.23 14:00:58.774,0.7455,0.7458,2.40,41.30
2008.01.23 14:00:59.213,0.7455,0.74575,2.40,0.50
2008.01.23 14:00:59.682,0.7455,0.7458,2.40,41.30
2008.01.23 14:00:59.958,0.7455,0.74575,2.40,0.60
2008.01.23 14:01:00.237,0.7455,0.7458,2.40,41.30
2008.01.23 14:01:00.647,0.7455,0.7458,2.40,41.30
2008.01.23 14:01:01.059,0.7455,0.7458,2.40,41.30
2008.01.23 14:01:01.271,0.7455,0.74575,2.40,0.50
2008.01.23 14:01:01.494,0.7455,0.7458,2.40,41.30
2008.01.23 14:01:01.897,0.7455,0.7458,2.40,42.10
2008.01.23 14:01:02.415,0.7455,0.7458,2.40,42.10
2008.01.23 14:01:02.545,0.7455,0.7458,2.40,42.10
2008.01.23 14:01:03.353,0.7455,0.7458,2.40,42.10
2008.01.23 14:01:03.967,0.7455,0.74575,2.40,0.90
2008.01.23 14:01:04.256,0.7455,0.7458,2.40,41.30
2008.01.23 14:01:04.675,0.7455,0.74575,2.40,0.90
2008.01.23 14:01:05.133,0.7455,0.7458,2.40,41.30
2008.01.23 14:01:05.630,0.7455,0.74575,2.40,0.70
2008.01.23 14:01:06.238,0.7455,0.7458,2.40,41.30
2008.01.23 14:01:06.565,0.7455,0.74575,2.40,0.70
2008.01.23 14:01:07.654,0.7455,0.7458,2.40,41.30
2008.01.23 14:01:08.175,0.7455,0.7458,2.40,29.30
2008.01.23 14:01:08.533,0.74555,0.74575,5.90,0.90
2008.01.23 14:01:08.732,0.74555,0.74575,2.40,0.90
2008.01.23 14:01:08.932,0.7455,0.74575,3.20,0.90
2008.01.23 14:01:09.132,0.7455,0.74575,3.20,0.80
2008.01.23 14:01:09.456,0.74555,0.7458,5.90,13.30
2008.01.23 14:01:09.892,0.7455,0.74575,3.20,0.50
2008.01.23 14:01:10.408,0.7455,0.7458,2.40,33.30
2008.01.23 14:01:10.613,0.7455,0.74575,2.40,0.90
2008.01.23 14:01:10.825,0.7455,0.7458,2.40,33.30
2008.01.23 14:01:11.223,0.7455,0.7458,2.40,33.30
2008.01.23 14:01:11.429,0.7455,0.7458,2.40,33.30
2008.01.23 14:01:14.663,0.7455,0.7458,2.40,33.30
2008.01.23 14:01:14.692,0.7455,0.7458,2.40,33.30
2008.01.23 14:01:15.449,0.7455,0.7458,2.40,33.30
2008.01.23 14:01:15.486,0.7455,0.7458,2.40,33.30
2008.01.23 14:01:15.749,0.7455,0.74575,2.40,0.50
2008.01.23 14:01:16.263,0.7455,0.7458,2.40,33.30
2008.01.23 14:01:16.793,0.7455,0.74575,2.40,0.80
2008.01.23 14:01:17.707,0.7455,0.7458,2.40,33.30
2008.01.23 14:01:17.928,0.7455,0.7458,2.40,33.30
2008.01.23 14:01:18.146,0.7455,0.74575,2.40,0.60
2008.01.23 14:01:19.028,0.7455,0.74575,2.40,0.50
2008.01.23 14:01:19.446,0.7455,0.7458,2.40,33.30
2008.01.23 14:01:19.651,0.74545,0.74575,45.40,0.90
2008.01.23 14:01:19.865,0.74545,0.7458,44.60,33.30
2008.01.23 14:01:20.264,0.74545,0.74575,44.60,0.80
2008.01.23 14:01:20.793,0.74545,0.74575,34.20,33.30
2008.01.23 14:01:20.932,0.74545,0.7458,36.60,33.30
2008.01.23 14:01:21.340,0.7455,0.74575,2.40,0.60
2008.01.23 14:01:21.777,0.74545,0.7458,37.60,33.30
2008.01.23 14:01:22.209,0.74555,0.74575,2.40,0.50
2008.01.23 14:01:22.629,0.74555,0.74585,7.10,70.10
2008.01.23 14:01:23.034,0.74555,0.74585,7.10,70.10
2008.01.23 14:01:23.428,0.74555,0.74575,7.10,0.80
2008.01.23 14:01:23.721,0.74555,0.7458,7.10,6.90
2008.01.23 14:01:24.015,0.74555,0.74575,7.10,0.60
2008.01.23 14:01:24.423,0.74555,0.7458,7.10,10.90
2008.01.23 14:01:24.824,0.74555,0.74575,9.50,0.70
2008.01.23 14:01:25.036,0.74555,0.7458,9.50,10.90
2008.01.23 14:01:25.256,0.74555,0.7458,9.50,10.90
2008.01.23 14:01:25.661,0.74555,0.7458,10.30,10.90
2008.01.23 14:01:25.955,0.74555,0.7458,17.90,9.10
2008.01.23 14:01:26.250,0.74555,0.7458,17.90,9.10
2008.01.23 14:01:26.670,0.74555,0.7458,17.50,9.10
2008.01.23 14:01:27.080,0.74555,0.7458,17.50,9.10
2008.01.23 14:01:27.298,0.74555,0.7458,19.00,8.80
2008.01.23 14:01:27.523,0.74555,0.7458,41.10,0.90
2008.01.23 14:01:27.930,0.74555,0.74575,41.10,0.70
2008.01.23 14:01:28.204,0.74555,0.7458,39.90,5.10
2008.01.23 14:01:28.480,0.74555,0.7458,17.50,5.10
2008.01.23 14:01:28.890,0.74555,0.74575,17.50,0.50
2008.01.23 14:01:29.294,0.74555,0.7458,17.50,9.10
2008.01.23 14:01:29.505,0.74555,0.74575,26.30,0.90
2008.01.23 14:01:29.720,0.74555,0.74575,26.30,0.50
2008.01.23 14:01:30.123,0.74555,0.7458,26.30,5.10
2008.01.23 14:01:30.426,0.7456,0.74585,10.40,0.50
2008.01.23 14:01:30.730,0.74555,0.74585,47.70,0.80
2008.01.23 14:01:31.227,0.7456,0.74585,0.30,0.60
2008.01.23 14:01:31.457,0.7456,0.74585,10.40,0.60
2008.01.23 14:01:31.691,0.7456,0.7458,8.00,4.20
2008.01.23 14:01:32.103,0.7456,0.74575,8.00,0.90
2008.01.23 14:01:32.342,0.7456,0.74575,8.00,0.90
2008.01.23 14:01:32.582,0.7456,0.7459,8.00,9.10
2008.01.23 14:01:33.002,0.74565,0.7459,2.40,9.10
2008.01.23 14:01:33.429,0.74565,0.7459,3.10,17.10
2008.01.23 14:01:33.516,0.74565,0.7459,3.10,19.50
2008.01.23 14:01:33.923,0.74565,0.7459,9.50,9.90
2008.01.23 14:01:34.388,0.74565,0.7459,9.50,9.10
2008.01.23 14:01:34.629,0.7457,0.7459,0.80,11.50
2008.01.23 14:01:34.872,0.7457,0.7459,1.20,8.80
2008.01.23 14:01:35.284,0.74565,0.74585,18.80,0.70
2008.01.23 14:01:35.476,0.74565,0.7459,24.30,9.10
2008.01.23 14:01:35.695,0.74565,0.74585,32.30,0.70
2008.01.23 14:01:36.081,0.74565,0.7459,33.10,8.80
2008.01.23 14:01:36.465,0.74565,0.74585,34.00,0.50
2008.01.23 14:01:36.790,0.74565,0.74585,26.00,0.80
2008.01.23 14:01:37.115,0.74565,0.74585,11.60,6.40
2008.01.23 14:01:37.527,0.74565,0.74585,34.00,6.40
2008.01.23 14:01:37.909,0.74565,0.74585,32.30,6.40
2008.01.23 14:01:37.934,0.74565,0.74585,23.50,6.70
2008.01.23 14:01:38.316,0.74565,0.74585,9.90,6.70
2008.01.23 14:01:38.569,0.74565,0.74585,21.20,2.40
2008.01.23 14:01:38.880,0.74565,0.74585,21.20,2.40
2008.01.23 14:01:39.243,0.74565,0.74585,21.40,2.40
2008.01.23 14:01:39.497,0.7457,0.74595,8.00,10.60
2008.01.23 14:01:39.765,0.7457,0.74595,8.00,10.90
2008.01.23 14:01:40.192,0.7457,0.74595,8.00,9.10
2008.01.23 14:01:40.646,0.74575,0.74595,6.40,8.80
2008.01.23 14:01:41.059,0.74575,0.74595,6.40,8.80
2008.01.23 14:01:41.452,0.74575,0.74595,7.10,8.80
2008.01.23 14:01:41.652,0.74575,0.74595,3.10,9.10
2008.01.23 14:01:41.874,0.74575,0.74595,7.10,8.80
2008.01.23 14:01:42.384,0.74575,0.74595,9.50,8.80
2008.01.23 14:01:42.704,0.74575,0.74595,10.30,8.80
2008.01.23 14:01:42.918,0.74575,0.74595,9.50,8.80
2008.01.23 14:01:43.321,0.74575,0.74595,9.50,8.80
2008.01.23 14:01:43.743,0.74575,0.74595,9.50,8.80
2008.01.23 14:01:44.154,0.74575,0.74595,31.90,6.40
2008.01.23 14:01:44.573,0.74575,0.74595,31.90,2.40
2008.01.23 14:01:44.798,0.74575,0.74595,24.00,6.40
2008.01.23 14:01:45.024,0.74575,0.74595,32.00,6.40
2008.01.23 14:01:45.513,0.74575,0.74595,12.80,8.80
2008.01.23 14:01:46.005,0.74575,0.74595,19.20,6.40
2008.01.23 14:01:46.415,0.74575,0.74595,30.30,6.40
2008.01.23 14:01:46.635,0.74575,0.74595,12.00,8.80
2008.01.23 14:01:46.852,0.74575,0.74595,12.00,6.40
2008.01.23 14:01:47.090,0.74575,0.74595,11.20,6.40
2008.01.23 14:01:47.330,0.74575,0.74595,12.70,6.40
2008.01.23 14:01:47.743,0.74575,0.74595,11.00,8.80
2008.01.23 14:01:48.173,0.74575,0.74595,10.70,8.80
2008.01.23 14:01:48.436,0.74575,0.74595,11.00,6.40
2008.01.23 14:01:48.699,0.74575,0.74595,9.90,6.40
2008.01.23 14:01:49.116,0.74575,0.74595,9.90,8.80
2008.01.23 14:01:49.334,0.74575,0.74595,10.10,6.40
2008.01.23 14:01:49.552,0.74575,0.74595,10.10,6.40
2008.01.23 14:01:49.961,0.74575,0.74595,9.90,6.40
2008.01.23 14:01:50.179,0.74575,0.74595,7.50,8.80
2008.01.23 14:01:50.406,0.74575,0.74595,7.50,8.80
2008.01.23 14:01:50.720,0.74575,0.74595,7.50,8.80
2008.01.23 14:01:51.036,0.74575,0.74595,7.50,6.40
2008.01.23 14:01:51.532,0.74575,0.74595,7.80,11.20
2008.01.23 14:01:51.924,0.74575,0.74595,8.60,11.20
2008.01.23 14:01:52.126,0.74575,0.74595,8.30,11.20
2008.01.23 14:01:52.356,0.74575,0.74595,7.10,11.20
2008.01.23 14:01:52.792,0.74575,0.74595,7.10,11.20
2008.01.23 14:01:52.929,0.74575,0.74595,1.60,11.20
2008.01.23 14:01:53.038,0.7457,0.74595,16.40,11.20
2008.01.23 14:01:53.287,0.7457,0.74595,16.60,11.20
2008.01.23 14:01:53.703,0.74575,0.74595,1.20,25.60
2008.01.23 14:01:54.174,0.7457,0.74595,16.00,13.30
2008.01.23 14:01:54.632,0.7457,0.74595,2.50,11.50
2008.01.23 14:01:55.051,0.74575,0.74595,0.90,11.50
2008.01.23 14:01:55.274,0.7457,0.74595,10.40,11.20
2008.01.23 14:01:55.497,0.74575,0.74595,1.10,11.20
2008.01.23 14:01:55.911,0.74565,0.74595,39.40,11.20
2008.01.23 14:01:56.365,0.7457,0.74595,1.80,11.50
2008.01.23 14:01:56.632,0.7457,0.74595,1.90,11.50
2008.01.23 14:01:56.991,0.7457,0.74595,1.00,11.50
2008.01.23 14:01:57.952,0.7457,0.74595,4.50,11.20
2008.01.23 14:01:58.266,0.74565,0.74595,37.40,11.20
2008.01.23 14:01:58.717,0.74565,0.74595,37.10,11.20
2008.01.23 14:01:59.194,0.7457,0.74595,1.00,11.20
2008.01.23 14:01:59.438,0.74575,0.74595,0.80,11.20
2008.01.23 14:01:59.681,0.7457,0.74595,14.40,11.20
2008.01.23 14:02:00.223,0.7457,0.74595,14.40,11.20
2008.01.23 14:02:00.552,0.74565,0.74595,55.30,11.20
2008.01.23 14:02:00.991,0.74565,0.74595,36.70,23.50
2008.01.23 14:02:01.234,0.74565,0.74595,35.00,11.20
2008.01.23 14:02:01.548,0.74565,0.74595,33.30,11.20
2008.01.23 14:02:02.248,0.74565,0.74595,33.30,11.20
2008.01.23 14:02:02.550,0.7457,0.74595,2.20,11.20
2008.01.23 14:02:02.797,0.7457,0.74595,16.00,11.20
2008.01.23 14:02:03.136,0.7457,0.74595,16.00,11.20
2008.01.23 14:02:03.480,0.74575,0.74595,1.40,11.20
2008.01.23 14:02:04.280,0.7457,0.74595,16.00,11.20
2008.01.23 14:02:04.647,0.74575,0.74595,0.60,11.50
2008.01.23 14:02:04.717,0.7457,0.74595,16.00,11.50
2008.01.23 14:02:05.123,0.74565,0.74595,46.80,23.50
2008.01.23 14:02:05.571,0.74575,0.74595,1.20,23.50
2008.01.23 14:02:05.800,0.7457,0.74595,16.00,11.50
2008.01.23 14:02:06.029,0.74575,0.74595,0.50,11.20
2008.01.23 14:02:06.439,0.74575,0.74595,2.30,11.20
2008.01.23 14:02:06.861,0.7457,0.74595,16.00,11.20
2008.01.23 14:02:07.145,0.74575,0.74595,4.10,11.20
2008.01.23 14:02:08.318,0.74575,0.74595,1.80,11.20
2008.01.23 14:02:08.731,0.7457,0.74595,16.00,11.20
2008.01.23 14:02:09.122,0.7457,0.74595,16.00,11.20
2008.01.23 14:02:10.316,0.74575,0.74595,4.30,11.50
2008.01.23 14:02:11.776,0.74565,0.74585,47.10,2.40
2008.01.23 14:02:12.074,0.74575,0.74595,2.00,14.70
2008.01.23 14:02:12.180,0.74565,0.74585,45.30,2.40
2008.01.23 14:02:12.410,0.74565,0.74585,45.30,6.40
2008.01.23 14:02:12.708,0.74565,0.74585,45.30,6.40
2008.01.23 14:02:13.023,0.74565,0.74585,45.30,6.40
2008.01.23 14:02:13.740,0.74575,0.74585,3.40,2.40
2008.01.23 14:02:14.078,0.7457,0.74585,16.00,2.40
2008.01.23 14:02:14.478,0.7457,0.74595,16.00,13.00
2008.01.23 14:02:14.691,0.74575,0.74595,1.50,11.20
2008.01.23 14:02:14.972,0.74575,0.74595,2.60,11.20
2008.01.23 14:02:15.391,0.7457,0.74595,16.00,11.20
2008.01.23 14:02:15.605,0.7457,0.74595,16.00,11.20
2008.01.23 14:02:15.821,0.7457,0.74595,16.00,11.20
2008.01.23 14:02:16.228,0.74575,0.74595,3.40,11.20
2008.01.23 14:02:16.737,0.7457,0.74595,16.00,11.20
2008.01.23 14:02:17.770,0.7457,0.74595,16.00,11.20
2008.01.23 14:02:17.970,0.7457,0.74595,16.00,11.50
2008.01.23 14:02:18.187,0.74575,0.74595,3.50,11.50
2008.01.23 14:02:18.720,0.7457,0.74595,16.00,11.50
2008.01.23 14:02:19.099,0.74575,0.74595,1.10,11.50
2008.01.23 14:02:21.053,0.7457,0.74595,16.00,11.50
2008.01.23 14:02:22.235,0.74575,0.74595,8.00,11.20
2008.01.23 14:02:22.534,0.74575,0.74595,10.40,11.20
2008.01.23 14:02:22.737,0.74575,0.74595,10.40,11.20
2008.01.23 14:02:23.024,0.74575,0.74595,14.40,11.20
2008.01.23 14:02:23.468,0.74575,0.74595,14.40,11.20
2008.01.23 14:02:24.083,0.74575,0.74595,14.40,11.20
2008.01.23 14:02:24.350,0.74575,0.74595,14.40,11.20
2008.01.23 14:02:24.618,0.74575,0.74595,14.40,11.20
2008.01.23 14:02:25.030,0.74575,0.74595,14.40,11.20
2008.01.23 14:02:25.270,0.74575,0.74595,14.40,11.20
2008.01.23 14:02:25.945,0.74575,0.74595,14.40,11.20
2008.01.23 14:02:26.110,0.74575,0.74595,7.60,11.20
2008.01.23 14:02:26.158,0.74575,0.74595,5.30,13.90
2008.01.23 14:02:26.374,0.7457,0.74595,18.40,13.90
2008.01.23 14:02:26.783,0.74565,0.74595,45.60,25.90
2008.01.23 14:02:27.011,0.74565,0.74595,45.60,25.90
2008.01.23 14:02:27.274,0.74565,0.74595,45.60,23.50
2008.01.23 14:02:27.724,0.74565,0.74595,45.60,23.50
2008.01.23 14:02:27.849,0.74565,0.74595,45.60,23.50
2008.01.23 14:02:28.326,0.74565,0.74595,45.60,25.90
2008.01.23 14:02:28.856,0.74565,0.74595,45.60,25.90
2008.01.23 14:02:29.122,0.74575,0.74595,0.60,23.50
2008.01.23 14:02:29.501,0.74565,0.74595,45.60,23.50
2008.01.23 14:02:31.007,0.74575,0.74595,3.40,23.50
2008.01.23 14:02:31.469,0.74565,0.74595,46.60,11.50
2008.01.23 14:02:31.877,0.7457,0.74595,16.00,25.90
2008.01.23 14:02:32.095,0.74575,0.74595,0.70,25.90
2008.01.23 14:02:32.378,0.74565,0.74585,48.70,2.40
2008.01.23 14:02:32.664,0.7457,0.74595,16.00,13.30
2008.01.23 14:02:32.947,0.7457,0.74595,16.00,13.00
2008.01.23 14:02:33.405,0.7457,0.74595,16.00,11.20
2008.01.23 14:02:33.605,0.74575,0.74595,2.60,11.20
2008.01.23 14:02:33.824,0.74575,0.74595,3.90,11.20
2008.01.23 14:02:34.241,0.7457,0.74595,16.00,11.20
2008.01.23 14:02:34.794,0.74575,0.74595,3.00,11.50
2008.01.23 14:02:35.063,0.7457,0.74595,16.00,11.50
2008.01.23 14:02:35.332,0.74575,0.74595,3.70,11.50
2008.01.23 14:02:35.802,0.7457,0.74595,16.00,11.50
2008.01.23 14:02:36.348,0.74575,0.74595,3.40,11.50
2008.01.23 14:02:36.777,0.7457,0.74595,16.00,11.50
2008.01.23 14:02:37.014,0.74575,0.74595,2.20,11.50
2008.01.23 14:02:37.297,0.7457,0.74595,16.00,11.50
2008.01.23 14:02:37.729,0.7457,0.74595,16.00,11.50
2008.01.23 14:02:37.974,0.74565,0.74595,45.80,11.50
2008.01.23 14:02:38.216,0.74565,0.74595,45.80,11.50
2008.01.23 14:02:38.649,0.74565,0.74595,45.80,11.50
2008.01.23 14:02:39.333,0.74565,0.74595,45.80,11.50
2008.01.23 14:02:39.580,0.7456,0.74595,55.80,23.50
2008.01.23 14:02:39.828,0.74565,0.74595,2.50,23.50
2008.01.23 14:02:40.052,0.7456,0.74595,55.00,25.90
2008.01.23 14:02:40.277,0.7456,0.74595,55.00,25.90
2008.01.23 14:02:40.756,0.7456,0.74595,55.00,26.70
2008.01.23 14:02:41.198,0.74565,0.74595,16.10,26.70
2008.01.23 14:02:41.457,0.74565,0.74595,12.90,26.70
2008.01.23 14:02:42.494,0.74565,0.74595,2.20,26.70
2008.01.23 14:02:42.820,0.7456,0.74595,54.20,26.70
2008.01.23 14:02:43.068,0.74565,0.74595,45.60,26.70
2008.01.23 14:02:43.315,0.74565,0.74595,45.60,26.70
2008.01.23 14:02:44.019,0.74575,0.7459,0.60,0.30
2008.01.23 14:02:44.417,0.74575,0.7459,0.80,0.30
2008.01.23 14:02:44.630,0.74565,0.7459,45.60,1.10
2008.01.23 14:02:44.885,0.74565,0.7458,4.60,0.30
2008.01.23 14:02:45.286,0.7456,0.7458,16.80,0.30
2008.01.23 14:02:45.499,0.7456,0.74585,29.00,4.00
2008.01.23 14:02:45.774,0.74565,0.74585,5.60,4.00
2008.01.23 14:02:46.237,0.7456,0.74585,33.00,6.40
2008.01.23 14:02:46.511,0.74565,0.74585,13.80,6.40
2008.01.23 14:02:46.794,0.7456,0.74585,32.20,6.40
2008.01.23 14:02:47.207,0.7456,0.74585,14.40,8.80
2008.01.23 14:02:47.491,0.7456,0.74585,12.00,11.20
2008.01.23 14:02:47.713,0.74565,0.74585,0.70,11.20
2008.01.23 14:02:47.917,0.7456,0.74585,10.40,13.60
2008.01.23 14:02:48.178,0.74565,0.74585,0.80,13.60
2008.01.23 14:02:48.380,0.7456,0.74585,10.40,13.60
2008.01.23 14:02:48.772,0.74565,0.74585,1.00,13.60
2008.01.23 14:02:49.257,0.74565,0.74585,1.40,13.60
2008.01.23 14:02:49.493,0.7456,0.74585,12.80,8.80
2008.01.23 14:02:49.726,0.74565,0.74585,1.60,8.80
2008.01.23 14:02:50.152,0.7456,0.74585,10.40,11.20
2008.01.23 14:02:50.401,0.7456,0.74585,12.80,11.20
2008.01.23 14:02:50.649,0.74565,0.74585,1.60,11.20
2008.01.23 14:02:51.080,0.7456,0.74585,14.40,11.20
2008.01.23 14:02:51.534,0.7456,0.74585,12.80,8.80
2008.01.23 14:02:51.804,0.7456,0.74585,10.40,12.00
2008.01.23 14:02:52.028,0.74565,0.74585,0.90,12.00
2008.01.23 14:02:52.432,0.74565,0.74585,2.40,8.80
2008.01.23 14:02:52.652,0.74565,0.74585,3.30,8.80
2008.01.23 14:02:52.875,0.74565,0.74585,3.30,8.80
2008.01.23 14:02:53.317,0.7456,0.74585,17.50,8.80
2008.01.23 14:02:53.761,0.74565,0.74585,9.50,8.80
2008.01.23 14:02:54.201,0.74565,0.74585,21.50,8.80
2008.01.23 14:02:54.256,0.74565,0.74585,29.50,2.40
2008.01.23 14:02:54.673,0.74565,0.74585,19.10,8.80
2008.01.23 14:02:55.106,0.74565,0.74585,7.10,8.80
2008.01.23 14:02:55.334,0.74565,0.74585,7.10,8.80
2008.01.23 14:02:55.564,0.74565,0.74585,27.10,2.40
2008.01.23 14:02:55.984,0.74565,0.74585,15.10,4.80
2008.01.23 14:02:56.405,0.74565,0.74585,6.40,8.80
2008.01.23 14:02:56.883,0.74565,0.74585,31.10,8.80
2008.01.23 14:02:57.167,0.74565,0.74585,8.00,8.80
2008.01.23 14:02:57.451,0.74565,0.74585,8.00,8.80
2008.01.23 14:02:57.770,0.74565,0.74585,6.40,8.80
2008.01.23 14:02:58.148,0.7456,0.74585,10.40,8.80
2008.01.23 14:02:58.332,0.7456,0.74585,10.40,11.20
2008.01.23 14:02:58.547,0.74565,0.74585,2.40,12.00
2008.01.23 14:02:59.010,0.74555,0.74585,46.40,25.60
2008.01.23 14:02:59.472,0.74555,0.74585,46.40,26.40
2008.01.23 14:02:59.744,0.74565,0.74585,2.40,12.00
2008.01.23 14:03:00.032,0.74565,0.74585,2.40,11.20
2008.01.23 14:03:00.449,0.74565,0.74585,2.40,11.20
2008.01.23 14:03:00.564,0.7456,0.74585,12.80,11.20
2008.01.23 14:03:00.928,0.74565,0.74585,0.80,8.80
2008.01.23 14:03:01.166,0.74565,0.74585,1.90,8.80
2008.01.23 14:03:01.403,0.7456,0.74585,16.80,8.80
2008.01.23 14:03:01.820,0.7456,0.74585,16.80,8.80
2008.01.23 14:03:02.042,0.7456,0.74585,16.80,8.80
2008.01.23 14:03:02.265,0.7456,0.74585,16.80,8.80
2008.01.23 14:03:02.685,0.7456,0.74585,17.50,8.80
2008.01.23 14:03:03.094,0.74565,0.74585,3.00,8.80
2008.01.23 14:03:03.317,0.7456,0.74585,16.80,8.80
2008.01.23 14:03:03.541,0.7456,0.74585,16.80,8.80
2008.01.23 14:03:03.958,0.7456,0.74585,13.60,8.80
2008.01.23 14:03:04.431,0.7456,0.74585,3.20,12.00
2008.01.23 14:03:04.885,0.74555,0.74585,46.40,24.00
2008.01.23 14:03:05.093,0.7455,0.74585,32.00,25.60
2008.01.23 14:03:05.302,0.74555,0.74585,0.50,25.60
2008.01.23 14:03:05.699,0.7455,0.74585,36.10,25.60
2008.01.23 14:03:05.906,0.74545,0.74585,67.90,25.60
2008.01.23 14:03:06.195,0.74555,0.74575,1.10,6.40
2008.01.23 14:03:06.621,0.7455,0.74575,19.90,6.40
2008.01.23 14:03:07.104,0.7455,0.74575,13.50,6.40
2008.01.23 14:03:07.520,0.7455,0.74575,12.80,18.40
2008.01.23 14:03:07.724,0.74555,0.74575,0.60,20.80
2008.01.23 14:03:07.946,0.74545,0.74575,40.40,20.80
2008.01.23 14:03:08.339,0.74545,0.74575,40.40,20.80
2008.01.23 14:03:08.429,0.74555,0.74575,0.60,20.80
2008.01.23 14:03:08.840,0.7455,0.74575,8.70,11.20
2008.01.23 14:03:09.309,0.74555,0.74575,0.70,20.80
2008.01.23 14:03:09.715,0.74545,0.74575,39.90,23.20
2008.01.23 14:03:09.736,0.74555,0.74575,0.70,23.20
2008.01.23 14:03:10.138,0.74545,0.74575,39.90,23.20
2008.01.23 14:03:10.350,0.74545,0.74575,18.30,23.20
2008.01.23 14:03:10.653,0.7455,0.74575,15.10,11.20
2008.01.23 14:03:11.083,0.7455,0.74575,17.50,9.60
2008.01.23 14:03:11.578,0.7455,0.74575,17.50,5.00
2008.01.23 14:03:12.012,0.74555,0.74575,2.00,9.00
2008.01.23 14:03:12.434,0.74555,0.74575,0.50,8.20
2008.01.23 14:03:12.626,0.7455,0.74575,15.10,9.60
2008.01.23 14:03:12.885,0.7455,0.74575,15.10,9.60
2008.01.23 14:03:13.253,0.7455,0.74575,4.30,21.60
2008.01.23 14:03:13.634,0.74555,0.74575,0.70,23.40
2008.01.23 14:03:14.063,0.7454,0.74575,48.40,20.80
2008.01.23 14:03:14.503,0.74545,0.74575,6.90,20.80
2008.01.23 14:03:14.548,0.7454,0.74575,48.80,20.80
2008.01.23 14:03:14.970,0.74545,0.74575,8.50,20.80
2008.01.23 14:03:15.439,0.74555,0.74575,0.60,20.80
2008.01.23 14:03:15.718,0.7455,0.7458,1.80,2.40
2008.01.23 14:03:15.995,0.7455,0.7458,1.80,2.40
2008.01.23 14:03:16.369,0.7455,0.7458,1.80,2.40
2008.01.23 14:03:16.570,0.7455,0.74585,9.80,38.00
2008.01.23 14:03:16.799,0.74555,0.74585,0.60,30.00
2008.01.23 14:03:17.192,0.7455,0.74585,17.80,31.20
2008.01.23 14:03:17.694,0.7455,0.74585,9.80,28.80
2008.01.23 14:03:17.809,0.74555,0.74585,0.60,28.80
2008.01.23 14:03:18.225,0.74555,0.74585,0.60,31.20
2008.01.23 14:03:20.418,0.74555,0.74585,2.20,23.20
2008.01.23 14:03:20.682,0.7455,0.74585,36.40,20.80
2008.01.23 14:03:20.747,0.7455,0.74585,32.40,20.80
2008.01.23 14:03:20.972,0.7455,0.74585,20.20,23.20
2008.01.23 14:03:21.232,0.74555,0.74585,0.60,23.20
2008.01.23 14:03:21.294,0.74555,0.74585,0.70,20.80
2008.01.23 14:03:21.509,0.74555,0.74585,0.70,36.80
2008.01.23 14:03:22.034,0.74555,0.74585,0.60,37.60
2008.01.23 14:03:22.368,0.7455,0.74585,12.20,43.00
2008.01.23 14:03:22.701,0.7455,0.74585,11.00,43.00
2008.01.23 14:03:23.014,0.7455,0.74585,11.00,42.20
2008.01.23 14:03:23.417,0.7455,0.74585,11.00,43.00
2008.01.23 14:03:23.601,0.7455,0.74575,11.00,4.00
2008.01.23 14:03:23.891,0.7455,0.74575,11.00,4.00
2008.01.23 14:03:24.307,0.7455,0.74585,23.00,35.00
2008.01.23 14:03:24.782,0.7455,0.74585,27.00,35.00
2008.01.23 14:03:25.033,0.74555,0.74575,0.60,6.40
2008.01.23 14:03:25.281,0.74555,0.74575,0.60,4.00
2008.01.23 14:03:25.697,0.7455,0.7458,3.90,2.40
2008.01.23 14:03:26.096,0.7455,0.7458,3.90,2.40
2008.01.23 14:03:26.491,0.7455,0.7458,11.00,2.40
2008.01.23 14:03:26.509,0.74555,0.74575,0.60,4.00
2008.01.23 14:03:26.699,0.7455,0.7458,11.00,6.40
2008.01.23 14:03:26.918,0.7455,0.74575,0.90,0.60
2008.01.23 14:03:27.211,0.7455,0.7458,4.20,30.40
2008.01.23 14:03:27.510,0.7455,0.7458,4.20,38.40
2008.01.23 14:03:27.998,0.74555,0.74575,0.60,0.50
2008.01.23 14:03:28.203,0.7455,0.7458,4.20,32.20
2008.01.23 14:03:29.277,0.74555,0.7458,0.60,32.20
2008.01.23 14:03:29.908,0.74555,0.7458,0.60,32.20
2008.01.23 14:03:30.231,0.74555,0.74575,0.60,0.80
2008.01.23 14:03:30.506,0.74555,0.7458,0.60,17.60
2008.01.23 14:03:30.778,0.74555,0.74575,1.80,0.50
2008.01.23 14:03:31.052,0.74565,0.74585,0.60,48.20
2008.01.23 14:03:31.284,0.74565,0.74585,0.60,0.50
2008.01.23 14:03:31.675,0.74565,0.74585,0.60,0.60
2008.01.23 14:03:31.687,0.74565,0.74585,0.60,29.60
2008.01.23 14:03:31.882,0.74565,0.74585,0.60,29.60
2008.01.23 14:03:32.108,0.74565,0.74585,0.60,29.60
2008.01.23 14:03:32.558,0.74565,0.74585,0.60,29.60
2008.01.23 14:03:32.820,0.74555,0.74585,26.20,29.60
2008.01.23 14:03:33.083,0.74555,0.74585,28.40,29.60
2008.01.23 14:03:33.504,0.74555,0.7458,27.60,0.60
2008.01.23 14:03:33.968,0.74555,0.7458,27.00,0.90
2008.01.23 14:03:34.241,0.74555,0.74585,0.60,29.60
2008.01.23 14:03:34.560,0.74555,0.7458,0.60,0.80
2008.01.23 14:03:34.861,0.74555,0.7458,16.60,0.80
2008.01.23 14:03:35.257,0.74555,0.7458,24.60,0.80
2008.01.23 14:03:35.504,0.74555,0.74585,24.60,29.60
2008.01.23 14:03:35.751,0.74555,0.7458,24.60,0.50
2008.01.23 14:03:36.167,0.74555,0.74585,24.60,29.60
2008.01.23 14:03:36.607,0.74555,0.7458,0.60,0.60
2008.01.23 14:03:36.895,0.74555,0.7458,0.60,0.80
2008.01.23 14:03:37.183,0.74555,0.74585,12.60,37.60
2008.01.23 14:03:37.596,0.74555,0.74585,25.80,37.60
2008.01.23 14:03:37.977,0.74555,0.74585,25.80,37.60
2008.01.23 14:03:38.381,0.74555,0.74585,25.80,37.60
2008.01.23 14:03:38.921,0.74555,0.7458,25.80,0.70
2008.01.23 14:03:39.272,0.74555,0.74575,13.80,0.80
2008.01.23 14:03:39.745,0.74555,0.7458,4.60,8.80
2008.01.23 14:03:39.840,0.74555,0.74585,0.60,65.80
2008.01.23 14:03:40.254,0.74555,0.7458,0.60,8.80
2008.01.23 14:03:40.717,0.74555,0.7458,0.60,8.80
2008.01.23 14:03:40.994,0.74555,0.7458,0.60,8.80
2008.01.23 14:03:41.313,0.74555,0.7458,0.60,8.80
2008.01.23 14:03:41.643,0.74555,0.74575,0.60,0.70
2008.01.23 14:03:42.048,0.74555,0.74575,4.60,0.80
2008.01.23 14:03:42.485,0.74555,0.74575,0.60,0.80
2008.01.23 14:03:42.736,0.74555,0.74575,0.60,0.60
2008.01.23 14:03:43.387,0.74555,0.7458,0.60,8.80
2008.01.23 14:03:43.833,0.74555,0.7458,0.60,8.80
2008.01.23 14:03:44.081,0.74555,0.7458,4.60,4.80
2008.01.23 14:03:44.330,0.74555,0.74575,5.80,0.80
2008.01.23 14:03:44.710,0.74555,0.7458,25.80,0.70
2008.01.23 14:03:45.107,0.74565,0.7459,4.00,57.00
2008.01.23 14:03:45.314,0.74565,0.74585,6.40,0.50
2008.01.23 14:03:45.619,0.74565,0.74585,6.40,0.70
2008.01.23 14:03:46.036,0.74565,0.74585,6.40,0.50
2008.01.23 14:03:46.535,0.74565,0.74585,2.40,0.80
2008.01.23 14:03:46.977,0.74565,0.7459,6.40,10.40
2008.01.23 14:03:47.225,0.74565,0.7459,6.40,10.40
2008.01.23 14:03:47.474,0.74565,0.7459,6.40,10.40
2008.01.23 14:03:47.833,0.74565,0.7459,2.40,10.40
2008.01.23 14:03:48.231,0.74565,0.74585,6.40,0.80
2008.01.23 14:03:48.610,0.74565,0.7459,6.40,10.40
2008.01.23 14:03:48.798,0.74565,0.74585,6.40,0.90
2008.01.23 14:03:49.103,0.74565,0.74585,6.40,0.80
2008.01.23 14:03:49.563,0.74565,0.7459,6.40,10.40
2008.01.23 14:03:50.044,0.74565,0.7459,6.40,10.40
2008.01.23 14:03:50.322,0.74565,0.7459,6.40,10.40
2008.01.23 14:03:51.025,0.74565,0.7459,6.40,10.40
2008.01.23 14:03:51.221,0.74565,0.74585,6.40,0.70
2008.01.23 14:03:51.843,0.74565,0.74585,6.40,0.50
2008.01.23 14:03:52.130,0.74565,0.74585,2.40,0.80
2008.01.23 14:03:52.526,0.74565,0.7459,6.40,10.40
2008.01.23 14:03:52.821,0.74565,0.7459,6.40,10.40
2008.01.23 14:03:53.302,0.74565,0.7459,6.40,10.40
2008.01.23 14:03:53.358,0.74565,0.74585,6.40,0.50
2008.01.23 14:03:53.779,0.74565,0.7459,6.40,10.40
2008.01.23 14:03:54.217,0.74565,0.7459,6.40,10.40
2008.01.23 14:03:55.491,0.74565,0.7459,6.40,10.40
2008.01.23 14:03:55.942,0.74565,0.7459,6.40,10.40
2008.01.23 14:03:56.678,0.74565,0.74585,2.40,0.50
2008.01.23 14:03:56.958,0.74565,0.7459,2.40,11.20
2008.01.23 14:03:57.375,0.74565,0.74585,2.40,0.80
2008.01.23 14:03:57.592,0.74565,0.7459,2.40,11.20
2008.01.23 14:03:58.734,0.74565,0.74585,2.40,0.50
2008.01.23 14:03:59.097,0.74565,0.7459,6.40,10.40
2008.01.23 14:03:59.520,0.74565,0.7459,2.40,10.40
2008.01.23 14:03:59.981,0.74565,0.7459,2.40,11.20
2008.01.23 14:04:00.458,0.74565,0.7459,2.40,11.20
2008.01.23 14:04:00.886,0.74565,0.74585,2.40,0.70
2008.01.23 14:04:01.313,0.74565,0.74585,2.40,0.70
2008.01.23 14:04:01.727,0.74565,0.7459,2.40,10.40
2008.01.23 14:04:02.020,0.74565,0.74585,6.40,0.60
2008.01.23 14:04:02.313,0.74565,0.74585,6.40,0.50
2008.01.23 14:04:02.730,0.74565,0.7459,6.40,10.40
2008.01.23 14:04:03.115,0.74565,0.74585,6.40,0.50
2008.01.23 14:04:03.501,0.74565,0.7459,6.40,10.40
2008.01.23 14:04:03.594,0.74565,0.74585,6.40,0.50
2008.01.23 14:04:03.914,0.74565,0.7459,6.40,10.40
2008.01.23 14:04:04.395,0.74565,0.7459,6.40,10.40
2008.01.23 14:04:04.856,0.74565,0.74585,6.40,0.50
2008.01.23 14:04:05.130,0.74565,0.74585,6.40,0.80
2008.01.23 14:04:05.408,0.74565,0.7459,6.40,10.40
2008.01.23 14:04:05.826,0.74565,0.74585,7.00,0.80
2008.01.23 14:04:06.300,0.74565,0.74585,7.30,7.50
2008.01.23 14:04:06.707,0.74565,0.7458,7.30,0.30
2008.01.23 14:04:07.118,0.74565,0.74585,6.60,13.90
2008.01.23 14:04:07.147,0.74565,0.74585,6.60,13.90
2008.01.23 14:04:07.571,0.74565,0.74585,7.30,13.90
2008.01.23 14:04:07.808,0.74565,0.74585,7.30,11.50
2008.01.23 14:04:08.046,0.74565,0.7458,7.30,0.30
2008.01.23 14:04:08.475,0.74565,0.7458,15.30,0.30
2008.01.23 14:04:08.762,0.74565,0.74585,15.30,11.50
2008.01.23 14:04:09.196,0.74565,0.74585,14.60,11.50
2008.01.23 14:04:09.508,0.74565,0.74585,14.60,11.50
2008.01.23 14:04:09.736,0.74565,0.7458,15.50,0.30
2008.01.23 14:04:09.965,0.7457,0.74585,0.30,7.50
2008.01.23 14:04:10.381,0.7457,0.74585,0.30,0.70
2008.01.23 14:04:10.829,0.7457,0.7459,0.30,6.70
2008.01.23 14:04:10.897,0.74565,0.74585,16.90,13.10
2008.01.23 14:04:11.306,0.74565,0.74585,16.90,13.10
2008.01.23 14:04:11.843,0.74565,0.74585,16.90,13.10
2008.01.23 14:04:12.251,0.74565,0.74585,15.30,15.50
2008.01.23 14:04:12.718,0.74565,0.74585,15.30,15.50
2008.01.23 14:04:12.921,0.74565,0.7458,17.20,0.30
2008.01.23 14:04:13.151,0.74565,0.7458,18.00,0.30
2008.01.23 14:04:13.551,0.74575,0.7458,1.60,0.30
2008.01.23 14:04:13.944,0.7457,0.74595,0.30,46.10
2008.01.23 14:04:14.428,0.74565,0.7458,47.70,0.30
2008.01.23 14:04:14.723,0.74565,0.7458,24.90,0.30
2008.01.23 14:04:15.017,0.74565,0.7458,24.90,0.30
2008.01.23 14:04:15.363,0.74565,0.7458,24.90,0.30
2008.01.23 14:04:15.776,0.74565,0.7458,24.90,0.30
2008.01.23 14:04:15.999,0.74565,0.7458,24.90,0.30
2008.01.23 14:04:16.919,0.74565,0.7458,24.90,0.30
2008.01.23 14:04:17.201,0.74565,0.7458,23.30,0.30
2008.01.23 14:04:17.643,0.74565,0.7458,23.30,0.30
2008.01.23 14:04:17.898,0.74565,0.74575,23.00,0.30
2008.01.23 14:04:18.151,0.74565,0.74575,23.30,0.30
2008.01.23 14:04:18.572,0.74565,0.7458,27.50,0.30
2008.01.23 14:04:19.021,0.7457,0.7458,1.40,0.30
2008.01.23 14:04:19.274,0.7457,0.74585,0.60,2.70
2008.01.23 14:04:19.527,0.7457,0.74585,0.50,2.40
2008.01.23 14:04:19.904,0.74565,0.74585,23.80,4.80
2008.01.23 14:04:20.298,0.74565,0.74585,24.20,4.80
2008.01.23 14:04:20.695,0.74565,0.74585,24.20,4.80
2008.01.23 14:04:21.017,0.74565,0.74585,24.20,4.80
2008.01.23 14:04:21.342,0.74565,0.74585,16.20,8.80
2008.01.23 14:04:21.760,0.74565,0.74595,37.80,41.00
2008.01.23 14:04:22.186,0.74565,0.74595,37.80,33.00
2008.01.23 14:04:22.414,0.74565,0.74595,37.40,33.80
2008.01.23 14:04:22.642,0.74565,0.74595,37.40,32.00
2008.01.23 14:04:23.045,0.74565,0.74595,37.40,32.00
2008.01.23 14:04:23.264,0.74565,0.7459,35.00,2.40
2008.01.23 14:04:23.484,0.74565,0.7459,35.00,2.40
2008.01.23 14:04:23.907,0.74565,0.7459,35.00,2.40
2008.01.23 14:04:24.376,0.74565,0.74595,37.40,32.00
2008.01.23 14:04:24.648,0.74565,0.74595,37.40,31.20
2008.01.23 14:04:24.921,0.74565,0.74595,37.40,32.00
2008.01.23 14:04:25.301,0.74565,0.74595,17.40,40.30
2008.01.23 14:04:25.732,0.74565,0.74595,17.40,40.30
2008.01.23 14:04:25.965,0.74565,0.74595,45.40,32.00
2008.01.23 14:04:26.229,0.74565,0.74585,23.00,5.60
2008.01.23 14:04:26.641,0.74565,0.74585,37.40,3.20
2008.01.23 14:04:27.104,0.74565,0.74595,45.40,32.00
2008.01.23 14:04:27.505,0.74565,0.7459,43.00,2.40
2008.01.23 14:04:27.926,0.74565,0.7459,43.00,2.40
2008.01.23 14:04:28.135,0.74565,0.7459,43.00,2.40
2008.01.23 14:04:28.414,0.74565,0.7459,43.00,2.40
2008.01.23 14:04:28.831,0.74565,0.74585,23.00,4.80
2008.01.23 14:04:29.295,0.74565,0.74585,43.00,2.40
2008.01.23 14:04:29.691,0.74565,0.7459,43.00,2.40
2008.01.23 14:04:29.894,0.74565,0.74585,23.00,8.80
2008.01.23 14:04:30.131,0.74565,0.74585,31.00,8.80
2008.01.23 14:04:30.532,0.74565,0.74595,45.40,33.20
2008.01.23 14:04:30.840,0.74565,0.7459,43.00,2.40
2008.01.23 14:04:31.149,0.74565,0.7459,43.00,2.40
2008.01.23 14:04:31.569,0.74565,0.7459,43.00,2.40
2008.01.23 14:04:31.991,0.74565,0.74595,45.40,16.80
2008.01.23 14:04:32.224,0.74565,0.74595,45.40,28.80
2008.01.23 14:04:32.466,0.74565,0.74595,45.40,28.80
2008.01.23 14:04:32.856,0.7457,0.74595,8.00,28.80
2008.01.23 14:04:33.271,0.7457,0.74595,8.00,16.80
2008.01.23 14:04:33.485,0.74565,0.74595,45.40,19.20
2008.01.23 14:04:33.767,0.74565,0.74595,45.40,31.20
2008.01.23 14:04:34.180,0.74565,0.74595,45.40,28.80
2008.01.23 14:04:34.650,0.74565,0.74595,46.20,28.80
2008.01.23 14:04:34.872,0.74565,0.74595,46.20,28.80
2008.01.23 14:04:35.227,0.74565,0.74595,46.20,28.80
2008.01.23 14:04:35.536,0.74565,0.74595,46.20,28.80
2008.01.23 14:04:36.087,0.74565,0.74595,46.20,28.80
2008.01.23 14:04:37.169,0.74565,0.74595,46.20,28.80
2008.01.23 14:04:37.413,0.74565,0.74595,46.20,28.80
2008.01.23 14:04:37.849,0.74565,0.7459,44.00,2.40
2008.01.23 14:04:38.094,0.74565,0.7459,44.00,2.40
2008.01.23 14:04:38.523,0.74565,0.7459,44.00,2.40
2008.01.23 14:04:38.847,0.74565,0.7459,43.20,2.40
2008.01.23 14:04:39.104,0.74565,0.7459,43.20,2.40
2008.01.23 14:04:39.340,0.74565,0.7459,43.00,2.40
2008.01.23 14:04:39.759,0.74565,0.7459,43.00,2.40
2008.01.23 14:04:40.184,0.74565,0.7459,43.00,2.40
2008.01.23 14:04:40.433,0.74565,0.7459,43.00,2.40
2008.01.23 14:04:40.680,0.74565,0.7459,43.00,2.40
2008.01.23 14:04:41.105,0.74565,0.7459,43.00,2.40
2008.01.23 14:04:41.541,0.74565,0.7459,43.00,2.40
2008.01.23 14:04:41.819,0.74565,0.7459,43.00,2.40
2008.01.23 14:04:42.098,0.74565,0.74585,34.40,4.00
2008.01.23 14:04:42.514,0.74565,0.74585,22.40,4.00
2008.01.23 14:04:42.540,0.74565,0.74585,22.40,0.50
2008.01.23 14:04:42.716,0.74565,0.7459,22.40,9.60
2008.01.23 14:04:42.923,0.74565,0.7459,43.00,0.80
2008.01.23 14:04:43.325,0.74565,0.7459,43.00,0.60
2008.01.23 14:04:43.724,0.74565,0.74595,43.00,35.20
2008.01.23 14:04:43.827,0.74565,0.7459,43.00,0.70
2008.01.23 14:04:44.241,0.74565,0.7459,23.00,8.80
2008.01.23 14:04:44.725,0.74565,0.74585,16.60,0.50
2008.01.23 14:04:45.152,0.74565,0.7459,23.00,12.00
2008.01.23 14:04:45.386,0.74565,0.7459,23.00,11.20
2008.01.23 14:04:45.619,0.74565,0.74585,23.00,0.70
2008.01.23 14:04:46.019,0.74565,0.7459,23.00,11.20
2008.01.23 14:04:46.421,0.74565,0.74585,23.00,0.90
2008.01.23 14:04:46.826,0.74565,0.7459,23.00,11.20
2008.01.23 14:04:46.931,0.74565,0.74585,23.00,0.80
2008.01.23 14:04:47.344,0.74565,0.74585,23.00,0.70
2008.01.23 14:04:47.837,0.74565,0.7459,23.00,12.00
2008.01.23 14:04:48.725,0.74565,0.74585,23.00,0.90
2008.01.23 14:04:49.139,0.74565,0.7459,23.00,12.00
2008.01.23 14:04:49.538,0.74565,0.74585,23.00,0.60
2008.01.23 14:04:49.746,0.74565,0.7459,23.00,12.00
2008.01.23 14:04:50.064,0.74565,0.7459,23.00,11.20
2008.01.23 14:04:50.473,0.74565,0.7459,23.00,8.80
2008.01.23 14:04:50.981,0.74565,0.7459,23.00,8.80
2008.01.23 14:04:51.185,0.74565,0.74585,23.00,0.80
2008.01.23 14:04:51.827,0.74565,0.74585,23.00,0.60
2008.01.23 14:04:52.256,0.74565,0.7459,23.00,8.80
2008.01.23 14:04:53.289,0.74565,0.7459,23.00,8.80
2008.01.23 14:04:53.624,0.74565,0.74585,23.00,0.60
2008.01.23 14:04:54.055,0.74565,0.7459,23.00,8.80
2008.01.23 14:04:54.496,0.74565,0.7459,23.00,8.80
2008.01.23 14:04:54.910,0.74565,0.74595,23.00,42.90
2008.01.23 14:04:55.329,0.74565,0.7459,23.00,9.60
2008.01.23 14:04:55.782,0.74565,0.7459,23.00,9.60
2008.01.23 14:04:55.856,0.74565,0.7459,18.40,9.60
2008.01.23 14:04:56.278,0.74565,0.7459,18.40,10.40
2008.01.23 14:04:56.665,0.74565,0.74585,18.40,0.70
2008.01.23 14:04:57.056,0.74565,0.7459,14.40,14.00
2008.01.23 14:04:57.245,0.74565,0.74585,14.40,25.90
2008.01.23 14:04:57.473,0.74565,0.74585,14.40,34.70
2008.01.23 14:04:57.943,0.74565,0.7458,13.30,7.20
2008.01.23 14:04:58.422,0.74565,0.74575,13.30,0.60
2008.01.23 14:04:58.907,0.74555,0.74575,17.60,0.90
2008.01.23 14:04:58.956,0.74555,0.7458,3.20,10.90
2008.01.23 14:04:59.372,0.74555,0.74575,1.60,0.80
2008.01.23 14:04:59.809,0.74555,0.7458,1.60,5.90
2008.01.23 14:05:00.031,0.74555,0.74575,1.60,0.70
2008.01.23 14:05:00.254,0.74555,0.74575,1.60,0.70
2008.01.23 14:05:00.673,0.7455,0.74575,10.40,0.80
2008.01.23 14:05:01.082,0.7455,0.74575,10.40,0.60
2008.01.23 14:05:01.304,0.7455,0.7458,10.40,8.00
2008.01.23 14:05:01.653,0.7455,0.74575,10.40,0.90
2008.01.23 14:05:01.941,0.7455,0.74575,10.40,0.60
2008.01.23 14:05:02.458,0.7455,0.74575,10.40,0.50
2008.01.23 14:05:02.979,0.74555,0.7458,2.40,10.60
2008.01.23 14:05:03.367,0.74555,0.74575,6.40,0.80
2008.01.23 14:05:03.750,0.74555,0.7458,6.40,10.60
2008.01.23 14:05:04.105,0.74555,0.7458,2.40,10.60
2008.01.23 14:05:04.598,0.74555,0.7458,2.40,13.00
2008.01.23 14:05:04.897,0.74555,0.7458,23.20,12.20
2008.01.23 14:05:05.196,0.74555,0.7458,10.40,10.40
2008.01.23 14:05:05.535,0.7455,0.74575,8.00,0.90
2008.01.23 14:05:05.762,0.7455,0.7458,10.40,10.40
2008.01.23 14:05:06.148,0.7455,0.74575,10.40,0.70
2008.01.23 14:05:06.414,0.7455,0.74575,10.40,0.80
2008.01.23 14:05:06.871,0.7455,0.7458,8.00,10.40
2008.01.23 14:05:07.134,0.7455,0.74575,8.00,0.70
2008.01.23 14:05:07.388,0.74545,0.74575,31.00,0.50
2008.01.23 14:05:07.802,0.74545,0.74575,31.00,0.80
2008.01.23 14:05:08.251,0.74545,0.74575,31.00,0.80
2008.01.23 14:05:08.445,0.7455,0.7458,2.40,44.20
2008.01.23 14:05:08.665,0.74545,0.7458,39.00,44.50
2008.01.23 14:05:09.050,0.74545,0.74565,31.00,0.70
2008.01.23 14:05:09.243,0.74545,0.74575,31.00,28.20
2008.01.23 14:05:09.476,0.74545,0.74575,31.00,0.70
2008.01.23 14:05:09.994,0.74545,0.74565,31.00,0.90
2008.01.23 14:05:10.513,0.74545,0.7457,28.60,5.60
2008.01.23 14:05:10.712,0.74545,0.74565,28.60,0.90
2008.01.23 14:05:10.926,0.74545,0.7457,28.60,9.60
2008.01.23 14:05:11.333,0.74545,0.7457,28.60,9.60
2008.01.23 14:05:11.595,0.74545,0.7457,28.60,10.40
2008.01.23 14:05:11.859,0.74545,0.74565,28.60,0.90
2008.01.23 14:05:12.260,0.74545,0.7457,28.60,10.40
2008.01.23 14:05:12.267,0.74545,0.74565,31.00,0.50
2008.01.23 14:05:12.731,0.74545,0.7457,31.00,7.20
2008.01.23 14:05:13.002,0.74545,0.74565,31.00,0.70
2008.01.23 14:05:14.332,0.74545,0.7457,31.00,4.80
2008.01.23 14:05:15.150,0.74545,0.7457,17.40,4.80
2008.01.23 14:05:15.408,0.74545,0.74575,9.40,39.40
2008.01.23 14:05:16.357,0.74545,0.74565,9.40,0.90
2008.01.23 14:05:16.750,0.74545,0.74565,9.40,0.90
2008.01.23 14:05:16.947,0.74545,0.74575,31.80,31.40
2008.01.23 14:05:17.316,0.74545,0.7458,31.80,36.20
2008.01.23 14:05:17.767,0.74545,0.74575,31.80,31.40
2008.01.23 14:05:18.197,0.74545,0.74575,31.80,31.40
2008.01.23 14:05:18.436,0.74545,0.74565,5.40,0.80
2008.01.23 14:05:18.720,0.74545,0.7457,5.40,7.50
2008.01.23 14:05:19.142,0.74545,0.74565,5.40,0.70
2008.01.23 14:05:19.609,0.74545,0.7457,5.40,10.70
2008.01.23 14:05:19.817,0.74545,0.74565,5.40,0.70
2008.01.23 14:05:20.030,0.74545,0.74565,5.40,0.80
2008.01.23 14:05:20.451,0.74545,0.74565,5.40,0.90
2008.01.23 14:05:20.914,0.74545,0.74565,5.40,0.90
2008.01.23 14:05:21.391,0.74545,0.7457,6.60,9.90
2008.01.23 14:05:21.660,0.74545,0.74565,5.40,0.70
2008.01.23 14:05:21.949,0.74545,0.74565,31.80,0.90
2008.01.23 14:05:22.370,0.74545,0.74565,17.40,0.80
2008.01.23 14:05:22.845,0.74545,0.7457,7.00,10.40
2008.01.23 14:05:23.267,0.74545,0.7457,7.00,10.40
2008.01.23 14:05:23.686,0.74545,0.7457,30.20,8.00
2008.01.23 14:05:24.096,0.74545,0.74565,3.20,0.70
2008.01.23 14:05:24.490,0.74545,0.74565,2.40,0.60
2008.01.23 14:05:24.688,0.74545,0.74565,2.40,0.80
2008.01.23 14:05:24.914,0.74545,0.7457,24.00,10.40
2008.01.23 14:05:25.426,0.74545,0.7457,31.00,8.80
2008.01.23 14:05:25.941,0.74545,0.74575,34.20,34.20
2008.01.23 14:05:26.125,0.74545,0.74565,34.20,0.80
2008.01.23 14:05:26.346,0.74545,0.74565,34.20,0.50
2008.01.23 14:05:26.720,0.74545,0.74575,42.20,0.90
2008.01.23 14:05:27.094,0.74545,0.74575,29.40,35.00
2008.01.23 14:05:27.427,0.74545,0.74575,31.20,0.60
2008.01.23 14:05:27.761,0.74545,0.74565,28.80,0.70
2008.01.23 14:05:27.950,0.74545,0.7457,28.00,5.60
2008.01.23 14:05:28.175,0.74545,0.7457,28.00,5.60
2008.01.23 14:05:28.552,0.74545,0.74565,2.40,0.50
2008.01.23 14:05:28.742,0.74545,0.74565,3.00,0.70
2008.01.23 14:05:29.041,0.74545,0.7457,3.00,9.60
2008.01.23 14:05:29.381,0.74545,0.7457,29.40,0.80
2008.01.23 14:05:29.608,0.74545,0.7458,29.40,36.10
2008.01.23 14:05:30.010,0.74545,0.7458,29.40,34.90
2008.01.23 14:05:30.270,0.74545,0.74575,35.80,0.80
2008.01.23 14:05:30.773,0.7455,0.7457,8.00,0.60
2008.01.23 14:05:31.266,0.74545,0.7457,28.60,0.80
2008.01.23 14:05:31.294,0.7455,0.74575,8.00,19.20
2008.01.23 14:05:31.697,0.7455,0.74575,10.40,0.60
2008.01.23 14:05:32.107,0.7455,0.7458,10.40,5.40
2008.01.23 14:05:32.541,0.7455,0.7458,10.40,22.30
2008.01.23 14:05:32.974,0.7455,0.7458,2.40,29.90
2008.01.23 14:05:33.212,0.74545,0.74575,17.40,24.80
2008.01.23 14:05:33.451,0.74555,0.74575,2.40,0.70
2008.01.23 14:05:33.893,0.74555,0.7458,2.40,9.60
2008.01.23 14:05:34.330,0.74555,0.7458,2.40,9.60
2008.01.23 14:05:34.537,0.74555,0.7458,2.40,11.40
2008.01.23 14:05:36.219,0.74555,0.74575,2.40,0.70
2008.01.23 14:05:36.477,0.74545,0.7458,49.50,25.10
2008.01.23 14:05:36.551,0.7455,0.74575,2.40,0.60
2008.01.23 14:05:36.779,0.74545,0.74575,49.50,22.70
2008.01.23 14:05:38.951,0.74545,0.7458,39.90,31.20
2008.01.23 14:05:39.200,0.74545,0.74585,36.20,52.30
2008.01.23 14:05:39.522,0.74545,0.7458,43.80,16.30
2008.01.23 14:05:39.832,0.74545,0.7458,43.80,17.10
2008.01.23 14:05:39.956,0.74545,0.7458,43.80,17.10
2008.01.23 14:05:40.182,0.74545,0.74575,43.80,0.60
2008.01.23 14:05:40.714,0.74545,0.7458,43.80,18.70
2008.01.23 14:05:41.246,0.7455,0.74575,1.60,18.40
2008.01.23 14:05:41.654,0.7455,0.74575,9.60,4.00
2008.01.23 14:05:42.056,0.7455,0.74575,9.60,4.00
2008.01.23 14:05:42.491,0.7455,0.74575,2.40,16.00
2008.01.23 14:05:42.735,0.74555,0.74585,0.60,46.10
2008.01.23 14:05:42.978,0.7455,0.74585,10.40,39.30
2008.01.23 14:05:43.398,0.7455,0.74575,10.40,1.80
2008.01.23 14:05:43.848,0.7455,0.7458,10.40,0.80
2008.01.23 14:05:44.308,0.7455,0.7458,10.40,0.80
2008.01.23 14:05:44.368,0.74555,0.74585,0.60,41.50
2008.01.23 14:05:44.713,0.74555,0.74585,0.60,43.30
2008.01.23 14:05:46.776,0.7455,0.74585,10.40,43.30
2008.01.23 14:05:47.090,0.7455,0.7458,10.40,2.40
2008.01.23 14:05:47.383,0.7455,0.7458,10.40,2.40
2008.01.23 14:05:47.477,0.74545,0.74565,38.20,2.40
2008.01.23 14:05:47.704,0.7455,0.74565,8.00,2.40
2008.01.23 14:05:47.989,0.74555,0.74575,0.60,9.60
2008.01.23 14:05:48.129,0.74555,0.74575,0.60,10.60
2008.01.23 14:05:48.659,0.74555,0.7458,0.60,2.40
2008.01.23 14:05:48.994,0.74555,0.7458,0.60,2.40
2008.01.23 14:05:49.605,0.74555,0.7458,0.60,2.40
2008.01.23 14:05:49.786,0.74555,0.7458,0.60,2.40
2008.01.23 14:05:50.001,0.74555,0.7458,0.60,2.40
2008.01.23 14:05:50.470,0.74555,0.7458,0.60,2.40
2008.01.23 14:05:50.748,0.74555,0.7458,0.60,2.40
2008.01.23 14:05:51.026,0.74555,0.7458,0.60,2.40
2008.01.23 14:05:51.403,0.74555,0.7458,0.60,2.40
2008.01.23 14:05:51.828,0.74555,0.7458,0.60,2.40
2008.01.23 14:05:51.858,0.74555,0.7458,0.60,2.40
2008.01.23 14:05:52.279,0.74555,0.7458,0.60,2.40
2008.01.23 14:05:52.752,0.74555,0.7458,0.60,2.40
2008.01.23 14:05:53.229,0.74555,0.7458,0.60,2.40
2008.01.23 14:05:53.657,0.74555,0.7458,0.60,2.40
2008.01.23 14:05:54.052,0.74555,0.7458,0.60,2.40
2008.01.23 14:05:54.254,0.74555,0.7458,0.60,2.40
2008.01.23 14:05:54.599,0.74555,0.7458,0.60,2.40
2008.01.23 14:05:56.892,0.74555,0.74575,4.60,6.40
2008.01.23 14:05:57.132,0.74555,0.74575,0.60,8.80
2008.01.23 14:05:57.389,0.74555,0.74575,4.60,8.80
2008.01.23 14:05:57.443,0.74555,0.74575,7.00,8.80
2008.01.23 14:05:57.665,0.74555,0.74575,7.00,8.80
2008.01.23 14:05:57.963,0.74555,0.74575,7.00,8.80
2008.01.23 14:05:58.769,0.74555,0.74575,4.60,8.80
2008.01.23 14:05:59.182,0.74555,0.74575,4.60,8.80
2008.01.23 14:05:59.557,0.74555,0.74575,0.60,8.80
2008.01.23 14:05:59.741,0.74555,0.74575,0.60,8.80
2008.01.23 14:05:59.972,0.74555,0.74575,0.60,8.80
2008.01.23 14:06:00.349,0.74555,0.74575,0.60,8.80
2008.01.23 14:06:00.835,0.74555,0.74575,0.60,8.80
2008.01.23 14:06:01.362,0.74555,0.74575,0.60,8.80
2008.01.23 14:06:01.790,0.74555,0.74575,0.60,8.80
2008.01.23 14:06:02.032,0.74555,0.74575,0.60,8.80
2008.01.23 14:06:02.270,0.74555,0.74575,0.60,8.80
2008.01.23 14:06:02.686,0.74555,0.74575,4.60,8.80
2008.01.23 14:06:02.925,0.74555,0.74575,4.60,8.80
2008.01.23 14:06:03.639,0.74555,0.74575,4.60,8.80
2008.01.23 14:06:04.020,0.74555,0.74575,24.60,4.80
2008.01.23 14:06:05.612,0.74555,0.74575,24.60,4.80
2008.01.23 14:06:06.081,0.74555,0.74575,24.60,4.80
2008.01.23 14:06:06.367,0.74555,0.74575,24.60,4.80
2008.01.23 14:06:06.578,0.74555,0.74575,24.60,4.80
2008.01.23 14:06:06.976,0.74555,0.74575,24.60,4.80
2008.01.23 14:06:08.825,0.74555,0.74575,24.60,4.80
2008.01.23 14:06:09.143,0.74555,0.74575,24.60,4.80
2008.01.23 14:06:09.459,0.74555,0.74575,0.60,8.80
2008.01.23 14:06:10.174,0.74555,0.74575,0.60,8.80
2008.01.23 14:06:10.953,0.74555,0.74575,0.60,8.80
2008.01.23 14:06:11.456,0.74555,0.74575,0.60,8.80
2008.01.23 14:06:14.212,0.74555,0.74575,0.60,8.80
2008.01.23 14:06:14.480,0.74555,0.74575,0.60,8.80
2008.01.23 14:06:14.617,0.74555,0.7458,0.60,9.60
2008.01.23 14:06:15.465,0.74555,0.74575,0.60,8.80
2008.01.23 14:06:16.319,0.74555,0.74575,0.60,8.80
2008.01.23 14:06:16.812,0.74555,0.74575,0.60,8.80
2008.01.23 14:06:17.625,0.74555,0.74575,0.60,8.80
2008.01.23 14:06:19.711,0.74555,0.74575,0.60,8.80
2008.01.23 14:06:20.970,0.74555,0.74575,0.60,8.80
2008.01.23 14:06:21.320,0.74555,0.74575,0.60,8.80
2008.01.23 14:06:21.735,0.74555,0.74575,0.60,8.80
2008.01.23 14:06:21.979,0.74555,0.74575,0.60,8.80
2008.01.23 14:06:22.224,0.74555,0.74575,0.60,8.80
2008.01.23 14:06:22.663,0.7455,0.74575,0.50,20.80
2008.01.23 14:06:24.320,0.7455,0.74575,0.50,20.80
2008.01.23 14:06:24.542,0.7455,0.74575,8.40,8.80
2008.01.23 14:06:24.779,0.7455,0.74575,8.40,8.80
2008.01.23 14:06:24.806,0.7455,0.74575,8.00,8.80
2008.01.23 14:06:25.052,0.7455,0.74575,8.00,8.80
2008.01.23 14:06:25.302,0.7455,0.74575,8.00,8.80
2008.01.23 14:06:25.330,0.7455,0.74575,8.00,8.80
2008.01.23 14:06:25.668,0.7455,0.74575,8.00,8.80
2008.01.23 14:06:26.186,0.7455,0.74575,8.00,8.80
2008.01.23 14:06:26.708,0.7455,0.74575,8.00,8.80
2008.01.23 14:06:26.962,0.7455,0.74575,8.00,10.90
2008.01.23 14:06:27.215,0.7455,0.74575,8.00,10.90
2008.01.23 14:06:27.469,0.7455,0.74575,8.00,8.80
2008.01.23 14:06:27.681,0.7455,0.74575,8.00,8.80
2008.01.23 14:06:27.880,0.7455,0.74575,8.00,8.80
2008.01.23 14:06:28.103,0.7455,0.74575,8.00,8.80
2008.01.23 14:06:28.486,0.7455,0.74575,8.00,8.80
2008.01.23 14:06:28.748,0.7455,0.74575,8.00,9.60
2008.01.23 14:06:29.543,0.7455,0.74575,8.00,9.60
2008.01.23 14:06:29.942,0.74545,0.74575,30.50,21.60
2008.01.23 14:06:30.396,0.74545,0.74575,32.10,21.60
2008.01.23 14:06:30.643,0.74545,0.74575,31.30,21.60
2008.01.23 14:06:30.931,0.7455,0.74575,8.00,9.60
2008.01.23 14:06:31.347,0.7455,0.74575,8.00,8.80
2008.01.23 14:06:31.826,0.7455,0.74575,8.00,8.80
2008.01.23 14:06:32.035,0.74545,0.74575,30.50,21.60
2008.01.23 14:06:32.246,0.7455,0.74575,2.40,19.20
2008.01.23 14:06:32.645,0.74545,0.74575,38.50,21.60
2008.01.23 14:06:32.667,0.74545,0.74575,30.50,21.60
2008.01.23 14:06:33.106,0.74545,0.74575,30.50,8.80
2008.01.23 14:06:33.352,0.7455,0.74575,10.40,6.40
2008.01.23 14:06:33.600,0.7455,0.74575,10.40,4.00
2008.01.23 14:06:34.009,0.7455,0.74575,8.00,8.80
2008.01.23 14:06:34.492,0.7455,0.74575,8.00,8.80
2008.01.23 14:06:34.787,0.7455,0.74575,10.40,14.40
2008.01.23 14:06:35.033,0.74545,0.74575,40.10,20.80
2008.01.23 14:06:35.476,0.74545,0.74575,40.10,22.60
2008.01.23 14:06:35.720,0.74545,0.74575,32.10,25.00
2008.01.23 14:06:35.934,0.74545,0.74575,32.10,25.00
2008.01.23 14:06:36.123,0.74545,0.74575,32.20,25.00
2008.01.23 14:06:36.355,0.74545,0.74575,32.20,25.00
2008.01.23 14:06:36.736,0.74545,0.74575,32.10,25.80
2008.01.23 14:06:37.857,0.74545,0.74575,32.10,25.80
2008.01.23 14:06:37.861,0.7454,0.74575,33.50,25.80
2008.01.23 14:06:38.160,0.7454,0.74565,33.30,6.40
2008.01.23 14:06:38.410,0.74545,0.7457,8.20,0.80
2008.01.23 14:06:38.600,0.74545,0.7457,2.00,0.80
2008.01.23 14:06:38.809,0.7454,0.74575,31.10,27.40
2008.01.23 14:06:39.228,0.7454,0.74575,31.00,27.40
2008.01.23 14:06:39.506,0.74545,0.74565,2.20,6.40
2008.01.23 14:06:39.785,0.74545,0.74565,14.20,2.40
2008.01.23 14:06:40.218,0.74545,0.74575,6.10,26.60
2008.01.23 14:06:40.651,0.7454,0.74575,31.90,26.60
2008.01.23 14:06:40.882,0.74545,0.74575,2.30,27.40
2008.01.23 14:06:41.115,0.7454,0.74575,31.90,27.40
2008.01.23 14:06:41.527,0.7454,0.74575,31.10,27.40
2008.01.23 14:06:41.755,0.7454,0.74565,31.10,4.00
2008.01.23 14:06:41.983,0.7454,0.74575,31.10,27.40
2008.01.23 14:06:42.393,0.74545,0.74565,9.60,2.40
2008.01.23 14:06:42.687,0.7454,0.74565,31.00,6.40
2008.01.23 14:06:42.981,0.7454,0.74565,16.80,4.00
2008.01.23 14:06:43.392,0.74545,0.74565,3.10,4.00
2008.01.23 14:06:43.617,0.7454,0.74565,16.80,4.00
2008.01.23 14:06:43.904,0.7454,0.7457,29.70,2.40
2008.01.23 14:06:44.314,0.7454,0.7457,29.70,2.40
2008.01.23 14:06:44.523,0.74535,0.7457,70.90,0.80
2008.01.23 14:06:44.757,0.7454,0.74575,30.90,26.60
2008.01.23 14:06:45.153,0.7454,0.74575,31.10,24.20
2008.01.23 14:06:45.557,0.7454,0.74575,30.90,24.20
2008.01.23 14:06:45.873,0.74545,0.74575,2.90,32.20
2008.01.23 14:06:46.187,0.7454,0.74565,18.10,2.40
2008.01.23 14:06:46.599,0.7454,0.74565,18.10,2.40
2008.01.23 14:06:47.007,0.7454,0.7457,30.30,0.80
2008.01.23 14:06:47.424,0.7454,0.74575,30.30,26.60
2008.01.23 14:06:47.483,0.74545,0.74575,3.50,26.60
2008.01.23 14:06:47.869,0.74545,0.74575,5.40,27.40
2008.01.23 14:06:48.096,0.7454,0.74575,30.30,27.40
2008.01.23 14:06:48.466,0.7454,0.74575,30.30,26.60
2008.01.23 14:06:49.579,0.7454,0.74575,30.30,26.60
2008.01.23 14:06:51.270,0.7454,0.74575,30.20,26.60
2008.01.23 14:06:51.694,0.7454,0.74575,30.50,27.40
2008.01.23 14:06:51.944,0.74545,0.74575,14.70,26.60
2008.01.23 14:06:52.194,0.74545,0.74575,10.70,24.20
2008.01.23 14:06:52.609,0.7454,0.74575,31.10,24.20
2008.01.23 14:06:52.859,0.74545,0.74575,10.50,24.20
2008.01.23 14:06:53.107,0.7454,0.74575,31.10,24.20
2008.01.23 14:06:53.544,0.74545,0.74575,15.00,24.20
2008.01.23 14:06:53.793,0.7454,0.74575,31.10,24.20
2008.01.23 14:06:54.041,0.7454,0.74575,31.10,24.20
2008.01.23 14:06:54.440,0.74545,0.74575,1.00,24.20
2008.01.23 14:06:55.326,0.74545,0.74575,14.20,24.20
2008.01.23 14:06:55.614,0.74545,0.74565,10.30,2.40
2008.01.23 14:06:55.902,0.7455,0.7457,2.70,0.80
2008.01.23 14:06:56.381,0.74545,0.74575,5.80,12.20
2008.01.23 14:06:56.776,0.74545,0.74575,35.20,24.20
2008.01.23 14:06:56.979,0.74545,0.74575,34.80,24.20
2008.01.23 14:06:57.191,0.7455,0.74575,0.50,24.20
2008.01.23 14:06:57.626,0.7455,0.74575,0.50,24.20
2008.01.23 14:06:57.871,0.7455,0.74575,0.50,24.20
2008.01.23 14:06:58.114,0.74545,0.74575,33.60,24.50
2008.01.23 14:06:58.529,0.74535,0.74575,74.70,26.90
2008.01.23 14:06:58.977,0.74545,0.74575,10.70,24.50
2008.01.23 14:06:59.047,0.74545,0.74565,1.80,4.00
2008.01.23 14:06:59.463,0.7454,0.74565,33.00,4.00
2008.01.23 14:06:59.856,0.7454,0.7457,32.80,0.80
2008.01.23 14:07:00.259,0.7454,0.74565,33.20,4.00
2008.01.23 14:07:00.472,0.7455,0.7457,26.70,0.80
2008.01.23 14:07:00.776,0.74555,0.74575,8.70,5.80
2008.01.23 14:07:01.189,0.7455,0.74575,32.20,6.40
2008.01.23 14:07:01.685,0.74555,0.74575,12.20,2.40
2008.01.23 14:07:02.107,0.74555,0.7458,10.10,2.40
2008.01.23 14:07:02.334,0.74555,0.74575,6.80,6.40
2008.01.23 14:07:02.561,0.7455,0.74575,33.10,6.40
2008.01.23 14:07:03.364,0.7455,0.74575,33.10,6.40
2008.01.23 14:07:03.758,0.7455,0.74575,33.10,2.40
2008.01.23 14:07:04.252,0.74555,0.74585,3.20,25.30
2008.01.23 14:07:04.557,0.74545,0.74575,75.90,6.40
2008.01.23 14:07:04.806,0.74545,0.74575,75.90,6.40
2008.01.23 14:07:05.171,0.7455,0.74585,41.10,25.30
2008.01.23 14:07:05.369,0.7455,0.74585,41.10,25.30
2008.01.23 14:07:05.583,0.7455,0.74585,41.10,23.50
2008.01.23 14:07:06.036,0.74555,0.74585,33.10,21.10
2008.01.23 14:07:06.303,0.74555,0.74585,33.10,21.10
2008.01.23 14:07:06.571,0.74555,0.74585,33.10,22.70
2008.01.23 14:07:07.009,0.74565,0.74585,4.00,18.70
2008.01.23 14:07:07.494,0.74555,0.74585,33.10,25.10
2008.01.23 14:07:07.978,0.74555,0.74585,33.10,22.70
2008.01.23 14:07:08.173,0.74555,0.74585,33.10,22.70
2008.01.23 14:07:09.658,0.74565,0.74585,0.30,10.40
2008.01.23 14:07:09.913,0.74565,0.74585,4.00,10.40
2008.01.23 14:07:09.991,0.74565,0.74585,4.00,22.70
2008.01.23 14:07:10.219,0.74555,0.74585,50.60,22.70
2008.01.23 14:07:10.297,0.74555,0.74585,50.60,22.70
2008.01.23 14:07:10.513,0.7456,0.74585,2.40,20.30
2008.01.23 14:07:10.800,0.7456,0.74585,2.40,20.30
2008.01.23 14:07:11.133,0.7456,0.74585,2.40,22.70
2008.01.23 14:07:11.466,0.74555,0.74585,49.10,22.70
2008.01.23 14:07:11.883,0.74555,0.74585,49.10,22.70
2008.01.23 14:07:12.288,0.7456,0.74585,2.40,20.30
2008.01.23 14:07:12.507,0.7456,0.74585,2.40,20.30
2008.01.23 14:07:12.797,0.7456,0.74585,2.60,20.00
2008.01.23 14:07:13.148,0.74565,0.74585,4.00,8.00
2008.01.23 14:07:13.622,0.74565,0.74585,4.00,8.00
2008.01.23 14:07:13.901,0.7456,0.74585,2.40,20.30
2008.01.23 14:07:14.187,0.7456,0.74585,2.40,20.30
2008.01.23 14:07:14.532,0.7456,0.74585,2.40,20.30
2008.01.23 14:07:14.935,0.74555,0.74585,59.10,22.70
2008.01.23 14:07:15.334,0.74555,0.74585,59.10,22.70
2008.01.23 14:07:15.654,0.74555,0.74585,59.10,22.70
2008.01.23 14:07:17.550,0.74555,0.74585,59.10,22.70
2008.01.23 14:07:17.781,0.74555,0.74585,57.50,22.70
2008.01.23 14:07:18.256,0.74555,0.74585,57.50,22.70
2008.01.23 14:07:18.504,0.74565,0.74585,0.90,22.70
2008.01.23 14:07:18.531,0.74555,0.74585,49.50,22.70
2008.01.23 14:07:18.746,0.74555,0.74585,49.50,0.80
2008.01.23 14:07:19.272,0.7456,0.7459,2.40,30.70
2008.01.23 14:07:19.796,0.74555,0.7459,49.50,30.70
2008.01.23 14:07:19.980,0.74555,0.74585,49.50,0.50
2008.01.23 14:07:20.595,0.74555,0.74585,49.50,0.70
2008.01.23 14:07:20.778,0.74555,0.7459,49.50,46.70
2008.01.23 14:07:20.988,0.74555,0.74585,49.50,0.80
2008.01.23 14:07:21.489,0.74555,0.7458,47.10,0.50
2008.01.23 14:07:21.793,0.74555,0.74585,49.50,0.80
2008.01.23 14:07:22.096,0.74565,0.7459,29.60,17.90
2008.01.23 14:07:22.324,0.74565,0.74585,29.60,0.70
2008.01.23 14:07:22.556,0.74565,0.74585,5.60,0.60
2008.01.23 14:07:22.967,0.74565,0.74585,1.60,0.50
2008.01.23 14:07:23.195,0.7456,0.7459,10.40,9.90
2008.01.23 14:07:23.489,0.74555,0.7459,58.30,29.90
2008.01.23 14:07:23.918,0.74555,0.7459,54.30,29.90
2008.01.23 14:07:24.408,0.74555,0.74585,54.30,0.70
2008.01.23 14:07:24.415,0.74555,0.7459,58.30,29.90
2008.01.23 14:07:24.615,0.7456,0.7459,0.30,30.70
2008.01.23 14:07:24.834,0.7456,0.74585,0.30,0.70
2008.01.23 14:07:25.216,0.7456,0.7459,2.60,38.70
2008.01.23 14:07:25.488,0.7456,0.7459,2.40,38.70
2008.01.23 14:07:25.762,0.7456,0.74585,2.40,0.80
2008.01.23 14:07:26.216,0.7456,0.7459,2.40,38.70
2008.01.23 14:07:26.835,0.7456,0.7459,2.40,38.70
2008.01.23 14:07:27.120,0.74565,0.7459,4.00,33.10
2008.01.23 14:07:27.369,0.74565,0.7459,4.00,21.10
2008.01.23 14:07:27.643,0.74555,0.7458,54.10,0.30
2008.01.23 14:07:28.058,0.7456,0.7459,2.40,42.70
2008.01.23 14:07:28.331,0.7456,0.7459,2.40,42.70
2008.01.23 14:07:28.614,0.74555,0.74585,54.10,29.10
2008.01.23 14:07:28.998,0.74555,0.74585,54.30,0.50
2008.01.23 14:07:29.189,0.7456,0.7459,2.40,42.70
2008.01.23 14:07:29.427,0.7456,0.7458,2.40,0.30
2008.01.23 14:07:29.862,0.74555,0.7458,44.80,0.30
2008.01.23 14:07:30.307,0.74555,0.74585,32.80,38.70
2008.01.23 14:07:30.752,0.74555,0.74585,32.80,38.70
2008.01.23 14:07:30.861,0.74555,0.74585,32.80,38.70
2008.01.23 14:07:31.270,0.74555,0.74585,32.80,38.70
2008.01.23 14:07:31.768,0.74555,0.7458,32.80,0.30
2008.01.23 14:07:31.980,0.74555,0.74585,41.70,28.30
2008.01.23 14:07:32.200,0.74555,0.74585,53.70,26.70
2008.01.23 14:07:32.602,0.74555,0.74585,48.80,26.70
2008.01.23 14:07:32.848,0.74555,0.74585,48.80,29.10
2008.01.23 14:07:33.090,0.7456,0.74585,2.40,26.70
2008.01.23 14:07:33.507,0.74555,0.7458,52.80,0.30
2008.01.23 14:07:33.749,0.74555,0.7458,52.80,0.30
2008.01.23 14:07:34.078,0.74555,0.7458,53.70,0.30
2008.01.23 14:07:34.438,0.74555,0.7459,53.90,45.10
2008.01.23 14:07:34.887,0.74555,0.7459,53.90,41.10
2008.01.23 14:07:35.125,0.74555,0.7458,53.70,0.30
2008.01.23 14:07:35.363,0.74555,0.74585,53.70,25.90
2008.01.23 14:07:35.780,0.74555,0.7458,53.70,0.30
2008.01.23 14:07:36.018,0.74555,0.7458,53.70,0.30
2008.01.23 14:07:36.298,0.74555,0.74585,52.80,29.10
2008.01.23 14:07:36.712,0.74555,0.7458,52.80,0.30
2008.01.23 14:07:36.988,0.74555,0.7458,52.80,0.30
2008.01.23 14:07:37.423,0.74555,0.74585,52.80,29.10
2008.01.23 14:07:39.215,0.74555,0.7458,52.80,0.30
2008.01.23 14:07:39.574,0.74555,0.74585,52.80,29.10
2008.01.23 14:07:39.992,0.74555,0.74585,53.00,0.80
2008.01.23 14:07:40.217,0.74555,0.74585,53.00,0.80
2008.01.23 14:07:40.935,0.74555,0.7458,52.80,0.30
2008.01.23 14:07:41.431,0.74555,0.74585,53.70,29.10
2008.01.23 14:07:41.638,0.74555,0.74585,53.70,26.70
2008.01.23 14:07:41.861,0.74555,0.74585,53.70,29.10
2008.01.23 14:07:42.265,0.74555,0.74585,32.80,41.10
2008.01.23 14:07:42.709,0.74555,0.74585,52.80,29.10
2008.01.23 14:07:42.958,0.74555,0.7458,52.80,0.30
2008.01.23 14:07:43.315,0.74555,0.7459,53.00,45.10
2008.01.23 14:07:43.627,0.7456,0.74585,2.40,0.90
2008.01.23 14:07:44.100,0.7456,0.7459,2.40,41.10
2008.01.23 14:07:44.570,0.7456,0.74585,2.40,0.90
2008.01.23 14:07:45.524,0.7456,0.74585,2.40,0.60
2008.01.23 14:07:46.437,0.7456,0.74585,2.40,0.70
2008.01.23 14:07:46.879,0.7456,0.7459,2.40,41.10
2008.01.23 14:07:47.323,0.7456,0.7459,2.40,41.10
2008.01.23 14:07:47.774,0.7456,0.74585,2.40,0.60
2008.01.23 14:07:49.669,0.7456,0.74585,2.40,22.70
2008.01.23 14:07:50.031,0.7456,0.74585,2.40,22.70
2008.01.23 14:07:51.447,0.7456,0.74585,2.40,22.70
2008.01.23 14:07:52.220,0.7456,0.74585,2.40,22.70
2008.01.23 14:07:52.528,0.7456,0.74585,10.40,22.70
2008.01.23 14:07:52.836,0.7456,0.74585,10.40,9.10
2008.01.23 14:07:53.268,0.74555,0.74575,25.10,1.60
2008.01.23 14:07:53.696,0.7456,0.74575,8.00,1.80
2008.01.23 14:07:54.125,0.74555,0.7458,45.80,0.30
2008.01.23 14:07:54.342,0.74555,0.7458,45.80,0.30
2008.01.23 14:07:54.560,0.74555,0.74585,46.20,31.50
2008.01.23 14:07:54.973,0.74555,0.74585,35.50,39.50
2008.01.23 14:07:55.230,0.74555,0.74575,22.60,1.60
2008.01.23 14:07:55.488,0.74555,0.74575,31.30,9.80
2008.01.23 14:07:55.907,0.74555,0.74575,45.00,1.80
2008.01.23 14:07:56.350,0.74555,0.7458,42.40,2.70
2008.01.23 14:07:56.797,0.74555,0.74575,18.40,6.70
2008.01.23 14:07:57.045,0.74555,0.74575,15.20,9.10
2008.01.23 14:07:57.386,0.74555,0.74575,15.20,9.10
2008.01.23 14:07:57.695,0.74555,0.74575,15.20,9.90
2008.01.23 14:07:58.115,0.74555,0.7457,15.20,0.30
2008.01.23 14:07:58.342,0.74555,0.74565,15.20,6.40
2008.01.23 14:07:58.617,0.74555,0.74575,15.20,31.70
2008.01.23 14:07:59.029,0.74555,0.74575,15.20,13.30
2008.01.23 14:07:59.499,0.74555,0.74575,15.20,27.50
2008.01.23 14:07:59.696,0.74555,0.74575,15.20,29.10
2008.01.23 14:07:59.903,0.74555,0.74575,15.20,30.90
2008.01.23 14:08:00.295,0.74555,0.74575,15.20,29.30
2008.01.23 14:08:00.370,0.74555,0.74575,15.20,29.30
2008.01.23 14:08:00.710,0.74555,0.74575,15.20,27.70
2008.01.23 14:08:01.019,0.74555,0.7457,15.20,0.30
2008.01.23 14:08:01.328,0.74555,0.7457,16.80,0.30
2008.01.23 14:08:01.746,0.74555,0.74575,10.40,13.10
2008.01.23 14:08:02.179,0.74555,0.74575,10.40,13.10
2008.01.23 14:08:02.625,0.74555,0.74575,7.20,11.50
2008.01.23 14:08:02.838,0.74555,0.7457,7.20,0.30
2008.01.23 14:08:03.052,0.74555,0.7457,7.20,0.30
2008.01.23 14:08:03.459,0.74555,0.74565,7.20,4.00
2008.01.23 14:08:03.674,0.74555,0.74565,7.20,6.40
2008.01.23 14:08:03.967,0.74555,0.74565,7.20,6.40
2008.01.23 14:08:04.380,0.74555,0.74565,0.10,6.40
2008.01.23 14:08:04.861,0.74545,0.74565,17.70,6.40
2008.01.23 14:08:05.098,0.74545,0.74565,17.70,6.40
2008.01.23 14:08:05.336,0.74545,0.74565,17.70,6.40
2008.01.23 14:08:05.748,0.74545,0.74565,16.80,6.40
2008.01.23 14:08:05.957,0.74545,0.74565,16.80,6.70
2008.01.23 14:08:06.170,0.74545,0.74565,14.40,9.10
2008.01.23 14:08:06.566,0.74545,0.74565,10.40,9.10
2008.01.23 14:08:06.590,0.74545,0.74565,10.40,10.90
2008.01.23 14:08:06.998,0.74545,0.74565,14.40,0.50
2008.01.23 14:08:07.519,0.74545,0.7457,14.40,13.30
2008.01.23 14:08:08.048,0.74545,0.7456,8.00,0.30
2008.01.23 14:08:08.822,0.74545,0.7456,8.00,0.30
2008.01.23 14:08:09.000,0.74545,0.74575,10.40,68.00
2008.01.23 14:08:09.287,0.74545,0.74575,8.00,68.00
2008.01.23 14:08:09.708,0.74545,0.74565,8.00,30.10
2008.01.23 14:08:10.183,0.74545,0.74565,8.00,34.10
2008.01.23 14:08:10.623,0.74545,0.7457,8.00,41.30
2008.01.23 14:08:10.866,0.74535,0.7456,35.40,2.70
2008.01.23 14:08:11.111,0.7454,0.74555,8.00,0.50
2008.01.23 14:08:11.466,0.74545,0.7457,2.40,18.90
2008.01.23 14:08:11.655,0.7454,0.74565,0.80,0.80
2008.01.23 14:08:11.873,0.7454,0.74565,0.80,0.50
2008.01.23 14:08:12.258,0.7454,0.74565,8.80,0.60
2008.01.23 14:08:12.758,0.74545,0.74575,2.40,71.70
2008.01.23 14:08:12.865,0.74545,0.74575,2.40,71.70
2008.01.23 14:08:13.281,0.74545,0.74565,2.40,0.60
2008.01.23 14:08:13.688,0.7454,0.7457,0.80,34.90
2008.01.23 14:08:13.902,0.74545,0.7457,2.70,16.50
2008.01.23 14:08:14.119,0.74545,0.7457,2.70,16.50
2008.01.23 14:08:14.518,0.74545,0.7457,0.40,28.50
2008.01.23 14:08:14.805,0.74545,0.74565,0.40,0.50
2008.01.23 14:08:15.283,0.74545,0.7457,0.40,36.50
2008.01.23 14:08:15.566,0.74545,0.7457,0.40,36.50
2008.01.23 14:08:15.994,0.74545,0.7457,0.40,38.90
2008.01.23 14:08:16.698,0.74545,0.7457,0.40,38.90
2008.01.23 14:08:17.116,0.74535,0.7457,36.40,26.90
2008.01.23 14:08:17.345,0.74535,0.7457,36.40,38.90
2008.01.23 14:08:17.648,0.74535,0.7457,36.40,38.90
2008.01.23 14:08:17.995,0.7454,0.7457,2.40,41.30
2008.01.23 14:08:18.412,0.7454,0.74565,2.40,0.70
2008.01.23 14:08:18.642,0.74535,0.7457,36.40,41.30
2008.01.23 14:08:18.870,0.74535,0.74565,36.40,0.60
2008.01.23 14:08:19.099,0.74535,0.74565,36.40,0.50
2008.01.23 14:08:19.329,0.7454,0.74565,2.40,0.90
2008.01.23 14:08:19.742,0.7454,0.7457,2.40,38.90
2008.01.23 14:08:22.052,0.7454,0.7457,0.30,38.90
2008.01.23 14:08:22.298,0.74535,0.7457,36.40,31.50
2008.01.23 14:08:22.356,0.7454,0.7457,2.40,31.50
2008.01.23 14:08:22.579,0.7454,0.74565,2.40,0.60
2008.01.23 14:08:22.832,0.7454,0.74565,2.40,0.50
2008.01.23 14:08:23.153,0.7454,0.7457,2.40,30.90
2008.01.23 14:08:23.684,0.7454,0.74565,10.60,0.90
2008.01.23 14:08:23.821,0.74535,0.7457,36.40,31.50
2008.01.23 14:08:24.241,0.7454,0.7457,0.30,19.50
2008.01.23 14:08:24.609,0.74535,0.74565,44.40,0.50
2008.01.23 14:08:24.982,0.74535,0.7457,36.40,31.50
2008.01.23 14:08:25.162,0.74535,0.7457,44.40,33.10
2008.01.23 14:08:25.385,0.7454,0.74565,2.40,0.90
2008.01.23 14:08:25.880,0.7454,0.74565,10.40,0.60
2008.01.23 14:08:26.382,0.7454,0.7457,10.40,11.50
2008.01.23 14:08:26.577,0.7454,0.7457,10.40,11.50
2008.01.23 14:08:26.799,0.7454,0.7457,10.40,9.10
2008.01.23 14:08:27.183,0.7454,0.74565,8.00,11.50
2008.01.23 14:08:27.574,0.7454,0.74565,2.40,22.70
2008.01.23 14:08:28.077,0.7454,0.74565,8.00,0.90
2008.01.23 14:08:28.581,0.7454,0.74575,8.00,73.70
2008.01.23 14:08:28.989,0.7454,0.74565,8.20,0.80
2008.01.23 14:08:29.185,0.74545,0.7457,5.60,9.10
2008.01.23 14:08:29.423,0.74545,0.7457,5.60,9.10
2008.01.23 14:08:29.621,0.74545,0.7457,5.60,9.10
2008.01.23 14:08:29.915,0.74545,0.74565,5.60,0.70
2008.01.23 14:08:30.400,0.74545,0.7457,5.60,9.10
2008.01.23 14:08:30.693,0.74545,0.7457,5.60,9.10
2008.01.23 14:08:31.005,0.74545,0.7457,5.60,9.10
2008.01.23 14:08:31.349,0.74545,0.74565,5.60,0.50
2008.01.23 14:08:31.775,0.74545,0.7457,5.60,9.10
2008.01.23 14:08:32.054,0.74545,0.7457,5.60,9.10
2008.01.23 14:08:32.331,0.74545,0.74565,5.60,0.80
2008.01.23 14:08:32.751,0.74545,0.7457,5.60,9.10
2008.01.23 14:08:33.483,0.74545,0.7457,14.40,9.10
2008.01.23 14:08:33.735,0.74545,0.7457,14.60,8.80
2008.01.23 14:08:34.184,0.74545,0.74565,22.70,0.80
2008.01.23 14:08:34.585,0.74545,0.74565,32.30,0.90
2008.01.23 14:08:34.979,0.74545,0.74575,33.10,34.90
2008.01.23 14:08:35.001,0.74545,0.74565,33.10,2.40
2008.01.23 14:08:35.471,0.74545,0.74575,35.00,22.90
2008.01.23 14:08:35.939,0.74545,0.74575,6.60,22.90
2008.01.23 14:08:36.392,0.7454,0.74575,43.00,22.90
2008.01.23 14:08:36.853,0.7454,0.74575,43.00,22.90
2008.01.23 14:08:37.125,0.7454,0.74575,41.10,22.90
2008.01.23 14:08:37.354,0.74545,0.74575,14.30,22.90
2008.01.23 14:08:37.750,0.74535,0.74575,75.50,22.90
2008.01.23 14:08:38.167,0.74545,0.74575,33.20,22.60
2008.01.23 14:08:38.419,0.74555,0.74575,3.70,10.60
2008.01.23 14:08:38.673,0.74555,0.74575,2.50,10.60
2008.01.23 14:08:39.088,0.7455,0.74575,16.30,10.60
2008.01.23 14:08:39.546,0.7455,0.74575,16.30,10.60
2008.01.23 14:08:39.808,0.74555,0.74575,3.60,10.60
2008.01.23 14:08:40.071,0.74555,0.74575,2.20,10.60
2008.01.23 14:08:40.497,0.74555,0.74575,1.70,10.60
2008.01.23 14:08:40.926,0.7455,0.74575,15.40,10.60
2008.01.23 14:08:41.153,0.7455,0.74575,15.40,10.60
2008.01.23 14:08:41.514,0.74555,0.74575,3.30,10.60
2008.01.23 14:08:41.918,0.7455,0.74575,15.40,10.60
2008.01.23 14:08:43.300,0.7455,0.74575,15.40,10.60
2008.01.23 14:08:43.524,0.7455,0.74575,17.80,10.60
2008.01.23 14:08:43.965,0.7455,0.74575,17.80,10.60
2008.01.23 14:08:44.186,0.7455,0.74575,35.50,5.80
2008.01.23 14:08:44.590,0.7455,0.74575,35.50,5.80
2008.01.23 14:08:44.808,0.7455,0.74575,35.50,4.00
2008.01.23 14:08:45.137,0.7455,0.74575,35.50,4.00
2008.01.23 14:08:45.501,0.7455,0.74575,35.50,4.00
2008.01.23 14:08:45.976,0.74555,0.7458,9.30,2.40
2008.01.23 14:08:46.199,0.7455,0.7458,35.50,2.40
2008.01.23 14:08:46.424,0.7455,0.7458,35.50,2.40
2008.01.23 14:08:46.837,0.74555,0.7458,6.80,2.40
2008.01.23 14:08:47.059,0.74555,0.7458,6.70,2.40
2008.01.23 14:08:47.353,0.74555,0.74585,17.90,34.30
2008.01.23 14:08:47.769,0.7455,0.7458,43.50,2.40
2008.01.23 14:08:48.255,0.7455,0.74575,43.50,4.00
2008.01.23 14:08:48.488,0.7455,0.74575,35.80,6.40
2008.01.23 14:08:48.721,0.74555,0.74575,3.20,6.40
2008.01.23 14:08:49.133,0.74555,0.74575,14.80,6.40
2008.01.23 14:08:49.562,0.7455,0.74575,35.50,6.40
2008.01.23 14:08:50.011,0.7455,0.74575,35.30,6.70
2008.01.23 14:08:50.245,0.7455,0.74575,17.60,6.70
2008.01.23 14:08:50.525,0.7455,0.74575,15.40,6.40
2008.01.23 14:08:50.935,0.74555,0.74575,9.50,6.40
2008.01.23 14:08:51.408,0.7455,0.74575,31.40,6.40
2008.01.23 14:08:51.606,0.74555,0.74575,9.20,6.40
2008.01.23 14:08:51.891,0.74555,0.74575,13.40,6.40
2008.01.23 14:08:52.223,0.74555,0.74575,1.90,6.40
2008.01.23 14:08:53.457,0.74555,0.74575,4.60,6.40
2008.01.23 14:08:54.798,0.7455,0.74575,33.30,6.40
2008.01.23 14:08:56.223,0.7455,0.74575,33.30,6.40
2008.01.23 14:08:56.569,0.7455,0.74575,33.10,6.40
2008.01.23 14:08:57.006,0.74555,0.74575,10.90,6.40
2008.01.23 14:08:57.447,0.7455,0.74575,33.10,6.40
2008.01.23 14:08:57.496,0.74555,0.74575,6.70,6.40
2008.01.23 14:08:57.905,0.74555,0.74575,0.90,6.40
2008.01.23 14:08:58.360,0.74555,0.74575,3.50,6.40
2008.01.23 14:08:58.812,0.7455,0.74575,34.70,6.40
2008.01.23 14:08:59.009,0.74555,0.74575,8.30,6.40
2008.01.23 14:08:59.231,0.74555,0.74575,12.30,6.40
2008.01.23 14:08:59.801,0.7455,0.74575,34.70,6.40
2008.01.23 14:09:00.032,0.74555,0.74575,2.10,6.40
2008.01.23 14:09:00.551,0.7455,0.74575,34.70,6.40
2008.01.23 14:09:01.070,0.74555,0.74575,12.20,6.40
2008.01.23 14:09:01.096,0.7456,0.74575,9.10,6.40
2008.01.23 14:09:01.481,0.7456,0.74585,16.30,4.80
2008.01.23 14:09:01.869,0.7456,0.74585,18.70,6.40
2008.01.23 14:09:02.258,0.7456,0.74585,17.80,6.40
2008.01.23 14:09:02.531,0.7456,0.74585,17.80,6.40
2008.01.23 14:09:03.217,0.74565,0.74585,0.90,8.80
2008.01.23 14:09:03.636,0.7456,0.74585,15.40,8.80
2008.01.23 14:09:03.853,0.7456,0.74585,11.40,8.80
2008.01.23 14:09:04.079,0.7456,0.7457,12.10,0.30
2008.01.23 14:09:04.499,0.7455,0.74575,26.30,2.40
2008.01.23 14:09:04.922,0.74555,0.74575,11.90,6.40
2008.01.23 14:09:05.343,0.74555,0.74575,16.00,6.40
2008.01.23 14:09:05.819,0.74555,0.74575,34.70,2.40
2008.01.23 14:09:06.102,0.74555,0.74585,33.90,22.90
2008.01.23 14:09:06.386,0.7456,0.74585,8.00,10.90
2008.01.23 14:09:06.692,0.74565,0.74585,6.40,9.10
2008.01.23 14:09:07.062,0.74565,0.74585,6.40,9.10
2008.01.23 14:09:07.436,0.74565,0.74585,6.40,9.10
2008.01.23 14:09:07.925,0.7457,0.74585,0.30,6.40
2008.01.23 14:09:08.030,0.74565,0.74585,24.90,0.30
2008.01.23 14:09:08.442,0.74565,0.74585,7.30,9.10
2008.01.23 14:09:08.864,0.74565,0.74585,7.30,9.10
2008.01.23 14:09:09.092,0.74565,0.74585,8.00,9.10
2008.01.23 14:09:09.320,0.74565,0.74585,2.40,9.10
2008.01.23 14:09:09.735,0.74565,0.7458,2.40,2.40
2008.01.23 14:09:10.178,0.74555,0.7458,33.00,0.30
2008.01.23 14:09:10.619,0.74555,0.7458,34.60,0.30
2008.01.23 14:09:10.827,0.74555,0.7458,32.90,0.30
2008.01.23 14:09:11.041,0.74555,0.7458,32.90,0.30
2008.01.23 14:09:11.447,0.74555,0.7458,9.70,0.30
2008.01.23 14:09:11.655,0.74555,0.74575,30.50,6.40
2008.01.23 14:09:11.968,0.74555,0.74575,30.50,6.40
2008.01.23 14:09:13.644,0.74555,0.74575,35.60,6.40
2008.01.23 14:09:13.887,0.74565,0.74585,2.40,9.10
2008.01.23 14:09:14.165,0.74565,0.74585,2.40,9.10
2008.01.23 14:09:14.228,0.74565,0.74585,2.40,9.10
2008.01.23 14:09:14.817,0.74565,0.74585,2.40,9.10
2008.01.23 14:09:15.264,0.74565,0.74585,2.40,9.10
2008.01.23 14:09:15.789,0.74565,0.74585,6.40,9.10
2008.01.23 14:09:16.192,0.74565,0.74585,2.40,9.10
2008.01.23 14:09:16.627,0.74565,0.74585,2.40,9.10
2008.01.23 14:09:17.030,0.74565,0.74585,2.40,9.10
2008.01.23 14:09:17.332,0.74565,0.74585,6.40,9.10
2008.01.23 14:09:17.636,0.74565,0.74585,2.40,9.10
2008.01.23 14:09:17.807,0.74565,0.74585,2.40,0.80
2008.01.23 14:09:18.056,0.74565,0.74585,7.40,9.10
2008.01.23 14:09:18.433,0.74565,0.74585,7.40,9.10
2008.01.23 14:09:18.616,0.74565,0.74585,7.60,9.10
2008.01.23 14:09:18.858,0.74565,0.74585,3.60,5.10
2008.01.23 14:09:19.318,0.74565,0.74585,3.30,5.10
2008.01.23 14:09:19.720,0.74565,0.74585,3.60,2.40
2008.01.23 14:09:20.202,0.74565,0.74585,11.60,2.40
2008.01.23 14:09:20.686,0.74565,0.74585,25.20,2.40
2008.01.23 14:09:20.964,0.74565,0.74585,29.00,2.40
2008.01.23 14:09:21.243,0.74565,0.74585,29.00,2.40
2008.01.23 14:09:21.436,0.74565,0.74585,30.10,2.40
2008.01.23 14:09:21.660,0.74565,0.74585,32.70,2.40
2008.01.23 14:09:22.054,0.7457,0.74595,8.00,10.90
2008.01.23 14:09:22.249,0.7457,0.74595,8.00,10.90
2008.01.23 14:09:22.534,0.7457,0.74595,8.00,9.10
2008.01.23 14:09:22.948,0.74575,0.746,27.60,2.70
2008.01.23 14:09:23.425,0.74575,0.74595,11.60,0.30
2008.01.23 14:09:23.635,0.74575,0.74605,11.80,41.30
2008.01.23 14:09:23.872,0.74575,0.74605,29.90,33.30
2008.01.23 14:09:24.284,0.7458,0.74605,8.00,18.90
2008.01.23 14:09:24.675,0.74585,0.74605,0.90,17.10
2008.01.23 14:09:25.140,0.74585,0.74605,0.90,17.10
2008.01.23 14:09:25.597,0.74585,0.74605,0.90,17.10
2008.01.23 14:09:25.677,0.74585,0.74605,0.90,17.10
2008.01.23 14:09:26.053,0.74585,0.74605,7.30,8.80
2008.01.23 14:09:26.466,0.74585,0.74605,7.30,9.10
2008.01.23 14:09:26.903,0.74585,0.74605,3.30,9.10
2008.01.23 14:09:27.195,0.74585,0.74605,0.90,16.80
2008.01.23 14:09:27.489,0.74585,0.74605,7.30,9.10
2008.01.23 14:09:27.909,0.74585,0.74605,7.30,8.80
2008.01.23 14:09:28.308,0.74585,0.74605,7.30,8.80
2008.01.23 14:09:28.516,0.74585,0.74605,7.30,9.10
2008.01.23 14:09:29.163,0.74585,0.74605,7.30,8.80
2008.01.23 14:09:29.590,0.74585,0.74605,28.10,6.40
2008.01.23 14:09:29.828,0.74585,0.74605,28.10,2.40
2008.01.23 14:09:30.067,0.74585,0.74605,28.10,6.40
2008.01.23 14:09:30.509,0.74585,0.74605,28.10,6.40
2008.01.23 14:09:30.968,0.74585,0.74605,28.10,6.40
2008.01.23 14:09:31.191,0.74585,0.74605,28.40,6.40
2008.01.23 14:09:31.414,0.74585,0.74605,28.10,6.40
2008.01.23 14:09:31.830,0.74585,0.74605,28.10,6.40
2008.01.23 14:09:32.243,0.74585,0.74605,28.10,6.40
2008.01.23 14:09:32.531,0.74585,0.74605,29.00,6.40
2008.01.23 14:09:33.229,0.74585,0.74605,28.90,6.40
2008.01.23 14:09:33.632,0.74585,0.74605,28.90,6.40
2008.01.23 14:09:34.047,0.74585,0.74605,28.90,6.40
2008.01.23 14:09:34.437,0.74585,0.74605,4.00,13.90
2008.01.23 14:09:34.922,0.74585,0.74605,0.90,21.10
2008.01.23 14:09:35.025,0.74575,0.74605,33.90,23.50
2008.01.23 14:09:35.434,0.74585,0.74605,4.90,10.90
2008.01.23 14:09:35.853,0.74585,0.74605,7.30,8.50
2008.01.23 14:09:36.265,0.74585,0.74605,7.30,8.50
2008.01.23 14:09:36.483,0.74585,0.74605,6.40,8.50
2008.01.23 14:09:36.763,0.74585,0.74605,6.40,8.50
2008.01.23 14:09:37.171,0.74585,0.74605,6.40,6.70
2008.01.23 14:09:37.643,0.74585,0.74605,6.40,6.70
2008.01.23 14:09:37.860,0.7458,0.74605,10.40,6.70
2008.01.23 14:09:38.091,0.7458,0.74605,10.40,6.70
2008.01.23 14:09:38.495,0.74585,0.74605,2.40,6.70
2008.01.23 14:09:38.911,0.74585,0.746,2.40,0.30
2008.01.23 14:09:38.987,0.74575,0.746,39.40,0.30
2008.01.23 14:09:39.396,0.7458,0.746,10.40,0.30
2008.01.23 14:09:39.864,0.7458,0.746,10.40,0.30
2008.01.23 14:09:40.070,0.74575,0.746,39.70,0.30
2008.01.23 14:09:40.291,0.74575,0.746,39.40,0.30
2008.01.23 14:09:40.692,0.74575,0.74595,37.70,0.30
2008.01.23 14:09:41.095,0.74575,0.74595,37.70,0.30
2008.01.23 14:09:41.205,0.74575,0.74595,37.70,0.30
2008.01.23 14:09:41.622,0.7457,0.74595,10.40,0.30
2008.01.23 14:09:42.120,0.7457,0.74595,10.40,0.30
2008.01.23 14:09:42.561,0.7457,0.74595,10.40,4.30
2008.01.23 14:09:42.995,0.7457,0.74595,10.40,4.30
2008.01.23 14:09:43.040,0.7457,0.74595,10.40,0.30
2008.01.23 14:09:43.410,0.7457,0.74595,10.40,4.30
2008.01.23 14:09:43.798,0.7457,0.74595,10.40,4.30
2008.01.23 14:09:44.183,0.7457,0.74595,8.00,0.30
2008.01.23 14:09:44.202,0.7457,0.746,8.00,2.70
2008.01.23 14:09:44.375,0.7457,0.746,8.00,6.70
2008.01.23 14:09:44.661,0.7457,0.746,8.00,6.70
2008.01.23 14:09:45.117,0.7457,0.746,8.00,5.10
2008.01.23 14:09:45.575,0.7457,0.746,8.00,11.50
2008.01.23 14:09:45.844,0.7457,0.74605,8.20,60.90
2008.01.23 14:09:46.112,0.7457,0.746,8.20,0.50
2008.01.23 14:09:46.522,0.7457,0.74605,8.20,60.90
2008.01.23 14:09:46.919,0.7457,0.746,8.00,2.70
2008.01.23 14:09:47.127,0.7457,0.746,8.00,11.50
2008.01.23 14:09:47.353,0.7457,0.746,10.40,11.50
2008.01.23 14:09:47.756,0.74575,0.746,0.90,11.50
2008.01.23 14:09:48.259,0.7457,0.74595,10.40,0.90
2008.01.23 14:09:49.184,0.7457,0.746,10.40,11.50
2008.01.23 14:09:49.605,0.7457,0.746,10.40,11.50
2008.01.23 14:09:50.032,0.74575,0.746,4.80,9.10
2008.01.23 14:09:50.075,0.74575,0.746,8.80,9.10
2008.01.23 14:09:50.492,0.74575,0.74595,8.80,0.80
2008.01.23 14:09:50.916,0.74575,0.74595,8.80,0.50
2008.01.23 14:09:51.014,0.74575,0.746,8.80,9.10
2008.01.23 14:09:51.476,0.74575,0.746,8.80,9.10
2008.01.23 14:09:51.912,0.74575,0.746,6.40,11.50
2008.01.23 14:09:52.149,0.74575,0.74595,6.40,0.80
2008.01.23 14:09:52.387,0.74575,0.746,2.40,11.50
2008.01.23 14:09:52.803,0.74575,0.746,2.40,11.50
2008.01.23 14:09:53.226,0.74575,0.7459,2.40,0.30
2008.01.23 14:09:53.635,0.74565,0.7459,31.40,6.70
2008.01.23 14:09:54.046,0.74565,0.74585,32.20,0.90
2008.01.23 14:09:54.493,0.74565,0.74585,31.40,0.70
2008.01.23 14:09:54.739,0.74565,0.7459,32.50,2.70
2008.01.23 14:09:57.097,0.74565,0.7459,32.20,2.70
2008.01.23 14:09:57.349,0.7457,0.74595,8.00,0.50
2008.01.23 14:09:57.603,0.7457,0.746,8.00,11.50
2008.01.23 14:09:57.667,0.7457,0.746,8.00,11.50
2008.01.23 14:09:57.888,0.74575,0.74595,4.00,0.90
2008.01.23 14:09:58.154,0.74575,0.746,6.40,11.50
2008.01.23 14:09:58.227,0.74575,0.74595,6.40,0.60
2008.01.23 14:09:58.701,0.74575,0.746,2.40,13.90
2008.01.23 14:09:59.231,0.74565,0.74595,31.60,0.70
2008.01.23 14:09:59.599,0.74565,0.746,32.40,33.90
2008.01.23 14:09:59.999,0.74565,0.746,32.40,31.50
2008.01.23 14:10:00.181,0.74565,0.746,32.40,31.50
2008.01.23 14:10:00.901,0.74565,0.746,32.70,31.50
2008.01.23 14:10:01.819,0.74565,0.74595,32.40,0.50
2008.01.23 14:10:02.032,0.74565,0.746,32.40,31.50
2008.01.23 14:10:03.196,0.74565,0.7459,32.20,0.30
2008.01.23 14:10:03.514,0.74565,0.74585,32.20,0.50
2008.01.23 14:10:03.832,0.74565,0.74595,32.40,25.90
2008.01.23 14:10:04.137,0.74565,0.746,32.40,34.10
2008.01.23 14:10:04.523,0.74565,0.746,32.40,34.10
2008.01.23 14:10:04.544,0.74565,0.746,32.40,32.30
2008.01.23 14:10:04.975,0.74565,0.746,32.40,32.30
2008.01.23 14:10:06.147,0.74565,0.746,32.40,32.30
2008.01.23 14:10:08.183,0.74565,0.74595,32.40,0.80
2008.01.23 14:10:08.440,0.74575,0.746,2.40,20.30
2008.01.23 14:10:08.704,0.74575,0.746,6.40,20.30
2008.01.23 14:10:08.772,0.74575,0.74595,6.40,0.50
2008.01.23 14:10:08.995,0.74565,0.746,33.20,32.30
2008.01.23 14:10:09.296,0.7457,0.746,8.00,32.30
2008.01.23 14:10:09.838,0.74575,0.746,4.90,20.30
2008.01.23 14:10:10.363,0.74575,0.746,7.30,12.30
2008.01.23 14:10:10.761,0.74575,0.746,9.90,7.20
2008.01.23 14:10:10.784,0.74575,0.746,7.30,9.90
2008.01.23 14:10:11.196,0.74575,0.74595,7.30,0.90
2008.01.23 14:10:11.594,0.74575,0.74595,2.40,4.30
2008.01.23 14:10:12.086,0.74565,0.74595,55.60,25.90
2008.01.23 14:10:12.182,0.74565,0.7459,47.40,0.30
2008.01.23 14:10:12.590,0.74565,0.7459,39.40,0.30
2008.01.23 14:10:13.037,0.74565,0.74585,39.40,4.00
2008.01.23 14:10:13.285,0.74565,0.74585,31.40,6.40
2008.01.23 14:10:13.533,0.74565,0.74585,32.50,6.40
2008.01.23 14:10:13.930,0.74565,0.74585,32.70,2.40
2008.01.23 14:10:14.336,0.74565,0.74585,32.50,2.40
2008.01.23 14:10:14.549,0.7457,0.74595,10.40,6.10
2008.01.23 14:10:14.833,0.7457,0.74595,10.40,6.10
2008.01.23 14:10:15.251,0.7457,0.74595,10.40,4.30
2008.01.23 14:10:15.721,0.7457,0.74595,10.40,4.30
2008.01.23 14:10:16.689,0.7457,0.74595,10.40,4.30
2008.01.23 14:10:17.143,0.7457,0.74595,10.40,4.30
2008.01.23 14:10:17.615,0.7457,0.74595,2.40,19.50
2008.01.23 14:10:18.109,0.7457,0.74595,2.40,19.50
2008.01.23 14:10:18.322,0.7457,0.74595,10.40,4.30
2008.01.23 14:10:18.538,0.74575,0.74595,2.40,4.30
2008.01.23 14:10:18.752,0.74575,0.74595,2.40,6.70
2008.01.23 14:10:18.970,0.74575,0.74595,2.40,9.10
2008.01.23 14:10:19.404,0.74575,0.74595,2.40,9.10
2008.01.23 14:10:19.885,0.74575,0.74595,2.40,9.10
2008.01.23 14:10:20.388,0.74575,0.74595,2.40,9.10
2008.01.23 14:10:21.400,0.74575,0.74595,2.40,9.10
2008.01.23 14:10:21.833,0.74575,0.74595,2.40,9.10
2008.01.23 14:10:22.032,0.74575,0.74595,2.40,9.10
2008.01.23 14:10:22.745,0.74575,0.74595,2.40,9.10
2008.01.23 14:10:23.028,0.74565,0.74595,40.40,24.30
2008.01.23 14:10:23.313,0.74565,0.74595,32.40,26.70
2008.01.23 14:10:24.301,0.7457,0.74595,8.00,23.50
2008.01.23 14:10:24.498,0.74575,0.74595,2.40,9.10
2008.01.23 14:10:24.716,0.74575,0.74595,2.40,9.10
2008.01.23 14:10:25.161,0.74575,0.74595,2.40,9.10
2008.01.23 14:10:25.447,0.74575,0.74595,2.40,9.10
2008.01.23 14:10:26.780,0.74575,0.74595,2.40,9.10
2008.01.23 14:10:27.205,0.74575,0.74595,2.40,9.10
2008.01.23 14:10:28.053,0.74575,0.74595,2.40,9.10
2008.01.23 14:10:28.295,0.74575,0.74595,2.40,9.10
2008.01.23 14:10:28.538,0.74575,0.74595,2.40,9.10
2008.01.23 14:10:28.765,0.74575,0.74595,2.40,9.10
2008.01.23 14:10:29.405,0.74575,0.74595,2.40,9.10
2008.01.23 14:10:29.956,0.74575,0.74595,2.40,9.10
2008.01.23 14:10:31.089,0.74575,0.74595,2.40,8.80
2008.01.23 14:10:31.430,0.74575,0.74595,6.40,8.80
2008.01.23 14:10:31.802,0.74575,0.74595,6.40,8.80
2008.01.23 14:10:32.224,0.74575,0.74595,6.40,8.80
2008.01.23 14:10:32.443,0.74575,0.74595,6.40,4.00
2008.01.23 14:10:32.661,0.74575,0.74595,6.40,4.00
2008.01.23 14:10:33.070,0.74575,0.746,26.40,2.70
2008.01.23 14:10:33.380,0.74575,0.74595,6.40,4.00
2008.01.23 14:10:33.725,0.74575,0.74595,7.30,4.00
2008.01.23 14:10:34.108,0.74575,0.74595,7.30,4.00
2008.01.23 14:10:34.535,0.74575,0.74595,7.30,4.00
2008.01.23 14:10:34.961,0.74575,0.74595,7.30,4.00
2008.01.23 14:10:35.829,0.74575,0.74595,7.30,4.30
2008.01.23 14:10:36.057,0.74575,0.74595,3.30,4.30
2008.01.23 14:10:36.825,0.74575,0.74595,15.30,4.30
2008.01.23 14:10:37.098,0.74575,0.74595,27.30,4.00
2008.01.23 14:10:37.298,0.7457,0.74595,29.90,4.00
2008.01.23 14:10:37.766,0.74575,0.74595,10.40,4.00
2008.01.23 14:10:38.023,0.74575,0.74595,11.30,4.00
2008.01.23 14:10:38.284,0.7457,0.74595,29.90,4.00
2008.01.23 14:10:38.496,0.74575,0.74595,13.70,4.00
2008.01.23 14:10:39.982,0.74575,0.74595,1.10,4.00
2008.01.23 14:10:40.327,0.7457,0.746,30.00,0.30
2008.01.23 14:10:40.678,0.74575,0.746,11.50,0.30
2008.01.23 14:10:41.202,0.74575,0.74605,6.60,33.90
2008.01.23 14:10:41.726,0.7457,0.746,30.00,0.30
2008.01.23 14:10:44.000,0.7458,0.74605,12.00,19.50
2008.01.23 14:10:44.285,0.74575,0.74605,29.90,29.10
2008.01.23 14:10:44.529,0.74575,0.74605,30.70,17.10
2008.01.23 14:10:44.790,0.74575,0.74605,30.70,17.10
2008.01.23 14:10:44.843,0.7457,0.74605,42.10,31.50
2008.01.23 14:10:45.088,0.7457,0.74605,39.70,31.50
2008.01.23 14:10:45.142,0.74575,0.74605,13.40,31.50
2008.01.23 14:10:45.640,0.74575,0.74605,10.80,31.50
2008.01.23 14:10:46.167,0.7457,0.746,37.90,0.30
2008.01.23 14:10:46.583,0.7457,0.746,37.90,2.70
2008.01.23 14:10:46.806,0.7457,0.746,30.20,2.70
2008.01.23 14:10:47.030,0.74575,0.746,14.20,2.70
2008.01.23 14:10:47.442,0.7457,0.746,30.20,2.70
2008.01.23 14:10:47.933,0.7457,0.746,38.30,2.40
2008.01.23 14:10:48.036,0.74585,0.746,0.90,2.40
2008.01.23 14:10:48.460,0.74575,0.746,30.00,2.40
2008.01.23 14:10:48.863,0.74585,0.74605,0.50,31.70
2008.01.23 14:10:49.274,0.74585,0.74605,1.60,11.70
2008.01.23 14:10:49.487,0.7457,0.746,39.90,2.40
2008.01.23 14:10:49.716,0.7457,0.746,39.90,2.40
2008.01.23 14:10:50.134,0.74575,0.746,10.10,2.40
2008.01.23 14:10:50.358,0.74575,0.746,28.60,2.40
2008.01.23 14:10:50.651,0.74575,0.746,34.30,2.40
2008.01.23 14:10:51.070,0.74575,0.74605,40.40,14.10
2008.01.23 14:10:51.552,0.7458,0.74605,14.40,23.70
2008.01.23 14:10:51.969,0.74575,0.746,38.00,2.40
2008.01.23 14:10:52.187,0.74585,0.746,1.60,2.40
2008.01.23 14:10:52.450,0.74575,0.746,38.00,2.40
2008.01.23 14:10:52.847,0.74575,0.746,38.20,2.40
2008.01.23 14:10:53.080,0.74585,0.746,3.00,2.40
2008.01.23 14:10:53.313,0.74575,0.746,38.20,2.40
2008.01.23 14:10:53.546,0.74575,0.746,37.20,2.40
2008.01.23 14:10:53.804,0.74585,0.746,0.80,2.40
2008.01.23 14:10:54.863,0.74575,0.746,38.00,2.40
2008.01.23 14:10:55.086,0.74585,0.746,1.40,2.40
2008.01.23 14:10:55.309,0.74585,0.746,1.40,2.40
2008.01.23 14:10:55.722,0.74575,0.746,39.60,2.40
2008.01.23 14:10:55.965,0.7457,0.746,42.00,2.40
2008.01.23 14:10:56.207,0.7457,0.746,42.00,2.70
2008.01.23 14:10:56.636,0.7457,0.746,42.00,2.70
2008.01.23 14:10:57.065,0.7457,0.746,42.00,2.40
2008.01.23 14:10:57.344,0.74575,0.746,6.40,2.40
2008.01.23 14:10:57.621,0.7457,0.746,39.00,2.40
2008.01.23 14:10:58.034,0.74575,0.746,14.90,2.40
2008.01.23 14:10:58.926,0.74575,0.746,30.80,2.40
2008.01.23 14:10:59.148,0.74585,0.746,0.90,2.40
2008.01.23 14:10:59.417,0.74575,0.746,34.80,2.40
2008.01.23 14:10:59.793,0.74575,0.74605,34.80,34.90
2008.01.23 14:11:00.216,0.74585,0.74605,3.00,12.50
2008.01.23 14:11:00.483,0.74585,0.74605,0.80,12.50
2008.01.23 14:11:00.751,0.74585,0.74605,1.30,12.20
2008.01.23 14:11:01.224,0.74585,0.74605,0.90,12.20
2008.01.23 14:11:01.608,0.7458,0.746,0.70,0.80
2008.01.23 14:11:02.039,0.7458,0.746,8.40,0.80
2008.01.23 14:11:02.277,0.74585,0.74605,0.70,12.50
2008.01.23 14:11:02.515,0.74575,0.74605,37.10,12.50
2008.01.23 14:11:02.979,0.7458,0.74605,14.40,12.50
2008.01.23 14:11:03.454,0.74585,0.74605,1.10,12.50
2008.01.23 14:11:03.905,0.7458,0.74605,15.30,12.50
2008.01.23 14:11:04.312,0.7458,0.74605,15.50,12.20
2008.01.23 14:11:04.508,0.7458,0.74605,15.30,12.50
2008.01.23 14:11:04.796,0.7458,0.74605,15.30,12.50
2008.01.23 14:11:05.208,0.74585,0.74605,3.50,12.50
2008.01.23 14:11:05.689,0.7458,0.74605,15.50,12.20
2008.01.23 14:11:05.907,0.74585,0.74605,7.30,8.20
2008.01.23 14:11:06.126,0.74585,0.74605,7.30,8.20
2008.01.23 14:11:08.188,0.74585,0.74605,21.70,5.00
2008.01.23 14:11:08.469,0.74585,0.74605,7.30,2.40
2008.01.23 14:11:08.757,0.74585,0.74605,7.30,2.40
2008.01.23 14:11:08.842,0.74585,0.74605,7.30,2.40
2008.01.23 14:11:09.117,0.74585,0.74605,15.30,2.40
2008.01.23 14:11:09.421,0.74585,0.74605,15.30,2.40
2008.01.23 14:11:09.755,0.74585,0.74605,9.70,2.40
2008.01.23 14:11:10.090,0.7459,0.74615,8.00,12.50
2008.01.23 14:11:10.614,0.74595,0.7462,0.90,5.10
2008.01.23 14:11:10.851,0.7459,0.7462,8.20,5.10
2008.01.23 14:11:11.089,0.7459,0.7462,8.20,5.10
2008.01.23 14:11:11.512,0.74585,0.74615,31.80,0.30
2008.01.23 14:11:11.927,0.74585,0.74615,31.80,0.30
2008.01.23 14:11:12.332,0.74585,0.74615,31.80,5.90
2008.01.23 14:11:12.604,0.74585,0.74615,29.90,26.70
2008.01.23 14:11:13.316,0.74585,0.74615,29.90,34.70
2008.01.23 14:11:13.589,0.74585,0.7461,25.10,2.40
2008.01.23 14:11:13.842,0.74585,0.7461,25.10,2.40
2008.01.23 14:11:14.259,0.74585,0.7461,29.70,0.30
2008.01.23 14:11:14.710,0.74585,0.7461,29.70,0.30
2008.01.23 14:11:15.148,0.74585,0.7461,4.90,5.10
2008.01.23 14:11:15.390,0.74585,0.7461,0.90,5.10
2008.01.23 14:11:15.633,0.74585,0.7461,0.90,5.10
2008.01.23 14:11:16.043,0.74585,0.7461,0.90,5.10
2008.01.23 14:11:16.472,0.74585,0.7461,0.90,5.10
2008.01.23 14:11:16.695,0.74585,0.7461,0.90,5.10
2008.01.23 14:11:16.977,0.74585,0.7461,0.90,5.10
2008.01.23 14:11:18.629,0.74585,0.7461,1.10,4.80
2008.01.23 14:11:18.945,0.74585,0.7461,13.10,4.80
2008.01.23 14:11:19.073,0.7459,0.7461,8.00,2.40
2008.01.23 14:11:19.301,0.7459,0.74615,8.00,30.70
2008.01.23 14:11:19.619,0.74585,0.7461,8.90,5.10
2008.01.23 14:11:20.149,0.74585,0.7461,15.30,2.70
2008.01.23 14:11:20.287,0.74585,0.7461,0.90,5.10
2008.01.23 14:11:20.701,0.74585,0.7461,0.90,5.10
2008.01.23 14:11:21.103,0.74585,0.7461,0.90,5.10
2008.01.23 14:11:21.308,0.74585,0.7461,25.10,2.40
2008.01.23 14:11:21.542,0.74585,0.7461,25.10,2.40
2008.01.23 14:11:21.948,0.74585,0.7461,0.90,5.10
2008.01.23 14:11:22.425,0.74585,0.7461,1.10,4.80
2008.01.23 14:11:22.713,0.74585,0.7461,25.10,2.40
2008.01.23 14:11:23.001,0.74585,0.7461,25.10,2.40
2008.01.23 14:11:23.438,0.74585,0.7461,25.10,2.40
2008.01.23 14:11:23.668,0.74585,0.7461,25.10,2.40
2008.01.23 14:11:23.917,0.74585,0.7461,24.90,2.70
2008.01.23 14:11:24.411,0.74585,0.7461,24.90,2.70
2008.01.23 14:11:25.043,0.74585,0.7461,24.90,2.70
2008.01.23 14:11:25.349,0.74585,0.7461,24.90,2.70
2008.01.23 14:11:25.866,0.74585,0.7461,24.90,2.70
2008.01.23 14:11:26.949,0.74585,0.7461,24.90,2.70
2008.01.23 14:11:28.527,0.74585,0.7461,24.90,2.70
2008.01.23 14:11:29.074,0.74585,0.7461,24.90,2.70
2008.01.23 14:11:29.902,0.74585,0.7461,24.90,2.70
2008.01.23 14:11:30.423,0.74585,0.7461,24.90,2.70
2008.01.23 14:11:30.762,0.74585,0.7461,25.10,2.40
2008.01.23 14:11:31.237,0.74585,0.7461,25.10,2.40
2008.01.23 14:11:31.523,0.74585,0.7461,25.10,2.40
2008.01.23 14:11:31.732,0.74585,0.7461,25.10,2.40
2008.01.23 14:11:32.145,0.74585,0.7461,25.10,2.40
2008.01.23 14:11:32.546,0.74585,0.7461,25.10,2.40
2008.01.23 14:11:32.828,0.74585,0.7461,26.70,2.40
2008.01.23 14:11:33.734,0.74585,0.7461,26.50,2.70
2008.01.23 14:11:34.023,0.74585,0.7461,24.90,2.70
2008.01.23 14:11:34.448,0.74585,0.7461,27.30,2.70
2008.01.23 14:11:34.675,0.74585,0.7461,27.30,2.70
2008.01.23 14:11:35.013,0.74585,0.7461,27.30,2.70
2008.01.23 14:11:35.348,0.74585,0.7461,27.30,2.70
2008.01.23 14:11:35.581,0.74585,0.7461,24.90,2.70
2008.01.23 14:11:35.814,0.74585,0.7461,24.90,2.70
2008.01.23 14:11:36.281,0.74585,0.7461,24.90,2.70
2008.01.23 14:11:36.346,0.74585,0.7461,24.90,2.70
2008.01.23 14:11:36.758,0.74585,0.7461,24.90,2.70
2008.01.23 14:11:37.218,0.74585,0.7461,24.90,2.70
2008.01.23 14:11:37.472,0.74585,0.7461,24.90,2.70
2008.01.23 14:11:37.726,0.74585,0.7461,24.90,2.70
2008.01.23 14:11:38.140,0.74585,0.7461,24.90,2.70
2008.01.23 14:11:38.387,0.74585,0.7461,24.90,2.70
2008.01.23 14:11:38.819,0.74585,0.7461,25.10,2.40
2008.01.23 14:11:39.090,0.74585,0.74615,25.10,31.50
2008.01.23 14:11:39.308,0.74585,0.74615,25.10,31.50
2008.01.23 14:11:39.525,0.74585,0.74615,25.10,31.50
2008.01.23 14:11:39.955,0.74585,0.74615,25.10,23.50
2008.01.23 14:11:40.374,0.74585,0.74615,25.10,23.50
2008.01.23 14:11:40.412,0.74585,0.74615,29.90,31.50
2008.01.23 14:11:40.841,0.74585,0.7461,29.70,0.30
2008.01.23 14:11:41.267,0.74585,0.7461,29.70,0.30
2008.01.23 14:11:41.514,0.7458,0.7461,37.90,0.30
2008.01.23 14:11:41.554,0.74585,0.74605,1.90,4.00
2008.01.23 14:11:41.842,0.74585,0.7461,5.60,0.30
2008.01.23 14:11:42.258,0.7458,0.7461,37.90,0.30
2008.01.23 14:11:42.668,0.74585,0.7461,2.70,0.30
2008.01.23 14:11:42.887,0.74585,0.74615,12.90,31.50
2008.01.23 14:11:43.106,0.7458,0.74615,39.50,33.90
2008.01.23 14:11:43.512,0.7458,0.7461,37.90,0.30
2008.01.23 14:11:43.978,0.74585,0.7461,14.30,0.30
2008.01.23 14:11:44.256,0.74585,0.7461,9.00,0.30
2008.01.23 14:11:44.535,0.74585,0.7461,5.60,0.30
2008.01.23 14:11:44.879,0.7458,0.7461,37.90,0.30
2008.01.23 14:11:45.272,0.74585,0.7461,8.00,0.30
2008.01.23 14:11:45.470,0.74585,0.7461,2.10,2.70
2008.01.23 14:11:45.779,0.7458,0.74605,19.30,4.30
2008.01.23 14:11:46.197,0.7458,0.74605,19.30,4.30
2008.01.23 14:11:46.701,0.7458,0.7461,19.50,2.70
2008.01.23 14:11:47.119,0.74575,0.7461,71.60,2.70
2008.01.23 14:11:47.157,0.74575,0.74605,69.60,0.30
2008.01.23 14:11:47.564,0.74575,0.74605,69.60,4.30
2008.01.23 14:11:47.992,0.7458,0.74605,19.50,4.00
2008.01.23 14:11:48.425,0.7458,0.7461,35.50,0.30
2008.01.23 14:11:48.471,0.74585,0.74605,4.80,0.30
2008.01.23 14:11:48.882,0.74575,0.74605,70.40,4.30
2008.01.23 14:11:49.344,0.7458,0.74605,7.60,4.00
2008.01.23 14:11:49.803,0.7458,0.7461,3.30,2.70
2008.01.23 14:11:49.870,0.7458,0.7461,9.10,2.70
2008.01.23 14:11:50.450,0.7458,0.74605,16.90,0.30
2008.01.23 14:11:50.848,0.7458,0.74605,8.90,0.30
2008.01.23 14:11:51.076,0.7457,0.74605,66.90,0.30
2008.01.23 14:11:51.305,0.74575,0.7461,59.10,0.30
2008.01.23 14:11:51.729,0.74585,0.74605,6.70,0.30
2008.01.23 14:11:52.150,0.7458,0.74605,14.40,0.30
2008.01.23 14:11:52.443,0.74575,0.74605,73.90,4.30
2008.01.23 14:11:52.737,0.7458,0.74605,1.20,4.30
2008.01.23 14:11:53.170,0.7458,0.74605,2.50,6.70
2008.01.23 14:11:53.364,0.7458,0.74605,0.60,6.70
2008.01.23 14:11:53.585,0.74575,0.74605,62.80,6.70
2008.01.23 14:11:53.982,0.74575,0.74605,46.80,18.70
2008.01.23 14:11:54.175,0.7457,0.746,51.60,0.30
2008.01.23 14:11:54.479,0.7457,0.746,51.10,0.30
2008.01.23 14:11:54.929,0.7457,0.74605,42.80,23.50
2008.01.23 14:11:54.996,0.74575,0.74605,36.40,9.10
2008.01.23 14:11:55.416,0.74575,0.74605,36.40,6.40
2008.01.23 14:11:55.863,0.7458,0.74605,14.60,6.40
2008.01.23 14:11:56.427,0.74585,0.7461,2.60,2.40
2008.01.23 14:11:56.631,0.74585,0.7461,4.90,2.40
2008.01.23 14:11:56.886,0.74585,0.7461,4.30,2.40
2008.01.23 14:11:57.279,0.7458,0.74615,35.50,23.50
2008.01.23 14:11:57.563,0.74585,0.74615,10.50,23.50
2008.01.23 14:11:57.845,0.7458,0.74615,37.90,23.50
2008.01.23 14:11:58.129,0.7458,0.74615,37.90,31.50
2008.01.23 14:11:58.850,0.74585,0.74615,4.70,31.50
2008.01.23 14:11:59.280,0.7458,0.7461,37.90,0.30
2008.01.23 14:11:59.495,0.74595,0.7461,0.60,0.30
2008.01.23 14:11:59.746,0.74585,0.7461,31.30,0.30
2008.01.23 14:12:00.222,0.74595,0.7461,0.80,0.30
2008.01.23 14:12:00.656,0.74585,0.74615,31.50,25.10
2008.01.23 14:12:00.910,0.74585,0.74615,31.50,21.10
2008.01.23 14:12:01.200,0.74585,0.7461,29.10,2.40
2008.01.23 14:12:01.594,0.74595,0.74615,0.70,16.80
2008.01.23 14:12:02.054,0.74595,0.74615,1.10,16.80
2008.01.23 14:12:02.315,0.7459,0.74615,9.80,8.80
2008.01.23 14:12:02.583,0.74595,0.74615,0.70,8.80
2008.01.23 14:12:02.999,0.7459,0.74615,9.80,8.80
2008.01.23 14:12:03.414,0.7459,0.74615,9.80,8.80
2008.01.23 14:12:03.844,0.7459,0.74615,9.80,8.80
2008.01.23 14:12:05.002,0.74595,0.74615,0.60,8.80
2008.01.23 14:12:05.272,0.7459,0.74615,10.70,8.80
2008.01.23 14:12:05.536,0.74595,0.74615,1.90,8.80
2008.01.23 14:12:05.798,0.74595,0.74615,1.60,8.80
2008.01.23 14:12:06.268,0.74595,0.74615,2.30,8.80
2008.01.23 14:12:06.490,0.74595,0.74615,3.10,8.80
2008.01.23 14:12:06.768,0.74595,0.74615,1.10,8.80
2008.01.23 14:12:07.152,0.7459,0.74615,14.50,9.10
2008.01.23 14:12:07.604,0.74595,0.74615,0.60,17.10
2008.01.23 14:12:07.862,0.74585,0.74615,35.70,29.10
2008.01.23 14:12:08.119,0.74585,0.74615,31.70,29.10
2008.01.23 14:12:08.542,0.74595,0.74615,0.60,29.10
2008.01.23 14:12:09.383,0.74595,0.74615,0.60,21.10
2008.01.23 14:12:09.600,0.74595,0.74615,0.60,21.10
2008.01.23 14:12:09.784,0.74595,0.74615,1.60,21.10
2008.01.23 14:12:10.131,0.74595,0.74615,1.60,21.10
2008.01.23 14:12:10.503,0.74595,0.74615,1.60,21.10
2008.01.23 14:12:10.686,0.74595,0.74615,5.60,8.80
2008.01.23 14:12:10.988,0.74595,0.74615,6.50,8.80
2008.01.23 14:12:11.542,0.74595,0.74615,5.60,8.80
2008.01.23 14:12:12.006,0.74595,0.74615,5.60,8.80
2008.01.23 14:12:12.431,0.74595,0.74615,5.60,8.80
2008.01.23 14:12:12.863,0.74595,0.74615,1.60,8.80
2008.01.23 14:12:12.951,0.74595,0.74615,1.60,21.10
2008.01.23 14:12:13.412,0.74595,0.74615,1.60,21.10
2008.01.23 14:12:13.691,0.74595,0.7461,1.60,0.30
2008.01.23 14:12:13.929,0.74595,0.7461,1.60,0.30
2008.01.23 14:12:14.356,0.74595,0.7461,1.60,0.30
2008.01.23 14:12:14.777,0.74595,0.74605,1.60,4.00
2008.01.23 14:12:15.209,0.74595,0.74605,1.60,4.00
2008.01.23 14:12:15.431,0.74595,0.74605,1.60,4.00
2008.01.23 14:12:16.910,0.74595,0.74605,1.60,4.00
2008.01.23 14:12:17.251,0.74595,0.74605,1.60,4.00
2008.01.23 14:12:17.594,0.74595,0.74605,1.60,4.30
2008.01.23 14:12:17.795,0.74595,0.74605,1.60,4.00
2008.01.23 14:12:18.025,0.74595,0.74605,1.60,4.00
2008.01.23 14:12:18.484,0.74595,0.74615,1.60,25.10
2008.01.23 14:12:18.561,0.74595,0.74615,1.60,21.10
2008.01.23 14:12:18.973,0.74595,0.74605,1.60,0.30
2008.01.23 14:12:19.428,0.74595,0.74605,1.60,0.30
2008.01.23 14:12:19.911,0.74595,0.74605,1.60,0.30
2008.01.23 14:12:20.967,0.74595,0.74605,1.60,4.30
2008.01.23 14:12:21.264,0.74595,0.74605,1.60,4.30
2008.01.23 14:12:21.710,0.74595,0.7461,1.60,0.30
2008.01.23 14:12:21.962,0.74595,0.7461,1.60,0.30
2008.01.23 14:12:22.215,0.74595,0.7461,1.60,0.30
2008.01.23 14:12:22.627,0.74585,0.74605,28.90,2.40
2008.01.23 14:12:23.138,0.74585,0.74605,28.90,2.40
2008.01.23 14:12:23.264,0.7459,0.7461,2.40,0.30
2008.01.23 14:12:23.681,0.74595,0.7461,2.40,0.30
2008.01.23 14:12:24.087,0.74595,0.7461,2.40,0.30
2008.01.23 14:12:24.300,0.7459,0.74605,0.80,0.30
2008.01.23 14:12:24.515,0.7459,0.74605,0.80,0.30
2008.01.23 14:12:24.919,0.7459,0.7461,0.80,0.30
2008.01.23 14:12:25.324,0.74585,0.74605,24.90,0.30
2008.01.23 14:12:25.749,0.74585,0.74605,12.90,4.30
2008.01.23 14:12:26.188,0.74585,0.74605,12.90,4.00
2008.01.23 14:12:26.420,0.74585,0.74605,20.90,4.00
2008.01.23 14:12:26.709,0.74585,0.74605,20.90,6.40
2008.01.23 14:12:27.131,0.7459,0.74605,2.40,4.00
2008.01.23 14:12:27.606,0.7459,0.7461,2.40,0.30
2008.01.23 14:12:27.706,0.7459,0.74605,2.40,4.00
2008.01.23 14:12:29.288,0.74585,0.74605,40.90,4.00
2008.01.23 14:12:29.540,0.74585,0.74605,32.90,6.40
2008.01.23 14:12:29.828,0.74585,0.74605,32.90,6.40
2008.01.23 14:12:30.172,0.74585,0.74605,32.90,6.40
2008.01.23 14:12:30.432,0.74585,0.74605,32.90,6.40
2008.01.23 14:12:30.505,0.74585,0.74605,32.90,6.40
2008.01.23 14:12:30.990,0.74585,0.74605,32.90,4.00
2008.01.23 14:12:31.647,0.74585,0.74605,32.90,4.30
2008.01.23 14:12:32.026,0.74585,0.74605,20.10,4.30
2008.01.23 14:12:32.215,0.74585,0.74605,12.10,4.00
2008.01.23 14:12:32.439,0.74585,0.74605,32.10,4.00
2008.01.23 14:12:32.820,0.74585,0.74605,32.10,4.00
2008.01.23 14:12:33.339,0.74585,0.7461,32.90,0.30
2008.01.23 14:12:33.863,0.74585,0.7461,32.90,0.30
2008.01.23 14:12:34.061,0.74585,0.7461,32.90,0.30
2008.01.23 14:12:34.416,0.74585,0.7461,32.90,0.30
2008.01.23 14:12:34.822,0.74585,0.7461,32.90,0.30
2008.01.23 14:12:34.989,0.74585,0.7461,32.90,0.30
2008.01.23 14:12:35.372,0.74585,0.74605,10.50,4.00
2008.01.23 14:12:35.590,0.74585,0.74605,10.50,4.00
2008.01.23 14:12:37.052,0.74585,0.74605,10.50,4.00
2008.01.23 14:12:37.261,0.74585,0.74605,10.50,4.00
2008.01.23 14:12:37.291,0.74585,0.74615,10.70,21.10
2008.01.23 14:12:37.503,0.74585,0.74615,21.90,21.10
2008.01.23 14:12:37.525,0.74585,0.74615,29.90,21.10
2008.01.23 14:12:37.741,0.74585,0.74605,29.70,0.30
2008.01.23 14:12:37.978,0.74585,0.74605,9.70,4.30
2008.01.23 14:12:38.207,0.74585,0.74605,9.70,4.00
2008.01.23 14:12:38.737,0.74585,0.74605,9.70,4.00
2008.01.23 14:12:38.874,0.74585,0.74605,9.80,4.00
2008.01.23 14:12:39.289,0.74585,0.74605,7.30,4.00
2008.01.23 14:12:39.677,0.74585,0.74605,19.50,4.00
2008.01.23 14:12:39.875,0.74585,0.7461,27.50,2.40
2008.01.23 14:12:40.105,0.74585,0.74615,29.90,29.10
2008.01.23 14:12:40.490,0.74585,0.74615,29.90,21.10
2008.01.23 14:12:41.017,0.74585,0.74615,31.50,21.10
2008.01.23 14:12:41.541,0.74595,0.74615,2.40,9.10
2008.01.23 14:12:41.735,0.74595,0.74615,6.40,8.80
2008.01.23 14:12:42.025,0.74595,0.74615,6.40,8.80
2008.01.23 14:12:42.356,0.74595,0.74615,6.40,9.10
2008.01.23 14:12:42.816,0.74595,0.74615,6.40,9.10
2008.01.23 14:12:43.084,0.74595,0.74615,6.40,9.10
2008.01.23 14:12:43.503,0.74595,0.74615,8.80,9.10
2008.01.23 14:12:43.977,0.74595,0.74615,4.80,9.10
2008.01.23 14:12:44.263,0.74595,0.74615,2.40,21.10
2008.01.23 14:12:44.520,0.74595,0.74615,2.40,21.10
2008.01.23 14:12:45.253,0.74585,0.74615,36.30,21.10
2008.01.23 14:12:45.457,0.74585,0.74615,36.30,21.10
2008.01.23 14:12:45.689,0.74585,0.74615,36.30,21.10
2008.01.23 14:12:46.131,0.74585,0.74615,34.70,21.10
2008.01.23 14:12:46.571,0.74595,0.74615,2.40,8.80
2008.01.23 14:12:46.824,0.74595,0.74615,6.40,8.80
2008.01.23 14:12:47.073,0.74595,0.74615,6.40,8.80
2008.01.23 14:12:47.490,0.74595,0.74615,6.40,9.10
2008.01.23 14:12:47.928,0.74595,0.74615,6.40,9.10
2008.01.23 14:12:47.934,0.7459,0.74615,15.20,9.10
2008.01.23 14:12:48.628,0.74595,0.74615,2.70,8.80
2008.01.23 14:12:48.875,0.7459,0.74615,16.30,4.80
2008.01.23 14:12:49.304,0.7459,0.74615,16.30,8.80
2008.01.23 14:12:49.561,0.7459,0.74615,18.70,6.40
2008.01.23 14:12:49.819,0.74595,0.74615,0.60,6.40
2008.01.23 14:12:50.246,0.7459,0.74615,17.80,6.40
2008.01.23 14:12:50.658,0.7459,0.74615,18.70,6.40
2008.01.23 14:12:51.118,0.7459,0.74615,18.70,6.40
2008.01.23 14:12:51.611,0.7459,0.74615,21.10,6.40
2008.01.23 14:12:51.909,0.74595,0.74615,0.50,6.40
2008.01.23 14:12:52.677,0.74595,0.74615,4.10,6.40
2008.01.23 14:12:53.181,0.7459,0.74615,21.10,6.40
2008.01.23 14:12:53.711,0.7459,0.74615,21.10,6.40
2008.01.23 14:12:53.961,0.74595,0.74615,4.00,6.40
2008.01.23 14:12:54.405,0.74595,0.74615,5.00,6.40
2008.01.23 14:12:54.846,0.74595,0.74615,3.00,6.40
2008.01.23 14:12:55.304,0.7459,0.74615,22.80,6.40
2008.01.23 14:12:55.751,0.74595,0.74615,4.20,6.40
2008.01.23 14:12:55.965,0.74595,0.74615,4.10,6.40
2008.01.23 14:12:56.182,0.7459,0.74615,22.60,6.70
2008.01.23 14:12:56.590,0.7459,0.74615,17.60,8.30
2008.01.23 14:12:57.005,0.7459,0.74615,21.80,6.40
2008.01.23 14:12:57.201,0.7459,0.74615,20.20,6.40
2008.01.23 14:12:57.415,0.74595,0.74615,4.20,6.40
2008.01.23 14:12:57.803,0.7459,0.74615,20.20,6.40
2008.01.23 14:12:58.564,0.7459,0.74615,20.20,6.40
2008.01.23 14:12:58.843,0.7459,0.74615,20.20,6.40
2008.01.23 14:12:59.268,0.7459,0.74615,20.20,6.40
2008.01.23 14:12:59.708,0.7459,0.74615,19.50,4.00
2008.01.23 14:12:59.927,0.7459,0.74615,19.50,4.00
2008.01.23 14:13:00.178,0.7459,0.74615,19.50,6.40
2008.01.23 14:13:00.621,0.7459,0.74615,19.50,6.40
2008.01.23 14:13:01.040,0.7459,0.74615,19.50,6.40
2008.01.23 14:13:01.329,0.7459,0.74615,19.50,6.40
2008.01.23 14:13:01.805,0.74595,0.74615,2.00,6.40
2008.01.23 14:13:02.093,0.74595,0.74615,4.00,6.40
2008.01.23 14:13:02.512,0.7459,0.74615,19.50,6.40
2008.01.23 14:13:02.751,0.74595,0.74615,1.50,6.40
2008.01.23 14:13:02.989,0.7459,0.74615,19.50,6.40
2008.01.23 14:13:03.637,0.74595,0.74615,3.90,6.40
2008.01.23 14:13:03.966,0.74595,0.74615,2.20,6.40
2008.01.23 14:13:04.389,0.7459,0.74615,19.50,6.40
2008.01.23 14:13:04.472,0.7459,0.74615,19.50,6.40
2008.01.23 14:13:04.884,0.74605,0.74625,0.70,13.00
2008.01.23 14:13:05.363,0.746,0.74615,10.40,0.40
2008.01.23 14:13:05.755,0.7459,0.7462,42.80,0.30
2008.01.23 14:13:05.959,0.7459,0.74615,29.20,6.40
2008.01.23 14:13:06.190,0.7459,0.74615,21.20,6.40
2008.01.23 14:13:06.637,0.7459,0.74615,19.50,6.40
2008.01.23 14:13:07.090,0.7459,0.74615,19.50,6.40
2008.01.23 14:13:07.156,0.7459,0.74615,19.50,6.40
2008.01.23 14:13:07.560,0.74595,0.74615,5.60,6.40
2008.01.23 14:13:08.032,0.7459,0.74615,19.50,6.40
2008.01.23 14:13:08.494,0.7459,0.74615,19.50,6.40
2008.01.23 14:13:08.579,0.74595,0.74615,18.70,6.40
2008.01.23 14:13:08.926,0.746,0.74625,14.40,9.10
2008.01.23 14:13:09.326,0.746,0.74625,14.40,9.10
2008.01.23 14:13:09.725,0.746,0.74625,10.60,8.80
2008.01.23 14:13:10.222,0.746,0.74625,10.60,8.80
2008.01.23 14:13:10.333,0.74605,0.74625,0.60,8.80
2008.01.23 14:13:10.747,0.74595,0.74625,10.20,22.70
2008.01.23 14:13:11.174,0.74595,0.74625,14.80,22.70
2008.01.23 14:13:11.599,0.74595,0.74625,14.10,21.10
2008.01.23 14:13:12.031,0.7459,0.74625,31.50,22.70
2008.01.23 14:13:12.240,0.74595,0.74615,3.50,4.00
2008.01.23 14:13:14.085,0.7459,0.74615,19.50,4.00
2008.01.23 14:13:14.266,0.7459,0.74615,19.50,4.00
2008.01.23 14:13:14.548,0.7459,0.74615,19.50,4.00
2008.01.23 14:13:15.336,0.74595,0.74615,3.00,4.00
2008.01.23 14:13:15.809,0.7459,0.74615,19.50,4.00
2008.01.23 14:13:16.059,0.7459,0.74615,19.50,6.40
2008.01.23 14:13:16.317,0.7459,0.74615,19.50,6.40
2008.01.23 14:13:16.733,0.74595,0.74615,2.70,6.40
2008.01.23 14:13:16.991,0.74595,0.74615,2.30,6.40
2008.01.23 14:13:17.676,0.74595,0.74615,6.50,6.40
2008.01.23 14:13:18.057,0.74595,0.74615,6.50,6.40
2008.01.23 14:13:18.468,0.74595,0.74615,13.60,4.00
2008.01.23 14:13:18.747,0.74595,0.7462,29.60,0.30
2008.01.23 14:13:19.112,0.74595,0.7462,30.50,0.30
2008.01.23 14:13:19.452,0.74595,0.7462,30.50,0.30
2008.01.23 14:13:19.853,0.74595,0.74625,30.70,25.10
2008.01.23 14:13:20.260,0.74595,0.74625,30.70,22.70
2008.01.23 14:13:20.471,0.74595,0.74625,30.70,22.70
2008.01.23 14:13:20.717,0.74595,0.74625,30.70,22.70
2008.01.23 14:13:21.178,0.746,0.74625,0.30,22.40
2008.01.23 14:13:21.471,0.746,0.74625,0.30,20.80
2008.01.23 14:13:21.767,0.746,0.74625,0.30,20.80
2008.01.23 14:13:22.128,0.74595,0.74625,30.70,21.10
2008.01.23 14:13:22.563,0.74595,0.74625,30.70,21.10
2008.01.23 14:13:23.183,0.74595,0.74625,30.70,21.10
2008.01.23 14:13:23.479,0.74595,0.74625,30.70,21.10
2008.01.23 14:13:25.057,0.74595,0.74625,30.70,21.10
2008.01.23 14:13:25.324,0.74595,0.74625,30.70,21.10
2008.01.23 14:13:25.517,0.74595,0.74625,30.70,21.10
2008.01.23 14:13:25.750,0.74595,0.7462,30.50,0.30
2008.01.23 14:13:26.203,0.74595,0.74625,30.70,21.10
2008.01.23 14:13:26.666,0.74595,0.7462,30.50,0.30
2008.01.23 14:13:26.934,0.74595,0.7462,30.50,0.30
2008.01.23 14:13:27.197,0.74595,0.74625,30.70,27.50
2008.01.23 14:13:27.615,0.74595,0.7462,30.50,0.30
2008.01.23 14:13:28.072,0.74595,0.74625,30.70,27.50
2008.01.23 14:13:28.295,0.74595,0.74625,33.10,21.10
2008.01.23 14:13:28.570,0.74595,0.74625,33.10,21.10
2008.01.23 14:13:28.964,0.74595,0.74625,33.10,21.10
2008.01.23 14:13:29.190,0.74595,0.74625,34.80,21.10
2008.01.23 14:13:29.486,0.74595,0.74625,34.80,21.10
2008.01.23 14:13:29.838,0.74595,0.74625,34.80,22.70
2008.01.23 14:13:30.265,0.74595,0.74625,34.80,22.70
2008.01.23 14:13:30.562,0.74595,0.74625,34.80,22.70
2008.01.23 14:13:31.278,0.74595,0.74625,34.80,22.70
2008.01.23 14:13:31.505,0.74595,0.74625,34.80,22.70
2008.01.23 14:13:31.733,0.74595,0.74625,34.80,22.70
2008.01.23 14:13:32.154,0.74595,0.74625,34.80,21.10
2008.01.23 14:13:32.381,0.74595,0.74625,34.00,21.10
2008.01.23 14:13:32.609,0.74595,0.74625,32.30,21.10
2008.01.23 14:13:32.845,0.7459,0.74625,41.10,21.10
2008.01.23 14:13:33.056,0.7459,0.74625,41.10,21.10
2008.01.23 14:13:33.283,0.7459,0.74625,41.10,21.10
2008.01.23 14:13:33.578,0.746,0.74625,4.00,20.80
2008.01.23 14:13:33.872,0.746,0.74625,14.40,8.80
2008.01.23 14:13:34.166,0.746,0.74625,14.60,8.80
2008.01.23 14:13:34.589,0.74605,0.74625,2.30,6.00
2008.01.23 14:13:34.988,0.746,0.74625,17.90,6.00
2008.01.23 14:13:35.397,0.746,0.74625,18.70,6.00
2008.01.23 14:13:35.614,0.746,0.74625,17.80,6.00
2008.01.23 14:13:35.833,0.74605,0.74625,0.70,6.00
2008.01.23 14:13:36.244,0.74605,0.74625,0.50,6.00
2008.01.23 14:13:36.684,0.746,0.74625,17.60,6.00
2008.01.23 14:13:37.176,0.74605,0.74625,2.20,6.00
2008.01.23 14:13:37.282,0.74605,0.74625,1.00,6.00
2008.01.23 14:13:37.703,0.746,0.74625,14.40,8.40
2008.01.23 14:13:38.146,0.746,0.74625,14.40,8.40
2008.01.23 14:13:38.211,0.74605,0.74625,1.50,8.40
2008.01.23 14:13:38.623,0.746,0.74625,13.00,6.00
2008.01.23 14:13:38.843,0.746,0.74625,14.60,8.40
2008.01.23 14:13:40.022,0.746,0.74625,14.60,8.40
2008.01.23 14:13:40.390,0.74605,0.74625,2.00,8.40
2008.01.23 14:13:41.429,0.746,0.74625,14.60,8.40
2008.01.23 14:13:41.751,0.746,0.74625,17.00,6.00
2008.01.23 14:13:42.189,0.74605,0.74625,2.70,6.00
2008.01.23 14:13:42.462,0.74605,0.74625,3.00,8.40
2008.01.23 14:13:42.735,0.74605,0.74625,2.80,8.40
2008.01.23 14:13:44.124,0.746,0.74625,16.80,6.00
2008.01.23 14:13:44.477,0.74605,0.74625,0.60,6.00
2008.01.23 14:13:44.805,0.74605,0.74625,2.70,6.00
2008.01.23 14:13:44.926,0.746,0.74625,14.40,8.40
2008.01.23 14:13:45.152,0.74605,0.74625,3.10,6.00
2008.01.23 14:13:45.673,0.746,0.74625,29.80,6.00
2008.01.23 14:13:46.189,0.746,0.74625,17.00,6.00
2008.01.23 14:13:46.321,0.746,0.74625,18.60,6.00
2008.01.23 14:13:48.340,0.74605,0.74625,1.50,6.00
2008.01.23 14:13:48.570,0.74605,0.74625,2.90,6.00
2008.01.23 14:13:48.614,0.746,0.74625,17.00,6.00
2008.01.23 14:13:48.845,0.746,0.74625,13.80,6.00
2008.01.23 14:13:48.886,0.74605,0.74625,1.40,6.30
2008.01.23 14:13:49.112,0.74605,0.74625,1.50,6.30
2008.01.23 14:13:50.116,0.74605,0.74625,0.90,6.00
2008.01.23 14:13:50.439,0.74605,0.74625,0.90,0.60
2008.01.23 14:13:50.842,0.746,0.7463,13.60,8.70
2008.01.23 14:13:51.030,0.746,0.7463,13.80,8.70
2008.01.23 14:13:51.248,0.746,0.7463,13.80,8.70
2008.01.23 14:13:51.700,0.74605,0.74625,0.50,0.80
2008.01.23 14:13:52.010,0.74605,0.74625,0.90,0.70
2008.01.23 14:13:52.428,0.746,0.7463,14.60,8.70
2008.01.23 14:13:52.866,0.746,0.7463,14.60,8.70
2008.01.23 14:13:53.134,0.74605,0.74625,0.60,0.60
2008.01.23 14:13:53.403,0.74605,0.74625,0.60,0.50
2008.01.23 14:13:53.889,0.74605,0.74625,0.90,0.60
2008.01.23 14:13:54.262,0.74605,0.74625,0.60,0.60
2008.01.23 14:13:54.451,0.74605,0.74625,0.80,0.60
2008.01.23 14:13:54.786,0.7459,0.74635,42.30,73.70
2008.01.23 14:13:55.207,0.7459,0.74635,42.30,73.70
2008.01.23 14:13:55.252,0.74595,0.74625,0.90,0.50
2008.01.23 14:13:55.670,0.746,0.74625,0.90,0.90
2008.01.23 14:13:56.096,0.7459,0.74625,42.60,16.30
2008.01.23 14:13:56.583,0.7459,0.74625,42.60,32.30
2008.01.23 14:13:56.877,0.7459,0.7462,34.60,6.70
2008.01.23 14:13:57.169,0.7459,0.7462,34.60,6.70
2008.01.23 14:13:57.495,0.7459,0.7462,34.60,6.70
2008.01.23 14:13:57.882,0.7459,0.7462,32.90,6.70
2008.01.23 14:13:58.081,0.7459,0.74625,33.00,34.10
2008.01.23 14:13:58.397,0.7459,0.74625,32.60,34.10
2008.01.23 14:13:58.825,0.7459,0.7462,27.00,6.70
2008.01.23 14:13:59.335,0.7459,0.7462,20.70,6.70
2008.01.23 14:13:59.544,0.7459,0.7462,19.00,6.70
2008.01.23 14:13:59.946,0.7459,0.7462,19.00,6.70
2008.01.23 14:14:00.177,0.7459,0.7462,19.00,6.70
2008.01.23 14:14:00.610,0.74595,0.74615,0.70,0.50
2008.01.23 14:14:01.045,0.7459,0.7462,27.00,6.70
2008.01.23 14:14:01.287,0.7459,0.7462,28.70,6.70
2008.01.23 14:14:01.529,0.7459,0.7462,20.70,6.70
2008.01.23 14:14:02.003,0.74595,0.7462,19.70,6.70
2008.01.23 14:14:02.476,0.74595,0.74615,19.90,0.80
2008.01.23 14:14:02.700,0.74595,0.74615,19.90,0.80
2008.01.23 14:14:02.931,0.74595,0.74625,19.90,35.70
2008.01.23 14:14:03.347,0.74595,0.74625,19.90,35.70
2008.01.23 14:14:03.776,0.74595,0.74625,19.90,35.70
2008.01.23 14:14:04.227,0.74595,0.7463,33.80,34.10
2008.01.23 14:14:04.301,0.74595,0.7462,33.60,6.70
2008.01.23 14:14:04.713,0.74595,0.74625,33.80,28.50
2008.01.23 14:14:05.116,0.74595,0.74625,33.80,0.70
2008.01.23 14:14:07.280,0.74595,0.7463,33.80,32.50
2008.01.23 14:14:07.532,0.746,0.74625,8.20,0.90
2008.01.23 14:14:07.835,0.746,0.74625,8.00,0.50
2008.01.23 14:14:08.126,0.746,0.74625,8.20,0.90
2008.01.23 14:14:08.208,0.746,0.74625,8.20,0.50
2008.01.23 14:14:08.428,0.74605,0.74625,0.90,0.80
2008.01.23 14:14:08.953,0.74605,0.7463,0.90,9.10
2008.01.23 14:14:09.286,0.74605,0.7463,0.90,9.10
2008.01.23 14:14:09.996,0.74605,0.7463,0.90,9.10
2008.01.23 14:14:10.326,0.74605,0.7463,0.90,9.10
2008.01.23 14:14:10.703,0.74605,0.7463,0.90,9.10
2008.01.23 14:14:12.165,0.74605,0.7463,0.90,9.10
2008.01.23 14:14:12.365,0.74605,0.74635,0.90,64.10
2008.01.23 14:14:12.590,0.74605,0.74635,0.90,64.10
2008.01.23 14:14:13.066,0.74605,0.74625,0.90,0.60
2008.01.23 14:14:13.543,0.74605,0.7463,7.30,9.10
2008.01.23 14:14:14.017,0.74605,0.74625,0.90,0.50
2008.01.23 14:14:14.088,0.74605,0.74625,0.90,0.70
2008.01.23 14:14:14.502,0.74605,0.74635,0.90,65.70
2008.01.23 14:14:14.959,0.746,0.74625,8.00,0.70
2008.01.23 14:14:15.344,0.74605,0.7463,0.90,9.10
2008.01.23 14:14:15.531,0.746,0.74625,8.00,0.60
2008.01.23 14:14:15.860,0.746,0.7463,8.00,9.10
2008.01.23 14:14:16.246,0.746,0.7463,8.00,9.10
2008.01.23 14:14:16.715,0.74605,0.7463,0.90,9.10
2008.01.23 14:14:16.991,0.74605,0.7463,0.90,9.10
2008.01.23 14:14:17.676,0.74605,0.74625,0.90,0.70
2008.01.23 14:14:18.108,0.74605,0.7463,7.30,9.10
2008.01.23 14:14:18.361,0.74605,0.74625,7.30,0.70
2008.01.23 14:14:19.036,0.74605,0.74625,7.30,8.80
2008.01.23 14:14:19.917,0.74605,0.74625,7.30,8.80
2008.01.23 14:14:20.324,0.74605,0.74625,7.30,8.80
2008.01.23 14:14:21.271,0.74605,0.74625,7.30,21.60
2008.01.23 14:14:21.504,0.74605,0.74625,0.90,21.90
2008.01.23 14:14:21.738,0.74605,0.74625,0.90,8.80
2008.01.23 14:14:22.162,0.74605,0.74625,0.90,10.60
2008.01.23 14:14:22.394,0.74605,0.74625,0.90,10.60
2008.01.23 14:14:22.683,0.74605,0.74625,0.90,8.80
2008.01.23 14:14:23.163,0.74605,0.74625,0.90,8.80
2008.01.23 14:14:23.709,0.74605,0.74625,0.90,8.80
2008.01.23 14:14:23.919,0.746,0.74625,9.10,8.80
2008.01.23 14:14:24.123,0.74605,0.74625,0.90,8.80
2008.01.23 14:14:25.358,0.74605,0.74625,0.90,8.80
2008.01.23 14:14:25.652,0.746,0.74625,9.10,8.80
2008.01.23 14:14:26.068,0.746,0.74625,11.50,6.40
2008.01.23 14:14:26.098,0.746,0.74625,11.50,6.40
2008.01.23 14:14:26.515,0.746,0.74625,9.10,8.80
2008.01.23 14:14:26.965,0.74605,0.74625,0.90,8.80
2008.01.23 14:14:27.717,0.74595,0.74625,44.50,20.80
2008.01.23 14:14:27.996,0.746,0.74625,0.30,20.80
2008.01.23 14:14:28.255,0.746,0.74625,0.30,20.80
2008.01.23 14:14:28.514,0.74595,0.74625,43.70,8.80
2008.01.23 14:14:28.927,0.74595,0.74625,41.40,20.80
2008.01.23 14:14:29.314,0.74595,0.74625,41.40,20.80
2008.01.23 14:14:29.514,0.746,0.74625,0.30,20.80
2008.01.23 14:14:29.758,0.74595,0.74625,39.80,20.80
2008.01.23 14:14:30.149,0.746,0.74625,0.30,20.80
2008.01.23 14:14:30.635,0.74605,0.74625,1.00,6.70
2008.01.23 14:14:30.928,0.74605,0.74625,4.50,6.40
2008.01.23 14:14:31.161,0.74605,0.74625,3.20,6.40
2008.01.23 14:14:31.578,0.74605,0.74625,3.70,6.40
2008.01.23 14:14:31.811,0.746,0.74625,17.80,6.40
2008.01.23 14:14:32.044,0.746,0.74625,17.80,6.40
2008.01.23 14:14:33.401,0.74605,0.74625,2.90,6.40
2008.01.23 14:14:33.864,0.746,0.74625,17.80,6.40
2008.01.23 14:14:34.147,0.746,0.74625,17.80,6.40
2008.01.23 14:14:34.431,0.746,0.74625,15.40,8.80
2008.01.23 14:14:34.788,0.74605,0.74625,1.50,8.80
2008.01.23 14:14:35.383,0.746,0.74625,15.40,8.80
2008.01.23 14:14:35.754,0.74605,0.74625,3.40,8.80
2008.01.23 14:14:36.104,0.746,0.74625,16.30,8.80
2008.01.23 14:14:36.524,0.74605,0.74625,0.50,6.40
2008.01.23 14:14:36.634,0.74605,0.74625,1.10,6.40
2008.01.23 14:14:37.138,0.746,0.74625,18.70,6.40
2008.01.23 14:14:37.621,0.74605,0.74625,3.90,6.40
2008.01.23 14:14:38.003,0.746,0.74625,29.90,2.40
2008.01.23 14:14:38.425,0.74605,0.7463,8.40,2.40
2008.01.23 14:14:38.638,0.74605,0.7463,13.40,2.40
2008.01.23 14:14:38.899,0.74615,0.7463,0.90,2.40
2008.01.23 14:14:39.286,0.74605,0.74635,29.90,22.90
2008.01.23 14:14:39.687,0.74605,0.74635,29.90,22.90
2008.01.23 14:14:40.182,0.746,0.74635,38.70,22.90
2008.01.23 14:14:40.474,0.746,0.74635,38.70,22.90
2008.01.23 14:14:41.153,0.74605,0.74635,5.20,22.90
2008.01.23 14:14:42.080,0.746,0.74635,40.40,22.90
2008.01.23 14:14:42.277,0.746,0.74635,44.70,22.90
2008.01.23 14:14:43.293,0.746,0.74635,43.90,22.90
2008.01.23 14:14:43.695,0.7461,0.74635,12.00,16.50
2008.01.23 14:14:44.078,0.74615,0.74635,1.30,4.20
2008.01.23 14:14:44.488,0.7461,0.74635,9.10,10.60
2008.01.23 14:14:44.907,0.7461,0.74635,8.90,9.10
2008.01.23 14:14:45.294,0.7461,0.74635,12.90,9.10
2008.01.23 14:14:45.680,0.7461,0.74635,13.10,8.80
2008.01.23 14:14:46.478,0.7461,0.74635,13.10,8.80
2008.01.23 14:14:46.812,0.7461,0.74635,25.20,4.80
2008.01.23 14:14:47.263,0.7461,0.74635,25.20,4.80
2008.01.23 14:14:47.665,0.7461,0.74635,25.20,4.80
2008.01.23 14:14:48.104,0.74615,0.74635,8.90,4.80
2008.01.23 14:14:49.134,0.74615,0.74635,7.00,4.80
2008.01.23 14:14:49.519,0.74615,0.74635,3.10,8.80
2008.01.23 14:14:49.772,0.7461,0.74635,18.70,6.40
2008.01.23 14:14:50.026,0.74615,0.74635,3.50,6.40
2008.01.23 14:14:50.458,0.7461,0.74635,18.70,6.40
2008.01.23 14:14:50.878,0.7461,0.74635,18.70,6.40
2008.01.23 14:14:51.106,0.7461,0.74635,18.70,2.40
2008.01.23 14:14:51.775,0.7461,0.74635,18.70,6.40
2008.01.23 14:14:52.026,0.7461,0.74635,34.90,6.40
2008.01.23 14:14:52.279,0.74615,0.74635,10.50,6.40
2008.01.23 14:14:52.743,0.74615,0.74635,32.50,6.40
2008.01.23 14:14:53.206,0.7462,0.74645,8.00,22.90
2008.01.23 14:14:53.507,0.74625,0.74645,4.80,12.50
2008.01.23 14:14:53.728,0.74625,0.74645,4.80,10.70
2008.01.23 14:14:54.113,0.74625,0.74645,2.40,6.70
2008.01.23 14:14:54.135,0.74625,0.74645,2.40,6.70
2008.01.23 14:14:54.537,0.74625,0.74645,2.40,6.70
2008.01.23 14:14:54.979,0.74625,0.74645,2.40,8.50
2008.01.23 14:14:55.411,0.74625,0.74645,2.40,8.50
2008.01.23 14:14:55.650,0.74625,0.74645,2.40,8.50
2008.01.23 14:14:56.949,0.74625,0.74645,2.40,8.50
2008.01.23 14:14:57.319,0.74625,0.74645,2.40,8.50
2008.01.23 14:14:57.702,0.74625,0.74645,2.40,6.70
2008.01.23 14:14:57.899,0.74625,0.74645,6.40,6.40
2008.01.23 14:14:58.217,0.74625,0.74645,6.40,6.40
2008.01.23 14:14:58.633,0.7462,0.74645,8.00,9.10
2008.01.23 14:14:59.146,0.74625,0.74645,4.00,8.80
2008.01.23 14:14:59.348,0.74625,0.74645,4.00,8.80
2008.01.23 14:14:59.554,0.74625,0.74645,4.00,8.80
2008.01.23 14:14:59.956,0.74625,0.74645,4.00,8.80
2008.01.23 14:14:59.966,0.74625,0.74645,4.00,8.80
2008.01.23 14:15:00.210,0.74625,0.74645,4.00,6.40
2008.01.23 14:15:00.452,0.7462,0.74645,10.40,6.70
2008.01.23 14:15:00.868,0.7462,0.74645,10.40,6.70
2008.01.23 14:15:01.295,0.7462,0.74645,10.40,6.70
2008.01.23 14:15:01.578,0.74615,0.74645,38.40,21.10
2008.01.23 14:15:01.861,0.7462,0.74645,8.20,8.80
2008.01.23 14:15:02.278,0.74625,0.74645,0.90,8.80
2008.01.23 14:15:02.680,0.74625,0.74645,4.90,4.80
2008.01.23 14:15:02.884,0.74625,0.74645,4.90,4.80
2008.01.23 14:15:03.092,0.74625,0.74645,4.90,4.80
2008.01.23 14:15:03.492,0.74625,0.74645,4.90,2.40
2008.01.23 14:15:03.609,0.74625,0.74645,4.90,6.40
2008.01.23 14:15:04.027,0.74625,0.74645,4.00,6.70
2008.01.23 14:15:04.540,0.74615,0.74645,37.90,21.10
2008.01.23 14:15:04.747,0.74615,0.74645,37.90,21.10
2008.01.23 14:15:04.958,0.74615,0.74645,37.90,21.10
2008.01.23 14:15:05.358,0.74615,0.74645,37.90,22.90
2008.01.23 14:15:05.566,0.74615,0.74645,37.90,21.10
2008.01.23 14:15:05.811,0.74615,0.74645,37.90,21.10
2008.01.23 14:15:06.246,0.7462,0.74645,8.00,9.10
2008.01.23 14:15:06.490,0.74615,0.74645,29.90,9.10
2008.01.23 14:15:06.764,0.74615,0.74645,29.90,21.10
2008.01.23 14:15:07.181,0.74615,0.74645,29.90,22.90
2008.01.23 14:15:07.651,0.74615,0.74645,29.90,21.10
2008.01.23 14:15:08.539,0.74615,0.74645,29.90,21.10
2008.01.23 14:15:10.472,0.74615,0.74645,29.90,21.10
2008.01.23 14:15:10.687,0.74615,0.74645,30.20,23.50
2008.01.23 14:15:10.906,0.74615,0.74645,30.20,23.50
2008.01.23 14:15:11.367,0.74615,0.74645,30.20,23.50
2008.01.23 14:15:11.634,0.7462,0.74645,8.00,9.10
2008.01.23 14:15:12.000,0.7462,0.74645,8.00,9.10
2008.01.23 14:15:12.338,0.74615,0.74645,29.90,21.10
2008.01.23 14:15:12.814,0.74615,0.74645,30.20,21.90
2008.01.23 14:15:13.285,0.74615,0.74645,30.20,23.70
2008.01.23 14:15:13.503,0.74615,0.74645,29.90,23.70
2008.01.23 14:15:13.729,0.74615,0.74645,29.90,26.10
2008.01.23 14:15:14.138,0.74615,0.7464,29.70,0.30
2008.01.23 14:15:14.572,0.74615,0.74645,30.70,26.10
2008.01.23 14:15:14.614,0.74615,0.74645,30.70,26.10
2008.01.23 14:15:15.025,0.74615,0.74635,31.30,4.00
2008.01.23 14:15:15.455,0.74615,0.74635,31.30,6.40
2008.01.23 14:15:15.919,0.74615,0.74635,31.30,2.40
2008.01.23 14:15:16.831,0.74615,0.74635,29.70,2.40
2008.01.23 14:15:17.243,0.74615,0.74635,29.90,2.40
2008.01.23 14:15:17.466,0.74615,0.74645,29.90,25.30
2008.01.23 14:15:17.769,0.74615,0.7464,29.70,0.30
2008.01.23 14:15:18.185,0.74615,0.74635,9.70,6.40
2008.01.23 14:15:18.489,0.74615,0.74635,17.70,4.00
2008.01.23 14:15:18.790,0.74615,0.74635,14.40,4.00
2008.01.23 14:15:19.188,0.74615,0.74635,17.70,6.40
2008.01.23 14:15:19.595,0.74615,0.74635,27.30,2.40
2008.01.23 14:15:19.830,0.74615,0.74635,16.90,0.30
2008.01.23 14:15:20.064,0.74615,0.74635,4.00,0.30
2008.01.23 14:15:20.482,0.74615,0.74635,6.40,4.00
2008.01.23 14:15:20.906,0.74615,0.74635,8.80,6.40
2008.01.23 14:15:21.383,0.74615,0.74635,9.70,6.40
2008.01.23 14:15:21.857,0.74615,0.7464,29.70,0.30
2008.01.23 14:15:22.048,0.74615,0.7464,24.90,2.70
2008.01.23 14:15:22.267,0.7462,0.74645,2.40,21.30
2008.01.23 14:15:22.641,0.7462,0.74645,2.40,29.30
2008.01.23 14:15:22.830,0.7462,0.74645,10.40,21.30
2008.01.23 14:15:23.049,0.74615,0.74645,27.50,21.30
2008.01.23 14:15:23.053,0.74615,0.74645,39.50,8.50
2008.01.23 14:15:23.542,0.74625,0.7465,8.10,2.70
2008.01.23 14:15:24.034,0.7462,0.7465,25.20,2.70
2008.01.23 14:15:24.265,0.74625,0.7465,10.50,2.70
2008.01.23 14:15:24.534,0.74625,0.7465,7.70,2.70
2008.01.23 14:15:24.962,0.74625,0.74645,2.20,6.40
2008.01.23 14:15:25.365,0.74625,0.74645,6.00,6.40
2008.01.23 14:15:25.825,0.74625,0.74645,2.20,2.40
2008.01.23 14:15:26.091,0.74625,0.74645,4.40,2.40
2008.01.23 14:15:26.354,0.74625,0.74645,2.50,2.40
2008.01.23 14:15:26.718,0.7462,0.7465,17.90,2.70
2008.01.23 14:15:27.126,0.7462,0.7465,30.00,0.30
2008.01.23 14:15:27.539,0.7462,0.74645,17.90,2.40
2008.01.23 14:15:28.039,0.74625,0.74645,2.50,2.40
2008.01.23 14:15:28.346,0.7462,0.74645,17.90,2.40
2008.01.23 14:15:28.570,0.74625,0.74645,1.70,2.40
2008.01.23 14:15:28.966,0.74615,0.74655,70.70,18.90
2008.01.23 14:15:29.159,0.7462,0.74655,39.50,18.90
2008.01.23 14:15:29.377,0.74625,0.74655,8.80,6.90
2008.01.23 14:15:29.816,0.74635,0.74655,0.90,13.10
2008.01.23 14:15:30.278,0.74625,0.74655,31.10,25.10
2008.01.23 14:15:30.526,0.7463,0.74655,8.90,13.10
2008.01.23 14:15:30.780,0.74625,0.74655,31.10,13.10
2008.01.23 14:15:31.192,0.74625,0.74655,31.50,25.10
2008.01.23 14:15:31.632,0.7463,0.74655,8.90,13.10
2008.01.23 14:15:32.244,0.74635,0.74655,0.90,13.10
2008.01.23 14:15:32.513,0.74635,0.74655,0.90,13.10
2008.01.23 14:15:32.925,0.7463,0.74655,8.90,13.10
2008.01.23 14:15:33.229,0.7463,0.74655,8.90,13.10
2008.01.23 14:15:33.531,0.7463,0.74655,4.30,4.80
2008.01.23 14:15:33.940,0.7463,0.74655,9.10,4.80
2008.01.23 14:15:34.343,0.7463,0.74655,9.10,4.80
2008.01.23 14:15:35.673,0.74635,0.74655,0.90,4.80
2008.01.23 14:15:36.240,0.74635,0.74655,0.90,5.10
2008.01.23 14:15:36.609,0.7463,0.74655,8.90,5.10
2008.01.23 14:15:37.083,0.7463,0.74655,13.10,4.80
2008.01.23 14:15:37.275,0.7463,0.74655,13.10,4.80
2008.01.23 14:15:37.891,0.7463,0.74655,13.10,4.80
2008.01.23 14:15:38.082,0.7463,0.74655,12.90,5.90
2008.01.23 14:15:38.405,0.7463,0.74655,11.50,9.60
2008.01.23 14:15:38.824,0.7463,0.74655,11.50,9.60
2008.01.23 14:15:39.338,0.7463,0.74655,15.50,16.00
2008.01.23 14:15:39.716,0.74635,0.74655,0.70,21.60
2008.01.23 14:15:39.741,0.74635,0.74655,1.20,21.60
2008.01.23 14:15:40.129,0.74635,0.74655,7.60,3.40
2008.01.23 14:15:40.516,0.74635,0.74655,7.60,1.60
2008.01.23 14:15:40.799,0.7463,0.74655,13.00,3.20
2008.01.23 14:15:41.083,0.7463,0.74655,13.00,2.40
2008.01.23 14:15:41.502,0.7463,0.74655,12.80,6.70
2008.01.23 14:15:41.941,0.74635,0.74655,1.30,6.70
2008.01.23 14:15:42.370,0.7463,0.74655,10.40,9.10
2008.01.23 14:15:42.584,0.7463,0.74655,10.40,9.10
2008.01.23 14:15:42.802,0.7463,0.74655,12.80,6.70
2008.01.23 14:15:43.014,0.7463,0.74655,12.80,9.10
2008.01.23 14:15:43.232,0.74635,0.74655,0.80,9.10
2008.01.23 14:15:43.642,0.74625,0.7465,5.30,0.30
2008.01.23 14:15:44.160,0.7462,0.7465,11.50,2.70
2008.01.23 14:15:44.483,0.74625,0.7465,0.90,2.70
2008.01.23 14:15:44.806,0.74625,0.7465,0.90,2.70
2008.01.23 14:15:45.095,0.7462,0.7465,11.50,2.70
2008.01.23 14:15:45.286,0.74625,0.7465,0.90,2.70
2008.01.23 14:15:45.510,0.7462,0.74645,11.30,6.70
2008.01.23 14:15:45.934,0.74625,0.74645,0.90,6.40
2008.01.23 14:15:46.177,0.74615,0.7465,45.50,2.70
2008.01.23 14:15:46.421,0.74615,0.74645,59.90,6.70
2008.01.23 14:15:46.840,0.7461,0.74645,57.50,9.10
2008.01.23 14:15:47.337,0.7461,0.74645,45.90,21.10
2008.01.23 14:15:47.438,0.74625,0.74645,0.90,9.10
2008.01.23 14:15:47.846,0.7462,0.7465,9.10,2.70
2008.01.23 14:15:48.269,0.74615,0.7465,52.30,2.70
2008.01.23 14:15:48.490,0.74625,0.7465,0.90,2.70
2008.01.23 14:15:48.716,0.7462,0.7465,9.10,2.70
2008.01.23 14:15:49.119,0.7462,0.7465,1.20,2.70
2008.01.23 14:15:49.513,0.7462,0.7465,1.20,2.70
2008.01.23 14:15:49.717,0.7462,0.7465,0.30,2.70
2008.01.23 14:15:50.006,0.74615,0.74645,6.10,0.30
2008.01.23 14:15:50.422,0.74615,0.74645,1.20,21.10
2008.01.23 14:15:50.907,0.74615,0.74645,15.40,21.10
2008.01.23 14:15:51.315,0.7461,0.74645,45.90,21.10
2008.01.23 14:15:51.730,0.74615,0.74645,38.20,21.10
2008.01.23 14:15:52.244,0.74615,0.74645,38.20,21.10
2008.01.23 14:15:52.697,0.74615,0.74645,38.20,25.90
2008.01.23 14:15:53.166,0.74615,0.7464,13.10,2.70
2008.01.23 14:15:53.217,0.74615,0.7464,1.10,2.70
2008.01.23 14:15:53.658,0.74615,0.7464,1.10,2.70
2008.01.23 14:15:54.321,0.74615,0.74635,1.10,0.30
2008.01.23 14:15:54.541,0.7461,0.74635,2.40,20.30
2008.01.23 14:15:54.759,0.7461,0.74635,2.40,20.30
2008.01.23 14:15:54.982,0.74615,0.7464,1.10,2.70
2008.01.23 14:15:55.384,0.7461,0.7464,10.60,0.30
2008.01.23 14:15:55.844,0.74615,0.7464,1.10,0.30
2008.01.23 14:15:55.920,0.74615,0.74645,1.40,37.30
2008.01.23 14:15:56.331,0.74615,0.74645,1.40,27.50
2008.01.23 14:15:56.750,0.74615,0.74645,1.40,27.50
2008.01.23 14:15:56.972,0.74615,0.7464,1.10,0.30
2008.01.23 14:15:57.213,0.74615,0.7464,1.10,0.30
2008.01.23 14:15:57.625,0.74615,0.74645,1.40,27.50
2008.01.23 14:15:58.120,0.74615,0.7464,1.10,2.70
2008.01.23 14:15:58.419,0.74615,0.7464,1.10,0.30
2008.01.23 14:15:58.716,0.74615,0.7464,1.10,0.30
2008.01.23 14:15:59.057,0.74615,0.7464,1.10,0.30
2008.01.23 14:15:59.269,0.74615,0.7464,1.10,0.30
2008.01.23 14:15:59.488,0.74615,0.7464,1.10,0.30
2008.01.23 14:15:59.923,0.74615,0.7464,1.10,0.30
2008.01.23 14:16:00.166,0.74615,0.7464,1.10,0.30
2008.01.23 14:16:00.518,0.74615,0.7464,1.10,0.30
2008.01.23 14:16:00.857,0.74615,0.7464,1.10,0.30
2008.01.23 14:16:01.125,0.74615,0.7464,1.10,2.70
2008.01.23 14:16:01.394,0.74615,0.7464,1.10,0.30
2008.01.23 14:16:01.663,0.74615,0.7464,1.10,0.30
2008.01.23 14:16:01.903,0.74615,0.74645,1.40,24.50
2008.01.23 14:16:02.314,0.74615,0.74645,1.40,18.70
2008.01.23 14:16:02.343,0.74615,0.74645,13.40,2.70
2008.01.23 14:16:02.761,0.74615,0.74645,13.40,2.70
2008.01.23 14:16:03.228,0.74615,0.74645,13.40,0.30
2008.01.23 14:16:03.506,0.74615,0.74645,13.50,0.30
2008.01.23 14:16:03.785,0.74615,0.74645,21.50,0.30
2008.01.23 14:16:04.227,0.74615,0.74645,46.50,16.30
2008.01.23 14:16:04.662,0.74615,0.74645,25.70,18.70
2008.01.23 14:16:04.904,0.74615,0.74645,25.70,18.70
2008.01.23 14:16:05.148,0.74615,0.74645,25.40,18.70
2008.01.23 14:16:05.566,0.74615,0.74645,25.40,2.70
2008.01.23 14:16:06.003,0.74615,0.74645,25.40,0.30
2008.01.23 14:16:06.248,0.7462,0.74645,0.30,20.80
2008.01.23 14:16:06.487,0.7462,0.74645,8.20,8.80
2008.01.23 14:16:06.898,0.7462,0.74645,8.20,8.80
2008.01.23 14:16:07.332,0.7462,0.7465,8.20,2.70
2008.01.23 14:16:07.402,0.7462,0.7465,8.20,0.30
2008.01.23 14:16:07.816,0.7462,0.7465,8.20,0.30
2008.01.23 14:16:08.084,0.74625,0.7465,28.80,0.30
2008.01.23 14:16:08.354,0.74625,0.7465,28.80,0.30
2008.01.23 14:16:08.596,0.74625,0.7465,28.80,0.30
2008.01.23 14:16:08.999,0.74625,0.7465,28.80,0.30
2008.01.23 14:16:09.243,0.74625,0.7465,28.80,0.30
2008.01.23 14:16:09.679,0.74625,0.74645,8.80,6.40
2008.01.23 14:16:09.860,0.74625,0.74645,8.80,6.40
2008.01.23 14:16:10.044,0.74625,0.74645,8.80,6.40
2008.01.23 14:16:10.294,0.74625,0.74645,9.00,6.40
2008.01.23 14:16:10.755,0.74625,0.74645,9.00,6.40
2008.01.23 14:16:10.930,0.74625,0.7465,29.00,0.30
2008.01.23 14:16:11.181,0.74625,0.7465,29.00,0.30
2008.01.23 14:16:11.359,0.74625,0.7465,28.80,0.30
2008.01.23 14:16:11.570,0.74625,0.74645,8.80,6.40
2008.01.23 14:16:11.867,0.74625,0.74645,8.80,6.40
2008.01.23 14:16:12.166,0.74625,0.74645,8.80,6.40
2008.01.23 14:16:14.378,0.74625,0.74645,4.80,6.40
2008.01.23 14:16:14.712,0.74625,0.74645,4.80,2.40
2008.01.23 14:16:14.980,0.74625,0.74645,8.80,6.40
2008.01.23 14:16:15.723,0.74625,0.74645,8.80,6.40
2008.01.23 14:16:17.346,0.74625,0.74645,8.80,6.40
2008.01.23 14:16:18.747,0.74625,0.74645,8.00,6.40
2008.01.23 14:16:18.958,0.74625,0.74645,8.00,6.40
2008.01.23 14:16:19.331,0.74625,0.74645,8.00,6.40
2008.01.23 14:16:19.402,0.74625,0.74645,8.00,0.90
2008.01.23 14:16:19.680,0.74625,0.7465,4.00,6.70
2008.01.23 14:16:19.817,0.74625,0.74645,4.00,0.70
2008.01.23 14:16:20.134,0.74625,0.7465,8.00,6.70
2008.01.23 14:16:20.554,0.74625,0.7465,8.00,6.70
2008.01.23 14:16:20.982,0.74625,0.7465,20.00,4.30
2008.01.23 14:16:21.305,0.74625,0.7466,28.20,30.50
2008.01.23 14:16:21.629,0.74625,0.74655,28.20,0.90
2008.01.23 14:16:21.951,0.74625,0.7466,28.20,32.70
2008.01.23 14:16:22.316,0.74625,0.7466,29.40,35.50
2008.01.23 14:16:22.705,0.74625,0.74655,29.40,0.60
2008.01.23 14:16:22.724,0.74625,0.7466,29.40,35.50
2008.01.23 14:16:23.105,0.74625,0.7466,29.40,35.50
2008.01.23 14:16:23.701,0.74625,0.7466,30.20,35.50
2008.01.23 14:16:25.027,0.74625,0.7466,30.20,35.50
2008.01.23 14:16:25.260,0.74625,0.7466,30.20,33.10
2008.01.23 14:16:25.586,0.74625,0.74655,30.20,0.90
2008.01.23 14:16:26.541,0.74625,0.7466,30.20,33.10
2008.01.23 14:16:26.904,0.74625,0.7465,29.90,0.30
2008.01.23 14:16:27.167,0.74625,0.74655,9.10,25.10
2008.01.23 14:16:27.417,0.74625,0.7465,1.10,0.70
2008.01.23 14:16:27.842,0.74625,0.74655,1.10,23.50
2008.01.23 14:16:28.280,0.74625,0.74655,1.10,31.50
2008.01.23 14:16:28.339,0.74625,0.74655,1.10,31.50
2008.01.23 14:16:28.743,0.74625,0.74655,1.40,0.90
2008.01.23 14:16:28.979,0.74625,0.74655,15.80,0.50
2008.01.23 14:16:29.212,0.74625,0.74655,30.20,0.80
2008.01.23 14:16:29.642,0.74625,0.74655,30.20,0.80
2008.01.23 14:16:29.899,0.74625,0.7466,30.20,27.50
2008.01.23 14:16:30.157,0.74625,0.74655,30.20,0.70
2008.01.23 14:16:30.590,0.74625,0.7466,30.20,27.50
2008.01.23 14:16:31.159,0.74625,0.74655,30.20,0.60
2008.01.23 14:16:31.671,0.74625,0.7466,30.20,27.50
2008.01.23 14:16:31.984,0.74625,0.7466,30.20,35.50
2008.01.23 14:16:32.426,0.74625,0.74655,30.20,0.80
2008.01.23 14:16:32.917,0.74625,0.7466,30.20,35.50
2008.01.23 14:16:33.156,0.74625,0.74655,30.20,0.70
2008.01.23 14:16:35.482,0.74625,0.74645,22.20,0.90
2008.01.23 14:16:35.816,0.74625,0.74645,8.80,0.70
2008.01.23 14:16:35.841,0.74625,0.7465,8.80,4.30
2008.01.23 14:16:36.547,0.74625,0.74645,8.80,0.70
2008.01.23 14:16:36.877,0.74625,0.7465,8.80,4.30
2008.01.23 14:16:37.248,0.74625,0.74645,8.80,0.70
2008.01.23 14:16:38.460,0.74625,0.74645,8.80,0.60
2008.01.23 14:16:38.841,0.74625,0.74655,8.80,38.30
2008.01.23 14:16:39.134,0.7462,0.74645,11.20,0.60
2008.01.23 14:16:39.327,0.7462,0.74655,11.20,52.70
2008.01.23 14:16:39.555,0.74625,0.74645,4.80,0.60
2008.01.23 14:16:39.933,0.74625,0.7465,8.80,6.70
2008.01.23 14:16:40.229,0.74625,0.74645,8.80,0.60
2008.01.23 14:16:40.529,0.74625,0.7465,8.80,4.30
2008.01.23 14:16:42.472,0.74625,0.7465,8.80,4.30
2008.01.23 14:16:42.876,0.74625,0.74645,8.80,0.50
2008.01.23 14:16:43.090,0.7463,0.7466,0.80,35.50
2008.01.23 14:16:43.373,0.7463,0.7466,8.80,19.50
2008.01.23 14:16:43.785,0.74625,0.74665,31.80,67.30
2008.01.23 14:16:44.264,0.74625,0.74655,31.80,0.60
2008.01.23 14:16:44.477,0.74625,0.7466,30.20,33.10
2008.01.23 14:16:44.716,0.74625,0.7466,30.20,29.10
2008.01.23 14:16:45.188,0.74625,0.7466,30.20,29.10
2008.01.23 14:16:45.616,0.74625,0.74655,30.20,0.80
2008.01.23 14:16:47.115,0.7463,0.7466,8.80,31.50
2008.01.23 14:16:47.582,0.7463,0.74655,0.80,27.50
2008.01.23 14:16:48.024,0.74625,0.74655,31.80,25.10
2008.01.23 14:16:48.448,0.74625,0.74655,31.80,25.10
2008.01.23 14:16:48.849,0.74625,0.74655,30.20,25.10
2008.01.23 14:16:49.338,0.74625,0.74655,30.20,25.10
2008.01.23 14:16:49.630,0.74625,0.74655,30.20,25.10
2008.01.23 14:16:50.608,0.74625,0.74655,30.20,25.10
2008.01.23 14:16:50.970,0.74625,0.74655,30.20,25.10
2008.01.23 14:16:51.451,0.74625,0.74655,30.20,25.10
2008.01.23 14:16:52.375,0.74625,0.74655,30.20,25.10
2008.01.23 14:16:52.624,0.7463,0.74655,8.80,11.50
2008.01.23 14:16:53.037,0.7463,0.74655,8.80,11.50
2008.01.23 14:16:53.472,0.7463,0.74655,9.00,8.80
2008.01.23 14:16:53.714,0.7463,0.74655,8.80,9.10
2008.01.23 14:16:53.957,0.7463,0.74655,8.80,9.10
2008.01.23 14:16:54.408,0.7463,0.74655,8.80,9.10
2008.01.23 14:16:54.935,0.7463,0.74655,8.80,9.10
2008.01.23 14:16:55.771,0.7463,0.74655,8.80,9.10
2008.01.23 14:16:56.158,0.7463,0.74655,9.00,8.80
2008.01.23 14:16:56.682,0.7463,0.74655,9.00,8.80
2008.01.23 14:16:57.012,0.74635,0.74665,28.20,58.90
2008.01.23 14:16:57.237,0.74635,0.74665,28.20,42.90
2008.01.23 14:16:57.632,0.74635,0.74665,35.00,26.90
2008.01.23 14:16:59.618,0.74635,0.74665,35.00,24.50
2008.01.23 14:16:59.915,0.74635,0.74655,3.50,2.40
2008.01.23 14:17:00.023,0.74635,0.74655,3.50,2.40
2008.01.23 14:17:00.241,0.74635,0.74655,3.50,2.40
2008.01.23 14:17:00.639,0.74635,0.74655,3.50,2.40
2008.01.23 14:17:00.972,0.74635,0.74655,3.50,2.40
2008.01.23 14:17:01.306,0.74635,0.74655,3.50,2.40
2008.01.23 14:17:01.670,0.74635,0.74655,3.50,2.40
2008.01.23 14:17:01.903,0.74635,0.74655,3.50,2.40
2008.01.23 14:17:02.193,0.74635,0.74655,3.50,2.40
2008.01.23 14:17:02.938,0.74635,0.74655,3.80,2.40
2008.01.23 14:17:03.276,0.74635,0.74655,33.40,2.40
2008.01.23 14:17:03.490,0.74635,0.74655,33.40,2.40
2008.01.23 14:17:04.120,0.74635,0.74655,29.40,2.40
2008.01.23 14:17:04.347,0.74635,0.74655,32.60,2.40
2008.01.23 14:17:05.643,0.74635,0.74655,32.60,2.40
2008.01.23 14:17:05.925,0.74635,0.74655,32.60,2.40
2008.01.23 14:17:07.415,0.74635,0.74655,32.60,2.40
2008.01.23 14:17:10.217,0.74635,0.74655,32.60,2.40
2008.01.23 14:17:10.480,0.74635,0.74655,32.60,2.40
2008.01.23 14:17:10.702,0.74635,0.74665,31.00,18.90
2008.01.23 14:17:10.923,0.74635,0.74665,31.00,17.10
2008.01.23 14:17:11.334,0.7464,0.74665,10.40,2.70
2008.01.23 14:17:11.553,0.74635,0.74665,51.00,14.70
2008.01.23 14:17:11.848,0.7464,0.74665,8.00,9.10
2008.01.23 14:17:12.265,0.7464,0.74665,8.20,8.80
2008.01.23 14:17:12.758,0.7464,0.74665,8.00,21.10
2008.01.23 14:17:13.145,0.74635,0.74665,35.00,21.10
2008.01.23 14:17:13.345,0.74645,0.7467,1.10,0.30
2008.01.23 14:17:13.562,0.74645,0.7467,1.10,2.70
2008.01.23 14:17:13.949,0.74645,0.7467,1.10,2.70
2008.01.23 14:17:14.242,0.74645,0.74665,1.10,12.30
2008.01.23 14:17:14.534,0.74645,0.74665,1.10,13.90
2008.01.23 14:17:14.958,0.7464,0.74665,2.40,17.90
2008.01.23 14:17:15.364,0.74635,0.74665,52.60,20.30
2008.01.23 14:17:15.770,0.7464,0.74665,8.00,21.10
2008.01.23 14:17:16.181,0.74635,0.74665,33.40,16.30
2008.01.23 14:17:16.400,0.7464,0.74665,10.40,4.30
2008.01.23 14:17:16.621,0.74635,0.74665,49.40,16.30
2008.01.23 14:17:17.028,0.74635,0.74665,44.60,16.30
2008.01.23 14:17:17.513,0.74635,0.74665,44.60,16.30
2008.01.23 14:17:17.801,0.74635,0.74665,35.00,16.30
2008.01.23 14:17:18.039,0.74635,0.74665,35.00,0.80
2008.01.23 14:17:18.532,0.74635,0.74665,35.00,0.70
2008.01.23 14:17:18.755,0.74635,0.7467,26.20,23.50
2008.01.23 14:17:19.415,0.74635,0.7467,26.20,23.50
2008.01.23 14:17:19.688,0.74635,0.74665,31.00,0.70
2008.01.23 14:17:20.080,0.74635,0.7467,31.00,21.90
2008.01.23 14:17:20.106,0.74635,0.74665,32.60,0.60
2008.01.23 14:17:20.489,0.74635,0.74675,32.60,67.70
2008.01.23 14:17:20.974,0.74635,0.74675,32.60,67.30
2008.01.23 14:17:21.471,0.7464,0.7467,0.30,21.10
2008.01.23 14:17:21.682,0.74645,0.7467,4.00,9.10
2008.01.23 14:17:21.919,0.74645,0.7467,4.00,9.10
2008.01.23 14:17:22.133,0.74645,0.74665,5.10,0.80
2008.01.23 14:17:22.428,0.74645,0.7467,5.10,9.10
2008.01.23 14:17:22.761,0.74645,0.74665,7.50,0.60
2008.01.23 14:17:23.064,0.74645,0.74665,7.80,0.90
2008.01.23 14:17:23.368,0.74645,0.74675,7.80,42.90
2008.01.23 14:17:23.795,0.7465,0.74675,8.00,0.50
2008.01.23 14:17:25.446,0.74645,0.7468,31.80,30.10
2008.01.23 14:17:25.521,0.7464,0.7467,10.60,0.80
2008.01.23 14:17:25.752,0.7464,0.74675,10.60,40.90
2008.01.23 14:17:26.037,0.7464,0.74665,10.40,0.30
2008.01.23 14:17:26.114,0.7464,0.74675,8.00,39.30
2008.01.23 14:17:26.366,0.74645,0.7468,0.30,47.30
2008.01.23 14:17:26.444,0.74645,0.7468,0.30,47.30
2008.01.23 14:17:26.778,0.7464,0.7467,8.20,0.30
2008.01.23 14:17:27.193,0.7464,0.7467,0.30,0.30
2008.01.23 14:17:27.721,0.7464,0.74675,0.30,39.10
2008.01.23 14:17:27.935,0.7464,0.7467,0.30,0.30
2008.01.23 14:17:28.150,0.7464,0.74675,0.30,39.10
2008.01.23 14:17:28.555,0.7464,0.7467,0.30,0.30
2008.01.23 14:17:28.791,0.74645,0.74675,1.10,37.50
2008.01.23 14:17:29.031,0.7464,0.7467,8.20,0.70
2008.01.23 14:17:29.452,0.7464,0.7467,8.20,0.80
2008.01.23 14:17:29.689,0.74645,0.74665,7.50,0.50
2008.01.23 14:17:29.948,0.74645,0.74665,7.50,0.80
2008.01.23 14:17:30.404,0.74645,0.7467,7.50,9.10
2008.01.23 14:17:30.464,0.74645,0.7467,7.50,9.10
2008.01.23 14:17:30.877,0.74645,0.7467,7.50,9.10
2008.01.23 14:17:31.286,0.74645,0.7467,2.40,9.10
2008.01.23 14:17:31.719,0.74645,0.7467,2.40,9.10
2008.01.23 14:17:31.936,0.74645,0.74665,2.40,0.50
2008.01.23 14:17:32.397,0.74645,0.7467,2.40,9.10
2008.01.23 14:17:32.696,0.74645,0.74675,2.40,46.50
2008.01.23 14:17:33.163,0.7464,0.74665,9.00,0.90
2008.01.23 14:17:33.600,0.7464,0.7467,9.00,9.90
2008.01.23 14:17:33.658,0.74645,0.74665,4.00,0.60
2008.01.23 14:17:34.078,0.74645,0.74665,2.40,0.80
2008.01.23 14:17:34.502,0.74645,0.74665,2.40,0.50
2008.01.23 14:17:34.906,0.74635,0.74665,33.80,0.60
2008.01.23 14:17:35.110,0.74635,0.7467,33.80,21.90
2008.01.23 14:17:37.010,0.74635,0.74675,32.20,56.90
2008.01.23 14:17:37.476,0.74635,0.74675,32.20,56.90
2008.01.23 14:17:37.719,0.7464,0.74665,8.00,0.50
2008.01.23 14:17:37.732,0.7464,0.7467,8.20,9.10
2008.01.23 14:17:37.963,0.7464,0.74665,8.00,0.60
2008.01.23 14:17:38.265,0.7464,0.7467,8.00,9.90
2008.01.23 14:17:38.598,0.7464,0.74665,8.20,0.50
2008.01.23 14:17:38.932,0.7464,0.74665,8.20,0.50
2008.01.23 14:17:39.404,0.7464,0.7467,8.20,9.90
2008.01.23 14:17:39.602,0.7464,0.7467,8.20,9.90
2008.01.23 14:17:39.803,0.7464,0.7467,8.20,9.90
2008.01.23 14:17:40.307,0.7464,0.7467,8.20,9.90
2008.01.23 14:17:40.710,0.7464,0.74665,8.20,0.50
2008.01.23 14:17:41.164,0.7464,0.74665,8.20,0.70
2008.01.23 14:17:41.177,0.74635,0.7467,30.20,12.30
2008.01.23 14:17:41.422,0.7463,0.74675,43.40,77.70
2008.01.23 14:17:41.741,0.7463,0.7467,42.60,24.30
2008.01.23 14:17:42.162,0.7463,0.7467,42.60,21.90
2008.01.23 14:17:42.671,0.74635,0.7467,35.80,9.90
2008.01.23 14:17:43.057,0.74635,0.7467,35.80,9.90
2008.01.23 14:17:43.249,0.74635,0.7467,35.80,9.90
2008.01.23 14:17:43.545,0.74635,0.7467,35.80,9.90
2008.01.23 14:17:43.911,0.7464,0.74665,0.60,0.90
2008.01.23 14:17:44.145,0.7464,0.74665,0.60,0.80
2008.01.23 14:17:44.969,0.74635,0.7467,35.80,9.90
2008.01.23 14:17:45.272,0.74635,0.7467,35.80,9.90
2008.01.23 14:17:45.732,0.74635,0.7467,35.80,9.90
2008.01.23 14:17:46.156,0.74635,0.7467,35.80,9.90
2008.01.23 14:17:46.363,0.74635,0.7467,35.80,9.90
2008.01.23 14:17:46.577,0.74635,0.74665,35.80,8.80
2008.01.23 14:17:46.982,0.74645,0.74665,2.40,8.80
2008.01.23 14:17:47.498,0.7464,0.74665,9.10,9.10
2008.01.23 14:17:48.011,0.74635,0.74665,48.20,9.10
2008.01.23 14:17:48.226,0.7464,0.74665,2.40,9.10
2008.01.23 14:17:48.443,0.7464,0.74665,1.70,8.80
2008.01.23 14:17:48.849,0.74635,0.74665,40.20,8.80
2008.01.23 14:17:49.268,0.7464,0.74665,2.40,23.50
2008.01.23 14:17:49.491,0.74635,0.74665,34.60,11.50
2008.01.23 14:17:49.721,0.7464,0.74665,1.50,8.80
2008.01.23 14:17:50.141,0.74635,0.74665,34.60,8.80
2008.01.23 14:17:50.415,0.74635,0.74665,34.60,8.80
2008.01.23 14:17:50.691,0.7464,0.74665,3.20,8.80
2008.01.23 14:17:51.186,0.74635,0.74665,34.60,9.10
2008.01.23 14:17:52.586,0.74635,0.74665,34.60,9.10
2008.01.23 14:17:53.062,0.74635,0.74665,34.20,9.10
2008.01.23 14:17:53.447,0.74635,0.74665,34.20,9.10
2008.01.23 14:17:53.941,0.74635,0.74665,34.20,9.10
2008.01.23 14:17:54.235,0.74635,0.74665,34.20,8.80
2008.01.23 14:17:54.520,0.74635,0.74665,34.20,8.80
2008.01.23 14:17:54.882,0.7464,0.74665,0.90,9.10
2008.01.23 14:17:55.288,0.74635,0.74665,34.20,8.80
2008.01.23 14:17:55.741,0.74635,0.74665,34.20,8.80
2008.01.23 14:17:56.173,0.7463,0.74665,42.20,9.10
2008.01.23 14:17:56.415,0.74625,0.74665,66.60,21.10
2008.01.23 14:17:56.735,0.74635,0.74665,34.20,9.10
2008.01.23 14:17:57.158,0.7463,0.7466,41.40,0.30
2008.01.23 14:17:57.668,0.74635,0.74665,7.60,25.90
2008.01.23 14:17:58.035,0.74635,0.74665,11.40,25.10
2008.01.23 14:17:58.394,0.7463,0.74665,40.60,25.10
2008.01.23 14:17:58.562,0.7463,0.74665,40.60,25.90
2008.01.23 14:17:58.863,0.74635,0.7466,5.70,0.30
2008.01.23 14:17:59.293,0.7463,0.74665,33.40,25.10
2008.01.23 14:17:59.776,0.7463,0.74665,31.80,25.10
2008.01.23 14:18:00.206,0.7463,0.74665,32.60,23.50
2008.01.23 14:18:00.613,0.7463,0.74665,33.00,23.50
2008.01.23 14:18:01.098,0.74635,0.74665,11.80,21.10
2008.01.23 14:18:01.512,0.74635,0.74665,3.40,21.10
2008.01.23 14:18:01.739,0.74635,0.74665,12.10,21.10
2008.01.23 14:18:02.058,0.74635,0.74665,9.10,21.10
2008.01.23 14:18:02.471,0.74635,0.74665,3.20,21.10
2008.01.23 14:18:02.984,0.7463,0.74665,33.00,21.10
2008.01.23 14:18:03.205,0.7463,0.74665,33.00,22.70
2008.01.23 14:18:03.458,0.7463,0.74665,33.00,22.70
2008.01.23 14:18:03.681,0.7463,0.74665,33.00,22.70
2008.01.23 14:18:04.100,0.74635,0.74665,6.20,21.10
2008.01.23 14:18:04.238,0.74635,0.74665,8.70,21.10
2008.01.23 14:18:04.758,0.7463,0.74665,33.00,21.10
2008.01.23 14:18:04.995,0.74635,0.74665,4.00,21.10
2008.01.23 14:18:05.425,0.7463,0.74665,33.00,21.10
2008.01.23 14:18:05.875,0.7463,0.74665,33.00,21.10
2008.01.23 14:18:06.557,0.7463,0.74665,33.00,21.10
2008.01.23 14:18:06.910,0.7463,0.74665,33.00,21.10
2008.01.23 14:18:07.221,0.74635,0.74665,2.10,21.10
2008.01.23 14:18:07.537,0.7463,0.74665,37.80,21.10
2008.01.23 14:18:07.729,0.7463,0.74665,37.80,21.10
2008.01.23 14:18:07.927,0.74635,0.74665,9.70,21.10
2008.01.23 14:18:08.121,0.74635,0.74665,13.10,21.10
2008.01.23 14:18:09.054,0.7463,0.74665,39.40,21.10
2008.01.23 14:18:09.292,0.7463,0.74665,39.40,21.10
2008.01.23 14:18:09.660,0.74635,0.74665,30.20,21.10
2008.01.23 14:18:09.987,0.74635,0.74665,30.20,21.10
2008.01.23 14:18:10.391,0.74645,0.74665,4.00,6.40
2008.01.23 14:18:10.815,0.74645,0.74665,5.10,8.80
2008.01.23 14:18:11.113,0.74645,0.74665,5.10,9.10
2008.01.23 14:18:11.412,0.7464,0.74665,2.40,18.70
2008.01.23 14:18:11.830,0.74635,0.74665,45.80,21.10
2008.01.23 14:18:12.234,0.74635,0.74665,45.80,21.10
2008.01.23 14:18:12.632,0.74635,0.74665,45.80,21.10
2008.01.23 14:18:13.088,0.74635,0.74665,45.80,21.10
2008.01.23 14:18:13.340,0.74635,0.74665,45.80,21.10
2008.01.23 14:18:14.965,0.74635,0.74665,45.80,21.10
2008.01.23 14:18:15.264,0.74635,0.74665,45.80,22.70
2008.01.23 14:18:15.376,0.74635,0.7466,34.60,0.80
2008.01.23 14:18:15.607,0.74635,0.7466,34.20,0.80
2008.01.23 14:18:15.930,0.74635,0.7466,34.00,1.10
2008.01.23 14:18:16.251,0.74635,0.7466,32.80,1.10
2008.01.23 14:18:16.777,0.74635,0.74655,16.80,2.40
2008.01.23 14:18:17.305,0.74635,0.74655,1.60,2.70
2008.01.23 14:18:17.508,0.7463,0.74655,11.20,3.50
2008.01.23 14:18:17.714,0.7463,0.74655,11.40,3.20
2008.01.23 14:18:17.911,0.7463,0.74655,11.40,3.20
2008.01.23 14:18:18.274,0.7463,0.74655,11.40,3.20
2008.01.23 14:18:19.262,0.74635,0.74655,2.40,3.20
2008.01.23 14:18:19.541,0.74635,0.74655,2.40,3.20
2008.01.23 14:18:19.999,0.74635,0.74655,2.40,3.20
2008.01.23 14:18:20.276,0.74635,0.74655,2.40,3.20
2008.01.23 14:18:20.573,0.74635,0.74655,2.40,3.20
2008.01.23 14:18:20.913,0.74635,0.74655,2.40,3.20
2008.01.23 14:18:21.336,0.74635,0.74655,2.40,3.20
2008.01.23 14:18:21.795,0.74635,0.74655,2.40,3.20
2008.01.23 14:18:22.058,0.74635,0.74655,2.40,2.40
2008.01.23 14:18:22.741,0.74635,0.74655,2.40,2.40
2008.01.23 14:18:23.002,0.74635,0.74655,2.40,2.40
2008.01.23 14:18:23.265,0.74635,0.74655,2.40,2.40
2008.01.23 14:18:23.693,0.74635,0.74655,2.40,2.40
2008.01.23 14:18:24.129,0.74635,0.74655,2.40,3.20
2008.01.23 14:18:24.378,0.74635,0.74655,2.40,5.60
2008.01.23 14:18:24.626,0.74635,0.7465,2.40,0.80
2008.01.23 14:18:25.010,0.74635,0.7465,2.40,0.80
2008.01.23 14:18:25.423,0.74635,0.74655,2.40,7.50
2008.01.23 14:18:25.642,0.74635,0.74655,2.40,9.60
2008.01.23 14:18:25.921,0.74635,0.74655,2.40,5.90
2008.01.23 14:18:26.348,0.74635,0.74655,2.40,9.90
2008.01.23 14:18:26.817,0.74635,0.74645,2.40,0.30
2008.01.23 14:18:27.241,0.7463,0.74645,0.80,0.30
2008.01.23 14:18:27.471,0.74635,0.74655,2.40,9.10
2008.01.23 14:18:27.703,0.7463,0.74655,9.00,4.80
2008.01.23 14:18:28.119,0.7463,0.74655,8.80,5.10
2008.01.23 14:18:28.400,0.7463,0.74655,8.80,9.10
2008.01.23 14:18:28.679,0.7463,0.74655,11.20,6.70
2008.01.23 14:18:29.107,0.7463,0.74655,11.20,9.10
2008.01.23 14:18:29.502,0.7463,0.74655,8.80,9.90
2008.01.23 14:18:29.715,0.7463,0.74655,8.80,9.10
2008.01.23 14:18:29.931,0.7463,0.74655,9.00,8.80
2008.01.23 14:18:30.334,0.7463,0.74655,11.40,2.40
2008.01.23 14:18:30.423,0.74635,0.74655,2.40,2.40
2008.01.23 14:18:30.976,0.74635,0.74655,2.40,2.40
2008.01.23 14:18:31.310,0.74635,0.74655,2.40,2.40
2008.01.23 14:18:31.555,0.74635,0.74655,2.40,2.40
2008.01.23 14:18:31.926,0.74635,0.74655,2.40,2.40
2008.01.23 14:18:32.354,0.74635,0.74655,2.40,2.40
2008.01.23 14:18:32.917,0.74635,0.74655,2.40,2.40
2008.01.23 14:18:33.125,0.74635,0.74655,2.40,2.40
2008.01.23 14:18:34.086,0.74635,0.74655,2.40,2.40
2008.01.23 14:18:34.333,0.74635,0.74655,2.40,2.40
2008.01.23 14:18:34.684,0.74635,0.74655,2.40,2.40
2008.01.23 14:18:34.779,0.74635,0.74655,0.70,2.40
2008.01.23 14:18:35.027,0.74635,0.74655,1.00,2.40
2008.01.23 14:18:35.210,0.7463,0.74655,13.80,2.40
2008.01.23 14:18:35.428,0.74635,0.74655,1.30,2.40
2008.01.23 14:18:35.611,0.7463,0.74655,13.80,2.40
2008.01.23 14:18:35.932,0.74635,0.74655,1.40,2.40
2008.01.23 14:18:36.315,0.7463,0.74655,13.80,2.40
2008.01.23 14:18:36.808,0.74635,0.74655,1.50,2.40
2008.01.23 14:18:37.076,0.7463,0.74655,13.80,2.40
2008.01.23 14:18:37.344,0.7463,0.74655,13.80,2.40
2008.01.23 14:18:37.766,0.7463,0.74655,13.80,2.40
2008.01.23 14:18:37.968,0.7463,0.74655,13.80,2.40
2008.01.23 14:18:38.178,0.74635,0.74655,1.40,3.20
2008.01.23 14:18:38.579,0.7463,0.7465,13.60,0.80
2008.01.23 14:18:38.782,0.74625,0.7465,52.40,0.30
2008.01.23 14:18:39.033,0.74625,0.74655,52.60,27.20
2008.01.23 14:18:39.520,0.7463,0.74655,13.60,3.50
2008.01.23 14:18:40.460,0.74635,0.74655,0.80,2.70
2008.01.23 14:18:40.867,0.7463,0.74655,13.60,2.70
2008.01.23 14:18:41.319,0.74635,0.74655,1.20,2.40
2008.01.23 14:18:41.394,0.7463,0.74655,11.40,4.80
2008.01.23 14:18:41.815,0.74635,0.74655,0.50,4.80
2008.01.23 14:18:42.267,0.7463,0.74655,11.40,2.40
2008.01.23 14:18:42.579,0.74635,0.74655,1.50,2.40
2008.01.23 14:18:42.887,0.74635,0.74655,1.20,2.40
2008.01.23 14:18:43.759,0.7463,0.74655,13.80,2.40
2008.01.23 14:18:43.785,0.7463,0.74655,14.90,2.40
2008.01.23 14:18:44.198,0.7463,0.74655,14.90,2.40
2008.01.23 14:18:44.625,0.74635,0.74655,0.70,2.40
2008.01.23 14:18:44.863,0.74635,0.74655,1.40,2.40
2008.01.23 14:18:45.101,0.74635,0.74655,1.50,2.40
2008.01.23 14:18:45.561,0.7463,0.74655,13.80,2.40
2008.01.23 14:18:45.935,0.74635,0.74655,0.50,6.70
2008.01.23 14:18:46.159,0.7463,0.74655,13.60,6.70
2008.01.23 14:18:46.448,0.7463,0.74655,13.60,6.70
2008.01.23 14:18:46.856,0.7463,0.74655,13.60,6.70
2008.01.23 14:18:47.580,0.74635,0.74655,1.10,6.70
2008.01.23 14:18:48.908,0.7463,0.74655,13.80,6.40
2008.01.23 14:18:49.227,0.7463,0.74655,13.60,6.70
2008.01.23 14:18:49.730,0.7463,0.74655,13.60,6.70
2008.01.23 14:18:50.154,0.74635,0.74655,1.60,6.70
2008.01.23 14:18:50.425,0.74635,0.74655,1.40,6.70
2008.01.23 14:18:50.925,0.7463,0.74655,13.60,6.70
2008.01.23 14:18:52.600,0.74635,0.74655,1.20,6.70
2008.01.23 14:18:53.894,0.7463,0.74655,13.60,6.70
2008.01.23 14:18:54.402,0.7463,0.74655,11.20,6.70
2008.01.23 14:18:54.832,0.74635,0.74655,0.80,9.60
2008.01.23 14:18:55.021,0.74635,0.74655,0.90,7.50
2008.01.23 14:18:55.834,0.7463,0.74655,13.60,7.50
2008.01.23 14:18:56.201,0.74635,0.74655,1.00,9.90
2008.01.23 14:18:56.683,0.7463,0.74655,4.00,13.90
2008.01.23 14:18:56.733,0.7463,0.7465,4.00,0.30
2008.01.23 14:18:57.147,0.74625,0.74655,44.60,29.90
2008.01.23 14:18:57.581,0.7463,0.74655,3.20,9.90
2008.01.23 14:18:58.024,0.74635,0.74655,1.10,9.90
2008.01.23 14:18:58.248,0.74635,0.74655,1.40,7.50
2008.01.23 14:18:58.472,0.74635,0.74655,0.70,3.50
2008.01.23 14:18:59.459,0.74635,0.74655,1.60,2.70
2008.01.23 14:18:59.741,0.74635,0.74655,1.60,2.40
2008.01.23 14:18:59.963,0.7463,0.74655,13.80,2.40
2008.01.23 14:19:00.369,0.74635,0.74655,0.50,2.70
2008.01.23 14:19:00.777,0.74625,0.74655,44.60,9.10
2008.01.23 14:19:01.034,0.74625,0.74655,51.80,8.30
2008.01.23 14:19:01.288,0.7463,0.74655,2.30,9.10
2008.01.23 14:19:01.704,0.7463,0.74655,2.20,8.30
2008.01.23 14:19:01.959,0.74625,0.74655,44.60,11.20
2008.01.23 14:19:02.227,0.74625,0.74655,44.60,11.20
2008.01.23 14:19:02.646,0.74625,0.74655,44.60,11.20
2008.01.23 14:19:03.120,0.74625,0.74655,44.60,11.20
2008.01.23 14:19:03.354,0.74625,0.74655,43.00,8.80
2008.01.23 14:19:03.588,0.74625,0.74655,43.00,8.80
2008.01.23 14:19:03.994,0.7463,0.74655,1.30,9.10
2008.01.23 14:19:04.229,0.7463,0.74655,2.00,11.50
2008.01.23 14:19:04.500,0.74625,0.74655,44.60,11.50
2008.01.23 14:19:05.441,0.74625,0.74655,44.60,10.70
2008.01.23 14:19:05.829,0.74625,0.74655,44.60,8.30
2008.01.23 14:19:06.048,0.74625,0.74655,44.60,8.30
2008.01.23 14:19:06.266,0.7463,0.74655,3.50,10.70
2008.01.23 14:19:06.731,0.74625,0.74655,44.60,10.70
2008.01.23 14:19:07.615,0.7463,0.74655,2.80,10.70
2008.01.23 14:19:08.140,0.7463,0.74655,4.00,8.30
2008.01.23 14:19:08.457,0.7463,0.74655,9.10,10.70
2008.01.23 14:19:08.866,0.74635,0.74655,0.60,10.70
2008.01.23 14:19:09.075,0.74635,0.74655,0.50,8.00
2008.01.23 14:19:09.303,0.7463,0.74655,3.30,8.00
2008.01.23 14:19:09.700,0.74625,0.74655,52.60,8.00
2008.01.23 14:19:10.006,0.74625,0.74655,52.60,8.00
2008.01.23 14:19:10.313,0.7463,0.74655,1.10,10.40
2008.01.23 14:19:10.741,0.7463,0.74655,9.30,10.40
2008.01.23 14:19:11.123,0.74635,0.74655,0.70,10.70
2008.01.23 14:19:11.317,0.74635,0.74655,0.90,8.30
2008.01.23 14:19:11.538,0.7463,0.74655,13.90,8.30
2008.01.23 14:19:11.981,0.74635,0.74655,0.90,8.30
2008.01.23 14:19:12.233,0.7463,0.74655,11.50,8.30
2008.01.23 14:19:12.629,0.74635,0.74655,0.60,8.30
2008.01.23 14:19:12.952,0.74635,0.74655,0.90,8.30
2008.01.23 14:19:13.216,0.7463,0.74655,5.60,8.30
2008.01.23 14:19:14.006,0.74625,0.74655,51.00,8.30
2008.01.23 14:19:14.184,0.74625,0.74655,51.00,8.30
2008.01.23 14:19:14.408,0.7463,0.74655,4.70,8.30
2008.01.23 14:19:14.800,0.74625,0.74655,51.00,8.00
2008.01.23 14:19:15.096,0.74635,0.74655,0.60,10.40
2008.01.23 14:19:15.394,0.7463,0.74655,1.30,10.70
2008.01.23 14:19:15.814,0.7463,0.74655,5.20,8.00
2008.01.23 14:19:16.213,0.7463,0.74655,11.70,8.00
2008.01.23 14:19:16.627,0.74625,0.74655,45.40,10.70
2008.01.23 14:19:17.021,0.74625,0.74655,43.00,8.30
2008.01.23 14:19:17.153,0.7463,0.74655,11.70,8.00
2008.01.23 14:19:17.564,0.74635,0.74655,0.70,8.00
2008.01.23 14:19:18.082,0.7463,0.74655,11.70,8.00
2008.01.23 14:19:18.488,0.7463,0.74655,14.10,8.00
2008.01.23 14:19:18.708,0.7463,0.74655,14.50,8.00
2008.01.23 14:19:18.929,0.74635,0.74655,3.50,4.00
2008.01.23 14:19:19.331,0.74635,0.74655,3.50,4.00
2008.01.23 14:19:19.543,0.74635,0.7466,23.50,0.30
2008.01.23 14:19:19.771,0.74635,0.7466,23.50,0.30
2008.01.23 14:19:20.183,0.74645,0.74665,2.40,8.80
2008.01.23 14:19:20.456,0.74645,0.7466,2.40,0.30
2008.01.23 14:19:20.730,0.74645,0.7466,2.40,0.30
2008.01.23 14:19:21.145,0.74645,0.7466,2.40,1.10
2008.01.23 14:19:21.582,0.74635,0.74655,1.10,2.40
2008.01.23 14:19:21.819,0.74635,0.74655,3.50,2.40
2008.01.23 14:19:22.058,0.74635,0.74655,3.50,2.40
2008.01.23 14:19:22.489,0.74635,0.74655,1.10,4.80
2008.01.23 14:19:22.933,0.74635,0.74655,1.10,4.80
2008.01.23 14:19:23.186,0.74635,0.74655,1.10,4.80
2008.01.23 14:19:23.439,0.74635,0.74655,3.50,2.40
2008.01.23 14:19:23.857,0.74635,0.74655,3.50,2.40
2008.01.23 14:19:24.094,0.74635,0.74655,3.50,4.80
2008.01.23 14:19:24.333,0.74635,0.74655,3.50,2.40
2008.01.23 14:19:24.762,0.74635,0.74655,3.50,2.40
2008.01.23 14:19:25.563,0.74635,0.74655,3.50,2.40
2008.01.23 14:19:25.851,0.74635,0.74655,3.50,2.40
2008.01.23 14:19:26.217,0.74635,0.74655,3.50,2.40
2008.01.23 14:19:26.592,0.74635,0.74655,1.10,2.40
2008.01.23 14:19:26.850,0.74635,0.74655,1.10,2.40
2008.01.23 14:19:27.108,0.74635,0.74655,1.10,2.40
2008.01.23 14:19:27.527,0.74635,0.74655,1.10,2.40
2008.01.23 14:19:27.982,0.74635,0.74655,1.10,4.80
2008.01.23 14:19:28.270,0.74635,0.74655,13.40,4.80
2008.01.23 14:19:28.558,0.74635,0.7466,27.00,0.80
2008.01.23 14:19:28.975,0.74635,0.74655,12.60,2.40
2008.01.23 14:19:29.378,0.74635,0.74655,3.80,2.40
2008.01.23 14:19:29.783,0.74635,0.7466,31.80,0.80
2008.01.23 14:19:30.007,0.7464,0.74665,10.60,1.80
2008.01.23 14:19:30.231,0.7464,0.74665,10.60,5.80
2008.01.23 14:19:30.647,0.74635,0.74665,36.60,29.10
2008.01.23 14:19:31.062,0.7464,0.74665,8.20,6.40
2008.01.23 14:19:31.533,0.74645,0.74665,5.10,10.40
2008.01.23 14:19:32.009,0.74645,0.74665,5.10,10.60
2008.01.23 14:19:32.080,0.74645,0.74665,1.10,4.00
2008.01.23 14:19:32.449,0.74645,0.7467,1.10,2.70
2008.01.23 14:19:32.860,0.74645,0.7467,1.10,2.70
2008.01.23 14:19:33.273,0.74645,0.7467,1.10,2.70
2008.01.23 14:19:33.770,0.74645,0.74665,1.10,4.00
2008.01.23 14:19:33.878,0.7464,0.74665,8.20,4.00
2008.01.23 14:19:34.299,0.7464,0.74665,8.20,4.00
2008.01.23 14:19:34.706,0.7464,0.74665,8.00,4.30
2008.01.23 14:19:35.137,0.74635,0.74665,35.80,16.30
2008.01.23 14:19:35.379,0.74635,0.74665,27.80,17.90
2008.01.23 14:19:35.623,0.74635,0.74665,26.20,17.10
2008.01.23 14:19:36.035,0.74635,0.74665,26.20,17.10
2008.01.23 14:19:36.468,0.74635,0.74665,26.20,16.30
2008.01.23 14:19:36.789,0.74635,0.74655,5.90,2.40
2008.01.23 14:19:37.107,0.74635,0.74655,3.50,2.40
2008.01.23 14:19:37.526,0.74635,0.74655,29.40,2.40
2008.01.23 14:19:37.913,0.74635,0.74655,29.40,2.40
2008.01.23 14:19:38.109,0.74635,0.74655,33.40,2.40
2008.01.23 14:19:38.440,0.74635,0.74655,33.40,2.40
2008.01.23 14:19:38.772,0.74635,0.74655,31.00,2.40
2008.01.23 14:19:39.216,0.74635,0.74655,31.00,2.40
2008.01.23 14:19:39.459,0.7464,0.7466,8.00,0.80
2008.01.23 14:19:39.748,0.74635,0.7466,33.40,0.80
2008.01.23 14:19:40.162,0.74645,0.74665,2.40,9.90
2008.01.23 14:19:40.641,0.74635,0.74665,27.80,21.90
2008.01.23 14:19:40.773,0.7463,0.74665,36.60,21.90
2008.01.23 14:19:41.038,0.74635,0.74665,3.00,21.90
2008.01.23 14:19:41.236,0.7463,0.74665,27.00,23.50
2008.01.23 14:19:41.472,0.7463,0.74665,27.00,21.10
2008.01.23 14:19:41.856,0.74635,0.74665,9.00,14.70
2008.01.23 14:19:42.322,0.7463,0.74665,27.00,0.30
2008.01.23 14:19:42.593,0.74635,0.74665,13.10,0.30
2008.01.23 14:19:42.863,0.74635,0.74655,2.20,4.00
2008.01.23 14:19:43.287,0.7463,0.7466,26.90,0.30
2008.01.23 14:19:43.748,0.74635,0.7466,1.30,0.30
2008.01.23 14:19:43.967,0.74635,0.74655,1.20,2.40
2008.01.23 14:19:44.224,0.74635,0.74655,2.60,2.40
2008.01.23 14:19:44.605,0.7463,0.74655,14.90,2.40
2008.01.23 14:19:45.034,0.74635,0.74655,0.80,2.40
2008.01.23 14:19:45.453,0.7463,0.74655,14.90,2.40
2008.01.23 14:19:45.488,0.7463,0.74655,14.90,2.40
2008.01.23 14:19:45.898,0.74635,0.74655,2.00,2.40
2008.01.23 14:19:46.365,0.7463,0.74655,14.90,2.40
2008.01.23 14:19:46.435,0.7463,0.74655,14.90,2.40
2008.01.23 14:19:46.859,0.7463,0.74655,14.90,2.40
2008.01.23 14:19:47.097,0.74635,0.74655,0.60,2.40
2008.01.23 14:19:47.335,0.7463,0.74655,27.00,2.40
2008.01.23 14:19:47.763,0.7463,0.74655,27.00,2.40
2008.01.23 14:19:48.200,0.74625,0.74655,76.50,2.40
2008.01.23 14:19:48.488,0.74625,0.74655,75.60,2.40
2008.01.23 14:19:48.776,0.74635,0.74655,10.10,2.40
2008.01.23 14:19:49.222,0.7463,0.74655,30.20,2.40
2008.01.23 14:19:49.455,0.7463,0.74655,28.50,2.40
2008.01.23 14:19:49.946,0.7463,0.74655,28.50,2.40
2008.01.23 14:19:50.587,0.74635,0.74655,8.30,2.40
2008.01.23 14:19:50.800,0.74635,0.74655,6.00,2.40
2008.01.23 14:19:51.019,0.7463,0.74655,14.90,2.40
2008.01.23 14:19:51.423,0.74635,0.74655,1.60,2.40
2008.01.23 14:19:51.932,0.7463,0.74655,14.90,2.40
2008.01.23 14:19:52.246,0.74635,0.74655,3.10,2.40
2008.01.23 14:19:52.558,0.74635,0.74655,3.30,2.40
2008.01.23 14:19:54.356,0.74635,0.74655,1.00,2.40
2008.01.23 14:19:54.641,0.74635,0.74655,2.60,2.40
2008.01.23 14:19:54.909,0.7463,0.7466,15.00,4.80
2008.01.23 14:19:54.986,0.7463,0.74665,27.00,33.30
2008.01.23 14:19:55.200,0.74635,0.7466,4.40,5.10
2008.01.23 14:19:55.473,0.7463,0.74655,14.90,2.40
2008.01.23 14:19:55.550,0.74635,0.74655,1.80,2.40
2008.01.23 14:19:56.023,0.7463,0.74655,14.90,2.40
2008.01.23 14:19:56.550,0.7463,0.74655,14.90,2.40
2008.01.23 14:19:56.994,0.7463,0.74655,12.50,4.80
2008.01.23 14:19:57.227,0.7463,0.74655,9.30,4.80
2008.01.23 14:19:57.462,0.74635,0.74655,0.90,4.80
2008.01.23 14:19:57.889,0.7463,0.74655,3.70,4.80
2008.01.23 14:19:58.339,0.74625,0.74655,42.10,4.80
2008.01.23 14:19:58.596,0.7463,0.74655,3.00,4.80
2008.01.23 14:19:58.854,0.74625,0.74655,42.10,4.80
2008.01.23 14:20:00.603,0.74625,0.74655,43.70,4.80
2008.01.23 14:20:00.671,0.7463,0.74655,1.40,2.40
2008.01.23 14:20:00.952,0.74625,0.74655,43.70,2.40
2008.01.23 14:20:01.651,0.7463,0.74655,3.80,2.40
2008.01.23 14:20:01.985,0.7463,0.74655,0.80,23.50
2008.01.23 14:20:02.714,0.74625,0.74655,46.60,23.50
2008.01.23 14:20:03.047,0.7463,0.74655,1.00,23.50
2008.01.23 14:20:03.225,0.74625,0.74655,46.60,23.50
2008.01.23 14:20:03.453,0.74625,0.74655,46.20,23.50
2008.01.23 14:20:03.843,0.74625,0.74655,46.20,23.50
2008.01.23 14:20:04.141,0.7463,0.74655,1.60,23.50
2008.01.23 14:20:04.440,0.7462,0.74655,40.60,28.30
2008.01.23 14:20:04.871,0.74625,0.74655,31.00,26.70
2008.01.23 14:20:05.265,0.74625,0.74655,39.00,25.90
2008.01.23 14:20:05.468,0.7462,0.74655,32.60,28.30
2008.01.23 14:20:05.691,0.74625,0.74655,31.80,25.90
2008.01.23 14:20:06.119,0.74625,0.74655,39.00,25.90
2008.01.23 14:20:06.567,0.74625,0.74655,39.00,25.90
2008.01.23 14:20:06.596,0.74625,0.74655,39.00,25.90
2008.01.23 14:20:07.038,0.74625,0.74655,7.70,28.30
2008.01.23 14:20:07.566,0.7462,0.7465,24.60,2.40
2008.01.23 14:20:08.094,0.7462,0.7465,11.80,7.20
2008.01.23 14:20:08.282,0.74625,0.7465,6.40,7.20
2008.01.23 14:20:08.506,0.74625,0.7465,2.80,2.40
2008.01.23 14:20:08.888,0.7462,0.7465,11.70,7.50
2008.01.23 14:20:09.325,0.7462,0.7465,11.80,7.20
2008.01.23 14:20:09.574,0.74615,0.74655,71.80,30.70
2008.01.23 14:20:09.822,0.74615,0.74655,72.60,30.70
2008.01.23 14:20:10.238,0.74625,0.74655,33.40,29.90
2008.01.23 14:20:10.688,0.74625,0.74645,33.40,2.40
2008.01.23 14:20:10.941,0.74625,0.74645,33.40,2.40
2008.01.23 14:20:12.140,0.74625,0.74645,33.40,2.40
2008.01.23 14:20:12.467,0.74625,0.74655,33.40,31.70
2008.01.23 14:20:12.960,0.74625,0.74655,32.60,32.50
2008.01.23 14:20:13.452,0.74625,0.74655,31.00,31.50
2008.01.23 14:20:14.027,0.74625,0.74655,31.00,0.80
2008.01.23 14:20:14.313,0.74625,0.7466,31.00,39.50
2008.01.23 14:20:14.726,0.74625,0.74645,31.00,0.50
2008.01.23 14:20:14.938,0.74625,0.74645,31.00,0.90
2008.01.23 14:20:15.156,0.74625,0.74645,30.70,0.80
2008.01.23 14:20:15.561,0.74625,0.74645,23.20,0.90
2008.01.23 14:20:16.039,0.74625,0.7465,23.20,10.70
2008.01.23 14:20:16.519,0.74625,0.7465,31.00,7.20
2008.01.23 14:20:16.909,0.74625,0.7465,28.60,9.60
2008.01.23 14:20:17.103,0.74625,0.7465,31.00,7.20
2008.01.23 14:20:17.332,0.74625,0.74645,28.60,0.70
2008.01.23 14:20:17.711,0.74625,0.7465,28.60,7.20
2008.01.23 14:20:18.184,0.74625,0.7465,28.60,7.20
2008.01.23 14:20:18.645,0.74625,0.7465,28.60,7.20
2008.01.23 14:20:18.918,0.74625,0.7465,11.00,15.20
2008.01.23 14:20:19.192,0.74625,0.74645,8.60,0.50
2008.01.23 14:20:19.608,0.74625,0.74645,8.60,0.80
2008.01.23 14:20:20.501,0.74625,0.7465,8.60,15.20
2008.01.23 14:20:20.976,0.74625,0.7465,8.60,15.20
2008.01.23 14:20:21.350,0.74625,0.7465,8.60,15.20
2008.01.23 14:20:21.771,0.74625,0.74645,8.60,0.80
2008.01.23 14:20:21.993,0.74625,0.74645,8.60,0.90
2008.01.23 14:20:22.296,0.74625,0.7465,8.60,15.20
2008.01.23 14:20:22.718,0.7462,0.7465,2.40,29.90
2008.01.23 14:20:23.020,0.74615,0.74645,43.80,0.50
2008.01.23 14:20:23.323,0.74615,0.7465,47.80,29.90
2008.01.23 14:20:23.695,0.74625,0.74645,6.40,0.70
2008.01.23 14:20:24.134,0.74625,0.7465,4.00,36.90
2008.01.23 14:20:24.338,0.7462,0.7464,2.40,0.30
2008.01.23 14:20:24.542,0.74615,0.7464,32.40,13.10
2008.01.23 14:20:24.745,0.74615,0.74635,11.60,0.80
2008.01.23 14:20:24.971,0.74615,0.74635,11.80,0.80
2008.01.23 14:20:25.387,0.74615,0.7464,9.90,15.50
2008.01.23 14:20:25.873,0.74615,0.74635,9.90,0.50
2008.01.23 14:20:26.168,0.74615,0.7464,10.40,16.30
2008.01.23 14:20:26.461,0.74615,0.74635,6.40,0.60
2008.01.23 14:20:26.846,0.74615,0.7464,2.40,18.70
2008.01.23 14:20:27.298,0.74615,0.7464,2.40,18.70
2008.01.23 14:20:27.502,0.74605,0.74635,27.80,29.90
2008.01.23 14:20:27.715,0.74605,0.7463,27.80,0.50
2008.01.23 14:20:28.115,0.74605,0.74635,19.60,29.90
2008.01.23 14:20:28.317,0.74605,0.74635,19.60,30.70
2008.01.23 14:20:28.541,0.74605,0.7463,11.50,15.50
2008.01.23 14:20:29.061,0.746,0.74625,2.40,0.50
2008.01.23 14:20:29.586,0.74595,0.7463,41.40,30.70
2008.01.23 14:20:29.800,0.74595,0.7463,3.80,39.50
2008.01.23 14:20:30.017,0.74595,0.74625,10.90,0.60
2008.01.23 14:20:30.423,0.74595,0.7463,10.90,37.90
2008.01.23 14:20:30.651,0.746,0.7463,0.30,37.90
2008.01.23 14:20:30.879,0.74595,0.74625,36.90,0.60
2008.01.23 14:20:31.304,0.74595,0.7463,34.50,37.90
2008.01.23 14:20:31.724,0.74595,0.7463,32.90,38.30
2008.01.23 14:20:32.024,0.74595,0.7463,34.50,39.90
2008.01.23 14:20:32.321,0.74595,0.74625,34.50,0.70
2008.01.23 14:20:32.766,0.74595,0.74625,34.50,0.50
2008.01.23 14:20:33.147,0.74595,0.7462,16.10,0.70
2008.01.23 14:20:33.339,0.74595,0.7462,16.10,0.50
2008.01.23 14:20:33.569,0.74595,0.74625,16.10,36.50
2008.01.23 14:20:33.843,0.74595,0.7463,18.50,43.70
2008.01.23 14:20:34.118,0.746,0.7463,2.40,40.50
2008.01.23 14:20:34.537,0.746,0.74625,2.40,0.60
2008.01.23 14:20:35.298,0.746,0.74625,2.60,0.80
2008.01.23 14:20:35.557,0.74605,0.7463,6.40,16.30
2008.01.23 14:20:35.815,0.74605,0.7463,6.40,16.30
2008.01.23 14:20:36.059,0.74605,0.7463,4.00,31.50
2008.01.23 14:20:36.464,0.74605,0.7463,4.00,31.50
2008.01.23 14:20:36.682,0.74605,0.74625,4.00,0.90
2008.01.23 14:20:37.138,0.74605,0.74625,4.00,0.60
2008.01.23 14:20:37.545,0.74605,0.74625,4.00,0.60
2008.01.23 14:20:37.788,0.74595,0.74625,13.80,31.50
2008.01.23 14:20:38.003,0.74595,0.7463,28.20,42.10
2008.01.23 14:20:38.185,0.74595,0.7463,29.80,42.10
2008.01.23 14:20:38.399,0.74595,0.74625,29.80,0.60
2008.01.23 14:20:39.096,0.74595,0.7463,29.80,38.70
2008.01.23 14:20:39.627,0.74595,0.7463,29.80,38.30
2008.01.23 14:20:39.882,0.74595,0.7463,30.60,38.30
2008.01.23 14:20:40.142,0.74595,0.7463,30.60,37.90
2008.01.23 14:20:40.338,0.746,0.74625,0.30,0.90
2008.01.23 14:20:40.644,0.746,0.7463,0.30,37.90
2008.01.23 14:20:40.963,0.74605,0.7463,4.00,29.90
2008.01.23 14:20:41.364,0.74605,0.7463,5.10,17.90
2008.01.23 14:20:41.479,0.74605,0.7463,1.10,29.10
2008.01.23 14:20:41.908,0.746,0.74625,3.40,0.80
2008.01.23 14:20:42.424,0.746,0.74635,5.60,63.70
2008.01.23 14:20:42.831,0.74595,0.74625,46.60,28.80
2008.01.23 14:20:43.034,0.746,0.74625,0.30,28.80
2008.01.23 14:20:43.261,0.746,0.74625,0.30,28.80
2008.01.23 14:20:43.723,0.74605,0.7463,7.80,10.40
2008.01.23 14:20:44.185,0.746,0.74625,2.60,24.00
2008.01.23 14:20:44.250,0.74605,0.74625,4.00,24.80
2008.01.23 14:20:44.664,0.74605,0.74625,6.40,4.00
2008.01.23 14:20:45.146,0.74605,0.74625,6.40,4.00
2008.01.23 14:20:45.596,0.746,0.74625,2.60,12.00
2008.01.23 14:20:45.617,0.746,0.74625,2.60,24.80
2008.01.23 14:20:46.021,0.746,0.74625,2.40,25.10
2008.01.23 14:20:46.222,0.746,0.74625,2.40,25.10
2008.01.23 14:20:46.435,0.746,0.74625,2.40,25.10
2008.01.23 14:20:46.914,0.746,0.74625,2.60,24.80
2008.01.23 14:20:47.009,0.746,0.74625,2.60,24.00
2008.01.23 14:20:47.421,0.746,0.74625,2.60,24.00
2008.01.23 14:20:47.896,0.746,0.74625,2.60,24.00
2008.01.23 14:20:48.587,0.746,0.74625,2.60,24.00
2008.01.23 14:20:48.852,0.746,0.74625,2.40,24.30
2008.01.23 14:20:49.251,0.746,0.74625,2.40,24.30
2008.01.23 14:20:49.660,0.746,0.74625,2.40,25.10
2008.01.23 14:20:49.797,0.746,0.74625,2.40,25.10
2008.01.23 14:20:50.143,0.746,0.74625,2.40,25.90
2008.01.23 14:20:50.584,0.746,0.74625,2.40,26.70
2008.01.23 14:20:50.832,0.74595,0.74625,39.40,31.50
2008.01.23 14:20:51.111,0.74595,0.74625,39.40,31.50
2008.01.23 14:20:51.528,0.74595,0.74625,39.40,31.50
2008.01.23 14:20:52.006,0.74595,0.74625,39.40,31.50
2008.01.23 14:20:52.440,0.74595,0.74625,39.40,31.50
2008.01.23 14:20:52.857,0.74595,0.74625,39.40,31.50
2008.01.23 14:20:53.304,0.74595,0.74625,39.40,29.90
2008.01.23 14:20:53.751,0.74595,0.74625,39.40,29.90
2008.01.23 14:20:54.003,0.74595,0.74625,39.40,29.10
2008.01.23 14:20:55.710,0.74595,0.74625,39.40,29.10
2008.01.23 14:20:55.935,0.74595,0.74625,39.40,29.90
2008.01.23 14:20:56.210,0.74595,0.74625,39.40,29.90
2008.01.23 14:20:56.454,0.74595,0.74625,39.40,29.90
2008.01.23 14:20:57.255,0.74595,0.74625,31.40,29.90
2008.01.23 14:20:57.880,0.74595,0.74625,31.40,29.90
2008.01.23 14:20:58.666,0.74595,0.74625,31.40,29.90
2008.01.23 14:20:58.845,0.74595,0.74625,31.40,32.30
2008.01.23 14:20:59.065,0.74595,0.7463,31.40,41.50
2008.01.23 14:21:01.033,0.74595,0.74625,31.40,0.70
2008.01.23 14:21:01.228,0.74595,0.7462,15.40,12.00
2008.01.23 14:21:01.535,0.74595,0.7462,15.40,12.80
2008.01.23 14:21:02.555,0.74595,0.74615,15.10,0.70
2008.01.23 14:21:02.759,0.74595,0.7462,15.10,15.50
2008.01.23 14:21:02.979,0.74595,0.7462,15.10,15.50
2008.01.23 14:21:03.373,0.74595,0.74615,15.10,0.50
2008.01.23 14:21:04.384,0.74595,0.74615,15.40,0.50
2008.01.23 14:21:04.783,0.74595,0.74615,15.40,0.80
2008.01.23 14:21:05.895,0.74595,0.7462,15.40,14.40
2008.01.23 14:21:06.233,0.74595,0.74615,15.40,0.70
2008.01.23 14:21:06.640,0.74595,0.74615,15.40,0.60
2008.01.23 14:21:06.855,0.74595,0.74615,15.40,0.90
2008.01.23 14:21:07.250,0.74595,0.7462,15.40,14.40
2008.01.23 14:21:07.494,0.74595,0.74615,19.40,0.70
2008.01.23 14:21:07.984,0.74595,0.7463,31.40,39.70
2008.01.23 14:21:08.478,0.74595,0.74625,28.20,0.70
2008.01.23 14:21:08.719,0.74595,0.7462,24.10,0.80
2008.01.23 14:21:08.956,0.74595,0.7462,25.80,0.50
2008.01.23 14:21:09.389,0.74595,0.74625,9.80,38.70
2008.01.23 14:21:09.609,0.74595,0.7462,26.60,0.90
2008.01.23 14:21:09.830,0.74595,0.74625,29.80,0.80
2008.01.23 14:21:10.243,0.74595,0.74625,12.20,31.50
2008.01.23 14:21:10.462,0.74595,0.74625,10.50,31.50
2008.01.23 14:21:10.756,0.74595,0.7463,29.70,40.30
2008.01.23 14:21:12.398,0.74595,0.74625,22.50,33.10
2008.01.23 14:21:12.667,0.74595,0.7462,10.20,14.70
2008.01.23 14:21:12.746,0.74595,0.74615,10.20,0.80
2008.01.23 14:21:12.969,0.74595,0.7462,10.20,14.70
2008.01.23 14:21:13.238,0.74595,0.7462,10.20,14.70
2008.01.23 14:21:13.532,0.74595,0.74615,10.20,0.70
2008.01.23 14:21:14.061,0.74595,0.7462,10.20,14.70
2008.01.23 14:21:14.393,0.74595,0.7462,10.20,14.70
2008.01.23 14:21:15.523,0.74595,0.7462,10.20,14.70
2008.01.23 14:21:15.716,0.74595,0.7462,10.20,14.70
2008.01.23 14:21:16.001,0.74595,0.7462,10.50,14.40
2008.01.23 14:21:16.417,0.74595,0.74615,12.20,0.60
2008.01.23 14:21:16.698,0.74595,0.74615,9.80,0.70
2008.01.23 14:21:16.962,0.74595,0.74615,12.20,0.70
2008.01.23 14:21:17.392,0.74595,0.7462,9.80,16.80
2008.01.23 14:21:17.825,0.74595,0.74615,9.50,0.80
2008.01.23 14:21:17.868,0.74595,0.7462,9.50,17.90
2008.01.23 14:21:18.282,0.74595,0.74615,10.20,0.70
2008.01.23 14:21:18.700,0.74595,0.74615,7.80,0.50
2008.01.23 14:21:18.921,0.74595,0.74615,7.80,0.60
2008.01.23 14:21:19.194,0.74595,0.7462,7.80,17.10
2008.01.23 14:21:19.625,0.74595,0.74615,7.80,0.90
2008.01.23 14:21:20.132,0.74595,0.74615,7.80,0.70
2008.01.23 14:21:20.927,0.74595,0.74615,7.80,0.50
2008.01.23 14:21:21.358,0.74595,0.7462,7.80,17.10
2008.01.23 14:21:21.688,0.74595,0.7462,7.80,17.10
2008.01.23 14:21:22.888,0.74595,0.7462,7.80,17.10
2008.01.23 14:21:22.899,0.74595,0.7462,7.80,17.10
2008.01.23 14:21:23.428,0.74595,0.74615,7.80,0.60
2008.01.23 14:21:23.929,0.74595,0.7462,7.80,17.10
2008.01.23 14:21:24.385,0.74595,0.7462,7.80,17.10
2008.01.23 14:21:24.754,0.74595,0.7462,7.80,17.10
2008.01.23 14:21:24.905,0.7459,0.7462,16.80,23.50
2008.01.23 14:21:25.220,0.7459,0.7462,12.80,17.10
2008.01.23 14:21:25.493,0.7459,0.7462,12.80,17.90
2008.01.23 14:21:25.711,0.7459,0.7462,16.80,17.90
2008.01.23 14:21:26.104,0.7459,0.7462,16.80,17.90
2008.01.23 14:21:26.671,0.7459,0.7462,16.80,17.90
2008.01.23 14:21:27.019,0.7459,0.7462,12.80,17.90
2008.01.23 14:21:27.523,0.7459,0.7462,12.80,17.90
2008.01.23 14:21:27.730,0.7459,0.7462,16.80,17.90
2008.01.23 14:21:27.947,0.7459,0.7462,16.80,17.90
2008.01.23 14:21:28.777,0.74595,0.74615,2.70,6.40
2008.01.23 14:21:29.992,0.74595,0.74615,0.70,6.40
2008.01.23 14:21:30.693,0.74595,0.74615,2.90,6.40
2008.01.23 14:21:31.152,0.7459,0.74615,12.80,6.40
2008.01.23 14:21:31.420,0.74595,0.74615,1.20,6.40
2008.01.23 14:21:32.104,0.7459,0.74615,12.80,6.40
2008.01.23 14:21:32.389,0.7459,0.74615,16.80,6.40
2008.01.23 14:21:32.674,0.74595,0.74615,2.50,6.40
2008.01.23 14:21:33.090,0.7459,0.74615,12.80,6.40
2008.01.23 14:21:33.643,0.74595,0.74615,1.60,6.70
2008.01.23 14:21:33.940,0.74595,0.74615,1.10,26.70
2008.01.23 14:21:34.389,0.7459,0.74615,5.40,26.40
2008.01.23 14:21:34.837,0.7459,0.74615,5.40,27.20
2008.01.23 14:21:35.095,0.74585,0.74615,51.70,27.50
2008.01.23 14:21:35.615,0.7459,0.74615,5.40,27.20
2008.01.23 14:21:35.879,0.7459,0.74615,5.30,15.20
2008.01.23 14:21:36.296,0.74595,0.74615,1.30,14.40
2008.01.23 14:21:37.634,0.74595,0.74615,0.90,6.40
2008.01.23 14:21:37.898,0.74595,0.7461,1.00,0.05
2008.01.23 14:21:38.164,0.74595,0.7461,1.50,0.05
2008.01.23 14:21:38.405,0.74595,0.7461,0.80,0.05
2008.01.23 14:21:38.649,0.74595,0.7461,1.30,0.05
2008.01.23 14:21:39.070,0.7459,0.7461,2.70,0.05
2008.01.23 14:21:39.312,0.74585,0.7461,46.20,0.05
2008.01.23 14:21:39.582,0.74595,0.7461,0.90,0.05
2008.01.23 14:21:40.019,0.7459,0.7461,2.70,0.05
2008.01.23 14:21:40.288,0.74585,0.7461,47.80,0.05
2008.01.23 14:21:40.697,0.74595,0.7461,1.10,0.05
2008.01.23 14:21:40.936,0.7459,0.7461,2.70,0.05
2008.01.23 14:21:41.357,0.74595,0.7461,1.20,0.05
2008.01.23 14:21:42.653,0.7459,0.7461,2.70,0.05
2008.01.23 14:21:42.883,0.7459,0.7461,2.70,0.05
2008.01.23 14:21:43.061,0.7459,0.7461,2.70,0.05
2008.01.23 14:21:43.279,0.74595,0.7461,0.80,0.05
2008.01.23 14:21:43.458,0.7459,0.7461,2.70,0.05
2008.01.23 14:21:43.678,0.7459,0.7461,2.70,0.05
2008.01.23 14:21:44.205,0.74585,0.7461,50.20,0.05
2008.01.23 14:21:44.729,0.74585,0.7461,50.20,0.05
2008.01.23 14:21:44.916,0.74595,0.7461,0.50,0.05
2008.01.23 14:21:45.138,0.74595,0.7461,0.60,0.05
2008.01.23 14:21:45.525,0.74585,0.7461,47.80,0.05
2008.01.23 14:21:45.548,0.74585,0.7461,47.80,0.05
2008.01.23 14:21:45.933,0.74595,0.7461,1.40,0.05
2008.01.23 14:21:46.259,0.74585,0.7461,50.20,0.05
2008.01.23 14:21:46.587,0.74585,0.7461,48.60,0.05
2008.01.23 14:21:47.111,0.74585,0.7461,50.20,0.05
2008.01.23 14:21:47.307,0.74585,0.7461,50.20,0.05
2008.01.23 14:21:47.921,0.74585,0.7461,50.20,0.05
2008.01.23 14:21:48.172,0.74595,0.7461,1.30,0.05
2008.01.23 14:21:48.421,0.74595,0.7461,1.00,0.05
2008.01.23 14:21:48.993,0.7459,0.7461,2.70,0.05
2008.01.23 14:21:49.326,0.74585,0.7461,49.00,0.05
2008.01.23 14:21:49.604,0.74585,0.7461,31.60,0.40
2008.01.23 14:21:49.883,0.7458,0.7461,19.80,8.00
2008.01.23 14:21:50.344,0.74585,0.7461,1.60,8.30
2008.01.23 14:21:50.551,0.7458,0.74605,24.80,4.30
2008.01.23 14:21:51.009,0.74575,0.74605,62.20,24.00
2008.01.23 14:21:51.419,0.74575,0.74605,62.20,24.30
2008.01.23 14:21:51.872,0.7458,0.74605,1.40,24.30
2008.01.23 14:21:52.126,0.7458,0.74605,2.60,24.00
2008.01.23 14:21:52.379,0.7458,0.74605,2.40,24.30
2008.01.23 14:21:52.777,0.74575,0.74605,47.80,24.30
2008.01.23 14:21:53.191,0.74575,0.74605,47.80,26.70
2008.01.23 14:21:53.590,0.74575,0.74605,38.20,29.10
2008.01.23 14:21:53.892,0.74575,0.74605,39.80,29.10
2008.01.23 14:21:54.196,0.74575,0.74605,39.80,29.10
2008.01.23 14:21:54.637,0.74575,0.746,37.90,0.30
2008.01.23 14:21:55.051,0.74575,0.746,17.90,8.30
2008.01.23 14:21:55.274,0.74575,0.746,18.20,8.00
2008.01.23 14:21:55.515,0.74575,0.746,17.90,8.30
2008.01.23 14:21:55.911,0.74575,0.746,18.20,8.00
2008.01.23 14:21:56.134,0.74575,0.746,18.20,8.00
2008.01.23 14:21:56.362,0.74575,0.746,17.90,8.30
2008.01.23 14:21:56.777,0.74575,0.746,17.90,8.30
2008.01.23 14:21:56.890,0.74575,0.746,17.90,8.30
2008.01.23 14:21:57.714,0.74575,0.746,17.90,8.30
2008.01.23 14:21:58.001,0.74575,0.746,17.90,8.30
2008.01.23 14:21:58.352,0.74575,0.746,18.20,8.00
2008.01.23 14:21:58.505,0.74575,0.746,17.90,8.30
2008.01.23 14:21:59.286,0.74575,0.746,8.80,8.30
2008.01.23 14:22:01.201,0.74575,0.746,9.00,8.00
2008.01.23 14:22:01.471,0.74575,0.746,8.80,8.30
2008.01.23 14:22:01.746,0.74575,0.746,8.80,8.30
2008.01.23 14:22:02.021,0.74575,0.746,9.00,8.00
2008.01.23 14:22:02.292,0.74575,0.746,9.00,8.00
2008.01.23 14:22:02.725,0.74575,0.746,8.80,8.30
2008.01.23 14:22:02.968,0.74575,0.746,9.00,8.80
2008.01.23 14:22:03.215,0.74575,0.746,6.40,10.70
2008.01.23 14:22:03.500,0.74575,0.746,6.40,10.70
2008.01.23 14:22:03.915,0.74575,0.746,6.40,10.70
2008.01.23 14:22:04.556,0.74575,0.746,6.40,10.70
2008.01.23 14:22:05.064,0.74575,0.746,6.60,10.40
2008.01.23 14:22:05.162,0.74575,0.746,6.60,11.20
2008.01.23 14:22:05.551,0.74575,0.746,6.40,11.50
2008.01.23 14:22:05.712,0.74575,0.746,6.40,11.50
2008.01.23 14:22:06.017,0.74575,0.746,6.40,11.50
2008.01.23 14:22:06.178,0.74575,0.746,6.40,11.50
2008.01.23 14:22:06.456,0.74575,0.746,6.40,11.50
2008.01.23 14:22:06.952,0.74575,0.746,6.40,11.50
2008.01.23 14:22:07.475,0.74575,0.746,6.40,11.50
2008.01.23 14:22:07.921,0.74575,0.746,6.40,11.50
2008.01.23 14:22:07.987,0.74575,0.746,6.40,11.50
2008.01.23 14:22:08.401,0.74575,0.74595,8.80,4.00
2008.01.23 14:22:08.824,0.74575,0.74595,16.80,4.00
2008.01.23 14:22:09.058,0.74575,0.74595,6.40,4.00
2008.01.23 14:22:09.292,0.74575,0.74595,16.80,4.00
2008.01.23 14:22:09.708,0.74575,0.74595,14.40,4.00
2008.01.23 14:22:09.986,0.74575,0.74595,2.40,4.00
2008.01.23 14:22:10.257,0.74575,0.74595,6.40,4.30
2008.01.23 14:22:10.689,0.74575,0.74595,10.40,12.30
2008.01.23 14:22:11.092,0.74575,0.74595,6.40,16.00
2008.01.23 14:22:11.301,0.74575,0.74595,8.80,4.00
2008.01.23 14:22:11.510,0.74575,0.74595,16.80,4.00
2008.01.23 14:22:11.914,0.74575,0.74595,12.80,4.00
2008.01.23 14:22:12.227,0.74575,0.74605,36.60,31.70
2008.01.23 14:22:12.541,0.74575,0.74605,37.80,30.90
2008.01.23 14:22:12.969,0.74575,0.74605,37.80,30.90
2008.01.23 14:22:13.368,0.7458,0.74605,2.60,28.20
2008.01.23 14:22:13.789,0.7458,0.74605,3.80,26.40
2008.01.23 14:22:14.252,0.7458,0.74605,3.80,26.40
2008.01.23 14:22:14.518,0.7458,0.74605,3.00,26.40
2008.01.23 14:22:14.785,0.74585,0.74605,2.40,6.40
2008.01.23 14:22:15.208,0.74585,0.74605,2.40,17.10
2008.01.23 14:22:15.672,0.7458,0.74605,0.30,31.20
2008.01.23 14:22:15.939,0.7458,0.74605,0.30,31.20
2008.01.23 14:22:16.150,0.74575,0.74605,32.90,31.20
2008.01.23 14:22:16.162,0.74575,0.74605,30.20,29.10
2008.01.23 14:22:16.545,0.74575,0.74605,28.60,29.10
2008.01.23 14:22:16.736,0.74575,0.74605,30.20,24.30
2008.01.23 14:22:16.953,0.74575,0.74605,28.60,26.70
2008.01.23 14:22:17.438,0.74575,0.74605,36.60,24.30
2008.01.23 14:22:17.727,0.74575,0.74605,36.60,24.30
2008.01.23 14:22:18.015,0.7458,0.74605,0.30,24.00
2008.01.23 14:22:18.364,0.7458,0.74605,0.30,24.00
2008.01.23 14:22:18.578,0.7458,0.74605,0.30,24.00
2008.01.23 14:22:18.793,0.7458,0.74605,0.30,24.00
2008.01.23 14:22:19.201,0.7458,0.74605,0.30,24.00
2008.01.23 14:22:19.511,0.74575,0.74605,34.10,24.30
2008.01.23 14:22:19.820,0.74575,0.746,17.80,8.00
2008.01.23 14:22:20.242,0.74575,0.746,17.80,8.00
2008.01.23 14:22:20.737,0.74575,0.746,17.80,8.00
2008.01.23 14:22:20.950,0.74575,0.746,17.80,8.00
2008.01.23 14:22:21.363,0.74575,0.746,17.50,8.30
2008.01.23 14:22:21.478,0.7458,0.746,0.30,8.00
2008.01.23 14:22:21.802,0.7458,0.74605,0.30,28.00
2008.01.23 14:22:22.024,0.7458,0.74605,0.30,24.00
2008.01.23 14:22:22.277,0.7458,0.74605,0.30,24.00
2008.01.23 14:22:22.703,0.7458,0.74605,0.30,24.00
2008.01.23 14:22:23.151,0.7458,0.74605,0.30,24.00
2008.01.23 14:22:23.609,0.7458,0.74605,0.30,24.00
2008.01.23 14:22:23.901,0.74575,0.74605,33.80,29.10
2008.01.23 14:22:24.196,0.74575,0.74605,32.20,29.10
2008.01.23 14:22:24.684,0.74575,0.74605,32.20,30.90
2008.01.23 14:22:24.702,0.74575,0.74605,34.60,30.90
2008.01.23 14:22:25.103,0.74575,0.74605,36.20,30.90
2008.01.23 14:22:25.312,0.74585,0.74605,6.40,30.60
2008.01.23 14:22:25.550,0.74585,0.74605,6.40,30.90
2008.01.23 14:22:25.985,0.74575,0.74605,36.20,30.90
2008.01.23 14:22:26.428,0.74585,0.74605,6.40,28.20
2008.01.23 14:22:26.666,0.74585,0.74605,2.40,28.50
2008.01.23 14:22:26.942,0.7458,0.74605,2.40,28.50
2008.01.23 14:22:27.419,0.74585,0.74605,4.00,28.20
2008.01.23 14:22:27.697,0.74585,0.74605,6.40,28.20
2008.01.23 14:22:27.926,0.74585,0.74605,6.40,28.50
2008.01.23 14:22:28.346,0.74585,0.74605,6.40,28.50
2008.01.23 14:22:28.765,0.74585,0.74605,6.40,28.50
2008.01.23 14:22:28.997,0.7458,0.74605,2.40,28.50
2008.01.23 14:22:29.662,0.7458,0.74605,2.40,28.50
2008.01.23 14:22:29.895,0.7458,0.74605,2.40,28.50
2008.01.23 14:22:30.162,0.74575,0.74605,33.00,30.90
2008.01.23 14:22:30.629,0.74575,0.74605,33.00,30.90
2008.01.23 14:22:30.896,0.74575,0.74605,41.00,30.90
2008.01.23 14:22:31.117,0.74575,0.74605,41.80,30.90
2008.01.23 14:22:31.531,0.7458,0.74605,2.40,28.50
2008.01.23 14:22:31.555,0.7458,0.74605,2.40,28.50
2008.01.23 14:22:31.961,0.7458,0.74605,2.40,28.50
2008.01.23 14:22:32.237,0.74575,0.74605,33.00,30.90
2008.01.23 14:22:32.508,0.74575,0.74605,33.00,30.90
2008.01.23 14:22:32.974,0.74575,0.74595,14.40,6.40
2008.01.23 14:22:33.410,0.74575,0.74595,14.40,6.40
2008.01.23 14:22:33.627,0.74575,0.74595,12.20,6.40
2008.01.23 14:22:33.850,0.74575,0.74595,12.20,6.40
2008.01.23 14:22:34.066,0.74575,0.74595,12.00,6.40
2008.01.23 14:22:34.370,0.74575,0.74595,9.60,6.40
2008.01.23 14:22:34.822,0.74575,0.74595,8.80,6.40
2008.01.23 14:22:35.126,0.74575,0.74595,11.10,6.40
2008.01.23 14:22:35.346,0.74575,0.74595,9.50,6.40
2008.01.23 14:22:35.748,0.74575,0.74595,6.80,6.40
2008.01.23 14:22:35.852,0.7457,0.74595,16.60,6.40
2008.01.23 14:22:35.966,0.74575,0.74595,0.60,6.40
2008.01.23 14:22:36.187,0.74575,0.74595,2.90,6.40
2008.01.23 14:22:36.628,0.7457,0.74595,16.60,6.40
2008.01.23 14:22:36.878,0.7457,0.74595,16.60,6.40
2008.01.23 14:22:37.127,0.7457,0.74595,19.10,6.40
2008.01.23 14:22:37.577,0.7457,0.74595,19.00,6.40
2008.01.23 14:22:37.841,0.7457,0.74595,16.60,6.40
2008.01.23 14:22:38.114,0.7457,0.74595,18.20,6.40
2008.01.23 14:22:38.569,0.74575,0.74595,3.70,6.40
2008.01.23 14:22:38.836,0.7457,0.74595,16.60,6.40
2008.01.23 14:22:39.105,0.74575,0.74595,17.00,2.40
2008.01.23 14:22:39.373,0.74585,0.74605,1.60,30.60
2008.01.23 14:22:39.592,0.7458,0.74605,6.70,30.60
2008.01.23 14:22:39.788,0.74585,0.74605,2.20,8.20
2008.01.23 14:22:40.014,0.7458,0.74605,16.20,8.20
2008.01.23 14:22:40.404,0.7458,0.74605,13.80,10.60
2008.01.23 14:22:40.868,0.74585,0.74605,3.50,8.80
2008.01.23 14:22:41.137,0.7458,0.74605,17.00,6.40
2008.01.23 14:22:41.407,0.7458,0.74605,14.60,8.80
2008.01.23 14:22:41.830,0.74585,0.74605,1.80,8.80
2008.01.23 14:22:42.309,0.7458,0.74605,17.00,6.40
2008.01.23 14:22:42.792,0.7458,0.74605,10.60,12.00
2008.01.23 14:22:43.185,0.74585,0.746,3.10,0.80
2008.01.23 14:22:43.212,0.7458,0.746,14.40,0.80
2008.01.23 14:22:43.603,0.7457,0.74605,31.50,29.30
2008.01.23 14:22:44.042,0.74575,0.74605,9.40,29.30
2008.01.23 14:22:44.491,0.74565,0.74605,74.60,33.30
2008.01.23 14:22:44.549,0.74565,0.74605,74.60,33.30
2008.01.23 14:22:44.972,0.74565,0.74605,76.60,32.50
2008.01.23 14:22:45.441,0.74565,0.74605,75.80,30.90
2008.01.23 14:22:45.719,0.7457,0.74595,29.10,0.80
2008.01.23 14:22:45.937,0.7457,0.746,29.10,0.30
2008.01.23 14:22:46.325,0.7457,0.746,37.10,1.10
2008.01.23 14:22:46.717,0.74575,0.746,1.20,1.10
2008.01.23 14:22:46.984,0.7457,0.746,29.10,1.10
2008.01.23 14:22:47.252,0.74575,0.746,8.10,1.10
2008.01.23 14:22:47.676,0.74575,0.74595,8.80,4.00
2008.01.23 14:22:47.943,0.74575,0.74595,3.30,4.00
2008.01.23 14:22:48.217,0.7457,0.74595,17.10,6.40
2008.01.23 14:22:48.637,0.74575,0.74595,1.80,6.40
2008.01.23 14:22:49.105,0.74575,0.74595,2.60,6.40
2008.01.23 14:22:49.332,0.7457,0.74595,17.00,7.20
2008.01.23 14:22:49.819,0.7457,0.74595,17.00,7.20
2008.01.23 14:22:50.047,0.7457,0.74595,17.00,7.20
2008.01.23 14:22:50.465,0.7457,0.74595,17.00,6.40
2008.01.23 14:22:50.694,0.74575,0.74595,4.70,7.20
2008.01.23 14:22:50.922,0.74575,0.74595,4.10,7.20
2008.01.23 14:22:51.348,0.7457,0.74595,17.00,7.20
2008.01.23 14:22:51.895,0.7457,0.74595,17.00,7.20
2008.01.23 14:22:52.362,0.74575,0.74595,4.20,7.20
2008.01.23 14:22:52.590,0.74575,0.74595,7.10,7.20
2008.01.23 14:22:52.888,0.74575,0.74595,11.80,7.20
2008.01.23 14:22:53.276,0.74575,0.74595,10.10,7.20
2008.01.23 14:22:53.696,0.74565,0.74595,71.80,7.20
2008.01.23 14:22:53.984,0.74565,0.74595,71.80,7.20
2008.01.23 14:22:54.444,0.74565,0.74595,71.80,7.20
2008.01.23 14:22:54.811,0.74565,0.74595,71.80,7.20
2008.01.23 14:22:55.185,0.74575,0.74595,5.10,7.20
2008.01.23 14:22:55.616,0.74575,0.74595,16.10,7.20
2008.01.23 14:22:55.864,0.74565,0.74595,71.80,7.20
2008.01.23 14:22:56.112,0.74565,0.74595,71.80,7.20
2008.01.23 14:22:56.568,0.7457,0.74595,33.10,7.20
2008.01.23 14:22:57.058,0.7457,0.74595,33.10,7.20
2008.01.23 14:22:57.359,0.7457,0.74595,33.10,6.40
2008.01.23 14:22:58.134,0.7457,0.74595,33.10,6.40
2008.01.23 14:22:58.495,0.74575,0.74595,14.00,6.40
2008.01.23 14:22:59.638,0.7457,0.74595,33.10,6.40
2008.01.23 14:23:00.090,0.74575,0.74595,8.30,6.40
2008.01.23 14:23:00.420,0.7457,0.74595,18.60,6.40
2008.01.23 14:23:00.628,0.74575,0.74595,2.00,6.40
2008.01.23 14:23:00.843,0.74575,0.74595,0.50,6.40
2008.01.23 14:23:01.280,0.7457,0.74595,18.60,6.40
2008.01.23 14:23:01.700,0.74575,0.74595,3.50,6.40
2008.01.23 14:23:01.717,0.74575,0.74595,0.60,0.50
2008.01.23 14:23:01.736,0.74575,0.74595,0.70,0.80
2008.01.23 14:23:02.643,0.7457,0.746,17.00,9.90
2008.01.23 14:23:03.166,0.7457,0.746,17.00,9.90
2008.01.23 14:23:03.569,0.74575,0.74595,0.60,0.80
2008.01.23 14:23:03.774,0.74575,0.74595,0.50,0.50
2008.01.23 14:23:04.003,0.74575,0.74595,0.90,0.80
2008.01.23 14:23:05.029,0.7457,0.746,17.00,7.50
2008.01.23 14:23:05.445,0.74575,0.74595,0.60,0.80
2008.01.23 14:23:05.649,0.74575,0.74595,0.70,0.80
2008.01.23 14:23:05.871,0.74575,0.746,22.40,7.50
2008.01.23 14:23:06.267,0.74575,0.746,30.40,7.50
2008.01.23 14:23:06.560,0.74575,0.746,32.00,7.50
2008.01.23 14:23:07.008,0.74575,0.746,32.00,7.50
2008.01.23 14:23:07.357,0.74575,0.746,18.40,5.10
2008.01.23 14:23:07.776,0.74575,0.746,18.40,5.10
2008.01.23 14:23:07.814,0.74575,0.74595,8.00,0.50
2008.01.23 14:23:08.244,0.74575,0.74595,6.40,0.80
2008.01.23 14:23:08.696,0.74575,0.74595,6.40,0.80
2008.01.23 14:23:08.958,0.74575,0.746,6.40,9.90
2008.01.23 14:23:09.226,0.74575,0.746,8.80,7.50
2008.01.23 14:23:09.489,0.74575,0.746,8.80,7.50
2008.01.23 14:23:09.757,0.74575,0.74595,6.40,0.60
2008.01.23 14:23:10.220,0.74575,0.74595,6.40,0.90
2008.01.23 14:23:11.150,0.74575,0.746,6.40,7.50
2008.01.23 14:23:11.374,0.74575,0.74595,2.40,0.90
2008.01.23 14:23:11.613,0.74575,0.74595,2.40,0.80
2008.01.23 14:23:13.792,0.74575,0.746,2.40,13.10
2008.01.23 14:23:13.854,0.74575,0.746,2.40,9.90
2008.01.23 14:23:14.073,0.74575,0.746,2.40,10.70
2008.01.23 14:23:14.345,0.74575,0.746,2.40,11.50
2008.01.23 14:23:14.628,0.74575,0.74595,2.40,0.70
2008.01.23 14:23:14.924,0.74575,0.746,2.40,8.30
2008.01.23 14:23:15.444,0.74575,0.746,2.40,8.30
2008.01.23 14:23:15.778,0.74575,0.74595,2.40,0.80
2008.01.23 14:23:16.112,0.74575,0.74595,2.40,0.70
2008.01.23 14:23:16.442,0.74575,0.74595,2.40,0.60
2008.01.23 14:23:16.965,0.74575,0.74595,2.40,0.70
2008.01.23 14:23:17.836,0.74575,0.74595,2.40,0.50
2008.01.23 14:23:17.975,0.74575,0.74595,6.40,0.50
2008.01.23 14:23:18.396,0.74575,0.746,6.40,10.70
2008.01.23 14:23:18.773,0.74575,0.74595,6.40,0.90
2008.01.23 14:23:18.958,0.74575,0.74605,26.40,41.70
2008.01.23 14:23:21.293,0.74575,0.74605,26.40,41.70
2008.01.23 14:23:21.684,0.74575,0.746,26.40,0.70
2008.01.23 14:23:22.449,0.74575,0.746,26.40,0.60
2008.01.23 14:23:22.738,0.74575,0.746,26.40,4.00
2008.01.23 14:23:23.052,0.74575,0.746,26.40,4.00
2008.01.23 14:23:23.998,0.74575,0.746,26.40,4.00
2008.01.23 14:23:24.449,0.74575,0.746,26.40,4.00
2008.01.23 14:23:24.677,0.74575,0.746,26.40,4.00
2008.01.23 14:23:24.927,0.74575,0.74595,6.40,0.50
2008.01.23 14:23:25.155,0.74575,0.74595,6.40,0.70
2008.01.23 14:23:26.521,0.74575,0.746,6.40,11.10
2008.01.23 14:23:27.038,0.74575,0.74595,6.40,0.60
2008.01.23 14:23:27.470,0.74575,0.746,6.40,11.10
2008.01.23 14:23:27.819,0.74575,0.746,2.40,11.10
2008.01.23 14:23:28.318,0.74575,0.746,2.40,11.10
2008.01.23 14:23:28.623,0.74575,0.746,2.40,11.10
2008.01.23 14:23:28.925,0.7457,0.746,10.40,11.10
2008.01.23 14:23:29.293,0.74575,0.746,2.40,11.10
2008.01.23 14:23:29.741,0.74575,0.74595,2.40,7.60
2008.01.23 14:23:29.961,0.74575,0.74595,2.40,7.60
2008.01.23 14:23:30.628,0.74575,0.74595,2.40,7.60
2008.01.23 14:23:31.312,0.74575,0.74595,2.40,7.60
2008.01.23 14:23:32.183,0.74575,0.74595,2.40,7.90
2008.01.23 14:23:32.416,0.7457,0.74595,10.40,10.30
2008.01.23 14:23:32.654,0.7457,0.74595,10.40,11.10
2008.01.23 14:23:33.064,0.7457,0.7459,10.40,0.80
2008.01.23 14:23:33.537,0.7457,0.7459,10.40,0.80
2008.01.23 14:23:33.810,0.7457,0.7459,10.40,0.80
2008.01.23 14:23:34.083,0.7457,0.74595,10.40,7.90
2008.01.23 14:23:34.459,0.7457,0.74595,8.00,12.70
2008.01.23 14:23:34.680,0.7457,0.74595,8.00,24.70
2008.01.23 14:23:34.911,0.74565,0.74595,30.70,26.30
2008.01.23 14:23:35.321,0.74565,0.74595,30.70,26.30
2008.01.23 14:23:35.604,0.74565,0.74595,30.70,26.30
2008.01.23 14:23:36.366,0.74565,0.74595,30.70,26.30
2008.01.23 14:23:36.825,0.74565,0.74595,30.70,27.10
2008.01.23 14:23:37.058,0.74565,0.7459,30.70,0.80
2008.01.23 14:23:37.857,0.7457,0.7459,8.00,0.80
2008.01.23 14:23:38.076,0.7457,0.7459,8.00,0.80
2008.01.23 14:23:38.298,0.7457,0.7459,10.40,0.80
2008.01.23 14:23:38.516,0.7457,0.7459,10.40,0.80
2008.01.23 14:23:38.814,0.7457,0.7459,8.00,0.80
2008.01.23 14:23:39.234,0.74565,0.7459,48.30,0.80
2008.01.23 14:23:39.729,0.74565,0.7459,30.70,0.80
2008.01.23 14:23:39.740,0.74565,0.7459,30.70,0.80
2008.01.23 14:23:40.153,0.74565,0.7459,30.70,0.80
2008.01.23 14:23:40.358,0.74565,0.7459,30.70,0.80
2008.01.23 14:23:40.585,0.74565,0.7459,30.70,0.80
2008.01.23 14:23:41.033,0.74565,0.7459,39.40,0.80
2008.01.23 14:23:41.486,0.7457,0.74595,8.00,24.70
2008.01.23 14:23:41.961,0.74565,0.74595,31.00,28.70
2008.01.23 14:23:42.057,0.74565,0.7459,30.40,0.30
2008.01.23 14:23:42.508,0.74565,0.74585,30.40,6.40
2008.01.23 14:23:43.015,0.74565,0.74585,30.40,6.40
2008.01.23 14:23:43.039,0.74565,0.74585,12.50,6.40
2008.01.23 14:23:43.410,0.74565,0.74585,1.90,6.40
2008.01.23 14:23:43.603,0.7456,0.74585,30.70,6.40
2008.01.23 14:23:43.822,0.74565,0.74585,6.50,6.40
2008.01.23 14:23:44.293,0.7456,0.74585,32.30,6.40
2008.01.23 14:23:44.850,0.7456,0.74585,32.20,6.40
2008.01.23 14:23:45.037,0.74565,0.74585,4.30,6.40
2008.01.23 14:23:45.262,0.74565,0.74585,9.70,6.40
2008.01.23 14:23:45.659,0.74565,0.74585,5.20,7.20
2008.01.23 14:23:46.200,0.74565,0.74585,11.70,6.40
2008.01.23 14:23:46.598,0.74565,0.74585,0.90,6.40
2008.01.23 14:23:47.117,0.7456,0.74585,13.90,8.00
2008.01.23 14:23:47.523,0.74565,0.74585,9.00,7.20
2008.01.23 14:23:47.742,0.74555,0.74585,72.20,6.40
2008.01.23 14:23:47.992,0.7456,0.74585,31.50,6.40
2008.01.23 14:23:48.406,0.7456,0.74585,18.60,6.40
2008.01.23 14:23:48.821,0.74565,0.74585,2.20,6.40
2008.01.23 14:23:49.046,0.7456,0.74585,5.10,6.70
2008.01.23 14:23:49.268,0.74565,0.74585,1.20,7.20
2008.01.23 14:23:49.776,0.7456,0.74585,13.00,6.40
2008.01.23 14:23:50.283,0.74565,0.74585,2.00,6.40
2008.01.23 14:23:50.313,0.74565,0.74585,0.50,6.40
2008.01.23 14:23:50.699,0.7456,0.74585,13.00,6.40
2008.01.23 14:23:50.891,0.74555,0.74585,62.20,6.70
2008.01.23 14:23:51.112,0.74555,0.74585,54.20,6.70
2008.01.23 14:23:51.546,0.7456,0.74585,10.40,6.70
2008.01.23 14:23:51.975,0.7456,0.74585,10.40,7.50
2008.01.23 14:23:52.212,0.74565,0.74585,1.40,7.20
2008.01.23 14:23:52.531,0.74565,0.74585,0.90,7.20
2008.01.23 14:23:52.945,0.7456,0.74585,17.00,7.20
2008.01.23 14:23:53.461,0.74565,0.74585,1.70,6.40
2008.01.23 14:23:53.514,0.74565,0.74585,3.10,6.40
2008.01.23 14:23:53.936,0.7456,0.74585,17.00,6.40
2008.01.23 14:23:54.476,0.7456,0.74585,17.00,6.40
2008.01.23 14:23:54.784,0.74565,0.74585,3.30,6.70
2008.01.23 14:23:55.237,0.7456,0.74585,12.80,6.70
2008.01.23 14:23:55.442,0.7456,0.74585,14.40,6.70
2008.01.23 14:23:55.655,0.7456,0.74585,14.60,6.40
2008.01.23 14:23:56.070,0.7456,0.74585,32.20,6.40
2008.01.23 14:23:56.483,0.7456,0.74585,32.20,6.40
2008.01.23 14:23:56.974,0.7456,0.74585,32.30,6.40
2008.01.23 14:23:57.263,0.74565,0.74585,1.30,6.40
2008.01.23 14:23:57.689,0.7456,0.7458,32.00,0.30
2008.01.23 14:23:57.919,0.7456,0.7458,13.60,0.30
2008.01.23 14:23:58.344,0.7456,0.74585,13.80,11.20
2008.01.23 14:23:58.573,0.74565,0.74585,4.50,7.20
2008.01.23 14:23:59.274,0.7456,0.74585,28.20,7.20
2008.01.23 14:23:59.566,0.74565,0.74585,1.30,7.20
2008.01.23 14:23:59.859,0.7456,0.74585,32.20,7.20
2008.01.23 14:24:00.224,0.7456,0.74585,32.20,7.20
2008.01.23 14:24:00.648,0.7456,0.74585,32.20,6.40
2008.01.23 14:24:01.204,0.7456,0.74585,32.20,6.40
2008.01.23 14:24:01.517,0.74565,0.74585,0.90,6.40
2008.01.23 14:24:01.724,0.74565,0.74585,12.10,6.40
2008.01.23 14:24:02.033,0.74565,0.74585,11.80,6.40
2008.01.23 14:24:02.488,0.7456,0.74585,32.20,6.40
2008.01.23 14:24:02.795,0.74555,0.74585,71.40,6.40
2008.01.23 14:24:03.006,0.74555,0.74585,72.20,6.40
2008.01.23 14:24:03.404,0.7456,0.74585,32.30,6.40
2008.01.23 14:24:03.613,0.74555,0.74585,74.10,6.40
2008.01.23 14:24:03.833,0.7456,0.74585,33.90,6.40
2008.01.23 14:24:04.297,0.7456,0.74585,33.80,6.40
2008.01.23 14:24:04.759,0.7456,0.74585,33.80,6.40
2008.01.23 14:24:05.222,0.7456,0.74585,33.90,6.40
2008.01.23 14:24:05.474,0.74565,0.74585,2.80,6.40
2008.01.23 14:24:06.221,0.74565,0.74585,8.80,6.40
2008.01.23 14:24:06.641,0.74565,0.74585,11.90,6.40
2008.01.23 14:24:06.838,0.74565,0.74585,6.40,6.40
2008.01.23 14:24:07.323,0.7456,0.74585,33.90,6.40
2008.01.23 14:24:07.616,0.7456,0.74585,33.90,6.40
2008.01.23 14:24:08.042,0.7456,0.74585,32.30,6.40
2008.01.23 14:24:08.270,0.7456,0.74585,32.30,6.40
2008.01.23 14:24:08.499,0.74565,0.74585,9.00,6.40
2008.01.23 14:24:08.908,0.74565,0.74585,16.20,6.40
2008.01.23 14:24:09.135,0.7456,0.74585,31.50,6.40
2008.01.23 14:24:09.403,0.7456,0.74585,17.00,4.00
2008.01.23 14:24:09.827,0.7456,0.7458,16.80,0.30
2008.01.23 14:24:10.095,0.7456,0.74585,12.00,6.70
2008.01.23 14:24:10.363,0.7456,0.74585,13.00,7.20
2008.01.23 14:24:10.749,0.74565,0.74585,3.00,8.80
2008.01.23 14:24:10.967,0.74565,0.74585,0.50,6.40
2008.01.23 14:24:11.188,0.74565,0.74585,2.40,6.40
2008.01.23 14:24:11.598,0.74565,0.74585,2.40,6.40
2008.01.23 14:24:12.229,0.74565,0.74585,2.40,6.40
2008.01.23 14:24:12.604,0.74565,0.74585,4.80,6.70
2008.01.23 14:24:12.843,0.74565,0.74585,2.40,6.70
2008.01.23 14:24:13.080,0.74565,0.74585,2.40,7.50
2008.01.23 14:24:13.493,0.74565,0.74585,2.40,7.50
2008.01.23 14:24:13.761,0.74565,0.74585,4.80,7.50
2008.01.23 14:24:14.029,0.74565,0.74585,4.80,6.70
2008.01.23 14:24:14.466,0.74565,0.74585,4.80,6.70
2008.01.23 14:24:15.032,0.74565,0.74585,4.80,7.50
2008.01.23 14:24:15.691,0.74565,0.74585,4.80,6.70
2008.01.23 14:24:16.166,0.74565,0.74585,4.80,7.50
2008.01.23 14:24:16.532,0.74565,0.74585,4.80,7.50
2008.01.23 14:24:16.684,0.74565,0.74585,4.80,7.50
2008.01.23 14:24:17.007,0.74565,0.74585,4.80,7.50
2008.01.23 14:24:17.330,0.74565,0.74585,2.40,9.90
2008.01.23 14:24:17.672,0.74565,0.74585,2.40,11.50
2008.01.23 14:24:17.997,0.74565,0.74585,2.40,11.50
2008.01.23 14:24:18.483,0.74565,0.74585,2.40,11.50
2008.01.23 14:24:20.659,0.74565,0.74585,2.40,10.70
2008.01.23 14:24:21.622,0.74565,0.74585,2.40,10.70
2008.01.23 14:24:23.168,0.74565,0.74585,2.40,10.70
2008.01.23 14:24:23.674,0.74565,0.74585,2.40,10.70
2008.01.23 14:24:24.075,0.74565,0.74585,2.40,10.70
2008.01.23 14:24:25.938,0.74565,0.74585,2.40,10.70
2008.01.23 14:24:26.245,0.74565,0.74585,2.40,10.70
2008.01.23 14:24:26.408,0.74565,0.74585,2.40,10.70
2008.01.23 14:24:26.740,0.74565,0.74585,2.40,8.30
2008.01.23 14:24:27.150,0.74565,0.74575,6.40,0.40
2008.01.23 14:24:28.331,0.74565,0.74575,6.40,0.40
2008.01.23 14:24:28.800,0.74565,0.74575,6.40,0.40
2008.01.23 14:24:29.002,0.74565,0.74575,6.40,0.40
2008.01.23 14:24:30.754,0.74565,0.74575,6.40,0.40
2008.01.23 14:24:31.419,0.74565,0.74575,6.40,0.40
2008.01.23 14:24:31.786,0.74565,0.74575,6.40,0.40
2008.01.23 14:24:31.963,0.74565,0.74575,6.40,0.40
2008.01.23 14:24:32.160,0.74565,0.74575,6.40,0.40
2008.01.23 14:24:33.044,0.74565,0.74575,6.40,0.40
2008.01.23 14:24:33.423,0.74565,0.74575,2.40,0.40
2008.01.23 14:24:33.595,0.74565,0.74575,2.40,0.40
2008.01.23 14:24:33.949,0.74565,0.74575,2.40,0.40
2008.01.23 14:24:34.271,0.74565,0.74575,2.40,0.40
2008.01.23 14:24:35.094,0.74565,0.74575,2.40,0.40
2008.01.23 14:24:35.800,0.74565,0.74575,2.40,0.40
2008.01.23 14:24:36.006,0.74565,0.74575,2.40,0.40
2008.01.23 14:24:36.268,0.74565,0.74575,2.40,0.40
2008.01.23 14:24:36.580,0.74565,0.74575,6.40,0.40
2008.01.23 14:24:37.030,0.74565,0.74575,6.40,0.40
2008.01.23 14:24:37.266,0.74565,0.74575,6.40,0.40
2008.01.23 14:24:37.505,0.74565,0.74575,6.40,0.40
2008.01.23 14:24:37.951,0.74565,0.74575,6.40,0.40
2008.01.23 14:24:38.425,0.74565,0.74575,6.40,0.40
2008.01.23 14:24:38.987,0.7456,0.74575,16.80,0.40
2008.01.23 14:24:39.233,0.74565,0.74575,1.30,0.40
2008.01.23 14:24:40.086,0.74565,0.74575,1.50,0.40
2008.01.23 14:24:40.299,0.7456,0.74575,16.80,0.40
2008.01.23 14:24:40.515,0.7456,0.74575,1.80,0.40
2008.01.23 14:24:40.925,0.74565,0.74575,0.60,0.40
2008.01.23 14:24:41.125,0.74565,0.74575,0.90,0.40
2008.01.23 14:24:41.345,0.74565,0.74575,0.90,0.40
2008.01.23 14:24:41.821,0.7456,0.74575,13.00,0.40
2008.01.23 14:24:42.146,0.7456,0.74575,13.00,0.40
2008.01.23 14:24:42.860,0.7456,0.74575,13.00,0.40
2008.01.23 14:24:43.367,0.7456,0.74575,10.60,0.40
2008.01.23 14:24:43.746,0.7456,0.74575,10.60,0.40
2008.01.23 14:24:44.204,0.7456,0.74575,10.60,0.40
2008.01.23 14:24:44.452,0.7456,0.74575,10.60,0.40
2008.01.23 14:24:46.187,0.74565,0.74575,1.10,0.40
2008.01.23 14:24:46.649,0.74565,0.74575,0.90,0.40
2008.01.23 14:24:47.049,0.7456,0.74575,10.60,0.40
2008.01.23 14:24:47.232,0.74565,0.74575,1.50,0.40
2008.01.23 14:24:47.525,0.7456,0.74575,10.60,0.40
2008.01.23 14:24:47.935,0.7456,0.74575,10.60,0.40
2008.01.23 14:24:48.217,0.7456,0.74575,10.60,2.30
2008.01.23 14:24:48.499,0.7456,0.74575,10.60,2.30
2008.01.23 14:24:49.153,0.7456,0.74575,10.60,2.30
2008.01.23 14:24:49.400,0.7456,0.74575,10.60,2.30
2008.01.23 14:24:49.649,0.7456,0.74575,10.60,2.30
2008.01.23 14:24:50.108,0.7456,0.74575,10.60,2.30
2008.01.23 14:24:50.120,0.74565,0.74575,1.20,0.40
2008.01.23 14:24:50.299,0.74565,0.74575,0.70,0.40
2008.01.23 14:24:51.308,0.74565,0.74575,0.60,0.40
2008.01.23 14:24:52.653,0.74565,0.74575,0.90,0.40
2008.01.23 14:24:53.417,0.7456,0.74575,10.60,0.40
2008.01.23 14:24:53.820,0.74565,0.74575,0.90,0.40
2008.01.23 14:24:54.986,0.7456,0.74575,10.60,0.40
2008.01.23 14:24:55.489,0.7456,0.74575,10.60,0.40
2008.01.23 14:24:55.939,0.7456,0.74575,10.60,0.40
2008.01.23 14:24:56.464,0.74565,0.74575,1.20,0.40
2008.01.23 14:24:56.833,0.7456,0.74575,10.60,0.40
2008.01.23 14:24:57.030,0.7456,0.74575,10.60,0.40
2008.01.23 14:24:57.235,0.7456,0.74575,14.60,0.40
2008.01.23 14:24:57.713,0.7456,0.74575,17.00,0.40
2008.01.23 14:24:57.812,0.7456,0.74575,17.00,0.40
2008.01.23 14:24:58.223,0.7456,0.74575,14.60,0.40
2008.01.23 14:24:58.700,0.7456,0.74575,17.00,0.40
2008.01.23 14:24:58.974,0.74565,0.74575,1.80,0.40
2008.01.23 14:24:59.249,0.7456,0.74575,18.10,0.40
2008.01.23 14:24:59.669,0.7456,0.74575,30.30,0.40
2008.01.23 14:24:59.907,0.74565,0.74595,8.20,36.50
2008.01.23 14:25:00.147,0.7456,0.74595,31.40,22.70
2008.01.23 14:25:00.586,0.74565,0.74595,7.40,22.70
2008.01.23 14:25:00.786,0.7456,0.74595,32.80,30.70
2008.01.23 14:25:01.015,0.7456,0.7459,36.30,2.40
2008.01.23 14:25:01.407,0.7456,0.74595,44.60,22.70
2008.01.23 14:25:01.605,0.74565,0.74595,45.90,20.30
2008.01.23 14:25:01.907,0.74565,0.74595,44.30,18.40
2008.01.23 14:25:02.377,0.74575,0.74595,1.80,18.40
2008.01.23 14:25:02.841,0.7457,0.74595,14.60,18.40
2008.01.23 14:25:03.128,0.7457,0.74595,14.60,18.40
2008.01.23 14:25:03.416,0.7457,0.74595,15.40,18.40
2008.01.23 14:25:03.839,0.7457,0.74595,14.60,18.40
2008.01.23 14:25:04.245,0.74575,0.74595,1.40,18.40
2008.01.23 14:25:04.652,0.7457,0.74595,14.60,18.40
2008.01.23 14:25:05.096,0.7457,0.74595,17.00,16.00
2008.01.23 14:25:05.350,0.7457,0.74595,17.80,16.00
2008.01.23 14:25:05.603,0.7457,0.74595,17.00,16.00
2008.01.23 14:25:06.020,0.7457,0.74595,17.00,16.00
2008.01.23 14:25:06.263,0.7457,0.74595,17.00,16.00
2008.01.23 14:25:06.506,0.74575,0.74595,2.60,16.00
2008.01.23 14:25:06.931,0.7457,0.74595,17.00,16.00
2008.01.23 14:25:07.356,0.7457,0.74595,14.60,18.40
2008.01.23 14:25:07.590,0.74555,0.74595,81.50,34.70
2008.01.23 14:25:07.824,0.74555,0.74595,81.50,30.70
2008.01.23 14:25:08.252,0.7456,0.74595,43.00,30.70
2008.01.23 14:25:08.702,0.74565,0.74595,42.20,30.70
2008.01.23 14:25:09.162,0.74565,0.74595,42.20,30.70
2008.01.23 14:25:09.230,0.74565,0.74595,42.20,30.70
2008.01.23 14:25:09.595,0.74565,0.74595,41.90,30.70
2008.01.23 14:25:10.006,0.74565,0.74595,41.90,30.70
2008.01.23 14:25:10.220,0.7457,0.74595,2.40,28.30
2008.01.23 14:25:10.509,0.7457,0.74595,2.40,28.30
2008.01.23 14:25:10.923,0.74565,0.74595,41.90,30.70
2008.01.23 14:25:11.398,0.74565,0.74595,41.90,30.70
2008.01.23 14:25:11.852,0.74565,0.74595,41.90,30.70
2008.01.23 14:25:12.042,0.74565,0.74595,41.90,30.70
2008.01.23 14:25:12.274,0.74565,0.74595,41.90,30.70
2008.01.23 14:25:12.662,0.74565,0.74595,42.20,30.70
2008.01.23 14:25:13.182,0.7457,0.74595,8.20,18.40
2008.01.23 14:25:13.258,0.74575,0.74595,6.40,18.40
2008.01.23 14:25:13.690,0.74575,0.74595,6.40,18.40
2008.01.23 14:25:14.189,0.74575,0.74595,6.40,18.40
2008.01.23 14:25:14.574,0.74565,0.74595,38.70,37.10
2008.01.23 14:25:14.983,0.74565,0.7459,36.80,0.30
2008.01.23 14:25:15.195,0.74565,0.74595,37.00,37.10
2008.01.23 14:25:15.432,0.74565,0.7459,36.80,0.30
2008.01.23 14:25:15.831,0.74565,0.7459,36.80,0.30
2008.01.23 14:25:16.105,0.74565,0.74595,38.70,34.70
2008.01.23 14:25:16.379,0.74565,0.7459,36.80,0.30
2008.01.23 14:25:17.404,0.74565,0.7459,36.80,0.30
2008.01.23 14:25:17.801,0.74565,0.7459,36.80,0.30
2008.01.23 14:25:18.038,0.74565,0.7459,36.00,0.30
2008.01.23 14:25:18.297,0.74565,0.7459,36.00,0.30
2008.01.23 14:25:19.422,0.74565,0.7459,36.00,0.30
2008.01.23 14:25:19.845,0.74565,0.7459,24.00,0.30
2008.01.23 14:25:20.073,0.74565,0.74585,16.00,4.00
2008.01.23 14:25:20.316,0.74565,0.74585,16.00,4.00
2008.01.23 14:25:20.733,0.74565,0.74585,16.00,4.00
2008.01.23 14:25:20.980,0.74565,0.74585,16.00,4.00
2008.01.23 14:25:21.223,0.74565,0.74585,16.00,4.00
2008.01.23 14:25:21.635,0.74565,0.74585,16.00,4.00
2008.01.23 14:25:22.060,0.74565,0.74585,16.00,4.00
2008.01.23 14:25:22.288,0.74565,0.74585,16.00,4.00
2008.01.23 14:25:22.582,0.74565,0.74585,16.00,4.00
2008.01.23 14:25:23.007,0.74565,0.74585,16.00,4.30
2008.01.23 14:25:23.494,0.74565,0.74585,4.00,4.30
2008.01.23 14:25:23.940,0.7456,0.74585,9.60,4.30
2008.01.23 14:25:24.189,0.7456,0.74585,9.60,4.30
2008.01.23 14:25:24.797,0.7456,0.74585,9.80,4.00
2008.01.23 14:25:24.989,0.74565,0.74585,24.00,4.00
2008.01.23 14:25:25.211,0.74565,0.7459,28.00,1.10
2008.01.23 14:25:25.601,0.74565,0.7459,28.00,1.10
2008.01.23 14:25:26.103,0.74565,0.7459,28.00,0.30
2008.01.23 14:25:26.207,0.74565,0.7459,28.00,0.30
2008.01.23 14:25:26.627,0.74565,0.7459,36.00,0.30
2008.01.23 14:25:27.009,0.74565,0.7459,36.00,0.30
2008.01.23 14:25:27.196,0.74565,0.7459,36.00,0.30
2008.01.23 14:25:27.472,0.74565,0.7459,36.00,1.10
2008.01.23 14:25:27.918,0.74565,0.74585,8.00,6.40
2008.01.23 14:25:28.398,0.74565,0.74585,9.60,7.20
2008.01.23 14:25:28.834,0.74565,0.74585,12.00,6.40
2008.01.23 14:25:29.045,0.74565,0.74585,12.00,6.40
2008.01.23 14:25:29.273,0.74565,0.74585,12.00,6.70
2008.01.23 14:25:30.157,0.74565,0.74585,12.00,6.70
2008.01.23 14:25:30.636,0.74565,0.74585,8.00,6.40
2008.01.23 14:25:30.850,0.74565,0.74585,16.00,6.40
2008.01.23 14:25:31.066,0.74565,0.74585,16.00,6.40
2008.01.23 14:25:31.475,0.74565,0.74585,16.00,6.40
2008.01.23 14:25:31.702,0.74565,0.74585,16.00,6.40
2008.01.23 14:25:31.943,0.74565,0.74585,16.00,6.40
2008.01.23 14:25:32.350,0.74565,0.74585,16.00,6.40
2008.01.23 14:25:32.768,0.74565,0.74585,36.80,6.40
2008.01.23 14:25:33.052,0.74565,0.74585,33.60,6.40
2008.01.23 14:25:33.336,0.74565,0.74585,21.60,6.70
2008.01.23 14:25:33.764,0.74565,0.7458,12.00,0.30
2008.01.23 14:25:34.174,0.74565,0.74585,9.60,9.90
2008.01.23 14:25:34.584,0.74565,0.74585,8.00,6.40
2008.01.23 14:25:34.614,0.74565,0.74585,8.00,6.40
2008.01.23 14:25:35.024,0.74565,0.74585,14.40,6.40
2008.01.23 14:25:35.497,0.74565,0.74585,14.40,6.40
2008.01.23 14:25:35.972,0.74565,0.74585,14.40,6.40
2008.01.23 14:25:36.426,0.74565,0.74585,14.40,6.40
2008.01.23 14:25:36.535,0.74565,0.74585,14.40,6.40
2008.01.23 14:25:36.842,0.74565,0.74585,14.40,6.40
2008.01.23 14:25:37.031,0.74565,0.74585,14.40,6.40
2008.01.23 14:25:37.340,0.74565,0.74585,16.00,6.40
2008.01.23 14:25:37.760,0.74565,0.74585,8.00,14.40
2008.01.23 14:25:38.067,0.74565,0.74585,8.20,14.40
2008.01.23 14:25:38.314,0.74565,0.74585,16.20,6.40
2008.01.23 14:25:38.714,0.74565,0.74585,8.20,14.40
2008.01.23 14:25:38.925,0.74565,0.74585,8.20,14.40
2008.01.23 14:25:39.139,0.74565,0.74585,8.20,6.40
2008.01.23 14:25:39.401,0.74565,0.74585,16.20,6.40
2008.01.23 14:25:39.655,0.74565,0.74585,16.20,6.40
2008.01.23 14:25:40.081,0.74565,0.74585,16.20,6.40
2008.01.23 14:25:40.333,0.74565,0.74585,14.80,6.40
2008.01.23 14:25:40.576,0.74565,0.74585,36.40,2.40
2008.01.23 14:25:40.760,0.74565,0.7459,36.40,3.20
2008.01.23 14:25:40.994,0.74565,0.74585,14.60,0.90
2008.01.23 14:25:41.429,0.74565,0.74585,14.60,0.60
2008.01.23 14:25:41.656,0.74565,0.7459,16.20,7.50
2008.01.23 14:25:41.885,0.74565,0.74585,14.60,0.90
2008.01.23 14:25:42.296,0.74565,0.7459,16.20,7.50
2008.01.23 14:25:42.721,0.74565,0.74585,14.60,0.60
2008.01.23 14:25:43.009,0.74565,0.74585,16.00,0.70
2008.01.23 14:25:43.299,0.74565,0.74585,16.00,0.60
2008.01.23 14:25:43.738,0.74565,0.74585,16.00,0.80
2008.01.23 14:25:44.135,0.74565,0.74585,16.20,0.80
2008.01.23 14:25:44.352,0.74565,0.7459,14.60,9.10
2008.01.23 14:25:44.573,0.74565,0.74585,14.60,0.50
2008.01.23 14:25:44.792,0.74565,0.74585,16.00,0.70
2008.01.23 14:25:45.075,0.74565,0.74585,14.40,0.70
2008.01.23 14:25:45.485,0.74565,0.74585,16.00,0.80
2008.01.23 14:25:45.958,0.74565,0.7459,16.00,3.50
2008.01.23 14:25:46.346,0.74565,0.7459,16.00,7.50
2008.01.23 14:25:46.534,0.74565,0.7459,16.00,7.50
2008.01.23 14:25:46.756,0.74565,0.7459,16.00,7.50
2008.01.23 14:25:47.150,0.74565,0.7459,14.40,9.10
2008.01.23 14:25:47.652,0.74565,0.74585,26.60,0.80
2008.01.23 14:25:47.960,0.74565,0.74595,36.40,38.90
2008.01.23 14:25:48.302,0.74565,0.7459,36.40,0.80
2008.01.23 14:25:48.592,0.74565,0.7459,36.40,0.80
2008.01.23 14:25:48.789,0.74565,0.746,36.40,41.10
2008.01.23 14:25:49.197,0.74565,0.746,36.60,37.90
2008.01.23 14:25:49.515,0.74565,0.74595,36.80,0.80
2008.01.23 14:25:49.940,0.7457,0.74595,0.30,0.50
2008.01.23 14:25:50.460,0.7457,0.74595,8.20,0.70
2008.01.23 14:25:50.864,0.7457,0.74595,8.20,0.70
2008.01.23 14:25:50.882,0.7457,0.74595,8.20,0.50
2008.01.23 14:25:51.288,0.7457,0.74595,8.00,0.50
2008.01.23 14:25:51.491,0.7457,0.74605,8.00,70.50
2008.01.23 14:25:51.735,0.7457,0.74605,8.00,68.10
2008.01.23 14:25:52.178,0.74565,0.74595,37.20,0.70
2008.01.23 14:25:52.418,0.74565,0.746,37.20,37.90
2008.01.23 14:25:53.322,0.74565,0.746,37.20,37.90
2008.01.23 14:25:53.709,0.74565,0.746,36.80,37.90
2008.01.23 14:25:53.932,0.74565,0.74595,36.80,0.60
2008.01.23 14:25:54.157,0.74565,0.746,36.80,38.70
2008.01.23 14:25:54.584,0.74565,0.746,36.80,37.90
2008.01.23 14:25:55.019,0.74565,0.7459,36.60,0.30
2008.01.23 14:25:55.263,0.7457,0.74595,8.20,0.50
2008.01.23 14:25:55.506,0.7457,0.74595,8.20,0.80
2008.01.23 14:25:55.930,0.7457,0.746,8.20,17.90
2008.01.23 14:25:56.368,0.74575,0.74595,4.00,0.70
2008.01.23 14:25:56.807,0.74575,0.74595,4.00,0.90
2008.01.23 14:25:57.253,0.74575,0.74595,4.00,0.90
2008.01.23 14:25:57.473,0.74575,0.746,4.00,17.10
2008.01.23 14:25:57.866,0.74575,0.746,4.00,17.10
2008.01.23 14:25:58.131,0.7457,0.74595,8.20,0.90
2008.01.23 14:25:58.597,0.7457,0.74595,8.20,0.60
2008.01.23 14:25:58.869,0.7457,0.746,8.20,25.90
2008.01.23 14:25:59.234,0.7457,0.74595,8.20,0.50
2008.01.23 14:26:01.036,0.7457,0.746,8.20,25.90
2008.01.23 14:26:01.252,0.7457,0.74595,8.20,0.60
2008.01.23 14:26:01.539,0.7457,0.74595,8.20,0.70
2008.01.23 14:26:01.971,0.7457,0.746,8.20,25.90
2008.01.23 14:26:02.317,0.7457,0.746,8.20,25.90
2008.01.23 14:26:02.620,0.74575,0.74595,4.00,0.80
2008.01.23 14:26:02.923,0.74575,0.746,4.00,25.90
2008.01.23 14:26:03.343,0.74575,0.7459,4.00,0.70
2008.01.23 14:26:03.753,0.74575,0.746,6.40,25.90
2008.01.23 14:26:03.971,0.74575,0.746,6.40,17.90
2008.01.23 14:26:04.194,0.74575,0.746,4.00,25.90
2008.01.23 14:26:04.463,0.74575,0.74595,4.00,17.60
2008.01.23 14:26:04.736,0.74575,0.7459,4.00,0.50
2008.01.23 14:26:05.010,0.74575,0.74595,6.40,0.90
2008.01.23 14:26:05.284,0.74575,0.746,6.40,17.90
2008.01.23 14:26:05.702,0.74575,0.74595,4.00,0.90
2008.01.23 14:26:05.916,0.74575,0.74595,4.00,0.80
2008.01.23 14:26:06.137,0.74575,0.746,4.00,25.90
2008.01.23 14:26:06.350,0.74575,0.746,4.00,25.90
2008.01.23 14:26:06.619,0.74575,0.746,4.00,25.90
2008.01.23 14:26:07.033,0.74575,0.746,4.00,25.90
2008.01.23 14:26:07.302,0.74575,0.746,4.00,25.90
2008.01.23 14:26:07.571,0.74575,0.746,4.00,25.90
2008.01.23 14:26:07.835,0.74575,0.74595,4.00,0.50
2008.01.23 14:26:08.172,0.7457,0.74595,9.80,0.80
2008.01.23 14:26:08.564,0.74565,0.746,42.70,37.90
2008.01.23 14:26:08.800,0.74565,0.746,42.70,38.70
2008.01.23 14:26:09.559,0.74565,0.74595,42.70,0.70
2008.01.23 14:26:10.088,0.74565,0.74595,42.70,0.60
2008.01.23 14:26:10.509,0.74565,0.74595,42.70,29.90
2008.01.23 14:26:10.798,0.74565,0.74595,41.90,29.90
2008.01.23 14:26:11.267,0.7457,0.74595,1.60,28.30
2008.01.23 14:26:11.544,0.7457,0.74595,1.60,28.30
2008.01.23 14:26:11.760,0.7457,0.74595,1.60,28.30
2008.01.23 14:26:11.972,0.7457,0.74595,1.60,30.70
2008.01.23 14:26:12.607,0.7457,0.74595,1.60,30.70
2008.01.23 14:26:12.819,0.74575,0.74595,4.00,16.00
2008.01.23 14:26:13.080,0.74575,0.74595,4.00,16.00
2008.01.23 14:26:13.338,0.74575,0.74595,4.00,16.00
2008.01.23 14:26:13.706,0.74575,0.74595,4.00,17.60
2008.01.23 14:26:14.034,0.74575,0.74595,4.00,17.60
2008.01.23 14:26:14.342,0.74575,0.74595,4.00,17.60
2008.01.23 14:26:14.765,0.74575,0.74595,4.00,17.60
2008.01.23 14:26:15.041,0.74575,0.74595,4.00,17.90
2008.01.23 14:26:15.219,0.74565,0.74595,42.80,28.30
2008.01.23 14:26:15.438,0.7457,0.74595,1.60,28.30
2008.01.23 14:26:15.808,0.7457,0.74595,1.60,28.30
2008.01.23 14:26:16.056,0.7457,0.74595,1.60,28.30
2008.01.23 14:26:16.305,0.7457,0.74595,1.60,28.30
2008.01.23 14:26:16.753,0.7457,0.74595,1.60,28.30
2008.01.23 14:26:17.001,0.7457,0.74595,1.60,28.30
2008.01.23 14:26:17.942,0.7457,0.74595,1.60,28.30
2008.01.23 14:26:18.011,0.7457,0.74595,1.60,30.70
2008.01.23 14:26:18.193,0.7457,0.74595,1.60,28.30
2008.01.23 14:26:18.466,0.74565,0.74595,40.90,30.70
2008.01.23 14:26:18.643,0.74565,0.74595,40.10,30.70
2008.01.23 14:26:18.873,0.74565,0.74595,38.50,32.30
2008.01.23 14:26:19.055,0.74565,0.74595,38.50,32.30
2008.01.23 14:26:19.338,0.74565,0.74595,36.80,32.30
2008.01.23 14:26:20.961,0.74565,0.74595,36.60,32.30
2008.01.23 14:26:21.165,0.74565,0.74595,36.20,36.30
2008.01.23 14:26:21.383,0.74565,0.74595,36.20,37.10
2008.01.23 14:26:21.809,0.74565,0.74595,36.20,36.30
2008.01.23 14:26:22.208,0.74565,0.74595,36.20,36.30
2008.01.23 14:26:22.231,0.74565,0.74595,36.20,36.30
2008.01.23 14:26:22.744,0.74565,0.74595,36.20,36.30
2008.01.23 14:26:23.250,0.74565,0.74595,36.20,33.90
2008.01.23 14:26:23.930,0.74565,0.74595,36.20,33.90
2008.01.23 14:26:24.198,0.74565,0.74595,36.20,36.30
2008.01.23 14:26:24.599,0.74565,0.74595,36.20,37.10
2008.01.23 14:26:24.808,0.74565,0.74595,36.20,36.30
2008.01.23 14:26:25.844,0.74565,0.74595,36.20,36.30
2008.01.23 14:26:26.114,0.74565,0.74595,36.20,36.30
2008.01.23 14:26:26.609,0.74565,0.74595,36.20,36.30
2008.01.23 14:26:26.986,0.74565,0.74595,36.20,36.30
2008.01.23 14:26:27.443,0.74565,0.74595,36.20,36.30
2008.01.23 14:26:27.512,0.74565,0.74595,36.20,36.30
2008.01.23 14:26:27.973,0.74565,0.74595,36.20,36.30
2008.01.23 14:26:28.266,0.74565,0.74595,36.20,36.30
2008.01.23 14:26:28.996,0.74565,0.74595,36.20,36.30
2008.01.23 14:26:29.417,0.74565,0.74595,36.20,33.90
2008.01.23 14:26:29.851,0.74565,0.74595,36.20,33.90
2008.01.23 14:26:30.277,0.74565,0.74595,36.20,36.30
2008.01.23 14:26:30.686,0.74565,0.7459,36.00,0.30
2008.01.23 14:26:30.898,0.74565,0.74585,16.00,6.40
2008.01.23 14:26:31.121,0.74565,0.74585,16.00,6.40
2008.01.23 14:26:31.537,0.74565,0.74585,16.00,4.00
2008.01.23 14:26:31.755,0.74565,0.74585,16.00,4.00
2008.01.23 14:26:32.054,0.74565,0.74585,16.20,4.00
2008.01.23 14:26:32.477,0.74565,0.74595,36.20,36.30
2008.01.23 14:26:32.960,0.74565,0.74595,36.20,36.30
2008.01.23 14:26:33.167,0.74565,0.74595,36.20,36.30
2008.01.23 14:26:33.390,0.74565,0.74595,36.20,36.30
2008.01.23 14:26:33.994,0.74565,0.7459,36.00,0.30
2008.01.23 14:26:34.262,0.74565,0.74585,36.00,4.00
2008.01.23 14:26:34.719,0.74565,0.74585,36.00,4.00
2008.01.23 14:26:34.980,0.74565,0.74585,12.00,4.00
2008.01.23 14:26:35.228,0.74565,0.74585,12.00,4.00
2008.01.23 14:26:35.657,0.74565,0.74585,16.00,4.00
2008.01.23 14:26:36.098,0.74565,0.74585,12.00,4.00
2008.01.23 14:26:36.114,0.74565,0.74585,1.70,4.00
2008.01.23 14:26:36.531,0.74565,0.74585,2.10,6.40
2008.01.23 14:26:36.927,0.7456,0.74585,24.20,4.00
2008.01.23 14:26:37.136,0.74565,0.74585,7.40,4.00
2008.01.23 14:26:37.439,0.7456,0.74585,24.20,6.40
2008.01.23 14:26:37.883,0.7456,0.74585,24.20,4.00
2008.01.23 14:26:38.185,0.74565,0.7459,2.60,0.30
2008.01.23 14:26:38.402,0.7456,0.7459,36.30,0.30
2008.01.23 14:26:38.805,0.7456,0.7459,36.30,0.30
2008.01.23 14:26:39.016,0.7456,0.7459,36.30,0.30
2008.01.23 14:26:39.774,0.7456,0.7459,37.00,0.30
2008.01.23 14:26:40.037,0.74565,0.74595,8.20,36.30
2008.01.23 14:26:40.300,0.7456,0.7459,37.00,0.30
2008.01.23 14:26:40.662,0.74565,0.7459,3.30,0.30
2008.01.23 14:26:41.080,0.7456,0.7459,37.40,0.30
2008.01.23 14:26:41.294,0.7456,0.7459,37.40,0.30
2008.01.23 14:26:41.581,0.74565,0.7459,13.40,0.30
2008.01.23 14:26:41.993,0.7456,0.7459,37.40,0.30
2008.01.23 14:26:42.279,0.7456,0.7459,37.40,0.30
2008.01.23 14:26:42.568,0.74565,0.7459,14.70,0.30
2008.01.23 14:26:42.976,0.74565,0.7459,4.00,0.30
2008.01.23 14:26:43.206,0.7456,0.74585,25.40,6.40
2008.01.23 14:26:43.515,0.74565,0.74585,8.20,6.40
2008.01.23 14:26:43.857,0.7456,0.74585,25.40,6.40
2008.01.23 14:26:44.374,0.74565,0.74585,6.90,6.40
2008.01.23 14:26:44.495,0.74565,0.74585,4.80,6.40
2008.01.23 14:26:44.904,0.7456,0.74585,25.40,6.40
2008.01.23 14:26:45.122,0.74565,0.74585,6.90,6.40
2008.01.23 14:26:45.341,0.7456,0.74585,25.00,6.40
2008.01.23 14:26:45.749,0.74565,0.74585,3.40,6.40
2008.01.23 14:26:46.711,0.74565,0.74585,3.40,6.40
2008.01.23 14:26:47.567,0.74565,0.74585,7.50,6.40
2008.01.23 14:26:47.949,0.7456,0.74585,25.40,6.40
2008.01.23 14:26:48.260,0.74565,0.74585,2.30,6.40
2008.01.23 14:26:48.732,0.7456,0.74585,25.00,6.40
2008.01.23 14:26:49.217,0.7456,0.74585,25.00,6.40
2008.01.23 14:26:49.662,0.7456,0.74585,19.80,6.40
2008.01.23 14:26:49.911,0.7456,0.74585,19.80,6.40
2008.01.23 14:26:50.141,0.74565,0.74585,3.30,8.00
2008.01.23 14:26:50.563,0.74565,0.74585,4.00,6.40
2008.01.23 14:26:50.791,0.74565,0.74585,4.40,6.40
2008.01.23 14:26:51.026,0.7456,0.74585,32.30,6.40
2008.01.23 14:26:51.475,0.7456,0.74585,21.10,6.40
2008.01.23 14:26:51.733,0.7456,0.74595,33.50,33.30
2008.01.23 14:26:51.996,0.74565,0.74595,11.20,28.50
2008.01.23 14:26:52.407,0.74565,0.74595,6.60,32.50
2008.01.23 14:26:52.624,0.74565,0.7459,16.20,0.30
2008.01.23 14:26:53.108,0.74555,0.74595,73.60,30.70
2008.01.23 14:26:53.382,0.74565,0.7459,14.40,0.30
2008.01.23 14:26:53.825,0.74555,0.74595,73.60,30.70
2008.01.23 14:26:54.100,0.74565,0.74595,8.30,27.50
2008.01.23 14:26:54.362,0.74565,0.74595,14.30,27.50
2008.01.23 14:26:54.625,0.74565,0.74595,14.10,27.50
2008.01.23 14:26:54.888,0.7456,0.74595,31.10,31.50
2008.01.23 14:26:55.331,0.7456,0.7459,30.70,0.30
2008.01.23 14:26:55.748,0.74565,0.7459,10.00,0.30
2008.01.23 14:26:56.655,0.7456,0.7459,30.70,0.30
2008.01.23 14:26:57.954,0.74555,0.74595,73.60,31.50
2008.01.23 14:26:58.228,0.74565,0.74585,3.80,6.40
2008.01.23 14:26:58.716,0.7456,0.74585,18.60,6.40
2008.01.23 14:26:59.090,0.74565,0.74585,3.60,6.40
2008.01.23 14:26:59.308,0.74565,0.74585,2.50,6.40
2008.01.23 14:26:59.560,0.74565,0.74585,2.50,6.40
2008.01.23 14:27:00.071,0.7456,0.74585,18.60,6.40
2008.01.23 14:27:00.373,0.7456,0.74585,18.60,6.40
2008.01.23 14:27:00.601,0.7456,0.74585,18.60,6.40
2008.01.23 14:27:00.998,0.7456,0.74585,18.60,6.40
2008.01.23 14:27:01.196,0.7456,0.74585,18.60,6.40
2008.01.23 14:27:01.554,0.7456,0.74585,18.60,6.40
2008.01.23 14:27:02.592,0.74565,0.74585,4.50,6.40
2008.01.23 14:27:02.885,0.7456,0.74585,19.80,6.40
2008.01.23 14:27:03.179,0.7456,0.74585,32.60,6.40
2008.01.23 14:27:03.472,0.7456,0.74585,32.60,6.40
2008.01.23 14:27:03.680,0.7456,0.74585,31.80,6.40
2008.01.23 14:27:03.891,0.74565,0.74585,15.10,6.40
2008.01.23 14:27:04.309,0.74565,0.74585,32.30,2.40
2008.01.23 14:27:04.517,0.74565,0.74585,30.60,2.40
2008.01.23 14:27:04.766,0.74565,0.74585,18.40,6.40
2008.01.23 14:27:05.185,0.7457,0.7459,8.00,0.80
2008.01.23 14:27:05.630,0.7457,0.74595,8.00,14.60
2008.01.23 14:27:05.683,0.74565,0.74595,30.80,28.20
2008.01.23 14:27:06.100,0.74565,0.74595,32.50,26.40
2008.01.23 14:27:06.323,0.74565,0.74595,30.80,26.40
2008.01.23 14:27:06.546,0.74565,0.74595,30.80,26.40
2008.01.23 14:27:06.966,0.74565,0.74595,30.80,26.40
2008.01.23 14:27:07.261,0.74565,0.74585,9.00,6.40
2008.01.23 14:27:07.556,0.74565,0.74585,9.00,6.40
2008.01.23 14:27:07.849,0.74565,0.74585,9.00,6.40
2008.01.23 14:27:08.208,0.74565,0.74585,9.00,6.40
2008.01.23 14:27:08.622,0.74565,0.74585,9.00,6.40
2008.01.23 14:27:10.059,0.74565,0.74585,21.00,6.40
2008.01.23 14:27:10.273,0.74565,0.74585,31.60,6.40
2008.01.23 14:27:10.686,0.7457,0.74585,0.30,6.40
2008.01.23 14:27:10.894,0.7457,0.74595,8.20,14.30
2008.01.23 14:27:11.122,0.7457,0.74595,8.20,14.30
2008.01.23 14:27:11.591,0.7457,0.74595,8.20,14.30
2008.01.23 14:27:12.051,0.7457,0.74595,8.00,13.60
2008.01.23 14:27:12.510,0.74565,0.7459,31.70,1.60
2008.01.23 14:27:12.797,0.74565,0.7459,32.00,1.60
2008.01.23 14:27:13.085,0.74565,0.7459,32.00,1.60
2008.01.23 14:27:13.513,0.74565,0.7459,32.00,1.60
2008.01.23 14:27:14.792,0.74565,0.7459,32.00,1.60
2008.01.23 14:27:15.071,0.74565,0.7459,32.00,1.60
2008.01.23 14:27:15.309,0.74565,0.74585,32.00,6.40
2008.01.23 14:27:15.595,0.74565,0.74585,32.00,6.40
2008.01.23 14:27:15.802,0.74565,0.7459,33.60,0.80
2008.01.23 14:27:16.094,0.74565,0.7459,34.40,0.80
2008.01.23 14:27:16.441,0.74565,0.74595,34.40,28.20
2008.01.23 14:27:16.662,0.74565,0.74595,34.40,28.20
2008.01.23 14:27:16.911,0.74565,0.7459,32.80,1.60
2008.01.23 14:27:18.576,0.74565,0.7459,32.80,1.60
2008.01.23 14:27:18.739,0.74565,0.7459,32.00,1.60
2008.01.23 14:27:18.950,0.74565,0.7459,32.00,1.60
2008.01.23 14:27:19.113,0.74565,0.74595,32.00,26.70
2008.01.23 14:27:19.374,0.74565,0.74595,33.60,26.70
2008.01.23 14:27:19.535,0.74565,0.74595,33.60,26.70
2008.01.23 14:27:19.824,0.74565,0.74595,33.60,26.70
2008.01.23 14:27:20.350,0.74565,0.74595,33.60,26.70
2008.01.23 14:27:20.490,0.74565,0.74595,33.60,24.30
2008.01.23 14:27:21.068,0.74565,0.74595,33.60,26.70
2008.01.23 14:27:21.730,0.74565,0.74595,33.60,26.70
2008.01.23 14:27:23.617,0.74565,0.7459,32.00,1.60
2008.01.23 14:27:23.876,0.74565,0.74595,33.60,26.70
2008.01.23 14:27:24.635,0.74565,0.7459,32.00,1.60
2008.01.23 14:27:25.710,0.74565,0.7459,32.00,1.60
2008.01.23 14:27:26.739,0.74565,0.7459,32.00,1.60
2008.01.23 14:27:27.036,0.74565,0.7459,32.00,1.60
2008.01.23 14:27:27.275,0.74565,0.7459,32.00,1.60
2008.01.23 14:27:27.638,0.74565,0.7459,32.00,1.60
2008.01.23 14:27:27.844,0.74565,0.74595,33.60,26.70
2008.01.23 14:27:28.246,0.74565,0.7459,32.00,1.60
2008.01.23 14:27:28.671,0.74565,0.74595,32.00,26.70
2008.01.23 14:27:28.682,0.74565,0.74595,32.00,26.70
2008.01.23 14:27:29.190,0.74565,0.746,33.60,34.70
2008.01.23 14:27:29.591,0.74565,0.746,33.60,34.50
2008.01.23 14:27:30.109,0.74565,0.746,33.80,34.50
2008.01.23 14:27:31.736,0.74565,0.746,33.80,34.50
2008.01.23 14:27:31.994,0.74565,0.74595,33.80,0.50
2008.01.23 14:27:32.281,0.74565,0.74595,33.80,0.90
2008.01.23 14:27:32.570,0.74565,0.746,33.80,34.50
2008.01.23 14:27:33.508,0.74565,0.74595,33.80,0.90
2008.01.23 14:27:34.142,0.74565,0.746,33.80,34.70
2008.01.23 14:27:36.223,0.74565,0.746,33.60,34.70
2008.01.23 14:27:36.627,0.74565,0.746,33.60,34.70
2008.01.23 14:27:36.840,0.74565,0.746,34.40,32.30
2008.01.23 14:27:37.069,0.74565,0.746,34.40,32.30
2008.01.23 14:27:37.477,0.74565,0.7459,32.80,0.60
2008.01.23 14:27:38.164,0.74565,0.746,34.40,32.30
2008.01.23 14:27:38.548,0.74565,0.74595,34.40,0.60
2008.01.23 14:27:38.959,0.7457,0.746,0.30,32.30
2008.01.23 14:27:39.358,0.7457,0.746,0.30,32.30
2008.01.23 14:27:39.837,0.74565,0.746,34.40,32.30
2008.01.23 14:27:40.324,0.74565,0.74595,32.80,24.30
2008.01.23 14:27:40.602,0.74565,0.7459,32.80,0.70
2008.01.23 14:27:41.888,0.74565,0.74595,32.80,24.30
2008.01.23 14:27:43.512,0.74565,0.7459,32.80,0.80
2008.01.23 14:27:43.756,0.74565,0.74595,34.40,0.50
2008.01.23 14:27:44.214,0.74565,0.74595,34.40,0.80
2008.01.23 14:27:44.497,0.74565,0.74595,33.60,0.90
2008.01.23 14:27:44.810,0.74565,0.746,33.60,34.70
2008.01.23 14:27:45.670,0.74565,0.746,33.60,34.70
2008.01.23 14:27:45.892,0.74565,0.74595,32.00,26.70
2008.01.23 14:27:46.642,0.74565,0.74595,32.00,26.70
2008.01.23 14:27:47.418,0.74565,0.7459,32.00,0.60
2008.01.23 14:27:48.538,0.74565,0.74595,32.00,26.70
2008.01.23 14:27:48.910,0.74575,0.74595,4.00,0.60
2008.01.23 14:27:49.089,0.74575,0.74595,4.00,0.50
2008.01.23 14:27:49.314,0.74575,0.74595,4.00,0.80
2008.01.23 14:27:51.760,0.74575,0.74595,4.00,0.80
2008.01.23 14:27:52.137,0.74575,0.74595,4.00,0.90
2008.01.23 14:27:52.411,0.7457,0.7459,8.00,0.50
2008.01.23 14:27:52.792,0.74565,0.7459,34.40,0.90
2008.01.23 14:27:53.525,0.74565,0.74595,34.40,24.30
2008.01.23 14:27:54.779,0.7457,0.74595,0.30,24.00
2008.01.23 14:27:55.001,0.74575,0.74595,4.00,0.60
2008.01.23 14:27:56.791,0.74575,0.74595,4.00,0.90
2008.01.23 14:27:57.221,0.74575,0.74595,4.50,12.00
2008.01.23 14:27:57.438,0.74575,0.74595,4.00,12.00
2008.01.23 14:27:57.915,0.74575,0.74595,4.50,12.00
2008.01.23 14:27:58.739,0.74575,0.74595,4.50,12.00
2008.01.23 14:28:01.423,0.74575,0.74595,4.50,12.00
2008.01.23 14:28:01.709,0.74575,0.74595,4.50,12.00
2008.01.23 14:28:01.992,0.74575,0.74595,6.90,12.00
2008.01.23 14:28:02.471,0.74575,0.74595,4.50,12.00
2008.01.23 14:28:02.723,0.74575,0.74595,4.50,12.00
2008.01.23 14:28:02.977,0.74575,0.74595,6.90,12.00
2008.01.23 14:28:03.394,0.74575,0.7459,4.00,1.60
2008.01.23 14:28:03.796,0.74565,0.7459,31.50,1.60
2008.01.23 14:28:04.003,0.74565,0.7459,29.80,1.60
2008.01.23 14:28:04.216,0.74565,0.7459,29.80,1.60
2008.01.23 14:28:04.424,0.74565,0.7459,32.80,1.60
2008.01.23 14:28:04.728,0.74565,0.7459,33.10,1.60
2008.01.23 14:28:05.162,0.74565,0.7459,33.10,1.60
2008.01.23 14:28:05.658,0.74565,0.7459,33.00,1.60
2008.01.23 14:28:05.874,0.74565,0.7459,32.80,1.60
2008.01.23 14:28:06.737,0.74565,0.7459,32.00,1.60
2008.01.23 14:28:06.995,0.74565,0.7459,32.00,1.60
2008.01.23 14:28:07.417,0.74565,0.7459,31.50,1.60
2008.01.23 14:28:08.078,0.74565,0.7459,32.00,1.60
2008.01.23 14:28:08.371,0.74565,0.7459,32.00,1.60
2008.01.23 14:28:09.307,0.74565,0.7459,32.80,1.60
2008.01.23 14:28:09.768,0.74565,0.7459,32.00,1.60
2008.01.23 14:28:11.796,0.74565,0.7459,32.00,1.60
2008.01.23 14:28:12.557,0.74565,0.7459,32.00,1.60
2008.01.23 14:28:12.930,0.74565,0.7459,32.80,1.60
2008.01.23 14:28:13.501,0.74565,0.7459,32.00,1.60
2008.01.23 14:28:13.981,0.74565,0.7459,32.80,1.60
2008.01.23 14:28:14.387,0.74565,0.7459,32.00,1.60
2008.01.23 14:28:14.573,0.74565,0.7459,32.30,1.60
2008.01.23 14:28:14.785,0.74565,0.7459,32.30,1.60
2008.01.23 14:28:15.368,0.74565,0.7459,32.30,1.60
2008.01.23 14:28:15.665,0.74565,0.7459,32.30,1.60
2008.01.23 14:28:15.963,0.74565,0.7459,33.10,1.60
2008.01.23 14:28:16.302,0.74565,0.7459,32.00,1.60
2008.01.23 14:28:16.718,0.74565,0.7459,32.00,1.60
2008.01.23 14:28:17.122,0.74565,0.7459,33.10,1.60
2008.01.23 14:28:17.365,0.74565,0.7459,32.80,1.60
2008.01.23 14:28:17.608,0.74565,0.7459,32.80,1.60
2008.01.23 14:28:18.056,0.74565,0.7459,32.80,1.60
2008.01.23 14:28:18.671,0.74565,0.7459,32.80,1.60
2008.01.23 14:28:19.211,0.7458,0.7459,0.30,1.60
2008.01.23 14:28:19.625,0.74575,0.74595,8.00,4.00
2008.01.23 14:28:20.042,0.74575,0.7459,4.00,1.60
2008.01.23 14:28:20.275,0.74575,0.74595,4.00,12.00
2008.01.23 14:28:20.508,0.74575,0.74595,6.40,12.00
2008.01.23 14:28:20.920,0.74575,0.74595,6.40,12.00
2008.01.23 14:28:21.371,0.74575,0.74595,6.40,10.40
2008.01.23 14:28:21.605,0.74575,0.74595,6.40,10.40
2008.01.23 14:28:21.839,0.74575,0.74595,2.40,12.00
2008.01.23 14:28:22.272,0.74575,0.74595,6.40,8.80
2008.01.23 14:28:22.780,0.74575,0.74595,6.40,8.80
2008.01.23 14:28:22.915,0.7457,0.74595,16.20,8.80
2008.01.23 14:28:23.297,0.7457,0.74595,14.60,10.40
2008.01.23 14:28:23.495,0.74575,0.74595,3.60,10.40
2008.01.23 14:28:23.718,0.74575,0.74595,3.40,10.40
2008.01.23 14:28:24.118,0.7457,0.74595,16.20,8.80
2008.01.23 14:28:25.042,0.74575,0.74595,0.50,8.80
2008.01.23 14:28:25.290,0.74575,0.74595,0.70,8.80
2008.01.23 14:28:25.636,0.74575,0.74595,2.90,8.80
2008.01.23 14:28:26.709,0.7457,0.74595,16.70,8.80
2008.01.23 14:28:26.972,0.74575,0.74595,3.50,8.80
2008.01.23 14:28:27.225,0.74575,0.74595,1.30,8.80
2008.01.23 14:28:27.796,0.7457,0.74595,16.20,8.80
2008.01.23 14:28:28.044,0.7457,0.74595,16.20,8.80
2008.01.23 14:28:28.261,0.7457,0.74595,16.20,8.80
2008.01.23 14:28:28.599,0.7457,0.74595,16.20,8.80
2008.01.23 14:28:30.519,0.7457,0.74595,16.20,8.80
2008.01.23 14:28:31.396,0.7457,0.74595,16.20,8.80
2008.01.23 14:28:31.583,0.7457,0.74595,14.60,10.40
2008.01.23 14:28:32.268,0.7457,0.74595,16.20,8.80
2008.01.23 14:28:32.520,0.7457,0.74595,16.20,8.80
2008.01.23 14:28:33.018,0.7457,0.74595,16.20,8.80
2008.01.23 14:28:33.720,0.7457,0.74595,16.20,8.80
2008.01.23 14:28:34.173,0.7457,0.74595,14.60,12.00
2008.01.23 14:28:34.446,0.74575,0.74595,2.90,12.00
2008.01.23 14:28:36.517,0.7457,0.74595,14.60,12.00
2008.01.23 14:28:36.764,0.74575,0.74595,1.10,10.40
2008.01.23 14:28:37.008,0.7457,0.74595,16.20,10.40
2008.01.23 14:28:37.266,0.74575,0.74595,3.60,10.40
2008.01.23 14:28:37.557,0.74575,0.74595,1.00,9.60
2008.01.23 14:28:38.091,0.74575,0.74595,0.70,13.10
2008.01.23 14:28:38.424,0.74575,0.74595,0.90,13.10
2008.01.23 14:28:38.793,0.7457,0.74595,16.00,13.10
2008.01.23 14:28:39.059,0.74575,0.74595,1.20,12.80
2008.01.23 14:28:39.262,0.74575,0.74595,2.10,12.80
2008.01.23 14:28:39.938,0.7457,0.74595,16.20,10.40
2008.01.23 14:28:40.032,0.74575,0.74595,2.70,12.00
2008.01.23 14:28:40.464,0.74575,0.74595,3.20,10.40
2008.01.23 14:28:40.746,0.7457,0.74595,16.20,10.40
2008.01.23 14:28:41.021,0.7457,0.74595,16.20,8.80
2008.01.23 14:28:41.227,0.7457,0.74595,18.60,6.40
2008.01.23 14:28:41.447,0.7457,0.74595,18.60,6.40
2008.01.23 14:28:41.651,0.7457,0.74595,18.60,6.40
2008.01.23 14:28:41.909,0.7457,0.74595,18.60,6.40
2008.01.23 14:28:42.335,0.7457,0.74595,18.60,6.40
2008.01.23 14:28:42.856,0.7457,0.74595,16.20,8.80
2008.01.23 14:28:43.089,0.74575,0.74595,0.90,8.80
2008.01.23 14:28:43.491,0.74575,0.74595,3.50,8.80
2008.01.23 14:28:43.778,0.74575,0.74595,0.70,6.40
2008.01.23 14:28:45.833,0.7457,0.74595,18.60,6.40
2008.01.23 14:28:46.259,0.74575,0.74595,1.60,6.40
2008.01.23 14:28:46.654,0.7457,0.74595,21.00,6.40
2008.01.23 14:28:46.859,0.7457,0.74595,21.00,6.40
2008.01.23 14:28:47.072,0.7457,0.74595,21.00,6.40
2008.01.23 14:28:48.235,0.7457,0.74595,21.00,6.40
2008.01.23 14:28:48.641,0.7457,0.74595,21.00,6.40
2008.01.23 14:28:50.293,0.7457,0.74595,21.00,6.40
2008.01.23 14:28:50.804,0.74575,0.74595,2.20,6.40
2008.01.23 14:28:51.866,0.74575,0.74595,11.20,6.40
2008.01.23 14:28:53.665,0.74575,0.74595,11.20,6.40
2008.01.23 14:28:55.730,0.74575,0.74595,12.80,6.40
2008.01.23 14:28:56.880,0.74575,0.74595,12.80,6.40
2008.01.23 14:28:57.293,0.74575,0.74595,11.20,6.40
2008.01.23 14:28:57.501,0.74575,0.74595,6.40,8.80
2008.01.23 14:28:57.773,0.74575,0.74595,6.40,8.80
2008.01.23 14:28:58.754,0.74575,0.74595,6.40,8.80
2008.01.23 14:28:58.884,0.74575,0.74595,2.70,8.80
2008.01.23 14:29:01.891,0.7457,0.74595,14.60,10.40
2008.01.23 14:29:02.242,0.74575,0.74595,2.40,10.40
2008.01.23 14:29:02.724,0.74575,0.74595,2.00,8.80
2008.01.23 14:29:03.038,0.7457,0.74595,14.60,10.40
2008.01.23 14:29:03.369,0.7457,0.74595,14.60,8.80
2008.01.23 14:29:03.703,0.7457,0.74595,14.60,10.40
2008.01.23 14:29:04.122,0.7457,0.74595,16.20,8.80
2008.01.23 14:29:05.337,0.74575,0.74595,1.50,10.40
2008.01.23 14:29:05.632,0.7457,0.74595,16.20,8.80
2008.01.23 14:29:06.277,0.74575,0.74595,0.70,8.80
2008.01.23 14:29:06.629,0.7457,0.74595,16.20,8.80
2008.01.23 14:29:08.861,0.7457,0.74595,16.20,8.80
2008.01.23 14:29:10.222,0.74575,0.74595,2.30,9.10
2008.01.23 14:29:10.602,0.7457,0.74595,12.00,9.10
2008.01.23 14:29:10.765,0.7457,0.74595,12.20,8.80
2008.01.23 14:29:11.055,0.7457,0.74595,16.20,8.80
2008.01.23 14:29:11.219,0.7457,0.74595,16.20,8.80
2008.01.23 14:29:11.450,0.7457,0.74595,14.60,10.40
2008.01.23 14:29:11.805,0.74575,0.74595,0.70,10.40
2008.01.23 14:29:12.114,0.74575,0.74595,0.80,8.80
2008.01.23 14:29:12.421,0.74575,0.74595,3.60,10.40
2008.01.23 14:29:13.678,0.7457,0.74595,14.60,10.40
2008.01.23 14:29:14.117,0.74575,0.74595,2.50,8.80
2008.01.23 14:29:14.459,0.7457,0.74595,14.60,10.40
2008.01.23 14:29:15.396,0.74575,0.74595,3.10,8.80
2008.01.23 14:29:16.923,0.7457,0.74595,16.20,8.80
2008.01.23 14:29:17.296,0.7457,0.74595,14.60,10.40
2008.01.23 14:29:17.651,0.74575,0.74595,0.50,10.40
2008.01.23 14:29:18.385,0.74575,0.74595,3.50,10.40
2008.01.23 14:29:18.432,0.74575,0.74595,0.50,8.80
2008.01.23 14:29:20.589,0.7457,0.74595,16.20,8.80
2008.01.23 14:29:20.786,0.74575,0.74595,2.20,8.80
2008.01.23 14:29:22.142,0.74575,0.74595,2.40,8.80
2008.01.23 14:29:22.799,0.7457,0.74595,16.20,8.80
2008.01.23 14:29:23.228,0.7457,0.74595,18.60,6.40
2008.01.23 14:29:23.696,0.74575,0.74595,2.00,6.40
2008.01.23 14:29:24.126,0.74575,0.74595,0.90,6.40
2008.01.23 14:29:24.548,0.74575,0.74595,0.90,6.40
2008.01.23 14:29:24.841,0.7457,0.74595,18.60,6.40
2008.01.23 14:29:25.134,0.74575,0.74595,1.00,6.40
2008.01.23 14:29:25.550,0.7457,0.74595,18.60,6.40
2008.01.23 14:29:25.999,0.7457,0.74595,18.60,6.40
2008.01.23 14:29:26.226,0.7457,0.74595,18.60,6.40
2008.01.23 14:29:27.000,0.74575,0.74595,3.40,6.40
2008.01.23 14:29:27.223,0.7457,0.74595,16.20,8.80
2008.01.23 14:29:27.447,0.7457,0.74595,16.20,8.80
2008.01.23 14:29:28.402,0.74575,0.74595,2.40,10.40
2008.01.23 14:29:28.887,0.74575,0.74595,6.40,10.40
2008.01.23 14:29:29.325,0.74575,0.74595,6.40,8.80
2008.01.23 14:29:31.429,0.74575,0.74595,2.40,10.40
2008.01.23 14:29:31.944,0.74575,0.74595,2.40,10.40
2008.01.23 14:29:32.255,0.74575,0.74595,6.40,10.40
2008.01.23 14:29:32.702,0.74575,0.74595,6.40,10.40
2008.01.23 14:29:32.979,0.74575,0.74595,2.40,10.40
2008.01.23 14:29:33.241,0.74575,0.74595,2.40,8.80
2008.01.23 14:29:33.666,0.74575,0.74595,2.40,8.80
2008.01.23 14:29:34.126,0.74575,0.74595,6.40,10.40
2008.01.23 14:29:35.915,0.74575,0.74595,6.40,8.80
2008.01.23 14:29:36.163,0.74575,0.74595,6.40,8.80
2008.01.23 14:29:37.134,0.74575,0.74595,6.40,8.80
2008.01.23 14:29:37.362,0.74575,0.74595,6.40,10.40
2008.01.23 14:29:37.591,0.74575,0.74595,2.40,10.40
2008.01.23 14:29:38.034,0.74575,0.74595,2.40,8.80
2008.01.23 14:29:38.282,0.74575,0.74595,6.40,8.80
2008.01.23 14:29:38.540,0.74575,0.74595,2.40,10.40
2008.01.23 14:29:39.041,0.74575,0.74595,6.40,8.80
2008.01.23 14:29:39.323,0.74575,0.74595,6.40,10.40
2008.01.23 14:29:39.587,0.74575,0.74595,2.40,12.00
2008.01.23 14:29:39.812,0.74575,0.74595,2.40,12.00
2008.01.23 14:29:40.036,0.74575,0.74595,2.40,11.20
2008.01.23 14:29:40.450,0.74575,0.74595,6.40,10.40
2008.01.23 14:29:42.004,0.74575,0.74595,6.40,8.80
2008.01.23 14:29:43.775,0.74575,0.74595,6.40,8.80
2008.01.23 14:29:44.624,0.74575,0.74595,6.40,10.40
2008.01.23 14:29:46.094,0.74575,0.74595,6.40,10.40
2008.01.23 14:29:46.293,0.74575,0.74595,6.40,8.80
2008.01.23 14:29:46.968,0.74575,0.74595,6.40,8.80
2008.01.23 14:29:48.669,0.74575,0.74595,6.60,8.80
2008.01.23 14:29:49.037,0.74575,0.74595,6.60,8.80
2008.01.23 14:29:49.310,0.74575,0.74595,6.40,8.80
2008.01.23 14:29:49.771,0.74575,0.74595,6.40,8.80
2008.01.23 14:29:50.871,0.74575,0.74595,6.40,8.80
2008.01.23 14:29:51.238,0.74575,0.74595,6.40,8.80
2008.01.23 14:29:51.482,0.74575,0.74595,11.20,6.40
2008.01.23 14:29:51.726,0.74575,0.74595,11.20,6.40
2008.01.23 14:29:52.143,0.74575,0.74595,11.20,6.40
2008.01.23 14:29:52.587,0.74575,0.74595,12.80,6.40
2008.01.23 14:29:52.840,0.74575,0.74595,8.80,6.40
2008.01.23 14:29:53.095,0.74575,0.74595,6.40,9.10
2008.01.23 14:29:53.506,0.74575,0.74595,4.80,6.70
2008.01.23 14:29:53.716,0.74575,0.74595,2.40,9.10
2008.01.23 14:29:53.926,0.74575,0.74595,2.40,9.10
2008.01.23 14:29:54.132,0.74575,0.74595,2.40,9.10
2008.01.23 14:29:55.993,0.74575,0.74595,2.40,9.10
2008.01.23 14:29:56.293,0.74575,0.74595,2.40,10.70
2008.01.23 14:29:56.400,0.7457,0.74595,0.80,29.10
2008.01.23 14:29:56.626,0.74565,0.74595,41.90,25.10
2008.01.23 14:29:56.927,0.74565,0.74595,37.90,25.10
2008.01.23 14:29:57.035,0.7457,0.74595,1.60,23.50
2008.01.23 14:29:57.367,0.7457,0.74595,1.60,23.50
2008.01.23 14:29:57.872,0.7457,0.74595,9.60,9.10
2008.01.23 14:29:58.414,0.7457,0.74595,9.80,8.80
2008.01.23 14:29:58.667,0.7457,0.74595,9.80,8.80
2008.01.23 14:29:58.937,0.7457,0.74595,9.80,8.80
2008.01.23 14:29:58.993,0.7457,0.74595,2.10,8.80
2008.01.23 14:29:59.856,0.74565,0.74595,37.90,9.10
2008.01.23 14:30:00.324,0.7457,0.74595,0.60,10.70
2008.01.23 14:30:00.526,0.7457,0.74595,1.80,10.70
2008.01.23 14:30:00.752,0.74565,0.74595,38.00,10.70
2008.01.23 14:30:01.153,0.7457,0.74595,3.70,10.70
2008.01.23 14:30:01.621,0.74565,0.74595,38.00,9.10
2008.01.23 14:30:02.075,0.74565,0.74595,39.00,9.10
2008.01.23 14:30:02.334,0.7457,0.74595,2.60,9.10
2008.01.23 14:30:02.595,0.7457,0.74595,1.20,9.10
2008.01.23 14:30:03.010,0.7457,0.74595,13.60,9.10
2008.01.23 14:30:03.470,0.7457,0.74595,13.80,8.80
2008.01.23 14:30:03.673,0.7457,0.74595,16.20,8.80
2008.01.23 14:30:03.882,0.7457,0.74595,16.20,8.80
2008.01.23 14:30:04.294,0.7457,0.74595,12.00,9.10
2008.01.23 14:30:04.684,0.74575,0.74595,0.80,9.10
2008.01.23 14:30:04.811,0.7457,0.74595,12.00,9.10
2008.01.23 14:30:05.226,0.7457,0.74595,12.20,8.80
2008.01.23 14:30:05.733,0.7457,0.74595,21.80,2.40
2008.01.23 14:30:06.118,0.74575,0.74595,3.80,2.40
2008.01.23 14:30:06.531,0.7457,0.74595,21.80,2.40
2008.01.23 14:30:06.717,0.74575,0.74595,0.90,2.40
2008.01.23 14:30:06.994,0.7457,0.74595,21.80,2.40
2008.01.23 14:30:07.461,0.7457,0.74595,19.40,8.80
2008.01.23 14:30:07.986,0.7457,0.74595,19.40,8.80
2008.01.23 14:30:08.200,0.7457,0.74595,21.80,6.40
2008.01.23 14:30:08.417,0.7457,0.74595,21.80,6.40
2008.01.23 14:30:08.852,0.74575,0.74595,0.70,8.80
2008.01.23 14:30:09.273,0.7457,0.74595,1.90,9.10
2008.01.23 14:30:09.500,0.74565,0.74595,43.40,8.80
2008.01.23 14:30:09.728,0.74565,0.74595,43.40,8.80
2008.01.23 14:30:10.623,0.74565,0.74595,43.40,8.80
2008.01.23 14:30:10.918,0.74575,0.74595,1.70,8.80
2008.01.23 14:30:11.211,0.74575,0.74595,1.70,8.80
2008.01.23 14:30:11.547,0.7457,0.74595,16.20,8.80
2008.01.23 14:30:11.736,0.7457,0.74595,16.20,8.80
2008.01.23 14:30:12.013,0.7457,0.74595,16.20,8.80
2008.01.23 14:30:12.391,0.7457,0.74595,16.20,8.80
2008.01.23 14:30:12.856,0.7457,0.74595,28.20,8.80
2008.01.23 14:30:13.362,0.74575,0.74595,9.10,4.80
2008.01.23 14:30:13.572,0.7458,0.74605,0.30,37.00
2008.01.23 14:30:13.782,0.7457,0.74595,37.80,2.40
2008.01.23 14:30:14.199,0.74575,0.74605,35.80,12.20
2008.01.23 14:30:14.408,0.7457,0.74605,35.00,25.90
2008.01.23 14:30:14.708,0.7457,0.746,43.00,0.30
2008.01.23 14:30:15.126,0.7458,0.74605,0.30,25.60
2008.01.23 14:30:15.612,0.7458,0.74605,2.70,25.60
2008.01.23 14:30:15.825,0.7458,0.74605,2.70,30.40
2008.01.23 14:30:16.059,0.74585,0.74605,1.10,28.80
2008.01.23 14:30:16.463,0.7458,0.74605,2.70,30.40
2008.01.23 14:30:16.700,0.74585,0.74605,0.60,24.80
2008.01.23 14:30:16.939,0.7458,0.74605,4.20,24.80
2008.01.23 14:30:17.370,0.7458,0.74605,21.80,2.40
2008.01.23 14:30:17.802,0.7458,0.7461,21.80,9.60
2008.01.23 14:30:18.096,0.74585,0.7461,4.90,9.60
2008.01.23 14:30:18.388,0.7458,0.7461,21.80,9.60
2008.01.23 14:30:18.813,0.74585,0.7461,1.10,8.00
2008.01.23 14:30:19.232,0.7458,0.7461,21.80,9.90
2008.01.23 14:30:19.629,0.7458,0.74605,36.20,6.40
2008.01.23 14:30:19.906,0.7458,0.74605,36.20,8.20
2008.01.23 14:30:20.184,0.7458,0.74605,33.00,10.60
2008.01.23 14:30:20.603,0.74585,0.7461,17.10,1.60
2008.01.23 14:30:21.070,0.74585,0.7461,1.10,1.60
2008.01.23 14:30:21.536,0.74585,0.7461,14.90,1.60
2008.01.23 14:30:21.795,0.7459,0.74615,3.20,10.70
2008.01.23 14:30:22.007,0.7459,0.74615,2.00,10.70
2008.01.23 14:30:22.407,0.7458,0.74615,43.40,29.90
2008.01.23 14:30:22.615,0.7458,0.7461,43.40,1.60
2008.01.23 14:30:22.834,0.7458,0.7461,43.40,1.60
2008.01.23 14:30:23.291,0.74585,0.74615,35.40,10.70
2008.01.23 14:30:23.554,0.74585,0.74615,35.40,10.70
2008.01.23 14:30:24.364,0.7459,0.74615,2.40,10.70
2008.01.23 14:30:26.561,0.74585,0.74615,5.10,28.30
2008.01.23 14:30:26.997,0.7458,0.74615,43.40,32.30
2008.01.23 14:30:27.226,0.74585,0.74605,8.70,4.00
2008.01.23 14:30:27.454,0.74585,0.74605,11.90,4.00
2008.01.23 14:30:27.878,0.74585,0.74605,2.00,5.90
2008.01.23 14:30:28.297,0.7458,0.74605,14.40,8.30
2008.01.23 14:30:28.782,0.74585,0.74605,1.10,1.60
2008.01.23 14:30:29.073,0.74585,0.7461,0.80,7.50
2008.01.23 14:30:29.361,0.7458,0.7461,10.60,7.50
2008.01.23 14:30:29.714,0.7458,0.7461,10.60,5.90
2008.01.23 14:30:29.927,0.74585,0.7461,1.10,5.90
2008.01.23 14:30:30.143,0.7458,0.7461,10.60,5.90
2008.01.23 14:30:30.557,0.7457,0.746,47.50,5.60
2008.01.23 14:30:31.030,0.7457,0.74605,49.80,29.90
2008.01.23 14:30:31.513,0.74575,0.74605,6.60,25.90
2008.01.23 14:30:31.930,0.74575,0.74605,10.20,21.90
2008.01.23 14:30:32.325,0.7457,0.74605,21.00,23.50
2008.01.23 14:30:32.523,0.7457,0.74605,13.00,23.50
2008.01.23 14:30:32.846,0.74575,0.746,0.50,0.30
2008.01.23 14:30:33.267,0.7457,0.746,12.20,0.30
2008.01.23 14:30:33.795,0.74575,0.746,1.30,0.30
2008.01.23 14:30:34.003,0.74575,0.74605,0.80,23.50
2008.01.23 14:30:34.218,0.74575,0.74605,1.70,25.10
2008.01.23 14:30:34.624,0.74575,0.74605,0.70,31.70
2008.01.23 14:30:35.088,0.74575,0.74605,1.60,32.30
2008.01.23 14:30:35.361,0.74575,0.746,1.20,5.90
2008.01.23 14:30:35.634,0.74575,0.746,0.50,5.90
2008.01.23 14:30:36.056,0.74575,0.746,0.50,7.50
2008.01.23 14:30:36.511,0.7457,0.746,12.20,7.50
2008.01.23 14:30:36.773,0.74575,0.74605,1.40,32.30
2008.01.23 14:30:36.993,0.74575,0.746,1.20,0.30
2008.01.23 14:30:37.404,0.7457,0.746,12.20,7.50
2008.01.23 14:30:37.803,0.74575,0.746,0.60,7.50
2008.01.23 14:30:38.074,0.7457,0.74605,12.20,34.10
2008.01.23 14:30:38.342,0.7457,0.74605,12.20,32.30
2008.01.23 14:30:38.763,0.74575,0.746,1.20,5.90
2008.01.23 14:30:39.030,0.7457,0.746,12.20,1.90
2008.01.23 14:30:39.278,0.7457,0.746,12.20,7.50
2008.01.23 14:30:39.695,0.74575,0.74605,0.90,32.30
2008.01.23 14:30:40.139,0.7457,0.74605,12.20,34.90
2008.01.23 14:30:40.397,0.74575,0.746,1.20,0.30
2008.01.23 14:30:40.654,0.74575,0.74605,1.50,33.10
2008.01.23 14:30:41.071,0.7457,0.74595,12.20,4.00
2008.01.23 14:30:41.304,0.74575,0.74595,1.60,8.80
2008.01.23 14:30:41.538,0.74575,0.74595,1.00,8.80
2008.01.23 14:30:41.966,0.7457,0.74595,12.20,8.80
2008.01.23 14:30:42.179,0.7457,0.74595,12.20,8.80
2008.01.23 14:30:42.414,0.7457,0.74595,12.20,8.80
2008.01.23 14:30:42.624,0.7457,0.74595,24.20,8.80
2008.01.23 14:30:42.841,0.7457,0.74595,28.20,8.80
2008.01.23 14:30:43.055,0.74575,0.74595,4.30,8.80
2008.01.23 14:30:43.350,0.74575,0.74595,6.00,6.40
2008.01.23 14:30:43.818,0.7457,0.74595,18.60,6.40
2008.01.23 14:30:44.299,0.7457,0.74595,17.00,8.80
2008.01.23 14:30:44.553,0.74575,0.74595,0.90,8.80
2008.01.23 14:30:44.805,0.7457,0.74595,18.60,6.40
2008.01.23 14:30:45.236,0.7457,0.74595,13.00,8.80
2008.01.23 14:30:45.643,0.74575,0.74595,1.00,8.80
2008.01.23 14:30:45.664,0.74575,0.74595,0.90,8.80
2008.01.23 14:30:47.036,0.74565,0.74595,44.60,8.80
2008.01.23 14:30:47.923,0.74565,0.74595,44.60,8.80
2008.01.23 14:30:48.816,0.7457,0.74595,9.80,8.80
2008.01.23 14:30:49.029,0.74575,0.74595,2.40,8.80
2008.01.23 14:30:52.084,0.74575,0.74595,2.40,8.80
2008.01.23 14:30:53.117,0.74575,0.74595,2.40,8.80
2008.01.23 14:30:53.822,0.74575,0.74595,2.40,8.80
2008.01.23 14:30:54.613,0.74575,0.74595,4.80,6.40
2008.01.23 14:30:54.847,0.74575,0.74595,12.80,6.40
2008.01.23 14:30:55.081,0.74575,0.74595,11.20,6.40
2008.01.23 14:30:55.511,0.74575,0.74595,2.40,8.80
2008.01.23 14:30:55.764,0.74575,0.74595,2.40,8.80
2008.01.23 14:30:57.083,0.74575,0.74595,2.40,8.80
2008.01.23 14:30:58.848,0.74575,0.74595,2.40,8.80
2008.01.23 14:30:59.475,0.74575,0.74595,4.00,8.80
2008.01.23 14:30:59.890,0.74575,0.74595,12.80,6.40
2008.01.23 14:31:02.176,0.74575,0.74595,36.20,6.40
2008.01.23 14:31:02.419,0.74575,0.74595,37.00,6.40
2008.01.23 14:31:02.785,0.74575,0.74595,38.70,6.40
2008.01.23 14:31:03.299,0.74575,0.74595,38.70,6.40
2008.01.23 14:31:03.858,0.74575,0.74595,38.70,6.40
2008.01.23 14:31:07.121,0.74575,0.74595,38.70,6.40
2008.01.23 14:31:08.860,0.74575,0.74595,38.70,6.40
2008.01.23 14:31:12.576,0.74575,0.74595,36.30,6.40
2008.01.23 14:31:12.815,0.74575,0.74605,38.70,29.10
2008.01.23 14:31:13.103,0.74575,0.74605,38.70,30.90
2008.01.23 14:31:13.414,0.74575,0.74605,38.70,30.90
2008.01.23 14:31:13.719,0.74575,0.74605,38.70,30.90
2008.01.23 14:31:14.245,0.74575,0.74605,38.70,30.90
2008.01.23 14:31:14.578,0.74575,0.74605,38.70,30.90
2008.01.23 14:31:14.913,0.7458,0.74605,1.60,30.90
2008.01.23 14:31:15.209,0.74575,0.74605,38.70,30.90
2008.01.23 14:31:15.622,0.74575,0.74605,38.70,32.50
2008.01.23 14:31:16.021,0.74575,0.74605,38.70,30.90
2008.01.23 14:31:16.491,0.74575,0.746,34.40,0.30
2008.01.23 14:31:16.764,0.7458,0.74605,1.60,29.30
2008.01.23 14:31:17.037,0.7458,0.74605,1.60,29.10
2008.01.23 14:31:17.391,0.7458,0.74605,1.60,27.50
2008.01.23 14:31:17.785,0.7458,0.74605,1.60,15.50
2008.01.23 14:31:18.178,0.7458,0.74605,9.60,10.90
2008.01.23 14:31:18.482,0.7458,0.74605,9.80,8.80
2008.01.23 14:31:18.879,0.7458,0.74605,9.80,8.80
2008.01.23 14:31:19.211,0.7458,0.74605,9.80,8.80
2008.01.23 14:31:19.641,0.7458,0.74605,9.80,8.80
2008.01.23 14:31:20.106,0.7458,0.74605,9.80,8.80
2008.01.23 14:31:20.506,0.7458,0.74605,9.80,8.80
2008.01.23 14:31:21.896,0.7458,0.74605,9.80,8.80
2008.01.23 14:31:22.088,0.7458,0.7461,9.80,17.10
2008.01.23 14:31:22.353,0.7458,0.7461,9.80,17.10
2008.01.23 14:31:22.834,0.7458,0.7461,9.80,17.10
2008.01.23 14:31:23.489,0.7458,0.74605,9.80,0.70
2008.01.23 14:31:23.716,0.74585,0.74605,4.00,0.90
2008.01.23 14:31:24.102,0.74585,0.74605,6.20,0.90
2008.01.23 14:31:24.296,0.7458,0.7461,9.80,17.10
2008.01.23 14:31:24.618,0.7458,0.7461,9.80,17.10
2008.01.23 14:31:25.041,0.7458,0.7461,9.80,17.10
2008.01.23 14:31:25.554,0.74585,0.74615,29.00,48.50
2008.01.23 14:31:25.768,0.74585,0.7462,0.30,40.50
2008.01.23 14:31:25.981,0.74585,0.7462,0.30,38.70
2008.01.23 14:31:26.389,0.7458,0.74615,9.80,30.70
2008.01.23 14:31:26.632,0.7458,0.74615,9.80,30.70
2008.01.23 14:31:26.870,0.7458,0.74615,9.80,30.70
2008.01.23 14:31:27.287,0.74585,0.7462,0.30,37.10
2008.01.23 14:31:27.526,0.74585,0.74615,0.30,0.90
2008.01.23 14:31:27.809,0.74585,0.74615,0.30,0.80
2008.01.23 14:31:28.900,0.74585,0.74615,0.30,0.60
2008.01.23 14:31:29.192,0.74585,0.7462,2.60,37.10
2008.01.23 14:31:29.723,0.74585,0.74615,2.60,0.90
2008.01.23 14:31:30.021,0.74585,0.7462,2.60,37.10
2008.01.23 14:31:30.338,0.74585,0.7462,2.60,38.70
2008.01.23 14:31:30.656,0.74585,0.74615,2.60,0.60
2008.01.23 14:31:31.119,0.74585,0.7462,2.60,38.70
2008.01.23 14:31:31.510,0.74585,0.7462,2.60,41.10
2008.01.23 14:31:31.713,0.74585,0.74615,2.40,33.10
2008.01.23 14:31:31.929,0.74585,0.7461,2.40,0.50
2008.01.23 14:31:32.365,0.74585,0.74615,2.60,33.10
2008.01.23 14:31:32.814,0.74585,0.7462,22.60,38.70
2008.01.23 14:31:33.060,0.74585,0.74605,2.40,0.70
2008.01.23 14:31:33.401,0.74585,0.7461,2.40,17.10
2008.01.23 14:31:33.755,0.7458,0.74605,9.80,0.70
2008.01.23 14:31:34.211,0.7458,0.7461,9.80,17.10
2008.01.23 14:31:34.646,0.7458,0.7461,9.60,17.10
2008.01.23 14:31:34.873,0.7458,0.7461,9.60,17.10
2008.01.23 14:31:35.523,0.7458,0.7461,9.60,17.10
2008.01.23 14:31:35.780,0.7458,0.7461,9.80,17.10
2008.01.23 14:31:36.069,0.7458,0.74605,9.60,0.80
2008.01.23 14:31:36.469,0.74575,0.74595,39.50,0.60
2008.01.23 14:31:36.877,0.7458,0.74605,0.30,18.60
2008.01.23 14:31:37.277,0.74585,0.7461,4.00,18.90
2008.01.23 14:31:37.296,0.7458,0.74605,9.80,0.80
2008.01.23 14:31:37.694,0.7458,0.7461,9.80,17.10
2008.01.23 14:31:38.196,0.7458,0.74605,9.80,0.60
2008.01.23 14:31:38.497,0.7458,0.7461,9.80,17.10
2008.01.23 14:31:38.891,0.7458,0.7461,9.80,17.10
2008.01.23 14:31:39.323,0.7458,0.7461,9.80,17.10
2008.01.23 14:31:40.038,0.7458,0.74605,9.80,0.90
2008.01.23 14:31:40.411,0.74585,0.7461,2.40,17.10
2008.01.23 14:31:40.818,0.74585,0.7461,2.40,17.10
2008.01.23 14:31:41.097,0.74585,0.7461,2.40,17.10
2008.01.23 14:31:41.405,0.74585,0.7461,2.40,17.10
2008.01.23 14:31:41.808,0.74585,0.7461,2.40,17.10
2008.01.23 14:31:42.212,0.74585,0.7461,2.40,17.10
2008.01.23 14:31:42.609,0.74585,0.7461,2.40,17.10
2008.01.23 14:31:43.012,0.74585,0.7461,2.60,16.80
2008.01.23 14:31:43.322,0.74585,0.7461,2.60,16.80
2008.01.23 14:31:43.635,0.74585,0.7461,5.00,14.40
2008.01.23 14:31:44.057,0.74585,0.74615,29.00,42.10
2008.01.23 14:31:44.445,0.74585,0.7462,30.60,43.70
2008.01.23 14:31:44.645,0.74585,0.7462,33.00,42.90
2008.01.23 14:31:45.317,0.74585,0.74615,33.00,0.50
2008.01.23 14:31:45.772,0.74585,0.74615,34.60,34.90
2008.01.23 14:31:46.030,0.74585,0.74615,35.40,34.90
2008.01.23 14:31:46.275,0.74585,0.7461,13.00,10.40
2008.01.23 14:31:46.694,0.74585,0.74605,13.00,0.70
2008.01.23 14:31:47.133,0.74585,0.7461,13.00,10.40
2008.01.23 14:31:47.573,0.74585,0.7462,33.00,41.30
2008.01.23 14:31:47.982,0.74585,0.74615,13.00,33.30
2008.01.23 14:31:48.200,0.74585,0.74605,12.80,0.80
2008.01.23 14:31:48.499,0.74585,0.7461,12.80,14.70
2008.01.23 14:31:48.917,0.74585,0.7461,10.40,14.70
2008.01.23 14:31:49.410,0.74585,0.74605,4.80,0.80
2008.01.23 14:31:49.830,0.74585,0.74605,4.00,8.80
2008.01.23 14:31:50.059,0.74585,0.74605,4.80,6.40
2008.01.23 14:31:50.289,0.74585,0.74605,4.80,18.40
2008.01.23 14:31:50.695,0.7458,0.74605,9.80,8.80
2008.01.23 14:31:51.110,0.7458,0.74605,9.80,8.80
2008.01.23 14:31:51.515,0.7458,0.74605,9.80,8.80
2008.01.23 14:31:51.977,0.74585,0.74605,4.00,8.80
2008.01.23 14:31:52.240,0.74585,0.74605,6.40,8.80
2008.01.23 14:31:52.502,0.7458,0.74605,9.80,8.80
2008.01.23 14:31:52.881,0.7458,0.74605,9.80,8.80
2008.01.23 14:31:53.292,0.7458,0.74605,9.80,8.80
2008.01.23 14:31:53.712,0.74585,0.74605,2.40,8.80
2008.01.23 14:31:53.790,0.7458,0.74605,9.80,8.80
2008.01.23 14:31:54.213,0.7458,0.74605,9.80,8.80
2008.01.23 14:31:55.105,0.7458,0.74605,9.80,8.80
2008.01.23 14:31:55.320,0.74585,0.74605,2.40,8.80
2008.01.23 14:31:55.544,0.74585,0.74605,2.40,8.80
2008.01.23 14:31:55.954,0.74585,0.74605,2.40,8.80
2008.01.23 14:31:56.440,0.7458,0.74605,9.80,8.80
2008.01.23 14:31:56.729,0.7458,0.74605,9.80,8.80
2008.01.23 14:31:57.348,0.7458,0.74605,9.80,8.80
2008.01.23 14:31:57.550,0.74585,0.74605,2.40,8.80
2008.01.23 14:31:57.775,0.7458,0.74605,9.80,8.80
2008.01.23 14:31:58.170,0.7458,0.74605,9.80,8.80
2008.01.23 14:31:58.676,0.7458,0.74605,9.80,8.80
2008.01.23 14:31:58.989,0.7458,0.74605,9.80,8.80
2008.01.23 14:31:59.210,0.7458,0.74605,9.80,8.80
2008.01.23 14:31:59.426,0.7458,0.74605,9.80,8.80
2008.01.23 14:32:00.278,0.7458,0.74605,9.80,8.80
2008.01.23 14:32:00.715,0.7458,0.74605,9.80,8.80
2008.01.23 14:32:00.777,0.7458,0.74605,9.80,8.80
2008.01.23 14:32:01.624,0.7458,0.74605,9.80,8.80
2008.01.23 14:32:01.646,0.7458,0.74605,9.80,8.80
2008.01.23 14:32:02.061,0.74575,0.74605,44.60,8.80
2008.01.23 14:32:02.460,0.74585,0.74605,0.70,6.40
2008.01.23 14:32:02.986,0.7458,0.74605,15.40,6.40
2008.01.23 14:32:03.519,0.7458,0.74605,17.00,8.80
2008.01.23 14:32:03.715,0.7458,0.74605,17.00,8.80
2008.01.23 14:32:03.946,0.7458,0.74605,19.40,8.20
2008.01.23 14:32:04.343,0.7458,0.74605,19.40,8.20
2008.01.23 14:32:04.592,0.7458,0.74605,19.40,6.40
2008.01.23 14:32:04.924,0.7458,0.74605,15.40,6.40
2008.01.23 14:32:05.264,0.7458,0.74605,19.40,6.40
2008.01.23 14:32:05.705,0.7458,0.74605,19.40,6.40
2008.01.23 14:32:06.168,0.7458,0.74605,19.40,6.40
2008.01.23 14:32:06.619,0.74585,0.74605,0.60,6.40
2008.01.23 14:32:06.828,0.7458,0.74605,19.40,6.40
2008.01.23 14:32:07.143,0.74585,0.74605,1.90,6.40
2008.01.23 14:32:07.467,0.74575,0.74605,54.70,6.70
2008.01.23 14:32:07.870,0.74585,0.74605,2.00,8.80
2008.01.23 14:32:08.380,0.7458,0.74605,13.80,8.00
2008.01.23 14:32:08.699,0.7458,0.74605,11.40,10.40
2008.01.23 14:32:08.975,0.74585,0.74605,0.80,10.40
2008.01.23 14:32:10.226,0.7458,0.74605,15.40,10.40
2008.01.23 14:32:10.689,0.7458,0.74605,15.40,10.40
2008.01.23 14:32:10.956,0.7458,0.74605,17.00,8.80
2008.01.23 14:32:11.239,0.7458,0.74605,11.40,10.40
2008.01.23 14:32:11.745,0.7458,0.74605,13.00,8.80
2008.01.23 14:32:12.164,0.7458,0.74605,13.00,8.80
2008.01.23 14:32:12.518,0.74585,0.74605,3.60,6.40
2008.01.23 14:32:13.433,0.74585,0.74605,1.80,6.40
2008.01.23 14:32:13.861,0.74585,0.74605,2.10,6.40
2008.01.23 14:32:14.320,0.74585,0.74605,0.60,6.70
2008.01.23 14:32:14.383,0.74575,0.74605,49.10,9.10
2008.01.23 14:32:14.796,0.7458,0.74605,13.00,6.40
2008.01.23 14:32:15.253,0.7458,0.74605,13.00,8.80
2008.01.23 14:32:15.361,0.7458,0.74605,13.00,10.60
2008.01.23 14:32:15.719,0.7458,0.74605,11.40,10.60
2008.01.23 14:32:15.953,0.7458,0.74605,11.40,12.20
2008.01.23 14:32:16.308,0.7458,0.74605,11.40,12.20
2008.01.23 14:32:16.643,0.7458,0.74605,11.40,24.20
2008.01.23 14:32:16.861,0.7457,0.746,17.80,8.30
2008.01.23 14:32:17.184,0.74575,0.746,3.30,8.00
2008.01.23 14:32:17.591,0.7457,0.74605,28.20,32.50
2008.01.23 14:32:17.876,0.74575,0.74605,8.20,30.70
2008.01.23 14:32:18.161,0.7457,0.74605,28.20,30.70
2008.01.23 14:32:18.573,0.7457,0.74605,28.20,30.70
2008.01.23 14:32:18.990,0.7457,0.74605,28.20,30.70
2008.01.23 14:32:19.016,0.74575,0.74605,12.70,30.70
2008.01.23 14:32:19.424,0.74575,0.74605,8.40,30.70
2008.01.23 14:32:19.683,0.74575,0.74605,8.70,18.70
2008.01.23 14:32:19.941,0.74575,0.74605,38.60,9.10
2008.01.23 14:32:20.199,0.74575,0.74605,38.60,9.10
2008.01.23 14:32:20.458,0.7458,0.74605,0.50,30.70
2008.01.23 14:32:20.686,0.74575,0.74605,38.70,30.70
2008.01.23 14:32:20.921,0.74575,0.74605,38.70,29.10
2008.01.23 14:32:21.335,0.74575,0.74605,38.70,17.10
2008.01.23 14:32:21.562,0.7458,0.74605,3.80,10.90
2008.01.23 14:32:21.811,0.74575,0.74605,39.50,9.10
2008.01.23 14:32:22.248,0.74575,0.74605,39.50,9.10
2008.01.23 14:32:22.798,0.7458,0.74605,1.80,10.70
2008.01.23 14:32:23.180,0.74575,0.74605,39.50,10.70
2008.01.23 14:32:23.613,0.74565,0.74605,66.30,18.70
2008.01.23 14:32:23.854,0.7458,0.74605,4.10,24.30
2008.01.23 14:32:24.117,0.7457,0.74605,46.80,32.30
2008.01.23 14:32:24.535,0.7458,0.74605,3.50,10.70
2008.01.23 14:32:24.991,0.74575,0.74605,42.60,8.80
2008.01.23 14:32:25.225,0.74575,0.74605,42.60,8.80
2008.01.23 14:32:25.458,0.74575,0.74605,42.60,8.80
2008.01.23 14:32:25.889,0.74575,0.74605,42.60,8.30
2008.01.23 14:32:26.319,0.74575,0.74605,42.70,8.60
2008.01.23 14:32:26.990,0.74575,0.74605,42.70,8.60
2008.01.23 14:32:27.307,0.74575,0.74605,42.70,8.60
2008.01.23 14:32:27.787,0.74575,0.74605,42.70,8.60
2008.01.23 14:32:28.906,0.74575,0.74605,38.70,10.20
2008.01.23 14:32:29.143,0.74575,0.74605,38.70,8.60
2008.01.23 14:32:29.381,0.74575,0.74605,40.20,8.30
2008.01.23 14:32:30.673,0.7458,0.74605,9.80,8.30
2008.01.23 14:32:30.906,0.74585,0.74605,6.40,8.30
2008.01.23 14:32:31.151,0.74585,0.74605,6.40,8.30
2008.01.23 14:32:31.385,0.74585,0.74605,6.40,8.30
2008.01.23 14:32:31.666,0.74585,0.74605,6.40,8.30
2008.01.23 14:32:32.247,0.74585,0.74605,6.40,8.30
2008.01.23 14:32:33.694,0.74585,0.74605,6.40,4.30
2008.01.23 14:32:34.044,0.74585,0.74605,6.40,4.30
2008.01.23 14:32:34.232,0.74585,0.74605,6.60,4.30
2008.01.23 14:32:34.466,0.74585,0.74605,26.60,4.30
2008.01.23 14:32:34.920,0.74585,0.74605,6.40,8.30
2008.01.23 14:32:35.378,0.74585,0.74605,6.40,8.30
2008.01.23 14:32:35.636,0.74585,0.74605,6.60,8.30
2008.01.23 14:32:35.878,0.74585,0.74605,11.40,6.40
2008.01.23 14:32:36.306,0.7459,0.74605,0.30,6.40
2008.01.23 14:32:36.738,0.74595,0.7461,0.30,1.60
2008.01.23 14:32:36.952,0.74595,0.74615,9.80,6.40
2008.01.23 14:32:37.177,0.74595,0.74615,9.60,6.40
2008.01.23 14:32:37.597,0.74595,0.7462,5.90,9.60
2008.01.23 14:32:38.011,0.746,0.74625,0.30,40.20
2008.01.23 14:32:38.504,0.74595,0.74625,34.90,32.50
2008.01.23 14:32:39.250,0.746,0.74625,0.30,30.40
2008.01.23 14:32:39.663,0.74605,0.74625,4.00,10.40
2008.01.23 14:32:40.064,0.74605,0.7462,4.00,1.90
2008.01.23 14:32:40.466,0.74595,0.7462,9.00,8.00
2008.01.23 14:32:40.673,0.74595,0.7462,30.40,0.30
2008.01.23 14:32:40.926,0.74595,0.7462,8.00,0.30
2008.01.23 14:32:41.351,0.7459,0.7462,9.80,0.30
2008.01.23 14:32:41.787,0.74595,0.7462,2.40,0.30
2008.01.23 14:32:42.036,0.74595,0.7462,2.40,0.30
2008.01.23 14:32:42.287,0.74595,0.74625,2.60,32.30
2008.01.23 14:32:42.770,0.74595,0.74625,2.60,32.30
2008.01.23 14:32:43.161,0.74595,0.74625,2.60,32.30
2008.01.23 14:32:43.405,0.74595,0.7462,2.40,8.30
2008.01.23 14:32:43.649,0.74595,0.7462,2.40,8.30
2008.01.23 14:32:44.083,0.74595,0.7462,2.40,8.30
2008.01.23 14:32:44.327,0.74595,0.7462,2.60,8.00
2008.01.23 14:32:44.620,0.74595,0.74625,2.60,34.10
2008.01.23 14:32:45.060,0.74595,0.74625,33.00,34.10
2008.01.23 14:32:45.414,0.74595,0.7462,31.40,1.60
2008.01.23 14:32:45.654,0.74595,0.74625,33.00,32.30
2008.01.23 14:32:46.010,0.74595,0.7462,2.40,9.90
2008.01.23 14:32:46.384,0.74595,0.7462,2.60,9.60
2008.01.23 14:32:46.543,0.74595,0.7462,31.40,1.60
2008.01.23 14:32:46.856,0.74595,0.7462,31.40,1.60
2008.01.23 14:32:47.317,0.74595,0.7462,31.40,1.60
2008.01.23 14:32:49.177,0.74595,0.7462,31.40,1.60
2008.01.23 14:32:49.649,0.74595,0.7462,31.20,1.90
2008.01.23 14:32:49.888,0.74595,0.7462,4.80,9.90
2008.01.23 14:32:50.160,0.74595,0.7462,4.80,9.90
2008.01.23 14:32:50.623,0.74595,0.7462,4.80,9.90
2008.01.23 14:32:50.897,0.74595,0.7462,2.40,9.90
2008.01.23 14:32:51.208,0.74595,0.7462,2.40,9.90
2008.01.23 14:32:51.584,0.74595,0.7462,2.40,9.90
2008.01.23 14:32:51.999,0.74595,0.7462,2.40,9.90
2008.01.23 14:32:52.242,0.74595,0.7462,2.40,9.90
2008.01.23 14:32:52.486,0.74595,0.7462,2.40,9.90
2008.01.23 14:32:52.926,0.74595,0.7462,2.40,9.90
2008.01.23 14:32:53.377,0.74595,0.7462,14.40,1.90
2008.01.23 14:32:53.650,0.74595,0.7462,26.60,1.60
2008.01.23 14:32:53.923,0.74595,0.74625,33.00,34.70
2008.01.23 14:32:54.343,0.74595,0.7462,29.00,1.60
2008.01.23 14:32:54.751,0.74595,0.7462,26.60,1.60
2008.01.23 14:32:54.963,0.74595,0.7462,26.60,1.60
2008.01.23 14:32:56.237,0.74595,0.7462,26.60,1.60
2008.01.23 14:32:56.636,0.74595,0.7462,26.60,1.60
2008.01.23 14:32:57.062,0.74595,0.7462,26.60,1.60
2008.01.23 14:32:57.284,0.74595,0.7462,26.60,1.60
2008.01.23 14:32:57.507,0.74595,0.7462,26.60,1.60
2008.01.23 14:32:57.941,0.74595,0.7462,26.60,1.60
2008.01.23 14:32:58.378,0.74595,0.7462,26.60,1.60
2008.01.23 14:32:58.864,0.74595,0.7462,26.60,1.60
2008.01.23 14:32:59.348,0.74595,0.7462,26.60,1.60
2008.01.23 14:33:00.949,0.74595,0.7462,26.60,1.60
2008.01.23 14:33:01.148,0.74595,0.74625,28.20,30.70
2008.01.23 14:33:01.507,0.74595,0.74625,28.20,30.70
2008.01.23 14:33:01.707,0.746,0.74625,0.30,30.40
2008.01.23 14:33:01.920,0.746,0.74625,0.30,30.40
2008.01.23 14:33:02.121,0.74595,0.74625,28.20,30.70
2008.01.23 14:33:02.399,0.74595,0.74625,28.20,30.70
2008.01.23 14:33:02.812,0.74595,0.7462,26.60,1.60
2008.01.23 14:33:03.281,0.74595,0.7462,26.60,1.60
2008.01.23 14:33:03.525,0.746,0.74625,0.30,30.40
2008.01.23 14:33:04.199,0.746,0.74625,0.30,30.40
2008.01.23 14:33:05.182,0.746,0.74625,0.30,30.40
2008.01.23 14:33:05.526,0.74595,0.74615,12.80,4.00
2008.01.23 14:33:06.026,0.74595,0.7462,11.30,9.90
2008.01.23 14:33:06.519,0.74595,0.7462,11.40,9.60
2008.01.23 14:33:06.737,0.74595,0.7462,11.40,9.60
2008.01.23 14:33:07.044,0.74595,0.7462,11.40,9.60
2008.01.23 14:33:07.387,0.74595,0.7462,12.80,8.30
2008.01.23 14:33:07.788,0.74595,0.7462,12.80,8.30
2008.01.23 14:33:08.201,0.74595,0.74615,11.20,4.00
2008.01.23 14:33:08.409,0.74595,0.7462,12.80,8.30
2008.01.23 14:33:08.721,0.74595,0.7462,12.80,8.30
2008.01.23 14:33:09.138,0.74595,0.7462,11.20,9.90
2008.01.23 14:33:09.643,0.74595,0.7462,11.40,9.60
2008.01.23 14:33:09.872,0.74595,0.7462,11.40,9.60
2008.01.23 14:33:10.179,0.74595,0.7462,13.00,8.00
2008.01.23 14:33:10.527,0.74595,0.7462,11.40,9.60
2008.01.23 14:33:10.941,0.74595,0.7462,11.40,9.60
2008.01.23 14:33:11.366,0.74595,0.7462,11.40,9.60
2008.01.23 14:33:11.810,0.74595,0.7462,23.70,9.60
2008.01.23 14:33:12.071,0.746,0.7462,0.30,1.60
2008.01.23 14:33:12.341,0.74595,0.74625,34.90,30.70
2008.01.23 14:33:12.798,0.74595,0.74625,33.30,30.70
2008.01.23 14:33:13.261,0.74595,0.7462,31.70,1.60
2008.01.23 14:33:13.327,0.746,0.74625,0.30,30.40
2008.01.23 14:33:13.743,0.746,0.74625,0.30,30.40
2008.01.23 14:33:14.155,0.746,0.74625,0.30,30.40
2008.01.23 14:33:14.163,0.746,0.7463,0.30,38.70
2008.01.23 14:33:14.363,0.74605,0.7463,2.40,38.70
2008.01.23 14:33:14.639,0.74605,0.7463,2.40,30.70
2008.01.23 14:33:14.988,0.74605,0.74625,2.40,0.70
2008.01.23 14:33:15.587,0.74605,0.7463,2.40,30.70
2008.01.23 14:33:16.059,0.74605,0.7463,2.40,30.70
2008.01.23 14:33:16.458,0.74605,0.74625,2.40,0.90
2008.01.23 14:33:16.878,0.74605,0.74625,2.40,0.90
2008.01.23 14:33:17.290,0.74605,0.7463,2.40,30.70
2008.01.23 14:33:17.317,0.74605,0.74625,2.40,0.90
2008.01.23 14:33:17.731,0.74605,0.7463,2.40,30.70
2008.01.23 14:33:18.144,0.74605,0.7463,2.40,30.70
2008.01.23 14:33:18.625,0.74605,0.7463,6.40,18.70
2008.01.23 14:33:18.909,0.7461,0.74625,9.00,0.90
2008.01.23 14:33:19.193,0.74615,0.74635,2.40,0.60
2008.01.23 14:33:19.512,0.74615,0.74635,2.40,0.60
2008.01.23 14:33:19.900,0.74615,0.74635,2.40,0.50
2008.01.23 14:33:20.087,0.74615,0.7464,6.40,18.70
2008.01.23 14:33:20.323,0.74615,0.7464,6.40,18.70
2008.01.23 14:33:20.803,0.74615,0.74635,8.80,0.50
2008.01.23 14:33:21.288,0.74615,0.7464,8.80,0.80
2008.01.23 14:33:21.742,0.74615,0.74635,11.40,0.80
2008.01.23 14:33:22.167,0.74615,0.74645,13.00,36.50
2008.01.23 14:33:22.396,0.74615,0.74645,31.40,32.50
2008.01.23 14:33:22.633,0.74615,0.74645,31.40,32.50
2008.01.23 14:33:23.058,0.7462,0.74645,0.30,0.50
2008.01.23 14:33:23.494,0.74615,0.74655,30.60,68.10
2008.01.23 14:33:23.936,0.7462,0.74645,0.30,0.80
2008.01.23 14:33:24.163,0.7462,0.74645,0.30,0.50
2008.01.23 14:33:24.805,0.74625,0.74645,4.00,0.70
2008.01.23 14:33:25.080,0.7462,0.7465,8.00,18.70
2008.01.23 14:33:25.352,0.7462,0.74645,8.20,0.80
2008.01.23 14:33:27.341,0.7462,0.7465,8.20,18.70
2008.01.23 14:33:27.610,0.7462,0.74645,0.30,0.50
2008.01.23 14:33:27.920,0.7462,0.7465,0.30,38.70
2008.01.23 14:33:28.287,0.7462,0.74645,0.30,0.80
2008.01.23 14:33:29.318,0.7462,0.7465,0.30,38.70
2008.01.23 14:33:30.425,0.7462,0.7465,0.30,38.70
2008.01.23 14:33:30.609,0.74615,0.7464,7.50,14.40
2008.01.23 14:33:30.841,0.74615,0.74635,7.50,0.70
2008.01.23 14:33:31.215,0.74615,0.74635,12.30,0.70
2008.01.23 14:33:31.398,0.74615,0.7465,23.50,41.30
2008.01.23 14:33:33.422,0.74615,0.7464,14.70,9.60
2008.01.23 14:33:33.724,0.74615,0.7464,9.90,16.00
2008.01.23 14:33:33.836,0.74615,0.7464,9.90,14.40
2008.01.23 14:33:34.121,0.74615,0.7464,9.90,14.40
2008.01.23 14:33:34.382,0.74615,0.7464,7.50,16.80
2008.01.23 14:33:34.689,0.74615,0.7464,6.60,16.80
2008.01.23 14:33:35.022,0.74615,0.74635,11.50,0.90
2008.01.23 14:33:35.356,0.74615,0.74635,9.90,0.50
2008.01.23 14:33:35.812,0.74615,0.7464,9.60,16.30
2008.01.23 14:33:36.198,0.74615,0.7464,2.40,18.70
2008.01.23 14:33:36.421,0.74605,0.7463,60.90,0.30
2008.01.23 14:33:36.641,0.74605,0.74635,48.90,34.70
2008.01.23 14:33:37.071,0.74615,0.74635,2.40,0.90
2008.01.23 14:33:37.485,0.74615,0.7464,2.40,32.50
2008.01.23 14:33:37.706,0.74615,0.7464,2.40,18.70
2008.01.23 14:33:37.922,0.74605,0.7463,58.50,0.30
2008.01.23 14:33:38.334,0.7461,0.7464,0.30,30.70
2008.01.23 14:33:38.548,0.74615,0.74635,2.40,0.80
2008.01.23 14:33:38.867,0.74615,0.74635,2.40,0.90
2008.01.23 14:33:39.290,0.74615,0.7464,2.40,32.50
2008.01.23 14:33:39.810,0.74615,0.74635,2.40,0.90
2008.01.23 14:33:40.038,0.74615,0.7464,2.40,18.70
2008.01.23 14:33:40.319,0.74615,0.7464,2.40,18.70
2008.01.23 14:33:40.713,0.74615,0.7464,2.40,32.50
2008.01.23 14:33:40.931,0.74615,0.7464,2.40,20.50
2008.01.23 14:33:41.155,0.74615,0.7464,2.40,20.50
2008.01.23 14:33:41.373,0.74615,0.7464,2.40,32.50
2008.01.23 14:33:41.603,0.74615,0.74635,2.40,28.80
2008.01.23 14:33:42.159,0.74615,0.74635,2.40,28.80
2008.01.23 14:33:42.582,0.74615,0.74635,2.40,28.80
2008.01.23 14:33:43.288,0.74615,0.7463,2.40,0.30
2008.01.23 14:33:43.509,0.74615,0.7463,2.40,0.30
2008.01.23 14:33:43.930,0.7461,0.74635,0.30,34.40
2008.01.23 14:33:44.356,0.7461,0.74635,0.30,30.40
2008.01.23 14:33:44.386,0.74615,0.74635,2.40,10.40
2008.01.23 14:33:44.852,0.74615,0.74635,2.40,10.40
2008.01.23 14:33:45.235,0.74615,0.74635,2.40,30.40
2008.01.23 14:33:45.712,0.74615,0.74635,2.40,32.20
2008.01.23 14:33:46.186,0.74605,0.7463,13.20,8.00
2008.01.23 14:33:46.369,0.74605,0.7463,11.50,8.00
2008.01.23 14:33:46.601,0.74605,0.7463,11.50,8.00
2008.01.23 14:33:46.972,0.74605,0.7463,11.50,8.00
2008.01.23 14:33:47.372,0.74605,0.7463,11.50,8.00
2008.01.23 14:33:47.771,0.7461,0.7463,0.30,8.00
2008.01.23 14:33:48.222,0.7461,0.7463,0.30,8.00
2008.01.23 14:33:48.686,0.7461,0.74635,1.80,30.60
2008.01.23 14:33:48.934,0.74615,0.74635,4.00,32.50
2008.01.23 14:33:49.182,0.74615,0.74635,4.00,32.50
2008.01.23 14:33:49.601,0.74605,0.74635,30.00,34.90
2008.01.23 14:33:49.809,0.74605,0.74635,30.00,34.90
2008.01.23 14:33:50.621,0.74605,0.74635,30.00,34.90
2008.01.23 14:33:51.416,0.74605,0.74635,30.00,34.90
2008.01.23 14:33:51.876,0.74605,0.74625,14.00,6.40
2008.01.23 14:33:51.909,0.74605,0.74625,11.30,6.40
2008.01.23 14:33:52.334,0.74605,0.74625,9.60,6.40
2008.01.23 14:33:52.341,0.74605,0.7463,9.60,14.70
2008.01.23 14:33:52.773,0.74605,0.74625,9.60,0.60
2008.01.23 14:33:53.195,0.74605,0.74635,9.90,46.90
2008.01.23 14:33:53.417,0.74605,0.74635,9.90,36.50
2008.01.23 14:33:54.057,0.74605,0.7463,9.90,0.80
2008.01.23 14:33:54.505,0.74605,0.74635,30.00,0.70
2008.01.23 14:33:54.986,0.74605,0.7464,30.00,42.90
2008.01.23 14:33:55.214,0.74605,0.7464,30.00,42.90
2008.01.23 14:33:55.443,0.74605,0.7464,30.00,42.90
2008.01.23 14:33:55.866,0.7461,0.74635,1.60,0.90
2008.01.23 14:33:56.290,0.74605,0.7463,28.40,0.70
2008.01.23 14:33:56.741,0.74605,0.74635,30.00,0.60
2008.01.23 14:33:56.995,0.74605,0.74635,30.00,0.70
2008.01.23 14:33:57.247,0.74605,0.74635,30.00,0.70
2008.01.23 14:33:57.626,0.74605,0.7464,30.00,40.50
2008.01.23 14:33:58.048,0.74605,0.74635,30.00,0.60
2008.01.23 14:33:58.449,0.74605,0.74635,30.00,0.80
2008.01.23 14:33:58.784,0.74605,0.7463,16.40,4.00
2008.01.23 14:33:59.116,0.74605,0.7463,30.80,0.50
2008.01.23 14:33:59.540,0.74605,0.74645,32.40,71.30
2008.01.23 14:33:59.948,0.74605,0.7464,32.40,40.50
2008.01.23 14:34:00.390,0.74605,0.74645,32.40,71.30
2008.01.23 14:34:00.808,0.74605,0.7463,30.80,0.50
2008.01.23 14:34:01.241,0.74605,0.74635,32.40,0.90
2008.01.23 14:34:02.183,0.74605,0.7464,32.40,40.50
2008.01.23 14:34:02.607,0.74605,0.7463,14.80,10.40
2008.01.23 14:34:03.039,0.74605,0.74625,14.80,0.50
2008.01.23 14:34:03.480,0.74605,0.74625,18.80,0.80
2008.01.23 14:34:03.885,0.74605,0.7464,30.80,40.50
2008.01.23 14:34:04.389,0.74605,0.74635,30.80,0.80
2008.01.23 14:34:04.692,0.74605,0.74635,30.80,0.50
2008.01.23 14:34:05.355,0.74605,0.74645,30.80,72.10
2008.01.23 14:34:07.162,0.7461,0.7464,0.30,32.50
2008.01.23 14:34:07.419,0.74615,0.7464,4.80,32.50
2008.01.23 14:34:07.671,0.74615,0.7464,4.80,32.50
2008.01.23 14:34:08.104,0.7461,0.74635,0.30,0.60
2008.01.23 14:34:08.547,0.7461,0.7464,0.30,40.50
2008.01.23 14:34:08.603,0.74615,0.7464,4.00,40.50
2008.01.23 14:34:09.019,0.7461,0.74635,0.30,0.80
2008.01.23 14:34:09.466,0.74615,0.74635,6.40,0.50
2008.01.23 14:34:09.934,0.74615,0.7464,6.40,32.50
2008.01.23 14:34:10.211,0.74615,0.74635,6.40,0.80
2008.01.23 14:34:10.431,0.74615,0.74635,6.40,0.90
2008.01.23 14:34:11.706,0.74615,0.7464,6.40,32.50
2008.01.23 14:34:12.132,0.74615,0.7464,6.40,32.50
2008.01.23 14:34:12.355,0.74615,0.7464,6.40,32.50
2008.01.23 14:34:12.655,0.74615,0.74635,6.40,0.50
2008.01.23 14:34:13.599,0.74615,0.74635,6.40,0.60
2008.01.23 14:34:13.988,0.74615,0.74635,6.40,0.90
2008.01.23 14:34:14.208,0.74615,0.7464,6.40,32.50
2008.01.23 14:34:14.642,0.74615,0.7464,6.40,32.50
2008.01.23 14:34:15.928,0.74615,0.74645,6.40,68.90
2008.01.23 14:34:16.151,0.74605,0.74645,30.00,72.10
2008.01.23 14:34:16.374,0.74605,0.7464,30.00,40.50
2008.01.23 14:34:16.908,0.74605,0.7464,30.00,40.50
2008.01.23 14:34:17.237,0.74605,0.74635,30.00,0.90
2008.01.23 14:34:17.661,0.74605,0.74635,29.20,0.50
2008.01.23 14:34:17.895,0.74605,0.74635,29.20,0.70
2008.01.23 14:34:18.174,0.74605,0.74635,29.20,0.50
2008.01.23 14:34:18.598,0.74605,0.74635,29.20,0.90
2008.01.23 14:34:19.063,0.74605,0.7464,29.20,42.90
2008.01.23 14:34:19.270,0.74605,0.74635,29.20,0.60
2008.01.23 14:34:19.626,0.74605,0.74635,29.20,34.90
2008.01.23 14:34:19.933,0.74605,0.74635,29.20,34.90
2008.01.23 14:34:22.457,0.74605,0.74635,29.20,34.90
2008.01.23 14:34:22.899,0.74605,0.74635,29.20,34.90
2008.01.23 14:34:23.140,0.74605,0.74635,29.20,34.90
2008.01.23 14:34:23.656,0.74605,0.74635,29.20,34.90
2008.01.23 14:34:23.914,0.74605,0.74635,29.20,34.90
2008.01.23 14:34:24.174,0.74605,0.74625,14.00,6.40
2008.01.23 14:34:24.432,0.74605,0.74625,14.00,6.40
2008.01.23 14:34:27.471,0.74605,0.74625,14.00,6.40
2008.01.23 14:34:28.915,0.74605,0.74625,14.00,6.40
2008.01.23 14:34:29.237,0.74605,0.74625,14.00,6.40
2008.01.23 14:34:30.660,0.74605,0.74625,14.00,6.40
2008.01.23 14:34:31.532,0.74605,0.74625,14.00,6.40
2008.01.23 14:34:32.475,0.74605,0.74625,14.00,6.40
2008.01.23 14:34:34.021,0.74605,0.74625,14.00,6.40
2008.01.23 14:34:34.288,0.74605,0.74625,14.00,6.40
2008.01.23 14:34:34.745,0.74605,0.74625,14.00,6.40
2008.01.23 14:34:35.009,0.74605,0.74625,14.00,6.40
2008.01.23 14:34:35.272,0.74605,0.74625,14.00,6.40
2008.01.23 14:34:35.662,0.74605,0.74625,14.00,6.40
2008.01.23 14:34:36.088,0.74605,0.74625,14.00,6.40
2008.01.23 14:34:36.315,0.74605,0.74625,14.00,2.40
2008.01.23 14:34:36.546,0.74605,0.74625,14.00,6.40
2008.01.23 14:34:37.028,0.74605,0.74625,11.50,6.40
2008.01.23 14:34:37.503,0.74605,0.74625,12.00,6.40
2008.01.23 14:34:37.899,0.74605,0.74625,8.80,6.40
2008.01.23 14:34:38.329,0.74605,0.74625,9.60,6.40
2008.01.23 14:34:38.707,0.74605,0.74625,11.20,6.40
2008.01.23 14:34:39.184,0.74605,0.74625,8.80,6.40
2008.01.23 14:34:39.298,0.74605,0.74625,8.80,0.70
2008.01.23 14:34:39.687,0.74605,0.74625,10.40,0.80
2008.01.23 14:34:40.110,0.74605,0.74625,10.40,0.70
2008.01.23 14:34:40.144,0.74605,0.74625,8.80,0.60
2008.01.23 14:34:40.557,0.74605,0.74625,10.40,6.40
2008.01.23 14:34:41.167,0.74605,0.74625,8.80,6.40
2008.01.23 14:34:41.921,0.74605,0.74625,8.80,6.40
2008.01.23 14:34:42.125,0.74605,0.74625,4.80,26.40
2008.01.23 14:34:42.347,0.74605,0.74625,4.80,26.40
2008.01.23 14:34:42.751,0.74605,0.74625,6.40,26.40
2008.01.23 14:34:43.150,0.74605,0.74625,4.80,26.40
2008.01.23 14:34:43.452,0.74605,0.74625,2.40,33.90
2008.01.23 14:34:43.756,0.74595,0.74615,14.00,6.40
2008.01.23 14:34:44.193,0.74595,0.74615,14.00,4.00
2008.01.23 14:34:44.615,0.74595,0.74615,14.00,4.00
2008.01.23 14:34:44.833,0.74595,0.74615,14.00,4.00
2008.01.23 14:34:45.100,0.74595,0.74615,14.00,4.00
2008.01.23 14:34:45.318,0.74595,0.74615,14.00,4.00
2008.01.23 14:34:45.556,0.74595,0.74615,14.00,4.00
2008.01.23 14:34:47.093,0.74595,0.74615,14.00,4.00
2008.01.23 14:34:47.538,0.74595,0.74625,31.60,34.70
2008.01.23 14:34:48.512,0.74595,0.74625,31.60,34.70
2008.01.23 14:34:48.972,0.74595,0.74625,31.60,34.70
2008.01.23 14:34:49.347,0.74595,0.74625,31.60,30.70
2008.01.23 14:34:49.609,0.74595,0.74625,31.60,30.70
2008.01.23 14:34:49.994,0.74595,0.74625,31.60,30.70
2008.01.23 14:34:50.291,0.74595,0.74625,31.60,30.70
2008.01.23 14:34:50.996,0.74595,0.74625,31.60,30.70
2008.01.23 14:34:51.232,0.74595,0.74625,31.60,30.70
2008.01.23 14:34:51.672,0.74595,0.74625,31.60,30.70
2008.01.23 14:34:51.910,0.74595,0.74625,31.60,30.70
2008.01.23 14:34:52.150,0.746,0.74625,0.30,30.40
2008.01.23 14:34:52.578,0.746,0.74625,0.30,26.40
2008.01.23 14:34:53.017,0.74605,0.74625,4.00,30.40
2008.01.23 14:34:53.270,0.74605,0.74625,4.00,30.40
2008.01.23 14:34:53.525,0.746,0.74625,0.30,30.40
2008.01.23 14:34:53.918,0.74595,0.74625,31.60,30.70
2008.01.23 14:34:54.144,0.74595,0.74625,31.60,30.70
2008.01.23 14:34:54.373,0.74595,0.74625,31.60,30.70
2008.01.23 14:34:54.793,0.74595,0.74625,31.60,30.70
2008.01.23 14:34:56.372,0.74595,0.74625,31.60,30.70
2008.01.23 14:34:56.742,0.74595,0.74625,31.60,30.70
2008.01.23 14:34:57.120,0.74595,0.74625,31.60,30.70
2008.01.23 14:34:57.578,0.74595,0.74625,31.60,30.70
2008.01.23 14:34:58.037,0.74595,0.74625,31.60,30.70
2008.01.23 14:34:58.557,0.74595,0.7462,26.00,8.00
2008.01.23 14:34:59.073,0.74595,0.74615,14.00,2.40
2008.01.23 14:34:59.096,0.74595,0.74615,14.00,2.40
2008.01.23 14:34:59.467,0.74595,0.74615,14.00,2.40
2008.01.23 14:34:59.845,0.74595,0.74615,14.00,2.40
2008.01.23 14:35:00.028,0.74595,0.74615,12.10,10.40
2008.01.23 14:35:00.304,0.74595,0.74615,11.30,22.40
2008.01.23 14:35:00.745,0.74595,0.74615,11.60,26.40
2008.01.23 14:35:00.988,0.74595,0.74615,9.90,26.40
2008.01.23 14:35:01.437,0.74595,0.74615,9.90,26.40
2008.01.23 14:35:01.715,0.74595,0.7462,29.10,1.60
2008.01.23 14:35:02.177,0.74595,0.7462,23.50,9.60
2008.01.23 14:35:02.365,0.74595,0.7462,12.40,9.60
2008.01.23 14:35:02.593,0.74605,0.74625,0.30,24.80
2008.01.23 14:35:02.780,0.74605,0.74625,10.60,6.40
2008.01.23 14:35:02.996,0.74605,0.74625,10.60,8.80
2008.01.23 14:35:03.465,0.74605,0.74625,1.60,32.80
2008.01.23 14:35:03.738,0.74605,0.74625,0.30,30.40
2008.01.23 14:35:04.013,0.746,0.74625,0.30,30.40
2008.01.23 14:35:04.437,0.746,0.74625,0.30,30.40
2008.01.23 14:35:04.872,0.746,0.74625,0.30,30.40
2008.01.23 14:35:05.366,0.746,0.74625,0.30,30.40
2008.01.23 14:35:05.861,0.746,0.74625,0.30,30.40
2008.01.23 14:35:06.089,0.74605,0.74625,0.30,30.40
2008.01.23 14:35:06.750,0.74605,0.74625,0.30,30.40
2008.01.23 14:35:07.174,0.74605,0.74625,0.30,30.40
2008.01.23 14:35:07.620,0.74605,0.74625,0.30,30.40
2008.01.23 14:35:09.015,0.74605,0.74625,4.20,20.80
2008.01.23 14:35:09.435,0.74605,0.74625,9.00,6.40
2008.01.23 14:35:09.662,0.74605,0.74625,9.00,6.40
2008.01.23 14:35:10.142,0.74605,0.74625,9.00,6.40
2008.01.23 14:35:10.590,0.74605,0.74625,9.00,6.40
2008.01.23 14:35:10.869,0.74605,0.74625,7.50,8.80
2008.01.23 14:35:12.719,0.74605,0.74625,7.50,8.80
2008.01.23 14:35:14.089,0.74605,0.74625,7.50,8.80
2008.01.23 14:35:14.328,0.74605,0.74625,7.50,8.80
2008.01.23 14:35:14.718,0.74605,0.74625,7.50,8.80
2008.01.23 14:35:14.739,0.74605,0.74625,7.50,4.80
2008.01.23 14:35:15.126,0.74605,0.74625,9.90,2.40
2008.01.23 14:35:16.218,0.74605,0.74625,11.50,2.40
2008.01.23 14:35:16.423,0.74605,0.74625,11.50,2.40
2008.01.23 14:35:16.726,0.7461,0.74635,0.30,33.80
2008.01.23 14:35:17.130,0.74615,0.7463,0.80,1.60
2008.01.23 14:35:17.526,0.74615,0.74635,6.40,32.20
2008.01.23 14:35:17.799,0.74615,0.74635,6.40,32.20
2008.01.23 14:35:18.072,0.74615,0.74635,6.40,32.20
2008.01.23 14:35:18.496,0.74615,0.74635,6.40,32.20
2008.01.23 14:35:19.350,0.74615,0.74635,6.40,32.20
2008.01.23 14:35:19.969,0.74615,0.74635,7.20,32.20
2008.01.23 14:35:20.305,0.74615,0.74635,29.10,1.80
2008.01.23 14:35:20.806,0.74615,0.74645,29.10,37.10
2008.01.23 14:35:21.008,0.7462,0.74645,0.30,32.80
2008.01.23 14:35:21.218,0.7462,0.74645,0.30,30.40
2008.01.23 14:35:21.635,0.7462,0.74645,0.30,30.40
2008.01.23 14:35:22.075,0.7462,0.74645,0.30,30.40
2008.01.23 14:35:22.318,0.7462,0.74645,0.30,30.40
2008.01.23 14:35:22.561,0.74625,0.74645,0.30,30.40
2008.01.23 14:35:22.983,0.7462,0.74645,0.30,30.40
2008.01.23 14:35:23.256,0.7462,0.74645,0.30,30.40
2008.01.23 14:35:23.528,0.7462,0.74645,0.30,30.40
2008.01.23 14:35:23.997,0.7462,0.74645,0.30,32.80
2008.01.23 14:35:24.453,0.7462,0.74645,0.30,32.80
2008.01.23 14:35:24.686,0.7462,0.74645,0.30,32.80
2008.01.23 14:35:25.532,0.7462,0.74645,0.30,30.40
2008.01.23 14:35:25.995,0.7462,0.74645,0.30,30.40
2008.01.23 14:35:26.227,0.7462,0.74645,0.30,30.40
2008.01.23 14:35:26.603,0.74625,0.74645,2.40,18.40
2008.01.23 14:35:26.800,0.74625,0.74645,6.40,10.40
2008.01.23 14:35:27.023,0.74625,0.74645,6.40,10.40
2008.01.23 14:35:27.453,0.74625,0.74645,6.40,10.40
2008.01.23 14:35:27.677,0.74625,0.74645,6.40,10.40
2008.01.23 14:35:27.900,0.74625,0.74645,6.40,10.40
2008.01.23 14:35:28.626,0.74625,0.74645,6.60,10.40
2008.01.23 14:35:28.918,0.74625,0.74645,6.60,10.40
2008.01.23 14:35:29.388,0.74625,0.74645,6.40,30.40
2008.01.23 14:35:29.601,0.74625,0.74645,6.40,30.40
2008.01.23 14:35:29.819,0.74625,0.74645,6.40,30.40
2008.01.23 14:35:30.029,0.74625,0.74645,6.40,32.20
2008.01.23 14:35:30.250,0.74625,0.74645,6.40,32.20
2008.01.23 14:35:30.716,0.74625,0.74645,6.40,32.20
2008.01.23 14:35:31.177,0.74625,0.74645,6.40,32.20
2008.01.23 14:35:31.641,0.74625,0.74645,6.40,32.20
2008.01.23 14:35:32.646,0.74625,0.74645,6.40,32.20
2008.01.23 14:35:35.005,0.74625,0.74645,6.40,32.20
2008.01.23 14:35:35.316,0.74625,0.74645,9.90,16.20
2008.01.23 14:35:35.427,0.74625,0.74645,11.50,16.20
2008.01.23 14:35:35.655,0.7463,0.74645,0.30,4.20
2008.01.23 14:35:35.960,0.74635,0.74655,2.40,32.20
2008.01.23 14:35:36.071,0.74635,0.74655,2.40,32.20
2008.01.23 14:35:36.406,0.74635,0.74655,2.40,30.40
2008.01.23 14:35:36.833,0.74635,0.74655,2.40,30.40
2008.01.23 14:35:37.364,0.74635,0.74655,2.40,30.40
2008.01.23 14:35:37.788,0.74635,0.74655,2.40,30.40
2008.01.23 14:35:38.205,0.74635,0.74655,2.40,30.40
2008.01.23 14:35:38.651,0.74635,0.74655,2.40,30.40
2008.01.23 14:35:39.127,0.74635,0.74655,2.40,30.40
2008.01.23 14:35:39.199,0.74635,0.74655,1.00,30.40
2008.01.23 14:35:39.584,0.74635,0.74655,5.60,26.40
2008.01.23 14:35:39.672,0.74635,0.74655,5.60,26.40
2008.01.23 14:35:40.094,0.7464,0.74655,0.30,24.80
2008.01.23 14:35:40.567,0.74635,0.74655,9.90,22.40
2008.01.23 14:35:40.775,0.74635,0.74655,3.50,24.80
2008.01.23 14:35:40.990,0.74635,0.74655,3.50,24.80
2008.01.23 14:35:41.394,0.74635,0.74655,3.50,30.40
2008.01.23 14:35:41.631,0.74635,0.74655,3.20,30.40
2008.01.23 14:35:41.869,0.74635,0.74655,3.20,30.40
2008.01.23 14:35:42.414,0.74635,0.74655,3.20,30.40
2008.01.23 14:35:42.748,0.74635,0.74655,3.20,30.40
2008.01.23 14:35:43.034,0.74635,0.74655,3.20,30.40
2008.01.23 14:35:43.322,0.74635,0.74655,3.20,28.80
2008.01.23 14:35:43.733,0.7463,0.74655,1.80,28.80
2008.01.23 14:35:43.952,0.7463,0.74655,1.80,28.80
2008.01.23 14:35:44.177,0.7463,0.74655,1.60,29.90
2008.01.23 14:35:44.597,0.74625,0.7465,13.20,8.00
2008.01.23 14:35:44.855,0.74625,0.74645,12.30,2.40
2008.01.23 14:35:45.113,0.7463,0.74645,0.30,2.40
2008.01.23 14:35:45.548,0.7463,0.74655,0.30,34.60
2008.01.23 14:35:45.996,0.7463,0.74655,0.30,34.40
2008.01.23 14:35:46.437,0.7463,0.74655,0.30,32.20
2008.01.23 14:35:46.681,0.74635,0.74655,2.40,30.40
2008.01.23 14:35:46.924,0.7463,0.74655,0.30,30.40
2008.01.23 14:35:47.331,0.7463,0.74655,0.30,31.20
2008.01.23 14:35:47.544,0.7463,0.74655,0.30,31.20
2008.01.23 14:35:47.769,0.7463,0.74655,0.30,31.20
2008.01.23 14:35:47.980,0.74625,0.74655,29.10,31.50
2008.01.23 14:35:48.289,0.74635,0.74655,0.80,31.20
2008.01.23 14:35:48.707,0.74635,0.74655,4.00,31.20
2008.01.23 14:35:49.210,0.74635,0.74655,4.00,31.20
2008.01.23 14:35:49.640,0.74635,0.74655,4.00,30.40
2008.01.23 14:35:49.858,0.74635,0.74655,4.00,30.40
2008.01.23 14:35:50.079,0.74635,0.74655,4.00,30.40
2008.01.23 14:35:50.531,0.74635,0.74655,4.00,30.40
2008.01.23 14:35:50.987,0.74635,0.74655,4.00,30.70
2008.01.23 14:35:51.241,0.74635,0.74655,2.40,30.40
2008.01.23 14:35:51.494,0.74635,0.74655,2.40,30.40
2008.01.23 14:35:51.927,0.74635,0.74655,2.40,30.40
2008.01.23 14:35:52.180,0.74635,0.74655,2.40,30.40
2008.01.23 14:35:52.432,0.74635,0.74655,2.40,30.40
2008.01.23 14:35:52.824,0.74635,0.74655,2.40,30.40
2008.01.23 14:35:53.244,0.74635,0.74655,2.40,30.40
2008.01.23 14:35:53.657,0.74635,0.74655,2.40,30.40
2008.01.23 14:35:53.958,0.74635,0.74655,2.40,30.40
2008.01.23 14:35:54.361,0.74635,0.74655,2.40,30.40
2008.01.23 14:35:54.682,0.74635,0.74655,2.40,30.70
2008.01.23 14:35:55.117,0.74625,0.74655,28.30,33.10
2008.01.23 14:35:55.356,0.74625,0.74655,29.10,32.30
2008.01.23 14:35:55.595,0.74625,0.74655,29.10,32.30
2008.01.23 14:35:55.996,0.74625,0.74655,27.40,30.70
2008.01.23 14:35:56.849,0.74635,0.74655,2.40,30.70
2008.01.23 14:35:57.310,0.74635,0.74655,2.40,30.70
2008.01.23 14:35:57.579,0.74635,0.74655,2.40,30.40
2008.01.23 14:35:57.935,0.74635,0.74655,2.40,30.40
2008.01.23 14:35:59.386,0.74635,0.74655,2.40,30.40
2008.01.23 14:36:01.426,0.7463,0.74655,0.30,30.40
2008.01.23 14:36:01.831,0.74625,0.74655,25.80,30.60
2008.01.23 14:36:02.235,0.74625,0.74655,25.80,30.60
2008.01.23 14:36:02.733,0.74625,0.74655,25.80,30.60
2008.01.23 14:36:03.770,0.74625,0.74655,25.80,30.60
2008.01.23 14:36:04.245,0.74625,0.74655,27.40,30.60
2008.01.23 14:36:04.650,0.74635,0.74655,2.40,30.30
2008.01.23 14:36:04.858,0.74625,0.74655,28.20,30.60
2008.01.23 14:36:05.072,0.74625,0.74655,28.30,32.20
2008.01.23 14:36:05.520,0.74625,0.74655,26.60,32.20
2008.01.23 14:36:05.767,0.74625,0.74655,28.20,32.20
2008.01.23 14:36:06.015,0.74625,0.74655,28.20,32.20
2008.01.23 14:36:06.433,0.74625,0.74655,28.20,30.60
2008.01.23 14:36:06.710,0.7463,0.74655,0.30,30.30
2008.01.23 14:36:06.988,0.7463,0.74655,0.30,30.30
2008.01.23 14:36:07.401,0.7463,0.74655,0.30,30.30
2008.01.23 14:36:07.534,0.74625,0.74655,29.90,30.30
2008.01.23 14:36:07.828,0.74625,0.74655,30.70,30.30
2008.01.23 14:36:08.235,0.7463,0.74655,2.70,30.30
2008.01.23 14:36:08.726,0.74635,0.74655,0.60,30.40
2008.01.23 14:36:08.999,0.7463,0.74655,2.70,30.40
2008.01.23 14:36:09.271,0.7463,0.74655,2.70,30.40
2008.01.23 14:36:09.700,0.74635,0.74655,1.10,30.40
2008.01.23 14:36:09.945,0.74635,0.74655,1.50,30.40
2008.01.23 14:36:10.239,0.7463,0.74655,6.60,4.80
2008.01.23 14:36:10.676,0.7463,0.74655,6.60,4.80
2008.01.23 14:36:10.903,0.7463,0.74655,4.20,28.80
2008.01.23 14:36:11.148,0.7463,0.74655,4.20,28.80
2008.01.23 14:36:11.598,0.74635,0.74655,1.50,16.80
2008.01.23 14:36:11.846,0.7463,0.74655,6.60,4.80
2008.01.23 14:36:12.095,0.74635,0.74655,0.50,4.80
2008.01.23 14:36:12.532,0.74635,0.74655,0.60,28.80
2008.01.23 14:36:12.780,0.7463,0.74655,6.60,4.80
2008.01.23 14:36:13.053,0.74635,0.74655,1.00,4.80
2008.01.23 14:36:13.476,0.74625,0.74655,49.10,30.40
2008.01.23 14:36:13.748,0.7463,0.74655,1.60,6.40
2008.01.23 14:36:14.022,0.74625,0.74655,29.00,6.40
2008.01.23 14:36:14.485,0.74625,0.74655,29.00,6.40
2008.01.23 14:36:15.047,0.7463,0.74655,0.60,6.40
2008.01.23 14:36:15.595,0.74625,0.74655,31.40,4.80
2008.01.23 14:36:15.928,0.74635,0.74655,3.70,4.80
2008.01.23 14:36:16.145,0.7463,0.74655,13.90,4.80
2008.01.23 14:36:17.338,0.74635,0.74655,0.90,4.80
2008.01.23 14:36:17.575,0.7463,0.74655,14.70,4.80
2008.01.23 14:36:17.838,0.7463,0.74655,17.10,2.40
2008.01.23 14:36:18.269,0.7463,0.74655,14.70,4.80
2008.01.23 14:36:18.707,0.7463,0.74655,14.70,4.80
2008.01.23 14:36:19.222,0.7463,0.74655,17.90,2.40
2008.01.23 14:36:19.612,0.74635,0.74655,4.10,2.40
2008.01.23 14:36:20.065,0.7463,0.74655,17.90,2.40
2008.01.23 14:36:20.322,0.7463,0.74655,17.90,2.40
2008.01.23 14:36:20.580,0.74635,0.74655,6.40,2.40
2008.01.23 14:36:21.622,0.7463,0.74655,17.90,2.40
2008.01.23 14:36:21.903,0.74635,0.74665,29.90,32.20
2008.01.23 14:36:22.364,0.7463,0.74665,37.90,30.70
2008.01.23 14:36:22.633,0.74635,0.74665,4.00,34.70
2008.01.23 14:36:22.857,0.7463,0.74665,37.90,30.70
2008.01.23 14:36:23.261,0.74635,0.74665,15.20,30.70
2008.01.23 14:36:23.473,0.7463,0.74665,37.90,30.70
2008.01.23 14:36:23.702,0.74645,0.74665,2.30,30.40
2008.01.23 14:36:24.161,0.7464,0.74665,4.30,30.40
2008.01.23 14:36:24.615,0.74645,0.74665,0.50,4.00
2008.01.23 14:36:25.076,0.7464,0.74665,2.70,30.40
2008.01.23 14:36:25.582,0.74645,0.74665,0.80,30.40
2008.01.23 14:36:25.890,0.7464,0.74665,2.70,30.40
2008.01.23 14:36:26.126,0.7464,0.74665,2.70,30.40
2008.01.23 14:36:26.516,0.74645,0.74665,24.30,14.40
2008.01.23 14:36:26.911,0.7464,0.74665,26.70,4.00
2008.01.23 14:36:27.125,0.74645,0.7467,10.70,8.00
2008.01.23 14:36:27.341,0.7465,0.74675,4.30,22.60
2008.01.23 14:36:27.754,0.74655,0.74675,0.90,10.60
2008.01.23 14:36:27.775,0.74645,0.74675,46.70,30.40
2008.01.23 14:36:28.212,0.7465,0.74675,0.30,30.40
2008.01.23 14:36:28.651,0.74645,0.74675,30.70,30.40
2008.01.23 14:36:28.894,0.7465,0.7468,0.70,9.90
2008.01.23 14:36:29.203,0.74655,0.7468,1.50,9.60
2008.01.23 14:36:29.625,0.74655,0.74675,1.10,4.00
2008.01.23 14:36:30.140,0.7465,0.74675,0.50,10.40
2008.01.23 14:36:30.550,0.74655,0.7468,1.10,9.60
2008.01.23 14:36:30.768,0.74645,0.74675,49.10,28.00
2008.01.23 14:36:30.989,0.74645,0.74675,45.10,28.00
2008.01.23 14:36:31.386,0.74645,0.74675,45.10,30.40
2008.01.23 14:36:31.800,0.7465,0.74675,0.30,30.40
2008.01.23 14:36:32.198,0.74655,0.74675,0.60,10.40
2008.01.23 14:36:32.290,0.7465,0.74675,6.60,10.40
2008.01.23 14:36:32.715,0.7465,0.74675,6.60,22.40
2008.01.23 14:36:33.196,0.74645,0.74675,53.10,30.40
2008.01.23 14:36:33.610,0.7465,0.74675,2.70,32.20
2008.01.23 14:36:33.642,0.7465,0.74675,2.70,32.20
2008.01.23 14:36:34.046,0.7465,0.74675,4.30,32.20
2008.01.23 14:36:34.463,0.74645,0.74675,33.10,32.20
2008.01.23 14:36:34.534,0.74645,0.74675,33.10,32.20
2008.01.23 14:36:34.958,0.74645,0.7467,31.50,1.60
2008.01.23 14:36:35.419,0.7464,0.74675,22.70,32.50
2008.01.23 14:36:35.631,0.74645,0.7467,2.50,8.00
2008.01.23 14:36:35.859,0.7464,0.7467,13.00,8.00
2008.01.23 14:36:36.281,0.74645,0.74665,0.60,2.40
2008.01.23 14:36:36.684,0.7464,0.74665,13.00,6.40
2008.01.23 14:36:37.163,0.74645,0.74665,11.40,6.40
2008.01.23 14:36:37.442,0.74645,0.74665,12.30,6.40
2008.01.23 14:36:37.720,0.74645,0.74665,13.10,6.40
2008.01.23 14:36:38.092,0.74645,0.74665,13.10,6.40
2008.01.23 14:36:38.530,0.74645,0.74665,12.00,6.40
2008.01.23 14:36:38.943,0.74645,0.74665,11.40,6.40
2008.01.23 14:36:39.236,0.74645,0.74665,12.00,6.40
2008.01.23 14:36:39.529,0.74645,0.74665,12.00,6.40
2008.01.23 14:36:39.950,0.74645,0.74665,10.40,6.40
2008.01.23 14:36:40.407,0.74645,0.74665,10.40,6.40
2008.01.23 14:36:40.903,0.74645,0.74665,10.60,6.40
2008.01.23 14:36:42.140,0.74645,0.74665,10.60,6.40
2008.01.23 14:36:42.629,0.74645,0.74665,13.00,6.40
2008.01.23 14:36:42.724,0.74645,0.74665,14.70,2.40
2008.01.23 14:36:43.142,0.74645,0.74665,14.70,2.40
2008.01.23 14:36:43.591,0.74645,0.74665,15.50,2.40
2008.01.23 14:36:44.037,0.74645,0.74665,15.50,2.40
2008.01.23 14:36:44.238,0.74645,0.74665,15.50,2.40
2008.01.23 14:36:44.462,0.74645,0.74665,14.70,2.40
2008.01.23 14:36:44.856,0.7465,0.74665,0.30,2.40
2008.01.23 14:36:45.257,0.7465,0.74675,0.30,32.20
2008.01.23 14:36:45.372,0.74645,0.74665,18.70,2.40
2008.01.23 14:36:45.803,0.7465,0.7467,0.30,8.00
2008.01.23 14:36:46.315,0.74645,0.7467,9.00,9.60
2008.01.23 14:36:46.708,0.74645,0.74665,10.60,6.40
2008.01.23 14:36:47.145,0.74645,0.74665,9.00,6.40
2008.01.23 14:36:47.703,0.74645,0.74665,9.00,6.40
2008.01.23 14:36:48.602,0.74645,0.74665,9.00,6.40
2008.01.23 14:36:49.116,0.74645,0.74665,9.00,6.40
2008.01.23 14:36:49.512,0.74645,0.74665,9.00,6.40
2008.01.23 14:36:50.328,0.74645,0.74665,10.60,6.40
2008.01.23 14:36:50.536,0.74645,0.74665,10.60,6.40
2008.01.23 14:36:50.797,0.74645,0.74665,9.00,6.40
2008.01.23 14:36:51.677,0.74645,0.74665,10.60,6.40
2008.01.23 14:36:51.932,0.74645,0.74665,9.00,6.40
2008.01.23 14:36:52.690,0.74645,0.74665,9.00,6.40
2008.01.23 14:36:53.689,0.74645,0.7467,9.00,16.00
2008.01.23 14:36:54.219,0.74645,0.74665,10.60,0.90
2008.01.23 14:36:54.608,0.74645,0.7467,10.60,14.40
2008.01.23 14:36:54.968,0.74645,0.74665,9.00,0.80
2008.01.23 14:36:55.439,0.74645,0.74665,9.00,0.70
2008.01.23 14:36:55.876,0.74645,0.7467,9.00,28.00
2008.01.23 14:36:56.083,0.74645,0.74665,8.80,0.50
2008.01.23 14:36:56.294,0.74645,0.74665,8.80,0.70
2008.01.23 14:36:56.695,0.74645,0.7467,6.60,18.40
2008.01.23 14:36:56.903,0.74645,0.7467,6.60,18.40
2008.01.23 14:36:57.714,0.74645,0.7467,6.60,18.40
2008.01.23 14:36:59.479,0.74645,0.7467,6.60,18.40
2008.01.23 14:37:02.905,0.74645,0.74665,9.00,0.90
2008.01.23 14:37:02.943,0.74645,0.7467,9.00,16.00
2008.01.23 14:37:04.363,0.74645,0.7467,6.60,18.40
2008.01.23 14:37:04.647,0.74645,0.7467,6.60,18.40
2008.01.23 14:37:05.339,0.74645,0.74665,9.00,0.60
2008.01.23 14:37:05.567,0.74645,0.74665,6.60,0.70
2008.01.23 14:37:06.389,0.74645,0.74665,6.60,0.50
2008.01.23 14:37:06.680,0.74645,0.74665,9.00,0.80
2008.01.23 14:37:07.118,0.74645,0.74665,6.60,0.50
2008.01.23 14:37:07.745,0.74645,0.74665,6.60,0.70
2008.01.23 14:37:08.017,0.74645,0.7467,6.60,18.40
2008.01.23 14:37:08.486,0.74645,0.7467,9.00,16.00
2008.01.23 14:37:08.753,0.74645,0.7467,9.00,16.00
2008.01.23 14:37:09.001,0.74645,0.7467,9.00,16.00
2008.01.23 14:37:09.420,0.74645,0.7467,6.60,18.40
2008.01.23 14:37:11.272,0.74645,0.7467,9.00,28.00
2008.01.23 14:37:11.515,0.74645,0.7467,8.80,29.10
2008.01.23 14:37:11.761,0.74645,0.7467,4.80,29.10
2008.01.23 14:37:12.211,0.74645,0.7467,4.80,29.10
2008.01.23 14:37:12.444,0.74635,0.74665,31.20,36.30
2008.01.23 14:37:12.677,0.7464,0.7467,0.30,37.10
2008.01.23 14:37:13.100,0.74645,0.7467,2.40,31.50
2008.01.23 14:37:13.523,0.74645,0.7467,2.40,31.50
2008.01.23 14:37:13.621,0.74645,0.74665,2.40,0.60
2008.01.23 14:37:14.037,0.74635,0.7466,30.40,0.30
2008.01.23 14:37:14.516,0.74635,0.74665,30.40,36.30
2008.01.23 14:37:14.927,0.7464,0.7467,0.30,33.10
2008.01.23 14:37:15.130,0.74645,0.7467,2.40,31.50
2008.01.23 14:37:15.339,0.74645,0.74665,2.40,30.70
2008.01.23 14:37:15.742,0.74635,0.7466,28.80,0.30
2008.01.23 14:37:16.067,0.7464,0.7467,0.30,32.30
2008.01.23 14:37:16.389,0.7464,0.74665,0.30,0.60
2008.01.23 14:37:16.811,0.7464,0.74665,0.30,0.90
2008.01.23 14:37:17.004,0.7464,0.7467,0.30,31.50
2008.01.23 14:37:17.625,0.7464,0.7467,0.30,31.50
2008.01.23 14:37:17.882,0.74635,0.74655,17.90,0.50
2008.01.23 14:37:18.139,0.74635,0.7466,13.90,10.40
2008.01.23 14:37:18.558,0.74635,0.7466,13.90,10.40
2008.01.23 14:37:19.008,0.74635,0.7466,13.90,10.40
2008.01.23 14:37:19.078,0.74635,0.74655,13.90,0.90
2008.01.23 14:37:19.495,0.74635,0.7466,13.90,10.40
2008.01.23 14:37:19.957,0.74635,0.74655,13.90,0.50
2008.01.23 14:37:20.220,0.74635,0.74655,13.90,0.50
2008.01.23 14:37:20.463,0.74635,0.74655,13.90,0.60
2008.01.23 14:37:20.898,0.74635,0.7466,13.90,10.40
2008.01.23 14:37:21.338,0.74635,0.7466,13.90,10.40
2008.01.23 14:37:21.791,0.74635,0.74655,13.90,0.60
2008.01.23 14:37:21.854,0.7464,0.7467,0.30,42.50
2008.01.23 14:37:22.271,0.7464,0.74665,0.30,30.40
2008.01.23 14:37:22.479,0.7464,0.74665,0.30,30.40
2008.01.23 14:37:22.758,0.7464,0.74665,0.30,30.40
2008.01.23 14:37:23.115,0.7464,0.74665,0.30,30.40
2008.01.23 14:37:23.321,0.7464,0.74665,1.80,28.80
2008.01.23 14:37:24.160,0.7464,0.74665,0.30,30.40
2008.01.23 14:37:24.512,0.7464,0.74665,0.30,30.40
2008.01.23 14:37:24.669,0.7464,0.74665,0.30,30.40
2008.01.23 14:37:24.890,0.7464,0.74665,0.30,30.40
2008.01.23 14:37:25.233,0.7464,0.74665,0.30,30.40
2008.01.23 14:37:25.370,0.7464,0.74665,0.30,30.40
2008.01.23 14:37:25.589,0.7464,0.74665,0.30,30.40
2008.01.23 14:37:26.124,0.7464,0.74665,0.30,30.40
2008.01.23 14:37:26.654,0.7464,0.74665,0.30,30.40
2008.01.23 14:37:27.682,0.74645,0.74665,0.30,30.40
2008.01.23 14:37:28.007,0.74645,0.74665,12.20,6.40
2008.01.23 14:37:28.481,0.74645,0.74665,13.90,6.40
2008.01.23 14:37:28.574,0.74645,0.74665,13.90,6.40
2008.01.23 14:37:29.002,0.74645,0.74665,1.60,30.40
2008.01.23 14:37:29.241,0.7464,0.74665,0.30,30.40
2008.01.23 14:37:29.539,0.7464,0.74665,0.30,30.40
2008.01.23 14:37:29.904,0.7464,0.74665,0.30,30.40
2008.01.23 14:37:30.160,0.7464,0.74665,0.30,30.40
2008.01.23 14:37:30.420,0.7464,0.74665,0.30,30.40
2008.01.23 14:37:30.873,0.7464,0.74665,0.30,22.40
2008.01.23 14:37:31.910,0.7464,0.74665,0.30,22.40
2008.01.23 14:37:32.092,0.74645,0.74665,6.60,10.40
2008.01.23 14:37:32.312,0.74645,0.74665,6.40,10.40
2008.01.23 14:37:32.496,0.74645,0.74665,6.40,22.40
2008.01.23 14:37:32.724,0.74645,0.74665,6.40,22.40
2008.01.23 14:37:33.106,0.74645,0.74665,2.60,10.40
2008.01.23 14:37:33.392,0.74645,0.74665,0.80,10.40
2008.01.23 14:37:33.605,0.74635,0.74665,37.00,10.40
2008.01.23 14:37:33.906,0.74645,0.74665,2.40,10.40
2008.01.23 14:37:34.209,0.74635,0.74665,37.00,10.40
2008.01.23 14:37:34.558,0.7463,0.7466,42.20,0.30
2008.01.23 14:37:34.972,0.7464,0.74665,1.90,25.60
2008.01.23 14:37:35.190,0.74645,0.74665,3.50,10.40
2008.01.23 14:37:35.410,0.74645,0.74665,1.70,10.40
2008.01.23 14:37:35.927,0.74635,0.74665,45.00,10.40
2008.01.23 14:37:36.229,0.74635,0.74665,45.00,10.40
2008.01.23 14:37:36.439,0.74635,0.74665,45.80,10.40
2008.01.23 14:37:36.841,0.7464,0.74665,11.50,8.80
2008.01.23 14:37:37.042,0.7464,0.74665,11.50,8.80
2008.01.23 14:37:37.284,0.74645,0.74665,5.80,6.40
2008.01.23 14:37:37.731,0.74645,0.74665,5.70,6.40
2008.01.23 14:37:38.240,0.74645,0.74665,1.90,6.40
2008.01.23 14:37:38.668,0.7464,0.74665,9.90,8.80
2008.01.23 14:37:38.951,0.7464,0.74665,8.20,8.80
2008.01.23 14:37:39.234,0.74635,0.74665,45.00,10.40
2008.01.23 14:37:39.675,0.74645,0.74665,1.30,1.60
2008.01.23 14:37:40.086,0.74645,0.74675,21.90,25.80
2008.01.23 14:37:40.500,0.74645,0.74675,27.50,24.00
2008.01.23 14:37:40.958,0.7465,0.74675,2.70,13.00
2008.01.23 14:37:41.215,0.7465,0.74675,2.70,11.20
2008.01.23 14:37:41.569,0.7465,0.74675,2.70,11.20
2008.01.23 14:37:41.895,0.7465,0.74675,2.70,11.60
2008.01.23 14:37:42.336,0.7465,0.74675,0.30,25.60
2008.01.23 14:37:42.590,0.74645,0.74675,35.50,25.60
2008.01.23 14:37:42.819,0.7465,0.74675,0.30,25.60
2008.01.23 14:37:43.238,0.74645,0.74675,45.80,22.40
2008.01.23 14:37:43.656,0.74645,0.74675,53.80,10.40
2008.01.23 14:37:43.897,0.7465,0.74675,2.70,24.80
2008.01.23 14:37:44.135,0.74655,0.74675,1.50,25.60
2008.01.23 14:37:44.549,0.7465,0.74675,2.70,25.60
2008.01.23 14:37:44.787,0.7465,0.74675,0.30,27.40
2008.01.23 14:37:45.075,0.7465,0.74675,0.30,31.40
2008.01.23 14:37:45.494,0.7465,0.74675,0.30,24.00
2008.01.23 14:37:45.975,0.74645,0.74675,6.00,24.30
2008.01.23 14:37:46.201,0.74635,0.74675,65.20,26.70
2008.01.23 14:37:46.429,0.74635,0.74675,65.20,26.70
2008.01.23 14:37:47.304,0.74645,0.74675,22.70,26.40
2008.01.23 14:37:47.318,0.7465,0.74675,0.30,24.80
2008.01.23 14:37:47.734,0.7465,0.74675,0.30,24.80
2008.01.23 14:37:47.953,0.74635,0.74675,64.20,29.10
2008.01.23 14:37:48.247,0.7465,0.74675,0.30,28.80
2008.01.23 14:37:48.662,0.74645,0.74675,22.70,26.40
2008.01.23 14:37:49.153,0.7465,0.74675,0.30,24.80
2008.01.23 14:37:49.340,0.7464,0.74675,20.20,22.70
2008.01.23 14:37:49.560,0.7464,0.7467,18.60,1.60
2008.01.23 14:37:49.940,0.74645,0.7467,3.30,1.60
2008.01.23 14:37:50.344,0.74645,0.7467,2.50,1.60
2008.01.23 14:37:51.108,0.7464,0.7467,14.60,9.60
2008.01.23 14:37:51.500,0.7464,0.7467,14.60,9.60
2008.01.23 14:37:52.295,0.7464,0.7467,14.60,9.60
2008.01.23 14:37:52.509,0.74645,0.74665,2.90,6.40
2008.01.23 14:37:52.789,0.7464,0.74665,14.60,6.40
2008.01.23 14:37:53.275,0.74645,0.74665,4.90,6.40
2008.01.23 14:37:53.840,0.7464,0.74665,14.60,6.40
2008.01.23 14:37:54.573,0.7464,0.74665,14.60,6.40
2008.01.23 14:37:54.799,0.74645,0.74665,1.70,6.40
2008.01.23 14:37:55.021,0.7464,0.74665,14.60,4.00
2008.01.23 14:37:55.248,0.7464,0.74665,14.60,4.00
2008.01.23 14:37:55.667,0.7464,0.74665,14.60,4.00
2008.01.23 14:37:55.697,0.7464,0.74665,14.60,6.40
2008.01.23 14:37:56.161,0.74645,0.74665,3.80,6.40
2008.01.23 14:37:56.626,0.74645,0.74665,5.30,6.40
2008.01.23 14:37:57.265,0.7464,0.74665,14.60,6.40
2008.01.23 14:37:57.698,0.7464,0.74665,14.60,6.40
2008.01.23 14:37:58.066,0.7464,0.74665,17.80,6.40
2008.01.23 14:37:58.492,0.74645,0.74665,2.90,6.40
2008.01.23 14:37:59.587,0.7464,0.74665,19.50,6.40
2008.01.23 14:37:59.919,0.7464,0.74665,20.30,6.40
2008.01.23 14:38:00.361,0.7464,0.74665,20.30,6.40
2008.01.23 14:38:01.364,0.74645,0.74665,2.30,6.40
2008.01.23 14:38:01.621,0.74635,0.74675,61.50,37.70
2008.01.23 14:38:01.881,0.74645,0.74675,32.30,34.60
2008.01.23 14:38:02.297,0.74645,0.74675,32.30,34.60
2008.01.23 14:38:02.536,0.74645,0.74675,32.30,34.60
2008.01.23 14:38:02.774,0.7465,0.74675,0.30,34.60
2008.01.23 14:38:03.191,0.7465,0.74675,0.30,34.60
2008.01.23 14:38:03.429,0.7465,0.74675,0.30,32.80
2008.01.23 14:38:03.667,0.7465,0.74675,0.30,32.80
2008.01.23 14:38:04.090,0.7465,0.74675,0.30,34.60
2008.01.23 14:38:04.329,0.74645,0.74675,32.30,33.10
2008.01.23 14:38:04.608,0.74645,0.7467,16.30,8.00
2008.01.23 14:38:05.022,0.74645,0.7467,14.70,8.00
2008.01.23 14:38:05.519,0.74645,0.74675,30.70,37.50
2008.01.23 14:38:05.819,0.74645,0.74675,30.70,37.50
2008.01.23 14:38:06.232,0.74645,0.74675,30.70,37.50
2008.01.23 14:38:06.449,0.74645,0.74675,30.70,37.50
2008.01.23 14:38:06.693,0.7465,0.74675,0.30,37.20
2008.01.23 14:38:07.126,0.7465,0.74675,0.30,32.80
2008.01.23 14:38:07.565,0.7465,0.74675,0.30,32.80
2008.01.23 14:38:07.772,0.7465,0.74675,0.30,32.80
2008.01.23 14:38:07.987,0.7465,0.74675,0.30,32.80
2008.01.23 14:38:08.194,0.7465,0.74675,0.30,32.80
2008.01.23 14:38:08.417,0.7465,0.74675,0.30,32.80
2008.01.23 14:38:10.902,0.7465,0.74675,0.30,32.80
2008.01.23 14:38:10.919,0.7465,0.74675,0.30,32.80
2008.01.23 14:38:12.013,0.7465,0.74675,0.30,32.80
2008.01.23 14:38:13.002,0.7465,0.74675,0.30,32.80
2008.01.23 14:38:13.435,0.7465,0.74675,5.80,3.20
2008.01.23 14:38:13.828,0.7465,0.74675,5.80,0.80
2008.01.23 14:38:14.072,0.7465,0.74675,1.80,24.80
2008.01.23 14:38:14.315,0.7465,0.74675,1.80,12.80
2008.01.23 14:38:14.730,0.7465,0.74675,5.80,12.80
2008.01.23 14:38:14.973,0.7465,0.74675,1.80,20.80
2008.01.23 14:38:15.252,0.7465,0.74675,1.80,10.40
2008.01.23 14:38:15.677,0.7465,0.74675,5.80,2.40
2008.01.23 14:38:16.150,0.7465,0.74675,1.80,24.80
2008.01.23 14:38:16.558,0.7465,0.74675,1.80,24.80
2008.01.23 14:38:17.011,0.7465,0.74675,1.80,24.80
2008.01.23 14:38:18.040,0.7465,0.74675,1.80,24.80
2008.01.23 14:38:19.049,0.7465,0.74675,1.80,24.00
2008.01.23 14:38:19.286,0.7465,0.74675,1.80,24.00
2008.01.23 14:38:19.620,0.7465,0.74675,1.80,24.00
2008.01.23 14:38:19.949,0.7465,0.74675,0.30,25.60
2008.01.23 14:38:20.157,0.7465,0.74675,0.30,30.40
2008.01.23 14:38:20.366,0.7465,0.74675,0.30,30.40
2008.01.23 14:38:20.758,0.7465,0.74675,0.30,30.40
2008.01.23 14:38:22.177,0.7465,0.74675,0.30,30.40
2008.01.23 14:38:22.863,0.7465,0.74675,0.30,30.40
2008.01.23 14:38:23.183,0.74655,0.74675,0.30,30.40
2008.01.23 14:38:23.416,0.74655,0.74675,4.20,10.40
2008.01.23 14:38:23.650,0.74655,0.74675,4.20,10.40
2008.01.23 14:38:24.084,0.7465,0.74675,0.30,30.40
2008.01.23 14:38:24.322,0.7465,0.74675,0.30,30.40
2008.01.23 14:38:24.561,0.7465,0.74675,0.30,30.40
2008.01.23 14:38:24.981,0.7465,0.74675,0.30,30.40
2008.01.23 14:38:25.485,0.7465,0.74675,0.30,31.20
2008.01.23 14:38:26.004,0.7465,0.74675,0.30,32.20
2008.01.23 14:38:26.427,0.7465,0.74675,0.30,32.20
2008.01.23 14:38:26.855,0.7465,0.74675,0.30,32.20
2008.01.23 14:38:27.261,0.7465,0.74675,0.30,32.20
2008.01.23 14:38:27.473,0.7465,0.74675,0.30,32.20
2008.01.23 14:38:27.875,0.7465,0.74675,0.30,32.20
2008.01.23 14:38:28.112,0.7465,0.74675,0.30,32.20
2008.01.23 14:38:28.283,0.7465,0.7468,0.30,32.50
2008.01.23 14:38:28.396,0.7465,0.7468,0.30,32.50
2008.01.23 14:38:28.680,0.74655,0.7468,6.40,32.50
2008.01.23 14:38:29.102,0.7465,0.7468,1.00,33.30
2008.01.23 14:38:29.557,0.7465,0.74675,1.00,0.50
2008.01.23 14:38:30.022,0.7465,0.7467,0.80,1.90
2008.01.23 14:38:30.249,0.7465,0.7467,0.80,0.30
2008.01.23 14:38:30.486,0.7465,0.74675,0.80,38.70
2008.01.23 14:38:30.906,0.7465,0.7468,1.00,39.50
2008.01.23 14:38:31.331,0.74655,0.74675,2.40,0.80
2008.01.23 14:38:31.590,0.74655,0.7468,2.40,30.70
2008.01.23 14:38:31.849,0.74655,0.7468,2.60,31.20
2008.01.23 14:38:32.281,0.74655,0.7468,2.60,19.20
2008.01.23 14:38:32.488,0.74655,0.7468,2.60,16.80
2008.01.23 14:38:32.716,0.74655,0.7468,5.00,14.40
2008.01.23 14:38:33.121,0.74655,0.7468,5.00,14.40
2008.01.23 14:38:33.134,0.74655,0.7468,5.00,14.40
2008.01.23 14:38:33.654,0.74655,0.7468,5.00,14.40
2008.01.23 14:38:33.958,0.74655,0.7468,5.00,14.40
2008.01.23 14:38:34.261,0.74655,0.74675,5.00,0.50
2008.01.23 14:38:34.760,0.74655,0.7468,9.00,14.40
2008.01.23 14:38:35.330,0.74655,0.74675,9.00,0.50
2008.01.23 14:38:35.633,0.74655,0.7468,9.00,14.80
2008.01.23 14:38:36.080,0.7465,0.74675,1.00,0.60
2008.01.23 14:38:36.328,0.7465,0.7467,0.80,0.70
2008.01.23 14:38:36.577,0.74655,0.7468,2.40,23.90
2008.01.23 14:38:36.998,0.74655,0.7468,2.40,19.50
2008.01.23 14:38:37.265,0.74655,0.7468,2.40,19.50
2008.01.23 14:38:37.534,0.74655,0.7468,8.80,10.70
2008.01.23 14:38:37.954,0.74655,0.74675,6.40,0.80
2008.01.23 14:38:38.174,0.74655,0.7468,6.40,13.10
2008.01.23 14:38:38.398,0.74655,0.7468,6.40,13.10
2008.01.23 14:38:38.815,0.74655,0.74675,8.80,0.80
2008.01.23 14:38:39.071,0.74655,0.74675,8.80,0.80
2008.01.23 14:38:39.329,0.74655,0.74675,8.80,0.80
2008.01.23 14:38:39.589,0.7465,0.74675,2.60,0.80
2008.01.23 14:38:39.847,0.7465,0.74675,1.00,0.60
2008.01.23 14:38:40.266,0.7465,0.7468,2.60,26.70
2008.01.23 14:38:40.747,0.7465,0.74675,2.60,24.80
2008.01.23 14:38:41.232,0.7465,0.74675,2.40,0.80
2008.01.23 14:38:41.457,0.7465,0.7468,2.40,31.50
2008.01.23 14:38:41.681,0.7465,0.7468,2.40,31.50
2008.01.23 14:38:42.099,0.74655,0.7468,4.00,31.50
2008.01.23 14:38:42.479,0.74655,0.7468,4.00,31.90
2008.01.23 14:38:42.668,0.74655,0.7468,4.00,31.90
2008.01.23 14:38:42.892,0.74655,0.7468,4.00,31.90
2008.01.23 14:38:43.279,0.74655,0.74675,2.40,0.50
2008.01.23 14:38:43.746,0.74655,0.74675,2.40,0.60
2008.01.23 14:38:43.817,0.74655,0.7468,6.40,19.90
2008.01.23 14:38:44.240,0.74655,0.7468,2.40,19.90
2008.01.23 14:38:44.702,0.7465,0.74675,5.00,0.80
2008.01.23 14:38:45.157,0.7465,0.74675,1.00,0.70
2008.01.23 14:38:45.371,0.7465,0.74675,1.00,0.70
2008.01.23 14:38:45.585,0.7465,0.7468,2.60,31.50
2008.01.23 14:38:46.014,0.7465,0.7468,2.60,29.10
2008.01.23 14:38:46.223,0.7465,0.74675,2.60,0.70
2008.01.23 14:38:46.518,0.7465,0.7468,6.60,17.90
2008.01.23 14:38:46.951,0.74655,0.7468,6.40,19.50
2008.01.23 14:38:47.436,0.74655,0.7468,6.40,19.50
2008.01.23 14:38:47.841,0.74655,0.74675,4.00,0.90
2008.01.23 14:38:48.236,0.74655,0.7468,4.00,19.50
2008.01.23 14:38:48.439,0.74655,0.7468,2.40,31.50
2008.01.23 14:38:48.692,0.7465,0.74675,0.30,0.70
2008.01.23 14:38:49.113,0.74645,0.7467,14.70,0.80
2008.01.23 14:38:49.346,0.74645,0.74665,14.70,0.80
2008.01.23 14:38:49.609,0.74645,0.74665,14.70,0.90
2008.01.23 14:38:50.035,0.74645,0.74665,14.70,0.80
2008.01.23 14:38:50.300,0.74645,0.7467,14.70,14.40
2008.01.23 14:38:50.560,0.74645,0.74665,14.70,0.80
2008.01.23 14:38:50.979,0.74645,0.74665,14.70,0.80
2008.01.23 14:38:51.432,0.74645,0.7467,14.70,14.40
2008.01.23 14:38:51.496,0.74645,0.7467,14.70,14.40
2008.01.23 14:38:51.894,0.74645,0.7467,14.70,14.40
2008.01.23 14:38:52.305,0.74645,0.7468,32.30,43.30
2008.01.23 14:38:52.314,0.74645,0.74675,32.30,0.70
2008.01.23 14:38:52.523,0.74645,0.7468,30.70,41.70
2008.01.23 14:38:52.787,0.74645,0.7467,13.90,0.90
2008.01.23 14:38:53.201,0.74645,0.7467,13.90,0.90
2008.01.23 14:38:53.665,0.74645,0.7468,28.20,43.10
2008.01.23 14:38:54.120,0.74645,0.7468,14.60,44.30
2008.01.23 14:38:54.365,0.74645,0.7468,29.00,44.30
2008.01.23 14:38:54.607,0.74645,0.7468,29.00,43.10
2008.01.23 14:38:55.051,0.74645,0.7468,30.70,43.10
2008.01.23 14:38:55.535,0.74645,0.7468,30.70,43.90
2008.01.23 14:38:55.822,0.74645,0.7467,30.70,0.80
2008.01.23 14:38:56.061,0.74645,0.7467,30.70,0.80
2008.01.23 14:38:56.480,0.7465,0.7467,1.60,0.80
2008.01.23 14:38:56.697,0.7465,0.7467,1.60,0.80
2008.01.23 14:38:56.917,0.7465,0.7467,1.60,0.80
2008.01.23 14:38:57.514,0.7465,0.7467,1.60,0.80
2008.01.23 14:38:57.932,0.7465,0.7467,1.60,0.80
2008.01.23 14:38:58.207,0.74645,0.7467,30.70,0.80
2008.01.23 14:38:58.677,0.74645,0.7467,30.70,0.80
2008.01.23 14:38:59.165,0.74645,0.7467,30.70,0.80
2008.01.23 14:38:59.423,0.74645,0.7467,14.40,9.10
2008.01.23 14:38:59.682,0.74645,0.7467,14.40,9.10
2008.01.23 14:39:00.112,0.74645,0.74665,8.80,4.80
2008.01.23 14:39:00.537,0.74645,0.74665,10.40,4.80
2008.01.23 14:39:00.765,0.74645,0.74665,10.40,4.80
2008.01.23 14:39:01.949,0.74645,0.74665,10.40,4.80
2008.01.23 14:39:02.367,0.74645,0.74665,8.80,4.80
2008.01.23 14:39:02.930,0.74645,0.74665,8.80,4.80
2008.01.23 14:39:04.855,0.74645,0.74665,8.80,4.80
2008.01.23 14:39:05.408,0.74645,0.74665,10.40,4.80
2008.01.23 14:39:05.686,0.74645,0.74665,10.40,4.80
2008.01.23 14:39:06.150,0.74645,0.74665,10.40,4.80
2008.01.23 14:39:06.423,0.74645,0.74665,8.80,7.20
2008.01.23 14:39:06.695,0.74645,0.74665,6.40,7.20
2008.01.23 14:39:07.124,0.74645,0.74665,10.40,7.20
2008.01.23 14:39:07.387,0.74645,0.74665,8.80,6.40
2008.01.23 14:39:07.649,0.74645,0.74665,8.80,6.40
2008.01.23 14:39:07.912,0.74645,0.74665,8.80,6.40
2008.01.23 14:39:08.134,0.74645,0.74665,8.80,6.40
2008.01.23 14:39:08.541,0.74645,0.74665,8.80,6.40
2008.01.23 14:39:09.094,0.74645,0.74665,8.80,6.40
2008.01.23 14:39:09.438,0.74645,0.74665,9.00,6.40
2008.01.23 14:39:09.921,0.74645,0.7467,9.00,8.00
2008.01.23 14:39:10.400,0.74645,0.7467,10.60,8.00
2008.01.23 14:39:10.653,0.74645,0.7467,10.60,8.00
2008.01.23 14:39:11.332,0.74645,0.7467,10.60,8.00
2008.01.23 14:39:11.540,0.74645,0.7467,10.60,8.00
2008.01.23 14:39:12.694,0.74645,0.7467,10.60,8.00
2008.01.23 14:39:13.116,0.74645,0.7467,10.60,8.00
2008.01.23 14:39:13.364,0.74645,0.7467,10.40,9.10
2008.01.23 14:39:13.657,0.74645,0.74665,10.40,4.00
2008.01.23 14:39:13.950,0.74645,0.74665,10.40,4.00
2008.01.23 14:39:14.244,0.74645,0.74665,6.40,4.00
2008.01.23 14:39:14.448,0.74645,0.74665,6.60,4.00
2008.01.23 14:39:14.673,0.74645,0.74665,6.60,4.00
2008.01.23 14:39:15.070,0.74645,0.7467,10.60,8.80
2008.01.23 14:39:15.273,0.74645,0.74665,6.40,4.00
2008.01.23 14:39:15.541,0.74645,0.7467,10.60,8.80
2008.01.23 14:39:16.020,0.74645,0.7467,10.40,9.10
2008.01.23 14:39:16.288,0.74645,0.74665,6.40,4.00
2008.01.23 14:39:16.559,0.74645,0.74665,6.40,4.80
2008.01.23 14:39:17.183,0.74645,0.74665,6.40,4.80
2008.01.23 14:39:17.387,0.74645,0.74665,6.40,4.80
2008.01.23 14:39:17.608,0.74645,0.74665,6.40,4.80
2008.01.23 14:39:18.011,0.74645,0.74665,6.40,4.00
2008.01.23 14:39:18.036,0.74645,0.74665,6.40,4.00
2008.01.23 14:39:18.434,0.74645,0.74665,4.80,4.80
2008.01.23 14:39:18.727,0.74645,0.74665,4.80,4.80
2008.01.23 14:39:19.233,0.74645,0.74665,4.80,4.80
2008.01.23 14:39:19.526,0.74645,0.74665,6.40,4.80
2008.01.23 14:39:20.992,0.74645,0.74665,4.80,4.80
2008.01.23 14:39:21.498,0.74645,0.74665,6.40,4.80
2008.01.23 14:39:21.927,0.74645,0.74665,6.40,4.80
2008.01.23 14:39:22.026,0.74645,0.74665,6.40,4.80
2008.01.23 14:39:22.342,0.74645,0.74665,4.80,4.80
2008.01.23 14:39:22.524,0.74645,0.74665,6.40,4.80
2008.01.23 14:39:22.753,0.74645,0.74665,6.40,4.80
2008.01.23 14:39:23.200,0.74645,0.74665,6.40,4.80
2008.01.23 14:39:23.648,0.7464,0.7466,0.80,1.90
2008.01.23 14:39:23.698,0.7464,0.7466,0.80,1.10
2008.01.23 14:39:24.121,0.7464,0.7466,0.80,1.10
2008.01.23 14:39:24.592,0.74645,0.74665,2.40,31.20
2008.01.23 14:39:25.057,0.74645,0.74665,2.40,31.20
2008.01.23 14:39:25.265,0.74645,0.74665,2.40,29.60
2008.01.23 14:39:25.667,0.74645,0.74665,2.40,29.60
2008.01.23 14:39:26.187,0.74645,0.74665,2.40,29.60
2008.01.23 14:39:26.543,0.74645,0.74665,2.40,29.60
2008.01.23 14:39:26.943,0.74645,0.74665,2.40,29.60
2008.01.23 14:39:27.527,0.74645,0.74665,2.40,29.60
2008.01.23 14:39:27.928,0.74645,0.74665,2.40,31.20
2008.01.23 14:39:28.472,0.74645,0.74665,2.40,29.60
2008.01.23 14:39:28.735,0.74645,0.74665,2.40,31.20
2008.01.23 14:39:29.693,0.74645,0.74665,2.40,29.60
2008.01.23 14:39:30.025,0.74645,0.74665,2.40,29.60
2008.01.23 14:39:30.198,0.74645,0.74665,2.40,31.20
2008.01.23 14:39:31.169,0.74645,0.7467,2.40,31.90
2008.01.23 14:39:31.212,0.74645,0.74665,2.40,0.60
2008.01.23 14:39:31.678,0.74645,0.7467,2.40,19.90
2008.01.23 14:39:32.040,0.74645,0.7467,2.40,33.50
2008.01.23 14:39:32.208,0.74645,0.7467,2.40,31.90
2008.01.23 14:39:32.433,0.74645,0.7467,2.40,19.90
2008.01.23 14:39:32.888,0.74645,0.7467,6.40,19.50
2008.01.23 14:39:33.351,0.74645,0.7467,2.40,32.70
2008.01.23 14:39:33.569,0.74645,0.7467,6.40,19.90
2008.01.23 14:39:33.790,0.74645,0.74665,6.40,0.50
2008.01.23 14:39:34.204,0.74645,0.74665,6.40,0.60
2008.01.23 14:39:34.631,0.74645,0.7467,6.40,16.70
2008.01.23 14:39:34.888,0.74645,0.74665,6.40,0.50
2008.01.23 14:39:35.147,0.74645,0.74665,6.40,0.60
2008.01.23 14:39:35.571,0.74645,0.7467,6.40,15.50
2008.01.23 14:39:36.026,0.74645,0.74665,6.40,0.60
2008.01.23 14:39:36.283,0.74645,0.74665,6.40,0.50
2008.01.23 14:39:37.012,0.74645,0.74665,6.40,0.80
2008.01.23 14:39:37.276,0.74645,0.7467,6.40,15.50
2008.01.23 14:39:37.539,0.74645,0.74665,6.40,0.80
2008.01.23 14:39:37.958,0.74645,0.74665,6.40,0.90
2008.01.23 14:39:38.175,0.74645,0.7467,6.40,19.50
2008.01.23 14:39:38.487,0.74645,0.7467,9.60,19.50
2008.01.23 14:39:38.818,0.74645,0.7467,13.60,17.10
2008.01.23 14:39:39.246,0.74645,0.7467,13.60,17.10
2008.01.23 14:39:39.478,0.74645,0.7467,15.20,17.10
2008.01.23 14:39:39.709,0.74645,0.7467,15.20,17.10
2008.01.23 14:39:40.202,0.74645,0.7467,15.20,17.10
2008.01.23 14:39:40.940,0.74645,0.74665,15.20,0.70
2008.01.23 14:39:41.271,0.74645,0.74665,12.80,0.50
2008.01.23 14:39:41.639,0.74645,0.74665,8.80,0.50
2008.01.23 14:39:41.663,0.74645,0.7466,8.80,0.30
2008.01.23 14:39:42.037,0.74645,0.7467,8.00,23.90
2008.01.23 14:39:42.496,0.74645,0.74665,10.40,0.60
2008.01.23 14:39:42.757,0.74645,0.7467,8.00,32.70
2008.01.23 14:39:43.208,0.74645,0.7467,6.40,32.70
2008.01.23 14:39:43.507,0.74645,0.74665,6.40,0.90
2008.01.23 14:39:43.950,0.74645,0.7467,6.40,32.70
2008.01.23 14:39:44.463,0.74645,0.7467,6.40,32.70
2008.01.23 14:39:44.871,0.74645,0.7467,8.80,18.30
2008.01.23 14:39:45.288,0.74645,0.74665,4.80,0.70
2008.01.23 14:39:45.744,0.74645,0.74665,4.80,0.90
2008.01.23 14:39:46.001,0.74645,0.74665,4.80,0.70
2008.01.23 14:39:46.258,0.74645,0.7467,4.80,18.30
2008.01.23 14:39:46.647,0.7464,0.7467,2.40,30.30
2008.01.23 14:39:47.060,0.7464,0.7467,2.40,30.30
2008.01.23 14:39:47.471,0.7464,0.7467,2.40,30.30
2008.01.23 14:39:47.739,0.74645,0.7467,4.80,18.30
2008.01.23 14:39:48.035,0.74645,0.74665,4.80,0.90
2008.01.23 14:39:49.471,0.7464,0.7467,4.80,18.30
2008.01.23 14:39:49.858,0.74645,0.7467,8.80,18.30
2008.01.23 14:39:50.326,0.74645,0.7467,8.80,17.90
2008.01.23 14:39:52.115,0.74645,0.7467,4.80,17.90
2008.01.23 14:39:52.546,0.74645,0.7467,4.80,17.90
2008.01.23 14:39:52.779,0.74645,0.7467,6.40,32.30
2008.01.23 14:39:53.012,0.74645,0.74665,6.40,0.50
2008.01.23 14:39:53.491,0.74645,0.74665,6.40,0.50
2008.01.23 14:39:53.948,0.74645,0.7467,4.80,17.90
2008.01.23 14:39:54.369,0.74645,0.74665,4.80,0.50
2008.01.23 14:39:54.597,0.74645,0.7467,8.80,17.10
2008.01.23 14:39:54.826,0.74645,0.74665,8.80,0.90
2008.01.23 14:39:56.679,0.74645,0.7467,8.80,17.10
2008.01.23 14:39:57.088,0.74645,0.7467,12.00,17.10
2008.01.23 14:39:57.540,0.74645,0.74665,13.60,0.70
2008.01.23 14:39:57.798,0.74645,0.7467,15.20,17.10
2008.01.23 14:39:58.057,0.74645,0.7467,15.20,17.10
2008.01.23 14:39:58.475,0.74645,0.74665,15.20,0.80
2008.01.23 14:39:58.941,0.74645,0.74665,15.20,6.40
2008.01.23 14:39:59.204,0.74645,0.74665,15.20,6.40
2008.01.23 14:39:59.468,0.74645,0.74665,15.20,7.20
2008.01.23 14:39:59.848,0.74645,0.74665,15.20,7.20
2008.01.23 14:40:00.264,0.74645,0.74665,15.20,7.20
2008.01.23 14:40:01.703,0.74645,0.74665,15.20,7.20
2008.01.23 14:40:01.907,0.74645,0.74665,16.80,6.40
2008.01.23 14:40:02.121,0.74645,0.74665,18.40,6.40
2008.01.23 14:40:02.537,0.74645,0.74665,16.80,6.40
2008.01.23 14:40:02.799,0.74645,0.74665,15.20,2.40
2008.01.23 14:40:03.220,0.74645,0.74665,15.20,2.40
2008.01.23 14:40:03.577,0.74645,0.74665,15.20,6.40
2008.01.23 14:40:03.985,0.74645,0.74665,16.80,6.40
2008.01.23 14:40:04.476,0.74645,0.74665,16.80,6.40
2008.01.23 14:40:04.770,0.74645,0.74665,15.20,6.40
2008.01.23 14:40:06.584,0.74645,0.74665,15.20,6.40
2008.01.23 14:40:06.611,0.74645,0.74665,11.20,26.70
2008.01.23 14:40:06.840,0.74645,0.74665,8.80,26.70
2008.01.23 14:40:07.591,0.74645,0.74665,8.80,26.70
2008.01.23 14:40:08.133,0.74645,0.74665,8.80,26.70
2008.01.23 14:40:08.663,0.74645,0.74665,8.80,26.70
2008.01.23 14:40:08.895,0.74645,0.74665,8.80,26.70
2008.01.23 14:40:09.807,0.74645,0.74665,8.80,26.70
2008.01.23 14:40:10.706,0.74645,0.74665,6.40,26.70
2008.01.23 14:40:10.959,0.74645,0.74665,6.40,29.10
2008.01.23 14:40:11.187,0.74645,0.74665,6.40,29.10
2008.01.23 14:40:11.607,0.74645,0.74665,6.40,29.10
2008.01.23 14:40:12.737,0.74645,0.74665,6.40,29.90
2008.01.23 14:40:13.059,0.74645,0.74665,6.40,29.90
2008.01.23 14:40:13.487,0.74645,0.74665,6.40,29.10
2008.01.23 14:40:14.516,0.74645,0.74665,6.40,29.10
2008.01.23 14:40:14.725,0.74645,0.74665,8.80,26.70
2008.01.23 14:40:14.960,0.74645,0.74665,8.80,26.70
2008.01.23 14:40:15.369,0.74645,0.74665,6.40,29.10
2008.01.23 14:40:15.700,0.74645,0.74665,6.40,29.10
2008.01.23 14:40:18.165,0.74645,0.74665,6.40,29.10
2008.01.23 14:40:19.713,0.74645,0.74665,6.40,29.90
2008.01.23 14:40:20.030,0.74645,0.74665,6.40,29.10
2008.01.23 14:40:20.466,0.74645,0.74665,6.40,29.10
2008.01.23 14:40:20.707,0.74645,0.74665,6.40,30.70
2008.01.23 14:40:20.972,0.74645,0.74665,6.40,30.70
2008.01.23 14:40:21.370,0.74645,0.74665,6.40,30.70
2008.01.23 14:40:21.811,0.74645,0.74665,6.40,30.70
2008.01.23 14:40:22.075,0.74645,0.74665,6.40,26.70
2008.01.23 14:40:22.339,0.74645,0.74665,6.40,5.10
2008.01.23 14:40:22.758,0.74645,0.74665,6.40,9.10
2008.01.23 14:40:22.956,0.74645,0.74665,6.40,9.10
2008.01.23 14:40:23.157,0.74645,0.74665,6.40,9.10
2008.01.23 14:40:23.292,0.74645,0.74665,2.60,9.10
2008.01.23 14:40:23.572,0.7464,0.74665,10.40,9.10
2008.01.23 14:40:24.836,0.7464,0.74665,10.40,9.10
2008.01.23 14:40:26.423,0.7464,0.74665,10.40,9.10
2008.01.23 14:40:26.882,0.7464,0.74665,10.40,9.10
2008.01.23 14:40:26.975,0.7464,0.74665,10.40,9.10
2008.01.23 14:40:27.363,0.7464,0.74665,10.40,9.10
2008.01.23 14:40:27.845,0.7464,0.74665,10.40,9.10
2008.01.23 14:40:28.134,0.7464,0.74665,10.40,9.10
2008.01.23 14:40:28.357,0.7464,0.74665,10.40,9.10
2008.01.23 14:40:29.843,0.7464,0.74665,10.40,9.10
2008.01.23 14:40:30.689,0.7464,0.74665,10.40,9.10
2008.01.23 14:40:31.120,0.7464,0.74665,6.40,9.10
2008.01.23 14:40:31.368,0.7464,0.74665,6.40,9.10
2008.01.23 14:40:31.652,0.7464,0.74665,6.40,9.10
2008.01.23 14:40:32.085,0.74645,0.74665,1.40,9.10
2008.01.23 14:40:32.370,0.7464,0.74665,6.40,9.10
2008.01.23 14:40:32.596,0.74645,0.74665,1.60,9.10
2008.01.23 14:40:33.005,0.7463,0.7466,25.80,10.70
2008.01.23 14:40:33.409,0.7463,0.74655,25.80,2.40
2008.01.23 14:40:33.878,0.74635,0.74655,7.70,2.40
2008.01.23 14:40:33.956,0.74635,0.74655,6.70,2.40
2008.01.23 14:40:34.368,0.7463,0.74655,19.40,2.40
2008.01.23 14:40:34.795,0.7463,0.74655,19.40,2.40
2008.01.23 14:40:34.998,0.74635,0.74655,7.70,2.40
2008.01.23 14:40:35.703,0.7463,0.74655,19.50,2.40
2008.01.23 14:40:35.990,0.7463,0.7466,39.40,0.30
2008.01.23 14:40:36.406,0.74635,0.7466,7.80,0.30
2008.01.23 14:40:36.884,0.7463,0.7466,37.80,0.30
2008.01.23 14:40:37.060,0.74635,0.7466,12.30,0.30
2008.01.23 14:40:37.291,0.7463,0.7466,37.80,0.30
2008.01.23 14:40:37.470,0.74635,0.7466,12.50,0.30
2008.01.23 14:40:38.215,0.7463,0.7466,37.80,0.30
2008.01.23 14:40:38.678,0.74635,0.7466,29.60,0.30
2008.01.23 14:40:38.926,0.74635,0.7466,29.60,0.30
2008.01.23 14:40:39.176,0.74635,0.7466,17.60,0.30
2008.01.23 14:40:39.425,0.74635,0.7466,15.20,9.10
2008.01.23 14:40:39.864,0.7464,0.7466,0.70,9.10
2008.01.23 14:40:40.153,0.74635,0.7466,15.20,9.10
2008.01.23 14:40:40.604,0.7464,0.7466,1.10,9.10
2008.01.23 14:40:41.182,0.74635,0.7466,3.30,9.10
2008.01.23 14:40:41.639,0.7463,0.7466,17.80,8.30
2008.01.23 14:40:42.137,0.7463,0.7466,29.10,0.30
2008.01.23 14:40:42.351,0.7463,0.7466,37.00,0.30
2008.01.23 14:40:43.119,0.7463,0.7466,37.00,0.30
2008.01.23 14:40:43.418,0.74635,0.7466,12.10,0.30
2008.01.23 14:40:44.326,0.74635,0.74665,0.60,30.70
2008.01.23 14:40:44.594,0.74645,0.74665,0.70,30.70
2008.01.23 14:40:44.864,0.74645,0.74665,0.90,32.30
2008.01.23 14:40:45.294,0.74635,0.74665,37.10,32.30
2008.01.23 14:40:45.532,0.74645,0.74665,3.30,32.30
2008.01.23 14:40:45.770,0.74645,0.74665,0.90,32.30
2008.01.23 14:40:46.185,0.74635,0.74665,45.10,32.30
2008.01.23 14:40:46.687,0.74645,0.74665,2.80,32.30
2008.01.23 14:40:47.111,0.74645,0.74665,0.90,32.30
2008.01.23 14:40:47.512,0.74635,0.74665,45.10,32.30
2008.01.23 14:40:48.113,0.74645,0.74665,2.40,32.30
2008.01.23 14:40:48.472,0.74635,0.74665,45.10,32.30
2008.01.23 14:40:49.459,0.7464,0.74665,6.70,32.00
2008.01.23 14:40:49.801,0.7464,0.74665,6.70,32.00
2008.01.23 14:40:50.254,0.74645,0.74665,3.60,30.40
2008.01.23 14:40:50.512,0.7464,0.74665,8.20,30.40
2008.01.23 14:40:50.751,0.7464,0.74665,9.80,7.20
2008.01.23 14:40:51.185,0.7464,0.74665,9.80,6.40
2008.01.23 14:40:51.228,0.7464,0.74665,12.20,4.00
2008.01.23 14:40:51.657,0.74645,0.74665,2.90,8.80
2008.01.23 14:40:52.109,0.74645,0.74665,8.30,8.80
2008.01.23 14:40:52.368,0.74645,0.74665,4.00,16.80
2008.01.23 14:40:52.628,0.74645,0.74665,4.00,10.40
2008.01.23 14:40:53.007,0.74645,0.74665,6.40,8.80
2008.01.23 14:40:53.417,0.74645,0.74665,4.00,10.40
2008.01.23 14:40:53.630,0.74645,0.74665,4.00,10.40
2008.01.23 14:40:53.939,0.74645,0.74665,6.40,8.80
2008.01.23 14:40:54.245,0.74645,0.74665,6.40,8.80
2008.01.23 14:40:54.553,0.74645,0.74665,6.40,8.80
2008.01.23 14:40:54.973,0.74645,0.74665,6.40,8.80
2008.01.23 14:40:55.403,0.74645,0.74665,6.40,8.80
2008.01.23 14:40:56.153,0.74645,0.74665,6.40,8.80
2008.01.23 14:40:56.360,0.74645,0.74665,6.40,8.80
2008.01.23 14:40:56.638,0.74645,0.74665,6.40,8.80
2008.01.23 14:40:57.005,0.74645,0.74665,6.40,8.80
2008.01.23 14:40:57.974,0.74645,0.74665,6.40,8.80
2008.01.23 14:40:58.258,0.74645,0.74665,6.40,8.80
2008.01.23 14:40:59.226,0.74645,0.74665,6.40,8.80
2008.01.23 14:40:59.374,0.74645,0.74665,6.60,8.80
2008.01.23 14:40:59.682,0.74645,0.74665,6.60,10.40
2008.01.23 14:41:00.189,0.74645,0.74665,8.20,8.80
2008.01.23 14:41:00.499,0.74645,0.74665,13.80,6.40
2008.01.23 14:41:00.743,0.74645,0.74665,8.20,6.40
2008.01.23 14:41:00.986,0.74645,0.74665,9.90,6.40
2008.01.23 14:41:01.231,0.74645,0.74665,15.50,4.00
2008.01.23 14:41:01.476,0.74645,0.74665,13.80,6.40
2008.01.23 14:41:01.688,0.74645,0.74665,8.20,8.00
2008.01.23 14:41:01.896,0.74645,0.74665,9.60,10.40
2008.01.23 14:41:02.223,0.74645,0.74665,6.40,10.40
2008.01.23 14:41:02.431,0.74645,0.74665,6.40,10.40
2008.01.23 14:41:02.843,0.74645,0.74665,6.40,10.40
2008.01.23 14:41:03.065,0.74645,0.74665,6.40,10.40
2008.01.23 14:41:04.937,0.74645,0.74665,6.40,10.40
2008.01.23 14:41:05.356,0.74645,0.74665,6.40,10.40
2008.01.23 14:41:05.526,0.74645,0.74665,6.40,10.40
2008.01.23 14:41:06.037,0.74645,0.74665,6.40,10.40
2008.01.23 14:41:06.339,0.74645,0.74665,6.40,10.40
2008.01.23 14:41:07.108,0.74645,0.74665,6.60,10.40
2008.01.23 14:41:07.382,0.74645,0.74665,6.60,4.80
2008.01.23 14:41:07.828,0.74645,0.74665,6.60,4.80
2008.01.23 14:41:08.020,0.74645,0.74665,6.60,8.80
2008.01.23 14:41:08.246,0.74645,0.74665,9.80,8.00
2008.01.23 14:41:08.422,0.74635,0.74665,68.20,8.00
2008.01.23 14:41:08.492,0.74645,0.74665,1.90,6.40
2008.01.23 14:41:08.740,0.74645,0.74665,1.60,6.40
2008.01.23 14:41:09.181,0.74645,0.74665,3.10,10.40
2008.01.23 14:41:09.445,0.74645,0.74665,0.70,8.80
2008.01.23 14:41:10.127,0.7464,0.74665,8.20,8.80
2008.01.23 14:41:10.188,0.7464,0.74665,8.20,8.80
2008.01.23 14:41:10.665,0.7464,0.74665,8.20,8.80
2008.01.23 14:41:10.944,0.74645,0.7467,0.70,10.40
2008.01.23 14:41:11.222,0.74645,0.7467,4.40,10.40
2008.01.23 14:41:11.636,0.7464,0.7467,9.70,10.40
2008.01.23 14:41:11.859,0.7464,0.7467,9.70,10.40
2008.01.23 14:41:12.294,0.74645,0.7467,4.50,10.40
2008.01.23 14:41:12.532,0.7464,0.7467,9.40,10.40
2008.01.23 14:41:12.947,0.74645,0.74665,2.10,4.80
2008.01.23 14:41:13.385,0.7464,0.74665,7.10,4.80
2008.01.23 14:41:13.426,0.7464,0.7467,7.10,10.40
2008.01.23 14:41:13.868,0.7464,0.74665,9.40,4.80
2008.01.23 14:41:14.329,0.74645,0.74665,3.30,4.80
2008.01.23 14:41:14.781,0.7464,0.74665,7.80,4.80
2008.01.23 14:41:15.044,0.7465,0.74675,6.70,33.00
2008.01.23 14:41:15.308,0.7465,0.74675,6.70,32.20
2008.01.23 14:41:15.728,0.74655,0.74675,1.30,32.20
2008.01.23 14:41:16.151,0.74655,0.74675,1.40,32.20
2008.01.23 14:41:16.363,0.74655,0.74675,1.90,33.00
2008.01.23 14:41:17.829,0.7465,0.74675,6.70,33.80
2008.01.23 14:41:18.069,0.74655,0.74675,1.40,34.60
2008.01.23 14:41:18.463,0.74655,0.74675,3.60,33.80
2008.01.23 14:41:19.671,0.74645,0.74665,32.80,0.30
2008.01.23 14:41:20.034,0.74645,0.74665,11.70,0.30
2008.01.23 14:41:20.463,0.7464,0.7467,45.50,0.80
2008.01.23 14:41:20.888,0.7464,0.74675,41.10,34.90
2008.01.23 14:41:21.145,0.74655,0.74675,1.30,34.60
2008.01.23 14:41:21.537,0.74655,0.74675,1.20,34.60
2008.01.23 14:41:22.067,0.7465,0.74675,2.70,34.60
2008.01.23 14:41:22.286,0.7465,0.74675,2.70,34.60
2008.01.23 14:41:22.499,0.74645,0.74675,31.50,34.90
2008.01.23 14:41:22.713,0.74655,0.74675,1.10,34.90
2008.01.23 14:41:22.926,0.74645,0.74675,31.50,34.90
2008.01.23 14:41:23.196,0.74645,0.74665,31.20,0.30
2008.01.23 14:41:23.613,0.74645,0.74675,29.90,44.50
2008.01.23 14:41:24.077,0.74645,0.74665,12.30,6.40
2008.01.23 14:41:24.542,0.74645,0.74665,2.50,6.40
2008.01.23 14:41:25.003,0.74645,0.74665,4.50,6.40
2008.01.23 14:41:25.251,0.7464,0.74665,13.40,6.40
2008.01.23 14:41:25.944,0.7464,0.74665,13.40,6.40
2008.01.23 14:41:26.219,0.74645,0.74665,1.10,6.40
2008.01.23 14:41:27.014,0.7464,0.74665,13.40,6.40
2008.01.23 14:41:28.258,0.7464,0.74665,13.40,6.40
2008.01.23 14:41:28.539,0.7464,0.74665,14.20,6.40
2008.01.23 14:41:29.903,0.74645,0.74665,5.00,6.40
2008.01.23 14:41:30.128,0.74645,0.74665,1.10,6.40
2008.01.23 14:41:30.534,0.7464,0.74665,15.00,6.40
2008.01.23 14:41:30.747,0.7464,0.74665,16.60,6.40
2008.01.23 14:41:30.971,0.74645,0.74665,4.10,6.40
2008.01.23 14:41:31.270,0.7464,0.74665,20.70,6.40
2008.01.23 14:41:31.568,0.7464,0.74665,20.70,6.40
2008.01.23 14:41:32.148,0.7464,0.74665,20.70,6.40
2008.01.23 14:41:32.701,0.7464,0.74665,20.70,6.40
2008.01.23 14:41:32.908,0.7464,0.7467,20.70,8.80
2008.01.23 14:41:33.135,0.7464,0.7467,20.70,8.80
2008.01.23 14:41:33.552,0.74645,0.7467,6.10,8.80
2008.01.23 14:41:33.955,0.74655,0.74675,1.80,35.40
2008.01.23 14:41:34.427,0.7465,0.74675,6.70,33.80
2008.01.23 14:41:34.947,0.7465,0.74675,6.70,33.80
2008.01.23 14:41:35.395,0.7465,0.74675,6.70,33.80
2008.01.23 14:41:35.854,0.7465,0.74675,6.70,33.80
2008.01.23 14:41:36.995,0.74655,0.74675,1.10,33.80
2008.01.23 14:41:37.345,0.74655,0.74675,1.70,33.80
2008.01.23 14:41:37.746,0.7465,0.74675,8.10,33.00
2008.01.23 14:41:37.942,0.74655,0.74675,3.70,11.40
2008.01.23 14:41:38.168,0.7465,0.74675,12.10,11.40
2008.01.23 14:41:38.626,0.74655,0.74675,8.00,10.60
2008.01.23 14:41:39.080,0.74655,0.74675,8.00,10.60
2008.01.23 14:41:39.347,0.74655,0.74675,8.00,10.60
2008.01.23 14:41:39.563,0.7465,0.74675,12.60,10.60
2008.01.23 14:41:39.652,0.74655,0.74675,1.90,10.60
2008.01.23 14:41:40.081,0.74655,0.74675,1.20,30.60
2008.01.23 14:41:40.585,0.7465,0.74675,12.20,10.60
2008.01.23 14:41:40.798,0.7465,0.74675,10.60,10.60
2008.01.23 14:41:41.033,0.7465,0.74675,10.60,10.60
2008.01.23 14:42:29.529,0.7464,0.74675,1.60,2.60
2008.01.23 14:42:30.813,0.7464,0.74675,1.60,2.60
2008.01.23 14:42:30.937,0.7464,0.74675,1.60,2.60
2008.01.23 14:42:31.306,0.7464,0.74675,1.60,2.60
2008.01.23 14:42:31.570,0.74655,0.74675,2.40,21.30
2008.01.23 14:42:32.780,0.74645,0.74675,28.20,34.90
2008.01.23 14:42:33.450,0.74645,0.74665,10.40,6.70
2008.01.23 14:42:34.312,0.74645,0.74675,28.20,33.30
2008.01.23 14:42:34.651,0.74645,0.74675,28.20,33.30
2008.01.23 14:42:35.016,0.74645,0.74675,29.80,32.50
2008.01.23 14:42:35.767,0.7465,0.74675,1.60,30.90
2008.01.23 14:42:36.102,0.74645,0.74675,28.20,32.50
2008.01.23 14:42:36.776,0.74645,0.74675,28.20,32.50
2008.01.23 14:42:37.156,0.74645,0.74675,28.20,32.50
2008.01.23 14:42:37.391,0.74645,0.74675,29.00,34.10
2008.01.23 14:42:37.677,0.74645,0.74675,29.00,34.90
2008.01.23 14:42:38.097,0.74645,0.74675,29.00,34.90
2008.01.23 14:42:38.262,0.74645,0.74675,29.00,32.50
2008.01.23 14:42:39.036,0.74645,0.7467,28.80,0.30
2008.01.23 14:42:39.316,0.74645,0.7467,28.80,0.30
2008.01.23 14:42:39.607,0.74645,0.7467,28.80,0.30
2008.01.23 14:42:40.327,0.74645,0.74675,29.00,36.50
2008.01.23 14:42:40.678,0.74645,0.74675,29.00,36.50
2008.01.23 14:42:41.135,0.74645,0.74675,29.00,32.50
2008.01.23 14:42:41.697,0.74645,0.74675,29.00,32.50
2008.01.23 14:42:41.944,0.74645,0.74675,29.00,32.50
2008.01.23 14:42:42.230,0.74655,0.74675,6.40,32.50
2008.01.23 14:42:42.563,0.74655,0.74675,6.40,33.30
2008.01.23 14:42:42.830,0.74655,0.74675,6.40,32.50
2008.01.23 14:42:43.099,0.74645,0.74675,29.00,32.50
2008.01.23 14:42:43.361,0.74645,0.7467,28.80,0.30
2008.01.23 14:42:43.626,0.74645,0.74665,16.80,2.40
2008.01.23 14:42:43.914,0.74645,0.74665,16.80,2.40
2008.01.23 14:42:44.236,0.74645,0.74665,16.80,2.40
2008.01.23 14:42:44.518,0.74645,0.74665,16.80,2.40
2008.01.23 14:42:44.753,0.74645,0.74665,16.80,2.40
2008.01.23 14:42:44.896,0.74645,0.74665,7.50,2.40
2008.01.23 14:42:45.022,0.7464,0.74665,18.70,6.40
2008.01.23 14:42:45.273,0.7464,0.74665,18.70,6.40
2008.01.23 14:42:45.525,0.74645,0.74665,7.20,6.40
2008.01.23 14:42:45.814,0.7464,0.74665,18.70,6.40
2008.01.23 14:42:46.103,0.7464,0.74665,18.70,6.40
2008.01.23 14:42:46.389,0.7464,0.74665,18.70,2.40
2008.01.23 14:42:46.960,0.7464,0.74665,17.90,2.40
2008.01.23 14:42:47.258,0.7464,0.74665,17.90,2.40
2008.01.23 14:42:47.409,0.7464,0.74665,16.30,2.40
2008.01.23 14:42:47.559,0.74645,0.74665,1.80,2.40
2008.01.23 14:42:49.001,0.74645,0.74665,2.50,2.40
2008.01.23 14:42:49.095,0.7464,0.74665,16.30,2.40
2008.01.23 14:42:50.461,0.74645,0.74665,2.80,2.40
2008.01.23 14:42:50.571,0.7464,0.7467,34.60,0.80
2008.01.23 14:42:50.671,0.7464,0.74675,34.60,42.10
2008.01.23 14:42:50.865,0.7464,0.74675,34.60,35.70
2008.01.23 14:42:51.005,0.7464,0.7467,13.80,8.00
2008.01.23 14:42:51.075,0.74645,0.7467,2.40,8.00
2008.01.23 14:42:51.206,0.74645,0.7467,5.00,8.00
2008.01.23 14:42:51.346,0.74645,0.7467,1.90,8.00
2008.01.23 14:42:51.482,0.74645,0.7467,3.60,8.00
2008.01.23 14:42:51.816,0.74635,0.7467,69.80,8.00
2008.01.23 14:42:52.152,0.7464,0.74675,33.00,34.10
2008.01.23 14:42:52.487,0.7464,0.74675,33.00,34.10
2008.01.23 14:42:52.702,0.74645,0.74675,4.60,34.10
2008.01.23 14:42:53.019,0.74645,0.74675,3.60,34.10
2008.01.23 14:42:53.237,0.7464,0.74675,34.60,34.10
2008.01.23 14:42:53.451,0.74645,0.74675,8.40,34.10
2008.01.23 14:42:53.665,0.7464,0.74675,34.60,34.10
2008.01.23 14:42:53.999,0.7464,0.74675,35.40,34.10
2008.01.23 14:42:54.333,0.7464,0.74675,35.40,34.10
2008.01.23 14:42:54.665,0.74645,0.74675,0.60,34.10
2008.01.23 14:42:54.849,0.74645,0.74675,5.70,34.10
2008.01.23 14:42:55.034,0.74645,0.74675,2.90,34.10
2008.01.23 14:42:55.217,0.7464,0.74675,35.40,34.10
2008.01.23 14:42:55.401,0.7464,0.74675,34.60,34.10
2008.01.23 14:42:55.585,0.7464,0.74675,34.60,34.10
2008.01.23 14:42:55.918,0.74645,0.74675,11.50,34.10
2008.01.23 14:42:56.252,0.7464,0.74675,35.40,34.10
2008.01.23 14:42:56.916,0.7464,0.74675,34.60,34.10
2008.01.23 14:42:57.178,0.74645,0.74675,9.80,34.10
2008.01.23 14:42:57.361,0.74645,0.74675,6.80,34.10
2008.01.23 14:42:57.545,0.74645,0.74675,4.80,34.10
2008.01.23 14:42:57.729,0.7464,0.74675,35.40,34.10
2008.01.23 14:42:57.962,0.7464,0.74675,35.40,34.10
2008.01.23 14:42:58.196,0.7464,0.74675,35.40,34.10
2008.01.23 14:42:58.429,0.7464,0.74675,37.00,34.10
2008.01.23 14:42:58.663,0.74645,0.74675,27.40,32.50
2008.01.23 14:42:58.946,0.7466,0.74675,8.30,32.20
2008.01.23 14:42:59.230,0.7467,0.74675,0.30,13.80
2008.01.23 14:42:59.513,0.74655,0.74675,49.20,1.80
2008.01.23 14:42:59.798,0.74665,0.74685,1.10,10.60
2008.01.23 14:43:00.092,0.74665,0.74685,20.30,8.20
2008.01.23 14:43:00.397,0.74665,0.74685,16.30,8.20
2008.01.23 14:43:00.679,0.7467,0.74685,0.30,6.60
2008.01.23 14:43:00.953,0.74675,0.74685,0.30,8.20
2008.01.23 14:43:01.227,0.74675,0.74685,1.00,6.60
2008.01.23 14:43:01.500,0.74675,0.74685,1.10,4.20
2008.01.23 14:43:01.774,0.74665,0.74685,16.00,2.40
2008.01.23 14:43:02.068,0.7467,0.74695,7.40,5.80
2008.01.23 14:43:02.362,0.74675,0.74695,2.00,6.10
2008.01.23 14:43:02.655,0.7467,0.74695,7.40,5.80
2008.01.23 14:43:02.949,0.74675,0.7468,1.50,8.00
2008.01.23 14:43:03.213,0.74655,0.7468,31.90,8.30
2008.01.23 14:43:03.477,0.74655,0.74685,32.10,13.90
2008.01.23 14:43:03.741,0.7465,0.74685,57.40,2.10
2008.01.23 14:43:04.005,0.7465,0.74685,43.00,2.10
2008.01.23 14:43:04.304,0.7466,0.74685,0.70,1.80
2008.01.23 14:43:04.602,0.74655,0.7469,49.80,9.90
2008.01.23 14:43:04.900,0.7466,0.7469,0.70,0.30
2008.01.23 14:43:05.139,0.7466,0.7469,2.20,0.30
2008.01.23 14:43:05.377,0.7466,0.7469,3.40,0.30
2008.01.23 14:43:05.616,0.74665,0.7469,1.20,0.30
2008.01.23 14:43:05.855,0.74665,0.747,19.40,9.90
2008.01.23 14:43:06.165,0.7467,0.747,0.30,8.30
2008.01.23 14:43:06.473,0.7467,0.747,0.30,8.30
2008.01.23 14:43:06.780,0.74665,0.747,44.70,8.30
2008.01.23 14:43:07.088,0.74665,0.747,45.40,8.30
2008.01.23 14:43:07.336,0.74665,0.747,45.40,8.30
2008.01.23 14:43:07.585,0.7467,0.747,9.00,8.30
2008.01.23 14:43:07.834,0.74675,0.747,3.40,8.30
2008.01.23 14:43:08.092,0.7467,0.747,31.40,0.30
2008.01.23 14:43:08.350,0.74675,0.74705,10.10,34.70
2008.01.23 14:43:08.609,0.74675,0.74705,4.50,33.10
2008.01.23 14:43:08.868,0.74675,0.74705,5.70,33.10
2008.01.23 14:43:09.210,0.74665,0.74695,49.40,6.70
2008.01.23 14:43:09.545,0.74665,0.74695,32.20,29.10
2008.01.23 14:43:09.879,0.7467,0.74695,5.80,16.80
2008.01.23 14:43:10.118,0.7467,0.74695,10.60,14.40
2008.01.23 14:43:10.358,0.74675,0.74695,0.70,8.80
2008.01.23 14:43:10.603,0.7467,0.74695,9.00,8.80
2008.01.23 14:43:10.834,0.74675,0.74695,1.70,8.80
2008.01.23 14:43:11.168,0.7467,0.74695,9.00,8.80
2008.01.23 14:43:11.502,0.7467,0.74685,4.80,4.00
2008.01.23 14:43:11.836,0.7466,0.74685,26.60,4.00
2008.01.23 14:43:12.074,0.7466,0.74685,17.80,8.80
2008.01.23 14:43:12.312,0.74665,0.74685,1.80,32.50
2008.01.23 14:43:12.550,0.74665,0.74685,0.50,18.60
2008.01.23 14:43:12.789,0.7466,0.74685,27.40,1.80
2008.01.23 14:43:13.028,0.7466,0.74685,31.40,1.80
2008.01.23 14:43:13.347,0.7466,0.7469,31.40,0.30
2008.01.23 14:43:13.666,0.74665,0.7469,10.40,8.30
2008.01.23 14:43:13.985,0.74665,0.7469,10.40,8.30
2008.01.23 14:43:14.249,0.74665,0.7469,4.00,8.30
2008.01.23 14:43:14.513,0.74665,0.74695,17.80,6.70
2008.01.23 14:43:14.777,0.74665,0.74695,16.20,1.90
2008.01.23 14:43:15.040,0.74665,0.7469,4.00,9.90
2008.01.23 14:43:15.309,0.7466,0.7469,0.30,9.90
2008.01.23 14:43:15.578,0.74665,0.7469,6.40,9.90
2008.01.23 14:43:15.853,0.74665,0.7469,6.40,9.90
2008.01.23 14:43:16.115,0.74665,0.74685,6.40,8.00
2008.01.23 14:43:16.403,0.74665,0.74685,6.40,6.40
2008.01.23 14:43:16.691,0.74665,0.74685,6.40,8.80
2008.01.23 14:43:16.980,0.74665,0.74685,6.40,8.80
2008.01.23 14:43:17.269,0.74665,0.74685,6.40,8.80
2008.01.23 14:43:17.517,0.74665,0.74685,6.40,8.80
2008.01.23 14:43:18.205,0.74665,0.74685,6.40,8.80
2008.01.23 14:43:18.417,0.74665,0.74685,6.40,9.10
2008.01.23 14:43:18.631,0.74665,0.74685,8.80,4.30
2008.01.23 14:43:18.844,0.74665,0.74685,8.80,4.30
2008.01.23 14:43:19.058,0.74665,0.74685,8.80,4.00
2008.01.23 14:43:19.381,0.74665,0.74685,8.80,4.00
2008.01.23 14:43:19.705,0.74665,0.7469,8.80,10.70
2008.01.23 14:43:20.029,0.74665,0.7469,8.80,10.70
2008.01.23 14:43:20.252,0.74665,0.7469,8.80,11.10
2008.01.23 14:43:20.495,0.74665,0.74685,6.40,4.80
2008.01.23 14:43:20.721,0.74665,0.74685,6.40,8.80
2008.01.23 14:43:20.945,0.74665,0.74685,6.40,4.80
2008.01.23 14:43:21.169,0.74665,0.7469,21.00,1.60
2008.01.23 14:43:21.503,0.74665,0.7469,21.00,1.60
2008.01.23 14:43:22.045,0.74665,0.7469,22.60,1.60
2008.01.23 14:43:22.284,0.74665,0.7469,22.60,1.60
2008.01.23 14:43:22.522,0.74665,0.7469,22.60,1.60
2008.01.23 14:43:23.174,0.74665,0.7469,22.60,1.60
2008.01.23 14:43:23.474,0.74665,0.7469,21.00,1.60
2008.01.23 14:43:23.773,0.74665,0.7469,22.60,1.60
2008.01.23 14:43:24.071,0.74665,0.7469,22.90,1.60
2008.01.23 14:43:24.440,0.74665,0.7469,22.90,1.60
2008.01.23 14:43:24.712,0.7467,0.7469,0.30,1.60
2008.01.23 14:43:24.987,0.7467,0.7469,0.30,1.60
2008.01.23 14:43:25.261,0.74665,0.7469,25.80,1.60
2008.01.23 14:43:25.535,0.74665,0.7469,21.80,1.60
2008.01.23 14:43:25.808,0.74665,0.7469,21.80,1.60
2008.01.23 14:43:26.081,0.74665,0.7469,25.00,1.60
2008.01.23 14:43:26.354,0.74665,0.7469,24.70,1.60
2008.01.23 14:43:26.687,0.74675,0.7469,4.00,1.60
2008.01.23 14:43:27.021,0.74675,0.7469,4.00,1.60
2008.01.23 14:43:27.354,0.74675,0.7469,4.20,1.60
2008.01.23 14:43:27.565,0.74675,0.7469,4.20,1.60
2008.01.23 14:43:27.774,0.74675,0.7469,4.20,1.60
2008.01.23 14:43:27.985,0.74675,0.74695,6.60,11.20
2008.01.23 14:43:28.193,0.74675,0.74695,6.60,11.20
2008.01.23 14:43:28.518,0.74675,0.74695,20.70,2.40
2008.01.23 14:43:28.842,0.74675,0.747,20.40,1.90
2008.01.23 14:43:29.198,0.74675,0.747,20.40,1.90
2008.01.23 14:43:29.439,0.74675,0.747,20.70,1.60
2008.01.23 14:43:29.663,0.74675,0.747,20.70,1.60
2008.01.23 14:43:29.887,0.74685,0.747,0.30,1.60
2008.01.23 14:43:30.110,0.74685,0.747,0.30,1.60
2008.01.23 14:43:30.334,0.7469,0.747,0.30,1.60
2008.01.23 14:43:30.670,0.7469,0.74705,0.30,6.60
2008.01.23 14:43:31.003,0.7469,0.74705,0.30,5.80
2008.01.23 14:43:31.336,0.7469,0.74705,0.30,5.80
2008.01.23 14:43:31.581,0.74685,0.74705,18.90,6.60
2008.01.23 14:43:31.825,0.7469,0.74705,0.30,1.80
2008.01.23 14:43:32.069,0.74695,0.74705,12.20,1.80
2008.01.23 14:43:32.312,0.74695,0.74715,16.00,5.80
2008.01.23 14:43:32.637,0.74695,0.74715,4.00,27.40
2008.01.23 14:43:32.961,0.74695,0.74715,4.00,5.60
2008.01.23 14:43:33.284,0.7469,0.74715,0.30,10.40
2008.01.23 14:43:33.518,0.7469,0.74715,0.30,8.80
2008.01.23 14:43:33.752,0.74695,0.74715,4.00,4.00
2008.01.23 14:43:33.984,0.74695,0.74715,4.00,5.60
2008.01.23 14:43:34.218,0.74695,0.74715,0.30,6.40
2008.01.23 14:43:34.452,0.74695,0.74715,13.80,6.40
2008.01.23 14:43:34.786,0.74695,0.7472,18.60,2.40
2008.01.23 14:43:35.172,0.74695,0.7472,18.60,2.40
2008.01.23 14:43:35.488,0.7469,0.7472,28.20,2.40
2008.01.23 14:43:35.507,0.74695,0.74725,5.10,42.90
2008.01.23 14:43:35.755,0.74705,0.74725,1.70,33.10
2008.01.23 14:43:36.015,0.7469,0.74715,20.00,12.30
2008.01.23 14:43:36.263,0.7469,0.74715,4.00,26.70
2008.01.23 14:43:36.543,0.74695,0.74715,1.60,28.30
2008.01.23 14:43:36.821,0.74685,0.74715,37.80,28.30
2008.01.23 14:43:37.100,0.74695,0.74715,1.50,28.30
2008.01.23 14:43:37.379,0.74695,0.74715,1.00,28.30
2008.01.23 14:43:37.638,0.74695,0.74715,2.70,25.10
2008.01.23 14:43:37.897,0.7469,0.74715,6.40,25.10
2008.01.23 14:43:38.251,0.7469,0.74715,6.40,24.30
2008.01.23 14:43:38.510,0.7469,0.74715,6.40,5.10
2008.01.23 14:43:38.729,0.7469,0.74715,7.20,4.30
2008.01.23 14:43:38.947,0.74695,0.74715,4.10,0.30
2008.01.23 14:43:39.166,0.7469,0.74715,8.00,26.70
2008.01.23 14:43:39.385,0.7469,0.74715,8.00,29.10
2008.01.23 14:43:39.719,0.7469,0.74715,4.00,30.90
2008.01.23 14:43:40.053,0.74695,0.74715,1.60,32.50
2008.01.23 14:43:40.386,0.74685,0.74715,35.40,32.50
2008.01.23 14:43:40.640,0.74695,0.74715,0.60,32.50
2008.01.23 14:43:40.893,0.74685,0.74715,26.60,30.90
2008.01.23 14:43:41.155,0.7468,0.7471,7.50,9.90
2008.01.23 14:43:41.401,0.7468,0.7471,28.60,1.60
2008.01.23 14:43:41.699,0.74685,0.7471,3.40,1.60
2008.01.23 14:43:41.997,0.74685,0.7471,2.40,1.60
2008.01.23 14:43:42.297,0.7468,0.7471,5.80,9.60
2008.01.23 14:43:42.595,0.7468,0.7471,5.80,9.60
2008.01.23 14:43:42.864,0.7468,0.74705,0.90,24.00
2008.01.23 14:43:43.132,0.7468,0.74705,1.90,24.00
2008.01.23 14:43:43.402,0.7468,0.7471,1.90,9.60
2008.01.23 14:43:43.596,0.7468,0.74705,0.30,1.50
2008.01.23 14:43:43.789,0.7468,0.74705,0.30,21.50
2008.01.23 14:43:43.983,0.7467,0.74705,29.00,25.80
2008.01.23 14:43:44.176,0.7467,0.74705,27.40,25.80
2008.01.23 14:43:44.485,0.74675,0.74705,3.70,25.80
2008.01.23 14:43:44.817,0.7467,0.74705,27.70,25.80
2008.01.23 14:43:45.151,0.74675,0.74705,18.20,1.50
2008.01.23 14:43:45.485,0.74675,0.74705,17.90,1.50
2008.01.23 14:43:45.723,0.74675,0.74705,2.90,1.80
2008.01.23 14:43:45.962,0.74675,0.74705,3.10,1.80
2008.01.23 14:43:46.200,0.7467,0.74705,25.80,3.40
2008.01.23 14:43:46.439,0.7467,0.74705,1.90,27.40
2008.01.23 14:43:46.708,0.74675,0.74705,0.30,25.80
2008.01.23 14:43:46.976,0.7467,0.74705,15.40,25.80
2008.01.23 14:43:47.246,0.7467,0.74705,27.40,32.20
2008.01.23 14:43:47.515,0.7467,0.74695,13.80,12.00
2008.01.23 14:43:47.768,0.74665,0.74695,40.90,24.00
2008.01.23 14:43:48.023,0.74665,0.74695,40.60,12.00
2008.01.23 14:43:48.276,0.7467,0.74695,1.10,16.80
2008.01.23 14:43:48.529,0.7467,0.74695,5.80,8.80
2008.01.23 14:43:48.764,0.74675,0.74695,2.30,8.80
2008.01.23 14:43:49.026,0.74675,0.74695,2.00,8.80
2008.01.23 14:43:49.556,0.7467,0.74695,5.80,8.80
2008.01.23 14:43:49.889,0.7467,0.74695,5.80,8.80
2008.01.23 14:43:50.224,0.7467,0.74695,5.80,8.80
2008.01.23 14:43:50.560,0.74675,0.74695,1.70,8.80
2008.01.23 14:43:50.907,0.7467,0.74695,5.80,8.80
2008.01.23 14:43:51.224,0.7467,0.74695,5.80,8.80
2008.01.23 14:43:51.484,0.7467,0.74695,5.90,8.80
2008.01.23 14:43:51.716,0.74675,0.74695,2.30,6.40
2008.01.23 14:43:51.949,0.74675,0.74695,2.60,6.40
2008.01.23 14:43:52.182,0.74675,0.74705,4.50,42.90
2008.01.23 14:43:52.416,0.7467,0.747,13.80,8.30
2008.01.23 14:43:52.651,0.7467,0.747,13.80,8.30
2008.01.23 14:43:52.924,0.7467,0.747,13.80,8.30
2008.01.23 14:43:53.198,0.74665,0.74705,55.00,27.40
2008.01.23 14:43:53.472,0.7468,0.74705,0.30,1.50
2008.01.23 14:43:53.746,0.7468,0.74705,0.80,25.50
2008.01.23 14:43:54.019,0.74675,0.74705,30.70,27.10
2008.01.23 14:43:54.293,0.74675,0.74705,39.50,32.70
2008.01.23 14:43:54.566,0.7468,0.74705,0.30,32.70
2008.01.23 14:43:54.825,0.74675,0.74705,35.50,32.70
2008.01.23 14:43:55.083,0.74675,0.74705,35.50,32.70
2008.01.23 14:43:55.341,0.74675,0.74705,35.50,32.70
2008.01.23 14:43:55.608,0.74675,0.74705,6.00,33.00
2008.01.23 14:43:55.867,0.74675,0.74705,7.60,33.00
2008.01.23 14:43:56.125,0.7467,0.74705,29.40,33.00
2008.01.23 14:43:56.384,0.74675,0.74705,9.60,33.00
2008.01.23 14:43:56.642,0.74675,0.74705,11.60,33.00
2008.01.23 14:43:56.872,0.74675,0.74705,8.40,34.90
2008.01.23 14:43:57.101,0.74675,0.74705,27.40,33.30
2008.01.23 14:43:57.330,0.74675,0.74705,35.40,30.10
2008.01.23 14:43:57.558,0.74675,0.74705,2.70,31.70
2008.01.23 14:43:57.786,0.74675,0.74705,5.00,33.80
2008.01.23 14:43:58.099,0.7467,0.74705,29.00,32.20
2008.01.23 14:43:58.423,0.7467,0.74705,29.00,33.00
2008.01.23 14:43:58.736,0.74675,0.74705,0.50,32.20
2008.01.23 14:43:59.008,0.7467,0.74705,29.00,32.20
2008.01.23 14:43:59.282,0.74675,0.74705,27.40,31.40
2008.01.23 14:43:59.555,0.7468,0.747,0.50,0.30
2008.01.23 14:43:59.828,0.74675,0.747,27.20,0.30
2008.01.23 14:44:00.081,0.7467,0.74705,29.00,33.80
2008.01.23 14:44:00.324,0.7467,0.74705,29.00,34.60
2008.01.23 14:44:00.568,0.7467,0.747,29.10,0.30
2008.01.23 14:44:00.810,0.7467,0.747,29.10,0.30
2008.01.23 14:44:01.108,0.7467,0.74705,29.00,33.00
2008.01.23 14:44:01.407,0.74675,0.74705,10.40,32.20
2008.01.23 14:44:01.704,0.7467,0.74705,30.20,33.00
2008.01.23 14:44:02.095,0.74675,0.74705,11.80,33.00
2008.01.23 14:44:02.343,0.7467,0.74705,29.00,33.00
2008.01.23 14:44:02.594,0.74675,0.74705,5.50,33.00
2008.01.23 14:44:02.843,0.7467,0.74705,29.80,33.00
2008.01.23 14:44:03.077,0.74675,0.74705,11.60,33.00
2008.01.23 14:44:03.456,0.7467,0.74705,29.80,41.00
2008.01.23 14:44:03.546,0.74675,0.74705,28.20,0.50
2008.01.23 14:44:03.697,0.74675,0.74705,10.40,42.20
2008.01.23 14:44:03.999,0.74675,0.74705,23.20,41.00
2008.01.23 14:44:04.312,0.74675,0.7471,25.80,49.00
2008.01.23 14:44:04.625,0.74675,0.74705,25.80,0.60
2008.01.23 14:44:04.938,0.74675,0.74705,25.80,0.80
2008.01.23 14:44:05.152,0.74675,0.74705,25.80,0.80
2008.01.23 14:44:05.365,0.74675,0.7471,25.80,42.90
2008.01.23 14:44:05.698,0.74675,0.7471,25.80,43.70
2008.01.23 14:44:05.921,0.74675,0.74705,25.80,0.90
2008.01.23 14:44:06.255,0.74675,0.747,11.20,10.70
2008.01.23 14:44:06.589,0.74675,0.74695,11.20,0.60
2008.01.23 14:44:06.922,0.74675,0.74695,11.40,0.50
2008.01.23 14:44:07.157,0.74675,0.747,11.40,10.40
2008.01.23 14:44:07.377,0.74675,0.747,11.40,10.40
2008.01.23 14:44:07.606,0.74675,0.747,11.20,0.90
2008.01.23 14:44:07.833,0.74675,0.747,11.20,0.60
2008.01.23 14:44:08.174,0.74675,0.74695,13.70,0.60
2008.01.23 14:44:08.507,0.74675,0.747,9.30,10.40
2008.01.23 14:44:08.841,0.74675,0.74705,26.60,0.60
2008.01.23 14:44:09.095,0.74675,0.74705,26.60,0.80
2008.01.23 14:44:09.349,0.74675,0.7471,30.90,27.40
2008.01.23 14:44:09.603,0.7468,0.7471,4.20,27.40
2008.01.23 14:44:09.857,0.74685,0.7471,8.80,15.40
2008.01.23 14:44:10.126,0.74685,0.7471,8.80,15.40
2008.01.23 14:44:10.394,0.74685,0.74705,6.40,0.80
2008.01.23 14:44:10.662,0.74685,0.74705,8.80,0.90
2008.01.23 14:44:10.931,0.74685,0.74705,8.80,0.90
2008.01.23 14:44:11.214,0.74685,0.74705,8.80,0.50
2008.01.23 14:44:11.497,0.74685,0.74715,8.80,37.70
2008.01.23 14:44:11.915,0.74685,0.74715,9.00,37.70
2008.01.23 14:44:12.179,0.74685,0.74705,8.80,0.60
2008.01.23 14:44:12.443,0.74685,0.7471,8.80,16.20
2008.01.23 14:44:12.706,0.74685,0.74705,6.40,0.80
2008.01.23 14:44:12.969,0.74685,0.7471,6.40,21.00
2008.01.23 14:44:13.242,0.74685,0.7471,6.40,20.20
2008.01.23 14:44:13.515,0.74685,0.74705,2.40,0.80
2008.01.23 14:44:13.788,0.74685,0.7471,6.40,33.00
2008.01.23 14:44:14.062,0.74685,0.74705,6.40,32.20
2008.01.23 14:44:14.341,0.74675,0.74705,24.80,27.70
2008.01.23 14:44:14.619,0.74675,0.747,26.40,0.30
2008.01.23 14:44:14.897,0.74675,0.7471,26.60,28.20
2008.01.23 14:44:15.145,0.74675,0.74695,10.40,0.30
2008.01.23 14:44:15.394,0.74675,0.74695,10.40,0.30
2008.01.23 14:44:15.643,0.74675,0.74705,10.40,29.40
2008.01.23 14:44:15.892,0.74675,0.747,10.40,0.50
2008.01.23 14:44:16.140,0.7468,0.74705,1.60,0.50
2008.01.23 14:44:16.423,0.7468,0.7471,1.60,37.40
2008.01.23 14:44:16.707,0.74685,0.7471,4.80,16.20
2008.01.23 14:44:16.991,0.74685,0.7471,4.80,16.20
2008.01.23 14:44:17.194,0.74685,0.74705,2.40,0.90
2008.01.23 14:44:17.396,0.74685,0.7471,2.40,21.00
2008.01.23 14:44:17.601,0.74685,0.74705,2.40,0.50
2008.01.23 14:44:17.804,0.74685,0.74705,2.40,0.70
2008.01.23 14:44:18.008,0.74685,0.7471,2.40,21.00
2008.01.23 14:44:18.201,0.74685,0.74705,2.40,0.80
2008.01.23 14:44:18.394,0.74685,0.7471,2.40,21.80
2008.01.23 14:44:18.588,0.74685,0.74705,2.40,0.60
2008.01.23 14:44:18.781,0.74685,0.74705,2.40,0.60
2008.01.23 14:44:18.983,0.74685,0.7471,2.40,33.00
2008.01.23 14:44:19.177,0.74685,0.7471,18.40,2.60
2008.01.23 14:44:19.511,0.74685,0.7471,18.40,6.10
2008.01.23 14:44:19.845,0.74685,0.74705,6.40,0.80
2008.01.23 14:44:20.178,0.74685,0.74705,6.40,0.50
2008.01.23 14:44:20.396,0.74685,0.74705,10.40,0.80
2008.01.23 14:44:20.614,0.74685,0.7471,10.40,17.00
2008.01.23 14:44:20.833,0.74685,0.74705,10.40,0.60
2008.01.23 14:44:21.201,0.74685,0.74705,10.40,0.90
2008.01.23 14:44:21.534,0.74685,0.7471,8.80,17.80
2008.01.23 14:44:21.868,0.74685,0.7471,6.40,32.20
2008.01.23 14:44:22.201,0.74685,0.7471,6.40,30.70
2008.01.23 14:44:22.434,0.74685,0.7471,6.40,32.50
2008.01.23 14:44:22.668,0.74685,0.74705,6.40,0.70
2008.01.23 14:44:22.901,0.74685,0.74705,6.40,0.50
2008.01.23 14:44:23.134,0.74685,0.7471,22.40,8.50
2008.01.23 14:44:23.438,0.74685,0.74705,22.40,0.50
2008.01.23 14:44:23.741,0.74685,0.7471,10.40,16.50
2008.01.23 14:44:24.044,0.74685,0.74705,8.80,0.50
2008.01.23 14:44:24.328,0.74685,0.74705,8.80,0.80
2008.01.23 14:44:24.612,0.74695,0.7471,1.90,10.70
2008.01.23 14:44:24.896,0.74695,0.7471,1.80,10.70
2008.01.23 14:44:25.181,0.747,0.74705,0.20,0.90
2008.01.23 14:44:25.471,0.74695,0.7472,9.60,10.10
2008.01.23 14:44:25.755,0.74695,0.7472,25.00,2.10
2008.01.23 14:44:26.029,0.7471,0.7472,0.30,0.90
2008.01.23 14:44:26.304,0.7471,0.74725,0.30,0.50
2008.01.23 14:44:26.609,0.74705,0.74725,8.90,0.60
2008.01.23 14:44:26.920,0.7471,0.74735,2.40,0.50
2008.01.23 14:44:27.222,0.7471,0.7474,2.40,12.50
2008.01.23 14:44:27.461,0.74715,0.74735,6.40,0.70
2008.01.23 14:44:27.699,0.74715,0.7474,10.60,16.80
2008.01.23 14:44:27.938,0.74715,0.7474,10.60,12.80
2008.01.23 14:44:28.178,0.74715,0.74745,25.20,51.70
2008.01.23 14:44:28.507,0.74715,0.74745,27.40,38.90
2008.01.23 14:44:28.836,0.74715,0.74745,11.10,35.10
2008.01.23 14:44:29.165,0.74715,0.74745,4.20,37.10
2008.01.23 14:44:29.427,0.74715,0.74745,4.00,36.30
2008.01.23 14:44:29.680,0.74715,0.74745,4.20,28.30
2008.01.23 14:44:29.933,0.74715,0.74745,4.20,30.90
2008.01.23 14:44:30.186,0.74715,0.7474,4.00,0.70
2008.01.23 14:44:30.469,0.74715,0.74745,4.00,36.70
2008.01.23 14:44:30.752,0.74715,0.74745,0.30,36.30
2008.01.23 14:44:31.035,0.74715,0.7474,0.30,0.30
2008.01.23 14:44:31.319,0.74715,0.74755,20.20,59.30
2008.01.23 14:44:31.623,0.74715,0.7474,0.30,0.30
2008.01.23 14:44:31.926,0.7471,0.7473,2.60,1.60
2008.01.23 14:44:32.229,0.74705,0.74725,22.40,0.30
2008.01.23 14:44:32.468,0.74705,0.74725,22.40,1.90
2008.01.23 14:44:32.707,0.74705,0.74725,16.00,25.90
2008.01.23 14:44:32.945,0.74695,0.74725,36.80,25.90
2008.01.23 14:44:33.185,0.74695,0.7472,10.60,0.30
2008.01.23 14:44:33.423,0.74695,0.7472,16.20,1.90
2008.01.23 14:44:33.726,0.74695,0.74725,20.40,27.70
2008.01.23 14:44:34.030,0.747,0.74725,0.30,9.80
2008.01.23 14:44:34.334,0.74705,0.74725,18.60,5.60
2008.01.23 14:44:34.617,0.74705,0.7473,18.60,9.60
2008.01.23 14:44:34.900,0.747,0.74725,1.60,1.90
2008.01.23 14:44:35.184,0.747,0.7473,3.50,8.30
2008.01.23 14:44:35.469,0.747,0.7473,1.80,8.30
2008.01.23 14:44:35.608,0.74695,0.7473,43.60,8.30
2008.01.23 14:44:35.752,0.747,0.7473,0.80,0.30
2008.01.23 14:44:36.036,0.74695,0.7473,43.60,0.30
2008.01.23 14:44:36.320,0.747,0.7473,0.60,0.30
2008.01.23 14:44:36.608,0.74695,0.7473,48.80,0.30
2008.01.23 14:44:36.898,0.747,0.74725,0.80,0.30
2008.01.23 14:44:37.186,0.74705,0.74725,1.10,0.30
2008.01.23 14:44:37.475,0.74705,0.74725,3.50,0.30
2008.01.23 14:44:37.713,0.74695,0.7472,21.60,0.30
2008.01.23 14:44:37.951,0.7469,0.7472,4.20,0.30
2008.01.23 14:44:38.190,0.74695,0.7472,3.80,0.30
2008.01.23 14:44:38.429,0.7469,0.7472,46.80,0.30
2008.01.23 14:44:38.712,0.747,0.74725,1.20,25.90
2008.01.23 14:44:38.995,0.74695,0.74725,43.60,0.30
2008.01.23 14:44:39.278,0.7469,0.74725,41.20,0.30
2008.01.23 14:44:39.562,0.7469,0.74725,44.40,0.30
2008.01.23 14:44:39.866,0.74695,0.74725,44.40,0.30
2008.01.23 14:44:40.170,0.74695,0.74725,44.40,0.30
2008.01.23 14:44:40.473,0.74695,0.74725,44.40,0.30
2008.01.23 14:44:40.751,0.74695,0.74725,43.60,0.30
2008.01.23 14:44:41.029,0.747,0.74725,0.70,0.30
2008.01.23 14:44:41.308,0.747,0.74725,0.70,0.30
2008.01.23 14:44:41.586,0.74695,0.74725,31.00,12.30
2008.01.23 14:44:41.856,0.7469,0.7472,2.30,0.30
2008.01.23 14:44:42.125,0.74695,0.7472,5.90,0.30
2008.01.23 14:44:42.403,0.7469,0.7472,39.00,0.30
2008.01.23 14:44:42.663,0.74695,0.7472,7.20,0.30
2008.01.23 14:44:42.941,0.7469,0.7472,38.80,0.30
2008.01.23 14:44:43.219,0.7469,0.74725,42.80,1.90
2008.01.23 14:44:43.497,0.7469,0.74725,50.80,0.30
2008.01.23 14:44:43.751,0.7469,0.7472,50.80,0.30
2008.01.23 14:44:44.005,0.7469,0.7472,46.80,0.30
2008.01.23 14:44:44.258,0.74695,0.7472,7.90,0.30
2008.01.23 14:44:44.631,0.74695,0.7472,3.60,0.30
2008.01.23 14:44:44.914,0.74695,0.7472,8.80,0.30
2008.01.23 14:44:45.198,0.74695,0.7472,7.70,0.30
2008.01.23 14:44:45.481,0.74695,0.7472,8.80,0.30
2008.01.23 14:44:45.759,0.74695,0.7472,8.50,0.30
2008.01.23 14:44:46.038,0.7469,0.7472,30.60,0.30
2008.01.23 14:44:46.316,0.7469,0.7472,30.60,0.30
2008.01.23 14:44:46.595,0.7469,0.7472,30.60,0.30
2008.01.23 14:44:46.833,0.7469,0.7472,30.60,0.30
2008.01.23 14:44:47.072,0.74695,0.74715,1.80,0.30
2008.01.23 14:44:47.313,0.74685,0.74715,57.60,0.30
2008.01.23 14:44:47.643,0.74695,0.74715,4.40,0.30
2008.01.23 14:44:47.918,0.74685,0.74715,56.80,0.30
2008.01.23 14:44:48.192,0.74695,0.74715,4.80,0.30
2008.01.23 14:44:48.465,0.74685,0.74715,56.80,0.30
2008.01.23 14:44:48.747,0.74685,0.74715,56.80,0.30
2008.01.23 14:44:49.035,0.7469,0.7472,10.70,9.10
2008.01.23 14:44:49.323,0.74695,0.7472,2.10,9.90
2008.01.23 14:44:49.612,0.7469,0.7472,10.60,9.90
2008.01.23 14:44:49.872,0.74695,0.74715,2.70,9.10
2008.01.23 14:44:50.130,0.74695,0.74715,3.50,9.10
2008.01.23 14:44:50.388,0.7469,0.74715,10.40,6.70
2008.01.23 14:44:50.656,0.74695,0.74715,2.80,6.70
2008.01.23 14:44:50.939,0.74695,0.74715,4.80,6.70
2008.01.23 14:44:51.223,0.7469,0.74715,11.40,6.40
2008.01.23 14:44:51.506,0.74695,0.74715,4.00,6.40
2008.01.23 14:44:51.790,0.74695,0.74715,3.40,9.10
2008.01.23 14:44:52.069,0.7469,0.74715,8.00,9.10
2008.01.23 14:44:52.347,0.74685,0.74715,57.60,6.70
2008.01.23 14:44:52.626,0.74695,0.74715,1.40,6.40
2008.01.23 14:44:52.860,0.7469,0.7472,12.40,8.30
2008.01.23 14:44:53.093,0.7469,0.7472,12.40,8.30
2008.01.23 14:44:53.335,0.74695,0.7472,4.00,8.30
2008.01.23 14:44:54.276,0.7469,0.7472,12.40,8.30
2008.01.23 14:44:54.608,0.7469,0.7472,12.40,8.30
2008.01.23 14:44:54.997,0.74695,0.7472,1.50,8.30
2008.01.23 14:44:55.222,0.7469,0.7472,12.40,8.30
2008.01.23 14:44:55.423,0.7469,0.7472,12.40,8.30
2008.01.23 14:44:55.737,0.7469,0.7472,12.40,8.30
2008.01.23 14:44:56.050,0.7469,0.7472,12.20,8.30
2008.01.23 14:44:56.364,0.7469,0.7472,11.40,8.30
2008.01.23 14:44:56.678,0.74695,0.74715,2.30,2.70
2008.01.23 14:44:56.990,0.74685,0.74715,60.80,6.70
2008.01.23 14:44:57.254,0.74695,0.74715,1.60,29.10
2008.01.23 14:44:57.517,0.7469,0.74715,8.00,29.10
2008.01.23 14:44:57.779,0.7469,0.74715,8.00,18.90
2008.01.23 14:44:58.053,0.7469,0.74715,8.00,18.90
2008.01.23 14:44:58.328,0.74695,0.74715,3.60,29.10
2008.01.23 14:44:58.601,0.7469,0.74715,8.00,29.10
2008.01.23 14:44:58.875,0.74695,0.74715,2.00,30.90
2008.01.23 14:44:59.207,0.74695,0.74715,2.10,30.90
2008.01.23 14:44:59.530,0.7469,0.74715,8.00,30.90
2008.01.23 14:44:59.834,0.7469,0.74715,8.00,30.90
2008.01.23 14:45:00.213,0.74695,0.74715,1.50,30.90
2008.01.23 14:45:00.462,0.7469,0.74715,4.00,30.90
2008.01.23 14:45:00.710,0.74695,0.74715,0.90,30.90
2008.01.23 14:45:01.070,0.7469,0.74715,4.00,30.90
2008.01.23 14:45:01.393,0.74695,0.74715,1.30,34.10
2008.01.23 14:45:01.717,0.7469,0.7471,4.00,1.10
2008.01.23 14:45:02.041,0.7469,0.7471,6.40,0.30
2008.01.23 14:45:02.270,0.7469,0.7471,4.00,0.30
2008.01.23 14:45:02.504,0.7469,0.7471,4.00,0.30
2008.01.23 14:45:02.733,0.74695,0.7471,2.40,0.30
2008.01.23 14:45:02.961,0.7469,0.7471,1.60,0.30
2008.01.23 14:45:03.294,0.74685,0.7471,32.80,0.30
2008.01.23 14:45:03.627,0.7469,0.7471,1.60,0.30
2008.01.23 14:45:03.961,0.7469,0.7471,1.60,1.10
2008.01.23 14:45:04.216,0.74685,0.7471,32.00,1.10
2008.01.23 14:45:04.468,0.74685,0.7471,32.00,1.10
2008.01.23 14:45:04.722,0.74685,0.7471,23.20,1.10
2008.01.23 14:45:04.975,0.74685,0.7471,23.20,1.10
2008.01.23 14:45:05.284,0.74685,0.7471,11.20,1.10
2008.01.23 14:45:05.593,0.74685,0.7471,11.20,9.10
2008.01.23 14:45:05.902,0.7469,0.7471,1.60,9.10
2008.01.23 14:45:06.166,0.7469,0.7471,1.60,9.10
2008.01.23 14:45:06.430,0.7469,0.74705,1.60,4.00
2008.01.23 14:45:06.726,0.7469,0.74705,1.60,4.00
2008.01.23 14:45:06.989,0.7469,0.74705,1.60,4.00
2008.01.23 14:45:07.273,0.7469,0.74705,1.60,4.00
2008.01.23 14:45:07.662,0.74685,0.74705,11.20,4.00
2008.01.23 14:45:07.938,0.74685,0.74705,11.20,4.00
2008.01.23 14:45:08.205,0.74685,0.74705,11.20,4.00
2008.01.23 14:45:08.573,0.74685,0.74705,11.20,4.00
2008.01.23 14:45:08.840,0.7469,0.74705,1.60,4.00
2008.01.23 14:45:09.734,0.74685,0.74705,11.20,4.00
2008.01.23 14:45:09.975,0.74685,0.74705,11.20,4.00
2008.01.23 14:45:10.244,0.74685,0.74705,11.20,4.00
2008.01.23 14:45:10.513,0.74685,0.74705,11.20,6.40
2008.01.23 14:45:11.026,0.74685,0.74705,11.20,6.40
2008.01.23 14:45:11.499,0.74685,0.74705,11.20,6.40
2008.01.23 14:45:12.112,0.74685,0.74705,11.20,6.40
2008.01.23 14:45:12.364,0.74685,0.74705,11.20,6.40
2008.01.23 14:45:12.669,0.74685,0.74705,11.20,6.70
2008.01.23 14:45:12.923,0.74685,0.74705,7.20,4.30
2008.01.23 14:45:13.177,0.74685,0.74705,4.80,6.70
2008.01.23 14:45:13.455,0.74685,0.74705,7.20,6.10
2008.01.23 14:45:13.734,0.74685,0.74705,7.20,6.10
2008.01.23 14:45:14.011,0.74685,0.74705,7.20,6.10
2008.01.23 14:45:14.310,0.74685,0.74705,7.20,6.90
2008.01.23 14:45:14.609,0.74685,0.74705,7.20,6.90
2008.01.23 14:45:14.907,0.74685,0.74705,7.20,6.90
2008.01.23 14:45:15.205,0.74685,0.74705,7.20,6.90
2008.01.23 14:45:15.462,0.74685,0.74705,4.80,9.30
2008.01.23 14:45:15.721,0.74685,0.74705,7.20,6.90
2008.01.23 14:45:15.979,0.74685,0.74705,7.20,8.50
2008.01.23 14:45:16.238,0.74685,0.74705,7.20,6.90
2008.01.23 14:45:16.536,0.74685,0.74705,7.20,6.90
2008.01.23 14:45:16.829,0.74685,0.74705,10.40,9.30
2008.01.23 14:45:17.122,0.74685,0.74705,10.40,9.30
2008.01.23 14:45:17.366,0.74685,0.74705,7.20,7.50
2008.01.23 14:45:17.609,0.74685,0.74705,7.20,7.50
2008.01.23 14:45:17.852,0.74675,0.747,30.40,0.30
2008.01.23 14:45:18.102,0.74675,0.74695,22.40,0.30
2008.01.23 14:45:18.360,0.74675,0.74695,10.40,0.30
2008.01.23 14:45:18.619,0.74675,0.74695,10.40,0.30
2008.01.23 14:45:18.878,0.74675,0.74695,10.40,0.30
2008.01.23 14:45:19.137,0.74675,0.747,10.40,9.10
2008.01.23 14:45:19.442,0.7468,0.747,1.60,8.30
2008.01.23 14:45:19.745,0.7468,0.747,1.60,9.10
2008.01.23 14:45:20.050,0.7468,0.747,1.60,1.10
2008.01.23 14:45:20.273,0.74675,0.747,25.60,1.10
2008.01.23 14:45:20.496,0.74675,0.747,25.60,1.10
2008.01.23 14:45:20.720,0.74675,0.747,25.60,1.10
2008.01.23 14:45:20.943,0.74675,0.74695,13.60,6.40
2008.01.23 14:45:21.167,0.74675,0.74695,13.60,6.40
2008.01.23 14:45:21.500,0.7468,0.747,1.60,0.30
2008.01.23 14:45:21.833,0.7468,0.747,1.60,0.30
2008.01.23 14:45:22.166,0.7468,0.747,1.60,0.30
2008.01.23 14:45:22.380,0.7468,0.747,1.60,0.30
2008.01.23 14:45:22.593,0.7468,0.747,1.60,0.30
2008.01.23 14:45:23.010,0.7468,0.747,1.60,0.30
2008.01.23 14:45:23.272,0.7468,0.747,1.60,0.30
2008.01.23 14:45:23.586,0.7468,0.747,1.60,0.30
2008.01.23 14:45:23.899,0.7468,0.747,1.60,0.30
2008.01.23 14:45:24.213,0.7468,0.747,1.60,0.30
2008.01.23 14:45:24.467,0.7468,0.747,1.60,0.30
2008.01.23 14:45:24.722,0.7468,0.747,1.60,0.30
2008.01.23 14:45:24.975,0.7468,0.74705,1.60,2.90
2008.01.23 14:45:25.228,0.7468,0.74705,1.60,12.30
2008.01.23 14:45:25.511,0.7468,0.74705,1.60,29.10
2008.01.23 14:45:25.795,0.7468,0.74705,1.60,0.30
2008.01.23 14:45:26.078,0.7468,0.74705,1.60,0.30
2008.01.23 14:45:26.361,0.7468,0.7471,1.80,0.30
2008.01.23 14:45:26.674,0.7468,0.74705,1.60,0.30
2008.01.23 14:45:26.987,0.7468,0.74705,1.60,0.30
2008.01.23 14:45:27.301,0.74685,0.7471,0.30,0.30
2008.01.23 14:45:27.529,0.74685,0.7471,0.30,0.30
2008.01.23 14:45:27.818,0.74685,0.7471,0.30,0.30
2008.01.23 14:45:28.045,0.7468,0.7471,1.80,0.30
2008.01.23 14:45:28.273,0.7468,0.74705,1.60,0.30
2008.01.23 14:45:28.588,0.7468,0.74705,1.60,0.30
2008.01.23 14:45:28.901,0.74685,0.7471,16.40,8.00
2008.01.23 14:45:29.216,0.7469,0.74715,0.30,1.80
2008.01.23 14:45:29.494,0.7469,0.74715,0.30,1.80
2008.01.23 14:45:29.773,0.74685,0.74715,42.80,2.10
2008.01.23 14:45:30.052,0.74685,0.74715,42.80,2.10
2008.01.23 14:45:30.331,0.7469,0.7472,0.30,0.30
2008.01.23 14:45:30.599,0.7469,0.7472,0.30,0.30
2008.01.23 14:45:30.867,0.74685,0.7471,30.60,0.30
2008.01.23 14:45:31.136,0.74685,0.7471,30.60,0.30
2008.01.23 14:45:31.404,0.74685,0.74715,34.80,0.30
2008.01.23 14:45:31.738,0.74685,0.7471,34.60,0.30
2008.01.23 14:45:32.071,0.74685,0.7471,30.60,0.30
2008.01.23 14:45:32.405,0.74695,0.7472,0.30,8.30
2008.01.23 14:45:32.644,0.74695,0.7472,0.30,1.10
2008.01.23 14:45:32.882,0.74685,0.74715,34.80,0.30
2008.01.23 14:45:33.122,0.74685,0.74715,34.80,0.30
2008.01.23 14:45:33.360,0.74685,0.74715,34.80,0.30
2008.01.23 14:45:33.673,0.74685,0.74715,34.80,0.30
2008.01.23 14:45:33.987,0.74685,0.74715,34.80,0.30
2008.01.23 14:45:34.299,0.74685,0.74715,32.40,1.90
2008.01.23 14:45:34.613,0.74685,0.74715,32.40,8.30
2008.01.23 14:45:34.736,0.74685,0.74715,32.40,0.60
2008.01.23 14:45:34.893,0.74685,0.74705,32.00,0.80
2008.01.23 14:45:35.171,0.74685,0.74715,30.40,14.30
2008.01.23 14:45:35.449,0.7468,0.7471,1.60,10.70
2008.01.23 14:45:35.712,0.7468,0.7471,1.60,10.70
2008.01.23 14:45:35.978,0.7468,0.747,1.60,0.30
2008.01.23 14:45:36.243,0.7468,0.747,1.60,0.30
2008.01.23 14:45:36.612,0.7468,0.74705,1.60,25.10
2008.01.23 14:45:36.914,0.7468,0.7471,1.60,27.90
2008.01.23 14:45:37.227,0.7468,0.74705,1.60,24.30
2008.01.23 14:45:37.529,0.7468,0.74705,1.60,24.30
2008.01.23 14:45:37.763,0.7468,0.74705,1.60,24.30
2008.01.23 14:45:37.996,0.7468,0.74705,1.60,24.30
2008.01.23 14:45:38.229,0.7468,0.747,1.60,0.30
2008.01.23 14:45:38.462,0.7468,0.74705,1.60,24.30
2008.01.23 14:45:38.761,0.7468,0.74705,1.60,0.60
2008.01.23 14:45:39.059,0.7468,0.74705,1.60,0.80
2008.01.23 14:45:39.357,0.7468,0.7471,1.60,26.70
2008.01.23 14:45:39.655,0.7468,0.74705,1.60,0.60
2008.01.23 14:45:40.122,0.7468,0.74705,1.60,24.30
2008.01.23 14:45:40.387,0.7468,0.7471,1.60,14.70
2008.01.23 14:45:40.660,0.7468,0.7471,4.00,10.70
2008.01.23 14:45:40.958,0.7468,0.7471,4.00,9.10
2008.01.23 14:45:41.257,0.7469,0.7471,1.60,0.50
2008.01.23 14:45:41.556,0.74695,0.7471,1.60,0.80
2008.01.23 14:45:41.825,0.74695,0.74715,0.80,39.50
2008.01.23 14:45:42.094,0.74685,0.7471,12.00,10.70
2008.01.23 14:45:42.363,0.74685,0.7471,4.00,10.70
2008.01.23 14:45:42.632,0.74685,0.74715,4.00,46.10
2008.01.23 14:45:42.895,0.74685,0.7471,4.00,0.60
2008.01.23 14:45:43.158,0.74685,0.74715,4.00,54.10
2008.01.23 14:45:43.422,0.74685,0.74715,4.00,54.10
2008.01.23 14:45:43.686,0.74685,0.7471,4.00,0.90
2008.01.23 14:45:43.975,0.74685,0.74715,4.00,57.30
2008.01.23 14:45:44.263,0.7469,0.74715,1.60,53.30
2008.01.23 14:45:44.552,0.7469,0.74715,1.60,44.50
2008.01.23 14:45:44.840,0.7469,0.7471,1.60,0.50
2008.01.23 14:45:45.182,0.74685,0.7471,18.40,0.70
2008.01.23 14:45:45.470,0.74685,0.74715,4.00,56.50
2008.01.23 14:45:45.749,0.74685,0.7471,4.00,0.90
2008.01.23 14:45:46.042,0.74685,0.74715,18.40,46.90
2008.01.23 14:45:46.335,0.74685,0.7471,18.40,0.60
2008.01.23 14:45:46.719,0.74685,0.74715,18.40,38.90
2008.01.23 14:45:47.026,0.74685,0.74715,18.40,38.90
2008.01.23 14:45:47.279,0.74685,0.7471,18.40,0.50
2008.01.23 14:45:47.533,0.74685,0.74715,18.40,38.10
2008.01.23 14:45:47.787,0.74685,0.74715,18.40,36.30
2008.01.23 14:45:48.012,0.74685,0.74715,18.40,36.30
2008.01.23 14:45:48.235,0.74685,0.7471,16.00,2.70
2008.01.23 14:45:48.458,0.7468,0.7471,4.00,10.70
2008.01.23 14:45:48.682,0.7468,0.7471,4.00,10.70
2008.01.23 14:45:48.931,0.7468,0.74705,1.60,0.80
2008.01.23 14:45:49.180,0.7468,0.747,1.60,0.30
2008.01.23 14:45:49.429,0.74675,0.747,33.00,0.30
2008.01.23 14:45:49.678,0.74675,0.74705,33.00,24.30
2008.01.23 14:45:50.000,0.74675,0.74705,25.20,0.30
2008.01.23 14:45:50.305,0.74675,0.7471,25.20,1.10
2008.01.23 14:45:50.618,0.74675,0.74705,37.20,0.30
2008.01.23 14:45:50.886,0.74675,0.7471,37.20,1.10
2008.01.23 14:45:51.155,0.7468,0.74715,0.30,52.30
2008.01.23 14:45:51.479,0.7468,0.7471,0.30,0.90
2008.01.23 14:45:51.747,0.74675,0.7471,37.20,9.10
2008.01.23 14:45:51.979,0.74675,0.7471,37.20,9.10
2008.01.23 14:45:52.214,0.74675,0.74705,37.20,0.30
2008.01.23 14:45:52.447,0.74675,0.7471,37.20,9.10
2008.01.23 14:45:52.729,0.74675,0.74705,37.20,0.30
2008.01.23 14:45:53.116,0.7468,0.74715,0.30,54.90
2008.01.23 14:45:53.435,0.7468,0.74715,0.30,51.70
2008.01.23 14:45:53.754,0.74675,0.7471,37.20,9.50
2008.01.23 14:45:53.982,0.74675,0.7471,37.00,9.10
2008.01.23 14:45:54.212,0.7468,0.7471,0.30,0.50
2008.01.23 14:45:54.440,0.7468,0.7471,0.30,0.60
2008.01.23 14:45:54.668,0.74675,0.7471,37.20,1.10
2008.01.23 14:45:54.963,0.74675,0.7471,33.20,9.10
2008.01.23 14:45:55.257,0.74675,0.7471,33.00,9.50
2008.01.23 14:45:55.559,0.74675,0.74705,33.00,24.30
2008.01.23 14:45:55.852,0.74675,0.747,33.00,0.30
2008.01.23 14:45:56.135,0.74675,0.74705,33.00,24.30
2008.01.23 14:45:56.417,0.74675,0.74705,33.00,24.30
2008.01.23 14:45:56.701,0.74675,0.7471,33.20,21.50
2008.01.23 14:45:56.984,0.74675,0.7471,33.20,9.50
2008.01.23 14:45:57.204,0.7469,0.7471,1.60,9.50
2008.01.23 14:45:57.476,0.7469,0.7471,1.60,9.50
2008.01.23 14:45:57.660,0.7469,0.7471,1.60,9.50
2008.01.23 14:45:57.849,0.7469,0.74705,1.60,0.30
2008.01.23 14:45:58.087,0.7469,0.7471,1.60,9.10
2008.01.23 14:45:58.327,0.74685,0.74715,17.60,48.50
2008.01.23 14:45:58.565,0.74685,0.74715,20.00,36.50
2008.01.23 14:45:58.803,0.74685,0.74715,8.00,36.50
2008.01.23 14:45:59.107,0.74685,0.74715,10.40,38.10
2008.01.23 14:45:59.421,0.74685,0.7471,24.80,0.80
2008.01.23 14:45:59.725,0.74685,0.74715,22.40,34.70
2008.01.23 14:46:00.029,0.74685,0.7471,10.40,0.60
2008.01.23 14:46:00.281,0.74685,0.74705,10.40,0.70
2008.01.23 14:46:00.535,0.74685,0.74705,10.40,0.90
2008.01.23 14:46:00.787,0.74685,0.74705,10.40,0.80
2008.01.23 14:46:01.192,0.74685,0.7471,10.40,16.30
2008.01.23 14:46:01.454,0.74685,0.7471,10.40,16.30
2008.01.23 14:46:01.719,0.74685,0.74705,10.40,0.50
2008.01.23 14:46:01.996,0.74685,0.7471,10.40,16.30
2008.01.23 14:46:02.204,0.74685,0.7471,10.40,16.30
2008.01.23 14:46:02.412,0.74685,0.74705,10.40,0.30
2008.01.23 14:46:02.620,0.74685,0.7471,10.40,0.70
2008.01.23 14:46:02.828,0.74685,0.74705,10.40,0.60
2008.01.23 14:46:03.136,0.74685,0.74705,10.40,0.70
2008.01.23 14:46:03.444,0.74685,0.7471,10.40,9.10
2008.01.23 14:46:03.751,0.74685,0.7471,10.40,0.80
2008.01.23 14:46:04.060,0.74695,0.7471,2.40,1.10
2008.01.23 14:46:04.342,0.74685,0.7471,25.80,0.80
2008.01.23 14:46:04.625,0.74685,0.74705,25.60,0.30
2008.01.23 14:46:04.908,0.74685,0.74705,11.20,4.00
2008.01.23 14:46:05.167,0.74685,0.74705,11.20,4.00
2008.01.23 14:46:05.425,0.74685,0.74705,11.20,7.20
2008.01.23 14:46:05.683,0.74685,0.74705,11.20,7.20
2008.01.23 14:46:05.942,0.74685,0.74705,10.40,4.80
2008.01.23 14:46:06.246,0.74685,0.74705,10.40,4.80
2008.01.23 14:46:06.549,0.74685,0.74705,10.40,7.50
2008.01.23 14:46:06.852,0.74685,0.74705,10.40,7.50
2008.01.23 14:46:07.156,0.74685,0.74705,10.40,6.70
2008.01.23 14:46:07.389,0.74685,0.74705,10.40,0.30
2008.01.23 14:46:07.622,0.74685,0.7471,10.40,9.10
2008.01.23 14:46:07.914,0.74685,0.7471,10.40,9.10
2008.01.23 14:46:08.446,0.74685,0.7471,10.40,9.10
2008.01.23 14:46:08.745,0.74685,0.7471,10.40,9.10
2008.01.23 14:46:09.043,0.74685,0.7471,10.40,8.30
2008.01.23 14:46:09.311,0.74685,0.74705,10.40,4.30
2008.01.23 14:46:09.579,0.74685,0.74705,10.40,6.70
2008.01.23 14:46:09.848,0.74685,0.74705,10.40,6.70
2008.01.23 14:46:10.116,0.74685,0.74705,10.40,6.70
2008.01.23 14:46:10.390,0.74685,0.74705,10.40,6.70
2008.01.23 14:46:10.664,0.74685,0.74705,10.40,6.70
2008.01.23 14:46:10.936,0.74685,0.74705,10.40,7.50
2008.01.23 14:46:11.244,0.74685,0.74705,10.40,7.20
2008.01.23 14:46:11.553,0.74685,0.74705,8.80,28.80
2008.01.23 14:46:11.861,0.74685,0.74705,10.40,5.80
2008.01.23 14:46:12.169,0.74685,0.74705,10.40,2.90
2008.01.23 14:46:12.413,0.74685,0.74705,10.40,3.20
2008.01.23 14:46:12.660,0.74685,0.74705,10.40,4.00
2008.01.23 14:46:12.903,0.74685,0.74705,8.80,7.50
2008.01.23 14:46:13.211,0.74685,0.74705,8.80,7.50
2008.01.23 14:46:13.532,0.74685,0.74705,8.80,27.50
2008.01.23 14:46:13.841,0.74685,0.74705,10.40,17.00
2008.01.23 14:46:14.148,0.74685,0.74705,10.40,2.60
2008.01.23 14:46:14.422,0.74685,0.74705,4.80,7.60
2008.01.23 14:46:14.695,0.74685,0.74705,4.80,7.50
2008.01.23 14:46:14.969,0.74685,0.74705,10.40,7.50
2008.01.23 14:46:15.207,0.74685,0.74705,10.40,7.90
2008.01.23 14:46:15.446,0.74685,0.74705,8.80,7.50
2008.01.23 14:46:15.938,0.74685,0.74705,8.80,7.50
2008.01.23 14:46:16.206,0.74685,0.74705,8.80,7.50
2008.01.23 14:46:16.483,0.74675,0.74695,21.80,2.40
2008.01.23 14:46:16.751,0.74675,0.74695,21.80,2.40
2008.01.23 14:46:17.019,0.74675,0.74695,21.80,2.40
2008.01.23 14:46:17.268,0.74685,0.74695,0.30,2.40
2008.01.23 14:46:17.516,0.74685,0.74705,0.30,29.00
2008.01.23 14:46:17.764,0.7468,0.74705,1.80,31.40
2008.01.23 14:46:18.013,0.7468,0.74705,4.20,1.80
2008.01.23 14:46:18.312,0.74685,0.7471,1.60,8.30
2008.01.23 14:46:18.610,0.74685,0.7471,4.00,8.30
2008.01.23 14:46:18.910,0.74685,0.7471,5.60,8.30
2008.01.23 14:46:19.209,0.74685,0.74715,8.20,34.70
2008.01.23 14:46:19.457,0.74685,0.74715,25.20,33.10
2008.01.23 14:46:19.705,0.74685,0.7471,25.00,0.30
2008.01.23 14:46:19.953,0.74685,0.7471,10.60,8.30
2008.01.23 14:46:20.202,0.74685,0.7471,10.80,8.00
2008.01.23 14:46:20.485,0.74685,0.74715,25.20,30.70
2008.01.23 14:46:20.769,0.74685,0.74715,23.60,30.70
2008.01.23 14:46:21.052,0.74685,0.7471,24.20,0.30
2008.01.23 14:46:21.346,0.74685,0.7471,5.80,8.30
2008.01.23 14:46:21.640,0.74685,0.74705,10.60,0.30
2008.01.23 14:46:21.933,0.74685,0.74705,4.80,20.30
2008.01.23 14:46:22.227,0.74685,0.74705,6.40,25.10
2008.01.23 14:46:22.485,0.7468,0.74705,0.80,17.10
2008.01.23 14:46:22.743,0.7468,0.747,3.20,0.80
2008.01.23 14:46:23.002,0.74675,0.74705,39.60,29.10
2008.01.23 14:46:23.260,0.74675,0.74705,39.60,30.10
2008.01.23 14:46:23.566,0.7468,0.74705,2.40,26.90
2008.01.23 14:46:23.869,0.7468,0.74705,2.40,25.10
2008.01.23 14:46:24.172,0.7468,0.74705,0.80,31.50
2008.01.23 14:46:24.446,0.7468,0.74705,5.00,0.80
2008.01.23 14:46:24.719,0.7468,0.7471,5.00,10.70
2008.01.23 14:46:24.992,0.74685,0.7471,4.00,9.90
2008.01.23 14:46:25.266,0.74685,0.7471,4.20,9.90
2008.01.23 14:46:25.550,0.74685,0.7471,9.00,9.90
2008.01.23 14:46:25.834,0.74685,0.7471,21.80,9.90
2008.01.23 14:46:26.117,0.74685,0.7471,24.40,1.60
2008.01.23 14:46:26.400,0.74685,0.7471,24.40,1.60
2008.01.23 14:46:26.715,0.74685,0.7471,24.40,1.60
2008.01.23 14:46:27.024,0.74685,0.7471,24.20,1.90
2008.01.23 14:46:27.333,0.74685,0.7471,11.40,9.90
2008.01.23 14:46:27.561,0.74685,0.7471,24.20,1.90
2008.01.23 14:46:27.790,0.74685,0.7471,24.20,1.90
2008.01.23 14:46:28.018,0.74685,0.7471,11.40,1.90
2008.01.23 14:46:28.246,0.74685,0.7471,9.00,9.90
2008.01.23 14:46:28.534,0.74685,0.7471,9.00,9.90
2008.01.23 14:46:28.932,0.74685,0.7471,9.00,9.90
2008.01.23 14:46:29.452,0.74685,0.7471,9.00,9.90
2008.01.23 14:46:29.751,0.74685,0.7471,9.00,9.90
2008.01.23 14:46:29.859,0.74685,0.7471,9.00,0.50
2008.01.23 14:46:30.050,0.74685,0.74715,9.00,34.10
2008.01.23 14:46:30.348,0.74685,0.7471,9.00,0.50
2008.01.23 14:46:30.619,0.74685,0.7471,9.00,0.90
2008.01.23 14:46:30.895,0.74685,0.7471,9.00,0.80
2008.01.23 14:46:31.164,0.74685,0.7471,8.80,0.80
2008.01.23 14:46:31.434,0.74685,0.74715,23.40,37.30
2008.01.23 14:46:31.718,0.74685,0.74715,23.40,33.30
2008.01.23 14:46:32.012,0.74685,0.74715,23.40,33.30
2008.01.23 14:46:32.296,0.74685,0.7471,23.60,0.50
2008.01.23 14:46:32.584,0.74685,0.7471,25.20,0.70
2008.01.23 14:46:32.872,0.74685,0.74715,25.00,32.50
2008.01.23 14:46:33.160,0.74685,0.74715,23.40,32.50
2008.01.23 14:46:33.448,0.74685,0.74715,9.00,36.50
2008.01.23 14:46:33.686,0.74685,0.7471,9.00,0.60
2008.01.23 14:46:34.017,0.74685,0.74715,9.00,36.50
2008.01.23 14:46:34.256,0.74685,0.74715,9.00,37.30
2008.01.23 14:46:34.494,0.74685,0.74715,9.00,36.50
2008.01.23 14:46:34.827,0.74685,0.74715,9.00,36.50
2008.01.23 14:46:35.161,0.74685,0.7471,9.00,0.90
2008.01.23 14:46:35.494,0.74685,0.74715,9.00,36.50
2008.01.23 14:46:36.405,0.74685,0.74715,9.00,36.50
2008.01.23 14:46:36.713,0.74685,0.74715,9.00,36.50
2008.01.23 14:46:37.408,0.74685,0.74715,9.00,36.50
2008.01.23 14:46:37.675,0.74685,0.74715,9.00,36.50
2008.01.23 14:46:38.671,0.74685,0.7471,8.80,0.70
2008.01.23 14:46:38.930,0.74685,0.7471,8.80,0.90
2008.01.23 14:46:39.198,0.74685,0.74715,9.00,38.90
2008.01.23 14:46:39.465,0.74685,0.74715,9.00,38.90
2008.01.23 14:46:39.772,0.74685,0.74715,20.80,35.30
2008.01.23 14:46:40.081,0.74685,0.7471,8.80,0.60
2008.01.23 14:46:40.389,0.74685,0.7471,8.80,9.90
2008.01.23 14:46:40.699,0.74675,0.74705,46.80,0.90
2008.01.23 14:46:40.952,0.74675,0.74705,46.80,12.30
2008.01.23 14:46:41.207,0.74675,0.74705,46.60,11.50
2008.01.23 14:46:41.460,0.74675,0.74705,21.80,35.50
2008.01.23 14:46:41.748,0.74675,0.74705,22.00,35.50
2008.01.23 14:46:42.037,0.74675,0.7471,31.60,39.50
2008.01.23 14:46:42.338,0.74675,0.74705,31.60,0.70
2008.01.23 14:46:42.626,0.74675,0.74715,35.60,65.70
2008.01.23 14:46:42.844,0.74675,0.74705,35.60,0.50
2008.01.23 14:46:43.062,0.74675,0.74715,35.60,65.70
2008.01.23 14:46:43.281,0.74675,0.74715,35.60,65.70
2008.01.23 14:46:43.499,0.7468,0.7471,1.60,9.90
2008.01.23 14:46:43.767,0.7468,0.74705,1.60,0.30
2008.01.23 14:46:44.036,0.7468,0.7471,1.60,9.90
2008.01.23 14:46:44.315,0.7468,0.74715,1.80,52.10
2008.01.23 14:46:44.583,0.74685,0.74715,4.00,42.90
2008.01.23 14:46:44.872,0.74685,0.74715,4.00,34.90
2008.01.23 14:46:45.178,0.74685,0.7471,4.00,0.80
2008.01.23 14:46:45.466,0.74685,0.7471,4.20,0.90
2008.01.23 14:46:46.227,0.74685,0.74715,4.20,34.90
2008.01.23 14:46:46.650,0.74685,0.74715,4.20,34.90
2008.01.23 14:46:46.958,0.74685,0.7471,4.20,0.70
2008.01.23 14:46:47.266,0.74685,0.7471,4.20,0.80
2008.01.23 14:46:47.574,0.7469,0.74715,1.60,30.90
2008.01.23 14:46:47.868,0.7469,0.7471,1.60,0.30
2008.01.23 14:46:48.161,0.7469,0.7472,1.60,41.30
2008.01.23 14:46:48.455,0.74695,0.74715,4.00,32.50
2008.01.23 14:46:48.749,0.74695,0.74715,4.00,32.50
2008.01.23 14:46:49.012,0.74695,0.74715,4.00,32.50
2008.01.23 14:46:49.275,0.74695,0.74715,4.00,32.50
2008.01.23 14:46:49.537,0.74695,0.74715,4.00,32.50
2008.01.23 14:46:49.801,0.74695,0.7471,4.00,0.90
2008.01.23 14:46:50.096,0.74695,0.74715,4.00,0.90
2008.01.23 14:46:50.389,0.74695,0.74715,4.00,0.50
2008.01.23 14:46:50.683,0.74695,0.74715,4.00,0.60
2008.01.23 14:46:50.971,0.74695,0.74715,4.00,0.60
2008.01.23 14:46:51.258,0.74695,0.7472,4.00,18.70
2008.01.23 14:46:51.547,0.74695,0.74715,4.20,0.60
2008.01.23 14:46:51.834,0.74695,0.7472,4.20,19.50
2008.01.23 14:46:52.088,0.74685,0.7472,30.40,32.30
2008.01.23 14:46:52.342,0.7469,0.74715,1.60,0.50
2008.01.23 14:46:52.595,0.7469,0.74715,1.60,0.90
2008.01.23 14:46:52.849,0.74685,0.7472,30.40,32.30
2008.01.23 14:46:53.190,0.74685,0.74715,30.40,0.70
2008.01.23 14:46:53.493,0.74685,0.74715,30.40,0.50
2008.01.23 14:46:53.796,0.74685,0.74715,30.40,0.60
2008.01.23 14:46:54.059,0.74685,0.7472,30.40,32.30
2008.01.23 14:46:54.322,0.7469,0.74715,1.60,0.50
2008.01.23 14:46:54.584,0.7469,0.7472,1.60,32.30
2008.01.23 14:46:54.848,0.7469,0.7472,1.60,31.50
2008.01.23 14:46:55.122,0.74685,0.74715,25.60,0.50
2008.01.23 14:46:55.396,0.74685,0.7472,25.60,32.30
2008.01.23 14:46:56.165,0.74685,0.74715,25.60,0.90
2008.01.23 14:46:56.434,0.74695,0.7472,6.40,19.50
2008.01.23 14:46:56.712,0.74695,0.7472,6.40,19.50
2008.01.23 14:46:57.618,0.74695,0.7472,6.40,19.50
2008.01.23 14:46:58.147,0.74695,0.74715,6.40,10.70
2008.01.23 14:46:58.413,0.74695,0.74715,6.40,9.10
2008.01.23 14:46:58.677,0.74695,0.74715,6.40,10.70
2008.01.23 14:46:58.941,0.74695,0.74715,2.40,10.70
2008.01.23 14:46:59.214,0.74695,0.74715,2.40,9.10
2008.01.23 14:46:59.488,0.74695,0.74715,6.40,9.10
2008.01.23 14:46:59.761,0.74695,0.74715,6.40,9.10
2008.01.23 14:46:59.924,0.74695,0.74715,1.90,9.10
2008.01.23 14:47:00.517,0.7469,0.74715,8.00,9.10
2008.01.23 14:47:00.820,0.74685,0.74715,36.00,10.70
2008.01.23 14:47:01.073,0.74685,0.74715,40.00,10.70
2008.01.23 14:47:01.322,0.74695,0.74715,1.30,10.70
2008.01.23 14:47:01.570,0.74695,0.74715,0.70,10.70
2008.01.23 14:47:01.907,0.74685,0.7471,28.00,8.00
2008.01.23 14:47:02.210,0.7468,0.74705,21.30,2.40
2008.01.23 14:47:02.514,0.74685,0.74715,14.60,34.90
2008.01.23 14:47:02.817,0.7468,0.74715,39.60,32.50
2008.01.23 14:47:03.131,0.7468,0.7471,40.00,0.30
2008.01.23 14:47:03.404,0.74685,0.7471,4.90,0.30
2008.01.23 14:47:03.760,0.74685,0.7471,3.70,0.30
2008.01.23 14:47:04.033,0.7468,0.7471,12.10,8.30
2008.01.23 14:47:04.310,0.74685,0.7471,2.00,8.30
2008.01.23 14:47:04.588,0.74685,0.7471,2.40,8.30
2008.01.23 14:47:04.866,0.7468,0.7471,10.90,8.30
2008.01.23 14:47:05.144,0.74685,0.7471,0.60,8.30
2008.01.23 14:47:05.402,0.7468,0.7471,31.60,0.30
2008.01.23 14:47:05.661,0.74685,0.7471,0.90,0.30
2008.01.23 14:47:05.920,0.7468,0.7471,10.90,8.30
2008.01.23 14:47:06.183,0.7468,0.7471,10.90,8.30
2008.01.23 14:47:06.674,0.7468,0.7471,10.90,8.30
2008.01.23 14:47:07.196,0.7468,0.7471,10.90,8.30
2008.01.23 14:47:07.831,0.74685,0.7471,3.60,8.00
2008.01.23 14:47:08.072,0.74695,0.74715,1.50,34.10
2008.01.23 14:47:08.308,0.74685,0.74715,24.40,34.10
2008.01.23 14:47:08.730,0.74695,0.74715,1.80,34.10
2008.01.23 14:47:08.933,0.74695,0.74715,3.20,34.10
2008.01.23 14:47:09.246,0.74685,0.74715,28.40,34.10
2008.01.23 14:47:09.523,0.74685,0.74715,28.40,34.10
2008.01.23 14:47:09.971,0.74685,0.74715,28.40,34.10
2008.01.23 14:47:10.230,0.74695,0.74715,2.20,34.10
2008.01.23 14:47:10.489,0.74695,0.74715,2.40,34.10
2008.01.23 14:47:10.747,0.74695,0.74715,3.50,34.10
2008.01.23 14:47:11.005,0.74685,0.74715,28.40,34.10
2008.01.23 14:47:11.303,0.74695,0.74715,3.10,34.10
2008.01.23 14:47:11.601,0.74695,0.74715,3.40,34.10
2008.01.23 14:47:11.900,0.74685,0.74715,23.60,34.10
2008.01.23 14:47:12.197,0.74685,0.74715,31.60,34.10
2008.01.23 14:47:12.445,0.74695,0.74715,1.10,34.10
2008.01.23 14:47:12.700,0.74685,0.74715,31.60,34.10
2008.01.23 14:47:13.128,0.74685,0.74715,31.60,34.10
2008.01.23 14:47:13.433,0.74685,0.74715,31.60,34.10
2008.01.23 14:47:13.686,0.74695,0.74715,0.70,34.10
2008.01.23 14:47:13.940,0.74685,0.74715,32.40,34.10
2008.01.23 14:47:14.194,0.74695,0.74715,2.20,34.10
2008.01.23 14:47:14.482,0.74685,0.74715,32.40,34.10
2008.01.23 14:47:14.770,0.74695,0.74715,3.40,34.10
2008.01.23 14:47:15.059,0.74695,0.74715,1.00,34.10
2008.01.23 14:47:15.331,0.74695,0.74715,3.70,33.80
2008.01.23 14:47:15.604,0.74695,0.74715,3.70,5.80
2008.01.23 14:47:15.886,0.7469,0.74715,10.60,5.80
2008.01.23 14:47:16.160,0.7469,0.74715,10.60,1.80
2008.01.23 14:47:16.433,0.74695,0.74715,1.00,0.30
2008.01.23 14:47:16.706,0.74695,0.74715,1.90,9.10
2008.01.23 14:47:16.980,0.7469,0.7472,31.40,0.30
2008.01.23 14:47:17.253,0.74695,0.7472,8.30,0.30
2008.01.23 14:47:17.839,0.7469,0.7472,31.40,0.30
2008.01.23 14:47:18.091,0.7469,0.7472,11.40,9.90
2008.01.23 14:47:18.344,0.74695,0.7472,3.30,9.90
2008.01.23 14:47:18.814,0.74695,0.7472,1.60,9.90
2008.01.23 14:47:19.226,0.74695,0.7472,2.70,9.90
2008.01.23 14:47:19.478,0.74695,0.7472,3.70,9.90
2008.01.23 14:47:19.868,0.7469,0.7472,11.40,9.90
2008.01.23 14:47:20.122,0.74695,0.7472,7.10,0.30
2008.01.23 14:47:20.375,0.7469,0.7472,31.40,0.30
2008.01.23 14:47:20.758,0.7469,0.7472,31.40,0.30
2008.01.23 14:47:21.445,0.7469,0.7472,31.40,0.30
2008.01.23 14:47:21.900,0.7469,0.7472,31.40,0.30
2008.01.23 14:47:22.580,0.74695,0.7472,11.10,0.30
2008.01.23 14:47:22.809,0.7469,0.7472,11.40,8.30
2008.01.23 14:47:23.038,0.74695,0.7472,5.30,8.30
2008.01.23 14:47:23.266,0.74695,0.7472,1.00,8.30
2008.01.23 14:47:23.509,0.7469,0.7472,11.40,8.30
2008.01.23 14:47:23.818,0.74695,0.7472,5.30,8.30
2008.01.23 14:47:24.070,0.7469,0.7472,11.40,8.30
2008.01.23 14:47:24.314,0.74695,0.7472,4.90,8.30
2008.01.23 14:47:24.583,0.7469,0.7472,11.40,8.30
2008.01.23 14:47:24.922,0.7469,0.7472,11.40,8.30
2008.01.23 14:47:25.203,0.74695,0.7472,0.90,8.30
2008.01.23 14:47:25.472,0.74695,0.74715,3.10,4.00
2008.01.23 14:47:25.654,0.74695,0.74715,1.20,4.00
2008.01.23 14:47:25.827,0.7469,0.74715,7.40,4.00
2008.01.23 14:47:25.989,0.7469,0.74715,7.40,4.00
2008.01.23 14:47:26.153,0.74695,0.74715,1.60,4.00
2008.01.23 14:47:26.316,0.7469,0.7472,11.40,9.90
2008.01.23 14:47:26.833,0.7469,0.7472,11.40,9.90
2008.01.23 14:47:27.167,0.74695,0.74715,4.80,4.00
2008.01.23 14:47:27.499,0.74695,0.7472,8.80,9.90
2008.01.23 14:47:27.699,0.74695,0.7472,8.80,9.90
2008.01.23 14:47:27.875,0.74695,0.7472,8.80,9.90
2008.01.23 14:47:28.053,0.74695,0.74715,4.80,4.00
2008.01.23 14:47:28.232,0.74695,0.74715,4.80,4.00
2008.01.23 14:47:28.637,0.74695,0.74715,4.80,4.00
2008.01.23 14:47:29.844,0.74695,0.74715,7.20,4.00
2008.01.23 14:47:30.062,0.74695,0.74715,8.00,4.00
2008.01.23 14:47:30.281,0.74695,0.74715,8.00,4.00
2008.01.23 14:47:30.499,0.74695,0.74715,12.00,6.40
2008.01.23 14:47:30.717,0.74695,0.74715,12.00,6.40
2008.01.23 14:47:31.213,0.74695,0.74715,12.00,6.40
2008.01.23 14:47:31.844,0.74695,0.74715,12.20,6.40
2008.01.23 14:47:32.162,0.74695,0.7472,24.20,1.60
2008.01.23 14:47:32.481,0.74695,0.7472,24.20,1.60
2008.01.23 14:47:33.841,0.74695,0.7472,24.20,1.60
2008.01.23 14:47:34.321,0.74695,0.7472,24.00,1.90
2008.01.23 14:47:34.565,0.74695,0.74715,12.00,6.40
2008.01.23 14:47:34.809,0.74695,0.74715,12.00,6.40
2008.01.23 14:47:35.083,0.74695,0.7472,24.20,1.60
2008.01.23 14:47:35.356,0.74695,0.7472,24.20,1.60
2008.01.23 14:47:36.307,0.74695,0.7472,24.00,1.90
2008.01.23 14:47:37.129,0.74695,0.7472,24.00,1.90
2008.01.23 14:47:38.828,0.74695,0.7472,24.00,1.90
2008.01.23 14:47:39.810,0.74695,0.7472,24.20,1.90
2008.01.23 14:47:40.606,0.74695,0.7472,24.20,1.90
2008.01.23 14:47:40.937,0.74695,0.7472,24.40,1.60
2008.01.23 14:47:41.156,0.74695,0.74725,26.00,33.90
2008.01.23 14:47:41.375,0.74695,0.74725,26.00,33.90
2008.01.23 14:47:41.824,0.74695,0.74725,26.00,33.90
2008.01.23 14:47:42.131,0.74695,0.74725,26.00,30.70
2008.01.23 14:47:42.433,0.74695,0.74725,26.00,30.70
2008.01.23 14:47:42.738,0.74695,0.74725,26.00,30.70
2008.01.23 14:47:42.962,0.74695,0.74725,26.00,30.70
2008.01.23 14:47:43.186,0.74695,0.74725,27.60,30.70
2008.01.23 14:47:43.483,0.74695,0.74725,27.60,30.70
2008.01.23 14:47:43.708,0.74695,0.74725,27.60,30.70
2008.01.23 14:47:44.734,0.74695,0.74725,28.40,30.70
2008.01.23 14:47:45.037,0.74695,0.7472,25.20,1.60
2008.01.23 14:47:45.322,0.74695,0.7472,25.20,1.60
2008.01.23 14:47:45.616,0.74695,0.7472,22.80,1.60
2008.01.23 14:47:45.899,0.74695,0.7472,22.80,1.60
2008.01.23 14:47:46.178,0.74695,0.7472,22.80,1.60
2008.01.23 14:47:46.432,0.74695,0.7472,22.80,1.60
2008.01.23 14:47:47.866,0.74695,0.7472,22.80,1.60
2008.01.23 14:47:48.684,0.74695,0.7472,22.80,1.60
2008.01.23 14:47:48.962,0.74695,0.7472,22.80,1.60
2008.01.23 14:47:49.253,0.74695,0.7472,22.80,1.60
2008.01.23 14:47:49.528,0.74695,0.7472,22.80,1.60
2008.01.23 14:47:49.810,0.74695,0.7472,22.80,1.60
2008.01.23 14:47:50.094,0.74695,0.7472,23.60,1.60
2008.01.23 14:47:50.307,0.74695,0.7472,23.60,1.60
2008.01.23 14:47:50.620,0.74695,0.7472,23.60,1.60
2008.01.23 14:47:51.018,0.74695,0.7472,22.80,1.60
2008.01.23 14:47:51.231,0.74695,0.7472,22.80,1.60
2008.01.23 14:47:51.555,0.74695,0.7472,22.80,1.60
2008.01.23 14:47:52.033,0.74695,0.74725,22.80,31.50
2008.01.23 14:47:52.059,0.74695,0.74725,22.80,31.50
2008.01.23 14:47:52.259,0.74695,0.74725,22.80,31.50
2008.01.23 14:47:53.593,0.74695,0.74725,22.60,33.10
2008.01.23 14:47:53.892,0.74695,0.7472,22.60,0.50
2008.01.23 14:47:54.112,0.74695,0.7472,22.60,0.70
2008.01.23 14:47:54.411,0.74695,0.7472,22.60,0.80
2008.01.23 14:47:54.709,0.74695,0.7472,24.00,0.30
2008.01.23 14:47:55.007,0.74695,0.74715,12.00,0.90
2008.01.23 14:47:55.306,0.74695,0.74715,10.40,0.70
2008.01.23 14:47:55.549,0.74695,0.7472,24.20,0.80
2008.01.23 14:47:55.796,0.74695,0.7473,24.20,43.70
2008.01.23 14:47:56.036,0.74695,0.7473,24.20,43.70
2008.01.23 14:47:56.280,0.74695,0.7473,24.20,41.90
2008.01.23 14:47:56.589,0.74695,0.7472,12.00,14.70
2008.01.23 14:47:56.897,0.74695,0.7472,12.00,14.70
2008.01.23 14:47:57.206,0.74695,0.7472,12.00,14.70
2008.01.23 14:47:57.450,0.74695,0.7472,10.40,17.10
2008.01.23 14:47:57.693,0.74695,0.74715,12.00,0.80
2008.01.23 14:47:57.969,0.74695,0.7472,10.40,17.10
2008.01.23 14:47:58.213,0.74695,0.7472,12.00,15.50
2008.01.23 14:47:58.488,0.74695,0.74715,10.40,0.90
2008.01.23 14:47:58.746,0.74695,0.7472,10.40,17.10
2008.01.23 14:47:59.212,0.74695,0.7472,12.00,15.50
2008.01.23 14:47:59.485,0.74695,0.7472,10.40,15.50
2008.01.23 14:47:59.759,0.74695,0.74715,12.00,0.50
2008.01.23 14:48:00.032,0.74695,0.74715,10.40,0.50
2008.01.23 14:48:00.306,0.74695,0.7472,12.00,15.50
2008.01.23 14:48:00.539,0.74695,0.74715,6.40,0.60
2008.01.23 14:48:00.773,0.74695,0.7472,4.00,15.50
2008.01.23 14:48:01.006,0.7469,0.74715,1.60,0.60
2008.01.23 14:48:01.240,0.7469,0.7472,1.60,31.50
2008.01.23 14:48:01.508,0.74695,0.74715,6.40,0.50
2008.01.23 14:48:01.777,0.74695,0.7472,8.80,13.10
2008.01.23 14:48:02.144,0.74695,0.74715,8.80,0.80
2008.01.23 14:48:02.653,0.74695,0.74715,8.80,0.60
2008.01.23 14:48:02.876,0.74695,0.7472,8.80,17.10
2008.01.23 14:48:03.100,0.7469,0.7472,1.80,19.50
2008.01.23 14:48:03.336,0.7469,0.7472,1.60,31.50
2008.01.23 14:48:03.569,0.74695,0.7472,6.40,17.10
2008.01.23 14:48:03.802,0.74695,0.7472,8.80,17.10
2008.01.23 14:48:04.036,0.74695,0.74715,2.40,0.50
2008.01.23 14:48:04.270,0.74685,0.7471,33.80,0.30
2008.01.23 14:48:04.563,0.74685,0.7471,32.20,0.30
2008.01.23 14:48:05.012,0.74685,0.74715,32.20,37.10
2008.01.23 14:48:05.306,0.74695,0.7472,4.00,33.90
2008.01.23 14:48:05.599,0.74695,0.7472,6.40,20.30
2008.01.23 14:48:05.813,0.74695,0.7472,6.40,21.30
2008.01.23 14:48:06.129,0.74695,0.74715,6.40,0.80
2008.01.23 14:48:06.328,0.74695,0.7472,6.40,17.10
2008.01.23 14:48:06.662,0.74695,0.74715,6.40,0.70
2008.01.23 14:48:06.996,0.74695,0.74715,6.40,0.50
2008.01.23 14:48:07.328,0.74695,0.7472,6.40,19.50
2008.01.23 14:48:07.557,0.74695,0.7472,6.40,19.50
2008.01.23 14:48:07.786,0.74695,0.7472,6.40,19.50
2008.01.23 14:48:08.200,0.74695,0.7472,6.40,19.50
2008.01.23 14:48:08.417,0.74695,0.7472,6.40,14.70
2008.01.23 14:48:08.690,0.74695,0.74715,6.40,0.60
2008.01.23 14:48:08.963,0.74695,0.74715,6.40,0.80
2008.01.23 14:48:09.262,0.74695,0.74715,6.40,0.60
2008.01.23 14:48:09.953,0.74695,0.74715,6.40,0.50
2008.01.23 14:48:10.651,0.74695,0.7472,6.40,18.70
2008.01.23 14:48:10.902,0.74695,0.7472,6.40,18.70
2008.01.23 14:48:11.107,0.74695,0.7472,6.40,30.70
2008.01.23 14:48:11.320,0.74695,0.7472,6.40,31.50
2008.01.23 14:48:11.535,0.74695,0.7472,6.40,31.50
2008.01.23 14:48:11.868,0.74695,0.7472,6.40,22.10
2008.01.23 14:48:12.202,0.74695,0.7472,6.40,18.70
2008.01.23 14:48:12.536,0.74695,0.7472,6.40,14.70
2008.01.23 14:48:12.770,0.74695,0.7472,6.40,18.70
2008.01.23 14:48:13.176,0.74695,0.7472,6.40,18.70
2008.01.23 14:48:13.410,0.74695,0.74715,6.40,0.90
2008.01.23 14:48:13.713,0.74695,0.74715,6.40,0.70
2008.01.23 14:48:14.016,0.74695,0.7472,6.40,18.70
2008.01.23 14:48:14.320,0.74695,0.74715,6.40,0.70
2008.01.23 14:48:14.624,0.74695,0.7472,2.60,29.60
2008.01.23 14:48:14.922,0.74695,0.74725,0.30,60.50
2008.01.23 14:48:15.222,0.7469,0.7472,0.30,16.50
2008.01.23 14:48:15.521,0.7469,0.7472,0.30,20.50
2008.01.23 14:48:15.774,0.74685,0.7472,36.40,30.70
2008.01.23 14:48:16.027,0.74685,0.74725,28.40,73.70
2008.01.23 14:48:17.051,0.74685,0.74725,31.20,71.70
2008.01.23 14:48:17.350,0.74695,0.74715,4.00,0.50
2008.01.23 14:48:17.649,0.74695,0.7472,4.00,18.70
2008.01.23 14:48:17.882,0.74695,0.7472,4.00,18.70
2008.01.23 14:48:18.115,0.74695,0.74715,4.00,0.60
2008.01.23 14:48:18.349,0.74695,0.74715,6.40,0.50
2008.01.23 14:48:18.583,0.74695,0.74715,6.40,0.60
2008.01.23 14:48:18.826,0.74695,0.7472,6.40,18.70
2008.01.23 14:48:19.070,0.74695,0.7472,6.40,18.70
2008.01.23 14:48:19.314,0.74695,0.7472,6.40,18.70
2008.01.23 14:48:19.557,0.74695,0.7472,6.40,14.70
2008.01.23 14:48:19.801,0.74695,0.7472,6.40,18.70
2008.01.23 14:48:20.090,0.7469,0.74715,6.70,10.40
2008.01.23 14:48:20.673,0.74695,0.74715,3.30,10.40
2008.01.23 14:48:21.233,0.74685,0.74715,43.60,10.70
2008.01.23 14:48:21.457,0.7469,0.74715,7.20,30.70
2008.01.23 14:48:21.680,0.7469,0.74715,6.70,10.40
2008.01.23 14:48:22.008,0.74695,0.74715,3.00,10.70
2008.01.23 14:48:22.337,0.74685,0.74715,1.70,30.70
2008.01.23 14:48:22.666,0.74685,0.74715,13.80,30.70
2008.01.23 14:48:22.994,0.74685,0.74715,1.10,30.70
2008.01.23 14:48:23.472,0.7468,0.74715,34.40,30.70
2008.01.23 14:48:23.802,0.7468,0.74715,36.80,30.70
2008.01.23 14:48:24.060,0.74685,0.7471,3.00,8.00
2008.01.23 14:48:24.327,0.7468,0.7471,35.60,0.80
2008.01.23 14:48:24.578,0.74695,0.74715,3.20,11.20
2008.01.23 14:48:24.836,0.7469,0.74715,6.70,12.20
2008.01.23 14:48:25.120,0.74695,0.74715,1.00,12.20
2008.01.23 14:48:25.403,0.74695,0.74715,2.10,10.40
2008.01.23 14:48:25.687,0.7469,0.74715,10.60,6.40
2008.01.23 14:48:25.970,0.74695,0.74715,3.30,6.40
2008.01.23 14:48:26.203,0.7468,0.7471,45.30,0.30
2008.01.23 14:48:26.440,0.7468,0.74705,13.30,2.40
2008.01.23 14:48:26.673,0.74685,0.7471,24.40,8.00
2008.01.23 14:48:26.908,0.74685,0.74715,10.70,34.10
2008.01.23 14:48:27.236,0.74685,0.74715,40.80,10.70
2008.01.23 14:48:27.564,0.74695,0.74715,1.80,10.70
2008.01.23 14:48:27.892,0.74685,0.74715,40.80,10.70
2008.01.23 14:48:28.136,0.74695,0.74715,3.20,10.70
2008.01.23 14:48:28.379,0.74685,0.74715,40.80,10.70
2008.01.23 14:48:28.925,0.74685,0.74715,40.80,10.70
2008.01.23 14:48:29.456,0.74695,0.7471,1.00,0.30
2008.01.23 14:48:29.710,0.74685,0.74705,17.30,2.40
2008.01.23 14:48:29.964,0.7469,0.74715,0.30,35.20
2008.01.23 14:48:30.271,0.7468,0.7471,17.30,9.10
2008.01.23 14:48:30.569,0.7468,0.7471,17.30,9.10
2008.01.23 14:48:30.867,0.7468,0.7471,17.30,9.10
2008.01.23 14:48:31.151,0.74685,0.7471,4.40,9.10
2008.01.23 14:48:31.442,0.7468,0.7471,11.70,9.10
2008.01.23 14:48:31.727,0.74685,0.74705,2.70,6.40
2008.01.23 14:48:32.011,0.7468,0.74705,11.50,6.40
2008.01.23 14:48:32.275,0.74685,0.74705,1.20,6.40
2008.01.23 14:48:32.741,0.7468,0.74705,10.70,6.40
2008.01.23 14:48:33.004,0.7468,0.74705,10.70,6.40
2008.01.23 14:48:33.267,0.7468,0.74705,11.50,4.00
2008.01.23 14:48:33.531,0.7468,0.74705,12.30,6.40
2008.01.23 14:48:33.794,0.74685,0.74705,4.50,6.40
2008.01.23 14:48:34.058,0.7468,0.74705,12.30,6.40
2008.01.23 14:48:34.296,0.74685,0.74705,2.00,6.40
2008.01.23 14:48:34.535,0.74685,0.74705,1.20,6.40
2008.01.23 14:48:34.773,0.7468,0.74705,10.70,6.40
2008.01.23 14:48:35.018,0.7468,0.74705,10.70,6.40
2008.01.23 14:48:35.322,0.7468,0.74705,10.70,6.40
2008.01.23 14:48:35.626,0.7468,0.74705,10.70,6.40
2008.01.23 14:48:35.930,0.7468,0.74705,10.70,6.40
2008.01.23 14:48:36.288,0.74685,0.74705,1.20,2.40
2008.01.23 14:48:36.543,0.7468,0.7471,10.70,9.10
2008.01.23 14:48:37.369,0.7468,0.7471,10.70,9.10
2008.01.23 14:48:37.731,0.74685,0.7471,5.50,9.10
2008.01.23 14:48:38.949,0.74685,0.7471,3.50,9.10
2008.01.23 14:48:39.223,0.74685,0.7471,4.80,9.10
2008.01.23 14:48:39.492,0.74685,0.7471,5.50,9.10
2008.01.23 14:48:39.761,0.7468,0.7471,12.50,9.10
2008.01.23 14:48:40.030,0.74675,0.7471,60.10,8.80
2008.01.23 14:48:40.313,0.74675,0.7471,60.90,8.80
2008.01.23 14:48:40.595,0.74685,0.7471,4.60,8.80
2008.01.23 14:48:40.880,0.74685,0.7471,31.70,0.80
2008.01.23 14:48:41.163,0.74685,0.7471,31.70,0.80
2008.01.23 14:48:41.490,0.74685,0.7471,31.70,0.80
2008.01.23 14:48:41.781,0.74685,0.7471,31.70,0.80
2008.01.23 14:48:42.223,0.74685,0.7471,31.70,0.80
2008.01.23 14:48:42.550,0.74685,0.7471,34.10,0.80
2008.01.23 14:48:43.079,0.74695,0.7471,0.30,0.80
2008.01.23 14:48:43.376,0.74685,0.7471,34.00,0.80
2008.01.23 14:48:43.675,0.74685,0.7471,34.10,0.80
2008.01.23 14:48:43.973,0.74685,0.7471,34.10,0.80
2008.01.23 14:48:44.271,0.74695,0.7471,0.30,0.80
2008.01.23 14:48:44.574,0.74685,0.7471,16.80,0.80
2008.01.23 14:48:44.877,0.74685,0.74715,4.10,32.50
2008.01.23 14:48:45.185,0.74685,0.74715,25.20,35.70
2008.01.23 14:48:45.444,0.74695,0.74715,0.80,35.70
2008.01.23 14:48:45.704,0.74685,0.7471,5.50,8.00
2008.01.23 14:48:45.962,0.7468,0.7471,12.30,8.30
2008.01.23 14:48:46.221,0.74685,0.74705,0.90,6.40
2008.01.23 14:48:46.535,0.74685,0.74705,5.50,6.40
2008.01.23 14:48:46.849,0.7468,0.74705,10.70,6.40
2008.01.23 14:48:47.407,0.7468,0.74705,10.70,6.40
2008.01.23 14:48:47.710,0.7468,0.74705,10.70,6.40
2008.01.23 14:48:47.953,0.7468,0.74705,10.70,6.40
2008.01.23 14:48:48.197,0.7468,0.7471,10.70,8.30
2008.01.23 14:48:48.445,0.7468,0.7471,10.70,8.30
2008.01.23 14:48:48.692,0.7468,0.7471,10.70,8.30
2008.01.23 14:48:48.971,0.74685,0.7471,2.80,8.30
2008.01.23 14:48:49.398,0.74685,0.7471,2.40,8.00
2008.01.23 14:48:49.697,0.74675,0.7471,60.00,8.00
2008.01.23 14:48:49.970,0.74675,0.7471,60.00,8.00
2008.01.23 14:48:50.243,0.74675,0.7471,60.00,8.00
2008.01.23 14:48:50.725,0.74675,0.7471,60.00,8.00
2008.01.23 14:48:50.951,0.74685,0.7471,4.30,8.00
2008.01.23 14:48:51.138,0.74685,0.7471,4.10,8.00
2008.01.23 14:48:51.327,0.74675,0.7471,60.00,8.00
2008.01.23 14:48:51.661,0.74685,0.7471,1.40,8.00
2008.01.23 14:48:52.067,0.7468,0.7471,10.90,8.30
2008.01.23 14:48:52.402,0.7468,0.74705,10.60,21.60
2008.01.23 14:48:52.626,0.7468,0.74705,10.80,1.60
2008.01.23 14:48:52.850,0.74685,0.74705,4.20,1.80
2008.01.23 14:48:53.073,0.7468,0.74705,10.90,1.80
2008.01.23 14:48:53.297,0.7468,0.74705,10.90,2.40
2008.01.23 14:48:53.586,0.7468,0.74705,10.90,2.40
2008.01.23 14:48:53.875,0.7468,0.74705,12.50,2.40
2008.01.23 14:48:54.163,0.74685,0.74705,5.50,2.40
2008.01.23 14:48:54.452,0.7468,0.74705,12.50,2.40
2008.01.23 14:48:54.740,0.7468,0.74705,12.50,2.40
2008.01.23 14:48:55.133,0.74685,0.74705,1.70,2.40
2008.01.23 14:48:55.727,0.74685,0.74705,4.70,2.40
2008.01.23 14:48:55.985,0.74685,0.747,3.90,0.40
2008.01.23 14:48:56.244,0.7468,0.747,10.60,0.40
2008.01.23 14:48:56.503,0.74685,0.747,1.10,0.40
2008.01.23 14:48:56.835,0.7468,0.747,11.60,0.40
2008.01.23 14:48:57.149,0.74685,0.747,3.30,0.40
2008.01.23 14:48:58.244,0.7468,0.747,11.90,0.40
2008.01.23 14:48:58.482,0.74685,0.747,0.50,0.40
2008.01.23 14:48:58.786,0.7468,0.747,12.60,0.40
2008.01.23 14:48:59.089,0.7468,0.747,12.40,0.40
2008.01.23 14:48:59.393,0.74685,0.747,3.00,0.40
2008.01.23 14:48:59.657,0.74685,0.747,2.60,0.40
2008.01.23 14:48:59.921,0.7468,0.747,12.40,0.40
2008.01.23 14:49:00.185,0.7468,0.74705,12.20,6.40
2008.01.23 14:49:00.725,0.74685,0.74705,2.40,6.40
2008.01.23 14:49:01.041,0.7468,0.74705,11.40,4.00
2008.01.23 14:49:01.340,0.7468,0.7471,10.60,10.70
2008.01.23 14:49:01.638,0.74685,0.74705,1.30,14.70
2008.01.23 14:49:01.916,0.7468,0.74705,8.00,30.70
2008.01.23 14:49:02.205,0.7468,0.74705,10.40,30.10
2008.01.23 14:49:02.510,0.74685,0.74705,3.40,30.10
2008.01.23 14:49:02.768,0.7468,0.74705,10.40,30.10
2008.01.23 14:49:03.027,0.7468,0.74705,10.40,29.30
2008.01.23 14:49:03.286,0.74685,0.74705,2.60,31.70
2008.01.23 14:49:03.551,0.7468,0.74705,8.00,32.50
2008.01.23 14:49:03.849,0.7468,0.74705,10.40,30.10
2008.01.23 14:49:04.148,0.7468,0.74705,8.20,11.40
2008.01.23 14:49:04.177,0.74685,0.74705,0.80,0.80
2008.01.23 14:49:04.453,0.7468,0.7471,8.20,21.30
2008.01.23 14:49:04.701,0.74685,0.74705,0.90,0.90
2008.01.23 14:49:04.950,0.7468,0.7471,10.60,17.10
2008.01.23 14:49:05.244,0.7468,0.7471,10.60,17.10
2008.01.23 14:49:05.656,0.7468,0.7471,8.20,19.50
2008.01.23 14:49:05.965,0.74685,0.74705,0.90,0.80
2008.01.23 14:49:06.285,0.74685,0.7471,6.40,19.50
2008.01.23 14:49:07.471,0.74685,0.74705,6.40,0.80
2008.01.23 14:49:07.680,0.74685,0.74715,10.40,41.30
2008.01.23 14:49:08.177,0.74685,0.74715,10.40,41.30
2008.01.23 14:49:08.385,0.74685,0.74715,8.80,41.30
2008.01.23 14:49:08.593,0.74685,0.74715,21.60,34.90
2008.01.23 14:49:08.811,0.74685,0.7471,21.60,0.70
2008.01.23 14:49:09.237,0.74685,0.74715,21.60,34.90
2008.01.23 14:49:09.455,0.74685,0.7471,21.60,0.60
2008.01.23 14:49:09.749,0.74685,0.7472,23.40,43.70
2008.01.23 14:49:10.042,0.74685,0.7471,23.40,0.70
2008.01.23 14:49:10.337,0.74685,0.74705,9.60,0.60
2008.01.23 14:49:10.631,0.74685,0.74705,11.20,0.90
2008.01.23 14:49:10.879,0.74685,0.74705,11.20,0.70
2008.01.23 14:49:11.128,0.74685,0.7471,9.60,12.30
2008.01.23 14:49:11.375,0.74685,0.7471,9.60,12.30
2008.01.23 14:49:11.624,0.74685,0.7471,11.20,10.70
2008.01.23 14:49:13.164,0.74685,0.7471,9.60,12.30
2008.01.23 14:49:13.802,0.74685,0.7471,9.80,12.30
2008.01.23 14:49:14.119,0.74685,0.7471,9.60,12.30
2008.01.23 14:49:14.524,0.74685,0.7471,9.60,12.30
2008.01.23 14:49:14.778,0.74685,0.7471,8.80,16.30
2008.01.23 14:49:15.082,0.74685,0.74705,8.80,0.50
2008.01.23 14:49:15.384,0.74685,0.7471,8.80,17.10
2008.01.23 14:49:15.688,0.74685,0.74705,10.40,0.70
2008.01.23 14:49:15.944,0.74685,0.7471,10.40,11.50
2008.01.23 14:49:16.202,0.74685,0.7471,8.80,11.50
2008.01.23 14:49:16.472,0.74685,0.7471,9.00,13.10
2008.01.23 14:49:17.076,0.74685,0.7471,10.60,11.50
2008.01.23 14:49:17.369,0.74685,0.74705,10.80,0.50
2008.01.23 14:49:17.663,0.74685,0.7471,10.80,0.50
2008.01.23 14:49:18.164,0.74685,0.74715,9.20,35.70
2008.01.23 14:49:18.427,0.74685,0.7471,9.20,0.90
2008.01.23 14:49:18.690,0.74685,0.7471,10.60,11.50
2008.01.23 14:49:18.990,0.74685,0.7471,10.60,11.50
2008.01.23 14:49:19.266,0.74685,0.7471,10.60,11.50
2008.01.23 14:49:19.530,0.74685,0.7471,10.60,11.50
2008.01.23 14:49:19.793,0.74685,0.7471,9.00,17.10
2008.01.23 14:49:20.731,0.74685,0.74705,10.60,0.60
2008.01.23 14:49:21.158,0.74685,0.7471,10.40,15.50
2008.01.23 14:49:22.488,0.74685,0.7471,10.40,15.50
2008.01.23 14:49:22.791,0.74685,0.74715,29.80,26.90
2008.01.23 14:49:23.050,0.74685,0.74715,33.80,0.50
2008.01.23 14:49:23.309,0.74695,0.74715,2.40,0.90
2008.01.23 14:49:23.568,0.7469,0.7472,0.30,37.10
2008.01.23 14:49:23.826,0.74695,0.7472,2.40,23.70
2008.01.23 14:49:24.131,0.74695,0.7472,6.40,22.10
2008.01.23 14:49:24.435,0.74695,0.7472,6.40,33.10
2008.01.23 14:49:24.738,0.74695,0.74715,2.40,0.50
2008.01.23 14:49:25.041,0.74695,0.74725,2.40,72.90
2008.01.23 14:49:25.309,0.74695,0.74715,6.40,0.80
2008.01.23 14:49:25.577,0.74695,0.74715,6.40,0.70
2008.01.23 14:49:26.149,0.74695,0.74715,6.40,0.70
2008.01.23 14:49:26.742,0.74695,0.74725,6.40,72.90
2008.01.23 14:49:27.102,0.74695,0.7472,6.40,34.10
2008.01.23 14:49:27.345,0.74695,0.74715,6.40,0.70
2008.01.23 14:49:27.589,0.747,0.7472,0.40,22.10
2008.01.23 14:49:27.832,0.747,0.74725,0.40,64.10
2008.01.23 14:49:28.132,0.747,0.74715,0.40,0.50
2008.01.23 14:49:28.430,0.747,0.7472,0.40,20.50
2008.01.23 14:49:28.728,0.747,0.7472,0.40,18.70
2008.01.23 14:49:29.037,0.747,0.7472,0.40,18.70
2008.01.23 14:49:29.310,0.747,0.7472,0.40,18.70
2008.01.23 14:49:29.583,0.747,0.74715,0.40,0.50
2008.01.23 14:49:29.864,0.747,0.74715,0.40,0.70
2008.01.23 14:49:30.146,0.747,0.7472,0.40,21.10
2008.01.23 14:49:30.429,0.747,0.7472,0.40,21.10
2008.01.23 14:49:30.789,0.747,0.74715,0.40,0.60
2008.01.23 14:49:31.116,0.747,0.7472,0.40,21.10
2008.01.23 14:49:31.369,0.747,0.74715,0.40,0.80
2008.01.23 14:49:31.623,0.747,0.74715,0.40,0.90
2008.01.23 14:49:31.876,0.747,0.7472,0.40,19.50
2008.01.23 14:49:32.129,0.747,0.7472,0.40,19.50
2008.01.23 14:49:32.372,0.747,0.7472,0.40,17.10
2008.01.23 14:49:32.616,0.747,0.7472,0.40,17.10
2008.01.23 14:49:32.859,0.747,0.7472,0.40,17.10
2008.01.23 14:49:33.103,0.747,0.7472,0.40,17.10
2008.01.23 14:49:33.381,0.747,0.7472,0.40,17.10
2008.01.23 14:49:33.660,0.747,0.7472,0.40,17.10
2008.01.23 14:49:33.939,0.747,0.7472,0.40,17.10
2008.01.23 14:49:34.218,0.747,0.74715,0.40,0.90
2008.01.23 14:49:34.513,0.747,0.74715,0.40,0.80
2008.01.23 14:49:34.941,0.747,0.7472,0.40,17.10
2008.01.23 14:49:35.445,0.747,0.74715,0.40,0.80
2008.01.23 14:49:35.703,0.747,0.7472,0.40,17.10
2008.01.23 14:49:38.924,0.747,0.7472,0.40,17.10
2008.01.23 14:49:39.195,0.747,0.7472,0.40,17.10
2008.01.23 14:49:39.457,0.747,0.7472,0.40,15.50
2008.01.23 14:49:39.726,0.747,0.74715,0.40,0.70
2008.01.23 14:49:39.994,0.747,0.74715,0.40,0.90
2008.01.23 14:49:40.262,0.747,0.7472,0.40,17.10
2008.01.23 14:49:40.802,0.747,0.7472,0.40,17.10
2008.01.23 14:49:41.053,0.747,0.7472,0.40,17.10
2008.01.23 14:49:41.608,0.747,0.7472,0.40,17.10
2008.01.23 14:49:41.892,0.747,0.74725,0.40,38.90
2008.01.23 14:49:43.048,0.747,0.7472,0.40,0.70
2008.01.23 14:49:43.298,0.747,0.7472,0.40,11.50
2008.01.23 14:49:43.525,0.747,0.74715,0.40,0.50
2008.01.23 14:49:43.753,0.747,0.7472,0.40,15.50
2008.01.23 14:49:43.982,0.747,0.7472,0.40,15.50
2008.01.23 14:49:44.210,0.747,0.74715,0.40,0.80
2008.01.23 14:49:44.456,0.747,0.7472,0.40,17.10
2008.01.23 14:49:44.765,0.747,0.7472,0.40,15.50
2008.01.23 14:49:45.343,0.747,0.74715,0.40,0.90
2008.01.23 14:49:45.805,0.747,0.74715,0.40,0.60
2008.01.23 14:49:46.047,0.747,0.74715,0.40,0.80
2008.01.23 14:49:46.280,0.747,0.74715,0.40,0.90
2008.01.23 14:49:46.642,0.747,0.7472,0.40,11.20
2008.01.23 14:49:46.970,0.747,0.74725,0.40,0.60
2008.01.23 14:49:47.299,0.747,0.7473,0.40,33.30
2008.01.23 14:49:47.628,0.747,0.74735,0.40,72.10
2008.01.23 14:49:47.852,0.747,0.7473,0.40,31.50
2008.01.23 14:49:48.076,0.747,0.7473,0.40,31.50
2008.01.23 14:49:48.299,0.747,0.7473,0.40,31.50
2008.01.23 14:49:48.577,0.747,0.7473,0.50,31.50
2008.01.23 14:49:48.875,0.74705,0.7473,4.00,19.50
2008.01.23 14:49:49.174,0.74705,0.7473,4.00,19.50
2008.01.23 14:49:49.472,0.74705,0.7473,4.00,15.50
2008.01.23 14:49:49.741,0.74705,0.74725,4.00,0.60
2008.01.23 14:49:50.010,0.74695,0.74725,31.20,0.90
2008.01.23 14:49:50.277,0.74695,0.7473,29.20,31.50
2008.01.23 14:49:50.544,0.74695,0.7473,29.20,31.50
2008.01.23 14:49:50.805,0.74695,0.7473,29.20,31.50
2008.01.23 14:49:52.635,0.747,0.7473,0.30,31.50
2008.01.23 14:49:52.850,0.747,0.74725,0.30,0.90
2008.01.23 14:49:53.064,0.74705,0.7473,4.00,15.50
2008.01.23 14:49:53.279,0.74705,0.74725,4.00,0.90
2008.01.23 14:49:54.666,0.74695,0.74725,30.00,0.60
2008.01.23 14:49:54.808,0.74705,0.7473,4.00,19.50
2008.01.23 14:49:54.941,0.74705,0.7473,4.00,19.50
2008.01.23 14:49:55.118,0.74705,0.7473,4.00,19.50
2008.01.23 14:49:55.252,0.74705,0.74725,4.00,0.60
2008.01.23 14:49:55.429,0.74705,0.7473,4.00,33.10
2008.01.23 14:49:55.562,0.74695,0.74725,27.60,0.60
2008.01.23 14:49:55.837,0.74695,0.7473,27.60,33.10
2008.01.23 14:49:56.172,0.74695,0.74725,27.60,0.50
2008.01.23 14:49:56.506,0.74695,0.74735,25.00,72.10
2008.01.23 14:49:56.840,0.74705,0.74725,2.40,0.90
2008.01.23 14:49:57.094,0.74705,0.74735,2.40,72.10
2008.01.23 14:49:57.349,0.74695,0.74725,25.00,0.70
2008.01.23 14:49:57.602,0.74695,0.74725,25.00,0.80
2008.01.23 14:49:57.857,0.74695,0.7472,24.80,0.30
2008.01.23 14:49:58.120,0.74695,0.74725,24.80,32.30
2008.01.23 14:49:58.385,0.74695,0.74725,25.00,0.80
2008.01.23 14:49:58.649,0.74695,0.74725,25.00,0.70
2008.01.23 14:49:58.993,0.74695,0.74735,25.00,74.50
2008.01.23 14:49:59.262,0.74695,0.7473,25.00,33.10
2008.01.23 14:49:59.531,0.74695,0.7473,29.00,33.10
2008.01.23 14:50:00.199,0.74695,0.7473,29.00,33.10
2008.01.23 14:50:00.492,0.74695,0.7473,26.60,33.10
2008.01.23 14:50:00.786,0.74695,0.74715,16.80,0.70
2008.01.23 14:50:01.080,0.74695,0.74715,12.80,0.60
2008.01.23 14:50:01.364,0.74695,0.74715,25.00,0.60
2008.01.23 14:50:01.648,0.74695,0.7473,25.00,41.10
2008.01.23 14:50:01.932,0.74695,0.7473,25.00,33.10
2008.01.23 14:50:02.165,0.74695,0.74725,24.80,32.30
2008.01.23 14:50:02.398,0.74695,0.7472,12.80,12.30
2008.01.23 14:50:02.631,0.74695,0.7472,12.80,12.30
2008.01.23 14:50:02.865,0.74695,0.7472,12.80,12.30
2008.01.23 14:50:03.259,0.74695,0.74715,12.80,0.50
2008.01.23 14:50:03.551,0.74695,0.7472,12.80,12.30
2008.01.23 14:50:03.844,0.74695,0.7472,12.80,0.90
2008.01.23 14:50:04.163,0.74695,0.74725,12.80,37.10
2008.01.23 14:50:04.401,0.74695,0.7472,12.80,15.50
2008.01.23 14:50:04.648,0.74695,0.7472,12.80,15.50
2008.01.23 14:50:04.879,0.74695,0.7472,24.80,0.30
2008.01.23 14:50:05.166,0.74695,0.7472,24.80,0.30
2008.01.23 14:50:05.498,0.74695,0.74725,24.80,33.90
2008.01.23 14:50:05.840,0.74695,0.74725,24.80,33.90
2008.01.23 14:50:06.173,0.74695,0.7472,12.80,0.30
2008.01.23 14:50:06.401,0.74695,0.7472,12.80,15.50
2008.01.23 14:50:06.640,0.74695,0.74715,12.80,0.50
2008.01.23 14:50:06.868,0.74695,0.7472,12.80,15.50
2008.01.23 14:50:08.074,0.74695,0.7472,12.80,15.50
2008.01.23 14:50:08.323,0.74695,0.7472,12.80,15.50
2008.01.23 14:50:08.689,0.74695,0.7472,11.20,15.50
2008.01.23 14:50:08.873,0.74695,0.74715,8.80,0.50
2008.01.23 14:50:09.056,0.74695,0.74715,8.80,0.70
2008.01.23 14:50:09.240,0.74695,0.7472,8.80,31.70
2008.01.23 14:50:09.453,0.74695,0.7472,10.40,17.30
2008.01.23 14:50:09.677,0.74695,0.7472,10.40,15.50
2008.01.23 14:50:09.879,0.74695,0.74715,8.80,0.90
2008.01.23 14:50:10.093,0.74695,0.74715,8.80,0.70
2008.01.23 14:50:10.306,0.74695,0.74715,8.80,0.70
2008.01.23 14:50:10.638,0.74695,0.74715,8.80,0.70
2008.01.23 14:50:10.971,0.74695,0.7472,9.00,17.10
2008.01.23 14:50:11.305,0.74695,0.7472,10.60,15.50
2008.01.23 14:50:11.553,0.74695,0.7472,9.80,17.10
2008.01.23 14:50:11.802,0.74695,0.74715,6.60,6.40
2008.01.23 14:50:12.051,0.74695,0.74715,8.80,6.40
2008.01.23 14:50:12.300,0.74695,0.74715,9.60,6.40
2008.01.23 14:50:12.598,0.74695,0.74715,9.60,6.40
2008.01.23 14:50:12.897,0.74695,0.74715,8.80,6.40
2008.01.23 14:50:13.195,0.74695,0.74715,8.80,6.40
2008.01.23 14:50:13.439,0.74695,0.74715,10.40,6.40
2008.01.23 14:50:13.683,0.74695,0.74715,10.40,6.40
2008.01.23 14:50:14.012,0.74695,0.74715,10.40,6.40
2008.01.23 14:50:14.254,0.74695,0.74715,10.40,6.40
2008.01.23 14:50:14.552,0.74695,0.74715,8.80,6.40
2008.01.23 14:50:14.851,0.74695,0.74715,10.40,6.40
2008.01.23 14:50:15.149,0.74695,0.74715,10.40,6.40
2008.01.23 14:50:15.448,0.74695,0.74715,10.40,6.40
2008.01.23 14:50:15.870,0.74695,0.74715,10.40,6.40
2008.01.23 14:50:16.128,0.74695,0.74715,10.40,6.40
2008.01.23 14:50:16.387,0.74695,0.74715,8.80,6.40
2008.01.23 14:50:16.666,0.74695,0.74715,8.80,6.40
2008.01.23 14:50:16.944,0.74695,0.74715,9.60,6.40
2008.01.23 14:50:17.222,0.74695,0.74715,9.60,6.40
2008.01.23 14:50:17.466,0.74695,0.74715,4.80,6.40
2008.01.23 14:50:17.708,0.74695,0.74715,4.80,6.40
2008.01.23 14:50:17.951,0.74695,0.74715,10.40,6.40
2008.01.23 14:50:18.200,0.74695,0.74715,10.40,6.40
2008.01.23 14:50:18.504,0.74695,0.74715,10.40,6.40
2008.01.23 14:50:19.124,0.74695,0.74715,10.40,6.40
2008.01.23 14:50:19.718,0.74695,0.7472,10.40,15.50
2008.01.23 14:50:20.879,0.74695,0.74715,10.40,6.40
2008.01.23 14:50:24.117,0.74695,0.74715,10.40,6.40
2008.01.23 14:50:24.685,0.74695,0.74715,10.40,6.70
2008.01.23 14:50:24.989,0.74695,0.74715,4.80,6.70
2008.01.23 14:50:25.292,0.74695,0.74715,4.80,6.70
2008.01.23 14:50:25.598,0.74695,0.74715,8.80,6.70
2008.01.23 14:50:25.899,0.74695,0.74715,8.80,6.70
2008.01.23 14:50:26.182,0.74695,0.74715,6.40,9.10
2008.01.23 14:50:26.467,0.74695,0.74715,8.80,6.70
2008.01.23 14:50:26.750,0.74695,0.74715,8.80,6.70
2008.01.23 14:50:27.023,0.7469,0.74715,1.60,29.10
2008.01.23 14:50:27.296,0.7469,0.74715,1.60,21.10
2008.01.23 14:50:27.578,0.74695,0.74715,8.80,28.30
2008.01.23 14:50:27.867,0.74695,0.74715,8.80,30.10
2008.01.23 14:50:28.166,0.74695,0.74715,8.80,30.10
2008.01.23 14:50:28.465,0.74695,0.74715,8.80,9.00
2008.01.23 14:50:28.762,0.74695,0.74715,8.80,8.20
2008.01.23 14:50:29.020,0.74695,0.74715,8.80,8.20
2008.01.23 14:50:29.318,0.74695,0.74715,8.80,6.40
2008.01.23 14:50:29.576,0.74695,0.74715,8.80,6.40
2008.01.23 14:50:29.899,0.74695,0.74715,10.40,6.40
2008.01.23 14:50:30.207,0.74695,0.74715,10.40,6.40
2008.01.23 14:50:30.515,0.74695,0.74715,8.80,6.40
2008.01.23 14:50:30.824,0.74695,0.74715,6.40,29.10
2008.01.23 14:50:31.083,0.74695,0.74715,6.40,29.10
2008.01.23 14:50:31.342,0.74695,0.74715,8.80,6.40
2008.01.23 14:50:31.601,0.74695,0.74715,8.80,6.40
2008.01.23 14:50:31.860,0.74695,0.74715,8.80,6.40
2008.01.23 14:50:32.174,0.74695,0.74715,8.80,6.40
2008.01.23 14:50:32.488,0.74695,0.74715,10.40,6.40
2008.01.23 14:50:33.274,0.74695,0.74715,8.80,6.40
2008.01.23 14:50:33.522,0.74695,0.74715,8.80,6.40
2008.01.23 14:50:34.142,0.74695,0.74715,8.80,6.40
2008.01.23 14:50:34.347,0.74695,0.74715,8.80,2.40
2008.01.23 14:50:34.552,0.74695,0.74715,8.80,6.40
2008.01.23 14:50:35.030,0.74695,0.74715,8.80,6.40
2008.01.23 14:50:35.892,0.74695,0.74715,8.80,6.40
2008.01.23 14:50:38.086,0.74695,0.74715,8.80,6.70
2008.01.23 14:50:38.312,0.74695,0.74715,6.40,9.10
2008.01.23 14:50:38.535,0.74695,0.74715,8.80,6.70
2008.01.23 14:50:39.153,0.74695,0.74715,8.80,6.70
2008.01.23 14:50:39.984,0.74695,0.74715,8.80,6.70
2008.01.23 14:50:40.227,0.74695,0.74715,8.80,6.70
2008.01.23 14:50:40.895,0.74695,0.74715,8.80,6.70
2008.01.23 14:50:42.810,0.74695,0.74715,6.40,9.10
2008.01.23 14:50:43.008,0.74695,0.74715,6.40,9.10
2008.01.23 14:50:43.255,0.74695,0.74715,6.40,9.10
2008.01.23 14:50:44.157,0.74695,0.74715,6.40,9.10
2008.01.23 14:50:45.688,0.74695,0.74715,6.40,8.80
2008.01.23 14:50:45.927,0.74695,0.74715,10.40,8.80
2008.01.23 14:50:46.194,0.74695,0.74715,10.40,8.80
2008.01.23 14:50:46.457,0.74695,0.74715,10.40,8.80
2008.01.23 14:50:46.720,0.74695,0.74715,10.40,8.80
2008.01.23 14:50:47.159,0.74695,0.74715,10.40,8.80
2008.01.23 14:50:47.891,0.74695,0.74715,10.40,8.80
2008.01.23 14:50:48.184,0.74695,0.74715,12.80,6.40
2008.01.23 14:50:49.801,0.74695,0.74715,12.80,6.40
2008.01.23 14:50:49.883,0.74695,0.74715,12.00,6.40
2008.01.23 14:50:50.000,0.74695,0.74715,12.00,6.40
2008.01.23 14:50:50.938,0.74695,0.74715,12.00,6.40
2008.01.23 14:50:51.455,0.74695,0.74715,12.00,6.40
2008.01.23 14:50:53.266,0.74695,0.74715,12.00,6.40
2008.01.23 14:50:53.404,0.74695,0.74715,11.20,6.40
2008.01.23 14:50:53.543,0.74695,0.74715,8.80,6.40
2008.01.23 14:50:53.737,0.74695,0.74715,8.80,6.40
2008.01.23 14:50:53.875,0.74695,0.74715,6.40,8.80
2008.01.23 14:50:54.014,0.74695,0.74715,6.40,10.40
2008.01.23 14:50:54.356,0.74695,0.74715,6.40,8.80
2008.01.23 14:50:54.728,0.74695,0.74715,6.40,10.40
2008.01.23 14:50:55.139,0.74695,0.74715,6.40,8.80
2008.01.23 14:50:55.397,0.74695,0.74715,6.40,4.80
2008.01.23 14:50:55.704,0.74695,0.7472,6.40,9.90
2008.01.23 14:50:55.961,0.74695,0.74715,11.40,6.40
2008.01.23 14:50:56.219,0.74695,0.74715,11.20,6.40
2008.01.23 14:50:56.513,0.74695,0.74715,6.40,8.80
2008.01.23 14:50:56.806,0.74695,0.74715,6.40,8.80
2008.01.23 14:50:57.166,0.74695,0.74715,6.40,8.80
2008.01.23 14:50:57.679,0.74695,0.74715,6.40,8.80
2008.01.23 14:50:57.943,0.74695,0.74715,20.20,4.80
2008.01.23 14:50:58.206,0.74695,0.74725,22.60,32.30
2008.01.23 14:50:58.434,0.747,0.74725,0.30,32.00
2008.01.23 14:50:58.663,0.74705,0.74725,4.00,10.40
2008.01.23 14:50:58.891,0.74705,0.74725,4.00,10.40
2008.01.23 14:50:59.186,0.74705,0.74725,4.00,10.40
2008.01.23 14:50:59.452,0.74705,0.74725,4.00,10.40
2008.01.23 14:50:59.710,0.74705,0.74725,4.00,10.40
2008.01.23 14:51:00.958,0.74705,0.74725,4.00,10.40
2008.01.23 14:51:03.524,0.74705,0.74725,4.00,10.40
2008.01.23 14:51:04.194,0.74705,0.74725,4.00,10.40
2008.01.23 14:51:04.804,0.74705,0.74725,6.40,8.00
2008.01.23 14:51:05.067,0.74705,0.74725,8.00,6.40
2008.01.23 14:51:05.662,0.74705,0.74725,8.00,6.40
2008.01.23 14:51:05.860,0.74705,0.74725,6.40,6.40
2008.01.23 14:51:06.069,0.74705,0.74725,8.00,6.40
2008.01.23 14:51:06.278,0.74705,0.74725,8.00,6.40
2008.01.23 14:51:06.611,0.74705,0.74725,11.20,6.40
2008.01.23 14:51:06.946,0.74705,0.74725,12.00,6.40
2008.01.23 14:51:07.281,0.74705,0.74725,8.80,6.40
2008.01.23 14:51:07.484,0.74705,0.74725,9.60,6.40
2008.01.23 14:51:07.686,0.74705,0.74725,9.60,6.40
2008.01.23 14:51:07.890,0.74705,0.74725,12.00,6.40
2008.01.23 14:51:08.093,0.74705,0.74725,12.00,6.40
2008.01.23 14:51:08.297,0.74705,0.74725,11.20,6.40
2008.01.23 14:51:08.616,0.74705,0.74725,11.20,6.40
2008.01.23 14:51:08.934,0.74705,0.74725,12.80,6.40
2008.01.23 14:51:09.749,0.74705,0.74725,12.80,6.40
2008.01.23 14:51:09.826,0.74705,0.74725,1.50,6.40
2008.01.23 14:51:10.991,0.747,0.74725,16.30,6.40
2008.01.23 14:51:11.213,0.74705,0.74725,2.80,6.40
2008.01.23 14:51:11.420,0.74705,0.74725,3.70,6.40
2008.01.23 14:51:11.678,0.747,0.74725,14.70,6.40
2008.01.23 14:51:12.184,0.747,0.74725,13.00,6.40
2008.01.23 14:51:12.738,0.747,0.74725,13.00,6.40
2008.01.23 14:51:13.033,0.747,0.74725,13.00,6.40
2008.01.23 14:51:13.873,0.747,0.74725,13.10,6.40
2008.01.23 14:51:14.205,0.74705,0.74725,3.70,6.40
2008.01.23 14:51:14.768,0.74705,0.74725,5.10,6.40
2008.01.23 14:51:14.950,0.747,0.74725,13.10,6.40
2008.01.23 14:51:15.134,0.747,0.74725,13.00,6.40
2008.01.23 14:51:15.316,0.747,0.74725,13.00,6.40
2008.01.23 14:51:15.500,0.747,0.7473,11.40,8.00
2008.01.23 14:51:15.834,0.7471,0.74735,1.20,22.40
2008.01.23 14:51:16.168,0.74715,0.74735,1.60,4.00
2008.01.23 14:51:16.500,0.7471,0.74735,0.80,10.40
2008.01.23 14:51:16.833,0.74705,0.74735,48.20,10.40
2008.01.23 14:51:17.072,0.74705,0.74735,48.20,10.40
2008.01.23 14:51:17.311,0.74715,0.74735,1.50,10.40
2008.01.23 14:51:17.550,0.7471,0.74735,5.00,10.40
2008.01.23 14:51:18.735,0.7471,0.74735,5.00,10.40
2008.01.23 14:51:19.226,0.74715,0.74735,1.60,10.40
2008.01.23 14:51:19.414,0.7471,0.74735,5.00,10.40
2008.01.23 14:51:20.993,0.7471,0.74735,5.00,10.40
2008.01.23 14:51:21.273,0.7471,0.74735,5.00,10.40
2008.01.23 14:51:21.470,0.7471,0.74735,9.00,6.40
2008.01.23 14:51:21.650,0.74715,0.74735,2.20,4.00
2008.01.23 14:51:21.983,0.7471,0.74735,4.80,4.30
2008.01.23 14:51:22.316,0.74715,0.7474,1.00,9.90
2008.01.23 14:51:22.649,0.74715,0.74735,1.20,0.30
2008.01.23 14:51:22.882,0.7471,0.7474,9.00,9.90
2008.01.23 14:51:23.116,0.7471,0.7474,9.00,8.30
2008.01.23 14:51:23.350,0.74715,0.7474,0.50,8.30
2008.01.23 14:51:23.584,0.74715,0.7474,3.60,9.90
2008.01.23 14:51:23.877,0.7471,0.74735,4.80,4.30
2008.01.23 14:51:24.170,0.74715,0.74735,0.80,4.00
2008.01.23 14:51:24.463,0.7471,0.7474,9.00,8.30
2008.01.23 14:51:24.757,0.7471,0.7474,9.00,9.90
2008.01.23 14:51:25.044,0.74715,0.7474,3.20,9.90
2008.01.23 14:51:25.332,0.74715,0.7474,2.20,9.90
2008.01.23 14:51:25.621,0.74715,0.74745,24.20,38.10
2008.01.23 14:51:25.910,0.7472,0.74745,0.80,34.10
2008.01.23 14:51:26.178,0.7471,0.7474,33.00,1.60
2008.01.23 14:51:26.446,0.7471,0.7474,33.10,0.30
2008.01.23 14:51:26.715,0.7471,0.74735,9.90,4.00
2008.01.23 14:51:26.994,0.7471,0.74735,5.80,4.80
2008.01.23 14:51:27.273,0.74715,0.74735,1.80,8.80
2008.01.23 14:51:27.551,0.74715,0.74735,1.50,8.80
2008.01.23 14:51:27.829,0.74715,0.74735,1.80,8.80
2008.01.23 14:51:28.188,0.74715,0.74735,1.20,8.80
2008.01.23 14:51:28.498,0.7471,0.74735,8.20,8.80
2008.01.23 14:51:29.042,0.7471,0.74735,5.80,8.80
2008.01.23 14:51:29.293,0.74715,0.74735,1.00,8.80
2008.01.23 14:51:29.530,0.7471,0.74735,5.80,8.80
2008.01.23 14:51:29.955,0.7471,0.74735,5.80,8.80
2008.01.23 14:51:30.244,0.7471,0.74735,10.60,6.40
2008.01.23 14:51:30.533,0.74715,0.74735,3.40,6.40
2008.01.23 14:51:30.835,0.74715,0.74735,2.80,6.40
2008.01.23 14:51:31.074,0.7471,0.74735,1.30,28.80
2008.01.23 14:51:31.314,0.74715,0.74735,1.60,14.40
2008.01.23 14:51:31.552,0.7471,0.74735,6.60,14.40
2008.01.23 14:51:31.792,0.7471,0.74735,10.60,6.40
2008.01.23 14:51:32.031,0.74715,0.74735,3.20,8.80
2008.01.23 14:51:32.333,0.7471,0.74735,8.20,16.80
2008.01.23 14:51:32.637,0.7471,0.74735,0.80,28.80
2008.01.23 14:51:32.942,0.74705,0.74735,37.00,6.40
2008.01.23 14:51:33.227,0.7471,0.74735,8.20,6.40
2008.01.23 14:51:33.509,0.7471,0.74735,5.80,8.80
2008.01.23 14:51:33.792,0.7471,0.74735,8.20,6.40
2008.01.23 14:51:34.076,0.74715,0.74735,2.20,8.80
2008.01.23 14:51:34.320,0.74715,0.74735,1.30,8.80
2008.01.23 14:51:34.737,0.74715,0.74735,1.30,8.80
2008.01.23 14:51:35.378,0.7471,0.74735,8.20,6.40
2008.01.23 14:51:35.681,0.74715,0.74735,3.10,6.40
2008.01.23 14:51:36.001,0.7471,0.74735,8.20,6.40
2008.01.23 14:51:36.755,0.74715,0.7473,0.60,0.30
2008.01.23 14:51:36.989,0.74705,0.74725,19.20,20.00
2008.01.23 14:51:37.273,0.74705,0.74725,8.00,22.70
2008.01.23 14:51:37.556,0.74705,0.74725,6.40,29.10
2008.01.23 14:51:37.840,0.74705,0.74725,6.40,30.70
2008.01.23 14:51:38.123,0.74695,0.7472,12.20,8.00
2008.01.23 14:51:38.352,0.74695,0.7472,12.20,8.00
2008.01.23 14:51:38.580,0.74695,0.7472,10.60,8.00
2008.01.23 14:51:38.808,0.74695,0.7472,10.60,8.00
2008.01.23 14:51:39.037,0.74695,0.74715,12.20,6.40
2008.01.23 14:51:39.341,0.74695,0.74715,12.00,2.40
2008.01.23 14:51:39.645,0.74695,0.74715,12.00,2.40
2008.01.23 14:51:39.948,0.74695,0.74715,14.40,2.40
2008.01.23 14:51:40.206,0.74695,0.74715,14.40,2.40
2008.01.23 14:51:40.459,0.74695,0.74715,12.80,6.40
2008.01.23 14:51:40.728,0.74695,0.74715,12.80,6.40
2008.01.23 14:51:40.982,0.74695,0.74715,12.00,6.40
2008.01.23 14:51:41.470,0.74695,0.74715,12.00,6.40
2008.01.23 14:51:42.270,0.74695,0.74715,12.00,6.40
2008.01.23 14:51:42.553,0.74695,0.74715,10.40,6.40
2008.01.23 14:51:42.837,0.74695,0.74715,10.40,6.40
2008.01.23 14:51:43.355,0.74695,0.74715,10.40,6.40
2008.01.23 14:51:44.278,0.74695,0.74715,10.40,6.40
2008.01.23 14:51:45.254,0.74695,0.74715,10.40,6.40
2008.01.23 14:51:46.036,0.74695,0.74715,10.40,6.40
2008.01.23 14:51:47.898,0.74695,0.74715,10.40,6.40
2008.01.23 14:51:48.096,0.74695,0.74715,10.40,6.40
2008.01.23 14:51:48.295,0.74695,0.74715,10.40,6.40
2008.01.23 14:51:49.176,0.74695,0.74715,10.40,6.40
2008.01.23 14:51:50.313,0.74695,0.74715,10.40,6.40
2008.01.23 14:51:51.038,0.74695,0.74715,10.40,6.40
2008.01.23 14:51:51.296,0.74695,0.74715,10.40,6.40
2008.01.23 14:51:52.920,0.74695,0.74715,10.40,2.40
2008.01.23 14:51:54.299,0.74695,0.74715,10.40,2.40
2008.01.23 14:51:55.139,0.74695,0.74715,10.40,2.40
2008.01.23 14:51:56.040,0.74695,0.74715,10.40,2.40
2008.01.23 14:51:56.248,0.74695,0.7472,10.60,8.00
2008.01.23 14:51:56.457,0.74695,0.7472,12.20,8.00
2008.01.23 14:51:56.679,0.74695,0.7472,12.20,8.00
2008.01.23 14:51:56.952,0.74695,0.7472,11.40,8.00
2008.01.23 14:51:57.225,0.74695,0.7472,11.40,8.00
2008.01.23 14:51:57.498,0.74695,0.7472,12.20,8.00
2008.01.23 14:51:57.772,0.74695,0.7472,12.20,8.00
2008.01.23 14:51:57.937,0.74695,0.74725,12.20,34.90
2008.01.23 14:51:57.969,0.74695,0.7472,12.00,0.90
2008.01.23 14:51:58.168,0.747,0.7473,1.60,38.90
2008.01.23 14:51:58.367,0.747,0.74725,1.60,0.90
2008.01.23 14:51:58.566,0.74695,0.74735,11.40,71.30
2008.01.23 14:51:58.764,0.74695,0.74725,24.20,0.80
2008.01.23 14:51:59.068,0.74695,0.74715,32.00,0.50
2008.01.23 14:51:59.372,0.74695,0.7472,10.40,14.70
2008.01.23 14:51:59.676,0.74695,0.7472,12.80,14.70
2008.01.23 14:51:59.955,0.74695,0.7472,12.80,10.70
2008.01.23 14:52:00.235,0.74695,0.7472,12.80,10.70
2008.01.23 14:52:00.513,0.74695,0.74725,12.80,41.30
2008.01.23 14:52:01.048,0.74695,0.7472,12.80,0.70
2008.01.23 14:52:01.306,0.74695,0.74725,13.00,41.30
2008.01.23 14:52:01.565,0.74695,0.74715,12.80,0.50
2008.01.23 14:52:01.929,0.74695,0.74715,12.80,0.60
2008.01.23 14:52:02.217,0.74695,0.7472,12.80,10.70
2008.01.23 14:52:02.505,0.74695,0.7472,12.80,10.70
2008.01.23 14:52:02.794,0.74695,0.74715,12.80,0.70
2008.01.23 14:52:03.057,0.74695,0.7472,8.80,16.30
2008.01.23 14:52:03.320,0.74695,0.74715,8.80,0.90
2008.01.23 14:52:03.583,0.74695,0.7472,8.80,12.30
2008.01.23 14:52:03.845,0.74695,0.7472,10.40,0.70
2008.01.23 14:52:04.123,0.74695,0.74725,22.40,38.10
2008.01.23 14:52:04.401,0.74695,0.7472,22.40,0.30
2008.01.23 14:52:04.693,0.74695,0.7472,8.80,16.30
2008.01.23 14:52:04.959,0.74695,0.7472,8.80,16.30
2008.01.23 14:52:05.242,0.74695,0.7472,8.80,16.30
2008.01.23 14:52:05.749,0.74695,0.7472,8.80,16.30
2008.01.23 14:52:06.033,0.74695,0.74715,8.80,0.80
2008.01.23 14:52:06.643,0.74695,0.7472,10.40,16.20
2008.01.23 14:52:06.913,0.74695,0.74715,10.40,0.70
2008.01.23 14:52:07.181,0.74695,0.7472,10.40,14.70
2008.01.23 14:52:07.449,0.74695,0.7472,10.40,10.70
2008.01.23 14:52:07.716,0.74695,0.7472,8.80,12.30
2008.01.23 14:52:09.299,0.74695,0.74715,8.80,0.80
2008.01.23 14:52:09.461,0.74695,0.7472,10.40,10.70
2008.01.23 14:52:10.667,0.74695,0.7472,10.60,10.40
2008.01.23 14:52:10.970,0.74705,0.74725,6.40,0.90
2008.01.23 14:52:11.213,0.74705,0.74725,8.80,0.60
2008.01.23 14:52:11.457,0.74705,0.7473,6.40,16.50
2008.01.23 14:52:11.709,0.74705,0.74725,6.40,0.70
2008.01.23 14:52:11.944,0.74705,0.7473,6.40,20.20
2008.01.23 14:52:12.227,0.74705,0.7473,22.40,1.80
2008.01.23 14:52:12.511,0.74705,0.7473,2.40,29.80
2008.01.23 14:52:12.795,0.74705,0.7473,4.80,27.40
2008.01.23 14:52:13.079,0.74705,0.7473,4.80,13.90
2008.01.23 14:52:13.303,0.74705,0.7473,8.80,0.90
2008.01.23 14:52:13.526,0.74705,0.7473,8.80,15.40
2008.01.23 14:52:14.321,0.74705,0.7473,8.80,15.40
2008.01.23 14:52:14.574,0.74705,0.7473,8.80,15.40
2008.01.23 14:52:14.827,0.747,0.74725,2.40,0.60
2008.01.23 14:52:15.081,0.74705,0.74725,8.80,0.90
2008.01.23 14:52:15.335,0.74705,0.74725,8.80,0.90
2008.01.23 14:52:15.637,0.74705,0.74725,10.40,0.90
2008.01.23 14:52:15.941,0.74705,0.7473,8.80,17.80
2008.01.23 14:52:16.245,0.74705,0.74725,8.80,0.70
2008.01.23 14:52:16.549,0.74705,0.74725,8.80,0.80
2008.01.23 14:52:16.793,0.74705,0.7473,8.80,15.40
2008.01.23 14:52:17.036,0.74705,0.7473,6.40,20.20
2008.01.23 14:52:17.278,0.74705,0.7473,8.80,17.80
2008.01.23 14:52:17.522,0.74705,0.74725,6.40,0.90
2008.01.23 14:52:17.785,0.74705,0.74725,6.40,0.90
2008.01.23 14:52:18.279,0.74705,0.7473,6.40,20.20
2008.01.23 14:52:18.552,0.74705,0.74725,2.40,0.90
2008.01.23 14:52:18.874,0.74705,0.7473,2.40,20.20
2008.01.23 14:52:19.098,0.74705,0.7473,4.80,16.20
2008.01.23 14:52:19.322,0.74705,0.74725,4.80,0.80
2008.01.23 14:52:19.605,0.74705,0.7473,2.40,20.20
2008.01.23 14:52:19.890,0.74705,0.7473,2.40,20.20
2008.01.23 14:52:20.729,0.74705,0.7473,6.40,20.20
2008.01.23 14:52:21.081,0.74705,0.7473,6.40,20.20
2008.01.23 14:52:21.640,0.74705,0.74725,6.40,0.80
2008.01.23 14:52:21.877,0.74705,0.74725,6.40,0.50
2008.01.23 14:52:22.253,0.74705,0.7473,8.80,17.80
2008.01.23 14:52:22.511,0.74705,0.7473,8.80,17.80
2008.01.23 14:52:23.215,0.74705,0.7473,6.40,20.20
2008.01.23 14:52:23.499,0.74705,0.7473,6.40,20.20
2008.01.23 14:52:23.768,0.74705,0.74725,6.40,0.60
2008.01.23 14:52:24.146,0.74705,0.7473,6.40,20.20
2008.01.23 14:52:25.212,0.74705,0.7473,6.40,20.20
2008.01.23 14:52:25.659,0.74705,0.7473,6.40,20.20
2008.01.23 14:52:26.083,0.74705,0.7473,6.40,20.20
2008.01.23 14:52:26.706,0.74705,0.7473,2.40,20.20
2008.01.23 14:52:27.028,0.74705,0.74725,6.40,0.70
2008.01.23 14:52:27.289,0.74705,0.7473,8.80,17.80
2008.01.23 14:52:27.554,0.74705,0.74725,8.80,0.80
2008.01.23 14:52:27.948,0.74705,0.74725,8.80,0.60
2008.01.23 14:52:28.163,0.74705,0.7473,8.80,17.80
2008.01.23 14:52:28.366,0.74705,0.7473,10.40,16.20
2008.01.23 14:52:28.624,0.74705,0.7473,10.40,16.20
2008.01.23 14:52:28.940,0.74705,0.74725,10.40,0.80
2008.01.23 14:52:29.213,0.74705,0.7473,6.40,16.20
2008.01.23 14:52:29.486,0.74705,0.74725,6.40,0.60
2008.01.23 14:52:29.779,0.747,0.7472,2.40,0.30
2008.01.23 14:52:30.063,0.747,0.74725,2.40,32.20
2008.01.23 14:52:30.401,0.747,0.7473,2.40,33.80
2008.01.23 14:52:30.685,0.74705,0.74725,4.00,0.90
2008.01.23 14:52:30.944,0.74695,0.74725,22.60,0.70
2008.01.23 14:52:31.203,0.74695,0.74725,24.20,0.90
2008.01.23 14:52:31.471,0.747,0.7473,0.30,32.20
2008.01.23 14:52:31.784,0.747,0.7473,1.80,11.40
2008.01.23 14:52:32.098,0.747,0.7473,0.30,11.40
2008.01.23 14:52:32.412,0.74695,0.7473,24.20,11.40
2008.01.23 14:52:32.726,0.74695,0.74735,22.60,68.60
2008.01.23 14:52:32.979,0.74695,0.74725,22.60,0.90
2008.01.23 14:52:33.222,0.74695,0.74735,22.60,70.40
2008.01.23 14:52:33.464,0.74695,0.74725,22.60,0.80
2008.01.23 14:52:33.709,0.74695,0.74725,22.60,0.50
2008.01.23 14:52:33.997,0.74695,0.74725,22.60,0.90
2008.01.23 14:52:34.285,0.74695,0.74725,22.60,0.70
2008.01.23 14:52:34.573,0.74695,0.7473,22.60,41.80
2008.01.23 14:52:34.841,0.74695,0.7472,18.40,4.30
2008.01.23 14:52:35.110,0.74695,0.74715,10.40,0.70
2008.01.23 14:52:35.379,0.74695,0.74715,10.40,0.70
2008.01.23 14:52:35.654,0.74695,0.7472,10.40,16.20
2008.01.23 14:52:35.912,0.74695,0.74715,6.40,0.50
2008.01.23 14:52:36.171,0.74695,0.7472,10.40,16.20
2008.01.23 14:52:36.428,0.74695,0.7472,10.40,16.20
2008.01.23 14:52:36.686,0.74695,0.74715,10.40,0.60
2008.01.23 14:52:37.268,0.74695,0.74715,10.40,0.60
2008.01.23 14:52:37.551,0.74695,0.7472,10.40,16.20
2008.01.23 14:52:38.430,0.74695,0.74715,10.40,0.50
2008.01.23 14:52:38.735,0.74695,0.7472,10.40,14.70
2008.01.23 14:52:39.211,0.74695,0.7472,10.40,14.70
2008.01.23 14:52:39.488,0.74695,0.74715,10.40,0.60
2008.01.23 14:52:41.124,0.74695,0.74715,10.40,0.50
2008.01.23 14:52:41.928,0.74695,0.7472,10.40,14.70
2008.01.23 14:52:42.261,0.74695,0.7472,10.40,14.70
2008.01.23 14:52:42.569,0.74695,0.74715,10.40,0.50
2008.01.23 14:52:42.879,0.74695,0.74725,10.40,40.90
2008.01.23 14:52:43.106,0.74695,0.7472,10.40,0.70
2008.01.23 14:52:43.335,0.74695,0.74725,10.40,39.00
2008.01.23 14:52:43.899,0.74695,0.7472,10.60,0.90
2008.01.23 14:52:44.157,0.74695,0.7473,23.40,43.00
2008.01.23 14:52:44.415,0.74695,0.7473,23.40,43.00
2008.01.23 14:52:44.673,0.74695,0.7473,23.40,43.00
2008.01.23 14:52:45.211,0.74695,0.7473,23.40,43.00
2008.01.23 14:52:46.137,0.74695,0.74725,23.40,0.70
2008.01.23 14:52:46.674,0.74695,0.74725,23.40,0.50
2008.01.23 14:52:46.881,0.74695,0.7473,23.40,43.00
2008.01.23 14:52:47.179,0.74695,0.7473,23.40,43.00
2008.01.23 14:52:47.477,0.74695,0.7473,23.40,43.00
2008.01.23 14:52:47.775,0.74695,0.7473,25.00,40.20
2008.01.23 14:52:48.074,0.74695,0.7473,25.00,40.20
2008.01.23 14:52:48.353,0.74695,0.74735,25.00,72.00
2008.01.23 14:52:48.631,0.74695,0.74735,25.80,70.40
2008.01.23 14:52:48.910,0.74695,0.74725,25.80,0.70
2008.01.23 14:52:49.385,0.74695,0.74735,25.80,70.40
2008.01.23 14:52:50.256,0.74695,0.74735,25.80,70.40
2008.01.23 14:52:50.523,0.74705,0.74725,8.00,0.80
2008.01.23 14:52:50.801,0.74705,0.74725,8.00,0.60
2008.01.23 14:52:51.080,0.74705,0.7473,0.80,32.20
2008.01.23 14:52:51.313,0.747,0.7473,1.60,33.00
2008.01.23 14:52:51.546,0.747,0.74725,1.60,0.80
2008.01.23 14:52:51.781,0.74695,0.7473,37.80,33.00
2008.01.23 14:52:52.014,0.74695,0.74725,37.80,0.80
2008.01.23 14:52:52.332,0.74695,0.7473,28.20,41.00
2008.01.23 14:52:52.651,0.74695,0.7473,24.20,41.80
2008.01.23 14:52:52.969,0.747,0.74725,1.60,0.80
2008.01.23 14:52:53.203,0.747,0.74725,1.60,0.90
2008.01.23 14:52:53.436,0.747,0.7473,1.60,11.40
2008.01.23 14:52:53.669,0.74695,0.7473,41.80,33.00
2008.01.23 14:52:53.903,0.74695,0.7473,41.80,33.00
2008.01.23 14:52:54.136,0.74695,0.74725,33.80,0.60
2008.01.23 14:52:54.434,0.74695,0.74725,33.80,0.60
2008.01.23 14:52:55.470,0.74705,0.7473,4.00,33.00
2008.01.23 14:52:55.728,0.74705,0.7473,6.40,21.00
2008.01.23 14:52:55.987,0.74705,0.7473,6.40,21.00
2008.01.23 14:52:56.254,0.74705,0.7473,6.40,21.00
2008.01.23 14:52:56.512,0.74705,0.74725,6.40,0.80
2008.01.23 14:52:56.771,0.74705,0.74735,6.40,61.60
2008.01.23 14:52:57.030,0.74705,0.74735,6.40,61.60
2008.01.23 14:52:57.328,0.74705,0.74725,6.40,0.70
2008.01.23 14:52:57.627,0.74705,0.7473,8.80,0.90
2008.01.23 14:52:57.926,0.74705,0.74735,8.80,56.90
2008.01.23 14:52:58.234,0.74705,0.7473,8.80,0.50
2008.01.23 14:52:58.477,0.74705,0.74725,8.80,0.90
2008.01.23 14:52:58.721,0.74705,0.74725,8.80,0.50
2008.01.23 14:52:58.963,0.74705,0.7473,8.80,15.40
2008.01.23 14:52:59.394,0.74705,0.7473,8.80,15.40
2008.01.23 14:52:59.661,0.74705,0.74725,8.80,0.70
2008.01.23 14:53:00.908,0.74705,0.74725,8.80,0.80
2008.01.23 14:53:01.131,0.74705,0.74725,6.40,0.90
2008.01.23 14:53:01.325,0.74705,0.7473,6.40,20.20
2008.01.23 14:53:01.521,0.74705,0.7473,6.40,18.70
2008.01.23 14:53:01.714,0.74705,0.7473,6.40,18.70
2008.01.23 14:53:01.952,0.74705,0.74725,6.40,0.80
2008.01.23 14:53:02.146,0.74705,0.74725,8.80,0.90
2008.01.23 14:53:02.429,0.74705,0.7473,8.80,13.90
2008.01.23 14:53:02.713,0.74705,0.74725,8.80,0.50
2008.01.23 14:53:02.996,0.74705,0.7473,8.80,0.70
2008.01.23 14:53:03.278,0.74705,0.74735,8.80,41.80
2008.01.23 14:53:03.507,0.74705,0.74735,8.80,41.80
2008.01.23 14:53:03.735,0.74705,0.74735,8.80,41.80
2008.01.23 14:53:03.994,0.74705,0.7473,8.80,0.80
2008.01.23 14:53:04.393,0.74705,0.74735,8.80,41.80
2008.01.23 14:53:04.654,0.74705,0.74725,8.80,0.60
2008.01.23 14:53:04.922,0.74705,0.7473,6.40,15.50
2008.01.23 14:53:05.180,0.74705,0.7473,7.20,15.50
2008.01.23 14:53:05.464,0.74705,0.74725,7.20,0.60
2008.01.23 14:53:05.748,0.74705,0.74725,9.60,0.90
2008.01.23 14:53:06.162,0.74705,0.74725,9.60,0.80
2008.01.23 14:53:06.984,0.74705,0.74725,9.60,0.60
2008.01.23 14:53:08.006,0.74705,0.7473,9.60,17.10
2008.01.23 14:53:08.239,0.74705,0.7473,6.40,19.50
2008.01.23 14:53:08.527,0.74705,0.7473,7.20,19.50
2008.01.23 14:53:08.816,0.74705,0.74725,7.20,0.50
2008.01.23 14:53:09.105,0.74705,0.74725,7.20,0.60
2008.01.23 14:53:09.393,0.74705,0.7473,7.20,19.50
2008.01.23 14:53:09.643,0.74705,0.74725,8.80,0.60
2008.01.23 14:53:09.891,0.74705,0.7473,6.40,19.50
2008.01.23 14:53:10.140,0.74705,0.7473,6.40,19.50
2008.01.23 14:53:10.389,0.74705,0.74725,6.40,0.90
2008.01.23 14:53:10.740,0.74705,0.74725,6.40,0.90
2008.01.23 14:53:11.043,0.74705,0.74725,6.40,0.80
2008.01.23 14:53:11.345,0.74705,0.7473,6.40,21.00
2008.01.23 14:53:11.598,0.74705,0.74725,6.40,0.50
2008.01.23 14:53:11.976,0.74705,0.7473,6.40,21.00
2008.01.23 14:53:12.232,0.74705,0.74725,6.40,0.80
2008.01.23 14:53:12.485,0.74705,0.74725,6.60,0.90
2008.01.23 14:53:12.759,0.74705,0.7473,26.60,0.80
2008.01.23 14:53:13.033,0.74705,0.7473,26.60,0.70
2008.01.23 14:53:13.305,0.74705,0.74735,25.00,33.80
2008.01.23 14:53:13.579,0.74705,0.74735,23.40,33.80
2008.01.23 14:53:13.877,0.74705,0.7473,25.80,1.60
2008.01.23 14:53:14.176,0.74715,0.74735,6.40,33.80
2008.01.23 14:53:14.474,0.74715,0.74735,6.40,33.80
2008.01.23 14:53:14.728,0.74705,0.74735,25.00,33.80
2008.01.23 14:53:14.981,0.74705,0.74735,25.00,33.80
2008.01.23 14:53:15.236,0.74715,0.74735,6.40,33.80
2008.01.23 14:53:15.489,0.74715,0.74735,6.40,33.80
2008.01.23 14:53:15.722,0.74705,0.7473,23.40,1.60
2008.01.23 14:53:15.955,0.74705,0.7473,23.40,1.60
2008.01.23 14:53:16.189,0.74715,0.74735,6.40,32.30
2008.01.23 14:53:16.422,0.74715,0.74735,6.40,32.30
2008.01.23 14:53:16.735,0.74715,0.74735,6.40,32.30
2008.01.23 14:53:17.111,0.74715,0.74735,3.60,32.30
2008.01.23 14:53:17.203,0.74715,0.74735,6.70,32.00
2008.01.23 14:53:17.518,0.74715,0.74735,14.70,4.00
2008.01.23 14:53:17.767,0.7471,0.7474,23.40,2.40
2008.01.23 14:53:18.028,0.74715,0.7474,2.20,1.60
2008.01.23 14:53:18.276,0.7471,0.74745,25.00,34.90
2008.01.23 14:53:18.525,0.74715,0.74745,1.50,34.10
2008.01.23 14:53:18.817,0.7471,0.74745,31.00,30.70
2008.01.23 14:53:19.110,0.74715,0.74745,8.90,30.70
2008.01.23 14:53:19.404,0.7471,0.74745,31.00,30.70
2008.01.23 14:53:19.636,0.7471,0.74745,31.00,30.70
2008.01.23 14:53:19.880,0.7472,0.74745,4.30,26.40
2008.01.23 14:53:20.114,0.74725,0.74745,1.80,4.80
2008.01.23 14:53:20.347,0.7472,0.74745,17.80,4.80
2008.01.23 14:53:20.581,0.74725,0.7475,1.50,9.60
2008.01.23 14:53:20.914,0.74725,0.7475,8.90,1.60
2008.01.23 14:53:21.247,0.7472,0.7475,23.40,1.60
2008.01.23 14:53:21.580,0.74725,0.7475,4.10,1.60
2008.01.23 14:53:21.834,0.7472,0.7475,23.40,1.60
2008.01.23 14:53:22.088,0.7472,0.7475,25.80,1.60
2008.01.23 14:53:22.577,0.7472,0.7475,26.60,1.60
2008.01.23 14:53:22.881,0.7472,0.7475,26.60,1.60
2008.01.23 14:53:23.185,0.74725,0.74755,30.60,34.10
2008.01.23 14:53:23.487,0.74725,0.74755,29.00,34.10
2008.01.23 14:53:23.737,0.7473,0.74755,4.20,8.20
2008.01.23 14:53:23.995,0.74735,0.74755,1.50,8.20
2008.01.23 14:53:24.236,0.7473,0.74755,5.80,8.20
2008.01.23 14:53:24.485,0.7473,0.74755,5.80,6.30
2008.01.23 14:53:24.799,0.7473,0.74755,4.20,6.30
2008.01.23 14:53:25.112,0.7473,0.74755,2.70,6.40
2008.01.23 14:53:25.425,0.74735,0.74755,0.60,4.80
2008.01.23 14:53:25.739,0.74735,0.74755,0.60,2.40
2008.01.23 14:53:26.049,0.74735,0.74755,4.30,2.40
2008.01.23 14:53:26.303,0.74735,0.74755,1.00,2.40
2008.01.23 14:53:26.558,0.74735,0.7476,5.40,8.30
2008.01.23 14:53:26.862,0.74735,0.7476,7.00,9.90
2008.01.23 14:53:27.171,0.7473,0.7476,26.90,0.30
2008.01.23 14:53:27.476,0.7473,0.74765,26.90,35.70
2008.01.23 14:53:27.779,0.74745,0.74765,0.80,14.10
2008.01.23 14:53:28.047,0.74745,0.74765,1.10,12.20
2008.01.23 14:53:28.317,0.74735,0.7476,8.00,0.30
2008.01.23 14:53:28.585,0.7473,0.7476,8.30,8.30
2008.01.23 14:53:28.879,0.7473,0.74755,0.60,0.30
2008.01.23 14:53:29.173,0.7473,0.74755,0.50,22.70
2008.01.23 14:53:29.467,0.7473,0.74755,1.30,24.80
2008.01.23 14:53:29.762,0.7473,0.74755,1.90,4.80
2008.01.23 14:53:30.060,0.7473,0.74755,6.60,2.40
2008.01.23 14:53:30.358,0.7473,0.74755,6.60,2.40
2008.01.23 14:53:30.656,0.7473,0.74755,6.60,2.40
2008.01.23 14:53:30.895,0.7473,0.74755,4.20,6.30
2008.01.23 14:53:31.134,0.74725,0.7475,24.50,8.00
2008.01.23 14:53:31.373,0.7472,0.7475,13.80,8.00
2008.01.23 14:53:31.612,0.74725,0.7475,4.50,8.00
2008.01.23 14:53:31.851,0.7472,0.74745,11.50,2.40
2008.01.23 14:53:32.184,0.74725,0.74745,6.90,2.40
2008.01.23 14:53:32.517,0.74715,0.7475,51.00,8.00
2008.01.23 14:53:32.851,0.74725,0.74755,5.60,28.20
2008.01.23 14:53:33.068,0.74715,0.74755,69.40,28.20
2008.01.23 14:53:33.286,0.74715,0.74755,69.40,28.20
2008.01.23 14:53:33.553,0.7472,0.7475,12.20,8.00
2008.01.23 14:53:33.772,0.7472,0.7475,12.20,8.30
2008.01.23 14:53:34.086,0.74725,0.74755,0.50,32.20
2008.01.23 14:53:34.401,0.7472,0.7475,10.70,8.30
2008.01.23 14:53:34.725,0.7472,0.74745,10.60,1.50
2008.01.23 14:53:35.001,0.7472,0.74745,10.60,1.50
2008.01.23 14:53:35.260,0.7472,0.74745,4.20,25.50
2008.01.23 14:53:35.517,0.74715,0.74745,37.00,25.50
2008.01.23 14:53:35.776,0.7471,0.74735,24.20,2.40
2008.01.23 14:53:36.035,0.7471,0.74735,24.30,2.40
2008.01.23 14:53:36.294,0.7472,0.74735,0.30,2.40
2008.01.23 14:53:36.552,0.74715,0.7474,10.20,0.30
2008.01.23 14:53:36.811,0.7471,0.7474,25.90,0.30
2008.01.23 14:53:37.111,0.7471,0.74745,34.60,30.10
2008.01.23 14:53:37.410,0.74715,0.74745,27.40,14.10
2008.01.23 14:53:37.709,0.74725,0.74745,0.50,12.20
2008.01.23 14:53:38.009,0.74725,0.74745,2.70,11.90
2008.01.23 14:53:38.266,0.7472,0.74745,6.70,11.90
2008.01.23 14:53:38.525,0.74715,0.74745,27.40,12.20
2008.01.23 14:53:38.791,0.74715,0.74745,0.50,32.20
2008.01.23 14:53:39.034,0.74715,0.74745,4.20,32.20
2008.01.23 14:53:39.278,0.7471,0.74745,26.60,32.20
2008.01.23 14:53:39.521,0.7471,0.74745,29.00,32.20
2008.01.23 14:53:39.764,0.74715,0.74745,1.90,34.10
2008.01.23 14:53:40.112,0.7471,0.74745,29.00,34.10
2008.01.23 14:53:40.445,0.7471,0.74745,26.60,34.10
2008.01.23 14:53:40.785,0.7471,0.74745,26.60,32.20
2008.01.23 14:53:40.983,0.7471,0.74745,26.60,32.20
2008.01.23 14:53:41.190,0.7471,0.74745,25.00,32.20
2008.01.23 14:53:41.431,0.7471,0.74745,25.00,32.20
2008.01.23 14:53:41.630,0.74715,0.74745,0.60,32.20
2008.01.23 14:53:41.836,0.7471,0.74745,25.00,32.20
2008.01.23 14:53:42.141,0.7471,0.74745,25.00,32.20
2008.01.23 14:53:42.454,0.74715,0.74745,11.90,34.10
2008.01.23 14:53:42.777,0.7471,0.7474,33.10,0.30
2008.01.23 14:53:43.159,0.74715,0.74745,8.80,35.70
2008.01.23 14:53:43.388,0.74715,0.74745,3.30,34.10
2008.01.23 14:53:43.616,0.7471,0.74745,33.00,34.10
2008.01.23 14:53:43.874,0.7471,0.74745,33.00,34.10
2008.01.23 14:53:44.103,0.74715,0.74745,1.30,34.10
2008.01.23 14:53:44.483,0.74715,0.74745,3.90,34.10
2008.01.23 14:53:44.766,0.74715,0.74735,0.90,6.40
2008.01.23 14:53:45.049,0.74715,0.74735,5.50,6.40
2008.01.23 14:53:45.307,0.7471,0.74735,13.10,7.90
2008.01.23 14:53:45.565,0.7471,0.74735,13.10,7.90
2008.01.23 14:53:45.824,0.7471,0.74735,13.90,3.90
2008.01.23 14:53:46.083,0.7471,0.74735,13.90,3.90
2008.01.23 14:53:46.341,0.74715,0.74735,11.20,6.40
2008.01.23 14:53:46.773,0.74715,0.74735,11.20,7.90
2008.01.23 14:53:47.032,0.74715,0.74735,11.20,7.90
2008.01.23 14:53:47.325,0.7471,0.74735,3.20,30.60
2008.01.23 14:53:47.619,0.7471,0.74735,3.20,30.60
2008.01.23 14:53:47.913,0.7471,0.74735,1.60,30.60
2008.01.23 14:53:48.205,0.7471,0.74735,1.80,30.30
2008.01.23 14:53:48.488,0.74715,0.74735,4.00,4.80
2008.01.23 14:53:48.771,0.74715,0.7474,4.00,9.90
2008.01.23 14:53:49.054,0.74715,0.7474,4.00,9.90
2008.01.23 14:53:49.317,0.74715,0.7474,4.00,9.90
2008.01.23 14:53:49.581,0.74715,0.74735,8.80,2.40
2008.01.23 14:53:49.844,0.74715,0.74735,8.80,6.40
2008.01.23 14:53:50.107,0.74715,0.74735,8.80,6.40
2008.01.23 14:53:50.379,0.74715,0.74735,8.80,6.40
2008.01.23 14:53:50.661,0.74715,0.74735,4.80,16.20
2008.01.23 14:53:50.935,0.7471,0.74735,1.60,30.60
2008.01.23 14:53:51.209,0.74715,0.74735,4.00,18.30
2008.01.23 14:53:51.426,0.74715,0.74735,4.00,10.30
2008.01.23 14:53:51.645,0.74715,0.74735,4.00,7.90
2008.01.23 14:53:51.863,0.74715,0.74735,8.80,7.90
2008.01.23 14:53:52.082,0.74715,0.74735,8.80,7.90
2008.01.23 14:53:52.429,0.74715,0.74735,8.80,7.90
2008.01.23 14:53:52.707,0.74715,0.74735,10.40,7.90
2008.01.23 14:53:52.985,0.74715,0.74735,10.40,7.90
2008.01.23 14:53:53.476,0.74715,0.74735,10.40,7.90
2008.01.23 14:53:53.680,0.74715,0.74735,10.40,7.90
2008.01.23 14:53:54.102,0.74715,0.74735,8.00,19.90
2008.01.23 14:53:54.380,0.74715,0.74735,8.00,7.90
2008.01.23 14:53:54.658,0.74715,0.74735,8.00,7.90
2008.01.23 14:53:54.937,0.74715,0.74735,10.40,7.90
2008.01.23 14:53:55.215,0.74715,0.74735,8.80,7.90
2008.01.23 14:53:55.507,0.74715,0.74735,8.80,8.20
2008.01.23 14:53:55.795,0.74715,0.74735,8.80,7.90
2008.01.23 14:53:56.083,0.74715,0.74735,8.80,7.90
2008.01.23 14:53:56.336,0.74715,0.74735,8.80,8.20
2008.01.23 14:53:56.589,0.74715,0.74735,10.40,8.20
2008.01.23 14:53:56.842,0.74715,0.74735,8.80,8.20
2008.01.23 14:53:57.102,0.74715,0.74735,8.80,8.20
2008.01.23 14:53:57.405,0.74715,0.74735,4.80,8.20
2008.01.23 14:53:57.709,0.74715,0.74735,8.80,8.20
2008.01.23 14:53:59.146,0.74715,0.74735,8.80,20.20
2008.01.23 14:53:59.410,0.74715,0.74735,6.40,30.60
2008.01.23 14:53:59.674,0.74715,0.74735,6.40,16.20
2008.01.23 14:53:59.938,0.74715,0.74735,8.80,8.20
2008.01.23 14:54:00.201,0.74715,0.74735,4.80,8.20
2008.01.23 14:54:00.699,0.74715,0.74735,8.80,8.20
2008.01.23 14:54:01.008,0.74715,0.74735,8.80,7.90
2008.01.23 14:54:01.317,0.74715,0.74735,8.80,7.90
2008.01.23 14:54:01.625,0.74715,0.74735,8.80,7.90
2008.01.23 14:54:01.858,0.74715,0.74735,6.40,30.30
2008.01.23 14:54:02.092,0.74715,0.74735,6.40,30.30
2008.01.23 14:54:02.324,0.74715,0.74735,6.40,30.60
2008.01.23 14:54:02.602,0.74715,0.74735,6.40,30.60
2008.01.23 14:54:02.881,0.74715,0.74735,2.40,30.60
2008.01.23 14:54:03.160,0.74715,0.74735,2.40,30.60
2008.01.23 14:54:03.607,0.74715,0.74735,2.40,30.60
2008.01.23 14:54:03.830,0.74705,0.74735,23.40,32.20
2008.01.23 14:54:04.053,0.74705,0.74735,23.40,32.20
2008.01.23 14:54:04.286,0.7471,0.74735,0.30,31.90
2008.01.23 14:54:04.536,0.74715,0.74735,2.40,32.20
2008.01.23 14:54:04.796,0.74715,0.7473,2.40,8.00
2008.01.23 14:54:05.054,0.74705,0.7473,10.60,8.00
2008.01.23 14:54:05.313,0.74705,0.74735,23.40,32.20
2008.01.23 14:54:05.600,0.74705,0.74735,23.40,32.20
2008.01.23 14:54:05.889,0.74705,0.74735,23.40,32.20
2008.01.23 14:54:06.177,0.74705,0.74735,23.40,32.20
2008.01.23 14:54:06.466,0.74715,0.74735,4.00,30.60
2008.01.23 14:54:06.978,0.74715,0.74735,4.00,30.60
2008.01.23 14:54:07.271,0.74715,0.74735,4.00,30.60
2008.01.23 14:54:07.565,0.74715,0.74735,6.40,30.60
2008.01.23 14:54:07.823,0.74705,0.74735,23.40,32.20
2008.01.23 14:54:08.082,0.74705,0.74735,23.40,32.20
2008.01.23 14:54:08.354,0.74715,0.74735,6.40,30.60
2008.01.23 14:54:08.602,0.74715,0.74735,6.40,30.60
2008.01.23 14:54:08.851,0.74715,0.7473,4.00,0.30
2008.01.23 14:54:09.109,0.7471,0.7473,1.60,0.30
2008.01.23 14:54:09.348,0.7471,0.7473,1.60,0.30
2008.01.23 14:54:09.607,0.74705,0.7473,24.00,0.30
2008.01.23 14:54:09.870,0.74705,0.7473,24.00,0.30
2008.01.23 14:54:10.134,0.74705,0.7473,24.00,0.30
2008.01.23 14:54:10.669,0.7471,0.7473,1.60,0.30
2008.01.23 14:54:10.979,0.7471,0.7473,1.60,0.30
2008.01.23 14:54:11.247,0.74705,0.7473,24.00,0.30
2008.01.23 14:54:11.524,0.74705,0.7473,24.00,0.30
2008.01.23 14:54:11.792,0.74705,0.74735,24.20,33.80
2008.01.23 14:54:12.060,0.74705,0.74735,25.00,32.20
2008.01.23 14:54:12.329,0.74705,0.7473,28.00,0.30
2008.01.23 14:54:12.598,0.74705,0.7473,24.00,0.30
2008.01.23 14:54:13.363,0.74705,0.7473,24.00,0.30
2008.01.23 14:54:13.611,0.74705,0.7473,24.00,0.30
2008.01.23 14:54:13.859,0.74705,0.7473,24.00,0.30
2008.01.23 14:54:14.108,0.74705,0.74735,24.20,32.20
2008.01.23 14:54:14.355,0.7471,0.74735,1.60,30.60
2008.01.23 14:54:14.604,0.7471,0.74725,1.60,1.50
2008.01.23 14:54:15.110,0.74705,0.74725,24.20,1.50
2008.01.23 14:54:15.364,0.74705,0.74725,24.20,1.50
2008.01.23 14:54:15.618,0.74705,0.74725,24.20,1.50
2008.01.23 14:54:16.285,0.74705,0.74725,24.20,1.50
2008.01.23 14:54:16.635,0.74705,0.74735,24.20,32.20
2008.01.23 14:54:16.865,0.74715,0.74735,2.40,30.60
2008.01.23 14:54:17.092,0.74715,0.74735,2.40,30.60
2008.01.23 14:54:17.321,0.74715,0.74735,4.00,32.20
2008.01.23 14:54:17.550,0.74705,0.74735,24.20,32.20
2008.01.23 14:54:18.177,0.74705,0.74735,24.20,32.20
2008.01.23 14:54:18.470,0.74705,0.74735,24.20,32.20
2008.01.23 14:54:18.764,0.74705,0.74735,24.20,32.20
2008.01.23 14:54:19.169,0.74705,0.74735,24.20,32.20
2008.01.23 14:54:19.398,0.74715,0.74735,6.40,31.40
2008.01.23 14:54:19.627,0.74715,0.74735,6.40,31.40
2008.01.23 14:54:19.864,0.74715,0.74735,6.40,31.40
2008.01.23 14:54:20.102,0.74715,0.74735,6.40,31.40
2008.01.23 14:54:20.341,0.74715,0.74735,6.40,31.40
2008.01.23 14:54:20.625,0.74715,0.74735,6.40,31.40
2008.01.23 14:54:20.913,0.74715,0.74735,6.40,31.40
2008.01.23 14:54:21.200,0.74715,0.74735,6.40,31.40
2008.01.23 14:54:21.650,0.74715,0.74735,6.40,31.40
2008.01.23 14:54:21.946,0.74715,0.74735,6.40,31.40
2008.01.23 14:54:22.213,0.74715,0.74735,6.40,31.40
2008.01.23 14:54:23.251,0.74715,0.74735,1.40,31.40
2008.01.23 14:54:23.722,0.74705,0.74735,29.80,31.40
2008.01.23 14:54:24.151,0.74705,0.74735,29.80,31.40
2008.01.23 14:54:24.394,0.747,0.74735,36.20,31.40
2008.01.23 14:54:24.618,0.747,0.74735,36.20,31.40
2008.01.23 14:54:24.861,0.747,0.74735,37.00,31.40
2008.01.23 14:54:25.174,0.74705,0.74735,1.60,31.40
2008.01.23 14:54:25.452,0.747,0.74735,35.40,31.40
2008.01.23 14:54:25.695,0.747,0.74735,35.40,31.40
2008.01.23 14:54:25.918,0.74705,0.74735,29.00,31.40
2008.01.23 14:54:26.141,0.74705,0.74735,29.00,31.40
2008.01.23 14:54:26.364,0.74705,0.74735,5.30,31.40
2008.01.23 14:54:26.588,0.74705,0.74735,2.40,31.40
2008.01.23 14:54:26.811,0.74705,0.7473,8.50,0.30
2008.01.23 14:54:27.174,0.74705,0.74735,3.00,33.00
2008.01.23 14:54:27.507,0.747,0.7473,34.70,0.30
2008.01.23 14:54:27.840,0.747,0.74735,34.60,33.00
2008.01.23 14:54:28.101,0.747,0.74735,34.60,33.00
2008.01.23 14:54:28.319,0.747,0.74735,34.60,31.40
2008.01.23 14:54:28.543,0.74705,0.74735,10.80,31.40
2008.01.23 14:54:28.763,0.747,0.74735,34.60,31.40
2008.01.23 14:54:29.076,0.747,0.74735,34.60,31.40
2008.01.23 14:54:29.389,0.747,0.74735,34.60,31.40
2008.01.23 14:54:29.711,0.74705,0.74735,3.10,31.40
2008.01.23 14:54:30.008,0.747,0.74735,34.60,31.40
2008.01.23 14:54:30.278,0.74705,0.74735,7.20,31.40
2008.01.23 14:54:30.537,0.74705,0.74735,3.00,31.40
2008.01.23 14:54:30.794,0.747,0.74735,34.60,31.40
2008.01.23 14:54:31.052,0.747,0.74735,34.60,31.40
2008.01.23 14:54:31.380,0.74705,0.74735,0.80,31.40
2008.01.23 14:54:32.144,0.74705,0.74735,0.60,31.40
2008.01.23 14:54:32.373,0.74715,0.74735,2.10,31.40
2008.01.23 14:54:32.620,0.74705,0.74735,31.40,31.40
2008.01.23 14:54:33.032,0.74705,0.74735,31.40,31.40
2008.01.23 14:54:33.280,0.74715,0.74735,2.90,31.40
2008.01.23 14:54:33.528,0.74715,0.74735,2.80,31.40
2008.01.23 14:54:34.295,0.74715,0.74735,2.60,31.40
2008.01.23 14:54:34.724,0.74715,0.74735,2.20,31.40
2008.01.23 14:54:35.001,0.74715,0.74735,3.20,31.40
2008.01.23 14:54:35.260,0.74705,0.74735,29.80,31.40
2008.01.23 14:54:35.528,0.74715,0.74735,2.30,31.40
2008.01.23 14:54:35.796,0.7471,0.74735,6.70,31.10
2008.01.23 14:54:36.042,0.74715,0.74735,1.90,31.10
2008.01.23 14:54:36.285,0.7471,0.74735,6.70,26.40
2008.01.23 14:54:36.528,0.74715,0.74735,3.60,26.40
2008.01.23 14:54:36.770,0.7471,0.74735,6.70,30.40
2008.01.23 14:54:37.018,0.74715,0.74735,3.20,30.40
2008.01.23 14:54:37.297,0.74705,0.74735,34.60,30.70
2008.01.23 14:54:37.576,0.74705,0.74735,34.60,30.70
2008.01.23 14:54:38.010,0.74705,0.74735,34.60,30.70
2008.01.23 14:54:38.269,0.74715,0.74735,0.50,29.50
2008.01.23 14:54:38.537,0.7471,0.74735,10.60,4.00
2008.01.23 14:54:38.796,0.7471,0.74735,10.60,4.00
2008.01.23 14:54:39.206,0.74715,0.74735,3.60,4.70
2008.01.23 14:54:39.483,0.74715,0.74735,4.20,4.70
2008.01.23 14:54:40.659,0.7471,0.74735,10.60,4.70
2008.01.23 14:54:40.862,0.7471,0.7474,10.60,9.90
2008.01.23 14:54:41.248,0.74715,0.74735,4.70,4.00
2008.01.23 14:54:41.426,0.7471,0.74735,10.60,4.00
2008.01.23 14:54:41.604,0.74715,0.74735,4.40,4.00
2008.01.23 14:54:41.783,0.7471,0.74735,10.60,0.70
2008.01.23 14:54:42.054,0.74715,0.74735,4.40,0.70
2008.01.23 14:54:42.389,0.74715,0.7474,2.10,9.90
2008.01.23 14:54:42.721,0.7471,0.7474,10.60,9.90
2008.01.23 14:54:43.064,0.74715,0.74735,1.60,8.80
2008.01.23 14:54:43.306,0.7471,0.74735,8.20,9.50
2008.01.23 14:54:43.619,0.7471,0.74735,8.20,9.50
2008.01.23 14:54:43.862,0.7471,0.74735,9.80,8.80
2008.01.23 14:54:44.106,0.7471,0.74735,9.80,8.80
2008.01.23 14:54:44.411,0.7471,0.74735,9.90,9.50
2008.01.23 14:54:44.714,0.74715,0.74735,1.30,9.50
2008.01.23 14:54:45.018,0.74715,0.74735,4.00,9.50
2008.01.23 14:54:45.330,0.7471,0.74735,10.70,7.10
2008.01.23 14:54:45.583,0.74715,0.74735,1.70,9.50
2008.01.23 14:54:45.837,0.7471,0.74735,13.10,6.40
2008.01.23 14:54:46.091,0.74715,0.74735,2.20,6.40
2008.01.23 14:54:46.336,0.74715,0.74735,3.60,6.40
2008.01.23 14:54:46.578,0.7471,0.74735,13.10,6.40
2008.01.23 14:54:46.829,0.7471,0.74735,10.60,6.40
2008.01.23 14:54:47.332,0.74715,0.74735,3.70,6.40
2008.01.23 14:54:47.569,0.74715,0.74735,1.80,6.40
2008.01.23 14:54:47.893,0.7471,0.74735,10.60,7.10
2008.01.23 14:54:48.644,0.7471,0.74735,10.60,7.10
2008.01.23 14:54:48.809,0.74715,0.74735,2.10,9.50
2008.01.23 14:54:48.994,0.7471,0.74735,8.20,9.50
2008.01.23 14:54:49.157,0.74715,0.74735,1.20,8.80
2008.01.23 14:54:49.320,0.7471,0.74735,8.00,9.10
2008.01.23 14:54:49.573,0.7471,0.74735,8.00,9.80
2008.01.23 14:54:49.937,0.74715,0.74735,3.60,9.80
2008.01.23 14:54:50.249,0.7471,0.74735,8.00,9.80
2008.01.23 14:54:51.079,0.7471,0.74735,8.00,9.80
2008.01.23 14:54:51.352,0.74715,0.74735,6.40,9.50
2008.01.23 14:54:51.590,0.74715,0.74735,6.40,8.80
2008.01.23 14:54:51.828,0.74715,0.74735,6.40,9.50
2008.01.23 14:54:52.066,0.74715,0.74735,6.40,8.80
2008.01.23 14:54:52.314,0.74715,0.74735,8.80,6.40
2008.01.23 14:54:52.647,0.74715,0.74735,8.80,7.10
2008.01.23 14:54:52.982,0.74715,0.74735,6.40,9.50
2008.01.23 14:54:53.317,0.74715,0.74735,8.80,7.10
2008.01.23 14:54:53.544,0.74715,0.74735,8.80,6.40
2008.01.23 14:54:53.772,0.74715,0.74735,8.80,6.40
2008.01.23 14:54:54.004,0.74715,0.74735,8.80,6.40
2008.01.23 14:54:54.232,0.74715,0.7474,9.00,9.60
2008.01.23 14:54:54.501,0.74715,0.7474,9.00,9.60
2008.01.23 14:54:54.764,0.74725,0.7474,2.40,8.00
2008.01.23 14:54:55.028,0.74725,0.74745,2.40,33.30
2008.01.23 14:54:55.292,0.74725,0.74745,2.40,33.30
2008.01.23 14:54:55.556,0.74725,0.74745,2.40,33.30
2008.01.23 14:54:55.819,0.74725,0.74745,2.40,33.30
2008.01.23 14:54:56.082,0.74725,0.74745,2.40,33.30
2008.01.23 14:54:56.356,0.74725,0.74745,2.40,34.90
2008.01.23 14:54:56.772,0.74725,0.7474,2.60,0.30
2008.01.23 14:54:57.006,0.74725,0.7474,2.60,0.30
2008.01.23 14:54:57.239,0.74725,0.7474,2.60,0.30
2008.01.23 14:54:57.472,0.74725,0.7474,2.60,0.30
2008.01.23 14:54:57.775,0.74725,0.7474,2.60,0.30
2008.01.23 14:54:58.079,0.74725,0.7474,2.60,0.30
2008.01.23 14:54:58.382,0.74725,0.7474,6.60,0.30
2008.01.23 14:54:58.687,0.74725,0.7474,6.60,0.30
2008.01.23 14:54:58.930,0.74725,0.7474,2.60,0.30
2008.01.23 14:54:59.154,0.74725,0.7474,2.60,0.30
2008.01.23 14:54:59.613,0.74725,0.7474,2.60,0.30
2008.01.23 14:54:59.937,0.74725,0.7474,2.60,0.30
2008.01.23 14:55:00.344,0.74725,0.7474,2.60,0.30
2008.01.23 14:55:00.652,0.74725,0.7474,2.60,0.30
2008.01.23 14:55:00.896,0.74725,0.7474,6.60,0.30
2008.01.23 14:55:01.346,0.74725,0.7474,6.60,0.30
2008.01.23 14:55:01.590,0.74725,0.7474,2.60,0.30
2008.01.23 14:55:01.933,0.7473,0.74745,0.30,2.90
2008.01.23 14:55:02.267,0.74735,0.74745,0.30,2.60
2008.01.23 14:55:02.599,0.74735,0.74745,0.30,0.70
2008.01.23 14:55:02.839,0.74735,0.7475,0.30,0.30
2008.01.23 14:55:03.078,0.74735,0.7475,4.20,0.30
2008.01.23 14:55:03.327,0.74735,0.7475,4.20,0.30
2008.01.23 14:55:03.554,0.74735,0.7475,0.30,0.30
2008.01.23 14:55:03.873,0.7473,0.74745,0.30,0.30
2008.01.23 14:55:04.192,0.7473,0.74745,0.30,0.30
2008.01.23 14:55:04.512,0.7473,0.74745,0.30,0.30
2008.01.23 14:55:04.830,0.7473,0.74745,0.30,0.30
2008.01.23 14:55:05.063,0.7473,0.74745,0.30,0.30
2008.01.23 14:55:05.296,0.7473,0.74745,0.30,0.30
2008.01.23 14:55:05.529,0.74735,0.7475,0.30,0.30
2008.01.23 14:55:05.763,0.74735,0.7475,0.30,1.90
2008.01.23 14:55:06.067,0.7473,0.74745,0.30,0.30
2008.01.23 14:55:06.372,0.74735,0.7475,2.60,8.30
2008.01.23 14:55:06.677,0.74735,0.7475,2.60,0.30
2008.01.23 14:55:06.961,0.74735,0.7475,2.60,0.30
2008.01.23 14:55:07.244,0.74735,0.7475,2.60,0.30
2008.01.23 14:55:07.528,0.74735,0.7475,2.60,0.30
2008.01.23 14:55:07.997,0.74735,0.7475,2.60,0.30
2008.01.23 14:55:08.240,0.7474,0.74755,0.30,6.70
2008.01.23 14:55:08.483,0.7474,0.74755,0.30,6.70
2008.01.23 14:55:08.726,0.74745,0.7476,0.30,8.30
2008.01.23 14:55:08.989,0.74745,0.7476,0.30,0.30
2008.01.23 14:55:09.252,0.7475,0.74765,0.30,40.50
2008.01.23 14:55:09.515,0.7474,0.74755,0.30,0.30
2008.01.23 14:55:09.779,0.7475,0.74765,0.30,22.90
2008.01.23 14:55:10.083,0.74745,0.7476,0.30,0.30
2008.01.23 14:55:10.390,0.74745,0.7476,12.50,0.30
2008.01.23 14:55:10.695,0.74755,0.7476,4.00,0.30
2008.01.23 14:55:10.974,0.74755,0.74765,4.00,5.80
2008.01.23 14:55:11.253,0.7475,0.74765,0.30,2.70
2008.01.23 14:55:11.532,0.74755,0.7477,6.60,0.30
2008.01.23 14:55:11.810,0.74755,0.7477,6.60,0.30
2008.01.23 14:55:12.105,0.74755,0.7477,4.20,0.30
2008.01.23 14:55:12.409,0.74755,0.7477,4.20,0.30
2008.01.23 14:55:12.693,0.74755,0.7477,6.60,0.30
2008.01.23 14:55:12.977,0.74755,0.7477,0.30,0.30
2008.01.23 14:55:13.262,0.74755,0.7477,0.30,0.30
2008.01.23 14:55:13.545,0.7475,0.74765,0.30,0.30
2008.01.23 14:55:13.829,0.74755,0.7477,0.30,0.30
2008.01.23 14:55:14.081,0.74755,0.7477,0.30,0.30
2008.01.23 14:55:14.335,0.74755,0.7477,0.30,0.30
2008.01.23 14:55:14.625,0.74755,0.7477,0.30,0.30
2008.01.23 14:55:14.879,0.7475,0.74765,0.30,0.30
2008.01.23 14:55:15.212,0.7475,0.74765,0.30,0.30
2008.01.23 14:55:15.535,0.74755,0.7477,0.30,0.30
2008.01.23 14:55:15.859,0.7475,0.74765,0.30,0.30
2008.01.23 14:55:16.098,0.7475,0.74765,0.30,2.70
2008.01.23 14:55:16.341,0.7475,0.74765,0.30,2.70
2008.01.23 14:55:16.579,0.7475,0.74765,0.30,2.70
2008.01.23 14:55:16.971,0.7475,0.74765,0.30,2.70
2008.01.23 14:55:17.280,0.7475,0.74765,0.30,6.70
2008.01.23 14:55:17.588,0.7475,0.74765,0.30,6.70
2008.01.23 14:55:17.895,0.7475,0.74765,0.30,6.70
2008.01.23 14:55:18.215,0.7475,0.74765,0.30,7.40
2008.01.23 14:55:18.473,0.7475,0.74765,0.30,7.40
2008.01.23 14:55:18.735,0.7475,0.74765,0.30,6.70
2008.01.23 14:55:18.993,0.7475,0.74765,0.30,6.70
2008.01.23 14:55:19.271,0.7475,0.74765,0.30,7.40
2008.01.23 14:55:19.626,0.7475,0.74765,0.30,7.40
2008.01.23 14:55:19.903,0.74745,0.7476,9.00,0.30
2008.01.23 14:55:20.145,0.74745,0.7476,9.00,0.30
2008.01.23 14:55:20.389,0.74745,0.74765,2.60,33.80
2008.01.23 14:55:20.631,0.74745,0.74765,0.30,37.80
2008.01.23 14:55:20.874,0.74745,0.74765,2.60,33.80
2008.01.23 14:55:21.162,0.74745,0.7476,6.60,0.30
2008.01.23 14:55:21.451,0.7475,0.7477,0.30,19.40
2008.01.23 14:55:21.740,0.7475,0.7477,0.30,19.40
2008.01.23 14:55:22.031,0.7475,0.74765,0.30,0.80
2008.01.23 14:55:22.309,0.74745,0.74765,5.00,21.00
2008.01.23 14:55:22.588,0.74745,0.74765,2.60,21.00
2008.01.23 14:55:22.868,0.7474,0.7476,0.30,8.30
2008.01.23 14:55:23.126,0.7474,0.7476,0.30,8.30
2008.01.23 14:55:23.386,0.7474,0.74755,0.30,0.30
2008.01.23 14:55:23.819,0.7474,0.7476,0.30,8.30
2008.01.23 14:55:24.084,0.7474,0.74755,0.30,0.30
2008.01.23 14:55:24.322,0.7474,0.7476,0.30,8.30
2008.01.23 14:55:24.562,0.7474,0.74755,0.30,0.30
2008.01.23 14:55:24.801,0.7474,0.7476,0.30,9.00
2008.01.23 14:55:25.181,0.7474,0.7476,0.30,9.00
2008.01.23 14:55:25.448,0.74735,0.74755,6.60,17.00
2008.01.23 14:55:25.718,0.74735,0.74755,6.60,30.60
2008.01.23 14:55:25.988,0.7473,0.74745,0.30,0.30
2008.01.23 14:55:26.263,0.74725,0.7475,14.60,8.30
2008.01.23 14:55:26.517,0.7473,0.7475,0.30,8.30
2008.01.23 14:55:26.780,0.7473,0.74745,0.30,0.30
2008.01.23 14:55:27.045,0.7473,0.7475,0.30,8.30
2008.01.23 14:55:27.347,0.74735,0.74755,0.30,41.30
2008.01.23 14:55:27.661,0.74735,0.74755,0.30,33.30
2008.01.23 14:55:27.965,0.74735,0.74755,0.30,33.30
2008.01.23 14:55:28.269,0.7473,0.74755,0.30,31.40
2008.01.23 14:55:28.533,0.7473,0.74745,0.30,0.30
2008.01.23 14:55:28.807,0.7473,0.74745,0.30,0.30
2008.01.23 14:55:29.061,0.7473,0.74745,0.30,0.30
2008.01.23 14:55:29.324,0.7473,0.74755,0.30,35.40
2008.01.23 14:55:29.662,0.7473,0.74745,0.30,0.30
2008.01.23 14:55:30.347,0.7473,0.74755,0.30,35.40
2008.01.23 14:55:30.641,0.7473,0.74755,0.30,35.40
2008.01.23 14:55:31.199,0.7473,0.74755,0.30,35.40
2008.01.23 14:55:31.448,0.7473,0.74745,0.30,0.50
2008.01.23 14:55:31.676,0.7473,0.74755,0.30,36.60
2008.01.23 14:55:32.256,0.7473,0.74755,0.30,36.60
2008.01.23 14:55:32.772,0.7473,0.7475,0.30,9.00
2008.01.23 14:55:33.081,0.7473,0.7475,0.30,9.00
2008.01.23 14:55:33.304,0.7473,0.74745,0.30,0.50
2008.01.23 14:55:33.529,0.7473,0.74745,0.30,0.80
2008.01.23 14:55:33.752,0.7473,0.74745,0.30,0.70
2008.01.23 14:55:34.028,0.7473,0.7475,0.30,9.00
2008.01.23 14:55:34.252,0.7473,0.7475,0.30,9.00
2008.01.23 14:55:34.673,0.7473,0.7475,0.30,9.00
2008.01.23 14:55:35.140,0.7473,0.7475,0.30,9.00
2008.01.23 14:55:35.388,0.74725,0.7474,6.60,0.30
2008.01.23 14:55:35.636,0.74725,0.74745,6.60,2.60
2008.01.23 14:55:35.884,0.7473,0.74745,0.30,0.80
2008.01.23 14:55:36.133,0.7473,0.74745,0.30,0.70
2008.01.23 14:55:36.381,0.74725,0.74745,6.60,9.00
2008.01.23 14:55:37.021,0.74725,0.74745,6.60,9.00
2008.01.23 14:55:37.275,0.74725,0.7474,6.60,0.30
2008.01.23 14:55:37.568,0.74725,0.7474,6.60,0.30
2008.01.23 14:55:37.875,0.74725,0.74745,10.60,5.00
2008.01.23 14:55:38.185,0.74725,0.74745,10.60,1.00
2008.01.23 14:55:38.492,0.7473,0.7475,0.30,9.00
2008.01.23 14:55:38.760,0.7473,0.7475,0.30,9.00
2008.01.23 14:55:39.028,0.7473,0.74745,0.30,0.70
2008.01.23 14:55:39.296,0.74725,0.74745,14.60,1.00
2008.01.23 14:55:39.566,0.74725,0.74745,10.60,1.00
2008.01.23 14:55:39.834,0.74725,0.7474,10.60,0.30
2008.01.23 14:55:40.102,0.74725,0.74745,10.60,5.00
2008.01.23 14:55:40.370,0.74725,0.74745,9.00,13.00
2008.01.23 14:55:40.663,0.74725,0.74745,6.60,29.80
2008.01.23 14:55:40.957,0.74725,0.7474,6.60,0.30
2008.01.23 14:55:41.250,0.74725,0.74745,6.60,33.30
2008.01.23 14:55:41.543,0.74725,0.74745,6.60,33.30
2008.01.23 14:55:41.822,0.74725,0.7474,9.00,0.30
2008.01.23 14:55:42.101,0.74725,0.7474,9.00,0.30
2008.01.23 14:55:42.937,0.74725,0.74745,6.60,33.30
2008.01.23 14:55:43.215,0.74725,0.74745,6.60,34.90
2008.01.23 14:55:43.493,0.74725,0.74745,6.60,34.90
2008.01.23 14:55:43.831,0.74725,0.74745,6.60,34.90
2008.01.23 14:55:44.274,0.74725,0.74745,6.40,34.90
2008.01.23 14:55:44.522,0.7472,0.74735,0.30,0.30
2008.01.23 14:55:44.786,0.7472,0.74735,0.30,0.30
2008.01.23 14:55:45.058,0.7472,0.7474,0.30,9.00
2008.01.23 14:55:45.314,0.7472,0.7474,0.30,9.00
2008.01.23 14:55:45.674,0.7472,0.7474,0.30,9.00
2008.01.23 14:55:45.967,0.7472,0.7474,0.30,9.00
2008.01.23 14:55:46.268,0.74725,0.7474,0.30,9.00
2008.01.23 14:55:46.562,0.74725,0.7474,0.30,1.00
2008.01.23 14:55:46.851,0.7472,0.74745,0.30,41.30
2008.01.23 14:55:47.131,0.7472,0.74735,0.30,0.90
2008.01.23 14:55:47.408,0.7472,0.74735,0.30,0.80
2008.01.23 14:55:47.672,0.7472,0.74735,0.30,6.70
2008.01.23 14:55:47.948,0.7472,0.74735,0.30,2.70
2008.01.23 14:55:48.212,0.7472,0.74735,0.30,0.30
2008.01.23 14:55:48.475,0.7472,0.74735,0.30,0.30
2008.01.23 14:55:48.934,0.7472,0.74735,1.80,0.30
2008.01.23 14:55:49.692,0.7472,0.74735,1.80,0.30
2008.01.23 14:55:49.993,0.7472,0.74735,1.80,0.30
2008.01.23 14:55:50.695,0.7472,0.74735,1.80,0.30
2008.01.23 14:55:50.943,0.7472,0.74735,0.30,4.30
2008.01.23 14:55:51.193,0.7472,0.74735,0.30,6.70
2008.01.23 14:55:51.441,0.74725,0.74735,0.30,2.40
2008.01.23 14:55:51.689,0.74725,0.7474,0.30,0.30
2008.01.23 14:55:51.997,0.7472,0.74735,0.30,6.70
2008.01.23 14:55:52.305,0.74725,0.74735,0.30,6.40
2008.01.23 14:55:52.615,0.74725,0.7474,0.30,0.30
2008.01.23 14:55:52.834,0.7472,0.74735,0.30,0.30
2008.01.23 14:55:53.064,0.7472,0.74735,0.30,6.70
2008.01.23 14:55:53.282,0.7472,0.74735,0.30,2.70
2008.01.23 14:55:53.500,0.74725,0.7474,0.30,0.30
2008.01.23 14:55:53.754,0.7472,0.74735,0.30,0.30
2008.01.23 14:55:54.006,0.7472,0.74735,1.80,0.30
2008.01.23 14:55:54.312,0.7472,0.74735,1.80,0.30
2008.01.23 14:55:54.565,0.7472,0.74735,1.80,0.30
2008.01.23 14:55:54.872,0.7472,0.74735,0.30,0.30
2008.01.23 14:55:55.191,0.7472,0.74735,0.30,6.70
2008.01.23 14:55:55.501,0.7472,0.74735,0.30,2.70
2008.01.23 14:55:55.810,0.7472,0.74735,0.30,0.30
2008.01.23 14:55:56.079,0.7472,0.74735,0.30,0.30
2008.01.23 14:55:56.346,0.74725,0.7474,0.30,0.30
2008.01.23 14:55:56.614,0.74725,0.7474,0.30,0.30
2008.01.23 14:55:56.897,0.7472,0.74735,0.30,0.30
2008.01.23 14:55:57.289,0.7472,0.74735,0.30,0.30
2008.01.23 14:55:59.718,0.7472,0.74735,0.30,0.30
2008.01.23 14:56:01.307,0.7472,0.74735,0.30,0.30
2008.01.23 14:56:01.602,0.7472,0.74735,0.30,6.70
2008.01.23 14:56:01.895,0.7472,0.74735,0.30,6.70
2008.01.23 14:56:02.425,0.7472,0.74735,0.30,6.70
2008.01.23 14:56:02.665,0.7472,0.74735,0.30,7.40
2008.01.23 14:56:03.392,0.7472,0.74735,0.30,7.40
2008.01.23 14:56:03.640,0.7472,0.74735,0.30,7.40
2008.01.23 14:56:03.889,0.7472,0.74735,0.30,7.40
2008.01.23 14:56:04.726,0.7472,0.74735,0.30,7.40
2008.01.23 14:56:05.718,0.7472,0.74735,0.30,3.40
2008.01.23 14:56:06.012,0.7472,0.74735,0.30,7.40
2008.01.23 14:56:06.397,0.7472,0.74735,0.30,7.40
2008.01.23 14:56:06.601,0.7472,0.74735,0.30,7.40
2008.01.23 14:56:07.307,0.7472,0.74735,0.30,7.40
2008.01.23 14:56:07.839,0.74715,0.7473,11.40,0.30
2008.01.23 14:56:08.063,0.74715,0.7473,9.00,0.30
2008.01.23 14:56:08.286,0.74715,0.7473,9.00,0.30
2008.01.23 14:56:08.510,0.74715,0.7473,6.60,0.30
2008.01.23 14:56:08.766,0.74715,0.7473,6.60,0.30
2008.01.23 14:56:08.990,0.74715,0.7473,9.00,0.30
2008.01.23 14:56:09.314,0.74715,0.7473,9.00,0.30
2008.01.23 14:56:09.727,0.74715,0.7473,9.00,0.30
2008.01.23 14:56:10.343,0.7472,0.74735,0.30,7.40
2008.01.23 14:56:10.572,0.7472,0.74735,0.30,7.40
2008.01.23 14:56:10.801,0.7472,0.74735,0.30,7.40
2008.01.23 14:56:11.271,0.74715,0.7473,13.00,0.30
2008.01.23 14:56:11.545,0.74715,0.7473,9.00,0.30
2008.01.23 14:56:11.819,0.74715,0.74725,8.80,0.30
2008.01.23 14:56:12.093,0.74715,0.74725,4.00,0.30
2008.01.23 14:56:12.342,0.74715,0.7473,4.20,0.30
2008.01.23 14:56:12.590,0.74715,0.7473,6.60,0.30
2008.01.23 14:56:12.838,0.74715,0.7473,6.60,0.30
2008.01.23 14:56:13.086,0.74715,0.7473,6.60,0.30
2008.01.23 14:56:13.302,0.74715,0.7473,6.60,0.30
2008.01.23 14:56:13.513,0.74715,0.7473,6.60,0.30
2008.01.23 14:56:13.726,0.74715,0.7473,6.60,0.30
2008.01.23 14:56:13.940,0.74715,0.7473,6.60,0.30
2008.01.23 14:56:14.264,0.74715,0.7473,6.60,0.30
2008.01.23 14:56:14.587,0.74715,0.7473,6.60,0.30
2008.01.23 14:56:15.010,0.74715,0.7473,6.60,0.30
2008.01.23 14:56:15.234,0.74715,0.7473,6.60,0.30
2008.01.23 14:56:15.743,0.74715,0.7473,6.60,0.30
2008.01.23 14:56:16.088,0.74715,0.7473,6.60,0.30
2008.01.23 14:56:16.348,0.74715,0.7473,6.60,0.30
2008.01.23 14:56:16.913,0.74715,0.7473,9.00,0.30
2008.01.23 14:56:17.190,0.7472,0.74735,0.30,6.70
2008.01.23 14:56:17.477,0.7472,0.74735,0.30,6.70
2008.01.23 14:56:17.496,0.74715,0.74735,10.70,6.70
2008.01.23 14:56:17.766,0.7471,0.7473,13.80,0.30
2008.01.23 14:56:18.054,0.74715,0.7473,2.60,0.30
2008.01.23 14:56:18.327,0.74715,0.7473,1.10,0.30
2008.01.23 14:56:18.600,0.7471,0.7473,13.80,0.30
2008.01.23 14:56:18.874,0.7471,0.7473,11.40,0.30
2008.01.23 14:56:19.725,0.7471,0.7473,11.40,0.30
2008.01.23 14:56:21.501,0.74715,0.7473,1.90,0.30
2008.01.23 14:56:22.176,0.74715,0.74735,6.70,9.10
2008.01.23 14:56:22.454,0.7472,0.74735,0.30,2.70
2008.01.23 14:56:22.732,0.74715,0.74735,9.10,2.70
2008.01.23 14:56:23.164,0.7472,0.74735,0.30,2.70
2008.01.23 14:56:24.744,0.74715,0.74735,10.70,2.70
2008.01.23 14:56:25.193,0.74715,0.74735,8.30,5.10
2008.01.23 14:56:25.461,0.74715,0.74735,6.70,6.70
2008.01.23 14:56:25.710,0.74715,0.74735,6.70,5.10
2008.01.23 14:56:25.969,0.74715,0.74735,10.70,0.30
2008.01.23 14:56:26.229,0.74715,0.74735,12.30,0.30
2008.01.23 14:56:26.486,0.7472,0.74735,0.30,0.30
2008.01.23 14:56:26.746,0.74715,0.74735,13.10,0.30
2008.01.23 14:56:27.005,0.7471,0.7473,13.80,0.30
2008.01.23 14:56:27.263,0.7471,0.7473,13.80,0.30
2008.01.23 14:56:27.960,0.7471,0.7473,13.80,0.30
2008.01.23 14:56:28.362,0.74715,0.7473,3.40,0.30
2008.01.23 14:56:29.158,0.74715,0.7473,3.00,0.30
2008.01.23 14:56:29.372,0.74715,0.7473,3.20,0.30
2008.01.23 14:56:29.758,0.74715,0.7473,1.90,0.30
2008.01.23 14:56:30.743,0.7471,0.7473,11.40,0.30
2008.01.23 14:56:31.027,0.74715,0.7473,1.50,0.30
2008.01.23 14:56:31.311,0.74715,0.74735,13.10,2.70
2008.01.23 14:56:31.551,0.7472,0.74735,0.30,6.70
2008.01.23 14:56:31.769,0.74715,0.74735,13.10,2.70
2008.01.23 14:56:32.018,0.74715,0.74735,13.10,2.70
2008.01.23 14:56:32.256,0.74715,0.7473,2.20,0.30
2008.01.23 14:56:32.484,0.7471,0.7473,13.80,0.30
2008.01.23 14:56:32.798,0.74715,0.7473,0.90,0.30
2008.01.23 14:56:33.111,0.7471,0.7473,11.40,0.30
2008.01.23 14:56:33.424,0.7471,0.7473,11.40,0.30
2008.01.23 14:56:33.666,0.7471,0.7473,13.80,0.30
2008.01.23 14:56:33.910,0.74715,0.7473,2.80,0.30
2008.01.23 14:56:34.152,0.74715,0.7473,0.80,0.30
2008.01.23 14:56:34.395,0.7471,0.7473,9.80,0.30
2008.01.23 14:56:34.669,0.74715,0.7473,3.50,0.30
2008.01.23 14:56:34.943,0.74715,0.7473,4.50,0.30
2008.01.23 14:56:35.221,0.74705,0.7473,42.60,0.30
2008.01.23 14:56:35.495,0.74715,0.7473,1.50,0.30
2008.01.23 14:56:35.788,0.74715,0.7473,3.70,0.30
2008.01.23 14:56:36.082,0.7471,0.7473,8.20,0.30
2008.01.23 14:56:36.375,0.74705,0.7473,37.00,0.30
2008.01.23 14:56:36.614,0.74705,0.7473,41.00,0.30
2008.01.23 14:56:36.879,0.7471,0.7473,8.20,0.30
2008.01.23 14:56:37.118,0.74715,0.7473,1.30,0.30
2008.01.23 14:56:37.357,0.74715,0.74725,1.10,0.30
2008.01.23 14:56:37.665,0.74715,0.74725,1.40,0.30
2008.01.23 14:56:37.973,0.74705,0.7473,38.60,0.30
2008.01.23 14:56:38.281,0.7471,0.7473,8.20,0.30
2008.01.23 14:56:38.589,0.74705,0.7473,38.60,0.30
2008.01.23 14:56:38.836,0.74715,0.7473,2.90,0.30
2008.01.23 14:56:39.085,0.7471,0.74725,0.30,2.70
2008.01.23 14:56:39.333,0.74705,0.74725,17.90,2.70
2008.01.23 14:56:39.591,0.74705,0.74725,12.30,2.70
2008.01.23 14:56:39.888,0.74705,0.74725,12.30,2.70
2008.01.23 14:56:40.232,0.74705,0.74725,12.30,2.70
2008.01.23 14:56:41.376,0.7471,0.74725,0.30,2.70
2008.01.23 14:56:41.624,0.74705,0.74725,13.10,2.70
2008.01.23 14:56:41.872,0.74705,0.74725,13.10,2.70
2008.01.23 14:56:42.121,0.7471,0.74725,0.30,0.30
2008.01.23 14:56:42.370,0.7471,0.74725,0.30,0.30
2008.01.23 14:56:42.627,0.74705,0.7473,33.10,0.30
2008.01.23 14:56:42.931,0.74705,0.74725,33.10,0.30
2008.01.23 14:56:43.502,0.7471,0.74725,0.30,0.30
2008.01.23 14:56:44.384,0.7471,0.74725,0.30,0.30
2008.01.23 14:56:44.787,0.74705,0.74725,33.10,0.30
2008.01.23 14:56:45.075,0.7471,0.74725,0.30,0.30
2008.01.23 14:56:45.364,0.74705,0.74725,31.50,0.30
2008.01.23 14:56:46.349,0.74705,0.74725,31.50,0.30
2008.01.23 14:56:46.618,0.74705,0.74725,12.30,0.30
2008.01.23 14:56:46.871,0.74705,0.74725,12.30,0.30
2008.01.23 14:56:47.124,0.74705,0.74725,12.30,0.30
2008.01.23 14:56:47.388,0.74705,0.74725,14.70,0.30
2008.01.23 14:56:48.842,0.74705,0.74725,14.70,0.30
2008.01.23 14:56:49.081,0.7471,0.74725,0.30,0.30
2008.01.23 14:56:49.320,0.74705,0.74725,31.50,0.30
2008.01.23 14:56:49.558,0.7471,0.74725,0.30,0.30
2008.01.23 14:56:49.821,0.74705,0.74725,33.90,0.30
2008.01.23 14:56:50.074,0.74705,0.74725,33.90,0.30
2008.01.23 14:56:50.327,0.74705,0.74725,35.50,0.30
2008.01.23 14:56:50.582,0.7471,0.74725,0.30,2.70
2008.01.23 14:56:50.850,0.74705,0.74725,14.70,2.70
2008.01.23 14:56:51.119,0.74705,0.74725,34.70,0.30
2008.01.23 14:56:51.387,0.7471,0.74725,0.30,0.30
2008.01.23 14:56:51.656,0.7472,0.74725,0.30,2.40
2008.01.23 14:56:51.865,0.74705,0.74735,37.10,38.60
2008.01.23 14:56:52.075,0.74715,0.7473,1.50,0.30
2008.01.23 14:56:52.292,0.74715,0.7473,1.40,0.30
2008.01.23 14:56:52.493,0.74715,0.74725,0.80,0.30
2008.01.23 14:56:52.702,0.74705,0.74725,17.90,0.30
2008.01.23 14:56:53.036,0.74705,0.74725,33.90,0.30
2008.01.23 14:56:53.371,0.74705,0.74725,33.90,0.30
2008.01.23 14:56:53.704,0.74705,0.74725,33.10,0.30
2008.01.23 14:56:53.942,0.7471,0.74725,0.30,0.30
2008.01.23 14:56:54.181,0.7471,0.74725,0.30,0.30
2008.01.23 14:56:54.419,0.74705,0.74725,31.50,0.30
2008.01.23 14:56:54.657,0.74705,0.74725,33.10,0.30
2008.01.23 14:56:54.855,0.7471,0.74725,0.30,0.30
2008.01.23 14:56:55.288,0.7471,0.74725,0.30,0.30
2008.01.23 14:56:56.011,0.74705,0.74725,34.70,0.30
2008.01.23 14:56:56.344,0.74705,0.74725,34.70,0.30
2008.01.23 14:56:56.700,0.74705,0.74725,34.70,0.30
2008.01.23 14:56:57.240,0.74705,0.74725,34.70,0.30
2008.01.23 14:56:57.493,0.74705,0.74725,35.50,0.30
2008.01.23 14:56:57.742,0.7471,0.74725,0.30,0.30
2008.01.23 14:56:58.264,0.7471,0.74725,0.30,0.30
2008.01.23 14:56:58.453,0.74705,0.74725,35.50,0.30
2008.01.23 14:56:58.793,0.7471,0.74725,0.30,0.30
2008.01.23 14:56:59.130,0.7471,0.74725,0.30,0.30
2008.01.23 14:56:59.437,0.74705,0.74725,35.50,0.30
2008.01.23 14:56:59.738,0.7471,0.74725,0.30,0.30
2008.01.23 14:57:00.171,0.7471,0.74725,0.30,0.30
2008.01.23 14:57:00.425,0.74705,0.74725,33.10,0.30
2008.01.23 14:57:00.679,0.74705,0.74725,34.70,0.30
2008.01.23 14:57:00.941,0.7471,0.74725,0.30,0.30
2008.01.23 14:57:01.440,0.7471,0.74725,0.30,0.30
2008.01.23 14:57:01.812,0.74705,0.74725,31.50,0.30
2008.01.23 14:57:02.124,0.7471,0.74725,0.30,0.30
2008.01.23 14:57:02.373,0.74705,0.74725,33.10,0.30
2008.01.23 14:57:02.621,0.74705,0.74725,34.70,0.30
2008.01.23 14:57:02.878,0.74705,0.74725,34.70,0.30
2008.01.23 14:57:03.126,0.74705,0.74725,32.30,0.30
2008.01.23 14:57:03.385,0.74705,0.74725,30.70,0.30
2008.01.23 14:57:03.645,0.74705,0.74725,32.30,0.30
2008.01.23 14:57:03.904,0.747,0.7472,16.20,0.30
2008.01.23 14:57:04.173,0.747,0.7472,14.60,0.30
2008.01.23 14:57:04.442,0.74705,0.7472,5.30,0.30
2008.01.23 14:57:04.710,0.74705,0.7472,0.70,0.30
2008.01.23 14:57:04.978,0.747,0.7472,14.60,0.30
2008.01.23 14:57:05.241,0.747,0.7472,14.60,0.30
2008.01.23 14:57:05.505,0.74705,0.7472,4.90,0.30
2008.01.23 14:57:06.140,0.74705,0.7472,1.60,0.30
2008.01.23 14:57:06.424,0.74705,0.7472,1.30,0.30
2008.01.23 14:57:06.597,0.74705,0.7472,0.50,0.30
2008.01.23 14:57:06.718,0.747,0.74725,14.60,13.00
2008.01.23 14:57:07.001,0.747,0.74725,10.60,33.00
2008.01.23 14:57:07.249,0.74705,0.7472,0.70,0.30
2008.01.23 14:57:07.959,0.74705,0.7472,0.70,0.30
2008.01.23 14:57:08.229,0.747,0.74725,10.70,18.60
2008.01.23 14:57:08.492,0.74705,0.7472,0.50,0.30
2008.01.23 14:57:08.756,0.74705,0.7472,0.70,0.30
2008.01.23 14:57:09.018,0.747,0.74725,10.60,33.00
2008.01.23 14:57:09.306,0.747,0.74725,8.20,37.80
2008.01.23 14:57:09.584,0.74705,0.7472,0.90,0.30
2008.01.23 14:57:09.863,0.74705,0.74725,9.00,6.70
2008.01.23 14:57:10.116,0.7471,0.7473,0.30,9.90
2008.01.23 14:57:10.370,0.7471,0.74725,0.30,0.30
2008.01.23 14:57:10.623,0.7471,0.74725,0.30,0.30
2008.01.23 14:57:10.875,0.7471,0.7473,0.30,9.90
2008.01.23 14:57:11.179,0.7471,0.7473,0.30,9.90
2008.01.23 14:57:11.594,0.7471,0.7473,0.30,9.90
2008.01.23 14:57:11.897,0.7471,0.7473,0.30,9.90
2008.01.23 14:57:12.165,0.7471,0.7473,0.30,9.90
2008.01.23 14:57:12.433,0.7471,0.7473,0.30,1.90
2008.01.23 14:57:12.711,0.7471,0.7473,0.30,1.90
2008.01.23 14:57:12.981,0.7471,0.7473,0.30,1.90
2008.01.23 14:57:13.234,0.7471,0.74725,0.30,0.30
2008.01.23 14:57:13.487,0.7471,0.7473,0.30,9.90
2008.01.23 14:57:13.749,0.7471,0.74725,0.30,0.30
2008.01.23 14:57:14.338,0.7471,0.7473,0.30,9.90
2008.01.23 14:57:14.833,0.7471,0.7473,0.30,9.90
2008.01.23 14:57:15.130,0.7471,0.7473,0.30,8.30
2008.01.23 14:57:15.368,0.7471,0.7473,0.30,8.30
2008.01.23 14:57:15.605,0.7471,0.74725,0.30,0.30
2008.01.23 14:57:16.595,0.7471,0.7473,0.30,8.30
2008.01.23 14:57:17.260,0.7471,0.7473,0.30,8.30
2008.01.23 14:57:17.484,0.7471,0.7473,0.30,8.30
2008.01.23 14:57:17.706,0.7471,0.7473,0.30,8.30
2008.01.23 14:57:18.117,0.7471,0.7473,0.30,8.30
2008.01.23 14:57:18.391,0.7471,0.7473,0.30,8.30
2008.01.23 14:57:18.665,0.7471,0.74725,0.30,0.30
2008.01.23 14:57:18.937,0.7471,0.74725,0.30,0.30
2008.01.23 14:57:19.210,0.74715,0.7473,2.60,0.30
2008.01.23 14:57:19.449,0.74715,0.7473,2.60,0.30
2008.01.23 14:57:19.687,0.74715,0.74735,9.00,30.60
2008.01.23 14:57:19.984,0.74715,0.7473,9.00,0.30
2008.01.23 14:57:20.282,0.74715,0.74735,6.60,9.80
2008.01.23 14:57:20.581,0.74715,0.74735,6.60,9.80
2008.01.23 14:57:20.880,0.74715,0.7473,6.60,0.30
2008.01.23 14:57:21.177,0.74715,0.74735,6.60,9.10
2008.01.23 14:57:21.415,0.74715,0.7473,6.60,0.30
2008.01.23 14:57:21.800,0.74715,0.74735,6.60,9.10
2008.01.23 14:57:22.217,0.74715,0.74735,6.60,9.10
2008.01.23 14:57:22.506,0.7472,0.7474,0.30,17.10
2008.01.23 14:57:22.795,0.7472,0.7474,0.30,14.70
2008.01.23 14:57:23.235,0.7472,0.74735,0.30,0.60
2008.01.23 14:57:23.493,0.7472,0.7474,0.30,8.30
2008.01.23 14:57:23.761,0.7472,0.74735,0.30,0.50
2008.01.23 14:57:24.019,0.7472,0.74735,0.30,0.60
2008.01.23 14:57:24.288,0.7472,0.74735,0.30,0.70
2008.01.23 14:57:24.556,0.7472,0.7474,0.30,14.70
2008.01.23 14:57:24.824,0.7472,0.74735,0.30,0.80
2008.01.23 14:57:25.092,0.7472,0.74735,0.30,0.60
2008.01.23 14:57:25.395,0.7472,0.74735,0.30,0.90
2008.01.23 14:57:25.699,0.7472,0.7474,0.30,14.70
2008.01.23 14:57:26.305,0.7472,0.7474,0.30,14.70
2008.01.23 14:57:26.618,0.7472,0.74735,0.30,0.70
2008.01.23 14:57:26.792,0.7472,0.74735,0.30,0.70
2008.01.23 14:57:27.137,0.7473,0.7474,0.30,14.40
2008.01.23 14:57:27.450,0.7473,0.7474,0.30,6.40
2008.01.23 14:57:27.763,0.7473,0.74735,0.30,0.70
2008.01.23 14:57:28.076,0.7473,0.7475,0.30,44.90
2008.01.23 14:57:29.435,0.74715,0.7473,33.00,0.30
2008.01.23 14:57:29.587,0.74725,0.7474,2.60,0.30
2008.01.23 14:57:29.745,0.74725,0.74745,2.40,42.10
2008.01.23 14:57:29.898,0.74725,0.74735,2.40,0.30
2008.01.23 14:57:30.050,0.74725,0.7473,2.40,0.30
2008.01.23 14:57:30.204,0.74715,0.74735,33.00,1.00
2008.01.23 14:57:30.538,0.74715,0.74725,32.80,0.30
2008.01.23 14:57:30.872,0.74715,0.74735,10.40,10.70
2008.01.23 14:57:31.215,0.74715,0.7473,12.20,0.30
2008.01.23 14:57:31.443,0.74715,0.74735,12.20,9.00
2008.01.23 14:57:31.671,0.74715,0.74725,8.80,0.30
2008.01.23 14:57:31.899,0.74715,0.74735,4.00,37.80
2008.01.23 14:57:32.128,0.74715,0.74725,4.00,0.30
2008.01.23 14:57:32.427,0.74715,0.74735,4.00,37.80
2008.01.23 14:57:32.727,0.74715,0.74725,4.00,0.30
2008.01.23 14:57:33.024,0.74715,0.74725,4.00,0.30
2008.01.23 14:57:33.323,0.74715,0.74735,5.80,4.20
2008.01.23 14:57:33.495,0.74715,0.74725,5.60,0.30
2008.01.23 14:57:33.664,0.74715,0.74725,4.00,0.30
2008.01.23 14:57:33.992,0.74715,0.7473,4.20,0.30
2008.01.23 14:57:34.161,0.74715,0.7473,8.20,0.30
2008.01.23 14:57:34.328,0.74715,0.7473,8.20,0.30
2008.01.23 14:57:34.602,0.7472,0.74735,0.30,23.40
2008.01.23 14:57:34.854,0.74705,0.7472,25.80,0.30
2008.01.23 14:57:35.118,0.7471,0.74725,1.80,2.70
2008.01.23 14:57:35.381,0.7471,0.74725,1.80,0.30
2008.01.23 14:57:35.656,0.7471,0.74725,1.30,0.30
2008.01.23 14:57:35.674,0.74705,0.74725,43.40,0.30
2008.01.23 14:57:35.948,0.74705,0.74725,45.00,0.30
2008.01.23 14:57:36.232,0.7471,0.74725,0.90,0.30
2008.01.23 14:57:36.515,0.7471,0.7473,1.90,0.30
2008.01.23 14:57:36.775,0.74705,0.74725,35.40,0.30
2008.01.23 14:57:37.032,0.74705,0.74725,35.50,0.30
2008.01.23 14:57:37.290,0.74705,0.74725,37.90,0.30
2008.01.23 14:57:37.589,0.7471,0.74725,0.30,0.30
2008.01.23 14:57:37.890,0.74705,0.74725,35.50,0.30
2008.01.23 14:57:38.190,0.7471,0.74725,1.30,0.30
2008.01.23 14:57:38.488,0.74705,0.74725,39.10,0.30
2008.01.23 14:57:38.751,0.74705,0.74725,39.10,0.30
2008.01.23 14:57:39.015,0.74705,0.74725,40.00,0.30
2008.01.23 14:57:39.278,0.74705,0.74725,39.90,0.30
2008.01.23 14:57:39.542,0.7471,0.7473,7.50,0.30
2008.01.23 14:57:39.821,0.7471,0.7473,11.40,0.30
2008.01.23 14:57:40.110,0.7471,0.74725,13.00,0.30
2008.01.23 14:57:40.387,0.7471,0.74725,1.10,0.30
2008.01.23 14:57:40.660,0.7471,0.74725,1.30,0.30
2008.01.23 14:57:40.934,0.7471,0.74725,1.10,0.30
2008.01.23 14:57:41.208,0.74705,0.74725,40.30,0.30
2008.01.23 14:57:41.481,0.74705,0.74725,40.20,0.30
2008.01.23 14:57:41.724,0.74705,0.74725,38.60,0.30
2008.01.23 14:57:41.967,0.7471,0.74725,1.20,0.30
2008.01.23 14:57:42.270,0.74705,0.74725,38.60,0.30
2008.01.23 14:57:42.527,0.7471,0.74725,2.00,0.30
2008.01.23 14:57:42.841,0.7471,0.74725,4.10,0.30
2008.01.23 14:57:43.154,0.74705,0.74725,43.40,0.30
2008.01.23 14:57:43.469,0.74705,0.74725,43.40,0.30
2008.01.23 14:57:43.723,0.74705,0.74725,34.70,0.30
2008.01.23 14:57:43.977,0.74705,0.74725,34.70,0.30
2008.01.23 14:57:44.231,0.747,0.7472,33.80,0.30
2008.01.23 14:57:44.485,0.747,0.7472,33.80,0.30
2008.01.23 14:57:44.764,0.74705,0.7472,2.00,0.30
2008.01.23 14:57:45.042,0.747,0.7472,19.40,0.30
2008.01.23 14:57:45.321,0.747,0.7472,33.80,0.30
2008.01.23 14:57:45.600,0.747,0.74715,33.80,0.30
2008.01.23 14:57:45.904,0.747,0.7472,17.80,0.30
2008.01.23 14:57:46.209,0.74705,0.74715,0.60,0.30
2008.01.23 14:57:46.513,0.747,0.74715,19.40,0.30
2008.01.23 14:57:46.777,0.747,0.7472,19.40,0.30
2008.01.23 14:57:47.041,0.747,0.7472,19.40,0.30
2008.01.23 14:57:47.305,0.74705,0.74715,2.90,0.30
2008.01.23 14:57:47.568,0.747,0.74715,19.40,0.30
2008.01.23 14:57:48.085,0.747,0.74715,19.40,0.30
2008.01.23 14:57:48.353,0.747,0.74715,19.40,0.30
2008.01.23 14:57:48.621,0.747,0.74715,19.40,0.30
2008.01.23 14:57:48.870,0.747,0.7472,19.40,0.30
2008.01.23 14:57:49.118,0.747,0.74715,19.40,0.30
2008.01.23 14:57:49.367,0.747,0.74715,19.40,0.30
2008.01.23 14:57:49.616,0.747,0.74715,19.40,0.30
2008.01.23 14:57:49.899,0.74705,0.74715,1.70,0.30
2008.01.23 14:57:50.277,0.74705,0.74715,1.90,0.30
2008.01.23 14:57:50.560,0.7471,0.74725,0.30,12.30
2008.01.23 14:57:50.844,0.7471,0.74725,0.30,32.20
2008.01.23 14:57:51.066,0.7469,0.7471,45.00,0.30
2008.01.23 14:57:51.291,0.74695,0.7471,13.70,0.30
2008.01.23 14:57:51.515,0.74685,0.7471,65.00,0.30
2008.01.23 14:57:51.747,0.74685,0.7471,63.40,0.30
2008.01.23 14:57:52.052,0.7469,0.7471,33.80,0.30
2008.01.23 14:57:52.355,0.7469,0.74705,15.40,0.30
2008.01.23 14:57:52.659,0.74695,0.74705,1.90,0.30
2008.01.23 14:57:52.962,0.74695,0.7471,3.10,0.30
2008.01.23 14:57:53.196,0.74695,0.7471,4.20,0.30
2008.01.23 14:57:53.429,0.74695,0.7471,5.90,0.30
2008.01.23 14:57:53.663,0.74695,0.7471,9.10,0.30
2008.01.23 14:57:53.896,0.74695,0.7471,2.10,0.30
2008.01.23 14:57:54.164,0.74695,0.74715,38.60,4.30
2008.01.23 14:57:54.422,0.74695,0.74715,41.00,0.30
2008.01.23 14:57:54.681,0.74695,0.74715,39.40,0.30
2008.01.23 14:57:54.941,0.74695,0.74715,39.40,0.30
2008.01.23 14:57:55.219,0.74695,0.74715,41.00,0.30
2008.01.23 14:57:55.497,0.74695,0.74715,41.00,0.30
2008.01.23 14:57:55.990,0.747,0.74715,5.20,0.30
2008.01.23 14:57:56.289,0.74695,0.74715,41.00,0.30
2008.01.23 14:57:56.587,0.74695,0.74715,41.00,0.30
2008.01.23 14:57:56.886,0.74695,0.74715,49.00,0.30
2008.01.23 14:57:57.164,0.74695,0.74715,49.00,0.30
2008.01.23 14:57:57.453,0.74695,0.74715,49.00,0.30
2008.01.23 14:57:57.731,0.747,0.7472,29.80,0.30
2008.01.23 14:57:58.010,0.747,0.7472,11.40,0.30
2008.01.23 14:57:58.264,0.747,0.7472,11.40,0.30
2008.01.23 14:57:58.516,0.74705,0.7472,1.00,0.30
2008.01.23 14:57:58.769,0.747,0.7472,11.40,0.30
2008.01.23 14:57:59.043,0.747,0.7472,11.40,0.30
2008.01.23 14:57:59.318,0.747,0.74715,4.00,0.30
2008.01.23 14:57:59.591,0.747,0.74715,2.60,0.30
2008.01.23 14:57:59.925,0.74695,0.74715,49.40,0.30
2008.01.23 14:58:00.143,0.747,0.74715,0.50,0.30
2008.01.23 14:58:00.361,0.747,0.74715,0.60,0.30
2008.01.23 14:58:00.578,0.74695,0.74715,41.40,0.30
2008.01.23 14:58:00.806,0.747,0.7472,13.80,0.30
2008.01.23 14:58:01.130,0.74705,0.74715,1.70,0.30
2008.01.23 14:58:01.452,0.747,0.74715,13.80,0.30
2008.01.23 14:58:01.776,0.74695,0.74715,41.40,0.30
2008.01.23 14:58:02.099,0.747,0.74715,4.30,0.30
2008.01.23 14:58:02.372,0.747,0.74715,13.80,0.30
2008.01.23 14:58:02.646,0.747,0.74715,13.80,0.30
2008.01.23 14:58:03.165,0.74705,0.74715,4.00,0.30
2008.01.23 14:58:03.409,0.74705,0.74715,4.00,0.30
2008.01.23 14:58:03.652,0.74705,0.74715,4.00,0.30
2008.01.23 14:58:03.895,0.74705,0.74715,4.00,0.30
2008.01.23 14:58:04.139,0.74705,0.74715,4.00,0.30
2008.01.23 14:58:04.443,0.74705,0.74715,4.00,0.30
2008.01.23 14:58:04.748,0.74705,0.7472,4.20,0.30
2008.01.23 14:58:05.051,0.74705,0.7472,28.20,0.30
2008.01.23 14:58:05.305,0.74705,0.7472,28.20,0.30
2008.01.23 14:58:05.638,0.74705,0.7472,28.20,0.30
2008.01.23 14:58:05.892,0.74705,0.7472,28.20,0.30
2008.01.23 14:58:06.145,0.74705,0.7472,28.20,0.30
2008.01.23 14:58:06.568,0.74705,0.7472,28.20,0.30
2008.01.23 14:58:06.861,0.74705,0.74715,16.00,0.30
2008.01.23 14:58:07.153,0.74705,0.74715,4.00,0.30
2008.01.23 14:58:07.504,0.74705,0.74715,4.00,0.30
2008.01.23 14:58:07.766,0.74705,0.7472,12.20,0.30
2008.01.23 14:58:08.040,0.74705,0.7472,25.80,0.30
2008.01.23 14:58:08.284,0.74705,0.7472,25.80,0.30
2008.01.23 14:58:08.527,0.74705,0.7472,25.80,0.30
2008.01.23 14:58:08.769,0.74705,0.7472,25.80,0.30
2008.01.23 14:58:09.013,0.74705,0.7472,25.80,0.30
2008.01.23 14:58:09.287,0.74705,0.7472,4.20,0.30
2008.01.23 14:58:09.562,0.74705,0.7472,4.20,0.30
2008.01.23 14:58:09.835,0.74705,0.7472,4.20,0.30
2008.01.23 14:58:10.109,0.74705,0.7472,4.20,0.30
2008.01.23 14:58:10.475,0.74705,0.7472,4.20,0.30
2008.01.23 14:58:11.686,0.74705,0.7472,4.20,0.30
2008.01.23 14:58:12.023,0.74705,0.7472,4.20,0.30
2008.01.23 14:58:14.035,0.74705,0.7472,4.20,0.30
2008.01.23 14:58:14.945,0.74705,0.7472,4.20,0.30
2008.01.23 14:58:15.831,0.74705,0.7472,4.20,0.30
2008.01.23 14:58:16.110,0.74705,0.7472,4.20,0.30
2008.01.23 14:58:16.698,0.74705,0.7472,4.20,0.30
2008.01.23 14:58:17.016,0.74705,0.7472,4.20,0.30
2008.01.23 14:58:18.013,0.74705,0.74715,4.00,0.30
2008.01.23 14:58:18.261,0.747,0.74715,9.80,0.30
2008.01.23 14:58:18.479,0.747,0.74715,9.80,0.30
2008.01.23 14:58:19.515,0.747,0.74715,9.80,0.30
2008.01.23 14:58:19.945,0.747,0.74715,9.80,0.30
2008.01.23 14:58:21.532,0.74705,0.7472,0.30,0.30
2008.01.23 14:58:21.746,0.74705,0.7472,4.20,0.30
2008.01.23 14:58:22.038,0.74705,0.7472,4.20,0.30
2008.01.23 14:58:23.019,0.74705,0.7472,4.20,0.30
2008.01.23 14:58:23.327,0.74705,0.7472,4.20,0.30
2008.01.23 14:58:23.556,0.74705,0.7472,4.20,0.30
2008.01.23 14:58:23.785,0.74705,0.7472,4.20,0.30
2008.01.23 14:58:24.022,0.74705,0.7472,4.20,0.30
2008.01.23 14:58:24.251,0.747,0.74715,8.20,0.30
2008.01.23 14:58:24.569,0.74705,0.7472,0.30,0.30
2008.01.23 14:58:24.887,0.747,0.74715,8.20,0.30
2008.01.23 14:58:25.293,0.747,0.74715,8.20,0.30
2008.01.23 14:58:26.020,0.747,0.74715,8.20,0.30
2008.01.23 14:58:26.264,0.747,0.74715,8.20,0.30
2008.01.23 14:58:26.507,0.747,0.74715,8.20,0.30
2008.01.23 14:58:26.776,0.747,0.74715,8.20,0.30
2008.01.23 14:58:27.044,0.747,0.74715,8.20,0.30
2008.01.23 14:58:27.313,0.74705,0.7472,4.20,0.30
2008.01.23 14:58:27.581,0.74705,0.7472,4.20,0.30
2008.01.23 14:58:27.866,0.74705,0.7472,28.20,0.30
2008.01.23 14:58:28.149,0.7471,0.74725,0.30,5.10
2008.01.23 14:58:28.433,0.74705,0.7472,30.60,0.30
2008.01.23 14:58:28.708,0.74705,0.7472,28.20,0.30
2008.01.23 14:58:29.014,0.74705,0.7472,28.20,0.30
2008.01.23 14:58:29.287,0.74705,0.7472,30.60,0.30
2008.01.23 14:58:29.560,0.74705,0.7472,30.60,0.30
2008.01.23 14:58:29.824,0.7472,0.74735,0.30,42.10
2008.01.23 14:58:30.087,0.7471,0.74725,0.30,0.30
2008.01.23 14:58:30.350,0.7471,0.74725,0.30,0.30
2008.01.23 14:58:30.614,0.7471,0.74725,0.30,0.30
2008.01.23 14:58:31.087,0.7471,0.74725,0.30,0.30
2008.01.23 14:58:31.385,0.7471,0.74725,0.30,0.30
2008.01.23 14:58:31.685,0.7471,0.74725,0.30,0.30
2008.01.23 14:58:31.947,0.7471,0.74725,0.30,0.30
2008.01.23 14:58:32.220,0.7471,0.74725,0.30,0.30
2008.01.23 14:58:32.484,0.7471,0.74725,0.30,0.30
2008.01.23 14:58:33.599,0.7471,0.74725,0.30,0.30
2008.01.23 14:58:34.095,0.74705,0.7472,32.20,0.30
2008.01.23 14:58:34.302,0.74705,0.7472,6.60,0.30
2008.01.23 14:58:34.502,0.74705,0.7472,6.60,0.30
2008.01.23 14:58:34.701,0.74705,0.7472,6.60,0.30
2008.01.23 14:58:35.014,0.74705,0.7472,6.60,0.30
2008.01.23 14:58:35.328,0.74705,0.7472,0.30,0.30
2008.01.23 14:58:35.642,0.74705,0.7472,0.30,0.30
2008.01.23 14:58:35.901,0.74705,0.7472,0.30,0.30
2008.01.23 14:58:36.160,0.74705,0.7472,0.30,0.30
2008.01.23 14:58:36.419,0.74705,0.7472,0.30,0.30
2008.01.23 14:58:36.677,0.74705,0.7472,0.30,0.30
2008.01.23 14:58:36.941,0.74705,0.7472,5.80,0.30
2008.01.23 14:58:37.205,0.74705,0.7472,25.80,0.30
2008.01.23 14:58:37.467,0.74705,0.7472,4.20,0.30
2008.01.23 14:58:37.730,0.7471,0.74725,0.30,5.10
2008.01.23 14:58:37.788,0.7471,0.74725,0.30,5.10
2008.01.23 14:58:38.035,0.7471,0.74725,0.30,9.10
2008.01.23 14:58:38.339,0.747,0.7472,21.00,0.30
2008.01.23 14:58:38.643,0.747,0.7472,17.00,0.30
2008.01.23 14:58:38.897,0.74705,0.7472,3.20,0.30
2008.01.23 14:58:39.150,0.74705,0.7472,1.80,0.30
2008.01.23 14:58:39.404,0.74705,0.7472,3.50,0.30
2008.01.23 14:58:39.665,0.747,0.7472,15.40,0.30
2008.01.23 14:58:39.914,0.74695,0.74715,40.30,0.30
2008.01.23 14:58:40.173,0.74705,0.7472,0.30,0.30
2008.01.23 14:58:40.433,0.747,0.7472,8.30,0.30
2008.01.23 14:58:40.691,0.74705,0.7472,0.30,0.30
2008.01.23 14:58:40.999,0.74705,0.7472,0.30,0.30
2008.01.23 14:58:41.306,0.74705,0.7472,0.30,0.30
2008.01.23 14:58:41.615,0.74705,0.7472,0.30,0.30
2008.01.23 14:58:41.884,0.74705,0.7472,0.30,0.30
2008.01.23 14:58:42.153,0.74705,0.7472,0.30,0.30
2008.01.23 14:58:42.421,0.74705,0.7472,0.30,0.30
2008.01.23 14:58:42.701,0.747,0.7472,8.30,0.30
2008.01.23 14:58:43.214,0.747,0.7472,8.30,0.30
2008.01.23 14:58:43.477,0.74705,0.7472,0.30,0.30
2008.01.23 14:58:43.730,0.747,0.7472,8.30,0.30
2008.01.23 14:58:44.015,0.74705,0.7472,0.30,0.30
2008.01.23 14:58:44.327,0.747,0.7472,8.30,0.30
2008.01.23 14:58:44.609,0.747,0.7472,8.30,0.30
2008.01.23 14:58:44.874,0.747,0.7472,8.30,0.30
2008.01.23 14:58:45.138,0.747,0.7472,8.30,0.30
2008.01.23 14:58:46.003,0.74705,0.7472,0.30,0.30
2008.01.23 14:58:46.272,0.74705,0.7472,0.30,0.30
2008.01.23 14:58:46.540,0.74705,0.7472,0.30,0.30
2008.01.23 14:58:46.974,0.747,0.7472,8.30,0.30
2008.01.23 14:58:47.258,0.747,0.7472,12.20,0.30
2008.01.23 14:58:47.531,0.747,0.7472,12.20,0.30
2008.01.23 14:58:47.804,0.747,0.7472,12.20,0.30
2008.01.23 14:58:48.077,0.747,0.7472,12.20,0.30
2008.01.23 14:58:48.351,0.74705,0.7472,1.30,0.30
2008.01.23 14:58:48.624,0.7472,0.74725,0.30,5.50
2008.01.23 14:58:48.897,0.74705,0.74735,36.30,44.90
2008.01.23 14:58:49.155,0.74705,0.74735,36.30,44.90
2008.01.23 14:58:49.413,0.7472,0.74735,0.30,44.50
2008.01.23 14:58:49.679,0.74705,0.74735,38.70,44.90
2008.01.23 14:58:49.929,0.74705,0.74735,38.70,44.90
2008.01.23 14:58:50.176,0.74705,0.74735,38.70,44.50
2008.01.23 14:58:50.424,0.74705,0.74735,38.70,44.50
2008.01.23 14:58:50.681,0.7472,0.74735,0.30,44.50
2008.01.23 14:58:51.763,0.74705,0.74735,38.70,44.50
2008.01.23 14:58:52.187,0.74705,0.74735,38.70,36.50
2008.01.23 14:58:52.410,0.74705,0.74735,41.10,36.50
2008.01.23 14:58:52.633,0.74705,0.74735,41.10,28.50
2008.01.23 14:58:52.855,0.74705,0.74735,41.10,28.50
2008.01.23 14:58:53.124,0.74705,0.74735,39.50,27.70
2008.01.23 14:58:53.392,0.747,0.7472,37.00,0.30
2008.01.23 14:58:53.661,0.747,0.7472,37.00,0.30
2008.01.23 14:58:53.929,0.7471,0.7472,5.60,0.30
2008.01.23 14:58:54.158,0.74715,0.7472,0.50,0.30
2008.01.23 14:58:54.397,0.7471,0.74725,8.30,2.40
2008.01.23 14:58:54.625,0.7471,0.7473,8.30,0.30
2008.01.23 14:58:54.854,0.7471,0.7473,12.20,0.30
2008.01.23 14:58:55.182,0.74715,0.74735,6.70,14.70
2008.01.23 14:58:55.510,0.7472,0.74735,0.30,4.30
2008.01.23 14:58:55.838,0.74715,0.74735,30.70,0.30
2008.01.23 14:58:56.166,0.7471,0.7473,19.40,0.30
2008.01.23 14:58:56.430,0.74715,0.7473,2.00,0.30
2008.01.23 14:58:56.694,0.7471,0.7473,15.40,0.30
2008.01.23 14:58:56.991,0.74715,0.7473,1.30,0.30
2008.01.23 14:58:57.280,0.74715,0.7473,3.20,0.30
2008.01.23 14:58:57.569,0.74715,0.7473,2.50,0.30
2008.01.23 14:58:57.857,0.7471,0.7473,15.40,0.30
2008.01.23 14:58:58.145,0.7471,0.7473,15.40,0.30
2008.01.23 14:58:58.434,0.74715,0.7473,2.50,0.30
2008.01.23 14:58:58.712,0.74715,0.74735,6.70,13.90
2008.01.23 14:58:58.991,0.7472,0.74735,0.30,0.30
2008.01.23 14:58:59.225,0.74715,0.7473,3.20,0.30
2008.01.23 14:58:59.458,0.74715,0.7473,6.40,0.30
2008.01.23 14:58:59.691,0.74715,0.7473,4.80,0.30
2008.01.23 14:58:59.933,0.7472,0.74735,0.30,0.30
2008.01.23 14:59:00.158,0.74715,0.74735,34.70,0.30
2008.01.23 14:59:00.426,0.74715,0.74735,33.10,0.30
2008.01.23 14:59:00.694,0.7472,0.74735,0.30,0.30
2008.01.23 14:59:00.962,0.74715,0.74735,33.10,0.30
2008.01.23 14:59:01.230,0.74715,0.74735,33.10,0.30
2008.01.23 14:59:01.503,0.74715,0.74735,33.10,0.30
2008.01.23 14:59:01.779,0.7472,0.74735,0.30,0.30
2008.01.23 14:59:02.106,0.7472,0.74735,0.30,0.30
2008.01.23 14:59:02.369,0.74715,0.74735,33.10,0.30
2008.01.23 14:59:02.637,0.74715,0.74735,33.10,0.30
2008.01.23 14:59:02.901,0.74715,0.74735,33.10,0.30
2008.01.23 14:59:03.164,0.74715,0.74735,33.10,0.30
2008.01.23 14:59:03.461,0.7472,0.74735,0.30,0.30
2008.01.23 14:59:03.760,0.7472,0.74735,0.30,0.30
2008.01.23 14:59:04.059,0.7472,0.74735,0.30,0.30
2008.01.23 14:59:04.357,0.74715,0.7474,39.50,0.30
2008.01.23 14:59:04.651,0.74725,0.7474,0.30,0.30
2008.01.23 14:59:05.026,0.74725,0.7474,0.30,0.30
2008.01.23 14:59:05.320,0.74725,0.7474,7.40,0.30
2008.01.23 14:59:05.585,0.74725,0.7474,8.20,0.30
2008.01.23 14:59:05.849,0.74735,0.74745,0.30,3.40
2008.01.23 14:59:06.114,0.74735,0.74745,0.30,1.80
2008.01.23 14:59:06.378,0.7474,0.74745,0.30,1.80
2008.01.23 14:59:06.666,0.7474,0.74745,0.30,1.80
2008.01.23 14:59:06.955,0.74745,0.74755,0.30,40.40
2008.01.23 14:59:07.244,0.7474,0.74755,0.30,40.70
2008.01.23 14:59:07.531,0.7474,0.74755,0.30,31.90
2008.01.23 14:59:07.831,0.7473,0.74745,8.20,0.30
2008.01.23 14:59:08.129,0.7473,0.74745,8.20,0.30
2008.01.23 14:59:08.428,0.7473,0.74745,8.20,0.30
2008.01.23 14:59:08.660,0.7473,0.74745,8.20,0.30
2008.01.23 14:59:08.894,0.74735,0.7475,0.30,0.30
2008.01.23 14:59:09.129,0.74735,0.7475,0.30,0.30
2008.01.23 14:59:09.370,0.74735,0.7475,4.20,0.30
2008.01.23 14:59:09.658,0.74735,0.7475,5.80,0.30
2008.01.23 14:59:09.946,0.7473,0.74745,0.30,0.30
2008.01.23 14:59:10.235,0.74735,0.7475,0.30,0.30
2008.01.23 14:59:10.524,0.74735,0.7475,4.20,0.30
2008.01.23 14:59:10.799,0.74735,0.7475,4.20,0.30
2008.01.23 14:59:11.073,0.74735,0.7475,2.60,0.30
2008.01.23 14:59:11.347,0.74735,0.7475,2.60,0.30
2008.01.23 14:59:11.616,0.74735,0.7475,4.20,0.30
2008.01.23 14:59:11.885,0.74735,0.7475,3.40,0.30
2008.01.23 14:59:12.156,0.74735,0.7475,7.40,0.30
2008.01.23 14:59:12.424,0.7475,0.74755,0.30,2.00
2008.01.23 14:59:12.732,0.74745,0.74755,0.30,2.00
2008.01.23 14:59:13.040,0.74745,0.74755,0.30,2.00
2008.01.23 14:59:13.349,0.7474,0.74755,0.30,4.70
2008.01.23 14:59:13.596,0.7474,0.74755,0.30,2.90
2008.01.23 14:59:13.845,0.74735,0.7475,9.00,0.30
2008.01.23 14:59:14.093,0.74735,0.7475,4.20,0.30
2008.01.23 14:59:14.342,0.74735,0.7475,4.20,0.30
2008.01.23 14:59:14.591,0.74735,0.7475,2.60,0.30
2008.01.23 14:59:14.870,0.74735,0.74745,4.80,0.30
2008.01.23 14:59:15.147,0.7473,0.74745,1.80,0.30
2008.01.23 14:59:15.439,0.74735,0.7475,5.00,0.30
2008.01.23 14:59:15.743,0.74735,0.7474,4.80,0.30
2008.01.23 14:59:16.049,0.74725,0.7474,0.30,0.30
2008.01.23 14:59:16.352,0.74725,0.7474,0.30,0.30
2008.01.23 14:59:16.656,0.74735,0.7474,1.60,0.30
2008.01.23 14:59:16.891,0.74725,0.7474,0.30,0.30
2008.01.23 14:59:17.125,0.74725,0.7474,0.30,0.30
2008.01.23 14:59:17.358,0.74725,0.7474,4.20,0.30
2008.01.23 14:59:17.682,0.7473,0.74745,0.30,0.30
2008.01.23 14:59:18.006,0.7473,0.74745,0.30,0.30
2008.01.23 14:59:18.329,0.7473,0.74745,0.30,0.30
2008.01.23 14:59:18.652,0.7473,0.74745,0.30,0.30
2008.01.23 14:59:18.880,0.7473,0.74745,0.30,0.30
2008.01.23 14:59:19.108,0.7473,0.74745,0.30,0.30
2008.01.23 14:59:19.337,0.7473,0.74745,0.30,0.30
2008.01.23 14:59:19.565,0.7473,0.74745,0.30,0.30
2008.01.23 14:59:19.863,0.7473,0.74745,0.30,0.30
2008.01.23 14:59:20.529,0.7473,0.74745,0.30,0.30
2008.01.23 14:59:20.828,0.7473,0.74745,1.80,0.30
2008.01.23 14:59:21.047,0.7473,0.74745,1.80,0.30
2008.01.23 14:59:21.266,0.7473,0.74745,1.80,0.30
2008.01.23 14:59:21.484,0.7473,0.74745,1.80,0.30
2008.01.23 14:59:21.701,0.7473,0.74745,1.80,0.30
2008.01.23 14:59:22.004,0.7473,0.74745,1.80,0.30
2008.01.23 14:59:22.309,0.74735,0.7475,0.30,0.30
2008.01.23 14:59:22.612,0.74735,0.7475,2.60,0.30
2008.01.23 14:59:23.020,0.74735,0.7475,2.60,0.30
2008.01.23 14:59:23.269,0.74735,0.74745,2.40,0.30
2008.01.23 14:59:23.517,0.7473,0.74745,1.80,0.30
2008.01.23 14:59:23.767,0.74735,0.7475,0.30,0.30
2008.01.23 14:59:24.063,0.74735,0.7475,0.30,0.30
2008.01.23 14:59:24.355,0.74735,0.7475,5.80,0.30
2008.01.23 14:59:24.649,0.74735,0.7475,5.80,0.30
2008.01.23 14:59:24.917,0.74735,0.7475,2.60,0.30
2008.01.23 14:59:25.184,0.74735,0.7475,2.60,0.30
2008.01.23 14:59:25.452,0.74735,0.7475,2.60,0.30
2008.01.23 14:59:25.721,0.74735,0.7475,2.60,0.30
2008.01.23 14:59:26.032,0.74735,0.7475,2.60,0.30
2008.01.23 14:59:26.343,0.7474,0.74755,0.30,5.30
2008.01.23 14:59:26.640,0.7474,0.74755,0.30,5.30
2008.01.23 14:59:26.939,0.7474,0.74755,0.30,2.90
2008.01.23 14:59:27.212,0.7474,0.74755,0.30,2.90
2008.01.23 14:59:27.485,0.7474,0.74755,0.30,2.90
2008.01.23 14:59:27.759,0.7474,0.74755,0.30,2.90
2008.01.23 14:59:28.041,0.7474,0.74755,0.30,2.90
2008.01.23 14:59:28.325,0.7474,0.74755,0.30,2.90
2008.01.23 14:59:28.609,0.7474,0.74755,0.30,2.90
2008.01.23 14:59:28.893,0.74735,0.7475,13.00,0.30
2008.01.23 14:59:29.197,0.74735,0.7475,5.00,0.30
2008.01.23 14:59:29.507,0.7474,0.74755,0.30,2.90
2008.01.23 14:59:29.810,0.74735,0.74745,4.00,0.30
2008.01.23 14:59:29.912,0.74735,0.74755,4.00,5.50
2008.01.23 14:59:30.055,0.7473,0.74745,0.30,0.30
2008.01.23 14:59:30.298,0.74735,0.7475,0.30,0.30
2008.01.23 14:59:30.541,0.74735,0.7475,0.30,0.30
2008.01.23 14:59:30.796,0.74735,0.74755,0.30,26.30
2008.01.23 14:59:31.124,0.74735,0.74755,0.30,24.50
2008.01.23 14:59:31.453,0.74735,0.74755,0.30,18.90
2008.01.23 14:59:31.781,0.7473,0.74755,1.80,26.90
2008.01.23 14:59:32.024,0.7473,0.74755,1.80,29.50
2008.01.23 14:59:32.268,0.7473,0.74745,1.80,0.30
2008.01.23 14:59:32.511,0.7473,0.74755,1.80,31.30
2008.01.23 14:59:32.755,0.74735,0.74755,0.30,31.10
2008.01.23 14:59:32.997,0.74735,0.74755,2.60,12.70
2008.01.23 14:59:33.333,0.74735,0.74755,2.40,24.70
2008.01.23 14:59:33.667,0.7473,0.74755,0.30,33.50
2008.01.23 14:59:34.001,0.7473,0.74755,1.80,31.10
2008.01.23 14:59:34.220,0.74735,0.7475,0.30,0.30
2008.01.23 14:59:34.439,0.7473,0.74745,0.30,0.30
2008.01.23 14:59:34.667,0.74735,0.74755,0.30,32.70
2008.01.23 14:59:34.973,0.74735,0.7475,0.30,0.30
2008.01.23 14:59:35.313,0.7473,0.74745,0.30,0.30
2008.01.23 14:59:35.646,0.7473,0.74755,0.30,32.90
2008.01.23 14:59:35.980,0.74725,0.7475,0.30,1.90
2008.01.23 14:59:36.238,0.74725,0.7475,0.30,1.90
2008.01.23 14:59:36.496,0.7473,0.74755,0.30,32.90
2008.01.23 14:59:36.754,0.7473,0.74745,0.30,0.30
2008.01.23 14:59:37.012,0.7473,0.74745,0.30,0.30
2008.01.23 14:59:37.311,0.74735,0.74755,0.30,32.90
2008.01.23 14:59:37.610,0.74735,0.74755,0.30,30.50
2008.01.23 14:59:37.910,0.7473,0.74755,0.30,41.70
2008.01.23 14:59:38.172,0.74725,0.74745,10.60,2.70
2008.01.23 14:59:38.435,0.74725,0.74745,31.40,2.70
2008.01.23 14:59:38.698,0.74725,0.74745,31.40,2.70
2008.01.23 14:59:38.963,0.7473,0.74745,0.30,0.30
2008.01.23 14:59:39.241,0.7473,0.74745,0.30,0.30
2008.01.23 14:59:39.519,0.7473,0.7475,0.30,1.90
2008.01.23 14:59:39.797,0.7473,0.74745,0.30,0.30
2008.01.23 14:59:40.080,0.7473,0.7475,0.30,1.90
2008.01.23 14:59:40.363,0.7473,0.7475,0.30,1.90
2008.01.23 14:59:40.647,0.7473,0.7475,0.30,1.90
2008.01.23 14:59:40.931,0.7473,0.74745,0.30,0.80
2008.01.23 14:59:41.219,0.74725,0.74745,0.30,3.70
2008.01.23 14:59:41.507,0.74725,0.74745,0.30,0.50
2008.01.23 14:59:41.797,0.74725,0.7475,0.30,1.90
2008.01.23 14:59:42.086,0.74725,0.7475,0.30,1.90
2008.01.23 14:59:42.374,0.74725,0.74745,0.30,4.50
2008.01.23 14:59:42.663,0.74725,0.7475,1.80,1.90
2008.01.23 14:59:42.950,0.74725,0.7474,0.30,0.30
2008.01.23 14:59:43.229,0.74725,0.74745,0.30,6.70
2008.01.23 14:59:43.508,0.74725,0.74745,4.20,5.10
2008.01.23 14:59:43.786,0.74725,0.7474,4.20,0.30
2008.01.23 14:59:44.064,0.74725,0.74745,4.20,5.10
2008.01.23 14:59:44.344,0.74725,0.74745,9.00,2.70
2008.01.23 14:59:44.602,0.74725,0.74745,12.20,2.70
2008.01.23 14:59:44.870,0.7473,0.74755,0.30,44.10
2008.01.23 14:59:45.129,0.7473,0.74745,0.30,0.30
2008.01.23 14:59:45.446,0.74725,0.74745,12.20,2.70
2008.01.23 14:59:45.766,0.74725,0.74745,12.20,4.30
2008.01.23 14:59:46.085,0.74725,0.7474,14.60,0.30
2008.01.23 14:59:46.359,0.74725,0.7474,8.20,0.30
2008.01.23 14:59:46.643,0.74725,0.7474,0.30,0.30
2008.01.23 14:59:46.906,0.74725,0.74745,4.20,17.10
2008.01.23 14:59:47.179,0.74725,0.74745,4.20,17.10
2008.01.23 14:59:47.478,0.74725,0.74745,4.20,13.10
2008.01.23 14:59:47.777,0.7472,0.7473,9.60,0.30
2008.01.23 14:59:48.088,0.74715,0.74745,37.40,30.90
2008.01.23 14:59:48.349,0.7472,0.74735,0.30,0.30
2008.01.23 14:59:48.622,0.7472,0.74735,0.30,0.30
2008.01.23 14:59:48.895,0.74725,0.74745,0.30,16.50
2008.01.23 14:59:49.168,0.74725,0.74745,9.00,14.70
2008.01.23 14:59:49.448,0.74725,0.74745,4.00,17.10
2008.01.23 14:59:49.725,0.74725,0.74745,4.00,17.10
2008.01.23 14:59:50.004,0.74725,0.74745,5.80,5.10
2008.01.23 14:59:50.284,0.74725,0.7474,5.80,0.30
2008.01.23 14:59:50.550,0.74725,0.74745,4.20,18.90
2008.01.23 14:59:50.819,0.74725,0.74745,4.20,17.10
2008.01.23 14:59:51.086,0.74725,0.7474,4.20,0.30
2008.01.23 14:59:51.356,0.74725,0.74745,25.80,5.10
2008.01.23 14:59:51.654,0.74725,0.74745,25.80,5.10
2008.01.23 14:59:52.018,0.74725,0.7474,25.80,0.30
2008.01.23 14:59:52.316,0.74725,0.74745,25.80,5.10
2008.01.23 14:59:52.610,0.74725,0.7474,25.80,0.30
2008.01.23 14:59:52.903,0.7474,0.7476,0.30,58.50
2008.01.23 14:59:53.198,0.7474,0.74755,0.30,0.70
2008.01.23 14:59:53.467,0.74725,0.7474,4.20,0.30
2008.01.23 14:59:53.745,0.74725,0.7474,4.20,0.30
2008.01.23 14:59:54.013,0.74725,0.74745,4.20,17.10
2008.01.23 14:59:54.281,0.74725,0.7474,4.20,0.30
2008.01.23 14:59:54.574,0.74725,0.7474,4.20,0.30
2008.01.23 14:59:54.867,0.74725,0.74745,4.20,17.10
2008.01.23 14:59:55.160,0.74725,0.7474,4.20,0.30
2008.01.23 14:59:55.453,0.74725,0.74745,4.20,18.70
2008.01.23 14:59:55.731,0.74725,0.74745,4.20,18.70
2008.01.23 14:59:56.275,0.74725,0.74745,4.20,18.70
2008.01.23 14:59:56.880,0.74725,0.74745,4.20,18.70
2008.01.23 14:59:57.144,0.74725,0.7474,4.20,0.30
2008.01.23 14:59:57.408,0.74725,0.7474,4.20,0.30
2008.01.23 14:59:57.696,0.7473,0.7475,0.30,6.70
2008.01.23 14:59:57.984,0.7473,0.74745,0.30,0.30
2008.01.23 14:59:58.273,0.74745,0.7475,0.30,1.60
2008.01.23 14:59:58.543,0.7474,0.74755,0.30,45.70
2008.01.23 14:59:58.824,0.7474,0.74755,0.30,37.70
2008.01.23 14:59:59.092,0.7474,0.74755,0.30,37.70
2008.01.23 14:59:59.361,0.74735,0.7474,4.00,0.30
2008.01.23 14:59:59.619,0.74725,0.7474,33.00,0.30
2008.01.23 14:59:59.887,0.74725,0.7474,16.20,0.30
