2018.02.20 03:00:00.567,0.88632,0.88642,2.06,1.20
2018.02.20 03:00:01.089,0.88631,0.88642,2.81,1.10
2018.02.20 03:00:01.423,0.88631,0.88641,2.62,1.20
2018.02.20 03:00:02.850,0.88631,0.88642,4.13,1.57
2018.02.20 03:00:04.218,0.88631,0.88642,2.62,1.57
2018.02.20 03:00:04.844,0.88631,0.88642,1.50,2.32
2018.02.20 03:00:05.384,0.88631,0.88641,1.00,1.95
2018.02.20 03:00:05.900,0.88632,0.88641,1.00,1.45
2018.02.20 03:00:08.400,0.88632,0.88641,1.00,1.20
2018.02.20 03:00:08.452,0.8863,0.88641,2.63,1.20
2018.02.20 03:00:09.173,0.8863,0.88641,4.69,1.58
2018.02.20 03:00:09.682,0.8863,0.8864,1.50,1.20
2018.02.20 03:00:12.877,0.88631,0.88641,1.00,1.95
2018.02.20 03:00:20.112,0.8863,0.88641,2.06,1.20
2018.02.20 03:00:20.641,0.88631,0.88642,2.63,3.26
2018.02.20 03:00:25.945,0.88632,0.88642,1.88,2.51
2018.02.20 03:00:26.205,0.88631,0.88642,2.44,1.57
2018.02.20 03:00:26.752,0.88631,0.88642,4.13,2.70
2018.02.20 03:00:34.170,0.88631,0.88642,1.25,1.07
2018.02.20 03:00:37.487,0.88632,0.88642,1.50,1.57
2018.02.20 03:00:38.181,0.88633,0.88643,1.12,3.82
2018.02.20 03:00:38.392,0.88631,0.88643,1.25,4.20
2018.02.20 03:00:53.752,0.88631,0.88643,1.44,5.89
2018.02.20 03:00:54.260,0.88632,0.88641,1.00,1.45
2018.02.20 03:00:54.785,0.88632,0.88641,1.00,1.39
2018.02.20 03:00:55.677,0.88632,0.88641,1.00,1.39
2018.02.20 03:00:56.693,0.88632,0.88641,1.00,1.00
2018.02.20 03:00:58.536,0.88631,0.88643,1.25,5.25
2018.02.20 03:01:04.621,0.8863,0.88642,2.25,3.56
2018.02.20 03:01:05.233,0.8863,0.88642,1.69,2.06
2018.02.20 03:01:07.925,0.8863,0.88642,1.31,1.50
2018.02.20 03:01:08.653,0.88631,0.88642,1.00,1.50
2018.02.20 03:01:13.321,0.8863,0.88642,1.50,1.12
2018.02.20 03:01:13.843,0.8863,0.88642,1.88,2.25
2018.02.20 03:01:14.375,0.8863,0.88642,1.50,1.12
2018.02.20 03:01:15.105,0.8863,0.88642,2.81,2.25
2018.02.20 03:01:18.786,0.88631,0.88642,2.25,1.31
2018.02.20 03:01:19.455,0.88631,0.88643,1.50,3.94
2018.02.20 03:01:19.963,0.88631,0.88642,1.88,2.44
2018.02.20 03:01:20.497,0.88631,0.88642,1.25,1.12
2018.02.20 03:01:26.467,0.88631,0.88642,1.25,1.57
2018.02.20 03:01:27.480,0.88631,0.88642,1.25,1.57
2018.02.20 03:01:27.784,0.88632,0.88643,1.37,3.26
2018.02.20 03:01:28.148,0.88631,0.88642,1.00,1.57
2018.02.20 03:01:28.931,0.88631,0.88642,2.06,2.32
2018.02.20 03:01:33.145,0.88631,0.88642,1.13,1.57
2018.02.20 03:01:34.121,0.88631,0.88642,3.19,3.07
2018.02.20 03:01:41.095,0.88633,0.88643,2.25,2.32
2018.02.20 03:01:41.648,0.88632,0.88643,3.56,2.70
2018.02.20 03:01:42.775,0.88633,0.88642,1.00,1.39
2018.02.20 03:01:43.572,0.88632,0.88643,2.62,2.89
2018.02.20 03:01:44.264,0.88633,0.88642,1.00,1.39
2018.02.20 03:01:46.365,0.88632,0.88643,1.12,3.08
2018.02.20 03:01:56.801,0.88632,0.88643,1.12,3.00
2018.02.20 03:01:59.564,0.88633,0.88642,1.25,1.25
2018.02.20 03:02:00.110,0.88632,0.88643,4.31,2.89
2018.02.20 03:02:00.770,0.88633,0.88642,1.25,1.39
2018.02.20 03:02:01.297,0.88632,0.88643,3.56,2.70
2018.02.20 03:02:05.101,0.88633,0.88642,1.13,1.20
2018.02.20 03:02:05.720,0.88632,0.88643,4.31,2.70
2018.02.20 03:02:09.494,0.88632,0.88642,5.63,1.20
2018.02.20 03:02:10.017,0.88632,0.88643,3.75,2.32
2018.02.20 03:02:10.908,0.88632,0.88642,4.69,1.20
2018.02.20 03:02:11.665,0.88632,0.88643,3.75,2.32
2018.02.20 03:02:12.264,0.88632,0.88642,4.69,1.20
2018.02.20 03:02:14.591,0.88632,0.88643,4.50,2.32
2018.02.20 03:02:18.524,0.88633,0.88643,1.00,1.57
2018.02.20 03:02:19.076,0.88633,0.88642,1.88,1.20
2018.02.20 03:02:19.540,0.88635,0.88644,1.00,2.32
2018.02.20 03:02:19.595,0.88637,0.88646,1.00,1.20
2018.02.20 03:02:20.111,0.88635,0.88647,3.37,1.45
2018.02.20 03:02:20.615,0.88635,0.88647,3.37,1.70
2018.02.20 03:02:21.422,0.88635,0.88647,5.81,2.33
2018.02.20 03:02:21.925,0.88635,0.88647,3.37,1.57
2018.02.20 03:02:22.715,0.88635,0.88647,5.81,2.33
2018.02.20 03:02:23.301,0.88635,0.88647,5.06,2.14
2018.02.20 03:02:23.879,0.88635,0.88647,3.56,1.76
2018.02.20 03:02:25.023,0.88635,0.88647,1.50,2.51
2018.02.20 03:02:25.826,0.88635,0.88647,1.31,2.70
2018.02.20 03:02:33.390,0.88635,0.88646,1.69,1.45
2018.02.20 03:02:34.387,0.88635,0.88647,1.50,3.64
2018.02.20 03:02:38.702,0.88635,0.88646,1.88,1.01
2018.02.20 03:02:40.584,0.88635,0.88647,1.25,2.14
2018.02.20 03:02:42.861,0.88635,0.88646,1.25,1.57
2018.02.20 03:02:47.340,0.88635,0.88646,2.06,2.33
2018.02.20 03:02:48.051,0.88635,0.88646,1.31,1.57
2018.02.20 03:02:58.415,0.88635,0.88646,2.06,1.45
2018.02.20 03:02:58.662,0.88637,0.88647,1.00,2.70
2018.02.20 03:02:59.296,0.88637,0.88647,1.00,3.08
2018.02.20 03:03:00.764,0.88635,0.88647,1.50,2.89
2018.02.20 03:03:01.272,0.88635,0.88646,2.25,1.33
2018.02.20 03:03:01.932,0.88635,0.88647,1.31,2.33
2018.02.20 03:03:02.594,0.88635,0.88647,1.25,3.45
2018.02.20 03:03:07.743,0.88634,0.88645,3.75,1.45
2018.02.20 03:03:07.953,0.88632,0.88644,2.63,2.14
2018.02.20 03:03:08.774,0.88632,0.88644,1.69,1.57
2018.02.20 03:03:08.982,0.88632,0.88644,5.44,1.57
2018.02.20 03:03:14.803,0.88632,0.88644,5.81,1.57
2018.02.20 03:03:14.963,0.88635,0.88645,1.88,1.45
2018.02.20 03:03:15.222,0.88635,0.88646,1.00,1.57
2018.02.20 03:03:15.806,0.88635,0.88646,1.00,1.57
2018.02.20 03:03:20.734,0.88635,0.88646,2.06,1.95
2018.02.20 03:03:21.292,0.88635,0.88646,1.25,1.57
2018.02.20 03:03:25.352,0.88635,0.88646,1.12,1.57
2018.02.20 03:03:28.131,0.88634,0.88645,1.69,1.08
2018.02.20 03:03:28.642,0.88634,0.88646,1.31,2.70
2018.02.20 03:03:29.884,0.88634,0.88646,2.06,3.26
2018.02.20 03:03:31.152,0.88634,0.88646,2.81,3.64
2018.02.20 03:03:34.130,0.88634,0.88646,1.50,2.89
2018.02.20 03:03:37.056,0.88637,0.88646,1.00,1.58
2018.02.20 03:03:38.461,0.88637,0.88646,1.19,1.10
2018.02.20 03:03:39.411,0.88636,0.88646,2.25,1.10
2018.02.20 03:03:40.228,0.88637,0.88646,1.63,1.20
2018.02.20 03:03:40.748,0.88637,0.88647,5.06,4.20
2018.02.20 03:03:49.379,0.88637,0.88647,1.50,2.14
2018.02.20 03:03:56.772,0.88638,0.88647,1.00,2.32
2018.02.20 03:04:00.177,0.88637,0.88647,1.00,1.39
2018.02.20 03:04:00.959,0.88637,0.88648,6.19,1.20
2018.02.20 03:04:01.354,0.88639,0.88648,1.00,1.07
2018.02.20 03:04:06.049,0.88639,0.88649,1.00,1.20
2018.02.20 03:04:07.727,0.88639,0.88649,1.00,1.45
2018.02.20 03:04:11.934,0.88639,0.88651,2.06,4.01
2018.02.20 03:04:12.088,0.88641,0.8865,1.00,1.20
2018.02.20 03:04:12.242,0.88639,0.88651,3.37,2.89
2018.02.20 03:04:12.756,0.88639,0.88651,3.37,2.89
2018.02.20 03:04:14.073,0.88639,0.88651,2.44,2.70
2018.02.20 03:04:14.741,0.88639,0.8865,3.37,1.20
2018.02.20 03:04:15.453,0.88639,0.8865,2.44,1.20
2018.02.20 03:04:16.893,0.88639,0.88649,1.87,1.00
2018.02.20 03:04:17.001,0.88637,0.88648,1.37,1.95
2018.02.20 03:04:20.475,0.88638,0.88648,1.50,1.20
2018.02.20 03:04:21.034,0.88637,0.88648,1.13,3.26
2018.02.20 03:04:25.510,0.88637,0.88647,1.00,1.95
2018.02.20 03:04:26.042,0.88635,0.88646,6.19,1.95
2018.02.20 03:04:26.670,0.88635,0.88646,8.25,1.57
2018.02.20 03:04:27.284,0.88636,0.88646,1.50,1.57
2018.02.20 03:04:27.830,0.88635,0.88644,6.00,1.00
2018.02.20 03:04:28.755,0.88635,0.88646,5.25,1.32
2018.02.20 03:04:31.477,0.88635,0.88646,5.44,1.45
2018.02.20 03:04:33.729,0.88635,0.88647,4.87,4.39
2018.02.20 03:04:42.732,0.88635,0.88646,5.25,1.10
2018.02.20 03:04:43.289,0.88636,0.88646,1.13,1.45
2018.02.20 03:04:48.221,0.88636,0.88647,1.31,3.08
2018.02.20 03:04:56.347,0.88637,0.88646,1.00,1.10
2018.02.20 03:04:56.502,0.88638,0.88647,1.50,1.45
2018.02.20 03:04:57.048,0.88637,0.88648,3.00,1.20
2018.02.20 03:04:57.593,0.88638,0.8865,1.31,2.89
2018.02.20 03:04:58.866,0.88638,0.88649,2.44,1.01
2018.02.20 03:04:59.643,0.88638,0.8865,1.69,2.51
2018.02.20 03:05:00.174,0.88638,0.88649,3.19,1.01
2018.02.20 03:05:00.833,0.88638,0.8865,1.69,2.51
2018.02.20 03:05:01.732,0.88638,0.88648,2.44,1.10
2018.02.20 03:05:02.801,0.88638,0.88648,1.69,1.10
2018.02.20 03:05:14.558,0.88639,0.88648,1.00,1.39
2018.02.20 03:05:18.281,0.88638,0.8865,2.06,2.14
2018.02.20 03:05:18.674,0.88639,0.88651,1.50,3.26
2018.02.20 03:05:18.830,0.88641,0.88651,1.12,1.20
2018.02.20 03:05:20.065,0.88641,0.88651,1.00,1.20
2018.02.20 03:05:20.941,0.88641,0.88652,3.00,1.95
2018.02.20 03:05:22.354,0.88642,0.88652,1.00,1.57
2018.02.20 03:05:28.685,0.88642,0.88652,1.63,1.57
2018.02.20 03:05:36.357,0.88642,0.88652,2.06,1.20
2018.02.20 03:05:49.818,0.88642,0.88652,2.25,1.57
2018.02.20 03:05:50.184,0.88642,0.88652,1.50,2.70
2018.02.20 03:05:50.732,0.88642,0.8865,1.87,2.25
2018.02.20 03:05:52.194,0.88642,0.88651,1.87,3.82
2018.02.20 03:05:58.949,0.8864,0.8865,1.25,1.95
2018.02.20 03:06:14.636,0.8864,0.8865,1.00,1.47
2018.02.20 03:06:23.889,0.8864,0.88651,1.00,2.33
2018.02.20 03:06:23.994,0.88638,0.88649,1.50,3.26
2018.02.20 03:06:24.047,0.88637,0.88649,1.25,3.07
2018.02.20 03:06:24.813,0.88637,0.88648,1.00,1.45
2018.02.20 03:06:25.315,0.88636,0.88648,3.19,1.70
2018.02.20 03:06:26.639,0.88636,0.88648,3.56,1.57
2018.02.20 03:06:27.366,0.88636,0.88648,4.13,1.95
2018.02.20 03:06:28.041,0.88636,0.88648,3.75,1.57
2018.02.20 03:06:30.075,0.88637,0.88648,1.00,1.57
2018.02.20 03:06:31.729,0.88636,0.88648,4.88,1.57
2018.02.20 03:06:31.882,0.88637,0.88649,3.75,2.32
2018.02.20 03:06:32.404,0.88638,0.88649,1.50,1.57
2018.02.20 03:06:32.981,0.88638,0.88649,2.44,1.57
2018.02.20 03:06:34.223,0.88639,0.88649,1.88,1.10
2018.02.20 03:06:37.461,0.88639,0.8865,1.69,2.70
2018.02.20 03:06:38.074,0.88637,0.88649,5.44,1.70
2018.02.20 03:06:38.335,0.88636,0.88648,1.13,1.57
2018.02.20 03:06:38.946,0.88636,0.88648,1.25,1.95
2018.02.20 03:06:40.346,0.88635,0.88648,6.56,2.33
2018.02.20 03:06:45.742,0.88636,0.88647,1.25,1.10
2018.02.20 03:06:46.321,0.88636,0.88648,1.31,1.95
2018.02.20 03:06:48.346,0.88634,0.88645,1.13,1.00
2018.02.20 03:06:50.183,0.88633,0.88645,3.94,1.95
2018.02.20 03:06:50.719,0.88633,0.88645,3.94,1.95
2018.02.20 03:06:51.173,0.88633,0.88645,2.81,1.95
2018.02.20 03:06:51.363,0.88633,0.88645,3.94,1.95
2018.02.20 03:06:51.881,0.88634,0.88645,1.31,1.00
2018.02.20 03:06:53.066,0.88634,0.88645,1.38,1.00
2018.02.20 03:06:54.349,0.88634,0.88645,1.13,1.00
2018.02.20 03:06:55.962,0.88634,0.88644,1.13,1.00
2018.02.20 03:07:02.450,0.88634,0.88645,1.69,1.00
2018.02.20 03:07:02.716,0.88635,0.88647,1.13,1.50
2018.02.20 03:07:03.344,0.88635,0.88647,5.44,1.13
2018.02.20 03:07:03.897,0.88635,0.88647,5.63,1.69
2018.02.20 03:07:04.428,0.88635,0.88647,3.94,1.50
2018.02.20 03:07:08.609,0.88635,0.88647,5.63,1.25
2018.02.20 03:07:11.367,0.88635,0.88647,4.69,1.00
2018.02.20 03:07:13.121,0.88636,0.88647,1.44,1.13
2018.02.20 03:07:13.671,0.88635,0.88647,5.06,1.00
2018.02.20 03:07:17.080,0.88635,0.88646,1.00,1.12
2018.02.20 03:07:19.669,0.88635,0.88646,1.44,1.50
2018.02.20 03:07:20.301,0.88635,0.88646,1.25,1.12
2018.02.20 03:07:21.322,0.88635,0.88646,1.48,1.31
2018.02.20 03:07:22.146,0.88635,0.88646,1.01,1.12
2018.02.20 03:07:30.653,0.88635,0.88646,1.31,1.50
2018.02.20 03:07:31.348,0.88635,0.88646,1.25,1.50
2018.02.20 03:07:32.551,0.88635,0.88646,1.38,1.31
2018.02.20 03:07:33.159,0.88635,0.88646,1.25,1.12
2018.02.20 03:07:37.340,0.88635,0.88646,1.76,1.12
2018.02.20 03:07:37.859,0.88637,0.88648,1.12,2.06
2018.02.20 03:07:39.553,0.88637,0.88648,1.58,1.00
2018.02.20 03:07:40.103,0.88637,0.88648,1.50,1.00
2018.02.20 03:07:40.634,0.88637,0.88649,3.00,2.06
2018.02.20 03:07:46.687,0.88637,0.88648,2.44,1.00
2018.02.20 03:07:46.931,0.88637,0.88648,1.31,1.88
2018.02.20 03:07:47.659,0.88636,0.88648,2.81,2.44
2018.02.20 03:08:04.188,0.88636,0.88648,1.50,2.62
2018.02.20 03:08:05.361,0.88636,0.88646,1.12,1.00
2018.02.20 03:08:06.889,0.88635,0.88648,2.81,3.75
2018.02.20 03:08:21.092,0.88635,0.88647,3.19,1.87
2018.02.20 03:08:21.909,0.88635,0.88647,3.19,1.87
2018.02.20 03:08:22.497,0.88635,0.88647,3.19,1.87
2018.02.20 03:08:25.543,0.88635,0.88647,3.56,1.12
2018.02.20 03:08:26.609,0.88635,0.88646,1.31,1.25
2018.02.20 03:08:29.221,0.88635,0.88647,1.87,2.06
2018.02.20 03:08:31.048,0.88635,0.88647,3.56,1.50
2018.02.20 03:08:31.599,0.88635,0.88647,2.06,1.31
2018.02.20 03:08:36.317,0.88635,0.88647,2.06,3.56
2018.02.20 03:08:38.600,0.88635,0.88647,2.63,1.87
2018.02.20 03:08:39.129,0.88635,0.88646,3.38,1.00
2018.02.20 03:08:40.642,0.88635,0.88647,2.70,1.87
2018.02.20 03:08:41.386,0.88636,0.88647,1.50,2.06
2018.02.20 03:08:46.366,0.88635,0.88647,4.20,1.12
2018.02.20 03:08:52.390,0.88638,0.88647,1.20,1.87
2018.02.20 03:08:54.215,0.88638,0.88647,1.95,1.50
2018.02.20 03:08:54.722,0.88638,0.88647,1.95,1.31
2018.02.20 03:08:55.239,0.88638,0.88647,1.95,1.31
2018.02.20 03:09:00.304,0.88639,0.88647,1.20,2.62
2018.02.20 03:09:13.097,0.88639,0.88648,1.20,2.44
2018.02.20 03:09:16.051,0.88639,0.88646,1.20,1.00
2018.02.20 03:09:16.854,0.88639,0.88648,1.20,4.50
2018.02.20 03:09:17.844,0.88639,0.88646,1.20,1.00
2018.02.20 03:09:18.392,0.88639,0.88648,1.20,4.50
2018.02.20 03:09:19.113,0.88639,0.88646,1.20,1.00
2018.02.20 03:09:19.774,0.88639,0.88648,1.20,4.50
2018.02.20 03:09:26.672,0.88639,0.88646,1.20,1.00
2018.02.20 03:09:27.362,0.88639,0.88647,1.20,1.31
2018.02.20 03:09:31.664,0.88637,0.88647,1.95,1.12
2018.02.20 03:09:42.439,0.88637,0.88645,1.95,1.00
2018.02.20 03:09:43.093,0.88636,0.88645,1.20,1.50
2018.02.20 03:09:49.807,0.88637,0.88644,1.20,1.00
2018.02.20 03:10:12.442,0.88637,0.88645,1.20,6.56
2018.02.20 03:10:13.177,0.88635,0.88644,1.20,1.50
2018.02.20 03:10:16.610,0.88635,0.88643,1.20,1.12
2018.02.20 03:10:17.267,0.88635,0.88642,1.20,1.00
2018.02.20 03:10:18.639,0.88635,0.88643,1.20,1.12
2018.02.20 03:10:19.883,0.88635,0.88641,1.20,1.00
2018.02.20 03:10:20.570,0.88635,0.88642,1.20,1.00
2018.02.20 03:10:23.480,0.88635,0.88643,1.20,1.12
2018.02.20 03:10:44.063,0.88635,0.88642,1.20,1.00
2018.02.20 03:10:48.614,0.88634,0.88643,1.57,1.12
2018.02.20 03:10:49.249,0.88634,0.88643,1.20,1.12
2018.02.20 03:10:49.752,0.88634,0.88643,1.20,2.62
2018.02.20 03:10:53.407,0.88633,0.88642,1.95,1.50
2018.02.20 03:10:55.939,0.88633,0.88643,2.32,5.25
2018.02.20 03:11:07.231,0.88633,0.88641,1.20,1.00
2018.02.20 03:11:09.032,0.88633,0.88642,1.20,1.12
2018.02.20 03:11:13.850,0.88634,0.88642,1.20,1.12
2018.02.20 03:11:48.437,0.88634,0.88643,1.20,1.31
2018.02.20 03:11:49.573,0.88634,0.88643,1.20,1.50
2018.02.20 03:11:50.352,0.88634,0.88643,1.20,2.81
2018.02.20 03:11:53.374,0.88633,0.88643,1.20,3.75
2018.02.20 03:11:58.591,0.88633,0.88643,1.20,2.81
2018.02.20 03:12:01.935,0.88633,0.88643,1.20,1.50
2018.02.20 03:12:02.721,0.88633,0.88643,1.20,1.12
2018.02.20 03:12:06.582,0.88633,0.88644,1.58,1.12
2018.02.20 03:12:21.958,0.88634,0.88645,1.20,1.31
2018.02.20 03:12:31.993,0.88634,0.88645,2.32,2.25
2018.02.20 03:12:32.501,0.88634,0.88643,1.76,1.00
2018.02.20 03:12:33.115,0.88634,0.88643,1.57,1.00
2018.02.20 03:12:36.824,0.88634,0.88643,1.39,1.00
2018.02.20 03:12:45.468,0.88634,0.88643,1.57,1.00
2018.02.20 03:12:48.077,0.88634,0.88645,1.76,1.88
2018.02.20 03:12:48.602,0.88634,0.88645,1.57,1.69
2018.02.20 03:12:50.880,0.88634,0.88645,1.95,1.88
2018.02.20 03:12:51.480,0.88634,0.88645,1.57,1.69
2018.02.20 03:12:52.048,0.88634,0.88645,1.76,1.88
2018.02.20 03:12:52.609,0.88634,0.88645,1.57,1.69
2018.02.20 03:13:04.768,0.88634,0.88645,1.58,1.50
2018.02.20 03:13:08.958,0.88634,0.88645,1.20,1.31
2018.02.20 03:13:09.281,0.88634,0.88643,1.20,1.00
2018.02.20 03:13:09.811,0.88634,0.88643,1.39,1.00
2018.02.20 03:13:17.299,0.88635,0.88645,1.20,1.88
2018.02.20 03:13:17.956,0.88634,0.88645,1.20,1.69
2018.02.20 03:13:18.995,0.88634,0.88644,1.20,1.25
2018.02.20 03:13:19.457,0.88636,0.88646,1.20,1.50
2018.02.20 03:13:20.879,0.88636,0.88646,1.39,1.50
2018.02.20 03:13:21.397,0.88636,0.88646,1.95,1.31
2018.02.20 03:13:25.515,0.88636,0.88646,2.14,1.50
2018.02.20 03:13:26.733,0.88637,0.88646,1.10,1.31
2018.02.20 03:13:29.556,0.88637,0.88647,1.00,3.38
2018.02.20 03:13:30.095,0.88635,0.88645,1.20,4.12
2018.02.20 03:13:30.147,0.88634,0.88645,1.20,3.37
2018.02.20 03:13:37.415,0.88633,0.88644,4.39,1.50
2018.02.20 03:13:38.005,0.88633,0.88644,3.45,1.31
2018.02.20 03:13:45.350,0.88635,0.88644,1.20,2.44
2018.02.20 03:13:45.854,0.88635,0.88645,1.57,3.19
2018.02.20 03:13:49.749,0.88635,0.88645,1.57,3.00
2018.02.20 03:13:50.274,0.88635,0.88645,1.57,2.44
2018.02.20 03:13:51.686,0.88636,0.88645,1.20,2.06
2018.02.20 03:13:52.337,0.88634,0.88645,2.70,1.87
2018.02.20 03:13:54.345,0.88635,0.88645,1.20,1.87
2018.02.20 03:13:56.612,0.88634,0.88645,2.70,1.87
2018.02.20 03:14:00.628,0.88635,0.88645,1.45,1.87
2018.02.20 03:14:05.442,0.88635,0.88644,1.20,1.12
2018.02.20 03:14:06.813,0.88634,0.88644,2.32,1.50
2018.02.20 03:14:07.342,0.88634,0.88644,1.20,2.06
2018.02.20 03:14:09.431,0.88634,0.88644,1.20,1.13
2018.02.20 03:14:10.174,0.88634,0.88644,1.20,1.69
2018.02.20 03:14:20.012,0.88634,0.88644,1.95,1.31
2018.02.20 03:14:20.524,0.88634,0.88645,1.95,1.88
2018.02.20 03:14:21.099,0.88635,0.88645,1.20,1.88
2018.02.20 03:14:24.131,0.88636,0.88644,1.20,1.00
2018.02.20 03:14:24.236,0.88634,0.88644,1.95,1.25
2018.02.20 03:14:24.760,0.88634,0.88643,1.20,1.31
2018.02.20 03:14:27.290,0.88634,0.88643,1.20,1.50
2018.02.20 03:14:27.512,0.88635,0.88643,1.45,1.12
2018.02.20 03:14:28.020,0.88634,0.88643,1.45,1.12
2018.02.20 03:14:29.647,0.88634,0.88643,1.20,1.31
2018.02.20 03:14:30.274,0.88634,0.88644,1.20,2.06
2018.02.20 03:14:30.631,0.88635,0.88645,1.20,1.31
2018.02.20 03:14:31.216,0.88635,0.88645,1.20,2.25
2018.02.20 03:14:31.744,0.88635,0.88645,1.20,1.31
2018.02.20 03:14:32.619,0.88634,0.88644,1.20,1.00
2018.02.20 03:14:33.176,0.88634,0.88644,1.20,1.00
2018.02.20 03:14:33.672,0.88635,0.88644,1.20,1.00
2018.02.20 03:14:34.202,0.88634,0.88644,1.95,1.00
2018.02.20 03:14:35.204,0.88634,0.88644,1.20,2.62
2018.02.20 03:14:35.707,0.88634,0.88644,1.20,2.62
2018.02.20 03:14:37.222,0.88634,0.88644,1.57,3.00
2018.02.20 03:14:37.885,0.88634,0.88644,1.57,2.81
2018.02.20 03:14:41.316,0.88634,0.88643,1.20,1.13
2018.02.20 03:14:41.708,0.88633,0.88643,2.32,1.38
2018.02.20 03:14:42.292,0.88633,0.88643,2.32,1.44
2018.02.20 03:14:42.804,0.88633,0.88643,1.95,1.00
2018.02.20 03:14:48.755,0.88634,0.88643,1.20,1.00
2018.02.20 03:15:00.241,0.88635,0.88644,1.20,2.06
2018.02.20 03:15:11.641,0.88634,0.88644,1.20,1.50
2018.02.20 03:15:12.181,0.88635,0.88644,1.20,1.31
2018.02.20 03:15:13.369,0.88635,0.88644,1.20,1.12
2018.02.20 03:15:13.754,0.88634,0.88644,1.95,1.12
2018.02.20 03:15:14.185,0.88635,0.88644,1.20,1.12
2018.02.20 03:15:16.357,0.88634,0.88644,1.95,1.50
2018.02.20 03:15:42.532,0.88634,0.88643,1.20,1.00
2018.02.20 03:16:01.924,0.88634,0.88644,1.20,2.06
2018.02.20 03:16:02.940,0.88634,0.88643,1.20,1.00
2018.02.20 03:16:03.790,0.88634,0.88645,1.58,2.25
2018.02.20 03:16:04.322,0.88635,0.88645,1.20,1.31
2018.02.20 03:16:07.696,0.88636,0.88646,1.20,2.06
2018.02.20 03:16:08.474,0.88636,0.88646,1.20,1.88
2018.02.20 03:16:09.588,0.88636,0.88646,1.45,1.69
2018.02.20 03:16:09.799,0.88635,0.88645,1.95,1.12
2018.02.20 03:16:10.818,0.88635,0.88644,1.20,1.00
2018.02.20 03:16:19.232,0.88635,0.88644,1.20,2.62
2018.02.20 03:16:32.314,0.88634,0.88642,1.20,1.00
2018.02.20 03:16:36.985,0.88634,0.88642,1.20,1.00
2018.02.20 03:16:37.580,0.88635,0.88642,1.20,1.00
2018.02.20 03:16:37.683,0.88634,0.88642,1.20,1.00
2018.02.20 03:16:48.855,0.88634,0.88644,1.20,1.69
2018.02.20 03:16:49.011,0.88636,0.88645,1.20,2.06
2018.02.20 03:17:00.086,0.88636,0.88645,1.20,1.12
2018.02.20 03:17:00.636,0.88635,0.88645,1.45,1.00
2018.02.20 03:17:02.521,0.88635,0.88644,1.20,2.06
2018.02.20 03:17:11.185,0.88635,0.88643,1.20,1.88
2018.02.20 03:17:11.735,0.88634,0.88643,1.20,2.06
2018.02.20 03:17:14.227,0.88634,0.88643,1.20,2.25
2018.02.20 03:17:18.134,0.88635,0.88643,1.20,1.00
2018.02.20 03:17:18.844,0.88635,0.88644,1.20,2.44
2018.02.20 03:17:20.859,0.88634,0.88644,1.20,1.50
2018.02.20 03:17:21.174,0.88636,0.88644,1.20,1.00
2018.02.20 03:17:38.838,0.88636,0.88646,1.20,2.81
2018.02.20 03:17:54.237,0.88635,0.88646,1.20,1.69
2018.02.20 03:17:54.926,0.88635,0.88646,1.20,2.44
2018.02.20 03:17:58.067,0.88636,0.88646,1.20,2.06
2018.02.20 03:18:00.287,0.88635,0.88644,2.70,1.00
2018.02.20 03:18:00.865,0.88637,0.88644,1.20,1.00
2018.02.20 03:18:01.526,0.88637,0.88644,1.20,1.00
2018.02.20 03:18:03.204,0.88636,0.88644,1.45,1.00
2018.02.20 03:18:06.028,0.88637,0.88644,1.20,1.00
2018.02.20 03:18:07.040,0.88636,0.88644,1.20,1.00
2018.02.20 03:18:09.742,0.88636,0.88644,1.20,1.00
2018.02.20 03:18:11.121,0.88638,0.88644,1.20,1.25
2018.02.20 03:18:21.990,0.88638,0.88646,1.20,1.31
2018.02.20 03:18:22.526,0.88638,0.88646,1.20,2.25
2018.02.20 03:18:24.036,0.88637,0.88647,1.57,1.87
2018.02.20 03:18:24.421,0.88638,0.88645,1.20,2.25
2018.02.20 03:18:25.370,0.88638,0.88646,1.20,4.50
2018.02.20 03:18:28.356,0.88638,0.88647,1.20,6.00
2018.02.20 03:18:29.295,0.88638,0.88646,1.20,3.37
2018.02.20 03:18:32.401,0.88637,0.88646,1.57,3.37
2018.02.20 03:18:32.920,0.88637,0.88645,1.57,2.25
2018.02.20 03:18:33.635,0.88637,0.88645,1.57,1.12
2018.02.20 03:18:35.007,0.88637,0.88644,1.57,2.25
2018.02.20 03:18:43.378,0.88637,0.88647,1.57,5.25
2018.02.20 03:18:43.920,0.88638,0.88645,2.70,2.25
2018.02.20 03:18:45.275,0.88638,0.88645,1.10,3.00
2018.02.20 03:18:45.797,0.88638,0.88646,1.95,4.87
2018.02.20 03:18:46.303,0.88638,0.88646,1.00,4.12
2018.02.20 03:18:56.800,0.88638,0.88646,1.00,1.00
2018.02.20 03:18:57.310,0.88638,0.88647,1.10,1.25
2018.02.20 03:19:03.217,0.88637,0.88648,1.20,3.94
2018.02.20 03:19:04.327,0.88638,0.88648,1.10,2.25
2018.02.20 03:19:05.173,0.88637,0.88648,1.58,1.88
2018.02.20 03:19:06.842,0.88637,0.88647,1.89,1.25
2018.02.20 03:19:07.830,0.88637,0.88648,2.33,1.69
2018.02.20 03:19:08.337,0.88638,0.88648,1.10,2.06
2018.02.20 03:19:09.242,0.88638,0.88648,1.10,1.69
2018.02.20 03:19:11.943,0.88637,0.88647,1.39,1.13
2018.02.20 03:19:12.417,0.88636,0.88645,1.45,1.00
2018.02.20 03:19:12.961,0.88635,0.88645,2.51,1.00
2018.02.20 03:19:13.495,0.88635,0.88646,2.51,1.69
2018.02.20 03:19:14.517,0.88636,0.88646,1.45,2.81
2018.02.20 03:19:15.088,0.88637,0.88646,1.58,1.00
2018.02.20 03:19:15.618,0.88637,0.88647,1.95,1.00
2018.02.20 03:19:16.120,0.88638,0.88648,2.14,1.00
2018.02.20 03:19:16.572,0.8864,0.88648,1.20,1.25
2018.02.20 03:19:18.062,0.88638,0.88648,3.83,1.25
2018.02.20 03:19:22.212,0.88639,0.88649,1.45,5.25
2018.02.20 03:19:22.876,0.88638,0.88648,1.20,1.31
2018.02.20 03:19:23.514,0.88637,0.88648,1.58,2.25
2018.02.20 03:19:27.318,0.88637,0.88648,1.45,1.31
2018.02.20 03:19:30.188,0.88638,0.88648,1.20,1.12
2018.02.20 03:19:30.807,0.88637,0.88647,1.20,1.00
2018.02.20 03:19:32.452,0.88637,0.88647,1.20,1.50
2018.02.20 03:19:35.255,0.88637,0.88647,1.20,1.00
2018.02.20 03:19:44.832,0.88637,0.88647,1.00,1.00
2018.02.20 03:19:45.366,0.88636,0.88647,1.50,1.00
2018.02.20 03:19:46.785,0.88636,0.88647,2.25,1.00
2018.02.20 03:19:47.417,0.88637,0.88647,1.88,1.00
2018.02.20 03:19:52.920,0.88637,0.88648,2.25,1.00
2018.02.20 03:19:54.306,0.88637,0.88647,1.00,1.00
2018.02.20 03:19:55.153,0.88637,0.88648,1.25,1.00
2018.02.20 03:19:56.896,0.88637,0.88648,1.88,1.69
2018.02.20 03:19:57.419,0.88637,0.88648,1.25,1.50
2018.02.20 03:19:58.097,0.88637,0.88648,1.44,2.06
2018.02.20 03:20:00.036,0.88637,0.88648,1.25,2.06
2018.02.20 03:20:02.608,0.88636,0.88647,1.88,1.69
2018.02.20 03:20:21.392,0.88636,0.88647,1.00,1.00
2018.02.20 03:20:22.317,0.88637,0.88648,1.00,1.50
2018.02.20 03:20:22.731,0.88637,0.88648,2.25,1.00
2018.02.20 03:20:23.042,0.88637,0.88648,1.88,1.00
2018.02.20 03:20:25.477,0.88638,0.88649,1.00,1.12
2018.02.20 03:20:25.987,0.88637,0.88649,2.25,1.50
2018.02.20 03:20:27.228,0.88637,0.88648,1.50,1.00
2018.02.20 03:20:28.266,0.88637,0.88649,1.69,2.25
2018.02.20 03:20:28.525,0.88637,0.88647,2.44,1.00
2018.02.20 03:20:29.067,0.88637,0.88648,1.88,1.31
2018.02.20 03:20:29.292,0.88635,0.88647,4.58,1.00
2018.02.20 03:20:29.865,0.88636,0.88648,1.12,1.50
2018.02.20 03:20:32.285,0.88636,0.88648,3.56,1.38
2018.02.20 03:20:32.805,0.88636,0.88648,2.25,1.13
2018.02.20 03:20:33.801,0.88636,0.88648,3.56,1.38
2018.02.20 03:20:35.467,0.88636,0.88648,2.33,1.69
2018.02.20 03:20:40.274,0.88637,0.88648,2.44,1.00
2018.02.20 03:20:43.091,0.88637,0.88648,2.25,1.25
2018.02.20 03:20:43.626,0.88636,0.88647,1.63,1.12
2018.02.20 03:20:44.220,0.88635,0.88646,2.14,1.25
2018.02.20 03:20:44.754,0.88635,0.88645,1.00,1.00
2018.02.20 03:20:45.961,0.88635,0.88645,1.00,1.63
2018.02.20 03:20:46.482,0.88634,0.88645,1.12,1.25
2018.02.20 03:20:48.900,0.88634,0.88645,1.00,4.69
2018.02.20 03:20:49.524,0.88634,0.88645,1.00,3.94
2018.02.20 03:20:50.057,0.88634,0.88644,1.00,1.00
2018.02.20 03:20:51.382,0.88634,0.88643,1.00,1.00
2018.02.20 03:20:52.196,0.88634,0.88644,1.00,2.25
2018.02.20 03:20:52.968,0.88634,0.88646,1.44,4.31
2018.02.20 03:20:53.482,0.88634,0.88646,1.50,3.56
2018.02.20 03:20:53.811,0.88634,0.88645,1.00,1.50
2018.02.20 03:20:59.396,0.88634,0.88645,1.00,2.06
2018.02.20 03:21:00.189,0.88634,0.88643,1.00,1.00
2018.02.20 03:21:09.364,0.88634,0.88644,1.00,1.00
2018.02.20 03:21:18.551,0.88634,0.88645,1.44,1.00
2018.02.20 03:21:19.325,0.88634,0.88644,1.13,1.00
2018.02.20 03:21:20.818,0.88634,0.88644,1.44,1.00
2018.02.20 03:21:21.634,0.88634,0.88644,1.25,1.00
2018.02.20 03:21:24.832,0.88635,0.88644,1.00,1.13
2018.02.20 03:21:27.251,0.88635,0.88643,1.00,1.50
2018.02.20 03:21:27.356,0.88633,0.88643,1.00,1.50
2018.02.20 03:21:34.202,0.88633,0.88642,1.00,3.94
2018.02.20 03:21:34.255,0.8863,0.88642,3.45,2.81
2018.02.20 03:21:34.622,0.8863,0.8864,1.12,1.00
2018.02.20 03:21:35.137,0.8863,0.88641,3.00,1.50
2018.02.20 03:21:43.959,0.8863,0.88641,2.44,1.00
2018.02.20 03:21:45.200,0.8863,0.88641,2.44,1.00
2018.02.20 03:21:46.024,0.88633,0.88644,1.00,2.89
2018.02.20 03:21:46.185,0.88634,0.88647,5.25,1.58
2018.02.20 03:21:46.703,0.88634,0.88646,2.25,1.87
2018.02.20 03:22:15.166,0.88635,0.88646,1.33,2.62
2018.02.20 03:22:30.135,0.88635,0.88646,1.33,1.50
2018.02.20 03:23:11.642,0.88634,0.88645,1.01,1.00
2018.02.20 03:23:11.844,0.88633,0.88645,2.32,1.88
2018.02.20 03:23:11.999,0.88633,0.88645,1.20,1.25
2018.02.20 03:23:14.158,0.88632,0.88645,3.83,1.63
2018.02.20 03:23:15.923,0.88633,0.88645,1.00,1.50
2018.02.20 03:23:16.433,0.88633,0.88645,1.10,1.50
2018.02.20 03:23:28.232,0.88633,0.88643,1.10,1.00
2018.02.20 03:23:28.735,0.88634,0.88644,1.00,1.69
2018.02.20 03:23:40.049,0.88634,0.88644,1.00,3.38
2018.02.20 03:23:40.613,0.88634,0.88644,1.00,3.00
2018.02.20 03:23:48.818,0.88634,0.88644,1.00,2.81
2018.02.20 03:23:51.653,0.88634,0.88644,1.00,6.75
2018.02.20 03:23:55.726,0.88634,0.88644,1.00,3.00
2018.02.20 03:23:55.882,0.88634,0.88644,1.00,1.31
2018.02.20 03:23:56.470,0.88634,0.88644,1.00,2.63
2018.02.20 03:23:57.146,0.88634,0.88644,1.00,1.69
2018.02.20 03:24:02.219,0.88634,0.88644,1.00,2.63
2018.02.20 03:24:05.531,0.88634,0.88644,1.00,1.31
2018.02.20 03:24:28.605,0.88633,0.88644,1.00,1.00
2018.02.20 03:24:34.991,0.88632,0.88644,5.70,1.13
2018.02.20 03:24:37.091,0.88632,0.88645,3.08,3.38
2018.02.20 03:24:40.944,0.88633,0.88644,1.50,1.00
2018.02.20 03:24:42.109,0.88633,0.88645,1.13,3.64
2018.02.20 03:24:57.916,0.88633,0.88644,1.38,1.31
2018.02.20 03:25:00.939,0.88633,0.88644,1.50,1.12
2018.02.20 03:25:01.641,0.88632,0.88644,1.00,3.00
2018.02.20 03:25:02.158,0.88631,0.88642,1.00,1.13
2018.02.20 03:25:02.794,0.88631,0.88642,1.25,1.38
2018.02.20 03:25:03.345,0.88631,0.88642,1.00,1.25
2018.02.20 03:25:03.862,0.88631,0.88643,2.25,3.26
2018.02.20 03:25:04.503,0.88632,0.88643,1.12,2.06
2018.02.20 03:25:05.157,0.88632,0.88644,1.88,2.06
2018.02.20 03:25:16.999,0.88632,0.88644,2.51,1.50
2018.02.20 03:25:21.352,0.88632,0.88644,4.95,1.12
2018.02.20 03:25:28.465,0.88633,0.88645,1.00,2.89
2018.02.20 03:25:29.350,0.88633,0.88644,1.50,1.00
2018.02.20 03:25:31.176,0.88633,0.88645,1.00,2.14
2018.02.20 03:25:38.864,0.88633,0.88645,1.50,3.08
2018.02.20 03:25:39.511,0.88632,0.88645,3.45,3.08
2018.02.20 03:25:42.077,0.88632,0.88645,3.26,3.26
2018.02.20 03:25:44.185,0.88632,0.88645,4.95,3.26
2018.02.20 03:25:44.714,0.88633,0.88645,1.00,3.45
2018.02.20 03:25:45.320,0.88632,0.88645,3.45,3.26
2018.02.20 03:25:49.807,0.88633,0.88644,1.88,1.25
2018.02.20 03:25:50.880,0.88633,0.88644,1.50,1.00
2018.02.20 03:25:51.426,0.88631,0.88643,5.44,1.12
2018.02.20 03:25:52.119,0.88632,0.88643,1.00,1.50
2018.02.20 03:25:59.562,0.88632,0.88643,1.50,2.25
2018.02.20 03:26:00.822,0.88631,0.88643,3.75,3.00
2018.02.20 03:26:09.196,0.88631,0.88643,1.87,2.25
2018.02.20 03:26:09.863,0.88631,0.88643,1.50,1.88
2018.02.20 03:26:10.388,0.88631,0.88643,1.12,1.50
2018.02.20 03:26:19.378,0.88631,0.88643,1.50,2.63
2018.02.20 03:26:20.851,0.88631,0.88643,1.12,1.88
2018.02.20 03:26:26.442,0.88631,0.88643,1.00,2.63
2018.02.20 03:26:31.098,0.8863,0.88643,3.75,1.88
2018.02.20 03:26:31.695,0.88631,0.88643,1.00,2.63
2018.02.20 03:26:33.909,0.8863,0.88643,4.13,1.69
2018.02.20 03:26:35.111,0.88632,0.88643,1.00,2.44
2018.02.20 03:26:36.424,0.88631,0.88643,1.12,4.13
2018.02.20 03:26:36.982,0.88631,0.88642,1.50,1.13
2018.02.20 03:26:37.915,0.8863,0.88643,4.31,2.63
2018.02.20 03:26:41.219,0.88631,0.88643,1.00,4.88
2018.02.20 03:26:41.943,0.8863,0.88643,5.25,4.88
2018.02.20 03:26:44.117,0.8863,0.88643,4.50,3.00
2018.02.20 03:26:45.749,0.88631,0.88643,1.50,4.88
2018.02.20 03:26:46.257,0.88631,0.88643,1.50,3.83
2018.02.20 03:26:46.919,0.88631,0.88643,1.50,5.89
2018.02.20 03:26:49.723,0.8863,0.88643,3.08,3.64
2018.02.20 03:26:59.946,0.88631,0.88643,2.44,1.88
2018.02.20 03:27:00.457,0.88632,0.88642,1.13,1.00
2018.02.20 03:27:03.413,0.88633,0.88642,1.00,1.00
2018.02.20 03:27:03.959,0.88633,0.88642,1.38,1.00
2018.02.20 03:27:04.064,0.88632,0.88644,1.88,1.50
2018.02.20 03:27:07.975,0.88632,0.88643,1.88,1.00
2018.02.20 03:27:11.633,0.88632,0.88644,1.88,1.50
2018.02.20 03:27:12.168,0.88632,0.88644,2.81,1.50
2018.02.20 03:27:14.242,0.88634,0.88644,1.50,1.88
2018.02.20 03:27:14.758,0.88634,0.88644,1.31,1.00
2018.02.20 03:27:21.138,0.88634,0.88645,1.12,1.50
2018.02.20 03:27:23.093,0.88634,0.88644,1.12,1.00
2018.02.20 03:27:25.150,0.88634,0.88644,1.00,1.69
2018.02.20 03:27:25.909,0.88634,0.88644,1.00,1.69
2018.02.20 03:27:29.448,0.88634,0.88644,1.00,2.25
2018.02.20 03:27:30.148,0.88634,0.88644,1.00,1.50
2018.02.20 03:27:32.867,0.88634,0.88643,1.00,1.13
2018.02.20 03:27:36.059,0.88634,0.88644,1.25,1.95
2018.02.20 03:27:54.730,0.88634,0.88644,1.00,1.69
2018.02.20 03:27:55.242,0.88634,0.88644,1.00,1.69
2018.02.20 03:27:56.551,0.88634,0.88644,1.00,3.19
2018.02.20 03:27:57.825,0.88634,0.88644,1.00,1.87
2018.02.20 03:27:58.370,0.88634,0.88644,1.88,1.00
2018.02.20 03:27:58.916,0.88634,0.88644,1.69,1.00
2018.02.20 03:28:24.693,0.88634,0.88645,4.13,1.00
2018.02.20 03:28:24.799,0.88635,0.88647,6.94,1.10
2018.02.20 03:28:25.302,0.88636,0.88647,1.25,1.50
2018.02.20 03:28:27.056,0.88636,0.88646,1.00,1.00
2018.02.20 03:28:29.758,0.88636,0.88646,1.25,1.63
2018.02.20 03:28:31.258,0.88636,0.88646,1.00,1.13
2018.02.20 03:28:43.773,0.88636,0.88645,1.00,1.44
2018.02.20 03:28:44.448,0.88636,0.88645,1.00,4.50
2018.02.20 03:28:46.990,0.88636,0.88644,1.00,1.31
2018.02.20 03:28:49.834,0.88636,0.88645,1.00,3.75
2018.02.20 03:28:50.168,0.88634,0.88644,1.25,1.00
2018.02.20 03:29:15.176,0.88634,0.88645,1.00,1.50
2018.02.20 03:29:15.697,0.88633,0.88644,1.50,1.13
2018.02.20 03:29:16.226,0.88633,0.88643,1.00,1.00
2018.02.20 03:29:24.034,0.88633,0.88644,1.10,1.12
2018.02.20 03:29:25.103,0.88633,0.88644,1.20,1.50
2018.02.20 03:29:25.840,0.88634,0.88644,1.37,1.12
2018.02.20 03:29:26.516,0.88635,0.88645,1.25,1.00
2018.02.20 03:29:27.182,0.88635,0.88646,1.50,1.31
2018.02.20 03:29:28.163,0.88635,0.88646,1.50,1.69
2018.02.20 03:29:36.184,0.88635,0.88645,1.00,1.38
2018.02.20 03:29:36.493,0.88635,0.88646,1.88,1.31
2018.02.20 03:29:37.135,0.88635,0.88646,1.88,2.25
2018.02.20 03:29:37.801,0.88635,0.88646,2.44,1.25
2018.02.20 03:30:00.072,0.88635,0.88645,1.50,1.00
2018.02.20 03:30:19.392,0.88635,0.88645,1.00,3.94
2018.02.20 03:30:19.900,0.88634,0.88644,1.00,1.00
2018.02.20 03:30:21.443,0.88634,0.88642,1.00,1.00
2018.02.20 03:30:49.196,0.88634,0.88643,1.00,1.69
2018.02.20 03:30:49.802,0.88634,0.88643,1.00,1.13
2018.02.20 03:30:57.157,0.88634,0.88643,1.00,2.06
2018.02.20 03:30:57.675,0.88634,0.88643,1.00,1.00
2018.02.20 03:30:59.739,0.88634,0.88642,1.00,1.00
2018.02.20 03:31:00.258,0.88634,0.88643,1.00,1.69
2018.02.20 03:31:01.166,0.88634,0.88642,1.00,1.00
2018.02.20 03:31:01.841,0.88634,0.88643,1.00,1.00
2018.02.20 03:31:13.859,0.88633,0.88643,1.12,1.00
2018.02.20 03:31:15.102,0.88633,0.88643,1.31,1.00
2018.02.20 03:31:15.833,0.88633,0.88643,1.31,1.00
2018.02.20 03:31:22.032,0.88633,0.88642,1.12,1.00
2018.02.20 03:31:23.200,0.88631,0.88641,1.12,1.50
2018.02.20 03:31:25.243,0.88629,0.88641,1.31,3.38
2018.02.20 03:31:25.399,0.88629,0.8864,1.50,3.38
2018.02.20 03:31:25.556,0.88627,0.88638,1.39,1.69
2018.02.20 03:31:25.663,0.88626,0.88638,1.50,5.51
2018.02.20 03:31:26.396,0.88626,0.88636,1.00,1.00
2018.02.20 03:31:27.915,0.88625,0.88636,1.50,1.87
2018.02.20 03:31:28.433,0.88625,0.88635,1.00,1.12
2018.02.20 03:31:38.768,0.88625,0.88635,1.38,1.00
2018.02.20 03:31:39.284,0.88625,0.88638,6.94,2.63
2018.02.20 03:31:39.388,0.88626,0.88638,4.13,1.31
2018.02.20 03:31:39.936,0.88627,0.88638,1.69,1.00
2018.02.20 03:31:40.615,0.88627,0.88638,3.19,1.00
2018.02.20 03:31:41.143,0.88629,0.88638,1.00,1.00
2018.02.20 03:31:41.918,0.88627,0.88638,3.64,1.00
2018.02.20 03:31:42.583,0.88628,0.88639,1.25,1.00
2018.02.20 03:31:45.320,0.88627,0.88639,1.00,3.00
2018.02.20 03:31:45.633,0.88628,0.88638,1.00,1.44
2018.02.20 03:31:51.821,0.88628,0.88638,1.00,1.25
2018.02.20 03:31:58.485,0.88628,0.88638,1.00,1.44
2018.02.20 03:31:59.206,0.88628,0.88638,1.00,1.00
2018.02.20 03:31:59.838,0.88627,0.88639,1.50,1.31
2018.02.20 03:32:01.642,0.88627,0.88639,1.31,1.12
2018.02.20 03:32:04.086,0.88628,0.88639,1.00,2.25
2018.02.20 03:32:05.368,0.8863,0.88639,1.00,3.38
2018.02.20 03:32:05.525,0.88627,0.88638,1.37,1.12
2018.02.20 03:32:06.176,0.88627,0.88638,1.12,1.50
2018.02.20 03:32:08.851,0.88627,0.88637,1.00,1.00
2018.02.20 03:32:09.373,0.88627,0.88637,1.00,1.50
2018.02.20 03:32:18.711,0.88627,0.88635,1.00,1.00
2018.02.20 03:32:19.931,0.88627,0.88636,1.00,1.88
2018.02.20 03:32:20.503,0.88627,0.88635,1.00,1.00
2018.02.20 03:32:21.030,0.88627,0.88636,1.00,4.13
2018.02.20 03:32:22.308,0.88627,0.88635,1.00,1.00
2018.02.20 03:32:22.831,0.88627,0.88636,1.00,1.00
2018.02.20 03:32:23.850,0.88627,0.88636,1.00,1.44
2018.02.20 03:32:25.029,0.88627,0.88636,1.00,1.13
2018.02.20 03:32:27.312,0.88627,0.88636,1.00,1.38
2018.02.20 03:32:31.315,0.88627,0.88636,1.00,2.06
2018.02.20 03:32:32.192,0.88627,0.88634,1.00,1.00
2018.02.20 03:32:44.517,0.88627,0.88636,1.00,4.69
2018.02.20 03:32:45.021,0.88627,0.88636,1.00,3.56
2018.02.20 03:32:46.476,0.88627,0.88636,1.00,1.88
2018.02.20 03:32:47.019,0.88627,0.88636,1.00,1.69
2018.02.20 03:32:48.805,0.88627,0.88636,1.00,1.88
2018.02.20 03:32:49.504,0.88627,0.88636,1.00,3.19
2018.02.20 03:32:50.021,0.88627,0.88636,1.00,2.63
2018.02.20 03:32:50.566,0.88627,0.88636,1.00,2.63
2018.02.20 03:32:54.322,0.88627,0.88636,1.00,2.63
2018.02.20 03:32:54.852,0.88627,0.88636,1.00,2.63
2018.02.20 03:32:56.054,0.88627,0.88636,1.00,2.63
2018.02.20 03:32:57.149,0.88627,0.88636,1.00,2.63
2018.02.20 03:33:00.224,0.88627,0.88636,1.00,1.50
2018.02.20 03:33:00.764,0.88627,0.88636,1.00,1.50
2018.02.20 03:33:04.423,0.88627,0.88636,1.00,4.13
2018.02.20 03:33:04.933,0.88627,0.88636,1.00,4.13
2018.02.20 03:33:06.051,0.88627,0.88636,1.00,2.62
2018.02.20 03:33:06.664,0.88627,0.88637,1.00,1.13
2018.02.20 03:33:07.186,0.88627,0.88637,1.00,1.38
2018.02.20 03:33:07.741,0.88627,0.88637,1.00,1.25
2018.02.20 03:33:09.369,0.88625,0.88637,1.25,1.00
2018.02.20 03:33:16.075,0.88625,0.88637,1.44,1.00
2018.02.20 03:33:16.667,0.88625,0.88637,1.13,1.25
2018.02.20 03:33:17.362,0.88625,0.88637,1.38,1.00
2018.02.20 03:33:19.830,0.88625,0.88636,2.63,1.00
2018.02.20 03:33:20.371,0.88626,0.88636,1.25,1.00
2018.02.20 03:33:20.743,0.88628,0.88636,1.00,1.00
2018.02.20 03:33:26.427,0.88626,0.88636,1.12,1.25
2018.02.20 03:33:28.009,0.88626,0.88635,1.12,1.00
2018.02.20 03:33:28.625,0.88626,0.88636,1.00,2.63
2018.02.20 03:33:30.794,0.88626,0.88634,1.00,1.00
2018.02.20 03:33:44.945,0.88624,0.88636,1.12,3.94
2018.02.20 03:33:45.489,0.88624,0.88635,1.12,4.50
2018.02.20 03:33:46.032,0.88624,0.88633,1.12,1.00
2018.02.20 03:33:46.596,0.88624,0.88634,1.12,1.00
2018.02.20 03:33:49.771,0.88624,0.88634,1.00,1.88
2018.02.20 03:33:50.324,0.88624,0.88634,1.00,1.88
2018.02.20 03:33:51.265,0.88624,0.88634,1.50,1.25
2018.02.20 03:33:51.802,0.88624,0.88634,1.50,1.00
2018.02.20 03:33:51.905,0.88625,0.88636,1.00,1.25
2018.02.20 03:33:53.987,0.88625,0.88636,1.00,1.44
2018.02.20 03:33:54.783,0.88625,0.88636,1.00,1.25
2018.02.20 03:33:57.795,0.88628,0.88638,1.00,1.20
2018.02.20 03:33:59.696,0.88628,0.88637,1.00,2.25
2018.02.20 03:33:59.748,0.88626,0.88637,1.12,3.00
2018.02.20 03:34:00.333,0.88626,0.88637,1.12,2.63
2018.02.20 03:34:02.089,0.88626,0.88636,1.12,1.38
2018.02.20 03:34:02.549,0.88626,0.88637,1.12,2.44
2018.02.20 03:34:03.303,0.88626,0.88637,1.12,3.38
2018.02.20 03:34:04.344,0.88626,0.88637,1.12,2.63
2018.02.20 03:34:08.484,0.88626,0.88637,1.50,3.00
2018.02.20 03:34:08.985,0.88626,0.88637,1.00,1.50
2018.02.20 03:34:09.522,0.88626,0.88637,1.00,1.50
2018.02.20 03:34:10.533,0.88626,0.88635,1.00,1.25
2018.02.20 03:34:23.549,0.88626,0.88633,1.00,1.12
2018.02.20 03:34:23.913,0.88623,0.88633,1.12,2.25
2018.02.20 03:34:25.087,0.88623,0.88633,1.00,1.88
2018.02.20 03:34:27.982,0.88623,0.88633,1.57,1.88
2018.02.20 03:34:28.591,0.88623,0.88633,1.57,5.25
2018.02.20 03:34:29.250,0.88623,0.88632,1.12,1.00
2018.02.20 03:34:29.505,0.88623,0.88634,1.37,4.50
2018.02.20 03:34:29.557,0.88623,0.88634,1.12,2.63
2018.02.20 03:34:29.899,0.88623,0.88633,1.37,1.13
2018.02.20 03:34:30.106,0.88623,0.88633,1.12,1.13
2018.02.20 03:34:30.952,0.88623,0.88633,1.31,1.44
2018.02.20 03:34:32.374,0.88623,0.88633,1.31,1.25
2018.02.20 03:34:32.881,0.88623,0.88633,1.31,1.44
2018.02.20 03:34:33.794,0.88623,0.88633,1.12,1.13
2018.02.20 03:34:39.115,0.88623,0.88634,1.12,6.75
2018.02.20 03:34:39.980,0.88623,0.88633,1.12,2.25
2018.02.20 03:34:48.310,0.88623,0.88634,1.12,3.75
2018.02.20 03:34:48.930,0.88623,0.88634,1.12,4.50
2018.02.20 03:34:49.476,0.88623,0.88632,1.12,1.25
2018.02.20 03:34:52.388,0.88623,0.88634,1.12,1.88
2018.02.20 03:34:52.703,0.88623,0.88632,1.00,4.50
2018.02.20 03:34:53.432,0.88622,0.88631,1.12,1.88
2018.02.20 03:34:54.029,0.88622,0.88631,1.12,2.44
2018.02.20 03:34:59.321,0.88622,0.88632,1.50,1.87
2018.02.20 03:34:59.633,0.88622,0.88632,1.37,1.00
2018.02.20 03:34:59.687,0.88622,0.88631,1.95,1.00
2018.02.20 03:35:00.216,0.88622,0.88632,1.63,1.13
2018.02.20 03:35:01.023,0.88622,0.88632,1.57,1.00
2018.02.20 03:35:01.696,0.88622,0.88632,1.37,1.69
2018.02.20 03:35:02.826,0.88622,0.88631,1.12,1.31
2018.02.20 03:35:03.343,0.88622,0.88632,1.37,1.00
2018.02.20 03:35:09.728,0.88622,0.88632,1.37,1.50
2018.02.20 03:35:09.883,0.88622,0.88632,2.25,1.88
2018.02.20 03:35:10.393,0.88622,0.88633,1.95,1.00
2018.02.20 03:35:10.446,0.88622,0.88633,2.70,1.00
2018.02.20 03:35:10.603,0.88622,0.88633,1.95,1.00
2018.02.20 03:35:10.656,0.88622,0.88631,1.39,1.00
2018.02.20 03:35:11.350,0.88622,0.88632,1.12,1.00
2018.02.20 03:35:12.291,0.88622,0.88631,1.12,1.50
2018.02.20 03:35:12.843,0.88622,0.8863,1.00,1.25
2018.02.20 03:35:15.403,0.88622,0.8863,1.37,1.00
2018.02.20 03:35:15.507,0.88622,0.88632,1.37,2.25
2018.02.20 03:35:16.056,0.88622,0.88631,1.12,1.00
2018.02.20 03:35:19.966,0.88622,0.88631,1.12,3.38
2018.02.20 03:35:20.730,0.88622,0.88631,1.12,3.38
2018.02.20 03:35:21.274,0.88622,0.88631,1.00,3.75
2018.02.20 03:35:26.205,0.88622,0.88629,1.00,1.00
2018.02.20 03:35:26.257,0.88622,0.88629,1.45,1.00
2018.02.20 03:35:26.805,0.88622,0.88629,1.20,1.50
2018.02.20 03:35:28.068,0.88622,0.88629,1.20,1.50
2018.02.20 03:35:30.021,0.88622,0.8863,1.00,2.25
2018.02.20 03:35:30.698,0.88622,0.8863,1.00,6.38
2018.02.20 03:35:30.853,0.8862,0.88628,1.00,2.23
2018.02.20 03:35:30.956,0.88618,0.88627,1.12,1.12
2018.02.20 03:35:31.597,0.88618,0.88628,1.20,1.12
2018.02.20 03:35:31.753,0.88618,0.88626,1.12,1.00
2018.02.20 03:35:32.296,0.88618,0.88628,1.12,1.50
2018.02.20 03:35:36.843,0.88618,0.88628,1.37,2.42
2018.02.20 03:35:53.701,0.88618,0.88629,1.50,1.31
2018.02.20 03:35:53.808,0.88619,0.88631,1.87,2.25
2018.02.20 03:35:53.912,0.88621,0.88631,1.00,1.00
2018.02.20 03:35:54.424,0.8862,0.88631,1.37,1.31
2018.02.20 03:35:55.416,0.8862,0.88631,1.12,1.31
2018.02.20 03:35:55.801,0.8862,0.88631,1.37,1.44
2018.02.20 03:35:57.013,0.8862,0.88631,1.12,1.50
2018.02.20 03:35:58.287,0.8862,0.88631,1.00,3.19
2018.02.20 03:36:04.119,0.8862,0.88629,1.00,1.00
2018.02.20 03:36:10.424,0.88618,0.88629,1.12,2.25
2018.02.20 03:36:10.937,0.88618,0.88629,1.37,2.25
2018.02.20 03:36:11.451,0.88618,0.88629,1.50,4.13
2018.02.20 03:36:12.870,0.88618,0.88628,1.00,1.69
2018.02.20 03:36:26.070,0.88618,0.88627,1.00,1.38
2018.02.20 03:36:26.582,0.88618,0.88628,1.00,3.00
2018.02.20 03:36:27.021,0.88618,0.88629,2.06,1.39
2018.02.20 03:36:27.991,0.88619,0.88629,1.12,1.20
2018.02.20 03:36:32.578,0.88618,0.88629,1.50,1.57
2018.02.20 03:36:33.496,0.88619,0.88629,1.00,1.12
2018.02.20 03:36:34.666,0.88617,0.88629,3.00,1.12
2018.02.20 03:36:37.477,0.88617,0.88629,3.00,1.12
2018.02.20 03:36:37.720,0.88618,0.88629,1.38,1.31
2018.02.20 03:36:41.182,0.88618,0.88627,1.00,1.00
2018.02.20 03:36:41.287,0.88616,0.88627,1.00,2.06
2018.02.20 03:36:41.833,0.88617,0.88627,1.00,1.69
2018.02.20 03:36:43.368,0.88618,0.88627,1.00,1.00
2018.02.20 03:36:43.955,0.88617,0.88627,1.50,1.00
2018.02.20 03:36:51.248,0.88617,0.88625,1.00,1.00
2018.02.20 03:36:51.563,0.88617,0.88627,1.00,1.39
2018.02.20 03:36:54.636,0.88617,0.88626,1.00,1.00
2018.02.20 03:36:55.263,0.88617,0.88625,1.00,1.00
2018.02.20 03:36:55.369,0.88617,0.88628,2.25,1.13
2018.02.20 03:36:56.627,0.88617,0.88626,1.25,1.00
2018.02.20 03:36:57.592,0.88617,0.88628,1.12,2.70
2018.02.20 03:36:58.789,0.88617,0.88626,1.13,1.00
2018.02.20 03:36:59.299,0.88617,0.88627,1.31,1.00
2018.02.20 03:37:08.239,0.88617,0.88628,3.37,1.00
2018.02.20 03:37:08.565,0.88619,0.88627,1.00,1.00
2018.02.20 03:37:09.287,0.88619,0.88628,1.50,1.00
2018.02.20 03:37:10.033,0.88619,0.88627,1.50,1.00
2018.02.20 03:37:10.214,0.88619,0.88629,1.50,1.50
2018.02.20 03:37:18.499,0.88619,0.88629,1.50,2.32
2018.02.20 03:37:18.655,0.88617,0.88628,1.00,2.89
2018.02.20 03:37:19.169,0.88617,0.88627,1.00,1.12
2018.02.20 03:37:20.391,0.88618,0.88628,1.50,1.31
2018.02.20 03:37:20.980,0.88617,0.88627,1.00,1.31
2018.02.20 03:37:21.492,0.88617,0.88626,1.00,1.12
2018.02.20 03:37:22.145,0.88616,0.88626,1.87,1.12
2018.02.20 03:37:23.191,0.88616,0.88625,1.00,1.00
2018.02.20 03:37:23.245,0.8862,0.88626,1.00,1.00
2018.02.20 03:37:23.307,0.8862,0.88628,1.00,1.10
2018.02.20 03:37:23.361,0.88622,0.88627,1.00,1.00
2018.02.20 03:37:23.675,0.88624,0.88628,3.19,1.00
2018.02.20 03:37:23.901,0.88625,0.88635,1.13,1.37
2018.02.20 03:37:24.452,0.88626,0.88635,1.00,1.00
2018.02.20 03:37:24.636,0.88625,0.88637,2.25,2.25
2018.02.20 03:37:26.823,0.88625,0.88637,2.44,2.25
2018.02.20 03:37:27.424,0.88625,0.88637,1.88,2.25
2018.02.20 03:37:27.872,0.88627,0.88638,1.00,1.48
2018.02.20 03:37:27.976,0.88627,0.88638,1.13,1.00
2018.02.20 03:37:28.492,0.88628,0.88638,1.31,1.00
2018.02.20 03:37:29.091,0.88627,0.88637,1.12,1.00
2018.02.20 03:37:29.611,0.88626,0.88638,1.88,1.00
2018.02.20 03:37:30.150,0.88627,0.88638,1.00,1.00
2018.02.20 03:37:30.738,0.88626,0.88638,2.63,1.00
2018.02.20 03:37:31.290,0.88626,0.88638,2.63,1.13
2018.02.20 03:37:31.922,0.88626,0.88638,2.81,1.00
2018.02.20 03:37:32.514,0.88627,0.88638,1.44,1.10
2018.02.20 03:37:32.822,0.88629,0.88641,1.69,3.83
2018.02.20 03:37:34.948,0.88628,0.88639,1.25,1.87
2018.02.20 03:37:35.107,0.88627,0.88636,1.00,1.00
2018.02.20 03:37:35.419,0.88624,0.88636,6.08,1.00
2018.02.20 03:37:37.765,0.88625,0.88636,2.44,1.25
2018.02.20 03:37:38.337,0.88624,0.88636,5.70,1.00
2018.02.20 03:37:38.841,0.88627,0.88639,2.63,1.95
2018.02.20 03:37:39.123,0.88629,0.88639,1.69,1.25
2018.02.20 03:37:39.830,0.88627,0.88639,1.76,1.12
2018.02.20 03:37:39.882,0.88627,0.88637,1.57,1.00
2018.02.20 03:37:40.400,0.88627,0.88639,3.94,1.50
2018.02.20 03:37:45.062,0.88629,0.8864,1.13,1.00
2018.02.20 03:37:45.602,0.88629,0.8864,2.14,1.13
2018.02.20 03:37:45.790,0.88628,0.88639,2.33,1.44
2018.02.20 03:37:46.300,0.88628,0.88639,1.00,1.13
2018.02.20 03:37:47.491,0.88628,0.8864,2.25,1.88
2018.02.20 03:37:48.011,0.88628,0.8864,2.25,1.12
2018.02.20 03:37:49.783,0.88628,0.8864,2.44,1.12
2018.02.20 03:37:50.099,0.8863,0.88642,3.38,1.57
2018.02.20 03:37:50.384,0.88632,0.88644,1.00,1.58
2018.02.20 03:37:50.436,0.88632,0.88642,1.88,1.00
2018.02.20 03:37:50.489,0.88631,0.88641,3.19,1.12
2018.02.20 03:37:51.054,0.88631,0.88641,2.63,2.25
2018.02.20 03:37:51.606,0.88631,0.88641,1.69,1.39
2018.02.20 03:37:52.172,0.88631,0.88641,2.63,2.25
2018.02.20 03:37:52.753,0.88631,0.88641,1.69,4.31
2018.02.20 03:37:58.911,0.8863,0.88641,3.19,4.50
2018.02.20 03:38:00.627,0.88631,0.8864,1.25,1.31
2018.02.20 03:38:01.250,0.8863,0.88641,4.01,5.25
2018.02.20 03:38:01.789,0.88629,0.8864,4.13,1.00
2018.02.20 03:38:02.329,0.88629,0.88639,2.06,1.00
2018.02.20 03:38:02.382,0.88627,0.88639,1.20,2.81
2018.02.20 03:38:02.902,0.88626,0.88638,2.32,1.58
2018.02.20 03:38:05.041,0.88626,0.88637,1.95,1.00
2018.02.20 03:38:05.572,0.88626,0.88637,1.57,1.00
2018.02.20 03:38:06.960,0.88626,0.88637,1.45,1.00
2018.02.20 03:38:07.670,0.88625,0.88636,1.45,1.25
2018.02.20 03:38:08.174,0.88624,0.88636,1.58,2.44
2018.02.20 03:38:08.589,0.88624,0.88636,1.58,1.50
2018.02.20 03:38:09.090,0.88625,0.88637,4.20,1.00
2018.02.20 03:38:10.016,0.88625,0.88637,3.75,1.00
2018.02.20 03:38:10.433,0.88626,0.88638,1.88,1.95
2018.02.20 03:38:12.575,0.88628,0.88638,1.50,1.00
2018.02.20 03:38:13.275,0.88628,0.88638,1.50,1.00
2018.02.20 03:38:14.116,0.8863,0.88639,1.50,2.25
2018.02.20 03:38:14.168,0.8863,0.8864,1.00,1.12
2018.02.20 03:38:15.434,0.88629,0.88641,1.31,2.63
2018.02.20 03:38:15.696,0.88629,0.8864,1.25,2.62
2018.02.20 03:38:16.246,0.88628,0.8864,2.06,4.20
2018.02.20 03:38:16.807,0.88628,0.8864,3.00,3.08
2018.02.20 03:38:17.318,0.88628,0.8864,2.06,2.33
2018.02.20 03:38:18.281,0.88628,0.8864,2.51,2.25
2018.02.20 03:38:20.016,0.88628,0.8864,2.06,6.83
2018.02.20 03:38:20.881,0.88628,0.88639,1.95,1.12
2018.02.20 03:38:21.464,0.88628,0.8864,1.70,2.44
2018.02.20 03:38:22.016,0.88628,0.8864,1.45,2.81
2018.02.20 03:38:22.701,0.88628,0.8864,1.20,2.63
2018.02.20 03:38:23.233,0.88628,0.88639,1.00,1.00
2018.02.20 03:38:23.757,0.88628,0.8864,1.25,4.20
2018.02.20 03:38:24.428,0.88628,0.8864,1.00,2.51
2018.02.20 03:38:24.975,0.88628,0.8864,1.31,1.58
2018.02.20 03:38:25.500,0.88628,0.88639,1.00,1.13
2018.02.20 03:38:27.475,0.88628,0.88639,1.45,2.06
2018.02.20 03:38:27.941,0.88628,0.88639,1.20,1.00
2018.02.20 03:38:28.551,0.88628,0.88639,1.39,1.88
2018.02.20 03:38:29.373,0.88628,0.88639,1.20,1.13
2018.02.20 03:38:31.754,0.88628,0.88639,1.70,1.13
2018.02.20 03:38:33.544,0.88628,0.8864,1.45,3.00
2018.02.20 03:38:34.732,0.88628,0.8864,1.45,2.25
2018.02.20 03:38:35.255,0.88628,0.8864,1.20,3.75
2018.02.20 03:38:36.342,0.88628,0.8864,1.45,2.81
2018.02.20 03:38:37.116,0.88628,0.8864,1.45,2.63
2018.02.20 03:38:38.128,0.88628,0.8864,1.58,2.81
2018.02.20 03:38:40.750,0.88628,0.88638,1.70,1.31
2018.02.20 03:38:42.660,0.88628,0.8864,1.45,2.44
2018.02.20 03:38:44.208,0.88628,0.8864,1.76,5.25
2018.02.20 03:38:45.118,0.88628,0.88639,1.57,1.00
2018.02.20 03:38:45.817,0.88628,0.8864,1.45,3.00
2018.02.20 03:38:46.373,0.88628,0.8864,1.95,1.69
2018.02.20 03:39:03.726,0.8863,0.88642,1.01,2.62
2018.02.20 03:39:03.785,0.8863,0.88642,1.70,3.38
2018.02.20 03:39:04.265,0.88631,0.88643,1.57,2.06
2018.02.20 03:39:04.814,0.88631,0.88643,1.95,2.44
2018.02.20 03:39:05.456,0.88631,0.88643,2.32,2.44
2018.02.20 03:39:11.658,0.88631,0.88642,1.57,1.44
2018.02.20 03:39:12.314,0.8863,0.88641,1.20,2.25
2018.02.20 03:39:13.843,0.8863,0.88641,1.20,2.25
2018.02.20 03:39:15.979,0.8863,0.88641,1.20,1.50
2018.02.20 03:39:16.508,0.88628,0.88641,4.95,1.50
2018.02.20 03:39:17.253,0.88628,0.88641,4.95,1.12
2018.02.20 03:39:17.804,0.88629,0.88641,1.76,2.63
2018.02.20 03:39:18.352,0.88628,0.8864,2.33,1.12
2018.02.20 03:39:20.842,0.88628,0.8864,2.33,1.12
2018.02.20 03:39:23.293,0.88628,0.8864,1.45,2.44
2018.02.20 03:39:24.050,0.88628,0.8864,1.39,3.19
2018.02.20 03:39:24.761,0.88628,0.8864,1.20,2.44
2018.02.20 03:39:25.706,0.88628,0.88639,1.20,1.00
2018.02.20 03:39:26.214,0.88628,0.8864,1.20,2.44
2018.02.20 03:39:27.255,0.8863,0.88641,1.00,1.69
2018.02.20 03:39:27.409,0.88632,0.88642,1.10,1.69
2018.02.20 03:39:27.670,0.88633,0.88643,1.01,1.25
2018.02.20 03:39:29.506,0.88631,0.88643,1.89,2.63
2018.02.20 03:39:30.044,0.88631,0.88643,1.45,1.31
2018.02.20 03:39:30.609,0.88632,0.88644,1.45,1.50
2018.02.20 03:39:31.161,0.88631,0.88644,3.83,2.25
2018.02.20 03:39:36.449,0.88632,0.88644,1.01,3.00
2018.02.20 03:39:36.996,0.88632,0.88644,1.01,3.00
2018.02.20 03:39:37.839,0.88631,0.88643,2.33,1.00
2018.02.20 03:39:38.511,0.88631,0.88644,3.83,3.00
2018.02.20 03:39:39.193,0.88631,0.88643,4.58,1.00
2018.02.20 03:39:39.788,0.88631,0.88644,3.83,3.00
2018.02.20 03:39:40.900,0.88631,0.88644,5.14,3.38
2018.02.20 03:39:41.620,0.88631,0.88644,2.33,3.00
2018.02.20 03:39:41.747,0.88631,0.88644,2.51,2.63
2018.02.20 03:39:43.392,0.88632,0.88643,1.45,1.00
2018.02.20 03:39:43.931,0.88632,0.88643,1.57,1.25
2018.02.20 03:39:44.561,0.88632,0.88643,2.51,1.44
2018.02.20 03:39:45.355,0.88632,0.88643,1.57,1.25
2018.02.20 03:39:45.884,0.88632,0.88643,1.70,1.88
2018.02.20 03:39:46.471,0.88632,0.88643,1.70,1.88
2018.02.20 03:39:46.979,0.88632,0.88643,1.70,1.00
2018.02.20 03:39:47.614,0.88632,0.88643,1.76,1.00
2018.02.20 03:39:47.927,0.88632,0.88641,1.57,1.87
2018.02.20 03:39:48.467,0.8863,0.8864,2.32,1.00
2018.02.20 03:39:49.124,0.8863,0.8864,2.32,1.00
2018.02.20 03:39:51.891,0.8863,0.8864,4.20,1.00
2018.02.20 03:39:53.582,0.88631,0.8864,2.14,1.00
2018.02.20 03:39:55.654,0.88631,0.88641,1.95,3.37
2018.02.20 03:39:58.770,0.88631,0.88642,2.32,2.25
2018.02.20 03:39:59.366,0.88634,0.88643,1.95,1.25
2018.02.20 03:39:59.521,0.88634,0.88645,3.19,1.00
2018.02.20 03:40:01.071,0.88635,0.88646,1.00,1.31
2018.02.20 03:40:02.383,0.88635,0.88646,3.00,1.69
2018.02.20 03:40:03.871,0.88634,0.88646,4.95,3.08
2018.02.20 03:40:03.976,0.88634,0.88645,1.00,1.88
2018.02.20 03:40:04.503,0.88632,0.88644,3.00,2.06
2018.02.20 03:40:05.087,0.88632,0.88643,3.00,1.00
2018.02.20 03:40:05.854,0.88632,0.88644,1.87,1.88
2018.02.20 03:40:06.978,0.88632,0.88644,1.50,4.95
2018.02.20 03:40:07.560,0.88632,0.88644,1.50,3.08
2018.02.20 03:40:08.110,0.88632,0.88644,1.69,4.31
2018.02.20 03:40:10.216,0.88632,0.88642,1.31,1.44
2018.02.20 03:40:10.836,0.88632,0.88642,1.12,1.00
2018.02.20 03:40:11.736,0.88632,0.88643,1.50,1.69
2018.02.20 03:40:13.589,0.88632,0.88643,1.50,1.76
2018.02.20 03:40:16.070,0.88632,0.88643,1.50,2.25
2018.02.20 03:40:16.613,0.88632,0.88643,1.50,1.38
2018.02.20 03:40:23.326,0.88632,0.88643,1.50,2.70
2018.02.20 03:40:23.863,0.88632,0.88643,1.12,2.70
2018.02.20 03:40:28.185,0.88632,0.88643,3.38,1.00
2018.02.20 03:40:28.731,0.88633,0.88644,1.00,1.12
2018.02.20 03:40:32.087,0.88633,0.88644,1.00,1.50
2018.02.20 03:40:32.742,0.88632,0.88644,2.06,1.58
2018.02.20 03:40:33.935,0.88632,0.88643,1.69,1.44
2018.02.20 03:40:34.725,0.88632,0.88643,1.50,1.69
2018.02.20 03:40:42.180,0.88632,0.88644,1.50,1.31
2018.02.20 03:40:44.061,0.88632,0.88644,1.50,1.58
2018.02.20 03:40:44.669,0.88632,0.88644,1.50,1.58
2018.02.20 03:40:47.450,0.88632,0.88643,1.12,1.50
2018.02.20 03:40:47.916,0.88632,0.88642,1.00,2.06
2018.02.20 03:40:48.433,0.88632,0.88642,1.00,1.01
2018.02.20 03:40:49.304,0.88632,0.88642,1.00,2.14
2018.02.20 03:40:50.640,0.88632,0.88642,1.00,1.01
2018.02.20 03:40:51.206,0.88632,0.88642,1.00,2.14
2018.02.20 03:40:53.684,0.88632,0.88642,1.00,1.01
2018.02.20 03:40:56.266,0.88632,0.88642,1.00,1.69
2018.02.20 03:40:56.887,0.88632,0.88643,1.00,5.51
2018.02.20 03:40:58.719,0.88632,0.88642,1.00,1.69
2018.02.20 03:40:59.237,0.88632,0.88644,1.12,6.83
2018.02.20 03:41:04.510,0.88633,0.88644,1.44,1.87
2018.02.20 03:41:04.708,0.88632,0.88645,5.06,2.33
2018.02.20 03:41:05.469,0.88633,0.88645,1.00,1.95
2018.02.20 03:41:08.566,0.88632,0.88645,4.58,1.87
2018.02.20 03:41:10.464,0.88632,0.88645,5.70,2.25
2018.02.20 03:41:12.941,0.88633,0.88645,1.81,1.37
2018.02.20 03:41:13.890,0.88633,0.88645,1.50,2.06
2018.02.20 03:41:14.709,0.88633,0.88645,1.50,1.37
2018.02.20 03:41:15.370,0.88633,0.88645,1.50,3.00
2018.02.20 03:41:17.452,0.88633,0.88645,1.81,1.87
2018.02.20 03:41:20.315,0.88633,0.88645,1.50,1.50
2018.02.20 03:41:22.687,0.88632,0.88644,3.38,1.87
2018.02.20 03:41:23.202,0.88632,0.88644,2.63,3.75
2018.02.20 03:41:25.530,0.88632,0.88644,3.38,2.81
2018.02.20 03:41:34.667,0.88632,0.88645,1.88,4.20
2018.02.20 03:41:35.168,0.88632,0.88644,1.69,1.00
2018.02.20 03:41:36.185,0.88632,0.88644,1.88,1.88
2018.02.20 03:41:36.992,0.88632,0.88644,1.50,1.63
2018.02.20 03:41:37.255,0.88632,0.88644,1.37,1.95
2018.02.20 03:41:37.308,0.88632,0.88644,1.12,2.70
2018.02.20 03:41:37.811,0.88631,0.88644,1.50,2.70
2018.02.20 03:41:38.475,0.88631,0.88644,2.63,3.64
2018.02.20 03:41:39.136,0.88631,0.88644,1.50,2.51
2018.02.20 03:41:44.088,0.88631,0.88643,4.58,1.76
2018.02.20 03:41:44.357,0.88631,0.88643,2.32,1.20
2018.02.20 03:41:44.915,0.88631,0.88643,3.45,1.76
2018.02.20 03:41:45.732,0.88631,0.88643,1.57,1.10
2018.02.20 03:41:49.852,0.88631,0.88644,3.08,3.26
2018.02.20 03:41:49.905,0.88632,0.88645,4.13,3.82
2018.02.20 03:41:50.010,0.88633,0.88645,3.75,1.88
2018.02.20 03:41:50.692,0.88633,0.88645,1.50,1.88
2018.02.20 03:41:51.582,0.88633,0.88645,1.88,1.88
2018.02.20 03:41:53.121,0.88633,0.88645,1.88,1.63
2018.02.20 03:41:56.968,0.88632,0.88644,1.50,2.25
2018.02.20 03:41:57.514,0.8863,0.88643,2.25,3.08
2018.02.20 03:42:00.140,0.8863,0.88643,3.00,4.58
2018.02.20 03:42:00.923,0.88631,0.88643,1.13,2.14
2018.02.20 03:42:01.591,0.88631,0.88642,1.00,1.88
2018.02.20 03:42:02.278,0.88631,0.88642,1.00,1.88
2018.02.20 03:42:02.821,0.88631,0.88641,1.00,1.00
2018.02.20 03:42:03.564,0.8863,0.88641,1.00,1.50
2018.02.20 03:42:12.354,0.8863,0.88641,2.70,1.00
2018.02.20 03:42:12.720,0.88631,0.88643,5.63,1.12
2018.02.20 03:42:13.518,0.88633,0.88644,1.00,2.25
2018.02.20 03:42:16.485,0.88633,0.88644,1.00,1.69
2018.02.20 03:42:21.811,0.88632,0.88644,1.87,1.50
2018.02.20 03:42:23.140,0.88632,0.88644,2.25,1.13
2018.02.20 03:42:27.757,0.88632,0.88644,2.81,1.00
2018.02.20 03:42:29.077,0.88634,0.88646,1.00,5.70
2018.02.20 03:42:29.389,0.88634,0.88646,4.01,1.58
2018.02.20 03:42:30.085,0.88634,0.88646,2.70,1.58
2018.02.20 03:42:31.113,0.88634,0.88646,3.07,1.39
2018.02.20 03:42:32.220,0.88634,0.88646,3.26,1.58
2018.02.20 03:42:32.764,0.88633,0.88645,1.88,1.50
2018.02.20 03:42:33.952,0.88632,0.88645,3.75,3.08
2018.02.20 03:42:34.643,0.88632,0.88645,3.38,2.33
2018.02.20 03:42:36.719,0.88632,0.88645,4.13,3.83
2018.02.20 03:42:38.519,0.88632,0.88645,3.94,4.01
2018.02.20 03:42:39.244,0.88632,0.88644,1.69,1.58
2018.02.20 03:42:39.764,0.88631,0.88642,2.25,2.32
2018.02.20 03:42:51.435,0.88631,0.88643,1.48,3.08
2018.02.20 03:42:51.986,0.88631,0.88643,1.10,2.14
2018.02.20 03:42:52.616,0.88631,0.88643,1.20,3.08
2018.02.20 03:42:53.185,0.88631,0.88643,1.20,2.14
2018.02.20 03:42:58.389,0.88631,0.88643,1.95,1.76
2018.02.20 03:42:59.181,0.88632,0.88643,1.87,1.88
2018.02.20 03:42:59.847,0.88632,0.88643,2.63,1.44
2018.02.20 03:43:00.464,0.88632,0.88644,3.75,1.95
2018.02.20 03:43:12.828,0.88632,0.88644,2.70,1.95
2018.02.20 03:43:14.238,0.88631,0.88643,1.76,1.12
2018.02.20 03:43:14.855,0.88631,0.88643,1.69,2.51
2018.02.20 03:43:15.748,0.88631,0.88643,1.31,2.51
2018.02.20 03:43:16.331,0.88631,0.88643,1.12,1.58
2018.02.20 03:43:16.850,0.88631,0.88643,1.50,1.58
2018.02.20 03:43:18.008,0.88631,0.88643,3.00,1.58
2018.02.20 03:43:18.527,0.88631,0.88643,1.76,1.10
2018.02.20 03:43:20.169,0.88631,0.88644,3.19,3.08
2018.02.20 03:43:20.484,0.88633,0.88643,1.00,1.31
2018.02.20 03:43:21.349,0.88632,0.88644,3.00,2.81
2018.02.20 03:43:21.920,0.88632,0.88644,1.87,2.33
2018.02.20 03:43:22.024,0.88631,0.88643,1.69,1.00
2018.02.20 03:43:22.571,0.88631,0.88642,2.32,1.00
2018.02.20 03:43:23.473,0.88631,0.88642,2.25,1.00
2018.02.20 03:43:24.010,0.88631,0.88642,2.70,1.00
2018.02.20 03:43:24.543,0.88632,0.88644,1.50,1.88
2018.02.20 03:43:26.184,0.88633,0.88645,1.00,1.20
2018.02.20 03:43:26.747,0.88634,0.88646,1.12,1.88
2018.02.20 03:43:28.176,0.88635,0.88645,1.00,1.13
2018.02.20 03:43:29.228,0.88634,0.88645,2.33,1.44
2018.02.20 03:43:29.816,0.88634,0.88647,1.20,2.33
2018.02.20 03:43:30.395,0.88635,0.88646,1.31,1.31
2018.02.20 03:43:30.991,0.88636,0.88647,1.00,1.50
2018.02.20 03:43:32.594,0.88637,0.88647,1.00,1.63
2018.02.20 03:43:33.153,0.88636,0.88647,1.12,1.63
2018.02.20 03:43:33.678,0.88636,0.88648,1.12,3.00
2018.02.20 03:43:34.202,0.88637,0.88648,1.12,3.00
2018.02.20 03:43:34.573,0.88635,0.88648,2.44,4.76
2018.02.20 03:43:35.088,0.88635,0.88647,1.95,1.38
2018.02.20 03:43:35.635,0.88635,0.88647,1.20,1.63
2018.02.20 03:43:37.835,0.88635,0.88647,1.39,1.95
2018.02.20 03:43:38.601,0.88635,0.88647,1.20,1.48
2018.02.20 03:43:38.912,0.88635,0.88647,2.33,1.44
2018.02.20 03:43:40.290,0.88637,0.88648,1.88,1.50
2018.02.20 03:43:40.969,0.88636,0.88648,2.81,1.50
2018.02.20 03:43:41.503,0.88636,0.88646,1.37,1.25
2018.02.20 03:43:41.557,0.88634,0.88646,1.39,7.50
2018.02.20 03:43:41.711,0.88633,0.88644,1.12,2.06
2018.02.20 03:43:42.223,0.88633,0.88645,4.13,3.08
2018.02.20 03:43:43.843,0.88633,0.88645,2.33,1.50
2018.02.20 03:43:44.425,0.88633,0.88645,1.58,1.76
2018.02.20 03:43:44.929,0.88633,0.88645,1.50,1.76
2018.02.20 03:43:49.222,0.88633,0.88643,1.00,1.00
2018.02.20 03:43:50.233,0.88633,0.88644,1.00,2.33
2018.02.20 03:43:51.861,0.88632,0.88644,2.32,1.95
2018.02.20 03:43:52.491,0.88632,0.88643,2.14,1.00
2018.02.20 03:43:53.880,0.88632,0.88644,2.14,1.95
2018.02.20 03:43:54.412,0.88632,0.88644,2.25,3.00
2018.02.20 03:43:55.490,0.88632,0.88643,1.12,3.94
2018.02.20 03:44:03.824,0.88633,0.88644,1.81,1.39
2018.02.20 03:44:04.394,0.88633,0.88645,1.48,3.00
2018.02.20 03:44:04.448,0.88633,0.88645,1.10,1.87
2018.02.20 03:44:04.814,0.88633,0.88645,1.48,2.62
2018.02.20 03:44:05.283,0.88632,0.88645,1.66,3.75
2018.02.20 03:44:06.363,0.88632,0.88645,1.76,4.50
2018.02.20 03:44:06.910,0.88632,0.88643,1.37,1.00
2018.02.20 03:44:07.521,0.88632,0.88643,1.12,1.00
2018.02.20 03:44:09.887,0.88632,0.88643,1.13,1.95
2018.02.20 03:44:12.105,0.88632,0.88644,1.44,4.39
2018.02.20 03:44:12.675,0.88632,0.88644,1.00,4.58
2018.02.20 03:44:14.274,0.88632,0.88644,1.50,1.31
2018.02.20 03:44:14.789,0.88633,0.88645,2.33,1.48
2018.02.20 03:44:15.315,0.88633,0.88645,3.08,1.00
2018.02.20 03:44:15.851,0.88635,0.88646,1.00,3.38
2018.02.20 03:44:18.504,0.88634,0.88644,1.70,1.50
2018.02.20 03:44:20.188,0.88633,0.88644,1.95,1.87
2018.02.20 03:44:20.844,0.88633,0.88644,1.25,1.87
2018.02.20 03:44:21.458,0.88632,0.88644,2.32,2.25
2018.02.20 03:44:22.049,0.88632,0.88644,2.70,2.25
2018.02.20 03:44:25.719,0.88632,0.88644,1.00,5.63
2018.02.20 03:44:26.357,0.88632,0.88644,1.38,5.63
2018.02.20 03:44:27.716,0.8863,0.88642,1.89,1.87
2018.02.20 03:44:28.405,0.88631,0.88643,1.50,2.06
2018.02.20 03:44:37.899,0.88631,0.88643,1.39,3.83
2018.02.20 03:44:38.408,0.88632,0.88643,1.10,1.00
2018.02.20 03:44:38.966,0.88631,0.88643,3.45,1.25
2018.02.20 03:44:40.145,0.88631,0.88643,3.45,1.00
2018.02.20 03:44:47.060,0.88631,0.88644,2.25,4.20
2018.02.20 03:44:51.032,0.88631,0.88644,1.87,4.95
2018.02.20 03:44:55.505,0.88632,0.88644,1.48,1.39
2018.02.20 03:44:56.057,0.88631,0.88644,5.14,1.58
2018.02.20 03:44:57.223,0.88631,0.88644,6.08,1.95
2018.02.20 03:44:58.004,0.88633,0.88644,1.00,1.39
2018.02.20 03:44:58.666,0.88632,0.88644,1.95,1.76
2018.02.20 03:44:59.254,0.88632,0.88644,1.00,2.06
2018.02.20 03:44:59.762,0.88631,0.88643,3.26,1.50
2018.02.20 03:45:00.317,0.88631,0.88642,2.70,1.50
2018.02.20 03:45:01.329,0.88631,0.88642,1.31,1.69
2018.02.20 03:45:01.844,0.88631,0.88643,1.20,3.08
2018.02.20 03:45:02.371,0.88631,0.88643,1.12,3.00
2018.02.20 03:45:02.908,0.88631,0.88643,1.12,3.00
2018.02.20 03:45:03.366,0.88631,0.88642,1.69,3.38
2018.02.20 03:45:04.041,0.8863,0.88642,1.31,3.00
2018.02.20 03:45:04.812,0.8863,0.88642,1.50,4.39
2018.02.20 03:45:05.331,0.8863,0.88642,1.31,3.08
2018.02.20 03:45:07.102,0.8863,0.88642,1.50,4.39
2018.02.20 03:45:07.609,0.88629,0.88641,4.88,1.50
2018.02.20 03:45:13.514,0.88629,0.88641,1.95,1.95
2018.02.20 03:45:17.834,0.88629,0.88641,1.95,1.95
2018.02.20 03:45:18.534,0.88629,0.88641,1.95,1.95
2018.02.20 03:45:19.077,0.88629,0.88641,1.76,3.08
2018.02.20 03:45:22.241,0.88629,0.8864,1.39,1.87
2018.02.20 03:45:22.842,0.88629,0.8864,1.63,1.87
2018.02.20 03:45:24.217,0.88629,0.88641,1.31,3.83
2018.02.20 03:45:24.739,0.88629,0.88641,1.88,2.25
2018.02.20 03:45:25.395,0.88629,0.88641,1.88,3.56
2018.02.20 03:45:28.965,0.88629,0.8864,2.25,2.25
2018.02.20 03:45:32.504,0.88631,0.88641,1.00,1.38
2018.02.20 03:45:32.606,0.8863,0.88643,4.39,3.75
2018.02.20 03:45:43.063,0.88631,0.88643,1.88,3.38
2018.02.20 03:45:44.297,0.88631,0.88643,1.00,3.00
2018.02.20 03:45:47.895,0.8863,0.88643,1.39,4.50
2018.02.20 03:45:48.442,0.8863,0.88641,1.13,1.13
2018.02.20 03:45:49.911,0.88629,0.8864,4.20,1.00
2018.02.20 03:45:50.414,0.8863,0.88641,1.00,1.38
2018.02.20 03:45:58.797,0.8863,0.88641,1.38,1.38
2018.02.20 03:45:59.320,0.8863,0.88641,1.00,1.88
2018.02.20 03:46:01.197,0.88629,0.88641,1.31,4.88
2018.02.20 03:46:01.861,0.88629,0.88641,1.63,4.13
2018.02.20 03:46:05.260,0.88628,0.8864,1.01,1.00
2018.02.20 03:46:05.765,0.88628,0.8864,1.58,3.00
2018.02.20 03:46:06.354,0.88628,0.8864,1.01,1.00
2018.02.20 03:46:08.073,0.88628,0.88641,1.48,4.50
2018.02.20 03:46:08.637,0.88628,0.88641,1.58,5.44
2018.02.20 03:46:11.678,0.88629,0.88641,2.25,2.44
2018.02.20 03:46:12.353,0.88629,0.88641,3.00,2.44
2018.02.20 03:46:16.721,0.88629,0.88641,1.31,2.63
2018.02.20 03:46:17.685,0.88629,0.88641,1.63,2.63
2018.02.20 03:46:18.217,0.88629,0.88641,1.58,2.70
2018.02.20 03:46:18.729,0.88629,0.88641,1.39,2.70
2018.02.20 03:46:19.243,0.88629,0.88641,1.39,4.20
2018.02.20 03:46:21.908,0.88629,0.88641,1.39,4.20
2018.02.20 03:46:22.419,0.88629,0.8864,1.39,1.50
2018.02.20 03:46:23.064,0.88629,0.88641,1.39,4.20
2018.02.20 03:46:23.660,0.88629,0.88641,1.58,4.95
2018.02.20 03:46:25.094,0.88629,0.88641,1.39,4.01
2018.02.20 03:46:34.925,0.88629,0.88641,1.20,4.58
2018.02.20 03:46:36.702,0.88628,0.8864,1.20,1.87
2018.02.20 03:46:37.332,0.88629,0.88641,1.00,6.00
2018.02.20 03:46:46.121,0.88628,0.88639,1.63,1.57
2018.02.20 03:46:46.792,0.88628,0.88639,1.81,1.95
2018.02.20 03:46:49.208,0.88627,0.88639,6.94,1.57
2018.02.20 03:46:54.980,0.88628,0.88639,1.88,1.57
2018.02.20 03:47:00.730,0.88629,0.88641,1.50,4.39
2018.02.20 03:47:01.240,0.88629,0.88641,2.44,4.01
2018.02.20 03:47:02.043,0.88629,0.88641,2.25,4.01
2018.02.20 03:47:03.570,0.8863,0.88639,1.00,1.95
2018.02.20 03:47:03.779,0.88628,0.88638,1.69,1.95
2018.02.20 03:47:04.300,0.88628,0.88638,1.00,1.95
2018.02.20 03:47:05.478,0.88628,0.88639,1.00,4.20
2018.02.20 03:47:10.120,0.88628,0.88638,1.00,3.45
2018.02.20 03:47:10.676,0.88628,0.88638,1.00,2.14
2018.02.20 03:47:35.718,0.88628,0.88635,1.00,3.08
2018.02.20 03:47:35.824,0.88626,0.88637,1.00,3.64
2018.02.20 03:47:36.341,0.88624,0.88635,2.63,1.20
2018.02.20 03:47:36.878,0.88624,0.88635,1.88,1.39
2018.02.20 03:47:39.735,0.88624,0.88635,1.69,1.20
2018.02.20 03:47:40.276,0.88625,0.88636,3.00,1.58
2018.02.20 03:47:40.831,0.88624,0.88636,6.00,1.45
2018.02.20 03:47:41.597,0.88625,0.88636,1.00,1.45
2018.02.20 03:47:42.137,0.88625,0.88636,1.25,1.20
2018.02.20 03:47:42.640,0.88625,0.88636,3.19,1.20
2018.02.20 03:47:43.160,0.88625,0.88638,1.50,4.20
2018.02.20 03:47:47.218,0.88624,0.88636,2.06,3.26
2018.02.20 03:47:47.738,0.88624,0.88636,2.63,3.08
2018.02.20 03:47:48.254,0.88626,0.88637,1.00,3.64
2018.02.20 03:47:48.566,0.88624,0.88635,1.12,1.95
2018.02.20 03:47:49.089,0.88624,0.88634,1.50,1.57
2018.02.20 03:47:49.782,0.88624,0.88634,1.00,2.33
2018.02.20 03:47:54.592,0.88623,0.88634,1.31,3.07
2018.02.20 03:48:04.160,0.88623,0.88634,1.00,3.64
2018.02.20 03:48:05.860,0.88623,0.88634,1.00,3.26
2018.02.20 03:48:07.115,0.88623,0.88633,1.00,1.95
2018.02.20 03:48:21.232,0.88623,0.88632,1.00,1.95
2018.02.20 03:48:27.977,0.88623,0.88634,1.00,7.39
2018.02.20 03:48:29.465,0.88623,0.88633,1.00,1.45
2018.02.20 03:48:35.561,0.88623,0.88633,1.00,2.89
2018.02.20 03:48:40.398,0.88623,0.88633,1.00,1.70
2018.02.20 03:48:40.866,0.88623,0.88634,1.88,1.95
2018.02.20 03:48:41.412,0.88623,0.88634,1.88,2.89
2018.02.20 03:48:41.620,0.88622,0.88633,1.12,1.95
2018.02.20 03:48:42.148,0.88621,0.88632,1.12,1.58
2018.02.20 03:48:49.465,0.88621,0.88632,1.00,4.01
2018.02.20 03:49:00.002,0.88621,0.88631,1.00,1.39
2018.02.20 03:49:06.307,0.88621,0.88632,1.00,2.14
2018.02.20 03:49:10.651,0.88621,0.88632,1.00,2.89
2018.02.20 03:49:20.420,0.88621,0.88632,1.25,1.69
2018.02.20 03:49:22.053,0.88621,0.88633,4.58,1.95
2018.02.20 03:49:23.857,0.88622,0.88634,5.51,1.12
2018.02.20 03:49:26.253,0.88622,0.88633,4.20,1.00
2018.02.20 03:49:26.516,0.88622,0.88633,1.25,3.19
2018.02.20 03:49:27.089,0.88621,0.88632,2.63,1.00
2018.02.20 03:49:36.756,0.88623,0.88633,1.00,2.25
2018.02.20 03:49:37.291,0.88623,0.88634,1.44,3.00
2018.02.20 03:49:37.830,0.88623,0.88634,1.25,1.69
2018.02.20 03:49:38.533,0.88623,0.88635,1.44,3.75
2018.02.20 03:49:39.047,0.88623,0.88635,1.25,2.63
2018.02.20 03:49:53.946,0.88623,0.88635,2.06,3.19
2018.02.20 03:49:54.293,0.88623,0.88631,1.00,1.00
2018.02.20 03:49:54.887,0.88623,0.88632,1.00,1.50
2018.02.20 03:49:55.428,0.88623,0.88632,1.00,1.95
2018.02.20 03:50:01.984,0.88623,0.88632,1.00,1.95
2018.02.20 03:50:02.811,0.88623,0.88632,1.00,1.95
2018.02.20 03:50:03.921,0.88623,0.88632,1.00,1.95
2018.02.20 03:50:04.460,0.88623,0.88632,1.00,1.95
2018.02.20 03:50:08.514,0.88623,0.88632,1.00,1.95
2018.02.20 03:50:09.631,0.88623,0.88633,1.00,2.51
2018.02.20 03:50:10.389,0.88623,0.88633,1.00,2.14
2018.02.20 03:50:20.558,0.88623,0.88632,1.00,1.10
2018.02.20 03:50:20.662,0.88623,0.88632,1.00,1.58
2018.02.20 03:50:22.188,0.88623,0.88632,1.00,1.58
2018.02.20 03:50:26.122,0.88623,0.88633,1.00,1.70
2018.02.20 03:50:30.802,0.88623,0.88633,1.00,1.58
2018.02.20 03:50:36.848,0.88623,0.88633,1.00,1.76
2018.02.20 03:50:37.383,0.88621,0.88633,1.50,1.76
2018.02.20 03:50:38.061,0.88621,0.88633,1.31,1.58
2018.02.20 03:50:38.608,0.88621,0.88633,3.56,1.95
2018.02.20 03:50:51.869,0.88621,0.88633,1.25,1.76
2018.02.20 03:50:56.689,0.88621,0.88634,2.25,3.45
2018.02.20 03:50:57.256,0.88621,0.88634,1.13,2.70
2018.02.20 03:51:00.596,0.88621,0.88633,1.50,1.95
2018.02.20 03:51:02.190,0.88621,0.88634,1.50,4.95
2018.02.20 03:51:09.234,0.88621,0.88634,6.00,4.57
2018.02.20 03:51:11.300,0.88621,0.88634,6.75,4.95
2018.02.20 03:51:14.460,0.88621,0.88634,1.38,4.57
2018.02.20 03:51:15.336,0.88621,0.88634,1.13,2.51
2018.02.20 03:51:16.697,0.88621,0.88633,1.38,1.76
2018.02.20 03:51:17.247,0.88623,0.88634,1.00,1.57
2018.02.20 03:51:29.238,0.88622,0.88634,7.69,1.33
2018.02.20 03:51:29.513,0.88628,0.88635,1.50,2.70
2018.02.20 03:51:29.830,0.88634,0.88641,1.00,2.89
2018.02.20 03:51:29.882,0.88634,0.88641,1.00,3.64
2018.02.20 03:51:32.990,0.88634,0.88641,1.00,3.64
2018.02.20 03:51:33.263,0.88632,0.88636,1.00,1.00
2018.02.20 03:51:33.444,0.88634,0.88638,1.00,2.32
2018.02.20 03:51:51.543,0.88633,0.88637,1.00,1.50
2018.02.20 03:51:52.292,0.88634,0.88638,1.00,2.25
2018.02.20 03:52:00.225,0.88633,0.88637,1.00,1.00
2018.02.20 03:52:00.434,0.88631,0.88638,1.00,4.95
2018.02.20 03:52:01.460,0.88631,0.88638,1.00,4.39
2018.02.20 03:52:03.368,0.88633,0.88638,1.00,1.50
2018.02.20 03:52:03.901,0.88633,0.88639,1.00,1.76
2018.02.20 03:52:05.535,0.88631,0.8864,1.00,5.70
2018.02.20 03:52:10.222,0.88633,0.8864,1.00,4.76
2018.02.20 03:52:10.850,0.88633,0.8864,1.00,1.57
2018.02.20 03:52:11.163,0.88633,0.88639,1.00,1.20
2018.02.20 03:52:11.773,0.88633,0.8864,1.00,2.32
2018.02.20 03:52:12.340,0.88633,0.8864,1.00,4.57
2018.02.20 03:52:12.807,0.88633,0.88637,1.00,1.00
2018.02.20 03:52:12.859,0.88631,0.88637,1.00,1.00
2018.02.20 03:52:19.331,0.88631,0.88636,1.00,1.50
2018.02.20 03:52:19.590,0.88631,0.88638,1.00,1.20
2018.02.20 03:52:20.108,0.88631,0.88639,1.00,2.32
2018.02.20 03:52:24.042,0.88631,0.88639,1.00,1.95
2018.02.20 03:52:29.993,0.88631,0.88639,1.00,1.10
2018.02.20 03:52:31.077,0.88631,0.88639,1.00,2.70
2018.02.20 03:52:37.553,0.88631,0.88637,1.00,1.00
2018.02.20 03:52:38.237,0.88631,0.88638,1.00,2.25
2018.02.20 03:52:39.329,0.88631,0.88637,1.00,1.00
2018.02.20 03:52:42.304,0.88631,0.88636,1.00,2.25
2018.02.20 03:52:51.004,0.88631,0.88638,1.00,4.20
2018.02.20 03:52:52.254,0.88631,0.88637,1.00,1.00
2018.02.20 03:52:52.840,0.88631,0.88638,1.00,1.50
2018.02.20 03:52:54.965,0.88631,0.88637,1.00,1.50
2018.02.20 03:52:57.176,0.88631,0.88635,1.00,1.00
2018.02.20 03:52:57.780,0.88631,0.88637,1.00,3.45
2018.02.20 03:52:58.334,0.88631,0.88637,1.00,1.50
2018.02.20 03:52:58.979,0.88631,0.88638,1.00,4.57
2018.02.20 03:53:02.571,0.88631,0.88637,1.00,1.00
2018.02.20 03:53:13.082,0.88629,0.88637,1.12,1.00
2018.02.20 03:53:23.612,0.8863,0.88637,1.00,1.10
2018.02.20 03:53:24.134,0.88629,0.88637,1.50,1.10
2018.02.20 03:53:29.852,0.88629,0.88636,1.50,1.50
2018.02.20 03:53:30.009,0.88627,0.88636,2.06,3.00
2018.02.20 03:53:30.061,0.88627,0.88634,2.06,1.00
2018.02.20 03:53:31.063,0.88628,0.88634,1.50,1.00
2018.02.20 03:53:31.696,0.88627,0.88634,1.87,1.00
2018.02.20 03:53:31.903,0.88628,0.88636,2.25,1.00
2018.02.20 03:53:32.562,0.88629,0.88637,1.50,3.26
2018.02.20 03:53:33.112,0.88628,0.88637,1.00,2.32
2018.02.20 03:53:33.570,0.88627,0.88635,4.50,1.00
2018.02.20 03:53:34.108,0.88627,0.88634,1.00,1.00
2018.02.20 03:53:34.414,0.88629,0.88635,1.00,3.45
2018.02.20 03:53:35.028,0.88629,0.88634,1.00,1.00
2018.02.20 03:53:37.761,0.88631,0.88635,1.00,1.10
2018.02.20 03:53:37.866,0.88631,0.88636,1.00,2.32
2018.02.20 03:53:38.503,0.88631,0.88637,1.00,1.57
2018.02.20 03:53:40.750,0.88631,0.88636,1.00,1.10
2018.02.20 03:53:47.198,0.88631,0.88637,1.00,1.10
2018.02.20 03:53:47.250,0.8863,0.88634,1.00,1.00
2018.02.20 03:53:47.796,0.88629,0.88633,1.00,1.00
2018.02.20 03:53:48.051,0.88631,0.88635,1.00,2.32
2018.02.20 03:53:49.023,0.88631,0.88636,1.00,1.69
2018.02.20 03:53:49.766,0.88631,0.88635,1.00,1.00
2018.02.20 03:53:50.435,0.8863,0.88634,1.00,1.00
2018.02.20 03:53:51.701,0.88629,0.88633,1.00,1.00
2018.02.20 03:53:52.664,0.88631,0.88635,1.00,1.00
2018.02.20 03:53:53.405,0.88631,0.88636,1.00,3.19
2018.02.20 03:53:53.953,0.88631,0.88638,1.00,1.20
2018.02.20 03:53:58.174,0.88631,0.88637,1.00,1.00
2018.02.20 03:53:58.693,0.88631,0.88638,1.00,1.00
2018.02.20 03:54:03.188,0.88631,0.88639,1.00,1.10
2018.02.20 03:54:06.499,0.88631,0.88637,1.00,1.50
2018.02.20 03:54:07.003,0.88631,0.88638,1.00,1.12
2018.02.20 03:54:15.535,0.88631,0.88637,1.00,1.00
2018.02.20 03:54:16.203,0.88631,0.88636,1.00,1.00
2018.02.20 03:54:17.632,0.88631,0.88635,1.00,1.00
2018.02.20 03:54:17.956,0.88631,0.88637,1.00,1.10
2018.02.20 03:54:20.381,0.88631,0.88636,1.00,1.00
2018.02.20 03:54:23.110,0.8863,0.88634,1.00,1.00
2018.02.20 03:54:23.266,0.88631,0.88637,1.00,1.95
2018.02.20 03:54:54.321,0.88629,0.88637,1.50,1.50
2018.02.20 03:54:55.646,0.88629,0.88636,1.00,1.00
2018.02.20 03:55:01.684,0.88629,0.88636,1.69,1.00
2018.02.20 03:55:02.363,0.88629,0.88638,1.69,1.20
2018.02.20 03:55:04.303,0.8863,0.88639,1.69,1.57
2018.02.20 03:55:11.347,0.88633,0.8864,1.00,1.20
2018.02.20 03:55:11.880,0.88634,0.88641,1.00,1.95
2018.02.20 03:55:14.349,0.88634,0.88641,1.00,1.20
2018.02.20 03:55:15.240,0.88635,0.88641,1.00,1.20
2018.02.20 03:55:20.361,0.88633,0.88641,1.00,2.32
2018.02.20 03:55:20.488,0.88635,0.88641,1.00,2.70
2018.02.20 03:55:27.793,0.88635,0.88639,1.00,2.25
2018.02.20 03:55:27.846,0.88633,0.88639,1.00,2.25
2018.02.20 03:55:28.514,0.88633,0.88638,1.00,1.10
2018.02.20 03:55:32.461,0.88633,0.88639,1.00,1.20
2018.02.20 03:55:33.165,0.88633,0.88641,1.00,2.32
2018.02.20 03:55:35.386,0.88633,0.88641,1.25,1.20
2018.02.20 03:55:36.651,0.88634,0.88641,1.00,1.57
2018.02.20 03:55:38.521,0.88633,0.88641,1.00,1.00
2018.02.20 03:55:40.716,0.88633,0.8864,1.00,1.00
2018.02.20 03:55:41.241,0.88634,0.8864,1.25,1.00
2018.02.20 03:55:46.371,0.88633,0.88637,1.00,1.00
2018.02.20 03:55:46.424,0.88633,0.88637,1.00,1.00
2018.02.20 03:55:46.477,0.88633,0.88639,1.00,3.64
2018.02.20 03:55:46.978,0.88632,0.88638,1.00,1.00
2018.02.20 03:55:47.581,0.88632,0.88639,1.00,1.20
2018.02.20 03:56:03.474,0.88632,0.88639,1.25,1.95
2018.02.20 03:56:03.527,0.88632,0.8864,1.00,1.10
2018.02.20 03:56:06.416,0.88632,0.88641,1.50,2.70
2018.02.20 03:56:13.876,0.88632,0.88641,1.00,3.45
2018.02.20 03:56:14.541,0.88632,0.88642,2.06,2.32
2018.02.20 03:56:14.645,0.88635,0.88642,1.00,1.20
2018.02.20 03:56:15.220,0.88634,0.88643,1.50,1.95
2018.02.20 03:56:16.470,0.88633,0.88642,1.50,2.51
2018.02.20 03:56:16.782,0.88633,0.88641,1.00,1.95
2018.02.20 03:56:18.359,0.88633,0.88641,1.25,1.10
2018.02.20 03:56:21.133,0.88634,0.88642,1.00,1.08
2018.02.20 03:56:29.657,0.88635,0.88642,1.00,1.58
2018.02.20 03:56:30.907,0.88635,0.88643,1.00,3.83
2018.02.20 03:56:31.393,0.88635,0.88641,1.00,1.20
2018.02.20 03:56:31.446,0.88633,0.88641,1.50,1.20
2018.02.20 03:56:33.543,0.88633,0.88642,1.00,3.07
2018.02.20 03:56:34.399,0.88633,0.88642,1.00,1.20
2018.02.20 03:56:35.041,0.88634,0.88642,1.00,3.45
2018.02.20 03:56:36.789,0.88634,0.88643,1.00,2.14
2018.02.20 03:56:45.435,0.88634,0.88643,1.00,1.57
2018.02.20 03:56:48.613,0.88634,0.88643,1.00,2.51
2018.02.20 03:56:50.121,0.88634,0.88641,1.00,1.10
2018.02.20 03:56:50.672,0.88633,0.88641,1.00,1.95
2018.02.20 03:56:51.701,0.88631,0.88641,2.06,2.89
2018.02.20 03:56:52.215,0.88631,0.88641,2.44,1.45
2018.02.20 03:56:52.992,0.88631,0.88641,2.44,1.58
2018.02.20 03:56:53.617,0.88631,0.88641,2.44,1.58
2018.02.20 03:56:54.902,0.88631,0.88641,3.19,1.45
2018.02.20 03:56:56.649,0.88631,0.8864,1.88,1.20
2018.02.20 03:56:57.187,0.88631,0.8864,1.69,1.07
2018.02.20 03:56:57.945,0.88631,0.8864,1.69,1.10
2018.02.20 03:56:58.514,0.88631,0.88639,1.88,1.20
2018.02.20 03:56:59.061,0.88631,0.88639,1.88,1.00
2018.02.20 03:56:59.711,0.88631,0.88639,1.50,1.00
2018.02.20 03:57:08.546,0.88633,0.8864,1.00,1.00
2018.02.20 03:57:08.961,0.88633,0.88642,1.00,1.00
2018.02.20 03:57:10.034,0.88633,0.88642,1.00,2.33
2018.02.20 03:57:15.345,0.88633,0.88641,1.00,2.70
2018.02.20 03:57:18.116,0.88633,0.88641,1.00,2.70
2018.02.20 03:57:18.222,0.88633,0.88641,1.00,1.20
2018.02.20 03:57:18.735,0.88633,0.88642,1.00,1.20
2018.02.20 03:57:21.218,0.88633,0.88642,1.00,1.20
2018.02.20 03:57:21.669,0.88634,0.88644,1.00,1.57
2018.02.20 03:57:22.194,0.88635,0.88643,1.50,1.20
2018.02.20 03:57:22.464,0.88635,0.88643,1.50,2.33
2018.02.20 03:57:22.962,0.88635,0.88643,1.50,1.20
2018.02.20 03:57:23.511,0.88635,0.88643,1.50,1.20
2018.02.20 03:57:25.741,0.88635,0.88644,1.00,3.94
2018.02.20 03:57:26.854,0.88635,0.88642,1.00,1.00
2018.02.20 03:57:27.629,0.88635,0.88643,1.00,1.31
2018.02.20 03:57:28.135,0.88635,0.88644,1.00,1.25
2018.02.20 03:57:28.654,0.88635,0.88643,1.00,1.00
2018.02.20 03:57:29.237,0.88635,0.88644,1.00,1.13
2018.02.20 03:57:30.810,0.88635,0.88644,1.00,1.50
2018.02.20 03:57:32.942,0.88633,0.88643,2.62,1.13
2018.02.20 03:57:33.444,0.88633,0.88642,1.37,1.00
2018.02.20 03:57:33.709,0.88634,0.88644,1.37,1.00
2018.02.20 03:57:34.022,0.88637,0.88645,1.00,1.57
2018.02.20 03:57:35.008,0.88637,0.88646,1.00,3.19
2018.02.20 03:57:35.688,0.88637,0.88646,1.69,2.63
2018.02.20 03:57:36.220,0.88637,0.88647,1.69,1.88
2018.02.20 03:57:37.335,0.88637,0.88644,1.25,1.69
2018.02.20 03:57:37.867,0.88637,0.88645,1.00,3.38
2018.02.20 03:57:38.181,0.88637,0.88644,1.00,1.63
2018.02.20 03:57:38.720,0.88637,0.88645,1.00,4.31
2018.02.20 03:57:40.007,0.88637,0.88644,1.00,1.44
2018.02.20 03:57:42.811,0.88637,0.88645,1.00,4.13
2018.02.20 03:57:43.368,0.88637,0.88644,1.00,1.44
2018.02.20 03:57:43.473,0.88635,0.88643,1.00,3.00
2018.02.20 03:57:46.568,0.88635,0.88642,1.00,1.00
2018.02.20 03:57:46.778,0.88635,0.88644,1.00,3.56
2018.02.20 03:57:47.356,0.88636,0.88645,1.00,1.00
2018.02.20 03:58:04.090,0.88636,0.88646,1.00,3.00
2018.02.20 03:58:31.867,0.88637,0.88645,1.00,1.00
2018.02.20 03:58:35.435,0.88636,0.88646,1.00,2.25
2018.02.20 03:58:35.956,0.88636,0.88646,1.00,2.44
2018.02.20 03:58:36.269,0.88636,0.88643,1.00,1.50
2018.02.20 03:58:36.742,0.88636,0.88645,1.00,1.50
2018.02.20 03:58:42.583,0.88636,0.88644,1.00,1.50
2018.02.20 03:58:43.321,0.88635,0.88643,1.00,1.50
2018.02.20 03:58:43.851,0.88635,0.88644,1.00,2.25
2018.02.20 03:59:00.119,0.88635,0.88643,1.00,2.25
2018.02.20 03:59:01.053,0.88635,0.88645,1.00,3.00
2018.02.20 03:59:01.928,0.88635,0.88645,1.00,2.62
2018.02.20 03:59:03.359,0.88635,0.88645,1.12,1.69
2018.02.20 03:59:03.565,0.88636,0.88646,1.00,2.25
2018.02.20 03:59:05.105,0.88637,0.88646,1.00,1.12
2018.02.20 03:59:06.459,0.88636,0.88646,1.00,2.62
2018.02.20 03:59:07.014,0.88636,0.88645,1.00,1.50
2018.02.20 03:59:09.293,0.88636,0.88646,1.00,2.62
2018.02.20 03:59:09.826,0.88636,0.88645,1.00,1.00
2018.02.20 03:59:10.436,0.88636,0.88646,1.00,3.00
2018.02.20 03:59:13.571,0.88636,0.88645,1.00,1.50
2018.02.20 03:59:14.085,0.88636,0.88647,1.50,1.31
2018.02.20 03:59:14.962,0.88636,0.88646,1.50,1.00
2018.02.20 03:59:33.303,0.88636,0.88647,1.69,1.69
2018.02.20 03:59:33.459,0.88638,0.88647,1.00,1.00
2018.02.20 03:59:33.564,0.88638,0.88649,1.12,1.12
2018.02.20 03:59:33.668,0.88638,0.88647,1.12,1.00
2018.02.20 03:59:33.721,0.88638,0.88649,1.12,1.12
2018.02.20 03:59:34.321,0.88638,0.88649,1.12,1.57
2018.02.20 03:59:35.354,0.88637,0.88647,1.00,1.10
2018.02.20 03:59:35.966,0.88636,0.88646,2.25,1.20
2018.02.20 03:59:38.716,0.88636,0.88645,1.87,1.00
2018.02.20 03:59:39.876,0.88636,0.88647,1.87,1.45
2018.02.20 03:59:40.031,0.88637,0.88648,1.00,1.00
2018.02.20 03:59:40.586,0.88638,0.88647,1.00,1.00
2018.02.20 03:59:51.866,0.88636,0.88648,2.14,3.00
2018.02.20 03:59:52.406,0.88636,0.88648,4.01,1.00
2018.02.20 03:59:54.426,0.88638,0.88648,1.00,1.00
2018.02.20 03:59:57.538,0.88636,0.88648,4.12,1.25
2018.02.20 03:59:58.128,0.88636,0.88648,2.89,1.25
2018.02.20 03:59:58.745,0.88636,0.88648,2.81,1.00
