2012.08.21 15:00:00.520,0.79067,0.79075,1.50,1.50
2012.08.21 15:00:00.983,0.79065,0.79073,3.00,1.50
2012.08.21 15:00:01.331,0.79067,0.79073,1.50,1.50
2012.08.21 15:00:01.875,0.79067,0.79077,1.50,1.50
2012.08.21 15:00:02.172,0.79066,0.79077,2.25,1.73
2012.08.21 15:00:02.691,0.79065,0.79073,1.50,1.50
2012.08.21 15:00:03.450,0.79063,0.7907,4.50,1.50
2012.08.21 15:00:03.571,0.79063,0.79072,3.98,3.00
2012.08.21 15:00:04.130,0.79065,0.79073,1.13,1.50
2012.08.21 15:00:04.663,0.79064,0.79073,2.25,1.50
2012.08.21 15:00:04.855,0.79063,0.79073,3.75,1.50
2012.08.21 15:00:05.326,0.79064,0.79072,3.23,1.50
2012.08.21 15:00:05.679,0.79068,0.79072,1.50,1.50
2012.08.21 15:00:05.856,0.79065,0.79074,8.25,1.50
2012.08.21 15:00:06.399,0.79067,0.79076,2.25,1.50
2012.08.21 15:00:06.691,0.79064,0.79073,2.25,1.50
2012.08.21 15:00:07.328,0.79063,0.79074,3.75,3.00
2012.08.21 15:00:07.850,0.79063,0.79072,2.25,1.50
2012.08.21 15:00:07.973,0.79061,0.79071,3.00,1.50
2012.08.21 15:00:08.093,0.79061,0.79071,2.25,3.00
2012.08.21 15:00:08.610,0.79061,0.79072,1.50,1.73
2012.08.21 15:00:08.671,0.7906,0.79072,2.63,1.73
2012.08.21 15:00:09.176,0.7906,0.79072,2.25,1.73
2012.08.21 15:00:09.869,0.7906,0.79072,2.25,2.48
2012.08.21 15:00:10.216,0.7906,0.79072,2.63,3.98
2012.08.21 15:00:10.564,0.79059,0.7907,2.63,1.50
2012.08.21 15:00:11.087,0.79062,0.7907,1.13,1.50
2012.08.21 15:00:11.456,0.79062,0.7907,1.13,1.50
2012.08.21 15:00:11.691,0.7906,0.7907,3.00,1.50
2012.08.21 15:00:12.041,0.79059,0.79069,1.88,1.50
2012.08.21 15:00:12.275,0.79059,0.79067,1.13,1.50
2012.08.21 15:00:12.451,0.79059,0.79069,1.35,3.00
2012.08.21 15:00:12.628,0.79059,0.79069,2.48,1.50
2012.08.21 15:00:12.977,0.79057,0.79065,1.50,1.50
2012.08.21 15:00:14.171,0.79055,0.79065,2.25,1.50
2012.08.21 15:00:14.290,0.79055,0.79065,2.25,1.50
2012.08.21 15:00:14.410,0.79056,0.79067,3.38,3.23
2012.08.21 15:00:14.938,0.79056,0.79066,2.25,1.50
2012.08.21 15:00:15.401,0.79055,0.79064,1.50,1.50
2012.08.21 15:00:15.806,0.79055,0.79062,1.50,1.50
2012.08.21 15:00:15.930,0.79053,0.79067,3.00,2.10
2012.08.21 15:00:16.223,0.79057,0.79069,2.25,1.54
2012.08.21 15:00:16.286,0.79057,0.79069,2.25,1.54
2012.08.21 15:00:16.461,0.79057,0.79069,1.50,1.86
2012.08.21 15:00:16.581,0.79059,0.79069,1.50,1.11
2012.08.21 15:00:16.701,0.79057,0.79069,1.50,1.11
2012.08.21 15:00:17.127,0.79056,0.79065,2.25,1.50
2012.08.21 15:00:17.190,0.79056,0.79067,2.25,3.23
2012.08.21 15:00:17.537,0.79056,0.79065,2.25,1.50
2012.08.21 15:00:18.073,0.79057,0.79066,2.25,1.50
2012.08.21 15:00:18.651,0.79055,0.79066,2.25,1.63
2012.08.21 15:00:18.714,0.79054,0.79063,3.00,1.50
2012.08.21 15:00:19.118,0.79055,0.79063,1.50,1.50
2012.08.21 15:00:19.282,0.79056,0.79066,1.13,3.00
2012.08.21 15:00:19.463,0.79059,0.79067,1.13,1.50
2012.08.21 15:00:19.833,0.79061,0.79069,1.13,1.50
2012.08.21 15:00:20.016,0.79059,0.79067,2.25,1.50
2012.08.21 15:00:20.537,0.79059,0.79068,1.50,1.50
2012.08.21 15:00:21.974,0.79059,0.79067,2.25,1.50
2012.08.21 15:00:22.556,0.79059,0.79067,1.50,1.50
2012.08.21 15:00:23.447,0.79058,0.79068,2.25,1.50
2012.08.21 15:00:23.976,0.79058,0.79067,2.25,1.50
2012.08.21 15:00:24.272,0.79058,0.79067,1.50,1.50
2012.08.21 15:00:24.882,0.79057,0.79065,1.50,1.50
2012.08.21 15:00:25.422,0.79058,0.79066,1.50,1.50
2012.08.21 15:00:25.941,0.79058,0.79066,1.50,1.50
2012.08.21 15:00:26.719,0.79058,0.79067,1.50,1.50
2012.08.21 15:00:27.237,0.79059,0.79067,1.73,1.50
2012.08.21 15:00:27.752,0.79059,0.79067,1.50,1.50
2012.08.21 15:00:28.328,0.79057,0.79067,2.48,1.50
2012.08.21 15:00:28.779,0.79057,0.79065,1.50,1.50
2012.08.21 15:00:29.298,0.79055,0.79066,2.85,1.50
2012.08.21 15:00:29.707,0.79055,0.79064,4.35,1.50
2012.08.21 15:00:31.197,0.79056,0.79064,1.50,1.50
2012.08.21 15:00:31.549,0.79053,0.79064,1.50,1.50
2012.08.21 15:00:31.894,0.79051,0.7906,2.48,1.50
2012.08.21 15:00:32.417,0.79052,0.79061,2.25,1.50
2012.08.21 15:00:33.277,0.79049,0.79059,3.98,1.50
2012.08.21 15:00:33.397,0.79048,0.79059,3.75,1.50
2012.08.21 15:00:33.518,0.79048,0.79059,2.25,1.50
2012.08.21 15:00:33.645,0.79047,0.79056,3.23,1.50
2012.08.21 15:00:33.997,0.79046,0.79053,2.25,1.50
2012.08.21 15:00:34.632,0.79044,0.79053,2.69,1.50
2012.08.21 15:00:35.198,0.79043,0.79053,1.50,1.50
2012.08.21 15:00:35.263,0.79043,0.79055,1.50,1.50
2012.08.21 15:00:35.779,0.7904,0.79055,2.69,4.11
2012.08.21 15:00:36.310,0.79043,0.79053,1.50,1.50
2012.08.21 15:00:36.678,0.7904,0.79053,2.25,1.50
2012.08.21 15:00:36.743,0.7904,0.79052,1.50,1.73
2012.08.21 15:00:37.095,0.79042,0.79053,1.50,1.50
2012.08.21 15:00:37.959,0.7904,0.79055,3.23,4.35
2012.08.21 15:00:39.483,0.79044,0.79055,1.73,2.25
2012.08.21 15:00:39.832,0.79045,0.79055,3.23,1.50
2012.08.21 15:00:40.011,0.79045,0.79057,3.00,1.73
2012.08.21 15:00:40.304,0.79043,0.79057,1.50,5.48
2012.08.21 15:00:41.198,0.79043,0.79057,2.25,4.73
2012.08.21 15:00:41.376,0.79043,0.79058,3.75,1.73
2012.08.21 15:00:41.900,0.79045,0.79058,1.50,3.23
2012.08.21 15:00:41.964,0.79045,0.79058,2.63,1.73
2012.08.21 15:00:42.486,0.79045,0.79059,3.00,2.10
2012.08.21 15:00:43.012,0.79045,0.79059,2.25,2.10
2012.08.21 15:00:44.197,0.79047,0.79061,3.98,3.00
2012.08.21 15:00:44.715,0.79047,0.79061,4.50,1.86
2012.08.21 15:00:45.176,0.79047,0.7906,3.00,2.25
2012.08.21 15:00:45.695,0.79047,0.79058,2.25,1.63
2012.08.21 15:00:46.502,0.79046,0.79058,1.88,1.50
2012.08.21 15:00:47.203,0.79046,0.79059,2.10,2.38
2012.08.21 15:00:47.551,0.79046,0.79059,2.10,2.38
2012.08.21 15:00:48.366,0.79046,0.79058,1.50,1.63
2012.08.21 15:00:48.601,0.79046,0.79058,1.50,1.63
2012.08.21 15:00:48.721,0.79045,0.79058,2.63,1.50
2012.08.21 15:00:49.068,0.79044,0.79057,1.50,2.61
2012.08.21 15:00:49.417,0.79043,0.79055,3.70,4.86
2012.08.21 15:00:51.074,0.79042,0.79053,2.25,4.50
2012.08.21 15:00:51.653,0.79043,0.79055,1.50,2.25
2012.08.21 15:00:53.247,0.79043,0.79056,1.50,2.61
2012.08.21 15:00:53.549,0.79044,0.79057,1.88,4.50
2012.08.21 15:00:53.955,0.79045,0.79057,4.50,4.63
2012.08.21 15:00:54.075,0.79045,0.79057,2.25,4.86
2012.08.21 15:00:54.607,0.79044,0.79055,2.25,1.11
2012.08.21 15:00:55.127,0.79044,0.79053,1.50,1.11
2012.08.21 15:00:55.247,0.79042,0.79053,2.63,1.11
2012.08.21 15:00:55.593,0.79042,0.79052,2.25,1.11
2012.08.21 15:00:56.567,0.79039,0.7905,2.25,1.11
2012.08.21 15:00:57.090,0.79038,0.79049,1.50,1.11
2012.08.21 15:00:57.677,0.79038,0.79051,1.50,1.11
2012.08.21 15:00:58.488,0.7904,0.79051,1.50,1.11
2012.08.21 15:00:59.007,0.79039,0.79052,1.05,1.11
2012.08.21 15:00:59.421,0.79042,0.79051,1.50,1.63
2012.08.21 15:00:59.938,0.79041,0.79052,1.50,2.61
2012.08.21 15:01:00.471,0.79043,0.79052,1.50,2.25
2012.08.21 15:01:01.010,0.79042,0.79051,1.50,2.25
2012.08.21 15:01:01.732,0.79041,0.79052,2.25,2.48
2012.08.21 15:01:02.134,0.79041,0.7905,1.50,1.11
2012.08.21 15:01:02.655,0.79041,0.79049,1.50,1.11
2012.08.21 15:01:03.058,0.79038,0.79048,3.00,1.11
2012.08.21 15:01:03.571,0.79038,0.79049,3.00,2.48
2012.08.21 15:01:04.234,0.79038,0.79047,3.00,1.50
2012.08.21 15:01:06.368,0.79038,0.79047,3.00,2.01
2012.08.21 15:01:06.660,0.79034,0.79044,2.25,3.23
2012.08.21 15:01:07.176,0.79033,0.79044,2.25,2.63
2012.08.21 15:01:07.732,0.79034,0.79043,1.50,2.25
2012.08.21 15:01:08.367,0.79034,0.79043,1.50,2.25
2012.08.21 15:01:08.486,0.79034,0.79043,1.50,2.25
2012.08.21 15:01:10.212,0.79033,0.7904,1.50,1.50
2012.08.21 15:01:11.476,0.79033,0.79042,2.25,2.25
2012.08.21 15:01:11.982,0.79033,0.7904,1.50,1.50
2012.08.21 15:01:12.836,0.79031,0.7904,3.98,1.50
2012.08.21 15:01:13.711,0.7903,0.79039,1.50,1.50
2012.08.21 15:01:13.988,0.7903,0.79039,3.15,1.50
2012.08.21 15:01:14.171,0.7903,0.79039,1.50,1.50
2012.08.21 15:01:14.392,0.79028,0.79038,2.25,2.25
2012.08.21 15:01:14.657,0.79027,0.79036,2.25,1.50
2012.08.21 15:01:15.138,0.79024,0.79033,2.43,2.25
2012.08.21 15:01:15.675,0.79024,0.79034,3.23,1.50
2012.08.21 15:01:15.852,0.79024,0.79035,3.23,3.00
2012.08.21 15:01:16.366,0.79026,0.79035,3.23,1.50
2012.08.21 15:01:16.599,0.79027,0.79035,2.48,1.50
2012.08.21 15:01:16.721,0.79027,0.79035,2.25,1.50
2012.08.21 15:01:16.958,0.79025,0.79035,1.73,3.75
2012.08.21 15:01:17.417,0.79022,0.79032,2.42,2.63
2012.08.21 15:01:17.769,0.79024,0.79034,2.48,1.50
2012.08.21 15:01:17.833,0.79025,0.79034,1.73,1.50
2012.08.21 15:01:18.012,0.79027,0.79038,1.73,4.50
2012.08.21 15:01:18.248,0.79029,0.7904,1.73,3.00
2012.08.21 15:01:19.286,0.79029,0.79038,2.48,1.50
2012.08.21 15:01:19.349,0.79029,0.79038,2.48,1.50
2012.08.21 15:01:19.766,0.79028,0.79036,1.73,1.50
2012.08.21 15:01:20.115,0.79029,0.79038,2.48,1.50
2012.08.21 15:01:20.178,0.79029,0.79038,2.48,2.25
2012.08.21 15:01:20.639,0.79027,0.79036,6.98,1.50
2012.08.21 15:01:20.991,0.79024,0.79032,1.73,2.25
2012.08.21 15:01:21.140,0.79021,0.79028,2.48,1.50
2012.08.21 15:01:21.207,0.79019,0.79028,1.73,1.50
2012.08.21 15:01:21.557,0.79019,0.79028,1.73,2.25
2012.08.21 15:01:22.076,0.79017,0.79027,2.33,1.50
2012.08.21 15:01:22.594,0.79017,0.79028,3.23,2.25
2012.08.21 15:01:23.167,0.79017,0.79028,2.48,3.00
2012.08.21 15:01:23.745,0.79018,0.79027,1.73,2.38
2012.08.21 15:01:23.922,0.79018,0.79025,1.50,2.25
2012.08.21 15:01:23.984,0.79013,0.79025,1.05,2.25
2012.08.21 15:01:24.049,0.79013,0.79022,2.25,2.25
2012.08.21 15:01:24.567,0.79011,0.7902,2.48,1.50
2012.08.21 15:01:24.913,0.79011,0.7902,1.73,1.50
2012.08.21 15:01:26.224,0.79009,0.7902,2.48,2.25
2012.08.21 15:01:26.288,0.79009,0.7902,2.48,2.25
2012.08.21 15:01:26.524,0.7901,0.79019,1.50,1.50
2012.08.21 15:01:26.881,0.79008,0.79016,1.73,1.50
2012.08.21 15:01:27.231,0.79006,0.79016,2.60,1.50
2012.08.21 15:01:27.753,0.79005,0.79015,1.73,2.25
2012.08.21 15:01:27.873,0.79004,0.79016,2.48,1.50
2012.08.21 15:01:27.935,0.79004,0.79016,2.48,2.38
2012.08.21 15:01:28.340,0.79005,0.79016,2.48,2.25
2012.08.21 15:01:29.556,0.79005,0.79016,2.48,1.50
2012.08.21 15:01:29.907,0.79005,0.79016,2.48,1.50
2012.08.21 15:01:30.659,0.79005,0.79016,2.48,2.25
2012.08.21 15:01:31.177,0.79005,0.79016,1.73,2.25
2012.08.21 15:01:31.239,0.79005,0.79016,1.73,1.50
2012.08.21 15:01:32.385,0.79005,0.79016,6.23,1.50
2012.08.21 15:01:32.734,0.79007,0.79016,2.48,1.50
2012.08.21 15:01:32.797,0.79007,0.79016,2.48,1.50
2012.08.21 15:01:33.144,0.79009,0.79018,1.50,1.50
2012.08.21 15:01:33.678,0.79007,0.79017,3.23,2.25
2012.08.21 15:01:34.493,0.79006,0.79017,2.48,1.88
2012.08.21 15:01:36.299,0.79007,0.79018,2.48,2.63
2012.08.21 15:01:36.817,0.79009,0.7902,1.50,2.25
2012.08.21 15:01:36.992,0.79009,0.7902,1.50,3.00
2012.08.21 15:01:37.636,0.79008,0.79017,1.73,1.50
2012.08.21 15:01:37.937,0.79009,0.79019,1.73,1.50
2012.08.21 15:01:38.000,0.79009,0.7902,1.73,1.50
2012.08.21 15:01:38.521,0.7901,0.79021,3.23,1.50
2012.08.21 15:01:42.519,0.7901,0.79019,2.48,1.50
2012.08.21 15:01:42.583,0.7901,0.79019,2.48,1.50
2012.08.21 15:01:42.758,0.7901,0.79019,2.48,1.50
2012.08.21 15:01:42.990,0.7901,0.79019,2.25,1.50
2012.08.21 15:01:43.438,0.79011,0.79019,1.50,1.50
2012.08.21 15:01:43.558,0.79012,0.79021,3.75,1.50
2012.08.21 15:01:43.622,0.79012,0.79021,3.98,1.50
2012.08.21 15:01:43.857,0.79012,0.79021,1.50,2.25
2012.08.21 15:01:44.377,0.79011,0.7902,2.48,1.50
2012.08.21 15:01:46.495,0.7901,0.7902,1.50,1.50
2012.08.21 15:01:47.015,0.79011,0.7902,3.23,1.50
2012.08.21 15:01:47.249,0.79013,0.79022,1.50,2.25
2012.08.21 15:01:47.774,0.79012,0.79021,1.73,1.50
2012.08.21 15:01:48.714,0.79012,0.79023,1.73,2.25
2012.08.21 15:01:49.230,0.79011,0.79022,3.23,2.25
2012.08.21 15:01:50.126,0.79011,0.79022,3.23,1.50
2012.08.21 15:01:50.813,0.79012,0.79022,1.73,1.63
2012.08.21 15:01:51.368,0.7901,0.79021,3.00,1.50
2012.08.21 15:01:52.315,0.7901,0.79019,2.25,1.50
2012.08.21 15:01:55.677,0.7901,0.79021,2.25,1.50
2012.08.21 15:01:55.908,0.79013,0.79022,1.50,1.50
2012.08.21 15:01:56.430,0.79012,0.79021,1.50,1.50
2012.08.21 15:01:57.112,0.79012,0.79021,1.50,2.25
2012.08.21 15:01:57.392,0.79009,0.7902,2.25,2.63
2012.08.21 15:01:57.872,0.79008,0.79018,2.25,1.50
2012.08.21 15:01:58.390,0.79007,0.79018,2.25,2.25
2012.08.21 15:01:59.302,0.79006,0.79017,4.73,1.50
2012.08.21 15:01:59.840,0.79006,0.79017,3.00,1.50
2012.08.21 15:02:00.730,0.79007,0.79018,1.50,3.75
2012.08.21 15:02:01.112,0.79007,0.79016,1.50,1.50
2012.08.21 15:02:02.681,0.79007,0.79018,1.50,2.38
2012.08.21 15:02:03.196,0.79007,0.79018,1.73,2.25
2012.08.21 15:02:03.526,0.79011,0.7902,1.50,3.00
2012.08.21 15:02:07.182,0.79009,0.7902,2.48,2.25
2012.08.21 15:02:09.975,0.79009,0.7902,1.73,2.25
2012.08.21 15:02:10.519,0.79011,0.79021,1.50,1.50
2012.08.21 15:02:11.062,0.7901,0.79021,1.73,3.00
2012.08.21 15:02:11.402,0.79008,0.79017,1.73,1.50
2012.08.21 15:02:13.733,0.79008,0.79017,2.48,1.50
2012.08.21 15:02:14.253,0.79009,0.79017,1.73,1.50
2012.08.21 15:02:15.377,0.7901,0.79019,1.73,1.50
2012.08.21 15:02:18.333,0.79011,0.7902,2.25,1.50
2012.08.21 15:02:18.455,0.79012,0.79023,3.23,1.50
2012.08.21 15:02:19.204,0.79012,0.7902,2.48,1.50
2012.08.21 15:02:19.666,0.79012,0.79023,3.23,1.50
2012.08.21 15:02:20.715,0.79014,0.79025,1.73,2.38
2012.08.21 15:02:20.836,0.79012,0.79025,1.73,1.63
2012.08.21 15:02:20.900,0.79012,0.79025,2.48,2.38
2012.08.21 15:02:21.423,0.79012,0.79026,2.48,3.51
2012.08.21 15:02:21.963,0.79012,0.79025,1.73,1.63
2012.08.21 15:02:22.767,0.79013,0.79026,1.73,1.26
2012.08.21 15:02:22.890,0.79013,0.79025,1.50,1.11
2012.08.21 15:02:22.953,0.79012,0.79024,1.73,1.63
2012.08.21 15:02:23.241,0.7901,0.79024,6.98,2.38
2012.08.21 15:02:23.787,0.7901,0.79024,2.48,2.38
2012.08.21 15:02:24.476,0.79012,0.79026,1.50,2.98
2012.08.21 15:02:24.825,0.7901,0.79025,2.48,1.11
2012.08.21 15:02:25.682,0.7901,0.79024,1.73,1.86
2012.08.21 15:02:27.397,0.7901,0.79022,1.73,1.50
2012.08.21 15:02:27.461,0.7901,0.79022,1.73,1.50
2012.08.21 15:02:29.588,0.7901,0.79023,1.73,1.63
2012.08.21 15:02:33.546,0.7901,0.79022,1.50,1.26
2012.08.21 15:02:33.608,0.79009,0.79022,1.50,1.26
2012.08.21 15:02:36.488,0.79008,0.79022,1.73,1.63
2012.08.21 15:02:37.799,0.79008,0.79022,1.73,1.63
2012.08.21 15:02:38.382,0.79008,0.79022,1.73,1.63
2012.08.21 15:02:38.886,0.79009,0.79023,1.50,1.95
2012.08.21 15:02:39.405,0.7901,0.79022,1.50,1.20
2012.08.21 15:02:41.447,0.79007,0.79021,3.23,1.26
2012.08.21 15:02:41.808,0.79007,0.79022,1.73,2.55
2012.08.21 15:02:42.334,0.79005,0.79018,2.10,1.63
2012.08.21 15:02:44.948,0.79004,0.79018,2.10,1.63
2012.08.21 15:02:45.404,0.79003,0.79018,3.92,2.38
2012.08.21 15:02:46.261,0.79002,0.79017,2.65,2.98
2012.08.21 15:02:46.382,0.79001,0.79016,1.73,2.23
2012.08.21 15:02:46.987,0.79002,0.79015,1.50,1.73
2012.08.21 15:02:47.504,0.79002,0.79016,1.50,3.38
2012.08.21 15:02:48.050,0.79003,0.79016,1.50,2.76
2012.08.21 15:02:48.601,0.79003,0.79016,2.25,1.50
2012.08.21 15:02:49.062,0.79007,0.79018,1.73,1.63
2012.08.21 15:02:49.243,0.79004,0.79018,2.25,1.63
2012.08.21 15:02:49.306,0.79004,0.79018,2.25,2.38
2012.08.21 15:02:49.653,0.79004,0.79018,2.48,1.63
2012.08.21 15:02:50.002,0.79004,0.79018,2.48,2.38
2012.08.21 15:02:50.121,0.79004,0.79018,2.48,1.63
2012.08.21 15:02:51.317,0.79007,0.79018,1.50,2.25
2012.08.21 15:02:52.288,0.79007,0.7902,1.50,2.38
2012.08.21 15:02:54.856,0.79006,0.79019,1.50,1.11
2012.08.21 15:02:55.369,0.79005,0.79018,1.50,1.11
2012.08.21 15:02:56.946,0.79005,0.79018,1.50,1.11
2012.08.21 15:02:59.553,0.79004,0.79016,1.50,1.88
2012.08.21 15:03:01.884,0.79004,0.79016,1.50,3.13
2012.08.21 15:03:02.426,0.79003,0.79015,1.50,2.10
2012.08.21 15:03:02.489,0.79003,0.79015,2.25,1.35
2012.08.21 15:03:05.252,0.79001,0.79015,5.10,2.38
2012.08.21 15:03:05.373,0.79001,0.79014,1.13,1.73
2012.08.21 15:03:06.406,0.78999,0.79013,1.39,1.50
2012.08.21 15:03:06.925,0.78998,0.79013,1.70,1.63
2012.08.21 15:03:07.922,0.78998,0.79013,4.64,1.63
2012.08.21 15:03:08.607,0.78998,0.79015,2.42,4.32
2012.08.21 15:03:08.933,0.78998,0.79012,2.42,1.47
2012.08.21 15:03:09.735,0.78998,0.79012,1.73,2.05
2012.08.21 15:03:09.968,0.78998,0.79011,1.35,2.01
2012.08.21 15:03:10.031,0.78997,0.79011,2.85,2.01
2012.08.21 15:03:10.493,0.78993,0.79009,2.48,2.76
2012.08.21 15:03:10.786,0.78995,0.79008,2.85,1.50
2012.08.21 15:03:11.585,0.78994,0.79008,2.10,1.50
2012.08.21 15:03:12.158,0.78995,0.79008,1.35,1.50
2012.08.21 15:03:13.033,0.78995,0.79008,1.73,1.50
2012.08.21 15:03:14.214,0.78995,0.79008,1.73,1.50
2012.08.21 15:03:15.893,0.78996,0.79009,1.35,1.63
2012.08.21 15:03:16.071,0.78999,0.79011,1.73,2.25
2012.08.21 15:03:16.419,0.79003,0.79011,1.35,1.50
2012.08.21 15:03:16.829,0.79003,0.79013,1.35,2.25
2012.08.21 15:03:16.947,0.79003,0.79011,1.35,1.50
2012.08.21 15:03:17.298,0.79,0.79009,1.50,1.50
2012.08.21 15:03:18.332,0.78998,0.79008,2.25,2.25
2012.08.21 15:03:18.395,0.78997,0.79008,1.50,2.38
2012.08.21 15:03:18.517,0.78997,0.79008,1.50,2.76
2012.08.21 15:03:18.805,0.78997,0.79008,1.50,2.76
2012.08.21 15:03:18.982,0.78999,0.79008,1.50,1.63
2012.08.21 15:03:19.105,0.78997,0.79008,1.73,1.63
2012.08.21 15:03:19.281,0.78997,0.79008,2.25,2.38
2012.08.21 15:03:19.800,0.78998,0.79007,1.73,2.38
2012.08.21 15:03:20.315,0.78998,0.79008,1.73,1.63
2012.08.21 15:03:20.927,0.78998,0.79007,1.50,1.63
2012.08.21 15:03:21.788,0.78998,0.79008,1.50,1.63
2012.08.21 15:03:23.984,0.78998,0.79006,1.50,1.26
2012.08.21 15:03:24.529,0.78996,0.79005,1.50,3.13
2012.08.21 15:03:24.821,0.78993,0.79003,1.50,1.63
2012.08.21 15:03:24.999,0.78993,0.79001,1.50,1.50
2012.08.21 15:03:25.416,0.7899,0.79,2.25,1.50
2012.08.21 15:03:25.935,0.7899,0.78998,1.50,1.50
2012.08.21 15:03:26.938,0.7899,0.78998,1.50,1.50
2012.08.21 15:03:27.623,0.7899,0.78998,1.50,1.63
2012.08.21 15:03:27.801,0.78987,0.78996,1.50,1.63
2012.08.21 15:03:27.863,0.78987,0.78996,1.50,1.63
2012.08.21 15:03:28.098,0.78987,0.78995,1.50,1.13
2012.08.21 15:03:28.276,0.78984,0.78994,2.48,1.88
2012.08.21 15:03:28.455,0.78987,0.78995,1.50,1.86
2012.08.21 15:03:28.517,0.78987,0.78996,1.50,2.61
2012.08.21 15:03:29.045,0.78987,0.78996,1.50,2.38
2012.08.21 15:03:29.165,0.78987,0.78996,1.50,3.13
2012.08.21 15:03:29.420,0.78985,0.78994,1.50,1.63
2012.08.21 15:03:29.943,0.78985,0.78993,1.50,1.63
2012.08.21 15:03:30.005,0.7898,0.78991,2.48,1.63
2012.08.21 15:03:30.286,0.7898,0.78987,2.25,1.50
2012.08.21 15:03:30.789,0.78975,0.78984,1.50,1.50
2012.08.21 15:03:31.338,0.78974,0.78985,1.50,3.13
2012.08.21 15:03:31.907,0.78974,0.78985,1.50,3.13
2012.08.21 15:03:32.341,0.78974,0.78985,1.50,4.50
2012.08.21 15:03:32.647,0.78967,0.78974,1.05,1.50
2012.08.21 15:03:32.957,0.78964,0.78973,2.48,1.50
2012.08.21 15:03:33.024,0.78961,0.78969,1.88,1.50
2012.08.21 15:03:33.145,0.78963,0.78972,1.50,2.38
2012.08.21 15:03:33.210,0.78963,0.78972,2.25,2.38
2012.08.21 15:03:33.445,0.7896,0.78971,3.00,2.91
2012.08.21 15:03:33.623,0.7896,0.78969,2.25,4.26
2012.08.21 15:03:33.938,0.7896,0.78968,1.50,4.26
2012.08.21 15:03:34.061,0.78954,0.78965,3.00,3.88
2012.08.21 15:03:34.317,0.78949,0.7896,2.25,1.50
2012.08.21 15:03:34.952,0.78949,0.7896,2.40,1.63
2012.08.21 15:03:35.300,0.78953,0.78961,1.50,1.26
2012.08.21 15:03:35.606,0.78953,0.78961,1.50,2.76
2012.08.21 15:03:35.897,0.7895,0.78959,1.50,3.13
2012.08.21 15:03:36.214,0.78945,0.78958,2.25,2.38
2012.08.21 15:03:36.739,0.78951,0.78959,1.50,1.50
2012.08.21 15:03:36.859,0.78951,0.7896,1.50,3.75
2012.08.21 15:03:36.979,0.78953,0.7896,1.50,2.25
2012.08.21 15:03:37.111,0.78951,0.7896,1.50,2.38
2012.08.21 15:03:37.459,0.78953,0.78959,1.50,1.50
2012.08.21 15:03:37.981,0.78952,0.78961,1.50,2.63
2012.08.21 15:03:40.234,0.78952,0.78963,1.50,2.23
2012.08.21 15:03:40.694,0.78951,0.78962,1.50,1.86
2012.08.21 15:03:41.215,0.7895,0.78957,1.50,1.11
2012.08.21 15:03:41.555,0.7895,0.78957,1.50,1.11
2012.08.21 15:03:41.970,0.7895,0.78958,1.50,1.86
2012.08.21 15:03:42.489,0.78952,0.7896,1.50,1.73
2012.08.21 15:03:43.006,0.78952,0.78962,1.50,2.61
2012.08.21 15:03:44.358,0.78951,0.78961,1.50,1.11
2012.08.21 15:03:44.880,0.78952,0.7896,1.50,1.48
2012.08.21 15:03:45.230,0.78952,0.78959,1.50,1.48
2012.08.21 15:03:45.405,0.7895,0.78959,3.00,2.98
2012.08.21 15:03:45.470,0.7895,0.78959,1.50,4.11
2012.08.21 15:03:46.009,0.7895,0.78958,1.50,1.11
2012.08.21 15:03:46.667,0.7895,0.78958,1.50,2.61
2012.08.21 15:03:46.904,0.7895,0.78958,1.50,1.63
2012.08.21 15:03:47.139,0.7895,0.78958,1.50,2.98
2012.08.21 15:03:47.337,0.78947,0.78958,1.50,4.48
2012.08.21 15:03:48.246,0.78947,0.78958,1.50,3.13
2012.08.21 15:03:48.308,0.7895,0.78958,1.50,1.63
2012.08.21 15:03:48.427,0.7895,0.78958,1.50,1.50
2012.08.21 15:03:49.226,0.78952,0.78961,1.50,2.25
2012.08.21 15:03:49.628,0.78952,0.78962,1.50,1.11
2012.08.21 15:03:50.166,0.78952,0.78962,1.50,1.73
2012.08.21 15:03:50.342,0.78954,0.78962,1.50,1.73
2012.08.21 15:03:50.832,0.78955,0.78966,1.50,2.61
2012.08.21 15:03:51.325,0.78954,0.78964,1.50,1.73
2012.08.21 15:03:51.445,0.78952,0.78963,2.25,2.25
2012.08.21 15:03:51.508,0.78953,0.78963,1.50,1.50
2012.08.21 15:03:51.571,0.78955,0.78964,1.50,3.75
2012.08.21 15:03:51.918,0.78957,0.78966,1.50,2.48
2012.08.21 15:03:52.745,0.78956,0.78967,1.50,2.48
2012.08.21 15:03:53.276,0.78957,0.78968,1.50,4.05
2012.08.21 15:03:53.794,0.78958,0.78967,1.50,2.48
2012.08.21 15:03:54.318,0.78958,0.78967,1.50,3.82
2012.08.21 15:03:54.837,0.78957,0.78966,1.50,3.30
2012.08.21 15:03:55.014,0.78953,0.78964,2.25,2.85
2012.08.21 15:03:55.077,0.78953,0.78963,1.50,1.11
2012.08.21 15:03:55.197,0.78955,0.78964,1.50,3.36
2012.08.21 15:03:55.260,0.78955,0.78963,1.50,1.11
2012.08.21 15:03:55.609,0.78954,0.78963,1.50,3.75
2012.08.21 15:03:56.492,0.78955,0.78965,1.50,2.48
2012.08.21 15:03:56.730,0.78958,0.78966,1.50,1.73
2012.08.21 15:03:56.849,0.78956,0.78966,1.50,1.73
2012.08.21 15:03:56.969,0.78956,0.78966,1.50,1.73
2012.08.21 15:03:57.263,0.78956,0.78967,3.23,1.50
2012.08.21 15:03:57.498,0.78959,0.78969,1.50,1.73
2012.08.21 15:03:58.015,0.78959,0.78968,1.50,1.73
2012.08.21 15:03:59.131,0.78959,0.78968,1.50,2.25
2012.08.21 15:03:59.655,0.7896,0.78969,1.50,2.25
2012.08.21 15:04:00.671,0.7896,0.78969,1.50,1.73
2012.08.21 15:04:01.307,0.7896,0.78969,1.50,1.50
2012.08.21 15:04:01.830,0.7896,0.78969,1.50,1.86
2012.08.21 15:04:02.348,0.78959,0.78968,1.50,1.50
2012.08.21 15:04:02.581,0.78961,0.7897,1.50,2.92
2012.08.21 15:04:02.876,0.78962,0.78973,1.50,1.86
2012.08.21 15:04:03.224,0.78963,0.78973,1.50,2.38
2012.08.21 15:04:03.928,0.78964,0.78974,1.50,1.11
2012.08.21 15:04:04.437,0.78963,0.78974,1.50,2.61
2012.08.21 15:04:04.724,0.78965,0.78973,1.50,1.11
2012.08.21 15:04:04.844,0.78963,0.78973,1.50,1.11
2012.08.21 15:04:05.020,0.78962,0.78971,1.50,2.25
2012.08.21 15:04:05.482,0.78963,0.78972,1.50,2.48
2012.08.21 15:04:05.944,0.78963,0.78974,2.25,2.25
2012.08.21 15:04:06.121,0.78965,0.78974,1.50,1.50
2012.08.21 15:04:06.470,0.78969,0.78978,1.73,2.25
2012.08.21 15:04:06.648,0.78971,0.78982,3.00,2.25
2012.08.21 15:04:06.710,0.78971,0.78979,3.00,1.50
2012.08.21 15:04:06.945,0.78972,0.78983,1.50,3.36
2012.08.21 15:04:07.006,0.78972,0.78983,1.50,2.61
2012.08.21 15:04:07.745,0.78972,0.78983,1.50,3.23
2012.08.21 15:04:07.808,0.78971,0.78982,1.50,2.92
2012.08.21 15:04:08.143,0.78969,0.7898,1.50,3.30
2012.08.21 15:04:08.662,0.78969,0.7898,1.50,2.92
2012.08.21 15:04:08.843,0.78971,0.78981,1.50,2.48
2012.08.21 15:04:08.907,0.78971,0.7898,1.50,1.73
2012.08.21 15:04:09.320,0.7897,0.7898,1.50,2.25
2012.08.21 15:04:09.441,0.78971,0.78978,1.50,1.50
2012.08.21 15:04:10.504,0.78972,0.78978,1.50,1.50
2012.08.21 15:04:10.681,0.78972,0.78983,1.50,2.61
2012.08.21 15:04:11.026,0.78974,0.78983,1.50,1.11
2012.08.21 15:04:11.598,0.78972,0.78982,1.50,3.00
2012.08.21 15:04:12.053,0.78971,0.78981,1.50,1.86
2012.08.21 15:04:12.568,0.7897,0.78979,1.50,1.63
2012.08.21 15:04:12.915,0.78972,0.78981,1.50,2.25
2012.08.21 15:04:13.206,0.78972,0.78983,1.50,3.88
2012.08.21 15:04:13.439,0.78972,0.78983,1.50,1.63
2012.08.21 15:04:14.273,0.78972,0.78981,1.50,1.63
2012.08.21 15:04:14.574,0.78965,0.78971,1.50,1.50
2012.08.21 15:04:14.752,0.78967,0.78976,3.00,1.50
2012.08.21 15:04:14.815,0.7897,0.78979,1.50,1.50
2012.08.21 15:04:16.479,0.7897,0.78979,1.50,2.25
2012.08.21 15:04:16.997,0.78972,0.7898,1.50,1.50
2012.08.21 15:04:17.501,0.78972,0.78981,1.50,2.25
2012.08.21 15:04:17.982,0.78972,0.78983,1.50,3.75
2012.08.21 15:04:19.649,0.78972,0.78981,1.50,1.50
2012.08.21 15:04:21.907,0.78972,0.7898,1.50,4.63
2012.08.21 15:04:22.027,0.78969,0.7898,1.50,7.63
2012.08.21 15:04:22.493,0.78967,0.78977,1.50,1.50
2012.08.21 15:04:22.784,0.78971,0.78981,1.50,5.85
2012.08.21 15:04:22.906,0.78972,0.78982,1.50,3.00
2012.08.21 15:04:23.425,0.78971,0.78982,1.50,3.00
2012.08.21 15:04:23.892,0.78971,0.78982,1.50,6.98
2012.08.21 15:04:24.772,0.78971,0.78982,3.00,1.50
2012.08.21 15:04:25.139,0.78976,0.78983,1.50,2.25
2012.08.21 15:04:25.843,0.78976,0.78985,1.50,1.73
2012.08.21 15:04:26.076,0.7898,0.78989,1.50,3.07
2012.08.21 15:04:26.196,0.7898,0.78989,1.50,2.84
2012.08.21 15:04:26.258,0.7898,0.78989,1.50,2.09
2012.08.21 15:04:26.434,0.7898,0.78991,1.50,2.01
2012.08.21 15:04:27.150,0.78981,0.7899,1.50,1.50
2012.08.21 15:04:28.027,0.78981,0.78992,1.50,3.75
2012.08.21 15:04:28.542,0.78983,0.78992,1.50,2.25
2012.08.21 15:04:28.963,0.78981,0.78992,3.00,2.25
2012.08.21 15:04:30.503,0.78982,0.78993,1.50,3.75
2012.08.21 15:04:31.163,0.78984,0.78994,1.50,2.25
2012.08.21 15:04:31.227,0.78984,0.78997,1.50,2.48
2012.08.21 15:04:31.582,0.78984,0.78997,3.23,1.50
2012.08.21 15:04:32.100,0.78983,0.78999,1.35,3.88
2012.08.21 15:04:32.797,0.78982,0.78998,2.17,1.88
2012.08.21 15:04:33.033,0.78981,0.78995,2.25,1.35
2012.08.21 15:04:33.096,0.7898,0.78994,1.50,1.11
2012.08.21 15:04:33.615,0.78977,0.78993,6.90,1.86
2012.08.21 15:04:34.062,0.78977,0.78991,1.50,1.42
2012.08.21 15:04:35.655,0.78976,0.78991,2.25,1.11
2012.08.21 15:04:35.774,0.78976,0.78991,1.73,1.42
2012.08.21 15:04:36.291,0.78976,0.7899,1.50,1.11
2012.08.21 15:04:36.809,0.78977,0.78991,1.13,4.73
2012.08.21 15:04:37.520,0.78977,0.78991,1.13,1.11
2012.08.21 15:04:38.270,0.78977,0.78992,1.88,2.79
2012.08.21 15:04:38.729,0.78979,0.78992,1.50,1.50
2012.08.21 15:04:41.673,0.78979,0.78992,2.25,1.50
2012.08.21 15:04:42.583,0.78979,0.78992,1.73,3.00
2012.08.21 15:04:42.814,0.78979,0.7899,1.73,1.50
2012.08.21 15:04:43.349,0.78979,0.78992,1.73,2.25
2012.08.21 15:04:43.908,0.78978,0.78992,2.10,2.38
2012.08.21 15:04:44.429,0.78978,0.78992,2.10,3.13
2012.08.21 15:04:45.459,0.78978,0.78992,2.85,2.25
2012.08.21 15:04:45.979,0.78977,0.78992,4.73,3.00
2012.08.21 15:04:46.330,0.78977,0.78992,3.00,2.25
2012.08.21 15:04:46.976,0.78977,0.78991,3.00,2.25
2012.08.21 15:04:47.495,0.78976,0.78991,1.73,3.00
2012.08.21 15:04:48.011,0.78976,0.7899,1.73,1.50
2012.08.21 15:04:48.187,0.78976,0.78991,1.73,1.88
2012.08.21 15:04:48.653,0.78976,0.78991,1.73,2.10
2012.08.21 15:04:49.169,0.78976,0.78991,1.50,4.35
2012.08.21 15:04:49.673,0.78975,0.78991,2.48,3.23
2012.08.21 15:04:50.491,0.78974,0.78989,1.73,2.23
2012.08.21 15:04:51.018,0.78974,0.78989,1.73,1.26
2012.08.21 15:04:51.552,0.78974,0.78989,1.73,1.26
2012.08.21 15:04:51.902,0.78973,0.78987,2.48,3.13
2012.08.21 15:04:52.022,0.7897,0.78985,5.48,1.35
2012.08.21 15:04:52.609,0.7897,0.78985,3.98,1.88
2012.08.21 15:04:53.362,0.78971,0.78985,1.73,1.26
2012.08.21 15:04:53.658,0.7897,0.78983,1.50,1.11
2012.08.21 15:04:54.120,0.7897,0.78982,1.50,1.50
2012.08.21 15:04:54.605,0.7897,0.78982,2.25,1.73
2012.08.21 15:04:55.127,0.78969,0.78983,3.00,1.73
2012.08.21 15:04:55.764,0.7897,0.78983,1.50,2.10
2012.08.21 15:04:56.265,0.78969,0.78983,1.50,2.10
2012.08.21 15:04:56.795,0.78968,0.78983,3.00,2.10
2012.08.21 15:04:58.186,0.78969,0.78982,1.50,1.13
2012.08.21 15:04:58.722,0.78972,0.78984,1.50,1.50
2012.08.21 15:04:59.031,0.78972,0.78984,1.73,1.13
2012.08.21 15:05:00.500,0.7897,0.78984,3.98,1.13
2012.08.21 15:05:00.621,0.78971,0.78984,1.50,2.10
2012.08.21 15:05:01.135,0.78968,0.78983,3.60,1.73
2012.08.21 15:05:01.884,0.78968,0.78984,2.48,2.85
2012.08.21 15:05:03.601,0.78969,0.78984,2.48,2.85
2012.08.21 15:05:03.934,0.7897,0.78984,1.73,2.85
2012.08.21 15:05:04.448,0.78972,0.78984,1.73,1.13
2012.08.21 15:05:04.800,0.78973,0.78987,1.73,1.13
2012.08.21 15:05:05.321,0.78974,0.78988,2.48,1.48
2012.08.21 15:05:05.850,0.78974,0.78988,1.73,1.48
2012.08.21 15:05:06.375,0.78973,0.78987,1.73,1.48
2012.08.21 15:05:07.879,0.78973,0.78987,3.23,3.36
2012.08.21 15:05:08.397,0.78973,0.78987,3.98,3.13
2012.08.21 15:05:09.027,0.78973,0.78987,3.23,3.00
2012.08.21 15:05:09.550,0.78973,0.78987,3.23,3.13
2012.08.21 15:05:10.170,0.78973,0.78987,3.23,3.36
2012.08.21 15:05:12.088,0.78974,0.78987,1.50,1.86
2012.08.21 15:05:18.773,0.78973,0.78987,2.70,2.38
2012.08.21 15:05:19.293,0.78973,0.78987,2.48,2.38
2012.08.21 15:05:20.680,0.78974,0.78987,2.48,2.38
2012.08.21 15:05:21.433,0.78974,0.78987,2.48,1.13
2012.08.21 15:05:21.495,0.78973,0.78987,2.48,1.13
2012.08.21 15:05:21.976,0.78972,0.78985,1.20,1.07
2012.08.21 15:05:22.153,0.78971,0.78985,1.20,1.88
2012.08.21 15:05:22.500,0.78969,0.78983,2.48,3.23
2012.08.21 15:05:22.962,0.7897,0.78982,1.73,1.50
2012.08.21 15:05:23.486,0.78971,0.78982,1.50,1.50
2012.08.21 15:05:23.663,0.78971,0.78982,1.50,1.50
2012.08.21 15:05:25.996,0.78968,0.78981,4.20,1.13
2012.08.21 15:05:28.494,0.78969,0.78982,2.95,1.50
2012.08.21 15:05:29.011,0.7897,0.78983,1.73,3.00
2012.08.21 15:05:29.560,0.7897,0.78983,3.70,3.00
2012.08.21 15:05:30.159,0.78971,0.78983,1.73,2.25
2012.08.21 15:05:30.453,0.78972,0.78983,1.43,1.13
2012.08.21 15:05:30.515,0.78973,0.78984,1.73,2.10
2012.08.21 15:05:31.048,0.78973,0.78985,3.23,1.50
2012.08.21 15:05:31.872,0.78973,0.78987,3.98,1.50
2012.08.21 15:05:32.945,0.78975,0.78988,1.20,1.13
2012.08.21 15:05:33.463,0.78975,0.78989,3.23,3.00
2012.08.21 15:05:33.980,0.78973,0.78989,3.98,4.35
2012.08.21 15:05:34.511,0.78972,0.78988,3.45,1.73
2012.08.21 15:05:34.784,0.78974,0.78987,1.73,1.63
2012.08.21 15:05:35.302,0.78972,0.78987,2.70,2.38
2012.08.21 15:05:36.000,0.78972,0.78986,1.95,1.13
2012.08.21 15:05:37.354,0.78971,0.78986,4.28,1.13
2012.08.21 15:05:37.886,0.78971,0.78986,5.03,1.13
2012.08.21 15:05:38.424,0.78972,0.78986,1.95,1.13
2012.08.21 15:05:39.233,0.78972,0.78987,2.48,3.36
2012.08.21 15:05:40.352,0.78971,0.78985,2.85,1.26
2012.08.21 15:05:40.585,0.78971,0.78985,2.85,2.04
2012.08.21 15:05:41.386,0.78971,0.78985,1.73,2.25
2012.08.21 15:05:41.973,0.78971,0.78984,2.25,1.88
2012.08.21 15:05:42.036,0.78971,0.78984,2.25,1.50
2012.08.21 15:05:42.616,0.78971,0.78984,1.73,1.50
2012.08.21 15:05:42.965,0.78975,0.78986,2.92,1.50
2012.08.21 15:05:43.029,0.78977,0.78988,1.50,1.50
2012.08.21 15:05:43.385,0.78974,0.78988,1.50,2.63
2012.08.21 15:05:43.931,0.78973,0.78988,1.73,2.85
2012.08.21 15:05:43.997,0.78974,0.78988,1.50,2.85
2012.08.21 15:05:44.574,0.78976,0.78989,1.50,1.73
2012.08.21 15:05:45.117,0.78977,0.7899,1.50,4.35
2012.08.21 15:05:45.464,0.78978,0.7899,1.50,3.60
2012.08.21 15:05:45.816,0.78979,0.78993,3.23,2.10
2012.08.21 15:05:46.362,0.78979,0.78993,3.98,1.73
2012.08.21 15:05:47.122,0.78979,0.78993,1.50,1.73
2012.08.21 15:05:49.281,0.78979,0.78992,1.50,1.11
2012.08.21 15:05:49.805,0.78979,0.78993,1.50,1.86
2012.08.21 15:05:50.362,0.78978,0.78992,2.85,1.11
2012.08.21 15:05:50.879,0.78978,0.78993,4.30,1.86
2012.08.21 15:05:51.398,0.78979,0.78995,3.98,5.98
2012.08.21 15:05:52.150,0.78979,0.78994,2.48,1.11
2012.08.21 15:05:52.498,0.78982,0.78996,1.35,1.03
2012.08.21 15:05:52.844,0.78979,0.78994,3.23,1.73
2012.08.21 15:05:53.416,0.7898,0.78994,1.50,1.73
2012.08.21 15:05:53.938,0.7898,0.78994,3.00,1.73
2012.08.21 15:05:54.400,0.78982,0.78995,1.50,1.26
2012.08.21 15:05:54.751,0.78981,0.78995,1.73,1.11
2012.08.21 15:05:56.772,0.78981,0.78994,6.23,1.13
2012.08.21 15:05:56.894,0.78983,0.78999,4.73,2.48
2012.08.21 15:05:57.014,0.78983,0.78998,4.35,1.11
2012.08.21 15:05:57.077,0.78983,0.78998,1.88,1.11
2012.08.21 15:05:57.140,0.78983,0.78998,2.10,1.11
2012.08.21 15:05:57.202,0.78983,0.78998,2.10,1.86
2012.08.21 15:05:57.554,0.78983,0.78995,1.13,1.35
2012.08.21 15:05:57.616,0.7898,0.78995,3.00,1.35
2012.08.21 15:05:58.164,0.78981,0.78995,1.50,1.28
2012.08.21 15:05:58.968,0.78981,0.78994,1.13,1.65
2012.08.21 15:05:59.520,0.78981,0.78994,2.63,1.86
2012.08.21 15:06:00.060,0.78981,0.78994,2.63,1.86
2012.08.21 15:06:00.706,0.78981,0.78994,2.63,1.73
2012.08.21 15:06:00.827,0.78983,0.78996,2.25,4.56
2012.08.21 15:06:01.398,0.78983,0.78996,2.25,4.35
2012.08.21 15:06:01.917,0.78983,0.78996,3.00,3.60
2012.08.21 15:06:03.469,0.78983,0.78995,3.00,1.13
2012.08.21 15:06:04.008,0.78983,0.78994,2.25,1.13
2012.08.21 15:06:05.212,0.78984,0.78996,3.00,2.10
2012.08.21 15:06:05.331,0.78984,0.78996,3.00,2.10
2012.08.21 15:06:07.248,0.78984,0.78996,3.00,1.73
2012.08.21 15:06:07.667,0.78986,0.78995,3.00,1.50
2012.08.21 15:06:08.016,0.78988,0.78999,2.25,3.00
2012.08.21 15:06:08.535,0.78989,0.78998,1.50,2.25
2012.08.21 15:06:08.654,0.78989,0.78998,1.50,1.50
2012.08.21 15:06:10.685,0.7899,0.78999,1.50,1.50
2012.08.21 15:06:12.694,0.78988,0.78999,1.50,1.50
2012.08.21 15:06:12.869,0.78988,0.78999,1.50,3.13
2012.08.21 15:06:13.387,0.78987,0.78996,1.50,1.63
2012.08.21 15:06:15.863,0.78986,0.78995,1.50,1.50
2012.08.21 15:06:16.379,0.78986,0.78997,1.50,1.88
2012.08.21 15:06:17.036,0.78986,0.78997,1.50,1.88
2012.08.21 15:06:21.970,0.78989,0.78998,1.50,1.63
2012.08.21 15:06:22.089,0.78989,0.79,1.50,2.61
2012.08.21 15:06:24.807,0.78992,0.79001,1.50,2.38
2012.08.21 15:06:25.677,0.78991,0.79,1.50,1.50
2012.08.21 15:06:28.792,0.78991,0.79001,1.50,1.50
2012.08.21 15:06:29.656,0.78991,0.79002,2.25,3.23
2012.08.21 15:06:30.116,0.78994,0.79004,1.50,1.50
2012.08.21 15:06:30.653,0.78994,0.79005,1.50,3.36
2012.08.21 15:06:32.396,0.78994,0.79005,1.50,2.98
2012.08.21 15:06:37.763,0.78991,0.78999,1.50,1.50
2012.08.21 15:06:40.307,0.78991,0.79,2.25,1.50
2012.08.21 15:06:41.222,0.7899,0.78999,1.50,2.25
2012.08.21 15:06:41.700,0.78986,0.78995,3.75,1.50
2012.08.21 15:06:41.763,0.78986,0.78995,3.00,1.50
2012.08.21 15:06:42.292,0.78985,0.78994,2.25,1.50
2012.08.21 15:06:43.552,0.78985,0.78994,2.25,1.50
2012.08.21 15:06:44.355,0.78986,0.78995,1.50,1.50
2012.08.21 15:06:45.571,0.78987,0.78998,2.25,2.48
2012.08.21 15:06:45.880,0.78989,0.78998,1.50,2.48
2012.08.21 15:06:46.230,0.78991,0.79,1.50,1.50
2012.08.21 15:06:46.737,0.78991,0.79,1.73,1.50
2012.08.21 15:06:48.756,0.78991,0.79,1.50,1.50
2012.08.21 15:06:49.270,0.7899,0.78999,2.25,1.50
2012.08.21 15:06:49.389,0.7899,0.79001,2.25,1.63
2012.08.21 15:06:51.023,0.7899,0.78999,1.50,1.50
2012.08.21 15:06:51.538,0.78991,0.79,1.73,1.50
2012.08.21 15:06:53.835,0.78991,0.79,1.73,1.50
2012.08.21 15:06:53.898,0.78992,0.79003,1.73,2.25
2012.08.21 15:06:58.330,0.78992,0.79003,1.73,2.25
2012.08.21 15:06:58.506,0.7899,0.79001,2.25,2.25
2012.08.21 15:06:59.316,0.7899,0.79001,3.00,1.50
2012.08.21 15:06:59.664,0.78995,0.79004,1.50,1.88
2012.08.21 15:07:01.068,0.78995,0.79004,1.50,6.00
2012.08.21 15:07:01.586,0.78994,0.79003,1.50,2.48
2012.08.21 15:07:01.648,0.78994,0.79003,1.50,1.73
2012.08.21 15:07:01.826,0.78994,0.79005,1.50,1.50
2012.08.21 15:07:02.341,0.78994,0.79005,1.50,1.63
2012.08.21 15:07:02.864,0.78994,0.79005,1.50,1.50
2012.08.21 15:07:03.214,0.78994,0.79003,1.50,1.07
2012.08.21 15:07:03.561,0.78994,0.79005,1.50,1.73
2012.08.21 15:07:04.073,0.78994,0.79003,1.50,1.50
2012.08.21 15:07:05.582,0.78994,0.79005,1.50,2.25
2012.08.21 15:07:06.999,0.78994,0.79003,1.50,1.50
2012.08.21 15:07:09.465,0.78994,0.79005,1.88,1.63
2012.08.21 15:07:09.585,0.78994,0.79005,2.63,1.50
2012.08.21 15:07:09.760,0.78994,0.79005,1.50,2.25
2012.08.21 15:07:10.443,0.78993,0.79004,1.50,3.00
2012.08.21 15:07:10.975,0.78993,0.79004,1.50,1.50
2012.08.21 15:07:11.520,0.78993,0.79004,1.50,2.25
2012.08.21 15:07:16.187,0.78993,0.79004,2.25,3.00
2012.08.21 15:07:17.458,0.78993,0.79004,3.60,2.25
2012.08.21 15:07:18.536,0.78993,0.79004,3.60,2.38
2012.08.21 15:07:19.417,0.78993,0.79004,2.10,2.38
2012.08.21 15:07:19.929,0.78993,0.79004,1.50,2.25
2012.08.21 15:07:27.947,0.78993,0.79002,2.25,1.73
2012.08.21 15:07:28.463,0.78993,0.79003,2.25,1.73
2012.08.21 15:07:28.694,0.78994,0.79003,1.50,1.73
2012.08.21 15:07:28.929,0.78995,0.79004,2.25,1.73
2012.08.21 15:07:29.273,0.78995,0.79004,2.25,1.73
2012.08.21 15:07:29.827,0.78995,0.79004,2.48,1.50
2012.08.21 15:07:30.189,0.78997,0.79006,1.73,2.25
2012.08.21 15:07:30.704,0.78996,0.79005,1.73,1.50
2012.08.21 15:07:31.224,0.78996,0.79007,2.48,3.00
2012.08.21 15:07:32.528,0.78996,0.79007,2.48,2.25
2012.08.21 15:07:33.060,0.78996,0.79007,3.98,1.50
2012.08.21 15:07:33.123,0.78997,0.79007,2.48,1.50
2012.08.21 15:07:33.527,0.78999,0.7901,1.73,2.96
2012.08.21 15:07:34.274,0.78998,0.79009,3.98,1.83
2012.08.21 15:07:34.830,0.78998,0.79009,3.98,1.83
2012.08.21 15:07:35.671,0.79,0.79009,1.73,1.83
2012.08.21 15:07:36.193,0.78999,0.7901,2.48,1.83
2012.08.21 15:07:36.874,0.78999,0.7901,2.48,1.50
2012.08.21 15:07:37.276,0.79,0.7901,1.73,1.50
2012.08.21 15:07:37.395,0.79001,0.79012,2.48,3.00
2012.08.21 15:07:37.849,0.79001,0.79012,2.48,3.00
2012.08.21 15:07:38.080,0.79001,0.79012,2.48,3.00
2012.08.21 15:07:38.199,0.79001,0.79012,2.25,3.00
2012.08.21 15:07:38.262,0.79001,0.79012,1.50,7.50
2012.08.21 15:07:39.049,0.79,0.79009,1.73,1.50
2012.08.21 15:07:39.514,0.79001,0.79012,1.73,1.50
2012.08.21 15:07:39.635,0.79003,0.79014,2.48,1.50
2012.08.21 15:07:40.179,0.79003,0.79014,2.48,1.50
2012.08.21 15:07:41.809,0.79005,0.79017,1.73,1.63
2012.08.21 15:07:41.872,0.79006,0.79017,1.73,1.50
2012.08.21 15:07:42.053,0.79006,0.79017,1.73,3.75
2012.08.21 15:07:42.570,0.79005,0.79016,1.73,1.50
2012.08.21 15:07:43.105,0.79006,0.79017,1.73,2.25
2012.08.21 15:07:43.642,0.79006,0.79017,1.73,3.00
2012.08.21 15:07:45.059,0.79006,0.79015,2.10,1.50
2012.08.21 15:07:45.571,0.79006,0.79017,2.10,3.75
2012.08.21 15:07:50.764,0.79005,0.79016,1.73,2.25
2012.08.21 15:07:52.142,0.79006,0.79016,1.73,3.13
2012.08.21 15:07:52.378,0.79002,0.79013,1.50,1.95
2012.08.21 15:07:52.553,0.79002,0.79013,2.48,1.50
2012.08.21 15:07:53.077,0.79003,0.79014,2.48,1.50
2012.08.21 15:07:53.647,0.79006,0.79015,1.73,1.50
2012.08.21 15:07:54.165,0.79006,0.79017,1.73,3.75
2012.08.21 15:07:54.766,0.79006,0.79017,1.73,3.00
2012.08.21 15:07:55.283,0.79006,0.79017,1.73,3.00
2012.08.21 15:07:57.209,0.79006,0.79017,1.73,2.25
2012.08.21 15:07:57.834,0.79005,0.79016,1.73,1.50
2012.08.21 15:07:58.723,0.79007,0.79016,1.73,2.25
2012.08.21 15:07:58.845,0.79003,0.79012,1.50,1.50
2012.08.21 15:07:59.363,0.79,0.79011,1.73,2.01
2012.08.21 15:07:59.883,0.79,0.79011,1.73,2.01
2012.08.21 15:08:00.288,0.79,0.7901,1.73,1.95
2012.08.21 15:08:00.806,0.79,0.7901,1.73,1.50
2012.08.21 15:08:01.322,0.79,0.7901,1.73,1.63
2012.08.21 15:08:01.734,0.79,0.79008,1.50,1.95
2012.08.21 15:08:02.084,0.78995,0.79006,1.73,3.13
2012.08.21 15:08:02.423,0.78997,0.79006,1.50,3.13
2012.08.21 15:08:02.771,0.78997,0.79006,2.48,2.38
2012.08.21 15:08:04.302,0.78997,0.79006,1.73,3.07
2012.08.21 15:08:04.537,0.78997,0.79004,1.50,1.63
2012.08.21 15:08:04.599,0.78997,0.79004,1.50,1.50
2012.08.21 15:08:05.121,0.78996,0.79005,1.50,3.45
2012.08.21 15:08:05.526,0.78996,0.79006,1.73,3.13
2012.08.21 15:08:05.960,0.78996,0.79005,1.73,2.70
2012.08.21 15:08:06.741,0.78994,0.79005,1.73,3.45
2012.08.21 15:08:06.804,0.78994,0.79005,1.73,4.20
2012.08.21 15:08:07.269,0.78991,0.79,1.73,2.25
2012.08.21 15:08:07.445,0.78991,0.79,1.73,3.75
2012.08.21 15:08:07.737,0.78988,0.78999,1.50,2.25
2012.08.21 15:08:08.753,0.78988,0.78999,1.50,2.70
2012.08.21 15:08:09.541,0.78988,0.78998,1.50,2.38
2012.08.21 15:08:09.756,0.78986,0.78997,1.50,2.38
2012.08.21 15:08:10.053,0.78986,0.78997,1.73,1.50
2012.08.21 15:08:10.573,0.78988,0.78998,1.50,1.50
2012.08.21 15:08:10.920,0.78988,0.78998,1.73,1.50
2012.08.21 15:08:11.039,0.78988,0.78998,1.50,1.50
2012.08.21 15:08:13.275,0.78987,0.78996,1.50,1.50
2012.08.21 15:08:13.770,0.78988,0.78999,1.50,4.13
2012.08.21 15:08:14.305,0.78989,0.78998,1.50,1.50
2012.08.21 15:08:14.597,0.78987,0.78996,1.50,1.50
2012.08.21 15:08:15.228,0.78987,0.78996,1.73,1.50
2012.08.21 15:08:15.348,0.78989,0.78998,1.73,2.25
2012.08.21 15:08:15.875,0.78989,0.79,1.73,3.00
2012.08.21 15:08:16.809,0.78989,0.79,1.73,1.50
2012.08.21 15:08:17.849,0.78991,0.79002,1.50,3.88
2012.08.21 15:08:18.366,0.78991,0.79002,1.50,3.00
2012.08.21 15:08:19.051,0.7899,0.79001,1.50,1.63
2012.08.21 15:08:19.581,0.7899,0.79001,1.50,2.38
2012.08.21 15:08:19.929,0.78989,0.78998,1.50,1.50
2012.08.21 15:08:20.049,0.78989,0.79,1.73,3.75
2012.08.21 15:08:20.982,0.7899,0.79,2.10,1.50
2012.08.21 15:08:21.045,0.78992,0.79001,1.50,2.25
2012.08.21 15:08:21.392,0.78993,0.79001,1.73,1.50
2012.08.21 15:08:21.567,0.78995,0.79003,1.73,1.50
2012.08.21 15:08:21.971,0.78996,0.79006,1.88,3.00
2012.08.21 15:08:22.599,0.78999,0.79008,1.50,1.34
2012.08.21 15:08:22.851,0.78999,0.79009,1.73,2.25
2012.08.21 15:08:23.372,0.78999,0.7901,1.73,1.50
2012.08.21 15:08:24.009,0.78999,0.7901,1.73,2.25
2012.08.21 15:08:24.301,0.78997,0.79008,2.25,3.00
2012.08.21 15:08:24.426,0.78997,0.79008,1.50,3.36
2012.08.21 15:08:24.948,0.78998,0.79008,1.50,3.00
2012.08.21 15:08:25.468,0.78998,0.79008,1.50,1.50
2012.08.21 15:08:25.915,0.78998,0.79008,1.73,1.50
2012.08.21 15:08:25.997,0.78998,0.79008,2.48,1.50
2012.08.21 15:08:26.060,0.78999,0.79008,1.73,1.50
2012.08.21 15:08:26.394,0.79004,0.79009,1.13,1.50
2012.08.21 15:08:26.962,0.79004,0.79011,1.35,2.63
2012.08.21 15:08:27.042,0.79008,0.79017,1.65,1.50
2012.08.21 15:08:27.109,0.79008,0.79018,1.65,2.25
2012.08.21 15:08:27.608,0.79009,0.79018,2.03,1.50
2012.08.21 15:08:27.831,0.7901,0.79021,2.40,1.50
2012.08.21 15:08:28.083,0.7901,0.79019,1.65,1.50
2012.08.21 15:08:28.996,0.7901,0.79019,1.73,1.50
2012.08.21 15:08:29.414,0.79008,0.79016,1.73,1.50
2012.08.21 15:08:29.598,0.79009,0.7902,2.25,1.50
2012.08.21 15:08:29.781,0.79011,0.7902,1.50,1.50
2012.08.21 15:08:31.026,0.79009,0.7902,2.48,1.50
2012.08.21 15:08:31.089,0.79008,0.79017,4.73,1.50
2012.08.21 15:08:31.663,0.79008,0.79017,2.48,1.50
2012.08.21 15:08:32.787,0.79006,0.79016,5.10,1.50
2012.08.21 15:08:33.288,0.79006,0.79016,3.60,1.50
2012.08.21 15:08:33.913,0.79007,0.79016,2.48,1.50
2012.08.21 15:08:34.428,0.79007,0.79017,2.85,1.50
2012.08.21 15:08:34.960,0.79007,0.79018,3.60,1.50
2012.08.21 15:08:39.377,0.7901,0.79019,1.50,1.50
2012.08.21 15:08:39.965,0.79009,0.7902,2.25,1.50
2012.08.21 15:08:40.352,0.79007,0.79017,2.10,1.50
2012.08.21 15:08:40.702,0.79009,0.79018,1.73,1.50
2012.08.21 15:08:41.398,0.7901,0.7902,2.48,1.50
2012.08.21 15:08:42.023,0.7901,0.79021,3.15,1.50
2012.08.21 15:08:42.092,0.79015,0.79026,1.50,3.75
2012.08.21 15:08:42.213,0.79015,0.79026,2.40,2.25
2012.08.21 15:08:42.763,0.79016,0.79023,1.50,1.11
2012.08.21 15:08:43.281,0.79015,0.79024,3.98,1.50
2012.08.21 15:08:43.741,0.79017,0.79026,1.50,1.50
2012.08.21 15:08:44.260,0.79018,0.79027,1.50,1.50
2012.08.21 15:08:45.067,0.79019,0.7903,1.50,5.25
2012.08.21 15:08:45.583,0.79019,0.7903,1.50,3.00
2012.08.21 15:08:46.099,0.79019,0.7903,1.50,2.38
2012.08.21 15:08:46.445,0.79021,0.7903,1.50,1.50
2012.08.21 15:08:48.089,0.79024,0.79033,1.50,2.01
2012.08.21 15:08:48.210,0.79022,0.79033,3.00,1.50
2012.08.21 15:08:48.611,0.79024,0.79033,1.50,1.50
2012.08.21 15:08:49.527,0.79025,0.79034,1.50,2.25
2012.08.21 15:08:49.881,0.79023,0.79032,1.50,1.63
2012.08.21 15:08:50.399,0.79023,0.79032,1.50,2.38
2012.08.21 15:08:50.573,0.79023,0.79032,1.50,2.25
2012.08.21 15:08:52.163,0.79023,0.79032,3.23,1.50
2012.08.21 15:08:52.514,0.79027,0.79034,1.50,1.50
2012.08.21 15:08:52.578,0.7903,0.79039,1.50,1.63
2012.08.21 15:08:52.873,0.7903,0.79039,1.50,1.50
2012.08.21 15:08:55.026,0.79031,0.79042,1.50,3.75
2012.08.21 15:08:55.541,0.79029,0.7904,3.98,1.50
2012.08.21 15:08:55.890,0.79028,0.79039,1.50,2.57
2012.08.21 15:08:56.412,0.79028,0.79037,1.50,1.50
2012.08.21 15:08:56.755,0.7903,0.79039,1.50,2.25
2012.08.21 15:08:56.817,0.79028,0.79039,1.73,2.25
2012.08.21 15:08:58.337,0.79028,0.79039,1.50,3.98
2012.08.21 15:08:58.404,0.79026,0.79037,1.50,3.75
2012.08.21 15:08:58.469,0.79024,0.79035,2.10,1.50
2012.08.21 15:08:58.816,0.79024,0.79033,1.50,1.50
2012.08.21 15:09:02.664,0.79024,0.79035,1.50,2.25
2012.08.21 15:09:03.175,0.79023,0.79034,1.50,1.50
2012.08.21 15:09:03.404,0.79022,0.79031,1.50,1.50
2012.08.21 15:09:03.921,0.79023,0.79032,1.50,1.50
2012.08.21 15:09:04.041,0.79021,0.79032,2.25,1.50
2012.08.21 15:09:04.561,0.7902,0.79029,1.73,1.50
2012.08.21 15:09:05.435,0.7902,0.79031,1.50,1.50
2012.08.21 15:09:05.964,0.7902,0.79031,2.48,1.50
2012.08.21 15:09:06.614,0.7902,0.79031,2.25,1.50
2012.08.21 15:09:08.572,0.7902,0.79031,2.48,1.50
2012.08.21 15:09:09.091,0.7902,0.79031,2.25,1.50
2012.08.21 15:09:09.559,0.79024,0.79033,1.50,2.25
2012.08.21 15:09:10.001,0.79021,0.79032,1.73,1.50
2012.08.21 15:09:10.404,0.79023,0.79032,1.50,1.50
2012.08.21 15:09:10.807,0.79023,0.79032,3.23,1.50
2012.08.21 15:09:11.154,0.79024,0.79034,3.23,1.50
2012.08.21 15:09:11.584,0.79026,0.79037,1.73,2.25
2012.08.21 15:09:12.549,0.79025,0.79034,2.48,1.50
2012.08.21 15:09:13.191,0.79027,0.79034,1.50,1.50
2012.08.21 15:09:13.483,0.79026,0.79037,3.23,1.50
2012.08.21 15:09:14.027,0.79026,0.79037,3.23,1.50
2012.08.21 15:09:14.908,0.79026,0.79037,2.48,2.63
2012.08.21 15:09:15.141,0.79024,0.79033,3.00,1.50
2012.08.21 15:09:15.261,0.79022,0.79032,1.50,1.50
2012.08.21 15:09:15.779,0.79021,0.79032,2.48,1.50
2012.08.21 15:09:17.160,0.79022,0.79033,1.50,1.50
2012.08.21 15:09:17.336,0.79022,0.79031,1.50,1.50
2012.08.21 15:09:20.164,0.7902,0.7903,1.73,1.50
2012.08.21 15:09:20.678,0.79018,0.79029,2.48,1.50
2012.08.21 15:09:21.220,0.7902,0.79029,2.63,1.50
2012.08.21 15:09:21.452,0.79021,0.7903,2.25,1.50
2012.08.21 15:09:22.079,0.79019,0.7903,1.73,1.50
2012.08.21 15:09:22.372,0.7902,0.7903,4.50,1.50
2012.08.21 15:09:22.662,0.7902,0.79031,2.25,1.50
2012.08.21 15:09:23.012,0.79021,0.79032,2.48,2.25
2012.08.21 15:09:23.358,0.79024,0.79032,1.73,1.50
2012.08.21 15:09:23.648,0.79023,0.79033,1.73,1.50
2012.08.21 15:09:23.881,0.79025,0.79034,1.73,1.50
2012.08.21 15:09:24.210,0.79025,0.79034,1.73,1.50
2012.08.21 15:09:25.426,0.79025,0.79034,2.48,1.50
2012.08.21 15:09:25.490,0.79025,0.79034,1.73,1.50
2012.08.21 15:09:25.778,0.79025,0.79034,1.73,1.50
2012.08.21 15:09:26.329,0.79025,0.79034,7.35,1.50
2012.08.21 15:09:26.562,0.79026,0.79037,3.23,1.50
2012.08.21 15:09:27.076,0.79029,0.79038,1.73,1.50
2012.08.21 15:09:27.626,0.7903,0.79039,1.50,1.50
2012.08.21 15:09:27.865,0.79026,0.79037,2.25,1.50
2012.08.21 15:09:28.412,0.79027,0.79038,2.48,1.50
2012.08.21 15:09:28.756,0.79029,0.79038,1.13,1.50
2012.08.21 15:09:29.273,0.7903,0.79039,2.48,1.50
2012.08.21 15:09:29.336,0.79032,0.79041,1.50,1.50
2012.08.21 15:09:29.628,0.79029,0.79038,1.50,1.50
2012.08.21 15:09:29.974,0.79027,0.79036,1.50,1.50
2012.08.21 15:09:33.731,0.79028,0.79036,1.50,1.50
2012.08.21 15:09:34.244,0.79026,0.79037,1.73,2.25
2012.08.21 15:09:34.757,0.79027,0.79038,1.50,3.00
2012.08.21 15:09:35.400,0.79027,0.79036,1.50,1.50
2012.08.21 15:09:36.071,0.79028,0.79037,1.50,2.25
2012.08.21 15:09:36.592,0.79027,0.79036,1.50,1.50
2012.08.21 15:09:36.991,0.79027,0.79036,1.73,1.50
2012.08.21 15:09:38.839,0.79029,0.79037,1.73,2.25
2012.08.21 15:09:39.184,0.79029,0.7904,2.63,2.25
2012.08.21 15:09:39.519,0.79028,0.79039,2.48,1.50
2012.08.21 15:09:39.871,0.79029,0.79039,1.73,1.50
2012.08.21 15:09:40.435,0.7903,0.79039,2.48,1.50
2012.08.21 15:09:40.946,0.79031,0.79039,1.50,1.50
2012.08.21 15:09:41.516,0.79029,0.79038,1.73,1.50
2012.08.21 15:09:41.579,0.79029,0.79038,1.73,1.50
2012.08.21 15:09:42.085,0.7903,0.79039,1.50,1.50
2012.08.21 15:09:42.815,0.79031,0.79042,2.25,2.25
2012.08.21 15:09:42.939,0.79033,0.79042,1.50,1.50
2012.08.21 15:09:43.270,0.79032,0.79041,1.50,3.30
2012.08.21 15:09:43.447,0.79029,0.79039,1.50,1.11
2012.08.21 15:09:43.961,0.79026,0.79037,2.25,1.63
2012.08.21 15:09:44.194,0.79026,0.79037,1.50,3.13
2012.08.21 15:09:44.708,0.79028,0.79038,1.50,2.38
2012.08.21 15:09:45.373,0.79028,0.79037,1.50,1.20
2012.08.21 15:09:45.718,0.79028,0.79036,1.50,1.11
2012.08.21 15:09:45.949,0.79026,0.79035,1.50,2.25
2012.08.21 15:09:47.837,0.79026,0.79033,1.50,4.50
2012.08.21 15:09:48.025,0.79023,0.79034,1.50,3.54
2012.08.21 15:09:48.088,0.79023,0.79034,1.50,3.98
2012.08.21 15:09:48.605,0.79023,0.79034,3.00,3.00
2012.08.21 15:09:48.667,0.79025,0.79034,1.50,1.50
2012.08.21 15:09:48.786,0.79025,0.79034,1.50,1.50
2012.08.21 15:09:49.017,0.79025,0.79033,1.50,1.50
2012.08.21 15:09:49.589,0.79024,0.79033,1.50,1.50
2012.08.21 15:09:49.907,0.79024,0.79035,1.50,2.48
2012.08.21 15:09:50.433,0.79023,0.79036,3.75,1.50
2012.08.21 15:09:50.496,0.79025,0.79036,1.50,1.50
2012.08.21 15:09:51.069,0.79023,0.79036,1.50,2.61
2012.08.21 15:09:54.666,0.79021,0.79036,2.25,1.73
2012.08.21 15:09:55.109,0.79022,0.79036,1.13,1.73
2012.08.21 15:09:55.459,0.79025,0.79037,1.73,1.50
2012.08.21 15:09:55.805,0.79029,0.79036,1.50,1.50
2012.08.21 15:09:55.923,0.79029,0.79039,2.25,3.00
2012.08.21 15:09:57.462,0.79029,0.7904,3.23,1.50
2012.08.21 15:09:57.581,0.79031,0.79043,1.50,1.88
2012.08.21 15:09:57.700,0.79034,0.79045,1.50,2.48
2012.08.21 15:09:58.100,0.79032,0.79045,2.25,1.73
2012.08.21 15:09:59.610,0.79032,0.79045,1.50,1.73
2012.08.21 15:10:00.483,0.79032,0.79043,1.50,1.50
2012.08.21 15:10:00.715,0.79032,0.79042,1.50,1.26
2012.08.21 15:10:00.948,0.79025,0.79039,2.25,2.04
2012.08.21 15:10:01.010,0.79025,0.79039,1.50,2.04
2012.08.21 15:10:01.497,0.79023,0.7904,1.73,3.23
2012.08.21 15:10:02.576,0.79022,0.79037,2.48,2.10
2012.08.21 15:10:04.761,0.79022,0.79036,1.50,2.48
2012.08.21 15:10:04.937,0.79021,0.79036,3.23,2.48
2012.08.21 15:10:05.458,0.79022,0.79035,2.25,1.73
2012.08.21 15:10:06.062,0.79022,0.79035,1.50,2.48
2012.08.21 15:10:06.582,0.79021,0.79035,3.75,2.48
2012.08.21 15:10:06.645,0.79021,0.79035,3.75,1.73
2012.08.21 15:10:07.283,0.79025,0.79036,1.50,2.48
2012.08.21 15:10:07.460,0.79025,0.79038,2.25,1.13
2012.08.21 15:10:07.580,0.79026,0.79039,1.50,3.60
2012.08.21 15:10:08.049,0.79025,0.79037,2.48,1.50
2012.08.21 15:10:08.225,0.79025,0.79039,3.23,1.73
2012.08.21 15:10:09.302,0.79026,0.7904,1.88,2.10
2012.08.21 15:10:09.482,0.79027,0.79041,3.60,3.75
2012.08.21 15:10:10.005,0.79028,0.79041,4.42,1.50
2012.08.21 15:10:10.523,0.79027,0.79041,1.50,2.48
2012.08.21 15:10:10.698,0.79026,0.7904,5.48,1.73
2012.08.21 15:10:11.298,0.79026,0.7904,3.23,1.73
2012.08.21 15:10:11.990,0.79027,0.79039,1.50,1.50
2012.08.21 15:10:12.507,0.79027,0.79039,1.73,1.50
2012.08.21 15:10:12.962,0.79028,0.79037,1.73,1.50
2012.08.21 15:10:14.163,0.79026,0.79037,3.75,1.50
2012.08.21 15:10:14.677,0.79028,0.79037,1.50,1.50
2012.08.21 15:10:14.852,0.79026,0.79037,2.25,1.50
2012.08.21 15:10:20.901,0.79028,0.79039,3.38,2.17
2012.08.21 15:10:21.136,0.79028,0.79039,3.98,1.50
2012.08.21 15:10:21.368,0.79027,0.79036,1.88,1.50
2012.08.21 15:10:24.604,0.79027,0.79038,1.50,3.00
2012.08.21 15:10:24.721,0.79026,0.79036,1.50,1.50
2012.08.21 15:10:25.065,0.79024,0.79034,1.50,1.50
2012.08.21 15:10:25.184,0.79023,0.79034,6.00,1.50
2012.08.21 15:10:25.697,0.79023,0.79034,2.63,1.50
2012.08.21 15:10:27.040,0.79021,0.79032,2.25,1.50
2012.08.21 15:10:29.173,0.79021,0.79032,1.50,1.73
2012.08.21 15:10:29.684,0.79021,0.79032,1.50,2.48
2012.08.21 15:10:31.710,0.79021,0.79032,2.25,2.48
2012.08.21 15:10:32.062,0.79028,0.79037,3.23,3.00
2012.08.21 15:10:32.688,0.79028,0.79037,1.50,3.00
2012.08.21 15:10:33.041,0.79028,0.79035,1.50,1.50
2012.08.21 15:10:33.103,0.79024,0.79033,1.50,1.50
2012.08.21 15:10:34.126,0.79024,0.79035,2.25,2.25
2012.08.21 15:10:34.302,0.79026,0.79037,1.50,2.25
2012.08.21 15:10:35.978,0.79028,0.79037,1.50,1.50
2012.08.21 15:10:37.120,0.79029,0.79038,1.50,2.25
2012.08.21 15:10:37.239,0.79027,0.79038,1.50,2.25
2012.08.21 15:10:37.754,0.79028,0.79039,1.50,3.36
2012.08.21 15:10:38.268,0.79028,0.79039,1.50,2.48
2012.08.21 15:10:38.913,0.7903,0.79039,1.50,1.73
2012.08.21 15:10:39.840,0.7903,0.79041,1.50,3.23
2012.08.21 15:10:40.353,0.79031,0.7904,1.50,1.50
2012.08.21 15:10:41.095,0.79033,0.79042,1.50,1.50
2012.08.21 15:10:41.608,0.79034,0.79043,1.50,1.50
2012.08.21 15:10:41.959,0.79028,0.79039,1.50,4.73
2012.08.21 15:10:42.023,0.79031,0.79039,1.50,4.73
2012.08.21 15:10:42.085,0.79031,0.7904,1.50,1.50
2012.08.21 15:10:42.487,0.79034,0.79042,1.50,1.50
2012.08.21 15:10:43.173,0.79034,0.79043,1.50,1.50
2012.08.21 15:10:45.046,0.79032,0.79043,1.50,2.25
2012.08.21 15:10:45.565,0.79033,0.79044,1.50,2.61
2012.08.21 15:10:47.317,0.79033,0.79044,1.50,2.25
2012.08.21 15:10:47.929,0.79033,0.79044,1.73,1.50
2012.08.21 15:10:48.441,0.79034,0.79045,1.50,3.00
2012.08.21 15:10:49.804,0.79033,0.79042,1.50,1.50
2012.08.21 15:10:50.977,0.7903,0.79041,1.50,1.50
2012.08.21 15:10:51.637,0.7903,0.79041,1.50,3.13
2012.08.21 15:10:52.156,0.79031,0.7904,1.50,2.25
2012.08.21 15:10:52.565,0.79031,0.7904,2.48,1.50
2012.08.21 15:10:52.742,0.79034,0.79043,1.50,1.50
2012.08.21 15:10:53.268,0.79034,0.79045,1.50,3.00
2012.08.21 15:10:53.778,0.79034,0.79045,1.50,3.00
2012.08.21 15:10:54.556,0.79035,0.79046,1.50,2.25
2012.08.21 15:10:54.676,0.79038,0.79047,1.50,3.00
2012.08.21 15:10:55.018,0.79036,0.79047,1.50,3.00
2012.08.21 15:10:55.137,0.79036,0.79047,1.50,3.00
2012.08.21 15:10:58.209,0.79036,0.79047,1.50,1.95
2012.08.21 15:10:58.777,0.79036,0.79045,1.50,1.50
2012.08.21 15:10:58.840,0.79034,0.79045,1.50,3.00
2012.08.21 15:10:59.846,0.79035,0.79045,1.50,1.50
2012.08.21 15:11:00.193,0.79035,0.79046,1.50,2.48
2012.08.21 15:11:00.712,0.79036,0.79045,1.50,1.50
2012.08.21 15:11:01.230,0.79037,0.79047,1.50,1.50
2012.08.21 15:11:01.970,0.79039,0.79048,1.50,2.25
2012.08.21 15:11:02.257,0.7904,0.79051,1.50,3.00
2012.08.21 15:11:03.015,0.7904,0.79051,2.48,2.63
2012.08.21 15:11:03.521,0.7904,0.79051,2.48,1.50
2012.08.21 15:11:06.167,0.7904,0.79051,1.50,2.25
2012.08.21 15:11:07.707,0.79039,0.7905,1.50,1.50
2012.08.21 15:11:08.341,0.7904,0.79051,1.50,2.25
2012.08.21 15:11:08.880,0.79039,0.7905,1.50,1.50
2012.08.21 15:11:08.942,0.79041,0.7905,1.50,1.50
2012.08.21 15:11:09.762,0.79041,0.7905,3.00,1.50
2012.08.21 15:11:10.162,0.79041,0.7905,1.50,1.50
2012.08.21 15:11:10.673,0.7904,0.79051,2.25,1.50
2012.08.21 15:11:10.847,0.7904,0.79051,2.25,1.50
2012.08.21 15:11:11.364,0.79041,0.79051,1.50,1.50
2012.08.21 15:11:14.107,0.79041,0.79051,1.50,1.50
2012.08.21 15:11:14.648,0.79041,0.79051,1.50,1.50
2012.08.21 15:11:15.214,0.7904,0.79051,4.50,1.50
2012.08.21 15:11:16.240,0.79039,0.79048,2.63,1.50
2012.08.21 15:11:16.758,0.79039,0.79048,2.25,1.50
2012.08.21 15:11:17.269,0.7904,0.79049,2.25,1.50
2012.08.21 15:11:17.798,0.79039,0.79048,2.25,1.50
2012.08.21 15:11:18.970,0.79039,0.79048,2.25,1.50
2012.08.21 15:11:19.033,0.79039,0.7905,2.25,2.25
2012.08.21 15:11:19.985,0.79039,0.79048,2.25,1.50
2012.08.21 15:11:20.489,0.79039,0.79048,2.63,1.50
2012.08.21 15:11:21.051,0.79039,0.79048,2.63,1.50
2012.08.21 15:11:21.839,0.79039,0.79048,1.88,1.50
2012.08.21 15:11:22.358,0.79039,0.79048,2.25,1.50
2012.08.21 15:11:22.909,0.79039,0.79048,1.50,1.50
2012.08.21 15:11:23.418,0.79039,0.79048,2.25,1.50
2012.08.21 15:11:24.146,0.7904,0.79049,2.25,1.50
2012.08.21 15:11:25.819,0.7904,0.79049,2.25,1.50
2012.08.21 15:11:27.100,0.7904,0.79049,3.75,1.50
2012.08.21 15:11:27.276,0.79041,0.79052,3.98,2.25
2012.08.21 15:11:27.847,0.79042,0.79051,3.00,1.50
2012.08.21 15:11:28.374,0.79042,0.79053,3.75,2.25
2012.08.21 15:11:30.246,0.79042,0.79053,3.75,1.50
2012.08.21 15:11:30.880,0.79043,0.79053,2.25,1.50
2012.08.21 15:11:31.387,0.79043,0.79052,3.75,1.50
2012.08.21 15:11:32.625,0.79045,0.79052,1.50,1.50
2012.08.21 15:11:32.801,0.79045,0.79055,1.73,3.00
2012.08.21 15:11:34.502,0.79044,0.79055,4.73,1.50
2012.08.21 15:11:37.914,0.79044,0.79055,3.98,1.50
2012.08.21 15:11:40.141,0.79044,0.79053,2.25,1.50
2012.08.21 15:11:41.339,0.79045,0.79054,1.73,1.50
2012.08.21 15:11:42.015,0.79043,0.79054,4.13,1.50
2012.08.21 15:11:42.533,0.79044,0.79055,2.25,1.50
2012.08.21 15:11:45.040,0.79044,0.79055,3.00,1.50
2012.08.21 15:11:48.794,0.79044,0.79055,1.50,1.50
2012.08.21 15:11:49.316,0.79043,0.79054,2.48,1.50
2012.08.21 15:11:51.831,0.79042,0.79051,1.73,1.50
2012.08.21 15:11:52.347,0.79042,0.79051,1.50,1.50
2012.08.21 15:11:52.635,0.79042,0.79053,1.50,1.73
2012.08.21 15:11:52.976,0.79042,0.79051,1.50,1.50
2012.08.21 15:12:00.510,0.79042,0.79051,1.50,2.61
2012.08.21 15:12:00.686,0.79037,0.79048,3.98,1.50
2012.08.21 15:12:01.199,0.79037,0.79049,2.48,3.00
2012.08.21 15:12:01.261,0.79037,0.79049,1.73,3.00
2012.08.21 15:12:01.609,0.79036,0.79045,1.50,1.50
2012.08.21 15:12:03.144,0.79034,0.79043,2.25,1.50
2012.08.21 15:12:03.375,0.79032,0.79042,1.50,1.50
2012.08.21 15:12:03.890,0.79032,0.79044,2.85,1.50
2012.08.21 15:12:04.369,0.79032,0.79042,2.25,1.50
2012.08.21 15:12:04.996,0.79033,0.79042,1.50,1.50
2012.08.21 15:12:08.561,0.79031,0.79042,4.88,1.50
2012.08.21 15:12:08.795,0.7903,0.79039,2.25,1.50
2012.08.21 15:12:09.325,0.79028,0.79039,2.25,1.50
2012.08.21 15:12:09.839,0.79028,0.79039,1.50,3.00
2012.08.21 15:12:11.073,0.79027,0.79037,2.25,1.50
2012.08.21 15:12:11.588,0.79026,0.79037,1.50,2.25
2012.08.21 15:12:12.147,0.79026,0.79037,1.50,1.50
2012.08.21 15:12:12.658,0.79026,0.79037,1.50,1.50
2012.08.21 15:12:13.470,0.79026,0.79037,1.50,1.50
2012.08.21 15:12:13.981,0.79026,0.79038,1.50,3.00
2012.08.21 15:12:14.551,0.79025,0.79038,1.73,3.00
2012.08.21 15:12:15.064,0.79025,0.79037,1.73,1.50
2012.08.21 15:12:15.580,0.79024,0.79037,4.50,1.50
2012.08.21 15:12:16.091,0.79024,0.79038,3.98,3.00
2012.08.21 15:12:16.616,0.79024,0.79038,3.98,3.00
2012.08.21 15:12:17.147,0.79026,0.7904,1.50,1.50
2012.08.21 15:12:17.897,0.79025,0.79039,3.75,1.63
2012.08.21 15:12:18.416,0.79026,0.79039,2.25,2.25
2012.08.21 15:12:18.479,0.79029,0.79039,1.50,2.25
2012.08.21 15:12:18.995,0.79029,0.79041,1.50,1.50
2012.08.21 15:12:20.085,0.79029,0.79041,1.50,1.73
2012.08.21 15:12:20.663,0.7903,0.79041,1.50,1.73
2012.08.21 15:12:22.835,0.7903,0.7904,1.50,1.35
2012.08.21 15:12:23.072,0.79028,0.79038,1.50,1.73
2012.08.21 15:12:23.135,0.79026,0.79038,1.50,1.73
2012.08.21 15:12:23.658,0.79028,0.79039,1.50,1.50
2012.08.21 15:12:24.190,0.79028,0.7904,1.50,1.73
2012.08.21 15:12:25.206,0.79028,0.79039,1.50,1.50
2012.08.21 15:12:25.326,0.79028,0.79039,1.50,1.50
2012.08.21 15:12:26.725,0.79027,0.7904,1.50,4.11
2012.08.21 15:12:28.818,0.79027,0.79039,1.50,2.38
2012.08.21 15:12:29.357,0.79027,0.79039,1.50,1.86
2012.08.21 15:12:29.703,0.79027,0.79039,1.50,1.63
2012.08.21 15:12:29.820,0.79027,0.7904,1.50,4.11
2012.08.21 15:12:31.155,0.79027,0.79039,1.50,2.23
2012.08.21 15:12:31.218,0.79025,0.79039,1.50,2.23
2012.08.21 15:12:31.281,0.79024,0.79039,1.50,2.55
2012.08.21 15:12:31.818,0.79023,0.79038,2.48,2.92
2012.08.21 15:12:32.112,0.79023,0.79039,3.23,3.73
2012.08.21 15:12:32.630,0.79023,0.79038,3.23,1.11
2012.08.21 15:12:34.139,0.79022,0.79037,4.73,1.26
2012.08.21 15:12:34.657,0.79022,0.79037,3.23,1.26
2012.08.21 15:12:35.172,0.79022,0.79038,4.73,2.61
2012.08.21 15:12:35.701,0.79025,0.79038,1.50,1.11
2012.08.21 15:12:36.231,0.79025,0.79038,1.50,1.11
2012.08.21 15:12:36.708,0.79023,0.79037,3.00,1.86
2012.08.21 15:12:37.228,0.79023,0.79037,3.00,2.48
2012.08.21 15:12:38.239,0.79023,0.79037,3.00,4.17
2012.08.21 15:12:38.735,0.7902,0.79034,6.00,1.63
2012.08.21 15:12:38.856,0.79019,0.79033,1.13,3.36
2012.08.21 15:12:38.919,0.79019,0.79032,1.13,1.73
2012.08.21 15:12:39.096,0.79017,0.79032,3.00,1.86
2012.08.21 15:12:39.216,0.79017,0.7903,2.25,1.73
2012.08.21 15:12:42.270,0.79017,0.7903,1.50,1.63
2012.08.21 15:12:42.389,0.79017,0.79031,1.50,2.61
2012.08.21 15:12:42.738,0.79014,0.79027,3.00,1.11
2012.08.21 15:12:42.857,0.79014,0.79027,1.50,1.11
2012.08.21 15:12:43.366,0.79014,0.79027,1.50,1.11
2012.08.21 15:12:43.912,0.79014,0.79028,1.50,1.11
2012.08.21 15:12:45.915,0.79014,0.79029,1.50,1.86
2012.08.21 15:12:46.958,0.79014,0.79028,1.50,1.11
2012.08.21 15:12:51.098,0.79013,0.79026,1.50,1.35
2012.08.21 15:12:51.218,0.79012,0.79024,1.88,1.13
2012.08.21 15:12:51.741,0.79011,0.79023,2.70,1.73
2012.08.21 15:12:52.738,0.79011,0.79024,2.25,2.10
2012.08.21 15:12:53.198,0.79011,0.79024,2.25,2.10
2012.08.21 15:12:54.848,0.79011,0.79024,2.25,2.10
2012.08.21 15:12:55.192,0.79012,0.79024,1.50,2.10
2012.08.21 15:12:55.706,0.79013,0.79024,1.50,1.50
2012.08.21 15:12:56.523,0.79014,0.79025,1.50,1.13
2012.08.21 15:12:57.045,0.79014,0.79027,1.88,1.73
2012.08.21 15:12:57.564,0.79014,0.79029,1.35,1.42
2012.08.21 15:12:58.085,0.79014,0.79028,1.13,1.29
2012.08.21 15:12:58.627,0.79014,0.79028,1.88,1.42
2012.08.21 15:12:59.079,0.79012,0.79025,3.75,1.29
2012.08.21 15:12:59.370,0.79011,0.79025,1.50,1.11
2012.08.21 15:12:59.837,0.79011,0.79026,1.50,1.73
2012.08.21 15:12:59.957,0.79011,0.79027,2.48,2.92
2012.08.21 15:13:00.135,0.79011,0.79027,2.25,1.42
2012.08.21 15:13:00.258,0.79011,0.79025,2.25,1.42
2012.08.21 15:13:01.857,0.79008,0.79024,2.63,2.61
2012.08.21 15:13:05.793,0.79008,0.79024,2.63,2.61
2012.08.21 15:13:06.303,0.79008,0.79024,2.63,2.61
2012.08.21 15:13:07.211,0.79008,0.79024,3.60,3.36
2012.08.21 15:13:07.770,0.79009,0.79024,1.50,1.73
2012.08.21 15:13:08.118,0.79009,0.79024,1.50,2.04
2012.08.21 15:13:08.298,0.79009,0.79023,1.50,3.23
2012.08.21 15:13:08.645,0.79008,0.79022,2.25,2.85
2012.08.21 15:13:09.191,0.79008,0.79022,1.50,3.60
2012.08.21 15:13:09.745,0.79008,0.79022,1.50,7.35
2012.08.21 15:13:10.319,0.79008,0.79021,1.50,1.35
2012.08.21 15:13:10.494,0.79008,0.79021,1.73,1.13
2012.08.21 15:13:11.295,0.79011,0.79025,1.50,1.35
2012.08.21 15:13:12.671,0.79011,0.79026,1.50,2.48
2012.08.21 15:13:13.190,0.7901,0.79024,2.63,2.04
2012.08.21 15:13:13.708,0.7901,0.79024,3.38,1.50
2012.08.21 15:13:14.076,0.7901,0.79026,3.60,2.61
2012.08.21 15:13:14.255,0.7901,0.79026,3.60,2.48
2012.08.21 15:13:14.375,0.7901,0.79026,3.38,2.61
2012.08.21 15:13:14.496,0.7901,0.79023,1.88,1.11
2012.08.21 15:13:15.127,0.79009,0.79023,2.48,1.73
2012.08.21 15:13:16.246,0.79009,0.79023,3.60,1.73
2012.08.21 15:13:16.765,0.79009,0.79023,3.60,1.73
2012.08.21 15:13:17.379,0.79009,0.79023,3.60,1.73
2012.08.21 15:13:18.652,0.7901,0.79023,1.50,1.86
2012.08.21 15:13:18.956,0.7901,0.79023,2.25,1.50
2012.08.21 15:13:19.491,0.79009,0.79023,2.63,1.73
2012.08.21 15:13:21.120,0.79007,0.79022,5.48,1.73
2012.08.21 15:13:21.184,0.79007,0.79018,3.23,1.26
2012.08.21 15:13:21.475,0.79005,0.79016,1.45,1.86
2012.08.21 15:13:21.878,0.79005,0.79016,1.35,2.01
2012.08.21 15:13:22.225,0.79002,0.79013,4.50,1.48
2012.08.21 15:13:22.737,0.79001,0.79013,1.50,1.80
2012.08.21 15:13:23.035,0.79002,0.79014,1.50,1.11
2012.08.21 15:13:24.092,0.79003,0.79014,1.50,1.11
2012.08.21 15:13:24.269,0.79005,0.79018,1.73,2.38
2012.08.21 15:13:24.333,0.79008,0.7902,1.50,1.48
2012.08.21 15:13:24.852,0.79009,0.79022,1.50,1.73
2012.08.21 15:13:25.372,0.79009,0.79022,1.50,3.67
2012.08.21 15:13:25.889,0.79009,0.79021,1.50,1.11
2012.08.21 15:13:26.404,0.7901,0.79019,1.50,1.63
2012.08.21 15:13:27.257,0.7901,0.79019,1.50,1.50
2012.08.21 15:13:27.436,0.79012,0.79021,1.50,3.88
2012.08.21 15:13:27.979,0.7901,0.7902,3.00,1.11
2012.08.21 15:13:28.336,0.79008,0.79019,3.00,1.86
2012.08.21 15:13:28.515,0.79005,0.79016,5.25,1.86
2012.08.21 15:13:29.161,0.79007,0.79016,1.50,1.73
2012.08.21 15:13:29.511,0.79008,0.79019,2.25,1.50
2012.08.21 15:13:30.760,0.79008,0.79019,1.50,2.48
2012.08.21 15:13:33.203,0.79008,0.79019,1.50,2.38
2012.08.21 15:13:35.141,0.79006,0.79017,1.50,1.50
2012.08.21 15:13:36.853,0.79008,0.79018,1.50,1.50
2012.08.21 15:13:37.363,0.79008,0.79017,1.50,1.50
2012.08.21 15:13:40.539,0.79008,0.79019,1.50,4.11
2012.08.21 15:13:41.140,0.79008,0.79019,1.50,1.73
2012.08.21 15:13:41.445,0.7901,0.7902,1.50,2.48
2012.08.21 15:13:41.884,0.7901,0.79021,2.48,1.50
2012.08.21 15:13:42.122,0.79012,0.79021,1.50,1.50
2012.08.21 15:13:42.648,0.79011,0.7902,1.50,1.50
2012.08.21 15:13:46.136,0.79012,0.79021,1.50,1.50
2012.08.21 15:13:46.906,0.7901,0.79021,1.50,1.50
2012.08.21 15:13:49.031,0.79012,0.79021,1.50,1.50
2012.08.21 15:13:49.337,0.79014,0.79023,1.50,2.63
2012.08.21 15:13:49.799,0.79012,0.79022,1.50,1.50
2012.08.21 15:13:49.976,0.79011,0.7902,3.75,1.50
2012.08.21 15:13:50.517,0.79012,0.79021,1.50,1.50
2012.08.21 15:13:51.035,0.79011,0.7902,1.50,1.50
2012.08.21 15:13:51.565,0.79009,0.79018,1.50,1.50
2012.08.21 15:13:51.914,0.79009,0.79018,4.50,1.50
2012.08.21 15:13:52.036,0.79011,0.7902,2.25,1.50
2012.08.21 15:13:52.552,0.7901,0.79021,1.50,2.63
2012.08.21 15:13:52.670,0.79009,0.79018,1.50,1.50
2012.08.21 15:13:55.022,0.79007,0.79018,3.23,1.50
2012.08.21 15:13:55.572,0.79008,0.79017,1.73,1.50
2012.08.21 15:13:56.104,0.79009,0.79018,1.50,1.50
2012.08.21 15:14:00.015,0.79011,0.7902,1.50,2.25
2012.08.21 15:14:00.248,0.79012,0.79021,1.50,2.63
2012.08.21 15:14:00.764,0.79011,0.7902,1.50,1.50
2012.08.21 15:14:00.942,0.79011,0.79022,1.50,2.63
2012.08.21 15:14:01.488,0.79011,0.79023,1.73,1.13
2012.08.21 15:14:02.014,0.79011,0.79024,2.48,3.38
2012.08.21 15:14:02.824,0.79011,0.79024,2.48,1.88
2012.08.21 15:14:03.368,0.79011,0.79024,2.48,1.88
2012.08.21 15:14:03.990,0.79012,0.79024,1.50,1.13
2012.08.21 15:14:04.224,0.79012,0.79026,2.25,1.11
2012.08.21 15:14:06.840,0.79012,0.79026,3.23,1.50
2012.08.21 15:14:07.385,0.79012,0.79026,3.23,1.50
2012.08.21 15:14:08.604,0.79012,0.79026,2.48,1.63
2012.08.21 15:14:08.837,0.79014,0.79028,1.50,4.11
2012.08.21 15:14:09.730,0.79014,0.79025,1.50,1.50
2012.08.21 15:14:10.083,0.79012,0.79025,1.50,3.36
2012.08.21 15:14:10.373,0.79011,0.79025,3.23,1.73
2012.08.21 15:14:10.492,0.79013,0.79025,1.50,1.73
2012.08.21 15:14:13.278,0.79013,0.79026,1.73,2.38
2012.08.21 15:14:13.779,0.79013,0.79026,1.73,2.38
2012.08.21 15:14:14.315,0.79013,0.79026,1.73,3.13
2012.08.21 15:14:14.491,0.79011,0.79026,2.48,1.63
2012.08.21 15:14:16.018,0.7901,0.79025,4.35,1.63
2012.08.21 15:14:22.121,0.79012,0.79026,1.73,1.11
2012.08.21 15:14:23.096,0.79013,0.79027,1.73,1.95
2012.08.21 15:14:23.215,0.79013,0.79027,1.73,1.95
2012.08.21 15:14:23.749,0.79013,0.79027,1.73,1.20
2012.08.21 15:14:24.327,0.79013,0.79028,2.48,1.80
2012.08.21 15:14:24.845,0.79013,0.79028,5.48,1.26
2012.08.21 15:14:25.394,0.79013,0.79028,6.23,2.01
2012.08.21 15:14:25.916,0.79013,0.79027,4.50,2.17
2012.08.21 15:14:26.346,0.79012,0.79027,1.50,2.92
2012.08.21 15:14:26.693,0.79012,0.79027,2.10,1.63
2012.08.21 15:14:27.289,0.79013,0.79028,1.73,2.70
2012.08.21 15:14:27.913,0.79014,0.79027,4.73,1.63
2012.08.21 15:14:28.799,0.79015,0.7903,2.85,1.63
2012.08.21 15:14:29.340,0.79015,0.7903,6.60,1.63
2012.08.21 15:14:30.240,0.79015,0.79031,5.48,4.20
2012.08.21 15:14:30.303,0.79015,0.79029,1.73,1.63
2012.08.21 15:14:30.826,0.79013,0.79027,4.73,1.63
2012.08.21 15:14:31.344,0.79013,0.79028,5.48,2.38
2012.08.21 15:14:31.522,0.79012,0.79027,1.73,1.26
2012.08.21 15:14:32.470,0.79011,0.79026,4.73,1.63
2012.08.21 15:14:33.214,0.79011,0.79026,5.48,2.38
2012.08.21 15:14:33.913,0.79011,0.79027,3.23,3.07
2012.08.21 15:14:34.033,0.79011,0.79027,3.98,2.76
2012.08.21 15:14:34.549,0.79011,0.79027,3.23,2.98
2012.08.21 15:14:34.845,0.79009,0.79022,4.43,1.73
2012.08.21 15:14:35.018,0.79009,0.79022,3.98,2.38
2012.08.21 15:14:35.541,0.79007,0.79022,2.25,2.92
2012.08.21 15:14:36.069,0.79006,0.79022,1.73,2.61
2012.08.21 15:14:37.277,0.7901,0.79021,1.50,2.38
2012.08.21 15:14:41.368,0.7901,0.79021,1.50,4.20
2012.08.21 15:14:41.887,0.79009,0.79018,1.50,1.50
2012.08.21 15:14:43.229,0.79009,0.79018,1.50,1.63
2012.08.21 15:14:43.775,0.79005,0.79016,2.25,1.95
2012.08.21 15:14:44.156,0.79005,0.79016,2.25,1.63
2012.08.21 15:14:44.391,0.79006,0.79017,1.50,2.70
2012.08.21 15:14:44.625,0.79006,0.79017,1.50,2.70
2012.08.21 15:14:44.973,0.79009,0.79018,1.50,3.88
2012.08.21 15:14:45.498,0.79008,0.79017,1.50,2.38
2012.08.21 15:14:46.013,0.79008,0.79017,1.50,1.63
2012.08.21 15:14:49.748,0.79008,0.79017,1.50,2.01
2012.08.21 15:14:50.037,0.79005,0.79016,1.50,1.95
2012.08.21 15:14:50.389,0.79005,0.79016,1.50,2.70
2012.08.21 15:14:50.907,0.79006,0.79016,1.50,1.48
2012.08.21 15:14:51.366,0.79005,0.79016,1.50,2.98
2012.08.21 15:14:52.080,0.79005,0.79016,1.50,2.98
2012.08.21 15:14:52.627,0.79007,0.79016,1.50,2.92
2012.08.21 15:14:52.698,0.79007,0.79016,1.50,2.32
2012.08.21 15:14:53.216,0.79006,0.79015,1.50,1.95
2012.08.21 15:14:55.195,0.79006,0.79017,1.50,1.95
2012.08.21 15:14:58.264,0.79006,0.79017,1.50,2.17
2012.08.21 15:14:58.792,0.79005,0.79016,1.50,1.95
2012.08.21 15:14:59.310,0.79006,0.79015,1.50,3.36
2012.08.21 15:14:59.825,0.79006,0.79015,1.50,3.67
2012.08.21 15:15:00.341,0.79006,0.79015,1.50,1.95
2012.08.21 15:15:01.254,0.79006,0.79015,1.50,2.38
2012.08.21 15:15:01.773,0.79006,0.79015,1.50,2.38
2012.08.21 15:15:04.016,0.79006,0.79015,1.50,2.57
2012.08.21 15:15:04.999,0.79006,0.79015,1.50,2.70
2012.08.21 15:15:05.571,0.79006,0.79015,1.50,2.57
2012.08.21 15:15:06.570,0.79006,0.79015,1.50,2.70
2012.08.21 15:15:07.149,0.79006,0.79015,1.50,2.70
2012.08.21 15:15:08.140,0.79006,0.79015,1.50,2.70
2012.08.21 15:15:10.024,0.79006,0.79015,1.50,3.13
2012.08.21 15:15:10.569,0.79006,0.79015,1.50,3.36
2012.08.21 15:15:13.347,0.79006,0.79015,1.50,3.36
2012.08.21 15:15:17.309,0.79006,0.79014,1.50,2.01
2012.08.21 15:15:17.372,0.79003,0.79014,1.50,3.51
2012.08.21 15:15:17.436,0.79003,0.79012,1.50,1.57
2012.08.21 15:15:17.951,0.79003,0.79012,1.50,4.42
2012.08.21 15:15:18.316,0.79001,0.7901,2.25,3.13
2012.08.21 15:15:18.495,0.78999,0.79008,3.00,2.38
2012.08.21 15:15:19.115,0.78999,0.79008,1.50,2.38
2012.08.21 15:15:19.648,0.79,0.79009,1.50,3.13
2012.08.21 15:15:20.926,0.78997,0.79008,2.48,2.25
2012.08.21 15:15:21.787,0.78998,0.79009,1.73,2.38
2012.08.21 15:15:22.304,0.78998,0.79009,1.73,1.63
2012.08.21 15:15:23.023,0.78998,0.79009,1.73,1.50
2012.08.21 15:15:24.387,0.79002,0.7901,1.50,1.50
2012.08.21 15:15:24.901,0.79002,0.79011,1.50,3.00
2012.08.21 15:15:26.100,0.79002,0.79011,2.48,2.25
2012.08.21 15:15:26.335,0.79002,0.79011,3.75,1.50
2012.08.21 15:15:26.456,0.79004,0.79013,1.50,3.00
2012.08.21 15:15:28.393,0.79003,0.79012,1.50,1.63
2012.08.21 15:15:28.575,0.79,0.79011,1.50,1.50
2012.08.21 15:15:29.089,0.79,0.79011,3.75,1.50
2012.08.21 15:15:29.265,0.79002,0.79011,1.73,1.50
2012.08.21 15:15:29.386,0.79004,0.79013,1.50,1.50
2012.08.21 15:15:29.449,0.79004,0.79012,1.50,4.50
2012.08.21 15:15:29.684,0.79002,0.79013,3.75,1.86
2012.08.21 15:15:30.237,0.79002,0.79013,2.48,1.82
2012.08.21 15:15:30.772,0.79003,0.79012,1.50,1.50
2012.08.21 15:15:31.614,0.79004,0.79013,1.50,1.50
2012.08.21 15:15:33.927,0.79002,0.79013,3.00,1.82
2012.08.21 15:15:34.442,0.79003,0.79014,1.50,1.82
2012.08.21 15:15:35.236,0.79001,0.7901,1.73,1.50
2012.08.21 15:15:35.762,0.79,0.79009,1.50,1.63
2012.08.21 15:15:37.640,0.79001,0.7901,1.50,1.50
2012.08.21 15:15:38.785,0.78999,0.7901,2.25,1.63
2012.08.21 15:15:39.316,0.79,0.79011,1.50,2.38
2012.08.21 15:15:39.833,0.79001,0.7901,1.50,1.50
2012.08.21 15:15:40.719,0.78999,0.7901,2.48,1.50
2012.08.21 15:15:41.819,0.79,0.79011,2.25,1.82
2012.08.21 15:15:43.075,0.79,0.79011,3.75,1.82
2012.08.21 15:15:43.309,0.79002,0.79013,1.73,1.63
2012.08.21 15:15:43.540,0.79003,0.79014,1.73,1.63
2012.08.21 15:15:44.129,0.79003,0.79012,1.50,1.50
2012.08.21 15:15:45.077,0.79001,0.79012,2.25,1.50
2012.08.21 15:15:45.253,0.79003,0.79012,1.50,1.50
2012.08.21 15:15:45.759,0.79002,0.79011,1.50,1.50
2012.08.21 15:15:47.203,0.79002,0.79011,2.25,1.50
2012.08.21 15:15:48.248,0.79002,0.79011,1.50,1.50
2012.08.21 15:15:50.973,0.79002,0.79011,1.50,1.63
2012.08.21 15:15:52.292,0.79002,0.79011,1.50,1.50
2012.08.21 15:15:56.549,0.79002,0.79011,2.25,1.63
2012.08.21 15:15:57.065,0.79003,0.79012,1.50,2.38
2012.08.21 15:16:01.767,0.79004,0.79013,1.50,1.63
2012.08.21 15:16:02.290,0.79004,0.79013,1.73,1.63
2012.08.21 15:16:03.336,0.79003,0.79014,2.48,1.63
2012.08.21 15:16:03.680,0.79003,0.79014,2.48,1.95
2012.08.21 15:16:03.860,0.79003,0.79014,2.48,1.95
2012.08.21 15:16:04.939,0.79003,0.79014,3.23,2.38
2012.08.21 15:16:05.448,0.79003,0.79014,3.23,2.38
2012.08.21 15:16:05.966,0.79003,0.79014,2.48,3.45
2012.08.21 15:16:07.056,0.79001,0.79012,2.25,3.00
2012.08.21 15:16:07.911,0.79001,0.79012,2.48,2.38
2012.08.21 15:16:08.425,0.79001,0.79012,2.25,2.38
2012.08.21 15:16:15.664,0.79,0.79009,3.98,1.50
2012.08.21 15:16:16.200,0.79001,0.7901,1.50,1.50
2012.08.21 15:16:16.772,0.79002,0.79011,1.50,1.63
2012.08.21 15:16:17.605,0.79002,0.79011,3.00,1.88
2012.08.21 15:16:25.793,0.79002,0.79011,1.50,1.82
2012.08.21 15:16:26.314,0.79002,0.79011,1.50,2.38
2012.08.21 15:16:26.848,0.79002,0.79011,2.25,2.38
2012.08.21 15:16:29.770,0.79002,0.79011,1.50,2.01
2012.08.21 15:16:29.947,0.79002,0.7901,1.50,1.20
2012.08.21 15:16:30.181,0.78999,0.79009,1.50,2.38
2012.08.21 15:16:30.667,0.79001,0.79012,2.25,5.32
2012.08.21 15:16:31.068,0.79001,0.79012,2.25,3.51
2012.08.21 15:16:32.909,0.79001,0.79012,3.00,1.88
2012.08.21 15:16:37.591,0.79001,0.79012,3.00,4.07
2012.08.21 15:16:37.939,0.78995,0.79006,2.25,2.85
2012.08.21 15:16:38.290,0.78996,0.79006,2.25,1.13
2012.08.21 15:16:41.739,0.78998,0.79008,2.25,1.88
2012.08.21 15:16:42.213,0.78998,0.79009,2.25,3.75
2012.08.21 15:16:42.729,0.79,0.7901,1.50,3.88
2012.08.21 15:16:43.279,0.79,0.79009,3.00,2.25
2012.08.21 15:16:44.916,0.79,0.79008,1.50,1.50
2012.08.21 15:16:45.261,0.79,0.7901,1.50,2.25
2012.08.21 15:16:45.982,0.79,0.7901,1.50,2.25
2012.08.21 15:16:46.785,0.79,0.7901,1.50,2.25
2012.08.21 15:16:47.303,0.79,0.7901,1.50,2.25
2012.08.21 15:16:47.760,0.79,0.79011,1.50,3.30
2012.08.21 15:16:47.936,0.79,0.79011,3.00,3.38
2012.08.21 15:16:48.289,0.79002,0.79011,3.00,1.50
2012.08.21 15:16:49.266,0.79,0.79011,3.75,3.00
2012.08.21 15:16:49.502,0.79002,0.79011,1.50,2.25
2012.08.21 15:16:49.849,0.79002,0.79012,1.50,2.25
2012.08.21 15:16:51.519,0.79002,0.79011,1.50,1.26
2012.08.21 15:16:51.696,0.79002,0.79012,1.50,2.38
2012.08.21 15:16:52.343,0.79002,0.79011,3.00,1.50
2012.08.21 15:16:52.690,0.79001,0.7901,1.50,2.25
2012.08.21 15:16:53.217,0.79001,0.7901,2.25,3.00
2012.08.21 15:16:53.337,0.79004,0.79013,2.25,4.79
2012.08.21 15:16:53.890,0.79004,0.79013,3.23,1.50
2012.08.21 15:16:54.363,0.79005,0.79013,1.50,1.50
2012.08.21 15:16:56.442,0.79004,0.79013,2.25,2.25
2012.08.21 15:16:56.953,0.79004,0.79013,1.50,2.25
2012.08.21 15:16:59.237,0.79002,0.79013,3.23,2.25
2012.08.21 15:17:00.121,0.79002,0.79013,2.25,2.25
2012.08.21 15:17:01.171,0.79002,0.79013,2.25,1.50
2012.08.21 15:17:05.430,0.79002,0.79012,2.25,1.50
2012.08.21 15:17:05.492,0.79001,0.7901,3.00,1.50
2012.08.21 15:17:06.246,0.79001,0.7901,2.25,2.25
2012.08.21 15:17:07.910,0.78999,0.79007,1.50,1.50
2012.08.21 15:17:08.433,0.78999,0.7901,3.00,2.25
2012.08.21 15:17:08.556,0.78999,0.7901,3.00,1.63
2012.08.21 15:17:09.799,0.79001,0.7901,3.00,1.63
2012.08.21 15:17:10.149,0.79001,0.7901,3.00,1.63
2012.08.21 15:17:10.684,0.79001,0.79011,1.50,3.88
2012.08.21 15:17:10.979,0.79002,0.79011,2.25,2.38
2012.08.21 15:17:11.504,0.79001,0.79011,1.50,1.63
2012.08.21 15:17:11.852,0.79,0.79009,2.25,1.50
2012.08.21 15:17:12.201,0.78999,0.79009,3.23,2.38
2012.08.21 15:17:12.550,0.78999,0.79008,1.50,1.50
2012.08.21 15:17:13.110,0.78999,0.79006,1.50,1.50
2012.08.21 15:17:13.239,0.79,0.79009,2.25,2.01
2012.08.21 15:17:13.762,0.78999,0.7901,3.75,2.38
2012.08.21 15:17:13.998,0.78999,0.7901,3.75,3.13
2012.08.21 15:17:14.539,0.79001,0.79012,2.25,2.01
2012.08.21 15:17:14.996,0.79001,0.79012,2.25,1.63
2012.08.21 15:17:15.403,0.79002,0.79011,2.25,1.63
2012.08.21 15:17:16.186,0.79002,0.79011,2.25,1.63
2012.08.21 15:17:17.962,0.79002,0.79011,3.00,1.63
2012.08.21 15:17:18.138,0.79002,0.79011,3.00,1.63
2012.08.21 15:17:19.626,0.79002,0.79012,1.50,1.50
2012.08.21 15:17:19.988,0.79,0.79009,3.23,1.50
2012.08.21 15:17:20.050,0.79002,0.79011,1.50,1.63
2012.08.21 15:17:20.854,0.79002,0.79011,2.25,1.50
2012.08.21 15:17:21.995,0.79002,0.79011,2.25,1.50
2012.08.21 15:17:22.842,0.79002,0.79011,1.50,1.63
2012.08.21 15:17:23.198,0.79001,0.79011,1.50,3.57
2012.08.21 15:17:23.433,0.78997,0.79008,1.50,2.01
2012.08.21 15:17:23.672,0.78995,0.79006,3.00,1.50
2012.08.21 15:17:24.207,0.78995,0.79006,1.50,2.48
2012.08.21 15:17:24.875,0.78995,0.79005,1.50,1.13
2012.08.21 15:17:24.938,0.78995,0.79004,1.50,1.13
2012.08.21 15:17:25.115,0.78991,0.79002,1.50,3.88
2012.08.21 15:17:25.372,0.78989,0.78998,1.50,1.50
2012.08.21 15:17:25.906,0.7899,0.78999,1.50,1.50
2012.08.21 15:17:26.258,0.78992,0.79001,1.50,3.75
2012.08.21 15:17:26.779,0.78994,0.79002,1.50,4.50
2012.08.21 15:17:27.212,0.78994,0.79005,1.50,2.91
2012.08.21 15:17:27.389,0.78994,0.79005,2.25,1.65
2012.08.21 15:17:27.676,0.78994,0.79005,2.25,2.31
2012.08.21 15:17:28.110,0.78996,0.79005,2.25,1.50
2012.08.21 15:17:28.634,0.78997,0.79006,3.00,1.63
2012.08.21 15:17:33.823,0.78998,0.79009,2.25,1.73
2012.08.21 15:17:33.943,0.78999,0.79009,1.73,1.50
2012.08.21 15:17:34.293,0.78998,0.79009,3.75,2.98
2012.08.21 15:17:34.779,0.78997,0.79003,1.50,1.11
2012.08.21 15:17:35.878,0.78994,0.79003,3.00,1.50
2012.08.21 15:17:36.221,0.78995,0.79004,2.25,2.38
2012.08.21 15:17:36.745,0.78995,0.79004,1.50,1.50
2012.08.21 15:17:38.626,0.78994,0.79003,1.50,1.50
2012.08.21 15:17:42.048,0.78994,0.79005,2.10,2.38
2012.08.21 15:17:42.295,0.78994,0.79005,3.60,2.25
2012.08.21 15:17:42.822,0.78996,0.79005,2.25,1.50
2012.08.21 15:17:43.304,0.78996,0.79007,2.25,3.13
2012.08.21 15:17:44.284,0.78997,0.79007,1.50,2.76
2012.08.21 15:17:45.614,0.78997,0.79007,1.50,3.13
2012.08.21 15:17:46.105,0.78998,0.79009,3.00,4.63
2012.08.21 15:17:46.173,0.78997,0.79008,3.23,1.50
2012.08.21 15:17:46.235,0.78997,0.79008,2.48,1.50
2012.08.21 15:17:49.789,0.78999,0.79008,2.48,1.50
2012.08.21 15:17:50.354,0.79001,0.7901,2.25,1.50
2012.08.21 15:17:50.927,0.79001,0.7901,3.23,1.50
2012.08.21 15:17:51.104,0.79001,0.79012,3.23,1.50
2012.08.21 15:17:51.735,0.79002,0.79011,2.25,1.50
2012.08.21 15:17:52.251,0.79001,0.79012,3.23,1.50
2012.08.21 15:17:56.332,0.79003,0.79013,2.25,1.50
2012.08.21 15:17:56.733,0.79006,0.79014,1.50,1.50
2012.08.21 15:17:57.085,0.7901,0.79018,1.50,1.63
2012.08.21 15:17:57.777,0.7901,0.79018,1.50,1.63
2012.08.21 15:17:59.011,0.79006,0.79017,2.25,2.61
2012.08.21 15:17:59.244,0.79007,0.79016,1.50,2.38
2012.08.21 15:18:02.477,0.79008,0.79019,2.25,3.98
2012.08.21 15:18:02.540,0.79011,0.7902,1.50,2.85
2012.08.21 15:18:02.602,0.79011,0.7902,1.50,1.88
2012.08.21 15:18:02.723,0.79011,0.7902,2.25,1.88
2012.08.21 15:18:06.716,0.79012,0.79021,2.25,1.63
2012.08.21 15:18:07.247,0.79012,0.79021,2.25,1.63
2012.08.21 15:18:08.382,0.79012,0.79021,2.25,1.63
2012.08.21 15:18:10.398,0.79012,0.79021,2.25,1.50
2012.08.21 15:18:15.773,0.79012,0.79021,2.25,1.63
2012.08.21 15:18:16.750,0.79012,0.79021,2.25,1.50
2012.08.21 15:18:17.156,0.79014,0.79023,2.25,1.50
2012.08.21 15:18:17.671,0.79013,0.79024,2.25,3.00
2012.08.21 15:18:17.733,0.79016,0.79025,2.25,4.56
2012.08.21 15:18:18.279,0.79017,0.79027,1.50,2.38
2012.08.21 15:18:19.157,0.79017,0.79027,1.50,1.50
2012.08.21 15:18:24.474,0.79017,0.79027,1.50,1.63
2012.08.21 15:18:26.767,0.79017,0.79027,1.50,2.38
2012.08.21 15:18:27.334,0.79017,0.79027,1.50,2.38
2012.08.21 15:18:27.861,0.79017,0.79027,1.50,2.25
2012.08.21 15:18:32.867,0.79016,0.79027,1.50,2.25
2012.08.21 15:18:33.941,0.79017,0.79027,1.50,2.25
2012.08.21 15:18:34.344,0.79015,0.79026,1.73,1.50
2012.08.21 15:18:34.895,0.79016,0.79027,1.73,2.25
2012.08.21 15:18:35.430,0.79016,0.79027,1.50,1.63
2012.08.21 15:18:35.948,0.79016,0.79027,1.50,1.50
2012.08.21 15:18:36.466,0.79015,0.79026,1.73,1.50
2012.08.21 15:18:37.175,0.79016,0.79027,2.25,1.63
2012.08.21 15:18:37.237,0.79016,0.79027,3.00,1.63
2012.08.21 15:18:37.751,0.79016,0.79027,3.00,2.25
2012.08.21 15:18:38.496,0.79018,0.79028,2.25,1.50
2012.08.21 15:18:39.698,0.79018,0.79029,2.48,3.00
2012.08.21 15:18:39.931,0.79018,0.79029,3.23,2.25
2012.08.21 15:18:40.448,0.79017,0.79029,2.48,1.50
2012.08.21 15:18:40.966,0.79017,0.79028,2.25,2.25
2012.08.21 15:18:41.682,0.79017,0.79028,1.50,2.25
2012.08.21 15:18:46.146,0.79017,0.79028,2.48,3.13
2012.08.21 15:18:49.158,0.79017,0.79027,1.73,1.50
2012.08.21 15:18:51.440,0.79017,0.79028,1.50,3.13
2012.08.21 15:18:53.935,0.79017,0.79028,1.50,2.38
2012.08.21 15:18:54.449,0.79017,0.79027,1.50,1.26
2012.08.21 15:18:54.796,0.79015,0.79027,1.50,2.38
2012.08.21 15:18:58.659,0.79014,0.79026,1.50,3.13
2012.08.21 15:18:59.229,0.79014,0.79026,1.50,3.00
2012.08.21 15:19:01.740,0.79014,0.79026,1.73,3.13
2012.08.21 15:19:01.974,0.79013,0.79026,2.25,3.13
2012.08.21 15:19:02.435,0.79012,0.79024,1.73,4.50
2012.08.21 15:19:03.727,0.79012,0.79023,1.50,2.98
2012.08.21 15:19:04.999,0.79012,0.79023,1.50,2.61
2012.08.21 15:19:06.246,0.79012,0.79023,1.50,2.98
2012.08.21 15:19:15.345,0.79012,0.79023,1.50,2.38
2012.08.21 15:19:15.859,0.79012,0.79022,1.50,1.63
2012.08.21 15:19:16.611,0.79012,0.79022,1.50,1.63
2012.08.21 15:19:18.243,0.79012,0.79023,1.50,2.61
2012.08.21 15:19:20.319,0.79012,0.79023,1.50,2.25
2012.08.21 15:19:21.120,0.79012,0.79024,2.25,1.50
2012.08.21 15:19:22.831,0.79012,0.79024,2.25,3.00
2012.08.21 15:19:23.352,0.79012,0.79021,1.50,1.50
2012.08.21 15:19:23.987,0.79012,0.79023,1.50,1.63
2012.08.21 15:19:25.448,0.79012,0.79024,2.25,2.48
2012.08.21 15:19:28.531,0.79013,0.79025,1.50,2.25
2012.08.21 15:19:28.998,0.79013,0.79023,1.50,1.50
2012.08.21 15:19:29.551,0.79012,0.79024,1.50,1.50
2012.08.21 15:19:29.954,0.79011,0.79024,2.25,2.25
2012.08.21 15:19:30.188,0.79011,0.79024,2.25,2.25
2012.08.21 15:19:30.703,0.79011,0.79024,1.50,2.48
2012.08.21 15:19:32.576,0.79011,0.79023,2.25,1.50
2012.08.21 15:19:34.867,0.79014,0.79024,1.50,2.48
2012.08.21 15:19:35.206,0.79016,0.79025,1.73,1.50
2012.08.21 15:19:35.497,0.79016,0.79027,1.73,1.50
2012.08.21 15:19:36.005,0.79016,0.79028,1.73,1.50
2012.08.21 15:19:42.977,0.79015,0.79028,2.25,1.50
2012.08.21 15:19:45.165,0.79016,0.79028,1.73,1.50
2012.08.21 15:19:46.059,0.79016,0.79028,1.73,1.50
2012.08.21 15:19:57.494,0.79015,0.79027,2.48,1.50
2012.08.21 15:19:58.043,0.79015,0.79027,2.25,1.50
2012.08.21 15:19:58.425,0.79013,0.79027,1.50,1.63
2012.08.21 15:19:58.949,0.79013,0.79024,1.50,1.50
2012.08.21 15:19:59.298,0.79014,0.79027,1.50,1.86
2012.08.21 15:20:00.380,0.79014,0.79027,1.50,2.98
2012.08.21 15:20:00.895,0.79016,0.79027,1.73,2.63
2012.08.21 15:20:01.922,0.79015,0.79027,2.48,3.00
2012.08.21 15:20:02.441,0.79014,0.79027,2.25,3.23
2012.08.21 15:20:03.910,0.79013,0.79027,2.48,3.98
2012.08.21 15:20:05.556,0.79013,0.79023,1.73,2.25
2012.08.21 15:20:05.904,0.79011,0.79022,1.50,2.25
2012.08.21 15:20:07.418,0.7901,0.79022,1.50,3.00
2012.08.21 15:20:09.555,0.79011,0.79022,5.25,2.25
2012.08.21 15:20:10.017,0.79014,0.79025,3.98,1.88
2012.08.21 15:20:10.527,0.79014,0.79025,4.73,1.88
2012.08.21 15:20:11.005,0.79016,0.79025,1.50,1.50
2012.08.21 15:20:11.536,0.79015,0.79025,2.25,1.50
2012.08.21 15:20:11.872,0.79016,0.79026,1.73,2.25
2012.08.21 15:20:17.922,0.79018,0.79029,2.25,3.51
2012.08.21 15:20:18.379,0.79018,0.79029,2.25,3.38
2012.08.21 15:20:19.119,0.79018,0.79028,2.25,2.25
2012.08.21 15:20:19.181,0.79017,0.79026,2.25,1.50
2012.08.21 15:20:19.414,0.79017,0.79026,2.25,1.50
2012.08.21 15:20:19.932,0.79016,0.79026,1.50,1.50
2012.08.21 15:20:27.039,0.79018,0.79027,2.48,1.88
2012.08.21 15:20:28.467,0.79016,0.79025,1.50,1.50
2012.08.21 15:20:29.743,0.79016,0.79025,1.50,3.13
2012.08.21 15:20:29.918,0.79014,0.79025,1.50,3.23
2012.08.21 15:20:29.981,0.79013,0.79025,2.25,3.23
2012.08.21 15:20:30.213,0.79012,0.79022,3.00,1.50
2012.08.21 15:20:30.672,0.79014,0.79021,2.48,1.50
2012.08.21 15:20:31.022,0.79016,0.79022,2.48,1.50
2012.08.21 15:20:31.538,0.79016,0.79023,3.23,1.50
2012.08.21 15:20:33.653,0.79013,0.79023,3.00,1.50
2012.08.21 15:20:34.056,0.79013,0.79023,2.25,2.25
2012.08.21 15:20:34.442,0.79011,0.7902,2.25,1.50
2012.08.21 15:20:34.984,0.79011,0.79021,1.50,1.50
2012.08.21 15:20:37.758,0.79011,0.7902,1.50,1.50
2012.08.21 15:20:39.205,0.79011,0.7902,1.73,1.50
2012.08.21 15:20:39.728,0.79011,0.7902,2.48,1.50
2012.08.21 15:20:40.604,0.79012,0.7902,1.50,1.50
2012.08.21 15:20:44.935,0.7901,0.7902,1.50,1.63
2012.08.21 15:20:44.998,0.79009,0.7902,3.00,1.63
2012.08.21 15:20:45.060,0.79009,0.79018,1.50,1.50
2012.08.21 15:20:45.409,0.7901,0.79018,1.50,1.50
2012.08.21 15:20:46.458,0.79008,0.79018,1.50,1.50
2012.08.21 15:20:46.692,0.79008,0.79018,2.25,1.50
2012.08.21 15:20:47.210,0.7901,0.79018,1.50,1.50
2012.08.21 15:20:47.746,0.7901,0.79017,1.50,1.50
2012.08.21 15:20:48.278,0.79008,0.79017,1.50,1.63
2012.08.21 15:20:48.909,0.79007,0.79017,1.50,2.38
2012.08.21 15:20:48.971,0.79007,0.79015,1.50,1.50
2012.08.21 15:20:49.645,0.79004,0.79015,3.98,1.50
2012.08.21 15:20:50.168,0.79005,0.79016,3.00,1.50
2012.08.21 15:20:50.517,0.79005,0.79014,2.25,1.50
2012.08.21 15:20:50.863,0.79006,0.79014,1.50,1.50
2012.08.21 15:20:50.982,0.79005,0.79014,2.25,1.50
2012.08.21 15:20:52.014,0.79004,0.79013,3.23,1.50
2012.08.21 15:20:52.191,0.79004,0.79013,4.73,1.50
2012.08.21 15:20:52.651,0.79003,0.79012,4.50,1.50
2012.08.21 15:20:52.941,0.79004,0.79012,1.50,1.50
2012.08.21 15:20:53.600,0.79004,0.79012,1.50,1.50
2012.08.21 15:20:53.664,0.79003,0.79012,3.75,1.50
2012.08.21 15:20:58.005,0.79003,0.79011,1.50,1.50
2012.08.21 15:20:58.409,0.79002,0.79011,2.48,1.50
2012.08.21 15:21:00.369,0.79,0.7901,2.48,1.50
2012.08.21 15:21:00.889,0.79,0.79011,3.00,1.50
2012.08.21 15:21:00.952,0.79,0.79009,3.00,1.50
2012.08.21 15:21:01.666,0.79001,0.79009,1.50,1.50
2012.08.21 15:21:01.731,0.79001,0.79011,1.73,1.50
2012.08.21 15:21:02.250,0.79003,0.79012,1.50,1.50
2012.08.21 15:21:02.766,0.79003,0.79011,1.50,1.50
2012.08.21 15:21:03.057,0.79002,0.79009,1.73,1.50
2012.08.21 15:21:03.581,0.79002,0.7901,1.73,1.50
2012.08.21 15:21:07.187,0.79002,0.79013,3.23,1.50
2012.08.21 15:21:07.725,0.79003,0.79012,2.25,1.50
2012.08.21 15:21:08.564,0.79002,0.79009,1.50,1.50
2012.08.21 15:21:08.974,0.79002,0.79011,1.50,1.50
2012.08.21 15:21:12.400,0.79002,0.79013,3.00,2.25
2012.08.21 15:21:12.939,0.79004,0.79013,2.25,1.50
2012.08.21 15:21:13.005,0.79007,0.79013,1.50,1.50
2012.08.21 15:21:13.182,0.79007,0.79013,1.50,1.50
2012.08.21 15:21:13.416,0.79005,0.79016,3.00,1.50
2012.08.21 15:21:13.479,0.79006,0.79016,1.50,1.50
2012.08.21 15:21:14.374,0.79006,0.79015,1.50,1.50
2012.08.21 15:21:14.945,0.79006,0.79016,1.50,1.50
2012.08.21 15:21:15.007,0.79005,0.79016,2.48,1.50
2012.08.21 15:21:15.523,0.79004,0.79015,3.00,1.50
2012.08.21 15:21:17.914,0.79003,0.79013,2.48,1.50
2012.08.21 15:21:18.430,0.79003,0.79014,3.00,1.50
2012.08.21 15:21:18.799,0.79003,0.79012,3.00,1.50
2012.08.21 15:21:19.253,0.79003,0.79014,3.00,1.50
2012.08.21 15:21:21.323,0.79003,0.79013,1.50,1.50
2012.08.21 15:21:23.095,0.79002,0.79012,1.50,1.50
2012.08.21 15:21:23.609,0.79002,0.79011,2.25,1.50
2012.08.21 15:21:24.453,0.79003,0.79012,2.25,1.50
2012.08.21 15:21:24.988,0.79002,0.79011,2.25,1.50
2012.08.21 15:21:25.582,0.79002,0.79011,2.25,1.50
2012.08.21 15:21:29.571,0.79002,0.79013,2.25,2.25
2012.08.21 15:21:30.369,0.79002,0.79011,2.25,1.50
2012.08.21 15:21:37.444,0.79,0.79009,2.25,1.50
2012.08.21 15:21:37.793,0.78998,0.79007,3.75,1.50
2012.08.21 15:21:38.405,0.78999,0.79008,2.25,1.50
2012.08.21 15:21:38.948,0.78998,0.79007,2.25,1.50
2012.08.21 15:21:39.736,0.78996,0.79004,1.50,1.50
2012.08.21 15:21:39.799,0.78995,0.79004,1.50,1.50
2012.08.21 15:21:40.147,0.78993,0.79002,3.00,1.50
2012.08.21 15:21:40.219,0.78993,0.79004,3.00,1.50
2012.08.21 15:21:41.309,0.78992,0.79003,3.00,1.50
2012.08.21 15:21:43.215,0.78993,0.79003,2.48,1.50
2012.08.21 15:21:43.447,0.78995,0.79006,3.23,3.00
2012.08.21 15:21:43.963,0.78998,0.79007,1.50,2.25
2012.08.21 15:21:44.520,0.78998,0.79007,1.50,1.50
2012.08.21 15:21:47.304,0.78998,0.79007,1.50,2.38
2012.08.21 15:21:47.652,0.78998,0.79005,1.50,1.26
2012.08.21 15:21:47.997,0.78992,0.79003,2.48,1.50
2012.08.21 15:21:48.511,0.78993,0.79004,1.50,1.63
2012.08.21 15:21:49.044,0.78992,0.79003,2.25,2.48
2012.08.21 15:21:50.506,0.78992,0.79003,1.50,2.61
2012.08.21 15:21:50.813,0.78991,0.79,1.50,1.50
2012.08.21 15:21:51.047,0.78988,0.78999,1.50,1.50
2012.08.21 15:21:51.169,0.78988,0.78997,1.50,1.50
2012.08.21 15:21:52.161,0.78988,0.78997,1.50,6.51
2012.08.21 15:21:52.281,0.78984,0.78995,1.95,2.25
2012.08.21 15:21:52.805,0.78984,0.78995,1.50,2.25
2012.08.21 15:21:57.327,0.78984,0.78995,2.25,1.50
2012.08.21 15:21:57.561,0.78988,0.78997,1.50,3.00
2012.08.21 15:21:58.091,0.78988,0.78997,1.50,1.63
2012.08.21 15:21:58.606,0.78988,0.78997,1.50,1.50
2012.08.21 15:21:59.132,0.78988,0.78999,1.50,2.61
2012.08.21 15:22:00.689,0.78988,0.78997,1.50,1.50
2012.08.21 15:22:01.265,0.78988,0.78999,1.50,1.86
2012.08.21 15:22:01.779,0.78988,0.78997,1.50,1.50
2012.08.21 15:22:02.289,0.78987,0.78998,1.50,1.63
2012.08.21 15:22:03.092,0.78988,0.78999,1.50,1.86
2012.08.21 15:22:03.665,0.78989,0.78998,1.50,1.50
2012.08.21 15:22:11.239,0.78989,0.78998,3.75,1.50
2012.08.21 15:22:11.361,0.78991,0.79001,1.73,1.50
2012.08.21 15:22:11.482,0.78993,0.79004,1.50,4.26
2012.08.21 15:22:11.891,0.78992,0.79001,1.50,2.61
2012.08.21 15:22:11.953,0.7899,0.79,1.50,1.11
2012.08.21 15:22:14.293,0.7899,0.79001,1.50,1.73
2012.08.21 15:22:14.413,0.78992,0.79001,1.50,1.50
2012.08.21 15:22:14.760,0.7899,0.79,1.50,1.11
2012.08.21 15:22:15.672,0.78989,0.78998,1.50,1.50
2012.08.21 15:22:16.183,0.78989,0.79,1.50,3.36
2012.08.21 15:22:16.700,0.78988,0.78999,1.50,1.86
2012.08.21 15:22:17.786,0.78988,0.78999,2.25,1.86
2012.08.21 15:22:23.350,0.78993,0.79,4.50,1.50
2012.08.21 15:22:23.582,0.78997,0.79006,1.50,2.40
2012.08.21 15:22:23.702,0.79,0.79008,1.50,1.05
2012.08.21 15:22:23.821,0.79,0.79009,1.50,1.88
2012.08.21 15:22:25.859,0.78999,0.79008,2.25,1.50
2012.08.21 15:22:25.978,0.78999,0.7901,1.50,1.50
2012.08.21 15:22:28.906,0.78999,0.7901,3.00,1.50
2012.08.21 15:22:29.586,0.79,0.7901,1.73,1.50
2012.08.21 15:22:30.095,0.79001,0.7901,2.25,1.50
2012.08.21 15:22:30.611,0.79001,0.79011,3.00,2.25
2012.08.21 15:22:30.963,0.79002,0.79012,1.73,2.25
2012.08.21 15:22:31.084,0.79003,0.79014,2.48,2.25
2012.08.21 15:22:31.604,0.79003,0.79014,6.00,2.25
2012.08.21 15:22:31.871,0.79003,0.79012,2.25,1.50
2012.08.21 15:22:32.375,0.79004,0.79013,1.50,1.50
2012.08.21 15:22:32.888,0.79004,0.79013,2.25,1.50
2012.08.21 15:22:33.988,0.79007,0.79016,1.50,1.50
2012.08.21 15:22:36.074,0.79006,0.79017,1.50,2.25
2012.08.21 15:22:37.290,0.79006,0.79015,1.50,1.50
2012.08.21 15:22:37.711,0.79006,0.79015,6.00,1.50
2012.08.21 15:22:38.080,0.79008,0.79017,1.50,1.50
2012.08.21 15:22:38.372,0.79008,0.79019,2.25,2.63
2012.08.21 15:22:38.435,0.79008,0.79019,2.25,3.75
2012.08.21 15:22:38.782,0.79008,0.79019,3.75,3.75
2012.08.21 15:22:38.901,0.79007,0.79018,3.75,1.88
2012.08.21 15:22:39.727,0.79009,0.79018,1.50,1.88
2012.08.21 15:22:40.542,0.79009,0.79018,1.50,3.00
2012.08.21 15:22:41.166,0.79007,0.79017,1.50,1.88
2012.08.21 15:22:41.435,0.79008,0.79018,1.50,1.50
2012.08.21 15:22:41.671,0.7901,0.79018,1.50,1.50
2012.08.21 15:22:42.187,0.7901,0.7902,2.25,1.50
2012.08.21 15:22:42.522,0.79013,0.7902,1.50,1.50
2012.08.21 15:22:42.641,0.79013,0.7902,1.50,1.50
2012.08.21 15:22:43.173,0.79011,0.7902,2.25,1.50
2012.08.21 15:22:43.802,0.7901,0.79019,3.00,1.50
2012.08.21 15:22:44.036,0.7901,0.79021,3.00,2.25
2012.08.21 15:22:47.163,0.79011,0.79019,1.50,1.50
2012.08.21 15:22:51.612,0.7901,0.79021,3.75,1.50
2012.08.21 15:22:55.282,0.7901,0.79019,3.75,1.50
2012.08.21 15:23:00.698,0.79011,0.7902,3.00,1.50
2012.08.21 15:23:02.160,0.79011,0.7902,2.25,1.50
2012.08.21 15:23:02.510,0.79009,0.79016,1.50,1.50
2012.08.21 15:23:02.687,0.7901,0.79014,1.50,1.50
2012.08.21 15:23:02.927,0.7901,0.79018,1.73,1.50
2012.08.21 15:23:03.104,0.7901,0.7902,2.25,1.50
2012.08.21 15:23:03.632,0.7901,0.7902,1.50,1.50
2012.08.21 15:23:04.708,0.7901,0.79016,1.73,1.50
2012.08.21 15:23:04.829,0.79009,0.79016,2.25,1.50
2012.08.21 15:23:04.892,0.79008,0.79014,1.50,1.50
2012.08.21 15:23:05.126,0.79009,0.79017,2.25,1.50
2012.08.21 15:23:05.651,0.79008,0.79017,3.00,1.50
2012.08.21 15:23:06.172,0.79009,0.79016,2.25,1.50
2012.08.21 15:23:06.698,0.79009,0.79017,1.50,1.50
2012.08.21 15:23:06.990,0.79004,0.79015,3.75,1.50
2012.08.21 15:23:07.507,0.79003,0.79014,3.00,1.50
2012.08.21 15:23:09.662,0.79003,0.79014,3.00,1.50
2012.08.21 15:23:09.781,0.79003,0.79012,3.75,1.50
2012.08.21 15:23:10.292,0.79003,0.79012,3.75,1.50
2012.08.21 15:23:10.649,0.79003,0.79012,3.00,1.50
2012.08.21 15:23:11.351,0.79003,0.79012,3.00,1.50
2012.08.21 15:23:11.894,0.79003,0.79012,3.00,1.50
2012.08.21 15:23:12.423,0.79003,0.79012,3.00,1.50
2012.08.21 15:23:12.774,0.79004,0.79009,1.50,2.63
2012.08.21 15:23:13.297,0.79002,0.79008,1.50,1.07
2012.08.21 15:23:13.360,0.78998,0.79007,1.50,2.25
2012.08.21 15:23:13.880,0.78998,0.79007,4.73,1.50
2012.08.21 15:23:14.446,0.78999,0.79009,2.25,1.50
2012.08.21 15:23:14.565,0.78999,0.79007,2.25,1.50
2012.08.21 15:23:15.345,0.78999,0.79007,2.25,1.50
2012.08.21 15:23:15.691,0.79,0.79009,1.73,1.50
2012.08.21 15:23:17.018,0.78999,0.79009,1.73,1.50
2012.08.21 15:23:17.536,0.78998,0.79009,1.50,1.63
2012.08.21 15:23:18.224,0.78998,0.79007,1.50,1.50
2012.08.21 15:23:18.344,0.78996,0.79005,1.50,1.50
2012.08.21 15:23:18.890,0.78996,0.79005,1.50,2.25
2012.08.21 15:23:21.218,0.78993,0.79002,2.25,1.50
2012.08.21 15:23:22.078,0.78993,0.79002,3.00,1.50
2012.08.21 15:23:22.197,0.78996,0.79004,4.73,1.50
2012.08.21 15:23:22.643,0.78996,0.79004,6.23,1.50
2012.08.21 15:23:23.407,0.78996,0.79005,6.23,1.50
2012.08.21 15:23:23.600,0.78996,0.79005,2.48,1.50
2012.08.21 15:23:24.119,0.78996,0.79004,1.73,1.50
2012.08.21 15:23:24.294,0.78998,0.79007,1.50,1.50
2012.08.21 15:23:24.764,0.78998,0.79007,3.23,1.50
2012.08.21 15:23:25.116,0.78995,0.79004,2.25,1.50
2012.08.21 15:23:25.576,0.78995,0.79004,2.25,1.50
2012.08.21 15:23:25.869,0.78994,0.79005,4.65,2.25
2012.08.21 15:23:26.843,0.78994,0.79005,3.00,3.00
2012.08.21 15:23:26.906,0.78994,0.79001,2.25,1.88
2012.08.21 15:23:27.253,0.7899,0.78999,2.25,1.50
2012.08.21 15:23:27.769,0.7899,0.79001,2.25,2.03
2012.08.21 15:23:28.059,0.7899,0.78999,2.25,1.50
2012.08.21 15:23:28.580,0.7899,0.78999,2.25,1.50
2012.08.21 15:23:28.928,0.78993,0.78999,1.73,1.50
2012.08.21 15:23:29.161,0.78994,0.79002,3.23,1.50
2012.08.21 15:23:29.797,0.78994,0.79003,3.98,1.50
2012.08.21 15:23:30.378,0.78994,0.79003,3.98,1.50
2012.08.21 15:23:31.626,0.78995,0.79003,5.48,1.50
2012.08.21 15:23:32.036,0.78997,0.79006,1.73,1.50
2012.08.21 15:23:32.551,0.78998,0.79007,2.48,1.50
2012.08.21 15:23:35.198,0.78999,0.79008,1.73,1.50
2012.08.21 15:23:35.720,0.78997,0.79008,2.25,3.00
2012.08.21 15:23:36.272,0.78997,0.79008,3.98,2.25
2012.08.21 15:23:36.335,0.78997,0.79008,3.98,2.25
2012.08.21 15:23:36.397,0.78999,0.79008,1.50,2.25
2012.08.21 15:23:37.129,0.78998,0.79007,1.50,1.50
2012.08.21 15:23:37.999,0.78999,0.79008,1.50,2.25
2012.08.21 15:23:38.458,0.78997,0.79008,2.48,3.00
2012.08.21 15:23:38.990,0.78998,0.79008,1.50,1.50
2012.08.21 15:23:40.255,0.78997,0.79008,2.48,3.00
2012.08.21 15:23:41.077,0.78999,0.79008,1.50,3.00
2012.08.21 15:23:43.082,0.78997,0.79008,2.48,3.00
2012.08.21 15:23:45.360,0.78995,0.79006,3.23,1.88
2012.08.21 15:23:45.423,0.78995,0.79003,2.48,1.13
2012.08.21 15:23:45.613,0.7899,0.79001,1.50,3.00
2012.08.21 15:23:46.131,0.78986,0.78996,4.50,2.25
2012.08.21 15:23:46.194,0.78986,0.78996,4.50,3.75
2012.08.21 15:23:46.574,0.78986,0.78994,3.75,1.13
2012.08.21 15:23:46.777,0.78985,0.78994,2.25,1.13
2012.08.21 15:23:54.056,0.78985,0.78995,2.25,1.13
2012.08.21 15:23:54.858,0.78985,0.78995,2.25,1.50
2012.08.21 15:23:57.102,0.78987,0.78995,1.50,1.50
2012.08.21 15:23:57.338,0.78985,0.78995,3.00,1.50
2012.08.21 15:23:57.739,0.78987,0.78995,1.50,1.50
2012.08.21 15:23:58.277,0.78987,0.78996,1.50,2.25
2012.08.21 15:23:58.791,0.78985,0.78996,6.23,3.75
2012.08.21 15:23:59.649,0.78986,0.78996,2.48,1.88
2012.08.21 15:24:00.165,0.78986,0.78997,2.48,3.00
2012.08.21 15:24:00.342,0.78988,0.78997,1.50,1.50
2012.08.21 15:24:01.419,0.78986,0.78995,2.25,1.63
2012.08.21 15:24:01.777,0.78985,0.78995,1.73,3.82
2012.08.21 15:24:01.897,0.78985,0.78995,1.50,3.82
2012.08.21 15:24:01.959,0.78985,0.78995,1.50,3.82
2012.08.21 15:24:02.022,0.78983,0.78994,2.25,1.50
2012.08.21 15:24:02.379,0.78987,0.78995,2.25,1.13
2012.08.21 15:24:02.911,0.78987,0.78996,2.48,2.25
2012.08.21 15:24:03.442,0.78987,0.78996,2.25,2.25
2012.08.21 15:24:06.049,0.78985,0.78995,2.25,1.63
2012.08.21 15:24:06.394,0.78983,0.78994,2.85,2.38
2012.08.21 15:24:06.796,0.78985,0.78994,2.25,2.38
2012.08.21 15:24:07.313,0.78984,0.78993,1.50,2.76
2012.08.21 15:24:12.282,0.78984,0.78993,2.25,2.76
2012.08.21 15:24:13.057,0.78985,0.78993,1.50,2.25
2012.08.21 15:24:13.175,0.78985,0.78993,1.50,2.25
2012.08.21 15:24:13.464,0.78985,0.78993,1.50,2.25
2012.08.21 15:24:14.013,0.78984,0.78993,1.50,3.75
2012.08.21 15:24:14.472,0.78981,0.78991,1.50,1.63
2012.08.21 15:24:14.991,0.7898,0.7899,1.50,1.50
2012.08.21 15:24:15.538,0.7898,0.7899,1.50,2.23
2012.08.21 15:24:15.658,0.78978,0.78989,1.50,3.23
2012.08.21 15:24:16.255,0.78978,0.78989,1.73,1.50
2012.08.21 15:24:16.318,0.78978,0.78989,2.48,1.50
2012.08.21 15:24:16.779,0.78978,0.78989,1.73,1.50
2012.08.21 15:24:18.488,0.78979,0.78989,1.50,1.50
2012.08.21 15:24:19.009,0.7898,0.7899,1.50,1.50
2012.08.21 15:24:19.803,0.7898,0.78991,3.00,2.25
2012.08.21 15:24:20.827,0.7898,0.78991,2.25,2.61
2012.08.21 15:24:20.946,0.7898,0.78991,3.00,2.61
2012.08.21 15:24:21.997,0.7898,0.78991,2.25,3.88
2012.08.21 15:24:22.345,0.78979,0.78987,1.50,1.50
2012.08.21 15:24:23.028,0.78979,0.78988,3.00,1.50
2012.08.21 15:24:27.676,0.78977,0.78988,2.25,4.13
2012.08.21 15:24:27.739,0.78977,0.78988,1.50,4.13
2012.08.21 15:24:27.914,0.78977,0.78988,2.25,3.98
2012.08.21 15:24:28.431,0.78978,0.78988,1.50,2.25
2012.08.21 15:24:29.214,0.78978,0.78988,1.50,1.63
2012.08.21 15:24:29.281,0.78977,0.78988,2.25,3.00
2012.08.21 15:24:29.515,0.78979,0.78989,3.00,1.73
2012.08.21 15:24:29.641,0.7898,0.78991,2.25,1.65
2012.08.21 15:24:29.704,0.7898,0.78991,3.00,1.50
2012.08.21 15:24:30.253,0.78984,0.78992,1.50,1.50
2012.08.21 15:24:32.286,0.78982,0.78991,1.73,1.50
2012.08.21 15:24:32.521,0.78981,0.78991,1.50,1.50
2012.08.21 15:24:32.742,0.78981,0.78991,1.50,1.50
2012.08.21 15:24:33.421,0.78982,0.78991,3.23,1.50
2012.08.21 15:24:33.657,0.78984,0.78991,1.50,1.50
2012.08.21 15:24:33.947,0.78982,0.78991,3.00,1.50
2012.08.21 15:24:34.010,0.78985,0.78993,1.50,1.63
2012.08.21 15:24:34.185,0.78983,0.78993,1.50,1.63
2012.08.21 15:24:34.249,0.78982,0.78993,3.00,1.63
2012.08.21 15:24:34.425,0.78983,0.78993,1.50,1.63
2012.08.21 15:24:34.981,0.78985,0.78993,1.50,1.63
2012.08.21 15:24:35.214,0.78982,0.78993,3.00,1.63
2012.08.21 15:24:35.446,0.78983,0.78993,1.50,1.63
2012.08.21 15:24:35.794,0.78981,0.7899,4.50,1.50
2012.08.21 15:24:36.374,0.78982,0.78991,2.25,1.50
2012.08.21 15:24:38.840,0.78983,0.78994,3.00,3.00
2012.08.21 15:24:39.242,0.78986,0.78995,1.50,2.25
2012.08.21 15:24:39.889,0.78986,0.78995,2.25,1.50
2012.08.21 15:24:41.974,0.78986,0.78995,1.50,1.86
2012.08.21 15:24:42.641,0.78984,0.78993,1.50,1.50
2012.08.21 15:24:43.189,0.78984,0.78992,1.50,1.50
2012.08.21 15:24:43.992,0.78986,0.78996,2.25,1.86
2012.08.21 15:24:45.807,0.78986,0.78995,2.25,1.05
2012.08.21 15:24:46.039,0.78984,0.78996,2.25,2.92
2012.08.21 15:24:46.157,0.78984,0.78996,3.75,2.61
2012.08.21 15:24:46.218,0.78985,0.78995,1.50,1.11
2012.08.21 15:24:46.826,0.78987,0.78996,2.25,1.86
2012.08.21 15:24:47.370,0.78987,0.78996,2.25,1.86
2012.08.21 15:24:47.887,0.78986,0.78996,3.00,2.25
2012.08.21 15:24:49.693,0.78986,0.78995,3.00,1.63
2012.08.21 15:24:50.215,0.78985,0.78994,2.25,1.50
2012.08.21 15:24:50.790,0.78986,0.78997,2.25,3.00
2012.08.21 15:24:51.023,0.78986,0.78995,2.25,1.50
2012.08.21 15:24:51.142,0.78986,0.78997,2.25,3.13
2012.08.21 15:24:51.317,0.78986,0.78995,3.00,1.50
2012.08.21 15:24:51.846,0.78987,0.78996,1.50,1.50
2012.08.21 15:24:52.388,0.78985,0.78996,3.00,1.63
2012.08.21 15:24:52.851,0.78984,0.78992,1.50,1.63
2012.08.21 15:24:53.372,0.78984,0.78992,1.50,2.01
2012.08.21 15:24:57.438,0.78982,0.78993,2.25,1.63
2012.08.21 15:24:57.730,0.78981,0.78992,3.75,1.63
2012.08.21 15:24:58.076,0.7898,0.78991,3.75,1.50
2012.08.21 15:24:59.602,0.7898,0.78991,3.00,1.63
2012.08.21 15:25:00.982,0.7898,0.78991,1.50,1.63
2012.08.21 15:25:01.251,0.7898,0.78991,3.00,1.50
2012.08.21 15:25:05.109,0.78984,0.78991,1.50,1.50
2012.08.21 15:25:05.441,0.78986,0.78992,1.50,1.50
2012.08.21 15:25:05.505,0.78986,0.78994,1.50,1.50
2012.08.21 15:25:05.624,0.78986,0.78994,1.50,1.50
2012.08.21 15:25:06.426,0.78986,0.78996,2.25,1.50
2012.08.21 15:25:09.299,0.78987,0.78996,1.50,1.50
2012.08.21 15:25:09.367,0.78987,0.78996,1.50,1.50
2012.08.21 15:25:09.430,0.78987,0.78998,3.00,1.63
2012.08.21 15:25:10.318,0.78987,0.78998,3.00,1.63
2012.08.21 15:25:10.666,0.78987,0.78995,1.50,1.50
2012.08.21 15:25:11.014,0.78987,0.78995,2.25,1.50
2012.08.21 15:25:11.208,0.78987,0.78997,3.75,1.50
2012.08.21 15:25:11.744,0.78987,0.78996,2.25,1.50
2012.08.21 15:25:11.921,0.78987,0.78996,2.25,1.50
2012.08.21 15:25:12.514,0.78985,0.78995,1.50,1.50
2012.08.21 15:25:13.998,0.78985,0.78993,1.50,1.50
2012.08.21 15:25:16.888,0.78986,0.78995,3.23,1.50
2012.08.21 15:25:16.952,0.78986,0.78995,3.23,1.50
2012.08.21 15:25:18.604,0.78986,0.78994,2.25,1.50
2012.08.21 15:25:18.782,0.78985,0.78994,3.00,1.50
2012.08.21 15:25:19.481,0.78985,0.78996,4.50,1.50
2012.08.21 15:25:19.876,0.78985,0.78994,4.50,1.50
2012.08.21 15:25:19.996,0.78986,0.78994,1.50,1.50
2012.08.21 15:25:20.173,0.78986,0.78995,2.25,1.50
2012.08.21 15:25:20.779,0.78985,0.78994,3.75,1.50
2012.08.21 15:25:21.211,0.78985,0.78996,3.75,1.50
2012.08.21 15:25:21.765,0.78985,0.78995,2.25,1.50
2012.08.21 15:25:22.758,0.78987,0.78998,1.50,2.25
2012.08.21 15:25:23.047,0.78987,0.78998,2.25,2.61
2012.08.21 15:25:23.573,0.78986,0.78995,2.25,1.50
2012.08.21 15:25:24.140,0.78986,0.78996,2.25,1.73
2012.08.21 15:25:24.406,0.78986,0.78996,1.50,1.73
2012.08.21 15:25:24.640,0.78986,0.78996,4.50,3.00
2012.08.21 15:25:25.177,0.78988,0.78995,1.50,1.50
2012.08.21 15:25:25.466,0.78988,0.78998,2.10,1.50
2012.08.21 15:25:27.589,0.78988,0.78997,3.75,1.50
2012.08.21 15:25:28.166,0.78988,0.78997,3.00,1.50
2012.08.21 15:25:28.693,0.78988,0.78998,1.50,1.50
2012.08.21 15:25:28.754,0.78988,0.78998,2.25,1.50
2012.08.21 15:25:29.993,0.7899,0.79,1.50,2.10
2012.08.21 15:25:31.733,0.78989,0.79,1.50,2.10
2012.08.21 15:25:33.105,0.78989,0.79,1.50,2.85
2012.08.21 15:25:33.336,0.7899,0.78999,1.50,2.10
2012.08.21 15:25:33.975,0.78989,0.78998,1.50,1.73
2012.08.21 15:25:34.421,0.78989,0.78998,1.50,1.73
2012.08.21 15:25:38.006,0.78986,0.78996,3.00,1.73
2012.08.21 15:25:38.525,0.78985,0.78996,2.25,1.73
2012.08.21 15:25:39.067,0.78987,0.78996,1.50,1.73
2012.08.21 15:25:39.581,0.78986,0.78997,1.50,1.73
2012.08.21 15:25:40.735,0.78985,0.78996,3.00,1.73
2012.08.21 15:25:41.280,0.78986,0.78995,1.50,1.73
2012.08.21 15:25:41.810,0.78986,0.78997,2.25,1.73
2012.08.21 15:25:42.326,0.78986,0.78997,2.25,1.73
2012.08.21 15:25:42.679,0.78986,0.78997,1.50,2.10
2012.08.21 15:25:42.801,0.78985,0.78996,3.00,2.10
2012.08.21 15:25:42.920,0.78985,0.78995,2.25,1.35
2012.08.21 15:25:43.427,0.78984,0.78993,1.50,1.73
2012.08.21 15:25:44.462,0.78983,0.78993,1.13,1.73
2012.08.21 15:25:46.287,0.78983,0.78993,2.25,1.73
2012.08.21 15:25:46.807,0.78983,0.78992,6.00,1.50
2012.08.21 15:25:47.347,0.78984,0.78993,2.25,1.50
2012.08.21 15:25:51.214,0.78986,0.78993,1.50,1.50
2012.08.21 15:25:51.726,0.78985,0.78993,2.25,1.50
2012.08.21 15:25:52.279,0.78985,0.78993,3.00,1.50
2012.08.21 15:25:53.362,0.78986,0.78995,2.25,1.50
2012.08.21 15:25:55.950,0.78987,0.78996,2.25,1.73
2012.08.21 15:25:57.341,0.78986,0.78995,2.25,1.50
2012.08.21 15:25:59.832,0.78984,0.78993,3.75,1.73
2012.08.21 15:26:00.178,0.78981,0.78991,1.50,1.50
2012.08.21 15:26:00.411,0.78985,0.78991,1.50,1.50
2012.08.21 15:26:00.531,0.78981,0.78992,3.75,1.73
2012.08.21 15:26:00.708,0.78981,0.7899,3.00,1.50
2012.08.21 15:26:01.052,0.78981,0.7899,3.75,1.50
2012.08.21 15:26:01.172,0.78981,0.7899,1.50,1.50
2012.08.21 15:26:02.011,0.78982,0.78991,1.50,1.50
2012.08.21 15:26:03.721,0.78982,0.78993,2.25,1.73
2012.08.21 15:26:03.784,0.78982,0.78993,3.00,1.73
2012.08.21 15:26:04.130,0.78985,0.78993,1.50,1.73
2012.08.21 15:26:06.260,0.78985,0.78994,2.25,3.00
2012.08.21 15:26:06.607,0.78983,0.78993,1.50,1.73
2012.08.21 15:26:06.896,0.78982,0.78993,3.75,1.73
2012.08.21 15:26:07.020,0.78982,0.78993,3.75,1.73
2012.08.21 15:26:07.197,0.78982,0.78991,1.50,1.50
2012.08.21 15:26:07.543,0.7898,0.78991,3.00,1.73
2012.08.21 15:26:07.890,0.7898,0.78991,2.25,1.73
2012.08.21 15:26:15.488,0.7898,0.78991,1.50,1.73
2012.08.21 15:26:27.219,0.78979,0.7899,2.25,1.73
2012.08.21 15:26:30.551,0.78978,0.78987,3.00,1.50
2012.08.21 15:26:31.017,0.78978,0.78989,3.00,1.73
2012.08.21 15:26:31.415,0.78978,0.78987,3.00,1.50
2012.08.21 15:26:44.352,0.78976,0.78985,4.13,1.50
2012.08.21 15:26:44.863,0.78977,0.78987,1.50,1.50
2012.08.21 15:26:46.910,0.78977,0.78986,1.50,1.50
2012.08.21 15:26:47.460,0.78976,0.78987,3.00,1.50
2012.08.21 15:26:48.445,0.78976,0.78986,1.50,1.50
2012.08.21 15:26:49.754,0.78976,0.78987,3.00,3.00
2012.08.21 15:26:52.542,0.78976,0.78986,1.50,1.50
2012.08.21 15:26:56.496,0.78976,0.78987,3.23,1.50
2012.08.21 15:26:57.050,0.78976,0.78986,1.73,1.50
2012.08.21 15:26:57.701,0.78976,0.78987,3.23,1.50
2012.08.21 15:26:58.039,0.78976,0.78985,3.23,1.50
2012.08.21 15:26:58.546,0.78977,0.78986,2.25,1.50
2012.08.21 15:26:59.096,0.78976,0.78985,3.23,1.50
2012.08.21 15:27:00.239,0.78976,0.78985,2.48,1.50
2012.08.21 15:27:02.683,0.78976,0.78985,2.48,1.50
2012.08.21 15:27:04.685,0.78976,0.78987,3.23,1.50
2012.08.21 15:27:05.292,0.78976,0.78986,1.73,1.50
2012.08.21 15:27:05.809,0.78976,0.78987,3.98,1.50
2012.08.21 15:27:07.038,0.78976,0.78985,3.98,1.50
2012.08.21 15:27:07.583,0.78976,0.78986,2.48,1.50
2012.08.21 15:27:08.132,0.78976,0.78987,3.23,1.50
2012.08.21 15:27:09.634,0.78977,0.78987,1.13,1.50
2012.08.21 15:27:10.964,0.7898,0.78988,1.50,1.50
2012.08.21 15:27:18.919,0.78979,0.78988,3.00,1.63
2012.08.21 15:27:19.488,0.7898,0.78988,1.50,1.50
2012.08.21 15:27:24.791,0.78979,0.78987,1.50,1.50
2012.08.21 15:27:25.455,0.78979,0.78988,3.00,1.50
2012.08.21 15:27:27.640,0.78978,0.78987,3.23,1.63
2012.08.21 15:27:27.872,0.78978,0.78989,3.23,1.63
2012.08.21 15:27:29.009,0.78978,0.78989,3.23,1.63
2012.08.21 15:27:29.637,0.78978,0.78987,3.00,1.50
2012.08.21 15:27:30.150,0.78979,0.78988,2.48,1.63
2012.08.21 15:27:32.473,0.78978,0.78989,3.23,1.50
2012.08.21 15:27:32.819,0.78978,0.78989,3.00,1.63
2012.08.21 15:27:34.832,0.78979,0.78988,2.25,1.63
2012.08.21 15:27:36.700,0.78978,0.78987,3.98,1.50
2012.08.21 15:27:40.460,0.78979,0.78988,2.48,1.50
2012.08.21 15:27:41.192,0.78978,0.78989,3.98,1.63
2012.08.21 15:27:41.532,0.78978,0.78989,3.98,1.63
2012.08.21 15:27:42.648,0.78978,0.78988,2.48,1.63
2012.08.21 15:27:43.519,0.78978,0.78988,2.48,1.63
2012.08.21 15:27:46.166,0.78978,0.78988,2.48,1.63
2012.08.21 15:27:47.013,0.78978,0.78988,2.48,1.63
2012.08.21 15:27:48.348,0.78978,0.78989,3.98,1.63
2012.08.21 15:27:48.984,0.78978,0.78987,3.98,1.50
2012.08.21 15:27:49.952,0.78978,0.78989,3.98,1.63
2012.08.21 15:27:50.478,0.78978,0.78987,3.98,1.50
2012.08.21 15:27:50.995,0.78978,0.78989,3.98,1.63
2012.08.21 15:27:51.520,0.78978,0.78987,2.48,1.63
2012.08.21 15:27:55.705,0.78979,0.78988,1.50,1.63
2012.08.21 15:27:56.243,0.78979,0.78988,1.50,1.63
2012.08.21 15:27:58.695,0.78979,0.78988,1.50,1.63
2012.08.21 15:28:03.427,0.7898,0.78989,2.25,1.63
2012.08.21 15:28:04.172,0.78979,0.78988,3.00,1.63
2012.08.21 15:28:08.851,0.78979,0.7899,3.00,2.76
2012.08.21 15:28:09.818,0.78979,0.7899,3.00,3.13
2012.08.21 15:28:10.450,0.78979,0.78988,3.00,1.50
2012.08.21 15:28:11.455,0.78979,0.7899,3.00,3.13
2012.08.21 15:28:11.965,0.78979,0.78988,3.00,1.50
2012.08.21 15:28:12.492,0.7898,0.78989,2.25,1.63
2012.08.21 15:28:13.001,0.7898,0.78989,2.25,1.63
2012.08.21 15:28:13.120,0.7898,0.78989,2.25,1.63
2012.08.21 15:28:15.490,0.7898,0.78989,4.73,1.50
2012.08.21 15:28:15.609,0.7898,0.78989,4.73,1.50
2012.08.21 15:28:15.672,0.78982,0.78991,2.25,1.88
2012.08.21 15:28:16.349,0.78981,0.7899,3.23,1.50
2012.08.21 15:28:17.011,0.78981,0.7899,3.23,1.50
2012.08.21 15:28:17.187,0.78981,0.78992,3.23,1.50
2012.08.21 15:28:17.730,0.78981,0.78991,1.50,1.50
2012.08.21 15:28:19.149,0.7898,0.78991,2.25,1.63
2012.08.21 15:28:19.326,0.78979,0.78987,1.73,1.50
2012.08.21 15:28:19.615,0.78979,0.78989,1.73,3.00
2012.08.21 15:28:20.218,0.78979,0.78987,1.50,1.50
2012.08.21 15:28:20.414,0.78978,0.78987,2.25,1.50
2012.08.21 15:28:20.537,0.78978,0.78989,1.50,1.50
2012.08.21 15:28:20.599,0.78978,0.78989,2.25,1.50
2012.08.21 15:28:21.120,0.78981,0.7899,2.25,1.50
2012.08.21 15:28:21.643,0.78982,0.78991,2.48,1.50
2012.08.21 15:28:22.204,0.78983,0.78992,2.48,1.50
2012.08.21 15:28:23.633,0.78981,0.7899,1.50,1.50
2012.08.21 15:28:23.985,0.78979,0.78987,1.73,1.50
2012.08.21 15:28:24.047,0.78979,0.78989,1.73,1.50
2012.08.21 15:28:24.167,0.78979,0.78987,1.50,1.50
2012.08.21 15:28:24.534,0.78981,0.78989,1.73,1.50
2012.08.21 15:28:26.741,0.78981,0.7899,3.23,1.50
2012.08.21 15:28:26.803,0.78981,0.78992,3.23,2.25
2012.08.21 15:28:27.037,0.78981,0.7899,3.23,1.50
2012.08.21 15:28:27.920,0.78982,0.78991,2.25,1.50
2012.08.21 15:28:28.692,0.78981,0.7899,3.98,1.50
2012.08.21 15:28:28.812,0.78981,0.78992,3.23,1.50
2012.08.21 15:28:28.932,0.78981,0.7899,3.23,1.50
2012.08.21 15:28:30.404,0.78981,0.78992,3.23,1.50
2012.08.21 15:28:30.522,0.78981,0.7899,3.23,1.50
2012.08.21 15:28:32.165,0.78982,0.78991,2.25,1.50
2012.08.21 15:28:32.685,0.78981,0.7899,2.25,1.50
2012.08.21 15:28:37.179,0.78982,0.7899,1.88,1.50
2012.08.21 15:28:37.526,0.78983,0.78991,3.98,1.50
2012.08.21 15:28:38.040,0.78983,0.78991,2.48,1.50
2012.08.21 15:28:38.387,0.78984,0.78993,2.25,1.50
2012.08.21 15:28:39.559,0.78984,0.78993,2.63,1.50
2012.08.21 15:28:40.067,0.78984,0.78993,2.63,1.50
2012.08.21 15:28:40.590,0.78989,0.78993,1.50,1.50
2012.08.21 15:28:40.710,0.78989,0.78996,1.50,1.50
2012.08.21 15:28:41.222,0.78988,0.78997,3.23,1.50
2012.08.21 15:28:41.566,0.78988,0.78995,1.50,1.50
2012.08.21 15:28:42.670,0.78987,0.78995,2.10,1.50
2012.08.21 15:28:45.961,0.78987,0.78995,1.50,1.50
2012.08.21 15:28:46.080,0.78988,0.78995,2.25,1.50
2012.08.21 15:28:46.143,0.78988,0.78997,3.75,3.00
2012.08.21 15:28:46.378,0.7899,0.78999,1.13,3.00
2012.08.21 15:28:46.726,0.78989,0.78997,1.13,1.50
2012.08.21 15:28:47.389,0.78988,0.78997,3.75,1.50
2012.08.21 15:28:48.171,0.78988,0.78997,3.75,1.50
2012.08.21 15:28:49.820,0.78988,0.78997,5.25,1.50
2012.08.21 15:28:50.336,0.78988,0.78997,4.50,1.50
2012.08.21 15:28:51.045,0.78988,0.78997,5.25,1.50
2012.08.21 15:28:51.558,0.78989,0.78998,2.48,1.50
2012.08.21 15:28:52.071,0.78989,0.78998,2.48,1.50
2012.08.21 15:28:54.460,0.78989,0.78998,3.00,1.50
2012.08.21 15:28:57.536,0.78989,0.78998,4.50,1.50
2012.08.21 15:28:57.825,0.7899,0.79001,3.98,3.00
2012.08.21 15:28:58.344,0.78991,0.79001,2.10,1.50
2012.08.21 15:29:03.355,0.78992,0.79001,1.73,1.50
2012.08.21 15:29:03.870,0.78992,0.79001,3.23,1.50
2012.08.21 15:29:05.339,0.78992,0.79003,5.48,1.50
2012.08.21 15:29:05.683,0.78993,0.79004,3.98,1.50
2012.08.21 15:29:08.463,0.78994,0.79004,2.10,1.50
2012.08.21 15:29:08.972,0.78994,0.79004,2.48,1.50
2012.08.21 15:29:09.145,0.78995,0.79006,2.48,1.50
2012.08.21 15:29:09.658,0.78996,0.79006,1.73,1.50
2012.08.21 15:29:15.547,0.78995,0.79006,2.25,3.60
2012.08.21 15:29:15.723,0.78994,0.79005,3.00,2.61
2012.08.21 15:29:15.898,0.78993,0.79001,2.25,1.50
2012.08.21 15:29:16.455,0.7899,0.79001,4.50,1.50
2012.08.21 15:29:16.969,0.7899,0.79,3.00,1.50
2012.08.21 15:29:17.791,0.7899,0.79001,5.25,1.50
2012.08.21 15:29:19.726,0.7899,0.79001,3.00,1.50
2012.08.21 15:29:19.901,0.7899,0.78999,3.00,1.50
2012.08.21 15:29:21.100,0.7899,0.79001,3.00,3.00
2012.08.21 15:29:23.093,0.7899,0.79001,3.00,1.50
2012.08.21 15:29:23.511,0.7899,0.79001,3.75,1.50
2012.08.21 15:29:24.032,0.78992,0.79001,1.50,1.50
2012.08.21 15:29:24.730,0.78992,0.79003,3.00,1.50
2012.08.21 15:29:24.965,0.78992,0.79001,2.25,1.50
2012.08.21 15:29:25.707,0.78992,0.79002,3.23,1.50
2012.08.21 15:29:26.221,0.78994,0.79001,1.50,1.50
2012.08.21 15:29:26.760,0.78994,0.79002,2.48,1.50
2012.08.21 15:29:30.076,0.78995,0.79003,1.50,1.50
2012.08.21 15:29:30.624,0.78994,0.79004,3.00,1.50
2012.08.21 15:29:31.145,0.78993,0.79004,2.63,1.50
2012.08.21 15:29:32.001,0.78992,0.79003,2.25,1.50
2012.08.21 15:29:36.612,0.78993,0.79004,2.25,1.50
2012.08.21 15:29:37.183,0.78993,0.79002,2.25,1.50
2012.08.21 15:29:48.220,0.78994,0.79003,2.25,1.50
2012.08.21 15:29:50.241,0.78994,0.79003,2.85,1.50
2012.08.21 15:29:50.476,0.78994,0.79003,2.48,1.50
2012.08.21 15:29:50.994,0.78993,0.79002,2.25,1.50
2012.08.21 15:29:51.498,0.78994,0.79003,2.25,1.50
2012.08.21 15:29:51.788,0.78995,0.79006,1.50,3.75
2012.08.21 15:29:52.302,0.78994,0.79005,3.23,1.50
2012.08.21 15:29:52.895,0.78994,0.79005,3.23,1.50
2012.08.21 15:29:55.986,0.78996,0.79005,1.50,1.50
2012.08.21 15:29:56.611,0.78996,0.79006,1.50,1.50
2012.08.21 15:29:57.632,0.78996,0.79006,6.00,1.50
2012.08.21 15:29:57.980,0.78999,0.79008,2.48,1.50
2012.08.21 15:29:58.496,0.78998,0.79007,3.98,1.50
2012.08.21 15:29:58.985,0.78998,0.79009,4.73,1.50
2012.08.21 15:29:59.498,0.78998,0.79009,4.73,1.50
2012.08.21 15:30:00.501,0.78998,0.79007,3.98,1.50
2012.08.21 15:30:01.387,0.78999,0.79008,1.50,1.50
2012.08.21 15:30:01.903,0.78998,0.79007,3.23,1.50
2012.08.21 15:30:01.967,0.78998,0.79007,3.00,1.50
2012.08.21 15:30:03.312,0.78995,0.79004,2.48,1.50
2012.08.21 15:30:03.866,0.78996,0.79005,2.48,1.50
2012.08.21 15:30:04.981,0.78995,0.79004,3.23,1.50
2012.08.21 15:30:06.144,0.78997,0.79005,1.73,1.50
2012.08.21 15:30:07.818,0.78995,0.79005,2.10,1.50
2012.08.21 15:30:08.466,0.78995,0.79006,3.60,1.50
2012.08.21 15:30:09.022,0.78995,0.79006,3.23,1.50
2012.08.21 15:30:12.759,0.78994,0.79005,3.60,1.50
2012.08.21 15:30:12.877,0.78994,0.79005,3.60,1.50
2012.08.21 15:30:13.388,0.78994,0.79005,3.60,1.50
2012.08.21 15:30:16.467,0.78994,0.79005,1.73,1.50
2012.08.21 15:30:17.023,0.78993,0.79004,3.00,1.50
2012.08.21 15:30:17.869,0.78994,0.79004,1.13,1.50
2012.08.21 15:30:18.048,0.78993,0.79004,4.35,1.50
2012.08.21 15:30:18.166,0.78995,0.79006,1.73,3.75
2012.08.21 15:30:19.144,0.78995,0.79004,2.25,1.50
2012.08.21 15:30:20.912,0.78995,0.79004,1.50,1.50
2012.08.21 15:30:22.229,0.78993,0.79002,3.23,1.50
2012.08.21 15:30:22.347,0.78993,0.79002,3.00,1.50
2012.08.21 15:30:22.902,0.78993,0.79002,2.48,1.50
2012.08.21 15:30:23.133,0.78993,0.79004,3.23,1.50
2012.08.21 15:30:24.043,0.78993,0.79002,3.23,1.50
2012.08.21 15:30:24.558,0.78994,0.79003,2.48,1.50
2012.08.21 15:30:29.836,0.78994,0.79003,2.25,1.50
2012.08.21 15:30:31.759,0.78992,0.79003,3.98,1.50
2012.08.21 15:30:32.108,0.78993,0.79004,3.23,2.63
2012.08.21 15:30:32.455,0.78993,0.79002,3.75,1.50
2012.08.21 15:30:32.806,0.78993,0.79002,4.50,1.50
2012.08.21 15:30:34.171,0.78993,0.79002,2.25,1.50
2012.08.21 15:30:34.291,0.78993,0.79004,3.00,2.25
2012.08.21 15:30:34.819,0.78994,0.79003,2.25,1.50
2012.08.21 15:30:36.762,0.78994,0.79003,2.25,1.50
2012.08.21 15:30:37.291,0.78994,0.79002,1.13,1.50
2012.08.21 15:30:39.891,0.78993,0.79002,2.25,1.50
2012.08.21 15:30:40.118,0.78993,0.79002,3.00,1.50
2012.08.21 15:30:40.795,0.78993,0.79002,3.00,1.50
2012.08.21 15:30:41.510,0.78993,0.79002,2.25,1.50
2012.08.21 15:30:48.547,0.78993,0.79002,2.25,1.50
2012.08.21 15:30:50.302,0.78993,0.79002,2.25,1.50
2012.08.21 15:30:51.837,0.78991,0.79,3.98,1.50
2012.08.21 15:30:52.494,0.78992,0.79003,2.25,3.00
2012.08.21 15:30:52.850,0.78991,0.79,2.48,1.50
2012.08.21 15:30:53.365,0.78991,0.79001,4.73,1.50
2012.08.21 15:30:53.710,0.78994,0.79003,1.50,1.50
2012.08.21 15:30:53.885,0.78991,0.79002,6.23,1.50
2012.08.21 15:30:54.339,0.78993,0.79004,2.25,2.25
2012.08.21 15:30:56.342,0.78993,0.79004,2.25,2.25
2012.08.21 15:30:58.801,0.78993,0.79004,2.25,2.25
2012.08.21 15:30:59.858,0.78993,0.79004,2.25,2.25
2012.08.21 15:31:01.233,0.78993,0.79004,2.25,2.25
2012.08.21 15:31:01.851,0.78993,0.79004,2.25,2.25
2012.08.21 15:31:07.295,0.78993,0.79004,1.50,1.50
2012.08.21 15:31:07.919,0.78994,0.79005,1.50,3.38
2012.08.21 15:31:08.449,0.78993,0.79004,1.50,1.50
2012.08.21 15:31:11.622,0.78993,0.79004,2.25,1.50
2012.08.21 15:31:15.896,0.78995,0.79004,1.50,1.50
2012.08.21 15:31:16.668,0.78994,0.79003,2.25,1.50
2012.08.21 15:31:30.147,0.78991,0.79002,3.98,1.50
2012.08.21 15:31:41.776,0.78991,0.79,2.48,1.50
2012.08.21 15:31:42.841,0.78991,0.79001,1.73,1.50
2012.08.21 15:31:44.659,0.78992,0.79001,1.50,1.50
2012.08.21 15:31:45.544,0.78992,0.78999,1.50,1.50
2012.08.21 15:31:46.088,0.78991,0.78998,1.73,1.50
2012.08.21 15:31:47.060,0.7899,0.78999,3.23,1.50
2012.08.21 15:31:48.152,0.78989,0.78998,3.75,1.50
2012.08.21 15:31:56.786,0.78989,0.78998,1.73,1.50
2012.08.21 15:31:58.874,0.78988,0.78997,2.25,1.50
2012.08.21 15:31:59.392,0.78987,0.78996,1.50,1.50
2012.08.21 15:31:59.918,0.78985,0.78996,3.98,1.50
2012.08.21 15:32:00.149,0.78985,0.78996,2.25,1.50
2012.08.21 15:32:00.700,0.78985,0.78996,2.25,1.50
2012.08.21 15:32:01.213,0.78985,0.78996,2.25,1.50
2012.08.21 15:32:07.663,0.78985,0.78996,2.25,1.73
2012.08.21 15:32:08.404,0.78985,0.78996,2.25,1.50
2012.08.21 15:32:13.353,0.78983,0.78994,2.25,1.50
2012.08.21 15:32:14.079,0.78985,0.78994,1.50,1.50
2012.08.21 15:32:18.013,0.78986,0.78995,1.50,1.50
2012.08.21 15:32:21.314,0.78987,0.78996,1.50,1.50
2012.08.21 15:32:29.179,0.78985,0.78996,1.50,1.50
2012.08.21 15:32:29.643,0.78987,0.78996,1.50,1.50
2012.08.21 15:32:32.392,0.78989,0.78998,1.50,1.50
2012.08.21 15:32:32.739,0.7899,0.78999,3.00,1.50
2012.08.21 15:32:36.013,0.78991,0.79002,2.25,1.88
2012.08.21 15:32:38.343,0.78992,0.79001,1.50,1.50
2012.08.21 15:32:39.143,0.7899,0.79001,3.23,1.50
2012.08.21 15:32:42.726,0.7899,0.79003,3.00,3.88
2012.08.21 15:32:45.169,0.78991,0.79001,2.25,1.13
2012.08.21 15:32:45.686,0.78992,0.78997,1.50,1.13
2012.08.21 15:32:45.861,0.78988,0.78997,1.50,2.63
2012.08.21 15:32:48.077,0.78988,0.78997,1.50,1.88
2012.08.21 15:32:48.484,0.78986,0.78995,1.50,2.25
2012.08.21 15:32:50.004,0.78986,0.78997,1.50,1.50
2012.08.21 15:32:52.503,0.78986,0.78995,1.50,1.50
2012.08.21 15:32:53.927,0.78986,0.78995,2.25,1.50
2012.08.21 15:32:54.402,0.78988,0.78997,2.25,1.50
2012.08.21 15:33:00.313,0.78986,0.78995,1.73,1.50
2012.08.21 15:33:00.954,0.78985,0.78996,3.00,3.00
2012.08.21 15:33:01.469,0.78985,0.78995,1.50,1.50
2012.08.21 15:33:02.157,0.78985,0.78995,1.13,1.50
2012.08.21 15:33:03.014,0.78987,0.78996,1.50,3.00
2012.08.21 15:33:06.978,0.78986,0.78995,1.50,1.50
2012.08.21 15:33:07.687,0.78986,0.78997,1.50,1.50
2012.08.21 15:33:11.142,0.78986,0.78997,2.25,1.50
2012.08.21 15:33:11.675,0.78987,0.78997,1.50,1.50
2012.08.21 15:33:12.191,0.78989,0.78998,1.50,1.50
2012.08.21 15:33:12.708,0.7899,0.78999,2.48,1.50
2012.08.21 15:33:12.771,0.78992,0.79001,1.50,1.50
2012.08.21 15:33:14.309,0.78991,0.79,1.50,1.50
2012.08.21 15:33:14.837,0.78992,0.79001,1.50,1.50
2012.08.21 15:33:16.227,0.78993,0.79004,1.50,3.00
2012.08.21 15:33:21.279,0.78995,0.79006,1.73,4.35
2012.08.21 15:33:21.343,0.78995,0.79006,2.48,1.88
2012.08.21 15:33:21.406,0.78995,0.79004,2.48,1.50
2012.08.21 15:33:21.470,0.78995,0.79004,2.25,1.50
2012.08.21 15:33:21.984,0.78995,0.79004,2.25,2.25
2012.08.21 15:33:24.453,0.78995,0.79004,2.25,2.25
2012.08.21 15:33:30.910,0.78993,0.79002,2.25,1.50
2012.08.21 15:33:31.447,0.78993,0.79002,2.25,1.50
2012.08.21 15:33:32.066,0.78993,0.79002,2.25,1.50
2012.08.21 15:33:32.184,0.78993,0.79002,2.25,1.50
2012.08.21 15:33:32.505,0.78993,0.79004,2.25,3.00
2012.08.21 15:33:33.060,0.78992,0.79003,3.60,1.50
2012.08.21 15:33:33.625,0.78992,0.79003,3.60,1.50
2012.08.21 15:33:34.173,0.78992,0.79003,3.60,1.50
2012.08.21 15:33:34.462,0.78992,0.79003,2.48,1.50
2012.08.21 15:33:34.915,0.78992,0.79003,3.23,1.50
2012.08.21 15:33:35.145,0.78991,0.79,2.25,1.50
2012.08.21 15:33:46.676,0.78991,0.79,2.25,1.50
2012.08.21 15:33:48.982,0.78991,0.79,2.25,1.50
2012.08.21 15:33:51.549,0.78994,0.79003,1.50,1.50
2012.08.21 15:33:53.437,0.78995,0.79004,1.50,1.50
2012.08.21 15:33:54.993,0.78995,0.79004,2.25,1.50
2012.08.21 15:33:58.345,0.78995,0.79004,3.00,2.25
2012.08.21 15:33:58.520,0.78993,0.79004,2.25,2.48
2012.08.21 15:34:05.369,0.78993,0.79004,2.25,2.48
2012.08.21 15:34:05.950,0.78995,0.79004,1.50,2.48
2012.08.21 15:34:06.631,0.78994,0.79003,1.50,2.25
2012.08.21 15:34:15.689,0.78992,0.79001,1.50,1.50
2012.08.21 15:34:16.210,0.78991,0.79002,2.25,2.25
2012.08.21 15:34:16.488,0.78991,0.79,2.25,1.50
2012.08.21 15:34:16.790,0.78993,0.79002,1.50,1.50
2012.08.21 15:34:19.499,0.78994,0.79005,1.50,2.63
2012.08.21 15:34:20.126,0.78994,0.79005,2.25,2.63
2012.08.21 15:34:23.864,0.78994,0.79005,3.38,2.63
2012.08.21 15:34:25.092,0.78994,0.79005,3.38,2.63
2012.08.21 15:34:25.651,0.78994,0.79005,3.00,2.63
2012.08.21 15:34:26.931,0.78994,0.79005,2.25,2.63
2012.08.21 15:34:27.606,0.78994,0.79005,2.25,2.63
2012.08.21 15:34:28.567,0.78994,0.79002,2.25,4.50
2012.08.21 15:34:29.086,0.78993,0.79001,1.50,1.35
2012.08.21 15:34:29.602,0.7899,0.79001,2.25,2.25
2012.08.21 15:34:29.890,0.7899,0.79001,2.25,1.50
2012.08.21 15:34:35.052,0.78991,0.79,2.25,1.50
2012.08.21 15:34:36.467,0.78992,0.79001,2.25,1.63
2012.08.21 15:34:38.325,0.78991,0.79,2.25,1.50
2012.08.21 15:34:38.444,0.78991,0.79002,2.25,2.25
2012.08.21 15:34:38.961,0.78993,0.79003,1.50,3.00
2012.08.21 15:34:39.081,0.78992,0.79001,2.25,1.50
2012.08.21 15:34:39.652,0.78994,0.79003,1.50,2.38
2012.08.21 15:34:43.425,0.78992,0.79001,2.25,1.50
2012.08.21 15:34:43.942,0.78991,0.79,2.25,1.50
2012.08.21 15:34:44.004,0.78991,0.79002,2.25,1.50
2012.08.21 15:34:44.290,0.7899,0.79,2.25,1.50
2012.08.21 15:34:44.822,0.78992,0.79001,2.25,1.50
2012.08.21 15:34:44.885,0.78993,0.79003,1.50,2.25
2012.08.21 15:34:45.288,0.78994,0.79005,3.00,2.38
2012.08.21 15:34:45.463,0.78994,0.79005,2.25,2.38
2012.08.21 15:34:46.016,0.78994,0.79003,1.50,2.25
2012.08.21 15:34:46.081,0.78991,0.79002,3.00,1.50
2012.08.21 15:34:46.885,0.78993,0.79002,1.50,1.50
2012.08.21 15:34:47.459,0.78994,0.79004,1.50,1.50
2012.08.21 15:34:48.488,0.78994,0.79005,1.50,1.63
2012.08.21 15:34:48.607,0.78996,0.79006,1.50,2.01
2012.08.21 15:34:48.955,0.78994,0.79002,1.35,1.50
2012.08.21 15:34:49.075,0.78993,0.79002,2.48,1.50
2012.08.21 15:34:50.211,0.78993,0.79004,2.25,1.50
2012.08.21 15:34:50.993,0.78992,0.79003,3.98,1.50
2012.08.21 15:34:52.113,0.78994,0.79003,4.35,1.50
2012.08.21 15:34:52.175,0.78994,0.79003,4.35,1.50
2012.08.21 15:34:53.201,0.78997,0.79003,1.13,1.50
2012.08.21 15:34:53.321,0.78997,0.79005,1.13,1.63
2012.08.21 15:34:53.555,0.78995,0.79004,1.50,1.50
2012.08.21 15:34:53.617,0.78995,0.79004,2.25,1.50
2012.08.21 15:34:53.679,0.78995,0.79004,1.50,1.50
2012.08.21 15:34:53.856,0.78994,0.79002,1.13,1.50
2012.08.21 15:34:54.352,0.78992,0.79,1.50,1.50
2012.08.21 15:34:54.418,0.78992,0.79003,2.63,3.00
2012.08.21 15:34:54.879,0.78995,0.79004,1.50,1.63
2012.08.21 15:34:55.456,0.78993,0.79004,3.60,1.50
2012.08.21 15:34:58.075,0.78997,0.79006,1.50,1.63
2012.08.21 15:34:59.453,0.78997,0.79006,1.50,1.63
2012.08.21 15:34:59.627,0.78995,0.79006,3.00,1.63
2012.08.21 15:34:59.928,0.78995,0.79006,1.50,1.50
2012.08.21 15:35:01.023,0.78997,0.79006,1.50,1.50
2012.08.21 15:35:03.610,0.78995,0.79006,1.50,1.50
2012.08.21 15:35:04.260,0.78996,0.79007,1.50,2.38
2012.08.21 15:35:04.752,0.79,0.79008,1.50,1.50
2012.08.21 15:35:06.295,0.78998,0.79009,2.48,3.00
2012.08.21 15:35:06.845,0.79,0.79009,1.50,3.00
2012.08.21 15:35:07.350,0.79,0.79009,2.48,1.50
2012.08.21 15:35:07.699,0.79002,0.79012,1.50,1.50
2012.08.21 15:35:08.166,0.79001,0.7901,3.23,1.50
2012.08.21 15:35:08.685,0.79002,0.79011,1.50,1.50
2012.08.21 15:35:09.007,0.79004,0.79013,1.50,2.25
2012.08.21 15:35:10.170,0.79003,0.79013,1.50,2.25
2012.08.21 15:35:11.145,0.79001,0.79011,2.25,1.50
2012.08.21 15:35:11.679,0.79001,0.79011,1.50,1.50
2012.08.21 15:35:12.900,0.79,0.79011,2.48,1.50
2012.08.21 15:35:13.408,0.79001,0.79012,1.50,1.50
2012.08.21 15:35:14.863,0.79002,0.79011,1.50,1.50
2012.08.21 15:35:15.094,0.79,0.79011,1.50,1.50
2012.08.21 15:35:16.737,0.79002,0.79011,1.50,1.50
2012.08.21 15:35:17.703,0.79,0.79011,2.25,1.50
2012.08.21 15:35:18.255,0.79001,0.79012,1.50,2.25
2012.08.21 15:35:21.813,0.79001,0.7901,1.50,1.50
2012.08.21 15:35:24.795,0.79001,0.7901,1.50,1.63
2012.08.21 15:35:25.332,0.79001,0.7901,1.50,1.50
2012.08.21 15:35:25.850,0.78998,0.79009,3.60,1.50
2012.08.21 15:35:25.913,0.79,0.79011,1.50,3.00
2012.08.21 15:35:26.438,0.79001,0.7901,1.50,1.50
2012.08.21 15:35:30.090,0.79001,0.79012,2.25,2.38
2012.08.21 15:35:30.545,0.79,0.79011,3.00,1.63
2012.08.21 15:35:31.065,0.79,0.79011,3.00,1.63
2012.08.21 15:35:32.125,0.79001,0.79012,2.25,3.88
2012.08.21 15:35:32.640,0.79,0.79011,3.00,1.50
2012.08.21 15:35:33.152,0.79001,0.7901,2.25,1.50
2012.08.21 15:35:36.500,0.79001,0.7901,2.25,2.01
2012.08.21 15:35:36.621,0.78998,0.79008,1.50,1.63
2012.08.21 15:35:37.132,0.78997,0.79008,2.25,2.38
2012.08.21 15:35:37.425,0.79,0.79009,1.50,1.50
2012.08.21 15:35:37.720,0.78998,0.79009,2.25,1.63
2012.08.21 15:35:38.243,0.78998,0.79009,2.25,1.86
2012.08.21 15:35:39.061,0.78997,0.79008,3.75,1.63
2012.08.21 15:35:39.941,0.78997,0.79008,2.25,1.63
2012.08.21 15:35:41.195,0.78997,0.79007,2.25,1.20
2012.08.21 15:35:41.727,0.78997,0.79008,1.50,2.61
2012.08.21 15:35:42.242,0.78997,0.79008,1.50,2.61
2012.08.21 15:35:42.757,0.78997,0.79008,1.50,1.73
2012.08.21 15:35:43.161,0.78997,0.79007,1.50,1.63
2012.08.21 15:35:43.722,0.78996,0.79005,2.25,1.50
2012.08.21 15:35:44.161,0.78996,0.79007,2.25,1.50
2012.08.21 15:35:47.443,0.78995,0.79006,1.50,1.50
2012.08.21 15:35:49.935,0.78995,0.79006,2.25,1.50
2012.08.21 15:35:52.426,0.78997,0.79006,1.50,1.50
2012.08.21 15:35:53.071,0.78995,0.79006,1.50,1.50
2012.08.21 15:35:53.534,0.78997,0.79006,1.50,1.50
2012.08.21 15:35:54.170,0.78997,0.79006,1.88,1.50
2012.08.21 15:35:54.741,0.78997,0.79006,1.50,1.50
2012.08.21 15:35:55.257,0.78996,0.79007,2.25,1.63
2012.08.21 15:35:56.729,0.78996,0.79005,1.50,1.50
2012.08.21 15:35:57.801,0.78997,0.79006,1.50,1.63
2012.08.21 15:35:58.338,0.78996,0.79005,1.50,1.50
2012.08.21 15:35:59.260,0.78996,0.79007,1.50,1.63
2012.08.21 15:35:59.636,0.78999,0.79008,1.50,1.63
2012.08.21 15:35:59.756,0.78999,0.7901,1.50,3.32
2012.08.21 15:36:00.269,0.78999,0.7901,1.50,3.00
2012.08.21 15:36:00.814,0.79,0.7901,1.50,1.50
2012.08.21 15:36:01.330,0.79001,0.79012,2.25,2.25
2012.08.21 15:36:01.843,0.79001,0.79012,2.25,1.50
2012.08.21 15:36:05.045,0.79002,0.79011,1.50,1.50
2012.08.21 15:36:07.966,0.79001,0.7901,2.25,1.50
2012.08.21 15:36:09.080,0.79001,0.79012,2.25,1.63
2012.08.21 15:36:13.072,0.79001,0.79012,2.25,1.63
2012.08.21 15:36:13.642,0.79001,0.79012,2.25,2.38
2012.08.21 15:36:15.404,0.79,0.79011,4.50,1.50
2012.08.21 15:36:16.116,0.79,0.79011,3.00,2.38
2012.08.21 15:36:16.629,0.79,0.79011,3.00,2.38
2012.08.21 15:36:19.624,0.79,0.79011,3.00,2.38
2012.08.21 15:36:20.144,0.79,0.79011,3.00,2.25
2012.08.21 15:36:23.086,0.79,0.79011,3.00,2.38
2012.08.21 15:36:23.212,0.79,0.79009,1.50,1.63
2012.08.21 15:36:23.554,0.79,0.7901,1.50,1.63
2012.08.21 15:36:27.875,0.79,0.79005,1.50,1.50
2012.08.21 15:36:28.295,0.79,0.79007,1.50,1.50
2012.08.21 15:36:28.918,0.79,0.79007,1.50,1.50
2012.08.21 15:36:29.695,0.79,0.79006,1.50,1.50
2012.08.21 15:36:30.215,0.79,0.79007,1.50,1.50
2012.08.21 15:36:30.730,0.79,0.79008,1.50,1.50
2012.08.21 15:36:31.885,0.78999,0.79008,1.13,1.50
2012.08.21 15:36:32.416,0.79,0.79008,1.50,1.50
2012.08.21 15:36:33.611,0.79,0.7901,1.50,1.50
2012.08.21 15:36:34.127,0.79,0.79011,3.00,2.25
2012.08.21 15:36:34.646,0.79002,0.79011,1.50,1.50
2012.08.21 15:36:36.309,0.79001,0.7901,2.25,1.50
2012.08.21 15:36:36.370,0.79001,0.7901,2.25,2.25
2012.08.21 15:36:36.607,0.78999,0.79007,2.25,1.50
2012.08.21 15:36:36.669,0.78997,0.79007,2.25,1.63
2012.08.21 15:36:36.790,0.78996,0.79005,2.25,2.25
2012.08.21 15:36:36.852,0.78996,0.79005,2.25,2.25
2012.08.21 15:36:36.915,0.78996,0.79005,1.50,2.38
2012.08.21 15:36:37.432,0.78996,0.79005,2.25,2.25
2012.08.21 15:36:37.607,0.78997,0.79006,1.50,2.25
2012.08.21 15:36:38.127,0.78998,0.79009,1.50,3.51
2012.08.21 15:36:38.588,0.78998,0.79009,1.50,3.00
2012.08.21 15:36:39.131,0.78999,0.7901,2.25,3.00
2012.08.21 15:36:39.366,0.79001,0.79012,1.50,3.00
2012.08.21 15:36:39.428,0.79001,0.79012,2.25,2.25
2012.08.21 15:36:39.947,0.79002,0.79011,1.50,1.50
2012.08.21 15:36:40.198,0.79,0.79011,1.50,1.50
2012.08.21 15:36:40.714,0.79001,0.79012,1.73,1.50
2012.08.21 15:36:41.405,0.79,0.79011,4.73,1.50
2012.08.21 15:36:41.921,0.79001,0.79012,2.25,1.50
2012.08.21 15:36:42.522,0.79,0.79011,3.00,1.50
2012.08.21 15:36:42.995,0.78997,0.79008,3.23,1.50
2012.08.21 15:36:43.298,0.78997,0.79008,2.25,2.17
2012.08.21 15:36:43.488,0.78997,0.79008,2.25,1.86
2012.08.21 15:36:43.911,0.78997,0.79008,2.25,1.86
2012.08.21 15:36:45.695,0.78997,0.79008,3.00,1.63
2012.08.21 15:36:45.874,0.78997,0.79008,3.00,3.36
2012.08.21 15:36:46.400,0.78999,0.79008,1.50,2.61
2012.08.21 15:36:46.663,0.78997,0.79007,2.25,1.63
2012.08.21 15:36:46.726,0.78997,0.79007,2.25,3.50
2012.08.21 15:36:46.847,0.78997,0.79006,2.25,1.20
2012.08.21 15:36:47.253,0.78996,0.79005,2.25,2.38
2012.08.21 15:36:49.695,0.78993,0.79004,3.23,4.26
2012.08.21 15:36:49.759,0.78993,0.79,1.50,1.63
2012.08.21 15:36:50.392,0.78991,0.79,3.00,1.63
2012.08.21 15:36:50.915,0.78992,0.79001,1.50,3.13
2012.08.21 15:36:51.430,0.7899,0.79001,3.75,3.13
2012.08.21 15:36:51.956,0.7899,0.79001,3.00,3.13
2012.08.21 15:36:52.471,0.7899,0.78999,3.00,1.63
2012.08.21 15:36:53.214,0.7899,0.79,3.00,1.63
2012.08.21 15:36:53.714,0.7899,0.79,3.00,1.63
2012.08.21 15:36:54.817,0.7899,0.79001,3.75,3.51
2012.08.21 15:36:56.027,0.7899,0.79001,3.00,4.20
2012.08.21 15:36:56.725,0.7899,0.79001,3.00,4.20
2012.08.21 15:36:58.412,0.7899,0.79001,3.75,3.88
2012.08.21 15:36:58.588,0.7899,0.79,3.75,1.63
2012.08.21 15:36:59.457,0.7899,0.79,3.75,1.63
2012.08.21 15:37:00.341,0.7899,0.79001,3.75,3.88
2012.08.21 15:37:00.858,0.7899,0.79,3.75,1.63
2012.08.21 15:37:01.791,0.7899,0.78999,2.25,2.38
2012.08.21 15:37:02.293,0.7899,0.78999,3.75,1.50
2012.08.21 15:37:02.638,0.7899,0.78999,3.00,1.63
2012.08.21 15:37:03.165,0.7899,0.78999,3.00,1.63
2012.08.21 15:37:03.511,0.7899,0.78999,2.25,1.63
2012.08.21 15:37:03.686,0.7899,0.78999,1.50,1.63
2012.08.21 15:37:03.918,0.7899,0.78999,1.50,1.63
2012.08.21 15:37:04.550,0.7899,0.78999,1.50,1.63
2012.08.21 15:37:04.974,0.7899,0.78999,1.50,1.63
2012.08.21 15:37:05.038,0.7899,0.78999,1.50,1.63
2012.08.21 15:37:05.274,0.7899,0.78999,1.50,2.38
2012.08.21 15:37:05.338,0.78989,0.78998,1.50,2.38
2012.08.21 15:37:05.988,0.78989,0.79,2.25,3.13
2012.08.21 15:37:06.283,0.7899,0.79,1.50,2.38
2012.08.21 15:37:06.401,0.78989,0.79,2.25,2.38
2012.08.21 15:37:06.542,0.7899,0.79,1.50,2.38
2012.08.21 15:37:07.002,0.78989,0.79,1.88,2.38
2012.08.21 15:37:07.064,0.78992,0.79001,1.50,2.76
2012.08.21 15:37:07.586,0.78991,0.79,1.50,2.38
2012.08.21 15:37:11.156,0.78991,0.79,1.50,2.38
2012.08.21 15:37:11.410,0.78991,0.79,1.50,2.38
2012.08.21 15:37:12.277,0.78991,0.79,1.50,2.38
2012.08.21 15:37:12.396,0.78991,0.79,1.50,2.38
2012.08.21 15:37:12.513,0.78991,0.79,1.50,2.38
2012.08.21 15:37:13.790,0.78991,0.79,1.50,2.38
2012.08.21 15:37:14.300,0.78992,0.79001,1.50,2.76
2012.08.21 15:37:14.738,0.78992,0.79001,1.50,1.63
2012.08.21 15:37:15.259,0.78991,0.79,2.25,1.63
2012.08.21 15:37:15.784,0.78991,0.79,1.50,1.63
2012.08.21 15:37:16.544,0.78991,0.79,1.50,1.63
2012.08.21 15:37:17.084,0.78991,0.79,1.50,1.63
2012.08.21 15:37:18.299,0.78991,0.79,1.50,1.95
2012.08.21 15:37:20.550,0.78991,0.79,2.25,1.63
2012.08.21 15:37:23.144,0.78991,0.79,1.50,1.63
2012.08.21 15:37:25.389,0.78991,0.79,2.70,1.50
2012.08.21 15:37:25.452,0.78992,0.79003,1.50,2.76
2012.08.21 15:37:25.745,0.78992,0.79003,2.25,1.50
2012.08.21 15:37:26.273,0.78992,0.79003,2.25,1.63
2012.08.21 15:37:27.817,0.78992,0.79002,2.25,2.38
2012.08.21 15:37:28.344,0.78993,0.79002,2.25,1.50
2012.08.21 15:37:28.464,0.78993,0.79004,2.25,1.63
2012.08.21 15:37:28.814,0.78993,0.79002,2.25,1.50
2012.08.21 15:37:29.333,0.78992,0.79,2.25,1.50
2012.08.21 15:37:29.452,0.78991,0.79,2.63,1.50
2012.08.21 15:37:31.617,0.78992,0.79,1.50,1.50
2012.08.21 15:37:32.151,0.78992,0.79,1.50,1.63
2012.08.21 15:37:32.215,0.7899,0.78999,2.25,1.63
2012.08.21 15:37:32.278,0.78992,0.78999,1.50,1.63
2012.08.21 15:37:32.468,0.7899,0.78999,4.13,1.63
2012.08.21 15:37:33.155,0.7899,0.78999,3.38,1.63
2012.08.21 15:37:34.048,0.7899,0.79001,4.13,1.88
2012.08.21 15:37:34.226,0.78991,0.79001,1.50,1.63
2012.08.21 15:37:34.513,0.7899,0.79001,3.00,3.13
2012.08.21 15:37:34.914,0.78991,0.79,1.50,1.50
2012.08.21 15:37:35.430,0.78991,0.79,1.50,1.50
2012.08.21 15:37:35.943,0.78991,0.79,3.00,1.50
2012.08.21 15:37:37.463,0.78993,0.79002,1.73,3.00
2012.08.21 15:37:38.531,0.78993,0.79004,1.73,1.50
2012.08.21 15:37:39.266,0.78992,0.79003,3.23,1.50
2012.08.21 15:37:44.428,0.78992,0.79003,3.98,1.50
2012.08.21 15:37:44.947,0.78993,0.79004,2.25,1.63
2012.08.21 15:37:45.178,0.78993,0.79002,3.00,1.50
2012.08.21 15:37:47.176,0.78993,0.79002,3.00,1.50
2012.08.21 15:37:53.212,0.78995,0.79004,1.50,2.76
2012.08.21 15:37:53.726,0.78994,0.79003,1.50,1.50
2012.08.21 15:37:54.072,0.78994,0.79003,2.85,1.50
2012.08.21 15:37:54.418,0.78997,0.79005,1.50,1.63
2012.08.21 15:37:54.538,0.78997,0.79006,3.00,1.95
2012.08.21 15:37:56.197,0.78997,0.79006,2.25,2.17
2012.08.21 15:37:56.260,0.78996,0.79005,1.50,1.73
2012.08.21 15:37:56.777,0.78999,0.79008,1.50,2.48
2012.08.21 15:37:56.840,0.78999,0.79008,1.50,2.25
2012.08.21 15:37:56.901,0.78999,0.79009,1.50,1.86
2012.08.21 15:37:57.418,0.79,0.79009,1.50,2.48
2012.08.21 15:37:57.958,0.78999,0.7901,1.50,2.48
2012.08.21 15:37:58.077,0.78998,0.79007,1.50,1.50
2012.08.21 15:37:58.141,0.78999,0.7901,1.50,2.48
2012.08.21 15:37:58.716,0.79,0.79009,1.50,1.73
2012.08.21 15:37:59.232,0.78999,0.7901,1.50,2.38
2012.08.21 15:38:00.100,0.79,0.79009,1.50,1.50
2012.08.21 15:38:00.436,0.78998,0.79009,1.88,1.50
2012.08.21 15:38:00.672,0.78999,0.7901,2.63,1.50
2012.08.21 15:38:01.199,0.79,0.79011,2.25,2.38
2012.08.21 15:38:01.707,0.78999,0.7901,3.38,1.50
2012.08.21 15:38:02.407,0.79001,0.79012,2.25,2.38
2012.08.21 15:38:04.003,0.79,0.79009,2.63,1.50
2012.08.21 15:38:04.122,0.79001,0.79012,2.25,2.38
2012.08.21 15:38:05.586,0.79003,0.79012,1.50,1.50
2012.08.21 15:38:08.178,0.79003,0.79014,1.50,2.48
2012.08.21 15:38:08.410,0.79003,0.79014,1.50,2.61
2012.08.21 15:38:08.927,0.79003,0.79012,1.50,1.63
2012.08.21 15:38:09.048,0.79,0.79009,1.50,1.50
2012.08.21 15:38:09.574,0.78999,0.7901,2.25,1.63
2012.08.21 15:38:09.919,0.79,0.7901,1.13,1.50
2012.08.21 15:38:20.240,0.78999,0.7901,1.73,1.50
2012.08.21 15:38:20.756,0.78999,0.7901,3.00,1.50
2012.08.21 15:38:24.734,0.79,0.79009,2.25,1.50
2012.08.21 15:38:24.797,0.79,0.79009,1.50,1.50
2012.08.21 15:38:24.916,0.79,0.79009,2.63,1.50
2012.08.21 15:38:25.207,0.78998,0.79007,2.25,1.50
2012.08.21 15:38:29.224,0.78998,0.79007,3.23,1.50
2012.08.21 15:38:29.888,0.78999,0.79008,1.50,1.50
2012.08.21 15:38:29.950,0.79,0.79008,1.13,1.50
2012.08.21 15:38:30.181,0.78998,0.79008,1.73,1.50
2012.08.21 15:38:30.355,0.78998,0.79008,2.10,1.50
2012.08.21 15:38:30.815,0.78998,0.79009,3.00,1.50
2012.08.21 15:38:30.932,0.78998,0.79009,3.38,1.50
2012.08.21 15:38:31.335,0.78998,0.79007,3.00,1.50
2012.08.21 15:38:31.918,0.78999,0.79008,1.50,1.50
2012.08.21 15:38:33.130,0.78998,0.79007,2.25,1.50
2012.08.21 15:38:33.591,0.78996,0.79004,3.38,1.50
2012.08.21 15:38:34.078,0.78995,0.79004,3.38,1.50
2012.08.21 15:38:35.431,0.78996,0.79005,2.25,1.50
2012.08.21 15:38:35.960,0.78997,0.79005,1.50,1.50
2012.08.21 15:38:36.419,0.78994,0.79005,2.48,1.50
2012.08.21 15:38:37.630,0.78996,0.79005,1.13,1.50
2012.08.21 15:38:38.798,0.78998,0.79007,2.25,1.50
2012.08.21 15:38:39.040,0.78998,0.79009,2.25,2.25
2012.08.21 15:38:39.560,0.78998,0.79009,3.23,2.25
2012.08.21 15:38:40.410,0.78999,0.79009,1.35,1.50
2012.08.21 15:38:40.472,0.79,0.79009,1.13,1.50
2012.08.21 15:38:48.138,0.79,0.79007,1.13,1.50
2012.08.21 15:38:48.686,0.79,0.79008,1.13,1.50
2012.08.21 15:38:49.718,0.79,0.79009,2.85,1.50
2012.08.21 15:38:50.254,0.79,0.79009,2.10,1.50
2012.08.21 15:38:50.318,0.79,0.79011,2.85,1.50
2012.08.21 15:38:50.609,0.79,0.79009,1.50,1.50
2012.08.21 15:38:53.672,0.79001,0.79011,1.50,2.25
2012.08.21 15:38:54.224,0.79,0.79011,1.50,2.25
2012.08.21 15:38:55.267,0.79,0.79009,1.50,1.50
2012.08.21 15:38:55.781,0.78998,0.79009,3.38,2.70
2012.08.21 15:38:57.877,0.79,0.79009,1.50,3.45
2012.08.21 15:38:59.743,0.78999,0.79008,2.25,2.25
2012.08.21 15:39:01.372,0.79,0.79009,1.50,2.38
2012.08.21 15:39:01.887,0.79,0.79009,1.50,1.63
2012.08.21 15:39:03.388,0.79,0.79009,1.50,1.63
2012.08.21 15:39:03.573,0.78998,0.79008,1.73,1.26
2012.08.21 15:39:04.093,0.78998,0.79007,2.25,2.25
2012.08.21 15:39:04.668,0.78999,0.79008,2.25,1.50
2012.08.21 15:39:05.213,0.78998,0.79007,4.50,1.50
2012.08.21 15:39:05.331,0.79,0.79009,1.50,1.50
2012.08.21 15:39:07.065,0.78998,0.79009,5.48,1.50
2012.08.21 15:39:07.752,0.79,0.79009,1.50,1.50
2012.08.21 15:39:10.252,0.78997,0.79008,3.60,1.50
2012.08.21 15:39:13.691,0.78999,0.79008,2.85,1.50
2012.08.21 15:39:14.150,0.79001,0.7901,1.13,1.88
2012.08.21 15:39:20.797,0.79001,0.79008,1.13,1.50
2012.08.21 15:39:21.582,0.79001,0.79007,1.13,1.50
2012.08.21 15:39:21.979,0.79001,0.79009,1.13,3.00
2012.08.21 15:39:22.055,0.79001,0.79007,1.13,1.50
2012.08.21 15:39:22.977,0.78998,0.79007,3.23,1.50
2012.08.21 15:39:26.741,0.78997,0.79005,1.13,1.63
2012.08.21 15:39:28.039,0.78997,0.79006,1.13,1.50
2012.08.21 15:39:28.563,0.78996,0.79005,1.13,1.63
2012.08.21 15:39:29.082,0.78994,0.79005,3.38,1.63
2012.08.21 15:39:29.429,0.78999,0.79008,1.13,2.38
2012.08.21 15:39:29.606,0.78999,0.79008,1.13,2.38
2012.08.21 15:39:32.461,0.79,0.79009,1.13,1.63
2012.08.21 15:39:32.923,0.78999,0.79009,1.13,2.70
2012.08.21 15:39:33.325,0.79,0.79007,1.13,1.50
2012.08.21 15:39:33.849,0.79,0.79009,1.13,2.38
2012.08.21 15:39:33.911,0.79,0.79009,1.13,2.38
2012.08.21 15:39:33.974,0.79,0.79009,1.13,2.38
2012.08.21 15:39:34.490,0.79,0.79009,1.13,2.38
2012.08.21 15:39:35.852,0.79,0.79009,1.13,1.50
2012.08.21 15:39:36.919,0.79,0.79009,1.13,1.63
2012.08.21 15:39:38.184,0.79,0.79009,1.13,1.63
2012.08.21 15:39:38.767,0.79,0.79008,1.13,1.50
2012.08.21 15:39:39.058,0.78997,0.79008,1.73,1.63
2012.08.21 15:39:39.177,0.78999,0.79008,1.13,1.63
2012.08.21 15:39:39.732,0.79,0.79008,1.13,1.63
2012.08.21 15:39:40.233,0.79,0.79009,1.13,2.38
2012.08.21 15:39:41.378,0.79,0.79008,1.13,1.63
2012.08.21 15:39:42.027,0.78999,0.79008,2.48,1.63
2012.08.21 15:39:42.438,0.79,0.79008,1.13,1.63
2012.08.21 15:39:42.988,0.79,0.79008,1.13,1.63
2012.08.21 15:39:43.449,0.79,0.79008,1.13,1.63
2012.08.21 15:39:43.798,0.78996,0.79007,1.50,2.76
2012.08.21 15:39:44.317,0.78996,0.79006,1.50,2.01
2012.08.21 15:39:45.139,0.78995,0.79006,1.73,2.76
2012.08.21 15:39:45.431,0.78993,0.79002,1.50,1.63
2012.08.21 15:39:46.631,0.78993,0.79002,1.50,1.50
2012.08.21 15:39:46.866,0.78993,0.79004,2.10,1.63
2012.08.21 15:39:46.929,0.78993,0.79004,2.10,1.63
2012.08.21 15:39:47.109,0.78993,0.79004,2.10,1.63
2012.08.21 15:39:47.228,0.78993,0.79004,2.10,1.63
2012.08.21 15:39:47.770,0.78992,0.79003,3.38,1.63
2012.08.21 15:39:48.119,0.78991,0.78999,1.28,1.63
2012.08.21 15:39:48.352,0.7899,0.78999,1.88,1.63
2012.08.21 15:39:48.871,0.78987,0.78998,2.85,1.63
2012.08.21 15:39:51.243,0.78989,0.78998,1.13,1.50
2012.08.21 15:39:52.408,0.7899,0.78999,1.88,1.50
2012.08.21 15:39:54.572,0.7899,0.79001,1.88,3.13
2012.08.21 15:39:55.129,0.7899,0.79001,1.88,2.01
2012.08.21 15:39:55.364,0.78989,0.79,2.63,2.17
2012.08.21 15:39:55.995,0.78988,0.78997,1.88,1.63
2012.08.21 15:39:56.782,0.78988,0.78997,1.88,1.63
2012.08.21 15:39:59.693,0.78988,0.78997,1.88,2.38
2012.08.21 15:40:00.041,0.78988,0.78995,1.50,1.86
2012.08.21 15:40:00.103,0.78985,0.78995,2.25,2.17
2012.08.21 15:40:00.337,0.78982,0.78992,1.13,1.50
2012.08.21 15:40:00.654,0.78981,0.78992,3.38,1.50
2012.08.21 15:40:01.883,0.78981,0.78992,3.53,1.50
2012.08.21 15:40:02.399,0.78981,0.78992,3.60,1.50
2012.08.21 15:40:02.633,0.78983,0.78994,2.10,1.50
2012.08.21 15:40:03.151,0.78983,0.78994,2.10,1.50
2012.08.21 15:40:03.664,0.78983,0.78994,2.10,1.50
2012.08.21 15:40:04.496,0.78985,0.78994,1.13,1.50
2012.08.21 15:40:05.302,0.78983,0.78994,2.85,1.50
2012.08.21 15:40:08.451,0.78983,0.78994,2.25,1.63
2012.08.21 15:40:09.516,0.78982,0.78993,3.38,1.63
2012.08.21 15:40:10.474,0.78982,0.78993,2.63,2.25
2012.08.21 15:40:10.978,0.78984,0.78993,1.50,2.25
2012.08.21 15:40:11.739,0.78984,0.78993,1.50,2.38
2012.08.21 15:40:12.258,0.78984,0.78993,1.50,2.25
2012.08.21 15:40:16.855,0.78984,0.78993,3.00,1.50
2012.08.21 15:40:16.916,0.78985,0.78993,1.13,1.50
2012.08.21 15:40:17.013,0.78986,0.78995,1.88,1.50
2012.08.21 15:40:17.534,0.78986,0.78995,1.88,2.25
2012.08.21 15:40:18.051,0.78987,0.78996,1.50,1.50
2012.08.21 15:40:19.032,0.78987,0.78996,1.88,1.50
2012.08.21 15:40:19.266,0.78989,0.78998,1.88,1.50
2012.08.21 15:40:21.977,0.78986,0.78997,3.60,1.50
2012.08.21 15:40:23.358,0.78986,0.78997,1.73,1.50
2012.08.21 15:40:23.534,0.78986,0.78995,1.50,1.50
2012.08.21 15:40:23.879,0.78986,0.78997,1.88,1.50
2012.08.21 15:40:28.326,0.78988,0.78999,1.88,2.25
2012.08.21 15:40:28.559,0.78987,0.78996,1.50,1.50
2012.08.21 15:40:30.444,0.78987,0.78996,2.63,1.50
2012.08.21 15:40:30.623,0.78989,0.78999,1.73,1.80
2012.08.21 15:40:31.139,0.78988,0.78998,1.35,1.50
2012.08.21 15:40:32.439,0.78988,0.78998,1.35,1.88
2012.08.21 15:40:33.706,0.78987,0.78998,2.10,2.63
2012.08.21 15:40:34.744,0.78987,0.78998,2.10,2.63
2012.08.21 15:40:43.391,0.78987,0.78998,1.73,2.25
2012.08.21 15:40:46.501,0.78987,0.78998,2.10,2.25
2012.08.21 15:40:47.511,0.78987,0.78998,2.10,2.25
2012.08.21 15:40:54.646,0.78989,0.78998,1.13,1.50
2012.08.21 15:40:55.113,0.78991,0.78998,1.35,1.50
2012.08.21 15:40:56.671,0.78989,0.78998,5.63,1.50
2012.08.21 15:40:57.191,0.78988,0.78997,2.85,1.50
2012.08.21 15:40:58.174,0.78991,0.78997,1.88,1.50
2012.08.21 15:40:58.413,0.78991,0.79001,2.10,1.50
2012.08.21 15:40:58.476,0.78991,0.79001,2.10,1.50
2012.08.21 15:40:58.712,0.78991,0.79001,3.60,1.50
2012.08.21 15:40:59.912,0.78992,0.79001,1.35,1.50
2012.08.21 15:41:00.032,0.78994,0.79003,1.88,3.00
2012.08.21 15:41:00.267,0.78991,0.79001,2.85,1.50
2012.08.21 15:41:00.615,0.7899,0.78997,1.35,1.50
2012.08.21 15:41:01.552,0.78991,0.78999,1.13,3.00
2012.08.21 15:41:02.012,0.78987,0.78998,4.58,1.50
2012.08.21 15:41:04.103,0.78987,0.78998,4.13,1.50
2012.08.21 15:41:04.661,0.78988,0.78999,3.00,1.50
2012.08.21 15:41:05.204,0.78987,0.78998,4.13,1.50
2012.08.21 15:41:09.940,0.78989,0.78999,1.13,2.25
2012.08.21 15:41:11.660,0.78991,0.79,1.88,3.75
2012.08.21 15:41:12.008,0.78991,0.79,2.48,1.50
2012.08.21 15:41:12.070,0.78991,0.79,1.73,1.50
2012.08.21 15:41:12.311,0.78991,0.79,1.50,2.38
2012.08.21 15:41:12.434,0.78988,0.78996,1.88,1.50
2012.08.21 15:41:12.498,0.78986,0.78996,1.58,1.50
2012.08.21 15:41:15.636,0.78985,0.78995,1.50,1.50
2012.08.21 15:41:18.392,0.78986,0.78995,1.13,1.50
2012.08.21 15:41:18.911,0.78986,0.78996,1.35,1.50
2012.08.21 15:41:19.371,0.78987,0.78998,3.60,2.25
2012.08.21 15:41:21.339,0.78987,0.78998,2.85,2.25
2012.08.21 15:41:21.799,0.78987,0.78998,3.38,1.50
2012.08.21 15:41:25.634,0.78989,0.78998,2.25,1.50
2012.08.21 15:41:26.146,0.78989,0.78998,2.25,1.50
2012.08.21 15:41:29.372,0.7899,0.78998,1.13,1.50
2012.08.21 15:41:29.883,0.7899,0.78999,1.13,1.50
2012.08.21 15:41:31.042,0.78992,0.78999,1.13,1.50
2012.08.21 15:41:31.392,0.78992,0.79001,2.10,1.50
2012.08.21 15:41:35.295,0.78992,0.79001,2.85,1.50
2012.08.21 15:41:35.469,0.78994,0.79001,2.25,1.50
2012.08.21 15:41:35.706,0.78995,0.79003,1.88,1.50
2012.08.21 15:41:35.826,0.78995,0.79006,3.38,2.48
2012.08.21 15:41:36.005,0.78998,0.79006,1.13,1.50
2012.08.21 15:41:36.525,0.78997,0.79006,1.13,1.50
2012.08.21 15:41:37.447,0.78995,0.79006,3.60,1.50
2012.08.21 15:41:37.799,0.78994,0.79003,4.50,1.50
2012.08.21 15:41:39.756,0.78994,0.79003,2.25,1.50
2012.08.21 15:41:39.994,0.78994,0.79003,2.85,1.50
2012.08.21 15:41:40.227,0.78995,0.79006,2.10,1.88
2012.08.21 15:41:40.782,0.78995,0.79004,2.10,1.50
2012.08.21 15:41:44.193,0.78995,0.79004,2.85,1.50
2012.08.21 15:41:44.432,0.78995,0.79004,2.10,1.50
2012.08.21 15:41:45.400,0.78995,0.79004,1.88,1.50
2012.08.21 15:41:46.206,0.78993,0.79003,1.73,1.50
2012.08.21 15:41:46.784,0.78992,0.79003,2.48,2.25
2012.08.21 15:41:46.846,0.78992,0.79003,2.25,2.25
2012.08.21 15:41:47.575,0.78991,0.79,2.25,1.50
2012.08.21 15:41:50.011,0.78994,0.79003,1.50,4.50
2012.08.21 15:41:50.648,0.7899,0.79001,3.38,1.50
2012.08.21 15:41:51.256,0.7899,0.79001,3.38,1.50
2012.08.21 15:41:51.782,0.7899,0.79001,3.38,1.50
2012.08.21 15:41:55.834,0.78992,0.79001,1.13,1.50
2012.08.21 15:42:00.403,0.7899,0.79001,4.73,1.50
2012.08.21 15:42:00.910,0.7899,0.79,3.23,1.50
2012.08.21 15:42:01.437,0.78991,0.79,2.25,1.50
2012.08.21 15:42:02.574,0.78991,0.79,2.63,1.50
2012.08.21 15:42:04.362,0.78991,0.79,2.48,1.50
2012.08.21 15:42:04.871,0.78991,0.79,3.00,1.50
2012.08.21 15:42:05.945,0.78991,0.79,2.25,3.00
2012.08.21 15:42:06.315,0.7899,0.79,2.25,3.00
2012.08.21 15:42:07.340,0.7899,0.79,3.00,2.25
2012.08.21 15:42:07.893,0.78991,0.79,2.25,2.25
2012.08.21 15:42:10.112,0.78991,0.79,2.25,2.25
2012.08.21 15:42:11.337,0.78991,0.79,2.25,1.50
2012.08.21 15:42:12.661,0.78991,0.79,2.25,1.50
2012.08.21 15:42:25.996,0.78991,0.79,3.75,1.50
2012.08.21 15:42:26.346,0.78993,0.79003,1.35,2.25
2012.08.21 15:42:26.863,0.78994,0.79003,1.50,1.50
2012.08.21 15:42:28.364,0.78994,0.79003,3.23,1.50
2012.08.21 15:42:31.697,0.78994,0.79003,2.10,1.50
2012.08.21 15:42:31.987,0.78996,0.79005,1.35,1.50
2012.08.21 15:42:32.514,0.78997,0.79006,1.35,1.50
2012.08.21 15:42:36.256,0.78996,0.79006,1.35,1.50
2012.08.21 15:42:36.882,0.78996,0.79006,2.10,1.50
2012.08.21 15:42:37.429,0.78996,0.79006,1.35,1.50
2012.08.21 15:42:40.375,0.78995,0.79006,3.60,1.50
2012.08.21 15:42:45.801,0.78997,0.79006,1.35,1.50
2012.08.21 15:42:49.081,0.78997,0.79004,1.13,1.50
2012.08.21 15:42:49.960,0.78995,0.79004,1.50,1.50
2012.08.21 15:42:54.236,0.78993,0.79003,1.50,1.50
2012.08.21 15:42:56.552,0.78994,0.79003,1.50,1.50
2012.08.21 15:42:57.070,0.78993,0.79004,2.63,1.50
2012.08.21 15:42:57.726,0.78993,0.79002,2.63,1.50
2012.08.21 15:42:58.233,0.78993,0.79002,2.63,1.50
2012.08.21 15:42:58.407,0.78993,0.79004,2.85,1.50
2012.08.21 15:42:59.107,0.78993,0.79004,2.25,1.50
2012.08.21 15:42:59.394,0.78993,0.79002,2.25,1.50
2012.08.21 15:43:04.017,0.78991,0.79,4.73,1.50
2012.08.21 15:43:04.537,0.78991,0.79,3.23,1.50
2012.08.21 15:43:10.555,0.78991,0.79,1.73,1.50
2012.08.21 15:43:13.066,0.78989,0.79,3.60,1.50
2012.08.21 15:43:13.945,0.78989,0.79,3.23,1.50
2012.08.21 15:43:15.878,0.78989,0.79,1.50,2.38
2012.08.21 15:43:16.339,0.78986,0.78995,3.60,1.50
2012.08.21 15:43:16.843,0.78986,0.78995,2.85,1.50
2012.08.21 15:43:19.435,0.78986,0.78995,1.73,1.50
2012.08.21 15:43:19.955,0.78985,0.78994,1.88,1.50
2012.08.21 15:43:20.641,0.78985,0.78994,1.88,1.50
2012.08.21 15:43:20.705,0.78984,0.78992,1.13,1.50
2012.08.21 15:43:21.352,0.78984,0.78993,1.88,1.50
2012.08.21 15:43:21.849,0.78983,0.78994,2.48,1.50
2012.08.21 15:43:22.606,0.78983,0.78994,3.00,1.63
2012.08.21 15:43:23.126,0.78983,0.78994,2.63,1.63
2012.08.21 15:43:23.303,0.78983,0.78994,1.50,2.61
2012.08.21 15:43:23.427,0.78983,0.78991,1.50,1.13
2012.08.21 15:43:23.777,0.78979,0.78986,2.25,1.50
2012.08.21 15:43:23.955,0.78974,0.78983,3.75,1.50
2012.08.21 15:43:24.017,0.78974,0.78983,1.50,1.50
2012.08.21 15:43:24.080,0.78972,0.78983,3.75,1.50
2012.08.21 15:43:26.676,0.78976,0.78983,1.13,1.50
2012.08.21 15:43:26.910,0.78976,0.78985,4.73,1.50
2012.08.21 15:43:27.425,0.78975,0.78984,2.25,1.50
2012.08.21 15:43:28.244,0.78975,0.78984,1.50,1.50
2012.08.21 15:43:29.648,0.78976,0.78986,1.88,1.50
2012.08.21 15:43:29.883,0.78976,0.78984,2.25,1.50
2012.08.21 15:43:29.946,0.78976,0.78984,2.48,1.50
2012.08.21 15:43:30.236,0.78975,0.78984,1.88,1.50
2012.08.21 15:43:30.746,0.78974,0.78985,3.00,1.50
2012.08.21 15:43:31.874,0.78974,0.78986,3.00,2.25
2012.08.21 15:43:31.996,0.78981,0.7899,1.88,1.86
2012.08.21 15:43:32.173,0.78978,0.78988,2.25,1.63
2012.08.21 15:43:32.407,0.78976,0.78985,4.13,1.50
2012.08.21 15:43:32.924,0.78977,0.78986,1.13,1.50
2012.08.21 15:43:33.383,0.78976,0.78985,1.88,1.50
2012.08.21 15:43:33.902,0.78975,0.78984,1.50,1.50
2012.08.21 15:43:34.884,0.78975,0.78986,2.25,1.50
2012.08.21 15:43:34.946,0.78977,0.78986,1.35,1.50
2012.08.21 15:43:35.179,0.78975,0.78984,2.48,1.50
2012.08.21 15:43:35.242,0.78975,0.78984,1.50,1.50
2012.08.21 15:43:36.611,0.78975,0.78984,1.88,1.50
2012.08.21 15:43:37.127,0.78976,0.78985,2.85,1.50
2012.08.21 15:43:38.002,0.78977,0.78986,1.88,2.38
2012.08.21 15:43:38.764,0.78977,0.78986,1.88,1.50
2012.08.21 15:43:39.268,0.78979,0.7899,2.10,2.01
2012.08.21 15:43:39.339,0.78979,0.7899,4.35,1.88
2012.08.21 15:43:39.462,0.78983,0.78993,1.50,1.50
2012.08.21 15:43:39.697,0.78983,0.78994,1.88,3.00
2012.08.21 15:43:39.931,0.78982,0.78993,1.73,2.38
2012.08.21 15:43:40.450,0.78982,0.78993,1.73,1.50
2012.08.21 15:43:41.190,0.78982,0.78993,1.50,1.50
2012.08.21 15:43:45.194,0.78982,0.78993,3.23,1.50
2012.08.21 15:43:46.089,0.78982,0.78993,1.73,1.50
2012.08.21 15:43:46.208,0.78981,0.7899,1.88,1.50
2012.08.21 15:43:46.593,0.78981,0.78992,1.88,2.25
2012.08.21 15:43:46.656,0.78984,0.78992,2.85,2.25
2012.08.21 15:43:46.781,0.78984,0.78994,1.35,1.50
2012.08.21 15:43:46.958,0.78983,0.78993,1.73,2.25
2012.08.21 15:43:47.477,0.78983,0.78992,2.25,1.50
2012.08.21 15:43:48.002,0.78983,0.78992,1.50,2.25
2012.08.21 15:43:48.066,0.78981,0.7899,4.13,1.50
2012.08.21 15:43:48.601,0.78981,0.7899,1.88,1.50
2012.08.21 15:43:50.345,0.78981,0.7899,1.88,1.50
2012.08.21 15:43:50.862,0.78982,0.78991,2.10,1.50
2012.08.21 15:43:51.839,0.78981,0.7899,3.60,1.50
2012.08.21 15:43:52.187,0.78985,0.78993,1.35,1.50
2012.08.21 15:43:52.646,0.78983,0.78991,1.35,1.50
2012.08.21 15:43:52.708,0.7898,0.78991,3.98,1.50
2012.08.21 15:44:00.915,0.7898,0.78991,2.10,1.50
2012.08.21 15:44:06.810,0.78981,0.7899,2.10,1.50
2012.08.21 15:44:13.732,0.78981,0.78988,1.35,1.50
2012.08.21 15:44:14.617,0.78981,0.78987,1.13,1.50
2012.08.21 15:44:15.647,0.78977,0.78987,2.85,1.50
2012.08.21 15:44:15.887,0.78976,0.78986,2.48,1.50
2012.08.21 15:44:16.006,0.78975,0.78983,2.25,1.50
2012.08.21 15:44:17.456,0.78974,0.78983,2.10,1.50
2012.08.21 15:44:18.169,0.78974,0.78986,1.50,2.48
2012.08.21 15:44:18.289,0.78978,0.78987,1.88,3.23
2012.08.21 15:44:18.408,0.78978,0.78986,1.50,1.73
2012.08.21 15:44:18.527,0.78975,0.78985,1.88,1.50
2012.08.21 15:44:19.044,0.78974,0.78984,1.35,1.50
2012.08.21 15:44:19.926,0.78976,0.78984,1.13,1.50
2012.08.21 15:44:20.459,0.78976,0.78985,1.35,1.50
2012.08.21 15:44:22.970,0.78976,0.78985,3.60,1.50
2012.08.21 15:44:23.520,0.78977,0.78986,2.10,1.50
2012.08.21 15:44:24.933,0.78976,0.78987,3.60,1.50
2012.08.21 15:44:31.658,0.78976,0.78985,3.60,1.50
2012.08.21 15:44:32.169,0.78977,0.78986,2.85,1.50
2012.08.21 15:44:38.155,0.78977,0.78985,2.10,1.50
2012.08.21 15:44:39.567,0.78977,0.78987,2.10,1.50
2012.08.21 15:44:40.610,0.78977,0.78986,3.60,1.50
2012.08.21 15:44:43.341,0.78977,0.78985,1.35,1.50
2012.08.21 15:44:43.874,0.78979,0.78986,1.35,1.50
2012.08.21 15:44:43.937,0.78979,0.78988,3.60,1.50
2012.08.21 15:44:44.113,0.78982,0.78988,1.13,1.50
2012.08.21 15:44:44.289,0.78982,0.78991,3.38,1.50
2012.08.21 15:44:44.807,0.78982,0.7899,2.85,1.50
2012.08.21 15:44:52.127,0.78981,0.7899,3.23,1.50
2012.08.21 15:44:52.305,0.78979,0.78987,2.10,1.50
2012.08.21 15:44:52.426,0.78978,0.78987,5.25,1.50
2012.08.21 15:44:52.946,0.78977,0.78988,5.10,1.50
2012.08.21 15:44:53.183,0.78979,0.78989,1.13,1.50
2012.08.21 15:44:55.585,0.78978,0.78989,4.35,1.50
2012.08.21 15:44:58.175,0.78978,0.78989,4.35,1.50
2012.08.21 15:44:58.525,0.78983,0.78989,1.13,1.50
2012.08.21 15:44:58.873,0.78984,0.78991,3.60,1.50
2012.08.21 15:44:59.108,0.78984,0.78991,1.73,1.50
2012.08.21 15:44:59.341,0.78984,0.78995,3.60,1.50
2012.08.21 15:45:01.847,0.78985,0.78996,2.85,3.00
2012.08.21 15:45:02.492,0.78985,0.78994,1.35,1.50
2012.08.21 15:45:02.610,0.78985,0.78994,1.35,1.50
2012.08.21 15:45:03.677,0.78984,0.78993,2.48,1.50
2012.08.21 15:45:04.322,0.78984,0.78993,1.73,1.50
2012.08.21 15:45:04.668,0.78984,0.78995,1.73,1.50
2012.08.21 15:45:05.209,0.78986,0.78995,1.35,1.50
2012.08.21 15:45:07.666,0.78986,0.78995,1.35,1.50
2012.08.21 15:45:08.405,0.78985,0.78995,2.48,1.50
2012.08.21 15:45:08.809,0.78985,0.78993,1.73,1.50
2012.08.21 15:45:10.387,0.78984,0.78993,2.10,1.50
2012.08.21 15:45:11.887,0.78983,0.78994,1.88,1.50
2012.08.21 15:45:14.374,0.78982,0.78993,3.60,1.50
2012.08.21 15:45:14.606,0.78982,0.78993,1.88,1.50
2012.08.21 15:45:14.864,0.78982,0.78993,3.60,1.50
2012.08.21 15:45:15.626,0.78982,0.78991,3.60,1.50
2012.08.21 15:45:18.732,0.78982,0.78991,3.38,1.50
2012.08.21 15:45:21.448,0.78982,0.78991,2.63,1.50
2012.08.21 15:45:21.512,0.78983,0.78991,1.13,1.50
2012.08.21 15:45:21.630,0.78983,0.78991,1.13,1.50
2012.08.21 15:45:29.114,0.78982,0.78991,2.48,1.50
2012.08.21 15:45:29.404,0.7898,0.78991,1.88,1.63
2012.08.21 15:45:29.694,0.7898,0.78991,1.88,3.13
2012.08.21 15:45:30.047,0.78979,0.78985,1.50,1.50
2012.08.21 15:45:30.169,0.78975,0.78985,1.88,1.50
2012.08.21 15:45:30.460,0.78976,0.78987,1.88,2.38
2012.08.21 15:45:31.774,0.78975,0.78986,2.85,1.50
2012.08.21 15:45:37.625,0.78976,0.78985,1.88,1.50
2012.08.21 15:45:37.857,0.78975,0.78984,2.85,1.50
2012.08.21 15:45:38.370,0.78975,0.78986,1.88,1.50
2012.08.21 15:45:39.040,0.78976,0.78987,1.88,2.25
2012.08.21 15:45:42.547,0.78976,0.78987,3.60,2.25
2012.08.21 15:45:49.207,0.78978,0.78987,1.50,1.50
2012.08.21 15:45:49.444,0.78978,0.78989,1.50,1.50
2012.08.21 15:45:49.991,0.78979,0.78988,1.50,1.50
2012.08.21 15:45:51.315,0.78979,0.78987,1.50,1.50
2012.08.21 15:45:51.549,0.78978,0.78989,2.10,1.50
2012.08.21 15:45:52.065,0.7898,0.78991,2.63,1.63
2012.08.21 15:45:52.441,0.78981,0.78991,1.35,1.50
2012.08.21 15:45:52.956,0.78981,0.78992,2.85,1.50
2012.08.21 15:45:53.358,0.78987,0.78995,1.50,1.50
2012.08.21 15:45:53.649,0.78991,0.79,1.50,3.13
2012.08.21 15:45:54.168,0.7899,0.79,1.88,1.63
2012.08.21 15:45:54.230,0.7899,0.79,1.88,1.63
2012.08.21 15:45:54.583,0.78987,0.78996,1.73,1.63
2012.08.21 15:45:54.878,0.78981,0.7899,2.25,1.50
2012.08.21 15:45:55.394,0.78982,0.7899,1.13,1.50
2012.08.21 15:45:55.596,0.78983,0.78992,2.10,1.50
2012.08.21 15:45:56.232,0.78983,0.78992,1.88,1.50
2012.08.21 15:45:57.570,0.78985,0.78994,1.50,1.50
2012.08.21 15:46:06.949,0.78984,0.78993,1.50,1.50
2012.08.21 15:46:07.469,0.78987,0.78996,1.50,5.79
2012.08.21 15:46:07.591,0.78987,0.78996,1.50,2.25
2012.08.21 15:46:08.112,0.78986,0.78995,1.88,1.63
2012.08.21 15:46:09.781,0.78986,0.78997,1.88,3.32
2012.08.21 15:46:09.901,0.78986,0.78995,1.88,1.50
2012.08.21 15:46:10.216,0.78984,0.78993,2.10,1.50
2012.08.21 15:46:12.854,0.78982,0.78993,2.85,1.50
2012.08.21 15:46:13.201,0.78982,0.78993,2.85,2.25
2012.08.21 15:46:13.913,0.78982,0.78993,2.85,2.25
2012.08.21 15:46:14.133,0.78982,0.7899,1.35,1.50
2012.08.21 15:46:14.652,0.78981,0.7899,2.10,1.50
2012.08.21 15:46:15.172,0.78981,0.7899,2.10,1.50
2012.08.21 15:46:15.690,0.78982,0.78991,1.88,1.50
2012.08.21 15:46:16.949,0.78982,0.78991,2.10,1.50
2012.08.21 15:46:17.501,0.78982,0.78991,2.48,1.50
2012.08.21 15:46:18.709,0.7898,0.78991,5.32,1.50
2012.08.21 15:46:19.228,0.78981,0.7899,2.32,1.50
2012.08.21 15:46:21.326,0.78982,0.78991,2.10,1.50
2012.08.21 15:46:21.445,0.78983,0.78994,2.10,3.75
2012.08.21 15:46:21.972,0.78982,0.78993,2.48,1.50
2012.08.21 15:46:22.153,0.78982,0.78993,2.10,2.38
2012.08.21 15:46:22.462,0.78981,0.7899,1.50,1.63
2012.08.21 15:46:22.984,0.78978,0.78989,3.60,1.50
2012.08.21 15:46:23.502,0.78977,0.78988,2.85,1.63
2012.08.21 15:46:29.927,0.78978,0.78987,2.10,1.50
2012.08.21 15:46:31.196,0.78979,0.78988,1.88,1.63
2012.08.21 15:46:32.595,0.78978,0.78989,2.10,2.25
2012.08.21 15:46:33.810,0.78977,0.78988,2.85,1.50
2012.08.21 15:46:35.868,0.78978,0.78989,2.10,3.75
2012.08.21 15:46:38.978,0.78977,0.78988,2.85,1.50
2012.08.21 15:46:41.850,0.78978,0.78989,2.10,2.25
2012.08.21 15:46:46.640,0.78981,0.7899,1.50,1.50
2012.08.21 15:46:46.871,0.78982,0.78993,1.50,3.23
2012.08.21 15:46:47.557,0.7898,0.78991,1.88,1.50
2012.08.21 15:46:47.864,0.78982,0.78991,1.50,1.50
2012.08.21 15:46:48.209,0.78982,0.78993,1.88,2.48
2012.08.21 15:46:48.273,0.78983,0.78993,2.63,2.63
2012.08.21 15:46:48.504,0.78981,0.78993,2.25,1.13
2012.08.21 15:46:48.566,0.78983,0.78993,1.50,1.13
2012.08.21 15:46:48.940,0.78981,0.78992,1.50,3.00
2012.08.21 15:46:49.477,0.7898,0.78991,3.00,1.50
2012.08.21 15:46:49.616,0.7898,0.78991,3.00,1.50
2012.08.21 15:46:49.905,0.78985,0.78994,2.25,3.75
2012.08.21 15:46:50.420,0.78985,0.78994,1.50,1.50
2012.08.21 15:46:50.597,0.78981,0.78992,1.88,2.25
2012.08.21 15:46:50.773,0.78981,0.7899,1.88,1.50
2012.08.21 15:46:51.294,0.78982,0.78991,1.50,1.50
2012.08.21 15:46:51.708,0.78983,0.78991,1.35,1.50
2012.08.21 15:46:51.771,0.78983,0.78993,1.35,1.50
2012.08.21 15:46:52.247,0.78983,0.78994,2.25,3.00
2012.08.21 15:46:56.360,0.78983,0.78994,2.10,2.25
2012.08.21 15:46:56.817,0.78982,0.78991,2.10,1.50
2012.08.21 15:46:57.161,0.78982,0.78993,2.10,1.50
2012.08.21 15:46:58.590,0.78982,0.78993,2.10,1.63
2012.08.21 15:46:58.823,0.78981,0.78992,1.50,1.86
2012.08.21 15:47:01.138,0.78981,0.78992,1.88,2.48
2012.08.21 15:47:01.602,0.78984,0.78995,1.50,2.25
2012.08.21 15:47:01.664,0.78984,0.78995,1.88,2.25
2012.08.21 15:47:04.446,0.78986,0.78995,2.10,1.50
2012.08.21 15:47:04.961,0.78988,0.78999,1.50,3.88
2012.08.21 15:47:05.656,0.78986,0.78997,2.10,2.25
2012.08.21 15:47:06.877,0.78986,0.78997,1.88,2.25
2012.08.21 15:47:07.221,0.78986,0.78997,2.85,2.25
2012.08.21 15:47:08.626,0.78986,0.78997,2.10,2.25
2012.08.21 15:47:09.787,0.78984,0.78995,1.88,1.50
2012.08.21 15:47:09.906,0.78984,0.78995,1.88,1.50
2012.08.21 15:47:10.677,0.78984,0.78995,1.88,1.50
2012.08.21 15:47:17.414,0.78984,0.78995,1.88,1.50
2012.08.21 15:47:18.134,0.78985,0.78996,2.10,2.25
2012.08.21 15:47:27.003,0.78985,0.78996,1.50,1.63
2012.08.21 15:47:31.170,0.78985,0.78996,1.50,2.38
2012.08.21 15:47:32.331,0.78985,0.78996,1.88,2.61
2012.08.21 15:47:32.718,0.78985,0.78994,1.88,1.50
2012.08.21 15:47:34.900,0.78985,0.78994,1.50,1.50
2012.08.21 15:47:35.252,0.78983,0.78992,1.88,1.50
2012.08.21 15:47:35.429,0.78983,0.78992,1.88,1.50
2012.08.21 15:47:41.281,0.78984,0.78993,1.50,1.50
2012.08.21 15:47:41.487,0.78982,0.78993,4.13,1.50
2012.08.21 15:47:41.946,0.78981,0.7899,1.88,1.50
2012.08.21 15:47:52.422,0.78981,0.78992,1.88,2.01
2012.08.21 15:47:52.771,0.78981,0.7899,1.88,1.50
2012.08.21 15:47:53.645,0.78982,0.78991,1.88,1.50
2012.08.21 15:47:54.583,0.78982,0.78991,1.88,1.50
2012.08.21 15:47:55.495,0.78981,0.7899,1.88,1.50
2012.08.21 15:47:56.006,0.78982,0.78991,1.88,1.50
2012.08.21 15:47:56.432,0.7898,0.78991,1.73,3.75
2012.08.21 15:47:56.949,0.78978,0.78989,1.88,2.25
2012.08.21 15:48:01.076,0.78979,0.7899,1.88,2.25
2012.08.21 15:48:01.195,0.78979,0.7899,1.50,2.25
2012.08.21 15:48:01.712,0.78979,0.78988,1.50,1.50
2012.08.21 15:48:02.965,0.78975,0.78984,2.48,1.50
2012.08.21 15:48:03.481,0.78977,0.78987,1.13,2.25
2012.08.21 15:48:03.667,0.78977,0.78987,1.13,1.50
2012.08.21 15:48:17.116,0.7898,0.78989,1.50,3.00
2012.08.21 15:48:17.295,0.78981,0.78992,1.50,3.73
2012.08.21 15:48:17.474,0.78981,0.78991,2.25,1.50
2012.08.21 15:48:17.702,0.7898,0.78991,3.00,2.03
2012.08.21 15:48:18.219,0.7898,0.78991,1.88,1.80
2012.08.21 15:48:18.732,0.7898,0.78991,1.88,1.50
2012.08.21 15:48:19.190,0.7898,0.78989,1.88,1.50
2012.08.21 15:48:19.710,0.78979,0.78988,2.85,1.50
2012.08.21 15:48:20.263,0.78979,0.78989,1.35,1.50
2012.08.21 15:48:21.528,0.78978,0.78989,2.10,1.50
2012.08.21 15:48:29.237,0.78979,0.78989,1.35,1.50
2012.08.21 15:48:29.761,0.78978,0.78989,1.50,1.50
2012.08.21 15:48:30.067,0.7898,0.78989,1.50,1.50
2012.08.21 15:48:30.459,0.78978,0.78989,2.25,1.50
2012.08.21 15:48:31.203,0.78979,0.7899,1.50,1.50
2012.08.21 15:48:31.322,0.78982,0.78991,1.50,1.50
2012.08.21 15:48:31.850,0.78981,0.7899,1.50,1.50
2012.08.21 15:48:33.580,0.78982,0.78991,1.50,1.50
2012.08.21 15:48:34.972,0.78981,0.7899,1.50,1.50
2012.08.21 15:48:35.318,0.78979,0.78988,3.75,1.50
2012.08.21 15:48:35.838,0.78979,0.78988,1.50,1.50
2012.08.21 15:48:36.153,0.78979,0.7899,1.50,1.50
2012.08.21 15:48:36.503,0.78979,0.78988,1.50,1.50
2012.08.21 15:48:36.622,0.78979,0.7899,1.50,3.00
2012.08.21 15:48:37.475,0.78979,0.7899,2.10,1.50
2012.08.21 15:48:38.765,0.78979,0.7899,2.10,1.50
2012.08.21 15:48:39.287,0.78979,0.7899,1.88,1.50
2012.08.21 15:48:39.349,0.78979,0.7899,2.10,1.50
2012.08.21 15:48:39.865,0.78979,0.7899,3.60,1.50
2012.08.21 15:48:44.880,0.78981,0.78989,1.50,1.50
2012.08.21 15:48:44.943,0.78978,0.78988,1.35,1.50
2012.08.21 15:48:45.459,0.78979,0.78988,2.10,1.50
2012.08.21 15:48:53.118,0.7898,0.78991,2.10,3.00
2012.08.21 15:48:53.179,0.7898,0.78991,2.10,1.50
2012.08.21 15:48:53.684,0.78981,0.7899,2.63,1.50
2012.08.21 15:48:53.753,0.78981,0.78992,2.63,1.50
2012.08.21 15:48:54.302,0.78981,0.78991,1.13,1.50
2012.08.21 15:48:54.816,0.78981,0.78992,2.63,1.50
2012.08.21 15:49:03.116,0.78981,0.7899,1.13,1.50
2012.08.21 15:49:03.234,0.7898,0.7899,1.13,1.73
2012.08.21 15:49:03.598,0.78981,0.78992,1.88,1.50
2012.08.21 15:49:03.660,0.78981,0.78992,1.50,1.73
2012.08.21 15:49:04.176,0.78979,0.7899,2.25,1.50
2012.08.21 15:49:04.888,0.7898,0.7899,1.13,1.50
2012.08.21 15:49:05.125,0.78981,0.7899,1.13,1.50
2012.08.21 15:49:05.188,0.78981,0.7899,1.13,1.50
2012.08.21 15:49:05.309,0.78984,0.78993,1.50,2.25
2012.08.21 15:49:05.488,0.78985,0.78994,1.13,2.25
2012.08.21 15:49:06.457,0.78984,0.78992,1.13,1.50
2012.08.21 15:49:07.488,0.78983,0.78992,2.25,1.50
2012.08.21 15:49:07.551,0.78982,0.7899,1.13,1.50
2012.08.21 15:49:08.709,0.78982,0.78991,2.63,1.50
2012.08.21 15:49:09.255,0.78982,0.78992,1.13,1.50
2012.08.21 15:49:09.782,0.78982,0.78992,1.13,1.50
2012.08.21 15:49:12.751,0.78985,0.78994,1.50,3.00
2012.08.21 15:49:13.718,0.78984,0.78993,2.25,1.50
2012.08.21 15:49:14.519,0.78985,0.78994,1.50,1.50
2012.08.21 15:49:15.033,0.78983,0.78994,2.25,1.50
2012.08.21 15:49:15.696,0.78983,0.78994,1.50,1.50
2012.08.21 15:49:23.390,0.78984,0.78995,1.73,2.25
2012.08.21 15:49:25.196,0.78983,0.78994,4.13,1.50
2012.08.21 15:49:26.104,0.78985,0.78994,1.50,1.50
2012.08.21 15:49:36.232,0.78984,0.78993,1.50,1.50
2012.08.21 15:49:36.748,0.78982,0.78993,3.98,2.25
2012.08.21 15:49:37.103,0.78983,0.78993,1.35,1.50
2012.08.21 15:49:37.222,0.78984,0.78995,1.88,1.50
2012.08.21 15:49:37.749,0.78984,0.78995,2.63,1.50
2012.08.21 15:49:38.915,0.78984,0.78993,2.63,1.50
2012.08.21 15:49:39.902,0.78984,0.78995,2.63,1.50
2012.08.21 15:49:52.729,0.78984,0.78995,3.38,1.50
2012.08.21 15:49:53.294,0.78984,0.78995,3.60,1.50
2012.08.21 15:49:54.447,0.78986,0.78997,1.88,2.25
2012.08.21 15:49:55.223,0.78985,0.78996,2.63,1.50
2012.08.21 15:49:55.756,0.78985,0.78996,2.25,1.50
2012.08.21 15:49:56.342,0.78985,0.78996,1.88,1.50
2012.08.21 15:49:57.154,0.78985,0.78996,1.88,1.50
2012.08.21 15:49:57.671,0.78986,0.78997,1.73,1.50
2012.08.21 15:49:58.199,0.78986,0.78997,1.50,1.50
2012.08.21 15:49:58.771,0.78985,0.78996,1.88,1.50
2012.08.21 15:49:59.101,0.78986,0.78997,1.88,1.50
2012.08.21 15:49:59.639,0.78986,0.78997,1.50,2.25
2012.08.21 15:50:00.167,0.78986,0.78996,1.50,1.50
2012.08.21 15:50:00.512,0.78985,0.78994,2.63,1.50
2012.08.21 15:50:05.876,0.78983,0.78993,4.88,1.50
2012.08.21 15:50:06.169,0.78983,0.78993,2.10,1.50
2012.08.21 15:50:06.675,0.78983,0.78994,3.38,1.50
2012.08.21 15:50:08.788,0.78984,0.78994,1.13,1.50
2012.08.21 15:50:11.693,0.78984,0.78994,1.50,1.50
2012.08.21 15:50:15.408,0.78984,0.78994,2.25,1.50
2012.08.21 15:50:18.400,0.78984,0.78994,1.50,1.50
2012.08.21 15:50:27.681,0.78984,0.78993,3.00,1.50
2012.08.21 15:50:28.197,0.78984,0.78993,3.00,1.50
2012.08.21 15:50:28.917,0.78986,0.78995,1.88,1.50
2012.08.21 15:50:29.039,0.78988,0.78998,1.13,1.50
2012.08.21 15:50:29.386,0.78989,0.78998,2.69,1.50
2012.08.21 15:50:29.506,0.78988,0.78998,1.88,1.50
2012.08.21 15:50:29.898,0.78987,0.78995,4.35,1.50
2012.08.21 15:50:30.425,0.78988,0.78995,1.50,1.50
2012.08.21 15:50:35.799,0.78984,0.78994,4.73,1.50
2012.08.21 15:50:35.861,0.78985,0.78994,1.50,1.50
2012.08.21 15:50:37.089,0.78986,0.78994,1.50,1.50
2012.08.21 15:50:38.992,0.78985,0.78994,1.50,1.50
2012.08.21 15:50:41.249,0.78984,0.78994,2.48,1.50
2012.08.21 15:50:42.153,0.78984,0.78994,2.48,1.50
2012.08.21 15:50:48.008,0.78984,0.78993,2.25,1.50
2012.08.21 15:50:53.859,0.78984,0.78992,1.50,1.50
2012.08.21 15:50:57.905,0.78983,0.78992,4.88,1.50
2012.08.21 15:51:05.951,0.78981,0.78991,1.35,1.50
2012.08.21 15:51:12.369,0.78981,0.78991,2.48,1.50
2012.08.21 15:51:12.487,0.78981,0.78989,2.48,1.50
2012.08.21 15:51:13.005,0.78982,0.7899,1.13,1.50
2012.08.21 15:51:15.203,0.78981,0.78988,2.10,1.50
2012.08.21 15:51:15.720,0.78979,0.78988,1.88,1.50
2012.08.21 15:51:17.024,0.78979,0.78988,1.50,1.50
2012.08.21 15:51:17.373,0.78979,0.78986,1.13,1.50
2012.08.21 15:51:17.719,0.78976,0.78986,2.63,1.50
2012.08.21 15:51:17.896,0.78975,0.78985,1.13,1.50
2012.08.21 15:51:18.419,0.78975,0.78986,3.38,1.50
2012.08.21 15:51:20.798,0.78975,0.78984,2.25,1.50
2012.08.21 15:51:23.797,0.78977,0.78986,1.50,1.50
2012.08.21 15:51:27.611,0.78977,0.78986,2.25,1.50
2012.08.21 15:51:27.904,0.78978,0.78989,4.13,1.50
2012.08.21 15:51:28.418,0.78978,0.78989,4.35,1.50
2012.08.21 15:51:28.874,0.78984,0.78989,1.13,1.50
2012.08.21 15:51:28.942,0.78984,0.78991,1.13,1.50
2012.08.21 15:51:29.477,0.78983,0.78992,1.13,1.50
2012.08.21 15:51:31.210,0.78985,0.78992,1.88,1.50
2012.08.21 15:51:31.501,0.78986,0.78995,2.85,1.50
2012.08.21 15:51:32.722,0.78987,0.78995,1.13,1.50
2012.08.21 15:51:33.235,0.78987,0.78995,1.88,1.50
2012.08.21 15:51:33.756,0.78987,0.78996,1.13,1.50
2012.08.21 15:51:34.252,0.78989,0.78996,1.13,1.50
2012.08.21 15:51:34.314,0.78989,0.78999,1.35,1.50
2012.08.21 15:51:34.659,0.78989,0.78999,2.25,1.50
2012.08.21 15:51:35.183,0.78992,0.79,1.50,1.50
2012.08.21 15:51:35.534,0.78989,0.78997,1.13,1.50
2012.08.21 15:51:35.597,0.78988,0.78997,6.23,1.50
2012.08.21 15:51:36.004,0.78989,0.78995,1.13,1.50
2012.08.21 15:51:36.507,0.78987,0.78995,1.13,1.50
2012.08.21 15:51:37.076,0.78987,0.78995,1.88,1.50
2012.08.21 15:51:37.658,0.78986,0.78995,3.00,1.50
2012.08.21 15:51:39.780,0.78987,0.78996,1.50,1.50
2012.08.21 15:51:43.446,0.78987,0.78995,1.50,1.50
2012.08.21 15:51:45.694,0.78985,0.78992,1.50,1.50
2012.08.21 15:51:45.812,0.78984,0.78992,2.40,1.50
2012.08.21 15:51:46.100,0.78983,0.78992,2.03,1.50
2012.08.21 15:51:48.500,0.78983,0.78992,3.23,1.50
2012.08.21 15:51:51.710,0.78983,0.78992,2.85,1.50
2012.08.21 15:51:51.772,0.78983,0.78992,2.48,1.50
2012.08.21 15:51:52.283,0.78983,0.78992,2.48,1.50
2012.08.21 15:51:52.804,0.78983,0.78992,2.48,1.50
2012.08.21 15:51:54.915,0.78983,0.78992,2.85,1.50
2012.08.21 15:51:54.980,0.78983,0.78994,2.85,1.50
2012.08.21 15:51:55.501,0.78982,0.78993,6.60,1.50
2012.08.21 15:51:56.033,0.78982,0.78993,4.88,1.50
2012.08.21 15:51:56.546,0.78982,0.78993,3.38,1.50
2012.08.21 15:51:57.241,0.78982,0.78993,3.60,1.50
2012.08.21 15:51:57.758,0.78984,0.78993,2.10,1.50
2012.08.21 15:51:58.821,0.78984,0.78993,3.38,1.50
2012.08.21 15:51:58.896,0.78986,0.78995,1.88,1.50
2012.08.21 15:51:59.018,0.78985,0.78994,2.63,1.50
2012.08.21 15:51:59.251,0.78982,0.78993,3.00,1.50
2012.08.21 15:51:59.893,0.78982,0.78993,3.00,1.50
2012.08.21 15:52:00.239,0.78982,0.78991,1.50,1.50
2012.08.21 15:52:00.700,0.7898,0.78991,3.38,1.50
2012.08.21 15:52:01.247,0.7898,0.78991,2.48,1.50
2012.08.21 15:52:03.976,0.7898,0.78991,1.65,1.50
2012.08.21 15:52:08.919,0.7898,0.78991,1.88,1.50
2012.08.21 15:52:08.983,0.78983,0.78992,1.50,1.50
2012.08.21 15:52:09.389,0.78985,0.78994,1.50,1.50
2012.08.21 15:52:09.845,0.78983,0.78994,1.73,1.50
2012.08.21 15:52:10.361,0.78983,0.78994,2.10,1.50
2012.08.21 15:52:13.401,0.78983,0.78994,2.25,1.50
2012.08.21 15:52:13.689,0.78987,0.78996,1.73,1.50
2012.08.21 15:52:18.829,0.78986,0.78995,1.73,1.50
2012.08.21 15:52:19.849,0.78983,0.78992,1.50,1.50
2012.08.21 15:52:25.771,0.78982,0.78991,2.25,1.50
2012.08.21 15:52:26.281,0.78982,0.78991,1.50,1.50
2012.08.21 15:52:28.084,0.78981,0.78991,1.88,1.50
2012.08.21 15:52:33.691,0.78981,0.78992,2.63,1.50
2012.08.21 15:52:34.242,0.78981,0.7899,2.63,1.50
2012.08.21 15:52:34.890,0.78981,0.7899,1.50,1.50
2012.08.21 15:52:36.782,0.7898,0.78989,1.88,1.50
2012.08.21 15:52:37.932,0.7898,0.78989,1.35,1.50
2012.08.21 15:52:38.276,0.78983,0.78989,1.13,1.50
2012.08.21 15:52:38.822,0.7898,0.78989,3.60,1.50
2012.08.21 15:52:39.343,0.78981,0.7899,1.13,1.50
2012.08.21 15:52:39.856,0.78981,0.7899,1.35,1.50
2012.08.21 15:52:40.732,0.7898,0.7899,2.48,1.50
2012.08.21 15:52:45.134,0.78982,0.7899,1.88,1.50
2012.08.21 15:52:45.567,0.78986,0.78993,1.35,1.50
2012.08.21 15:52:45.634,0.78986,0.78991,1.13,1.50
2012.08.21 15:52:45.756,0.78984,0.78991,4.13,1.50
2012.08.21 15:52:46.047,0.78984,0.78993,3.38,1.50
2012.08.21 15:52:46.573,0.78984,0.78992,2.85,1.50
2012.08.21 15:52:47.084,0.78983,0.78992,2.25,1.50
2012.08.21 15:52:47.608,0.78982,0.78991,2.63,1.50
2012.08.21 15:52:48.413,0.78983,0.78994,1.88,3.00
2012.08.21 15:52:48.532,0.78983,0.78992,1.88,1.50
2012.08.21 15:52:50.388,0.78983,0.78992,3.75,1.50
2012.08.21 15:52:52.774,0.78984,0.78993,1.88,1.50
2012.08.21 15:52:53.287,0.78983,0.78992,3.75,1.50
2012.08.21 15:52:53.956,0.78984,0.78993,1.88,1.50
2012.08.21 15:52:56.330,0.78984,0.78993,2.25,1.50
2012.08.21 15:53:01.114,0.78984,0.78993,3.00,1.50
2012.08.21 15:53:02.162,0.78986,0.78995,1.50,1.50
2012.08.21 15:53:02.686,0.78986,0.78995,3.38,1.50
2012.08.21 15:53:03.212,0.78986,0.78995,2.25,1.50
2012.08.21 15:53:04.156,0.78985,0.78995,1.50,1.50
2012.08.21 15:53:05.424,0.78984,0.78995,3.75,1.50
2012.08.21 15:53:07.143,0.78982,0.78993,4.88,1.50
2012.08.21 15:53:07.699,0.78982,0.78993,2.63,1.50
2012.08.21 15:53:08.226,0.78983,0.78992,2.10,1.50
2012.08.21 15:53:08.672,0.78983,0.78994,2.10,1.50
2012.08.21 15:53:11.274,0.78983,0.78994,2.10,1.50
2012.08.21 15:53:13.605,0.78985,0.78994,1.35,1.50
2012.08.21 15:53:13.667,0.78985,0.78996,2.85,1.50
2012.08.21 15:53:14.933,0.78986,0.78996,1.13,1.50
2012.08.21 15:53:15.911,0.78985,0.78996,1.73,1.50
2012.08.21 15:53:15.973,0.78983,0.78994,4.35,1.50
2012.08.21 15:53:16.150,0.78983,0.78993,1.13,1.50
2012.08.21 15:53:16.212,0.78983,0.78993,1.88,1.50
2012.08.21 15:53:16.727,0.78986,0.78995,1.88,3.00
2012.08.21 15:53:17.331,0.78985,0.78996,2.85,1.50
2012.08.21 15:53:17.930,0.78985,0.78994,2.85,1.50
2012.08.21 15:53:21.360,0.78986,0.78995,2.25,1.50
2012.08.21 15:53:21.893,0.78985,0.78994,2.25,1.50
2012.08.21 15:53:32.640,0.78986,0.78995,2.25,1.50
2012.08.21 15:53:33.237,0.78985,0.78994,2.48,1.50
2012.08.21 15:53:35.160,0.78985,0.78994,1.50,1.50
2012.08.21 15:53:50.851,0.78983,0.78992,1.50,1.50
2012.08.21 15:53:57.172,0.78983,0.78992,1.50,1.63
2012.08.21 15:53:57.291,0.78981,0.7899,1.50,1.50
2012.08.21 15:53:57.805,0.78982,0.78991,2.25,1.50
2012.08.21 15:53:57.866,0.78983,0.78994,1.50,2.23
2012.08.21 15:53:58.379,0.78983,0.78992,1.50,1.50
2012.08.21 15:54:07.246,0.78983,0.78992,2.25,1.50
2012.08.21 15:54:07.595,0.78988,0.78992,2.25,1.50
2012.08.21 15:54:08.114,0.78987,0.78994,1.13,1.50
2012.08.21 15:54:08.235,0.78988,0.78999,2.25,2.48
2012.08.21 15:54:08.356,0.78986,0.78995,2.25,1.50
2012.08.21 15:54:08.705,0.78989,0.78998,2.63,3.75
2012.08.21 15:54:08.940,0.78988,0.78997,2.25,1.50
2012.08.21 15:54:13.259,0.78986,0.78995,3.00,1.50
2012.08.21 15:54:13.888,0.78985,0.78994,2.25,1.50
2012.08.21 15:54:14.235,0.78985,0.78996,1.50,3.00
2012.08.21 15:54:16.065,0.78984,0.78995,3.38,1.50
2012.08.21 15:54:26.158,0.78984,0.78995,3.38,1.50
2012.08.21 15:54:28.791,0.78984,0.78995,3.38,1.50
2012.08.21 15:54:33.103,0.78985,0.78994,1.13,1.50
2012.08.21 15:54:33.738,0.78985,0.78993,1.13,1.50
2012.08.21 15:54:35.785,0.78985,0.78994,1.13,1.50
2012.08.21 15:54:44.979,0.78983,0.78994,2.10,1.50
2012.08.21 15:54:45.507,0.78982,0.78993,3.38,1.50
2012.08.21 15:54:46.076,0.78984,0.78994,1.13,1.50
2012.08.21 15:54:46.429,0.7899,0.78999,1.50,3.00
2012.08.21 15:54:47.111,0.7899,0.79001,3.38,1.50
2012.08.21 15:54:47.686,0.7899,0.79,1.88,1.50
2012.08.21 15:54:52.082,0.78991,0.79,1.13,1.50
2012.08.21 15:54:52.585,0.78991,0.79,2.63,1.50
2012.08.21 15:54:54.853,0.7899,0.78999,3.00,1.50
2012.08.21 15:54:55.354,0.78991,0.79,2.25,1.50
2012.08.21 15:54:56.110,0.7899,0.78999,2.25,1.50
2012.08.21 15:54:56.230,0.7899,0.78999,2.25,1.50
2012.08.21 15:54:58.529,0.78988,0.78997,2.63,1.50
2012.08.21 15:54:59.379,0.78988,0.78997,2.63,1.50
2012.08.21 15:55:01.872,0.78988,0.78997,3.00,1.50
2012.08.21 15:55:02.385,0.78989,0.78999,1.13,1.50
2012.08.21 15:55:04.112,0.78989,0.78999,1.13,1.50
2012.08.21 15:55:06.327,0.78989,0.78999,1.50,1.50
2012.08.21 15:55:06.977,0.78989,0.78998,1.50,1.50
2012.08.21 15:55:12.599,0.78989,0.78999,1.13,1.50
2012.08.21 15:55:13.119,0.78989,0.78999,1.13,1.50
2012.08.21 15:55:14.462,0.7899,0.78998,1.13,1.50
2012.08.21 15:55:15.131,0.7899,0.78997,1.13,1.50
2012.08.21 15:55:15.389,0.7899,0.78999,1.13,3.00
2012.08.21 15:55:16.717,0.78989,0.78997,1.13,1.50
2012.08.21 15:55:17.251,0.78989,0.78997,1.13,1.50
2012.08.21 15:55:19.604,0.78988,0.78997,1.88,1.50
2012.08.21 15:55:23.859,0.78988,0.78997,1.50,1.50
2012.08.21 15:55:26.821,0.78988,0.78997,1.88,1.50
2012.08.21 15:55:27.561,0.78988,0.78999,1.88,1.50
2012.08.21 15:55:28.072,0.78987,0.78998,2.10,1.50
2012.08.21 15:55:29.598,0.78987,0.78998,2.10,1.50
2012.08.21 15:55:34.775,0.78988,0.78999,1.88,1.50
2012.08.21 15:55:35.285,0.78987,0.78998,2.48,1.50
2012.08.21 15:55:51.392,0.78989,0.78998,1.88,1.86
2012.08.21 15:55:51.681,0.78992,0.79001,1.50,1.13
2012.08.21 15:55:51.743,0.78992,0.79001,1.50,1.35
2012.08.21 15:55:51.975,0.7899,0.79001,1.88,2.48
2012.08.21 15:55:52.496,0.78991,0.79002,1.50,3.98
2012.08.21 15:55:53.007,0.7899,0.79001,1.50,1.73
2012.08.21 15:55:53.903,0.7899,0.79001,1.50,2.61
2012.08.21 15:55:53.965,0.7899,0.79001,1.50,3.30
2012.08.21 15:55:54.028,0.78988,0.78999,1.50,2.17
2012.08.21 15:55:54.569,0.7899,0.78999,1.50,1.50
2012.08.21 15:55:55.530,0.78991,0.79,1.50,1.50
2012.08.21 15:55:56.072,0.78991,0.79002,1.50,2.98
2012.08.21 15:55:56.866,0.78991,0.79002,3.98,3.00
2012.08.21 15:55:57.415,0.78991,0.79002,3.75,1.50
2012.08.21 15:55:57.739,0.78995,0.79004,1.50,1.73
2012.08.21 15:55:58.155,0.78993,0.79004,1.50,1.73
2012.08.21 15:55:58.217,0.78995,0.79004,1.50,1.73
2012.08.21 15:55:58.871,0.78994,0.79003,1.50,1.73
2012.08.21 15:56:00.566,0.78992,0.79001,1.50,1.50
2012.08.21 15:56:05.071,0.78989,0.79,4.13,1.50
2012.08.21 15:56:05.245,0.78989,0.79,4.88,1.50
2012.08.21 15:56:05.726,0.78993,0.79,2.25,1.50
2012.08.21 15:56:05.795,0.78994,0.79004,1.50,1.50
2012.08.21 15:56:06.304,0.78993,0.79004,2.63,1.50
2012.08.21 15:56:08.160,0.78993,0.79004,2.25,1.50
2012.08.21 15:56:08.565,0.78993,0.79002,2.25,1.50
2012.08.21 15:56:09.074,0.78994,0.79003,1.50,1.50
2012.08.21 15:56:14.052,0.78994,0.79003,2.63,1.50
2012.08.21 15:56:14.560,0.78995,0.79003,1.88,1.50
2012.08.21 15:56:15.796,0.78995,0.79006,3.38,1.50
2012.08.21 15:56:17.668,0.78998,0.79007,1.50,1.50
2012.08.21 15:56:32.396,0.78998,0.79007,1.88,1.50
2012.08.21 15:56:32.571,0.78998,0.79009,1.88,1.50
2012.08.21 15:56:32.858,0.78999,0.79009,2.03,1.50
2012.08.21 15:56:33.369,0.79001,0.7901,1.50,1.50
2012.08.21 15:56:33.883,0.78999,0.7901,5.10,1.50
2012.08.21 15:56:37.752,0.79001,0.7901,1.50,1.50
2012.08.21 15:56:41.423,0.79001,0.7901,1.88,1.50
2012.08.21 15:56:47.749,0.79001,0.79009,1.88,1.50
2012.08.21 15:56:48.165,0.79001,0.79011,1.88,1.50
2012.08.21 15:56:48.742,0.79001,0.79011,1.88,1.50
2012.08.21 15:56:50.095,0.79001,0.79011,2.25,1.50
2012.08.21 15:56:50.843,0.79001,0.79011,2.85,1.50
2012.08.21 15:56:51.078,0.79002,0.79011,1.88,1.50
2012.08.21 15:56:51.198,0.79002,0.79011,2.63,1.50
2012.08.21 15:56:51.315,0.79002,0.79011,2.25,1.50
2012.08.21 15:56:51.827,0.79002,0.79011,2.25,1.50
2012.08.21 15:56:52.807,0.79002,0.79011,2.25,1.50
2012.08.21 15:56:53.386,0.79002,0.79011,2.25,1.50
2012.08.21 15:57:00.293,0.79002,0.79011,2.25,1.50
2012.08.21 15:57:02.309,0.79,0.79011,6.00,1.50
2012.08.21 15:57:03.014,0.79,0.79011,3.38,1.73
2012.08.21 15:57:03.530,0.79,0.79011,3.38,1.73
2012.08.21 15:57:17.763,0.78998,0.79007,3.60,1.50
2012.08.21 15:57:18.270,0.78999,0.79008,2.25,1.50
2012.08.21 15:57:19.414,0.78998,0.79009,6.60,1.50
2012.08.21 15:57:19.645,0.79,0.79011,2.63,2.25
2012.08.21 15:57:20.153,0.79,0.7901,1.13,2.25
2012.08.21 15:57:20.683,0.79001,0.7901,1.50,2.25
2012.08.21 15:57:23.183,0.79,0.79009,2.63,1.50
2012.08.21 15:57:34.112,0.78998,0.79008,2.10,1.50
2012.08.21 15:57:35.115,0.78998,0.79009,3.60,3.00
2012.08.21 15:57:35.984,0.78998,0.79008,2.10,1.50
2012.08.21 15:57:39.694,0.78998,0.79008,2.10,1.50
2012.08.21 15:57:40.882,0.78998,0.79009,3.60,1.50
2012.08.21 15:57:41.676,0.78999,0.79008,2.48,1.50
2012.08.21 15:57:42.189,0.78999,0.79008,1.50,1.50
2012.08.21 15:57:42.573,0.78997,0.79008,1.50,1.50
2012.08.21 15:57:43.116,0.78998,0.79009,1.50,2.25
2012.08.21 15:57:43.649,0.78997,0.79008,2.10,1.50
2012.08.21 15:57:46.360,0.78997,0.79008,2.10,1.50
2012.08.21 15:57:47.284,0.78995,0.79005,2.25,1.50
2012.08.21 15:57:47.800,0.78995,0.79004,2.10,1.50
2012.08.21 15:57:48.473,0.78996,0.79005,1.50,1.50
2012.08.21 15:57:59.132,0.78996,0.79005,2.85,1.50
2012.08.21 15:57:59.250,0.78999,0.79007,1.50,2.25
2012.08.21 15:58:00.419,0.78997,0.79008,2.48,2.25
2012.08.21 15:58:01.372,0.78999,0.79008,1.50,2.25
2012.08.21 15:58:01.605,0.79,0.79009,1.50,1.50
2012.08.21 15:58:03.128,0.79002,0.79011,1.50,3.00
2012.08.21 15:58:03.557,0.79,0.79011,2.25,1.50
2012.08.21 15:58:07.999,0.79001,0.79012,1.50,3.75
2012.08.21 15:58:09.784,0.79003,0.79013,2.25,1.50
2012.08.21 15:58:10.356,0.79003,0.79014,1.50,1.50
2012.08.21 15:58:10.887,0.79002,0.79013,2.25,1.50
2012.08.21 15:58:13.882,0.79002,0.79013,2.25,1.50
2012.08.21 15:58:14.388,0.79002,0.79013,1.50,1.50
2012.08.21 15:58:16.062,0.79002,0.79013,2.25,1.50
2012.08.21 15:58:16.636,0.79002,0.79013,1.50,1.50
2012.08.21 15:58:20.646,0.79004,0.79013,1.50,1.73
2012.08.21 15:58:21.175,0.79004,0.79013,2.25,1.50
2012.08.21 15:58:21.465,0.79007,0.79016,1.50,1.63
2012.08.21 15:58:21.583,0.79005,0.79016,1.50,1.86
2012.08.21 15:58:22.095,0.79004,0.79013,3.00,1.73
2012.08.21 15:58:32.835,0.79004,0.79013,1.50,2.48
2012.08.21 15:58:32.969,0.79002,0.79013,1.50,2.48
2012.08.21 15:58:33.434,0.79004,0.79013,1.50,2.48
2012.08.21 15:58:35.261,0.79002,0.79013,1.50,2.61
2012.08.21 15:58:35.929,0.79003,0.79013,1.50,1.11
2012.08.21 15:58:48.246,0.79003,0.79012,1.50,2.38
2012.08.21 15:58:48.430,0.79003,0.79012,1.50,2.38
2012.08.21 15:58:48.942,0.79002,0.79013,1.50,3.36
2012.08.21 15:58:51.061,0.79002,0.79013,1.50,3.36
2012.08.21 15:58:51.848,0.79002,0.79013,1.50,3.36
2012.08.21 15:58:52.103,0.79002,0.79013,1.50,3.36
2012.08.21 15:58:53.803,0.79003,0.79012,1.50,2.38
2012.08.21 15:58:54.672,0.79002,0.79013,1.50,3.36
2012.08.21 15:58:56.062,0.79003,0.79013,1.50,1.86
2012.08.21 15:58:56.599,0.79003,0.79012,1.50,2.38
2012.08.21 15:58:57.108,0.79003,0.79012,1.50,2.25
2012.08.21 15:58:58.079,0.79004,0.79013,1.50,3.36
2012.08.21 15:58:58.724,0.79003,0.79013,1.50,1.73
2012.08.21 15:59:00.519,0.79004,0.79013,1.50,3.00
2012.08.21 15:59:08.157,0.79003,0.79012,1.50,2.48
2012.08.21 15:59:17.763,0.79,0.79011,2.25,1.50
2012.08.21 15:59:17.882,0.79,0.79011,2.25,2.38
2012.08.21 15:59:18.394,0.78999,0.79008,1.50,1.63
2012.08.21 15:59:18.851,0.78999,0.79008,1.50,1.63
2012.08.21 15:59:18.970,0.78998,0.79009,1.50,1.63
2012.08.21 15:59:19.736,0.78998,0.79007,1.50,1.63
2012.08.21 15:59:24.677,0.78998,0.79007,1.50,1.63
2012.08.21 15:59:25.129,0.78998,0.79007,1.50,2.38
2012.08.21 15:59:25.192,0.78996,0.79005,1.73,1.63
2012.08.21 15:59:25.368,0.78994,0.79003,3.00,1.63
2012.08.21 15:59:25.888,0.78994,0.79003,1.50,1.63
2012.08.21 15:59:30.841,0.78994,0.79003,1.50,1.63
2012.08.21 15:59:33.156,0.78994,0.79003,1.50,1.63
2012.08.21 15:59:34.590,0.78994,0.79003,1.50,2.38
2012.08.21 15:59:35.615,0.78992,0.79001,1.50,1.63
2012.08.21 15:59:35.677,0.7899,0.79001,2.48,1.63
2012.08.21 15:59:36.137,0.7899,0.79001,2.48,1.50
2012.08.21 15:59:37.081,0.78991,0.79001,1.50,1.50
2012.08.21 15:59:37.144,0.78994,0.79003,1.50,1.50
2012.08.21 15:59:37.608,0.78997,0.79006,1.50,1.50
2012.08.21 15:59:37.945,0.78995,0.79006,3.00,1.50
2012.08.21 15:59:38.490,0.78995,0.79006,1.50,2.48
2012.08.21 15:59:39.373,0.78994,0.79003,1.50,1.50
2012.08.21 15:59:39.493,0.78994,0.79005,1.50,2.38
2012.08.21 15:59:40.715,0.78993,0.79004,3.75,1.50
2012.08.21 15:59:41.233,0.78994,0.79005,1.50,2.25
2012.08.21 15:59:42.231,0.78996,0.79005,1.50,2.25
2012.08.21 15:59:44.111,0.78996,0.79007,1.50,3.98
2012.08.21 15:59:44.885,0.78995,0.79006,3.00,1.73
2012.08.21 15:59:46.436,0.78995,0.79006,3.00,2.48
2012.08.21 15:59:47.981,0.78995,0.79006,3.00,1.73
2012.08.21 15:59:48.510,0.78995,0.79006,1.88,1.73
2012.08.21 15:59:49.234,0.78996,0.79007,1.88,2.25
2012.08.21 15:59:51.803,0.78996,0.79005,1.50,1.50
2012.08.21 15:59:53.495,0.78996,0.79007,1.50,2.48
2012.08.21 15:59:54.013,0.78995,0.79006,1.50,2.25
2012.08.21 15:59:54.870,0.78995,0.79006,1.50,2.92
2012.08.21 15:59:55.380,0.78994,0.79003,1.50,1.50
