2012.08.01 17:00:00.184,0.78806,0.78817,1.50,1.73
2012.08.01 17:00:00.540,0.78801,0.78814,2.63,2.85
2012.08.01 17:00:00.606,0.78801,0.78811,1.13,1.73
2012.08.01 17:00:01.139,0.788,0.78811,2.25,1.73
2012.08.01 17:00:03.542,0.788,0.78811,2.63,1.50
2012.08.01 17:00:03.606,0.78802,0.78813,2.25,2.85
2012.08.01 17:00:03.910,0.788,0.78812,1.13,1.50
2012.08.01 17:00:04.033,0.78801,0.78812,2.25,1.73
2012.08.01 17:00:04.271,0.78801,0.78812,1.50,1.88
2012.08.01 17:00:04.977,0.788,0.78811,2.25,1.50
2012.08.01 17:00:05.415,0.788,0.78813,2.25,2.85
2012.08.01 17:00:05.960,0.788,0.78813,2.25,2.91
2012.08.01 17:00:06.303,0.788,0.78813,2.25,2.85
2012.08.01 17:00:06.485,0.78804,0.78817,3.23,3.00
2012.08.01 17:00:06.666,0.78804,0.78814,1.73,1.50
2012.08.01 17:00:09.165,0.78804,0.78817,3.00,3.23
2012.08.01 17:00:14.991,0.78804,0.78817,3.00,2.48
2012.08.01 17:00:15.693,0.78805,0.78818,3.23,2.25
2012.08.01 17:00:17.197,0.78807,0.78818,1.73,2.25
2012.08.01 17:00:19.176,0.78807,0.78817,1.50,2.25
2012.08.01 17:00:19.240,0.78804,0.78814,1.73,1.50
2012.08.01 17:00:27.645,0.78803,0.78814,3.23,3.00
2012.08.01 17:00:29.312,0.78803,0.78814,2.63,3.00
2012.08.01 17:00:29.435,0.78803,0.78814,2.85,3.00
2012.08.01 17:00:29.499,0.78803,0.78814,4.35,1.50
2012.08.01 17:00:29.564,0.78806,0.78817,1.73,2.25
2012.08.01 17:00:29.745,0.78804,0.78815,1.73,2.25
2012.08.01 17:00:29.868,0.78804,0.78815,1.50,2.48
2012.08.01 17:00:30.486,0.78804,0.78815,1.50,1.50
2012.08.01 17:00:32.208,0.78805,0.78816,1.50,1.50
2012.08.01 17:00:32.332,0.78805,0.78816,1.50,2.25
2012.08.01 17:00:32.514,0.78804,0.78817,1.50,1.73
2012.08.01 17:00:33.043,0.78805,0.78818,1.50,3.23
2012.08.01 17:00:33.399,0.78807,0.78819,1.50,2.48
2012.08.01 17:00:34.225,0.78807,0.78817,1.50,2.25
2012.08.01 17:00:35.281,0.78804,0.78815,1.50,1.73
2012.08.01 17:00:38.294,0.78805,0.78815,1.50,1.73
2012.08.01 17:00:38.765,0.78805,0.78818,1.50,3.23
2012.08.01 17:00:38.887,0.78805,0.78818,1.50,3.23
2012.08.01 17:00:39.645,0.78805,0.78818,1.50,3.23
2012.08.01 17:00:40.172,0.78805,0.78818,1.50,3.23
2012.08.01 17:00:42.615,0.78805,0.78818,1.50,3.23
2012.08.01 17:00:42.945,0.78805,0.78814,1.50,1.50
2012.08.01 17:00:43.297,0.78805,0.78816,2.25,1.50
2012.08.01 17:00:44.135,0.78805,0.78816,1.50,1.50
2012.08.01 17:00:51.893,0.78804,0.78816,1.50,3.00
2012.08.01 17:00:57.350,0.78803,0.78816,2.48,3.75
2012.08.01 17:00:57.414,0.78803,0.78813,2.48,1.50
2012.08.01 17:01:07.189,0.78802,0.78813,1.50,3.00
2012.08.01 17:01:07.884,0.78801,0.78812,2.48,2.25
2012.08.01 17:01:10.442,0.78801,0.78812,2.48,2.25
2012.08.01 17:01:10.960,0.78802,0.78813,2.48,3.00
2012.08.01 17:01:12.868,0.78802,0.78813,2.48,3.75
2012.08.01 17:01:18.630,0.788,0.78813,2.48,2.25
2012.08.01 17:01:33.191,0.788,0.78813,2.48,3.00
2012.08.01 17:01:34.595,0.78802,0.78814,1.50,2.25
2012.08.01 17:01:35.188,0.78802,0.78815,1.50,4.73
2012.08.01 17:01:35.482,0.78803,0.78814,1.50,3.00
2012.08.01 17:01:36.970,0.78801,0.78814,2.48,3.00
2012.08.01 17:01:37.379,0.78802,0.78813,1.50,2.25
2012.08.01 17:01:37.931,0.78801,0.78811,1.50,1.50
2012.08.01 17:01:46.553,0.788,0.78811,1.50,1.50
2012.08.01 17:01:51.595,0.78797,0.7881,2.85,2.25
2012.08.01 17:01:58.176,0.78799,0.7881,3.23,2.25
2012.08.01 17:02:03.828,0.78799,0.7881,2.48,2.25
2012.08.01 17:02:04.349,0.78799,0.7881,2.48,2.25
2012.08.01 17:02:05.922,0.78799,0.7881,2.48,2.25
2012.08.01 17:02:12.811,0.78799,0.7881,3.23,2.25
2012.08.01 17:02:22.767,0.788,0.7881,1.50,2.25
2012.08.01 17:02:23.444,0.788,0.7881,1.50,2.25
2012.08.01 17:02:46.876,0.78802,0.78812,1.50,3.00
2012.08.01 17:02:46.939,0.78802,0.78814,1.50,1.73
2012.08.01 17:03:00.468,0.78802,0.78813,1.50,3.23
2012.08.01 17:03:00.851,0.78802,0.78811,1.50,1.50
2012.08.01 17:03:26.874,0.78803,0.78811,1.50,1.50
2012.08.01 17:03:28.951,0.78803,0.78811,1.50,1.50
2012.08.01 17:03:49.686,0.78802,0.78811,1.50,1.50
2012.08.01 17:04:04.418,0.78802,0.78812,1.50,3.00
2012.08.01 17:04:27.292,0.78799,0.78811,3.00,1.73
2012.08.01 17:04:27.960,0.788,0.78811,1.50,1.50
2012.08.01 17:04:29.387,0.78799,0.78812,1.50,2.25
2012.08.01 17:04:29.925,0.78799,0.7881,1.50,1.56
2012.08.01 17:04:30.106,0.78797,0.7881,2.25,3.75
2012.08.01 17:04:30.170,0.78797,0.7881,2.25,3.00
2012.08.01 17:04:31.743,0.78799,0.7881,1.50,3.75
2012.08.01 17:04:34.285,0.78799,0.7881,1.50,3.00
2012.08.01 17:04:34.938,0.78799,0.7881,1.50,3.00
2012.08.01 17:04:38.091,0.78799,0.7881,1.50,3.23
2012.08.01 17:04:38.621,0.78799,0.7881,1.50,3.00
2012.08.01 17:04:38.975,0.78801,0.78812,1.50,5.31
2012.08.01 17:04:43.799,0.78799,0.78812,1.50,5.25
2012.08.01 17:04:46.393,0.78799,0.78811,1.50,2.25
2012.08.01 17:04:46.906,0.78799,0.78811,1.50,1.50
2012.08.01 17:04:50.677,0.78801,0.78811,1.50,2.25
2012.08.01 17:04:51.218,0.788,0.78811,1.50,3.75
2012.08.01 17:05:01.848,0.788,0.78812,1.50,3.06
2012.08.01 17:05:02.372,0.788,0.78812,1.73,1.50
2012.08.01 17:05:04.383,0.78799,0.7881,1.50,1.50
2012.08.01 17:05:04.737,0.78799,0.78812,1.50,3.00
2012.08.01 17:05:05.239,0.78799,0.78812,1.73,3.00
2012.08.01 17:05:16.475,0.78799,0.78812,1.73,2.25
2012.08.01 17:05:17.451,0.78799,0.78812,1.73,2.25
2012.08.01 17:05:18.269,0.78799,0.78812,1.73,2.25
2012.08.01 17:05:24.776,0.78799,0.78812,1.73,3.00
2012.08.01 17:05:24.958,0.78799,0.78812,1.50,2.25
2012.08.01 17:05:25.488,0.78799,0.78811,1.50,1.50
2012.08.01 17:05:26.133,0.78799,0.78812,1.50,2.25
2012.08.01 17:05:27.248,0.78799,0.78812,1.73,2.25
2012.08.01 17:05:29.192,0.78801,0.78814,1.73,2.25
2012.08.01 17:05:33.173,0.78801,0.78813,1.73,1.50
2012.08.01 17:05:33.703,0.788,0.78813,2.25,3.00
2012.08.01 17:05:34.291,0.788,0.78813,3.98,2.25
2012.08.01 17:05:34.837,0.78801,0.78812,1.50,1.50
2012.08.01 17:05:35.780,0.78802,0.78813,1.50,2.25
2012.08.01 17:05:48.302,0.78805,0.78815,1.50,1.73
2012.08.01 17:05:48.662,0.78805,0.78818,1.50,3.98
2012.08.01 17:05:48.842,0.78805,0.78816,1.50,1.50
2012.08.01 17:05:49.314,0.78805,0.78818,2.48,2.25
2012.08.01 17:05:49.437,0.78808,0.78819,1.50,3.75
2012.08.01 17:05:50.490,0.78806,0.78819,3.98,2.25
2012.08.01 17:05:50.848,0.78805,0.78816,1.50,2.25
2012.08.01 17:05:51.031,0.78806,0.78817,1.50,2.25
2012.08.01 17:05:53.771,0.78804,0.78817,2.25,1.50
2012.08.01 17:05:54.360,0.78804,0.78817,2.25,2.25
2012.08.01 17:05:54.862,0.78804,0.78816,1.50,1.50
2012.08.01 17:05:54.931,0.78804,0.78817,1.73,1.50
2012.08.01 17:05:55.114,0.78806,0.78817,1.50,1.50
2012.08.01 17:05:58.435,0.78804,0.78815,1.73,1.50
2012.08.01 17:06:00.456,0.78804,0.78815,1.50,1.50
2012.08.01 17:06:02.985,0.78805,0.78816,1.50,1.50
2012.08.01 17:06:08.157,0.78804,0.78815,2.25,1.50
2012.08.01 17:06:08.220,0.78806,0.78817,1.50,3.00
2012.08.01 17:06:08.948,0.78804,0.78816,2.25,1.50
2012.08.01 17:06:09.495,0.78804,0.78817,2.25,1.50
2012.08.01 17:06:13.372,0.78804,0.78817,2.48,1.50
2012.08.01 17:06:13.436,0.78804,0.78817,2.48,1.50
2012.08.01 17:06:13.500,0.78808,0.78819,1.50,3.00
2012.08.01 17:06:15.331,0.78809,0.7882,1.50,1.50
2012.08.01 17:06:16.188,0.78809,0.7882,1.50,1.50
2012.08.01 17:06:16.939,0.78809,0.7882,1.50,1.50
2012.08.01 17:06:18.391,0.78807,0.7882,1.50,2.48
2012.08.01 17:06:23.888,0.78807,0.7882,1.50,2.25
2012.08.01 17:06:25.267,0.78809,0.78821,1.50,1.50
2012.08.01 17:06:27.839,0.78809,0.78822,1.50,3.23
2012.08.01 17:06:28.366,0.7881,0.78821,1.50,3.75
2012.08.01 17:06:28.545,0.7881,0.78821,1.50,3.75
2012.08.01 17:06:30.781,0.78808,0.78819,1.50,2.48
2012.08.01 17:06:34.323,0.78809,0.78821,1.50,3.75
2012.08.01 17:06:34.845,0.78809,0.78821,1.73,2.25
2012.08.01 17:06:35.023,0.78809,0.78821,1.50,2.54
2012.08.01 17:06:35.434,0.78809,0.7882,1.50,2.25
2012.08.01 17:06:36.169,0.78809,0.7882,1.50,2.25
2012.08.01 17:06:36.741,0.78809,0.7882,1.50,2.25
2012.08.01 17:06:39.418,0.78809,0.7882,1.50,2.25
2012.08.01 17:06:40.983,0.78809,0.7882,1.50,1.50
2012.08.01 17:06:41.577,0.78809,0.7882,1.50,1.50
2012.08.01 17:06:42.098,0.78809,0.7882,1.50,1.50
2012.08.01 17:06:42.632,0.78808,0.78817,1.50,2.48
2012.08.01 17:06:42.698,0.78805,0.78816,1.50,3.00
2012.08.01 17:06:42.761,0.78805,0.78816,1.50,3.23
2012.08.01 17:06:43.306,0.78805,0.78816,1.50,3.23
2012.08.01 17:06:46.052,0.78805,0.78815,1.50,1.73
2012.08.01 17:06:46.116,0.78801,0.78814,2.25,1.73
2012.08.01 17:06:50.191,0.788,0.78813,1.50,2.25
2012.08.01 17:06:50.722,0.788,0.78813,1.50,3.00
2012.08.01 17:06:57.386,0.788,0.78813,1.50,2.25
2012.08.01 17:06:57.506,0.788,0.78813,1.50,2.25
2012.08.01 17:07:08.956,0.788,0.78813,2.25,2.25
2012.08.01 17:07:09.481,0.788,0.78813,2.25,2.25
2012.08.01 17:07:11.466,0.788,0.78813,2.25,2.25
2012.08.01 17:07:11.987,0.788,0.78813,2.25,2.25
2012.08.01 17:07:15.991,0.788,0.78813,2.25,2.25
2012.08.01 17:07:21.644,0.788,0.78813,2.25,2.25
2012.08.01 17:07:23.729,0.78801,0.78814,2.25,3.23
2012.08.01 17:07:24.282,0.78801,0.78814,2.25,3.23
2012.08.01 17:07:24.636,0.78801,0.78812,2.25,1.50
2012.08.01 17:07:24.700,0.78801,0.78814,2.25,3.00
2012.08.01 17:07:25.003,0.78805,0.78814,1.50,1.50
2012.08.01 17:07:25.448,0.78805,0.78816,2.25,1.50
2012.08.01 17:07:25.865,0.78807,0.78818,1.50,1.13
2012.08.01 17:07:29.290,0.78807,0.78818,1.50,1.50
2012.08.01 17:07:29.640,0.78807,0.78818,1.50,3.00
2012.08.01 17:07:29.880,0.78807,0.78818,1.50,3.23
2012.08.01 17:07:30.518,0.78808,0.78819,1.50,3.00
2012.08.01 17:07:44.744,0.78807,0.78818,1.50,2.25
2012.08.01 17:07:44.927,0.78804,0.78816,2.10,1.50
2012.08.01 17:07:45.168,0.78801,0.78814,2.25,3.00
2012.08.01 17:07:45.583,0.78801,0.78814,2.25,3.23
2012.08.01 17:07:46.342,0.78801,0.78814,2.25,3.00
2012.08.01 17:07:46.754,0.78803,0.78814,1.50,3.00
2012.08.01 17:07:46.876,0.78801,0.78814,2.25,2.48
2012.08.01 17:07:47.402,0.78802,0.78813,1.50,2.48
2012.08.01 17:07:48.738,0.78803,0.78814,1.50,2.48
2012.08.01 17:07:49.262,0.78803,0.78814,1.50,2.48
2012.08.01 17:07:56.504,0.78801,0.78814,2.25,3.23
2012.08.01 17:07:56.567,0.78801,0.78814,2.25,3.23
2012.08.01 17:07:56.805,0.78802,0.78815,1.50,3.23
2012.08.01 17:08:00.122,0.78801,0.78814,1.50,2.48
2012.08.01 17:08:00.532,0.78802,0.78815,1.73,2.25
2012.08.01 17:08:00.715,0.78802,0.78815,1.73,2.25
2012.08.01 17:08:11.304,0.78802,0.78815,1.50,2.48
2012.08.01 17:08:11.656,0.78805,0.78816,1.50,2.25
2012.08.01 17:08:12.531,0.78806,0.78816,1.50,1.73
2012.08.01 17:08:12.772,0.78804,0.78816,3.00,1.73
2012.08.01 17:08:13.302,0.78805,0.78816,1.50,3.23
2012.08.01 17:08:13.830,0.78805,0.78816,1.50,2.48
2012.08.01 17:08:14.334,0.78804,0.78817,1.50,3.75
2012.08.01 17:08:14.400,0.78803,0.78814,3.23,1.50
2012.08.01 17:08:15.119,0.78801,0.78814,2.25,2.25
2012.08.01 17:08:15.428,0.78799,0.78812,2.25,2.48
2012.08.01 17:08:15.961,0.788,0.78812,1.50,1.73
2012.08.01 17:08:17.476,0.78799,0.78812,2.25,3.23
2012.08.01 17:08:20.592,0.78801,0.78812,1.50,2.48
2012.08.01 17:08:22.416,0.78801,0.78812,1.50,2.25
2012.08.01 17:08:24.548,0.78801,0.78812,1.50,2.25
2012.08.01 17:08:24.784,0.78799,0.7881,1.50,2.25
2012.08.01 17:08:25.024,0.78796,0.78809,2.48,2.25
2012.08.01 17:08:25.147,0.78796,0.78809,2.48,2.48
2012.08.01 17:08:25.523,0.78794,0.78805,1.50,2.25
2012.08.01 17:08:26.256,0.78794,0.78805,1.50,2.48
2012.08.01 17:08:26.786,0.78794,0.78805,1.50,3.23
2012.08.01 17:08:26.908,0.78794,0.78805,1.50,3.00
2012.08.01 17:08:28.955,0.78795,0.78806,1.50,3.23
2012.08.01 17:08:29.498,0.78795,0.78806,1.50,1.50
2012.08.01 17:08:30.886,0.78793,0.78806,2.48,2.25
2012.08.01 17:08:31.360,0.78793,0.78806,1.50,2.48
2012.08.01 17:08:31.543,0.78791,0.78802,1.50,1.50
2012.08.01 17:08:43.040,0.78788,0.78801,1.50,2.48
2012.08.01 17:08:51.259,0.78788,0.78801,1.50,2.25
2012.08.01 17:08:58.186,0.78789,0.788,1.50,1.50
2012.08.01 17:08:58.712,0.78789,0.78802,1.50,2.48
2012.08.01 17:08:59.254,0.78788,0.78801,1.88,2.25
2012.08.01 17:09:08.140,0.78788,0.78801,1.88,3.00
2012.08.01 17:09:10.170,0.78788,0.78801,1.50,3.00
2012.08.01 17:09:11.549,0.78788,0.78801,1.50,3.00
2012.08.01 17:09:13.969,0.78788,0.78801,2.63,3.00
2012.08.01 17:09:14.033,0.78788,0.78801,3.38,3.75
2012.08.01 17:09:14.275,0.78788,0.78799,2.63,1.73
2012.08.01 17:09:14.690,0.78789,0.78799,1.50,1.50
2012.08.01 17:09:15.224,0.78789,0.78801,1.50,3.23
2012.08.01 17:09:16.388,0.78789,0.78801,1.50,3.23
2012.08.01 17:09:16.451,0.78789,0.78801,1.50,3.23
2012.08.01 17:09:21.497,0.78789,0.78801,1.50,3.23
2012.08.01 17:09:21.728,0.78789,0.78801,1.50,3.23
2012.08.01 17:09:23.450,0.78789,0.78801,1.50,3.23
2012.08.01 17:09:23.683,0.78789,0.78801,1.50,3.23
2012.08.01 17:09:24.357,0.78789,0.78801,1.50,3.23
2012.08.01 17:09:25.316,0.78789,0.78801,1.50,3.23
2012.08.01 17:09:25.819,0.78789,0.78801,3.00,1.73
2012.08.01 17:09:26.929,0.78789,0.788,3.00,1.50
2012.08.01 17:09:27.110,0.78789,0.78802,3.00,2.25
2012.08.01 17:09:27.639,0.78789,0.78801,1.50,1.50
2012.08.01 17:09:30.434,0.78791,0.78802,2.25,2.48
2012.08.01 17:09:30.991,0.78791,0.78801,2.25,1.50
2012.08.01 17:09:31.515,0.7879,0.78801,1.50,3.23
2012.08.01 17:09:32.097,0.7879,0.78801,1.50,3.23
2012.08.01 17:09:35.982,0.78788,0.78798,1.13,1.50
2012.08.01 17:09:38.711,0.78786,0.78798,2.63,1.50
2012.08.01 17:09:41.833,0.78785,0.78798,3.75,2.25
2012.08.01 17:09:44.297,0.78786,0.78798,2.25,2.25
2012.08.01 17:09:44.992,0.78788,0.78798,1.50,2.25
2012.08.01 17:09:45.541,0.78786,0.78798,2.63,2.25
2012.08.01 17:09:46.183,0.78786,0.78798,2.63,2.25
2012.08.01 17:10:00.436,0.78787,0.788,2.25,2.25
2012.08.01 17:10:01.634,0.78787,0.788,2.25,2.25
2012.08.01 17:10:02.410,0.78787,0.788,2.63,2.48
2012.08.01 17:10:03.429,0.78787,0.788,2.63,2.25
2012.08.01 17:10:04.864,0.78787,0.788,2.63,2.25
2012.08.01 17:10:20.362,0.78788,0.78801,1.50,3.98
2012.08.01 17:10:27.366,0.78788,0.78799,1.50,3.23
2012.08.01 17:10:30.599,0.78788,0.78799,1.50,3.23
2012.08.01 17:10:31.120,0.78788,0.78798,1.50,1.35
2012.08.01 17:10:31.476,0.78788,0.78798,1.50,2.85
2012.08.01 17:10:31.541,0.78785,0.78797,1.50,1.35
2012.08.01 17:10:32.070,0.78785,0.78796,1.50,1.50
2012.08.01 17:10:32.631,0.78785,0.78796,1.50,1.13
2012.08.01 17:10:33.227,0.78786,0.78796,1.50,1.13
2012.08.01 17:10:35.229,0.78785,0.78796,1.50,3.38
2012.08.01 17:10:36.109,0.78785,0.78796,1.50,1.88
2012.08.01 17:10:48.867,0.78787,0.78796,1.50,1.13
2012.08.01 17:10:51.545,0.78787,0.78797,1.50,3.60
2012.08.01 17:10:52.987,0.78788,0.78797,1.50,2.63
2012.08.01 17:10:54.522,0.78787,0.78796,1.50,1.13
2012.08.01 17:11:01.706,0.78787,0.78796,1.50,1.88
2012.08.01 17:11:02.564,0.78787,0.78797,1.50,3.60
2012.08.01 17:11:02.919,0.78789,0.78798,1.50,1.50
2012.08.01 17:11:04.638,0.78789,0.78798,1.50,1.50
2012.08.01 17:11:05.170,0.78788,0.78798,1.50,2.48
2012.08.01 17:11:05.644,0.78788,0.78798,1.50,2.25
2012.08.01 17:11:07.997,0.78788,0.78798,1.50,1.73
2012.08.01 17:11:09.450,0.78788,0.788,1.50,2.48
2012.08.01 17:11:09.748,0.78788,0.788,1.50,2.48
2012.08.01 17:11:10.273,0.78788,0.788,1.50,2.48
2012.08.01 17:11:13.470,0.78788,0.788,1.50,2.48
2012.08.01 17:11:15.360,0.78787,0.788,1.50,3.98
2012.08.01 17:11:29.410,0.78787,0.78798,1.50,1.73
2012.08.01 17:11:33.395,0.78788,0.788,1.50,1.73
2012.08.01 17:11:33.693,0.78787,0.788,3.00,2.25
2012.08.01 17:11:33.759,0.7879,0.78802,1.50,1.35
2012.08.01 17:11:34.719,0.78788,0.788,1.50,1.50
2012.08.01 17:11:34.902,0.78788,0.78799,1.50,1.73
2012.08.01 17:11:52.230,0.78789,0.788,1.50,3.23
2012.08.01 17:11:52.758,0.78789,0.788,1.50,3.00
2012.08.01 17:12:16.161,0.78787,0.788,1.50,3.23
2012.08.01 17:12:21.144,0.78787,0.78797,1.50,1.50
2012.08.01 17:12:21.210,0.78785,0.78798,1.73,3.00
2012.08.01 17:12:21.333,0.78785,0.78796,1.73,3.00
2012.08.01 17:12:22.227,0.78786,0.78797,1.50,3.23
2012.08.01 17:12:25.363,0.78785,0.78796,1.50,3.00
2012.08.01 17:12:26.253,0.78785,0.78798,1.50,2.85
2012.08.01 17:12:28.042,0.78786,0.78798,1.50,2.48
2012.08.01 17:12:28.572,0.78787,0.78799,1.50,3.23
2012.08.01 17:12:33.937,0.78786,0.78797,1.50,2.48
2012.08.01 17:12:41.379,0.78786,0.78796,1.50,1.50
2012.08.01 17:12:41.677,0.78784,0.78795,1.50,1.50
2012.08.01 17:12:42.376,0.78785,0.78795,1.50,1.50
2012.08.01 17:12:42.555,0.78785,0.78797,1.73,2.63
2012.08.01 17:12:51.209,0.78785,0.78797,1.50,3.66
2012.08.01 17:12:51.445,0.78785,0.78795,1.50,1.13
2012.08.01 17:12:54.217,0.78784,0.78794,1.50,1.50
2012.08.01 17:12:55.159,0.78785,0.78794,1.50,1.50
2012.08.01 17:12:56.640,0.78785,0.78795,1.50,1.50
2012.08.01 17:12:56.770,0.78785,0.78795,1.50,1.50
2012.08.01 17:12:57.119,0.78785,0.78794,1.50,1.50
2012.08.01 17:12:57.935,0.78785,0.78795,1.50,1.88
2012.08.01 17:13:03.827,0.78785,0.78795,1.50,1.13
2012.08.01 17:13:04.009,0.78787,0.78797,1.50,3.00
2012.08.01 17:13:04.366,0.78789,0.78797,1.50,1.88
2012.08.01 17:13:04.893,0.78788,0.78797,1.50,1.88
2012.08.01 17:13:04.958,0.78785,0.78797,1.50,1.88
2012.08.01 17:13:05.485,0.78784,0.78796,1.50,1.13
2012.08.01 17:13:06.053,0.78784,0.78795,1.50,1.13
2012.08.01 17:13:06.408,0.78784,0.78794,1.50,1.13
2012.08.01 17:13:06.531,0.78782,0.78794,1.88,1.88
2012.08.01 17:13:07.065,0.78783,0.78794,1.50,1.88
2012.08.01 17:13:07.424,0.78785,0.78794,1.50,1.88
2012.08.01 17:13:07.606,0.78785,0.78794,1.50,1.13
2012.08.01 17:13:08.363,0.78784,0.78795,3.00,1.50
2012.08.01 17:13:08.892,0.78784,0.78795,1.50,1.50
2012.08.01 17:13:09.402,0.78784,0.78795,1.50,1.50
2012.08.01 17:13:09.581,0.78784,0.78795,1.50,2.48
2012.08.01 17:13:09.933,0.78783,0.78794,1.50,3.75
2012.08.01 17:13:10.467,0.78782,0.78794,3.23,2.25
2012.08.01 17:13:10.968,0.78783,0.78794,1.50,2.25
2012.08.01 17:13:13.114,0.78783,0.78795,1.50,3.75
2012.08.01 17:13:14.094,0.78783,0.78794,1.50,3.00
2012.08.01 17:13:14.861,0.78784,0.78794,1.50,1.56
2012.08.01 17:13:15.171,0.78784,0.78794,1.50,1.56
2012.08.01 17:13:15.726,0.78784,0.78793,1.50,1.56
2012.08.01 17:13:16.693,0.78784,0.78793,1.50,1.56
2012.08.01 17:13:17.217,0.78784,0.78793,1.50,1.50
2012.08.01 17:13:18.963,0.78781,0.78792,2.48,1.50
2012.08.01 17:13:31.002,0.78781,0.78794,1.73,4.13
2012.08.01 17:13:31.608,0.78781,0.78793,1.73,1.50
2012.08.01 17:13:34.546,0.78781,0.78794,1.73,4.13
2012.08.01 17:13:36.692,0.78782,0.78793,1.50,1.50
2012.08.01 17:13:44.890,0.78782,0.78793,1.50,2.25
2012.08.01 17:13:51.761,0.7878,0.78789,1.73,1.50
2012.08.01 17:13:51.884,0.7878,0.78789,1.50,1.50
2012.08.01 17:13:52.008,0.78776,0.78787,1.50,3.00
2012.08.01 17:13:52.536,0.78775,0.78785,1.50,1.50
2012.08.01 17:13:52.599,0.78773,0.78785,1.50,1.73
2012.08.01 17:14:03.333,0.78773,0.78786,1.73,3.38
2012.08.01 17:14:03.575,0.78774,0.78786,1.50,1.50
2012.08.01 17:14:04.091,0.78773,0.78786,1.73,4.13
2012.08.01 17:14:04.396,0.78775,0.78786,1.50,3.38
2012.08.01 17:14:05.755,0.78774,0.78785,1.50,2.25
2012.08.01 17:14:06.435,0.78773,0.78786,1.73,2.63
2012.08.01 17:14:08.106,0.78774,0.78787,1.50,5.63
2012.08.01 17:14:18.548,0.78774,0.78785,1.50,2.25
2012.08.01 17:14:19.055,0.78774,0.78787,1.73,4.88
2012.08.01 17:14:19.896,0.78774,0.78787,1.73,4.88
2012.08.01 17:14:24.822,0.78774,0.78785,1.73,2.48
2012.08.01 17:14:25.061,0.78771,0.78781,1.50,1.50
2012.08.01 17:14:25.126,0.78771,0.78781,1.50,2.25
2012.08.01 17:14:25.190,0.78768,0.78779,1.50,1.50
2012.08.01 17:14:25.606,0.78766,0.78778,1.88,1.50
2012.08.01 17:14:25.961,0.78764,0.78777,1.72,3.00
2012.08.01 17:14:26.025,0.78764,0.78777,1.50,3.00
2012.08.01 17:14:27.395,0.78764,0.78777,2.25,3.00
2012.08.01 17:14:28.181,0.78764,0.78777,3.38,2.25
2012.08.01 17:14:28.756,0.78768,0.78779,1.50,3.23
2012.08.01 17:14:29.059,0.78766,0.78777,2.48,1.50
2012.08.01 17:14:29.301,0.78766,0.78779,3.70,2.25
2012.08.01 17:14:29.828,0.78767,0.7878,1.50,4.50
2012.08.01 17:14:30.818,0.78767,0.78778,1.50,2.48
2012.08.01 17:14:30.940,0.78767,0.78779,1.50,1.73
2012.08.01 17:14:31.483,0.78767,0.78779,1.50,1.50
2012.08.01 17:14:36.534,0.78766,0.78779,2.95,3.75
2012.08.01 17:14:36.656,0.78766,0.78779,2.95,3.75
2012.08.01 17:14:37.198,0.78766,0.78778,1.65,1.50
2012.08.01 17:14:37.727,0.78765,0.78778,2.62,2.25
2012.08.01 17:14:38.291,0.78765,0.78778,3.75,1.50
2012.08.01 17:14:38.840,0.78765,0.78778,1.50,3.75
2012.08.01 17:14:39.345,0.78764,0.78777,1.73,1.50
2012.08.01 17:14:39.863,0.78765,0.78778,1.50,2.25
2012.08.01 17:14:40.516,0.78765,0.78778,2.48,2.25
2012.08.01 17:14:41.048,0.78765,0.78778,3.92,1.50
2012.08.01 17:14:41.943,0.78765,0.78778,2.25,3.98
2012.08.01 17:14:42.181,0.78765,0.78778,3.23,1.50
2012.08.01 17:14:42.708,0.78765,0.78778,5.05,1.50
2012.08.01 17:14:43.296,0.78768,0.78779,2.25,3.00
2012.08.01 17:14:44.921,0.78767,0.78778,2.25,1.50
2012.08.01 17:14:45.547,0.78767,0.78778,2.25,1.50
2012.08.01 17:14:47.255,0.78769,0.78779,1.50,1.50
2012.08.01 17:14:48.749,0.78767,0.78779,3.00,1.50
2012.08.01 17:14:50.382,0.78767,0.78779,2.48,1.50
2012.08.01 17:14:53.679,0.78769,0.78779,1.50,1.50
2012.08.01 17:14:59.576,0.78766,0.78779,4.73,3.00
2012.08.01 17:15:00.830,0.78766,0.78779,3.00,3.00
2012.08.01 17:15:01.590,0.78766,0.78779,2.48,3.00
2012.08.01 17:15:01.950,0.7877,0.78781,1.50,1.73
2012.08.01 17:15:02.308,0.7877,0.78783,2.25,2.48
2012.08.01 17:15:02.551,0.78773,0.78784,1.50,1.50
2012.08.01 17:15:04.337,0.78773,0.78784,3.75,1.50
2012.08.01 17:15:04.866,0.78773,0.78784,3.75,1.50
2012.08.01 17:15:06.927,0.78775,0.78788,1.73,2.25
2012.08.01 17:15:07.470,0.78775,0.78786,2.10,1.50
2012.08.01 17:15:07.943,0.78776,0.78787,2.25,2.25
2012.08.01 17:15:08.183,0.78775,0.78786,2.10,1.50
2012.08.01 17:15:08.715,0.78776,0.78786,1.50,1.50
2012.08.01 17:15:08.780,0.78776,0.78788,2.25,1.50
2012.08.01 17:15:08.844,0.78776,0.78788,3.00,1.50
2012.08.01 17:15:08.967,0.78779,0.7879,1.50,4.58
2012.08.01 17:15:09.326,0.78782,0.78792,2.25,1.50
2012.08.01 17:15:09.624,0.78783,0.78795,2.25,3.23
2012.08.01 17:15:09.804,0.78783,0.78795,2.25,1.50
2012.08.01 17:15:09.927,0.78783,0.78795,1.50,3.23
2012.08.01 17:15:10.452,0.78782,0.78795,3.00,3.23
2012.08.01 17:15:10.971,0.78782,0.78795,3.00,3.23
2012.08.01 17:15:11.505,0.78782,0.78795,3.00,2.48
2012.08.01 17:15:11.627,0.78782,0.78795,3.75,2.25
2012.08.01 17:15:12.673,0.78783,0.78796,2.25,2.48
2012.08.01 17:15:13.198,0.78782,0.78795,3.75,1.50
2012.08.01 17:15:14.733,0.78783,0.78795,1.50,1.50
2012.08.01 17:15:22.761,0.78782,0.78793,1.50,1.50
2012.08.01 17:15:26.595,0.78782,0.78791,1.50,1.50
2012.08.01 17:15:27.597,0.78782,0.78791,1.50,1.50
2012.08.01 17:15:27.722,0.78782,0.78792,1.73,1.50
2012.08.01 17:15:28.200,0.78783,0.78796,3.23,1.50
2012.08.01 17:15:36.725,0.78784,0.78796,1.50,1.73
2012.08.01 17:15:37.017,0.78786,0.78797,1.50,1.50
2012.08.01 17:15:42.407,0.78785,0.78796,2.25,1.50
2012.08.01 17:15:42.931,0.78788,0.78801,1.50,3.60
2012.08.01 17:15:43.232,0.78792,0.78801,1.50,1.50
2012.08.01 17:15:43.704,0.78793,0.78804,3.00,1.50
2012.08.01 17:15:52.361,0.78794,0.78804,1.50,1.50
2012.08.01 17:15:52.709,0.78794,0.78804,1.50,1.50
2012.08.01 17:15:56.990,0.78795,0.78807,1.50,1.50
2012.08.01 17:15:57.519,0.78796,0.78807,1.50,1.50
2012.08.01 17:15:58.116,0.78796,0.78807,2.25,1.50
2012.08.01 17:16:04.172,0.78796,0.78811,1.50,3.98
2012.08.01 17:16:04.353,0.78794,0.7881,2.25,1.73
2012.08.01 17:16:07.649,0.78793,0.78808,4.35,1.50
2012.08.01 17:16:08.202,0.78794,0.7881,1.73,3.83
2012.08.01 17:16:08.266,0.78795,0.7881,1.50,2.33
2012.08.01 17:16:08.559,0.78796,0.7881,1.50,1.50
2012.08.01 17:16:10.204,0.78794,0.7881,1.73,2.25
2012.08.01 17:16:10.324,0.78794,0.7881,1.73,3.23
2012.08.01 17:16:15.248,0.78793,0.78809,3.60,1.73
2012.08.01 17:16:15.601,0.78795,0.7881,2.48,2.25
2012.08.01 17:16:16.127,0.78795,0.7881,3.38,2.25
2012.08.01 17:16:16.308,0.78797,0.78812,2.25,3.06
2012.08.01 17:16:16.837,0.78798,0.78812,1.73,3.06
2012.08.01 17:16:17.548,0.78799,0.78814,2.25,4.35
2012.08.01 17:16:18.203,0.78799,0.78813,1.50,2.48
2012.08.01 17:16:18.869,0.78799,0.78814,1.50,4.35
2012.08.01 17:16:19.383,0.78798,0.78814,1.73,3.60
2012.08.01 17:16:20.948,0.78798,0.78814,1.73,3.60
2012.08.01 17:16:21.474,0.78798,0.78813,1.73,1.35
2012.08.01 17:16:21.997,0.78798,0.78813,3.23,1.35
2012.08.01 17:16:22.176,0.78799,0.78814,3.00,2.48
2012.08.01 17:16:22.701,0.78799,0.78814,3.00,2.10
2012.08.01 17:16:22.822,0.78799,0.78814,3.23,1.88
2012.08.01 17:16:23.346,0.78799,0.78814,3.75,2.85
2012.08.01 17:16:25.319,0.78799,0.78814,3.98,1.50
2012.08.01 17:16:25.912,0.78802,0.78816,1.50,2.48
2012.08.01 17:16:26.828,0.78802,0.78816,1.50,1.35
2012.08.01 17:16:27.125,0.78803,0.78816,2.25,1.13
2012.08.01 17:16:34.759,0.78802,0.78817,1.50,1.73
2012.08.01 17:16:35.845,0.78802,0.78816,1.50,1.88
2012.08.01 17:16:38.667,0.78802,0.78818,1.50,3.23
2012.08.01 17:16:42.206,0.78802,0.78816,1.73,1.50
2012.08.01 17:16:45.413,0.78802,0.78818,1.73,3.23
2012.08.01 17:16:45.934,0.78801,0.78818,2.33,3.23
2012.08.01 17:16:51.310,0.78801,0.78817,2.33,1.50
2012.08.01 17:16:51.374,0.78801,0.78817,2.33,1.50
2012.08.01 17:16:51.495,0.78803,0.78818,1.50,2.10
2012.08.01 17:16:52.118,0.78804,0.78818,1.50,1.73
2012.08.01 17:16:56.385,0.78803,0.78817,1.50,1.88
2012.08.01 17:16:56.893,0.78801,0.78817,2.25,2.10
2012.08.01 17:16:57.614,0.78801,0.78817,2.25,1.35
2012.08.01 17:17:00.037,0.78802,0.78817,1.73,1.73
2012.08.01 17:17:00.680,0.78802,0.78819,1.50,3.60
2012.08.01 17:17:01.208,0.78802,0.78818,1.73,1.35
2012.08.01 17:17:01.712,0.78803,0.78818,1.50,1.73
2012.08.01 17:17:13.251,0.78803,0.78819,1.50,2.48
2012.08.01 17:17:15.101,0.78803,0.78818,1.50,1.35
2012.08.01 17:17:24.485,0.78804,0.78818,1.50,1.73
2012.08.01 17:17:25.572,0.78803,0.78818,1.50,1.73
2012.08.01 17:17:31.367,0.78803,0.78819,1.50,1.73
2012.08.01 17:17:31.896,0.78805,0.7882,1.50,3.23
2012.08.01 17:17:32.077,0.78806,0.78821,1.50,1.73
2012.08.01 17:17:32.494,0.78805,0.7882,3.23,1.73
2012.08.01 17:17:33.023,0.78805,0.78818,1.50,1.73
2012.08.01 17:17:33.262,0.78803,0.78817,2.48,1.73
2012.08.01 17:17:33.788,0.78803,0.78815,2.25,1.50
2012.08.01 17:17:37.930,0.78801,0.78814,3.00,1.50
2012.08.01 17:17:58.708,0.78801,0.78813,2.25,1.50
2012.08.01 17:17:59.234,0.78801,0.78813,1.50,1.50
2012.08.01 17:18:00.451,0.788,0.78813,1.73,1.50
2012.08.01 17:18:00.513,0.788,0.78813,2.48,1.50
2012.08.01 17:18:14.725,0.78802,0.78814,1.50,1.50
2012.08.01 17:18:16.287,0.78801,0.78814,3.00,1.50
2012.08.01 17:18:20.927,0.78801,0.78815,3.00,1.50
2012.08.01 17:18:32.656,0.78802,0.78815,1.50,1.50
2012.08.01 17:18:48.907,0.78802,0.78815,3.75,1.50
2012.08.01 17:18:49.500,0.78802,0.78817,3.75,4.73
2012.08.01 17:18:59.261,0.78802,0.78817,3.00,2.48
2012.08.01 17:19:01.976,0.78802,0.78817,3.00,3.23
2012.08.01 17:19:02.531,0.78802,0.78817,3.00,3.23
2012.08.01 17:19:07.523,0.78802,0.78817,3.75,3.23
2012.08.01 17:19:09.040,0.78802,0.78816,3.75,1.50
2012.08.01 17:19:15.133,0.78802,0.78817,3.00,3.23
2012.08.01 17:19:19.192,0.78802,0.78816,3.00,1.50
2012.08.01 17:19:24.271,0.78802,0.78816,3.00,2.63
2012.08.01 17:19:26.046,0.788,0.78815,2.48,1.50
2012.08.01 17:19:26.340,0.788,0.78815,1.73,1.50
2012.08.01 17:19:54.300,0.788,0.78815,1.73,1.50
2012.08.01 17:19:57.530,0.78802,0.78816,1.50,3.60
2012.08.01 17:19:57.929,0.788,0.78815,1.73,1.50
2012.08.01 17:19:58.492,0.788,0.78815,1.73,1.50
2012.08.01 17:19:59.804,0.78801,0.78815,1.50,1.50
2012.08.01 17:20:02.431,0.78799,0.78813,3.00,1.50
2012.08.01 17:20:04.129,0.78801,0.78812,1.50,1.73
2012.08.01 17:20:04.659,0.78799,0.78812,1.50,1.73
2012.08.01 17:20:05.208,0.78799,0.78811,1.50,1.73
2012.08.01 17:20:06.026,0.78799,0.78812,1.50,1.73
2012.08.01 17:20:32.328,0.78799,0.78811,1.50,3.00
2012.08.01 17:20:38.916,0.78798,0.78812,1.50,4.35
2012.08.01 17:20:39.096,0.78801,0.78812,1.50,3.23
2012.08.01 17:20:41.556,0.78801,0.78812,1.50,1.50
2012.08.01 17:20:42.083,0.78799,0.78812,1.50,1.73
2012.08.01 17:20:48.848,0.78799,0.78813,1.50,4.73
2012.08.01 17:20:49.391,0.78801,0.78813,1.50,3.60
2012.08.01 17:20:50.097,0.78801,0.78813,1.50,1.88
2012.08.01 17:20:50.938,0.78801,0.78813,1.50,1.88
2012.08.01 17:20:51.630,0.78801,0.78813,1.50,1.88
2012.08.01 17:20:52.480,0.78801,0.78813,1.50,2.63
2012.08.01 17:20:52.721,0.78798,0.78813,2.48,1.88
2012.08.01 17:20:53.255,0.78799,0.78813,1.73,1.88
2012.08.01 17:21:12.416,0.78799,0.78814,2.25,2.48
2012.08.01 17:21:17.402,0.78798,0.78813,3.98,1.50
2012.08.01 17:21:19.030,0.78798,0.78814,3.23,4.35
2012.08.01 17:21:20.573,0.78798,0.78814,3.98,3.98
2012.08.01 17:21:21.800,0.78798,0.78814,3.98,3.98
2012.08.01 17:21:22.340,0.78798,0.78814,4.73,3.98
2012.08.01 17:21:22.853,0.78798,0.78814,4.73,4.35
2012.08.01 17:21:23.388,0.78798,0.78813,5.48,1.13
2012.08.01 17:21:33.095,0.78798,0.78814,5.48,4.35
2012.08.01 17:21:48.932,0.78799,0.78814,1.73,3.98
2012.08.01 17:21:49.462,0.78801,0.78815,3.00,1.50
2012.08.01 17:21:55.493,0.78801,0.78816,1.50,2.48
2012.08.01 17:22:01.483,0.78801,0.78816,1.50,1.73
2012.08.01 17:22:14.160,0.78801,0.78816,1.73,1.50
2012.08.01 17:22:14.399,0.78803,0.78819,1.73,3.38
2012.08.01 17:22:14.906,0.78804,0.78818,1.73,1.50
2012.08.01 17:22:15.463,0.78804,0.78817,1.73,1.50
2012.08.01 17:22:16.431,0.78804,0.78816,1.73,1.50
2012.08.01 17:22:17.937,0.78803,0.78816,3.23,1.50
2012.08.01 17:22:18.915,0.78803,0.78816,3.00,1.50
2012.08.01 17:22:19.272,0.78802,0.78814,2.85,1.50
2012.08.01 17:22:19.946,0.78802,0.78813,2.10,1.50
2012.08.01 17:22:20.018,0.78801,0.78812,1.73,2.25
2012.08.01 17:22:20.624,0.78798,0.78811,3.23,1.50
2012.08.01 17:22:20.746,0.78798,0.78811,3.98,1.50
2012.08.01 17:22:21.607,0.78798,0.78811,4.35,1.50
2012.08.01 17:22:22.140,0.78803,0.78813,1.50,3.23
2012.08.01 17:22:22.262,0.78798,0.78811,3.00,1.50
2012.08.01 17:22:24.103,0.78799,0.78811,1.50,1.50
2012.08.01 17:22:24.645,0.788,0.78812,1.50,1.50
2012.08.01 17:22:28.406,0.788,0.78813,1.50,1.50
2012.08.01 17:22:30.279,0.788,0.78813,1.50,2.85
2012.08.01 17:22:30.402,0.78799,0.78812,1.50,2.25
2012.08.01 17:22:30.702,0.78796,0.78809,2.25,2.25
2012.08.01 17:22:30.941,0.78794,0.78807,1.50,2.48
2012.08.01 17:22:31.528,0.78794,0.78807,2.48,2.25
2012.08.01 17:22:31.711,0.78794,0.78807,1.73,2.25
2012.08.01 17:22:32.266,0.78794,0.78807,1.73,2.25
2012.08.01 17:22:34.436,0.78794,0.78806,1.50,1.50
2012.08.01 17:22:34.966,0.78794,0.78806,1.50,1.50
2012.08.01 17:22:36.051,0.78794,0.78806,1.50,1.50
2012.08.01 17:22:37.158,0.78793,0.78804,1.50,1.50
2012.08.01 17:22:37.694,0.78792,0.78803,1.50,1.50
2012.08.01 17:22:38.226,0.78793,0.78804,1.50,1.50
2012.08.01 17:22:42.329,0.78792,0.78803,1.50,1.50
2012.08.01 17:22:44.634,0.78796,0.78805,1.50,2.48
2012.08.01 17:22:44.934,0.78796,0.78807,1.50,2.63
2012.08.01 17:22:44.998,0.78796,0.78807,1.50,3.60
2012.08.01 17:22:45.238,0.78794,0.78805,1.50,3.00
2012.08.01 17:22:46.890,0.78792,0.78804,1.50,1.50
2012.08.01 17:22:48.502,0.78791,0.78804,1.73,2.25
2012.08.01 17:22:49.033,0.78791,0.78803,1.50,1.50
2012.08.01 17:22:54.006,0.78791,0.78804,2.48,2.25
2012.08.01 17:22:54.187,0.78791,0.78804,3.60,1.50
2012.08.01 17:22:54.708,0.78793,0.78804,1.73,1.50
2012.08.01 17:22:55.682,0.78795,0.78808,1.50,2.48
2012.08.01 17:22:58.619,0.78795,0.78808,1.50,2.48
2012.08.01 17:22:59.890,0.78795,0.78806,1.50,1.50
2012.08.01 17:23:00.414,0.78796,0.78807,1.50,3.00
2012.08.01 17:23:00.594,0.78794,0.78807,1.50,3.00
2012.08.01 17:23:04.059,0.78796,0.78807,1.50,2.25
2012.08.01 17:23:05.230,0.78795,0.78806,1.50,1.50
2012.08.01 17:23:05.741,0.78794,0.78807,1.50,2.25
2012.08.01 17:23:07.631,0.78794,0.78805,1.50,1.50
2012.08.01 17:23:07.695,0.78791,0.78804,3.23,1.50
2012.08.01 17:23:08.247,0.78792,0.78803,1.73,1.50
2012.08.01 17:23:11.054,0.78792,0.78805,1.73,1.50
2012.08.01 17:23:39.491,0.78792,0.78805,1.50,1.50
2012.08.01 17:23:40.019,0.78793,0.78804,1.50,1.50
2012.08.01 17:23:47.123,0.78794,0.78807,2.25,3.60
2012.08.01 17:23:47.881,0.78793,0.78806,2.25,1.50
2012.08.01 17:23:48.398,0.78795,0.78806,1.50,1.50
2012.08.01 17:23:49.006,0.78797,0.78808,1.50,3.00
2012.08.01 17:23:49.548,0.78797,0.78808,1.50,3.00
2012.08.01 17:23:56.470,0.78797,0.7881,1.50,2.25
2012.08.01 17:23:57.498,0.78797,0.78808,1.50,1.50
2012.08.01 17:24:00.582,0.78798,0.78811,1.50,3.98
2012.08.01 17:24:02.627,0.78798,0.78809,1.50,1.50
2012.08.01 17:24:02.746,0.78796,0.78809,1.50,1.50
2012.08.01 17:24:03.274,0.78797,0.7881,1.50,2.25
2012.08.01 17:24:08.214,0.78797,0.78808,1.50,1.50
2012.08.01 17:24:08.334,0.78797,0.7881,1.50,2.25
2012.08.01 17:24:08.860,0.78798,0.78809,1.50,1.50
2012.08.01 17:24:09.433,0.78797,0.78808,1.73,1.50
2012.08.01 17:24:11.863,0.78797,0.78808,2.85,1.50
2012.08.01 17:24:17.892,0.78797,0.78808,3.98,1.50
2012.08.01 17:24:29.061,0.78797,0.78807,2.48,1.50
2012.08.01 17:24:29.780,0.78796,0.78807,2.48,1.50
2012.08.01 17:24:32.863,0.78797,0.78807,1.50,1.50
2012.08.01 17:24:35.215,0.78796,0.78807,2.25,1.50
2012.08.01 17:24:35.510,0.78795,0.78805,1.73,1.50
2012.08.01 17:24:36.041,0.78795,0.78806,2.25,1.50
2012.08.01 17:24:36.164,0.78794,0.78805,2.25,1.50
2012.08.01 17:24:36.344,0.78795,0.78808,1.50,4.73
2012.08.01 17:24:36.526,0.78795,0.78808,3.23,2.25
2012.08.01 17:24:37.162,0.78798,0.78809,1.50,3.00
2012.08.01 17:24:38.718,0.78798,0.78809,1.73,2.25
2012.08.01 17:24:39.250,0.788,0.7881,1.50,1.50
2012.08.01 17:24:41.193,0.78798,0.7881,1.73,3.00
2012.08.01 17:24:41.258,0.78797,0.7881,1.73,3.00
2012.08.01 17:24:51.517,0.78798,0.7881,1.73,1.50
2012.08.01 17:24:58.227,0.78798,0.7881,1.73,1.50
2012.08.01 17:25:01.725,0.78798,0.78811,1.73,3.00
2012.08.01 17:25:03.290,0.78798,0.78809,1.50,1.50
2012.08.01 17:25:03.813,0.78799,0.7881,1.58,2.25
2012.08.01 17:25:07.751,0.78799,0.7881,1.50,2.25
2012.08.01 17:25:26.561,0.78799,0.7881,1.50,2.25
2012.08.01 17:25:31.632,0.78799,0.7881,1.50,2.25
2012.08.01 17:25:35.617,0.78799,0.7881,1.50,2.25
2012.08.01 17:25:36.891,0.78799,0.7881,1.50,2.25
2012.08.01 17:25:37.405,0.78797,0.7881,1.50,2.25
2012.08.01 17:25:37.525,0.78799,0.7881,1.50,2.25
2012.08.01 17:25:38.788,0.78798,0.78809,1.50,2.25
2012.08.01 17:25:41.037,0.78797,0.7881,1.50,2.25
2012.08.01 17:25:41.594,0.78798,0.78811,1.50,3.00
2012.08.01 17:25:43.339,0.78798,0.78811,2.10,3.00
2012.08.01 17:25:45.952,0.78798,0.78811,2.63,3.23
2012.08.01 17:26:00.775,0.78797,0.78808,2.25,1.50
2012.08.01 17:26:02.060,0.78798,0.78809,1.50,1.50
2012.08.01 17:26:05.893,0.78798,0.78811,1.50,3.23
2012.08.01 17:26:09.413,0.78798,0.78811,1.50,3.23
2012.08.01 17:26:12.950,0.78798,0.78811,1.50,3.23
2012.08.01 17:26:13.922,0.78798,0.78811,1.73,3.00
2012.08.01 17:26:16.668,0.78798,0.78811,1.50,3.00
2012.08.01 17:26:17.017,0.78801,0.78811,1.50,1.50
2012.08.01 17:26:17.620,0.78801,0.78811,1.50,1.50
2012.08.01 17:26:18.408,0.78799,0.78811,1.50,1.50
2012.08.01 17:26:18.920,0.788,0.78811,1.50,1.50
2012.08.01 17:26:19.040,0.78798,0.78811,1.50,3.00
2012.08.01 17:26:19.332,0.78798,0.78811,2.25,3.75
2012.08.01 17:26:19.684,0.78796,0.78809,3.98,3.00
2012.08.01 17:26:20.296,0.78796,0.78809,2.48,3.00
2012.08.01 17:26:20.531,0.78796,0.78808,2.48,1.50
2012.08.01 17:26:21.062,0.78796,0.78808,2.48,1.50
2012.08.01 17:26:21.779,0.78796,0.78808,2.48,1.50
2012.08.01 17:26:21.961,0.78796,0.78808,2.48,2.25
2012.08.01 17:26:22.826,0.78796,0.78808,2.48,1.50
2012.08.01 17:26:24.332,0.78796,0.78808,1.73,1.50
2012.08.01 17:26:27.290,0.78796,0.78808,1.50,1.50
2012.08.01 17:26:42.726,0.78796,0.78807,1.50,2.25
2012.08.01 17:26:43.080,0.78793,0.78806,3.92,1.50
2012.08.01 17:26:43.730,0.78795,0.78806,2.48,2.25
2012.08.01 17:26:44.145,0.78796,0.78809,1.73,3.38
2012.08.01 17:26:44.524,0.78796,0.78809,1.73,3.38
2012.08.01 17:26:45.065,0.78796,0.78809,2.48,3.00
2012.08.01 17:26:45.370,0.78796,0.78809,2.48,3.00
2012.08.01 17:26:47.120,0.78796,0.78809,2.25,3.00
2012.08.01 17:26:48.021,0.78796,0.78809,2.25,3.00
2012.08.01 17:26:48.544,0.78796,0.78809,3.23,3.00
2012.08.01 17:26:49.323,0.78796,0.78809,3.23,3.00
2012.08.01 17:26:49.855,0.78796,0.78809,2.48,3.00
2012.08.01 17:26:51.692,0.78796,0.78809,3.23,3.00
2012.08.01 17:26:55.350,0.78796,0.78809,3.23,3.00
2012.08.01 17:26:57.409,0.78796,0.78809,2.48,3.00
2012.08.01 17:27:01.529,0.78796,0.78809,3.23,3.00
2012.08.01 17:27:08.349,0.78796,0.78809,2.48,3.00
2012.08.01 17:27:11.719,0.78796,0.78809,2.48,3.00
2012.08.01 17:27:15.719,0.78796,0.78809,2.48,3.00
2012.08.01 17:27:16.546,0.78796,0.78809,2.48,3.00
2012.08.01 17:27:20.053,0.78796,0.78809,2.48,3.00
2012.08.01 17:27:20.593,0.78796,0.78809,2.48,3.00
2012.08.01 17:27:23.460,0.78796,0.78809,2.48,3.00
2012.08.01 17:27:23.761,0.78796,0.78809,2.25,3.00
2012.08.01 17:27:24.230,0.78795,0.78808,3.98,2.25
2012.08.01 17:27:25.060,0.78798,0.78809,1.50,3.00
2012.08.01 17:27:25.707,0.78798,0.78809,1.50,3.00
2012.08.01 17:27:28.053,0.78798,0.78809,1.50,3.00
2012.08.01 17:27:28.407,0.78798,0.78809,1.50,3.00
2012.08.01 17:27:28.864,0.78798,0.78809,1.50,3.00
2012.08.01 17:27:29.044,0.78798,0.78809,1.50,3.00
2012.08.01 17:27:29.167,0.78798,0.78809,1.50,3.00
2012.08.01 17:27:29.289,0.78798,0.78809,1.50,3.00
2012.08.01 17:27:29.814,0.78798,0.78809,1.50,3.00
2012.08.01 17:27:30.278,0.78796,0.78809,2.25,3.00
2012.08.01 17:27:31.749,0.78796,0.78809,2.25,3.00
2012.08.01 17:27:34.583,0.78796,0.78809,2.25,3.00
2012.08.01 17:27:38.535,0.78796,0.78809,2.25,3.75
2012.08.01 17:27:39.520,0.78796,0.78809,2.25,3.75
2012.08.01 17:27:40.040,0.78796,0.78809,2.25,3.75
2012.08.01 17:27:41.694,0.78796,0.78809,2.25,3.75
2012.08.01 17:27:45.223,0.78796,0.78809,1.50,2.63
2012.08.01 17:27:47.573,0.78796,0.78809,1.50,3.38
2012.08.01 17:27:47.750,0.78798,0.78809,1.50,3.75
2012.08.01 17:27:48.443,0.78798,0.78809,1.50,2.25
2012.08.01 17:27:48.979,0.78797,0.78808,1.50,2.25
2012.08.01 17:27:49.532,0.78797,0.78808,1.50,3.00
2012.08.01 17:27:51.614,0.78797,0.78808,1.50,2.25
2012.08.01 17:27:57.623,0.78797,0.78807,1.50,1.50
2012.08.01 17:27:59.611,0.78795,0.78806,2.25,2.25
2012.08.01 17:27:59.735,0.78793,0.78806,3.92,2.25
2012.08.01 17:28:00.266,0.78795,0.78806,1.73,2.25
2012.08.01 17:28:17.633,0.78795,0.78806,2.48,2.25
2012.08.01 17:28:18.599,0.78794,0.78805,1.50,2.25
2012.08.01 17:28:19.124,0.78795,0.78806,1.50,2.25
2012.08.01 17:28:19.302,0.78793,0.78806,3.55,2.25
2012.08.01 17:28:20.226,0.78793,0.78806,3.55,2.25
2012.08.01 17:28:22.403,0.78793,0.78806,4.35,2.25
2012.08.01 17:28:22.583,0.78793,0.78806,2.48,3.00
2012.08.01 17:28:22.706,0.78793,0.78806,2.85,3.00
2012.08.01 17:28:23.182,0.78791,0.78804,1.73,2.25
2012.08.01 17:28:23.478,0.7879,0.78803,1.73,3.00
2012.08.01 17:28:24.005,0.7879,0.78803,1.73,3.00
2012.08.01 17:28:25.541,0.78793,0.78804,1.50,3.00
2012.08.01 17:28:25.604,0.78793,0.78804,1.50,3.00
2012.08.01 17:28:26.850,0.78793,0.78804,1.50,4.50
2012.08.01 17:28:26.915,0.78793,0.78803,1.50,2.10
2012.08.01 17:28:27.272,0.78793,0.788,1.50,1.73
2012.08.01 17:28:27.337,0.78791,0.788,1.50,1.73
2012.08.01 17:28:27.707,0.78788,0.788,2.25,2.10
2012.08.01 17:28:28.214,0.78788,0.78799,1.50,1.50
2012.08.01 17:28:29.605,0.78788,0.78799,1.50,1.50
2012.08.01 17:28:31.196,0.78788,0.78799,1.50,1.50
2012.08.01 17:28:33.311,0.7879,0.78801,1.50,3.23
2012.08.01 17:28:34.014,0.78793,0.78802,1.50,1.50
2012.08.01 17:28:36.638,0.78791,0.78804,1.50,4.73
2012.08.01 17:29:03.563,0.78791,0.78804,1.50,3.98
2012.08.01 17:29:04.349,0.78791,0.78803,1.50,1.73
2012.08.01 17:29:06.270,0.78789,0.78801,1.50,1.50
2012.08.01 17:29:06.508,0.78789,0.78802,1.50,3.23
2012.08.01 17:29:06.630,0.78791,0.78802,1.50,2.25
2012.08.01 17:29:07.214,0.7879,0.78801,1.50,2.25
2012.08.01 17:29:07.906,0.7879,0.78801,1.50,2.25
2012.08.01 17:29:09.252,0.7879,0.78801,1.50,2.25
2012.08.01 17:29:15.264,0.78791,0.78802,1.50,2.48
2012.08.01 17:29:15.804,0.7879,0.78801,1.50,2.25
2012.08.01 17:29:25.245,0.78789,0.788,1.50,2.25
2012.08.01 17:29:26.188,0.78789,0.788,1.50,2.25
2012.08.01 17:29:26.799,0.78789,0.788,3.23,1.50
2012.08.01 17:29:26.922,0.7879,0.78802,1.73,1.50
2012.08.01 17:29:28.135,0.7879,0.78802,1.73,1.50
2012.08.01 17:29:29.222,0.7879,0.78803,1.73,3.00
2012.08.01 17:29:29.826,0.7879,0.78803,2.48,2.25
2012.08.01 17:29:30.370,0.78792,0.78805,1.73,3.00
2012.08.01 17:29:32.419,0.78792,0.78803,1.73,1.50
2012.08.01 17:29:32.948,0.78793,0.78803,1.50,1.88
2012.08.01 17:29:33.458,0.78792,0.78803,1.50,3.38
2012.08.01 17:29:34.014,0.78792,0.78803,1.50,3.60
2012.08.01 17:29:37.553,0.78792,0.78803,1.50,2.48
2012.08.01 17:29:48.328,0.78792,0.78804,1.50,1.73
2012.08.01 17:30:17.933,0.7879,0.78803,2.48,4.13
2012.08.01 17:30:18.403,0.78792,0.78804,1.50,2.10
2012.08.01 17:30:20.877,0.78791,0.78802,1.50,2.63
2012.08.01 17:30:21.231,0.7879,0.78803,2.25,2.48
2012.08.01 17:30:21.410,0.78792,0.78805,1.50,3.23
2012.08.01 17:30:22.081,0.78792,0.78805,1.50,3.23
2012.08.01 17:30:37.572,0.78791,0.78804,1.50,2.63
2012.08.01 17:30:48.613,0.78791,0.78803,1.50,1.50
2012.08.01 17:30:49.161,0.78791,0.78804,1.50,4.35
2012.08.01 17:30:51.659,0.78791,0.78803,1.50,2.48
2012.08.01 17:30:56.756,0.78791,0.78802,1.50,1.13
2012.08.01 17:30:56.820,0.78788,0.78801,2.48,2.25
2012.08.01 17:30:57.350,0.78789,0.78802,1.73,2.25
2012.08.01 17:30:59.464,0.78792,0.78804,1.50,1.73
2012.08.01 17:30:59.643,0.78792,0.78805,1.50,6.98
2012.08.01 17:31:00.178,0.78792,0.78805,1.73,3.00
2012.08.01 17:31:00.707,0.78793,0.78804,1.50,2.25
2012.08.01 17:31:00.946,0.78793,0.78804,1.50,2.48
2012.08.01 17:31:01.565,0.78793,0.78804,1.50,2.25
2012.08.01 17:31:02.114,0.78793,0.78804,1.50,2.25
2012.08.01 17:31:02.644,0.78793,0.78804,1.50,1.50
2012.08.01 17:31:03.489,0.78793,0.78804,1.73,2.25
2012.08.01 17:31:03.957,0.78793,0.78804,1.50,2.25
2012.08.01 17:31:04.669,0.78792,0.78803,1.50,2.25
2012.08.01 17:31:10.145,0.78789,0.788,1.73,2.25
2012.08.01 17:31:10.677,0.7879,0.78801,1.50,1.50
2012.08.01 17:31:21.513,0.7879,0.78801,1.50,2.25
2012.08.01 17:31:24.236,0.7879,0.78801,1.50,1.50
2012.08.01 17:31:24.614,0.78792,0.78803,1.50,3.23
2012.08.01 17:31:25.153,0.78792,0.78803,1.50,3.23
2012.08.01 17:31:25.742,0.78791,0.78802,1.50,1.50
2012.08.01 17:31:31.007,0.78792,0.78803,1.50,3.23
2012.08.01 17:31:32.093,0.78792,0.78805,2.25,3.00
2012.08.01 17:31:35.378,0.78791,0.78802,1.50,2.25
2012.08.01 17:32:11.330,0.78789,0.78801,1.50,1.50
2012.08.01 17:32:11.996,0.78788,0.78801,3.23,2.25
2012.08.01 17:32:12.060,0.78788,0.78801,3.23,2.25
2012.08.01 17:32:12.586,0.78789,0.78802,1.50,3.00
2012.08.01 17:32:13.504,0.78789,0.78802,1.50,3.00
2012.08.01 17:32:16.688,0.78788,0.78801,2.48,2.63
2012.08.01 17:32:18.350,0.78788,0.78801,2.25,3.00
2012.08.01 17:32:20.774,0.78788,0.78801,1.50,3.00
2012.08.01 17:32:20.953,0.78785,0.78798,6.17,1.50
2012.08.01 17:32:21.306,0.78786,0.78799,1.50,3.00
2012.08.01 17:32:22.895,0.78786,0.78799,1.73,3.00
2012.08.01 17:32:23.422,0.78788,0.78799,1.50,2.25
2012.08.01 17:32:26.159,0.78788,0.78799,1.50,2.25
2012.08.01 17:32:26.396,0.78786,0.78799,1.73,2.25
2012.08.01 17:32:28.460,0.78786,0.78799,1.73,2.25
2012.08.01 17:32:29.798,0.78786,0.78799,1.73,2.25
2012.08.01 17:32:39.990,0.78786,0.78799,2.85,2.25
2012.08.01 17:32:40.053,0.78786,0.78799,2.85,2.25
2012.08.01 17:32:43.470,0.78787,0.78798,2.25,1.50
2012.08.01 17:32:45.548,0.78788,0.78799,1.50,2.25
2012.08.01 17:32:45.668,0.78786,0.78799,2.48,2.25
2012.08.01 17:32:45.902,0.78787,0.78799,1.13,2.25
2012.08.01 17:32:46.971,0.78787,0.78799,1.13,2.25
2012.08.01 17:32:47.683,0.78786,0.78799,3.60,2.25
2012.08.01 17:32:47.926,0.78787,0.78799,1.13,2.25
2012.08.01 17:32:48.611,0.78787,0.78799,1.13,2.25
2012.08.01 17:32:50.437,0.78789,0.788,1.50,3.23
2012.08.01 17:32:59.747,0.78787,0.78799,2.25,1.13
2012.08.01 17:32:59.871,0.78787,0.78799,1.50,1.50
2012.08.01 17:33:00.399,0.78787,0.788,1.50,3.60
2012.08.01 17:33:02.792,0.78787,0.788,2.25,3.23
2012.08.01 17:33:03.375,0.78787,0.788,2.25,3.23
2012.08.01 17:33:03.612,0.78787,0.788,3.00,2.48
2012.08.01 17:33:04.034,0.7879,0.78803,1.50,4.35
2012.08.01 17:33:04.366,0.78789,0.78802,2.25,2.25
2012.08.01 17:33:04.970,0.78789,0.78801,1.50,1.50
2012.08.01 17:33:07.875,0.78789,0.78801,1.50,1.50
2012.08.01 17:33:10.063,0.78789,0.78801,1.50,1.50
2012.08.01 17:33:10.183,0.78789,0.78801,1.50,1.50
2012.08.01 17:33:18.267,0.78788,0.78799,1.50,1.50
2012.08.01 17:33:21.934,0.78789,0.788,1.50,1.50
2012.08.01 17:33:41.006,0.78789,0.788,1.50,2.25
2012.08.01 17:33:41.532,0.78789,0.78799,1.50,1.73
2012.08.01 17:33:41.596,0.78787,0.78799,1.50,1.73
2012.08.01 17:33:41.662,0.78787,0.78799,1.50,1.73
2012.08.01 17:33:41.785,0.78787,0.78799,1.50,1.73
2012.08.01 17:33:42.315,0.78787,0.78799,1.50,1.73
2012.08.01 17:33:54.161,0.78787,0.78799,1.50,1.73
2012.08.01 17:33:54.647,0.78787,0.78799,2.25,1.73
2012.08.01 17:33:54.712,0.78787,0.788,3.75,1.73
2012.08.01 17:33:54.776,0.78789,0.78801,3.23,1.50
2012.08.01 17:33:54.899,0.78789,0.78802,4.73,1.50
2012.08.01 17:33:55.254,0.78792,0.78805,3.00,3.75
2012.08.01 17:33:55.873,0.78792,0.78805,3.75,3.75
2012.08.01 17:33:55.936,0.78792,0.78805,3.75,3.38
2012.08.01 17:33:56.394,0.78792,0.78805,5.10,1.50
2012.08.01 17:33:56.578,0.78794,0.78807,3.60,2.25
2012.08.01 17:34:09.739,0.78794,0.78805,1.73,1.50
2012.08.01 17:34:10.397,0.78794,0.78805,1.50,1.50
2012.08.01 17:34:10.699,0.78794,0.78805,1.50,1.73
2012.08.01 17:34:10.942,0.78791,0.78804,3.23,1.50
2012.08.01 17:34:11.359,0.78792,0.78804,1.50,1.50
2012.08.01 17:34:11.483,0.78792,0.78804,1.50,1.50
2012.08.01 17:34:11.722,0.78792,0.78804,1.73,1.50
2012.08.01 17:34:12.077,0.78795,0.78805,1.50,1.50
2012.08.01 17:34:12.203,0.78794,0.78807,3.98,3.38
2012.08.01 17:34:14.379,0.78796,0.78809,2.48,2.25
2012.08.01 17:34:14.955,0.78796,0.78809,2.48,2.25
2012.08.01 17:34:15.766,0.78796,0.78809,2.48,2.25
2012.08.01 17:34:16.396,0.78798,0.78809,2.25,1.50
2012.08.01 17:34:19.559,0.78798,0.78809,3.23,1.50
2012.08.01 17:34:20.083,0.78798,0.78809,2.25,1.50
2012.08.01 17:34:22.252,0.78798,0.78809,3.00,1.50
2012.08.01 17:34:22.809,0.78798,0.78809,3.00,1.50
2012.08.01 17:34:25.013,0.78798,0.78809,3.00,1.50
2012.08.01 17:34:25.923,0.78798,0.78809,2.25,1.50
2012.08.01 17:34:26.719,0.78797,0.78808,4.73,1.50
2012.08.01 17:34:26.783,0.78797,0.7881,4.73,1.50
2012.08.01 17:34:27.316,0.78797,0.7881,4.73,1.50
2012.08.01 17:34:27.997,0.78797,0.7881,4.73,1.50
2012.08.01 17:34:30.101,0.78797,0.7881,4.35,1.50
2012.08.01 17:34:30.629,0.788,0.78811,1.50,1.50
2012.08.01 17:34:31.102,0.78798,0.78811,2.25,1.50
2012.08.01 17:34:32.012,0.78799,0.78812,1.50,1.50
2012.08.01 17:34:32.135,0.78799,0.7881,1.50,1.50
2012.08.01 17:34:37.663,0.78799,0.78812,1.50,3.00
2012.08.01 17:34:39.420,0.78798,0.78811,1.50,1.50
2012.08.01 17:34:43.261,0.78798,0.78811,2.25,1.50
2012.08.01 17:34:43.801,0.788,0.78811,1.50,1.50
2012.08.01 17:34:45.912,0.78798,0.78811,3.98,1.50
2012.08.01 17:34:48.008,0.78799,0.78812,2.25,3.23
2012.08.01 17:34:59.193,0.78801,0.78812,1.50,1.50
2012.08.01 17:34:59.315,0.78801,0.78814,3.23,3.00
2012.08.01 17:35:00.170,0.78804,0.78815,1.50,1.73
2012.08.01 17:35:01.547,0.78804,0.78815,1.50,4.35
2012.08.01 17:35:01.611,0.78802,0.78814,1.50,1.73
2012.08.01 17:35:01.792,0.78801,0.78814,3.23,1.50
2012.08.01 17:35:02.270,0.78801,0.78812,2.25,1.50
2012.08.01 17:35:02.798,0.78801,0.78814,1.50,2.48
2012.08.01 17:35:03.363,0.788,0.78813,2.25,1.73
2012.08.01 17:35:04.130,0.78802,0.78813,1.50,1.73
2012.08.01 17:35:14.879,0.78801,0.78812,1.50,1.73
2012.08.01 17:35:15.352,0.78801,0.78814,1.50,1.50
2012.08.01 17:35:25.628,0.78801,0.78812,1.50,1.73
2012.08.01 17:35:26.155,0.78801,0.78812,1.50,2.25
2012.08.01 17:35:27.693,0.78802,0.78813,1.50,1.50
2012.08.01 17:35:37.086,0.78801,0.78812,1.50,1.50
2012.08.01 17:35:37.525,0.78801,0.78814,1.50,1.50
2012.08.01 17:35:40.328,0.78801,0.78814,2.25,1.50
2012.08.01 17:35:40.856,0.78802,0.78814,3.00,1.50
2012.08.01 17:35:41.396,0.78804,0.78815,1.50,1.50
2012.08.01 17:35:43.450,0.78807,0.78818,1.50,3.98
2012.08.01 17:35:43.981,0.78807,0.78818,2.48,1.50
2012.08.01 17:35:46.708,0.78806,0.78817,2.48,1.50
2012.08.01 17:35:47.063,0.78804,0.78815,3.38,1.50
2012.08.01 17:35:47.564,0.78804,0.78815,3.38,1.50
2012.08.01 17:35:57.167,0.78804,0.78815,3.00,1.50
2012.08.01 17:35:59.381,0.78804,0.78815,3.00,1.50
2012.08.01 17:36:03.314,0.78804,0.78815,3.00,1.50
2012.08.01 17:36:05.020,0.78802,0.78814,2.25,1.50
2012.08.01 17:36:09.181,0.78801,0.78814,4.73,1.50
2012.08.01 17:36:09.537,0.78801,0.78813,4.35,1.50
2012.08.01 17:36:27.775,0.78803,0.78812,1.50,1.50
2012.08.01 17:36:28.488,0.78803,0.78814,1.50,1.50
2012.08.01 17:36:30.952,0.78803,0.78812,1.50,1.50
2012.08.01 17:36:31.014,0.78803,0.78814,1.50,3.00
2012.08.01 17:36:31.540,0.78803,0.78813,1.50,1.50
2012.08.01 17:36:32.336,0.78803,0.78814,1.50,1.50
2012.08.01 17:36:34.122,0.78803,0.78813,1.50,1.50
2012.08.01 17:36:41.697,0.78803,0.78812,1.50,1.50
2012.08.01 17:36:41.931,0.78803,0.78814,1.50,1.50
2012.08.01 17:36:47.704,0.78802,0.78814,1.73,1.50
2012.08.01 17:36:49.490,0.78802,0.78813,3.00,1.50
2012.08.01 17:36:50.747,0.78802,0.78813,3.00,1.50
2012.08.01 17:36:51.099,0.78801,0.78812,3.60,1.50
2012.08.01 17:36:51.631,0.78802,0.78811,1.50,1.50
2012.08.01 17:36:52.675,0.78802,0.7881,1.50,1.50
2012.08.01 17:36:53.089,0.788,0.7881,1.73,1.50
2012.08.01 17:36:53.501,0.78797,0.78809,7.20,1.50
2012.08.01 17:36:54.093,0.78798,0.7881,3.23,1.50
2012.08.01 17:36:56.277,0.78798,0.78811,1.73,1.50
2012.08.01 17:37:00.289,0.78798,0.7881,3.23,1.50
2012.08.01 17:37:05.976,0.788,0.78812,1.50,1.50
2012.08.01 17:37:06.683,0.78801,0.78812,1.50,1.50
2012.08.01 17:37:11.289,0.78802,0.78813,2.25,1.50
2012.08.01 17:37:11.640,0.78802,0.78813,3.98,1.50
2012.08.01 17:37:15.920,0.78802,0.78812,2.25,1.50
2012.08.01 17:37:16.530,0.78802,0.78814,2.25,3.00
2012.08.01 17:37:17.364,0.78802,0.78814,2.48,1.50
2012.08.01 17:37:17.429,0.78802,0.78814,2.48,1.50
2012.08.01 17:37:19.898,0.78802,0.78813,2.48,1.50
2012.08.01 17:37:30.718,0.78802,0.78813,3.23,1.50
2012.08.01 17:37:33.867,0.78802,0.78813,3.98,1.50
2012.08.01 17:37:37.068,0.78802,0.78813,3.98,1.50
2012.08.01 17:37:45.909,0.78802,0.78813,3.23,1.50
2012.08.01 17:37:47.150,0.78802,0.78812,1.50,1.50
2012.08.01 17:37:49.900,0.78802,0.78814,1.73,1.50
2012.08.01 17:37:50.444,0.78802,0.78814,1.73,1.50
2012.08.01 17:38:00.305,0.78803,0.78816,3.23,3.75
2012.08.01 17:38:00.835,0.78803,0.78816,3.23,2.25
2012.08.01 17:38:01.419,0.78802,0.78813,5.48,1.50
2012.08.01 17:38:02.213,0.78802,0.78813,1.50,1.50
2012.08.01 17:38:02.739,0.78802,0.78814,1.50,1.50
2012.08.01 17:38:03.301,0.78802,0.78813,1.50,1.50
2012.08.01 17:38:04.895,0.78802,0.78812,3.00,1.50
2012.08.01 17:38:05.428,0.78802,0.78813,2.48,1.50
2012.08.01 17:38:06.014,0.78801,0.78812,2.48,1.50
2012.08.01 17:38:07.052,0.78801,0.78812,3.23,1.50
2012.08.01 17:38:07.116,0.78801,0.78814,3.00,1.73
2012.08.01 17:38:07.238,0.78801,0.78814,2.25,1.73
2012.08.01 17:38:07.301,0.78801,0.78812,2.25,1.50
2012.08.01 17:38:12.422,0.78801,0.78814,2.25,1.73
2012.08.01 17:38:12.941,0.78801,0.78814,2.48,1.50
2012.08.01 17:38:14.156,0.78801,0.78812,2.48,1.50
2012.08.01 17:38:14.706,0.78801,0.78812,2.25,1.50
2012.08.01 17:38:18.764,0.78801,0.78814,2.25,3.00
2012.08.01 17:38:19.206,0.78801,0.78814,3.23,1.50
2012.08.01 17:38:20.755,0.78801,0.78814,1.50,1.73
2012.08.01 17:38:21.461,0.788,0.78813,3.23,1.50
2012.08.01 17:38:22.358,0.78802,0.78813,2.25,1.50
2012.08.01 17:38:22.480,0.78802,0.78813,2.48,1.50
2012.08.01 17:38:22.836,0.78804,0.78815,1.73,1.50
2012.08.01 17:38:23.361,0.78804,0.78815,2.48,1.50
2012.08.01 17:38:23.884,0.78804,0.78815,1.50,1.50
2012.08.01 17:38:24.543,0.78804,0.78815,2.25,1.50
2012.08.01 17:38:25.127,0.78804,0.78815,2.25,1.50
2012.08.01 17:38:29.720,0.78804,0.78815,2.25,1.50
2012.08.01 17:38:30.675,0.78804,0.78815,2.25,1.50
2012.08.01 17:38:31.201,0.78804,0.78815,3.00,1.50
2012.08.01 17:38:51.157,0.78804,0.78815,2.25,1.50
2012.08.01 17:38:56.679,0.78804,0.78815,2.25,1.50
2012.08.01 17:39:06.508,0.78804,0.78815,2.25,2.25
2012.08.01 17:39:07.047,0.78804,0.78815,2.25,1.50
2012.08.01 17:39:08.185,0.78804,0.78817,2.25,1.73
2012.08.01 17:39:08.937,0.78804,0.78817,2.25,2.10
2012.08.01 17:39:09.349,0.78804,0.78816,1.50,1.50
2012.08.01 17:39:09.876,0.78804,0.78815,3.00,1.73
2012.08.01 17:39:10.436,0.78805,0.78816,2.25,1.50
2012.08.01 17:39:11.161,0.78804,0.78815,3.00,1.50
2012.08.01 17:39:11.686,0.78804,0.78815,2.25,3.00
2012.08.01 17:39:11.750,0.78802,0.78813,2.48,1.50
2012.08.01 17:39:12.289,0.78802,0.78813,1.50,1.50
2012.08.01 17:39:12.820,0.78802,0.78813,1.73,1.50
2012.08.01 17:39:14.204,0.78802,0.78813,1.50,1.50
2012.08.01 17:39:14.746,0.78802,0.78813,1.73,1.50
2012.08.01 17:39:16.166,0.78802,0.78813,1.50,1.50
2012.08.01 17:39:16.732,0.78802,0.78813,1.73,1.50
2012.08.01 17:39:18.174,0.78802,0.78813,1.50,1.50
2012.08.01 17:39:34.409,0.78803,0.78816,1.50,1.73
2012.08.01 17:39:35.063,0.78803,0.78816,2.48,2.25
2012.08.01 17:39:35.502,0.78804,0.78816,1.50,1.50
2012.08.01 17:39:35.961,0.78804,0.78816,1.50,1.50
2012.08.01 17:39:41.787,0.78805,0.78816,1.50,1.50
2012.08.01 17:39:42.324,0.78805,0.78816,2.25,1.50
2012.08.01 17:39:42.852,0.78804,0.78815,3.75,1.50
2012.08.01 17:39:43.263,0.78804,0.78817,3.75,1.50
2012.08.01 17:39:50.918,0.78804,0.78816,2.48,1.50
2012.08.01 17:39:55.855,0.78806,0.78816,1.88,1.50
2012.08.01 17:39:56.036,0.78808,0.78816,2.48,1.50
2012.08.01 17:39:56.217,0.78809,0.78818,1.50,1.50
2012.08.01 17:39:56.896,0.78809,0.7882,3.00,1.50
2012.08.01 17:39:57.421,0.78809,0.7882,3.00,1.50
2012.08.01 17:39:58.059,0.7881,0.7882,1.50,1.50
2012.08.01 17:39:58.587,0.78809,0.7882,3.75,1.50
2012.08.01 17:39:59.118,0.78808,0.78819,1.73,1.50
2012.08.01 17:39:59.740,0.78809,0.78819,1.50,1.50
2012.08.01 17:40:04.254,0.7881,0.78819,1.50,1.50
2012.08.01 17:40:04.764,0.78809,0.7882,3.00,1.50
2012.08.01 17:40:04.828,0.78809,0.7882,3.00,1.50
2012.08.01 17:40:05.467,0.78809,0.7882,3.00,1.50
2012.08.01 17:40:05.762,0.78809,0.7882,3.00,1.50
2012.08.01 17:40:06.314,0.78809,0.7882,3.00,1.50
2012.08.01 17:40:07.138,0.78809,0.7882,3.00,1.50
2012.08.01 17:40:07.649,0.78809,0.7882,2.25,1.50
2012.08.01 17:40:08.173,0.78809,0.7882,1.50,1.50
2012.08.01 17:40:16.167,0.78807,0.78819,3.23,1.50
2012.08.01 17:40:16.522,0.78806,0.78819,4.35,1.50
2012.08.01 17:40:16.644,0.78806,0.78819,3.23,1.50
2012.08.01 17:40:16.767,0.78806,0.78819,2.25,1.50
2012.08.01 17:40:16.831,0.78806,0.78817,3.00,1.50
2012.08.01 17:40:19.179,0.78804,0.78815,1.50,1.50
2012.08.01 17:40:36.918,0.78804,0.78815,1.50,1.73
2012.08.01 17:40:37.460,0.78804,0.78815,1.50,1.50
2012.08.01 17:40:39.775,0.78801,0.78814,2.93,1.50
2012.08.01 17:40:41.688,0.78805,0.78816,1.50,2.48
2012.08.01 17:40:41.988,0.78805,0.78816,1.50,2.25
2012.08.01 17:40:43.589,0.78805,0.78816,1.50,2.48
2012.08.01 17:40:44.399,0.78805,0.78816,1.50,2.25
2012.08.01 17:40:46.152,0.78805,0.78816,1.50,2.48
2012.08.01 17:40:46.702,0.78805,0.78816,1.50,2.25
2012.08.01 17:40:48.247,0.78805,0.78816,1.50,2.48
2012.08.01 17:40:48.754,0.78805,0.78816,1.50,2.25
2012.08.01 17:40:50.444,0.78805,0.78816,1.50,2.48
2012.08.01 17:40:50.967,0.78805,0.78816,1.50,2.25
2012.08.01 17:41:00.657,0.78805,0.78816,1.50,2.48
2012.08.01 17:41:01.178,0.78805,0.78816,1.50,2.25
2012.08.01 17:41:04.655,0.78805,0.78816,1.50,2.48
2012.08.01 17:41:05.187,0.78805,0.78816,1.50,2.25
2012.08.01 17:41:06.704,0.78805,0.78816,1.50,2.48
2012.08.01 17:41:07.242,0.78805,0.78816,1.50,2.25
2012.08.01 17:41:08.696,0.78805,0.78816,1.50,2.48
2012.08.01 17:41:09.252,0.78805,0.78816,1.50,2.25
2012.08.01 17:41:10.706,0.78805,0.78816,1.50,1.73
2012.08.01 17:41:11.252,0.78805,0.78816,1.50,1.50
2012.08.01 17:41:14.956,0.78805,0.78816,1.50,1.73
2012.08.01 17:41:15.359,0.78808,0.78818,1.50,3.23
2012.08.01 17:41:15.430,0.78807,0.78818,1.50,3.98
2012.08.01 17:41:15.966,0.78806,0.78819,2.25,1.73
2012.08.01 17:41:16.088,0.78806,0.78819,2.25,1.50
2012.08.01 17:41:16.442,0.78808,0.78819,1.50,2.48
2012.08.01 17:41:16.936,0.78806,0.78819,2.25,3.23
2012.08.01 17:41:18.873,0.78805,0.78816,3.00,1.50
2012.08.01 17:41:19.226,0.78805,0.78818,3.00,2.48
2012.08.01 17:41:19.752,0.78804,0.78817,2.25,1.50
2012.08.01 17:41:20.889,0.78804,0.78817,2.25,1.73
2012.08.01 17:41:21.415,0.78804,0.78817,1.50,2.25
2012.08.01 17:41:22.966,0.78804,0.78817,2.25,2.48
2012.08.01 17:41:23.200,0.78804,0.78817,2.25,2.48
2012.08.01 17:41:25.001,0.78804,0.78817,1.50,2.48
2012.08.01 17:41:25.536,0.78804,0.78817,1.50,2.48
2012.08.01 17:41:26.938,0.78804,0.78817,1.50,2.48
2012.08.01 17:41:27.158,0.78804,0.78817,1.50,2.25
2012.08.01 17:41:28.715,0.78806,0.78817,1.50,2.25
2012.08.01 17:41:29.063,0.78805,0.78816,1.50,1.73
2012.08.01 17:41:29.432,0.78805,0.78818,1.50,3.23
2012.08.01 17:41:31.114,0.78805,0.78816,1.50,1.50
2012.08.01 17:41:31.635,0.78806,0.78817,1.50,2.25
2012.08.01 17:41:33.187,0.78805,0.78816,1.50,1.73
2012.08.01 17:41:33.710,0.78806,0.78817,1.50,2.25
2012.08.01 17:41:35.356,0.78804,0.78817,1.50,2.48
2012.08.01 17:41:35.420,0.78805,0.78818,1.50,4.73
2012.08.01 17:41:37.345,0.78804,0.78817,3.00,2.48
2012.08.01 17:41:37.922,0.78804,0.78817,2.25,1.50
2012.08.01 17:41:39.175,0.78805,0.78816,1.50,1.50
2012.08.01 17:41:39.931,0.78806,0.78817,1.50,1.73
2012.08.01 17:41:40.192,0.78804,0.78817,2.25,1.73
2012.08.01 17:41:41.681,0.78804,0.78817,2.25,1.73
2012.08.01 17:41:42.012,0.78805,0.78818,1.50,1.73
2012.08.01 17:41:43.646,0.78805,0.78816,1.50,1.73
2012.08.01 17:41:44.192,0.78805,0.78818,1.50,1.73
2012.08.01 17:41:44.941,0.78805,0.78816,1.50,1.50
2012.08.01 17:41:45.804,0.78806,0.78817,1.50,1.73
2012.08.01 17:41:46.342,0.78805,0.78816,1.50,1.50
2012.08.01 17:41:46.871,0.78804,0.78817,2.63,1.73
2012.08.01 17:41:47.395,0.78804,0.78817,1.88,3.23
2012.08.01 17:41:47.745,0.78803,0.78816,2.25,1.73
2012.08.01 17:41:48.096,0.78805,0.78816,1.50,1.73
2012.08.01 17:41:49.933,0.78805,0.78816,1.50,1.73
2012.08.01 17:41:50.466,0.78805,0.78816,1.50,1.50
2012.08.01 17:41:51.934,0.78805,0.78816,1.50,1.73
2012.08.01 17:41:52.484,0.78805,0.78816,1.50,1.50
2012.08.01 17:41:54.116,0.78805,0.78816,1.50,1.73
2012.08.01 17:41:54.649,0.78805,0.78816,1.50,1.50
2012.08.01 17:41:56.207,0.78805,0.78816,1.50,1.73
2012.08.01 17:41:56.770,0.78805,0.78816,1.50,1.50
2012.08.01 17:42:00.164,0.78805,0.78816,1.50,1.73
2012.08.01 17:42:00.771,0.78805,0.78816,1.50,1.50
2012.08.01 17:42:04.799,0.78805,0.78816,1.50,1.73
2012.08.01 17:42:08.851,0.78805,0.78816,1.50,2.48
2012.08.01 17:42:09.553,0.78805,0.78816,1.50,2.48
2012.08.01 17:42:10.439,0.78805,0.78816,1.50,1.73
2012.08.01 17:42:10.941,0.78805,0.78816,1.50,1.73
2012.08.01 17:42:11.320,0.78805,0.78816,1.50,1.73
2012.08.01 17:42:15.948,0.78805,0.78816,1.50,1.73
2012.08.01 17:42:16.789,0.78805,0.78816,1.50,2.25
2012.08.01 17:42:17.892,0.78805,0.78816,1.50,2.48
2012.08.01 17:42:18.661,0.78805,0.78816,1.50,2.25
2012.08.01 17:42:20.805,0.78805,0.78816,1.50,2.48
2012.08.01 17:42:21.329,0.78805,0.78816,1.50,2.48
2012.08.01 17:42:22.730,0.78804,0.78815,2.25,1.50
2012.08.01 17:42:24.837,0.78804,0.78815,2.25,1.73
2012.08.01 17:42:25.400,0.78804,0.78815,2.25,1.50
2012.08.01 17:42:33.087,0.78804,0.78815,2.25,1.73
2012.08.01 17:42:33.607,0.78804,0.78815,2.25,1.50
2012.08.01 17:42:35.183,0.78804,0.78815,2.25,1.73
2012.08.01 17:42:35.806,0.78804,0.78815,2.25,1.50
2012.08.01 17:42:37.421,0.78804,0.78815,2.25,1.73
2012.08.01 17:42:37.938,0.78804,0.78815,2.25,1.50
2012.08.01 17:42:39.374,0.78804,0.78815,2.25,1.73
2012.08.01 17:42:39.907,0.78804,0.78815,2.25,1.50
2012.08.01 17:42:41.687,0.78804,0.78815,2.25,1.73
2012.08.01 17:42:42.372,0.78804,0.78815,2.25,1.50
2012.08.01 17:42:55.405,0.78804,0.78815,3.00,1.50
2012.08.01 17:42:55.527,0.78805,0.78817,1.50,1.73
2012.08.01 17:42:56.173,0.78804,0.78817,4.50,1.50
2012.08.01 17:42:56.695,0.78805,0.78817,1.50,1.50
2012.08.01 17:43:00.915,0.78805,0.78817,1.50,1.50
2012.08.01 17:43:02.651,0.78804,0.78817,3.00,1.50
2012.08.01 17:43:04.863,0.78805,0.78817,1.50,1.50
2012.08.01 17:43:06.597,0.78804,0.78817,3.00,1.50
2012.08.01 17:43:07.147,0.78805,0.78817,1.50,1.50
2012.08.01 17:43:08.597,0.78804,0.78815,3.00,1.50
2012.08.01 17:43:09.113,0.78805,0.78816,3.00,1.50
2012.08.01 17:43:11.134,0.78805,0.78816,3.00,1.50
2012.08.01 17:43:13.228,0.78804,0.78817,3.00,1.50
2012.08.01 17:43:14.033,0.78805,0.78817,1.50,1.50
2012.08.01 17:43:15.358,0.78805,0.78815,1.50,1.50
2012.08.01 17:43:15.478,0.78804,0.78817,2.25,1.50
2012.08.01 17:43:17.320,0.78805,0.78816,1.50,1.50
2012.08.01 17:43:17.840,0.78805,0.78816,3.00,1.50
2012.08.01 17:43:19.366,0.78805,0.78816,2.25,1.50
2012.08.01 17:43:19.886,0.78805,0.78817,1.50,1.50
2012.08.01 17:43:21.354,0.78804,0.78815,3.00,1.50
2012.08.01 17:43:21.589,0.78805,0.78817,1.50,1.50
2012.08.01 17:43:23.363,0.78804,0.78815,3.00,1.50
2012.08.01 17:43:23.903,0.78805,0.78816,3.00,1.50
2012.08.01 17:43:24.923,0.78804,0.78815,2.25,1.50
2012.08.01 17:43:25.449,0.78802,0.78813,2.48,1.50
2012.08.01 17:43:25.987,0.78804,0.78815,2.25,1.50
2012.08.01 17:43:26.225,0.78804,0.78817,2.25,1.50
2012.08.01 17:43:27.397,0.78804,0.78815,1.50,1.50
2012.08.01 17:43:28.046,0.78802,0.78813,2.48,1.50
2012.08.01 17:43:28.487,0.78802,0.78813,2.48,1.50
2012.08.01 17:43:31.283,0.78803,0.78816,2.48,1.50
2012.08.01 17:43:34.252,0.78803,0.78816,2.25,1.50
2012.08.01 17:43:35.564,0.78803,0.78816,2.25,1.50
2012.08.01 17:43:35.798,0.78803,0.78816,2.48,1.50
2012.08.01 17:43:37.431,0.78803,0.78816,2.25,1.50
2012.08.01 17:43:37.981,0.78803,0.78816,2.48,1.50
2012.08.01 17:43:39.509,0.78803,0.78816,4.73,1.50
2012.08.01 17:43:39.631,0.78804,0.78817,3.00,3.23
2012.08.01 17:43:40.154,0.78804,0.78816,1.50,1.50
2012.08.01 17:43:41.412,0.78804,0.78816,1.50,1.50
2012.08.01 17:43:41.590,0.78804,0.78816,1.50,1.50
2012.08.01 17:43:43.443,0.78803,0.78816,2.25,1.73
2012.08.01 17:43:43.978,0.78801,0.78814,2.48,1.50
2012.08.01 17:43:45.163,0.788,0.78813,2.85,1.50
2012.08.01 17:43:45.458,0.788,0.78813,2.48,2.25
2012.08.01 17:43:45.811,0.788,0.7881,1.35,1.50
2012.08.01 17:43:46.278,0.78799,0.78812,2.85,2.48
2012.08.01 17:43:49.332,0.78799,0.78811,1.95,1.50
2012.08.01 17:43:49.563,0.78799,0.78811,1.95,1.50
2012.08.01 17:43:54.743,0.788,0.78812,1.35,1.73
2012.08.01 17:44:07.887,0.78799,0.78812,2.85,2.48
2012.08.01 17:44:09.036,0.78799,0.78812,2.85,2.48
2012.08.01 17:44:09.747,0.78799,0.78812,2.85,2.48
2012.08.01 17:44:10.300,0.78799,0.78812,3.45,2.48
2012.08.01 17:44:10.846,0.78799,0.78812,2.85,2.48
2012.08.01 17:44:11.776,0.78799,0.78812,2.85,2.48
2012.08.01 17:44:12.348,0.78799,0.78812,2.85,2.48
2012.08.01 17:44:13.008,0.78799,0.78812,3.45,2.48
2012.08.01 17:44:14.315,0.78799,0.78812,2.85,2.48
2012.08.01 17:44:15.121,0.78799,0.78812,2.85,2.48
2012.08.01 17:44:16.327,0.78799,0.78812,2.85,3.23
2012.08.01 17:44:17.401,0.78799,0.78812,3.45,3.23
2012.08.01 17:44:18.782,0.78799,0.78812,3.45,3.23
2012.08.01 17:44:19.395,0.78799,0.78812,2.85,3.23
2012.08.01 17:44:21.726,0.78799,0.78812,3.45,2.48
2012.08.01 17:44:21.975,0.78799,0.7881,1.20,1.50
2012.08.01 17:44:22.095,0.78799,0.78812,1.20,3.98
2012.08.01 17:44:22.632,0.78799,0.78812,2.10,2.48
2012.08.01 17:44:23.940,0.78799,0.78812,2.10,1.73
2012.08.01 17:44:25.791,0.78799,0.78812,2.70,3.23
2012.08.01 17:44:26.292,0.78799,0.7881,2.70,1.50
2012.08.01 17:44:26.993,0.788,0.78811,1.50,1.50
2012.08.01 17:44:29.963,0.78798,0.78811,2.70,1.50
2012.08.01 17:44:30.486,0.78798,0.78811,1.50,1.73
2012.08.01 17:44:31.150,0.78798,0.78811,1.50,1.73
2012.08.01 17:44:31.475,0.78797,0.78808,1.50,1.50
2012.08.01 17:44:48.788,0.78797,0.78808,1.73,1.50
2012.08.01 17:44:48.966,0.78797,0.7881,1.73,1.50
2012.08.01 17:44:51.636,0.78796,0.7881,6.55,1.50
2012.08.01 17:44:52.137,0.78795,0.78809,3.08,1.50
2012.08.01 17:44:52.731,0.78797,0.78811,1.50,1.73
2012.08.01 17:44:53.828,0.78797,0.78811,1.50,1.50
2012.08.01 17:45:03.801,0.78797,0.78808,1.50,1.73
2012.08.01 17:45:04.270,0.78797,0.78808,3.00,1.73
2012.08.01 17:45:04.857,0.78797,0.78808,2.25,1.73
2012.08.01 17:45:15.567,0.78797,0.78808,2.25,1.50
2012.08.01 17:45:16.097,0.78798,0.78809,2.25,1.50
2012.08.01 17:45:16.629,0.78798,0.78809,2.48,1.50
2012.08.01 17:45:20.079,0.78798,0.78809,2.25,1.50
2012.08.01 17:45:20.603,0.78796,0.78809,3.23,1.50
2012.08.01 17:45:21.110,0.78798,0.78809,1.50,1.50
2012.08.01 17:45:21.823,0.78796,0.78809,3.23,1.50
2012.08.01 17:45:22.189,0.78796,0.78809,3.98,1.50
2012.08.01 17:45:22.743,0.78799,0.78809,2.48,1.50
2012.08.01 17:45:23.219,0.788,0.78811,2.25,1.50
2012.08.01 17:45:55.020,0.788,0.78811,2.25,1.50
2012.08.01 17:45:55.558,0.78802,0.78813,2.25,3.00
2012.08.01 17:45:56.109,0.78801,0.78812,2.25,1.50
2012.08.01 17:46:00.671,0.78801,0.78814,2.25,1.50
2012.08.01 17:46:06.825,0.78801,0.78814,2.25,1.50
2012.08.01 17:46:10.781,0.788,0.78813,2.63,1.50
2012.08.01 17:46:12.954,0.78802,0.78813,2.25,1.73
2012.08.01 17:46:13.495,0.788,0.78813,2.25,1.50
2012.08.01 17:46:27.355,0.78801,0.78814,2.25,1.50
2012.08.01 17:46:31.547,0.78801,0.78814,2.25,3.00
2012.08.01 17:46:31.725,0.788,0.78812,2.25,1.50
2012.08.01 17:46:32.022,0.78799,0.78811,1.13,2.48
2012.08.01 17:46:32.609,0.78799,0.78812,2.25,2.48
2012.08.01 17:46:33.136,0.788,0.78811,2.25,1.50
2012.08.01 17:46:49.677,0.78801,0.78814,2.25,2.25
2012.08.01 17:46:49.855,0.78801,0.78814,2.48,1.50
2012.08.01 17:46:51.840,0.78801,0.78814,3.00,1.73
2012.08.01 17:46:52.137,0.78801,0.78812,3.00,1.50
2012.08.01 17:46:52.660,0.78801,0.78812,3.00,1.50
2012.08.01 17:46:59.918,0.78801,0.78812,3.00,1.50
2012.08.01 17:47:12.501,0.78801,0.78812,2.25,1.50
2012.08.01 17:47:18.400,0.78801,0.78812,2.48,1.50
2012.08.01 17:47:18.693,0.78801,0.78814,3.23,2.25
2012.08.01 17:47:19.838,0.78801,0.78813,1.73,1.50
2012.08.01 17:47:20.479,0.78803,0.78814,2.10,2.25
2012.08.01 17:47:20.784,0.78802,0.78812,2.03,1.50
2012.08.01 17:47:20.848,0.78802,0.78812,2.03,1.50
2012.08.01 17:47:30.277,0.78801,0.78814,5.03,1.50
2012.08.01 17:47:30.859,0.78802,0.78814,2.03,1.50
2012.08.01 17:47:44.365,0.78801,0.78814,4.28,1.50
2012.08.01 17:47:48.221,0.78801,0.78814,4.28,1.50
2012.08.01 17:47:48.743,0.78802,0.78813,2.78,1.50
2012.08.01 17:47:49.728,0.78802,0.78812,1.05,1.50
2012.08.01 17:47:51.583,0.78802,0.78813,2.55,1.50
2012.08.01 17:47:53.124,0.78802,0.78813,2.85,1.50
2012.08.01 17:48:02.130,0.78803,0.78816,3.00,3.75
2012.08.01 17:48:02.712,0.78803,0.78816,2.25,1.50
2012.08.01 17:48:02.890,0.78802,0.78813,3.90,1.50
2012.08.01 17:48:21.547,0.78803,0.78813,1.50,1.50
2012.08.01 17:48:21.879,0.78802,0.78813,2.93,1.50
2012.08.01 17:48:22.264,0.78803,0.78816,2.25,2.25
2012.08.01 17:48:22.875,0.78803,0.78816,2.25,2.25
2012.08.01 17:48:29.470,0.78803,0.78816,2.25,2.25
2012.08.01 17:48:30.192,0.78803,0.78816,2.25,2.25
2012.08.01 17:48:41.050,0.78803,0.78816,2.25,2.25
2012.08.01 17:48:43.115,0.78803,0.78816,1.50,2.25
2012.08.01 17:48:59.073,0.78803,0.78816,2.25,2.25
2012.08.01 17:49:08.907,0.78803,0.78816,3.00,2.48
2012.08.01 17:49:09.686,0.78803,0.78816,2.48,2.25
2012.08.01 17:49:10.786,0.78803,0.78816,3.23,2.25
2012.08.01 17:49:11.287,0.78805,0.78818,3.23,2.25
2012.08.01 17:49:12.052,0.78805,0.78816,2.48,1.50
2012.08.01 17:49:13.100,0.78806,0.78817,1.50,2.48
2012.08.01 17:49:13.629,0.78805,0.78816,1.50,2.25
2012.08.01 17:49:18.136,0.78803,0.78814,1.50,1.50
2012.08.01 17:49:18.432,0.78801,0.78814,2.25,1.73
2012.08.01 17:49:19.126,0.78802,0.78813,1.50,1.50
2012.08.01 17:49:23.752,0.78804,0.78816,1.50,3.23
2012.08.01 17:49:23.995,0.78805,0.78818,2.25,1.50
2012.08.01 17:49:24.116,0.78808,0.78819,1.50,6.00
2012.08.01 17:49:25.548,0.78805,0.78818,3.75,1.50
2012.08.01 17:49:26.012,0.78803,0.78816,3.00,1.50
2012.08.01 17:49:26.537,0.78803,0.78816,2.25,2.25
2012.08.01 17:49:35.534,0.78803,0.78816,1.50,2.48
2012.08.01 17:49:36.363,0.78803,0.78816,2.25,2.48
2012.08.01 17:49:36.756,0.78807,0.78818,1.50,2.48
2012.08.01 17:49:36.825,0.78807,0.78818,1.50,1.50
2012.08.01 17:49:37.356,0.78806,0.78819,3.23,2.25
2012.08.01 17:49:38.344,0.78806,0.78819,1.73,2.25
2012.08.01 17:49:38.881,0.78806,0.78817,1.50,1.50
2012.08.01 17:49:39.696,0.78806,0.78817,1.50,1.65
2012.08.01 17:49:39.934,0.78805,0.78816,2.25,1.50
2012.08.01 17:49:40.486,0.78805,0.78816,3.23,1.50
2012.08.01 17:49:40.548,0.78807,0.78818,1.50,1.50
2012.08.01 17:49:42.119,0.78805,0.78818,2.48,1.50
2012.08.01 17:49:42.667,0.78805,0.78818,1.50,1.73
2012.08.01 17:49:44.205,0.78805,0.78818,3.75,1.73
2012.08.01 17:49:44.747,0.78807,0.78818,1.50,1.50
2012.08.01 17:49:45.583,0.78808,0.78818,1.50,1.50
2012.08.01 17:49:45.650,0.78809,0.78822,1.50,3.75
2012.08.01 17:49:46.440,0.78809,0.78822,1.50,2.48
2012.08.01 17:49:46.968,0.78809,0.78822,1.50,2.25
2012.08.01 17:49:47.465,0.78811,0.78822,1.50,2.25
2012.08.01 17:49:47.950,0.7881,0.78821,1.50,1.73
2012.08.01 17:49:48.509,0.7881,0.78821,1.50,1.50
2012.08.01 17:49:49.902,0.7881,0.78821,1.50,1.73
2012.08.01 17:49:50.196,0.78809,0.78822,1.50,2.48
2012.08.01 17:49:51.108,0.7881,0.78823,1.50,3.23
2012.08.01 17:49:52.191,0.78809,0.78822,1.50,2.48
2012.08.01 17:49:53.683,0.7881,0.78823,1.50,3.23
2012.08.01 17:49:55.820,0.78809,0.78822,1.50,2.25
2012.08.01 17:49:57.511,0.78809,0.78822,3.75,2.25
2012.08.01 17:49:58.024,0.78811,0.78822,1.50,2.25
2012.08.01 17:50:02.634,0.78809,0.78822,2.25,2.25
2012.08.01 17:50:03.339,0.78811,0.78822,1.50,2.25
2012.08.01 17:50:04.011,0.7881,0.78821,1.50,1.50
2012.08.01 17:50:07.303,0.7881,0.78823,1.50,2.48
2012.08.01 17:50:11.705,0.78809,0.7882,1.73,1.50
2012.08.01 17:50:12.062,0.78807,0.78818,2.25,1.50
2012.08.01 17:50:12.576,0.78807,0.78818,2.48,1.50
2012.08.01 17:50:24.156,0.78807,0.78818,2.48,1.50
2012.08.01 17:50:24.685,0.78806,0.78817,1.50,2.25
2012.08.01 17:50:25.208,0.78806,0.78819,2.48,1.50
2012.08.01 17:50:40.901,0.78806,0.78818,1.50,1.50
2012.08.01 17:50:43.773,0.78806,0.78819,3.00,1.73
2012.08.01 17:50:50.221,0.78806,0.78819,2.25,1.73
2012.08.01 17:50:53.955,0.78805,0.78818,5.10,1.50
2012.08.01 17:50:56.371,0.78805,0.78818,2.25,1.50
2012.08.01 17:50:57.036,0.78805,0.78818,2.25,1.73
2012.08.01 17:50:58.586,0.78805,0.78818,1.50,1.50
2012.08.01 17:51:00.645,0.78805,0.78818,2.25,1.73
2012.08.01 17:51:01.753,0.78804,0.78815,2.25,1.50
2012.08.01 17:51:02.306,0.78805,0.78816,1.50,1.50
2012.08.01 17:51:07.449,0.78804,0.78815,2.25,1.50
2012.08.01 17:51:08.012,0.78804,0.78815,1.50,1.50
2012.08.01 17:51:08.536,0.78805,0.78816,1.73,1.50
2012.08.01 17:51:21.504,0.78803,0.78816,4.50,1.50
2012.08.01 17:51:22.646,0.78803,0.78816,3.23,1.50
2012.08.01 17:51:22.939,0.78803,0.78816,3.00,1.50
2012.08.01 17:51:24.687,0.78803,0.78816,3.23,1.50
2012.08.01 17:51:25.011,0.78803,0.78816,3.23,1.50
2012.08.01 17:51:26.662,0.78803,0.78816,3.23,1.50
2012.08.01 17:51:27.170,0.78803,0.78816,3.00,1.50
2012.08.01 17:51:28.672,0.78803,0.78816,3.23,1.50
2012.08.01 17:51:29.197,0.78803,0.78816,3.23,1.50
2012.08.01 17:51:30.883,0.78803,0.78816,3.23,1.50
2012.08.01 17:51:31.409,0.78803,0.78816,3.00,1.50
2012.08.01 17:51:31.623,0.78803,0.78816,3.00,1.50
2012.08.01 17:51:46.586,0.78803,0.78816,3.23,1.50
2012.08.01 17:51:46.648,0.78803,0.78816,3.23,1.50
2012.08.01 17:51:53.498,0.78803,0.78816,3.00,1.50
2012.08.01 17:51:59.497,0.78803,0.78816,3.38,1.50
2012.08.01 17:51:59.619,0.78805,0.78818,2.25,1.73
2012.08.01 17:52:00.146,0.78805,0.78818,2.25,1.73
2012.08.01 17:52:01.803,0.78805,0.78818,2.25,2.48
2012.08.01 17:52:04.644,0.78805,0.78818,2.25,1.73
2012.08.01 17:52:05.172,0.78804,0.78815,2.63,1.50
2012.08.01 17:52:06.370,0.78805,0.78816,2.25,1.50
2012.08.01 17:52:26.774,0.78806,0.78817,1.50,2.48
2012.08.01 17:52:29.043,0.78806,0.78817,1.50,3.23
2012.08.01 17:52:29.402,0.78806,0.78814,1.50,1.73
2012.08.01 17:52:29.875,0.78804,0.78813,1.50,1.73
2012.08.01 17:52:29.998,0.78801,0.78812,1.50,2.48
2012.08.01 17:52:30.119,0.78799,0.78812,1.50,2.48
2012.08.01 17:52:31.294,0.78798,0.78809,1.73,1.50
2012.08.01 17:52:32.816,0.78799,0.7881,1.50,2.25
2012.08.01 17:52:36.742,0.78797,0.7881,2.25,2.25
2012.08.01 17:52:39.045,0.78799,0.7881,1.50,2.25
2012.08.01 17:52:42.055,0.78799,0.7881,2.25,2.25
2012.08.01 17:52:42.577,0.78799,0.7881,2.25,1.50
2012.08.01 17:52:42.698,0.788,0.78813,2.25,2.48
2012.08.01 17:52:43.108,0.788,0.78813,3.00,2.48
2012.08.01 17:52:43.641,0.788,0.78813,3.00,1.73
2012.08.01 17:52:44.285,0.78801,0.78814,2.25,2.25
2012.08.01 17:52:44.813,0.78802,0.78813,1.50,1.50
2012.08.01 17:52:50.757,0.78802,0.78813,3.00,1.50
2012.08.01 17:52:51.540,0.78802,0.78815,3.75,2.48
2012.08.01 17:52:51.852,0.78805,0.78816,2.25,1.50
2012.08.01 17:52:52.929,0.78805,0.78818,2.25,2.48
2012.08.01 17:52:53.467,0.78805,0.78818,1.50,2.48
2012.08.01 17:52:54.007,0.78805,0.78816,1.50,1.50
2012.08.01 17:52:54.365,0.78803,0.78814,3.75,2.25
2012.08.01 17:52:55.443,0.78803,0.78814,2.25,1.50
2012.08.01 17:52:55.847,0.78805,0.78816,2.25,2.48
2012.08.01 17:52:55.968,0.78805,0.78816,1.50,2.48
2012.08.01 17:52:58.154,0.78805,0.78816,3.00,2.48
2012.08.01 17:52:58.679,0.78805,0.78816,2.25,2.48
2012.08.01 17:53:00.049,0.78805,0.78816,3.00,2.48
2012.08.01 17:53:00.874,0.78805,0.78816,2.25,2.48
2012.08.01 17:53:02.162,0.78802,0.78815,3.00,1.73
2012.08.01 17:53:02.904,0.78805,0.78816,2.25,2.25
2012.08.01 17:53:04.807,0.78805,0.78816,1.50,2.48
2012.08.01 17:53:06.680,0.78805,0.78816,1.50,2.25
2012.08.01 17:53:07.148,0.78805,0.78816,2.25,2.25
2012.08.01 17:53:07.441,0.78805,0.78816,1.50,2.25
2012.08.01 17:53:09.142,0.78805,0.78816,2.25,2.25
2012.08.01 17:53:09.799,0.78805,0.78816,1.50,2.25
2012.08.01 17:53:13.164,0.78805,0.78816,2.25,2.25
2012.08.01 17:53:13.228,0.78805,0.78816,1.50,2.25
2012.08.01 17:53:15.128,0.78805,0.78816,2.25,2.25
2012.08.01 17:53:15.889,0.78805,0.78816,1.50,2.25
2012.08.01 17:53:17.456,0.78805,0.78816,2.25,2.48
2012.08.01 17:53:17.699,0.78805,0.78816,2.25,1.73
2012.08.01 17:53:18.262,0.78806,0.78816,1.50,1.73
2012.08.01 17:53:18.855,0.78806,0.78816,1.50,2.48
2012.08.01 17:53:19.092,0.78805,0.78816,1.50,2.48
2012.08.01 17:53:20.924,0.78805,0.78816,2.25,2.48
2012.08.01 17:53:21.171,0.78805,0.78816,3.00,1.50
2012.08.01 17:53:21.716,0.78805,0.78816,2.25,1.50
2012.08.01 17:53:22.540,0.78805,0.78818,2.25,3.98
2012.08.01 17:53:22.604,0.78805,0.78817,2.25,3.23
2012.08.01 17:53:22.668,0.78804,0.78816,1.50,2.25
2012.08.01 17:53:24.485,0.78803,0.78816,2.25,3.23
2012.08.01 17:53:24.667,0.78803,0.78816,2.25,2.48
2012.08.01 17:53:24.791,0.78804,0.78817,2.25,2.48
2012.08.01 17:53:24.855,0.78806,0.78817,1.50,2.48
2012.08.01 17:53:25.212,0.78806,0.78817,3.00,1.50
2012.08.01 17:53:25.682,0.78806,0.78817,1.50,1.50
2012.08.01 17:53:26.239,0.78806,0.78817,2.25,1.50
2012.08.01 17:53:29.911,0.78806,0.78817,3.00,1.50
2012.08.01 17:53:30.033,0.78806,0.78817,2.25,1.50
2012.08.01 17:53:30.211,0.78806,0.78817,3.00,1.50
2012.08.01 17:53:31.017,0.78806,0.78817,3.00,2.25
2012.08.01 17:53:31.200,0.78806,0.78817,3.00,2.25
2012.08.01 17:53:31.938,0.78806,0.78817,3.00,2.25
2012.08.01 17:53:32.881,0.78804,0.78816,3.00,1.50
2012.08.01 17:53:32.945,0.78804,0.78816,3.00,1.50
2012.08.01 17:53:33.182,0.78804,0.78816,3.00,1.73
2012.08.01 17:53:33.304,0.78803,0.78815,1.50,1.50
2012.08.01 17:53:33.798,0.78804,0.78815,2.25,1.50
2012.08.01 17:53:34.334,0.78804,0.78815,1.50,1.50
2012.08.01 17:53:35.766,0.78803,0.78815,3.00,1.50
2012.08.01 17:53:37.050,0.78804,0.78816,2.25,1.50
2012.08.01 17:53:37.633,0.78804,0.78817,2.25,3.00
2012.08.01 17:53:37.697,0.78804,0.78817,3.00,3.00
2012.08.01 17:53:39.377,0.78804,0.78817,2.25,3.00
2012.08.01 17:53:39.440,0.78804,0.78817,2.25,3.23
2012.08.01 17:53:40.807,0.78806,0.78817,1.50,2.25
2012.08.01 17:53:41.165,0.78806,0.78817,2.25,2.48
2012.08.01 17:53:41.463,0.78806,0.78817,3.00,2.48
2012.08.01 17:53:41.586,0.78804,0.78817,2.25,2.48
2012.08.01 17:53:41.768,0.78805,0.78817,1.50,1.50
2012.08.01 17:53:42.090,0.78804,0.78817,3.00,2.25
2012.08.01 17:53:42.683,0.78804,0.78817,1.50,2.25
2012.08.01 17:53:43.288,0.78802,0.78815,2.63,2.25
2012.08.01 17:53:43.910,0.78802,0.78815,1.50,2.25
2012.08.01 17:53:50.199,0.78802,0.78815,1.73,2.25
2012.08.01 17:53:51.635,0.78802,0.78815,1.50,2.48
2012.08.01 17:53:52.633,0.78802,0.78815,1.73,2.25
2012.08.01 17:53:53.960,0.78804,0.78817,1.50,3.75
2012.08.01 17:53:54.024,0.78804,0.78817,1.50,2.25
2012.08.01 17:53:54.317,0.78804,0.78817,1.50,2.25
2012.08.01 17:53:55.958,0.78803,0.78814,1.50,1.50
2012.08.01 17:53:56.484,0.78805,0.78816,1.50,2.25
2012.08.01 17:53:57.039,0.78805,0.78816,1.50,1.50
2012.08.01 17:53:58.239,0.78804,0.78817,1.50,1.73
2012.08.01 17:53:58.591,0.78804,0.78817,1.50,2.48
2012.08.01 17:53:59.890,0.78804,0.78817,1.50,2.48
2012.08.01 17:53:59.954,0.78802,0.78815,3.00,2.48
2012.08.01 17:54:00.306,0.78804,0.78817,1.50,2.48
2012.08.01 17:54:00.427,0.78804,0.78817,1.50,1.73
2012.08.01 17:54:00.894,0.78806,0.78817,1.50,1.50
2012.08.01 17:54:01.401,0.78805,0.78818,1.50,3.23
2012.08.01 17:54:02.241,0.78805,0.78816,1.50,2.25
2012.08.01 17:54:04.134,0.78805,0.78816,1.50,1.73
2012.08.01 17:54:05.859,0.78805,0.78818,1.50,2.48
2012.08.01 17:54:05.924,0.78805,0.78818,1.50,3.23
2012.08.01 17:54:06.518,0.78805,0.78816,1.50,2.48
2012.08.01 17:54:07.961,0.78805,0.78818,1.50,2.48
2012.08.01 17:54:08.083,0.78805,0.78818,1.50,2.25
2012.08.01 17:54:09.658,0.78805,0.78818,1.50,2.25
2012.08.01 17:54:10.291,0.78805,0.78816,1.50,2.48
2012.08.01 17:54:11.612,0.78806,0.78817,1.50,1.73
2012.08.01 17:54:11.676,0.78806,0.78817,1.50,1.50
2012.08.01 17:54:13.358,0.78806,0.78817,1.50,2.25
2012.08.01 17:54:14.821,0.78805,0.78816,1.50,2.48
2012.08.01 17:54:15.345,0.78806,0.78817,1.50,2.25
2012.08.01 17:54:16.760,0.78804,0.78817,1.50,2.25
2012.08.01 17:54:17.430,0.78804,0.78817,1.50,2.48
2012.08.01 17:54:18.319,0.78806,0.78817,1.50,2.48
2012.08.01 17:54:20.856,0.78804,0.78817,1.50,2.48
2012.08.01 17:54:20.976,0.78806,0.78817,1.50,2.48
2012.08.01 17:54:21.760,0.78806,0.78817,1.50,2.48
2012.08.01 17:54:23.102,0.78806,0.78817,1.50,2.48
2012.08.01 17:54:23.336,0.78804,0.78817,3.75,2.25
2012.08.01 17:54:23.864,0.78805,0.78818,1.50,2.48
2012.08.01 17:54:25.441,0.78805,0.78816,1.50,2.48
2012.08.01 17:54:31.395,0.78806,0.78817,1.50,2.48
2012.08.01 17:54:31.898,0.78806,0.78817,1.50,2.48
2012.08.01 17:54:33.021,0.78805,0.78816,1.50,2.25
2012.08.01 17:54:38.456,0.78805,0.78816,1.50,2.48
2012.08.01 17:54:38.989,0.78806,0.78817,1.50,2.48
2012.08.01 17:54:39.542,0.78806,0.78817,1.50,2.25
2012.08.01 17:54:40.808,0.78804,0.78817,3.00,2.25
2012.08.01 17:54:41.332,0.78804,0.78817,1.50,2.48
2012.08.01 17:54:42.503,0.78805,0.78818,1.50,2.48
2012.08.01 17:54:43.652,0.78804,0.78817,1.50,2.48
2012.08.01 17:54:44.556,0.78805,0.78818,1.50,3.98
2012.08.01 17:54:45.384,0.78804,0.78817,3.00,2.48
2012.08.01 17:54:47.246,0.78806,0.78817,1.50,2.48
2012.08.01 17:54:47.494,0.78804,0.78817,1.50,2.48
2012.08.01 17:54:52.458,0.78805,0.78818,1.50,2.48
2012.08.01 17:54:52.990,0.78805,0.78818,1.50,2.48
2012.08.01 17:54:54.384,0.78805,0.78816,1.50,2.48
2012.08.01 17:54:54.907,0.78805,0.78818,1.50,2.48
2012.08.01 17:55:00.240,0.78807,0.78818,1.50,2.63
2012.08.01 17:55:00.768,0.78808,0.78819,1.50,2.25
2012.08.01 17:55:01.427,0.78808,0.78818,1.50,1.73
2012.08.01 17:55:01.491,0.78806,0.78818,1.50,1.73
2012.08.01 17:55:02.018,0.78806,0.78818,1.50,1.73
2012.08.01 17:55:04.844,0.78806,0.78816,1.50,1.73
2012.08.01 17:55:04.968,0.78804,0.78815,2.25,1.35
2012.08.01 17:55:05.384,0.78802,0.78813,2.25,2.25
2012.08.01 17:55:06.114,0.78802,0.78815,2.25,2.48
2012.08.01 17:55:06.615,0.78802,0.78815,2.25,2.48
2012.08.01 17:55:07.456,0.78802,0.78815,2.25,1.50
2012.08.01 17:55:07.697,0.78804,0.78817,1.50,3.23
2012.08.01 17:55:08.227,0.78804,0.78817,1.50,3.23
2012.08.01 17:55:11.691,0.78806,0.78817,1.50,2.48
2012.08.01 17:55:13.033,0.78806,0.78817,1.50,2.25
2012.08.01 17:55:14.264,0.78806,0.78817,1.50,1.73
2012.08.01 17:55:15.321,0.78804,0.78817,2.25,2.10
2012.08.01 17:55:19.804,0.78805,0.78818,1.50,3.23
2012.08.01 17:55:20.099,0.78805,0.78818,2.25,2.48
2012.08.01 17:55:21.941,0.78805,0.78818,2.25,2.48
2012.08.01 17:55:33.499,0.78805,0.78818,2.25,2.25
2012.08.01 17:55:34.077,0.78805,0.78818,3.00,2.25
2012.08.01 17:55:35.496,0.78807,0.78819,2.25,2.25
2012.08.01 17:55:35.973,0.7881,0.78821,1.50,2.48
2012.08.01 17:55:36.518,0.7881,0.78821,1.50,2.48
2012.08.01 17:55:37.714,0.78808,0.78819,1.50,1.50
2012.08.01 17:55:39.980,0.78806,0.78819,4.73,1.50
2012.08.01 17:55:40.509,0.78808,0.78819,1.50,1.50
2012.08.01 17:55:41.948,0.78807,0.78819,1.73,1.50
2012.08.01 17:55:42.459,0.78808,0.78819,1.50,1.50
2012.08.01 17:55:43.957,0.78806,0.78819,3.23,1.50
2012.08.01 17:55:45.323,0.78807,0.7882,2.25,3.98
2012.08.01 17:55:46.168,0.78807,0.78818,2.25,1.50
2012.08.01 17:55:47.155,0.78807,0.7882,2.25,2.25
2012.08.01 17:55:47.334,0.78807,0.78818,2.48,1.50
2012.08.01 17:55:47.859,0.78807,0.78818,2.48,1.50
2012.08.01 17:55:48.363,0.78808,0.78819,1.50,1.50
2012.08.01 17:55:49.948,0.78808,0.78819,1.73,1.50
2012.08.01 17:55:50.473,0.78808,0.78819,1.50,1.73
2012.08.01 17:55:54.005,0.78806,0.78819,3.23,2.25
2012.08.01 17:55:54.580,0.78808,0.78819,1.50,2.25
2012.08.01 17:55:55.978,0.78807,0.78818,2.25,1.50
2012.08.01 17:55:57.975,0.78807,0.7882,2.25,2.48
2012.08.01 17:56:06.071,0.78806,0.78818,2.25,1.73
2012.08.01 17:56:06.253,0.78804,0.78817,1.50,2.48
2012.08.01 17:56:06.800,0.78802,0.78815,1.50,1.73
2012.08.01 17:56:07.846,0.78801,0.78814,2.25,1.50
2012.08.01 17:56:08.201,0.78803,0.78814,1.50,1.50
2012.08.01 17:56:09.942,0.78805,0.78816,1.50,1.73
2012.08.01 17:56:10.472,0.78806,0.78817,1.50,1.88
2012.08.01 17:56:11.025,0.78806,0.78817,1.50,1.50
2012.08.01 17:56:13.141,0.78808,0.78819,1.50,3.23
2012.08.01 17:56:13.984,0.78807,0.78818,1.50,1.73
2012.08.01 17:56:17.168,0.78808,0.78819,1.50,1.73
2012.08.01 17:56:17.414,0.78809,0.78821,2.25,1.35
2012.08.01 17:56:17.770,0.78809,0.78822,3.75,2.48
2012.08.01 17:56:18.932,0.7881,0.78821,2.25,1.50
2012.08.01 17:56:19.479,0.7881,0.78821,1.50,1.73
2012.08.01 17:56:24.760,0.78807,0.7882,3.00,1.73
2012.08.01 17:56:25.270,0.78807,0.7882,3.00,1.73
2012.08.01 17:56:29.735,0.78807,0.7882,3.00,1.73
2012.08.01 17:56:29.973,0.78807,0.78818,3.00,1.73
2012.08.01 17:56:30.554,0.78805,0.78816,2.25,1.73
2012.08.01 17:56:30.857,0.78805,0.78818,1.50,2.48
2012.08.01 17:56:31.422,0.78805,0.78818,1.50,2.48
2012.08.01 17:56:33.963,0.78805,0.78818,2.25,1.50
2012.08.01 17:56:35.716,0.78805,0.78818,1.50,1.50
2012.08.01 17:56:36.528,0.78805,0.78818,3.00,1.50
2012.08.01 17:56:37.956,0.78805,0.78818,3.00,3.00
2012.08.01 17:56:38.198,0.78805,0.78816,3.00,4.13
2012.08.01 17:56:38.500,0.78803,0.78814,2.25,2.48
2012.08.01 17:56:39.132,0.78803,0.78814,1.50,2.25
2012.08.01 17:56:39.662,0.78803,0.78814,1.50,3.23
2012.08.01 17:56:41.294,0.78803,0.78814,1.50,2.48
2012.08.01 17:56:43.614,0.78805,0.78816,1.50,4.73
2012.08.01 17:56:44.160,0.78805,0.78816,1.50,3.23
2012.08.01 17:56:45.439,0.78805,0.78816,2.25,1.73
2012.08.01 17:56:47.211,0.78804,0.78816,1.50,1.73
2012.08.01 17:56:47.447,0.78804,0.78816,2.25,1.73
2012.08.01 17:56:48.173,0.78805,0.78817,1.50,1.73
2012.08.01 17:56:48.711,0.78805,0.78816,1.50,1.50
2012.08.01 17:56:49.393,0.78805,0.78816,1.50,1.73
2012.08.01 17:56:49.630,0.78805,0.78816,1.50,1.50
2012.08.01 17:56:51.412,0.78805,0.78816,1.50,1.73
2012.08.01 17:56:51.730,0.78805,0.78816,1.50,2.25
2012.08.01 17:56:53.142,0.78805,0.78816,1.50,3.00
2012.08.01 17:56:53.692,0.78805,0.78816,1.50,3.23
2012.08.01 17:56:55.678,0.78805,0.78816,1.50,3.23
2012.08.01 17:56:57.697,0.78805,0.78816,1.50,3.23
2012.08.01 17:56:57.876,0.78803,0.78814,1.50,1.73
2012.08.01 17:57:01.516,0.78803,0.78814,2.25,1.73
2012.08.01 17:57:01.869,0.78805,0.78816,1.50,2.48
2012.08.01 17:57:02.179,0.78805,0.78818,2.25,3.23
2012.08.01 17:57:02.653,0.78807,0.78818,2.25,1.73
2012.08.01 17:57:02.775,0.78807,0.78818,1.50,1.73
2012.08.01 17:57:03.341,0.78807,0.78818,3.00,1.73
2012.08.01 17:57:03.893,0.78807,0.78818,3.00,3.23
2012.08.01 17:57:05.901,0.78807,0.78818,1.50,2.25
2012.08.01 17:57:08.263,0.78806,0.78819,2.25,2.48
2012.08.01 17:57:09.735,0.78808,0.78819,2.25,2.48
2012.08.01 17:57:11.418,0.78807,0.78818,1.50,2.25
2012.08.01 17:57:13.463,0.78807,0.78818,1.50,2.48
2012.08.01 17:57:20.225,0.78805,0.78816,1.50,1.73
2012.08.01 17:57:22.371,0.78805,0.78816,1.50,2.48
2012.08.01 17:57:22.911,0.78803,0.78814,2.25,2.48
2012.08.01 17:57:28.439,0.78802,0.78813,1.50,1.73
2012.08.01 17:57:28.942,0.78802,0.78814,1.50,2.85
2012.08.01 17:57:29.674,0.78801,0.78814,2.25,2.85
2012.08.01 17:57:30.209,0.78801,0.78814,1.50,2.85
2012.08.01 17:57:36.892,0.78802,0.78814,1.50,2.10
2012.08.01 17:57:44.467,0.78802,0.78813,1.50,1.73
2012.08.01 17:57:45.076,0.78801,0.78813,1.50,1.73
2012.08.01 17:57:46.099,0.78803,0.78813,1.50,1.73
2012.08.01 17:57:46.657,0.78802,0.78813,1.50,3.23
2012.08.01 17:57:51.764,0.78801,0.78813,1.50,2.48
2012.08.01 17:57:52.004,0.78799,0.78811,1.50,1.35
2012.08.01 17:57:52.525,0.78799,0.78812,3.00,2.25
2012.08.01 17:57:52.705,0.788,0.78813,1.50,4.35
2012.08.01 17:57:59.544,0.788,0.78813,1.50,3.60
2012.08.01 17:58:00.069,0.788,0.78811,1.50,1.73
2012.08.01 17:58:04.322,0.78801,0.78812,1.50,2.48
2012.08.01 17:58:07.712,0.78799,0.78812,3.00,2.48
2012.08.01 17:58:12.449,0.78801,0.78812,1.50,2.48
2012.08.01 17:58:12.983,0.788,0.78811,1.50,2.48
2012.08.01 17:58:13.515,0.78801,0.78812,1.50,1.73
2012.08.01 17:58:13.756,0.78801,0.78812,1.50,1.73
2012.08.01 17:58:13.996,0.78802,0.78814,1.50,2.25
2012.08.01 17:58:14.532,0.78802,0.78815,1.50,2.10
2012.08.01 17:58:15.062,0.78804,0.78816,1.50,3.98
2012.08.01 17:58:15.590,0.78804,0.78816,1.50,2.48
2012.08.01 17:58:19.298,0.78804,0.78817,1.50,5.10
2012.08.01 17:58:19.652,0.78802,0.78815,1.50,3.23
2012.08.01 17:58:21.497,0.78802,0.78815,1.50,2.48
2012.08.01 17:58:22.146,0.78802,0.78815,1.50,1.50
2012.08.01 17:58:24.224,0.78802,0.78815,1.50,2.25
2012.08.01 17:58:24.749,0.78802,0.78815,1.50,2.48
2012.08.01 17:58:31.115,0.78802,0.78815,1.50,3.23
2012.08.01 17:58:32.776,0.78802,0.78815,1.50,2.48
2012.08.01 17:58:33.407,0.78804,0.78817,1.50,4.35
2012.08.01 17:58:33.762,0.78806,0.78817,1.50,2.25
2012.08.01 17:58:40.628,0.78805,0.78816,1.50,1.50
2012.08.01 17:58:41.172,0.78805,0.78818,1.50,3.23
2012.08.01 17:58:49.111,0.78805,0.78818,1.50,3.23
2012.08.01 17:58:49.642,0.78804,0.78816,1.50,1.73
2012.08.01 17:58:54.234,0.78804,0.78817,1.50,2.48
2012.08.01 17:59:05.023,0.78804,0.78817,1.50,3.23
2012.08.01 17:59:05.203,0.78802,0.78815,2.48,1.50
2012.08.01 17:59:11.830,0.78802,0.78815,1.50,3.00
2012.08.01 17:59:12.192,0.78801,0.78814,1.50,2.48
2012.08.01 17:59:13.049,0.78801,0.78814,1.50,2.48
2012.08.01 17:59:13.172,0.78803,0.78814,1.50,2.25
2012.08.01 17:59:14.471,0.78805,0.78815,1.50,1.35
2012.08.01 17:59:14.945,0.78806,0.78817,1.50,1.50
2012.08.01 17:59:15.483,0.78806,0.78816,1.50,2.48
2012.08.01 17:59:16.216,0.78805,0.78816,1.50,3.98
2012.08.01 17:59:16.743,0.78805,0.78816,1.50,3.98
2012.08.01 17:59:17.414,0.78805,0.78816,1.50,3.23
2012.08.01 17:59:18.827,0.78805,0.78816,1.50,3.98
2012.08.01 17:59:19.662,0.78805,0.78816,1.50,3.98
2012.08.01 17:59:21.941,0.78806,0.78817,1.50,2.48
2012.08.01 17:59:22.797,0.78805,0.78816,1.50,1.50
2012.08.01 17:59:23.427,0.78805,0.78816,1.50,2.25
2012.08.01 17:59:23.970,0.78805,0.78816,1.50,2.48
2012.08.01 17:59:24.770,0.78805,0.78816,1.50,1.73
2012.08.01 17:59:27.149,0.78805,0.78816,1.88,1.73
2012.08.01 17:59:27.450,0.78809,0.78818,1.50,2.48
2012.08.01 17:59:27.515,0.78807,0.78818,1.50,2.48
2012.08.01 17:59:28.043,0.78808,0.78819,1.50,3.23
2012.08.01 17:59:29.134,0.78806,0.78819,3.00,3.23
2012.08.01 17:59:29.605,0.78808,0.78819,1.50,3.23
2012.08.01 17:59:31.072,0.78808,0.78819,1.50,3.23
2012.08.01 17:59:31.402,0.78806,0.78819,1.50,3.23
2012.08.01 17:59:31.641,0.78806,0.78819,1.50,3.23
2012.08.01 17:59:31.820,0.78807,0.78819,1.50,1.73
2012.08.01 17:59:33.465,0.78806,0.78819,1.50,3.23
2012.08.01 17:59:33.982,0.78807,0.78819,1.50,1.73
2012.08.01 17:59:35.605,0.78807,0.78818,1.50,2.48
2012.08.01 17:59:36.133,0.78807,0.78819,1.50,1.73
2012.08.01 17:59:37.377,0.78806,0.78819,1.50,3.23
2012.08.01 17:59:37.671,0.78806,0.78819,1.50,3.98
2012.08.01 17:59:38.244,0.78807,0.78819,1.50,2.48
2012.08.01 17:59:39.328,0.78807,0.78819,1.50,2.48
2012.08.01 17:59:39.874,0.78808,0.78819,1.50,3.98
2012.08.01 17:59:40.473,0.78806,0.78819,1.50,3.98
2012.08.01 17:59:41.023,0.78806,0.78819,1.50,3.98
2012.08.01 17:59:41.723,0.78806,0.78819,1.50,3.98
2012.08.01 17:59:46.464,0.78806,0.78819,1.50,3.98
2012.08.01 17:59:47.384,0.78806,0.78817,1.50,1.73
2012.08.01 17:59:47.892,0.78806,0.78817,1.50,1.50
2012.08.01 17:59:48.591,0.78806,0.78816,1.50,1.13
2012.08.01 17:59:49.008,0.78803,0.78814,1.50,1.73
2012.08.01 17:59:50.299,0.78803,0.78814,1.50,2.48
2012.08.01 17:59:50.484,0.78802,0.78811,1.50,1.73
2012.08.01 17:59:50.609,0.78802,0.78812,1.50,2.10
2012.08.01 17:59:50.848,0.78802,0.78812,1.50,2.10
2012.08.01 17:59:51.028,0.78802,0.78812,1.50,1.73
2012.08.01 17:59:51.325,0.788,0.78811,1.50,2.48
2012.08.01 17:59:51.505,0.788,0.78811,1.50,3.98
2012.08.01 17:59:51.908,0.78796,0.78809,1.50,3.23
2012.08.01 17:59:55.266,0.78797,0.78809,1.50,1.73
2012.08.01 17:59:59.422,0.78796,0.78808,1.50,3.23
2012.08.01 17:59:59.771,0.78794,0.78806,1.50,1.35
