2012.08.09 02:00:00.961,0.78944,0.78955,1.50,1.13
2012.08.09 02:00:01.085,0.78942,0.78955,2.63,1.13
2012.08.09 02:00:01.616,0.78941,0.78955,1.13,2.63
2012.08.09 02:00:03.700,0.7894,0.78953,1.50,1.13
2012.08.09 02:00:04.245,0.78939,0.78953,1.13,4.13
2012.08.09 02:00:04.961,0.78938,0.78953,2.25,4.13
2012.08.09 02:00:05.371,0.78938,0.7895,2.25,1.13
2012.08.09 02:00:06.142,0.78938,0.78953,3.38,2.25
2012.08.09 02:00:06.682,0.78939,0.78954,1.50,2.63
2012.08.09 02:00:07.214,0.78939,0.78954,3.38,2.63
2012.08.09 02:00:07.750,0.78939,0.78954,3.38,2.63
2012.08.09 02:00:08.603,0.7894,0.78954,1.50,1.13
2012.08.09 02:00:09.196,0.78939,0.78954,2.25,2.63
2012.08.09 02:00:11.075,0.78939,0.78954,2.25,2.63
2012.08.09 02:00:11.591,0.78941,0.78954,1.50,2.63
2012.08.09 02:00:12.423,0.78939,0.78954,1.50,2.63
2012.08.09 02:00:13.416,0.78939,0.78954,1.98,3.38
2012.08.09 02:00:15.702,0.78941,0.78954,1.61,2.63
2012.08.09 02:00:16.237,0.78941,0.78954,1.98,1.50
2012.08.09 02:00:16.768,0.78941,0.78954,1.98,1.50
2012.08.09 02:00:17.512,0.78941,0.78954,1.98,1.50
2012.08.09 02:00:19.258,0.78943,0.78954,1.98,1.50
2012.08.09 02:00:19.556,0.78943,0.78956,3.48,2.25
2012.08.09 02:00:20.249,0.78943,0.78957,3.48,1.13
2012.08.09 02:00:21.300,0.78943,0.78957,1.98,2.63
2012.08.09 02:00:22.586,0.78944,0.78957,3.75,2.63
2012.08.09 02:00:22.830,0.78947,0.78959,1.88,1.50
2012.08.09 02:00:23.370,0.78947,0.7896,1.13,1.50
2012.08.09 02:00:24.141,0.78947,0.7896,1.50,1.50
2012.08.09 02:00:25.636,0.78948,0.78961,2.25,2.63
2012.08.09 02:00:30.263,0.78948,0.78961,2.25,2.63
2012.08.09 02:00:31.080,0.78948,0.78961,1.50,2.63
2012.08.09 02:00:31.779,0.78947,0.78959,1.13,1.50
2012.08.09 02:00:38.383,0.78946,0.78959,4.13,1.50
2012.08.09 02:00:38.686,0.78947,0.7896,2.25,1.13
2012.08.09 02:00:39.011,0.78947,0.7896,3.00,1.13
2012.08.09 02:00:39.310,0.78947,0.7896,2.25,1.13
2012.08.09 02:00:40.361,0.78946,0.7896,1.50,2.63
2012.08.09 02:00:45.442,0.78948,0.7896,1.50,1.13
2012.08.09 02:00:46.095,0.78948,0.7896,2.25,1.13
2012.08.09 02:00:46.647,0.78948,0.7896,1.50,1.13
2012.08.09 02:00:47.450,0.78948,0.78961,2.25,1.50
2012.08.09 02:00:47.985,0.78947,0.78959,1.88,1.50
2012.08.09 02:00:48.979,0.78946,0.78959,1.50,2.63
2012.08.09 02:00:49.336,0.78948,0.78959,1.50,1.13
2012.08.09 02:00:49.404,0.78948,0.78961,1.50,1.50
2012.08.09 02:00:50.113,0.78946,0.7896,1.88,1.50
2012.08.09 02:00:50.233,0.78946,0.7896,1.88,1.50
2012.08.09 02:00:50.356,0.78947,0.7896,1.13,1.50
2012.08.09 02:00:50.891,0.78947,0.7896,1.13,1.50
2012.08.09 02:00:53.502,0.78946,0.7896,1.88,1.50
2012.08.09 02:00:54.038,0.78948,0.78961,2.25,1.50
2012.08.09 02:00:54.747,0.78946,0.7896,3.00,1.50
2012.08.09 02:00:55.439,0.78946,0.7896,3.38,1.50
2012.08.09 02:01:00.556,0.78946,0.78958,1.13,1.50
2012.08.09 02:01:01.027,0.78943,0.78957,1.98,1.88
2012.08.09 02:01:01.622,0.78942,0.78957,1.61,3.60
2012.08.09 02:01:02.215,0.78942,0.78957,1.61,3.60
2012.08.09 02:01:02.819,0.78942,0.78957,1.61,3.60
2012.08.09 02:01:03.340,0.78943,0.78957,2.36,2.10
2012.08.09 02:01:03.861,0.78944,0.78958,1.20,2.25
2012.08.09 02:01:04.165,0.78945,0.7896,1.50,5.63
2012.08.09 02:01:04.757,0.78945,0.78957,1.50,1.13
2012.08.09 02:01:05.058,0.78946,0.7896,1.13,2.63
2012.08.09 02:01:09.680,0.78945,0.78959,1.50,1.13
2012.08.09 02:01:10.209,0.78945,0.78958,1.50,1.50
2012.08.09 02:01:10.742,0.78945,0.78959,1.13,1.50
2012.08.09 02:01:10.985,0.78946,0.78959,2.25,1.50
2012.08.09 02:01:11.228,0.78948,0.78961,2.25,2.63
2012.08.09 02:01:15.012,0.78945,0.7896,5.25,1.50
2012.08.09 02:01:15.077,0.78945,0.78958,4.50,1.50
2012.08.09 02:01:15.604,0.78946,0.78959,1.50,1.50
2012.08.09 02:01:16.262,0.78945,0.78959,1.13,1.50
2012.08.09 02:01:17.554,0.78946,0.78959,1.50,1.50
2012.08.09 02:01:21.171,0.78945,0.78959,1.13,1.50
2012.08.09 02:01:22.031,0.78945,0.7896,2.63,2.25
2012.08.09 02:01:23.616,0.78945,0.78958,2.63,1.50
2012.08.09 02:01:26.745,0.78946,0.78959,1.50,1.50
2012.08.09 02:01:27.374,0.78945,0.78959,1.13,1.50
2012.08.09 02:01:27.899,0.78946,0.78959,1.50,1.50
2012.08.09 02:01:33.263,0.78945,0.78958,1.50,1.50
2012.08.09 02:01:34.612,0.78946,0.78959,1.50,1.50
2012.08.09 02:01:35.388,0.78944,0.78959,4.23,1.50
2012.08.09 02:01:35.914,0.78944,0.78959,3.11,1.50
2012.08.09 02:01:36.093,0.78944,0.78957,1.53,1.13
2012.08.09 02:01:36.451,0.78943,0.78955,1.23,1.50
2012.08.09 02:01:38.838,0.78942,0.78955,2.36,1.50
2012.08.09 02:01:39.198,0.78942,0.78955,2.36,1.50
2012.08.09 02:01:39.777,0.78942,0.78955,2.36,1.50
2012.08.09 02:01:40.193,0.78946,0.78959,1.50,3.98
2012.08.09 02:01:40.926,0.78946,0.78959,2.25,1.50
2012.08.09 02:01:41.466,0.78945,0.78958,1.50,1.50
2012.08.09 02:01:41.767,0.78943,0.78956,1.98,1.50
2012.08.09 02:01:42.312,0.78944,0.78957,1.61,2.63
2012.08.09 02:01:42.847,0.78944,0.78957,2.28,2.63
2012.08.09 02:01:43.206,0.78947,0.78957,1.88,1.50
2012.08.09 02:01:43.331,0.78947,0.78959,1.88,1.50
2012.08.09 02:01:43.514,0.78947,0.78961,3.38,1.50
2012.08.09 02:01:43.932,0.78947,0.78962,4.13,1.50
2012.08.09 02:01:44.475,0.78947,0.78962,4.13,1.50
2012.08.09 02:01:44.893,0.7895,0.78962,1.13,1.50
2012.08.09 02:01:45.197,0.7895,0.78965,2.63,2.63
2012.08.09 02:01:45.554,0.7895,0.78965,3.38,2.63
2012.08.09 02:01:46.087,0.78949,0.78963,1.88,1.13
2012.08.09 02:01:46.919,0.78949,0.78963,2.63,1.13
2012.08.09 02:01:49.814,0.78949,0.78963,2.25,1.13
2012.08.09 02:01:50.287,0.78951,0.78964,2.25,1.50
2012.08.09 02:01:50.704,0.78955,0.78964,1.13,1.50
2012.08.09 02:01:50.768,0.78955,0.78966,1.13,1.50
2012.08.09 02:01:50.833,0.78955,0.78969,2.63,2.78
2012.08.09 02:01:54.443,0.78955,0.78969,3.38,1.13
2012.08.09 02:01:54.971,0.78955,0.78969,1.13,2.63
2012.08.09 02:02:07.748,0.78955,0.78968,2.63,1.50
2012.08.09 02:02:08.229,0.78953,0.78965,1.88,1.50
2012.08.09 02:02:08.649,0.78951,0.78966,4.50,2.63
2012.08.09 02:02:12.187,0.78953,0.78966,1.13,2.48
2012.08.09 02:02:12.605,0.78953,0.78964,1.50,1.13
2012.08.09 02:02:16.364,0.78953,0.78967,1.50,1.13
2012.08.09 02:02:17.344,0.78953,0.78967,1.50,1.35
2012.08.09 02:02:18.206,0.78955,0.78968,1.50,1.50
2012.08.09 02:02:18.756,0.78954,0.78969,2.63,1.65
2012.08.09 02:02:19.302,0.78954,0.78969,2.63,1.65
2012.08.09 02:02:20.008,0.78955,0.7897,1.50,3.15
2012.08.09 02:02:20.519,0.78954,0.78969,4.13,1.65
2012.08.09 02:02:21.939,0.78954,0.78969,2.63,1.50
2012.08.09 02:02:22.468,0.78954,0.78969,2.63,1.88
2012.08.09 02:02:23.540,0.78954,0.78969,2.63,1.50
2012.08.09 02:02:24.135,0.78955,0.7897,1.50,3.75
2012.08.09 02:02:29.379,0.78955,0.7897,3.00,2.63
2012.08.09 02:02:31.077,0.78957,0.78968,2.25,1.13
2012.08.09 02:02:35.204,0.78957,0.7897,1.50,2.63
2012.08.09 02:02:37.228,0.78958,0.7897,1.50,1.13
2012.08.09 02:02:40.204,0.78956,0.7897,3.00,1.13
2012.08.09 02:02:40.733,0.78957,0.7897,1.50,2.63
2012.08.09 02:02:41.264,0.78958,0.7897,1.50,1.13
2012.08.09 02:02:41.855,0.78957,0.7897,1.50,2.63
2012.08.09 02:02:42.394,0.78958,0.7897,1.50,1.13
2012.08.09 02:02:42.926,0.78959,0.78971,1.13,1.50
2012.08.09 02:02:43.458,0.78958,0.78971,2.63,1.50
2012.08.09 02:02:44.052,0.78958,0.78971,2.25,1.50
2012.08.09 02:02:44.599,0.78958,0.78971,3.00,1.50
2012.08.09 02:02:47.559,0.78958,0.78971,4.82,1.50
2012.08.09 02:02:48.094,0.78958,0.78971,4.13,1.50
2012.08.09 02:02:50.187,0.78958,0.78971,3.38,1.50
2012.08.09 02:02:51.047,0.78958,0.78971,3.00,1.50
2012.08.09 02:02:51.632,0.78959,0.78971,1.13,1.50
2012.08.09 02:02:53.030,0.78958,0.78971,3.38,1.50
2012.08.09 02:02:53.923,0.78957,0.78971,1.88,1.50
2012.08.09 02:02:56.470,0.78957,0.78969,1.88,1.50
2012.08.09 02:02:57.002,0.78957,0.7897,3.38,1.50
2012.08.09 02:02:57.066,0.78957,0.78972,3.38,1.50
2012.08.09 02:02:57.861,0.78957,0.78971,1.88,1.50
2012.08.09 02:03:00.861,0.78957,0.78972,3.38,1.50
2012.08.09 02:03:01.389,0.78957,0.78972,4.13,1.50
2012.08.09 02:03:01.908,0.78958,0.78971,2.25,1.50
2012.08.09 02:03:02.587,0.78958,0.78971,2.25,1.50
2012.08.09 02:03:03.115,0.78958,0.78971,2.25,1.50
2012.08.09 02:03:03.651,0.78958,0.78971,2.25,1.50
2012.08.09 02:03:04.128,0.78958,0.78971,2.25,1.50
2012.08.09 02:03:04.894,0.78959,0.78971,1.50,1.50
2012.08.09 02:03:05.544,0.78957,0.78971,3.75,1.50
2012.08.09 02:03:06.083,0.78958,0.78971,1.50,1.50
2012.08.09 02:03:06.699,0.78958,0.78971,2.25,1.50
2012.08.09 02:03:09.182,0.78957,0.78971,3.00,1.50
2012.08.09 02:03:09.706,0.78957,0.78971,1.88,1.50
2012.08.09 02:03:10.233,0.78957,0.7897,2.63,1.50
2012.08.09 02:03:10.587,0.78957,0.78972,2.63,1.50
2012.08.09 02:03:11.115,0.78957,0.78972,4.88,1.50
2012.08.09 02:03:11.643,0.78957,0.78972,6.00,1.50
2012.08.09 02:03:13.133,0.78957,0.78972,4.88,1.50
2012.08.09 02:03:13.599,0.78957,0.7897,3.75,1.50
2012.08.09 02:03:14.174,0.78958,0.78971,1.50,1.50
2012.08.09 02:03:15.610,0.78957,0.78971,1.13,1.50
2012.08.09 02:03:16.312,0.78957,0.78972,2.63,1.50
2012.08.09 02:03:16.906,0.78957,0.78971,1.13,1.50
2012.08.09 02:03:18.308,0.78958,0.78971,1.50,1.50
2012.08.09 02:03:18.831,0.78957,0.7897,3.38,1.50
2012.08.09 02:03:19.367,0.78957,0.7897,3.75,1.50
2012.08.09 02:03:20.492,0.78958,0.78971,2.25,1.50
2012.08.09 02:03:21.021,0.78957,0.7897,3.38,2.25
2012.08.09 02:03:27.887,0.78957,0.7897,1.13,2.25
2012.08.09 02:03:28.644,0.7896,0.7897,1.13,2.25
2012.08.09 02:03:29.553,0.7896,0.7897,1.13,2.25
2012.08.09 02:03:30.437,0.7896,0.7897,1.13,2.25
2012.08.09 02:03:31.874,0.78961,0.7897,1.13,2.25
2012.08.09 02:03:32.418,0.78961,0.78969,1.13,1.50
2012.08.09 02:03:33.741,0.78961,0.7897,1.13,2.25
2012.08.09 02:03:34.272,0.78961,0.7897,1.13,2.25
2012.08.09 02:03:38.040,0.78961,0.7897,1.13,2.25
2012.08.09 02:03:47.262,0.78957,0.78971,1.50,2.25
2012.08.09 02:03:47.385,0.7896,0.78971,1.13,2.25
2012.08.09 02:03:49.363,0.7896,0.78969,1.13,1.50
2012.08.09 02:03:50.351,0.7896,0.78971,1.13,2.25
2012.08.09 02:03:53.134,0.78957,0.7897,1.88,2.25
2012.08.09 02:03:53.256,0.7896,0.7897,1.13,2.25
2012.08.09 02:03:53.794,0.78957,0.78971,1.50,2.25
2012.08.09 02:03:54.330,0.78957,0.78971,1.88,2.25
2012.08.09 02:03:54.867,0.78957,0.78972,4.50,3.38
2012.08.09 02:03:55.400,0.78957,0.78971,2.25,1.50
2012.08.09 02:03:55.872,0.78957,0.78971,1.50,1.50
2012.08.09 02:03:56.345,0.78957,0.78969,1.50,1.50
2012.08.09 02:03:58.655,0.78956,0.78971,3.38,2.25
2012.08.09 02:04:08.242,0.78956,0.78969,4.13,1.50
2012.08.09 02:04:08.774,0.78956,0.78967,1.13,1.50
2012.08.09 02:04:09.313,0.78954,0.78968,1.13,1.50
2012.08.09 02:04:09.851,0.78953,0.78968,3.00,1.50
2012.08.09 02:04:10.543,0.78954,0.78967,1.88,1.50
2012.08.09 02:04:12.381,0.78955,0.78967,1.13,1.50
2012.08.09 02:04:13.149,0.78955,0.78968,3.00,1.50
2012.08.09 02:04:13.336,0.78956,0.7897,5.25,1.13
2012.08.09 02:04:13.868,0.78956,0.7897,5.25,1.13
2012.08.09 02:04:14.402,0.78961,0.7897,1.13,1.50
2012.08.09 02:04:14.526,0.78956,0.7897,2.63,1.50
2012.08.09 02:04:15.056,0.78956,0.7897,2.63,1.50
2012.08.09 02:04:15.121,0.78957,0.7897,2.25,1.50
2012.08.09 02:04:16.315,0.78956,0.78969,5.63,1.50
2012.08.09 02:04:16.833,0.78957,0.7897,2.25,1.50
2012.08.09 02:04:17.811,0.78958,0.78971,4.50,1.50
2012.08.09 02:04:18.470,0.78958,0.78971,3.38,2.63
2012.08.09 02:04:18.773,0.78957,0.78969,3.38,1.50
2012.08.09 02:04:18.836,0.78957,0.78969,1.88,1.50
2012.08.09 02:04:35.996,0.78955,0.78968,1.13,2.25
2012.08.09 02:04:36.881,0.78955,0.78968,1.13,2.25
2012.08.09 02:04:37.417,0.78955,0.78969,1.13,2.25
2012.08.09 02:04:55.217,0.78953,0.78965,3.70,1.13
2012.08.09 02:04:55.339,0.78955,0.78968,1.13,2.25
2012.08.09 02:04:55.696,0.78953,0.78965,1.13,1.50
2012.08.09 02:04:56.234,0.78956,0.78966,1.13,2.25
2012.08.09 02:04:56.664,0.78953,0.78966,4.13,1.50
2012.08.09 02:04:57.140,0.78951,0.78966,2.85,2.63
2012.08.09 02:04:57.205,0.78951,0.78966,3.60,3.38
2012.08.09 02:04:57.747,0.78952,0.78966,1.13,1.50
2012.08.09 02:04:58.226,0.78954,0.78965,1.13,1.50
2012.08.09 02:04:58.763,0.78954,0.78967,1.13,2.25
2012.08.09 02:05:04.134,0.78954,0.78967,1.13,1.50
2012.08.09 02:05:05.855,0.78954,0.78965,1.13,1.50
2012.08.09 02:05:06.398,0.78954,0.78966,1.13,1.50
2012.08.09 02:05:13.073,0.78955,0.78966,1.13,1.50
2012.08.09 02:05:18.694,0.78955,0.78967,1.13,2.25
2012.08.09 02:05:35.516,0.78955,0.78968,2.63,1.50
2012.08.09 02:05:36.112,0.78955,0.78968,4.13,1.50
2012.08.09 02:05:49.671,0.78956,0.78968,1.88,1.50
2012.08.09 02:05:50.915,0.78956,0.78967,1.13,1.50
2012.08.09 02:05:51.219,0.78953,0.78968,3.75,2.25
2012.08.09 02:05:51.760,0.78953,0.78968,5.25,2.25
2012.08.09 02:05:52.305,0.78954,0.78967,2.63,1.50
2012.08.09 02:05:53.576,0.78954,0.78967,2.25,1.50
2012.08.09 02:05:54.167,0.78955,0.78968,1.50,2.25
2012.08.09 02:05:55.424,0.78955,0.78968,4.13,2.25
2012.08.09 02:05:55.665,0.78957,0.78971,2.25,1.50
2012.08.09 02:05:56.640,0.78956,0.78971,3.00,3.23
2012.08.09 02:05:58.875,0.78956,0.78971,1.88,3.23
2012.08.09 02:05:59.402,0.78956,0.7897,1.50,1.73
2012.08.09 02:06:00.000,0.78955,0.78968,2.63,2.25
2012.08.09 02:06:13.147,0.78955,0.78968,1.50,2.25
2012.08.09 02:06:13.620,0.78953,0.78967,1.13,2.25
2012.08.09 02:06:16.342,0.78953,0.78968,4.50,2.25
2012.08.09 02:06:16.916,0.78953,0.78968,4.50,2.25
2012.08.09 02:06:17.333,0.78952,0.78965,2.25,1.50
2012.08.09 02:06:17.870,0.78953,0.78966,1.50,2.63
2012.08.09 02:06:18.713,0.78951,0.78966,3.00,2.63
2012.08.09 02:06:19.244,0.78951,0.78966,3.75,2.63
2012.08.09 02:06:19.925,0.78951,0.78966,3.00,2.63
2012.08.09 02:06:21.646,0.78951,0.78966,2.63,3.38
2012.08.09 02:06:24.199,0.78951,0.78966,1.50,4.13
2012.08.09 02:06:24.325,0.78952,0.78966,1.50,1.88
2012.08.09 02:06:24.389,0.78952,0.78962,1.50,1.13
2012.08.09 02:06:24.924,0.78951,0.78965,1.50,1.35
2012.08.09 02:06:25.471,0.78953,0.78965,1.50,1.13
2012.08.09 02:06:26.947,0.78952,0.78965,1.50,2.63
2012.08.09 02:06:27.574,0.78952,0.78965,1.50,3.38
2012.08.09 02:06:32.989,0.78953,0.78965,1.50,1.13
2012.08.09 02:06:37.106,0.78953,0.78966,1.50,2.25
2012.08.09 02:06:37.791,0.78954,0.78967,1.50,1.50
2012.08.09 02:06:37.859,0.78952,0.78967,4.88,1.50
2012.08.09 02:06:37.981,0.78952,0.78965,4.13,1.50
2012.08.09 02:06:38.748,0.78952,0.78967,2.63,1.50
2012.08.09 02:06:41.573,0.78952,0.78967,2.63,2.25
2012.08.09 02:06:42.103,0.78952,0.78967,4.13,2.25
2012.08.09 02:06:42.282,0.78954,0.78967,1.50,2.25
2012.08.09 02:06:42.795,0.78953,0.78966,1.50,1.50
2012.08.09 02:06:45.753,0.78952,0.78967,3.38,2.25
2012.08.09 02:06:46.107,0.78954,0.78967,1.50,2.25
2012.08.09 02:06:46.634,0.78952,0.78967,4.88,2.25
2012.08.09 02:06:48.700,0.78952,0.78967,4.88,2.25
2012.08.09 02:06:49.293,0.78952,0.78967,4.88,2.25
2012.08.09 02:06:49.682,0.78957,0.78967,1.13,2.25
2012.08.09 02:06:50.374,0.78957,0.78968,1.13,1.50
2012.08.09 02:06:50.448,0.78955,0.78969,1.50,1.88
2012.08.09 02:06:50.982,0.78956,0.78969,1.50,3.38
2012.08.09 02:06:52.106,0.78955,0.78968,1.50,1.50
2012.08.09 02:06:52.647,0.78955,0.78969,1.50,1.88
2012.08.09 02:06:54.436,0.78955,0.78968,1.50,1.50
2012.08.09 02:06:59.678,0.78956,0.78969,1.50,3.38
2012.08.09 02:07:00.332,0.78954,0.78969,2.63,3.38
2012.08.09 02:07:00.396,0.78954,0.78969,2.63,3.38
2012.08.09 02:07:01.020,0.78956,0.78969,1.50,3.38
2012.08.09 02:07:01.142,0.78954,0.78969,2.63,3.38
2012.08.09 02:07:03.921,0.78954,0.78969,2.63,3.38
2012.08.09 02:07:06.597,0.78955,0.78969,1.13,2.25
2012.08.09 02:07:21.713,0.78956,0.78969,1.13,2.25
2012.08.09 02:07:31.913,0.78954,0.78969,3.38,4.88
2012.08.09 02:07:32.094,0.78954,0.78968,1.13,2.25
2012.08.09 02:07:33.491,0.78955,0.78969,1.13,2.25
2012.08.09 02:07:34.217,0.78955,0.78969,1.13,2.25
2012.08.09 02:07:41.386,0.78958,0.78971,1.50,4.13
2012.08.09 02:07:41.450,0.78958,0.78971,1.50,4.13
2012.08.09 02:07:41.978,0.78957,0.7897,1.50,2.25
2012.08.09 02:07:42.577,0.78958,0.78971,1.50,3.38
2012.08.09 02:07:42.971,0.78956,0.78971,1.50,3.38
2012.08.09 02:07:54.279,0.78956,0.78971,1.50,3.38
2012.08.09 02:07:59.952,0.78955,0.78968,2.63,1.50
2012.08.09 02:08:00.532,0.78955,0.78969,1.13,1.50
2012.08.09 02:08:00.836,0.78955,0.78967,1.13,1.50
2012.08.09 02:08:01.494,0.78955,0.78968,2.63,1.50
2012.08.09 02:08:02.006,0.78955,0.78969,1.13,1.50
2012.08.09 02:08:02.552,0.78955,0.78968,2.63,1.50
2012.08.09 02:08:18.741,0.78954,0.78968,1.88,1.50
2012.08.09 02:08:21.293,0.78954,0.78969,3.38,1.50
2012.08.09 02:08:33.059,0.78954,0.78969,5.25,1.50
2012.08.09 02:08:33.181,0.78954,0.78969,3.75,1.50
2012.08.09 02:08:33.717,0.78954,0.78968,3.38,1.50
2012.08.09 02:08:34.258,0.78955,0.78968,1.50,1.50
2012.08.09 02:08:34.817,0.78954,0.78967,3.38,1.50
2012.08.09 02:08:34.946,0.78954,0.78969,3.38,3.00
2012.08.09 02:08:42.552,0.78954,0.78968,1.88,1.50
2012.08.09 02:08:46.491,0.78954,0.78969,3.38,2.25
2012.08.09 02:08:49.033,0.78955,0.78969,1.13,2.25
2012.08.09 02:09:07.007,0.78954,0.78969,3.38,1.50
2012.08.09 02:09:07.071,0.78954,0.78967,3.38,1.50
2012.08.09 02:09:07.311,0.78954,0.78969,3.38,2.25
2012.08.09 02:09:09.862,0.78954,0.78967,3.38,1.50
2012.08.09 02:09:18.733,0.78954,0.78969,2.25,2.25
2012.08.09 02:09:20.449,0.78955,0.78969,1.13,2.25
2012.08.09 02:09:20.919,0.78955,0.78967,1.13,1.50
2012.08.09 02:09:22.871,0.78955,0.78968,1.13,2.25
2012.08.09 02:09:23.912,0.78955,0.78969,1.13,2.25
2012.08.09 02:09:25.579,0.78954,0.78969,3.38,2.25
2012.08.09 02:09:35.008,0.78954,0.78969,4.13,2.25
2012.08.09 02:09:35.533,0.78956,0.7897,1.50,1.88
2012.08.09 02:09:42.731,0.78956,0.78971,2.25,2.25
2012.08.09 02:09:44.036,0.78956,0.78971,3.75,2.25
2012.08.09 02:09:44.756,0.78957,0.78971,3.32,1.50
2012.08.09 02:09:45.287,0.78958,0.78972,1.13,1.50
2012.08.09 02:09:47.070,0.78957,0.78972,7.50,1.50
2012.08.09 02:09:47.135,0.78957,0.78972,7.50,1.50
2012.08.09 02:09:47.742,0.78957,0.78972,8.63,1.50
2012.08.09 02:09:49.289,0.78958,0.78972,1.13,1.50
2012.08.09 02:09:49.709,0.78962,0.78975,1.50,2.25
2012.08.09 02:09:50.290,0.78961,0.78976,2.25,2.25
2012.08.09 02:09:50.817,0.78961,0.78976,2.25,2.25
2012.08.09 02:09:51.176,0.78961,0.78974,1.50,1.50
2012.08.09 02:09:53.576,0.78959,0.78973,1.22,1.50
2012.08.09 02:09:55.877,0.78959,0.78973,1.22,2.25
2012.08.09 02:09:56.415,0.78959,0.78973,1.22,2.25
2012.08.09 02:09:56.945,0.78959,0.78971,1.22,1.50
2012.08.09 02:09:58.938,0.78959,0.78971,1.22,1.50
2012.08.09 02:10:01.316,0.78957,0.78972,3.47,3.75
2012.08.09 02:10:01.854,0.78957,0.78972,3.47,2.25
2012.08.09 02:10:02.409,0.78957,0.78972,3.47,2.25
2012.08.09 02:10:03.114,0.78958,0.78972,2.72,1.50
2012.08.09 02:10:03.649,0.78958,0.78973,3.47,2.25
2012.08.09 02:10:05.129,0.7896,0.78973,1.50,1.73
2012.08.09 02:10:05.664,0.78958,0.78973,3.47,1.73
2012.08.09 02:10:07.306,0.78958,0.78973,3.47,2.25
2012.08.09 02:10:08.097,0.78958,0.78973,3.47,2.25
2012.08.09 02:10:08.624,0.78958,0.78973,3.47,1.50
2012.08.09 02:10:09.201,0.78958,0.78973,3.47,1.50
2012.08.09 02:10:09.850,0.78958,0.78973,3.47,1.50
2012.08.09 02:10:10.384,0.78958,0.78973,3.47,1.50
2012.08.09 02:10:14.441,0.78959,0.78974,1.60,5.10
2012.08.09 02:10:14.966,0.78959,0.78974,1.60,3.38
2012.08.09 02:10:18.572,0.78959,0.78972,1.60,1.50
2012.08.09 02:10:19.105,0.7896,0.78973,1.60,1.50
2012.08.09 02:10:20.547,0.78959,0.78972,2.72,1.50
2012.08.09 02:10:21.392,0.78959,0.78972,2.72,1.50
2012.08.09 02:10:23.638,0.7896,0.78973,1.50,1.50
2012.08.09 02:10:25.223,0.78959,0.78972,2.72,1.50
2012.08.09 02:10:26.339,0.7896,0.78973,1.60,2.25
2012.08.09 02:10:27.391,0.78959,0.78972,2.72,1.50
2012.08.09 02:10:31.167,0.78959,0.78974,2.72,2.25
2012.08.09 02:10:33.673,0.78963,0.78975,1.50,1.88
2012.08.09 02:10:34.208,0.78962,0.78975,1.50,1.88
2012.08.09 02:10:45.380,0.78961,0.78975,1.50,1.88
2012.08.09 02:10:55.628,0.78961,0.78974,1.50,2.25
2012.08.09 02:10:55.692,0.78959,0.78973,1.22,2.25
2012.08.09 02:10:56.226,0.7896,0.78973,1.50,1.50
2012.08.09 02:10:57.111,0.78959,0.78973,1.22,1.50
2012.08.09 02:10:57.665,0.78959,0.78974,2.72,3.38
2012.08.09 02:11:02.022,0.7896,0.78974,1.13,2.25
2012.08.09 02:11:02.610,0.78961,0.78976,1.50,4.35
2012.08.09 02:11:03.111,0.78962,0.78975,2.25,1.50
2012.08.09 02:11:03.355,0.78964,0.78977,1.50,1.50
2012.08.09 02:11:03.535,0.78962,0.78976,1.88,1.50
2012.08.09 02:11:03.776,0.78961,0.78974,1.50,1.50
2012.08.09 02:11:05.162,0.7896,0.78975,3.38,1.50
2012.08.09 02:11:05.641,0.78962,0.78976,1.50,1.73
2012.08.09 02:11:06.179,0.78963,0.78978,2.25,2.25
2012.08.09 02:11:06.716,0.78963,0.78978,2.25,1.50
2012.08.09 02:11:08.380,0.78963,0.78977,1.50,1.50
2012.08.09 02:11:08.914,0.78961,0.78976,3.38,1.50
2012.08.09 02:11:11.470,0.78961,0.78974,3.38,1.50
2012.08.09 02:11:11.593,0.78961,0.78976,3.38,1.50
2012.08.09 02:11:11.718,0.78961,0.78974,3.38,1.50
2012.08.09 02:11:12.548,0.78962,0.78975,1.50,1.50
2012.08.09 02:11:22.329,0.78963,0.78975,1.13,1.50
2012.08.09 02:11:27.387,0.78963,0.78978,2.63,2.63
2012.08.09 02:11:27.865,0.78965,0.78978,1.50,1.50
2012.08.09 02:11:28.403,0.78965,0.78979,1.13,1.50
2012.08.09 02:11:28.762,0.78967,0.78981,1.13,2.25
2012.08.09 02:11:30.709,0.78967,0.7898,1.88,1.50
2012.08.09 02:11:31.533,0.78967,0.78978,1.13,1.50
2012.08.09 02:11:31.659,0.78965,0.78979,1.13,1.50
2012.08.09 02:11:32.321,0.78965,0.78979,1.88,1.50
2012.08.09 02:11:32.968,0.78965,0.78977,1.88,1.50
2012.08.09 02:11:33.032,0.78965,0.78979,1.88,3.00
2012.08.09 02:11:33.390,0.78964,0.78977,1.50,1.50
2012.08.09 02:11:34.270,0.78964,0.78979,1.50,2.63
2012.08.09 02:11:35.939,0.78963,0.78978,3.75,1.50
2012.08.09 02:11:36.474,0.78963,0.78978,2.25,2.25
2012.08.09 02:11:36.717,0.78963,0.78978,1.50,3.75
2012.08.09 02:11:36.781,0.78961,0.78976,4.88,2.25
2012.08.09 02:11:38.131,0.78962,0.78976,1.13,1.50
2012.08.09 02:11:38.637,0.78964,0.78977,1.50,3.38
2012.08.09 02:11:38.702,0.78961,0.78976,2.25,2.25
2012.08.09 02:11:39.003,0.78961,0.78974,2.25,1.50
2012.08.09 02:11:43.539,0.78959,0.78973,3.38,1.50
2012.08.09 02:11:44.074,0.78958,0.78973,3.00,1.50
2012.08.09 02:11:49.895,0.78959,0.78974,1.50,2.25
2012.08.09 02:11:50.366,0.78961,0.78974,1.13,1.50
2012.08.09 02:11:50.905,0.78962,0.78975,1.50,1.50
2012.08.09 02:11:51.150,0.78963,0.78977,1.50,1.88
2012.08.09 02:11:52.213,0.78962,0.78975,3.75,1.50
2012.08.09 02:11:52.726,0.78962,0.78975,2.25,1.50
2012.08.09 02:11:53.027,0.78959,0.78972,3.75,1.50
2012.08.09 02:11:53.633,0.78959,0.78972,2.63,1.50
2012.08.09 02:11:56.047,0.78957,0.7897,2.25,1.50
2012.08.09 02:11:56.599,0.78958,0.78971,1.50,1.50
2012.08.09 02:11:59.046,0.78958,0.78971,2.25,1.50
2012.08.09 02:11:59.288,0.7896,0.78973,1.50,1.50
2012.08.09 02:12:01.399,0.7896,0.78972,1.50,1.13
2012.08.09 02:12:01.522,0.78958,0.78972,1.50,1.88
2012.08.09 02:12:02.068,0.78957,0.78971,1.50,1.50
2012.08.09 02:12:02.575,0.78957,0.78972,3.00,3.38
2012.08.09 02:12:04.079,0.78957,0.78972,3.00,3.75
2012.08.09 02:12:06.593,0.78957,0.78972,3.00,3.38
2012.08.09 02:12:07.008,0.78959,0.78974,1.50,1.88
2012.08.09 02:12:08.121,0.78958,0.78973,2.63,1.88
2012.08.09 02:12:08.479,0.78962,0.78975,1.50,3.00
2012.08.09 02:12:08.721,0.78961,0.78976,2.25,2.63
2012.08.09 02:12:08.786,0.78962,0.78976,1.88,1.50
2012.08.09 02:12:09.029,0.78961,0.78976,1.50,2.25
2012.08.09 02:12:13.386,0.7896,0.78975,1.50,1.50
2012.08.09 02:12:13.451,0.78962,0.78975,1.50,1.50
2012.08.09 02:12:18.351,0.78961,0.78974,1.50,1.50
2012.08.09 02:12:21.275,0.78958,0.78973,3.00,1.50
2012.08.09 02:12:21.574,0.78958,0.78973,2.25,1.50
2012.08.09 02:12:30.396,0.78957,0.7897,2.25,1.50
2012.08.09 02:12:31.106,0.78956,0.78969,3.75,1.50
2012.08.09 02:12:33.508,0.78956,0.78971,3.00,2.25
2012.08.09 02:12:34.058,0.78956,0.7897,1.50,2.63
2012.08.09 02:12:35.541,0.78956,0.78969,2.25,1.50
2012.08.09 02:12:36.081,0.78956,0.7897,2.25,1.13
2012.08.09 02:12:36.497,0.78956,0.78969,1.50,2.63
2012.08.09 02:12:41.172,0.78953,0.78968,2.25,1.50
2012.08.09 02:12:41.415,0.78952,0.78965,3.00,1.50
2012.08.09 02:12:41.952,0.78952,0.78965,1.50,1.50
2012.08.09 02:12:43.592,0.78952,0.78964,1.50,1.13
2012.08.09 02:12:44.127,0.78952,0.78965,1.50,2.85
2012.08.09 02:12:44.252,0.78949,0.78963,1.13,1.50
2012.08.09 02:12:44.985,0.78949,0.78964,3.38,1.50
2012.08.09 02:12:45.344,0.78953,0.78964,1.13,1.50
2012.08.09 02:12:45.525,0.78953,0.78966,2.63,2.25
2012.08.09 02:12:45.589,0.78955,0.78966,1.13,1.50
2012.08.09 02:12:45.715,0.78955,0.78968,1.13,2.25
2012.08.09 02:12:45.782,0.78953,0.78968,3.75,2.25
2012.08.09 02:12:46.025,0.78955,0.78969,1.13,1.50
2012.08.09 02:12:47.048,0.78955,0.78967,1.13,1.50
2012.08.09 02:12:48.939,0.78955,0.78968,2.63,1.50
2012.08.09 02:12:50.181,0.78957,0.78971,1.50,1.13
2012.08.09 02:12:50.715,0.78958,0.78971,1.50,2.63
2012.08.09 02:12:53.627,0.78958,0.78971,2.25,1.50
2012.08.09 02:12:53.868,0.7896,0.78973,2.63,2.25
2012.08.09 02:12:53.934,0.7896,0.78975,2.63,1.88
2012.08.09 02:12:54.176,0.78963,0.78975,1.13,1.88
2012.08.09 02:12:55.058,0.78963,0.78978,2.63,4.50
2012.08.09 02:12:57.817,0.78963,0.78977,2.63,3.00
2012.08.09 02:12:57.886,0.7896,0.78975,1.50,1.50
2012.08.09 02:12:57.951,0.78962,0.78975,1.50,1.50
2012.08.09 02:13:03.246,0.78961,0.78974,1.50,1.50
2012.08.09 02:13:03.799,0.78961,0.78976,1.50,2.63
2012.08.09 02:13:14.320,0.78962,0.78976,1.13,1.50
2012.08.09 02:13:14.851,0.78962,0.78976,1.13,2.25
2012.08.09 02:13:15.382,0.78962,0.78976,1.13,1.50
2012.08.09 02:13:29.377,0.78964,0.78977,1.50,2.25
2012.08.09 02:13:33.583,0.78962,0.78975,3.00,1.50
2012.08.09 02:13:39.397,0.78961,0.78974,2.63,1.50
2012.08.09 02:13:41.282,0.78962,0.78975,1.50,2.25
2012.08.09 02:13:43.167,0.78962,0.78975,1.50,1.50
2012.08.09 02:13:43.765,0.78961,0.78976,2.63,2.25
2012.08.09 02:13:56.180,0.78961,0.78975,1.13,1.50
2012.08.09 02:13:57.804,0.7896,0.78975,1.50,1.50
2012.08.09 02:14:10.869,0.7896,0.78975,1.50,2.25
2012.08.09 02:14:12.534,0.7896,0.78975,1.50,1.50
2012.08.09 02:14:14.772,0.7896,0.78974,1.50,1.50
2012.08.09 02:14:15.074,0.78959,0.78972,2.63,2.25
2012.08.09 02:14:15.682,0.78959,0.78972,1.50,2.25
2012.08.09 02:14:15.805,0.78957,0.78971,1.13,2.25
2012.08.09 02:14:16.046,0.78955,0.7897,2.25,1.50
2012.08.09 02:14:16.289,0.78954,0.78967,2.25,1.50
2012.08.09 02:14:18.615,0.78954,0.78968,1.88,1.50
2012.08.09 02:14:19.144,0.78956,0.78969,1.50,1.50
2012.08.09 02:14:20.986,0.78954,0.78969,3.38,1.50
2012.08.09 02:14:25.357,0.78955,0.7897,1.50,2.25
2012.08.09 02:14:33.751,0.78955,0.7897,1.50,4.50
2012.08.09 02:14:33.993,0.78954,0.78968,1.50,2.85
2012.08.09 02:14:34.292,0.78954,0.78969,1.50,2.48
2012.08.09 02:14:34.823,0.78955,0.7897,1.50,4.73
2012.08.09 02:14:36.085,0.78955,0.78968,1.50,1.50
2012.08.09 02:14:37.388,0.78955,0.7897,1.50,3.60
2012.08.09 02:14:37.908,0.78955,0.7897,2.63,1.50
2012.08.09 02:14:40.051,0.78957,0.78971,1.50,2.10
2012.08.09 02:14:41.092,0.78957,0.7897,1.50,1.50
2012.08.09 02:14:57.232,0.78958,0.78971,1.50,1.50
2012.08.09 02:14:57.588,0.78956,0.78971,1.50,2.85
2012.08.09 02:14:58.096,0.78956,0.78971,1.50,3.60
2012.08.09 02:15:03.262,0.78956,0.78971,1.50,2.85
2012.08.09 02:15:03.779,0.78956,0.78971,1.50,3.60
2012.08.09 02:15:03.844,0.78954,0.78969,1.50,1.50
2012.08.09 02:15:04.387,0.78955,0.7897,1.50,2.25
2012.08.09 02:15:04.509,0.78955,0.78968,1.50,1.50
2012.08.09 02:15:05.041,0.78956,0.78969,1.50,1.50
2012.08.09 02:15:05.753,0.78954,0.78969,1.50,1.50
2012.08.09 02:15:07.104,0.78955,0.7897,1.50,2.48
2012.08.09 02:15:07.638,0.78954,0.78969,1.50,1.50
2012.08.09 02:15:08.164,0.78955,0.78968,1.50,1.50
2012.08.09 02:15:09.385,0.78955,0.7897,1.50,3.98
2012.08.09 02:15:10.401,0.78954,0.78969,1.50,1.73
2012.08.09 02:15:13.113,0.78954,0.78969,1.50,2.25
2012.08.09 02:15:13.414,0.78954,0.78966,1.50,1.13
2012.08.09 02:15:13.539,0.78952,0.78965,1.50,1.50
2012.08.09 02:15:13.963,0.78953,0.78966,1.50,4.35
2012.08.09 02:15:14.027,0.78951,0.78964,3.00,1.35
2012.08.09 02:15:14.479,0.78951,0.78965,1.50,1.13
2012.08.09 02:15:15.017,0.78952,0.78965,1.50,1.35
2012.08.09 02:15:15.554,0.78953,0.78965,1.13,1.50
2012.08.09 02:15:16.262,0.78952,0.78964,1.50,1.13
2012.08.09 02:15:16.807,0.78951,0.78964,1.50,1.13
2012.08.09 02:15:17.880,0.78951,0.78966,1.50,2.63
2012.08.09 02:15:18.119,0.78953,0.78966,1.50,1.13
2012.08.09 02:15:25.512,0.78955,0.78968,1.50,2.10
2012.08.09 02:15:27.081,0.78958,0.78968,1.50,1.13
2012.08.09 02:15:27.145,0.78958,0.78971,1.50,3.60
2012.08.09 02:15:28.348,0.78958,0.78971,1.50,2.85
2012.08.09 02:15:40.526,0.78961,0.78971,1.50,1.35
2012.08.09 02:15:41.824,0.78961,0.78974,1.50,2.48
2012.08.09 02:15:41.948,0.78962,0.78975,1.50,1.35
2012.08.09 02:15:42.720,0.78962,0.78975,1.50,1.35
2012.08.09 02:15:43.422,0.78963,0.78975,1.50,1.13
2012.08.09 02:15:43.957,0.78963,0.78976,1.50,2.48
2012.08.09 02:15:44.963,0.78965,0.78978,1.50,5.48
2012.08.09 02:15:45.608,0.78965,0.78977,1.50,1.73
2012.08.09 02:15:45.735,0.78962,0.78977,1.50,3.98
2012.08.09 02:15:45.980,0.78964,0.78977,1.50,2.48
2012.08.09 02:15:47.855,0.78964,0.78976,1.50,1.73
2012.08.09 02:15:48.505,0.78964,0.78975,1.50,1.88
2012.08.09 02:15:48.689,0.78962,0.78975,1.50,1.88
2012.08.09 02:15:49.224,0.78965,0.78977,1.50,3.60
2012.08.09 02:15:49.465,0.78963,0.78976,1.50,3.23
2012.08.09 02:15:50.018,0.78963,0.78974,1.50,1.13
2012.08.09 02:15:50.375,0.78963,0.78976,1.50,6.00
2012.08.09 02:15:51.054,0.78964,0.78976,1.50,4.73
2012.08.09 02:15:51.124,0.78962,0.78974,1.50,1.13
2012.08.09 02:15:56.479,0.78962,0.78974,1.50,1.88
2012.08.09 02:15:57.010,0.78962,0.78974,1.50,2.63
2012.08.09 02:15:59.105,0.78963,0.78974,1.50,3.00
2012.08.09 02:16:01.544,0.78963,0.78973,1.50,1.50
2012.08.09 02:16:02.077,0.78962,0.78973,1.50,1.73
2012.08.09 02:16:03.650,0.78962,0.78973,1.50,1.73
2012.08.09 02:16:04.191,0.78962,0.78973,1.50,2.25
2012.08.09 02:16:04.870,0.78962,0.78973,1.50,1.50
2012.08.09 02:16:05.395,0.78962,0.78974,1.50,3.75
2012.08.09 02:16:07.109,0.78962,0.78974,1.50,2.10
2012.08.09 02:16:07.666,0.78962,0.78974,1.50,2.85
2012.08.09 02:16:08.289,0.78962,0.78974,1.50,2.85
2012.08.09 02:16:10.301,0.78964,0.78974,1.50,1.88
2012.08.09 02:16:11.457,0.78964,0.78977,1.50,2.10
2012.08.09 02:16:12.515,0.78964,0.78978,1.50,2.25
2012.08.09 02:16:13.051,0.78964,0.78976,1.50,1.13
2012.08.09 02:16:13.410,0.78964,0.78973,1.50,1.13
2012.08.09 02:16:13.533,0.78964,0.78977,1.50,2.10
2012.08.09 02:16:13.598,0.78963,0.78977,1.50,3.60
2012.08.09 02:16:14.131,0.78962,0.78977,1.50,3.60
2012.08.09 02:16:17.425,0.78962,0.78976,1.50,1.73
2012.08.09 02:16:17.955,0.78962,0.78976,1.50,2.85
2012.08.09 02:16:25.479,0.78961,0.78976,3.00,2.48
2012.08.09 02:16:26.010,0.78961,0.78975,1.50,1.50
2012.08.09 02:16:26.902,0.78961,0.78974,1.50,1.50
2012.08.09 02:16:26.965,0.78963,0.78974,1.50,1.50
2012.08.09 02:16:27.205,0.78961,0.78975,1.50,1.50
2012.08.09 02:16:27.502,0.78961,0.78974,1.50,1.50
2012.08.09 02:16:28.169,0.78961,0.78974,1.50,2.25
2012.08.09 02:16:30.204,0.78961,0.78974,1.50,1.50
2012.08.09 02:16:30.851,0.78962,0.78974,1.50,1.50
2012.08.09 02:16:33.194,0.78962,0.78976,1.50,2.48
2012.08.09 02:16:33.724,0.78962,0.78976,1.50,1.73
2012.08.09 02:16:35.166,0.78962,0.78975,1.50,1.50
2012.08.09 02:16:35.917,0.78962,0.78975,1.50,2.85
2012.08.09 02:16:36.270,0.78962,0.78975,1.50,2.85
2012.08.09 02:16:36.626,0.78962,0.78975,1.50,3.98
2012.08.09 02:16:36.866,0.7896,0.78973,3.00,3.00
2012.08.09 02:16:47.802,0.78958,0.7897,1.50,1.88
2012.08.09 02:16:48.051,0.78957,0.7897,1.50,2.63
2012.08.09 02:16:48.783,0.78957,0.7897,1.50,3.98
2012.08.09 02:17:03.787,0.78957,0.78971,1.50,1.13
2012.08.09 02:17:07.838,0.78958,0.78972,1.50,1.88
2012.08.09 02:17:09.757,0.78958,0.78972,1.50,1.88
2012.08.09 02:17:18.257,0.78958,0.78973,1.50,3.60
2012.08.09 02:17:18.499,0.78961,0.78974,1.50,2.48
2012.08.09 02:17:18.856,0.78959,0.78974,1.50,2.25
2012.08.09 02:17:22.519,0.78959,0.78972,1.50,1.13
2012.08.09 02:17:23.049,0.78959,0.78973,1.50,1.88
2012.08.09 02:17:24.806,0.78959,0.78972,1.50,1.13
2012.08.09 02:17:25.338,0.78958,0.78971,1.50,1.50
2012.08.09 02:17:36.212,0.78958,0.78969,1.50,1.13
2012.08.09 02:17:36.976,0.78958,0.78971,1.50,2.48
2012.08.09 02:17:37.505,0.78958,0.78969,1.50,1.13
2012.08.09 02:17:37.859,0.78958,0.78971,1.50,2.85
2012.08.09 02:17:38.963,0.78958,0.78971,1.50,3.60
2012.08.09 02:17:43.775,0.78958,0.78968,1.50,1.13
2012.08.09 02:17:44.307,0.78957,0.78969,1.50,1.13
2012.08.09 02:17:44.666,0.78955,0.78968,1.50,2.25
2012.08.09 02:17:45.201,0.78955,0.78968,1.50,1.73
2012.08.09 02:17:46.492,0.78955,0.78968,1.50,1.50
2012.08.09 02:17:47.023,0.78954,0.78969,1.50,4.35
2012.08.09 02:17:47.088,0.78954,0.78966,1.50,1.13
2012.08.09 02:17:47.624,0.78954,0.78969,1.50,4.35
2012.08.09 02:17:48.158,0.78955,0.78968,1.50,1.73
2012.08.09 02:17:48.690,0.78955,0.78968,1.50,1.50
2012.08.09 02:17:50.390,0.78955,0.78968,1.50,2.85
2012.08.09 02:17:51.936,0.78955,0.7897,1.50,6.23
2012.08.09 02:17:52.465,0.78955,0.7897,1.50,4.35
2012.08.09 02:17:53.350,0.78955,0.78968,1.50,1.13
2012.08.09 02:17:54.057,0.78956,0.78968,1.50,1.13
2012.08.09 02:17:54.933,0.78956,0.78968,2.25,1.13
2012.08.09 02:17:55.464,0.78956,0.78969,2.25,1.50
2012.08.09 02:18:01.197,0.78956,0.78969,2.25,1.50
2012.08.09 02:18:04.786,0.78958,0.78971,1.50,1.50
2012.08.09 02:18:05.027,0.7896,0.78974,1.50,3.38
2012.08.09 02:18:05.563,0.7896,0.78975,2.25,3.60
2012.08.09 02:18:05.627,0.7896,0.78975,2.25,3.60
2012.08.09 02:18:06.451,0.7896,0.78973,2.25,1.50
2012.08.09 02:18:06.967,0.7896,0.78975,2.25,2.85
2012.08.09 02:18:09.961,0.7896,0.78973,2.25,1.50
2012.08.09 02:18:10.487,0.7896,0.78975,2.25,2.85
2012.08.09 02:18:11.378,0.7896,0.78975,2.25,2.63
2012.08.09 02:18:13.300,0.78962,0.78975,1.50,1.13
2012.08.09 02:18:13.364,0.78965,0.78975,1.50,1.13
2012.08.09 02:18:13.665,0.78965,0.78978,2.25,3.38
2012.08.09 02:18:14.198,0.78965,0.78978,2.25,1.13
2012.08.09 02:18:14.671,0.78965,0.7898,2.25,1.50
2012.08.09 02:18:16.838,0.78965,0.7898,2.25,1.50
2012.08.09 02:18:17.916,0.78965,0.7898,2.25,1.50
2012.08.09 02:18:18.461,0.78965,0.7898,2.25,1.50
2012.08.09 02:18:18.991,0.78965,0.7898,2.25,1.50
2012.08.09 02:18:21.216,0.78965,0.7898,2.25,1.50
2012.08.09 02:18:21.744,0.78965,0.7898,2.25,1.50
2012.08.09 02:18:24.608,0.78964,0.78979,2.25,1.50
2012.08.09 02:18:25.987,0.78966,0.78979,2.25,1.50
2012.08.09 02:18:26.108,0.78968,0.78981,2.25,2.63
2012.08.09 02:18:26.614,0.78968,0.78981,2.25,2.63
2012.08.09 02:18:27.367,0.78969,0.78984,2.25,4.35
2012.08.09 02:18:27.611,0.78969,0.78981,2.25,1.13
2012.08.09 02:18:28.152,0.78968,0.78982,1.88,1.50
2012.08.09 02:18:28.573,0.78971,0.78983,1.50,1.88
2012.08.09 02:18:29.086,0.78969,0.78983,2.25,1.13
2012.08.09 02:18:29.454,0.7897,0.78985,2.25,3.00
2012.08.09 02:18:31.288,0.7897,0.78985,2.25,1.50
2012.08.09 02:18:31.917,0.78973,0.78986,1.50,3.15
2012.08.09 02:18:35.538,0.78971,0.78986,3.75,2.25
2012.08.09 02:18:36.309,0.78971,0.78986,2.25,2.40
2012.08.09 02:18:36.568,0.78973,0.78986,1.50,2.25
2012.08.09 02:18:37.477,0.78973,0.78986,1.50,1.50
2012.08.09 02:18:39.446,0.78971,0.78986,2.25,2.40
2012.08.09 02:18:39.972,0.78972,0.78987,1.50,4.65
2012.08.09 02:18:40.504,0.78972,0.78985,1.50,1.13
2012.08.09 02:18:40.974,0.78972,0.78987,1.50,3.53
2012.08.09 02:18:42.009,0.78972,0.78987,1.50,3.53
2012.08.09 02:18:42.541,0.78971,0.78986,2.25,2.40
2012.08.09 02:18:43.326,0.78972,0.78984,1.50,1.13
2012.08.09 02:18:43.507,0.78972,0.78986,1.50,1.28
2012.08.09 02:18:44.059,0.78971,0.78986,2.25,3.90
2012.08.09 02:18:44.181,0.78973,0.78986,1.50,3.90
2012.08.09 02:18:44.714,0.78973,0.78985,1.50,1.13
2012.08.09 02:18:48.774,0.78973,0.78986,1.50,1.50
2012.08.09 02:18:49.306,0.78972,0.78985,1.50,1.50
2012.08.09 02:18:50.143,0.78973,0.78986,1.50,1.65
2012.08.09 02:18:51.152,0.78971,0.78986,2.25,1.50
2012.08.09 02:18:51.682,0.78971,0.78986,2.25,2.40
2012.08.09 02:18:52.209,0.78971,0.78986,2.25,1.65
2012.08.09 02:18:52.831,0.78973,0.78986,1.50,1.65
2012.08.09 02:18:53.341,0.78972,0.78985,2.25,1.50
2012.08.09 02:18:54.202,0.78972,0.78985,2.25,2.25
2012.08.09 02:18:58.118,0.78972,0.78985,2.25,2.25
2012.08.09 02:18:58.694,0.78972,0.78985,2.25,2.25
2012.08.09 02:18:59.221,0.78972,0.78985,1.50,1.50
2012.08.09 02:18:59.750,0.78972,0.78984,1.50,1.13
2012.08.09 02:19:01.672,0.78972,0.78984,1.50,1.88
2012.08.09 02:19:02.025,0.7897,0.78984,1.50,3.38
2012.08.09 02:19:02.556,0.78969,0.78984,2.25,2.63
2012.08.09 02:19:03.370,0.7897,0.78984,1.50,1.13
2012.08.09 02:19:06.303,0.7897,0.78985,2.63,1.50
2012.08.09 02:19:06.426,0.78973,0.78986,1.50,4.65
2012.08.09 02:19:06.548,0.78971,0.78985,1.50,1.50
2012.08.09 02:19:07.083,0.7897,0.78985,4.13,1.50
2012.08.09 02:19:08.017,0.7897,0.78985,3.38,1.50
2012.08.09 02:19:09.454,0.7897,0.78985,3.38,1.50
2012.08.09 02:19:10.138,0.7897,0.78985,3.38,1.50
2012.08.09 02:19:12.872,0.7897,0.78985,3.38,2.25
2012.08.09 02:19:13.418,0.7897,0.78985,3.38,2.25
2012.08.09 02:19:13.540,0.7897,0.78983,2.25,1.13
2012.08.09 02:19:14.045,0.7897,0.78983,2.25,1.13
2012.08.09 02:19:15.019,0.7897,0.78985,1.50,2.63
2012.08.09 02:19:20.304,0.78969,0.78982,3.38,1.50
2012.08.09 02:19:20.428,0.78969,0.78984,3.38,1.50
2012.08.09 02:19:24.957,0.78969,0.78984,3.38,1.50
2012.08.09 02:19:25.323,0.78969,0.78982,3.38,1.50
2012.08.09 02:19:25.847,0.78969,0.78982,3.38,1.50
2012.08.09 02:19:25.910,0.78969,0.78984,3.38,1.50
2012.08.09 02:19:26.782,0.78969,0.78983,1.88,1.50
2012.08.09 02:19:27.197,0.78968,0.78983,2.25,1.50
2012.08.09 02:19:28.339,0.78968,0.78982,2.25,1.13
2012.08.09 02:19:28.879,0.78966,0.78981,1.50,2.63
2012.08.09 02:19:29.529,0.78965,0.7898,2.63,1.50
2012.08.09 02:19:30.667,0.78966,0.78981,1.50,2.63
2012.08.09 02:19:32.095,0.78966,0.78979,2.25,1.50
2012.08.09 02:19:32.695,0.78967,0.7898,1.50,1.50
2012.08.09 02:19:33.368,0.78965,0.7898,3.38,1.50
2012.08.09 02:19:33.904,0.78965,0.7898,2.63,2.25
2012.08.09 02:19:34.261,0.78961,0.78976,4.13,1.50
2012.08.09 02:19:34.822,0.78964,0.78977,1.50,1.50
2012.08.09 02:19:36.404,0.78965,0.78977,1.13,1.50
2012.08.09 02:19:36.768,0.78964,0.78979,2.63,3.75
2012.08.09 02:19:37.304,0.78964,0.78979,4.50,1.50
2012.08.09 02:19:39.709,0.78964,0.78979,4.88,1.50
2012.08.09 02:19:41.756,0.78965,0.78979,1.50,1.50
2012.08.09 02:19:42.274,0.78967,0.7898,2.25,2.63
2012.08.09 02:19:42.827,0.78966,0.78979,3.38,1.50
2012.08.09 02:19:43.482,0.78967,0.7898,2.25,1.50
2012.08.09 02:19:44.010,0.78966,0.78979,3.38,1.50
2012.08.09 02:19:44.543,0.78966,0.78979,2.63,1.50
2012.08.09 02:19:49.519,0.78966,0.78979,4.13,1.50
2012.08.09 02:19:49.641,0.78966,0.78981,4.50,1.50
2012.08.09 02:19:52.474,0.78966,0.7898,2.63,1.50
2012.08.09 02:19:53.009,0.78965,0.7898,3.38,1.50
2012.08.09 02:19:53.619,0.78965,0.7898,3.00,1.50
2012.08.09 02:19:56.084,0.78965,0.7898,2.25,1.50
2012.08.09 02:19:56.266,0.78969,0.7898,1.13,1.50
2012.08.09 02:19:56.330,0.78966,0.7898,1.88,1.50
2012.08.09 02:19:56.862,0.78966,0.78979,3.38,1.50
2012.08.09 02:20:13.616,0.78965,0.78978,1.13,1.50
2012.08.09 02:20:15.195,0.78965,0.78979,1.13,1.50
2012.08.09 02:20:16.157,0.78966,0.78979,1.13,1.50
2012.08.09 02:20:16.696,0.78964,0.78979,3.38,1.50
2012.08.09 02:20:17.230,0.78964,0.78978,3.00,1.50
2012.08.09 02:20:21.173,0.78964,0.78979,2.63,1.50
2012.08.09 02:20:21.714,0.78964,0.78979,4.13,1.50
2012.08.09 02:20:22.243,0.78964,0.78979,4.13,1.50
2012.08.09 02:20:22.747,0.78964,0.78979,4.13,1.50
2012.08.09 02:20:23.287,0.78964,0.78977,3.38,1.50
2012.08.09 02:20:23.816,0.78964,0.78978,1.88,1.50
2012.08.09 02:20:25.609,0.78965,0.78976,1.50,1.13
2012.08.09 02:20:25.734,0.78962,0.78976,4.13,1.13
2012.08.09 02:20:26.215,0.78965,0.78978,1.50,1.50
2012.08.09 02:20:33.944,0.78967,0.7898,1.50,1.50
2012.08.09 02:20:34.475,0.78966,0.78979,2.25,1.50
2012.08.09 02:20:35.407,0.78964,0.78977,4.13,1.50
2012.08.09 02:20:35.529,0.78964,0.78979,3.38,3.00
2012.08.09 02:20:35.593,0.78964,0.78977,3.38,1.50
2012.08.09 02:20:36.122,0.78965,0.78978,1.50,1.50
2012.08.09 02:20:40.315,0.78967,0.78982,1.50,4.88
2012.08.09 02:20:40.845,0.78967,0.78982,2.25,1.50
2012.08.09 02:20:46.244,0.78967,0.7898,2.25,1.50
2012.08.09 02:20:46.482,0.78967,0.78982,2.25,1.50
2012.08.09 02:20:48.170,0.78968,0.78982,1.13,1.50
2012.08.09 02:20:48.703,0.78967,0.78982,1.50,2.63
2012.08.09 02:20:48.941,0.78969,0.78982,1.50,1.13
2012.08.09 02:20:49.472,0.78969,0.78984,1.50,4.13
2012.08.09 02:20:54.450,0.78969,0.78984,1.50,4.13
2012.08.09 02:21:02.686,0.7897,0.78985,3.38,5.48
2012.08.09 02:21:02.810,0.7897,0.78985,4.13,1.50
2012.08.09 02:21:03.346,0.78972,0.78985,1.50,1.50
2012.08.09 02:21:05.094,0.78971,0.78984,2.25,1.50
2012.08.09 02:21:06.758,0.78972,0.78985,1.50,1.50
2012.08.09 02:21:07.608,0.78971,0.78984,1.50,1.50
2012.08.09 02:21:22.001,0.78969,0.78982,2.63,1.50
2012.08.09 02:21:24.782,0.78969,0.78984,2.63,3.38
2012.08.09 02:21:29.575,0.78969,0.78984,2.63,2.25
2012.08.09 02:21:30.111,0.7897,0.78983,1.50,2.25
2012.08.09 02:21:30.642,0.7897,0.78983,1.50,1.50
2012.08.09 02:21:49.268,0.78972,0.78985,1.50,3.75
2012.08.09 02:21:49.791,0.78971,0.78984,1.50,1.50
2012.08.09 02:22:36.268,0.78974,0.78986,1.50,1.88
2012.08.09 02:22:36.805,0.78973,0.78986,1.50,1.50
2012.08.09 02:22:37.045,0.78971,0.78985,1.13,1.50
2012.08.09 02:22:47.608,0.78971,0.78986,2.63,3.75
2012.08.09 02:22:48.135,0.78971,0.78985,1.13,1.50
2012.08.09 02:22:49.897,0.7897,0.78985,1.50,1.50
2012.08.09 02:22:56.315,0.78969,0.78982,1.50,1.50
2012.08.09 02:22:56.551,0.78969,0.78984,1.50,1.50
2012.08.09 02:23:14.425,0.78972,0.78986,1.50,3.15
2012.08.09 02:23:16.949,0.7897,0.78985,1.50,1.50
2012.08.09 02:23:17.456,0.78971,0.78984,1.50,1.50
2012.08.09 02:23:34.153,0.78972,0.78986,1.50,2.03
2012.08.09 02:23:38.733,0.78972,0.78986,1.50,1.28
2012.08.09 02:23:38.970,0.78974,0.78988,1.50,1.13
2012.08.09 02:23:39.500,0.78973,0.78988,1.50,3.15
2012.08.09 02:23:42.768,0.78972,0.78985,2.63,1.50
2012.08.09 02:23:43.306,0.78973,0.78986,1.50,1.50
2012.08.09 02:23:45.348,0.78972,0.78986,1.13,1.50
2012.08.09 02:23:46.016,0.78972,0.78986,1.13,3.75
2012.08.09 02:23:47.333,0.78971,0.78985,1.50,1.88
2012.08.09 02:23:48.529,0.78971,0.78985,1.50,1.88
2012.08.09 02:23:49.065,0.7897,0.78983,1.50,2.25
2012.08.09 02:23:49.822,0.78971,0.78984,1.50,2.25
2012.08.09 02:23:53.497,0.78969,0.78983,1.50,1.13
2012.08.09 02:23:54.014,0.7897,0.78983,1.50,1.13
2012.08.09 02:23:59.369,0.7897,0.78984,1.50,2.63
2012.08.09 02:23:59.897,0.7897,0.78984,1.50,2.63
2012.08.09 02:24:02.447,0.78969,0.78984,3.00,3.38
2012.08.09 02:24:02.979,0.7897,0.78984,2.63,1.50
2012.08.09 02:24:04.290,0.78971,0.78984,1.50,3.00
2012.08.09 02:24:05.137,0.78971,0.78984,1.50,2.25
2012.08.09 02:24:05.905,0.78973,0.78984,1.50,1.13
2012.08.09 02:24:05.970,0.78971,0.78984,1.50,1.13
2012.08.09 02:24:06.093,0.78973,0.78984,1.50,1.13
2012.08.09 02:24:06.449,0.78973,0.78986,1.50,2.63
2012.08.09 02:24:11.760,0.78971,0.78986,1.50,2.63
2012.08.09 02:24:12.688,0.78972,0.78986,1.50,1.13
2012.08.09 02:24:15.813,0.78971,0.78986,1.50,2.63
2012.08.09 02:24:16.517,0.78972,0.78986,1.50,1.13
2012.08.09 02:24:16.795,0.78971,0.78984,1.50,1.50
2012.08.09 02:24:17.457,0.78972,0.78985,1.50,1.50
2012.08.09 02:24:18.050,0.78973,0.78985,1.13,1.50
2012.08.09 02:24:18.593,0.78972,0.78985,1.50,2.25
2012.08.09 02:24:19.139,0.78971,0.78984,1.50,1.50
2012.08.09 02:24:19.720,0.78971,0.78986,1.50,3.38
2012.08.09 02:24:20.224,0.78971,0.78986,1.50,2.63
2012.08.09 02:24:24.467,0.78971,0.78984,1.50,1.50
2012.08.09 02:24:26.163,0.78971,0.78986,3.00,2.63
2012.08.09 02:24:26.831,0.78972,0.78986,2.63,1.50
2012.08.09 02:24:27.265,0.78974,0.78987,1.50,1.65
2012.08.09 02:24:29.552,0.78972,0.78987,4.88,1.65
2012.08.09 02:24:30.082,0.78973,0.78988,1.50,2.40
2012.08.09 02:24:30.774,0.78973,0.78984,1.13,1.50
2012.08.09 02:24:31.306,0.78973,0.78985,1.13,1.50
2012.08.09 02:24:31.893,0.78971,0.78985,1.88,1.50
2012.08.09 02:24:33.119,0.78973,0.78986,1.13,1.65
2012.08.09 02:24:35.516,0.78971,0.78986,2.25,1.65
2012.08.09 02:24:36.049,0.78972,0.78985,1.50,1.50
2012.08.09 02:24:55.555,0.78972,0.78986,1.50,1.28
2012.08.09 02:24:59.406,0.78972,0.78985,1.50,1.50
2012.08.09 02:25:00.803,0.78973,0.78986,1.50,2.78
2012.08.09 02:25:01.329,0.78972,0.78985,1.50,1.50
2012.08.09 02:25:02.039,0.78971,0.78986,1.50,2.78
2012.08.09 02:25:03.494,0.78971,0.78984,1.50,1.13
2012.08.09 02:25:03.731,0.78971,0.78986,1.50,3.53
2012.08.09 02:25:11.772,0.78971,0.78984,1.50,1.13
2012.08.09 02:25:15.895,0.78969,0.78984,1.50,2.63
2012.08.09 02:25:16.388,0.78971,0.78984,1.50,2.63
2012.08.09 02:25:18.951,0.78971,0.78981,1.50,1.13
2012.08.09 02:25:19.015,0.78969,0.78981,1.50,1.13
2012.08.09 02:25:22.662,0.78969,0.78984,1.50,4.13
2012.08.09 02:25:22.843,0.78971,0.78984,1.50,3.38
2012.08.09 02:25:59.734,0.78971,0.78984,1.50,3.38
2012.08.09 02:26:02.909,0.78971,0.78984,1.50,3.38
2012.08.09 02:26:04.516,0.78972,0.78984,1.50,1.13
2012.08.09 02:26:13.706,0.78971,0.78984,1.50,1.13
2012.08.09 02:26:14.053,0.78973,0.78986,1.50,4.28
2012.08.09 02:26:14.489,0.78971,0.78986,1.50,4.28
2012.08.09 02:26:29.990,0.78972,0.78986,1.50,2.78
2012.08.09 02:26:34.119,0.78973,0.78986,1.50,3.53
2012.08.09 02:26:34.751,0.78973,0.78986,1.50,3.53
2012.08.09 02:26:42.145,0.78972,0.78985,1.50,1.50
2012.08.09 02:26:42.838,0.78972,0.78986,1.50,2.03
2012.08.09 02:26:51.597,0.78974,0.78987,1.50,2.40
2012.08.09 02:26:52.154,0.78974,0.78987,1.50,2.40
2012.08.09 02:26:53.662,0.78975,0.78988,1.50,3.15
2012.08.09 02:27:08.118,0.78975,0.78988,2.25,2.40
2012.08.09 02:27:09.851,0.78975,0.78988,2.25,1.50
2012.08.09 02:27:20.665,0.78974,0.78987,1.50,1.13
2012.08.09 02:27:21.018,0.78973,0.78987,1.50,1.13
2012.08.09 02:27:21.429,0.78974,0.78987,2.25,1.88
2012.08.09 02:27:29.400,0.78974,0.78989,3.00,4.50
2012.08.09 02:27:29.929,0.78974,0.78989,4.13,1.50
2012.08.09 02:27:30.285,0.78978,0.78991,1.50,2.25
2012.08.09 02:27:35.041,0.78977,0.7899,1.50,1.50
2012.08.09 02:27:48.234,0.78978,0.78991,1.50,2.25
2012.08.09 02:27:48.641,0.78976,0.78991,1.50,2.25
2012.08.09 02:27:50.921,0.78977,0.78991,1.50,1.88
2012.08.09 02:27:51.530,0.78977,0.7899,1.50,1.50
2012.08.09 02:27:52.264,0.78976,0.78991,1.50,3.38
2012.08.09 02:28:24.588,0.78976,0.7899,1.50,1.13
2012.08.09 02:28:38.766,0.78978,0.7899,1.50,1.13
2012.08.09 02:28:39.323,0.78977,0.7899,1.50,2.63
2012.08.09 02:28:41.809,0.78977,0.7899,1.50,4.13
2012.08.09 02:28:42.421,0.78977,0.78988,1.50,1.88
2012.08.09 02:28:42.495,0.78973,0.78986,2.25,1.88
2012.08.09 02:28:42.620,0.78973,0.78986,1.50,2.10
2012.08.09 02:28:43.089,0.78971,0.78985,2.85,1.50
2012.08.09 02:28:43.637,0.78971,0.78986,2.10,5.25
2012.08.09 02:28:44.152,0.78973,0.78986,1.50,3.38
2012.08.09 02:28:44.217,0.78971,0.78986,3.60,3.38
2012.08.09 02:28:44.339,0.78973,0.78986,1.50,3.38
2012.08.09 02:29:18.828,0.78971,0.78985,1.50,1.88
2012.08.09 02:29:20.508,0.78972,0.78985,1.50,1.88
2012.08.09 02:29:39.890,0.78972,0.78987,2.63,3.23
2012.08.09 02:29:39.954,0.78974,0.78987,1.50,1.73
2012.08.09 02:29:40.838,0.78974,0.78989,1.50,2.25
2012.08.09 02:29:48.150,0.78977,0.78991,1.50,5.25
2012.08.09 02:29:53.732,0.78976,0.78991,3.00,3.38
2012.08.09 02:30:04.459,0.78977,0.78991,1.50,1.88
2012.08.09 02:30:06.078,0.78976,0.78991,1.50,3.38
2012.08.09 02:30:24.771,0.78975,0.7899,1.50,2.25
2012.08.09 02:30:31.016,0.78974,0.78988,1.13,1.50
2012.08.09 02:30:31.522,0.78974,0.78987,2.63,1.50
2012.08.09 02:30:33.727,0.78975,0.78988,1.50,1.50
2012.08.09 02:30:36.924,0.78974,0.78987,2.63,1.50
2012.08.09 02:30:38.148,0.78974,0.78989,2.63,2.25
2012.08.09 02:30:45.195,0.78975,0.78989,1.13,2.25
2012.08.09 02:31:02.705,0.78975,0.78988,1.13,1.50
2012.08.09 02:31:03.416,0.78973,0.78988,1.50,1.50
2012.08.09 02:31:03.943,0.78973,0.78988,1.69,1.50
2012.08.09 02:31:04.809,0.78973,0.78988,1.69,1.50
2012.08.09 02:31:07.734,0.78973,0.78988,1.69,2.25
2012.08.09 02:31:10.202,0.78973,0.78988,1.69,2.25
2012.08.09 02:31:13.844,0.78973,0.78988,1.69,2.25
2012.08.09 02:31:17.311,0.78973,0.78988,1.69,2.25
2012.08.09 02:31:17.840,0.78975,0.78988,2.63,2.25
2012.08.09 02:31:18.378,0.78975,0.78987,1.13,1.50
2012.08.09 02:31:38.862,0.78976,0.78989,1.50,2.25
2012.08.09 02:31:44.870,0.78978,0.78991,1.50,4.50
2012.08.09 02:31:45.409,0.78978,0.78991,1.50,4.88
2012.08.09 02:31:52.351,0.78978,0.78991,1.50,5.25
2012.08.09 02:31:52.907,0.78977,0.7899,1.50,2.25
2012.08.09 02:32:00.008,0.78977,0.78991,1.50,3.00
2012.08.09 02:32:00.854,0.78979,0.78991,1.50,1.88
2012.08.09 02:32:01.379,0.78978,0.78993,1.50,5.25
2012.08.09 02:32:30.655,0.78978,0.78992,1.50,3.00
2012.08.09 02:32:32.603,0.78978,0.78992,1.50,3.75
2012.08.09 02:32:36.876,0.78978,0.78992,1.50,3.75
2012.08.09 02:32:37.424,0.78978,0.78991,1.50,1.13
2012.08.09 02:32:37.968,0.78978,0.78992,1.50,3.75
2012.08.09 02:32:41.287,0.78978,0.78992,1.50,3.75
2012.08.09 02:32:55.410,0.78978,0.78991,1.50,2.25
2012.08.09 02:32:56.051,0.78978,0.78991,1.50,3.38
2012.08.09 02:32:56.114,0.78976,0.78991,3.00,4.88
2012.08.09 02:32:57.328,0.78978,0.78991,1.50,4.50
2012.08.09 02:33:00.974,0.78977,0.7899,1.50,2.25
2012.08.09 02:33:01.494,0.78977,0.7899,1.50,2.25
2012.08.09 02:33:02.051,0.78978,0.78991,1.50,3.38
2012.08.09 02:33:02.951,0.78978,0.78991,1.50,4.50
2012.08.09 02:33:03.873,0.78978,0.78991,1.50,3.38
2012.08.09 02:33:03.936,0.78976,0.78991,1.50,3.38
2012.08.09 02:33:04.461,0.78977,0.78991,1.50,3.00
2012.08.09 02:33:05.264,0.78977,0.78991,1.50,1.88
2012.08.09 02:33:21.306,0.78977,0.78991,2.25,1.13
2012.08.09 02:33:21.951,0.78978,0.78991,1.13,1.13
2012.08.09 02:33:24.276,0.78978,0.78991,1.13,1.13
2012.08.09 02:33:25.529,0.78978,0.78991,1.13,1.13
2012.08.09 02:33:26.060,0.78976,0.78991,3.38,2.63
2012.08.09 02:33:26.594,0.78976,0.78991,1.50,3.38
2012.08.09 02:33:27.673,0.78976,0.78991,1.50,3.38
2012.08.09 02:33:28.517,0.78976,0.78991,1.50,3.75
2012.08.09 02:33:29.333,0.78974,0.78989,2.63,2.25
2012.08.09 02:33:29.865,0.78974,0.78989,2.63,2.25
2012.08.09 02:33:34.124,0.78974,0.78989,2.63,2.25
2012.08.09 02:33:36.885,0.78974,0.78989,2.63,2.25
2012.08.09 02:33:40.230,0.78976,0.78989,1.50,1.50
2012.08.09 02:33:40.801,0.78978,0.78991,1.50,1.50
2012.08.09 02:33:41.330,0.78977,0.7899,1.50,1.50
2012.08.09 02:33:43.295,0.78977,0.78988,1.50,1.13
2012.08.09 02:33:43.359,0.78975,0.78988,1.50,1.13
2012.08.09 02:33:43.890,0.78974,0.78988,1.50,1.13
2012.08.09 02:33:47.103,0.78973,0.78988,2.25,2.63
2012.08.09 02:33:47.640,0.78973,0.78988,2.25,3.38
2012.08.09 02:33:48.672,0.78973,0.78985,1.50,1.13
2012.08.09 02:33:49.203,0.78972,0.78985,1.50,3.38
2012.08.09 02:33:49.744,0.78972,0.78984,1.50,1.13
2012.08.09 02:33:57.567,0.78972,0.78987,1.50,3.38
2012.08.09 02:33:58.093,0.78972,0.78986,1.50,1.88
2012.08.09 02:34:27.675,0.78972,0.78987,1.50,4.88
2012.08.09 02:34:37.129,0.78973,0.78987,1.13,2.25
2012.08.09 02:34:37.309,0.78975,0.78988,1.50,2.25
2012.08.09 02:34:37.819,0.78975,0.78988,1.50,2.25
2012.08.09 02:34:41.483,0.78974,0.78987,1.50,1.50
2012.08.09 02:34:51.449,0.78973,0.78986,2.63,1.50
2012.08.09 02:34:51.974,0.78973,0.78985,1.50,1.13
2012.08.09 02:34:52.096,0.7897,0.78985,3.00,3.38
2012.08.09 02:35:27.065,0.78973,0.78985,1.50,1.13
2012.08.09 02:35:29.547,0.78971,0.78985,1.50,1.13
2012.08.09 02:35:39.841,0.78973,0.78985,1.50,1.13
2012.08.09 02:35:40.127,0.78971,0.78985,3.00,1.13
2012.08.09 02:35:40.246,0.78973,0.78985,1.50,1.13
2012.08.09 02:35:40.820,0.78972,0.78985,1.50,1.50
2012.08.09 02:36:01.744,0.78972,0.78984,1.50,1.13
2012.08.09 02:36:20.804,0.78971,0.78984,1.50,3.38
2012.08.09 02:36:32.793,0.78971,0.78982,1.50,1.13
2012.08.09 02:36:33.030,0.78969,0.78982,1.50,2.63
2012.08.09 02:36:38.693,0.7897,0.78982,1.50,1.13
2012.08.09 02:36:40.988,0.78968,0.78982,1.50,1.13
2012.08.09 02:36:43.227,0.78969,0.78982,1.50,2.63
2012.08.09 02:36:46.476,0.7897,0.78982,1.50,1.13
2012.08.09 02:36:47.392,0.78968,0.78982,2.25,1.13
2012.08.09 02:36:51.912,0.78969,0.78982,1.50,1.13
2012.08.09 02:36:56.908,0.78968,0.78982,2.25,1.13
2012.08.09 02:37:02.446,0.78968,0.78982,2.25,1.88
2012.08.09 02:37:57.413,0.78966,0.78983,2.25,1.88
2012.08.09 02:38:11.454,0.78966,0.78983,2.25,1.88
2012.08.09 02:38:17.664,0.78966,0.78983,2.25,3.00
2012.08.09 02:38:18.181,0.78966,0.78979,3.75,1.50
2012.08.09 02:38:18.708,0.78966,0.78979,1.50,2.25
2012.08.09 02:38:19.239,0.78967,0.7898,1.50,3.38
2012.08.09 02:38:19.475,0.78967,0.7898,1.50,3.38
2012.08.09 02:38:19.887,0.78965,0.7898,1.50,2.63
2012.08.09 02:38:20.513,0.78965,0.7898,1.50,3.38
2012.08.09 02:38:21.735,0.78965,0.78978,1.50,1.50
2012.08.09 02:38:22.094,0.78965,0.78975,1.50,1.13
2012.08.09 02:38:22.217,0.78963,0.78975,1.50,1.13
2012.08.09 02:38:22.399,0.78962,0.78972,1.50,1.13
2012.08.09 02:38:53.106,0.78962,0.78973,1.50,1.88
2012.08.09 02:38:53.636,0.78962,0.78974,1.50,1.13
2012.08.09 02:38:53.873,0.78962,0.78976,1.50,1.88
2012.08.09 02:38:54.229,0.78965,0.78976,1.50,1.88
2012.08.09 02:38:54.878,0.78965,0.78978,1.50,4.88
2012.08.09 02:38:55.237,0.78965,0.78975,1.50,1.13
2012.08.09 02:38:55.417,0.78965,0.78978,1.50,2.25
2012.08.09 02:38:55.657,0.78965,0.78975,1.50,1.13
2012.08.09 02:38:55.839,0.78965,0.78978,1.50,3.60
2012.08.09 02:39:01.260,0.78965,0.78978,1.50,4.13
2012.08.09 02:39:11.516,0.78965,0.78978,1.50,4.13
2012.08.09 02:39:14.272,0.78965,0.78978,1.50,3.38
2012.08.09 02:39:19.483,0.78965,0.78978,1.50,3.38
2012.08.09 02:39:20.508,0.78965,0.78978,1.50,4.13
2012.08.09 02:39:22.233,0.78965,0.78978,1.50,4.13
2012.08.09 02:39:25.737,0.78965,0.78978,1.50,1.13
2012.08.09 02:39:38.907,0.78965,0.78978,1.50,3.00
2012.08.09 02:40:09.461,0.78965,0.78978,1.50,4.88
2012.08.09 02:40:09.987,0.78965,0.78978,1.50,5.63
2012.08.09 02:40:30.288,0.78961,0.78977,1.88,1.13
2012.08.09 02:40:43.113,0.78962,0.78978,1.88,1.88
2012.08.09 02:40:46.581,0.78965,0.78978,1.50,1.88
2012.08.09 02:41:00.897,0.78965,0.78976,1.50,1.88
2012.08.09 02:41:01.423,0.78965,0.78976,1.50,1.88
2012.08.09 02:41:01.545,0.78963,0.78976,1.50,4.13
2012.08.09 02:41:13.358,0.78961,0.78973,1.50,1.88
2012.08.09 02:41:15.854,0.78961,0.78973,1.50,1.88
2012.08.09 02:41:45.610,0.78961,0.78973,1.50,1.88
2012.08.09 02:41:58.699,0.78961,0.78974,1.50,2.63
2012.08.09 02:42:06.563,0.7896,0.78973,1.50,2.25
2012.08.09 02:42:07.196,0.78961,0.78974,1.50,4.13
2012.08.09 02:42:07.734,0.7896,0.78973,1.50,2.25
2012.08.09 02:42:11.388,0.78961,0.78974,1.50,4.13
2012.08.09 02:42:12.648,0.78959,0.78974,1.50,4.13
2012.08.09 02:42:17.076,0.78961,0.78974,1.50,4.13
2012.08.09 02:42:17.139,0.78961,0.78974,1.50,4.13
2012.08.09 02:42:17.665,0.78961,0.78974,1.50,3.38
2012.08.09 02:42:18.592,0.78961,0.78972,1.50,1.13
2012.08.09 02:42:23.471,0.78961,0.78974,1.50,2.63
2012.08.09 02:42:24.939,0.78963,0.78974,1.50,1.13
2012.08.09 02:42:25.060,0.78961,0.78974,3.00,1.13
2012.08.09 02:42:30.046,0.78962,0.78976,1.13,3.75
2012.08.09 02:42:30.111,0.78964,0.78977,1.50,4.35
2012.08.09 02:42:30.700,0.78964,0.78977,1.50,2.25
2012.08.09 02:42:30.767,0.78965,0.7898,1.50,3.75
2012.08.09 02:42:31.006,0.78965,0.78977,1.50,1.13
2012.08.09 02:42:33.606,0.78963,0.78977,1.50,3.38
2012.08.09 02:42:34.133,0.78962,0.78977,2.25,3.38
2012.08.09 02:42:35.515,0.78962,0.78977,1.50,4.13
2012.08.09 02:42:36.043,0.78962,0.78975,1.50,1.13
2012.08.09 02:42:38.363,0.78963,0.78977,1.13,1.50
2012.08.09 02:42:38.896,0.78962,0.78977,1.50,2.63
2012.08.09 02:42:39.134,0.78965,0.78977,1.50,1.13
2012.08.09 02:42:41.205,0.78963,0.78976,1.50,1.50
2012.08.09 02:42:41.913,0.78964,0.78978,1.50,3.75
2012.08.09 02:42:43.428,0.78965,0.78978,1.50,1.88
2012.08.09 02:42:44.277,0.78964,0.78978,1.50,1.88
2012.08.09 02:42:49.209,0.78965,0.78978,1.50,1.88
2012.08.09 02:42:51.736,0.78966,0.78979,1.50,3.00
2012.08.09 02:42:53.778,0.78966,0.78977,1.50,1.13
2012.08.09 02:43:04.524,0.78964,0.78977,3.00,1.13
2012.08.09 02:43:10.991,0.78964,0.78975,1.50,1.13
2012.08.09 02:43:13.441,0.78964,0.78973,1.50,1.13
2012.08.09 02:43:21.141,0.78963,0.78973,3.00,1.13
2012.08.09 02:43:21.817,0.78961,0.78973,1.50,1.88
2012.08.09 02:43:26.965,0.78961,0.78972,1.50,1.13
2012.08.09 02:43:27.266,0.78959,0.78973,3.00,1.13
2012.08.09 02:43:27.798,0.7896,0.78974,1.50,3.38
2012.08.09 02:43:28.309,0.7896,0.78974,2.25,2.63
2012.08.09 02:43:28.375,0.78963,0.78976,1.50,3.60
2012.08.09 02:43:28.911,0.78963,0.78976,2.25,2.25
2012.08.09 02:43:29.459,0.78964,0.78977,1.50,1.50
2012.08.09 02:43:35.588,0.78963,0.78976,3.75,2.25
2012.08.09 02:43:42.283,0.78963,0.78976,2.25,2.25
2012.08.09 02:43:42.839,0.78963,0.78974,1.50,1.50
2012.08.09 02:43:46.030,0.78963,0.78974,1.50,1.50
2012.08.09 02:43:46.956,0.78962,0.78974,1.50,1.50
2012.08.09 02:43:47.486,0.78962,0.78975,1.50,3.00
2012.08.09 02:43:48.025,0.78962,0.78975,1.50,3.00
2012.08.09 02:43:48.551,0.78961,0.78975,1.50,3.00
2012.08.09 02:43:57.021,0.78962,0.78975,1.50,3.00
2012.08.09 02:44:00.011,0.78962,0.78975,1.50,1.88
2012.08.09 02:44:14.130,0.78962,0.78976,1.50,1.88
2012.08.09 02:44:14.672,0.78963,0.78975,1.50,1.50
2012.08.09 02:44:15.086,0.78963,0.78975,1.50,1.50
2012.08.09 02:44:15.267,0.78963,0.78976,1.50,5.63
2012.08.09 02:44:23.706,0.78965,0.78976,1.50,1.50
2012.08.09 02:44:32.866,0.78965,0.78974,1.50,1.13
2012.08.09 02:44:32.930,0.78962,0.78974,2.25,1.13
2012.08.09 02:44:36.874,0.78962,0.78976,2.63,1.50
2012.08.09 02:44:37.512,0.78965,0.78976,1.50,2.63
2012.08.09 02:44:51.637,0.78965,0.78976,1.50,1.88
2012.08.09 02:44:52.170,0.78966,0.78976,1.50,1.88
2012.08.09 02:45:09.396,0.78966,0.78978,1.50,1.50
2012.08.09 02:45:09.810,0.78967,0.7898,1.50,1.13
2012.08.09 02:45:10.474,0.78967,0.7898,1.50,3.38
2012.08.09 02:45:19.265,0.78967,0.7898,1.50,3.38
2012.08.09 02:45:25.423,0.78966,0.7898,3.00,1.88
2012.08.09 02:45:26.758,0.78967,0.7898,1.50,1.88
2012.08.09 02:45:28.760,0.78968,0.7898,1.50,1.88
2012.08.09 02:45:32.160,0.78966,0.7898,1.50,1.88
2012.08.09 02:45:34.623,0.78967,0.7898,1.50,1.88
2012.08.09 02:45:35.155,0.78966,0.78981,1.50,2.25
2012.08.09 02:45:35.712,0.78966,0.78981,1.50,2.25
2012.08.09 02:45:38.616,0.78966,0.78981,1.50,4.13
2012.08.09 02:45:38.916,0.78964,0.78979,1.50,2.63
2012.08.09 02:45:39.567,0.78966,0.78979,1.50,4.13
2012.08.09 02:45:40.103,0.78965,0.78978,1.50,1.50
2012.08.09 02:45:41.063,0.78965,0.78978,1.50,2.25
2012.08.09 02:45:41.536,0.78965,0.78979,1.50,2.63
2012.08.09 02:45:46.539,0.78965,0.78979,1.50,2.63
2012.08.09 02:45:48.294,0.78965,0.78979,1.50,3.38
2012.08.09 02:45:48.827,0.78964,0.78977,1.50,1.88
2012.08.09 02:45:49.187,0.78963,0.78975,1.50,2.63
2012.08.09 02:45:49.484,0.78963,0.78976,1.50,4.50
2012.08.09 02:45:50.014,0.78964,0.78976,1.50,4.13
2012.08.09 02:45:50.556,0.78964,0.78976,1.50,2.25
2012.08.09 02:45:51.089,0.78964,0.78977,1.50,2.25
2012.08.09 02:45:51.270,0.78966,0.78977,1.50,2.25
2012.08.09 02:45:52.627,0.78965,0.78978,1.50,3.00
2012.08.09 02:45:53.632,0.78965,0.78978,1.50,1.88
2012.08.09 02:45:54.171,0.78965,0.78979,2.63,1.50
2012.08.09 02:46:03.979,0.78965,0.7898,2.63,4.13
2012.08.09 02:46:04.451,0.78967,0.7898,1.50,2.63
2012.08.09 02:46:04.988,0.78966,0.7898,1.50,1.50
2012.08.09 02:46:14.626,0.78967,0.7898,1.50,1.50
2012.08.09 02:46:19.055,0.78967,0.78982,1.50,2.25
2012.08.09 02:46:20.124,0.78967,0.78982,1.50,5.63
2012.08.09 02:46:21.074,0.78967,0.78982,1.50,4.13
2012.08.09 02:46:21.618,0.78967,0.78981,1.50,1.50
2012.08.09 02:46:22.146,0.78967,0.78981,1.50,1.50
2012.08.09 02:46:22.874,0.78966,0.78981,1.50,3.00
2012.08.09 02:46:23.105,0.78968,0.78981,1.50,3.00
2012.08.09 02:46:23.634,0.78968,0.78981,1.50,2.25
2012.08.09 02:46:24.530,0.78967,0.7898,1.50,1.50
2012.08.09 02:46:25.060,0.78968,0.78981,1.50,3.75
2012.08.09 02:46:39.103,0.78967,0.78981,1.50,1.88
2012.08.09 02:46:39.608,0.78968,0.78981,1.50,3.38
2012.08.09 02:46:40.135,0.78967,0.78981,1.50,1.88
2012.08.09 02:46:57.249,0.78969,0.78981,1.50,1.13
2012.08.09 02:47:01.108,0.78969,0.78981,1.50,1.88
2012.08.09 02:47:01.290,0.78966,0.78979,1.50,1.88
2012.08.09 02:47:01.648,0.78967,0.78981,1.50,3.00
2012.08.09 02:47:02.175,0.78968,0.78981,1.50,3.38
2012.08.09 02:47:02.298,0.78966,0.78981,1.50,3.38
2012.08.09 02:47:02.479,0.78968,0.78981,1.50,3.38
2012.08.09 02:47:02.601,0.78966,0.78981,1.50,3.38
2012.08.09 02:47:02.723,0.78968,0.78981,1.50,3.38
2012.08.09 02:47:03.019,0.78966,0.78981,1.50,3.38
2012.08.09 02:47:05.773,0.78968,0.78981,1.50,1.50
2012.08.09 02:47:06.130,0.7897,0.78982,1.50,1.50
2012.08.09 02:47:06.591,0.78967,0.78982,1.50,1.50
2012.08.09 02:47:06.656,0.78967,0.7898,1.50,1.50
2012.08.09 02:47:07.186,0.78968,0.78981,1.50,2.25
2012.08.09 02:47:13.843,0.78968,0.78981,1.50,1.50
2012.08.09 02:47:18.907,0.78969,0.78983,1.50,2.63
2012.08.09 02:47:29.427,0.78969,0.78981,1.50,1.13
2012.08.09 02:47:29.951,0.78968,0.78981,1.50,2.63
2012.08.09 02:47:51.247,0.7897,0.78983,1.50,3.00
2012.08.09 02:47:51.898,0.7897,0.78983,1.50,4.50
2012.08.09 02:47:52.200,0.78962,0.78975,1.50,2.25
2012.08.09 02:47:52.439,0.78962,0.78974,1.50,1.88
2012.08.09 02:47:52.504,0.7896,0.78973,1.50,2.25
2012.08.09 02:47:53.039,0.7896,0.78973,1.50,3.00
2012.08.09 02:47:54.676,0.78957,0.78972,3.00,2.25
2012.08.09 02:48:01.378,0.78956,0.78971,2.63,1.50
2012.08.09 02:48:01.991,0.78957,0.78972,1.50,1.50
2012.08.09 02:48:03.533,0.78956,0.78971,3.83,1.50
2012.08.09 02:48:03.767,0.78958,0.78971,1.50,1.50
2012.08.09 02:48:06.169,0.78961,0.78974,1.50,4.13
2012.08.09 02:48:06.704,0.7896,0.78973,1.50,1.50
2012.08.09 02:48:14.922,0.7896,0.78973,1.50,4.88
2012.08.09 02:48:14.987,0.78958,0.78971,1.50,1.50
2012.08.09 02:48:17.953,0.78958,0.7897,1.50,1.50
2012.08.09 02:48:18.079,0.78955,0.78967,2.25,1.13
2012.08.09 02:48:18.616,0.78955,0.78968,1.50,1.88
2012.08.09 02:48:18.801,0.78958,0.7897,1.50,2.63
2012.08.09 02:48:18.865,0.78958,0.7897,1.50,2.63
2012.08.09 02:48:34.109,0.78958,0.78971,1.50,1.50
2012.08.09 02:48:34.527,0.7896,0.78974,1.50,2.63
2012.08.09 02:48:35.076,0.7896,0.78975,2.63,2.25
2012.08.09 02:48:35.696,0.7896,0.78973,1.50,1.13
2012.08.09 02:48:37.191,0.7896,0.78973,1.50,4.88
2012.08.09 02:48:37.375,0.78956,0.78971,2.25,1.50
2012.08.09 02:48:37.905,0.78956,0.78971,2.25,3.75
2012.08.09 02:48:40.714,0.78956,0.78969,3.00,1.13
2012.08.09 02:48:41.254,0.78956,0.7897,1.50,1.88
2012.08.09 02:48:55.844,0.78956,0.7897,1.50,3.38
2012.08.09 02:48:58.146,0.78956,0.78968,1.50,1.13
2012.08.09 02:49:23.952,0.78955,0.78968,1.50,3.00
2012.08.09 02:49:24.481,0.78955,0.78968,1.50,3.00
2012.08.09 02:49:24.661,0.78955,0.78966,1.50,1.13
2012.08.09 02:49:24.899,0.78955,0.78968,1.50,2.25
2012.08.09 02:49:25.445,0.78956,0.78969,1.50,3.00
2012.08.09 02:49:54.220,0.78956,0.78968,1.50,1.88
2012.08.09 02:49:58.174,0.78958,0.78969,1.50,1.50
2012.08.09 02:49:58.470,0.78958,0.7897,1.50,1.50
2012.08.09 02:49:59.203,0.78958,0.7897,1.50,1.50
2012.08.09 02:50:05.195,0.78957,0.7897,1.50,2.25
2012.08.09 02:50:05.725,0.78956,0.7897,1.50,1.88
2012.08.09 02:50:06.255,0.78957,0.7897,1.50,3.38
2012.08.09 02:50:27.700,0.78957,0.78971,1.50,2.63
2012.08.09 02:50:31.606,0.78956,0.78969,1.50,1.50
2012.08.09 02:50:34.940,0.78956,0.78971,1.50,3.38
2012.08.09 02:50:40.497,0.78957,0.7897,1.50,1.50
2012.08.09 02:50:41.053,0.78955,0.7897,2.25,1.50
2012.08.09 02:51:13.486,0.78955,0.7897,2.25,1.50
2012.08.09 02:51:14.013,0.78955,0.7897,2.25,2.25
2012.08.09 02:51:24.066,0.78955,0.7897,2.25,2.63
2012.08.09 02:51:24.864,0.78956,0.78971,3.00,1.50
2012.08.09 02:51:25.346,0.78956,0.78969,1.50,1.50
2012.08.09 02:51:26.236,0.78957,0.7897,1.50,1.50
2012.08.09 02:51:26.358,0.78955,0.7897,2.25,1.50
2012.08.09 02:51:26.480,0.78957,0.7897,1.50,1.50
2012.08.09 02:51:27.006,0.78956,0.78969,1.50,1.50
2012.08.09 02:51:28.565,0.78956,0.78971,1.50,2.25
2012.08.09 02:51:32.449,0.78956,0.78971,2.63,1.50
2012.08.09 02:51:32.974,0.78958,0.78971,1.50,1.50
2012.08.09 02:51:33.743,0.78957,0.78972,2.25,4.88
2012.08.09 02:51:34.351,0.78957,0.78972,2.25,4.88
2012.08.09 02:51:35.822,0.78958,0.78971,1.50,1.50
2012.08.09 02:51:37.152,0.78956,0.78971,4.88,1.50
2012.08.09 02:51:39.282,0.78956,0.78969,2.25,1.50
2012.08.09 02:51:39.807,0.78956,0.78969,1.50,1.50
2012.08.09 02:51:41.272,0.78956,0.78969,2.63,1.50
2012.08.09 02:51:41.395,0.78956,0.78971,4.07,3.38
2012.08.09 02:51:42.175,0.78956,0.78971,3.38,2.25
2012.08.09 02:51:52.124,0.78957,0.7897,1.50,1.50
2012.08.09 02:51:55.216,0.78956,0.78969,3.38,1.50
2012.08.09 02:51:55.740,0.78956,0.7897,1.88,1.50
2012.08.09 02:51:58.688,0.78956,0.78971,2.25,3.00
2012.08.09 02:51:59.213,0.78956,0.78971,2.63,1.50
2012.08.09 02:51:59.335,0.78956,0.78969,2.63,1.50
2012.08.09 02:51:59.399,0.78958,0.78971,1.50,3.00
2012.08.09 02:52:19.665,0.78958,0.78972,1.50,1.88
2012.08.09 02:52:29.430,0.78958,0.7897,1.50,1.13
2012.08.09 02:52:29.552,0.78956,0.7897,2.25,1.13
2012.08.09 02:52:30.158,0.78958,0.7897,1.50,1.13
2012.08.09 02:52:36.944,0.78959,0.78971,1.13,1.50
2012.08.09 02:52:37.127,0.7896,0.78973,1.50,1.50
2012.08.09 02:52:38.742,0.78961,0.78973,1.50,1.13
2012.08.09 02:52:39.274,0.7896,0.78973,1.50,2.63
2012.08.09 02:52:41.241,0.78959,0.78973,1.50,1.13
2012.08.09 02:52:41.749,0.7896,0.78973,1.50,1.13
2012.08.09 02:52:43.286,0.7896,0.78975,1.50,3.38
2012.08.09 02:53:11.614,0.78959,0.78974,2.63,3.00
2012.08.09 02:53:11.677,0.78959,0.78974,2.63,3.00
2012.08.09 02:53:12.236,0.7896,0.78974,1.50,1.50
2012.08.09 02:53:12.861,0.7896,0.78971,1.50,1.13
2012.08.09 02:53:13.105,0.78957,0.7897,1.50,1.88
2012.08.09 02:53:13.639,0.78957,0.78971,1.50,1.50
2012.08.09 02:53:16.025,0.78958,0.78971,1.50,3.75
2012.08.09 02:53:19.672,0.78956,0.78971,1.50,3.00
2012.08.09 02:53:23.246,0.78958,0.78971,1.50,3.00
2012.08.09 02:53:23.782,0.78957,0.7897,1.50,2.25
2012.08.09 02:53:24.307,0.78956,0.78971,1.50,3.00
2012.08.09 02:53:24.911,0.78957,0.78971,1.50,1.50
2012.08.09 02:53:24.975,0.78957,0.78971,1.50,1.50
2012.08.09 02:53:25.500,0.78958,0.78971,1.50,2.25
2012.08.09 02:53:27.997,0.78957,0.78972,1.50,4.13
2012.08.09 02:53:28.525,0.78956,0.78971,3.00,2.25
2012.08.09 02:53:29.279,0.78957,0.7897,1.50,2.25
2012.08.09 02:53:31.499,0.78958,0.78971,1.50,2.25
2012.08.09 02:53:35.982,0.78958,0.78971,1.50,2.25
2012.08.09 02:53:48.492,0.78957,0.78969,1.13,1.50
2012.08.09 02:53:52.496,0.78957,0.78971,1.13,1.50
2012.08.09 02:53:54.309,0.78957,0.7897,2.63,1.50
2012.08.09 02:53:55.158,0.78957,0.78969,1.13,1.50
2012.08.09 02:53:55.669,0.78957,0.7897,1.13,1.50
2012.08.09 02:54:02.754,0.78957,0.78971,1.13,1.50
2012.08.09 02:54:03.399,0.78957,0.78969,1.13,1.50
2012.08.09 02:54:21.311,0.78956,0.78969,1.50,1.50
2012.08.09 02:54:21.669,0.78954,0.78967,3.75,1.50
2012.08.09 02:54:22.445,0.78955,0.78968,1.50,2.25
2012.08.09 02:54:22.998,0.78954,0.78967,1.50,1.50
2012.08.09 02:54:24.145,0.78956,0.78967,1.13,1.50
2012.08.09 02:54:24.328,0.78954,0.78967,3.38,1.50
2012.08.09 02:54:24.908,0.78955,0.78968,2.25,1.50
2012.08.09 02:54:24.983,0.78955,0.7897,2.25,1.50
2012.08.09 02:54:25.662,0.78955,0.7897,2.25,1.50
2012.08.09 02:54:26.829,0.78956,0.78971,3.38,1.50
2012.08.09 02:54:27.358,0.78956,0.78971,3.38,1.50
2012.08.09 02:54:27.711,0.78956,0.78969,3.38,1.50
2012.08.09 02:54:28.868,0.78956,0.78971,3.38,1.50
2012.08.09 02:54:33.603,0.78955,0.7897,2.63,1.50
2012.08.09 02:54:34.105,0.78955,0.7897,2.25,1.50
2012.08.09 02:54:35.809,0.78957,0.7897,1.50,1.50
2012.08.09 02:54:37.672,0.78956,0.78969,3.38,1.50
2012.08.09 02:54:37.794,0.78956,0.78971,3.38,3.00
2012.08.09 02:54:38.297,0.78957,0.7897,2.25,1.50
2012.08.09 02:54:41.407,0.78955,0.7897,2.25,1.50
2012.08.09 02:55:03.281,0.78957,0.78972,1.50,4.13
2012.08.09 02:55:04.448,0.78957,0.78972,1.50,3.00
2012.08.09 02:55:11.608,0.78958,0.78972,1.13,2.25
2012.08.09 02:55:12.231,0.78959,0.78972,1.50,1.50
2012.08.09 02:55:12.304,0.78963,0.78976,1.50,1.50
2012.08.09 02:55:22.106,0.78964,0.78977,1.50,1.13
2012.08.09 02:55:23.154,0.78966,0.78978,1.50,1.13
2012.08.09 02:55:23.660,0.78965,0.78978,1.50,1.13
2012.08.09 02:55:32.932,0.78965,0.78979,1.50,1.13
2012.08.09 02:55:42.396,0.78965,0.78977,1.50,1.13
2012.08.09 02:55:42.930,0.78965,0.7898,1.50,4.13
2012.08.09 02:55:44.754,0.78966,0.78979,1.50,2.25
2012.08.09 02:55:45.052,0.78964,0.78979,1.50,2.25
2012.08.09 02:55:45.701,0.78965,0.7898,1.50,4.13
2012.08.09 02:55:46.598,0.78964,0.78979,1.50,2.25
2012.08.09 02:55:46.661,0.78966,0.78979,1.50,2.25
2012.08.09 02:55:47.362,0.78965,0.7898,1.50,3.38
2012.08.09 02:55:48.221,0.78966,0.78979,1.50,2.25
2012.08.09 02:55:48.985,0.78965,0.7898,1.50,3.38
2012.08.09 02:55:49.516,0.78966,0.78979,1.50,2.25
2012.08.09 02:55:53.264,0.78966,0.78979,1.50,2.25
2012.08.09 02:56:17.748,0.78968,0.78981,1.50,1.50
2012.08.09 02:56:18.274,0.78967,0.7898,1.50,1.50
2012.08.09 02:56:27.219,0.78968,0.78981,1.50,2.63
2012.08.09 02:56:32.397,0.78966,0.78981,1.50,2.63
2012.08.09 02:56:33.335,0.78968,0.78981,1.50,2.63
2012.08.09 02:56:33.878,0.78967,0.7898,1.50,1.50
2012.08.09 02:56:36.677,0.78966,0.78981,1.50,2.63
2012.08.09 02:56:42.270,0.78967,0.78981,1.50,1.13
2012.08.09 02:56:45.315,0.78965,0.7898,3.38,1.50
2012.08.09 02:56:55.424,0.78965,0.7898,3.38,1.50
2012.08.09 02:57:25.054,0.78965,0.78978,3.38,1.50
2012.08.09 02:57:27.880,0.78965,0.78979,1.88,1.50
2012.08.09 02:57:28.734,0.78965,0.78978,1.88,1.50
2012.08.09 02:57:29.608,0.78965,0.78979,1.88,1.50
2012.08.09 02:57:30.192,0.78965,0.78977,1.88,1.50
2012.08.09 02:57:30.717,0.78965,0.78978,3.38,1.50
2012.08.09 02:57:32.650,0.78965,0.78977,1.88,1.50
2012.08.09 02:57:35.240,0.78965,0.78978,3.38,1.50
2012.08.09 02:57:35.802,0.78965,0.78977,1.88,1.50
2012.08.09 02:57:50.322,0.78964,0.78977,1.88,1.50
2012.08.09 02:58:00.534,0.78964,0.78979,3.38,1.50
2012.08.09 02:58:01.114,0.78964,0.78977,2.63,1.50
2012.08.09 02:58:01.235,0.78964,0.78979,2.63,3.00
2012.08.09 02:58:03.508,0.78964,0.78977,2.63,1.50
2012.08.09 02:58:04.127,0.78965,0.78978,1.50,1.50
2012.08.09 02:58:06.221,0.78964,0.78978,1.13,1.50
2012.08.09 02:58:16.124,0.78964,0.78977,2.63,1.50
2012.08.09 02:58:19.767,0.78965,0.78977,1.13,1.50
2012.08.09 02:58:20.340,0.78965,0.78976,1.13,1.50
2012.08.09 02:58:20.864,0.78965,0.78977,1.13,1.50
2012.08.09 02:58:27.688,0.78965,0.78978,1.13,2.25
2012.08.09 02:58:28.453,0.78965,0.78977,1.13,1.50
2012.08.09 02:58:34.203,0.78964,0.78977,1.50,1.50
2012.08.09 02:58:34.732,0.78964,0.78979,2.63,2.25
2012.08.09 02:58:35.283,0.78964,0.78979,2.63,1.50
2012.08.09 02:58:57.944,0.78966,0.78979,1.13,1.50
2012.08.09 02:58:58.121,0.78966,0.78981,2.63,1.50
2012.08.09 02:58:58.646,0.78965,0.7898,1.50,1.50
2012.08.09 02:59:12.786,0.78965,0.7898,1.88,1.50
2012.08.09 02:59:13.450,0.78969,0.7898,1.13,1.50
2012.08.09 02:59:13.758,0.78969,0.78983,1.13,2.25
2012.08.09 02:59:15.702,0.78969,0.78984,2.63,2.25
2012.08.09 02:59:16.203,0.7897,0.78983,1.50,1.50
2012.08.09 02:59:16.799,0.78969,0.78983,1.13,1.50
2012.08.09 02:59:17.417,0.78969,0.78982,2.63,1.50
2012.08.09 02:59:54.039,0.78972,0.78982,1.13,1.50
2012.08.09 02:59:54.102,0.78972,0.78984,1.13,1.50
2012.08.09 02:59:54.667,0.78972,0.78983,1.13,1.50
2012.08.09 02:59:58.251,0.78969,0.78983,1.13,1.50
2012.08.09 02:59:58.372,0.78969,0.7898,1.13,1.50
