2012.08.09 05:00:01.420,0.78968,0.7898,1.88,1.50
2012.08.09 05:00:01.775,0.78966,0.78979,2.25,1.50
2012.08.09 05:00:01.841,0.78968,0.78979,1.13,1.50
2012.08.09 05:00:01.906,0.78968,0.78981,1.13,1.50
2012.08.09 05:00:02.030,0.78972,0.78982,1.13,1.50
2012.08.09 05:00:02.672,0.78972,0.78983,1.13,1.50
2012.08.09 05:00:02.917,0.78972,0.78986,1.13,2.63
2012.08.09 05:00:05.629,0.78972,0.78985,1.13,1.50
2012.08.09 05:00:06.126,0.7897,0.78983,2.25,1.13
2012.08.09 05:00:06.666,0.7897,0.78982,1.88,1.50
2012.08.09 05:00:11.445,0.78969,0.78982,1.50,2.63
2012.08.09 05:00:11.748,0.78968,0.78979,1.88,1.50
2012.08.09 05:00:12.399,0.78968,0.78979,1.88,1.50
2012.08.09 05:00:12.462,0.78968,0.78981,1.88,1.50
2012.08.09 05:00:14.364,0.78966,0.78979,3.38,1.50
2012.08.09 05:00:14.603,0.78966,0.78979,2.25,2.63
2012.08.09 05:00:15.021,0.78964,0.78978,2.25,1.50
2012.08.09 05:00:15.673,0.78964,0.78979,2.25,2.63
2012.08.09 05:00:17.135,0.78967,0.78979,1.13,1.50
2012.08.09 05:00:17.726,0.78967,0.78981,1.88,2.63
2012.08.09 05:00:18.247,0.78967,0.78979,1.88,1.50
2012.08.09 05:00:18.919,0.78967,0.7898,3.38,1.50
2012.08.09 05:00:20.022,0.78967,0.78981,1.88,2.63
2012.08.09 05:00:26.109,0.78967,0.78979,1.88,1.50
2012.08.09 05:00:26.546,0.78964,0.78977,1.50,1.50
2012.08.09 05:00:26.970,0.78961,0.78976,2.25,2.63
2012.08.09 05:00:27.451,0.78961,0.78973,2.25,1.13
2012.08.09 05:00:27.518,0.78961,0.78973,2.25,1.13
2012.08.09 05:00:27.582,0.78964,0.78974,1.13,1.50
2012.08.09 05:00:27.649,0.78964,0.78976,1.13,1.50
2012.08.09 05:00:27.833,0.78961,0.78976,3.60,1.50
2012.08.09 05:00:28.360,0.78961,0.78976,3.38,1.50
2012.08.09 05:00:28.612,0.78963,0.78975,1.13,1.50
2012.08.09 05:00:31.849,0.78963,0.78975,1.88,1.50
2012.08.09 05:00:32.031,0.78964,0.78977,2.25,1.50
2012.08.09 05:00:32.272,0.78965,0.78979,1.88,1.50
2012.08.09 05:00:32.809,0.78965,0.78978,1.88,1.50
2012.08.09 05:00:57.387,0.78965,0.78975,1.88,1.50
2012.08.09 05:01:10.897,0.78965,0.78976,1.13,1.50
2012.08.09 05:01:11.254,0.78965,0.78974,1.13,1.50
2012.08.09 05:01:11.493,0.78965,0.78976,1.13,1.50
2012.08.09 05:01:17.140,0.78965,0.78977,1.88,1.50
2012.08.09 05:01:17.438,0.7897,0.7898,1.13,1.50
2012.08.09 05:01:17.563,0.78968,0.7898,1.88,1.50
2012.08.09 05:01:22.086,0.78969,0.7898,1.13,1.50
2012.08.09 05:01:22.155,0.78973,0.78981,1.13,1.50
2012.08.09 05:01:22.281,0.78973,0.78983,1.13,3.00
2012.08.09 05:01:26.618,0.78971,0.78983,1.88,1.50
2012.08.09 05:01:28.418,0.78972,0.78983,1.13,1.50
2012.08.09 05:01:29.586,0.78972,0.78984,1.88,1.50
2012.08.09 05:01:30.248,0.78972,0.78985,1.88,1.50
2012.08.09 05:01:30.543,0.78974,0.78985,1.13,1.50
2012.08.09 05:01:30.846,0.78972,0.78983,1.88,1.13
2012.08.09 05:01:31.092,0.78974,0.78985,1.13,1.50
2012.08.09 05:01:31.273,0.78974,0.78982,1.13,1.50
2012.08.09 05:01:31.338,0.78971,0.78982,3.38,1.50
2012.08.09 05:01:31.464,0.78969,0.78982,1.50,2.63
2012.08.09 05:01:31.589,0.78969,0.7898,1.13,1.50
2012.08.09 05:01:31.891,0.78967,0.78979,1.50,1.50
2012.08.09 05:01:32.605,0.78965,0.7898,1.88,1.50
2012.08.09 05:01:36.902,0.78968,0.7898,1.13,1.50
2012.08.09 05:01:42.736,0.78968,0.78979,1.13,1.50
2012.08.09 05:01:45.681,0.78968,0.78982,1.13,1.13
2012.08.09 05:01:45.803,0.78968,0.7898,1.88,1.50
2012.08.09 05:01:53.368,0.78965,0.78977,1.88,1.50
2012.08.09 05:01:53.798,0.78963,0.78977,3.38,1.50
2012.08.09 05:01:54.333,0.78963,0.78976,1.88,1.50
2012.08.09 05:01:54.866,0.78963,0.78977,1.88,1.50
2012.08.09 05:02:10.383,0.78963,0.78978,3.38,1.50
2012.08.09 05:02:10.568,0.78965,0.78978,1.88,1.50
2012.08.09 05:02:19.339,0.78964,0.78976,1.88,1.50
2012.08.09 05:02:19.404,0.78964,0.78976,1.88,1.50
2012.08.09 05:02:21.367,0.78966,0.78976,1.13,1.50
2012.08.09 05:02:21.608,0.78962,0.78976,3.38,2.63
2012.08.09 05:02:22.198,0.78963,0.78976,1.88,1.50
2012.08.09 05:02:24.041,0.78966,0.78976,1.13,1.50
2012.08.09 05:02:24.572,0.78966,0.78978,1.13,1.50
2012.08.09 05:02:37.732,0.78967,0.78978,1.13,1.50
2012.08.09 05:02:38.272,0.78967,0.7898,1.13,1.50
2012.08.09 05:02:43.157,0.78967,0.78979,1.13,1.50
2012.08.09 05:02:43.699,0.78967,0.7898,1.13,1.50
2012.08.09 05:02:45.676,0.78969,0.7898,1.13,1.50
2012.08.09 05:02:46.087,0.78966,0.7898,2.63,1.50
2012.08.09 05:02:46.725,0.78968,0.7898,1.13,1.50
2012.08.09 05:02:54.442,0.78967,0.78981,1.88,1.13
2012.08.09 05:02:54.682,0.78968,0.78981,2.25,1.13
2012.08.09 05:02:56.917,0.78969,0.78984,1.88,1.50
2012.08.09 05:02:58.109,0.7897,0.78985,1.50,2.63
2012.08.09 05:03:00.583,0.78973,0.78985,1.13,1.50
2012.08.09 05:03:14.432,0.78971,0.78985,1.88,2.63
2012.08.09 05:03:31.671,0.78971,0.78983,1.88,1.50
2012.08.09 05:03:42.054,0.78972,0.78985,1.50,1.50
2012.08.09 05:03:46.445,0.78973,0.78985,1.13,1.50
2012.08.09 05:03:48.870,0.78973,0.78984,1.13,1.50
2012.08.09 05:03:52.797,0.78973,0.78986,1.88,1.50
2012.08.09 05:04:04.923,0.78976,0.78986,1.13,1.50
2012.08.09 05:04:05.045,0.78976,0.78988,1.13,3.00
2012.08.09 05:04:09.733,0.78975,0.78988,1.50,1.50
2012.08.09 05:04:09.973,0.78973,0.78987,1.88,1.50
2012.08.09 05:04:12.728,0.78972,0.78986,2.25,1.13
2012.08.09 05:04:13.028,0.78971,0.78984,2.25,1.50
2012.08.09 05:04:13.557,0.78971,0.78984,2.25,1.50
2012.08.09 05:04:14.092,0.78972,0.78985,1.50,1.50
2012.08.09 05:04:15.645,0.7897,0.78985,4.88,1.50
2012.08.09 05:04:18.054,0.78972,0.78985,1.50,1.50
2012.08.09 05:04:19.952,0.78971,0.78984,2.25,1.50
2012.08.09 05:04:23.351,0.78971,0.78984,2.25,1.50
2012.08.09 05:04:23.707,0.78974,0.78986,1.13,1.50
2012.08.09 05:04:31.850,0.78972,0.78986,1.88,2.63
2012.08.09 05:04:32.379,0.78972,0.78985,1.13,1.50
2012.08.09 05:04:34.400,0.78974,0.78985,1.13,1.50
2012.08.09 05:04:35.188,0.78974,0.78986,1.13,1.50
2012.08.09 05:04:35.827,0.78974,0.78985,1.13,1.50
2012.08.09 05:04:35.890,0.78971,0.78985,1.88,1.50
2012.08.09 05:04:37.322,0.78971,0.78985,1.88,1.50
2012.08.09 05:04:37.445,0.78971,0.78986,3.38,1.50
2012.08.09 05:04:47.071,0.78971,0.78986,3.38,1.50
2012.08.09 05:04:47.598,0.78971,0.78985,1.88,1.50
2012.08.09 05:04:51.110,0.78971,0.78984,3.38,1.50
2012.08.09 05:04:51.660,0.78972,0.78985,2.25,1.50
2012.08.09 05:04:54.182,0.78971,0.78984,3.38,1.50
2012.08.09 05:04:54.814,0.78972,0.78985,2.25,1.50
2012.08.09 05:04:55.454,0.78971,0.78984,3.38,1.50
2012.08.09 05:04:55.573,0.78971,0.78986,3.38,1.50
2012.08.09 05:04:55.806,0.78971,0.78984,3.38,1.50
2012.08.09 05:04:55.927,0.78971,0.78986,3.38,3.00
2012.08.09 05:04:56.496,0.78971,0.78985,1.88,1.50
2012.08.09 05:04:57.739,0.7897,0.78984,2.25,1.13
2012.08.09 05:04:58.094,0.78969,0.78983,1.50,1.50
2012.08.09 05:05:12.076,0.78969,0.78984,2.25,2.63
2012.08.09 05:05:17.949,0.78971,0.78984,1.13,1.50
2012.08.09 05:05:18.383,0.78973,0.78984,1.13,1.50
2012.08.09 05:05:18.919,0.78972,0.78985,2.63,1.50
2012.08.09 05:05:19.574,0.78974,0.78987,1.50,1.50
2012.08.09 05:05:31.966,0.78972,0.78987,4.13,1.50
2012.08.09 05:05:41.229,0.78972,0.78987,2.25,2.63
2012.08.09 05:05:41.585,0.78971,0.78984,4.88,1.50
2012.08.09 05:05:41.885,0.78971,0.78984,3.38,1.50
2012.08.09 05:05:47.070,0.78971,0.78986,3.38,1.50
2012.08.09 05:05:47.713,0.78971,0.78985,1.88,1.50
2012.08.09 05:05:48.244,0.78971,0.78984,3.38,1.50
2012.08.09 05:05:48.715,0.78971,0.78986,3.38,1.50
2012.08.09 05:05:51.302,0.78971,0.78984,3.38,1.50
2012.08.09 05:05:51.830,0.78971,0.78985,1.88,1.50
2012.08.09 05:06:02.544,0.78971,0.78982,1.13,1.50
2012.08.09 05:06:02.845,0.78971,0.78984,1.13,1.50
2012.08.09 05:06:08.309,0.78971,0.78986,2.63,3.00
2012.08.09 05:06:13.095,0.78971,0.78984,2.63,1.50
2012.08.09 05:06:13.608,0.78971,0.78985,1.13,1.50
2012.08.09 05:06:18.184,0.7897,0.78985,2.63,1.50
2012.08.09 05:06:22.913,0.7897,0.78984,1.50,1.13
2012.08.09 05:06:23.437,0.78969,0.78982,2.25,1.50
2012.08.09 05:06:23.964,0.7897,0.78983,1.50,1.50
2012.08.09 05:06:24.496,0.78968,0.78983,4.13,1.50
2012.08.09 05:06:25.040,0.78969,0.78984,2.25,4.13
2012.08.09 05:06:25.556,0.7897,0.78984,1.88,1.50
2012.08.09 05:06:26.085,0.7897,0.78983,1.88,1.50
2012.08.09 05:06:26.963,0.7897,0.78982,1.88,1.50
2012.08.09 05:06:27.202,0.7897,0.78984,1.88,1.50
2012.08.09 05:06:27.441,0.7897,0.78982,1.88,1.50
2012.08.09 05:06:35.095,0.7897,0.78981,1.88,1.50
2012.08.09 05:06:39.773,0.7897,0.78982,1.13,1.50
2012.08.09 05:06:41.752,0.7897,0.78983,2.63,1.50
2012.08.09 05:06:47.199,0.7897,0.78984,1.13,1.50
2012.08.09 05:06:47.500,0.7897,0.78982,1.13,1.50
2012.08.09 05:06:48.057,0.7897,0.78983,2.63,1.50
2012.08.09 05:06:53.749,0.78968,0.78981,3.00,1.13
2012.08.09 05:07:00.740,0.78967,0.78979,1.88,1.50
2012.08.09 05:07:01.270,0.78967,0.7898,3.38,1.50
2012.08.09 05:07:32.744,0.78969,0.78982,1.50,1.50
2012.08.09 05:08:26.256,0.78969,0.78981,1.50,1.13
2012.08.09 05:08:26.616,0.78966,0.78979,3.00,1.50
2012.08.09 05:08:27.034,0.78968,0.78982,3.38,2.63
2012.08.09 05:08:36.441,0.78969,0.78983,1.13,1.50
2012.08.09 05:08:54.156,0.78968,0.78982,2.25,1.13
2012.08.09 05:08:54.220,0.78967,0.7898,1.50,1.50
2012.08.09 05:08:54.784,0.78966,0.78979,4.13,1.50
2012.08.09 05:08:54.915,0.78966,0.78981,3.38,1.50
2012.08.09 05:08:56.637,0.78966,0.7898,1.88,1.50
2012.08.09 05:08:57.459,0.78966,0.78981,3.38,1.50
2012.08.09 05:08:57.639,0.78966,0.78979,2.25,1.13
2012.08.09 05:09:22.987,0.78967,0.78981,1.13,1.50
2012.08.09 05:09:23.583,0.78967,0.78981,1.88,1.50
2012.08.09 05:09:24.138,0.78967,0.78981,1.88,1.50
2012.08.09 05:09:25.460,0.78966,0.78979,2.25,1.13
2012.08.09 05:09:34.580,0.78967,0.78979,1.50,1.13
2012.08.09 05:09:36.803,0.78965,0.78979,3.38,1.13
2012.08.09 05:09:38.047,0.78966,0.7898,1.88,1.50
2012.08.09 05:09:38.580,0.78966,0.78978,1.88,1.50
2012.08.09 05:09:39.108,0.78966,0.78977,1.88,1.50
2012.08.09 05:09:39.233,0.78964,0.78977,3.38,1.50
2012.08.09 05:09:39.769,0.78961,0.78976,3.38,1.50
2012.08.09 05:09:42.391,0.78964,0.78977,1.50,2.63
2012.08.09 05:09:46.051,0.78964,0.78977,3.38,1.50
2012.08.09 05:10:00.507,0.78965,0.78978,1.88,1.50
2012.08.09 05:10:01.034,0.78965,0.78979,1.88,1.50
2012.08.09 05:10:16.209,0.78965,0.78979,2.63,1.50
2012.08.09 05:10:19.137,0.78965,0.78977,2.63,1.50
2012.08.09 05:10:20.301,0.78965,0.78978,3.38,1.50
2012.08.09 05:10:34.644,0.78965,0.78978,4.13,1.50
2012.08.09 05:10:35.228,0.78967,0.7898,3.38,1.50
2012.08.09 05:10:35.754,0.78967,0.7898,3.38,1.50
2012.08.09 05:10:36.411,0.78967,0.78979,1.88,1.50
2012.08.09 05:10:37.142,0.78967,0.78981,1.88,3.00
2012.08.09 05:10:40.875,0.78966,0.78979,4.50,1.50
2012.08.09 05:10:41.417,0.78966,0.78979,3.75,1.50
2012.08.09 05:10:55.770,0.78967,0.78981,1.88,1.50
2012.08.09 05:11:00.548,0.78967,0.78981,2.63,1.50
2012.08.09 05:11:19.637,0.78968,0.78981,1.50,1.50
2012.08.09 05:11:20.856,0.78968,0.78981,1.50,1.50
2012.08.09 05:11:21.404,0.78968,0.78981,1.50,1.50
2012.08.09 05:11:23.260,0.78968,0.78981,1.50,1.50
2012.08.09 05:11:24.802,0.78968,0.78981,2.25,1.50
2012.08.09 05:11:24.864,0.78969,0.78981,1.13,1.50
2012.08.09 05:11:25.045,0.78976,0.78987,1.13,3.23
2012.08.09 05:11:25.108,0.78973,0.78987,1.88,4.35
2012.08.09 05:11:25.174,0.78973,0.78984,1.88,1.50
2012.08.09 05:11:25.414,0.78971,0.78984,2.25,1.50
2012.08.09 05:11:25.944,0.7897,0.78984,1.13,1.50
2012.08.09 05:11:27.138,0.7897,0.78983,1.13,1.50
2012.08.09 05:11:28.302,0.7897,0.78984,1.13,1.50
2012.08.09 05:11:37.435,0.78974,0.78984,1.13,1.50
2012.08.09 05:11:37.620,0.78974,0.78988,1.13,2.63
2012.08.09 05:11:38.151,0.78974,0.78987,2.63,1.50
2012.08.09 05:11:44.394,0.78974,0.78986,1.13,1.50
2012.08.09 05:11:45.482,0.78974,0.78987,2.63,1.50
2012.08.09 05:12:00.306,0.78976,0.78987,1.13,1.50
2012.08.09 05:12:06.202,0.78976,0.78989,1.13,2.25
2012.08.09 05:12:16.492,0.78974,0.78989,3.38,2.25
2012.08.09 05:12:16.904,0.78974,0.78987,2.63,1.50
2012.08.09 05:12:17.663,0.78974,0.78989,2.63,2.25
2012.08.09 05:12:23.170,0.78974,0.78987,2.63,1.50
2012.08.09 05:12:23.707,0.78975,0.78988,1.50,1.50
2012.08.09 05:12:25.198,0.78974,0.78988,1.13,1.50
2012.08.09 05:12:27.135,0.78975,0.78988,1.50,1.50
2012.08.09 05:12:28.365,0.78974,0.78988,1.13,1.50
2012.08.09 05:12:44.881,0.78974,0.78988,2.85,1.50
2012.08.09 05:12:45.004,0.78976,0.7899,2.25,2.63
2012.08.09 05:12:45.186,0.78978,0.7899,1.88,1.50
2012.08.09 05:12:45.542,0.78976,0.7899,3.38,1.13
2012.08.09 05:12:46.069,0.78976,0.78989,2.63,1.50
2012.08.09 05:13:09.686,0.78978,0.7899,1.13,1.50
2012.08.09 05:13:11.746,0.78977,0.7899,2.25,1.50
2012.08.09 05:13:19.440,0.78977,0.7899,3.38,1.50
2012.08.09 05:13:22.436,0.78978,0.7899,3.75,1.50
2012.08.09 05:13:22.500,0.7898,0.78994,1.13,1.73
2012.08.09 05:13:26.359,0.78982,0.78995,1.50,1.50
2012.08.09 05:13:27.601,0.78981,0.78994,2.25,1.50
2012.08.09 05:13:49.367,0.78983,0.78995,1.50,1.50
2012.08.09 05:13:49.783,0.78983,0.78996,1.50,3.38
2012.08.09 05:13:52.329,0.78985,0.78997,1.50,1.88
2012.08.09 05:13:53.882,0.78985,0.78997,1.50,1.13
2012.08.09 05:13:56.342,0.78985,0.78995,1.50,1.13
2012.08.09 05:13:56.880,0.78984,0.78995,1.50,1.13
2012.08.09 05:14:16.860,0.78984,0.78998,1.50,1.88
2012.08.09 05:14:34.898,0.78984,0.78999,1.50,3.38
2012.08.09 05:14:35.022,0.78987,0.78999,1.50,1.13
2012.08.09 05:14:35.678,0.78986,0.79,1.50,1.13
2012.08.09 05:14:35.980,0.78988,0.79,1.50,1.88
2012.08.09 05:14:36.633,0.78986,0.78998,1.50,1.13
2012.08.09 05:14:37.535,0.78984,0.78998,1.50,1.88
2012.08.09 05:14:37.774,0.78984,0.78996,1.50,1.13
2012.08.09 05:14:38.332,0.78985,0.78996,1.50,1.13
2012.08.09 05:14:45.661,0.78984,0.78996,1.50,1.88
2012.08.09 05:14:50.257,0.78983,0.78998,4.13,1.50
2012.08.09 05:14:50.381,0.78983,0.78996,2.63,1.50
2012.08.09 05:14:50.912,0.78984,0.78997,1.50,1.50
2012.08.09 05:14:53.737,0.78986,0.78997,1.13,1.50
2012.08.09 05:15:13.082,0.78987,0.78999,1.13,1.50
2012.08.09 05:15:13.617,0.78987,0.79,2.63,1.50
2012.08.09 05:15:14.383,0.78987,0.78999,1.88,1.50
2012.08.09 05:15:14.924,0.78987,0.79001,1.88,3.00
2012.08.09 05:15:23.391,0.78987,0.79,1.13,1.50
2012.08.09 05:15:26.600,0.78987,0.79001,2.63,1.13
2012.08.09 05:15:32.827,0.78987,0.79002,3.38,3.00
2012.08.09 05:15:32.890,0.78989,0.79002,1.13,3.00
2012.08.09 05:15:33.590,0.7899,0.79003,1.13,1.50
2012.08.09 05:15:34.120,0.78989,0.79003,2.63,1.88
2012.08.09 05:15:39.805,0.78989,0.79003,2.63,3.38
2012.08.09 05:15:40.358,0.78988,0.79002,1.50,1.50
2012.08.09 05:15:41.424,0.7899,0.79003,1.50,4.13
2012.08.09 05:15:45.483,0.78992,0.79003,1.50,1.50
2012.08.09 05:15:46.013,0.78993,0.79003,1.50,1.13
2012.08.09 05:15:46.685,0.78991,0.79004,1.50,2.63
2012.08.09 05:15:47.158,0.78989,0.79002,1.73,1.50
2012.08.09 05:15:48.175,0.78992,0.79004,1.13,1.50
2012.08.09 05:15:48.715,0.78994,0.79006,1.50,1.13
2012.08.09 05:15:48.901,0.78994,0.79007,1.50,1.88
2012.08.09 05:15:49.378,0.78996,0.79007,1.13,1.88
2012.08.09 05:15:49.916,0.78993,0.79006,2.63,1.50
2012.08.09 05:15:50.458,0.7899,0.79006,2.10,3.00
2012.08.09 05:15:51.252,0.78993,0.79006,1.13,3.00
2012.08.09 05:15:51.329,0.7899,0.79003,1.13,1.50
2012.08.09 05:15:51.865,0.7899,0.79002,1.13,1.50
2012.08.09 05:15:51.988,0.78987,0.79001,3.38,1.88
2012.08.09 05:15:52.523,0.78989,0.79002,1.13,3.75
2012.08.09 05:15:53.528,0.78989,0.79002,2.63,3.75
2012.08.09 05:15:53.830,0.78991,0.79002,1.13,3.00
2012.08.09 05:15:54.016,0.78992,0.79004,1.50,1.88
2012.08.09 05:15:54.315,0.78993,0.79006,1.50,3.00
2012.08.09 05:15:54.847,0.78994,0.79007,1.50,2.63
2012.08.09 05:15:59.593,0.78994,0.79008,2.63,2.25
2012.08.09 05:16:00.128,0.78995,0.79009,1.45,3.00
2012.08.09 05:16:00.311,0.78997,0.79009,1.50,1.50
2012.08.09 05:16:00.917,0.78996,0.79009,1.50,2.25
2012.08.09 05:16:07.698,0.78997,0.7901,1.50,3.38
2012.08.09 05:16:09.237,0.78997,0.7901,1.50,3.38
2012.08.09 05:16:09.475,0.78995,0.79008,2.25,1.50
2012.08.09 05:16:10.008,0.78996,0.79008,1.50,1.50
2012.08.09 05:16:10.549,0.78997,0.79009,1.50,1.50
2012.08.09 05:16:11.140,0.78996,0.7901,1.50,2.63
2012.08.09 05:16:11.671,0.78997,0.7901,1.50,1.88
2012.08.09 05:16:12.263,0.78996,0.7901,1.50,1.88
2012.08.09 05:16:16.390,0.78997,0.7901,1.50,1.88
2012.08.09 05:16:16.454,0.78997,0.7901,1.50,1.88
2012.08.09 05:16:16.633,0.78995,0.7901,2.25,3.38
2012.08.09 05:16:17.356,0.78995,0.7901,2.25,3.38
2012.08.09 05:16:18.852,0.78996,0.79009,2.63,1.50
2012.08.09 05:16:19.149,0.78997,0.7901,2.85,2.63
2012.08.09 05:16:19.391,0.79002,0.79017,1.13,1.88
2012.08.09 05:16:19.968,0.79005,0.79017,1.13,1.73
2012.08.09 05:16:20.268,0.79005,0.79017,1.13,3.23
2012.08.09 05:16:20.863,0.79004,0.79017,1.73,4.13
2012.08.09 05:16:20.987,0.79004,0.79017,1.73,3.38
2012.08.09 05:16:21.053,0.79004,0.79017,1.50,4.13
2012.08.09 05:16:21.176,0.79001,0.79013,2.63,1.13
2012.08.09 05:16:21.240,0.78999,0.79013,4.13,1.50
2012.08.09 05:16:21.778,0.78999,0.79013,1.50,1.88
2012.08.09 05:16:22.366,0.78999,0.79013,1.50,1.13
2012.08.09 05:16:23.968,0.79,0.79014,1.13,1.50
2012.08.09 05:16:24.497,0.79,0.79013,2.63,1.50
2012.08.09 05:16:35.260,0.79001,0.79013,1.13,1.50
2012.08.09 05:16:37.117,0.79,0.79013,1.50,1.50
2012.08.09 05:16:40.575,0.79,0.79012,1.50,1.13
2012.08.09 05:16:41.169,0.78998,0.79011,4.13,1.50
2012.08.09 05:16:43.025,0.78999,0.79012,1.50,2.63
2012.08.09 05:16:43.558,0.78998,0.79012,2.63,1.13
2012.08.09 05:16:45.044,0.78997,0.79011,2.25,1.13
2012.08.09 05:16:51.815,0.78999,0.79011,1.50,1.13
2012.08.09 05:16:52.049,0.78997,0.79011,2.25,1.13
2012.08.09 05:17:00.869,0.78999,0.79011,1.50,1.13
2012.08.09 05:17:01.458,0.78999,0.79012,1.50,2.63
2012.08.09 05:17:03.923,0.78998,0.79012,4.13,1.13
2012.08.09 05:17:04.453,0.78998,0.79012,4.13,1.13
2012.08.09 05:17:07.383,0.78998,0.79009,1.50,1.13
2012.08.09 05:17:07.570,0.78999,0.79011,1.50,1.13
2012.08.09 05:17:08.288,0.78998,0.79011,1.50,1.13
2012.08.09 05:17:08.973,0.78998,0.79011,1.50,1.13
2012.08.09 05:17:10.372,0.78998,0.79011,1.50,1.13
2012.08.09 05:17:11.751,0.78999,0.79011,1.50,1.13
2012.08.09 05:17:13.421,0.78998,0.79011,2.25,1.13
2012.08.09 05:17:13.955,0.78999,0.79011,1.50,1.13
2012.08.09 05:17:14.497,0.78998,0.79011,3.00,1.13
2012.08.09 05:17:15.076,0.78998,0.79011,2.25,1.13
2012.08.09 05:17:16.831,0.78998,0.79011,2.25,1.13
2012.08.09 05:17:17.540,0.78998,0.79011,2.25,1.13
2012.08.09 05:17:19.936,0.78998,0.79011,2.25,1.13
2012.08.09 05:17:20.598,0.78998,0.79011,2.63,1.13
2012.08.09 05:17:28.569,0.78999,0.79012,1.50,1.50
2012.08.09 05:17:46.410,0.79001,0.79013,1.50,1.13
2012.08.09 05:17:49.791,0.79001,0.79016,1.50,3.38
2012.08.09 05:17:50.142,0.79001,0.79016,4.13,1.50
2012.08.09 05:17:50.264,0.79003,0.79018,2.25,3.38
2012.08.09 05:17:51.958,0.79002,0.79017,3.23,1.50
2012.08.09 05:18:10.531,0.79004,0.79017,1.13,1.50
2012.08.09 05:18:10.767,0.79002,0.79017,2.85,2.63
2012.08.09 05:18:11.276,0.79002,0.79017,2.63,3.38
2012.08.09 05:18:11.879,0.79001,0.79016,2.63,3.38
2012.08.09 05:18:11.943,0.79001,0.79014,2.63,1.50
2012.08.09 05:18:13.040,0.79001,0.79015,1.13,2.25
2012.08.09 05:18:13.572,0.79001,0.79014,2.63,1.50
2012.08.09 05:18:16.418,0.78999,0.79014,2.85,1.50
2012.08.09 05:18:16.482,0.79001,0.79014,1.50,1.50
2012.08.09 05:18:17.017,0.79001,0.79014,1.50,2.25
2012.08.09 05:18:20.098,0.79,0.79013,1.50,2.25
2012.08.09 05:18:22.489,0.79001,0.79012,1.13,1.50
2012.08.09 05:18:23.723,0.79001,0.79013,1.13,1.50
2012.08.09 05:18:24.088,0.79001,0.79011,1.88,1.50
2012.08.09 05:18:24.495,0.79001,0.79013,1.88,1.50
2012.08.09 05:18:25.255,0.79001,0.79013,1.88,1.50
2012.08.09 05:18:26.483,0.79001,0.79013,1.88,1.50
2012.08.09 05:18:30.221,0.79001,0.79013,1.88,1.50
2012.08.09 05:18:30.705,0.79001,0.79011,1.88,1.50
2012.08.09 05:18:31.239,0.79001,0.79012,1.13,2.25
2012.08.09 05:18:31.774,0.79001,0.79011,1.13,1.50
2012.08.09 05:18:33.060,0.78999,0.79011,1.13,1.50
2012.08.09 05:18:47.286,0.78999,0.79012,2.63,2.25
2012.08.09 05:18:47.466,0.79002,0.79012,1.13,2.25
2012.08.09 05:18:47.999,0.79002,0.79015,1.13,4.50
2012.08.09 05:18:48.587,0.79004,0.79015,1.13,2.25
2012.08.09 05:18:49.355,0.79004,0.79016,1.13,2.25
2012.08.09 05:18:49.883,0.79002,0.79014,1.13,1.50
2012.08.09 05:18:50.422,0.79002,0.79013,1.13,2.25
2012.08.09 05:18:51.035,0.79003,0.79013,1.13,2.25
2012.08.09 05:19:06.940,0.79003,0.79015,1.13,2.25
2012.08.09 05:19:07.471,0.79003,0.79015,1.13,1.50
2012.08.09 05:19:09.975,0.79005,0.79015,1.13,1.50
2012.08.09 05:19:10.699,0.79002,0.79015,2.63,1.50
2012.08.09 05:19:11.231,0.79002,0.79014,1.13,1.50
2012.08.09 05:19:11.768,0.79003,0.79015,1.13,1.50
2012.08.09 05:19:12.301,0.79003,0.79014,1.13,1.50
2012.08.09 05:19:12.832,0.79001,0.79014,1.50,1.50
2012.08.09 05:19:24.494,0.79,0.79013,3.38,1.50
2012.08.09 05:19:27.299,0.79001,0.79014,1.50,1.50
2012.08.09 05:19:27.844,0.79,0.79013,3.38,1.50
2012.08.09 05:19:28.420,0.79001,0.79014,1.50,1.50
2012.08.09 05:19:34.099,0.79,0.79014,1.13,2.25
2012.08.09 05:19:34.887,0.79001,0.79014,1.50,2.25
2012.08.09 05:19:41.234,0.79,0.79014,2.63,1.88
2012.08.09 05:19:42.430,0.79,0.79014,1.13,3.38
2012.08.09 05:19:54.462,0.78999,0.79013,1.50,1.88
2012.08.09 05:19:54.993,0.78997,0.79012,3.38,1.50
2012.08.09 05:19:55.497,0.78999,0.79012,1.50,2.25
2012.08.09 05:19:56.029,0.78998,0.79011,2.25,1.50
2012.08.09 05:19:56.535,0.78999,0.79012,1.50,1.50
2012.08.09 05:20:02.563,0.78998,0.79012,1.88,2.25
2012.08.09 05:20:03.628,0.78999,0.79012,1.50,2.25
2012.08.09 05:20:04.165,0.78998,0.79011,3.38,1.50
2012.08.09 05:20:10.284,0.78998,0.79013,3.38,4.13
2012.08.09 05:20:11.929,0.78999,0.79012,1.50,2.25
2012.08.09 05:20:13.171,0.78998,0.79012,1.88,2.25
2012.08.09 05:20:13.699,0.78999,0.79012,1.50,2.25
2012.08.09 05:20:14.708,0.78999,0.79011,1.50,1.13
2012.08.09 05:20:15.380,0.78998,0.79011,2.25,2.63
2012.08.09 05:20:20.092,0.78998,0.79013,2.25,3.38
2012.08.09 05:20:20.636,0.78998,0.79013,2.25,3.38
2012.08.09 05:20:20.900,0.78998,0.7901,2.25,1.13
2012.08.09 05:20:21.138,0.78998,0.79012,3.38,1.88
2012.08.09 05:20:32.662,0.79002,0.79014,1.50,1.50
2012.08.09 05:20:33.202,0.79002,0.79015,1.50,4.13
2012.08.09 05:20:34.133,0.79002,0.79015,1.50,4.13
2012.08.09 05:20:45.144,0.79003,0.79015,1.13,1.50
2012.08.09 05:20:45.501,0.79005,0.79018,1.13,2.25
2012.08.09 05:20:49.250,0.79002,0.79017,2.25,3.38
2012.08.09 05:20:49.786,0.79003,0.79015,1.50,1.13
2012.08.09 05:20:50.319,0.79003,0.79014,1.50,1.13
2012.08.09 05:20:50.810,0.79001,0.79014,1.50,3.38
2012.08.09 05:20:51.342,0.79,0.79014,2.63,1.88
2012.08.09 05:20:51.466,0.79002,0.79014,1.50,1.88
2012.08.09 05:20:53.621,0.79002,0.79013,1.50,1.13
2012.08.09 05:20:53.862,0.79,0.79015,1.50,3.38
2012.08.09 05:20:54.394,0.79001,0.79014,1.50,2.25
2012.08.09 05:20:57.456,0.79,0.79013,1.50,1.50
2012.08.09 05:20:57.989,0.79,0.79012,1.50,1.13
2012.08.09 05:21:05.554,0.79,0.79013,1.50,2.25
2012.08.09 05:21:05.972,0.79,0.79015,1.50,4.50
2012.08.09 05:21:06.221,0.79002,0.79015,1.50,2.25
2012.08.09 05:21:12.960,0.79001,0.79014,2.63,1.50
2012.08.09 05:21:13.203,0.78999,0.79013,3.00,1.13
2012.08.09 05:21:13.744,0.79,0.79014,1.13,3.00
2012.08.09 05:21:15.589,0.78999,0.79012,1.50,1.88
2012.08.09 05:21:16.122,0.78998,0.79012,1.88,2.63
2012.08.09 05:21:23.261,0.78998,0.79012,1.97,3.00
2012.08.09 05:21:24.028,0.78998,0.79011,1.88,1.13
2012.08.09 05:21:24.688,0.78998,0.79011,1.88,1.13
2012.08.09 05:21:26.744,0.78998,0.79011,1.88,1.13
2012.08.09 05:21:27.547,0.78998,0.79011,1.88,1.13
2012.08.09 05:21:28.052,0.78998,0.79012,1.88,3.75
2012.08.09 05:21:32.373,0.78998,0.79012,1.88,3.75
2012.08.09 05:21:32.551,0.79,0.79012,1.13,2.63
2012.08.09 05:21:34.375,0.79,0.79011,1.13,2.63
2012.08.09 05:21:34.729,0.78998,0.79011,3.38,2.63
2012.08.09 05:21:35.027,0.78996,0.7901,1.80,2.63
2012.08.09 05:21:35.571,0.78997,0.79009,1.13,2.25
2012.08.09 05:21:38.113,0.78996,0.79009,1.50,3.38
2012.08.09 05:21:38.177,0.78996,0.79009,1.50,3.38
2012.08.09 05:21:38.704,0.78996,0.79009,1.50,3.38
2012.08.09 05:21:40.223,0.78993,0.79006,4.13,1.50
2012.08.09 05:21:40.768,0.78993,0.79005,1.50,1.13
2012.08.09 05:21:41.291,0.78993,0.79004,1.50,1.13
2012.08.09 05:21:48.810,0.78993,0.79003,1.50,1.13
2012.08.09 05:21:48.882,0.78991,0.79004,1.50,3.38
2012.08.09 05:21:49.006,0.78991,0.79004,1.50,3.38
2012.08.09 05:21:49.896,0.78991,0.79005,2.25,1.88
2012.08.09 05:22:08.630,0.7899,0.79005,2.63,2.25
2012.08.09 05:22:09.162,0.7899,0.79003,2.63,1.13
2012.08.09 05:22:15.036,0.7899,0.79003,1.13,2.25
2012.08.09 05:22:15.563,0.7899,0.79003,1.13,2.25
2012.08.09 05:22:17.700,0.78989,0.79003,1.13,3.38
2012.08.09 05:22:18.237,0.78988,0.79001,2.25,1.13
2012.08.09 05:22:18.540,0.78987,0.78999,1.88,1.50
2012.08.09 05:22:18.843,0.78983,0.78996,4.13,1.50
2012.08.09 05:22:18.968,0.78983,0.78995,1.50,1.13
2012.08.09 05:22:19.327,0.78984,0.78997,2.63,1.50
2012.08.09 05:22:20.036,0.78985,0.78997,1.13,2.25
2012.08.09 05:22:23.697,0.78985,0.78996,1.13,1.50
2012.08.09 05:22:24.216,0.78985,0.78998,1.13,2.25
2012.08.09 05:22:29.101,0.78985,0.78998,1.13,2.25
2012.08.09 05:22:50.123,0.78985,0.78998,1.13,2.25
2012.08.09 05:23:15.047,0.78983,0.78997,1.13,2.25
2012.08.09 05:23:26.397,0.78983,0.78996,3.38,1.50
2012.08.09 05:23:29.851,0.78985,0.78996,1.13,1.50
2012.08.09 05:23:29.918,0.78983,0.78998,2.25,2.25
2012.08.09 05:23:35.022,0.78982,0.78997,2.25,1.50
2012.08.09 05:23:37.821,0.78983,0.78996,2.25,1.50
2012.08.09 05:23:38.577,0.78983,0.78998,2.25,2.25
2012.08.09 05:23:39.163,0.78983,0.78996,2.25,1.50
2012.08.09 05:23:39.697,0.78983,0.78998,2.25,2.25
2012.08.09 05:23:42.253,0.78983,0.78998,2.25,2.25
2012.08.09 05:23:51.778,0.78985,0.79,1.50,4.88
2012.08.09 05:23:52.287,0.78985,0.79,1.50,2.25
2012.08.09 05:24:07.227,0.78983,0.78998,4.88,2.25
2012.08.09 05:24:07.850,0.78983,0.78998,4.88,2.25
2012.08.09 05:24:08.484,0.78983,0.78998,4.88,2.25
2012.08.09 05:24:10.467,0.78983,0.78998,5.25,2.25
2012.08.09 05:24:11.011,0.78983,0.78998,4.50,2.25
2012.08.09 05:24:11.947,0.78983,0.78998,4.50,2.25
2012.08.09 05:24:13.536,0.78983,0.78998,3.38,2.25
2012.08.09 05:24:21.847,0.78983,0.78998,5.25,2.25
2012.08.09 05:24:23.039,0.78983,0.78998,5.25,2.25
2012.08.09 05:24:23.102,0.78986,0.78999,1.50,2.25
2012.08.09 05:25:00.403,0.78983,0.78997,1.50,1.50
2012.08.09 05:25:01.828,0.78983,0.78995,1.88,1.50
2012.08.09 05:25:02.369,0.78983,0.78997,1.88,1.50
2012.08.09 05:25:07.630,0.78983,0.78998,3.38,2.25
2012.08.09 05:25:09.415,0.78983,0.78997,1.88,1.50
2012.08.09 05:25:14.057,0.78983,0.78998,2.63,2.25
2012.08.09 05:25:16.265,0.78983,0.78996,2.63,1.50
2012.08.09 05:25:18.345,0.78984,0.78997,1.50,1.50
2012.08.09 05:25:18.864,0.78983,0.78997,1.13,1.50
2012.08.09 05:25:21.006,0.78983,0.78996,2.63,1.50
2012.08.09 05:25:22.672,0.78984,0.78997,1.50,1.50
2012.08.09 05:25:25.337,0.78983,0.78996,2.63,1.50
2012.08.09 05:25:25.865,0.78984,0.78997,1.50,1.50
2012.08.09 05:25:26.413,0.78983,0.78997,1.13,1.50
2012.08.09 05:25:27.169,0.78984,0.78997,1.50,1.50
2012.08.09 05:25:28.321,0.78983,0.78996,2.63,1.50
2012.08.09 05:25:31.327,0.78983,0.78997,1.13,1.50
2012.08.09 05:25:31.858,0.78984,0.78997,1.50,1.50
2012.08.09 05:25:37.995,0.78983,0.78996,1.50,1.50
2012.08.09 05:25:38.762,0.78983,0.78998,1.50,3.38
2012.08.09 05:25:39.679,0.78984,0.78997,1.50,2.25
2012.08.09 05:25:40.240,0.78983,0.78998,1.50,3.00
2012.08.09 05:25:40.767,0.78983,0.78996,1.50,1.50
2012.08.09 05:25:45.802,0.78984,0.78997,1.50,3.38
2012.08.09 05:25:46.352,0.78984,0.78997,1.50,3.38
2012.08.09 05:25:48.140,0.78984,0.78997,1.50,3.38
2012.08.09 05:25:48.827,0.78984,0.78997,1.50,3.38
2012.08.09 05:25:49.558,0.78984,0.78997,1.50,3.38
2012.08.09 05:25:50.291,0.78984,0.78997,1.50,3.38
2012.08.09 05:25:50.831,0.78984,0.78997,1.50,3.38
2012.08.09 05:25:51.560,0.78984,0.78997,1.50,3.38
2012.08.09 05:25:54.914,0.78984,0.78997,1.50,2.25
2012.08.09 05:26:08.130,0.78983,0.78996,1.50,1.50
2012.08.09 05:26:13.780,0.78984,0.78997,1.50,3.38
2012.08.09 05:26:32.223,0.78983,0.78996,2.25,1.50
2012.08.09 05:26:32.753,0.78983,0.78998,2.25,3.38
2012.08.09 05:26:38.508,0.78984,0.78997,1.50,2.25
2012.08.09 05:26:39.111,0.78983,0.78996,2.25,1.50
2012.08.09 05:26:39.705,0.78984,0.78997,1.50,2.25
2012.08.09 05:26:48.902,0.78982,0.78997,2.25,2.25
2012.08.09 05:26:55.847,0.78982,0.78997,2.25,2.25
2012.08.09 05:26:56.405,0.78984,0.78997,1.50,2.25
2012.08.09 05:26:58.155,0.78984,0.78997,1.50,2.63
2012.08.09 05:26:58.509,0.78986,0.78999,1.50,3.75
2012.08.09 05:27:07.318,0.78986,0.78999,1.50,2.25
2012.08.09 05:27:27.724,0.78986,0.78999,1.50,3.00
2012.08.09 05:27:34.153,0.78986,0.78999,1.50,2.25
2012.08.09 05:27:34.217,0.78984,0.78997,1.50,2.25
2012.08.09 05:27:34.399,0.78982,0.78997,2.63,2.25
2012.08.09 05:27:34.931,0.78983,0.78998,1.50,2.25
2012.08.09 05:27:41.935,0.78982,0.78997,2.25,2.25
2012.08.09 05:27:42.059,0.78984,0.78997,2.63,1.50
2012.08.09 05:27:42.597,0.78983,0.78996,1.50,1.50
2012.08.09 05:27:43.126,0.78985,0.78998,1.50,2.25
2012.08.09 05:27:43.677,0.78986,0.79,1.50,1.88
2012.08.09 05:27:45.144,0.78986,0.79001,1.50,4.13
2012.08.09 05:27:45.673,0.78986,0.79,1.50,1.50
2012.08.09 05:27:50.201,0.78986,0.79,1.50,2.25
2012.08.09 05:27:52.437,0.78985,0.78997,1.50,1.50
2012.08.09 05:27:52.964,0.78984,0.78997,1.50,1.50
2012.08.09 05:28:03.384,0.78985,0.79,1.50,2.25
2012.08.09 05:28:03.448,0.78985,0.79,1.50,2.25
2012.08.09 05:28:04.505,0.78985,0.79,1.50,3.75
2012.08.09 05:28:04.569,0.78983,0.78998,2.63,2.25
2012.08.09 05:28:07.659,0.78985,0.78998,1.50,2.25
2012.08.09 05:28:08.012,0.78987,0.79,1.50,3.38
2012.08.09 05:28:11.124,0.78987,0.79,1.50,2.25
2012.08.09 05:28:17.444,0.78987,0.79,1.50,2.25
2012.08.09 05:28:22.610,0.78988,0.79001,1.50,2.25
2012.08.09 05:28:23.605,0.78987,0.79,1.50,2.25
2012.08.09 05:28:24.131,0.78986,0.79001,3.00,2.25
2012.08.09 05:28:24.828,0.78987,0.79002,1.50,3.38
2012.08.09 05:28:25.424,0.78986,0.79001,1.50,2.25
2012.08.09 05:28:30.211,0.78984,0.78999,4.13,2.25
2012.08.09 05:28:33.868,0.78984,0.78999,2.63,2.25
2012.08.09 05:28:38.094,0.78988,0.78999,1.13,2.25
2012.08.09 05:28:38.159,0.78988,0.78999,1.50,1.50
2012.08.09 05:28:38.408,0.78987,0.78997,1.88,1.50
2012.08.09 05:28:38.474,0.78984,0.78997,2.25,1.50
2012.08.09 05:28:38.983,0.78984,0.78997,1.50,1.50
2012.08.09 05:28:39.569,0.78984,0.78999,1.50,2.25
2012.08.09 05:28:40.108,0.78984,0.78997,1.50,1.50
2012.08.09 05:28:42.367,0.78985,0.78998,1.50,2.25
2012.08.09 05:28:44.162,0.78985,0.78997,1.50,1.50
2012.08.09 05:28:44.226,0.78983,0.78995,1.13,2.25
2012.08.09 05:28:49.478,0.78983,0.78995,1.13,2.25
2012.08.09 05:28:49.984,0.78982,0.78995,1.50,2.25
2012.08.09 05:28:50.503,0.78982,0.78995,1.50,2.25
2012.08.09 05:28:51.131,0.78981,0.78994,2.25,1.50
2012.08.09 05:28:51.704,0.7898,0.78995,3.38,1.50
2012.08.09 05:28:52.240,0.78981,0.78996,1.50,1.50
2012.08.09 05:28:54.538,0.7898,0.78994,1.13,1.50
2012.08.09 05:29:08.220,0.7898,0.78995,1.88,1.50
2012.08.09 05:29:08.982,0.7898,0.78994,1.88,1.50
2012.08.09 05:29:09.517,0.7898,0.78995,1.13,1.50
2012.08.09 05:29:10.240,0.7898,0.78994,1.13,2.25
2012.08.09 05:29:11.114,0.78982,0.78994,1.13,2.25
2012.08.09 05:29:24.968,0.78982,0.78995,1.13,1.50
2012.08.09 05:29:25.272,0.78984,0.78995,1.13,1.50
2012.08.09 05:29:32.435,0.78984,0.78994,1.13,1.50
2012.08.09 05:29:32.559,0.78984,0.78996,1.13,1.50
2012.08.09 05:29:32.862,0.78984,0.78994,1.13,1.50
2012.08.09 05:29:33.377,0.78984,0.78995,1.13,1.50
2012.08.09 05:29:34.018,0.78984,0.78996,1.13,1.50
2012.08.09 05:29:39.782,0.78984,0.78994,1.13,1.50
2012.08.09 05:29:40.563,0.78984,0.78995,1.13,2.25
2012.08.09 05:29:41.973,0.78983,0.78995,1.13,2.25
2012.08.09 05:29:42.515,0.78983,0.78994,1.13,1.50
2012.08.09 05:29:43.045,0.78983,0.78996,1.13,2.25
2012.08.09 05:29:44.588,0.78983,0.78995,1.13,2.25
2012.08.09 05:29:54.207,0.78983,0.78995,1.13,2.25
2012.08.09 05:29:58.821,0.7898,0.78996,1.22,1.88
2012.08.09 05:29:59.366,0.7898,0.78996,1.22,1.88
2012.08.09 05:29:59.433,0.7898,0.78996,1.22,1.88
2012.08.09 05:29:59.974,0.7898,0.78996,1.22,1.88
2012.08.09 05:30:01.030,0.7898,0.78996,1.22,1.88
2012.08.09 05:30:01.563,0.7898,0.78996,1.22,1.88
2012.08.09 05:30:02.069,0.7898,0.78996,1.22,1.88
2012.08.09 05:30:02.678,0.78983,0.78997,1.13,1.88
2012.08.09 05:30:02.756,0.78981,0.78995,1.22,1.88
2012.08.09 05:30:02.885,0.78981,0.78995,1.22,1.88
2012.08.09 05:30:03.985,0.78981,0.78995,1.22,1.88
2012.08.09 05:30:04.539,0.78981,0.78995,1.22,1.88
2012.08.09 05:30:05.510,0.78981,0.78995,1.22,1.88
2012.08.09 05:30:08.860,0.78981,0.78995,1.22,1.88
2012.08.09 05:30:10.195,0.78981,0.78991,1.22,1.50
2012.08.09 05:30:10.870,0.78981,0.78991,1.22,1.50
2012.08.09 05:30:11.664,0.78981,0.78991,1.22,1.50
2012.08.09 05:30:12.245,0.78981,0.78991,1.22,1.50
2012.08.09 05:30:12.890,0.78981,0.78991,1.22,1.50
2012.08.09 05:30:14.115,0.78981,0.78991,1.22,1.50
2012.08.09 05:30:14.653,0.78979,0.7899,3.00,1.50
2012.08.09 05:30:14.950,0.78979,0.7899,2.72,1.50
2012.08.09 05:30:17.404,0.7898,0.7899,1.13,1.50
2012.08.09 05:30:23.732,0.78979,0.7899,1.50,1.50
2012.08.09 05:30:24.034,0.78978,0.78987,2.25,1.50
2012.08.09 05:30:24.571,0.78978,0.78989,1.50,1.50
2012.08.09 05:30:26.425,0.78979,0.78988,1.50,1.50
2012.08.09 05:30:30.674,0.78979,0.78987,1.50,1.13
2012.08.09 05:30:30.860,0.78975,0.78984,1.50,1.50
2012.08.09 05:30:31.405,0.78974,0.78985,1.50,1.50
2012.08.09 05:30:31.771,0.78976,0.78985,1.50,1.50
2012.08.09 05:30:32.528,0.78975,0.78984,1.50,1.50
2012.08.09 05:30:34.122,0.78976,0.78987,1.50,1.50
2012.08.09 05:30:35.313,0.78976,0.78985,1.50,1.50
2012.08.09 05:30:35.939,0.78977,0.78986,1.50,1.50
2012.08.09 05:30:36.533,0.78976,0.78985,1.50,1.50
2012.08.09 05:30:37.779,0.78976,0.78987,1.50,1.50
2012.08.09 05:30:38.297,0.78976,0.78985,1.50,1.50
2012.08.09 05:30:38.880,0.78975,0.78986,1.50,1.50
2012.08.09 05:30:39.666,0.78975,0.78984,1.50,1.50
2012.08.09 05:30:40.651,0.78976,0.78985,1.50,1.50
2012.08.09 05:30:41.928,0.78975,0.78984,1.50,1.50
2012.08.09 05:30:43.344,0.78976,0.78985,1.50,1.50
2012.08.09 05:30:47.355,0.78976,0.78987,1.50,3.00
2012.08.09 05:30:47.601,0.78975,0.78984,1.50,1.50
2012.08.09 05:30:48.541,0.78977,0.78986,1.50,1.50
2012.08.09 05:30:49.558,0.78975,0.78986,1.50,1.50
2012.08.09 05:30:50.395,0.78976,0.78987,1.50,1.50
2012.08.09 05:30:50.637,0.7898,0.78988,1.50,1.50
2012.08.09 05:30:51.269,0.7898,0.78989,1.50,1.50
2012.08.09 05:30:55.933,0.78982,0.78991,1.50,1.50
2012.08.09 05:30:56.471,0.78982,0.78993,1.50,2.25
2012.08.09 05:31:00.999,0.78982,0.78991,1.50,1.50
2012.08.09 05:31:01.356,0.7898,0.78991,3.00,1.50
2012.08.09 05:31:01.422,0.78982,0.78991,1.50,1.50
2012.08.09 05:31:04.003,0.78974,0.78994,1.88,1.50
2012.08.09 05:31:04.543,0.78974,0.78993,1.50,1.13
2012.08.09 05:31:05.918,0.78974,0.78994,1.50,1.50
2012.08.09 05:31:11.179,0.78974,0.78996,1.50,1.35
2012.08.09 05:31:16.344,0.78972,0.78994,2.63,1.13
2012.08.09 05:31:16.587,0.78972,0.78992,1.88,2.25
2012.08.09 05:31:17.124,0.78969,0.78991,1.50,1.35
2012.08.09 05:31:18.269,0.78977,0.78988,1.50,1.50
2012.08.09 05:31:19.103,0.78977,0.78986,1.50,1.50
2012.08.09 05:31:22.924,0.78977,0.78987,3.00,2.10
2012.08.09 05:31:23.111,0.78977,0.78987,1.50,2.63
2012.08.09 05:31:23.296,0.78977,0.78988,1.50,2.25
2012.08.09 05:31:23.769,0.78979,0.7899,1.50,1.50
2012.08.09 05:31:24.079,0.78982,0.78992,1.50,1.13
2012.08.09 05:31:24.702,0.78982,0.78993,1.50,2.63
2012.08.09 05:31:25.007,0.78984,0.78995,1.50,1.50
2012.08.09 05:31:25.548,0.78986,0.78995,1.50,1.50
2012.08.09 05:31:25.970,0.78985,0.78993,1.50,1.50
2012.08.09 05:31:26.288,0.78983,0.78994,1.50,1.50
2012.08.09 05:31:27.101,0.78982,0.78993,1.50,1.50
2012.08.09 05:31:27.520,0.78982,0.78991,1.50,1.50
2012.08.09 05:31:27.763,0.7898,0.78991,3.00,1.50
2012.08.09 05:31:28.286,0.78981,0.78992,1.50,1.50
2012.08.09 05:31:28.833,0.7898,0.78991,1.50,1.50
2012.08.09 05:31:29.950,0.78981,0.7899,1.50,1.50
2012.08.09 05:31:30.132,0.78983,0.78992,1.50,1.50
2012.08.09 05:31:37.759,0.78982,0.78991,1.50,1.50
2012.08.09 05:31:38.057,0.78982,0.78993,1.50,3.38
2012.08.09 05:31:43.596,0.78981,0.78992,1.50,1.50
2012.08.09 05:31:44.135,0.78982,0.78993,1.50,1.50
2012.08.09 05:31:45.072,0.78983,0.78993,1.50,1.50
2012.08.09 05:31:45.136,0.78984,0.78995,1.50,2.25
2012.08.09 05:31:45.376,0.78984,0.78993,1.50,1.50
2012.08.09 05:31:45.681,0.78981,0.7899,1.50,1.50
2012.08.09 05:31:47.374,0.78983,0.78992,1.50,1.50
2012.08.09 05:31:49.432,0.78981,0.7899,1.50,1.50
2012.08.09 05:31:49.909,0.78981,0.78992,1.50,3.00
2012.08.09 05:31:53.575,0.7898,0.78991,1.50,1.50
2012.08.09 05:31:54.200,0.78981,0.78992,1.50,3.00
2012.08.09 05:31:54.771,0.78981,0.7899,1.50,1.50
2012.08.09 05:31:55.634,0.78982,0.78991,1.50,1.50
2012.08.09 05:31:56.164,0.78981,0.7899,1.50,1.50
2012.08.09 05:32:02.152,0.78982,0.78991,1.50,1.50
2012.08.09 05:32:02.462,0.78984,0.78993,1.50,1.50
2012.08.09 05:32:02.825,0.78985,0.78996,1.50,2.63
2012.08.09 05:32:03.069,0.78985,0.78994,1.50,1.50
2012.08.09 05:32:04.770,0.78985,0.78996,1.50,1.50
2012.08.09 05:32:05.314,0.78986,0.78995,1.50,1.50
2012.08.09 05:32:06.094,0.78985,0.78994,1.50,1.50
2012.08.09 05:32:07.657,0.78983,0.78992,1.50,1.50
2012.08.09 05:32:07.959,0.78981,0.7899,1.50,1.50
2012.08.09 05:32:21.172,0.78978,0.78987,3.00,1.50
2012.08.09 05:32:22.091,0.78979,0.78988,1.50,1.50
2012.08.09 05:32:24.396,0.78978,0.78987,1.50,1.50
2012.08.09 05:32:24.994,0.78977,0.78988,1.50,1.50
2012.08.09 05:32:28.301,0.78979,0.78988,1.50,1.50
2012.08.09 05:32:28.640,0.78976,0.78988,3.75,1.50
2012.08.09 05:32:31.637,0.78976,0.78987,2.25,1.50
2012.08.09 05:32:32.168,0.78977,0.78987,1.50,1.50
2012.08.09 05:32:32.752,0.78976,0.78987,2.25,1.50
2012.08.09 05:32:33.335,0.78976,0.78988,2.25,1.50
2012.08.09 05:32:33.977,0.78976,0.78987,2.25,1.50
2012.08.09 05:32:34.503,0.78976,0.78988,2.25,1.50
2012.08.09 05:32:35.187,0.78977,0.78987,1.50,1.50
2012.08.09 05:32:35.710,0.78976,0.78987,2.25,1.50
2012.08.09 05:32:36.234,0.78976,0.78988,2.25,1.50
2012.08.09 05:32:37.775,0.78976,0.78987,2.25,1.50
2012.08.09 05:32:40.921,0.78975,0.78985,1.73,1.50
2012.08.09 05:32:41.280,0.78973,0.78983,1.88,1.50
2012.08.09 05:32:42.258,0.78973,0.78982,1.88,1.50
2012.08.09 05:32:43.573,0.78973,0.78983,1.88,1.50
2012.08.09 05:32:44.105,0.78973,0.78982,1.88,1.50
2012.08.09 05:32:44.653,0.78973,0.78981,1.88,1.50
2012.08.09 05:32:49.642,0.78973,0.78983,1.13,1.50
2012.08.09 05:32:51.381,0.78973,0.78982,1.88,1.50
2012.08.09 05:32:53.634,0.78973,0.78985,3.98,1.50
2012.08.09 05:32:54.185,0.78973,0.78986,3.98,1.50
2012.08.09 05:33:10.980,0.78973,0.78986,3.38,1.50
2012.08.09 05:33:11.282,0.78973,0.78984,3.38,1.50
2012.08.09 05:33:17.908,0.78973,0.78985,2.25,1.50
2012.08.09 05:33:18.266,0.78972,0.78983,1.88,1.50
2012.08.09 05:33:18.571,0.7897,0.78983,3.00,1.50
2012.08.09 05:33:18.871,0.78972,0.78982,1.50,1.50
2012.08.09 05:33:22.870,0.7897,0.78983,3.75,1.50
2012.08.09 05:33:22.994,0.78972,0.78982,1.50,1.50
2012.08.09 05:33:23.586,0.7897,0.78983,2.25,1.50
2012.08.09 05:33:24.113,0.78971,0.78983,1.50,1.50
2012.08.09 05:33:24.468,0.78975,0.78984,1.13,3.00
2012.08.09 05:33:24.829,0.78976,0.78986,1.50,1.50
2012.08.09 05:33:25.887,0.78977,0.78986,1.50,1.50
2012.08.09 05:33:26.495,0.78978,0.78989,1.50,3.00
2012.08.09 05:33:26.678,0.78981,0.7899,1.50,3.00
2012.08.09 05:33:27.095,0.78981,0.78992,1.50,1.50
2012.08.09 05:33:27.641,0.7898,0.78991,1.50,1.50
2012.08.09 05:33:28.276,0.78981,0.78991,1.13,1.50
2012.08.09 05:33:29.102,0.7898,0.78991,2.63,1.50
2012.08.09 05:33:32.632,0.78981,0.78991,1.13,1.50
2012.08.09 05:33:33.171,0.78984,0.78993,1.50,3.00
2012.08.09 05:33:33.473,0.78986,0.78993,1.50,1.50
2012.08.09 05:33:33.537,0.78986,0.78996,1.50,1.50
2012.08.09 05:33:34.039,0.78986,0.78995,1.50,1.50
2012.08.09 05:33:35.336,0.78983,0.78994,3.00,1.50
2012.08.09 05:33:35.530,0.78983,0.78992,1.50,1.50
2012.08.09 05:33:36.069,0.78982,0.78993,1.50,1.50
2012.08.09 05:33:36.843,0.78982,0.78991,1.50,1.50
2012.08.09 05:33:37.323,0.78979,0.78988,3.00,1.50
2012.08.09 05:33:38.161,0.7898,0.78988,1.50,1.50
2012.08.09 05:33:38.225,0.78982,0.78991,1.50,1.50
2012.08.09 05:33:38.524,0.7898,0.78991,3.00,1.50
2012.08.09 05:33:38.882,0.78978,0.78989,1.50,1.50
2012.08.09 05:33:40.077,0.78977,0.78987,1.50,1.50
2012.08.09 05:33:40.203,0.78975,0.78986,1.50,1.50
2012.08.09 05:33:40.647,0.78977,0.78986,1.50,1.50
2012.08.09 05:33:40.887,0.78975,0.78986,1.50,3.00
2012.08.09 05:33:41.010,0.78975,0.78984,1.50,1.50
2012.08.09 05:33:41.523,0.78973,0.78983,4.50,1.50
2012.08.09 05:33:42.250,0.78972,0.78982,4.13,1.50
2012.08.09 05:33:42.550,0.78972,0.78982,4.50,1.50
2012.08.09 05:33:43.088,0.78972,0.78983,1.88,1.50
2012.08.09 05:33:43.332,0.7897,0.78983,3.00,1.50
2012.08.09 05:33:43.577,0.7897,0.78981,2.25,1.50
2012.08.09 05:33:44.081,0.78969,0.78981,1.50,3.00
2012.08.09 05:33:44.520,0.78969,0.78978,1.50,1.50
2012.08.09 05:33:44.877,0.78967,0.78978,1.50,1.50
2012.08.09 05:33:45.063,0.78969,0.78978,1.50,1.50
2012.08.09 05:33:45.620,0.78968,0.78979,1.50,3.00
2012.08.09 05:33:46.158,0.78967,0.78978,1.50,1.50
2012.08.09 05:33:46.698,0.78968,0.78979,1.50,1.50
2012.08.09 05:33:47.137,0.78968,0.78977,1.50,1.50
2012.08.09 05:33:47.911,0.78968,0.78979,1.50,1.50
2012.08.09 05:33:48.455,0.78969,0.78979,1.50,1.50
2012.08.09 05:33:48.578,0.78971,0.7898,1.50,1.50
2012.08.09 05:33:51.801,0.78968,0.78979,2.25,1.50
2012.08.09 05:33:53.583,0.78969,0.78978,1.50,1.50
2012.08.09 05:33:59.438,0.78968,0.78977,1.50,1.50
2012.08.09 05:34:00.950,0.78966,0.78975,1.50,1.50
2012.08.09 05:34:01.832,0.78967,0.78976,1.50,1.50
2012.08.09 05:34:04.459,0.78968,0.78979,1.50,1.50
2012.08.09 05:34:05.017,0.78971,0.78982,1.50,1.50
2012.08.09 05:34:05.554,0.78973,0.78984,1.50,1.50
2012.08.09 05:34:06.452,0.78974,0.78985,1.50,1.50
2012.08.09 05:34:09.349,0.78977,0.78986,1.50,1.50
2012.08.09 05:34:10.423,0.78976,0.78985,1.50,1.50
2012.08.09 05:34:10.780,0.78976,0.78987,1.50,1.50
2012.08.09 05:34:11.078,0.78976,0.78985,1.50,1.50
2012.08.09 05:34:11.977,0.78977,0.78986,1.50,1.50
2012.08.09 05:34:12.508,0.78976,0.78985,1.50,1.50
2012.08.09 05:34:13.037,0.78977,0.78986,1.50,1.50
2012.08.09 05:34:14.091,0.78976,0.78985,1.50,1.50
2012.08.09 05:34:14.212,0.78976,0.78987,1.50,1.50
2012.08.09 05:34:15.775,0.78975,0.78986,1.50,1.50
2012.08.09 05:34:17.047,0.78977,0.78986,1.50,1.50
2012.08.09 05:34:17.583,0.78976,0.78985,1.50,1.50
2012.08.09 05:34:24.668,0.78975,0.78986,1.50,1.50
2012.08.09 05:34:25.032,0.78977,0.78986,1.50,1.50
2012.08.09 05:34:25.272,0.78975,0.78986,1.50,1.50
2012.08.09 05:34:25.974,0.78976,0.78985,1.50,1.50
2012.08.09 05:34:26.559,0.78977,0.78986,1.50,1.50
2012.08.09 05:34:26.971,0.78975,0.78986,1.50,1.50
2012.08.09 05:34:27.571,0.78976,0.78987,1.50,1.50
2012.08.09 05:34:29.164,0.78979,0.78989,1.50,1.50
2012.08.09 05:34:29.645,0.78977,0.78986,3.00,1.50
2012.08.09 05:34:30.179,0.78976,0.78985,1.50,1.50
2012.08.09 05:34:30.362,0.78976,0.78987,1.50,3.00
2012.08.09 05:34:31.076,0.78976,0.78985,1.50,1.50
2012.08.09 05:34:31.728,0.78976,0.78987,1.50,1.50
2012.08.09 05:34:31.852,0.7898,0.78988,1.50,1.50
2012.08.09 05:34:32.393,0.78979,0.78988,1.50,1.50
2012.08.09 05:34:41.503,0.78977,0.78985,1.50,1.50
2012.08.09 05:34:41.943,0.78976,0.78987,1.50,3.00
2012.08.09 05:34:42.473,0.78977,0.78986,1.50,1.50
2012.08.09 05:34:50.561,0.78975,0.78986,1.50,1.50
2012.08.09 05:34:58.994,0.78976,0.78987,1.50,1.50
2012.08.09 05:35:00.355,0.78975,0.78986,1.50,1.50
2012.08.09 05:35:00.884,0.78974,0.78985,1.50,1.50
2012.08.09 05:35:02.167,0.78973,0.78982,1.50,1.50
2012.08.09 05:35:08.455,0.78973,0.78984,1.50,1.50
2012.08.09 05:35:10.202,0.78973,0.78982,1.50,1.50
2012.08.09 05:35:10.441,0.78973,0.78984,1.50,1.50
2012.08.09 05:35:11.657,0.78973,0.78984,2.25,1.50
2012.08.09 05:35:11.840,0.78976,0.78985,1.50,1.50
2012.08.09 05:35:12.379,0.78977,0.78986,1.50,1.50
2012.08.09 05:35:15.358,0.78975,0.78986,3.00,1.50
2012.08.09 05:35:15.874,0.78974,0.78985,2.25,1.50
2012.08.09 05:35:34.189,0.78972,0.78983,1.50,1.50
2012.08.09 05:35:36.748,0.78974,0.78983,1.50,1.50
2012.08.09 05:35:37.693,0.78972,0.78983,1.50,1.50
2012.08.09 05:35:41.683,0.78973,0.78982,1.50,1.50
2012.08.09 05:35:42.156,0.78971,0.78982,1.50,1.50
2012.08.09 05:35:45.099,0.7897,0.78981,1.50,1.50
2012.08.09 05:35:52.728,0.78968,0.78979,1.50,1.50
2012.08.09 05:35:59.951,0.78971,0.7898,1.50,3.00
2012.08.09 05:36:02.672,0.78969,0.78978,1.50,1.50
2012.08.09 05:36:02.911,0.78967,0.78978,3.00,1.50
2012.08.09 05:36:10.917,0.78967,0.78977,1.50,1.50
2012.08.09 05:36:10.980,0.78965,0.78976,1.50,1.50
2012.08.09 05:36:12.957,0.78966,0.78977,1.50,3.00
2012.08.09 05:36:13.792,0.78965,0.78976,1.50,1.50
2012.08.09 05:36:14.442,0.78964,0.78974,2.63,1.50
2012.08.09 05:36:16.516,0.78966,0.78975,1.50,1.50
2012.08.09 05:36:16.755,0.78966,0.78977,1.50,2.25
2012.08.09 05:36:18.845,0.78966,0.78975,1.50,1.50
2012.08.09 05:36:19.748,0.78964,0.78973,1.50,1.50
2012.08.09 05:36:27.653,0.78965,0.78975,1.50,1.50
2012.08.09 05:36:28.185,0.78965,0.78976,1.50,1.50
2012.08.09 05:36:41.817,0.78966,0.78975,1.50,1.50
2012.08.09 05:36:42.351,0.78965,0.78976,1.50,1.50
2012.08.09 05:36:43.941,0.78966,0.78977,1.50,1.50
2012.08.09 05:36:44.471,0.78965,0.78976,1.50,1.50
2012.08.09 05:36:49.779,0.78967,0.78976,1.50,1.50
2012.08.09 05:36:54.134,0.78965,0.78976,2.25,1.50
2012.08.09 05:37:15.559,0.78966,0.78977,1.50,1.50
2012.08.09 05:37:17.574,0.78966,0.78975,1.50,1.50
2012.08.09 05:37:18.102,0.78967,0.78976,1.50,1.50
2012.08.09 05:37:19.615,0.78965,0.78976,3.75,1.50
2012.08.09 05:38:10.610,0.78966,0.78977,1.50,1.50
2012.08.09 05:38:11.134,0.78965,0.78976,1.50,1.50
2012.08.09 05:38:13.055,0.78965,0.78976,1.50,4.50
2012.08.09 05:38:13.123,0.78963,0.78974,2.25,1.50
2012.08.09 05:38:22.154,0.78962,0.78973,2.25,1.50
2012.08.09 05:38:28.053,0.78963,0.78974,2.25,1.50
2012.08.09 05:38:28.681,0.78963,0.78972,2.25,1.50
2012.08.09 05:38:30.643,0.78963,0.78974,2.25,1.50
2012.08.09 05:38:46.446,0.78963,0.78972,1.50,1.50
2012.08.09 05:38:46.992,0.78964,0.78973,1.50,1.50
2012.08.09 05:38:47.575,0.78962,0.78973,3.38,1.50
2012.08.09 05:38:52.026,0.78964,0.78973,1.50,1.50
2012.08.09 05:38:52.757,0.78963,0.78972,1.50,1.50
2012.08.09 05:38:58.867,0.78963,0.78972,2.25,1.50
2012.08.09 05:38:59.400,0.78964,0.78973,2.25,1.50
2012.08.09 05:39:02.335,0.78962,0.78973,3.00,1.50
2012.08.09 05:39:02.518,0.78962,0.78973,2.25,1.50
2012.08.09 05:39:03.054,0.78962,0.78973,2.25,1.50
2012.08.09 05:39:03.412,0.78961,0.78971,1.88,1.50
2012.08.09 05:39:03.940,0.78961,0.78971,1.88,1.50
2012.08.09 05:39:05.922,0.78961,0.78972,2.25,1.50
2012.08.09 05:39:06.394,0.78961,0.7897,2.25,1.50
2012.08.09 05:39:10.815,0.78961,0.7897,2.25,1.50
2012.08.09 05:39:11.291,0.78961,0.78972,2.25,1.50
2012.08.09 05:39:12.404,0.78961,0.78972,2.25,1.50
2012.08.09 05:39:12.917,0.78961,0.78972,2.25,1.50
2012.08.09 05:39:14.605,0.78961,0.78972,2.25,1.50
2012.08.09 05:39:15.128,0.78961,0.78972,2.25,1.50
2012.08.09 05:39:15.547,0.78964,0.78973,1.50,1.50
2012.08.09 05:39:26.108,0.78966,0.78975,1.50,1.50
2012.08.09 05:39:27.056,0.78966,0.78977,1.50,1.50
2012.08.09 05:39:28.588,0.78965,0.78976,1.50,1.50
2012.08.09 05:39:29.413,0.78964,0.78973,2.25,1.50
2012.08.09 05:39:40.206,0.78964,0.78973,2.25,1.50
2012.08.09 05:39:44.078,0.78964,0.78973,2.25,1.50
2012.08.09 05:39:56.492,0.78963,0.78972,1.50,1.50
2012.08.09 05:40:17.634,0.78963,0.78974,1.50,1.50
2012.08.09 05:40:20.702,0.78965,0.78976,1.50,1.50
2012.08.09 05:40:35.716,0.78965,0.78975,1.50,1.50
2012.08.09 05:40:36.084,0.78964,0.78973,1.50,1.50
2012.08.09 05:40:36.616,0.78963,0.78974,1.50,3.00
2012.08.09 05:40:36.972,0.78963,0.78972,1.50,1.50
2012.08.09 05:40:47.547,0.78961,0.78971,1.13,1.50
2012.08.09 05:40:48.079,0.78961,0.78972,2.63,1.50
2012.08.09 05:40:48.321,0.78961,0.7897,2.63,1.50
2012.08.09 05:40:48.794,0.78961,0.78972,2.63,1.50
2012.08.09 05:40:52.290,0.78962,0.78973,1.50,1.50
2012.08.09 05:40:57.206,0.7896,0.78971,2.63,1.50
2012.08.09 05:40:57.734,0.78961,0.78972,1.50,1.50
2012.08.09 05:41:10.980,0.78961,0.7897,1.50,1.50
2012.08.09 05:41:11.104,0.78961,0.78972,2.25,1.50
2012.08.09 05:41:11.227,0.78961,0.7897,1.50,1.50
2012.08.09 05:41:11.350,0.78961,0.78972,1.50,1.50
2012.08.09 05:41:14.538,0.78961,0.78972,1.88,1.50
2012.08.09 05:41:14.972,0.78964,0.78973,2.63,1.50
2012.08.09 05:41:15.283,0.78966,0.78975,1.50,1.50
2012.08.09 05:41:15.528,0.78963,0.78974,2.25,1.50
2012.08.09 05:41:16.062,0.78962,0.78973,4.13,1.50
2012.08.09 05:41:16.713,0.78962,0.78973,3.00,1.50
2012.08.09 05:41:17.247,0.78962,0.78973,3.00,1.50
2012.08.09 05:41:17.905,0.78962,0.78973,2.25,1.50
2012.08.09 05:41:18.442,0.78962,0.78973,2.25,1.50
2012.08.09 05:41:18.971,0.78962,0.78973,2.25,1.50
2012.08.09 05:41:19.648,0.78962,0.78973,2.25,1.50
2012.08.09 05:41:20.176,0.78962,0.78973,2.25,1.50
2012.08.09 05:41:20.587,0.78962,0.78973,1.50,1.50
2012.08.09 05:41:35.905,0.78964,0.78973,1.50,1.50
2012.08.09 05:41:38.214,0.78964,0.78972,1.50,1.13
2012.08.09 05:41:38.394,0.78961,0.78972,2.25,2.63
2012.08.09 05:41:38.698,0.78959,0.78969,2.25,1.50
2012.08.09 05:41:39.061,0.78957,0.78968,1.50,1.50
2012.08.09 05:41:39.608,0.78959,0.78968,1.50,1.50
2012.08.09 05:41:40.447,0.78958,0.78967,1.50,1.50
2012.08.09 05:41:40.806,0.7896,0.78969,1.50,2.63
2012.08.09 05:41:40.932,0.78958,0.78969,1.50,2.63
2012.08.09 05:41:41.056,0.7896,0.78969,1.50,2.63
2012.08.09 05:41:47.059,0.7896,0.7897,1.50,1.13
2012.08.09 05:41:47.360,0.78957,0.78967,1.50,1.13
2012.08.09 05:41:47.717,0.78957,0.78965,1.50,1.13
2012.08.09 05:41:47.899,0.78957,0.78967,1.50,1.13
2012.08.09 05:41:48.196,0.78958,0.78969,1.50,2.63
2012.08.09 05:41:48.803,0.78959,0.78969,1.50,1.13
2012.08.09 05:41:51.218,0.78959,0.78968,1.50,1.13
2012.08.09 05:41:51.638,0.78957,0.78966,1.50,1.50
2012.08.09 05:41:52.235,0.78955,0.78964,1.50,1.50
2012.08.09 05:41:52.772,0.78955,0.78965,1.50,1.13
2012.08.09 05:41:53.895,0.78954,0.78965,3.00,2.63
2012.08.09 05:41:54.546,0.78954,0.78963,1.50,1.50
2012.08.09 05:41:55.140,0.78955,0.78964,1.50,1.50
2012.08.09 05:41:58.530,0.78956,0.78965,1.50,2.63
2012.08.09 05:41:58.769,0.78954,0.78965,3.00,2.63
2012.08.09 05:41:59.530,0.78956,0.78965,1.50,2.63
2012.08.09 05:41:59.652,0.78954,0.78965,1.50,2.63
2012.08.09 05:42:00.467,0.78956,0.78965,1.50,2.63
2012.08.09 05:42:01.796,0.78955,0.78964,1.50,1.50
2012.08.09 05:42:03.233,0.78955,0.78966,1.50,1.50
2012.08.09 05:42:04.473,0.78955,0.78965,1.50,1.13
2012.08.09 05:42:05.005,0.78956,0.78965,1.50,1.50
2012.08.09 05:42:06.307,0.78954,0.78965,1.50,1.50
2012.08.09 05:42:06.919,0.78955,0.78966,1.50,1.50
2012.08.09 05:42:09.036,0.78954,0.78965,1.50,1.50
2012.08.09 05:42:09.686,0.78956,0.78965,1.50,1.50
2012.08.09 05:42:09.928,0.78954,0.78965,1.50,2.63
2012.08.09 05:42:11.480,0.78955,0.78964,1.50,1.50
2012.08.09 05:42:13.981,0.78954,0.78965,1.50,2.63
2012.08.09 05:42:14.104,0.78956,0.78965,1.50,1.50
2012.08.09 05:42:14.168,0.78954,0.78965,1.50,1.50
2012.08.09 05:42:22.919,0.78954,0.78965,1.50,3.38
2012.08.09 05:42:23.453,0.78953,0.78962,1.50,1.50
2012.08.09 05:42:23.754,0.78956,0.78965,1.50,2.25
2012.08.09 05:42:25.870,0.78955,0.78964,1.50,1.50
2012.08.09 05:42:26.420,0.78954,0.78963,1.50,1.50
2012.08.09 05:42:31.144,0.78955,0.78964,1.50,1.50
2012.08.09 05:42:31.692,0.78954,0.78963,1.50,1.50
2012.08.09 05:42:31.813,0.78954,0.78965,1.50,2.63
2012.08.09 05:42:31.877,0.78954,0.78963,1.50,1.50
2012.08.09 05:42:32.638,0.78954,0.78965,1.50,2.63
2012.08.09 05:42:33.227,0.78953,0.78964,2.25,1.50
2012.08.09 05:42:34.748,0.78955,0.78964,1.50,1.50
2012.08.09 05:42:35.622,0.78954,0.78963,1.50,1.50
2012.08.09 05:42:37.720,0.78954,0.78965,2.25,4.13
2012.08.09 05:42:38.539,0.78955,0.78965,1.50,1.13
2012.08.09 05:42:39.412,0.78954,0.78965,2.25,2.63
2012.08.09 05:42:40.143,0.78955,0.78966,1.50,3.00
2012.08.09 05:42:40.914,0.78957,0.78968,1.50,3.38
2012.08.09 05:42:41.451,0.78956,0.78967,1.50,1.50
2012.08.09 05:42:43.725,0.78957,0.78968,1.50,1.50
2012.08.09 05:42:44.262,0.78958,0.78967,1.50,2.63
2012.08.09 05:42:44.566,0.7896,0.78969,1.50,1.50
2012.08.09 05:42:48.270,0.78959,0.78968,1.50,1.50
2012.08.09 05:42:50.378,0.7896,0.78969,1.50,1.50
2012.08.09 05:43:10.339,0.78961,0.7897,1.50,1.50
2012.08.09 05:43:38.841,0.78958,0.78969,2.63,1.50
2012.08.09 05:43:39.026,0.7896,0.78969,1.50,1.50
2012.08.09 05:43:40.850,0.78958,0.78969,2.63,1.50
2012.08.09 05:43:41.383,0.78958,0.78968,1.13,1.50
2012.08.09 05:43:42.511,0.78958,0.78969,2.63,1.50
2012.08.09 05:43:44.368,0.78958,0.78968,1.13,1.50
2012.08.09 05:43:45.383,0.78957,0.78968,2.25,1.50
2012.08.09 05:43:45.798,0.78956,0.78966,1.88,1.50
2012.08.09 05:43:46.512,0.78956,0.78967,3.38,1.50
2012.08.09 05:44:00.742,0.78957,0.78967,1.13,1.50
2012.08.09 05:44:07.719,0.78958,0.78968,1.50,1.50
2012.08.09 05:44:08.306,0.78958,0.78969,1.50,1.50
2012.08.09 05:44:12.279,0.7896,0.78971,1.50,2.63
2012.08.09 05:44:23.796,0.78958,0.78969,3.00,1.50
2012.08.09 05:44:35.707,0.78959,0.7897,1.50,1.50
2012.08.09 05:44:43.188,0.78959,0.78968,1.50,1.50
2012.08.09 05:44:44.433,0.78957,0.78968,4.13,1.50
2012.08.09 05:44:55.625,0.78959,0.78968,1.50,1.50
2012.08.09 05:44:56.151,0.78957,0.78968,1.50,1.50
2012.08.09 05:44:56.271,0.78959,0.78968,1.50,1.50
2012.08.09 05:44:56.624,0.78957,0.78968,1.50,1.50
2012.08.09 05:44:57.578,0.78959,0.78968,1.50,1.50
2012.08.09 05:44:59.800,0.78957,0.78968,1.50,1.50
2012.08.09 05:45:02.058,0.78958,0.78969,1.50,3.00
2012.08.09 05:45:02.410,0.78958,0.78967,1.50,1.50
2012.08.09 05:45:02.956,0.78959,0.78968,1.50,1.50
2012.08.09 05:45:03.020,0.78957,0.78968,3.00,1.50
2012.08.09 05:45:06.789,0.78958,0.78969,1.50,1.50
2012.08.09 05:45:08.640,0.78957,0.78968,2.25,1.50
2012.08.09 05:45:09.231,0.78957,0.78968,1.50,1.50
2012.08.09 05:45:10.928,0.78959,0.78968,1.13,1.50
2012.08.09 05:45:10.992,0.78959,0.7897,2.63,1.50
2012.08.09 05:45:11.936,0.78962,0.78971,1.50,3.00
2012.08.09 05:45:12.058,0.7896,0.78971,3.00,1.50
2012.08.09 05:45:12.592,0.78961,0.7897,1.50,1.50
2012.08.09 05:45:22.398,0.78962,0.78971,1.50,1.50
2012.08.09 05:45:23.396,0.78961,0.7897,1.50,1.50
2012.08.09 05:45:24.813,0.78961,0.78972,2.25,1.50
2012.08.09 05:45:29.040,0.78961,0.7897,2.25,1.50
2012.08.09 05:45:29.574,0.7896,0.78971,3.38,1.50
2012.08.09 05:45:29.696,0.7896,0.78971,3.38,1.50
2012.08.09 05:45:31.219,0.78958,0.78968,2.25,1.50
2012.08.09 05:45:31.752,0.78957,0.78968,2.25,1.50
2012.08.09 05:45:32.305,0.78959,0.78968,1.50,1.50
2012.08.09 05:45:33.710,0.78957,0.78968,3.75,1.50
2012.08.09 05:45:35.814,0.78957,0.78968,2.25,1.50
2012.08.09 05:45:35.935,0.78959,0.7897,1.50,1.50
2012.08.09 05:45:36.618,0.78958,0.78969,3.75,1.50
2012.08.09 05:45:36.935,0.7896,0.78969,1.50,1.50
2012.08.09 05:45:37.056,0.78958,0.78969,3.75,1.50
2012.08.09 05:45:38.272,0.78959,0.7897,1.50,3.00
2012.08.09 05:45:38.922,0.78959,0.78968,1.50,1.50
2012.08.09 05:45:39.611,0.78957,0.78968,3.00,1.50
2012.08.09 05:45:42.155,0.78959,0.78968,1.50,1.50
2012.08.09 05:45:42.456,0.78957,0.78968,3.00,1.50
2012.08.09 05:45:42.522,0.78959,0.78968,1.50,1.50
2012.08.09 05:45:42.940,0.78957,0.78968,1.50,1.50
2012.08.09 05:45:45.322,0.78959,0.78968,1.50,1.50
2012.08.09 05:45:45.444,0.78957,0.78968,1.50,1.50
2012.08.09 05:45:53.965,0.78959,0.78969,1.50,1.13
2012.08.09 05:45:54.494,0.78959,0.78969,1.50,1.13
2012.08.09 05:45:55.138,0.78959,0.78969,1.50,1.13
2012.08.09 05:45:55.937,0.78959,0.78969,1.50,1.13
2012.08.09 05:45:56.570,0.78959,0.78969,1.50,1.13
2012.08.09 05:45:57.313,0.78959,0.78969,1.50,1.13
2012.08.09 05:45:58.874,0.78959,0.7897,1.50,2.25
2012.08.09 05:46:00.723,0.78959,0.7897,1.50,2.25
2012.08.09 05:46:01.271,0.78959,0.7897,1.50,2.25
2012.08.09 05:46:02.285,0.78958,0.78968,1.50,1.13
2012.08.09 05:46:02.595,0.78954,0.78963,1.50,1.50
2012.08.09 05:46:04.923,0.78954,0.78963,1.50,2.25
2012.08.09 05:46:07.119,0.78954,0.78963,1.50,3.00
2012.08.09 05:46:08.393,0.78954,0.78963,1.50,3.00
2012.08.09 05:46:10.355,0.78954,0.78963,1.50,2.63
2012.08.09 05:46:11.149,0.78954,0.78963,1.50,2.63
2012.08.09 05:46:11.960,0.78954,0.78963,1.50,2.63
2012.08.09 05:46:13.165,0.78954,0.78963,1.50,2.63
2012.08.09 05:46:14.067,0.78954,0.78963,1.50,3.38
2012.08.09 05:46:14.739,0.78954,0.78963,1.50,3.38
2012.08.09 05:46:15.266,0.78954,0.78963,1.50,3.38
2012.08.09 05:46:17.030,0.78954,0.78963,1.50,3.38
2012.08.09 05:46:17.555,0.78954,0.78963,1.50,3.00
2012.08.09 05:46:17.676,0.78951,0.78962,1.50,2.25
2012.08.09 05:46:18.823,0.78952,0.78963,1.50,2.25
2012.08.09 05:46:19.599,0.78952,0.78963,1.50,3.00
2012.08.09 05:46:19.669,0.78955,0.78964,1.50,2.63
2012.08.09 05:46:20.205,0.78954,0.78963,1.50,1.50
2012.08.09 05:46:20.448,0.78952,0.78963,1.50,2.25
2012.08.09 05:46:20.982,0.78951,0.78962,1.50,1.88
2012.08.09 05:46:21.432,0.78951,0.78961,1.50,3.38
2012.08.09 05:46:21.618,0.78946,0.78957,1.50,2.25
2012.08.09 05:46:22.100,0.78945,0.78954,1.50,2.25
2012.08.09 05:46:22.285,0.78943,0.78953,1.50,2.25
2012.08.09 05:46:22.410,0.78943,0.78952,1.50,1.88
2012.08.09 05:46:22.534,0.78941,0.78952,1.50,2.63
2012.08.09 05:46:22.715,0.78939,0.78948,3.00,1.50
2012.08.09 05:46:30.534,0.78939,0.7895,1.50,1.50
2012.08.09 05:46:31.064,0.78938,0.78949,1.50,1.50
2012.08.09 05:46:31.560,0.7894,0.78951,1.50,1.50
2012.08.09 05:46:31.914,0.7894,0.78949,1.50,1.50
2012.08.09 05:46:32.445,0.78939,0.7895,1.50,1.50
2012.08.09 05:46:33.265,0.78941,0.7895,1.50,2.63
2012.08.09 05:46:33.624,0.78939,0.7895,1.50,1.50
2012.08.09 05:46:34.959,0.7894,0.78951,1.50,2.25
2012.08.09 05:46:36.799,0.7894,0.78949,1.50,1.50
2012.08.09 05:46:37.961,0.78941,0.7895,1.50,1.50
2012.08.09 05:46:39.624,0.78939,0.7895,1.50,1.50
2012.08.09 05:46:39.966,0.78941,0.7895,1.50,1.50
2012.08.09 05:46:40.089,0.78939,0.7895,1.50,1.50
2012.08.09 05:46:42.264,0.78935,0.78946,2.25,1.50
2012.08.09 05:46:43.754,0.78935,0.78946,2.25,1.50
2012.08.09 05:46:44.252,0.78939,0.78948,1.50,1.50
2012.08.09 05:46:45.564,0.78939,0.7895,1.50,1.50
2012.08.09 05:46:45.687,0.78939,0.78948,1.50,1.50
2012.08.09 05:46:57.866,0.78937,0.78946,3.00,1.50
2012.08.09 05:46:58.532,0.78938,0.78947,1.50,1.50
2012.08.09 05:47:05.046,0.78936,0.78947,3.00,1.50
2012.08.09 05:47:05.233,0.78934,0.78944,2.25,1.50
2012.08.09 05:47:05.763,0.78933,0.78944,2.25,1.50
2012.08.09 05:47:06.917,0.78932,0.78941,1.50,1.50
2012.08.09 05:47:13.859,0.78932,0.78943,1.50,3.38
2012.08.09 05:47:17.764,0.78931,0.78942,1.50,1.50
2012.08.09 05:47:18.319,0.78933,0.78942,1.50,1.50
2012.08.09 05:47:18.736,0.78931,0.78942,1.50,1.50
2012.08.09 05:47:20.707,0.78932,0.78941,1.50,1.50
2012.08.09 05:47:25.396,0.78932,0.78943,1.50,1.50
2012.08.09 05:47:25.930,0.78933,0.78942,1.50,1.50
2012.08.09 05:47:26.348,0.78931,0.78942,2.48,1.50
2012.08.09 05:47:26.998,0.78932,0.78943,1.50,1.50
2012.08.09 05:47:29.074,0.78934,0.78945,1.50,1.50
2012.08.09 05:47:29.605,0.78935,0.78944,1.50,1.50
2012.08.09 05:47:29.901,0.78933,0.78944,1.50,1.50
2012.08.09 05:47:30.304,0.78935,0.78944,1.50,1.50
2012.08.09 05:47:33.651,0.78935,0.78944,3.23,1.50
2012.08.09 05:47:33.717,0.78938,0.78947,1.50,1.50
2012.08.09 05:47:33.903,0.78936,0.78947,1.50,1.50
2012.08.09 05:47:38.109,0.78937,0.78948,1.50,1.50
2012.08.09 05:47:39.369,0.78936,0.78947,2.48,1.50
2012.08.09 05:47:40.965,0.78937,0.78948,1.50,1.50
2012.08.09 05:47:41.670,0.78937,0.78948,3.00,1.50
2012.08.09 05:47:41.970,0.78939,0.7895,1.50,1.50
2012.08.09 05:47:42.804,0.78939,0.78948,1.50,1.50
2012.08.09 05:47:44.569,0.7894,0.78949,1.50,1.50
2012.08.09 05:47:45.635,0.78938,0.78949,2.25,1.50
2012.08.09 05:47:45.943,0.78936,0.78947,2.25,1.50
2012.08.09 05:47:48.085,0.78935,0.78944,1.50,1.50
2012.08.09 05:47:48.388,0.78936,0.78944,1.88,1.50
2012.08.09 05:47:48.513,0.78937,0.78946,1.13,1.50
2012.08.09 05:47:48.760,0.78937,0.78948,2.25,1.50
2012.08.09 05:47:49.298,0.7894,0.78949,1.50,1.50
2012.08.09 05:47:49.431,0.78942,0.78952,1.13,3.00
2012.08.09 05:47:49.968,0.78944,0.78954,1.50,1.50
2012.08.09 05:47:50.500,0.78944,0.78955,1.88,1.50
2012.08.09 05:48:05.053,0.78946,0.78957,1.50,1.50
2012.08.09 05:48:08.726,0.78946,0.78955,1.50,1.50
2012.08.09 05:48:11.132,0.78945,0.78956,1.50,1.50
2012.08.09 05:48:11.673,0.78946,0.78957,1.50,1.50
2012.08.09 05:48:14.898,0.78946,0.78955,1.50,1.50
2012.08.09 05:48:17.592,0.78945,0.78954,1.50,1.50
2012.08.09 05:48:37.461,0.78946,0.78957,1.50,3.00
2012.08.09 05:48:38.054,0.78945,0.78956,3.75,1.50
2012.08.09 05:48:57.647,0.78946,0.78955,1.50,1.50
2012.08.09 05:49:01.030,0.78947,0.78956,1.50,1.50
2012.08.09 05:49:01.615,0.78946,0.78955,1.50,1.50
2012.08.09 05:49:25.318,0.78947,0.78956,1.50,1.50
2012.08.09 05:49:25.556,0.78945,0.78956,3.00,1.50
2012.08.09 05:49:26.775,0.78946,0.78957,1.50,1.50
2012.08.09 05:49:26.953,0.78946,0.78955,1.50,1.50
2012.08.09 05:49:27.902,0.78946,0.78957,1.50,1.50
2012.08.09 05:49:32.917,0.78946,0.78955,2.25,1.50
2012.08.09 05:49:37.570,0.78946,0.78957,2.25,1.50
2012.08.09 05:49:38.337,0.78946,0.78955,3.00,1.50
2012.08.09 05:49:42.866,0.78947,0.78955,1.50,1.50
2012.08.09 05:49:43.108,0.78947,0.78957,1.50,1.50
2012.08.09 05:49:43.651,0.78947,0.78956,3.75,1.50
2012.08.09 05:49:44.181,0.78948,0.78955,1.13,1.50
2012.08.09 05:49:44.245,0.78946,0.78955,1.50,1.50
2012.08.09 05:50:05.495,0.78947,0.78956,1.50,1.50
2012.08.09 05:50:07.427,0.78945,0.78956,1.50,1.50
2012.08.09 05:50:19.883,0.78946,0.78956,1.50,1.50
2012.08.09 05:50:19.946,0.78947,0.78958,1.50,1.50
2012.08.09 05:50:21.593,0.78946,0.78957,1.50,1.50
2012.08.09 05:50:21.778,0.78948,0.78957,1.50,1.50
2012.08.09 05:50:22.013,0.78946,0.78957,1.50,1.50
2012.08.09 05:50:24.051,0.78947,0.78958,1.50,1.50
2012.08.09 05:50:27.162,0.78946,0.78957,1.50,1.50
2012.08.09 05:50:28.733,0.78947,0.78956,1.50,1.50
2012.08.09 05:50:29.261,0.78948,0.78957,1.50,1.50
2012.08.09 05:50:29.499,0.78946,0.78955,1.50,1.50
2012.08.09 05:50:30.126,0.78947,0.78956,1.50,1.50
2012.08.09 05:50:51.398,0.78948,0.78958,1.50,1.50
2012.08.09 05:50:51.935,0.78948,0.78959,1.50,1.50
2012.08.09 05:50:54.287,0.78947,0.78957,1.50,1.50
2012.08.09 05:50:54.904,0.78946,0.78957,1.50,1.50
2012.08.09 05:50:56.522,0.78946,0.78954,1.50,1.13
2012.08.09 05:50:56.649,0.78946,0.78957,1.50,1.50
2012.08.09 05:50:56.714,0.78946,0.78955,1.50,1.50
2012.08.09 05:50:56.839,0.78943,0.78953,2.25,1.50
2012.08.09 05:50:57.199,0.78942,0.78951,1.50,1.50
2012.08.09 05:50:57.764,0.78941,0.7895,1.50,1.50
2012.08.09 05:51:00.593,0.7894,0.78949,1.50,1.50
2012.08.09 05:51:01.673,0.78942,0.78951,1.50,1.50
2012.08.09 05:51:01.737,0.78942,0.78953,1.50,1.50
2012.08.09 05:51:02.496,0.78943,0.78952,1.50,1.50
2012.08.09 05:51:03.088,0.78942,0.78951,1.50,1.50
2012.08.09 05:51:03.867,0.78943,0.78952,1.50,1.50
2012.08.09 05:51:14.259,0.78941,0.78952,1.50,1.50
2012.08.09 05:51:15.439,0.78941,0.78948,1.50,1.13
2012.08.09 05:51:15.978,0.7894,0.78949,1.50,1.50
2012.08.09 05:51:27.980,0.7894,0.78948,1.50,1.50
2012.08.09 05:51:28.044,0.78937,0.78946,1.50,1.50
2012.08.09 05:51:29.067,0.78938,0.78947,1.50,1.50
2012.08.09 05:51:39.477,0.78937,0.78946,1.50,1.50
2012.08.09 05:51:43.255,0.78938,0.78947,1.50,1.50
2012.08.09 05:51:43.787,0.78937,0.78946,1.50,1.50
2012.08.09 05:51:47.167,0.78937,0.78948,1.50,1.50
2012.08.09 05:52:06.537,0.78936,0.78947,2.25,1.50
2012.08.09 05:52:24.170,0.78936,0.78945,1.50,1.50
2012.08.09 05:52:24.233,0.78933,0.78944,2.25,1.50
2012.08.09 05:52:24.757,0.78934,0.78945,1.50,3.00
2012.08.09 05:52:30.285,0.78934,0.78945,3.38,1.50
2012.08.09 05:52:30.525,0.78936,0.78947,2.25,1.50
2012.08.09 05:52:31.067,0.78937,0.78948,1.50,1.50
2012.08.09 05:52:31.762,0.78937,0.78946,1.50,1.50
2012.08.09 05:52:34.375,0.78936,0.78947,3.75,1.50
2012.08.09 05:52:34.922,0.78937,0.78948,1.50,1.50
2012.08.09 05:52:35.444,0.78936,0.78947,3.75,1.50
2012.08.09 05:52:48.266,0.78938,0.78947,1.50,1.50
2012.08.09 05:52:52.252,0.78937,0.78946,1.50,1.50
2012.08.09 05:53:08.144,0.78937,0.78948,1.50,1.50
2012.08.09 05:53:09.406,0.78936,0.78947,1.50,1.50
2012.08.09 05:53:20.932,0.78938,0.78947,1.50,1.50
2012.08.09 05:53:21.455,0.78939,0.78948,1.50,1.50
2012.08.09 05:53:23.323,0.78937,0.78948,1.50,1.50
2012.08.09 05:53:30.313,0.78938,0.78949,1.50,2.63
2012.08.09 05:53:31.161,0.78938,0.78947,1.50,1.50
2012.08.09 05:53:35.362,0.78939,0.78948,1.50,1.50
2012.08.09 05:53:35.814,0.78937,0.78948,3.00,1.50
2012.08.09 05:53:35.936,0.78937,0.78946,1.50,1.50
2012.08.09 05:53:36.229,0.78937,0.78948,1.50,3.00
2012.08.09 05:53:38.231,0.78936,0.78947,2.25,2.63
2012.08.09 05:53:38.871,0.78938,0.78947,1.50,2.63
2012.08.09 05:53:39.400,0.78937,0.78946,1.50,1.50
2012.08.09 05:53:40.138,0.78935,0.78946,2.25,1.50
2012.08.09 05:54:00.301,0.78935,0.78946,1.50,1.50
2012.08.09 05:54:05.684,0.78937,0.78946,1.13,1.50
2012.08.09 05:54:06.249,0.78938,0.78947,1.50,1.50
2012.08.09 05:54:06.608,0.78934,0.78943,1.50,1.50
2012.08.09 05:54:06.910,0.78937,0.78945,1.13,1.50
2012.08.09 05:54:07.447,0.78937,0.78946,2.63,1.50
2012.08.09 05:54:07.865,0.78937,0.78944,1.50,1.13
2012.08.09 05:54:08.107,0.78931,0.78942,2.25,1.50
2012.08.09 05:54:10.030,0.78929,0.78939,2.25,1.50
2012.08.09 05:54:10.597,0.7893,0.78941,1.50,1.50
2012.08.09 05:54:19.106,0.7893,0.78941,2.25,1.50
2012.08.09 05:54:20.985,0.7893,0.78941,1.50,1.50
2012.08.09 05:54:21.512,0.7893,0.78941,2.25,1.50
2012.08.09 05:54:43.666,0.78932,0.78943,1.50,2.63
2012.08.09 05:54:43.903,0.78934,0.78943,1.13,1.50
2012.08.09 05:54:43.966,0.78934,0.78945,2.63,1.50
2012.08.09 05:54:44.497,0.78934,0.78945,3.38,1.50
2012.08.09 05:54:57.769,0.78934,0.78945,3.38,1.50
2012.08.09 05:54:58.126,0.78938,0.78946,1.13,1.50
2012.08.09 05:54:58.308,0.78938,0.78948,1.13,3.00
2012.08.09 05:54:58.841,0.78938,0.78948,1.88,1.50
2012.08.09 05:54:59.146,0.78939,0.7895,2.25,1.50
2012.08.09 05:55:00.826,0.7894,0.7895,1.50,1.50
2012.08.09 05:55:01.510,0.78941,0.7895,1.50,1.50
2012.08.09 05:55:01.867,0.78941,0.78952,1.50,1.50
2012.08.09 05:55:02.441,0.7894,0.78951,1.50,1.50
2012.08.09 05:55:15.684,0.78942,0.78951,1.50,1.50
2012.08.09 05:55:19.344,0.78943,0.78951,1.13,1.50
2012.08.09 05:55:28.640,0.78943,0.78952,2.63,1.50
2012.08.09 05:55:28.999,0.78946,0.78954,1.13,1.50
2012.08.09 05:55:42.088,0.78944,0.78954,1.13,1.50
2012.08.09 05:55:48.729,0.78946,0.78954,1.13,1.50
2012.08.09 05:55:49.085,0.78949,0.78955,1.13,1.50
2012.08.09 05:55:49.619,0.78949,0.78956,1.13,1.50
2012.08.09 05:55:50.155,0.7895,0.78956,1.13,1.50
2012.08.09 05:55:50.219,0.7895,0.78958,1.13,1.50
2012.08.09 05:56:02.895,0.7895,0.78959,2.63,1.50
2012.08.09 05:56:06.446,0.78948,0.78957,1.50,1.50
2012.08.09 05:56:10.242,0.78949,0.7896,1.50,1.50
2012.08.09 05:56:10.603,0.78951,0.7896,1.50,1.50
2012.08.09 05:56:10.957,0.78948,0.78957,1.50,1.50
2012.08.09 05:56:19.503,0.78946,0.78957,2.63,1.50
2012.08.09 05:56:21.959,0.78947,0.78958,1.50,2.25
2012.08.09 05:56:26.593,0.78946,0.78957,2.63,1.50
2012.08.09 05:56:27.105,0.78947,0.78958,1.50,2.25
2012.08.09 05:56:37.377,0.78947,0.78956,1.50,1.50
2012.08.09 05:57:01.028,0.78948,0.78957,1.50,1.50
2012.08.09 05:57:09.306,0.78948,0.78959,1.50,1.50
2012.08.09 05:57:09.850,0.78948,0.78961,1.50,5.48
2012.08.09 05:57:10.381,0.78948,0.78961,1.50,2.63
2012.08.09 05:57:10.504,0.7895,0.78962,1.50,3.38
2012.08.09 05:57:11.045,0.7895,0.78963,1.50,1.50
2012.08.09 05:57:14.972,0.78952,0.78961,1.50,1.50
2012.08.09 05:57:18.453,0.78951,0.78962,1.50,1.50
2012.08.09 05:57:33.127,0.78952,0.78963,1.50,1.50
2012.08.09 05:57:55.927,0.78952,0.78961,1.50,1.50
2012.08.09 05:57:56.047,0.78952,0.78963,1.50,1.50
2012.08.09 05:58:00.626,0.78951,0.78962,1.50,1.50
2012.08.09 05:58:07.399,0.78953,0.78962,1.50,1.50
2012.08.09 05:58:08.454,0.78955,0.78964,1.50,1.50
2012.08.09 05:58:09.068,0.78956,0.78965,1.50,1.50
2012.08.09 05:58:10.364,0.78957,0.78968,1.50,2.25
2012.08.09 05:58:11.087,0.78956,0.78967,1.50,1.50
2012.08.09 05:58:11.464,0.78958,0.78967,1.50,1.50
2012.08.09 05:58:11.674,0.78956,0.78967,1.50,1.50
2012.08.09 05:58:31.811,0.78955,0.78966,2.25,1.50
2012.08.09 05:58:38.773,0.78956,0.78967,1.88,1.50
2012.08.09 05:58:40.164,0.78957,0.78967,1.50,1.50
2012.08.09 05:58:40.228,0.78958,0.78969,2.25,1.50
2012.08.09 05:58:40.410,0.7896,0.78969,1.50,1.50
2012.08.09 05:58:41.712,0.78959,0.78968,1.50,1.50
2012.08.09 05:58:42.229,0.78958,0.78969,1.50,1.50
2012.08.09 05:58:43.538,0.78958,0.78969,2.25,1.50
2012.08.09 05:58:44.400,0.78958,0.78969,2.25,1.50
2012.08.09 05:58:48.741,0.78959,0.7897,1.50,1.50
2012.08.09 05:58:57.687,0.78958,0.78969,2.25,1.50
2012.08.09 05:58:58.209,0.78959,0.7897,2.25,1.50
2012.08.09 05:58:58.746,0.78958,0.78969,1.50,1.50
2012.08.09 05:59:07.022,0.78957,0.78966,1.50,1.50
2012.08.09 05:59:19.375,0.78953,0.78964,2.25,1.50
2012.08.09 05:59:19.964,0.78954,0.78965,2.25,1.50
2012.08.09 05:59:24.645,0.78954,0.78965,2.25,1.50
2012.08.09 05:59:25.368,0.78953,0.78964,3.75,1.50
2012.08.09 05:59:25.907,0.78955,0.78964,2.25,1.50
2012.08.09 05:59:26.553,0.78955,0.78964,2.25,1.50
2012.08.09 05:59:27.779,0.78955,0.78964,2.25,1.50
2012.08.09 05:59:34.682,0.78955,0.78964,2.25,1.50
2012.08.09 05:59:42.592,0.78957,0.78966,1.50,1.50
2012.08.09 05:59:47.132,0.78957,0.78966,2.25,1.50
2012.08.09 05:59:47.197,0.78959,0.7897,1.50,1.50
2012.08.09 05:59:49.573,0.78962,0.78971,1.50,3.00
2012.08.09 05:59:52.332,0.78964,0.78973,1.50,1.50
2012.08.09 05:59:52.573,0.78965,0.78976,1.50,1.50
2012.08.09 05:59:53.400,0.78964,0.78974,1.50,1.50
2012.08.09 05:59:53.935,0.78963,0.78974,2.25,1.50
2012.08.09 05:59:54.302,0.78966,0.78975,1.50,1.50
2012.08.09 05:59:54.835,0.78967,0.78976,1.50,1.50
