2015.07.14 08:00:00.307,0.71089,0.71097,1.00,1.37
2015.07.14 08:00:00.510,0.71089,0.71099,1.87,1.37
2015.07.14 08:00:00.663,0.71089,0.71101,2.62,1.12
2015.07.14 08:00:00.816,0.71092,0.71103,1.12,1.12
2015.07.14 08:00:02.403,0.71093,0.71103,1.00,1.12
2015.07.14 08:00:02.913,0.71094,0.71103,1.00,1.50
2015.07.14 08:00:04.504,0.71095,0.71103,1.00,1.00
2015.07.14 08:00:06.337,0.71093,0.71104,1.12,1.00
2015.07.14 08:00:06.439,0.71099,0.71105,1.00,1.12
2015.07.14 08:00:06.542,0.71097,0.71106,1.00,1.37
2015.07.14 08:00:06.644,0.71099,0.71106,1.00,1.12
2015.07.14 08:00:06.747,0.71097,0.71109,1.50,1.12
2015.07.14 08:00:07.258,0.71098,0.7111,1.00,1.37
2015.07.14 08:00:07.709,0.71101,0.7111,1.00,1.87
2015.07.14 08:00:08.219,0.711,0.71112,1.00,1.37
2015.07.14 08:00:08.900,0.711,0.71112,1.12,1.87
2015.07.14 08:00:09.409,0.71101,0.71111,1.00,1.00
2015.07.14 08:00:09.917,0.711,0.71111,1.00,1.12
2015.07.14 08:00:10.270,0.711,0.7111,1.00,2.85
2015.07.14 08:00:13.040,0.71101,0.7111,1.50,2.10
2015.07.14 08:00:13.361,0.71103,0.71111,2.62,1.00
2015.07.14 08:00:13.413,0.71103,0.71114,2.62,1.12
2015.07.14 08:00:13.923,0.71105,0.71116,1.00,1.37
2015.07.14 08:00:14.535,0.71105,0.71116,1.37,1.12
2015.07.14 08:00:14.840,0.71105,0.71114,2.62,1.00
2015.07.14 08:00:15.045,0.71109,0.71118,1.00,1.50
2015.07.14 08:00:16.360,0.7111,0.71119,1.00,1.00
2015.07.14 08:00:16.716,0.7111,0.71121,1.50,1.00
2015.07.14 08:00:16.869,0.71114,0.71122,1.00,1.12
2015.07.14 08:00:17.028,0.71114,0.71124,1.00,1.12
2015.07.14 08:00:17.080,0.71116,0.71127,1.00,1.80
2015.07.14 08:00:17.234,0.71116,0.71127,1.00,1.37
2015.07.14 08:00:17.743,0.71115,0.71129,1.87,3.22
2015.07.14 08:00:18.040,0.71117,0.71129,1.00,2.47
2015.07.14 08:00:18.142,0.71115,0.71129,3.37,3.97
2015.07.14 08:00:18.650,0.71116,0.71129,1.00,3.22
2015.07.14 08:00:19.304,0.71115,0.71129,2.25,3.97
2015.07.14 08:00:19.816,0.71115,0.71126,2.62,1.00
2015.07.14 08:00:20.603,0.71117,0.71124,1.00,1.00
2015.07.14 08:00:20.715,0.71114,0.71123,2.62,1.00
2015.07.14 08:00:21.021,0.71111,0.71122,1.12,1.12
2015.07.14 08:00:21.326,0.71109,0.71122,1.00,1.87
2015.07.14 08:00:21.834,0.71107,0.7112,1.87,1.00
2015.07.14 08:00:22.376,0.71107,0.7112,1.37,1.87
2015.07.14 08:00:22.427,0.71107,0.71116,1.37,1.00
2015.07.14 08:00:22.530,0.71107,0.71118,1.37,1.00
2015.07.14 08:00:23.341,0.7111,0.71119,1.00,1.12
2015.07.14 08:00:23.651,0.71112,0.7112,1.00,1.00
2015.07.14 08:00:24.109,0.7111,0.71123,1.00,2.62
2015.07.14 08:00:24.313,0.71112,0.71122,1.00,1.37
2015.07.14 08:00:24.708,0.71111,0.71123,1.00,1.87
2015.07.14 08:00:25.116,0.71111,0.7112,1.00,1.00
2015.07.14 08:00:25.523,0.71109,0.71117,1.87,1.00
2015.07.14 08:00:26.068,0.71108,0.71118,1.87,1.00
2015.07.14 08:00:26.373,0.71108,0.71118,1.87,1.00
2015.07.14 08:00:27.243,0.71108,0.71117,1.37,1.00
2015.07.14 08:00:27.754,0.71108,0.71117,1.12,1.00
2015.07.14 08:00:28.261,0.71107,0.71116,1.37,1.00
2015.07.14 08:00:28.772,0.71108,0.71117,1.12,1.00
2015.07.14 08:00:29.279,0.71106,0.71116,1.87,1.00
2015.07.14 08:00:29.786,0.71107,0.71117,1.37,1.00
2015.07.14 08:00:30.326,0.71109,0.71118,1.00,1.50
2015.07.14 08:00:30.681,0.7111,0.7112,1.00,1.00
2015.07.14 08:00:32.179,0.71111,0.71121,1.00,1.12
2015.07.14 08:00:32.786,0.71114,0.71125,1.00,1.50
2015.07.14 08:00:33.345,0.71114,0.71126,2.62,1.12
2015.07.14 08:00:34.387,0.71115,0.71127,1.87,1.50
2015.07.14 08:00:36.385,0.71115,0.71126,1.87,1.37
2015.07.14 08:00:37.128,0.71116,0.71127,1.00,3.00
2015.07.14 08:00:37.230,0.71118,0.71126,1.00,1.37
2015.07.14 08:00:37.737,0.71115,0.71126,1.87,1.87
2015.07.14 08:00:37.991,0.71114,0.71126,3.45,1.87
2015.07.14 08:00:38.691,0.71116,0.71126,1.00,1.37
2015.07.14 08:00:38.895,0.71117,0.71128,1.12,1.37
2015.07.14 08:00:39.251,0.71119,0.71127,1.00,1.12
2015.07.14 08:00:39.790,0.71118,0.71126,1.00,1.00
2015.07.14 08:00:40.196,0.71117,0.71126,1.00,1.37
2015.07.14 08:00:40.400,0.71114,0.71126,1.12,1.37
2015.07.14 08:00:40.989,0.71113,0.71122,1.65,1.37
2015.07.14 08:00:41.142,0.71111,0.71122,1.12,1.87
2015.07.14 08:00:41.446,0.71109,0.71121,1.12,2.62
2015.07.14 08:00:41.994,0.71106,0.71118,5.40,1.00
2015.07.14 08:00:42.147,0.71106,0.7112,4.65,1.87
2015.07.14 08:00:42.402,0.71106,0.7112,4.65,3.97
2015.07.14 08:00:43.303,0.71109,0.71119,1.00,1.37
2015.07.14 08:00:44.917,0.71107,0.71115,1.37,1.00
2015.07.14 08:00:44.968,0.71107,0.71115,1.00,1.00
2015.07.14 08:00:45.475,0.71106,0.71115,1.50,1.00
2015.07.14 08:00:48.526,0.71105,0.71114,1.87,1.00
2015.07.14 08:00:49.033,0.71106,0.71114,1.00,1.37
2015.07.14 08:00:52.992,0.71105,0.71114,1.37,1.12
2015.07.14 08:00:53.094,0.71105,0.71112,1.37,1.00
2015.07.14 08:00:53.298,0.71103,0.71114,1.37,1.00
2015.07.14 08:00:53.989,0.71104,0.71114,1.37,1.12
2015.07.14 08:00:55.013,0.71104,0.71116,1.37,1.72
2015.07.14 08:00:55.983,0.71105,0.71115,1.12,1.37
2015.07.14 08:00:57.022,0.71105,0.71115,1.12,1.37
2015.07.14 08:00:58.424,0.71107,0.71116,1.00,1.72
2015.07.14 08:00:58.526,0.71107,0.71116,1.00,1.12
2015.07.14 08:00:59.137,0.71108,0.71116,1.00,1.12
2015.07.14 08:00:59.970,0.71109,0.71116,1.00,1.12
2015.07.14 08:01:01.661,0.71108,0.71117,1.00,1.37
2015.07.14 08:01:03.450,0.7111,0.71117,1.00,1.37
2015.07.14 08:01:04.956,0.7111,0.71117,1.00,1.12
2015.07.14 08:01:05.587,0.71109,0.71117,1.00,1.12
2015.07.14 08:01:07.918,0.71109,0.71117,1.00,1.37
2015.07.14 08:01:12.030,0.71108,0.71117,1.12,1.37
2015.07.14 08:01:12.568,0.71108,0.71116,1.87,1.00
2015.07.14 08:01:13.151,0.71108,0.71116,2.62,1.00
2015.07.14 08:01:13.652,0.71109,0.7112,1.00,3.75
2015.07.14 08:01:13.855,0.7111,0.7112,1.00,2.25
2015.07.14 08:01:14.362,0.71109,0.7112,1.12,2.85
2015.07.14 08:01:15.019,0.71108,0.71115,2.25,1.00
2015.07.14 08:01:15.172,0.71104,0.71115,3.37,1.00
2015.07.14 08:01:15.696,0.71106,0.71117,1.87,1.37
2015.07.14 08:01:17.136,0.71106,0.71116,1.00,1.37
2015.07.14 08:01:17.661,0.71105,0.71116,1.12,1.37
2015.07.14 08:01:19.171,0.71105,0.71116,1.87,1.37
2015.07.14 08:01:21.091,0.71105,0.71115,1.12,1.12
2015.07.14 08:01:22.081,0.71105,0.71115,1.12,1.37
2015.07.14 08:01:23.330,0.71103,0.71111,1.87,1.00
2015.07.14 08:01:23.431,0.71102,0.71112,1.00,1.37
2015.07.14 08:01:25.395,0.71101,0.71113,3.37,1.87
2015.07.14 08:01:26.205,0.71101,0.71111,1.87,1.00
2015.07.14 08:01:26.712,0.71101,0.71111,1.37,1.37
2015.07.14 08:01:27.397,0.71101,0.71111,1.00,1.12
2015.07.14 08:01:27.499,0.71103,0.71112,1.00,1.87
2015.07.14 08:01:27.804,0.71103,0.71113,1.12,1.12
2015.07.14 08:01:28.617,0.71102,0.71113,2.62,1.12
2015.07.14 08:01:32.593,0.71104,0.71114,1.12,1.00
2015.07.14 08:01:34.180,0.71104,0.71112,1.00,1.00
2015.07.14 08:01:34.488,0.71102,0.7111,1.12,1.00
2015.07.14 08:01:34.693,0.71102,0.71112,2.62,1.12
2015.07.14 08:01:34.794,0.71103,0.71113,1.37,1.00
2015.07.14 08:01:35.600,0.71104,0.71115,1.00,2.62
2015.07.14 08:01:35.702,0.71104,0.71112,1.00,1.00
2015.07.14 08:01:36.210,0.71103,0.7111,1.00,1.00
2015.07.14 08:01:36.600,0.71102,0.71112,1.00,1.87
2015.07.14 08:01:37.412,0.71101,0.71112,1.50,1.12
2015.07.14 08:01:37.615,0.71101,0.71112,1.50,1.12
2015.07.14 08:01:39.622,0.71102,0.71112,1.12,1.12
2015.07.14 08:01:40.636,0.71102,0.71112,1.37,1.12
2015.07.14 08:01:41.438,0.71101,0.71111,2.25,1.00
2015.07.14 08:01:41.947,0.71102,0.71112,1.37,1.87
2015.07.14 08:01:42.649,0.71103,0.71112,1.50,1.00
2015.07.14 08:01:43.460,0.71104,0.71113,1.12,1.50
2015.07.14 08:01:44.002,0.71105,0.71115,1.12,1.37
2015.07.14 08:01:44.310,0.71106,0.71116,1.50,1.87
2015.07.14 08:01:45.263,0.71106,0.71115,1.50,1.12
2015.07.14 08:01:46.263,0.71106,0.71116,1.50,1.00
2015.07.14 08:01:47.070,0.71106,0.71115,1.50,1.00
2015.07.14 08:01:47.580,0.71106,0.71115,1.50,1.00
2015.07.14 08:01:47.977,0.7111,0.71119,1.50,1.37
2015.07.14 08:01:48.029,0.71111,0.71121,1.87,1.87
2015.07.14 08:01:48.384,0.71113,0.71121,1.00,1.72
2015.07.14 08:01:49.044,0.71113,0.71122,1.00,1.72
2015.07.14 08:01:49.595,0.71113,0.71121,1.00,2.85
2015.07.14 08:01:50.101,0.71112,0.71121,1.00,3.22
2015.07.14 08:01:50.608,0.71113,0.7112,1.00,2.47
2015.07.14 08:01:51.158,0.71113,0.71119,1.00,1.30
2015.07.14 08:01:51.671,0.71114,0.71119,1.00,1.30
2015.07.14 08:01:52.215,0.71113,0.71121,1.00,3.22
2015.07.14 08:01:53.078,0.71113,0.71122,1.00,3.60
2015.07.14 08:01:54.080,0.71113,0.71122,1.00,3.60
2015.07.14 08:01:54.587,0.71112,0.71122,1.00,2.10
2015.07.14 08:01:54.891,0.71108,0.71119,1.95,3.22
2015.07.14 08:01:55.094,0.7111,0.7112,1.50,2.47
2015.07.14 08:01:55.653,0.7111,0.71118,1.12,2.47
2015.07.14 08:01:55.911,0.71108,0.71118,1.12,2.10
2015.07.14 08:01:56.449,0.71107,0.71119,2.25,2.47
2015.07.14 08:01:56.754,0.71109,0.71119,1.00,1.37
2015.07.14 08:01:57.353,0.71108,0.71119,1.50,1.37
2015.07.14 08:01:58.408,0.71108,0.71118,1.87,1.37
2015.07.14 08:02:01.594,0.7111,0.71117,1.00,1.12
2015.07.14 08:02:02.353,0.71109,0.71117,1.12,1.12
2015.07.14 08:02:02.658,0.71107,0.71115,1.37,1.00
2015.07.14 08:02:02.709,0.71105,0.71115,1.00,1.87
2015.07.14 08:02:03.014,0.71103,0.71115,3.00,1.87
2015.07.14 08:02:03.877,0.71105,0.71114,1.00,1.37
2015.07.14 08:02:04.393,0.71106,0.71114,1.00,1.00
2015.07.14 08:02:04.901,0.71105,0.71115,1.12,3.37
2015.07.14 08:02:05.206,0.71107,0.71115,1.00,1.12
2015.07.14 08:02:06.013,0.71106,0.71116,1.87,2.62
2015.07.14 08:02:06.923,0.71106,0.71116,1.87,1.87
2015.07.14 08:02:07.910,0.71106,0.71116,1.87,1.12
2015.07.14 08:02:08.933,0.71106,0.71116,1.37,1.37
2015.07.14 08:02:09.972,0.71106,0.71116,1.37,1.37
2015.07.14 08:02:11.922,0.71106,0.71114,1.00,1.00
2015.07.14 08:02:12.533,0.71106,0.71115,1.00,1.12
2015.07.14 08:02:13.041,0.71105,0.71117,1.50,2.47
2015.07.14 08:02:13.831,0.71105,0.71115,1.12,1.37
2015.07.14 08:02:14.839,0.71104,0.71115,3.00,1.37
2015.07.14 08:02:16.339,0.71104,0.71112,1.87,1.12
2015.07.14 08:02:16.647,0.71104,0.71109,1.00,1.00
2015.07.14 08:02:17.205,0.711,0.71109,1.00,1.00
2015.07.14 08:02:17.713,0.71099,0.71109,1.50,1.37
2015.07.14 08:02:18.719,0.71097,0.71108,3.75,1.50
2015.07.14 08:02:19.227,0.71097,0.71108,3.75,1.87
2015.07.14 08:02:20.181,0.71097,0.71106,2.25,1.00
2015.07.14 08:02:20.689,0.71097,0.71107,1.50,1.12
2015.07.14 08:02:21.612,0.71099,0.71107,1.00,1.12
2015.07.14 08:02:21.866,0.71099,0.7111,1.12,1.87
2015.07.14 08:02:22.069,0.71101,0.7111,1.00,1.00
2015.07.14 08:02:22.576,0.71102,0.7111,1.00,1.00
2015.07.14 08:02:22.738,0.71104,0.71113,1.00,1.12
2015.07.14 08:02:22.841,0.71106,0.71115,1.00,1.00
2015.07.14 08:02:23.148,0.71109,0.7112,1.00,4.72
2015.07.14 08:02:23.250,0.71109,0.71119,1.00,1.72
2015.07.14 08:02:23.785,0.7111,0.71119,1.00,1.87
2015.07.14 08:02:24.294,0.7111,0.7112,1.00,1.87
2015.07.14 08:02:24.753,0.7111,0.71117,1.00,1.00
2015.07.14 08:02:24.855,0.71109,0.71119,1.00,1.50
2015.07.14 08:02:25.053,0.71107,0.71118,1.50,1.12
2015.07.14 08:02:25.360,0.71106,0.71116,3.00,1.12
2015.07.14 08:02:25.870,0.71106,0.71116,1.12,1.12
2015.07.14 08:02:26.441,0.71105,0.71115,1.50,1.00
2015.07.14 08:02:27.376,0.71105,0.71115,1.50,1.37
2015.07.14 08:02:29.365,0.71105,0.71114,1.00,1.00
2015.07.14 08:02:29.884,0.71105,0.71115,1.00,1.87
2015.07.14 08:02:30.189,0.71105,0.71117,1.50,1.87
2015.07.14 08:02:30.494,0.7111,0.71114,1.00,1.12
2015.07.14 08:02:30.546,0.71107,0.71113,1.12,1.00
2015.07.14 08:02:30.699,0.71107,0.71116,1.87,1.12
2015.07.14 08:02:31.225,0.71108,0.71118,1.00,1.97
2015.07.14 08:02:31.732,0.71108,0.71118,1.00,1.37
2015.07.14 08:02:32.249,0.71108,0.71118,1.87,1.12
2015.07.14 08:02:34.476,0.71108,0.71119,1.12,1.50
2015.07.14 08:02:34.983,0.71107,0.71118,1.87,2.47
2015.07.14 08:02:35.510,0.71107,0.71118,1.87,1.30
2015.07.14 08:02:36.041,0.71107,0.71119,1.12,5.10
2015.07.14 08:02:38.312,0.71107,0.71114,1.50,2.10
2015.07.14 08:02:38.465,0.71104,0.71113,1.37,1.35
2015.07.14 08:02:39.001,0.71104,0.71113,1.00,1.72
2015.07.14 08:02:39.511,0.71105,0.71113,1.00,1.72
2015.07.14 08:02:40.221,0.71103,0.71113,3.00,1.37
2015.07.14 08:02:40.821,0.71103,0.71113,3.37,1.12
2015.07.14 08:02:42.793,0.71103,0.71113,2.62,2.47
2015.07.14 08:02:42.895,0.71103,0.71111,1.50,2.47
2015.07.14 08:02:43.403,0.71102,0.71112,1.37,1.37
2015.07.14 08:02:43.454,0.71101,0.71112,3.37,1.37
2015.07.14 08:02:43.657,0.71101,0.7111,1.00,1.37
2015.07.14 08:02:44.202,0.711,0.7111,1.00,1.37
2015.07.14 08:02:48.629,0.711,0.71111,1.00,2.62
2015.07.14 08:02:50.396,0.71101,0.71109,1.00,1.37
2015.07.14 08:02:53.650,0.71101,0.71109,1.00,1.87
2015.07.14 08:02:54.157,0.71099,0.71109,1.37,1.87
2015.07.14 08:02:54.661,0.71098,0.71109,1.50,2.62
2015.07.14 08:02:56.911,0.71101,0.71109,1.00,1.87
2015.07.14 08:02:57.013,0.71101,0.71112,1.12,2.62
2015.07.14 08:02:58.011,0.71101,0.71112,1.12,1.37
2015.07.14 08:02:58.572,0.711,0.71109,2.25,1.00
2015.07.14 08:02:59.435,0.711,0.7111,1.50,1.87
2015.07.14 08:03:00.175,0.711,0.71109,1.50,1.00
2015.07.14 08:03:00.979,0.711,0.7111,1.50,1.87
2015.07.14 08:03:01.521,0.711,0.7111,1.50,1.87
2015.07.14 08:03:03.782,0.71102,0.71112,1.00,1.87
2015.07.14 08:03:03.884,0.71102,0.71112,1.37,1.50
2015.07.14 08:03:03.986,0.71101,0.7111,1.50,1.00
2015.07.14 08:03:04.493,0.71102,0.7111,1.00,1.00
2015.07.14 08:03:05.121,0.71099,0.7111,3.37,1.00
2015.07.14 08:03:05.781,0.711,0.71109,1.37,1.00
2015.07.14 08:03:06.341,0.711,0.7111,1.87,1.00
2015.07.14 08:03:07.194,0.711,0.7111,1.12,1.12
2015.07.14 08:03:08.232,0.711,0.7111,1.37,1.37
2015.07.14 08:03:09.221,0.711,0.7111,1.87,1.12
2015.07.14 08:03:10.137,0.71101,0.7111,1.00,1.87
2015.07.14 08:03:11.911,0.71102,0.7111,1.00,1.12
2015.07.14 08:03:14.043,0.71101,0.71111,1.50,1.12
2015.07.14 08:03:14.094,0.71103,0.71111,1.00,1.12
2015.07.14 08:03:14.451,0.71106,0.71117,1.12,2.25
2015.07.14 08:03:14.655,0.71108,0.71119,1.00,5.10
2015.07.14 08:03:15.262,0.71108,0.71119,1.12,2.47
2015.07.14 08:03:16.077,0.71109,0.71117,1.00,1.37
2015.07.14 08:03:16.436,0.71109,0.71119,1.37,1.37
2015.07.14 08:03:17.432,0.7111,0.7112,2.62,1.72
2015.07.14 08:03:17.937,0.71111,0.71121,1.00,1.37
2015.07.14 08:03:18.449,0.71111,0.71121,1.00,1.37
2015.07.14 08:03:18.956,0.71112,0.71122,1.00,1.50
2015.07.14 08:03:19.262,0.7111,0.71118,1.50,1.00
2015.07.14 08:03:19.772,0.7111,0.71119,1.00,1.87
2015.07.14 08:03:20.332,0.71107,0.71119,2.62,1.37
2015.07.14 08:03:20.486,0.71111,0.7112,1.00,1.37
2015.07.14 08:03:20.639,0.71111,0.71121,1.00,1.37
2015.07.14 08:03:21.198,0.7111,0.7112,1.87,1.30
2015.07.14 08:03:21.721,0.71109,0.71119,1.87,1.87
2015.07.14 08:03:22.636,0.71109,0.71119,1.87,1.50
2015.07.14 08:03:23.352,0.71109,0.71119,1.00,1.87
2015.07.14 08:03:24.324,0.71108,0.71119,1.87,1.87
2015.07.14 08:03:24.840,0.71109,0.71119,1.12,1.87
2015.07.14 08:03:25.375,0.71109,0.71119,1.37,1.50
2015.07.14 08:03:26.328,0.71108,0.71118,1.37,1.00
2015.07.14 08:03:27.378,0.71108,0.71118,1.37,1.12
2015.07.14 08:03:28.354,0.71108,0.71119,1.37,1.12
2015.07.14 08:03:29.369,0.71107,0.71119,2.62,1.37
2015.07.14 08:03:31.377,0.71107,0.71119,2.62,1.37
2015.07.14 08:03:33.979,0.71107,0.71118,3.37,2.62
2015.07.14 08:03:35.383,0.71111,0.7112,1.00,2.62
2015.07.14 08:03:37.371,0.71111,0.7112,1.00,1.37
2015.07.14 08:03:37.625,0.71109,0.7112,2.62,1.37
2015.07.14 08:03:37.996,0.71111,0.71122,1.00,6.60
2015.07.14 08:03:38.503,0.71113,0.71122,1.00,5.10
2015.07.14 08:03:39.405,0.71113,0.71122,1.00,2.85
2015.07.14 08:03:40.368,0.71113,0.71122,1.00,2.25
2015.07.14 08:03:41.405,0.71112,0.71121,1.00,1.00
2015.07.14 08:03:41.864,0.7111,0.71121,2.62,1.50
2015.07.14 08:03:42.373,0.7111,0.71118,1.00,3.22
2015.07.14 08:03:42.688,0.7111,0.71117,1.00,1.12
2015.07.14 08:03:43.371,0.71107,0.71117,1.00,1.12
2015.07.14 08:03:43.575,0.71107,0.71116,1.00,1.00
2015.07.14 08:03:44.535,0.71106,0.71119,5.62,1.87
2015.07.14 08:03:44.587,0.71106,0.71119,5.62,2.62
2015.07.14 08:03:44.892,0.71106,0.71116,4.87,1.00
2015.07.14 08:03:44.993,0.71109,0.71118,1.00,1.12
2015.07.14 08:03:45.095,0.71109,0.71116,1.00,1.00
2015.07.14 08:03:45.694,0.71106,0.71116,1.87,1.12
2015.07.14 08:03:46.685,0.71106,0.71117,1.87,2.25
2015.07.14 08:03:47.594,0.71107,0.71118,1.00,2.25
2015.07.14 08:03:48.591,0.71106,0.71118,1.87,2.25
2015.07.14 08:03:50.897,0.71107,0.71118,1.00,2.25
2015.07.14 08:03:53.695,0.71106,0.71118,1.87,2.25
2015.07.14 08:03:55.522,0.71107,0.71118,1.00,3.00
2015.07.14 08:03:56.824,0.71107,0.71118,1.00,3.00
2015.07.14 08:03:59.690,0.71107,0.71118,1.00,1.37
2015.07.14 08:04:04.239,0.71108,0.71118,1.00,1.87
2015.07.14 08:04:04.754,0.71108,0.71118,1.00,3.22
2015.07.14 08:04:05.110,0.71106,0.71118,1.87,3.22
2015.07.14 08:04:05.722,0.71106,0.71117,1.87,1.37
2015.07.14 08:04:06.230,0.71105,0.71114,1.00,1.00
2015.07.14 08:04:06.333,0.71103,0.71113,1.12,4.50
2015.07.14 08:04:06.703,0.71099,0.71112,2.25,1.75
2015.07.14 08:04:07.111,0.71102,0.71112,1.00,1.75
2015.07.14 08:04:07.315,0.71102,0.71114,1.12,2.25
2015.07.14 08:04:07.859,0.71101,0.71111,1.37,1.00
2015.07.14 08:04:08.367,0.71101,0.71113,1.12,1.87
2015.07.14 08:04:08.570,0.71103,0.71113,1.00,3.97
2015.07.14 08:04:08.911,0.71105,0.71114,1.00,1.37
2015.07.14 08:04:08.962,0.71106,0.71115,1.00,1.37
2015.07.14 08:04:09.469,0.71107,0.71116,1.00,1.50
2015.07.14 08:04:09.977,0.71106,0.71116,1.00,1.50
2015.07.14 08:04:10.480,0.71107,0.71117,1.00,1.87
2015.07.14 08:04:10.988,0.71106,0.71117,1.87,1.37
2015.07.14 08:04:11.141,0.71106,0.71117,1.87,1.37
2015.07.14 08:04:11.668,0.71107,0.71117,1.12,1.37
2015.07.14 08:04:12.177,0.71107,0.71117,1.50,1.37
2015.07.14 08:04:14.452,0.71109,0.7112,1.00,3.97
2015.07.14 08:04:14.554,0.7111,0.71121,1.50,2.10
2015.07.14 08:04:14.606,0.71112,0.71121,1.00,1.72
2015.07.14 08:04:14.910,0.71112,0.71122,1.00,3.22
2015.07.14 08:04:15.831,0.71112,0.71123,1.00,3.22
2015.07.14 08:04:16.091,0.71114,0.71123,1.00,3.22
2015.07.14 08:04:19.085,0.71116,0.71125,1.00,2.85
2015.07.14 08:04:19.593,0.71115,0.71125,1.00,2.85
2015.07.14 08:04:20.164,0.71115,0.71125,1.00,2.10
2015.07.14 08:04:20.673,0.71114,0.71124,1.50,1.67
2015.07.14 08:04:21.181,0.71113,0.71124,1.50,1.67
2015.07.14 08:04:23.706,0.71115,0.71124,1.00,2.85
2015.07.14 08:04:24.265,0.71113,0.71125,2.25,4.35
2015.07.14 08:04:24.566,0.71109,0.71118,1.87,2.47
2015.07.14 08:04:24.720,0.71107,0.71118,2.25,2.47
2015.07.14 08:04:24.772,0.71107,0.71117,1.87,2.47
2015.07.14 08:04:24.926,0.71104,0.71116,1.12,1.37
2015.07.14 08:04:25.434,0.71105,0.71116,1.00,2.62
2015.07.14 08:04:26.538,0.71106,0.71116,1.00,1.37
2015.07.14 08:04:26.969,0.71108,0.71117,1.00,1.12
2015.07.14 08:04:27.579,0.71108,0.7112,1.37,3.97
2015.07.14 08:04:28.556,0.71108,0.71119,1.12,1.37
2015.07.14 08:04:29.261,0.71109,0.71119,1.00,1.37
2015.07.14 08:04:29.565,0.71111,0.71122,1.00,5.85
2015.07.14 08:04:29.808,0.7111,0.71122,2.62,1.37
2015.07.14 08:04:30.316,0.71113,0.71123,1.00,3.60
2015.07.14 08:04:30.726,0.71111,0.71123,2.62,3.60
2015.07.14 08:04:31.231,0.71112,0.71123,1.00,3.60
2015.07.14 08:04:32.408,0.71112,0.7112,1.00,3.60
2015.07.14 08:04:33.108,0.71113,0.7112,1.00,1.00
2015.07.14 08:04:33.615,0.71113,0.71123,1.00,1.87
2015.07.14 08:04:35.598,0.71113,0.71121,1.00,1.50
2015.07.14 08:04:35.854,0.71111,0.71121,1.12,2.10
2015.07.14 08:04:36.359,0.71111,0.71121,1.00,3.60
2015.07.14 08:04:36.867,0.7111,0.71121,1.00,3.60
2015.07.14 08:04:37.419,0.71111,0.7112,1.00,1.50
2015.07.14 08:04:38.030,0.71112,0.71121,1.00,1.75
2015.07.14 08:04:39.540,0.71113,0.71121,1.00,1.75
2015.07.14 08:04:40.046,0.71113,0.71122,1.00,1.37
2015.07.14 08:04:40.565,0.71112,0.71122,1.00,1.37
2015.07.14 08:04:40.871,0.71114,0.71122,1.00,1.37
2015.07.14 08:04:41.379,0.71114,0.71122,1.00,1.37
2015.07.14 08:04:41.929,0.71114,0.71123,1.00,1.37
2015.07.14 08:04:42.436,0.71113,0.71123,1.12,1.87
2015.07.14 08:04:43.925,0.71113,0.71123,1.00,3.37
2015.07.14 08:04:45.890,0.71113,0.71123,1.00,4.72
2015.07.14 08:04:46.941,0.71113,0.71121,1.00,2.47
2015.07.14 08:04:47.347,0.71111,0.71122,1.00,3.97
2015.07.14 08:04:47.905,0.71112,0.71122,1.00,3.97
2015.07.14 08:04:51.920,0.71112,0.71122,1.00,3.97
2015.07.14 08:04:52.555,0.71112,0.71121,1.00,1.75
2015.07.14 08:04:53.517,0.71112,0.71121,1.00,1.75
2015.07.14 08:04:54.168,0.7111,0.71116,2.25,1.12
2015.07.14 08:04:54.674,0.7111,0.71115,1.50,1.00
2015.07.14 08:04:54.776,0.71109,0.71114,1.50,1.37
2015.07.14 08:04:57.084,0.7111,0.71116,1.00,1.37
2015.07.14 08:04:57.135,0.71109,0.71114,1.50,1.37
2015.07.14 08:04:57.289,0.71107,0.71113,1.50,1.37
2015.07.14 08:04:57.431,0.71107,0.71111,1.00,1.00
2015.07.14 08:04:57.939,0.71107,0.71112,1.00,1.37
2015.07.14 08:04:58.447,0.71107,0.71116,1.00,3.00
2015.07.14 08:04:58.952,0.71107,0.71118,1.12,3.37
2015.07.14 08:04:59.849,0.71107,0.71118,1.12,2.62
2015.07.14 08:05:00.666,0.71109,0.71118,1.00,1.87
2015.07.14 08:05:01.173,0.7111,0.71119,1.87,1.37
2015.07.14 08:05:01.275,0.71112,0.7112,1.00,1.37
2015.07.14 08:05:01.581,0.71112,0.71122,4.87,3.97
2015.07.14 08:05:01.773,0.71112,0.71122,1.00,3.97
2015.07.14 08:05:02.285,0.71111,0.71121,1.00,3.22
2015.07.14 08:05:02.793,0.71111,0.71122,1.00,5.47
2015.07.14 08:05:03.327,0.71109,0.71121,1.87,1.87
2015.07.14 08:05:03.846,0.71109,0.71121,1.87,1.87
2015.07.14 08:05:04.447,0.71109,0.71121,1.87,2.47
2015.07.14 08:05:05.381,0.71109,0.71119,1.00,1.87
2015.07.14 08:05:06.104,0.71107,0.71119,2.62,1.72
2015.07.14 08:05:06.367,0.71107,0.71119,2.62,1.72
2015.07.14 08:05:07.396,0.71108,0.7112,1.37,1.37
2015.07.14 08:05:08.922,0.71111,0.7112,1.00,1.87
2015.07.14 08:05:09.074,0.71111,0.71122,1.00,1.37
2015.07.14 08:05:09.127,0.71113,0.7112,1.00,1.12
2015.07.14 08:05:09.634,0.71112,0.71122,1.00,1.37
2015.07.14 08:05:10.154,0.71112,0.71123,1.00,3.22
2015.07.14 08:05:10.787,0.71112,0.71122,1.00,2.47
2015.07.14 08:05:11.335,0.71111,0.71121,1.50,1.37
2015.07.14 08:05:12.501,0.71112,0.71122,1.00,3.22
2015.07.14 08:05:12.907,0.71114,0.71121,1.00,1.50
2015.07.14 08:05:13.415,0.71116,0.71123,1.00,2.62
2015.07.14 08:05:13.771,0.71112,0.71121,1.50,1.37
2015.07.14 08:05:13.960,0.7111,0.7112,1.87,1.87
2015.07.14 08:05:14.367,0.7111,0.71119,1.00,1.37
2015.07.14 08:05:15.126,0.71111,0.71118,1.00,1.12
2015.07.14 08:05:18.072,0.71112,0.71118,1.00,1.00
2015.07.14 08:05:18.374,0.71114,0.71121,1.37,1.00
2015.07.14 08:05:18.881,0.71115,0.71122,1.37,1.12
2015.07.14 08:05:19.135,0.71116,0.71124,1.37,1.87
2015.07.14 08:05:19.441,0.71116,0.71127,3.00,2.62
2015.07.14 08:05:19.594,0.7112,0.71127,1.00,1.87
2015.07.14 08:05:19.899,0.71121,0.71128,1.37,1.37
2015.07.14 08:05:20.204,0.71119,0.7113,1.37,1.87
2015.07.14 08:05:20.720,0.71119,0.7113,1.37,1.87
2015.07.14 08:05:22.605,0.71118,0.71128,1.50,2.25
2015.07.14 08:05:22.910,0.71118,0.71124,1.00,1.37
2015.07.14 08:05:26.049,0.71117,0.71124,1.50,1.37
2015.07.14 08:05:26.254,0.71117,0.71125,1.50,1.00
2015.07.14 08:05:27.302,0.71116,0.71125,1.00,1.12
2015.07.14 08:05:27.454,0.71116,0.71122,1.00,1.00
2015.07.14 08:05:27.936,0.71115,0.7112,1.00,1.37
2015.07.14 08:05:28.038,0.71114,0.71124,1.00,1.37
2015.07.14 08:05:28.547,0.71115,0.71124,1.00,1.37
2015.07.14 08:05:29.097,0.71114,0.71124,1.00,1.37
2015.07.14 08:05:29.628,0.71113,0.71124,1.87,1.37
2015.07.14 08:05:30.296,0.71115,0.71123,1.00,1.12
2015.07.14 08:05:30.600,0.71113,0.71123,1.12,1.37
2015.07.14 08:05:32.262,0.71113,0.71124,1.50,3.37
2015.07.14 08:05:32.770,0.71114,0.71124,1.50,2.62
2015.07.14 08:05:33.320,0.71112,0.71122,1.00,2.47
2015.07.14 08:05:33.472,0.7111,0.71123,2.62,3.22
2015.07.14 08:05:33.625,0.7111,0.71122,2.25,2.62
2015.07.14 08:05:33.879,0.71107,0.71119,1.00,2.10
2015.07.14 08:05:34.333,0.71108,0.71119,1.87,1.00
2015.07.14 08:05:35.349,0.71109,0.71122,1.12,3.75
2015.07.14 08:05:36.074,0.71111,0.71121,1.00,1.50
2015.07.14 08:05:38.352,0.71111,0.71122,1.00,3.75
2015.07.14 08:05:39.147,0.71112,0.71123,1.00,2.62
2015.07.14 08:05:39.351,0.71112,0.71123,1.00,2.62
2015.07.14 08:05:40.345,0.71112,0.71122,1.00,1.00
2015.07.14 08:05:41.007,0.71114,0.71122,1.00,1.00
2015.07.14 08:05:41.350,0.71115,0.71125,1.00,1.37
2015.07.14 08:05:41.503,0.71117,0.71127,1.00,1.37
2015.07.14 08:05:41.809,0.71119,0.71127,1.00,1.37
2015.07.14 08:05:42.423,0.71119,0.71129,1.00,1.37
2015.07.14 08:05:43.007,0.71118,0.71129,1.12,1.37
2015.07.14 08:05:43.516,0.71117,0.71129,1.87,1.87
2015.07.14 08:05:44.466,0.71117,0.71129,1.87,1.37
2015.07.14 08:05:45.650,0.71119,0.71129,1.00,1.37
2015.07.14 08:05:46.166,0.71118,0.71129,1.12,1.87
2015.07.14 08:05:46.676,0.71118,0.71129,1.12,1.87
2015.07.14 08:05:48.231,0.71119,0.71129,1.00,3.75
2015.07.14 08:05:48.933,0.71121,0.71129,1.00,2.25
2015.07.14 08:05:49.441,0.71121,0.71131,1.00,3.00
2015.07.14 08:05:50.187,0.71121,0.71131,1.00,2.25
2015.07.14 08:05:50.695,0.7112,0.71131,1.00,2.25
2015.07.14 08:06:00.184,0.7112,0.71131,1.00,2.25
2015.07.14 08:06:01.173,0.7112,0.71131,1.50,1.37
2015.07.14 08:06:03.856,0.71122,0.71132,1.00,1.87
2015.07.14 08:06:05.269,0.71119,0.71131,1.12,2.47
2015.07.14 08:06:06.186,0.71119,0.71131,1.12,1.37
2015.07.14 08:06:07.189,0.71119,0.71131,1.12,1.37
2015.07.14 08:06:09.200,0.71119,0.71131,1.37,1.37
2015.07.14 08:06:10.390,0.71121,0.71131,1.00,1.37
2015.07.14 08:06:12.239,0.71121,0.71133,1.87,2.47
2015.07.14 08:06:12.752,0.71124,0.71133,3.75,1.87
2015.07.14 08:06:13.260,0.71125,0.71133,1.37,1.37
2015.07.14 08:06:13.406,0.71125,0.71134,1.37,1.20
2015.07.14 08:06:13.458,0.71127,0.71136,4.87,1.37
2015.07.14 08:06:13.560,0.71128,0.71138,1.37,1.87
2015.07.14 08:06:13.763,0.71126,0.71139,2.25,2.62
2015.07.14 08:06:13.815,0.71128,0.71139,1.00,1.87
2015.07.14 08:06:14.324,0.71126,0.71139,2.62,1.37
2015.07.14 08:06:14.850,0.71126,0.71138,2.62,1.12
2015.07.14 08:06:16.739,0.71128,0.71139,1.87,1.87
2015.07.14 08:06:18.816,0.71127,0.71138,1.12,1.37
2015.07.14 08:06:19.843,0.71127,0.71138,1.12,1.87
2015.07.14 08:06:21.349,0.71127,0.71136,1.00,1.37
2015.07.14 08:06:23.141,0.71126,0.71136,1.00,1.37
2015.07.14 08:06:23.243,0.71128,0.71136,1.00,1.37
2015.07.14 08:06:23.344,0.71128,0.71136,1.00,1.12
2015.07.14 08:06:24.363,0.71128,0.71138,1.00,1.37
2015.07.14 08:06:25.343,0.71128,0.71138,1.00,1.37
2015.07.14 08:06:25.865,0.71127,0.71138,1.12,3.37
2015.07.14 08:06:26.256,0.71126,0.71137,1.00,2.62
2015.07.14 08:06:26.661,0.71124,0.71136,1.87,1.37
2015.07.14 08:06:27.411,0.71125,0.71136,1.00,2.62
2015.07.14 08:06:28.021,0.71123,0.71134,2.25,1.37
2015.07.14 08:06:29.626,0.71124,0.71134,1.00,1.37
2015.07.14 08:06:30.171,0.71123,0.71133,1.87,1.50
2015.07.14 08:06:31.422,0.71121,0.71132,1.87,5.62
2015.07.14 08:06:31.930,0.71121,0.71131,1.12,1.50
2015.07.14 08:06:36.480,0.71121,0.71131,2.62,1.37
2015.07.14 08:06:39.483,0.71121,0.71131,1.87,1.00
2015.07.14 08:06:40.219,0.71121,0.71132,1.00,1.72
2015.07.14 08:06:42.182,0.71121,0.71132,1.12,1.50
2015.07.14 08:06:43.442,0.71121,0.7113,1.12,1.37
2015.07.14 08:06:43.803,0.71118,0.71126,1.37,1.00
2015.07.14 08:06:43.906,0.71118,0.71126,1.00,1.00
2015.07.14 08:06:44.409,0.71117,0.71126,1.00,1.00
2015.07.14 08:06:46.105,0.71117,0.71127,1.12,1.50
2015.07.14 08:06:47.117,0.71117,0.71127,1.87,1.12
2015.07.14 08:06:47.624,0.71118,0.71126,1.87,1.00
2015.07.14 08:06:47.726,0.71118,0.71126,1.50,1.00
2015.07.14 08:06:48.234,0.71118,0.71127,1.00,1.50
2015.07.14 08:06:48.627,0.71118,0.71125,1.00,1.00
2015.07.14 08:06:49.643,0.71118,0.71127,1.00,1.12
2015.07.14 08:06:50.152,0.71118,0.71127,1.87,1.00
2015.07.14 08:06:50.913,0.71118,0.71126,1.00,1.00
2015.07.14 08:06:51.648,0.71118,0.71127,1.00,1.00
2015.07.14 08:06:52.827,0.7112,0.71128,1.00,1.12
2015.07.14 08:06:53.030,0.71122,0.71131,1.00,1.12
2015.07.14 08:06:53.233,0.71124,0.71132,1.00,1.00
2015.07.14 08:06:53.495,0.71124,0.71135,1.87,1.37
2015.07.14 08:06:53.597,0.71126,0.71138,1.00,3.75
2015.07.14 08:06:53.902,0.71124,0.71133,1.00,1.87
2015.07.14 08:06:54.752,0.71124,0.7113,1.00,1.00
2015.07.14 08:06:55.160,0.71122,0.7113,1.00,1.00
2015.07.14 08:06:55.929,0.71122,0.7113,1.12,1.37
2015.07.14 08:06:56.931,0.71122,0.7113,1.00,1.12
2015.07.14 08:06:58.391,0.71121,0.7113,1.50,1.12
2015.07.14 08:06:58.925,0.71121,0.7113,1.00,1.37
2015.07.14 08:07:01.294,0.71119,0.71129,3.37,1.37
2015.07.14 08:07:01.828,0.71119,0.71129,1.12,1.37
2015.07.14 08:07:02.742,0.71119,0.71129,2.25,1.37
2015.07.14 08:07:03.736,0.71119,0.71129,2.25,1.37
2015.07.14 08:07:04.747,0.71119,0.71129,1.87,1.37
2015.07.14 08:07:10.086,0.7112,0.71129,3.75,1.37
2015.07.14 08:07:10.749,0.71122,0.71129,2.25,1.12
2015.07.14 08:07:10.968,0.71119,0.71129,1.50,1.12
2015.07.14 08:07:11.728,0.71119,0.71129,1.50,1.37
2015.07.14 08:07:12.744,0.71119,0.71129,1.50,1.37
2015.07.14 08:07:15.197,0.71121,0.71131,1.00,1.87
2015.07.14 08:07:15.248,0.71121,0.71131,1.00,1.37
2015.07.14 08:07:15.300,0.71124,0.71132,1.00,1.47
2015.07.14 08:07:15.352,0.71124,0.71134,1.00,3.52
2015.07.14 08:07:15.776,0.71126,0.71134,1.00,1.37
2015.07.14 08:07:15.881,0.71125,0.71137,3.37,1.87
2015.07.14 08:07:16.394,0.71126,0.71138,1.50,1.37
2015.07.14 08:07:16.911,0.71127,0.71139,1.00,1.37
2015.07.14 08:07:17.418,0.71126,0.71139,3.00,1.37
2015.07.14 08:07:18.307,0.71128,0.71139,1.12,1.87
2015.07.14 08:07:18.361,0.7113,0.7114,1.00,2.25
2015.07.14 08:07:18.567,0.71131,0.71142,1.00,1.50
2015.07.14 08:07:19.555,0.7113,0.71139,1.87,1.00
2015.07.14 08:07:20.062,0.71129,0.71139,1.00,1.50
2015.07.14 08:07:20.766,0.71132,0.71141,1.00,2.62
2015.07.14 08:07:20.868,0.71132,0.71143,1.50,2.25
2015.07.14 08:07:21.224,0.71134,0.71143,1.07,1.12
2015.07.14 08:07:21.882,0.71134,0.71142,1.65,1.00
2015.07.14 08:07:22.176,0.71131,0.71142,2.02,1.12
2015.07.14 08:07:22.379,0.71132,0.7114,1.10,1.00
2015.07.14 08:07:22.888,0.71133,0.71142,1.00,1.50
2015.07.14 08:07:23.092,0.71134,0.71143,1.10,1.12
2015.07.14 08:07:23.396,0.71137,0.71142,1.00,1.00
2015.07.14 08:07:23.903,0.71136,0.71142,1.00,1.00
2015.07.14 08:07:24.414,0.71135,0.71142,1.10,1.00
2015.07.14 08:07:25.082,0.71135,0.71146,1.10,1.37
2015.07.14 08:07:25.974,0.71135,0.71143,1.95,1.00
2015.07.14 08:07:26.076,0.71135,0.71145,1.20,1.12
2015.07.14 08:07:26.391,0.71133,0.71145,3.45,1.50
2015.07.14 08:07:26.695,0.71135,0.71146,1.00,2.62
2015.07.14 08:07:27.907,0.71137,0.71144,1.00,1.12
2015.07.14 08:07:28.009,0.71135,0.71144,1.50,1.12
2015.07.14 08:07:28.523,0.71134,0.71144,1.50,1.12
2015.07.14 08:07:29.307,0.71134,0.71144,1.50,1.37
2015.07.14 08:07:29.824,0.71135,0.71143,1.50,1.12
2015.07.14 08:07:30.027,0.71136,0.71145,1.00,1.50
2015.07.14 08:07:30.907,0.71137,0.71144,1.00,1.00
2015.07.14 08:07:31.412,0.71137,0.71146,1.50,1.12
2015.07.14 08:07:32.527,0.71138,0.71146,1.00,1.00
2015.07.14 08:07:32.840,0.71138,0.71148,1.50,1.50
2015.07.14 08:07:33.360,0.71138,0.71147,1.50,1.00
2015.07.14 08:07:33.969,0.71139,0.71147,1.00,1.00
2015.07.14 08:07:34.020,0.71139,0.71144,1.00,1.00
2015.07.14 08:07:34.174,0.71137,0.71144,1.00,1.00
2015.07.14 08:07:34.714,0.71136,0.71145,2.25,1.00
2015.07.14 08:07:35.633,0.71137,0.71147,1.00,1.75
2015.07.14 08:07:35.836,0.71139,0.71147,1.00,1.12
2015.07.14 08:07:36.040,0.71141,0.7115,1.00,1.87
2015.07.14 08:07:36.548,0.7114,0.71149,1.12,1.12
2015.07.14 08:07:37.078,0.71139,0.71151,1.12,2.62
2015.07.14 08:07:37.646,0.71141,0.71148,1.00,1.12
2015.07.14 08:07:38.329,0.7114,0.71148,1.00,1.12
2015.07.14 08:07:39.417,0.71139,0.71148,1.12,1.12
2015.07.14 08:07:40.126,0.71138,0.71147,2.25,1.00
2015.07.14 08:07:40.633,0.71139,0.71146,1.00,1.12
2015.07.14 08:07:41.845,0.71138,0.71147,1.87,1.37
2015.07.14 08:07:42.657,0.71137,0.71146,2.62,1.12
2015.07.14 08:07:47.665,0.71137,0.71146,1.87,1.12
2015.07.14 08:07:49.655,0.71137,0.71146,1.87,1.00
2015.07.14 08:07:50.185,0.71137,0.71145,1.12,1.00
2015.07.14 08:07:50.709,0.71136,0.71144,1.12,1.00
2015.07.14 08:07:51.219,0.71134,0.71145,1.37,2.62
2015.07.14 08:07:51.270,0.71133,0.71145,1.87,2.62
2015.07.14 08:07:51.690,0.71133,0.71141,1.37,1.00
2015.07.14 08:07:51.996,0.71131,0.71139,2.25,1.00
2015.07.14 08:07:52.503,0.71131,0.71139,1.50,1.00
2015.07.14 08:07:53.067,0.71131,0.71139,1.50,1.00
2015.07.14 08:07:57.941,0.71132,0.7114,1.12,1.00
2015.07.14 08:07:58.403,0.71133,0.71144,1.00,2.62
2015.07.14 08:07:58.556,0.71134,0.71144,2.62,1.12
2015.07.14 08:07:58.810,0.71137,0.71144,1.00,1.00
2015.07.14 08:07:58.912,0.71135,0.71146,2.62,1.37
2015.07.14 08:07:59.692,0.71135,0.71145,1.12,1.37
2015.07.14 08:08:00.201,0.71134,0.71144,1.12,1.12
2015.07.14 08:08:01.439,0.71133,0.71143,1.50,1.00
2015.07.14 08:08:02.670,0.71133,0.71143,1.50,1.12
2015.07.14 08:08:03.460,0.71133,0.71141,3.00,1.00
2015.07.14 08:08:03.981,0.71132,0.71142,4.50,1.00
2015.07.14 08:08:04.640,0.71133,0.71141,1.50,1.00
2015.07.14 08:08:05.147,0.71132,0.7114,1.87,1.00
2015.07.14 08:08:05.986,0.71132,0.71139,1.87,1.00
2015.07.14 08:08:06.493,0.71132,0.71139,1.00,1.00
2015.07.14 08:08:08.045,0.7113,0.71139,2.70,1.00
2015.07.14 08:08:08.097,0.7113,0.71137,1.95,1.00
2015.07.14 08:08:08.598,0.71129,0.71137,1.00,1.00
2015.07.14 08:08:09.897,0.71128,0.71136,1.50,1.00
2015.07.14 08:08:10.401,0.71128,0.71137,1.50,1.12
2015.07.14 08:08:12.191,0.7113,0.7114,1.00,1.87
2015.07.14 08:08:12.394,0.71131,0.71141,1.87,1.12
2015.07.14 08:08:12.901,0.71132,0.71142,2.62,1.37
2015.07.14 08:08:13.402,0.71132,0.71142,3.00,1.12
2015.07.14 08:08:14.446,0.71132,0.71141,1.50,1.12
2015.07.14 08:08:14.650,0.71134,0.71143,1.00,1.37
2015.07.14 08:08:15.456,0.71134,0.71144,1.50,1.37
2015.07.14 08:08:16.828,0.71133,0.71143,1.50,1.37
2015.07.14 08:08:17.335,0.71134,0.71144,1.87,1.12
2015.07.14 08:08:18.338,0.71134,0.71145,1.12,1.87
2015.07.14 08:08:21.359,0.71134,0.71145,1.87,1.37
2015.07.14 08:08:23.334,0.71134,0.71145,1.87,1.37
2015.07.14 08:08:24.462,0.71135,0.71145,1.00,1.37
2015.07.14 08:08:25.348,0.71135,0.71145,1.50,1.37
2015.07.14 08:08:27.684,0.71136,0.71146,1.12,1.50
2015.07.14 08:08:28.553,0.71137,0.71146,1.00,1.50
2015.07.14 08:08:28.807,0.71139,0.71146,1.00,1.12
2015.07.14 08:08:28.959,0.71139,0.71148,1.00,1.12
2015.07.14 08:08:29.113,0.71142,0.71149,1.00,1.00
2015.07.14 08:08:29.642,0.71142,0.71152,1.00,2.25
2015.07.14 08:08:30.150,0.71142,0.71152,1.12,1.50
2015.07.14 08:08:30.708,0.71141,0.7115,1.87,1.00
2015.07.14 08:08:31.212,0.71142,0.71151,1.12,1.87
2015.07.14 08:08:31.829,0.71144,0.71153,1.00,1.87
2015.07.14 08:08:31.880,0.71144,0.71153,1.12,1.50
2015.07.14 08:08:32.266,0.71146,0.71153,1.00,1.00
2015.07.14 08:08:32.368,0.71147,0.71156,1.00,1.50
2015.07.14 08:08:32.673,0.71145,0.71156,1.00,1.87
2015.07.14 08:08:33.132,0.71142,0.71153,3.00,1.00
2015.07.14 08:08:33.454,0.71141,0.71151,2.25,1.12
2015.07.14 08:08:34.792,0.71144,0.71152,1.00,1.37
2015.07.14 08:08:35.673,0.71144,0.71155,1.50,1.50
2015.07.14 08:08:36.010,0.71145,0.71154,1.12,1.87
2015.07.14 08:08:36.518,0.71146,0.71156,1.00,2.25
2015.07.14 08:08:36.621,0.71146,0.71156,1.50,1.50
2015.07.14 08:08:36.673,0.71148,0.71156,1.00,1.50
2015.07.14 08:08:37.595,0.71148,0.71159,1.00,2.62
2015.07.14 08:08:38.127,0.71147,0.71157,1.12,1.37
2015.07.14 08:08:38.583,0.71149,0.71158,1.00,1.12
2015.07.14 08:08:39.592,0.71149,0.71158,1.00,1.37
2015.07.14 08:08:40.099,0.71148,0.71159,1.00,2.62
2015.07.14 08:08:40.606,0.71149,0.7116,1.00,2.62
2015.07.14 08:08:41.144,0.7115,0.7116,1.00,1.37
2015.07.14 08:08:41.652,0.7115,0.71161,1.00,2.25
2015.07.14 08:08:42.247,0.71151,0.71161,1.00,1.37
2015.07.14 08:08:42.754,0.7115,0.71161,1.12,1.87
2015.07.14 08:08:43.411,0.71151,0.71161,1.00,1.37
2015.07.14 08:08:43.940,0.71152,0.71162,1.87,1.37
2015.07.14 08:08:44.296,0.7115,0.7116,1.00,1.87
2015.07.14 08:08:44.398,0.71148,0.71158,2.25,1.00
2015.07.14 08:08:44.943,0.71149,0.7116,2.62,1.37
2015.07.14 08:08:45.198,0.7115,0.71161,1.50,1.37
2015.07.14 08:08:45.405,0.71152,0.71161,1.00,1.37
2015.07.14 08:08:45.913,0.71151,0.71162,1.00,1.37
2015.07.14 08:08:46.512,0.71151,0.71158,1.00,1.00
2015.07.14 08:08:46.919,0.71149,0.71157,1.87,1.00
2015.07.14 08:08:47.219,0.7115,0.71161,1.87,1.37
2015.07.14 08:08:47.729,0.71151,0.71162,1.00,1.37
2015.07.14 08:08:48.238,0.71151,0.7116,1.87,1.12
2015.07.14 08:08:48.542,0.71151,0.7116,2.25,1.00
2015.07.14 08:08:49.316,0.71151,0.71161,1.50,1.00
2015.07.14 08:08:49.896,0.71153,0.71164,5.62,1.37
2015.07.14 08:08:50.202,0.71158,0.71168,1.37,1.00
2015.07.14 08:08:50.508,0.71158,0.71171,1.12,1.87
2015.07.14 08:08:50.712,0.71159,0.71171,1.87,1.50
2015.07.14 08:08:51.047,0.71167,0.71176,1.12,1.50
2015.07.14 08:08:51.352,0.71167,0.7118,3.90,1.12
2015.07.14 08:08:51.404,0.7117,0.7118,1.00,1.12
2015.07.14 08:08:51.607,0.71168,0.7118,1.12,2.47
2015.07.14 08:08:52.867,0.7117,0.7118,1.00,3.97
2015.07.14 08:08:53.368,0.71169,0.71179,1.00,4.72
2015.07.14 08:08:53.875,0.71168,0.71178,1.00,1.37
2015.07.14 08:08:54.397,0.71168,0.71178,1.00,1.87
2015.07.14 08:08:54.908,0.71167,0.71177,1.12,3.37
2015.07.14 08:08:55.167,0.71162,0.71174,1.37,1.87
2015.07.14 08:08:58.058,0.71161,0.71172,1.50,1.00
2015.07.14 08:08:58.569,0.71161,0.71173,2.25,2.25
2015.07.14 08:09:00.083,0.71161,0.71173,1.50,4.35
2015.07.14 08:09:00.641,0.71161,0.71172,1.50,1.00
2015.07.14 08:09:01.184,0.71161,0.71172,2.25,1.50
2015.07.14 08:09:02.098,0.71161,0.71172,2.25,1.12
2015.07.14 08:09:03.092,0.71161,0.71172,1.50,1.12
2015.07.14 08:09:04.114,0.71162,0.71174,1.37,1.87
2015.07.14 08:09:04.976,0.71162,0.71172,1.00,1.12
2015.07.14 08:09:05.214,0.7116,0.71172,1.87,1.50
2015.07.14 08:09:06.189,0.7116,0.71172,1.12,2.25
2015.07.14 08:09:07.186,0.7116,0.71172,1.00,2.25
2015.07.14 08:09:07.807,0.71158,0.71171,2.25,1.87
2015.07.14 08:09:08.211,0.71159,0.71168,1.00,1.00
2015.07.14 08:09:08.316,0.71157,0.71168,1.50,1.37
2015.07.14 08:09:08.824,0.71155,0.71166,1.87,1.12
2015.07.14 08:09:08.976,0.71155,0.71167,1.37,2.62
2015.07.14 08:09:10.007,0.71155,0.71166,1.37,1.50
2015.07.14 08:09:10.778,0.71158,0.71167,1.00,1.37
2015.07.14 08:09:10.880,0.71156,0.71167,1.12,1.37
2015.07.14 08:09:10.982,0.71156,0.71167,1.37,1.37
2015.07.14 08:09:11.337,0.7116,0.71167,1.00,1.37
2015.07.14 08:09:11.591,0.7116,0.7117,1.50,1.37
2015.07.14 08:09:12.295,0.7116,0.71167,1.00,1.00
2015.07.14 08:09:12.448,0.71155,0.71166,1.50,1.12
2015.07.14 08:09:13.204,0.71156,0.71165,1.00,1.00
2015.07.14 08:09:14.018,0.71154,0.71166,1.87,1.12
2015.07.14 08:09:14.449,0.71154,0.71165,1.12,1.37
2015.07.14 08:09:15.010,0.71155,0.71166,1.00,1.37
2015.07.14 08:09:15.416,0.71156,0.71167,1.12,1.50
2015.07.14 08:09:16.415,0.71157,0.71168,1.37,1.37
2015.07.14 08:09:17.424,0.71157,0.71168,1.37,1.37
2015.07.14 08:09:17.807,0.71156,0.71165,1.37,1.00
2015.07.14 08:09:18.112,0.71156,0.71168,1.87,2.62
2015.07.14 08:09:18.366,0.71157,0.71169,2.62,1.50
2015.07.14 08:09:19.067,0.71161,0.71171,1.00,1.37
2015.07.14 08:09:19.169,0.71161,0.71171,1.12,1.00
2015.07.14 08:09:19.677,0.71158,0.7117,2.70,3.22
2015.07.14 08:09:20.438,0.71158,0.71168,1.12,1.00
2015.07.14 08:09:21.149,0.71158,0.71169,1.12,1.87
2015.07.14 08:09:21.652,0.71159,0.7117,1.12,1.87
2015.07.14 08:09:21.754,0.71162,0.7117,1.00,1.00
2015.07.14 08:09:22.010,0.71166,0.71175,1.00,1.10
2015.07.14 08:09:22.361,0.71168,0.71177,1.00,1.37
2015.07.14 08:09:22.463,0.71168,0.71179,1.50,2.25
2015.07.14 08:09:22.616,0.71167,0.71181,1.87,3.00
2015.07.14 08:09:23.627,0.71167,0.7118,2.62,1.00
2015.07.14 08:09:23.935,0.71167,0.71178,1.37,1.00
2015.07.14 08:09:24.090,0.71167,0.71178,1.00,2.25
2015.07.14 08:09:24.600,0.71166,0.71178,1.12,2.25
2015.07.14 08:09:26.155,0.71166,0.71177,1.12,1.37
2015.07.14 08:09:27.329,0.71167,0.71177,1.00,1.37
2015.07.14 08:09:27.433,0.7117,0.71178,1.00,1.50
2015.07.14 08:09:27.484,0.7117,0.71178,1.00,1.00
2015.07.14 08:09:27.535,0.71168,0.71179,1.12,1.37
2015.07.14 08:09:27.899,0.71168,0.71175,1.00,1.00
2015.07.14 08:09:28.001,0.71168,0.71177,1.00,1.12
2015.07.14 08:09:28.562,0.71168,0.71179,1.12,2.62
2015.07.14 08:09:29.590,0.71168,0.71179,1.87,1.87
2015.07.14 08:09:30.111,0.71171,0.71181,1.00,1.12
2015.07.14 08:09:30.440,0.71173,0.71184,1.50,1.37
2015.07.14 08:09:30.747,0.71177,0.71189,1.12,1.47
2015.07.14 08:09:31.054,0.71179,0.71191,1.12,3.97
2015.07.14 08:09:31.572,0.71179,0.71191,1.50,1.37
2015.07.14 08:09:32.130,0.7118,0.71191,1.00,1.37
2015.07.14 08:09:32.639,0.7118,0.71188,1.12,1.00
2015.07.14 08:09:33.157,0.71178,0.71189,2.25,1.00
2015.07.14 08:09:33.675,0.71178,0.71189,2.25,1.12
2015.07.14 08:09:34.377,0.71178,0.71189,3.00,1.37
2015.07.14 08:09:35.179,0.71179,0.71185,1.12,1.00
2015.07.14 08:09:35.374,0.71175,0.71185,1.75,1.00
2015.07.14 08:09:35.985,0.71174,0.71185,1.50,1.12
2015.07.14 08:09:36.606,0.71174,0.71184,2.25,1.00
2015.07.14 08:09:37.373,0.71174,0.71185,2.25,1.00
2015.07.14 08:09:37.424,0.71174,0.71185,3.75,1.00
2015.07.14 08:09:37.886,0.71179,0.7119,1.00,1.87
2015.07.14 08:09:38.393,0.71179,0.71191,3.37,3.97
2015.07.14 08:09:38.596,0.7118,0.71191,1.00,1.37
2015.07.14 08:09:38.901,0.71182,0.71192,1.00,2.47
2015.07.14 08:09:39.249,0.71185,0.71193,1.00,3.22
2015.07.14 08:09:39.401,0.71183,0.71194,1.50,2.85
2015.07.14 08:09:39.503,0.71186,0.71194,1.00,3.60
2015.07.14 08:09:40.112,0.71185,0.71195,1.50,2.47
2015.07.14 08:09:41.007,0.71185,0.71193,1.50,1.12
2015.07.14 08:09:42.012,0.71185,0.71193,1.50,1.37
2015.07.14 08:09:44.181,0.71184,0.71195,1.87,3.22
2015.07.14 08:09:45.045,0.71184,0.71195,1.87,1.37
2015.07.14 08:09:45.501,0.71182,0.71192,1.50,1.12
2015.07.14 08:09:46.037,0.71179,0.71191,1.87,1.37
2015.07.14 08:09:46.547,0.7118,0.71191,1.00,1.37
2015.07.14 08:09:47.259,0.71181,0.71191,1.12,1.37
2015.07.14 08:09:47.767,0.71182,0.71192,1.37,1.50
2015.07.14 08:09:48.331,0.71183,0.71193,1.37,1.50
2015.07.14 08:09:48.951,0.71182,0.71193,1.87,1.00
2015.07.14 08:09:49.257,0.71178,0.71186,1.57,1.00
2015.07.14 08:09:49.383,0.71178,0.71187,1.00,1.00
2015.07.14 08:09:49.891,0.71178,0.71189,1.12,1.37
2015.07.14 08:09:50.479,0.71179,0.71191,1.50,3.00
2015.07.14 08:09:50.533,0.7118,0.71193,1.12,2.25
2015.07.14 08:09:50.686,0.71181,0.71194,1.87,3.60
2015.07.14 08:09:50.891,0.71183,0.71197,1.37,5.32
2015.07.14 08:09:51.145,0.71186,0.71199,1.37,3.60
2015.07.14 08:09:52.172,0.71185,0.71197,1.37,1.37
2015.07.14 08:09:52.943,0.71185,0.71195,1.37,1.00
2015.07.14 08:09:53.247,0.71183,0.71193,1.37,1.12
2015.07.14 08:09:53.755,0.71182,0.71192,2.25,1.00
2015.07.14 08:09:54.059,0.71182,0.71192,2.25,1.00
2015.07.14 08:09:56.193,0.71183,0.71192,1.37,1.00
2015.07.14 08:09:56.851,0.71182,0.71191,1.50,1.00
2015.07.14 08:10:00.162,0.71181,0.7119,5.25,1.00
2015.07.14 08:10:00.568,0.71183,0.71192,1.50,1.72
2015.07.14 08:10:01.730,0.71183,0.71191,1.50,1.00
2015.07.14 08:10:01.831,0.71184,0.71194,1.50,1.87
2015.07.14 08:10:01.933,0.71185,0.71192,1.00,1.00
2015.07.14 08:10:02.035,0.71184,0.71194,1.50,1.12
2015.07.14 08:10:02.089,0.71184,0.71194,1.50,1.00
2015.07.14 08:10:02.633,0.71183,0.71194,1.75,1.37
2015.07.14 08:10:02.887,0.71181,0.71193,2.25,1.87
2015.07.14 08:10:03.578,0.71181,0.7119,3.00,1.00
2015.07.14 08:10:04.085,0.71182,0.7119,1.00,1.00
2015.07.14 08:10:04.584,0.71182,0.7119,2.25,1.00
2015.07.14 08:10:04.635,0.71182,0.71192,1.50,1.12
2015.07.14 08:10:05.093,0.71182,0.71191,1.00,1.00
2015.07.14 08:10:05.350,0.71182,0.71189,1.50,1.00
2015.07.14 08:10:05.656,0.71181,0.71191,2.25,1.00
2015.07.14 08:10:06.959,0.71181,0.7119,3.00,1.00
2015.07.14 08:10:07.470,0.7118,0.71191,3.00,1.00
2015.07.14 08:10:07.978,0.71182,0.71191,1.37,1.00
2015.07.14 08:10:08.435,0.71184,0.71194,1.87,1.12
2015.07.14 08:10:08.828,0.71185,0.71195,1.37,1.00
2015.07.14 08:10:09.336,0.71185,0.71197,2.62,1.37
2015.07.14 08:10:09.857,0.71184,0.71195,3.00,1.00
2015.07.14 08:10:10.400,0.71185,0.71194,1.37,1.00
2015.07.14 08:10:10.704,0.71184,0.71192,1.50,1.00
2015.07.14 08:10:11.906,0.71184,0.71193,1.50,1.00
2015.07.14 08:10:12.415,0.71184,0.71194,1.50,1.12
2015.07.14 08:10:12.922,0.71185,0.71193,1.37,1.00
2015.07.14 08:10:13.572,0.71184,0.71189,1.00,1.00
2015.07.14 08:10:13.624,0.71184,0.71189,1.00,1.00
2015.07.14 08:10:13.675,0.71184,0.71192,1.00,1.00
2015.07.14 08:10:13.727,0.71181,0.71192,1.12,1.37
2015.07.14 08:10:13.829,0.71181,0.71192,1.37,1.00
2015.07.14 08:10:13.932,0.7118,0.71191,1.50,1.12
2015.07.14 08:10:14.430,0.71177,0.7119,2.25,1.50
2015.07.14 08:10:14.634,0.71176,0.71188,1.37,1.87
2015.07.14 08:10:14.737,0.71177,0.71188,2.25,1.87
2015.07.14 08:10:15.042,0.71182,0.7119,1.00,1.00
2015.07.14 08:10:15.348,0.71183,0.71191,1.37,1.12
2015.07.14 08:10:15.870,0.71183,0.71189,1.37,1.00
2015.07.14 08:10:15.972,0.71183,0.71191,1.87,1.12
2015.07.14 08:10:16.480,0.71183,0.71192,1.87,1.12
2015.07.14 08:10:17.034,0.71183,0.71191,1.37,1.00
2015.07.14 08:10:17.542,0.7118,0.7119,2.25,1.00
2015.07.14 08:10:17.846,0.71182,0.71192,1.50,1.87
2015.07.14 08:10:18.123,0.71184,0.71193,1.00,1.87
2015.07.14 08:10:18.833,0.71183,0.71193,3.00,1.50
2015.07.14 08:10:19.854,0.71184,0.71193,1.00,1.00
2015.07.14 08:10:20.383,0.71184,0.71194,1.00,1.87
2015.07.14 08:10:20.891,0.71184,0.71193,1.50,1.00
2015.07.14 08:10:22.661,0.71183,0.71192,1.75,1.00
2015.07.14 08:10:23.876,0.71183,0.71192,1.00,1.00
2015.07.14 08:10:24.283,0.71183,0.7119,1.00,1.00
2015.07.14 08:10:24.427,0.7118,0.71188,1.12,1.00
2015.07.14 08:10:24.934,0.71177,0.71187,3.00,1.50
2015.07.14 08:10:25.443,0.71178,0.71188,1.37,1.00
2015.07.14 08:10:25.952,0.71178,0.71189,1.37,1.87
2015.07.14 08:10:26.460,0.7118,0.71191,1.00,1.87
2015.07.14 08:10:26.564,0.71181,0.71191,1.12,1.12
2015.07.14 08:10:27.283,0.71183,0.71191,1.00,1.12
2015.07.14 08:10:27.588,0.71184,0.71194,1.87,1.37
2015.07.14 08:10:27.993,0.71185,0.71195,2.62,1.50
2015.07.14 08:10:28.509,0.71185,0.71196,1.87,1.87
2015.07.14 08:10:28.712,0.71185,0.71195,2.62,1.12
2015.07.14 08:10:29.676,0.71186,0.71195,1.37,1.00
2015.07.14 08:10:30.384,0.71186,0.71196,1.37,1.50
2015.07.14 08:10:30.689,0.71186,0.71194,1.37,1.00
2015.07.14 08:10:31.045,0.71186,0.71196,1.87,1.00
2015.07.14 08:10:32.706,0.71186,0.71196,1.87,1.87
2015.07.14 08:10:33.687,0.71186,0.71196,1.87,1.87
2015.07.14 08:10:35.699,0.71186,0.71196,1.87,1.50
2015.07.14 08:10:36.696,0.71187,0.71196,1.12,1.12
2015.07.14 08:10:37.751,0.71188,0.71196,1.00,1.12
2015.07.14 08:10:38.056,0.71191,0.71198,1.00,1.37
2015.07.14 08:10:38.107,0.71191,0.71198,1.00,1.12
2015.07.14 08:10:38.361,0.71188,0.71197,1.87,1.00
2015.07.14 08:10:38.908,0.71188,0.71195,1.37,1.00
2015.07.14 08:10:39.416,0.71188,0.71195,1.00,1.00
2015.07.14 08:10:40.176,0.71189,0.71199,1.00,1.87
2015.07.14 08:10:40.316,0.71189,0.712,1.12,3.37
2015.07.14 08:10:40.773,0.71191,0.71201,1.00,5.47
2015.07.14 08:10:41.280,0.71191,0.71202,1.12,1.95
2015.07.14 08:10:41.781,0.71193,0.71202,1.00,1.72
2015.07.14 08:10:42.288,0.71192,0.71202,1.12,1.37
2015.07.14 08:10:42.795,0.71193,0.71201,1.00,1.12
2015.07.14 08:10:43.574,0.71191,0.71201,1.12,1.12
2015.07.14 08:10:43.676,0.71189,0.71198,1.50,1.00
2015.07.14 08:10:43.880,0.71188,0.71198,1.12,1.12
2015.07.14 08:10:44.840,0.71188,0.712,1.37,1.50
2015.07.14 08:10:45.883,0.71189,0.712,1.12,3.00
2015.07.14 08:10:46.188,0.71192,0.712,1.00,2.25
2015.07.14 08:10:46.494,0.71194,0.712,1.00,1.50
2015.07.14 08:10:46.697,0.71192,0.71202,1.00,1.87
2015.07.14 08:10:47.020,0.71195,0.71203,1.00,1.57
2015.07.14 08:10:47.224,0.71193,0.71203,1.12,1.50
2015.07.14 08:10:47.683,0.71195,0.71202,1.00,1.37
2015.07.14 08:10:48.448,0.71195,0.71203,1.00,1.50
2015.07.14 08:10:49.840,0.71195,0.71201,1.00,1.00
2015.07.14 08:10:49.891,0.71191,0.71201,1.12,1.87
2015.07.14 08:10:50.399,0.71192,0.712,1.00,1.37
2015.07.14 08:10:50.823,0.71188,0.71199,1.37,2.62
2015.07.14 08:10:51.078,0.71187,0.71198,1.00,1.87
2015.07.14 08:10:51.687,0.71187,0.71195,1.50,1.00
2015.07.14 08:10:51.906,0.71185,0.71197,3.75,1.50
2015.07.14 08:10:52.059,0.71185,0.71197,1.50,2.25
2015.07.14 08:10:52.824,0.71187,0.71196,1.00,1.37
2015.07.14 08:10:53.374,0.71187,0.71196,1.12,1.12
2015.07.14 08:10:53.680,0.71189,0.71197,1.00,1.50
2015.07.14 08:10:53.731,0.71187,0.71198,1.87,1.12
2015.07.14 08:10:53.935,0.71189,0.71197,1.00,1.50
2015.07.14 08:10:54.407,0.71186,0.71195,2.25,1.00
2015.07.14 08:10:54.764,0.71184,0.71194,1.87,1.00
2015.07.14 08:10:56.410,0.71184,0.71191,1.12,1.00
2015.07.14 08:10:56.918,0.71183,0.71192,1.37,1.12
2015.07.14 08:10:57.423,0.71184,0.71191,1.12,1.00
2015.07.14 08:10:58.032,0.71183,0.71192,1.50,1.12
2015.07.14 08:10:58.578,0.71183,0.71193,2.25,1.00
2015.07.14 08:10:59.087,0.71183,0.71192,2.25,1.00
2015.07.14 08:10:59.544,0.71182,0.71194,3.00,2.70
2015.07.14 08:10:59.647,0.71182,0.71192,3.00,1.00
2015.07.14 08:10:59.866,0.71182,0.71194,2.25,1.87
2015.07.14 08:10:59.968,0.71182,0.71192,3.00,1.00
2015.07.14 08:11:00.476,0.71182,0.71192,1.50,1.50
2015.07.14 08:11:00.832,0.71182,0.7119,1.00,1.00
2015.07.14 08:11:01.379,0.71181,0.71189,1.00,1.00
2015.07.14 08:11:01.940,0.71179,0.71188,1.12,1.00
2015.07.14 08:11:02.143,0.71179,0.71187,1.12,1.00
2015.07.14 08:11:02.579,0.7118,0.71189,1.00,2.25
2015.07.14 08:11:03.089,0.7118,0.7119,1.00,1.87
2015.07.14 08:11:03.851,0.71179,0.71189,1.37,1.00
2015.07.14 08:11:04.359,0.7118,0.7119,1.12,1.12
2015.07.14 08:11:04.867,0.71181,0.71191,1.12,1.12
2015.07.14 08:11:05.605,0.7118,0.71191,1.37,1.00
2015.07.14 08:11:05.866,0.71184,0.71193,1.00,3.75
2015.07.14 08:11:06.019,0.71183,0.71195,1.37,4.12
2015.07.14 08:11:06.893,0.71183,0.71194,1.37,3.37
2015.07.14 08:11:07.096,0.71183,0.71194,1.37,1.00
2015.07.14 08:11:07.299,0.71186,0.71196,1.37,1.00
2015.07.14 08:11:07.503,0.71189,0.71198,1.12,2.25
2015.07.14 08:11:07.706,0.71189,0.71201,1.12,1.50
2015.07.14 08:11:08.220,0.71189,0.71201,1.00,2.25
2015.07.14 08:11:08.429,0.71191,0.71201,1.00,1.00
2015.07.14 08:11:08.733,0.71194,0.71205,1.37,1.10
2015.07.14 08:11:09.070,0.71195,0.71208,2.25,4.87
2015.07.14 08:11:09.222,0.71195,0.71205,1.00,1.12
2015.07.14 08:11:09.526,0.71192,0.71205,1.50,1.87
2015.07.14 08:11:10.178,0.71195,0.71205,1.00,1.75
2015.07.14 08:11:10.689,0.71191,0.71204,1.87,3.75
2015.07.14 08:11:10.943,0.7119,0.71204,1.87,4.50
2015.07.14 08:11:11.595,0.7119,0.71202,1.37,1.00
2015.07.14 08:11:11.698,0.71189,0.71199,2.25,1.00
2015.07.14 08:11:12.056,0.71189,0.71201,1.37,2.25
2015.07.14 08:11:12.867,0.71192,0.71201,1.00,1.00
2015.07.14 08:11:13.726,0.71192,0.71202,1.12,1.87
2015.07.14 08:11:14.747,0.71192,0.71202,1.12,1.87
2015.07.14 08:11:15.414,0.7119,0.712,1.37,1.50
2015.07.14 08:11:15.618,0.71188,0.71199,1.87,1.12
2015.07.14 08:11:16.024,0.71187,0.71199,1.50,1.37
2015.07.14 08:11:16.421,0.71188,0.712,1.87,1.85
2015.07.14 08:11:16.728,0.71191,0.71199,1.87,1.00
2015.07.14 08:11:16.830,0.71191,0.71203,3.37,1.57
2015.07.14 08:11:17.372,0.71193,0.71204,1.00,1.75
2015.07.14 08:11:17.910,0.71193,0.71203,1.12,1.00
2015.07.14 08:11:18.417,0.71194,0.71203,1.00,1.00
2015.07.14 08:11:19.006,0.71193,0.71203,2.62,1.00
2015.07.14 08:11:19.108,0.71197,0.71203,1.00,1.50
2015.07.14 08:11:19.565,0.71197,0.71205,1.00,1.00
2015.07.14 08:11:20.122,0.71198,0.71206,1.50,1.12
2015.07.14 08:11:20.326,0.712,0.71206,1.00,1.00
2015.07.14 08:11:20.378,0.712,0.71209,1.00,1.00
2015.07.14 08:11:20.733,0.71198,0.71211,2.25,1.87
2015.07.14 08:11:20.938,0.71197,0.71209,3.00,1.00
2015.07.14 08:11:21.483,0.71196,0.71209,1.87,2.25
2015.07.14 08:11:21.839,0.71196,0.71208,1.37,3.37
2015.07.14 08:11:22.341,0.71194,0.71204,1.37,1.00
2015.07.14 08:11:22.853,0.71194,0.71203,1.37,1.00
2015.07.14 08:11:22.956,0.71192,0.71203,1.37,1.12
2015.07.14 08:11:23.469,0.71192,0.71203,1.37,3.37
2015.07.14 08:11:23.976,0.71192,0.71202,1.12,1.00
2015.07.14 08:11:24.937,0.71193,0.71202,1.00,1.00
2015.07.14 08:11:25.294,0.71195,0.71204,1.00,4.50
2015.07.14 08:11:25.498,0.71197,0.71206,1.12,1.50
2015.07.14 08:11:26.091,0.71195,0.71206,1.37,1.12
2015.07.14 08:11:27.012,0.71195,0.71204,1.37,1.00
2015.07.14 08:11:27.216,0.71194,0.71206,2.62,1.12
2015.07.14 08:11:27.991,0.71195,0.71206,1.37,1.12
2015.07.14 08:11:28.295,0.71193,0.71204,2.25,1.00
2015.07.14 08:11:28.397,0.71193,0.71204,1.50,1.00
2015.07.14 08:11:29.378,0.71193,0.71204,1.50,1.12
2015.07.14 08:11:29.986,0.71194,0.71202,1.12,1.00
2015.07.14 08:11:30.088,0.71194,0.71204,1.12,1.50
2015.07.14 08:11:31.427,0.71192,0.71203,2.25,1.00
2015.07.14 08:11:31.680,0.71192,0.71203,2.25,1.37
2015.07.14 08:11:31.834,0.71192,0.712,1.00,1.00
2015.07.14 08:11:32.184,0.71187,0.71197,2.25,1.00
2015.07.14 08:11:32.692,0.71186,0.71197,2.47,1.00
2015.07.14 08:11:33.199,0.71186,0.71196,1.87,1.50
2015.07.14 08:11:33.731,0.71186,0.71195,1.87,1.00
2015.07.14 08:11:33.833,0.71187,0.71198,1.37,1.50
2015.07.14 08:11:34.087,0.71189,0.712,1.37,1.87
2015.07.14 08:11:35.019,0.71189,0.71197,1.37,1.00
2015.07.14 08:11:35.274,0.71187,0.71196,1.37,1.00
2015.07.14 08:11:35.822,0.71186,0.71195,3.22,1.00
2015.07.14 08:11:36.280,0.71186,0.71193,1.37,1.00
2015.07.14 08:11:36.382,0.71185,0.71193,1.00,1.00
2015.07.14 08:11:36.606,0.71181,0.71191,1.37,1.00
2015.07.14 08:11:36.708,0.71178,0.71189,2.10,1.00
2015.07.14 08:11:37.119,0.71177,0.71188,4.35,1.50
2015.07.14 08:11:37.629,0.71177,0.71189,2.85,1.50
2015.07.14 08:11:38.688,0.71179,0.7119,1.37,1.00
2015.07.14 08:11:39.215,0.7118,0.71191,2.25,1.00
2015.07.14 08:11:39.724,0.7118,0.7119,1.50,1.00
2015.07.14 08:11:40.225,0.7118,0.71192,1.50,1.37
2015.07.14 08:11:40.886,0.71179,0.71189,3.00,1.00
2015.07.14 08:11:41.405,0.71178,0.71188,1.12,1.00
2015.07.14 08:11:41.916,0.71177,0.71188,1.37,1.00
2015.07.14 08:11:42.069,0.71178,0.71186,1.37,1.00
2015.07.14 08:11:42.690,0.71177,0.71185,1.37,1.00
2015.07.14 08:11:42.894,0.71177,0.71185,1.12,1.00
2015.07.14 08:11:43.098,0.71177,0.71187,1.12,1.00
2015.07.14 08:11:43.606,0.71177,0.71188,1.87,1.12
2015.07.14 08:11:44.141,0.71177,0.71189,2.62,1.00
2015.07.14 08:11:45.168,0.71177,0.71187,3.00,1.00
2015.07.14 08:11:45.322,0.71177,0.71189,2.62,1.87
2015.07.14 08:11:46.403,0.71177,0.71188,1.37,1.00
2015.07.14 08:11:47.612,0.71178,0.71189,1.37,1.50
2015.07.14 08:11:48.123,0.71177,0.71188,2.62,1.00
2015.07.14 08:11:48.632,0.71177,0.71188,1.37,1.00
2015.07.14 08:11:49.181,0.71178,0.71189,1.87,1.50
2015.07.14 08:11:50.446,0.71178,0.71188,1.37,1.00
2015.07.14 08:11:50.954,0.71178,0.71189,1.87,1.50
2015.07.14 08:11:51.654,0.71178,0.71189,2.25,1.50
2015.07.14 08:11:52.630,0.7118,0.71191,1.37,1.00
2015.07.14 08:11:52.834,0.71182,0.71192,3.22,1.00
2015.07.14 08:11:53.379,0.71182,0.71193,3.97,1.87
2015.07.14 08:11:53.583,0.71184,0.71195,1.87,1.12
2015.07.14 08:11:53.939,0.71185,0.71198,2.25,1.87
2015.07.14 08:11:54.745,0.71186,0.71198,1.50,1.87
2015.07.14 08:11:56.871,0.71186,0.71198,3.00,1.87
2015.07.14 08:11:57.830,0.71186,0.71197,2.25,1.00
2015.07.14 08:11:58.762,0.71186,0.71197,2.25,1.50
2015.07.14 08:11:59.222,0.71186,0.71194,3.75,1.00
2015.07.14 08:11:59.730,0.71186,0.71194,1.12,1.12
2015.07.14 08:11:59.883,0.71186,0.71197,1.12,4.12
2015.07.14 08:12:00.086,0.71187,0.71198,1.37,1.00
2015.07.14 08:12:00.571,0.71187,0.71198,2.62,1.00
2015.07.14 08:12:04.331,0.71188,0.71199,1.37,1.50
2015.07.14 08:12:06.745,0.71188,0.71198,1.87,1.00
2015.07.14 08:12:07.256,0.71188,0.71197,1.37,1.00
2015.07.14 08:12:08.839,0.7119,0.71198,1.50,1.00
2015.07.14 08:12:09.346,0.7119,0.71199,1.12,1.00
2015.07.14 08:12:10.156,0.7119,0.71198,1.12,1.00
2015.07.14 08:12:10.461,0.71187,0.71196,2.25,1.00
2015.07.14 08:12:10.614,0.71188,0.71196,1.00,1.00
2015.07.14 08:12:10.817,0.71188,0.71199,1.72,1.50
2015.07.14 08:12:13.910,0.71188,0.71198,1.50,1.00
2015.07.14 08:12:14.186,0.71191,0.71201,1.87,1.00
2015.07.14 08:12:15.000,0.71193,0.71201,1.37,1.50
2015.07.14 08:12:16.018,0.71193,0.71201,1.12,1.50
2015.07.14 08:12:16.527,0.7119,0.71199,1.87,1.50
2015.07.14 08:12:17.113,0.71189,0.712,3.75,1.00
2015.07.14 08:12:17.722,0.71189,0.71201,2.25,1.12
2015.07.14 08:12:18.229,0.71189,0.71199,2.25,1.50
2015.07.14 08:12:18.775,0.71188,0.71198,2.25,1.00
2015.07.14 08:12:20.195,0.71188,0.712,2.25,1.87
2015.07.14 08:12:21.607,0.71192,0.71199,1.00,1.00
2015.07.14 08:12:22.142,0.7119,0.71199,1.37,1.00
2015.07.14 08:12:22.670,0.7119,0.71199,1.37,1.00
2015.07.14 08:12:24.553,0.71189,0.71199,1.37,1.50
2015.07.14 08:12:25.046,0.71188,0.71195,1.50,1.00
2015.07.14 08:12:25.553,0.71185,0.71196,2.25,2.25
2015.07.14 08:12:26.065,0.71185,0.71195,1.37,2.25
2015.07.14 08:12:26.167,0.71185,0.71195,1.37,2.25
2015.07.14 08:12:28.992,0.71186,0.71196,1.12,1.12
2015.07.14 08:12:30.157,0.71186,0.71197,1.37,1.87
2015.07.14 08:12:30.664,0.71187,0.71196,1.12,1.00
2015.07.14 08:12:30.869,0.71189,0.71197,1.12,1.00
2015.07.14 08:12:31.074,0.71188,0.71199,1.37,2.62
2015.07.14 08:12:31.887,0.71189,0.712,1.37,1.12
2015.07.14 08:12:32.603,0.71191,0.71201,1.37,1.00
2015.07.14 08:12:33.653,0.71192,0.71201,1.37,1.00
2015.07.14 08:12:34.165,0.71191,0.712,1.37,1.00
2015.07.14 08:12:34.216,0.71188,0.71197,2.62,1.00
2015.07.14 08:12:34.370,0.71188,0.71198,1.87,1.00
2015.07.14 08:12:34.674,0.71188,0.71198,1.12,1.87
2015.07.14 08:12:35.371,0.71185,0.71196,1.37,1.12
2015.07.14 08:12:35.879,0.71187,0.71198,1.12,2.25
2015.07.14 08:12:35.981,0.71186,0.71196,2.25,1.00
2015.07.14 08:12:36.185,0.71186,0.71198,1.37,3.37
2015.07.14 08:12:36.895,0.71186,0.71198,1.12,3.37
2015.07.14 08:12:37.209,0.71186,0.71195,1.87,1.00
2015.07.14 08:12:38.380,0.71188,0.71196,1.00,1.00
2015.07.14 08:12:38.523,0.71186,0.71196,1.12,1.50
2015.07.14 08:12:39.032,0.71187,0.71197,1.00,1.12
2015.07.14 08:12:39.083,0.71187,0.71198,1.37,1.87
2015.07.14 08:12:39.598,0.71186,0.71196,1.00,1.12
2015.07.14 08:12:40.573,0.71183,0.71196,1.75,2.62
2015.07.14 08:12:41.018,0.71184,0.71193,1.50,1.00
2015.07.14 08:12:41.580,0.71183,0.71193,1.37,1.00
2015.07.14 08:12:42.197,0.71184,0.71194,1.12,1.12
2015.07.14 08:12:42.708,0.71185,0.71194,1.12,1.00
2015.07.14 08:12:43.520,0.71185,0.71195,1.12,1.00
2015.07.14 08:12:45.415,0.71185,0.71194,1.87,1.00
2015.07.14 08:12:45.726,0.71185,0.71194,1.37,1.00
2015.07.14 08:12:46.234,0.71185,0.71195,1.87,1.12
2015.07.14 08:12:46.640,0.71188,0.71199,1.00,3.75
2015.07.14 08:12:46.843,0.7119,0.71198,1.00,1.00
2015.07.14 08:12:47.047,0.71188,0.71201,2.25,1.87
2015.07.14 08:12:47.556,0.71188,0.712,3.00,1.50
2015.07.14 08:12:48.623,0.7119,0.712,1.00,2.62
2015.07.14 08:12:48.726,0.71189,0.71196,1.87,1.00
2015.07.14 08:12:49.031,0.71186,0.71194,1.37,1.00
2015.07.14 08:12:49.135,0.71185,0.71194,1.12,1.00
2015.07.14 08:12:49.744,0.71187,0.71195,1.00,1.00
2015.07.14 08:12:50.251,0.71186,0.71196,1.12,1.12
2015.07.14 08:12:50.801,0.71187,0.71197,1.00,1.87
2015.07.14 08:12:51.313,0.71187,0.71197,1.37,1.50
2015.07.14 08:12:51.948,0.71189,0.71197,1.00,1.00
2015.07.14 08:12:52.230,0.71189,0.71199,1.87,1.12
2015.07.14 08:12:53.569,0.71187,0.71198,1.37,1.00
2015.07.14 08:12:54.091,0.71187,0.71198,1.87,1.12
2015.07.14 08:12:54.648,0.71187,0.71198,1.87,1.12
2015.07.14 08:12:55.183,0.71188,0.71197,1.00,1.00
2015.07.14 08:12:56.649,0.71187,0.71197,1.87,1.37
2015.07.14 08:12:57.666,0.71186,0.71196,1.37,1.12
2015.07.14 08:12:57.868,0.71184,0.71193,2.25,1.00
2015.07.14 08:12:58.072,0.71183,0.71192,1.12,1.00
2015.07.14 08:12:58.583,0.71182,0.71192,1.87,1.87
2015.07.14 08:13:00.446,0.71181,0.71191,1.37,1.00
2015.07.14 08:13:01.465,0.7118,0.71191,1.87,1.12
2015.07.14 08:13:05.499,0.7118,0.71191,1.12,1.37
2015.07.14 08:13:07.185,0.7118,0.71191,1.87,1.00
2015.07.14 08:13:07.675,0.71179,0.71185,1.37,1.00
2015.07.14 08:13:07.777,0.71179,0.71185,1.12,1.00
2015.07.14 08:13:08.291,0.71178,0.71183,1.12,1.00
2015.07.14 08:13:08.506,0.71178,0.71185,1.00,1.12
2015.07.14 08:13:09.013,0.71174,0.71184,1.37,1.00
2015.07.14 08:13:09.521,0.71175,0.71185,1.37,1.37
2015.07.14 08:13:10.786,0.71174,0.71183,1.37,1.00
2015.07.14 08:13:11.392,0.71174,0.71183,1.12,1.00
2015.07.14 08:13:12.515,0.71173,0.71182,1.37,1.00
2015.07.14 08:13:13.221,0.71173,0.71181,1.37,1.00
2015.07.14 08:13:13.323,0.71172,0.71178,1.12,1.00
2015.07.14 08:13:13.831,0.71172,0.71179,1.00,1.00
2015.07.14 08:13:14.325,0.71172,0.71181,1.12,1.00
2015.07.14 08:13:14.427,0.71172,0.71183,1.87,1.50
2015.07.14 08:13:14.581,0.71174,0.71185,1.37,1.12
2015.07.14 08:13:14.987,0.71174,0.71187,1.50,2.62
2015.07.14 08:13:15.385,0.71179,0.71191,1.37,2.62
2015.07.14 08:13:15.690,0.71184,0.71192,1.00,1.12
2015.07.14 08:13:15.945,0.71185,0.71195,1.12,1.12
2015.07.14 08:13:15.996,0.71185,0.71194,1.37,1.00
2015.07.14 08:13:16.200,0.71184,0.71193,1.87,1.00
2015.07.14 08:13:16.303,0.71184,0.71195,1.37,1.00
2015.07.14 08:13:17.205,0.71183,0.71195,1.37,1.12
2015.07.14 08:13:17.714,0.71183,0.71193,1.37,1.00
2015.07.14 08:13:18.015,0.71179,0.71189,4.50,1.00
2015.07.14 08:13:18.117,0.71179,0.71188,1.37,1.00
2015.07.14 08:13:18.219,0.7118,0.7119,1.37,1.00
2015.07.14 08:13:18.528,0.71176,0.7119,5.47,5.25
2015.07.14 08:13:18.630,0.71176,0.71185,1.87,1.00
2015.07.14 08:13:19.108,0.71173,0.71187,3.00,1.50
2015.07.14 08:13:19.210,0.71175,0.71187,1.37,1.00
2015.07.14 08:13:19.819,0.71178,0.71187,1.00,1.00
2015.07.14 08:13:20.325,0.71177,0.71188,1.87,1.12
2015.07.14 08:13:20.833,0.71174,0.71186,1.37,1.37
2015.07.14 08:13:21.239,0.71172,0.71182,2.25,1.00
2015.07.14 08:13:21.754,0.71172,0.71183,1.12,1.00
2015.07.14 08:13:22.414,0.71173,0.71184,1.00,1.37
2015.07.14 08:13:22.922,0.71172,0.71183,1.37,1.50
2015.07.14 08:13:23.408,0.71172,0.71183,1.12,2.62
2015.07.14 08:13:23.919,0.71172,0.71182,1.87,1.00
2015.07.14 08:13:24.443,0.71172,0.71182,1.87,1.00
2015.07.14 08:13:24.957,0.71172,0.71183,1.87,1.12
2015.07.14 08:13:25.472,0.71172,0.71183,1.87,1.00
2015.07.14 08:13:26.337,0.71172,0.71182,1.87,1.00
2015.07.14 08:13:27.454,0.71172,0.71183,1.37,1.00
2015.07.14 08:13:28.125,0.71172,0.71184,1.87,2.62
2015.07.14 08:13:28.633,0.71173,0.71185,1.37,1.87
2015.07.14 08:13:29.482,0.71174,0.71184,1.37,1.00
2015.07.14 08:13:29.997,0.71173,0.71185,1.37,1.12
2015.07.14 08:13:30.503,0.71173,0.71185,1.37,1.12
2015.07.14 08:13:31.835,0.71173,0.71183,1.87,1.00
2015.07.14 08:13:33.754,0.71174,0.71184,1.37,1.00
2015.07.14 08:13:35.473,0.71174,0.71184,1.37,1.00
2015.07.14 08:13:36.085,0.71173,0.71183,1.37,1.00
2015.07.14 08:13:36.599,0.71173,0.71183,1.37,1.00
2015.07.14 08:13:37.105,0.71173,0.71184,1.37,1.12
2015.07.14 08:13:37.614,0.71173,0.71184,1.37,1.12
2015.07.14 08:13:41.096,0.71173,0.71183,1.37,1.00
2015.07.14 08:13:42.169,0.71173,0.71184,1.37,1.12
2015.07.14 08:13:43.172,0.71172,0.71183,1.37,1.00
2015.07.14 08:13:43.326,0.71172,0.71182,1.12,1.00
2015.07.14 08:13:43.836,0.71173,0.71183,1.00,1.12
2015.07.14 08:13:43.887,0.71173,0.71184,1.37,1.37
2015.07.14 08:13:44.886,0.71172,0.71185,3.75,1.12
2015.07.14 08:13:45.191,0.71173,0.71183,1.50,1.00
2015.07.14 08:13:46.269,0.71172,0.71184,4.50,1.00
2015.07.14 08:13:46.894,0.71173,0.71183,2.25,1.00
2015.07.14 08:13:47.915,0.71173,0.71183,1.50,1.00
2015.07.14 08:13:48.703,0.71173,0.71184,1.50,1.12
2015.07.14 08:13:49.302,0.71172,0.71183,2.25,1.00
2015.07.14 08:13:50.002,0.71173,0.71184,1.50,1.12
2015.07.14 08:13:50.206,0.71173,0.71187,3.75,3.07
2015.07.14 08:13:50.806,0.71176,0.71187,1.00,1.37
2015.07.14 08:13:51.313,0.71176,0.71187,1.87,1.00
2015.07.14 08:13:52.212,0.71176,0.71187,2.62,1.00
2015.07.14 08:13:52.504,0.71176,0.71184,2.62,1.00
2015.07.14 08:13:52.606,0.71176,0.71184,1.12,1.00
2015.07.14 08:13:53.582,0.71173,0.71185,3.00,1.00
2015.07.14 08:13:54.111,0.71173,0.71186,3.00,1.12
2015.07.14 08:13:54.619,0.71173,0.71185,3.00,1.00
2015.07.14 08:13:55.128,0.71175,0.71186,1.37,1.12
2015.07.14 08:13:56.636,0.71175,0.71186,2.62,1.12
2015.07.14 08:13:59.647,0.71176,0.71187,1.12,1.87
2015.07.14 08:13:59.698,0.71178,0.71187,1.00,1.87
2015.07.14 08:13:59.850,0.71179,0.71188,1.00,1.87
2015.07.14 08:14:00.367,0.71179,0.71191,1.37,1.85
2015.07.14 08:14:00.945,0.7118,0.71192,1.37,2.25
2015.07.14 08:14:01.953,0.71181,0.71192,1.37,1.50
2015.07.14 08:14:08.026,0.71183,0.71192,1.00,1.50
2015.07.14 08:14:08.533,0.71182,0.71192,1.12,1.12
2015.07.14 08:14:09.677,0.71181,0.71192,2.62,1.37
2015.07.14 08:14:10.640,0.71181,0.71192,2.62,1.12
2015.07.14 08:14:14.302,0.71181,0.7119,2.62,1.00
2015.07.14 08:14:14.607,0.71181,0.7119,1.50,1.37
2015.07.14 08:14:15.261,0.7118,0.7119,1.12,1.37
2015.07.14 08:14:16.365,0.71178,0.71188,2.25,1.12
2015.07.14 08:14:16.867,0.71178,0.71187,1.00,1.12
2015.07.14 08:14:17.171,0.7118,0.71188,1.00,2.62
2015.07.14 08:14:17.425,0.71178,0.71188,1.00,3.37
2015.07.14 08:14:17.977,0.71178,0.71188,1.00,3.37
2015.07.14 08:14:18.690,0.71178,0.71187,1.50,1.12
2015.07.14 08:14:23.868,0.71178,0.71185,1.00,1.00
2015.07.14 08:14:24.172,0.71177,0.71183,1.00,1.12
2015.07.14 08:14:24.693,0.71178,0.71184,1.00,1.37
2015.07.14 08:14:25.156,0.71178,0.71185,1.00,1.12
2015.07.14 08:14:25.665,0.71177,0.71186,1.00,2.62
2015.07.14 08:14:26.674,0.71178,0.71186,1.00,1.87
2015.07.14 08:14:26.776,0.71178,0.71182,1.00,1.00
2015.07.14 08:14:27.283,0.71178,0.71184,1.00,1.87
2015.07.14 08:14:27.808,0.71178,0.71184,1.00,1.12
2015.07.14 08:14:29.877,0.71178,0.71183,1.00,1.00
2015.07.14 08:14:31.491,0.71178,0.71182,1.00,1.00
2015.07.14 08:14:33.029,0.71177,0.71181,1.00,1.00
2015.07.14 08:14:33.554,0.71178,0.71183,1.00,3.37
2015.07.14 08:14:34.082,0.71176,0.7118,1.00,1.00
2015.07.14 08:14:35.235,0.71177,0.71181,1.00,2.25
2015.07.14 08:14:35.775,0.71177,0.71182,1.00,2.62
2015.07.14 08:14:36.289,0.71176,0.7118,1.00,1.00
2015.07.14 08:14:39.225,0.71177,0.71181,1.00,2.25
2015.07.14 08:14:39.530,0.71169,0.71178,2.62,2.25
2015.07.14 08:14:40.519,0.71169,0.71178,1.37,2.25
2015.07.14 08:14:41.486,0.7117,0.71178,1.12,2.25
2015.07.14 08:14:42.267,0.7117,0.71179,1.12,1.00
2015.07.14 08:14:42.470,0.71172,0.71179,1.00,1.00
2015.07.14 08:14:42.978,0.71171,0.71179,1.12,1.00
2015.07.14 08:14:43.475,0.71171,0.71181,1.12,1.87
2015.07.14 08:14:43.526,0.71171,0.71181,1.37,1.50
2015.07.14 08:14:43.833,0.71171,0.71179,1.37,1.00
2015.07.14 08:14:44.289,0.71169,0.71179,1.37,1.00
2015.07.14 08:14:44.870,0.71168,0.71178,2.25,1.12
2015.07.14 08:14:45.379,0.71171,0.71178,1.00,1.00
2015.07.14 08:14:45.431,0.71171,0.71181,1.00,1.12
2015.07.14 08:14:46.639,0.71171,0.71181,1.37,1.00
2015.07.14 08:14:50.602,0.7117,0.7118,2.62,1.00
2015.07.14 08:14:51.635,0.7117,0.7118,1.87,1.00
2015.07.14 08:14:52.244,0.71171,0.71181,1.37,1.00
2015.07.14 08:14:52.849,0.71174,0.71184,1.00,2.62
2015.07.14 08:14:53.154,0.71176,0.71184,1.00,1.00
2015.07.14 08:14:54.052,0.71177,0.71184,1.00,1.00
2015.07.14 08:14:55.017,0.71177,0.71186,1.12,2.25
2015.07.14 08:14:55.221,0.71179,0.71186,1.00,2.25
2015.07.14 08:14:56.236,0.7118,0.71186,1.00,2.25
2015.07.14 08:14:56.339,0.71181,0.7119,1.12,1.87
2015.07.14 08:14:56.441,0.71182,0.71192,1.37,2.32
2015.07.14 08:14:57.452,0.71182,0.71193,1.37,1.87
2015.07.14 08:15:01.441,0.71183,0.71194,1.37,2.25
2015.07.14 08:15:01.951,0.71183,0.71193,1.87,1.50
2015.07.14 08:15:03.001,0.71187,0.71193,1.00,1.00
2015.07.14 08:15:03.154,0.71187,0.71197,1.00,2.02
2015.07.14 08:15:03.357,0.71187,0.71198,1.87,1.87
2015.07.14 08:15:03.880,0.71187,0.71196,1.50,1.00
2015.07.14 08:15:04.086,0.71185,0.71196,1.00,1.12
2015.07.14 08:15:04.899,0.71186,0.71196,1.00,1.12
2015.07.14 08:15:06.085,0.71187,0.71196,1.37,1.12
2015.07.14 08:15:08.090,0.71186,0.71196,1.12,1.87
2015.07.14 08:15:11.748,0.7119,0.71197,1.00,1.87
2015.07.14 08:15:11.901,0.71191,0.71198,1.00,1.00
2015.07.14 08:15:12.154,0.7119,0.712,1.37,1.12
2015.07.14 08:15:12.849,0.71189,0.71199,1.50,1.00
2015.07.14 08:15:12.900,0.71189,0.71199,1.50,1.37
2015.07.14 08:15:13.358,0.71189,0.712,1.50,1.87
2015.07.14 08:15:13.988,0.7119,0.712,1.00,1.87
2015.07.14 08:15:15.373,0.71189,0.71197,1.00,1.00
2015.07.14 08:15:15.881,0.71188,0.71196,1.12,1.00
2015.07.14 08:15:16.512,0.71188,0.71196,1.37,1.00
2015.07.14 08:15:16.563,0.71188,0.71198,1.37,1.00
2015.07.14 08:15:17.509,0.71188,0.71198,1.12,1.12
2015.07.14 08:15:17.713,0.71188,0.71196,1.12,1.00
2015.07.14 08:15:18.253,0.71187,0.71196,1.87,1.00
2015.07.14 08:15:18.673,0.71189,0.71198,1.00,1.37
2015.07.14 08:15:19.206,0.71188,0.71197,1.00,1.12
2015.07.14 08:15:20.017,0.71187,0.71198,1.87,1.37
2015.07.14 08:15:20.321,0.71189,0.71197,1.00,1.12
2015.07.14 08:15:20.423,0.71187,0.71196,1.87,1.00
2015.07.14 08:15:20.931,0.71187,0.71197,1.87,1.12
2015.07.14 08:15:21.255,0.7119,0.71199,1.00,1.87
2015.07.14 08:15:21.567,0.71193,0.71201,1.00,2.25
2015.07.14 08:15:21.974,0.71194,0.71205,1.50,1.37
2015.07.14 08:15:22.128,0.71196,0.71206,1.12,1.50
2015.07.14 08:15:22.415,0.71197,0.71206,1.12,1.50
2015.07.14 08:15:24.076,0.71198,0.71206,1.00,1.00
2015.07.14 08:15:25.176,0.71195,0.71203,2.62,1.00
2015.07.14 08:15:25.227,0.71195,0.71203,2.62,1.00
2015.07.14 08:15:25.584,0.71194,0.71201,1.12,1.00
2015.07.14 08:15:27.194,0.71193,0.71203,1.12,1.37
2015.07.14 08:15:27.944,0.71193,0.71203,1.87,1.87
2015.07.14 08:15:28.856,0.71193,0.71203,1.12,1.37
2015.07.14 08:15:30.673,0.71192,0.71202,1.12,1.87
2015.07.14 08:15:31.079,0.71194,0.71202,1.00,1.37
2015.07.14 08:15:31.283,0.71193,0.71205,1.37,3.75
2015.07.14 08:15:31.791,0.71195,0.71203,1.00,1.12
2015.07.14 08:15:33.603,0.71198,0.71206,1.00,3.00
2015.07.14 08:15:33.847,0.71198,0.71206,1.12,1.00
2015.07.14 08:15:33.898,0.71198,0.71208,1.12,1.87
2015.07.14 08:15:35.888,0.71197,0.71208,1.37,1.87
2015.07.14 08:15:37.138,0.71199,0.71209,1.00,1.50
2015.07.14 08:15:37.868,0.71199,0.7121,1.00,2.70
2015.07.14 08:15:38.620,0.712,0.7121,1.00,2.62
2015.07.14 08:15:39.690,0.712,0.71211,1.37,3.00
2015.07.14 08:15:40.655,0.71202,0.71211,1.00,1.00
2015.07.14 08:15:41.699,0.71202,0.71213,1.37,2.25
2015.07.14 08:15:44.691,0.71202,0.71211,1.00,1.12
2015.07.14 08:15:45.720,0.71202,0.71212,1.12,1.12
2015.07.14 08:15:48.687,0.71202,0.71212,1.00,1.37
2015.07.14 08:15:50.352,0.71201,0.71212,1.87,1.37
2015.07.14 08:15:50.403,0.71203,0.71211,1.00,1.12
2015.07.14 08:15:50.930,0.71202,0.7121,1.00,1.00
2015.07.14 08:15:51.286,0.71199,0.71208,1.50,1.00
2015.07.14 08:15:51.693,0.71198,0.71208,2.62,1.12
2015.07.14 08:15:52.200,0.71198,0.71207,1.12,1.00
2015.07.14 08:15:52.746,0.71197,0.71208,3.37,1.12
2015.07.14 08:15:53.559,0.71198,0.71207,1.12,1.00
2015.07.14 08:15:54.066,0.71198,0.71208,1.12,1.12
2015.07.14 08:15:54.653,0.71199,0.71209,1.00,1.87
2015.07.14 08:15:54.934,0.71201,0.7121,1.00,1.50
2015.07.14 08:15:55.442,0.712,0.7121,1.12,1.37
2015.07.14 08:15:56.109,0.712,0.7121,1.87,1.00
2015.07.14 08:15:58.450,0.71201,0.71211,1.12,1.50
2015.07.14 08:15:59.110,0.71201,0.71212,1.37,2.62
2015.07.14 08:15:59.711,0.71199,0.71208,1.50,1.00
2015.07.14 08:16:00.221,0.71198,0.71209,1.37,2.25
2015.07.14 08:16:00.730,0.71199,0.71209,1.12,1.50
2015.07.14 08:16:02.610,0.712,0.71211,1.00,3.82
2015.07.14 08:16:03.218,0.71201,0.71209,1.00,1.37
2015.07.14 08:16:03.719,0.71199,0.71207,1.37,1.00
2015.07.14 08:16:04.741,0.71199,0.71207,1.00,1.00
2015.07.14 08:16:07.465,0.71198,0.71207,1.12,1.00
2015.07.14 08:16:09.038,0.71196,0.71205,4.50,1.00
2015.07.14 08:16:09.342,0.71197,0.71208,1.37,2.25
2015.07.14 08:16:10.783,0.71197,0.71206,1.87,1.00
2015.07.14 08:16:11.340,0.71198,0.71206,4.12,1.00
2015.07.14 08:16:11.619,0.712,0.71208,1.37,1.50
2015.07.14 08:16:11.823,0.71202,0.71207,1.37,1.00
2015.07.14 08:16:11.875,0.71202,0.71209,1.37,1.12
2015.07.14 08:16:12.384,0.71202,0.71212,1.37,1.87
2015.07.14 08:16:12.922,0.71203,0.71213,1.00,2.62
2015.07.14 08:16:13.532,0.71203,0.71213,1.00,1.87
2015.07.14 08:16:14.183,0.71203,0.7121,1.00,1.00
2015.07.14 08:16:14.996,0.71203,0.71208,1.00,1.00
2015.07.14 08:16:15.521,0.71203,0.71212,1.00,2.62
2015.07.14 08:16:15.776,0.71202,0.71214,3.00,1.12
2015.07.14 08:16:16.783,0.71203,0.71216,2.25,1.87
2015.07.14 08:16:17.290,0.71204,0.71214,1.37,1.00
2015.07.14 08:16:17.835,0.71204,0.71214,1.37,1.00
2015.07.14 08:16:18.373,0.71205,0.71213,1.37,1.00
2015.07.14 08:16:19.737,0.71204,0.71212,1.75,1.00
2015.07.14 08:16:19.839,0.71202,0.71211,3.75,1.00
2015.07.14 08:16:20.786,0.71203,0.71213,1.50,1.00
2015.07.14 08:16:20.990,0.71203,0.71213,1.50,1.12
2015.07.14 08:16:21.356,0.71203,0.71209,1.00,1.00
2015.07.14 08:16:21.459,0.71202,0.71211,1.37,1.12
2015.07.14 08:16:21.970,0.712,0.71212,3.00,1.37
2015.07.14 08:16:23.449,0.71201,0.71212,1.12,1.87
2015.07.14 08:16:29.211,0.71203,0.71212,1.00,1.37
2015.07.14 08:16:29.714,0.71203,0.71214,1.12,2.25
2015.07.14 08:16:30.323,0.71204,0.71214,1.00,2.25
2015.07.14 08:16:30.629,0.71206,0.71217,1.00,3.75
2015.07.14 08:16:31.131,0.71205,0.71216,3.00,1.37
2015.07.14 08:16:31.640,0.71207,0.71217,1.87,1.37
2015.07.14 08:16:31.944,0.7121,0.71219,1.00,1.50
2015.07.14 08:16:32.147,0.7121,0.7122,1.87,1.12
2015.07.14 08:16:32.658,0.71209,0.71219,1.37,1.00
2015.07.14 08:16:33.269,0.71213,0.71222,1.00,1.87
2015.07.14 08:16:33.695,0.71215,0.71225,1.00,2.25
2015.07.14 08:16:34.304,0.71215,0.71225,1.00,1.87
2015.07.14 08:16:34.762,0.71219,0.71227,1.00,3.37
2015.07.14 08:16:35.011,0.71218,0.71227,1.00,1.12
2015.07.14 08:16:35.521,0.71217,0.71229,1.12,2.25
2015.07.14 08:16:36.067,0.71218,0.71229,1.00,4.35
2015.07.14 08:16:36.170,0.7122,0.71229,1.00,3.00
2015.07.14 08:16:36.376,0.71218,0.71229,1.50,1.50
2015.07.14 08:16:36.834,0.7122,0.71229,1.00,1.12
2015.07.14 08:16:36.885,0.71222,0.7123,1.00,1.50
2015.07.14 08:16:37.385,0.7122,0.71232,1.00,2.62
2015.07.14 08:16:37.589,0.71219,0.71228,1.12,1.00
2015.07.14 08:16:38.097,0.71217,0.71229,1.37,1.87
2015.07.14 08:16:38.802,0.71217,0.71227,1.12,1.37
2015.07.14 08:16:39.115,0.71216,0.71224,1.87,1.00
2015.07.14 08:16:39.753,0.71215,0.71223,1.37,1.00
2015.07.14 08:16:39.806,0.71213,0.71224,1.87,1.37
2015.07.14 08:16:40.625,0.71215,0.71224,1.00,1.37
2015.07.14 08:16:41.127,0.7121,0.7122,4.20,1.00
2015.07.14 08:16:41.432,0.7121,0.71222,1.12,1.37
2015.07.14 08:16:42.432,0.71209,0.71221,1.87,1.37
2015.07.14 08:16:43.333,0.71209,0.71219,2.62,1.00
2015.07.14 08:16:43.850,0.71209,0.7122,1.87,1.12
2015.07.14 08:16:44.365,0.71209,0.7122,1.87,1.87
2015.07.14 08:16:45.005,0.71209,0.7122,1.37,1.87
2015.07.14 08:16:45.924,0.71209,0.71219,1.12,1.50
2015.07.14 08:16:47.337,0.7121,0.71217,1.00,1.00
2015.07.14 08:16:47.844,0.71208,0.71218,1.37,1.50
2015.07.14 08:16:48.249,0.71207,0.71215,3.00,1.00
2015.07.14 08:16:48.475,0.71205,0.71214,1.47,1.00
2015.07.14 08:16:49.188,0.71204,0.71215,1.50,1.00
2015.07.14 08:16:49.494,0.71204,0.71213,1.50,1.00
2015.07.14 08:16:49.878,0.71206,0.71216,1.12,3.75
2015.07.14 08:16:49.930,0.71206,0.71216,1.00,3.75
2015.07.14 08:16:50.337,0.71205,0.71217,2.25,1.87
2015.07.14 08:16:52.344,0.71208,0.71217,1.12,1.87
2015.07.14 08:16:52.699,0.71204,0.71214,3.75,1.00
2015.07.14 08:16:52.801,0.71208,0.71216,1.12,1.50
2015.07.14 08:16:53.308,0.71207,0.71215,1.00,1.00
2015.07.14 08:16:53.565,0.71206,0.71217,1.37,3.00
2015.07.14 08:16:54.529,0.71207,0.71217,1.50,1.50
2015.07.14 08:16:55.048,0.71207,0.71218,2.25,1.87
2015.07.14 08:16:55.556,0.71206,0.71218,3.75,1.50
2015.07.14 08:16:56.353,0.71207,0.71217,1.50,1.00
2015.07.14 08:16:56.885,0.71206,0.71217,3.00,1.00
2015.07.14 08:16:57.392,0.71207,0.71218,1.50,1.87
2015.07.14 08:16:58.361,0.71207,0.71216,2.25,1.00
2015.07.14 08:16:58.666,0.71207,0.71213,1.00,1.00
2015.07.14 08:16:58.767,0.71205,0.71213,1.12,1.00
2015.07.14 08:16:59.764,0.71205,0.71213,1.37,1.00
2015.07.14 08:17:00.414,0.71205,0.71212,1.37,1.00
2015.07.14 08:17:03.411,0.71203,0.71213,1.50,1.00
2015.07.14 08:17:05.769,0.71203,0.71214,2.25,1.50
2015.07.14 08:17:08.236,0.71203,0.71213,1.50,1.00
2015.07.14 08:17:09.850,0.71203,0.71212,1.50,1.00
2015.07.14 08:17:10.340,0.71203,0.71214,1.50,1.00
2015.07.14 08:17:11.756,0.71202,0.71213,3.37,1.00
2015.07.14 08:17:11.858,0.71203,0.71211,1.50,1.00
2015.07.14 08:17:12.075,0.71202,0.71211,1.12,1.00
2015.07.14 08:17:12.230,0.71205,0.71214,1.00,3.00
2015.07.14 08:17:12.588,0.71204,0.71215,1.37,1.87
2015.07.14 08:17:13.096,0.71205,0.71217,1.87,1.50
2015.07.14 08:17:14.576,0.71206,0.71214,1.37,1.00
2015.07.14 08:17:15.111,0.71206,0.71217,1.50,3.00
2015.07.14 08:17:15.416,0.71207,0.71216,1.37,1.12
2015.07.14 08:17:15.924,0.71207,0.71215,1.37,1.00
2015.07.14 08:17:16.317,0.71205,0.71215,2.62,1.12
2015.07.14 08:17:17.232,0.71207,0.71216,1.00,1.37
2015.07.14 08:17:17.782,0.71207,0.71216,1.50,1.12
2015.07.14 08:17:17.985,0.71208,0.71218,1.12,1.12
2015.07.14 08:17:18.594,0.71208,0.71217,1.12,1.00
2015.07.14 08:17:20.397,0.71209,0.71216,1.00,1.00
2015.07.14 08:17:20.663,0.71208,0.71218,1.12,1.00
2015.07.14 08:17:21.202,0.71207,0.71217,2.62,1.00
2015.07.14 08:17:21.713,0.7121,0.71219,1.00,2.25
2015.07.14 08:17:22.262,0.71208,0.71218,2.62,1.00
2015.07.14 08:17:22.568,0.71206,0.71215,1.37,1.00
2015.07.14 08:17:23.096,0.71205,0.71215,1.87,1.00
2015.07.14 08:17:25.409,0.71205,0.71214,1.37,1.00
2015.07.14 08:17:25.716,0.71203,0.7121,1.37,1.00
2015.07.14 08:17:25.818,0.71203,0.7121,1.12,1.00
2015.07.14 08:17:25.920,0.71203,0.71212,1.12,1.00
2015.07.14 08:17:26.900,0.71202,0.71211,1.87,1.00
2015.07.14 08:17:27.516,0.71201,0.7121,1.37,1.00
2015.07.14 08:17:28.022,0.71201,0.7121,1.37,1.00
2015.07.14 08:17:28.823,0.71202,0.7121,1.37,1.00
2015.07.14 08:17:29.859,0.71202,0.7121,1.12,1.00
2015.07.14 08:17:30.317,0.712,0.71208,3.00,1.00
2015.07.14 08:17:30.824,0.71199,0.71208,1.37,1.00
2015.07.14 08:17:31.330,0.712,0.71209,1.12,1.00
2015.07.14 08:17:32.924,0.71198,0.71208,3.75,1.00
2015.07.14 08:17:34.419,0.71199,0.71209,1.37,1.87
2015.07.14 08:17:34.927,0.71199,0.71209,1.37,1.87
2015.07.14 08:17:37.749,0.71198,0.71207,3.00,1.00
2015.07.14 08:17:38.417,0.712,0.71209,1.37,1.00
2015.07.14 08:17:38.943,0.712,0.71209,1.37,1.00
2015.07.14 08:17:39.467,0.71201,0.7121,1.37,1.00
2015.07.14 08:17:40.695,0.71201,0.7121,1.37,1.00
2015.07.14 08:17:41.203,0.71203,0.71211,1.12,1.00
2015.07.14 08:17:41.710,0.71203,0.71212,1.12,1.00
2015.07.14 08:17:42.229,0.71203,0.71213,1.12,3.00
2015.07.14 08:17:45.365,0.71202,0.71212,2.62,1.00
2015.07.14 08:17:45.874,0.71202,0.71212,1.87,1.87
2015.07.14 08:17:47.363,0.71202,0.71214,2.62,2.25
2015.07.14 08:17:47.618,0.71205,0.71214,1.12,1.00
2015.07.14 08:17:48.168,0.71205,0.71213,1.12,1.00
2015.07.14 08:17:48.676,0.71203,0.71213,1.37,2.25
2015.07.14 08:17:48.727,0.712,0.71211,3.37,1.00
2015.07.14 08:17:48.778,0.712,0.71211,2.62,1.00
2015.07.14 08:17:49.286,0.71203,0.71212,1.00,1.87
2015.07.14 08:17:49.799,0.71201,0.71213,1.37,2.25
2015.07.14 08:17:50.205,0.71201,0.71209,1.37,1.00
2015.07.14 08:17:50.409,0.71201,0.71209,1.37,1.00
2015.07.14 08:17:50.714,0.71201,0.71211,1.37,1.87
2015.07.14 08:17:51.371,0.71201,0.71211,1.12,1.87
2015.07.14 08:17:51.422,0.71203,0.71211,1.00,1.12
2015.07.14 08:17:51.575,0.71203,0.71213,1.12,3.75
2015.07.14 08:17:52.084,0.71202,0.71212,1.37,1.00
2015.07.14 08:17:52.589,0.71202,0.71212,1.12,1.12
2015.07.14 08:17:53.663,0.71207,0.71211,1.00,1.00
2015.07.14 08:17:53.855,0.7121,0.71215,1.00,1.50
2015.07.14 08:17:53.957,0.7121,0.71215,1.72,1.00
2015.07.14 08:17:54.059,0.7121,0.71218,1.37,3.60
2015.07.14 08:17:54.110,0.71209,0.71216,1.50,1.12
2015.07.14 08:17:54.212,0.71204,0.71216,1.87,4.72
2015.07.14 08:17:54.314,0.71207,0.71215,1.12,1.12
2015.07.14 08:17:54.619,0.71207,0.71216,1.37,1.00
2015.07.14 08:17:55.126,0.7121,0.71217,1.00,1.00
2015.07.14 08:17:55.449,0.71216,0.71223,1.00,1.87
2015.07.14 08:17:55.602,0.71215,0.71223,1.12,1.00
2015.07.14 08:17:55.756,0.71217,0.71226,1.00,1.12
2015.07.14 08:17:55.807,0.71217,0.71229,1.37,6.60
2015.07.14 08:17:55.910,0.71218,0.71229,1.00,1.12
2015.07.14 08:17:56.455,0.71218,0.7123,1.50,2.62
2015.07.14 08:17:56.861,0.71221,0.71229,1.00,1.00
2015.07.14 08:17:57.768,0.71222,0.71229,1.00,1.12
2015.07.14 08:17:58.276,0.71221,0.71231,1.00,1.87
2015.07.14 08:17:58.783,0.7122,0.7123,1.12,1.72
2015.07.14 08:17:59.632,0.7122,0.7123,1.00,1.37
2015.07.14 08:18:00.191,0.71219,0.7123,1.12,1.87
2015.07.14 08:18:00.711,0.7122,0.7123,1.00,1.37
2015.07.14 08:18:01.388,0.71219,0.7123,1.12,1.87
2015.07.14 08:18:01.923,0.71219,0.71229,1.00,2.25
2015.07.14 08:18:02.228,0.71221,0.7123,1.00,2.32
2015.07.14 08:18:02.482,0.71222,0.7123,1.00,1.00
2015.07.14 08:18:03.058,0.7122,0.7123,1.87,1.12
2015.07.14 08:18:03.212,0.71218,0.71229,1.00,1.30
2015.07.14 08:18:04.189,0.7122,0.71229,1.00,1.00
2015.07.14 08:18:04.696,0.7122,0.7123,1.00,3.00
2015.07.14 08:18:05.204,0.71219,0.71229,1.12,1.00
2015.07.14 08:18:05.715,0.71218,0.71228,1.37,1.00
2015.07.14 08:18:06.832,0.71219,0.71229,1.37,1.50
2015.07.14 08:18:07.388,0.71221,0.71229,1.00,1.50
2015.07.14 08:18:07.895,0.7122,0.71229,1.12,2.25
2015.07.14 08:18:09.018,0.71221,0.71229,2.10,1.50
2015.07.14 08:18:09.170,0.71223,0.7123,1.50,1.12
2015.07.14 08:18:09.678,0.71222,0.7123,1.12,1.00
2015.07.14 08:18:10.348,0.71219,0.7123,1.37,1.12
2015.07.14 08:18:10.654,0.71221,0.71231,1.37,1.12
2015.07.14 08:18:10.756,0.71223,0.71233,1.12,1.00
2015.07.14 08:18:10.859,0.71225,0.71233,1.00,1.00
2015.07.14 08:18:10.961,0.71223,0.71235,3.00,1.50
2015.07.14 08:18:11.912,0.71223,0.71233,3.00,1.00
2015.07.14 08:18:12.117,0.71222,0.71232,2.62,1.12
2015.07.14 08:18:12.321,0.71222,0.7123,1.00,1.00
2015.07.14 08:18:12.855,0.71221,0.71231,1.00,1.50
2015.07.14 08:18:14.268,0.7122,0.71232,1.87,1.37
2015.07.14 08:18:15.273,0.71222,0.71232,1.37,1.37
2015.07.14 08:18:15.853,0.71223,0.71233,1.12,1.50
2015.07.14 08:18:19.102,0.71222,0.71231,1.37,1.00
2015.07.14 08:18:19.612,0.71222,0.71231,1.87,1.00
2015.07.14 08:18:20.120,0.71221,0.71231,1.37,1.12
2015.07.14 08:18:21.403,0.71222,0.71232,1.37,1.00
2015.07.14 08:18:21.947,0.71222,0.71232,1.37,1.00
2015.07.14 08:18:22.606,0.71223,0.71233,1.37,1.50
2015.07.14 08:18:24.234,0.71222,0.71232,1.37,1.00
2015.07.14 08:18:24.842,0.71222,0.71232,1.37,1.00
2015.07.14 08:18:26.814,0.71222,0.71231,1.37,1.00
2015.07.14 08:18:28.136,0.71221,0.7123,1.37,1.00
2015.07.14 08:18:28.237,0.71221,0.71232,1.37,1.00
2015.07.14 08:18:28.789,0.71221,0.71231,1.37,1.00
2015.07.14 08:18:29.298,0.71221,0.71231,1.37,1.00
2015.07.14 08:18:30.019,0.71221,0.7123,1.37,1.00
2015.07.14 08:18:30.408,0.71218,0.7123,3.00,1.50
2015.07.14 08:18:30.460,0.71219,0.71228,1.00,1.00
2015.07.14 08:18:30.663,0.71216,0.71227,2.25,1.50
2015.07.14 08:18:30.766,0.71216,0.71225,1.87,1.50
2015.07.14 08:18:31.071,0.71214,0.71221,1.00,1.12
2015.07.14 08:18:31.581,0.71213,0.71221,1.00,1.12
2015.07.14 08:18:32.339,0.71212,0.71221,1.50,1.12
2015.07.14 08:18:33.861,0.71211,0.71221,1.50,1.12
2015.07.14 08:18:34.165,0.71213,0.7122,1.50,1.00
2015.07.14 08:18:34.672,0.71213,0.71221,1.00,1.00
2015.07.14 08:18:35.182,0.71213,0.71222,1.00,1.12
2015.07.14 08:18:35.841,0.71212,0.71222,1.12,1.12
2015.07.14 08:18:36.297,0.71211,0.71221,2.25,1.37
2015.07.14 08:18:36.809,0.71213,0.7122,1.00,1.12
2015.07.14 08:18:37.317,0.71211,0.71221,1.50,1.37
2015.07.14 08:18:37.876,0.71211,0.71221,1.12,1.12
2015.07.14 08:18:38.210,0.71209,0.71219,1.37,1.00
2015.07.14 08:18:38.719,0.71207,0.71218,2.25,1.00
2015.07.14 08:18:38.922,0.71206,0.71219,2.62,3.00
2015.07.14 08:18:39.074,0.71207,0.71218,1.50,1.87
2015.07.14 08:18:42.114,0.71206,0.71217,2.62,2.62
2015.07.14 08:18:48.867,0.71207,0.71215,1.12,1.00
2015.07.14 08:18:49.174,0.71207,0.71213,1.12,1.00
2015.07.14 08:18:49.276,0.71204,0.71212,1.50,1.00
2015.07.14 08:18:49.628,0.71202,0.71213,1.50,2.62
2015.07.14 08:18:50.289,0.71203,0.71213,1.00,1.87
2015.07.14 08:18:52.299,0.71203,0.71213,1.37,1.87
2015.07.14 08:18:53.738,0.71203,0.71213,1.12,2.62
2015.07.14 08:18:56.612,0.71203,0.71214,1.37,4.12
2015.07.14 08:18:57.730,0.71205,0.71214,1.00,4.12
2015.07.14 08:18:58.238,0.71204,0.71214,1.12,2.62
2015.07.14 08:18:58.521,0.71206,0.71214,1.00,1.87
2015.07.14 08:18:58.877,0.71204,0.71214,1.12,2.62
2015.07.14 08:18:59.638,0.71204,0.71214,1.87,3.37
2015.07.14 08:19:00.189,0.71207,0.71214,1.00,3.37
2015.07.14 08:19:00.292,0.71205,0.71214,1.87,2.62
2015.07.14 08:19:00.495,0.71202,0.71211,1.95,1.00
2015.07.14 08:19:00.548,0.71202,0.71211,1.37,1.00
2015.07.14 08:19:00.650,0.71201,0.71213,1.87,2.62
2015.07.14 08:19:01.115,0.712,0.71208,1.37,1.00
2015.07.14 08:19:01.168,0.71199,0.71208,1.12,1.00
2015.07.14 08:19:02.144,0.712,0.71208,1.00,1.87
2015.07.14 08:19:03.099,0.71198,0.71208,1.87,1.87
2015.07.14 08:19:03.607,0.71198,0.71208,1.12,1.87
2015.07.14 08:19:08.637,0.71197,0.71207,1.37,1.50
2015.07.14 08:19:09.163,0.71197,0.71208,1.87,2.47
2015.07.14 08:19:09.925,0.71202,0.71209,1.00,1.72
2015.07.14 08:19:10.027,0.71199,0.71209,1.87,1.12
2015.07.14 08:19:10.572,0.71198,0.71208,2.25,1.00
2015.07.14 08:19:11.131,0.71198,0.71208,1.50,1.00
2015.07.14 08:19:11.732,0.71198,0.71209,1.50,1.12
2015.07.14 08:19:12.242,0.71198,0.71209,1.50,1.12
2015.07.14 08:19:13.109,0.71198,0.71209,1.50,1.12
2015.07.14 08:19:13.837,0.71197,0.71206,2.85,1.00
2015.07.14 08:19:14.346,0.71196,0.71206,1.75,1.00
2015.07.14 08:19:14.879,0.71196,0.71205,1.50,1.00
2015.07.14 08:19:15.386,0.71194,0.71205,1.12,1.00
2015.07.14 08:19:15.960,0.71195,0.71205,1.12,1.37
2015.07.14 08:19:16.874,0.71196,0.71205,1.00,1.87
2015.07.14 08:19:17.129,0.71191,0.71202,2.32,2.47
2015.07.14 08:19:17.327,0.71192,0.71201,1.00,1.37
2015.07.14 08:19:17.531,0.71191,0.71202,1.00,2.62
2015.07.14 08:19:18.091,0.71192,0.71203,1.00,3.75
2015.07.14 08:19:18.971,0.7119,0.71201,1.87,1.50
2015.07.14 08:19:19.632,0.71191,0.71201,1.00,1.00
2015.07.14 08:19:20.274,0.71191,0.71199,1.00,1.00
2015.07.14 08:19:20.782,0.71189,0.71199,2.25,1.00
2015.07.14 08:19:21.538,0.71189,0.71199,1.50,1.37
2015.07.14 08:19:22.754,0.71187,0.71197,2.25,1.00
2015.07.14 08:19:23.262,0.71186,0.71199,2.62,3.00
2015.07.14 08:19:23.863,0.71186,0.71199,1.87,3.00
2015.07.14 08:19:24.375,0.71187,0.71197,1.37,1.00
2015.07.14 08:19:24.426,0.71187,0.71197,1.12,1.12
2015.07.14 08:19:24.933,0.71187,0.71196,1.12,1.00
2015.07.14 08:19:25.674,0.71188,0.71196,1.00,1.00
2015.07.14 08:19:27.798,0.71188,0.71197,1.12,1.12
2015.07.14 08:19:28.306,0.71187,0.71196,1.37,1.00
2015.07.14 08:19:28.808,0.71187,0.71197,1.12,1.12
2015.07.14 08:19:30.209,0.71186,0.71196,1.37,1.00
2015.07.14 08:19:30.717,0.71186,0.71196,1.37,1.87
2015.07.14 08:19:31.387,0.71186,0.71196,1.12,1.87
2015.07.14 08:19:32.936,0.71186,0.71195,1.12,1.00
2015.07.14 08:19:32.987,0.71184,0.71193,1.75,1.00
2015.07.14 08:19:33.394,0.71184,0.71194,1.00,1.72
2015.07.14 08:19:33.801,0.71182,0.71192,1.12,1.37
2015.07.14 08:19:33.903,0.71182,0.71193,1.37,1.12
2015.07.14 08:19:34.287,0.71181,0.71191,1.50,1.00
2015.07.14 08:19:34.796,0.71179,0.71188,1.50,1.00
2015.07.14 08:19:35.421,0.71179,0.71187,1.50,1.00
2015.07.14 08:19:36.081,0.71177,0.71187,1.50,1.12
2015.07.14 08:19:36.893,0.71182,0.71192,1.00,2.40
2015.07.14 08:19:37.046,0.71182,0.71192,1.00,1.20
2015.07.14 08:19:37.402,0.71181,0.7119,1.00,1.00
2015.07.14 08:19:37.504,0.71181,0.71192,1.00,1.87
2015.07.14 08:19:37.555,0.7118,0.7119,1.87,1.00
2015.07.14 08:19:37.708,0.7118,0.71192,1.87,1.00
2015.07.14 08:19:38.345,0.7118,0.7119,2.62,1.00
2015.07.14 08:19:38.600,0.7118,0.71192,1.87,2.25
2015.07.14 08:19:38.805,0.71181,0.71192,1.37,2.25
2015.07.14 08:19:39.522,0.71181,0.71189,1.87,1.00
2015.07.14 08:19:39.624,0.71181,0.71191,1.87,1.12
2015.07.14 08:19:40.967,0.71182,0.71192,1.87,1.12
2015.07.14 08:19:42.650,0.71185,0.71193,1.00,1.37
2015.07.14 08:19:43.157,0.71184,0.71192,1.12,1.12
2015.07.14 08:19:43.512,0.71184,0.71194,1.37,1.12
2015.07.14 08:19:45.596,0.71183,0.71194,2.25,1.37
2015.07.14 08:19:47.540,0.71183,0.71193,1.00,1.12
2015.07.14 08:19:48.618,0.71183,0.71193,1.50,1.37
2015.07.14 08:19:49.615,0.71183,0.71193,2.25,1.12
2015.07.14 08:19:50.226,0.71183,0.7119,1.50,1.00
2015.07.14 08:19:50.736,0.71182,0.71191,1.12,1.00
2015.07.14 08:19:51.259,0.7118,0.7119,2.25,1.00
2015.07.14 08:19:51.767,0.71182,0.71189,1.12,1.00
2015.07.14 08:19:52.278,0.71182,0.7119,1.12,1.00
2015.07.14 08:19:52.798,0.71182,0.71191,1.12,1.00
2015.07.14 08:19:53.052,0.71183,0.71193,1.12,1.12
2015.07.14 08:19:53.561,0.71183,0.71192,1.12,1.00
2015.07.14 08:19:54.065,0.71183,0.71192,1.37,1.00
2015.07.14 08:19:55.292,0.71183,0.71194,1.37,1.50
2015.07.14 08:19:55.896,0.71182,0.71192,1.87,1.00
2015.07.14 08:19:56.446,0.71182,0.71192,1.37,1.00
2015.07.14 08:19:57.069,0.71183,0.71193,1.37,1.00
2015.07.14 08:19:57.579,0.71185,0.71194,1.12,1.00
2015.07.14 08:19:58.087,0.71183,0.71191,1.87,1.00
2015.07.14 08:19:58.189,0.71183,0.71193,1.37,1.00
2015.07.14 08:19:58.291,0.71183,0.71191,1.37,1.00
2015.07.14 08:19:58.799,0.71183,0.71192,1.37,1.00
2015.07.14 08:19:59.361,0.71183,0.71193,1.37,1.00
2015.07.14 08:20:00.175,0.71183,0.71193,1.37,1.00
2015.07.14 08:20:01.167,0.71183,0.71193,1.87,1.12
2015.07.14 08:20:01.473,0.71185,0.71195,1.87,1.12
2015.07.14 08:20:01.885,0.71184,0.71193,1.37,1.00
2015.07.14 08:20:02.475,0.71183,0.71193,1.87,1.00
2015.07.14 08:20:03.439,0.71183,0.71193,1.87,1.00
2015.07.14 08:20:03.963,0.71184,0.71194,1.00,1.12
2015.07.14 08:20:04.419,0.71186,0.71194,1.00,1.12
2015.07.14 08:20:04.723,0.71183,0.71193,1.87,1.00
2015.07.14 08:20:05.479,0.71183,0.71193,1.50,1.12
2015.07.14 08:20:05.986,0.71184,0.71193,1.00,1.12
2015.07.14 08:20:06.498,0.71183,0.71193,1.50,1.37
2015.07.14 08:20:08.303,0.71184,0.71191,1.00,1.00
2015.07.14 08:20:09.342,0.71183,0.71193,1.50,1.37
2015.07.14 08:20:10.347,0.71184,0.71191,1.00,1.00
2015.07.14 08:20:10.854,0.71183,0.7119,1.00,1.00
2015.07.14 08:20:11.402,0.71182,0.7119,1.00,1.00
2015.07.14 08:20:12.430,0.71182,0.71191,1.12,1.12
2015.07.14 08:20:13.860,0.71182,0.7119,1.00,1.00
2015.07.14 08:20:14.394,0.71182,0.71191,1.00,1.12
2015.07.14 08:20:14.751,0.71185,0.71194,1.00,3.75
2015.07.14 08:20:15.005,0.71187,0.71196,1.00,1.37
2015.07.14 08:20:15.158,0.71189,0.71197,1.00,1.37
2015.07.14 08:20:15.209,0.71189,0.71201,1.37,2.25
2015.07.14 08:20:15.311,0.7119,0.71201,1.37,1.50
2015.07.14 08:20:15.816,0.7119,0.712,1.00,3.97
2015.07.14 08:20:15.918,0.71189,0.712,1.37,3.37
2015.07.14 08:20:16.427,0.71187,0.712,2.25,3.37
2015.07.14 08:20:16.930,0.71187,0.71198,1.12,1.87
2015.07.14 08:20:17.437,0.71188,0.71198,1.00,1.37
2015.07.14 08:20:17.843,0.71186,0.71195,2.62,1.00
2015.07.14 08:20:18.011,0.71185,0.71195,1.00,1.37
2015.07.14 08:20:18.521,0.71183,0.71194,2.62,1.87
2015.07.14 08:20:20.938,0.71184,0.71194,1.12,1.87
2015.07.14 08:20:23.886,0.71183,0.71192,1.50,1.00
2015.07.14 08:20:24.191,0.71187,0.71195,1.00,1.37
2015.07.14 08:20:24.698,0.71187,0.71194,1.00,1.12
2015.07.14 08:20:25.288,0.71185,0.71195,1.50,1.12
2015.07.14 08:20:25.998,0.71189,0.71196,1.00,1.50
2015.07.14 08:20:26.101,0.71187,0.71197,1.00,1.12
2015.07.14 08:20:26.316,0.71189,0.71198,1.00,1.37
2015.07.14 08:20:26.375,0.71188,0.71198,1.50,1.37
2015.07.14 08:20:26.889,0.71189,0.71198,1.00,1.37
2015.07.14 08:20:27.498,0.7119,0.71198,1.00,1.37
2015.07.14 08:20:28.529,0.71192,0.712,1.00,2.25
2015.07.14 08:20:28.884,0.7119,0.71199,1.00,1.30
2015.07.14 08:20:29.426,0.71189,0.71199,1.50,1.87
2015.07.14 08:20:29.731,0.71192,0.712,1.00,1.37
2015.07.14 08:20:29.936,0.71189,0.71198,1.87,1.00
2015.07.14 08:20:30.231,0.71189,0.712,1.87,2.62
2015.07.14 08:20:30.693,0.71191,0.712,1.00,2.62
2015.07.14 08:20:31.202,0.7119,0.712,1.87,1.12
2015.07.14 08:20:31.844,0.7119,0.712,1.00,1.37
2015.07.14 08:20:32.352,0.71189,0.712,1.00,1.37
2015.07.14 08:20:32.813,0.71194,0.712,1.00,1.37
2015.07.14 08:20:32.864,0.71194,0.71201,1.00,1.50
2015.07.14 08:20:33.017,0.71194,0.71203,1.12,1.00
2015.07.14 08:20:33.068,0.71194,0.71203,1.00,1.87
2015.07.14 08:20:33.221,0.71192,0.71202,2.25,2.10
2015.07.14 08:20:33.374,0.71195,0.71202,1.00,1.00
2015.07.14 08:20:33.577,0.71195,0.71205,1.50,1.87
2015.07.14 08:20:34.377,0.71196,0.71204,1.00,1.00
2015.07.14 08:20:36.534,0.71194,0.71204,1.87,1.12
2015.07.14 08:20:37.390,0.71194,0.71203,1.00,1.00
2015.07.14 08:20:37.901,0.71194,0.71202,1.00,1.00
2015.07.14 08:20:37.952,0.71194,0.712,1.00,1.00
2015.07.14 08:20:38.258,0.71187,0.71194,2.25,1.00
2015.07.14 08:20:38.406,0.71187,0.71197,2.25,1.00
2015.07.14 08:20:38.916,0.71187,0.71197,1.12,1.12
2015.07.14 08:20:39.423,0.71188,0.71198,1.00,1.50
2015.07.14 08:20:39.827,0.71189,0.71199,1.00,1.50
2015.07.14 08:20:40.336,0.71189,0.71199,1.37,1.12
2015.07.14 08:20:41.905,0.71189,0.71199,1.12,1.00
2015.07.14 08:20:43.144,0.71189,0.71198,1.12,1.00
2015.07.14 08:20:43.803,0.71189,0.71199,1.12,1.00
2015.07.14 08:20:45.157,0.71188,0.71198,1.50,1.00
2015.07.14 08:20:45.868,0.71188,0.71197,1.00,1.00
2015.07.14 08:20:46.369,0.71186,0.71196,2.62,1.00
2015.07.14 08:20:46.725,0.71186,0.71195,1.12,1.00
2015.07.14 08:20:48.165,0.71185,0.71196,1.87,1.00
2015.07.14 08:20:49.495,0.71185,0.71195,1.37,1.00
2015.07.14 08:20:50.370,0.71187,0.71196,1.00,1.00
2015.07.14 08:20:50.871,0.71188,0.71196,1.12,1.00
2015.07.14 08:20:51.416,0.71187,0.71197,1.37,1.12
2015.07.14 08:20:51.976,0.71187,0.71196,1.37,1.00
2015.07.14 08:20:52.280,0.7119,0.71197,1.00,1.00
2015.07.14 08:20:52.787,0.71187,0.71198,3.75,1.00
2015.07.14 08:20:53.505,0.71188,0.71198,1.00,1.00
2015.07.14 08:20:55.297,0.71188,0.71199,1.00,1.12
2015.07.14 08:20:55.601,0.7119,0.71199,1.00,1.12
2015.07.14 08:20:55.905,0.71189,0.71197,1.00,1.00
2015.07.14 08:20:56.249,0.71188,0.71195,1.00,1.00
2015.07.14 08:20:56.300,0.71188,0.71198,1.00,1.50
2015.07.14 08:20:56.706,0.71189,0.712,1.00,1.87
2015.07.14 08:20:57.216,0.71189,0.71202,1.50,3.37
2015.07.14 08:20:57.523,0.71189,0.71199,1.50,1.00
2015.07.14 08:20:57.828,0.71191,0.712,1.00,1.12
2015.07.14 08:20:58.134,0.71193,0.712,1.00,1.00
2015.07.14 08:20:58.236,0.71191,0.71201,1.00,1.12
2015.07.14 08:20:58.615,0.71189,0.71199,2.25,1.00
2015.07.14 08:20:59.011,0.71189,0.71197,1.00,1.00
2015.07.14 08:20:59.519,0.71188,0.71196,1.12,1.00
2015.07.14 08:21:00.336,0.71188,0.71198,1.12,1.87
2015.07.14 08:21:00.447,0.71191,0.71198,1.00,1.87
2015.07.14 08:21:00.753,0.7119,0.712,1.87,1.50
2015.07.14 08:21:01.066,0.71192,0.712,1.00,1.00
2015.07.14 08:21:01.840,0.71192,0.71202,1.00,2.25
2015.07.14 08:21:02.348,0.71192,0.71201,1.12,1.12
2015.07.14 08:21:06.052,0.71192,0.712,1.00,1.00
2015.07.14 08:21:08.008,0.71192,0.71199,1.12,1.00
2015.07.14 08:21:08.512,0.71191,0.712,1.87,1.00
2015.07.14 08:21:09.062,0.71191,0.712,1.87,1.00
2015.07.14 08:21:09.610,0.71191,0.71199,1.12,1.00
2015.07.14 08:21:10.122,0.7119,0.71199,1.12,1.00
2015.07.14 08:21:10.631,0.7119,0.71199,2.25,1.00
2015.07.14 08:21:11.024,0.71191,0.71201,1.12,1.00
2015.07.14 08:21:12.224,0.71191,0.712,1.12,1.00
2015.07.14 08:21:14.430,0.71189,0.71197,3.37,1.00
2015.07.14 08:21:14.938,0.71187,0.71196,2.62,1.00
2015.07.14 08:21:15.446,0.71189,0.71198,1.37,1.12
2015.07.14 08:21:15.679,0.71188,0.71198,1.12,1.00
2015.07.14 08:21:16.394,0.7119,0.71198,1.00,1.00
2015.07.14 08:21:16.901,0.7119,0.71198,1.37,1.00
2015.07.14 08:21:17.582,0.7119,0.71198,1.00,1.00
2015.07.14 08:21:22.390,0.7119,0.71198,1.00,1.37
2015.07.14 08:21:22.897,0.71193,0.71199,1.00,1.12
2015.07.14 08:21:23.101,0.71193,0.71202,1.00,1.37
2015.07.14 08:21:23.643,0.71193,0.71203,1.00,3.00
2015.07.14 08:21:24.607,0.71191,0.71202,2.62,1.12
2015.07.14 08:21:25.128,0.71191,0.71201,1.87,1.00
2015.07.14 08:21:25.635,0.71191,0.71201,1.12,1.87
2015.07.14 08:21:26.166,0.71191,0.712,1.12,1.00
2015.07.14 08:21:28.241,0.71192,0.71199,1.00,1.00
2015.07.14 08:21:29.382,0.71191,0.71201,1.37,1.37
2015.07.14 08:21:30.371,0.71191,0.71201,1.37,1.00
2015.07.14 08:21:32.787,0.71191,0.712,1.37,1.00
2015.07.14 08:21:32.991,0.71192,0.71202,1.12,1.87
2015.07.14 08:21:33.093,0.71194,0.71203,1.00,1.37
2015.07.14 08:21:33.603,0.71194,0.71204,1.00,1.37
2015.07.14 08:21:34.149,0.71193,0.71202,1.12,1.00
2015.07.14 08:21:34.912,0.71192,0.71203,1.37,1.12
2015.07.14 08:21:35.243,0.71191,0.71201,4.50,1.50
2015.07.14 08:21:35.751,0.71192,0.71201,1.12,1.50
2015.07.14 08:21:36.659,0.71192,0.712,1.12,1.00
2015.07.14 08:21:37.067,0.71189,0.71199,1.87,1.00
2015.07.14 08:21:37.662,0.71189,0.71198,1.37,1.00
2015.07.14 08:21:38.170,0.71189,0.71197,1.12,1.00
2015.07.14 08:21:38.831,0.7119,0.71197,1.00,1.00
2015.07.14 08:21:39.541,0.7119,0.71198,1.00,1.00
2015.07.14 08:21:40.454,0.7119,0.71194,1.00,1.00
2015.07.14 08:21:40.612,0.71187,0.71194,1.50,1.37
2015.07.14 08:21:40.715,0.71182,0.71194,3.00,2.62
2015.07.14 08:21:41.630,0.71181,0.71193,1.50,1.37
2015.07.14 08:21:41.682,0.71181,0.7119,1.50,1.00
2015.07.14 08:21:43.657,0.7118,0.71188,3.00,1.00
2015.07.14 08:21:43.912,0.7118,0.71187,1.12,1.00
2015.07.14 08:21:45.289,0.7118,0.71188,1.00,1.00
2015.07.14 08:21:46.720,0.7118,0.71189,1.12,1.00
2015.07.14 08:21:49.193,0.71181,0.7119,1.00,1.87
2015.07.14 08:21:49.706,0.71179,0.71188,3.75,1.00
2015.07.14 08:21:49.808,0.71178,0.71187,1.87,1.00
2015.07.14 08:21:49.960,0.71178,0.71188,1.12,2.25
2015.07.14 08:21:50.917,0.71176,0.71188,2.62,2.62
2015.07.14 08:21:54.357,0.71179,0.7119,1.37,1.87
2015.07.14 08:21:54.561,0.71183,0.7119,1.00,1.12
2015.07.14 08:21:55.065,0.71183,0.71191,1.00,1.00
2015.07.14 08:21:55.573,0.71183,0.71192,1.00,1.87
2015.07.14 08:21:56.029,0.71186,0.71193,1.00,1.37
2015.07.14 08:21:56.633,0.71186,0.71193,1.00,1.00
2015.07.14 08:21:58.248,0.71184,0.71193,1.12,1.00
2015.07.14 08:21:58.424,0.71184,0.71193,1.37,1.00
2015.07.14 08:21:58.679,0.71189,0.71198,1.12,1.87
2015.07.14 08:21:59.438,0.71189,0.712,1.12,1.50
2015.07.14 08:21:59.989,0.71188,0.71198,1.37,1.50
2015.07.14 08:22:00.502,0.71187,0.71197,1.37,1.00
2015.07.14 08:22:02.602,0.71187,0.71198,1.37,1.87
2015.07.14 08:22:03.359,0.71187,0.71198,1.37,1.87
2015.07.14 08:22:03.512,0.71191,0.71199,1.00,1.37
2015.07.14 08:22:03.563,0.71191,0.71199,1.00,1.00
2015.07.14 08:22:03.766,0.71191,0.71203,1.87,3.00
2015.07.14 08:22:04.727,0.71192,0.71202,1.00,1.12
2015.07.14 08:22:05.733,0.71191,0.71201,1.87,1.00
2015.07.14 08:22:05.836,0.71192,0.71199,1.00,1.00
2015.07.14 08:22:06.850,0.71191,0.71199,1.00,1.12
2015.07.14 08:22:07.367,0.71189,0.71198,2.25,1.00
2015.07.14 08:22:07.876,0.71189,0.71198,1.50,1.00
2015.07.14 08:22:08.614,0.71189,0.71199,1.50,1.87
2015.07.14 08:22:11.685,0.71189,0.712,1.87,1.87
2015.07.14 08:22:12.032,0.71194,0.71204,1.00,1.50
2015.07.14 08:22:12.540,0.71193,0.71204,1.37,1.50
2015.07.14 08:22:12.844,0.71193,0.71202,1.37,1.00
2015.07.14 08:22:13.352,0.71193,0.71203,1.12,1.50
2015.07.14 08:22:14.055,0.71194,0.71202,1.00,1.00
2015.07.14 08:22:14.972,0.71193,0.71203,1.87,1.00
2015.07.14 08:22:15.548,0.71195,0.71204,1.00,1.12
2015.07.14 08:22:15.854,0.71198,0.71206,1.00,1.00
2015.07.14 08:22:16.110,0.71195,0.71205,1.50,1.50
2015.07.14 08:22:16.621,0.71194,0.71205,1.50,1.00
2015.07.14 08:22:17.129,0.71196,0.71205,1.00,1.12
2015.07.14 08:22:17.495,0.71194,0.71201,1.50,1.00
2015.07.14 08:22:17.597,0.71194,0.71204,1.50,1.50
2015.07.14 08:22:18.121,0.71194,0.71204,1.00,1.37
2015.07.14 08:22:19.222,0.71193,0.71201,1.12,1.00
2015.07.14 08:22:19.528,0.71191,0.71199,1.00,1.00
2015.07.14 08:22:22.415,0.71192,0.71199,1.00,1.00
2015.07.14 08:22:23.835,0.71191,0.71199,1.00,1.00
2015.07.14 08:22:24.446,0.71191,0.71199,1.00,1.50
2015.07.14 08:22:24.752,0.71187,0.71196,1.50,1.00
2015.07.14 08:22:24.890,0.71187,0.71196,1.12,1.37
2015.07.14 08:22:24.942,0.71184,0.71195,1.37,1.87
2015.07.14 08:22:25.653,0.71185,0.71193,1.12,1.00
2015.07.14 08:22:27.182,0.71185,0.71195,1.00,3.37
2015.07.14 08:22:27.688,0.71184,0.71194,1.87,1.12
2015.07.14 08:22:30.978,0.71184,0.71192,1.00,1.00
2015.07.14 08:22:31.131,0.71179,0.71188,1.50,1.00
2015.07.14 08:22:32.097,0.7118,0.71188,1.00,1.00
2015.07.14 08:22:32.453,0.7118,0.7119,1.50,1.00
2015.07.14 08:22:32.504,0.71182,0.71192,1.00,1.37
2015.07.14 08:22:33.030,0.71181,0.71192,3.00,1.37
2015.07.14 08:22:34.046,0.71181,0.71192,3.00,1.37
2015.07.14 08:22:35.872,0.71183,0.71192,1.00,1.37
2015.07.14 08:22:36.180,0.71185,0.71193,1.00,1.37
2015.07.14 08:22:36.687,0.71185,0.71193,1.00,1.37
2015.07.14 08:22:37.197,0.71184,0.71192,1.00,1.12
2015.07.14 08:22:39.619,0.71183,0.71193,1.00,1.50
2015.07.14 08:22:41.155,0.71183,0.71194,1.37,1.37
2015.07.14 08:22:43.171,0.71184,0.71194,1.12,1.87
2015.07.14 08:22:43.694,0.71185,0.71194,1.00,1.87
2015.07.14 08:22:48.137,0.71184,0.71194,1.12,1.87
2015.07.14 08:22:49.150,0.71184,0.71194,1.37,1.87
2015.07.14 08:22:51.152,0.71184,0.71194,1.12,1.87
2015.07.14 08:22:51.675,0.71184,0.71194,1.12,1.50
2015.07.14 08:22:52.264,0.71185,0.71193,1.00,1.00
2015.07.14 08:22:55.029,0.71186,0.71193,1.00,1.12
2015.07.14 08:22:55.570,0.71185,0.71194,1.00,1.12
2015.07.14 08:22:56.091,0.71184,0.71194,1.50,1.12
2015.07.14 08:22:56.193,0.71184,0.71195,1.50,1.37
2015.07.14 08:22:56.397,0.71185,0.71196,1.12,2.25
2015.07.14 08:22:56.870,0.71186,0.71198,3.00,2.62
2015.07.14 08:22:57.380,0.71188,0.71199,1.00,1.87
2015.07.14 08:22:57.898,0.71186,0.71199,3.75,1.87
2015.07.14 08:22:58.000,0.71186,0.71199,3.75,1.87
2015.07.14 08:22:58.051,0.7119,0.71198,1.00,1.37
2015.07.14 08:22:58.564,0.71189,0.71199,1.00,1.87
2015.07.14 08:22:59.840,0.7119,0.71199,1.00,3.37
2015.07.14 08:23:00.220,0.71188,0.71199,1.12,3.37
2015.07.14 08:23:00.322,0.71186,0.71196,2.25,1.00
2015.07.14 08:23:00.474,0.71186,0.71196,3.00,1.87
2015.07.14 08:23:00.576,0.71187,0.71196,1.00,1.87
2015.07.14 08:23:00.870,0.71187,0.71196,1.50,1.12
2015.07.14 08:23:01.380,0.71186,0.71196,1.50,1.37
2015.07.14 08:23:01.432,0.71189,0.71196,1.00,1.37
2015.07.14 08:23:01.940,0.71189,0.71199,1.00,1.87
2015.07.14 08:23:03.927,0.71189,0.71198,1.00,1.37
2015.07.14 08:23:06.448,0.71189,0.71196,1.00,1.00
2015.07.14 08:23:06.957,0.71188,0.71197,1.12,1.12
2015.07.14 08:23:07.471,0.71188,0.71197,1.12,1.37
2015.07.14 08:23:09.564,0.71189,0.71198,1.00,1.87
2015.07.14 08:23:10.071,0.71189,0.71198,1.00,1.87
2015.07.14 08:23:11.963,0.71187,0.71197,1.87,1.12
2015.07.14 08:23:12.483,0.71187,0.71197,1.12,1.87
2015.07.14 08:23:13.864,0.71186,0.71193,1.87,1.00
2015.07.14 08:23:14.371,0.71186,0.71195,1.00,1.37
2015.07.14 08:23:15.709,0.71187,0.71197,1.00,2.62
2015.07.14 08:23:16.589,0.71191,0.71198,1.00,1.87
2015.07.14 08:23:16.721,0.71188,0.71198,1.00,1.87
2015.07.14 08:23:17.078,0.7119,0.71199,1.00,3.00
2015.07.14 08:23:17.587,0.71189,0.71198,1.00,1.37
2015.07.14 08:23:20.648,0.71189,0.71198,1.00,1.12
2015.07.14 08:23:23.309,0.7119,0.71199,1.00,2.62
2015.07.14 08:23:24.214,0.71189,0.712,1.00,1.37
2015.07.14 08:23:24.531,0.71192,0.71201,1.00,1.50
2015.07.14 08:23:25.344,0.71192,0.71201,1.00,1.00
2015.07.14 08:23:26.790,0.71193,0.71202,1.00,1.37
2015.07.14 08:23:27.094,0.71196,0.71205,1.00,1.50
2015.07.14 08:23:27.145,0.71196,0.71206,1.12,1.37
2015.07.14 08:23:27.197,0.71198,0.71208,1.00,2.70
2015.07.14 08:23:27.722,0.71199,0.71209,1.00,1.37
2015.07.14 08:23:27.824,0.71199,0.71209,1.00,1.12
2015.07.14 08:23:28.332,0.712,0.71209,1.00,1.12
2015.07.14 08:23:31.247,0.71198,0.71206,1.87,1.00
2015.07.14 08:23:31.755,0.71198,0.71208,1.00,1.37
2015.07.14 08:23:32.303,0.71198,0.71208,1.00,1.12
2015.07.14 08:23:32.833,0.71198,0.71207,1.00,1.00
2015.07.14 08:23:33.349,0.71197,0.71206,2.62,1.00
2015.07.14 08:23:34.129,0.71197,0.71205,1.87,1.00
2015.07.14 08:23:34.839,0.71197,0.71206,1.50,1.12
2015.07.14 08:23:35.342,0.71197,0.71206,2.62,1.12
2015.07.14 08:23:36.255,0.71197,0.71206,2.25,1.12
2015.07.14 08:23:36.800,0.71198,0.71207,1.00,1.37
2015.07.14 08:23:37.308,0.71198,0.71207,1.00,1.12
2015.07.14 08:23:40.292,0.71198,0.71207,1.00,1.37
2015.07.14 08:23:42.325,0.71199,0.71207,1.00,1.37
2015.07.14 08:23:43.289,0.71199,0.71208,1.00,1.12
2015.07.14 08:23:45.060,0.712,0.71208,1.00,1.12
2015.07.14 08:23:45.569,0.71201,0.71212,1.87,1.37
2015.07.14 08:23:45.772,0.71203,0.71216,3.37,3.15
2015.07.14 08:23:45.823,0.71203,0.71216,7.50,2.70
2015.07.14 08:23:45.976,0.71204,0.71216,1.12,1.12
2015.07.14 08:23:46.991,0.71205,0.71216,1.50,1.37
2015.07.14 08:23:48.011,0.71207,0.71216,1.00,1.12
2015.07.14 08:23:48.812,0.71206,0.71214,1.87,1.00
2015.07.14 08:23:49.319,0.71206,0.71213,1.50,1.00
2015.07.14 08:23:49.827,0.71206,0.71212,1.00,1.12
2015.07.14 08:23:50.487,0.71203,0.71212,3.00,1.12
2015.07.14 08:23:55.626,0.71203,0.71212,1.37,1.87
2015.07.14 08:23:56.583,0.71203,0.7121,1.37,1.00
2015.07.14 08:23:57.395,0.71202,0.71209,6.00,1.00
2015.07.14 08:23:57.548,0.71202,0.71209,1.00,1.00
2015.07.14 08:23:57.899,0.712,0.71209,1.12,1.50
2015.07.14 08:23:58.429,0.71199,0.7121,1.87,1.87
2015.07.14 08:23:58.939,0.71199,0.7121,1.50,1.87
2015.07.14 08:23:59.310,0.71199,0.7121,1.50,1.87
2015.07.14 08:24:00.033,0.71199,0.7121,1.00,1.37
2015.07.14 08:24:00.337,0.71201,0.7121,1.00,1.87
2015.07.14 08:24:01.141,0.71201,0.71211,1.12,1.50
2015.07.14 08:24:01.446,0.71203,0.7121,1.00,1.12
2015.07.14 08:24:01.955,0.71204,0.71213,1.00,1.37
2015.07.14 08:24:02.006,0.71205,0.71214,1.00,1.87
2015.07.14 08:24:02.509,0.71206,0.71215,1.12,1.37
2015.07.14 08:24:04.130,0.71205,0.71215,1.00,1.87
2015.07.14 08:24:04.637,0.71204,0.71215,1.00,3.97
2015.07.14 08:24:05.115,0.71204,0.71215,1.00,3.97
2015.07.14 08:24:06.110,0.71204,0.71215,1.12,2.47
2015.07.14 08:24:08.337,0.71206,0.71215,1.00,1.37
2015.07.14 08:24:08.682,0.71209,0.71216,1.00,1.37
2015.07.14 08:24:09.666,0.71209,0.71216,1.00,1.00
2015.07.14 08:24:10.207,0.71208,0.71219,1.00,3.00
2015.07.14 08:24:10.513,0.71212,0.71218,1.00,1.50
2015.07.14 08:24:10.615,0.71212,0.7122,1.00,1.87
2015.07.14 08:24:11.124,0.71212,0.71221,1.00,1.37
2015.07.14 08:24:11.668,0.71212,0.71221,1.00,1.12
2015.07.14 08:24:12.226,0.71212,0.7122,1.00,1.00
2015.07.14 08:24:12.766,0.71212,0.71221,1.00,1.12
2015.07.14 08:24:14.377,0.71212,0.71221,1.00,1.87
2015.07.14 08:24:14.885,0.71211,0.7122,1.00,1.12
2015.07.14 08:24:15.413,0.7121,0.71219,1.50,1.12
2015.07.14 08:24:16.094,0.71209,0.71219,1.00,1.12
2015.07.14 08:24:16.145,0.71209,0.71217,1.00,1.00
2015.07.14 08:24:16.653,0.71209,0.71219,1.00,1.37
2015.07.14 08:24:17.161,0.71209,0.71219,1.12,1.37
2015.07.14 08:24:18.188,0.71209,0.71219,1.12,1.12
2015.07.14 08:24:20.083,0.71209,0.71218,1.12,1.00
2015.07.14 08:24:20.279,0.71209,0.71216,1.20,1.00
2015.07.14 08:24:21.058,0.71212,0.71218,1.00,1.00
2015.07.14 08:24:21.378,0.71212,0.7122,1.00,1.50
2015.07.14 08:24:21.429,0.71212,0.7122,1.00,1.12
2015.07.14 08:24:21.531,0.7121,0.71219,1.00,1.00
2015.07.14 08:24:21.787,0.71208,0.71218,1.12,1.12
2015.07.14 08:24:22.401,0.71209,0.71219,1.00,1.87
2015.07.14 08:24:22.900,0.71209,0.7122,1.87,1.12
2015.07.14 08:24:23.526,0.7121,0.71219,1.00,1.00
2015.07.14 08:24:24.066,0.71211,0.7122,1.00,1.12
2015.07.14 08:24:24.117,0.71209,0.71219,1.87,1.00
2015.07.14 08:24:24.219,0.71211,0.7122,1.00,1.12
2015.07.14 08:24:24.423,0.71213,0.71223,1.12,1.00
2015.07.14 08:24:24.779,0.71215,0.71223,1.00,1.12
2015.07.14 08:24:25.390,0.71215,0.71225,1.00,3.75
2015.07.14 08:24:25.441,0.71213,0.71225,1.87,3.75
2015.07.14 08:24:26.406,0.71213,0.71222,1.50,1.00
2015.07.14 08:24:27.400,0.71213,0.71222,1.50,1.12
2015.07.14 08:24:27.908,0.71213,0.71221,1.12,1.50
2015.07.14 08:24:28.176,0.71212,0.71219,1.37,1.00
2015.07.14 08:24:28.685,0.71212,0.71219,1.00,1.00
2015.07.14 08:24:31.759,0.71213,0.7122,1.00,1.00
2015.07.14 08:24:32.269,0.71213,0.71222,1.00,1.37
2015.07.14 08:24:32.570,0.71217,0.71224,1.00,1.12
2015.07.14 08:24:33.078,0.71217,0.71225,1.00,1.12
2015.07.14 08:24:34.167,0.71219,0.71224,1.00,1.00
2015.07.14 08:24:34.270,0.71216,0.71223,1.00,1.12
2015.07.14 08:24:34.779,0.71215,0.71223,1.00,1.12
2015.07.14 08:24:35.288,0.71214,0.71223,1.50,1.12
2015.07.14 08:24:35.933,0.71214,0.71223,1.87,1.12
2015.07.14 08:24:36.928,0.71214,0.71223,1.87,1.12
2015.07.14 08:24:37.555,0.71217,0.71225,1.00,1.87
2015.07.14 08:24:39.292,0.71214,0.71222,1.12,1.00
2015.07.14 08:24:39.343,0.71214,0.71222,1.00,1.37
2015.07.14 08:24:39.597,0.71212,0.7122,1.00,1.37
2015.07.14 08:24:41.904,0.71211,0.71221,1.00,1.37
2015.07.14 08:24:44.830,0.7121,0.7122,1.12,1.37
2015.07.14 08:24:46.636,0.7121,0.71221,1.12,1.87
2015.07.14 08:24:49.088,0.71211,0.71221,1.00,1.37
2015.07.14 08:24:49.636,0.71212,0.7122,1.12,1.12
2015.07.14 08:24:51.054,0.7121,0.71218,1.00,1.12
2015.07.14 08:24:51.359,0.71207,0.71217,1.50,1.37
2015.07.14 08:24:52.126,0.71208,0.71219,1.87,1.50
2015.07.14 08:24:53.042,0.71209,0.71218,1.12,1.00
2015.07.14 08:24:53.561,0.71209,0.71219,1.12,3.37
2015.07.14 08:24:54.121,0.71209,0.71219,1.12,3.37
2015.07.14 08:24:54.967,0.71209,0.71218,1.87,1.87
2015.07.14 08:24:55.121,0.71212,0.71219,1.00,2.62
2015.07.14 08:24:55.656,0.71211,0.7122,1.00,1.37
2015.07.14 08:24:56.173,0.7121,0.7122,1.50,1.87
2015.07.14 08:24:56.580,0.7121,0.71218,1.00,1.00
2015.07.14 08:24:56.878,0.7121,0.7122,1.00,3.37
2015.07.14 08:24:57.133,0.71211,0.7122,1.50,1.87
2015.07.14 08:25:00.191,0.71211,0.71221,2.62,1.87
2015.07.14 08:25:00.511,0.71211,0.71218,1.87,1.00
2015.07.14 08:25:00.664,0.71209,0.71219,2.25,1.12
2015.07.14 08:25:01.480,0.71209,0.7122,1.50,2.62
2015.07.14 08:25:02.494,0.71209,0.7122,2.25,1.87
2015.07.14 08:25:03.205,0.7121,0.71219,1.00,1.87
2015.07.14 08:25:04.324,0.7121,0.71218,1.12,1.00
2015.07.14 08:25:04.827,0.71209,0.71218,1.50,1.00
2015.07.14 08:25:05.638,0.71209,0.71219,2.25,1.87
2015.07.14 08:25:06.331,0.71209,0.71218,1.50,1.00
2015.07.14 08:25:06.841,0.71209,0.71217,1.12,1.00
2015.07.14 08:25:07.391,0.71209,0.71219,1.00,1.37
2015.07.14 08:25:07.900,0.7121,0.71221,1.87,3.37
2015.07.14 08:25:08.408,0.71208,0.71218,2.25,1.00
2015.07.14 08:25:08.959,0.7121,0.7122,1.00,3.00
2015.07.14 08:25:09.112,0.7121,0.7122,1.12,1.50
2015.07.14 08:25:09.368,0.7121,0.71218,1.87,1.00
2015.07.14 08:25:09.823,0.7121,0.7122,1.87,1.12
2015.07.14 08:25:10.331,0.71211,0.7122,1.00,1.12
2015.07.14 08:25:10.586,0.71211,0.71218,1.00,1.00
2015.07.14 08:25:10.789,0.71209,0.71218,2.25,1.00
2015.07.14 08:25:11.396,0.7121,0.7122,1.00,2.62
2015.07.14 08:25:11.903,0.71209,0.71219,3.00,1.00
2015.07.14 08:25:12.438,0.7121,0.71219,1.00,1.00
2015.07.14 08:25:14.439,0.71211,0.71219,1.00,2.47
2015.07.14 08:25:14.948,0.7121,0.71219,1.00,2.10
2015.07.14 08:25:15.581,0.71209,0.71219,2.25,2.85
2015.07.14 08:25:16.903,0.71209,0.71219,1.37,3.22
2015.07.14 08:25:18.124,0.71209,0.71219,1.87,1.12
2015.07.14 08:25:18.264,0.7121,0.71217,1.12,1.00
2015.07.14 08:25:18.366,0.71209,0.71219,1.87,1.12
2015.07.14 08:25:18.878,0.7121,0.71219,1.12,1.87
2015.07.14 08:25:21.027,0.71208,0.71216,3.00,2.10
2015.07.14 08:25:21.411,0.71208,0.71218,3.00,1.12
2015.07.14 08:25:22.900,0.7121,0.71219,1.12,1.00
2015.07.14 08:25:23.408,0.71211,0.71219,1.50,1.00
2015.07.14 08:25:27.919,0.71209,0.71219,3.00,1.12
2015.07.14 08:25:30.217,0.7121,0.71219,1.00,1.12
2015.07.14 08:25:30.926,0.7121,0.7122,1.87,1.12
2015.07.14 08:25:31.640,0.7121,0.71219,1.37,1.00
2015.07.14 08:25:32.879,0.71209,0.71218,1.37,1.00
2015.07.14 08:25:32.931,0.71209,0.71218,1.12,1.00
2015.07.14 08:25:33.439,0.71209,0.71219,1.87,1.12
2015.07.14 08:25:33.745,0.71209,0.71217,1.12,1.00
2015.07.14 08:25:33.979,0.71209,0.71219,1.87,1.12
2015.07.14 08:25:34.081,0.71209,0.71217,1.87,1.00
2015.07.14 08:25:36.500,0.7121,0.71219,1.00,1.12
2015.07.14 08:25:36.897,0.71209,0.71217,1.87,1.00
2015.07.14 08:25:37.405,0.71209,0.71218,1.37,1.00
2015.07.14 08:25:38.165,0.71209,0.71218,1.12,1.00
2015.07.14 08:25:39.817,0.71208,0.71217,3.37,1.00
2015.07.14 08:25:40.226,0.71211,0.71218,1.00,1.00
2015.07.14 08:25:40.737,0.7121,0.71217,1.00,1.00
2015.07.14 08:25:40.890,0.7121,0.71219,1.00,1.87
2015.07.14 08:25:41.520,0.71212,0.71221,1.00,1.50
2015.07.14 08:25:41.571,0.71212,0.71221,1.00,1.50
2015.07.14 08:25:42.092,0.71213,0.71222,1.00,1.12
2015.07.14 08:25:42.806,0.71215,0.71222,1.00,1.12
2015.07.14 08:25:43.313,0.71213,0.71221,1.00,1.00
2015.07.14 08:25:43.517,0.71211,0.71218,1.50,1.00
2015.07.14 08:25:44.043,0.71211,0.71218,1.12,1.00
2015.07.14 08:25:44.658,0.7121,0.71218,1.12,2.47
2015.07.14 08:25:45.309,0.71209,0.71218,1.12,3.22
2015.07.14 08:25:45.854,0.71208,0.71217,1.50,1.12
2015.07.14 08:25:47.218,0.71206,0.71217,1.12,2.62
2015.07.14 08:25:47.524,0.71205,0.71212,1.50,2.10
2015.07.14 08:25:47.676,0.71203,0.71211,1.50,2.10
2015.07.14 08:25:48.193,0.71202,0.71212,2.25,2.47
2015.07.14 08:25:50.069,0.71202,0.71208,2.25,2.10
2015.07.14 08:25:50.272,0.712,0.7121,2.25,2.85
2015.07.14 08:25:50.780,0.712,0.71209,1.00,1.12
2015.07.14 08:25:51.230,0.71201,0.71211,1.12,1.12
2015.07.14 08:25:51.741,0.71202,0.71211,1.00,1.12
2015.07.14 08:25:52.261,0.71203,0.71212,1.00,1.87
2015.07.14 08:25:52.817,0.71201,0.71211,2.62,1.00
2015.07.14 08:25:53.504,0.71203,0.71211,1.00,1.00
2015.07.14 08:25:54.032,0.71202,0.71211,1.00,1.00
2015.07.14 08:25:54.538,0.71203,0.71212,1.00,1.12
2015.07.14 08:25:57.329,0.71202,0.71211,1.87,1.00
2015.07.14 08:25:58.139,0.71203,0.71212,1.00,1.12
2015.07.14 08:25:58.827,0.71203,0.71214,1.50,3.37
2015.07.14 08:25:59.131,0.71204,0.71214,2.62,1.00
2015.07.14 08:25:59.638,0.71206,0.71215,1.00,1.50
2015.07.14 08:26:00.180,0.71205,0.71215,2.25,1.50
2015.07.14 08:26:02.114,0.71205,0.71214,2.62,1.00
2015.07.14 08:26:02.317,0.71206,0.71216,1.00,2.62
2015.07.14 08:26:02.652,0.71206,0.71217,1.50,1.95
2015.07.14 08:26:02.957,0.71207,0.71215,1.00,1.00
2015.07.14 08:26:03.466,0.71206,0.71214,1.00,1.00
2015.07.14 08:26:03.982,0.71207,0.71217,1.00,1.87
2015.07.14 08:26:04.084,0.71207,0.71218,1.00,3.37
2015.07.14 08:26:04.895,0.71207,0.71216,1.00,1.00
2015.07.14 08:26:05.808,0.71206,0.71217,3.00,1.87
2015.07.14 08:26:06.332,0.71206,0.71217,3.00,1.87
2015.07.14 08:26:08.052,0.71206,0.71214,3.00,1.00
2015.07.14 08:26:08.564,0.71206,0.71215,2.25,1.00
2015.07.14 08:26:09.071,0.71206,0.71214,1.50,1.00
2015.07.14 08:26:10.244,0.71204,0.71213,1.37,1.00
2015.07.14 08:26:10.296,0.71204,0.71213,1.12,1.00
2015.07.14 08:26:11.250,0.71204,0.71212,1.12,1.00
2015.07.14 08:26:12.265,0.71203,0.71212,1.12,1.00
2015.07.14 08:26:12.781,0.71203,0.71213,1.87,1.12
2015.07.14 08:26:13.289,0.71202,0.71212,1.37,1.87
2015.07.14 08:26:13.698,0.71204,0.71215,1.37,1.87
2015.07.14 08:26:14.710,0.71205,0.71216,1.87,1.87
2015.07.14 08:26:15.470,0.71209,0.71218,1.00,3.37
2015.07.14 08:26:15.522,0.71209,0.71218,1.00,1.87
2015.07.14 08:26:16.064,0.7121,0.71218,1.00,1.37
2015.07.14 08:26:16.572,0.71208,0.71218,1.87,1.12
2015.07.14 08:26:19.716,0.71208,0.71219,1.37,1.87
2015.07.14 08:26:21.912,0.71208,0.71218,1.87,1.00
2015.07.14 08:26:22.427,0.71209,0.71219,1.37,1.87
2015.07.14 08:26:22.934,0.71211,0.7122,1.00,1.87
2015.07.14 08:26:23.320,0.71214,0.7122,1.00,1.00
2015.07.14 08:26:23.376,0.71214,0.71223,1.00,2.25
2015.07.14 08:26:23.833,0.71215,0.71225,1.00,1.00
2015.07.14 08:26:24.391,0.71216,0.71225,1.00,1.00
2015.07.14 08:26:24.716,0.71219,0.71227,1.00,1.87
2015.07.14 08:26:25.021,0.71221,0.71231,1.00,5.25
2015.07.14 08:26:25.548,0.7122,0.71231,1.00,3.00
2015.07.14 08:26:26.316,0.71222,0.7123,1.00,1.00
2015.07.14 08:26:28.796,0.71221,0.71231,1.00,2.25
2015.07.14 08:26:29.101,0.71223,0.71231,1.00,2.25
2015.07.14 08:26:29.610,0.71222,0.71232,1.00,3.37
2015.07.14 08:26:33.046,0.71222,0.71232,1.12,1.12
2015.07.14 08:26:33.352,0.71227,0.71233,1.00,1.00
2015.07.14 08:26:33.590,0.71227,0.71236,1.00,1.50
2015.07.14 08:26:34.097,0.71227,0.71235,1.00,1.00
2015.07.14 08:26:37.573,0.71226,0.71236,1.00,1.37
2015.07.14 08:26:37.730,0.7123,0.71236,1.00,1.37
2015.07.14 08:26:37.884,0.71229,0.71239,1.12,3.52
2015.07.14 08:26:38.912,0.71228,0.7124,3.22,1.00
2015.07.14 08:26:39.764,0.71231,0.71243,1.00,3.00
2015.07.14 08:26:39.815,0.71231,0.71242,1.00,1.00
2015.07.14 08:26:40.323,0.7123,0.71242,4.12,1.12
2015.07.14 08:26:40.476,0.71232,0.71242,1.00,1.12
2015.07.14 08:26:40.669,0.71233,0.71244,1.50,3.37
2015.07.14 08:26:40.771,0.71237,0.71244,1.00,1.12
2015.07.14 08:26:40.874,0.71236,0.71248,1.12,2.25
2015.07.14 08:26:41.333,0.71237,0.71248,1.87,1.00
2015.07.14 08:26:41.585,0.71238,0.71251,1.50,1.12
2015.07.14 08:26:41.993,0.71241,0.71253,1.00,5.25
2015.07.14 08:26:42.604,0.71242,0.71252,2.25,1.37
2015.07.14 08:26:42.757,0.71244,0.71257,1.50,4.35
2015.07.14 08:26:42.859,0.71249,0.71257,1.00,1.75
2015.07.14 08:26:42.926,0.71249,0.71257,1.00,1.50
2015.07.14 08:26:43.029,0.71249,0.71259,1.00,1.50
2015.07.14 08:26:43.081,0.71251,0.71261,1.00,1.87
2015.07.14 08:26:43.133,0.71251,0.71261,1.50,1.00
2015.07.14 08:26:43.286,0.71254,0.71264,1.00,1.47
2015.07.14 08:26:43.425,0.71254,0.71266,1.50,1.37
2015.07.14 08:26:43.596,0.71256,0.71267,1.00,1.37
2015.07.14 08:26:43.910,0.71264,0.71273,1.87,1.20
2015.07.14 08:26:44.115,0.71268,0.7128,1.12,1.37
2015.07.14 08:26:44.167,0.7127,0.71279,1.00,1.37
2015.07.14 08:26:44.218,0.7127,0.71279,1.00,1.12
2015.07.14 08:26:44.372,0.71273,0.71282,1.00,1.37
2015.07.14 08:26:44.423,0.71273,0.71285,1.00,2.85
2015.07.14 08:26:44.475,0.71276,0.71285,1.00,2.47
2015.07.14 08:26:44.528,0.71276,0.71285,1.00,1.00
2015.07.14 08:26:44.670,0.71276,0.71287,2.25,1.00
2015.07.14 08:26:44.721,0.71281,0.7129,1.00,1.95
2015.07.14 08:26:44.772,0.71281,0.7129,1.00,1.50
2015.07.14 08:26:44.823,0.71284,0.7129,1.00,1.00
2015.07.14 08:26:44.925,0.71284,0.71292,1.00,1.00
2015.07.14 08:26:45.027,0.71286,0.71295,1.00,1.00
2015.07.14 08:26:45.079,0.71288,0.71299,1.00,1.12
2015.07.14 08:26:45.232,0.71292,0.71296,1.00,1.00
2015.07.14 08:26:45.283,0.71293,0.71302,1.00,1.00
2015.07.14 08:26:45.389,0.71296,0.71302,1.00,1.00
2015.07.14 08:26:45.440,0.71296,0.71304,1.00,1.00
2015.07.14 08:26:45.594,0.71304,0.71309,1.00,1.50
2015.07.14 08:26:45.646,0.71304,0.71312,1.00,1.50
2015.07.14 08:26:45.799,0.71307,0.71311,1.00,1.00
2015.07.14 08:26:45.950,0.71307,0.71318,1.00,1.50
2015.07.14 08:26:46.052,0.71311,0.71318,1.00,1.00
2015.07.14 08:26:46.156,0.71311,0.7132,1.00,1.00
2015.07.14 08:26:46.207,0.71316,0.71321,1.00,1.00
2015.07.14 08:26:46.259,0.71317,0.71322,1.00,1.00
2015.07.14 08:26:46.310,0.71317,0.71324,1.00,1.00
2015.07.14 08:26:46.361,0.7132,0.71325,1.00,1.10
2015.07.14 08:26:46.414,0.7132,0.71328,1.00,1.50
2015.07.14 08:26:46.552,0.71323,0.71331,1.00,2.92
2015.07.14 08:26:46.656,0.71321,0.71331,1.00,1.07
2015.07.14 08:26:46.810,0.71318,0.7133,1.00,1.00
2015.07.14 08:26:46.914,0.71316,0.71327,1.07,1.00
2015.07.14 08:26:47.231,0.71323,0.71332,1.00,1.10
2015.07.14 08:26:47.284,0.71323,0.71336,1.00,1.50
2015.07.14 08:26:47.387,0.71323,0.71336,1.35,1.07
2015.07.14 08:26:47.644,0.71325,0.71337,1.00,1.00
2015.07.14 08:26:47.695,0.71323,0.71334,1.57,1.00
2015.07.14 08:26:47.940,0.71319,0.7133,2.25,1.00
2015.07.14 08:26:48.145,0.7132,0.71332,1.35,1.00
2015.07.14 08:26:48.198,0.71324,0.71332,1.00,1.00
2015.07.14 08:26:48.250,0.71324,0.71334,1.00,1.00
2015.07.14 08:26:48.302,0.71324,0.71336,1.00,1.00
2015.07.14 08:26:48.354,0.71324,0.71332,1.00,1.00
2015.07.14 08:26:48.406,0.71321,0.71332,1.17,1.00
2015.07.14 08:26:48.510,0.7132,0.71331,1.00,1.00
2015.07.14 08:26:48.611,0.71318,0.71327,1.00,1.00
2015.07.14 08:26:48.819,0.71313,0.71324,1.50,1.00
2015.07.14 08:26:48.923,0.71313,0.71327,1.00,1.00
2015.07.14 08:26:49.129,0.71314,0.71323,1.70,1.00
2015.07.14 08:26:49.489,0.71315,0.71325,1.00,1.00
2015.07.14 08:26:49.591,0.71314,0.71328,1.00,1.00
2015.07.14 08:26:49.693,0.71313,0.71325,3.60,1.00
2015.07.14 08:26:50.236,0.71312,0.71323,1.12,1.00
2015.07.14 08:26:50.541,0.71311,0.71321,1.37,1.00
2015.07.14 08:26:50.643,0.71308,0.71318,3.67,1.00
2015.07.14 08:26:50.764,0.71307,0.71317,3.60,1.00
2015.07.14 08:26:50.815,0.71306,0.71315,1.47,1.00
2015.07.14 08:26:50.866,0.71306,0.71315,1.47,1.00
2015.07.14 08:26:50.918,0.71304,0.71313,3.45,1.00
2015.07.14 08:26:51.061,0.71305,0.71311,1.10,1.00
2015.07.14 08:26:51.163,0.71299,0.71311,4.20,1.50
2015.07.14 08:26:51.215,0.71297,0.71309,1.37,1.00
2015.07.14 08:26:51.522,0.71291,0.71303,1.45,1.00
2015.07.14 08:26:51.574,0.71291,0.71303,1.12,1.00
2015.07.14 08:26:51.779,0.71288,0.71298,1.87,1.00
2015.07.14 08:26:51.830,0.71288,0.71298,1.12,1.00
2015.07.14 08:26:52.000,0.71288,0.713,2.47,1.00
2015.07.14 08:26:52.360,0.71285,0.713,1.12,1.00
2015.07.14 08:26:52.669,0.71287,0.71299,1.00,1.00
2015.07.14 08:26:52.981,0.7129,0.71304,1.10,3.00
2015.07.14 08:26:53.441,0.71287,0.71303,1.65,1.50
2015.07.14 08:26:54.090,0.71287,0.71301,1.65,1.00
2015.07.14 08:26:54.598,0.71289,0.71301,1.00,1.00
2015.07.14 08:26:54.941,0.71288,0.71299,1.57,1.50
2015.07.14 08:26:55.453,0.71286,0.71299,1.37,1.50
2015.07.14 08:26:56.064,0.71287,0.713,1.10,1.50
2015.07.14 08:26:56.573,0.71288,0.71301,1.00,1.50
2015.07.14 08:26:56.877,0.71286,0.71299,1.20,1.00
2015.07.14 08:26:57.183,0.71284,0.71296,1.37,1.50
2015.07.14 08:26:57.388,0.71285,0.71298,1.37,1.50
2015.07.14 08:26:57.891,0.71286,0.71298,1.37,1.00
2015.07.14 08:26:57.994,0.71284,0.71298,1.47,1.00
2015.07.14 08:26:58.199,0.71283,0.71296,1.45,1.00
2015.07.14 08:26:58.760,0.71285,0.71298,1.37,1.57
2015.07.14 08:26:58.953,0.71285,0.713,1.87,1.00
2015.07.14 08:26:59.466,0.71287,0.71299,1.37,1.50
2015.07.14 08:26:59.670,0.71283,0.71296,2.70,1.00
2015.07.14 08:26:59.863,0.71284,0.71296,1.37,1.00
2015.07.14 08:27:00.372,0.71284,0.71295,1.37,1.00
2015.07.14 08:27:00.576,0.71284,0.71293,1.37,1.00
2015.07.14 08:27:00.970,0.71282,0.71293,1.50,1.00
2015.07.14 08:27:01.480,0.7128,0.71293,1.95,1.00
2015.07.14 08:27:01.785,0.71279,0.71291,1.95,1.00
2015.07.14 08:27:02.129,0.71281,0.71293,1.00,1.50
2015.07.14 08:27:02.639,0.71283,0.71294,1.00,1.00
2015.07.14 08:27:02.935,0.71284,0.71296,1.00,1.87
2015.07.14 08:27:03.189,0.71287,0.71295,1.00,1.00
2015.07.14 08:27:03.393,0.71288,0.71297,1.00,1.50
2015.07.14 08:27:03.546,0.7129,0.71298,2.10,1.00
2015.07.14 08:27:03.597,0.7129,0.71301,2.85,1.00
2015.07.14 08:27:03.866,0.71291,0.71303,1.00,1.87
2015.07.14 08:27:04.327,0.71293,0.71302,2.10,1.00
2015.07.14 08:27:04.684,0.71294,0.71304,2.10,1.00
2015.07.14 08:27:05.234,0.71294,0.71304,2.85,1.00
2015.07.14 08:27:06.244,0.71294,0.71305,2.10,1.00
2015.07.14 08:27:06.552,0.71296,0.71304,2.10,1.00
2015.07.14 08:27:07.060,0.71296,0.71305,2.10,1.00
2015.07.14 08:27:07.624,0.71295,0.71305,2.10,1.50
2015.07.14 08:27:08.134,0.71295,0.71304,2.10,1.00
2015.07.14 08:27:08.687,0.71291,0.71304,3.15,1.37
2015.07.14 08:27:09.194,0.71291,0.71304,3.75,1.87
2015.07.14 08:27:09.703,0.71292,0.71304,1.00,2.62
2015.07.14 08:27:10.247,0.71293,0.71303,1.00,1.12
2015.07.14 08:27:10.451,0.71291,0.71303,1.50,2.62
2015.07.14 08:27:10.959,0.7129,0.71301,1.87,1.00
2015.07.14 08:27:11.503,0.7129,0.71302,1.87,1.50
2015.07.14 08:27:11.811,0.71287,0.71299,1.37,1.00
2015.07.14 08:27:11.913,0.71287,0.71299,1.12,1.00
2015.07.14 08:27:12.167,0.71285,0.71297,1.37,1.00
2015.07.14 08:27:12.219,0.71285,0.71297,1.12,1.00
2015.07.14 08:27:12.766,0.71286,0.71298,1.00,1.12
2015.07.14 08:27:13.174,0.71288,0.71298,1.00,1.12
2015.07.14 08:27:13.327,0.71284,0.71297,3.37,1.00
2015.07.14 08:27:13.930,0.71285,0.71293,1.00,1.00
2015.07.14 08:27:14.389,0.71282,0.71293,1.35,1.00
2015.07.14 08:27:14.936,0.71282,0.71292,1.35,1.00
2015.07.14 08:27:15.394,0.71282,0.7129,2.17,1.00
2015.07.14 08:27:15.824,0.71283,0.71292,2.47,1.00
2015.07.14 08:27:15.926,0.71283,0.71294,3.60,1.00
2015.07.14 08:27:16.181,0.71287,0.71295,1.00,1.12
2015.07.14 08:27:16.689,0.71287,0.71294,1.00,1.00
2015.07.14 08:27:16.992,0.71291,0.71295,1.00,1.00
2015.07.14 08:27:17.094,0.71294,0.713,1.00,1.37
2015.07.14 08:27:17.145,0.71289,0.71296,1.50,1.00
2015.07.14 08:27:17.349,0.71289,0.71299,1.87,1.12
2015.07.14 08:27:17.553,0.7129,0.71299,4.12,1.12
2015.07.14 08:27:18.514,0.71291,0.71302,1.87,1.87
2015.07.14 08:27:19.018,0.71292,0.71303,2.25,1.45
2015.07.14 08:27:19.223,0.71292,0.71302,1.00,1.72
2015.07.14 08:27:19.528,0.71296,0.71302,1.00,1.37
2015.07.14 08:27:19.676,0.71293,0.71302,1.00,1.72
2015.07.14 08:27:19.881,0.71296,0.71302,1.00,1.37
2015.07.14 08:27:19.985,0.71294,0.71303,1.00,1.87
2015.07.14 08:27:20.492,0.71294,0.71303,1.00,1.37
2015.07.14 08:27:20.544,0.71294,0.71304,1.00,2.62
2015.07.14 08:27:21.499,0.71294,0.71305,1.00,3.22
2015.07.14 08:27:21.844,0.71297,0.71305,2.47,1.00
2015.07.14 08:27:22.100,0.71301,0.71308,1.50,1.00
2015.07.14 08:27:22.202,0.71301,0.7131,1.12,1.35
2015.07.14 08:27:22.407,0.71307,0.71313,1.00,1.37
2015.07.14 08:27:22.611,0.71306,0.71314,1.00,1.12
2015.07.14 08:27:23.162,0.71306,0.71315,1.00,1.00
2015.07.14 08:27:23.469,0.71308,0.71315,1.00,1.00
2015.07.14 08:27:23.924,0.71311,0.71317,1.00,1.12
2015.07.14 08:27:24.230,0.7131,0.71319,1.00,1.00
2015.07.14 08:27:24.281,0.7131,0.71322,1.00,1.50
2015.07.14 08:27:24.485,0.71314,0.71323,1.00,1.87
2015.07.14 08:27:24.536,0.71314,0.71323,1.00,1.87
2015.07.14 08:27:25.143,0.71314,0.71326,1.00,1.87
2015.07.14 08:27:25.246,0.71314,0.71322,1.00,1.00
2015.07.14 08:27:25.451,0.71303,0.71315,1.50,1.50
2015.07.14 08:27:25.503,0.71303,0.71309,1.00,1.00
2015.07.14 08:27:25.657,0.71299,0.71309,1.00,1.00
2015.07.14 08:27:25.709,0.71299,0.71311,1.00,1.00
2015.07.14 08:27:26.218,0.71299,0.7131,1.00,1.00
2015.07.14 08:27:26.321,0.713,0.7131,3.75,1.00
2015.07.14 08:27:26.829,0.71301,0.71311,1.87,1.00
2015.07.14 08:27:27.245,0.71301,0.71309,1.37,1.00
2015.07.14 08:27:27.752,0.71301,0.7131,1.37,1.00
2015.07.14 08:27:28.302,0.71301,0.71309,1.37,1.00
2015.07.14 08:27:28.559,0.71305,0.71314,2.25,1.00
2015.07.14 08:27:28.661,0.71305,0.71314,2.62,1.00
2015.07.14 08:27:29.199,0.71308,0.71314,1.50,1.00
2015.07.14 08:27:29.351,0.71311,0.71318,1.00,1.00
2015.07.14 08:27:29.403,0.71309,0.71318,1.00,1.00
2015.07.14 08:27:30.466,0.71309,0.71317,1.00,1.00
2015.07.14 08:27:30.974,0.71309,0.71316,1.00,1.00
2015.07.14 08:27:31.509,0.71309,0.71315,1.00,1.00
2015.07.14 08:27:31.560,0.71304,0.71309,1.00,2.10
2015.07.14 08:27:31.713,0.71298,0.71307,1.50,1.30
2015.07.14 08:27:31.765,0.71298,0.71307,1.00,2.10
2015.07.14 08:27:32.072,0.71298,0.71308,1.00,1.37
2015.07.14 08:27:32.776,0.71298,0.71308,1.12,1.00
2015.07.14 08:27:33.031,0.71299,0.71309,4.50,1.00
2015.07.14 08:27:33.878,0.713,0.71308,1.37,1.00
2015.07.14 08:27:34.388,0.713,0.7131,1.37,1.00
2015.07.14 08:27:34.542,0.71301,0.71312,1.12,1.87
2015.07.14 08:27:34.847,0.71303,0.71314,1.12,1.57
2015.07.14 08:27:35.516,0.71304,0.71313,1.00,1.00
2015.07.14 08:27:36.225,0.71302,0.71314,1.87,2.25
2015.07.14 08:27:37.040,0.71301,0.71312,3.75,1.00
2015.07.14 08:27:37.243,0.71301,0.71313,1.00,1.12
2015.07.14 08:27:37.666,0.71301,0.71313,1.12,1.50
2015.07.14 08:27:38.479,0.713,0.71312,1.37,1.00
2015.07.14 08:27:38.843,0.713,0.71309,1.37,2.10
2015.07.14 08:27:38.945,0.71299,0.71309,1.50,2.10
2015.07.14 08:27:39.251,0.71298,0.71307,1.12,2.10
2015.07.14 08:27:39.758,0.71297,0.71307,1.50,2.10
2015.07.14 08:27:39.907,0.71294,0.71305,3.00,2.47
2015.07.14 08:27:40.316,0.71295,0.71303,1.00,2.10
2015.07.14 08:27:40.825,0.71294,0.71303,1.12,2.47
2015.07.14 08:27:41.446,0.71292,0.71303,4.50,2.47
2015.07.14 08:27:41.802,0.71292,0.713,4.50,2.10
2015.07.14 08:27:41.853,0.71292,0.71299,1.00,2.10
2015.07.14 08:27:41.904,0.71289,0.71299,1.37,3.22
2015.07.14 08:27:42.007,0.71288,0.71297,1.00,2.47
2015.07.14 08:27:42.567,0.71286,0.71296,1.75,2.10
2015.07.14 08:27:42.872,0.71286,0.71296,1.00,2.10
2015.07.14 08:27:43.380,0.71286,0.71296,1.00,3.60
2015.07.14 08:27:45.007,0.71285,0.71294,1.37,1.00
2015.07.14 08:27:45.059,0.71285,0.71291,1.37,2.10
2015.07.14 08:27:45.212,0.71282,0.7129,1.12,2.10
2015.07.14 08:27:45.720,0.71281,0.71289,1.12,2.10
2015.07.14 08:27:45.998,0.71283,0.71292,1.00,2.47
2015.07.14 08:27:46.304,0.71281,0.71289,1.00,2.10
2015.07.14 08:27:46.829,0.7128,0.71289,1.87,2.10
2015.07.14 08:27:46.931,0.71282,0.71289,1.00,2.10
2015.07.14 08:27:47.473,0.71282,0.7129,1.00,2.10
2015.07.14 08:27:47.828,0.7128,0.71284,1.12,2.10
2015.07.14 08:27:48.033,0.71275,0.71285,1.37,3.22
2015.07.14 08:27:48.135,0.71274,0.71284,1.00,1.00
2015.07.14 08:27:48.686,0.71273,0.71285,1.12,2.47
2015.07.14 08:27:49.940,0.71274,0.71285,1.00,1.72
2015.07.14 08:27:50.043,0.71272,0.71281,1.37,2.10
2015.07.14 08:27:50.094,0.71271,0.71279,1.87,2.10
2015.07.14 08:27:51.103,0.71272,0.71278,1.00,2.10
2015.07.14 08:27:51.205,0.71272,0.7128,1.00,2.47
2015.07.14 08:27:51.257,0.7127,0.71279,1.00,2.10
2015.07.14 08:27:51.308,0.7127,0.71275,1.00,2.10
2015.07.14 08:27:51.410,0.71266,0.71275,1.00,2.10
2015.07.14 08:27:51.816,0.71265,0.71273,1.12,2.10
2015.07.14 08:27:52.354,0.71266,0.71272,1.00,2.47
2015.07.14 08:27:52.964,0.71268,0.71272,1.00,2.10
2015.07.14 08:27:53.417,0.71268,0.71274,1.00,1.30
2015.07.14 08:27:53.468,0.71266,0.71274,1.50,2.47
2015.07.14 08:27:53.570,0.71264,0.71273,1.00,2.10
2015.07.14 08:27:53.876,0.71264,0.71272,1.00,2.10
2015.07.14 08:27:54.384,0.71264,0.71272,1.00,2.10
2015.07.14 08:27:55.942,0.71264,0.71271,1.00,2.10
2015.07.14 08:27:56.243,0.71262,0.71267,1.00,2.10
2015.07.14 08:27:56.396,0.71259,0.71265,1.50,2.10
2015.07.14 08:27:56.753,0.71257,0.71266,1.50,2.10
2015.07.14 08:27:57.312,0.71256,0.71267,1.00,2.10
2015.07.14 08:27:57.567,0.71253,0.71264,1.37,2.10
2015.07.14 08:27:57.770,0.71255,0.71267,1.50,2.85
2015.07.14 08:27:57.821,0.71255,0.7126,1.50,2.10
2015.07.14 08:27:58.076,0.71253,0.71261,1.00,2.10
2015.07.14 08:27:58.279,0.71254,0.71264,1.00,2.10
2015.07.14 08:27:58.534,0.71254,0.71265,1.00,1.35
2015.07.14 08:27:59.041,0.71254,0.71266,1.00,2.10
2015.07.14 08:27:59.093,0.71256,0.71266,1.00,2.10
2015.07.14 08:27:59.600,0.71257,0.71265,1.00,2.10
2015.07.14 08:28:00.411,0.71258,0.71266,1.00,2.10
2015.07.14 08:28:00.614,0.71258,0.71267,1.00,2.10
2015.07.14 08:28:01.121,0.71257,0.71267,2.25,2.10
2015.07.14 08:28:01.624,0.71258,0.71267,1.00,2.10
2015.07.14 08:28:01.827,0.71259,0.7127,1.87,2.10
2015.07.14 08:28:02.030,0.71261,0.7127,1.00,2.10
2015.07.14 08:28:02.385,0.71261,0.71272,1.50,2.10
2015.07.14 08:28:02.900,0.71262,0.71272,1.00,2.10
2015.07.14 08:28:03.155,0.71262,0.71269,1.00,2.10
2015.07.14 08:28:03.709,0.71262,0.71268,1.00,2.10
2015.07.14 08:28:04.218,0.71261,0.71269,1.00,2.10
2015.07.14 08:28:04.761,0.71261,0.7127,1.00,2.10
2015.07.14 08:28:05.215,0.71259,0.7127,1.00,2.10
2015.07.14 08:28:05.673,0.71261,0.7127,1.00,2.10
2015.07.14 08:28:06.221,0.7126,0.7127,1.12,2.10
2015.07.14 08:28:06.530,0.71262,0.7127,1.00,2.10
2015.07.14 08:28:07.039,0.71262,0.7127,1.00,2.10
2015.07.14 08:28:08.263,0.71262,0.71269,1.00,2.10
2015.07.14 08:28:08.770,0.71262,0.7127,1.50,2.10
2015.07.14 08:28:10.761,0.71264,0.7127,1.00,2.10
2015.07.14 08:28:10.964,0.71262,0.7127,1.00,2.10
2015.07.14 08:28:11.489,0.71261,0.7127,1.50,2.10
2015.07.14 08:28:11.865,0.71263,0.71271,1.00,2.10
2015.07.14 08:28:12.171,0.71264,0.71269,1.00,2.10
2015.07.14 08:28:12.375,0.71262,0.71268,1.00,2.10
2015.07.14 08:28:12.528,0.7126,0.71269,1.00,2.10
2015.07.14 08:28:12.788,0.71258,0.71264,2.62,2.10
2015.07.14 08:28:13.096,0.7126,0.71264,1.00,2.10
2015.07.14 08:28:13.554,0.71262,0.71267,1.00,2.10
2015.07.14 08:28:14.058,0.71261,0.71267,1.00,2.47
2015.07.14 08:28:14.566,0.71262,0.71267,1.00,1.30
2015.07.14 08:28:14.668,0.7126,0.71268,1.00,2.47
2015.07.14 08:28:14.864,0.71262,0.71268,1.00,1.30
2015.07.14 08:28:15.322,0.71259,0.71269,1.20,2.47
2015.07.14 08:28:15.373,0.71261,0.71269,1.00,2.47
2015.07.14 08:28:15.680,0.7126,0.71266,1.00,2.10
2015.07.14 08:28:15.914,0.7126,0.71268,1.00,2.47
2015.07.14 08:28:16.016,0.71262,0.71268,1.00,2.47
2015.07.14 08:28:16.524,0.71263,0.71268,1.00,2.47
2015.07.14 08:28:16.677,0.71261,0.71269,1.00,2.47
2015.07.14 08:28:16.779,0.71263,0.7127,1.00,2.85
2015.07.14 08:28:16.983,0.71264,0.71269,1.00,1.30
2015.07.14 08:28:17.533,0.71263,0.7127,1.50,2.47
2015.07.14 08:28:17.584,0.71265,0.7127,1.00,2.47
2015.07.14 08:28:17.686,0.71262,0.7127,1.00,2.47
2015.07.14 08:28:17.991,0.71264,0.71269,1.00,2.47
2015.07.14 08:28:18.092,0.71262,0.71269,1.00,2.47
2015.07.14 08:28:18.287,0.71265,0.71269,1.50,2.47
2015.07.14 08:28:18.390,0.71265,0.71271,1.00,2.47
2015.07.14 08:28:18.848,0.71267,0.71275,1.00,1.12
2015.07.14 08:28:18.900,0.71267,0.71274,1.00,1.00
2015.07.14 08:28:19.103,0.71268,0.71278,1.00,3.22
2015.07.14 08:28:19.406,0.7127,0.71279,1.00,1.12
2015.07.14 08:28:19.508,0.7127,0.71281,1.00,3.22
2015.07.14 08:28:19.610,0.71272,0.71281,1.00,2.47
2015.07.14 08:28:20.503,0.71273,0.71283,1.00,1.67
2015.07.14 08:28:20.914,0.71275,0.71284,1.00,1.85
2015.07.14 08:28:21.221,0.71275,0.71284,1.50,3.60
2015.07.14 08:28:21.361,0.71273,0.71284,1.50,3.60
2015.07.14 08:28:21.517,0.71276,0.71284,1.00,3.60
2015.07.14 08:28:21.924,0.71274,0.71284,1.00,3.60
2015.07.14 08:28:22.427,0.71275,0.71284,1.00,3.60
2015.07.14 08:28:22.682,0.71273,0.71284,1.50,1.75
2015.07.14 08:28:23.039,0.71275,0.71284,1.00,3.60
2015.07.14 08:28:23.142,0.71273,0.71284,1.50,3.60
2015.07.14 08:28:23.352,0.71279,0.71284,1.00,1.50
2015.07.14 08:28:23.455,0.71281,0.71287,1.00,1.35
2015.07.14 08:28:23.557,0.7128,0.71289,1.00,2.47
2015.07.14 08:28:23.813,0.71282,0.71291,1.50,2.47
2015.07.14 08:28:24.162,0.7128,0.71288,1.12,2.10
2015.07.14 08:28:24.469,0.7128,0.71286,1.12,2.10
2015.07.14 08:28:24.774,0.71279,0.71289,1.50,2.10
2015.07.14 08:28:24.825,0.71282,0.71289,1.50,2.47
2015.07.14 08:28:25.149,0.71278,0.71289,5.32,2.47
2015.07.14 08:28:25.253,0.71277,0.71288,1.50,2.10
2015.07.14 08:28:25.305,0.71277,0.71283,1.12,2.10
2015.07.14 08:28:25.663,0.71274,0.71285,1.87,2.10
2015.07.14 08:28:25.918,0.71275,0.71284,1.00,1.87
2015.07.14 08:28:26.100,0.71266,0.71278,1.87,1.12
2015.07.14 08:28:26.152,0.71266,0.71274,1.00,1.00
2015.07.14 08:28:26.255,0.71259,0.71273,2.32,1.00
2015.07.14 08:28:26.306,0.71259,0.7127,1.57,1.50
2015.07.14 08:28:26.698,0.71259,0.71273,1.50,1.37
2015.07.14 08:28:27.010,0.71259,0.71274,1.37,3.75
2015.07.14 08:28:27.164,0.71258,0.7127,1.12,1.12
2015.07.14 08:28:27.266,0.71258,0.71268,1.12,1.00
2015.07.14 08:28:27.575,0.71253,0.71266,1.87,1.00
2015.07.14 08:28:27.627,0.71253,0.71268,1.00,2.62
2015.07.14 08:28:27.845,0.71255,0.71271,1.00,3.15
2015.07.14 08:28:27.900,0.71255,0.7127,1.00,1.57
2015.07.14 08:28:28.205,0.71257,0.71272,1.00,2.32
2015.07.14 08:28:28.409,0.71255,0.71272,1.00,1.57
2015.07.14 08:28:28.614,0.71257,0.71273,1.00,2.40
2015.07.14 08:28:29.192,0.71258,0.71271,1.00,1.37
2015.07.14 08:28:29.751,0.71257,0.71271,1.00,1.75
2015.07.14 08:28:29.950,0.71257,0.71273,1.50,1.57
2015.07.14 08:28:30.463,0.71261,0.71271,1.00,1.12
2015.07.14 08:28:30.967,0.71262,0.71271,1.50,1.37
2015.07.14 08:28:31.273,0.71258,0.71271,2.25,1.37
2015.07.14 08:28:31.737,0.71255,0.71268,1.50,1.00
2015.07.14 08:28:31.839,0.71255,0.71268,1.50,1.12
2015.07.14 08:28:32.281,0.71258,0.71268,1.00,1.12
2015.07.14 08:28:32.484,0.71256,0.71268,1.00,1.12
2015.07.14 08:28:33.028,0.71259,0.71271,1.00,1.47
2015.07.14 08:28:33.334,0.71261,0.71275,1.12,1.12
2015.07.14 08:28:33.640,0.71261,0.71275,4.50,1.50
2015.07.14 08:28:34.071,0.71265,0.71277,1.00,1.95
2015.07.14 08:28:34.892,0.71265,0.71275,1.00,1.00
2015.07.14 08:28:35.203,0.71258,0.7127,1.00,1.37
2015.07.14 08:28:35.305,0.71256,0.7127,1.00,1.95
2015.07.14 08:28:35.511,0.71253,0.71269,1.50,3.15
2015.07.14 08:28:35.869,0.71253,0.71265,1.50,1.00
2015.07.14 08:28:36.465,0.71252,0.71264,4.57,1.37
2015.07.14 08:28:36.516,0.71252,0.71264,1.20,1.37
2015.07.14 08:28:36.975,0.71255,0.71264,1.00,1.37
2015.07.14 08:28:37.077,0.71255,0.71267,1.50,1.55
2015.07.14 08:28:37.179,0.71257,0.71267,1.00,1.37
2015.07.14 08:28:37.709,0.71256,0.71265,1.00,2.47
2015.07.14 08:28:37.862,0.71253,0.71268,1.95,1.37
2015.07.14 08:28:37.964,0.71254,0.71268,1.00,1.37
2015.07.14 08:28:38.273,0.71252,0.71267,1.50,1.55
2015.07.14 08:28:38.676,0.71254,0.71266,1.00,1.37
2015.07.14 08:28:38.779,0.71254,0.71266,1.00,1.37
2015.07.14 08:28:39.288,0.71253,0.71266,1.50,1.37
2015.07.14 08:28:39.786,0.71252,0.71264,1.00,1.37
2015.07.14 08:28:39.838,0.71248,0.71263,2.02,1.12
2015.07.14 08:28:40.096,0.7125,0.71262,1.00,1.37
2015.07.14 08:28:40.702,0.71247,0.71262,2.70,1.37
2015.07.14 08:28:41.210,0.71248,0.71262,1.50,1.37
2015.07.14 08:28:41.566,0.71249,0.71263,1.87,1.87
2015.07.14 08:28:42.014,0.71253,0.71265,1.00,1.47
2015.07.14 08:28:42.066,0.71253,0.71265,1.00,1.47
2015.07.14 08:28:42.576,0.71251,0.71267,1.12,1.87
2015.07.14 08:28:43.442,0.71252,0.71264,1.00,1.37
2015.07.14 08:28:43.964,0.71251,0.71264,1.50,1.87
2015.07.14 08:28:44.169,0.71254,0.71264,1.00,1.87
2015.07.14 08:28:44.273,0.71254,0.71267,1.00,1.55
2015.07.14 08:28:44.785,0.71253,0.71265,1.00,1.12
2015.07.14 08:28:45.505,0.71251,0.71264,1.87,1.00
2015.07.14 08:28:45.810,0.71249,0.71263,1.37,1.12
2015.07.14 08:28:45.913,0.7125,0.71261,1.00,1.37
2015.07.14 08:28:46.016,0.71246,0.7126,2.32,1.12
2015.07.14 08:28:46.231,0.71249,0.71261,1.50,1.55
2015.07.14 08:28:46.588,0.71248,0.71261,1.00,1.87
2015.07.14 08:28:47.331,0.71247,0.7126,1.00,1.95
2015.07.14 08:28:47.439,0.71244,0.71258,1.50,1.12
2015.07.14 08:28:48.204,0.71245,0.71258,1.00,1.37
2015.07.14 08:28:48.860,0.71244,0.71258,2.25,1.37
2015.07.14 08:28:49.318,0.71246,0.71257,1.00,1.37
2015.07.14 08:28:50.426,0.71246,0.71258,1.00,1.37
2015.07.14 08:28:50.745,0.71246,0.71259,1.87,1.12
2015.07.14 08:28:51.000,0.71247,0.71259,1.50,1.37
2015.07.14 08:28:51.203,0.71244,0.71257,1.12,1.12
2015.07.14 08:28:51.410,0.71246,0.71259,1.00,1.37
2015.07.14 08:28:51.710,0.71247,0.71261,1.50,1.47
2015.07.14 08:28:51.914,0.71248,0.71264,1.50,2.25
2015.07.14 08:28:52.526,0.71247,0.71261,1.00,1.87
2015.07.14 08:28:52.825,0.71244,0.7126,1.50,1.87
2015.07.14 08:28:53.131,0.71245,0.71256,1.00,1.00
2015.07.14 08:28:53.591,0.71244,0.71258,1.12,1.12
2015.07.14 08:28:53.921,0.71244,0.71257,1.37,1.00
2015.07.14 08:28:54.329,0.71243,0.71257,1.50,1.37
2015.07.14 08:28:54.583,0.71243,0.71254,1.00,1.00
2015.07.14 08:28:54.788,0.71244,0.71257,1.00,1.87
2015.07.14 08:28:55.343,0.71244,0.71257,1.12,1.12
2015.07.14 08:28:55.650,0.71246,0.71257,1.00,1.12
2015.07.14 08:28:56.159,0.71245,0.71257,1.00,1.87
2015.07.14 08:28:56.508,0.71243,0.71255,1.37,1.12
2015.07.14 08:28:57.968,0.71243,0.71255,1.10,1.12
2015.07.14 08:28:58.976,0.71244,0.71255,1.00,1.00
2015.07.14 08:28:59.484,0.71244,0.71254,1.00,1.12
2015.07.14 08:29:00.137,0.71241,0.71254,1.20,1.12
2015.07.14 08:29:00.291,0.71241,0.71252,1.12,1.00
2015.07.14 08:29:00.798,0.71242,0.71252,1.00,1.00
2015.07.14 08:29:01.307,0.71241,0.71251,1.12,1.00
2015.07.14 08:29:01.561,0.71238,0.71249,1.20,1.00
2015.07.14 08:29:01.766,0.71235,0.71248,2.25,1.12
2015.07.14 08:29:02.276,0.71236,0.71247,1.00,1.00
2015.07.14 08:29:02.787,0.71235,0.71247,1.87,1.00
2015.07.14 08:29:03.337,0.71236,0.71247,1.00,1.00
2015.07.14 08:29:03.847,0.71234,0.71248,1.87,1.87
2015.07.14 08:29:04.352,0.71235,0.71247,1.12,1.00
2015.07.14 08:29:04.860,0.71235,0.71247,1.12,1.37
2015.07.14 08:29:05.367,0.71236,0.71247,1.87,1.00
2015.07.14 08:29:05.418,0.71236,0.71249,1.87,1.12
2015.07.14 08:29:05.595,0.71239,0.71249,1.00,1.12
2015.07.14 08:29:06.104,0.71238,0.71248,1.00,1.00
2015.07.14 08:29:06.257,0.71236,0.71248,1.12,1.00
2015.07.14 08:29:06.412,0.71236,0.71246,1.12,1.00
2015.07.14 08:29:06.715,0.71234,0.71249,1.37,1.87
2015.07.14 08:29:06.868,0.71235,0.71248,1.00,1.37
2015.07.14 08:29:07.072,0.71233,0.71248,1.12,1.87
2015.07.14 08:29:08.080,0.71234,0.71247,1.00,2.62
2015.07.14 08:29:08.590,0.71232,0.71244,1.37,1.00
2015.07.14 08:29:08.896,0.71232,0.71247,1.37,1.37
2015.07.14 08:29:10.161,0.7123,0.71244,1.37,1.00
2015.07.14 08:29:10.671,0.7123,0.71242,1.87,1.00
2015.07.14 08:29:10.872,0.71231,0.71244,1.37,1.00
2015.07.14 08:29:11.126,0.71231,0.71242,1.37,1.00
2015.07.14 08:29:11.633,0.7123,0.71242,1.37,1.12
2015.07.14 08:29:12.141,0.71232,0.71243,1.00,1.37
2015.07.14 08:29:13.066,0.7123,0.71243,2.62,1.37
2015.07.14 08:29:13.877,0.71231,0.71244,1.00,1.87
2015.07.14 08:29:13.980,0.71234,0.71244,1.00,1.12
2015.07.14 08:29:14.839,0.71232,0.71244,1.00,1.12
2015.07.14 08:29:14.941,0.71232,0.71242,1.00,1.00
2015.07.14 08:29:15.043,0.71232,0.71244,1.00,1.00
2015.07.14 08:29:15.552,0.71233,0.71245,1.00,1.87
2015.07.14 08:29:16.157,0.71234,0.71245,1.00,1.50
2015.07.14 08:29:16.664,0.71234,0.71244,1.00,1.00
2015.07.14 08:29:17.359,0.71234,0.71243,1.00,1.50
2015.07.14 08:29:17.819,0.71235,0.71247,1.00,1.00
2015.07.14 08:29:18.023,0.71234,0.71245,1.00,1.00
2015.07.14 08:29:18.125,0.71234,0.7125,1.50,1.50
2015.07.14 08:29:18.289,0.71238,0.7125,1.00,1.00
2015.07.14 08:29:18.799,0.71237,0.71249,1.00,1.00
2015.07.14 08:29:19.405,0.71235,0.71249,1.00,1.00
2015.07.14 08:29:19.458,0.71235,0.71246,1.00,1.00
2015.07.14 08:29:19.560,0.71235,0.71248,1.00,1.00
2015.07.14 08:29:20.322,0.71235,0.71247,1.00,1.00
2015.07.14 08:29:20.831,0.71235,0.71247,1.00,1.37
2015.07.14 08:29:20.883,0.71233,0.71248,1.50,1.37
2015.07.14 08:29:21.137,0.71231,0.71246,1.50,1.87
2015.07.14 08:29:21.291,0.71233,0.71246,1.00,1.87
2015.07.14 08:29:21.596,0.71237,0.71253,1.50,1.37
2015.07.14 08:29:21.648,0.71237,0.7125,1.00,1.12
2015.07.14 08:29:21.751,0.71234,0.7125,3.37,1.12
2015.07.14 08:29:21.865,0.71239,0.71253,1.00,1.37
2015.07.14 08:29:22.125,0.71242,0.71257,1.00,1.12
2015.07.14 08:29:22.380,0.7124,0.71257,1.00,1.12
2015.07.14 08:29:23.122,0.7124,0.71255,1.00,1.00
2015.07.14 08:29:23.428,0.71238,0.71254,1.00,1.00
2015.07.14 08:29:23.531,0.71238,0.71252,1.00,1.00
2015.07.14 08:29:24.636,0.71238,0.71252,1.50,1.00
2015.07.14 08:29:24.941,0.71234,0.71245,5.25,1.00
2015.07.14 08:29:24.992,0.71234,0.71245,1.50,1.00
2015.07.14 08:29:25.043,0.71234,0.71248,1.87,1.00
2015.07.14 08:29:25.247,0.71235,0.7125,1.00,1.00
2015.07.14 08:29:25.399,0.71238,0.7125,1.00,1.00
2015.07.14 08:29:25.450,0.71238,0.71253,1.00,1.00
2015.07.14 08:29:26.048,0.71237,0.71253,1.00,1.50
2015.07.14 08:29:26.555,0.71236,0.71253,1.12,1.87
2015.07.14 08:29:26.658,0.71235,0.7125,1.87,1.50
2015.07.14 08:29:27.004,0.71233,0.71245,1.50,1.00
2015.07.14 08:29:27.460,0.71232,0.71242,2.25,1.00
2015.07.14 08:29:27.613,0.71232,0.71246,1.50,1.00
2015.07.14 08:29:28.468,0.71231,0.71245,1.00,1.00
2015.07.14 08:29:28.976,0.7123,0.71245,1.50,1.00
2015.07.14 08:29:29.500,0.71229,0.71243,1.50,1.00
2015.07.14 08:29:30.013,0.71229,0.71244,1.50,1.00
2015.07.14 08:29:30.319,0.71229,0.71241,1.50,1.37
2015.07.14 08:29:30.775,0.71231,0.71241,1.00,1.37
2015.07.14 08:29:30.979,0.71229,0.71241,1.50,1.37
2015.07.14 08:29:32.076,0.7123,0.71241,1.00,1.37
2015.07.14 08:29:32.635,0.71232,0.71241,1.00,1.37
2015.07.14 08:29:32.940,0.71235,0.71241,1.00,1.37
2015.07.14 08:29:32.991,0.71235,0.71245,1.00,1.37
2015.07.14 08:29:33.635,0.71238,0.71245,1.00,1.37
2015.07.14 08:29:33.890,0.71234,0.71245,1.00,1.37
2015.07.14 08:29:34.144,0.71227,0.71235,1.00,1.00
2015.07.14 08:29:34.246,0.71222,0.71231,1.57,1.00
2015.07.14 08:29:34.360,0.7122,0.7124,1.12,3.75
2015.07.14 08:29:34.869,0.71222,0.71237,1.00,1.37
2015.07.14 08:29:35.328,0.71225,0.71237,1.00,1.37
2015.07.14 08:29:35.786,0.71225,0.71241,1.00,1.87
2015.07.14 08:29:35.888,0.71225,0.71237,1.00,1.12
2015.07.14 08:29:36.397,0.71224,0.71237,1.00,1.37
2015.07.14 08:29:36.701,0.71221,0.71236,1.00,1.50
2015.07.14 08:29:36.803,0.71218,0.71235,1.00,1.50
2015.07.14 08:29:36.965,0.71216,0.71228,1.00,1.37
2015.07.14 08:29:37.169,0.71214,0.71228,1.50,1.37
2015.07.14 08:29:37.729,0.71215,0.71228,1.00,1.37
2015.07.14 08:29:38.279,0.71214,0.71228,1.00,1.37
2015.07.14 08:29:38.940,0.71215,0.71228,1.00,1.37
2015.07.14 08:29:39.504,0.71213,0.71228,1.00,1.37
2015.07.14 08:29:39.759,0.71214,0.71224,1.00,1.00
2015.07.14 08:29:39.811,0.71211,0.71224,1.00,1.00
2015.07.14 08:29:39.862,0.71206,0.71221,1.87,1.00
2015.07.14 08:29:39.965,0.71206,0.71219,1.00,1.00
2015.07.14 08:29:40.272,0.71206,0.71219,1.00,4.12
2015.07.14 08:29:41.020,0.71206,0.71217,1.00,1.37
2015.07.14 08:29:41.570,0.71205,0.71217,1.00,1.37
2015.07.14 08:29:41.876,0.71208,0.71219,1.00,4.12
2015.07.14 08:29:42.122,0.71206,0.71222,1.00,1.00
2015.07.14 08:29:42.224,0.71206,0.71221,1.50,1.37
2015.07.14 08:29:42.326,0.71206,0.71224,1.00,1.37
2015.07.14 08:29:42.836,0.71207,0.71224,1.00,1.37
2015.07.14 08:29:43.548,0.71205,0.71224,1.50,1.37
2015.07.14 08:29:44.314,0.71212,0.71224,1.00,1.37
2015.07.14 08:29:44.468,0.7121,0.71226,1.00,1.12
2015.07.14 08:29:44.520,0.71212,0.71225,1.00,1.37
2015.07.14 08:29:44.622,0.7121,0.71228,2.25,1.37
2015.07.14 08:29:44.843,0.71213,0.71228,1.00,1.37
2015.07.14 08:29:45.352,0.7121,0.71228,1.00,1.37
2015.07.14 08:29:45.912,0.71218,0.71228,1.00,1.37
2015.07.14 08:29:46.136,0.71216,0.7123,1.00,1.37
2015.07.14 08:29:46.187,0.71218,0.7123,1.00,1.37
2015.07.14 08:29:46.238,0.71221,0.71236,1.00,1.37
2015.07.14 08:29:46.340,0.71221,0.7124,1.00,1.00
2015.07.14 08:29:46.800,0.71221,0.71242,1.12,1.00
2015.07.14 08:29:47.311,0.71224,0.71241,1.50,1.00
2015.07.14 08:29:47.362,0.71224,0.71243,1.87,1.00
2015.07.14 08:29:47.821,0.71224,0.71246,4.12,1.00
2015.07.14 08:29:47.873,0.71229,0.71248,1.00,1.50
2015.07.14 08:29:48.179,0.71231,0.71249,1.00,1.87
2015.07.14 08:29:48.659,0.71228,0.71249,1.87,1.87
2015.07.14 08:29:49.168,0.71228,0.71246,1.87,1.00
2015.07.14 08:29:49.372,0.71226,0.71246,1.87,1.50
2015.07.14 08:29:49.680,0.71226,0.71244,1.00,1.00
2015.07.14 08:29:50.182,0.71221,0.71243,4.12,1.87
2015.07.14 08:29:50.233,0.71219,0.71241,1.00,1.37
2015.07.14 08:29:50.285,0.71221,0.71241,1.00,1.37
2015.07.14 08:29:50.336,0.71221,0.71242,1.00,1.12
2015.07.14 08:29:50.845,0.71222,0.71242,1.00,1.12
2015.07.14 08:29:51.238,0.71222,0.71241,1.00,1.37
2015.07.14 08:29:51.951,0.71222,0.7124,1.00,1.37
2015.07.14 08:29:52.205,0.71218,0.71237,1.00,1.12
2015.07.14 08:29:52.257,0.71218,0.71233,1.00,1.37
2015.07.14 08:29:52.359,0.71218,0.71241,1.87,1.50
2015.07.14 08:29:52.462,0.71215,0.71239,1.87,1.50
2015.07.14 08:29:53.011,0.71215,0.71237,1.50,1.50
2015.07.14 08:29:53.723,0.71216,0.71237,1.00,1.87
2015.07.14 08:29:54.215,0.71212,0.71235,1.37,1.50
2015.07.14 08:29:54.267,0.71212,0.71227,1.37,1.00
2015.07.14 08:29:54.369,0.71212,0.71231,1.37,1.00
2015.07.14 08:29:54.521,0.71213,0.71234,3.75,1.12
2015.07.14 08:29:55.132,0.71213,0.71234,1.12,1.12
2015.07.14 08:29:55.646,0.71214,0.71237,1.50,1.37
2015.07.14 08:29:55.698,0.71216,0.71237,1.00,1.37
2015.07.14 08:29:55.851,0.71216,0.71237,1.00,1.00
2015.07.14 08:29:56.377,0.71217,0.71237,1.00,1.00
2015.07.14 08:29:56.801,0.71209,0.71237,1.00,1.00
2015.07.14 08:29:56.954,0.71211,0.71239,1.00,1.12
2015.07.14 08:29:57.261,0.71219,0.71239,1.00,1.00
2015.07.14 08:29:57.363,0.71219,0.71243,1.00,1.00
2015.07.14 08:29:57.414,0.71222,0.71243,1.00,1.00
2015.07.14 08:29:57.741,0.71225,0.71246,1.00,1.37
2015.07.14 08:29:57.945,0.71225,0.71248,1.00,1.07
2015.07.14 08:29:58.405,0.71228,0.71248,1.00,1.07
2015.07.14 08:29:58.762,0.7123,0.71249,1.00,1.87
2015.07.14 08:29:59.868,0.7123,0.71246,1.00,1.00
2015.07.14 08:30:00.378,0.7123,0.71249,1.00,1.87
2015.07.14 08:30:00.638,0.71244,0.71295,1.00,1.12
2015.07.14 08:30:00.690,0.71266,0.71295,2.25,1.12
2015.07.14 08:30:00.999,0.7127,0.71295,2.25,1.12
2015.07.14 08:30:01.306,0.71274,0.71299,1.00,4.12
2015.07.14 08:30:01.447,0.71271,0.71299,1.00,4.12
2015.07.14 08:30:01.550,0.71277,0.71299,1.00,4.12
2015.07.14 08:30:01.655,0.71274,0.71299,1.00,4.12
2015.07.14 08:30:01.707,0.7127,0.71299,1.00,4.12
2015.07.14 08:30:01.863,0.71272,0.71298,1.00,1.57
2015.07.14 08:30:01.967,0.71256,0.71297,1.50,1.12
2015.07.14 08:30:02.019,0.71259,0.71297,1.20,1.87
2015.07.14 08:30:02.224,0.71267,0.71313,3.75,1.00
2015.07.14 08:30:02.275,0.71274,0.71321,1.00,1.00
2015.07.14 08:30:02.326,0.71274,0.71298,1.00,0.75
2015.07.14 08:30:02.581,0.71248,0.71301,1.30,1.00
2015.07.14 08:30:02.633,0.71261,0.71301,1.00,1.00
2015.07.14 08:30:02.939,0.71287,0.71318,1.00,1.00
2015.07.14 08:30:02.991,0.71287,0.71324,1.00,1.00
2015.07.14 08:30:03.146,0.7129,0.71324,1.00,1.00
2015.07.14 08:30:03.452,0.71301,0.71332,1.00,1.10
2015.07.14 08:30:03.795,0.71301,0.71333,1.00,1.12
2015.07.14 08:30:03.897,0.71301,0.71333,1.00,2.25
2015.07.14 08:30:04.405,0.71301,0.71331,1.00,1.00
2015.07.14 08:30:04.710,0.71301,0.71329,1.00,1.00
2015.07.14 08:30:05.255,0.71302,0.71329,1.00,1.00
2015.07.14 08:30:05.563,0.71301,0.71329,1.00,1.15
2015.07.14 08:30:05.768,0.71301,0.7133,1.00,1.00
2015.07.14 08:30:06.306,0.71301,0.71329,1.00,2.62
2015.07.14 08:30:06.613,0.71297,0.71321,1.00,1.00
2015.07.14 08:30:06.867,0.71299,0.71324,1.00,1.00
2015.07.14 08:30:06.969,0.71301,0.7133,1.00,1.37
2015.07.14 08:30:07.071,0.71301,0.7133,1.00,1.12
2015.07.14 08:30:07.592,0.71301,0.71328,1.00,1.00
2015.07.14 08:30:07.694,0.71302,0.71332,1.00,1.87
2015.07.14 08:30:07.797,0.71307,0.71334,1.00,1.87
2015.07.14 08:30:08.103,0.71308,0.71338,1.00,1.37
2015.07.14 08:30:08.421,0.71312,0.71343,1.00,1.45
2015.07.14 08:30:08.475,0.71312,0.71341,1.00,1.37
2015.07.14 08:30:08.527,0.71322,0.71341,1.00,1.37
2015.07.14 08:30:08.578,0.71322,0.71343,1.00,1.20
2015.07.14 08:30:08.630,0.71322,0.71338,1.00,1.00
2015.07.14 08:30:08.784,0.7132,0.71343,1.37,1.50
2015.07.14 08:30:08.888,0.71318,0.71338,1.00,1.00
2015.07.14 08:30:09.041,0.71318,0.71336,1.00,1.00
2015.07.14 08:30:09.092,0.71313,0.71335,1.10,1.00
2015.07.14 08:30:09.493,0.71306,0.71333,1.00,1.37
2015.07.14 08:30:09.544,0.71301,0.71327,1.12,1.00
2015.07.14 08:30:09.850,0.71304,0.71327,1.00,1.00
2015.07.14 08:30:10.004,0.71301,0.71327,2.25,1.00
2015.07.14 08:30:10.361,0.71304,0.71326,1.00,1.00
2015.07.14 08:30:10.705,0.71301,0.71323,1.12,1.12
2015.07.14 08:30:11.010,0.71304,0.71322,1.00,1.15
2015.07.14 08:30:11.215,0.71298,0.71318,1.00,1.00
2015.07.14 08:30:11.267,0.71295,0.71318,1.37,1.50
2015.07.14 08:30:11.319,0.71295,0.71315,1.00,1.00
2015.07.14 08:30:11.716,0.71291,0.71313,1.00,1.50
2015.07.14 08:30:11.768,0.7129,0.71313,1.50,1.87
2015.07.14 08:30:11.820,0.71289,0.71311,1.12,1.12
2015.07.14 08:30:11.922,0.71289,0.71309,1.12,1.00
2015.07.14 08:30:12.229,0.71284,0.71302,1.00,1.00
2015.07.14 08:30:12.586,0.71283,0.71299,1.50,1.00
2015.07.14 08:30:13.125,0.71281,0.71302,1.87,1.37
2015.07.14 08:30:13.433,0.71278,0.713,1.12,1.87
2015.07.14 08:30:13.687,0.71273,0.71297,1.87,1.97
2015.07.14 08:30:13.891,0.71277,0.71297,1.50,1.12
2015.07.14 08:30:14.334,0.71279,0.71299,1.12,1.50
2015.07.14 08:30:14.385,0.71281,0.71299,1.50,1.50
2015.07.14 08:30:14.691,0.71283,0.71302,1.50,1.37
2015.07.14 08:30:14.844,0.71286,0.71302,1.37,1.87
2015.07.14 08:30:14.896,0.71287,0.71302,1.12,1.87
2015.07.14 08:30:15.289,0.71291,0.71301,3.75,1.37
2015.07.14 08:30:15.799,0.71292,0.71301,1.37,1.00
2015.07.14 08:30:16.105,0.71291,0.71297,3.75,1.00
2015.07.14 08:30:16.207,0.71285,0.71292,4.12,1.00
2015.07.14 08:30:16.401,0.71285,0.71297,1.12,1.37
2015.07.14 08:30:16.554,0.71287,0.71293,1.00,1.00
2015.07.14 08:30:16.809,0.71283,0.71293,1.37,1.00
2015.07.14 08:30:17.013,0.71285,0.71293,1.37,1.00
2015.07.14 08:30:17.166,0.71283,0.71293,1.37,1.00
2015.07.14 08:30:17.217,0.71283,0.71291,1.37,1.00
2015.07.14 08:30:17.545,0.7128,0.71286,1.12,1.00
2015.07.14 08:30:17.603,0.7128,0.71288,1.00,1.00
2015.07.14 08:30:17.808,0.7128,0.71288,4.12,1.00
2015.07.14 08:30:18.012,0.71274,0.71286,1.15,1.00
2015.07.14 08:30:18.318,0.71275,0.71288,1.00,1.00
2015.07.14 08:30:18.370,0.7128,0.71294,1.00,2.40
2015.07.14 08:30:18.753,0.71282,0.71288,1.00,1.00
2015.07.14 08:30:18.805,0.71279,0.71288,1.10,1.00
2015.07.14 08:30:19.315,0.7128,0.71288,1.50,1.00
2015.07.14 08:30:19.775,0.71276,0.71283,1.87,1.00
2015.07.14 08:30:20.073,0.71268,0.71275,1.00,1.00
2015.07.14 08:30:20.125,0.71267,0.71273,2.02,1.00
2015.07.14 08:30:20.228,0.71265,0.71271,1.65,1.00
2015.07.14 08:30:20.382,0.71262,0.71271,2.25,1.00
2015.07.14 08:30:20.867,0.71262,0.71269,2.62,1.00
2015.07.14 08:30:21.174,0.71257,0.71262,1.52,1.00
2015.07.14 08:30:21.277,0.71254,0.7126,1.87,1.00
2015.07.14 08:30:21.379,0.71254,0.71263,1.12,1.00
2015.07.14 08:30:21.583,0.71254,0.71269,1.12,1.00
2015.07.14 08:30:21.949,0.71254,0.71264,1.12,1.00
2015.07.14 08:30:22.102,0.71253,0.71264,1.00,1.00
2015.07.14 08:30:22.408,0.71253,0.71267,1.00,1.00
2015.07.14 08:30:22.462,0.71253,0.71267,4.87,1.00
2015.07.14 08:30:22.720,0.71252,0.71265,2.32,1.00
2015.07.14 08:30:23.170,0.71253,0.71259,1.00,1.00
2015.07.14 08:30:23.221,0.71249,0.71258,1.95,1.00
2015.07.14 08:30:23.272,0.71249,0.71262,1.95,1.00
2015.07.14 08:30:23.476,0.71247,0.71262,1.00,1.00
2015.07.14 08:30:23.528,0.71251,0.71266,1.00,1.27
2015.07.14 08:30:23.834,0.71259,0.71266,1.00,1.10
2015.07.14 08:30:23.885,0.71252,0.71266,1.50,1.10
2015.07.14 08:30:24.434,0.71252,0.71266,1.50,1.00
2015.07.14 08:30:24.943,0.71254,0.71266,1.00,1.00
2015.07.14 08:30:25.535,0.71259,0.71269,1.00,1.00
2015.07.14 08:30:25.638,0.71256,0.71269,1.50,1.00
2015.07.14 08:30:25.741,0.71256,0.71266,1.50,1.00
2015.07.14 08:30:25.946,0.71254,0.71269,2.02,1.00
2015.07.14 08:30:26.486,0.71254,0.71269,1.00,1.00
2015.07.14 08:30:26.996,0.71253,0.71269,1.20,1.50
2015.07.14 08:30:27.150,0.71255,0.71269,1.00,1.12
2015.07.14 08:30:27.706,0.71256,0.71269,1.00,1.87
2015.07.14 08:30:28.062,0.71252,0.71269,1.37,1.12
2015.07.14 08:30:28.622,0.71254,0.71269,1.00,1.12
2015.07.14 08:30:28.673,0.71256,0.71269,1.00,1.12
2015.07.14 08:30:29.184,0.71255,0.71269,1.00,1.12
2015.07.14 08:30:29.695,0.71254,0.71269,1.50,1.12
2015.07.14 08:30:30.052,0.71254,0.71263,1.00,1.00
2015.07.14 08:30:30.398,0.71248,0.71258,1.00,1.12
2015.07.14 08:30:30.551,0.71244,0.71258,2.77,1.00
2015.07.14 08:30:30.909,0.71244,0.71255,1.87,1.00
2015.07.14 08:30:31.716,0.71245,0.71258,1.37,1.00
2015.07.14 08:30:32.277,0.71246,0.71257,1.00,1.00
2015.07.14 08:30:32.329,0.71246,0.71261,1.50,1.50
2015.07.14 08:30:32.380,0.71246,0.71259,3.37,1.00
2015.07.14 08:30:32.726,0.71251,0.71256,1.12,1.00
2015.07.14 08:30:33.691,0.7125,0.71255,1.50,1.00
2015.07.14 08:30:34.562,0.7125,0.71256,1.00,1.00
2015.07.14 08:30:34.961,0.7125,0.71255,1.50,1.00
2015.07.14 08:30:35.420,0.71249,0.71256,1.12,1.00
2015.07.14 08:30:35.788,0.7125,0.71255,1.50,1.00
2015.07.14 08:30:36.094,0.7125,0.71256,1.00,1.00
2015.07.14 08:30:36.247,0.71252,0.71256,1.00,1.00
2015.07.14 08:30:36.554,0.71249,0.71254,1.95,1.00
2015.07.14 08:30:37.089,0.7125,0.71258,1.00,1.00
2015.07.14 08:30:37.141,0.71253,0.71257,1.00,1.00
2015.07.14 08:30:37.345,0.71251,0.71256,1.00,1.00
2015.07.14 08:30:37.499,0.71252,0.71258,1.00,1.00
2015.07.14 08:30:37.653,0.7125,0.71258,1.10,1.00
2015.07.14 08:30:37.797,0.7125,0.71256,1.00,1.00
2015.07.14 08:30:37.848,0.7125,0.71258,1.00,1.00
2015.07.14 08:30:37.951,0.71252,0.71258,1.00,1.00
2015.07.14 08:30:38.460,0.71253,0.71258,1.00,1.00
2015.07.14 08:30:39.028,0.71252,0.71258,1.12,1.00
2015.07.14 08:30:39.537,0.71251,0.71257,1.87,1.00
2015.07.14 08:30:40.143,0.71249,0.71257,1.50,1.00
2015.07.14 08:30:40.500,0.71251,0.71259,1.00,1.00
2015.07.14 08:30:40.908,0.71254,0.7126,1.00,1.00
2015.07.14 08:30:41.010,0.71254,0.71262,1.00,1.00
2015.07.14 08:30:41.428,0.71253,0.71264,1.50,1.00
2015.07.14 08:30:41.836,0.71255,0.71264,1.00,1.00
2015.07.14 08:30:42.040,0.71255,0.71266,1.50,1.12
2015.07.14 08:30:42.142,0.71257,0.71266,1.00,1.00
2015.07.14 08:30:42.645,0.71258,0.71266,1.00,1.00
2015.07.14 08:30:43.563,0.71258,0.71269,1.00,1.00
2015.07.14 08:30:43.614,0.71261,0.71269,1.00,1.00
2015.07.14 08:30:44.130,0.71259,0.71269,1.00,1.00
2015.07.14 08:30:44.384,0.71258,0.71266,1.00,1.00
2015.07.14 08:30:44.435,0.71254,0.71266,2.40,1.00
2015.07.14 08:30:44.639,0.71253,0.71265,1.10,1.00
2015.07.14 08:30:45.096,0.71253,0.71261,1.00,1.00
2015.07.14 08:30:45.442,0.71253,0.71259,1.00,1.00
2015.07.14 08:30:45.749,0.7125,0.71255,1.10,1.00
2015.07.14 08:30:45.954,0.71245,0.71252,1.52,1.00
2015.07.14 08:30:46.158,0.71245,0.71251,1.12,1.00
2015.07.14 08:30:46.515,0.71244,0.71254,1.50,1.00
2015.07.14 08:30:46.566,0.71246,0.71252,1.00,1.00
2015.07.14 08:30:46.670,0.71244,0.71252,1.00,1.00
2015.07.14 08:30:46.773,0.71241,0.71252,2.02,1.00
2015.07.14 08:30:47.332,0.71238,0.71253,2.40,1.00
2015.07.14 08:30:47.384,0.71238,0.71251,2.40,1.00
2015.07.14 08:30:48.009,0.71238,0.71254,1.37,1.50
2015.07.14 08:30:48.522,0.71238,0.71254,1.12,1.50
2015.07.14 08:30:48.884,0.71239,0.71252,1.00,1.00
2015.07.14 08:30:49.393,0.71237,0.71252,1.37,1.00
2015.07.14 08:30:49.700,0.71237,0.7125,1.00,1.00
2015.07.14 08:30:49.852,0.71237,0.71252,1.00,1.12
2015.07.14 08:30:50.076,0.71235,0.7125,1.47,1.00
2015.07.14 08:30:50.280,0.71233,0.71248,1.12,1.50
2015.07.14 08:30:50.433,0.71235,0.7125,1.00,1.10
2015.07.14 08:30:50.946,0.71236,0.7125,1.50,1.00
2015.07.14 08:30:51.859,0.71236,0.71248,1.00,1.00
2015.07.14 08:30:52.164,0.71235,0.71244,1.00,1.00
2015.07.14 08:30:52.401,0.7123,0.71244,2.32,1.00
2015.07.14 08:30:52.913,0.71229,0.71244,1.50,1.00
2015.07.14 08:30:53.271,0.71228,0.71242,1.95,1.50
2015.07.14 08:30:53.813,0.71231,0.71243,1.50,1.00
2015.07.14 08:30:54.324,0.71231,0.71244,1.00,1.12
2015.07.14 08:30:54.670,0.71229,0.71241,1.00,1.00
2015.07.14 08:30:54.976,0.71227,0.71239,1.50,1.00
2015.07.14 08:30:55.487,0.7123,0.71239,1.00,1.00
2015.07.14 08:30:55.590,0.71231,0.71243,1.00,1.37
2015.07.14 08:30:55.681,0.71229,0.71243,1.12,1.37
2015.07.14 08:30:55.936,0.71232,0.71246,1.00,2.70
2015.07.14 08:30:56.140,0.7123,0.71246,1.00,2.62
2015.07.14 08:30:56.548,0.71231,0.71247,1.87,1.95
2015.07.14 08:30:57.071,0.7123,0.71244,2.25,1.37
2015.07.14 08:30:57.224,0.71227,0.71241,1.20,1.12
2015.07.14 08:30:57.278,0.71226,0.7124,1.57,1.50
2015.07.14 08:30:57.380,0.71226,0.7124,1.12,1.87
2015.07.14 08:30:57.584,0.71224,0.71237,1.00,2.25
2015.07.14 08:30:57.686,0.71224,0.7123,1.00,1.00
2015.07.14 08:30:57.737,0.71224,0.71234,1.00,1.00
2015.07.14 08:30:57.788,0.71224,0.71231,1.00,1.00
2015.07.14 08:30:57.840,0.71219,0.71231,1.00,1.00
2015.07.14 08:30:57.891,0.71219,0.71228,1.00,1.00
2015.07.14 08:30:58.084,0.7122,0.71234,1.00,1.87
2015.07.14 08:30:58.389,0.71219,0.71234,1.87,1.00
2015.07.14 08:30:58.594,0.71222,0.71236,1.50,1.10
2015.07.14 08:30:59.103,0.71222,0.71235,1.50,1.00
2015.07.14 08:30:59.925,0.71222,0.71236,1.00,1.50
2015.07.14 08:31:00.232,0.71224,0.71236,1.00,1.00
2015.07.14 08:31:00.788,0.71225,0.71236,1.00,1.00
2015.07.14 08:31:01.399,0.71223,0.71236,1.12,1.00
2015.07.14 08:31:01.862,0.71225,0.71238,1.00,2.77
2015.07.14 08:31:02.117,0.71223,0.71237,1.00,1.95
2015.07.14 08:31:02.525,0.7122,0.71237,2.32,1.20
2015.07.14 08:31:02.628,0.7122,0.71235,2.32,1.00
2015.07.14 08:31:03.071,0.71222,0.71237,1.12,2.70
2015.07.14 08:31:03.224,0.71225,0.71236,1.00,1.00
2015.07.14 08:31:03.733,0.71226,0.71237,1.00,1.50
2015.07.14 08:31:04.016,0.71224,0.71237,1.00,1.50
2015.07.14 08:31:04.325,0.71224,0.71234,1.00,1.00
2015.07.14 08:31:04.580,0.71222,0.71235,1.00,1.00
2015.07.14 08:31:05.088,0.71221,0.71234,2.25,1.00
2015.07.14 08:31:05.241,0.71222,0.71236,1.00,1.12
2015.07.14 08:31:05.641,0.71221,0.71228,1.50,1.00
2015.07.14 08:31:05.947,0.71211,0.7122,1.00,1.37
2015.07.14 08:31:05.998,0.71209,0.7122,1.07,1.37
2015.07.14 08:31:06.049,0.71208,0.7122,1.00,1.37
2015.07.14 08:31:06.594,0.71207,0.7122,1.50,1.37
2015.07.14 08:31:06.901,0.71208,0.71221,1.00,1.87
2015.07.14 08:31:07.460,0.71207,0.71221,1.00,1.37
2015.07.14 08:31:07.665,0.71212,0.7122,1.00,1.37
2015.07.14 08:31:07.843,0.71209,0.71217,1.00,1.00
2015.07.14 08:31:08.200,0.71211,0.71217,1.00,1.00
2015.07.14 08:31:08.251,0.71211,0.71221,1.00,1.87
2015.07.14 08:31:08.558,0.71211,0.71222,1.00,1.00
2015.07.14 08:31:08.610,0.71214,0.71222,1.00,1.50
2015.07.14 08:31:08.952,0.71216,0.71222,1.00,1.00
2015.07.14 08:31:09.207,0.71215,0.71224,1.00,1.00
2015.07.14 08:31:09.361,0.71215,0.71227,1.00,2.70
2015.07.14 08:31:09.566,0.71219,0.71227,1.00,1.47
2015.07.14 08:31:09.720,0.71217,0.71228,1.00,1.55
2015.07.14 08:31:09.772,0.71214,0.71225,1.50,1.37
2015.07.14 08:31:09.869,0.71214,0.71223,1.50,1.00
2015.07.14 08:31:09.920,0.71209,0.71219,1.90,1.00
2015.07.14 08:31:10.023,0.71208,0.71219,1.00,1.12
2015.07.14 08:31:10.127,0.71205,0.71214,1.00,1.37
2015.07.14 08:31:10.230,0.712,0.71211,1.00,1.37
2015.07.14 08:31:10.332,0.712,0.71211,1.00,1.87
2015.07.14 08:31:10.435,0.71197,0.71211,1.00,1.12
2015.07.14 08:31:10.537,0.71196,0.71211,1.00,2.25
2015.07.14 08:31:10.880,0.71194,0.71206,1.50,1.87
2015.07.14 08:31:11.289,0.71194,0.71206,1.00,1.50
2015.07.14 08:31:11.494,0.71195,0.71208,1.00,1.95
2015.07.14 08:31:11.700,0.71193,0.71207,1.50,1.00
2015.07.14 08:31:12.102,0.71195,0.71207,1.00,1.00
2015.07.14 08:31:12.512,0.71197,0.71209,1.00,1.95
2015.07.14 08:31:13.002,0.71202,0.71212,1.00,1.57
2015.07.14 08:31:13.107,0.71199,0.71215,2.25,3.15
2015.07.14 08:31:13.210,0.71201,0.71214,1.00,1.55
2015.07.14 08:31:13.517,0.712,0.71206,1.00,1.37
2015.07.14 08:31:13.619,0.712,0.71206,1.00,1.00
2015.07.14 08:31:13.671,0.712,0.71209,1.00,1.12
2015.07.14 08:31:13.927,0.712,0.71212,1.00,1.10
2015.07.14 08:31:13.979,0.71202,0.71213,1.00,1.55
2015.07.14 08:31:14.438,0.71203,0.71217,3.37,2.17
2015.07.14 08:31:14.847,0.71203,0.71218,1.87,1.20
2015.07.14 08:31:15.047,0.71204,0.71216,1.50,1.00
2015.07.14 08:31:15.711,0.71204,0.71214,1.00,1.00
2015.07.14 08:31:15.865,0.71202,0.71215,2.25,1.00
2015.07.14 08:31:16.320,0.71202,0.71213,1.00,1.00
2015.07.14 08:31:16.664,0.71203,0.71214,1.37,1.00
2015.07.14 08:31:16.919,0.71201,0.71214,1.87,1.37
2015.07.14 08:31:17.022,0.71204,0.71216,1.00,2.32
2015.07.14 08:31:17.372,0.71199,0.71212,1.12,1.37
2015.07.14 08:31:17.424,0.71203,0.71212,1.00,1.37
2015.07.14 08:31:17.577,0.71198,0.71211,1.37,1.10
2015.07.14 08:31:17.732,0.71198,0.7121,1.37,1.12
2015.07.14 08:31:17.936,0.71203,0.71212,1.00,4.57
2015.07.14 08:31:18.204,0.71206,0.71215,1.00,1.57
2015.07.14 08:31:18.256,0.71206,0.7122,1.00,2.70
2015.07.14 08:31:18.868,0.71204,0.71219,1.50,1.37
2015.07.14 08:31:18.919,0.71206,0.71219,1.00,1.37
2015.07.14 08:31:19.021,0.71206,0.71219,1.00,1.37
2015.07.14 08:31:19.165,0.71208,0.71219,1.00,1.37
2015.07.14 08:31:19.216,0.71208,0.71222,1.00,1.20
2015.07.14 08:31:19.370,0.71208,0.71223,1.00,2.02
2015.07.14 08:31:19.830,0.71207,0.7122,1.00,1.00
2015.07.14 08:31:20.380,0.71208,0.7122,1.00,2.25
2015.07.14 08:31:20.688,0.71206,0.71217,1.00,1.00
2015.07.14 08:31:20.892,0.71204,0.71217,1.12,1.10
2015.07.14 08:31:20.943,0.71203,0.71215,1.37,1.00
2015.07.14 08:31:21.238,0.71206,0.7122,1.50,1.52
2015.07.14 08:31:21.750,0.71206,0.7122,1.50,1.20
2015.07.14 08:31:22.241,0.71206,0.71217,2.25,1.00
2015.07.14 08:31:22.874,0.71206,0.71218,1.00,1.00
2015.07.14 08:31:23.631,0.71206,0.71217,1.00,1.00
2015.07.14 08:31:24.141,0.7121,0.71218,1.00,1.07
2015.07.14 08:31:24.296,0.7121,0.71222,1.50,1.27
2015.07.14 08:31:24.956,0.71208,0.71222,1.87,1.50
2015.07.14 08:31:25.261,0.71212,0.71221,1.00,1.00
2015.07.14 08:31:25.811,0.71212,0.71222,1.00,1.12
2015.07.14 08:31:26.758,0.71212,0.71221,1.00,1.37
2015.07.14 08:31:26.911,0.71209,0.71221,1.00,1.37
2015.07.14 08:31:27.762,0.71209,0.71218,1.00,1.00
2015.07.14 08:31:28.328,0.71208,0.71218,1.00,1.00
2015.07.14 08:31:28.839,0.71208,0.71221,1.00,2.02
2015.07.14 08:31:29.146,0.71208,0.71221,1.50,1.12
2015.07.14 08:31:29.696,0.71209,0.71222,1.00,1.87
2015.07.14 08:31:30.206,0.71209,0.71219,1.00,1.00
2015.07.14 08:31:30.658,0.71211,0.7122,1.00,1.37
2015.07.14 08:31:30.709,0.71209,0.7122,1.00,1.37
2015.07.14 08:31:31.222,0.71208,0.71219,1.00,1.37
2015.07.14 08:31:32.092,0.71208,0.71219,1.00,1.00
2015.07.14 08:31:32.194,0.71208,0.71217,1.00,1.00
2015.07.14 08:31:32.998,0.71208,0.71219,1.00,1.00
2015.07.14 08:31:33.049,0.71203,0.71219,1.87,1.00
2015.07.14 08:31:33.101,0.71209,0.71217,1.00,1.00
2015.07.14 08:31:33.254,0.71209,0.71219,1.00,1.00
2015.07.14 08:31:33.305,0.71211,0.71219,1.00,1.00
2015.07.14 08:31:33.357,0.71208,0.71219,1.00,1.00
2015.07.14 08:31:33.408,0.7121,0.7122,1.00,1.95
2015.07.14 08:31:33.510,0.71208,0.7122,1.00,1.95
2015.07.14 08:31:33.612,0.7121,0.7122,1.00,1.87
2015.07.14 08:31:33.664,0.71208,0.71219,1.00,1.00
2015.07.14 08:31:33.812,0.7121,0.71219,1.00,1.00
2015.07.14 08:31:33.864,0.71208,0.71219,1.00,1.00
2015.07.14 08:31:34.069,0.71211,0.71219,1.00,1.00
2015.07.14 08:31:34.275,0.71211,0.71221,1.00,1.87
2015.07.14 08:31:34.428,0.71209,0.71221,1.00,1.50
2015.07.14 08:31:34.582,0.71207,0.7122,1.87,1.12
2015.07.14 08:31:35.106,0.71207,0.71219,1.12,1.00
2015.07.14 08:31:35.614,0.71208,0.71219,1.00,1.12
2015.07.14 08:31:35.665,0.71206,0.71219,1.87,1.12
2015.07.14 08:31:35.716,0.71208,0.71219,1.00,1.12
2015.07.14 08:31:35.768,0.71206,0.71219,1.87,1.12
2015.07.14 08:31:35.819,0.71208,0.71219,1.00,1.12
2015.07.14 08:31:36.318,0.71205,0.71218,1.00,1.95
2015.07.14 08:31:36.573,0.71211,0.71218,1.00,1.12
2015.07.14 08:31:36.625,0.71208,0.71221,1.00,2.32
2015.07.14 08:31:36.780,0.71208,0.71222,1.50,2.40
2015.07.14 08:31:36.882,0.7121,0.71222,1.00,1.87
2015.07.14 08:31:37.267,0.71208,0.71222,1.00,1.12
2015.07.14 08:31:38.388,0.71208,0.7122,1.50,1.00
2015.07.14 08:31:38.554,0.71206,0.71219,1.00,1.00
2015.07.14 08:31:38.605,0.71208,0.71219,1.00,1.50
2015.07.14 08:31:39.115,0.71207,0.71219,1.00,1.00
2015.07.14 08:31:39.421,0.71205,0.71217,1.12,1.87
2015.07.14 08:31:39.727,0.71207,0.71217,1.00,1.37
2015.07.14 08:31:39.880,0.71207,0.7122,1.12,1.12
2015.07.14 08:31:40.390,0.71207,0.71219,1.12,1.00
2015.07.14 08:31:40.940,0.71208,0.71219,1.00,1.00
2015.07.14 08:31:41.448,0.71209,0.71219,1.12,1.00
2015.07.14 08:31:41.499,0.71209,0.71221,1.12,1.12
2015.07.14 08:31:41.963,0.71208,0.71218,1.37,1.00
2015.07.14 08:31:42.169,0.71207,0.71219,1.00,1.50
2015.07.14 08:31:42.680,0.7121,0.71221,1.00,1.20
2015.07.14 08:31:43.184,0.7121,0.71222,1.00,1.12
2015.07.14 08:31:43.644,0.7121,0.71218,1.00,1.00
2015.07.14 08:31:43.746,0.71208,0.7122,1.87,1.50
2015.07.14 08:31:44.272,0.71209,0.71221,1.00,2.62
2015.07.14 08:31:44.779,0.71208,0.7122,1.50,1.00
2015.07.14 08:31:45.033,0.71211,0.71221,1.00,1.87
2015.07.14 08:31:45.234,0.71211,0.71223,1.50,1.00
2015.07.14 08:31:45.387,0.71213,0.71224,1.00,1.12
2015.07.14 08:31:45.694,0.71217,0.71227,1.00,1.50
2015.07.14 08:31:46.296,0.71217,0.71229,1.00,1.00
2015.07.14 08:31:47.263,0.71217,0.71227,1.50,1.00
2015.07.14 08:31:47.513,0.71214,0.71226,1.50,1.00
2015.07.14 08:31:47.666,0.71214,0.71224,1.50,1.00
2015.07.14 08:31:47.821,0.71212,0.71225,2.25,1.00
2015.07.14 08:31:47.974,0.71211,0.71223,1.00,1.00
2015.07.14 08:31:48.478,0.71211,0.71222,1.00,1.50
2015.07.14 08:31:49.655,0.71209,0.71222,4.12,1.50
2015.07.14 08:31:50.420,0.71211,0.71222,1.00,1.50
2015.07.14 08:31:50.779,0.71214,0.71222,1.50,1.00
2015.07.14 08:31:50.968,0.71212,0.71224,1.00,1.12
2015.07.14 08:31:51.019,0.71211,0.71222,1.50,1.00
2015.07.14 08:31:51.121,0.71208,0.71222,1.55,1.00
2015.07.14 08:31:51.631,0.71208,0.71223,1.50,1.37
2015.07.14 08:31:51.734,0.71208,0.71223,1.50,1.12
2015.07.14 08:31:52.125,0.71211,0.71222,1.00,1.00
2015.07.14 08:31:52.734,0.71212,0.71221,1.00,1.00
2015.07.14 08:31:52.837,0.7121,0.71223,1.12,1.87
2015.07.14 08:31:54.153,0.71212,0.71223,1.00,1.87
2015.07.14 08:31:54.743,0.71211,0.71223,1.00,1.87
2015.07.14 08:31:55.049,0.71209,0.7122,1.00,1.00
2015.07.14 08:31:55.558,0.7121,0.7122,1.00,1.00
2015.07.14 08:31:56.623,0.7121,0.71222,1.00,1.12
2015.07.14 08:31:57.146,0.7121,0.71222,1.00,1.37
2015.07.14 08:31:57.859,0.71212,0.71221,1.00,1.12
2015.07.14 08:31:58.368,0.71211,0.71223,1.00,1.87
2015.07.14 08:31:58.833,0.71209,0.71223,1.87,4.12
2015.07.14 08:31:59.341,0.71209,0.71221,1.87,1.27
2015.07.14 08:32:00.150,0.71211,0.71221,1.00,2.02
2015.07.14 08:32:00.964,0.7121,0.71221,1.00,1.00
2015.07.14 08:32:01.468,0.7121,0.71223,1.00,1.27
2015.07.14 08:32:02.390,0.71211,0.71224,1.00,2.77
2015.07.14 08:32:03.000,0.7121,0.71224,1.00,2.77
2015.07.14 08:32:03.322,0.71212,0.71223,1.00,1.27
2015.07.14 08:32:03.902,0.71215,0.71225,1.00,2.77
2015.07.14 08:32:04.057,0.71214,0.71225,1.00,1.15
2015.07.14 08:32:04.307,0.71214,0.71226,1.00,1.27
2015.07.14 08:32:05.489,0.71214,0.71224,1.00,1.00
2015.07.14 08:32:06.545,0.71215,0.71224,1.00,1.00
2015.07.14 08:32:06.851,0.71216,0.71227,1.00,1.15
2015.07.14 08:32:07.106,0.71214,0.71222,1.12,1.00
2015.07.14 08:32:07.208,0.71213,0.71224,1.00,1.00
2015.07.14 08:32:07.260,0.71215,0.71224,1.00,1.10
2015.07.14 08:32:07.565,0.71215,0.71227,1.00,1.45
2015.07.14 08:32:07.668,0.71215,0.71228,1.00,1.57
2015.07.14 08:32:08.178,0.71217,0.71231,1.00,2.40
2015.07.14 08:32:08.694,0.71217,0.71231,1.50,2.77
2015.07.14 08:32:09.219,0.7122,0.7123,1.00,1.20
2015.07.14 08:32:09.721,0.7122,0.71231,1.00,1.12
2015.07.14 08:32:10.131,0.71217,0.7123,1.87,1.00
2015.07.14 08:32:10.233,0.71217,0.71227,1.87,1.00
2015.07.14 08:32:10.335,0.71218,0.71229,1.00,1.00
2015.07.14 08:32:10.858,0.71216,0.7123,3.37,1.50
2015.07.14 08:32:11.370,0.71216,0.71229,1.12,1.20
2015.07.14 08:32:12.135,0.71217,0.71229,1.00,1.20
2015.07.14 08:32:12.647,0.71218,0.71228,1.87,1.00
2015.07.14 08:32:12.851,0.7122,0.71229,1.00,1.00
2015.07.14 08:32:13.060,0.71218,0.71229,1.12,1.00
2015.07.14 08:32:13.112,0.71219,0.71233,1.12,1.95
2015.07.14 08:32:13.369,0.71217,0.71231,1.37,1.00
2015.07.14 08:32:13.725,0.71217,0.71229,1.37,1.00
2015.07.14 08:32:14.260,0.71217,0.7123,1.37,1.00
2015.07.14 08:32:14.829,0.71218,0.7123,2.62,1.00
2015.07.14 08:32:15.377,0.71218,0.71232,2.62,1.87
2015.07.14 08:32:15.685,0.71223,0.71235,1.00,1.87
2015.07.14 08:32:15.990,0.71223,0.71233,1.00,1.57
2015.07.14 08:32:16.093,0.71219,0.71233,1.12,2.70
2015.07.14 08:32:16.386,0.71217,0.71229,1.12,1.00
2015.07.14 08:32:16.897,0.71216,0.71228,1.00,1.00
2015.07.14 08:32:17.204,0.71215,0.71226,1.12,1.00
2015.07.14 08:32:17.692,0.71213,0.71225,1.12,1.00
2015.07.14 08:32:17.795,0.71213,0.71223,1.00,1.00
2015.07.14 08:32:17.848,0.7121,0.71223,1.87,1.50
2015.07.14 08:32:18.053,0.71209,0.71221,1.37,1.00
2015.07.14 08:32:18.960,0.71211,0.71223,1.12,1.07
2015.07.14 08:32:19.285,0.71212,0.71224,1.12,1.12
2015.07.14 08:32:19.387,0.71211,0.71222,1.37,1.00
2015.07.14 08:32:19.540,0.71207,0.7122,2.02,1.00
2015.07.14 08:32:19.948,0.71205,0.71218,1.50,1.50
2015.07.14 08:32:20.101,0.71204,0.71215,1.87,1.00
2015.07.14 08:32:20.498,0.71201,0.71213,1.00,1.00
2015.07.14 08:32:21.007,0.712,0.71214,2.62,1.10
2015.07.14 08:32:21.454,0.71202,0.7121,1.00,1.00
2015.07.14 08:32:22.014,0.712,0.71211,2.62,1.00
2015.07.14 08:32:22.534,0.712,0.71211,2.62,1.00
2015.07.14 08:32:24.144,0.71203,0.71213,1.00,1.57
2015.07.14 08:32:24.450,0.71207,0.71216,1.00,1.50
2015.07.14 08:32:24.654,0.71205,0.71218,1.00,1.47
2015.07.14 08:32:25.011,0.71202,0.71214,1.00,1.00
2015.07.14 08:32:25.332,0.712,0.71212,1.37,1.00
2015.07.14 08:32:25.638,0.71198,0.71211,1.00,1.00
2015.07.14 08:32:26.166,0.71199,0.7121,1.00,1.50
2015.07.14 08:32:26.359,0.71202,0.71212,1.00,1.57
2015.07.14 08:32:26.869,0.71203,0.71213,1.00,1.00
2015.07.14 08:32:27.378,0.71203,0.71214,1.00,1.50
2015.07.14 08:32:29.633,0.71203,0.71214,1.37,1.50
2015.07.14 08:32:29.938,0.71202,0.71212,1.37,1.00
2015.07.14 08:32:30.590,0.71203,0.71213,1.37,1.00
2015.07.14 08:32:31.098,0.71203,0.71214,1.00,2.25
2015.07.14 08:32:31.615,0.71204,0.71214,1.00,2.25
2015.07.14 08:32:32.805,0.71203,0.71214,1.12,1.50
2015.07.14 08:32:33.328,0.71203,0.71213,1.12,1.00
2015.07.14 08:32:34.157,0.71203,0.7121,1.12,1.00
2015.07.14 08:32:34.463,0.71195,0.71203,1.07,1.00
2015.07.14 08:32:34.514,0.71195,0.71203,1.00,1.00
2015.07.14 08:32:34.718,0.71193,0.71204,1.12,1.00
2015.07.14 08:32:34.985,0.71192,0.712,1.00,1.00
2015.07.14 08:32:35.189,0.7119,0.71201,2.25,1.00
2015.07.14 08:32:35.698,0.7119,0.712,1.37,1.00
2015.07.14 08:32:36.346,0.71187,0.71198,2.70,1.00
2015.07.14 08:32:36.448,0.71187,0.71197,1.87,1.00
2015.07.14 08:32:36.550,0.71186,0.71196,1.87,1.50
2015.07.14 08:32:37.111,0.71185,0.71197,1.37,1.50
2015.07.14 08:32:37.622,0.71183,0.71196,1.87,1.00
2015.07.14 08:32:38.136,0.71185,0.71197,1.37,1.50
2015.07.14 08:32:38.326,0.71184,0.71194,1.37,1.00
2015.07.14 08:32:38.483,0.71184,0.71194,1.12,1.50
2015.07.14 08:32:39.989,0.71184,0.71193,1.12,1.00
2015.07.14 08:32:40.643,0.71182,0.71192,1.37,1.00
2015.07.14 08:32:40.847,0.71183,0.7119,1.37,1.00
2015.07.14 08:32:40.898,0.71181,0.7119,2.62,1.00
2015.07.14 08:32:41.054,0.71181,0.71186,1.37,1.00
2015.07.14 08:32:41.106,0.71181,0.71189,1.00,1.00
2015.07.14 08:32:41.158,0.71181,0.71188,1.00,1.37
2015.07.14 08:32:41.311,0.71177,0.71186,1.00,1.37
2015.07.14 08:32:41.441,0.71179,0.71191,2.25,1.57
2015.07.14 08:32:41.495,0.7118,0.71191,1.37,1.10
2015.07.14 08:32:42.159,0.71181,0.71193,1.12,1.87
2015.07.14 08:32:42.825,0.71178,0.71191,1.95,1.00
2015.07.14 08:32:43.080,0.71177,0.7119,1.37,1.00
2015.07.14 08:32:43.598,0.71177,0.71189,1.37,1.00
2015.07.14 08:32:43.853,0.71175,0.71187,1.37,1.00
2015.07.14 08:32:44.363,0.71176,0.71187,1.37,1.00
2015.07.14 08:32:44.867,0.71176,0.71188,1.37,1.00
2015.07.14 08:32:45.376,0.71178,0.71187,1.12,1.00
2015.07.14 08:32:46.147,0.71178,0.71188,1.12,1.00
2015.07.14 08:32:46.772,0.71176,0.71188,1.12,1.00
2015.07.14 08:32:46.926,0.71176,0.71186,1.12,1.00
2015.07.14 08:32:47.435,0.71176,0.71187,1.12,1.00
2015.07.14 08:32:47.983,0.71176,0.71186,1.12,1.00
2015.07.14 08:32:48.486,0.71177,0.71186,1.00,1.00
2015.07.14 08:32:48.791,0.71177,0.71188,1.50,1.00
2015.07.14 08:32:50.085,0.71177,0.71189,1.12,1.50
2015.07.14 08:32:50.602,0.71178,0.71189,1.00,1.50
2015.07.14 08:32:51.338,0.71179,0.71189,1.00,1.00
2015.07.14 08:32:51.857,0.71179,0.71188,1.00,1.00
2015.07.14 08:32:52.620,0.71179,0.71187,1.00,2.25
2015.07.14 08:32:52.673,0.71173,0.71182,1.50,1.00
2015.07.14 08:32:53.185,0.71171,0.71182,1.87,1.00
2015.07.14 08:32:53.389,0.71171,0.71182,1.87,1.00
2015.07.14 08:32:53.682,0.71172,0.7118,1.37,1.00
2015.07.14 08:32:53.937,0.71171,0.7118,1.12,1.00
2015.07.14 08:32:54.090,0.71171,0.7118,1.37,1.00
2015.07.14 08:32:54.639,0.71168,0.71179,1.37,1.00
2015.07.14 08:32:54.793,0.71167,0.71179,1.87,1.00
2015.07.14 08:32:54.996,0.71166,0.71179,2.62,1.00
2015.07.14 08:32:55.353,0.71172,0.71178,1.00,1.00
2015.07.14 08:32:55.710,0.71172,0.7118,1.00,1.00
2015.07.14 08:32:55.915,0.71172,0.71178,1.00,1.00
2015.07.14 08:32:56.246,0.7117,0.71177,1.00,1.00
2015.07.14 08:32:56.399,0.7117,0.71179,1.00,1.50
2015.07.14 08:32:56.654,0.7117,0.71177,1.00,1.00
2015.07.14 08:32:56.962,0.7117,0.71179,1.00,1.10
2015.07.14 08:32:57.558,0.7117,0.71176,1.00,1.00
2015.07.14 08:32:57.711,0.71166,0.71177,1.37,1.00
2015.07.14 08:32:58.264,0.71169,0.71177,1.00,1.50
2015.07.14 08:32:58.468,0.71168,0.71179,1.12,1.00
2015.07.14 08:32:58.723,0.71169,0.7118,1.37,1.50
2015.07.14 08:32:59.030,0.71171,0.71182,1.37,1.00
2015.07.14 08:32:59.532,0.71172,0.71183,1.37,1.00
2015.07.14 08:32:59.990,0.71177,0.71187,1.00,1.47
2015.07.14 08:33:00.243,0.71178,0.71188,1.00,1.00
2015.07.14 08:33:00.760,0.71179,0.7119,1.00,1.00
2015.07.14 08:33:01.014,0.71181,0.71191,1.00,1.12
2015.07.14 08:33:01.416,0.71183,0.71192,1.00,1.37
2015.07.14 08:33:01.519,0.7118,0.71191,2.25,1.12
2015.07.14 08:33:01.570,0.71182,0.71192,1.00,1.37
2015.07.14 08:33:01.877,0.71184,0.71193,1.00,1.00
2015.07.14 08:33:02.389,0.71183,0.71194,1.50,1.00
2015.07.14 08:33:02.491,0.71183,0.71196,1.00,1.20
2015.07.14 08:33:02.999,0.71183,0.71197,1.37,2.77
2015.07.14 08:33:03.538,0.71185,0.71197,1.00,1.12
2015.07.14 08:33:04.049,0.71186,0.71197,1.12,1.00
2015.07.14 08:33:04.303,0.71188,0.71197,1.00,1.00
2015.07.14 08:33:05.014,0.71189,0.71199,1.00,1.00
2015.07.14 08:33:05.909,0.71188,0.71198,1.00,1.00
2015.07.14 08:33:06.461,0.71187,0.71197,1.87,1.00
2015.07.14 08:33:07.000,0.71193,0.71201,1.00,1.50
2015.07.14 08:33:07.152,0.71194,0.71203,1.00,1.00
2015.07.14 08:33:07.662,0.71194,0.71204,1.12,1.00
2015.07.14 08:33:07.866,0.71194,0.71202,1.12,1.00
2015.07.14 08:33:08.071,0.71187,0.71199,1.87,1.50
2015.07.14 08:33:08.122,0.71187,0.71196,1.37,1.00
2015.07.14 08:33:08.226,0.71185,0.71196,1.87,1.00
2015.07.14 08:33:08.580,0.71186,0.71199,1.50,1.87
2015.07.14 08:33:08.736,0.71188,0.71199,1.00,1.12
2015.07.14 08:33:09.043,0.71189,0.71201,1.37,1.12
2015.07.14 08:33:09.601,0.71188,0.71199,2.62,1.00
2015.07.14 08:33:10.213,0.71188,0.71197,1.37,1.00
2015.07.14 08:33:10.264,0.71188,0.71197,1.00,1.00
2015.07.14 08:33:10.417,0.71186,0.71195,1.37,1.00
2015.07.14 08:33:10.768,0.71184,0.71194,1.87,1.00
2015.07.14 08:33:11.277,0.71183,0.71193,1.37,1.00
2015.07.14 08:33:11.722,0.71183,0.71191,1.37,1.00
2015.07.14 08:33:11.875,0.71181,0.71191,1.12,1.00
2015.07.14 08:33:12.132,0.71188,0.71193,1.00,1.27
2015.07.14 08:33:12.184,0.71185,0.71192,1.00,1.00
2015.07.14 08:33:12.287,0.71189,0.71194,1.00,1.07
2015.07.14 08:33:12.339,0.71187,0.71199,1.50,1.87
2015.07.14 08:33:12.390,0.71187,0.71199,2.62,1.37
2015.07.14 08:33:12.442,0.71189,0.71202,1.00,2.02
2015.07.14 08:33:12.751,0.71194,0.71203,1.00,1.00
2015.07.14 08:33:12.854,0.71195,0.71207,1.00,1.07
2015.07.14 08:33:12.905,0.71195,0.71208,1.00,1.12
2015.07.14 08:33:13.060,0.71196,0.71209,1.37,1.12
2015.07.14 08:33:13.514,0.71196,0.71211,1.87,1.10
2015.07.14 08:33:14.076,0.71196,0.7121,1.37,1.00
2015.07.14 08:33:14.230,0.71197,0.71208,1.37,1.00
2015.07.14 08:33:14.777,0.71198,0.71207,1.12,1.00
2015.07.14 08:33:15.338,0.71196,0.71208,1.37,1.00
2015.07.14 08:33:15.699,0.71196,0.71207,1.12,1.00
2015.07.14 08:33:16.158,0.71194,0.71205,1.37,1.00
2015.07.14 08:33:16.210,0.71193,0.71205,1.50,1.00
2015.07.14 08:33:16.363,0.7119,0.71205,1.37,1.20
2015.07.14 08:33:16.466,0.7119,0.71205,1.12,1.45
2015.07.14 08:33:16.947,0.71192,0.71204,1.00,1.95
2015.07.14 08:33:17.101,0.71191,0.71204,3.37,1.12
2015.07.14 08:33:17.912,0.71193,0.71206,1.00,1.37
2015.07.14 08:33:18.270,0.71191,0.71204,1.50,1.37
2015.07.14 08:33:18.682,0.71193,0.71204,1.00,1.37
2015.07.14 08:33:18.993,0.71204,0.71209,1.37,1.12
2015.07.14 08:33:19.045,0.71204,0.71211,1.37,1.00
2015.07.14 08:33:19.097,0.71203,0.71211,1.12,1.00
2015.07.14 08:33:19.149,0.71203,0.71213,1.12,1.00
2015.07.14 08:33:19.293,0.71201,0.71213,1.47,1.00
2015.07.14 08:33:19.346,0.71205,0.71216,1.87,1.00
2015.07.14 08:33:19.400,0.71205,0.71216,1.37,1.00
2015.07.14 08:33:19.912,0.71207,0.71219,1.37,2.62
2015.07.14 08:33:20.317,0.71209,0.71219,1.37,1.00
2015.07.14 08:33:20.826,0.71209,0.71221,1.37,1.37
2015.07.14 08:33:21.371,0.71209,0.71219,1.37,1.00
2015.07.14 08:33:21.879,0.71209,0.7122,1.37,1.12
2015.07.14 08:33:22.584,0.71212,0.71222,1.87,1.12
2015.07.14 08:33:22.686,0.71213,0.71225,1.37,1.37
2015.07.14 08:33:23.094,0.71216,0.71229,1.00,1.37
2015.07.14 08:33:23.393,0.71216,0.71229,1.12,1.87
2015.07.14 08:33:23.596,0.71216,0.71229,1.37,1.00
2015.07.14 08:33:23.648,0.71216,0.71231,1.87,1.00
2015.07.14 08:33:24.478,0.71218,0.7123,1.37,1.00
2015.07.14 08:33:24.838,0.71217,0.7123,1.12,1.87
2015.07.14 08:33:25.094,0.71219,0.71229,1.12,1.00
2015.07.14 08:33:25.599,0.71218,0.71231,1.37,1.12
2015.07.14 08:33:26.109,0.71217,0.7123,1.37,1.00
2015.07.14 08:33:26.517,0.71216,0.71228,1.87,1.00
2015.07.14 08:33:27.027,0.71215,0.71229,1.87,1.37
2015.07.14 08:33:27.478,0.71219,0.71229,1.00,1.37
2015.07.14 08:33:27.530,0.71219,0.71229,1.00,1.00
2015.07.14 08:33:27.633,0.7122,0.71233,1.00,1.37
2015.07.14 08:33:27.940,0.7122,0.71234,1.87,1.12
2015.07.14 08:33:28.655,0.71221,0.71231,1.12,1.00
2015.07.14 08:33:28.905,0.71221,0.71233,1.87,1.12
2015.07.14 08:33:29.109,0.71222,0.71234,1.37,1.50
2015.07.14 08:33:29.618,0.71221,0.71235,1.87,1.87
2015.07.14 08:33:29.901,0.71219,0.71234,3.37,1.47
2015.07.14 08:33:30.309,0.71222,0.71236,1.12,2.62
2015.07.14 08:33:31.198,0.71224,0.71235,1.00,1.87
2015.07.14 08:33:31.711,0.71221,0.71235,1.37,1.87
2015.07.14 08:33:32.516,0.71221,0.71233,1.12,1.87
2015.07.14 08:33:32.821,0.71219,0.71231,1.87,1.00
2015.07.14 08:33:33.654,0.71218,0.71232,1.37,1.87
2015.07.14 08:33:33.961,0.71221,0.71233,1.00,1.87
2015.07.14 08:33:34.487,0.7122,0.71234,1.37,1.37
2015.07.14 08:33:35.036,0.71223,0.71233,1.00,1.00
2015.07.14 08:33:35.138,0.71223,0.71235,1.00,1.12
2015.07.14 08:33:35.649,0.71223,0.71236,1.12,1.00
2015.07.14 08:33:36.138,0.71222,0.71236,1.87,2.62
2015.07.14 08:33:36.547,0.71221,0.71233,1.12,1.12
2015.07.14 08:33:38.550,0.71221,0.71234,1.12,1.12
2015.07.14 08:33:39.499,0.7122,0.71233,2.62,1.00
2015.07.14 08:33:39.860,0.7122,0.71231,1.37,1.00
2015.07.14 08:33:40.464,0.71222,0.71231,1.00,1.00
2015.07.14 08:33:40.516,0.7122,0.71231,1.87,1.00
2015.07.14 08:33:41.496,0.71221,0.71231,1.00,1.12
2015.07.14 08:33:41.548,0.71223,0.71231,1.00,1.00
2015.07.14 08:33:41.599,0.71222,0.71233,1.87,1.00
2015.07.14 08:33:41.650,0.71224,0.71233,1.50,1.00
2015.07.14 08:33:42.159,0.71223,0.71234,1.87,1.50
2015.07.14 08:33:42.261,0.71221,0.71232,2.62,1.00
2015.07.14 08:33:42.312,0.71223,0.71234,1.00,1.37
2015.07.14 08:33:42.640,0.71227,0.71233,1.00,1.00
2015.07.14 08:33:42.692,0.71225,0.71234,1.12,1.00
2015.07.14 08:33:42.845,0.71225,0.71235,1.72,1.00
2015.07.14 08:33:42.897,0.71227,0.71237,1.12,1.50
2015.07.14 08:33:43.406,0.71228,0.71236,1.00,1.00
2015.07.14 08:33:43.937,0.71228,0.71237,1.12,1.00
2015.07.14 08:33:44.296,0.7123,0.71239,1.00,1.37
2015.07.14 08:33:44.348,0.7123,0.71241,1.12,1.20
2015.07.14 08:33:44.501,0.71232,0.71241,1.00,1.12
2015.07.14 08:33:45.009,0.71232,0.71243,1.00,1.37
2015.07.14 08:33:45.519,0.71229,0.71243,1.87,1.87
2015.07.14 08:33:46.069,0.7123,0.71238,1.37,1.00
2015.07.14 08:33:46.579,0.71229,0.71237,1.37,1.00
2015.07.14 08:33:46.881,0.71229,0.71237,1.12,1.00
2015.07.14 08:33:47.339,0.7123,0.71239,1.00,1.00
2015.07.14 08:33:47.644,0.71233,0.7124,1.00,1.12
2015.07.14 08:33:47.949,0.71229,0.71243,2.62,1.37
2015.07.14 08:33:48.460,0.71229,0.7124,1.00,1.87
2015.07.14 08:33:48.770,0.71227,0.71237,1.37,1.12
2015.07.14 08:33:48.873,0.71223,0.71236,2.62,2.62
2015.07.14 08:33:49.181,0.71224,0.71234,1.37,1.00
2015.07.14 08:33:49.487,0.71224,0.71236,1.37,1.00
2015.07.14 08:33:49.992,0.71229,0.71235,1.00,1.00
2015.07.14 08:33:50.146,0.71229,0.71238,1.50,1.27
2015.07.14 08:33:50.198,0.71232,0.71242,1.00,3.00
2015.07.14 08:33:50.300,0.71232,0.71242,1.00,1.87
2015.07.14 08:33:50.402,0.71232,0.71242,1.50,1.00
2015.07.14 08:33:50.743,0.71233,0.71245,1.00,1.87
2015.07.14 08:33:51.254,0.71232,0.71244,1.12,1.12
2015.07.14 08:33:51.768,0.71231,0.71243,1.87,1.00
2015.07.14 08:33:52.278,0.71231,0.71242,2.62,1.00
2015.07.14 08:33:52.404,0.71232,0.71244,1.12,2.62
2015.07.14 08:33:52.684,0.71233,0.71242,1.12,1.00
2015.07.14 08:33:52.837,0.71233,0.71244,1.12,1.00
2015.07.14 08:33:52.888,0.71232,0.71242,1.37,1.00
2015.07.14 08:33:52.990,0.71232,0.71244,1.37,1.00
2015.07.14 08:33:53.092,0.71232,0.71244,1.12,1.87
2015.07.14 08:33:54.205,0.7123,0.7124,1.37,1.00
2015.07.14 08:33:54.307,0.7123,0.71239,1.12,1.00
2015.07.14 08:33:54.887,0.7123,0.7124,1.12,1.00
2015.07.14 08:33:55.344,0.71231,0.71243,1.12,2.62
2015.07.14 08:33:55.599,0.71232,0.71244,1.12,1.87
2015.07.14 08:33:56.024,0.71233,0.71242,1.00,1.00
2015.07.14 08:33:56.533,0.71232,0.71242,1.12,1.00
2015.07.14 08:33:57.525,0.71232,0.71243,1.12,1.00
2015.07.14 08:33:58.032,0.71232,0.71243,1.37,1.00
2015.07.14 08:33:58.566,0.71232,0.71244,1.87,1.12
2015.07.14 08:33:59.075,0.71232,0.71243,1.12,1.00
2015.07.14 08:33:59.609,0.71232,0.71244,1.87,1.12
2015.07.14 08:33:59.914,0.71233,0.71242,1.00,1.00
2015.07.14 08:34:00.168,0.71233,0.71244,1.00,1.12
2015.07.14 08:34:00.373,0.71232,0.71242,1.12,1.00
2015.07.14 08:34:01.199,0.71232,0.71241,1.12,1.00
2015.07.14 08:34:01.555,0.71235,0.71244,1.00,1.12
2015.07.14 08:34:01.906,0.71237,0.7125,1.50,2.62
2015.07.14 08:34:02.214,0.71239,0.71251,1.37,1.87
2015.07.14 08:34:02.418,0.7124,0.71252,1.97,1.50
2015.07.14 08:34:02.622,0.7124,0.71252,1.37,1.37
2015.07.14 08:34:03.273,0.7124,0.7125,1.37,1.00
2015.07.14 08:34:03.578,0.71239,0.71252,2.62,1.00
2015.07.14 08:34:03.630,0.71239,0.7125,1.87,1.00
2015.07.14 08:34:04.603,0.71242,0.71251,1.37,1.00
2015.07.14 08:34:05.148,0.71241,0.7125,1.72,1.00
2015.07.14 08:34:05.657,0.71242,0.71251,1.37,1.00
2015.07.14 08:34:06.018,0.71245,0.71254,1.00,1.12
2015.07.14 08:34:06.069,0.71251,0.71255,1.00,2.62
2015.07.14 08:34:06.120,0.71249,0.71256,1.00,1.00
2015.07.14 08:34:06.479,0.71251,0.71256,1.00,1.00
2015.07.14 08:34:06.633,0.71251,0.71258,1.00,1.12
2015.07.14 08:34:06.998,0.71249,0.71258,1.00,1.87
2015.07.14 08:34:07.049,0.71251,0.71256,1.00,1.00
2015.07.14 08:34:07.152,0.71251,0.71258,1.00,1.87
2015.07.14 08:34:07.663,0.71251,0.71259,1.00,1.00
2015.07.14 08:34:07.716,0.71254,0.71259,1.00,1.00
2015.07.14 08:34:07.878,0.71257,0.71265,1.00,1.55
2015.07.14 08:34:08.132,0.71255,0.71265,1.00,1.37
2015.07.14 08:34:08.234,0.71255,0.71265,1.12,1.50
2015.07.14 08:34:08.751,0.71256,0.71265,1.00,1.00
2015.07.14 08:34:09.057,0.71254,0.71263,1.37,1.00
2015.07.14 08:34:09.590,0.71255,0.71264,1.12,1.00
2015.07.14 08:34:10.107,0.71255,0.71265,1.12,1.50
2015.07.14 08:34:10.413,0.71255,0.71263,1.00,1.00
2015.07.14 08:34:10.921,0.71255,0.71265,1.00,1.37
2015.07.14 08:34:11.228,0.71258,0.71265,1.00,1.00
2015.07.14 08:34:11.948,0.71255,0.71265,1.12,1.00
2015.07.14 08:34:12.000,0.71255,0.71263,1.12,1.00
2015.07.14 08:34:12.509,0.71255,0.71264,1.00,1.00
2015.07.14 08:34:12.612,0.71255,0.71266,1.12,1.12
2015.07.14 08:34:12.821,0.71255,0.71264,1.87,1.00
2015.07.14 08:34:13.126,0.71255,0.71266,1.87,1.12
2015.07.14 08:34:13.638,0.71255,0.71265,1.37,1.00
2015.07.14 08:34:14.187,0.71255,0.71265,1.00,1.12
2015.07.14 08:34:14.696,0.71255,0.71266,2.62,1.12
2015.07.14 08:34:15.604,0.71256,0.71265,1.12,1.00
2015.07.14 08:34:15.924,0.71259,0.71267,1.00,1.00
2015.07.14 08:34:16.168,0.71257,0.7127,1.87,1.87
2015.07.14 08:34:17.134,0.71257,0.71268,1.37,1.00
2015.07.14 08:34:17.646,0.71256,0.71267,1.12,1.50
2015.07.14 08:34:17.698,0.71256,0.71265,1.12,1.00
2015.07.14 08:34:17.851,0.71256,0.71267,1.12,1.00
2015.07.14 08:34:18.372,0.71254,0.71268,1.47,1.12
2015.07.14 08:34:19.146,0.71256,0.71267,1.12,1.00
2015.07.14 08:34:19.350,0.71254,0.71266,1.47,1.37
2015.07.14 08:34:19.452,0.71254,0.71266,1.12,3.22
2015.07.14 08:34:19.555,0.71254,0.71265,1.00,1.97
2015.07.14 08:34:19.759,0.71252,0.71266,1.95,3.22
2015.07.14 08:34:19.965,0.71254,0.71266,1.00,3.97
2015.07.14 08:34:20.200,0.71252,0.71266,1.95,3.22
2015.07.14 08:34:20.608,0.71254,0.71262,1.00,1.37
2015.07.14 08:34:21.117,0.71254,0.71262,1.00,1.00
2015.07.14 08:34:21.316,0.71256,0.71267,1.50,1.37
2015.07.14 08:34:21.469,0.71259,0.7127,1.00,1.57
2015.07.14 08:34:21.571,0.71259,0.71271,1.00,1.37
2015.07.14 08:34:21.674,0.71262,0.71272,1.00,1.87
2015.07.14 08:34:21.878,0.71263,0.71276,1.00,2.70
2015.07.14 08:34:22.031,0.71265,0.71276,1.00,1.87
2015.07.14 08:34:22.647,0.71265,0.71276,1.12,1.87
2015.07.14 08:34:22.698,0.71265,0.71273,1.12,1.00
2015.07.14 08:34:22.902,0.71265,0.71275,1.12,1.00
2015.07.14 08:34:23.420,0.71265,0.71274,1.12,1.00
2015.07.14 08:34:23.938,0.71265,0.71274,1.37,1.00
2015.07.14 08:34:24.142,0.71263,0.71273,1.87,1.00
2015.07.14 08:34:24.574,0.7127,0.71274,1.50,1.00
2015.07.14 08:34:24.626,0.7127,0.71276,1.00,1.00
2015.07.14 08:34:24.678,0.7127,0.71278,1.00,1.95
2015.07.14 08:34:24.782,0.7127,0.71275,1.00,1.00
2015.07.14 08:34:24.885,0.7127,0.71277,1.00,1.00
2015.07.14 08:34:25.090,0.7127,0.71279,1.12,1.12
2015.07.14 08:34:25.638,0.7127,0.7128,1.87,1.12
2015.07.14 08:34:26.147,0.71271,0.71281,1.12,1.00
2015.07.14 08:34:26.434,0.71271,0.71283,1.37,3.00
2015.07.14 08:34:27.299,0.71272,0.71282,1.12,1.00
2015.07.14 08:34:27.779,0.7127,0.71279,1.87,1.00
2015.07.14 08:34:28.289,0.71271,0.7128,1.12,1.00
2015.07.14 08:34:28.798,0.7127,0.71279,1.87,1.00
2015.07.14 08:34:29.582,0.71268,0.71277,1.00,1.37
2015.07.14 08:34:29.991,0.71268,0.71275,1.37,1.10
2015.07.14 08:34:30.093,0.71268,0.71278,1.00,1.87
2015.07.14 08:34:30.247,0.71265,0.71273,1.37,1.00
2015.07.14 08:34:30.526,0.7126,0.71271,1.37,1.50
2015.07.14 08:34:30.680,0.71259,0.71271,1.37,2.62
2015.07.14 08:34:31.088,0.71258,0.71268,1.50,1.00
2015.07.14 08:34:31.632,0.71258,0.71269,1.00,1.50
2015.07.14 08:34:32.275,0.71257,0.71269,1.12,1.00
2015.07.14 08:34:32.751,0.71256,0.71266,1.37,1.00
2015.07.14 08:34:33.262,0.71255,0.71267,3.37,1.00
2015.07.14 08:34:34.064,0.71257,0.7127,1.87,2.70
2015.07.14 08:34:34.369,0.7126,0.71271,1.00,2.62
2015.07.14 08:34:34.913,0.71258,0.71271,1.87,1.37
2015.07.14 08:34:35.219,0.71258,0.71271,1.37,1.37
2015.07.14 08:34:36.149,0.71259,0.71269,1.37,1.12
2015.07.14 08:34:36.679,0.71261,0.71269,1.00,1.12
2015.07.14 08:34:37.584,0.7126,0.71268,1.37,1.00
2015.07.14 08:34:37.992,0.71258,0.71268,2.62,1.12
2015.07.14 08:34:38.533,0.71258,0.71267,2.62,1.00
2015.07.14 08:34:39.048,0.71258,0.71267,2.62,1.12
2015.07.14 08:34:39.304,0.71261,0.7127,1.00,2.70
2015.07.14 08:34:39.609,0.71263,0.71272,1.00,1.12
2015.07.14 08:34:39.864,0.71265,0.71275,1.00,1.37
2015.07.14 08:34:40.222,0.71267,0.71277,1.00,1.37
2015.07.14 08:34:40.325,0.71267,0.71279,1.00,2.77
2015.07.14 08:34:40.428,0.71265,0.71277,1.37,1.50
2015.07.14 08:34:41.087,0.71264,0.71276,1.87,1.87
2015.07.14 08:34:41.649,0.71264,0.71277,3.37,1.12
2015.07.14 08:34:41.853,0.71267,0.71278,1.00,2.62
2015.07.14 08:34:41.904,0.71265,0.71278,1.87,3.37
2015.07.14 08:34:42.212,0.71266,0.71279,3.37,1.95
2015.07.14 08:34:42.874,0.71267,0.71276,1.12,1.00
2015.07.14 08:34:43.481,0.71266,0.71277,1.37,1.00
2015.07.14 08:34:43.788,0.71264,0.71273,1.37,1.00
2015.07.14 08:34:44.311,0.71265,0.71276,1.00,2.62
2015.07.14 08:34:44.820,0.71266,0.71274,1.00,1.12
2015.07.14 08:34:44.922,0.71264,0.71274,1.00,1.12
2015.07.14 08:34:45.842,0.71266,0.71274,1.00,1.12
2015.07.14 08:34:45.995,0.71267,0.71278,1.12,1.95
2015.07.14 08:34:46.047,0.71267,0.71278,1.50,1.95
2015.07.14 08:34:46.194,0.71268,0.71276,1.00,1.00
2015.07.14 08:34:46.450,0.71266,0.71275,1.12,1.00
2015.07.14 08:34:46.653,0.71264,0.71274,1.87,1.00
2015.07.14 08:34:46.959,0.71264,0.71278,3.37,1.37
2015.07.14 08:34:47.279,0.71265,0.71276,1.12,1.37
2015.07.14 08:34:47.789,0.71267,0.7128,1.00,1.95
2015.07.14 08:34:47.840,0.71268,0.71281,1.00,1.65
2015.07.14 08:34:48.146,0.7127,0.71282,1.87,1.20
2015.07.14 08:34:48.467,0.71274,0.71287,1.12,1.47
2015.07.14 08:34:48.976,0.71275,0.71288,1.50,1.87
2015.07.14 08:34:49.320,0.71277,0.71288,1.00,1.37
2015.07.14 08:34:49.729,0.71275,0.71288,1.50,1.37
2015.07.14 08:34:50.238,0.71275,0.71288,1.37,1.37
2015.07.14 08:34:50.791,0.71274,0.71288,1.37,1.37
2015.07.14 08:34:51.776,0.71275,0.71287,1.00,1.37
2015.07.14 08:34:52.290,0.71276,0.71287,1.00,1.37
2015.07.14 08:34:52.799,0.71275,0.71286,1.00,1.37
2015.07.14 08:34:53.319,0.71276,0.71285,1.00,1.37
2015.07.14 08:34:54.035,0.71273,0.71282,1.37,1.00
2015.07.14 08:34:54.137,0.71274,0.71284,1.12,1.12
2015.07.14 08:34:54.188,0.71274,0.71284,1.00,1.37
2015.07.14 08:34:54.393,0.71272,0.71282,1.12,1.12
2015.07.14 08:34:54.903,0.71272,0.71282,1.00,1.37
2015.07.14 08:34:55.210,0.71275,0.71282,1.00,1.37
2015.07.14 08:34:55.262,0.71272,0.71282,1.00,1.87
2015.07.14 08:34:55.669,0.7127,0.71282,1.12,1.37
2015.07.14 08:34:55.873,0.71268,0.71281,1.87,1.37
2015.07.14 08:34:56.178,0.71266,0.71277,2.62,1.00
2015.07.14 08:34:56.782,0.71264,0.71275,1.87,1.00
2015.07.14 08:34:56.990,0.71264,0.71277,1.87,1.50
2015.07.14 08:34:57.499,0.71271,0.7128,1.00,1.50
2015.07.14 08:34:57.695,0.71271,0.7128,1.00,1.12
2015.07.14 08:34:58.003,0.71272,0.71285,1.00,3.52
2015.07.14 08:34:58.056,0.71273,0.71285,1.60,2.77
2015.07.14 08:34:58.363,0.71275,0.71288,3.22,1.87
2015.07.14 08:34:58.965,0.71277,0.71285,1.00,1.12
2015.07.14 08:34:59.120,0.71278,0.71288,1.00,1.37
2015.07.14 08:34:59.669,0.71276,0.71289,1.37,1.37
2015.07.14 08:35:00.026,0.7128,0.71291,1.00,1.95
2015.07.14 08:35:00.180,0.7128,0.71291,1.12,1.47
2015.07.14 08:35:00.833,0.7128,0.71289,1.12,1.00
2015.07.14 08:35:02.247,0.71278,0.7129,1.37,1.12
2015.07.14 08:35:02.401,0.71277,0.71287,1.37,1.00
2015.07.14 08:35:02.708,0.71275,0.71286,1.37,1.37
2015.07.14 08:35:02.810,0.71275,0.71286,1.37,1.00
2015.07.14 08:35:03.221,0.71277,0.71288,1.37,1.00
2015.07.14 08:35:03.731,0.71278,0.71289,1.37,1.87
2015.07.14 08:35:04.141,0.71279,0.71287,1.12,1.00
2015.07.14 08:35:04.192,0.71279,0.71289,1.12,2.62
2015.07.14 08:35:04.703,0.71278,0.71287,1.37,1.00
2015.07.14 08:35:05.152,0.71277,0.71285,1.37,1.00
2015.07.14 08:35:05.305,0.71275,0.71285,1.87,1.87
2015.07.14 08:35:05.459,0.71275,0.71283,1.12,1.00
2015.07.14 08:35:05.765,0.71276,0.71284,1.37,1.10
2015.07.14 08:35:05.817,0.71276,0.71287,1.37,1.27
2015.07.14 08:35:05.986,0.71275,0.71283,1.37,1.00
2015.07.14 08:35:06.088,0.71275,0.71286,1.37,1.87
2015.07.14 08:35:06.444,0.71275,0.71285,1.37,1.37
2015.07.14 08:35:06.648,0.71273,0.71284,1.00,1.37
2015.07.14 08:35:07.176,0.71274,0.71284,1.00,1.37
2015.07.14 08:35:07.689,0.71274,0.71284,1.00,1.00
2015.07.14 08:35:08.202,0.71274,0.71285,1.00,1.12
2015.07.14 08:35:08.711,0.71273,0.71285,1.12,1.87
2015.07.14 08:35:12.210,0.71274,0.71283,1.00,1.00
2015.07.14 08:35:12.669,0.71272,0.71283,1.00,1.37
2015.07.14 08:35:12.721,0.7127,0.71282,1.87,1.87
2015.07.14 08:35:12.905,0.71268,0.71279,1.37,1.00
2015.07.14 08:35:12.957,0.71267,0.71279,1.12,1.37
2015.07.14 08:35:13.470,0.71266,0.71278,1.00,2.70
2015.07.14 08:35:14.007,0.71264,0.71278,1.37,2.62
2015.07.14 08:35:14.365,0.71263,0.71276,1.87,1.87
2015.07.14 08:35:14.721,0.71262,0.71272,1.87,1.00
2015.07.14 08:35:14.772,0.71262,0.71272,1.37,1.12
2015.07.14 08:35:15.026,0.71261,0.71273,1.87,1.87
2015.07.14 08:35:15.534,0.71262,0.71272,1.00,1.37
2015.07.14 08:35:15.834,0.71264,0.71274,1.00,1.87
2015.07.14 08:35:15.886,0.71264,0.71274,1.00,1.37
2015.07.14 08:35:16.039,0.71264,0.71276,1.12,1.87
2015.07.14 08:35:16.142,0.71266,0.71276,1.00,1.37
2015.07.14 08:35:16.245,0.71266,0.71277,1.00,1.12
2015.07.14 08:35:16.765,0.71267,0.71277,1.00,1.12
2015.07.14 08:35:17.020,0.71264,0.71275,2.62,1.00
2015.07.14 08:35:17.327,0.71267,0.71277,1.37,1.00
2015.07.14 08:35:17.697,0.71267,0.71272,1.37,1.00
2015.07.14 08:35:17.749,0.71265,0.71275,1.37,1.00
2015.07.14 08:35:18.467,0.71265,0.71274,1.37,1.00
2015.07.14 08:35:19.179,0.71265,0.71272,1.37,1.00
2015.07.14 08:35:19.231,0.71265,0.71274,1.37,1.00
2015.07.14 08:35:19.282,0.71263,0.71274,1.87,1.12
2015.07.14 08:35:19.333,0.71263,0.71271,1.37,1.00
2015.07.14 08:35:19.843,0.71261,0.71271,1.87,1.00
2015.07.14 08:35:20.352,0.71261,0.7127,1.12,1.00
2015.07.14 08:35:21.258,0.71261,0.71272,1.12,1.37
2015.07.14 08:35:21.360,0.71263,0.71273,1.12,1.10
2015.07.14 08:35:21.704,0.71265,0.71273,1.00,1.00
2015.07.14 08:35:22.165,0.71263,0.71273,1.87,1.00
2015.07.14 08:35:22.679,0.71261,0.71272,1.37,1.00
2015.07.14 08:35:23.594,0.71261,0.71271,1.12,1.12
2015.07.14 08:35:24.125,0.71259,0.7127,2.62,1.00
2015.07.14 08:35:25.410,0.71264,0.7127,1.00,1.50
2015.07.14 08:35:25.826,0.71265,0.71273,1.00,1.87
2015.07.14 08:35:26.227,0.71265,0.71271,1.00,1.00
2015.07.14 08:35:26.739,0.71264,0.71271,1.00,1.00
2015.07.14 08:35:27.809,0.71265,0.71271,1.00,1.50
2015.07.14 08:35:27.911,0.71265,0.71274,1.00,1.27
2015.07.14 08:35:28.912,0.71265,0.71276,1.12,1.87
2015.07.14 08:35:29.015,0.71265,0.71274,1.00,1.37
2015.07.14 08:35:29.986,0.71265,0.71276,1.37,1.37
2015.07.14 08:35:31.708,0.71267,0.71276,1.00,1.37
2015.07.14 08:35:32.014,0.71269,0.71276,1.00,1.37
2015.07.14 08:35:32.524,0.71268,0.71278,1.00,1.37
2015.07.14 08:35:32.876,0.7127,0.71279,1.00,3.22
2015.07.14 08:35:32.978,0.71268,0.71276,1.00,1.12
2015.07.14 08:35:33.487,0.71268,0.7128,1.37,1.87
2015.07.14 08:35:34.029,0.7127,0.71279,1.00,1.37
2015.07.14 08:35:34.233,0.7127,0.71279,1.12,1.37
2015.07.14 08:35:35.081,0.71271,0.71281,1.00,1.37
2015.07.14 08:35:35.132,0.71271,0.71281,1.50,1.12
2015.07.14 08:35:35.540,0.71274,0.71281,1.00,1.12
2015.07.14 08:35:36.182,0.71274,0.71283,1.12,1.37
2015.07.14 08:35:36.794,0.71274,0.71281,1.00,1.00
2015.07.14 08:35:37.201,0.71276,0.71284,1.00,1.37
2015.07.14 08:35:37.305,0.71276,0.71285,1.00,1.12
2015.07.14 08:35:37.459,0.71277,0.71287,1.12,1.12
2015.07.14 08:35:38.747,0.71279,0.71287,1.00,1.12
2015.07.14 08:35:39.301,0.71279,0.71286,1.00,1.00
2015.07.14 08:35:39.810,0.71279,0.71287,1.12,1.00
2015.07.14 08:35:40.372,0.71279,0.71286,1.12,1.00
2015.07.14 08:35:41.016,0.71279,0.71287,1.00,1.12
2015.07.14 08:35:41.322,0.71276,0.71284,1.12,1.12
2015.07.14 08:35:41.622,0.71276,0.71286,1.37,1.00
2015.07.14 08:35:42.139,0.71276,0.71287,1.87,1.12
2015.07.14 08:35:42.790,0.71276,0.71286,1.41,1.00
2015.07.14 08:35:43.300,0.71276,0.71286,1.12,1.12
2015.07.14 08:35:43.861,0.71276,0.71286,1.37,1.00
2015.07.14 08:35:44.371,0.71276,0.71285,1.37,1.50
2015.07.14 08:35:44.422,0.71273,0.71282,2.62,1.00
2015.07.14 08:35:44.801,0.71278,0.71286,1.00,1.37
2015.07.14 08:35:45.207,0.71278,0.71287,1.12,1.00
2015.07.14 08:35:45.715,0.71278,0.71286,1.12,1.00
2015.07.14 08:35:46.221,0.71278,0.71285,1.37,1.00
2015.07.14 08:35:46.529,0.71278,0.71287,1.37,1.00
2015.07.14 08:35:47.338,0.71278,0.71286,1.37,1.00
2015.07.14 08:35:47.886,0.71278,0.71287,1.37,1.00
2015.07.14 08:35:48.922,0.71278,0.71288,1.37,1.00
2015.07.14 08:35:49.126,0.71278,0.71285,1.37,1.00
2015.07.14 08:35:50.240,0.71276,0.71288,1.37,2.62
2015.07.14 08:35:50.342,0.71277,0.71285,1.37,1.00
2015.07.14 08:35:51.058,0.71277,0.71287,1.37,1.87
2015.07.14 08:35:51.363,0.71275,0.71285,1.37,1.00
2015.07.14 08:35:51.669,0.71275,0.71285,1.12,1.12
2015.07.14 08:35:52.954,0.71275,0.71284,1.12,1.00
2015.07.14 08:35:53.056,0.71274,0.71281,1.12,1.00
2015.07.14 08:35:53.458,0.71272,0.7128,1.00,1.00
2015.07.14 08:35:53.662,0.71272,0.71283,1.00,2.62
2015.07.14 08:35:53.714,0.71274,0.71283,1.00,2.62
2015.07.14 08:35:53.868,0.71274,0.71285,1.00,2.70
2015.07.14 08:35:54.301,0.71276,0.71286,1.00,1.37
2015.07.14 08:35:54.609,0.71277,0.71285,1.37,1.00
2015.07.14 08:35:54.762,0.71278,0.71287,1.87,1.00
2015.07.14 08:35:55.192,0.71279,0.7129,1.37,1.20
2015.07.14 08:35:55.705,0.71281,0.71289,1.00,1.00
2015.07.14 08:35:56.473,0.71281,0.71289,1.37,1.00
2015.07.14 08:35:56.983,0.71281,0.7129,1.37,1.00
2015.07.14 08:35:57.713,0.71279,0.71289,1.87,1.00
2015.07.14 08:35:58.230,0.71281,0.7129,1.12,1.50
2015.07.14 08:35:58.740,0.71281,0.71289,1.12,1.00
2015.07.14 08:35:59.250,0.71278,0.7129,2.62,1.12
2015.07.14 08:35:59.807,0.71279,0.71289,1.37,1.00
2015.07.14 08:36:00.367,0.71279,0.7129,2.62,1.50
2015.07.14 08:36:01.253,0.71279,0.71289,2.62,1.00
2015.07.14 08:36:01.761,0.71279,0.7129,3.37,1.00
2015.07.14 08:36:01.864,0.71282,0.71291,1.37,1.00
2015.07.14 08:36:02.388,0.71283,0.71292,1.12,1.00
2015.07.14 08:36:02.897,0.71281,0.71291,2.62,1.87
2015.07.14 08:36:05.387,0.71282,0.71292,1.37,1.87
2015.07.14 08:36:05.897,0.71283,0.71294,1.87,1.87
2015.07.14 08:36:06.101,0.71284,0.71296,1.37,1.47
2015.07.14 08:36:06.706,0.71285,0.71296,1.37,1.00
2015.07.14 08:36:07.215,0.71286,0.71298,1.37,2.62
2015.07.14 08:36:07.719,0.71286,0.71297,1.87,1.00
2015.07.14 08:36:08.228,0.71287,0.71296,1.87,1.00
2015.07.14 08:36:08.767,0.71289,0.71296,1.00,1.00
2015.07.14 08:36:09.353,0.71288,0.71299,1.87,1.12
2015.07.14 08:36:09.455,0.71291,0.71298,1.00,1.00
2015.07.14 08:36:09.804,0.71289,0.71295,1.00,1.00
2015.07.14 08:36:09.855,0.71289,0.71299,1.50,1.37
2015.07.14 08:36:10.362,0.7129,0.713,1.12,1.87
2015.07.14 08:36:10.667,0.71288,0.71298,1.87,1.00
2015.07.14 08:36:11.190,0.71288,0.71298,2.62,1.00
2015.07.14 08:36:11.701,0.71288,0.71299,1.87,1.12
2015.07.14 08:36:12.189,0.71292,0.71299,1.00,1.00
2015.07.14 08:36:12.950,0.71289,0.71299,1.37,1.00
2015.07.14 08:36:13.358,0.71288,0.71297,1.87,1.00
2015.07.14 08:36:13.664,0.7129,0.713,1.37,1.87
2015.07.14 08:36:14.180,0.7129,0.71299,1.12,1.00
2015.07.14 08:36:14.385,0.7129,0.713,1.37,1.50
2015.07.14 08:36:15.386,0.7129,0.713,1.87,1.00
2015.07.14 08:36:16.420,0.71291,0.713,1.37,1.00
2015.07.14 08:36:16.574,0.7129,0.71302,3.30,1.00
2015.07.14 08:36:16.625,0.71291,0.71303,2.62,2.25
2015.07.14 08:36:16.727,0.71295,0.71305,1.37,1.00
2015.07.14 08:36:17.272,0.71296,0.71307,1.12,1.37
2015.07.14 08:36:17.325,0.71297,0.71307,1.37,1.00
2015.07.14 08:36:17.632,0.71298,0.71313,2.62,4.50
2015.07.14 08:36:18.097,0.71307,0.71312,1.00,1.00
2015.07.14 08:36:18.404,0.71315,0.71321,1.00,1.57
2015.07.14 08:36:18.456,0.71312,0.71321,1.00,1.57
2015.07.14 08:36:18.509,0.71316,0.71322,1.00,1.57
2015.07.14 08:36:18.706,0.71314,0.71322,1.00,1.75
2015.07.14 08:36:18.757,0.71315,0.71321,1.00,1.00
2015.07.14 08:36:18.911,0.71318,0.71323,1.00,1.12
2015.07.14 08:36:19.116,0.71318,0.71324,1.00,1.12
2015.07.14 08:36:19.219,0.71321,0.71327,1.00,3.00
2015.07.14 08:36:19.570,0.71323,0.71329,1.00,1.87
2015.07.14 08:36:19.622,0.71324,0.71331,1.00,1.50
2015.07.14 08:36:19.929,0.71327,0.71334,1.00,2.25
2015.07.14 08:36:20.124,0.71329,0.71336,1.00,1.37
2015.07.14 08:36:20.175,0.71327,0.71337,1.00,1.87
2015.07.14 08:36:20.227,0.71329,0.71337,1.00,1.37
2015.07.14 08:36:20.431,0.71332,0.71339,1.00,1.47
2015.07.14 08:36:20.639,0.71331,0.71339,1.00,1.37
2015.07.14 08:36:21.155,0.7133,0.71339,1.00,1.37
2015.07.14 08:36:21.410,0.71327,0.7134,1.00,1.87
2015.07.14 08:36:21.564,0.71324,0.71334,1.07,1.00
2015.07.14 08:36:21.717,0.71323,0.71332,1.00,1.00
2015.07.14 08:36:21.871,0.71318,0.7133,1.37,1.00
2015.07.14 08:36:21.922,0.71318,0.71326,1.00,1.00
2015.07.14 08:36:22.241,0.71314,0.71324,1.00,1.12
2015.07.14 08:36:22.344,0.7131,0.71322,1.37,1.00
2015.07.14 08:36:22.397,0.7131,0.71319,1.37,1.00
2015.07.14 08:36:22.948,0.71312,0.71319,1.00,1.95
2015.07.14 08:36:23.255,0.71313,0.71318,1.00,1.12
2015.07.14 08:36:23.358,0.71312,0.71318,1.00,1.12
2015.07.14 08:36:23.410,0.71312,0.71316,1.00,1.00
2015.07.14 08:36:23.461,0.71306,0.71316,1.12,1.00
2015.07.14 08:36:23.986,0.71304,0.71315,1.37,1.00
2015.07.14 08:36:24.037,0.71304,0.71313,1.37,1.00
2015.07.14 08:36:24.396,0.71303,0.71317,3.37,1.37
2015.07.14 08:36:24.549,0.71306,0.71312,1.00,1.00
2015.07.14 08:36:24.790,0.71305,0.71314,1.50,1.12
2015.07.14 08:36:24.892,0.71305,0.71317,1.00,1.95
2015.07.14 08:36:25.148,0.71305,0.71318,2.62,2.62
2015.07.14 08:36:25.453,0.71313,0.71319,1.00,1.87
2015.07.14 08:36:25.923,0.71316,0.7132,1.00,1.12
2015.07.14 08:36:25.974,0.71316,0.71322,1.00,1.12
2015.07.14 08:36:26.282,0.71316,0.71325,1.00,1.47
2015.07.14 08:36:26.427,0.71319,0.71324,1.00,1.12
2015.07.14 08:36:26.494,0.71316,0.71324,1.00,1.12
2015.07.14 08:36:26.546,0.71314,0.71324,1.00,1.00
2015.07.14 08:36:26.648,0.71312,0.71322,1.50,1.00
2015.07.14 08:36:26.953,0.71312,0.71318,1.00,1.00
2015.07.14 08:36:27.055,0.7131,0.71318,1.00,1.37
2015.07.14 08:36:27.208,0.71313,0.71317,1.00,1.12
2015.07.14 08:36:27.639,0.71311,0.7132,1.00,2.62
2015.07.14 08:36:27.691,0.71309,0.7132,1.00,2.62
2015.07.14 08:36:27.997,0.71312,0.71321,1.00,1.45
2015.07.14 08:36:28.048,0.71307,0.71321,1.00,1.47
2015.07.14 08:36:28.099,0.71309,0.71321,1.00,1.47
2015.07.14 08:36:28.213,0.71309,0.71321,1.00,1.47
2015.07.14 08:36:28.269,0.71309,0.71322,1.12,1.87
2015.07.14 08:36:28.575,0.71309,0.71322,1.37,1.87
2015.07.14 08:36:29.398,0.71314,0.71322,1.00,1.12
2015.07.14 08:36:29.552,0.71313,0.71324,1.12,1.12
2015.07.14 08:36:29.756,0.7131,0.71319,1.37,1.00
2015.07.14 08:36:29.955,0.7131,0.71321,1.00,1.12
2015.07.14 08:36:30.159,0.71312,0.71323,1.00,1.37
2015.07.14 08:36:30.261,0.71312,0.71324,1.00,1.12
2015.07.14 08:36:30.517,0.7131,0.71323,1.12,1.00
2015.07.14 08:36:30.568,0.71319,0.71323,1.00,1.00
2015.07.14 08:36:30.621,0.71315,0.71325,2.47,1.00
2015.07.14 08:36:30.673,0.71315,0.71325,2.47,1.00
2015.07.14 08:36:30.824,0.71318,0.71327,1.72,1.12
2015.07.14 08:36:30.979,0.71319,0.71328,1.72,1.00
2015.07.14 08:36:31.031,0.71319,0.71331,1.72,1.37
2015.07.14 08:36:31.390,0.71321,0.71332,1.37,1.12
2015.07.14 08:36:31.777,0.71321,0.71332,1.95,1.00
2015.07.14 08:36:32.341,0.71321,0.71333,1.95,1.50
2015.07.14 08:36:32.874,0.71321,0.71333,1.95,1.87
2015.07.14 08:36:33.383,0.71324,0.71334,1.00,1.37
2015.07.14 08:36:33.694,0.71323,0.71334,2.62,1.87
2015.07.14 08:36:33.898,0.71322,0.71332,1.87,1.00
2015.07.14 08:36:34.472,0.71323,0.71333,1.12,1.00
2015.07.14 08:36:34.779,0.71324,0.71333,1.37,1.00
2015.07.14 08:36:34.987,0.71324,0.71335,1.37,1.87
2015.07.14 08:36:35.534,0.71324,0.71334,1.37,1.00
2015.07.14 08:36:35.688,0.71324,0.71332,1.37,1.00
2015.07.14 08:36:36.198,0.71325,0.71335,1.00,2.62
2015.07.14 08:36:36.520,0.71325,0.71332,1.00,1.50
2015.07.14 08:36:36.675,0.71322,0.71332,1.20,1.87
2015.07.14 08:36:36.778,0.71322,0.7133,1.12,1.00
2015.07.14 08:36:37.294,0.71323,0.71332,1.12,1.12
2015.07.14 08:36:37.346,0.71325,0.71332,1.00,1.12
2015.07.14 08:36:37.398,0.71325,0.71337,3.22,2.02
2015.07.14 08:36:37.501,0.71327,0.71337,1.30,1.20
2015.07.14 08:36:37.604,0.71324,0.71334,1.87,1.00
2015.07.14 08:36:37.706,0.71323,0.71334,1.37,1.50
2015.07.14 08:36:38.263,0.71322,0.71333,1.87,1.00
2015.07.14 08:36:38.314,0.71322,0.71334,1.37,1.12
2015.07.14 08:36:38.365,0.71322,0.71334,1.72,1.00
2015.07.14 08:36:38.826,0.71323,0.71336,1.87,2.62
2015.07.14 08:36:39.383,0.71325,0.71337,3.22,1.12
2015.07.14 08:36:40.060,0.71324,0.71336,2.47,1.00
2015.07.14 08:36:40.582,0.71325,0.71337,1.72,1.12
2015.07.14 08:36:40.988,0.71326,0.71334,1.37,1.00
2015.07.14 08:36:42.612,0.71326,0.71332,1.12,1.00
2015.07.14 08:36:42.758,0.71324,0.71335,1.45,1.50
2015.07.14 08:36:42.810,0.71324,0.71333,1.37,1.50
2015.07.14 08:36:43.319,0.71324,0.71334,2.47,1.00
2015.07.14 08:36:43.813,0.71322,0.71332,1.95,1.00
2015.07.14 08:36:44.329,0.71323,0.71333,1.37,1.50
2015.07.14 08:36:44.687,0.7132,0.71331,1.55,1.00
2015.07.14 08:36:44.996,0.71321,0.71332,1.87,1.00
2015.07.14 08:36:45.251,0.71322,0.71333,1.12,1.37
2015.07.14 08:36:45.506,0.7132,0.71332,3.37,1.00
2015.07.14 08:36:45.660,0.71321,0.71334,1.47,2.62
2015.07.14 08:36:46.231,0.71322,0.71333,1.37,1.00
2015.07.14 08:36:46.384,0.7132,0.71331,2.02,1.00
2015.07.14 08:36:46.488,0.71319,0.71328,1.45,1.00
2015.07.14 08:36:46.590,0.71317,0.71329,1.47,1.87
2015.07.14 08:36:46.896,0.71316,0.71329,1.37,3.37
2015.07.14 08:36:47.536,0.71314,0.71326,1.87,1.00
2015.07.14 08:36:47.843,0.71315,0.71324,1.00,1.00
2015.07.14 08:36:48.149,0.71311,0.71324,1.87,1.37
2015.07.14 08:36:48.405,0.71311,0.71321,1.12,1.00
2015.07.14 08:36:49.316,0.7131,0.71321,1.12,1.12
2015.07.14 08:36:49.862,0.71311,0.71323,1.12,1.37
2015.07.14 08:36:50.606,0.7131,0.71321,1.87,1.00
2015.07.14 08:36:51.215,0.7131,0.71322,1.37,1.00
2015.07.14 08:36:51.725,0.71311,0.71324,1.12,1.87
2015.07.14 08:36:52.266,0.7131,0.71322,2.62,1.00
2015.07.14 08:36:52.725,0.71312,0.71324,1.37,1.12
2015.07.14 08:36:52.827,0.71314,0.71326,1.87,1.12
2015.07.14 08:36:53.377,0.71316,0.71326,1.00,1.12
2015.07.14 08:36:53.530,0.71318,0.71328,1.00,1.37
2015.07.14 08:36:53.633,0.71317,0.7133,1.12,2.62
2015.07.14 08:36:53.837,0.71319,0.7133,1.37,1.12
2015.07.14 08:36:54.041,0.71319,0.71332,1.87,1.50
2015.07.14 08:36:54.896,0.71321,0.71331,1.12,1.00
2015.07.14 08:36:55.151,0.71318,0.71329,1.87,1.00
2015.07.14 08:36:55.686,0.71318,0.71331,1.87,1.37
2015.07.14 08:36:56.246,0.71323,0.7133,1.00,1.00
2015.07.14 08:36:56.362,0.71326,0.71334,1.87,1.00
2015.07.14 08:36:56.413,0.71327,0.71336,1.00,1.00
2015.07.14 08:36:56.922,0.71328,0.71337,1.12,1.00
2015.07.14 08:36:57.311,0.71328,0.71339,3.37,1.12
2015.07.14 08:36:57.364,0.71331,0.71339,1.50,1.00
2015.07.14 08:36:57.416,0.71331,0.71342,2.62,1.00
2015.07.14 08:36:57.927,0.71331,0.71343,1.37,1.12
2015.07.14 08:36:57.978,0.71332,0.71341,1.12,1.00
2015.07.14 08:36:58.321,0.71328,0.71337,2.02,1.00
2015.07.14 08:36:58.373,0.71328,0.71337,1.95,1.00
2015.07.14 08:36:58.628,0.71323,0.7133,2.62,1.00
2015.07.14 08:36:58.680,0.71323,0.71333,1.37,1.00
2015.07.14 08:36:58.731,0.71323,0.71333,1.37,1.00
2015.07.14 08:36:58.782,0.71322,0.71335,1.87,3.37
2015.07.14 08:36:58.834,0.71322,0.71335,1.87,3.37
2015.07.14 08:36:59.341,0.71322,0.7133,1.37,1.00
2015.07.14 08:36:59.443,0.7132,0.7133,1.45,1.00
2015.07.14 08:36:59.648,0.71319,0.7133,1.87,1.00
2015.07.14 08:37:00.337,0.7132,0.71331,1.12,1.00
2015.07.14 08:37:00.440,0.71322,0.71331,1.00,1.00
2015.07.14 08:37:01.041,0.71323,0.71331,1.00,1.00
2015.07.14 08:37:01.549,0.71321,0.7133,1.87,1.00
2015.07.14 08:37:02.334,0.71319,0.7133,1.00,1.00
2015.07.14 08:37:02.742,0.71317,0.71327,1.95,1.00
2015.07.14 08:37:03.272,0.71315,0.71326,1.37,1.12
2015.07.14 08:37:03.579,0.71315,0.71326,1.12,1.37
2015.07.14 08:37:03.917,0.71315,0.71322,1.37,1.00
2015.07.14 08:37:03.968,0.71315,0.71325,1.87,1.00
2015.07.14 08:37:04.173,0.71317,0.71322,1.00,1.00
2015.07.14 08:37:04.579,0.71316,0.71327,1.12,1.37
2015.07.14 08:37:04.984,0.71317,0.71323,1.12,1.00
2015.07.14 08:37:05.443,0.71314,0.71323,1.87,1.00
2015.07.14 08:37:05.545,0.71314,0.71323,1.87,1.00
2015.07.14 08:37:05.693,0.71316,0.71326,1.72,1.00
2015.07.14 08:37:06.052,0.71319,0.71327,1.37,1.00
2015.07.14 08:37:07.067,0.71319,0.71327,2.62,1.00
2015.07.14 08:37:08.184,0.71319,0.71327,1.37,1.00
2015.07.14 08:37:08.587,0.71318,0.71329,3.45,1.00
2015.07.14 08:37:09.095,0.71318,0.71327,2.70,1.00
2015.07.14 08:37:09.451,0.71318,0.71326,2.62,1.00
2015.07.14 08:37:09.936,0.71318,0.71328,1.37,1.00
2015.07.14 08:37:10.294,0.71318,0.71325,1.37,1.00
2015.07.14 08:37:10.448,0.71317,0.71327,1.37,1.50
2015.07.14 08:37:10.744,0.71316,0.71329,2.55,1.00
2015.07.14 08:37:10.897,0.7132,0.7133,1.37,1.00
2015.07.14 08:37:11.800,0.71318,0.7133,2.70,1.50
2015.07.14 08:37:12.669,0.71318,0.7133,1.37,1.12
2015.07.14 08:37:13.385,0.71319,0.71331,1.87,1.00
2015.07.14 08:37:13.986,0.7132,0.71329,2.62,1.00
2015.07.14 08:37:14.292,0.71322,0.71329,1.37,1.00
2015.07.14 08:37:14.806,0.71322,0.71329,1.12,1.00
2015.07.14 08:37:15.526,0.71323,0.71329,1.00,1.00
2015.07.14 08:37:15.577,0.71323,0.71331,1.00,1.12
2015.07.14 08:37:16.091,0.71321,0.71331,3.45,1.00
2015.07.14 08:37:16.725,0.71321,0.71331,2.70,1.00
2015.07.14 08:37:17.338,0.7132,0.71329,2.62,1.00
2015.07.14 08:37:17.492,0.7132,0.71329,1.87,1.00
2015.07.14 08:37:17.890,0.7132,0.71327,1.12,1.00
2015.07.14 08:37:18.400,0.71318,0.71327,1.37,1.00
2015.07.14 08:37:19.591,0.71317,0.71325,1.37,1.00
2015.07.14 08:37:20.191,0.71316,0.71325,2.02,1.00
2015.07.14 08:37:23.049,0.71317,0.71327,1.37,1.00
2015.07.14 08:37:23.205,0.71318,0.71326,1.37,1.00
2015.07.14 08:37:23.563,0.71319,0.7133,2.47,1.00
2015.07.14 08:37:23.614,0.71323,0.71329,1.00,1.00
2015.07.14 08:37:23.969,0.71323,0.71329,1.50,1.00
2015.07.14 08:37:24.021,0.71322,0.71331,1.12,1.00
2015.07.14 08:37:24.123,0.71322,0.71333,1.95,1.50
2015.07.14 08:37:24.479,0.71324,0.71335,1.12,1.12
2015.07.14 08:37:24.890,0.71325,0.71333,2.62,1.00
2015.07.14 08:37:25.044,0.71324,0.71332,1.12,1.00
2015.07.14 08:37:25.095,0.71324,0.7133,1.12,1.00
2015.07.14 08:37:25.401,0.71321,0.71327,1.00,1.00
2015.07.14 08:37:25.810,0.71317,0.71329,2.62,1.00
2015.07.14 08:37:26.324,0.71317,0.71328,1.37,1.00
2015.07.14 08:37:26.426,0.71317,0.71327,1.37,1.00
2015.07.14 08:37:26.777,0.71316,0.71323,1.87,1.00
2015.07.14 08:37:26.930,0.71316,0.71323,1.00,1.00
2015.07.14 08:37:26.981,0.71314,0.71323,1.00,1.00
2015.07.14 08:37:27.135,0.71316,0.71323,1.00,1.00
2015.07.14 08:37:27.441,0.71314,0.71323,1.12,1.50
2015.07.14 08:37:27.698,0.71315,0.71324,1.72,1.50
2015.07.14 08:37:27.800,0.71315,0.71326,1.87,1.12
2015.07.14 08:37:28.106,0.71315,0.71326,1.87,1.00
2015.07.14 08:37:28.683,0.71315,0.71323,1.72,1.00
2015.07.14 08:37:29.193,0.71314,0.71323,2.62,1.00
2015.07.14 08:37:29.697,0.71314,0.71324,1.87,1.00
2015.07.14 08:37:29.951,0.71312,0.71321,1.20,1.00
2015.07.14 08:37:30.105,0.71312,0.7132,1.37,1.00
2015.07.14 08:37:30.833,0.7131,0.7132,1.37,1.00
2015.07.14 08:37:30.999,0.71309,0.71322,2.62,1.50
2015.07.14 08:37:31.508,0.7131,0.71321,1.87,1.00
2015.07.14 08:37:32.052,0.71311,0.71321,1.87,1.00
2015.07.14 08:37:32.180,0.71315,0.71323,1.00,1.00
2015.07.14 08:37:32.333,0.71316,0.71326,1.12,1.50
2015.07.14 08:37:32.588,0.71318,0.71325,1.00,1.00
2015.07.14 08:37:32.895,0.7132,0.71326,1.00,1.00
2015.07.14 08:37:33.048,0.71317,0.71326,1.87,1.00
2015.07.14 08:37:33.100,0.71319,0.71327,1.00,1.00
2015.07.14 08:37:33.251,0.71317,0.71326,1.12,1.00
2015.07.14 08:37:33.762,0.71317,0.71326,1.00,1.37
2015.07.14 08:37:34.358,0.71317,0.71326,1.12,1.00
2015.07.14 08:37:35.263,0.7132,0.71326,1.00,1.00
2015.07.14 08:37:35.365,0.7132,0.71328,1.00,1.12
2015.07.14 08:37:35.729,0.71321,0.7133,1.12,1.00
2015.07.14 08:37:35.831,0.71323,0.71331,1.00,1.12
2015.07.14 08:37:35.883,0.71321,0.71331,1.12,1.12
2015.07.14 08:37:36.087,0.71323,0.71331,1.00,1.12
2015.07.14 08:37:36.139,0.7132,0.71331,1.37,1.87
2015.07.14 08:37:36.445,0.71321,0.7133,1.00,1.37
2015.07.14 08:37:36.695,0.71319,0.7133,1.37,1.00
2015.07.14 08:37:37.611,0.71322,0.7133,1.00,1.00
2015.07.14 08:37:37.929,0.71318,0.71327,1.37,1.00
2015.07.14 08:37:38.032,0.71319,0.7133,1.12,2.62
2015.07.14 08:37:38.135,0.71318,0.71329,1.00,1.37
2015.07.14 08:37:38.738,0.71316,0.71328,1.37,1.37
2015.07.14 08:37:39.580,0.71318,0.71327,1.00,1.12
2015.07.14 08:37:41.939,0.71318,0.71326,1.12,1.00
2015.07.14 08:37:42.286,0.71313,0.71324,2.02,1.50
2015.07.14 08:37:42.388,0.71312,0.71324,2.62,1.87
2015.07.14 08:37:42.593,0.71315,0.71325,1.00,1.37
2015.07.14 08:37:42.746,0.71313,0.71325,1.12,1.37
2015.07.14 08:37:43.359,0.71313,0.71325,1.37,1.87
2015.07.14 08:37:43.868,0.71312,0.71324,1.87,1.00
2015.07.14 08:37:44.331,0.71316,0.71327,1.00,2.62
2015.07.14 08:37:44.382,0.71316,0.71328,1.12,1.87
2015.07.14 08:37:44.842,0.7132,0.71328,1.00,1.00
2015.07.14 08:37:44.997,0.7132,0.7133,1.00,1.12
2015.07.14 08:37:45.508,0.7132,0.71327,1.00,1.00
2015.07.14 08:37:45.814,0.71317,0.71329,1.37,2.25
2015.07.14 08:37:46.328,0.7132,0.71329,1.00,1.37
2015.07.14 08:37:46.379,0.7132,0.7133,1.00,1.12
2015.07.14 08:37:47.398,0.7132,0.71331,1.12,1.00
2015.07.14 08:37:47.805,0.71323,0.71332,1.00,1.87
2015.07.14 08:37:47.856,0.71321,0.71332,1.00,1.87
2015.07.14 08:37:47.908,0.71323,0.71332,1.00,1.12
2015.07.14 08:37:48.425,0.71322,0.71334,1.37,1.87
2015.07.14 08:37:48.986,0.71324,0.71334,1.00,1.37
2015.07.14 08:37:49.504,0.71322,0.71334,1.37,1.87
2015.07.14 08:37:50.038,0.71324,0.71334,1.00,1.37
2015.07.14 08:37:50.581,0.71324,0.71336,1.87,1.37
2015.07.14 08:37:51.100,0.71324,0.71336,1.37,1.12
2015.07.14 08:37:51.253,0.71325,0.71334,1.12,1.00
2015.07.14 08:37:51.572,0.71325,0.7133,1.12,1.00
2015.07.14 08:37:51.878,0.71328,0.71333,1.37,1.00
2015.07.14 08:37:52.185,0.71328,0.71333,1.37,1.00
2015.07.14 08:37:52.689,0.71328,0.71334,1.37,1.00
2015.07.14 08:37:54.177,0.71327,0.71333,1.87,1.00
2015.07.14 08:37:54.228,0.71326,0.71332,1.87,1.00
2015.07.14 08:37:55.034,0.71326,0.71331,1.37,1.00
2015.07.14 08:37:55.137,0.71325,0.71329,1.12,1.00
2015.07.14 08:37:55.319,0.71322,0.71329,1.20,1.00
2015.07.14 08:37:55.524,0.7132,0.71326,1.20,1.00
2015.07.14 08:37:55.575,0.71319,0.71326,1.87,1.00
2015.07.14 08:37:55.627,0.71318,0.71325,1.37,1.00
2015.07.14 08:37:55.679,0.7132,0.71329,1.00,1.50
2015.07.14 08:37:55.732,0.71322,0.71329,1.37,1.00
2015.07.14 08:37:55.836,0.71328,0.71333,1.37,1.00
2015.07.14 08:37:55.888,0.71327,0.71333,1.37,1.00
2015.07.14 08:37:56.042,0.71326,0.71335,1.57,1.00
2015.07.14 08:37:56.186,0.71327,0.71333,1.12,1.00
2015.07.14 08:37:56.391,0.71328,0.71334,1.72,1.00
2015.07.14 08:37:56.595,0.71328,0.71335,1.37,1.00
2015.07.14 08:37:56.697,0.71328,0.71337,1.72,1.00
2015.07.14 08:37:57.002,0.71329,0.71337,1.37,1.00
2015.07.14 08:37:57.307,0.71329,0.71337,1.37,1.00
2015.07.14 08:37:57.506,0.71328,0.71333,1.12,1.00
2015.07.14 08:37:58.220,0.71324,0.71332,2.70,1.00
2015.07.14 08:37:59.251,0.71324,0.71332,1.37,1.00
2015.07.14 08:37:59.705,0.71323,0.71329,1.57,1.00
2015.07.14 08:37:59.807,0.71323,0.71329,1.57,1.00
2015.07.14 08:38:00.112,0.71322,0.71331,1.87,1.00
2015.07.14 08:38:00.214,0.71322,0.71328,1.37,1.00
2015.07.14 08:38:00.762,0.71323,0.71328,1.37,1.00
2015.07.14 08:38:01.734,0.71323,0.71328,1.12,1.00
2015.07.14 08:38:03.024,0.71324,0.71328,1.00,1.00
2015.07.14 08:38:03.532,0.71322,0.71328,1.87,1.00
2015.07.14 08:38:06.096,0.71322,0.71327,1.87,1.00
2015.07.14 08:38:06.300,0.71321,0.71329,1.87,1.00
2015.07.14 08:38:07.547,0.7132,0.71327,2.62,1.00
2015.07.14 08:38:07.804,0.71321,0.71329,1.37,1.00
2015.07.14 08:38:08.109,0.71322,0.71331,1.12,1.00
2015.07.14 08:38:08.650,0.71322,0.71331,1.37,1.00
2015.07.14 08:38:09.210,0.71324,0.71331,1.00,1.00
2015.07.14 08:38:09.721,0.71321,0.71331,1.87,1.00
2015.07.14 08:38:11.144,0.71321,0.71331,1.87,1.00
2015.07.14 08:38:12.012,0.71321,0.7133,1.37,1.00
2015.07.14 08:38:12.317,0.7132,0.71328,1.37,1.00
2015.07.14 08:38:13.146,0.7132,0.71328,1.00,1.00
2015.07.14 08:38:13.668,0.71319,0.71327,1.12,1.00
2015.07.14 08:38:14.320,0.71319,0.71326,1.12,1.00
2015.07.14 08:38:14.850,0.71319,0.71327,1.12,1.00
2015.07.14 08:38:15.363,0.71318,0.71327,1.37,1.00
2015.07.14 08:38:16.278,0.71319,0.71327,1.37,1.00
2015.07.14 08:38:17.082,0.71318,0.71327,1.37,1.00
2015.07.14 08:38:17.474,0.71316,0.71327,1.87,3.37
2015.07.14 08:38:17.728,0.71316,0.71327,1.87,2.87
2015.07.14 08:38:17.831,0.71316,0.71327,1.87,2.87
2015.07.14 08:38:19.404,0.71316,0.71324,1.87,1.00
2015.07.14 08:38:20.264,0.71316,0.71325,1.87,1.00
2015.07.14 08:38:20.931,0.71316,0.71326,1.87,1.00
2015.07.14 08:38:21.439,0.71316,0.71327,1.87,1.12
2015.07.14 08:38:21.998,0.71316,0.71326,2.62,1.00
2015.07.14 08:38:22.506,0.71316,0.71325,1.87,1.00
2015.07.14 08:38:23.059,0.71316,0.71326,1.87,1.50
2015.07.14 08:38:23.567,0.71316,0.71324,1.37,1.00
2015.07.14 08:38:24.078,0.71316,0.71323,1.87,1.00
2015.07.14 08:38:24.385,0.71316,0.71325,1.37,1.00
2015.07.14 08:38:24.897,0.71315,0.71326,1.87,1.50
2015.07.14 08:38:25.196,0.71315,0.71326,1.12,1.37
2015.07.14 08:38:25.349,0.71315,0.71321,1.12,1.00
2015.07.14 08:38:25.757,0.71313,0.71323,1.87,1.00
2015.07.14 08:38:26.287,0.71313,0.71323,1.87,1.12
2015.07.14 08:38:30.627,0.71311,0.71321,3.37,1.00
2015.07.14 08:38:31.152,0.71311,0.7132,1.87,1.00
2015.07.14 08:38:31.689,0.7131,0.71319,3.37,1.00
2015.07.14 08:38:32.199,0.7131,0.71319,3.37,1.00
2015.07.14 08:38:33.735,0.7131,0.71321,1.37,1.50
2015.07.14 08:38:33.837,0.7131,0.71319,1.87,1.00
2015.07.14 08:38:34.195,0.71311,0.7132,1.37,1.00
2015.07.14 08:38:34.956,0.71313,0.71322,1.12,1.37
2015.07.14 08:38:35.264,0.71313,0.71322,1.37,1.12
2015.07.14 08:38:37.109,0.71312,0.71322,1.37,1.00
2015.07.14 08:38:37.963,0.71312,0.71321,1.87,1.00
2015.07.14 08:38:38.470,0.71313,0.71322,1.12,1.00
2015.07.14 08:38:39.130,0.71313,0.71322,1.37,1.00
2015.07.14 08:38:39.949,0.71315,0.71324,1.37,1.00
2015.07.14 08:38:40.255,0.71316,0.7132,1.12,1.00
2015.07.14 08:38:40.357,0.71316,0.71325,1.12,1.12
2015.07.14 08:38:40.408,0.71316,0.71323,1.12,1.00
2015.07.14 08:38:40.952,0.71314,0.71325,1.45,1.12
2015.07.14 08:38:41.003,0.71316,0.71323,1.12,1.00
2015.07.14 08:38:41.055,0.71316,0.71325,1.12,1.12
2015.07.14 08:38:41.602,0.71312,0.71324,1.87,1.00
2015.07.14 08:38:42.110,0.71312,0.71323,1.87,1.00
2015.07.14 08:38:42.212,0.71312,0.71325,1.87,1.95
2015.07.14 08:38:42.263,0.71314,0.71325,1.12,1.47
2015.07.14 08:38:42.315,0.71314,0.71325,1.37,1.20
2015.07.14 08:38:43.340,0.71315,0.71325,1.37,1.00
2015.07.14 08:38:44.139,0.71316,0.71327,1.37,1.12
2015.07.14 08:38:46.417,0.71318,0.71327,1.00,1.12
2015.07.14 08:38:47.112,0.71319,0.71327,1.00,1.12
2015.07.14 08:38:47.561,0.71316,0.71325,1.12,1.50
2015.07.14 08:38:48.020,0.71315,0.71323,1.37,1.00
2015.07.14 08:38:48.173,0.71314,0.71323,1.12,1.00
2015.07.14 08:38:48.719,0.71315,0.71323,1.00,1.00
2015.07.14 08:38:49.229,0.71314,0.71325,1.37,1.87
2015.07.14 08:38:50.427,0.71316,0.71325,1.37,1.12
2015.07.14 08:38:50.978,0.71315,0.71324,1.37,1.00
2015.07.14 08:38:51.486,0.71313,0.71323,1.87,1.00
2015.07.14 08:38:51.793,0.71312,0.71321,1.87,1.00
2015.07.14 08:38:52.394,0.71312,0.7132,1.87,1.00
2015.07.14 08:38:52.934,0.71312,0.7132,1.87,1.00
2015.07.14 08:38:55.656,0.71311,0.71322,1.37,1.50
2015.07.14 08:38:56.165,0.71311,0.71322,1.37,1.00
2015.07.14 08:38:56.673,0.71313,0.71321,1.37,1.00
2015.07.14 08:38:57.555,0.71311,0.71322,1.87,1.00
2015.07.14 08:38:57.606,0.71311,0.7132,1.87,1.00
2015.07.14 08:38:57.657,0.71311,0.7132,1.37,1.00
2015.07.14 08:38:58.112,0.71309,0.7132,1.12,1.87
2015.07.14 08:38:58.163,0.71311,0.7132,1.12,1.50
2015.07.14 08:38:58.470,0.71311,0.71318,1.12,1.00
2015.07.14 08:38:58.779,0.7131,0.71318,1.37,1.50
2015.07.14 08:38:58.881,0.71309,0.71318,1.37,1.50
2015.07.14 08:38:59.154,0.7131,0.71321,2.62,1.87
2015.07.14 08:38:59.666,0.7131,0.71322,2.62,1.50
2015.07.14 08:39:00.006,0.7131,0.7132,1.87,1.00
2015.07.14 08:39:00.516,0.71311,0.71321,1.87,1.37
2015.07.14 08:39:01.017,0.7131,0.7132,1.37,1.00
2015.07.14 08:39:01.069,0.7131,0.71322,1.37,1.00
2015.07.14 08:39:01.578,0.7131,0.7132,1.37,1.00
2015.07.14 08:39:02.591,0.7131,0.7132,1.37,1.00
2015.07.14 08:39:03.195,0.71314,0.71321,1.00,1.00
2015.07.14 08:39:04.166,0.71312,0.71322,1.12,1.87
2015.07.14 08:39:04.675,0.71313,0.71321,1.00,1.00
2015.07.14 08:39:05.185,0.71315,0.71321,1.00,1.00
2015.07.14 08:39:05.731,0.71315,0.7132,1.00,1.00
2015.07.14 08:39:06.087,0.71313,0.7132,1.00,1.00
2015.07.14 08:39:06.443,0.71313,0.71323,1.00,1.87
2015.07.14 08:39:06.786,0.71311,0.71321,1.12,1.60
2015.07.14 08:39:07.092,0.7131,0.71319,1.00,1.97
2015.07.14 08:39:07.449,0.71307,0.71316,1.12,2.62
2015.07.14 08:39:07.698,0.71309,0.71316,1.00,2.62
2015.07.14 08:39:07.800,0.71307,0.71316,1.12,2.62
2015.07.14 08:39:08.158,0.71304,0.71314,1.37,1.00
2015.07.14 08:39:08.664,0.71304,0.71313,1.12,2.62
2015.07.14 08:39:09.020,0.71304,0.71311,1.12,1.00
2015.07.14 08:39:09.528,0.71304,0.7131,1.00,1.00
2015.07.14 08:39:09.630,0.71304,0.71312,1.00,1.12
2015.07.14 08:39:10.169,0.71304,0.71311,1.00,1.00
2015.07.14 08:39:10.955,0.71307,0.71311,1.00,1.00
2015.07.14 08:39:13.112,0.71307,0.71312,1.00,1.12
2015.07.14 08:39:13.622,0.71307,0.71311,1.00,1.00
2015.07.14 08:39:14.131,0.71307,0.71314,1.00,2.62
2015.07.14 08:39:14.435,0.71309,0.71313,1.00,1.00
2015.07.14 08:39:14.741,0.71307,0.71311,1.00,1.00
2015.07.14 08:39:15.047,0.7131,0.71314,1.00,1.00
2015.07.14 08:39:15.098,0.71308,0.71314,1.00,1.00
2015.07.14 08:39:15.150,0.7131,0.71314,1.00,1.00
2015.07.14 08:39:15.201,0.71308,0.71314,1.00,1.12
2015.07.14 08:39:15.354,0.7131,0.71315,1.00,1.87
2015.07.14 08:39:16.006,0.7131,0.71316,1.00,2.25
2015.07.14 08:39:16.968,0.7131,0.71317,1.00,4.87
2015.07.14 08:39:17.274,0.71308,0.71317,1.00,1.87
2015.07.14 08:39:17.376,0.71308,0.71312,1.00,1.00
2015.07.14 08:39:17.721,0.7131,0.71314,1.00,1.00
2015.07.14 08:39:17.772,0.7131,0.71315,1.00,1.20
2015.07.14 08:39:17.976,0.71312,0.71317,1.00,1.87
2015.07.14 08:39:18.672,0.71311,0.71317,1.00,2.62
2015.07.14 08:39:19.182,0.71311,0.71315,1.00,1.00
2015.07.14 08:39:19.437,0.71312,0.71317,1.00,1.50
2015.07.14 08:39:19.987,0.71312,0.71316,1.00,1.00
2015.07.14 08:39:20.414,0.71306,0.71315,1.12,2.25
2015.07.14 08:39:20.465,0.71308,0.71315,1.00,1.50
2015.07.14 08:39:20.864,0.7131,0.71314,1.00,1.00
2015.07.14 08:39:21.169,0.71312,0.71316,1.00,1.00
2015.07.14 08:39:21.576,0.7131,0.71314,1.12,1.00
2015.07.14 08:39:21.678,0.71312,0.71316,1.00,1.00
2015.07.14 08:39:22.215,0.71313,0.71317,1.00,1.00
2015.07.14 08:39:22.624,0.71314,0.71319,1.00,1.50
2015.07.14 08:39:23.169,0.71314,0.71318,1.00,1.00
2015.07.14 08:39:23.321,0.71311,0.71318,1.12,1.00
2015.07.14 08:39:23.424,0.71313,0.71317,1.00,1.00
2015.07.14 08:39:23.933,0.71313,0.71318,1.00,1.00
2015.07.14 08:39:24.454,0.71313,0.71317,1.00,1.00
2015.07.14 08:39:24.813,0.71314,0.71319,1.00,1.12
2015.07.14 08:39:24.916,0.71314,0.71318,1.00,1.00
2015.07.14 08:39:25.160,0.71318,0.71323,1.00,1.87
2015.07.14 08:39:25.263,0.71318,0.71324,1.00,1.12
2015.07.14 08:39:25.594,0.7132,0.71324,1.00,1.12
2015.07.14 08:39:25.899,0.71318,0.71324,1.00,1.12
2015.07.14 08:39:26.084,0.71316,0.71324,1.00,1.12
2015.07.14 08:39:26.136,0.71318,0.71324,1.00,1.12
2015.07.14 08:39:26.899,0.71319,0.71324,1.00,1.87
2015.07.14 08:39:27.413,0.71319,0.71323,1.00,1.00
2015.07.14 08:39:30.190,0.71316,0.71321,1.00,1.00
2015.07.14 08:39:30.343,0.71317,0.71322,1.00,1.37
2015.07.14 08:39:30.832,0.7132,0.71325,1.00,3.37
2015.07.14 08:39:30.883,0.71319,0.71324,1.00,2.62
2015.07.14 08:39:31.036,0.71321,0.71325,1.00,1.87
2015.07.14 08:39:31.495,0.71317,0.71327,1.00,1.37
2015.07.14 08:39:31.958,0.71317,0.71327,1.12,1.37
2015.07.14 08:39:33.049,0.71317,0.71327,1.87,1.12
2015.07.14 08:39:33.631,0.71317,0.71327,1.87,1.00
2015.07.14 08:39:34.178,0.71318,0.71328,1.12,1.12
2015.07.14 08:39:34.635,0.71318,0.71328,1.37,1.00
2015.07.14 08:39:35.629,0.71318,0.71328,1.37,1.00
2015.07.14 08:39:36.450,0.71321,0.7133,1.12,2.62
2015.07.14 08:39:36.604,0.71322,0.71332,1.12,1.37
2015.07.14 08:39:36.655,0.71323,0.71333,1.37,1.37
2015.07.14 08:39:39.466,0.71323,0.71335,2.62,1.87
2015.07.14 08:39:39.991,0.71323,0.71334,4.12,1.00
2015.07.14 08:39:40.093,0.71323,0.71334,1.87,1.37
2015.07.14 08:39:40.858,0.7132,0.71334,2.62,1.12
2015.07.14 08:39:41.265,0.71324,0.71335,1.37,1.12
2015.07.14 08:39:41.469,0.71324,0.71334,1.12,1.12
2015.07.14 08:39:41.571,0.71324,0.71334,1.37,1.00
2015.07.14 08:39:42.073,0.71324,0.71335,1.87,1.12
2015.07.14 08:39:42.633,0.7133,0.71335,1.00,1.00
2015.07.14 08:39:43.328,0.7133,0.71336,1.00,1.87
2015.07.14 08:39:43.889,0.7133,0.71334,1.00,1.00
2015.07.14 08:39:44.424,0.7133,0.71335,1.00,1.00
2015.07.14 08:39:44.948,0.7133,0.71336,1.00,1.87
2015.07.14 08:39:45.481,0.7133,0.71335,1.00,1.00
2015.07.14 08:39:45.774,0.71323,0.71335,4.12,1.37
2015.07.14 08:39:45.825,0.71323,0.7133,2.62,1.00
2015.07.14 08:39:45.877,0.71323,0.7133,1.50,1.00
2015.07.14 08:39:46.030,0.71318,0.71329,1.97,1.00
2015.07.14 08:39:46.132,0.71325,0.71329,1.00,1.10
2015.07.14 08:39:46.642,0.71324,0.7133,1.37,1.00
2015.07.14 08:39:46.694,0.71324,0.71336,1.37,2.62
2015.07.14 08:39:47.289,0.71324,0.71335,1.37,1.00
2015.07.14 08:39:47.695,0.71325,0.71336,1.37,2.62
2015.07.14 08:39:48.702,0.71328,0.71338,1.12,1.37
2015.07.14 08:39:49.008,0.71336,0.7134,1.00,5.00
2015.07.14 08:39:50.119,0.71336,0.7134,1.00,2.00
2015.07.14 08:39:51.385,0.71333,0.7134,1.00,1.50
2015.07.14 08:39:51.896,0.71333,0.71338,1.00,1.00
2015.07.14 08:39:51.999,0.7133,0.71338,1.00,1.50
2015.07.14 08:39:52.500,0.7133,0.71337,1.00,1.00
2015.07.14 08:39:52.603,0.71333,0.71337,1.00,1.00
2015.07.14 08:39:53.113,0.71332,0.71336,1.00,1.00
2015.07.14 08:39:53.634,0.71333,0.71337,1.00,1.12
2015.07.14 08:39:54.352,0.7133,0.71337,1.12,1.12
2015.07.14 08:39:54.994,0.7133,0.71336,1.00,1.00
2015.07.14 08:39:55.502,0.7133,0.71337,1.00,1.50
2015.07.14 08:39:55.847,0.7133,0.71335,1.00,1.00
2015.07.14 08:39:57.055,0.7133,0.71337,1.00,2.62
2015.07.14 08:39:58.424,0.71328,0.71336,1.00,1.87
2015.07.14 08:39:58.475,0.71328,0.71332,1.00,1.00
2015.07.14 08:39:58.883,0.71329,0.71334,1.00,1.87
2015.07.14 08:40:00.311,0.71328,0.71334,1.00,1.37
2015.07.14 08:40:00.640,0.71327,0.71333,1.00,1.87
2015.07.14 08:40:01.352,0.71324,0.7133,1.00,1.00
2015.07.14 08:40:01.879,0.71326,0.71331,1.00,1.87
2015.07.14 08:40:01.981,0.71326,0.71332,1.00,1.12
2015.07.14 08:40:02.440,0.71328,0.71333,1.00,1.12
2015.07.14 08:40:02.987,0.71329,0.71333,1.00,1.12
2015.07.14 08:40:04.376,0.71329,0.71334,1.00,1.37
2015.07.14 08:40:04.954,0.71332,0.71336,1.00,2.25
2015.07.14 08:40:05.362,0.71332,0.71336,1.00,1.00
2015.07.14 08:40:05.719,0.71334,0.71338,1.00,1.12
2015.07.14 08:40:06.193,0.71331,0.71337,1.00,2.85
2015.07.14 08:40:06.500,0.71333,0.71338,1.00,1.37
2015.07.14 08:40:07.467,0.71334,0.71339,1.00,3.37
2015.07.14 08:40:08.903,0.71334,0.71339,1.00,1.37
2015.07.14 08:40:09.375,0.71337,0.7134,1.00,0.50
2015.07.14 08:40:10.132,0.71336,0.7134,1.00,0.50
2015.07.14 08:40:11.653,0.71336,0.7134,2.62,0.50
2015.07.14 08:40:12.066,0.71341,0.7135,1.00,1.87
2015.07.14 08:40:13.872,0.71345,0.7135,1.00,1.50
2015.07.14 08:40:14.274,0.71349,0.71353,1.00,1.12
2015.07.14 08:40:14.579,0.71351,0.71355,1.00,3.75
2015.07.14 08:40:14.783,0.71344,0.71354,1.87,1.75
2015.07.14 08:40:14.885,0.71353,0.71359,1.00,3.37
2015.07.14 08:40:15.386,0.71352,0.71357,1.00,1.87
2015.07.14 08:40:15.693,0.71351,0.71357,1.50,1.37
2015.07.14 08:40:15.744,0.71353,0.71362,1.00,3.07
2015.07.14 08:40:15.796,0.71355,0.71362,1.00,1.95
2015.07.14 08:40:15.847,0.71356,0.71362,1.00,1.87
2015.07.14 08:40:16.043,0.71357,0.71362,1.00,1.37
2015.07.14 08:40:16.502,0.71353,0.71361,1.00,1.12
2015.07.14 08:40:16.604,0.71353,0.71359,1.00,1.12
2015.07.14 08:40:16.954,0.71353,0.71357,1.00,1.12
2015.07.14 08:40:17.672,0.71352,0.71358,1.00,1.37
2015.07.14 08:40:18.189,0.71355,0.71361,1.00,1.57
2015.07.14 08:40:18.241,0.71356,0.71361,1.00,1.37
2015.07.14 08:40:18.395,0.71357,0.71363,1.00,1.12
2015.07.14 08:40:18.651,0.71359,0.71363,1.00,1.87
2015.07.14 08:40:18.806,0.71355,0.71361,1.00,1.30
2015.07.14 08:40:18.943,0.71354,0.71361,1.00,3.22
2015.07.14 08:40:19.249,0.71359,0.71364,1.00,1.00
2015.07.14 08:40:19.300,0.71359,0.71365,1.00,1.12
2015.07.14 08:40:19.607,0.7136,0.71367,1.00,1.87
2015.07.14 08:40:19.709,0.7136,0.71365,1.00,1.87
2015.07.14 08:40:20.226,0.7136,0.71366,1.00,1.87
2015.07.14 08:40:20.831,0.7136,0.71364,1.00,1.00
2015.07.14 08:40:21.087,0.71361,0.71366,1.00,1.12
2015.07.14 08:40:22.055,0.71361,0.71366,1.00,2.47
2015.07.14 08:40:22.107,0.71359,0.71366,1.00,3.60
2015.07.14 08:40:22.158,0.71357,0.71365,1.00,1.97
2015.07.14 08:40:22.211,0.71357,0.71364,1.00,2.47
2015.07.14 08:40:22.516,0.71359,0.71365,1.00,1.37
2015.07.14 08:40:23.066,0.71358,0.71362,1.00,1.12
2015.07.14 08:40:23.374,0.71361,0.71366,1.00,1.12
2015.07.14 08:40:23.426,0.7136,0.71366,1.00,1.37
2015.07.14 08:40:24.132,0.71361,0.71367,1.00,2.62
2015.07.14 08:40:24.183,0.71361,0.71366,1.00,1.37
2015.07.14 08:40:24.439,0.71361,0.71367,1.00,1.37
2015.07.14 08:40:24.942,0.71361,0.71367,1.00,1.12
2015.07.14 08:40:25.146,0.71363,0.71368,1.00,1.87
2015.07.14 08:40:25.299,0.71364,0.71369,1.00,1.87
2015.07.14 08:40:27.332,0.71364,0.7137,1.00,1.87
2015.07.14 08:40:27.661,0.71364,0.7137,1.00,1.37
2015.07.14 08:40:27.815,0.71366,0.7137,1.00,1.12
2015.07.14 08:40:28.325,0.71366,0.71372,1.00,1.37
2015.07.14 08:40:28.377,0.71368,0.71374,1.00,3.37
2015.07.14 08:40:28.644,0.71371,0.71378,1.00,1.95
2015.07.14 08:40:28.747,0.71372,0.71378,1.00,1.20
2015.07.14 08:40:28.901,0.71375,0.7138,1.00,1.87
2015.07.14 08:40:29.156,0.71375,0.71381,1.00,2.25
2015.07.14 08:40:29.513,0.71377,0.71381,1.00,1.00
2015.07.14 08:40:29.616,0.71374,0.71381,1.00,1.00
2015.07.14 08:40:29.822,0.71371,0.7138,1.00,1.00
2015.07.14 08:40:30.181,0.71374,0.71379,1.00,1.12
2015.07.14 08:40:30.695,0.71375,0.7138,1.00,1.12
2015.07.14 08:40:30.899,0.71374,0.7138,1.00,1.37
2015.07.14 08:40:31.400,0.71374,0.71378,1.00,1.12
2015.07.14 08:40:32.070,0.71373,0.71377,1.00,1.00
2015.07.14 08:40:32.584,0.71373,0.71377,1.00,1.00
2015.07.14 08:40:32.899,0.71373,0.71377,1.00,1.00
2015.07.14 08:40:32.950,0.71375,0.7138,1.00,1.47
2015.07.14 08:40:33.105,0.71377,0.71383,1.00,1.37
2015.07.14 08:40:33.356,0.71378,0.71384,1.00,1.37
2015.07.14 08:40:33.407,0.71376,0.71384,1.00,1.87
2015.07.14 08:40:33.461,0.71378,0.71384,1.00,2.62
2015.07.14 08:40:33.516,0.71373,0.71384,1.12,2.62
2015.07.14 08:40:33.568,0.71372,0.71379,1.37,1.00
2015.07.14 08:40:33.874,0.71375,0.71381,1.00,1.37
2015.07.14 08:40:34.233,0.71376,0.71381,1.00,1.12
2015.07.14 08:40:34.642,0.71376,0.71382,1.00,2.62
2015.07.14 08:40:35.658,0.71375,0.71381,1.00,1.37
2015.07.14 08:40:36.569,0.71373,0.71381,1.00,1.87
2015.07.14 08:40:36.622,0.71372,0.71376,1.00,1.00
2015.07.14 08:40:37.148,0.71371,0.71375,1.00,1.12
2015.07.14 08:40:37.885,0.7137,0.71376,1.00,1.37
2015.07.14 08:40:38.395,0.71371,0.71376,1.00,1.87
2015.07.14 08:40:38.938,0.71371,0.71375,1.00,1.12
2015.07.14 08:40:39.396,0.71372,0.71377,1.00,1.87
2015.07.14 08:40:39.808,0.71373,0.71377,1.00,1.12
2015.07.14 08:40:40.724,0.71366,0.71377,1.87,1.12
2015.07.14 08:40:41.031,0.71369,0.71375,1.00,1.00
2015.07.14 08:40:41.336,0.71369,0.71377,1.00,1.87
2015.07.14 08:40:41.438,0.71367,0.71377,1.12,1.12
2015.07.14 08:40:41.683,0.71367,0.71375,1.12,1.00
2015.07.14 08:40:42.192,0.71365,0.71376,1.87,1.00
2015.07.14 08:40:42.500,0.71363,0.71374,2.62,1.12
2015.07.14 08:40:43.012,0.71363,0.71373,1.87,1.50
2015.07.14 08:40:43.925,0.71362,0.71374,1.37,1.12
2015.07.14 08:40:44.226,0.71361,0.71372,2.70,1.00
2015.07.14 08:40:44.278,0.71361,0.71372,2.70,1.12
2015.07.14 08:40:44.329,0.71361,0.71369,1.95,1.00
2015.07.14 08:40:44.432,0.71361,0.71371,1.37,1.00
2015.07.14 08:40:45.131,0.71359,0.7137,1.87,1.00
2015.07.14 08:40:45.644,0.7136,0.71369,1.37,1.00
2015.07.14 08:40:46.163,0.71359,0.71368,1.37,1.00
2015.07.14 08:40:46.215,0.71358,0.71367,1.95,1.00
2015.07.14 08:40:46.726,0.71358,0.71368,1.37,1.00
2015.07.14 08:40:47.236,0.71357,0.71367,1.87,1.00
2015.07.14 08:40:47.746,0.71357,0.71366,1.00,1.12
2015.07.14 08:40:47.848,0.71356,0.71364,1.00,1.00
2015.07.14 08:40:48.381,0.71355,0.71364,1.12,1.37
2015.07.14 08:40:48.537,0.71356,0.71366,1.12,1.12
2015.07.14 08:40:49.087,0.7136,0.71368,1.00,1.87
2015.07.14 08:40:49.140,0.71359,0.71368,1.37,1.12
2015.07.14 08:40:49.395,0.71361,0.7137,1.12,1.87
2015.07.14 08:40:49.905,0.71361,0.71369,1.12,1.00
2015.07.14 08:40:50.455,0.71361,0.71368,1.12,1.00
2015.07.14 08:40:50.971,0.71361,0.71369,1.12,1.87
2015.07.14 08:40:53.917,0.7136,0.71368,1.00,1.00
2015.07.14 08:40:54.018,0.71358,0.71368,1.12,1.87
2015.07.14 08:40:54.070,0.71358,0.71364,1.12,1.00
2015.07.14 08:40:54.121,0.71355,0.71364,1.50,1.00
2015.07.14 08:40:54.172,0.71355,0.71362,1.00,1.00
2015.07.14 08:40:54.274,0.71355,0.71365,1.00,1.12
2015.07.14 08:40:54.469,0.71357,0.71366,1.00,1.37
2015.07.14 08:40:54.520,0.71357,0.71367,1.12,1.00
2015.07.14 08:40:54.981,0.71356,0.71364,1.37,1.00
2015.07.14 08:40:55.523,0.71356,0.71365,1.00,1.37
2015.07.14 08:40:56.185,0.71356,0.71362,1.00,1.00
2015.07.14 08:40:56.236,0.71354,0.71362,1.12,1.00
2015.07.14 08:40:58.216,0.71354,0.7136,1.00,1.00
2015.07.14 08:40:58.724,0.71353,0.71362,1.00,1.87
2015.07.14 08:40:59.232,0.71354,0.71362,1.00,1.00
2015.07.14 08:40:59.745,0.71353,0.71362,1.87,1.00
2015.07.14 08:41:00.252,0.71353,0.71362,1.37,1.37
2015.07.14 08:41:00.761,0.71355,0.71364,1.12,1.37
2015.07.14 08:41:01.671,0.71353,0.71362,1.87,1.00
2015.07.14 08:41:02.333,0.71356,0.71365,1.00,1.37
2015.07.14 08:41:02.539,0.71357,0.71366,1.00,1.37
2015.07.14 08:41:03.049,0.71357,0.71366,1.12,1.00
2015.07.14 08:41:04.709,0.71357,0.71366,1.12,1.37
2015.07.14 08:41:05.635,0.71357,0.71366,1.12,1.00
2015.07.14 08:41:06.075,0.71357,0.71366,1.37,1.00
2015.07.14 08:41:06.686,0.71355,0.71365,3.37,1.00
2015.07.14 08:41:06.840,0.71355,0.71364,1.37,1.00
2015.07.14 08:41:07.044,0.71354,0.71364,1.47,1.00
2015.07.14 08:41:07.196,0.71353,0.71362,1.37,1.00
2015.07.14 08:41:07.853,0.71355,0.71364,1.12,1.50
2015.07.14 08:41:07.954,0.71355,0.71362,1.12,1.00
2015.07.14 08:41:08.998,0.71355,0.71364,1.12,1.00
2015.07.14 08:41:09.050,0.71355,0.71364,1.37,1.00
2015.07.14 08:41:09.586,0.71355,0.71365,1.37,1.12
2015.07.14 08:41:10.094,0.71355,0.71364,1.37,1.00
2015.07.14 08:41:10.620,0.71355,0.71365,1.37,1.00
2015.07.14 08:41:12.264,0.71354,0.71363,1.87,1.00
2015.07.14 08:41:12.595,0.7135,0.71359,1.37,1.00
2015.07.14 08:41:13.007,0.71349,0.71356,1.37,1.00
2015.07.14 08:41:13.161,0.71348,0.71357,1.37,1.00
2015.07.14 08:41:13.684,0.71347,0.71356,1.37,1.00
2015.07.14 08:41:14.194,0.71347,0.71357,1.37,1.00
2015.07.14 08:41:14.451,0.71347,0.71354,1.12,1.00
2015.07.14 08:41:14.961,0.71345,0.71355,1.37,1.00
2015.07.14 08:41:15.115,0.71345,0.71354,1.12,1.00
2015.07.14 08:41:16.082,0.71345,0.71353,1.12,1.00
2015.07.14 08:41:16.236,0.71344,0.71351,1.37,1.00
2015.07.14 08:41:16.785,0.71343,0.71354,1.87,1.87
2015.07.14 08:41:17.191,0.71343,0.71351,1.87,1.00
2015.07.14 08:41:17.445,0.71344,0.71353,1.37,1.00
2015.07.14 08:41:19.020,0.71344,0.71352,1.87,1.00
2015.07.14 08:41:19.123,0.7134,0.71349,3.45,1.00
2015.07.14 08:41:19.174,0.7134,0.71349,1.47,1.00
2015.07.14 08:41:19.327,0.71341,0.71351,1.87,1.50
2015.07.14 08:41:19.429,0.71344,0.71351,1.00,1.00
2015.07.14 08:41:19.734,0.71339,0.71348,1.87,1.00
2015.07.14 08:41:19.785,0.71341,0.71351,1.12,1.50
2015.07.14 08:41:19.888,0.7134,0.71351,1.87,1.00
2015.07.14 08:41:20.244,0.71337,0.71345,3.00,1.00
2015.07.14 08:41:20.549,0.71344,0.71348,1.12,1.00
2015.07.14 08:41:20.805,0.71343,0.71349,1.50,1.00
2015.07.14 08:41:20.856,0.71343,0.71352,1.50,1.50
2015.07.14 08:41:20.909,0.7134,0.71348,1.37,1.00
2015.07.14 08:41:21.012,0.7134,0.71348,1.12,1.00
2015.07.14 08:41:21.064,0.71344,0.71348,1.00,1.00
2015.07.14 08:41:21.514,0.71343,0.71354,1.37,1.00
2015.07.14 08:41:21.616,0.71345,0.71355,1.37,1.00
2015.07.14 08:41:22.220,0.71345,0.71356,1.37,1.00
2015.07.14 08:41:22.729,0.71346,0.71357,1.37,1.87
2015.07.14 08:41:23.466,0.71347,0.71356,1.12,1.00
2015.07.14 08:41:23.925,0.71347,0.71354,1.12,1.00
2015.07.14 08:41:25.969,0.71346,0.71354,1.87,1.50
2015.07.14 08:41:26.789,0.71345,0.71352,1.37,1.00
2015.07.14 08:41:26.891,0.71343,0.71352,1.47,1.12
2015.07.14 08:41:27.093,0.7134,0.71351,1.00,1.12
2015.07.14 08:41:27.602,0.71338,0.7135,1.37,1.00
2015.07.14 08:41:28.148,0.71337,0.71349,1.37,1.50
2015.07.14 08:41:28.302,0.71337,0.71347,1.37,1.00
2015.07.14 08:41:28.609,0.71335,0.71346,1.87,1.00
2015.07.14 08:41:29.110,0.71335,0.71348,2.62,1.37
2015.07.14 08:41:29.623,0.71335,0.71349,3.37,1.87
2015.07.14 08:41:30.582,0.71335,0.71347,3.37,1.00
2015.07.14 08:41:31.092,0.71336,0.71346,1.37,1.00
2015.07.14 08:41:31.602,0.71336,0.71346,1.37,1.00
2015.07.14 08:41:32.128,0.71337,0.71347,1.12,1.87
2015.07.14 08:41:32.636,0.71338,0.71347,1.00,1.12
2015.07.14 08:41:33.168,0.71339,0.71349,1.12,2.62
2015.07.14 08:41:33.423,0.71338,0.71346,1.87,1.00
2015.07.14 08:41:34.297,0.71337,0.71348,2.62,1.12
2015.07.14 08:41:34.350,0.71337,0.71345,2.62,1.00
2015.07.14 08:41:34.507,0.7134,0.71347,1.00,1.50
2015.07.14 08:41:35.350,0.71338,0.71347,1.12,1.00
2015.07.14 08:41:35.858,0.71335,0.71345,3.37,1.00
2015.07.14 08:41:36.363,0.71336,0.71346,1.37,1.12
2015.07.14 08:41:37.024,0.71336,0.71345,1.37,1.00
2015.07.14 08:41:37.324,0.71335,0.71344,1.12,1.00
2015.07.14 08:41:37.630,0.71332,0.71342,2.62,1.12
2015.07.14 08:41:38.143,0.71329,0.71341,1.37,1.00
2015.07.14 08:41:38.337,0.71329,0.71341,1.37,1.00
2015.07.14 08:41:38.845,0.71328,0.71338,1.37,1.00
2015.07.14 08:41:39.416,0.71328,0.71338,1.37,1.00
2015.07.14 08:41:39.671,0.71329,0.71337,1.30,1.00
2015.07.14 08:41:39.773,0.71332,0.71341,1.00,2.62
2015.07.14 08:41:39.977,0.71333,0.71342,1.12,1.00
2015.07.14 08:41:40.514,0.71334,0.71343,1.00,1.00
2015.07.14 08:41:41.082,0.71333,0.71341,1.87,1.00
2015.07.14 08:41:41.481,0.7133,0.71339,1.72,1.00
2015.07.14 08:41:41.633,0.7133,0.71341,1.37,1.00
2015.07.14 08:41:41.889,0.71332,0.71343,1.37,1.00
2015.07.14 08:41:41.940,0.71334,0.71343,1.37,1.00
2015.07.14 08:41:42.195,0.71336,0.71347,1.37,3.37
2015.07.14 08:41:42.965,0.71335,0.71342,1.37,1.00
2015.07.14 08:41:43.372,0.71333,0.71339,1.37,1.00
2015.07.14 08:41:43.474,0.71333,0.71339,1.37,1.00
2015.07.14 08:41:43.994,0.71331,0.71338,1.87,1.00
2015.07.14 08:41:44.046,0.71331,0.71337,1.37,1.00
2015.07.14 08:41:44.148,0.7133,0.71337,1.37,1.00
2015.07.14 08:41:45.155,0.71328,0.71338,2.47,1.00
2015.07.14 08:41:45.459,0.71328,0.7134,3.22,1.00
2015.07.14 08:41:45.765,0.7133,0.71338,1.37,1.00
2015.07.14 08:41:45.816,0.7133,0.7134,1.37,1.50
2015.07.14 08:41:46.586,0.71329,0.71338,1.87,1.00
2015.07.14 08:41:46.688,0.71328,0.71337,1.87,1.00
2015.07.14 08:41:46.739,0.71328,0.71339,1.87,1.50
2015.07.14 08:41:46.942,0.71328,0.71337,1.87,1.00
2015.07.14 08:41:47.288,0.71329,0.71339,1.37,1.00
2015.07.14 08:41:47.595,0.71328,0.71341,2.47,1.87
2015.07.14 08:41:47.647,0.71329,0.71341,1.72,1.50
2015.07.14 08:41:47.953,0.7133,0.71338,1.37,1.00
2015.07.14 08:41:48.686,0.71331,0.71339,1.37,1.00
2015.07.14 08:41:48.991,0.71328,0.71336,2.47,1.00
2015.07.14 08:41:49.837,0.71328,0.71339,1.37,2.25
2015.07.14 08:41:50.867,0.71329,0.71339,1.37,1.50
2015.07.14 08:41:51.997,0.71331,0.71339,1.37,1.00
2015.07.14 08:41:52.150,0.7133,0.71337,1.37,1.00
2015.07.14 08:41:53.064,0.71331,0.71339,1.87,1.00
2015.07.14 08:41:53.116,0.71331,0.71336,1.37,1.00
2015.07.14 08:41:53.641,0.7133,0.71337,1.37,1.00
2015.07.14 08:41:53.693,0.71329,0.71335,1.47,1.00
2015.07.14 08:41:54.179,0.71326,0.71334,1.95,1.00
2015.07.14 08:41:54.282,0.71326,0.71337,1.05,1.50
2015.07.14 08:41:54.333,0.71326,0.71334,1.05,1.00
2015.07.14 08:41:54.435,0.71329,0.71336,1.72,1.00
2015.07.14 08:41:54.588,0.71326,0.71336,1.37,1.00
2015.07.14 08:41:54.690,0.71325,0.71336,1.37,1.00
2015.07.14 08:41:55.176,0.71323,0.71334,2.62,1.00
2015.07.14 08:41:55.483,0.71323,0.71332,1.37,1.00
2015.07.14 08:41:55.585,0.71321,0.71332,1.94,1.00
2015.07.14 08:41:55.789,0.71322,0.71334,1.37,1.12
2015.07.14 08:41:56.140,0.71324,0.71332,1.12,1.00
2015.07.14 08:41:56.903,0.7132,0.71331,1.12,1.00
2015.07.14 08:41:57.461,0.7132,0.71329,1.12,1.00
2015.07.14 08:41:58.896,0.71318,0.71329,2.47,1.00
2015.07.14 08:41:59.251,0.71319,0.71331,1.37,1.00
2015.07.14 08:41:59.452,0.71319,0.71329,1.37,1.00
2015.07.14 08:42:00.316,0.71318,0.71329,1.87,1.50
2015.07.14 08:42:03.280,0.71319,0.71331,1.87,1.87
2015.07.14 08:42:03.585,0.7132,0.71331,1.37,1.12
2015.07.14 08:42:04.332,0.71319,0.71331,2.47,1.12
2015.07.14 08:42:04.638,0.71318,0.71329,3.37,1.50
2015.07.14 08:42:04.892,0.71318,0.71329,2.62,1.87
2015.07.14 08:42:06.450,0.7132,0.71329,1.00,2.62
2015.07.14 08:42:06.603,0.71316,0.71326,1.37,1.00
2015.07.14 08:42:06.886,0.71314,0.71323,1.12,1.00
2015.07.14 08:42:06.938,0.71314,0.71321,1.87,1.00
2015.07.14 08:42:07.242,0.71318,0.71324,1.37,1.00
2015.07.14 08:42:07.395,0.71314,0.71324,1.37,1.00
2015.07.14 08:42:07.599,0.71319,0.71325,1.00,1.00
2015.07.14 08:42:08.061,0.71319,0.71327,1.12,1.50
2015.07.14 08:42:08.571,0.71319,0.71328,1.12,1.87
2015.07.14 08:42:09.121,0.71316,0.71326,1.37,1.00
2015.07.14 08:42:09.632,0.71316,0.71327,1.87,1.00
2015.07.14 08:42:09.939,0.71316,0.71325,2.62,1.00
2015.07.14 08:42:10.458,0.71316,0.71325,2.62,1.00
2015.07.14 08:42:11.660,0.71316,0.71326,1.87,1.00
2015.07.14 08:42:12.135,0.71316,0.71324,1.37,1.00
2015.07.14 08:42:12.544,0.71314,0.71322,1.87,1.00
2015.07.14 08:42:12.860,0.71314,0.7132,1.37,1.00
2015.07.14 08:42:12.912,0.71313,0.7132,1.37,1.00
2015.07.14 08:42:13.065,0.71312,0.71323,1.87,2.62
2015.07.14 08:42:13.218,0.71312,0.71319,1.37,1.00
2015.07.14 08:42:13.321,0.71312,0.71321,1.37,1.50
2015.07.14 08:42:13.823,0.71313,0.7132,2.62,1.00
2015.07.14 08:42:13.874,0.71313,0.71324,1.87,1.87
2015.07.14 08:42:14.707,0.71313,0.71324,1.37,1.00
2015.07.14 08:42:15.219,0.71315,0.71323,1.37,1.50
2015.07.14 08:42:15.541,0.71315,0.71321,1.37,1.00
2015.07.14 08:42:15.931,0.7131,0.7132,1.95,1.00
2015.07.14 08:42:16.135,0.7131,0.71319,1.37,1.00
2015.07.14 08:42:17.015,0.7131,0.71319,1.12,1.00
2015.07.14 08:42:17.066,0.7131,0.71317,1.12,1.00
2015.07.14 08:42:17.270,0.7131,0.71319,1.12,1.50
2015.07.14 08:42:17.574,0.7131,0.71317,1.12,1.00
2015.07.14 08:42:18.348,0.7131,0.71318,1.12,1.00
2015.07.14 08:42:19.964,0.71309,0.71318,3.37,1.00
2015.07.14 08:42:21.130,0.71309,0.71317,1.87,1.00
2015.07.14 08:42:21.435,0.71309,0.71315,1.87,1.00
2015.07.14 08:42:21.789,0.71307,0.71316,1.37,1.50
2015.07.14 08:42:21.840,0.71307,0.71314,1.87,1.00
2015.07.14 08:42:22.838,0.71309,0.71316,1.37,1.00
2015.07.14 08:42:23.017,0.7131,0.71314,1.12,1.00
2015.07.14 08:42:23.068,0.7131,0.71317,1.12,1.00
2015.07.14 08:42:23.322,0.7131,0.71315,1.12,1.00
2015.07.14 08:42:23.787,0.7131,0.71317,1.12,1.50
2015.07.14 08:42:24.240,0.7131,0.71315,1.12,1.00
2015.07.14 08:42:24.750,0.71307,0.71314,1.37,1.00
2015.07.14 08:42:24.852,0.71307,0.71314,1.12,1.00
2015.07.14 08:42:24.954,0.71309,0.71315,1.00,1.00
2015.07.14 08:42:25.103,0.71309,0.71317,1.00,1.00
2015.07.14 08:42:25.612,0.71308,0.71316,1.87,1.00
2015.07.14 08:42:25.917,0.71309,0.71318,1.00,1.87
2015.07.14 08:42:26.364,0.71309,0.71317,1.37,1.00
2015.07.14 08:42:26.517,0.71309,0.71319,1.87,1.00
2015.07.14 08:42:27.177,0.71309,0.71318,1.87,1.50
2015.07.14 08:42:28.296,0.71309,0.71319,1.87,1.50
2015.07.14 08:42:30.425,0.71308,0.71318,1.87,1.00
2015.07.14 08:42:30.940,0.71309,0.71317,1.37,1.00
2015.07.14 08:42:33.107,0.71309,0.71316,1.37,1.00
2015.07.14 08:42:33.648,0.71309,0.71316,1.37,1.00
2015.07.14 08:42:34.521,0.71309,0.71317,1.37,1.00
2015.07.14 08:42:35.056,0.71309,0.71316,1.37,1.00
2015.07.14 08:42:36.382,0.71309,0.71316,1.12,1.00
2015.07.14 08:42:36.906,0.71309,0.71317,1.12,1.00
2015.07.14 08:42:37.509,0.71308,0.71316,1.37,1.00
2015.07.14 08:42:38.018,0.71309,0.71317,1.12,1.00
2015.07.14 08:42:38.069,0.71309,0.71318,1.37,1.50
2015.07.14 08:42:38.670,0.71309,0.71316,1.37,1.00
2015.07.14 08:42:38.976,0.71309,0.71314,1.87,1.00
2015.07.14 08:42:39.486,0.71309,0.71315,1.37,1.00
2015.07.14 08:42:40.043,0.71308,0.71314,1.87,1.00
2015.07.14 08:42:40.094,0.71308,0.71317,1.87,2.25
2015.07.14 08:42:40.349,0.71308,0.71314,1.87,1.00
2015.07.14 08:42:40.502,0.71304,0.71311,1.50,1.00
2015.07.14 08:42:40.554,0.71307,0.71316,1.12,1.50
2015.07.14 08:42:40.706,0.71308,0.71316,1.37,1.00
2015.07.14 08:42:41.056,0.71303,0.71312,1.87,1.00
2015.07.14 08:42:41.210,0.71303,0.71312,1.87,1.00
2015.07.14 08:42:41.364,0.71305,0.71315,1.12,1.87
2015.07.14 08:42:42.167,0.71305,0.71315,1.37,1.00
2015.07.14 08:42:43.198,0.71305,0.71315,1.37,1.12
2015.07.14 08:42:44.165,0.71305,0.71315,1.37,1.00
2015.07.14 08:42:45.121,0.71305,0.71313,1.37,1.00
2015.07.14 08:42:45.635,0.71304,0.71312,2.62,1.00
2015.07.14 08:42:46.199,0.71304,0.71312,1.87,1.00
2015.07.14 08:42:46.693,0.71304,0.71314,1.87,1.00
2015.07.14 08:42:46.948,0.71305,0.71313,1.37,1.00
2015.07.14 08:42:47.305,0.71305,0.71315,1.37,1.00
2015.07.14 08:42:47.814,0.71305,0.71317,1.37,3.37
2015.07.14 08:42:48.447,0.71305,0.71314,1.37,1.00
2015.07.14 08:42:50.891,0.71304,0.71314,2.62,1.00
2015.07.14 08:42:52.990,0.71305,0.71316,1.37,1.12
2015.07.14 08:42:53.042,0.71308,0.71316,1.00,1.12
2015.07.14 08:42:53.569,0.71307,0.71313,1.50,1.00
2015.07.14 08:42:54.078,0.71307,0.71314,1.12,1.00
2015.07.14 08:42:54.536,0.71307,0.71316,1.12,1.12
2015.07.14 08:42:54.587,0.71307,0.71318,1.12,1.00
2015.07.14 08:42:54.638,0.71307,0.71316,1.72,1.00
2015.07.14 08:42:54.971,0.71307,0.71313,1.37,1.00
2015.07.14 08:42:55.311,0.71307,0.71317,1.37,1.12
2015.07.14 08:42:55.413,0.71309,0.71316,1.37,1.00
2015.07.14 08:42:57.489,0.7131,0.71314,1.12,1.00
2015.07.14 08:42:57.735,0.71308,0.71314,1.37,1.00
2015.07.14 08:42:59.694,0.71307,0.71314,1.87,1.00
2015.07.14 08:43:00.441,0.71307,0.71316,2.62,1.00
2015.07.14 08:43:00.629,0.71308,0.71316,1.37,1.00
2015.07.14 08:43:01.068,0.71307,0.71318,1.87,1.50
2015.07.14 08:43:01.374,0.71308,0.71316,1.37,1.00
2015.07.14 08:43:04.536,0.71308,0.71316,1.12,1.00
2015.07.14 08:43:05.569,0.71308,0.71316,1.37,1.00
2015.07.14 08:43:08.863,0.71308,0.71318,1.37,1.50
2015.07.14 08:43:09.556,0.71308,0.71318,1.37,1.50
2015.07.14 08:43:10.577,0.71308,0.71318,1.37,1.00
2015.07.14 08:43:12.301,0.7131,0.71319,1.00,1.87
2015.07.14 08:43:17.835,0.71311,0.71318,1.00,1.00
2015.07.14 08:43:18.459,0.71313,0.71321,1.00,1.37
2015.07.14 08:43:18.511,0.71313,0.71322,1.00,1.57
2015.07.14 08:43:18.562,0.71311,0.71321,1.12,1.12
2015.07.14 08:43:19.838,0.71309,0.7132,1.37,1.00
2015.07.14 08:43:20.563,0.71309,0.7132,1.37,1.87
2015.07.14 08:43:21.568,0.71308,0.71319,2.62,1.00
2015.07.14 08:43:21.873,0.71308,0.71315,1.87,1.00
2015.07.14 08:43:22.379,0.71307,0.71317,1.37,1.50
2015.07.14 08:43:22.914,0.71307,0.71316,1.37,1.50
2015.07.14 08:43:23.015,0.71307,0.71316,1.12,1.50
2015.07.14 08:43:23.200,0.71307,0.7132,1.87,2.77
2015.07.14 08:43:25.187,0.71308,0.71319,1.37,1.00
2015.07.14 08:43:25.709,0.71308,0.71318,1.37,1.00
2015.07.14 08:43:28.079,0.71309,0.71319,1.37,1.12
2015.07.14 08:43:29.406,0.7131,0.7132,1.12,1.12
2015.07.14 08:43:29.753,0.71312,0.71322,1.00,2.25
2015.07.14 08:43:30.891,0.71312,0.71322,1.37,1.37
2015.07.14 08:43:34.034,0.71312,0.71322,1.87,1.00
2015.07.14 08:43:34.346,0.71312,0.71319,1.87,1.00
2015.07.14 08:43:34.855,0.7131,0.71321,1.87,1.87
2015.07.14 08:43:35.111,0.71308,0.71321,2.62,3.37
2015.07.14 08:43:35.658,0.71309,0.71318,1.37,1.00
2015.07.14 08:43:36.166,0.71309,0.71318,1.12,1.00
2015.07.14 08:43:36.670,0.71309,0.71319,1.12,1.12
2015.07.14 08:43:36.977,0.71308,0.71315,1.37,1.00
2015.07.14 08:43:37.492,0.71308,0.71316,1.12,1.00
2015.07.14 08:43:38.134,0.71308,0.71316,1.37,1.12
2015.07.14 08:43:39.652,0.71308,0.71319,1.87,1.47
2015.07.14 08:43:39.704,0.71308,0.71319,2.47,1.10
2015.07.14 08:43:40.251,0.7131,0.7132,1.87,1.50
2015.07.14 08:43:40.556,0.7131,0.7132,1.87,1.00
2015.07.14 08:43:40.911,0.71312,0.7132,1.87,1.00
2015.07.14 08:43:41.064,0.71313,0.71322,1.37,1.00
2015.07.14 08:43:41.909,0.71313,0.71322,1.37,1.00
2015.07.14 08:43:42.422,0.71313,0.71323,1.87,1.50
2015.07.14 08:43:42.808,0.71314,0.71325,1.87,1.12
2015.07.14 08:43:43.115,0.71315,0.71323,1.37,1.00
2015.07.14 08:43:44.898,0.71315,0.71324,1.37,1.00
2015.07.14 08:43:45.635,0.71315,0.71327,3.37,1.37
2015.07.14 08:43:45.841,0.71319,0.71328,1.12,1.12
2015.07.14 08:43:46.360,0.71318,0.71327,1.37,1.00
2015.07.14 08:43:46.879,0.71317,0.71328,3.37,1.12
2015.07.14 08:43:47.396,0.71317,0.71328,4.12,1.00
2015.07.14 08:43:47.904,0.71317,0.71327,2.62,1.00
2015.07.14 08:43:48.411,0.71317,0.71327,2.62,1.00
2015.07.14 08:43:48.956,0.71317,0.71327,2.62,1.00
2015.07.14 08:43:49.261,0.71315,0.71323,2.62,1.00
2015.07.14 08:43:49.364,0.71314,0.71324,2.62,1.00
2015.07.14 08:43:50.043,0.71319,0.71325,1.00,1.00
2015.07.14 08:43:50.094,0.71315,0.71325,1.87,1.00
2015.07.14 08:43:50.145,0.71319,0.71325,1.00,1.00
2015.07.14 08:43:50.298,0.71319,0.71327,1.00,1.12
2015.07.14 08:43:50.350,0.71319,0.71325,1.00,1.00
2015.07.14 08:43:50.453,0.71315,0.71325,2.25,1.00
2015.07.14 08:43:50.863,0.71318,0.71328,1.00,1.12
2015.07.14 08:43:51.232,0.71319,0.71329,1.37,1.87
2015.07.14 08:43:52.260,0.7132,0.7133,1.37,1.12
2015.07.14 08:43:53.779,0.7132,0.71329,2.62,1.00
2015.07.14 08:43:54.379,0.71322,0.71329,1.12,1.00
2015.07.14 08:43:54.481,0.71322,0.71331,1.87,1.00
2015.07.14 08:43:54.992,0.71322,0.71332,1.12,1.12
2015.07.14 08:43:55.145,0.71322,0.71332,1.87,1.00
2015.07.14 08:43:55.671,0.71322,0.71333,1.87,1.12
2015.07.14 08:43:56.181,0.71322,0.71333,1.37,1.37
2015.07.14 08:43:57.161,0.71322,0.71333,1.87,1.00
2015.07.14 08:43:57.560,0.71325,0.71335,1.37,1.12
2015.07.14 08:43:58.531,0.71328,0.71337,1.00,1.37
2015.07.14 08:43:58.637,0.7133,0.71339,1.00,1.95
2015.07.14 08:43:59.145,0.7133,0.71338,1.37,1.00
2015.07.14 08:43:59.451,0.7133,0.7134,1.37,2.25
2015.07.14 08:43:59.643,0.7133,0.71338,1.37,1.00
2015.07.14 08:44:00.155,0.71327,0.71337,1.87,1.00
2015.07.14 08:44:00.358,0.71327,0.71337,1.87,1.00
2015.07.14 08:44:00.902,0.71327,0.71336,2.62,1.00
2015.07.14 08:44:01.259,0.71325,0.71335,1.50,2.47
2015.07.14 08:44:03.087,0.71324,0.71334,1.12,1.12
2015.07.14 08:44:03.681,0.71324,0.71334,1.00,1.37
2015.07.14 08:44:04.214,0.71323,0.71334,1.12,1.37
2015.07.14 08:44:04.723,0.71322,0.71333,1.12,1.87
2015.07.14 08:44:05.297,0.71322,0.71333,1.12,1.87
2015.07.14 08:44:05.898,0.71321,0.71332,1.00,4.72
2015.07.14 08:44:06.510,0.71319,0.71329,1.12,1.12
2015.07.14 08:44:06.714,0.71316,0.71329,1.87,1.37
2015.07.14 08:44:07.019,0.71315,0.71326,1.00,1.37
2015.07.14 08:44:07.071,0.71315,0.71327,1.00,1.37
2015.07.14 08:44:08.170,0.71315,0.71327,1.37,1.37
2015.07.14 08:44:08.393,0.71316,0.71324,1.00,1.37
2015.07.14 08:44:08.620,0.71313,0.71324,1.87,1.37
2015.07.14 08:44:09.487,0.71312,0.71324,1.87,1.37
2015.07.14 08:44:10.507,0.71312,0.71324,1.50,1.37
2015.07.14 08:44:11.094,0.71313,0.71322,1.00,1.37
2015.07.14 08:44:11.676,0.71313,0.71322,1.00,1.12
2015.07.14 08:44:12.311,0.71312,0.71325,1.87,2.25
2015.07.14 08:44:12.560,0.71312,0.7132,1.12,1.00
2015.07.14 08:44:13.072,0.71312,0.71321,1.12,1.12
2015.07.14 08:44:14.805,0.71312,0.7132,1.12,1.00
2015.07.14 08:44:15.315,0.71312,0.71321,1.12,1.12
2015.07.14 08:44:19.809,0.71311,0.71321,1.12,1.12
2015.07.14 08:44:22.405,0.71311,0.7132,1.12,1.00
2015.07.14 08:44:22.909,0.71309,0.71319,1.37,1.12
2015.07.14 08:44:23.484,0.71309,0.7132,1.67,1.47
2015.07.14 08:44:24.403,0.71311,0.7132,1.37,1.10
2015.07.14 08:44:25.402,0.71311,0.71322,1.37,1.27
2015.07.14 08:44:25.917,0.71311,0.71321,1.00,1.07
2015.07.14 08:44:26.438,0.71311,0.71322,1.50,1.00
2015.07.14 08:44:26.964,0.71312,0.71322,1.00,1.00
2015.07.14 08:44:27.474,0.71312,0.71323,1.00,1.20
2015.07.14 08:44:28.688,0.71312,0.7132,1.00,1.00
2015.07.14 08:44:29.196,0.71312,0.71321,1.00,1.00
2015.07.14 08:44:29.896,0.71312,0.7132,1.00,1.00
2015.07.14 08:44:30.837,0.71312,0.71321,1.00,1.00
2015.07.14 08:44:31.351,0.71312,0.71322,1.50,1.12
2015.07.14 08:44:33.978,0.71312,0.71324,1.50,1.00
2015.07.14 08:44:34.485,0.71313,0.71324,1.00,1.00
2015.07.14 08:44:42.067,0.71313,0.71324,1.87,1.00
2015.07.14 08:44:44.989,0.71313,0.71324,1.87,1.00
2015.07.14 08:44:45.751,0.71313,0.71325,2.62,1.12
2015.07.14 08:44:46.158,0.71316,0.71326,1.37,1.12
2015.07.14 08:44:46.473,0.71318,0.71328,1.87,1.00
2015.07.14 08:44:46.879,0.7132,0.7133,1.12,1.12
2015.07.14 08:44:47.487,0.7132,0.7133,1.37,1.12
2015.07.14 08:44:48.497,0.7132,0.71332,1.37,1.87
2015.07.14 08:44:49.267,0.7132,0.71329,1.87,1.00
2015.07.14 08:44:49.369,0.7132,0.71331,1.87,1.12
2015.07.14 08:44:50.489,0.7132,0.71331,1.87,1.37
2015.07.14 08:44:51.492,0.7132,0.71331,1.87,1.12
2015.07.14 08:44:52.204,0.7132,0.7133,1.37,1.00
2015.07.14 08:44:52.712,0.7132,0.71331,1.87,1.12
2015.07.14 08:44:53.320,0.71321,0.7133,1.37,1.00
2015.07.14 08:44:55.416,0.71324,0.7133,1.00,1.00
2015.07.14 08:44:55.739,0.71322,0.7133,3.37,1.00
2015.07.14 08:44:55.793,0.71322,0.7133,3.37,1.00
2015.07.14 08:44:55.895,0.71323,0.71334,2.62,1.37
2015.07.14 08:44:56.799,0.71324,0.71334,1.37,1.12
2015.07.14 08:44:57.104,0.71322,0.71329,1.50,1.00
2015.07.14 08:44:57.614,0.71319,0.71328,1.37,1.00
2015.07.14 08:44:58.307,0.71319,0.71328,1.37,1.00
2015.07.14 08:44:59.170,0.71319,0.71327,1.37,1.00
2015.07.14 08:44:59.374,0.71322,0.71332,1.37,1.00
2015.07.14 08:44:59.527,0.71325,0.71332,1.00,1.00
2015.07.14 08:44:59.579,0.71325,0.71334,1.00,1.20
2015.07.14 08:44:59.681,0.71323,0.7133,1.87,1.00
2015.07.14 08:44:59.885,0.71324,0.71335,1.37,1.87
2015.07.14 08:44:59.936,0.71324,0.71335,1.37,1.50
2015.07.14 08:45:00.184,0.71323,0.71333,1.87,1.00
2015.07.14 08:45:00.694,0.71322,0.71332,2.25,1.00
2015.07.14 08:45:00.847,0.71324,0.71337,1.87,1.87
2015.07.14 08:45:00.898,0.71326,0.71338,1.37,1.00
2015.07.14 08:45:01.441,0.71327,0.71339,1.37,1.00
2015.07.14 08:45:01.961,0.71329,0.71341,1.37,1.37
2015.07.14 08:45:02.331,0.71332,0.71339,1.00,1.00
2015.07.14 08:45:02.434,0.71333,0.71342,1.12,2.62
2015.07.14 08:45:02.537,0.71335,0.71342,1.00,1.00
2015.07.14 08:45:02.641,0.71335,0.71346,1.37,1.20
2015.07.14 08:45:02.847,0.71336,0.71348,1.87,1.12
2015.07.14 08:45:03.348,0.71338,0.71349,1.37,1.50
2015.07.14 08:45:04.010,0.7134,0.71349,1.37,2.25
2015.07.14 08:45:04.365,0.71336,0.71346,1.87,1.00
2015.07.14 08:45:04.824,0.71334,0.71346,1.87,1.37
2015.07.14 08:45:05.390,0.71334,0.71344,1.37,1.00
2015.07.14 08:45:05.849,0.71334,0.71344,1.37,1.50
2015.07.14 08:45:06.568,0.71335,0.71345,1.87,1.12
2015.07.14 08:45:06.825,0.71336,0.71345,1.37,1.12
2015.07.14 08:45:07.335,0.71337,0.71346,1.37,1.00
2015.07.14 08:45:07.386,0.71337,0.71348,1.37,1.12
2015.07.14 08:45:07.738,0.7134,0.71348,1.00,1.87
2015.07.14 08:45:08.246,0.71339,0.7135,1.37,2.62
2015.07.14 08:45:08.835,0.71339,0.7135,1.37,1.87
2015.07.14 08:45:10.842,0.7134,0.71348,1.12,1.00
2015.07.14 08:45:11.147,0.71341,0.71352,1.00,3.97
2015.07.14 08:45:11.652,0.71343,0.71351,1.00,1.12
2015.07.14 08:45:11.957,0.71339,0.71349,1.37,1.12
2015.07.14 08:45:12.264,0.71341,0.71353,1.87,1.47
2015.07.14 08:45:13.681,0.71342,0.71354,1.37,4.05
2015.07.14 08:45:14.139,0.71345,0.71354,1.00,3.30
2015.07.14 08:45:14.642,0.71344,0.71353,1.00,1.72
2015.07.14 08:45:15.101,0.71346,0.71356,1.00,1.55
2015.07.14 08:45:15.153,0.71346,0.71357,1.00,3.30
2015.07.14 08:45:15.357,0.71347,0.71357,1.12,1.87
2015.07.14 08:45:15.551,0.71348,0.7136,1.37,1.37
2015.07.14 08:45:15.653,0.7135,0.71362,1.37,2.62
2015.07.14 08:45:16.162,0.71351,0.71362,1.37,1.00
2015.07.14 08:45:16.705,0.71354,0.71364,1.00,1.87
2015.07.14 08:45:17.214,0.71352,0.71363,1.37,1.12
2015.07.14 08:45:17.867,0.71355,0.71363,1.00,1.12
2015.07.14 08:45:18.174,0.71353,0.71365,1.37,1.00
2015.07.14 08:45:18.749,0.71353,0.71365,1.37,1.37
2015.07.14 08:45:19.258,0.71353,0.71363,1.37,1.00
2015.07.14 08:45:19.513,0.71353,0.71366,2.62,1.37
2015.07.14 08:45:20.503,0.71354,0.71365,1.37,1.87
2015.07.14 08:45:21.354,0.71354,0.71363,1.37,1.00
2015.07.14 08:45:21.508,0.71354,0.71363,1.12,1.12
2015.07.14 08:45:21.612,0.71353,0.71358,1.37,1.00
2015.07.14 08:45:21.663,0.71353,0.7136,1.37,1.00
2015.07.14 08:45:21.715,0.71351,0.71361,1.12,1.50
2015.07.14 08:45:21.767,0.71351,0.71359,1.12,1.00
2015.07.14 08:45:22.308,0.71347,0.71361,2.62,1.37
2015.07.14 08:45:22.615,0.71347,0.71358,1.37,1.87
2015.07.14 08:45:22.820,0.71344,0.71357,1.87,1.37
2015.07.14 08:45:23.326,0.71347,0.71357,1.12,1.12
2015.07.14 08:45:24.396,0.71345,0.71355,1.37,1.00
2015.07.14 08:45:24.601,0.71344,0.71355,1.87,1.87
2015.07.14 08:45:24.808,0.71348,0.71357,1.00,2.25
2015.07.14 08:45:25.321,0.71348,0.71359,1.00,1.37
2015.07.14 08:45:25.829,0.71347,0.71359,1.12,1.37
2015.07.14 08:45:25.931,0.71347,0.71359,1.37,1.37
2015.07.14 08:45:26.625,0.71345,0.71356,2.32,1.00
2015.07.14 08:45:26.727,0.71346,0.71355,1.12,1.00
2015.07.14 08:45:27.236,0.71342,0.71355,2.62,1.87
2015.07.14 08:45:27.773,0.71342,0.71353,1.37,1.50
2015.07.14 08:45:28.079,0.71341,0.71351,1.50,1.00
2015.07.14 08:45:28.613,0.7134,0.7135,1.87,1.00
2015.07.14 08:45:29.029,0.71341,0.71351,1.50,1.00
2015.07.14 08:45:29.233,0.71345,0.71351,1.00,1.00
2015.07.14 08:45:29.387,0.71343,0.71353,3.37,1.12
2015.07.14 08:45:29.438,0.71343,0.71353,1.87,1.00
2015.07.14 08:45:29.940,0.71342,0.71352,1.37,1.00
2015.07.14 08:45:30.450,0.71344,0.71353,1.37,1.00
2015.07.14 08:45:32.074,0.71344,0.71354,1.37,1.12
2015.07.14 08:45:32.380,0.7135,0.71356,1.00,1.00
2015.07.14 08:45:32.895,0.71347,0.71357,2.62,1.00
2015.07.14 08:45:33.932,0.71349,0.71357,1.00,1.00
2015.07.14 08:45:34.034,0.71349,0.71355,1.00,1.00
2015.07.14 08:45:34.542,0.71348,0.71355,1.12,1.00
2015.07.14 08:45:35.052,0.71348,0.71355,1.37,1.00
2015.07.14 08:45:35.561,0.71348,0.71355,1.12,1.00
2015.07.14 08:45:37.107,0.71349,0.71355,1.00,1.00
2015.07.14 08:45:37.413,0.71351,0.71356,1.00,1.00
2015.07.14 08:45:38.000,0.71349,0.71356,1.12,1.00
2015.07.14 08:45:38.204,0.71352,0.71358,1.00,1.00
2015.07.14 08:45:38.734,0.71352,0.71359,1.12,1.00
2015.07.14 08:45:39.246,0.7135,0.71356,1.37,1.00
2015.07.14 08:45:39.743,0.71347,0.71356,1.37,1.00
2015.07.14 08:45:40.303,0.71347,0.71352,1.12,1.00
2015.07.14 08:45:40.459,0.71344,0.71351,1.57,1.00
2015.07.14 08:45:40.665,0.71343,0.71351,1.87,1.00
2015.07.14 08:45:41.465,0.71343,0.71349,1.12,1.00
2015.07.14 08:45:41.772,0.71338,0.71351,4.35,1.87
2015.07.14 08:45:41.874,0.71343,0.71347,1.00,1.00
2015.07.14 08:45:42.384,0.71339,0.71346,1.37,1.00
2015.07.14 08:45:43.553,0.7134,0.71346,1.72,1.00
2015.07.14 08:45:43.666,0.71341,0.71349,1.37,1.00
2015.07.14 08:45:44.176,0.71342,0.71349,1.37,1.00
2015.07.14 08:45:44.809,0.71341,0.71347,1.37,1.00
2015.07.14 08:45:44.912,0.71339,0.71349,1.50,1.00
2015.07.14 08:45:45.778,0.71339,0.71347,1.37,1.00
2015.07.14 08:45:46.287,0.71339,0.71348,1.37,1.00
2015.07.14 08:45:46.797,0.71338,0.71349,1.37,1.00
2015.07.14 08:45:47.344,0.71338,0.7135,2.47,1.87
2015.07.14 08:45:47.649,0.71339,0.7135,2.10,1.50
2015.07.14 08:45:48.298,0.71339,0.71347,1.50,1.00
2015.07.14 08:45:48.809,0.71338,0.71347,1.87,1.00
2015.07.14 08:45:49.138,0.71338,0.71345,1.87,1.00
2015.07.14 08:45:49.647,0.71336,0.71344,1.87,1.00
2015.07.14 08:45:49.800,0.71336,0.71344,1.37,1.00
2015.07.14 08:45:49.851,0.71335,0.71342,2.47,1.00
2015.07.14 08:45:50.202,0.71338,0.71344,1.37,1.00
2015.07.14 08:45:50.609,0.71338,0.71346,1.37,1.00
2015.07.14 08:45:51.138,0.71338,0.71346,1.37,1.00
2015.07.14 08:45:51.688,0.71337,0.71346,1.37,1.50
2015.07.14 08:45:52.401,0.71336,0.71346,1.37,1.87
2015.07.14 08:45:53.848,0.71335,0.71344,1.37,1.00
2015.07.14 08:45:53.899,0.71335,0.71343,1.12,1.00
2015.07.14 08:45:54.408,0.71333,0.71342,1.37,1.00
2015.07.14 08:45:54.971,0.71333,0.71342,1.00,1.12
2015.07.14 08:45:55.073,0.71335,0.71342,1.00,1.12
2015.07.14 08:45:55.175,0.71333,0.71341,1.00,1.00
2015.07.14 08:45:55.480,0.71333,0.71339,1.00,1.12
2015.07.14 08:45:57.053,0.71332,0.7134,1.50,1.00
2015.07.14 08:45:57.362,0.71334,0.71339,1.12,1.00
2015.07.14 08:45:58.107,0.71334,0.71345,1.12,1.87
2015.07.14 08:45:58.650,0.71335,0.71343,1.12,1.00
2015.07.14 08:45:59.827,0.71334,0.71345,1.87,1.12
2015.07.14 08:45:59.930,0.71337,0.71345,1.00,1.12
2015.07.14 08:46:00.699,0.7134,0.71349,1.00,1.47
2015.07.14 08:46:00.753,0.71338,0.7135,1.87,3.37
2015.07.14 08:46:01.116,0.71338,0.7135,1.37,1.37
2015.07.14 08:46:01.820,0.71341,0.7135,1.00,1.37
2015.07.14 08:46:02.327,0.71341,0.7135,1.00,1.12
2015.07.14 08:46:02.931,0.71342,0.71351,1.00,1.37
2015.07.14 08:46:03.264,0.71345,0.71355,1.00,1.57
2015.07.14 08:46:03.315,0.71345,0.71356,1.37,4.12
2015.07.14 08:46:03.623,0.71346,0.71356,1.12,2.62
2015.07.14 08:46:04.153,0.71343,0.71356,2.96,1.37
2015.07.14 08:46:05.017,0.71343,0.71355,1.37,1.87
2015.07.14 08:46:06.024,0.71343,0.71353,1.37,1.37
2015.07.14 08:46:06.991,0.71343,0.71352,1.00,1.37
2015.07.14 08:46:07.498,0.71344,0.71352,1.00,1.37
2015.07.14 08:46:08.008,0.71341,0.71351,1.12,1.12
2015.07.14 08:46:08.110,0.71341,0.71351,1.00,1.37
2015.07.14 08:46:09.117,0.71342,0.71351,1.00,1.37
2015.07.14 08:46:09.322,0.71339,0.71346,1.00,1.87
2015.07.14 08:46:09.518,0.71337,0.71348,1.12,3.00
2015.07.14 08:46:09.620,0.71334,0.71346,1.87,1.37
2015.07.14 08:46:10.130,0.71334,0.71344,1.00,1.50
2015.07.14 08:46:10.621,0.71333,0.71343,1.00,1.37
2015.07.14 08:46:11.496,0.71332,0.71344,1.12,3.00
2015.07.14 08:46:11.804,0.71334,0.71344,1.00,2.25
2015.07.14 08:46:11.908,0.71336,0.71344,1.00,1.50
2015.07.14 08:46:11.959,0.71338,0.71345,1.00,3.00
2015.07.14 08:46:12.317,0.71338,0.71347,1.00,2.25
2015.07.14 08:46:12.453,0.71336,0.71346,1.00,1.37
2015.07.14 08:46:12.555,0.71336,0.71345,1.00,1.37
2015.07.14 08:46:12.912,0.71334,0.71344,1.12,1.87
2015.07.14 08:46:14.016,0.71335,0.71343,1.00,1.12
2015.07.14 08:46:14.528,0.71334,0.71344,1.00,1.37
2015.07.14 08:46:15.301,0.71337,0.71345,1.00,2.62
2015.07.14 08:46:15.607,0.71332,0.71343,3.37,2.10
2015.07.14 08:46:15.659,0.71333,0.71341,1.00,1.12
2015.07.14 08:46:16.014,0.71337,0.71342,1.00,1.00
2015.07.14 08:46:16.066,0.71337,0.71344,1.00,1.00
2015.07.14 08:46:16.576,0.71335,0.71346,1.37,1.37
2015.07.14 08:46:17.060,0.71335,0.71346,1.37,1.12
2015.07.14 08:46:17.624,0.71336,0.71345,1.12,1.00
2015.07.14 08:46:17.829,0.71335,0.71344,1.12,1.37
2015.07.14 08:46:18.173,0.71337,0.71346,1.00,2.62
2015.07.14 08:46:18.377,0.71335,0.71345,1.12,1.37
2015.07.14 08:46:18.632,0.71336,0.71345,1.00,1.12
2015.07.14 08:46:19.442,0.71335,0.71345,1.12,1.12
2015.07.14 08:46:19.951,0.71335,0.71344,1.12,1.12
2015.07.14 08:46:22.812,0.71337,0.71346,1.00,1.37
2015.07.14 08:46:23.322,0.71335,0.71345,1.37,1.12
2015.07.14 08:46:23.627,0.71335,0.71344,1.00,1.37
2015.07.14 08:46:24.226,0.71334,0.71343,1.50,1.37
2015.07.14 08:46:24.794,0.71332,0.7134,1.12,1.00
2015.07.14 08:46:25.099,0.71331,0.71339,1.12,1.37
2015.07.14 08:46:25.948,0.7133,0.71339,1.00,1.37
2015.07.14 08:46:26.203,0.71326,0.71337,1.12,1.87
2015.07.14 08:46:26.862,0.71326,0.71336,1.00,1.87
2015.07.14 08:46:27.364,0.71326,0.71338,1.12,2.62
2015.07.14 08:46:28.025,0.71327,0.71338,1.00,1.87
2015.07.14 08:46:28.527,0.71326,0.71337,1.37,1.87
2015.07.14 08:46:29.035,0.71326,0.71336,1.37,1.00
2015.07.14 08:46:29.779,0.71325,0.71336,1.87,1.37
2015.07.14 08:46:30.782,0.71325,0.71336,1.37,1.87
2015.07.14 08:46:32.113,0.71324,0.71334,1.37,1.00
2015.07.14 08:46:32.165,0.71324,0.71334,1.12,1.12
2015.07.14 08:46:32.369,0.71323,0.71335,1.37,1.00
2015.07.14 08:46:33.466,0.71323,0.71335,3.37,1.37
2015.07.14 08:46:34.529,0.71323,0.71335,2.62,1.87
2015.07.14 08:46:35.638,0.71326,0.71334,1.00,1.87
2015.07.14 08:46:35.967,0.71327,0.71336,1.37,1.12
2015.07.14 08:46:36.631,0.71327,0.71334,1.37,1.00
2015.07.14 08:46:36.898,0.71327,0.71334,1.00,1.00
2015.07.14 08:46:36.952,0.71324,0.71333,1.37,1.00
2015.07.14 08:46:37.464,0.71323,0.71332,1.37,1.00
2015.07.14 08:46:37.515,0.71323,0.71335,1.37,1.37
2015.07.14 08:46:38.786,0.71325,0.71335,1.37,1.00
2015.07.14 08:46:38.975,0.71325,0.71332,1.12,1.00
2015.07.14 08:46:39.077,0.71325,0.71334,1.12,1.12
2015.07.14 08:46:39.282,0.71325,0.71334,1.37,1.00
2015.07.14 08:46:39.895,0.71323,0.71335,1.37,1.12
2015.07.14 08:46:40.234,0.71323,0.71331,1.37,1.00
2015.07.14 08:46:40.488,0.71323,0.71334,1.37,1.50
2015.07.14 08:46:40.590,0.71323,0.71331,1.37,1.00
2015.07.14 08:46:40.795,0.71323,0.71333,1.37,1.00
2015.07.14 08:46:41.306,0.71325,0.71334,1.12,1.00
2015.07.14 08:46:41.834,0.71325,0.71335,1.12,1.87
2015.07.14 08:46:41.993,0.71325,0.71335,1.37,1.50
2015.07.14 08:46:42.298,0.71325,0.71333,1.37,1.00
2015.07.14 08:46:42.977,0.71325,0.71333,1.37,1.00
2015.07.14 08:46:44.028,0.71325,0.71333,1.12,1.00
2015.07.14 08:46:45.021,0.71325,0.71333,1.37,1.50
2015.07.14 08:46:45.536,0.71325,0.71334,1.87,1.50
2015.07.14 08:46:45.881,0.71323,0.71331,1.37,1.00
2015.07.14 08:46:46.035,0.7132,0.71333,1.97,1.87
2015.07.14 08:46:46.137,0.71321,0.71329,1.35,1.00
2015.07.14 08:46:46.342,0.71323,0.71332,1.37,1.00
2015.07.14 08:46:46.393,0.71323,0.7133,1.37,1.00
2015.07.14 08:46:46.445,0.71323,0.71332,1.37,1.00
2015.07.14 08:46:46.995,0.71325,0.71333,1.50,1.00
2015.07.14 08:46:47.148,0.71325,0.71331,1.00,1.00
2015.07.14 08:46:47.657,0.71322,0.71329,1.12,1.00
2015.07.14 08:46:48.060,0.7132,0.71325,1.00,1.00
2015.07.14 08:46:48.469,0.7132,0.71327,1.00,1.00
2015.07.14 08:46:48.978,0.7132,0.71329,1.37,1.37
2015.07.14 08:46:49.782,0.7132,0.71329,1.37,1.00
2015.07.14 08:46:50.298,0.7132,0.71328,1.37,1.00
2015.07.14 08:46:50.604,0.7132,0.7133,1.37,1.12
2015.07.14 08:46:50.707,0.7132,0.71328,1.37,1.00
2015.07.14 08:46:51.215,0.7132,0.71328,1.12,1.00
2015.07.14 08:46:51.717,0.7132,0.71329,1.12,1.50
2015.07.14 08:46:52.023,0.71318,0.71327,1.87,1.00
2015.07.14 08:46:52.330,0.71318,0.71327,1.87,1.00
2015.07.14 08:46:53.205,0.71318,0.71326,1.12,1.00
2015.07.14 08:46:53.911,0.71318,0.71325,1.12,1.00
2015.07.14 08:46:54.420,0.71317,0.71326,1.00,1.37
2015.07.14 08:46:54.828,0.71315,0.71323,1.50,1.12
2015.07.14 08:46:55.139,0.71315,0.71321,1.00,1.12
2015.07.14 08:46:55.503,0.71315,0.71319,1.00,1.00
2015.07.14 08:46:55.605,0.71308,0.71319,1.50,1.37
2015.07.14 08:46:56.617,0.71308,0.71319,1.87,1.12
2015.07.14 08:46:58.145,0.7131,0.71319,1.00,1.12
2015.07.14 08:47:00.429,0.7131,0.7132,1.37,1.50
2015.07.14 08:47:00.684,0.7131,0.71318,1.37,1.00
2015.07.14 08:47:01.189,0.7131,0.71319,1.12,1.37
2015.07.14 08:47:03.147,0.71309,0.71319,3.00,1.37
2015.07.14 08:47:04.159,0.71309,0.71319,3.00,1.00
2015.07.14 08:47:05.154,0.71309,0.7132,3.00,1.87
2015.07.14 08:47:05.471,0.71308,0.71316,1.50,3.22
2015.07.14 08:47:05.624,0.71308,0.71316,1.00,1.00
2015.07.14 08:47:06.183,0.71306,0.71315,1.12,1.00
2015.07.14 08:47:06.475,0.71304,0.71314,1.00,1.37
2015.07.14 08:47:06.985,0.71302,0.71315,1.37,4.50
2015.07.14 08:47:07.391,0.71305,0.71314,1.00,1.50
2015.07.14 08:47:07.631,0.71306,0.71315,1.00,1.12
2015.07.14 08:47:08.141,0.71307,0.71316,1.00,2.10
2015.07.14 08:47:08.626,0.71307,0.71319,1.12,3.75
2015.07.14 08:47:08.982,0.71309,0.71319,1.00,3.00
2015.07.14 08:47:09.339,0.71309,0.71321,1.37,3.75
2015.07.14 08:47:10.318,0.71313,0.71321,1.00,3.00
2015.07.14 08:47:10.522,0.71314,0.71322,1.00,1.50
2015.07.14 08:47:10.922,0.71312,0.71324,1.50,1.50
2015.07.14 08:47:11.481,0.71312,0.71324,1.87,1.50
2015.07.14 08:47:12.716,0.71314,0.71324,1.00,1.50
2015.07.14 08:47:12.868,0.71314,0.71324,1.00,1.50
2015.07.14 08:47:13.377,0.71317,0.71325,1.00,1.87
2015.07.14 08:47:13.892,0.71318,0.71327,1.00,1.37
2015.07.14 08:47:14.406,0.71317,0.71327,1.87,1.00
2015.07.14 08:47:14.857,0.71317,0.71325,1.37,1.00
2015.07.14 08:47:15.365,0.71317,0.71326,1.37,1.50
2015.07.14 08:47:15.672,0.71315,0.71323,1.87,1.00
2015.07.14 08:47:15.723,0.71315,0.71325,1.37,1.87
2015.07.14 08:47:16.549,0.71319,0.71326,1.50,1.00
2015.07.14 08:47:16.701,0.71321,0.7133,1.37,1.00
2015.07.14 08:47:16.854,0.71321,0.71331,2.62,1.00
2015.07.14 08:47:17.313,0.71322,0.71329,1.75,1.00
2015.07.14 08:47:17.415,0.71322,0.71331,1.75,1.00
2015.07.14 08:47:17.518,0.71322,0.71331,1.50,1.00
2015.07.14 08:47:18.027,0.7132,0.7133,1.50,1.00
2015.07.14 08:47:18.531,0.71318,0.71329,2.62,1.50
2015.07.14 08:47:19.169,0.71319,0.71327,1.50,1.00
2015.07.14 08:47:19.475,0.71316,0.71327,3.00,1.00
2015.07.14 08:47:19.985,0.71316,0.71326,2.25,1.00
2015.07.14 08:47:20.494,0.71317,0.71327,1.37,1.00
2015.07.14 08:47:20.804,0.71315,0.71325,3.00,1.00
2015.07.14 08:47:21.314,0.71315,0.71326,2.62,1.00
2015.07.14 08:47:22.178,0.71315,0.71325,1.87,1.00
2015.07.14 08:47:22.698,0.71314,0.71324,2.25,1.50
2015.07.14 08:47:22.800,0.71314,0.71322,1.50,1.00
2015.07.14 08:47:23.005,0.71309,0.71319,2.62,1.00
2015.07.14 08:47:23.159,0.71311,0.71321,1.12,1.12
2015.07.14 08:47:23.210,0.71313,0.71321,1.87,1.12
2015.07.14 08:47:23.363,0.71313,0.71324,2.62,1.50
2015.07.14 08:47:25.224,0.71313,0.71324,2.62,1.50
2015.07.14 08:47:25.697,0.71315,0.71325,1.37,1.00
2015.07.14 08:47:25.951,0.71321,0.71329,1.12,1.00
2015.07.14 08:47:26.003,0.71321,0.71331,1.12,2.62
2015.07.14 08:47:26.193,0.71321,0.71332,1.37,1.00
2015.07.14 08:47:26.703,0.71323,0.71333,1.00,1.12
2015.07.14 08:47:27.213,0.71322,0.71333,1.12,1.12
2015.07.14 08:47:27.629,0.71322,0.71329,1.37,1.00
2015.07.14 08:47:28.133,0.71322,0.71329,1.37,1.00
2015.07.14 08:47:29.056,0.71321,0.7133,1.37,1.00
2015.07.14 08:47:29.559,0.71321,0.7133,1.37,1.00
2015.07.14 08:47:30.854,0.71321,0.71331,1.37,1.00
2015.07.14 08:47:31.261,0.7132,0.71329,2.25,1.00
2015.07.14 08:47:31.379,0.71321,0.71332,1.37,1.12
2015.07.14 08:47:31.532,0.71321,0.71333,1.87,1.00
2015.07.14 08:47:31.941,0.71325,0.71338,1.37,3.00
2015.07.14 08:47:32.401,0.71323,0.71335,1.37,1.37
2015.07.14 08:47:32.605,0.71323,0.71333,1.12,1.00
2015.07.14 08:47:33.768,0.71323,0.71332,1.12,1.00
2015.07.14 08:47:34.276,0.71322,0.71333,1.37,3.00
2015.07.14 08:47:34.632,0.71322,0.71333,1.12,1.50
2015.07.14 08:47:35.627,0.71322,0.71333,1.12,1.50
2015.07.14 08:47:36.069,0.7132,0.7133,1.87,1.00
2015.07.14 08:47:36.171,0.71319,0.7133,1.37,1.87
2015.07.14 08:47:36.355,0.71317,0.7133,4.50,2.25
2015.07.14 08:47:36.813,0.71318,0.7133,1.37,2.25
2015.07.14 08:47:37.322,0.71321,0.71331,1.12,1.37
2015.07.14 08:47:37.825,0.71321,0.71331,1.37,1.12
2015.07.14 08:47:38.952,0.71321,0.71331,1.00,1.87
2015.07.14 08:47:40.641,0.71323,0.71331,1.00,2.62
2015.07.14 08:47:40.896,0.71322,0.71332,1.12,2.25
2015.07.14 08:47:41.150,0.71324,0.71332,1.00,1.00
2015.07.14 08:47:41.890,0.71324,0.71333,1.00,1.12
2015.07.14 08:47:42.351,0.71325,0.71334,1.37,1.12
2015.07.14 08:47:42.598,0.71326,0.71336,1.37,1.12
2015.07.14 08:47:42.751,0.71327,0.71339,2.25,1.50
2015.07.14 08:47:42.905,0.71329,0.7134,1.50,1.12
2015.07.14 08:47:43.058,0.71328,0.7134,1.50,1.37
2015.07.14 08:47:43.581,0.71328,0.7134,2.62,1.00
2015.07.14 08:47:44.040,0.7133,0.71338,1.12,1.00
2015.07.14 08:47:44.194,0.71328,0.71337,1.12,1.00
2015.07.14 08:47:46.187,0.71328,0.71337,1.00,1.37
2015.07.14 08:47:50.993,0.71327,0.71336,1.12,1.12
2015.07.14 08:47:51.507,0.71326,0.71335,1.12,1.00
2015.07.14 08:47:51.971,0.71324,0.71333,1.87,1.00
2015.07.14 08:47:52.175,0.71324,0.71333,1.00,1.12
2015.07.14 08:47:53.198,0.71324,0.71333,1.00,1.37
2015.07.14 08:47:53.740,0.71323,0.71333,1.12,1.37
2015.07.14 08:47:54.287,0.71322,0.71332,1.12,1.50
2015.07.14 08:47:55.527,0.71324,0.71333,1.00,2.25
2015.07.14 08:47:55.833,0.71326,0.71334,1.00,1.50
2015.07.14 08:47:56.342,0.71325,0.71333,1.00,1.12
2015.07.14 08:47:57.574,0.71325,0.71333,1.00,1.37
2015.07.14 08:47:58.601,0.71325,0.71333,1.00,1.37
2015.07.14 08:47:59.321,0.71323,0.71333,1.12,1.37
2015.07.14 08:48:00.652,0.71325,0.71333,1.00,1.37
2015.07.14 08:48:01.464,0.71324,0.71333,1.00,1.37
2015.07.14 08:48:03.854,0.7132,0.7133,3.45,1.00
2015.07.14 08:48:03.905,0.7132,0.7133,3.45,1.12
2015.07.14 08:48:03.956,0.7132,0.71328,1.95,1.00
2015.07.14 08:48:04.579,0.7132,0.7133,1.87,1.00
2015.07.14 08:48:04.734,0.7132,0.71332,3.37,1.37
2015.07.14 08:48:05.290,0.7132,0.71331,1.12,1.50
2015.07.14 08:48:05.598,0.71319,0.71328,1.37,1.00
2015.07.14 08:48:06.108,0.71319,0.71329,1.37,1.00
2015.07.14 08:48:06.654,0.71318,0.71329,1.87,1.37
2015.07.14 08:48:07.162,0.7132,0.71328,1.00,1.12
2015.07.14 08:48:08.288,0.71319,0.71328,1.00,1.12
2015.07.14 08:48:08.593,0.71321,0.7133,1.00,2.62
2015.07.14 08:48:08.898,0.71325,0.7133,1.00,1.37
2015.07.14 08:48:08.949,0.71325,0.71333,1.00,2.25
2015.07.14 08:48:09.325,0.71325,0.71334,1.00,1.87
2015.07.14 08:48:09.731,0.71322,0.71333,1.37,1.87
2015.07.14 08:48:10.287,0.71322,0.71333,1.00,3.37
2015.07.14 08:48:10.797,0.71321,0.71331,1.12,1.12
2015.07.14 08:48:11.816,0.71321,0.71332,1.00,2.25
2015.07.14 08:48:12.122,0.71323,0.7133,1.00,1.12
2015.07.14 08:48:12.884,0.71324,0.71332,1.00,2.32
2015.07.14 08:48:13.139,0.71326,0.71335,1.00,1.87
2015.07.14 08:48:13.808,0.71327,0.71336,1.00,2.25
2015.07.14 08:48:14.021,0.71329,0.71337,1.00,2.25
2015.07.14 08:48:14.613,0.7133,0.71338,1.00,1.50
2015.07.14 08:48:14.970,0.7133,0.71339,1.00,4.50
2015.07.14 08:48:16.926,0.7133,0.71337,1.00,1.12
2015.07.14 08:48:17.130,0.71333,0.71339,1.00,3.00
2015.07.14 08:48:17.645,0.71333,0.71341,1.00,1.50
2015.07.14 08:48:18.564,0.7133,0.7134,1.00,1.37
2015.07.14 08:48:18.864,0.7133,0.71338,1.00,1.50
2015.07.14 08:48:19.273,0.71328,0.71339,1.12,2.62
2015.07.14 08:48:19.874,0.71328,0.71339,1.00,3.37
2015.07.14 08:48:20.866,0.71327,0.71337,1.00,1.37
2015.07.14 08:48:21.579,0.71326,0.71336,1.12,3.00
2015.07.14 08:48:22.100,0.71326,0.71336,1.37,3.00
2015.07.14 08:48:22.871,0.71326,0.71336,1.12,3.75
2015.07.14 08:48:23.604,0.71322,0.71332,1.37,1.00
2015.07.14 08:48:23.758,0.71318,0.7133,2.32,1.00
2015.07.14 08:48:23.860,0.71318,0.71329,1.37,1.00
2015.07.14 08:48:23.963,0.71317,0.7133,2.62,3.00
2015.07.14 08:48:25.587,0.71318,0.7133,1.12,4.50
2015.07.14 08:48:26.091,0.71316,0.71326,1.37,1.00
2015.07.14 08:48:26.600,0.71316,0.71325,1.00,1.87
2015.07.14 08:48:27.109,0.71317,0.71326,1.12,1.00
2015.07.14 08:48:27.996,0.71317,0.71326,1.50,1.00
2015.07.14 08:48:29.553,0.71317,0.71327,1.50,1.00
2015.07.14 08:48:30.068,0.71316,0.71326,1.37,1.87
2015.07.14 08:48:30.426,0.71316,0.71324,1.37,1.00
2015.07.14 08:48:30.767,0.71316,0.71327,1.37,1.00
2015.07.14 08:48:31.075,0.71317,0.71329,1.87,4.87
2015.07.14 08:48:31.179,0.71317,0.7133,1.87,2.25
2015.07.14 08:48:31.433,0.7132,0.71328,1.00,1.00
2015.07.14 08:48:31.889,0.71318,0.71328,1.12,1.00
2015.07.14 08:48:32.296,0.71318,0.71327,1.00,1.37
2015.07.14 08:48:32.803,0.71317,0.71326,1.12,1.12
2015.07.14 08:48:34.567,0.71318,0.71328,1.00,2.25
2015.07.14 08:48:35.075,0.71316,0.71326,1.37,1.12
2015.07.14 08:48:35.579,0.71316,0.71327,1.12,1.87
2015.07.14 08:48:36.895,0.71316,0.71324,1.87,1.00
2015.07.14 08:48:36.998,0.71316,0.71326,1.12,1.12
2015.07.14 08:48:37.050,0.71316,0.71325,1.00,1.87
2015.07.14 08:48:37.307,0.71314,0.71323,1.12,1.50
2015.07.14 08:48:37.512,0.71313,0.71321,1.50,1.00
2015.07.14 08:48:37.913,0.71313,0.71323,1.50,1.12
2015.07.14 08:48:38.218,0.71312,0.71319,1.50,1.00
2015.07.14 08:48:38.270,0.71312,0.71321,1.50,1.50
2015.07.14 08:48:38.372,0.71313,0.71317,1.00,1.00
2015.07.14 08:48:38.475,0.71313,0.71321,1.00,1.50
2015.07.14 08:48:38.826,0.71309,0.71322,1.87,2.62
2015.07.14 08:48:39.542,0.71309,0.71319,2.62,1.00
2015.07.14 08:48:40.855,0.71311,0.7132,1.00,1.50
2015.07.14 08:48:41.161,0.71314,0.71325,1.00,1.87
2015.07.14 08:48:41.673,0.71312,0.71325,1.50,3.00
2015.07.14 08:48:42.542,0.71312,0.71324,1.50,1.50
2015.07.14 08:48:42.938,0.71315,0.71322,1.00,1.12
2015.07.14 08:48:42.990,0.71313,0.71323,1.00,1.37
2015.07.14 08:48:43.500,0.71312,0.71323,1.50,1.37
2015.07.14 08:48:44.006,0.71311,0.71322,2.25,1.12
2015.07.14 08:48:44.515,0.71311,0.71321,3.00,1.00
2015.07.14 08:48:44.780,0.71311,0.71319,2.25,1.00
2015.07.14 08:48:45.566,0.71312,0.71319,1.12,1.00
2015.07.14 08:48:47.387,0.71312,0.71321,1.12,1.12
2015.07.14 08:48:47.692,0.71316,0.71322,1.00,1.12
2015.07.14 08:48:47.829,0.71314,0.71324,1.00,1.37
2015.07.14 08:48:48.035,0.71314,0.71324,1.37,1.12
2015.07.14 08:48:48.902,0.71317,0.71325,1.00,1.37
2015.07.14 08:48:49.150,0.71315,0.71324,1.00,1.12
2015.07.14 08:48:49.659,0.71312,0.71323,1.37,1.37
2015.07.14 08:48:49.966,0.71312,0.7132,1.37,1.00
2015.07.14 08:48:50.548,0.71312,0.7132,1.00,1.00
2015.07.14 08:48:51.129,0.7131,0.7132,1.50,1.00
2015.07.14 08:48:51.579,0.71308,0.7132,4.50,1.37
2015.07.14 08:48:51.630,0.71307,0.7132,2.25,1.87
2015.07.14 08:48:52.087,0.71307,0.7132,2.25,1.87
2015.07.14 08:48:52.341,0.7131,0.71317,1.00,1.00
2015.07.14 08:48:53.061,0.7131,0.71319,1.00,1.50
2015.07.14 08:48:53.573,0.71309,0.7132,1.12,1.37
2015.07.14 08:48:54.746,0.7131,0.71321,1.00,1.87
2015.07.14 08:48:56.377,0.71311,0.71321,1.00,1.37
2015.07.14 08:48:57.372,0.7131,0.71321,1.12,1.37
2015.07.14 08:48:59.092,0.71309,0.7132,1.37,1.37
2015.07.14 08:49:00.584,0.71308,0.71318,2.25,1.12
2015.07.14 08:49:00.686,0.71308,0.71315,1.87,1.00
2015.07.14 08:49:01.795,0.71306,0.71315,1.12,1.00
2015.07.14 08:49:02.303,0.71306,0.71314,1.12,1.00
2015.07.14 08:49:05.563,0.71304,0.71313,1.87,1.00
2015.07.14 08:49:06.072,0.71306,0.71313,1.00,1.12
2015.07.14 08:49:06.601,0.71306,0.71316,1.00,1.50
2015.07.14 08:49:07.768,0.71306,0.71315,1.00,1.37
2015.07.14 08:49:07.820,0.71303,0.71312,1.50,1.12
2015.07.14 08:49:08.329,0.71302,0.71312,1.12,1.87
2015.07.14 08:49:09.492,0.71306,0.71311,1.00,1.00
2015.07.14 08:49:09.695,0.71306,0.71315,1.00,1.50
2015.07.14 08:49:09.921,0.71306,0.71316,1.00,1.37
2015.07.14 08:49:10.430,0.71305,0.71318,1.12,3.75
2015.07.14 08:49:10.837,0.71305,0.71318,1.50,2.62
2015.07.14 08:49:12.327,0.71306,0.71316,1.00,1.50
2015.07.14 08:49:12.836,0.71306,0.71314,1.00,1.00
2015.07.14 08:49:13.347,0.71305,0.71316,1.87,1.50
2015.07.14 08:49:13.896,0.71306,0.71316,1.12,1.00
2015.07.14 08:49:15.728,0.71306,0.71315,1.12,1.00
2015.07.14 08:49:16.245,0.71307,0.71316,1.00,1.50
2015.07.14 08:49:16.754,0.71305,0.71316,1.37,1.00
2015.07.14 08:49:17.343,0.71306,0.71317,1.00,3.00
2015.07.14 08:49:17.752,0.71308,0.71316,1.00,1.50
2015.07.14 08:49:19.457,0.71307,0.71317,1.00,1.75
2015.07.14 08:49:20.007,0.71308,0.71315,1.00,1.12
2015.07.14 08:49:20.314,0.71306,0.71316,1.00,1.50
2015.07.14 08:49:20.824,0.71305,0.71316,1.12,1.50
2015.07.14 08:49:21.067,0.71302,0.71314,3.07,1.37
2015.07.14 08:49:21.173,0.71302,0.71314,1.87,3.37
2015.07.14 08:49:22.279,0.71301,0.71312,1.87,1.00
2015.07.14 08:49:23.185,0.71301,0.71312,1.87,1.00
2015.07.14 08:49:23.771,0.71303,0.71311,1.00,1.00
2015.07.14 08:49:24.286,0.71304,0.71312,1.00,1.12
2015.07.14 08:49:27.569,0.71302,0.71313,1.12,1.37
2015.07.14 08:49:28.200,0.71302,0.71313,1.37,1.37
2015.07.14 08:49:33.204,0.71302,0.71313,1.12,1.37
2015.07.14 08:49:33.357,0.71304,0.71313,1.00,1.37
2015.07.14 08:49:33.662,0.71308,0.71317,1.00,2.25
2015.07.14 08:49:33.967,0.71311,0.71316,1.00,1.00
2015.07.14 08:49:34.069,0.71311,0.71319,1.00,1.00
2015.07.14 08:49:34.828,0.7131,0.71319,1.00,1.12
2015.07.14 08:49:35.084,0.71309,0.71319,1.00,1.50
2015.07.14 08:49:35.435,0.71313,0.7132,1.00,1.75
2015.07.14 08:49:35.538,0.7131,0.7132,1.50,1.75
2015.07.14 08:49:36.047,0.7131,0.71322,1.87,1.75
2015.07.14 08:49:36.357,0.71312,0.71322,1.00,3.00
2015.07.14 08:49:36.409,0.71312,0.71322,1.00,3.00
2015.07.14 08:49:36.460,0.71315,0.71322,1.00,1.75
2015.07.14 08:49:36.614,0.71314,0.71324,1.50,3.22
2015.07.14 08:49:36.666,0.71312,0.71324,1.87,3.22
2015.07.14 08:49:36.717,0.71315,0.71324,1.00,3.22
2015.07.14 08:49:37.116,0.71319,0.71328,1.00,1.87
2015.07.14 08:49:37.371,0.71316,0.71328,1.37,1.87
2015.07.14 08:49:37.676,0.7132,0.71328,1.00,1.37
2015.07.14 08:49:37.880,0.71318,0.71331,1.00,2.25
2015.07.14 08:49:38.381,0.71317,0.7133,1.87,1.50
2015.07.14 08:49:39.565,0.7132,0.71331,1.00,3.00
2015.07.14 08:49:40.353,0.71319,0.7133,1.87,2.25
2015.07.14 08:49:41.155,0.7132,0.71328,1.00,1.37
2015.07.14 08:49:42.680,0.71323,0.71331,1.00,2.25
2015.07.14 08:49:42.732,0.71323,0.71331,1.00,2.25
2015.07.14 08:49:43.233,0.71322,0.71331,1.00,1.37
2015.07.14 08:49:43.744,0.71322,0.71331,1.87,1.37
2015.07.14 08:49:44.253,0.71323,0.71334,1.50,1.87
2015.07.14 08:49:44.773,0.71323,0.71334,1.50,1.87
2015.07.14 08:49:45.028,0.71321,0.71331,1.50,1.37
2015.07.14 08:49:45.536,0.7132,0.71331,1.50,2.62
2015.07.14 08:49:46.412,0.71322,0.71331,1.00,1.87
2015.07.14 08:49:46.926,0.71322,0.71331,1.00,1.87
2015.07.14 08:49:47.435,0.71322,0.71331,1.00,1.87
2015.07.14 08:49:47.981,0.71321,0.71331,1.50,1.87
2015.07.14 08:49:49.461,0.71321,0.71331,1.50,2.62
2015.07.14 08:49:50.475,0.71321,0.7133,2.25,1.00
2015.07.14 08:49:51.482,0.71321,0.71331,2.25,2.62
2015.07.14 08:49:53.147,0.71325,0.71331,1.00,1.12
2015.07.14 08:49:53.249,0.71323,0.7133,1.50,1.00
2015.07.14 08:49:53.351,0.71325,0.7133,1.00,1.00
2015.07.14 08:49:53.860,0.71325,0.71334,1.00,3.00
2015.07.14 08:49:54.556,0.71325,0.71334,1.00,3.00
2015.07.14 08:49:55.525,0.71323,0.71332,1.87,1.12
2015.07.14 08:49:55.579,0.71323,0.7133,1.00,1.00
2015.07.14 08:49:55.935,0.7132,0.7133,1.87,1.12
2015.07.14 08:49:56.443,0.7132,0.7133,1.12,2.25
2015.07.14 08:49:56.973,0.71319,0.7133,1.87,3.00
2015.07.14 08:49:57.491,0.71319,0.71326,1.12,1.00
2015.07.14 08:49:57.593,0.71319,0.7133,2.62,3.00
2015.07.14 08:49:57.695,0.71323,0.71329,1.00,1.50
2015.07.14 08:49:58.017,0.71321,0.7133,1.00,1.50
2015.07.14 08:49:58.069,0.71325,0.7133,1.00,1.50
2015.07.14 08:49:58.274,0.71323,0.71332,1.12,4.50
2015.07.14 08:49:58.783,0.71322,0.71331,1.12,1.12
2015.07.14 08:49:59.385,0.71322,0.71333,1.87,2.25
2015.07.14 08:49:59.893,0.71322,0.71331,1.87,1.00
2015.07.14 08:50:00.243,0.71323,0.71329,1.00,1.00
2015.07.14 08:50:00.447,0.71322,0.71331,2.62,1.00
2015.07.14 08:50:01.371,0.71322,0.71331,2.62,1.12
2015.07.14 08:50:01.885,0.71323,0.71331,1.00,1.12
2015.07.14 08:50:02.758,0.71324,0.71332,1.00,1.37
2015.07.14 08:50:03.276,0.71324,0.71333,1.00,1.50
2015.07.14 08:50:03.479,0.71322,0.71331,1.50,1.87
2015.07.14 08:50:03.826,0.71318,0.71327,1.50,1.12
2015.07.14 08:50:04.135,0.71316,0.71326,1.87,1.50
2015.07.14 08:50:04.186,0.71316,0.71326,1.00,1.87
2015.07.14 08:50:04.392,0.71314,0.71323,1.50,1.00
2015.07.14 08:50:04.918,0.71313,0.71324,1.12,1.12
2015.07.14 08:50:05.371,0.71315,0.71324,1.00,1.37
2015.07.14 08:50:06.191,0.71315,0.71324,1.50,1.12
2015.07.14 08:50:06.508,0.71315,0.7132,1.00,1.00
2015.07.14 08:50:06.612,0.71315,0.71322,1.00,1.12
2015.07.14 08:50:06.968,0.71313,0.71321,1.00,1.00
2015.07.14 08:50:07.563,0.71313,0.71322,1.50,1.12
2015.07.14 08:50:07.615,0.71315,0.71322,1.00,1.00
2015.07.14 08:50:07.666,0.71313,0.71322,1.00,1.00
2015.07.14 08:50:09.167,0.71313,0.71321,1.00,1.00
2015.07.14 08:50:09.678,0.71313,0.71321,1.00,1.37
2015.07.14 08:50:10.516,0.71313,0.71322,1.00,1.87
2015.07.14 08:50:11.810,0.71312,0.71322,1.00,1.87
2015.07.14 08:50:12.015,0.71311,0.71321,1.00,1.37
2015.07.14 08:50:12.320,0.71313,0.71321,1.00,1.37
2015.07.14 08:50:12.908,0.71312,0.71321,1.00,1.37
2015.07.14 08:50:14.613,0.71313,0.71321,1.00,1.37
2015.07.14 08:50:14.919,0.71316,0.71326,1.00,2.77
2015.07.14 08:50:15.122,0.71314,0.71324,1.50,1.37
2015.07.14 08:50:15.563,0.71311,0.71324,3.75,1.57
2015.07.14 08:50:15.717,0.71311,0.71322,1.50,1.37
2015.07.14 08:50:16.251,0.7131,0.7132,1.87,1.00
2015.07.14 08:50:16.795,0.71312,0.7132,1.00,1.00
2015.07.14 08:50:17.338,0.71313,0.7132,1.00,1.00
2015.07.14 08:50:17.746,0.71312,0.71322,1.00,1.12
2015.07.14 08:50:18.291,0.71311,0.71323,2.25,2.25
2015.07.14 08:50:18.344,0.71313,0.71323,1.00,2.25
2015.07.14 08:50:18.852,0.71313,0.71323,1.00,2.25
2015.07.14 08:50:19.359,0.71311,0.71323,2.25,2.25
2015.07.14 08:50:19.717,0.71314,0.71323,1.00,2.25
2015.07.14 08:50:20.379,0.71314,0.71324,1.12,1.87
2015.07.14 08:50:20.888,0.71315,0.71324,1.00,1.12
2015.07.14 08:50:21.397,0.71316,0.71324,1.00,1.12
2015.07.14 08:50:21.907,0.71315,0.71325,2.25,1.37
2015.07.14 08:50:22.417,0.71316,0.71326,1.12,2.25
2015.07.14 08:50:22.936,0.71315,0.71326,1.87,2.25
2015.07.14 08:50:24.536,0.71317,0.71326,1.00,1.50
2015.07.14 08:50:25.046,0.71317,0.71326,1.12,1.87
2015.07.14 08:50:25.175,0.71314,0.71325,1.37,1.00
2015.07.14 08:50:25.379,0.71313,0.71324,3.00,1.37
2015.07.14 08:50:25.895,0.71314,0.71323,1.00,1.12
2015.07.14 08:50:26.457,0.71314,0.71323,1.00,1.37
2015.07.14 08:50:27.362,0.71314,0.71323,1.12,1.00
2015.07.14 08:50:29.379,0.71314,0.71323,1.37,1.00
2015.07.14 08:50:31.382,0.71314,0.71324,1.12,1.87
2015.07.14 08:50:31.687,0.71319,0.71327,1.00,1.12
2015.07.14 08:50:33.597,0.71321,0.71329,1.12,1.00
2015.07.14 08:50:33.903,0.71323,0.71333,1.87,1.37
2015.07.14 08:50:33.954,0.71326,0.71333,1.00,1.37
2015.07.14 08:50:34.107,0.71326,0.71334,1.00,1.00
2015.07.14 08:50:34.616,0.71327,0.71335,1.00,1.87
2015.07.14 08:50:35.356,0.71327,0.71334,1.00,1.00
2015.07.14 08:50:35.866,0.71327,0.71335,1.00,1.00
2015.07.14 08:50:37.419,0.71329,0.71335,1.00,1.00
2015.07.14 08:50:39.772,0.71329,0.71336,1.00,1.00
2015.07.14 08:50:42.192,0.71326,0.71335,1.37,1.50
2015.07.14 08:50:42.443,0.71325,0.71333,1.12,1.50
2015.07.14 08:50:42.951,0.71325,0.71332,1.00,1.50
2015.07.14 08:50:43.521,0.71326,0.71333,1.00,1.00
2015.07.14 08:50:43.826,0.71327,0.71335,1.00,1.00
2015.07.14 08:50:46.200,0.71328,0.71335,1.00,1.00
2015.07.14 08:50:46.747,0.71327,0.71335,1.00,1.00
2015.07.14 08:50:48.611,0.71327,0.71336,1.50,1.12
2015.07.14 08:50:48.765,0.71327,0.71333,1.50,1.00
2015.07.14 08:50:49.215,0.71328,0.71335,1.00,1.12
2015.07.14 08:50:49.368,0.71328,0.71337,1.00,1.87
2015.07.14 08:50:49.572,0.71329,0.71339,1.50,2.25
2015.07.14 08:50:50.080,0.7133,0.71339,1.00,1.00
2015.07.14 08:50:50.436,0.71332,0.71339,1.00,1.00
2015.07.14 08:50:50.741,0.71332,0.71341,1.00,1.87
2015.07.14 08:50:55.636,0.71332,0.71341,1.00,2.62
2015.07.14 08:50:56.093,0.71331,0.71338,1.12,1.00
2015.07.14 08:50:56.369,0.71329,0.71338,1.12,1.00
2015.07.14 08:50:56.879,0.71328,0.71337,1.50,1.87
2015.07.14 08:50:57.429,0.71329,0.71336,1.00,1.00
2015.07.14 08:50:57.939,0.71329,0.71337,1.00,1.12
2015.07.14 08:50:58.397,0.71327,0.71334,1.87,1.00
2015.07.14 08:50:58.741,0.71324,0.71331,1.87,1.00
2015.07.14 08:50:59.151,0.71328,0.71334,1.00,1.37
2015.07.14 08:50:59.203,0.71328,0.71335,1.00,2.62
2015.07.14 08:50:59.751,0.71329,0.71336,1.00,1.37
2015.07.14 08:51:00.412,0.71329,0.71336,1.00,1.00
2015.07.14 08:51:00.864,0.71327,0.71334,1.87,1.00
2015.07.14 08:51:01.170,0.71326,0.71332,1.00,1.00
2015.07.14 08:51:01.373,0.71324,0.71332,1.50,1.00
2015.07.14 08:51:02.733,0.71325,0.71332,1.00,1.00
2015.07.14 08:51:03.475,0.71324,0.71332,1.87,1.00
2015.07.14 08:51:03.882,0.71326,0.71334,1.00,1.12
2015.07.14 08:51:04.183,0.71329,0.71337,1.00,1.87
2015.07.14 08:51:04.691,0.71329,0.71337,1.00,1.00
2015.07.14 08:51:05.314,0.71329,0.71337,1.37,1.12
2015.07.14 08:51:05.619,0.71329,0.71334,1.00,1.00
2015.07.14 08:51:05.874,0.7133,0.71336,1.00,1.12
2015.07.14 08:51:07.166,0.7133,0.71339,1.12,2.25
2015.07.14 08:51:07.290,0.71332,0.71339,1.00,1.00
2015.07.14 08:51:07.598,0.71334,0.7134,1.00,1.12
2015.07.14 08:51:07.903,0.7133,0.71337,1.50,1.00
2015.07.14 08:51:08.107,0.71329,0.71336,1.00,1.00
2015.07.14 08:51:08.608,0.71327,0.71336,1.12,1.50
2015.07.14 08:51:09.570,0.71327,0.71336,1.37,1.87
2015.07.14 08:51:10.536,0.71327,0.71336,1.00,1.72
2015.07.14 08:51:10.638,0.71331,0.71338,1.00,2.85
2015.07.14 08:51:10.875,0.71331,0.71339,1.00,1.72
2015.07.14 08:51:11.080,0.71331,0.71336,1.00,1.00
2015.07.14 08:51:11.131,0.7133,0.71338,1.50,1.00
2015.07.14 08:51:11.641,0.71331,0.7134,1.00,1.87
2015.07.14 08:51:12.146,0.71331,0.71341,1.00,2.25
2015.07.14 08:51:13.678,0.71331,0.71335,1.12,1.00
2015.07.14 08:51:13.831,0.71328,0.71335,2.70,1.00
2015.07.14 08:51:13.933,0.7133,0.71337,1.00,1.87
2015.07.14 08:51:14.464,0.71329,0.71338,1.00,1.87
2015.07.14 08:51:14.983,0.71328,0.71337,1.12,1.00
2015.07.14 08:51:17.649,0.71332,0.71339,1.00,2.25
2015.07.14 08:51:17.804,0.71333,0.71341,1.00,1.37
2015.07.14 08:51:17.855,0.71333,0.71342,1.00,1.87
2015.07.14 08:51:17.958,0.71335,0.71342,1.00,1.37
2015.07.14 08:51:18.508,0.71334,0.71343,1.00,2.25
2015.07.14 08:51:19.015,0.71334,0.71343,1.00,1.50
2015.07.14 08:51:19.471,0.71336,0.71343,1.00,1.50
2015.07.14 08:51:19.853,0.71334,0.71343,1.00,1.50
2015.07.14 08:51:20.158,0.71336,0.71343,1.00,1.50
2015.07.14 08:51:20.667,0.71335,0.71344,1.00,3.00
2015.07.14 08:51:21.216,0.71336,0.71343,1.00,1.50
2015.07.14 08:51:22.137,0.71334,0.71343,1.00,2.10
2015.07.14 08:51:22.380,0.71332,0.71343,1.12,2.10
2015.07.14 08:51:22.737,0.71331,0.71338,1.87,1.00
2015.07.14 08:51:22.941,0.71332,0.71343,1.00,4.35
2015.07.14 08:51:23.445,0.71331,0.71342,1.12,1.37
2015.07.14 08:51:23.953,0.71332,0.7134,1.00,1.12
2015.07.14 08:51:24.332,0.7133,0.71339,1.12,1.00
2015.07.14 08:51:24.478,0.71328,0.71337,1.00,1.12
2015.07.14 08:51:25.444,0.71328,0.71337,1.00,2.62
2015.07.14 08:51:26.931,0.71325,0.71335,3.37,1.12
2015.07.14 08:51:27.446,0.71325,0.71334,1.12,1.00
2015.07.14 08:51:28.049,0.71324,0.71333,2.62,1.00
2015.07.14 08:51:28.608,0.71325,0.71335,1.12,1.87
2015.07.14 08:51:28.710,0.71327,0.71335,1.00,1.12
2015.07.14 08:51:29.245,0.71325,0.71336,2.25,1.37
2015.07.14 08:51:29.551,0.71324,0.7133,1.50,1.00
2015.07.14 08:51:29.602,0.71324,0.71333,1.50,1.00
2015.07.14 08:51:29.807,0.71321,0.71333,1.37,1.37
2015.07.14 08:51:30.360,0.71321,0.71333,1.12,1.87
2015.07.14 08:51:31.224,0.71323,0.71332,1.00,1.37
2015.07.14 08:51:31.541,0.71328,0.71336,1.00,1.12
2015.07.14 08:51:31.592,0.71328,0.71337,1.00,1.37
2015.07.14 08:51:32.100,0.71328,0.71337,1.00,1.37
2015.07.14 08:51:32.304,0.71329,0.71338,1.00,1.12
2015.07.14 08:51:34.264,0.71327,0.71336,1.87,1.00
2015.07.14 08:51:34.773,0.71328,0.71337,1.12,1.00
2015.07.14 08:51:35.300,0.71329,0.71338,1.00,1.12
2015.07.14 08:51:36.368,0.71329,0.71338,1.37,1.12
2015.07.14 08:51:37.678,0.71333,0.7134,1.00,1.87
2015.07.14 08:51:37.730,0.71333,0.7134,1.00,1.00
2015.07.14 08:51:38.243,0.71333,0.71342,1.00,1.37
2015.07.14 08:51:38.948,0.71334,0.71343,1.00,2.25
2015.07.14 08:51:39.712,0.71334,0.71343,1.00,2.25
2015.07.14 08:51:43.148,0.71335,0.71343,1.00,1.50
2015.07.14 08:51:43.498,0.71333,0.71342,1.87,1.37
2015.07.14 08:51:43.760,0.71331,0.71338,1.37,1.00
2015.07.14 08:51:43.862,0.71329,0.71337,1.37,1.00
2015.07.14 08:51:44.363,0.71327,0.71338,1.37,3.37
2015.07.14 08:51:44.872,0.7133,0.71338,1.00,1.37
2015.07.14 08:51:44.923,0.7133,0.71339,1.00,1.50
2015.07.14 08:51:45.076,0.71333,0.7134,1.00,2.25
2015.07.14 08:51:45.625,0.71333,0.71342,1.00,1.50
2015.07.14 08:51:46.135,0.71332,0.71342,1.00,1.50
2015.07.14 08:51:46.536,0.71332,0.71342,1.00,2.10
2015.07.14 08:51:46.587,0.7133,0.71342,1.95,3.60
2015.07.14 08:51:47.552,0.7133,0.7134,1.12,1.50
2015.07.14 08:51:47.807,0.71333,0.71343,1.00,3.37
2015.07.14 08:51:47.858,0.71333,0.71343,1.00,3.37
2015.07.14 08:51:48.426,0.71332,0.71343,1.00,2.47
2015.07.14 08:51:50.199,0.71334,0.71341,1.00,1.12
2015.07.14 08:51:50.808,0.71335,0.71342,1.00,1.37
2015.07.14 08:51:51.325,0.71334,0.71343,1.00,1.37
2015.07.14 08:51:51.833,0.71334,0.71341,1.00,1.00
2015.07.14 08:51:52.949,0.71334,0.71341,1.00,1.37
2015.07.14 08:51:53.652,0.71334,0.71341,1.00,1.37
2015.07.14 08:51:53.704,0.71331,0.7134,1.87,1.37
2015.07.14 08:51:54.012,0.71333,0.71341,1.00,1.37
2015.07.14 08:51:54.320,0.71335,0.71344,1.00,2.62
2015.07.14 08:51:54.372,0.71335,0.71344,1.00,2.62
2015.07.14 08:51:54.686,0.71337,0.71348,1.12,2.25
2015.07.14 08:51:55.145,0.7134,0.7135,1.00,2.25
2015.07.14 08:51:55.661,0.71341,0.7135,1.00,1.50
2015.07.14 08:51:56.176,0.71341,0.71348,1.00,1.00
2015.07.14 08:51:57.018,0.71339,0.71348,1.87,1.00
2015.07.14 08:51:58.816,0.71339,0.71347,1.12,1.00
2015.07.14 08:51:59.173,0.71339,0.71343,1.12,1.00
2015.07.14 08:51:59.224,0.71337,0.71345,1.87,1.50
2015.07.14 08:51:59.275,0.71337,0.71345,1.12,1.87
2015.07.14 08:52:00.287,0.71333,0.71345,1.37,1.87
2015.07.14 08:52:01.261,0.71333,0.71345,1.87,1.87
2015.07.14 08:52:02.299,0.71333,0.71345,1.87,1.87
2015.07.14 08:52:03.529,0.71333,0.71344,1.87,1.00
2015.07.14 08:52:04.047,0.71333,0.71345,1.87,1.87
2015.07.14 08:52:05.261,0.71333,0.71345,1.87,1.87
2015.07.14 08:52:05.874,0.71333,0.71341,1.87,1.00
2015.07.14 08:52:06.377,0.71333,0.71341,1.87,1.00
2015.07.14 08:52:07.039,0.71331,0.71342,1.87,1.12
2015.07.14 08:52:07.090,0.71331,0.71342,1.87,1.12
2015.07.14 08:52:07.620,0.71331,0.71341,1.12,1.00
2015.07.14 08:52:08.079,0.71333,0.71342,1.00,1.00
2015.07.14 08:52:08.587,0.71334,0.71343,1.00,1.87
2015.07.14 08:52:09.951,0.71333,0.71342,1.00,1.00
2015.07.14 08:52:10.461,0.71332,0.71341,1.12,1.00
2015.07.14 08:52:10.969,0.71331,0.7134,1.12,1.00
2015.07.14 08:52:12.047,0.71333,0.7134,1.00,1.00
2015.07.14 08:52:12.505,0.71333,0.71342,1.00,1.12
2015.07.14 08:52:13.015,0.71334,0.71343,1.12,1.00
2015.07.14 08:52:13.539,0.71335,0.71344,1.00,1.87
2015.07.14 08:52:14.354,0.71334,0.71344,1.12,1.87
2015.07.14 08:52:14.863,0.71335,0.71344,1.00,1.87
2015.07.14 08:52:16.498,0.71336,0.71344,1.00,1.12
2015.07.14 08:52:17.009,0.71335,0.71344,1.12,1.12
2015.07.14 08:52:17.864,0.71336,0.71346,1.00,2.25
2015.07.14 08:52:18.372,0.71335,0.71345,1.87,1.37
2015.07.14 08:52:20.687,0.71338,0.71347,1.00,1.75
2015.07.14 08:52:20.743,0.71338,0.71348,1.00,2.62
2015.07.14 08:52:20.794,0.7134,0.71348,1.00,1.37
2015.07.14 08:52:20.846,0.7134,0.71349,1.00,1.87
2015.07.14 08:52:21.405,0.71341,0.7135,1.00,1.87
2015.07.14 08:52:21.955,0.71341,0.71348,1.00,1.00
2015.07.14 08:52:22.924,0.71341,0.7135,1.00,1.50
2015.07.14 08:52:26.285,0.7134,0.71349,1.12,1.00
2015.07.14 08:52:26.796,0.71341,0.71349,1.00,1.00
2015.07.14 08:52:27.997,0.7134,0.71349,1.00,1.00
2015.07.14 08:52:28.799,0.71339,0.71348,1.87,1.00
2015.07.14 08:52:29.308,0.71339,0.71348,1.87,1.00
2015.07.14 08:52:30.517,0.7134,0.71349,1.12,1.00
2015.07.14 08:52:30.924,0.71342,0.71349,1.00,1.00
2015.07.14 08:52:31.324,0.71342,0.71351,1.00,1.12
2015.07.14 08:52:31.849,0.71341,0.7135,1.00,1.00
2015.07.14 08:52:32.730,0.71341,0.71352,1.00,1.87
2015.07.14 08:52:32.833,0.71344,0.71353,1.00,1.37
2015.07.14 08:52:32.935,0.71344,0.71355,1.12,3.00
2015.07.14 08:52:33.636,0.71345,0.71356,1.00,1.37
2015.07.14 08:52:34.044,0.71347,0.71356,1.00,1.87
2015.07.14 08:52:34.350,0.71353,0.71361,1.00,2.62
2015.07.14 08:52:34.855,0.71354,0.71363,1.00,2.25
2015.07.14 08:52:35.364,0.71353,0.71362,1.00,1.37
2015.07.14 08:52:35.914,0.71352,0.71361,1.00,1.00
2015.07.14 08:52:36.424,0.71352,0.71362,1.00,1.12
2015.07.14 08:52:36.992,0.71353,0.71362,1.00,1.12
2015.07.14 08:52:37.300,0.71355,0.71364,1.00,2.62
2015.07.14 08:52:37.661,0.71352,0.71362,1.00,1.12
2015.07.14 08:52:37.960,0.71351,0.7136,1.00,1.00
2015.07.14 08:52:38.062,0.71349,0.7136,1.12,1.00
2015.07.14 08:52:38.574,0.71349,0.71359,1.12,1.00
2015.07.14 08:52:39.107,0.71348,0.7136,1.50,2.25
2015.07.14 08:52:39.668,0.71348,0.7136,1.50,1.87
2015.07.14 08:52:40.840,0.71349,0.7136,1.00,3.00
2015.07.14 08:52:40.891,0.71351,0.71361,1.00,3.75
2015.07.14 08:52:41.045,0.71352,0.71361,1.00,1.87
2015.07.14 08:52:41.197,0.7135,0.71362,1.37,3.37
2015.07.14 08:52:41.741,0.71349,0.71362,1.87,5.10
2015.07.14 08:52:41.792,0.71353,0.7136,1.00,1.00
2015.07.14 08:52:42.300,0.71352,0.71361,1.00,1.50
2015.07.14 08:52:44.904,0.71353,0.7136,1.00,1.12
2015.07.14 08:52:46.169,0.71353,0.7136,1.00,1.37
2015.07.14 08:52:50.488,0.71353,0.71358,1.00,1.00
2015.07.14 08:52:51.156,0.71352,0.71356,1.00,1.00
2015.07.14 08:52:51.208,0.71351,0.71356,1.12,1.00
2015.07.14 08:52:51.310,0.71348,0.71353,1.12,1.00
2015.07.14 08:52:51.740,0.71346,0.71353,1.12,1.00
2015.07.14 08:52:53.561,0.71346,0.71357,1.37,2.25
2015.07.14 08:52:53.612,0.71352,0.71358,1.00,1.75
2015.07.14 08:52:53.714,0.71354,0.71359,1.00,1.00
2015.07.14 08:52:53.990,0.71355,0.71363,1.00,1.00
2015.07.14 08:52:54.246,0.71356,0.71365,1.00,1.00
2015.07.14 08:52:54.399,0.71356,0.71363,1.00,1.00
2015.07.14 08:52:54.655,0.71356,0.71367,3.00,1.00
2015.07.14 08:52:54.809,0.71361,0.7137,1.12,1.87
2015.07.14 08:52:55.118,0.71364,0.71372,1.12,1.00
2015.07.14 08:52:55.526,0.71362,0.71372,1.50,1.00
2015.07.14 08:52:55.932,0.71365,0.71371,1.00,1.00
2015.07.14 08:52:56.444,0.71364,0.71371,1.00,1.00
2015.07.14 08:52:58.245,0.71368,0.71373,1.00,1.12
2015.07.14 08:52:58.749,0.71367,0.71373,1.00,1.00
2015.07.14 08:52:59.055,0.71365,0.71371,1.12,1.00
2015.07.14 08:53:01.306,0.71364,0.71371,1.00,1.00
2015.07.14 08:53:01.714,0.71363,0.71367,1.00,1.00
2015.07.14 08:53:01.847,0.7136,0.71365,1.37,1.00
2015.07.14 08:53:02.003,0.71358,0.71365,1.00,1.00
2015.07.14 08:53:02.513,0.71357,0.71365,1.12,1.00
2015.07.14 08:53:03.052,0.71358,0.71365,1.00,1.00
2015.07.14 08:53:05.490,0.71358,0.71364,1.00,1.00
2015.07.14 08:53:07.358,0.71357,0.71364,1.12,1.00
2015.07.14 08:53:07.867,0.71355,0.71363,1.87,1.00
2015.07.14 08:53:08.157,0.71355,0.71359,1.12,1.00
2015.07.14 08:53:08.259,0.71353,0.71359,2.62,1.00
2015.07.14 08:53:08.464,0.71355,0.71359,1.00,1.00
2015.07.14 08:53:08.566,0.71353,0.71359,1.12,1.00
2015.07.14 08:53:09.992,0.71354,0.71359,1.00,1.00
2015.07.14 08:53:10.859,0.71356,0.71364,1.00,1.87
2015.07.14 08:53:11.369,0.71356,0.71364,1.37,1.00
2015.07.14 08:53:11.889,0.71356,0.71363,1.37,1.00
2015.07.14 08:53:13.018,0.71357,0.71364,1.12,1.00
2015.07.14 08:53:13.986,0.71358,0.71364,1.00,1.00
2015.07.14 08:53:15.377,0.71358,0.71366,1.00,1.50
2015.07.14 08:53:15.530,0.7136,0.71366,1.00,1.00
2015.07.14 08:53:16.080,0.71359,0.71366,1.00,1.00
2015.07.14 08:53:16.451,0.7136,0.71368,1.00,1.12
2015.07.14 08:53:18.965,0.7136,0.71366,1.00,1.00
2015.07.14 08:53:19.170,0.71358,0.71366,1.00,1.50
2015.07.14 08:53:19.222,0.71356,0.71363,1.37,1.00
2015.07.14 08:53:19.325,0.71354,0.71363,1.95,1.50
2015.07.14 08:53:19.427,0.71353,0.71361,1.37,1.00
2015.07.14 08:53:19.479,0.71353,0.71361,1.12,1.00
2015.07.14 08:53:19.716,0.71353,0.71359,1.12,1.00
2015.07.14 08:53:19.818,0.71353,0.71361,1.00,1.50
2015.07.14 08:53:20.634,0.71351,0.71361,1.87,1.00
2015.07.14 08:53:20.828,0.71357,0.71361,1.00,1.00
2015.07.14 08:53:20.886,0.71357,0.71363,1.00,1.12
2015.07.14 08:53:21.395,0.71358,0.71363,1.00,1.00
2015.07.14 08:53:21.447,0.71356,0.71363,1.50,1.00
2015.07.14 08:53:21.600,0.71354,0.71361,1.37,1.00
2015.07.14 08:53:21.942,0.71352,0.71358,1.37,1.00
2015.07.14 08:53:22.095,0.71351,0.71358,1.87,1.00
2015.07.14 08:53:22.146,0.71352,0.71361,1.00,1.12
2015.07.14 08:53:22.757,0.71353,0.71361,1.00,1.12
2015.07.14 08:53:23.035,0.71357,0.71361,1.00,1.12
2015.07.14 08:53:23.088,0.71359,0.71365,1.00,1.00
2015.07.14 08:53:23.599,0.7136,0.71366,1.00,1.00
2015.07.14 08:53:24.166,0.71358,0.71365,1.87,1.00
2015.07.14 08:53:25.384,0.71359,0.71365,1.50,1.00
2015.07.14 08:53:26.518,0.71359,0.71366,1.50,1.00
2015.07.14 08:53:26.857,0.71356,0.71366,2.62,1.12
2015.07.14 08:53:27.113,0.71356,0.71364,1.50,1.00
2015.07.14 08:53:27.422,0.71355,0.71362,1.12,1.00
2015.07.14 08:53:28.579,0.71354,0.71364,1.37,1.37
2015.07.14 08:53:28.886,0.71364,0.71369,1.50,1.00
2015.07.14 08:53:29.144,0.71365,0.71372,2.32,1.00
2015.07.14 08:53:29.653,0.71364,0.71373,1.37,1.12
2015.07.14 08:53:30.156,0.71363,0.71372,2.62,1.00
2015.07.14 08:53:30.262,0.71363,0.71373,1.87,1.12
2015.07.14 08:53:30.364,0.71363,0.71371,1.12,1.00
2015.07.14 08:53:30.721,0.71363,0.71373,1.12,1.12
2015.07.14 08:53:31.370,0.71363,0.71371,1.12,1.00
2015.07.14 08:53:31.675,0.7136,0.71369,1.50,1.00
2015.07.14 08:53:32.192,0.71361,0.71369,1.00,1.00
2015.07.14 08:53:32.346,0.7136,0.71367,1.12,1.00
2015.07.14 08:53:33.035,0.71359,0.71366,1.00,1.00
2015.07.14 08:53:33.188,0.71358,0.71369,1.00,1.12
2015.07.14 08:53:33.291,0.71358,0.71369,1.00,2.25
2015.07.14 08:53:33.802,0.71359,0.71369,1.00,2.25
2015.07.14 08:53:34.106,0.71363,0.71371,1.00,1.87
2015.07.14 08:53:34.259,0.71363,0.71372,1.00,1.12
2015.07.14 08:53:34.818,0.71364,0.71372,1.00,1.12
2015.07.14 08:53:35.380,0.71364,0.71372,1.00,1.37
2015.07.14 08:53:35.903,0.71362,0.71371,1.37,1.37
2015.07.14 08:53:36.056,0.7136,0.71369,1.87,1.00
2015.07.14 08:53:36.395,0.71358,0.71365,1.00,1.00
2015.07.14 08:53:36.601,0.71353,0.71363,1.47,1.12
2015.07.14 08:53:36.652,0.71352,0.71363,1.50,1.50
2015.07.14 08:53:37.162,0.71354,0.71363,1.00,1.00
2015.07.14 08:53:37.683,0.71353,0.71364,1.00,1.37
2015.07.14 08:53:38.193,0.71353,0.71364,1.87,1.87
2015.07.14 08:53:38.921,0.71353,0.71363,1.87,1.37
2015.07.14 08:53:39.431,0.71354,0.71364,1.00,1.37
2015.07.14 08:53:40.328,0.71354,0.71364,1.00,2.62
2015.07.14 08:53:40.836,0.71354,0.71362,1.00,1.00
2015.07.14 08:53:41.413,0.71353,0.71362,1.87,1.12
2015.07.14 08:53:41.769,0.71353,0.71359,1.12,1.00
2015.07.14 08:53:41.871,0.71351,0.71361,3.00,1.00
2015.07.14 08:53:41.922,0.71351,0.71358,2.25,1.00
2015.07.14 08:53:42.024,0.7135,0.71359,1.12,1.00
2015.07.14 08:53:42.334,0.7135,0.71359,1.00,2.25
2015.07.14 08:53:42.742,0.71347,0.71358,1.50,1.37
2015.07.14 08:53:43.253,0.71348,0.71358,1.00,1.87
2015.07.14 08:53:43.789,0.71348,0.71358,1.00,1.87
2015.07.14 08:53:44.297,0.71349,0.71358,1.00,1.87
2015.07.14 08:53:45.328,0.71349,0.71358,1.00,2.62
2015.07.14 08:53:45.828,0.71346,0.71356,1.87,1.00
2015.07.14 08:53:46.032,0.71346,0.71355,1.00,1.37
2015.07.14 08:53:46.083,0.71344,0.71353,1.50,1.00
2015.07.14 08:53:46.292,0.71343,0.71351,1.00,1.00
2015.07.14 08:53:46.598,0.7134,0.71348,1.00,1.00
2015.07.14 08:53:46.955,0.71338,0.71346,1.00,1.00
2015.07.14 08:53:47.456,0.7134,0.71346,1.00,1.00
2015.07.14 08:53:47.661,0.71338,0.71346,1.00,1.00
2015.07.14 08:53:48.172,0.71338,0.71347,1.00,1.12
2015.07.14 08:53:49.227,0.71338,0.71346,1.00,1.00
2015.07.14 08:53:49.740,0.71337,0.71346,1.00,1.00
2015.07.14 08:53:50.403,0.71336,0.71341,1.00,1.00
2015.07.14 08:53:50.455,0.71334,0.71341,1.12,1.00
2015.07.14 08:53:50.961,0.71333,0.71341,1.00,1.00
2015.07.14 08:53:51.573,0.71332,0.71341,1.50,1.12
2015.07.14 08:53:52.107,0.71333,0.71341,1.00,1.12
2015.07.14 08:53:52.617,0.71332,0.71341,2.25,1.12
2015.07.14 08:53:52.770,0.71334,0.71341,1.00,1.12
2015.07.14 08:53:53.320,0.71333,0.71341,1.00,1.12
2015.07.14 08:53:53.830,0.71333,0.71341,1.00,1.37
2015.07.14 08:53:54.167,0.71335,0.71343,2.62,1.00
2015.07.14 08:53:54.677,0.71336,0.71343,1.00,1.00
2015.07.14 08:53:55.573,0.71338,0.71345,1.00,1.12
2015.07.14 08:53:55.980,0.71335,0.71345,1.87,1.12
2015.07.14 08:53:56.484,0.71335,0.71345,1.00,1.50
2015.07.14 08:53:56.689,0.71337,0.71346,1.00,1.75
2015.07.14 08:53:57.199,0.71334,0.71343,1.87,1.00
2015.07.14 08:53:57.391,0.71333,0.71343,2.62,1.00
2015.07.14 08:53:57.443,0.71333,0.71341,2.62,1.00
2015.07.14 08:53:57.649,0.71332,0.71343,1.12,1.50
2015.07.14 08:53:58.659,0.71331,0.71343,2.62,1.50
2015.07.14 08:53:59.168,0.71333,0.71342,1.00,1.12
2015.07.14 08:53:59.663,0.71331,0.71341,1.12,1.12
2015.07.14 08:54:00.171,0.71332,0.71341,1.00,1.12
2015.07.14 08:54:00.907,0.7133,0.71341,1.87,1.00
2015.07.14 08:54:01.418,0.71329,0.7134,1.87,1.12
2015.07.14 08:54:01.571,0.71331,0.7134,1.00,1.87
2015.07.14 08:54:01.892,0.71333,0.71342,1.00,1.00
2015.07.14 08:54:02.604,0.71332,0.71342,1.12,1.00
2015.07.14 08:54:02.908,0.71335,0.71342,1.00,1.37
2015.07.14 08:54:03.010,0.71333,0.71343,1.00,1.50
2015.07.14 08:54:03.773,0.71333,0.71343,1.00,1.50
2015.07.14 08:54:06.763,0.71333,0.71342,1.00,1.37
2015.07.14 08:54:07.300,0.71334,0.71341,1.00,1.00
2015.07.14 08:54:07.833,0.71335,0.71341,1.00,1.00
2015.07.14 08:54:08.406,0.71333,0.71339,1.00,1.00
2015.07.14 08:54:08.914,0.71335,0.71341,1.00,1.50
2015.07.14 08:54:11.001,0.71335,0.7134,1.00,1.00
2015.07.14 08:54:11.053,0.71332,0.7134,1.00,1.00
2015.07.14 08:54:11.206,0.7133,0.7134,1.87,2.25
2015.07.14 08:54:11.709,0.71327,0.71338,2.25,1.00
2015.07.14 08:54:11.812,0.71327,0.71338,1.00,1.12
2015.07.14 08:54:12.171,0.71327,0.71336,1.12,1.00
2015.07.14 08:54:12.713,0.71327,0.71335,1.00,1.50
2015.07.14 08:54:13.220,0.71327,0.71334,1.00,1.00
2015.07.14 08:54:13.541,0.71329,0.71334,1.00,1.00
2015.07.14 08:54:13.644,0.71327,0.71334,1.00,1.00
2015.07.14 08:54:13.847,0.71325,0.71334,1.50,1.00
2015.07.14 08:54:14.119,0.71327,0.71334,1.00,1.00
2015.07.14 08:54:14.221,0.71325,0.71336,1.12,2.62
2015.07.14 08:54:14.731,0.71326,0.71336,1.00,2.62
2015.07.14 08:54:15.373,0.71326,0.71334,1.12,1.00
2015.07.14 08:54:15.972,0.71327,0.71336,1.00,1.87
2015.07.14 08:54:16.503,0.71327,0.71336,1.37,1.87
2015.07.14 08:54:18.220,0.71327,0.71336,1.37,1.12
2015.07.14 08:54:19.257,0.71325,0.71335,3.00,1.00
2015.07.14 08:54:19.664,0.71326,0.71335,1.00,1.12
2015.07.14 08:54:20.126,0.71323,0.71334,1.50,2.62
2015.07.14 08:54:21.063,0.71322,0.71331,1.12,1.00
2015.07.14 08:54:21.165,0.71321,0.71331,1.12,1.12
2015.07.14 08:54:21.216,0.71321,0.71331,1.12,1.87
2015.07.14 08:54:21.625,0.71318,0.71329,1.50,1.87
2015.07.14 08:54:22.171,0.71319,0.71329,1.00,1.37
2015.07.14 08:54:23.414,0.7132,0.71328,1.00,1.12
2015.07.14 08:54:24.691,0.71321,0.71328,1.00,1.12
2015.07.14 08:54:25.098,0.71318,0.71328,1.00,1.87
2015.07.14 08:54:25.149,0.71318,0.71326,1.00,1.12
2015.07.14 08:54:25.352,0.71313,0.71324,1.37,1.12
2015.07.14 08:54:25.607,0.71312,0.71325,1.87,3.00
2015.07.14 08:54:26.898,0.71312,0.71321,1.37,1.00
2015.07.14 08:54:27.124,0.71312,0.71321,1.00,1.12
2015.07.14 08:54:27.433,0.71311,0.7132,1.00,1.37
2015.07.14 08:54:27.950,0.71311,0.71322,1.00,3.37
2015.07.14 08:54:28.001,0.7131,0.71319,1.12,1.00
2015.07.14 08:54:28.154,0.71308,0.71319,1.50,1.50
2015.07.14 08:54:28.499,0.71307,0.71317,1.87,1.00
2015.07.14 08:54:28.754,0.71306,0.71317,1.00,1.12
2015.07.14 08:54:29.262,0.71307,0.71317,1.00,1.12
2015.07.14 08:54:29.569,0.71309,0.71319,1.00,1.37
2015.07.14 08:54:30.079,0.7131,0.71322,1.00,2.62
2015.07.14 08:54:30.452,0.71313,0.71321,1.00,1.37
2015.07.14 08:54:31.175,0.71315,0.71321,1.00,1.12
2015.07.14 08:54:31.684,0.71315,0.71323,1.00,2.25
2015.07.14 08:54:32.791,0.71317,0.71323,1.00,1.50
2015.07.14 08:54:33.279,0.71315,0.7132,1.00,1.00
2015.07.14 08:54:33.484,0.71313,0.7132,1.00,1.50
2015.07.14 08:54:33.637,0.7131,0.7132,1.50,2.62
2015.07.14 08:54:33.740,0.7131,0.71318,1.00,1.37
2015.07.14 08:54:34.159,0.71309,0.71317,1.00,1.87
2015.07.14 08:54:36.503,0.71307,0.71315,1.00,1.12
2015.07.14 08:54:36.554,0.71307,0.71315,1.00,4.35
2015.07.14 08:54:36.740,0.71304,0.71311,1.00,1.00
2015.07.14 08:54:36.893,0.71304,0.71309,1.00,1.00
2015.07.14 08:54:36.995,0.71304,0.71311,1.00,1.00
2015.07.14 08:54:37.098,0.71302,0.7131,1.12,1.00
2015.07.14 08:54:37.849,0.71304,0.71312,1.00,1.87
2015.07.14 08:54:37.952,0.71304,0.71312,1.00,1.87
2015.07.14 08:54:38.462,0.71305,0.71313,1.00,1.37
2015.07.14 08:54:38.971,0.71305,0.71314,1.00,1.87
2015.07.14 08:54:39.674,0.71305,0.71314,1.00,1.87
2015.07.14 08:54:40.603,0.71305,0.71313,1.00,1.00
2015.07.14 08:54:41.415,0.71306,0.71313,1.00,1.12
2015.07.14 08:54:41.922,0.71305,0.71315,1.00,4.12
2015.07.14 08:54:42.685,0.71305,0.71313,1.00,1.37
2015.07.14 08:54:43.398,0.71303,0.71312,1.12,1.37
2015.07.14 08:54:43.905,0.71303,0.71312,1.00,1.12
2015.07.14 08:54:45.918,0.71305,0.71312,1.00,1.00
2015.07.14 08:54:46.429,0.71305,0.71314,1.00,1.87
2015.07.14 08:54:48.164,0.71306,0.71315,1.00,2.62
2015.07.14 08:54:50.806,0.71309,0.71315,1.00,1.00
2015.07.14 08:54:51.112,0.71311,0.71319,1.00,4.12
2015.07.14 08:54:51.266,0.71315,0.7132,1.00,4.87
2015.07.14 08:54:51.319,0.71314,0.71319,1.00,1.00
2015.07.14 08:54:51.877,0.71314,0.71323,1.00,2.25
2015.07.14 08:54:52.540,0.71314,0.71321,1.00,1.00
2015.07.14 08:54:52.591,0.71316,0.71321,1.00,1.00
2015.07.14 08:54:52.693,0.71314,0.71323,1.00,2.25
2015.07.14 08:54:52.830,0.71314,0.7132,1.00,1.00
2015.07.14 08:54:52.881,0.71312,0.7132,1.12,1.00
2015.07.14 08:54:53.035,0.71312,0.71318,1.12,1.00
2015.07.14 08:54:53.546,0.71312,0.7132,1.00,2.25
2015.07.14 08:54:53.863,0.71312,0.71319,1.00,1.37
2015.07.14 08:54:53.914,0.71309,0.71318,1.00,1.37
2015.07.14 08:54:54.423,0.71309,0.71315,1.00,1.37
2015.07.14 08:54:55.239,0.71309,0.71315,1.00,1.37
2015.07.14 08:54:56.162,0.71308,0.71315,1.00,1.37
2015.07.14 08:54:56.563,0.71305,0.71314,1.00,1.37
2015.07.14 08:54:57.579,0.71308,0.71316,1.00,2.25
2015.07.14 08:54:58.312,0.71309,0.71316,1.00,2.25
2015.07.14 08:54:59.718,0.71309,0.71317,1.00,1.37
2015.07.14 08:55:00.531,0.71309,0.71318,1.12,3.00
2015.07.14 08:55:00.836,0.71311,0.71318,1.00,3.00
2015.07.14 08:55:04.371,0.71311,0.71318,1.00,4.50
2015.07.14 08:55:04.703,0.71311,0.71318,1.00,4.50
2015.07.14 08:55:07.018,0.71308,0.71316,1.00,1.37
2015.07.14 08:55:07.374,0.71306,0.71315,1.12,1.37
2015.07.14 08:55:07.578,0.71304,0.71312,1.00,1.00
2015.07.14 08:55:08.730,0.71304,0.71311,1.00,1.00
2015.07.14 08:55:09.317,0.71304,0.71312,1.00,1.12
2015.07.14 08:55:10.082,0.71306,0.71312,1.00,1.12
2015.07.14 08:55:10.387,0.71309,0.71314,1.00,1.37
2015.07.14 08:55:11.104,0.71309,0.71316,1.00,4.50
2015.07.14 08:55:11.613,0.71308,0.71315,1.50,1.37
2015.07.14 08:55:12.160,0.71308,0.71316,1.50,2.25
2015.07.14 08:55:14.113,0.71308,0.71317,1.50,3.22
2015.07.14 08:55:14.825,0.7131,0.71317,1.00,3.22
2015.07.14 08:55:15.131,0.71313,0.71318,1.00,2.62
2015.07.14 08:55:15.632,0.71312,0.71318,1.00,2.62
2015.07.14 08:55:15.937,0.71319,0.71324,1.00,1.00
2015.07.14 08:55:16.039,0.71321,0.71327,1.00,1.12
2015.07.14 08:55:16.491,0.71321,0.71332,1.12,1.50
2015.07.14 08:55:16.597,0.71321,0.71332,1.12,1.67
2015.07.14 08:55:16.954,0.71327,0.71332,1.00,1.35
2015.07.14 08:55:17.480,0.71328,0.71333,1.00,2.47
2015.07.14 08:55:17.991,0.71328,0.71335,1.00,2.47
2015.07.14 08:55:19.238,0.71326,0.71335,1.12,2.47
2015.07.14 08:55:21.229,0.71324,0.71334,1.00,2.25
2015.07.14 08:55:21.383,0.71326,0.71334,1.50,4.35
2015.07.14 08:55:21.742,0.71327,0.71337,1.50,2.85
2015.07.14 08:55:22.288,0.71326,0.71337,1.12,2.85
2015.07.14 08:55:22.491,0.71326,0.71336,1.00,3.97
2015.07.14 08:55:22.543,0.71323,0.71334,1.95,2.85
2015.07.14 08:55:22.696,0.71322,0.71334,1.87,2.85
2015.07.14 08:55:23.003,0.71321,0.71331,1.37,4.12
2015.07.14 08:55:23.054,0.71321,0.71332,1.37,2.85
2015.07.14 08:55:23.145,0.71321,0.71332,1.12,2.85
2015.07.14 08:55:23.658,0.71319,0.7133,1.37,2.47
2015.07.14 08:55:23.709,0.71318,0.71329,3.37,2.47
2015.07.14 08:55:23.913,0.71316,0.71328,1.00,3.75
2015.07.14 08:55:24.116,0.71314,0.71325,1.00,2.85
2015.07.14 08:55:24.662,0.71312,0.71323,1.37,1.12
2015.07.14 08:55:25.019,0.71311,0.71322,1.37,1.37
2015.07.14 08:55:25.172,0.71309,0.7132,1.47,1.00
2015.07.14 08:55:25.688,0.71308,0.7132,1.37,1.50
2015.07.14 08:55:25.942,0.71311,0.71321,1.12,2.85
2015.07.14 08:55:28.073,0.71311,0.71322,1.12,3.97
2015.07.14 08:55:31.465,0.71313,0.71322,1.00,2.47
2015.07.14 08:55:31.772,0.71319,0.71323,1.00,2.85
2015.07.14 08:55:31.823,0.71319,0.71323,1.00,2.85
2015.07.14 08:55:31.874,0.71314,0.71323,3.00,2.47
2015.07.14 08:55:32.387,0.71312,0.71322,1.87,2.47
2015.07.14 08:55:32.896,0.71312,0.71321,1.87,2.10
2015.07.14 08:55:33.319,0.71315,0.71322,1.00,2.47
2015.07.14 08:55:33.878,0.71314,0.71322,1.00,2.47
2015.07.14 08:55:34.410,0.71313,0.71322,1.00,2.47
2015.07.14 08:55:34.954,0.71313,0.71321,1.00,2.10
2015.07.14 08:55:36.954,0.71311,0.71322,1.37,2.85
2015.07.14 08:55:37.481,0.71312,0.71322,1.00,4.35
2015.07.14 08:55:37.990,0.71311,0.71321,1.00,1.50
2015.07.14 08:55:38.514,0.7131,0.71321,1.00,1.50
2015.07.14 08:55:39.044,0.71311,0.71322,1.00,5.85
2015.07.14 08:55:39.707,0.71313,0.71322,1.00,5.10
2015.07.14 08:55:39.758,0.71313,0.71321,1.00,1.00
2015.07.14 08:55:40.267,0.71314,0.71322,1.00,2.47
2015.07.14 08:55:40.320,0.71317,0.71322,1.00,2.47
2015.07.14 08:55:40.620,0.71315,0.71322,1.00,2.47
2015.07.14 08:55:41.282,0.71315,0.71321,1.00,2.10
2015.07.14 08:55:41.895,0.71316,0.71321,1.00,2.10
2015.07.14 08:55:42.101,0.71314,0.71322,1.00,2.47
2015.07.14 08:55:42.617,0.71315,0.71321,1.00,2.10
2015.07.14 08:55:43.419,0.71313,0.71321,1.12,2.10
2015.07.14 08:55:43.926,0.71314,0.71322,1.00,3.22
2015.07.14 08:55:44.218,0.71316,0.71322,1.00,3.22
2015.07.14 08:55:44.526,0.71318,0.71322,1.00,2.47
2015.07.14 08:55:44.628,0.71316,0.71322,1.00,2.47
2015.07.14 08:55:45.343,0.71315,0.71325,1.00,1.37
2015.07.14 08:55:46.054,0.71314,0.71325,1.50,1.37
2015.07.14 08:55:46.566,0.71313,0.71323,2.47,1.00
2015.07.14 08:55:47.086,0.71313,0.71322,2.47,1.00
2015.07.14 08:55:47.608,0.71313,0.71321,2.10,1.00
2015.07.14 08:55:48.117,0.71313,0.71324,2.85,2.25
2015.07.14 08:55:48.321,0.71314,0.71324,1.12,1.00
2015.07.14 08:55:48.936,0.71313,0.71322,2.47,1.00
2015.07.14 08:55:48.987,0.71313,0.71324,2.47,2.62
2015.07.14 08:55:49.501,0.71313,0.71323,2.47,1.12
2015.07.14 08:55:50.228,0.71313,0.71323,2.47,1.37
2015.07.14 08:55:51.380,0.71314,0.71325,1.00,1.87
2015.07.14 08:55:51.909,0.71314,0.71325,1.87,1.87
2015.07.14 08:55:52.810,0.71314,0.71327,2.25,2.62
2015.07.14 08:55:53.372,0.71314,0.71322,2.85,1.00
2015.07.14 08:55:53.877,0.71314,0.71323,2.10,1.12
2015.07.14 08:55:55.180,0.71314,0.71322,2.10,1.00
2015.07.14 08:55:55.688,0.71313,0.71322,2.47,1.87
2015.07.14 08:55:57.807,0.71314,0.71318,2.10,1.00
2015.07.14 08:55:57.918,0.71314,0.7132,2.10,1.00
2015.07.14 08:55:58.274,0.71313,0.71322,3.22,1.12
2015.07.14 08:55:58.784,0.71313,0.71324,3.97,1.87
2015.07.14 08:55:59.205,0.71313,0.71326,4.72,1.50
2015.07.14 08:55:59.359,0.71313,0.71324,3.97,1.37
2015.07.14 08:55:59.665,0.71313,0.71321,2.47,1.00
2015.07.14 08:56:00.366,0.71313,0.71321,2.47,1.00
2015.07.14 08:56:00.674,0.71313,0.71319,2.10,1.00
2015.07.14 08:56:01.185,0.71313,0.7132,2.10,1.00
2015.07.14 08:56:01.714,0.71313,0.71321,2.10,1.00
2015.07.14 08:56:02.308,0.71313,0.71322,2.85,1.12
2015.07.14 08:56:02.817,0.71314,0.71321,2.47,1.12
2015.07.14 08:56:03.626,0.71314,0.7132,2.47,1.00
2015.07.14 08:56:04.136,0.71314,0.71322,2.47,1.37
2015.07.14 08:56:04.644,0.71314,0.71322,2.10,1.12
2015.07.14 08:56:05.236,0.71314,0.71319,2.10,1.00
2015.07.14 08:56:07.995,0.71314,0.71321,2.10,1.00
2015.07.14 08:56:08.503,0.71313,0.71322,2.10,1.50
2015.07.14 08:56:09.089,0.71314,0.71322,1.12,1.12
2015.07.14 08:56:14.675,0.71313,0.71324,2.47,2.25
2015.07.14 08:56:15.083,0.71315,0.71326,2.47,2.62
2015.07.14 08:56:15.592,0.71315,0.71326,3.97,1.12
2015.07.14 08:56:16.689,0.71316,0.71325,1.12,1.00
2015.07.14 08:56:17.194,0.71315,0.71326,3.97,1.00
2015.07.14 08:56:17.499,0.71319,0.71327,1.00,1.12
2015.07.14 08:56:18.020,0.71318,0.71325,2.10,1.00
2015.07.14 08:56:18.073,0.71316,0.71325,1.12,1.00
2015.07.14 08:56:18.394,0.71315,0.71323,3.22,1.00
2015.07.14 08:56:18.902,0.71314,0.71323,2.47,1.12
2015.07.14 08:56:19.684,0.71313,0.71323,2.47,1.12
2015.07.14 08:56:22.432,0.71314,0.71322,2.10,1.87
2015.07.14 08:56:22.536,0.71312,0.71321,2.10,1.00
2015.07.14 08:56:23.045,0.71313,0.71321,2.10,1.00
2015.07.14 08:56:23.568,0.71312,0.7132,2.47,1.00
2015.07.14 08:56:23.671,0.71312,0.71318,2.47,1.00
2015.07.14 08:56:24.027,0.7131,0.71319,2.47,1.00
2015.07.14 08:56:24.688,0.71311,0.71319,2.85,1.50
2015.07.14 08:56:24.791,0.71316,0.7132,2.10,1.87
2015.07.14 08:56:24.844,0.71316,0.71321,2.10,1.12
2015.07.14 08:56:25.049,0.71313,0.71321,2.10,1.00
2015.07.14 08:56:25.607,0.71314,0.7132,2.10,1.00
2015.07.14 08:56:26.117,0.71314,0.71321,2.10,1.00
2015.07.14 08:56:26.884,0.71314,0.7132,2.10,1.00
2015.07.14 08:56:27.392,0.71313,0.71321,2.10,1.00
2015.07.14 08:56:33.529,0.71312,0.71317,3.22,1.00
2015.07.14 08:56:38.310,0.71312,0.71316,1.87,1.00
2015.07.14 08:56:41.153,0.71312,0.71318,1.87,1.00
2015.07.14 08:56:42.245,0.71312,0.71319,1.12,1.00
2015.07.14 08:56:42.449,0.71313,0.71321,1.87,1.00
2015.07.14 08:56:42.858,0.71315,0.71321,1.00,1.00
2015.07.14 08:56:43.375,0.71315,0.71322,1.12,1.00
2015.07.14 08:56:44.036,0.71316,0.71322,1.00,1.00
2015.07.14 08:56:46.186,0.71316,0.71324,1.00,1.00
2015.07.14 08:56:46.288,0.71315,0.71321,1.12,1.00
2015.07.14 08:56:46.390,0.71315,0.71323,1.12,1.00
2015.07.14 08:56:46.898,0.71315,0.71324,1.50,1.00
2015.07.14 08:56:47.452,0.71317,0.71324,1.00,1.00
2015.07.14 08:56:48.558,0.71316,0.71324,1.50,1.00
2015.07.14 08:56:49.990,0.71316,0.71323,1.12,1.00
2015.07.14 08:56:51.712,0.71315,0.71326,2.62,1.87
2015.07.14 08:56:51.814,0.71317,0.71326,1.00,1.12
2015.07.14 08:56:52.120,0.71319,0.71327,1.00,1.00
2015.07.14 08:56:52.682,0.71318,0.71327,2.25,1.00
2015.07.14 08:56:52.988,0.71318,0.71325,1.12,1.00
2015.07.14 08:56:53.924,0.71316,0.71325,2.25,1.00
2015.07.14 08:56:56.303,0.71316,0.71326,2.25,1.00
2015.07.14 08:56:56.608,0.71319,0.71326,1.00,1.00
2015.07.14 08:56:58.870,0.71319,0.71327,1.50,1.00
2015.07.14 08:56:59.637,0.71319,0.71325,1.00,1.00
2015.07.14 08:57:00.917,0.71318,0.71325,1.50,1.00
2015.07.14 08:57:01.359,0.71316,0.71322,2.25,1.00
2015.07.14 08:57:01.818,0.71315,0.71319,1.00,1.00
2015.07.14 08:57:01.870,0.71313,0.71319,1.12,1.00
2015.07.14 08:57:02.023,0.71311,0.71321,1.37,1.00
2015.07.14 08:57:03.730,0.71312,0.71321,1.12,1.00
2015.07.14 08:57:04.239,0.71312,0.71322,1.50,1.50
2015.07.14 08:57:05.711,0.71312,0.71323,1.50,1.12
2015.07.14 08:57:06.757,0.71312,0.71324,1.50,1.87
2015.07.14 08:57:07.727,0.71312,0.71323,1.50,1.37
2015.07.14 08:57:07.981,0.71315,0.71327,1.00,6.07
2015.07.14 08:57:08.032,0.71316,0.71326,2.47,1.00
2015.07.14 08:57:08.553,0.71317,0.71327,1.87,1.00
2015.07.14 08:57:09.063,0.71317,0.71329,1.87,1.87
2015.07.14 08:57:09.572,0.71318,0.71329,1.12,1.12
2015.07.14 08:57:10.879,0.71318,0.71328,1.87,1.00
2015.07.14 08:57:11.076,0.71316,0.71327,3.37,1.87
2015.07.14 08:57:11.838,0.71316,0.71327,3.37,2.25
2015.07.14 08:57:12.177,0.71319,0.71328,1.50,1.00
2015.07.14 08:57:12.691,0.71319,0.7133,1.50,1.87
2015.07.14 08:57:13.201,0.71319,0.7133,1.50,1.12
2015.07.14 08:57:14.138,0.71319,0.71331,2.25,1.50
2015.07.14 08:57:14.342,0.71319,0.71328,2.25,1.00
2015.07.14 08:57:15.121,0.71318,0.71329,5.25,1.50
2015.07.14 08:57:16.154,0.71319,0.71328,1.50,1.00
2015.07.14 08:57:16.924,0.71319,0.71329,1.50,1.00
2015.07.14 08:57:17.530,0.71319,0.71328,1.50,1.00
2015.07.14 08:57:18.039,0.71319,0.71329,2.25,1.12
2015.07.14 08:57:18.648,0.71319,0.71329,1.50,1.00
2015.07.14 08:57:19.197,0.71319,0.71329,1.50,1.87
2015.07.14 08:57:19.935,0.71319,0.71329,1.50,1.87
2015.07.14 08:57:21.155,0.71319,0.71327,1.50,1.00
2015.07.14 08:57:21.358,0.71316,0.71325,1.87,1.50
2015.07.14 08:57:21.926,0.71315,0.71326,1.37,1.12
2015.07.14 08:57:22.436,0.71316,0.71324,1.50,1.00
2015.07.14 08:57:25.389,0.71314,0.71324,1.87,1.00
2015.07.14 08:57:26.621,0.71314,0.71325,1.37,1.87
2015.07.14 08:57:27.075,0.71314,0.71325,1.87,1.50
2015.07.14 08:57:27.586,0.71315,0.71326,1.50,1.50
2015.07.14 08:57:28.097,0.71316,0.71326,1.12,1.87
2015.07.14 08:57:29.043,0.71316,0.71325,1.87,1.00
2015.07.14 08:57:29.839,0.71316,0.71326,1.12,1.12
2015.07.14 08:57:31.380,0.71316,0.71325,1.12,1.00
2015.07.14 08:57:31.983,0.71316,0.71326,1.12,1.87
2015.07.14 08:57:32.502,0.71316,0.71326,1.12,1.87
2015.07.14 08:57:37.065,0.71316,0.71325,1.00,1.37
2015.07.14 08:57:37.167,0.71314,0.71324,1.12,1.37
2015.07.14 08:57:41.119,0.71314,0.71321,1.00,1.00
2015.07.14 08:57:41.322,0.71312,0.7132,1.00,1.00
2015.07.14 08:57:41.828,0.71312,0.71321,1.00,1.12
2015.07.14 08:57:42.880,0.71313,0.71323,1.00,2.62
2015.07.14 08:57:43.386,0.71313,0.71323,1.50,1.37
2015.07.14 08:57:44.610,0.71313,0.71321,1.00,1.00
2015.07.14 08:57:45.135,0.71313,0.71323,1.00,1.37
2015.07.14 08:57:45.472,0.71312,0.7132,1.12,1.00
2015.07.14 08:57:46.297,0.7131,0.7132,1.50,1.00
2015.07.14 08:57:46.808,0.7131,0.71321,2.25,1.87
2015.07.14 08:57:47.318,0.71311,0.7132,1.00,1.37
2015.07.14 08:57:47.654,0.7131,0.71321,2.85,1.87
2015.07.14 08:57:48.521,0.7131,0.71321,2.25,1.87
2015.07.14 08:57:49.049,0.7131,0.7132,1.50,1.00
2015.07.14 08:57:49.100,0.7131,0.7132,1.50,1.12
2015.07.14 08:57:49.608,0.7131,0.71319,1.00,1.50
2015.07.14 08:57:49.862,0.71309,0.71317,2.25,1.00
2015.07.14 08:57:50.412,0.71309,0.71318,1.12,1.50
2015.07.14 08:57:51.070,0.71307,0.71317,2.62,1.00
2015.07.14 08:57:51.831,0.71307,0.71317,1.87,1.00
2015.07.14 08:57:52.464,0.71306,0.71316,2.02,1.00
2015.07.14 08:57:52.871,0.71306,0.71314,1.37,1.00
2015.07.14 08:57:55.853,0.71306,0.71315,1.37,1.50
2015.07.14 08:57:56.161,0.71307,0.71313,1.00,1.12
2015.07.14 08:57:56.363,0.71305,0.71313,1.00,1.12
2015.07.14 08:57:56.878,0.71305,0.71312,1.00,1.00
2015.07.14 08:57:57.413,0.71305,0.71311,1.00,1.00
2015.07.14 08:57:57.931,0.71305,0.7131,1.00,1.00
2015.07.14 08:57:58.449,0.71305,0.71311,1.00,1.00
2015.07.14 08:57:59.165,0.71305,0.71313,1.00,2.25
2015.07.14 08:57:59.691,0.71305,0.71312,1.00,1.00
2015.07.14 08:58:00.221,0.71305,0.71313,1.00,2.25
2015.07.14 08:58:00.272,0.71305,0.71311,1.00,1.00
2015.07.14 08:58:00.478,0.71307,0.71315,1.00,3.37
2015.07.14 08:58:00.982,0.71306,0.71313,1.37,1.00
2015.07.14 08:58:01.593,0.71306,0.71315,1.37,1.50
2015.07.14 08:58:02.094,0.71306,0.71314,1.37,1.00
2015.07.14 08:58:02.637,0.71306,0.71314,1.12,1.50
2015.07.14 08:58:03.146,0.71306,0.71315,1.12,1.00
2015.07.14 08:58:03.661,0.71306,0.71315,1.37,1.00
2015.07.14 08:58:04.648,0.71306,0.71315,1.12,1.00
2015.07.14 08:58:05.780,0.71306,0.71315,1.37,1.00
2015.07.14 08:58:06.305,0.71306,0.71316,1.87,1.12
2015.07.14 08:58:11.282,0.71308,0.71318,1.37,1.12
2015.07.14 08:58:11.435,0.7131,0.71321,3.00,1.37
2015.07.14 08:58:11.944,0.71312,0.71321,2.62,1.00
2015.07.14 08:58:12.482,0.71312,0.71322,1.87,1.00
2015.07.14 08:58:13.583,0.71312,0.71323,1.87,1.00
2015.07.14 08:58:14.110,0.71313,0.71322,1.12,1.00
2015.07.14 08:58:15.146,0.71312,0.71323,1.87,1.00
2015.07.14 08:58:15.701,0.71312,0.71323,1.87,1.00
2015.07.14 08:58:17.415,0.71314,0.71323,1.00,1.00
2015.07.14 08:58:17.920,0.71313,0.71325,1.87,1.50
2015.07.14 08:58:18.429,0.71315,0.71324,1.12,1.00
2015.07.14 08:58:18.960,0.71315,0.71325,1.12,1.50
2015.07.14 08:58:24.385,0.71315,0.71325,1.00,1.87
2015.07.14 08:58:25.246,0.71318,0.71325,1.00,1.37
2015.07.14 08:58:25.399,0.71318,0.71326,1.00,1.00
2015.07.14 08:58:25.908,0.71317,0.71327,1.00,1.87
2015.07.14 08:58:28.174,0.71316,0.71327,1.87,1.37
2015.07.14 08:58:28.725,0.71317,0.71327,1.00,1.00
2015.07.14 08:58:30.789,0.71316,0.71325,2.62,1.00
2015.07.14 08:58:31.335,0.71316,0.71325,1.87,1.00
2015.07.14 08:58:33.086,0.71316,0.71324,1.00,1.00
2015.07.14 08:58:33.392,0.71315,0.71321,1.00,1.00
2015.07.14 08:58:33.444,0.71315,0.71326,1.00,2.25
2015.07.14 08:58:33.495,0.71317,0.71325,1.00,1.12
2015.07.14 08:58:33.801,0.71319,0.71326,1.00,1.50
2015.07.14 08:58:34.145,0.71323,0.71329,1.00,1.37
2015.07.14 08:58:34.247,0.71323,0.71331,1.00,1.87
2015.07.14 08:58:34.795,0.71323,0.71331,1.00,1.87
2015.07.14 08:58:36.006,0.71323,0.7133,1.00,1.00
2015.07.14 08:58:40.021,0.71322,0.7133,1.50,1.12
2015.07.14 08:58:40.123,0.7132,0.71331,1.50,1.37
2015.07.14 08:58:41.415,0.71322,0.7133,1.00,1.12
2015.07.14 08:58:42.225,0.71322,0.7133,1.00,1.37
2015.07.14 08:58:45.198,0.71322,0.7133,1.00,1.12
2015.07.14 08:58:47.005,0.71321,0.7133,1.50,1.12
2015.07.14 08:58:47.108,0.71319,0.71329,2.25,1.00
2015.07.14 08:58:47.261,0.71319,0.71327,1.00,1.00
2015.07.14 08:58:47.811,0.71318,0.71326,1.00,1.50
2015.07.14 08:58:49.164,0.71316,0.71326,1.50,1.50
2015.07.14 08:58:50.336,0.71316,0.71326,1.50,1.37
2015.07.14 08:58:51.385,0.71317,0.71326,1.00,1.37
2015.07.14 08:58:51.663,0.71319,0.71328,1.00,1.50
2015.07.14 08:58:51.975,0.71322,0.7133,1.00,1.47
2015.07.14 08:58:52.128,0.71322,0.7133,1.00,1.12
2015.07.14 08:58:52.791,0.71323,0.71333,1.00,3.00
2015.07.14 08:58:53.047,0.71323,0.71332,1.50,1.12
2015.07.14 08:58:53.561,0.71322,0.71333,1.00,3.00
2015.07.14 08:58:54.096,0.71322,0.71333,1.50,1.87
2015.07.14 08:58:55.303,0.71326,0.71333,1.50,1.12
2015.07.14 08:58:55.407,0.71327,0.71335,1.00,1.00
2015.07.14 08:58:56.033,0.71328,0.71336,1.00,1.00
2015.07.14 08:58:56.391,0.71326,0.71337,1.50,1.12
2015.07.14 08:58:56.646,0.71328,0.71337,1.00,1.87
2015.07.14 08:58:57.147,0.71328,0.71339,1.12,1.50
2015.07.14 08:58:57.707,0.7133,0.7134,1.50,4.12
2015.07.14 08:58:58.211,0.71329,0.7134,1.00,4.50
2015.07.14 08:58:58.415,0.7133,0.71341,1.00,2.25
2015.07.14 08:58:58.925,0.71331,0.71341,1.00,1.50
2015.07.14 08:58:59.518,0.7133,0.71341,1.50,1.50
2015.07.14 08:59:00.029,0.7133,0.7134,1.00,1.00
2015.07.14 08:59:00.080,0.7133,0.71338,1.00,1.00
2015.07.14 08:59:00.182,0.71329,0.7134,1.00,1.00
2015.07.14 08:59:00.808,0.71329,0.71339,1.00,1.00
2015.07.14 08:59:00.962,0.71327,0.71339,1.50,1.50
2015.07.14 08:59:01.217,0.71326,0.71337,1.00,1.00
2015.07.14 08:59:01.599,0.71324,0.71336,1.87,1.12
2015.07.14 08:59:01.804,0.71329,0.71336,1.00,1.50
2015.07.14 08:59:02.314,0.71329,0.71338,1.00,1.37
2015.07.14 08:59:02.817,0.71328,0.71338,1.37,1.12
2015.07.14 08:59:03.767,0.71328,0.71337,1.87,1.00
2015.07.14 08:59:04.278,0.71328,0.71338,1.37,1.12
2015.07.14 08:59:05.339,0.71328,0.71338,1.12,1.12
2015.07.14 08:59:06.356,0.71326,0.71338,1.47,1.87
2015.07.14 08:59:07.343,0.71325,0.71338,2.32,2.62
2015.07.14 08:59:08.814,0.71326,0.71336,1.37,1.00
2015.07.14 08:59:09.376,0.71326,0.71336,1.12,1.12
2015.07.14 08:59:09.851,0.71326,0.71336,1.00,1.37
2015.07.14 08:59:10.157,0.71328,0.71338,1.12,1.12
2015.07.14 08:59:10.363,0.71328,0.71339,1.37,1.00
2015.07.14 08:59:11.369,0.71328,0.71342,1.50,5.10
2015.07.14 08:59:11.826,0.71329,0.71341,1.00,3.00
2015.07.14 08:59:12.337,0.7133,0.71338,1.00,1.12
2015.07.14 08:59:13.320,0.71328,0.71339,1.37,1.37
2015.07.14 08:59:13.829,0.71329,0.71338,1.12,1.37
2015.07.14 08:59:15.046,0.71326,0.71336,1.50,1.00
2015.07.14 08:59:15.097,0.71326,0.71336,1.50,1.12
2015.07.14 08:59:16.094,0.71326,0.71337,1.12,1.37
2015.07.14 08:59:16.679,0.71325,0.71332,2.25,1.00
2015.07.14 08:59:17.138,0.71325,0.71335,1.37,1.12
2015.07.14 08:59:18.206,0.71325,0.71335,1.00,1.37
2015.07.14 08:59:20.233,0.71325,0.71335,1.12,1.12
2015.07.14 08:59:22.312,0.71325,0.71335,1.00,1.37
2015.07.14 08:59:25.231,0.71325,0.71334,1.00,1.37
2015.07.14 08:59:26.133,0.71325,0.71332,1.00,1.00
2015.07.14 08:59:27.398,0.71325,0.71333,1.12,1.00
2015.07.14 08:59:27.909,0.71326,0.71333,1.00,1.00
2015.07.14 08:59:28.414,0.71326,0.71331,1.37,1.00
2015.07.14 08:59:28.568,0.71323,0.71332,2.25,1.00
2015.07.14 08:59:28.825,0.71324,0.7133,1.00,2.10
2015.07.14 08:59:29.072,0.71318,0.71328,2.25,1.12
2015.07.14 08:59:29.177,0.71315,0.71327,1.50,1.12
2015.07.14 08:59:29.689,0.71316,0.71327,1.00,1.00
2015.07.14 08:59:30.038,0.71315,0.71324,1.12,2.10
2015.07.14 08:59:30.345,0.7131,0.71315,1.00,1.00
2015.07.14 08:59:30.397,0.71307,0.71314,1.00,1.12
2015.07.14 08:59:30.911,0.71306,0.71312,1.50,1.12
2015.07.14 08:59:31.423,0.71306,0.71312,1.00,4.87
2015.07.14 08:59:31.775,0.71304,0.71311,1.00,1.37
2015.07.14 08:59:32.388,0.71306,0.71311,1.00,1.37
2015.07.14 08:59:32.907,0.71305,0.71311,1.00,1.37
2015.07.14 08:59:33.435,0.71306,0.71311,1.00,1.37
2015.07.14 08:59:33.487,0.71302,0.71311,1.17,1.37
2015.07.14 08:59:33.590,0.71301,0.71307,1.00,1.12
2015.07.14 08:59:33.928,0.71296,0.71305,1.10,3.75
2015.07.14 08:59:34.185,0.71298,0.71305,1.00,4.12
2015.07.14 08:59:35.916,0.71299,0.71305,1.00,4.12
2015.07.14 08:59:36.273,0.71299,0.71305,1.00,4.12
2015.07.14 08:59:36.325,0.71299,0.71305,1.00,4.12
2015.07.14 08:59:36.824,0.71301,0.71305,1.00,1.00
2015.07.14 08:59:36.876,0.71301,0.71306,1.00,1.37
2015.07.14 08:59:37.235,0.713,0.71305,1.50,1.37
2015.07.14 08:59:37.541,0.713,0.71305,1.50,1.37
2015.07.14 08:59:38.278,0.713,0.71305,1.50,1.37
2015.07.14 08:59:38.484,0.71301,0.71305,1.00,1.12
2015.07.14 08:59:39.234,0.713,0.71305,1.00,1.37
2015.07.14 08:59:39.714,0.71297,0.71303,1.57,3.75
2015.07.14 08:59:39.766,0.71297,0.71303,1.57,3.75
2015.07.14 08:59:39.869,0.71293,0.71302,1.00,4.12
2015.07.14 08:59:39.921,0.71293,0.71299,1.00,3.75
2015.07.14 08:59:39.973,0.71293,0.71299,1.00,3.75
2015.07.14 08:59:40.025,0.71293,0.71297,1.00,1.00
2015.07.14 08:59:40.128,0.71288,0.71294,1.10,3.75
2015.07.14 08:59:40.432,0.71293,0.71299,1.00,3.75
2015.07.14 08:59:40.485,0.71293,0.71297,1.00,1.00
2015.07.14 08:59:40.536,0.71289,0.71295,1.00,3.75
2015.07.14 08:59:40.792,0.71292,0.71297,1.00,1.37
2015.07.14 08:59:40.843,0.71289,0.71295,1.00,3.75
2015.07.14 08:59:40.894,0.71289,0.71294,1.00,1.37
2015.07.14 08:59:40.946,0.7129,0.71296,1.00,3.75
2015.07.14 08:59:40.998,0.71294,0.71299,1.00,1.37
2015.07.14 08:59:41.051,0.71294,0.71299,1.00,1.37
2015.07.14 08:59:41.346,0.71299,0.71303,2.25,3.37
2015.07.14 08:59:41.398,0.71299,0.71304,2.25,1.37
2015.07.14 08:59:41.450,0.71299,0.71304,1.00,1.37
2015.07.14 08:59:41.503,0.71299,0.71304,1.00,1.37
2015.07.14 08:59:41.812,0.71292,0.71297,1.00,1.37
2015.07.14 08:59:41.916,0.71292,0.71297,1.00,1.37
2015.07.14 08:59:42.078,0.71292,0.71297,1.00,1.37
2015.07.14 08:59:42.590,0.71291,0.71295,1.00,1.00
2015.07.14 08:59:42.744,0.71291,0.71295,1.00,1.00
2015.07.14 08:59:42.796,0.71291,0.71295,1.00,1.00
2015.07.14 08:59:42.847,0.71291,0.71295,1.00,1.00
2015.07.14 08:59:43.058,0.71291,0.71295,1.00,1.00
2015.07.14 08:59:43.262,0.71292,0.71296,1.00,1.00
2015.07.14 08:59:43.314,0.71292,0.71297,1.00,1.37
2015.07.14 08:59:43.365,0.71292,0.71297,1.00,1.37
2015.07.14 08:59:43.417,0.7129,0.71299,1.00,1.37
2015.07.14 08:59:43.519,0.71288,0.71296,1.00,3.75
2015.07.14 08:59:43.827,0.71288,0.71294,1.00,3.75
2015.07.14 08:59:44.137,0.71291,0.71296,1.00,1.37
2015.07.14 08:59:44.240,0.71291,0.71296,1.00,1.37
2015.07.14 08:59:44.291,0.71291,0.71296,1.00,1.37
2015.07.14 08:59:44.447,0.71293,0.71298,2.25,3.37
2015.07.14 08:59:44.499,0.7129,0.71301,1.00,1.37
2015.07.14 08:59:44.551,0.71287,0.71299,1.50,3.75
2015.07.14 08:59:44.857,0.71287,0.71292,1.00,1.37
2015.07.14 08:59:44.959,0.71286,0.71293,1.57,4.12
2015.07.14 08:59:45.147,0.71286,0.7129,1.10,1.00
2015.07.14 08:59:45.251,0.71288,0.71292,2.25,6.00
2015.07.14 08:59:45.302,0.71293,0.71299,1.00,1.00
2015.07.14 08:59:45.405,0.71293,0.71299,1.00,4.12
2015.07.14 08:59:45.457,0.71294,0.71298,1.00,1.00
2015.07.14 08:59:45.509,0.71293,0.71299,1.00,4.12
2015.07.14 08:59:45.560,0.71295,0.713,1.00,1.37
2015.07.14 08:59:45.715,0.71301,0.71306,1.00,1.37
2015.07.14 08:59:45.767,0.71301,0.71306,1.00,1.37
2015.07.14 08:59:45.871,0.71294,0.71306,1.00,1.37
2015.07.14 08:59:46.085,0.71301,0.71306,1.00,1.37
2015.07.14 08:59:46.188,0.7129,0.71302,1.12,3.75
2015.07.14 08:59:46.240,0.71294,0.71302,1.00,1.37
2015.07.14 08:59:46.343,0.7129,0.71303,1.00,1.37
2015.07.14 08:59:46.446,0.71294,0.713,1.00,3.75
2015.07.14 08:59:46.497,0.71293,0.713,1.00,4.12
2015.07.14 08:59:46.548,0.71295,0.71299,1.00,1.00
2015.07.14 08:59:46.856,0.713,0.71306,1.00,4.12
2015.07.14 08:59:47.169,0.71297,0.71306,1.00,4.12
2015.07.14 08:59:47.221,0.71297,0.71307,1.00,1.37
2015.07.14 08:59:47.323,0.71302,0.71309,1.00,4.12
2015.07.14 08:59:47.375,0.71303,0.71309,1.00,4.12
2015.07.14 08:59:47.426,0.71303,0.71309,1.00,4.12
2015.07.14 08:59:47.477,0.71303,0.71309,1.00,4.12
2015.07.14 08:59:47.529,0.71305,0.7131,1.00,1.37
2015.07.14 08:59:47.785,0.71307,0.71311,1.00,1.12
2015.07.14 08:59:48.035,0.71304,0.71311,1.00,1.37
2015.07.14 08:59:48.139,0.71301,0.71307,1.00,3.75
2015.07.14 08:59:48.344,0.71295,0.71303,1.00,1.00
2015.07.14 08:59:48.447,0.71296,0.71302,1.00,3.75
2015.07.14 08:59:48.550,0.71301,0.71305,1.00,3.75
2015.07.14 08:59:48.601,0.713,0.7131,1.00,1.87
2015.07.14 08:59:48.653,0.71294,0.71306,1.50,3.75
2015.07.14 08:59:48.806,0.71293,0.71305,1.00,1.37
2015.07.14 08:59:48.857,0.71298,0.71304,1.00,3.75
2015.07.14 08:59:49.119,0.71293,0.71305,1.00,1.37
2015.07.14 08:59:49.171,0.71301,0.71307,1.00,4.12
2015.07.14 08:59:49.529,0.71299,0.71311,1.00,4.50
2015.07.14 08:59:49.683,0.71296,0.7131,1.00,1.37
2015.07.14 08:59:49.734,0.71296,0.71306,1.00,3.75
2015.07.14 08:59:49.837,0.71294,0.71305,1.00,3.75
2015.07.14 08:59:49.888,0.71299,0.71305,1.00,3.75
2015.07.14 08:59:49.990,0.71298,0.71304,1.00,1.37
2015.07.14 08:59:50.111,0.71299,0.71305,1.00,3.75
2015.07.14 08:59:50.162,0.71303,0.71309,1.00,1.37
2015.07.14 08:59:50.215,0.71298,0.71309,1.00,1.87
2015.07.14 08:59:50.268,0.71298,0.71308,1.00,3.75
2015.07.14 08:59:50.575,0.71297,0.71305,1.00,1.37
2015.07.14 08:59:50.883,0.71296,0.71304,1.00,4.87
2015.07.14 08:59:50.987,0.71291,0.71301,1.00,1.50
2015.07.14 08:59:51.178,0.71289,0.71298,1.00,4.50
2015.07.14 08:59:51.435,0.71292,0.71304,1.50,3.75
2015.07.14 08:59:51.641,0.71292,0.71306,1.12,4.12
2015.07.14 08:59:51.795,0.71294,0.71306,1.00,4.12
2015.07.14 08:59:51.847,0.71296,0.71309,1.00,1.37
2015.07.14 08:59:52.046,0.713,0.71311,1.00,1.37
2015.07.14 08:59:52.149,0.71302,0.71315,1.00,1.37
2015.07.14 08:59:52.200,0.71299,0.71315,1.37,1.37
2015.07.14 08:59:52.253,0.71301,0.71317,1.37,1.37
2015.07.14 08:59:52.560,0.71306,0.71322,1.37,1.37
2015.07.14 08:59:52.953,0.71309,0.71324,1.37,1.12
2015.07.14 08:59:53.262,0.71303,0.71319,1.37,1.37
2015.07.14 08:59:53.571,0.71306,0.7132,1.00,1.00
2015.07.14 08:59:53.966,0.7131,0.71324,4.12,1.87
2015.07.14 08:59:54.274,0.7131,0.7132,4.12,1.00
2015.07.14 08:59:54.472,0.7131,0.71323,4.12,1.00
2015.07.14 08:59:54.575,0.7131,0.7132,4.12,1.00
2015.07.14 08:59:54.882,0.7131,0.71323,4.12,1.00
2015.07.14 08:59:54.985,0.7131,0.7132,4.12,1.00
2015.07.14 08:59:55.192,0.71312,0.71322,1.37,1.00
2015.07.14 08:59:55.243,0.71291,0.71322,1.00,1.00
2015.07.14 08:59:55.448,0.71294,0.71324,1.00,1.00
2015.07.14 08:59:55.958,0.71294,0.71323,1.00,1.00
2015.07.14 08:59:56.308,0.71296,0.71325,1.00,1.50
2015.07.14 08:59:56.410,0.71287,0.71328,1.67,1.00
2015.07.14 08:59:56.564,0.71283,0.71321,1.30,1.00
2015.07.14 08:59:56.822,0.71268,0.71299,1.50,1.00
2015.07.14 08:59:56.924,0.71271,0.71299,1.00,1.00
2015.07.14 08:59:57.110,0.71271,0.71312,1.00,1.00
2015.07.14 08:59:57.316,0.71275,0.71315,1.00,1.00
2015.07.14 08:59:57.928,0.71274,0.71315,1.00,1.00
2015.07.14 08:59:58.579,0.71276,0.71315,1.00,1.00
2015.07.14 08:59:58.886,0.71274,0.71315,1.00,1.00
2015.07.14 08:59:58.989,0.71276,0.71325,1.00,1.50
2015.07.14 08:59:59.508,0.71275,0.71325,1.00,1.00
